Symbol,Price~,"Exp Date",DTE,Type,Strike,Moneyness,Bid,Latest,Ask,Volume,"Open Int",Vol/OI,"Imp Vol",IV,Delta,Time
TSLA,353.89,2026-09-30,0,Call,347.50,+1.15%,6.1,6.2,6.3,74531,329,226.54,42.16%,18.02%,0.970078,"13:55 ET"
TSLA,353.89,2026-09-30,0,Call,350.00,+0.44%,3.75,3.8,3.9,194941,1220,159.79,42.16%,16.47%,0.888935,"13:55 ET"
MSFT,518.89,2026-09-30,0,Put,517.50,+0.12%,0.67,0.7,0.71,24871,180,138.17,30.28%,11.32%,-0.339383,"13:54 ET"
GOOGL,350.02,2026-09-30,0,Put,350.00,-0.02%,0.82,0.81,0.9,26922,302,89.15,33.63%,12.31%,-0.487331,"13:54 ET"
EQT,48.95,2026-11-20,51,Put,52.50,+7.27%,4.45,4.43,4.75,14721,217,67.84,31.18%,33.63%,-0.685877,"13:00 ET"
CRWV,86.97,2026-10-23,23,Call,106.00,-22.27%,1.39,1.4,1.48,6171,109,56.61,76.70%,75.43%,0.175714,"13:32 ET"
MSFT,518.89,2026-09-30,0,Put,520.00,+0.60%,1.88,1.91,1.96,5553,101,54.98,30.28%,11.09%,-0.661642,"13:54 ET"
TSLA,353.89,2026-09-30,0,Call,352.50,-0.27%,1.75,1.79,1.79,183278,3629,50.5,42.16%,14.92%,0.665828,"13:55 ET"
AAPL,336.26,2026-09-30,0,Put,335.00,-0.24%,0.16,0.17,0.17,151053,3066,49.27,24.69%,10.13%,-0.173177,"13:55 ET"
AMD,607.35,2026-09-30,0,Call,602.50,+0.38%,5,5,5.35,10915,224,48.73,53.37%,20.15%,0.749144,"13:54 ET"
GOOGL,350.02,2026-09-30,0,Put,352.50,+0.70%,2.53,2.72,2.72,7399,153,48.36,33.63%,13.00%,-0.849779,"13:50 ET"
PACB,2.3465,2026-12-18,79,Call,3.0000,-27.12%,0.25,0.27,0.3,13233,284,46.6,108.91%,109.82%,0.415255,"13:54 ET"
MSFT,518.89,2026-09-30,0,Put,515.00,-0.36%,0.19,0.21,0.21,28288,616,45.92,30.28%,12.11%,-0.123448,"13:54 ET"
TSLA,353.89,2026-09-30,0,Call,345.00,+1.86%,8.5,8.58,8.8,22155,489,45.31,42.16%,19.61%,0.992621,"13:54 ET"
AAPL,336.26,2026-09-30,0,Put,340.00,+1.25%,3.1,3.39,3.55,13147,292,45.02,24.69%,11.32%,-0.959972,"13:54 ET"
INTC,119.44,2026-09-30,0,Put,119.00,-0.25%,0.59,0.62,0.63,21537,484,44.5,69.34%,35.49%,-0.389052,"13:55 ET"
GOOGL,350.02,2026-09-30,0,Put,347.50,-0.73%,0.15,0.16,0.17,18224,418,43.6,33.63%,12.88%,-0.134871,"13:55 ET"
NBIS,238.05,2026-10-09,9,Call,242.50,-1.98%,9.5,9.72,10.05,6488,153,42.41,83.09%,77.55%,0.469804,"13:53 ET"
TSLA,353.89,2026-10-05,5,Call,377.50,-7.38%,0.78,0.79,0.81,16001,379,42.22,42.16%,42.12%,0.098547,"13:55 ET"
F,12.03,2026-11-06,37,Put,11.50,-4.33%,0.34,0.37,0.41,4881,118,41.36,37.69%,40.38%,-0.338837,"12:56 ET"
GOOGL,350.02,2026-10-07,7,Call,365.00,-4.27%,1.29,1.34,1.44,4142,104,39.83,33.63%,30.87%,0.173192,"13:54 ET"
CBRS,180.4,2026-10-16,16,Call,180.00,-0.40%,10.1,10.5,10.8,4951,125,39.61,74.03%,68.74%,0.532782,"13:54 ET"
MSFT,518.89,2026-09-30,0,Call,517.50,-0.12%,1.84,1.9,1.98,52079,1328,39.22,30.28%,10.94%,0.666668,"13:54 ET"
AAPL,336.26,2026-09-30,0,Put,337.50,+0.51%,1.16,1.18,1.2,77315,2108,36.68,24.69%,9.68%,-0.691361,"13:54 ET"
CIFR,16.09,2026-10-23,23,Call,21.50,-33.96%,0.24,0.26,0.27,4000,113,35.4,95.09%,96.83%,0.141793,"11:05 ET"
CRWV,86.97,2026-10-23,23,Call,107.00,-23.43%,1.28,1.31,1.36,8133,231,35.21,76.70%,75.62%,0.163946,"13:29 ET"
AMZN,250.84,2026-10-02,2,Put,262.50,+4.71%,10.9,11.35,11.55,4976,150,33.17,34.90%,25.17%,-0.998455,"13:49 ET"
UCTT,81.41,2026-10-16,16,Call,90.00,-10.96%,2.35,2.36,2.5,5015,152,32.99,85.82%,80.04%,0.304053,"13:39 ET"
BAC,54.54,2026-10-30,30,Put,50.00,-8.27%,0.38,0.39,0.4,9786,297,32.95,28.52%,31.00%,-0.149312,"13:49 ET"
TSLA,353.89,2026-10-02,2,Call,347.50,+1.15%,8.95,8.91,9.05,10019,328,30.55,42.16%,51.57%,0.685256,"13:54 ET"
MARA,11.65,2026-10-30,30,Put,9.50,-18.45%,0.22,0.23,0.24,4781,166,28.8,81.04%,77.88%,-0.153568,"13:17 ET"
META,733.17,2026-09-30,0,Put,727.50,-0.74%,0.43,0.45,0.5,14880,566,26.29,41.79%,16.95%,-0.140439,"13:54 ET"
TSLA,353.89,2026-09-30,0,Put,350.00,-0.44%,0.15,0.16,0.16,176043,7765,22.67,42.16%,16.22%,-0.107794,"13:55 ET"
FRMI,4.34,2026-10-02,2,Call,4.50,-3.93%,0.15,0.15,0.2,17160,759,22.61,103.34%,194.02%,0.419594,"13:53 ET"
ECHO,89.37,2026-11-20,51,Call,105.00,-17.33%,1.7,1.96,1.95,4774,217,22,44.17%,47.42%,0.218272,"12:11 ET"
CPNG,13.78,2027-03-19,170,Call,24.00,-74.55%,0.17,0.17,0.29,2146,100,21.46,50.78%,54.85%,0.107451,"12:52 ET"
AMD,607.35,2026-09-30,0,Call,607.50,-0.45%,2.3,2.3,2.35,9605,448,21.44,53.37%,21.44%,0.456216,"13:55 ET"
TLN,315.75,2027-01-15,107,Call,300.00,+4.10%,43.3,43.44,48.6,2500,118,21.19,53.57%,52.62%,0.647164,"12:11 ET"
MSFT,518.89,2026-09-30,0,Call,520.00,-0.60%,0.61,0.63,0.64,103819,4960,20.93,30.28%,10.58%,0.333033,"13:54 ET"
TSLA,353.89,2026-09-30,0,Call,355.00,-0.98%,0.6,0.61,0.62,143961,7098,20.28,42.16%,15.77%,0.323909,"13:55 ET"
INTC,119.44,2026-10-07,7,Call,118.00,+1.09%,4.85,4.95,5.25,3196,162,19.73,69.34%,63.48%,0.580705,"13:34 ET"
FDS,266.88,2026-10-16,16,Call,260.00,+3.24%,13.3,15.03,16.3,2117,110,19.25,44.89%,49.03%,0.625308,"13:43 ET"
TSLA,353.89,2026-10-05,5,Call,350.00,+0.44%,8.35,8.36,8.45,3017,163,18.51,42.16%,38.44%,0.60388,"13:54 ET"
FCX,71,2026-10-09,9,Call,76.00,-6.88%,0.52,0.57,0.63,5921,320,18.5,48.46%,48.59%,0.197727,"13:30 ET"
NVDA,230.4,2026-09-30,0,Put,230.00,-0.09%,0.46,0.47,0.47,228682,12607,18.14,34.15%,12.68%,-0.419574,"13:55 ET"
GLW,154.07,2026-12-18,79,Call,140.00,+8.65%,23.85,24.4,25.3,10008,558,17.94,58.76%,58.45%,0.696847,"13:07 ET"
VSAT,70.92,2027-01-15,107,Call,135.00,-91.38%,1,1.25,1.4,6090,341,17.86,74.44%,77.99%,0.099682,"13:49 ET"
META,733.17,2026-09-30,0,Call,732.50,+0.05%,3.45,3.6,3.6,17337,1004,17.27,41.79%,16.08%,0.624627,"13:54 ET"
MRK,146.82,2026-10-30,30,Call,160.00,-9.02%,1.87,1.98,2.05,2269,135,16.81,33.20%,37.14%,0.22762,"13:11 ET"
GOOGL,350.02,2026-09-30,0,Call,352.50,-0.70%,0.18,0.19,0.19,40460,2440,16.58,33.63%,12.91%,0.152065,"13:55 ET"
AMZN,250.84,2026-10-02,2,Put,257.50,+2.72%,6.75,6.8,6.95,7568,459,16.49,34.90%,33.88%,-0.836899,"13:46 ET"
MTDR,52.01,2026-11-20,51,Call,57.50,-9.94%,1.3,1.25,1.65,1670,102,16.37,44.50%,43.41%,0.298946,"11:52 ET"
TSLA,353.89,2026-10-02,2,Call,350.00,+0.44%,7.3,7.35,7.45,30070,1837,16.37,42.16%,51.24%,0.616505,"13:55 ET"
PFE,28.88,2026-10-09,9,Put,28.50,-1.38%,0.21,0.23,0.25,2874,176,16.33,25.11%,20.86%,-0.353441,"13:46 ET"
CEPU,12.26,2027-01-15,107,Put,10.00,-17.15%,0.25,0.9,0.9,2730,172,15.87,89.01%,56.71%,-0.225458,"11:01 ET"
TLN,315.75,2027-01-15,107,Call,330.00,-5.50%,28.9,30.04,34.5,2502,158,15.84,53.57%,52.13%,0.516275,"12:11 ET"
META,733.17,2026-09-30,0,Call,740.00,-0.97%,0.71,0.73,0.73,50427,3183,15.84,41.79%,17.12%,0.19866,"13:54 ET"
AMD,607.35,2026-09-30,0,Put,602.50,-0.38%,1.05,1.1,1.15,12081,776,15.57,53.37%,21.54%,-0.265017,"13:54 ET"
META,733.17,2026-09-30,0,Call,735.00,-0.29%,2.27,2.29,2.3,38213,2462,15.52,41.79%,16.84%,0.46587,"13:54 ET"
NVDA,230.4,2026-09-30,0,Put,232.50,+1.00%,2.19,2.36,2.36,24792,1609,15.41,34.15%,13.97%,-0.907487,"13:55 ET"
META,733.17,2026-09-30,0,Put,732.50,-0.05%,1.68,1.67,1.75,11561,751,15.39,41.79%,16.83%,-0.38123,"13:54 ET"
GEO,30.64,2026-10-16,16,Call,34.00,-10.89%,0.25,0.27,0.35,6555,438,14.97,57.28%,50.76%,0.178489,"13:46 ET"
META,733.17,2026-09-30,0,Put,735.00,+0.29%,2.83,2.84,3.05,18277,1222,14.96,41.79%,17.31%,-0.534057,"13:54 ET"
META,733.17,2026-11-06,37,Call,800.00,-9.16%,20.05,20.8,20.8,4180,280,14.93,41.79%,46.33%,0.315019,"13:21 ET"
B,40.88,2026-11-20,51,Call,44.00,-7.76%,1.35,1.4,1.46,4716,316,14.92,40.96%,42.41%,0.350832,"13:46 ET"
META,733.17,2026-09-30,0,Put,730.00,-0.39%,0.87,0.93,0.95,22008,1476,14.91,41.79%,16.65%,-0.241665,"13:54 ET"
SNOW,345.38,2026-10-09,9,Call,360.00,-4.73%,4.4,4.7,5,1578,106,14.89,48.99%,49.12%,0.292991,"13:45 ET"
AMD,607.35,2026-09-30,0,Call,610.00,-0.86%,1.37,1.43,1.46,15252,1040,14.67,53.37%,21.81%,0.319033,"13:55 ET"
AMD,607.35,2026-09-30,0,Call,605.00,-0.03%,3.45,3.6,3.65,19488,1329,14.66,53.37%,20.71%,0.606039,"13:54 ET"
AMZN,250.84,2026-09-30,0,Put,250.00,-0.28%,0.15,0.15,0.16,62221,4255,14.62,34.90%,10.69%,-0.198898,"13:54 ET"
NVDA,230.4,2026-10-07,7,Put,230.00,-0.09%,3.4,3.4,3.5,6915,474,14.59,34.15%,28.76%,-0.474399,"13:55 ET"
INTC,119.44,2026-09-30,0,Put,117.00,-1.93%,0.11,0.12,0.13,25336,1738,14.58,69.34%,35.12%,-0.112437,"13:54 ET"
LVS,38.12,2026-10-02,2,Put,38.50,+0.97%,0.7,0.75,0.8,1556,107,14.54,37.25%,47.45%,-0.605456,"13:46 ET"
GOOGL,350.02,2026-09-30,0,Call,350.00,+0.02%,0.87,0.91,0.91,43180,3026,14.27,33.63%,11.77%,0.514482,"13:55 ET"
NVO,38.3,2026-10-16,16,Put,38.50,+0.63%,1.01,0.98,1.06,7544,545,13.84,35.41%,28.28%,-0.53111,"13:09 ET"
META,733.17,2026-09-30,0,Call,730.00,+0.39%,5.25,5.34,5.45,29788,2158,13.8,41.79%,16.83%,0.756513,"13:54 ET"
TSLA,353.89,2026-10-09,9,Call,347.50,+1.15%,12.5,12.55,12.65,2142,156,13.73,42.16%,40.91%,0.625158,"13:53 ET"
META,733.17,2026-09-30,0,Put,737.50,+0.63%,4.35,4.85,4.8,4034,300,13.45,41.79%,18.09%,-0.671411,"13:52 ET"
LLY,1178.36,2026-10-02,2,Call,"1,220.00",-2.83%,1.8,2.03,2.25,3939,300,13.13,37.21%,40.18%,0.119178,"13:55 ET"
INTC,119.44,2026-09-30,0,Call,120.00,-0.59%,0.7,0.71,0.72,73855,5700,12.96,69.34%,36.06%,0.433155,"13:55 ET"
CLF,11.32,2026-10-23,23,Call,12.50,-10.42%,0.32,0.34,0.43,3159,244,12.95,64.77%,70.07%,0.318067,"12:47 ET"
AMZN,250.84,2026-09-30,0,Put,252.50,+0.72%,1.39,1.43,1.46,14608,1132,12.9,34.90%,9.63%,-0.858179,"13:54 ET"
WMT,105.35,2027-12-17,443,Call,160.00,-51.73%,1.94,2.08,2.23,2010,159,12.64,27.43%,27.98%,0.142472,"13:34 ET"
NVDA,230.4,2026-09-30,0,Call,232.50,-1.00%,0.11,0.11,0.12,374670,29661,12.63,34.15%,15.72%,0.123786,"13:55 ET"
AMD,607.35,2026-09-30,0,Put,597.50,-1.21%,0.27,0.32,0.33,7481,593,12.62,53.37%,22.22%,-0.091605,"13:54 ET"
SNDK,1734.5,2026-10-02,2,Call,"1,740.00",-0.50%,46.6,46.4,47.2,3126,248,12.6,72.30%,96.80%,0.496436,"13:54 ET"
ALLY,37.33,2026-10-16,16,Call,39.00,-5.12%,0.25,0.42,0.4,6686,534,12.52,31.32%,29.28%,0.246424,"11:44 ET"
MSFT,518.89,2026-09-30,0,Call,515.00,+0.36%,3.7,4.1,4.05,31763,2538,12.51,30.28%,10.41%,0.911045,"13:53 ET"
CART,43.35,2026-11-20,51,Put,42.00,-3.18%,2.15,2.2,2.3,2004,161,12.45,43.99%,46.14%,-0.385548,"12:32 ET"
SDRL,45.49,2026-10-16,16,Call,50.00,-10.16%,0.3,0.3,0.35,1938,156,12.42,44.43%,42.57%,0.158782,"13:20 ET"
INTC,119.44,2026-10-09,9,Call,129.00,-8.13%,1.92,1.95,2.02,2217,179,12.39,69.34%,69.34%,0.263207,"13:52 ET"
AVGO,353.74,2026-09-30,0,Put,352.50,-0.07%,0.78,0.84,0.86,9520,769,12.38,36.71%,17.06%,-0.375895,"13:54 ET"
CMCSA,21.87,2027-12-17,443,Call,25.00,-14.52%,1.9,2.15,2.25,2123,172,12.34,35.32%,35.94%,0.408103,"13:13 ET"
AMD,607.35,2026-09-30,0,Call,612.50,-1.27%,0.77,0.81,0.85,11326,918,12.34,53.37%,22.17%,0.206797,"13:55 ET"
CCL,24.75,2027-06-17,260,Call,22.00,+11.29%,5.1,5.45,5.55,1316,107,12.3,39.84%,47.34%,0.691342,"12:44 ET"
META,733.17,2026-09-30,0,Put,725.00,-1.08%,0.2,0.2,0.23,22440,1833,12.24,41.79%,17.16%,-0.073332,"13:54 ET"
NVDA,230.4,2026-10-05,5,Put,242.50,+5.34%,11.85,12.17,12.65,1301,107,12.16,34.15%,24.13%,-0.972924,"13:19 ET"
AMZN,250.84,2026-11-06,37,Call,270.00,-7.70%,5.9,6,6.15,3174,261,12.16,34.90%,39.48%,0.315298,"13:48 ET"
GOOGL,350.02,2026-10-05,5,Call,365.00,-4.27%,0.69,0.9,0.79,3574,298,11.99,33.63%,30.04%,0.123272,"13:10 ET"
META,733.17,2026-09-30,0,Call,742.50,-1.31%,0.39,0.38,0.4,9846,824,11.95,41.79%,17.77%,0.119014,"13:54 ET"
TGS,26.04,2027-01-15,107,Put,22.50,-13.03%,0.65,0.51,1.1,1950,164,11.89,49.63%,38.86%,-0.239874,"10:12 ET"
AAPL,336.26,2026-09-30,0,Call,337.50,-0.51%,0.33,0.33,0.34,172907,14542,11.89,24.69%,9.62%,0.310507,"13:55 ET"
CIFR,16.09,2026-10-09,9,Put,15.50,-3.43%,0.6,0.61,0.64,5485,465,11.8,95.09%,88.29%,-0.372637,"13:48 ET"
GOOGL,350.02,2026-09-30,0,Call,347.50,+0.73%,2.61,2.7,2.86,17747,1535,11.56,33.63%,12.99%,0.86336,"13:55 ET"
FSLR,177.16,2028-06-16,625,Put,160.00,-9.09%,31.15,31.59,32.05,1501,131,11.46,55.91%,52.14%,-0.289162,"12:57 ET"
HOOD,113.04,2026-10-02,2,Call,115.00,-1.63%,1.47,1.5,1.5,12672,1109,11.43,61.43%,72.05%,0.369474,"13:54 ET"
TSLA,353.89,2026-09-30,0,Call,357.50,-1.69%,0.19,0.19,0.2,44942,3941,11.4,42.16%,17.74%,0.121684,"13:55 ET"
KNX,64.25,2026-10-16,16,Call,70.00,-8.59%,0.2,0.46,0.6,5625,497,11.32,39.95%,38.21%,0.154494,"11:27 ET"
META,733.17,2026-09-30,0,Call,727.50,+0.74%,7.1,6.85,7.65,9537,865,11.03,41.79%,16.84%,0.861443,"13:54 ET"
KLAR,12.44,2026-11-20,51,Put,10.00,-19.35%,0.15,0.19,0.2,2428,221,10.99,51.36%,56.43%,-0.122915,"13:41 ET"
JEF,45.88,2027-03-19,170,Put,37.50,-18.18%,1.6,1.7,1.85,1100,101,10.89,40.45%,43.11%,-0.197839,"13:44 ET"
DIS,105.47,2026-10-30,30,Call,112.00,-6.39%,0.82,0.9,0.93,1428,135,10.58,29.27%,24.87%,0.211974,"13:36 ET"
NVDA,230.4,2026-10-07,7,Call,242.50,-5.34%,0.37,0.39,0.4,2423,230,10.53,34.15%,27.66%,0.094636,"13:54 ET"
CBRS,180.4,2026-10-02,2,Call,190.00,-5.97%,1.2,1.25,1.4,1079,103,10.48,74.03%,86.12%,0.207119,"13:51 ET"
GOOGL,350.02,2026-10-05,5,Put,340.00,-2.87%,1.08,1.13,1.14,2068,198,10.44,33.63%,27.80%,-0.177665,"13:55 ET"
META,733.17,2026-09-30,0,Call,745.00,-1.65%,0.2,0.21,0.22,20657,1993,10.36,41.79%,18.41%,0.068122,"13:54 ET"
AMZN,250.84,2026-09-30,0,Call,252.50,-0.72%,0.16,0.16,0.17,108326,10577,10.24,34.90%,11.73%,0.195033,"13:55 ET"
BRK.B,501.05,2026-10-09,9,Call,505.00,-0.94%,2.79,2.96,3.15,2363,231,10.23,15.88%,14.20%,0.384526,"13:50 ET"
SAIL,20.75,2026-10-16,16,Put,17.50,-15.42%,0.15,0.15,0.25,2908,288,10.1,65.11%,73.24%,-0.119859,"13:41 ET"
HOOD,113.04,2026-10-02,2,Call,114.00,-0.75%,1.82,1.86,1.86,6776,671,10.1,61.43%,71.28%,0.431772,"13:54 ET"
AGNC,9.14,2026-10-09,9,Put,9.00,-1.42%,0.1,0.11,0.12,7789,775,10.05,27.94%,28.55%,-0.3774,"13:52 ET"
INTC,119.44,2026-09-30,0,Call,119.00,+0.25%,1.16,1.11,1.19,46280,4626,10,69.34%,33.99%,0.615697,"13:54 ET"
TSLA,353.89,2026-10-02,2,Call,352.50,-0.27%,5.9,5.95,6.05,13198,1322,9.98,42.16%,51.36%,0.543179,"13:55 ET"
VERI,1.225,2026-11-20,51,Put,1.0000,-19.03%,0.1,0.1,0.15,1085,110,9.86,138.48%,135.56%,-0.25366,"13:22 ET"
HOOD,113.04,2026-10-02,2,Call,116.00,-2.52%,1.18,1.16,1.2,8450,865,9.77,61.43%,72.90%,0.312344,"13:54 ET"
INTC,119.44,2026-09-30,0,Call,122.00,-2.26%,0.22,0.22,0.24,22282,2287,9.74,69.34%,40.16%,0.173252,"13:55 ET"
PACB,2.3465,2026-12-18,79,Call,2.0000,+15.25%,0.55,0.62,0.65,40439,4156,9.73,108.91%,99.84%,0.722035,"13:30 ET"
AAPL,336.26,2026-09-30,0,Call,335.00,+0.24%,1.76,1.79,1.84,114126,11968,9.54,24.69%,9.51%,0.842408,"13:54 ET"
AMD,607.35,2026-09-30,0,Put,605.00,+0.03%,1.84,1.95,2,9943,1044,9.52,53.37%,21.42%,-0.397815,"13:54 ET"
APLD,24.59,2026-10-09,9,Put,24.50,-0.33%,1.7,1.73,1.77,1407,148,9.51,90.31%,116.47%,-0.45439,"13:44 ET"
AMZN,250.84,2026-10-02,2,Call,242.50,+3.27%,8.95,9.3,9.4,8619,926,9.31,34.90%,41.51%,0.877577,"13:49 ET"
TSLA,353.89,2026-09-30,0,Call,342.50,+2.57%,10.7,10.05,12.05,2565,277,9.26,42.16%,40.97%,0.935383,"13:47 ET"
ARM,287.7,2026-10-02,2,Call,297.50,-4.06%,3.2,3.25,3.35,2110,231,9.13,73.28%,83.34%,0.300357,"13:54 ET"
TSLA,353.89,2026-10-02,2,Call,345.00,+1.86%,10.7,10.77,10.85,6541,718,9.11,42.16%,51.73%,0.748445,"13:54 ET"
NU,12.45,2026-10-16,16,Call,13.00,-4.84%,0.29,0.32,0.31,49345,5444,9.06,51.46%,47.32%,0.371015,"13:52 ET"
UUUU,11.02,2028-01-21,478,Put,5.00,-54.50%,0.52,0.52,0.74,948,105,9.03,68.87%,81.43%,-0.08616,"13:23 ET"
HPE,64.92,2026-10-16,16,Call,68.00,-4.45%,2.14,2.44,2.27,1966,220,8.94,62.43%,63.22%,0.391415,"12:33 ET"
CART,43.35,2026-11-20,51,Call,50.00,-15.26%,0.95,1.05,1.05,2017,228,8.85,43.99%,46.91%,0.242408,"12:32 ET"
AG,17.75,2027-09-17,352,Call,22.00,-23.80%,3,3.12,3.25,4171,472,8.84,60.08%,62.50%,0.503931,"11:48 ET"
AMD,607.35,2026-09-30,0,Call,615.00,-1.69%,0.45,0.43,0.49,12869,1464,8.79,53.37%,23.03%,0.1299,"13:54 ET"
TSLA,353.89,2026-09-30,0,Put,352.50,+0.27%,0.62,0.64,0.64,54465,6200,8.78,42.16%,15.23%,-0.337978,"13:55 ET"
CBRS,180.4,2026-10-02,2,Put,175.00,-2.39%,2,2.08,2.3,3337,385,8.67,74.03%,79.80%,-0.306466,"13:53 ET"
GLW,154.07,2026-12-18,79,Put,105.00,-31.48%,1.25,1.39,1.6,6006,703,8.54,58.76%,61.57%,-0.065629,"13:31 ET"
BAC,54.54,2026-10-09,9,Call,56.00,-2.73%,0.29,0.28,0.3,8860,1040,8.52,28.52%,23.65%,0.248917,"13:54 ET"
BABA,108.08,2026-10-23,23,Call,109.00,-1.07%,3.4,3.95,3.6,1028,122,8.43,38.72%,36.63%,0.478194,"10:23 ET"
BABA,108.08,2026-10-09,9,Call,112.00,-3.85%,1.02,1.04,1.09,3493,417,8.38,38.72%,37.34%,0.277757,"13:46 ET"
BRK.B,501.05,2026-10-09,9,Call,510.00,-1.94%,1.2,1.24,1.65,2380,286,8.32,15.88%,13.94%,0.22677,"13:34 ET"
AGNC,9.14,2026-10-30,30,Put,9.00,-1.42%,0.27,0.27,0.29,10078,1217,8.28,27.94%,32.23%,-0.426997,"13:48 ET"
BXMT,11.5,2027-01-15,107,Put,11.00,-5.01%,0.45,0.5,0.85,1000,122,8.2,33.28%,30.15%,-0.420599,"11:08 ET"
TLN,315.75,2027-01-15,107,Call,310.00,+0.90%,38,42,44.1,2502,308,8.12,53.57%,52.89%,0.603604,"13:50 ET"
HOOD,113.04,2026-10-09,9,Call,118.00,-4.29%,2.26,2.3,2.3,3493,436,8.01,61.43%,60.42%,0.337794,"13:54 ET"
AVGO,353.74,2026-10-09,9,Put,352.50,-0.07%,7.05,7.12,7.2,2769,346,8,36.71%,34.87%,-0.46497,"13:53 ET"
PCT,4.4,2029-01-19,842,Call,12.00,-174.60%,1.3,1.32,1.4,922,117,7.88,98.86%,93.02%,0.528732,"13:10 ET"
ACN,182.72,2026-10-16,16,Call,185.00,-0.56%,7.5,7.8,8.3,2390,304,7.86,51.94%,56.93%,0.491661,"13:44 ET"
U,41.65,2026-10-16,16,Put,39.00,-6.18%,0.8,0.82,0.89,2040,260,7.85,64.95%,55.87%,-0.268023,"13:28 ET"
INTC,119.44,2026-09-30,0,Call,118.00,+1.09%,1.83,1.73,1.87,35135,4538,7.74,69.34%,32.89%,0.787346,"13:54 ET"
TSM,458.08,2027-12-17,443,Call,460.00,-0.28%,87.95,88.45,88.65,2505,329,7.61,34.41%,40.72%,0.617938,"13:50 ET"
GOOGL,350.02,2028-01-21,478,Put,235.00,-32.87%,7.95,7.96,8.3,3000,394,7.61,33.63%,36.23%,-0.099611,"11:33 ET"
AU,94.14,2026-12-18,79,Call,95.00,-1.06%,6.5,9,9.3,850,112,7.59,49.23%,48.12%,0.523798,"11:40 ET"
AVGO,353.74,2026-09-30,0,Call,357.50,-1.35%,0.2,0.22,0.24,13038,1721,7.58,36.71%,19.00%,0.127033,"13:54 ET"
SNDK,1734.5,2026-10-02,2,Call,"1,735.00",-0.21%,49,49.2,49.5,1330,176,7.56,72.30%,96.74%,0.51245,"13:55 ET"
MDB,354.72,2026-10-02,2,Call,365.00,-3.54%,3,3.75,4.2,950,126,7.54,57.96%,75.57%,0.296474,"13:33 ET"
MNKD,3.76,2026-11-20,51,Call,4.00,-7.24%,0.3,0.35,0.5,2648,352,7.52,81.50%,80.64%,0.511742,"12:25 ET"
RCAT,6.51,2026-11-20,51,Call,7.00,-8.19%,0.62,0.62,0.64,5877,782,7.52,82.58%,84.37%,0.475237,"13:54 ET"
F,12.03,2026-10-16,16,Put,11.50,-4.33%,0.12,0.13,0.13,924,123,7.51,37.69%,32.93%,-0.245203,"13:53 ET"
AA,42.22,2028-01-21,478,Put,17.50,-58.49%,0.37,0.39,0.44,2622,351,7.47,50.00%,52.22%,-0.03258,"12:03 ET"
AVGO,353.74,2026-09-30,0,Call,352.50,+0.07%,1.79,1.81,1.84,4324,580,7.46,36.71%,17.29%,0.623068,"13:53 ET"
TSLA,353.89,2026-10-07,7,Put,347.50,-1.15%,4.85,4.8,5,1013,136,7.45,42.16%,39.72%,-0.360685,"13:49 ET"
PYPL,52.72,2026-10-09,9,Put,53.00,+0.51%,1.23,1.3,1.36,1556,209,7.44,40.80%,35.66%,-0.519289,"13:04 ET"
MSFT,518.89,2026-09-30,0,Call,522.50,-1.09%,0.14,0.16,0.16,39865,5358,7.44,30.28%,11.03%,0.105588,"13:54 ET"
AMZN,250.84,2026-10-02,2,Put,260.00,+3.71%,8.6,9.09,9.2,8340,1130,7.38,34.90%,26.62%,-0.963221,"13:53 ET"
TSLA,353.89,2026-10-16,16,Call,347.50,+1.15%,15.5,15.49,15.65,777,107,7.26,42.16%,40.75%,0.605454,"13:53 ET"
SMCI,40.73,2026-10-30,30,Call,41.00,-0.91%,3.15,3.17,3.3,1449,202,7.17,75.79%,71.50%,0.530961,"13:21 ET"
JPM,332.49,2026-10-09,9,Call,335.00,-0.84%,3.1,3.3,3.5,1093,153,7.14,26.91%,20.88%,0.422187,"13:43 ET"
KDP,30.58,2026-11-20,51,Call,32.00,-4.44%,0.8,0.99,1,754,106,7.11,30.97%,32.27%,0.375829,"12:53 ET"
PBF,79.48,2026-10-16,16,Call,82.50,-4.38%,3.4,3.35,3.8,1012,145,6.98,73.89%,74.18%,0.432236,"13:08 ET"
AAPL,336.26,2026-10-02,2,Put,337.50,+0.51%,2.99,3.1,3.1,12694,1830,6.94,24.69%,26.31%,-0.545797,"13:54 ET"
MRNA,191.22,2026-10-02,2,Call,192.50,-0.97%,4.5,4.6,4.75,1171,170,6.89,90.24%,96.69%,0.462561,"13:52 ET"
INTC,119.44,2026-09-30,0,Put,118.00,-1.09%,0.27,0.28,0.29,22238,3235,6.87,69.34%,34.57%,-0.223999,"13:54 ET"
GOOGL,350.02,2026-10-07,7,Call,350.00,+0.02%,5.6,5.85,6,2312,338,6.84,33.63%,29.28%,0.515961,"13:39 ET"
WMT,105.35,2026-10-16,16,Put,107.00,+1.47%,2.78,2.82,2.86,2995,439,6.82,27.43%,22.06%,-0.616522,"13:53 ET"
SNDK,1734.5,2026-10-02,2,Call,"1,745.00",-0.79%,44.4,44.17,45,1205,178,6.77,72.30%,96.99%,0.480561,"13:53 ET"
TSLA,353.89,2026-10-02,2,Call,340.00,+3.29%,14.55,15.1,15,5662,844,6.71,42.16%,52.33%,0.850648,"13:52 ET"
CIFR,16.09,2026-10-09,9,Put,16.00,-0.31%,0.84,0.85,0.89,5366,805,6.67,95.09%,89.22%,-0.461742,"13:47 ET"
HPE,64.92,2026-10-09,9,Call,66.00,-1.38%,2.11,2.24,2.25,790,120,6.58,62.43%,65.14%,0.458322,"13:50 ET"
META,733.17,2026-10-02,2,Call,727.50,+0.74%,13.55,13.65,14.1,2317,352,6.58,41.79%,46.06%,0.617053,"13:53 ET"
TSLA,353.89,2026-10-07,7,Call,352.50,-0.27%,8.35,8.8,8.7,899,137,6.56,42.16%,40.07%,0.539282,"13:52 ET"
BROS,38.72,2026-11-20,51,Call,55.00,-42.30%,0.3,0.4,0.45,775,119,6.51,56.86%,64.35%,0.094513,"12:13 ET"
RH,121.62,2029-01-19,842,Put,65.00,-46.48%,12.5,12.85,13.2,675,104,6.49,59.25%,71.37%,-0.116212,"13:36 ET"
FSLY,26.7,2026-10-02,2,Put,26.00,-1.85%,0.5,0.52,0.65,779,123,6.33,100.16%,110.60%,-0.36684,"11:17 ET"
GOOGL,350.02,2026-10-05,5,Call,352.50,-0.70%,3.55,3.65,3.7,1315,208,6.32,33.63%,28.54%,0.429229,"13:34 ET"
CBRS,180.4,2026-10-16,16,Call,185.00,-3.18%,8,8.4,8.8,7802,1237,6.31,74.03%,69.64%,0.458241,"13:53 ET"
AAPL,336.26,2029-01-19,842,Call,170.00,+49.37%,186,187.5,189.5,868,138,6.29,24.69%,39.13%,0.940687,"12:40 ET"
SHOP,149.47,2027-03-19,170,Call,165.00,-10.91%,18.25,18.9,19.25,1185,189,6.27,60.72%,58.11%,0.498956,"13:47 ET"
GOOGL,350.02,2026-10-05,5,Call,357.50,-2.13%,1.87,1.89,2,1261,201,6.27,33.63%,28.51%,0.274017,"13:47 ET"
HOOD,113.04,2026-10-09,9,Put,103.00,-8.97%,0.84,0.82,0.86,1324,211,6.27,61.43%,59.06%,-0.150351,"13:52 ET"
TSLA,353.89,2026-10-05,5,Put,345.00,-1.86%,2.76,2.87,2.83,1701,272,6.25,42.16%,38.20%,-0.279256,"13:53 ET"
META,733.17,2026-10-07,7,Call,725.00,+1.08%,20.45,21.25,21.15,845,136,6.21,41.79%,38.16%,0.611,"13:22 ET"
ZETA,31.5,2026-10-02,2,Call,32.50,-3.50%,0.26,0.31,0.37,1612,260,6.2,70.86%,72.55%,0.300936,"13:54 ET"
IBRX,9.73,2026-10-02,2,Call,10.50,-8.02%,0.15,0.16,0.2,671,109,6.16,102.05%,154.38%,0.27177,"13:49 ET"
F,12.03,2026-10-02,2,Call,11.50,+4.33%,0.54,0.55,0.56,702,114,6.16,37.69%,45.01%,0.916381,"13:54 ET"
MSFT,518.89,2026-11-20,51,Put,520.00,+0.60%,24.1,24.15,24.5,1140,185,6.16,30.28%,31.97%,-0.473053,"13:48 ET"
TSLA,353.89,2026-10-02,2,Put,352.50,+0.27%,4.6,4.65,4.7,11613,1885,6.16,42.16%,50.12%,-0.45652,"13:55 ET"
CRWV,86.97,2026-10-23,23,Call,102.00,-17.66%,1.97,2,2.05,5185,843,6.15,76.70%,74.82%,0.230839,"13:54 ET"
GOOG,346.65,2026-10-02,2,Put,347.50,+0.22%,3.95,4.06,4.1,2896,473,6.12,33.50%,35.24%,-0.530267,"13:52 ET"
MU,1069.53,2026-10-05,5,Call,"1,260.00",-17.85%,3.75,3.75,3.85,939,154,6.1,60.06%,93.90%,0.0753,"13:52 ET"
HPE,64.92,2026-10-02,2,Call,68.00,-4.45%,0.43,0.46,0.49,5578,914,6.1,62.43%,78.08%,0.219765,"13:51 ET"
AMD,607.35,2026-09-30,0,Call,595.00,+1.62%,11,10.77,12,687,113,6.08,53.37%,13.10%,0.99793,"13:18 ET"
LRCX,326.92,2026-10-16,16,Call,325.00,+0.13%,16.85,17,17.95,875,144,6.08,61.72%,59.75%,0.547042,"13:12 ET"
SMCI,40.73,2026-10-30,30,Put,41.00,+0.91%,3.35,3.37,3.45,1463,241,6.07,75.79%,70.59%,-0.471271,"13:52 ET"
GM,77.25,2026-10-02,2,Call,80.00,-3.44%,0.13,0.18,0.2,624,103,6.06,36.68%,42.47%,0.136074,"13:42 ET"
PAYX,99.35,2026-10-16,16,Call,100.00,-0.75%,2,2.1,2.2,2457,407,6.04,28.32%,30.02%,0.459029,"13:50 ET"
AMD,607.35,2026-09-30,0,Call,617.50,-2.10%,0.25,0.25,0.28,3721,621,5.99,53.37%,23.84%,0.078435,"13:54 ET"
MGM,31.18,2026-11-20,51,Call,35.00,-12.25%,0.55,0.65,0.7,883,148,5.97,38.12%,38.80%,0.248703,"12:02 ET"
BAC,54.54,2027-09-17,352,Put,45.00,-17.45%,1.76,1.8,1.79,2831,476,5.95,28.52%,28.58%,-0.185216,"13:19 ET"
MU,1069.53,2026-10-02,2,Put,"1,077.50",+0.78%,43.15,42.95,43.35,1012,172,5.88,60.06%,122.74%,-0.516532,"13:53 ET"
TSLA,353.89,2026-10-05,5,Put,320.00,-8.97%,0.23,0.25,0.25,1131,193,5.86,42.16%,46.73%,-0.03123,"13:51 ET"
OPEN,2.38,2026-11-20,51,Call,1.00,+57.81%,1.28,1.4,1.49,990,170,5.82,85.06%,126.95%,0.980649,"12:22 ET"
KDP,30.58,2026-10-16,16,Call,32.00,-4.44%,0.1,0.25,0.25,4602,793,5.8,30.97%,25.24%,0.1992,"13:26 ET"
META,733.17,2026-09-30,0,Call,737.50,-0.63%,1.3,1.35,1.35,22527,3891,5.79,41.79%,16.89%,0.318386,"13:54 ET"
SMMT,17.38,2026-11-20,51,Call,20.00,-15.01%,2.05,2.15,2.2,2629,456,5.77,112.57%,117.45%,0.464284,"13:51 ET"
ATEN,27.44,2026-11-20,51,Call,30.00,-9.45%,0.75,1.43,1.5,880,153,5.75,53.75%,49.90%,0.357629,"12:25 ET"
WMT,105.35,2026-10-16,16,Call,106.00,-0.52%,1.75,1.79,1.81,4634,806,5.75,27.43%,23.01%,0.468826,"13:51 ET"
TSLA,353.89,2026-10-09,9,Call,345.00,+1.86%,14.1,13.92,14.25,947,165,5.74,42.16%,41.14%,0.666185,"13:40 ET"
AVGO,353.74,2026-09-30,0,Put,350.00,-0.78%,0.23,0.24,0.25,9638,1678,5.74,36.71%,17.87%,-0.142396,"13:53 ET"
AAPL,336.26,2026-10-05,5,Call,345.00,-2.74%,0.7,0.74,0.75,2994,523,5.72,24.69%,20.99%,0.166661,"13:52 ET"
MU,1069.53,2026-10-02,2,Call,"1,070.00",-0.07%,38.45,38.51,38.65,12276,2154,5.7,60.06%,123.59%,0.514469,"13:54 ET"
HOOD,113.04,2026-10-02,2,Call,117.00,-3.40%,0.93,0.96,0.95,5373,946,5.68,61.43%,73.52%,0.260321,"13:55 ET"
TSLA,353.89,2026-09-30,0,Call,340.00,+3.29%,13.35,13.6,13.9,2505,443,5.65,42.16%,29.76%,0.994687,"13:51 ET"
MDB,354.72,2026-10-02,2,Put,335.00,-4.97%,1.38,1.55,1.6,841,150,5.61,57.96%,72.26%,-0.148753,"13:52 ET"
ASTS,61.64,2026-10-30,30,Call,61.00,+1.21%,5.7,5.95,5.95,1053,188,5.6,79.17%,75.84%,0.573088,"12:33 ET"
SCCO,202.9,2026-10-16,16,Call,230.00,-13.26%,1.05,1.84,2.05,905,162,5.59,46.64%,52.81%,0.141775,"11:46 ET"
AMZN,250.84,2026-10-02,2,Call,237.50,+5.26%,13.75,13.98,14.35,1954,351,5.57,34.90%,53.78%,0.923518,"13:42 ET"
MSTR,154.37,2026-10-09,9,Call,170.00,-10.06%,1.81,1.86,1.88,8984,1618,5.55,65.49%,70.03%,0.204098,"13:54 ET"
GOOG,346.65,2026-10-02,2,Call,347.50,-0.22%,3.35,3.4,3.5,7689,1390,5.53,33.50%,37.15%,0.472443,"13:50 ET"
NVDA,230.4,2026-09-30,0,Call,230.00,+0.09%,0.74,0.78,0.77,174755,31638,5.52,34.15%,12.35%,0.583453,"13:55 ET"
NVDA,230.4,2026-10-05,5,Call,217.50,+5.52%,12.7,13.33,13.65,4412,801,5.51,34.15%,33.83%,0.929758,"13:19 ET"
TSM,458.08,2027-06-17,260,Call,460.00,-0.28%,62.65,64.95,63.6,2509,457,5.49,34.41%,38.60%,0.58646,"11:54 ET"
ARM,287.7,2027-09-17,352,Put,230.00,-19.55%,39.95,40.77,41.55,1006,184,5.47,73.28%,70.47%,-0.238309,"13:10 ET"
AAPL,336.26,2026-10-05,5,Put,340.00,+1.25%,5,5.2,5.3,1163,214,5.43,24.69%,20.80%,-0.64963,"13:54 ET"
TSLA,353.89,2026-11-06,37,Call,355.00,-0.98%,19.8,19.75,20.2,817,151,5.41,42.16%,44.51%,0.5287,"13:51 ET"
AMD,607.35,2026-10-09,9,Put,575.00,-4.93%,6.15,6.81,6.45,2033,376,5.41,53.37%,48.65%,-0.226344,"13:37 ET"
APLD,24.59,2026-10-02,2,Call,24.50,+0.33%,0.65,0.69,0.69,907,168,5.4,90.31%,86.10%,0.535681,"13:51 ET"
INSM,116.04,2026-10-16,16,Call,125.00,-8.01%,1.15,1.5,1.7,544,101,5.39,56.03%,45.06%,0.233374,"13:54 ET"
CIFR,16.09,2026-11-06,37,Call,17.00,-5.92%,1.65,1.7,1.82,550,102,5.39,95.09%,103.09%,0.500171,"12:42 ET"
RBRK,116.51,2026-10-02,2,Call,122.00,-5.20%,0.25,0.55,0.65,1003,186,5.39,57.32%,66.17%,0.155079,"11:52 ET"
GOOGL,350.02,2026-10-05,5,Put,332.50,-5.02%,0.29,0.36,0.37,635,118,5.38,33.63%,29.23%,-0.062663,"12:05 ET"
MU,1069.53,2026-10-02,2,Put,"1,067.50",-0.16%,37.55,37.53,37.7,985,183,5.38,60.06%,121.77%,-0.475676,"13:55 ET"
AMZN,250.84,2026-09-30,0,Call,250.00,+0.28%,1.36,1.4,1.4,49637,9228,5.38,34.90%,12.00%,0.775271,"13:55 ET"
JD,26.59,2026-11-20,51,Put,27.00,+1.62%,1.53,1.58,1.61,730,136,5.37,33.60%,28.99%,-0.573865,"12:01 ET"
APLD,24.59,2026-10-09,9,Call,30.50,-24.08%,0.29,0.33,0.35,631,118,5.35,90.31%,119.27%,0.146288,"13:00 ET"
GFI,36.1,2028-01-21,478,Call,70.00,-93.91%,2.05,2.05,3,801,150,5.34,50.34%,60.92%,0.23042,"11:45 ET"
MMED,19.76,2026-10-16,16,Call,20.00,-1.42%,0.9,1.15,1.35,968,182,5.32,67.92%,74.54%,0.50203,"13:46 ET"
TSLA,353.89,2026-10-05,5,Call,357.50,-1.69%,4.7,4.7,4.85,1437,270,5.32,42.16%,38.87%,0.418731,"13:53 ET"
ON,76.25,2026-10-02,2,Call,82.00,-7.88%,0.08,0.16,0.16,778,147,5.29,58.52%,66.60%,0.073013,"13:45 ET"
MU,1069.53,2026-10-02,2,Call,"1,072.50",-0.31%,37.35,37.36,37.55,2742,521,5.26,60.06%,123.85%,0.504361,"13:53 ET"
GMAB,35.85,2026-12-18,79,Call,40.00,-11.70%,2.45,2.55,2.5,17881,3399,5.26,61.98%,59.16%,0.406845,"13:51 ET"
WFC,80.06,2026-10-23,23,Put,80.00,+0.09%,2.42,2.53,2.71,666,128,5.2,31.33%,32.86%,-0.475678,"13:20 ET"
CRWD,266.25,2027-01-15,107,Put,270.00,+1.76%,33.4,34.1,34.85,687,132,5.2,53.37%,58.18%,-0.447339,"13:24 ET"
TSLA,353.89,2026-10-02,2,Call,357.50,-1.69%,3.7,3.75,3.8,11133,2140,5.2,42.16%,51.82%,0.397647,"13:55 ET"
TEM,84,2027-06-17,260,Call,100.00,-19.70%,16.75,17.15,18.45,602,116,5.19,77.79%,78.88%,0.546156,"13:18 ET"
FNV,240.8,2026-10-16,16,Call,240.00,+0.53%,7.9,8.85,10.3,907,176,5.15,40.46%,42.85%,0.536235,"13:23 ET"
VST,138.44,2026-11-20,51,Put,110.00,-20.24%,0.88,0.98,1.09,10286,2016,5.1,45.41%,48.21%,-0.080606,"13:43 ET"
HOOD,113.04,2026-10-30,30,Call,127.00,-12.24%,3.3,3.65,3.4,550,108,5.09,61.43%,62.48%,0.289546,"12:49 ET"
UCTT,81.41,2026-10-16,16,Call,75.00,+7.53%,8.8,9.15,9.5,5007,991,5.05,85.82%,81.88%,0.714374,"13:40 ET"
BA,186.22,2026-10-16,16,Call,192.50,-2.72%,2.9,3,3.25,796,158,5.04,35.59%,35.04%,0.347926,"13:48 ET"
CBRS,180.4,2026-10-02,2,Put,170.00,-5.18%,0.7,0.8,0.85,1886,375,5.03,74.03%,75.33%,-0.14628,"13:53 ET"
MU,1069.53,2026-10-02,2,Put,"1,075.00",+0.54%,41.75,41.75,41.95,2722,541,5.03,60.06%,122.64%,-0.506366,"13:54 ET"
ILMN,276.88,2026-10-16,16,Put,270.00,-2.73%,8.2,8.29,8.9,552,110,5.02,58.56%,52.39%,-0.379676,"11:31 ET"
MU,1069.53,2026-10-02,2,Call,"1,077.50",-0.78%,35.2,35.3,35.4,1602,319,5.02,60.06%,124.29%,0.484307,"13:51 ET"
AFRM,69.65,2026-11-20,51,Call,77.50,-11.67%,3.85,3.9,4,1981,395,5.02,60.65%,64.15%,0.382578,"13:53 ET"
TEM,84,2027-02-19,142,Call,95.00,-13.72%,11.8,12.15,12.35,701,140,5.01,77.79%,75.05%,0.501764,"11:51 ET"
META,733.17,2026-09-30,0,Call,725.00,+1.08%,9.05,9.5,9.95,7073,1417,4.99,41.79%,13.96%,0.962737,"13:54 ET"
AAPL,336.26,2026-10-07,7,Call,345.00,-2.74%,1.04,1.08,1.3,1205,242,4.98,24.69%,21.17%,0.211869,"13:37 ET"
SNPS,430.89,2026-10-02,2,Call,440.00,-3.84%,4.8,8.1,10.2,542,109,4.97,47.97%,92.63%,0.379761,"13:46 ET"
RILY,4.89,2029-01-19,842,Put,5.00,+2.46%,1.77,1.87,1.95,595,120,4.96,62.22%,0.00%,0,"12:06 ET"
TSLA,353.89,2026-10-09,9,Call,350.00,+0.44%,11.1,11.1,11.2,4493,905,4.96,42.16%,41.01%,0.582045,"13:54 ET"
AAPL,336.26,2026-09-30,0,Call,332.50,+0.98%,3.9,4.1,4.25,47521,9581,4.96,24.69%,10.67%,0.987669,"13:52 ET"
GOOG,346.65,2026-11-20,51,Put,265.00,-23.57%,0.64,0.67,0.7,821,166,4.95,33.50%,40.81%,-0.030847,"12:13 ET"
TENB,37.08,2026-12-18,79,Call,45.00,-21.49%,1.75,1.9,2.15,1011,205,4.93,72.74%,64.85%,0.315545,"13:15 ET"
MARA,11.65,2026-10-23,23,Call,14.50,-24.46%,0.2,0.21,0.22,5043,1022,4.93,81.04%,84.24%,0.174642,"12:59 ET"
WING,105.81,2026-11-20,51,Call,120.00,-13.12%,6.1,6.96,7.2,1033,210,4.92,69.41%,73.45%,0.380015,"13:17 ET"
DOCS,28.27,2026-10-16,16,Call,32.50,-15.17%,0.1,0.15,0.2,818,167,4.9,67.84%,51.32%,0.107517,"12:57 ET"
AMD,607.35,2026-09-30,0,Put,600.00,-0.79%,0.55,0.57,0.58,21118,4306,4.9,53.37%,21.49%,-0.158164,"13:54 ET"
U,41.65,2026-10-09,9,Put,37.00,-10.99%,0.11,0.17,0.2,776,159,4.88,64.95%,56.99%,-0.087132,"12:42 ET"
FTNT,180.08,2026-10-02,2,Call,187.50,-4.51%,0.3,0.57,0.62,710,146,4.86,53.91%,50.73%,0.136673,"12:17 ET"
ACN,182.72,2026-10-16,16,Call,180.00,+2.16%,9.9,10.6,11.1,2082,428,4.86,51.94%,57.94%,0.582045,"13:47 ET"
HIMS,30.51,2026-10-02,2,Put,31.00,+2.21%,1,1.11,1.13,579,120,4.83,78.11%,85.39%,-0.594319,"13:24 ET"
SNDK,1734.5,2026-10-02,2,Put,"1,730.00",-0.08%,46.3,46.5,47.1,700,145,4.83,72.30%,95.56%,-0.471705,"13:54 ET"
WMT,105.35,2026-10-02,2,Call,106.00,-0.52%,0.53,0.54,0.54,9386,1954,4.8,27.43%,26.11%,0.381009,"13:54 ET"
AMD,607.35,2026-09-30,0,Put,595.00,-1.62%,0.15,0.15,0.2,6690,1398,4.79,53.37%,23.59%,-0.055156,"13:54 ET"
AAPL,336.26,2026-10-02,2,Call,337.50,-0.51%,2.28,2.32,2.34,13639,2850,4.79,24.69%,27.06%,0.456552,"13:55 ET"
TSLA,353.89,2026-10-09,9,Call,352.50,-0.27%,9.75,9.7,9.9,2769,584,4.74,42.16%,41.06%,0.538456,"13:54 ET"
SNDK,1734.5,2026-10-02,2,Put,"1,745.00",+0.79%,54.3,53.9,55.5,633,135,4.69,72.30%,96.22%,-0.520056,"13:12 ET"
NKE,35.56,2026-10-16,16,Call,40.50,-13.96%,0.35,0.42,0.38,1206,257,4.69,50.92%,61.23%,0.161343,"11:37 ET"
JBHT,227.21,2026-11-20,51,Put,210.00,-7.81%,5.2,5.65,6.4,557,119,4.68,40.52%,39.33%,-0.265257,"13:11 ET"
MU,1069.53,2026-10-05,5,Call,"1,170.00",-9.43%,12,12.08,12.15,724,156,4.64,60.06%,87.81%,0.205136,"13:54 ET"
ORCL,137.8,2026-10-09,9,Put,128.00,-6.79%,0.93,1.05,1.01,559,121,4.62,51.63%,49.68%,-0.164447,"13:29 ET"
SM,34.28,2027-02-19,142,Put,30.00,-12.82%,1.85,2.32,2.4,1803,392,4.6,53.40%,50.08%,-0.272711,"10:44 ET"
CIFR,16.09,2027-03-19,170,Call,18.00,-12.15%,3.45,3.5,3.6,5609,1223,4.59,95.09%,95.02%,0.570275,"13:52 ET"
AMD,607.35,2026-10-02,2,Put,592.50,-2.03%,4.3,4.7,4.55,1806,394,4.58,53.37%,56.37%,-0.277181,"13:48 ET"
MSTR,154.37,2026-11-20,51,Call,320.00,-107.17%,0.45,0.47,0.58,1014,222,4.57,65.49%,93.05%,0.028064,"13:15 ET"
NBIS,238.05,2026-10-30,30,Call,295.00,-24.06%,5.95,6.29,6.6,502,110,4.56,83.09%,81.95%,0.21836,"13:31 ET"
AAPL,336.26,2026-10-07,7,Call,355.00,-5.72%,0.18,0.18,0.21,523,115,4.55,24.69%,22.28%,0.046021,"13:50 ET"
OWL,9.13,2026-10-02,2,Call,9.00,+1.32%,0.2,0.2,0.25,2624,577,4.55,49.59%,59.60%,0.624195,"13:17 ET"
TSLA,353.89,2026-10-05,5,Put,352.50,+0.27%,5.55,5.69,5.75,1358,299,4.54,42.16%,38.07%,-0.45881,"13:55 ET"
F,12.03,2026-10-02,2,Call,12.00,+0.17%,0.15,0.15,0.17,2730,601,4.54,37.69%,40.06%,0.544314,"13:52 ET"
MDB,354.72,2026-10-02,2,Call,375.00,-6.38%,1.54,1.79,1.86,1576,349,4.52,57.96%,77.87%,0.162075,"13:52 ET"
GME,24.79,2026-10-02,2,Put,24.50,-0.77%,0.33,0.41,0.39,2431,539,4.51,52.04%,60.42%,-0.430623,"13:46 ET"
XYZ,73.58,2028-12-15,807,Call,90.00,-22.82%,17.3,18,18.95,1000,222,4.5,47.57%,48.14%,0.589421,"10:59 ET"
TSLA,353.89,2026-10-02,2,Call,355.00,-0.98%,4.7,4.7,4.8,26680,5937,4.49,42.16%,51.38%,0.469138,"13:55 ET"
TTWO,208.47,2026-10-09,9,Call,220.00,-5.40%,1.1,1.45,2.15,545,122,4.47,45.98%,41.90%,0.214822,"13:32 ET"
USAR,14.44,2026-10-16,16,Call,16.00,-11.11%,0.34,0.36,0.38,6858,1546,4.44,75.77%,74.82%,0.279047,"13:53 ET"
SNDK,1734.5,2026-10-02,2,Call,"1,730.00",+0.08%,51.4,51.6,51.9,1516,342,4.43,72.30%,96.63%,0.528508,"13:55 ET"
BYND,8.16,2026-11-20,51,Put,10.00,+23.92%,2.56,2.56,2.76,649,147,4.41,105.93%,119.28%,-0.591896,"13:41 ET"
TSLA,353.89,2026-10-09,9,Call,355.00,-0.98%,8.55,8.57,8.65,6334,1435,4.41,42.16%,41.06%,0.494783,"13:55 ET"
APA,42.54,2026-11-20,51,Call,47.50,-11.74%,1.23,1.32,1.29,521,119,4.38,46.48%,46.52%,0.294765,"12:23 ET"
CRM,229.68,2026-10-02,2,Call,232.50,-1.26%,1.7,1.75,1.79,2972,678,4.38,39.54%,45.80%,0.342787,"13:54 ET"
MSTR,154.37,2026-10-02,2,Call,155.00,-0.35%,3.05,3.2,3.2,6864,1567,4.38,65.49%,77.20%,0.474059,"13:52 ET"
AMD,607.35,2026-09-30,0,Call,597.50,+1.21%,8.55,8.71,9.85,687,158,4.35,53.37%,10.41%,0.997687,"13:47 ET"
MSFT,518.89,2026-10-09,9,Put,492.50,-4.72%,1.25,1.47,1.46,924,213,4.34,30.28%,28.63%,-0.116596,"13:31 ET"
CRWV,86.97,2026-10-23,23,Call,103.00,-18.81%,1.76,1.82,1.88,8079,1861,4.34,76.70%,74.52%,0.214182,"13:39 ET"
NVDA,230.4,2026-10-05,5,Put,240.00,+4.26%,9.5,9.83,9.95,3460,801,4.32,34.15%,18.42%,-0.982886,"13:54 ET"
NET,350.72,2026-12-18,79,Call,520.00,-48.53%,6,6.2,6.8,727,169,4.3,64.75%,65.88%,0.134143,"13:19 ET"
HOOD,113.04,2026-10-02,2,Call,118.00,-4.29%,0.73,0.73,0.75,6818,1584,4.3,61.43%,74.31%,0.214876,"13:54 ET"
COIN,186.64,2026-10-02,2,Call,200.00,-6.79%,0.61,0.64,0.68,15776,3665,4.3,63.81%,77.72%,0.124069,"13:54 ET"
B,40.88,2026-11-20,51,Call,42.00,-2.87%,2.05,2.11,2.15,598,140,4.27,40.96%,42.48%,0.464255,"13:49 ET"
SNDK,1734.5,2026-10-02,2,Put,"1,740.00",+0.50%,51.5,51.8,52.5,1295,303,4.27,72.30%,95.84%,-0.504114,"13:52 ET"
CRGY,13.01,2027-01-15,107,Put,10.00,-23.25%,0.2,0.25,0.4,4423,1035,4.27,47.15%,52.29%,-0.139948,"12:44 ET"
CVNA,63.31,2026-10-09,9,Put,57.00,-9.75%,0.33,0.43,0.47,1291,303,4.26,67.43%,62.03%,-0.125011,"12:42 ET"
AMD,607.35,2026-09-30,0,Call,600.00,+0.79%,6.95,6.55,7.35,3457,814,4.25,53.37%,19.67%,0.86318,"13:54 ET"
AAPL,336.26,2026-10-05,5,Call,342.50,-2.00%,1.22,1.21,1.27,1489,352,4.23,24.69%,21.15%,0.252624,"13:54 ET"
NVO,38.3,2026-11-06,37,Call,38.00,+0.68%,2.11,2.3,2.47,811,192,4.22,35.41%,44.87%,0.544902,"13:18 ET"
META,733.17,2026-10-02,2,Call,737.50,-0.63%,8.55,8.55,8.7,2291,543,4.22,41.79%,46.28%,0.459343,"13:54 ET"
META,733.17,2026-10-02,2,Put,727.50,-0.74%,6.6,6.93,7.05,1660,395,4.2,41.79%,46.00%,-0.383131,"13:52 ET"
FRMI,4.34,2026-10-09,9,Call,4.50,-3.93%,0.2,0.25,0.25,813,194,4.19,103.34%,109.72%,0.444903,"13:34 ET"
META,733.17,2026-09-30,0,Put,745.00,+1.65%,10,11.7,12.15,1724,411,4.19,41.79%,22.75%,-0.887624,"13:51 ET"
PCT,4.4,2026-10-30,30,Call,5.00,-14.42%,0.2,0.28,0.3,1075,257,4.18,98.86%,92.71%,0.36207,"10:27 ET"
ARM,287.7,2026-10-02,2,Call,292.50,-2.31%,4.75,4.56,4.9,1978,473,4.18,73.28%,82.28%,0.400287,"13:40 ET"
AAPL,336.26,2026-10-05,5,Put,332.50,-0.98%,1.61,1.7,1.73,1056,255,4.14,24.69%,21.69%,-0.303054,"13:53 ET"
AAPL,336.26,2026-10-02,2,Put,335.00,-0.24%,1.87,1.87,1.88,24202,5847,4.14,24.69%,26.56%,-0.39545,"13:55 ET"
RITM,8.94,2026-11-20,51,Call,1.00,+88.83%,7.7,7.9,8.1,510,124,4.11,27.94%,332.03%,0.992265,"13:06 ET"
AMZN,250.84,2026-10-05,5,Call,262.50,-4.71%,0.39,0.41,0.42,769,187,4.11,34.90%,28.94%,0.101613,"13:51 ET"
GME,24.79,2026-10-02,2,Put,25.00,+1.26%,0.64,0.67,0.7,1359,331,4.11,52.04%,66.24%,-0.598073,"13:53 ET"
AMZN,250.84,2026-10-02,2,Put,265.00,+5.71%,12.95,14.38,14.1,1471,362,4.06,34.90%,58.23%,-0.889758,"13:19 ET"
SNDK,1734.5,2026-10-02,2,Call,"1,750.00",-1.08%,42.2,42.78,42.8,3890,957,4.06,72.30%,97.03%,0.464724,"13:55 ET"
INTC,119.44,2026-10-07,7,Call,120.00,-0.59%,3.95,4.05,4.2,1689,417,4.05,69.34%,64.08%,0.505268,"13:54 ET"
CRWV,86.97,2029-01-19,842,Call,135.00,-55.73%,28.25,28.16,28.8,1037,257,4.04,76.70%,72.93%,0.602118,"13:49 ET"
MSFT,518.89,2028-12-15,807,Call,195.00,+62.27%,338.35,339.25,342,588,146,4.03,30.28%,45.13%,0.958814,"13:14 ET"
CRWV,86.97,2026-10-16,16,Put,72.00,-16.95%,0.54,0.57,0.57,1554,386,4.03,76.70%,71.26%,-0.08715,"13:47 ET"
OXY,55.56,2026-10-16,16,Call,57.00,-2.52%,0.92,0.95,1.02,945,235,4.02,34.05%,33.42%,0.374574,"13:23 ET"
MDB,354.72,2026-10-02,2,Put,350.00,-0.71%,4.95,5.8,6.7,625,156,4.01,57.96%,72.45%,-0.412135,"13:50 ET"
SNDK,1734.5,2026-10-02,2,Call,"1,700.00",+1.81%,67.2,67.19,68.2,2573,642,4.01,72.30%,95.81%,0.624845,"13:52 ET"
CVX,206.73,2026-10-30,30,Call,215.00,-4.05%,3.55,3.63,3.85,1161,290,4,28.32%,29.25%,0.336529,"13:54 ET"
GOOGL,350.02,2026-10-02,2,Put,347.50,-0.73%,2.51,2.65,2.65,1776,445,3.99,33.63%,36.28%,-0.385682,"13:52 ET"
TSLA,353.89,2026-10-05,5,Call,367.50,-4.54%,1.96,1.99,2.01,2291,575,3.98,42.16%,39.96%,0.215279,"13:55 ET"
HPE,64.92,2026-10-02,2,Put,63.00,-3.23%,0.6,0.65,0.71,1888,476,3.97,62.43%,74.79%,-0.284368,"13:52 ET"
MSFT,518.89,2026-10-02,2,Put,517.50,+0.12%,4.1,4.15,4.3,2251,567,3.97,30.28%,31.51%,-0.452861,"13:54 ET"
TSLA,353.89,2026-10-02,2,Put,345.00,-1.86%,1.94,1.94,1.96,15201,3831,3.97,42.16%,50.19%,-0.245599,"13:55 ET"
PACB,2.3465,2026-11-20,51,Call,2.0000,+15.25%,0.5,0.54,0.6,2852,720,3.96,108.91%,108.33%,0.727084,"13:46 ET"
MU,1069.53,2027-01-15,107,Call,"2,210.00",-106.70%,5.75,6.62,6.05,569,144,3.95,60.06%,68.73%,0.041523,"10:47 ET"
NVDA,230.4,2026-10-05,5,Put,230.00,-0.09%,2.64,2.63,2.68,3854,975,3.95,34.15%,26.50%,-0.473064,"13:54 ET"
BB,9.11,2026-11-20,51,Call,10.00,-9.89%,0.58,0.59,0.59,13128,3325,3.95,63.31%,66.52%,0.410594,"13:54 ET"
TSLA,353.89,2026-10-02,2,Put,347.50,-1.15%,2.64,2.64,2.68,10909,2771,3.94,42.16%,50.02%,-0.310146,"13:55 ET"
SNOW,345.38,2026-10-09,9,Call,350.00,-1.82%,7.6,8,8.3,711,181,3.93,48.99%,48.86%,0.428269,"13:54 ET"
HOOD,113.04,2026-10-30,30,Call,119.00,-5.17%,5.5,5.7,5.65,727,187,3.89,61.43%,61.74%,0.422369,"13:51 ET"
CCJ,87.54,2026-10-02,2,Call,89.00,-1.76%,0.67,1.05,0.9,571,147,3.88,44.39%,54.76%,0.340212,"12:45 ET"
PLTR,188.95,2026-10-02,2,Put,187.50,-0.01%,2.21,2.2,2.24,6212,1606,3.87,52.38%,49.75%,-0.426896,"13:55 ET"
MU,1069.53,2026-10-02,2,Call,"1,280.00",-19.72%,2.31,2.32,2.35,1795,466,3.85,60.06%,143.89%,0.050783,"13:53 ET"
CMG,31.73,2026-10-16,16,Call,32.00,-0.63%,1,1.05,1.18,3297,858,3.84,45.01%,44.76%,0.491215,"13:52 ET"
INTC,119.44,2026-10-02,2,Put,119.00,-0.25%,2.5,2.52,2.56,4285,1116,3.84,69.34%,80.20%,-0.453954,"13:55 ET"
TMC,3.92,2026-10-16,16,Call,4.50,-15.09%,0.07,0.1,0.12,1242,325,3.82,83.55%,84.49%,0.249872,"13:29 ET"
AAPL,336.26,2026-10-09,9,Put,332.50,-0.98%,2.91,3.35,3.05,1657,434,3.82,24.69%,23.22%,-0.353055,"13:28 ET"
NBIS,238.05,2026-10-09,9,Put,220.00,-7.48%,3.85,3.85,4.2,2508,656,3.82,83.09%,75.69%,-0.230298,"13:52 ET"
RUM,7.8,2027-04-16,198,Call,11.00,-40.85%,1,1.15,1.25,902,237,3.81,86.32%,86.86%,0.427761,"10:55 ET"
MSFT,518.89,2028-06-16,625,Put,520.00,+0.60%,70.9,71.75,72.75,506,133,3.8,30.28%,32.02%,-0.386551,"13:39 ET"
MRNA,191.22,2026-10-23,23,Call,190.00,+0.35%,15.35,15.8,17,866,230,3.77,90.24%,82.07%,0.552605,"13:37 ET"
UPS,93.89,2026-10-30,30,Call,106.00,-13.04%,0.56,0.58,0.72,902,239,3.77,32.24%,37.17%,0.132965,"13:40 ET"
NEXT,6.39,2026-11-20,51,Call,8.00,-25.20%,0.1,0.14,0.15,4409,1169,3.77,59.56%,57.17%,0.183934,"11:31 ET"
AMD,607.35,2026-09-30,0,Put,592.50,-2.03%,0.08,0.11,0.15,4128,1099,3.76,53.37%,25.44%,-0.035912,"13:53 ET"
INTC,119.44,2026-10-16,16,Put,111.00,-6.96%,2.7,2.74,2.8,1401,374,3.75,69.34%,64.09%,-0.263485,"13:02 ET"
AMZN,250.84,2026-09-30,0,Call,247.50,+1.27%,3.6,3.9,3.85,24327,6508,3.74,34.90%,17.42%,0.948808,"13:53 ET"
CPNG,13.78,2027-01-15,107,Call,21.00,-52.73%,0.14,0.16,0.16,1262,338,3.73,50.78%,51.55%,0.093092,"13:02 ET"
NVDA,230.4,2026-10-09,9,Put,232.50,+1.00%,5.3,5.15,5.35,2207,591,3.73,34.15%,29.15%,-0.568703,"13:52 ET"
HOOD,113.04,2026-10-09,9,Call,125.00,-10.47%,0.88,0.89,0.91,5051,1357,3.72,61.43%,62.33%,0.160709,"13:54 ET"
JBHT,227.21,2026-10-16,16,Call,240.00,-5.36%,3.6,4.4,5,560,151,3.71,40.52%,47.88%,0.310036,"12:23 ET"
BAC,54.54,2026-10-09,9,Call,57.00,-4.57%,0.12,0.12,0.13,9671,2638,3.67,28.52%,23.77%,0.125468,"13:41 ET"
NBIS,238.05,2026-10-02,2,Call,200.00,+15.89%,37.4,42,39.5,651,178,3.66,83.09%,115.37%,0.981924,"12:11 ET"
BJ,91.54,2026-11-20,51,Put,85.00,-7.29%,1.55,1.93,2.25,699,191,3.66,32.50%,35.38%,-0.246874,"11:58 ET"
MSTR,154.37,2026-10-09,9,Put,149.00,-3.53%,3.55,3.49,3.7,864,236,3.66,65.49%,62.07%,-0.342698,"13:51 ET"
BP,44.33,2026-11-20,51,Call,55.00,-24.49%,0.12,0.12,0.15,1000,273,3.66,34.39%,35.40%,0.056697,"13:48 ET"
BE,280.25,2026-10-02,2,Call,282.50,-1.41%,5.35,5.8,5.95,1298,355,3.66,80.86%,84.60%,0.446211,"13:53 ET"
RBLX,42.48,2026-10-16,16,Call,51.00,-20.85%,0.2,0.23,0.26,644,177,3.64,70.39%,61.95%,0.093877,"13:51 ET"
SNDL,1.305,2026-10-16,16,Put,1.5000,+16.14%,0.15,0.2,0.25,1001,275,3.64,100.61%,50.61%,-0.899263,"13:30 ET"
LLY,1178.36,2026-10-02,2,Call,"1,240.00",-4.52%,0.53,0.7,1.2,1229,338,3.64,37.21%,43.26%,0.054733,"13:55 ET"
AAPL,336.26,2026-10-05,5,Put,335.00,-0.24%,2.5,2.58,2.6,1102,305,3.61,24.69%,21.46%,-0.412238,"13:53 ET"
WMT,105.35,2026-10-02,2,Call,107.00,-1.47%,0.24,0.26,0.26,7323,2031,3.61,27.43%,26.22%,0.216182,"13:53 ET"
HOOD,113.04,2026-10-09,9,Call,114.00,-0.75%,3.65,3.7,3.75,907,252,3.6,61.43%,59.57%,0.477241,"13:55 ET"
GOOGL,350.02,2026-10-07,7,Call,360.00,-2.84%,2.15,2.18,2.37,521,145,3.59,33.63%,30.02%,0.261838,"13:38 ET"
META,733.17,2026-10-02,2,Put,737.50,+0.63%,11.3,11.5,11.85,851,237,3.59,41.79%,45.98%,-0.541504,"13:54 ET"
TSLA,353.89,2026-10-09,9,Call,365.00,-3.83%,4.8,4.81,4.9,6625,1843,3.59,42.16%,41.55%,0.330711,"13:54 ET"
SPCX,152.07,2026-10-02,2,Call,152.50,-0.81%,2.01,2.01,2.02,49378,13776,3.58,46.81%,49.64%,0.475428,"13:55 ET"
SLB,48.9,2026-10-16,16,Call,50.00,-1.73%,1.01,0.99,1.09,714,201,3.55,36.31%,35.36%,0.415707,"13:37 ET"
GOOG,346.65,2026-10-02,2,Put,342.50,-1.22%,1.85,1.94,1.93,2270,640,3.55,33.50%,35.47%,-0.316523,"13:46 ET"
NFLX,69.81,2026-11-20,51,Put,62.50,-10.52%,1.27,1.29,1.3,734,208,3.53,37.83%,40.79%,-0.2008,"13:44 ET"
HOOD,113.04,2026-10-09,9,Call,115.00,-1.63%,3.25,3.3,3.35,2273,647,3.51,61.43%,59.87%,0.440691,"13:54 ET"
MSFT,518.89,2026-09-30,0,Call,512.50,+0.85%,6,6.45,6.65,6665,1905,3.5,30.28%,13.69%,0.956392,"13:49 ET"
MNKD,3.76,2026-10-16,16,Call,4.00,-7.24%,0.05,0.13,0.15,614,177,3.47,81.50%,51.22%,0.3732,"13:45 ET"
CMG,31.73,2026-10-02,2,Call,33.50,-5.35%,0.11,0.15,0.16,3379,975,3.47,45.01%,70.71%,0.158428,"13:20 ET"
RKLB,72.13,2026-10-09,9,Call,81.00,-12.70%,0.62,0.74,0.76,615,178,3.46,74.34%,72.81%,0.166115,"13:50 ET"
MRNA,191.22,2026-10-02,2,Put,187.50,-1.66%,3.6,3.6,3.8,932,270,3.45,90.24%,92.24%,-0.388533,"13:47 ET"
BL,26.61,2027-03-19,170,Put,20.00,-24.53%,1.2,1.5,1.6,1674,485,3.45,62.66%,63.40%,-0.180937,"11:46 ET"
CHPT,10.3,2026-11-20,51,Put,10.00,-1.77%,1.15,1.18,1.25,756,220,3.44,86.20%,90.99%,-0.393731,"11:47 ET"
SPCX,152.07,2026-10-09,9,Put,152.50,+0.81%,4.2,4.21,4.3,2551,741,3.44,46.81%,42.71%,-0.500974,"13:54 ET"
MU,1069.53,2026-10-02,2,Call,"1,075.00",-0.54%,36.25,36.4,36.45,5126,1490,3.44,60.06%,124.03%,0.494289,"13:54 ET"
MRNA,191.22,2026-10-02,2,Put,185.00,-2.97%,2.66,2.7,2.83,2709,791,3.42,90.24%,92.00%,-0.315303,"13:54 ET"
DPZ,300.29,2026-10-16,16,Call,380.00,-26.28%,0,0.1,0.1,613,180,3.41,41.90%,43.67%,0.005824,"13:08 ET"
INTC,119.44,2026-10-30,30,Put,86.00,-27.91%,0.53,0.61,0.64,1044,306,3.41,69.34%,75.38%,-0.049836,"12:22 ET"
GOOG,346.65,2026-10-02,2,Call,345.00,+0.50%,4.65,4.7,4.8,7712,2261,3.41,33.50%,37.31%,0.576415,"13:55 ET"
AAPL,336.26,2026-10-02,2,Put,330.00,-1.72%,0.62,0.62,0.65,21694,6359,3.41,24.69%,28.39%,-0.167118,"13:54 ET"
NOK,10.11,2026-10-09,9,Call,9.50,+5.85%,0.69,0.97,0.77,502,148,3.39,59.48%,54.75%,0.780498,"10:29 ET"
MRP,26.13,2026-11-20,51,Put,25.00,-4.14%,0.85,0.92,1,2624,776,3.38,34.27%,35.03%,-0.363962,"13:54 ET"
TSLA,353.89,2026-10-07,7,Put,350.00,-0.44%,5.85,6,6,1097,326,3.37,42.16%,39.64%,-0.410426,"13:53 ET"
MU,1069.53,2026-10-02,2,Put,"1,072.50",+0.31%,40.3,40.31,40.45,1719,510,3.37,60.06%,122.22%,-0.496234,"13:54 ET"
MRNA,191.22,2026-10-02,2,Put,190.00,-0.35%,4.7,4.6,4.95,3046,904,3.37,90.24%,92.10%,-0.464512,"13:43 ET"
TTD,12.07,2026-10-09,9,Call,12.00,-0.17%,0.41,0.39,0.45,728,217,3.35,68.64%,52.58%,0.543119,"13:30 ET"
WMT,105.35,2026-10-16,16,Put,108.00,+2.42%,3.4,3.46,3.55,855,255,3.35,27.43%,21.86%,-0.69398,"13:45 ET"
ZS,201.49,2026-10-16,16,Call,230.00,-14.59%,1.75,1.87,2.1,3695,1103,3.35,55.60%,58.95%,0.156407,"13:28 ET"
KNX,64.25,2026-10-16,16,Put,57.50,-10.80%,0.15,0.17,0.2,635,192,3.31,39.95%,38.07%,-0.074061,"12:44 ET"
HPE,64.92,2026-10-02,2,Call,70.00,-7.53%,0.18,0.2,0.24,7923,2395,3.31,62.43%,81.91%,0.112719,"13:46 ET"
GOOG,346.65,2026-10-02,2,Put,345.00,-0.50%,2.8,2.88,2.87,3014,913,3.3,33.50%,35.48%,-0.420704,"13:53 ET"
MRNA,191.22,2026-10-02,2,Put,180.00,-5.59%,1.33,1.38,1.43,4541,1378,3.3,90.24%,91.77%,-0.187976,"13:51 ET"
AMD,607.35,2027-02-19,142,Put,580.00,-4.10%,62.35,63.4,63.15,506,154,3.29,53.37%,54.07%,-0.368204,"13:34 ET"
WMT,105.35,2026-10-16,16,Put,106.00,+0.52%,2.18,2.22,2.28,791,241,3.28,27.43%,22.11%,-0.536002,"13:46 ET"
BE,280.25,2026-10-09,9,Call,290.00,-4.11%,8.75,9.08,9.35,821,250,3.28,80.86%,76.04%,0.404829,"13:49 ET"
AMZN,250.84,2026-10-05,5,Call,252.50,-0.72%,2.51,2.62,2.63,2782,848,3.28,34.90%,26.72%,0.444808,"13:52 ET"
VKTX,33.14,2026-10-16,16,Put,34.00,+3.94%,2.14,2.43,2.63,529,162,3.27,66.02%,67.90%,-0.548013,"13:25 ET"
RIG,5.31,2026-10-16,16,Call,4.00,+24.67%,1.26,1.28,1.35,512,157,3.26,50.99%,78.83%,0.970838,"13:55 ET"
AMD,607.35,2026-09-30,0,Put,607.50,+0.45%,3.1,3.25,3.3,3273,1003,3.26,53.37%,22.15%,-0.543014,"13:54 ET"
MRNA,191.22,2026-10-02,2,Put,170.00,-10.84%,0.29,0.3,0.31,4408,1352,3.26,90.24%,97.05%,-0.050842,"13:53 ET"
AAPL,336.26,2026-10-02,2,Put,332.50,-0.98%,1.08,1.08,1.12,9368,2879,3.25,24.69%,27.25%,-0.264111,"13:54 ET"
NVDA,230.4,2026-10-05,5,Put,225.00,-2.26%,1.02,1.02,1.05,4600,1419,3.24,34.15%,28.10%,-0.231079,"13:55 ET"
SPCX,152.07,2026-10-09,9,Call,152.50,-0.81%,3.9,3.9,3.95,6020,1861,3.23,46.81%,42.91%,0.50045,"13:55 ET"
PCT,4.4,2027-03-19,170,Call,5.00,-14.42%,0.95,1,1,10120,3133,3.23,98.86%,98.37%,0.566506,"11:38 ET"
INTC,119.44,2026-09-30,0,Call,121.00,-1.42%,0.39,0.4,0.44,29532,9130,3.23,69.34%,38.34%,0.283052,"13:55 ET"
AMD,607.35,2026-10-05,5,Call,615.00,-1.69%,8.75,9,9.1,605,188,3.22,53.37%,43.94%,0.4092,"13:54 ET"
GOOGL,350.02,2026-10-09,9,Call,365.00,-4.27%,2.08,2.14,2.19,5129,1591,3.22,33.63%,32.22%,0.216347,"13:55 ET"
CRWV,86.97,2026-10-23,23,Call,104.00,-19.97%,1.66,1.62,1.77,5650,1755,3.22,76.70%,75.37%,0.202697,"11:25 ET"
TSLA,353.89,2026-10-05,5,Call,355.00,-0.98%,5.75,5.82,5.9,2591,806,3.21,42.16%,38.70%,0.479555,"13:54 ET"
META,733.17,2026-09-30,0,Call,722.50,+1.42%,11.05,11.18,12.15,2675,833,3.21,41.79%,12.63%,0.993727,"13:53 ET"
AVGO,353.74,2026-09-30,0,Call,355.00,-0.64%,0.67,0.67,0.7,11027,3433,3.21,36.71%,17.80%,0.322964,"13:54 ET"
NVDA,230.4,2026-10-05,5,Put,237.50,+3.17%,7.6,7.47,7.75,550,172,3.2,34.15%,25.28%,-0.848304,"13:36 ET"
SPCX,152.07,2026-10-09,9,Put,149.00,-1.50%,2.66,2.63,2.69,2008,627,3.2,46.81%,43.05%,-0.365941,"13:53 ET"
MSFT,518.89,2026-10-02,2,Call,532.50,-3.02%,0.78,0.83,0.86,4326,1353,3.2,30.28%,31.59%,0.13511,"13:52 ET"
IREN,41.09,2026-12-18,79,Call,38.00,+7.50%,7.55,7.81,8,1019,319,3.19,78.81%,82.81%,0.658548,"13:29 ET"
MRNA,191.22,2026-10-09,9,Put,150.00,-21.33%,0.28,0.31,0.35,1512,474,3.19,90.24%,84.85%,-0.030443,"13:53 ET"
TSLA,353.89,2026-10-05,5,Put,342.50,-2.57%,2.12,2.16,2.17,597,188,3.18,42.16%,38.35%,-0.228053,"13:53 ET"
SPCX,152.07,2026-10-02,2,Put,150.00,-0.84%,1.35,1.35,1.36,27198,8564,3.18,46.81%,50.05%,-0.350262,"13:55 ET"
META,733.17,2026-10-02,2,Call,735.00,-0.29%,9.7,9.74,9.95,3555,1126,3.16,41.79%,46.45%,0.498875,"13:54 ET"
GOOGL,350.02,2026-10-02,2,Put,352.50,+0.70%,4.95,5.05,5.2,1175,374,3.14,33.63%,36.18%,-0.595962,"13:42 ET"
AMZN,250.84,2026-10-07,7,Call,260.00,-3.71%,1.07,1.19,1.32,1516,483,3.14,34.90%,29.55%,0.209597,"13:54 ET"
HOOD,113.04,2026-10-09,9,Call,120.00,-6.05%,1.75,1.76,1.76,4453,1419,3.14,61.43%,60.79%,0.277115,"13:55 ET"
TSLA,353.89,2026-10-02,2,Put,350.00,-0.44%,3.5,3.55,3.6,21861,6971,3.14,42.16%,49.95%,-0.381279,"13:55 ET"
TSLA,353.89,2026-10-07,7,Call,355.00,-0.98%,7.25,7.4,7.4,1299,415,3.13,42.16%,40.22%,0.488651,"13:55 ET"
TSLA,353.89,2026-10-05,5,Put,347.50,-1.15%,3.55,3.55,3.65,998,320,3.12,42.16%,38.19%,-0.335949,"13:55 ET"
LIN,479.96,2026-11-20,51,Call,500.00,-4.37%,9.2,9.6,10.3,1039,333,3.12,22.11%,24.08%,0.351552,"13:41 ET"
AIRS,1.8101,2027-01-15,107,Call,3.0000,-66.20%,0.05,0.25,0.25,1152,369,3.12,121.50%,108.46%,0.294158,"12:17 ET"
NFLX,69.81,2026-10-23,23,Call,70.00,-0.21%,3.3,3.35,3.4,1866,598,3.12,37.83%,47.66%,0.525584,"13:52 ET"
AVGO,353.74,2026-10-09,9,Put,337.50,-4.32%,2.11,2.09,2.2,763,245,3.11,36.71%,35.54%,-0.192672,"13:50 ET"
TSLA,353.89,2026-10-05,5,Put,360.00,+2.40%,9.8,10.1,10.1,1227,394,3.11,42.16%,38.23%,-0.643953,"13:54 ET"
MU,1069.53,2026-10-02,2,Call,"1,175.00",-9.90%,9.35,9.4,9.45,5092,1635,3.11,60.06%,130.52%,0.176273,"13:53 ET"
DVN,46.56,2026-10-09,9,Call,49.00,-5.20%,0.28,0.35,0.36,765,247,3.1,37.35%,38.61%,0.20701,"12:23 ET"
NVDA,230.4,2026-10-05,5,Call,215.00,+6.60%,15.4,15.72,16,1607,519,3.1,34.15%,39.79%,0.934217,"13:18 ET"
HPE,64.92,2026-10-02,2,Call,71.00,-9.06%,0.11,0.14,0.19,541,175,3.09,62.43%,85.14%,0.082443,"13:46 ET"
TSLA,353.89,2026-10-30,30,Put,305.00,-13.24%,2.73,2.8,2.8,875,283,3.09,42.16%,46.27%,-0.114339,"13:43 ET"
MCD,232.37,2026-10-02,2,Call,235.00,-1.03%,0.62,0.65,0.69,1860,602,3.09,22.42%,24.57%,0.259259,"13:53 ET"
AAPL,336.26,2026-10-07,7,Put,330.00,-1.72%,1.56,1.74,1.86,740,241,3.07,24.69%,23.30%,-0.25743,"13:42 ET"
AMD,607.35,2026-10-02,2,Call,602.50,+0.38%,12.2,12.3,12.5,1207,393,3.07,53.37%,56.38%,0.575611,"13:54 ET"
TSLA,353.89,2026-10-02,2,Put,342.50,-2.57%,1.39,1.41,1.42,6619,2158,3.07,42.16%,50.51%,-0.189759,"13:55 ET"
RITM,8.94,2026-10-16,16,Call,4.00,+55.31%,4.9,5,5,765,250,3.06,27.94%,212.09%,0.980133,"13:23 ET"
AMZN,250.84,2026-10-07,7,Call,265.00,-5.71%,0.51,0.51,0.53,1308,428,3.06,34.90%,30.07%,0.10561,"13:54 ET"
TSLA,353.89,2026-10-05,5,Call,352.50,-0.27%,6.95,6.97,7.1,1251,410,3.05,42.16%,38.52%,0.541835,"13:54 ET"
LLY,1178.36,2026-10-16,16,Call,"1,320.00",-11.26%,1.7,2.02,2.6,1323,435,3.04,37.21%,34.10%,0.060859,"12:39 ET"
COIN,186.64,2026-10-02,2,Call,190.00,-1.45%,2.56,2.6,2.63,3825,1260,3.04,63.81%,71.53%,0.385613,"13:54 ET"
SPCX,152.07,2026-10-02,2,Put,152.50,+0.81%,2.45,2.43,2.47,8811,2903,3.04,46.81%,49.54%,-0.52513,"13:55 ET"
MDB,354.72,2026-10-02,2,Call,390.00,-10.64%,0.46,0.51,0.56,533,176,3.03,57.96%,81.93%,0.056965,"13:52 ET"
TLN,315.75,2026-10-16,16,Put,310.00,-0.90%,8.6,9.75,10.3,1003,331,3.03,53.57%,48.91%,-0.390072,"13:51 ET"
PACB,2.3465,2027-01-15,107,Call,3.0000,-27.12%,0.3,0.31,0.35,7663,2532,3.03,108.91%,103.89%,0.444846,"13:25 ET"
DKNG,19.27,2026-10-02,2,Put,19.00,-1.35%,0.27,0.26,0.28,4770,1578,3.02,63.25%,69.91%,-0.383199,"13:45 ET"
AAPL,336.26,2026-10-05,5,Put,320.00,-4.70%,0.16,0.16,0.18,1130,376,3.01,24.69%,25.40%,-0.041405,"13:50 ET"
INTC,119.44,2026-10-02,2,Call,119.00,+0.25%,3.05,3.05,3.15,4775,1584,3.01,69.34%,79.02%,0.546583,"13:52 ET"
BROS,38.72,2026-11-20,51,Call,45.00,-16.43%,1.35,1.6,1.6,783,262,2.99,56.86%,60.24%,0.298807,"13:04 ET"
NVDA,230.4,2026-10-02,2,Put,232.50,+1.00%,3.45,3.55,3.55,5740,1919,2.99,34.15%,32.86%,-0.64655,"13:55 ET"
SERV,4.76,2026-11-20,51,Put,7.00,+46.44%,2.44,2.37,2.61,2620,878,2.98,81.50%,124.66%,-0.725419,"12:38 ET"
RDDT,144.33,2026-10-02,2,Call,147.00,-1.62%,1.81,1.9,1.95,612,206,2.97,65.05%,69.52%,0.375641,"13:54 ET"
META,733.17,2026-10-02,2,Put,732.50,-0.05%,8.75,8.95,9,1147,387,2.96,41.79%,45.41%,-0.46147,"13:54 ET"
HOOD,113.04,2026-10-02,2,Call,119.00,-5.17%,0.57,0.59,0.59,3341,1128,2.96,61.43%,75.18%,0.175794,"13:55 ET"
ASTS,61.64,2026-10-02,2,Call,69.00,-11.74%,0.1,0.12,0.13,6603,2230,2.96,79.17%,94.73%,0.062771,"13:46 ET"
AVGO,353.74,2026-10-02,2,Put,332.50,-5.74%,0.18,0.21,0.23,1900,646,2.94,36.71%,47.78%,-0.040071,"13:25 ET"
TSLA,353.89,2026-10-07,7,Call,360.00,-2.40%,5.25,5.33,5.35,1035,355,2.92,42.16%,40.53%,0.390871,"13:53 ET"
BE,280.25,2027-01-15,107,Put,260.00,-6.66%,34.9,35.3,35.15,4151,1424,2.92,80.86%,78.76%,-0.342905,"13:44 ET"
AAPL,336.26,2026-10-07,7,Call,340.00,-1.25%,2.67,2.85,2.85,2143,736,2.91,24.69%,22.17%,0.387064,"13:52 ET"
AAPL,336.26,2026-10-09,9,Put,335.00,-0.24%,3.85,3.85,4.05,2873,988,2.91,24.69%,23.00%,-0.43164,"13:53 ET"
NU,12.45,2026-10-16,16,Call,14.00,-12.90%,0.08,0.1,0.1,44678,15414,2.9,51.46%,48.14%,0.145209,"13:55 ET"
INTC,119.44,2026-10-02,2,Call,117.00,+1.93%,4.15,4.02,4.3,6141,2127,2.89,69.34%,77.94%,0.659712,"13:36 ET"
DKL,53.46,2026-11-20,51,Call,60.00,-12.36%,0.3,0.36,0.55,952,330,2.88,29.88%,29.65%,0.146398,"12:12 ET"
MSFT,518.89,2026-10-02,2,Call,525.00,-1.57%,2.36,2.39,2.45,8080,2816,2.87,30.28%,31.74%,0.310813,"13:54 ET"
RKT,11.6,2027-03-19,170,Call,12.00,-3.81%,1.86,1.85,1.91,1036,363,2.85,64.25%,62.70%,0.569963,"13:48 ET"
IBRX,9.73,2026-10-02,2,Call,10.00,-2.88%,0.25,0.25,0.3,3483,1220,2.85,102.05%,135.50%,0.412722,"13:51 ET"
MSFT,518.89,2028-01-21,478,Call,185.00,+64.21%,339.5,340.98,344.5,545,192,2.84,30.28%,52.23%,0.973761,"13:34 ET"
WULF,14.88,2026-10-09,9,Call,15.00,-0.94%,0.64,0.68,0.67,583,205,2.84,81.92%,80.44%,0.482491,"13:39 ET"
LQDA,36.52,2026-10-02,2,Put,65.00,+22.13%,25.9,14.8,30,847,298,2.84,120.04%,294.33%,-0.99414,"11:29 ET"
TLN,315.75,2027-01-15,107,Call,320.00,-2.30%,33.8,36,39,2501,882,2.84,53.57%,52.86%,0.560293,"12:50 ET"
AVGO,353.74,2026-09-30,0,Put,355.00,+0.64%,2.13,2.19,2.24,3188,1122,2.84,36.71%,17.45%,-0.68154,"13:55 ET"
TSLA,353.89,2026-10-05,5,Put,340.00,-3.29%,1.6,1.63,1.65,1215,429,2.83,42.16%,38.56%,-0.183028,"13:52 ET"
HIMS,30.51,2026-10-02,2,Put,30.50,+0.56%,0.72,0.76,0.8,719,255,2.82,78.11%,83.09%,-0.49299,"13:51 ET"
INTC,119.44,2026-10-02,2,Call,121.00,-1.42%,2.2,2.2,2.26,6425,2288,2.81,69.34%,80.82%,0.435307,"13:53 ET"
BYND,8.16,2026-10-02,2,Put,8.50,+5.33%,0.4,0.51,0.61,521,186,2.8,105.93%,118.66%,-0.672626,"12:08 ET"
MU,1069.53,2026-10-09,9,Call,"1,075.00",-0.54%,46.85,47.26,47.75,601,215,2.8,60.06%,74.28%,0.506865,"13:54 ET"
NVDA,230.4,2026-10-07,7,Call,220.00,+4.43%,11.2,11.25,11.45,921,330,2.79,34.15%,33.82%,0.844464,"13:29 ET"
GLW,154.07,2027-03-19,170,Call,210.00,-37.03%,10.4,10.01,10.65,923,332,2.78,58.76%,61.30%,0.311087,"13:26 ET"
GEO,30.64,2026-11-20,51,Put,29.00,-5.41%,1.85,1.9,1.9,703,254,2.77,57.28%,59.45%,-0.356609,"13:55 ET"
PATH,12.83,2026-10-09,9,Call,13.50,-5.63%,0.22,0.22,0.24,1235,446,2.77,56.78%,61.88%,0.305141,"13:37 ET"
MSFT,518.89,2026-10-09,9,Put,495.00,-4.23%,1.47,1.7,1.71,1589,573,2.77,30.28%,28.02%,-0.135231,"13:37 ET"
MU,1069.53,2026-10-02,2,Call,"1,165.00",-8.96%,10.8,10.85,10.9,846,306,2.76,60.06%,129.70%,0.198469,"13:52 ET"
BMNR,26.61,2026-10-09,9,Put,26.50,-0.79%,1.1,1.12,1.18,915,332,2.76,74.15%,71.93%,-0.462927,"13:47 ET"
PLTR,188.95,2026-10-02,2,Call,190.00,-1.32%,2.15,2.16,2.18,16914,6123,2.76,52.38%,49.84%,0.43089,"13:55 ET"
MRVL,261.6,2026-10-09,9,Call,257.50,+0.99%,13.85,13.63,14.4,523,190,2.75,65.24%,72.17%,0.583313,"13:12 ET"
INTC,119.44,2027-09-17,352,Put,100.00,-16.18%,16.35,16.7,17.05,1012,368,2.75,69.34%,63.98%,-0.259648,"12:54 ET"
NBIS,238.05,2026-10-02,2,Call,240.00,-0.93%,5.55,5.65,5.6,5225,1903,2.75,83.09%,90.37%,0.471484,"13:54 ET"
INTC,119.44,2026-09-30,0,Put,120.00,+0.59%,1.11,1.15,1.18,9434,3439,2.74,69.34%,37.51%,-0.564402,"13:55 ET"
CBRS,180.4,2026-10-02,2,Call,185.00,-3.18%,2.35,2.4,2.6,2813,1031,2.73,74.03%,84.36%,0.341725,"13:53 ET"
TSLA,353.89,2026-10-02,2,Call,367.50,-4.54%,1.25,1.26,1.27,6834,2499,2.73,42.16%,53.39%,0.171377,"13:55 ET"
BRZE,24.98,2026-10-16,16,Call,27.50,-10.62%,0.35,0.45,0.55,1106,407,2.72,60.87%,63.62%,0.244944,"13:31 ET"
DKNG,19.27,2026-10-09,9,Call,21.00,-9.03%,0.17,0.2,0.2,737,272,2.71,63.25%,59.60%,0.193661,"13:21 ET"
HOOD,113.04,2026-10-02,2,Call,113.00,+0.13%,2.25,2.29,2.28,2562,946,2.71,61.43%,70.71%,0.497885,"13:54 ET"
TSLA,353.89,2026-09-30,0,Put,355.00,+0.98%,1.95,1.96,1.98,15927,5881,2.71,42.16%,15.97%,-0.675741,"13:55 ET"
GOOG,346.65,2027-09-17,352,Put,335.00,-3.39%,34.05,33.8,34.4,530,196,2.7,33.50%,34.04%,-0.364791,"12:52 ET"
UTHR,545.16,2026-10-16,16,Call,500.00,+8.46%,47.3,47.3,53.9,680,252,2.7,36.71%,41.13%,0.862624,"13:18 ET"
LUNR,14.75,2026-10-09,9,Call,16.00,-8.99%,0.3,0.33,0.36,779,289,2.7,88.66%,85.26%,0.287229,"13:54 ET"
TSLA,353.89,2026-10-05,5,Put,335.00,-4.71%,0.91,0.97,0.95,538,200,2.69,42.16%,39.53%,-0.114442,"13:45 ET"
AMZN,250.84,2026-10-05,5,Call,250.00,+0.28%,3.75,3.86,3.95,2803,1042,2.69,34.90%,27.08%,0.570439,"13:55 ET"
AMZN,250.84,2026-10-02,2,Call,252.50,-0.72%,1.99,2,2.03,17622,6559,2.69,34.90%,35.06%,0.426459,"13:54 ET"
CIFR,16.09,2026-10-09,9,Call,16.50,-2.80%,0.69,0.7,0.76,741,276,2.68,95.09%,91.13%,0.453527,"13:47 ET"
AMD,607.35,2026-10-05,5,Call,650.00,-7.47%,1.6,1.6,1.65,561,210,2.67,53.37%,45.94%,0.106234,"13:54 ET"
MS,189.27,2026-10-09,9,Put,185.00,-2.43%,1.53,1.75,1.73,1077,403,2.67,33.61%,28.83%,-0.294559,"13:45 ET"
CF,117.11,2027-01-15,107,Call,150.00,-28.25%,2.45,2.55,2.75,2272,855,2.66,44.30%,44.20%,0.187714,"13:50 ET"
PATH,12.83,2026-12-18,79,Call,15.00,-17.37%,0.88,0.88,0.91,7611,2864,2.66,56.78%,68.50%,0.375446,"13:55 ET"
AMZN,250.84,2026-10-02,2,Call,240.00,+4.26%,11.35,11.3,11.85,4761,1796,2.65,34.90%,47.62%,0.905237,"13:51 ET"
MSFT,518.89,2026-10-05,5,Call,520.00,-0.60%,5.3,5.4,5.5,730,276,2.64,30.28%,24.40%,0.477195,"13:53 ET"
COUR,5.01,2026-10-16,16,Put,5.00,-0.99%,0.15,0.22,0.25,658,250,2.63,64.57%,49.40%,-0.47042,"13:32 ET"
ONDS,7.47,2027-04-16,198,Call,10.00,-34.59%,1.05,1.1,1.2,2670,1015,2.63,74.94%,83.63%,0.449615,"13:20 ET"
SPCX,152.07,2026-10-02,2,Put,149.00,-1.50%,1.04,1.04,1.05,8874,3389,2.62,46.81%,50.59%,-0.287876,"13:55 ET"
TSLA,353.89,2026-10-02,2,Put,340.00,-3.29%,1,0.99,1.01,11724,4469,2.62,42.16%,51.11%,-0.143983,"13:55 ET"
NVDA,230.4,2026-10-07,7,Put,232.50,+1.00%,4.45,4.8,4.8,1114,429,2.6,34.15%,27.27%,-0.588018,"13:29 ET"
NCLH,14.69,2026-10-09,9,Call,15.50,-5.87%,0.18,0.18,0.22,1194,459,2.6,54.41%,51.16%,0.283029,"13:46 ET"
PBR,21.3,2026-10-30,30,Put,19.00,-10.34%,0.4,0.49,0.56,1439,554,2.6,52.36%,57.86%,-0.218352,"13:39 ET"
BA,186.22,2026-10-02,2,Call,190.00,-1.39%,0.94,1,1.03,6684,2570,2.6,35.59%,41.28%,0.282424,"13:54 ET"
AAPL,336.26,2026-10-05,5,Put,337.50,+0.51%,3.6,3.68,3.8,895,345,2.59,24.69%,21.12%,-0.530807,"13:54 ET"
MU,1069.53,2026-10-02,2,Put,"1,070.00",+0.07%,39,39.02,39.15,3668,1416,2.59,60.06%,122.28%,-0.485931,"13:55 ET"
DELL,543.65,2026-10-02,2,Call,547.50,-0.83%,9.1,9.68,10.2,721,280,2.58,60.44%,68.68%,0.467507,"13:52 ET"
ZETA,31.5,2026-10-09,9,Call,30.00,+4.46%,2.15,2.11,2.57,3262,1262,2.58,70.86%,74.51%,0.690529,"13:30 ET"
MDB,354.72,2026-10-02,2,Call,370.00,-4.96%,2.35,2.5,3.05,1476,575,2.57,57.96%,79.30%,0.230119,"13:50 ET"
INTC,119.44,2026-10-05,5,Call,130.00,-8.97%,0.65,0.68,0.7,3530,1374,2.57,69.34%,65.39%,0.147745,"13:53 ET"
ALLY,37.33,2026-10-16,16,Call,38.00,-2.43%,0.55,0.7,0.7,6686,2620,2.55,31.32%,29.37%,0.396915,"12:16 ET"
COIN,186.64,2026-10-02,2,Call,80.00,+57.29%,105.5,108.11,110.8,523,206,2.54,63.81%,702.27%,0.970729,"12:56 ET"
CRCL,82.6,2026-10-30,30,Put,84.00,+1.56%,7,6.45,7.2,531,209,2.54,71.51%,67.76%,-0.49408,"12:30 ET"
TSLA,353.89,2026-10-23,23,Call,465.00,-32.27%,0.53,0.5,0.55,831,328,2.53,42.16%,55.33%,0.029781,"12:55 ET"
MRK,146.82,2026-10-02,2,Put,145.00,-1.20%,0.67,0.9,0.91,1068,422,2.53,33.20%,35.10%,-0.315933,"12:17 ET"
NVDA,230.4,2026-10-09,9,Put,197.50,-14.21%,0.14,0.15,0.16,785,311,2.52,34.15%,49.71%,-0.021866,"12:01 ET"
QSI,1.08,2027-04-16,198,Call,1.0000,+6.98%,0.3,0.37,0.45,1115,443,2.52,200.06%,115.50%,0.696992,"10:46 ET"
AKAM,107.88,2026-11-20,51,Call,105.00,+2.59%,12.1,12.5,12.6,1657,658,2.52,61.17%,65.70%,0.604614,"13:39 ET"
GOOGL,350.02,2026-10-09,9,Call,350.00,+0.02%,6.95,7,7.2,4574,1813,2.52,33.63%,31.48%,0.517913,"13:51 ET"
META,733.17,2026-10-02,2,Put,735.00,+0.29%,10,10.1,10.5,1580,629,2.51,41.79%,46.04%,-0.501693,"13:53 ET"
GOOG,346.65,2026-10-02,2,Put,350.00,+0.94%,5.45,5.55,5.6,2687,1071,2.51,33.50%,35.39%,-0.63681,"13:54 ET"
TSLA,353.89,2026-10-05,5,Call,365.00,-3.83%,2.47,2.48,2.53,2770,1103,2.51,42.16%,39.64%,0.258555,"13:55 ET"
NVDA,230.4,2026-10-05,5,Call,220.00,+4.43%,10.6,10.5,11.2,4461,1777,2.51,34.15%,33.37%,0.885201,"13:43 ET"
WY,19.24,2027-01-15,107,Call,22.00,-14.17%,0.3,0.35,0.4,512,205,2.5,29.47%,28.97%,0.217571,"11:40 ET"
INTC,119.44,2026-10-30,30,Put,88.00,-26.24%,0.67,0.74,0.77,523,209,2.5,69.34%,74.58%,-0.06005,"12:04 ET"
AMZN,250.84,2026-10-02,2,Call,235.00,+6.26%,16.2,16,16.85,1000,404,2.48,34.90%,60.41%,0.934927,"13:22 ET"
SOUN,6.05,2028-01-21,478,Call,27.00,-347.76%,0.31,0.38,0.47,1000,404,2.48,63.56%,87.78%,0.176449,"10:22 ET"
SCCO,202.9,2026-10-02,2,Call,215.00,-5.87%,0.35,0.58,0.75,1007,406,2.48,46.64%,64.61%,0.117946,"11:21 ET"
RCAT,6.51,2026-11-20,51,Put,7.00,+8.19%,1.07,1.13,1.16,5530,2243,2.47,82.58%,85.91%,-0.524472,"13:54 ET"
TSLA,353.89,2026-10-12,12,Call,365.00,-3.83%,5.35,5.65,5.55,623,253,2.46,42.16%,38.39%,0.343956,"13:52 ET"
JPM,332.49,2027-03-19,170,Put,290.00,-12.71%,7.05,7.1,7.3,2930,1192,2.46,26.91%,27.59%,-0.190525,"13:54 ET"
SPCX,152.07,2026-10-09,9,Put,150.00,-0.84%,3.05,3.05,3.1,3944,1601,2.46,46.81%,42.93%,-0.403668,"13:53 ET"
MRNA,191.22,2026-10-16,16,Call,207.50,-8.83%,6.55,5.95,6.75,563,230,2.45,90.24%,80.15%,0.340977,"12:57 ET"
BA,186.22,2026-10-02,2,Call,192.50,-2.72%,0.51,0.56,0.56,5472,2230,2.45,35.59%,43.31%,0.169806,"13:54 ET"
DASH,183.35,2028-01-21,478,Put,220.00,+18.96%,55.5,56,58.5,500,205,2.44,53.36%,47.19%,-0.516136,"13:13 ET"
CIFR,16.09,2026-10-30,30,Call,20.00,-24.61%,0.55,0.59,0.61,1886,777,2.43,95.09%,94.61%,0.253195,"12:44 ET"
TSM,458.08,2027-09-17,352,Put,500.00,+9.00%,83.35,83.35,83.85,1607,663,2.42,34.41%,37.22%,-0.506137,"13:40 ET"
HPE,64.92,2026-10-02,2,Put,64.00,-1.69%,0.99,1.15,1.13,1084,449,2.41,62.43%,77.48%,-0.390745,"13:51 ET"
NVDA,230.4,2026-10-02,2,Put,237.50,+3.17%,7.3,7.36,7.5,948,396,2.39,34.15%,30.70%,-0.911736,"13:55 ET"
MU,1069.53,2026-10-02,2,Call,"1,230.00",-15.04%,4.35,4.35,4.4,1317,550,2.39,60.06%,136.61%,0.090749,"13:54 ET"
INTC,119.44,2026-10-02,2,Call,124.00,-3.94%,1.26,1.26,1.31,3440,1439,2.39,69.34%,82.84%,0.28881,"13:52 ET"
WFC,80.06,2026-10-09,9,Call,80.00,-0.09%,1.37,1.33,1.57,1544,650,2.38,31.33%,28.41%,0.518977,"13:26 ET"
ZETA,31.5,2026-11-20,51,Call,35.00,-11.46%,2.09,2.26,2.32,6288,2638,2.38,70.86%,73.07%,0.411761,"13:54 ET"
BMY,62.97,2026-10-09,9,Call,64.00,-1.46%,0.45,0.75,0.56,759,322,2.36,32.09%,23.42%,0.335869,"11:14 ET"
META,733.17,2026-10-09,9,Call,730.00,+0.39%,20.8,20.4,21.15,876,371,2.36,41.79%,40.08%,0.555637,"13:50 ET"
TSLA,353.89,2026-10-05,5,Call,347.50,+1.15%,9.85,10,10.05,1092,463,2.36,42.16%,38.49%,0.663569,"13:53 ET"
MRVL,261.6,2026-10-09,9,Call,270.00,-3.82%,8.5,8.5,8.6,2663,1129,2.36,65.24%,72.84%,0.418791,"13:53 ET"
AAPL,336.26,2026-10-02,2,Call,340.00,-1.25%,1.32,1.32,1.36,33845,14358,2.36,24.69%,26.76%,0.314498,"13:54 ET"
AI,10.88,2026-10-30,30,Call,12.50,-15.53%,0.21,0.24,0.27,609,259,2.35,59.52%,59.07%,0.239623,"13:33 ET"
BA,186.22,2027-02-19,142,Put,165.00,-11.95%,5.8,5.8,6.7,522,223,2.34,35.59%,33.61%,-0.241794,"11:20 ET"
RKLB,72.13,2026-10-02,2,Call,74.00,-2.96%,0.88,0.97,0.95,3257,1394,2.34,74.34%,80.92%,0.332414,"13:50 ET"
GOOG,346.65,2026-10-02,2,Call,352.50,-1.66%,1.63,1.65,1.68,5112,2185,2.34,33.50%,37.62%,0.280593,"13:49 ET"
CCJ,87.54,2026-10-02,2,Call,92.00,-5.19%,0.15,0.2,0.3,944,405,2.33,44.39%,58.00%,0.123287,"13:31 ET"
UBER,68.86,2028-01-21,478,Call,130.00,-88.95%,2.16,2.22,2.36,1200,518,2.32,37.24%,41.13%,0.161063,"10:58 ET"
TSLA,353.89,2026-10-02,2,Call,362.50,-3.11%,2.19,2.2,2.23,6451,2780,2.32,42.16%,52.32%,0.269207,"13:55 ET"
MDB,354.72,2026-10-16,16,Put,350.00,-0.71%,14.25,14.85,15.45,543,235,2.31,57.96%,57.39%,-0.437612,"13:51 ET"
MSTR,154.37,2026-10-09,9,Call,152.50,+1.27%,6.95,7.05,7.15,740,320,2.31,65.49%,63.73%,0.566128,"13:54 ET"
TMO,681.86,2026-10-16,16,Call,750.00,-9.91%,0.95,1,1.4,2728,1179,2.31,32.76%,29.05%,0.066175,"12:19 ET"
MSFT,518.89,2026-10-09,9,Call,570.00,-10.28%,0.19,0.21,0.24,637,277,2.3,30.28%,29.75%,0.023969,"13:39 ET"
TSLA,353.89,2026-10-05,5,Put,355.00,+0.98%,6.8,7,7.05,924,401,2.3,42.16%,38.10%,-0.52217,"13:53 ET"
MU,1069.53,2026-10-02,2,Put,"1,065.00",-0.39%,36.3,36.4,36.4,1102,479,2.3,60.06%,121.74%,-0.465323,"13:55 ET"
CAPR,9.6,2026-11-20,51,Put,6.00,-37.95%,0.8,0.85,1.45,501,219,2.29,197.90%,229.57%,-0.162881,"11:10 ET"
PCG,12.15,2026-10-09,9,Put,12.00,-1.56%,0.15,0.2,0.25,608,265,2.29,46.00%,36.64%,-0.391805,"13:44 ET"
BMY,62.97,2026-10-09,9,Call,68.00,-7.80%,0.03,0.1,0.06,600,263,2.28,32.09%,27.80%,0.041012,"13:17 ET"
MU,1069.53,2026-10-05,5,Put,875.00,-18.16%,0.87,0.93,0.92,747,327,2.28,60.06%,86.84%,-0.021463,"13:36 ET"
QXO,11.84,2026-10-09,9,Call,13.00,-10.26%,0.05,0.16,0.15,1018,446,2.28,63.65%,60.03%,0.173981,"12:58 ET"
LMND,45.56,2026-10-02,2,Call,47.00,-2.91%,0.25,0.45,0.45,1067,468,2.28,68.06%,66.42%,0.264055,"12:25 ET"
MSFT,518.89,2026-10-02,2,Put,515.00,-0.36%,3.1,3.15,3.25,4091,1794,2.28,30.28%,31.70%,-0.372791,"13:54 ET"
GOOGL,350.02,2026-10-02,2,Call,345.00,+1.45%,6.8,6.95,7.15,7104,3113,2.28,33.63%,38.03%,0.704029,"13:51 ET"
BA,186.22,2026-10-09,9,Put,187.50,+0.05%,4.1,4.3,4.5,538,237,2.27,35.59%,32.69%,-0.527184,"13:48 ET"
APEI,42.45,2026-10-16,16,Call,45.00,-6.03%,0.4,0.4,0.45,717,317,2.26,55.27%,35.71%,0.236696,"13:48 ET"
IBRX,9.73,2026-10-02,2,Put,9.00,-7.41%,0.1,0.13,0.15,1340,594,2.26,102.05%,139.47%,-0.209237,"13:54 ET"
BAC,54.54,2026-10-09,9,Call,55.00,-0.90%,0.63,0.63,0.64,1763,781,2.26,28.52%,24.26%,0.425834,"13:48 ET"
MSTR,154.37,2026-10-09,9,Call,157.50,-1.97%,4.8,4.75,4.95,1039,462,2.25,65.49%,65.13%,0.440231,"13:42 ET"
AAOI,99.43,2027-03-19,170,Put,60.00,-38.56%,4.5,5.3,5.9,500,223,2.24,91.69%,91.23%,-0.125417,"12:24 ET"
SLS,12.31,2026-10-02,2,Put,12.00,-1.56%,0.2,0.26,0.4,592,265,2.23,175.81%,116.78%,-0.384638,"13:54 ET"
TSLA,353.89,2026-10-09,9,Put,350.00,-0.44%,6.95,7.05,7.05,4014,1800,2.23,42.16%,40.06%,-0.417705,"13:53 ET"
AAPL,336.26,2026-10-07,7,Put,337.50,+0.51%,4.25,4.37,4.55,654,295,2.22,24.69%,21.79%,-0.521398,"13:51 ET"
NVDA,230.4,2026-11-06,37,Put,230.00,-0.09%,8.4,8.48,8.55,663,298,2.22,34.15%,30.74%,-0.46434,"13:54 ET"
IBM,219.68,2026-10-02,2,Put,220.00,+0.27%,2.53,2.65,2.83,2116,955,2.22,37.94%,37.20%,-0.528484,"13:42 ET"
MU,1069.53,2026-10-02,2,Call,"1,260.00",-17.85%,2.95,2.95,3,2731,1230,2.22,60.06%,140.87%,0.06379,"13:53 ET"
CBRS,180.4,2026-10-16,16,Call,215.00,-19.92%,1.85,2.04,2.2,576,261,2.21,74.03%,75.02%,0.148406,"13:38 ET"
NVDA,230.4,2026-10-07,7,Call,232.50,-1.00%,2.69,2.76,2.74,1777,805,2.21,34.15%,28.59%,0.418652,"13:53 ET"
TSLA,353.89,2026-10-05,5,Put,350.00,-0.44%,4.5,4.5,4.6,2232,1012,2.21,42.16%,38.15%,-0.396235,"13:55 ET"
BABA,108.08,2026-10-09,9,Put,100.00,-7.28%,0.21,0.22,0.25,2637,1191,2.21,38.72%,35.88%,-0.081225,"13:41 ET"
UAL,110.9,2026-11-20,51,Put,100.00,-9.54%,3.5,3.61,3.8,1991,907,2.2,52.25%,49.86%,-0.262837,"13:47 ET"
SPCX,152.07,2026-10-02,2,Call,150.00,+0.84%,3.4,3.42,3.45,40096,18212,2.2,46.81%,50.51%,0.648862,"13:55 ET"
VRTX,526.02,2027-01-15,107,Put,450.00,-14.25%,5.2,9.13,13.2,500,229,2.18,32.33%,34.56%,-0.162698,"11:23 ET"
AMD,607.35,2026-10-02,2,Call,610.00,-0.86%,8.55,8.7,8.8,2373,1089,2.18,53.37%,56.80%,0.458305,"13:54 ET"
UPST,22.91,2026-10-02,2,Call,23.00,-0.74%,0.4,0.41,0.44,509,235,2.17,70.62%,68.07%,0.480697,"13:54 ET"
GOOG,346.65,2026-10-09,9,Put,345.00,-0.50%,5.55,5.65,5.75,634,292,2.17,33.50%,30.31%,-0.444886,"13:46 ET"
BE,280.25,2026-10-02,2,Put,277.50,-0.38%,5.75,5.94,6.25,906,417,2.17,80.86%,84.93%,-0.440751,"13:52 ET"
IVA,3.69,2027-01-15,107,Call,5.00,-33.33%,1.65,1.92,2.2,5106,2352,2.17,310.54%,300.71%,0.736998,"13:49 ET"
NBIS,238.05,2026-10-02,2,Call,247.50,-4.08%,2.94,2.94,3,1166,541,2.16,83.09%,91.54%,0.300165,"13:53 ET"
ORCL,137.8,2026-10-02,2,Call,136.00,+0.96%,3.15,3,3.3,1776,822,2.16,51.63%,57.09%,0.620467,"13:28 ET"
SLS,12.31,2026-10-16,16,Call,8.00,+34.37%,3,2.8,4.6,605,282,2.15,175.81%,88.36%,0.992003,"12:01 ET"
NVDA,230.4,2026-10-07,7,Call,230.00,+0.09%,3.85,3.95,4,1395,649,2.15,34.15%,29.13%,0.526787,"13:54 ET"
BA,186.22,2026-10-16,16,Call,190.00,-1.39%,3.8,3.95,4.1,2741,1272,2.15,35.59%,34.98%,0.415518,"13:53 ET"
NBIS,238.05,2026-10-02,2,Call,242.50,-1.98%,4.5,4.52,4.6,1439,674,2.14,83.09%,90.53%,0.410618,"13:53 ET"
AAPL,336.26,2026-10-02,2,Put,340.00,+1.25%,4.5,4.6,4.65,8382,3920,2.14,24.69%,25.90%,-0.692777,"13:54 ET"
BX,112.69,2028-01-21,478,Call,115.00,-2.38%,17.65,17.9,18.4,883,414,2.13,39.26%,38.97%,0.54683,"13:50 ET"
META,733.17,2026-10-02,2,Put,722.50,-1.42%,4.85,4.92,5.1,1162,545,2.13,41.79%,45.68%,-0.307422,"13:54 ET"
BMNR,26.61,2026-10-02,2,Call,26.50,+0.79%,0.71,0.77,0.78,1374,645,2.13,74.15%,88.85%,0.534882,"13:47 ET"
MU,1069.53,2026-10-02,2,Call,"1,235.00",-15.51%,4.05,4,4.15,548,258,2.12,60.06%,137.32%,0.08556,"13:49 ET"
RIOT,20.63,2026-10-02,2,Put,19.50,-5.11%,0.11,0.13,0.14,630,297,2.12,81.52%,81.57%,-0.180312,"13:49 ET"
MRNA,191.22,2026-11-20,51,Put,180.00,-5.59%,20,20.5,20.95,1039,493,2.11,90.24%,94.24%,-0.362347,"13:37 ET"
UPS,93.89,2026-11-20,51,Call,95.00,-1.31%,4,4.08,4.2,1822,862,2.11,32.24%,34.31%,0.474624,"13:44 ET"
JANX,17.38,2027-02-19,142,Put,22.50,+29.98%,6.3,6.5,6.8,547,261,2.1,86.11%,74.76%,-0.621892,"13:43 ET"
MP,48.32,2026-10-02,2,Call,48.00,+0.17%,1.03,1.16,1.22,899,429,2.1,59.68%,74.24%,0.532113,"13:49 ET"
AMD,607.35,2026-10-02,2,Put,597.50,-1.21%,5.9,6,6.2,1177,560,2.1,53.37%,56.31%,-0.348228,"13:54 ET"
BE,280.25,2027-01-15,107,Call,370.00,-32.83%,22.3,22.5,22.85,523,250,2.09,80.86%,80.41%,0.345174,"13:41 ET"
GME,24.79,2026-10-16,16,Call,26.50,-7.33%,0.59,0.61,0.66,1120,537,2.09,52.04%,63.50%,0.315681,"13:43 ET"
SPCX,152.07,2026-10-02,2,Call,155.00,-2.47%,1.09,1.09,1.1,44889,21464,2.09,46.81%,50.10%,0.308807,"13:55 ET"
F,12.03,2026-10-09,9,Call,12.00,+0.17%,0.26,0.28,0.29,734,353,2.08,37.69%,34.37%,0.530349,"13:47 ET"
PBR,21.3,2026-10-23,23,Put,19.00,-10.34%,0.2,0.25,0.26,1155,554,2.08,52.36%,48.77%,-0.158666,"13:34 ET"
TSCO,31.16,2026-11-20,51,Call,35.00,-12.79%,0.8,0.84,0.85,711,344,2.07,43.57%,45.60%,0.274637,"13:54 ET"
TTD,12.07,2026-10-16,16,Call,12.00,-0.17%,0.55,0.62,0.63,838,404,2.07,68.64%,54.97%,0.544628,"13:41 ET"
MDB,354.72,2026-11-20,51,Call,370.00,-4.96%,24.05,24.8,25.45,911,441,2.07,57.96%,58.48%,0.471145,"13:17 ET"
AVGO,353.74,2026-10-05,5,Call,370.00,-4.89%,0.95,0.97,0.98,564,274,2.06,36.71%,34.58%,0.135691,"13:54 ET"
RKLB,72.13,2026-10-02,2,Call,73.00,-1.57%,1.18,1.28,1.31,3411,1659,2.06,74.34%,79.85%,0.416973,"13:54 ET"
HOOD,113.04,2026-10-09,9,Put,118.00,+4.29%,7.25,6.9,7.4,565,275,2.05,61.43%,59.42%,-0.666788,"13:01 ET"
TSLA,353.89,2026-10-05,5,Put,330.00,-6.13%,0.53,0.57,0.56,1099,536,2.05,42.16%,41.15%,-0.070808,"13:51 ET"
INTC,119.44,2026-10-02,2,Call,127.00,-6.45%,0.7,0.72,0.73,3346,1631,2.05,69.34%,85.37%,0.179614,"13:53 ET"
MSTR,154.37,2026-10-02,2,Call,157.50,-1.97%,2.16,2.21,2.23,5604,2734,2.05,65.49%,78.64%,0.367783,"13:54 ET"
MSTR,154.37,2026-10-09,9,Put,144.00,-6.77%,2,2.2,2.04,646,316,2.04,65.49%,61.69%,-0.223706,"12:02 ET"
MDB,354.72,2026-12-18,79,Put,260.00,-26.24%,7.05,7.6,8,780,382,2.04,57.96%,66.75%,-0.120904,"13:10 ET"
EIX,53.44,2026-11-20,51,Put,52.50,-2.16%,2.6,2.7,2.95,2057,1006,2.04,36.93%,40.47%,-0.42486,"13:49 ET"
MSFT,518.89,2026-10-02,2,Call,522.50,-1.09%,3.25,3.25,3.35,2701,1325,2.04,30.28%,32.06%,0.386979,"13:54 ET"
KOD,94.7,2026-10-16,16,Put,60.00,-36.20%,0.25,0.4,0.3,1047,516,2.03,82.36%,121.96%,-0.027114,"12:07 ET"
CMG,31.73,2026-10-09,9,Call,35.00,-10.06%,0.12,0.2,0.2,1053,518,2.03,45.01%,52.28%,0.127491,"12:32 ET"
NVDA,230.4,2026-10-07,7,Call,237.50,-3.17%,1.1,1.12,1.14,1095,540,2.03,34.15%,27.88%,0.222823,"13:54 ET"
RIO,94.8,2026-12-18,79,Call,100.00,-5.67%,3.4,3.6,3.7,1629,804,2.03,31.50%,34.08%,0.373473,"12:56 ET"
PLUG,1.98,2026-11-20,51,Put,2.0000,+1.78%,0.21,0.21,0.24,2033,1002,2.03,70.56%,73.69%,-0.457553,"13:06 ET"
HPE,64.92,2026-10-02,2,Call,66.00,-1.38%,0.95,1.01,1.06,4911,2418,2.03,62.43%,76.72%,0.396649,"13:53 ET"
NVDA,230.4,2026-10-05,5,Call,232.50,-1.00%,1.89,1.94,1.93,5826,2877,2.03,34.15%,26.29%,0.389562,"13:53 ET"
GOOGL,350.02,2026-09-30,0,Call,345.00,+1.45%,4.95,5.2,5.3,6732,3318,2.03,33.63%,16.50%,0.955963,"13:50 ET"
VST,138.44,2026-10-02,2,Call,142.00,-2.97%,0.67,0.85,0.88,655,324,2.02,45.41%,48.20%,0.262908,"13:51 ET"
KLAR,12.44,2026-11-20,51,Call,15.00,-20.97%,0.25,0.3,0.3,656,324,2.02,51.36%,54.12%,0.211715,"13:42 ET"
CRWV,86.97,2026-10-16,16,Call,87.00,-0.36%,5.2,5.35,5.4,1163,576,2.02,76.70%,71.56%,0.536365,"13:47 ET"
NFLX,69.81,2026-10-16,16,Put,67.00,-4.08%,0.66,0.68,0.68,2103,1043,2.02,37.83%,31.05%,-0.242111,"13:53 ET"
TSLA,353.89,2026-10-02,2,Put,330.00,-6.13%,0.27,0.28,0.29,4854,2399,2.02,42.16%,56.13%,-0.045548,"13:55 ET"
AAPL,336.26,2026-11-20,51,Call,395.00,-17.63%,0.59,0.62,0.64,1464,729,2.01,24.69%,24.43%,0.049549,"13:48 ET"
GOOGL,350.02,2026-10-05,5,Call,350.00,+0.02%,4.55,4.65,4.85,1694,844,2.01,33.63%,28.12%,0.513862,"13:48 ET"
FCX,71,2026-10-02,2,Call,73.00,-2.66%,0.36,0.52,0.6,2087,1038,2.01,48.46%,58.14%,0.264332,"13:24 ET"
AMD,607.35,2026-09-30,0,Call,620.00,-2.51%,0.13,0.15,0.15,10483,5205,2.01,53.37%,24.41%,0.044517,"13:55 ET"
IRON,65.95,2026-10-16,16,Call,70.00,-6.56%,3.2,4.3,5.9,1005,502,2,124.13%,111.98%,0.447614,"10:55 ET"
NVDA,230.4,2026-10-07,7,Call,235.00,-2.09%,1.77,1.8,1.81,1722,859,2,34.15%,28.20%,0.314659,"13:54 ET"
TSLA,353.89,2026-10-05,5,Call,360.00,-2.40%,3.8,3.9,3.9,3037,1519,2,42.16%,38.90%,0.360146,"13:55 ET"
GOOGL,350.02,2026-10-02,2,Put,345.00,-1.45%,1.65,1.68,1.8,3153,1578,2,33.63%,36.39%,-0.288381,"13:48 ET"
MU,1069.53,2026-10-02,2,Call,"1,067.50",+0.16%,39.6,39.75,39.8,963,484,1.99,60.06%,123.41%,0.524641,"13:54 ET"
HOOD,113.04,2026-10-09,9,Call,117.00,-3.40%,2.55,2.61,2.6,1149,576,1.99,61.43%,60.05%,0.37019,"13:46 ET"
NBIS,238.05,2026-10-09,9,Call,260.00,-9.34%,4.25,4.42,4.6,1149,576,1.99,83.09%,78.91%,0.262798,"13:55 ET"
MSFT,518.89,2026-10-02,2,Put,512.50,-0.85%,2.32,2.34,2.43,1184,596,1.99,30.28%,32.13%,-0.299736,"13:51 ET"
GOOG,346.65,2026-10-02,2,Call,342.50,+1.22%,6.2,6.3,6.4,3601,1812,1.99,33.50%,37.69%,0.674302,"13:47 ET"
CCJ,87.54,2026-10-02,2,Call,90.00,-2.90%,0.44,0.5,0.6,677,342,1.98,44.39%,55.40%,0.24851,"13:16 ET"
NOW,134.4,2027-09-17,352,Put,85.00,-36.43%,5.35,5.5,5.7,1002,506,1.98,54.21%,55.37%,-0.119965,"12:35 ET"
TE,3.84,2026-10-02,2,Call,1.00,+73.89%,2.75,2.82,2.9,1278,647,1.98,102.41%,895.99%,0.990874,"13:30 ET"
CCL,24.75,2026-10-02,2,Put,25.00,+0.81%,0.43,0.45,0.48,2448,1235,1.98,39.84%,45.12%,-0.599483,"13:44 ET"
META,733.17,2026-10-02,2,Call,730.00,+0.39%,12.1,12.2,12.55,5536,2800,1.98,41.79%,45.87%,0.578387,"13:53 ET"
MRNA,191.22,2026-10-02,2,Put,195.00,+2.28%,7.5,7.7,7.8,843,428,1.97,90.24%,91.89%,-0.615263,"13:53 ET"
GOOG,346.65,2026-10-09,9,Call,347.50,-0.22%,6.4,6.65,6.6,881,447,1.97,33.50%,31.16%,0.496835,"13:37 ET"
TSLA,353.89,2026-10-05,5,Call,372.50,-5.96%,1.23,1.24,1.27,1017,517,1.97,42.16%,40.88%,0.14646,"13:54 ET"
NVDA,230.4,2026-10-05,5,Put,227.50,-1.17%,1.67,1.68,1.7,1938,986,1.97,34.15%,27.15%,-0.340334,"13:55 ET"
GME,24.79,2026-10-09,9,Call,24.50,+0.77%,0.97,1.01,1.03,2348,1192,1.97,52.04%,59.72%,0.545667,"13:50 ET"
KDK,1.87,2029-01-19,842,Call,2.00,-5.26%,0.8,0.85,1,580,296,1.96,119.29%,82.42%,0.746159,"12:56 ET"
AMZN,250.84,2026-10-05,5,Call,257.50,-2.72%,1.03,1.09,1.07,1567,800,1.96,34.90%,27.43%,0.228072,"13:47 ET"
SPCX,152.07,2026-10-02,2,Call,149.00,+1.50%,4.05,4.2,4.15,11558,5883,1.96,46.81%,50.70%,0.711985,"13:53 ET"
AAPL,336.26,2026-10-05,5,Call,340.00,-1.25%,1.95,2.05,2.06,3120,1601,1.95,24.69%,21.32%,0.356746,"13:52 ET"
MMED,19.76,2026-10-16,16,Call,25.00,-26.77%,0.05,0.25,0.5,7001,3590,1.95,67.92%,96.86%,0.145671,"12:55 ET"
NVDA,230.4,2026-10-07,7,Put,220.00,-4.43%,0.77,0.74,0.81,729,375,1.94,34.15%,32.38%,-0.145779,"13:52 ET"
NVDA,230.4,2026-10-07,7,Put,222.50,-3.34%,1.12,1.14,1.17,952,490,1.94,34.15%,31.09%,-0.202128,"13:54 ET"
HOOD,113.04,2026-10-09,9,Call,116.00,-2.52%,2.9,3,2.94,1191,615,1.94,61.43%,59.96%,0.404836,"13:48 ET"
RKLB,72.13,2026-10-02,2,Call,79.00,-9.92%,0.15,0.16,0.18,2581,1329,1.94,74.34%,87.54%,0.080051,"13:47 ET"
CLF,11.32,2026-11-20,51,Call,12.00,-6.01%,0.86,0.89,0.89,4288,2206,1.94,64.77%,67.91%,0.461102,"13:53 ET"
GFL,42.22,2026-10-16,16,Call,50.00,-18.15%,0.15,0.27,0.4,16762,8623,1.94,66.84%,62.04%,0.109653,"13:40 ET"
HUT,89.09,2026-11-20,51,Call,90.00,-2.06%,11.65,11.8,12.25,546,283,1.93,91.08%,92.71%,0.560629,"13:35 ET"
AAPL,336.26,2026-10-07,7,Put,335.00,-0.24%,3.1,3.22,3.4,551,286,1.93,24.69%,22.11%,-0.42387,"13:49 ET"
AAPL,336.26,2026-10-05,5,Call,332.50,+0.98%,5.85,5.75,6.2,1053,545,1.93,24.69%,22.18%,0.694023,"13:46 ET"
NVO,38.3,2026-10-02,2,Call,38.50,-0.63%,0.3,0.32,0.36,2545,1328,1.92,35.41%,39.01%,0.41786,"13:50 ET"
AMZN,250.84,2026-09-30,0,Call,245.00,+2.27%,6.1,6.5,6.75,4290,2235,1.92,34.90%,38.30%,0.896345,"13:51 ET"
AAPL,336.26,2026-10-02,2,Call,335.00,+0.24%,3.6,3.65,3.7,18531,9663,1.92,24.69%,27.42%,0.602166,"13:54 ET"
AVGO,353.74,2026-09-30,0,Call,350.00,+0.78%,3.55,3.75,3.9,779,408,1.91,36.71%,18.00%,0.855991,"13:51 ET"
BTG,5.24,2027-04-16,198,Call,6.00,-14.50%,0.55,0.6,0.65,1001,523,1.91,52.78%,55.88%,0.458942,"13:15 ET"
MRNA,191.22,2026-10-16,16,Put,180.00,-5.59%,6.95,7.2,7.2,1350,706,1.91,90.24%,76.05%,-0.326093,"13:25 ET"
PACB,2.3465,2026-10-16,16,Call,2.0000,+15.25%,0.4,0.44,0.45,2677,1403,1.91,108.91%,116.57%,0.780058,"13:47 ET"
GOOGL,350.02,2026-10-02,2,Put,350.00,-0.02%,3.6,3.7,3.85,3589,1878,1.91,33.63%,36.52%,-0.490686,"13:55 ET"
TSLA,353.89,2026-10-16,16,Call,352.50,-0.27%,12.8,12.85,12.95,911,479,1.9,42.16%,40.72%,0.539833,"13:54 ET"
LLY,1178.36,2026-10-02,2,Call,"1,250.00",-5.36%,0.4,0.41,0.7,1067,562,1.9,37.21%,44.52%,0.036062,"13:54 ET"
NEM,116.06,2026-12-18,79,Call,125.00,-7.60%,5.6,5.78,6,1504,792,1.9,40.90%,42.18%,0.399037,"13:39 ET"
HOOD,113.04,2026-10-02,2,Call,120.00,-6.05%,0.45,0.46,0.46,20743,10914,1.9,61.43%,76.21%,0.143088,"13:55 ET"
MRNA,191.22,2026-10-02,2,Put,177.50,-6.90%,0.92,0.94,0.98,587,311,1.89,90.24%,92.34%,-0.138971,"13:53 ET"
DT,58.35,2026-10-16,16,Call,65.00,-11.95%,0.2,0.25,0.45,754,399,1.89,46.42%,43.65%,0.127323,"13:03 ET"
IBRX,9.73,2026-10-09,9,Call,9.50,+2.26%,0.7,0.85,1,783,414,1.89,102.05%,120.47%,0.589472,"13:39 ET"
NOW,134.4,2026-10-02,2,Call,134.00,-0.21%,2.27,2.29,2.38,818,432,1.89,54.21%,57.24%,0.516776,"13:55 ET"
ARCC,19.24,2027-03-19,170,Call,20.00,-3.95%,0.45,0.55,0.55,856,454,1.89,16.68%,18.58%,0.338577,"13:52 ET"
INTC,119.44,2026-10-16,16,Call,133.00,-11.48%,2.43,2.42,2.53,890,472,1.89,69.34%,68.90%,0.256458,"13:31 ET"
DASH,183.35,2026-10-02,2,Call,195.00,-5.45%,0.26,0.45,0.67,1756,927,1.89,53.36%,65.88%,0.109864,"13:43 ET"
DKNG,19.27,2026-10-02,2,Call,20.00,-3.84%,0.15,0.15,0.16,2142,1132,1.89,63.25%,73.14%,0.254419,"13:54 ET"
SMCI,40.73,2026-11-20,51,Call,75.00,-84.59%,0.26,0.26,0.28,4268,2255,1.89,75.79%,90.65%,0.052499,"13:53 ET"
NVDA,230.4,2026-10-07,7,Call,227.50,+1.17%,5.35,5.1,5.6,540,288,1.88,34.15%,30.30%,0.628039,"13:46 ET"
INMD,14.16,2027-02-19,142,Call,15.00,-5.93%,0.7,0.95,1.2,1000,532,1.88,42.11%,33.81%,0.467224,"10:22 ET"
HPE,64.92,2026-10-02,2,Call,67.00,-2.92%,0.67,0.7,0.7,3010,1599,1.88,62.43%,77.09%,0.300125,"13:52 ET"
AAPL,336.26,2026-10-02,2,Call,332.50,+0.98%,5.3,5.4,5.5,9334,4971,1.88,24.69%,28.55%,0.727092,"13:54 ET"
MU,1069.53,2026-10-02,2,Call,"1,205.00",-12.70%,6.1,6.15,6.2,656,350,1.87,60.06%,133.53%,0.122716,"13:53 ET"
TSLA,353.89,2026-10-09,9,Put,345.00,-1.86%,4.95,5.04,5.05,1835,981,1.87,42.16%,40.00%,-0.330834,"13:55 ET"
AMZN,250.84,2026-10-02,2,Call,245.00,+2.27%,6.75,6.97,7,6983,3740,1.87,34.90%,37.14%,0.822115,"13:52 ET"
PLTR,188.95,2026-10-09,9,Put,182.50,-2.68%,2.61,2.67,2.72,659,355,1.86,52.38%,44.87%,-0.303349,"13:55 ET"
BB,9.11,2026-10-16,16,Call,9.50,-4.40%,0.33,0.36,0.36,660,355,1.86,63.31%,65.50%,0.412649,"13:25 ET"
NVDA,230.4,2026-10-12,12,Call,240.00,-4.26%,1.31,1.32,1.44,2017,1086,1.86,34.15%,27.35%,0.21602,"13:48 ET"
SPCX,152.07,2026-11-06,37,Call,210.00,-38.82%,0.35,0.36,0.38,3012,1619,1.86,46.81%,53.64%,0.037332,"11:18 ET"
TSLA,353.89,2026-10-02,2,Call,365.00,-3.83%,1.66,1.66,1.69,19195,10344,1.86,42.16%,52.81%,0.216246,"13:55 ET"
CRM,229.68,2026-10-02,2,Call,235.00,-2.35%,1,1.05,1.13,3119,1683,1.85,39.54%,46.00%,0.236641,"13:54 ET"
NVDA,230.4,2026-10-02,2,Put,230.00,-0.09%,2.12,2.08,2.14,30699,16570,1.85,34.15%,33.67%,-0.47274,"13:54 ET"
JBL,290.05,2026-10-02,2,Put,290.00,-0.66%,4.9,5.3,6.6,511,278,1.84,44.79%,64.66%,-0.503009,"13:51 ET"
NVO,38.3,2026-10-30,30,Call,40.00,-4.55%,0.74,0.79,0.78,1605,872,1.84,35.41%,32.98%,0.334129,"13:38 ET"
GOOGL,350.02,2026-10-02,2,Put,342.50,-2.16%,1.05,1.12,1.15,2172,1182,1.84,33.63%,36.50%,-0.204446,"13:52 ET"
HOOD,113.04,2026-10-02,2,Call,122.00,-7.82%,0.27,0.3,0.29,5078,2764,1.84,61.43%,78.47%,0.093627,"13:52 ET"
INTC,119.44,2026-09-30,0,Call,117.00,+1.93%,2.56,2.3,2.73,9528,5167,1.84,69.34%,27.33%,0.940084,"13:45 ET"
NVDA,230.4,2026-10-12,12,Call,230.00,+0.09%,4.95,5.12,5.05,574,314,1.83,34.15%,28.39%,0.528576,"13:50 ET"
OKLO,37.47,2026-10-02,2,Call,37.00,+0.96%,1.04,1.12,1.18,749,410,1.83,73.37%,82.23%,0.579974,"13:52 ET"
GOOGL,350.02,2026-10-05,5,Call,355.00,-1.41%,2.62,2.74,2.75,1968,1074,1.83,33.63%,28.54%,0.348252,"13:54 ET"
META,733.17,2026-10-02,2,Call,760.00,-3.70%,2.4,2.52,2.47,4091,2231,1.83,41.79%,48.38%,0.174812,"13:54 ET"
MDB,354.72,2026-10-02,2,Put,340.00,-3.55%,2.18,2.59,2.74,537,295,1.82,57.96%,71.96%,-0.221357,"13:47 ET"
MU,1069.53,2026-10-05,5,Call,"1,070.00",-0.07%,41.45,41.59,41.65,618,340,1.82,60.06%,83.86%,0.517331,"13:54 ET"
META,733.17,2026-10-02,2,Call,722.50,+1.42%,16.8,16.3,17.3,748,410,1.82,41.79%,46.14%,0.691204,"13:35 ET"
NBIS,238.05,2026-10-09,9,Put,210.00,-11.69%,1.8,2.04,2.06,1807,991,1.82,83.09%,75.66%,-0.12928,"13:43 ET"
AMD,607.35,2026-10-02,2,Put,572.50,-5.34%,1.03,1.1,1.11,2149,1180,1.82,53.37%,58.64%,-0.08671,"13:52 ET"
GOOG,346.65,2026-10-09,9,Call,342.50,+1.22%,9.15,9.1,9.35,775,427,1.81,33.50%,31.51%,0.61243,"13:47 ET"
EQT,48.95,2026-11-20,51,Put,45.00,-8.05%,0.7,0.75,0.78,1353,747,1.81,31.18%,31.58%,-0.21301,"13:00 ET"
AAPL,336.26,2026-10-05,5,Call,337.50,-0.51%,3,3.05,3.1,1761,975,1.81,24.69%,21.55%,0.471942,"13:54 ET"
TSLA,353.89,2026-10-02,2,Put,332.50,-5.42%,0.37,0.39,0.38,2234,1232,1.81,42.16%,54.44%,-0.060125,"13:53 ET"
MRNA,191.22,2026-10-02,2,Put,182.50,-4.28%,1.94,2,2.03,528,294,1.8,90.24%,92.03%,-0.248071,"13:52 ET"
JPM,332.49,2026-10-02,2,Call,335.00,-0.84%,1.5,1.55,1.66,706,392,1.8,26.91%,26.66%,0.358228,"13:51 ET"
TEM,84,2026-10-02,2,Call,83.00,+0.65%,2.53,2.7,2.79,812,451,1.8,77.79%,87.14%,0.583234,"13:50 ET"
NCLH,14.69,2026-10-09,9,Put,14.00,-4.37%,0.16,0.18,0.2,1338,742,1.8,54.41%,51.36%,-0.245247,"13:47 ET"
NVDA,230.4,2026-10-05,5,Call,237.50,-3.17%,0.57,0.59,0.59,3005,1665,1.8,34.15%,25.78%,0.160616,"13:54 ET"
AAPL,336.26,2026-09-30,0,Call,330.00,+1.72%,6.55,6.5,6.75,10882,6036,1.8,24.69%,16.20%,0.991299,"13:52 ET"
COIN,186.64,2026-10-02,2,Call,192.50,-2.78%,1.82,1.84,1.91,947,529,1.79,63.81%,73.01%,0.299556,"13:48 ET"
MSTR,154.37,2026-10-02,2,Call,152.50,+1.27%,4.3,4.35,4.4,1531,853,1.79,65.49%,76.21%,0.587701,"13:53 ET"
GOOG,346.65,2026-10-09,9,Call,345.00,+0.50%,7.75,7.81,7.9,1383,777,1.78,33.50%,31.44%,0.555213,"13:55 ET"
AAPL,336.26,2026-10-05,5,Put,327.50,-2.47%,0.66,0.66,0.7,766,432,1.77,24.69%,22.87%,-0.145174,"13:52 ET"
APP,295.23,2026-10-02,2,Call,300.00,-1.34%,3.3,3.3,3.4,772,436,1.77,64.51%,59.43%,0.379353,"13:54 ET"
BABA,108.08,2028-06-16,625,Call,155.00,-43.72%,13.35,13.8,13.75,1027,581,1.77,38.72%,48.09%,0.384553,"10:50 ET"
CLSK,12.98,2026-10-02,2,Call,13.00,-0.31%,0.32,0.34,0.34,1141,643,1.77,79.49%,89.39%,0.501294,"13:55 ET"
BA,186.22,2026-10-09,9,Call,190.00,-1.39%,2.65,2.68,2.72,1983,1118,1.77,35.59%,35.39%,0.382385,"13:54 ET"
SOFI,15.85,2026-10-02,2,Call,15.50,+1.96%,0.45,0.45,0.47,3868,2188,1.77,49.52%,51.72%,0.731143,"13:54 ET"
TE,3.84,2026-10-02,2,Call,0.50,+86.95%,3.2,3.31,3.4,1279,725,1.76,102.41%,"1,357.07%",0.994326,"13:30 ET"
AMZN,250.84,2026-10-05,5,Call,260.00,-3.71%,0.64,0.63,0.66,1818,1032,1.76,34.90%,28.07%,0.153462,"13:53 ET"
TSM,458.08,2026-12-18,79,Call,600.00,-30.80%,2.05,2.18,2.14,2001,1139,1.76,34.41%,35.75%,0.06675,"12:59 ET"
META,733.17,2026-09-30,0,Call,720.00,+1.76%,13.25,14,14.9,2649,1509,1.76,41.79%,9.82%,0.999941,"13:53 ET"
UNH,370.11,2026-10-02,2,Put,362.50,-2.32%,2,1.82,2.26,577,330,1.75,42.44%,45.90%,-0.271714,"13:37 ET"
FAST,49.92,2027-01-15,107,Call,57.50,-15.23%,0.7,0.76,0.85,609,348,1.75,34.88%,27.49%,0.199936,"13:50 ET"
IREN,41.09,2026-10-09,9,Call,41.00,+0.19%,1.8,1.89,1.9,729,417,1.75,78.81%,72.56%,0.520948,"13:53 ET"
MSFT,518.89,2026-11-20,51,Put,515.00,-0.36%,21.75,22.3,22,1264,722,1.75,30.28%,32.08%,-0.44052,"12:57 ET"
INTC,119.44,2026-10-05,5,Call,121.00,-1.42%,2.76,2.84,2.85,509,292,1.74,69.34%,61.26%,0.451811,"13:53 ET"
JPM,332.49,2026-10-09,9,Call,345.00,-3.85%,0.63,0.71,0.77,684,393,1.74,26.91%,20.46%,0.132122,"13:51 ET"
MU,1069.53,2026-10-05,5,Put,"1,000.00",-6.47%,13,13.1,13.15,1042,599,1.74,60.06%,79.01%,-0.220237,"13:54 ET"
AMZN,250.84,2026-10-05,5,Call,265.00,-5.71%,0.23,0.23,0.25,2413,1389,1.74,34.90%,29.54%,0.064256,"13:53 ET"
AMD,607.35,2026-10-05,5,Put,600.00,-0.79%,9.05,9.5,9.45,1317,761,1.73,53.37%,44.08%,-0.401971,"13:51 ET"
META,733.17,2026-10-02,2,Call,780.00,-6.43%,0.66,0.7,0.75,4294,2477,1.73,41.79%,51.45%,0.059455,"13:54 ET"
F,12.03,2026-10-02,2,Put,12.00,-0.17%,0.11,0.13,0.13,5369,3102,1.73,37.69%,38.47%,-0.454241,"13:54 ET"
PLTR,188.95,2026-10-02,2,Put,190.00,+1.32%,3.45,3.35,3.55,5860,3395,1.73,52.38%,49.61%,-0.570031,"13:52 ET"
NVDA,230.4,2026-10-07,7,Put,225.00,-2.26%,1.64,1.64,1.7,615,358,1.72,34.15%,30.05%,-0.276684,"13:53 ET"
ACN,182.72,2026-10-16,16,Call,200.00,-8.71%,3,3.1,3.3,1580,920,1.72,51.94%,57.55%,0.252707,"13:54 ET"
META,733.17,2026-10-02,2,Call,750.00,-2.33%,4.35,4.4,4.45,9213,5342,1.72,41.79%,47.27%,0.281078,"13:54 ET"
INTC,119.44,2026-10-02,2,Call,120.00,-0.59%,2.63,2.64,2.68,19249,11213,1.72,69.34%,80.43%,0.490202,"13:55 ET"
INTC,119.44,2027-04-16,198,Put,92.50,-22.46%,8.25,8.25,8.45,542,317,1.71,69.34%,63.98%,-0.206519,"13:52 ET"
FNV,240.8,2026-10-16,16,Call,250.00,-3.61%,4,5.15,5.3,912,532,1.71,40.46%,40.99%,0.350291,"13:35 ET"
NOW,134.4,2026-10-02,2,Call,130.00,+2.78%,4.8,4.9,5.05,1928,1129,1.71,54.21%,59.11%,0.768784,"13:36 ET"
MU,1069.53,2026-10-02,2,Put,"1,080.00",+1.01%,44.6,44.13,44.85,2241,1314,1.71,60.06%,122.99%,-0.526567,"13:51 ET"
GME,24.79,2026-10-02,2,Call,25.50,-3.28%,0.24,0.25,0.26,6495,3793,1.71,52.04%,77.32%,0.290607,"13:54 ET"
CLX,81.58,2027-04-16,198,Put,80.00,-2.04%,7.7,7.8,8,502,296,1.7,37.12%,35.76%,-0.419703,"13:35 ET"
NVDA,230.4,2026-10-05,5,Put,232.50,+1.00%,3.9,4.25,4.05,594,349,1.7,34.15%,25.80%,-0.61462,"13:43 ET"
AMZN,250.84,2026-10-07,7,Call,255.00,-1.72%,2.36,2.44,2.61,755,445,1.7,34.90%,29.02%,0.366925,"13:51 ET"
DELL,543.65,2026-10-02,2,Call,570.00,-4.98%,2.9,2.95,3.1,1522,893,1.7,60.44%,70.05%,0.196089,"13:52 ET"
SERV,4.76,2026-11-20,51,Call,7.00,-46.44%,0.09,0.12,0.11,2667,1567,1.7,81.50%,84.74%,0.14727,"12:43 ET"
SPCX,152.07,2027-03-19,170,Put,105.00,-30.59%,3.35,3.45,3.6,3095,1820,1.7,46.81%,54.19%,-0.108931,"13:53 ET"
AMZN,250.84,2026-10-02,2,Call,255.00,-1.72%,1.16,1.16,1.18,25112,14814,1.7,34.90%,35.41%,0.288003,"13:54 ET"
SNOW,345.38,2026-10-02,2,Call,360.00,-4.73%,1.01,1.27,1.21,619,367,1.69,48.99%,58.00%,0.148313,"13:46 ET"
AMZN,250.84,2027-12-17,443,Call,305.00,-21.66%,26.35,26.66,26.85,1802,1065,1.69,34.90%,36.39%,0.441097,"13:54 ET"
AMZN,250.84,2026-10-02,2,Put,245.00,-2.27%,0.54,0.54,0.55,6831,4034,1.69,34.90%,34.40%,-0.160082,"13:55 ET"
AMZN,250.84,2026-10-09,9,Call,260.00,-3.71%,1.65,1.67,1.69,7053,4198,1.68,34.90%,29.95%,0.244293,"13:53 ET"
LKQ,22.89,2026-11-20,51,Call,30.00,-31.23%,0.1,0.2,0.3,781,469,1.67,52.94%,52.81%,0.100814,"10:38 ET"
PANW,401.07,2026-10-02,2,Put,385.00,-3.60%,1.5,1.86,2.07,804,482,1.67,54.76%,59.91%,-0.181207,"13:39 ET"
NCLH,14.69,2026-10-09,9,Call,15.00,-2.46%,0.34,0.34,0.38,1916,1148,1.67,54.41%,50.79%,0.433528,"13:30 ET"
NKE,35.56,2026-10-02,2,Put,32.50,-8.55%,0.38,0.38,0.41,1942,1160,1.67,50.92%,138.70%,-0.18841,"13:50 ET"
ORCL,137.8,2026-10-02,2,Put,137.00,-0.23%,1.84,1.83,1.92,2304,1381,1.67,51.63%,54.01%,-0.445033,"13:50 ET"
GOOG,346.65,2026-12-18,79,Call,375.00,-8.15%,11.85,12.25,12.15,3559,2135,1.67,33.50%,33.69%,0.354835,"13:44 ET"
CSCO,107.9,2026-10-30,30,Call,120.00,-11.33%,0.43,0.54,0.49,508,306,1.66,36.68%,28.75%,0.11064,"12:10 ET"
KTOS,43.74,2027-01-15,107,Put,45.00,+4.07%,6,6.5,6.6,655,394,1.66,63.38%,61.46%,-0.461672,"13:32 ET"
SPCX,152.07,2026-10-09,9,Put,146.00,-3.48%,1.69,1.68,1.71,1256,757,1.66,46.81%,43.46%,-0.261553,"13:49 ET"
HPE,64.92,2026-10-02,2,Call,65.00,+0.15%,1.36,1.45,1.49,5937,3578,1.66,62.43%,76.36%,0.502637,"13:53 ET"
FRMI,4.34,2027-01-15,107,Call,6.00,-38.57%,0.5,0.55,0.6,8240,4960,1.66,103.34%,109.24%,0.406299,"12:56 ET"
WULF,14.88,2026-10-23,23,Call,20.00,-34.59%,0.12,0.12,0.14,511,310,1.65,81.92%,86.53%,0.093805,"12:32 ET"
ACN,182.72,2026-10-02,2,Call,182.50,+0.80%,6.5,7.3,7.2,534,323,1.65,51.94%,119.90%,0.535847,"13:51 ET"
NVDA,230.4,2026-09-30,0,Put,235.00,+2.09%,4.6,5.2,4.85,1740,1056,1.65,34.15%,19.57%,-0.98002,"13:45 ET"
MSTR,154.37,2026-10-02,2,Call,160.00,-3.59%,1.51,1.51,1.55,9800,5937,1.65,65.49%,80.75%,0.27729,"13:54 ET"
SGHC,11.35,2026-11-20,51,Call,12.00,-6.10%,0.6,0.64,0.7,6625,4031,1.64,51.14%,51.92%,0.439776,"13:08 ET"
TSLA,353.89,2026-10-12,12,Call,355.00,-0.98%,9.1,9.18,9.35,518,317,1.63,42.16%,37.80%,0.498521,"13:54 ET"
MU,1069.53,2026-10-02,2,Call,"1,270.00",-18.78%,2.6,2.61,2.65,563,346,1.63,60.06%,142.31%,0.056805,"13:53 ET"
JANX,17.38,2028-01-21,478,Put,25.00,+44.43%,10,10.1,10.3,645,395,1.63,86.11%,69.10%,-0.524457,"13:55 ET"
BKSY,22.39,2026-11-20,51,Call,25.00,-10.67%,2,2.14,2.2,721,442,1.63,84.67%,88.75%,0.448955,"13:45 ET"
DASH,183.35,2026-11-20,51,Put,175.00,-5.37%,10.6,9.75,11.2,936,575,1.63,53.36%,56.70%,-0.363645,"13:10 ET"
AAOI,99.43,2027-01-15,107,Put,60.00,-38.56%,2.5,2.7,3.3,1208,741,1.63,91.69%,91.77%,-0.099325,"12:14 ET"
AMZN,250.84,2026-10-02,2,Call,262.50,-4.71%,0.18,0.19,0.19,7330,4484,1.63,34.90%,38.10%,0.061094,"13:52 ET"
PCT,4.4,2027-03-19,170,Call,10.00,-128.83%,0.2,0.24,0.3,10007,6139,1.63,98.86%,99.89%,0.200015,"12:35 ET"
AAPL,336.26,2026-10-02,2,Call,342.50,-2.00%,0.7,0.72,0.72,20101,12295,1.63,24.69%,26.58%,0.195148,"13:54 ET"
INTC,119.44,2026-10-07,7,Call,125.00,-4.78%,2.14,2.25,2.45,542,335,1.62,69.34%,66.10%,0.333424,"13:47 ET"
RKLB,72.13,2026-10-02,2,Put,74.00,+2.96%,2.87,2.84,3.05,550,340,1.62,74.34%,81.91%,-0.66581,"13:12 ET"
HOOD,113.04,2026-10-09,9,Put,116.00,+2.52%,5.9,6,6.05,564,349,1.62,61.43%,59.17%,-0.598062,"13:53 ET"
HPE,64.92,2026-10-09,9,Call,70.00,-7.53%,0.91,0.99,1.05,722,445,1.62,62.43%,66.57%,0.253646,"13:15 ET"
CLF,11.32,2026-10-02,2,Call,11.00,+2.83%,0.4,0.43,0.48,3151,1945,1.62,64.77%,76.19%,0.702074,"12:31 ET"
MSFT,518.89,2026-10-02,2,Call,517.50,-0.12%,5.5,5.62,5.75,3361,2080,1.62,30.28%,32.33%,0.546665,"13:54 ET"
INTC,119.44,2026-10-02,2,Call,122.00,-2.26%,1.85,1.87,1.9,4614,2856,1.62,69.34%,81.72%,0.383422,"13:55 ET"
AAPL,336.26,2026-10-02,2,Call,345.00,-2.74%,0.34,0.34,0.35,22121,13635,1.62,24.69%,26.53%,0.109132,"13:54 ET"
RKLB,72.13,2026-10-09,9,Call,76.00,-5.75%,1.62,1.76,1.75,545,338,1.61,74.34%,71.20%,0.335737,"13:53 ET"
PANW,401.07,2026-10-02,2,Call,405.00,-1.41%,4.7,5,5.3,1183,735,1.61,54.76%,59.12%,0.407268,"13:54 ET"
BMNR,26.61,2026-10-09,9,Call,29.00,-8.57%,0.47,0.49,0.52,1490,925,1.61,74.15%,78.77%,0.263612,"13:35 ET"
MSTR,154.37,2026-10-09,9,Put,135.00,-12.60%,0.64,0.65,0.66,1820,1130,1.61,65.49%,64.77%,-0.086423,"13:54 ET"
AAPL,336.26,2026-10-05,5,Call,335.00,+0.24%,4.25,4.45,4.45,2904,1808,1.61,24.69%,21.55%,0.588785,"13:54 ET"
SAIL,20.75,2026-10-16,16,Call,22.50,-8.75%,0.55,0.58,0.65,3179,1969,1.61,65.11%,72.34%,0.319186,"13:33 ET"
AAPL,336.26,2026-10-05,5,Put,330.00,-1.72%,1.03,1.03,1.11,994,624,1.59,24.69%,22.18%,-0.212966,"13:52 ET"
TSLA,353.89,2026-10-30,30,Put,365.00,+3.83%,23.8,23.95,24.4,1308,822,1.59,42.16%,45.00%,-0.565055,"13:52 ET"
AMZN,250.84,2026-10-23,23,Put,250.00,-0.28%,6.35,6.4,6.55,2014,1264,1.59,34.90%,28.97%,-0.450121,"13:51 ET"
APH,84.61,2026-11-20,51,Put,77.50,-8.36%,2.55,2.7,2.7,2025,1276,1.59,44.13%,46.96%,-0.264826,"13:47 ET"
F,12.03,2026-10-09,9,Call,12.50,-3.99%,0.09,0.1,0.1,2036,1278,1.59,37.69%,34.63%,0.249916,"13:48 ET"
SPCX,152.07,2026-10-16,16,Put,148.00,-2.16%,3.45,3.45,3.5,1004,637,1.58,46.81%,42.59%,-0.359007,"13:50 ET"
NOW,134.4,2026-10-02,2,Call,136.00,-1.71%,1.42,1.5,1.51,1120,708,1.58,54.21%,57.27%,0.37924,"13:52 ET"
CRWV,86.97,2026-10-23,23,Call,98.00,-13.05%,2.68,2.8,2.81,1285,811,1.58,76.70%,73.62%,0.296436,"12:48 ET"
MDB,354.72,2026-10-02,2,Call,355.00,-0.71%,6.65,8,8.3,639,408,1.57,57.96%,77.54%,0.485856,"13:49 ET"
LKQ,22.89,2026-11-20,51,Call,25.00,-9.36%,0.9,1.01,1.1,765,488,1.57,52.94%,52.67%,0.360805,"10:38 ET"
GOOGL,350.02,2026-10-02,2,Put,355.00,+1.41%,6.5,6.68,7,865,550,1.57,33.63%,36.57%,-0.692163,"13:37 ET"
GOOGL,350.02,2027-01-15,107,Call,520.00,-48.55%,0.77,0.79,0.82,1006,642,1.57,33.63%,36.30%,0.031655,"13:29 ET"
GOOG,346.65,2026-10-02,2,Call,350.00,-0.94%,2.39,2.38,2.46,12160,7765,1.57,33.50%,37.42%,0.371731,"13:53 ET"
OKLO,37.47,2026-10-02,2,Call,38.00,-1.71%,0.6,0.65,0.66,891,570,1.56,73.37%,81.17%,0.405072,"13:54 ET"
MU,1069.53,2026-10-02,2,Call,"1,130.00",-5.69%,17.8,17.87,17.95,1465,938,1.56,60.06%,127.60%,0.29472,"13:54 ET"
AMD,607.35,2026-10-02,2,Call,605.00,-0.03%,10.9,11,11.2,2136,1366,1.56,53.37%,56.65%,0.536335,"13:54 ET"
AMZN,250.84,2026-09-30,0,Put,255.00,+1.72%,3.4,3.6,3.95,795,512,1.55,34.90%,15.43%,-0.976286,"13:48 ET"
AMZN,250.84,2026-10-16,16,Call,252.50,-0.72%,5.65,5.8,5.75,975,631,1.55,34.90%,29.26%,0.488416,"13:51 ET"
AMZN,250.84,2026-10-09,9,Call,252.50,-0.72%,4.1,4.2,4.3,1346,869,1.55,34.90%,30.02%,0.472172,"13:54 ET"
NVO,38.3,2026-10-02,2,Call,39.00,-1.93%,0.15,0.17,0.18,1796,1162,1.55,35.41%,38.68%,0.254607,"13:43 ET"
NLY,19.08,2026-10-09,9,Put,19.00,-0.52%,0.26,0.27,0.27,542,352,1.54,23.99%,22.27%,-0.491463,"13:34 ET"
HD,285.57,2026-10-16,16,Call,300.00,-5.05%,1.77,1.88,2.1,598,389,1.54,30.32%,28.35%,0.208104,"13:51 ET"
BE,280.25,2026-10-02,2,Put,270.00,-3.07%,2.95,3.15,3.3,2519,1641,1.54,80.86%,84.75%,-0.278869,"13:54 ET"
MP,48.32,2026-12-18,79,Put,55.00,+14.39%,9.45,9.65,9.65,3589,2337,1.54,59.68%,60.33%,-0.625864,"13:18 ET"
PLTR,188.95,2026-10-02,2,Call,192.50,-2.66%,1.27,1.28,1.28,8975,5830,1.54,52.38%,49.50%,0.297252,"13:55 ET"
EOSE,3.1,2029-01-19,842,Call,7.00,-128.01%,1.39,1.41,1.46,603,394,1.53,101.97%,112.19%,0.669203,"12:38 ET"
META,733.17,2026-10-02,2,Put,717.50,-2.10%,3.45,3.75,3.8,730,478,1.53,41.79%,46.09%,-0.241147,"13:49 ET"
PURR,12.36,2026-10-02,2,Call,13.00,-4.59%,0.15,0.2,0.2,2360,1541,1.53,102.18%,115.10%,0.280688,"13:41 ET"
AVGO,353.74,2026-10-02,2,Put,352.50,-0.07%,3.8,3.85,3.9,943,621,1.52,36.71%,41.58%,-0.457185,"13:54 ET"
IREN,41.09,2026-10-02,2,Call,41.50,-1.02%,0.73,0.73,0.76,1294,851,1.52,78.81%,81.88%,0.424514,"13:53 ET"
MU,1069.53,2026-10-02,2,Put,"1,030.00",-3.67%,20.15,20.15,20.25,1383,912,1.52,60.06%,117.66%,-0.318889,"13:54 ET"
GME,24.79,2026-10-02,2,Call,26.50,-7.33%,0.12,0.13,0.15,2324,1529,1.52,52.04%,92.89%,0.156703,"13:49 ET"
INTC,119.44,2026-10-02,2,Call,123.00,-3.10%,1.53,1.54,1.58,2368,1558,1.52,69.34%,82.21%,0.334121,"13:54 ET"
RKLB,72.13,2026-10-02,2,Call,76.00,-5.75%,0.43,0.47,0.52,2599,1708,1.52,74.34%,83.45%,0.197661,"13:53 ET"
MARA,11.65,2026-10-09,9,Call,12.00,-3.00%,0.41,0.43,0.43,3086,2036,1.52,81.04%,80.18%,0.422578,"13:53 ET"
SPCX,152.07,2026-10-09,9,Call,150.00,+0.84%,5.2,5.31,5.3,6594,4343,1.52,46.81%,43.13%,0.596995,"13:54 ET"
NVDA,230.4,2026-10-02,2,Put,227.50,-1.17%,1.19,1.18,1.22,14433,9501,1.52,34.15%,34.81%,-0.311491,"13:54 ET"
TSLA,353.89,2026-10-16,16,Call,367.50,-4.54%,6.85,6.91,6.95,619,411,1.51,42.16%,41.28%,0.35108,"13:55 ET"
ABR,3.81,2029-01-19,842,Call,5.00,-31.23%,0.35,0.36,0.4,736,489,1.51,56.69%,47.65%,0.310802,"13:53 ET"
ADBE,239.36,2026-10-02,2,Put,240.00,+0.63%,3.25,3.43,4.1,827,547,1.51,40.79%,44.27%,-0.546268,"13:51 ET"
IBRX,9.73,2026-11-20,51,Put,8.00,-17.70%,0.55,0.6,0.7,992,659,1.51,102.05%,101.50%,-0.236294,"13:25 ET"
OPEN,2.38,2027-01-15,107,Put,2.00,-15.61%,0.23,0.23,0.25,1962,1300,1.51,85.06%,87.51%,-0.268905,"13:46 ET"
CRWD,266.25,2026-10-02,2,Call,267.50,-0.82%,3.65,3.85,3.95,1999,1325,1.51,53.37%,58.83%,0.448062,"13:52 ET"
HIMS,30.51,2026-10-02,2,Call,30.50,-0.56%,0.73,0.78,0.79,2158,1426,1.51,78.11%,85.75%,0.507814,"13:51 ET"
WYNN,79.73,2028-01-21,478,Put,65.00,-18.23%,5.9,6.15,6.25,501,335,1.5,39.24%,40.47%,-0.224823,"13:30 ET"
AMZN,250.84,2026-10-07,7,Call,250.00,+0.28%,4.55,4.64,4.75,532,354,1.5,34.90%,28.52%,0.561539,"13:54 ET"
MP,48.32,2026-10-09,9,Put,47.00,-2.25%,1.07,1.21,1.4,1735,1155,1.5,59.68%,59.07%,-0.377808,"13:48 ET"
META,733.17,2026-10-02,2,Call,732.50,+0.05%,10.85,11.08,11.2,1868,1247,1.5,41.79%,46.16%,0.538508,"13:54 ET"
COIN,186.64,2026-10-02,2,Call,195.00,-4.12%,1.28,1.28,1.37,2387,1589,1.5,63.81%,74.62%,0.227583,"13:53 ET"
CRWD,266.25,2026-10-02,2,Call,275.00,-3.64%,1.33,1.45,1.45,2617,1749,1.5,53.37%,57.86%,0.217935,"13:51 ET"
GOOGL,350.02,2026-10-02,2,Call,350.00,+0.02%,3.8,4.05,4.05,20733,13791,1.5,33.63%,37.46%,0.509905,"13:55 ET"
SPCX,152.07,2026-10-09,9,Call,149.00,+1.50%,5.8,5.9,5.9,1408,945,1.49,46.81%,43.25%,0.634425,"13:52 ET"
RXRX,4.18,2026-10-16,16,Call,5.00,-19.62%,0.05,0.11,0.11,1800,1205,1.49,90.05%,90.48%,0.198126,"12:19 ET"
QUBT,8.51,2026-10-16,16,Put,8.50,+0.35%,0.47,0.39,0.48,1898,1278,1.49,67.95%,67.57%,-0.469728,"11:14 ET"
MMED,19.76,2026-10-16,16,Put,25.00,+26.77%,5.3,5.7,7,7016,4716,1.49,67.92%,150.93%,-0.721565,"13:47 ET"
NVDA,230.4,2026-09-30,0,Call,227.50,+1.17%,2.81,2.88,2.9,12248,8226,1.49,34.15%,15.33%,0.938641,"13:55 ET"
FISV,45.21,2027-01-15,107,Call,45.00,+0.20%,4.6,4.8,4.8,832,563,1.48,45.07%,44.71%,0.575206,"13:44 ET"
HOOD,113.04,2027-03-19,170,Put,100.00,-11.62%,10.85,11.2,11.45,1047,707,1.48,61.43%,61.21%,-0.296988,"13:52 ET"
META,733.17,2026-10-05,5,Call,800.00,-9.16%,0.5,0.58,0.61,1223,826,1.48,41.79%,40.93%,0.039774,"13:52 ET"
MSTR,154.37,2026-10-09,9,Call,175.00,-13.30%,1.24,1.31,1.31,1523,1028,1.48,65.49%,72.68%,0.147609,"13:52 ET"
SMR,7.97,2026-10-02,2,Call,8.00,-0.88%,0.16,0.18,0.2,1959,1320,1.48,78.52%,87.33%,0.471655,"13:51 ET"
HOOD,113.04,2026-10-02,2,Put,112.00,-1.02%,1.92,1.92,1.95,2247,1515,1.48,61.43%,69.86%,-0.434375,"13:54 ET"
MRNA,191.22,2026-10-02,2,Call,200.00,-4.90%,2.14,2.21,2.23,2785,1886,1.48,90.24%,98.06%,0.268194,"13:54 ET"
BE,280.25,2026-10-30,30,Put,190.00,-31.79%,1.15,1.26,1.26,669,455,1.47,80.86%,83.57%,-0.040614,"13:26 ET"
QXO,11.84,2026-10-30,30,Call,13.50,-14.50%,0.2,0.3,0.35,766,522,1.47,63.65%,58.98%,0.25,"12:46 ET"
META,733.17,2026-10-05,5,Call,730.00,+0.39%,14.5,14.8,15.5,836,568,1.47,41.79%,36.59%,0.56814,"13:54 ET"
AAPL,336.26,2026-10-16,16,Call,357.50,-6.47%,0.7,0.75,0.8,1070,727,1.47,24.69%,21.83%,0.104029,"13:49 ET"
BMNR,26.61,2026-10-09,9,Call,28.00,-4.83%,0.7,0.73,0.78,1252,854,1.47,74.15%,77.19%,0.360108,"13:46 ET"
INTC,119.44,2026-10-09,9,Put,120.00,+0.59%,5.05,5.2,5.25,1789,1215,1.47,69.34%,66.54%,-0.489608,"13:49 ET"
NOW,134.4,2026-10-02,2,Call,132.00,+1.29%,3.4,3.65,3.6,2558,1741,1.47,54.21%,58.21%,0.652146,"13:47 ET"
IREN,41.09,2026-11-20,51,Call,55.00,-33.89%,1.5,1.54,1.54,5226,3556,1.47,78.81%,86.15%,0.230104,"13:52 ET"
MSFT,518.89,2026-10-02,2,Call,520.00,-0.60%,4.2,4.32,4.4,11217,7638,1.47,30.28%,31.78%,0.465721,"13:54 ET"
MSFT,518.89,2026-10-05,5,Call,530.00,-2.54%,1.83,1.89,1.99,502,343,1.46,30.28%,23.90%,0.229633,"13:54 ET"
MU,1069.53,2027-01-15,107,Call,"1,110.00",-3.82%,117.4,121.25,121.5,565,387,1.46,60.06%,57.06%,0.528367,"13:20 ET"
MRNA,191.22,2026-10-02,2,Call,217.50,-14.08%,0.24,0.3,0.38,582,399,1.46,90.24%,105.94%,0.050898,"13:49 ET"
ONDS,7.47,2026-10-09,9,Call,7.00,+5.79%,0.55,0.56,0.61,616,421,1.46,74.94%,60.62%,0.772627,"13:47 ET"
MARA,11.65,2026-10-16,16,Put,10.50,-9.87%,0.28,0.28,0.3,1063,728,1.46,81.04%,77.67%,-0.240133,"13:10 ET"
CLSK,12.98,2026-10-02,2,Put,12.50,-3.55%,0.14,0.14,0.15,1578,1082,1.46,79.49%,87.55%,-0.271977,"13:52 ET"
GOOGL,350.02,2026-10-02,2,Call,362.50,-3.55%,0.57,0.57,0.59,1849,1268,1.46,33.63%,39.18%,0.117971,"13:54 ET"
NVDA,230.4,2026-10-02,2,Call,217.50,+5.52%,12.9,13.21,13.35,2951,2025,1.46,34.15%,53.77%,0.927794,"13:36 ET"
INTC,119.44,2026-09-30,0,Put,121.00,+1.42%,1.79,1.87,1.88,961,663,1.45,69.34%,39.29%,-0.712605,"13:54 ET"
MSTR,154.37,2026-10-09,9,Call,155.00,-0.35%,5.8,5.85,5.95,1112,768,1.45,65.49%,64.34%,0.501967,"13:53 ET"
META,733.17,2026-10-02,2,Put,710.00,-3.12%,2.01,2.09,2.16,2412,1659,1.45,41.79%,46.15%,-0.156376,"13:53 ET"
HOOD,113.04,2026-10-02,2,Call,124.00,-9.59%,0.17,0.18,0.18,3004,2075,1.45,61.43%,81.09%,0.061178,"13:54 ET"
META,733.17,2026-09-30,0,Put,740.00,+0.97%,6.15,6.95,6.75,3578,2461,1.45,41.79%,18.41%,-0.785966,"13:51 ET"
ONDS,7.47,2027-06-17,260,Call,22.00,-196.10%,0.27,0.32,0.36,4263,2948,1.45,74.94%,87.73%,0.147702,"10:46 ET"
LITE,962.03,2026-10-09,9,Call,"1,100.00",-14.74%,6.7,6.7,8.5,564,391,1.44,74.11%,72.08%,0.142455,"13:54 ET"
CRWV,86.97,2026-10-09,9,Call,92.00,-6.13%,2.1,2.17,2.21,607,421,1.44,76.70%,73.81%,0.34107,"13:53 ET"
HOOD,113.04,2027-03-19,170,Put,115.00,+1.63%,18.6,18.55,19.1,770,536,1.44,61.43%,61.14%,-0.42386,"13:36 ET"
HOOD,113.04,2026-10-02,2,Call,112.00,+1.02%,2.75,2.78,2.78,861,597,1.44,61.43%,70.38%,0.565556,"13:55 ET"
AAPL,336.26,2026-10-05,5,Call,347.50,-3.49%,0.35,0.36,0.44,981,683,1.44,24.69%,20.86%,0.102091,"13:45 ET"
HOOD,113.04,2027-09-17,352,Put,15.00,-86.74%,0.04,0.11,0.11,1505,1049,1.43,61.43%,85.65%,-0.002085,"11:47 ET"
WMT,105.35,2027-12-17,443,Put,90.00,-14.65%,4.45,4.83,4.9,2000,1400,1.43,27.43%,28.06%,-0.218547,"12:19 ET"
MRNA,191.22,2026-10-02,2,Call,190.00,+0.35%,5.65,5.75,5.9,2371,1662,1.43,90.24%,96.23%,0.535367,"13:52 ET"
IONQ,44.67,2026-10-02,2,Call,47.00,-5.67%,0.4,0.42,0.45,2947,2054,1.43,76.52%,94.27%,0.23982,"13:54 ET"
HPE,64.92,2026-10-02,2,Call,69.00,-5.99%,0.28,0.34,0.35,520,365,1.42,62.43%,80.24%,0.159521,"13:23 ET"
RKLB,72.13,2026-10-02,2,Put,73.00,+1.57%,2.2,2.28,2.31,588,414,1.42,74.34%,79.10%,-0.584364,"13:47 ET"
WULF,14.88,2026-10-02,2,Call,15.00,-0.94%,0.31,0.34,0.33,664,467,1.42,81.92%,88.54%,0.452291,"13:36 ET"
MSFT,518.89,2026-10-02,2,Put,520.00,+0.60%,5.3,5.47,5.55,848,599,1.42,30.28%,31.29%,-0.535577,"13:53 ET"
BB,9.11,2026-10-23,23,Call,10.00,-9.89%,0.27,0.29,0.32,1221,858,1.42,63.31%,66.51%,0.323863,"13:27 ET"
AMD,607.35,2026-10-02,2,Put,605.00,+0.03%,9.1,9.2,9.45,1411,992,1.42,53.37%,56.66%,-0.464025,"13:54 ET"
META,733.17,2026-10-02,2,Put,725.00,-1.08%,5.7,5.75,6,2285,1611,1.42,41.79%,45.83%,-0.344672,"13:54 ET"
AAPL,336.26,2026-10-09,9,Put,340.00,+1.25%,6.35,6.3,6.7,2680,1882,1.42,24.69%,22.69%,-0.596778,"13:51 ET"
TSLA,353.89,2026-09-30,0,Put,360.00,+2.40%,6.2,6.44,6.65,3156,2228,1.42,42.16%,20.39%,-0.956277,"13:55 ET"
MU,1069.53,2026-10-02,2,Call,"1,082.50",-1.24%,33.1,33.4,33.35,557,396,1.41,60.06%,124.65%,0.464481,"13:53 ET"
AAPL,336.26,2026-10-09,9,Put,325.00,-3.21%,1.15,1.22,1.23,1279,908,1.41,24.69%,24.44%,-0.169562,"13:48 ET"
MSFT,518.89,2026-10-30,30,Call,530.00,-2.54%,15.35,16.05,16.15,1728,1228,1.41,30.28%,33.92%,0.442138,"13:48 ET"
MCHP,78.53,2027-09-17,352,Call,100.00,-27.78%,8.5,9.1,9.1,2402,1700,1.41,52.89%,49.90%,0.408279,"12:52 ET"
MDB,354.72,2026-10-02,2,Put,355.00,+0.71%,6.85,8.75,9.35,575,411,1.4,57.96%,70.98%,-0.517794,"13:43 ET"
UBER,68.86,2026-10-09,9,Call,69.00,-0.29%,1.36,1.41,1.44,604,431,1.4,37.24%,33.41%,0.501206,"13:19 ET"
TTD,12.07,2026-10-30,30,Call,13.00,-8.51%,0.36,0.43,0.49,609,436,1.4,68.64%,55.75%,0.355002,"13:39 ET"
SPCX,152.07,2026-10-16,16,Call,149.00,+1.50%,7.1,7.2,7.15,1261,899,1.4,46.81%,42.44%,0.613891,"13:53 ET"
CSCO,107.9,2026-10-02,2,Put,106.00,-1.66%,0.39,0.43,0.5,1288,919,1.4,36.68%,36.84%,-0.25,"13:47 ET"
MRNA,191.22,2026-10-02,2,Put,175.00,-8.21%,0.65,0.68,0.69,2069,1473,1.4,90.24%,94.33%,-0.102628,"13:49 ET"
NFLX,69.81,2026-10-09,9,Call,70.00,-0.21%,1.33,1.33,1.36,3182,2266,1.4,37.83%,31.49%,0.502026,"13:52 ET"
GOOGL,350.02,2026-10-02,2,Call,352.50,-0.70%,2.79,2.9,2.9,6430,4605,1.4,33.63%,37.85%,0.409363,"13:55 ET"
NU,12.45,2026-10-02,2,Call,12.00,+3.23%,0.47,0.53,0.6,526,378,1.39,51.46%,50.95%,0.865867,"13:51 ET"
RIO,94.8,2026-12-18,79,Call,105.00,-10.96%,2,2.05,2.3,771,554,1.39,31.50%,33.57%,0.259787,"13:45 ET"
IREN,41.09,2026-10-02,2,Call,41.00,+0.19%,0.94,0.94,0.97,1508,1084,1.39,78.81%,81.06%,0.503647,"13:55 ET"
CI,273.43,2026-10-02,2,Call,272.50,+1.23%,4.4,5.2,5.9,633,460,1.38,34.32%,45.41%,0.619841,"13:53 ET"
CBRS,180.4,2026-10-16,16,Call,190.00,-5.97%,6.3,6.7,7.1,666,482,1.38,74.03%,70.53%,0.38884,"13:47 ET"
F,12.03,2026-10-09,9,Put,12.00,-0.17%,0.22,0.23,0.23,1199,867,1.38,37.69%,32.01%,-0.468234,"13:52 ET"
PDD,78.16,2026-10-02,2,Call,78.00,-0.12%,0.71,0.8,0.89,1408,1019,1.38,33.52%,32.58%,0.52528,"13:48 ET"
HOOD,113.04,2026-10-02,2,Put,117.00,+3.40%,5.05,5.05,5.15,1692,1227,1.38,61.43%,72.47%,-0.743475,"13:54 ET"
TSLA,353.89,2026-10-05,5,Call,370.00,-5.25%,1.56,1.58,1.6,2754,1998,1.38,42.16%,40.43%,0.178312,"13:54 ET"
TSLA,353.89,2026-10-09,9,Call,360.00,-2.40%,6.45,6.55,6.6,3226,2332,1.38,42.16%,41.31%,0.409735,"13:55 ET"
TSLA,353.89,2026-10-09,9,Call,375.00,-6.67%,2.57,2.6,2.62,3828,2782,1.38,42.16%,42.47%,0.202615,"13:53 ET"
AAPL,336.26,2026-10-02,2,Call,330.00,+1.72%,7.25,7.64,7.55,8121,5892,1.38,24.69%,29.52%,0.823915,"13:51 ET"
TSLA,353.89,2026-10-02,2,Call,360.00,-2.40%,2.87,2.89,2.91,19859,14373,1.38,42.16%,51.95%,0.32998,"13:55 ET"
MRNA,191.22,2026-10-02,2,Put,200.00,+4.90%,11.1,10.54,11.4,629,459,1.37,90.24%,93.33%,-0.743592,"13:40 ET"
META,733.17,2026-10-02,2,Call,747.50,-1.99%,4.9,4.61,5.15,647,473,1.37,41.79%,46.81%,0.312315,"13:43 ET"
FSLY,26.7,2026-10-02,2,Call,26.50,-0.04%,0.75,0.8,1,715,523,1.37,100.16%,102.01%,0.543942,"13:27 ET"
SEDG,32.54,2027-03-19,170,Call,45.00,-39.19%,3.7,3.9,4.1,1457,1061,1.37,81.52%,83.21%,0.398394,"10:27 ET"
HOOD,113.04,2026-10-02,2,Put,114.00,+0.75%,2.98,2.85,3.05,2960,2163,1.37,61.43%,70.89%,-0.569068,"13:51 ET"
MU,1069.53,2026-10-02,2,Call,"1,080.00",-1.01%,34.15,34.15,34.35,3783,2752,1.37,60.06%,124.47%,0.47436,"13:54 ET"
INTC,119.44,2026-10-09,9,Call,119.00,+0.25%,5.2,5.18,5.35,589,434,1.36,69.34%,65.92%,0.542873,"13:48 ET"
BA,186.22,2026-10-30,30,Call,240.00,-28.07%,0.21,0.29,0.36,502,372,1.35,35.59%,45.62%,0.031322,"12:33 ET"
MU,1069.53,2027-01-15,107,Call,"1,470.00",-37.49%,36.6,39.29,38.75,579,430,1.35,60.06%,60.29%,0.218817,"11:18 ET"
USAR,14.44,2026-10-02,2,Call,14.50,-0.69%,0.26,0.3,0.33,823,611,1.35,75.77%,80.55%,0.464729,"13:40 ET"
SMCI,40.73,2026-10-09,9,Call,41.00,-0.91%,1.62,1.65,1.68,828,613,1.35,75.79%,70.33%,0.495276,"13:52 ET"
COIN,186.64,2026-11-20,51,Put,155.00,-17.24%,5.05,5.1,5.3,1034,765,1.35,63.81%,65.76%,-0.183549,"13:35 ET"
SNDK,1734.5,2026-10-02,2,Call,"1,800.00",-3.97%,24.7,25.08,25.3,2387,1774,1.35,72.30%,98.25%,0.317773,"13:55 ET"
AMZN,250.84,2026-10-02,2,Put,250.00,-0.28%,1.88,1.94,1.93,8120,5994,1.35,34.90%,33.22%,-0.418308,"13:54 ET"
GOOGL,350.02,2026-10-02,2,Call,355.00,-1.41%,1.94,2,2.03,10887,8086,1.35,33.63%,38.04%,0.316009,"13:55 ET"
MDB,354.72,2028-01-21,478,Call,500.00,-41.84%,70.3,75.8,77.65,591,441,1.34,57.96%,68.02%,0.507852,"11:33 ET"
NIO,3.44,2026-10-02,2,Call,3.00,+13.04%,0.43,0.43,0.46,792,589,1.34,51.26%,127.87%,0.936514,"13:54 ET"
SNOW,345.38,2026-10-02,2,Put,320.00,-6.90%,0.27,0.3,0.42,805,600,1.34,48.99%,60.74%,-0.052124,"13:44 ET"
INTC,119.44,2026-10-09,9,Call,118.00,+1.09%,5.7,5.72,5.85,907,679,1.34,69.34%,65.68%,0.575154,"13:49 ET"
AAPL,336.26,2026-10-09,9,Put,305.00,-9.17%,0.11,0.13,0.13,1270,948,1.34,24.69%,31.09%,-0.019599,"13:39 ET"
CBRS,180.4,2027-01-15,107,Put,180.00,+0.40%,26,26.86,27.2,631,473,1.33,74.03%,71.57%,-0.414628,"13:08 ET"
SNDK,1734.5,2026-10-02,2,Put,"1,750.00",+1.08%,57.2,57,58.1,726,546,1.33,72.30%,96.16%,-0.536097,"13:52 ET"
PEP,127.69,2026-10-02,2,Call,130.00,-1.71%,0.16,0.2,0.21,1419,1068,1.33,25.56%,24.03%,0.156795,"13:51 ET"
NBIS,238.05,2026-10-02,2,Call,245.00,-3.03%,3.65,3.6,3.75,1736,1301,1.33,83.09%,91.13%,0.353434,"13:54 ET"
MSTR,154.37,2026-10-02,2,Put,152.50,-1.27%,2.48,2.58,2.56,3161,2373,1.33,65.49%,72.62%,-0.409347,"13:53 ET"
AAPL,336.26,2026-12-18,79,Call,375.00,-11.68%,3.8,3.8,4,612,462,1.32,24.69%,23.79%,0.19795,"13:31 ET"
META,733.17,2026-10-05,5,Call,725.00,+1.08%,17.15,17.3,17.9,673,511,1.32,41.79%,35.40%,0.6338,"13:52 ET"
VSAT,70.92,2026-10-16,16,Call,80.00,-13.41%,1.15,1.25,1.35,705,533,1.32,74.44%,68.77%,0.226451,"13:47 ET"
PRAX,288.88,2027-02-19,142,Call,450.00,-57.39%,10,13,15.2,1000,760,1.32,72.72%,68.61%,0.21632,"11:23 ET"
ORCL,137.8,2026-10-16,16,Call,134.00,+2.42%,7.45,7.35,7.65,1034,783,1.32,51.63%,48.18%,0.627515,"13:25 ET"
PANW,401.07,2026-10-02,2,Call,420.00,-5.17%,1.27,1.32,1.59,1049,796,1.32,54.76%,61.57%,0.153497,"13:43 ET"
TSLA,353.89,2026-10-30,30,Call,350.00,+0.44%,20.55,20.65,20.9,2873,2171,1.32,42.16%,45.44%,0.567267,"13:53 ET"
NU,12.45,2026-10-16,16,Call,12.50,-0.81%,0.5,0.52,0.52,3660,2769,1.32,51.46%,47.88%,0.526763,"13:54 ET"
GOOGL,350.02,2026-10-05,5,Call,345.00,+1.45%,7.45,7.66,7.85,592,453,1.31,33.63%,28.25%,0.680802,"13:42 ET"
DASH,183.35,2026-11-20,51,Call,200.00,-8.15%,8.8,10.55,9.3,768,588,1.31,53.36%,54.78%,0.384686,"12:00 ET"
BE,280.25,2026-10-02,2,Call,295.00,-5.90%,2.14,2.31,2.46,966,735,1.31,80.86%,90.45%,0.220924,"13:51 ET"
SEDG,32.54,2026-11-20,51,Put,35.00,+8.26%,5.5,5.55,5.85,1037,791,1.31,81.52%,87.71%,-0.522231,"13:06 ET"
RKLB,72.13,2026-10-02,2,Call,78.00,-8.53%,0.21,0.23,0.25,3167,2409,1.31,74.34%,85.51%,0.107782,"13:53 ET"
BA,186.22,2026-10-02,2,Call,195.00,-4.06%,0.25,0.3,0.3,3385,2581,1.31,35.59%,44.95%,0.095651,"13:54 ET"
AAPL,336.26,2029-01-19,842,Put,250.00,-25.55%,12.65,13.55,13.3,504,389,1.3,24.69%,29.43%,-0.141604,"13:51 ET"
FSLY,26.7,2026-10-02,2,Call,28.00,-5.70%,0.35,0.36,0.4,718,552,1.3,100.16%,110.82%,0.286569,"13:20 ET"
AMD,607.35,2026-10-16,16,Put,590.00,-2.45%,16.15,16.99,16.55,904,694,1.3,53.37%,48.32%,-0.366999,"13:44 ET"
CCL,24.75,2026-10-09,9,Put,24.00,-3.23%,0.32,0.33,0.35,917,708,1.3,39.84%,42.79%,-0.304374,"13:48 ET"
TSLA,353.89,2026-10-05,5,Call,362.50,-3.11%,3.05,3.11,3.2,1136,874,1.3,42.16%,39.34%,0.307183,"13:55 ET"
ASTS,61.64,2026-10-02,2,Call,62.00,-0.40%,1.45,1.47,1.54,1755,1349,1.3,79.17%,86.64%,0.494711,"13:49 ET"
NOW,134.4,2026-10-02,2,Call,135.00,-0.96%,1.81,1.89,1.9,1992,1528,1.3,54.21%,57.11%,0.44676,"13:53 ET"
FSLY,26.7,2026-10-09,9,Call,27.00,-1.93%,1.2,1.45,1.5,530,412,1.29,100.16%,90.07%,0.493047,"12:35 ET"
BA,186.22,2026-10-02,2,Call,187.50,-0.05%,1.8,1.89,1.97,1954,1518,1.29,35.59%,41.77%,0.444261,"13:54 ET"
IREN,41.09,2026-10-02,2,Call,43.00,-4.67%,0.32,0.32,0.33,2379,1849,1.29,78.81%,84.41%,0.226294,"13:52 ET"
IONQ,44.67,2026-10-02,2,Call,50.00,-12.41%,0.08,0.1,0.1,4147,3225,1.29,76.52%,98.93%,0.064875,"13:50 ET"
MRNA,191.22,2026-10-02,2,Call,222.50,-16.70%,0.11,0.2,0.32,531,414,1.28,90.24%,112.47%,0.035186,"13:46 ET"
AAPL,336.26,2026-10-09,9,Call,347.50,-3.49%,1.22,1.21,1.31,549,429,1.28,24.69%,22.46%,0.195294,"13:48 ET"
MU,1069.53,2026-10-02,2,Call,"1,190.00",-11.30%,7.55,7.65,7.65,586,457,1.28,60.06%,131.97%,0.147274,"13:52 ET"
AVGO,353.74,2026-10-02,2,Call,352.50,+0.07%,4.95,5.03,5.15,875,686,1.28,36.71%,43.44%,0.541861,"13:54 ET"
PCG,12.15,2026-12-18,79,Call,10.00,+17.97%,2.4,2.54,2.72,980,765,1.28,46.00%,55.53%,0.815088,"11:26 ET"
MDB,354.72,2026-10-02,2,Call,400.00,-13.47%,0.2,0.3,0.34,2674,2092,1.28,57.96%,87.51%,0.030969,"13:50 ET"
MRNA,191.22,2026-10-16,16,Put,185.00,-2.97%,9.15,9.22,9.35,579,455,1.27,90.24%,76.60%,-0.390696,"13:36 ET"
MU,1069.53,2026-11-20,51,Put,970.00,-9.28%,43.05,43.3,43.95,624,490,1.27,60.06%,56.53%,-0.278668,"13:50 ET"
AAPL,336.26,2026-10-09,9,Put,337.50,+0.51%,5,5.07,5.2,658,519,1.27,24.69%,22.68%,-0.514482,"13:53 ET"
VST,138.44,2026-12-18,79,Call,135.00,+2.11%,14,14.44,14.5,685,539,1.27,45.41%,46.65%,0.604265,"13:18 ET"
QURE,24.29,2026-11-20,51,Call,30.00,-23.00%,1.55,2.1,1.95,719,568,1.27,88.16%,97.95%,0.35213,"12:00 ET"
ARM,287.7,2026-10-02,2,Call,290.00,-1.44%,5.7,5.4,5.9,909,717,1.27,73.28%,81.87%,0.455205,"13:47 ET"
BE,280.25,2026-10-09,9,Put,290.00,+4.11%,18.65,19.28,19.9,956,752,1.27,80.86%,75.97%,-0.596254,"13:48 ET"
NU,12.45,2026-10-09,9,Call,13.00,-4.84%,0.22,0.24,0.24,2482,1957,1.27,51.46%,53.96%,0.341167,"13:54 ET"
BE,280.25,2026-10-02,2,Call,310.00,-11.29%,0.58,0.64,0.68,2584,2028,1.27,80.86%,94.31%,0.074198,"13:51 ET"
TSLA,353.89,2026-10-02,2,Call,370.00,-5.25%,0.94,0.94,0.96,13405,10547,1.27,42.16%,54.18%,0.134907,"13:55 ET"
SOFI,15.85,2028-12-15,807,Put,5.00,-68.37%,0.31,0.32,0.32,501,399,1.26,49.52%,63.21%,-0.036235,"13:01 ET"
GS,904.35,2026-10-02,2,Put,880.00,-2.71%,1.75,1.97,2.14,516,408,1.26,35.37%,36.55%,-0.151253,"13:26 ET"
MSFT,518.89,2026-10-09,9,Put,500.00,-3.27%,2.35,2.35,2.45,644,511,1.26,30.28%,27.77%,-0.189206,"13:50 ET"
SPCX,152.07,2026-10-09,9,Put,144.00,-4.81%,1.22,1.21,1.24,1142,907,1.26,46.81%,43.94%,-0.202567,"13:50 ET"
GOOG,346.65,2026-10-02,2,Put,337.50,-2.66%,0.74,0.76,0.77,1617,1282,1.26,33.50%,36.16%,-0.154191,"13:54 ET"
MSTR,154.37,2026-10-09,9,Put,140.00,-9.36%,1.2,1.24,1.25,2395,1898,1.26,65.49%,62.51%,-0.149594,"13:49 ET"
CRWV,86.97,2026-10-02,2,Call,92.00,-6.13%,0.73,0.74,0.76,4171,3305,1.26,76.70%,93.10%,0.222847,"13:54 ET"
COIN,186.64,2026-10-02,2,Call,205.00,-9.46%,0.3,0.32,0.35,4998,3980,1.26,63.81%,81.94%,0.06689,"13:53 ET"
DELL,543.65,2026-10-02,2,Call,545.00,-0.37%,10.5,10.7,11.25,544,435,1.25,60.44%,69.07%,0.503484,"13:53 ET"
PEP,127.69,2026-10-02,2,Call,128.00,-0.14%,0.69,0.7,0.86,578,462,1.25,25.56%,24.65%,0.447453,"13:51 ET"
AAPL,336.26,2026-10-05,5,Call,330.00,+1.72%,7.7,7.7,8.1,587,468,1.25,24.69%,22.54%,0.783959,"13:47 ET"
SCCO,202.9,2026-10-16,16,Call,220.00,-8.34%,2.4,2.68,2.8,1104,882,1.25,46.64%,48.33%,0.228931,"13:04 ET"
HPE,64.92,2026-10-09,9,Call,62.00,+4.76%,4.2,4.3,4.7,1135,907,1.25,62.43%,68.53%,0.686731,"13:17 ET"
MU,1069.53,2026-10-02,2,Call,"1,125.00",-5.22%,19.1,19.1,19.2,1168,934,1.25,60.06%,127.32%,0.310658,"13:54 ET"
SNDK,1734.5,2026-10-02,2,Call,"1,900.00",-9.74%,8.2,8.3,8.4,3206,2566,1.25,72.30%,104.78%,0.12781,"13:55 ET"
NVDA,230.4,2026-10-02,2,Put,225.00,-2.26%,0.65,0.65,0.67,18264,14595,1.25,34.15%,36.56%,-0.190008,"13:54 ET"
ACGL,93.93,2026-10-16,16,Put,95.00,+0.68%,1.7,1.9,2.4,512,414,1.24,24.51%,19.02%,-0.600566,"13:36 ET"
COIN,186.64,2026-10-02,2,Call,185.00,+1.22%,4.75,4.76,4.9,612,492,1.24,63.81%,69.92%,0.585773,"13:54 ET"
MU,1069.53,2026-10-02,2,Call,"1,135.00",-6.15%,16.6,16.5,16.75,626,506,1.24,60.06%,127.89%,0.279324,"13:51 ET"
HIMS,30.51,2026-10-02,2,Put,30.00,-1.09%,0.49,0.5,0.56,729,590,1.24,78.11%,82.75%,-0.386898,"13:50 ET"
IBM,219.68,2026-10-02,2,Call,220.00,-0.27%,2.26,2.35,2.47,744,602,1.24,37.94%,40.30%,0.474557,"13:54 ET"
UNH,370.11,2026-10-02,2,Put,357.50,-3.67%,0.98,0.98,1.12,901,726,1.24,42.44%,46.20%,-0.156231,"13:45 ET"
SNOW,345.38,2026-11-20,51,Call,340.00,+1.09%,28.1,28.9,28.9,988,795,1.24,48.99%,50.30%,0.572729,"13:47 ET"
MU,1069.53,2026-10-02,2,Put,"1,020.00",-4.60%,16.55,16.62,16.7,1530,1237,1.24,60.06%,116.63%,-0.278522,"13:54 ET"
MU,1069.53,2026-10-02,2,Call,"1,170.00",-9.43%,10.1,10.05,10.15,1609,1298,1.24,60.06%,130.22%,0.187336,"13:53 ET"
"Downloaded from Barchart.com as of 09-30-2026 01:32pm CDT"
