Symbol,Price~,"Exp Date",DTE,Type,Strike,Moneyness,Bid,Latest,Ask,Volume,"Open Int",Vol/OI,"Imp Vol",IV,Delta,Time
NVDA,234.56,2026-10-02,0,Put,237.50,+1.33%,3,3.1,3.1,73401,520,141.16,32.84%,17.17%,-0.923601,"14:54 ET"
NG,6.58,2028-01-21,476,Call,7.00,-6.54%,2,2.17,2.35,10029,109,92.01,67.25%,75.28%,0.664281,"14:32 ET"
EQT,50.19,2026-10-30,28,Put,54.00,+7.74%,3.65,3.94,5.05,8765,103,85.1,30.84%,33.24%,-0.773843,"10:36 ET"
PSKY,9.23,2026-12-18,77,Call,9.00,+0.33%,1.11,1.13,1.16,35135,425,82.67,61.03%,59.76%,0.595762,"14:51 ET"
TSLA,372.15,2026-10-02,0,Put,372.50,+0.39%,1.34,1.36,1.39,149339,1857,80.42,40.46%,11.55%,-0.644614,"14:55 ET"
NKE,33.71,2026-10-09,7,Call,33.00,+1.93%,1.09,1.15,1.2,11079,156,71.02,36.26%,39.60%,0.662906,"14:54 ET"
KR,58.99,2026-10-09,7,Call,60.00,-1.87%,0.41,0.42,0.46,8967,127,70.61,27.08%,26.03%,0.320777,"14:44 ET"
NVDA,234.56,2026-10-05,3,Put,237.50,+1.33%,3.5,3.61,3.6,18960,280,67.71,32.84%,19.83%,-0.754538,"14:54 ET"
TSLA,372.15,2026-10-05,3,Put,370.00,-0.28%,2.72,2.75,2.76,30960,496,62.42,40.46%,26.43%,-0.417757,"14:55 ET"
KR,58.99,2026-10-09,7,Call,61.00,-3.57%,0.16,0.18,0.19,9038,150,60.25,27.08%,24.78%,0.165478,"14:16 ET"
SMCI,43.76,2026-10-09,7,Call,45.50,-4.50%,0.86,0.91,0.9,14141,239,59.17,75.13%,64.91%,0.349396,"14:48 ET"
TSLA,372.15,2026-10-05,3,Put,372.50,+0.39%,3.95,4,4.05,18657,317,58.85,40.46%,26.83%,-0.529027,"14:54 ET"
SPCX,158.76,2026-10-30,28,Call,172.50,-8.64%,3.35,3.43,3.45,28373,507,55.96,47.67%,44.84%,0.291294,"14:54 ET"
NKE,33.71,2026-10-09,7,Call,34.00,-1.04%,0.56,0.56,0.6,7485,136,55.04,36.26%,38.05%,0.44778,"14:54 ET"
TSLA,372.15,2026-10-02,0,Put,370.00,-0.28%,0.24,0.25,0.25,297176,5561,53.44,40.46%,10.75%,-0.208566,"14:55 ET"
NVDA,234.56,2026-10-05,3,Put,235.00,+0.26%,1.85,1.89,1.88,59850,1222,48.98,32.84%,19.32%,-0.539069,"14:54 ET"
TSLA,372.15,2026-10-05,3,Put,367.50,-0.96%,1.78,1.8,1.81,10737,221,48.58,40.46%,26.32%,-0.311015,"14:55 ET"
NFLX,67.07,2026-10-02,0,Call,67.00,0.00%,0.2,0.21,0.21,27229,586,46.47,38.44%,8.13%,0.70486,"14:55 ET"
NVDA,234.56,2026-10-02,0,Put,240.00,+2.40%,5.5,5.6,5.6,5474,118,46.39,32.84%,27.39%,-0.948847,"14:47 ET"
NVDA,234.56,2026-10-02,0,Put,235.00,+0.26%,0.64,0.66,0.67,342908,7573,45.28,32.84%,7.65%,-0.695095,"14:55 ET"
NVDA,234.56,2026-10-07,5,Put,235.00,+0.26%,2.9,2.85,2.97,10129,231,43.85,32.84%,24.95%,-0.517671,"14:52 ET"
SPCX,158.76,2028-01-21,476,Call,330.00,-107.83%,7.8,7.95,8.35,5399,124,43.54,47.67%,51.44%,0.198955,"13:56 ET"
RKLB,73.35,2026-10-02,0,Put,74.00,+0.80%,0.79,0.93,0.99,14546,337,43.16,74.15%,25.29%,-0.787191,"14:54 ET"
ASST,29.33,2026-10-09,7,Call,30.50,-3.81%,0.47,0.5,0.58,18724,443,42.27,77.50%,59.35%,0.341193,"14:44 ET"
STX,841.07,2026-11-20,49,Call,950.00,-12.18%,48.2,49.9,53.7,5230,128,40.86,68.13%,71.66%,0.380205,"14:51 ET"
AMD,632.82,2026-10-02,0,Put,627.50,-0.59%,0.23,0.26,0.29,8029,198,40.55,50.71%,11.74%,-0.133569,"14:49 ET"
C,128.4,2026-10-16,14,Call,134.00,-4.30%,1.31,1.37,1.45,6369,161,39.56,31.78%,33.33%,0.27582,"14:21 ET"
OXY,57.94,2026-10-09,7,Call,60.00,-3.95%,0.31,0.32,0.36,18689,486,38.45,34.80%,32.55%,0.226547,"14:54 ET"
MU,1075.75,2026-10-02,0,Call,"1,082.50",-0.78%,0.84,0.88,0.88,14433,385,37.49,48.99%,12.88%,0.211229,"14:50 ET"
TSLA,372.15,2026-10-02,0,Call,372.50,-0.39%,0.4,0.4,0.42,252232,6732,37.47,40.46%,9.73%,0.332107,"14:55 ET"
MRVL,273.92,2026-10-30,28,Put,165.00,-39.40%,0.09,0.14,0.16,5007,135,37.09,62.27%,76.76%,-0.006226,"13:31 ET"
AMZN,250.46,2026-10-05,3,Call,242.50,+3.17%,7.85,8.03,8.15,4824,137,35.21,34.23%,22.36%,0.943798,"14:49 ET"
STX,841.07,2026-11-20,49,Call,"1,150.00",-35.80%,14.3,15.89,18.5,5087,146,34.84,68.13%,72.90%,0.156126,"14:45 ET"
QSR,70.19,2026-10-16,14,Call,70.00,+0.09%,1.5,1.45,1.7,4737,137,34.58,27.02%,26.64%,0.539816,"14:55 ET"
WOLF,35.83,2026-10-16,14,Call,50.00,-42.94%,0.17,0.21,0.22,6372,187,34.07,105.03%,107.84%,0.064627,"14:52 ET"
TSLA,372.15,2026-10-05,3,Put,365.00,-1.63%,1.12,1.14,1.13,14521,432,33.61,40.46%,26.40%,-0.218486,"14:54 ET"
OWL,9.18,2026-10-16,14,Call,9.50,-3.83%,0.15,0.2,0.25,8083,243,33.26,51.09%,46.26%,0.367711,"14:45 ET"
LEN,80.14,2026-10-02,0,Put,81.00,+1.26%,0.45,1,1.45,3877,119,32.58,41.79%,16.14%,-0.92651,"14:43 ET"
AMD,632.82,2026-10-02,0,Put,635.00,+0.60%,3.5,3.7,3.8,11600,360,32.22,50.71%,11.31%,-0.811267,"14:48 ET"
VIAV,47.35,2026-10-16,14,Call,46.00,+2.81%,3.4,3.47,3.6,10288,323,31.85,82.14%,72.19%,0.621901,"14:54 ET"
AMZN,250.46,2026-10-05,3,Call,245.00,+2.18%,5.5,5.66,5.85,8974,283,31.71,34.23%,20.97%,0.875393,"14:49 ET"
SNDK,1721.51,2026-10-02,0,Call,"1,730.00",-0.44%,2.55,2.6,2.9,6032,202,29.86,63.00%,15.17%,0.312678,"14:54 ET"
MU,1075.75,2026-10-02,0,Put,"1,077.50",+0.32%,3.4,3.4,3.5,10370,353,29.38,48.99%,13.51%,-0.543131,"14:50 ET"
INTC,119.81,2026-10-09,7,Put,123.00,+2.60%,5.3,5.45,5.4,3633,125,29.06,64.33%,54.81%,-0.612415,"14:38 ET"
AMD,632.82,2026-10-02,0,Put,637.50,+0.99%,5.4,4.9,6.2,6911,239,28.92,50.71%,9.46%,-0.979337,"14:49 ET"
SPCX,158.76,2026-10-09,7,Put,157.50,-0.81%,2.83,2.84,2.85,13571,471,28.81,47.67%,42.97%,-0.404302,"14:55 ET"
MRNA,188.43,2026-10-09,7,Call,195.00,-4.04%,5,5.1,5.45,5193,184,28.22,88.91%,74.56%,0.39911,"14:53 ET"
AAPL,333.7,2026-10-05,3,Put,332.50,-0.29%,1.26,1.27,1.29,12521,466,26.87,24.35%,16.05%,-0.375975,"14:49 ET"
MU,1075.75,2026-10-05,3,Call,"1,095.00",-1.94%,6,6.05,6.15,5940,222,26.76,48.99%,33.60%,0.297461,"14:50 ET"
MRVL,273.92,2026-10-09,7,Call,282.50,-3.76%,6.65,6.66,6.9,3138,119,26.37,62.27%,68.55%,0.39024,"14:53 ET"
STX,841.07,2026-10-02,0,Call,900.00,-6.27%,0.1,0.14,0.2,3131,121,25.88,68.13%,58.36%,0.016504,"14:54 ET"
U,44.08,2026-10-02,0,Put,44.00,-0.18%,0.03,0.2,0.23,3144,124,25.35,63.59%,20.09%,-0.395962,"14:34 ET"
INFY,11.07,2026-11-20,49,Call,11.00,+0.54%,0.7,0.76,0.8,12740,511,24.93,47.75%,45.68%,0.538485,"14:54 ET"
TSLA,372.15,2026-10-07,5,Put,370.00,-0.28%,4.9,5.04,5,3258,131,24.87,40.46%,33.58%,-0.44306,"14:54 ET"
WDC,415.33,2026-10-02,0,Call,425.00,-0.95%,0.2,0.22,0.37,3151,127,24.81,67.46%,29.61%,0.095408,"14:52 ET"
INTC,119.81,2026-10-05,3,Put,122.00,+1.77%,2.87,3.05,2.94,3471,140,24.79,64.33%,39.22%,-0.67412,"14:49 ET"
TSLA,372.15,2026-10-05,3,Call,372.50,-0.39%,3,3,3.1,21172,856,24.73,40.46%,25.33%,0.47,"14:54 ET"
CRWV,89.13,2026-10-30,28,Put,79.00,-11.44%,2.5,2.56,2.58,5317,218,24.39,74.84%,70.08%,-0.228884,"14:40 ET"
AMD,632.82,2026-10-02,0,Put,632.50,+0.20%,1.82,1.95,1.99,8614,356,24.2,50.71%,11.44%,-0.579259,"14:49 ET"
RKLB,73.35,2026-10-02,0,Put,73.00,-0.56%,0.18,0.24,0.24,11087,469,23.64,74.15%,20.48%,-0.383419,"14:54 ET"
NVDA,234.56,2026-10-05,3,Put,232.50,-0.80%,0.83,0.85,0.85,22890,980,23.36,32.84%,19.84%,-0.308086,"14:55 ET"
NEE,76.81,2026-10-23,21,Call,81.00,-5.29%,0.35,0.45,0.47,2741,119,23.03,24.23%,23.40%,0.179853,"14:19 ET"
TSLA,372.15,2026-10-05,3,Put,360.00,-2.98%,0.4,0.42,0.42,13514,587,23.02,40.46%,27.23%,-0.094512,"14:54 ET"
JBLU,4.15,2026-10-09,7,Call,4.00,+3.38%,0.22,0.23,0.23,8509,373,22.81,64.42%,61.66%,0.680285,"14:51 ET"
INTC,119.81,2026-10-05,3,Put,121.00,+0.93%,2.22,2.39,2.29,3306,145,22.8,64.33%,39.08%,-0.587041,"14:49 ET"
ORCL,141.9,2026-10-02,0,Put,143.00,+0.91%,1.13,1.1,1.26,13777,613,22.47,50.09%,16.25%,-0.813566,"14:52 ET"
SNDX,17.7,2027-01-15,105,Call,24.00,-35.06%,0.9,1.6,1.7,10051,450,22.34,101.43%,80.33%,0.322946,"14:49 ET"
INTC,119.81,2026-10-02,0,Put,122.00,+1.77%,1.95,2.3,2.09,20264,916,22.12,64.33%,38.38%,-0.797692,"14:49 ET"
NBIS,242.15,2026-10-02,0,Put,242.50,+0.29%,0.8,0.9,0.92,6098,286,21.32,80.14%,18.39%,-0.475616,"14:54 ET"
ACN,199.63,2026-10-16,14,Call,205.00,-2.71%,4.3,4.4,4.7,6545,307,21.32,43.36%,43.78%,0.391218,"14:48 ET"
AMD,632.82,2026-10-02,0,Put,640.00,+1.39%,7,9.05,9,8262,392,21.08,50.71%,26.27%,-0.828567,"14:46 ET"
CRWV,89.13,2026-10-30,28,Put,78.00,-12.57%,2.24,2.27,2.3,5343,261,20.47,74.84%,70.21%,-0.209821,"14:24 ET"
KEEL,3.58,2026-10-30,28,Put,3.00,-16.67%,0.09,0.1,0.1,4358,215,20.27,93.78%,82.98%,-0.188517,"14:03 ET"
OXY,57.94,2026-10-09,7,Call,59.00,-2.22%,0.53,0.59,0.62,9193,461,19.94,34.80%,31.47%,0.347555,"14:53 ET"
NKE,33.71,2026-10-02,0,Call,33.50,+0.45%,0.27,0.27,0.28,13641,691,19.74,36.26%,19.24%,0.74956,"14:55 ET"
MU,1075.75,2026-10-05,3,Call,"1,135.00",-5.67%,1.01,1.02,1.06,3135,159,19.72,48.99%,37.85%,0.065002,"14:49 ET"
GOOGL,342.94,2026-10-05,3,Put,342.50,-0.16%,2.03,2.04,2.15,4390,224,19.6,32.37%,18.63%,-0.466221,"14:49 ET"
COIN,182.05,2026-10-09,7,Call,187.50,-3.23%,3.05,3.1,3.2,4776,245,19.49,61.82%,56.20%,0.345395,"14:49 ET"
FCX,71.91,2026-10-09,7,Put,65.00,-9.38%,0.12,0.17,0.2,5160,269,19.18,47.21%,49.97%,-0.07073,"14:23 ET"
NKE,33.71,2026-10-02,0,Call,33.00,+1.93%,0.7,0.77,0.82,15415,810,19.03,36.26%,35.35%,0.883296,"14:54 ET"
INTC,119.81,2026-10-02,0,Put,124.00,+3.44%,3.9,3.9,4.1,15603,868,17.98,64.33%,31.53%,-0.980151,"14:49 ET"
SMCI,43.76,2026-10-02,0,Put,43.50,-0.09%,0.09,0.1,0.12,8941,499,17.92,75.13%,22.40%,-0.316805,"14:52 ET"
LULU,94.54,2026-10-16,14,Call,99.00,-5.04%,1.32,1.36,1.48,4056,227,17.87,41.83%,40.58%,0.304224,"13:51 ET"
MSFT,515.18,2026-10-05,3,Call,512.50,+0.49%,4.45,4.57,4.9,2761,156,17.7,29.10%,17.26%,0.629973,"14:42 ET"
WULF,15.27,2026-10-09,7,Call,17.00,-11.04%,0.15,0.15,0.16,17806,1009,17.65,80.87%,80.57%,0.176999,"14:51 ET"
AMD,632.82,2026-10-02,0,Put,642.50,+1.79%,10.2,11.35,13.55,3030,172,17.62,50.71%,35.17%,-0.82051,"13:49 ET"
SPCX,158.76,2026-10-09,7,Put,155.00,-2.38%,1.91,1.91,1.92,24248,1391,17.43,47.67%,43.15%,-0.305156,"14:55 ET"
XP,21.5,2026-11-20,49,Call,23.00,-7.03%,1.45,1.5,1.6,50304,2905,17.32,68.32%,68.75%,0.437362,"14:21 ET"
NVDA,234.56,2026-10-23,21,Put,235.00,+0.26%,6.35,6.38,6.5,10772,626,17.21,32.84%,28.44%,-0.489794,"14:53 ET"
RIOT,19.42,2026-10-30,28,Put,16.00,-17.91%,0.28,0.28,0.42,5496,320,17.18,80.42%,76.04%,-0.149942,"11:11 ET"
NVDA,234.56,2026-10-09,7,Call,247.50,-5.60%,0.27,0.26,0.28,40214,2344,17.16,32.84%,26.19%,0.073478,"14:54 ET"
NVDA,234.56,2026-10-16,14,Put,237.50,+1.33%,6.5,6.6,6.65,7420,433,17.14,32.84%,27.67%,-0.575218,"14:54 ET"
SNDK,1721.51,2026-10-02,0,Call,"1,720.00",+0.14%,6.8,7.03,7.3,4573,267,17.13,63.00%,14.67%,0.60078,"14:55 ET"
INTC,119.81,2026-10-05,3,Call,126.00,-5.11%,0.21,0.24,0.24,8671,507,17.1,64.33%,42.20%,0.104276,"14:47 ET"
TSLA,372.15,2026-10-07,5,Put,362.50,-2.30%,2.22,2.28,2.29,2242,132,16.98,40.46%,33.57%,-0.252926,"14:50 ET"
MU,1075.75,2026-10-02,0,Call,"1,090.00",-1.48%,0.18,0.22,0.22,37700,2224,16.95,48.99%,14.89%,0.056472,"14:50 ET"
SNDK,1721.51,2026-10-02,0,Call,"1,760.00",-2.18%,0.1,0.14,0.15,5916,351,16.85,63.00%,19.60%,0.019512,"14:54 ET"
AMD,632.82,2026-10-02,0,Put,630.00,-0.19%,0.72,0.75,0.8,19730,1172,16.83,50.71%,11.26%,-0.31694,"14:49 ET"
TSLA,372.15,2026-10-09,7,Call,372.50,-0.39%,6.85,6.89,6.95,15254,913,16.71,40.46%,34.98%,0.496771,"14:55 ET"
UEC,9.27,2026-10-30,28,Call,10.50,-12.78%,0.21,0.22,0.22,5004,305,16.41,60.43%,58.95%,0.255694,"14:06 ET"
SMCI,43.76,2026-10-02,0,Put,44.00,+1.06%,0.34,0.45,0.41,4168,255,16.35,75.13%,24.22%,-0.680196,"14:50 ET"
TSM,472.52,2026-10-02,0,Put,470.00,-0.27%,0.14,0.15,0.16,3086,189,16.33,32.84%,8.76%,-0.137392,"14:53 ET"
NVDA,234.56,2026-11-13,42,Call,240.00,-2.40%,7.35,7.52,7.5,1934,119,16.25,32.84%,29.71%,0.444666,"14:44 ET"
PSIX,45.9,2027-02-19,140,Call,60.00,-30.38%,3.9,4.15,4.4,5239,323,16.22,82.33%,72.76%,0.368247,"14:34 ET"
STM,57.01,2026-10-09,7,Call,60.00,-5.67%,0.4,0.47,0.6,7349,454,16.19,60.62%,48.14%,0.232911,"14:33 ET"
BMY,60.78,2026-10-30,28,Call,66.00,-8.77%,0.75,0.83,0.86,1838,114,16.12,34.01%,37.77%,0.229146,"14:51 ET"
TSLA,372.15,2026-10-09,7,Call,382.50,-3.09%,3.25,3.26,3.35,8770,550,15.95,40.46%,35.64%,0.293236,"14:53 ET"
WDC,415.33,2026-10-09,7,Call,450.00,-6.89%,3.5,3.85,4,1687,106,15.92,67.46%,61.89%,0.196759,"14:54 ET"
RKLB,73.35,2026-10-02,0,Put,75.00,+2.17%,1.59,1.7,1.96,4752,299,15.89,74.15%,25.77%,-0.965365,"14:47 ET"
MSFT,515.18,2026-10-05,3,Call,527.50,-2.42%,0.26,0.3,0.32,2268,143,15.86,29.10%,18.23%,0.076296,"14:50 ET"
NVDA,234.56,2026-10-05,3,Call,237.50,-1.33%,0.52,0.51,0.54,59404,3802,15.62,32.84%,18.51%,0.232737,"14:54 ET"
RIVN,14.24,2026-10-23,21,Call,14.50,-2.76%,0.62,0.61,0.67,2152,140,15.37,62.90%,54.54%,0.479879,"14:40 ET"
NVDA,234.56,2026-10-07,5,Put,245.00,+4.53%,10.35,10.3,10.9,2019,132,15.3,32.84%,24.84%,-0.936448,"14:54 ET"
MU,1075.75,2026-10-02,0,Call,"1,085.00",-1.01%,0.49,0.52,0.54,23799,1557,15.29,48.99%,13.43%,0.13584,"14:50 ET"
INTC,119.81,2026-10-05,3,Call,127.00,-5.94%,0.14,0.16,0.16,4654,305,15.26,64.33%,42.61%,0.073591,"14:48 ET"
MU,1075.75,2026-10-02,0,Put,"1,082.50",+0.78%,6.75,7,7,5117,340,15.05,48.99%,13.96%,-0.772748,"14:49 ET"
MRP,24.8,2026-10-16,14,Put,25.00,+1.17%,1.2,1.4,1.7,2181,146,14.94,38.77%,68.04%,-0.501771,"14:16 ET"
TSLA,372.15,2026-10-07,5,Put,365.00,-1.63%,2.94,3.03,3.05,3445,232,14.85,40.46%,33.59%,-0.312056,"14:53 ET"
TSLA,372.15,2026-10-05,3,Put,377.50,+1.74%,7.2,7.27,7.3,2246,152,14.78,40.46%,27.11%,-0.731517,"14:55 ET"
BE,290.39,2026-10-02,0,Call,292.50,-0.56%,0.29,0.26,0.55,10321,701,14.72,78.04%,22.17%,0.220376,"14:49 ET"
AMZN,250.46,2026-10-05,3,Put,257.50,+2.81%,7.05,7.2,7.35,6842,465,14.71,34.23%,14.96%,-0.996821,"14:49 ET"
OKLO,35.85,2026-10-02,0,Call,36.00,-0.08%,0.09,0.12,0.14,5948,405,14.69,70.98%,18.36%,0.448298,"14:45 ET"
STM,57.01,2026-10-09,7,Call,58.00,-2.15%,1.05,1.09,1.2,7389,503,14.69,60.62%,49.25%,0.415208,"14:55 ET"
TECK,68.14,2026-10-16,14,Call,68.00,-0.12%,1.8,1.7,2.55,1505,103,14.61,46.57%,40.25%,0.521391,"11:09 ET"
MARA,11.13,2026-10-09,7,Call,12.50,-12.31%,0.09,0.1,0.1,54258,3731,14.54,80.39%,79.38%,0.156089,"14:54 ET"
KMI,31.01,2026-10-30,28,Call,33.00,-6.55%,0.16,0.22,0.23,2506,174,14.4,24.52%,23.83%,0.180751,"14:53 ET"
MU,1075.75,2026-10-05,3,Put,"1,090.00",+1.48%,20.85,21.85,21.05,2029,141,14.39,48.99%,34.12%,-0.647453,"14:48 ET"
MU,1075.75,2026-10-02,0,Put,"1,075.00",+0.08%,2.1,2.21,2.25,16800,1173,14.32,48.99%,13.16%,-0.409273,"14:50 ET"
WDC,415.33,2026-11-20,49,Put,290.00,-31.11%,2.86,2.97,3.3,4538,318,14.27,67.46%,70.24%,-0.060181,"14:36 ET"
SNDK,1721.51,2026-10-02,0,Call,"1,725.00",-0.15%,4.3,4.5,4.7,3235,227,14.25,63.00%,14.85%,0.450705,"14:54 ET"
ZIM,29.55,2027-03-19,168,Call,30.00,-1.18%,2.11,2.55,3.15,3290,231,14.24,44.15%,32.79%,0.54487,"12:41 ET"
UBER,68.18,2026-11-06,35,Put,65.00,-4.61%,1.73,1.82,1.89,2127,150,14.18,36.91%,39.47%,-0.315168,"14:51 ET"
NKE,33.71,2026-10-09,7,Call,32.00,+4.90%,1.8,1.95,2,1769,125,14.15,36.26%,41.07%,0.82865,"14:53 ET"
APP,271.87,2026-10-02,0,Call,275.00,-1.40%,0.05,0.14,0.2,2158,153,14.1,66.13%,20.57%,0.092875,"14:37 ET"
TXN,294.12,2026-10-09,7,Call,305.00,-3.78%,1.42,1.76,1.99,1406,101,13.92,42.69%,33.03%,0.224407,"14:44 ET"
RDDT,148.38,2026-10-09,7,Put,138.00,-7.22%,0.73,0.81,0.88,2831,204,13.88,65.38%,51.40%,-0.143968,"14:48 ET"
CRWD,268.34,2026-11-20,49,Put,265.00,-1.20%,17.85,18,18.7,1583,115,13.77,51.71%,52.35%,-0.430375,"14:26 ET"
TSLA,372.15,2026-10-05,3,Call,375.00,-1.06%,2.05,2.08,2.08,25452,1858,13.7,40.46%,25.52%,0.358062,"14:55 ET"
AMZN,250.46,2026-10-07,5,Call,252.50,-0.82%,1.89,1.91,1.93,6632,488,13.59,34.23%,24.06%,0.390582,"14:49 ET"
MU,1075.75,2026-10-02,0,Put,"1,090.00",+1.48%,13.55,15.41,13.85,10621,798,13.31,48.99%,16.89%,-0.922677,"14:45 ET"
AMD,632.82,2026-10-09,7,Call,655.00,-3.77%,6.25,6.3,6.6,6186,465,13.3,50.71%,42.75%,0.284359,"14:45 ET"
META,727.71,2026-10-02,0,Put,727.50,-0.14%,1.44,1.44,1.47,11147,842,13.24,38.26%,8.73%,-0.532593,"14:50 ET"
TSLA,372.15,2026-10-05,3,Put,362.50,-2.30%,0.67,0.68,0.69,5323,404,13.18,40.46%,26.64%,-0.145713,"14:54 ET"
STX,841.07,2026-11-20,49,Put,560.00,-33.87%,3.3,5.08,5.9,1367,104,13.14,68.13%,72.35%,-0.045182,"13:45 ET"
WMB,70.25,2026-10-30,28,Call,75.00,-6.93%,0.45,0.5,0.65,1923,147,13.08,28.97%,26.67%,0.19729,"13:16 ET"
FCX,71.91,2026-10-09,7,Call,72.00,-0.38%,1.59,1.7,1.77,4243,325,13.06,47.21%,44.91%,0.493769,"14:45 ET"
META,727.71,2026-10-02,0,Put,732.50,+0.54%,4.55,4.87,5.55,5773,442,13.06,38.26%,7.72%,-0.977251,"14:50 ET"
AMD,632.82,2026-10-02,0,Put,625.00,-0.99%,0.07,0.1,0.1,8655,664,13.03,50.71%,12.55%,-0.049364,"14:49 ET"
CRWV,89.13,2026-10-30,28,Put,81.00,-9.20%,3.1,3.15,3.2,5090,391,13.02,74.84%,69.87%,-0.269358,"14:49 ET"
AVGO,355.46,2026-11-06,35,Call,355.00,-0.01%,16.65,16.75,16.85,2444,189,12.93,35.73%,36.32%,0.538781,"14:48 ET"
NVDA,234.56,2026-10-09,7,Put,237.50,+1.33%,4.95,5.05,5.05,6566,508,12.93,32.84%,25.94%,-0.626527,"14:54 ET"
TSM,472.52,2026-10-09,7,Call,482.50,-2.38%,3,3.05,3.35,1420,111,12.79,32.84%,26.74%,0.293781,"14:48 ET"
ARM,308.36,2026-10-02,0,Put,305.00,-0.57%,0.3,0.31,0.36,2752,216,12.74,71.51%,18.29%,-0.201144,"14:49 ET"
SMCI,43.76,2026-10-09,7,Put,43.00,-1.24%,1.17,1.15,1.23,3093,243,12.73,75.13%,64.82%,-0.404923,"14:48 ET"
WULF,15.27,2026-10-30,28,Call,18.00,-17.57%,0.46,0.45,0.48,5039,400,12.6,80.87%,82.34%,0.251651,"13:15 ET"
AXP,302.92,2026-10-09,7,Call,310.00,-2.46%,1.12,1.28,1.4,2440,194,12.58,27.46%,22.33%,0.233735,"14:48 ET"
CRWV,89.13,2026-10-30,28,Put,77.00,-13.69%,1.99,2,2.06,1787,143,12.5,74.84%,70.41%,-0.191731,"12:29 ET"
TSM,472.52,2026-10-09,7,Call,477.50,-1.32%,4.8,4.9,5,4599,371,12.4,32.84%,27.02%,0.398235,"14:54 ET"
TSLA,372.15,2026-10-02,0,Call,370.00,+0.28%,1.78,1.81,1.83,162048,13073,12.4,40.46%,8.41%,0.850331,"14:55 ET"
NKE,33.71,2027-09-17,350,Call,55.00,-63.45%,0.83,1,1.06,4034,328,12.3,36.26%,41.99%,0.154146,"14:37 ET"
SNDK,1721.51,2026-10-02,0,Put,"1,720.00",-0.14%,3.5,3.66,3.8,3366,274,12.28,63.00%,14.36%,-0.398036,"14:55 ET"
AAPL,333.7,2026-10-02,0,Call,335.00,-0.46%,0.13,0.14,0.14,234589,19105,12.28,24.35%,7.10%,0.197348,"14:49 ET"
MU,1075.75,2026-10-02,0,Put,"1,080.00",+0.55%,4.85,5,5.1,20463,1669,12.26,48.99%,13.50%,-0.670302,"14:49 ET"
MU,1075.75,2026-10-02,0,Put,"1,072.50",-0.15%,1.35,1.37,1.38,7414,606,12.23,48.99%,13.47%,-0.288577,"14:50 ET"
MU,1075.75,2026-10-09,7,Put,"1,075.00",+0.08%,25.35,25.87,25.6,1712,140,12.23,48.99%,44.77%,-0.474488,"14:49 ET"
MU,1075.75,2026-10-02,0,Call,"1,080.00",-0.55%,1.42,1.49,1.49,32733,2696,12.14,48.99%,12.56%,0.319798,"14:50 ET"
MSFT,515.18,2026-10-02,0,Call,517.50,-0.48%,0.11,0.11,0.12,34807,2875,12.11,29.10%,7.70%,0.114753,"14:50 ET"
NKE,33.71,2026-10-02,0,Call,32.50,+3.42%,1.18,1.17,1.4,2773,229,12.11,36.26%,61.78%,0.878648,"14:55 ET"
NVDA,234.56,2026-10-12,10,Put,240.00,+2.40%,6.85,6.97,7.25,2082,174,11.97,32.84%,24.44%,-0.705575,"14:29 ET"
AG,17.65,2026-10-16,14,Call,18.50,-4.93%,0.37,0.39,0.4,3191,268,11.91,56.59%,52.68%,0.337665,"13:36 ET"
LITE,1086,2026-10-09,7,Put,"1,000.00",-7.84%,8.5,9,9.7,1253,106,11.82,73.63%,65.52%,-0.166487,"14:47 ET"
BMY,60.78,2026-10-23,21,Call,66.00,-8.77%,0.25,0.31,0.36,2550,218,11.7,34.01%,30.73%,0.138303,"13:29 ET"
AMD,632.82,2026-10-05,3,Put,605.00,-4.15%,0.48,0.53,0.53,2614,224,11.67,50.71%,31.68%,-0.063312,"14:34 ET"
MU,1075.75,2026-10-02,0,Put,"1,095.00",+1.94%,18.45,19,18.8,5510,472,11.67,48.99%,20.32%,-0.947485,"14:49 ET"
SNDK,1721.51,2026-10-02,0,Call,"1,745.00",-1.31%,0.5,0.5,0.6,2834,246,11.52,63.00%,17.06%,0.079728,"14:54 ET"
SNDK,1721.51,2026-10-02,0,Call,"1,735.00",-0.73%,1.5,1.55,1.7,3183,277,11.49,63.00%,15.66%,0.20402,"14:54 ET"
COIN,182.05,2026-10-02,0,Call,182.50,-0.47%,0.24,0.24,0.26,3859,340,11.35,61.82%,19.79%,0.231582,"14:49 ET"
MU,1075.75,2026-10-02,0,Call,"1,077.50",-0.32%,2.31,2.4,2.43,9385,829,11.32,48.99%,12.36%,0.454176,"14:50 ET"
VRT,252.65,2026-10-30,28,Call,310.00,-23.09%,2.66,3.5,3.9,1583,140,11.31,58.63%,64.77%,0.150755,"14:53 ET"
RIVN,14.24,2026-10-02,0,Call,14.00,+0.78%,0.23,0.24,0.25,2357,209,11.28,62.90%,0.00%,0,"14:53 ET"
COIN,182.05,2026-10-09,7,Call,207.50,-14.24%,0.36,0.46,0.54,2629,236,11.14,61.82%,63.30%,0.066798,"14:39 ET"
WDC,415.33,2026-10-02,0,Put,410.00,-2.61%,0.5,0.55,0.72,5726,521,10.99,67.46%,31.50%,-0.16699,"14:54 ET"
VRT,252.65,2026-10-30,28,Put,230.00,-8.67%,7.7,8.3,8.55,1548,142,10.9,58.63%,65.27%,-0.265909,"14:32 ET"
MU,1075.75,2026-10-05,3,Call,"1,105.00",-2.88%,3.85,3.75,4,2060,189,10.9,48.99%,34.47%,0.209388,"14:48 ET"
NVDA,234.56,2026-10-09,7,Call,207.50,+11.47%,26.65,27.42,27.8,2034,187,10.88,32.84%,41.98%,0.983944,"14:42 ET"
AAPL,333.7,2026-10-05,3,Call,335.00,-0.46%,1.4,1.42,1.42,30937,2851,10.85,24.35%,15.40%,0.418981,"14:49 ET"
ARM,308.36,2026-10-02,0,Put,307.50,+0.24%,1.03,1.16,1.23,1539,142,10.84,71.51%,17.12%,-0.509824,"14:49 ET"
NKE,33.71,2026-10-23,21,Call,34.00,-1.04%,1,1.03,1.06,1722,159,10.83,36.26%,36.16%,0.477081,"14:54 ET"
INTC,119.81,2026-10-07,5,Put,120.00,+0.10%,2.75,2.85,2.83,6063,567,10.69,64.33%,49.92%,-0.488008,"14:49 ET"
SNDK,1721.51,2026-10-02,0,Call,"1,750.00",-1.60%,0.3,0.31,0.35,15072,1413,10.67,63.00%,17.83%,0.049011,"14:54 ET"
BURL,272.75,2026-11-20,49,Put,240.00,-11.62%,2.9,3.5,3.6,1265,119,10.63,39.42%,38.03%,-0.154129,"14:10 ET"
INTC,119.81,2026-10-02,0,Put,123.00,+2.60%,2.93,2.9,3.1,12135,1144,10.61,64.33%,24.94%,-0.975494,"14:49 ET"
SMCI,43.76,2026-10-09,7,Put,43.50,-0.09%,1.41,1.46,1.46,2645,250,10.58,75.13%,64.92%,-0.455577,"14:53 ET"
NVDA,234.56,2026-10-07,5,Put,237.50,+1.33%,4.35,4.4,4.45,1585,150,10.57,32.84%,24.59%,-0.661138,"14:55 ET"
AAPL,333.7,2026-10-02,0,Call,332.50,+0.29%,1.48,1.48,1.5,114086,10828,10.54,24.35%,6.16%,0.912798,"14:49 ET"
TSLA,372.15,2026-10-09,7,Put,370.00,-0.28%,6.25,6.41,6.4,10442,994,10.51,40.46%,35.30%,-0.449429,"14:54 ET"
SMCI,43.76,2026-10-02,0,Put,44.50,+2.20%,0.77,0.84,0.86,1176,112,10.5,75.13%,31.39%,-0.854101,"14:43 ET"
MAT,14.93,2026-11-20,49,Call,14.00,+5.47%,1.5,1.67,2,2355,225,10.47,56.09%,59.12%,0.653231,"14:32 ET"
BE,290.39,2026-10-09,7,Call,292.50,-0.56%,9.15,10.02,9.9,1393,134,10.4,78.04%,66.50%,0.482401,"14:28 ET"
MU,1075.75,2026-10-05,3,Put,"1,080.00",+0.55%,14.7,14.7,14.8,3836,369,10.4,48.99%,33.66%,-0.532279,"14:50 ET"
GTLB,49.55,2026-10-09,7,Call,55.00,-11.00%,0.05,0.1,0.15,3900,375,10.4,55.81%,49.34%,0.068761,"14:52 ET"
MU,1075.75,2026-10-05,3,Call,"1,085.00",-1.01%,9.2,9.29,9.3,4288,413,10.38,48.99%,32.99%,0.406967,"14:50 ET"
SMCI,43.76,2026-10-09,7,Call,47.00,-7.95%,0.5,0.5,0.53,12105,1173,10.32,75.13%,65.96%,0.231317,"14:54 ET"
MU,1075.75,2026-10-05,3,Call,"1,155.00",-7.53%,0.46,0.47,0.49,1053,103,10.22,48.99%,40.95%,0.030936,"14:49 ET"
MU,1075.75,2026-10-02,0,Put,"1,060.00",-1.31%,0.08,0.1,0.11,14692,1453,10.11,48.99%,15.75%,-0.028011,"14:50 ET"
MSFT,515.18,2026-10-05,3,Call,515.00,+0.01%,3.15,3.2,3.3,4526,448,10.1,29.10%,17.04%,0.50831,"14:50 ET"
CRCL,80.4,2026-10-09,7,Call,87.00,-7.97%,0.75,0.78,0.8,1814,180,10.08,69.39%,64.39%,0.201533,"14:48 ET"
AMD,632.82,2026-10-02,0,Put,645.00,+2.18%,12.7,14.1,14.9,2038,203,10.04,50.71%,32.04%,-0.89357,"14:08 ET"
MO,67.15,2026-11-20,49,Put,60.00,-10.71%,0.33,0.36,0.36,1535,153,10.03,23.43%,25.45%,-0.109456,"14:42 ET"
ARM,308.36,2026-10-09,7,Call,335.00,-9.21%,2.72,2.8,2.83,1942,194,10.01,71.51%,66.04%,0.187664,"14:49 ET"
TSLA,372.15,2026-10-05,3,Call,370.00,+0.28%,4.25,4.33,4.4,30658,3085,9.94,40.46%,25.16%,0.58682,"14:55 ET"
SBUX,94.61,2026-10-09,7,Call,96.00,-1.39%,0.67,0.74,0.79,1221,123,9.93,31.71%,24.35%,0.347145,"14:54 ET"
CRWV,89.13,2026-11-06,35,Call,95.00,-6.49%,5.6,5.95,5.85,1341,135,9.93,74.84%,71.56%,0.440107,"14:16 ET"
CIFR,15.52,2026-10-30,28,Put,13.00,-16.29%,0.43,0.45,0.48,8413,848,9.92,92.98%,87.09%,-0.195046,"14:40 ET"
LRN,78.95,2026-10-16,14,Call,85.00,-7.40%,0.35,0.4,0.45,1864,188,9.91,54.49%,34.80%,0.148402,"14:50 ET"
NKE,33.71,2026-11-06,35,Call,36.00,-6.98%,0.61,0.65,0.73,1106,112,9.88,36.26%,36.24%,0.296468,"14:49 ET"
META,727.71,2026-10-02,0,Call,732.50,-0.54%,0.11,0.12,0.13,18403,1881,9.78,38.26%,9.58%,0.074265,"14:50 ET"
MOS,21.33,2026-11-20,49,Put,21.00,-1.22%,1.35,1.3,1.4,1679,172,9.76,48.78%,49.92%,-0.427699,"11:17 ET"
SHOP,151.45,2026-10-16,14,Call,152.50,-0.70%,5.2,5.32,5.65,1491,153,9.75,58.00%,48.39%,0.500962,"14:04 ET"
MRNA,188.43,2026-10-02,0,Call,187.50,-0.04%,1.56,1.67,1.7,1688,174,9.7,88.91%,21.30%,0.733999,"14:54 ET"
RIVN,14.24,2026-10-09,7,Call,14.00,+0.78%,0.54,0.55,0.57,2502,258,9.7,62.90%,52.80%,0.613662,"14:48 ET"
AMD,632.82,2026-10-05,3,Call,640.00,-1.39%,3.15,3.3,3.35,3677,379,9.7,50.71%,28.34%,0.3144,"14:46 ET"
DELL,565.33,2026-10-02,0,Put,557.50,-1.49%,0.02,0.16,0.26,1079,112,9.63,58.66%,16.87%,-0.064592,"14:47 ET"
CSCO,111.79,2026-10-09,7,Call,116.00,-3.66%,0.33,0.37,0.38,2687,280,9.6,37.03%,26.83%,0.164141,"14:49 ET"
RBLX,43.99,2026-10-09,7,Call,46.00,-4.45%,0.59,0.65,0.7,1657,173,9.58,72.20%,57.72%,0.301135,"14:50 ET"
AMD,632.82,2026-10-05,3,Put,620.00,-1.78%,1.98,2,2.08,1677,175,9.58,50.71%,27.63%,-0.220761,"14:49 ET"
TSLA,372.15,2026-10-09,7,Put,365.00,-1.63%,4.2,4.3,4.3,6093,636,9.58,40.46%,35.27%,-0.342152,"14:54 ET"
BMNR,26.11,2026-10-16,14,Call,20.00,+23.69%,6.05,6.15,6.4,10402,1086,9.58,71.10%,86.09%,0.952771,"14:39 ET"
NBIS,242.15,2026-10-02,0,Call,245.00,-1.32%,0.15,0.16,0.19,12368,1292,9.57,80.14%,17.76%,0.147707,"14:54 ET"
WDC,415.33,2026-10-02,0,Put,417.50,-0.83%,3,3.24,3.9,1199,126,9.52,67.46%,33.67%,-0.552544,"14:55 ET"
CRWD,268.34,2026-10-02,0,Put,270.00,+0.67%,2.04,2.1,2.19,3202,337,9.5,51.71%,12.99%,-0.865618,"14:49 ET"
MU,1075.75,2026-10-05,3,Call,"1,110.00",-3.34%,3.05,3.15,3.2,2910,308,9.45,48.99%,34.89%,0.173324,"14:49 ET"
AMD,632.82,2026-10-05,3,Call,637.50,-0.99%,3.95,4.05,4.2,1426,151,9.44,50.71%,28.31%,0.370153,"14:49 ET"
ZIM,29.55,2027-03-19,168,Call,32.00,-7.93%,1.5,2,1.95,3302,350,9.43,44.15%,31.29%,0.422677,"14:15 ET"
NVDA,234.56,2026-11-13,42,Call,245.00,-4.53%,5.4,5.47,5.55,1291,137,9.42,32.84%,29.28%,0.363116,"14:53 ET"
AVGO,355.46,2026-10-02,0,Put,355.00,+0.01%,0.5,0.52,0.53,13328,1421,9.38,35.73%,10.56%,-0.378879,"14:49 ET"
CVNA,63.89,2026-10-09,7,Call,67.00,-4.80%,0.84,0.96,0.96,1461,156,9.37,68.80%,56.96%,0.294642,"14:44 ET"
INTC,119.81,2026-10-05,3,Call,124.00,-3.44%,0.46,0.49,0.49,2564,275,9.32,64.33%,41.20%,0.194702,"14:47 ET"
LLY,1146.71,2026-10-02,0,Put,"1,135.00",-0.88%,0.01,0.15,0.24,1525,164,9.3,36.07%,11.58%,-0.044112,"14:45 ET"
LULU,94.54,2026-10-02,0,Call,95.00,-0.80%,0.1,0.18,0.15,1583,171,9.26,41.83%,13.95%,0.291337,"14:51 ET"
SNDK,1721.51,2026-10-02,0,Call,"1,765.00",-2.47%,0.05,0.1,0.15,1499,162,9.25,63.00%,21.13%,0.014949,"14:51 ET"
AVGO,355.46,2026-10-07,5,Put,350.00,-1.40%,2.6,2.67,2.73,1922,208,9.24,35.73%,30.42%,-0.318524,"14:47 ET"
NVDA,234.56,2026-10-05,3,Call,240.00,-2.40%,0.17,0.17,0.18,73313,7943,9.23,32.84%,18.98%,0.093468,"14:55 ET"
QXO,12.01,2027-02-19,140,Call,15.00,-24.79%,0.9,1,1.05,3002,326,9.21,64.10%,63.08%,0.369687,"14:17 ET"
CAG,13.48,2026-11-20,49,Call,14.00,-4.56%,0.25,0.3,0.35,3542,386,9.18,30.75%,26.37%,0.357463,"11:10 ET"
SNDK,1721.51,2026-10-02,0,Put,"1,735.00",+0.73%,12.9,16.43,13.5,1558,170,9.16,63.00%,15.14%,-0.806616,"14:39 ET"
FCX,71.91,2026-10-09,7,Put,64.00,-10.78%,0.03,0.1,0.17,1038,114,9.11,47.21%,50.54%,-0.046876,"14:49 ET"
INTC,119.81,2026-10-05,3,Put,123.00,+2.60%,3.55,3.65,3.7,1772,195,9.09,64.33%,39.05%,-0.753365,"14:49 ET"
MU,1075.75,2026-10-02,0,Put,"1,067.50",-0.62%,0.42,0.45,0.49,5340,593,9.01,48.99%,13.96%,-0.11841,"14:50 ET"
SLB,49.01,2026-11-20,49,Call,50.00,-2.17%,2.21,2.3,2.3,10136,1126,9,35.44%,37.28%,0.472147,"14:22 ET"
TSLA,372.15,2026-10-23,21,Put,400.00,+7.80%,33.85,34.24,34.55,1181,132,8.95,40.46%,45.85%,-0.727604,"14:52 ET"
IOVA,14.2,2026-10-02,0,Call,2.00,+85.89%,11.6,12,12.4,945,106,8.92,95.29%,0.00%,0,"14:19 ET"
TSLA,372.15,2026-10-02,0,Put,375.00,+1.06%,3.4,3.66,3.7,31984,3584,8.92,40.46%,15.88%,-0.86179,"14:54 ET"
NBIS,242.15,2026-10-09,7,Put,240.00,-0.74%,7.5,7.7,7.7,2104,237,8.88,80.14%,66.93%,-0.432633,"14:53 ET"
IOVA,14.2,2026-10-16,14,Put,14.00,-1.20%,0.65,0.77,1,1751,198,8.84,95.29%,85.76%,-0.425369,"12:38 ET"
SNDK,1721.51,2026-10-02,0,Call,"1,755.00",-1.89%,0.15,0.17,0.25,1917,221,8.67,63.00%,18.72%,0.030792,"14:53 ET"
SPCX,158.76,2026-10-30,28,Put,155.00,-2.38%,5.5,5.5,5.65,3400,392,8.67,47.67%,44.68%,-0.379047,"14:52 ET"
AVGO,355.46,2026-10-05,3,Call,355.00,-0.01%,3.35,3.42,3.5,5567,642,8.67,35.73%,24.00%,0.53844,"14:49 ET"
RBLX,43.99,2026-10-09,7,Call,44.00,+0.09%,1.3,1.37,1.45,1602,185,8.66,72.20%,56.99%,0.513762,"14:53 ET"
TSLA,372.15,2026-10-07,5,Put,350.00,-5.67%,0.5,0.51,0.52,3633,421,8.63,40.46%,35.92%,-0.07217,"14:49 ET"
AAPL,333.7,2026-10-05,3,Call,332.50,+0.29%,2.69,2.73,2.78,20918,2426,8.62,24.35%,15.63%,0.628361,"14:50 ET"
AMD,632.82,2026-10-05,3,Call,645.00,-2.18%,1.97,2,2.05,3993,464,8.61,50.71%,28.55%,0.21761,"14:49 ET"
MSFT,515.18,2026-10-02,0,Put,512.50,-0.49%,0.08,0.1,0.1,14235,1662,8.56,29.10%,7.28%,-0.097908,"14:50 ET"
RDDT,148.38,2026-10-09,7,Put,142.00,-4.53%,1.54,1.51,1.73,1512,177,8.54,65.38%,50.86%,-0.252347,"14:42 ET"
BABA,106.06,2026-10-02,0,Call,105.00,+0.91%,0.91,0.99,1.09,1788,210,8.51,38.67%,9.60%,0.975435,"14:46 ET"
NKE,33.71,2026-10-09,7,Call,33.50,+0.45%,0.8,0.88,0.86,7364,867,8.49,36.26%,38.52%,0.559117,"14:51 ET"
GOOGL,342.94,2026-10-02,0,Put,342.50,-0.16%,0.35,0.36,0.39,29291,3451,8.49,32.37%,7.64%,-0.387051,"14:49 ET"
MU,1075.75,2026-10-02,0,Put,"1,062.50",-1.08%,0.14,0.14,0.18,3784,446,8.48,48.99%,15.14%,-0.045705,"14:50 ET"
SHOP,151.45,2026-10-09,7,Put,142.00,-6.23%,0.66,0.73,0.82,3994,473,8.44,58.00%,46.41%,-0.143876,"14:50 ET"
AMD,632.82,2026-10-09,7,Call,670.00,-6.14%,3.3,3.36,3.45,2602,309,8.42,50.71%,43.00%,0.171948,"14:48 ET"
NBIS,242.15,2026-10-02,0,Put,247.50,+2.36%,4.9,5.5,5.1,1781,212,8.4,80.14%,27.36%,-0.919628,"14:37 ET"
ARM,308.36,2026-10-09,7,Call,350.00,-14.10%,1.22,1.28,1.28,4767,568,8.39,71.51%,68.60%,0.094918,"14:49 ET"
SPCX,158.76,2026-10-23,21,Put,155.00,-2.38%,4.4,4.46,4.5,2157,258,8.36,47.67%,43.53%,-0.367591,"14:54 ET"
INTC,119.81,2026-10-02,0,Put,121.00,+0.93%,1.01,0.92,1.11,19049,2291,8.31,64.33%,11.82%,-0.922063,"14:49 ET"
MU,1075.75,2026-10-05,3,Put,"1,060.00",-1.31%,6.05,6.5,6.2,5417,653,8.3,48.99%,33.23%,-0.294889,"14:48 ET"
LULU,94.54,2027-06-17,258,Put,60.00,-36.34%,2.05,2.28,2.42,1152,139,8.29,41.83%,52.47%,-0.094482,"14:18 ET"
CBRS,166.44,2026-10-09,7,Call,190.00,-14.30%,0.8,0.85,0.95,2872,347,8.28,72.54%,74.97%,0.109651,"14:46 ET"
ACN,199.63,2026-11-20,49,Call,225.00,-12.73%,4,4.17,4.4,3188,385,8.28,43.36%,42.64%,0.244926,"14:44 ET"
AMD,632.82,2026-10-05,3,Call,635.00,-0.60%,4.85,4.97,5.15,3270,398,8.22,50.71%,28.10%,0.428608,"14:49 ET"
MO,67.15,2026-10-09,7,Call,68.00,-1.19%,0.37,0.41,0.46,1301,159,8.18,23.43%,20.51%,0.33437,"14:53 ET"
AAPL,333.7,2026-10-05,3,Put,330.00,-1.04%,0.57,0.58,0.6,11821,1457,8.11,24.35%,16.44%,-0.207163,"14:49 ET"
DELL,565.33,2027-03-19,168,Call,800.00,-41.36%,39,39.65,40.7,1212,150,8.08,58.66%,66.44%,0.304917,"14:38 ET"
TSLA,372.15,2026-10-09,7,Put,367.50,-0.96%,5.15,5.24,5.25,2906,360,8.07,40.46%,35.18%,-0.394734,"14:52 ET"
NKE,33.71,2026-10-09,7,Call,35.00,-4.01%,0.25,0.26,0.27,15063,1869,8.06,36.26%,38.37%,0.24973,"14:54 ET"
ACN,199.63,2026-10-02,0,Put,200.00,+0.21%,0.65,0.83,1.2,4123,512,8.05,43.36%,14.65%,-0.641603,"14:45 ET"
ARM,308.36,2026-10-02,0,Put,310.00,+1.06%,2.6,3.35,3,3175,396,8.02,71.51%,16.21%,-0.840482,"14:46 ET"
NUAI,6.18,2026-10-02,0,Call,1.00,+84.13%,5.1,5.35,5.5,2260,282,8.01,115.22%,0.00%,0,"13:49 ET"
TSLA,372.15,2026-10-05,3,Call,380.00,-2.41%,0.85,0.86,0.87,20157,2515,8.01,40.46%,26.21%,0.181169,"14:55 ET"
MU,1075.75,2026-10-02,0,Put,"1,085.00",+1.01%,8.85,10.25,9.15,8610,1078,7.99,48.99%,14.56%,-0.847851,"14:48 ET"
SMCI,43.76,2026-10-09,7,Call,44.00,-1.06%,1.43,1.43,1.47,13744,1722,7.98,75.13%,64.56%,0.494199,"14:54 ET"
AMZN,250.46,2026-10-09,7,Call,242.50,+3.17%,8.9,9.05,9.2,996,125,7.97,34.23%,27.91%,0.804466,"14:49 ET"
NUAI,6.18,2026-10-02,0,Call,0.50,+92.06%,5.6,5.85,6,2263,284,7.97,115.22%,0.00%,0,"13:49 ET"
ATEC,9.91,2026-11-20,49,Call,12.50,-25.75%,0.25,0.27,0.35,2875,362,7.94,68.08%,70.36%,0.22805,"14:49 ET"
NVDA,234.56,2026-10-05,3,Put,230.00,-1.87%,0.34,0.36,0.36,30730,3868,7.94,32.84%,21.10%,-0.149527,"14:54 ET"
TSLA,372.15,2026-10-07,5,Call,372.50,-0.39%,5.25,5.3,5.4,3418,432,7.91,40.46%,32.53%,0.488958,"14:54 ET"
META,727.71,2026-10-05,3,Call,732.50,-0.54%,3.7,3.75,4,2231,283,7.88,38.26%,22.99%,0.372264,"14:50 ET"
TSLA,372.15,2026-10-07,5,Put,360.00,-2.98%,1.65,1.7,1.72,3861,490,7.88,40.46%,33.77%,-0.20133,"14:52 ET"
MU,1075.75,2026-10-05,3,Call,"1,090.00",-1.48%,7.45,7.3,7.6,8153,1038,7.85,48.99%,33.28%,0.349962,"14:49 ET"
AMD,632.82,2026-10-02,0,Call,635.00,-0.60%,0.42,0.46,0.5,22991,2930,7.85,50.71%,12.03%,0.207207,"14:49 ET"
SNDK,1721.51,2026-10-02,0,Put,"1,700.00",-1.30%,0.3,0.32,0.35,8887,1136,7.82,63.00%,16.23%,-0.052868,"14:55 ET"
SNDK,1721.51,2026-10-09,7,Call,"1,730.00",-0.44%,49.2,48.8,49.8,798,102,7.82,63.00%,54.81%,0.498114,"14:53 ET"
BMNR,26.11,2026-10-30,28,Put,26.00,-0.80%,1.87,1.9,1.97,1009,129,7.82,71.10%,69.81%,-0.448648,"14:55 ET"
CDNS,349.35,2027-01-15,105,Call,480.00,-37.53%,4.2,4.6,5,2367,304,7.79,44.85%,44.66%,0.122824,"14:38 ET"
RBLX,43.99,2026-10-02,0,Call,43.50,+1.23%,0.44,0.55,0.78,2046,263,7.78,72.20%,36.94%,0.709309,"14:53 ET"
SPCX,158.76,2026-10-09,7,Put,160.00,+0.77%,4,4,4.1,4745,610,7.78,47.67%,43.08%,-0.509181,"14:54 ET"
DAC,164.06,2026-10-16,14,Call,170.00,-3.60%,0.4,0.5,0.8,781,101,7.73,25.81%,19.31%,0.181094,"14:36 ET"
PFE,27.63,2026-10-16,14,Put,29.50,+7.16%,1.84,1.9,2.11,1212,157,7.72,24.70%,24.61%,-0.913836,"12:48 ET"
ORCL,141.9,2026-10-02,0,Put,142.00,+0.20%,0.39,0.44,0.45,6820,885,7.71,50.09%,13.02%,-0.528746,"14:54 ET"
BABA,106.06,2026-10-02,0,Call,106.00,-0.04%,0.17,0.19,0.2,2931,382,7.67,38.67%,7.59%,0.534295,"14:49 ET"
MU,1075.75,2026-10-05,3,Call,"1,125.00",-4.74%,1.57,1.56,1.62,2538,332,7.64,48.99%,36.54%,0.096422,"14:49 ET"
NFLX,67.07,2026-10-02,0,Call,66.00,+1.49%,1.12,1.11,1.22,1319,173,7.62,38.44%,21.15%,0.942933,"14:54 ET"
MRNA,188.43,2026-10-09,7,Put,185.00,-1.29%,5.55,6.05,5.9,2050,270,7.59,88.91%,72.81%,-0.398716,"14:49 ET"
TSLA,372.15,2026-10-09,7,Put,372.50,+0.39%,7.5,7.66,7.65,4010,528,7.59,40.46%,35.34%,-0.504381,"14:52 ET"
META,727.71,2026-10-02,0,Put,730.00,+0.20%,2.97,3.1,3.1,20054,2645,7.58,38.26%,7.61%,-0.836479,"14:50 ET"
NKE,33.71,2026-10-16,14,Call,34.00,-1.04%,0.78,0.8,0.82,7030,932,7.54,36.26%,35.41%,0.464919,"14:54 ET"
ARM,308.36,2026-10-02,0,Put,312.50,+1.87%,4.75,5.6,5.4,1942,258,7.53,71.51%,33.96%,-0.821928,"14:47 ET"
AVGO,355.46,2026-10-05,3,Put,355.00,+0.01%,2.8,2.75,2.85,2301,306,7.52,35.73%,24.44%,-0.462911,"14:49 ET"
SNDK,1721.51,2026-10-02,0,Put,"1,715.00",-0.43%,1.85,2.24,2.15,2317,309,7.5,63.00%,14.34%,-0.257776,"14:54 ET"
AVGO,355.46,2026-10-02,0,Call,355.00,-0.01%,1.04,1.07,1.08,35781,4772,7.5,35.73%,9.78%,0.631167,"14:49 ET"
TGB,8.87,2027-05-21,231,Call,10.00,-13.25%,1.45,1.61,1.65,1003,134,7.49,66.65%,67.28%,0.536005,"10:36 ET"
IBRX,10.15,2026-10-30,28,Call,11.00,-9.24%,0.7,0.8,0.9,1780,238,7.48,100.04%,99.08%,0.445882,"14:32 ET"
ACN,199.63,2026-10-09,7,Call,215.00,-7.72%,0.6,0.7,0.75,766,103,7.44,43.36%,44.21%,0.116077,"14:15 ET"
MU,1075.75,2026-10-02,0,Put,"1,065.00",-0.85%,0.24,0.33,0.29,8950,1204,7.43,48.99%,14.48%,-0.073161,"14:49 ET"
DELL,565.33,2026-10-02,0,Call,562.50,+0.61%,3,4.8,3.8,2593,350,7.41,58.66%,16.56%,0.694571,"14:41 ET"
NKE,33.71,2026-10-16,14,Call,33.00,+1.93%,1.32,1.32,1.37,1220,165,7.39,36.26%,36.31%,0.631382,"14:55 ET"
TSLA,372.15,2026-10-05,3,Put,380.00,+2.41%,9.2,9.44,9.35,2878,390,7.38,40.46%,27.91%,-0.805963,"14:54 ET"
TEM,76.75,2026-10-02,0,Put,78.00,+1.22%,0.96,1.22,1.63,2411,328,7.35,76.22%,25.44%,-0.887312,"14:47 ET"
META,727.71,2026-10-07,5,Call,755.00,-3.63%,1.97,2.1,2.13,5460,743,7.35,38.26%,30.51%,0.153851,"14:48 ET"
NVDA,234.56,2026-10-05,3,Put,240.00,+2.40%,5.6,5.67,5.85,5621,767,7.33,32.84%,21.78%,-0.878158,"14:55 ET"
SNDK,1721.51,2026-10-02,0,Put,"1,650.00",-4.21%,0.05,0.11,0.1,7781,1066,7.3,63.00%,34.41%,-0.007367,"14:53 ET"
WDC,415.33,2026-10-02,0,Put,422.50,+0.36%,5.5,6.92,10,770,106,7.26,67.46%,46.52%,-0.720062,"14:39 ET"
NEM,115.37,2027-01-15,105,Call,180.00,-56.29%,0.39,0.48,0.5,5157,710,7.26,40.39%,44.40%,0.043161,"14:38 ET"
NVDA,234.56,2026-10-09,7,Put,235.00,+0.26%,3.55,3.61,3.6,19136,2635,7.26,32.84%,26.19%,-0.51008,"14:54 ET"
AMD,632.82,2026-10-02,0,Call,632.50,-0.20%,1.1,1.13,1.27,11155,1539,7.25,50.71%,11.66%,0.424219,"14:49 ET"
RIVN,14.24,2026-11-20,49,Call,21.00,-48.83%,0.13,0.15,0.18,1888,261,7.23,62.90%,72.72%,0.096461,"14:47 ET"
MU,1075.75,2026-10-05,3,Call,"1,120.00",-4.27%,1.96,1.94,2.03,2644,367,7.2,48.99%,35.97%,0.1176,"14:49 ET"
AMZN,250.46,2026-10-09,7,Call,252.50,-0.82%,2.67,2.68,2.75,8701,1216,7.16,34.23%,26.13%,0.419502,"14:47 ET"
MU,1075.75,2026-10-09,7,Call,"1,175.00",-9.39%,3.55,3.62,3.65,891,125,7.13,48.99%,48.87%,0.106008,"14:42 ET"
SMTC,197.56,2027-01-15,105,Put,120.00,-39.11%,3.8,4.1,4.5,1277,179,7.13,77.78%,82.86%,-0.084839,"14:46 ET"
STX,841.07,2026-12-18,77,Call,"1,420.00",-67.68%,7.2,8.5,12.2,748,105,7.12,68.13%,72.74%,0.085267,"12:29 ET"
TSLA,372.15,2026-10-09,7,Call,395.00,-6.45%,1.12,1.13,1.15,7176,1008,7.12,40.46%,36.78%,0.123677,"14:55 ET"
AVGO,355.46,2026-10-02,0,Put,357.50,+0.71%,1.85,1.99,2.25,1901,268,7.09,35.73%,9.92%,-0.852741,"14:49 ET"
AMD,632.82,2026-10-05,3,Put,625.00,-0.99%,3.35,3.5,3.55,728,103,7.07,50.71%,27.72%,-0.327341,"14:44 ET"
CRWV,89.13,2028-06-16,623,Put,150.00,+68.14%,72.8,73.2,73.4,1004,142,7.07,74.84%,71.42%,-0.546936,"11:43 ET"
HIMS,28.69,2026-10-09,7,Call,31.50,-9.64%,0.22,0.24,0.24,3552,507,7.01,76.28%,67.16%,0.168641,"14:54 ET"
DKNG,18.9,2028-01-21,476,Call,17.50,+7.41%,6.15,6.42,6.5,1539,220,7,66.31%,63.71%,0.709479,"14:26 ET"
AMZN,250.46,2026-10-02,0,Put,250.00,-0.18%,0.21,0.21,0.22,42969,6144,6.99,34.23%,6.82%,-0.357477,"14:49 ET"
GOOGL,342.94,2026-10-07,5,Put,340.00,-0.89%,2.45,2.49,2.63,1773,255,6.95,32.37%,24.22%,-0.372802,"14:43 ET"
AMD,632.82,2026-10-30,28,Call,660.00,-4.56%,21.95,22.25,22.45,1622,234,6.93,50.71%,47.41%,0.403006,"14:48 ET"
HOOD,113.19,2026-10-09,7,Call,123.00,-8.48%,0.57,0.59,0.59,3145,456,6.9,59.39%,53.94%,0.139366,"14:50 ET"
NVDA,234.56,2026-10-09,7,Put,240.00,+2.40%,6.55,6.72,6.9,7477,1085,6.89,32.84%,25.88%,-0.73198,"14:55 ET"
AVGO,355.46,2026-10-02,0,Call,352.50,+0.70%,2.99,3.17,3.25,10963,1590,6.89,35.73%,9.02%,0.969217,"14:49 ET"
AAPL,333.7,2026-10-07,5,Put,332.50,-0.29%,2.31,2.34,2.42,1053,153,6.88,24.35%,19.81%,-0.416076,"14:49 ET"
S,25.23,2026-10-02,0,Call,25.50,-1.19%,0,0.1,0.05,1071,156,6.87,50.74%,22.39%,0.162241,"13:04 ET"
BMY,60.78,2026-10-09,7,Put,60.00,-1.12%,0.53,0.57,0.6,1106,161,6.87,34.01%,26.80%,-0.360305,"14:52 ET"
AAPL,333.7,2026-10-05,3,Put,335.00,+0.46%,2.44,2.45,2.49,2882,420,6.86,24.35%,15.90%,-0.580639,"14:49 ET"
GOOGL,342.94,2026-10-05,3,Call,342.50,+0.16%,2.57,2.64,2.71,4977,726,6.86,32.37%,19.38%,0.534087,"14:48 ET"
TSLA,372.15,2026-10-05,3,Call,382.50,-3.09%,0.54,0.53,0.55,4769,697,6.84,40.46%,26.82%,0.123133,"14:53 ET"
NKE,33.71,2026-10-09,7,Call,34.50,-2.53%,0.38,0.42,0.42,1866,274,6.81,36.26%,38.45%,0.34328,"14:54 ET"
MU,1075.75,2026-10-07,5,Call,"1,095.00",-1.94%,13.7,13.74,13.9,827,122,6.78,48.99%,42.55%,0.380001,"14:47 ET"
AMD,632.82,2026-10-09,7,Call,667.50,-5.75%,3.65,3.7,3.85,1383,204,6.78,50.71%,42.85%,0.187494,"14:46 ET"
ORCL,141.9,2026-10-02,0,Put,144.00,+1.62%,1.95,2.1,2.26,3406,502,6.78,50.09%,17.59%,-0.945596,"14:52 ET"
GTM,3.69,2026-10-02,0,Call,1.00,+72.90%,2.65,2.72,2.75,893,132,6.77,75.18%,"1,128.16%",0.994175,"13:12 ET"
MU,1075.75,2026-10-05,3,Call,"1,140.00",-6.13%,0.82,0.83,0.86,1740,257,6.77,48.99%,38.55%,0.053515,"14:46 ET"
DELL,565.33,2026-10-02,0,Put,565.00,-0.17%,1.62,1.75,1.87,1997,295,6.77,58.66%,14.65%,-0.50436,"14:49 ET"
META,727.71,2026-10-02,0,Call,730.00,-0.20%,0.4,0.4,0.42,22078,3259,6.77,38.26%,9.07%,0.21146,"14:50 ET"
AAOI,115.17,2026-10-02,0,Call,114.00,+0.70%,1.3,1.13,1.75,1352,200,6.76,95.42%,29.74%,0.767791,"14:38 ET"
ASTS,58.15,2026-10-30,28,Call,62.00,-6.22%,3,3.8,3.4,964,143,6.74,78.68%,73.55%,0.417469,"14:04 ET"
CIFR,15.52,2028-01-21,476,Call,37.00,-138.25%,2.54,2.73,2.82,2546,379,6.72,92.98%,89.60%,0.38898,"12:36 ET"
GOOGL,342.94,2026-10-02,0,Call,342.50,+0.16%,0.79,0.81,0.85,20494,3051,6.72,32.37%,8.49%,0.603595,"14:49 ET"
AMD,632.82,2026-10-16,14,Put,640.00,+1.39%,25.2,25.8,25.55,1997,298,6.7,50.71%,43.16%,-0.539593,"14:13 ET"
FCX,71.91,2026-10-02,0,Put,72.00,+0.38%,0.14,0.25,0.44,2128,318,6.69,47.21%,8.92%,-0.770853,"14:43 ET"
AVGO,355.46,2026-10-05,3,Put,350.00,-1.40%,1.12,1.13,1.16,2182,327,6.67,35.73%,25.12%,-0.237293,"14:48 ET"
MU,1075.75,2026-10-05,3,Call,"1,115.00",-3.81%,2.46,2.39,2.54,912,137,6.66,48.99%,35.43%,0.143139,"14:48 ET"
LW,43.58,2026-10-16,14,Call,45.00,-3.35%,1.45,1.75,1.65,2065,310,6.66,50.81%,63.47%,0.420959,"14:45 ET"
HPE,70.1,2026-10-02,0,Call,69.00,+1.32%,0.95,1.21,1.21,2768,416,6.65,62.90%,26.03%,0.892547,"14:55 ET"
TSLA,372.15,2026-10-05,3,Put,355.00,-4.33%,0.17,0.17,0.18,6887,1035,6.65,40.46%,29.75%,-0.042433,"14:53 ET"
AAPL,333.7,2026-10-07,5,Put,315.00,-5.54%,0.08,0.1,0.11,684,103,6.64,24.35%,25.76%,-0.02474,"14:26 ET"
TS,56,2027-03-19,168,Call,62.50,-11.75%,2,2.15,2.4,691,104,6.64,32.42%,32.18%,0.31231,"13:22 ET"
SNDK,1721.51,2026-10-02,0,Put,"1,695.00",-1.59%,0.15,0.2,0.25,1245,188,6.62,63.00%,17.34%,-0.032747,"14:54 ET"
GLW,163.66,2026-12-18,77,Call,180.00,-10.06%,11.85,12.12,12.35,3583,542,6.61,59.19%,60.04%,0.426009,"14:47 ET"
ARM,308.36,2026-10-09,7,Put,310.00,+1.06%,11.65,11.76,12.05,888,135,6.58,71.51%,62.22%,-0.519181,"14:49 ET"
SMCI,43.76,2026-10-09,7,Call,43.50,+0.09%,1.66,1.69,1.7,16054,2456,6.54,75.13%,64.06%,0.545186,"14:55 ET"
TSLA,372.15,2026-10-09,7,Call,397.50,-7.13%,0.89,0.91,0.92,1802,276,6.53,40.46%,37.06%,0.101931,"14:54 ET"
APO,115.21,2026-11-20,49,Call,125.00,-8.66%,2.8,3.3,3.3,847,130,6.52,38.97%,39.15%,0.309888,"13:49 ET"
META,727.71,2026-10-09,7,Call,757.50,-3.98%,3.5,3.55,3.75,677,104,6.51,38.26%,33.31%,0.198264,"14:31 ET"
RDDT,148.38,2026-10-02,0,Call,149.00,-0.17%,0.29,0.39,0.44,1209,186,6.5,65.38%,20.33%,0.348601,"14:40 ET"
XOM,164.36,2026-10-23,21,Put,162.50,-1.02%,3.1,3.3,3.35,1303,202,6.45,28.68%,26.64%,-0.41042,"14:18 ET"
CSCO,111.79,2026-10-09,7,Call,118.00,-5.45%,0.14,0.17,0.2,844,131,6.44,37.03%,28.21%,0.086051,"14:50 ET"
AMZN,250.46,2026-10-07,5,Call,255.00,-1.82%,1.11,1.14,1.15,5618,873,6.44,34.23%,24.16%,0.265997,"14:49 ET"
TRMD,39.68,2026-10-16,14,Call,42.50,-7.40%,0.4,0.5,0.6,733,114,6.43,49.54%,48.85%,0.235886,"13:55 ET"
SHOP,151.45,2026-10-09,7,Call,157.50,-4.00%,1.55,1.63,1.84,2593,405,6.4,58.00%,45.93%,0.289714,"14:30 ET"
NOK,10.57,2026-10-30,28,Call,10.50,+0.47%,0.79,0.78,0.81,9459,1480,6.39,59.40%,64.61%,0.555834,"14:46 ET"
CRWD,268.34,2026-10-09,7,Call,305.00,-13.72%,0.22,0.27,0.26,687,108,6.36,51.71%,49.85%,0.033735,"13:50 ET"
COIN,182.05,2026-10-09,7,Call,182.50,-0.47%,4.8,4.97,5.1,874,138,6.33,61.82%,55.38%,0.479127,"14:48 ET"
TSLA,372.15,2026-10-16,14,Put,367.50,-0.96%,8.45,8.77,8.6,1645,260,6.33,40.46%,37.01%,-0.417841,"14:43 ET"
EQT,50.19,2026-11-06,35,Call,52.00,-3.75%,1.16,1.21,1.34,787,125,6.3,30.84%,31.62%,0.383969,"12:59 ET"
NVDA,234.56,2026-10-07,5,Call,220.00,+6.14%,14.55,14.79,14.9,3350,533,6.29,32.84%,30.33%,0.96636,"14:52 ET"
NFLX,67.07,2026-10-09,7,Call,68.00,-1.49%,0.7,0.71,0.72,11968,1903,6.29,38.44%,28.52%,0.389049,"14:55 ET"
NFLX,67.07,2026-10-16,14,Call,67.00,0.00%,1.69,1.71,1.74,2193,349,6.28,38.44%,30.36%,0.536329,"14:54 ET"
WDC,415.33,2026-10-09,7,Call,430.00,-2.14%,8.25,8.54,9.15,687,110,6.25,67.46%,61.48%,0.372427,"14:55 ET"
ALAB,352.73,2026-10-09,7,Call,370.00,-6.02%,7.05,6.71,7.7,3043,487,6.25,82.65%,73.19%,0.331301,"14:40 ET"
HOOD,113.19,2026-10-09,7,Call,124.00,-9.37%,0.47,0.47,0.49,3202,512,6.25,59.39%,54.36%,0.118616,"14:47 ET"
WDC,415.33,2026-10-02,0,Put,412.50,-2.02%,0.95,0.95,1.2,923,148,6.24,67.46%,30.18%,-0.267706,"14:54 ET"
MU,1075.75,2026-10-05,3,Call,"1,100.00",-2.41%,4.85,4.95,4.95,15439,2486,6.21,48.99%,34.04%,0.250757,"14:49 ET"
TSLA,372.15,2026-10-09,7,Put,332.50,-10.39%,0.24,0.26,0.26,952,154,6.18,40.46%,43.20%,-0.028603,"14:40 ET"
AMD,632.82,2026-10-09,7,Put,630.00,-0.19%,13.2,13.5,13.6,1074,174,6.17,50.71%,41.42%,-0.465816,"14:47 ET"
TSLA,372.15,2026-10-05,3,Call,367.50,+0.96%,5.8,5.8,5.95,6515,1057,6.16,40.46%,24.85%,0.699419,"14:54 ET"
DASH,188.18,2026-10-09,7,Call,200.00,-6.84%,1,1.14,1.15,700,114,6.14,52.99%,44.44%,0.176656,"14:54 ET"
NVDA,234.56,2026-10-07,5,Call,222.50,+5.07%,12.1,12.3,12.5,1624,265,6.13,32.84%,28.63%,0.94513,"14:55 ET"
MU,1075.75,2026-10-05,3,Call,"1,070.00",+0.38%,16.25,16.35,16.45,5008,817,6.13,48.99%,32.46%,0.592305,"14:50 ET"
AAPL,333.7,2026-10-09,7,Call,305.00,+8.53%,28.1,28.69,29.7,1004,164,6.12,24.35%,23.61%,0.997432,"13:29 ET"
CRWD,268.34,2026-10-02,0,Put,267.50,-0.26%,0.45,0.51,0.56,1531,250,6.12,51.71%,13.23%,-0.38873,"14:49 ET"
AAOI,115.17,2026-10-09,7,Call,117.00,-1.92%,4.6,4.8,5,697,114,6.11,95.42%,87.11%,0.477265,"14:20 ET"
OXY,57.94,2026-10-09,7,Put,56.00,-2.98%,0.31,0.39,0.37,976,160,6.1,34.80%,32.88%,-0.219835,"14:30 ET"
NVDA,234.56,2026-10-12,10,Put,235.00,+0.26%,3.95,4.06,4.15,1319,217,6.08,32.84%,25.17%,-0.504852,"14:51 ET"
AMPL,14.56,2026-10-16,14,Call,15.00,-2.39%,0.55,0.6,0.6,6688,1101,6.07,72.20%,65.04%,0.444528,"14:47 ET"
MARA,11.13,2026-10-09,7,Call,12.00,-7.82%,0.16,0.16,0.17,51888,8566,6.06,80.39%,75.76%,0.249837,"14:55 ET"
MSFT,515.18,2026-10-07,5,Put,500.00,-2.92%,0.83,0.86,0.92,829,137,6.05,29.10%,22.67%,-0.127078,"14:29 ET"
AVGO,355.46,2026-10-05,3,Call,357.50,-0.71%,2.23,2.25,2.27,3007,497,6.05,35.73%,23.90%,0.41019,"14:49 ET"
SPCX,158.76,2026-10-09,7,Call,157.50,+0.81%,4.8,4.89,4.85,16662,2757,6.04,47.67%,42.60%,0.597154,"14:54 ET"
GOOGL,342.94,2026-10-09,7,Call,357.50,-4.21%,0.98,1.03,1.04,5962,989,6.03,32.37%,28.03%,0.149199,"14:47 ET"
BIDU,84.47,2026-10-09,7,Put,80.00,-5.18%,0.13,0.18,0.2,705,117,6.03,39.06%,30.87%,-0.095688,"13:25 ET"
NFLX,67.07,2026-10-16,14,Put,63.00,-5.97%,0.26,0.28,0.28,1649,274,6.02,38.44%,30.44%,-0.131045,"14:45 ET"
AVGO,355.46,2026-10-05,3,Put,352.50,-0.70%,1.81,1.75,1.85,1716,285,6.02,35.73%,24.68%,-0.341326,"14:46 ET"
MRVL,273.92,2026-10-09,7,Put,275.00,+1.00%,11,11.2,11.3,830,138,6.01,62.27%,69.81%,-0.498045,"14:49 ET"
AVGO,355.46,2026-10-05,3,Call,352.50,+0.70%,4.85,5.08,4.95,2303,383,6.01,35.73%,23.93%,0.66367,"14:45 ET"
NVDA,234.56,2026-11-13,42,Call,250.00,-6.66%,3.85,3.91,4,978,163,6,32.84%,28.91%,0.287097,"14:53 ET"
PFE,27.63,2028-12-15,805,Put,15.00,-45.51%,0.35,0.35,0.39,1252,209,5.99,24.70%,30.33%,-0.056699,"14:39 ET"
MU,1075.75,2026-10-09,7,Call,"1,090.00",-1.48%,21.05,20.86,21.25,2311,386,5.99,48.99%,45.13%,0.43826,"14:49 ET"
AGNC,8.88,2029-01-19,840,Put,17.00,+91.66%,8.75,9.1,9.15,4344,725,5.99,29.78%,57.42%,-0.632943,"12:49 ET"
TSLA,372.15,2026-10-07,5,Call,392.50,-5.78%,0.66,0.67,0.69,662,111,5.96,40.46%,34.90%,0.096208,"14:53 ET"
MRNA,188.43,2026-10-02,0,Put,187.50,+0.04%,0.26,0.43,0.42,1639,275,5.96,88.91%,21.28%,-0.266143,"14:51 ET"
SNDK,1721.51,2026-10-02,0,Put,"1,730.00",+0.44%,9.1,9.9,9.7,3402,571,5.96,63.00%,15.03%,-0.690874,"14:54 ET"
NVDA,234.56,2026-10-12,10,Call,220.00,+6.14%,14.9,15.22,15.4,756,127,5.95,32.84%,28.79%,0.916704,"14:31 ET"
NVDA,234.56,2026-10-14,12,Call,237.50,-1.33%,3.15,3.2,3.3,833,140,5.95,32.84%,26.11%,0.412898,"14:51 ET"
BMY,60.78,2026-10-30,28,Call,67.00,-10.42%,0.57,0.68,0.69,1188,200,5.94,34.01%,37.87%,0.1887,"13:41 ET"
AGI,32.33,2026-10-16,14,Call,37.00,-14.80%,0.05,0.1,0.15,2524,425,5.94,47.76%,47.12%,0.07728,"12:46 ET"
WMT,104.04,2026-10-09,7,Call,104.00,+0.11%,1.27,1.31,1.32,1967,333,5.91,27.63%,21.59%,0.519804,"14:52 ET"
SMCI,43.76,2026-10-16,14,Put,44.00,+1.06%,2.33,2.35,2.4,873,148,5.9,75.13%,66.02%,-0.489304,"14:46 ET"
WDC,415.33,2026-10-02,0,Put,407.50,-3.20%,0.2,0.25,0.36,1015,172,5.9,67.46%,31.30%,-0.088795,"14:49 ET"
AMD,632.82,2026-10-09,7,Call,725.00,-14.86%,0.28,0.31,0.33,1327,225,5.9,50.71%,47.57%,0.020341,"14:05 ET"
XP,21.5,2026-10-16,14,Put,20.50,-4.61%,0.75,0.8,0.85,1019,173,5.89,68.32%,73.96%,-0.351839,"14:28 ET"
META,727.71,2026-10-05,3,Call,735.00,-0.89%,2.83,3.08,3.1,3291,559,5.89,38.26%,22.78%,0.310612,"14:48 ET"
NKE,33.71,2026-10-09,7,Put,32.50,-3.42%,0.21,0.21,0.23,3551,603,5.89,36.26%,35.97%,-0.22207,"14:52 ET"
AI,11.1,2026-10-09,7,Call,11.50,-3.14%,0.15,0.18,0.19,5277,898,5.88,56.61%,52.80%,0.330876,"14:43 ET"
TSLA,372.15,2026-10-02,0,Call,367.50,+0.96%,3.9,3.91,4.15,36977,6291,5.88,40.46%,0.00%,0,"14:53 ET"
NVDA,234.56,2026-10-07,5,Call,240.00,-2.40%,0.76,0.77,0.79,13180,2251,5.86,32.84%,23.80%,0.211866,"14:54 ET"
SNDK,1721.51,2026-10-02,0,Put,"1,710.00",-0.72%,1,1.06,1.15,2032,347,5.86,63.00%,14.75%,-0.155355,"14:54 ET"
BA,193.86,2026-10-09,7,Put,190.00,-1.20%,1.42,1.43,1.54,4962,848,5.85,36.24%,32.33%,-0.270438,"14:47 ET"
NVDA,234.56,2026-10-07,5,Call,245.00,-4.53%,0.2,0.2,0.21,9071,1550,5.85,32.84%,24.72%,0.069195,"14:52 ET"
MSFT,515.18,2026-10-07,5,Call,527.50,-2.42%,1.18,1.25,1.4,968,166,5.83,29.10%,21.90%,0.18183,"14:14 ET"
WOLF,35.83,2026-12-18,77,Call,35.00,-0.06%,6.25,6.59,6.9,2111,362,5.83,105.03%,97.31%,0.606516,"14:43 ET"
PFE,27.63,2026-10-30,28,Call,27.50,+0.11%,0.74,0.74,0.8,969,167,5.8,24.70%,24.45%,0.524727,"14:31 ET"
AAPL,333.7,2026-10-07,5,Put,330.00,-1.04%,1.54,1.56,1.57,1942,335,5.8,24.35%,20.53%,-0.301383,"14:49 ET"
AMZN,250.46,2026-10-05,3,Call,240.00,+4.17%,10.3,10.49,10.65,3420,590,5.8,34.23%,26.81%,0.96031,"14:45 ET"
RDDT,148.38,2026-10-09,7,Call,147.00,+1.17%,4.95,5.15,5.25,857,148,5.79,65.38%,53.02%,0.56859,"14:51 ET"
MU,1075.75,2026-10-05,3,Put,"1,035.00",-3.64%,1.51,1.84,1.57,1557,269,5.79,48.99%,34.10%,-0.097054,"14:44 ET"
GLW,163.66,2026-12-18,77,Put,135.00,-17.45%,5.4,5.47,5.55,3477,602,5.78,59.19%,59.33%,-0.194122,"14:44 ET"
NVDA,234.56,2026-10-02,0,Call,235.00,-0.26%,0.14,0.15,0.15,387295,67064,5.78,32.84%,6.72%,0.284671,"14:55 ET"
F,12.09,2026-10-09,7,Put,12.00,-0.50%,0.15,0.16,0.16,10421,1805,5.77,37.64%,29.76%,-0.417413,"14:46 ET"
TSLA,372.15,2026-10-12,10,Call,400.00,-7.80%,1.01,1.02,1.07,1510,262,5.76,40.46%,34.24%,0.105557,"14:46 ET"
AAPL,333.7,2026-10-05,3,Call,337.50,-1.21%,0.61,0.62,0.63,10211,1773,5.76,24.35%,15.39%,0.230367,"14:49 ET"
SPCX,158.76,2026-10-09,7,Put,150.00,-5.53%,0.8,0.79,0.81,23802,4131,5.76,47.67%,44.66%,-0.152653,"14:55 ET"
TSLA,372.15,2026-10-09,7,Put,362.50,-2.30%,3.35,3.4,3.45,3974,691,5.75,40.46%,35.18%,-0.291579,"14:54 ET"
MU,1075.75,2026-10-07,5,Call,"1,090.00",-1.48%,15.5,15.6,15.8,874,153,5.71,48.99%,42.46%,0.415239,"14:49 ET"
NVDA,234.56,2026-10-07,5,Call,242.50,-3.46%,0.39,0.41,0.41,8645,1515,5.71,32.84%,24.09%,0.123582,"14:53 ET"
SPCX,158.76,2026-10-02,0,Call,157.50,+0.81%,1.9,1.96,1.95,97875,17160,5.7,47.67%,10.31%,0.98828,"14:55 ET"
TSLA,372.15,2026-10-09,7,Put,342.50,-7.69%,0.5,0.51,0.52,2278,401,5.68,40.46%,38.61%,-0.0586,"14:50 ET"
AKAM,110.6,2029-01-19,840,Call,95.00,+14.53%,43,45.07,46,850,150,5.67,62.01%,51.81%,0.76786,"12:21 ET"
NFLX,67.07,2026-10-30,28,Put,66.00,-1.49%,2.66,2.66,2.69,2806,497,5.65,38.44%,44.84%,-0.413031,"14:54 ET"
MU,1075.75,2026-10-05,3,Call,"1,150.00",-7.07%,0.56,0.58,0.58,8496,1514,5.61,48.99%,40.12%,0.036944,"14:49 ET"
AMZN,250.46,2026-10-05,3,Call,252.50,-0.82%,0.86,0.88,0.91,12950,2309,5.61,34.23%,19.18%,0.316943,"14:49 ET"
ARM,308.36,2028-01-21,476,Call,490.00,-59.73%,60,64.7,62.9,761,136,5.6,71.51%,73.68%,0.47449,"11:43 ET"
PL,17.53,2026-10-09,7,Call,17.00,+2.30%,0.85,0.87,0.95,1624,290,5.6,67.86%,69.62%,0.621341,"14:49 ET"
ASX,47.36,2026-10-16,14,Call,50.00,-5.73%,1,1.05,1.15,2518,450,5.6,59.35%,56.53%,0.330552,"14:48 ET"
WMT,104.04,2026-10-02,0,Call,104.00,+0.11%,0.15,0.18,0.17,5451,977,5.58,27.63%,5.97%,0.572199,"14:53 ET"
GAP,22.45,2027-01-15,105,Put,23.00,+2.63%,2.55,2.58,2.62,1742,313,5.57,45.89%,48.42%,-0.480083,"13:49 ET"
MU,1075.75,2026-10-05,3,Put,"1,070.00",-0.38%,9.7,9.74,9.85,2824,507,5.57,48.99%,33.29%,-0.410354,"14:49 ET"
NBIS,242.15,2026-10-09,7,Call,277.50,-14.76%,0.98,1.08,1,662,119,5.56,80.14%,70.43%,0.093196,"14:47 ET"
BAX,23.5,2026-12-18,77,Call,27.50,-17.17%,0.5,0.61,1.1,1028,185,5.56,44.88%,47.62%,0.280387,"11:10 ET"
SNDK,1721.51,2026-10-09,7,Call,"1,740.00",-1.02%,44.8,43.8,45.4,732,132,5.55,63.00%,54.94%,0.467999,"14:38 ET"
SKHY,194.26,2026-10-09,7,Put,195.00,+0.54%,5.15,5.25,5.25,1026,185,5.55,53.04%,45.89%,-0.504696,"14:54 ET"
NVDA,234.56,2026-10-14,12,Put,215.00,-8.27%,0.42,0.46,0.48,565,102,5.54,32.84%,33.50%,-0.069758,"14:08 ET"
MU,1075.75,2026-10-02,0,Put,"1,070.00",-0.38%,0.79,0.79,0.82,15154,2735,5.54,48.99%,13.70%,-0.190288,"14:50 ET"
TSLA,372.15,2026-10-05,3,Put,375.00,+1.06%,5.4,5.56,5.55,6707,1218,5.51,40.46%,26.78%,-0.63676,"14:53 ET"
PLTR,189.62,2026-10-02,0,Put,192.50,+1.49%,2.79,3.17,2.94,9249,1682,5.5,50.57%,18.33%,-0.941618,"14:25 ET"
META,727.71,2026-10-07,5,Call,730.00,-0.20%,8.8,8.95,9.15,812,148,5.49,38.26%,29.88%,0.468307,"14:50 ET"
ARM,308.36,2026-10-02,0,Put,315.00,+2.69%,7.3,8,7.8,1224,223,5.49,71.51%,41.09%,-0.871559,"14:37 ET"
UPS,92.98,2026-10-09,7,Call,95.00,-2.30%,0.45,0.49,0.5,729,133,5.48,32.94%,23.96%,0.25937,"14:51 ET"
VFC,14.16,2027-03-19,168,Put,13.00,-8.13%,1.06,1.12,1.24,7469,1363,5.48,49.96%,46.94%,-0.32521,"13:03 ET"
GFL,42.06,2026-11-20,49,Call,55.00,-30.77%,0.1,0.14,0.25,25086,4581,5.48,73.69%,44.04%,0.062895,"14:29 ET"
MO,67.15,2026-10-09,7,Put,67.00,-0.30%,0.57,0.56,0.66,1220,223,5.47,23.43%,18.55%,-0.459943,"14:12 ET"
STX,841.07,2026-10-09,7,Call,900.00,-6.27%,9.3,10.2,11.1,781,143,5.46,68.13%,63.17%,0.243805,"14:54 ET"
LRCX,348.23,2026-11-20,49,Call,440.00,-26.22%,7.15,7.4,7.6,3197,586,5.46,58.76%,62.41%,0.187205,"14:48 ET"
NVDA,234.56,2026-10-09,7,Call,240.00,-2.40%,1.34,1.34,1.36,106778,19594,5.45,32.84%,25.68%,0.269502,"14:54 ET"
COIN,182.05,2026-10-30,28,Call,185.00,-1.85%,10.65,11.2,11.55,1211,223,5.43,61.82%,62.99%,0.492895,"14:45 ET"
SLB,49.01,2029-01-19,840,Call,50.00,-2.17%,10.95,11.35,11.45,667,123,5.42,35.44%,37.98%,0.60602,"11:39 ET"
FSLR,175.98,2026-11-20,49,Put,170.00,-3.05%,10.85,11.7,11.65,1024,189,5.42,54.98%,56.94%,-0.387066,"13:14 ET"
TSLA,372.15,2026-10-07,5,Call,375.00,-1.06%,4.2,4.25,4.35,6064,1121,5.41,40.46%,32.81%,0.420211,"14:52 ET"
GOOGL,342.94,2026-10-02,0,Put,345.00,+0.57%,1.85,2.12,2.16,13579,2511,5.41,32.37%,7.22%,-0.961622,"14:49 ET"
WDC,415.33,2026-10-09,7,Call,460.00,-9.27%,2.26,2.48,2.65,1093,202,5.41,67.46%,62.99%,0.138138,"14:54 ET"
TMUS,164.19,2026-10-02,0,Put,165.00,+0.82%,0.8,0.96,1.25,1603,297,5.4,32.30%,15.22%,-0.733405,"14:53 ET"
COIN,182.05,2026-10-09,7,Call,190.00,-4.60%,2.4,2.4,2.47,3632,673,5.4,61.82%,56.54%,0.286328,"14:49 ET"
RKLB,73.35,2026-10-09,7,Put,72.00,-1.92%,1.96,2.05,2.08,1040,193,5.39,74.15%,64.98%,-0.405699,"14:55 ET"
NBIS,242.15,2026-10-09,7,Put,245.00,+1.32%,10.05,10.42,10.25,951,177,5.37,80.14%,66.80%,-0.521318,"14:51 ET"
INTC,119.81,2026-10-09,7,Call,132.00,-10.11%,0.61,0.63,0.65,1825,340,5.37,64.33%,59.22%,0.131947,"14:42 ET"
AMZN,250.46,2026-10-02,0,Put,252.50,+0.82%,2.06,2.1,2.17,13488,2512,5.37,34.23%,0.00%,0,"14:49 ET"
SNDK,1721.51,2026-10-02,0,Call,"1,740.00",-1.02%,0.85,0.85,1,6833,1278,5.35,63.00%,16.26%,0.127761,"14:54 ET"
TSLA,372.15,2026-10-07,5,Call,395.00,-6.45%,0.5,0.53,0.53,719,135,5.33,40.46%,35.46%,0.075623,"14:51 ET"
NESR,24.53,2026-11-20,49,Call,30.00,-21.61%,0.55,0.67,0.85,1456,273,5.33,61.17%,62.55%,0.235757,"14:02 ET"
LRCX,348.23,2026-10-16,14,Call,355.00,-1.83%,11.05,11.2,12,2040,383,5.33,58.76%,52.73%,0.451133,"14:41 ET"
SIRI,25.7,2026-12-18,77,Call,34.00,-32.66%,0.05,0.1,0.32,763,144,5.3,34.81%,41.97%,0.087235,"11:31 ET"
RIVN,14.24,2026-10-23,21,Call,14.00,+0.78%,0.86,0.93,0.9,848,160,5.3,62.90%,54.17%,0.586457,"14:00 ET"
LCID,4.16,2026-10-09,7,Put,4.50,+9.49%,0.37,0.44,0.47,1065,201,5.3,93.18%,89.59%,-0.711633,"14:32 ET"
BAC,53.65,2026-10-09,7,Put,53.00,-1.27%,0.41,0.42,0.44,23898,4520,5.29,28.14%,24.74%,-0.340662,"14:49 ET"
AFRM,71.01,2026-10-09,7,Call,73.00,-2.85%,1.13,1.11,1.3,528,100,5.28,61.09%,51.42%,0.365015,"14:32 ET"
ORCL,141.9,2026-10-16,14,Put,141.00,-0.50%,4.75,4.85,4.9,924,175,5.28,50.09%,48.27%,-0.450376,"14:43 ET"
SNDK,1721.51,2026-10-02,0,Call,"1,715.00",+0.43%,10.1,10.5,10.5,1078,204,5.28,63.00%,14.35%,0.742573,"14:55 ET"
LITE,1086,2026-10-02,0,Call,"1,090.00",-0.45%,1.75,2.4,3,1260,239,5.27,73.63%,16.82%,0.366483,"14:48 ET"
INTC,119.81,2026-10-05,3,Call,119.00,+0.73%,2.23,2.26,2.28,1830,347,5.27,64.33%,39.64%,0.598513,"14:49 ET"
MU,1075.75,2026-10-05,3,Put,"1,050.00",-2.24%,3.55,3.75,3.7,4765,904,5.27,48.99%,33.35%,-0.197403,"14:49 ET"
INTC,119.81,2026-10-09,7,Call,137.00,-14.28%,0.27,0.3,0.3,1325,252,5.26,64.33%,61.55%,0.06579,"14:50 ET"
MU,1075.75,2026-10-05,3,Put,"1,100.00",+2.41%,28.2,31.61,28.45,2013,383,5.26,48.99%,34.98%,-0.744833,"14:40 ET"
TSLA,372.15,2026-10-09,7,Call,402.50,-8.48%,0.57,0.57,0.59,788,150,5.25,40.46%,37.79%,0.068947,"14:48 ET"
RKT,11.81,2026-10-16,14,Call,13.50,-14.70%,0.09,0.14,0.16,2911,554,5.25,63.68%,65.31%,0.165171,"14:14 ET"
UNH,369.77,2026-10-02,0,Call,370.00,-0.37%,0.56,0.5,0.89,3367,644,5.23,40.62%,10.53%,0.467416,"14:45 ET"
AZTA,38.54,2026-10-16,14,Call,45.00,-17.62%,0.4,0.35,0.6,772,148,5.22,69.95%,77.88%,0.170646,"13:43 ET"
STX,841.07,2026-12-18,77,Put,700.00,-17.34%,36.1,37.85,38.3,1236,237,5.22,68.13%,66.52%,-0.216552,"14:52 ET"
COIN,182.05,2026-10-09,7,Put,192.50,+5.98%,12.35,12.35,13.6,787,151,5.21,61.82%,54.49%,-0.778632,"14:20 ET"
NFLX,67.07,2026-11-06,35,Call,73.00,-8.96%,1.61,1.58,1.64,1954,376,5.2,38.44%,43.77%,0.301192,"14:32 ET"
USAR,13.61,2026-10-09,7,Call,14.00,-2.94%,0.28,0.28,0.29,918,177,5.19,72.73%,58.72%,0.384699,"14:42 ET"
NBIS,242.15,2026-10-16,14,Put,225.00,-6.95%,5.7,5.9,5.85,1641,316,5.19,80.14%,70.12%,-0.265364,"14:52 ET"
AMZN,250.46,2026-10-05,3,Put,252.50,+0.82%,2.89,2.96,2.99,2002,386,5.19,34.23%,18.25%,-0.694904,"14:48 ET"
AEHR,106.48,2026-10-02,0,Call,56.00,+47.28%,49,51.76,51.6,777,150,5.18,106.53%,879.88%,0.94896,"12:28 ET"
MP,46.9,2026-10-09,7,Put,43.00,-8.28%,0.14,0.15,0.19,782,151,5.18,58.38%,51.21%,-0.10137,"14:54 ET"
BMY,60.78,2026-10-09,7,Call,63.00,-3.82%,0.22,0.3,0.28,1091,211,5.17,34.01%,29.07%,0.189327,"13:49 ET"
AAOI,115.17,2026-10-02,0,Call,116.00,-1.05%,0.25,0.44,0.45,1096,212,5.17,95.42%,26.97%,0.331422,"14:47 ET"
KEEL,3.58,2029-01-19,840,Call,5.00,-38.89%,1.6,1.75,1.85,768,149,5.15,93.78%,96.52%,0.718458,"11:52 ET"
META,727.71,2026-10-05,3,Call,727.50,+0.14%,5.7,6.1,6.15,1220,237,5.15,38.26%,22.75%,0.50105,"14:48 ET"
SMCI,43.76,2026-10-09,7,Call,45.00,-3.35%,1.03,1.04,1.06,15487,3007,5.15,75.13%,64.72%,0.395492,"14:52 ET"
DELL,565.33,2026-10-09,7,Call,575.00,-1.60%,11.9,12.55,12.95,824,161,5.12,58.66%,53.53%,0.423343,"14:49 ET"
MDB,357.33,2026-10-09,7,Put,335.00,-6.31%,2.86,2.95,3.05,771,151,5.11,54.38%,54.95%,-0.190589,"14:43 ET"
IONQ,43.94,2026-10-02,0,Call,44.00,+0.02%,0.14,0.15,0.17,4963,971,5.11,72.86%,19.90%,0.45356,"14:55 ET"
HUM,383.98,2026-10-02,0,Call,380.00,+0.83%,3.1,8.1,8.2,520,102,5.1,61.78%,35.55%,0.742908,"13:49 ET"
BBAI,2.6,2026-10-16,14,Call,2.50,+3.47%,0.19,0.21,0.21,590,116,5.09,77.57%,69.78%,0.648161,"14:44 ET"
ANET,206.81,2026-10-09,7,Call,217.50,-5.19%,1.16,1.25,1.29,728,143,5.09,49.41%,41.10%,0.193439,"14:47 ET"
MU,1075.75,2026-10-05,3,Call,"1,080.00",-0.55%,11.25,11.28,11.35,6484,1274,5.09,48.99%,32.79%,0.467499,"14:50 ET"
MSFT,515.18,2026-10-02,0,Put,515.00,-0.01%,0.67,0.72,0.72,15613,3079,5.07,29.10%,6.55%,-0.498498,"14:50 ET"
AVGO,355.46,2026-10-07,5,Call,362.50,-2.12%,2.21,2.41,2.41,836,165,5.07,35.73%,29.72%,0.299735,"14:47 ET"
META,727.71,2026-10-07,5,Call,750.00,-2.95%,2.69,2.85,2.94,1125,222,5.07,38.26%,30.20%,0.199587,"14:48 ET"
MRK,143.65,2026-10-09,7,Call,152.50,-6.23%,0.05,0.1,0.1,1694,335,5.06,31.64%,24.19%,0.039176,"14:45 ET"
NVDA,234.56,2026-10-09,7,Call,245.00,-4.53%,0.46,0.47,0.48,57049,11268,5.06,32.84%,25.73%,0.116706,"14:54 ET"
DELL,565.33,2026-10-02,0,Call,557.50,+1.49%,6,8.25,9.75,893,177,5.05,58.66%,22.64%,0.871634,"14:47 ET"
META,727.71,2026-10-05,3,Put,710.00,-2.54%,0.87,0.9,0.93,1234,245,5.04,38.26%,22.90%,-0.120091,"14:50 ET"
DELL,565.33,2026-10-02,0,Call,570.00,-0.72%,0.3,0.33,0.38,7306,1451,5.04,58.66%,15.96%,0.142383,"14:49 ET"
RDDT,148.38,2026-10-09,7,Call,152.50,-2.53%,2.64,2.69,2.79,2198,437,5.03,65.38%,53.45%,0.372829,"14:55 ET"
MAT,14.93,2026-11-20,49,Call,15.00,-1.28%,1.15,1.1,1.5,1029,205,5.02,56.09%,62.92%,0.534002,"13:28 ET"
PL,17.53,2026-10-09,7,Put,17.00,-2.30%,0.4,0.46,0.5,1259,251,5.02,67.86%,67.65%,-0.376775,"14:50 ET"
TSLA,372.15,2026-10-09,7,Call,387.50,-4.43%,2.15,2.19,2.2,2558,510,5.02,40.46%,35.96%,0.212021,"14:52 ET"
AVGO,355.46,2026-10-09,7,Call,370.00,-4.23%,1.79,1.84,1.84,9559,1903,5.02,35.73%,33.12%,0.202882,"14:49 ET"
MDLZ,58.19,2026-11-20,49,Call,62.50,-7.48%,0.65,0.7,0.75,2215,443,5,22.66%,24.97%,0.234517,"14:44 ET"
DELL,565.33,2026-10-02,0,Put,567.50,+0.28%,3,3,3.7,599,120,4.99,58.66%,15.21%,-0.716284,"14:50 ET"
DELL,565.33,2026-10-02,0,Put,560.00,-1.05%,0.25,0.35,0.4,1560,313,4.98,58.66%,15.64%,-0.138789,"14:47 ET"
GMAB,34.49,2026-11-20,49,Call,35.00,-1.48%,3.1,3.5,4,5010,1006,4.98,76.47%,73.94%,0.538326,"14:26 ET"
OSCR,30.97,2026-11-20,49,Put,30.00,-2.85%,2.58,2.7,2.67,5200,1051,4.95,70.07%,71.94%,-0.389443,"14:36 ET"
CRDO,220.36,2026-10-02,0,Call,220.00,-0.71%,0.9,1.25,1.5,5472,1106,4.95,77.08%,22.76%,0.549447,"14:47 ET"
NKE,33.71,2026-10-09,7,Put,33.50,-0.45%,0.55,0.55,0.59,2051,414,4.95,36.26%,36.33%,-0.438028,"14:54 ET"
ALAB,352.73,2026-10-09,7,Put,330.00,-5.44%,4.95,6,6.05,889,180,4.94,82.65%,73.58%,-0.245544,"14:43 ET"
TEM,76.75,2026-10-09,7,Call,80.00,-3.82%,1.48,1.59,1.74,1272,258,4.93,76.22%,67.76%,0.349575,"14:43 ET"
NTAP,228.35,2026-11-20,49,Call,240.00,-5.98%,11,11.1,11.5,646,132,4.89,48.84%,47.66%,0.425481,"14:52 ET"
META,727.71,2026-10-02,0,Put,735.00,+0.89%,7,7.3,8,4963,1020,4.87,38.26%,10.57%,-0.983146,"14:50 ET"
MSFT,515.18,2026-10-05,3,Call,517.50,-0.48%,2.02,2.16,2.15,2168,446,4.86,29.10%,16.81%,0.383278,"14:49 ET"
CSCO,111.79,2026-10-16,14,Put,109.00,-2.59%,1.2,1.26,1.35,605,125,4.84,37.03%,28.22%,-0.311773,"14:05 ET"
HOOD,113.19,2026-10-02,0,Put,113.00,-0.34%,0.32,0.34,0.36,12876,2658,4.84,59.39%,15.57%,-0.47678,"14:54 ET"
CVX,207.17,2026-10-16,14,Put,197.50,-4.58%,0.89,0.94,0.97,2062,428,4.82,27.48%,25.86%,-0.16353,"14:41 ET"
TSLA,372.15,2026-10-07,5,Call,387.50,-4.43%,1.15,1.2,1.19,1569,326,4.81,40.46%,33.98%,0.15443,"14:50 ET"
CIFR,15.52,2026-10-16,14,Call,16.50,-6.25%,0.65,0.66,0.68,1617,336,4.81,92.98%,87.05%,0.391776,"14:49 ET"
FCX,71.91,2026-10-09,7,Call,75.00,-4.56%,0.65,0.67,0.7,2261,470,4.81,47.21%,45.75%,0.255122,"14:49 ET"
CEG,254.84,2026-11-20,49,Put,210.00,-17.54%,2.6,2.87,2.75,5512,1146,4.81,46.36%,48.43%,-0.112638,"13:43 ET"
INTC,119.81,2026-10-05,3,Call,125.00,-4.27%,0.32,0.34,0.34,6963,1458,4.78,64.33%,41.71%,0.144132,"14:49 ET"
CELH,26.87,2026-10-09,7,Call,27.50,-2.84%,0.32,0.31,0.4,650,136,4.78,58.59%,43.15%,0.346504,"14:39 ET"
META,727.71,2026-10-09,7,Call,732.50,-0.54%,10.75,11.07,11.15,650,136,4.78,38.26%,32.81%,0.451093,"14:46 ET"
TSLA,372.15,2026-10-07,5,Call,382.50,-3.09%,1.99,2.07,2.06,1070,224,4.78,40.46%,33.41%,0.240871,"14:49 ET"
KD,11.48,2026-11-20,49,Put,10.00,-12.89%,0.45,0.46,0.5,939,198,4.74,64.48%,68.60%,-0.244144,"13:04 ET"
TSLA,372.15,2026-10-07,5,Call,380.00,-2.41%,2.61,2.58,2.66,3232,685,4.72,40.46%,33.23%,0.294946,"14:54 ET"
APLD,25.07,2026-10-02,0,Put,26.00,+3.59%,0.71,0.96,1.12,5530,1174,4.71,89.06%,39.36%,-0.968452,"14:49 ET"
SPCX,158.76,2026-10-02,0,Call,160.00,-0.77%,0.29,0.3,0.3,113103,24020,4.71,47.67%,16.17%,0.334732,"14:55 ET"
SNDK,1721.51,2026-10-02,0,Put,"1,680.00",-2.46%,0.1,0.12,0.15,1447,307,4.71,63.00%,23.09%,-0.016749,"14:55 ET"
CLOV,4.39,2026-10-09,7,Call,4.50,-3.21%,0.11,0.14,0.13,5417,1156,4.69,71.46%,69.33%,0.415316,"14:48 ET"
BRBR,7.66,2026-11-20,49,Put,10.00,+29.87%,2.4,2.5,2.6,1617,345,4.69,74.21%,75.79%,-0.790818,"14:38 ET"
AMD,632.82,2026-10-05,3,Call,642.50,-1.79%,2.46,2.57,2.62,1221,261,4.68,50.71%,28.28%,0.26219,"14:50 ET"
NVDA,234.56,2026-10-07,5,Put,232.50,-0.80%,1.82,1.85,1.86,4014,858,4.68,32.84%,25.39%,-0.375253,"14:54 ET"
INTC,119.81,2026-10-05,3,Put,119.00,-0.73%,1.2,1.19,1.26,1722,369,4.67,64.33%,38.86%,-0.400311,"14:49 ET"
NAT,8.32,2027-01-15,105,Put,6.00,-27.80%,0.1,0.15,0.15,3068,657,4.67,47.26%,50.80%,-0.102149,"13:16 ET"
MU,1075.75,2026-10-02,0,Call,"1,075.00",-0.08%,3.55,3.65,3.75,13861,2981,4.65,48.99%,12.23%,0.598361,"14:50 ET"
AMD,632.82,2026-10-05,3,Put,615.00,-2.57%,1.16,1.2,1.21,863,186,4.64,50.71%,28.20%,-0.141948,"14:48 ET"
PFE,27.63,2026-10-16,14,Put,30.00,+8.97%,2.25,2.46,2.58,1215,262,4.64,24.70%,27.03%,-0.939375,"13:20 ET"
TSLA,372.15,2026-10-07,5,Call,390.00,-5.11%,0.87,0.87,0.91,2237,482,4.64,40.46%,34.43%,0.122329,"14:52 ET"
AMD,632.82,2026-10-05,3,Call,650.00,-2.98%,1.15,1.2,1.21,4028,869,4.64,50.71%,28.73%,0.141894,"14:49 ET"
USAR,13.61,2026-10-09,7,Call,14.50,-6.62%,0.15,0.16,0.16,1705,368,4.63,72.73%,60.29%,0.240827,"14:53 ET"
NVDA,234.56,2026-10-07,5,Call,235.00,-0.26%,2.46,2.46,2.49,13499,2925,4.62,32.84%,24.28%,0.482997,"14:55 ET"
CVX,207.17,2026-10-23,21,Put,190.00,-8.20%,0.5,0.56,0.63,642,139,4.62,27.48%,27.45%,-0.087379,"14:19 ET"
MU,1075.75,2026-10-02,0,Call,"1,072.50",+0.15%,5.2,5.35,5.45,2396,519,4.62,48.99%,12.31%,0.72955,"14:50 ET"
CRCL,80.4,2027-04-16,196,Put,75.00,-6.92%,11.8,12.38,13.2,525,114,4.61,69.39%,70.52%,-0.336022,"11:41 ET"
AMD,632.82,2026-10-05,3,Call,660.00,-4.56%,0.34,0.44,0.39,898,195,4.61,50.71%,29.32%,0.052162,"14:21 ET"
FRHC,173.31,2026-12-18,77,Put,140.00,-19.13%,5,5,5.5,681,148,4.6,43.40%,59.76%,-0.178656,"14:43 ET"
U,44.08,2026-10-09,7,Call,44.00,+0.18%,1.31,1.34,1.42,970,211,4.6,63.59%,53.02%,0.532847,"14:53 ET"
DELL,565.33,2026-10-09,7,Call,580.00,-2.48%,10.3,11,11,808,176,4.59,58.66%,53.81%,0.378998,"14:41 ET"
NBIS,242.15,2026-10-02,0,Put,245.00,+1.32%,2.56,2.8,2.72,2742,598,4.59,80.14%,20.96%,-0.813838,"14:53 ET"
AKAM,110.6,2026-10-30,28,Call,125.00,-12.46%,1.7,2,2.35,517,113,4.58,62.01%,52.34%,0.231693,"14:28 ET"
AMZN,250.46,2026-10-05,3,Put,255.00,+1.82%,4.8,4.92,5,1389,303,4.58,34.23%,17.76%,-0.87653,"14:45 ET"
SMCI,43.76,2026-10-16,14,Put,43.50,-0.09%,2.07,2.12,2.13,656,144,4.56,75.13%,65.91%,-0.454038,"14:49 ET"
TSLA,372.15,2026-10-05,3,Call,387.50,-4.43%,0.23,0.22,0.24,2340,513,4.56,40.46%,28.75%,0.057302,"14:53 ET"
ADBE,238.51,2027-09-17,350,Put,190.00,-20.24%,14.9,13.8,16.1,1002,220,4.55,38.83%,45.13%,-0.209277,"14:43 ET"
MU,1075.75,2026-10-02,0,Put,"1,110.00",+3.34%,33.4,33.57,33.7,1476,325,4.54,48.99%,30.62%,-0.974287,"14:50 ET"
TRI,97.64,2026-10-16,14,Put,90.00,-7.96%,0.5,0.72,0.95,594,131,4.53,49.84%,43.49%,-0.159505,"14:48 ET"
NVDA,234.56,2026-10-07,5,Call,237.50,-1.33%,1.42,1.41,1.46,10357,2290,4.52,32.84%,23.90%,0.336449,"14:54 ET"
META,727.71,2026-10-02,0,Put,725.00,-0.48%,0.43,0.42,0.47,10832,2394,4.52,38.26%,8.41%,-0.240156,"14:50 ET"
NKE,33.71,2026-10-02,0,Call,32.00,+4.90%,1.69,1.8,1.92,906,201,4.51,36.26%,84.22%,0.889004,"14:50 ET"
MP,46.9,2026-10-09,7,Put,44.00,-6.14%,0.29,0.33,0.35,828,184,4.5,58.38%,51.51%,-0.17247,"14:54 ET"
AVGO,355.46,2026-10-07,5,Call,352.50,+0.70%,6.65,6.4,6.8,725,162,4.48,35.73%,29.94%,0.609186,"14:41 ET"
CRCL,80.4,2026-10-09,7,Call,91.00,-12.93%,0.34,0.35,0.37,1444,322,4.48,69.39%,67.86%,0.102599,"14:43 ET"
BTDR,10.94,2026-10-02,0,Call,5.50,+49.91%,5.3,5.48,5.7,652,146,4.47,89.31%,798.65%,0.968823,"12:55 ET"
JD,25.8,2026-10-09,7,Call,26.50,-2.79%,0.09,0.1,0.13,661,148,4.47,33.38%,25.48%,0.21594,"14:45 ET"
BE,290.39,2026-10-02,0,Put,292.50,+0.56%,2.45,2.98,3.5,2546,570,4.47,78.04%,20.93%,-0.794772,"14:49 ET"
SNDK,1721.51,2026-10-02,0,Put,"1,725.00",+0.15%,5.8,6.63,6.4,2704,605,4.47,63.00%,14.53%,-0.551767,"14:54 ET"
NVTS,12.47,2026-10-09,7,Put,13.00,+3.83%,0.76,0.8,0.87,531,119,4.46,88.26%,72.40%,-0.642122,"14:34 ET"
TSLA,372.15,2026-10-05,3,Put,357.50,-3.65%,0.25,0.26,0.27,3001,673,4.46,40.46%,28.31%,-0.062273,"14:52 ET"
AVGO,355.46,2026-10-05,3,Call,360.00,-1.41%,1.39,1.46,1.43,4361,978,4.46,35.73%,24.03%,0.292651,"14:49 ET"
META,727.71,2026-10-05,3,Call,750.00,-2.95%,0.54,0.6,0.62,7073,1585,4.46,38.26%,24.00%,0.081302,"14:49 ET"
AMD,632.82,2026-10-05,3,Call,647.50,-2.58%,1.51,1.53,1.6,592,133,4.45,50.71%,28.68%,0.177322,"14:48 ET"
ASTS,58.15,2026-10-30,28,Put,61.00,+4.51%,6.2,6.64,6.75,809,182,4.45,78.68%,75.37%,-0.549676,"12:06 ET"
AMD,632.82,2026-10-30,28,Call,670.00,-6.14%,18.8,19.32,19.2,1604,361,4.44,50.71%,47.58%,0.360036,"14:18 ET"
MSFT,515.18,2026-10-05,3,Call,522.50,-1.45%,0.75,0.79,0.82,1674,377,4.44,29.10%,17.15%,0.181608,"14:50 ET"
NTAP,228.35,2026-12-18,77,Call,240.00,-5.98%,17.6,18.81,18.5,1129,255,4.43,48.84%,53.98%,0.475397,"13:29 ET"
IONQ,43.94,2026-10-09,7,Put,44.00,-0.02%,1.55,1.55,1.66,876,198,4.42,72.86%,65.47%,-0.485313,"14:48 ET"
MU,1075.75,2026-10-09,7,Call,"1,085.00",-1.01%,23.15,22.78,23.3,977,221,4.42,48.99%,45.03%,0.467261,"14:42 ET"
SHOP,151.45,2028-01-21,476,Put,155.00,+2.35%,35.8,36.2,36.75,714,162,4.41,58.00%,56.77%,-0.367831,"14:51 ET"
LITE,1086,2026-10-02,0,Call,"1,080.00",+0.47%,5.8,9.05,10.2,1011,229,4.41,73.63%,16.56%,0.765667,"14:44 ET"
TSLA,372.15,2026-10-09,7,Put,360.00,-2.98%,2.69,2.73,2.73,6030,1371,4.4,40.46%,35.31%,-0.245486,"14:53 ET"
HOOD,113.19,2026-10-02,0,Put,114.00,+0.55%,0.99,1,1.03,9329,2121,4.4,59.39%,14.62%,-0.867004,"14:53 ET"
CRCL,80.4,2026-10-09,7,Call,86.00,-6.73%,0.89,0.96,1.03,839,191,4.39,69.39%,64.10%,0.238853,"14:42 ET"
MU,1075.75,2026-10-07,5,Call,"1,150.00",-7.07%,3.05,3.05,3.2,1426,325,4.39,48.99%,45.48%,0.114467,"14:49 ET"
AMC,2.72,2026-11-06,35,Put,3.00,+9.89%,0.45,0.47,0.48,932,213,4.38,89.18%,87.79%,-0.584833,"14:18 ET"
NU,13.4,2026-10-30,28,Call,13.50,-1.12%,0.81,0.84,0.89,1640,375,4.37,56.05%,60.57%,0.516653,"14:50 ET"
TSLA,372.15,2026-10-09,7,Call,377.50,-1.74%,4.8,4.8,4.9,6397,1463,4.37,40.46%,35.31%,0.38962,"14:54 ET"
AMD,632.82,2026-10-05,3,Put,612.50,-2.97%,0.9,1,0.97,864,198,4.36,50.71%,28.89%,-0.114688,"14:45 ET"
GME,24.31,2026-11-06,35,Call,23.00,+5.81%,2.15,2.26,2.39,1021,234,4.36,48.36%,50.46%,0.673736,"13:55 ET"
IBRX,10.15,2026-10-30,28,Call,10.00,+0.70%,1,1.16,1.35,1208,277,4.36,100.04%,96.39%,0.58303,"14:23 ET"
INTC,119.81,2026-10-02,0,Put,126.00,+5.11%,5.9,5.9,6.1,2598,596,4.36,64.33%,44.02%,-0.98531,"14:42 ET"
COIN,182.05,2026-10-09,7,Call,197.50,-8.73%,1.08,1.13,1.21,2874,659,4.36,61.82%,58.68%,0.154553,"14:48 ET"
LEN,80.14,2026-10-16,14,Put,80.00,+0.01%,2.6,2.9,2.95,2164,498,4.35,41.79%,44.92%,-0.479016,"14:31 ET"
GLW,163.66,2026-10-16,14,Call,172.50,-5.48%,3.5,3.93,3.85,720,166,4.34,59.19%,55.14%,0.333698,"14:01 ET"
BMY,60.78,2026-10-09,7,Call,62.00,-2.18%,0.44,0.47,0.51,1111,256,4.34,34.01%,28.69%,0.312057,"14:41 ET"
SNDK,1721.51,2026-10-09,7,Call,"1,750.00",-1.60%,41,40.9,41.5,1349,311,4.34,63.00%,55.34%,0.438824,"14:51 ET"
TSLA,372.15,2026-10-05,3,Call,385.00,-3.76%,0.34,0.34,0.36,6019,1388,4.34,40.46%,27.64%,0.083126,"14:53 ET"
BIDU,84.47,2026-10-09,7,Call,80.00,+5.18%,4.5,4.5,5.05,545,126,4.33,39.06%,35.01%,0.876696,"13:42 ET"
DDOG,278.42,2026-10-09,7,Put,265.00,-4.65%,2.76,2.92,3.1,523,121,4.32,64.39%,51.95%,-0.240067,"14:42 ET"
APP,271.87,2026-10-09,7,Call,280.00,-3.25%,4.2,4.2,4.5,527,122,4.32,66.13%,52.28%,0.344589,"14:38 ET"
MSFT,515.18,2026-10-05,3,Put,515.00,-0.01%,2.94,2.96,3.05,1343,311,4.32,29.10%,16.32%,-0.493059,"14:47 ET"
SNDK,1721.51,2026-10-02,0,Put,"1,740.00",+1.02%,17,21,18.2,2599,602,4.32,63.00%,15.90%,-0.880917,"14:49 ET"
SPCX,158.76,2026-10-09,7,Call,160.00,-0.77%,3.5,3.55,3.55,35768,8277,4.32,47.67%,42.62%,0.491628,"14:55 ET"
TSLA,372.15,2026-10-12,10,Call,395.00,-6.45%,1.5,1.52,1.59,703,163,4.31,40.46%,33.71%,0.147886,"14:46 ET"
LEN,80.14,2026-10-09,7,Call,85.00,-6.26%,0.15,0.35,0.4,542,126,4.3,41.79%,38.06%,0.132546,"14:53 ET"
V,360.96,2026-10-09,7,Call,365.00,-1.09%,2.03,2.09,2.11,1107,258,4.29,22.19%,18.37%,0.342541,"14:53 ET"
COHR,336.21,2026-10-09,7,Put,290.00,-13.18%,0.65,0.9,1.1,1291,301,4.29,74.26%,70.55%,-0.059654,"14:30 ET"
ASTS,58.15,2026-10-02,0,Call,57.00,+2.35%,0.92,1.31,1.35,1341,313,4.28,78.68%,36.38%,0.832078,"14:31 ET"
MSFT,515.18,2026-10-05,3,Call,520.00,-0.96%,1.28,1.35,1.38,3705,865,4.28,29.10%,17.10%,0.273369,"14:49 ET"
NBIS,242.15,2026-10-02,0,Put,240.00,-0.74%,0.13,0.15,0.16,5049,1181,4.28,80.14%,18.37%,-0.12549,"14:55 ET"
BE,290.39,2026-10-02,0,Put,287.50,-1.16%,0.38,0.55,0.7,3275,769,4.26,78.04%,23.88%,-0.250135,"14:48 ET"
COIN,182.05,2026-10-09,7,Put,185.00,+1.85%,7.35,7.4,7.75,1088,256,4.25,61.82%,53.94%,-0.595147,"14:48 ET"
QCOM,185.52,2026-10-09,7,Call,195.00,-5.22%,1.23,1.39,1.41,2481,586,4.23,50.28%,43.14%,0.214906,"14:50 ET"
AVGO,355.46,2026-10-07,5,Put,342.50,-3.52%,0.99,1.02,1.04,595,141,4.22,35.73%,31.47%,-0.147751,"14:46 ET"
RKLB,73.35,2026-10-09,7,Call,79.00,-7.61%,0.79,0.82,0.86,1220,289,4.22,74.15%,66.79%,0.221467,"14:54 ET"
AVGO,355.46,2026-10-07,5,Call,365.00,-2.82%,1.72,1.79,1.79,631,150,4.21,35.73%,30.37%,0.239904,"14:47 ET"
DKNG,18.9,2027-05-21,231,Put,17.50,-7.41%,2.49,2.74,3,900,214,4.21,66.31%,63.41%,-0.328036,"14:17 ET"
TSLA,372.15,2026-10-09,7,Call,390.00,-5.11%,1.74,1.75,1.76,11245,2670,4.21,40.46%,36.15%,0.177926,"14:54 ET"
MU,1075.75,2026-10-05,3,Put,"1,045.00",-2.71%,2.69,2.91,2.78,929,221,4.2,48.99%,33.49%,-0.157466,"14:49 ET"
HD,283.66,2026-10-09,7,Call,290.00,-2.35%,1.65,1.82,1.87,607,145,4.19,30.32%,26.84%,0.276147,"14:02 ET"
BBD,3.61,2026-12-18,77,Put,3.50,-2.78%,0.25,0.3,0.3,2600,621,4.19,57.68%,52.19%,-0.391708,"13:29 ET"
NKE,33.71,2029-01-19,840,Call,20.00,+40.56%,15.4,15.64,15.85,1335,319,4.18,36.26%,50.92%,0.82517,"14:53 ET"
RDDT,148.38,2026-10-09,7,Call,165.00,-10.93%,0.43,0.5,0.55,3389,810,4.18,65.38%,56.16%,0.093745,"14:50 ET"
RDDT,148.38,2026-10-30,28,Call,150.00,-0.85%,10.95,11.35,11.45,1040,250,4.16,65.38%,71.72%,0.523587,"14:51 ET"
GOOGL,342.94,2026-10-05,3,Call,347.50,-1.30%,0.78,0.85,0.85,2298,553,4.16,32.37%,19.56%,0.231952,"14:45 ET"
JNJ,255.38,2026-10-09,7,Call,275.00,-7.60%,0,0.1,0.11,714,172,4.15,25.79%,24.83%,0.017508,"14:19 ET"
RKLB,73.35,2026-10-09,7,Put,75.00,+2.17%,3.55,3.65,3.75,992,239,4.15,74.15%,65.90%,-0.583828,"14:55 ET"
SNDK,1721.51,2026-10-09,7,Call,"1,850.00",-7.41%,15.1,15,15.3,2089,503,4.15,63.00%,58.22%,0.202758,"14:54 ET"
XPEV,9.24,2027-01-15,105,Call,8.00,+13.23%,1.76,1.84,1.95,600,145,4.14,52.27%,58.12%,0.743811,"09:42 ET"
RKT,11.81,2026-10-09,7,Put,12.00,+1.95%,0.43,0.48,0.49,2998,726,4.13,63.68%,54.57%,-0.568218,"14:37 ET"
GOOGL,342.94,2026-10-05,3,Call,345.00,-0.57%,1.47,1.5,1.58,7800,1890,4.13,32.37%,19.36%,0.371153,"14:49 ET"
COIN,182.05,2026-10-09,7,Put,177.50,-2.28%,3.55,3.75,3.8,1079,262,4.12,61.82%,53.83%,-0.376349,"14:40 ET"
ORCL,141.9,2026-10-16,14,Call,142.00,-0.20%,4.95,5,5.1,1994,484,4.12,50.09%,45.12%,0.519107,"14:53 ET"
LEN,80.14,2026-10-16,14,Put,75.00,-6.24%,0.8,0.95,1,3884,944,4.11,41.79%,44.82%,-0.215283,"14:52 ET"
AMZN,250.46,2026-10-07,5,Call,260.00,-3.81%,0.35,0.37,0.38,4020,979,4.11,34.23%,25.22%,0.104638,"14:48 ET"
STX,841.07,2026-10-09,7,Put,800.00,-5.53%,10.4,11.93,12.3,665,162,4.1,68.13%,61.57%,-0.252599,"14:40 ET"
ARM,308.36,2026-10-09,7,Call,325.00,-5.95%,4.6,4.65,4.75,2204,538,4.1,71.51%,64.73%,0.284949,"14:49 ET"
HPE,70.1,2026-10-09,7,Call,70.00,-0.11%,2.33,2.44,2.45,2688,657,4.09,62.90%,59.21%,0.529886,"14:52 ET"
MRNA,188.43,2026-10-09,7,Put,160.00,-14.63%,0.35,0.41,0.46,836,205,4.08,88.91%,74.42%,-0.048179,"14:48 ET"
SMCI,43.76,2026-10-30,28,Call,51.00,-17.13%,1.13,1.16,1.2,1094,268,4.08,75.13%,70.63%,0.250613,"14:51 ET"
CRWD,268.34,2028-01-21,476,Call,360.00,-34.22%,51.55,53.48,52.75,721,177,4.07,51.71%,61.55%,0.505878,"13:43 ET"
AVGO,355.46,2026-10-05,3,Put,347.50,-2.11%,0.67,0.67,0.72,1360,334,4.07,35.73%,25.79%,-0.157755,"14:47 ET"
SPCX,158.76,2026-10-30,28,Call,157.50,+0.81%,8.9,8.93,9.1,2433,598,4.07,47.67%,44.39%,0.572817,"14:54 ET"
AGNC,8.88,2027-01-15,105,Call,8.00,+9.81%,0.95,0.98,1.04,1105,272,4.06,29.78%,24.85%,0.797305,"11:55 ET"
COIN,182.05,2026-10-09,7,Call,185.00,-1.85%,3.9,3.9,4.05,1296,319,4.06,61.82%,55.99%,0.410424,"14:49 ET"
DVN,47.53,2027-06-17,258,Call,55.00,-16.03%,3.1,3.3,3.45,1502,370,4.06,36.60%,36.30%,0.379115,"11:58 ET"
SNDK,1721.51,2026-10-02,0,Put,"1,750.00",+1.60%,26.7,27.1,27.2,2207,544,4.06,63.00%,15.68%,-0.976356,"14:54 ET"
NKE,33.71,2026-10-30,28,Put,33.00,-1.93%,0.86,0.85,0.94,1855,458,4.05,36.26%,33.18%,-0.390115,"14:52 ET"
NKE,33.71,2027-01-15,105,Call,22.50,+33.14%,10.4,10.8,12,562,139,4.04,36.26%,39.16%,0.98989,"09:45 ET"
AM,20.52,2027-01-15,105,Call,23.00,-12.36%,0.25,0.3,0.35,500,124,4.03,25.42%,24.56%,0.208477,"13:13 ET"
WDC,415.33,2026-10-16,14,Put,415.00,-1.42%,18.65,19.05,20.2,564,140,4.03,67.46%,62.86%,-0.460582,"14:44 ET"
NVDA,234.56,2026-10-07,5,Put,240.00,+2.40%,6.15,6.32,6.3,855,212,4.03,32.84%,24.48%,-0.784663,"14:49 ET"
META,727.71,2026-10-07,5,Call,775.00,-6.38%,0.52,0.61,0.62,531,132,4.02,38.26%,32.47%,0.050035,"14:31 ET"
SPCX,158.76,2026-10-16,14,Call,157.50,+0.81%,6.4,6.35,6.45,4443,1109,4.01,47.67%,42.75%,0.580556,"14:54 ET"
MU,1075.75,2026-10-02,0,Put,"1,100.00",+2.41%,23.4,25.55,23.7,7498,1875,4,48.99%,22.94%,-0.96677,"14:45 ET"
BA,193.86,2026-10-02,0,Call,195.00,-1.40%,1.1,1.1,1.4,20658,5168,4,36.24%,29.94%,0.51344,"14:50 ET"
JANX,16.92,2026-12-18,77,Put,20.00,+18.06%,4.2,4.3,4.6,850,213,3.99,87.31%,79.94%,-0.603184,"14:07 ET"
DELL,565.33,2026-10-02,0,Call,567.50,-0.28%,0.74,1,0.9,1908,478,3.99,58.66%,15.49%,0.2891,"14:46 ET"
BABA,106.06,2026-10-09,7,Call,106.00,-0.04%,1.97,1.99,2.02,601,151,3.98,38.67%,33.77%,0.511954,"14:47 ET"
NVDA,234.56,2026-11-13,42,Call,265.00,-13.06%,1.27,1.32,1.37,601,151,3.98,32.84%,28.70%,0.121967,"14:54 ET"
INTC,119.81,2026-10-05,3,Call,122.00,-1.77%,0.92,0.96,0.96,3420,860,3.98,64.33%,40.33%,0.331714,"14:49 ET"
COIN,182.05,2026-10-02,0,Put,182.50,+0.47%,1.44,1.41,1.62,6297,1583,3.98,61.82%,15.90%,-0.82253,"14:49 ET"
STX,841.07,2026-10-16,14,Put,410.00,-51.59%,0,1.12,0.25,546,138,3.96,68.13%,132.78%,-0.001826,"09:36 ET"
AMD,632.82,2026-10-05,3,Call,632.50,-0.20%,5.95,6.05,6.25,1157,292,3.96,50.71%,28.00%,0.489946,"14:49 ET"
NVDA,234.56,2026-10-07,5,Put,227.50,-2.94%,0.61,0.61,0.65,4311,1089,3.96,32.84%,26.87%,-0.160036,"14:52 ET"
SPCX,158.76,2026-10-09,7,Put,162.50,+2.34%,5.5,5.5,5.55,513,130,3.95,47.67%,43.27%,-0.611143,"14:55 ET"
AVGO,355.46,2026-10-12,10,Call,370.00,-4.23%,2.19,2.3,2.41,634,161,3.94,35.73%,30.42%,0.227231,"14:43 ET"
GOOGL,342.94,2026-11-06,35,Call,350.00,-2.03%,12.05,12.35,12.5,572,146,3.92,32.37%,35.23%,0.459415,"14:42 ET"
CVX,207.17,2026-10-16,14,Call,215.00,-3.87%,1.22,1.28,1.3,2656,678,3.92,27.48%,24.18%,0.22679,"14:41 ET"
CBRS,166.44,2026-10-09,7,Put,167.50,+0.76%,6.3,7,7.5,594,152,3.91,72.54%,68.42%,-0.510692,"14:42 ET"
INTC,119.81,2026-10-07,5,Call,122.00,-1.77%,1.95,1.95,2.03,613,157,3.9,64.33%,50.88%,0.403037,"14:49 ET"
MU,1075.75,2026-10-05,3,Call,"1,160.00",-8.00%,0.38,0.4,0.41,902,231,3.9,48.99%,41.73%,0.025863,"14:49 ET"
AUR,5.61,2026-10-02,0,Call,2.50,+55.20%,3,3.1,3.2,513,132,3.89,74.20%,743.31%,0.988598,"13:22 ET"
RKT,11.81,2026-10-02,0,Put,12.50,+6.20%,0.6,0.73,0.79,3675,944,3.89,63.68%,94.48%,-0.872959,"14:34 ET"
MKC,44.7,2026-12-18,77,Call,50.00,-12.28%,0.55,0.6,0.7,1315,339,3.88,29.47%,27.92%,0.205531,"12:37 ET"
MSFT,515.18,2026-10-02,0,Put,520.00,+0.96%,4.4,4.8,5.05,3465,894,3.88,29.10%,9.87%,-0.977946,"14:39 ET"
GFI,35.4,2026-10-16,14,Call,35.00,+1.05%,1.4,1.5,1.55,557,144,3.87,47.87%,48.03%,0.555014,"14:02 ET"
AMD,632.82,2026-10-07,5,Call,650.00,-2.98%,4.55,4.65,4.75,1299,336,3.87,50.71%,38.32%,0.273302,"14:46 ET"
MU,1075.75,2026-10-09,7,Put,"1,080.00",+0.55%,28,28.62,28.2,1444,373,3.87,48.99%,44.86%,-0.504368,"14:49 ET"
RUM,7.58,2026-10-09,7,Put,14.50,+89.79%,6.3,6.56,7.1,509,132,3.86,86.99%,213.00%,-0.981588,"09:58 ET"
AVGO,355.46,2026-10-05,3,Put,357.50,+0.71%,4.1,4,4.25,591,153,3.86,35.73%,24.54%,-0.588456,"14:46 ET"
NVTS,12.47,2026-10-09,7,Put,12.50,-0.16%,0.5,0.51,0.55,739,192,3.85,88.26%,74.23%,-0.488091,"14:50 ET"
MU,1075.75,2026-10-05,3,Call,"1,130.00",-5.20%,1.26,1.28,1.31,1150,299,3.85,48.99%,37.20%,0.079245,"14:49 ET"
RILY,4.88,2026-10-16,14,Call,5.00,-1.42%,0.26,0.27,0.28,1805,469,3.85,77.33%,88.90%,0.461612,"14:54 ET"
AAPL,333.7,2026-10-09,7,Call,347.50,-4.21%,0.34,0.36,0.37,4595,1193,3.85,24.35%,20.29%,0.083667,"14:48 ET"
AVGO,355.46,2026-10-07,5,Call,355.00,-0.01%,5.3,5.4,5.4,891,232,3.84,35.73%,30.03%,0.530058,"14:48 ET"
NKE,33.71,2026-10-16,14,Put,33.50,-0.45%,0.75,0.74,0.76,1411,367,3.84,36.26%,32.72%,-0.446919,"14:54 ET"
STX,841.07,2026-10-02,0,Put,800.00,-5.53%,0.05,0.1,0.1,1485,387,3.84,68.13%,44.54%,-0.011118,"14:51 ET"
SNDK,1721.51,2026-10-09,7,Call,"1,800.00",-4.50%,25.2,25,25.5,2144,559,3.84,63.00%,56.64%,0.305765,"14:53 ET"
AMD,632.82,2026-10-02,0,Call,630.00,+0.19%,2.45,2.46,2.63,9825,2561,3.84,50.71%,11.48%,0.680704,"14:49 ET"
ASTS,58.15,2026-10-09,7,Call,58.00,+0.63%,2.21,2.5,2.32,1088,284,3.83,78.68%,69.57%,0.524434,"14:36 ET"
INTC,119.81,2026-10-09,7,Put,125.00,+4.27%,6.7,6.65,6.8,1475,386,3.82,64.33%,55.50%,-0.688498,"14:42 ET"
BMNR,26.11,2026-10-09,7,Call,29.50,-12.55%,0.14,0.14,0.15,2549,667,3.82,71.10%,71.43%,0.119125,"14:54 ET"
TSM,472.52,2026-10-09,7,Call,490.00,-3.97%,1.66,1.65,1.71,2680,701,3.82,32.84%,27.55%,0.176326,"14:51 ET"
INTC,119.81,2026-10-05,3,Put,126.00,+5.11%,6.1,6.22,6.25,530,139,3.81,64.33%,38.69%,-0.917649,"14:33 ET"
PBR,21.52,2026-10-23,21,Call,20.50,+4.47%,1.52,1.5,1.73,1170,307,3.81,54.25%,48.93%,0.691257,"13:19 ET"
AAPL,333.7,2026-10-07,5,Call,335.00,-0.46%,2.54,2.55,2.62,2969,779,3.81,24.35%,19.33%,0.455998,"14:49 ET"
MRNA,188.43,2026-10-09,7,Call,190.00,-1.38%,7.05,7.03,7.3,1216,320,3.8,88.91%,73.72%,0.497896,"14:53 ET"
META,727.71,2026-10-05,3,Call,760.00,-4.32%,0.19,0.2,0.23,1793,472,3.8,38.26%,25.91%,0.031741,"14:49 ET"
NVDA,234.56,2026-10-12,10,Put,227.50,-2.94%,1.31,1.43,1.46,546,144,3.79,32.84%,26.22%,-0.229512,"14:40 ET"
MU,1075.75,2026-11-20,49,Call,"1,390.00",-29.41%,12,12.7,12.55,1013,268,3.78,48.99%,54.59%,0.124814,"13:59 ET"
NVDA,234.56,2026-10-30,28,Put,235.00,+0.26%,7.4,7.5,7.55,2251,596,3.78,32.84%,28.96%,-0.484497,"14:51 ET"
CRWV,89.13,2026-10-02,0,Put,89.00,-0.24%,0.22,0.24,0.26,3236,856,3.78,74.84%,20.46%,-0.366601,"14:46 ET"
FSLR,175.98,2026-10-09,7,Call,180.00,-2.65%,2.52,2.6,2.67,622,165,3.77,54.98%,43.82%,0.366591,"14:12 ET"
SPCX,158.76,2026-10-16,14,Put,162.50,+2.34%,6.95,7,7.05,819,217,3.77,47.67%,43.26%,-0.568486,"14:55 ET"
HOOD,113.19,2026-10-02,0,Put,117.00,+3.19%,3.9,3.97,4.05,4743,1258,3.77,59.39%,34.53%,-0.973829,"14:54 ET"
TSLA,372.15,2026-10-07,5,Call,410.00,-10.50%,0.14,0.15,0.15,536,143,3.75,40.46%,41.02%,0.022181,"14:40 ET"
BKNG,158.76,2027-12-17,441,Call,212.00,-33.42%,12.6,13.3,14.2,582,155,3.75,41.10%,39.18%,0.357176,"11:10 ET"
AAPL,333.7,2026-11-06,35,Call,350.00,-4.96%,4.45,4.6,4.7,2753,735,3.75,24.35%,24.56%,0.296447,"14:47 ET"
OKLO,35.85,2026-10-09,7,Call,36.50,-1.47%,0.96,0.97,1.01,528,141,3.74,70.98%,61.44%,0.449405,"14:49 ET"
SNDK,1721.51,2026-10-02,0,Call,"1,700.00",+1.30%,23.4,23.8,24,2135,573,3.73,63.00%,16.98%,0.939081,"14:55 ET"
INTC,119.81,2026-10-05,3,Put,117.00,-2.40%,0.56,0.61,0.59,2184,586,3.73,64.33%,38.72%,-0.230675,"14:49 ET"
FLG,11.77,2026-10-16,14,Call,12.00,-1.95%,0.15,0.3,0.25,3097,833,3.72,34.30%,31.98%,0.396312,"14:17 ET"
TSLA,372.15,2026-10-05,3,Call,365.00,+1.63%,7.65,7.71,7.75,9327,2510,3.72,40.46%,24.55%,0.798334,"14:55 ET"
VIAV,47.35,2026-10-16,14,Call,55.00,-16.21%,0.6,0.6,0.65,556,150,3.71,82.14%,74.34%,0.178291,"14:34 ET"
DELL,565.33,2026-10-02,0,Call,572.50,-1.16%,0.1,0.18,0.17,1333,359,3.71,58.66%,16.70%,0.063515,"14:48 ET"
AAPL,333.7,2026-11-06,35,Call,360.00,-7.96%,2.21,2.3,2.35,3327,897,3.71,24.35%,23.97%,0.176354,"14:49 ET"
AVGO,355.46,2026-10-07,5,Call,360.00,-1.41%,3.1,3.18,3.25,1115,301,3.7,35.73%,30.09%,0.373808,"14:48 ET"
SNDK,1721.51,2026-10-02,0,Put,"1,690.00",-1.88%,0.1,0.15,0.2,1630,440,3.7,63.00%,18.94%,-0.023502,"14:55 ET"
WDC,415.33,2026-10-16,14,Call,460.00,-9.27%,6,6.6,6.95,2293,622,3.69,67.46%,62.74%,0.230653,"14:52 ET"
MU,1075.75,2026-10-30,28,Put,935.00,-12.95%,10.6,11,11.2,560,152,3.68,48.99%,50.25%,-0.135288,"14:07 ET"
ZS,196.68,2026-10-02,0,Put,195.00,-1.04%,0.05,0.12,0.28,1121,305,3.68,53.94%,18.93%,-0.161001,"14:52 ET"
ORCL,141.9,2026-10-16,14,Put,143.00,+0.91%,5.8,6.6,6,1197,325,3.68,50.09%,48.63%,-0.509492,"12:29 ET"
RIOT,19.42,2026-10-02,0,Put,19.50,+0.05%,0.12,0.19,0.16,3728,1013,3.68,80.42%,22.93%,-0.638563,"14:52 ET"
APP,271.87,2026-10-16,14,Put,265.00,-2.28%,7.6,8.01,8.2,705,192,3.67,66.13%,51.72%,-0.386935,"14:27 ET"
SNDK,1721.51,2026-10-02,0,Put,"1,705.00",-1.01%,0.5,0.6,0.6,920,251,3.67,63.00%,15.18%,-0.087488,"14:54 ET"
F,12.09,2026-10-23,21,Call,12.50,-3.65%,0.2,0.21,0.23,2339,638,3.67,37.64%,32.88%,0.349581,"14:42 ET"
ORCL,141.9,2026-10-02,0,Call,142.00,-0.20%,0.27,0.29,0.32,13085,3577,3.66,50.09%,11.18%,0.467099,"14:54 ET"
NVDA,234.56,2026-10-05,3,Call,235.00,-0.26%,1.34,1.37,1.38,50906,13900,3.66,32.84%,18.41%,0.460277,"14:55 ET"
GOOG,339.74,2026-10-02,0,Put,340.00,+0.02%,0.65,0.67,0.71,10837,2974,3.64,32.11%,7.36%,-0.591182,"14:49 ET"
ASTS,58.15,2026-10-02,0,Call,58.00,+0.63%,0.28,0.32,0.42,5165,1421,3.63,78.68%,27.58%,0.520172,"14:47 ET"
CRML,7.05,2026-10-16,14,Put,6.50,-7.54%,0.25,0.3,0.3,1119,308,3.63,99.58%,95.55%,-0.297801,"14:27 ET"
INTC,119.81,2026-10-02,0,Put,130.00,+8.44%,9.9,9.94,10.05,948,262,3.62,64.33%,67.21%,-0.989915,"14:01 ET"
XOM,164.36,2026-10-23,21,Put,157.50,-4.06%,1.5,1.6,1.64,1183,327,3.62,28.68%,27.15%,-0.24076,"14:52 ET"
ENPH,33.57,2026-10-09,7,Call,35.50,-6.16%,0.32,0.35,0.4,743,206,3.61,68.12%,55.15%,0.245732,"14:19 ET"
IONQ,43.94,2026-10-09,7,Put,43.00,-2.29%,1.08,1.08,1.13,976,270,3.61,72.86%,64.22%,-0.384113,"14:55 ET"
AAPL,333.7,2026-10-07,5,Call,342.50,-2.71%,0.44,0.49,0.49,1489,413,3.61,24.35%,18.62%,0.12895,"14:49 ET"
META,727.71,2026-10-05,3,Put,730.00,+0.20%,7.35,7.35,7.4,2702,748,3.61,38.26%,22.62%,-0.566884,"14:50 ET"
GOOG,339.74,2026-10-02,0,Put,342.50,+0.76%,2.45,2.27,2.99,2848,789,3.61,32.11%,8.60%,-0.978849,"14:49 ET"
GEMI,4.64,2026-10-02,0,Call,3.00,+35.06%,1.55,1.68,1.8,623,173,3.6,109.74%,621.29%,0.933537,"12:49 ET"
NFLX,67.07,2026-11-20,49,Call,67.50,-0.75%,4,4.1,4.15,2726,757,3.6,38.44%,41.53%,0.530543,"14:53 ET"
BTDR,10.94,2026-10-02,0,Call,4.00,+63.57%,6.8,7,7,524,146,3.59,89.31%,"1,123.08%",0.978063,"14:45 ET"
MU,1075.75,2026-10-09,7,Put,"1,055.00",-1.78%,16.55,17.35,16.7,528,147,3.59,48.99%,44.64%,-0.356265,"14:45 ET"
OKLO,35.85,2026-10-09,7,Call,36.00,-0.08%,1.18,1.19,1.19,535,149,3.59,70.98%,60.25%,0.513559,"14:55 ET"
SPCX,158.76,2026-10-23,21,Put,157.50,-0.81%,5.45,5.62,5.55,614,171,3.59,47.67%,43.25%,-0.426612,"14:47 ET"
MCD,231.9,2026-10-02,0,Call,230.00,+0.62%,1.5,1.98,2.16,1114,310,3.59,22.59%,7.88%,0.983445,"14:54 ET"
WMT,104.04,2026-10-23,21,Call,105.00,-0.85%,1.85,1.9,1.96,1292,361,3.58,27.63%,22.73%,0.456585,"14:51 ET"
INTC,119.81,2026-10-05,3,Call,123.00,-2.60%,0.65,0.66,0.69,3973,1113,3.57,64.33%,40.62%,0.256709,"14:49 ET"
HOOD,113.19,2026-10-02,0,Put,116.00,+2.31%,2.81,2.97,3.05,6162,1726,3.57,59.39%,25.95%,-0.974795,"14:46 ET"
CAT,847.64,2026-10-02,0,Call,855.00,-0.76%,0.02,0.37,0.37,986,277,3.56,40.27%,13.47%,0.073884,"14:47 ET"
NVDA,234.56,2026-10-07,5,Put,225.00,-4.00%,0.36,0.37,0.38,4813,1353,3.56,32.84%,28.21%,-0.099634,"14:54 ET"
DVN,47.53,2026-10-09,7,Call,47.50,-0.21%,0.85,0.9,0.96,571,161,3.55,36.60%,34.20%,0.51206,"14:52 ET"
INTC,119.81,2026-10-23,21,Put,97.00,-19.09%,0.74,0.78,0.81,1065,300,3.55,64.33%,67.99%,-0.081426,"14:49 ET"
BE,290.39,2026-10-02,0,Put,285.00,-2.02%,0.11,0.15,0.2,3975,1119,3.55,78.04%,24.55%,-0.089956,"14:47 ET"
CRCL,80.4,2026-10-09,7,Call,82.00,-1.76%,2,2.04,2.1,1631,461,3.54,69.39%,61.67%,0.427119,"14:47 ET"
AVGO,355.46,2026-10-02,0,Call,357.50,-0.71%,0.15,0.15,0.16,27891,7879,3.54,35.73%,10.18%,0.157549,"14:49 ET"
COIN,182.05,2026-10-09,7,Call,205.00,-12.86%,0.51,0.55,0.6,2619,742,3.53,61.82%,61.84%,0.081371,"14:49 ET"
META,727.71,2026-10-05,3,Call,747.50,-2.60%,0.69,0.76,0.82,580,165,3.52,38.26%,23.58%,0.102865,"14:50 ET"
GOOGL,342.94,2026-10-05,3,Put,337.50,-1.62%,0.53,0.61,0.64,965,274,3.52,32.37%,19.36%,-0.178294,"14:47 ET"
ORCL,141.9,2026-10-02,0,Call,141.00,+0.50%,0.95,0.95,1.02,8138,2309,3.52,50.09%,11.34%,0.868149,"14:54 ET"
BE,290.39,2026-10-09,7,Put,277.50,-4.60%,5,5.2,5.45,1041,297,3.51,78.04%,65.83%,-0.297723,"14:38 ET"
AMZN,250.46,2026-10-07,5,Put,250.00,-0.18%,2.52,2.57,2.6,1285,366,3.51,34.23%,23.67%,-0.471145,"14:49 ET"
SPCX,158.76,2026-11-06,35,Put,145.00,-8.68%,3.55,3.6,3.65,1539,439,3.51,47.67%,49.07%,-0.235394,"14:53 ET"
MXL,105.23,2026-10-16,14,Call,125.00,-19.08%,2.05,2.36,2.3,2301,656,3.51,110.33%,95.72%,0.211469,"14:37 ET"
BE,290.39,2026-10-09,7,Put,280.00,-3.74%,5.75,6.06,6.25,1567,448,3.5,78.04%,65.18%,-0.331456,"14:49 ET"
COIN,182.05,2026-10-02,0,Put,180.00,-0.90%,0.24,0.25,0.31,6135,1752,3.5,61.82%,18.58%,-0.259324,"14:49 ET"
COIN,182.05,2028-06-16,623,Call,300.00,-65.16%,35,38.91,38.15,524,150,3.49,61.82%,65.87%,0.473158,"11:29 ET"
SNOW,339.03,2026-10-02,0,Put,340.00,+0.29%,1.53,1.74,1.92,896,257,3.49,47.04%,15.71%,-0.650294,"14:51 ET"
KTOS,42.81,2026-11-20,49,Call,45.00,-5.51%,3,3.2,3.4,1506,432,3.49,60.89%,64.55%,0.470482,"13:43 ET"
AVGO,355.46,2026-10-09,7,Call,357.50,-0.71%,5.55,5.6,5.65,2381,682,3.49,35.73%,32.61%,0.466514,"14:49 ET"
META,727.71,2026-10-02,0,Put,722.50,-0.83%,0.11,0.11,0.13,3511,1007,3.49,38.26%,8.91%,-0.078764,"14:50 ET"
SPCX,158.76,2026-10-23,21,Put,139.00,-12.46%,0.81,0.86,0.84,1001,288,3.48,47.67%,46.21%,-0.095132,"14:37 ET"
HOOD,113.19,2026-10-09,7,Put,114.00,+0.55%,3.65,3.64,3.75,1043,300,3.48,59.39%,51.65%,-0.529704,"14:51 ET"
LUNR,14.67,2026-10-09,7,Put,15.00,+2.46%,0.74,0.79,0.82,1208,347,3.48,86.00%,71.55%,-0.576752,"14:48 ET"
KEEL,3.58,2026-10-09,7,Put,4.00,+11.11%,0.41,0.41,0.51,1002,289,3.47,93.78%,79.06%,-0.837291,"14:33 ET"
PM,187.66,2026-10-30,28,Call,195.00,-4.13%,3.7,3.8,4.1,626,181,3.46,29.57%,33.19%,0.352247,"14:05 ET"
GME,24.31,2026-10-30,28,Put,25.00,+2.38%,1.6,1.71,1.75,926,268,3.46,48.36%,49.73%,-0.540912,"14:50 ET"
PYPL,52.81,2026-10-09,7,Call,54.00,-2.25%,0.43,0.47,0.54,2654,768,3.46,40.87%,32.52%,0.321062,"14:52 ET"
ORCL,141.9,2027-12-17,441,Call,360.00,-154.04%,5.05,5.1,5.45,3070,887,3.46,50.09%,59.00%,0.143591,"13:35 ET"
BA,193.86,2026-10-09,7,Call,200.00,-4.00%,1.8,1.95,2.08,8207,2388,3.44,36.24%,35.95%,0.316728,"14:50 ET"
MSFT,515.18,2026-10-07,5,Call,532.50,-3.39%,0.57,0.58,0.7,705,205,3.44,29.10%,21.99%,0.101863,"14:17 ET"
FCX,71.91,2026-10-09,7,Put,66.00,-7.99%,0.2,0.26,0.3,1015,295,3.44,47.21%,49.48%,-0.103583,"14:37 ET"
ARM,308.36,2026-10-09,7,Call,340.00,-10.84%,2.09,2.19,2.17,1357,394,3.44,71.51%,66.85%,0.150387,"14:48 ET"
LITE,1086,2026-10-02,0,Put,"1,050.00",-3.23%,0,0.1,0.05,1705,497,3.43,73.63%,25.96%,-0.005335,"14:19 ET"
NFLX,67.07,2026-10-09,7,Put,67.00,0.00%,0.89,0.88,0.94,5099,1487,3.43,38.44%,27.18%,-0.463348,"14:54 ET"
LITE,1086,2026-10-02,0,Call,"1,110.00",-2.29%,0.1,0.25,0.35,1044,306,3.41,73.63%,23.51%,0.041866,"14:49 ET"
MSFT,515.18,2026-10-09,7,Call,517.50,-0.48%,5.5,5.6,5.85,1379,404,3.41,29.10%,23.59%,0.454154,"14:46 ET"
OSCR,30.97,2027-01-15,105,Call,31.00,-0.39%,4.65,4.65,4.75,1450,425,3.41,70.07%,68.19%,0.587838,"13:57 ET"
RDDT,148.38,2026-10-09,7,Call,149.00,-0.17%,4,4.22,4.2,704,207,3.4,65.38%,53.08%,0.495526,"14:49 ET"
MU,1075.75,2026-10-05,3,Put,"1,065.00",-0.85%,7.7,7.97,7.85,610,180,3.39,48.99%,33.18%,-0.350774,"14:49 ET"
TSLA,372.15,2026-10-09,7,Call,385.00,-3.76%,2.66,2.69,2.71,9341,2755,3.39,40.46%,35.77%,0.250392,"14:54 ET"
MU,1075.75,2026-10-05,3,Put,"1,020.00",-5.04%,0.62,0.68,0.66,1129,335,3.37,48.99%,35.52%,-0.044449,"14:49 ET"
TSLA,372.15,2026-10-07,5,Call,377.50,-1.74%,3.3,3.29,3.45,2949,876,3.37,40.46%,32.99%,0.35491,"14:54 ET"
MU,1075.75,2026-10-02,0,Put,"1,120.00",+4.27%,43.4,44.85,43.7,689,205,3.36,48.99%,37.94%,-0.978793,"14:43 ET"
MU,1075.75,2026-10-09,7,Call,"1,095.00",-1.94%,19.1,18.77,19.3,895,266,3.36,48.99%,45.21%,0.409784,"14:46 ET"
PDD,75.26,2026-11-20,49,Call,75.00,+0.24%,4.1,4.2,4.25,1037,309,3.36,32.71%,35.00%,0.553267,"14:51 ET"
SKHY,194.26,2026-10-09,7,Put,182.50,-5.90%,1.03,1.05,1.06,1126,335,3.36,53.04%,46.67%,-0.154796,"14:50 ET"
AMD,632.82,2026-10-09,7,Call,750.00,-18.82%,0.13,0.14,0.15,1188,354,3.36,50.71%,51.72%,0.009386,"14:47 ET"
TSLA,372.15,2026-10-09,7,Call,380.00,-2.41%,4,4,4.05,10029,2987,3.36,40.46%,35.52%,0.339945,"14:55 ET"
CRWV,89.13,2026-10-09,7,Put,91.00,+2.01%,4,4.1,4.15,562,168,3.35,74.84%,64.16%,-0.563695,"14:36 ET"
WDC,415.33,2026-10-09,7,Put,400.00,-4.99%,6.75,7,7.45,2052,613,3.35,67.46%,61.60%,-0.30076,"14:54 ET"
VST,137.04,2026-10-23,21,Call,165.00,-20.19%,0.34,0.51,0.68,601,180,3.34,45.79%,50.09%,0.072695,"13:52 ET"
AAPL,333.7,2026-10-07,5,Call,337.50,-1.21%,1.55,1.6,1.6,1477,442,3.34,24.35%,19.00%,0.327383,"14:49 ET"
ANF,135.68,2026-10-16,14,Put,115.00,-15.12%,0.15,0.25,0.4,530,159,3.33,48.62%,51.86%,-0.046532,"13:56 ET"
TRI,97.64,2026-10-16,14,Call,110.00,-12.50%,0.15,0.42,0.7,599,180,3.33,49.84%,46.69%,0.103647,"14:48 ET"
TSLA,372.15,2026-10-12,10,Call,385.00,-3.76%,3.2,3.35,3.35,653,196,3.33,40.46%,32.72%,0.272465,"14:51 ET"
RKLB,73.35,2026-10-16,14,Call,79.00,-7.61%,1.8,1.8,1.85,886,266,3.33,74.15%,68.09%,0.311349,"14:55 ET"
AVGO,355.46,2026-10-05,3,Call,365.00,-2.82%,0.51,0.52,0.54,2478,744,3.33,35.73%,25.17%,0.130369,"14:49 ET"
CRWV,89.13,2026-10-23,21,Call,130.00,-45.72%,0.16,0.16,0.18,557,168,3.32,74.84%,77.78%,0.028271,"13:27 ET"
MRNA,188.43,2026-10-09,7,Put,177.50,-5.29%,2.83,3,3.15,697,210,3.32,88.91%,72.41%,-0.251217,"14:49 ET"
NVTS,12.47,2026-10-09,7,Put,12.00,-4.15%,0.27,0.29,0.31,944,284,3.32,88.26%,72.67%,-0.331964,"14:49 ET"
SPCX,158.76,2026-10-09,7,Put,148.00,-6.79%,0.55,0.55,0.56,9187,2766,3.32,47.67%,45.50%,-0.111141,"14:55 ET"
AMD,632.82,2026-10-09,7,Call,640.00,-1.39%,11.15,11.12,11.4,7182,2169,3.31,50.71%,42.34%,0.42822,"14:48 ET"
HOOD,113.19,2026-10-02,0,Call,113.00,+0.34%,0.38,0.4,0.42,12403,3749,3.31,59.39%,15.94%,0.523743,"14:53 ET"
MP,46.9,2026-10-09,7,Call,51.00,-8.79%,0.23,0.23,0.27,533,161,3.31,58.38%,54.16%,0.143267,"14:50 ET"
PLTR,189.62,2026-10-09,7,Put,175.00,-7.73%,0.41,0.42,0.42,4112,1244,3.31,50.57%,42.60%,-0.079906,"14:53 ET"
MU,1075.75,2026-10-05,3,Put,"1,005.00",-6.43%,0.28,0.34,0.31,547,166,3.3,48.99%,37.90%,-0.021288,"14:44 ET"
TSLA,372.15,2026-10-12,10,Put,345.00,-7.02%,0.89,0.92,0.95,674,204,3.3,40.46%,34.78%,-0.090491,"13:53 ET"
XFOR,2.8,2027-03-19,168,Call,5.00,-78.57%,0.2,0.25,0.25,1653,501,3.3,455.01%,92.02%,0.27802,"14:27 ET"
RKLB,73.35,2026-11-20,49,Call,105.00,-43.03%,1.38,1.45,1.46,823,250,3.29,74.15%,80.42%,0.145033,"14:44 ET"
RIVN,14.24,2026-11-20,49,Call,14.00,+0.78%,1.48,1.51,1.52,1213,369,3.29,62.90%,64.81%,0.585442,"14:04 ET"
AMZN,250.46,2026-10-05,3,Call,257.50,-2.81%,0.13,0.14,0.14,3964,1204,3.29,34.23%,20.48%,0.066686,"14:45 ET"
UNH,369.77,2026-10-09,7,Put,367.50,-0.31%,5.65,5.97,6,673,205,3.28,40.62%,34.20%,-0.435862,"14:46 ET"
INTC,119.81,2026-10-07,5,Call,125.00,-4.27%,1.09,1.09,1.14,2994,913,3.28,64.33%,51.84%,0.260998,"14:49 ET"
DKNG,18.9,2026-10-09,7,Call,20.00,-5.82%,0.21,0.21,0.23,3766,1147,3.28,66.31%,56.67%,0.256118,"14:51 ET"
MU,1075.75,2026-10-09,7,Call,"1,150.00",-7.07%,6.05,6.05,6.15,3798,1158,3.28,48.99%,47.26%,0.167462,"14:49 ET"
AAPL,333.7,2026-10-05,3,Call,340.00,-1.96%,0.23,0.23,0.24,9356,2861,3.27,24.35%,15.55%,0.104998,"14:49 ET"
WMT,104.04,2026-10-23,21,Call,104.00,+0.11%,2.35,2.36,2.43,741,227,3.26,27.63%,22.89%,0.526434,"14:55 ET"
RDDT,148.38,2026-10-23,21,Call,165.00,-10.93%,2.82,2.96,3.1,861,264,3.26,65.38%,58.89%,0.252735,"14:45 ET"
MU,1075.75,2026-10-05,3,Put,"1,075.00",+0.08%,12,12.34,12.15,1811,555,3.26,48.99%,33.39%,-0.471383,"14:49 ET"
QCOM,185.52,2026-10-09,7,Call,190.00,-2.52%,2.57,2.55,2.68,3045,935,3.26,50.28%,42.93%,0.360644,"14:54 ET"
CORZ,16.33,2026-11-20,49,Put,16.00,-2.62%,1.5,1.5,1.56,10044,3083,3.26,72.85%,73.47%,-0.410229,"14:35 ET"
SPCX,158.76,2026-10-09,7,Call,165.00,-3.92%,1.76,1.76,1.77,16000,4930,3.25,47.67%,43.62%,0.29854,"14:55 ET"
KO,85.64,2027-03-19,168,Call,85.00,+0.57%,5.5,5.54,5.65,2798,861,3.25,19.84%,21.53%,0.564945,"14:53 ET"
NVTS,12.47,2026-10-09,7,Call,12.00,+4.15%,0.73,0.8,0.83,3346,1028,3.25,88.26%,75.28%,0.664223,"14:53 ET"
INTC,119.81,2026-10-30,28,Put,91.00,-24.09%,0.64,0.63,0.75,1011,312,3.24,64.33%,70.37%,-0.063277,"13:05 ET"
SKHY,194.26,2026-10-09,7,Call,205.00,-5.70%,1.57,1.6,1.6,1933,597,3.24,53.04%,47.59%,0.222001,"14:52 ET"
SPCX,158.76,2027-03-19,168,Call,190.00,-19.66%,11.3,11.5,11.7,4092,1263,3.24,47.67%,48.30%,0.377068,"14:42 ET"
HOOD,113.19,2026-10-09,7,Call,115.00,-1.43%,2.43,2.41,2.46,7032,2172,3.24,59.39%,52.39%,0.42448,"14:54 ET"
SNDK,1721.51,2026-10-02,0,Put,"1,675.00",-2.75%,0.1,0.15,0.2,1009,312,3.23,63.00%,26.07%,-0.017675,"14:54 ET"
COHR,336.21,2026-10-09,7,Call,340.00,-1.79%,10.3,10.3,11.3,1245,385,3.23,74.26%,67.88%,0.469566,"14:43 ET"
META,727.71,2026-10-02,0,Call,727.50,+0.14%,1.18,1.3,1.3,3722,1157,3.22,38.26%,9.06%,0.470747,"14:50 ET"
BE,290.39,2026-10-02,0,Call,287.50,+1.16%,2.3,3.23,4.2,1776,553,3.21,78.04%,30.17%,0.704438,"14:45 ET"
LOW,181.45,2026-10-02,0,Put,182.50,+0.61%,0.85,1.25,1.35,572,179,3.2,33.40%,11.10%,-0.830895,"14:51 ET"
ARM,308.36,2026-10-09,7,Call,315.00,-2.69%,7.55,7.67,7.75,636,199,3.2,71.51%,63.70%,0.411166,"14:48 ET"
ALAB,352.73,2026-10-09,7,Call,360.00,-3.15%,10.45,9.8,11.6,663,208,3.19,82.65%,74.30%,0.435676,"14:44 ET"
AAL,12.95,2026-10-23,21,Call,13.50,-4.49%,0.43,0.43,0.46,2490,780,3.19,47.75%,54.56%,0.397673,"14:27 ET"
AMD,632.82,2026-10-09,7,Put,635.00,+0.60%,15.75,16.45,16.25,585,184,3.18,50.71%,41.47%,-0.520885,"14:29 ET"
NFLX,67.07,2026-10-30,28,Call,68.00,-1.49%,3.05,3.15,3.1,611,192,3.18,38.44%,45.52%,0.494547,"14:54 ET"
CVNA,63.89,2026-10-02,0,Put,64.00,+0.11%,0.23,0.2,0.32,1921,605,3.18,68.80%,19.42%,-0.519435,"14:45 ET"
TSLA,372.15,2026-10-07,5,Call,360.00,+2.98%,13.3,13.45,13.45,2147,675,3.18,40.46%,32.63%,0.806872,"14:51 ET"
GLW,163.66,2026-10-30,28,Call,165.00,-0.89%,10.5,11.2,11.35,652,206,3.17,59.19%,63.29%,0.519843,"14:09 ET"
IBM,221.96,2026-10-02,0,Call,222.50,-0.22%,0.19,0.3,0.36,681,215,3.17,38.90%,9.31%,0.371725,"14:47 ET"
AMD,632.82,2026-10-16,14,Put,557.50,-11.68%,2.05,2.11,2.22,694,219,3.17,50.71%,47.05%,-0.078272,"14:49 ET"
WMT,104.04,2026-10-09,7,Call,105.00,-0.85%,0.82,0.83,0.83,4923,1555,3.17,27.63%,21.12%,0.390856,"14:55 ET"
EOSE,3.15,2027-01-15,105,Put,3.50,+11.11%,0.91,0.94,0.97,6288,1986,3.17,102.61%,110.80%,-0.447403,"14:29 ET"
AMD,632.82,2026-10-02,0,Call,637.50,-0.99%,0.15,0.17,0.19,19169,6054,3.17,50.71%,12.83%,0.087749,"14:49 ET"
CORZ,16.33,2026-10-23,21,Call,18.00,-9.56%,0.42,0.75,0.75,515,163,3.16,72.85%,75.15%,0.331421,"10:28 ET"
MRNA,188.43,2026-10-02,0,Call,185.00,+1.29%,3.75,3.55,4,853,270,3.16,88.91%,26.90%,0.927563,"14:52 ET"
CRWV,89.13,2026-11-06,35,Call,105.00,-17.70%,3.05,3.1,3.2,1251,396,3.16,74.84%,73.10%,0.279283,"14:47 ET"
ARM,308.36,2026-10-09,7,Put,300.00,-2.20%,6.9,6.99,7.05,719,228,3.15,71.51%,61.62%,-0.368646,"14:48 ET"
HOOD,113.19,2026-10-09,7,Call,120.00,-5.84%,1.01,1.02,1.03,12183,3863,3.15,59.39%,53.01%,0.221476,"14:54 ET"
NVDA,234.56,2026-10-12,10,Put,222.50,-5.07%,0.65,0.69,0.71,1518,484,3.14,32.84%,28.35%,-0.122544,"14:41 ET"
TSLA,372.15,2026-10-07,5,Call,385.00,-3.76%,1.52,1.58,1.57,1839,585,3.14,40.46%,33.67%,0.19407,"14:50 ET"
RUM,7.58,2026-10-02,0,Put,11.50,+50.52%,3.6,3.63,4,536,171,3.13,86.99%,375.05%,-0.979216,"11:17 ET"
LITE,1086,2026-10-02,0,Put,"1,060.00",-2.31%,0.1,0.15,0.4,708,226,3.13,73.63%,27.43%,-0.039798,"14:45 ET"
PLTR,189.62,2026-10-30,28,Call,192.50,-1.49%,7.6,7.71,7.85,2304,735,3.13,50.57%,41.80%,0.482341,"14:29 ET"
HPE,70.1,2026-10-09,7,Call,75.00,-7.27%,0.71,0.74,0.78,562,180,3.12,62.90%,60.58%,0.227444,"14:55 ET"
RIVN,14.24,2026-10-16,14,Call,14.50,-2.76%,0.48,0.48,0.52,2343,750,3.12,62.90%,54.15%,0.461388,"14:53 ET"
LITE,1086,2026-10-02,0,Call,"1,100.00",-1.37%,0.3,0.6,1,5369,1722,3.12,73.63%,19.75%,0.119158,"14:49 ET"
NKE,33.71,2027-09-17,350,Put,30.00,-10.85%,2.86,3.01,3.15,10127,3249,3.12,36.26%,38.01%,-0.301045,"14:15 ET"
MARA,11.13,2026-10-09,7,Call,11.50,-3.32%,0.3,0.3,0.31,15540,5002,3.11,80.39%,75.54%,0.393443,"14:55 ET"
INTC,119.81,2027-06-17,258,Call,240.00,-100.20%,5.75,5.98,6.05,808,260,3.11,64.33%,69.10%,0.19547,"14:45 ET"
SPCX,158.76,2028-06-16,623,Call,200.00,-25.96%,33.9,34.05,34.2,1482,476,3.11,47.67%,52.10%,0.54757,"14:54 ET"
COIN,182.05,2026-10-02,0,Put,185.00,+1.85%,3.5,4.2,4.1,4595,1482,3.1,61.82%,40.48%,-0.841617,"14:47 ET"
MRVL,273.92,2026-10-09,7,Call,290.00,-6.51%,4.3,4.45,4.5,5412,1747,3.1,62.27%,67.85%,0.287242,"14:54 ET"
SPCX,158.76,2026-10-09,7,Put,152.50,-3.96%,1.25,1.25,1.26,12307,3970,3.1,47.67%,43.75%,-0.219981,"14:55 ET"
ALNY,221.71,2026-12-18,77,Put,210.00,-5.49%,13.8,13.67,14.8,501,162,3.09,52.08%,51.80%,-0.351556,"11:39 ET"
BX,112.89,2026-10-09,7,Put,112.00,-0.85%,1.65,1.74,1.9,559,181,3.09,40.24%,35.50%,-0.423981,"14:45 ET"
MU,1075.75,2026-10-16,14,Call,"1,140.00",-6.13%,17.4,17.3,17.55,2317,750,3.09,48.99%,47.64%,0.290741,"14:47 ET"
PURR,11.93,2026-10-09,7,Call,13.00,-8.06%,0.2,0.25,0.25,634,206,3.08,95.07%,88.74%,0.267215,"14:49 ET"
BEKE,16.49,2028-01-21,476,Put,15.00,-8.81%,1.95,1.95,2.25,1500,487,3.08,42.14%,39.72%,-0.322917,"11:31 ET"
F,12.09,2026-10-09,7,Call,12.00,+0.50%,0.25,0.25,0.26,3342,1084,3.08,37.64%,30.85%,0.579911,"14:53 ET"
MU,1075.75,2026-10-05,3,Put,"1,055.00",-1.78%,4.65,4.9,4.8,682,222,3.07,48.99%,33.20%,-0.242985,"14:47 ET"
ZS,196.68,2026-10-09,7,Call,207.50,-5.31%,2.45,2.6,2.6,794,259,3.07,53.94%,57.81%,0.271937,"14:34 ET"
TSLA,372.15,2026-10-07,5,Put,352.50,-5.00%,0.66,0.67,0.69,1392,453,3.07,40.46%,35.06%,-0.093228,"14:53 ET"
NVDA,234.56,2026-10-09,7,Put,245.00,+4.53%,10.65,10.83,11.05,1066,348,3.06,32.84%,25.85%,-0.888184,"14:55 ET"
POET,7.8,2027-04-16,196,Call,11.00,-41.03%,0.96,1.02,1.1,24030,7861,3.06,80.57%,82.99%,0.411594,"14:37 ET"
TSM,472.52,2026-10-09,7,Call,480.00,-1.85%,3.95,4.05,4.1,6228,2042,3.05,32.84%,27.10%,0.345967,"14:53 ET"
DKNG,18.9,2026-11-20,49,Call,20.00,-5.82%,1.47,1.47,1.5,6842,2245,3.05,66.31%,68.24%,0.470284,"14:36 ET"
RDDT,148.38,2026-10-02,0,Call,146.00,+1.84%,2.27,1.9,3,1414,463,3.05,65.38%,34.04%,0.822066,"14:12 ET"
NBIS,242.15,2026-10-02,0,Call,242.50,-0.29%,0.83,0.92,0.96,2941,965,3.05,80.14%,16.42%,0.5278,"14:55 ET"
ACN,199.63,2026-10-02,0,Put,202.50,+1.46%,2.25,3,3.5,562,185,3.04,43.36%,14.52%,-0.978676,"14:42 ET"
HOOD,113.19,2026-10-09,7,Call,118.00,-4.07%,1.46,1.47,1.48,5943,1958,3.04,59.39%,52.67%,0.293859,"14:54 ET"
MRNA,188.43,2026-10-02,0,Call,190.00,-1.38%,0.28,0.33,0.39,6488,2142,3.03,88.91%,20.34%,0.274441,"14:54 ET"
NVDA,234.56,2026-10-09,7,Call,237.50,-1.33%,2.14,2.12,2.17,15198,5019,3.03,32.84%,25.97%,0.37601,"14:54 ET"
INTC,119.81,2026-10-02,0,Put,120.00,+0.10%,0.36,0.4,0.39,28533,9422,3.03,64.33%,14.46%,-0.512306,"14:49 ET"
SNDK,1721.51,2026-10-02,0,Call,"1,710.00",+0.72%,14.1,13.14,14.8,937,309,3.03,63.00%,15.11%,0.839185,"14:52 ET"
GMAB,34.49,2026-11-20,49,Put,30.00,-13.02%,0.3,1.3,1.6,1103,364,3.03,76.47%,56.22%,-0.212902,"10:41 ET"
CRCL,80.4,2026-10-02,0,Call,81.00,-0.52%,0.1,0.13,0.15,540,179,3.02,69.39%,21.04%,0.242172,"14:49 ET"
META,727.71,2026-10-07,5,Call,735.00,-0.89%,6.7,6.99,7.1,546,181,3.02,38.26%,29.90%,0.391822,"14:47 ET"
NKTR,43.81,2026-10-16,14,Call,50.00,-14.68%,0.5,0.6,0.7,965,320,3.02,71.02%,70.04%,0.192196,"14:45 ET"
NFLX,67.07,2026-10-09,7,Put,66.00,-1.49%,0.52,0.53,0.54,5080,1682,3.02,38.44%,27.63%,-0.313723,"14:54 ET"
TSLA,372.15,2026-10-09,7,Call,370.00,+0.28%,8.1,8.09,8.25,11756,3895,3.02,40.46%,35.05%,0.552024,"14:54 ET"
SPCX,158.76,2026-10-30,28,Put,157.50,-0.81%,6.65,6.7,6.75,560,186,3.01,47.67%,44.66%,-0.429385,"14:54 ET"
SLS,11.53,2026-10-16,14,Call,9.00,+22.21%,2.5,2.9,3.1,612,203,3.01,162.62%,133.18%,0.862726,"13:14 ET"
NKE,33.71,2026-10-30,28,Call,35.00,-4.01%,0.76,0.78,0.85,1212,402,3.01,36.26%,35.78%,0.369359,"14:52 ET"
BABA,106.06,2026-10-09,7,Call,108.00,-1.93%,1.16,1.18,1.21,2259,750,3.01,38.67%,34.13%,0.357451,"14:41 ET"
AAPL,333.7,2026-10-07,5,Call,332.50,+0.29%,3.75,3.84,3.95,3171,1052,3.01,24.35%,19.26%,0.587571,"14:49 ET"
HPE,70.1,2026-10-09,7,Put,65.00,-7.04%,0.51,0.54,0.59,667,222,3,62.90%,60.51%,-0.168721,"14:52 ET"
AAPL,333.7,2026-10-12,10,Call,332.50,+0.29%,5.2,5.2,5.4,681,227,3,24.35%,19.90%,0.56945,"14:49 ET"
OPEN,2.45,2026-10-02,0,Call,2.00,+18.03%,0.42,0.42,0.48,542,181,2.99,88.14%,227.66%,0.960655,"14:38 ET"
MU,1075.75,2026-10-30,28,Put,930.00,-13.42%,9.8,10.75,10.4,559,187,2.99,48.99%,50.27%,-0.127158,"14:34 ET"
NVDA,234.56,2026-10-14,12,Call,240.00,-2.40%,2.23,2.34,2.41,596,199,2.99,32.84%,25.95%,0.328444,"14:45 ET"
TTAN,67.28,2027-01-15,105,Call,65.00,+3.77%,9.6,10,10.7,780,261,2.99,54.45%,60.53%,0.621637,"12:48 ET"
HOOD,113.19,2026-10-30,28,Put,110.00,-2.98%,6,6.06,6.1,2992,1002,2.99,59.39%,61.83%,-0.397906,"14:54 ET"
META,727.71,2026-10-05,3,Call,730.00,-0.20%,4.6,4.75,4.95,3274,1094,2.99,38.26%,22.74%,0.434951,"14:50 ET"
AVGO,355.46,2026-10-07,5,Call,357.50,-0.71%,4,3.85,4.25,581,195,2.98,35.73%,29.82%,0.45011,"14:39 ET"
PAAS,45.45,2026-10-16,14,Call,47.00,-3.73%,0.8,1,1,594,199,2.98,47.26%,43.13%,0.360622,"14:54 ET"
LITE,1086,2026-10-02,0,Call,"1,070.00",+1.39%,13.6,18.05,18.3,760,255,2.98,73.63%,29.42%,0.84651,"14:44 ET"
PLTR,189.62,2026-10-09,7,Call,212.50,-12.04%,0.1,0.13,0.12,1533,515,2.98,50.57%,41.64%,0.026867,"14:54 ET"
SLN,10.56,2026-10-16,14,Call,12.50,-17.92%,0.3,0.25,0.8,1022,344,2.97,141.66%,142.96%,0.326816,"11:04 ET"
ASTS,58.15,2026-10-09,7,Call,60.00,-2.79%,1.4,1.44,1.52,2929,985,2.97,78.68%,70.46%,0.387537,"14:44 ET"
MRNA,188.43,2026-10-09,7,Put,165.00,-11.96%,0.63,0.7,0.71,1049,354,2.96,88.91%,70.99%,-0.077059,"14:54 ET"
WULF,15.27,2026-10-09,7,Call,16.50,-7.77%,0.23,0.28,0.25,9060,3065,2.96,80.87%,79.53%,0.25174,"14:33 ET"
SMCI,43.76,2026-10-09,7,Call,46.00,-5.65%,0.74,0.74,0.75,13654,4615,2.96,75.13%,65.51%,0.307442,"14:54 ET"
MSFT,515.18,2026-10-02,0,Call,515.00,+0.01%,0.8,0.87,0.86,20457,6922,2.96,29.10%,7.71%,0.503554,"14:49 ET"
VNET,5.2,2026-12-18,77,Put,5.00,-3.85%,0.55,0.6,0.65,1178,399,2.95,72.68%,76.66%,-0.381027,"13:37 ET"
LUNR,14.67,2026-10-09,7,Call,15.00,-2.46%,0.42,0.47,0.51,987,336,2.94,86.00%,76.55%,0.431569,"14:51 ET"
DJT,8.86,2026-10-09,7,Put,9.00,+1.58%,0.31,0.34,0.37,727,248,2.93,62.73%,53.68%,-0.56908,"14:44 ET"
BABA,106.06,2026-10-09,7,Call,113.00,-6.64%,0.26,0.27,0.29,1766,603,2.93,38.67%,36.50%,0.108721,"14:49 ET"
HIMS,28.69,2026-10-16,14,Put,26.50,-7.76%,0.48,0.51,0.53,516,177,2.92,76.28%,61.58%,-0.235013,"14:54 ET"
GOOGL,342.94,2026-10-05,3,Put,332.50,-3.08%,0.13,0.14,0.18,1869,641,2.92,32.37%,21.44%,-0.054486,"14:45 ET"
MRVL,273.92,2026-10-02,0,Put,275.00,+1.00%,1.61,1.8,1.8,2029,695,2.92,62.27%,16.22%,-0.710708,"14:52 ET"
CSCO,111.79,2026-10-09,7,Call,115.00,-2.77%,0.52,0.54,0.55,2917,998,2.92,37.03%,26.72%,0.227332,"14:50 ET"
NVDA,234.56,2026-10-14,12,Call,250.00,-6.66%,0.46,0.48,0.53,1688,581,2.91,32.84%,26.15%,0.096531,"14:40 ET"
MU,1075.75,2026-10-05,3,Call,"1,075.00",-0.08%,13.6,13.66,13.75,2708,932,2.91,48.99%,32.64%,0.529797,"14:50 ET"
NVTS,12.47,2026-10-09,7,Call,13.50,-7.83%,0.18,0.19,0.2,3152,1085,2.91,88.26%,78.09%,0.249298,"14:55 ET"
GOOGL,342.94,2026-10-05,3,Put,340.00,-0.89%,1.11,1.16,1.19,6143,2113,2.91,32.37%,18.91%,-0.30424,"14:48 ET"
INTC,119.81,2026-10-05,3,Call,118.00,+1.57%,2.85,3.02,2.92,1370,472,2.9,64.33%,39.66%,0.685849,"14:47 ET"
EXEL,58.17,2027-01-15,105,Call,60.00,-3.08%,3.8,4.49,4.5,1433,494,2.9,39.47%,36.90%,0.50514,"14:54 ET"
TSLA,372.15,2026-10-07,5,Call,370.00,+0.28%,6.55,6.48,6.65,4146,1428,2.9,40.46%,32.55%,0.55928,"14:54 ET"
MU,1075.75,2026-10-09,7,Call,"1,190.00",-10.79%,2.61,2.69,2.68,679,235,2.89,48.99%,49.97%,0.080396,"14:47 ET"
NU,13.4,2026-10-09,7,Call,14.00,-4.87%,0.23,0.24,0.24,5720,1980,2.89,56.05%,64.17%,0.31931,"14:55 ET"
MU,1075.75,2026-10-09,7,Put,"1,100.00",+2.41%,39.95,43.01,40.15,931,323,2.88,48.99%,45.23%,-0.619563,"14:40 ET"
SNDK,1721.51,2026-10-09,7,Put,"1,700.00",-1.30%,39,39.63,39.5,961,334,2.88,63.00%,53.38%,-0.409806,"14:54 ET"
WDC,415.33,2027-01-15,105,Call,450.00,-6.89%,45.7,47.07,49.2,1196,415,2.88,67.46%,66.13%,0.496453,"14:45 ET"
HOOD,113.19,2026-10-09,7,Put,115.00,+1.43%,4.25,4.29,4.35,2077,722,2.88,59.39%,51.95%,-0.577492,"14:54 ET"
NKE,33.71,2026-10-09,7,Put,32.00,-4.90%,0.12,0.13,0.14,4501,1562,2.88,36.26%,36.58%,-0.144765,"14:54 ET"
NKE,33.71,2029-01-19,840,Call,55.00,-63.45%,3.35,3.42,3.55,4791,1665,2.88,36.26%,43.99%,0.317456,"14:53 ET"
NB,3.46,2026-10-02,0,Call,1.00,+71.10%,2.4,2.52,2.6,750,261,2.87,76.57%,0.00%,0,"10:05 ET"
AMD,632.82,2026-10-09,7,Put,620.00,-1.78%,9,9.15,9.15,1460,509,2.87,50.71%,41.44%,-0.357468,"14:47 ET"
MRNA,188.43,2026-10-09,7,Call,205.00,-9.38%,2.56,2.3,2.7,1905,663,2.87,88.91%,76.50%,0.23617,"14:38 ET"
AMZN,250.46,2026-10-05,3,Call,255.00,-1.82%,0.35,0.37,0.36,15180,5287,2.87,34.23%,19.62%,0.154103,"14:49 ET"
APLD,25.07,2026-10-02,0,Call,25.00,+0.40%,0.13,0.15,0.18,7888,2758,2.86,89.06%,26.10%,0.546843,"14:47 ET"
NKE,33.71,2026-11-06,35,Call,37.00,-9.96%,0.42,0.45,0.47,563,197,2.86,36.26%,36.13%,0.217352,"14:54 ET"
AMD,632.82,2026-10-05,3,Call,652.50,-3.37%,0.85,0.89,0.92,680,239,2.85,50.71%,28.79%,0.111918,"14:43 ET"
INTC,119.81,2026-10-09,7,Call,133.00,-10.94%,0.52,0.56,0.56,765,268,2.85,64.33%,59.74%,0.115432,"14:47 ET"
XOM,164.36,2026-10-23,21,Call,167.50,-2.03%,2.84,2.85,3.1,839,294,2.85,28.68%,27.03%,0.403728,"14:28 ET"
AMD,632.82,2027-02-19,140,Put,550.00,-12.87%,38.85,39.06,39.6,996,350,2.85,50.71%,52.51%,-0.264871,"14:45 ET"
VSTM,7.61,2026-10-16,14,Call,9.00,-17.34%,0.8,0.8,0.9,1325,465,2.85,211.61%,220.93%,0.437468,"14:30 ET"
MCD,231.9,2026-10-02,0,Put,232.50,+0.46%,0.6,0.7,1.05,1955,686,2.85,22.59%,11.38%,-0.637254,"14:54 ET"
EOSE,3.15,2027-01-15,105,Call,3.50,-11.11%,0.59,0.61,0.63,6325,2217,2.85,102.61%,108.24%,0.551523,"14:26 ET"
JOBY,5.91,2026-10-09,7,Call,6.00,-1.35%,0.13,0.14,0.14,603,212,2.84,64.71%,52.38%,0.440307,"14:50 ET"
DIS,102.35,2026-10-09,7,Call,105.00,-2.71%,0.35,0.36,0.43,1184,417,2.84,28.95%,22.80%,0.214981,"14:55 ET"
NBIS,242.15,2026-10-02,0,Put,250.00,+3.39%,7.4,8,7.75,1265,445,2.84,80.14%,41.70%,-0.915661,"14:49 ET"
BBD,3.61,2026-11-20,49,Put,3.50,-2.78%,0.25,0.3,0.35,2101,740,2.84,57.68%,69.51%,-0.395534,"12:05 ET"
AMD,632.82,2026-10-05,3,Call,665.00,-5.35%,0.17,0.21,0.23,718,254,2.83,50.71%,29.83%,0.03043,"14:49 ET"
BA,193.86,2026-10-09,7,Call,197.50,-2.70%,2.83,2.83,3.1,4069,1438,2.83,36.24%,37.50%,0.415699,"14:50 ET"
SOFI,15.86,2026-10-30,28,Call,16.00,-0.95%,0.91,0.91,0.94,12058,4254,2.83,50.17%,54.83%,0.517519,"14:50 ET"
HD,283.66,2028-01-21,476,Put,320.00,+12.94%,54.35,55.1,55.3,620,220,2.82,30.32%,27.84%,-0.572325,"14:54 ET"
DELL,565.33,2026-10-09,7,Call,570.00,-0.72%,13.9,14.58,15.05,761,270,2.82,58.66%,53.41%,0.469775,"14:49 ET"
WDC,415.33,2026-10-09,7,Put,370.00,-12.11%,1.32,1.49,1.62,883,313,2.82,67.46%,64.25%,-0.083666,"14:53 ET"
NOW,134.99,2026-10-09,7,Put,134.00,-0.95%,2.79,2.7,2.9,537,191,2.81,53.72%,44.75%,-0.440127,"14:42 ET"
COIN,182.05,2026-10-02,0,Put,190.00,+4.60%,8.5,8.67,8.95,4968,1786,2.78,61.82%,41.79%,-0.988084,"14:47 ET"
HOOD,113.19,2026-10-09,7,Call,116.00,-2.31%,2.06,2.05,2.09,6534,2354,2.78,59.39%,52.44%,0.378504,"14:50 ET"
STWD,13.07,2026-11-20,49,Put,13.00,-0.69%,0.35,0.45,0.5,861,311,2.77,25.49%,19.84%,-0.517974,"14:53 ET"
RDDT,148.38,2026-10-09,7,Call,150.00,-0.85%,3.6,3.75,3.9,1367,494,2.77,65.38%,54.28%,0.460834,"14:49 ET"
IBM,221.96,2026-10-09,7,Put,217.50,-2.03%,1.58,1.71,1.75,557,202,2.76,38.90%,28.99%,-0.291139,"14:46 ET"
HOOD,113.19,2026-10-16,14,Call,119.00,-4.96%,2.48,2.46,2.51,1221,442,2.76,59.39%,53.55%,0.336038,"14:44 ET"
SPCX,158.76,2026-10-09,7,Call,162.50,-2.34%,2.52,2.53,2.54,10288,3740,2.75,47.67%,43.15%,0.389937,"14:55 ET"
DHI,135.56,2026-10-16,14,Put,130.00,-4.18%,1.1,1.3,1.5,508,185,2.75,38.31%,32.58%,-0.245639,"13:58 ET"
V,360.96,2027-12-17,441,Call,415.00,-14.94%,23.55,23.61,24.55,694,252,2.75,22.19%,23.92%,0.406419,"12:08 ET"
SNDK,1721.51,2026-10-09,7,Put,"1,650.00",-4.21%,20.8,21,21.1,891,324,2.75,63.00%,53.12%,-0.262638,"14:55 ET"
AAPL,333.7,2026-10-09,7,Put,345.00,+3.46%,11.3,11.73,11.6,1098,400,2.75,24.35%,19.51%,-0.886611,"14:44 ET"
SPCX,158.76,2026-10-16,14,Put,152.50,-3.96%,2.45,2.45,2.47,2465,896,2.75,47.67%,43.30%,-0.280988,"14:54 ET"
DELL,565.33,2026-10-02,0,Call,560.00,+1.05%,5,5.22,6.25,4111,1496,2.75,58.66%,20.38%,0.79843,"14:50 ET"
META,727.71,2026-10-05,3,Put,715.00,-1.86%,1.56,1.65,1.65,556,203,2.74,38.26%,22.28%,-0.195243,"14:50 ET"
WMT,104.04,2026-10-02,0,Call,103.00,+1.07%,1.03,1.09,1.18,883,322,2.74,27.63%,16.14%,0.889349,"14:47 ET"
MU,1075.75,2026-10-09,7,Call,"1,130.00",-5.20%,9.3,9.27,9.4,1337,490,2.73,48.99%,46.26%,0.238039,"14:43 ET"
AMD,632.82,2026-10-05,3,Call,655.00,-3.77%,0.64,0.65,0.68,1566,574,2.73,50.71%,28.91%,0.087363,"14:48 ET"
TSLA,372.15,2026-10-05,3,Call,362.50,+2.30%,9.6,9.61,9.85,3303,1211,2.73,40.46%,23.74%,0.881572,"14:54 ET"
BE,290.39,2026-10-02,0,Call,290.00,+0.30%,1,1.2,1.39,7591,2780,2.73,78.04%,20.74%,0.488802,"14:49 ET"
WDC,415.33,2026-10-02,0,Put,405.00,-3.80%,0.11,0.17,0.2,2017,744,2.71,67.46%,33.11%,-0.051219,"14:53 ET"
DELL,565.33,2026-10-02,0,Call,565.00,+0.17%,1.45,1.5,2,3972,1465,2.71,58.66%,14.95%,0.496776,"14:49 ET"
TSLA,372.15,2026-10-02,0,Put,377.50,+1.74%,5.9,6.12,6.15,4412,1626,2.71,40.46%,22.71%,-0.907421,"14:54 ET"
MRNA,188.43,2026-10-09,7,Call,207.50,-10.71%,2.15,1.9,2.37,6616,2438,2.71,88.91%,77.87%,0.207114,"14:39 ET"
HOOD,113.19,2026-10-02,0,Put,115.00,+1.43%,1.91,2.01,2.02,10004,3703,2.7,59.39%,17.24%,-0.977009,"14:51 ET"
SPCX,158.76,2026-10-30,28,Call,195.00,-22.81%,0.68,0.68,0.71,824,305,2.7,47.67%,48.00%,0.076755,"14:53 ET"
INTC,119.81,2027-04-16,196,Put,90.00,-24.92%,6.6,6.7,6.95,996,369,2.7,64.33%,61.57%,-0.183442,"14:09 ET"
AAPL,333.7,2026-10-07,5,Put,325.00,-2.54%,0.53,0.53,0.57,1210,448,2.7,24.35%,21.19%,-0.131001,"14:49 ET"
META,727.71,2026-10-07,5,Call,770.00,-5.69%,0.74,0.79,0.84,565,210,2.69,38.26%,31.96%,0.06708,"14:49 ET"
BABA,106.06,2026-10-16,14,Call,114.00,-7.59%,0.59,0.62,0.68,681,253,2.69,38.67%,36.44%,0.163625,"14:18 ET"
AMD,632.82,2026-10-09,7,Put,595.00,-5.74%,2.77,2.91,2.89,1045,388,2.69,50.71%,42.42%,-0.144681,"14:45 ET"
INTC,119.81,2026-10-30,28,Put,94.00,-21.59%,0.91,0.81,1,504,188,2.68,64.33%,69.26%,-0.083787,"11:01 ET"
TSLA,372.15,2026-10-05,3,Call,392.50,-5.78%,0.12,0.16,0.13,679,253,2.68,40.46%,31.70%,0.030438,"14:54 ET"
INTC,119.81,2026-10-09,7,Call,136.00,-13.45%,0.32,0.33,0.35,708,264,2.68,64.33%,61.11%,0.07595,"14:48 ET"
COIN,182.05,2026-10-09,7,Put,180.00,-0.90%,4.55,4.7,4.85,1385,517,2.68,61.82%,53.03%,-0.449099,"14:49 ET"
TSM,472.52,2026-10-09,7,Call,475.00,-0.79%,5.8,5.9,6,4660,1741,2.68,32.84%,26.92%,0.452939,"14:52 ET"
ZLAB,24.1,2026-12-18,77,Put,25.00,+4.25%,2.15,3.9,3.9,555,208,2.67,86.56%,58.47%,-0.496919,"12:58 ET"
CRDO,220.36,2026-10-09,7,Call,230.00,-5.29%,4.8,5.02,5.3,582,218,2.67,77.08%,72.68%,0.355266,"14:47 ET"
CBRS,166.44,2026-10-16,14,Call,170.00,-2.27%,6.9,7.31,7.7,1579,592,2.67,72.54%,68.23%,0.464198,"14:47 ET"
WDC,415.33,2026-11-20,49,Call,650.00,-54.40%,3.4,3.4,3.65,2107,788,2.67,67.46%,76.15%,0.075227,"14:46 ET"
RIVN,14.24,2026-10-09,7,Call,15.00,-6.31%,0.16,0.17,0.18,12832,4807,2.67,62.90%,55.16%,0.266418,"14:54 ET"
BMNR,26.11,2026-10-30,28,Call,29.00,-10.64%,1.02,1.1,1.1,547,206,2.66,71.10%,72.04%,0.33974,"14:28 ET"
ORCL,141.9,2026-10-16,14,Call,144.00,-1.62%,4.05,4.15,4.2,762,287,2.66,50.09%,45.15%,0.45614,"14:53 ET"
TSLA,372.15,2026-10-07,5,Put,355.00,-4.33%,0.9,0.91,0.93,866,326,2.66,40.46%,34.48%,-0.121525,"14:50 ET"
AAL,12.95,2026-10-23,21,Put,14.00,+8.36%,1.29,1.27,1.35,570,215,2.65,47.75%,51.40%,-0.717603,"14:14 ET"
APP,271.87,2026-10-09,7,Put,240.00,-11.50%,0.3,0.35,0.45,723,273,2.65,66.13%,53.18%,-0.044521,"14:45 ET"
PLTR,189.62,2026-10-16,14,Put,195.00,+2.81%,8.65,9.4,8.85,824,311,2.65,50.57%,39.02%,-0.62248,"13:40 ET"
HAL,32.06,2026-10-16,14,Call,32.50,-1.59%,0.55,0.63,0.71,982,370,2.65,35.51%,32.54%,0.432627,"14:26 ET"
WDC,415.33,2026-10-09,7,Put,410.00,-2.61%,10.55,11.09,11.35,819,310,2.64,67.46%,61.57%,-0.408091,"14:54 ET"
M,22.66,2026-12-18,77,Call,23.00,-1.59%,1.71,1.76,1.83,902,342,2.64,41.44%,46.36%,0.513568,"13:40 ET"
CSCO,111.79,2026-10-16,14,Call,114.00,-1.88%,1.48,1.6,1.58,1014,384,2.64,37.03%,27.93%,0.373233,"12:47 ET"
AMZN,250.46,2026-10-07,5,Call,257.50,-2.81%,0.63,0.69,0.66,1421,539,2.64,34.23%,24.55%,0.169999,"14:47 ET"
HYMC,18.75,2028-01-21,476,Call,20.00,-6.44%,7.1,7.2,7.5,1460,554,2.64,77.07%,89.35%,0.693517,"13:07 ET"
RIVN,14.24,2026-10-16,14,Call,14.00,+0.78%,0.71,0.68,0.76,2723,1031,2.64,62.90%,53.50%,0.593121,"14:40 ET"
AMZN,250.46,2026-10-05,3,Call,250.00,+0.18%,1.86,1.9,1.9,5785,2194,2.64,34.23%,18.61%,0.539228,"14:49 ET"
OKLO,35.85,2026-10-09,7,Call,37.00,-2.86%,0.78,0.78,0.85,502,191,2.63,70.98%,62.62%,0.389702,"14:51 ET"
ORBS,1.16,2027-01-15,105,Put,1.5000,+27.66%,0.4,0.52,0.65,505,192,2.63,143.66%,120.93%,-0.528177,"13:52 ET"
ORCL,141.9,2026-10-02,0,Put,145.00,+2.32%,3.05,3.15,3.25,2653,1010,2.63,50.09%,29.14%,-0.921194,"14:53 ET"
SBET,9.27,2026-11-20,49,Call,13.00,-39.63%,0.25,0.26,0.27,521,199,2.62,75.04%,86.45%,0.186081,"14:55 ET"
NKE,33.71,2026-10-30,28,Put,34.00,+1.04%,1.33,1.26,1.39,718,274,2.62,36.26%,32.35%,-0.519324,"14:47 ET"
IBM,221.96,2026-10-02,0,Put,222.50,+0.22%,0.55,0.74,0.73,897,342,2.62,38.90%,9.54%,-0.625699,"14:54 ET"
SPCX,158.76,2026-10-09,7,Call,155.00,+2.38%,6.4,6.35,6.45,22838,8715,2.62,47.67%,43.07%,0.695775,"14:54 ET"
MSFT,515.18,2026-10-02,0,Put,517.50,+0.48%,2.29,2.5,2.5,5423,2080,2.61,29.10%,0.00%,0,"14:50 ET"
LEN,80.14,2026-10-02,0,Call,80.00,-0.01%,0.15,0.4,0.65,561,215,2.61,41.79%,23.42%,0.511846,"14:28 ET"
STX,841.07,2026-10-02,0,Put,820.00,-3.17%,0.05,0.38,0.55,652,250,2.61,68.13%,32.82%,-0.049644,"14:54 ET"
NKE,33.71,2027-04-16,196,Put,32.50,-3.42%,3,3.31,3.35,1418,544,2.61,36.26%,39.28%,-0.387738,"13:11 ET"
WDC,415.33,2026-10-09,7,Put,395.00,-6.17%,4.95,5.6,5.95,763,293,2.6,67.46%,60.91%,-0.249397,"14:54 ET"
META,727.71,2026-10-05,3,Call,737.50,-1.23%,2.25,2.25,2.36,871,335,2.6,38.26%,22.91%,0.256365,"14:50 ET"
SMCI,43.76,2026-10-30,28,Call,43.00,+1.24%,3.65,3.85,3.8,1150,442,2.6,75.13%,68.56%,0.579232,"14:47 ET"
CRCL,80.4,2026-10-09,7,Call,99.00,-22.86%,0.07,0.12,0.13,1359,523,2.6,69.39%,77.97%,0.030757,"14:45 ET"
LYFT,15.38,2026-10-09,7,Put,15.00,-2.28%,0.17,0.19,0.19,560,216,2.59,50.56%,40.75%,-0.312506,"14:43 ET"
LITE,1086,2026-10-02,0,Call,"1,075.00",+0.93%,10.4,14,15.1,817,316,2.59,73.63%,21.30%,0.837615,"14:47 ET"
AMKR,55.99,2028-01-21,476,Call,105.00,-87.47%,6.3,7.72,8,863,333,2.59,70.23%,67.50%,0.354036,"14:40 ET"
MU,1075.75,2027-01-15,105,Put,"1,070.00",-0.38%,108.05,109.5,110.65,1003,387,2.59,48.99%,51.73%,-0.424343,"14:25 ET"
NOK,10.57,2026-10-23,21,Call,10.50,+0.47%,0.72,0.73,0.75,1265,489,2.59,59.40%,68.37%,0.553626,"14:35 ET"
MU,1075.75,2026-10-07,5,Call,"1,100.00",-2.41%,12.05,11.8,12.25,1608,622,2.59,48.99%,42.70%,0.346276,"14:48 ET"
CPNG,13.63,2027-01-15,105,Call,21.00,-54.53%,0.12,0.14,0.15,4093,1579,2.59,52.86%,51.86%,0.0861,"12:46 ET"
FCX,71.91,2026-12-18,77,Call,70.00,+2.41%,7.2,7.31,7.4,11032,4255,2.59,47.21%,47.55%,0.598727,"14:49 ET"
PLTR,189.62,2026-10-02,0,Put,190.00,+0.17%,0.54,0.6,0.61,15516,6021,2.58,50.57%,10.14%,-0.623284,"14:53 ET"
LYFT,15.38,2026-10-09,7,Call,16.00,-4.23%,0.11,0.14,0.13,1305,506,2.58,50.56%,39.21%,0.24793,"14:48 ET"
ARM,308.36,2026-10-02,0,Call,310.00,-1.06%,0.31,0.3,0.32,3742,1453,2.58,71.51%,18.47%,0.19384,"14:49 ET"
CVX,207.17,2026-10-23,21,Put,195.00,-5.79%,1.09,1.13,1.2,524,204,2.57,27.48%,26.53%,-0.160142,"14:21 ET"
MRNA,188.43,2026-10-09,7,Put,187.50,+0.04%,6.65,7.27,7.1,755,294,2.57,88.91%,72.71%,-0.450883,"14:43 ET"
TRU,64.42,2026-10-16,14,Call,67.50,-5.01%,1,1.31,1.55,860,335,2.57,49.53%,48.58%,0.332028,"11:41 ET"
PCG,12.32,2026-10-09,7,Call,12.50,-1.63%,0.15,0.15,0.16,1450,564,2.57,44.67%,33.54%,0.393103,"14:41 ET"
PLTR,189.62,2026-10-02,0,Put,195.00,+2.81%,5.25,5.42,5.4,1881,733,2.57,50.57%,35.48%,-0.93329,"14:42 ET"
TSLA,372.15,2026-10-09,7,Put,375.00,+1.06%,8.9,9.05,9.05,2295,892,2.57,40.46%,35.46%,-0.558649,"14:53 ET"
LQDA,27.85,2028-01-21,476,Call,45.00,-57.40%,5.7,6.03,8.4,500,195,2.56,121.92%,86.08%,0.525441,"13:08 ET"
BTDR,10.94,2026-11-20,49,Call,12.00,-9.29%,1,1.1,1.2,674,263,2.56,89.31%,93.20%,0.465819,"14:50 ET"
MU,1075.75,2026-10-07,5,Put,"1,050.00",-2.24%,10.15,10.65,10.35,775,303,2.56,48.99%,42.47%,-0.295685,"14:48 ET"
AMD,632.82,2026-10-07,5,Call,700.00,-10.90%,0.24,0.27,0.27,886,346,2.56,50.71%,42.81%,0.022027,"14:43 ET"
AVGO,355.46,2026-10-05,3,Put,345.00,-2.81%,0.4,0.41,0.44,1444,564,2.56,35.73%,26.65%,-0.101844,"14:43 ET"
ORCL,141.9,2026-10-09,7,Put,138.00,-2.62%,1.96,1.96,2.01,1478,578,2.56,50.09%,47.02%,-0.319413,"14:54 ET"
ARM,308.36,2026-10-09,7,Call,320.00,-4.32%,5.9,6,6.1,1780,694,2.56,71.51%,64.13%,0.344666,"14:49 ET"
SNOW,339.03,2026-11-20,49,Call,440.00,-29.79%,2.27,2.75,2.6,899,353,2.55,47.04%,49.19%,0.091955,"12:47 ET"
TSLA,372.15,2026-10-02,0,Call,362.50,+2.30%,8.9,8.9,9.15,13830,5425,2.55,40.46%,0.00%,0,"14:52 ET"
PBR,21.52,2026-10-09,7,Call,22.00,-2.52%,0.68,0.68,0.69,7415,2924,2.54,54.25%,72.77%,0.445323,"14:51 ET"
EOSE,3.15,2027-02-19,140,Put,4.00,+26.98%,1.36,1.38,1.41,506,199,2.54,102.61%,108.67%,-0.503478,"10:35 ET"
APO,115.21,2026-11-20,49,Put,110.00,-4.38%,4.1,4.75,4.5,651,256,2.54,38.97%,40.18%,-0.348463,"11:18 ET"
BMY,60.78,2026-10-09,7,Put,58.00,-4.42%,0.1,0.17,0.16,1028,405,2.54,34.01%,28.03%,-0.111833,"11:59 ET"
SNDK,1721.51,2026-10-02,0,Put,"1,760.00",+2.18%,36.5,35.6,37,539,213,2.53,63.00%,18.21%,-0.992872,"14:33 ET"
XOM,164.36,2026-10-09,7,Call,172.50,-5.07%,0.27,0.27,0.3,1606,634,2.53,28.68%,26.62%,0.100674,"14:50 ET"
HOOD,113.19,2026-10-09,7,Call,119.00,-4.96%,1.21,1.24,1.24,3165,1249,2.53,59.39%,52.78%,0.255794,"14:43 ET"
TSLA,372.15,2026-10-02,0,Call,365.00,+1.63%,6.4,6.59,6.6,45581,18024,2.53,40.46%,0.00%,0,"14:55 ET"
INTC,119.81,2026-10-05,3,Call,121.00,-0.93%,1.26,1.22,1.3,2975,1179,2.52,64.33%,39.86%,0.415681,"14:49 ET"
AMD,632.82,2026-10-09,7,Call,720.00,-14.06%,0.34,0.38,0.39,784,312,2.51,50.71%,46.82%,0.024192,"14:30 ET"
WDC,415.33,2026-10-02,0,Put,415.00,-1.42%,1.7,2.13,2.52,1481,591,2.51,67.46%,32.34%,-0.413074,"14:54 ET"
INTC,119.81,2026-10-05,3,Call,128.00,-6.77%,0.09,0.1,0.11,1927,768,2.51,64.33%,43.17%,0.051459,"14:49 ET"
NOW,134.99,2026-10-09,7,Call,136.00,-0.52%,2.87,2.91,2.98,555,222,2.5,53.72%,45.38%,0.466456,"14:53 ET"
ORCL,141.9,2026-10-09,7,Put,142.00,+0.20%,3.75,3.8,3.8,797,319,2.5,50.09%,48.03%,-0.487731,"14:54 ET"
SKHY,194.26,2026-10-02,0,Put,195.00,+0.54%,0.85,1.1,0.94,819,328,2.5,53.04%,12.84%,-0.687259,"14:49 ET"
RDDT,148.38,2026-10-02,0,Call,145.00,+2.51%,3.15,3.74,4.05,1054,421,2.5,65.38%,40.85%,0.863547,"14:44 ET"
EIX,53.49,2026-10-16,14,Put,47.50,-11.00%,0.05,0.1,0.1,2022,810,2.5,37.42%,36.55%,-0.046175,"14:41 ET"
TSLA,372.15,2026-10-09,7,Put,355.00,-4.33%,1.66,1.7,1.7,4051,1622,2.5,40.46%,35.75%,-0.167643,"14:54 ET"
AAPL,333.7,2026-10-09,7,Put,332.50,-0.29%,3.1,3.15,3.2,1574,632,2.49,24.35%,21.22%,-0.429321,"14:49 ET"
VST,137.04,2026-11-20,49,Put,160.00,+16.55%,24.2,24.4,26.35,501,202,2.48,45.79%,49.62%,-0.772945,"13:59 ET"
MU,1075.75,2026-10-05,3,Call,"1,040.00",+3.18%,38.5,36.3,38.8,1020,412,2.48,48.99%,32.20%,0.886705,"14:34 ET"
NVDA,234.56,2026-10-07,5,Put,222.50,-5.07%,0.22,0.24,0.24,3536,1426,2.48,32.84%,30.00%,-0.063369,"14:46 ET"
SPCX,158.76,2026-10-09,7,Call,167.50,-5.49%,1.19,1.22,1.21,6974,2813,2.48,47.67%,44.08%,0.221012,"14:55 ET"
GOOG,339.74,2026-10-02,0,Call,340.00,-0.02%,0.35,0.4,0.39,13904,5616,2.48,32.11%,7.13%,0.409143,"14:50 ET"
NVDA,234.56,2026-10-09,7,Put,225.00,-4.00%,0.68,0.7,0.7,21273,8598,2.47,32.84%,28.82%,-0.141767,"14:55 ET"
CRDO,220.36,2026-10-09,7,Call,240.00,-9.87%,2.3,2.7,2.85,521,211,2.47,77.08%,72.75%,0.213853,"14:47 ET"
NVDA,234.56,2026-10-12,10,Call,250.00,-6.66%,0.25,0.26,0.26,558,226,2.47,32.84%,24.52%,0.062694,"14:53 ET"
ABBV,262.38,2026-10-02,0,Call,262.50,-0.09%,0.24,0.3,0.5,666,270,2.47,28.08%,7.86%,0.455895,"14:40 ET"
RBLX,43.99,2027-02-19,140,Call,50.00,-13.53%,5.4,5.21,5.75,701,284,2.47,72.20%,69.48%,0.481158,"13:46 ET"
MU,1075.75,2026-10-05,3,Put,"1,030.00",-4.11%,1.12,1.31,1.17,1152,467,2.47,48.99%,34.48%,-0.075003,"14:46 ET"
MSFT,515.18,2026-10-07,5,Call,530.00,-2.91%,0.85,0.92,0.95,1376,558,2.47,29.10%,21.83%,0.136504,"14:49 ET"
MRVL,273.92,2026-10-09,7,Call,277.50,-1.92%,8.6,8.24,8.8,699,284,2.46,62.27%,68.39%,0.463761,"14:34 ET"
GEMI,4.64,2026-10-09,7,Put,5.00,+8.23%,0.4,0.49,0.6,726,295,2.46,109.74%,103.60%,-0.68032,"14:49 ET"
EOSE,3.15,2029-01-19,840,Call,1.50,+52.38%,2.16,2.45,2.49,600,245,2.45,102.61%,104.46%,0.908411,"12:34 ET"
AAPL,333.7,2026-10-07,5,Put,327.50,-1.79%,0.9,0.94,0.96,663,271,2.45,24.35%,20.69%,-0.202958,"14:48 ET"
MRVL,273.92,2026-10-09,7,Put,245.00,-10.02%,1.55,1.63,1.66,1584,647,2.45,62.27%,70.61%,-0.117373,"14:54 ET"
RIOT,19.42,2026-10-02,0,Put,20.50,+5.18%,1.02,1.02,1.26,3070,1255,2.45,80.42%,90.01%,-0.872659,"14:39 ET"
AMZN,250.46,2026-10-05,3,Put,250.00,-0.18%,1.44,1.44,1.49,5155,2107,2.45,34.23%,18.17%,-0.461546,"14:49 ET"
SKHY,194.26,2026-10-02,0,Call,195.00,-0.54%,0.21,0.22,0.25,10780,4416,2.44,53.04%,11.91%,0.301657,"14:54 ET"
SOFI,15.86,2026-10-09,7,Call,16.00,-0.95%,0.29,0.29,0.3,17913,7342,2.44,50.17%,39.62%,0.459394,"14:53 ET"
MU,1075.75,2026-10-07,5,Call,"1,200.00",-11.72%,0.9,0.94,0.97,955,392,2.44,48.99%,50.90%,0.037259,"14:50 ET"
SMCI,43.76,2026-10-09,7,Put,40.50,-6.98%,0.39,0.4,0.42,1013,416,2.44,75.13%,64.82%,-0.181816,"14:49 ET"
ACN,199.63,2026-10-09,7,Put,205.00,+2.71%,7.4,7.66,8,533,219,2.43,43.36%,39.31%,-0.682793,"14:49 ET"
CBRS,166.44,2026-10-09,7,Call,170.00,-2.27%,4.4,4.62,5,770,317,2.43,72.54%,68.49%,0.428111,"14:48 ET"
TSLA,372.15,2026-10-12,10,Call,380.00,-2.41%,4.6,4.72,4.8,934,384,2.43,40.46%,32.51%,0.356877,"14:48 ET"
DKNG,18.9,2027-03-19,168,Call,22.50,-19.05%,2.12,2.19,2.36,2219,914,2.43,66.31%,65.48%,0.450647,"14:07 ET"
NBIS,242.15,2026-10-09,7,Call,245.00,-1.32%,7.75,7.76,7.95,2399,989,2.43,80.14%,66.20%,0.478878,"14:52 ET"
AAOI,115.17,2026-10-02,0,Call,115.00,-0.17%,0.65,0.9,0.95,3270,1345,2.43,95.42%,27.21%,0.571588,"14:47 ET"
SPCX,158.76,2026-10-09,7,Put,149.00,-6.16%,0.66,0.68,0.68,4515,1857,2.43,47.67%,45.08%,-0.130637,"14:54 ET"
RIVN,14.24,2026-10-30,28,Call,15.00,-6.31%,0.77,0.8,0.83,1979,818,2.42,62.90%,69.38%,0.438259,"14:47 ET"
NVDA,234.56,2026-10-05,3,Put,227.50,-2.94%,0.15,0.15,0.16,6502,2684,2.42,32.84%,23.11%,-0.070603,"14:54 ET"
IONQ,43.94,2026-10-02,0,Put,44.50,+1.11%,0.46,0.6,0.69,792,329,2.41,72.86%,18.32%,-0.908627,"14:50 ET"
UBER,68.18,2026-10-09,7,Call,68.00,+0.21%,1.19,1.22,1.25,840,349,2.41,36.91%,28.90%,0.545431,"14:54 ET"
NBIS,242.15,2026-10-02,0,Call,200.00,+17.29%,40.4,42.5,43.65,842,349,2.41,80.14%,129.65%,0.998142,"13:57 ET"
MRVL,273.92,2026-10-02,0,Call,272.50,-0.08%,1.36,1.45,1.45,3918,1626,2.41,62.27%,10.83%,0.786884,"14:55 ET"
ALAB,352.73,2026-12-18,77,Put,220.00,-36.96%,4.7,5,5.65,502,209,2.4,82.65%,82.66%,-0.073907,"14:49 ET"
AMZN,250.46,2026-10-05,3,Call,237.50,+5.17%,12.75,12.95,13.2,517,215,2.4,34.23%,32.18%,0.965967,"14:48 ET"
META,727.71,2026-10-05,3,Call,742.50,-1.92%,1.25,1.33,1.41,804,335,2.4,38.26%,23.12%,0.165841,"14:50 ET"
APLD,25.07,2026-10-09,7,Call,28.50,-13.55%,0.54,0.55,0.58,818,341,2.4,89.06%,120.40%,0.24519,"14:47 ET"
OKLO,35.85,2026-10-02,0,Put,36.50,+1.47%,0.47,0.57,0.6,1162,484,2.4,70.98%,23.44%,-0.893273,"14:52 ET"
TSLA,372.15,2026-10-23,21,Put,370.00,-0.28%,14.8,14.91,15,1994,832,2.4,40.46%,45.31%,-0.455759,"14:54 ET"
GME,24.31,2026-10-09,7,Call,27.00,-10.57%,0.16,0.17,0.17,4577,1910,2.4,48.36%,66.38%,0.148069,"14:50 ET"
PLTR,189.62,2026-10-02,0,Call,190.00,-0.17%,0.25,0.27,0.29,16043,6675,2.4,50.57%,10.33%,0.381426,"14:55 ET"
AAPL,333.7,2026-10-07,5,Call,347.50,-4.21%,0.09,0.11,0.13,500,209,2.39,24.35%,18.81%,0.037675,"14:49 ET"
BABA,106.06,2027-06-17,258,Call,270.00,-154.81%,0.38,0.4,0.45,587,246,2.39,38.67%,51.89%,0.026992,"14:49 ET"
TSLA,372.15,2026-10-16,14,Put,372.50,+0.39%,10.85,10.95,11,1124,471,2.39,40.46%,36.96%,-0.491963,"14:54 ET"
ORCL,141.9,2026-10-09,7,Call,144.00,-1.62%,2.51,2.55,2.59,1491,624,2.39,50.09%,43.88%,0.420135,"14:54 ET"
AMD,632.82,2026-10-05,3,Call,630.00,+0.19%,7.2,7.37,7.5,1971,826,2.39,50.71%,27.88%,0.55223,"14:49 ET"
NBIS,242.15,2026-11-20,49,Put,250.00,+3.39%,32.9,33.4,33.65,1362,572,2.38,80.14%,83.99%,-0.472613,"14:43 ET"
TE,3.9,2026-10-02,0,Call,1.00,+74.42%,2.8,2.9,3,4956,2081,2.38,99.75%,"1,291.39%",0.991048,"13:40 ET"
META,727.71,2026-10-09,7,Call,710.00,+2.54%,23.45,24,24.75,503,212,2.37,38.26%,33.95%,0.707629,"14:48 ET"
QCOM,185.52,2028-12-15,805,Put,80.00,-56.83%,5.3,5.45,5.45,790,334,2.37,50.28%,52.95%,-0.060561,"14:24 ET"
MSFT,515.18,2026-10-30,28,Call,590.00,-14.56%,1.44,1.5,1.6,1528,645,2.37,29.10%,32.57%,0.075532,"14:25 ET"
WULF,15.27,2026-10-02,0,Put,16.00,+4.51%,0.67,0.67,0.77,2017,852,2.37,80.87%,41.72%,-0.981817,"13:59 ET"
BCH,38.19,2026-11-20,49,Call,40.00,-4.63%,0.75,0.9,2.1,2456,1035,2.37,40.67%,43.00%,0.37584,"13:28 ET"
RKLB,73.35,2026-10-09,7,Call,82.00,-11.70%,0.4,0.48,0.5,787,334,2.36,74.15%,69.72%,0.131971,"14:36 ET"
ASTS,58.15,2026-10-09,7,Call,61.00,-4.51%,1.14,1.13,1.23,1037,440,2.36,78.68%,72.01%,0.32878,"14:48 ET"
LAES,2.37,2029-01-19,840,Call,2.00,+15.61%,0.8,1,1.28,7505,3177,2.36,69.87%,58.48%,0.777311,"13:18 ET"
MU,1075.75,2026-10-05,3,Put,"1,010.00",-5.97%,0.36,0.43,0.39,527,224,2.35,48.99%,36.99%,-0.02689,"14:43 ET"
GE,308.55,2026-10-16,14,Call,320.00,-2.95%,2.89,3.9,3.35,571,243,2.35,34.06%,29.34%,0.288961,"14:28 ET"
SNOW,339.03,2026-10-09,7,Put,310.00,-8.56%,0.64,0.67,0.77,572,243,2.35,47.04%,45.46%,-0.072406,"14:48 ET"
ARHS,10.2,2027-02-19,140,Call,12.50,-23.15%,0.5,0.7,1,617,262,2.35,63.55%,57.90%,0.36271,"10:42 ET"
SNOW,339.03,2026-10-02,0,Call,340.00,-0.29%,0.5,0.56,0.75,1408,598,2.35,47.04%,15.30%,0.347363,"14:54 ET"
NVTS,12.47,2026-10-09,7,Call,14.00,-11.82%,0.1,0.12,0.12,1956,834,2.35,88.26%,79.42%,0.160051,"14:51 ET"
WULF,15.27,2026-10-09,7,Call,15.00,+2.02%,0.76,0.78,0.79,2268,965,2.35,80.87%,77.50%,0.580645,"14:53 ET"
GME,24.31,2026-10-02,0,Put,24.50,+0.33%,0.11,0.13,0.13,3394,1443,2.35,48.36%,16.28%,-0.624127,"14:46 ET"
TMUS,164.19,2026-10-02,0,Call,165.00,-0.82%,0,0.1,0.1,1586,677,2.34,32.30%,8.61%,0.135011,"14:53 ET"
BSY,32.42,2028-01-21,476,Call,45.00,-39.10%,2.25,2.45,3,501,215,2.33,46.04%,39.24%,0.339206,"14:09 ET"
SNDK,1721.51,2026-10-02,0,Put,"1,660.00",-3.63%,0.1,0.15,0.15,718,308,2.33,63.00%,32.20%,-0.012415,"14:51 ET"
NLY,18.7,2026-10-02,0,Call,18.50,+0.96%,0.14,0.23,0.29,852,365,2.33,27.64%,25.88%,0.769794,"14:19 ET"
PLTR,189.62,2026-10-09,7,Call,192.50,-1.49%,2.81,2.87,2.88,4018,1724,2.33,50.57%,38.36%,0.405841,"14:54 ET"
HOOD,113.19,2026-10-09,7,Call,125.00,-10.25%,0.39,0.39,0.41,6972,2992,2.33,59.39%,54.90%,0.101149,"14:53 ET"
NFLX,67.07,2026-10-16,14,Put,64.00,-4.48%,0.42,0.43,0.44,1179,509,2.32,38.44%,29.97%,-0.192336,"14:52 ET"
CBRS,166.44,2026-10-02,0,Put,165.00,-0.74%,0.1,0.3,0.45,1389,598,2.32,72.54%,21.45%,-0.248114,"14:45 ET"
NEE,76.81,2026-11-20,49,Call,77.50,-0.74%,2.56,2.62,2.62,1531,659,2.32,24.23%,25.76%,0.482639,"14:38 ET"
WFC,80.36,2026-10-16,14,Call,82.00,-2.08%,1.54,1.55,1.63,1576,678,2.32,31.49%,36.36%,0.403253,"14:33 ET"
SNDK,1721.51,2026-10-09,7,Call,"1,700.00",+1.30%,64.1,63.56,64.9,520,225,2.31,63.00%,54.38%,0.589774,"14:53 ET"
CRCL,80.4,2026-10-09,7,Call,85.00,-5.49%,1.11,1.16,1.19,1964,852,2.31,69.39%,62.99%,0.277584,"14:47 ET"
CRDO,220.36,2026-10-02,0,Call,235.00,-7.58%,0,0.12,0.05,742,323,2.3,77.08%,54.48%,0.01172,"11:25 ET"
SMCI,43.76,2026-10-09,7,Call,48.00,-10.24%,0.34,0.34,0.36,1569,681,2.3,75.13%,66.52%,0.169531,"14:49 ET"
MSFT,515.18,2026-10-05,3,Call,525.00,-1.94%,0.46,0.46,0.5,2817,1223,2.3,29.10%,17.68%,0.119149,"14:50 ET"
TSM,472.52,2026-10-02,0,Call,472.50,-0.26%,0.55,0.59,0.6,5641,2452,2.3,32.84%,6.66%,0.461722,"14:54 ET"
TE,3.9,2026-10-02,0,Call,0.50,+87.21%,3.3,3.41,3.5,4959,2161,2.29,99.75%,0.00%,0,"13:46 ET"
ANET,206.81,2026-10-09,7,Call,215.00,-3.99%,1.65,1.72,1.78,587,256,2.29,49.41%,40.82%,0.252377,"14:47 ET"
NVDA,234.56,2026-10-09,7,Call,212.50,+9.34%,22.1,22.38,22.4,1369,598,2.29,32.84%,36.21%,0.977366,"14:41 ET"
NVDA,234.56,2026-11-06,35,Put,230.00,-1.87%,6.15,6.27,6.3,1749,765,2.29,32.84%,29.95%,-0.387687,"14:54 ET"
HIMS,28.69,2026-10-09,7,Call,28.50,+0.80%,1.08,1.11,1.12,551,242,2.28,76.28%,63.64%,0.546984,"14:53 ET"
SNY,39.88,2026-10-16,14,Put,40.00,+0.55%,0.7,0.83,0.9,645,283,2.28,25.60%,20.10%,-0.570654,"14:51 ET"
C,128.4,2026-10-02,0,Put,129.00,+0.41%,0.44,0.46,0.6,2047,901,2.27,31.78%,8.12%,-0.802421,"14:43 ET"
GOOGL,342.94,2026-10-05,3,Call,340.00,+0.89%,4.1,4.29,4.4,2905,1280,2.27,32.37%,20.21%,0.68537,"14:48 ET"
NKE,33.71,2026-10-09,7,Put,33.00,-1.93%,0.35,0.35,0.37,6507,2864,2.27,36.26%,35.73%,-0.322221,"14:51 ET"
WMT,104.04,2026-10-16,14,Call,104.00,+0.11%,1.86,1.9,1.95,803,355,2.26,27.63%,22.42%,0.523174,"14:52 ET"
TSLA,372.15,2026-10-07,5,Put,357.50,-3.65%,1.22,1.24,1.26,944,417,2.26,40.46%,34.02%,-0.157132,"14:54 ET"
WDC,415.33,2026-10-09,7,Put,380.00,-9.74%,2.35,2.68,2.73,984,436,2.26,67.46%,62.62%,-0.134152,"14:53 ET"
CSCO,111.79,2026-10-09,7,Call,113.00,-0.98%,1.04,1.15,1.19,2021,893,2.26,37.03%,26.61%,0.391687,"14:45 ET"
WULF,15.27,2026-12-18,77,Put,11.00,-28.15%,0.48,0.48,0.55,2049,908,2.26,80.87%,76.96%,-0.152545,"14:21 ET"
TSLA,372.15,2026-10-12,10,Put,350.00,-5.67%,1.38,1.42,1.45,575,255,2.25,40.46%,33.83%,-0.132038,"14:52 ET"
NFLX,67.07,2026-10-09,7,Call,65.00,+2.99%,2.43,2.5,2.6,943,420,2.25,38.44%,29.68%,0.796397,"14:50 ET"
META,727.71,2026-10-05,3,Call,755.00,-3.63%,0.31,0.34,0.4,1383,616,2.25,38.26%,25.05%,0.051597,"14:49 ET"
CRWD,268.34,2026-10-09,7,Put,255.00,-4.93%,1.99,2.05,2.1,1938,860,2.25,51.71%,46.11%,-0.205949,"14:44 ET"
NVDA,234.56,2026-10-07,5,Put,217.50,-7.20%,0.1,0.12,0.11,1174,525,2.24,32.84%,34.37%,-0.028521,"14:32 ET"
GME,24.31,2026-10-09,7,Put,24.00,-1.72%,0.41,0.43,0.44,1621,723,2.24,48.36%,45.95%,-0.37873,"14:46 ET"
COIN,182.05,2026-10-09,7,Call,210.00,-15.61%,0.34,0.37,0.4,1804,804,2.24,61.82%,64.86%,0.05534,"14:49 ET"
NKE,33.71,2029-01-19,840,Call,35.00,-4.01%,7.95,8.1,8.2,1895,847,2.24,36.26%,45.90%,0.575408,"14:54 ET"
GOOGL,342.94,2026-10-02,0,Call,332.50,+3.08%,10.25,11.27,11,619,278,2.23,32.37%,40.74%,0.928494,"14:17 ET"
CELH,26.87,2026-10-09,7,Call,29.00,-8.45%,0.09,0.1,0.11,779,349,2.23,58.59%,46.93%,0.119957,"14:33 ET"
RDW,10.76,2026-10-09,7,Call,11.00,-2.14%,0.3,0.34,0.4,853,383,2.23,87.34%,76.40%,0.439209,"14:54 ET"
GME,24.31,2026-10-09,7,Call,22.50,+7.86%,2,2.08,2.19,858,384,2.23,48.36%,60.42%,0.847126,"14:12 ET"
SNDK,1721.51,2026-10-02,0,Put,"1,745.00",+1.31%,21.9,25.99,22.4,875,393,2.23,63.00%,15.74%,-0.9408,"14:41 ET"
BE,290.39,2026-10-09,7,Call,320.00,-10.01%,2.01,2.19,2.45,1054,472,2.23,78.04%,68.30%,0.160941,"14:33 ET"
ORCL,141.9,2026-10-09,7,Call,142.00,-0.20%,3.35,3.4,3.5,1417,635,2.23,50.09%,43.78%,0.511389,"14:54 ET"
META,727.71,2026-10-09,7,Call,730.00,-0.20%,12,12,12.2,1593,717,2.22,38.26%,32.89%,0.481085,"14:50 ET"
NVDA,234.56,2026-10-16,14,Put,245.00,+4.53%,11.5,11.6,12.15,1198,543,2.21,32.84%,27.62%,-0.781381,"14:27 ET"
UBER,68.18,2026-10-02,0,Call,68.00,+0.21%,0.23,0.25,0.28,4011,1811,2.21,36.91%,8.48%,0.761726,"14:55 ET"
MSFT,515.18,2026-10-05,3,Put,502.50,-2.43%,0.26,0.26,0.31,509,231,2.2,29.10%,18.83%,-0.072353,"14:50 ET"
FCX,71.91,2026-10-09,7,Put,69.00,-3.81%,0.65,0.7,0.76,665,302,2.2,47.21%,45.25%,-0.253524,"14:47 ET"
RKLB,73.35,2026-10-09,7,Put,71.00,-3.28%,1.55,1.59,1.66,881,401,2.2,74.15%,64.86%,-0.346484,"14:53 ET"
SNDK,1721.51,2026-10-02,0,Put,"1,670.00",-3.04%,0.05,0.1,0.15,1392,634,2.2,63.00%,26.85%,-0.011972,"14:51 ET"
TSLA,372.15,2026-10-07,5,Call,365.00,+1.63%,9.6,9.52,9.7,1546,703,2.2,40.46%,32.46%,0.694166,"14:53 ET"
RIVN,14.24,2026-10-09,7,Call,14.50,-2.76%,0.32,0.32,0.33,4167,1891,2.2,62.90%,54.70%,0.427835,"14:54 ET"
AMZN,250.46,2026-10-05,3,Call,235.00,+6.17%,15.25,15.49,15.65,531,243,2.19,34.23%,35.73%,0.975753,"14:49 ET"
WDC,415.33,2026-10-16,14,Call,510.00,-21.14%,1.53,1.8,2.11,658,301,2.19,67.46%,68.60%,0.076257,"14:39 ET"
MU,1075.75,2026-10-05,3,Put,"1,025.00",-4.57%,0.83,0.9,0.88,669,306,2.19,48.99%,34.97%,-0.057813,"14:49 ET"
GOOGL,342.94,2026-10-05,3,Put,335.00,-2.35%,0.28,0.3,0.31,1151,526,2.19,32.37%,20.22%,-0.098661,"14:49 ET"
ARM,308.36,2026-10-02,0,Call,307.50,-0.24%,1.08,1.15,1.22,1260,575,2.19,71.51%,18.61%,0.492172,"14:49 ET"
ZETA,32.56,2026-10-09,7,Call,33.00,-1.57%,0.83,0.83,0.89,1287,588,2.19,70.23%,59.29%,0.44894,"14:52 ET"
PFE,27.63,2026-10-16,14,Put,27.50,-0.11%,0.37,0.41,0.41,1638,748,2.19,24.70%,19.79%,-0.464247,"14:47 ET"
MU,1075.75,2026-10-09,7,Call,"1,100.00",-2.41%,17.35,17.25,17.5,7450,3419,2.18,48.99%,45.36%,0.3822,"14:49 ET"
NBIS,242.15,2026-10-30,28,Call,340.00,-40.61%,1.64,2.35,2.01,506,232,2.18,80.14%,80.11%,0.081242,"10:49 ET"
SKHY,194.26,2026-10-09,7,Call,197.50,-1.83%,3.6,3.6,3.7,525,241,2.18,53.04%,46.31%,0.417921,"14:50 ET"
SPCX,158.76,2026-11-06,35,Call,180.00,-13.36%,3.2,3.2,3.3,544,250,2.18,47.67%,49.24%,0.243311,"14:50 ET"
WOLF,35.83,2026-10-02,0,Call,35.00,-0.06%,0.28,0.5,0.59,613,281,2.18,105.03%,28.31%,0.806158,"14:54 ET"
MDT,86.32,2026-10-09,7,Call,90.00,-4.26%,0.22,0.33,0.4,812,373,2.18,27.03%,30.72%,0.162915,"14:46 ET"
PL,17.53,2026-10-09,7,Call,19.00,-9.20%,0.15,0.17,0.2,1210,556,2.18,67.86%,69.13%,0.197268,"14:52 ET"
AVGO,355.46,2026-10-30,28,Call,400.00,-12.68%,2.36,2.41,2.45,3936,1809,2.18,35.73%,36.49%,0.137678,"14:49 ET"
GOOGL,342.94,2026-10-05,3,Call,355.00,-3.48%,0.12,0.14,0.15,4695,2154,2.18,32.37%,22.56%,0.046862,"14:47 ET"
ORCL,141.9,2026-10-09,7,Put,141.00,-0.50%,3.2,3.25,3.3,738,340,2.17,50.09%,47.62%,-0.445203,"14:50 ET"
MU,1075.75,2026-10-07,5,Call,"1,080.00",-0.55%,19.7,19.83,19.9,802,369,2.17,48.99%,42.13%,0.488339,"14:50 ET"
CRWV,89.13,2026-10-09,7,Call,92.00,-3.13%,2.01,2.04,2.08,2510,1159,2.17,74.84%,63.66%,0.388148,"14:46 ET"
SPCX,158.76,2026-10-16,14,Call,167.50,-5.49%,2.47,2.45,2.49,3022,1395,2.17,47.67%,43.45%,0.300785,"14:54 ET"
TSLA,372.15,2026-10-05,3,Call,360.00,+2.98%,11.85,11.92,12.1,4705,2171,2.17,40.46%,23.40%,0.93643,"14:54 ET"
AMD,632.82,2026-10-09,7,Call,675.00,-6.94%,2.66,2.61,2.83,796,369,2.16,50.71%,43.42%,0.144493,"14:39 ET"
INTC,119.81,2026-10-09,7,Call,126.00,-5.11%,1.57,1.66,1.62,1600,740,2.16,64.33%,56.93%,0.282524,"14:47 ET"
NKE,33.71,2026-10-09,7,Call,35.50,-5.50%,0.15,0.16,0.18,2817,1305,2.16,36.26%,38.57%,0.174404,"14:53 ET"
ORCL,141.9,2027-12-17,441,Call,150.00,-5.85%,33.4,33.4,34.6,3194,1480,2.16,50.09%,58.06%,0.60429,"13:57 ET"
IBM,221.96,2026-10-09,7,Put,215.00,-3.16%,0.99,1.04,1.13,540,251,2.15,38.90%,29.43%,-0.204378,"14:48 ET"
KOD,93.1,2026-10-16,14,Put,90.00,-3.05%,3.9,4.2,4.5,642,298,2.15,76.61%,80.10%,-0.377584,"14:53 ET"
TSLA,372.15,2026-11-06,35,Put,350.00,-5.67%,9.7,9.74,9.85,676,315,2.15,40.46%,42.87%,-0.293688,"14:54 ET"
RKLB,73.35,2026-10-09,7,Put,74.00,+0.80%,2.96,3,3.1,1090,507,2.15,74.15%,65.16%,-0.526276,"14:50 ET"
BTDR,10.94,2026-11-20,49,Call,15.00,-36.61%,0.35,0.44,0.55,1174,546,2.15,89.31%,95.13%,0.236603,"12:17 ET"
RILY,4.88,2026-10-09,7,Call,5.00,-1.42%,0.17,0.19,0.2,1903,887,2.15,77.33%,89.74%,0.43984,"14:53 ET"
HIMS,28.69,2026-10-09,7,Call,31.00,-7.90%,0.29,0.3,0.32,2254,1047,2.15,76.28%,66.43%,0.212651,"14:45 ET"
BA,193.86,2026-10-09,7,Call,202.50,-5.30%,1.35,1.38,1.49,1662,778,2.14,36.24%,37.44%,0.243383,"14:49 ET"
NVDA,234.56,2026-10-12,10,Call,235.00,-0.26%,3.6,3.67,3.8,1717,804,2.14,32.84%,24.74%,0.497019,"14:55 ET"
HOOD,113.19,2026-10-09,7,Call,110.00,+2.98%,4.95,5.05,5.05,1754,821,2.14,59.39%,51.97%,0.664662,"14:52 ET"
WULF,15.27,2026-11-20,49,Put,12.00,-21.62%,0.48,0.48,0.5,17585,8221,2.14,80.87%,78.05%,-0.178404,"14:49 ET"
GOOGL,342.94,2026-10-05,3,Call,350.00,-2.03%,0.4,0.42,0.42,4954,2321,2.13,32.37%,19.94%,0.132494,"14:49 ET"
SOFI,15.86,2026-11-20,49,Call,16.00,-0.95%,1.2,1.21,1.22,8976,4222,2.13,50.17%,53.01%,0.533594,"14:50 ET"
AMZN,250.46,2026-10-02,0,Call,250.00,+0.18%,0.57,0.59,0.6,27346,12851,2.13,34.23%,7.73%,0.628034,"14:49 ET"
ZTS,69.95,2026-11-20,49,Call,70.00,-0.11%,4,4.2,4.4,518,243,2.13,40.62%,41.39%,0.527526,"14:12 ET"
GME,24.31,2026-10-30,28,Put,23.00,-5.81%,0.59,0.61,0.65,1007,475,2.12,48.36%,45.56%,-0.296751,"14:50 ET"
AVGO,355.46,2026-10-05,3,Call,362.50,-2.12%,0.84,0.88,0.88,1229,579,2.12,35.73%,24.44%,0.198094,"14:49 ET"
NOW,134.99,2026-10-02,0,Put,135.00,-0.21%,0.33,0.37,0.39,1556,735,2.12,53.72%,11.52%,-0.535396,"14:54 ET"
NU,13.4,2026-10-30,28,Put,12.50,-6.37%,0.45,0.49,0.54,2238,1057,2.12,56.05%,61.17%,-0.310464,"13:03 ET"
HOOD,113.19,2026-10-02,0,Put,118.00,+4.07%,4.8,4.64,5.05,3358,1583,2.12,59.39%,39.71%,-0.982738,"14:35 ET"
HOOD,113.19,2026-10-09,7,Put,118.00,+4.07%,6.2,6.1,6.4,759,359,2.11,59.39%,51.68%,-0.711842,"14:36 ET"
BE,290.39,2026-10-02,0,Put,295.00,+1.42%,4.05,5.22,6.4,1157,549,2.11,78.04%,22.98%,-0.929849,"14:41 ET"
RDDT,148.38,2026-10-09,7,Call,155.00,-4.21%,1.87,1.94,1.97,1785,847,2.11,65.38%,53.01%,0.291443,"14:55 ET"
AVGO,355.46,2026-10-05,3,Put,342.50,-3.52%,0.24,0.27,0.29,545,259,2.1,35.73%,27.91%,-0.066515,"14:41 ET"
DELL,565.33,2026-10-09,7,Call,630.00,-11.32%,1.43,1.54,1.76,551,262,2.1,58.66%,55.12%,0.083429,"14:39 ET"
SKHY,194.26,2026-10-09,7,Call,215.00,-10.85%,0.47,0.46,0.5,562,268,2.1,53.04%,50.46%,0.080812,"14:43 ET"
AAOI,115.17,2026-10-02,0,Call,113.00,+1.57%,2.3,2.46,2.6,640,305,2.1,95.42%,36.91%,0.85362,"14:46 ET"
NVO,37.28,2026-10-09,7,Call,37.50,-0.83%,0.43,0.44,0.46,665,317,2.1,34.52%,27.36%,0.435006,"14:50 ET"
TSLA,372.15,2026-10-09,7,Put,347.50,-6.35%,0.79,0.82,0.82,902,429,2.1,40.46%,37.11%,-0.089174,"14:53 ET"
AMD,632.82,2026-10-07,5,Put,600.00,-4.95%,1.7,1.77,1.83,970,463,2.1,50.71%,38.86%,-0.121986,"14:44 ET"
IBRX,10.15,2026-10-09,7,Call,10.00,+0.70%,0.6,0.65,0.75,2761,1315,2.1,100.04%,104.07%,0.578334,"14:49 ET"
TSM,472.52,2026-10-02,0,Call,470.00,+0.27%,2.25,2.33,2.4,5367,2551,2.1,32.84%,2.79%,0.999672,"14:54 ET"
BE,290.39,2026-10-09,7,Call,345.00,-18.61%,0.42,0.5,0.59,596,285,2.09,78.04%,71.50%,0.044434,"14:45 ET"
IBRX,10.15,2026-10-09,7,Call,11.00,-9.24%,0.15,0.25,0.35,652,312,2.09,100.04%,97.15%,0.30616,"14:44 ET"
GOOGL,342.94,2026-10-07,5,Call,360.00,-4.94%,0.3,0.3,0.34,812,388,2.09,32.37%,27.29%,0.067326,"14:41 ET"
CRWV,89.13,2026-10-02,0,Put,91.00,+2.01%,1.65,1.78,1.85,1894,906,2.09,74.84%,28.61%,-0.895335,"14:28 ET"
NTSK,17.89,2026-11-20,49,Call,22.50,-25.49%,0.45,0.5,0.55,2570,1227,2.09,69.93%,68.08%,0.219429,"14:44 ET"
AAPL,333.7,2026-10-05,3,Put,327.50,-1.79%,0.24,0.27,0.27,3666,1754,2.09,24.35%,17.21%,-0.102284,"14:49 ET"
TMC,3.77,2027-05-21,231,Call,5.00,-32.63%,0.76,0.79,0.82,549,264,2.08,80.14%,95.08%,0.515603,"13:12 ET"
NKE,33.71,2027-06-17,258,Call,32.50,+3.42%,4.8,5.05,5.3,606,291,2.08,36.26%,41.49%,0.594468,"14:37 ET"
SMCI,43.76,2026-10-30,28,Put,42.00,-3.54%,2.39,2.52,2.48,741,356,2.08,75.13%,69.36%,-0.374694,"13:52 ET"
MAT,14.93,2027-01-15,105,Call,15.00,-1.28%,1.4,1.55,1.8,1446,695,2.08,56.09%,51.81%,0.543292,"14:19 ET"
ON,83.57,2028-01-21,476,Call,110.00,-31.89%,15.15,16.33,16.85,3248,1560,2.08,59.49%,59.43%,0.508362,"11:42 ET"
AAPL,333.7,2026-10-02,0,Call,330.00,+1.04%,3.85,4,4,24591,11810,2.08,24.35%,14.08%,0.948283,"14:49 ET"
SPCX,158.76,2026-10-02,0,Call,155.00,+2.38%,4.35,4.42,4.4,54317,26239,2.07,47.67%,0.00%,0,"14:55 ET"
DELL,565.33,2026-10-09,7,Put,520.00,-8.12%,2.46,2.71,2.88,782,377,2.07,58.66%,53.84%,-0.123834,"14:45 ET"
VST,137.04,2026-10-02,0,Call,137.00,+0.20%,0.41,0.5,0.52,1100,531,2.07,45.79%,10.68%,0.645578,"14:34 ET"
HOOD,113.19,2026-10-09,7,Call,114.00,-0.55%,2.85,2.86,2.9,1655,801,2.07,59.39%,52.56%,0.472268,"14:54 ET"
WULF,15.27,2026-10-09,7,Call,16.00,-4.51%,0.35,0.35,0.38,1801,872,2.07,80.87%,78.71%,0.346796,"14:53 ET"
NU,13.4,2026-10-30,28,Put,14.00,+4.87%,1.16,1.24,1.27,2137,1031,2.07,56.05%,58.54%,-0.576558,"13:57 ET"
RUM,7.58,2026-10-09,7,Put,15.00,+96.34%,6.8,7.03,7.6,509,247,2.06,86.99%,222.34%,-0.982105,"09:58 ET"
ACN,199.63,2026-10-09,7,Put,200.00,+0.21%,4.5,4.66,5,585,284,2.06,43.36%,40.60%,-0.5077,"14:47 ET"
MA,553.71,2027-03-19,168,Call,590.00,-6.46%,24.7,24.8,24.8,587,285,2.06,23.03%,23.90%,0.415911,"14:50 ET"
AMD,632.82,2026-10-09,7,Put,625.00,-0.99%,10.85,11.05,11.3,601,292,2.06,50.71%,41.35%,-0.410847,"14:47 ET"
INTC,119.81,2026-10-09,7,Call,134.00,-11.78%,0.44,0.45,0.48,834,404,2.06,64.33%,60.16%,0.100458,"14:44 ET"
SBET,9.27,2026-10-09,7,Put,9.50,+2.04%,0.42,0.44,0.52,854,414,2.06,75.04%,66.90%,-0.584115,"14:12 ET"
MU,1075.75,2026-10-05,3,Put,"1,040.00",-3.18%,2.02,2.21,2.1,1452,705,2.06,48.99%,33.77%,-0.124358,"14:48 ET"
SPCX,158.76,2026-10-30,28,Call,185.00,-16.51%,1.39,1.43,1.43,1808,879,2.06,47.67%,46.43%,0.142172,"14:52 ET"
BULL,7.39,2026-10-09,7,Call,7.50,-1.21%,0.17,0.17,0.18,2378,1153,2.06,60.25%,54.58%,0.439612,"14:52 ET"
INTC,119.81,2026-10-07,5,Call,124.00,-3.44%,1.32,1.42,1.39,585,285,2.05,64.33%,51.38%,0.303973,"14:47 ET"
AMD,632.82,2027-04-16,196,Put,550.00,-12.87%,50.2,50.85,50.85,1072,522,2.05,50.71%,52.62%,-0.27475,"14:48 ET"
UBER,68.18,2026-10-02,0,Call,67.00,+1.67%,1.04,1.18,1.28,1340,655,2.05,36.91%,18.26%,0.970997,"14:54 ET"
WBD,30.94,2026-10-09,7,Call,29.00,+6.27%,1.98,1.99,2,2061,1006,2.05,2.55%,27.20%,0.961322,"10:43 ET"
CRWV,89.13,2026-10-30,28,Put,80.00,-10.32%,2.8,2.83,2.88,5758,2808,2.05,74.84%,70.05%,-0.248943,"14:46 ET"
HOOD,113.19,2026-10-09,7,Call,121.00,-6.72%,0.83,0.85,0.86,7701,3775,2.04,59.39%,53.24%,0.190475,"14:53 ET"
CCL,25.62,2026-10-16,14,Call,25.00,+2.50%,1.06,1.1,1.12,14456,7073,2.04,37.66%,36.93%,0.648663,"14:48 ET"
GEV,991.06,2028-12-15,805,Put,800.00,-19.32%,140,142.55,144.8,785,385,2.04,48.37%,50.35%,-0.22733,"14:07 ET"
PYPL,52.81,2026-10-09,7,Call,57.00,-7.93%,0.09,0.13,0.13,2549,1247,2.04,40.87%,39.27%,0.085293,"14:42 ET"
NFLX,67.07,2026-10-09,7,Call,67.00,0.00%,1.14,1.17,1.18,4573,2247,2.04,38.44%,28.61%,0.537133,"14:54 ET"
DOCN,143.31,2026-10-09,7,Put,125.00,-13.24%,0.5,0.65,0.8,519,256,2.03,85.00%,78.85%,-0.08591,"14:49 ET"
NVDA,234.56,2026-10-12,10,Put,230.00,-1.87%,1.98,2,2.09,811,400,2.03,32.84%,25.77%,-0.310053,"14:52 ET"
NKE,33.71,2026-10-16,14,Put,32.00,-4.90%,0.25,0.24,0.26,1051,519,2.03,36.26%,33.19%,-0.201424,"14:51 ET"
COIN,182.05,2026-10-02,0,Put,187.50,+3.23%,5.65,6.1,7,3849,1897,2.03,61.82%,31.72%,-0.984665,"14:39 ET"
LQDA,27.85,2026-10-09,7,Call,30.00,-4.93%,0.9,1.3,1.25,548,271,2.02,121.92%,122.13%,0.364867,"14:41 ET"
AAOI,115.17,2026-10-09,7,Call,115.00,-0.17%,5.5,5.52,5.8,1482,732,2.02,95.42%,86.09%,0.534083,"14:48 ET"
MARA,11.13,2026-10-02,0,Put,11.50,+3.32%,0.36,0.39,0.44,11618,5788,2.01,80.39%,48.19%,-0.914191,"14:53 ET"
HIMS,28.69,2026-10-09,7,Put,27.50,-4.28%,0.43,0.46,0.47,596,296,2.01,76.28%,59.58%,-0.290455,"14:52 ET"
BTDR,10.94,2026-12-18,77,Call,17.50,-59.38%,0.35,0.4,0.45,622,310,2.01,89.31%,92.06%,0.189179,"13:36 ET"
MU,1075.75,2026-10-09,7,Call,"1,180.00",-9.86%,3.2,3.23,3.3,641,319,2.01,48.99%,49.25%,0.096746,"14:49 ET"
AMD,632.82,2026-10-05,3,Put,610.00,-3.36%,0.71,0.76,0.75,709,353,2.01,50.71%,29.52%,-0.091768,"14:42 ET"
ORCL,141.9,2026-10-09,7,Call,160.00,-12.91%,0.23,0.24,0.24,4650,2316,2.01,50.09%,52.73%,0.054896,"14:54 ET"
HOOD,113.19,2026-10-16,14,Call,116.00,-2.31%,3.45,3.54,3.55,818,409,2,59.39%,53.32%,0.428149,"14:53 ET"
IBRX,10.15,2026-10-09,7,Call,10.50,-4.27%,0.4,0.44,0.5,1074,536,2,100.04%,104.36%,0.444259,"14:53 ET"
SNDK,1721.51,2026-10-02,0,Put,"1,685.00",-2.17%,0.05,0.1,0.2,1245,623,2,63.00%,20.77%,-0.01842,"14:54 ET"
INTC,119.81,2026-10-09,7,Call,121.00,-0.93%,3.2,3.32,3.3,1743,871,2,64.33%,55.78%,0.474237,"14:49 ET"
NKE,33.71,2026-10-23,21,Put,33.00,-1.93%,0.72,0.75,0.78,2100,1052,2,36.26%,33.50%,-0.379316,"14:41 ET"
CVX,207.17,2026-10-16,14,Put,202.50,-2.16%,1.95,2.06,2.09,685,344,1.99,27.48%,24.75%,-0.306387,"14:25 ET"
AVGO,355.46,2026-10-05,3,Call,350.00,+1.40%,6.65,6.9,6.8,1082,544,1.99,35.73%,24.37%,0.769557,"14:45 ET"
TSLA,372.15,2026-10-16,14,Call,372.50,-0.39%,10.5,10.47,10.6,1669,837,1.99,40.46%,36.85%,0.509864,"14:54 ET"
WULF,15.27,2026-10-09,7,Call,17.50,-14.30%,0.09,0.11,0.11,7489,3764,1.99,80.87%,82.03%,0.122253,"14:41 ET"
TSLA,372.15,2026-10-16,14,Put,370.00,-0.28%,9.6,9.71,9.75,13129,6638,1.98,40.46%,36.97%,-0.454776,"14:51 ET"
RCL,275.9,2026-12-18,77,Put,220.00,-20.03%,3.3,3.5,4.1,14026,7072,1.98,45.03%,46.26%,-0.117337,"13:48 ET"
AMD,632.82,2026-10-09,7,Call,705.00,-11.69%,0.69,0.75,0.75,583,294,1.98,50.71%,45.58%,0.044941,"13:50 ET"
AMD,632.82,2026-10-09,7,Put,615.00,-2.57%,7.15,7.25,7.45,801,405,1.98,50.71%,41.40%,-0.30607,"14:49 ET"
ALAB,352.73,2026-10-09,7,Call,410.00,-17.48%,1.04,1.46,1.82,823,416,1.98,82.65%,77.36%,0.08608,"14:17 ET"
COIN,182.05,2026-10-02,0,Put,197.50,+8.73%,15.3,16.2,17.65,1102,557,1.98,61.82%,86.55%,-0.97214,"14:46 ET"
NOW,134.99,2026-10-02,0,Put,136.00,+0.52%,1.03,1.1,1.22,1294,652,1.98,53.72%,12.71%,-0.888079,"14:51 ET"
NBIS,242.15,2026-10-09,7,Call,260.00,-7.53%,3.1,3.1,3.2,1595,807,1.98,80.14%,67.31%,0.245686,"14:53 ET"
RIVN,14.24,2026-10-23,21,Call,15.50,-9.85%,0.31,0.33,0.36,2232,1126,1.98,62.90%,56.35%,0.29528,"14:23 ET"
NKE,33.71,2029-01-19,840,Call,30.00,+10.85%,9.95,10.25,10.45,863,438,1.97,36.26%,47.75%,0.658593,"14:54 ET"
AAPL,333.7,2026-10-09,7,Put,317.50,-4.79%,0.28,0.3,0.34,1058,538,1.97,24.35%,24.32%,-0.062708,"14:47 ET"
AAOI,115.17,2026-10-09,7,Call,120.00,-4.53%,3.5,3.5,3.8,1739,881,1.97,95.42%,87.36%,0.395188,"14:49 ET"
LWLG,5.78,2026-11-20,49,Call,8.00,-37.93%,0.25,0.27,0.3,1987,1009,1.97,94.03%,101.53%,0.253284,"14:13 ET"
NBIS,242.15,2026-10-09,7,Call,270.00,-11.66%,1.6,1.71,1.66,2594,1319,1.97,80.14%,68.89%,0.143261,"14:46 ET"
SOFI,15.86,2028-12-15,805,Put,5.00,-68.45%,0.33,0.33,0.34,3190,1617,1.97,50.17%,64.38%,-0.037318,"14:47 ET"
NCLH,14.98,2026-11-20,49,Call,15.00,-0.07%,1.21,1.28,1.28,4448,2257,1.97,53.57%,55.69%,0.548442,"14:00 ET"
WULF,15.27,2026-10-23,21,Put,13.00,-15.09%,0.23,0.23,0.26,10210,5191,1.97,80.87%,71.08%,-0.163386,"12:16 ET"
TSLA,372.15,2026-10-09,7,Call,400.00,-7.80%,0.71,0.71,0.73,14078,7146,1.97,40.46%,37.36%,0.083608,"14:54 ET"
BB,9.23,2026-10-30,28,Call,11.00,-19.83%,0.14,0.14,0.17,524,267,1.96,60.42%,63.98%,0.187361,"14:47 ET"
MP,46.9,2026-10-09,7,Call,52.00,-10.92%,0.15,0.17,0.18,699,357,1.96,58.38%,55.74%,0.099409,"14:50 ET"
AMD,632.82,2026-10-05,3,Put,617.50,-2.17%,1.49,1.56,1.59,770,392,1.96,50.71%,27.78%,-0.177173,"14:46 ET"
WDC,415.33,2026-10-16,14,Call,450.00,-6.89%,8.5,8.65,9,1207,615,1.96,67.46%,62.99%,0.289414,"14:52 ET"
BE,290.39,2026-10-09,7,Put,290.00,-0.30%,10.3,10.45,10.75,1261,642,1.96,78.04%,65.93%,-0.481235,"14:49 ET"
MU,1075.75,2026-12-18,77,Put,660.00,-38.55%,2.73,2.7,2.96,1713,873,1.96,48.99%,58.59%,-0.023774,"13:55 ET"
NFLX,67.07,2029-01-19,840,Put,55.00,-17.91%,6.65,6.81,6.9,2791,1426,1.96,38.44%,39.14%,-0.224324,"14:51 ET"
BA,193.86,2026-10-02,0,Call,192.50,-0.10%,2.81,3.15,3.4,4368,2226,1.96,36.24%,36.59%,0.76099,"14:49 ET"
BAC,53.65,2026-10-16,14,Call,53.00,+1.27%,1.75,1.76,1.79,608,311,1.95,28.14%,32.94%,0.596725,"14:40 ET"
GOOGL,342.94,2026-10-09,7,Put,337.50,-1.62%,2.59,2.6,2.75,1029,529,1.95,32.37%,26.44%,-0.320971,"14:30 ET"
MU,1075.75,2026-10-16,14,Call,"1,160.00",-8.00%,13.15,13.13,13.3,1311,674,1.95,48.99%,48.20%,0.233276,"14:49 ET"
BMNR,26.11,2026-10-30,28,Call,26.50,-1.11%,1.78,2,2.2,1984,1018,1.95,71.10%,74.08%,0.51723,"13:51 ET"
VKTX,30,2026-10-02,0,Call,29.00,+3.59%,0.9,1.14,1.34,500,258,1.94,64.26%,71.93%,0.825774,"14:41 ET"
SMR,7.81,2026-10-02,0,Call,7.50,+4.21%,0.3,0.32,0.35,668,344,1.94,78.77%,60.24%,0.918447,"14:50 ET"
APLD,25.07,2026-11-20,49,Put,19.00,-24.30%,0.65,0.68,0.71,720,372,1.94,89.06%,85.30%,-0.145912,"14:34 ET"
AM,20.52,2027-01-15,105,Call,22.00,-7.47%,0.45,0.46,0.5,982,507,1.94,25.42%,23.40%,0.306755,"14:08 ET"
AAOI,115.17,2026-10-09,7,Call,130.00,-13.24%,1.35,1.4,1.45,1495,771,1.94,95.42%,90.66%,0.186944,"14:49 ET"
XOM,164.36,2026-10-09,7,Call,170.00,-3.55%,0.54,0.57,0.6,2570,1323,1.94,28.68%,25.81%,0.181349,"14:54 ET"
AVGO,355.46,2026-10-09,7,Call,360.00,-1.41%,4.5,4.56,4.6,3406,1757,1.94,35.73%,32.59%,0.405722,"14:48 ET"
INTC,119.81,2026-10-02,0,Put,125.00,+4.27%,4.9,4.91,5.1,11462,5920,1.94,64.33%,37.87%,-0.983171,"14:47 ET"
INTC,119.81,2026-10-16,14,Call,143.00,-19.29%,0.57,0.61,0.62,535,277,1.93,64.33%,63.54%,0.090274,"13:30 ET"
AMD,632.82,2026-10-30,28,Put,560.00,-11.28%,7.45,7.61,7.75,681,352,1.93,50.71%,48.14%,-0.161042,"14:48 ET"
CRWV,89.13,2026-10-09,7,Put,87.00,-2.48%,2.04,2.06,2.11,688,356,1.93,74.84%,64.05%,-0.364317,"14:39 ET"
BIDU,84.47,2026-10-09,7,Call,87.00,-3.12%,0.53,0.59,0.65,747,387,1.93,39.06%,32.05%,0.264772,"14:53 ET"
NVDA,234.56,2026-10-07,5,Call,217.50,+7.20%,16.5,17.27,17.85,801,415,1.93,32.84%,31.64%,0.980448,"14:32 ET"
TXN,294.12,2026-10-16,14,Call,305.00,-3.78%,3.75,4,4.25,1019,529,1.93,42.69%,35.19%,0.316165,"14:48 ET"
PYPL,52.81,2026-10-09,7,Put,52.00,-1.53%,0.49,0.53,0.56,1104,573,1.93,40.87%,30.29%,-0.346001,"14:37 ET"
CRWV,89.13,2026-10-02,0,Call,89.00,+0.24%,0.46,0.51,0.55,4569,2362,1.93,74.84%,17.33%,0.656259,"14:49 ET"
ASTS,58.15,2026-10-02,0,Put,58.00,-0.63%,0.22,0.32,0.38,4800,2492,1.93,78.68%,26.39%,-0.479738,"14:47 ET"
BE,290.39,2026-10-09,7,Call,325.00,-11.73%,1.5,1.65,1.73,513,267,1.92,78.04%,68.22%,0.123852,"14:37 ET"
MRVL,273.92,2026-10-09,7,Call,350.00,-28.55%,0.13,0.16,0.16,753,392,1.92,62.27%,78.85%,0.014238,"14:52 ET"
XPEV,9.24,2027-01-15,105,Put,8.00,-13.23%,0.49,0.5,0.51,1072,557,1.92,52.27%,56.36%,-0.254909,"13:32 ET"
MU,1075.75,2026-10-09,7,Put,"1,050.00",-2.24%,14.7,14.82,14.9,1530,795,1.92,48.99%,44.64%,-0.328007,"14:50 ET"
CBRS,166.44,2026-10-09,7,Put,165.00,-0.74%,4.9,5.32,5.7,1745,908,1.92,72.54%,65.03%,-0.446613,"14:46 ET"
PAAS,45.45,2026-11-20,49,Call,50.00,-10.35%,1.55,1.6,1.65,4883,2545,1.92,47.26%,48.46%,0.330633,"14:41 ET"
RKLB,73.35,2026-10-02,0,Call,73.00,+0.56%,0.4,0.4,0.46,5479,2857,1.92,74.15%,19.97%,0.619943,"14:55 ET"
SPCX,158.76,2026-10-09,7,Call,152.50,+3.96%,8.2,8.15,8.3,7965,4158,1.92,47.67%,43.42%,0.782023,"14:53 ET"
NVDA,234.56,2026-10-05,3,Call,232.50,+0.80%,2.81,2.78,2.86,10630,5531,1.92,32.84%,18.78%,0.702266,"14:54 ET"
NVDA,234.56,2026-10-12,10,Call,240.00,-2.40%,1.7,1.71,1.76,5485,2869,1.91,32.84%,24.24%,0.296929,"14:53 ET"
NVDA,234.56,2026-10-09,7,Put,232.50,-0.80%,2.45,2.49,2.48,6807,3572,1.91,32.84%,26.62%,-0.394741,"14:55 ET"
INTC,119.81,2026-10-30,28,Call,130.00,-8.44%,5.6,5.71,5.75,8065,4219,1.91,64.33%,70.98%,0.383099,"14:48 ET"
ORCL,141.9,2026-10-09,7,Call,150.00,-5.85%,1,1,1.03,8369,4375,1.91,50.09%,46.27%,0.204699,"14:54 ET"
AMZN,250.46,2026-10-09,7,Call,260.00,-3.81%,0.74,0.76,0.76,18284,9575,1.91,34.23%,26.42%,0.158522,"14:49 ET"
INTC,119.81,2026-10-16,14,Put,107.00,-10.74%,0.98,1.03,1.01,871,456,1.91,64.33%,57.22%,-0.138494,"14:31 ET"
PEP,125.75,2026-10-09,7,Call,132.00,-5.15%,0.4,0.45,0.51,1063,558,1.91,24.78%,33.43%,0.153184,"14:45 ET"
MU,1075.75,2026-10-09,7,Call,"1,110.00",-3.34%,14.15,13.81,14.3,1168,610,1.91,48.99%,45.58%,0.329474,"14:46 ET"
NVO,37.28,2026-10-09,7,Call,39.00,-4.87%,0.08,0.1,0.11,1229,645,1.91,34.52%,28.97%,0.129262,"14:27 ET"
SNAP,5.69,2026-10-16,14,Call,5.50,+3.85%,0.34,0.36,0.38,2163,1130,1.91,67.83%,54.53%,0.659122,"14:45 ET"
APP,271.87,2026-10-02,0,Put,270.00,-0.44%,0.4,0.53,0.55,2277,1194,1.91,66.13%,16.58%,-0.313957,"14:49 ET"
GEMI,4.64,2026-10-09,7,Call,5.00,-8.23%,0.1,0.17,0.2,590,310,1.9,109.74%,112.97%,0.338911,"14:49 ET"
HOOD,113.19,2026-10-30,28,Call,114.00,-0.55%,7.4,7.98,7.55,624,328,1.9,59.39%,62.21%,0.521682,"14:21 ET"
FSLR,175.98,2026-10-02,0,Call,175.00,+0.20%,0.99,0.88,1.2,640,337,1.9,54.98%,15.05%,0.740288,"14:39 ET"
WFC,80.36,2026-10-09,7,Call,84.00,-4.57%,0.11,0.11,0.16,690,364,1.9,31.49%,24.98%,0.103331,"14:43 ET"
NOW,134.99,2026-10-09,7,Put,130.00,-3.91%,1.32,1.36,1.36,888,467,1.9,53.72%,44.39%,-0.259429,"14:55 ET"
NBIS,242.15,2026-10-09,7,Call,265.00,-9.59%,2.24,2.24,2.32,999,526,1.9,80.14%,68.12%,0.189228,"14:54 ET"
NVDA,234.56,2026-10-16,14,Put,232.50,-0.80%,4.05,4.1,4.15,2061,1087,1.9,32.84%,28.31%,-0.419765,"14:50 ET"
EOSE,3.15,2026-11-20,49,Put,5.00,+58.73%,1.9,1.96,1.98,4000,2101,1.9,102.61%,112.70%,-0.821171,"10:39 ET"
BA,193.86,2026-10-09,7,Call,205.00,-6.60%,0.86,0.86,0.94,1688,894,1.89,36.24%,36.93%,0.172163,"14:50 ET"
RITM,8.76,2027-02-19,140,Call,10.00,-14.29%,0.1,0.2,0.25,1697,899,1.89,27.89%,29.15%,0.213066,"11:58 ET"
HPE,70.1,2027-01-15,105,Put,60.00,-14.19%,4.65,4.78,4.85,2572,1364,1.89,62.90%,66.24%,-0.260464,"14:50 ET"
ADBE,238.51,2026-10-09,7,Call,260.00,-9.15%,0.28,0.28,0.3,563,299,1.88,38.83%,38.12%,0.055292,"14:49 ET"
IONQ,43.94,2026-10-30,28,Call,45.00,-2.25%,2.8,2.87,3.05,1154,615,1.88,72.86%,68.75%,0.494284,"14:23 ET"
APLD,25.07,2026-10-02,0,Put,25.50,+1.59%,0.34,0.36,0.52,2007,1069,1.88,89.06%,22.02%,-0.947473,"14:00 ET"
AMD,632.82,2026-11-20,49,Call,850.00,-34.66%,5.35,5.6,5.6,2089,1109,1.88,50.71%,56.61%,0.096525,"14:18 ET"
NVDA,234.56,2026-10-16,14,Call,232.50,+0.80%,6.35,6.4,6.45,10759,5712,1.88,32.84%,28.30%,0.581908,"14:49 ET"
GOOGL,342.94,2026-10-09,7,Call,367.50,-7.13%,0.32,0.37,0.36,507,271,1.87,32.37%,30.74%,0.055635,"14:16 ET"
AAPL,333.7,2026-10-12,10,Call,335.00,-0.46%,3.65,4,4,517,277,1.87,24.35%,19.00%,0.477479,"14:49 ET"
MSFT,515.18,2026-10-07,5,Call,535.00,-3.88%,0.41,0.46,0.5,506,272,1.86,29.10%,22.31%,0.076101,"14:28 ET"
BMNR,26.11,2026-10-09,7,Call,26.50,-1.11%,0.75,0.76,0.8,555,298,1.86,71.10%,65.51%,0.455277,"14:52 ET"
TGT,155.06,2026-12-18,77,Put,145.00,-6.41%,5.45,5.5,5.7,811,435,1.86,36.03%,36.33%,-0.306981,"14:48 ET"
TSLA,372.15,2026-10-09,7,Put,357.50,-3.65%,2.11,2.17,2.16,969,522,1.86,40.46%,35.45%,-0.203763,"14:53 ET"
BE,290.39,2026-10-09,7,Call,310.00,-6.58%,3.65,3.84,4,1070,574,1.86,78.04%,66.69%,0.250459,"14:49 ET"
RBLX,43.99,2026-10-02,0,Call,43.00,+2.36%,0.83,0.98,1.25,1222,656,1.86,72.20%,43.33%,0.838059,"14:47 ET"
TTD,11.9,2026-10-09,7,Call,12.50,-4.78%,0.12,0.12,0.13,1525,819,1.86,69.01%,51.06%,0.255998,"14:48 ET"
MRNA,188.43,2026-10-09,7,Call,197.50,-5.38%,4.3,4.1,4.65,4712,2532,1.86,88.91%,75.51%,0.354582,"14:44 ET"
APP,271.87,2026-10-16,14,Put,275.00,+1.40%,12.5,12.8,13.3,672,364,1.85,66.13%,51.78%,-0.531655,"14:45 ET"
MU,1075.75,2026-10-09,7,Put,970.00,-9.69%,1.69,1.86,1.77,841,454,1.85,48.99%,48.42%,-0.055013,"14:46 ET"
HNGE,97.42,2026-10-16,14,Call,105.00,-7.86%,1.5,1.6,1.7,932,504,1.85,62.10%,55.80%,0.262325,"14:46 ET"
SKHY,194.26,2026-10-09,7,Put,190.00,-2.04%,2.93,3.03,2.97,960,518,1.85,53.04%,45.84%,-0.345207,"14:53 ET"
ASTS,58.15,2026-10-09,7,Call,59.00,-1.08%,1.77,1.79,1.88,1428,773,1.85,78.68%,69.90%,0.454153,"14:47 ET"
DELL,565.33,2026-10-09,7,Call,600.00,-6.02%,5.05,5.3,5.5,1537,830,1.85,58.66%,54.09%,0.224011,"14:48 ET"
NKE,33.71,2027-03-19,168,Put,27.50,-18.28%,1.05,1.04,1.13,1699,916,1.85,36.26%,40.30%,-0.187392,"14:45 ET"
PSKY,9.23,2026-11-20,49,Call,12.00,-32.89%,0.1,0.15,0.19,2440,1320,1.85,61.03%,61.22%,0.148803,"14:29 ET"
PLTR,189.62,2026-10-09,7,Put,180.00,-5.10%,0.91,0.91,0.93,3010,1624,1.85,50.57%,39.93%,-0.162034,"14:54 ET"
BA,193.86,2026-10-02,0,Call,197.50,-2.70%,0.3,0.3,0.38,4977,2692,1.85,36.24%,28.86%,0.207494,"14:50 ET"
VALE,13.6,2026-10-09,7,Put,13.50,-0.44%,0.31,0.33,0.35,5247,2842,1.85,40.16%,49.25%,-0.452398,"14:24 ET"
NKE,33.71,2029-01-19,840,Call,40.00,-18.87%,6.3,6.5,6.6,566,308,1.84,36.26%,44.96%,0.498018,"14:43 ET"
NVDA,234.56,2026-10-07,5,Call,225.00,+4.00%,9.75,9.85,10.2,734,400,1.84,32.84%,27.99%,0.902215,"14:39 ET"
HOOD,113.19,2026-10-16,14,Call,114.00,-0.55%,4.25,4.3,4.4,745,404,1.84,59.39%,53.16%,0.494078,"14:47 ET"
NKE,33.71,2026-11-20,49,Call,32.50,+3.42%,2.52,2.58,2.63,1141,619,1.84,36.26%,39.92%,0.623101,"14:54 ET"
PBR,21.52,2026-10-09,7,Put,20.50,-4.47%,0.39,0.45,0.45,1837,997,1.84,54.25%,73.74%,-0.288393,"14:38 ET"
BMNR,26.11,2026-10-09,7,Call,27.00,-3.01%,0.57,0.59,0.61,1849,1004,1.84,71.10%,65.86%,0.375912,"14:51 ET"
MU,1075.75,2026-10-09,7,Call,"1,160.00",-8.00%,4.85,4.88,5,548,299,1.83,48.99%,47.85%,0.139543,"14:49 ET"
OPEN,2.45,2026-11-06,35,Call,3.00,-22.95%,0.1,0.15,0.13,556,304,1.83,88.14%,94.49%,0.294642,"13:26 ET"
MCD,231.9,2026-12-18,77,Call,235.00,-1.54%,8.75,8.6,8.95,889,485,1.83,22.59%,23.75%,0.478167,"14:30 ET"
SPCX,158.76,2026-10-16,14,Put,143.00,-9.94%,0.7,0.71,0.72,2806,1536,1.83,47.67%,45.64%,-0.101142,"14:49 ET"
RKT,11.81,2026-10-09,7,Call,12.00,-1.95%,0.27,0.3,0.32,2982,1627,1.83,63.68%,57.95%,0.438508,"14:49 ET"
GOOG,339.74,2026-10-09,7,Call,350.00,-2.97%,1.58,1.65,1.64,6433,3509,1.83,32.11%,27.08%,0.223285,"14:47 ET"
NBIS,242.15,2026-10-09,7,Put,235.00,-2.81%,5.45,5.7,5.6,587,322,1.82,80.14%,67.31%,-0.346278,"14:46 ET"
QBTS,16.04,2026-10-09,7,Call,16.50,-2.23%,0.36,0.37,0.37,1240,681,1.82,70.03%,61.27%,0.395998,"14:53 ET"
INTC,119.81,2026-10-09,7,Put,115.00,-4.07%,1.56,1.61,1.61,3746,2054,1.82,64.33%,54.69%,-0.273172,"14:49 ET"
RVMD,206.51,2026-10-16,14,Put,200.00,-2.85%,4,4.9,5,502,277,1.81,48.17%,46.04%,-0.344567,"14:44 ET"
CMCSA,21.55,2026-10-30,28,Call,24.00,-12.04%,0.15,0.16,0.18,573,316,1.81,34.93%,36.58%,0.151959,"14:26 ET"
AMKR,55.99,2028-01-21,476,Call,80.00,-42.83%,11.3,11.57,11.9,614,339,1.81,70.23%,69.48%,0.499522,"14:28 ET"
RTX,184.75,2026-10-09,7,Call,190.00,-2.97%,0.56,0.62,0.69,656,363,1.81,27.66%,23.07%,0.194172,"14:49 ET"
RKLB,73.35,2026-10-16,14,Call,82.00,-11.70%,1.12,1.33,1.24,678,374,1.81,74.15%,68.60%,0.222186,"14:18 ET"
NVDA,234.56,2026-10-12,10,Call,245.00,-4.53%,0.66,0.67,0.7,726,401,1.81,32.84%,23.97%,0.144756,"14:46 ET"
RKLB,73.35,2026-10-09,7,Call,81.00,-10.34%,0.5,0.53,0.59,733,405,1.81,74.15%,68.49%,0.156375,"14:51 ET"
GOOG,339.74,2026-10-09,7,Put,337.50,-0.71%,3.7,3.7,3.85,820,452,1.81,32.11%,26.07%,-0.416153,"14:48 ET"
BAC,53.65,2026-10-23,21,Put,54.00,+0.60%,1.59,1.7,1.75,948,525,1.81,28.14%,29.94%,-0.511869,"13:15 ET"
AMAT,537.08,2026-10-16,14,Put,540.00,+0.42%,22.6,23.3,24.1,1003,554,1.81,56.78%,52.83%,-0.496042,"14:45 ET"
MSFT,515.18,2026-10-05,3,Put,500.00,-2.92%,0.15,0.17,0.2,1042,575,1.81,29.10%,19.58%,-0.046081,"14:50 ET"
MSFT,515.18,2026-10-05,3,Call,530.00,-2.91%,0.16,0.18,0.19,1043,576,1.81,29.10%,18.82%,0.04822,"14:49 ET"
NKE,33.71,2026-10-23,21,Call,36.00,-6.98%,0.36,0.4,0.43,1646,909,1.81,36.26%,36.36%,0.23829,"14:43 ET"
NFLX,67.07,2026-10-23,21,Call,72.00,-7.46%,1.43,1.44,1.46,2274,1256,1.81,38.44%,49.22%,0.303842,"14:51 ET"
RTX,184.75,2026-12-18,77,Call,220.00,-19.23%,0.93,1.1,1.35,2605,1441,1.81,27.66%,28.14%,0.105169,"14:09 ET"
BMNR,26.11,2026-10-09,7,Call,28.00,-6.83%,0.3,0.34,0.35,3498,1932,1.81,71.10%,66.55%,0.239885,"14:45 ET"
HD,283.66,2026-10-16,14,Call,295.00,-4.12%,2,2.01,2.13,622,346,1.8,30.32%,27.39%,0.23739,"14:51 ET"
AMZN,250.46,2026-10-09,7,Call,255.00,-1.82%,1.79,1.82,1.85,7017,3891,1.8,34.23%,26.08%,0.3169,"14:49 ET"
SMCI,43.76,2026-10-02,0,Call,43.00,+1.24%,0.67,0.72,0.77,16214,8993,1.8,75.13%,12.83%,0.994785,"14:54 ET"
AAPL,333.7,2026-10-02,0,Put,335.00,+0.46%,1.2,1.23,1.25,14787,8275,1.79,24.35%,7.73%,-0.788048,"14:49 ET"
META,727.71,2026-10-09,7,Put,685.00,-5.98%,1.44,1.53,1.53,520,291,1.79,38.26%,33.50%,-0.09263,"14:50 ET"
CRWV,89.13,2026-10-02,0,Put,92.00,+3.13%,2.65,2.8,2.84,605,338,1.79,74.84%,39.45%,-0.925311,"14:37 ET"
QURE,23.46,2026-10-16,14,Call,27.00,-15.19%,0.4,0.44,0.55,609,340,1.79,94.67%,84.42%,0.227952,"14:54 ET"
META,727.71,2026-10-05,3,Put,727.50,-0.14%,5.9,5.9,6.05,639,357,1.79,38.26%,22.45%,-0.500297,"14:50 ET"
SAIL,19.98,2026-12-18,77,Put,17.50,-12.63%,1.2,1.36,1.45,1177,657,1.79,68.50%,70.95%,-0.276483,"14:38 ET"
NB,3.46,2026-10-02,0,Call,0.50,+85.55%,2.9,3.02,3.1,754,424,1.78,76.57%,0.00%,0,"10:05 ET"
BE,290.39,2026-10-09,7,Call,300.00,-3.14%,6.35,6.62,6.9,2783,1567,1.78,78.04%,66.76%,0.375444,"14:49 ET"
MU,1075.75,2026-10-02,0,Call,"1,070.00",+0.38%,7.15,7.25,7.4,8148,4578,1.78,48.99%,12.26%,0.836628,"14:50 ET"
NFLX,67.07,2026-10-02,0,Put,68.00,+1.49%,0.73,0.8,0.89,10886,6100,1.78,38.44%,14.19%,-0.961438,"14:53 ET"
SPCX,158.76,2026-10-02,0,Call,152.50,+3.96%,6.85,6.72,6.9,27187,15310,1.78,47.67%,0.00%,0,"14:53 ET"
POET,7.8,2026-10-30,28,Call,10.00,-28.21%,0.12,0.14,0.14,614,346,1.77,80.57%,79.75%,0.158255,"12:53 ET"
GOOGL,342.94,2026-10-05,3,Call,337.50,+1.62%,6,7,6.35,682,386,1.77,32.37%,20.93%,0.803946,"13:49 ET"
BE,290.39,2026-10-09,7,Call,305.00,-4.86%,4.8,5.13,5.3,686,388,1.77,78.04%,66.54%,0.309158,"14:42 ET"
META,727.71,2026-10-02,0,Put,737.50,+1.23%,9.5,9.4,10.5,700,395,1.77,38.26%,13.30%,-0.986387,"14:43 ET"
MGM,30.61,2028-01-21,476,Put,35.00,+15.28%,6.5,6.9,6.9,835,471,1.77,39.87%,34.89%,-0.542733,"14:50 ET"
HIMS,28.69,2026-10-09,7,Call,29.00,-0.94%,0.85,0.91,0.9,865,489,1.77,76.28%,64.34%,0.46911,"14:50 ET"
MT,64.1,2026-12-18,77,Call,75.00,-17.06%,1.65,1.87,1.9,1000,565,1.77,43.42%,43.28%,0.255246,"11:28 ET"
GOOGL,342.94,2026-10-09,7,Put,327.50,-4.53%,0.67,0.72,0.77,1198,678,1.77,32.37%,27.88%,-0.110677,"14:47 ET"
NVDA,234.56,2026-10-09,7,Call,222.50,+5.07%,12.5,12.62,12.7,1422,805,1.77,32.84%,29.89%,0.9043,"14:41 ET"
CRWV,89.13,2026-10-09,7,Put,90.00,+0.89%,3.45,3.52,3.55,1446,819,1.77,74.84%,64.13%,-0.514236,"14:49 ET"
CRCL,80.4,2027-04-16,196,Put,70.00,-13.13%,10,10.2,10.6,1878,1064,1.77,69.39%,72.02%,-0.288139,"14:40 ET"
CCL,25.62,2026-11-20,49,Call,29.00,-13.10%,0.39,0.44,0.43,2620,1481,1.77,37.66%,38.46%,0.213214,"13:49 ET"
TSM,472.52,2026-10-09,7,Put,450.00,-4.51%,0.95,0.96,0.99,804,456,1.76,32.84%,28.75%,-0.105889,"14:53 ET"
CRWV,89.13,2026-10-09,7,Put,86.00,-3.60%,1.66,1.62,1.73,1338,761,1.76,74.84%,63.89%,-0.316177,"14:45 ET"
BABA,106.06,2026-10-09,7,Put,104.00,-1.85%,1,1.04,1.04,2880,1636,1.76,38.67%,32.14%,-0.323294,"14:37 ET"
TSLA,372.15,2026-10-09,7,Put,350.00,-5.67%,1.01,1.03,1.03,4384,2497,1.76,40.46%,36.49%,-0.110082,"14:54 ET"
GOOGL,342.94,2026-10-09,7,Call,350.00,-2.03%,2.44,2.5,2.54,9895,5654,1.75,32.37%,27.34%,0.306048,"14:49 ET"
CIFR,15.52,2026-10-16,14,Put,13.50,-13.07%,0.25,0.25,0.26,595,340,1.75,92.98%,83.01%,-0.174273,"14:39 ET"
AMD,632.82,2026-10-30,28,Call,635.00,-0.60%,32.05,32.17,32.6,663,378,1.75,50.71%,47.30%,0.519297,"14:31 ET"
GOOGL,342.94,2026-10-05,3,Put,345.00,+0.57%,3.25,3.44,3.6,736,421,1.75,32.37%,18.10%,-0.640343,"14:31 ET"
AMD,632.82,2026-10-09,7,Call,680.00,-7.73%,2.14,2.17,2.22,764,436,1.75,50.71%,43.59%,0.119318,"14:49 ET"
SMCI,43.76,2026-10-09,7,Put,42.00,-3.54%,0.78,0.81,0.83,788,451,1.75,75.13%,64.55%,-0.306843,"14:43 ET"
PBR,21.52,2026-10-09,7,Call,23.00,-7.18%,0.35,0.36,0.37,935,533,1.75,54.25%,72.66%,0.281126,"14:54 ET"
META,727.71,2026-10-05,3,Call,725.00,+0.48%,7,7.35,7.45,1231,704,1.75,38.26%,22.69%,0.567479,"14:48 ET"
NFLX,67.07,2026-10-23,21,Call,73.00,-8.96%,1.19,1.22,1.21,1329,761,1.75,38.44%,49.22%,0.264244,"14:53 ET"
PLTR,189.62,2026-10-09,7,Put,182.50,-3.78%,1.37,1.4,1.41,1675,958,1.75,50.57%,39.22%,-0.226964,"14:54 ET"
MRNA,188.43,2026-10-02,0,Put,190.00,+1.38%,1.5,1.75,1.68,2047,1167,1.75,88.91%,21.62%,-0.714602,"14:51 ET"
LULU,94.54,2026-11-20,49,Call,100.00,-6.10%,3.8,3.9,4,2273,1298,1.75,41.83%,42.49%,0.403717,"14:54 ET"
GME,24.31,2026-10-09,7,Call,24.50,-0.33%,0.63,0.65,0.66,3874,2211,1.75,48.36%,50.45%,0.496391,"14:49 ET"
APP,271.87,2026-10-02,0,Put,272.50,+0.48%,1.35,1.88,2,637,366,1.74,66.13%,14.23%,-0.754631,"14:36 ET"
MU,1075.75,2026-10-23,21,Call,"1,200.00",-11.72%,13.2,13.56,13.8,964,555,1.74,48.99%,49.32%,0.200479,"14:47 ET"
BULL,7.39,2026-10-02,0,Put,7.50,+1.21%,0.07,0.1,0.15,1132,649,1.74,60.25%,27.79%,-0.850041,"14:43 ET"
BABA,106.06,2026-10-09,7,Call,107.00,-0.98%,1.52,1.59,1.59,1560,896,1.74,38.67%,34.01%,0.432804,"14:49 ET"
TSLA,372.15,2026-10-07,5,Call,400.00,-7.80%,0.3,0.32,0.32,1590,916,1.74,40.46%,36.86%,0.047388,"14:54 ET"
META,727.71,2026-10-23,21,Call,730.00,-0.20%,22.75,23,23.55,548,317,1.73,38.26%,34.19%,0.50746,"14:48 ET"
FLY,23.65,2027-01-15,105,Put,17.50,-25.85%,1.4,1.52,1.65,666,386,1.73,90.15%,90.21%,-0.18982,"11:55 ET"
UNH,369.77,2026-10-09,7,Put,355.00,-3.70%,1.78,2.16,2.02,765,443,1.73,40.62%,34.75%,-0.189686,"14:35 ET"
CEG,254.84,2026-10-02,0,Put,255.00,+0.13%,0.4,1.21,1.85,814,470,1.73,46.36%,24.17%,-0.45794,"14:48 ET"
NKE,33.71,2026-10-16,14,Call,35.00,-4.01%,0.43,0.46,0.48,9167,5294,1.73,36.26%,35.96%,0.309542,"14:53 ET"
VST,137.04,2027-06-17,258,Call,135.00,+1.66%,24,24.4,24.7,522,304,1.72,45.79%,48.01%,0.617623,"14:34 ET"
HOOD,113.19,2026-10-16,14,Call,117.00,-3.19%,3.1,3.15,3.2,732,426,1.72,59.39%,53.57%,0.396823,"14:53 ET"
DIS,102.35,2026-10-09,7,Call,104.00,-1.73%,0.56,0.68,0.7,771,447,1.72,28.95%,22.55%,0.311412,"14:55 ET"
NBIS,242.15,2026-10-09,7,Call,255.00,-5.46%,4.25,4.25,4.4,799,464,1.72,80.14%,66.72%,0.313867,"14:53 ET"
TSLA,372.15,2026-10-09,7,Put,352.50,-5.00%,1.3,1.34,1.33,991,576,1.72,40.46%,36.12%,-0.136608,"14:54 ET"
CNC,62.74,2026-10-09,7,Call,64.00,-2.40%,0.88,1.06,1.29,1216,707,1.72,47.96%,46.17%,0.395533,"14:48 ET"
HOOD,113.19,2026-10-09,7,Put,111.00,-2.10%,2.23,2.25,2.26,1436,834,1.72,59.39%,51.59%,-0.382309,"14:55 ET"
RKLB,73.35,2026-10-09,7,Call,75.00,-2.17%,1.88,1.89,1.94,4448,2579,1.72,74.15%,65.62%,0.416547,"14:55 ET"
SMCI,43.76,2026-12-18,77,Put,25.00,-42.58%,0.32,0.35,0.37,4831,2813,1.72,75.13%,81.50%,-0.044394,"14:21 ET"
CRCL,80.4,2027-06-17,258,Call,135.00,-67.54%,7.9,8.1,8.2,694,406,1.71,69.39%,75.60%,0.326238,"14:26 ET"
PBR,21.52,2026-10-09,7,Put,21.50,+0.19%,0.81,0.87,0.86,1759,1030,1.71,54.25%,73.89%,-0.463474,"14:19 ET"
MARA,11.13,2026-10-02,0,Put,12.00,+7.82%,0.87,0.92,0.94,10887,6361,1.71,80.39%,96.98%,-0.93394,"14:44 ET"
NOK,10.57,2026-10-09,7,Call,11.00,-4.27%,0.13,0.14,0.14,8034,4713,1.7,59.40%,50.13%,0.300238,"14:55 ET"
RTX,184.75,2026-10-09,7,Put,185.00,+0.26%,2.18,2.22,2.46,513,301,1.7,27.66%,21.39%,-0.514126,"12:06 ET"
META,727.71,2026-10-05,3,Call,765.00,-5.01%,0.12,0.13,0.14,761,448,1.7,38.26%,26.94%,0.020075,"14:39 ET"
YOU,41.52,2026-10-16,14,Call,45.00,-8.91%,0.25,0.4,0.45,926,545,1.7,59.94%,43.55%,0.187374,"14:27 ET"
XYZ,74.85,2026-10-09,7,Put,71.00,-5.11%,0.34,0.35,0.39,941,553,1.7,47.26%,39.89%,-0.162951,"14:54 ET"
ASTS,58.15,2026-10-09,7,Put,57.00,-2.35%,1.6,1.64,1.68,996,586,1.7,78.68%,67.13%,-0.402909,"14:48 ET"
RITM,8.76,2026-11-20,49,Put,8.00,-8.57%,0.05,0.1,0.15,2097,1230,1.7,27.89%,27.33%,-0.195403,"11:58 ET"
AAPL,333.7,2026-10-07,5,Call,340.00,-1.96%,0.9,0.91,0.93,2417,1419,1.7,24.35%,18.99%,0.217823,"14:49 ET"
PLTR,189.62,2026-10-09,7,Put,185.00,-2.46%,2.04,2.05,2.08,4688,2761,1.7,50.57%,38.76%,-0.307364,"14:54 ET"
UNH,369.77,2026-12-18,77,Call,460.00,-24.78%,1.97,1.94,2.17,730,433,1.69,40.62%,32.59%,0.086183,"14:34 ET"
AMD,632.82,2026-10-09,7,Put,600.00,-4.95%,3.55,3.6,3.75,1238,734,1.69,50.71%,42.15%,-0.178131,"14:43 ET"
RKLB,73.35,2026-10-09,7,Call,76.00,-3.53%,1.53,1.61,1.61,1411,833,1.69,74.15%,65.98%,0.36165,"14:49 ET"
CBRS,166.44,2026-10-02,0,Put,167.50,+0.76%,1.1,1.72,2.3,3669,2173,1.69,72.54%,27.25%,-0.700528,"14:48 ET"
NVDA,234.56,2026-10-09,7,Call,252.50,-7.73%,0.1,0.1,0.11,4172,2474,1.69,32.84%,27.89%,0.030273,"14:53 ET"
CLSK,12.48,2026-10-02,0,Put,13.00,+3.50%,0.46,0.52,0.55,1889,1127,1.68,78.82%,47.73%,-0.954502,"14:47 ET"
TSLA,372.15,2026-10-09,7,Call,367.50,+0.96%,9.5,9.5,9.65,1384,827,1.67,40.46%,35.05%,0.606606,"14:52 ET"
RGTI,15.31,2026-10-09,7,Call,16.00,-4.03%,0.28,0.3,0.29,1497,897,1.67,71.57%,63.07%,0.33626,"14:43 ET"
NBIS,242.15,2026-10-09,7,Put,230.00,-4.88%,3.75,3.82,3.85,1645,984,1.67,80.14%,67.01%,-0.264766,"14:54 ET"
AMZN,250.46,2026-10-05,3,Put,247.50,-1.18%,0.58,0.61,0.62,2599,1559,1.67,34.23%,18.38%,-0.241839,"14:47 ET"
NFLX,67.07,2026-10-30,28,Put,74.00,+10.45%,7.7,8.24,8.1,516,311,1.66,38.44%,46.50%,-0.753354,"13:36 ET"
MP,46.9,2026-10-02,0,Call,47.00,-0.26%,0.09,0.19,0.15,879,530,1.66,58.38%,16.10%,0.420993,"14:49 ET"
AMD,632.82,2026-10-09,7,Put,590.00,-6.53%,2.18,2.28,2.29,1008,609,1.66,50.71%,43.09%,-0.117907,"14:45 ET"
CIFR,15.52,2026-10-02,0,Put,18.00,+15.90%,2.22,2.6,2.71,1011,608,1.66,92.98%,227.63%,-0.886442,"13:22 ET"
AGNC,8.88,2026-10-23,21,Put,9.00,+1.47%,0.29,0.33,0.32,2036,1228,1.66,29.78%,27.69%,-0.570005,"13:36 ET"
ENOV,17.98,2027-04-16,196,Call,22.50,-25.21%,2.4,2.5,2.6,2064,1240,1.66,77.17%,72.87%,0.457152,"14:53 ET"
GOOG,339.74,2026-10-09,7,Call,345.00,-1.49%,2.87,2.95,2.94,2289,1377,1.66,32.11%,26.69%,0.35061,"14:48 ET"
BAC,53.65,2026-10-09,7,Call,54.00,-0.60%,0.61,0.63,0.63,2653,1600,1.66,28.14%,25.27%,0.447818,"14:49 ET"
HIMS,28.69,2026-10-09,7,Call,32.00,-11.38%,0.17,0.18,0.18,2674,1607,1.66,76.28%,68.22%,0.133511,"14:54 ET"
TSLA,372.15,2026-10-30,28,Call,435.00,-17.23%,2.5,2.59,2.56,509,308,1.65,40.46%,44.72%,0.118027,"14:47 ET"
SKHY,194.26,2027-01-15,105,Call,280.00,-44.37%,4.35,4.71,5.2,651,394,1.65,53.04%,58.77%,0.167717,"13:39 ET"
TSLA,372.15,2026-10-12,10,Call,365.00,+1.63%,11.5,11.78,11.9,738,446,1.65,40.46%,31.60%,0.652213,"14:51 ET"
PL,17.53,2026-10-09,7,Call,18.00,-3.45%,0.4,0.4,0.45,864,524,1.65,67.86%,68.60%,0.386069,"14:55 ET"
P,140.1,2027-05-21,231,Call,145.00,-3.72%,28.8,30,30.7,1000,606,1.65,68.16%,68.50%,0.602807,"14:40 ET"
LQDA,27.85,2028-01-21,476,Call,30.00,-4.93%,8.7,10.5,12.5,602,366,1.64,121.92%,88.05%,0.687191,"13:49 ET"
CRCL,80.4,2026-10-02,0,Put,82.00,+1.76%,1.39,1.57,1.74,1329,812,1.64,69.39%,22.01%,-0.962702,"14:48 ET"
COIN,182.05,2026-10-09,7,Call,220.00,-21.12%,0.1,0.1,0.16,1510,918,1.64,61.82%,67.51%,0.021373,"14:48 ET"
GOOG,339.74,2026-10-09,7,Call,340.00,-0.02%,4.9,4.95,5.1,2515,1534,1.64,32.11%,26.88%,0.504613,"14:48 ET"
MU,1075.75,2026-10-05,3,Call,"1,200.00",-11.72%,0.12,0.12,0.14,4578,2789,1.64,48.99%,49.31%,0.008237,"14:49 ET"
NFLX,67.07,2026-10-09,7,Call,69.00,-2.99%,0.4,0.41,0.42,5768,3515,1.64,38.44%,28.75%,0.259175,"14:53 ET"
TSLA,372.15,2026-10-02,0,Put,385.00,+3.76%,13.35,13.03,13.95,538,330,1.63,40.46%,47.40%,-0.922855,"14:05 ET"
COIN,182.05,2026-10-02,0,Put,192.50,+5.98%,10.8,11.55,12.65,2006,1230,1.63,61.82%,86.61%,-0.909004,"14:43 ET"
PYPL,52.81,2026-10-09,7,Call,55.00,-4.15%,0.24,0.29,0.29,2205,1356,1.63,40.87%,33.46%,0.198661,"14:54 ET"
GME,24.31,2026-10-09,7,Call,25.50,-4.42%,0.32,0.35,0.36,2766,1701,1.63,48.36%,55.09%,0.29921,"14:49 ET"
APP,271.87,2026-10-09,7,Call,290.00,-6.94%,1.8,1.96,2.1,554,341,1.62,66.13%,52.17%,0.187634,"14:45 ET"
MSFT,515.18,2026-10-05,3,Put,512.50,-0.49%,1.88,1.94,2.02,583,360,1.62,29.10%,16.54%,-0.365844,"14:49 ET"
COIN,182.05,2026-10-09,7,Call,215.00,-18.37%,0.23,0.25,0.31,854,528,1.62,61.82%,68.66%,0.040139,"14:43 ET"
NEM,115.37,2027-03-19,168,Put,115.00,-0.15%,11.6,12,12.25,1216,749,1.62,40.39%,41.44%,-0.42568,"14:49 ET"
CRWD,268.34,2026-10-09,7,Put,250.00,-6.79%,1.15,1.21,1.24,1314,813,1.62,51.71%,46.86%,-0.132695,"14:49 ET"
AVGO,355.46,2026-10-16,14,Call,375.00,-5.64%,3,3.02,3.1,1685,1037,1.62,35.73%,34.15%,0.228335,"14:42 ET"
CRCL,80.4,2026-10-09,7,Call,90.00,-11.69%,0.4,0.42,0.43,3769,2320,1.62,69.39%,66.25%,0.119067,"14:48 ET"
INTC,119.81,2026-10-12,10,Call,125.00,-4.27%,2.1,2.25,2.26,534,332,1.61,64.33%,51.84%,0.335134,"14:08 ET"
AAOI,115.17,2026-10-09,7,Call,121.00,-5.40%,3.2,3.3,3.5,740,461,1.61,95.42%,87.96%,0.370215,"14:44 ET"
HOOD,113.19,2026-10-09,7,Put,116.00,+2.31%,4.85,4.9,5,901,560,1.61,59.39%,51.90%,-0.624239,"14:51 ET"
HPE,70.1,2026-10-02,0,Call,70.00,-0.11%,0.26,0.31,0.34,7363,4568,1.61,62.90%,14.45%,0.621521,"14:54 ET"
INTC,119.81,2026-10-09,7,Call,125.00,-4.27%,1.83,1.82,1.88,8660,5412,1.6,64.33%,56.71%,0.31689,"14:49 ET"
NKE,33.71,2027-01-15,105,Call,35.00,-4.01%,2.32,2.35,2.4,9849,6144,1.6,36.26%,40.90%,0.468984,"14:54 ET"
APP,271.87,2026-10-16,14,Call,290.00,-6.94%,4.5,4.6,4.8,528,329,1.6,66.13%,53.12%,0.280395,"14:45 ET"
GLW,163.66,2026-10-02,0,Put,162.50,-0.64%,0.17,0.23,0.33,663,414,1.6,59.19%,18.92%,-0.257097,"14:48 ET"
ASTS,58.15,2026-10-09,7,Call,64.00,-9.65%,0.5,0.55,0.59,989,617,1.6,78.68%,72.68%,0.180041,"14:45 ET"
ALAB,352.73,2026-10-02,0,Call,365.00,-4.58%,0.01,0.1,0.3,1083,676,1.6,82.65%,42.01%,0.048838,"14:46 ET"
C,128.4,2026-10-02,0,Call,127.00,+1.14%,1.45,1.5,1.72,1252,782,1.6,31.78%,16.92%,0.915588,"14:34 ET"
IONQ,43.94,2026-10-02,0,Put,44.00,-0.02%,0.18,0.21,0.21,1535,958,1.6,72.86%,18.16%,-0.552312,"14:51 ET"
NKE,33.71,2026-10-30,28,Call,36.00,-6.98%,0.49,0.56,0.55,1547,967,1.6,36.26%,35.73%,0.268067,"14:54 ET"
TSLA,372.15,2026-10-05,3,Put,352.50,-5.00%,0.12,0.13,0.13,2175,1361,1.6,40.46%,31.45%,-0.030122,"14:52 ET"
MSFT,515.18,2026-10-02,0,Call,512.50,+0.49%,2.44,2.85,2.88,2187,1364,1.6,29.10%,8.37%,0.870129,"14:50 ET"
BMNR,26.11,2026-10-02,0,Call,26.00,+0.80%,0.16,0.19,0.19,2372,1487,1.6,71.10%,20.95%,0.64987,"14:53 ET"
META,727.71,2026-10-02,0,Call,725.00,+0.48%,2.7,2.7,2.85,2817,1757,1.6,38.26%,9.13%,0.743118,"14:50 ET"
MU,1075.75,2026-10-05,3,Call,"1,165.00",-8.46%,0.33,0.32,0.35,516,325,1.59,48.99%,42.72%,0.022187,"14:44 ET"
SLS,11.53,2026-10-09,7,Call,11.50,+0.61%,0.5,0.64,0.75,523,328,1.59,162.62%,93.59%,0.54143,"14:36 ET"
INTC,119.81,2026-10-09,7,Call,131.00,-9.28%,0.72,0.75,0.76,567,356,1.59,64.33%,58.85%,0.151159,"14:47 ET"
COIN,182.05,2026-10-09,7,Put,175.00,-3.66%,2.63,2.67,2.73,740,465,1.59,61.82%,52.99%,-0.304168,"14:48 ET"
RH,120.64,2026-10-16,14,Put,110.00,-9.00%,1.35,1.73,1.9,791,496,1.59,63.67%,59.80%,-0.195945,"14:39 ET"
V,360.96,2026-10-09,7,Call,380.00,-5.25%,0.1,0.1,0.13,815,513,1.59,22.19%,19.50%,0.030639,"14:52 ET"
MU,1075.75,2026-11-20,49,Call,"1,380.00",-28.48%,12.75,14.3,13.3,1024,645,1.59,48.99%,54.40%,0.131426,"12:40 ET"
RKT,11.81,2026-10-02,0,Put,13.00,+10.45%,1.08,1.2,1.37,1181,744,1.59,63.68%,132.21%,-0.914634,"14:54 ET"
WDC,415.33,2026-11-20,49,Call,500.00,-18.77%,16.95,16.98,17.9,1237,778,1.59,67.46%,71.20%,0.290818,"14:45 ET"
BA,193.86,2027-03-19,168,Call,250.00,-30.01%,3.5,5.02,6.2,1391,873,1.59,36.24%,37.60%,0.196199,"14:35 ET"
SMCI,43.76,2026-10-09,7,Call,44.50,-2.20%,1.21,1.22,1.25,1413,889,1.59,75.13%,64.42%,0.443754,"14:53 ET"
WMT,104.04,2026-10-09,7,Put,104.00,-0.11%,1.07,1.11,1.14,1579,990,1.59,27.63%,20.10%,-0.481165,"14:54 ET"
INTC,119.81,2027-03-19,168,Call,145.00,-20.95%,13.3,13.4,13.6,1787,1126,1.59,64.33%,65.49%,0.433428,"14:49 ET"
XOM,164.36,2026-10-09,7,Call,167.50,-2.03%,1.1,1.14,1.17,2022,1275,1.59,28.68%,25.65%,0.308763,"14:53 ET"
NVDA,234.56,2026-10-05,3,Call,227.50,+2.94%,7,7.08,7.3,2588,1630,1.59,32.84%,19.84%,0.95651,"14:54 ET"
AOSL,30.53,2026-12-18,77,Put,25.00,-18.01%,1.5,1.78,1.95,502,317,1.58,79.85%,78.23%,-0.225992,"12:26 ET"
CRWV,89.13,2026-10-09,7,Put,89.00,-0.24%,2.91,3.05,3.05,593,376,1.58,74.84%,64.22%,-0.46402,"14:48 ET"
MSFT,515.18,2026-10-16,14,Call,512.50,+0.49%,11.1,11.2,11.65,792,500,1.58,29.10%,24.31%,0.559647,"14:44 ET"
TSLA,372.15,2026-10-07,5,Call,357.50,+3.65%,15.3,15.25,15.65,1094,692,1.58,40.46%,33.12%,0.849432,"12:29 ET"
T,24.36,2026-10-09,7,Put,24.50,+0.91%,0.5,0.55,0.59,1105,700,1.58,26.78%,35.67%,-0.530201,"14:43 ET"
AVGO,355.46,2026-10-16,14,Call,355.00,-0.01%,9.85,9.97,10,1129,714,1.58,35.73%,33.96%,0.529989,"14:49 ET"
MAT,14.93,2026-10-16,14,Call,15.00,-1.28%,0.65,0.7,0.8,1643,1043,1.58,56.09%,65.75%,0.507413,"14:46 ET"
SPCX,158.76,2026-10-09,7,Put,147.00,-7.42%,0.46,0.47,0.47,2581,1634,1.58,47.67%,46.12%,-0.09492,"14:54 ET"
MU,1075.75,2026-10-09,7,Put,"1,000.00",-6.90%,3.9,3.97,4.05,2622,1660,1.58,48.99%,46.09%,-0.115373,"14:49 ET"
NVDA,234.56,2026-10-07,5,Call,232.50,+0.80%,3.8,3.8,3.9,3808,2417,1.58,32.84%,24.37%,0.630286,"14:51 ET"
MRVL,273.92,2026-10-09,7,Put,270.00,-0.83%,8.45,8.6,8.8,573,364,1.57,62.27%,69.59%,-0.422575,"14:51 ET"
SNDK,1721.51,2026-10-09,7,Put,"1,600.00",-7.11%,10.1,10.5,10.4,851,543,1.57,63.00%,53.86%,-0.149095,"14:53 ET"
VKTX,30,2026-10-09,7,Call,32.00,-6.38%,0.37,0.44,0.47,982,627,1.57,64.26%,66.88%,0.26141,"14:17 ET"
ARM,308.36,2026-11-20,49,Call,670.00,-118.41%,0.59,0.72,0.82,1227,784,1.57,71.51%,94.85%,0.020058,"13:54 ET"
CSCO,111.79,2026-10-09,7,Call,112.00,-0.09%,1.46,1.6,1.62,1291,820,1.57,37.03%,26.63%,0.486559,"14:47 ET"
S,25.23,2026-10-09,7,Call,27.00,-7.14%,0.1,0.18,0.2,1591,1014,1.57,50.74%,49.39%,0.168322,"14:46 ET"
XYZ,74.85,2026-10-16,14,Put,70.00,-6.44%,0.57,0.62,0.66,3923,2497,1.57,47.26%,40.18%,-0.18451,"14:54 ET"
NVDA,234.56,2026-10-30,28,Call,270.00,-15.20%,0.33,0.34,0.35,16665,10629,1.57,32.84%,28.84%,0.045384,"14:42 ET"
AMD,632.82,2026-10-09,7,Put,605.00,-4.15%,4.45,4.76,4.75,508,325,1.56,50.71%,41.68%,-0.215254,"14:45 ET"
AUR,5.61,2026-10-02,0,Call,2.00,+64.16%,3.5,3.58,3.7,510,326,1.56,74.20%,932.92%,0.99093,"13:22 ET"
ORCL,141.9,2026-10-09,7,Call,149.00,-5.14%,1.16,1.18,1.2,610,390,1.56,50.09%,45.67%,0.232413,"14:43 ET"
AMZN,250.46,2026-10-07,5,Call,247.50,+1.18%,4.45,4.5,4.7,690,441,1.56,34.23%,24.74%,0.663283,"14:47 ET"
AVGO,355.46,2026-10-09,7,Call,395.00,-11.27%,0.18,0.19,0.21,780,499,1.56,35.73%,38.72%,0.027236,"14:37 ET"
ASTS,58.15,2026-10-09,7,Put,53.00,-9.20%,0.41,0.41,0.44,811,521,1.56,78.68%,66.14%,-0.148457,"14:49 ET"
AAPL,333.7,2026-10-16,14,Call,332.50,+0.29%,6.4,6.5,6.8,1071,688,1.56,24.35%,21.59%,0.561104,"14:38 ET"
WDC,415.33,2026-10-02,0,Put,420.00,-0.24%,4.3,5.5,5.9,1129,723,1.56,67.46%,34.79%,-0.676551,"14:53 ET"
AVGO,355.46,2026-10-09,7,Put,350.00,-1.40%,3.8,3.85,3.9,1660,1061,1.56,35.73%,32.42%,-0.34986,"14:49 ET"
SPCX,158.76,2026-10-09,7,Put,144.00,-9.31%,0.27,0.27,0.28,1706,1093,1.56,47.67%,48.21%,-0.058679,"14:53 ET"
ONON,30.81,2028-01-21,476,Put,37.50,+22.51%,9.45,10.05,10.4,500,322,1.55,45.99%,46.96%,-0.533246,"14:38 ET"
HIMS,28.69,2026-10-02,0,Put,29.50,+2.68%,0.72,0.87,0.87,678,438,1.55,76.28%,45.38%,-0.886207,"14:47 ET"
WFC,80.36,2027-09-17,350,Call,100.00,-24.49%,3.05,3.15,3.2,906,584,1.55,31.49%,27.74%,0.266274,"14:30 ET"
MRNA,188.43,2026-10-09,7,Call,210.00,-12.05%,1.78,1.81,2.02,989,637,1.55,88.91%,78.59%,0.179291,"14:54 ET"
GLW,163.66,2026-10-02,0,Call,162.50,+0.64%,1.19,1.21,1.48,1090,702,1.55,59.19%,20.58%,0.726214,"14:45 ET"
NBIS,242.15,2026-10-09,7,Call,250.00,-3.39%,5.8,5.8,5.95,2303,1487,1.55,80.14%,66.36%,0.392628,"14:52 ET"
SOFI,15.86,2026-10-09,7,Call,16.50,-4.10%,0.13,0.14,0.14,7720,4971,1.55,50.17%,40.48%,0.258621,"14:54 ET"
SPCX,158.76,2026-10-16,14,Call,155.00,+2.38%,7.85,7.8,7.9,16944,10921,1.55,47.67%,42.66%,0.653621,"14:53 ET"
INTC,119.81,2026-10-02,0,Call,120.00,-0.10%,0.36,0.38,0.41,19406,12489,1.55,64.33%,16.05%,0.490198,"14:49 ET"
BE,290.39,2026-10-02,0,Put,290.00,-0.30%,1.18,1.5,1.5,5312,3459,1.54,78.04%,21.38%,-0.511494,"14:48 ET"
TSLA,372.15,2026-10-23,21,Put,365.00,-1.63%,12.45,12.62,12.7,931,603,1.54,40.46%,45.43%,-0.406515,"14:54 ET"
META,727.71,2026-10-09,7,Call,735.00,-0.89%,9.7,10.05,10.1,958,624,1.54,38.26%,32.80%,0.421529,"14:49 ET"
CRWV,89.13,2026-10-09,7,Call,93.00,-4.25%,1.71,1.73,1.75,983,637,1.54,74.84%,64.03%,0.343145,"14:46 ET"
INTC,119.81,2026-10-05,3,Put,125.00,+4.27%,5.2,5.4,5.4,1185,771,1.54,64.33%,39.97%,-0.86823,"14:38 ET"
SKHY,194.26,2026-10-09,7,Call,202.50,-4.41%,2.09,2.11,2.13,537,352,1.53,53.04%,47.03%,0.278623,"14:51 ET"
RIOT,19.42,2026-10-09,7,Call,20.50,-5.18%,0.38,0.37,0.4,606,396,1.53,80.42%,74.06%,0.31856,"14:50 ET"
AMZN,250.46,2026-11-06,35,Call,250.00,+0.18%,12.45,12.6,12.9,689,449,1.53,34.23%,39.05%,0.540631,"14:39 ET"
POET,7.8,2026-10-02,0,Put,8.00,+2.56%,0.21,0.21,0.22,1235,806,1.53,80.57%,46.72%,-0.849665,"14:55 ET"
SPCX,158.76,2026-10-30,28,Call,170.00,-7.07%,4,4.05,4.1,3262,2131,1.53,47.67%,44.71%,0.33225,"14:54 ET"
BMNR,26.11,2026-10-09,7,Call,30.00,-14.46%,0.1,0.12,0.12,3989,2613,1.53,71.10%,72.83%,0.093184,"14:52 ET"
PSKY,9.23,2026-10-09,7,Put,9.50,+5.20%,0.46,0.52,0.59,7784,5080,1.53,61.03%,74.60%,-0.582727,"14:55 ET"
MARA,11.13,2026-10-02,0,Call,11.00,+1.17%,0.12,0.12,0.14,5379,3547,1.52,80.39%,25.41%,0.779023,"14:54 ET"
CBRS,166.44,2027-03-19,168,Put,150.00,-9.76%,19.8,21.49,22.1,574,378,1.52,72.54%,69.87%,-0.314069,"14:47 ET"
INTC,119.81,2026-10-09,7,Put,119.00,-0.73%,3.05,3.15,3.15,602,395,1.52,64.33%,54.44%,-0.439771,"14:43 ET"
GEMI,4.64,2026-10-02,0,Call,2.50,+45.89%,2.05,2.15,2.3,625,412,1.52,109.74%,829.44%,0.949829,"12:49 ET"
MU,1075.75,2026-11-20,49,Call,"1,090.00",-1.48%,74.75,74.55,76.6,795,522,1.52,48.99%,50.39%,0.5214,"14:33 ET"
CIFR,15.52,2027-01-15,105,Call,28.00,-80.30%,0.6,0.63,0.66,919,605,1.52,92.98%,93.76%,0.183738,"14:41 ET"
GOOG,339.74,2026-10-09,7,Call,337.50,+0.71%,6.25,6.6,6.45,1228,808,1.52,32.11%,27.03%,0.582729,"14:43 ET"
SNDK,1721.51,2026-10-09,7,Call,"2,000.00",-16.11%,3,3,3.1,1696,1117,1.52,63.00%,63.35%,0.049864,"14:53 ET"
TSLA,372.15,2026-10-09,7,Put,325.00,-12.41%,0.16,0.17,0.17,2081,1365,1.52,40.46%,47.28%,-0.018258,"14:46 ET"
NKE,33.71,2026-10-16,14,Put,33.00,-1.93%,0.54,0.52,0.56,3942,2589,1.52,36.26%,33.05%,-0.357617,"14:54 ET"
NKE,33.71,2026-11-06,35,Put,32.00,-4.90%,0.59,0.63,0.69,500,331,1.51,36.26%,32.61%,-0.285309,"14:49 ET"
MXL,105.23,2026-10-16,14,Put,70.00,-33.31%,0.1,0.15,0.2,554,366,1.51,110.33%,105.20%,-0.01776,"14:40 ET"
FNGR,0.2333,2027-05-21,231,Call,1.0000,-351.88%,0.05,0.1,0.1,746,494,1.51,377.75%,216.21%,0.511502,"12:42 ET"
HOOD,113.19,2026-10-16,14,Call,118.00,-4.07%,2.78,2.75,2.81,890,588,1.51,59.39%,53.41%,0.365395,"14:48 ET"
MU,1075.75,2026-10-05,3,Call,"1,060.00",+1.31%,22.6,22.67,22.8,1510,998,1.51,48.99%,32.28%,0.710747,"14:49 ET"
TSLA,372.15,2026-10-30,28,Call,375.00,-1.06%,16.6,16.25,16.9,2373,1574,1.51,40.46%,43.36%,0.503968,"14:42 ET"
PLTR,189.62,2026-10-09,7,Call,197.50,-4.13%,1.35,1.34,1.37,9613,6352,1.51,50.57%,38.44%,0.235936,"14:53 ET"
MU,1075.75,2026-10-09,7,Call,"1,170.00",-8.93%,3.95,3.9,4.05,561,375,1.5,48.99%,48.54%,0.116314,"14:48 ET"
TSLA,372.15,2026-10-16,14,Call,367.50,+0.96%,13.05,12.5,13.2,606,403,1.5,40.46%,36.81%,0.584017,"14:41 ET"
VST,137.04,2026-10-02,0,Call,136.00,+0.93%,0.76,1.62,2.05,705,469,1.5,45.79%,18.99%,0.830443,"13:48 ET"
BE,290.39,2026-10-09,7,Call,285.00,+2.02%,12.9,13.59,13.65,744,495,1.5,78.04%,66.44%,0.5941,"14:31 ET"
SMCI,43.76,2026-10-16,14,Put,42.50,-2.39%,1.58,1.62,1.66,1090,728,1.5,75.13%,65.57%,-0.383265,"14:45 ET"
AMD,632.82,2026-10-09,7,Call,650.00,-2.98%,7.6,7.6,7.9,1750,1168,1.5,50.71%,42.42%,0.328367,"14:38 ET"
NVDA,234.56,2026-10-14,12,Call,235.00,-0.26%,4.3,4.46,4.55,503,338,1.49,32.84%,26.73%,0.501791,"14:30 ET"
ALAB,352.73,2026-10-02,0,Put,340.00,-2.58%,0.05,0.15,0.15,811,546,1.49,82.65%,37.30%,-0.036532,"14:48 ET"
CBRS,166.44,2026-10-30,28,Call,200.00,-20.32%,3.5,3.5,3.9,886,594,1.49,72.54%,73.11%,0.212578,"14:37 ET"
PFE,27.63,2026-10-16,14,Put,29.00,+5.34%,1.38,1.45,1.59,923,621,1.49,24.70%,20.78%,-0.886736,"12:41 ET"
VST,137.04,2026-12-18,77,Call,135.00,+1.66%,12.95,13.2,13.85,1148,768,1.49,45.79%,47.34%,0.585324,"13:28 ET"
SPCX,158.76,2027-02-19,140,Call,240.00,-51.15%,2.73,2.85,3,1258,842,1.49,47.67%,49.86%,0.131628,"13:52 ET"
NEXT,6.59,2027-01-15,105,Put,6.00,-8.95%,0.4,0.6,0.55,1500,1009,1.49,58.63%,56.64%,-0.312227,"09:38 ET"
MRVL,273.92,2026-10-09,7,Call,280.00,-2.84%,7.6,7.58,7.75,2124,1426,1.49,62.27%,68.35%,0.426285,"14:49 ET"
HIMS,28.69,2026-10-09,7,Call,29.50,-2.68%,0.66,0.69,0.71,3641,2438,1.49,76.28%,64.87%,0.39494,"14:49 ET"
NVDA,234.56,2026-10-30,28,Put,220.00,-6.14%,2.49,2.51,2.55,4305,2883,1.49,32.84%,31.34%,-0.210007,"14:53 ET"
AXTI,85.59,2026-10-02,0,Call,86.00,-0.75%,0.25,0.35,0.6,507,342,1.48,113.91%,34.91%,0.391899,"14:40 ET"
ACN,199.63,2026-10-02,0,Put,205.00,+2.71%,4.6,5.2,6,587,396,1.48,43.36%,24.04%,-0.986366,"14:40 ET"
SKM,36.77,2026-11-20,49,Put,40.00,+9.20%,4.8,5.1,5.5,600,406,1.48,61.06%,59.98%,-0.603303,"13:37 ET"
BE,290.39,2026-12-18,77,Put,290.00,-0.30%,40.2,40.72,41,669,451,1.48,78.04%,78.96%,-0.422037,"14:38 ET"
LCID,4.16,2027-03-19,168,Call,6.00,-45.99%,0.43,0.5,0.57,896,604,1.48,93.18%,87.67%,0.388183,"14:41 ET"
AVGO,355.46,2026-10-30,28,Call,360.00,-1.41%,12.1,12.32,12.4,1355,914,1.48,35.73%,35.38%,0.478746,"14:48 ET"
BABA,106.06,2026-10-09,7,Call,111.00,-4.76%,0.48,0.5,0.5,1879,1266,1.48,38.67%,35.09%,0.179385,"14:49 ET"
TSLA,372.15,2026-10-09,7,Put,340.00,-8.37%,0.41,0.41,0.43,2825,1906,1.48,40.46%,39.66%,-0.048459,"14:53 ET"
IBM,221.96,2026-10-09,7,Put,220.00,-0.91%,2.5,2.55,2.68,509,346,1.47,38.90%,29.26%,-0.39619,"14:48 ET"
WDC,415.33,2026-10-09,7,Put,360.00,-14.49%,0.6,0.85,0.98,524,357,1.47,67.46%,65.48%,-0.04858,"14:52 ET"
SKHY,194.26,2029-01-19,840,Call,185.00,+4.61%,74.6,75.3,78.1,783,532,1.47,53.04%,57.96%,0.731881,"13:36 ET"
SPCX,158.76,2026-10-30,28,Call,167.50,-5.49%,4.75,4.79,4.85,818,555,1.47,47.67%,44.58%,0.376267,"14:51 ET"
SKHY,194.26,2026-10-09,7,Call,210.00,-8.28%,0.86,0.86,0.89,941,638,1.47,53.04%,48.83%,0.135528,"14:53 ET"
SNDK,1721.51,2026-10-09,7,Call,"1,900.00",-10.31%,8.7,8.85,9,1354,924,1.47,63.00%,59.68%,0.12878,"14:54 ET"
AMZN,250.46,2026-10-09,7,Call,257.50,-2.81%,1.17,1.17,1.21,5368,3663,1.47,34.23%,26.25%,0.229187,"14:49 ET"
NFLX,67.07,2026-10-09,7,Call,70.00,-4.48%,0.22,0.23,0.23,11428,7786,1.47,38.44%,29.16%,0.160437,"14:54 ET"
MRVL,273.92,2026-10-02,0,Call,275.00,-1.00%,0.26,0.26,0.29,13325,9054,1.47,62.27%,13.14%,0.24802,"14:54 ET"
RDDT,148.38,2026-10-02,0,Call,148.00,+0.50%,0.72,1,0.94,750,514,1.46,65.38%,20.23%,0.598568,"14:51 ET"
MRNA,188.43,2026-11-20,49,Put,170.00,-9.29%,14.8,15.52,16.65,830,570,1.46,88.91%,93.30%,-0.31201,"13:54 ET"
SNOW,339.03,2026-11-20,49,Put,300.00,-11.51%,7.85,8.1,8.3,1057,726,1.46,47.04%,49.05%,-0.213544,"14:53 ET"
COIN,182.05,2026-10-16,14,Call,215.00,-18.37%,0.85,0.93,0.98,1172,801,1.46,61.82%,62.68%,0.092694,"14:43 ET"
CRWV,89.13,2026-10-09,7,Put,88.00,-1.36%,2.44,2.5,2.53,1472,1008,1.46,74.84%,63.78%,-0.413523,"14:48 ET"
BAC,53.65,2026-10-16,14,Call,54.00,-0.60%,1.2,1.22,1.22,1701,1165,1.46,28.14%,31.83%,0.480711,"14:48 ET"
PFE,27.63,2026-10-09,7,Put,27.00,-1.93%,0.08,0.1,0.11,1998,1369,1.46,24.70%,19.97%,-0.215339,"14:51 ET"
AAPL,333.7,2026-10-05,3,Put,325.00,-2.54%,0.11,0.12,0.13,3033,2073,1.46,24.35%,18.51%,-0.050791,"14:49 ET"
CAVA,54.06,2026-10-16,14,Call,56.00,-3.47%,1.27,1.7,1.51,555,383,1.45,63.11%,50.32%,0.390523,"12:28 ET"
PURR,11.93,2026-10-09,7,Put,12.00,-0.25%,0.55,0.55,0.65,575,396,1.45,95.07%,87.19%,-0.489139,"14:53 ET"
VNET,5.2,2026-10-16,14,Put,5.00,-3.85%,0.1,0.16,0.2,601,414,1.45,72.68%,59.67%,-0.345832,"11:09 ET"
AMAT,537.08,2026-10-02,0,Call,540.00,-0.42%,0.22,0.36,0.53,651,450,1.45,56.78%,12.03%,0.200459,"14:46 ET"
GOOG,339.74,2026-10-09,7,Call,352.50,-3.70%,1.17,1.22,1.22,959,661,1.45,32.11%,27.50%,0.174644,"14:48 ET"
GOOGL,342.94,2026-10-05,3,Call,352.50,-2.75%,0.21,0.22,0.24,1067,736,1.45,32.37%,21.07%,0.076892,"14:48 ET"
FCX,71.91,2026-10-02,0,Call,71.00,+1.02%,0.71,0.8,0.93,1092,753,1.45,47.21%,20.51%,0.84109,"14:47 ET"
NFLX,67.07,2027-09-17,350,Call,85.00,-26.87%,5.7,5.68,5.8,1185,816,1.45,38.44%,40.17%,0.382901,"14:26 ET"
SHOP,151.45,2026-10-02,0,Call,152.50,-0.70%,0.07,0.12,0.17,1285,886,1.45,58.00%,13.19%,0.205848,"14:54 ET"
XOM,164.36,2026-10-09,7,Call,165.00,-0.51%,2.04,2.05,2.1,1793,1234,1.45,28.68%,25.65%,0.4697,"14:54 ET"
HIMS,28.69,2026-10-02,0,Put,29.00,+0.94%,0.31,0.35,0.39,2002,1379,1.45,76.28%,19.07%,-0.87909,"14:54 ET"
INTC,119.81,2026-10-09,7,Put,120.00,+0.10%,3.55,3.65,3.65,2490,1713,1.45,64.33%,54.57%,-0.483853,"14:49 ET"
ORCL,141.9,2026-10-09,7,Call,145.00,-2.32%,2.2,2.18,2.22,3927,2705,1.45,50.09%,44.34%,0.37771,"14:54 ET"
PFE,27.63,2026-11-20,49,Put,25.00,-9.19%,0.23,0.25,0.25,35202,24510,1.44,24.70%,27.53%,-0.156838,"14:30 ET"
WDC,415.33,2027-01-15,105,Put,300.00,-28.74%,9.65,11,11.55,731,509,1.44,67.46%,64.83%,-0.125711,"14:49 ET"
COST,917.59,2026-10-02,0,Call,920.00,-0.26%,0.38,0.47,0.49,1047,725,1.44,19.23%,5.71%,0.263505,"14:48 ET"
WULF,15.27,2026-10-09,7,Put,14.00,-8.56%,0.15,0.15,0.18,1275,887,1.44,80.87%,72.74%,-0.186268,"14:30 ET"
HOOD,113.19,2026-10-09,7,Put,112.00,-1.22%,2.66,2.68,2.7,1455,1013,1.44,59.39%,51.61%,-0.431078,"14:50 ET"
MU,1075.75,2026-10-02,0,Call,"1,065.00",+0.85%,11.6,11.7,11.9,2274,1580,1.44,48.99%,11.10%,0.970894,"14:49 ET"
TSLA,372.15,2026-10-09,7,Call,365.00,+1.63%,11.05,11.02,11.15,3976,2767,1.44,40.46%,34.99%,0.659736,"14:52 ET"
IBM,221.96,2026-10-09,7,Call,227.50,-2.47%,1.62,1.68,1.75,536,376,1.43,38.90%,30.30%,0.293346,"14:50 ET"
RGTI,15.31,2026-10-09,7,Put,14.50,-5.72%,0.17,0.17,0.18,606,425,1.43,71.57%,59.41%,-0.229135,"14:50 ET"
DELL,565.33,2026-10-09,7,Call,560.00,+1.05%,18.9,19.48,20.05,720,503,1.43,58.66%,53.82%,0.564663,"14:46 ET"
AMCX,11.05,2026-12-18,77,Put,10.00,-9.26%,0.55,0.65,0.75,1000,700,1.43,66.09%,58.97%,-0.296478,"11:17 ET"
ORBS,1.16,2026-10-23,21,Call,1.0000,+14.89%,0.2,0.25,0.3,1116,783,1.43,143.66%,155.73%,0.718569,"14:27 ET"
MU,1075.75,2026-12-18,77,Call,"1,350.00",-25.69%,29.8,30.46,31.1,1194,833,1.43,48.99%,53.68%,0.22327,"14:50 ET"
DVN,47.53,2027-06-17,258,Put,40.00,-15.61%,1.91,2.46,2.73,1500,1051,1.43,36.60%,37.36%,-0.227817,"10:34 ET"
BE,290.39,2026-10-16,14,Put,235.00,-19.21%,0.67,0.8,0.83,1721,1203,1.43,78.04%,66.52%,-0.045858,"14:49 ET"
CRWV,89.13,2026-10-02,0,Put,90.00,+0.89%,0.76,0.85,0.88,2122,1485,1.43,74.84%,20.82%,-0.75854,"14:49 ET"
SPCX,158.76,2026-10-09,7,Put,145.00,-8.68%,0.32,0.33,0.33,6253,4365,1.43,47.67%,47.41%,-0.068636,"14:54 ET"
TSLA,372.15,2026-10-05,3,Call,377.50,-1.74%,1.33,1.35,1.36,11192,7825,1.43,40.46%,25.76%,0.259597,"14:55 ET"
AAPL,333.7,2026-10-05,3,Call,330.00,+1.04%,4.45,4.45,4.6,12755,8915,1.43,24.35%,15.62%,0.805319,"14:49 ET"
BB,9.23,2026-11-20,49,Call,9.00,+1.96%,0.93,0.94,0.95,5516,3885,1.42,60.42%,60.05%,0.597392,"14:45 ET"
CSCO,111.79,2026-10-16,14,Call,113.00,-0.98%,1.86,1.9,2,556,392,1.42,37.03%,28.13%,0.436144,"14:49 ET"
RIOT,19.42,2026-10-09,7,Call,19.00,+2.51%,0.99,1.01,1.02,825,581,1.42,80.42%,72.77%,0.607282,"14:41 ET"
PYPL,52.81,2026-10-09,7,Call,53.00,-0.36%,0.8,0.84,0.88,521,369,1.41,40.87%,31.60%,0.479129,"14:54 ET"
SKHY,194.26,2026-10-09,7,Call,192.50,+0.75%,5.9,5.64,6,553,392,1.41,53.04%,45.79%,0.576976,"14:38 ET"
LULU,94.54,2026-10-09,7,Call,100.00,-6.10%,0.44,0.48,0.51,1125,796,1.41,41.83%,40.45%,0.171593,"14:52 ET"
MRVL,273.92,2026-10-09,7,Call,285.00,-4.68%,5.85,5.86,6,1288,914,1.41,62.27%,68.49%,0.35499,"14:47 ET"
MSFT,515.18,2026-10-09,7,Put,500.00,-2.92%,1.52,1.58,1.62,1845,1312,1.41,29.10%,23.41%,-0.172748,"14:49 ET"
SPCX,158.76,2026-10-30,28,Call,175.00,-10.22%,2.84,2.91,2.9,2408,1706,1.41,47.67%,45.19%,0.254812,"14:52 ET"
AMD,632.82,2026-10-09,7,Call,700.00,-10.90%,0.88,0.9,0.92,3049,2169,1.41,50.71%,45.16%,0.054937,"14:47 ET"
SMCI,43.76,2026-10-02,0,Call,42.50,+2.39%,1.2,1.15,1.25,3966,2811,1.41,75.13%,20.69%,0.996306,"14:50 ET"
OXY,57.94,2026-10-16,14,Put,55.00,-4.71%,0.41,0.44,0.46,4154,2938,1.41,34.80%,33.21%,-0.200413,"14:53 ET"
PLTR,189.62,2026-10-09,7,Call,190.00,-0.17%,3.95,3.97,4,4491,3177,1.41,50.57%,38.81%,0.503355,"14:55 ET"
AXGN,37.09,2026-11-20,49,Call,40.00,-6.75%,3.7,4.09,4.4,5400,3819,1.41,93.88%,98.11%,0.477583,"14:49 ET"
PSKY,9.23,2026-11-20,49,Call,10.00,-10.74%,0.5,0.52,0.57,10672,7561,1.41,61.03%,60.83%,0.408001,"14:51 ET"
LITE,1086,2026-10-02,0,Call,"1,125.00",-3.68%,0.1,0.1,0.2,557,398,1.4,73.63%,32.90%,0.021857,"14:49 ET"
SPCX,158.76,2026-10-30,28,Call,162.50,-2.34%,6.6,6.7,6.7,733,523,1.4,47.67%,44.44%,0.471917,"14:51 ET"
HOOD,113.19,2026-10-30,28,Call,115.00,-1.43%,7,7.05,7.1,940,672,1.4,59.39%,62.34%,0.501611,"14:47 ET"
TSLA,372.15,2026-11-06,35,Call,370.00,+0.28%,20.6,21.07,21.3,964,689,1.4,40.46%,42.43%,0.551117,"14:49 ET"
TSLA,372.15,2026-10-09,7,Put,310.00,-16.45%,0.09,0.1,0.11,1103,790,1.4,40.46%,57.27%,-0.009779,"14:44 ET"
ALM,13.6,2026-10-16,14,Put,12.50,-7.48%,0.4,0.45,0.5,1262,899,1.4,85.37%,88.53%,-0.280741,"14:27 ET"
DKNG,18.9,2026-10-09,7,Call,20.50,-8.47%,0.12,0.13,0.14,1284,915,1.4,66.31%,57.21%,0.168499,"14:54 ET"
ABT,97.24,2027-01-15,105,Call,105.00,-7.78%,2.85,2.81,3.1,2063,1476,1.4,28.83%,27.35%,0.338239,"14:42 ET"
GLW,163.66,2026-10-02,0,Call,165.00,-0.89%,0.1,0.14,0.19,2382,1699,1.4,59.19%,18.21%,0.174829,"14:50 ET"
APLD,25.07,2026-10-09,7,Call,30.00,-19.52%,0.33,0.33,0.37,3696,2631,1.4,89.06%,123.34%,0.166133,"14:45 ET"
TSLA,372.15,2026-10-09,7,Call,360.00,+2.98%,14.35,14.26,14.65,4829,3456,1.4,40.46%,34.61%,0.759144,"14:52 ET"
HOOD,113.19,2026-10-09,7,Call,129.00,-13.78%,0.18,0.23,0.21,622,447,1.39,59.39%,57.28%,0.05306,"14:30 ET"
TSLA,372.15,2026-10-12,10,Call,375.00,-1.06%,6.45,6.45,6.6,779,561,1.39,40.46%,32.14%,0.45122,"14:54 ET"
BA,193.86,2026-10-09,7,Call,192.50,-0.10%,5.25,5.64,5.65,969,698,1.39,36.24%,37.72%,0.610036,"14:46 ET"
SPCX,158.76,2026-10-16,14,Put,149.00,-6.16%,1.58,1.59,1.59,1105,797,1.39,47.67%,43.86%,-0.19928,"14:54 ET"
APLD,25.07,2026-10-09,7,Put,21.00,-16.33%,0.25,0.29,0.29,1160,832,1.39,89.06%,118.43%,-0.123473,"14:43 ET"
TSLA,372.15,2026-10-09,7,Call,392.50,-5.78%,1.39,1.45,1.43,1350,971,1.39,40.46%,36.45%,0.148682,"14:49 ET"
ORCL,141.9,2026-10-09,7,Call,143.00,-0.91%,2.93,2.95,2.98,1656,1188,1.39,50.09%,43.70%,0.465156,"14:54 ET"
TSLA,372.15,2026-10-05,3,Call,350.00,+5.67%,21.3,21.5,21.8,1657,1192,1.39,40.46%,24.50%,0.996789,"14:52 ET"
TSLA,372.15,2026-10-30,28,Call,420.00,-13.19%,4.1,4.16,4.2,1972,1419,1.39,40.46%,43.96%,0.178929,"14:52 ET"
MARA,11.13,2026-10-09,7,Call,11.00,+1.17%,0.5,0.51,0.52,2692,1936,1.39,80.39%,73.47%,0.562024,"14:54 ET"
APLD,25.07,2026-10-02,0,Put,26.50,+5.58%,1.25,1.43,1.5,501,362,1.38,89.06%,55.19%,-0.976583,"14:45 ET"
MU,1075.75,2026-10-16,14,Put,"1,065.00",-0.85%,32.75,34.75,32.95,560,407,1.38,48.99%,46.64%,-0.429813,"14:36 ET"
SPOT,473.44,2026-10-16,14,Call,510.00,-7.65%,3.05,3.2,3.5,588,427,1.38,44.54%,38.19%,0.177018,"14:41 ET"
BE,290.39,2026-10-09,7,Put,270.00,-7.18%,2.84,3,3.15,664,481,1.38,78.04%,64.56%,-0.198697,"14:48 ET"
BX,112.89,2026-10-16,14,Put,113.00,+0.04%,3.05,3.05,3.35,730,528,1.38,40.24%,35.79%,-0.48991,"14:15 ET"
ASTS,58.15,2026-10-09,7,Put,58.00,-0.63%,2.08,2.14,2.17,828,598,1.38,78.68%,67.40%,-0.47664,"14:48 ET"
RKLB,73.35,2026-10-09,7,Call,73.00,+0.56%,2.73,2.75,2.8,925,671,1.38,74.15%,65.05%,0.534558,"14:50 ET"
CTSH,58.81,2026-11-20,49,Call,67.50,-14.62%,1.3,1.5,1.55,1144,826,1.38,46.34%,48.56%,0.248996,"13:18 ET"
COIN,182.05,2026-10-09,7,Put,170.00,-6.41%,1.32,1.38,1.38,1367,994,1.38,61.82%,52.81%,-0.181251,"14:49 ET"
AMD,632.82,2026-10-02,0,Call,627.50,+0.59%,4.2,4.25,5,2831,2051,1.38,50.71%,12.88%,0.844653,"14:48 ET"
DELL,565.33,2026-10-02,0,Call,555.00,+1.93%,8.8,10.45,11.2,3667,2648,1.38,58.66%,17.76%,0.973177,"14:45 ET"
RKLB,73.35,2026-10-09,7,Call,80.00,-8.98%,0.65,0.67,0.7,7497,5435,1.38,74.15%,67.78%,0.187081,"14:53 ET"
AVGO,355.46,2026-10-02,0,Call,350.00,+1.40%,5.4,5.6,5.95,10008,7240,1.38,35.73%,18.79%,0.948554,"14:48 ET"
BMNR,26.11,2026-10-09,7,Call,27.50,-4.92%,0.42,0.46,0.48,989,720,1.37,71.10%,66.88%,0.30566,"14:43 ET"
RKLB,73.35,2026-10-09,7,Call,78.00,-6.25%,1,1.04,1.05,1020,742,1.37,74.15%,66.35%,0.262954,"14:54 ET"
HOOD,113.19,2026-10-02,0,Put,119.00,+4.96%,5.8,5.9,6.05,1039,756,1.37,59.39%,46.24%,-0.984959,"14:52 ET"
BMNR,26.11,2026-10-09,7,Call,29.00,-10.64%,0.17,0.18,0.2,2228,1626,1.37,71.10%,69.28%,0.148958,"14:49 ET"
WULF,15.27,2026-11-20,49,Call,19.00,-24.10%,0.74,0.8,0.78,3099,2269,1.37,80.87%,90.69%,0.282626,"14:28 ET"
SDGR,30.74,2026-11-20,49,Call,32.50,-5.73%,3.9,4.07,4.8,565,415,1.36,107.03%,112.60%,0.530762,"14:16 ET"
WDC,415.33,2026-10-09,7,Put,390.00,-7.36%,4.2,4.53,4.6,609,449,1.36,67.46%,62.20%,-0.208347,"14:53 ET"
MCD,231.9,2026-12-18,77,Call,245.00,-5.86%,5.05,5.15,5.25,734,538,1.36,22.59%,23.53%,0.329975,"14:16 ET"
PWP,15.92,2026-10-16,14,Call,17.50,-10.41%,0.5,0.65,0.8,752,554,1.36,79.72%,100.45%,0.345189,"10:38 ET"
INTC,119.81,2026-10-30,28,Put,92.00,-23.26%,0.72,0.71,0.83,846,621,1.36,64.33%,70.02%,-0.069679,"12:30 ET"
APP,271.87,2026-10-02,0,Put,275.00,+1.40%,3.5,3.93,4.2,1022,754,1.36,66.13%,16.09%,-0.960024,"14:48 ET"
SKHY,194.26,2027-01-15,105,Call,195.00,-0.54%,22.4,22.65,23.3,1041,767,1.36,53.04%,53.35%,0.568582,"13:55 ET"
ASST,29.33,2026-10-02,0,Put,30.00,+2.11%,0.64,0.55,0.94,1084,799,1.36,77.50%,65.11%,-0.728587,"14:32 ET"
TSLA,372.15,2026-10-09,7,Call,405.00,-9.15%,0.46,0.48,0.48,2069,1521,1.36,40.46%,38.29%,0.056974,"14:51 ET"
MAT,14.93,2026-12-18,77,Call,16.00,-8.04%,0.85,0.8,1.25,3300,2435,1.36,56.09%,54.50%,0.435484,"11:50 ET"
MU,1075.75,2026-10-09,7,Put,"1,090.00",+1.48%,33.65,34.81,33.9,565,419,1.35,48.99%,45.02%,-0.563175,"14:46 ET"
CVNA,63.89,2026-10-02,0,Put,65.00,+1.67%,0.66,1.12,1.31,862,639,1.35,68.80%,30.78%,-0.841188,"14:36 ET"
OXY,57.94,2026-10-09,7,Call,58.00,-0.49%,0.96,1,1.03,917,677,1.35,34.80%,31.91%,0.500369,"14:54 ET"
NLY,18.7,2026-10-09,7,Call,19.00,-1.71%,0.15,0.2,0.2,1247,927,1.35,27.64%,30.78%,0.339442,"14:45 ET"
OKLO,35.85,2026-10-02,0,Put,37.00,+2.86%,0.95,1.07,1.14,1269,940,1.35,70.98%,37.73%,-0.928444,"14:49 ET"
TSLA,372.15,2026-10-07,5,Call,367.50,+0.96%,7.95,8,8.1,1405,1042,1.35,40.46%,32.42%,0.628668,"14:29 ET"
RIOT,19.42,2026-10-09,7,Call,20.00,-2.62%,0.52,0.53,0.55,1694,1251,1.35,80.42%,72.39%,0.405699,"14:53 ET"
KLAC,206.44,2026-11-20,49,Call,210.00,-1.66%,16.5,17,17.4,1927,1428,1.35,59.11%,59.97%,0.521803,"14:21 ET"
NU,13.4,2027-03-19,168,Put,11.00,-17.60%,0.56,0.61,0.63,2116,1564,1.35,56.05%,47.69%,-0.20798,"13:26 ET"
NVDA,234.56,2026-10-16,14,Put,235.00,+0.26%,5.2,5.19,5.25,6606,4876,1.35,32.84%,27.91%,-0.497047,"14:53 ET"
TSLA,372.15,2026-10-16,14,Call,370.00,+0.28%,11.75,11.7,11.85,8205,6135,1.34,40.46%,36.86%,0.546982,"14:52 ET"
MSFT,515.18,2026-10-09,7,Call,522.50,-1.45%,3.65,3.75,3.85,743,556,1.34,29.10%,23.57%,0.340948,"14:47 ET"
NBIS,242.15,2026-10-09,7,Call,280.00,-15.80%,0.82,0.92,0.85,758,564,1.34,80.14%,70.90%,0.080293,"14:47 ET"
PTC,144.45,2026-10-16,14,Put,140.00,-3.03%,2.95,3.3,3.4,1229,916,1.34,47.31%,45.87%,-0.347622,"14:44 ET"
ORCL,141.9,2026-10-09,7,Put,140.00,-1.21%,2.77,2.77,2.82,2111,1580,1.34,50.09%,47.55%,-0.402811,"14:54 ET"
AMZN,250.46,2026-10-09,7,Put,235.00,-6.17%,0.22,0.22,0.23,3215,2408,1.34,34.23%,28.79%,-0.052692,"14:49 ET"
TSM,472.52,2026-10-09,7,Call,470.00,+0.27%,8.3,8.1,8.5,1165,878,1.33,32.84%,27.03%,0.56556,"14:44 ET"
SKHY,194.26,2026-10-09,7,Call,195.00,-0.54%,4.65,4.55,4.75,1717,1291,1.33,53.04%,46.04%,0.496424,"14:54 ET"
HOOD,113.19,2026-10-30,28,Put,100.00,-11.80%,2.47,2.47,2.5,3398,2561,1.33,59.39%,62.15%,-0.207977,"14:54 ET"
PLTR,189.62,2026-10-09,7,Call,200.00,-5.45%,0.9,0.91,0.92,9066,6812,1.33,50.57%,38.70%,0.171302,"14:54 ET"
TSLA,372.15,2026-10-09,7,Call,375.00,-1.06%,5.75,5.7,5.85,10314,7781,1.33,40.46%,35.10%,0.442148,"14:52 ET"
NVDA,234.56,2026-10-02,0,Call,232.50,+0.80%,1.96,2,2.07,72166,54820,1.32,32.84%,8.32%,0.978047,"14:55 ET"
HUT,88.37,2026-10-23,21,Call,107.00,-20.54%,1.86,1.95,2.16,501,379,1.32,93.06%,87.12%,0.211445,"13:50 ET"
TSLA,372.15,2026-11-06,35,Call,375.00,-1.06%,18.4,18.6,18.75,514,390,1.32,40.46%,42.45%,0.51051,"14:49 ET"
NTAP,228.35,2026-10-16,14,Call,240.00,-5.98%,3.2,3.4,3.9,525,399,1.32,48.84%,44.64%,0.295348,"14:43 ET"
ORCL,141.9,2026-10-09,7,Call,139.00,+1.91%,4.95,5.1,5.15,596,452,1.32,50.09%,43.17%,0.649962,"14:52 ET"
TSLA,372.15,2026-10-09,7,Put,337.50,-9.04%,0.34,0.35,0.36,723,546,1.32,40.46%,40.79%,-0.040381,"14:50 ET"
HPE,70.1,2026-10-09,7,Put,68.00,-2.75%,1.34,1.36,1.42,804,610,1.32,62.90%,60.63%,-0.337332,"14:54 ET"
COIN,182.05,2026-10-09,7,Put,182.50,+0.47%,5.85,6,6.15,817,618,1.32,61.82%,53.15%,-0.523939,"14:49 ET"
AGNC,8.88,2026-10-09,7,Call,8.50,+4.17%,0.39,0.4,0.53,829,630,1.32,29.78%,46.23%,0.761561,"13:45 ET"
F,12.09,2026-10-23,21,Call,12.00,+0.50%,0.42,0.44,0.45,865,653,1.32,37.64%,33.81%,0.551538,"14:47 ET"
RUM,7.58,2026-10-02,0,Call,2.00,+73.82%,5.5,5.65,5.8,1193,907,1.32,86.99%,0.00%,0,"12:21 ET"
DKNG,18.9,2026-10-09,7,Call,19.00,-0.53%,0.52,0.56,0.58,1220,927,1.32,66.31%,55.39%,0.498607,"14:42 ET"
AMD,632.82,2026-10-16,14,Put,570.00,-9.70%,3.05,3.2,3.25,1496,1133,1.32,50.71%,45.31%,-0.111675,"14:40 ET"
WFC,80.36,2026-11-20,49,Call,82.50,-2.70%,2.41,2.48,2.48,1603,1214,1.32,31.49%,28.23%,0.425241,"14:43 ET"
AAPL,333.7,2026-10-09,7,Call,332.50,+0.29%,4.7,4.85,4.95,3314,2516,1.32,24.35%,21.47%,0.571686,"14:48 ET"
INTC,119.81,2026-10-30,28,Put,93.00,-22.42%,0.81,0.86,0.88,901,688,1.31,64.33%,69.30%,-0.075622,"14:33 ET"
SKHY,194.26,2027-01-15,105,Call,230.00,-18.59%,11.3,11.5,12.2,908,695,1.31,53.04%,55.34%,0.35227,"13:25 ET"
COST,917.59,2026-10-02,0,Call,915.00,+0.28%,2.7,3.5,3.5,1023,781,1.31,19.23%,6.48%,0.855536,"14:44 ET"
GOOG,339.74,2027-09-17,350,Call,450.00,-32.38%,18.05,18.15,18.35,1141,869,1.31,32.11%,34.87%,0.294129,"14:38 ET"
TSLA,372.15,2026-10-23,21,Call,390.00,-5.11%,9.1,9.15,9.3,1307,998,1.31,40.46%,45.33%,0.356223,"14:53 ET"
HPE,70.1,2026-10-16,14,Call,75.00,-7.27%,1.5,1.54,1.6,2215,1692,1.31,62.90%,60.31%,0.309712,"14:53 ET"
SPCX,158.76,2026-10-16,14,Put,157.50,-0.81%,4.3,4.4,4.35,3182,2427,1.31,47.67%,42.97%,-0.421049,"14:53 ET"
NKE,33.71,2026-10-16,14,Call,36.50,-8.47%,0.15,0.18,0.19,3718,2839,1.31,36.26%,36.62%,0.141843,"14:44 ET"
ABEV,2.95,2027-01-15,105,Put,3.00,+2.04%,0.2,0.25,0.25,4882,3767,1.3,64.48%,33.70%,-0.483659,"13:33 ET"
AAPL,333.7,2026-10-09,7,Call,335.00,-0.46%,3.45,3.46,3.55,10529,8071,1.3,24.35%,21.19%,0.471036,"14:49 ET"
ALAB,352.73,2026-10-02,0,Call,355.00,-1.72%,0.97,1.14,1.34,501,385,1.3,82.65%,32.38%,0.307376,"14:49 ET"
LLY,1146.71,2026-10-02,0,Call,"1,145.00",0.00%,1.86,2.2,3.7,525,404,1.3,36.07%,7.62%,0.646113,"14:44 ET"
MRVL,273.92,2026-10-16,14,Call,305.00,-12.02%,3.85,3.95,4.15,625,482,1.3,62.27%,64.28%,0.215917,"14:53 ET"
META,727.71,2026-10-05,3,Put,720.00,-1.17%,2.7,2.85,3,716,550,1.3,38.26%,22.18%,-0.303038,"14:48 ET"
WDC,415.33,2026-10-16,14,Call,420.00,+0.24%,18.35,18.83,19.25,748,576,1.3,67.46%,62.04%,0.500974,"14:48 ET"
TSLA,372.15,2026-10-07,5,Call,362.50,+2.30%,11.35,11.35,11.55,808,623,1.3,40.46%,32.61%,0.753518,"14:52 ET"
NKE,33.71,2026-11-13,42,Call,35.00,-4.01%,0.97,1.08,1.23,819,631,1.3,36.26%,36.06%,0.400226,"14:35 ET"
TSM,472.52,2026-10-09,7,Call,485.00,-2.91%,2.62,2.65,2.66,1124,864,1.3,32.84%,27.27%,0.252086,"14:53 ET"
VRT,252.65,2026-10-30,28,Put,210.00,-16.61%,3.1,3.4,3.7,1542,1183,1.3,58.63%,66.56%,-0.133339,"14:08 ET"
CVNA,63.89,2026-10-09,7,Call,70.00,-9.49%,0.32,0.36,0.41,1551,1197,1.3,68.80%,58.34%,0.142886,"14:38 ET"
TSLA,372.15,2026-10-23,21,Call,375.00,-1.06%,14.7,14.62,15,1630,1255,1.3,40.46%,45.09%,0.49662,"14:44 ET"
AVGO,355.46,2026-10-09,7,Call,365.00,-2.82%,2.89,3,2.93,3972,3063,1.3,35.73%,32.69%,0.293787,"14:49 ET"
MSFT,515.18,2026-10-07,5,Call,515.00,+0.01%,5.1,5.3,5.5,561,434,1.29,29.10%,21.64%,0.510958,"14:50 ET"
SMCI,43.76,2026-10-23,21,Call,47.00,-7.95%,1.59,1.63,1.65,632,491,1.29,75.13%,67.75%,0.363875,"14:55 ET"
RUN,7.72,2026-10-16,14,Call,8.00,-3.63%,0.29,0.3,0.33,718,558,1.29,80.56%,69.91%,0.430083,"14:10 ET"
NVDA,234.56,2026-10-23,21,Call,270.00,-15.20%,0.15,0.16,0.17,1124,871,1.29,32.84%,29.31%,0.026132,"14:34 ET"
GOOG,339.74,2026-10-09,7,Put,340.00,+0.02%,4.8,4.93,5,1360,1057,1.29,32.11%,25.79%,-0.497511,"14:49 ET"
BE,290.39,2026-10-09,7,Call,290.00,+0.30%,10.35,10.68,11,1384,1070,1.29,78.04%,66.44%,0.519561,"14:43 ET"
AVGO,355.46,2026-10-09,7,Call,390.00,-9.87%,0.26,0.3,0.3,1414,1100,1.29,35.73%,37.05%,0.038869,"14:48 ET"
CBRS,166.44,2026-10-09,7,Call,180.00,-8.28%,1.85,2,2.1,1452,1128,1.29,72.54%,70.12%,0.222599,"14:48 ET"
WULF,15.27,2026-10-09,7,Put,15.00,-2.02%,0.48,0.48,0.49,1489,1153,1.29,80.87%,71.25%,-0.416605,"14:46 ET"
VFC,14.16,2027-03-19,168,Put,11.00,-22.26%,0.42,0.47,0.55,1843,1425,1.29,49.96%,48.13%,-0.167914,"13:03 ET"
PBR,21.52,2026-10-02,0,Call,21.00,+2.14%,0.41,0.45,0.6,2094,1618,1.29,54.25%,29.25%,0.96529,"14:33 ET"
INTC,119.81,2026-10-05,3,Put,118.00,-1.57%,0.83,0.9,0.88,2252,1746,1.29,64.33%,38.69%,-0.310505,"14:49 ET"
HOOD,113.19,2026-10-02,0,Call,112.00,+1.22%,1.09,1.18,1.17,2581,2002,1.29,59.39%,17.31%,0.851687,"14:53 ET"
AMZN,250.46,2026-10-07,5,Call,265.00,-5.81%,0.1,0.11,0.11,2644,2056,1.29,34.23%,26.38%,0.03472,"14:49 ET"
PLTR,189.62,2026-10-09,7,Call,195.00,-2.81%,2,2,2.01,8012,6225,1.29,50.57%,38.46%,0.315699,"14:55 ET"
SMCI,43.76,2026-10-02,0,Call,43.50,+0.09%,0.3,0.31,0.34,31699,24491,1.29,75.13%,19.32%,0.709571,"14:54 ET"
NU,13.4,2026-10-09,7,Call,13.50,-1.12%,0.4,0.42,0.42,5454,4273,1.28,56.05%,63.36%,0.475204,"14:49 ET"
HIMS,28.69,2026-10-02,0,Call,28.50,+0.80%,0.21,0.22,0.28,545,426,1.28,76.28%,24.62%,0.679351,"14:47 ET"
SPCX,158.76,2026-10-23,21,Call,172.50,-8.64%,2.35,2.38,2.38,625,490,1.28,47.67%,43.84%,0.249209,"14:54 ET"
PRU,112.56,2026-12-18,77,Call,115.00,-2.33%,3.6,4.02,4.4,800,627,1.28,26.41%,25.12%,0.44071,"12:30 ET"
NCLH,14.98,2026-11-20,49,Call,17.00,-13.41%,0.52,0.57,0.56,1038,810,1.28,53.57%,55.08%,0.308726,"13:22 ET"
GIS,32.18,2027-01-15,105,Call,35.00,-9.38%,1,1.05,1.05,1580,1230,1.28,32.79%,31.56%,0.317132,"14:47 ET"
CIFR,15.52,2026-10-09,7,Put,17.00,+9.47%,1.64,1.74,1.83,1626,1271,1.28,92.98%,85.56%,-0.764361,"14:45 ET"
MU,1075.75,2026-10-09,7,Call,"1,080.00",-0.55%,25.4,25.3,25.55,1688,1318,1.28,48.99%,44.97%,0.496745,"14:47 ET"
APLD,25.07,2026-10-09,7,Call,28.00,-11.55%,0.64,0.66,0.67,2288,1782,1.28,89.06%,119.51%,0.277882,"14:45 ET"
NBIS,242.15,2026-10-02,0,Call,240.00,+0.74%,2.62,2.7,2.77,3619,2827,1.28,80.14%,14.50%,0.926886,"14:55 ET"
KO,85.64,2027-03-19,168,Call,95.00,-11.12%,1.67,1.69,1.8,4025,3151,1.28,19.84%,20.16%,0.261025,"14:27 ET"
KO,85.64,2026-10-16,14,Put,86.00,+0.60%,1.24,1.27,1.3,517,406,1.27,19.84%,16.51%,-0.539008,"14:55 ET"
COIN,182.05,2026-10-09,7,Put,165.00,-9.16%,0.61,0.63,0.7,630,495,1.27,61.82%,54.17%,-0.098898,"14:48 ET"
C,128.4,2026-10-09,7,Put,124.00,-3.48%,0.48,0.51,0.55,657,519,1.27,31.78%,29.18%,-0.179515,"14:49 ET"
LULU,94.54,2026-10-09,7,Call,95.00,-0.80%,1.82,1.96,1.97,719,565,1.27,41.83%,39.17%,0.486053,"14:45 ET"
TSM,472.52,2026-10-09,7,Put,455.00,-3.45%,1.55,1.55,1.58,791,623,1.27,32.84%,28.00%,-0.159658,"14:53 ET"
HIMS,28.69,2026-10-02,0,Put,30.00,+4.42%,1.22,1.29,1.4,798,630,1.27,76.28%,45.06%,-0.974722,"14:49 ET"
CRWD,268.34,2026-10-09,7,Put,260.00,-3.06%,3.2,3.3,3.45,876,692,1.27,51.71%,45.43%,-0.300537,"14:47 ET"
CRM,234.34,2026-10-02,0,Put,235.00,+0.28%,0.62,0.71,0.79,1147,905,1.27,38.39%,9.23%,-0.653624,"14:48 ET"
S,25.23,2026-10-16,14,Call,25.00,+0.79%,1,1.05,1.2,1924,1513,1.27,50.74%,49.72%,0.558784,"14:42 ET"
BA,193.86,2026-10-02,0,Put,192.50,+0.10%,0.11,0.14,0.2,2142,1687,1.27,36.24%,23.01%,-0.13157,"14:49 ET"
SPCX,158.76,2026-11-20,49,Call,250.00,-57.45%,0.24,0.25,0.26,2255,1774,1.27,47.67%,57.09%,0.021636,"14:00 ET"
NVTS,12.47,2026-10-09,7,Call,13.00,-3.83%,0.3,0.3,0.32,2627,2074,1.27,88.26%,75.69%,0.366378,"14:54 ET"
AMZN,250.46,2026-10-07,5,Put,245.00,-2.18%,0.88,0.88,0.93,3254,2567,1.27,34.23%,24.44%,-0.217999,"14:45 ET"
PLTR,189.62,2026-11-06,35,Put,155.00,-18.28%,2.07,2.2,2.29,501,397,1.26,50.57%,60.24%,-0.116223,"14:18 ET"
GOOGL,342.94,2026-10-09,7,Put,342.50,-0.16%,4.45,4.55,4.8,512,405,1.26,32.37%,25.91%,-0.475047,"14:42 ET"
CHH,103.07,2026-10-16,14,Call,100.00,+3.11%,5,5.4,5.4,526,416,1.26,40.51%,41.09%,0.673301,"14:54 ET"
MU,1075.75,2026-10-23,21,Put,900.00,-16.21%,3.3,3.68,3.85,600,477,1.26,48.99%,50.68%,-0.060417,"14:49 ET"
NKE,33.71,2027-01-15,105,Call,32.50,+3.42%,3.45,3.57,3.6,633,502,1.26,36.26%,41.49%,0.601642,"14:52 ET"
BE,290.39,2026-10-09,7,Put,275.00,-5.46%,4.1,4.3,4.5,689,548,1.26,78.04%,64.72%,-0.261238,"14:48 ET"
CRCL,80.4,2026-10-02,0,Put,81.00,+0.52%,0.59,0.66,0.68,987,785,1.26,69.39%,9.45%,-0.950453,"14:47 ET"
MRVL,273.92,2026-10-09,7,Put,250.00,-8.18%,2.3,2.39,2.4,1252,990,1.26,62.27%,69.90%,-0.160956,"14:48 ET"
GOOGL,342.94,2026-10-09,7,Call,375.00,-9.31%,0.17,0.18,0.2,1532,1216,1.26,32.37%,33.77%,0.030225,"14:43 ET"
WULF,15.27,2026-11-20,49,Put,13.00,-15.09%,0.75,0.77,0.8,2574,2046,1.26,80.87%,76.24%,-0.256839,"14:30 ET"
ORCL,141.9,2026-10-09,7,Call,140.00,+1.21%,4.4,4.4,4.55,2673,2125,1.26,50.09%,43.56%,0.603922,"14:53 ET"
BA,193.86,2027-01-15,105,Call,210.00,-9.20%,9.8,10,10.2,3118,2482,1.26,36.24%,38.13%,0.394675,"14:47 ET"
RDDT,148.38,2026-10-02,0,Call,150.00,-0.85%,0.09,0.12,0.15,4301,3417,1.26,65.38%,20.08%,0.150269,"14:52 ET"
SPCX,158.76,2026-10-23,21,Put,140.00,-11.83%,0.91,0.95,0.94,5359,4255,1.26,47.67%,45.90%,-0.105163,"14:53 ET"
PSKY,9.23,2026-10-16,14,Call,10.00,-10.74%,0.19,0.2,0.21,18544,14672,1.26,61.03%,64.65%,0.290399,"14:50 ET"
BMNR,26.11,2026-10-09,7,Put,25.50,-2.71%,0.6,0.62,0.67,693,555,1.25,71.10%,64.04%,-0.376152,"14:45 ET"
AMD,632.82,2026-10-23,21,Put,560.00,-11.28%,4.35,4.48,4.65,735,589,1.25,50.71%,46.32%,-0.123403,"14:26 ET"
TSM,472.52,2026-10-09,7,Put,465.00,-1.33%,3.85,3.95,3.95,735,590,1.25,32.84%,27.21%,-0.327752,"14:54 ET"
MCD,231.9,2026-10-09,7,Call,235.00,-1.54%,1.2,1.31,1.35,756,606,1.25,22.59%,19.22%,0.321613,"14:53 ET"
NKE,33.71,2026-11-13,42,Put,35.00,+4.01%,2.05,2.27,2.28,789,631,1.25,36.26%,30.76%,-0.619172,"14:25 ET"
AMKR,55.99,2028-01-21,476,Call,100.00,-78.54%,7.7,7.7,8.7,850,680,1.25,70.23%,69.22%,0.387944,"11:49 ET"
MDLZ,58.19,2026-12-18,77,Call,62.50,-7.48%,1,1.08,1.15,865,690,1.25,22.66%,24.22%,0.282126,"14:49 ET"
MDB,357.33,2026-11-20,49,Call,370.00,-3.48%,23.85,24,24.5,950,763,1.25,54.38%,55.68%,0.480184,"14:43 ET"
NTSK,17.89,2027-01-15,105,Call,25.00,-39.43%,1,1.06,1.3,1003,800,1.25,69.93%,79.63%,0.293722,"11:12 ET"
VERI,0.7329,2028-01-21,476,Put,0.5000,-31.76%,0.2,0.2,0.25,1400,1117,1.25,155.46%,137.24%,-0.147588,"14:01 ET"
NEE,76.81,2026-11-20,49,Put,77.50,+0.74%,2.91,2.89,3.05,1534,1229,1.25,24.23%,23.62%,-0.519567,"14:12 ET"
BX,112.89,2026-10-09,7,Put,106.00,-6.16%,0.19,0.29,0.52,508,410,1.24,40.24%,39.11%,-0.116028,"13:50 ET"
RDW,10.76,2026-10-09,7,Call,11.50,-6.78%,0.15,0.2,0.25,538,433,1.24,87.34%,78.38%,0.289096,"14:46 ET"
COIN,182.05,2026-10-09,7,Put,172.50,-5.03%,1.88,1.91,1.99,556,447,1.24,61.82%,52.92%,-0.238985,"14:46 ET"
OKLO,35.85,2026-10-09,7,Put,36.00,+0.08%,1.19,1.21,1.23,590,475,1.24,70.98%,60.25%,-0.487167,"14:53 ET"
UNH,369.77,2026-10-02,0,Call,367.50,+0.31%,2.08,2.45,2.87,676,545,1.24,40.62%,11.07%,0.864467,"14:51 ET"
DNA,12.19,2026-12-18,77,Call,15.00,-22.85%,1.4,1.56,1.7,842,681,1.24,118.68%,110.09%,0.442545,"14:16 ET"
CRCL,80.4,2026-10-09,7,Put,80.00,-0.72%,2.35,2.37,2.41,887,718,1.24,69.39%,58.41%,-0.458209,"14:49 ET"
BULL,7.39,2026-10-09,7,Put,7.50,+1.21%,0.27,0.26,0.28,907,730,1.24,60.25%,52.81%,-0.564455,"14:25 ET"
ORCL,141.9,2026-10-09,7,Put,132.00,-6.85%,0.56,0.59,0.61,971,784,1.24,50.09%,46.95%,-0.124269,"14:52 ET"
RKT,11.81,2026-10-09,7,Put,12.50,+6.20%,0.66,0.77,0.89,1112,894,1.24,63.68%,47.75%,-0.796399,"12:18 ET"
WBD,30.94,2026-10-09,7,Call,30.50,+1.42%,0.5,0.51,0.51,2204,1776,1.24,2.55%,10.40%,0.8591,"13:55 ET"
VSH,38.79,2026-10-16,14,Call,40.00,-3.68%,1.35,1.45,1.6,6251,5024,1.24,73.62%,68.53%,0.421383,"14:38 ET"
"Downloaded from Barchart.com as of 10-02-2026 02:32pm CDT"
