Symbol,Price~,Exp Date,DTE,Type,Strike,Moneyness,Bid,Latest,Ask,Volume,Open Int,Vol/OI,Imp Vol,IV,Delta,Time
NVDA,230.36,2026-09-09,4,Put,232.50,+0.93%,3.85,4,4.05,24060,226,106.46,34.41%,28.91%,-0.611102,2026-09-05
SMCI,39.59,2026-09-11,6,Call,42.50,-7.35%,0.52,0.57,0.57,28997,284,102.1,73.04%,75.71%,0.249469,2026-09-05
PATH,15.19,2026-12-18,104,Put,15.00,-1.25%,1.81,2.17,2.17,29570,322,91.83,58.78%,67.60%,-0.406256,2026-09-05
IREN,44.68,2027-03-19,195,Put,40.00,-10.47%,8.35,8.57,8.85,14213,175,81.22,87.42%,92.47%,-0.300091,2026-09-05
SIRI,28.99,2026-09-11,6,Call,30.00,-3.48%,0.1,0.15,0.21,17688,241,73.39,26.05%,33.70%,0.220152,2026-09-05
DOW,29.44,2026-09-11,6,Put,29.00,-1.49%,0.32,0.23,0.39,26489,412,64.29,40.21%,36.50%,-0.366017,2026-09-05
INTC,95.8,2026-09-11,6,Call,107.00,-11.69%,0.46,0.46,0.51,19711,308,64,61.80%,70.10%,0.119063,2026-09-05
USAR,17.61,2026-10-16,41,Call,24.00,-36.29%,0.4,0.43,0.48,7220,113,63.89,80.81%,86.24%,0.180808,2026-09-05
NVDA,230.36,2026-10-02,27,Put,235.00,+2.01%,10.55,10.65,10.9,6603,105,62.89,34.41%,33.63%,-0.561286,2026-09-05
AMZN,258.51,2026-09-09,4,Call,247.50,+4.26%,10.6,11.63,11.7,7577,127,59.66,30.40%,20.57%,0.979845,2026-09-05
NVDA,230.36,2026-09-11,6,Call,252.50,-9.61%,0.15,0.16,0.17,43936,898,48.93,34.41%,38.92%,0.035668,2026-09-05
SMCI,39.59,2026-09-11,6,Call,40.50,-2.30%,1.01,1.09,1.15,20244,425,47.63,73.04%,72.36%,0.423796,2026-09-05
SKHY,177,2026-09-11,6,Call,195.00,-10.17%,1.26,1.32,1.35,10002,214,46.74,64.02%,71.81%,0.158787,2026-09-05
MSFT,499.7,2026-09-09,4,Call,505.00,-1.06%,2.1,2.22,2.25,5457,126,43.31,24.61%,20.31%,0.318934,2026-09-05
TSLA,354.08,2026-09-09,4,Call,352.50,+0.45%,5.95,6.05,6.1,22023,526,41.87,40.37%,34.70%,0.5605,2026-09-05
LULU,100.61,2026-09-11,6,Put,104.00,+3.37%,4.25,4.3,4.55,3876,101,38.38,41.44%,45.22%,-0.70427,2026-09-05
POET,7.92,2026-09-25,20,Call,8.50,-7.32%,0.39,0.41,0.42,22737,600,37.9,83.67%,84.78%,0.402481,2026-09-05
TSLA,354.08,2026-09-09,4,Call,347.50,+1.86%,9,9,9.15,4665,128,36.45,40.37%,34.25%,0.709608,2026-09-05
DAL,80.17,2026-09-11,6,Call,82.00,-2.28%,0.49,0.54,0.66,5938,163,36.43,38.25%,30.80%,0.294142,2026-09-05
AMZN,258.51,2026-09-09,4,Call,250.00,+3.29%,8.65,8.99,9.25,6883,191,36.04,30.40%,25.72%,0.898219,2026-09-05
HPQ,32.64,2026-09-11,6,Call,33.00,-1.10%,0.45,0.45,0.62,3980,111,35.86,46.01%,41.74%,0.429076,2026-09-05
MOS,25.85,2026-09-11,6,Put,24.00,-7.16%,0.1,0.13,0.15,10178,285,35.71,46.75%,54.05%,-0.134099,2026-09-05
CRWV,89.36,2026-09-18,13,Put,87.00,-2.64%,3.7,3.8,3.85,4315,127,33.98,76.04%,74.02%,-0.393925,2026-09-05
MSFT,499.7,2026-10-02,27,Call,565.00,-13.07%,0.54,0.61,0.71,5016,148,33.89,24.61%,25.62%,0.044806,2026-09-05
AI,10.46,2026-09-11,6,Call,11.00,-5.16%,0.1,0.13,0.13,45808,1423,32.19,60.75%,56.85%,0.259124,2026-09-05
PL,18.12,2026-11-20,76,Call,26.00,-43.49%,0.5,0.56,0.6,5889,184,32.01,69.89%,73.94%,0.189788,2026-09-05
ENPH,36.37,2026-09-11,6,Call,37.00,-1.73%,0.65,0.75,0.8,3099,104,29.8,62.10%,53.31%,0.417452,2026-09-05
TSLA,354.08,2026-09-09,4,Put,342.50,-3.27%,1.33,1.35,1.36,7999,275,29.09,40.37%,36.08%,-0.181736,2026-09-05
APLD,26.37,2026-09-11,6,Put,26.50,+0.49%,0.92,1.02,1.09,3520,124,28.39,83.75%,69.99%,-0.501877,2026-09-05
CIFR,17.74,2026-09-11,6,Put,18.00,+1.47%,0.99,1.05,1.27,12237,434,28.2,96.25%,109.50%,-0.512023,2026-09-05
AMD,477.57,2026-09-09,4,Call,475.00,+0.54%,9.95,10.17,10.45,7201,257,28.02,49.79%,44.01%,0.559147,2026-09-05
AMZN,258.51,2026-09-09,4,Put,270.00,+4.44%,11.35,11.6,12.35,2800,100,28,30.40%,32.49%,-0.89747,2026-09-05
TSLA,354.08,2026-09-09,4,Put,357.50,+0.97%,7.25,7.3,7.35,12469,452,27.59,40.37%,36.99%,-0.587635,2026-09-05
PL,18.12,2026-10-16,41,Call,20.00,-10.38%,1,1.05,1.1,8680,319,27.21,69.89%,71.33%,0.391266,2026-09-05
TSLA,354.08,2026-09-09,4,Call,397.50,-12.26%,0.25,0.26,0.26,7527,282,26.69,40.37%,58.08%,0.031065,2026-09-05
ARM,252.09,2026-09-11,6,Call,270.00,-7.10%,2.76,2.82,2.9,6204,239,25.96,64.23%,68.03%,0.230683,2026-09-05
AAPL,319.97,2026-09-11,6,Call,295.00,+7.80%,24.8,26.71,25.75,2591,100,25.91,25.16%,33.59%,0.972544,2026-09-05
TSLA,354.08,2026-09-09,4,Call,362.50,-2.38%,2.3,2.34,2.34,15686,608,25.8,40.37%,36.73%,0.280397,2026-09-05
META,616.77,2026-09-09,4,Call,612.50,+0.69%,10.1,10.2,10.25,4186,163,25.68,35.99%,30.10%,0.597812,2026-09-05
IREN,44.68,2027-03-19,195,Call,65.00,-45.48%,6.9,7.05,7.15,14126,558,25.32,87.42%,95.19%,0.43632,2026-09-05
TSLA,354.08,2026-09-09,4,Call,357.50,-0.97%,3.8,3.83,3.85,16261,649,25.06,40.37%,35.70%,0.409864,2026-09-05
NVDA,230.36,2026-09-09,4,Put,230.00,-0.16%,2.48,2.59,2.65,35698,1454,24.55,34.41%,28.88%,-0.469621,2026-09-05
MU,1016.59,2026-09-09,4,Call,995.00,+2.12%,33.25,34.3,36.4,3496,144,24.28,64.65%,52.68%,0.664204,2026-09-05
INTC,95.8,2026-09-09,4,Call,101.00,-5.43%,0.63,0.64,0.67,8028,331,24.25,61.80%,58.39%,0.203612,2026-09-05
NN,15.18,2026-09-11,6,Call,18.00,-18.58%,0.6,0.65,0.7,42755,1779,24.03,115.72%,201.15%,0.298224,2026-09-05
CIFR,17.74,2026-11-20,76,Call,28.00,-57.84%,0.73,0.95,1.2,4087,171,23.9,96.25%,104.36%,0.240653,2026-09-05
INTC,95.8,2026-09-09,4,Call,99.00,-3.34%,1.03,1.05,1.07,4757,204,23.32,61.80%,56.42%,0.301129,2026-09-05
TSLA,354.08,2026-09-09,4,Call,360.00,-1.67%,2.96,2.99,3,44099,1917,23,40.37%,36.11%,0.341158,2026-09-05
LULU,100.61,2026-09-11,6,Put,99.00,-1.60%,1.49,1.49,1.6,2576,112,23,41.44%,44.70%,-0.374864,2026-09-05
AMD,477.57,2026-09-09,4,Call,480.00,-0.51%,7.65,7.9,7.9,9267,411,22.55,49.79%,44.27%,0.469005,2026-09-05
SHEL,92.95,2026-09-11,6,Call,95.00,-2.21%,0.3,0.3,0.45,2296,103,22.29,22.66%,23.11%,0.23575,2026-09-05
TSLA,354.08,2026-09-09,4,Call,355.00,-0.26%,4.8,4.8,4.85,33017,1483,22.26,40.37%,35.16%,0.483532,2026-09-05
MU,1016.59,2026-09-09,4,Call,1030.00,-1.32%,15.45,16.58,17,5720,258,22.17,64.65%,51.79%,0.417826,2026-09-05
PURR,12.18,2026-09-11,6,Call,12.50,-2.63%,0.45,0.62,0.65,6633,307,21.61,99.96%,110.27%,0.456774,2026-09-05
EQT,55.17,2026-10-16,41,Put,50.00,-9.37%,0.21,0.45,0.46,14095,666,21.16,30.64%,27.53%,-0.12693,2026-09-05
TSLA,354.08,2026-09-09,4,Put,355.00,+0.26%,5.8,5.8,5.9,24512,1160,21.13,40.37%,36.77%,-0.516001,2026-09-05
TSLA,354.08,2026-09-09,4,Put,352.50,-0.45%,4.5,4.54,4.6,20937,992,21.11,40.37%,36.33%,-0.442279,2026-09-05
MU,1016.59,2026-09-09,4,Call,1100.00,-8.20%,2.66,2.75,2.87,8998,432,20.83,64.65%,56.91%,0.098984,2026-09-05
KR,58.59,2026-09-11,6,Call,60.00,-2.41%,0.94,1.12,1.19,9036,439,20.58,35.40%,55.15%,0.382685,2026-09-05
VST,149.3,2026-11-20,76,Call,195.00,-30.61%,2.15,2.39,2.54,2997,148,20.25,43.63%,49.43%,0.148393,2026-09-05
MARA,11.31,2026-09-11,6,Call,11.50,-1.68%,0.39,0.41,0.41,43655,2184,19.99,83.23%,83.40%,0.461445,2026-09-05
NVDA,230.36,2026-09-09,4,Put,235.00,+2.01%,5.55,5.75,5.8,5206,263,19.79,34.41%,29.01%,-0.737521,2026-09-05
KR,58.59,2026-09-11,6,Call,61.00,-4.11%,0.75,0.78,0.83,8896,452,19.68,35.40%,56.64%,0.302795,2026-09-05
NVDA,230.36,2026-09-11,6,Call,257.50,-11.78%,0.1,0.11,0.11,11795,600,19.66,34.41%,42.64%,0.022737,2026-09-05
MU,1016.59,2026-09-09,4,Call,1010.00,+0.65%,24.5,25.67,27.05,5499,282,19.5,64.65%,52.26%,0.560957,2026-09-05
CELH,30.66,2026-09-11,6,Put,30.50,-0.52%,0.87,0.9,1,4732,245,19.31,54.71%,65.29%,-0.456135,2026-09-05
WULF,16.51,2026-09-11,6,Call,17.50,-6.00%,0.32,0.33,0.38,11618,602,19.3,81.57%,87.29%,0.312065,2026-09-05
TSLA,354.08,2026-09-09,4,Call,367.50,-3.79%,1.37,1.39,1.4,6270,326,19.23,40.37%,38.10%,0.18327,2026-09-05
TSLA,354.08,2026-09-09,4,Call,345.00,+2.56%,10.8,10.87,11.1,3495,182,19.2,40.37%,34.68%,0.771773,2026-09-05
INTC,95.8,2026-09-11,6,Call,101.00,-5.43%,1.25,1.33,1.41,8719,462,18.87,61.80%,65.26%,0.279614,2026-09-05
NVDA,230.36,2026-09-11,6,Put,232.50,+0.93%,4.95,5.16,5.45,8519,453,18.81,34.41%,34.67%,-0.570255,2026-09-05
DAL,80.17,2026-09-11,6,Call,81.00,-1.04%,0.79,0.85,0.98,5828,310,18.8,38.25%,30.16%,0.406579,2026-09-05
SMCI,39.59,2026-09-11,6,Put,40.00,+1.04%,1.65,1.68,1.76,2557,136,18.8,73.04%,73.86%,-0.522557,2026-09-05
SKHY,177,2028-01-21,503,Call,175.00,+1.13%,55.15,57.53,58.8,2362,127,18.6,64.02%,65.19%,0.681029,2026-09-05
NVDA,230.36,2026-10-09,34,Put,230.00,-0.16%,8.95,9.12,9.3,2466,133,18.54,34.41%,34.33%,-0.464303,2026-09-05
IREN,44.68,2026-09-11,6,Call,46.50,-4.07%,1.16,1.2,1.26,8560,464,18.45,87.42%,84.92%,0.379477,2026-09-05
LULU,100.61,2026-09-18,13,Call,105.00,-4.36%,1.6,1.65,1.7,2710,147,18.44,41.44%,43.42%,0.321136,2026-09-05
DHT,20.87,2026-10-16,41,Call,23.00,-10.21%,0.4,0.48,0.5,10163,561,18.12,42.19%,44.10%,0.259993,2026-09-05
AAPL,319.97,2026-09-11,6,Call,322.50,-0.79%,3.55,3.65,3.75,11806,654,18.05,25.16%,28.83%,0.428556,2026-09-05
BBY,90.27,2026-09-18,13,Put,85.00,-5.84%,0.6,0.8,0.8,4355,251,17.35,34.99%,37.85%,-0.190431,2026-09-05
AMZN,258.51,2026-09-09,4,Put,262.50,+1.54%,4.9,5.24,5.35,5108,298,17.14,30.40%,25.21%,-0.711973,2026-09-05
TSLA,354.08,2026-09-09,4,Put,337.50,-4.68%,0.66,0.67,0.68,3529,206,17.13,40.37%,36.84%,-0.101629,2026-09-05
ON,74.38,2026-09-11,6,Call,75.00,-0.83%,1.43,1.56,1.82,2598,152,17.09,55.46%,49.73%,0.464548,2026-09-05
AMD,477.57,2026-09-09,4,Call,482.50,-1.03%,6.6,6.85,6.85,2099,123,17.07,49.79%,44.38%,0.424925,2026-09-05
GE,337.12,2027-01-15,132,Put,300.00,-11.01%,10.3,10.55,10.8,14718,862,17.07,29.14%,34.13%,-0.23552,2026-09-05
OXY,60.04,2026-09-11,6,Call,61.00,-1.60%,0.45,0.48,0.5,9235,547,16.88,30.95%,27.96%,0.338677,2026-09-05
VZ,50.14,2026-09-11,6,Put,49.00,-2.27%,0.14,0.16,0.17,7634,453,16.85,22.74%,21.36%,-0.199607,2026-09-05
XP,19.86,2026-11-20,76,Call,20.00,-0.70%,1.85,1.95,2.05,3263,197,16.56,47.09%,56.28%,0.536245,2026-09-05
APLD,26.37,2026-09-11,6,Put,25.50,-3.30%,0.53,0.56,0.59,3383,205,16.5,83.75%,70.63%,-0.336707,2026-09-05
AMZN,258.51,2026-09-09,4,Put,265.00,+2.51%,6,7.32,7.4,7579,464,16.33,30.40%,19.17%,-0.892296,2026-09-05
MSTR,142.8,2026-09-11,6,Call,146.00,-2.24%,4.25,4.4,4.4,5584,345,16.19,75.03%,77.88%,0.43405,2026-09-05
NVDA,230.36,2026-09-18,13,Put,232.50,+0.93%,6.8,6.97,7.05,4834,302,16.01,34.41%,34.00%,-0.539342,2026-09-05
BMNR,24.97,2026-10-16,41,Put,19.00,-23.91%,0.32,0.41,0.48,4043,253,15.98,76.42%,76.76%,-0.11414,2026-09-05
NFLX,78.25,2026-09-11,6,Call,79.00,-0.96%,0.96,0.99,0.99,11173,701,15.94,35.57%,32.25%,0.422436,2026-09-05
META,616.77,2026-09-09,4,Call,615.00,+0.29%,8.65,8.8,8.85,5416,344,15.74,35.99%,30.00%,0.54723,2026-09-05
CAMT,145.72,2027-01-15,132,Call,140.00,+3.93%,25.9,27.86,29.7,1642,105,15.64,71.50%,76.55%,0.606814,2026-09-05
TSLA,354.08,2026-09-09,4,Put,332.50,-6.09%,0.33,0.35,0.35,3660,236,15.51,40.37%,38.37%,-0.055387,2026-09-05
AXP,326.16,2026-09-11,6,Call,330.00,-1.18%,1.69,2.19,2.17,2332,152,15.34,22.98%,20.70%,0.339949,2026-09-05
AVNT,43.4,2026-09-18,13,Call,45.00,-3.69%,0.45,0.49,0.5,2388,156,15.31,38.71%,32.72%,0.291257,2026-09-05
NVDA,230.36,2026-10-09,34,Put,235.00,+2.01%,11.65,11.49,11.95,2674,177,15.11,34.41%,34.13%,-0.547469,2026-09-05
SMCI,39.59,2026-09-11,6,Call,42.00,-6.09%,0.63,0.63,0.67,15176,1008,15.06,73.04%,74.89%,0.287306,2026-09-05
MU,1016.59,2026-09-09,4,Call,1020.00,-0.34%,19.6,20.55,21.45,5990,401,14.94,64.65%,51.75%,0.489019,2026-09-05
MU,1016.59,2026-09-09,4,Put,940.00,-7.53%,2.21,2.25,2.42,4419,296,14.93,64.65%,55.59%,-0.083592,2026-09-05
TSLA,354.08,2026-09-09,4,Put,335.00,-5.39%,0.46,0.48,0.48,4679,315,14.85,40.37%,37.43%,-0.074539,2026-09-05
TSLA,354.08,2026-09-11,6,Call,357.50,-0.97%,5.6,5.65,5.7,11758,793,14.83,40.37%,39.25%,0.438788,2026-09-05
META,616.77,2026-09-09,4,Call,627.50,-1.74%,3.75,3.87,3.85,1490,101,14.75,35.99%,30.71%,0.305241,2026-09-05
T,25.68,2026-09-11,6,Call,25.00,+2.65%,0.72,0.78,0.87,5410,370,14.62,24.18%,27.72%,0.779491,2026-09-05
MSFT,499.7,2026-09-25,20,Call,555.00,-11.07%,0.42,0.44,0.48,5098,350,14.57,24.61%,24.72%,0.039419,2026-09-05
NKE,38.4,2026-09-11,6,Call,38.00,+1.04%,0.76,0.81,0.82,12235,855,14.31,41.86%,29.18%,0.616366,2026-09-05
POET,7.92,2026-10-02,27,Call,8.50,-7.32%,0.44,0.5,0.5,2403,170,14.14,83.67%,80.49%,0.420281,2026-09-05
CIFR,17.74,2026-09-11,6,Call,19.00,-7.10%,0.44,0.48,0.5,15455,1100,14.05,96.25%,103.28%,0.327242,2026-09-05
GOOGL,338.46,2026-09-11,6,Call,342.50,-1.19%,2.9,2.94,3.05,8187,596,13.74,28.49%,26.70%,0.377001,2026-09-05
AMZN,258.51,2026-09-09,4,Call,252.50,+2.32%,6.5,6.45,7.9,6891,511,13.49,30.40%,30.73%,0.776317,2026-09-05
DKNG,24.01,2026-09-11,6,Call,24.50,-2.04%,0.38,0.42,0.54,2957,221,13.38,50.59%,54.12%,0.402108,2026-09-05
CORZ,17.89,2026-09-11,6,Put,17.50,-2.18%,0.37,0.43,0.54,1952,146,13.37,69.85%,70.18%,-0.383781,2026-09-05
ADM,84.61,2026-10-16,41,Put,80.00,-5.45%,1.45,1.58,1.65,3298,247,13.35,32.00%,30.97%,-0.272432,2026-09-05
ORCL,158.78,2026-09-11,6,Call,177.50,-11.79%,3.45,3.5,3.6,9544,717,13.31,70.09%,119.65%,0.25864,2026-09-05
TSLA,354.08,2026-09-09,4,Call,350.00,+1.15%,7.4,7.45,7.5,16533,1250,13.23,40.37%,34.45%,0.637018,2026-09-05
TRIP,9.32,2028-01-21,503,Put,3.00,-67.81%,0.1,0.16,0.3,4900,371,13.21,46.93%,77.73%,-0.039791,2026-09-04
HIMS,27.71,2026-09-11,6,Call,28.50,-2.85%,0.55,0.57,0.6,5631,428,13.16,67.59%,63.33%,0.382723,2026-09-05
MU,1016.59,2026-09-09,4,Call,1060.00,-4.27%,7.05,8.1,8.1,1350,103,13.11,64.65%,52.94%,0.235798,2026-09-05
BE,252.87,2026-09-11,6,Call,350.00,-38.41%,0.41,0.46,0.46,1634,125,13.07,90.84%,127.77%,0.028809,2026-09-05
MU,1016.59,2026-09-09,4,Call,1080.00,-6.24%,4.3,4.5,4.65,1640,126,13.02,64.65%,54.44%,0.152334,2026-09-05
OXY,60.04,2026-09-11,6,Call,62.00,-3.26%,0.2,0.36,0.26,9532,736,12.95,30.95%,28.21%,0.194444,2026-09-05
VFC,13.45,2026-09-11,6,Put,13.00,-3.35%,0.08,0.12,0.13,1612,125,12.9,39.33%,40.47%,-0.246691,2026-09-05
AMD,477.57,2026-09-09,4,Call,492.50,-3.13%,3.65,3.6,3.75,1872,146,12.82,49.79%,45.74%,0.270693,2026-09-05
TSLA,354.08,2026-09-09,4,Put,347.50,-1.86%,2.56,2.59,2.6,9634,752,12.81,40.37%,35.97%,-0.299341,2026-09-05
SLS,13.86,2027-04-16,223,Call,30.00,-116.45%,4,4.4,4.8,2003,158,12.68,204.67%,172.94%,0.548777,2026-09-05
SMCI,39.59,2026-09-11,6,Call,43.00,-8.61%,0.44,0.49,0.48,9639,761,12.67,73.04%,76.79%,0.216524,2026-09-05
SMCI,39.59,2026-09-11,6,Put,39.00,-1.49%,1.14,1.15,1.17,1645,130,12.65,73.04%,71.68%,-0.414977,2026-09-05
META,616.77,2026-09-09,4,Put,605.00,-1.91%,3.2,3.29,3.3,2224,176,12.64,35.99%,30.66%,-0.265554,2026-09-05
AMAT,454.71,2026-09-11,6,Call,460.00,-1.16%,9.3,10,10.2,1781,142,12.54,53.35%,51.79%,0.446985,2026-09-05
MU,1016.59,2026-09-09,4,Call,1050.00,-3.29%,9.6,10.17,10.5,12115,971,12.48,64.65%,53.00%,0.291798,2026-09-05
MSFT,499.7,2026-09-09,4,Call,500.00,-0.06%,4,4.14,4.45,3076,248,12.4,24.61%,20.58%,0.499037,2026-09-05
LULU,100.61,2026-09-11,6,Put,95.00,-5.58%,0.47,0.48,0.5,3319,268,12.38,41.44%,45.62%,-0.153982,2026-09-05
AMAT,454.71,2027-03-19,195,Call,840.00,-84.73%,9.85,10.6,11.95,1793,145,12.37,53.35%,60.40%,0.129568,2026-09-05
AAPL,319.97,2026-09-09,4,Put,295.00,-7.80%,0.08,0.1,0.1,2041,165,12.37,25.16%,37.97%,-0.019112,2026-09-05
FIG,24.12,2026-09-11,6,Put,23.00,-4.64%,0.32,0.36,0.42,2351,191,12.31,70.48%,67.60%,-0.27491,2026-09-05
AAOI,105.53,2026-09-11,6,Call,110.00,-4.24%,2.7,2.85,3,7604,633,12.01,89.92%,85.89%,0.37588,2026-09-05
META,616.77,2026-09-09,4,Put,610.00,-1.10%,4.8,4.85,4.85,2737,228,12,35.99%,30.53%,-0.35533,2026-09-05
EYPT,4.58,2026-11-20,76,Put,2.50,-45.41%,0.45,0.75,1.1,5422,454,11.94,158.72%,275.42%,-0.132425,2026-09-05
SNOW,337.18,2026-09-11,6,Call,345.00,-2.32%,4.55,5,5,1730,145,11.93,43.58%,45.95%,0.363314,2026-09-05
SKHY,177,2026-09-18,13,Put,170.00,-3.95%,5.1,5.2,5.35,2533,213,11.89,64.02%,63.88%,-0.343068,2026-09-05
RARE,15.3,2028-01-21,503,Call,35.00,-128.76%,1.1,1.25,1.4,1983,167,11.87,59.42%,63.50%,0.253851,2026-09-05
TSLA,354.08,2026-09-18,13,Call,362.50,-2.38%,7.25,7.35,7.35,5787,489,11.83,40.37%,40.13%,0.399186,2026-09-05
AMD,477.57,2026-09-09,4,Call,485.00,-1.56%,5.75,5.7,5.9,3035,261,11.63,49.79%,44.71%,0.382853,2026-09-05
FIGR,35.96,2026-09-11,6,Put,35.00,-2.67%,0.65,0.83,1.1,2715,234,11.6,80.35%,72.04%,-0.365172,2026-09-05
MTUS,19.93,2026-09-18,13,Call,20.00,-0.35%,0.5,0.55,0.6,1182,102,11.59,33.54%,38.73%,0.496619,2026-09-05
INTC,95.8,2026-10-02,27,Put,95.00,-0.84%,5.7,5.89,5.95,5232,455,11.5,61.80%,61.09%,-0.442486,2026-09-05
COHR,281.86,2026-09-11,6,Call,300.00,-6.44%,3.5,3.5,5,1191,104,11.45,71.52%,73.80%,0.272355,2026-09-05
VST,149.3,2026-10-02,27,Call,160.00,-7.17%,3.2,3.3,3.5,1362,120,11.35,43.63%,44.21%,0.309421,2026-09-05
BURL,265.33,2026-09-18,13,Call,320.00,-20.60%,0.1,0.1,0.7,1299,115,11.3,38.03%,54.07%,0.038187,2026-09-05
META,616.77,2026-09-11,6,Put,610.00,-1.10%,7.6,7.7,7.75,1752,155,11.3,35.99%,34.57%,-0.389187,2026-09-05
TSLA,354.08,2026-09-11,6,Call,367.50,-3.79%,2.62,2.64,2.66,7062,628,11.25,40.37%,40.41%,0.248046,2026-09-05
KMB,104.96,2026-09-11,6,Call,109.00,-3.85%,0.2,0.22,0.25,1973,176,11.21,24.06%,25.94%,0.130406,2026-09-05
AMZN,258.51,2026-09-09,4,Call,255.00,+1.36%,4.75,4.8,4.95,6103,545,11.2,30.40%,24.85%,0.710175,2026-09-05
NFLX,78.25,2026-09-11,6,Put,77.00,-1.60%,0.69,0.71,0.71,3242,290,11.18,35.57%,31.25%,-0.33186,2026-09-05
LULU,100.61,2026-09-11,6,Put,97.00,-3.59%,0.87,0.89,0.9,1139,102,11.17,41.44%,44.74%,-0.24984,2026-09-05
APLD,26.37,2026-09-11,6,Call,28.50,-8.08%,0.25,0.28,0.36,6171,553,11.16,83.75%,73.94%,0.221912,2026-09-05
AMZN,258.51,2026-09-09,4,Put,257.50,-0.39%,2.03,2.22,2.26,5785,520,11.13,30.40%,24.68%,-0.429736,2026-09-05
AAPL,319.97,2026-10-09,34,Call,320.00,-0.01%,10.25,10.25,10.4,1844,166,11.11,25.16%,25.29%,0.530955,2026-09-05
AAPL,319.97,2026-10-09,34,Call,345.00,-7.82%,2.15,2.2,2.25,3244,292,11.11,25.16%,24.48%,0.176429,2026-09-05
INTC,95.8,2026-09-09,4,Put,92.00,-3.97%,0.68,0.71,0.74,2075,187,11.1,61.80%,53.31%,-0.224019,2026-09-05
LRCX,307.65,2026-09-11,6,Call,320.00,-4.01%,4.25,4.44,4.6,1662,150,11.08,60.00%,57.78%,0.313112,2026-09-05
HIMS,27.71,2026-10-09,34,Put,25.00,-9.78%,0.91,0.97,1.05,1213,110,11.03,67.59%,65.21%,-0.263825,2026-09-05
MU,1016.59,2026-09-09,4,Call,990.00,+2.62%,36.55,38.15,39.95,3148,286,11.01,64.65%,53.01%,0.695835,2026-09-05
MU,1016.59,2026-09-09,4,Call,1005.00,+1.14%,27.25,28.38,29.15,4403,400,11.01,64.65%,51.39%,0.597684,2026-09-05
AG,20.97,2026-09-11,6,Put,21.50,+2.53%,0.84,0.95,1.01,3107,284,10.94,62.31%,58.15%,-0.614987,2026-09-05
GOOGL,338.46,2026-09-09,4,Call,340.00,-0.46%,2.52,2.6,2.66,4311,395,10.91,28.49%,22.93%,0.43575,2026-09-05
AFRM,72.35,2026-09-11,6,Call,74.00,-2.28%,1.16,1.2,1.33,1504,138,10.9,51.73%,51.95%,0.383481,2026-09-05
AAPL,319.97,2026-09-09,4,Call,322.50,-0.79%,2.68,2.69,2.82,18976,1748,10.86,25.16%,28.61%,0.406694,2026-09-05
META,616.77,2026-09-09,4,Put,600.00,-2.72%,2.08,2.14,2.17,2347,217,10.82,35.99%,30.95%,-0.190245,2026-09-05
CMCSA,26.49,2026-09-11,6,Put,26.00,-1.85%,0.18,0.2,0.28,3749,349,10.74,30.20%,32.02%,-0.318738,2026-09-05
RIOT,21.8,2026-11-20,76,Call,29.00,-33.03%,1.28,1.44,1.69,1159,108,10.73,84.35%,89.24%,0.316182,2026-09-05
TSLA,354.08,2026-09-16,11,Call,360.00,-1.67%,7,6.95,7.2,1527,143,10.68,40.37%,38.90%,0.42246,2026-09-05
MU,1016.59,2026-09-11,6,Put,1000.00,-1.63%,21.95,22.2,23.15,3181,298,10.67,64.65%,58.87%,-0.39655,2026-09-05
NVDA,230.36,2026-09-16,11,Call,235.00,-2.01%,3.05,3.15,3.3,6985,658,10.62,34.41%,31.55%,0.374729,2026-09-05
CIFR,17.74,2027-03-19,195,Call,26.00,-46.56%,2.56,2.91,3.45,1324,125,10.59,96.25%,100.13%,0.449322,2026-09-05
TSLA,354.08,2026-09-09,4,Call,370.00,-4.50%,1.08,1.09,1.1,14702,1424,10.32,40.37%,39.11%,0.148211,2026-09-05
META,616.77,2026-09-11,6,Call,642.50,-4.17%,3,3.02,3.05,1060,103,10.29,35.99%,35.84%,0.196337,2026-09-05
NVDA,230.36,2026-09-09,4,Put,240.00,+4.18%,9.8,9.79,10.2,1369,134,10.22,34.41%,31.86%,-0.888103,2026-09-05
AG,20.97,2026-09-11,6,Put,20.50,-2.24%,0.38,0.42,0.44,1069,105,10.18,62.31%,58.56%,-0.364781,2026-09-05
SAP,215.11,2026-09-18,13,Put,202.50,-5.86%,1.55,1.85,2.3,2015,200,10.08,37.84%,40.27%,-0.202515,2026-09-05
MU,1016.59,2026-09-09,4,Call,1075.00,-5.75%,4.85,5.2,5.55,1077,107,10.07,64.65%,54.37%,0.172011,2026-09-05
SOLS,63.73,2026-10-16,41,Put,60.00,-5.85%,2,2.15,2.85,1004,100,10.04,50.48%,49.63%,-0.321206,2026-09-05
GOOGL,338.46,2026-09-09,4,Call,342.50,-1.19%,1.65,1.7,1.71,4120,412,10,28.49%,23.01%,0.320853,2026-09-05
UAL,111.38,2026-09-11,6,Put,107.00,-3.93%,0.56,0.64,0.83,1115,112,9.96,46.53%,39.68%,-0.211043,2026-09-05
FIGR,35.96,2026-09-11,6,Call,38.00,-5.67%,0.45,0.62,1.05,1151,116,9.92,80.35%,82.29%,0.321089,2026-09-05
MU,1016.59,2026-09-09,4,Call,1025.00,-0.83%,17.45,18.57,19.6,2269,229,9.91,64.65%,52.33%,0.45387,2026-09-05
NVDA,230.36,2026-09-11,6,Put,230.00,-0.16%,3.7,3.81,3.8,22076,2231,9.9,34.41%,33.81%,-0.473081,2026-09-05
MU,1016.59,2026-09-11,6,Call,995.00,+2.12%,41.25,41.35,44,1661,168,9.89,64.65%,58.84%,0.629324,2026-09-05
META,616.77,2026-09-09,4,Call,617.50,-0.12%,7.4,7.48,7.5,2571,260,9.89,35.99%,29.89%,0.495736,2026-09-05
NVDA,230.36,2026-09-09,4,Put,227.50,-1.24%,1.58,1.62,1.66,17531,1774,9.88,34.41%,29.81%,-0.335167,2026-09-05
GLW,154.3,2026-09-11,6,Call,180.00,-16.66%,0.15,0.16,0.3,3171,323,9.82,59.37%,67.82%,0.042458,2026-09-05
CIFR,17.74,2026-09-11,6,Call,18.50,-4.28%,0.62,0.64,0.66,9178,938,9.78,96.25%,104.66%,0.404721,2026-09-05
INTC,95.8,2026-09-09,4,Call,98.00,-2.30%,1.29,1.32,1.34,4073,417,9.77,61.80%,55.20%,0.360094,2026-09-05
TSLA,354.08,2026-09-09,4,Call,407.50,-15.09%,0.19,0.2,0.2,2793,286,9.77,40.37%,65.41%,0.022112,2026-09-05
PLTR,174.33,2026-10-02,27,Call,177.50,-1.82%,7.4,7.55,7.65,1884,193,9.76,46.80%,46.23%,0.476434,2026-09-05
PFE,28.45,2026-09-11,6,Call,28.50,-0.18%,0.27,0.29,0.29,14012,1445,9.7,22.66%,21.21%,0.47496,2026-09-05
AAPL,319.97,2026-09-09,4,Put,317.50,-0.77%,2.62,2.79,2.79,5436,561,9.69,25.16%,28.97%,-0.389462,2026-09-05
NBIS,226.39,2026-10-16,41,Call,195.00,+13.87%,41.95,43,43.9,1396,144,9.69,85.02%,83.60%,0.754204,2026-09-05
TSLA,354.08,2026-09-14,9,Call,360.00,-1.67%,5.55,5.62,5.7,2781,288,9.66,40.37%,36.32%,0.402627,2026-09-05
NVDA,230.36,2026-09-09,4,Call,235.00,-2.01%,1.03,1.08,1.08,88502,9213,9.61,34.41%,28.36%,0.259363,2026-09-05
META,616.77,2026-09-09,4,Put,615.00,-0.29%,6.85,6.9,6.95,1192,124,9.61,35.99%,30.50%,-0.454131,2026-09-05
MU,1016.59,2026-09-09,4,Call,1035.00,-1.81%,13.65,14.4,15.75,1317,137,9.61,64.65%,52.70%,0.385646,2026-09-05
ASTS,62.31,2026-09-11,6,Put,62.00,-0.50%,1.81,2.06,2.31,2091,218,9.59,74.93%,70.10%,-0.457855,2026-09-05
CIFR,17.74,2026-09-11,6,Put,17.00,-4.17%,0.51,0.51,0.57,12823,1338,9.58,96.25%,97.28%,-0.341593,2026-09-05
LEN,83.58,2026-09-11,6,Call,87.00,-4.09%,0.4,0.51,0.9,1024,107,9.57,42.86%,43.16%,0.243917,2026-09-05
AXTI,61.64,2026-09-11,6,Call,65.00,-5.45%,1.9,2.2,2.5,1203,126,9.55,107.24%,111.96%,0.38442,2026-09-05
CCL,23.51,2026-10-09,34,Call,30.00,-27.61%,0.03,0.1,0.15,1010,106,9.53,44.11%,49.33%,0.062071,2026-09-05
POET,7.92,2026-09-11,6,Call,8.00,-1.01%,0.27,0.3,0.3,5252,552,9.51,83.67%,78.96%,0.482934,2026-09-05
DELL,524.14,2026-09-11,6,Call,580.00,-10.66%,2.34,2.41,2.43,1160,122,9.51,62.50%,63.93%,0.117332,2026-09-05
AVGO,357.89,2026-09-16,11,Call,400.00,-11.77%,0.6,0.78,0.95,1522,160,9.51,37.03%,41.90%,0.069314,2026-09-05
TSLA,354.08,2026-09-11,6,Call,352.50,+0.45%,7.95,7.95,8.05,6744,712,9.47,40.37%,39.14%,0.550184,2026-09-05
COIN,184.64,2026-10-02,27,Call,187.50,-1.55%,11.05,12.65,13.05,1192,126,9.46,65.82%,65.54%,0.507155,2026-09-05
PATH,15.19,2026-09-11,6,Call,16.00,-5.33%,0.18,0.22,0.26,1887,200,9.44,58.78%,66.02%,0.286226,2026-09-05
META,616.77,2026-09-09,4,Call,630.00,-2.15%,3.1,3.16,3.2,2679,284,9.43,35.99%,30.86%,0.264433,2026-09-05
NU,15.37,2026-09-11,6,Put,15.50,+0.85%,0.35,0.37,0.4,1096,117,9.37,40.92%,39.31%,-0.552954,2026-09-05
AVGO,357.89,2026-09-09,4,Call,362.50,-1.29%,2.82,3.1,3.25,1424,152,9.37,37.03%,32.98%,0.365447,2026-09-05
CCJ,100.74,2026-09-11,6,Put,98.00,-2.72%,0.92,1.04,1.19,952,102,9.33,45.88%,42.68%,-0.294893,2026-09-05
HIMS,27.71,2026-10-09,34,Put,24.00,-13.39%,0.63,0.69,0.73,1204,130,9.26,67.59%,65.03%,-0.200786,2026-09-05
LRCX,307.65,2026-09-11,6,Call,330.00,-7.26%,2.16,2.36,2.49,1564,169,9.25,60.00%,58.94%,0.18854,2026-09-05
AVGO,357.89,2026-09-09,4,Call,357.50,+0.11%,5.05,5.17,5.3,2294,248,9.25,37.03%,32.92%,0.523292,2026-09-05
NBIS,226.39,2026-09-11,6,Call,202.50,+10.55%,24.4,22.79,26,974,106,9.19,85.02%,74.13%,0.890132,2026-09-05
MU,1016.59,2026-09-11,6,Call,1005.00,+1.14%,35.7,36.4,37.8,2351,256,9.18,64.65%,58.58%,0.578492,2026-09-05
TSLA,354.08,2026-09-09,4,Call,365.00,-3.08%,1.79,1.8,1.81,18900,2060,9.17,40.37%,37.43%,0.227997,2026-09-05
C,137.72,2026-09-11,6,Put,136.00,-1.25%,0.84,0.98,0.96,994,109,9.12,29.59%,23.30%,-0.328204,2026-09-05
AMD,477.57,2026-09-09,4,Put,470.00,-1.59%,5.45,5.55,5.7,1202,132,9.11,49.79%,45.07%,-0.355874,2026-09-05
META,616.77,2026-09-09,4,Put,612.50,-0.69%,5.7,5.82,5.85,1294,142,9.11,35.99%,30.42%,-0.403774,2026-09-05
AAPL,319.97,2026-09-09,4,Call,325.00,-1.57%,1.82,1.88,1.97,42417,4689,9.05,25.16%,28.70%,0.311305,2026-09-05
WDC,467.46,2027-01-15,132,Call,710.00,-51.88%,21.3,22.65,28,1042,116,8.98,69.93%,73.87%,0.245429,2026-09-05
BRK.B,506.03,2026-09-11,6,Put,500.00,-1.19%,0.92,1.4,1.35,2486,278,8.94,13.99%,13.20%,-0.227295,2026-09-05
DELL,524.14,2026-09-11,6,Put,525.00,+0.16%,16.7,16.56,17,962,108,8.91,62.50%,61.67%,-0.490381,2026-09-05
OCGN,1.36,2026-10-16,41,Put,1.00,-26.47%,0,0.15,0.3,5333,600,8.89,185.17%,193.47%,-0.210738,2026-09-05
GSK,49.89,2028-01-21,503,Put,45.00,-9.80%,3.5,3.6,3.7,1000,113,8.85,25.71%,27.13%,-0.297692,2026-09-05
BIDU,99.47,2026-09-11,6,Call,98.00,+1.48%,2.55,3.05,3.8,1257,142,8.85,43.15%,46.19%,0.614528,2026-09-05
ORCL,158.78,2026-09-11,6,Put,152.50,-3.96%,5.95,6,6.2,2930,331,8.85,70.09%,111.76%,-0.360991,2026-09-05
PYPL,54.96,2026-09-11,6,Call,59.00,-7.35%,0.21,0.25,0.4,3456,391,8.84,35.17%,53.31%,0.159231,2026-09-05
BE,252.87,2026-09-11,6,Call,290.00,-14.68%,4.4,4.5,4.55,1797,205,8.77,90.84%,122.09%,0.213807,2026-09-05
NCLH,15.57,2026-09-18,13,Call,16.50,-5.97%,0.1,0.2,0.2,1530,175,8.74,44.98%,39.10%,0.232096,2026-09-05
PEP,137.63,2026-09-11,6,Call,139.00,-1.00%,0.73,0.75,0.83,1186,136,8.72,22.64%,19.24%,0.347121,2026-09-05
SBUX,104.47,2026-09-25,20,Call,116.00,-11.04%,0,0.1,0.32,1332,153,8.71,26.39%,27.55%,0.05696,2026-09-05
TSLA,354.08,2026-09-11,6,Call,460.00,-29.91%,0.09,0.1,0.1,4179,481,8.69,40.37%,82.56%,0.007905,2026-09-05
VFC,13.45,2026-10-16,41,Call,14.00,-4.09%,0.43,0.47,0.49,1666,193,8.63,39.33%,37.97%,0.403202,2026-09-05
AMD,477.57,2026-09-09,4,Call,500.00,-4.70%,2.23,2.23,2.25,5753,667,8.63,49.79%,46.50%,0.181288,2026-09-05
BRK.B,506.03,2026-09-11,6,Call,510.00,-0.78%,1.46,1.6,1.83,3532,410,8.61,13.99%,12.10%,0.323664,2026-09-05
U,41.66,2026-10-16,41,Call,49.00,-17.62%,0.51,0.82,0.93,1237,144,8.59,52.41%,50.55%,0.198048,2026-09-04
META,616.77,2026-09-09,4,Call,635.00,-2.96%,2.13,2.16,2.22,1460,170,8.59,35.99%,31.48%,0.195816,2026-09-05
CIFR,17.74,2026-09-11,6,Call,19.50,-9.92%,0.33,0.35,0.41,2697,314,8.59,96.25%,106.57%,0.267733,2026-09-05
TSLA,354.08,2026-09-09,4,Put,340.00,-3.98%,0.94,0.96,0.96,9662,1128,8.57,40.37%,36.35%,-0.136799,2026-09-05
TSLA,354.08,2026-09-14,9,Call,355.00,-0.26%,7.6,7.75,7.75,3086,368,8.39,40.37%,35.92%,0.499225,2026-09-05
META,616.77,2026-09-09,4,Put,580.00,-5.96%,0.31,0.33,0.35,2228,266,8.38,35.99%,33.52%,-0.037623,2026-09-05
TSLA,354.08,2026-09-09,4,Call,392.50,-10.85%,0.28,0.28,0.29,4334,517,8.38,40.37%,53.85%,0.036551,2026-09-05
CHPT,9.89,2026-09-18,13,Put,10.00,+1.11%,0.9,0.99,1,1618,194,8.34,104.74%,120.50%,-0.472288,2026-09-05
TSLA,354.08,2026-09-09,4,Put,350.00,-1.15%,3.45,3.5,3.5,22170,2665,8.32,40.37%,36.16%,-0.369169,2026-09-05
KHC,24.85,2026-09-11,6,Call,25.50,-2.62%,0.11,0.13,0.16,20611,2483,8.3,26.86%,29.25%,0.24803,2026-09-05
MSFT,499.7,2026-09-09,4,Put,497.50,-0.44%,3.05,3.13,3.3,1025,124,8.27,24.61%,20.38%,-0.409086,2026-09-05
GOOGL,338.46,2026-09-09,4,Put,335.00,-1.02%,1.55,1.82,1.87,2656,321,8.27,28.49%,22.63%,-0.323111,2026-09-05
AAPL,319.97,2026-09-09,4,Put,307.50,-3.90%,0.5,0.53,0.53,2803,339,8.27,25.16%,30.74%,-0.1035,2026-09-05
BE,252.87,2026-09-11,6,Put,197.50,-21.90%,0.2,0.56,0.9,1570,190,8.26,90.84%,111.95%,-0.036134,2026-09-05
MRVL,223.55,2028-06-16,650,Put,120.00,-46.32%,15.9,16.77,16.85,845,103,8.2,63.48%,65.70%,-0.112729,2026-09-05
RDDT,154.46,2026-10-02,27,Call,155.00,-0.35%,9.3,10.22,10.55,866,106,8.17,58.91%,59.63%,0.530342,2026-09-05
MU,1016.59,2026-09-11,6,Call,1020.00,-0.34%,28.4,29.01,30,5012,618,8.11,64.65%,58.76%,0.500393,2026-09-05
AAPL,319.97,2026-09-14,9,Call,320.00,-0.01%,5.3,5.4,5.4,1298,160,8.11,25.16%,26.13%,0.515122,2026-09-05
MU,1016.59,2026-09-09,4,Call,1070.00,-5.25%,5.55,5.85,6,1237,153,8.08,64.65%,53.46%,0.189414,2026-09-05
GLW,154.3,2026-09-11,6,Call,167.50,-8.55%,0.85,0.93,1.16,1152,143,8.06,59.37%,61.88%,0.161283,2026-09-05
TSLA,354.08,2026-09-14,9,Call,365.00,-3.08%,4,4.1,4.1,2167,269,8.06,40.37%,36.84%,0.315364,2026-09-05
TSLA,354.08,2026-09-16,11,Call,355.00,-0.26%,9.1,9.18,9.25,1367,170,8.04,40.37%,38.47%,0.504353,2026-09-05
FRO,46.12,2026-09-18,13,Call,49.00,-6.24%,0.25,0.51,0.65,3416,425,8.04,49.38%,41.97%,0.222533,2026-09-04
MU,1016.59,2026-09-09,4,Put,915.00,-9.99%,0.95,1,1.05,1613,202,7.99,64.65%,58.33%,-0.039136,2026-09-05
COIN,184.64,2026-09-11,6,Call,192.50,-4.26%,3.15,3.35,3.45,3920,492,7.97,65.82%,66.88%,0.331275,2026-09-05
MSTR,142.8,2026-09-11,6,Put,143.00,+0.14%,5.6,5.72,5.8,1041,131,7.95,75.03%,77.18%,-0.48398,2026-09-05
PRQR,2.07,2026-10-16,41,Call,5.00,-141.55%,0.05,0.1,0.15,1000,126,7.94,203.69%,204.35%,0.17381,2026-09-05
CSCO,109.2,2026-09-11,6,Call,109.00,+0.18%,1.51,1.62,1.72,943,119,7.92,28.70%,26.77%,0.532007,2026-09-05
MSTR,142.8,2026-10-02,27,Call,145.00,-1.54%,10.6,10.8,11.1,2502,316,7.92,75.03%,75.39%,0.516364,2026-09-05
DELL,524.14,2026-09-11,6,Put,520.00,-0.79%,14.2,13.9,14.5,978,124,7.89,62.50%,61.63%,-0.442225,2026-09-05
ANET,193.78,2026-09-11,6,Call,202.50,-4.50%,1.37,1.58,1.81,898,114,7.88,48.13%,46.28%,0.24128,2026-09-05
PL,18.12,2026-09-11,6,Call,20.50,-13.13%,0.1,0.14,0.15,1715,218,7.87,69.89%,82.76%,0.134708,2026-09-05
NEM,128.09,2026-09-11,6,Call,134.00,-4.61%,0.55,0.67,0.88,1060,135,7.85,42.02%,40.07%,0.199496,2026-09-05
GOOGL,338.46,2026-09-11,6,Put,332.50,-1.76%,2.05,2.15,2.25,1786,228,7.83,28.49%,26.67%,-0.290906,2026-09-05
CRWV,89.36,2026-09-18,13,Put,86.00,-3.76%,3.25,3.19,3.4,852,109,7.82,76.04%,73.73%,-0.362106,2026-09-05
GPRO,1.7,2026-09-18,13,Put,1.50,-11.76%,0.15,0.17,0.2,139280,17875,7.79,167.66%,220.89%,-0.304565,2026-09-05
TSLA,354.08,2026-09-09,4,Put,345.00,-2.56%,1.86,1.88,1.9,11703,1509,7.76,40.37%,35.96%,-0.236259,2026-09-05
AAPL,319.97,2026-09-14,9,Call,330.00,-3.13%,1.7,1.77,1.8,4166,541,7.7,25.16%,25.80%,0.235221,2026-09-05
TEAM,189.58,2026-11-20,76,Put,160.00,-15.60%,8.9,10.3,10.9,1647,214,7.7,58.85%,69.54%,-0.237624,2026-09-05
GOOGL,338.46,2026-09-11,6,Call,352.50,-4.15%,0.76,0.79,0.87,3291,428,7.69,28.49%,27.92%,0.135168,2026-09-05
EIX,56.77,2027-01-15,132,Call,62.50,-10.09%,2.5,3.71,4.3,4120,536,7.69,51.35%,42.29%,0.384662,2026-09-05
MSFT,499.7,2026-09-09,4,Call,507.50,-1.56%,1.5,1.55,1.72,1590,207,7.68,24.61%,21.01%,0.248617,2026-09-05
NVDA,230.36,2026-09-09,4,Call,242.50,-5.27%,0.19,0.21,0.22,13512,1767,7.65,34.41%,31.50%,0.06293,2026-09-05
AAPL,319.97,2026-09-09,4,Put,310.00,-3.12%,0.78,0.81,0.81,9407,1233,7.63,25.16%,30.00%,-0.150509,2026-09-05
NVDA,230.36,2026-09-16,11,Put,230.00,-0.16%,4.1,5.1,5.2,883,117,7.55,34.41%,30.90%,-0.472004,2026-09-05
SLS,13.86,2026-09-11,6,Put,12.50,-9.81%,0.2,0.25,0.25,1284,170,7.55,204.67%,105.27%,-0.201372,2026-09-05
NVDA,230.36,2026-09-09,4,Call,237.50,-3.10%,0.58,0.58,0.62,29688,3977,7.46,34.41%,29.03%,0.164058,2026-09-05
SKHY,177,2026-11-20,76,Put,175.00,-1.13%,19,19.45,20.3,1705,229,7.45,64.02%,66.62%,-0.417594,2026-09-05
AMD,477.57,2026-09-09,4,Put,460.00,-3.68%,2.6,2.6,2.75,1407,189,7.44,49.79%,45.27%,-0.20545,2026-09-05
QXO,13.35,2026-09-11,6,Call,14.00,-4.87%,0.1,0.16,0.2,3283,442,7.43,55.38%,55.75%,0.267241,2026-09-05
CBRS,210.05,2026-09-11,6,Call,225.00,-7.12%,3,3.39,3.6,824,111,7.42,76.26%,79.12%,0.267205,2026-09-05
IREN,44.68,2026-09-11,6,Call,48.50,-8.55%,0.68,0.7,0.75,955,129,7.4,87.42%,87.61%,0.251747,2026-09-05
LULU,100.61,2026-10-16,41,Call,110.00,-9.33%,2.4,2.41,2.58,1180,160,7.38,41.44%,42.16%,0.297536,2026-09-05
BE,252.87,2026-09-11,6,Call,280.00,-10.73%,6.25,6.29,6.35,7329,995,7.37,90.84%,120.38%,0.281161,2026-09-05
AAPL,319.97,2026-09-09,4,Call,327.50,-2.35%,1.22,1.21,1.3,8862,1203,7.37,25.16%,28.81%,0.228354,2026-09-05
LULU,100.61,2026-09-18,13,Call,100.00,+0.61%,3.6,3.6,3.75,2410,328,7.35,41.44%,43.64%,0.552008,2026-09-05
CELH,30.66,2027-03-19,195,Call,45.00,-46.77%,1.4,1.83,2.12,2013,275,7.32,54.71%,59.15%,0.266935,2026-09-05
GPRO,1.7,2027-01-15,132,Call,4.00,-135.29%,0.15,0.22,0.3,7851,1078,7.28,167.66%,154.84%,0.330504,2026-09-05
TSLA,354.08,2026-09-11,6,Call,355.00,-0.26%,6.7,6.8,6.8,15891,2186,7.27,40.37%,39.16%,0.494136,2026-09-05
VYX,9.14,2026-09-18,13,Call,10.00,-9.41%,0.2,0.25,0.25,1728,238,7.26,84.94%,107.37%,0.243281,2026-09-05
LULU,100.61,2026-09-18,13,Call,110.00,-9.33%,0.65,0.69,0.72,3236,446,7.26,41.44%,44.79%,0.15911,2026-09-05
FSLY,20.59,2026-09-25,20,Put,20.00,-2.87%,1.1,1.27,1.4,1509,208,7.25,77.87%,81.59%,-0.398892,2026-09-05
TSLA,354.08,2026-09-11,6,Call,362.50,-2.38%,3.85,3.92,3.95,4880,678,7.2,40.37%,39.73%,0.335705,2026-09-05
MU,1016.59,2026-09-11,6,Call,1065.00,-4.76%,13.3,13.8,14.8,1076,151,7.13,64.65%,61.11%,0.292126,2026-09-05
NVDA,230.36,2026-09-11,6,Put,235.00,+2.01%,6.6,6.75,6.85,4826,677,7.13,34.41%,34.13%,-0.664991,2026-09-05
MU,1016.59,2026-09-11,6,Call,1100.00,-8.20%,7.1,7.4,7.5,11354,1593,7.13,64.65%,62.28%,0.173524,2026-09-05
M,23.05,2026-09-11,6,Put,21.50,-6.72%,0.17,0.33,0.39,1030,145,7.1,51.26%,73.50%,-0.2157,2026-09-05
META,616.77,2026-09-09,4,Call,640.00,-3.77%,1.44,1.48,1.48,2657,374,7.1,35.99%,31.97%,0.140671,2026-09-05
BE,252.87,2026-10-16,41,Put,115.00,-54.52%,0.19,0.31,0.73,3112,439,7.09,90.84%,114.46%,-0.012045,2026-09-05
C,137.72,2026-09-11,6,Call,139.00,-0.93%,1.13,1.19,1.26,1496,212,7.06,29.59%,24.65%,0.394611,2026-09-05
IREN,44.68,2027-02-19,167,Call,75.00,-67.86%,4.55,4.9,4.95,2013,285,7.06,87.42%,97.61%,0.334385,2026-09-05
TSLA,354.08,2026-09-11,6,Put,307.50,-13.16%,0.14,0.16,0.16,814,117,6.96,40.37%,52.91%,-0.016956,2026-09-05
TSLA,354.08,2026-09-09,4,Call,372.50,-5.20%,0.86,0.86,0.88,5062,728,6.95,40.37%,40.27%,0.120469,2026-09-05
GOOGL,338.46,2026-09-09,4,Call,360.00,-6.36%,0.1,0.1,0.12,2062,301,6.85,28.49%,30.20%,0.027179,2026-09-05
MU,1016.59,2026-09-11,6,Call,1075.00,-5.75%,11.15,11.6,12.55,1331,195,6.83,64.65%,61.75%,0.255013,2026-09-05
MRVL,223.55,2026-09-11,6,Put,187.50,-16.13%,0.16,0.2,0.21,2650,388,6.83,63.48%,70.90%,-0.023521,2026-09-05
AMD,477.57,2026-09-09,4,Call,515.00,-7.84%,0.73,0.77,0.82,696,102,6.82,49.79%,48.50%,0.073105,2026-09-05
UNH,397.14,2026-09-18,13,Call,395.00,+0.54%,7.85,7.7,9.05,764,112,6.82,32.03%,24.27%,0.559611,2026-09-05
GOOGL,338.46,2026-09-11,6,Put,317.50,-6.19%,0.1,0.19,0.22,1936,284,6.82,28.49%,27.69%,-0.033421,2026-09-05
PCG,14.3,2026-09-18,13,Put,13.50,-5.59%,0.25,0.32,0.36,5224,768,6.8,61.36%,60.16%,-0.28421,2026-09-05
MU,1016.59,2026-09-11,6,Call,1055.00,-3.78%,15.85,16.2,17.65,1280,189,6.77,64.65%,60.78%,0.333766,2026-09-05
WOLF,28.35,2026-09-18,13,Call,27.00,+4.76%,2.35,2.7,3.25,818,121,6.76,98.63%,97.79%,0.641956,2026-09-05
GOOGL,338.46,2026-09-09,4,Put,337.50,-0.28%,2.52,2.75,2.91,2002,296,6.76,28.49%,22.83%,-0.442985,2026-09-05
INTC,95.8,2026-09-14,9,Call,100.00,-4.38%,1.74,1.93,1.9,1051,156,6.74,61.80%,57.16%,0.335495,2026-09-05
SMCI,39.59,2026-09-11,6,Call,40.00,-1.04%,1.26,1.33,1.33,28296,4216,6.71,73.04%,72.77%,0.477108,2026-09-05
MU,1016.59,2026-09-11,6,Call,1090.00,-7.22%,8.6,8.87,9,871,130,6.7,64.65%,61.80%,0.202412,2026-09-05
CRWV,89.36,2026-09-18,13,Call,97.00,-8.55%,2.39,2.41,2.48,1231,184,6.69,76.04%,76.82%,0.31399,2026-09-05
HOOD,122.11,2026-09-11,6,Call,123.00,-0.73%,3.55,3.62,3.75,3594,537,6.69,63.01%,64.57%,0.484393,2026-09-05
PLTR,174.33,2026-10-09,34,Put,155.00,-11.09%,2.65,2.95,2.98,1101,165,6.67,46.80%,48.34%,-0.186414,2026-09-05
AMZN,258.51,2026-09-09,4,Put,255.00,-1.36%,1.14,1.24,1.31,4792,721,6.65,30.40%,24.67%,-0.289214,2026-09-05
MSFT,499.7,2026-09-11,6,Call,507.50,-1.56%,2.87,3,3.15,1912,288,6.64,24.61%,23.51%,0.314493,2026-09-05
NVDA,230.36,2026-09-14,9,Put,230.00,-0.16%,4.2,4.3,4.5,1973,297,6.64,34.41%,31.95%,-0.472601,2026-09-05
CLSK,12.69,2026-09-18,13,Call,14.50,-14.26%,0.2,0.26,0.29,1041,157,6.63,82.33%,84.25%,0.226303,2026-09-05
MU,1016.59,2026-09-09,4,Call,1045.00,-2.79%,10.55,11.17,12.15,1000,151,6.62,64.65%,52.64%,0.320738,2026-09-05
DELL,524.14,2026-09-11,6,Put,510.00,-2.70%,9.95,10.14,10.15,893,135,6.61,62.50%,61.43%,-0.347393,2026-09-05
MU,1016.59,2026-10-02,27,Put,830.00,-18.35%,10.35,11.15,11.8,1075,163,6.6,64.65%,67.40%,-0.112958,2026-09-05
NVDA,230.36,2026-09-09,4,Put,225.00,-2.33%,0.95,1,1.01,20988,3191,6.58,34.41%,30.81%,-0.224891,2026-09-05
MU,1016.59,2026-09-09,4,Put,920.00,-9.50%,1.12,1.15,1.3,1483,226,6.56,64.65%,57.99%,-0.046393,2026-09-05
GOOGL,338.46,2026-09-09,4,Call,337.50,+0.28%,3.65,3.81,3.95,2049,313,6.55,28.49%,22.88%,0.558024,2026-09-05
MU,1016.59,2026-09-11,6,Put,755.00,-25.73%,0,0.2,0.44,942,144,6.54,64.65%,93.51%,-0.005456,2026-09-05
IREN,44.68,2028-03-17,559,Call,75.00,-67.86%,13.3,13.35,14.3,751,115,6.53,87.42%,92.79%,0.570311,2026-09-05
RDDT,154.46,2026-09-11,6,Call,157.50,-1.97%,2.75,3.13,3.3,1019,156,6.53,58.91%,54.43%,0.406753,2026-09-05
XOM,159.47,2026-09-11,6,Call,162.50,-1.90%,0.9,0.98,1.02,4972,761,6.53,27.56%,25.92%,0.292894,2026-09-05
MU,1016.59,2026-09-11,6,Call,990.00,+2.62%,44.3,46,47.05,1662,255,6.52,64.65%,58.81%,0.654321,2026-09-05
META,616.77,2026-09-09,4,Call,632.50,-2.55%,2.59,2.61,2.64,938,144,6.51,35.99%,31.13%,0.227955,2026-09-05
CIFR,17.74,2026-09-11,6,Call,21.00,-18.38%,0.13,0.13,0.14,4992,767,6.51,96.25%,105.75%,0.120576,2026-09-05
SMCI,39.59,2026-09-11,6,Call,41.50,-4.82%,0.73,0.77,0.82,1570,242,6.49,73.04%,74.19%,0.329396,2026-09-05
HIMS,27.71,2026-09-11,6,Call,30.50,-10.07%,0.16,0.17,0.18,3395,523,6.49,67.59%,67.26%,0.143991,2026-09-05
BE,252.87,2026-09-11,6,Put,225.00,-11.02%,3.35,3.45,3.55,1219,188,6.48,90.84%,105.70%,-0.175288,2026-09-05
SMCI,39.59,2026-09-11,6,Call,44.00,-11.14%,0.3,0.32,0.33,2853,440,6.48,73.04%,77.96%,0.158468,2026-09-05
TSLA,354.08,2026-09-16,11,Put,355.00,+0.26%,9.8,10.1,10.05,1074,166,6.47,40.37%,39.25%,-0.496652,2026-09-05
MSTR,142.8,2026-09-11,6,Put,135.00,-5.46%,2.22,2.26,2.29,5560,859,6.47,75.03%,74.45%,-0.260525,2026-09-05
FUTU,121.75,2026-09-18,13,Put,110.00,-9.65%,0.39,0.65,0.78,795,123,6.46,49.00%,45.18%,-0.111961,2026-09-05
BMNR,24.97,2026-10-09,34,Put,25.00,+0.12%,2.11,2.36,2.5,1053,163,6.46,76.42%,76.75%,-0.451105,2026-09-05
AMD,477.57,2026-09-09,4,Call,470.00,+1.59%,12.8,13.04,13.35,2411,374,6.45,49.79%,43.73%,0.648289,2026-09-05
AMD,477.57,2026-10-02,27,Call,540.00,-13.07%,6.75,7.1,7.75,676,105,6.44,49.79%,50.33%,0.209114,2026-09-05
LYV,173.5,2027-01-15,132,Put,135.00,-22.19%,1.45,1.95,2.2,3902,608,6.42,27.77%,36.30%,-0.094121,2026-09-05
CPNG,15.29,2026-10-16,41,Call,16.00,-4.64%,0.62,0.63,0.65,3905,608,6.42,43.13%,44.18%,0.419015,2026-09-05
GOOGL,338.46,2026-09-09,4,Call,347.50,-2.67%,0.61,0.65,0.7,1913,298,6.42,28.49%,23.80%,0.151295,2026-09-05
BLK,1122.29,2026-09-18,13,Call,950.00,+15.35%,168.2,172.8,176.1,1201,188,6.39,27.23%,33.81%,0.995285,2026-09-05
MU,1016.59,2026-09-09,4,Call,985.00,+3.11%,40,41.25,43.4,937,147,6.37,64.65%,52.98%,0.727079,2026-09-05
TSLA,354.08,2026-09-16,11,Put,340.00,-3.98%,3.8,3.9,3.95,839,132,6.36,40.37%,39.03%,-0.258822,2026-09-05
MU,1016.59,2026-09-09,4,Call,1090.00,-7.22%,3.4,3.5,3.7,1012,159,6.36,64.65%,55.84%,0.123633,2026-09-05
LULU,100.61,2026-09-11,6,Put,100.00,-0.61%,1.92,1.97,2.01,9072,1427,6.36,41.44%,44.48%,-0.442863,2026-09-05
RIG,5.85,2026-10-16,41,Put,6.00,+2.56%,0.42,0.43,0.45,1060,167,6.35,46.03%,42.27%,-0.555814,2026-09-05
NIO,3.8,2027-04-16,223,Call,4.00,-5.26%,0.64,0.64,0.66,15910,2511,6.34,51.10%,58.85%,0.568073,2026-09-05
AMD,477.57,2026-09-09,4,Call,477.50,+0.01%,8.85,8.9,9.15,785,124,6.33,49.79%,44.49%,0.513951,2026-09-05
ORBS,0.9036,2026-09-18,13,Put,1.00,+10.67%,0.1,0.16,0.2,1000,158,6.33,146.43%,132.86%,-0.60854,2026-09-05
TJX,132.08,2026-09-11,6,Call,134.00,-1.45%,0.55,0.7,0.65,769,122,6.3,21.69%,19.58%,0.291741,2026-09-05
DOW,29.44,2026-09-11,6,Put,30.00,+1.90%,0.69,1.01,1.24,1781,283,6.29,40.21%,42.38%,-0.626074,2026-09-05
TSLA,354.08,2026-09-09,4,Call,340.00,+3.98%,14.75,14.98,15,1892,301,6.29,40.37%,32.55%,0.888701,2026-09-05
NVDA,230.36,2026-09-11,6,Call,247.50,-7.44%,0.24,0.25,0.27,9171,1459,6.29,34.41%,34.96%,0.058547,2026-09-05
BE,252.87,2026-09-18,13,Put,235.00,-7.07%,9.8,9.85,10.1,999,159,6.28,90.84%,95.79%,-0.307833,2026-09-05
AMD,477.57,2026-09-11,6,Call,477.50,+0.01%,11.9,12.11,12.45,932,149,6.26,49.79%,49.14%,0.517269,2026-09-05
AAPL,319.97,2026-09-14,9,Call,335.00,-4.70%,0.9,0.93,1.01,1702,272,6.26,25.16%,26.41%,0.143065,2026-09-05
CRCL,102.05,2026-09-11,6,Put,102.00,-0.05%,3.95,4.16,4.45,624,100,6.24,79.93%,81.53%,-0.475462,2026-09-05
TSLA,354.08,2026-09-14,9,Put,345.00,-2.56%,4.05,4.1,4.2,1536,246,6.24,40.37%,36.29%,-0.309284,2026-09-05
GPRO,1.7,2027-01-15,132,Put,2.00,+17.65%,0.65,0.66,0.75,809,130,6.22,167.66%,128.07%,-0.427071,2026-09-05
MGM,41.22,2026-10-16,41,Put,41.00,-0.53%,1.75,1.81,2.05,657,106,6.2,38.07%,37.90%,-0.448122,2026-09-05
PCG,14.3,2026-10-02,27,Call,14.50,-1.40%,0.79,0.81,0.97,818,132,6.2,61.36%,61.98%,0.50415,2026-09-05
CBRS,210.05,2026-10-16,41,Put,210.00,-0.02%,19.9,21.11,22.4,1122,181,6.2,76.26%,77.10%,-0.443378,2026-09-05
TSLA,354.08,2026-09-11,6,Call,370.00,-4.50%,2.15,2.15,2.18,29933,4831,6.2,40.37%,40.84%,0.211155,2026-09-05
MU,1016.59,2026-09-09,4,Call,1000.00,+1.63%,30.15,31.75,33.35,16914,2734,6.19,64.65%,52.82%,0.630172,2026-09-05
MU,1016.59,2026-09-09,4,Call,1015.00,+0.16%,21.95,22.75,23.55,1714,277,6.19,64.65%,51.27%,0.525231,2026-09-05
TSLA,354.08,2026-09-11,6,Call,377.50,-6.61%,1.21,1.22,1.23,5217,847,6.16,40.37%,42.70%,0.128866,2026-09-05
CAT,813.94,2026-09-11,6,Put,710.00,-12.77%,0,0.2,0.78,1069,174,6.14,35.55%,52.41%,-0.019081,2026-09-05
ZS,169.8,2026-09-11,6,Call,190.00,-11.90%,0.38,0.49,0.53,1979,324,6.11,50.54%,60.16%,0.079135,2026-09-05
NVDA,230.36,2026-09-09,4,Call,232.50,-0.93%,1.78,1.85,1.89,46260,7568,6.11,34.41%,28.38%,0.38794,2026-09-05
RIOT,21.8,2026-09-11,6,Put,21.50,-1.38%,0.73,0.76,0.79,634,104,6.1,84.35%,81.99%,-0.425006,2026-09-05
SKHY,177,2027-06-17,285,Call,220.00,-24.29%,28.35,29.22,30.4,950,156,6.09,64.02%,66.87%,0.492058,2026-09-05
ASTS,62.31,2026-09-11,6,Put,64.00,+2.71%,2.75,3.15,3.45,1291,212,6.09,74.93%,67.27%,-0.603431,2026-09-05
META,616.77,2026-09-09,4,Call,637.50,-3.36%,1.75,1.79,1.84,722,119,6.07,35.99%,31.78%,0.166933,2026-09-05
SKHY,177,2026-09-11,6,Call,182.50,-3.11%,3.7,3.75,3.9,1000,165,6.06,64.02%,66.63%,0.378827,2026-09-05
BMY,66.82,2026-09-11,6,Put,66.00,-1.23%,0.41,0.43,0.68,1629,269,6.06,25.42%,26.38%,-0.351146,2026-09-05
BE,252.87,2026-09-25,20,Call,270.00,-6.77%,14.8,15.46,16.25,738,122,6.05,90.84%,94.00%,0.429011,2026-09-05
HOOD,122.11,2026-09-11,6,Put,122.00,-0.09%,3.85,3.9,4,2114,350,6.04,63.01%,64.29%,-0.4769,2026-09-05
TSLA,354.08,2026-09-09,4,Call,375.00,-5.91%,0.71,0.72,0.72,7407,1237,5.99,40.37%,41.70%,0.09954,2026-09-05
BTDR,12.38,2027-01-15,132,Put,11.00,-11.15%,1.95,2.05,2.3,1600,267,5.99,97.99%,102.75%,-0.302577,2026-09-05
MU,1016.59,2026-09-11,6,Put,950.00,-6.55%,7.35,7.25,7.6,2905,486,5.98,64.65%,59.15%,-0.174059,2026-09-05
AMZN,258.51,2026-09-11,6,Call,262.50,-1.54%,2.19,2.17,2.36,10574,1775,5.96,30.40%,29.25%,0.354246,2026-09-05
SOFI,18.22,2026-10-09,34,Call,18.00,+1.21%,1.17,1.22,1.24,1618,272,5.95,49.48%,48.11%,0.571307,2026-09-05
TSLA,354.08,2026-09-09,4,Put,362.50,+2.38%,10.7,10.77,11,4703,794,5.92,40.37%,38.61%,-0.710724,2026-09-05
TSLA,354.08,2026-09-11,6,Call,360.00,-1.67%,4.65,4.67,4.75,19475,3288,5.92,40.37%,39.42%,0.385507,2026-09-05
CRDO,170.57,2026-09-11,6,Call,210.00,-23.12%,0.3,0.33,0.35,669,113,5.92,74.29%,90.57%,0.042034,2026-09-05
IOT,40.2,2026-09-11,6,Call,42.00,-4.48%,0.45,0.5,0.9,664,113,5.88,51.23%,65.95%,0.319617,2026-09-05
NBIS,226.39,2026-09-11,6,Call,222.50,+1.72%,11.55,12.18,12.25,888,151,5.88,85.02%,85.06%,0.586655,2026-09-05
CRWV,89.36,2026-09-11,6,Call,93.00,-4.07%,1.96,1.96,2.02,2938,500,5.88,76.04%,74.97%,0.358991,2026-09-05
GLW,154.3,2026-09-11,6,Call,172.50,-11.80%,0.39,0.49,0.64,3071,522,5.88,59.37%,63.13%,0.091553,2026-09-05
ABTC,7.99,2026-09-18,13,Put,7.50,-6.13%,0.35,0.45,0.6,813,139,5.85,117.95%,119.74%,-0.345354,2026-09-05
FIG,24.12,2026-09-11,6,Call,25.50,-5.72%,0.35,0.43,0.46,689,118,5.84,70.48%,73.58%,0.29586,2026-09-05
SKHY,177,2027-03-19,195,Call,185.00,-4.52%,31.3,30.78,32.85,1541,264,5.84,64.02%,65.92%,0.576676,2026-09-05
JPM,358.64,2026-09-11,6,Call,362.50,-1.08%,1.73,2.05,2.1,3387,580,5.84,24.03%,18.82%,0.337811,2026-09-05
CMG,36.96,2026-09-11,6,Put,37.50,+1.46%,0.79,0.92,0.96,968,166,5.83,34.05%,30.33%,-0.634426,2026-09-05
RDDT,154.46,2026-09-11,6,Call,162.50,-5.21%,1.55,1.67,1.79,877,151,5.81,58.91%,56.65%,0.256506,2026-09-05
PATH,15.19,2027-06-17,285,Put,12.00,-21.00%,1.51,1.74,1.91,1209,208,5.81,58.78%,68.11%,-0.231852,2026-09-05
FPS,31.35,2026-09-18,13,Call,32.50,-3.67%,2.25,2.35,2.4,4616,794,5.81,94.08%,118.70%,0.482817,2026-09-05
MU,1016.59,2026-09-09,4,Put,950.00,-6.55%,3.05,3.1,3.3,6490,1118,5.81,64.65%,54.45%,-0.110596,2026-09-05
ARM,252.09,2026-09-11,6,Call,265.00,-5.12%,3.6,3.65,4.05,1930,334,5.78,64.23%,66.33%,0.295355,2026-09-05
MSTR,142.8,2026-09-11,6,Put,133.00,-6.86%,1.67,1.67,1.72,2013,348,5.78,75.03%,73.94%,-0.210961,2026-09-05
PM,182.53,2026-09-11,6,Put,185.00,+1.35%,3.5,3.58,4.1,617,107,5.77,27.37%,25.25%,-0.65424,2026-09-05
PSIX,40.49,2026-09-18,13,Call,45.00,-11.14%,0.65,0.7,0.7,2868,497,5.77,67.04%,69.40%,0.232376,2026-09-05
SMCI,39.59,2026-09-11,6,Call,39.50,+0.23%,1.48,1.51,1.57,2877,499,5.77,73.04%,72.60%,0.53085,2026-09-05
META,616.77,2026-09-11,6,Call,627.50,-1.74%,6.6,6.89,6.75,1506,262,5.75,35.99%,34.92%,0.362818,2026-09-05
ASST,27.14,2026-09-25,20,Put,21.00,-22.62%,0.22,0.27,0.52,608,106,5.74,85.95%,99.27%,-0.109756,2026-09-05
MSFT,499.7,2026-09-09,4,Put,490.00,-1.94%,0.95,1.01,1,1318,231,5.71,24.61%,20.21%,-0.1708,2026-09-05
AVGO,357.89,2026-09-09,4,Put,357.50,-0.11%,4.65,4.83,4.95,1138,200,5.69,37.03%,33.77%,-0.477568,2026-09-05
HOOD,122.11,2026-09-11,6,Call,128.00,-4.82%,1.88,1.94,1.95,3849,676,5.69,63.01%,65.66%,0.304867,2026-09-05
AVGO,357.89,2026-09-11,6,Put,327.50,-8.49%,0.24,0.29,0.32,1111,196,5.67,37.03%,39.69%,-0.037697,2026-09-05
NVDA,230.36,2026-09-14,9,Call,245.00,-6.36%,0.52,0.52,0.55,1735,306,5.67,34.41%,30.25%,0.104373,2026-09-05
WFC,89.97,2026-10-02,27,Call,95.00,-5.59%,0.54,0.6,0.71,650,115,5.65,27.54%,22.87%,0.204631,2026-09-05
TSLA,354.08,2026-09-11,6,Call,365.00,-3.08%,3.2,3.22,3.25,10566,1872,5.64,40.37%,40.11%,0.290013,2026-09-05
POET,7.92,2026-09-18,13,Call,7.50,+5.30%,0.62,0.69,0.77,1279,227,5.63,83.67%,77.27%,0.67562,2026-09-05
CRWV,89.36,2026-09-18,13,Put,89.00,-0.40%,4.7,4.75,4.85,4297,769,5.59,76.04%,74.61%,-0.457631,2026-09-05
IREN,44.68,2026-11-20,76,Call,47.00,-5.19%,6.75,6.88,7,1786,320,5.58,87.42%,94.78%,0.546578,2026-09-05
SMCI,39.59,2026-10-16,41,Call,42.00,-6.09%,2.91,3,3.1,5210,936,5.57,73.04%,74.15%,0.46144,2026-09-05
PATH,15.19,2026-10-16,41,Call,15.00,+1.25%,1.3,1.36,1.42,712,128,5.56,58.78%,61.16%,0.573087,2026-09-05
AAPL,319.97,2026-09-11,6,Put,307.50,-3.90%,0.93,0.93,0.99,5000,903,5.54,25.16%,30.44%,-0.146678,2026-09-05
MARA,11.31,2026-09-11,6,Put,11.00,-2.74%,0.31,0.32,0.34,5829,1055,5.53,83.23%,81.74%,-0.373555,2026-09-05
SNOW,337.18,2026-09-11,6,Call,340.00,-0.84%,6.45,6.5,7.15,1284,232,5.53,43.58%,46.45%,0.460145,2026-09-05
CRWV,89.36,2026-09-18,13,Put,88.00,-1.52%,4.2,4.19,4.25,1726,312,5.53,76.04%,73.81%,-0.425716,2026-09-05
AMD,477.57,2026-09-09,4,Call,487.50,-2.08%,4.9,4.95,5.1,711,129,5.51,49.79%,44.91%,0.342428,2026-09-05
LRCX,307.65,2026-09-11,6,Call,310.00,-0.76%,7.5,8.25,8.5,1520,276,5.51,60.00%,57.32%,0.476272,2026-09-05
MU,1016.59,2026-09-11,6,Put,960.00,-5.57%,9.3,9.41,9.85,1062,193,5.5,64.65%,59.05%,-0.211456,2026-09-05
SKHY,177,2026-09-11,6,Call,220.00,-24.29%,0.11,0.15,0.19,791,144,5.49,64.02%,82.12%,0.022368,2026-09-05
AAPL,319.97,2026-09-09,4,Call,317.50,+0.77%,5,5.07,5.3,1976,360,5.49,25.16%,27.92%,0.614883,2026-09-05
PCG,14.3,2027-01-15,132,Call,16.00,-11.89%,1.33,1.45,1.53,37081,6755,5.49,61.36%,59.13%,0.4527,2026-09-05
WIX,76.21,2026-09-18,13,Call,100.00,-31.22%,0.05,0.3,0.35,1008,184,5.48,73.09%,80.59%,0.044408,2026-09-05
BRK.B,506.03,2026-09-11,6,Call,515.00,-1.77%,0.52,0.61,0.76,2523,461,5.47,13.99%,12.71%,0.150703,2026-09-05
SOFI,18.22,2026-10-02,27,Call,18.50,-1.54%,0.84,0.86,0.86,11580,2119,5.46,49.48%,48.33%,0.488081,2026-09-05
PLTR,174.33,2026-09-11,6,Call,180.00,-3.25%,1.86,1.85,1.89,9416,1728,5.45,46.80%,44.89%,0.302539,2026-09-05
MRNA,145.55,2026-09-11,6,Call,190.00,-30.54%,0.08,0.12,0.41,861,158,5.45,73.72%,108.29%,0.032465,2026-09-05
SLS,13.86,2026-09-11,6,Call,14.50,-4.62%,0.5,0.55,0.65,1129,208,5.43,204.67%,117.89%,0.413251,2026-09-05
BIDU,99.47,2026-09-11,6,Call,105.00,-5.56%,0.6,0.67,0.76,2987,551,5.42,43.15%,48.35%,0.202632,2026-09-05
TSLA,354.08,2026-09-11,6,Call,435.00,-22.85%,0.16,0.16,0.17,2007,371,5.41,40.37%,71.95%,0.014693,2026-09-05
CRWD,213.1,2026-09-11,6,Put,212.50,-0.28%,4.8,4.95,5.05,664,123,5.4,50.77%,48.47%,-0.466448,2026-09-05
AMD,477.57,2026-09-11,6,Call,487.50,-2.08%,7.9,8.1,8.3,881,163,5.4,49.79%,49.96%,0.389747,2026-09-05
INTC,95.8,2026-09-09,4,Call,95.00,+0.84%,2.52,2.57,2.59,8564,1591,5.38,61.80%,53.05%,0.573324,2026-09-05
BRK.B,506.03,2026-09-11,6,Put,495.00,-2.18%,0.41,0.53,0.59,2277,424,5.37,13.99%,14.45%,-0.109716,2026-09-05
MSFT,499.7,2026-09-11,6,Put,477.50,-4.44%,0.5,0.52,0.6,744,139,5.35,24.61%,25.16%,-0.075161,2026-09-05
PATH,15.19,2026-11-20,76,Put,14.00,-7.83%,0.94,1.05,1.07,1343,251,5.35,58.78%,59.29%,-0.322788,2026-09-05
NUAI,5.41,2026-10-09,34,Call,5.50,-1.66%,0.8,0.85,1,2281,427,5.34,139.10%,142.14%,0.574106,2026-09-05
MU,1016.59,2026-10-09,34,Call,960.00,+5.57%,107.45,108.6,115.05,560,105,5.33,64.65%,64.80%,0.657498,2026-09-05
SNOW,337.18,2026-09-11,6,Call,365.00,-8.25%,0.93,1.11,1.14,1657,311,5.33,43.58%,48.09%,0.106469,2026-09-05
BE,252.87,2026-09-11,6,Call,265.00,-4.80%,10.2,10.39,10.4,1054,198,5.32,90.84%,117.65%,0.408538,2026-09-05
ORCL,158.78,2026-09-11,6,Put,157.50,-0.81%,8.4,8.8,8.75,850,160,5.31,70.09%,114.22%,-0.447941,2026-09-05
PG,146.44,2026-09-11,6,Put,145.00,-0.98%,0.57,0.72,0.87,688,130,5.29,18.40%,17.74%,-0.326162,2026-09-05
META,616.77,2026-09-09,4,Call,647.50,-4.98%,0.79,0.82,0.82,888,168,5.29,35.99%,32.99%,0.083768,2026-09-05
SLS,13.86,2026-09-11,6,Call,16.00,-15.44%,0.2,0.24,0.35,912,173,5.27,204.67%,131.24%,0.221913,2026-09-05
IREN,44.68,2026-09-11,6,Call,45.50,-1.84%,1.51,1.56,1.59,1324,251,5.27,87.42%,83.34%,0.455719,2026-09-05
AVGO,357.89,2026-09-09,4,Call,355.00,+0.81%,6.4,6.35,6.55,3802,724,5.25,37.03%,32.41%,0.604754,2026-09-05
SNOW,337.18,2026-09-11,6,Call,350.00,-3.80%,3.15,3.25,3.4,4575,872,5.25,43.58%,45.89%,0.275976,2026-09-05
BLK,1122.29,2026-09-18,13,Call,1030.00,+8.22%,88.2,92.6,95.9,2400,459,5.23,27.23%,14.60%,0.998457,2026-09-05
HOOD,122.11,2026-09-11,6,Call,141.00,-15.47%,0.25,0.34,0.35,611,117,5.22,63.01%,71.24%,0.063941,2026-09-05
IREN,44.68,2026-09-11,6,Call,47.00,-5.19%,1.02,1.09,1.09,6437,1235,5.21,87.42%,85.18%,0.343274,2026-09-05
IONQ,39.52,2026-09-11,6,Put,37.50,-5.11%,0.72,0.81,0.88,690,133,5.19,74.37%,82.32%,-0.289484,2026-09-05
META,616.77,2026-09-11,6,Call,612.50,+0.69%,13.25,13.35,13.45,1243,240,5.18,35.99%,34.67%,0.575588,2026-09-05
NBIS,226.39,2026-09-11,6,Call,242.50,-7.12%,4.3,4.4,5.15,646,125,5.17,85.02%,90.99%,0.299488,2026-09-05
BE,252.87,2026-09-11,6,Put,230.00,-9.04%,4.7,4.83,4.9,1755,341,5.15,90.84%,107.42%,-0.223296,2026-09-05
AAPL,319.97,2026-09-11,6,Put,312.50,-2.33%,1.86,1.96,1.96,4302,835,5.15,25.16%,29.61%,-0.256577,2026-09-05
SPCX,147.95,2026-09-25,20,Put,149.00,+0.71%,7.25,7.35,7.4,1094,213,5.14,50.41%,49.99%,-0.495622,2026-09-05
META,616.77,2026-09-09,4,Put,587.50,-4.75%,0.64,0.66,0.66,575,112,5.13,35.99%,32.06%,-0.070038,2026-09-05
UNH,397.14,2026-09-11,6,Call,395.00,+0.54%,5.55,6.3,7.75,816,159,5.13,32.03%,27.00%,0.571093,2026-09-05
NOW,141.26,2027-09-17,377,Call,190.00,-34.50%,18.95,19.58,20,707,138,5.12,51.97%,56.48%,0.437828,2026-09-05
CRCL,102.05,2026-10-02,27,Call,105.00,-2.89%,7.4,7.57,8,1641,321,5.11,79.93%,80.14%,0.496223,2026-09-05
TSLA,354.08,2026-09-14,9,Call,370.00,-4.50%,2.84,2.93,2.91,2300,450,5.11,40.37%,37.45%,0.240937,2026-09-05
USAR,17.61,2026-09-11,6,Call,17.50,+0.62%,0.74,0.78,0.8,607,119,5.1,80.81%,78.93%,0.547134,2026-09-05
AMD,477.57,2026-09-09,4,Call,465.00,+2.63%,16.1,16.4,16.7,1025,201,5.1,49.79%,43.47%,0.731644,2026-09-05
RIOT,21.8,2026-09-11,6,Put,19.50,-10.55%,0.14,0.16,0.19,738,145,5.09,84.35%,83.01%,-0.134367,2026-09-05
AMZN,258.51,2026-09-11,6,Put,262.50,+1.54%,5.9,5.9,6.15,2550,501,5.09,30.40%,28.43%,-0.652428,2026-09-05
MSFT,499.7,2026-09-11,6,Call,505.00,-1.06%,3.7,3.82,4,3208,631,5.08,24.61%,23.54%,0.374916,2026-09-05
MARA,11.31,2026-09-11,6,Call,12.00,-6.10%,0.23,0.24,0.25,46927,9284,5.05,83.23%,85.71%,0.316119,2026-09-05
RDDT,154.46,2026-09-11,6,Put,152.50,-1.27%,3.15,3.3,3.5,1224,243,5.04,58.91%,54.40%,-0.410939,2026-09-05
LITE,881.26,2027-01-15,132,Put,730.00,-17.16%,73.2,77.54,83.2,506,101,5.01,71.99%,76.02%,-0.252961,2026-09-05
MU,1016.59,2026-09-09,4,Call,1125.00,-10.66%,1.41,1.54,1.6,616,123,5.01,64.65%,59.75%,0.05677,2026-09-05
CMG,36.96,2026-09-18,13,Call,38.50,-4.17%,0.31,0.4,0.4,10478,2095,5,34.05%,32.18%,0.2674,2026-09-05
BTU,28.85,2026-10-16,41,Call,32.00,-10.92%,0.83,1,1.2,513,103,4.98,52.23%,54.70%,0.323344,2026-09-05
ASML,1714.88,2026-09-11,6,Call,1750.00,-2.05%,20.7,22.4,24,511,103,4.96,44.07%,41.75%,0.365854,2026-09-05
PATH,15.19,2026-09-11,6,Call,15.50,-2.04%,0.3,0.4,0.5,684,138,4.96,58.78%,68.47%,0.428778,2026-09-05
KYIV,14.11,2026-12-18,104,Call,15.00,-6.31%,0.6,1,1.05,1755,354,4.96,39.34%,37.45%,0.439897,2026-09-05
ALKS,46.1,2026-10-16,41,Call,50.00,-8.46%,1.4,1.87,2.05,500,101,4.95,56.77%,50.66%,0.356089,2026-09-05
CYPH,2.42,2026-10-16,41,Call,5.00,-106.61%,0.1,0.1,0.15,3141,635,4.95,163.43%,184.58%,0.195692,2026-09-05
AAPL,319.97,2026-09-11,6,Call,327.50,-2.35%,1.93,1.95,2.01,8770,1776,4.94,25.16%,28.83%,0.275503,2026-09-05
CRM,259.23,2026-12-18,104,Put,110.00,-57.57%,0.08,0.13,0.19,715,145,4.93,39.34%,66.07%,-0.004255,2026-09-05
AMD,477.57,2026-09-09,4,Call,505.00,-5.74%,1.55,1.59,1.64,1000,203,4.93,49.79%,47.22%,0.136295,2026-09-05
SKHY,177,2026-09-11,6,Put,149.00,-15.82%,0.1,0.23,0.4,1529,310,4.93,64.02%,76.48%,-0.035087,2026-09-05
VRNS,46.09,2026-10-16,41,Call,50.00,-8.48%,0.95,1.15,1.3,2450,497,4.93,53.74%,40.01%,0.305334,2026-09-05
HUT,93.54,2026-09-11,6,Call,91.00,+2.72%,4.45,5.65,7.4,521,106,4.92,96.57%,95.58%,0.614573,2026-09-05
ONDS,7.62,2026-10-02,27,Call,12.00,-57.48%,0.03,0.1,0.09,893,182,4.91,71.77%,102.96%,0.0705,2026-09-04
NVDA,230.36,2026-10-23,48,Call,240.00,-4.18%,7.75,7.95,8.15,1526,311,4.91,34.41%,34.67%,0.409209,2026-09-05
MU,1016.59,2026-09-18,13,Call,995.00,+2.12%,55.65,55.95,58.65,794,162,4.9,64.65%,59.23%,0.602299,2026-09-05
HAFN,9.22,2027-01-15,132,Call,7.50,+18.66%,1.45,1.65,2.1,3228,659,4.9,51.17%,37.63%,0.861916,2026-09-05
AMD,477.57,2026-09-11,6,Put,467.50,-2.11%,7.4,7.7,7.7,518,106,4.89,49.79%,49.72%,-0.354135,2026-09-05
VKTX,34.87,2026-10-16,41,Put,32.50,-6.80%,3.1,3.6,3.9,651,133,4.89,106.19%,103.75%,-0.349774,2026-09-05
INTC,95.8,2026-09-09,4,Call,96.00,-0.21%,2.04,2.05,2.11,4400,900,4.89,61.80%,53.89%,0.498885,2026-09-05
CRCL,102.05,2027-06-17,285,Put,110.00,+7.79%,31.35,31.7,32.6,503,103,4.88,79.93%,81.12%,-0.390743,2026-09-05
MU,1016.59,2026-09-09,4,Put,955.00,-6.06%,3.65,3.61,3.95,756,155,4.88,64.65%,54.31%,-0.128384,2026-09-05
TSLA,354.08,2027-02-19,167,Call,375.00,-5.91%,37,37.7,37.55,1234,253,4.88,40.37%,45.41%,0.509582,2026-09-05
MSFT,499.7,2026-09-09,4,Call,510.00,-2.06%,1.01,1.07,1.15,3323,681,4.88,24.61%,20.95%,0.182752,2026-09-05
MSTR,142.8,2026-09-11,6,Put,142.00,-0.56%,5,5.16,5.2,1304,268,4.87,75.03%,75.93%,-0.45566,2026-09-05
CMG,36.96,2026-09-11,6,Call,37.00,-0.11%,0.55,0.62,0.65,1646,338,4.87,34.05%,32.21%,0.50355,2026-09-05
DNUT,3.38,2026-11-20,76,Put,3.50,+3.55%,0.25,0.42,0.55,1002,206,4.86,60.12%,54.12%,-0.504877,2026-09-05
PYPL,54.96,2026-09-11,6,Call,58.00,-5.53%,0.18,0.31,0.38,4767,990,4.82,35.17%,43.28%,0.174891,2026-09-05
AMZN,258.51,2026-09-09,4,Call,257.50,+0.39%,3.1,3.25,3.3,5028,1046,4.81,30.40%,24.19%,0.572588,2026-09-05
GTLB,49.83,2027-01-15,132,Put,47.50,-4.68%,4.3,5.58,6.5,804,167,4.81,55.18%,58.46%,-0.366316,2026-09-05
MU,1016.59,2026-09-11,6,Call,1080.00,-6.24%,10.15,10.6,11,1602,333,4.81,64.65%,61.33%,0.234883,2026-09-05
NOW,141.26,2026-09-11,6,Put,133.00,-5.85%,0.83,0.93,0.9,724,151,4.79,51.97%,51.30%,-0.169216,2026-09-05
SKHY,177,2026-10-16,41,Call,210.00,-18.64%,5.45,5.75,5.95,1193,249,4.79,64.02%,66.91%,0.263788,2026-09-05
NVDA,230.36,2026-09-11,6,Put,240.00,+4.18%,10.45,10.35,10.8,1428,298,4.79,34.41%,35.41%,-0.809812,2026-09-05
PRMB,22,2026-09-18,13,Call,23.00,-4.55%,0.15,0.2,0.4,4305,900,4.78,36.21%,38.62%,0.285387,2026-09-05
BE,252.87,2026-09-11,6,Call,260.00,-2.82%,11.85,12.05,12.1,4874,1026,4.75,90.84%,116.11%,0.456844,2026-09-05
CRM,259.23,2026-09-11,6,Call,262.50,-1.26%,3.6,3.68,3.85,1294,273,4.74,39.34%,38.57%,0.413291,2026-09-05
PATH,15.19,2026-10-16,41,Call,16.00,-5.33%,0.85,0.9,0.99,1462,309,4.73,58.78%,60.52%,0.44663,2026-09-05
VKTX,34.87,2026-09-25,20,Put,30.00,-13.97%,0.98,1.39,1.86,859,182,4.72,106.19%,110.11%,-0.235977,2026-09-05
TSM,428.91,2026-09-11,6,Put,417.50,-2.66%,2.6,2.75,2.93,546,116,4.71,34.15%,32.85%,-0.250953,2026-09-05
AMD,477.57,2026-09-09,4,Put,450.00,-5.77%,1.07,1.14,1.19,1596,339,4.71,49.79%,45.81%,-0.101761,2026-09-05
MSTR,142.8,2026-09-25,20,Put,145.00,+1.54%,10.7,10.7,11.35,926,197,4.7,75.03%,74.73%,-0.49658,2026-09-05
GTM,4.13,2026-10-16,41,Call,4.00,+3.15%,0.3,0.36,0.5,2004,426,4.7,61.91%,59.36%,0.610727,2026-09-05
INOD,55.66,2026-11-20,76,Call,90.00,-61.70%,1.35,1.65,1.95,1145,244,4.69,72.43%,88.14%,0.164887,2026-09-04
MU,1016.59,2026-09-11,6,Call,1050.00,-3.29%,17.3,18,18,8890,1897,4.69,64.65%,59.37%,0.352296,2026-09-05
MSTR,142.8,2026-09-11,6,Put,137.00,-4.06%,2.85,2.9,2.97,683,146,4.68,75.03%,74.70%,-0.313388,2026-09-05
AMZN,258.51,2026-09-11,6,Call,250.00,+3.29%,9.35,9.5,9.85,1903,407,4.68,30.40%,29.23%,0.823259,2026-09-05
TSLA,354.08,2026-09-11,6,Put,355.00,+0.26%,7.55,7.65,7.65,4859,1040,4.67,40.37%,39.87%,-0.506438,2026-09-05
RBLX,43.31,2026-09-11,6,Call,46.00,-6.21%,0.38,0.41,0.46,583,125,4.66,60.51%,59.38%,0.22791,2026-09-05
AAPL,319.97,2026-09-09,4,Put,300.00,-6.24%,0.15,0.17,0.17,2063,443,4.66,25.16%,34.41%,-0.034655,2026-09-05
TSLA,354.08,2026-09-14,9,Put,335.00,-5.39%,1.71,1.75,1.78,642,138,4.65,40.37%,36.80%,-0.158306,2026-09-05
CRWV,89.36,2026-09-11,6,Call,92.00,-2.95%,2.28,2.3,2.34,2196,472,4.65,76.04%,74.43%,0.400836,2026-09-05
DELL,524.14,2026-09-11,6,Call,540.00,-3.03%,10.05,10.1,10.25,2239,482,4.65,62.50%,61.79%,0.370585,2026-09-05
FCX,72.73,2026-09-11,6,Call,76.00,-4.50%,0.43,0.5,0.55,1988,428,4.64,45.98%,42.58%,0.220622,2026-09-05
NOK,10.03,2026-09-11,6,Put,10.00,-0.30%,0.24,0.25,0.26,3329,717,4.64,53.95%,52.03%,-0.466852,2026-09-05
NBIS,226.39,2026-09-11,6,Call,227.50,-0.49%,9.15,9.41,10.15,597,129,4.63,85.02%,87.34%,0.507034,2026-09-05
ASST,27.14,2026-09-11,6,Call,27.50,-1.33%,0.9,1,1.07,670,145,4.62,85.95%,82.27%,0.473465,2026-09-05
APLD,26.37,2026-09-11,6,Call,26.00,+1.40%,1.03,1.16,1.2,3413,740,4.61,83.75%,67.94%,0.584204,2026-09-05
TSLA,354.08,2026-09-14,9,Put,340.00,-3.98%,2.69,2.72,2.77,1261,274,4.6,40.37%,36.47%,-0.226335,2026-09-05
CNH,14.4,2026-12-18,104,Call,15.00,-4.17%,0.95,1.05,1.1,3904,851,4.59,37.39%,41.38%,0.472429,2026-09-05
AAOI,105.53,2026-09-11,6,Call,120.00,-13.71%,0.75,0.85,0.9,1237,270,4.58,89.92%,88.37%,0.141781,2026-09-05
MRVL,223.55,2026-09-11,6,Put,217.50,-2.71%,4,4.15,4.3,717,157,4.57,63.48%,60.25%,-0.344467,2026-09-05
AFRM,72.35,2026-09-11,6,Put,66.00,-8.78%,0.12,0.15,0.19,1862,407,4.57,51.73%,50.55%,-0.072375,2026-09-05
SPCX,147.95,2026-09-11,6,Put,146.00,-1.32%,2.82,2.81,2.86,1605,353,4.55,50.41%,50.14%,-0.402715,2026-09-05
MCD,255.69,2026-09-11,6,Call,265.00,-3.64%,0.2,0.25,0.31,1669,367,4.55,20.58%,20.09%,0.085224,2026-09-05
HONA,161.01,2026-10-16,41,Put,150.00,-6.84%,3,4.4,4.7,2019,444,4.55,42.82%,40.51%,-0.269043,2026-09-05
UEC,11.54,2026-09-11,6,Call,11.00,+4.68%,0.65,0.69,0.85,966,213,4.54,65.48%,73.19%,0.713638,2026-09-05
FIG,24.12,2026-09-11,6,Call,25.00,-3.65%,0.48,0.54,0.54,834,184,4.53,70.48%,69.74%,0.36337,2026-09-05
EOSE,3.88,2028-09-15,741,Put,3.00,-22.68%,1.22,1.5,1.6,1113,247,4.51,104.29%,111.48%,-0.163632,2026-09-05
MSFT,499.7,2026-09-09,4,Put,495.00,-0.94%,2.15,2.24,2.32,1394,309,4.51,24.61%,20.33%,-0.320009,2026-09-05
NFLX,78.25,2026-09-11,6,Put,79.00,+0.96%,1.62,1.64,1.68,6264,1389,4.51,35.57%,31.43%,-0.581532,2026-09-05
AAPL,319.97,2026-09-09,4,Put,302.50,-5.46%,0.22,0.23,0.24,859,191,4.5,25.16%,33.00%,-0.049252,2026-09-05
SPCX,147.95,2026-09-11,6,Put,147.00,-0.64%,3.25,3.3,3.35,3049,677,4.5,50.41%,50.29%,-0.444447,2026-09-05
MU,1016.59,2026-09-11,6,Call,1060.00,-4.27%,14.55,15.2,16,1155,257,4.49,64.65%,60.78%,0.311996,2026-09-05
AFRM,72.35,2026-09-18,13,Call,82.00,-13.34%,0.33,0.44,0.45,502,112,4.48,51.73%,52.69%,0.115737,2026-09-05
DELL,524.14,2026-09-11,6,Call,535.00,-2.07%,11.7,12.1,12.1,631,141,4.48,62.50%,61.54%,0.415267,2026-09-05
BMNR,24.97,2026-09-11,6,Put,25.00,+0.12%,0.92,0.94,0.97,3220,718,4.48,76.42%,73.31%,-0.4844,2026-09-05
AMZN,258.51,2026-09-09,4,Call,265.00,-2.51%,0.66,0.69,0.7,10189,2278,4.47,30.40%,25.45%,0.183362,2026-09-05
MU,1016.59,2026-09-11,6,Put,935.00,-8.03%,5,5.15,5.4,670,150,4.47,64.65%,60.01%,-0.128622,2026-09-05
TSLA,354.08,2026-09-09,4,Put,330.00,-6.80%,0.25,0.25,0.26,3037,679,4.47,40.37%,39.62%,-0.042028,2026-09-05
SNOW,337.18,2026-09-11,6,Put,330.00,-2.13%,4,4,4.4,2207,495,4.46,43.58%,42.78%,-0.33388,2026-09-05
VST,149.3,2026-11-20,76,Call,165.00,-10.52%,7.55,7.72,7.85,2137,480,4.45,43.63%,48.58%,0.377362,2026-09-05
NUAI,5.41,2026-09-11,6,Put,5.00,-7.58%,0.1,0.15,0.25,834,188,4.44,139.10%,128.91%,-0.286823,2026-09-05
MCD,255.69,2026-09-11,6,Call,260.00,-1.69%,0.8,0.92,0.96,1150,259,4.44,20.58%,18.56%,0.2464,2026-09-05
ASTS,62.31,2026-09-11,6,Put,54.00,-13.34%,0,0.14,0.27,1364,307,4.44,74.93%,71.69%,-0.05379,2026-09-05
DVN,48.06,2026-11-20,76,Call,50.00,-4.04%,2.3,2.31,2.38,10231,2303,4.44,33.28%,35.75%,0.439076,2026-09-05
SKHY,177,2026-09-11,6,Call,190.00,-7.34%,1.64,2.03,2.07,1750,395,4.43,64.02%,67.34%,0.220367,2026-09-05
TSLA,354.08,2026-09-18,13,Call,352.50,+0.45%,11.5,11.6,11.65,2351,532,4.42,40.37%,39.61%,0.545584,2026-09-05
PCG,14.3,2027-01-15,132,Call,19.00,-32.87%,0.85,0.86,0.88,21367,4833,4.42,61.36%,63.98%,0.298891,2026-09-05
RIOT,21.8,2026-09-11,6,Call,23.50,-7.80%,0.27,0.33,0.4,878,199,4.41,84.35%,82.03%,0.255974,2026-09-05
NBIS,226.39,2026-09-11,6,Put,182.50,-19.39%,0.27,0.37,0.45,1155,262,4.41,85.02%,94.20%,-0.032208,2026-09-05
MSTR,142.8,2026-09-11,6,Put,138.00,-3.36%,3.25,3.32,3.35,1400,318,4.4,75.03%,75.12%,-0.341439,2026-09-05
IREN,44.68,2026-11-20,76,Put,36.00,-19.43%,3.15,3.25,3.4,3668,834,4.4,87.42%,94.42%,-0.232121,2026-09-05
TSLA,354.08,2026-09-11,6,Put,357.50,+0.97%,8.95,9.1,9.05,3760,855,4.4,40.37%,39.95%,-0.560975,2026-09-05
LITE,881.26,2026-09-18,13,Call,860.00,+2.41%,56.7,56.6,58.8,592,135,4.39,71.99%,69.82%,0.60296,2026-09-05
CRDO,170.57,2027-03-19,195,Call,250.00,-46.57%,19.5,20.25,21,593,135,4.39,74.29%,82.35%,0.382495,2026-09-05
CSCO,109.2,2026-09-11,6,Put,108.00,-1.10%,0.86,0.86,0.99,821,187,4.39,28.70%,26.29%,-0.361787,2026-09-05
AEO,17.39,2026-09-11,6,Call,19.00,-9.26%,0.54,0.69,0.69,692,158,4.38,76.58%,135.57%,0.336422,2026-09-05
MSTR,142.8,2026-09-11,6,Call,190.00,-33.05%,0.15,0.15,0.18,797,182,4.38,75.03%,107.96%,0.023328,2026-09-05
BAH,72.8,2026-10-16,41,Call,80.00,-9.89%,1.05,1.15,1.2,537,123,4.37,37.19%,35.70%,0.233855,2026-09-05
SMCI,39.59,2026-09-11,6,Put,36.00,-9.07%,0.27,0.26,0.29,3625,829,4.37,73.04%,72.80%,-0.142094,2026-09-05
AAPL,319.97,2026-09-14,9,Call,325.00,-1.57%,3.05,3.1,3.25,1693,388,4.36,25.16%,25.70%,0.364531,2026-09-05
MU,1016.59,2026-09-09,4,Put,905.00,-10.98%,0.71,0.79,0.88,518,119,4.35,64.65%,60.70%,-0.030921,2026-09-05
ABBV,256.46,2026-10-02,27,Call,280.00,-9.18%,0.23,0.8,1.23,578,133,4.35,26.10%,23.93%,0.095637,2026-09-05
CRDO,170.57,2026-09-11,6,Call,200.00,-17.25%,0.55,0.65,0.75,1909,439,4.35,74.29%,84.93%,0.08047,2026-09-05
AVBP,30.95,2026-10-16,41,Call,20.00,+35.38%,10.9,13.32,15,2525,580,4.35,138.41%,177.44%,0.850524,2026-09-05
SKHY,177,2026-09-11,6,Call,175.00,+1.13%,6.85,7,7.1,3823,883,4.33,64.02%,65.17%,0.573365,2026-09-05
VST,149.3,2026-09-25,20,Call,155.00,-3.82%,3.7,3.9,4,762,176,4.33,43.63%,43.67%,0.382241,2026-09-05
MU,1016.59,2026-09-09,4,Put,900.00,-11.47%,0.65,0.7,0.75,2069,478,4.33,64.65%,61.73%,-0.027239,2026-09-05
BIDU,99.47,2026-09-11,6,Call,104.00,-4.55%,0.74,0.9,0.9,544,126,4.32,43.15%,46.68%,0.240607,2026-09-05
AAPL,319.97,2026-09-09,4,Call,335.00,-4.70%,0.35,0.36,0.38,6264,1449,4.32,25.16%,30.57%,0.079677,2026-09-05
CVNA,74.59,2026-09-11,6,Put,69.00,-7.49%,0.32,0.36,0.41,936,217,4.31,56.18%,56.33%,-0.130846,2026-09-05
MU,1016.59,2026-09-11,6,Put,975.00,-4.09%,13.2,13.6,13.85,1029,239,4.31,64.65%,58.93%,-0.275076,2026-09-05
AMZN,258.51,2026-09-09,4,Put,250.00,-3.29%,0.33,0.36,0.37,2747,638,4.31,30.40%,25.90%,-0.103545,2026-09-05
SNOW,337.18,2026-09-11,6,Call,385.00,-14.18%,0.17,0.21,0.23,1024,238,4.3,43.58%,51.41%,0.024413,2026-09-05
DELL,524.14,2026-09-11,6,Call,527.50,-0.64%,14.7,14.95,15.1,511,119,4.29,62.50%,61.01%,0.48561,2026-09-05
PURR,12.18,2026-10-16,41,Put,9.00,-26.11%,0.25,0.25,0.4,1727,403,4.29,99.96%,98.36%,-0.136974,2026-09-05
NVDA,230.36,2026-09-14,9,Call,250.00,-8.53%,0.26,0.26,0.31,4179,974,4.29,34.41%,32.31%,0.058017,2026-09-05
NVDA,230.36,2026-09-11,6,Put,222.50,-3.41%,1.21,1.29,1.29,10800,2515,4.29,34.41%,34.94%,-0.209591,2026-09-05
MSFT,499.7,2026-09-11,6,Call,502.50,-0.56%,4.7,4.78,4.95,996,233,4.27,24.61%,23.49%,0.438501,2026-09-05
HAFN,9.22,2026-09-18,13,Call,7.50,+18.66%,1.65,1.7,1.8,1994,467,4.27,51.17%,63.63%,0.973971,2026-09-05
SKHY,177,2026-09-11,6,Put,160.00,-9.60%,0.81,0.8,0.95,2574,604,4.26,64.02%,67.90%,-0.1132,2026-09-05
AAOI,105.53,2028-01-21,503,Put,40.00,-62.10%,4,6.2,6.6,604,142,4.25,89.92%,89.01%,-0.067336,2026-09-05
LQDA,68.66,2026-09-11,6,Put,45.00,-34.46%,0.15,0.2,0.3,1674,394,4.25,101.41%,189.97%,-0.031536,2026-09-05
MU,1016.59,2026-09-11,6,Call,1025.00,-0.83%,26.2,27.2,28.45,1571,371,4.23,64.65%,59.55%,0.47525,2026-09-05
SNOW,337.18,2026-09-11,6,Call,380.00,-12.70%,0.24,0.33,0.33,2274,537,4.23,43.58%,50.02%,0.034158,2026-09-05
NFLX,78.25,2026-09-11,6,Call,83.00,-6.07%,0.16,0.16,0.18,12963,3068,4.23,35.57%,35.30%,0.102702,2026-09-05
DELL,524.14,2026-09-18,13,Put,520.00,-0.79%,21.6,21.5,22,871,207,4.21,62.50%,61.27%,-0.446551,2026-09-05
ENPH,36.37,2027-06-17,285,Call,85.00,-133.71%,1.44,1.84,2.25,500,119,4.2,62.10%,75.19%,0.184422,2026-09-05
IONQ,39.52,2026-09-11,6,Call,42.00,-6.28%,0.75,0.75,0.91,4428,1054,4.2,74.37%,86.29%,0.31225,2026-09-05
AMZN,258.51,2026-09-09,4,Call,260.00,-0.58%,1.96,2.03,2.15,11487,2735,4.2,30.40%,24.87%,0.423669,2026-09-05
INTC,95.8,2026-09-09,4,Call,100.00,-4.38%,0.81,0.83,0.83,12695,3025,4.2,61.80%,57.15%,0.247697,2026-09-05
AMD,477.57,2026-09-09,4,Call,490.00,-2.60%,4.25,4.3,4.35,1896,452,4.19,49.79%,45.28%,0.305004,2026-09-05
CF,133.35,2026-09-11,6,Call,140.00,-4.99%,0.1,1,1.65,1016,243,4.18,45.41%,44.77%,0.208046,2026-09-05
CBRS,210.05,2026-10-16,41,Call,250.00,-19.02%,9.2,9.6,9.8,2388,573,4.17,76.26%,79.05%,0.305329,2026-09-05
OC,138.72,2026-09-18,13,Call,150.00,-8.13%,0.8,1.06,1.5,3319,796,4.17,39.95%,44.36%,0.187591,2026-09-05
INTC,95.8,2026-10-02,27,Put,91.00,-5.01%,3.8,4,4,612,147,4.16,61.80%,60.05%,-0.341454,2026-09-05
MCD,255.69,2026-09-11,6,Call,257.50,-0.71%,1.5,1.61,1.7,759,183,4.15,20.58%,18.17%,0.387351,2026-09-05
SMCI,39.59,2026-09-11,6,Call,43.50,-9.88%,0.36,0.38,0.39,1746,421,4.15,73.04%,76.92%,0.184111,2026-09-05
STZ,128.18,2026-09-11,6,Put,128.00,-0.14%,1.7,1.95,2.85,541,131,4.13,32.10%,36.17%,-0.477929,2026-09-05
SLS,13.86,2027-04-16,223,Call,15.00,-8.23%,6.7,6.85,7.7,2012,487,4.13,204.67%,185.83%,0.754456,2026-09-05
SPCX,147.95,2026-09-11,6,Put,134.00,-9.43%,0.36,0.41,0.38,2236,541,4.13,50.41%,55.59%,-0.07594,2026-09-05
ULTA,564.12,2026-09-18,13,Call,670.00,-18.77%,0.1,0.1,1.7,535,130,4.12,31.70%,51.05%,0.042117,2026-09-04
GOOGL,338.46,2026-10-02,27,Call,340.00,-0.46%,10,10.06,10.25,1340,325,4.12,28.49%,28.49%,0.504819,2026-09-05
NFLX,78.25,2026-09-11,6,Call,81.00,-3.51%,0.41,0.42,0.42,7951,1929,4.12,35.57%,33.40%,0.22026,2026-09-05
MU,1016.59,2028-06-16,650,Call,2390.00,-135.10%,139.45,131.5,156,518,126,4.11,64.65%,70.03%,0.354836,2026-09-04
TSLA,354.08,2026-09-14,9,Call,375.00,-5.91%,2,2.07,2.06,1926,469,4.11,40.37%,38.20%,0.180856,2026-09-05
VLO,370.72,2026-09-18,13,Put,345.00,-6.94%,2.9,3.4,3.7,639,156,4.1,44.88%,44.99%,-0.184475,2026-09-05
NVDA,230.36,2026-09-14,9,Call,240.00,-4.18%,1.14,1.15,1.34,2943,717,4.1,34.41%,30.30%,0.205661,2026-09-05
SMCI,39.59,2026-09-11,6,Put,37.50,-5.28%,0.53,0.58,0.62,813,199,4.09,73.04%,70.12%,-0.256509,2026-09-05
CBRS,210.05,2026-09-11,6,Call,230.00,-9.50%,2.2,2.5,2.65,872,213,4.09,76.26%,80.97%,0.207104,2026-09-05
CARR,59.71,2026-10-16,41,Call,65.00,-8.86%,0.7,0.75,0.85,995,243,4.09,31.94%,30.87%,0.227424,2026-09-05
NVDA,230.36,2026-09-25,20,Put,235.00,+2.01%,9.45,9.62,9.75,1323,326,4.06,34.41%,33.42%,-0.579438,2026-09-05
DELL,524.14,2026-09-11,6,Put,500.00,-4.61%,6.65,6.61,6.85,1461,360,4.06,62.50%,61.45%,-0.259875,2026-09-05
AMZN,258.51,2026-09-09,4,Put,260.00,+0.58%,3.35,3.35,3.55,3813,941,4.05,30.40%,24.86%,-0.577932,2026-09-05
AMD,477.57,2026-09-11,6,Put,457.50,-4.20%,4.05,4.3,4.55,654,162,4.04,49.79%,49.27%,-0.235843,2026-09-05
GPN,92.54,2026-11-20,76,Call,90.00,+2.74%,8.2,8.9,9.4,817,202,4.04,36.06%,43.54%,0.603935,2026-09-05
KO,88.07,2026-09-18,13,Call,89.00,-1.06%,0.57,0.6,0.63,1352,335,4.04,18.28%,14.74%,0.363695,2026-09-05
META,616.77,2026-09-09,4,Call,625.00,-1.33%,4.5,4.6,4.6,1887,467,4.04,35.99%,30.54%,0.349215,2026-09-05
TSLA,354.08,2026-09-16,11,Call,375.00,-5.91%,3,3.05,3.15,600,149,4.03,40.37%,40.52%,0.221987,2026-09-05
LULU,100.61,2027-03-19,195,Call,115.00,-14.30%,9,9.5,9.9,1132,281,4.03,41.44%,47.46%,0.440179,2026-09-05
AMZN,258.51,2026-09-09,4,Put,252.50,-2.32%,0.63,0.68,0.72,1928,479,4.03,30.40%,25.27%,-0.179841,2026-09-05
IREN,44.68,2026-09-11,6,Put,41.00,-8.24%,0.5,0.53,0.53,2211,549,4.03,87.42%,81.75%,-0.190051,2026-09-05
TSLA,354.08,2026-09-11,6,Put,352.50,-0.45%,6.3,6.3,6.35,4694,1166,4.03,40.37%,39.71%,-0.45111,2026-09-05
NKE,38.4,2026-09-11,6,Call,38.50,-0.26%,0.54,0.54,0.55,4855,1205,4.03,41.86%,30.28%,0.479985,2026-09-05
SLB,57.51,2026-09-11,6,Put,56.00,-2.63%,0.32,0.38,0.43,591,147,4.02,35.68%,32.68%,-0.254056,2026-09-05
MU,1016.59,2026-09-11,6,Call,1010.00,+0.65%,33.15,33.95,35.45,2457,611,4.02,64.65%,59.03%,0.552323,2026-09-05
SMCI,39.59,2026-09-18,13,Put,40.50,+2.30%,2.55,2.73,2.67,558,139,4.01,73.04%,71.41%,-0.537534,2026-09-05
BE,252.87,2026-09-11,6,Call,255.00,-0.84%,13.85,14,14.05,1318,329,4.01,90.84%,115.00%,0.508324,2026-09-05
CSCO,109.2,2026-09-18,13,Call,111.00,-1.65%,1.51,1.57,1.57,1417,353,4.01,28.70%,27.74%,0.392638,2026-09-05
MSFT,499.7,2026-09-09,4,Call,515.00,-3.06%,0.45,0.48,0.51,1874,467,4.01,24.61%,21.36%,0.092882,2026-09-05
PL,18.12,2026-09-11,6,Call,19.00,-4.86%,0.3,0.35,0.4,1128,282,4,69.89%,73.83%,0.327291,2026-09-05
DELL,524.14,2026-09-11,6,Call,530.00,-1.12%,13.8,14,14,1958,490,4,62.50%,61.40%,0.461997,2026-09-05
MCD,255.69,2026-11-20,76,Call,260.00,-1.69%,9.35,9.65,9.7,527,132,3.99,20.58%,24.34%,0.465632,2026-09-05
AEHR,86.26,2026-10-16,41,Put,100.00,+15.93%,19.1,21.5,22.4,594,149,3.99,108.23%,105.04%,-0.593771,2026-09-05
AMD,477.57,2026-09-09,4,Call,510.00,-6.79%,1.08,1.11,1.15,1034,259,3.99,49.79%,47.83%,0.100416,2026-09-05
AAPL,319.97,2026-09-09,4,Put,315.00,-1.55%,1.73,1.9,1.87,7146,1801,3.97,25.16%,28.75%,-0.292656,2026-09-05
AFRM,72.35,2026-09-11,6,Call,80.00,-10.57%,0.15,0.16,0.2,1144,288,3.97,51.73%,53.97%,0.079349,2026-09-05
LULU,100.61,2026-10-16,41,Call,120.00,-19.27%,0.87,1.04,0.99,891,225,3.96,41.44%,43.47%,0.133856,2026-09-05
AMD,477.57,2026-09-09,4,Call,495.00,-3.65%,3.05,3.11,3.2,1464,370,3.96,49.79%,45.88%,0.23755,2026-09-05
DELL,524.14,2026-09-11,6,Call,520.00,+0.79%,18.45,19.14,18.7,1553,392,3.96,62.50%,60.99%,0.558449,2026-09-05
HAFN,9.22,2026-10-16,41,Call,7.50,+18.66%,1.6,1.7,1.75,4121,1041,3.96,51.17%,44.71%,0.949868,2026-09-05
GOOGL,338.46,2026-09-09,4,Call,345.00,-1.93%,1.05,1.06,1.08,5826,1471,3.96,28.49%,23.38%,0.22519,2026-09-05
SLS,13.86,2026-09-11,6,Call,15.50,-11.83%,0.2,0.32,0.4,766,194,3.95,204.67%,118.39%,0.255585,2026-09-05
AMBA,62.89,2026-09-18,13,Call,70.00,-11.31%,3.2,3.25,3.6,714,181,3.94,103.14%,126.38%,0.372796,2026-09-05
GOOG,335.31,2026-09-11,6,Call,335.00,+0.09%,4.7,4.8,4.9,3092,784,3.94,28.80%,26.54%,0.524087,2026-09-05
GOOGL,338.46,2026-09-14,9,Call,345.00,-1.93%,2.66,2.77,3.25,521,133,3.92,28.49%,25.84%,0.333212,2026-09-05
HL,20.68,2026-09-11,6,Call,21.50,-3.97%,0.31,0.34,0.46,608,155,3.92,64.37%,66.57%,0.342322,2026-09-05
BE,252.87,2026-09-11,6,Put,220.00,-13.00%,2.4,2.43,2.5,1198,306,3.92,90.84%,104.95%,-0.134315,2026-09-05
NFLX,78.25,2026-09-11,6,Put,78.00,-0.32%,1.11,1.08,1.13,5937,1518,3.91,35.57%,31.55%,-0.455731,2026-09-05
HOOD,122.11,2026-10-16,41,Call,145.00,-18.75%,3.7,3.78,3.85,4281,1099,3.9,63.01%,65.91%,0.258306,2026-09-05
PL,18.12,2026-09-11,6,Put,17.50,-3.42%,0.35,0.4,0.4,695,178,3.9,69.89%,70.43%,-0.331264,2026-09-05
SNOW,337.18,2026-09-11,6,Call,375.00,-11.22%,0.42,0.43,0.51,2079,535,3.89,43.58%,49.86%,0.052436,2026-09-05
LVS,44.37,2026-11-20,76,Call,45.00,-1.42%,2.08,2.68,2.78,504,130,3.88,30.78%,33.28%,0.496189,2026-09-05
SKHY,177,2026-09-11,6,Call,177.50,-0.28%,5.65,5.8,5.8,633,163,3.88,64.02%,65.34%,0.506115,2026-09-05
MSFT,499.7,2026-09-11,6,Call,512.50,-2.56%,1.61,1.89,1.86,3428,884,3.88,24.61%,23.38%,0.208098,2026-09-05
GOOGL,338.46,2026-09-25,20,Call,345.00,-1.93%,6.2,6.25,6.35,2114,546,3.87,28.49%,27.98%,0.408477,2026-09-05
AVGO,357.89,2026-09-09,4,Call,360.00,-0.59%,3.95,4,4.1,4366,1127,3.87,37.03%,33.08%,0.443156,2026-09-05
NVDA,230.36,2026-10-16,41,Put,235.00,+2.01%,12.65,12.75,12.85,4979,1286,3.87,34.41%,34.42%,-0.537077,2026-09-05
MSFT,499.7,2026-09-09,4,Put,485.00,-2.94%,0.33,0.39,0.45,560,145,3.86,24.61%,20.59%,-0.079317,2026-09-05
SMCI,39.59,2026-09-11,6,Put,41.00,+3.56%,2.21,2.2,2.34,613,159,3.86,73.04%,71.75%,-0.629301,2026-09-05
NVTS,11.8,2026-09-11,6,Call,12.00,-1.69%,0.37,0.38,0.4,2649,686,3.86,83.26%,78.13%,0.455507,2026-09-05
NOW,141.26,2026-09-11,6,Call,141.00,+0.18%,3.65,3.7,3.9,566,147,3.85,51.97%,49.90%,0.527949,2026-09-05
CIFR,17.74,2026-09-11,6,Call,18.00,-1.47%,0.8,0.82,0.9,11835,3076,3.85,96.25%,106.19%,0.486268,2026-09-05
GOOGL,338.46,2026-09-11,6,Call,340.00,-0.46%,3.85,4,4.05,6594,1718,3.84,28.49%,26.49%,0.459994,2026-09-05
COHR,281.86,2026-09-11,6,Put,255.00,-9.53%,1.25,1.65,2.1,503,131,3.84,71.52%,71.30%,-0.125633,2026-09-05
UBER,75.76,2027-03-19,195,Put,35.00,-53.80%,0.08,0.1,0.1,629,164,3.84,34.99%,49.37%,-0.008764,2026-09-05
NFLX,78.25,2026-09-25,20,Call,81.00,-3.51%,1.35,1.37,1.4,1493,389,3.84,35.57%,33.07%,0.351269,2026-09-05
AVGO,357.89,2026-09-09,4,Put,352.50,-1.51%,2.58,2.58,2.75,782,204,3.83,37.03%,33.27%,-0.322196,2026-09-05
GPRO,1.7,2026-09-18,13,Put,2.00,+17.65%,0.45,0.49,0.5,3942,1031,3.82,167.66%,219.79%,-0.572386,2026-09-05
GOOGL,338.46,2026-09-11,6,Call,347.50,-2.67%,1.54,1.56,1.74,4740,1243,3.81,28.49%,27.53%,0.237773,2026-09-05
NBIS,226.39,2026-09-11,6,Call,225.00,+0.61%,10.3,10.44,11,5180,1359,3.81,85.02%,85.56%,0.546348,2026-09-05
BBY,90.27,2026-11-20,76,Put,75.00,-16.92%,0.75,1.05,1.15,586,154,3.81,34.99%,36.89%,-0.118133,2026-09-04
PATH,15.19,2026-09-18,13,Put,15.50,+2.04%,0.74,0.79,0.96,750,197,3.81,58.78%,60.13%,-0.544967,2026-09-05
NEE,83.43,2026-09-11,6,Put,84.00,+0.68%,0.84,1.16,1.27,544,143,3.8,20.82%,17.30%,-0.614676,2026-09-05
BLK,1122.29,2026-09-18,13,Call,1020.00,+9.11%,98.2,102.8,106.9,1201,316,3.8,27.23%,16.58%,0.99827,2026-09-05
PPTA,25.09,2027-01-15,132,Call,35.00,-39.50%,1.6,1.64,1.7,8011,2112,3.79,62.15%,71.29%,0.298141,2026-09-05
VFC,13.45,2026-09-11,6,Call,13.50,-0.37%,0.17,0.24,0.29,779,206,3.78,39.33%,36.76%,0.479161,2026-09-05
PATH,15.19,2026-10-16,41,Call,21.00,-38.25%,0.1,0.15,0.15,869,230,3.78,58.78%,65.37%,0.088544,2026-09-05
MSTR,142.8,2026-09-18,13,Call,80.00,+43.98%,62.65,63.24,63.3,614,163,3.77,75.03%,128.56%,0.994039,2026-09-05
WOLF,28.35,2026-10-16,41,Call,30.00,-5.82%,2.87,3,3.2,698,185,3.77,98.63%,96.74%,0.500186,2026-09-05
SBET,8.68,2026-12-18,104,Call,10.00,-15.21%,1.06,1.07,1.18,825,219,3.77,80.02%,84.56%,0.474596,2026-09-05
SMCI,39.59,2026-09-11,6,Put,36.50,-7.81%,0.35,0.37,0.38,857,228,3.76,73.04%,72.30%,-0.176472,2026-09-05
AMD,477.57,2026-09-09,4,Call,472.50,+1.06%,11.3,11.53,11.65,1276,339,3.76,49.79%,43.32%,0.605204,2026-09-05
BE,252.87,2026-09-11,6,Call,245.00,+3.11%,18.3,18.58,18.8,1498,399,3.75,90.84%,111.53%,0.616695,2026-09-05
SPCX,147.95,2026-09-11,6,Put,149.00,+0.71%,4.25,4.3,4.35,3003,801,3.75,50.41%,49.98%,-0.52837,2026-09-05
CYPH,2.42,2026-09-18,13,Put,2.00,-17.36%,0.05,0.13,0.15,4349,1161,3.75,163.43%,156.20%,-0.212449,2026-09-05
AMD,477.57,2026-09-11,6,Call,500.00,-4.70%,4.45,4.56,4.6,10258,2733,3.75,49.79%,50.52%,0.252374,2026-09-05
EMR,152.82,2026-09-18,13,Call,157.50,-3.06%,0.85,1.48,2.7,1524,407,3.74,27.70%,30.89%,0.3172,2026-09-05
TSLA,354.08,2026-09-11,6,Put,337.50,-4.68%,1.57,1.6,1.6,3048,816,3.74,40.37%,39.55%,-0.163121,2026-09-05
BA,212.25,2026-09-11,6,Put,212.50,+0.12%,2.83,3,3.15,544,146,3.73,30.12%,26.35%,-0.50719,2026-09-05
DELL,524.14,2026-09-11,6,Call,560.00,-6.84%,5,5.05,5.2,884,237,3.73,62.50%,62.81%,0.219098,2026-09-05
SMCI,39.59,2026-09-11,6,Put,38.00,-4.02%,0.73,0.75,0.78,925,248,3.73,73.04%,71.47%,-0.308937,2026-09-05
BMNR,24.97,2026-09-11,6,Call,28.50,-14.14%,0.13,0.14,0.17,1457,391,3.73,76.42%,83.42%,0.119478,2026-09-05
NFLX,78.25,2026-09-11,6,Call,78.00,+0.32%,1.43,1.43,1.47,2101,563,3.73,35.57%,32.45%,0.544614,2026-09-05
MU,1016.59,2026-09-09,4,Call,1040.00,-2.30%,12,13,13.9,2742,735,3.73,64.65%,52.68%,0.352632,2026-09-05
ADBE,266.51,2026-09-11,6,Call,270.00,-1.31%,9.25,9.28,9.4,524,141,3.72,51.99%,79.57%,0.471807,2026-09-05
OKLO,41.27,2026-09-18,13,Put,39.00,-5.50%,1.18,1.28,1.31,584,157,3.72,74.35%,73.35%,-0.3135,2026-09-05
IREN,44.68,2026-09-18,13,Call,54.00,-20.86%,0.57,0.64,0.62,606,163,3.72,87.42%,91.64%,0.158246,2026-09-05
SOC,4.74,2026-09-25,20,Put,4.00,-15.61%,0.12,0.14,0.21,1000,269,3.72,109.22%,108.88%,-0.211745,2026-09-05
NVDA,230.36,2026-09-09,4,Put,222.50,-3.41%,0.55,0.59,0.59,8883,2396,3.71,34.41%,31.85%,-0.142847,2026-09-05
CIFR,17.74,2026-09-11,6,Put,17.50,-1.35%,0.75,0.75,0.8,994,268,3.71,96.25%,99.31%,-0.430728,2026-09-05
SKHY,177,2027-01-15,132,Call,210.00,-18.64%,17.3,17.5,18.25,1514,408,3.71,64.02%,66.76%,0.424458,2026-09-05
AME,237.72,2026-09-18,13,Call,250.00,-5.17%,0.7,0.74,1.2,1725,465,3.71,23.91%,25.66%,0.160184,2026-09-05
ZS,169.8,2026-09-11,6,Call,177.50,-4.53%,1.6,2,2.29,691,187,3.7,50.54%,54.31%,0.276364,2026-09-05
AAPL,319.97,2026-09-11,6,Call,330.00,-3.13%,1.38,1.41,1.43,27991,7561,3.7,25.16%,28.94%,0.212177,2026-09-05
MU,1016.59,2026-09-11,6,Put,945.00,-7.04%,6.5,6.6,6.9,627,170,3.69,64.65%,59.63%,-0.158547,2026-09-05
PATH,15.19,2026-09-25,20,Call,18.50,-21.79%,0.09,0.15,0.39,700,190,3.68,58.78%,79.96%,0.171286,2026-09-05
WVE,4.86,2026-09-18,13,Call,5.00,-2.88%,0.1,0.25,0.3,722,196,3.68,93.35%,70.52%,0.445447,2026-09-05
MU,1016.59,2026-09-11,6,Call,1120.00,-10.17%,4.9,5.15,5.25,1598,434,3.68,64.65%,63.61%,0.127141,2026-09-05
PATH,15.19,2026-10-16,41,Put,14.00,-7.83%,0.61,0.62,0.73,687,187,3.67,58.78%,61.20%,-0.302433,2026-09-05
COLB,30.8,2027-02-19,167,Call,35.00,-13.64%,0.6,0.75,0.95,692,189,3.66,27.98%,26.42%,0.254956,2026-09-05
TSLA,354.08,2026-10-09,34,Call,360.00,-1.67%,15.25,15.4,15.5,786,215,3.66,40.37%,40.62%,0.482489,2026-09-05
TSLA,354.08,2026-09-11,6,Put,347.50,-1.86%,4.15,4.29,4.25,2071,566,3.66,40.37%,39.44%,-0.342248,2026-09-05
RNG,73.39,2028-01-21,503,Call,80.00,-9.01%,19.1,19.6,21.5,570,156,3.65,53.75%,63.54%,0.62381,2026-09-04
GM,87.76,2026-09-11,6,Put,87.00,-0.87%,0.91,1.01,1.08,546,150,3.64,31.09%,30.35%,-0.400125,2026-09-05
NOW,141.26,2026-09-11,6,Put,138.00,-2.31%,2.14,2.26,2.26,880,242,3.64,51.97%,50.79%,-0.344965,2026-09-05
MSFT,499.7,2026-09-11,6,Put,500.00,+0.06%,5.85,6.08,6.2,4832,1327,3.64,24.61%,23.39%,-0.497007,2026-09-05
TSLA,354.08,2026-09-09,4,Call,395.00,-11.56%,0.26,0.27,0.27,6810,1873,3.64,40.37%,55.83%,0.033245,2026-09-05
TSLA,354.08,2026-09-11,6,Call,375.00,-5.91%,1.45,1.47,1.48,9374,2580,3.63,40.37%,41.95%,0.151656,2026-09-05
SNOW,337.18,2026-09-11,6,Put,305.00,-9.54%,0.3,0.3,0.46,519,143,3.63,43.58%,47.08%,-0.044479,2026-09-05
AVGO,357.89,2026-10-02,27,Put,360.00,+0.59%,14.4,15.35,15.45,1351,372,3.63,37.03%,36.51%,-0.497198,2026-09-05
AAPL,319.97,2026-09-09,4,Put,312.50,-2.33%,1.19,1.26,1.27,4149,1146,3.62,25.16%,29.55%,-0.214903,2026-09-05
AMD,477.57,2026-09-11,6,Call,490.00,-2.60%,7.05,7.25,7.35,3713,1028,3.61,49.79%,49.86%,0.359147,2026-09-05
IREN,44.68,2026-09-11,6,Call,50.00,-11.91%,0.45,0.46,0.49,9156,2539,3.61,87.42%,89.30%,0.178722,2026-09-05
LUNR,14.81,2026-09-11,6,Call,15.00,-1.28%,0.44,0.46,0.52,516,143,3.61,77.15%,74.29%,0.468127,2026-09-05
MSTR,142.8,2026-09-11,6,Put,139.00,-2.66%,3.6,3.69,3.8,795,220,3.61,75.03%,75.24%,-0.369524,2026-09-05
TSLA,354.08,2026-09-09,4,Call,380.00,-7.32%,0.51,0.52,0.52,9477,2633,3.6,40.37%,44.97%,0.070941,2026-09-05
META,616.77,2026-09-09,4,Put,595.00,-3.53%,1.32,1.35,1.35,872,243,3.59,35.99%,31.24%,-0.130223,2026-09-05
LULU,100.61,2026-10-16,41,Put,90.00,-10.55%,1.44,1.44,1.55,2293,638,3.59,41.44%,41.36%,-0.18412,2026-09-05
MU,1016.59,2026-09-09,4,Call,940.00,+7.53%,76.25,77.8,80.8,2519,702,3.59,64.65%,50.61%,0.934767,2026-09-05
LULU,100.61,2027-12-17,468,Call,140.00,-39.15%,10.35,11.66,13.15,515,144,3.58,41.44%,47.50%,0.401839,2026-09-05
GOOGL,338.46,2026-10-02,27,Call,360.00,-6.36%,3.45,3.52,3.65,2335,653,3.58,28.49%,28.82%,0.236903,2026-09-05
TSLA,354.08,2026-09-16,11,Call,370.00,-4.50%,4.05,4.05,4.15,1075,302,3.56,40.37%,39.92%,0.279542,2026-09-05
DELL,524.14,2026-09-11,6,Put,530.00,+1.12%,19.4,18.75,19.8,649,183,3.55,62.50%,61.76%,-0.538129,2026-09-05
AVGO,357.89,2026-09-11,6,Call,367.50,-2.69%,3.35,3.46,3.55,2056,579,3.55,37.03%,38.85%,0.309476,2026-09-05
AVGO,357.89,2026-09-09,4,Call,365.00,-1.99%,2.33,2.4,2.5,2427,684,3.55,37.03%,34.30%,0.30126,2026-09-05
HPE,52,2026-10-02,27,Call,60.00,-15.38%,0.82,0.85,0.98,718,203,3.54,56.55%,58.26%,0.208199,2026-09-05
INTC,95.8,2026-09-11,6,Call,105.00,-9.60%,0.65,0.68,0.68,8735,2472,3.53,61.80%,67.95%,0.157869,2026-09-05
AAPL,319.97,2026-09-11,6,Call,320.00,-0.01%,4.75,4.83,4.9,14512,4112,3.53,25.16%,29.05%,0.512194,2026-09-05
MCK,907.99,2026-09-18,13,Call,920.00,-1.32%,8.2,14.7,15.7,526,149,3.53,25.66%,24.52%,0.406769,2026-09-05
ADBE,266.51,2026-09-11,6,Call,275.00,-3.19%,7.2,7.32,7.5,604,171,3.53,51.99%,79.61%,0.401132,2026-09-05
DIS,105.31,2026-09-11,6,Call,108.00,-2.55%,0.22,0.27,0.3,741,210,3.53,23.27%,20.66%,0.175115,2026-09-05
CRCL,102.05,2026-10-16,41,Put,105.00,+2.89%,11.9,12.47,12.75,1067,302,3.53,79.93%,79.78%,-0.484646,2026-09-05
GOOGL,338.46,2026-09-09,4,Put,340.00,+0.46%,3.95,4.1,4.2,1312,372,3.53,28.49%,23.37%,-0.564404,2026-09-05
CDE,21.24,2026-09-11,6,Put,20.00,-5.84%,0.15,0.19,0.25,546,155,3.52,64.80%,60.72%,-0.206725,2026-09-05
AMD,477.57,2026-09-09,4,Put,457.50,-4.20%,2.09,2.2,2.25,652,186,3.51,49.79%,45.28%,-0.174348,2026-09-05
COIN,184.64,2026-09-11,6,Put,185.00,+0.19%,6.05,6.4,6.45,2281,650,3.51,65.82%,64.75%,-0.490528,2026-09-05
OSS,9.97,2026-11-20,76,Call,12.50,-25.38%,0.7,0.76,1,6402,1823,3.51,79.94%,90.01%,0.372007,2026-09-05
POET,7.92,2026-09-25,20,Call,8.00,-1.01%,0.53,0.56,0.73,1358,388,3.5,83.67%,89.25%,0.526258,2026-09-05
TSLA,354.08,2026-09-25,20,Call,355.00,-0.26%,12.95,13,13.1,3160,904,3.5,40.37%,39.72%,0.515941,2026-09-05
CDE,21.24,2026-09-11,6,Call,23.00,-8.29%,0.1,0.17,0.2,991,284,3.49,64.80%,62.33%,0.171132,2026-09-05
OKLO,41.27,2026-09-18,13,Call,42.00,-1.77%,1.87,1.97,2.01,1029,295,3.49,74.35%,72.26%,0.479693,2026-09-05
MU,1016.59,2026-09-11,6,Call,1150.00,-13.12%,2.86,3.09,3.1,1635,468,3.49,64.65%,65.90%,0.079239,2026-09-05
SPCX,147.95,2026-09-11,6,Put,152.50,+3.08%,6.45,6.5,6.65,1195,343,3.48,50.41%,50.96%,-0.664618,2026-09-05
CI,282.52,2026-10-16,41,Put,260.00,-7.97%,2.5,2.75,3.3,2830,813,3.48,26.83%,29.48%,-0.182201,2026-09-05
PURR,12.18,2026-09-11,6,Put,11.00,-9.69%,0.1,0.17,0.25,1102,318,3.47,99.96%,99.20%,-0.192402,2026-09-05
META,616.77,2026-09-11,6,Call,632.50,-2.55%,5.15,5.24,5.25,502,145,3.46,35.99%,35.26%,0.300626,2026-09-05
RIOT,21.8,2026-10-02,27,Call,22.00,-0.92%,1.68,1.89,1.98,556,161,3.45,84.35%,80.22%,0.531691,2026-09-05
LRCX,307.65,2026-09-11,6,Call,300.00,+2.49%,12.85,13.6,14,969,281,3.45,60.00%,57.85%,0.649454,2026-09-05
MSFT,499.7,2026-09-11,6,Call,517.50,-3.56%,1.02,1.04,1.12,1914,555,3.45,24.61%,24.30%,0.137298,2026-09-05
PLTR,174.33,2026-09-11,6,Put,165.00,-5.35%,0.99,1.01,1.03,6115,1770,3.45,46.80%,47.43%,-0.172639,2026-09-05
COIN,184.64,2026-09-11,6,Call,195.00,-5.61%,2.65,2.73,3,5333,1552,3.44,65.82%,69.54%,0.287353,2026-09-05
AMZN,258.51,2026-09-09,4,Call,262.50,-1.54%,1.16,1.21,1.32,6611,1928,3.43,30.40%,25.36%,0.291586,2026-09-05
C,137.72,2026-09-11,6,Put,135.00,-1.98%,0.57,0.68,0.69,525,153,3.43,29.59%,23.76%,-0.248442,2026-09-05
AMAT,454.71,2026-09-11,6,Call,500.00,-9.96%,1.4,1.49,1.5,1492,435,3.43,53.35%,55.43%,0.097946,2026-09-05
UPST,28.05,2026-09-11,6,Put,27.00,-3.74%,0.33,0.37,0.39,868,254,3.42,59.93%,55.39%,-0.280912,2026-09-05
GOOGL,338.46,2026-09-11,6,Call,350.00,-3.41%,1.1,1.14,1.25,7158,2094,3.42,28.49%,27.79%,0.182021,2026-09-05
AMZN,258.51,2026-09-11,6,Call,257.50,+0.39%,4.35,4.43,4.55,4136,1214,3.41,30.40%,29.11%,0.555493,2026-09-05
MSFT,499.7,2026-09-09,4,Put,505.00,+1.06%,7,7.23,7.8,743,218,3.41,24.61%,20.67%,-0.68007,2026-09-05
MU,1016.59,2026-09-11,6,Call,980.00,+3.60%,50.7,51.3,53.6,1406,412,3.41,64.65%,58.74%,0.702718,2026-09-05
MU,1016.59,2026-09-11,6,Call,1200.00,-18.04%,1.2,1.24,1.28,3185,933,3.41,64.65%,69.68%,0.035503,2026-09-05
QURE,44.5,2026-11-20,76,Call,65.00,-46.07%,2.8,2.79,4,602,177,3.4,108.34%,108.22%,0.306841,2026-09-05
INTC,95.8,2026-09-11,6,Call,96.00,-0.21%,2.92,2.95,3.15,4620,1359,3.4,61.80%,63.44%,0.508457,2026-09-05
NVDA,230.36,2026-10-23,48,Call,235.00,-2.01%,9.8,10.25,10.25,671,198,3.39,34.41%,35.03%,0.47597,2026-09-05
MU,1016.59,2026-09-09,4,Put,930.00,-8.52%,1.58,1.57,1.71,1274,377,3.38,64.65%,56.52%,-0.06174,2026-09-05
AMAT,454.71,2026-09-11,6,Call,470.00,-3.36%,5.7,6.47,7.25,1443,427,3.38,53.35%,53.29%,0.329078,2026-09-05
SNOW,337.18,2026-09-18,13,Call,370.00,-9.73%,2.1,2.25,2.53,3400,1009,3.37,43.58%,46.13%,0.156568,2026-09-05
CSIQ,13.22,2026-09-11,6,Put,13.00,-1.66%,0.25,0.3,0.5,641,191,3.36,77.80%,71.62%,-0.407445,2026-09-05
MU,1016.59,2026-09-11,6,Call,1015.00,+0.16%,30.65,32,32.15,979,291,3.36,64.65%,58.34%,0.526376,2026-09-05
NFLX,78.25,2026-09-11,6,Call,80.00,-2.24%,0.63,0.64,0.65,18075,5375,3.36,35.57%,32.64%,0.310832,2026-09-05
AAPL,319.97,2026-09-16,11,Call,330.00,-3.13%,2.2,2.3,2.4,706,211,3.35,25.16%,26.37%,0.264415,2026-09-05
ZS,169.8,2026-09-11,6,Put,170.00,+0.12%,4.3,4.78,5.15,837,250,3.35,50.54%,53.76%,-0.490316,2026-09-05
JPM,358.64,2026-09-11,6,Put,360.00,+0.38%,3.65,4.68,4.8,788,236,3.34,24.03%,19.38%,-0.551654,2026-09-05
USAR,17.61,2026-09-11,6,Call,18.50,-5.05%,0.34,0.35,0.37,1039,311,3.34,80.81%,76.91%,0.32825,2026-09-05
RUN,8.89,2026-09-18,13,Call,9.00,-1.24%,0.28,0.36,0.43,3422,1024,3.34,67.49%,59.81%,0.483613,2026-09-05
TSLA,354.08,2026-09-11,6,Call,372.50,-5.20%,1.76,1.76,1.79,4293,1290,3.33,40.37%,41.33%,0.178943,2026-09-05
C,137.72,2026-09-11,6,Put,134.00,-2.70%,0.43,0.46,0.49,586,176,3.33,29.59%,24.85%,-0.18819,2026-09-05
MU,1016.59,2026-09-11,6,Call,1095.00,-7.71%,7.75,7.98,8.2,665,200,3.33,64.65%,61.92%,0.187015,2026-09-05
GLW,154.3,2026-09-11,6,Call,170.00,-10.17%,0.57,0.66,0.72,823,247,3.33,59.37%,60.52%,0.114281,2026-09-05
CRWV,89.36,2026-09-18,13,Call,96.00,-7.43%,2.64,2.67,2.73,967,290,3.33,76.04%,76.40%,0.338649,2026-09-05
SPCX,147.95,2026-09-18,13,Put,122.00,-17.54%,0.27,0.28,0.31,1462,440,3.32,50.41%,60.90%,-0.040412,2026-09-05
AMD,477.57,2026-09-11,6,Put,445.00,-6.82%,1.92,2.05,2.12,1958,590,3.32,49.79%,50.27%,-0.127846,2026-09-05
NFLX,78.25,2026-09-11,6,Put,80.00,+2.24%,2.3,2.33,2.36,5853,1765,3.32,35.57%,32.12%,-0.694376,2026-09-05
AAPL,319.97,2026-09-11,6,Call,325.00,-1.57%,2.67,2.65,2.76,23549,7097,3.32,25.16%,28.83%,0.34863,2026-09-05
MU,1016.59,2026-09-25,20,Call,1200.00,-18.04%,10.5,11.05,11.75,4356,1316,3.31,64.65%,63.41%,0.151465,2026-09-05
AAPL,319.97,2026-09-09,4,Put,325.00,+1.57%,6.75,6.95,7.15,4531,1367,3.31,25.16%,29.79%,-0.683464,2026-09-05
ORCL,158.78,2028-09-15,741,Put,80.00,-49.62%,8.4,9.41,10.45,1223,369,3.31,70.09%,60.25%,-0.097616,2026-09-05
AMD,477.57,2026-09-11,6,Call,485.00,-1.56%,8.8,9.2,9.1,1670,505,3.31,49.79%,49.54%,0.419979,2026-09-05
NBIS,226.39,2026-09-11,6,Call,235.00,-3.80%,5.85,6.37,6.5,2216,669,3.31,85.02%,83.43%,0.385923,2026-09-05
BE,252.87,2026-09-11,6,Put,235.00,-7.07%,6.35,6.45,6.55,577,175,3.3,90.84%,109.13%,-0.275071,2026-09-05
NVDA,230.36,2026-09-11,6,Put,220.00,-4.50%,0.85,0.85,0.87,29516,8938,3.3,34.41%,36.10%,-0.15203,2026-09-05
TSLA,354.08,2026-10-02,27,Call,365.00,-3.08%,11.35,11.35,11.5,1463,445,3.29,40.37%,40.85%,0.423193,2026-09-05
IONQ,39.52,2027-06-17,285,Call,50.00,-26.52%,7.75,8.45,8.9,2018,614,3.29,74.37%,81.19%,0.529576,2026-09-05
JPM,358.64,2026-09-11,6,Call,367.50,-2.47%,0.59,0.76,0.96,1772,540,3.28,24.03%,19.19%,0.166903,2026-09-05
OWL,11.75,2026-09-11,6,Call,12.00,-2.13%,0.1,0.16,0.2,2448,747,3.28,43.17%,42.57%,0.355835,2026-09-05
NVDA,230.36,2026-09-11,6,Put,207.50,-9.92%,0.18,0.2,0.21,17045,5201,3.28,34.41%,46.07%,-0.03537,2026-09-05
INTC,95.8,2026-09-09,4,Call,97.00,-1.25%,1.62,1.64,1.68,3585,1098,3.27,61.80%,54.27%,0.426692,2026-09-05
VST,149.3,2026-11-20,76,Put,135.00,-9.58%,5.95,6.12,6.2,1300,397,3.27,43.63%,47.26%,-0.274029,2026-09-05
IREN,44.68,2026-09-11,6,Call,44.50,+0.40%,1.96,1.97,2.04,1575,481,3.27,87.42%,83.15%,0.538546,2026-09-05
MU,1016.59,2026-09-11,6,Put,925.00,-9.01%,3.9,4.12,4.15,727,224,3.25,64.65%,60.55%,-0.10349,2026-09-05
INTC,95.8,2026-09-14,9,Call,105.00,-9.60%,0.89,0.93,0.95,1070,329,3.25,61.80%,62.00%,0.187949,2026-09-05
IREN,44.68,2026-09-11,6,Put,43.00,-3.76%,1.05,1.1,1.3,1765,543,3.25,87.42%,85.11%,-0.340715,2026-09-05
NBIS,226.39,2026-09-11,6,Put,197.50,-12.76%,1.13,1.21,1.21,508,157,3.24,85.02%,85.50%,-0.095891,2026-09-05
KR,58.59,2026-09-11,6,Put,53.00,-9.54%,0.04,0.15,0.22,862,266,3.24,35.40%,54.38%,-0.06996,2026-09-05
LUV,39.62,2027-03-19,195,Put,42.50,+7.27%,5.85,6,6.1,1508,467,3.23,35.65%,39.37%,-0.528091,2026-09-05
MU,1016.59,2026-09-11,6,Call,1030.00,-1.32%,24.15,25,26.4,1608,498,3.23,64.65%,59.76%,0.450223,2026-09-05
TSLA,354.08,2026-09-18,13,Put,357.50,+0.97%,12.25,12.3,12.5,2300,712,3.23,40.37%,40.34%,-0.530084,2026-09-05
ET,21.5,2026-09-18,13,Call,21.50,+0.00%,0.26,0.3,0.46,3165,981,3.23,18.14%,22.78%,0.501356,2026-09-05
INTC,95.8,2026-09-11,6,Put,94.00,-1.88%,2.06,2.17,2.27,921,286,3.22,61.80%,61.77%,-0.387963,2026-09-05
POET,7.92,2026-09-11,6,Call,8.50,-7.32%,0.12,0.13,0.14,1302,404,3.22,83.67%,81.93%,0.269373,2026-09-05
NFLX,78.25,2026-09-11,6,Call,84.00,-7.35%,0.11,0.12,0.12,12965,4022,3.22,35.57%,36.83%,0.071389,2026-09-05
MSFT,499.7,2026-10-02,27,Call,510.00,-2.06%,9.1,9.59,9.6,1556,484,3.21,24.61%,24.60%,0.405191,2026-09-05
MRVL,223.55,2026-09-11,6,Call,227.50,-1.77%,5.15,5.24,5.45,1728,539,3.21,63.48%,61.11%,0.429742,2026-09-05
TSLA,354.08,2026-09-11,6,Call,387.50,-9.44%,0.65,0.65,0.66,2330,725,3.21,40.37%,46.70%,0.071242,2026-09-05
AAPL,319.97,2026-09-09,4,Put,322.50,+0.79%,5.1,5.36,5.45,3190,994,3.21,25.16%,29.39%,-0.591769,2026-09-05
OLLI,76.57,2026-10-16,41,Put,70.00,-8.58%,1.7,2.05,2.3,1502,470,3.2,46.67%,47.48%,-0.252878,2026-09-05
BABA,113.24,2026-09-11,6,Put,108.00,-4.63%,0.3,0.43,0.52,1689,528,3.2,41.64%,36.18%,-0.147994,2026-09-05
SMCI,39.59,2026-10-02,27,Call,43.00,-8.61%,1.8,1.9,2,2096,654,3.2,73.04%,73.65%,0.38248,2026-09-05
DJT,9.02,2026-09-11,6,Put,9.00,-0.22%,0.26,0.27,0.28,663,208,3.19,67.05%,61.27%,-0.470651,2026-09-05
ASST,27.14,2026-09-11,6,Put,25.00,-7.89%,0.33,0.4,0.44,885,277,3.19,85.95%,86.85%,-0.212408,2026-09-05
IONQ,39.52,2026-09-11,6,Call,41.00,-3.74%,1.04,1.06,1.1,1497,470,3.19,74.37%,82.61%,0.386444,2026-09-05
MRVL,223.55,2026-09-11,6,Call,235.00,-5.12%,2.81,2.91,3,2253,707,3.19,63.48%,61.36%,0.278147,2026-09-05
CBRS,210.05,2026-09-11,6,Put,210.00,-0.02%,7.2,7.8,8.2,500,157,3.18,76.26%,72.47%,-0.478392,2026-09-05
MSFT,499.7,2026-09-09,4,Call,522.50,-4.56%,0.1,0.15,0.22,655,206,3.18,24.61%,23.03%,0.033966,2026-09-05
NFLX,78.25,2026-09-11,6,Call,82.00,-4.79%,0.26,0.26,0.27,9435,2970,3.18,35.57%,34.26%,0.151417,2026-09-05
AAPL,319.97,2026-09-09,4,Put,320.00,+0.01%,3.75,3.85,3.85,8621,2721,3.17,25.16%,28.71%,-0.491437,2026-09-05
PL,18.12,2026-09-18,13,Call,18.00,+0.66%,0.95,1.05,1.1,726,229,3.17,69.89%,70.09%,0.550194,2026-09-05
META,616.77,2026-09-09,4,Call,622.50,-0.93%,5.3,5.4,5.5,1470,464,3.17,35.99%,30.33%,0.395864,2026-09-05
IREN,44.68,2026-09-11,6,Call,49.00,-9.67%,0.59,0.6,0.82,1918,606,3.17,87.42%,92.88%,0.238678,2026-09-05
CRM,259.23,2026-09-11,6,Call,287.50,-10.91%,0.07,0.14,0.22,839,266,3.15,39.34%,41.45%,0.027933,2026-09-05
TSLA,354.08,2026-10-23,48,Call,400.00,-12.97%,8.55,8.88,9,691,220,3.14,40.37%,45.70%,0.266421,2026-09-05
SPCX,147.95,2026-09-11,6,Call,152.50,-3.08%,2.02,2.02,2.06,6138,1962,3.13,50.41%,50.36%,0.33445,2026-09-05
IREN,44.68,2026-09-11,6,Put,46.00,+2.95%,2.62,2.62,2.69,525,168,3.13,87.42%,83.65%,-0.584641,2026-09-05
PL,18.12,2026-09-11,6,Call,18.00,+0.66%,0.65,0.7,0.75,544,174,3.13,69.89%,68.51%,0.550279,2026-09-05
FRMI,5.12,2026-09-11,6,Call,5.00,+2.34%,0.25,0.25,0.35,1149,367,3.13,102.65%,90.25%,0.605651,2026-09-05
POET,7.92,2026-09-25,20,Call,7.50,+5.30%,0.75,0.82,0.88,2175,695,3.13,83.67%,79.58%,0.654085,2026-09-05
TSLA,354.08,2026-09-11,6,Put,322.50,-8.92%,0.33,0.34,0.35,715,229,3.12,40.37%,43.08%,-0.041893,2026-09-05
INTC,95.8,2026-09-09,4,Put,89.00,-7.10%,0.23,0.24,0.26,1239,397,3.12,61.80%,54.69%,-0.093389,2026-09-05
AMD,477.57,2026-09-14,9,Call,500.00,-4.70%,5.5,5.7,5.9,1344,431,3.12,49.79%,45.88%,0.278047,2026-09-05
MU,1016.59,2026-09-25,20,Call,990.00,+2.62%,68.2,65.65,72.5,607,195,3.11,64.65%,58.72%,0.608636,2026-09-05
SKHY,177,2026-09-11,6,Call,172.50,+2.54%,8.2,8.69,8.85,1594,512,3.11,64.02%,66.52%,0.63744,2026-09-05
DKNG,24.01,2026-09-11,6,Call,25.00,-4.12%,0.26,0.26,0.3,5953,1916,3.11,50.59%,52.32%,0.287744,2026-09-05
COHR,281.86,2026-09-18,13,Call,270.00,+4.21%,20.1,21.2,22.8,1211,391,3.1,71.52%,70.09%,0.655781,2026-09-04
SMCI,39.59,2026-09-11,6,Call,38.00,+4.02%,2.33,2.38,2.46,3191,1028,3.1,73.04%,73.04%,0.688289,2026-09-05
WDC,467.46,2026-09-11,6,Call,490.00,-4.82%,8.15,8.4,8.65,522,169,3.09,69.93%,70.71%,0.319932,2026-09-05
INTC,95.8,2026-09-16,11,Call,110.00,-14.82%,0.55,0.69,0.75,544,176,3.09,61.80%,65.67%,0.125622,2026-09-05
USAR,17.61,2026-09-11,6,Call,18.00,-2.21%,0.44,0.55,0.59,1161,376,3.09,80.81%,75.61%,0.431966,2026-09-05
AMD,477.57,2026-09-11,6,Put,470.00,-1.59%,8.2,8.5,8.7,1339,434,3.09,49.79%,49.36%,-0.385108,2026-09-05
TSLA,354.08,2026-09-25,20,Put,350.00,-1.15%,10.8,10.84,10.9,2355,761,3.09,40.37%,39.78%,-0.425387,2026-09-05
GOOGL,338.46,2026-09-09,4,Put,330.00,-2.50%,0.67,0.7,0.7,2642,854,3.09,28.49%,24.16%,-0.152245,2026-09-05
MCD,255.69,2026-09-18,13,Put,285.00,+11.46%,27.85,28.35,29.75,2930,947,3.09,20.58%,24.96%,-0.992977,2026-09-05
TSLA,354.08,2026-09-09,4,Put,365.00,+3.08%,12.7,12.84,13,3464,1122,3.09,40.37%,39.66%,-0.760068,2026-09-05
BIDU,99.47,2026-09-11,6,Call,100.00,-0.53%,2,2.22,2.32,4144,1342,3.09,43.15%,46.83%,0.480634,2026-09-05
MCD,255.69,2026-09-18,13,Put,305.00,+19.29%,47.85,48.25,50.05,576,187,3.08,20.58%,38.55%,-0.994702,2026-09-05
COIN,184.64,2026-09-25,20,Call,185.00,-0.19%,11.1,11.3,11.85,1215,396,3.07,65.82%,66.60%,0.531169,2026-09-05
GOOG,335.31,2026-09-11,6,Call,345.00,-2.89%,1.39,1.42,1.45,3142,1023,3.07,28.80%,27.18%,0.216415,2026-09-05
GPRO,1.7,2026-10-16,41,Put,1.50,-11.76%,0.2,0.22,0.25,22483,7358,3.06,167.66%,150.32%,-0.306064,2026-09-05
ORBS,0.9036,2026-09-11,6,Call,0.50,+44.67%,0.3,0.45,0.5,514,168,3.06,146.43%,527.64%,0.887627,2026-09-05
SBUX,104.47,2026-09-11,6,Put,105.00,+0.51%,1.37,1.4,1.9,542,177,3.06,26.39%,25.48%,-0.552967,2026-09-05
AAOI,105.53,2026-10-02,27,Put,85.00,-19.45%,1.95,2.05,2.7,543,178,3.05,89.92%,89.77%,-0.154313,2026-09-05
ZETA,31.35,2026-09-11,6,Put,30.00,-4.31%,0.32,0.36,0.49,549,180,3.05,59.49%,59.53%,-0.267032,2026-09-05
SNOW,337.18,2026-09-11,6,Put,345.00,+2.32%,11.15,11.55,13.15,577,189,3.05,43.58%,44.35%,-0.64349,2026-09-05
NVDA,230.36,2026-09-11,6,Put,237.50,+3.10%,8.4,8.25,8.75,736,241,3.05,34.41%,34.60%,-0.745493,2026-09-05
STZ,128.18,2026-09-11,6,Put,129.00,+0.64%,1.95,2.28,2.9,1490,489,3.05,32.10%,30.32%,-0.556659,2026-09-05
TSLA,354.08,2026-09-09,4,Put,325.00,-8.21%,0.14,0.16,0.16,1917,629,3.05,40.37%,42.38%,-0.024885,2026-09-05
GOOGL,338.46,2026-09-11,6,Call,345.00,-1.93%,2.18,2.17,2.23,5544,1818,3.05,28.49%,26.99%,0.30155,2026-09-05
CORZ,17.89,2026-09-18,13,Call,17.00,+4.97%,1.25,1.36,1.54,18051,5913,3.05,69.85%,65.84%,0.685541,2026-09-05
ARM,252.09,2026-09-11,6,Call,257.50,-2.15%,5.75,5.68,6.45,1703,560,3.04,64.23%,65.03%,0.418453,2026-09-05
PL,18.12,2026-09-11,6,Put,17.00,-6.18%,0.2,0.21,0.25,618,204,3.03,69.89%,70.94%,-0.225758,2026-09-05
MCD,255.69,2027-01-15,132,Put,330.00,+29.06%,72.3,73.35,75,668,221,3.02,20.58%,23.33%,-0.984956,2026-09-05
TSLA,354.08,2026-09-11,6,Put,367.50,+3.79%,15.8,15.35,16.25,1692,560,3.02,40.37%,41.47%,-0.74789,2026-09-05
MARA,11.31,2026-09-25,20,Call,13.50,-19.36%,0.24,0.25,0.28,1772,586,3.02,83.23%,85.61%,0.219677,2026-09-05
MCD,255.69,2026-09-18,13,Put,300.00,+17.33%,42.85,43.2,44.75,632,210,3.01,20.58%,35.28%,-0.994407,2026-09-05
DELL,524.14,2026-10-16,41,Call,560.00,-6.84%,29.5,30.92,31.75,1388,461,3.01,62.50%,63.14%,0.424486,2026-09-05
INTC,95.8,2027-09-17,377,Put,75.00,-21.71%,11.3,11.7,12.2,3539,1177,3.01,61.80%,64.19%,-0.227933,2026-09-05
NVDA,230.36,2026-09-09,4,Call,245.00,-6.36%,0.13,0.14,0.14,15544,5162,3.01,34.41%,33.46%,0.041688,2026-09-05
ZS,169.8,2026-09-11,6,Call,185.00,-8.95%,0.75,0.87,0.92,534,178,3,50.54%,58.18%,0.13477,2026-09-05
IBM,234.77,2026-09-11,6,Put,235.00,+0.05%,3.35,3.1,3.85,579,193,3,31.03%,29.63%,-0.496051,2026-09-05
NKE,38.4,2026-09-18,13,Put,65.00,+69.27%,26.1,26.5,27.25,582,194,3,41.86%,134.67%,-0.974108,2026-09-05
MCD,255.69,2026-12-18,104,Put,325.00,+27.11%,67.3,68.1,70.6,600,200,3,20.58%,23.85%,-0.987029,2026-09-05
NKE,38.4,2026-12-18,104,Put,92.50,+140.89%,53.5,54.05,54.75,750,250,3,41.86%,80.02%,-0.984981,2026-09-05
NKE,38.4,2026-09-18,13,Put,72.50,+88.80%,33.75,34,34.7,820,273,3,41.86%,168.97%,-0.966749,2026-09-05
NKE,38.4,2026-11-20,76,Put,62.50,+62.76%,23.5,24,25,872,291,3,41.86%,61.06%,-0.947653,2026-09-05
DELL,524.14,2026-10-16,41,Call,540.00,-3.03%,37.35,38.46,39.45,1088,363,3,62.50%,63.54%,0.493158,2026-09-05
MCD,255.69,2026-09-18,13,Put,295.00,+15.37%,38.2,38.15,40,1102,367,3,20.58%,31.92%,-0.994049,2026-09-05
ECHO,89.8,2026-10-16,41,Put,125.00,+39.20%,33.3,35.1,37.1,1144,381,3,43.90%,0.00%,-1,2026-09-05
ONON,27.99,2026-12-18,104,Put,45.00,+60.77%,16.45,16.95,17.45,1200,400,3,40.55%,51.74%,-0.979145,2026-09-05
DELL,524.14,2026-10-16,41,Call,520.00,+0.79%,46.15,47.5,48.2,1311,437,3,62.50%,63.45%,0.563525,2026-09-05
MCD,255.69,2026-09-18,13,Put,310.00,+21.24%,52.4,53.4,55.05,1632,544,3,20.58%,41.76%,-0.994944,2026-09-05
MCD,255.69,2026-09-18,13,Put,290.00,+13.42%,33.2,33.05,34.75,1706,568,3,20.58%,28.49%,-0.993596,2026-09-05
NKE,38.4,2026-09-18,13,Put,55.00,+43.23%,16,16.5,17.35,2052,684,3,41.86%,97.74%,-0.968015,2026-09-05
ECHO,89.8,2026-12-18,104,Put,150.00,+67.04%,59.7,59.8,62.1,3092,1031,3,43.90%,68.38%,-0.906415,2026-09-05
CVNA,74.59,2026-09-11,6,Call,79.00,-5.91%,0.56,0.6,0.67,778,260,2.99,56.18%,54.00%,0.215761,2026-09-05
EIX,56.77,2028-01-21,503,Call,55.00,+3.12%,8.8,9.9,10,1806,605,2.99,51.35%,36.92%,0.570696,2026-09-05
PANW,333.26,2026-09-11,6,Put,295.00,-11.48%,0.12,0.22,0.29,513,172,2.98,47.28%,49.57%,-0.025038,2026-09-05
NBIS,226.39,2026-09-11,6,Put,207.50,-8.34%,2.6,2.7,2.8,530,178,2.98,85.02%,83.57%,-0.191663,2026-09-05
AMAT,454.71,2026-09-11,6,Call,520.00,-14.36%,0.24,0.66,0.86,629,211,2.98,53.35%,58.60%,0.040822,2026-09-05
PCG,14.3,2027-03-19,195,Call,20.00,-39.86%,0.65,0.84,0.95,2155,722,2.98,61.36%,55.11%,0.273219,2026-09-05
DELL,524.14,2026-09-11,6,Call,550.00,-4.93%,7.1,7.2,7.3,2547,855,2.98,62.50%,62.00%,0.287813,2026-09-05
MSTR,142.8,2026-09-11,6,Put,131.00,-8.26%,1.23,1.26,1.31,818,275,2.97,75.03%,74.06%,-0.168155,2026-09-05
LION,11.17,2026-10-16,41,Call,12.00,-7.43%,0,0.4,0.5,1072,361,2.97,49.61%,35.94%,0.308456,2026-09-05
SPCX,147.95,2026-09-11,6,Put,145.00,-1.99%,2.42,2.43,2.45,12509,4205,2.97,50.41%,50.16%,-0.361958,2026-09-05
TSLA,354.08,2026-09-18,13,Call,360.00,-1.67%,8.25,8.25,8.3,16466,5546,2.97,40.37%,40.15%,0.434908,2026-09-05
IOT,40.2,2026-09-11,6,Call,45.00,-11.94%,0,0.13,0.2,515,174,2.96,51.23%,59.29%,0.075204,2026-09-05
CDE,21.24,2026-09-11,6,Call,21.50,-1.22%,0.5,0.55,0.65,738,249,2.96,64.80%,63.37%,0.459119,2026-09-05
AVGO,357.89,2026-10-02,27,Call,360.00,-0.59%,13.1,13.51,13.8,1100,371,2.96,37.03%,36.29%,0.504402,2026-09-05
CRDO,170.57,2026-09-18,13,Call,165.00,+3.27%,11.6,13.26,13.1,514,174,2.95,74.29%,72.70%,0.625531,2026-09-05
RDW,10.53,2026-09-11,6,Call,11.50,-9.21%,0.1,0.1,0.15,725,246,2.95,77.15%,80.45%,0.212694,2026-09-05
BMNR,24.97,2026-09-11,6,Call,20.00,+19.90%,4.75,4.88,5.1,1851,628,2.95,76.42%,76.41%,0.9898,2026-09-05
BABA,113.24,2026-09-11,6,Call,117.00,-3.32%,0.84,0.9,0.96,840,286,2.94,41.64%,39.23%,0.266117,2026-09-05
HPE,52,2026-09-11,6,Call,56.00,-7.69%,0.36,0.43,0.48,951,324,2.94,56.55%,62.58%,0.189829,2026-09-05
NVTS,11.8,2026-09-11,6,Call,12.50,-5.93%,0.21,0.21,0.24,3044,1035,2.94,83.26%,79.94%,0.306683,2026-09-05
AMD,477.57,2026-09-09,4,Put,445.00,-6.82%,0.69,0.68,0.78,641,219,2.93,49.79%,46.69%,-0.069829,2026-09-05
SNOW,337.18,2026-09-11,6,Put,335.00,-0.65%,5.7,6,6.7,540,185,2.92,43.58%,42.59%,-0.438388,2026-09-05
PBF,74.34,2026-09-18,13,Call,85.00,-14.34%,0.85,0.8,1.15,1531,524,2.92,70.32%,73.83%,0.18754,2026-09-05
CRCL,102.05,2026-09-11,6,Call,108.00,-5.83%,1.72,1.99,2.19,2526,865,2.92,79.93%,79.53%,0.308878,2026-09-05
AMZN,258.51,2026-09-11,6,Put,257.50,-0.39%,3.15,3.29,3.3,2836,971,2.92,30.40%,28.58%,-0.445031,2026-09-05
CLSK,12.69,2026-09-11,6,Call,13.50,-6.38%,0.22,0.22,0.25,9751,3339,2.92,82.33%,81.40%,0.296301,2026-09-05
SPCX,147.95,2026-09-11,6,Call,157.50,-6.45%,0.95,0.97,0.98,6835,2348,2.91,50.41%,51.94%,0.184839,2026-09-05
NVTS,11.8,2026-09-11,6,Put,11.50,-2.54%,0.3,0.38,0.39,901,310,2.91,83.26%,81.07%,-0.380328,2026-09-05
DELL,524.14,2026-09-11,6,Call,525.00,-0.16%,16,16.25,17.25,2078,714,2.91,62.50%,63.09%,0.510561,2026-09-05
MU,1016.59,2026-09-09,4,Call,980.00,+3.60%,43.6,44.73,47.25,3084,1061,2.91,64.65%,53.30%,0.7555,2026-09-05
BMNR,24.97,2026-10-02,27,Put,25.00,+0.12%,1.95,2,2.13,1028,354,2.9,76.42%,75.96%,-0.457365,2026-09-05
TSLA,354.08,2026-09-11,6,Put,345.00,-2.56%,3.3,3.4,3.4,5220,1803,2.9,40.37%,39.36%,-0.29103,2026-09-05
MU,1016.59,2027-12-17,468,Call,1900.00,-86.90%,128,130.8,140.35,534,185,2.89,64.65%,68.50%,0.362006,2026-09-05
AMD,477.57,2026-09-09,4,Call,502.50,-5.22%,1.86,1.85,1.96,680,235,2.89,49.79%,47.00%,0.158281,2026-09-05
ZS,169.8,2026-09-11,6,Call,180.00,-6.01%,1.2,1.38,1.65,1253,434,2.89,50.54%,54.88%,0.216089,2026-09-05
TSLA,354.08,2026-09-11,6,Put,362.50,+2.38%,12.1,12.29,12.35,2660,924,2.88,40.37%,40.32%,-0.663275,2026-09-05
NOW,141.26,2026-09-11,6,Put,139.00,-1.60%,2.5,2.78,2.68,586,204,2.87,51.97%,50.79%,-0.386685,2026-09-05
TSLA,354.08,2026-10-02,27,Call,360.00,-1.67%,13.3,13.36,13.45,3194,1114,2.87,40.37%,40.68%,0.471974,2026-09-05
MRVL,223.55,2026-09-11,6,Call,225.00,-0.65%,6.15,6.15,6.4,3804,1325,2.87,63.48%,60.32%,0.485048,2026-09-05
MRVL,223.55,2026-09-11,6,Put,207.50,-7.18%,1.45,1.53,1.59,563,197,2.86,63.48%,61.08%,-0.159326,2026-09-05
ASTS,62.31,2026-09-11,6,Call,63.00,-1.11%,1.93,1.97,2,1308,457,2.86,74.93%,71.08%,0.472594,2026-09-05
HL,20.68,2026-09-11,6,Call,22.00,-6.38%,0.2,0.23,0.29,2444,856,2.86,64.37%,65.73%,0.246605,2026-09-05
AMZN,258.51,2026-09-11,6,Put,252.50,-2.32%,1.45,1.49,1.57,3274,1143,2.86,30.40%,29.26%,-0.254703,2026-09-05
GOOGL,338.46,2026-09-14,9,Call,350.00,-3.41%,1.56,1.6,1.65,656,230,2.85,28.49%,25.48%,0.212639,2026-09-05
PLTR,174.33,2026-09-11,6,Put,170.00,-2.48%,2.16,2.23,2.26,10183,3576,2.85,46.80%,45.92%,-0.320821,2026-09-05
META,616.77,2026-09-09,4,Call,610.00,+1.10%,11.6,11.61,11.8,5563,1961,2.84,35.99%,30.09%,0.647123,2026-09-05
CMG,36.96,2026-09-11,6,Put,37.00,+0.11%,0.56,0.59,0.65,926,326,2.84,34.05%,31.45%,-0.498068,2026-09-05
AI,10.46,2026-09-18,13,Call,11.50,-9.94%,0.09,0.14,0.2,934,329,2.84,60.75%,60.44%,0.222806,2026-09-05
AMZN,258.51,2026-09-09,4,Call,270.00,-4.44%,0.23,0.23,0.3,3359,1182,2.84,30.40%,28.58%,0.07701,2026-09-05
DELL,524.14,2026-09-11,6,Put,470.00,-10.33%,1.48,1.4,1.56,890,314,2.83,62.50%,62.01%,-0.078227,2026-09-05
MRVL,223.55,2026-09-11,6,Call,222.50,+0.47%,7.35,7.52,7.7,1318,466,2.83,63.48%,60.70%,0.54254,2026-09-05
MRVL,223.55,2026-10-16,41,Put,195.00,-12.77%,6.6,6.67,6.8,3358,1185,2.83,63.48%,63.21%,-0.221354,2026-09-05
CPNG,15.29,2027-01-15,132,Put,16.00,+4.64%,1.91,2.09,2.15,614,218,2.82,43.13%,47.15%,-0.495301,2026-09-05
AFRM,72.35,2026-09-11,6,Put,64.00,-11.54%,0,0.1,0.1,751,266,2.82,51.73%,50.78%,-0.027143,2026-09-05
AMD,477.57,2027-03-19,195,Call,570.00,-19.35%,48.6,47.85,50.8,1113,395,2.82,49.79%,56.03%,0.430453,2026-09-05
DELL,524.14,2026-09-11,6,Call,600.00,-14.47%,1.05,1.03,1.1,2057,730,2.82,62.50%,65.37%,0.05882,2026-09-05
GOOG,335.31,2026-09-11,6,Call,340.00,-1.40%,2.46,2.68,2.72,3714,1322,2.81,28.80%,25.99%,0.350586,2026-09-05
NVDA,230.36,2026-09-18,13,Call,237.50,-3.10%,2.89,2.88,3,17456,6206,2.81,34.41%,32.61%,0.327443,2026-09-05
CRWV,89.36,2026-09-18,13,Call,98.00,-9.67%,2.16,2.14,2.25,532,190,2.8,76.04%,77.21%,0.29056,2026-09-05
CCL,23.51,2026-09-11,6,Put,23.50,-0.04%,0.4,0.41,0.44,704,251,2.8,44.11%,35.52%,-0.485733,2026-09-05
CHWY,23.66,2026-12-18,104,Call,20.00,+15.47%,4.75,5,5.7,2000,714,2.8,61.90%,62.72%,0.758716,2026-09-05
INTC,95.8,2026-09-11,6,Put,95.00,-0.84%,2.52,2.6,2.65,2984,1065,2.8,61.80%,61.26%,-0.439803,2026-09-05
GOOG,335.31,2026-10-09,34,Call,360.00,-7.36%,3.85,3.99,4.2,550,197,2.79,28.80%,29.36%,0.238089,2026-09-05
CIFR,17.74,2026-09-18,13,Call,20.50,-15.56%,0.44,0.46,0.5,2241,804,2.79,96.25%,100.66%,0.254774,2026-09-05
BE,252.87,2026-09-11,6,Call,300.00,-18.64%,3.05,3.15,3.15,2722,977,2.79,90.84%,123.08%,0.158548,2026-09-05
SKM,38.7,2026-10-16,41,Put,35.00,-9.56%,1.2,1.55,1.95,3139,1126,2.79,64.04%,63.08%,-0.278011,2026-09-05
AMD,477.57,2026-09-09,4,Put,430.00,-9.96%,0.22,0.22,0.24,855,308,2.78,49.79%,51.32%,-0.02347,2026-09-05
AXTI,61.64,2026-09-11,6,Call,61.00,+1.04%,3.4,3.7,4.2,571,206,2.77,107.24%,110.17%,0.559125,2026-09-05
META,616.77,2026-09-09,4,Call,650.00,-5.39%,0.64,0.65,0.68,1653,596,2.77,35.99%,33.37%,0.070151,2026-09-05
TSLA,354.08,2026-09-11,6,Call,350.00,+1.15%,9.3,9.35,9.4,8044,2909,2.77,40.37%,38.88%,0.606205,2026-09-05
INTC,95.8,2026-10-09,34,Call,105.00,-9.60%,3.9,4.05,4.25,546,198,2.76,61.80%,63.40%,0.358553,2026-09-05
META,616.77,2026-09-11,6,Put,567.50,-7.99%,0.47,0.48,0.57,557,202,2.76,35.99%,38.24%,-0.041574,2026-09-05
TTWO,214.69,2026-12-18,104,Put,190.00,-11.50%,8.8,9.12,9.6,621,225,2.76,37.21%,46.08%,-0.255759,2026-09-05
MU,1016.59,2026-09-11,6,Call,1110.00,-9.19%,5.9,6.2,6.3,807,292,2.76,64.65%,62.98%,0.148893,2026-09-05
LULU,100.61,2027-01-15,132,Call,105.00,-4.36%,10.15,10.23,11.2,558,203,2.75,41.44%,49.54%,0.52087,2026-09-05
MU,1016.59,2026-09-09,4,Put,910.00,-10.49%,0.81,0.92,0.96,763,277,2.75,64.65%,59.44%,-0.034602,2026-09-05
BX,136.15,2026-09-11,6,Call,140.00,-2.83%,0.93,1.15,1.16,835,304,2.75,34.78%,35.60%,0.278377,2026-09-05
NVDA,230.36,2026-09-09,4,Put,220.00,-4.50%,0.33,0.36,0.36,15546,5659,2.75,34.41%,33.54%,-0.090563,2026-09-05
AAPL,319.97,2026-09-09,4,Call,330.00,-3.13%,0.81,0.81,0.84,23358,8491,2.75,25.16%,29.13%,0.162275,2026-09-05
CCJ,100.74,2026-10-16,41,Call,110.00,-9.19%,2.63,3.23,3.25,15324,5589,2.74,45.88%,45.81%,0.317547,2026-09-05
SHOP,145.09,2026-09-11,6,Call,152.50,-5.11%,1.39,1.51,1.99,804,293,2.74,47.51%,58.10%,0.266466,2026-09-05
META,616.77,2026-09-18,13,Put,790.00,+28.09%,170.1,177.25,176.7,812,296,2.74,35.99%,62.78%,-0.984238,2026-09-05
AAPL,319.97,2026-09-09,4,Call,337.50,-5.48%,0.24,0.25,0.26,2753,1004,2.74,25.16%,31.55%,0.056206,2026-09-05
SPCX,147.95,2026-09-11,6,Put,139.00,-6.05%,0.88,0.88,0.9,2928,1069,2.74,50.41%,52.12%,-0.164691,2026-09-05
PG,146.44,2026-09-11,6,Call,147.00,-0.38%,0.82,1.07,1.14,629,230,2.73,18.40%,16.43%,0.434182,2026-09-05
PATH,15.19,2026-09-11,6,Put,15.50,+2.04%,0.55,0.59,0.81,709,260,2.73,58.78%,65.65%,-0.576387,2026-09-05
PL,18.12,2026-09-11,6,Put,20.00,+10.38%,1.95,2.03,2.15,713,261,2.73,69.89%,80.55%,-0.816684,2026-09-05
CRCL,102.05,2026-09-11,6,Call,103.00,-0.93%,3.5,3.59,3.8,2370,868,2.73,79.93%,77.84%,0.485249,2026-09-05
LULU,100.61,2026-09-18,13,Put,95.00,-5.58%,1.01,1.06,1.13,3756,1375,2.73,41.44%,42.62%,-0.221293,2026-09-05
MSTR,142.8,2026-09-11,6,Put,130.00,-8.96%,1.07,1.1,1.1,5776,2118,2.73,75.03%,74.00%,-0.148463,2026-09-05
RXT,3.19,2026-09-18,13,Put,3.50,+9.72%,0.4,0.4,0.55,602,221,2.72,105.30%,118.39%,-0.617777,2026-09-04
RZLV,2.21,2026-10-16,41,Call,2.50,-13.12%,0.1,0.17,0.2,1297,476,2.72,85.96%,85.32%,0.392149,2026-09-05
ALAB,310.4,2026-09-11,6,Call,330.00,-6.31%,6.45,7.02,7.6,781,288,2.71,81.16%,90.10%,0.320183,2026-09-05
BMNR,24.97,2026-09-11,6,Call,26.50,-6.13%,0.37,0.41,0.45,1778,656,2.71,76.42%,75.15%,0.28663,2026-09-05
RKLB,64.26,2026-09-11,6,Call,70.00,-8.93%,0.39,0.42,0.44,7963,2944,2.7,67.34%,63.34%,0.157294,2026-09-05
TSLA,354.08,2026-09-09,4,Call,390.00,-10.14%,0.3,0.32,0.32,14404,5331,2.7,40.37%,51.90%,0.040593,2026-09-05
CRCL,102.05,2026-09-11,6,Call,104.00,-1.91%,3.15,3.23,3.4,511,189,2.7,79.93%,78.83%,0.447941,2026-09-05
META,616.77,2026-09-11,6,Put,605.00,-1.91%,5.75,5.8,5.9,580,215,2.7,35.99%,34.59%,-0.320152,2026-09-05
AMD,477.57,2026-09-09,4,Put,440.00,-7.87%,0.46,0.49,0.51,724,268,2.7,49.79%,47.91%,-0.047862,2026-09-05
TSLA,354.08,2026-09-14,9,Call,380.00,-7.32%,1.45,1.47,1.49,1920,712,2.7,40.37%,39.37%,0.136213,2026-09-05
TSLA,354.08,2026-09-09,4,Call,382.50,-8.03%,0.44,0.45,0.45,2671,989,2.7,40.37%,46.64%,0.060736,2026-09-05
AMD,477.57,2026-09-09,4,Put,455.00,-4.73%,1.71,1.75,1.82,803,299,2.69,49.79%,45.49%,-0.147303,2026-09-05
AVBP,30.95,2026-10-16,41,Call,25.00,+19.22%,7,9.5,11.3,2526,938,2.69,138.41%,152.53%,0.752205,2026-09-05
TGT,164.44,2026-09-11,6,Call,167.50,-1.86%,0.84,0.9,1.02,950,354,2.68,29.22%,24.86%,0.288272,2026-09-05
MARA,11.31,2026-09-18,13,Put,12.00,+6.10%,1.1,1.16,1.17,21548,8047,2.68,83.23%,85.45%,-0.610733,2026-09-05
DELL,524.14,2026-10-16,41,Put,500.00,-4.61%,29.95,30.5,31.9,1122,421,2.67,62.50%,62.41%,-0.365266,2026-09-05
AVGO,357.89,2026-09-11,6,Call,357.50,+0.11%,7,7.15,7.3,1119,420,2.66,37.03%,37.53%,0.522642,2026-09-05
IREN,44.68,2027-02-19,167,Call,80.00,-79.05%,4,3.84,4.35,1210,455,2.66,87.42%,98.11%,0.301696,2026-09-05
NVDA,230.36,2026-10-02,27,Call,275.00,-19.38%,0.35,0.37,0.4,4237,1593,2.66,34.41%,36.18%,0.042102,2026-09-05
AVGO,357.89,2026-09-09,4,Call,377.50,-5.48%,0.58,0.63,0.65,4255,1597,2.66,37.03%,37.91%,0.094066,2026-09-05
ONON,27.99,2027-01-15,132,Put,52.50,+87.57%,23.3,24.45,25.85,1200,452,2.65,40.55%,65.46%,-0.950236,2026-09-05
AMD,477.57,2026-09-11,6,Put,460.00,-3.68%,4.8,5.05,5.2,1599,604,2.65,49.79%,49.39%,-0.263722,2026-09-05
MDT,94.17,2026-09-11,6,Call,100.00,-6.19%,0.09,0.13,0.15,617,234,2.64,25.08%,31.57%,0.071921,2026-09-05
MU,1016.59,2026-09-09,4,Put,925.00,-9.01%,1.34,1.4,1.47,831,315,2.64,64.65%,57.20%,-0.053396,2026-09-05
MOS,25.85,2026-09-11,6,Call,25.00,+3.29%,0.85,0.9,1.15,1026,388,2.64,46.75%,34.88%,0.779313,2026-09-05
COIN,184.64,2027-01-15,132,Put,155.00,-16.05%,13.95,14.67,16,2283,866,2.64,65.82%,69.72%,-0.256563,2026-09-05
AMZN,258.51,2026-09-09,4,Call,267.50,-3.48%,0.37,0.4,0.48,5918,2243,2.64,30.40%,27.08%,0.119408,2026-09-05
AMZN,258.51,2026-09-11,6,Call,255.00,+1.36%,5.85,5.87,6,8142,3092,2.63,30.40%,29.08%,0.655917,2026-09-05
BE,252.87,2026-09-11,6,Put,140.00,-44.64%,0.02,0.11,0.1,837,319,2.62,90.84%,176.74%,-0.003221,2026-09-05
NCLH,15.57,2026-09-18,13,Put,22.00,+41.30%,6.25,6.55,6.55,2769,1057,2.62,44.98%,125.07%,-0.912159,2026-09-05
MU,1016.59,2026-09-11,6,Call,1000.00,+1.63%,38.4,40,40.3,10647,4081,2.61,64.65%,58.17%,0.604804,2026-09-05
NFLX,78.25,2026-09-18,13,Put,116.00,+48.24%,36.6,36.85,39,1722,660,2.61,35.57%,99.31%,-0.981931,2026-09-05
IREN,44.68,2026-09-11,6,Call,48.00,-7.43%,0.79,0.8,0.83,2084,800,2.61,87.42%,86.54%,0.279211,2026-09-05
META,616.77,2026-09-11,6,Call,617.50,-0.12%,10.65,10.75,10.85,539,207,2.6,35.99%,34.70%,0.503086,2026-09-05
CEVA,26.95,2026-09-18,13,Put,25.00,-7.24%,0.5,0.65,1.15,753,290,2.6,75.42%,83.35%,-0.286615,2026-09-05
NFLX,78.25,2026-10-02,27,Put,78.00,-0.32%,2.48,2.48,2.57,886,341,2.6,35.57%,32.32%,-0.458754,2026-09-05
NVDA,230.36,2026-10-23,48,Call,250.00,-8.53%,4.7,4.81,5,1025,394,2.6,34.41%,34.37%,0.287711,2026-09-05
PYPL,54.96,2026-09-11,6,Call,57.00,-3.71%,0.36,0.43,0.47,1620,623,2.6,35.17%,40.30%,0.250965,2026-09-05
CVS,96.74,2026-09-25,20,Call,99.00,-2.34%,1.5,1.54,1.64,2226,855,2.6,27.97%,27.64%,0.375126,2026-09-05
TSLA,354.08,2026-09-25,20,Call,370.00,-4.50%,7.35,7.4,7.45,2956,1138,2.6,40.37%,40.50%,0.346209,2026-09-05
HPE,52,2026-09-11,6,Put,51.00,-1.92%,1.04,1.12,1.18,756,292,2.59,56.55%,59.53%,-0.383076,2026-09-05
IOVA,8.79,2026-09-11,6,Call,9.00,-2.39%,0.2,0.25,0.35,788,306,2.58,80.94%,81.02%,0.432644,2026-09-05
CBRS,210.05,2027-01-15,132,Call,230.00,-9.50%,31,32.3,36,836,324,2.58,76.26%,79.69%,0.531609,2026-09-05
NBIS,226.39,2026-09-11,6,Put,205.00,-9.45%,1.96,2.22,2.5,1013,392,2.58,85.02%,84.20%,-0.163923,2026-09-05
CRCL,102.05,2026-09-11,6,Put,94.00,-7.89%,0.98,1.2,1.15,551,214,2.57,79.93%,76.41%,-0.185861,2026-09-05
NVDA,230.36,2026-09-16,11,Put,215.00,-6.67%,0.92,0.91,1.01,988,385,2.57,34.41%,36.55%,-0.128552,2026-09-05
PLTR,174.33,2026-09-11,6,Put,175.00,+0.38%,4.25,4.33,4.35,7494,2919,2.57,46.80%,44.84%,-0.511931,2026-09-05
BMNR,24.97,2026-09-11,6,Call,25.00,-0.12%,0.91,0.92,1.15,4743,1853,2.56,76.42%,81.28%,0.518352,2026-09-05
C,137.72,2026-09-11,6,Put,133.00,-3.43%,0.29,0.41,0.41,634,248,2.56,29.59%,26.30%,-0.144611,2026-09-05
CRWD,213.1,2026-09-11,6,Call,217.50,-2.06%,3.35,3.35,3.6,713,279,2.56,50.77%,48.52%,0.386725,2026-09-05
WDC,467.46,2026-09-11,6,Call,500.00,-6.96%,5.75,6.05,6.25,825,322,2.56,69.93%,71.32%,0.246981,2026-09-05
USAR,17.61,2026-09-11,6,Call,19.00,-7.89%,0.22,0.24,0.28,1264,493,2.56,80.81%,79.67%,0.246074,2026-09-05
HOOD,122.11,2026-09-11,6,Call,124.00,-1.55%,3.15,3.23,3.3,1395,544,2.56,63.01%,64.68%,0.445685,2026-09-05
GOOGL,338.46,2026-09-09,4,Put,320.00,-5.45%,0.11,0.12,0.13,550,216,2.55,28.49%,28.88%,-0.029952,2026-09-05
PDD,82.21,2026-09-11,6,Call,85.00,-3.39%,0.3,0.35,0.4,621,244,2.55,28.28%,29.93%,0.201838,2026-09-05
CRWV,89.36,2026-09-11,6,Call,97.00,-8.55%,1.05,1.05,1.09,1405,550,2.55,76.04%,77.41%,0.220345,2026-09-05
PPG,112.53,2026-09-18,13,Call,115.00,-2.19%,0.85,1.13,1.5,2539,994,2.55,27.47%,25.42%,0.336859,2026-09-05
T,25.68,2026-09-11,6,Put,25.50,-0.70%,0.2,0.22,0.25,5088,1996,2.55,24.18%,23.36%,-0.402349,2026-09-05
GME,19.16,2026-09-11,6,Call,18.00,+6.05%,1.36,1.4,1.45,4555,1792,2.54,50.51%,71.85%,0.763674,2026-09-05
PCT,6.39,2026-09-11,6,Put,6.50,+1.72%,0.25,0.31,0.35,655,258,2.54,82.59%,73.76%,-0.551095,2026-09-05
PLTR,174.33,2026-09-25,20,Put,157.50,-9.65%,1.75,1.84,1.86,1087,428,2.54,46.80%,48.05%,-0.164848,2026-09-05
SNOW,337.18,2026-10-16,41,Put,310.00,-8.06%,7.6,7.6,8.1,904,357,2.53,43.58%,43.37%,-0.249651,2026-09-05
AMBA,62.89,2026-09-18,13,Put,60.00,-4.60%,2.1,3.95,4,917,363,2.53,103.14%,94.69%,-0.359904,2026-09-05
SPCX,147.95,2026-09-11,6,Put,150.00,+1.39%,4.8,4.9,4.95,7826,3107,2.52,50.41%,49.99%,-0.569798,2026-09-05
PYPL,54.96,2026-09-11,6,Put,55.00,+0.07%,0.63,1.11,1.27,609,242,2.52,35.17%,33.45%,-0.494954,2026-09-05
SKHY,177,2026-09-11,6,Put,152.50,-13.84%,0.3,0.35,0.35,1940,770,2.52,64.02%,71.51%,-0.046776,2026-09-05
PANW,333.26,2026-10-16,41,Put,290.00,-12.98%,4.35,5.37,5.3,2141,848,2.52,47.28%,46.95%,-0.162085,2026-09-05
MU,1016.59,2026-09-11,6,Call,1070.00,-5.25%,12.15,12.5,13.35,968,386,2.51,64.65%,61.06%,0.271762,2026-09-05
RELX,35.51,2026-10-16,41,Call,35.00,+1.44%,1.65,1.9,2,1000,398,2.51,32.56%,34.48%,0.560841,2026-09-04
HUT,93.54,2026-09-11,6,Call,95.00,-1.56%,3.6,3.85,5.15,1432,571,2.51,96.57%,104.71%,0.482683,2026-09-05
AAPL,319.97,2026-09-11,6,Put,322.50,+0.79%,5.9,6.1,6.15,1972,786,2.51,25.16%,28.86%,-0.572834,2026-09-05
AMZN,258.51,2026-09-11,6,Call,277.50,-7.35%,0.2,0.19,0.27,2107,840,2.51,30.40%,33.21%,0.051613,2026-09-05
NBIS,226.39,2026-09-11,6,Call,230.00,-1.59%,8.1,8.4,8.45,5772,2296,2.51,85.02%,85.02%,0.466057,2026-09-05
INTC,95.8,2026-09-09,4,Call,105.00,-9.60%,0.23,0.24,0.24,525,210,2.5,61.80%,62.02%,0.084608,2026-09-05
MU,1016.59,2026-09-11,6,Call,985.00,+3.11%,47.4,49.22,50.55,794,318,2.5,64.65%,59.05%,0.678191,2026-09-05
META,616.77,2026-09-09,4,Put,590.00,-4.34%,0.82,0.83,0.84,1101,441,2.5,35.99%,31.76%,-0.086732,2026-09-05
GNLX,2.44,2026-09-18,13,Put,2.50,+2.46%,0.25,0.45,0.8,1217,486,2.5,528.35%,269.71%,-0.417342,2026-09-05
BA,212.25,2026-09-11,6,Call,217.50,-2.47%,1.08,1.13,1.15,1267,509,2.49,30.12%,27.75%,0.251386,2026-09-05
AAOI,105.53,2026-09-11,6,Call,105.00,+0.50%,4.6,4.6,5,1309,525,2.49,89.92%,83.60%,0.542264,2026-09-05
RKLB,64.26,2026-09-18,13,Call,75.00,-16.71%,0.5,0.53,0.55,5998,2411,2.49,67.34%,68.78%,0.132251,2026-09-05
TSLA,354.08,2026-09-11,6,Put,350.00,-1.15%,5.15,5.25,5.25,15075,6066,2.49,40.37%,39.62%,-0.396127,2026-09-05
AVGO,357.89,2026-09-09,4,Call,370.00,-3.38%,1.13,1.4,1.5,5448,2200,2.48,37.03%,34.75%,0.187349,2026-09-05
MU,1016.59,2026-09-09,4,Call,975.00,+4.09%,47.4,48.04,51.15,554,223,2.48,64.65%,53.59%,0.782204,2026-09-05
TSLA,354.08,2026-10-09,34,Put,330.00,-6.80%,7,6.94,7.2,926,373,2.48,40.37%,40.31%,-0.255181,2026-09-05
TSLA,354.08,2026-09-14,9,Put,355.00,+0.26%,8.25,8.17,8.85,953,385,2.48,40.37%,37.05%,-0.501451,2026-09-05
AMZN,258.51,2026-09-09,4,Put,247.50,-4.26%,0.17,0.18,0.2,1078,434,2.48,30.40%,26.98%,-0.058445,2026-09-05
GOOG,335.31,2026-09-11,6,Put,327.50,-2.33%,1.54,1.58,1.65,1171,472,2.48,28.80%,26.58%,-0.234794,2026-09-05
NFLX,78.25,2026-09-18,13,Put,102.00,+30.35%,21.65,23.25,25.55,571,231,2.47,35.57%,64.37%,-0.989809,2026-09-05
MU,1016.59,2026-09-11,6,Call,1040.00,-2.30%,20.5,21,22,1528,619,2.47,64.65%,59.62%,0.400524,2026-09-05
SHOP,145.09,2026-09-11,6,Call,150.00,-3.38%,1.81,2.3,2.75,1847,748,2.47,47.51%,56.53%,0.339162,2026-09-05
SMCI,39.59,2026-09-11,6,Call,45.00,-13.67%,0.21,0.22,0.24,7276,2947,2.47,73.04%,80.30%,0.117623,2026-09-05
SPCX,147.95,2026-09-11,6,Call,160.00,-8.14%,0.65,0.66,0.67,17539,7113,2.47,50.41%,53.06%,0.133878,2026-09-05
AG,20.97,2026-09-11,6,Call,21.50,-2.53%,0.35,0.4,0.48,510,207,2.46,62.31%,59.06%,0.387944,2026-09-05
INTC,95.8,2027-02-19,167,Call,155.00,-61.80%,4.85,5.05,5.1,654,266,2.46,61.80%,70.79%,0.231005,2026-09-05
NFLX,78.25,2026-09-18,13,Put,100.00,+27.80%,19.85,20.4,22.1,1223,497,2.46,35.57%,60.23%,-0.989268,2026-09-05
HL,20.68,2026-09-11,6,Put,20.50,-0.87%,0.49,0.55,0.65,714,291,2.45,64.37%,62.79%,-0.438479,2026-09-05
BE,252.87,2026-09-18,13,Put,245.00,-3.11%,14.25,14.44,14.75,718,293,2.45,90.84%,97.78%,-0.393813,2026-09-05
NBIS,226.39,2026-09-11,6,Call,250.00,-10.43%,2.87,2.99,3,4842,1977,2.45,85.02%,89.34%,0.21079,2026-09-05
TSLA,354.08,2026-09-11,6,Put,360.00,+1.67%,10.5,10.55,10.65,7955,3251,2.45,40.37%,40.28%,-0.613016,2026-09-05
CDE,21.24,2026-09-18,13,Call,22.00,-3.58%,0.65,0.76,0.85,551,226,2.44,64.80%,66.30%,0.417098,2026-09-05
HOOD,122.11,2026-09-11,6,Call,133.00,-8.92%,0.91,1,1.03,569,233,2.44,63.01%,67.92%,0.175983,2026-09-05
CRCL,102.05,2026-09-11,6,Call,102.00,+0.05%,4.05,4.05,4.55,570,234,2.44,79.93%,81.40%,0.524955,2026-09-05
SMCI,39.59,2026-10-16,41,Put,40.00,+1.04%,3.85,4.05,4.15,680,279,2.44,73.04%,72.96%,-0.462993,2026-09-05
C,137.72,2027-09-17,377,Put,115.00,-16.50%,6.4,6.45,7.5,704,289,2.44,29.59%,33.16%,-0.220471,2026-09-05
VRT,280.53,2026-09-11,6,Put,245.00,-12.67%,0.27,0.28,0.29,1189,490,2.43,55.27%,58.81%,-0.03283,2026-09-05
NBIS,226.39,2026-09-11,6,Call,240.00,-6.01%,4.1,5,5.1,2791,1149,2.43,85.02%,83.19%,0.312599,2026-09-05
MSTR,142.8,2026-09-11,6,Call,144.00,-0.84%,5,5.1,5.15,12475,5143,2.43,75.03%,76.60%,0.488019,2026-09-05
SPCX,147.95,2026-09-11,6,Call,155.00,-4.77%,1.4,1.41,1.42,13586,5590,2.43,50.41%,51.05%,0.251578,2026-09-05
RIOT,21.8,2027-01-15,132,Put,22.00,+0.92%,4.25,4.5,4.75,3961,1636,2.42,84.35%,87.71%,-0.395732,2026-09-05
DVN,48.06,2026-11-20,76,Put,47.50,-1.17%,2.66,2.72,2.82,4263,1763,2.42,33.28%,35.34%,-0.433006,2026-09-05
IREN,44.68,2026-10-09,34,Call,55.00,-23.10%,1.62,1.75,1.84,551,228,2.42,87.42%,88.63%,0.267519,2026-09-05
APLD,26.37,2026-09-11,6,Call,27.50,-4.29%,0.48,0.52,0.56,1397,577,2.42,83.75%,71.01%,0.341329,2026-09-05
COIN,184.64,2026-09-11,6,Put,175.00,-5.22%,2.06,2.15,2.2,1476,610,2.42,65.82%,62.34%,-0.236525,2026-09-05
MSFT,499.7,2026-09-09,4,Call,517.50,-3.56%,0.29,0.31,0.34,647,269,2.41,24.61%,21.65%,0.064354,2026-09-05
CRWV,89.36,2026-09-11,6,Call,101.00,-13.03%,0.55,0.56,0.58,1047,434,2.41,76.04%,80.22%,0.128526,2026-09-05
BRZE,31.96,2026-09-18,13,Put,30.00,-6.13%,1.6,1.8,2,565,235,2.4,84.93%,115.24%,-0.342815,2026-09-05
NBIS,226.39,2026-09-11,6,Call,217.50,+3.93%,14.35,14.65,15.1,667,278,2.4,85.02%,84.16%,0.666697,2026-09-05
MSFT,499.7,2026-09-11,6,Put,495.00,-0.94%,3.65,3.8,3.95,1236,515,2.4,24.61%,23.34%,-0.365277,2026-09-05
INTC,95.8,2026-09-09,4,Put,91.00,-5.01%,0.5,0.51,0.52,1341,558,2.4,61.80%,53.78%,-0.171886,2026-09-05
TSLA,354.08,2026-09-09,4,Call,377.50,-6.61%,0.59,0.59,0.61,2331,972,2.4,40.37%,43.26%,0.083367,2026-09-05
NFLX,78.25,2026-09-18,13,Put,111.00,+41.85%,30.65,32.7,34.45,562,235,2.39,35.57%,81.75%,-0.991454,2026-09-05
CRWD,213.1,2026-09-11,6,Put,202.50,-4.97%,1.52,1.57,1.67,627,262,2.39,50.77%,50.10%,-0.201909,2026-09-05
CRDO,170.57,2026-09-11,6,Call,185.00,-8.46%,2.15,2.5,3,671,281,2.39,74.29%,84.90%,0.246285,2026-09-05
AA,49.97,2026-09-11,6,Call,52.00,-4.06%,0.42,0.54,0.53,703,294,2.39,48.88%,47.02%,0.2667,2026-09-05
NFLX,78.25,2027-01-15,132,Put,120.00,+53.35%,39.6,40.31,43.55,968,405,2.39,35.57%,43.25%,-0.976613,2026-09-05
TRIP,9.32,2028-01-21,503,Put,5.00,-46.35%,0.3,0.52,0.5,2686,1123,2.39,46.93%,59.53%,-0.095256,2026-09-04
PLTR,174.33,2026-09-11,6,Put,167.50,-3.92%,1.37,1.53,1.53,3062,1281,2.39,46.80%,45.69%,-0.235561,2026-09-05
MSFT,499.7,2026-09-09,4,Put,487.50,-2.44%,0.6,0.65,0.7,586,246,2.38,24.61%,20.62%,-0.121113,2026-09-05
ORCL,158.78,2026-09-11,6,Put,160.00,+0.77%,9.5,9.96,10.15,738,310,2.38,70.09%,113.37%,-0.491081,2026-09-05
CRDO,170.57,2026-09-11,6,Call,190.00,-11.39%,1.4,1.59,1.65,789,331,2.38,74.29%,82.19%,0.16714,2026-09-05
HOOD,122.11,2026-09-18,13,Call,122.00,+0.09%,5.85,6,6.1,796,335,2.38,63.01%,63.64%,0.531212,2026-09-05
BE,252.87,2026-09-11,6,Call,355.00,-40.39%,0.3,0.38,0.4,798,336,2.38,90.84%,127.94%,0.023728,2026-09-05
IREN,44.68,2026-09-11,6,Call,46.00,-2.95%,1.33,1.33,1.42,4531,1907,2.38,87.42%,84.32%,0.41691,2026-09-05
INTC,95.8,2026-09-09,4,Put,90.00,-6.05%,0.34,0.36,0.37,4099,1726,2.37,61.80%,54.11%,-0.127873,2026-09-05
NVDA,230.36,2026-10-02,27,Call,235.00,-2.01%,6.4,6.48,6.6,9035,3810,2.37,34.41%,33.27%,0.440625,2026-09-05
QCOM,168.74,2026-09-18,13,Put,157.50,-6.66%,1,1.44,1.56,593,250,2.37,41.94%,41.10%,-0.175118,2026-09-05
NFLX,78.25,2026-09-18,13,Put,99.00,+26.52%,18.65,19.5,22.55,596,251,2.37,35.57%,58.12%,-0.988974,2026-09-05
ACAD,28.02,2026-09-18,13,Put,26.00,-7.21%,0.35,1.03,1.6,1002,422,2.37,88.82%,89.67%,-0.296874,2026-09-04
CVNA,74.59,2026-09-11,6,Call,75.00,-0.55%,1.78,1.97,1.95,1327,559,2.37,56.18%,53.42%,0.485203,2026-09-05
TYRA,28.65,2026-09-18,13,Call,30.00,-4.71%,5.3,6.75,6.8,2763,1164,2.37,247.77%,307.31%,0.584254,2026-09-05
NKE,38.4,2026-09-18,13,Call,38.00,+1.04%,1.07,1.22,1.16,1167,494,2.36,41.86%,31.51%,0.579904,2026-09-05
AVGO,357.89,2026-09-09,4,Call,390.00,-8.97%,0.17,0.18,0.26,2245,951,2.36,37.03%,44.11%,0.033585,2026-09-05
NFLX,78.25,2026-09-18,13,Put,110.00,+40.58%,30.5,31.25,33,2337,991,2.36,35.57%,0.00%,-1,2026-09-05
CLMT,53.13,2027-03-19,195,Call,75.00,-41.16%,4.3,4.6,4.9,523,223,2.35,63.20%,70.26%,0.328454,2026-09-05
OKLO,41.27,2026-09-11,6,Call,42.00,-1.77%,1.14,1.18,1.23,870,371,2.35,74.35%,71.02%,0.444129,2026-09-05
SNOW,337.18,2026-09-11,6,Call,370.00,-9.73%,0.62,0.69,0.68,1240,527,2.35,43.58%,48.21%,0.071852,2026-09-05
IREN,44.68,2026-09-11,6,Put,44.00,-1.52%,1.52,1.53,1.54,1247,530,2.35,87.42%,82.10%,-0.419547,2026-09-05
NFLX,78.25,2027-01-15,132,Put,122.00,+55.91%,41.5,44.95,45.55,585,250,2.34,35.57%,62.46%,-0.853907,2026-09-05
FTNT,156.29,2026-09-11,6,Call,165.00,-5.57%,0.8,0.85,0.94,661,283,2.34,44.19%,44.80%,0.182694,2026-09-05
SMCI,39.59,2026-12-18,104,Call,48.00,-21.24%,3.8,3.88,4.25,2673,1140,2.34,73.04%,79.56%,0.414709,2026-09-05
MU,1016.59,2026-09-18,13,Call,1230.00,-20.99%,3.7,3.85,4,1006,431,2.33,64.65%,65.83%,0.071922,2026-09-05
WMT,107.14,2026-09-11,6,Put,105.00,-2.00%,0.33,0.33,0.34,2849,1222,2.33,22.25%,20.25%,-0.210233,2026-09-05
GOOG,335.31,2026-09-25,20,Call,350.00,-4.38%,3.6,3.8,3.7,3387,1451,2.33,28.80%,28.10%,0.277197,2026-09-05
RBLX,43.31,2026-09-18,13,Call,45.00,-3.90%,1.15,1.24,1.32,4757,2044,2.33,60.51%,58.52%,0.38984,2026-09-05
CIFR,17.74,2026-09-11,6,Call,20.00,-12.74%,0.24,0.26,0.28,5686,2450,2.32,96.25%,104.89%,0.206091,2026-09-05
CRWD,213.1,2026-09-11,6,Put,215.00,+0.89%,6.15,6.35,6.5,604,260,2.32,50.77%,49.19%,-0.540619,2026-09-05
CIFR,17.74,2026-09-18,13,Call,19.50,-9.92%,0.64,0.7,0.75,623,269,2.32,96.25%,99.73%,0.343958,2026-09-05
MRVL,223.55,2026-09-11,6,Call,217.50,+2.71%,10.15,10.36,10.5,628,271,2.32,63.48%,60.28%,0.655842,2026-09-05
NBIS,226.39,2026-09-11,6,Call,245.00,-8.22%,3.75,3.88,3.95,727,313,2.32,85.02%,88.27%,0.262287,2026-09-05
TSLA,354.08,2026-09-11,6,Put,327.50,-7.51%,0.53,0.56,0.55,1241,534,2.32,40.37%,41.17%,-0.064843,2026-09-05
AVGO,357.89,2026-09-18,13,Call,357.50,+0.11%,10.2,10.36,10.55,698,302,2.31,37.03%,37.13%,0.526004,2026-09-05
IREN,44.68,2026-09-11,6,Put,39.00,-12.71%,0.22,0.22,0.25,1044,452,2.31,87.42%,85.65%,-0.097138,2026-09-05
META,616.77,2026-09-09,4,Call,642.50,-4.17%,1.18,1.2,1.23,1057,457,2.31,35.99%,32.35%,0.119113,2026-09-05
BA,212.25,2026-09-11,6,Call,212.50,-0.12%,2.72,2.8,3.05,1270,550,2.31,30.12%,27.73%,0.493379,2026-09-05
GOOGL,338.46,2026-09-11,6,Put,335.00,-1.02%,2.89,2.91,3.05,2412,1043,2.31,28.49%,26.46%,-0.369324,2026-09-05
GS,1038.61,2026-09-11,6,Call,1100.00,-5.91%,1.05,1.13,1.32,555,241,2.3,33.92%,29.65%,0.068994,2026-09-05
AMZN,258.51,2026-09-14,9,Call,260.00,-0.58%,3.55,3.63,3.75,656,285,2.3,30.40%,26.18%,0.461162,2026-09-05
META,616.77,2026-09-11,6,Put,600.00,-2.72%,4.3,4.4,4.4,1046,454,2.3,35.99%,34.74%,-0.257217,2026-09-05
VLO,370.72,2026-10-16,41,Put,320.00,-13.68%,4.3,4.59,4.8,1075,468,2.3,44.88%,45.62%,-0.145592,2026-09-05
NU,15.37,2026-09-11,6,Call,15.50,-0.85%,0.2,0.2,0.24,3088,1344,2.3,40.92%,35.00%,0.439595,2026-09-05
BE,252.87,2027-02-19,167,Call,510.00,-101.68%,15.1,16.4,18.65,564,246,2.29,90.84%,96.13%,0.233697,2026-09-05
CRCL,102.05,2026-09-11,6,Put,95.00,-6.91%,1.2,1.37,1.42,1826,797,2.29,79.93%,76.82%,-0.217245,2026-09-05
RIOT,21.8,2027-01-15,132,Call,33.00,-51.38%,1.57,1.73,1.89,638,280,2.28,84.35%,86.71%,0.305803,2026-09-05
CYPH,2.42,2026-10-16,41,Call,2.50,-3.31%,0.45,0.49,0.55,710,311,2.28,163.43%,164.81%,0.588941,2026-09-05
INTC,95.8,2026-09-11,6,Put,89.00,-7.10%,0.61,0.67,0.69,1318,579,2.28,61.80%,60.54%,-0.160236,2026-09-05
B,44.75,2026-09-11,6,Call,46.00,-2.79%,0.43,0.47,0.53,1357,595,2.28,43.59%,42.05%,0.31632,2026-09-05
NU,15.37,2026-09-11,6,Put,15.00,-2.41%,0.12,0.13,0.15,1717,753,2.28,40.92%,36.72%,-0.290388,2026-09-05
CRWV,89.36,2026-09-11,6,Call,94.00,-5.19%,1.67,1.7,1.73,1751,769,2.28,76.04%,75.31%,0.319223,2026-09-05
BTDR,12.38,2026-09-11,6,Call,12.00,+3.07%,0.7,0.86,0.95,959,423,2.27,97.99%,98.27%,0.623702,2026-09-05
CBRS,210.05,2026-09-18,13,Call,210.00,+0.02%,11.2,11.96,14.2,1868,823,2.27,76.26%,79.42%,0.533932,2026-09-05
LULU,100.61,2026-09-18,13,Put,90.00,-10.55%,0.29,0.35,0.39,3964,1749,2.27,41.44%,44.75%,-0.084421,2026-09-05
CRWV,89.36,2026-09-11,6,Call,88.00,+1.52%,4,4.05,4.15,3649,1613,2.26,76.04%,73.27%,0.585741,2026-09-05
QURE,44.5,2026-11-20,76,Call,60.00,-34.83%,2.45,3.35,4.6,600,266,2.26,108.34%,98.05%,0.334661,2026-09-05
U,41.66,2026-10-16,41,Call,42.00,-0.82%,2.75,2.85,2.91,663,293,2.26,52.41%,52.24%,0.52588,2026-09-05
CRCL,102.05,2026-12-18,104,Call,260.00,-154.78%,0.89,1.1,1.33,739,327,2.26,79.93%,95.44%,0.059461,2026-09-05
ORCL,158.78,2026-09-11,6,Call,182.50,-14.94%,2.6,2.64,2.7,1068,473,2.26,70.09%,120.64%,0.205954,2026-09-05
FIG,24.12,2026-09-11,6,Call,26.00,-7.79%,0.25,0.28,0.32,1487,658,2.26,70.48%,73.14%,0.227461,2026-09-05
DFDV,5.87,2027-04-16,223,Call,2.50,+57.41%,3.2,3.55,3.9,500,222,2.25,112.28%,88.03%,0.947396,2026-09-05
NBIS,226.39,2026-09-11,6,Call,255.00,-12.64%,2.25,2.24,2.38,547,243,2.25,85.02%,91.65%,0.171305,2026-09-05
VISN,6.4,2027-01-15,132,Call,8.00,-25.00%,0.2,0.3,0.35,570,253,2.25,56.88%,47.67%,0.278739,2026-09-05
XP,19.86,2026-10-16,41,Put,19.00,-4.33%,0.75,0.85,0.95,645,287,2.25,47.09%,47.55%,-0.359613,2026-09-05
F,14.62,2026-09-11,6,Put,15.00,+2.60%,0.45,0.46,0.52,655,291,2.25,32.38%,33.01%,-0.720849,2026-09-05
MU,1016.59,2026-09-11,6,Put,900.00,-11.47%,2.05,2.09,2.26,2400,1066,2.25,64.65%,62.79%,-0.059357,2026-09-05
BAC,62.68,2026-09-11,6,Call,62.00,+1.08%,1.02,1.1,1.1,6876,3071,2.24,24.26%,20.46%,0.670105,2026-09-05
PCG,14.3,2027-01-15,132,Call,14.00,+2.10%,1.96,2.16,2.43,7861,3510,2.24,61.36%,59.10%,0.600475,2026-09-05
MRK,150.33,2026-09-25,20,Call,165.00,-9.76%,0.3,0.42,0.75,749,335,2.24,28.41%,30.61%,0.104941,2026-09-05
MU,1016.59,2026-09-09,4,Call,970.00,+4.58%,51.3,53.2,55.3,817,364,2.24,64.65%,54.04%,0.806348,2026-09-05
META,616.77,2026-09-11,6,Call,660.00,-7.01%,1.07,1.09,1.11,887,396,2.24,35.99%,37.17%,0.08281,2026-09-05
SMCI,39.59,2026-10-02,27,Call,50.00,-26.29%,0.57,0.61,0.65,1522,680,2.24,73.04%,76.08%,0.155797,2026-09-05
RIOT,21.8,2026-09-11,6,Call,22.00,-0.92%,0.8,0.8,0.86,1751,782,2.24,84.35%,82.24%,0.488729,2026-09-05
HOOD,122.11,2026-09-11,6,Put,115.00,-5.82%,1.21,1.26,1.33,2193,979,2.24,63.01%,63.31%,-0.215857,2026-09-05
AAOI,105.53,2026-09-11,6,Call,115.00,-8.97%,1.4,1.6,1.7,708,317,2.23,89.92%,86.56%,0.237753,2026-09-05
ZS,169.8,2026-09-11,6,Call,175.00,-3.06%,2.25,2.68,2.87,1224,550,2.23,50.54%,53.02%,0.344189,2026-09-05
TSLA,354.08,2026-09-25,20,Call,360.00,-1.67%,10.8,10.8,10.9,2109,947,2.23,40.37%,39.92%,0.456413,2026-09-05
F,14.62,2026-09-11,6,Put,14.50,-0.82%,0.14,0.17,0.17,2513,1126,2.23,32.38%,28.10%,-0.402957,2026-09-05
WHR,39.3,2027-06-17,285,Call,40.00,-1.78%,7.6,8.1,9.1,501,226,2.22,48.92%,69.70%,0.567685,2026-09-05
RVMD,210.02,2026-09-18,13,Put,200.00,-4.77%,2.8,3.42,3.6,577,260,2.22,46.81%,46.66%,-0.270273,2026-09-05
HOOD,122.11,2027-06-17,285,Call,180.00,-47.41%,14.5,15.25,15.55,638,288,2.22,63.01%,69.07%,0.38987,2026-09-05
SPCX,147.95,2026-09-11,6,Put,126.00,-14.84%,0.11,0.12,0.13,1230,553,2.22,50.41%,65.44%,-0.024852,2026-09-05
HOOD,122.11,2026-09-18,13,Put,108.00,-11.56%,1.06,1.09,1.1,516,233,2.21,63.01%,63.67%,-0.137469,2026-09-05
COIN,184.64,2026-09-11,6,Put,177.50,-3.87%,2.77,2.87,2.97,724,327,2.21,65.82%,62.47%,-0.294955,2026-09-05
LULU,100.61,2026-10-16,41,Call,135.00,-34.18%,0.2,0.24,0.36,1309,592,2.21,41.44%,48.47%,0.044274,2026-09-05
CRWV,89.36,2026-09-11,6,Call,87.00,+2.64%,4.55,4.6,4.75,1787,807,2.21,76.04%,73.33%,0.632348,2026-09-05
SKHY,177,2026-10-16,41,Call,160.00,+9.60%,24.55,24.8,25.8,2069,936,2.21,64.02%,65.49%,0.722013,2026-09-05
AAPL,319.97,2026-09-11,6,Call,350.00,-9.39%,0.12,0.13,0.13,10224,4627,2.21,25.16%,34.70%,0.023737,2026-09-05
MU,1016.59,2026-09-09,4,Put,840.00,-17.37%,0.21,0.22,0.22,517,235,2.2,64.65%,76.74%,-0.007772,2026-09-05
MU,1016.59,2026-09-11,6,Put,885.00,-12.94%,1.35,1.53,1.59,701,318,2.2,64.65%,64.29%,-0.041848,2026-09-05
SHOP,145.09,2026-09-11,6,Call,146.00,-0.63%,3.45,4.08,5.15,924,420,2.2,47.51%,63.17%,0.488295,2026-09-05
OKLO,41.27,2026-12-18,104,Call,85.00,-105.96%,0.91,1.02,1.07,990,450,2.2,74.35%,93.35%,0.119234,2026-09-05
AAPL,319.97,2026-09-18,13,Call,327.50,-2.35%,3.4,3.4,3.5,1572,713,2.2,25.16%,26.27%,0.336924,2026-09-05
RBLX,43.31,2026-09-18,13,Call,43.00,+0.72%,1.95,2.06,2.16,2477,1127,2.2,60.51%,57.52%,0.552656,2026-09-05
CDE,21.24,2026-09-11,6,Put,21.50,+1.22%,0.7,0.7,0.9,506,231,2.19,64.80%,61.11%,-0.54412,2026-09-05
C,137.72,2026-09-11,6,Call,140.00,-1.66%,0.79,0.84,0.85,977,447,2.19,29.59%,24.09%,0.306327,2026-09-05
DFTX,38.09,2026-09-18,13,Put,38.00,-0.24%,2.1,2.74,3.3,1128,514,2.19,113.18%,96.76%,-0.456261,2026-09-05
SKHY,177,2026-09-11,6,Call,180.00,-1.69%,4.6,4.65,4.8,2668,1218,2.19,64.02%,66.16%,0.440883,2026-09-05
RIVN,15.74,2026-09-11,6,Call,16.00,-1.65%,0.28,0.31,0.31,3655,1672,2.19,53.90%,50.30%,0.415816,2026-09-05
NVDA,230.36,2026-09-11,6,Call,237.50,-3.10%,1.23,1.26,1.29,36385,16632,2.19,34.41%,31.57%,0.235409,2026-09-05
FRO,46.12,2026-10-16,41,Call,49.00,-6.24%,0.35,0.91,1.55,3717,1703,2.18,49.38%,35.09%,0.29603,2026-09-05
SMCI,39.59,2026-09-25,20,Put,37.00,-6.54%,1.35,1.45,1.51,646,297,2.18,73.04%,71.20%,-0.308717,2026-09-05
GOOGL,338.46,2026-09-09,4,Put,325.00,-3.98%,0.23,0.22,0.28,849,390,2.18,28.49%,25.83%,-0.063407,2026-09-05
MU,1016.59,2026-09-11,6,Call,970.00,+4.58%,57.65,59,59.7,924,424,2.18,64.65%,57.60%,0.751799,2026-09-05
AVGO,357.89,2026-09-09,4,Put,350.00,-2.20%,1.85,1.89,2.09,1469,673,2.18,37.03%,33.70%,-0.255258,2026-09-05
NVDA,230.36,2026-10-09,34,Put,225.00,-2.33%,6.75,6.75,7,2225,1019,2.18,34.41%,34.57%,-0.382268,2026-09-05
LULU,100.61,2026-11-20,76,Put,100.00,-0.61%,6.55,7.1,7.25,2670,1226,2.18,41.44%,41.37%,-0.437769,2026-09-05
BABA,113.24,2026-09-11,6,Put,110.00,-2.86%,0.81,0.88,0.88,3395,1558,2.18,41.64%,36.36%,-0.258945,2026-09-05
APLD,26.37,2026-10-02,27,Call,26.00,+1.40%,2.16,2.34,2.54,548,253,2.17,83.75%,74.95%,0.57316,2026-09-05
RKLB,64.26,2026-09-18,13,Call,68.00,-5.82%,1.68,1.69,1.75,733,338,2.17,67.34%,64.71%,0.347648,2026-09-05
SPCX,147.95,2026-09-18,13,Put,146.00,-1.32%,4.5,4.55,4.6,1416,652,2.17,50.41%,50.15%,-0.421279,2026-09-05
WMT,107.14,2026-09-11,6,Call,109.00,-1.74%,0.45,0.46,0.47,2618,1207,2.17,22.25%,20.72%,0.268275,2026-09-05
IREN,44.68,2026-09-11,6,Call,45.00,-0.72%,1.74,1.75,1.77,8993,4143,2.17,87.42%,82.82%,0.496606,2026-09-05
SPCX,147.95,2026-09-11,6,Call,149.00,-0.71%,3.25,3.29,3.35,3844,1782,2.16,50.41%,49.55%,0.472025,2026-09-05
ECHO,89.8,2026-09-18,13,Put,130.00,+44.77%,38.2,40.4,41.9,4360,2019,2.16,43.90%,107.32%,-0.960558,2026-09-05
META,616.77,2026-09-09,4,Call,660.00,-7.01%,0.28,0.32,0.33,541,251,2.16,35.99%,35.05%,0.034536,2026-09-05
TSLA,354.08,2026-09-09,4,Put,367.50,+3.79%,14.7,14.3,15.1,1330,616,2.16,40.37%,40.24%,-0.804866,2026-09-05
TSLA,354.08,2026-09-14,9,Put,350.00,-1.15%,6,6.1,6.1,1044,486,2.15,40.37%,36.49%,-0.403678,2026-09-05
BABA,113.24,2026-09-11,6,Call,114.00,-0.67%,1.78,1.85,1.9,1603,747,2.15,41.64%,37.85%,0.454636,2026-09-05
AAL,13.13,2026-09-11,6,Call,13.00,+0.99%,0.3,0.33,0.34,2462,1144,2.15,44.54%,37.27%,0.592347,2026-09-05
CRM,259.23,2026-10-16,41,Put,230.00,-11.28%,3.2,3.32,3.45,3992,1865,2.14,39.34%,40.66%,-0.166316,2026-09-05
PM,182.53,2026-09-11,6,Call,187.50,-2.72%,0.55,0.7,1,724,339,2.14,27.37%,26.56%,0.220646,2026-09-05
INTC,95.8,2026-09-11,6,Put,92.00,-3.97%,1.32,1.4,1.42,1503,703,2.14,61.80%,60.31%,-0.285017,2026-09-05
GME,19.16,2026-09-11,6,Put,19.00,-0.84%,0.58,0.61,0.61,1634,762,2.14,50.51%,68.34%,-0.446924,2026-09-05
CRWV,89.36,2026-09-11,6,Call,98.00,-9.67%,0.89,0.91,0.93,969,454,2.13,76.04%,78.00%,0.192948,2026-09-05
JPM,358.64,2026-09-11,6,Put,347.50,-3.11%,0.43,0.69,0.77,519,245,2.12,24.03%,21.53%,-0.121418,2026-09-05
RIOT,21.8,2026-10-16,41,Call,28.00,-28.44%,0.64,0.73,0.9,571,269,2.12,84.35%,85.95%,0.238695,2026-09-05
LOW,204.45,2026-09-18,13,Put,230.00,+12.50%,24.1,24.8,26.1,604,285,2.12,27.20%,28.16%,-0.991272,2026-09-05
HOOD,122.11,2026-09-11,6,Call,122.00,+0.09%,4,4.08,4.2,965,456,2.12,63.01%,64.24%,0.523671,2026-09-05
GOOGL,338.46,2026-09-11,6,Call,337.50,+0.28%,5.05,5.15,5.35,1062,501,2.12,28.49%,26.64%,0.546336,2026-09-05
MRNA,145.55,2026-09-11,6,Call,150.00,-3.06%,3.2,3.5,3.75,1109,522,2.12,73.72%,71.18%,0.390557,2026-09-05
AVGO,357.89,2026-09-18,13,Call,395.00,-10.37%,1.42,1.45,1.5,1114,525,2.12,37.03%,41.19%,0.111817,2026-09-05
MSFT,499.7,2026-09-11,6,Call,500.00,-0.06%,5.85,5.93,6.15,1991,940,2.12,24.61%,23.60%,0.504355,2026-09-05
MU,1016.59,2026-09-14,9,Call,1000.00,+1.63%,40.3,42,46.15,571,270,2.11,64.65%,53.51%,0.598055,2026-09-05
MU,1016.59,2026-10-02,27,Call,1200.00,-18.04%,21.4,22.65,23.9,1262,598,2.11,64.65%,69.91%,0.222559,2026-09-05
AMD,477.57,2026-09-11,6,Call,470.00,+1.59%,15.9,16.3,16.5,1969,931,2.11,49.79%,48.98%,0.616145,2026-09-05
HOOD,122.11,2026-10-16,41,Put,120.00,-1.73%,8.7,8.9,9,4014,1902,2.11,63.01%,62.45%,-0.419355,2026-09-05
PATH,15.19,2026-09-11,6,Call,15.00,+1.25%,0.55,0.6,0.65,3958,1881,2.1,58.78%,64.04%,0.579901,2026-09-05
GOOGL,338.46,2026-10-09,34,Call,370.00,-9.32%,2.46,2.96,3.3,553,263,2.1,28.49%,29.47%,0.181346,2026-09-05
PG,146.44,2026-09-11,6,Call,149.00,-1.75%,0.33,0.4,0.46,702,335,2.1,18.40%,17.02%,0.218181,2026-09-05
MU,1016.59,2026-09-11,6,Put,890.00,-12.45%,1.54,1.77,1.82,912,434,2.1,64.65%,63.85%,-0.047249,2026-09-05
IREN,44.68,2026-09-11,6,Call,40.50,+9.36%,4.5,4.65,4.75,959,457,2.1,87.42%,82.29%,0.838781,2026-09-05
CRWV,89.36,2026-09-11,6,Call,89.00,+0.40%,3.5,3.55,3.6,1334,634,2.1,76.04%,73.26%,0.538359,2026-09-05
COIN,184.64,2026-09-11,6,Put,180.00,-2.51%,3.7,3.8,3.9,2281,1088,2.1,65.82%,62.95%,-0.358656,2026-09-05
WFC,89.97,2026-09-11,6,Call,93.00,-3.37%,0.13,0.15,0.16,753,360,2.09,27.54%,21.55%,0.119919,2026-09-05
DAL,80.17,2026-09-11,6,Call,80.00,+0.21%,1.25,1.35,1.4,796,380,2.09,38.25%,29.81%,0.534048,2026-09-05
BMNR,24.97,2026-09-11,6,Put,23.50,-5.89%,0.31,0.34,0.36,896,429,2.09,76.42%,71.52%,-0.237882,2026-09-05
AAPL,319.97,2026-09-09,4,Call,320.00,-0.01%,3.8,3.74,3.9,14431,6926,2.08,25.16%,28.50%,0.509504,2026-09-05
MU,1016.59,2026-09-09,4,Put,855.00,-15.90%,0.25,0.27,0.29,501,241,2.08,64.65%,72.48%,-0.010067,2026-09-05
ASTS,62.31,2026-09-11,6,Put,58.00,-6.92%,0.55,0.6,0.65,777,374,2.08,74.93%,68.07%,-0.19182,2026-09-05
AMZN,258.51,2026-09-11,6,Put,242.50,-6.19%,0.22,0.22,0.23,1090,525,2.08,30.40%,31.17%,-0.051148,2026-09-05
INTC,95.8,2026-09-14,9,Call,95.00,+0.84%,3.7,3.8,4,1106,531,2.08,61.80%,56.87%,0.558423,2026-09-05
LITE,881.26,2026-09-11,6,Call,940.00,-6.67%,10.3,10.9,10.9,1253,602,2.08,71.99%,67.71%,0.24411,2026-09-05
LULU,100.61,2026-09-11,6,Put,105.00,+4.36%,4.95,5.2,5.45,1264,607,2.08,41.44%,46.45%,-0.752665,2026-09-05
WMT,107.14,2026-09-11,6,Put,107.00,-0.13%,0.98,1.03,1.05,2121,1018,2.08,22.25%,20.16%,-0.469181,2026-09-05
MSFT,499.7,2026-09-11,6,Put,492.50,-1.44%,2.84,2.8,3.1,554,268,2.07,24.61%,23.48%,-0.304703,2026-09-05
NEM,128.09,2027-03-19,195,Call,160.00,-24.91%,7.7,7.9,8.25,583,282,2.07,42.02%,46.48%,0.330381,2026-09-05
NVDA,230.36,2026-09-16,11,Call,225.00,+2.33%,8.15,8.26,8.5,752,363,2.07,34.41%,32.09%,0.679973,2026-09-05
INTC,95.8,2026-09-18,13,Call,99.00,-3.34%,2.98,3.27,3.5,1109,536,2.07,61.80%,63.11%,0.417909,2026-09-05
CVNA,74.59,2026-09-11,6,Call,76.00,-1.89%,1.36,1.43,1.5,1214,586,2.07,56.18%,53.00%,0.407934,2026-09-05
SMR,9.7,2026-09-11,6,Put,9.50,-2.06%,0.25,0.26,0.29,1867,902,2.07,76.83%,74.05%,-0.392727,2026-09-05
HOOD,122.11,2026-12-18,104,Put,65.00,-46.77%,0.69,0.75,0.94,1991,963,2.07,63.01%,75.05%,-0.035983,2026-09-05
LULU,100.61,2026-10-16,41,Put,100.00,-0.61%,4.9,5.02,5.15,2181,1055,2.07,41.44%,41.09%,-0.445946,2026-09-05
CBRS,210.05,2026-09-11,6,Call,220.00,-4.74%,4.3,4.4,4.7,2576,1244,2.07,76.26%,77.58%,0.341041,2026-09-05
XOM,159.47,2026-09-11,6,Call,167.50,-5.04%,0.2,0.22,0.25,5012,2421,2.07,27.56%,27.76%,0.087239,2026-09-05
SOFI,18.22,2026-09-11,6,Put,18.00,-1.21%,0.31,0.31,0.32,8532,4135,2.06,49.48%,45.34%,-0.402607,2026-09-05
DB,41.33,2026-09-18,13,Call,43.00,-4.04%,0.25,0.32,0.4,700,340,2.06,29.23%,29.29%,0.246153,2026-09-04
TSLA,354.08,2026-09-14,9,Put,360.00,+1.67%,10.95,11.41,11.75,1001,487,2.06,40.37%,36.77%,-0.597813,2026-09-05
SPCX,147.95,2026-09-11,6,Call,147.00,+0.64%,4.25,4.35,4.35,1289,627,2.06,50.41%,49.85%,0.556499,2026-09-05
KMI,31.4,2026-09-11,6,Call,32.00,-1.91%,0.12,0.13,0.15,523,255,2.05,23.74%,22.08%,0.256109,2026-09-05
RKLB,64.26,2026-09-11,6,Put,62.00,-3.52%,0.95,0.95,1.02,614,299,2.05,67.34%,59.42%,-0.303308,2026-09-05
MRNA,145.55,2026-10-16,41,Put,115.00,-20.99%,2.5,2.73,3,934,455,2.05,73.72%,73.20%,-0.136045,2026-09-05
MRVL,223.55,2026-09-11,6,Put,215.00,-3.82%,3.25,3.3,3.4,1394,681,2.05,63.48%,60.64%,-0.292168,2026-09-05
ORCL,158.78,2026-09-11,6,Put,150.00,-5.53%,4.9,5,5.1,1993,973,2.05,70.09%,110.50%,-0.317411,2026-09-05
META,616.77,2026-09-11,6,Call,615.00,+0.29%,11.95,12,12.05,2293,1121,2.05,35.99%,34.67%,0.539424,2026-09-05
INTC,95.8,2026-09-11,6,Put,87.00,-9.19%,0.36,0.37,0.45,2696,1318,2.05,61.80%,62.58%,-0.10621,2026-09-05
HPE,52,2026-10-16,41,Call,55.00,-5.77%,2.61,2.66,2.81,6365,3102,2.05,56.55%,55.71%,0.423618,2026-09-05
SMCI,39.59,2026-09-11,6,Call,41.00,-3.56%,0.9,0.94,0.94,3749,1839,2.04,73.04%,73.46%,0.375176,2026-09-05
TSLA,354.08,2026-09-09,4,Put,360.00,+1.67%,8.95,8.99,9.05,26904,13163,2.04,40.37%,37.78%,-0.652753,2026-09-05
CBRS,210.05,2026-09-11,6,Call,215.00,-2.36%,5.8,6.4,6.4,648,317,2.04,76.26%,76.31%,0.427362,2026-09-05
INTC,95.8,2028-01-21,503,Put,140.00,+46.14%,55.25,56.95,58.25,733,359,2.04,61.80%,64.22%,-0.549464,2026-09-05
NFLX,78.25,2026-09-25,20,Call,79.00,-0.96%,2.09,2.13,2.14,733,359,2.04,35.57%,32.73%,0.475972,2026-09-05
NBIS,226.39,2026-10-02,27,Call,300.00,-32.51%,3.9,4,4.5,894,438,2.04,85.02%,91.19%,0.158569,2026-09-05
PG,146.44,2026-09-11,6,Put,146.00,-0.30%,0.9,1.12,1.15,968,474,2.04,18.40%,16.58%,-0.437556,2026-09-05
AKAM,105.22,2026-09-11,6,Put,95.00,-9.71%,0.05,0.2,0.4,1001,491,2.04,49.15%,54.85%,-0.067315,2026-09-05
GPRO,1.7,2026-10-16,41,Put,2.00,+17.65%,0.55,0.56,0.6,1037,508,2.04,167.66%,169.49%,-0.499007,2026-09-05
NBIS,226.39,2026-09-11,6,Call,215.00,+5.03%,16,16.39,17.25,1047,512,2.04,85.02%,86.99%,0.699877,2026-09-05
XOM,159.47,2026-09-11,6,Call,160.00,-0.33%,1.8,1.92,1.99,1437,704,2.04,27.56%,26.16%,0.469167,2026-09-05
UBER,75.76,2026-09-11,6,Call,79.00,-4.28%,0.31,0.34,0.38,1925,943,2.04,34.99%,35.35%,0.187183,2026-09-05
AAPL,319.97,2026-09-11,6,Put,317.50,-0.77%,3.5,3.62,3.65,2018,988,2.04,25.16%,29.28%,-0.406264,2026-09-05
ACVA,6.98,2026-10-16,41,Call,10.00,-43.27%,0.15,0.17,0.35,3075,1505,2.04,86.57%,106.87%,0.20806,2026-09-05
AEO,17.39,2026-09-11,6,Put,16.50,-5.12%,0.78,0.85,1.14,665,328,2.03,76.58%,157.24%,-0.358548,2026-09-05
CHWY,23.66,2026-12-18,104,Put,30.00,+26.80%,6.85,6.85,7.25,850,419,2.03,61.90%,54.58%,-0.749739,2026-09-05
AVGO,357.89,2026-09-11,6,Put,335.00,-6.40%,0.66,0.69,0.7,1791,882,2.03,37.03%,38.20%,-0.083262,2026-09-05
SPCX,147.95,2026-09-11,6,Call,162.50,-9.83%,0.44,0.46,0.47,2675,1319,2.03,50.41%,54.39%,0.096494,2026-09-05
PINS,20.4,2026-09-11,6,Call,21.00,-2.94%,0.28,0.31,0.32,3935,1941,2.03,43.04%,51.41%,0.345379,2026-09-05
AAPL,319.97,2026-09-11,6,Put,320.00,+0.01%,4.6,4.69,4.8,3945,1939,2.03,25.16%,29.10%,-0.489013,2026-09-05
SKHY,177,2026-09-11,6,Put,165.00,-6.78%,1.5,1.48,1.65,626,310,2.02,64.02%,65.12%,-0.186965,2026-09-05
CBRS,210.05,2026-10-16,41,Call,220.00,-4.74%,17.3,17.8,18.7,917,454,2.02,76.26%,77.71%,0.487424,2026-09-05
DELL,524.14,2026-09-11,6,Put,515.00,-1.74%,11.95,12.01,12.2,1261,623,2.02,62.50%,61.51%,-0.394307,2026-09-05
PL,18.12,2026-10-16,41,Call,22.00,-21.41%,0.55,0.6,0.65,1816,899,2.02,69.89%,72.57%,0.254897,2026-09-05
INTC,95.8,2027-02-19,167,Call,120.00,-25.26%,10.1,10.29,10.4,2037,1006,2.02,61.80%,68.23%,0.410252,2026-09-05
HOOD,122.11,2026-09-11,6,Put,120.00,-1.73%,2.91,2.97,3,2297,1138,2.02,63.01%,63.78%,-0.397373,2026-09-05
TSLA,354.08,2026-09-14,9,Call,400.00,-12.97%,0.52,0.53,0.55,2431,1204,2.02,40.37%,46.14%,0.051066,2026-09-05
PL,18.12,2026-09-11,6,Call,18.50,-2.10%,0.5,0.53,0.55,773,384,2.01,69.89%,74.15%,0.434656,2026-09-05
CLS,312.35,2026-09-18,13,Call,320.00,-2.45%,10.1,11.15,13.7,775,386,2.01,62.17%,64.13%,0.448775,2026-09-05
AKAM,105.22,2026-09-11,6,Call,115.00,-9.29%,0.15,0.36,0.5,1012,504,2.01,49.15%,52.34%,0.099913,2026-09-05
GLW,154.3,2026-09-11,6,Put,140.00,-9.27%,0.46,0.62,0.62,1041,517,2.01,59.37%,59.76%,-0.094498,2026-09-05
RIVN,15.74,2026-09-11,6,Call,15.50,+1.52%,0.51,0.56,0.57,1542,768,2.01,53.90%,50.49%,0.609871,2026-09-05
AVGO,357.89,2026-09-09,4,Put,340.00,-5.00%,0.38,0.43,0.45,1571,781,2.01,37.03%,34.14%,-0.071947,2026-09-05
MARA,11.31,2026-09-11,6,Call,12.50,-10.52%,0.14,0.15,0.15,7671,3817,2.01,83.23%,89.40%,0.208852,2026-09-05
NVDA,230.36,2026-09-11,6,Put,225.00,-2.33%,1.8,1.88,1.92,12960,6458,2.01,34.41%,34.49%,-0.28607,2026-09-05
HPQ,32.64,2027-01-15,132,Call,35.00,-7.23%,2.75,2.65,3.2,7975,3993,2,46.01%,50.37%,0.464687,2026-09-05
MU,1016.59,2026-09-11,6,Call,930.00,+8.52%,89.15,90.4,95,755,378,2,64.65%,61.70%,0.879499,2026-09-05
GOOG,335.31,2026-09-11,6,Call,342.50,-2.14%,1.77,1.97,2.07,825,413,2,28.80%,26.53%,0.277403,2026-09-05
VRNS,46.09,2026-09-18,13,Call,45.00,+2.36%,1.75,3.4,3.5,2257,1127,2,53.74%,58.36%,0.611853,2026-09-05
BMNR,24.97,2026-09-11,6,Call,31.00,-24.15%,0,0.11,0.2,2626,1311,2,76.42%,108.33%,0.068908,2026-09-05
MARA,11.31,2026-09-18,13,Put,10.50,-7.16%,0.33,0.36,0.37,2759,1378,2,83.23%,83.48%,-0.288546,2026-09-05
SPCX,147.95,2026-09-11,6,Call,140.00,+5.37%,9,9.08,9.15,3313,1660,2,50.41%,51.28%,0.811149,2026-09-05
KTOS,47.82,2026-09-18,13,Call,50.00,-4.56%,1.15,1.16,1.4,505,254,1.99,58.85%,59.03%,0.369593,2026-09-05
BA,212.25,2026-09-11,6,Put,207.50,-2.24%,1,1.1,1.17,515,259,1.99,30.12%,26.57%,-0.247861,2026-09-05
CPB,21.38,2026-09-18,13,Put,25.00,+16.93%,2.8,3.5,3.8,701,353,1.99,36.56%,38.38%,-0.98136,2026-09-05
MSTR,142.8,2026-09-18,13,Put,118.00,-17.37%,0.69,0.73,0.83,731,368,1.99,75.03%,75.52%,-0.07807,2026-09-05
BA,212.25,2026-09-11,6,Put,210.00,-1.06%,1.8,1.84,1.95,1091,549,1.99,30.12%,26.48%,-0.370429,2026-09-05
IREN,44.68,2026-09-11,6,Call,42.50,+4.88%,3.05,3.15,3.15,1483,744,1.99,87.42%,80.13%,0.706837,2026-09-05
RARE,15.3,2026-10-16,41,Call,15.00,+1.96%,1.35,1.47,1.6,1577,792,1.99,59.42%,63.73%,0.586688,2026-09-05
KEEL,3.47,2026-09-18,13,Call,3.50,-0.86%,0.19,0.24,0.24,9287,4675,1.99,101.50%,86.87%,0.514891,2026-09-05
AAPL,319.97,2026-09-09,4,Call,332.50,-3.92%,0.55,0.56,0.56,9341,4703,1.99,25.16%,29.91%,0.1151,2026-09-05
AMZN,258.51,2026-09-11,6,Call,265.00,-2.51%,1.5,1.52,1.6,18127,9094,1.99,30.40%,29.38%,0.266385,2026-09-05
NVDA,230.36,2026-09-11,6,Call,245.00,-6.36%,0.35,0.35,0.37,15267,7704,1.98,34.41%,33.59%,0.081187,2026-09-05
SMCI,39.59,2026-09-18,13,Call,42.00,-6.09%,1.24,1.26,1.35,15546,7842,1.98,73.04%,74.43%,0.366437,2026-09-05
CLSK,12.69,2026-09-25,20,Call,12.00,+5.44%,1.01,1.26,1.43,506,255,1.98,82.33%,70.76%,0.667282,2026-09-05
GOOGL,338.46,2026-09-11,6,Call,332.50,+1.76%,7.95,8.28,8.55,523,264,1.98,28.49%,26.42%,0.711532,2026-09-05
AMD,477.57,2026-09-09,4,Put,472.50,-1.06%,6.45,6.62,6.75,639,322,1.98,49.79%,45.26%,-0.39897,2026-09-05
GOOG,335.31,2026-09-11,6,Call,337.50,-0.65%,3.5,3.75,3.7,646,326,1.98,28.80%,26.35%,0.436625,2026-09-05
MU,1016.59,2026-09-11,6,Put,940.00,-7.53%,5.7,6,6.1,817,412,1.98,64.65%,59.78%,-0.142902,2026-09-05
RUN,8.89,2026-09-11,6,Call,9.00,-1.24%,0.2,0.21,0.23,1151,580,1.98,67.49%,57.74%,0.451818,2026-09-05
AAPL,319.97,2026-10-02,27,Call,325.00,-1.57%,6.7,6.7,6.9,1536,776,1.98,25.16%,25.07%,0.436729,2026-09-05
SNOW,337.18,2026-09-11,6,Put,340.00,+0.84%,8,8.2,9.1,1742,880,1.98,43.58%,41.30%,-0.548704,2026-09-05
META,616.77,2026-09-11,6,Call,650.00,-5.39%,1.94,2,2.01,2777,1405,1.98,35.99%,36.39%,0.137899,2026-09-05
BE,252.87,2026-09-11,6,Put,215.00,-14.98%,1.6,1.64,1.74,539,274,1.97,90.84%,104.03%,-0.099009,2026-09-05
VRT,280.53,2026-09-11,6,Call,290.00,-3.38%,4.2,4.6,5.35,562,285,1.97,55.27%,59.26%,0.34775,2026-09-05
NAVN,27.78,2026-10-16,41,Call,30.00,-7.99%,2.1,2.2,2.4,610,310,1.97,85.50%,83.03%,0.451375,2026-09-05
CPNG,15.29,2027-02-19,167,Call,17.00,-11.18%,1.31,1.4,1.73,700,355,1.97,43.13%,50.16%,0.463749,2026-09-05
FUBO,11.25,2026-09-11,6,Call,11.00,+2.22%,0.47,0.57,0.77,935,475,1.97,76.51%,84.58%,0.605262,2026-09-05
CHPT,9.89,2026-09-18,13,Call,12.00,-21.33%,0.3,0.31,0.35,1269,644,1.97,104.74%,129.27%,0.252862,2026-09-05
CVS,96.74,2026-09-11,6,Call,98.00,-1.30%,0.6,0.81,0.86,2096,1066,1.97,27.97%,25.22%,0.35204,2026-09-05
BE,252.87,2026-09-11,6,Put,200.00,-20.91%,0.31,0.5,0.77,2474,1255,1.97,90.84%,106.82%,-0.037119,2026-09-05
SPCX,147.95,2026-09-11,6,Call,148.00,-0.03%,3.75,3.77,3.8,3205,1625,1.97,50.41%,49.65%,0.514316,2026-09-05
NVDA,230.36,2026-09-25,20,Call,275.00,-19.38%,0.18,0.21,0.22,8784,4455,1.97,34.41%,37.85%,0.0265,2026-09-05
EQNR,42.09,2026-09-18,13,Put,40.00,-4.97%,0.2,0.45,0.45,5008,2550,1.96,36.37%,34.32%,-0.205387,2026-09-05
NVDA,230.36,2026-09-11,6,Call,250.00,-8.53%,0.19,0.19,0.2,23207,11830,1.96,34.41%,36.77%,0.044497,2026-09-05
QCOM,168.74,2026-09-11,6,Put,160.00,-5.18%,0.64,0.69,0.72,503,256,1.96,41.94%,40.65%,-0.146612,2026-09-05
ASTS,62.31,2026-09-11,6,Call,67.00,-7.53%,0.76,0.78,0.91,1021,520,1.96,74.93%,75.75%,0.244271,2026-09-05
BABA,113.24,2026-09-11,6,Call,113.00,+0.21%,2.23,2.3,2.44,2352,1203,1.96,41.64%,38.26%,0.526839,2026-09-05
AMBA,62.89,2026-10-16,41,Put,60.00,-4.60%,2.15,6,10.7,615,316,1.95,103.14%,96.56%,-0.375466,2026-09-05
BRK.B,506.03,2026-09-11,6,Call,512.50,-1.28%,0.86,0.92,1.13,958,492,1.95,13.99%,12.17%,0.221067,2026-09-05
AMZN,258.51,2026-10-02,27,Call,260.00,-0.58%,7.85,8,8.15,1594,818,1.95,30.40%,29.88%,0.501172,2026-09-05
MSFT,499.7,2026-09-11,6,Call,515.00,-3.06%,1.33,1.4,1.6,1629,835,1.95,24.61%,24.46%,0.175897,2026-09-05
IREN,44.68,2026-09-11,6,Call,44.00,+1.52%,2.21,2.23,2.27,5065,2592,1.95,87.42%,82.33%,0.580724,2026-09-05
INTC,95.8,2026-09-11,6,Call,100.00,-4.38%,1.55,1.56,1.58,22676,11610,1.95,61.80%,64.43%,0.31842,2026-09-05
NVDA,230.36,2026-10-09,34,Call,250.00,-8.53%,3,3.05,3.1,7344,3795,1.94,34.41%,33.28%,0.234176,2026-09-05
KLAC,185.6,2026-09-18,13,Call,186.00,-0.22%,7,8.04,8.8,794,409,1.94,57.12%,57.23%,0.517619,2026-09-05
GOOGL,338.46,2026-09-11,6,Put,327.50,-3.24%,0.96,1,1.05,918,472,1.94,28.49%,26.82%,-0.161284,2026-09-05
RIOT,21.8,2026-09-11,6,Call,24.00,-10.09%,0.26,0.28,0.29,1048,541,1.94,84.35%,86.76%,0.210861,2026-09-05
SKHY,177,2027-01-15,132,Call,205.00,-15.82%,18.55,19.45,19.75,1180,607,1.94,64.02%,66.66%,0.447794,2026-09-05
CVNA,74.59,2026-09-11,6,Call,78.00,-4.57%,0.8,0.85,0.85,1326,685,1.94,56.18%,53.60%,0.271745,2026-09-05
IREN,44.68,2026-09-11,6,Call,43.50,+2.64%,2.47,2.53,2.56,1481,764,1.94,87.42%,82.10%,0.622716,2026-09-05
ASTS,62.31,2026-09-11,6,Call,75.00,-20.37%,0.15,0.16,0.17,1922,989,1.94,74.93%,87.58%,0.055993,2026-09-05
CHPT,9.89,2026-09-18,13,Call,10.00,-1.11%,0.75,0.89,0.9,2782,1435,1.94,104.74%,116.87%,0.526303,2026-09-05
META,616.77,2026-09-11,6,Call,620.00,-0.52%,9.5,9.57,9.7,3167,1635,1.94,35.99%,34.75%,0.466965,2026-09-05
DELL,524.14,2026-09-18,13,Put,500.00,-4.61%,13.1,13.2,13.3,788,408,1.93,62.50%,61.02%,-0.317212,2026-09-05
LULU,100.61,2026-09-25,20,Put,100.00,-0.61%,3.4,3.6,3.65,802,416,1.93,41.44%,41.74%,-0.449398,2026-09-05
FLY,21.67,2026-10-16,41,Put,20.00,-7.71%,1.3,1.45,1.65,1001,518,1.93,79.39%,80.84%,-0.328463,2026-09-05
RKLB,64.26,2026-09-11,6,Call,64.00,+0.40%,2,2.14,2.19,1222,633,1.93,67.34%,59.25%,0.539517,2026-09-05
CHPT,9.89,2026-09-18,13,Put,9.00,-9.00%,0.4,0.49,0.55,2451,1270,1.93,104.74%,120.01%,-0.296485,2026-09-05
PLTR,174.33,2026-09-11,6,Put,177.50,+1.82%,5.7,5.8,5.8,2577,1332,1.93,46.80%,44.74%,-0.609544,2026-09-05
AAPL,319.97,2026-09-11,6,Put,310.00,-3.12%,1.34,1.35,1.41,6486,3365,1.93,25.16%,30.08%,-0.196908,2026-09-05
GPRO,1.7,2026-09-18,13,Call,2.00,-17.65%,0.2,0.2,0.25,61485,31789,1.93,167.66%,257.41%,0.464517,2026-09-05
TSLA,354.08,2026-09-11,6,Call,385.00,-8.73%,0.74,0.75,0.76,4619,2409,1.92,40.37%,45.54%,0.081581,2026-09-05
GOOGL,338.46,2026-09-09,4,Call,350.00,-3.41%,0.38,0.41,0.43,5074,2643,1.92,28.49%,24.45%,0.099797,2026-09-05
NVDA,230.36,2026-09-11,6,Call,255.00,-10.70%,0.12,0.13,0.13,9701,5049,1.92,34.41%,40.60%,0.027685,2026-09-05
NVDA,230.36,2026-09-11,6,Call,232.50,-0.93%,2.75,2.82,2.89,47989,25020,1.92,34.41%,31.63%,0.42274,2026-09-05
SPCX,147.95,2028-01-21,503,Call,205.00,-38.56%,23.9,24.96,25.15,1003,522,1.92,50.41%,55.91%,0.466703,2026-09-05
CCL,23.51,2026-12-18,104,Call,24.00,-2.08%,2,2.11,2.22,1531,798,1.92,44.11%,46.05%,0.518023,2026-09-05
NVDA,230.36,2026-09-14,9,Put,225.00,-2.33%,2.09,2.35,2.35,1879,980,1.92,34.41%,31.19%,-0.301788,2026-09-05
XOM,159.47,2026-09-11,6,Call,165.00,-3.47%,0.42,0.46,0.5,2369,1235,1.92,27.56%,26.49%,0.163063,2026-09-05
CRWV,89.36,2026-09-18,13,Call,87.00,+2.64%,6.15,6.3,6.4,635,332,1.91,76.04%,74.54%,0.606354,2026-09-05
GOOG,335.31,2026-09-25,20,Call,340.00,-1.40%,6.8,6.92,7.15,2927,1535,1.91,28.80%,28.13%,0.440309,2026-09-05
PATH,15.19,2026-09-11,6,Put,15.00,-1.25%,0.32,0.33,0.38,3390,1778,1.91,58.78%,57.27%,-0.414919,2026-09-05
U,41.66,2026-09-18,13,Call,43.00,-3.22%,0.78,1.1,1.2,832,437,1.9,52.41%,48.63%,0.387816,2026-09-05
AVGO,357.89,2026-09-11,6,Call,355.00,+0.81%,8.2,8.56,8.8,1553,817,1.9,37.03%,37.64%,0.58011,2026-09-05
SKHY,177,2026-09-11,6,Call,185.00,-4.52%,3,3.2,3.2,2075,1090,1.9,64.02%,67.79%,0.323349,2026-09-05
INTC,95.8,2026-09-11,6,Put,86.00,-10.23%,0.27,0.27,0.32,2435,1284,1.9,61.80%,62.47%,-0.081747,2026-09-05
XYZ,82.76,2026-09-11,6,Call,88.00,-6.33%,0.22,0.25,0.29,2603,1368,1.9,39.55%,40.10%,0.123653,2026-09-05
UBER,75.76,2026-09-11,6,Call,76.00,-0.32%,1.19,1.23,1.35,3065,1610,1.9,34.99%,35.19%,0.486305,2026-09-05
RKT,14.06,2026-09-11,6,Call,15.00,-6.69%,0.1,0.11,0.12,14316,7541,1.9,50.05%,56.80%,0.199294,2026-09-05
TSLA,354.08,2026-09-18,13,Call,365.00,-3.08%,6.45,6.5,6.55,5745,3033,1.89,40.37%,40.45%,0.365869,2026-09-05
MRNA,145.55,2026-10-16,41,Call,190.00,-30.54%,3.3,3.75,4.85,754,399,1.89,73.72%,81.71%,0.205771,2026-09-05
RKLB,64.26,2026-09-11,6,Call,69.00,-7.38%,0.54,0.57,0.59,805,427,1.89,67.34%,62.95%,0.202081,2026-09-05
BA,212.25,2026-09-11,6,Call,222.50,-4.83%,0.37,0.36,0.41,845,446,1.89,30.12%,28.95%,0.10507,2026-09-05
ZS,169.8,2026-09-11,6,Put,160.00,-5.77%,1.1,1.3,1.28,884,468,1.89,50.54%,53.53%,-0.181821,2026-09-05
IONQ,39.52,2026-09-11,6,Call,44.00,-11.34%,0.39,0.42,0.45,956,505,1.89,74.37%,87.04%,0.183722,2026-09-05
TSLA,354.08,2026-09-18,13,Put,352.50,-0.45%,9.6,9.66,9.7,1927,1018,1.89,40.37%,39.92%,-0.455962,2026-09-05
NVDA,230.36,2026-10-16,41,Put,240.00,+4.18%,15.6,15.77,15.9,1934,1025,1.89,34.41%,34.14%,-0.611131,2026-09-05
XYZ,82.76,2026-09-11,6,Call,85.00,-2.71%,0.76,0.76,0.93,2645,1400,1.89,39.55%,40.18%,0.31519,2026-09-05
MSTR,142.8,2026-09-11,6,Put,120.00,-15.97%,0.23,0.25,0.28,3337,1766,1.89,75.03%,80.66%,-0.040998,2026-09-05
NFLX,78.25,2026-10-02,27,Put,74.00,-5.43%,0.99,1.03,1.06,505,268,1.88,35.57%,32.46%,-0.241005,2026-09-05
TSM,428.91,2026-09-18,13,Call,455.00,-6.08%,2.21,2.32,2.43,627,334,1.88,34.15%,31.65%,0.173227,2026-09-05
GOOG,335.31,2026-09-11,6,Put,322.50,-3.82%,0.72,0.73,0.8,643,342,1.88,28.80%,27.44%,-0.127302,2026-09-05
CRWV,89.36,2026-09-11,6,Call,96.00,-7.43%,1.22,1.23,1.27,832,443,1.88,76.04%,76.55%,0.249751,2026-09-05
UNH,397.14,2026-09-11,6,Call,410.00,-3.24%,1.5,1.65,1.83,1251,667,1.88,32.03%,29.14%,0.203568,2026-09-05
DKNG,24.01,2026-10-16,41,Call,22.50,+6.29%,2.51,2.58,2.64,2057,1092,1.88,50.59%,53.29%,0.683094,2026-09-05
TSLA,354.08,2026-09-11,6,Put,340.00,-3.98%,2.05,2.07,2.08,6854,3639,1.88,40.37%,39.48%,-0.201168,2026-09-05
NVDA,230.36,2026-09-25,20,Call,280.00,-21.55%,0.14,0.15,0.16,7024,3757,1.87,34.41%,39.30%,0.019873,2026-09-05
INTC,95.8,2026-09-14,9,Call,110.00,-14.82%,0.22,0.41,0.5,525,281,1.87,61.80%,62.14%,0.086919,2026-09-05
TSLA,354.08,2026-10-09,34,Put,350.00,-1.15%,14.65,14.7,14.9,667,357,1.87,40.37%,40.26%,-0.429594,2026-09-05
APP,320.56,2026-09-11,6,Call,340.00,-6.06%,2.25,2.4,2.75,861,461,1.87,56.22%,53.58%,0.207797,2026-09-05
IREN,44.68,2026-09-11,6,Put,42.00,-6.00%,0.75,0.77,0.81,1264,677,1.87,87.42%,82.24%,-0.259657,2026-09-05
CCL,23.51,2026-12-18,104,Put,24.00,+2.08%,2.42,2.44,2.48,1507,807,1.87,44.11%,44.69%,-0.480079,2026-09-05
WOR,62.49,2026-09-18,13,Call,65.00,-4.02%,0.45,0.5,1.05,592,319,1.86,38.14%,35.52%,0.294077,2026-09-05
ARM,252.09,2027-01-15,132,Call,330.00,-30.91%,19.2,18.8,21.95,768,412,1.86,64.23%,71.24%,0.351247,2026-09-05
META,616.77,2026-09-09,4,Put,585.00,-5.15%,0.5,0.53,0.52,778,418,1.86,35.99%,32.41%,-0.056427,2026-09-05
TSLA,354.08,2026-09-14,9,Call,350.00,+1.15%,10.1,10.1,10.35,893,480,1.86,40.37%,35.54%,0.599342,2026-09-05
ASTS,62.31,2026-09-11,6,Call,66.00,-5.92%,0.79,0.97,1.27,912,491,1.86,74.93%,74.18%,0.29075,2026-09-05
TSLA,354.08,2026-09-14,9,Call,385.00,-8.73%,1.04,1.08,1.1,1092,588,1.86,40.37%,40.57%,0.102337,2026-09-05
MSFT,499.7,2026-09-09,4,Put,500.00,+0.06%,3.7,4.34,4.55,1915,1030,1.86,24.61%,19.38%,-0.502856,2026-09-05
PLTR,174.33,2026-09-11,6,Put,172.50,-1.05%,3.05,3.1,3.2,4008,2156,1.86,46.80%,45.26%,-0.41317,2026-09-05
TSLA,354.08,2026-09-11,6,Call,380.00,-7.32%,1.02,1.02,1.03,10165,5451,1.86,40.37%,43.54%,0.109904,2026-09-05
MCD,255.69,2026-09-11,6,Put,250.00,-2.23%,0.45,0.5,0.7,522,282,1.85,20.58%,18.86%,-0.171635,2026-09-05
STX,849.28,2026-09-11,6,Call,900.00,-5.97%,12.4,12.6,13,629,340,1.85,69.78%,70.89%,0.278599,2026-09-05
COIN,184.64,2026-09-11,6,Put,182.50,-1.16%,4.8,5,5.05,630,340,1.85,65.82%,63.69%,-0.424794,2026-09-05
AAPL,319.97,2026-09-11,6,Put,295.00,-7.80%,0.18,0.19,0.2,1736,937,1.85,25.16%,35.12%,-0.033038,2026-09-05
IREN,44.68,2027-06-17,285,Call,70.00,-56.67%,8.45,8.4,9.05,3347,1811,1.85,87.42%,94.84%,0.468286,2026-09-05
HL,20.68,2026-09-11,6,Put,21.00,+1.55%,0.74,0.8,0.98,513,279,1.84,64.37%,65.18%,-0.55434,2026-09-05
TSLA,354.08,2026-10-02,27,Call,435.00,-22.85%,1.28,1.33,1.33,579,315,1.84,40.37%,47.91%,0.067599,2026-09-05
PAGP,27.89,2026-09-18,13,Put,27.00,-3.19%,0,0.2,0.15,591,322,1.84,18.70%,16.99%,-0.157537,2026-09-04
FCX,72.73,2026-09-11,6,Call,75.00,-3.12%,0.66,0.72,0.77,680,370,1.84,45.98%,42.07%,0.296529,2026-09-05
CRWD,213.1,2026-09-11,6,Call,215.00,-0.89%,4.35,4.45,4.55,1080,587,1.84,50.77%,48.33%,0.459116,2026-09-05
ARM,252.09,2026-09-11,6,Call,260.00,-3.14%,4.95,5.3,5.5,1389,753,1.84,64.23%,65.32%,0.374497,2026-09-05
COIN,184.64,2026-11-20,76,Put,165.00,-10.64%,12.6,13.25,13.85,1455,792,1.84,65.82%,69.95%,-0.297444,2026-09-05
NVDA,230.36,2026-09-11,6,Put,227.50,-1.24%,2.67,2.69,2.75,9415,5118,1.84,34.41%,34.35%,-0.376059,2026-09-05
PRCH,17.94,2027-01-15,132,Call,30.00,-67.22%,0.3,0.4,0.5,566,310,1.83,56.15%,64.05%,0.13431,2026-09-05
MRVL,223.55,2026-09-11,6,Put,212.50,-4.94%,2.46,2.6,2.68,574,314,1.83,63.48%,60.39%,-0.241913,2026-09-05
SKHY,177,2026-09-11,6,Call,167.50,+5.37%,11.65,12,12.15,703,385,1.83,64.02%,67.01%,0.755565,2026-09-05
RBLX,43.31,2026-09-11,6,Call,43.00,+0.72%,1.34,1.46,1.5,878,479,1.83,60.51%,56.43%,0.55714,2026-09-05
GOOGL,338.46,2026-09-18,13,Put,327.50,-3.24%,2.56,2.65,2.68,1078,588,1.83,28.49%,27.31%,-0.24666,2026-09-05
CRWD,213.1,2026-10-16,41,Put,170.00,-20.23%,1.5,1.61,1.67,2161,1180,1.83,50.77%,53.29%,-0.084451,2026-09-05
ASPI,4.2,2026-09-18,13,Call,4.00,+4.76%,0.3,0.35,0.4,2478,1351,1.83,91.60%,75.68%,0.66354,2026-09-05
CRWV,89.36,2026-09-11,6,Call,95.00,-6.31%,1.44,1.46,1.48,3156,1726,1.83,76.04%,76.01%,0.283242,2026-09-05
PATH,15.19,2026-09-11,6,Call,16.50,-8.62%,0.1,0.16,0.22,860,472,1.82,58.78%,73.92%,0.206319,2026-09-05
DVN,48.06,2026-09-18,13,Put,47.00,-2.21%,0.74,0.8,0.86,1036,568,1.82,33.28%,35.40%,-0.354729,2026-09-05
MO,68.88,2026-09-11,6,Put,68.00,-1.28%,0.29,0.39,0.4,1365,748,1.82,23.47%,19.70%,-0.305966,2026-09-05
CRWV,89.36,2026-09-11,6,Call,90.00,-0.72%,3.05,3.1,3.15,6761,3712,1.82,76.04%,73.85%,0.491327,2026-09-05
NTR,79.47,2027-01-15,132,Call,95.00,-19.54%,1.85,1.95,2,4138,2287,1.81,31.09%,34.08%,0.224762,2026-09-05
QXO,13.35,2026-10-16,41,Put,11.00,-17.60%,0.15,0.2,0.3,15015,8279,1.81,55.38%,61.58%,-0.144704,2026-09-05
AFRM,72.35,2026-09-11,6,Call,81.00,-11.96%,0.04,0.13,0.15,718,396,1.81,51.73%,51.81%,0.048661,2026-09-05
AVGO,357.89,2026-09-09,4,Call,372.50,-4.08%,1,1.06,1.08,952,527,1.81,37.03%,36.05%,0.150899,2026-09-05
ASTS,62.31,2026-09-11,6,Call,64.00,-2.71%,1.47,1.68,1.72,1034,571,1.81,74.93%,72.13%,0.406433,2026-09-05
SOLS,63.73,2026-10-16,41,Call,70.00,-9.84%,1.35,1.75,2.1,1090,603,1.81,50.48%,45.37%,0.30231,2026-09-05
MU,1016.59,2026-10-16,41,Put,960.00,-5.57%,55.45,60.4,62.4,1490,821,1.81,64.65%,65.07%,-0.349368,2026-09-05
LULU,100.61,2026-09-18,13,Call,115.00,-14.30%,0.25,0.28,0.32,2032,1125,1.81,41.44%,47.03%,0.073925,2026-09-05
BE,252.87,2026-09-11,6,Call,320.00,-26.55%,1.43,1.45,1.47,507,281,1.8,90.84%,125.16%,0.083289,2026-09-05
TSLA,354.08,2026-10-09,34,Call,400.00,-12.97%,4.75,4.9,4.9,627,349,1.8,40.37%,42.69%,0.19922,2026-09-05
OKLO,41.27,2026-09-11,6,Call,44.00,-6.61%,0.59,0.59,0.65,722,402,1.8,74.35%,74.68%,0.269282,2026-09-05
MSTR,142.8,2026-09-25,20,Put,140.00,-1.96%,7.95,8.3,8.4,759,421,1.8,75.03%,73.02%,-0.416537,2026-09-05
TLRY,4.5,2026-09-11,6,Put,4.50,+0.00%,0.12,0.14,0.14,760,422,1.8,72.24%,57.02%,-0.482822,2026-09-05
CDE,21.24,2026-09-11,6,Call,22.00,-3.58%,0.3,0.38,0.45,765,425,1.8,64.80%,62.00%,0.346072,2026-09-05
ADBE,266.51,2026-09-11,6,Call,265.00,+0.57%,11.2,11.6,12.15,885,493,1.8,51.99%,79.67%,0.544792,2026-09-05
NVDA,230.36,2026-09-16,11,Put,225.00,-2.33%,2.66,3.1,3.25,1010,562,1.8,34.41%,33.47%,-0.326873,2026-09-05
NVDA,230.36,2026-10-09,34,Put,220.00,-4.50%,5.05,5.1,5.2,1581,878,1.8,34.41%,35.20%,-0.306324,2026-09-05
DKNG,24.01,2026-09-11,6,Call,26.00,-8.29%,0.1,0.12,0.12,1586,879,1.8,50.59%,54.12%,0.134704,2026-09-05
CCL,23.51,2026-09-11,6,Put,24.00,+2.08%,0.69,0.77,0.85,1846,1027,1.8,44.11%,40.27%,-0.644593,2026-09-05
MSFT,499.7,2026-09-11,6,Call,510.00,-2.06%,2.27,2.34,2.4,2769,1537,1.8,24.61%,23.58%,0.259753,2026-09-05
CBRS,210.05,2026-09-11,6,Put,200.00,-4.78%,3.4,3.59,3.9,563,315,1.79,76.26%,73.34%,-0.282978,2026-09-05
TSLA,354.08,2026-09-25,20,Put,360.00,+1.67%,16.05,16.25,16.35,713,399,1.79,40.37%,40.17%,-0.545533,2026-09-05
AAPL,319.97,2026-09-11,6,Call,317.50,+0.77%,6.05,6.1,6.35,1371,767,1.79,25.16%,29.23%,0.594806,2026-09-05
ORCL,158.78,2026-09-11,6,Call,202.50,-27.53%,0.89,0.9,0.93,1405,787,1.79,70.09%,128.29%,0.08163,2026-09-05
MU,1016.59,2026-09-11,6,Call,975.00,+4.09%,54.1,55.05,56.75,948,532,1.78,64.65%,58.36%,0.726932,2026-09-05
RBLX,43.31,2026-12-18,104,Put,42.50,-1.87%,5.4,5.56,6.4,1053,591,1.78,60.51%,71.76%,-0.396762,2026-09-05
ECHO,89.8,2026-09-18,13,Put,110.00,+22.49%,18.2,20.9,22.2,1144,642,1.78,43.90%,85.35%,-0.881871,2026-09-05
NIO,3.8,2026-10-09,34,Call,4.00,-5.26%,0.15,0.16,0.16,1633,918,1.78,51.10%,49.96%,0.406114,2026-09-05
GFS,45.21,2026-09-18,13,Call,50.00,-10.60%,0.35,0.45,0.45,2375,1337,1.78,50.88%,53.12%,0.172175,2026-09-05
MFIN,12.22,2026-11-20,76,Call,12.50,-2.29%,0.5,0.56,0.65,602,340,1.77,70.02%,31.94%,0.460253,2026-09-05
KLAC,185.6,2027-03-19,195,Call,250.00,-34.70%,13.5,15.1,15.8,820,462,1.77,57.12%,60.03%,0.337465,2026-09-05
AVGO,357.89,2026-09-11,6,Put,342.50,-4.30%,1.52,1.58,1.72,875,495,1.77,37.03%,37.52%,-0.171769,2026-09-05
CLSK,12.69,2026-09-11,6,Put,12.00,-5.44%,0.21,0.23,0.24,889,501,1.77,82.33%,78.89%,-0.2714,2026-09-05
META,616.77,2026-09-09,4,Call,645.00,-4.58%,0.96,1,1.01,904,512,1.77,35.99%,32.66%,0.100021,2026-09-05
WDC,467.46,2027-01-15,132,Call,540.00,-15.52%,56.6,57.05,60.25,945,533,1.77,69.93%,73.42%,0.469665,2026-09-05
TSM,428.91,2026-09-11,6,Call,470.00,-9.58%,0.13,0.17,0.2,1141,645,1.77,34.15%,35.21%,0.023117,2026-09-05
ABBV,256.46,2026-12-18,104,Put,240.00,-6.42%,7.4,8.5,9.75,1561,881,1.77,26.10%,29.89%,-0.302071,2026-09-05
WULF,16.51,2026-09-11,6,Call,18.00,-9.02%,0.21,0.23,0.25,2616,1481,1.77,81.57%,86.85%,0.227732,2026-09-05
AVGO,357.89,2026-09-11,6,Call,375.00,-4.78%,1.85,1.87,1.96,2781,1570,1.77,37.03%,40.18%,0.191771,2026-09-05
NVDA,230.36,2026-10-16,41,Put,230.00,-0.16%,10,10.1,10.2,11830,6669,1.77,34.41%,34.64%,-0.461931,2026-09-05
AMZN,258.51,2026-09-11,6,Call,260.00,-0.58%,3.15,3.16,3.25,9168,5195,1.76,30.40%,28.90%,0.452038,2026-09-05
NKE,38.4,2026-09-18,13,Call,40.00,-4.17%,0.35,0.35,0.4,23068,13124,1.76,41.86%,33.07%,0.265372,2026-09-05
TSLA,354.08,2026-10-09,34,Put,320.00,-9.62%,4.6,4.65,4.7,507,288,1.76,40.37%,40.64%,-0.183334,2026-09-05
VZ,50.14,2026-09-25,20,Put,50.00,-0.28%,0.73,0.77,1.06,507,288,1.76,22.74%,20.13%,-0.474128,2026-09-05
MU,1016.59,2026-09-11,6,Put,930.00,-8.52%,4.35,4.4,4.75,773,440,1.76,64.65%,60.16%,-0.115107,2026-09-05
IBM,234.77,2026-09-11,6,Call,250.00,-6.43%,0.27,0.3,0.3,1040,590,1.76,31.03%,32.11%,0.068008,2026-09-05
ADBE,266.51,2026-09-11,6,Call,300.00,-12.57%,1.8,1.89,1.96,1140,646,1.76,51.99%,80.99%,0.139531,2026-09-05
FIG,24.12,2026-09-11,6,Put,23.50,-2.57%,0.42,0.54,0.59,1412,802,1.76,70.48%,64.16%,-0.357956,2026-09-05
HOOD,122.11,2026-09-11,6,Put,123.00,+0.73%,4.4,4.45,4.55,1470,836,1.76,63.01%,64.63%,-0.516192,2026-09-05
AMZN,258.51,2026-09-11,6,Call,252.50,+2.32%,7.4,8.15,7.8,1557,885,1.76,30.40%,28.63%,0.750336,2026-09-05
AAPL,319.97,2026-09-18,13,Call,322.50,-0.79%,5.3,5.31,5.5,1636,929,1.76,25.16%,26.56%,0.456674,2026-09-05
IOT,40.2,2026-10-16,41,Call,48.00,-19.40%,0.45,0.6,1,531,303,1.75,51.23%,54.26%,0.194511,2026-09-05
GLW,154.3,2026-09-11,6,Put,150.00,-2.79%,2.49,2.65,2.75,632,361,1.75,59.37%,57.44%,-0.334924,2026-09-05
TGT,164.44,2026-09-11,6,Call,170.00,-3.38%,0.33,0.42,0.49,643,367,1.75,29.22%,24.82%,0.152715,2026-09-05
META,616.77,2026-09-11,6,Call,622.50,-0.93%,8.45,8.65,8.6,687,393,1.75,35.99%,34.76%,0.43126,2026-09-05
ZETA,31.35,2026-09-11,6,Call,33.00,-5.26%,0.33,0.33,0.39,793,452,1.75,59.49%,58.60%,0.261962,2026-09-05
ADBE,266.51,2027-03-19,195,Call,360.00,-35.08%,10.95,11.85,12.15,818,467,1.75,51.99%,45.89%,0.252789,2026-09-05
GOOGL,338.46,2026-09-18,13,Put,322.50,-4.72%,1.51,1.53,1.79,914,521,1.75,28.49%,28.05%,-0.168656,2026-09-05
RARE,15.3,2026-10-16,41,Call,17.50,-14.38%,0.1,0.59,0.6,1099,627,1.75,59.42%,50.50%,0.246813,2026-09-05
CRWV,89.36,2026-10-02,27,Call,100.00,-11.91%,3.75,3.75,3.8,1211,692,1.75,76.04%,77.25%,0.338075,2026-09-05
NOW,141.26,2026-09-11,6,Put,130.00,-7.97%,0.46,0.51,0.54,1329,761,1.75,51.97%,53.46%,-0.104899,2026-09-05
AMD,477.57,2026-09-11,6,Call,510.00,-6.79%,2.75,2.75,2.94,1353,773,1.75,49.79%,51.88%,0.172152,2026-09-05
SLS,13.86,2026-09-11,6,Call,14.00,-1.01%,0.6,0.75,0.85,1422,814,1.75,204.67%,110.88%,0.501821,2026-09-05
ORCL,158.78,2026-09-11,6,Put,155.00,-2.38%,7.2,7.25,7.35,1661,949,1.75,70.09%,113.09%,-0.404727,2026-09-05
NVDA,230.36,2026-10-09,34,Call,230.00,+0.16%,9.95,10.2,10.25,3967,2268,1.75,34.41%,34.19%,0.53819,2026-09-05
BMEA,2.03,2027-01-15,132,Call,2.50,-23.15%,0.35,0.4,0.45,10058,5763,1.75,147.45%,112.31%,0.5199,2026-09-05
WDC,467.46,2026-12-18,104,Call,720.00,-54.02%,13.8,15.6,20.85,604,348,1.74,69.93%,75.22%,0.197946,2026-09-05
TGT,164.44,2026-09-11,6,Put,162.50,-1.18%,1.22,1.4,1.52,643,369,1.74,29.22%,26.49%,-0.355487,2026-09-05
RGTI,15.2,2026-09-11,6,Call,16.50,-8.55%,0.12,0.14,0.14,670,386,1.74,73.19%,68.00%,0.186464,2026-09-05
NKE,38.4,2026-09-25,20,Call,38.00,+1.04%,1.35,1.43,1.42,988,567,1.74,41.86%,33.15%,0.566802,2026-09-05
XOM,159.47,2026-09-11,6,Put,160.00,+0.33%,2.11,2.32,2.48,1187,684,1.74,27.56%,24.89%,-0.53318,2026-09-05
MU,1016.59,2026-09-11,6,Put,850.00,-16.39%,0.65,0.7,0.85,1829,1049,1.74,64.65%,70.64%,-0.02132,2026-09-05
KO,88.07,2026-09-11,6,Call,90.00,-2.19%,0.13,0.15,0.16,2698,1554,1.74,18.28%,16.22%,0.153354,2026-09-05
ACN,186.72,2026-09-11,6,Call,205.00,-9.79%,0.2,0.22,0.25,617,356,1.73,50.42%,44.00%,0.051861,2026-09-05
CRWV,89.36,2026-10-16,41,Put,82.50,-7.68%,5.4,5.4,5.65,1014,585,1.73,76.04%,75.57%,-0.324325,2026-09-05
XOM,159.47,2026-09-11,6,Put,157.50,-1.24%,1.15,1.23,1.31,1200,692,1.73,27.56%,25.63%,-0.344682,2026-09-05
PBF,74.34,2026-09-18,13,Put,70.00,-5.84%,2,2.1,2.3,1558,899,1.73,70.32%,73.08%,-0.304892,2026-09-05
MSTR,142.8,2026-09-18,13,Call,165.00,-15.55%,2.4,2.56,2.59,2942,1699,1.73,75.03%,84.94%,0.20802,2026-09-05
INTC,95.8,2026-09-11,6,Call,97.00,-1.25%,2.48,2.52,2.6,3011,1743,1.73,61.80%,62.53%,0.456624,2026-09-05
WMT,107.14,2026-09-11,6,Call,108.00,-0.80%,0.76,0.77,0.8,3083,1783,1.73,22.25%,20.73%,0.393223,2026-09-05
AAPL,319.97,2026-09-11,6,Call,337.50,-5.48%,0.49,0.52,0.55,3239,1868,1.73,25.16%,30.42%,0.091065,2026-09-05
RIVN,15.74,2026-09-11,6,Call,16.50,-4.83%,0.14,0.16,0.16,4791,2780,1.72,53.90%,51.40%,0.250281,2026-09-05
F,14.62,2026-11-20,76,Call,16.00,-9.44%,0.47,0.49,0.49,4982,2897,1.72,32.38%,37.12%,0.323682,2026-09-05
CRWV,89.36,2026-09-18,13,Put,84.00,-6.00%,2.51,2.56,2.6,616,359,1.72,76.04%,73.65%,-0.300627,2026-09-05
SMCI,39.59,2026-10-02,27,Put,30.00,-24.22%,0.26,0.29,0.3,640,373,1.72,73.04%,75.49%,-0.071374,2026-09-05
CRWV,89.36,2027-12-17,468,Call,240.00,-168.58%,9.1,8.65,10.25,685,398,1.72,76.04%,80.61%,0.284681,2026-09-05
TSM,428.91,2026-09-11,6,Call,445.00,-3.75%,1.75,1.91,2.03,814,474,1.72,34.15%,32.29%,0.195597,2026-09-05
MSFT,499.7,2026-09-11,6,Put,485.00,-2.94%,1.27,1.37,1.39,841,490,1.72,24.61%,24.20%,-0.16062,2026-09-05
HOOD,122.11,2026-09-18,13,Call,123.00,-0.73%,5.4,5.52,5.65,703,412,1.71,63.01%,63.84%,0.504265,2026-09-05
ADBE,266.51,2026-09-11,6,Call,280.00,-5.06%,5.5,5.67,6,830,486,1.71,51.99%,80.00%,0.335633,2026-09-05
AMD,477.57,2026-09-11,6,Call,495.00,-3.65%,5.65,5.82,5.8,909,531,1.71,49.79%,50.14%,0.302822,2026-09-05
NVDA,230.36,2026-09-16,11,Call,240.00,-4.18%,1.71,1.75,1.97,1053,616,1.71,34.41%,32.31%,0.246433,2026-09-05
RKLB,64.26,2026-09-11,6,Call,68.00,-5.82%,0.73,0.75,0.77,1061,619,1.71,67.34%,62.19%,0.253919,2026-09-05
CIFR,17.74,2027-03-19,195,Call,25.00,-40.92%,3,3.15,3.3,1094,638,1.71,96.25%,99.09%,0.467268,2026-09-05
NIO,3.8,2026-09-11,6,Call,3.50,+7.89%,0.3,0.3,0.32,1140,667,1.71,51.10%,46.15%,0.923578,2026-09-05
BMNR,24.97,2026-09-11,6,Call,28.00,-12.13%,0.18,0.2,0.21,1590,932,1.71,76.42%,81.78%,0.150429,2026-09-05
NFLX,78.25,2026-09-11,6,Put,81.00,+3.51%,2.97,3.15,3.15,2586,1514,1.71,35.57%,31.15%,-0.799817,2026-09-05
SPCX,147.95,2026-09-11,6,Put,148.00,+0.03%,3.75,3.8,3.8,6309,3689,1.71,50.41%,50.08%,-0.486332,2026-09-05
INTC,95.8,2026-09-11,6,Call,95.00,+0.84%,3.35,3.42,3.5,19207,11237,1.71,61.80%,61.14%,0.560637,2026-09-05
NVDA,230.36,2026-09-09,4,Call,230.00,+0.16%,2.9,3,3.05,34605,20341,1.7,34.41%,28.61%,0.531422,2026-09-05
ABT,108.33,2026-09-11,6,Call,109.00,-0.62%,0.85,1.04,1.2,544,320,1.7,26.73%,23.82%,0.428598,2026-09-05
CLS,312.35,2026-09-18,13,Call,340.00,-8.85%,4.7,5.2,6.1,804,473,1.7,62.17%,62.46%,0.257921,2026-09-05
HIMS,27.71,2026-09-11,6,Call,28.00,-1.05%,0.69,0.79,0.8,890,522,1.7,67.59%,61.44%,0.466042,2026-09-05
INTC,95.8,2026-09-11,6,Put,93.00,-2.92%,1.52,1.7,1.95,993,584,1.7,61.80%,60.93%,-0.335603,2026-09-05
MU,1016.59,2027-01-15,132,Put,1100.00,+8.20%,196.45,202,204,1079,636,1.7,64.65%,64.71%,-0.49503,2026-09-05
SPCX,147.95,2026-09-11,6,Call,172.50,-16.59%,0.12,0.13,0.13,1766,1036,1.7,50.41%,61.45%,0.028616,2026-09-05
NKE,38.4,2026-09-11,6,Call,39.50,-2.86%,0.21,0.21,0.23,2165,1275,1.7,41.86%,31.24%,0.245818,2026-09-05
CBRS,210.05,2026-09-11,6,Call,200.00,+4.78%,13.1,13.7,14.2,2542,1491,1.7,76.26%,71.52%,0.721447,2026-09-05
GOOG,335.31,2026-09-11,6,Call,347.50,-3.64%,0.98,1.02,1.06,564,334,1.69,28.80%,27.61%,0.164674,2026-09-05
RARE,15.3,2027-01-15,132,Call,20.00,-30.72%,0.95,1.2,1.25,1040,617,1.69,59.42%,66.67%,0.332487,2026-09-05
CRWV,89.36,2026-09-11,6,Put,86.00,-3.76%,1.82,1.82,1.88,1085,643,1.69,76.04%,73.09%,-0.322256,2026-09-05
PSNL,17.2,2026-10-16,41,Call,17.50,-1.74%,0.6,0.7,0.7,2413,1430,1.69,40.10%,32.77%,0.474247,2026-09-05
SMCI,39.59,2026-09-11,6,Call,39.00,+1.49%,1.75,1.77,1.8,2818,1663,1.69,73.04%,72.08%,0.585179,2026-09-05
GME,19.16,2026-09-11,6,Call,21.00,-9.60%,0.26,0.27,0.27,4519,2668,1.69,50.51%,88.27%,0.223691,2026-09-05
MSFT,499.7,2026-09-09,4,Call,520.00,-4.06%,0.19,0.24,0.24,1470,876,1.68,24.61%,22.16%,0.045417,2026-09-05
HOOD,122.11,2026-09-18,13,Put,120.00,-1.73%,4.6,4.71,4.75,3384,2013,1.68,63.01%,62.93%,-0.414854,2026-09-05
ORCL,158.78,2026-11-20,76,Call,350.00,-120.43%,0.21,0.35,0.36,503,301,1.67,70.09%,74.64%,0.016344,2026-09-05
ADBE,266.51,2026-09-18,13,Put,275.00,+3.19%,16.3,16.3,17.65,569,340,1.67,51.99%,61.17%,-0.581635,2026-09-05
GOOG,335.31,2026-09-11,6,Put,332.50,-0.84%,3.1,3.1,3.25,637,382,1.67,28.80%,26.40%,-0.390024,2026-09-05
AVGO,357.89,2026-09-09,4,Call,375.00,-4.78%,0.56,0.79,0.83,1371,820,1.67,37.03%,35.54%,0.109782,2026-09-05
TSLA,354.08,2026-09-11,6,Call,340.00,+3.98%,16,16.23,16.35,1600,958,1.67,40.37%,38.14%,0.806896,2026-09-05
SKHY,177,2026-09-11,6,Put,150.00,-15.25%,0.21,0.26,0.3,2961,1769,1.67,64.02%,74.29%,-0.036643,2026-09-05
MPT,4.01,2028-12-15,832,Call,4.00,+0.25%,0.8,0.96,0.96,3317,1991,1.67,34.67%,46.95%,0.548274,2026-09-05
TSLA,354.08,2026-09-11,6,Put,365.00,+3.08%,13.9,14.05,14.15,4133,2477,1.67,40.37%,40.56%,-0.70949,2026-09-05
CVNA,74.59,2026-09-11,6,Put,70.00,-6.15%,0.49,0.55,0.55,741,446,1.66,56.18%,55.67%,-0.175377,2026-09-05
DOCU,68.41,2026-09-11,6,Call,72.00,-5.25%,0.45,0.45,0.71,907,547,1.66,43.25%,51.08%,0.229873,2026-09-05
SMCI,39.59,2026-09-11,6,Put,37.00,-6.54%,0.43,0.46,0.49,1108,669,1.66,73.04%,71.19%,-0.213945,2026-09-05
ASTS,62.31,2026-09-11,6,Call,73.00,-17.16%,0.13,0.2,0.36,624,378,1.65,74.93%,85.22%,0.082401,2026-09-05
MSFT,499.7,2026-09-09,4,Call,512.50,-2.56%,0.7,0.74,0.75,715,434,1.65,24.61%,21.13%,0.131764,2026-09-05
BE,252.87,2026-09-11,6,Call,285.00,-12.71%,5.25,5.4,5.4,863,522,1.65,90.84%,121.33%,0.245908,2026-09-05
NVDA,230.36,2026-09-16,11,Call,250.00,-8.53%,0.31,0.52,0.55,1420,862,1.65,34.41%,31.97%,0.076454,2026-09-05
TJX,132.08,2026-10-16,41,Call,140.00,-6.00%,1.25,1.3,1.35,1920,1161,1.65,21.69%,22.01%,0.235931,2026-09-05
TSLA,354.08,2026-09-18,13,Call,357.50,-0.97%,9.2,9.25,9.3,2022,1225,1.65,40.37%,39.85%,0.470881,2026-09-05
AMD,477.57,2026-09-11,6,Call,480.00,-0.51%,10.85,11.02,11.15,4547,2751,1.65,49.79%,49.20%,0.484253,2026-09-05
BAC,62.68,2026-09-11,6,Put,62.00,-1.08%,0.35,0.37,0.38,4937,2990,1.65,24.26%,20.56%,-0.33099,2026-09-05
MSTR,142.8,2026-09-11,6,Call,150.00,-5.04%,3.1,3.1,3.2,19791,12012,1.65,75.03%,80.91%,0.338459,2026-09-05
SKHY,177,2026-09-11,6,Call,170.00,+3.95%,9.85,10.5,10.5,3683,2252,1.64,64.02%,67.25%,0.697795,2026-09-05
CRWV,89.36,2027-03-19,195,Put,87.50,-2.08%,18.25,18.5,19,500,305,1.64,76.04%,80.53%,-0.361507,2026-09-05
APLD,26.37,2026-09-11,6,Call,26.50,-0.49%,0.85,0.91,0.92,904,550,1.64,83.75%,69.64%,0.4985,2026-09-05
SMCI,39.59,2026-09-11,6,Call,37.50,+5.28%,2.68,2.72,2.8,960,584,1.64,73.04%,73.35%,0.735705,2026-09-05
INTC,95.8,2026-09-11,6,Call,99.00,-3.34%,1.8,1.85,1.88,1118,683,1.64,61.80%,63.65%,0.361035,2026-09-05
NFLX,78.25,2028-06-16,650,Call,40.00,+48.88%,42.45,43.85,45.5,1307,797,1.64,35.57%,54.06%,0.917923,2026-09-05
TSLA,354.08,2026-10-02,27,Call,355.00,-0.26%,15.5,15.65,15.65,2445,1491,1.64,40.37%,40.52%,0.522298,2026-09-05
MU,1016.59,2026-09-11,6,Put,895.00,-11.96%,1.82,1.96,2,513,315,1.63,64.65%,63.36%,-0.053113,2026-09-05
HL,20.68,2026-09-11,6,Call,20.50,+0.87%,0.7,0.77,0.79,555,341,1.63,64.37%,61.23%,0.562791,2026-09-05
BMNR,24.97,2026-09-11,6,Put,24.50,-1.88%,0.66,0.71,0.74,662,406,1.63,76.42%,72.86%,-0.399252,2026-09-05
PL,18.12,2026-09-11,6,Put,18.00,-0.66%,0.5,0.59,0.65,703,432,1.63,69.89%,69.07%,-0.450333,2026-09-05
HL,20.68,2026-09-11,6,Put,20.00,-3.29%,0.31,0.34,0.4,723,443,1.63,64.37%,61.75%,-0.319781,2026-09-05
NVAX,10.22,2026-09-18,13,Put,9.50,-7.05%,0.2,0.27,0.35,726,446,1.63,74.79%,76.55%,-0.279018,2026-09-05
AMZN,258.51,2026-09-11,6,Put,247.50,-4.26%,0.56,0.6,0.61,1377,846,1.63,30.40%,29.64%,-0.119254,2026-09-05
BSP,39.58,2026-10-16,41,Put,30.00,-24.20%,0.35,0.46,0.5,3462,2120,1.63,66.05%,68.73%,-0.090993,2026-09-05
COIN,184.64,2026-09-11,6,Call,187.50,-1.55%,4.7,4.75,5,8258,5058,1.63,65.82%,64.41%,0.445261,2026-09-05
HPE,52,2026-10-16,41,Call,60.00,-15.38%,1.3,1.45,1.49,4540,2797,1.62,56.55%,56.35%,0.258226,2026-09-05
MRNA,145.55,2026-09-11,6,Put,140.00,-3.81%,2.5,2.75,2.95,704,434,1.62,73.72%,69.16%,-0.31254,2026-09-05
CVNA,74.59,2026-09-11,6,Call,80.00,-7.25%,0.42,0.4,0.51,912,563,1.62,56.18%,54.91%,0.170816,2026-09-05
NKE,38.4,2026-09-11,6,Put,37.50,-2.34%,0.2,0.19,0.22,941,581,1.62,41.86%,28.09%,-0.249918,2026-09-05
PL,18.12,2026-09-11,6,Call,20.00,-10.38%,0.15,0.16,0.2,1097,678,1.62,69.89%,79.78%,0.181866,2026-09-05
ORCL,158.78,2026-09-11,6,Call,157.50,+0.81%,9.8,9.68,9.95,1426,878,1.62,70.09%,113.75%,0.552041,2026-09-05
MSTR,142.8,2026-12-18,104,Put,140.00,-1.96%,20.45,20.22,20.85,1626,1003,1.62,75.03%,76.08%,-0.393022,2026-09-05
TSLA,354.08,2026-09-09,4,Call,387.50,-9.44%,0.34,0.35,0.35,1827,1127,1.62,40.37%,50.10%,0.04591,2026-09-05
TSLA,354.08,2026-09-11,6,Put,370.00,+4.50%,17.9,17.3,18.25,3036,1870,1.62,40.37%,42.16%,-0.78319,2026-09-05
LQDA,68.66,2026-09-11,6,Put,60.00,-12.61%,1.1,1.25,1.4,511,317,1.61,101.41%,129.76%,-0.184891,2026-09-05
KHC,24.85,2026-09-11,6,Put,24.50,-1.41%,0.13,0.17,0.22,554,345,1.61,26.86%,25.06%,-0.328114,2026-09-05
NVDA,230.36,2026-09-16,11,Put,200.00,-13.18%,0.27,0.29,0.33,592,367,1.61,34.41%,47.37%,-0.038303,2026-09-05
HOOD,122.11,2026-09-11,6,Put,118.00,-3.37%,2.08,2.16,2.18,608,377,1.61,63.01%,62.96%,-0.318832,2026-09-05
DELL,524.14,2026-09-11,6,Call,515.00,+1.74%,21.15,21.7,21.55,734,457,1.61,62.50%,61.05%,0.606574,2026-09-05
NBIS,226.39,2026-09-11,6,Call,210.00,+7.24%,19.45,19.8,20.45,830,517,1.61,85.02%,85.17%,0.772876,2026-09-05
AVGO,357.89,2026-09-09,4,Put,345.00,-3.60%,0.89,0.9,0.91,973,606,1.61,37.03%,33.22%,-0.139813,2026-09-05
MP,54.53,2026-09-11,6,Call,60.00,-10.03%,0.26,0.37,0.34,1208,750,1.61,63.07%,64.88%,0.135539,2026-09-05
INTC,95.8,2026-09-11,6,Call,103.00,-7.52%,0.89,0.88,1,1265,785,1.61,61.80%,66.62%,0.211889,2026-09-05
MRVL,223.55,2026-09-11,6,Put,210.00,-6.06%,1.77,1.99,2.05,1611,1003,1.61,63.48%,59.70%,-0.19434,2026-09-05
INTC,95.8,2026-09-11,6,Call,98.00,-2.30%,2.12,2.18,2.25,3542,2196,1.61,61.80%,63.47%,0.4082,2026-09-05
MU,1016.59,2026-09-18,13,Call,1150.00,-13.12%,9.75,10.05,10.2,3689,2298,1.61,64.65%,62.60%,0.165033,2026-09-05
NKE,38.4,2026-09-18,13,Put,50.00,+30.21%,11.25,11.5,12.75,6600,4090,1.61,41.86%,107.73%,-0.883712,2026-09-05
OKLO,41.27,2026-10-02,27,Call,60.00,-45.38%,0.25,0.38,0.35,531,331,1.6,74.35%,87.52%,0.074687,2026-09-05
CRM,259.23,2026-09-11,6,Put,230.00,-11.28%,0.13,0.16,0.2,866,542,1.6,39.34%,49.02%,-0.026061,2026-09-05
NFLX,78.25,2026-09-11,6,Put,75.00,-4.15%,0.22,0.24,0.24,925,577,1.6,35.57%,31.60%,-0.139906,2026-09-05
SMCI,39.59,2026-09-11,6,Call,46.00,-16.19%,0.15,0.15,0.16,1008,631,1.6,73.04%,81.79%,0.084881,2026-09-05
TSLA,354.08,2026-09-09,4,Put,327.50,-7.51%,0.19,0.2,0.2,1059,661,1.6,40.37%,41.00%,-0.032281,2026-09-05
TSLA,354.08,2026-09-25,20,Call,365.00,-3.08%,8.9,8.95,9.05,1623,1017,1.6,40.37%,40.16%,0.399349,2026-09-05
CRWV,89.36,2026-09-11,6,Put,85.00,-4.88%,1.5,1.52,1.52,1948,1217,1.6,76.04%,72.92%,-0.278454,2026-09-05
MRNA,145.55,2026-09-11,6,Call,145.00,+0.38%,5.35,5.52,5.75,538,338,1.59,73.72%,70.37%,0.537324,2026-09-05
W,99.43,2026-09-11,6,Call,99.00,+0.43%,2.72,3,3.55,557,350,1.59,55.58%,56.86%,0.541454,2026-09-05
IBRX,8.08,2026-09-18,13,Call,8.50,-5.20%,0.2,0.21,0.25,591,372,1.59,71.11%,63.60%,0.362629,2026-09-05
SPCX,147.95,2026-09-11,6,Call,167.50,-13.21%,0.22,0.22,0.24,739,464,1.59,50.41%,57.74%,0.051397,2026-09-05
TSLA,354.08,2026-09-11,6,Call,397.50,-12.26%,0.41,0.43,0.43,772,485,1.59,40.37%,51.79%,0.044572,2026-09-05
CRDO,170.57,2026-09-11,6,Call,180.00,-5.53%,3.2,3.5,3.8,1070,675,1.59,74.29%,80.66%,0.32171,2026-09-05
AAPL,319.97,2026-09-09,4,Put,305.00,-4.68%,0.33,0.34,0.35,1700,1071,1.59,25.16%,31.76%,-0.071091,2026-09-05
AVGO,357.89,2026-09-11,6,Call,370.00,-3.38%,2.76,2.94,2.93,5444,3428,1.59,37.03%,39.31%,0.265801,2026-09-05
NVDA,230.36,2026-09-25,20,Put,230.00,-0.16%,6.75,7,7,4201,2658,1.58,34.41%,33.65%,-0.469468,2026-09-05
PATH,15.19,2027-03-19,195,Call,15.00,+1.25%,3.25,3.37,3.7,9273,5856,1.58,58.78%,74.76%,0.631281,2026-09-05
NVDA,230.36,2026-09-09,4,Call,240.00,-4.18%,0.33,0.34,0.36,57054,36169,1.58,34.41%,30.11%,0.101359,2026-09-05
TGT,164.44,2026-09-11,6,Call,172.50,-4.90%,0.09,0.18,0.25,541,343,1.58,29.22%,25.26%,0.07257,2026-09-05
UPWK,8.79,2026-10-16,41,Put,7.50,-14.68%,0.1,0.14,0.2,550,349,1.58,52.88%,54.35%,-0.162851,2026-09-05
IREN,44.68,2026-10-09,34,Call,50.00,-11.91%,2.69,2.79,2.92,636,403,1.58,87.42%,86.54%,0.389411,2026-09-05
CRDO,170.57,2026-09-18,13,Call,175.00,-2.60%,7.5,8,8.7,745,473,1.58,74.29%,77.48%,0.462779,2026-09-05
NTSK,13.94,2026-09-18,13,Put,15.00,+7.60%,1.3,1.5,1.7,761,481,1.58,78.91%,81.08%,-0.654393,2026-09-05
CORZ,17.89,2026-10-16,41,Call,21.00,-17.38%,0.56,0.7,0.93,826,524,1.58,69.85%,72.91%,0.302664,2026-09-05
TSLA,354.08,2026-09-09,4,Call,405.00,-14.38%,0.2,0.21,0.22,1458,920,1.58,40.37%,63.73%,0.024155,2026-09-05
BHVN,15.69,2026-09-18,13,Call,20.00,-27.47%,0.15,0.2,0.25,2060,1303,1.58,73.95%,106.73%,0.136121,2026-09-05
AVGO,357.89,2026-09-09,4,Call,380.00,-6.18%,0.45,0.47,0.5,2766,1752,1.58,37.03%,38.85%,0.074154,2026-09-05
LQDA,68.66,2026-09-11,6,Put,55.00,-19.90%,0.45,0.65,0.85,659,420,1.57,101.41%,145.39%,-0.09918,2026-09-05
AVGO,357.89,2026-09-09,4,Call,367.50,-2.69%,1.61,1.86,1.9,998,635,1.57,37.03%,34.16%,0.237627,2026-09-05
C,137.72,2026-09-11,6,Call,137.00,+0.52%,2.07,2.24,2.28,1212,773,1.57,29.59%,25.17%,0.574505,2026-09-05
SMR,9.7,2026-09-11,6,Call,9.50,+2.06%,0.44,0.46,0.48,1405,895,1.57,76.83%,70.83%,0.610816,2026-09-05
CRM,259.23,2026-09-11,6,Call,267.50,-3.19%,1.91,2.1,2.17,1408,898,1.57,39.34%,37.97%,0.270598,2026-09-05
NU,15.37,2026-12-18,104,Put,14.00,-8.91%,0.75,0.77,0.78,2764,1763,1.57,40.92%,44.79%,-0.29209,2026-09-05
ASTS,62.31,2026-09-11,6,Call,70.00,-12.34%,0.36,0.4,0.49,2862,1823,1.57,74.93%,79.24%,0.138089,2026-09-05
BE,252.87,2026-09-11,6,Call,275.00,-8.75%,7.3,7.5,7.55,3860,2451,1.57,90.84%,119.32%,0.319849,2026-09-05
ORCL,158.78,2027-03-19,195,Call,220.00,-38.56%,11.45,12,12.1,4068,2594,1.57,70.09%,61.41%,0.317214,2026-09-05
GME,19.16,2026-09-11,6,Call,19.00,+0.84%,0.76,0.79,0.79,6160,3933,1.57,50.51%,71.61%,0.551808,2026-09-05
SOFI,18.22,2026-09-11,6,Put,17.50,-3.95%,0.15,0.15,0.16,6322,4017,1.57,49.48%,46.39%,-0.236804,2026-09-05
HOOD,122.11,2026-09-11,6,Call,125.00,-2.37%,2.79,2.84,2.88,9596,6111,1.57,63.01%,64.75%,0.40784,2026-09-05
QBTS,16.58,2026-09-11,6,Call,16.50,+0.48%,0.57,0.6,0.62,710,454,1.56,69.32%,64.92%,0.542568,2026-09-05
LVS,44.37,2027-03-19,195,Call,47.50,-7.05%,3.1,3.3,3.35,764,490,1.56,30.78%,34.06%,0.445547,2026-09-05
CRM,259.23,2026-10-02,27,Put,260.00,+0.30%,10.65,11.04,11.6,823,526,1.56,39.34%,39.07%,-0.48361,2026-09-05
NVDA,230.36,2026-09-16,11,Call,260.00,-12.87%,0.01,0.2,0.2,1029,661,1.56,34.41%,33.67%,0.021447,2026-09-05
TSLA,354.08,2026-09-11,6,Put,332.50,-6.09%,0.91,0.94,0.93,1623,1038,1.56,40.37%,40.07%,-0.103753,2026-09-05
NVDA,230.36,2026-09-11,6,Put,192.50,-16.44%,0.09,0.1,0.11,1781,1144,1.56,34.41%,65.38%,-0.014278,2026-09-05
SPCX,147.95,2026-09-11,6,Call,165.00,-11.52%,0.31,0.31,0.32,3202,2049,1.56,50.41%,55.78%,0.069289,2026-09-05
OKLO,41.27,2026-09-11,6,Put,36.00,-12.77%,0.1,0.12,0.25,518,335,1.55,74.35%,81.10%,-0.085162,2026-09-05
NVO,46.6,2026-09-11,6,Put,46.00,-1.29%,0.43,0.46,0.49,587,379,1.55,35.12%,30.00%,-0.366175,2026-09-05
ASST,27.14,2026-09-11,6,Call,30.00,-10.54%,0.25,0.25,0.31,705,456,1.55,85.95%,82.46%,0.186924,2026-09-05
PLTR,174.33,2026-09-11,6,Put,157.50,-9.65%,0.3,0.32,0.32,774,499,1.55,46.80%,52.33%,-0.059961,2026-09-05
AVGO,357.89,2026-09-09,4,Put,355.00,-0.81%,3.45,3.45,3.75,1954,1258,1.55,37.03%,33.29%,-0.398109,2026-09-05
IBM,234.77,2026-09-11,6,Call,245.00,-4.30%,0.59,0.68,0.71,866,562,1.54,31.03%,30.11%,0.142457,2026-09-05
RKLB,64.26,2026-09-11,6,Call,67.00,-4.26%,0.97,0.98,1.01,1453,946,1.54,67.34%,61.57%,0.314901,2026-09-05
CRWV,89.36,2026-09-11,6,Call,100.00,-11.91%,0.65,0.65,0.68,4476,2914,1.54,76.04%,79.56%,0.147769,2026-09-05
MRNA,145.55,2026-09-11,6,Call,155.00,-6.49%,1.96,2.1,2.45,4484,2904,1.54,73.72%,74.28%,0.272027,2026-09-05
NVDA,230.36,2026-09-11,6,Call,242.50,-5.27%,0.52,0.53,0.56,15200,9847,1.54,34.41%,32.67%,0.116486,2026-09-05
PLTR,174.33,2026-09-11,6,Put,162.50,-6.79%,0.66,0.67,0.69,4630,3031,1.53,46.80%,48.74%,-0.122094,2026-09-05
INTC,95.8,2026-10-02,27,Call,110.00,-14.82%,2.35,2.35,2.4,24997,16353,1.53,61.80%,65.97%,0.251977,2026-09-05
IBRX,8.08,2026-09-11,6,Call,8.00,+0.99%,0.3,0.23,0.4,504,330,1.53,71.11%,74.40%,0.562881,2026-09-05
ANET,193.78,2026-09-18,13,Put,195.00,+0.63%,7.25,8.36,8.4,554,361,1.53,48.13%,50.02%,-0.50352,2026-09-05
TSLA,354.08,2026-09-25,20,Call,455.00,-28.50%,0.52,0.54,0.55,563,369,1.53,40.37%,55.19%,0.031363,2026-09-05
LNG,292,2026-09-11,6,Put,290.00,-0.68%,7.1,7.65,8.5,612,400,1.53,37.27%,59.29%,-0.446848,2026-09-05
EAT,230.22,2026-09-18,13,Call,270.00,-17.28%,0,0.5,0.55,677,443,1.53,46.44%,45.55%,0.036016,2026-09-05
ZM,101.33,2026-12-18,104,Call,140.00,-38.16%,1.35,1.48,2.3,755,492,1.53,43.65%,49.61%,0.147536,2026-09-04
META,616.77,2026-09-11,6,Put,585.00,-5.15%,1.64,1.65,1.69,760,498,1.53,35.99%,35.79%,-0.117734,2026-09-05
INTC,95.8,2026-09-11,6,Call,106.00,-10.65%,0.48,0.56,0.58,828,540,1.53,61.80%,67.62%,0.131788,2026-09-05
AMD,477.57,2026-09-11,6,Call,515.00,-7.84%,2.18,2.22,2.34,929,609,1.53,49.79%,52.68%,0.141277,2026-09-05
COF,219.6,2026-10-16,41,Call,230.00,-4.74%,3.8,4.19,4.6,1024,669,1.53,28.15%,27.32%,0.33238,2026-09-05
META,616.77,2026-09-11,6,Call,635.00,-2.96%,4.5,4.5,4.6,1486,972,1.53,35.99%,35.36%,0.271584,2026-09-05
CRCL,102.05,2026-09-11,6,Call,120.00,-17.59%,0.41,0.44,0.46,1696,1106,1.53,79.93%,88.38%,0.085658,2026-09-05
SMCI,39.59,2026-10-02,27,Put,36.00,-9.07%,1.38,1.47,1.55,529,348,1.52,73.04%,72.08%,-0.276021,2026-09-05
F,14.62,2026-10-09,34,Call,15.00,-2.60%,0.38,0.41,0.44,626,412,1.52,32.38%,32.36%,0.414417,2026-09-05
NVTS,11.8,2026-10-16,41,Put,10.00,-15.25%,0.44,0.44,0.5,638,420,1.52,83.26%,80.55%,-0.22317,2026-09-05
MSTR,142.8,2026-09-11,6,Put,128.00,-10.36%,0.71,0.81,0.88,1379,907,1.52,75.03%,74.38%,-0.114916,2026-09-05
GME,19.16,2026-09-25,20,Call,21.00,-9.60%,0.44,0.51,0.52,1446,952,1.52,50.51%,63.72%,0.289063,2026-09-05
VZ,50.14,2026-09-11,6,Call,50.00,+0.28%,0.55,0.6,0.65,1889,1244,1.52,22.74%,20.88%,0.543084,2026-09-05
PLTR,174.33,2026-09-11,6,Call,175.00,-0.38%,3.65,3.69,3.75,7678,5060,1.52,46.80%,44.53%,0.488751,2026-09-05
NVDA,230.36,2026-09-11,6,Call,235.00,-2.01%,1.88,1.91,1.96,46150,30362,1.52,34.41%,31.56%,0.32282,2026-09-05
UBER,75.76,2026-09-11,6,Put,73.00,-3.64%,0.31,0.33,0.38,4299,2839,1.51,34.99%,33.90%,-0.187297,2026-09-05
EIX,56.77,2027-01-15,132,Put,55.00,-3.12%,4.7,5.45,5.8,563,373,1.51,51.35%,44.80%,-0.402884,2026-09-05
COST,915.74,2026-10-16,41,Put,760.00,-17.01%,0.25,0.78,1.25,570,377,1.51,22.90%,28.80%,-0.022071,2026-09-05
NVDA,230.36,2026-09-16,11,Put,220.00,-4.50%,1.5,1.72,1.8,637,423,1.51,34.41%,34.34%,-0.207186,2026-09-05
MRVL,223.55,2026-09-11,6,Call,232.50,-4.00%,3.5,3.6,3.7,740,491,1.51,63.48%,61.44%,0.325756,2026-09-05
ANET,193.78,2026-09-11,6,Call,200.00,-3.21%,2,2.14,2.42,773,511,1.51,48.13%,46.06%,0.310131,2026-09-05
GLW,154.3,2027-03-19,195,Call,250.00,-62.02%,7.1,7.8,9.85,989,657,1.51,59.37%,66.82%,0.238462,2026-09-05
IREN,44.68,2027-06-17,285,Call,75.00,-67.86%,7.75,8.25,8.15,1979,1312,1.51,87.42%,94.96%,0.436169,2026-09-05
MARA,11.31,2026-09-18,13,Put,11.50,+1.68%,0.79,0.84,0.85,2989,1981,1.51,83.23%,84.93%,-0.507015,2026-09-05
NCLH,15.57,2027-01-15,132,Put,30.00,+92.68%,14,14.79,14.85,508,339,1.5,44.98%,88.37%,-0.847007,2026-09-05
NCLH,15.57,2026-09-18,13,Put,25.00,+60.57%,9.25,9.25,9.55,591,394,1.5,44.98%,116.20%,-0.983755,2026-09-05
HOOD,122.11,2026-09-11,6,Put,112.00,-8.28%,0.69,0.73,0.73,639,426,1.5,63.01%,63.95%,-0.135276,2026-09-05
MU,1016.59,2026-09-11,6,Call,1035.00,-1.81%,22.25,23,23.75,680,453,1.5,64.65%,59.30%,0.424504,2026-09-05
NOW,141.26,2026-09-11,6,Call,147.00,-4.06%,1.46,1.48,1.6,913,609,1.5,51.97%,50.05%,0.281154,2026-09-05
GOOGL,338.46,2026-11-20,76,Put,275.00,-18.75%,1.89,2.05,2.54,1064,710,1.5,28.49%,35.86%,-0.082136,2026-09-05
MCD,255.69,2027-01-15,132,Put,320.00,+25.15%,62.55,64.65,65.3,1136,757,1.5,20.58%,24.22%,-0.944151,2026-09-05
SPCX,147.95,2027-01-15,132,Call,255.00,-72.36%,1.94,2,2.08,1153,769,1.5,50.41%,59.03%,0.093922,2026-09-05
BAC,62.68,2026-09-11,6,Put,61.00,-2.68%,0.14,0.15,0.16,1364,907,1.5,24.26%,21.86%,-0.160194,2026-09-05
CRCL,102.05,2026-09-11,6,Call,100.00,+2.01%,5,5.15,5.3,1895,1260,1.5,79.93%,77.61%,0.602461,2026-09-05
TSLA,354.08,2026-09-18,13,Call,355.00,-0.26%,10.3,10.35,10.4,4118,2740,1.5,40.37%,39.67%,0.507992,2026-09-05
PLTR,174.33,2026-09-11,6,Call,185.00,-6.12%,0.85,0.88,0.9,6582,4375,1.5,46.80%,45.79%,0.1654,2026-09-05
BAC,62.68,2026-09-11,6,Call,63.00,-0.51%,0.46,0.47,0.51,9130,6092,1.5,24.26%,19.42%,0.428513,2026-09-05
NVDA,230.36,2026-09-14,9,Call,235.00,-2.01%,2.32,2.4,2.45,6253,4208,1.49,34.41%,29.15%,0.34613,2026-09-05
SOFI,18.22,2026-09-11,6,Call,18.50,-1.54%,0.31,0.31,0.32,10914,7301,1.49,49.48%,46.49%,0.414456,2026-09-05
NVDA,230.36,2026-10-23,48,Call,260.00,-12.87%,2.66,3,3.05,562,376,1.49,34.41%,34.38%,0.190948,2026-09-05
GOOGL,338.46,2026-09-11,6,Put,322.50,-4.72%,0.39,0.45,0.47,567,381,1.49,28.49%,27.32%,-0.07908,2026-09-05
LULU,100.61,2026-11-20,76,Call,120.00,-19.27%,2.15,2.35,2.54,613,411,1.49,41.44%,43.20%,0.224691,2026-09-05
TSLA,354.08,2026-09-11,6,Put,342.50,-3.27%,2.63,2.66,2.67,1792,1205,1.49,40.37%,39.42%,-0.243952,2026-09-05
BE,252.87,2026-09-11,6,Call,240.00,+5.09%,21.2,21.3,21.55,2810,1890,1.49,90.84%,110.51%,0.671399,2026-09-05
DIS,105.31,2026-09-11,6,Call,109.00,-3.50%,0.09,0.16,0.17,550,371,1.48,23.27%,20.64%,0.099648,2026-09-05
META,616.77,2026-09-11,6,Call,605.00,+1.91%,17.85,18.07,18.1,855,576,1.48,35.99%,34.81%,0.679412,2026-09-05
AMZN,258.51,2026-09-11,6,Put,255.00,-1.36%,2.13,2.25,2.31,2975,2010,1.48,30.40%,28.68%,-0.343119,2026-09-05
TSLA,354.08,2026-09-18,13,Put,345.00,-2.56%,6.35,6.38,6.4,4450,3004,1.48,40.37%,39.69%,-0.345018,2026-09-05
ORCL,158.78,2026-10-02,27,Put,131.00,-17.50%,2.08,2.16,2.24,552,376,1.47,70.09%,69.59%,-0.13142,2026-09-05
ASAN,8.81,2026-10-16,41,Put,7.50,-14.87%,0.2,0.27,0.3,571,388,1.47,70.88%,67.62%,-0.200506,2026-09-05
T,25.68,2026-10-09,34,Put,26.50,+3.19%,0.88,1.25,1.64,573,391,1.47,24.18%,24.51%,-0.649038,2026-09-05
AAPL,319.97,2026-09-18,13,Put,322.50,+0.79%,7.4,7.3,7.65,1017,694,1.47,25.16%,26.32%,-0.546437,2026-09-05
VLO,370.72,2026-09-18,13,Put,340.00,-8.29%,1.95,2.62,2.75,1024,695,1.47,44.88%,44.81%,-0.141322,2026-09-05
CMG,36.96,2026-09-11,6,Call,38.00,-2.81%,0.2,0.23,0.25,1221,831,1.47,34.05%,31.40%,0.256443,2026-09-05
BE,252.87,2026-09-11,6,Put,210.00,-16.95%,1.1,1.12,1.14,1273,865,1.47,90.84%,103.74%,-0.071135,2026-09-05
AG,20.97,2026-09-11,6,Call,22.00,-4.91%,0.25,0.27,0.3,1349,918,1.47,62.31%,60.42%,0.283192,2026-09-05
PATH,15.19,2026-09-11,6,Put,16.00,+5.33%,0.92,0.96,1.2,1597,1088,1.47,58.78%,71.73%,-0.696747,2026-09-05
MU,1016.59,2026-09-09,4,Call,950.00,+6.55%,67.8,70,71.8,2045,1395,1.47,64.65%,52.75%,0.896434,2026-09-05
TSLA,354.08,2026-09-09,4,Put,375.00,+5.91%,21.65,21.59,21.95,3469,2355,1.47,40.37%,45.69%,-0.880602,2026-09-05
CRCL,102.05,2026-09-11,6,Call,106.00,-3.87%,2.39,2.51,2.9,624,427,1.46,79.93%,81.13%,0.379258,2026-09-05
MU,1016.59,2026-10-02,27,Call,960.00,+5.57%,100.1,99.63,107.1,672,459,1.46,64.65%,65.58%,0.664617,2026-09-05
MSFT,499.7,2026-09-11,6,Put,497.50,-0.44%,4.5,4.74,4.9,679,464,1.46,24.61%,22.85%,-0.429091,2026-09-05
XYZ,82.76,2026-09-11,6,Call,86.00,-3.91%,0.51,0.58,0.67,751,515,1.46,39.55%,40.31%,0.240149,2026-09-05
NVDA,230.36,2026-09-14,9,Put,215.00,-6.67%,0.59,0.6,0.64,1007,691,1.46,34.41%,35.33%,-0.099435,2026-09-05
INTC,95.8,2026-09-09,4,Call,93.00,+2.92%,3.7,3.81,3.9,1449,991,1.46,61.80%,52.93%,0.715392,2026-09-05
RCAT,8.37,2026-09-11,6,Put,8.50,+1.55%,0.33,0.38,0.45,2558,1756,1.46,85.85%,75.00%,-0.542797,2026-09-05
AMZN,258.51,2026-09-11,6,Call,270.00,-4.44%,0.66,0.67,0.7,11518,7908,1.46,30.40%,30.05%,0.136943,2026-09-05
NKE,38.4,2026-09-11,6,Call,39.00,-1.56%,0.33,0.35,0.38,4374,3023,1.45,41.86%,30.82%,0.353736,2026-09-05
AAPL,319.97,2026-09-11,6,Call,332.50,-3.92%,0.97,0.99,1.03,4379,3030,1.45,25.16%,29.25%,0.160804,2026-09-05
PCG,14.3,2028-01-21,503,Call,27.00,-88.81%,0.46,0.54,0.62,4406,3044,1.45,61.36%,43.01%,0.171913,2026-09-05
PLTR,174.33,2026-09-18,13,Call,177.50,-1.82%,4.5,4.53,4.75,633,436,1.45,46.80%,45.20%,0.439013,2026-09-05
CHPT,9.89,2026-09-18,13,Call,13.00,-31.45%,0.15,0.2,0.25,702,483,1.45,104.74%,132.93%,0.168669,2026-09-05
TSLA,354.08,2026-09-16,11,Call,400.00,-12.97%,0.87,0.93,0.95,732,506,1.45,40.37%,46.67%,0.073362,2026-09-05
TSLA,354.08,2026-10-02,27,Put,355.00,+0.26%,15.5,15.51,15.65,818,564,1.45,40.37%,40.43%,-0.480261,2026-09-05
BMNR,24.97,2026-10-16,41,Put,25.00,+0.12%,2.46,2.53,2.59,881,606,1.45,76.42%,76.78%,-0.445938,2026-09-05
NVDA,230.36,2026-11-20,76,Put,235.00,+2.01%,17.55,17.85,17.95,1338,920,1.45,34.41%,38.08%,-0.500401,2026-09-05
BE,252.87,2026-09-11,6,Call,270.00,-6.77%,8.65,8.9,8.9,1682,1158,1.45,90.84%,118.61%,0.362738,2026-09-05
MSTR,142.8,2026-09-11,6,Put,127.00,-11.06%,0.59,0.65,0.77,1728,1189,1.45,75.03%,74.72%,-0.100674,2026-09-05
TE,4.6,2026-09-11,6,Call,4.50,+2.17%,0.25,0.3,0.35,1848,1272,1.45,112.20%,105.50%,0.592725,2026-09-05
HOOD,122.11,2026-09-11,6,Put,110.00,-9.92%,0.46,0.46,0.48,1917,1318,1.45,63.01%,64.69%,-0.095541,2026-09-05
WMT,107.14,2026-09-11,6,Call,107.00,+0.13%,1.17,1.22,1.24,2055,1418,1.45,22.25%,20.25%,0.531997,2026-09-05
CRCL,102.05,2026-09-11,6,Call,105.00,-2.89%,2.7,2.65,3,2267,1560,1.45,79.93%,78.14%,0.409648,2026-09-05
DKNG,24.01,2026-09-11,6,Put,24.00,-0.04%,0.54,0.59,0.64,567,393,1.44,50.59%,48.99%,-0.481795,2026-09-05
MSFT,499.7,2026-09-11,6,Put,505.00,+1.06%,8.45,8.67,9.15,630,437,1.44,24.61%,22.99%,-0.630219,2026-09-05
SPCX,147.95,2028-01-21,503,Put,50.00,-66.20%,1.6,1.7,1.81,834,581,1.44,50.41%,63.99%,-0.029606,2026-09-05
MU,1016.59,2026-09-11,6,Put,880.00,-13.44%,1.19,1.29,1.49,1029,715,1.44,64.65%,65.25%,-0.03811,2026-09-05
AMZN,258.51,2026-09-14,9,Call,265.00,-2.51%,1.85,1.99,1.95,1044,725,1.44,30.40%,26.40%,0.289153,2026-09-05
PFE,28.45,2026-09-11,6,Put,28.00,-1.58%,0.13,0.13,0.14,1067,739,1.44,22.66%,21.20%,-0.278398,2026-09-05
HIMS,27.71,2026-09-11,6,Put,26.00,-6.17%,0.22,0.23,0.25,1376,954,1.44,67.59%,60.20%,-0.19192,2026-09-05
NVDA,230.36,2026-10-02,27,Put,230.00,-0.16%,7.95,8.1,8.2,2078,1444,1.44,34.41%,34.03%,-0.467017,2026-09-05
TSLA,354.08,2026-09-09,4,Put,370.00,+4.50%,16.85,17.03,17.3,2388,1659,1.44,40.37%,41.18%,-0.840718,2026-09-05
CRWV,89.36,2026-09-11,6,Put,88.00,-1.52%,2.67,2.67,2.73,2574,1786,1.44,76.04%,74.05%,-0.415171,2026-09-05
MRNA,145.55,2026-10-16,41,Call,220.00,-51.15%,1.4,1.76,2.29,502,352,1.43,73.72%,86.54%,0.10295,2026-09-05
SHOP,145.09,2026-09-11,6,Call,155.00,-6.83%,1.05,1.04,1.37,643,450,1.43,47.51%,58.96%,0.203706,2026-09-05
RKLB,64.26,2026-09-11,6,Put,61.00,-5.07%,0.66,0.69,0.72,655,459,1.43,67.34%,59.34%,-0.232887,2026-09-05
SOUN,6.74,2026-10-09,34,Call,7.00,-3.86%,0.38,0.41,0.55,657,459,1.43,61.00%,69.03%,0.476894,2026-09-05
BE,252.87,2026-09-25,20,Put,210.00,-16.95%,4.5,4.73,5.25,710,497,1.43,90.84%,89.54%,-0.158735,2026-09-05
C,137.72,2026-09-11,6,Call,138.00,-0.20%,1.56,1.65,1.75,891,624,1.43,29.59%,25.13%,0.485009,2026-09-05
PSKY,10.86,2026-12-18,104,Call,14.00,-28.91%,0.19,0.49,0.55,1001,702,1.43,56.15%,53.57%,0.232959,2026-09-05
ORCL,158.78,2026-09-11,6,Call,162.50,-2.34%,7.6,7.8,7.85,1037,726,1.43,70.09%,115.06%,0.467779,2026-09-05
KEEL,3.47,2026-09-11,6,Call,3.50,-0.86%,0.12,0.14,0.14,3263,2289,1.43,101.50%,80.58%,0.489666,2026-09-05
MSFT,499.7,2026-09-11,6,Put,487.50,-2.44%,1.61,1.67,1.78,504,355,1.42,24.61%,23.59%,-0.198567,2026-09-05
AEO,17.39,2026-09-11,6,Put,15.50,-10.87%,0.41,0.47,0.62,523,368,1.42,76.58%,147.57%,-0.240803,2026-09-05
PATH,15.19,2026-10-16,41,Call,18.00,-18.50%,0.4,0.45,0.48,619,437,1.42,58.78%,63.66%,0.251631,2026-09-05
TSLA,354.08,2026-10-02,27,Call,405.00,-14.38%,3,3.15,3.1,696,491,1.42,40.37%,43.78%,0.147651,2026-09-05
AAPL,319.97,2026-10-02,27,Call,355.00,-10.95%,0.72,0.79,0.81,757,533,1.42,25.16%,25.67%,0.078001,2026-09-05
MRVL,223.55,2026-09-11,6,Call,237.50,-6.24%,2.35,2.41,2.46,770,542,1.42,63.48%,62.25%,0.238405,2026-09-05
ZS,169.8,2026-09-11,6,Call,200.00,-17.79%,0.08,0.14,0.21,1460,1028,1.42,50.54%,64.91%,0.027558,2026-09-05
MSTR,142.8,2026-09-11,6,Put,145.00,+1.54%,6.7,6.8,7,1981,1391,1.42,75.03%,77.84%,-0.539325,2026-09-05
BHF,53.58,2026-09-18,13,Call,60.00,-11.98%,0.5,0.65,0.75,2983,2095,1.42,60.02%,62.94%,0.188736,2026-09-05
MSTR,142.8,2026-09-11,6,Call,155.00,-8.54%,2.05,2.11,2.14,5857,4112,1.42,75.03%,84.28%,0.242218,2026-09-05
HOOD,122.11,2026-09-11,6,Call,130.00,-6.46%,1.44,1.48,1.49,8006,5630,1.42,63.01%,66.53%,0.246818,2026-09-05
SPCX,147.95,2026-09-11,6,Call,150.00,-1.39%,2.87,2.88,2.9,15647,11024,1.42,50.41%,49.70%,0.430622,2026-09-05
IREN,44.68,2026-09-18,13,Call,42.00,+6.00%,4.3,4.3,4.4,4053,2867,1.41,87.42%,85.09%,0.682103,2026-09-05
HPE,52,2026-09-11,6,Call,55.00,-5.77%,0.57,0.61,0.66,4250,3019,1.41,56.55%,62.40%,0.255868,2026-09-05
WBD,28.25,2026-11-20,76,Call,29.00,-2.65%,0.9,1.03,1.03,20081,14292,1.41,27.57%,23.33%,0.452088,2026-09-05
WBD,28.25,2026-10-16,41,Put,26.00,-7.96%,0.14,0.3,0.48,24473,17325,1.41,27.57%,30.72%,-0.185856,2026-09-05
MSTR,142.8,2026-09-11,6,Call,157.50,-10.29%,1.64,1.77,1.84,518,368,1.41,75.03%,86.57%,0.205538,2026-09-05
GOOG,335.31,2026-09-11,6,Put,345.00,+2.89%,10.35,11.02,11.45,597,424,1.41,28.80%,26.76%,-0.790528,2026-09-05
AVGO,357.89,2026-09-18,13,Call,355.00,+0.81%,11.45,11.71,12,634,451,1.41,37.03%,37.34%,0.565462,2026-09-05
MU,1016.59,2026-09-11,6,Put,910.00,-10.49%,2.63,2.73,2.89,688,489,1.41,64.65%,61.78%,-0.07425,2026-09-05
AAPL,319.97,2026-09-09,4,Call,342.50,-7.04%,0.12,0.13,0.14,1049,746,1.41,25.16%,34.01%,0.029835,2026-09-05
MRVL,223.55,2026-09-18,13,Call,235.00,-5.12%,5.95,6,6.1,1559,1105,1.41,63.48%,62.02%,0.360301,2026-09-05
AMD,477.57,2027-03-19,195,Call,500.00,-4.70%,71,72,72.6,1604,1140,1.41,49.79%,55.42%,0.556394,2026-09-05
RKLB,64.26,2026-09-11,6,Call,65.00,-1.15%,1.63,1.66,1.8,1864,1322,1.41,67.34%,61.95%,0.461377,2026-09-05
RIOT,21.8,2027-01-15,132,Call,28.00,-28.44%,2.38,2.62,2.75,545,388,1.4,84.35%,84.58%,0.416636,2026-09-05
LEU,173.89,2026-12-18,104,Call,240.00,-38.02%,10.4,11.1,12.1,611,435,1.4,70.09%,78.77%,0.298002,2026-09-05
GOOGL,338.46,2026-09-09,4,Call,355.00,-4.89%,0.18,0.17,0.2,648,463,1.4,28.49%,26.99%,0.048291,2026-09-05
ZS,169.8,2026-09-18,13,Put,155.00,-8.72%,1.25,1.4,1.8,727,520,1.4,50.54%,52.58%,-0.163439,2026-09-05
LITE,881.26,2026-09-11,6,Call,900.00,-2.13%,20.8,22.8,23.4,802,572,1.4,71.99%,66.64%,0.422044,2026-09-05
AMD,477.57,2026-09-09,4,Call,460.00,+3.68%,19.75,20.55,20.55,810,577,1.4,49.79%,43.31%,0.804655,2026-09-05
MRVL,223.55,2026-09-11,6,Put,205.00,-8.30%,1.02,1.1,1.21,1041,744,1.4,63.48%,60.99%,-0.124302,2026-09-05
MSTR,142.8,2026-09-11,6,Call,170.00,-19.05%,0.64,0.65,0.65,1464,1045,1.4,75.03%,94.64%,0.085129,2026-09-05
AXTI,61.64,2026-09-18,13,Call,62.00,-0.58%,4.7,4.8,5.4,1565,1117,1.4,107.24%,111.77%,0.533462,2026-09-05
TSLA,354.08,2026-09-11,6,Put,325.00,-8.21%,0.42,0.43,0.44,2072,1481,1.4,40.37%,42.15%,-0.05229,2026-09-05
SPCX,147.95,2026-10-02,27,Call,150.00,-1.39%,7.1,6.95,7.25,2190,1559,1.4,50.41%,49.42%,0.493936,2026-09-05
IREN,44.68,2026-09-11,6,Call,43.00,+3.76%,2.77,2.81,2.84,2771,1986,1.4,87.42%,81.55%,0.664442,2026-09-05
RCL,265.19,2026-10-02,27,Call,265.00,+0.07%,9.6,10.35,11.1,537,386,1.39,37.22%,35.27%,0.525509,2026-09-05
AVGO,357.89,2027-02-19,167,Call,400.00,-11.77%,26.5,26.45,27.8,583,420,1.39,37.03%,42.57%,0.422205,2026-09-05
MCD,255.69,2026-10-16,41,Call,260.00,-1.69%,5.6,5.7,5.8,651,468,1.39,20.58%,22.00%,0.428337,2026-09-05
CBRS,210.05,2026-09-18,13,Call,220.00,-4.74%,7.5,8.1,8.8,1352,973,1.39,76.26%,76.65%,0.405658,2026-09-05
BMNR,24.97,2026-09-11,6,Put,24.00,-3.88%,0.47,0.49,0.53,2119,1526,1.39,76.42%,72.55%,-0.316381,2026-09-05
BMNR,24.97,2026-09-11,6,Call,26.00,-4.12%,0.52,0.57,0.59,2224,1603,1.39,76.42%,75.25%,0.357594,2026-09-05
INTC,95.8,2026-09-09,4,Call,92.00,+3.97%,4.4,4.5,4.65,3006,2162,1.39,61.80%,52.79%,0.778185,2026-09-05
NVDA,230.36,2026-09-25,20,Call,240.00,-4.18%,3.35,3.4,3.5,10467,7518,1.39,34.41%,32.39%,0.315617,2026-09-05
ANF,149.67,2026-09-11,6,Put,145.00,-3.12%,1.25,2.1,2.55,577,418,1.38,48.19%,50.57%,-0.298657,2026-09-05
MSTR,142.8,2026-09-18,13,Put,123.00,-13.87%,1.23,1.21,1.44,640,463,1.38,75.03%,74.17%,-0.126163,2026-09-05
UBER,75.76,2026-09-11,6,Call,75.00,+1.00%,1.63,1.8,1.84,1108,804,1.38,34.99%,33.55%,0.606349,2026-09-05
SNOW,337.18,2026-09-18,13,Call,350.00,-3.80%,6.2,6.3,6.55,3046,2205,1.38,43.58%,44.57%,0.349657,2026-09-05
MRVL,223.55,2026-09-11,6,Call,240.00,-7.36%,1.92,1.94,2,3428,2487,1.38,63.48%,62.80%,0.20199,2026-09-05
FJET,2.8,2027-03-19,195,Put,5.00,+78.57%,2.8,2.8,2.85,560,409,1.37,104.46%,146.79%,-0.502486,2026-09-05
DELL,524.14,2026-09-11,6,Put,460.00,-12.24%,0.8,0.78,0.9,660,483,1.37,62.50%,62.63%,-0.047288,2026-09-05
META,616.77,2026-09-11,6,Put,615.00,-0.29%,9.8,9.85,10,799,582,1.37,35.99%,34.62%,-0.461439,2026-09-05
DELL,524.14,2026-09-11,6,Put,512.50,-2.22%,10.9,10.45,11.15,837,610,1.37,62.50%,61.44%,-0.370639,2026-09-05
INTC,95.8,2026-09-18,13,Call,97.00,-1.25%,3.7,3.97,4.25,1237,904,1.37,61.80%,62.09%,0.484667,2026-09-05
META,616.77,2026-09-11,6,Call,630.00,-2.15%,5.85,5.88,5.95,1751,1278,1.37,35.99%,35.09%,0.330917,2026-09-05
HPE,52,2026-09-11,6,Call,53.00,-1.92%,1.16,1.2,1.25,1868,1366,1.37,56.55%,61.41%,0.421726,2026-09-05
TSLA,354.08,2026-09-11,6,Put,320.00,-9.62%,0.28,0.3,0.29,2210,1618,1.37,40.37%,44.48%,-0.034928,2026-09-05
AMZN,258.51,2026-09-18,13,Call,267.50,-3.48%,2.44,2.54,2.59,2397,1754,1.37,30.40%,29.56%,0.287158,2026-09-05
META,616.77,2026-09-09,4,Call,620.00,-0.52%,6.3,6.38,6.45,3961,2886,1.37,35.99%,30.16%,0.444997,2026-09-05
NN,15.18,2026-09-11,6,Call,20.00,-31.75%,0.3,0.38,0.4,5412,3944,1.37,115.72%,205.65%,0.180925,2026-09-05
ASST,27.14,2026-09-18,13,Put,25.00,-7.89%,0.67,0.8,0.95,501,369,1.36,85.95%,85.58%,-0.275489,2026-09-05
RCL,265.19,2026-10-02,27,Call,270.00,-1.81%,7.4,8.15,8.9,530,391,1.36,37.22%,35.41%,0.448396,2026-09-05
UBER,75.76,2026-09-18,13,Call,76.00,-0.32%,1.82,1.92,2.01,607,445,1.36,34.99%,34.78%,0.501723,2026-09-05
XYZ,82.76,2026-09-11,6,Call,84.00,-1.50%,1.08,1.3,1.28,951,697,1.36,39.55%,40.10%,0.400526,2026-09-05
PANW,333.26,2027-12-17,468,Call,410.00,-23.03%,56.75,60.35,63.5,1360,1000,1.36,47.28%,53.10%,0.516954,2026-09-05
LULU,100.61,2026-10-16,41,Put,95.00,-5.58%,2.8,2.9,2.96,1425,1046,1.36,41.44%,40.95%,-0.304277,2026-09-05
QCOM,168.74,2026-09-11,6,Call,180.00,-6.67%,0.55,0.6,0.64,1499,1106,1.36,41.94%,43.42%,0.129566,2026-09-05
AMD,477.57,2027-09-17,377,Put,330.00,-30.90%,26.6,27.9,28.95,1593,1169,1.36,49.79%,53.91%,-0.155932,2026-09-05
AAPL,319.97,2026-09-09,4,Call,345.00,-7.82%,0.09,0.1,0.1,2416,1776,1.36,25.16%,35.20%,0.021938,2026-09-05
NKE,38.4,2026-09-11,6,Put,38.00,-1.04%,0.36,0.38,0.4,3392,2495,1.36,41.86%,28.47%,-0.380795,2026-09-05
MEI,15.69,2026-10-16,41,Put,15.00,-4.40%,0.85,1.02,1.25,505,374,1.35,74.84%,67.70%,-0.373513,2026-09-04
RKLB,64.26,2026-09-18,13,Call,69.00,-7.38%,1.4,1.46,1.49,506,374,1.35,67.34%,65.01%,0.305623,2026-09-05
DELL,524.14,2026-09-11,6,Put,480.00,-8.42%,2.54,2.46,2.67,639,472,1.35,62.50%,61.56%,-0.122976,2026-09-05
LYFT,16.72,2026-09-11,6,Put,16.50,-1.32%,0.2,0.25,0.28,1025,761,1.35,44.47%,40.31%,-0.385198,2026-09-05
LULU,100.61,2026-11-20,76,Put,90.00,-10.55%,2.74,2.95,3.15,1590,1178,1.35,41.44%,41.82%,-0.237659,2026-09-05
WULF,16.51,2026-09-11,6,Put,15.00,-9.15%,0.14,0.16,0.17,2348,1738,1.35,81.57%,79.09%,-0.166074,2026-09-05
MSFT,499.7,2026-09-18,13,Call,545.00,-9.07%,0.31,0.34,0.44,5344,3961,1.35,24.61%,25.50%,0.039376,2026-09-05
ONDS,7.62,2026-09-11,6,Put,7.50,-1.57%,0.18,0.18,0.19,4348,3238,1.34,71.77%,62.61%,-0.403575,2026-09-05
MU,1016.59,2026-09-18,13,Call,1040.00,-2.30%,34.9,36,37,4745,3551,1.34,64.65%,59.69%,0.446489,2026-09-05
NVDA,230.36,2026-09-25,20,Call,235.00,-2.01%,5.05,5.15,5.25,8507,6347,1.34,34.41%,32.55%,0.420385,2026-09-05
TSLA,354.08,2026-09-09,4,Call,400.00,-12.97%,0.23,0.23,0.24,25259,18850,1.34,40.37%,59.85%,0.028169,2026-09-05
CBRS,210.05,2026-09-11,6,Call,210.00,+0.02%,7.6,8.15,8.7,700,522,1.34,76.26%,75.10%,0.522653,2026-09-05
WMT,107.14,2026-09-11,6,Put,110.00,+2.67%,2.69,2.93,4.4,720,536,1.34,22.25%,32.31%,-0.72893,2026-09-05
OKLO,41.27,2026-09-11,6,Call,45.00,-9.04%,0.41,0.43,0.45,867,648,1.34,74.35%,75.63%,0.201075,2026-09-05
RIVN,15.74,2026-09-11,6,Put,16.00,+1.65%,0.5,0.5,0.56,1254,936,1.34,53.90%,48.23%,-0.589852,2026-09-05
MO,68.88,2026-10-16,41,Put,65.00,-5.63%,0.84,0.84,1,1273,951,1.34,23.47%,25.98%,-0.246511,2026-09-05
GOOGL,338.46,2026-09-11,6,Call,335.00,+1.02%,6.5,6.69,6.8,1391,1039,1.34,28.49%,26.71%,0.630538,2026-09-05
AVGO,357.89,2026-09-11,6,Put,345.00,-3.60%,2.05,2.1,2.22,1771,1318,1.34,37.03%,37.53%,-0.213122,2026-09-05
SKHY,177,2026-09-11,6,Put,155.00,-12.43%,0.4,0.45,0.46,1966,1467,1.34,64.02%,69.26%,-0.061146,2026-09-05
MRVL,223.55,2026-09-11,6,Call,250.00,-11.83%,0.85,0.88,0.9,2207,1644,1.34,63.48%,65.86%,0.101096,2026-09-05
ARM,252.09,2026-09-11,6,Call,300.00,-19.01%,0.4,0.46,0.48,542,407,1.33,64.23%,77.27%,0.044489,2026-09-05
BABA,113.24,2026-09-11,6,Call,119.00,-5.09%,0.43,0.53,0.55,543,407,1.33,41.64%,38.98%,0.166533,2026-09-05
LRCX,307.65,2026-11-20,76,Call,330.00,-7.26%,26.25,27.86,28.45,550,413,1.33,60.00%,63.39%,0.470342,2026-09-05
AVGO,357.89,2026-09-09,4,Call,385.00,-7.57%,0.27,0.28,0.32,551,414,1.33,37.03%,40.97%,0.047135,2026-09-05
TFPM,33.92,2026-10-16,41,Call,35.00,-3.18%,1.5,1.58,1.65,725,546,1.33,45.26%,43.97%,0.453502,2026-09-05
VRT,280.53,2026-10-16,41,Put,260.00,-7.32%,10.45,10.78,11.3,790,593,1.33,55.27%,54.96%,-0.300342,2026-09-05
NOW,141.26,2026-09-11,6,Put,141.00,-0.18%,3.4,3.45,3.6,830,624,1.33,51.97%,50.79%,-0.472804,2026-09-05
AVGO,357.89,2026-09-11,6,Put,355.00,-0.81%,5.2,5.25,5.6,1304,983,1.33,37.03%,37.39%,-0.420065,2026-09-05
CRWD,213.1,2026-09-11,6,Put,200.00,-6.15%,1.09,1.13,1.19,1540,1156,1.33,50.77%,50.53%,-0.153849,2026-09-05
XEL,75.72,2026-11-20,76,Put,75.00,-0.95%,2.6,2.9,3.1,1552,1165,1.33,22.84%,23.73%,-0.437521,2026-09-05
AAL,13.13,2026-09-11,6,Call,13.50,-2.82%,0.11,0.13,0.12,1658,1245,1.33,44.54%,37.99%,0.293006,2026-09-05
CRM,259.23,2026-09-11,6,Put,255.00,-1.63%,2.82,3.05,3.15,1769,1333,1.33,39.34%,36.89%,-0.351839,2026-09-05
AMAT,454.71,2027-01-15,132,Call,550.00,-20.96%,30.15,31.8,33.25,509,385,1.32,53.35%,56.32%,0.360204,2026-09-05
ANET,193.78,2026-09-11,6,Call,205.00,-5.79%,0.98,1.08,1.21,520,393,1.32,48.13%,46.12%,0.180789,2026-09-05
SKHY,177,2026-09-11,6,Put,167.50,-5.37%,2.04,2.12,2.5,526,399,1.32,64.02%,66.55%,-0.243388,2026-09-05
CRDO,170.57,2026-09-11,6,Call,175.00,-2.60%,4.9,5.3,5.3,662,500,1.32,74.29%,79.87%,0.42332,2026-09-05
BRK.B,506.03,2026-09-11,6,Call,507.50,-0.29%,2.36,2.62,2.7,842,640,1.32,13.99%,11.88%,0.442882,2026-09-05
INTC,95.8,2026-09-18,13,Call,96.00,-0.21%,4.35,4.41,4.55,1105,840,1.32,61.80%,62.36%,0.520055,2026-09-05
PYPL,54.96,2026-09-11,6,Call,56.00,-1.89%,0.58,0.64,0.7,5397,4113,1.31,35.17%,37.80%,0.361716,2026-09-05
CRCL,102.05,2026-09-11,6,Call,101.00,+1.03%,4.3,4.6,4.9,690,525,1.31,79.93%,77.48%,0.563482,2026-09-05
AAPL,319.97,2026-10-02,27,Put,305.00,-4.68%,3.1,3.14,3.2,867,662,1.31,25.16%,26.17%,-0.230021,2026-09-05
AMD,477.57,2026-09-11,6,Call,550.00,-15.17%,0.37,0.41,0.42,915,699,1.31,49.79%,57.15%,0.029891,2026-09-05
TSLA,354.08,2026-10-16,41,Call,355.00,-0.26%,19.4,19.45,19.55,1822,1388,1.31,40.37%,40.61%,0.531725,2026-09-05
NBIS,226.39,2026-09-11,6,Put,200.00,-11.66%,1.42,1.45,1.49,2003,1530,1.31,85.02%,84.90%,-0.115425,2026-09-05
INTC,95.8,2026-09-25,20,Put,65.00,-32.15%,0.05,0.1,0.1,2590,1980,1.31,61.80%,76.65%,-0.011905,2026-09-05
AMAT,454.71,2027-03-19,195,Call,820.00,-80.33%,10.95,11.9,13.55,517,399,1.3,53.35%,60.59%,0.142508,2026-09-05
TLRY,4.5,2026-09-11,6,Put,5.00,+11.11%,0.27,0.52,0.78,546,419,1.3,72.24%,71.46%,-0.865377,2026-09-05
WFC,89.97,2026-09-11,6,Call,91.00,-1.14%,0.56,0.62,0.63,563,434,1.3,27.54%,22.04%,0.35219,2026-09-05
NTAP,185.59,2026-09-18,13,Put,180.00,-3.01%,3.4,3.65,3.9,596,460,1.3,46.60%,44.32%,-0.338352,2026-09-05
QURE,44.5,2026-11-20,76,Call,70.00,-57.30%,1.75,2.37,2.9,604,466,1.3,108.34%,102.39%,0.23591,2026-09-05
MRNA,145.55,2026-09-18,13,Call,250.00,-71.76%,0.05,0.1,0.19,618,474,1.3,73.72%,119.60%,0.011378,2026-09-05
SMR,9.7,2026-09-18,13,Put,9.50,-2.06%,0.39,0.47,0.49,771,595,1.3,76.83%,74.67%,-0.410672,2026-09-05
TSLA,354.08,2026-09-25,20,Put,335.00,-5.39%,5.25,5.3,5.35,788,606,1.3,40.37%,39.86%,-0.254994,2026-09-05
AEO,17.39,2026-09-11,6,Call,18.00,-3.51%,0.96,1,1.08,859,660,1.3,76.58%,144.07%,0.462494,2026-09-05
AMD,477.57,2026-09-25,20,Call,500.00,-4.70%,13.4,13.55,13.7,1561,1197,1.3,49.79%,49.76%,0.374956,2026-09-05
APLD,26.37,2027-01-15,132,Call,42.00,-59.27%,1.21,1.69,2.13,3442,2638,1.3,83.75%,84.14%,0.261245,2026-09-05
CRWV,89.36,2026-09-11,6,Put,87.00,-2.64%,2.21,2.24,2.27,5136,3937,1.3,76.04%,73.32%,-0.368009,2026-09-05
TSLA,354.08,2026-09-11,6,Call,400.00,-12.97%,0.38,0.39,0.39,19876,15294,1.3,40.37%,53.17%,0.040408,2026-09-05
INTC,95.8,2026-09-11,6,Put,90.00,-6.05%,0.8,0.86,0.88,3855,2989,1.29,61.80%,60.26%,-0.196814,2026-09-05
PEP,137.63,2026-09-11,6,Put,135.00,-1.91%,0.33,0.37,0.5,563,437,1.29,22.64%,19.15%,-0.213365,2026-09-05
BAC,62.68,2026-09-25,20,Call,63.00,-0.51%,1.09,1.11,1.18,705,545,1.29,24.26%,21.48%,0.477257,2026-09-05
RIG,5.85,2026-10-16,41,Call,6.00,-2.56%,0.29,0.31,0.32,1101,855,1.29,46.03%,49.60%,0.455824,2026-09-05
BMNR,24.97,2026-09-11,6,Put,23.00,-7.89%,0.2,0.24,0.24,1593,1231,1.29,76.42%,71.55%,-0.171729,2026-09-05
QCOM,168.74,2026-09-11,6,Put,165.00,-2.22%,1.82,1.8,1.92,509,397,1.28,41.94%,40.24%,-0.321087,2026-09-05
LITE,881.26,2026-09-11,6,Call,1000.00,-13.47%,2.9,3.13,3.2,519,404,1.28,71.99%,69.86%,0.086934,2026-09-05
CRML,7.28,2026-09-18,13,Call,9.00,-23.63%,0.05,0.15,0.2,528,413,1.28,98.14%,107.09%,0.17307,2026-09-05
SNOW,337.18,2026-09-11,6,Put,350.00,+3.80%,14.55,15.15,16.4,913,713,1.28,43.58%,42.79%,-0.74136,2026-09-05
CRM,259.23,2026-09-11,6,Call,270.00,-4.15%,1.46,1.48,1.75,979,765,1.28,39.34%,39.28%,0.219598,2026-09-05
INTC,95.8,2026-09-11,6,Call,94.00,+1.88%,3.7,4,4.25,2324,1809,1.28,61.80%,61.02%,0.613334,2026-09-05
NOK,10.03,2026-09-18,13,Put,9.50,-5.28%,0.16,0.18,0.19,2355,1837,1.28,53.95%,52.51%,-0.272518,2026-09-05
CIFR,17.74,2026-11-20,76,Put,15.00,-15.45%,1.6,1.69,2.06,2727,2135,1.28,96.25%,103.63%,-0.272715,2026-09-05
AMD,477.57,2027-06-17,285,Call,600.00,-25.64%,59,60,61.75,3022,2370,1.28,49.79%,56.60%,0.44274,2026-09-05
PFE,28.45,2026-09-11,6,Call,29.00,-1.93%,0.11,0.11,0.13,3253,2538,1.28,22.66%,22.22%,0.251378,2026-09-05
SOFI,18.22,2026-09-11,6,Call,19.00,-4.28%,0.17,0.18,0.18,15986,12470,1.28,49.48%,48.45%,0.262972,2026-09-05
TSLA,354.08,2026-11-20,76,Call,500.00,-41.21%,2.97,3,3.05,5650,4450,1.27,40.37%,50.32%,0.08777,2026-09-05
MRVL,223.55,2026-10-09,34,Put,195.00,-12.77%,5.5,5.5,5.85,547,430,1.27,63.48%,64.10%,-0.208575,2026-09-05
AMD,477.57,2026-09-11,6,Put,455.00,-4.73%,3.65,3.75,3.95,593,466,1.27,49.79%,49.86%,-0.212516,2026-09-05
MRVL,223.55,2026-09-18,13,Call,247.50,-10.71%,3,3,3.3,693,547,1.27,63.48%,63.44%,0.217739,2026-09-05
VKTX,34.87,2026-09-11,6,Call,36.00,-3.24%,0.83,1.1,2.08,707,556,1.27,106.19%,108.25%,0.437963,2026-09-05
NOW,141.26,2026-09-18,13,Put,135.00,-4.43%,2.7,2.76,2.86,1058,835,1.27,51.97%,51.91%,-0.300452,2026-09-05
CRM,259.23,2026-09-11,6,Put,250.00,-3.56%,1.63,1.65,1.7,2082,1642,1.27,39.34%,38.49%,-0.221166,2026-09-05
HPE,52,2026-11-20,76,Put,50.00,-3.85%,4.05,4.15,4.25,2207,1736,1.27,56.55%,56.31%,-0.382255,2026-09-05
SPCX,147.95,2026-09-11,6,Put,141.00,-4.70%,1.25,1.26,1.28,2733,2147,1.27,50.41%,51.26%,-0.219721,2026-09-05
AAOI,105.53,2026-09-11,6,Put,100.00,-5.24%,2.05,2.26,2.5,586,464,1.26,89.92%,86.27%,-0.292297,2026-09-05
YETI,40.82,2026-09-18,13,Call,42.50,-4.12%,0.35,0.8,0.95,802,635,1.26,37.29%,41.64%,0.323638,2026-09-05
LULU,100.61,2026-12-18,104,Call,125.00,-24.24%,3.35,3.55,3.8,811,645,1.26,41.44%,49.07%,0.255895,2026-09-05
MSTR,142.8,2026-09-25,20,Call,160.00,-12.04%,4.75,4.85,5,845,669,1.26,75.03%,80.77%,0.309761,2026-09-05
CRWV,89.36,2026-09-11,6,Put,82.00,-8.24%,0.76,0.77,0.79,936,743,1.26,76.04%,73.22%,-0.166421,2026-09-05
CRWV,89.36,2027-03-19,195,Call,135.00,-51.07%,9.65,9.35,10.3,1002,793,1.26,76.04%,82.61%,0.364593,2026-09-05
APLD,26.37,2026-09-11,6,Call,30.00,-13.77%,0.09,0.1,0.12,1239,982,1.26,83.75%,73.42%,0.093952,2026-09-05
NVDA,230.36,2026-09-14,9,Put,220.00,-4.50%,1.12,1.16,1.33,1416,1127,1.26,34.41%,33.62%,-0.180984,2026-09-05
INTC,95.8,2026-09-18,13,Call,94.00,+1.88%,5.3,5.42,5.7,1453,1152,1.26,61.80%,62.85%,0.590298,2026-09-05
CRWV,89.36,2026-09-25,20,Call,100.00,-11.91%,2.77,2.81,2.86,1920,1522,1.26,76.04%,77.15%,0.300937,2026-09-05
CIFR,17.74,2026-10-16,41,Put,17.00,-4.17%,1.73,1.78,2.1,2094,1667,1.26,96.25%,99.42%,-0.380423,2026-09-05
TSLA,354.08,2026-09-11,6,Call,382.50,-8.03%,0.87,0.88,0.88,2104,1672,1.26,40.37%,44.54%,0.094577,2026-09-05
ZS,169.8,2026-10-16,41,Call,200.00,-17.79%,2.75,3.14,3.8,586,467,1.25,50.54%,52.94%,0.208843,2026-09-05
ASTS,62.31,2026-09-11,6,Call,68.00,-9.13%,0.59,0.63,0.7,589,472,1.25,74.93%,75.90%,0.199518,2026-09-05
HPE,52,2026-09-11,6,Put,50.00,-3.85%,0.73,0.75,0.83,680,546,1.25,56.55%,60.98%,-0.292672,2026-09-05
JPM,358.64,2026-09-11,6,Put,355.00,-1.01%,2.03,2.22,2.3,682,547,1.25,24.03%,20.51%,-0.340233,2026-09-05
GOOGL,338.46,2026-09-11,6,Put,340.00,+0.46%,5.2,5.25,5.4,822,659,1.25,28.49%,26.40%,-0.541765,2026-09-05
AA,49.97,2026-12-18,104,Put,40.00,-19.95%,1.37,1.38,1.48,874,701,1.25,48.88%,52.41%,-0.167562,2026-09-05
GME,19.16,2026-09-11,6,Call,22.50,-17.43%,0.08,0.17,0.18,948,759,1.25,50.51%,99.55%,0.114954,2026-09-05
AMD,477.57,2026-09-18,13,Call,475.00,+0.54%,19,19.41,19.6,1259,1011,1.25,49.79%,49.31%,0.547132,2026-09-05
INTC,95.8,2026-10-09,34,Put,77.00,-19.62%,0.85,0.86,1.05,1518,1211,1.25,61.80%,61.68%,-0.102174,2026-09-05
AVGO,357.89,2026-09-11,6,Put,350.00,-2.20%,3.4,3.5,3.6,1548,1238,1.25,37.03%,37.45%,-0.309462,2026-09-05
OPEN,3.15,2026-09-11,6,Call,3.00,+4.76%,0.17,0.17,0.19,1636,1306,1.25,65.56%,52.76%,0.777562,2026-09-05
COIN,184.64,2026-12-18,104,Put,140.00,-24.18%,6.8,7.55,8,1678,1343,1.25,65.82%,69.46%,-0.169154,2026-09-05
TSLA,354.08,2027-12-17,468,Call,800.00,-125.94%,13,13.5,13.45,2104,1681,1.25,40.37%,51.60%,0.155303,2026-09-05
PL,18.12,2026-10-16,41,Call,18.00,+0.66%,1.7,1.75,1.9,500,404,1.24,69.89%,70.75%,0.565197,2026-09-05
IONQ,39.52,2026-09-11,6,Put,39.00,-1.32%,1.26,1.43,1.52,535,430,1.24,74.37%,82.04%,-0.42731,2026-09-05
BE,252.87,2026-09-18,13,Call,245.00,+3.11%,22.2,22.77,23.05,574,464,1.24,90.84%,97.53%,0.606748,2026-09-05
OXY,60.04,2026-09-11,6,Put,60.00,-0.07%,0.96,1,1.06,646,522,1.24,30.95%,33.83%,-0.482797,2026-09-05
TSLA,354.08,2026-10-02,27,Call,375.00,-5.91%,8.2,8.25,8.3,689,556,1.24,40.37%,41.32%,0.333333,2026-09-05
TSLA,354.08,2026-09-18,13,Put,337.50,-4.68%,3.95,4.15,4.05,809,654,1.24,40.37%,39.79%,-0.244655,2026-09-05
MU,1016.59,2026-09-18,13,Put,990.00,-2.62%,30.95,31.78,32.45,870,704,1.24,64.65%,58.56%,-0.380293,2026-09-05
CIFR,17.74,2026-09-18,13,Call,18.50,-4.28%,0.96,1.01,1.1,923,747,1.24,96.25%,100.41%,0.452303,2026-09-05
MDT,94.17,2026-10-16,41,Call,92.50,+1.77%,3.85,3.9,4.1,1032,832,1.24,25.08%,24.36%,0.604221,2026-09-05
BABA,113.24,2026-09-11,6,Put,105.00,-7.28%,0.1,0.15,0.18,1137,919,1.24,41.64%,38.09%,-0.057991,2026-09-05
IREN,44.68,2026-09-11,6,Put,40.00,-10.47%,0.33,0.36,0.36,1310,1054,1.24,87.42%,83.12%,-0.136394,2026-09-05
SNAP,5.47,2026-09-11,6,Put,5.50,+0.55%,0.15,0.15,0.16,1901,1533,1.24,55.61%,50.29%,-0.51808,2026-09-05
NVDA,230.36,2026-09-09,4,Put,217.50,-5.58%,0.21,0.22,0.23,2371,1913,1.24,34.41%,35.68%,-0.05873,2026-09-05
ONDS,7.62,2026-09-11,6,Call,8.00,-4.99%,0.11,0.11,0.12,5756,4651,1.24,71.77%,65.34%,0.297358,2026-09-05
Downloaded from Barchart.com as of 09-07-2026 11:44pm CDT
