Symbol,Price~,"Exp Date",DTE,Type,Strike,Moneyness,Bid,Latest,Ask,Volume,"Open Int",Vol/OI,"Imp Vol",IV,Delta,Time
META,742.67,2026-10-05,0,Put,740.00,-0.37%,0.27,0.28,0.32,28636,142,201.66,39.75%,7.63%,-0.183597,"14:54 ET"
KHC,21.86,2026-10-16,11,Call,22.00,-0.59%,0.34,0.34,0.38,20435,112,182.46,29.38%,28.05%,0.457911,"14:49 ET"
TSLA,380.11,2026-10-05,0,Put,380.00,-0.11%,0.4,0.41,0.41,96988,667,145.41,42.04%,10.34%,-0.308123,"14:57 ET"
META,742.67,2026-10-05,0,Put,745.00,+0.31%,2.73,2.8,2.8,19780,138,143.33,39.75%,8.05%,-0.779041,"14:54 ET"
AMD,630.45,2026-10-05,0,Put,627.50,-0.60%,0.35,0.39,0.4,19001,158,120.26,51.44%,8.95%,-0.222251,"14:53 ET"
KHC,21.86,2026-10-16,11,Call,22.50,-2.88%,0.16,0.19,0.19,20782,193,107.68,29.38%,27.31%,0.27937,"14:36 ET"
AVGO,363.05,2026-10-05,0,Put,362.50,-0.07%,0.59,0.61,0.67,14612,163,89.64,36.74%,9.85%,-0.449666,"14:53 ET"
UMC,23.86,2028-01-21,473,Call,30.00,-25.94%,4.7,4.7,4.8,40224,464,86.69,62.45%,65.03%,0.496641,"14:45 ET"
SPCX,167.86,2026-10-09,4,Put,170.00,+1.74%,4.55,4.6,4.65,9258,108,85.72,49.93%,52.37%,-0.561606,"14:58 ET"
SPCX,167.86,2026-10-09,4,Put,165.00,-1.25%,2.21,2.22,2.23,42459,552,76.92,49.93%,52.33%,-0.348076,"14:58 ET"
TSLA,380.11,2026-10-05,0,Call,382.50,-0.55%,0.23,0.24,0.24,167057,2192,76.21,42.04%,9.53%,0.218243,"14:57 ET"
CLSK,12.28,2026-10-30,25,Put,10.50,-14.43%,0.26,0.27,0.28,8725,120,72.71,78.27%,76.25%,-0.183388,"14:37 ET"
TSLA,380.11,2026-10-05,0,Call,380.00,+0.11%,1.26,1.27,1.27,369078,5418,68.12,42.04%,7.90%,0.744855,"14:57 ET"
SKHY,194.93,2026-11-06,32,Put,155.00,-20.39%,0.93,1.03,1.13,8383,134,62.56,51.82%,54.91%,-0.069291,"14:55 ET"
INTC,116.72,2026-10-05,0,Call,117.00,+0.21%,0.14,0.14,0.16,33913,556,60.99,62.79%,12.78%,0.304611,"14:54 ET"
TSLA,380.11,2026-10-05,0,Put,382.50,+0.55%,1.83,1.86,1.88,11897,200,59.49,42.04%,11.78%,-0.73793,"14:57 ET"
UMC,23.86,2028-01-21,473,Call,27.00,-13.35%,5.5,5.5,5.7,9413,167,56.37,62.45%,65.76%,0.554133,"14:31 ET"
MU,1061.4,2026-10-05,0,Call,"1,065.00",-0.20%,0.61,0.61,0.64,38609,724,53.33,46.69%,10.78%,0.191438,"14:54 ET"
SPCX,167.86,2026-10-09,4,Put,167.50,+0.25%,3.2,3.25,3.3,14663,283,51.81,49.93%,51.99%,-0.45378,"14:58 ET"
SPCX,167.86,2026-10-09,4,Put,162.50,-2.75%,1.44,1.45,1.47,16932,335,50.54,49.93%,52.86%,-0.253576,"14:58 ET"
TSLA,380.11,2026-10-07,2,Put,375.00,-1.42%,2.21,2.21,2.24,16069,334,48.11,42.04%,41.56%,-0.295902,"14:57 ET"
NVDA,238.81,2026-10-07,2,Put,237.50,-0.46%,1.57,1.59,1.59,21603,460,46.96,33.56%,32.74%,-0.384417,"14:54 ET"
MU,1061.4,2026-10-05,0,Put,"1,065.00",+0.20%,5.5,5.7,5.85,17427,393,44.34,46.69%,9.50%,-0.844258,"14:53 ET"
TSLA,380.11,2026-10-05,0,Put,385.00,+1.21%,4.1,4.11,4.45,5916,135,43.82,42.04%,19.14%,-0.852666,"14:57 ET"
NVDA,238.81,2026-10-05,0,Call,237.50,+0.46%,1.58,1.58,1.59,381490,8882,42.95,33.56%,0.00%,0,"14:54 ET"
RXRX,4.76,2026-10-09,4,Call,5.00,-4.17%,0.14,0.16,0.17,5362,125,42.9,92.22%,115.92%,0.399257,"14:57 ET"
KHC,21.86,2026-10-16,11,Put,21.00,-3.98%,0.09,0.1,0.11,7842,186,42.16,29.38%,26.09%,-0.181559,"14:54 ET"
CORZ,16.4,2026-10-09,4,Call,17.50,-7.49%,0.11,0.14,0.16,3690,100,36.9,74.45%,69.47%,0.207224,"14:51 ET"
INTC,116.72,2027-01-15,102,Call,240.00,-104.69%,0.68,0.71,0.76,5359,151,35.49,62.79%,71.54%,0.04526,"14:40 ET"
MU,1061.4,2026-10-05,0,Call,"1,070.00",-0.67%,0.16,0.17,0.18,55414,1573,35.23,46.69%,11.87%,0.060444,"14:54 ET"
NU,15.23,2026-10-09,4,Put,15.00,-1.64%,0.22,0.23,0.24,4315,126,34.25,51.12%,53.36%,-0.37724,"14:53 ET"
DKS,137.4,2026-11-20,46,Put,115.00,-16.24%,0.9,1.04,1.05,10790,316,34.15,42.35%,41.05%,-0.097191,"14:26 ET"
INTC,116.72,2026-10-05,0,Call,116.00,+1.07%,0.69,0.7,0.74,13702,402,34.08,62.79%,13.75%,0.766282,"14:54 ET"
META,742.67,2026-10-05,0,Call,742.50,+0.03%,1.09,1.14,1.18,19967,588,33.96,39.75%,6.87%,0.523626,"14:54 ET"
INTC,116.72,2026-10-07,2,Call,117.00,+0.21%,1.82,1.86,1.89,5041,149,33.83,62.79%,59.25%,0.478536,"14:53 ET"
AAPL,333.13,2026-10-05,0,Put,332.50,-0.10%,0.1,0.1,0.12,95751,2853,33.56,24.97%,6.06%,-0.190212,"14:53 ET"
DT,60.52,2026-10-16,11,Put,55.00,-8.91%,0.2,0.25,0.35,3456,105,32.91,45.61%,47.16%,-0.11081,"14:36 ET"
MSFT,527.07,2026-10-05,0,Call,527.50,-0.37%,0.57,0.58,0.59,60928,1855,32.85,30.03%,6.94%,0.419612,"14:53 ET"
AVGO,363.05,2026-10-05,0,Call,362.50,+0.07%,0.86,0.92,0.93,37645,1165,32.31,36.74%,10.26%,0.549646,"14:53 ET"
INFQ,12.65,2026-10-30,25,Put,11.00,-13.32%,0.25,0.3,0.4,4265,135,31.59,82.64%,77.36%,-0.203672,"14:29 ET"
MU,1061.4,2026-10-05,0,Put,"1,055.00",-0.74%,0.57,0.57,0.58,15730,506,31.09,46.69%,9.95%,-0.190288,"14:54 ET"
AMZN,253.79,2026-10-07,2,Put,260.00,+2.60%,6.5,6.45,7.75,3300,111,29.73,35.30%,40.14%,-0.789638,"14:54 ET"
ALB,104.49,2026-12-18,74,Call,115.00,-9.96%,5.85,6,6.15,3765,127,29.65,52.60%,51.99%,0.393293,"12:37 ET"
META,742.67,2026-10-07,2,Call,750.00,-0.98%,4.75,4.8,4.85,12088,408,29.63,39.75%,35.90%,0.361848,"14:54 ET"
INTC,116.72,2026-10-07,2,Call,116.00,+1.07%,2.31,2.36,2.37,3524,125,28.19,62.79%,58.81%,0.556716,"14:53 ET"
TSLA,380.11,2026-10-05,0,Call,375.00,+1.42%,5.85,5.9,6,128017,4557,28.09,42.04%,0.00%,0,"14:57 ET"
AMZN,253.79,2026-10-05,0,Call,252.50,+0.36%,1.26,1.29,1.3,95337,3443,27.69,35.30%,6.81%,0.918208,"14:53 ET"
GOOGL,347.34,2026-10-05,0,Call,347.50,-0.21%,0.46,0.49,0.5,38745,1427,27.15,32.81%,6.06%,0.531253,"14:54 ET"
NVDA,238.81,2026-10-12,7,Put,237.50,-0.46%,2.77,2.78,2.79,4485,168,26.7,33.56%,27.19%,-0.416717,"14:53 ET"
AMD,630.45,2026-10-05,0,Put,630.00,-0.20%,1.21,1.21,1.3,18107,690,26.24,51.44%,8.53%,-0.539302,"14:53 ET"
V,369.02,2026-10-09,4,Call,385.00,-4.37%,0.12,0.13,0.14,4826,187,25.81,22.69%,22.09%,0.03825,"14:56 ET"
META,742.67,2026-10-05,0,Call,745.00,-0.31%,0.31,0.31,0.34,56917,2254,25.25,39.75%,7.34%,0.20458,"14:54 ET"
META,742.67,2026-10-07,2,Call,745.00,-0.31%,6.7,6.87,6.85,3383,138,24.51,39.75%,35.79%,0.459319,"14:53 ET"
WFC,81.59,2026-10-30,25,Put,70.00,-14.43%,0.11,0.13,0.2,3332,136,24.5,30.35%,36.23%,-0.04672,"11:45 ET"
NXH,2.05,2026-12-18,74,Call,2.50,-22.55%,0.2,0.25,0.25,5076,212,23.94,116.18%,99.57%,0.423816,"14:54 ET"
NVDA,238.81,2026-10-07,2,Put,240.00,+0.59%,2.73,2.75,2.76,6332,267,23.72,33.56%,32.27%,-0.556144,"14:53 ET"
TSLA,380.11,2026-10-07,2,Call,380.00,+0.11%,5.1,5.1,5.15,37799,1654,22.85,42.04%,40.70%,0.543034,"14:57 ET"
INTC,116.72,2026-10-07,2,Call,121.00,-3.20%,0.61,0.65,0.63,5121,225,22.76,62.79%,60.83%,0.212454,"14:53 ET"
NVDA,238.81,2026-10-05,0,Put,240.00,+0.59%,1.03,1.05,1.05,21120,931,22.69,33.56%,9.30%,-0.782092,"14:54 ET"
AAPL,333.13,2026-10-05,0,Call,332.50,+0.10%,1.01,1.05,1.05,50493,2228,22.66,24.97%,6.03%,0.811941,"14:54 ET"
TSLA,380.11,2026-10-05,0,Call,377.50,+0.76%,3.35,3.43,3.45,188851,8377,22.54,42.04%,0.00%,0,"14:57 ET"
AGNC,8.69,2026-10-30,25,Put,8.50,-2.19%,0.22,0.23,0.24,5204,232,22.43,30.13%,34.99%,-0.388824,"14:46 ET"
AVGO,363.05,2026-10-05,0,Call,365.00,-0.62%,0.11,0.12,0.14,42090,1905,22.09,36.74%,10.48%,0.127221,"14:53 ET"
XP,28.67,2027-01-15,102,Call,35.00,-22.12%,1.05,1.11,1.2,7573,345,21.95,61.38%,50.05%,0.273285,"14:53 ET"
PBR,24.57,2027-12-17,438,Put,25.00,+1.79%,3.95,3.98,4.45,2214,101,21.92,42.36%,40.54%,-0.408311,"12:29 ET"
TSLA,380.11,2026-10-07,2,Call,397.50,-4.49%,0.56,0.56,0.58,4381,209,20.96,42.04%,43.77%,0.099018,"14:57 ET"
TSM,486.89,2027-06-17,255,Put,440.00,-9.69%,32.2,32.5,32.95,11247,537,20.94,33.42%,36.96%,-0.293674,"14:00 ET"
META,742.67,2026-10-07,2,Call,785.00,-5.69%,0.33,0.33,0.38,3272,157,20.84,39.75%,41.98%,0.038706,"14:51 ET"
INTC,116.72,2026-10-07,2,Put,116.00,-1.07%,1.66,1.63,1.72,5389,263,20.49,62.79%,57.66%,-0.442772,"14:51 ET"
NVDA,238.81,2026-10-09,4,Put,250.00,+4.78%,11.1,11.15,11.15,4374,215,20.34,33.56%,30.08%,-0.921816,"14:54 ET"
NVDA,238.81,2026-10-07,2,Put,235.00,-1.50%,0.86,0.86,0.87,55730,2761,20.18,33.56%,34.03%,-0.240665,"14:54 ET"
NVDA,238.81,2026-10-09,4,Call,207.50,+13.03%,31.4,31.47,33,8326,413,20.16,33.56%,87.60%,0.944623,"14:44 ET"
ORCL,143.39,2026-11-06,32,Put,115.00,-19.84%,0.8,0.81,0.88,7943,399,19.91,51.28%,55.47%,-0.074505,"13:14 ET"
AMD,630.45,2026-10-05,0,Call,632.50,-0.19%,0.25,0.28,0.27,14301,723,19.78,51.44%,8.80%,0.169534,"14:53 ET"
GOOGL,347.34,2026-10-05,0,Put,347.50,+0.21%,0.42,0.45,0.48,3227,164,19.68,32.81%,6.79%,-0.474475,"14:53 ET"
PLTR,189.39,2027-01-15,102,Call,360.00,-90.18%,0.24,0.29,0.29,5027,257,19.56,52.25%,51.85%,0.015572,"14:28 ET"
AAOI,118,2026-10-09,4,Call,145.00,-22.05%,0.25,0.25,0.4,3250,167,19.46,96.50%,119.19%,0.054621,"14:50 ET"
META,742.67,2026-10-05,0,Put,747.50,+0.64%,4.9,4.8,5.1,4787,247,19.38,39.75%,8.95%,-0.927107,"14:53 ET"
NU,15.23,2026-10-09,4,Call,15.50,-1.64%,0.21,0.21,0.24,22719,1176,19.32,51.12%,52.78%,0.390971,"14:53 ET"
MSFT,527.07,2026-10-05,0,Call,525.00,+0.11%,2.13,2.18,2.3,32860,1741,18.87,30.03%,6.54%,0.881294,"14:53 ET"
MSFT,527.07,2026-10-09,4,Put,520.00,-1.06%,2.86,2.89,3.05,6638,355,18.7,30.03%,26.88%,-0.306943,"14:51 ET"
AMZN,253.79,2026-10-05,0,Put,255.00,+0.62%,1.2,1.23,1.37,5270,283,18.62,35.30%,5.94%,-0.962211,"14:51 ET"
MSFT,527.07,2026-10-07,2,Call,540.00,-2.75%,0.61,0.63,0.65,6445,347,18.57,30.03%,27.48%,0.120354,"14:53 ET"
WOLF,33.94,2027-01-15,102,Call,32.50,+4.64%,7.15,7.45,8.1,2005,108,18.56,105.22%,96.68%,0.642344,"14:17 ET"
MU,1061.4,2026-10-07,2,Put,"1,060.00",-0.27%,14.35,14.5,14.5,1973,107,18.44,46.69%,45.90%,-0.494755,"14:54 ET"
MU,1061.4,2026-10-07,2,Call,"1,065.00",-0.20%,12.2,12.5,12.45,3052,168,18.17,46.69%,46.97%,0.452009,"14:53 ET"
AMD,630.45,2026-10-05,0,Put,625.00,-1.00%,0.1,0.11,0.13,13763,762,18.06,51.44%,10.18%,-0.076635,"14:53 ET"
MU,1061.4,2026-10-05,0,Call,"1,060.00",+0.27%,2.05,2.08,2.11,18114,1011,17.92,46.69%,9.94%,0.485828,"14:54 ET"
META,742.67,2026-10-07,2,Call,740.00,+0.37%,9.2,9.33,9.35,3683,206,17.88,39.75%,35.80%,0.560418,"14:51 ET"
META,742.67,2026-10-07,2,Call,760.00,-2.33%,2.3,2.32,2.35,4717,265,17.8,39.75%,37.12%,0.205257,"14:52 ET"
META,742.67,2026-10-07,2,Put,740.00,-0.37%,6.45,6.52,6.55,2122,120,17.68,39.75%,35.55%,-0.439717,"14:54 ET"
AMZN,253.79,2026-10-07,2,Put,252.50,-0.36%,1.6,1.62,1.65,4523,256,17.67,35.30%,29.45%,-0.405078,"14:52 ET"
MU,1061.4,2026-10-07,2,Put,"1,065.00",+0.20%,17,17.14,17.3,2029,115,17.64,46.69%,46.05%,-0.549762,"14:54 ET"
MARA,10.94,2026-10-30,25,Put,9.00,-17.81%,0.16,0.16,0.17,8241,470,17.53,80.49%,76.76%,-0.135158,"14:32 ET"
NRG,97.24,2026-10-09,4,Call,103.00,-6.21%,0.4,0.5,0.75,1944,111,17.51,51.63%,57.53%,0.184554,"14:02 ET"
LMAT,81.09,2026-10-16,11,Call,85.00,-4.58%,0.4,0.42,0.6,1974,113,17.47,44.41%,30.55%,0.210124,"14:43 ET"
MU,1061.4,2026-10-09,4,Call,"1,065.00",-0.20%,19,19,19.3,3500,201,17.41,46.69%,48.47%,0.474075,"14:54 ET"
AMD,630.45,2026-10-05,0,Call,630.00,+0.20%,0.97,0.97,1.03,15641,900,17.38,51.44%,8.63%,0.463685,"14:54 ET"
TSLA,380.11,2026-10-07,2,Call,377.50,+0.76%,6.5,6.54,6.6,12913,750,17.22,42.04%,40.60%,0.628509,"14:57 ET"
PEP,125.42,2026-10-09,4,Call,125.00,+0.34%,2.57,2.65,2.7,1787,104,17.18,25.19%,45.39%,0.543166,"14:53 ET"
SPCX,167.86,2026-10-30,25,Call,190.00,-13.71%,2.15,2.15,2.19,28401,1663,17.08,49.93%,48.88%,0.193358,"14:56 ET"
MSFT,527.07,2026-10-07,2,Call,542.50,-3.22%,0.39,0.39,0.44,1720,101,17.03,30.03%,27.90%,0.083992,"14:51 ET"
POET,7.72,2027-05-21,228,Call,8.00,-3.76%,1.78,1.93,1.95,2024,119,17.01,81.74%,78.92%,0.617114,"14:19 ET"
PAX,11.22,2027-01-15,102,Call,12.50,-11.51%,0.45,0.47,0.55,2270,137,16.57,52.37%,41.36%,0.341633,"13:44 ET"
NXH,2.05,2027-03-19,165,Call,2.50,-22.55%,0.35,0.4,0.4,11039,693,15.93,116.18%,92.67%,0.511719,"14:25 ET"
TSLA,380.11,2026-10-16,11,Call,397.50,-4.49%,4.75,4.77,4.8,6034,386,15.63,42.04%,40.79%,0.292044,"14:57 ET"
AAPL,333.13,2026-10-07,2,Call,335.00,-0.65%,1.72,1.75,1.75,19847,1275,15.57,24.97%,24.62%,0.403403,"14:54 ET"
PBR,24.57,2026-12-18,74,Call,27.00,-9.93%,0.81,0.85,0.9,10230,658,15.55,42.36%,38.83%,0.330634,"13:44 ET"
NVDA,238.81,2026-10-05,0,Call,240.00,-0.59%,0.09,0.1,0.1,318460,20573,15.48,33.56%,7.81%,0.180676,"14:54 ET"
LEN,73.91,2026-10-16,11,Put,72.00,-2.61%,1.45,1.56,1.6,1913,128,14.95,41.87%,48.23%,-0.34899,"14:29 ET"
DNA,15.07,2026-12-18,74,Call,13.00,+13.33%,3.8,3.85,4.2,5003,336,14.89,124.08%,108.92%,0.717868,"14:30 ET"
AAPL,333.13,2026-10-05,0,Put,335.00,+0.65%,1.5,1.5,1.66,21397,1441,14.85,24.97%,5.91%,-0.95344,"14:53 ET"
RIOT,19.08,2026-10-09,4,Put,17.50,-8.38%,0.09,0.1,0.11,5097,344,14.82,77.49%,78.70%,-0.123308,"14:56 ET"
NCLH,14.97,2026-11-20,46,Put,15.00,+0.33%,1.06,1.1,1.13,2811,192,14.64,52.02%,53.04%,-0.456052,"14:43 ET"
CEG,269.12,2026-10-09,4,Call,275.00,-2.50%,2.8,2.76,3.2,1507,103,14.63,46.94%,45.58%,0.353932,"14:38 ET"
RDW,10.34,2026-10-30,25,Call,13.00,-25.60%,0.15,0.2,0.25,5061,349,14.5,86.01%,83.40%,0.179694,"14:43 ET"
BA,193.19,2027-06-17,255,Call,255.00,-31.71%,6.85,7.2,7.4,2668,186,14.34,35.08%,37.75%,0.230891,"13:31 ET"
META,742.67,2026-10-05,0,Call,737.50,+0.70%,5.05,5.05,5.3,6384,449,14.22,39.75%,6.76%,0.976312,"14:54 ET"
WULF,14.56,2027-06-17,255,Put,10.00,-31.37%,1.4,1.42,1.43,7015,494,14.2,81.19%,70.02%,-0.202362,"13:42 ET"
EBS,7.45,2026-10-16,11,Call,8.00,-5.40%,0.2,0.2,0.3,2287,163,14.03,96.02%,86.54%,0.356076,"14:51 ET"
MU,1061.4,2026-10-05,0,Call,"1,055.00",+0.74%,5.2,5.5,5.65,4242,303,14,46.69%,10.35%,0.800986,"14:54 ET"
TSLA,380.11,2026-10-05,0,Call,367.50,+3.39%,13.25,13.11,13.5,15606,1132,13.79,42.04%,0.00%,0,"14:55 ET"
SGML,9.43,2026-11-20,46,Call,12.00,-27.80%,0.4,0.43,0.45,4328,316,13.7,87.83%,87.51%,0.273927,"13:56 ET"
META,742.67,2026-10-07,2,Put,735.00,-1.04%,4.5,4.51,4.6,1377,101,13.63,39.75%,35.79%,-0.341995,"14:54 ET"
AAPL,333.13,2026-10-07,2,Put,332.50,-0.10%,1.9,1.91,1.97,7087,525,13.5,24.97%,24.20%,-0.433595,"14:53 ET"
TSM,486.89,2026-10-23,18,Call,510.00,-4.68%,6.05,6.2,6.25,2416,182,13.27,33.42%,33.79%,0.281976,"14:52 ET"
INTC,116.72,2026-10-30,25,Put,88.00,-24.95%,0.46,0.48,0.49,8713,668,13.04,62.79%,69.67%,-0.049857,"13:57 ET"
MSFT,527.07,2028-01-21,473,Call,745.00,-41.75%,23.55,24.85,25.5,2505,195,12.85,30.03%,31.44%,0.25547,"13:23 ET"
TSLA,380.11,2026-10-07,2,Call,385.00,-1.21%,2.95,2.97,2.98,16223,1266,12.81,42.04%,41.30%,0.374221,"14:57 ET"
TSLA,380.11,2026-10-07,2,Put,372.50,-2.08%,1.57,1.57,1.59,7417,581,12.77,42.04%,41.91%,-0.227305,"14:57 ET"
NVAX,12.76,2026-10-09,4,Call,12.00,+3.15%,1.09,1.18,1.2,3895,307,12.69,101.46%,134.58%,0.695216,"14:53 ET"
GOOGL,347.34,2026-10-05,0,Call,345.00,+0.51%,2.34,2.48,2.63,34524,2728,12.66,32.81%,6.59%,0.985409,"14:53 ET"
CLF,12.51,2026-10-30,25,Call,12.00,+4.15%,1.22,1.21,1.27,3587,286,12.54,67.38%,76.01%,0.620732,"14:40 ET"
TSLA,380.11,2026-10-05,0,Call,372.50,+2.08%,8.3,8.35,8.45,50751,4088,12.41,42.04%,0.00%,0,"14:57 ET"
IREN,40.24,2026-10-09,4,Call,40.50,-0.47%,1.08,1.09,1.13,3427,277,12.37,76.79%,71.97%,0.485812,"14:53 ET"
SPCX,167.86,2029-01-19,837,Put,135.00,-19.21%,26.45,26.84,26.8,10418,848,12.29,49.93%,53.61%,-0.223365,"14:52 ET"
TSLA,380.11,2026-10-09,4,Put,385.00,+1.21%,8.65,8.87,8.8,3511,286,12.28,42.04%,41.33%,-0.584547,"14:55 ET"
INFQ,12.65,2026-10-30,25,Call,16.00,-26.08%,0.2,0.25,0.3,4033,329,12.26,82.64%,84.70%,0.180384,"14:45 ET"
U,45.96,2027-01-15,102,Put,50.00,+8.77%,7.85,7.92,8,5042,414,12.18,65.74%,59.72%,-0.534462,"13:14 ET"
NVDA,238.81,2026-10-07,2,Call,237.50,+0.46%,3.15,3.2,3.2,42064,3475,12.1,33.56%,32.20%,0.617755,"14:54 ET"
AMD,630.45,2026-10-05,0,Put,632.50,+0.19%,2.93,3.03,3.05,4776,403,11.85,51.44%,8.17%,-0.855919,"14:53 ET"
CLF,12.51,2026-10-16,11,Put,13.50,+7.83%,1.17,1.21,1.24,10302,870,11.84,67.38%,63.77%,-0.738902,"14:52 ET"
TSLA,380.11,2026-10-07,2,Call,390.00,-2.52%,1.57,1.59,1.6,15772,1333,11.83,42.04%,42.01%,0.232768,"14:57 ET"
GME,25.63,2026-10-09,4,Put,25.50,-0.35%,0.56,0.62,0.62,1428,121,11.8,53.56%,59.45%,-0.464816,"14:53 ET"
SPCX,167.86,2026-10-09,4,Put,160.00,-4.24%,0.93,0.94,0.94,36459,3150,11.57,49.93%,53.96%,-0.177346,"14:58 ET"
AA,43.88,2026-11-20,46,Call,45.00,-2.51%,2.5,2.56,2.62,9082,788,11.53,49.94%,48.09%,0.483147,"14:53 ET"
TSM,486.89,2026-10-30,25,Put,300.00,-38.43%,0.04,0.11,0.11,2248,195,11.53,33.42%,68.86%,-0.002711,"14:37 ET"
CMG,30.84,2026-12-18,74,Put,25.00,-18.67%,0.32,0.4,0.45,47707,4151,11.49,46.88%,44.53%,-0.116551,"14:33 ET"
AMZN,253.79,2026-10-07,2,Put,255.00,+0.62%,2.85,2.86,2.93,1316,115,11.44,35.30%,29.55%,-0.583953,"14:47 ET"
IREN,40.24,2026-10-09,4,Call,38.00,+5.73%,2.61,2.65,2.67,1790,157,11.4,76.79%,71.33%,0.792983,"14:36 ET"
INTC,116.72,2026-10-07,2,Call,119.00,-1.49%,1.08,1.12,1.12,2496,219,11.4,62.79%,59.79%,0.331431,"14:54 ET"
LQDA,27.4,2026-10-16,11,Put,15.00,-45.59%,0.1,0.15,0.15,3359,297,11.31,125.06%,202.61%,-0.029498,"14:16 ET"
BE,287.14,2026-10-09,4,Call,267.50,+6.97%,21.25,22.37,22.15,1162,103,11.28,76.65%,73.65%,0.830845,"14:38 ET"
ECHO,98.95,2026-11-20,46,Call,110.00,-11.52%,2.8,2.9,3.1,1272,113,11.26,45.81%,47.75%,0.301912,"14:06 ET"
TSLA,380.11,2026-10-09,4,Put,377.50,-0.76%,4.8,4.85,4.9,5689,512,11.11,42.04%,41.08%,-0.403793,"14:57 ET"
SMR,7.68,2026-10-09,4,Put,7.50,-2.22%,0.12,0.13,0.13,10241,922,11.11,78.81%,68.66%,-0.329671,"14:56 ET"
INTC,116.72,2026-10-05,0,Put,117.00,-0.21%,0.53,0.55,0.55,30735,2772,11.09,62.79%,12.29%,-0.704781,"14:54 ET"
MU,1061.4,2026-10-05,0,Put,"1,060.00",-0.27%,2.16,2.21,2.22,34211,3114,10.99,46.69%,9.45%,-0.517023,"14:54 ET"
PBR,24.57,2027-01-15,102,Call,28.00,-14.01%,0.69,0.75,0.76,2602,237,10.98,42.36%,35.37%,0.279138,"14:45 ET"
AVGO,363.05,2026-10-07,2,Put,360.00,-0.76%,2.88,2.91,2.97,1869,173,10.8,36.74%,39.00%,-0.390139,"14:52 ET"
META,742.67,2026-10-05,0,Put,750.00,+0.98%,7.35,7.05,7.5,2106,195,10.8,39.75%,9.58%,-0.986373,"14:40 ET"
MSFT,527.07,2026-10-16,11,Put,530.00,+0.84%,9.95,10.15,10.25,4730,438,10.8,30.03%,24.05%,-0.53793,"14:52 ET"
NU,15.23,2026-10-30,25,Call,17.00,-11.48%,0.25,0.27,0.28,5353,496,10.79,51.12%,51.66%,0.234673,"14:47 ET"
AVGO,363.05,2026-10-07,2,Call,380.00,-4.76%,0.32,0.36,0.38,1273,120,10.61,36.74%,42.17%,0.070608,"14:43 ET"
CVX,206.71,2026-11-06,32,Call,225.00,-8.90%,1.31,1.41,1.66,1314,124,10.6,28.54%,28.36%,0.166923,"13:27 ET"
AMD,630.45,2026-10-05,0,Call,625.00,+1.00%,4.55,5.4,5.3,2640,250,10.56,51.44%,11.58%,0.89567,"14:50 ET"
AVGO,363.05,2026-10-07,2,Call,365.00,-0.62%,3.2,3.25,3.35,6115,582,10.51,36.74%,40.02%,0.423742,"14:53 ET"
INTC,116.72,2026-10-05,0,Call,115.00,+1.92%,1.6,1.65,1.7,4245,406,10.46,62.79%,19.79%,0.911451,"14:51 ET"
MSFT,527.07,2026-10-07,2,Call,530.00,-0.84%,2.85,2.91,2.91,11598,1111,10.44,30.03%,26.57%,0.396035,"14:53 ET"
SMCI,43.24,2027-03-19,165,Put,43.00,-0.97%,7.7,7.83,8.05,1043,100,10.43,74.76%,72.97%,-0.390627,"14:49 ET"
CRCL,83.6,2028-01-21,473,Put,115.00,+37.41%,45.55,45.55,46.4,2376,228,10.42,71.09%,72.55%,-0.485371,"14:25 ET"
GOOGL,347.34,2026-10-07,2,Call,347.50,-0.21%,3.05,3.1,3.1,3391,326,10.4,32.81%,29.38%,0.510625,"14:54 ET"
TSLA,380.11,2026-10-07,2,Call,387.50,-1.86%,2.16,2.17,2.2,6718,650,10.34,42.04%,41.56%,0.298413,"14:57 ET"
SPCX,167.86,2026-11-13,39,Put,135.00,-19.21%,1.32,1.36,1.4,1021,100,10.21,49.93%,54.85%,-0.090189,"14:44 ET"
TSM,486.89,2026-10-09,4,Put,450.00,-7.64%,0.15,0.16,0.19,7861,771,10.2,33.42%,37.74%,-0.023302,"14:53 ET"
AMAT,538.41,2026-11-20,46,Call,650.00,-20.49%,11.7,12.06,12.8,1302,129,10.09,55.61%,58.10%,0.213607,"14:52 ET"
AMD,630.45,2027-06-17,255,Put,630.00,-0.20%,96.85,95.65,98,1621,163,9.94,51.44%,50.90%,-0.398923,"14:22 ET"
GRMN,286.03,2026-10-16,11,Call,310.00,-8.19%,0.3,0.39,0.4,2397,242,9.9,38.04%,27.81%,0.059749,"14:33 ET"
CCJ,87.87,2026-11-20,46,Put,95.00,+8.11%,9.45,9.7,10,2921,295,9.9,43.83%,43.90%,-0.659326,"11:05 ET"
COIN,186.4,2026-12-18,74,Call,185.00,+0.85%,22.2,22.58,23,9429,952,9.9,63.27%,62.96%,0.581582,"14:53 ET"
ASPI,2.92,2026-10-09,4,Call,1.00,+65.75%,1.85,1.95,2,1625,165,9.85,96.31%,574.71%,0.981743,"12:51 ET"
MU,1061.4,2026-10-05,0,Put,"1,050.00",-1.21%,0.14,0.15,0.15,20367,2073,9.82,46.69%,11.20%,-0.055232,"14:54 ET"
HUM,399.96,2026-10-09,4,Call,440.00,-10.05%,4,5.15,6,1357,140,9.69,62.77%,104.92%,0.211196,"14:45 ET"
VALE,14.28,2027-03-19,165,Call,12.00,+15.85%,2.63,2.4,2.86,2000,209,9.57,34.57%,34.44%,0.811485,"12:49 ET"
BTDR,10.78,2026-10-30,25,Put,11.00,+2.04%,1,1,1.1,5007,528,9.48,90.09%,85.29%,-0.482241,"12:27 ET"
CBRS,179.09,2026-10-16,11,Call,225.00,-25.59%,0.55,0.6,0.7,2690,284,9.47,74.40%,79.99%,0.061103,"14:44 ET"
INTC,116.72,2026-10-09,4,Call,118.00,-0.64%,2.31,2.36,2.39,12380,1310,9.45,62.79%,60.92%,0.440093,"14:52 ET"
TSLA,380.11,2026-10-07,2,Call,375.00,+1.42%,8.15,8.2,8.25,17542,1868,9.39,42.04%,40.66%,0.708276,"14:57 ET"
FSLR,174.68,2026-10-09,4,Call,180.00,-3.23%,1.45,1.6,1.71,5335,571,9.34,55.61%,48.38%,0.291652,"14:53 ET"
AMD,630.45,2026-10-07,2,Put,630.00,-0.20%,8.3,8.37,8.55,1537,165,9.32,51.44%,44.73%,-0.497636,"14:53 ET"
NVDA,238.81,2026-10-07,2,Put,232.50,-2.55%,0.46,0.46,0.47,14941,1611,9.27,33.56%,35.86%,-0.141714,"14:54 ET"
ACN,195.07,2026-11-20,46,Put,190.00,-2.41%,9.1,9.38,9.5,2546,275,9.26,43.99%,42.96%,-0.400537,"14:49 ET"
AMZN,253.79,2026-10-07,2,Call,242.50,+4.31%,11.25,11.44,11.75,1106,120,9.22,35.30%,41.26%,0.933599,"14:53 ET"
MU,1061.4,2026-10-07,2,Call,"1,060.00",+0.27%,14.45,14.59,14.75,3415,373,9.16,46.69%,46.81%,0.505871,"14:54 ET"
POET,7.72,2026-10-09,4,Put,7.50,-2.72%,0.14,0.15,0.17,7080,776,9.12,81.74%,78.97%,-0.34623,"14:45 ET"
TSLA,380.11,2026-10-07,2,Put,367.50,-3.39%,0.74,0.75,0.75,6172,681,9.06,42.04%,42.79%,-0.123067,"14:57 ET"
GM,80.56,2026-10-09,4,Call,81.00,-0.62%,0.91,0.94,1,1666,185,9.01,37.41%,33.08%,0.458683,"14:43 ET"
FIGR,27.81,2026-10-09,4,Put,26.00,-6.64%,0.2,0.3,0.35,1050,117,8.97,82.41%,83.23%,-0.195577,"14:12 ET"
INTC,116.72,2026-10-09,4,Call,117.00,+0.21%,2.75,2.75,2.81,3763,421,8.94,62.79%,60.70%,0.492989,"14:54 ET"
AVGO,363.05,2026-10-05,0,Call,360.00,+0.76%,2.68,2.8,3.05,19252,2154,8.94,36.74%,12.18%,0.884874,"14:53 ET"
MDB,358.04,2026-10-09,4,Call,355.00,+1.11%,10.85,11.2,11.75,1231,138,8.92,55.81%,67.78%,0.551307,"14:51 ET"
RKLB,72.41,2027-01-15,102,Call,155.00,-114.24%,0.7,0.77,0.83,3029,340,8.91,72.67%,81.81%,0.065269,"14:49 ET"
DNN,2.62,2026-10-09,4,Call,1.00,+61.69%,1.5,1.57,1.7,2277,256,8.89,63.61%,491.82%,0.983369,"14:15 ET"
VST,144.71,2026-10-09,4,Call,152.50,-5.80%,0.77,0.8,0.85,1295,146,8.87,48.06%,51.27%,0.192735,"14:56 ET"
META,742.67,2026-10-07,2,Call,732.50,+1.38%,13.95,14.35,14.1,2127,241,8.83,39.75%,36.19%,0.702312,"14:33 ET"
META,742.67,2026-10-09,4,Call,747.50,-0.64%,9.3,9.68,9.4,914,104,8.79,39.75%,37.02%,0.44398,"14:30 ET"
TSLA,380.11,2026-10-12,7,Put,375.00,-1.42%,4.55,4.6,4.7,1106,126,8.78,42.04%,35.09%,-0.358242,"14:57 ET"
INTC,116.72,2026-10-07,2,Put,118.00,+0.64%,2.74,2.75,2.82,3111,355,8.76,62.79%,58.00%,-0.600738,"14:53 ET"
NU,15.23,2026-10-23,18,Call,16.00,-4.92%,0.31,0.35,0.35,1556,178,8.74,51.12%,45.63%,0.339437,"14:46 ET"
MU,1061.4,2026-10-07,2,Call,"1,055.00",+0.74%,17.05,17.4,17.35,996,115,8.66,46.69%,46.82%,0.560074,"14:51 ET"
BBWI,17.38,2026-10-09,4,Call,17.00,+2.19%,0.65,0.7,0.7,1646,190,8.66,58.72%,63.78%,0.643348,"14:11 ET"
AMD,630.45,2026-10-07,2,Call,630.00,+0.20%,8.25,8.31,8.45,2437,282,8.64,51.44%,45.43%,0.503019,"14:53 ET"
DNA,15.07,2026-12-18,74,Call,16.00,-6.67%,2.1,2.48,2.85,1321,154,8.58,124.08%,101.75%,0.551893,"14:42 ET"
EQT,51.24,2026-10-09,4,Put,51.00,-0.64%,0.49,0.52,0.59,2128,248,8.58,31.47%,30.76%,-0.433935,"14:44 ET"
SLS,11.64,2027-04-16,193,Call,12.00,-2.74%,5.2,5.45,5.6,2003,234,8.56,159.48%,172.09%,0.731314,"12:44 ET"
QBTS,15.46,2026-10-30,25,Call,17.00,-10.03%,0.53,0.54,0.58,1570,185,8.49,72.17%,66.13%,0.339706,"14:24 ET"
MSFT,527.07,2026-10-07,2,Call,535.00,-1.80%,1.37,1.42,1.5,5258,619,8.49,30.03%,27.14%,0.234147,"14:53 ET"
META,742.67,2026-10-09,4,Call,790.00,-6.37%,1.09,1.12,1.11,6433,761,8.45,39.75%,40.82%,0.078096,"14:50 ET"
AMD,630.45,2026-10-07,2,Put,620.00,-1.79%,4.15,4.2,4.3,936,111,8.43,51.44%,44.49%,-0.311326,"14:53 ET"
META,742.67,2026-10-07,2,Call,765.00,-3.00%,1.59,1.59,1.62,2143,255,8.4,39.75%,38.02%,0.150092,"14:54 ET"
HOOD,113.42,2026-10-09,4,Call,114.00,-0.52%,2.49,2.5,2.52,6990,834,8.38,59.95%,58.30%,0.481043,"14:53 ET"
ANAB,49.13,2027-02-19,137,Call,70.00,-42.42%,3.3,3.8,4.4,1318,158,8.34,81.39%,78.06%,0.319138,"14:27 ET"
MU,1061.4,2026-10-07,2,Put,"1,070.00",+0.67%,19.95,20,20.3,2484,299,8.31,46.69%,46.13%,-0.603388,"14:51 ET"
CBRS,179.09,2026-10-09,4,Call,185.00,-3.26%,3.5,3.6,3.7,3179,384,8.28,74.40%,77.35%,0.374169,"14:53 ET"
CHDN,78.25,2026-10-16,11,Call,85.00,-7.84%,0.3,0.35,0.45,1709,207,8.26,38.12%,41.07%,0.136569,"14:49 ET"
AMD,630.45,2027-04-16,193,Put,580.00,-8.12%,59.15,59.63,59.9,2906,352,8.26,51.44%,50.13%,-0.324901,"12:24 ET"
APLD,24.39,2026-10-09,4,Call,22.50,+7.86%,2.48,2.51,2.55,3357,407,8.25,87.49%,134.13%,0.746597,"14:14 ET"
MSFT,527.07,2026-10-07,2,Call,525.00,+0.11%,5.2,5.31,5.45,3173,388,8.18,30.03%,26.77%,0.585838,"14:53 ET"
AAOI,118,2026-10-09,4,Put,120.00,+1.01%,5.6,5.7,6.2,1144,140,8.17,96.50%,95.22%,-0.5539,"14:33 ET"
MU,1061.4,2026-10-07,2,Put,"1,010.00",-4.98%,1.57,1.59,1.62,1144,140,8.17,46.69%,48.92%,-0.088587,"14:53 ET"
NVDA,238.81,2026-10-12,7,Put,235.00,-1.50%,1.89,1.9,1.91,3758,462,8.13,33.56%,27.73%,-0.314405,"14:53 ET"
TSLA,380.11,2026-10-07,2,Call,395.00,-3.84%,0.79,0.8,0.81,4149,512,8.1,42.04%,42.98%,0.132883,"14:57 ET"
JD,26.52,2026-11-20,46,Put,26.00,-1.81%,1,1.02,1.04,1585,196,8.09,34.90%,30.62%,-0.439879,"14:52 ET"
INTC,116.72,2026-10-07,2,Call,123.00,-4.90%,0.33,0.36,0.37,2962,368,8.05,62.79%,62.93%,0.131003,"14:52 ET"
TSLA,380.11,2026-10-09,4,Put,382.50,+0.55%,7.25,7.35,7.35,1416,177,8,42.04%,41.35%,-0.524881,"14:57 ET"
NVDA,238.81,2027-04-16,193,Put,225.00,-5.70%,15.95,16.4,16.3,1472,184,8,33.56%,36.22%,-0.336567,"13:44 ET"
TSLA,380.11,2026-10-07,2,Call,410.00,-7.78%,0.11,0.11,0.12,4983,624,7.99,42.04%,48.92%,0.022607,"14:53 ET"
NVAX,12.76,2027-12-17,438,Put,10.00,-19.29%,1.81,2.15,2.38,1253,157,7.98,101.46%,73.47%,-0.226004,"14:49 ET"
BX,112.28,2027-02-19,137,Call,165.00,-46.69%,0.51,0.55,0.73,1309,164,7.98,40.21%,37.74%,0.060132,"11:14 ET"
RIOT,19.08,2026-10-09,4,Put,18.00,-5.76%,0.17,0.19,0.21,7330,919,7.98,77.49%,78.36%,-0.206152,"14:56 ET"
MU,1061.4,2026-10-07,2,Put,"1,055.00",-0.74%,11.9,11.98,12.15,810,102,7.94,46.69%,45.91%,-0.439414,"14:53 ET"
NAUT,1.85,2026-11-20,46,Call,2.5000,-26.26%,0.25,0.25,0.3,2926,369,7.93,182.34%,171.27%,0.441569,"14:52 ET"
AMD,630.45,2026-10-07,2,Put,615.00,-2.58%,2.81,2.89,2.89,847,107,7.92,51.44%,44.69%,-0.231189,"14:53 ET"
RTX,183.96,2026-11-20,46,Put,165.00,-10.39%,1.27,1.48,1.65,5090,646,7.88,28.07%,30.39%,-0.138085,"12:24 ET"
TE,3.67,2026-10-09,4,Call,0.50,+86.34%,3.1,3.2,3.3,1771,225,7.87,101.45%,"1,011.70%",0.992152,"14:47 ET"
TSLA,380.11,2026-10-07,2,Call,405.00,-6.46%,0.21,0.21,0.22,1996,254,7.86,42.04%,46.77%,0.040748,"14:57 ET"
AVGO,363.05,2026-10-07,2,Call,372.50,-2.69%,1.09,1.22,1.16,2231,284,7.86,36.74%,40.28%,0.191292,"14:50 ET"
GOOG,344.42,2026-10-09,4,Call,357.50,-3.97%,0.75,0.77,0.79,6406,815,7.86,32.61%,31.18%,0.13695,"14:53 ET"
META,742.67,2026-10-09,4,Call,745.00,-0.31%,10.4,10.52,10.55,3253,415,7.84,39.75%,37.06%,0.478333,"14:50 ET"
NEM,116.48,2026-10-16,11,Put,122.00,+4.77%,6.1,7.18,7.45,836,108,7.74,39.84%,42.38%,-0.716291,"12:23 ET"
CBRS,179.09,2026-10-09,4,Put,182.50,+1.86%,7.1,7.34,8.1,804,104,7.73,74.40%,80.37%,-0.557711,"14:08 ET"
RKT,11.65,2026-10-16,11,Call,11.00,+5.66%,0.79,0.86,0.97,3014,390,7.73,63.37%,50.19%,0.789317,"11:17 ET"
TSLA,380.11,2026-10-07,2,Put,370.00,-2.74%,1.09,1.09,1.1,12569,1630,7.71,42.04%,42.30%,-0.169458,"14:57 ET"
AAPL,333.13,2026-10-07,2,Call,337.50,-1.40%,0.92,0.94,1,11593,1507,7.69,24.97%,24.98%,0.260113,"14:53 ET"
AAPL,333.13,2026-10-07,2,Put,335.00,+0.65%,3.1,3.15,3.35,3424,448,7.64,24.97%,23.99%,-0.600419,"14:53 ET"
BAC,54.13,2027-01-15,102,Call,48.00,+11.46%,7.25,7.37,7.5,1000,131,7.63,27.31%,30.73%,0.798101,"11:17 ET"
UPST,24.29,2026-10-16,11,Call,24.50,-1.03%,0.82,0.83,0.95,2023,265,7.63,68.58%,54.70%,0.504957,"14:31 ET"
AAPL,333.13,2026-10-07,2,Put,327.50,-1.60%,0.57,0.58,0.61,3249,426,7.63,24.97%,25.87%,-0.17114,"14:53 ET"
CSCO,112.97,2026-10-16,11,Put,109.00,-3.32%,0.67,0.76,0.77,4952,652,7.6,37.70%,28.67%,-0.218208,"14:46 ET"
AVGO,363.05,2026-10-07,2,Put,352.50,-2.82%,0.9,0.95,0.95,1405,185,7.59,36.74%,39.85%,-0.161661,"14:53 ET"
MRNA,205.07,2026-10-09,4,Call,200.00,+2.69%,10.3,10.2,11.1,7176,945,7.59,93.32%,88.82%,0.636123,"14:52 ET"
IREN,40.24,2026-10-09,4,Call,39.00,+3.25%,1.88,1.87,1.96,1349,178,7.58,76.79%,70.90%,0.681293,"14:46 ET"
GOOGL,347.34,2026-10-07,2,Call,352.50,-1.65%,1.21,1.24,1.25,2015,266,7.58,32.81%,29.74%,0.266791,"14:54 ET"
SPCX,167.86,2026-10-09,4,Call,185.00,-10.72%,0.3,0.31,0.31,11272,1492,7.55,49.93%,59.28%,0.067965,"14:57 ET"
TSLA,380.11,2026-10-09,4,Put,375.00,-1.42%,3.85,3.9,3.9,8653,1148,7.54,42.04%,41.09%,-0.345253,"14:57 ET"
PEP,125.42,2026-10-16,11,Call,126.00,-0.45%,2.51,2.55,2.62,954,127,7.51,25.19%,32.33%,0.481978,"14:52 ET"
UPST,24.29,2026-10-09,4,Call,25.50,-5.15%,0.19,0.21,0.23,1148,154,7.45,68.58%,58.39%,0.244883,"14:41 ET"
AMZN,253.79,2026-10-07,2,Call,247.50,+2.34%,6.55,6.73,6.9,2936,394,7.45,35.30%,32.21%,0.855864,"14:53 ET"
TSLA,380.11,2026-10-07,2,Call,392.50,-3.18%,1.12,1.13,1.13,3837,515,7.45,42.04%,42.36%,0.176902,"14:57 ET"
TEM,82.68,2026-10-09,4,Put,81.00,-1.72%,2,2.05,2.1,1112,150,7.41,79.79%,83.47%,-0.384962,"14:57 ET"
VST,144.71,2026-10-09,4,Call,146.00,-1.29%,2.62,2.7,2.79,1586,214,7.41,48.06%,49.63%,0.47618,"14:57 ET"
NU,15.23,2026-10-30,25,Call,15.50,-1.64%,0.7,0.7,0.76,2048,281,7.29,51.12%,52.29%,0.484786,"14:25 ET"
PANW,407.21,2026-10-30,25,Call,440.00,-8.23%,8.65,8.95,9.7,1617,222,7.28,52.73%,48.54%,0.298815,"13:24 ET"
SPCX,167.86,2027-06-17,255,Call,225.00,-34.66%,12.5,12.75,12.95,8839,1216,7.27,49.93%,49.76%,0.337764,"14:49 ET"
AA,43.88,2026-10-09,4,Call,45.00,-2.51%,0.41,0.44,0.49,4925,683,7.21,49.94%,48.51%,0.319482,"14:45 ET"
APT,5.87,2026-11-20,46,Call,7.00,-19.25%,0.1,0.1,0.25,1125,157,7.17,69.32%,62.49%,0.250914,"13:49 ET"
MU,1061.4,2026-10-07,2,Call,"1,070.00",-0.67%,10.2,10.3,10.4,5505,768,7.17,46.69%,47.08%,0.399505,"14:54 ET"
QCOM,180.88,2026-10-09,4,Call,185.00,-2.10%,1.98,2.08,2.12,7061,990,7.13,50.21%,48.90%,0.341474,"14:53 ET"
META,742.67,2026-10-07,2,Put,710.00,-4.41%,0.49,0.48,0.51,1021,144,7.09,39.75%,38.45%,-0.055109,"14:53 ET"
TTD,11.93,2026-11-06,32,Call,15.00,-25.94%,0.18,0.2,0.23,1679,237,7.08,72.62%,70.90%,0.168179,"14:55 ET"
AMZN,253.79,2026-10-07,2,Call,255.00,-0.62%,1.69,1.7,1.73,17650,2492,7.08,35.30%,30.23%,0.419098,"14:53 ET"
GOOG,344.42,2026-10-09,4,Call,362.50,-5.42%,0.36,0.37,0.38,6465,914,7.07,32.61%,32.41%,0.072079,"14:54 ET"
SKHY,194.93,2026-10-09,4,Call,192.50,+1.12%,4.8,4.9,5.3,3217,456,7.05,51.82%,52.25%,0.570044,"14:54 ET"
ORCL,143.39,2026-10-09,4,Call,144.00,-0.37%,2.85,2.88,2.9,6087,863,7.05,51.28%,51.74%,0.486617,"14:54 ET"
TSLA,380.11,2026-10-09,4,Put,380.00,-0.11%,5.95,5.99,6.05,6665,945,7.05,42.04%,41.22%,-0.464308,"14:57 ET"
MRVL,270.2,2026-10-09,4,Put,260.00,-4.00%,5.6,5.6,5.75,5186,738,7.03,62.61%,88.67%,-0.328325,"14:53 ET"
TSLA,380.11,2026-10-05,0,Call,370.00,+2.74%,10.8,10.95,10.95,55526,7914,7.02,42.04%,0.00%,0,"14:57 ET"
JPM,332.55,2026-10-16,11,Call,290.00,+12.98%,42.1,43.15,44.3,843,121,6.97,25.82%,47.73%,0.954947,"14:26 ET"
ARM,300.98,2026-10-09,4,Call,342.50,-13.38%,0.67,0.61,0.82,738,106,6.96,69.94%,79.98%,0.069081,"13:35 ET"
META,742.67,2026-10-07,2,Call,780.00,-5.02%,0.51,0.53,0.53,2682,386,6.95,39.75%,41.00%,0.054974,"14:53 ET"
NVDA,238.81,2026-10-07,2,Call,240.00,-0.59%,1.84,1.85,1.85,50498,7290,6.93,33.56%,31.83%,0.443657,"14:54 ET"
UAMY,3.95,2026-10-09,4,Call,4.00,-1.52%,0.1,0.15,0.15,789,114,6.92,89.43%,78.93%,0.500398,"14:55 ET"
MSFT,527.07,2026-10-09,4,Call,527.50,-0.37%,5.8,5.89,5.95,2454,355,6.91,30.03%,27.25%,0.499024,"14:53 ET"
AVGO,363.05,2026-10-05,0,Put,365.00,+0.62%,2.18,2.27,2.53,1674,243,6.89,36.74%,9.29%,-0.906315,"14:53 ET"
LULU,92.07,2026-10-16,11,Call,95.00,-2.98%,1.43,1.51,1.57,1799,261,6.89,41.82%,41.24%,0.351056,"14:45 ET"
BIDU,87.15,2026-10-23,18,Call,95.00,-9.21%,0.62,0.61,0.73,2143,311,6.89,40.97%,38.44%,0.174994,"13:35 ET"
QCOM,180.88,2026-10-30,25,Call,180.00,+0.66%,8.8,9.07,9.2,760,111,6.85,50.21%,44.83%,0.54389,"14:45 ET"
GCT,54.77,2027-01-15,102,Call,65.00,-18.51%,3.9,4,4.1,718,105,6.84,68.02%,62.58%,0.377745,"14:43 ET"
CDE,17.26,2026-10-30,25,Put,15.00,-13.09%,0.15,0.2,0.25,1276,187,6.82,58.98%,55.73%,-0.144622,"13:33 ET"
CWH,4.45,2026-11-20,46,Call,5.00,-11.61%,0.3,0.3,0.4,878,129,6.81,84.63%,90.55%,0.405759,"14:17 ET"
MRNA,205.07,2026-10-09,4,Put,200.00,-2.69%,5.35,5.57,5.75,1079,159,6.79,93.32%,95.38%,-0.370641,"14:51 ET"
AGNC,8.69,2026-10-30,25,Put,8.00,-7.94%,0.08,0.1,0.1,10081,1492,6.76,30.13%,37.16%,-0.185667,"14:01 ET"
SKHY,194.93,2026-10-09,4,Put,192.50,-1.12%,3.3,3.25,3.5,3484,518,6.73,51.82%,51.27%,-0.429562,"14:55 ET"
PURR,12.85,2026-11-20,46,Call,14.00,-8.70%,1.35,1.38,1.4,8038,1197,6.72,98.48%,99.85%,0.476825,"14:40 ET"
ORCL,143.39,2026-10-09,4,Put,144.00,+0.37%,3.6,3.76,3.75,2444,365,6.7,51.28%,57.20%,-0.510167,"14:44 ET"
APLD,24.39,2026-10-09,4,Call,23.00,+5.81%,2.15,2.19,2.24,2952,441,6.69,87.49%,135.87%,0.692366,"14:48 ET"
AVGO,363.05,2026-10-05,0,Call,357.50,+1.44%,5.1,5.35,5.45,3889,582,6.68,36.74%,15.40%,0.965665,"14:53 ET"
NVDA,238.81,2026-10-12,7,Call,222.50,+6.74%,16.2,16.61,18.2,900,135,6.67,33.56%,37.98%,0.92008,"14:29 ET"
SNDK,1700.55,2026-10-09,4,Call,"1,720.00",-0.75%,31.5,31.67,32.2,1859,279,6.66,61.96%,62.15%,0.41468,"14:57 ET"
KR,58.58,2026-10-16,11,Put,57.00,-2.88%,0.34,0.37,0.54,717,108,6.64,29.06%,25.18%,-0.273962,"12:45 ET"
META,742.67,2026-10-07,2,Call,770.00,-3.67%,1.1,1.1,1.11,3366,509,6.61,39.75%,38.99%,0.108375,"14:54 ET"
PBR,24.57,2026-10-09,4,Call,24.00,+2.28%,0.82,0.85,0.94,3643,554,6.58,42.36%,53.05%,0.677582,"14:47 ET"
BMNR,26.82,2027-03-19,165,Put,16.00,-40.21%,0.6,0.82,0.83,1288,196,6.57,71.45%,73.67%,-0.092635,"13:17 ET"
FSLR,174.68,2026-10-16,11,Call,185.00,-6.10%,1.8,1.92,2.17,1622,247,6.57,55.61%,45.25%,0.251428,"14:30 ET"
IBRX,10.38,2028-01-21,473,Put,10.00,-4.21%,3.4,3.5,3.7,3266,497,6.57,104.10%,91.27%,-0.279993,"11:40 ET"
MU,1061.4,2026-10-07,2,Call,"1,100.00",-3.49%,3,3.05,3.15,6988,1063,6.57,46.69%,48.77%,0.156126,"14:54 ET"
SKM,36.51,2027-03-19,165,Put,35.00,-4.19%,3.8,3.8,5,925,141,6.56,57.30%,55.31%,-0.373453,"14:35 ET"
SBUX,94.76,2026-10-09,4,Put,92.00,-2.98%,0.21,0.25,0.31,1509,230,6.56,32.20%,27.53%,-0.174992,"14:57 ET"
SHOP,159.47,2026-10-09,4,Call,167.50,-5.07%,1.04,1.15,1.21,688,105,6.55,59.98%,56.17%,0.216041,"14:54 ET"
AAL,12.86,2027-03-19,165,Call,17.00,-31.99%,0.51,0.52,0.53,4667,712,6.55,46.72%,48.11%,0.244422,"13:49 ET"
SPCX,167.86,2026-10-09,4,Call,170.00,-1.74%,2.94,2.96,2.96,69809,10680,6.54,49.93%,52.79%,0.439774,"14:58 ET"
SPCX,167.86,2026-10-09,4,Call,167.50,-0.25%,4.1,4.13,4.15,36096,5549,6.5,49.93%,52.76%,0.546415,"14:58 ET"
MU,1061.4,2026-10-09,4,Call,"1,140.00",-7.25%,2.5,2.5,2.6,3267,510,6.41,46.69%,52.11%,0.096029,"14:51 ET"
VIR,11.58,2027-01-15,102,Call,13.00,-11.49%,1.2,1.3,1.3,1622,254,6.39,92.81%,70.81%,0.464362,"14:53 ET"
VICI,22.58,2027-03-19,165,Put,25.00,+10.62%,2.75,3.6,3.6,5001,783,6.39,20.28%,23.50%,-0.717592,"14:41 ET"
WDC,440.13,2026-10-09,4,Call,455.00,-3.27%,6.55,7.1,7.2,734,115,6.38,66.44%,71.51%,0.330826,"14:47 ET"
AMZN,253.79,2026-10-07,2,Call,252.50,+0.36%,2.91,3,2.99,9377,1475,6.36,35.30%,30.19%,0.593455,"14:51 ET"
TIGO,91.25,2026-10-16,11,Call,100.00,-9.59%,0.35,0.45,0.5,1560,246,6.34,51.08%,43.84%,0.126681,"14:52 ET"
AXP,303.4,2026-10-23,18,Call,325.00,-7.01%,1.89,2.07,2.19,1018,161,6.32,27.36%,31.91%,0.180457,"14:37 ET"
STX,888,2026-10-09,4,Call,890.00,-0.03%,24.4,24.79,25.4,830,132,6.29,65.70%,69.94%,0.501593,"14:54 ET"
MAA,116.41,2026-10-16,11,Call,120.00,-3.00%,0.15,0.3,0.7,1100,175,6.29,23.45%,20.03%,0.193049,"13:03 ET"
MSFT,527.07,2026-10-05,0,Call,522.50,+0.58%,4.45,4.57,4.7,4871,774,6.29,30.03%,7.64%,0.986593,"14:53 ET"
AVGO,363.05,2026-10-07,2,Put,355.00,-2.13%,1.36,1.42,1.42,1173,187,6.27,36.74%,39.37%,-0.224596,"14:53 ET"
MSFT,527.07,2026-10-07,2,Put,510.00,-2.96%,0.31,0.32,0.35,1455,232,6.27,30.03%,29.69%,-0.064733,"14:53 ET"
KLAC,205.57,2027-01-15,102,Put,166.00,-19.44%,7,7.7,7.7,1858,297,6.26,58.91%,57.08%,-0.18675,"14:08 ET"
VST,144.71,2026-10-09,4,Call,147.00,-1.98%,2.21,2.28,2.35,1188,190,6.25,48.06%,49.71%,0.424355,"14:57 ET"
EQT,51.24,2026-10-09,4,Call,52.00,-1.31%,0.33,0.4,0.45,2025,326,6.21,31.47%,32.59%,0.341192,"14:32 ET"
NVDA,238.81,2026-10-05,0,Put,242.50,+1.64%,3.45,3.49,3.5,998,162,6.16,33.56%,18.82%,-0.927287,"14:53 ET"
MRNA,205.07,2026-10-09,4,Call,220.00,-7.04%,3.2,3.19,3.4,2038,332,6.14,93.32%,97.23%,0.270905,"14:53 ET"
AFRM,74.78,2026-10-09,4,Call,77.00,-2.86%,0.9,0.92,0.97,1225,200,6.13,60.84%,56.82%,0.329812,"14:47 ET"
AMD,630.45,2026-10-05,0,Call,627.50,+0.60%,2.55,2.69,2.72,4223,691,6.11,51.44%,9.21%,0.772097,"14:53 ET"
VALE,14.28,2026-10-23,18,Call,14.00,+1.82%,0.61,0.62,0.66,1293,212,6.1,34.57%,37.21%,0.618942,"14:36 ET"
META,742.67,2026-10-14,9,Put,735.00,-1.04%,11.05,11.45,11.8,798,131,6.09,39.75%,32.77%,-0.405383,"13:13 ET"
TSLA,380.11,2026-10-12,7,Put,352.50,-7.34%,0.61,0.62,0.65,1498,247,6.06,42.04%,38.76%,-0.068451,"14:57 ET"
MU,1061.4,2026-10-09,4,Call,"1,155.00",-8.66%,1.66,1.79,1.77,2848,471,6.05,46.69%,53.65%,0.067053,"14:49 ET"
AMZN,253.79,2026-10-07,2,Call,250.00,+1.35%,4.55,4.68,4.75,5705,944,6.04,35.30%,30.72%,0.748675,"14:53 ET"
BE,287.14,2026-10-09,4,Call,327.50,-13.89%,0.6,0.62,0.63,724,120,6.03,76.65%,79.34%,0.061533,"14:52 ET"
MRNA,205.07,2026-10-09,4,Call,225.00,-9.47%,2.18,2.3,2.49,1617,268,6.03,93.32%,98.28%,0.205832,"14:51 ET"
HPQ,31.56,2026-10-16,11,Put,31.50,+0.29%,0.92,1.09,0.99,785,131,5.99,47.00%,44.08%,-0.482464,"13:49 ET"
AMD,630.45,2026-10-07,2,Call,660.00,-4.55%,0.92,0.97,0.98,1382,231,5.98,51.44%,47.32%,0.093503,"14:53 ET"
WMT,104.89,2026-10-09,4,Call,103.00,+1.81%,2.2,2.32,2.28,823,138,5.96,28.15%,26.41%,0.735483,"14:24 ET"
INTC,116.72,2026-10-07,2,Put,119.00,+1.49%,3.35,3.42,3.5,2057,346,5.95,62.79%,57.71%,-0.675278,"14:51 ET"
LITE,1089.07,2026-10-09,4,Call,"1,160.00",-6.06%,9,9.3,9.5,1022,172,5.94,73.90%,72.52%,0.206361,"14:53 ET"
META,742.67,2026-10-07,2,Call,730.00,+1.71%,15.7,15.9,15.95,2585,435,5.94,39.75%,36.26%,0.744539,"14:54 ET"
RBLX,44.59,2027-02-19,137,Call,65.00,-45.84%,2.52,2.52,2.62,626,106,5.91,74.45%,70.26%,0.268059,"14:51 ET"
TRMD,41.07,2026-10-16,11,Call,42.50,-3.26%,0.75,0.85,0.95,2705,458,5.91,43.17%,50.45%,0.362842,"14:47 ET"
JPM,332.55,2026-10-16,11,Call,300.00,+9.98%,32.25,33.32,33.95,884,150,5.89,25.82%,36.13%,0.95323,"14:52 ET"
AAPL,333.13,2026-10-07,2,Call,340.00,-2.15%,0.45,0.47,0.47,10968,1864,5.88,24.97%,24.80%,0.146957,"14:53 ET"
NVDA,238.81,2026-10-09,4,Call,252.50,-5.83%,0.15,0.16,0.17,26939,4593,5.87,33.56%,31.12%,0.049761,"14:54 ET"
INTC,116.72,2026-10-30,25,Put,117.00,-0.21%,8.2,8.1,8.4,716,122,5.87,62.79%,67.55%,-0.468497,"14:38 ET"
TSLA,380.11,2026-10-12,7,Put,360.00,-5.37%,1.2,1.24,1.24,1437,245,5.87,42.04%,36.70%,-0.124316,"14:56 ET"
META,742.67,2026-10-05,0,Call,740.00,+0.37%,2.72,2.81,2.9,19645,3379,5.81,39.75%,6.17%,0.868131,"14:54 ET"
NCLH,14.97,2026-11-20,46,Put,12.00,-19.73%,0.15,0.17,0.18,1079,186,5.8,52.02%,55.77%,-0.106446,"14:50 ET"
SNDK,1700.55,2026-10-09,4,Call,"1,710.00",-0.16%,35.4,36.1,36.3,663,115,5.77,61.96%,62.05%,0.449798,"14:57 ET"
META,742.67,2026-10-07,2,Put,725.00,-2.39%,1.97,2,2,1537,267,5.76,39.75%,36.30%,-0.180909,"14:54 ET"
META,742.67,2026-10-09,4,Call,780.00,-5.02%,1.83,1.89,1.86,6326,1099,5.76,39.75%,39.52%,0.123417,"14:46 ET"
NOW,136.03,2026-11-06,32,Call,155.00,-14.00%,3.3,3.4,3.55,793,138,5.75,55.54%,58.84%,0.260347,"14:36 ET"
GOOGL,347.34,2026-10-12,7,Call,350.00,-0.93%,3.7,3.96,4,896,156,5.74,32.81%,25.31%,0.435217,"14:54 ET"
SDRL,45.75,2026-10-16,11,Call,50.00,-9.05%,0.2,0.33,0.35,2985,520,5.74,47.17%,46.37%,0.149355,"14:55 ET"
NU,15.23,2026-10-23,18,Call,15.50,-1.64%,0.51,0.53,0.54,883,154,5.73,51.12%,46.76%,0.461885,"14:45 ET"
META,742.67,2026-10-09,4,Call,742.50,+0.03%,11.6,11.85,11.7,1508,263,5.73,39.75%,36.97%,0.512889,"14:48 ET"
VRT,254.15,2027-03-19,165,Call,280.00,-9.97%,30.45,31.85,32.65,1396,244,5.72,58.94%,58.33%,0.498255,"14:23 ET"
INTC,116.72,2026-10-12,7,Put,110.00,-6.18%,0.82,0.81,0.9,668,117,5.71,62.79%,49.93%,-0.188128,"14:40 ET"
ARM,300.98,2026-10-09,4,Call,337.50,-11.73%,0.92,1.08,1.09,777,136,5.71,69.94%,78.28%,0.090583,"14:32 ET"
VST,144.71,2027-06-17,255,Call,190.00,-31.82%,10.7,11.7,11.85,581,102,5.7,48.06%,48.95%,0.347358,"12:17 ET"
MSFT,527.07,2026-10-07,2,Call,550.00,-4.65%,0.06,0.1,0.12,855,150,5.7,30.03%,28.32%,0.022052,"14:49 ET"
PBR,24.57,2026-10-30,25,Put,21.50,-12.46%,0.18,0.27,0.29,853,150,5.69,42.36%,49.93%,-0.136218,"14:53 ET"
NKE,33.65,2027-04-16,193,Call,37.50,-11.21%,2.35,2.5,2.62,1264,222,5.69,36.34%,40.82%,0.405039,"13:26 ET"
FTNT,184.35,2027-03-19,165,Call,200.00,-8.55%,20.9,21.25,21.5,1220,215,5.67,54.06%,52.85%,0.499473,"14:39 ET"
INTC,116.72,2026-10-07,2,Put,117.00,-0.21%,2.2,2.22,2.22,8051,1421,5.67,62.79%,58.25%,-0.522453,"14:54 ET"
BNS,90.72,2026-11-20,46,Call,65.00,+28.37%,25.3,26.4,26.5,576,102,5.65,20.18%,50.32%,0.974325,"14:04 ET"
SNDK,1700.55,2026-10-09,4,Put,"1,710.00",+0.16%,52.1,54.21,53.6,734,130,5.65,61.96%,61.23%,-0.551822,"14:55 ET"
FIVN,34.74,2027-01-15,102,Put,32.50,-6.58%,3.5,3.77,3.7,3503,620,5.65,75.92%,68.28%,-0.347127,"11:52 ET"
VST,144.71,2026-10-09,4,Put,141.00,-2.18%,1.22,1.31,1.36,587,104,5.64,48.06%,49.71%,-0.27113,"14:55 ET"
PL,17.3,2026-11-20,46,Put,18.00,+3.99%,1.95,2,2.1,817,145,5.63,68.97%,68.66%,-0.508266,"14:33 ET"
TSLA,380.11,2026-10-07,2,Put,362.50,-4.71%,0.35,0.37,0.37,3578,635,5.63,42.04%,44.90%,-0.064371,"14:56 ET"
NVDA,238.81,2026-10-12,7,Put,232.50,-2.55%,1.26,1.27,1.28,1456,259,5.62,33.56%,28.43%,-0.228288,"14:53 ET"
TSLA,380.11,2026-10-07,2,Call,370.00,+2.74%,12,12.06,12.1,8345,1488,5.61,42.04%,40.76%,0.839391,"14:57 ET"
GME,25.63,2026-10-09,4,Call,26.50,-3.56%,0.37,0.38,0.38,6339,1135,5.59,53.56%,68.34%,0.325278,"14:54 ET"
NVO,37.24,2027-06-17,255,Put,20.00,-46.14%,0.19,0.2,0.24,1384,248,5.58,35.96%,45.70%,-0.033113,"10:33 ET"
HTFL,51.91,2026-10-16,11,Call,50.00,+3.57%,3.5,3.75,3.9,1059,191,5.54,77.85%,68.92%,0.663615,"14:52 ET"
WYNN,77.22,2026-10-09,4,Call,82.00,-5.62%,0.14,0.15,0.21,627,114,5.5,40.91%,43.65%,0.105403,"14:52 ET"
INTC,116.72,2026-10-07,2,Put,114.00,-2.77%,0.93,0.93,0.95,1215,221,5.5,62.79%,58.07%,-0.291834,"14:54 ET"
RDW,10.34,2026-10-09,4,Put,10.50,+1.45%,0.4,0.44,0.45,1841,335,5.5,86.01%,81.67%,-0.54172,"14:53 ET"
NVDA,238.81,2026-10-09,4,Call,205.00,+14.08%,34.1,34.28,34.45,2979,545,5.47,33.56%,70.63%,0.98305,"14:54 ET"
SOFI,16.01,2026-11-13,39,Call,17.00,-6.12%,0.7,0.72,0.74,670,123,5.45,50.10%,51.31%,0.408346,"14:45 ET"
NN,13.23,2026-10-09,4,Put,12.50,-4.94%,0.25,0.45,0.6,872,160,5.45,99.63%,138.85%,-0.31514,"13:58 ET"
JPM,332.55,2026-10-16,11,Call,305.00,+8.48%,27,28.2,28.5,1057,194,5.45,25.82%,22.26%,0.987903,"14:03 ET"
MU,1061.4,2028-01-21,473,Put,920.00,-13.45%,138.65,139.45,140,2353,432,5.45,46.69%,50.58%,-0.273722,"14:52 ET"
PANW,407.21,2026-10-30,25,Put,350.00,-13.91%,2.56,2.96,3,1597,294,5.43,52.73%,49.29%,-0.104831,"14:44 ET"
ET,20.54,2026-10-30,25,Call,21.50,-4.37%,0.08,0.13,0.15,1365,252,5.42,20.53%,20.64%,0.192706,"12:44 ET"
NVDA,238.81,2026-10-09,4,Put,237.50,-0.46%,2.34,2.35,2.35,15931,2952,5.4,33.56%,31.24%,-0.409089,"14:54 ET"
KDP,30.8,2026-10-16,11,Put,33.00,+7.04%,2,2,2.65,738,137,5.39,30.41%,35.39%,-0.862961,"09:30 ET"
NVDA,238.81,2026-11-13,39,Call,230.00,+3.60%,15.15,15.1,15.4,1386,259,5.35,33.56%,31.06%,0.680545,"14:44 ET"
JPM,332.55,2026-10-09,4,Call,325.00,+2.48%,7.35,7.6,8.6,1798,336,5.35,25.82%,18.79%,0.881792,"13:58 ET"
TSM,486.89,2026-10-09,4,Call,500.00,-2.62%,1.93,1.92,2.01,6800,1274,5.34,33.42%,32.39%,0.213525,"14:57 ET"
QBTS,15.46,2026-10-09,4,Call,15.50,-0.32%,0.45,0.47,0.52,613,115,5.33,72.17%,70.39%,0.534403,"14:53 ET"
APLD,24.39,2026-11-20,46,Put,21.00,-14.00%,1.25,1.28,1.29,1241,234,5.3,87.49%,83.79%,-0.250206,"13:57 ET"
FRVO,13.34,2026-10-16,11,Call,15.00,-13.12%,0.3,0.32,0.4,4367,825,5.29,97.72%,97.23%,0.274526,"14:47 ET"
VELO,9.05,2026-10-16,11,Call,10.00,-9.53%,0.25,0.29,0.3,671,127,5.28,98.54%,95.19%,0.3105,"14:52 ET"
DHI,133.54,2027-01-15,102,Call,155.00,-15.90%,3,3.44,3.7,1166,221,5.28,37.98%,34.74%,0.249807,"13:11 ET"
SNOW,341.2,2026-10-09,4,Put,335.00,-1.72%,4.45,4.35,4.8,1288,245,5.26,46.29%,50.87%,-0.362527,"14:50 ET"
APLD,24.39,2026-10-09,4,Call,24.00,+1.72%,1.6,1.6,1.64,1322,252,5.25,87.49%,136.62%,0.58042,"14:53 ET"
BE,287.14,2026-10-09,4,Call,302.50,-5.20%,3.5,3.4,3.6,605,116,5.22,76.65%,75.40%,0.267325,"14:44 ET"
CAPR,7.41,2029-01-19,837,Call,3.00,+60.00%,5.1,6.7,8,729,140,5.21,228.71%,159.32%,0.9488,"14:09 ET"
AMZN,253.79,2026-10-07,2,Call,257.50,-1.61%,0.9,0.93,0.93,6674,1281,5.21,35.30%,30.69%,0.264278,"14:53 ET"
META,742.67,2026-10-09,4,Put,745.00,+0.31%,12.25,12.25,12.35,1045,201,5.2,39.75%,36.02%,-0.523631,"14:51 ET"
MARA,10.94,2026-10-09,4,Call,11.00,-0.46%,0.37,0.38,0.38,18116,3484,5.2,80.49%,83.41%,0.511047,"14:54 ET"
MELI,1867.85,2026-10-16,11,Put,"1,800.00",-3.68%,21,23,27,711,137,5.19,43.30%,40.96%,-0.280825,"14:35 ET"
SNDK,1700.55,2026-10-09,4,Call,"1,715.00",-0.46%,33.4,34.2,34.3,856,165,5.19,61.96%,62.16%,0.432226,"14:55 ET"
APLD,24.39,2026-10-16,11,Call,25.50,-4.42%,1.27,1.29,1.35,601,116,5.18,87.49%,102.89%,0.444039,"14:40 ET"
SPCX,167.86,2029-01-19,837,Call,295.00,-76.55%,28.05,28.31,29.1,10985,2121,5.18,49.93%,52.46%,0.432594,"14:52 ET"
META,742.67,2026-10-07,2,Call,737.50,+0.70%,10.65,10.75,10.85,983,191,5.15,39.75%,35.98%,0.609675,"14:45 ET"
BNS,90.72,2026-11-20,46,Call,70.00,+22.86%,18.8,21.3,22.7,735,143,5.14,20.18%,52.73%,0.929108,"14:04 ET"
NBIS,230.98,2026-10-09,4,Call,232.50,-0.35%,6.5,6.55,6.7,1020,199,5.13,77.58%,75.60%,0.483778,"14:53 ET"
META,742.67,2026-10-07,2,Call,790.00,-6.37%,0.24,0.24,0.26,1093,213,5.13,39.75%,43.18%,0.027773,"14:51 ET"
SLB,50.25,2026-12-18,74,Call,55.00,-9.24%,1.62,1.65,1.69,10160,1986,5.12,36.73%,36.91%,0.328625,"14:53 ET"
TSLA,380.11,2026-10-07,2,Call,402.50,-5.81%,0.29,0.29,0.3,802,157,5.11,42.04%,45.69%,0.054666,"14:56 ET"
AAPL,333.13,2026-10-07,2,Put,330.00,-0.85%,1.04,1.08,1.1,5665,1111,5.1,24.97%,24.63%,-0.28124,"14:53 ET"
META,742.67,2026-10-07,2,Put,715.00,-3.73%,0.77,0.77,0.8,1120,220,5.09,39.75%,37.42%,-0.082724,"14:53 ET"
ZS,204.07,2026-10-09,4,Call,225.00,-10.43%,1.15,1.17,1.25,1218,240,5.08,56.17%,83.36%,0.138003,"14:55 ET"
NN,13.23,2027-01-15,102,Call,18.00,-36.88%,1.4,1.48,1.6,1472,290,5.08,99.63%,102.11%,0.39177,"13:11 ET"
AAPL,333.13,2026-10-07,2,Call,342.50,-2.90%,0.22,0.23,0.23,4004,788,5.08,24.97%,25.50%,0.079522,"14:53 ET"
GME,25.63,2026-10-09,4,Put,24.00,-6.21%,0.1,0.11,0.11,8115,1598,5.08,53.56%,56.73%,-0.133472,"14:52 ET"
WEN,6.07,2027-02-19,137,Call,6.00,+1.15%,0.7,0.75,0.85,1029,203,5.07,48.57%,50.25%,0.573105,"10:38 ET"
AMZN,253.79,2026-10-05,0,Call,250.00,+1.35%,3.65,3.75,3.9,13428,2656,5.06,35.30%,15.81%,0.965241,"14:53 ET"
TSLA,380.11,2026-10-07,2,Put,365.00,-4.05%,0.51,0.52,0.52,9427,1873,5.03,42.04%,43.73%,-0.089061,"14:57 ET"
OKLO,36.32,2026-10-09,4,Call,37.50,-3.48%,0.6,0.65,0.72,2064,414,4.99,71.80%,72.59%,0.363823,"14:52 ET"
SKHY,194.93,2026-10-09,4,Call,202.50,-4.01%,1.42,1.42,1.6,2453,492,4.99,51.82%,54.72%,0.237873,"14:56 ET"
MSFT,527.07,2026-10-09,4,Put,525.00,-0.11%,4.7,4.75,4.85,2709,543,4.99,30.03%,26.51%,-0.434133,"14:53 ET"
TSLA,380.11,2026-10-12,7,Call,387.50,-1.86%,4.7,4.47,4.8,557,112,4.97,42.04%,35.13%,0.378678,"14:49 ET"
META,742.67,2026-10-07,2,Put,720.00,-3.06%,1.24,1.22,1.27,661,133,4.97,39.75%,36.74%,-0.123916,"14:51 ET"
MSFT,527.07,2026-12-18,74,Put,540.00,+2.75%,32.55,33.6,33.35,731,147,4.97,30.03%,29.03%,-0.534793,"14:38 ET"
CMG,30.84,2026-10-09,4,Call,31.00,-0.85%,0.52,0.67,0.69,830,167,4.97,46.88%,50.30%,0.488025,"14:40 ET"
OKLO,36.32,2026-10-09,4,Call,40.00,-10.38%,0.19,0.2,0.2,11844,2382,4.97,71.80%,78.19%,0.13432,"14:53 ET"
INTC,116.72,2026-10-07,2,Call,120.00,-2.35%,0.82,0.83,0.83,5983,1206,4.96,62.79%,60.07%,0.266988,"14:54 ET"
TSM,486.89,2027-01-15,102,Put,490.00,+0.57%,33.85,35.28,34.9,627,127,4.94,33.42%,33.74%,-0.466167,"12:37 ET"
RXT,3.85,2026-10-09,4,Call,1.00,+74.09%,2.8,2.86,2.95,710,144,4.93,105.53%,678.13%,0.988031,"11:15 ET"
AMZN,253.79,2026-10-07,2,Call,240.00,+5.30%,12.95,13.48,15.15,863,175,4.93,35.30%,50.67%,0.934058,"14:43 ET"
NVAX,12.76,2026-10-09,4,Call,11.00,+11.22%,1.59,1.88,2.11,2012,408,4.93,101.46%,118.87%,0.896151,"14:53 ET"
GE,306.95,2026-12-18,74,Call,310.00,-1.00%,17.7,17.9,18.15,1022,208,4.91,34.13%,33.32%,0.521631,"14:50 ET"
TMC,3.73,2027-05-21,228,Call,6.00,-61.29%,0.51,0.58,0.62,1640,334,4.91,83.55%,94.05%,0.409795,"14:13 ET"
MU,1061.4,2026-10-07,2,Put,"1,020.00",-4.04%,2.54,2.55,2.61,1333,272,4.9,46.69%,47.63%,-0.134434,"14:53 ET"
LEN,73.91,2026-10-09,4,Put,70.00,-5.32%,0.3,0.4,0.45,1990,407,4.89,41.87%,56.18%,-0.159325,"14:50 ET"
XNDU,4.49,2026-10-09,4,Call,4.50,-0.22%,0.15,0.16,0.25,542,111,4.88,116.39%,105.99%,0.523651,"11:38 ET"
AMZN,253.79,2026-10-07,2,Call,262.50,-3.58%,0.23,0.25,0.27,3006,616,4.88,35.30%,33.36%,0.087405,"14:52 ET"
NVDA,238.81,2026-10-05,0,Call,235.00,+1.50%,4.05,4.06,4.1,80290,16441,4.88,33.56%,0.00%,0,"14:54 ET"
TSLA,380.11,2029-01-19,837,Call,600.00,-57.72%,62.25,63.6,64.45,875,180,4.86,42.04%,46.96%,0.449576,"14:55 ET"
NVAX,12.76,2026-10-09,4,Call,11.50,+7.18%,1.35,1.6,1.61,3074,633,4.86,101.46%,130.98%,0.797113,"14:52 ET"
NVAX,12.76,2026-10-30,25,Call,12.00,+3.15%,1.24,1.5,1.7,746,154,4.84,101.46%,79.51%,0.660148,"14:49 ET"
NVDA,238.81,2026-10-14,9,Put,237.50,-0.46%,3.35,3.45,3.45,1180,244,4.84,33.56%,28.32%,-0.425522,"14:52 ET"
META,742.67,2026-10-12,7,Call,745.00,-0.31%,11.9,12.04,12.1,507,105,4.83,39.75%,31.48%,0.485228,"14:50 ET"
AVGO,363.05,2026-10-14,9,Call,380.00,-4.76%,2.14,2.46,2.7,527,109,4.83,36.74%,35.67%,0.214763,"14:40 ET"
RGTI,15.06,2026-10-09,4,Call,15.00,+0.40%,0.49,0.51,0.52,1188,246,4.83,70.43%,68.92%,0.564194,"14:57 ET"
AAL,12.86,2026-10-30,25,Call,13.50,-4.81%,0.41,0.41,0.44,2000,414,4.83,46.72%,50.26%,0.384967,"14:46 ET"
VRT,254.15,2027-03-19,165,Call,370.00,-45.32%,10.8,11.7,12.5,1393,290,4.8,58.94%,58.43%,0.237952,"14:21 ET"
INTC,116.72,2026-11-06,32,Call,125.00,-6.61%,6.1,6.3,6.35,1705,355,4.8,62.79%,68.34%,0.409808,"14:43 ET"
SNDK,1700.55,2026-10-09,4,Put,"1,550.00",-9.21%,4.5,4.69,5,3252,677,4.8,61.96%,63.78%,-0.088516,"14:57 ET"
TSLA,380.11,2026-10-12,7,Call,372.50,+2.08%,12.1,12.4,12.7,699,146,4.79,42.04%,34.54%,0.695153,"14:57 ET"
UBER,69.57,2026-10-09,4,Put,71.00,+2.00%,1.71,1.76,1.81,1843,385,4.79,38.33%,35.33%,-0.67456,"14:56 ET"
QCOM,180.88,2026-10-16,11,Put,172.50,-4.80%,2.13,2.18,2.25,815,171,4.77,50.21%,44.23%,-0.253149,"14:54 ET"
CRCL,83.6,2027-03-19,165,Call,135.00,-61.31%,4.95,4.9,5.05,1475,309,4.77,71.09%,74.26%,0.251527,"12:16 ET"
MSFT,527.07,2026-10-07,2,Call,527.50,-0.37%,3.9,4,4.05,4329,909,4.76,30.03%,26.62%,0.490762,"14:53 ET"
SNDK,1700.55,2026-10-09,4,Put,"1,720.00",+0.75%,58,61.6,59.7,959,202,4.75,61.96%,61.31%,-0.587458,"14:56 ET"
AMZN,253.79,2026-11-06,32,Put,250.00,-1.35%,9.1,9.31,9.45,988,208,4.75,35.30%,38.32%,-0.416481,"14:46 ET"
BABA,111.13,2026-10-30,25,Call,108.00,+2.51%,6,5.9,6.45,1587,334,4.75,42.18%,38.96%,0.630918,"13:50 ET"
LULU,92.07,2026-10-16,11,Put,92.00,-0.27%,2.39,2.52,2.57,792,167,4.74,41.82%,40.36%,-0.475249,"14:53 ET"
KO,86.32,2028-06-16,620,Put,70.00,-18.92%,2.57,2.78,2.79,672,142,4.73,20.46%,23.16%,-0.167981,"12:14 ET"
INTC,116.72,2027-04-16,193,Put,82.50,-29.64%,4.35,4.45,4.55,1929,408,4.73,62.79%,58.64%,-0.143006,"12:48 ET"
TSLA,380.11,2026-10-07,2,Call,372.50,+2.08%,10,10.08,10.1,6298,1331,4.73,42.04%,40.81%,0.77871,"14:57 ET"
META,742.67,2026-10-09,4,Put,737.50,-0.70%,8.65,8.6,8.75,687,146,4.71,39.75%,36.14%,-0.417204,"14:52 ET"
S,25.44,2026-10-16,11,Call,26.50,-4.13%,0.35,0.42,0.45,1082,230,4.7,49.04%,45.86%,0.318041,"14:41 ET"
NVDA,238.81,2026-10-12,7,Call,242.50,-1.64%,2.09,2.09,2.13,1170,249,4.7,33.56%,26.30%,0.362189,"14:53 ET"
NBIS,230.98,2026-10-09,4,Call,237.50,-2.51%,4.5,4.6,4.75,1231,262,4.7,77.58%,75.85%,0.378928,"14:50 ET"
EQT,51.24,2026-10-09,4,Call,51.00,+0.64%,0.75,0.92,0.96,2020,430,4.7,31.47%,33.90%,0.561659,"13:14 ET"
CRCL,83.6,2026-11-06,32,Put,80.00,-4.41%,4.5,4.98,5.55,908,194,4.68,71.09%,70.80%,-0.368952,"13:40 ET"
CBRS,179.09,2026-10-09,4,Call,195.00,-8.84%,1.2,1.42,1.5,1479,316,4.68,74.40%,79.78%,0.173879,"14:33 ET"
TSLA,380.11,2026-10-07,2,Put,355.00,-6.68%,0.14,0.15,0.15,4759,1017,4.68,42.04%,49.99%,-0.02663,"14:57 ET"
NKE,33.65,2026-10-09,4,Call,34.00,-0.83%,0.4,0.4,0.42,13596,2903,4.68,36.34%,39.25%,0.417439,"14:53 ET"
VIK,80.71,2026-11-20,46,Put,70.00,-13.33%,1.05,1.05,1.15,779,167,4.66,41.57%,44.77%,-0.152819,"14:57 ET"
GME,25.63,2026-10-09,4,Put,25.00,-2.31%,0.33,0.34,0.37,2746,589,4.66,53.56%,56.76%,-0.336232,"14:43 ET"
USAR,13.52,2026-10-30,25,Call,16.50,-22.31%,0.2,0.21,0.22,777,167,4.65,75.47%,70.30%,0.170501,"12:47 ET"
NBIS,230.98,2026-10-16,11,Call,245.00,-5.75%,6.05,6.15,6.45,4523,972,4.65,77.58%,72.27%,0.344806,"14:49 ET"
NVDA,238.81,2026-10-07,2,Put,242.50,+1.64%,4.35,4.35,4.4,710,153,4.64,33.56%,32.44%,-0.716746,"14:53 ET"
GOOGL,347.34,2026-10-09,4,Call,347.50,-0.21%,4.45,4.5,4.55,11901,2565,4.64,32.81%,30.36%,0.513133,"14:54 ET"
CBRS,179.09,2026-10-09,4,Put,172.50,-3.72%,2.5,2.74,2.85,703,152,4.63,74.40%,75.30%,-0.289374,"14:52 ET"
AAOI,118,2026-10-09,4,Call,119.00,-0.17%,4,4.95,4.6,720,156,4.62,96.50%,98.56%,0.481889,"14:32 ET"
MSFT,527.07,2026-10-12,7,Call,530.00,-0.84%,5.1,5.5,5.65,553,120,4.61,30.03%,22.61%,0.443429,"14:51 ET"
GOOGL,347.34,2026-10-07,2,Call,357.50,-3.09%,0.42,0.45,0.45,995,216,4.61,32.81%,31.02%,0.113254,"14:52 ET"
MU,1061.4,2026-10-09,4,Call,"1,205.00",-13.37%,0.54,0.62,0.58,1397,303,4.61,46.69%,60.29%,0.022879,"14:35 ET"
AMZN,253.79,2026-10-07,2,Call,245.00,+3.32%,8.8,9.01,9.2,3928,854,4.6,35.30%,33.88%,0.921558,"14:49 ET"
SPCX,167.86,2026-10-09,4,Call,172.50,-3.24%,2.05,2.03,2.08,21848,4748,4.6,49.93%,53.31%,0.340484,"14:57 ET"
AMD,630.45,2026-10-07,2,Call,652.50,-3.36%,1.71,1.89,1.8,832,182,4.57,51.44%,46.63%,0.156618,"14:52 ET"
MSFT,527.07,2026-10-07,2,Put,515.00,-2.01%,0.66,0.69,0.79,1626,356,4.57,30.03%,28.24%,-0.130124,"14:52 ET"
MU,1061.4,2026-10-07,2,Call,"1,125.00",-5.84%,1.12,1.12,1.13,701,154,4.55,46.69%,52.23%,0.063976,"14:54 ET"
TSLA,380.11,2026-10-12,7,Call,385.00,-1.21%,5.65,5.6,5.75,1158,255,4.54,42.04%,35.06%,0.430034,"14:55 ET"
JPM,332.55,2026-10-09,4,Call,342.50,-2.77%,0.26,0.26,0.34,1468,323,4.54,25.82%,20.76%,0.090245,"14:51 ET"
PBR,24.57,2027-03-19,165,Call,26.00,-5.86%,1.63,1.75,1.8,566,125,4.53,42.36%,34.10%,0.455287,"14:19 ET"
SPCX,167.86,2026-10-09,4,Put,157.50,-5.74%,0.58,0.6,0.6,34212,7570,4.52,49.93%,55.36%,-0.119928,"14:56 ET"
TSLA,380.11,2026-10-16,11,Put,377.50,-0.76%,8.6,9.1,8.75,1951,433,4.51,42.04%,40.00%,-0.428333,"14:49 ET"
UBER,69.57,2026-10-30,25,Call,60.00,+13.81%,9.4,9.9,10.35,600,134,4.48,38.33%,22.42%,0.995869,"09:33 ET"
PENG,61.49,2026-10-16,11,Call,90.00,-46.27%,0.5,0.56,0.65,631,141,4.48,103.24%,148.41%,0.087307,"14:29 ET"
RCAT,6.32,2026-10-16,11,Call,6.50,-2.85%,0.22,0.22,0.25,650,145,4.48,80.04%,69.74%,0.440886,"14:48 ET"
VALE,14.28,2026-10-23,18,Call,14.50,-1.68%,0.35,0.36,0.37,1349,301,4.48,34.57%,35.30%,0.447338,"14:35 ET"
AVGO,363.05,2026-10-16,11,Call,425.00,-17.16%,0.22,0.22,0.25,1358,304,4.47,36.74%,44.60%,0.022965,"14:36 ET"
SPCX,167.86,2026-10-09,4,Call,190.00,-13.71%,0.15,0.16,0.17,6689,1495,4.47,49.93%,63.47%,0.03674,"14:58 ET"
SPCX,167.86,2026-10-09,4,Call,165.00,+1.25%,5.55,5.6,5.6,46701,10446,4.47,49.93%,52.85%,0.651115,"14:58 ET"
DHT,23.74,2026-11-20,46,Call,25.00,-5.26%,1.15,1.31,1.35,1611,361,4.46,58.55%,57.09%,0.406995,"14:26 ET"
NVDA,238.81,2026-10-23,18,Put,240.00,+0.59%,6.3,6.35,6.4,1518,341,4.45,33.56%,28.62%,-0.503175,"14:53 ET"
CCL,25.64,2026-10-09,4,Put,25.50,-0.62%,0.32,0.35,0.42,1058,239,4.43,38.18%,42.29%,-0.430243,"13:57 ET"
CMG,30.84,2026-10-16,11,Call,31.50,-2.47%,0.72,0.69,0.96,745,169,4.41,46.88%,51.00%,0.435819,"14:23 ET"
IBRX,10.38,2026-10-09,4,Put,10.00,-4.21%,0.25,0.3,0.35,910,207,4.4,104.10%,108.53%,-0.353609,"14:46 ET"
INTC,116.72,2026-10-30,25,Call,129.00,-10.02%,4.2,4.35,4.45,619,141,4.39,62.79%,71.47%,0.331806,"13:01 ET"
UUUU,10.72,2026-10-09,4,Call,11.00,-3.19%,0.13,0.13,0.16,1929,439,4.39,64.59%,55.19%,0.355792,"14:54 ET"
NFLX,67.39,2027-03-19,165,Put,62.50,-6.97%,4.1,4.2,4.2,8649,1968,4.39,40.32%,38.85%,-0.317574,"14:34 ET"
AMZN,253.79,2026-10-07,2,Put,250.00,-1.35%,0.82,0.82,0.85,4213,961,4.38,35.30%,30.00%,-0.246744,"14:53 ET"
GME,25.63,2026-10-09,4,Put,26.00,+1.60%,0.88,0.93,0.93,826,189,4.37,53.56%,63.20%,-0.581771,"14:53 ET"
BE,287.14,2026-10-16,11,Call,287.50,+0.02%,13.5,13.55,13.6,1287,295,4.36,76.65%,68.57%,0.522001,"14:52 ET"
MRNA,205.07,2026-10-09,4,Put,195.00,-5.12%,3.5,3.74,3.95,1848,424,4.36,93.32%,95.10%,-0.279171,"14:45 ET"
SPCX,167.86,2027-01-15,102,Call,295.00,-76.55%,0.68,0.71,0.72,2087,479,4.36,49.93%,54.69%,0.039466,"14:38 ET"
NBIS,230.98,2026-10-09,4,Call,247.50,-6.83%,2.15,2.12,2.3,1218,280,4.35,77.58%,78.77%,0.213594,"14:52 ET"
SPCX,167.86,2026-10-23,18,Put,147.00,-12.02%,0.84,0.88,0.86,937,216,4.34,49.93%,48.98%,-0.094763,"14:48 ET"
TLRY,3.76,2028-01-21,473,Put,4.00,+6.95%,1.24,1.44,1.54,836,193,4.33,78.78%,82.23%,-0.331649,"12:33 ET"
MU,1061.4,2026-10-07,2,Call,"1,110.00",-4.43%,2,2,2.04,979,226,4.33,46.69%,49.86%,0.108823,"14:54 ET"
SNAP,5.68,2029-01-19,837,Call,7.00,-23.24%,2.01,2.1,2.12,1520,351,4.33,70.10%,67.94%,0.662524,"14:36 ET"
MSFT,527.07,2026-10-16,11,Put,525.00,-0.11%,7.5,7.72,7.95,1046,242,4.32,30.03%,24.51%,-0.447565,"14:50 ET"
AMD,630.45,2026-10-07,2,Put,600.00,-4.96%,0.86,0.83,0.88,4360,1009,4.32,51.44%,48.05%,-0.083731,"14:53 ET"
NVAX,12.76,2027-04-16,193,Call,15.00,-21.07%,1.81,2.02,2.46,2967,689,4.31,101.46%,76.24%,0.510698,"14:49 ET"
NVDA,238.81,2026-10-14,9,Call,240.00,-0.59%,3.8,3.8,3.9,1855,431,4.3,33.56%,27.96%,0.481912,"14:53 ET"
PFE,27.45,2029-01-19,837,Put,27.00,-1.42%,3.6,3.76,3.9,595,139,4.28,25.83%,24.72%,-0.390412,"14:37 ET"
META,742.67,2026-10-09,4,Put,740.00,-0.37%,9.75,9.7,9.85,1589,372,4.27,39.75%,36.07%,-0.45238,"14:53 ET"
POET,7.72,2027-05-21,228,Call,10.00,-29.70%,1.35,1.36,1.47,1044,245,4.26,81.74%,84.67%,0.495232,"14:46 ET"
AVGO,363.05,2026-10-07,2,Call,367.50,-1.31%,2.23,2.36,2.4,2081,489,4.26,36.74%,39.61%,0.334538,"14:51 ET"
SNDK,1700.55,2026-10-09,4,Call,"1,725.00",-1.04%,28.9,29.73,30.6,1299,306,4.25,61.96%,61.86%,0.396794,"14:57 ET"
SPCX,167.86,2026-11-13,39,Call,175.00,-4.73%,8.5,8.5,8.7,626,148,4.23,49.93%,50.89%,0.449234,"14:51 ET"
GOOGL,347.34,2026-10-07,2,Put,345.00,-0.51%,1.89,1.93,1.99,731,173,4.23,32.81%,30.03%,-0.363154,"14:54 ET"
MU,1061.4,2026-10-09,4,Call,"1,045.00",+1.68%,29.4,29.85,30.05,1185,280,4.23,46.69%,48.52%,0.6211,"14:53 ET"
MU,1061.4,2026-10-07,2,Put,"1,005.00",-5.45%,1.23,1.23,1.29,595,141,4.22,46.69%,49.71%,-0.071666,"14:53 ET"
SNDK,1700.55,2026-10-09,4,Call,"1,735.00",-1.63%,25.5,26,27.2,772,183,4.22,61.96%,62.09%,0.363394,"14:56 ET"
DELL,552.03,2026-10-09,4,Put,535.00,-3.04%,5.75,5.94,5.95,810,192,4.22,56.78%,55.41%,-0.284663,"14:48 ET"
META,742.67,2026-10-07,2,Call,775.00,-4.35%,0.74,0.78,0.76,1996,473,4.22,39.75%,39.88%,0.076901,"14:52 ET"
META,742.67,2026-10-05,0,Call,732.50,+1.38%,10,10.35,10.2,2306,546,4.22,39.75%,17.67%,0.93371,"14:34 ET"
TSLA,380.11,2026-10-07,2,Call,400.00,-5.15%,0.39,0.4,0.4,6501,1542,4.22,42.04%,44.33%,0.07196,"14:57 ET"
SPCX,167.86,2026-11-06,32,Call,195.00,-16.70%,2.57,2.56,2.63,593,141,4.21,49.93%,51.90%,0.194731,"14:46 ET"
MRNA,205.07,2026-10-30,25,Put,180.00,-12.42%,10.2,10.35,10.9,973,231,4.21,93.32%,105.21%,-0.264691,"14:53 ET"
MSTR,163.82,2026-10-09,4,Put,162.50,-0.54%,3.75,3.85,3.8,5428,1289,4.21,64.47%,67.02%,-0.427797,"14:52 ET"
IOVA,14.23,2026-10-09,4,Call,14.50,-1.47%,0.25,0.37,0.45,634,151,4.2,96.39%,78.78%,0.4263,"14:38 ET"
MRVL,270.2,2026-10-09,4,Put,262.50,-3.08%,6.4,6.45,6.7,1240,295,4.2,62.61%,87.92%,-0.365606,"14:47 ET"
HPE,68.83,2026-10-09,4,Call,75.00,-9.27%,0.2,0.25,0.3,2035,484,4.2,60.15%,67.37%,0.110136,"14:46 ET"
MSFT,527.07,2026-10-30,25,Call,570.00,-8.46%,4.75,4.85,5,7062,1686,4.19,30.03%,32.91%,0.200161,"14:53 ET"
BNS,90.72,2026-11-20,46,Call,72.50,+20.10%,17.5,18.4,19.9,591,142,4.16,20.18%,44.63%,0.931177,"13:59 ET"
MU,1061.4,2026-10-07,2,Call,"1,120.00",-5.37%,1.33,1.4,1.37,1053,253,4.16,46.69%,51.29%,0.075852,"14:52 ET"
HAL,32.85,2026-10-09,4,Put,32.00,-2.91%,0.15,0.21,0.23,1149,276,4.16,37.12%,37.44%,-0.244317,"14:48 ET"
STX,888,2026-10-09,4,Call,950.00,-6.77%,6.4,6.35,7,618,149,4.15,65.70%,70.89%,0.190992,"14:40 ET"
AAPL,333.13,2026-10-07,2,Call,332.50,+0.10%,2.92,3.01,3.05,6903,1665,4.15,24.97%,25.21%,0.564758,"14:53 ET"
B,40.15,2027-03-19,165,Call,70.00,-74.35%,0.21,0.25,0.32,1981,478,4.14,40.93%,46.37%,0.055603,"13:41 ET"
TEM,82.68,2026-10-09,4,Call,82.00,+0.51%,3.35,3.25,3.5,760,184,4.13,79.79%,87.73%,0.559505,"14:52 ET"
DAL,83.51,2026-10-16,11,Put,77.00,-8.04%,0.56,0.64,0.68,522,127,4.11,41.64%,49.45%,-0.158374,"14:16 ET"
MU,1061.4,2026-10-07,2,Call,"1,090.00",-2.55%,4.6,4.71,4.75,1423,346,4.11,46.69%,47.95%,0.220287,"14:54 ET"
BE,287.14,2026-10-09,4,Call,287.50,+0.02%,8.55,8.67,8.75,944,230,4.1,76.65%,73.64%,0.508844,"14:51 ET"
TDOC,5.74,2026-10-30,25,Call,6.50,-13.64%,0.16,0.17,0.22,1091,267,4.09,63.35%,71.47%,0.303151,"14:57 ET"
LMND,46.65,2026-10-09,4,Put,44.00,-5.74%,0.2,0.25,0.3,1055,259,4.07,70.58%,59.29%,-0.159437,"14:16 ET"
TE,3.67,2026-10-23,18,Put,3.50,-4.37%,0.2,0.2,0.25,1793,442,4.06,101.45%,98.08%,-0.362147,"14:25 ET"
NVDA,238.81,2026-10-12,7,Put,230.00,-3.60%,0.84,0.86,0.85,2247,553,4.06,33.56%,29.38%,-0.161659,"14:52 ET"
VST,144.71,2026-10-09,4,Call,150.00,-4.07%,1.26,1.33,1.38,4731,1165,4.06,48.06%,50.39%,0.284176,"14:57 ET"
QBTS,15.46,2026-10-09,4,Call,16.00,-3.56%,0.27,0.27,0.28,1876,463,4.05,72.17%,70.36%,0.365125,"14:53 ET"
MRVL,270.2,2026-10-09,4,Put,267.50,-1.23%,8.75,8.6,8.95,663,165,4.02,62.61%,88.78%,-0.445153,"14:44 ET"
BSX,42.48,2026-10-09,4,Call,44.00,-3.51%,0.1,0.2,0.2,735,183,4.02,42.95%,35.32%,0.179245,"14:39 ET"
VST,144.71,2026-10-09,4,Call,160.00,-11.00%,0.2,0.21,0.22,1158,288,4.02,48.06%,57.17%,0.057705,"14:56 ET"
MU,1061.4,2026-10-05,0,Put,"1,070.00",+0.67%,9.85,9.93,10.5,7274,1810,4.02,46.69%,9.03%,-0.992954,"14:52 ET"
QCOM,180.88,2026-10-16,11,Call,187.50,-3.48%,3.1,3.25,3.25,626,156,4.01,50.21%,45.97%,0.343593,"14:50 ET"
CMG,30.84,2026-10-09,4,Call,30.00,+2.41%,1.09,1.2,1.54,633,158,4.01,46.88%,61.24%,0.690519,"14:50 ET"
BABA,111.13,2026-10-23,18,Call,125.00,-12.84%,0.59,0.61,0.68,2212,552,4.01,42.18%,43.74%,0.123627,"14:46 ET"
SPCX,167.86,2026-11-20,46,Put,165.00,-1.25%,9.95,10.19,10.05,3478,867,4.01,49.93%,50.53%,-0.412917,"14:54 ET"
INTC,116.72,2026-10-09,4,Call,113.00,+3.62%,5,5.12,5.15,1103,276,4,62.79%,60.61%,0.702147,"14:52 ET"
NVDA,238.81,2026-10-12,7,Call,237.50,+0.46%,4.45,4.5,4.55,5601,1402,4,33.56%,27.05%,0.584872,"14:53 ET"
META,742.67,2026-10-05,0,Call,735.00,+1.04%,7.55,7.7,7.7,6356,1590,4,39.75%,10.64%,0.969637,"14:54 ET"
MU,1061.4,2026-10-07,2,Call,"1,115.00",-4.90%,1.62,1.7,1.66,579,145,3.99,46.69%,50.49%,0.090549,"14:52 ET"
NUAI,5.86,2026-10-16,11,Call,7.00,-19.45%,0.1,0.11,0.15,650,163,3.99,110.28%,113.12%,0.210272,"13:02 ET"
INTC,116.72,2026-10-05,0,Put,119.00,+1.49%,2.33,2.4,2.44,4750,1191,3.99,62.79%,21.18%,-0.970836,"14:54 ET"
MO,67.67,2026-10-09,4,Call,68.00,-0.52%,0.5,0.51,0.56,6202,1556,3.99,24.14%,24.73%,0.421284,"14:39 ET"
INTC,116.72,2026-10-07,2,Put,112.00,-4.48%,0.45,0.46,0.49,821,207,3.97,62.79%,58.56%,-0.170455,"14:49 ET"
META,742.67,2026-10-07,2,Put,730.00,-1.71%,3,3.05,3.1,1354,341,3.97,39.75%,35.95%,-0.253992,"14:54 ET"
INTC,116.72,2026-10-07,2,Call,125.00,-6.61%,0.19,0.19,0.2,5616,1413,3.97,62.79%,65.13%,0.07829,"14:54 ET"
RGTI,15.06,2026-10-09,4,Call,15.50,-2.92%,0.25,0.28,0.31,2216,559,3.96,70.43%,68.50%,0.383933,"14:52 ET"
WYNN,77.22,2026-10-09,4,Call,84.00,-8.19%,0.06,0.13,0.12,678,172,3.94,40.91%,48.45%,0.055059,"12:31 ET"
RSG,212.78,2026-10-16,11,Call,220.00,-3.35%,0.3,0.93,0.9,694,176,3.94,19.92%,18.96%,0.164134,"12:38 ET"
KEEL,3.39,2026-10-16,11,Call,3.50,-3.24%,0.15,0.16,0.16,1796,456,3.94,93.73%,84.00%,0.451171,"14:50 ET"
BABA,111.13,2026-10-09,4,Put,111.00,+0.20%,1.89,1.89,1.96,684,174,3.93,42.18%,43.50%,-0.475989,"14:52 ET"
AVGO,363.05,2026-10-07,2,Call,370.00,-2.00%,1.61,1.62,1.67,4539,1155,3.93,36.74%,40.01%,0.257282,"14:53 ET"
AAOI,118,2026-10-23,18,Call,140.00,-17.85%,2.7,2.9,3,548,140,3.91,96.50%,90.86%,0.227582,"14:52 ET"
AMZN,253.79,2026-10-09,4,Put,265.00,+4.57%,11.05,11.57,11.75,894,229,3.9,35.30%,26.60%,-0.94377,"14:43 ET"
NBIS,230.98,2026-10-09,4,Put,235.00,+1.43%,9.15,9.25,9.65,2101,539,3.9,77.58%,74.40%,-0.571932,"14:46 ET"
CVS,86.93,2026-10-09,4,Put,85.00,-2.57%,0.49,0.56,0.63,1282,330,3.88,36.36%,37.25%,-0.26575,"14:39 ET"
NKE,33.65,2026-10-16,11,Call,33.00,+2.14%,1.14,1.18,1.21,3276,845,3.88,36.34%,34.29%,0.644275,"14:53 ET"
LULU,92.07,2026-10-09,4,Call,95.00,-2.98%,0.65,0.73,0.73,1010,261,3.87,41.82%,45.23%,0.266153,"14:52 ET"
SHOP,159.47,2026-10-09,4,Call,162.50,-1.93%,2.5,2.51,2.58,1032,267,3.87,59.98%,56.38%,0.393981,"14:53 ET"
APLD,24.39,2029-01-19,837,Call,30.00,-22.85%,10.7,10.75,11.1,533,138,3.86,87.49%,83.08%,0.710431,"13:49 ET"
C,128.52,2026-10-09,4,Put,130.00,+0.83%,2.36,2.14,2.49,1018,264,3.86,31.42%,29.11%,-0.641857,"14:35 ET"
VST,144.71,2026-10-09,4,Call,155.00,-7.53%,0.49,0.51,0.53,3982,1033,3.85,48.06%,53.05%,0.129335,"14:57 ET"
BE,287.14,2026-10-09,4,Put,287.50,-0.02%,8.8,9.2,8.9,765,199,3.84,76.65%,72.22%,-0.492026,"14:42 ET"
IREN,40.24,2026-11-06,32,Put,37.00,-8.21%,1.87,1.9,1.93,1194,311,3.84,76.79%,73.02%,-0.304198,"14:40 ET"
TSM,486.89,2026-10-09,4,Call,505.00,-3.65%,1.17,1.18,1.2,3619,942,3.84,33.42%,32.76%,0.141231,"14:57 ET"
AAPL,333.13,2026-10-09,4,Call,337.50,-1.40%,1.81,1.86,1.86,11939,3135,3.81,24.97%,24.76%,0.328211,"14:53 ET"
PUSA,2.88,2026-11-20,46,Call,2.50,+12.89%,0.3,0.78,0.95,506,133,3.8,123.45%,102.46%,0.725431,"14:08 ET"
TSLA,380.11,2026-10-12,7,Call,382.50,-0.55%,6.7,6.75,6.8,538,142,3.79,42.04%,34.86%,0.483,"14:57 ET"
DNA,15.07,2026-10-16,11,Call,15.00,0.00%,1.05,1.22,1.4,973,257,3.79,124.08%,108.27%,0.563631,"14:40 ET"
MRNA,205.07,2026-10-09,4,Call,202.50,+1.47%,9.25,9.45,9.7,1360,359,3.79,93.32%,91.33%,0.58363,"14:53 ET"
TSLA,380.11,2026-11-13,39,Call,420.00,-10.41%,8.3,8.3,8.9,546,145,3.77,42.04%,43.21%,0.277719,"14:13 ET"
MU,1061.4,2026-10-07,2,Put,"1,040.00",-2.16%,6.45,6.56,6.6,923,245,3.77,46.69%,46.21%,-0.284118,"14:53 ET"
SNAP,5.68,2026-11-06,32,Call,6.00,-5.63%,0.35,0.4,0.39,934,248,3.77,70.10%,73.58%,0.44961,"13:59 ET"
RKLB,72.41,2026-10-09,4,Call,73.00,-0.90%,1.87,1.95,1.98,3300,877,3.76,72.67%,70.00%,0.483478,"14:58 ET"
SUNB,78.37,2026-10-16,11,Call,80.00,-2.39%,1.2,1.25,1.85,502,134,3.75,43.95%,40.39%,0.403501,"13:14 ET"
CIFR,15.1,2026-10-09,4,Put,14.00,-7.47%,0.14,0.14,0.15,5079,1353,3.75,90.11%,87.69%,-0.183276,"14:53 ET"
PEP,125.42,2026-10-16,11,Call,125.00,+0.34%,3,2.98,3.15,711,190,3.74,25.19%,32.58%,0.538428,"14:52 ET"
TWST,205.78,2026-10-16,11,Put,190.00,-7.59%,6,6.14,6.8,615,165,3.73,99.09%,91.55%,-0.288577,"14:57 ET"
HD,281.21,2026-12-18,74,Call,300.00,-6.58%,8,8.2,8.35,1357,365,3.72,30.59%,30.02%,0.344535,"14:52 ET"
TSLA,380.11,2026-10-09,4,Call,402.50,-5.81%,0.96,0.98,0.98,2442,656,3.72,42.04%,43.04%,0.117549,"14:57 ET"
ORCL,143.39,2026-11-06,32,Put,137.00,-4.51%,5.7,5.8,5.95,508,137,3.71,51.28%,53.27%,-0.350018,"12:59 ET"
CEG,269.12,2026-10-09,4,Call,280.00,-4.36%,1.4,1.8,2.05,749,202,3.71,46.94%,46.54%,0.230905,"14:48 ET"
WDC,440.13,2026-10-09,4,Call,500.00,-13.48%,0.8,0.82,0.89,1731,467,3.71,66.44%,76.82%,0.057658,"14:53 ET"
QUBT,7.88,2026-10-09,4,Call,8.00,-1.78%,0.17,0.18,0.19,546,148,3.69,67.49%,61.53%,0.47277,"14:53 ET"
STLD,243.99,2026-10-16,11,Call,270.00,-10.47%,0.7,0.84,0.95,800,217,3.69,41.18%,42.81%,0.099029,"14:57 ET"
COST,922.26,2026-10-09,4,Call,940.00,-1.86%,2.1,2.17,2.28,1191,324,3.68,19.47%,21.68%,0.191823,"14:52 ET"
TSLA,380.11,2026-10-09,4,Call,380.00,+0.11%,7.1,7.15,7.2,21751,5918,3.68,42.04%,41.30%,0.536399,"14:57 ET"
LULU,92.07,2026-10-09,4,Call,96.00,-4.07%,0.45,0.47,0.5,569,155,3.67,41.82%,45.31%,0.199341,"14:50 ET"
TSLA,380.11,2026-10-12,7,Put,370.00,-2.74%,3,3.1,3.05,991,271,3.66,42.04%,35.26%,-0.262036,"14:56 ET"
HUT,88.18,2026-12-18,74,Call,90.00,-2.01%,13.6,14.09,14.05,2366,647,3.66,91.75%,90.31%,0.570028,"14:08 ET"
MMED,19.88,2026-10-16,11,Put,30.00,+50.08%,9.4,10.17,10.6,20200,5520,3.66,72.33%,140.91%,-0.94145,"14:32 ET"
STZ,113.68,2028-01-21,473,Call,125.00,-10.01%,11.4,13.55,14.1,500,137,3.65,35.46%,33.00%,0.47023,"14:45 ET"
LUV,41.92,2026-10-16,11,Call,43.00,-2.82%,0.69,0.74,1.03,1059,290,3.65,44.36%,44.50%,0.392275,"13:19 ET"
VALE,14.28,2027-03-19,165,Put,12.00,-15.85%,0.38,0.53,0.48,4030,1103,3.65,34.57%,37.02%,-0.193366,"12:55 ET"
AGNC,8.69,2026-12-18,74,Call,8.00,+7.94%,0.75,0.84,0.86,569,157,3.62,30.13%,25.52%,0.775782,"14:05 ET"
GOOGL,347.34,2026-10-07,2,Put,337.50,-2.67%,0.4,0.41,0.43,593,164,3.62,32.81%,32.04%,-0.104371,"14:48 ET"
AMD,630.45,2026-10-09,4,Call,632.50,-0.19%,10.9,11.3,11.2,727,201,3.62,51.44%,46.64%,0.476588,"14:53 ET"
VST,144.71,2026-10-09,4,Put,138.00,-4.26%,0.6,0.7,0.69,960,265,3.62,48.06%,50.47%,-0.156668,"14:49 ET"
AAOI,118,2026-10-09,4,Call,117.00,+1.52%,4.6,5.4,5.7,2097,579,3.62,96.50%,96.58%,0.547456,"14:50 ET"
RIOT,19.08,2026-10-09,4,Call,20.50,-7.33%,0.19,0.2,0.21,1722,480,3.59,77.49%,79.48%,0.225634,"14:55 ET"
NAUT,1.85,2026-10-16,11,Call,2.5000,-26.26%,0.1,0.11,0.15,2788,777,3.59,182.34%,231.42%,0.31163,"14:52 ET"
ZETA,32.74,2026-10-09,4,Call,33.00,-0.67%,0.83,0.89,0.98,4474,1246,3.59,72.26%,74.58%,0.477325,"14:54 ET"
TSLA,380.11,2026-10-07,2,Put,360.00,-5.37%,0.25,0.26,0.26,5313,1478,3.59,42.04%,46.25%,-0.046681,"14:57 ET"
VST,144.71,2028-12-15,802,Call,200.00,-38.75%,29,30,32.5,512,143,3.58,48.06%,50.28%,0.51997,"13:52 ET"
OWL,9.06,2027-08-20,319,Call,12.00,-32.60%,0.55,0.57,0.65,1020,285,3.58,50.99%,47.59%,0.291099,"13:20 ET"
PL,17.3,2026-12-18,74,Put,15.00,-13.34%,1.2,1.25,1.3,1046,292,3.58,68.97%,78.70%,-0.273367,"14:28 ET"
SNDK,1700.55,2026-10-09,4,Call,"1,730.00",-1.33%,27.4,28.1,28.7,1234,345,3.58,61.96%,62.03%,0.380063,"14:58 ET"
AAPL,333.13,2026-10-07,2,Put,325.00,-2.36%,0.29,0.32,0.34,2512,703,3.57,24.97%,27.12%,-0.098798,"14:52 ET"
VRT,254.15,2026-10-09,4,Call,272.50,-7.03%,0.93,1.1,1.08,644,181,3.56,58.94%,57.92%,0.132935,"14:33 ET"
AVGO,363.05,2026-10-07,2,Call,362.50,+0.07%,4.35,4.5,4.5,2719,764,3.56,36.74%,40.07%,0.515838,"14:51 ET"
PLTR,189.39,2026-10-09,4,Call,192.50,-1.70%,2.46,2.48,2.49,7903,2218,3.56,52.25%,45.52%,0.396231,"14:54 ET"
AMD,630.45,2026-10-07,2,Put,625.00,-1.00%,6,6.1,6.2,643,181,3.55,51.44%,44.68%,-0.402409,"14:53 ET"
AGNC,8.69,2026-11-06,32,Put,8.50,-2.19%,0.25,0.25,0.28,789,222,3.55,30.13%,34.43%,-0.39625,"14:47 ET"
SNOW,341.2,2026-10-09,4,Put,325.00,-4.66%,1.75,1.89,1.97,812,229,3.55,46.29%,51.55%,-0.181466,"14:57 ET"
AAPL,333.13,2026-10-07,2,Call,345.00,-3.65%,0.1,0.11,0.12,4187,1181,3.55,24.97%,26.42%,0.041785,"14:53 ET"
FNGR,0.2765,2027-05-21,228,Call,1.0000,-264.83%,0.05,0.11,0.15,907,256,3.54,356.61%,220.84%,0.558908,"12:39 ET"
SPCX,167.86,2026-11-06,32,Call,167.50,-0.25%,10.35,10.13,10.5,1087,308,3.53,49.93%,49.25%,0.550802,"14:48 ET"
AFRM,74.78,2026-10-09,4,Call,79.00,-5.53%,0.42,0.46,0.48,1176,333,3.53,60.84%,56.44%,0.190016,"14:48 ET"
NBIS,230.98,2026-10-09,4,Call,255.00,-10.07%,1.19,1.22,1.23,2728,772,3.53,77.58%,80.40%,0.12903,"14:54 ET"
ABVX,91.57,2026-10-16,11,Call,100.00,-9.08%,1.3,1.51,2.05,510,145,3.52,68.64%,71.16%,0.260369,"12:58 ET"
CMG,30.84,2026-10-09,4,Call,32.00,-4.10%,0.26,0.31,0.37,7639,2168,3.52,46.88%,56.02%,0.286827,"14:38 ET"
GLW,160.06,2026-10-09,4,Call,162.50,-1.25%,2.67,2.93,3.05,931,265,3.51,58.01%,59.40%,0.412441,"14:46 ET"
NVDA,238.81,2026-10-12,7,Call,250.00,-4.78%,0.49,0.5,0.5,1703,485,3.51,33.56%,26.34%,0.117618,"14:53 ET"
LEN,73.91,2026-10-16,11,Put,73.00,-1.26%,1.9,1.8,2,521,149,3.5,41.87%,48.49%,-0.411951,"14:06 ET"
TSLA,380.11,2026-10-05,0,Call,365.00,+4.05%,15.75,15.45,16,9178,2625,3.5,42.04%,0.00%,0,"14:52 ET"
INTC,116.72,2026-10-05,0,Put,118.00,+0.64%,1.35,1.4,1.46,11071,3176,3.49,62.79%,13.76%,-0.95722,"14:54 ET"
JD,26.52,2029-01-19,837,Call,40.00,-51.06%,2.71,2.78,2.88,524,150,3.49,34.90%,51.69%,0.30164,"14:17 ET"
WDC,440.13,2026-10-09,4,Call,470.00,-6.67%,3.35,3.35,3.7,718,206,3.49,66.44%,72.81%,0.196523,"14:56 ET"
MP,46.84,2026-10-09,4,Call,51.00,-8.93%,0.12,0.13,0.15,834,239,3.49,57.58%,60.08%,0.099251,"14:46 ET"
CBRS,179.09,2026-10-09,4,Call,220.00,-22.80%,0.1,0.15,0.2,1295,372,3.48,74.40%,94.79%,0.023233,"14:23 ET"
MRNA,205.07,2026-10-09,4,Call,230.00,-11.91%,1.6,1.55,1.75,1037,299,3.47,93.32%,100.21%,0.155612,"14:46 ET"
SPCX,167.86,2026-10-16,11,Put,165.00,-1.25%,3.8,4,3.9,7526,2169,3.47,49.93%,46.75%,-0.384669,"14:54 ET"
NET,362.72,2026-11-20,46,Call,370.00,-1.96%,30.9,32.26,32.55,1408,407,3.46,64.20%,66.89%,0.52095,"14:31 ET"
MU,1061.4,2026-10-09,4,Call,"1,060.00",+0.27%,21.2,21.55,21.75,1417,409,3.46,46.69%,48.39%,0.511044,"14:53 ET"
SHOP,159.47,2026-10-16,11,Put,160.00,+0.36%,5.4,5.8,5.7,1482,428,3.46,59.98%,49.09%,-0.490626,"14:30 ET"
ZS,204.07,2026-10-09,4,Call,205.00,-0.61%,6.1,6.38,6.7,2531,732,3.46,56.17%,81.75%,0.490196,"14:55 ET"
FIG,21.75,2026-10-09,4,Put,20.50,-5.53%,0.14,0.15,0.19,2980,862,3.46,75.38%,67.79%,-0.188168,"14:35 ET"
GOOGL,347.34,2026-10-07,2,Call,345.00,+0.51%,4.5,4.5,4.5,4220,1220,3.46,32.81%,29.45%,0.639774,"14:54 ET"
TSLA,380.11,2026-10-30,25,Put,200.00,-47.43%,0.1,0.11,0.12,502,146,3.44,42.04%,96.06%,-0.003482,"12:38 ET"
WDC,440.13,2026-10-09,4,Call,440.00,+0.14%,12.2,12.72,13.25,1048,305,3.44,66.44%,71.78%,0.504175,"14:57 ET"
TSM,486.89,2026-10-09,4,Put,470.00,-3.53%,1.22,1.3,1.28,1189,346,3.44,33.42%,31.83%,-0.147389,"14:55 ET"
AMZN,253.79,2026-10-07,2,Call,260.00,-2.60%,0.46,0.47,0.48,10544,3062,3.44,35.30%,31.67%,0.153316,"14:53 ET"
INTC,116.72,2026-10-07,2,Put,113.00,-3.62%,0.65,0.65,0.69,997,291,3.43,62.79%,58.16%,-0.226001,"14:49 ET"
CAVA,53.8,2026-11-20,46,Put,50.00,-6.77%,2.87,3.02,3.1,1028,300,3.43,63.01%,65.17%,-0.322893,"13:43 ET"
ORCL,143.39,2026-10-09,4,Put,145.00,+1.07%,4.2,4.29,4.35,6059,1767,3.43,51.28%,57.93%,-0.555145,"14:51 ET"
SHOP,159.47,2026-10-23,18,Call,180.00,-12.91%,1.33,1.45,1.48,1027,300,3.42,59.98%,50.33%,0.157784,"14:27 ET"
PBR,24.57,2026-10-09,4,Call,26.00,-5.86%,0.09,0.12,0.14,1466,429,3.42,42.36%,53.02%,0.163334,"14:37 ET"
MSFT,527.07,2026-10-07,2,Call,537.50,-2.27%,0.92,0.94,0.98,1798,525,3.42,30.03%,27.16%,0.16942,"14:53 ET"
SBUX,94.76,2026-10-09,4,Call,97.00,-2.29%,0.24,0.33,0.43,513,151,3.4,32.20%,29.96%,0.204343,"14:47 ET"
AA,43.88,2026-10-09,4,Call,44.00,-0.23%,0.77,0.84,0.89,1135,334,3.4,49.94%,48.34%,0.489293,"14:36 ET"
LEN,73.91,2026-11-20,46,Call,85.00,-14.97%,1,1.05,1.15,3395,1000,3.4,41.87%,40.84%,0.193254,"14:48 ET"
DASH,191.55,2026-10-09,4,Call,205.00,-7.20%,0.44,0.52,0.59,559,165,3.39,52.70%,49.73%,0.109205,"14:52 ET"
SPCX,167.86,2026-10-09,4,Call,175.00,-4.73%,1.41,1.42,1.42,28475,8397,3.39,49.93%,54.02%,0.254793,"14:58 ET"
STX,888,2026-10-16,11,Call,970.00,-9.02%,12,11.9,12.4,500,148,3.38,65.70%,63.16%,0.227874,"14:54 ET"
MU,1061.4,2026-10-09,4,Call,"1,095.00",-3.02%,8.7,8.9,9,1556,461,3.38,46.69%,48.98%,0.272383,"14:53 ET"
CRM,230.1,2026-10-09,4,Call,235.00,-2.06%,2,2.07,2.05,1685,499,3.38,38.44%,41.06%,0.321706,"14:52 ET"
SNOW,341.2,2026-10-09,4,Put,312.50,-8.32%,0.47,0.5,0.57,563,167,3.37,46.29%,54.54%,-0.060588,"14:53 ET"
MU,1061.4,2026-10-07,2,Call,"1,140.00",-7.25%,0.65,0.67,0.69,603,179,3.37,46.69%,55.21%,0.039016,"14:52 ET"
RKLB,72.41,2026-10-30,25,Call,74.00,-2.28%,4.15,4.45,4.55,771,229,3.37,72.67%,64.87%,0.493704,"14:05 ET"
ORCL,143.39,2026-10-09,4,Put,146.00,+1.76%,4.85,4.9,5,880,261,3.37,51.28%,58.77%,-0.597802,"14:24 ET"
OKLO,36.32,2026-10-30,25,Call,37.00,-2.10%,2.2,2.2,2.35,886,263,3.37,71.80%,65.88%,0.502724,"14:48 ET"
IREN,40.24,2026-10-09,4,Put,38.00,-5.73%,0.34,0.35,0.36,6636,1977,3.36,76.79%,70.15%,-0.20365,"14:53 ET"
TSM,486.89,2026-10-16,11,Put,480.00,-1.48%,8.8,9,9.05,674,201,3.35,33.42%,35.80%,-0.400211,"14:57 ET"
TEM,82.68,2026-10-09,4,Call,90.00,-9.20%,0.75,0.82,0.86,1121,335,3.35,79.79%,88.73%,0.196763,"14:56 ET"
FLY,22.19,2026-10-09,4,Call,25.00,-12.46%,0.1,0.15,0.2,1312,392,3.35,92.76%,98.76%,0.135259,"13:34 ET"
MU,1061.4,2026-10-09,4,Call,"1,180.00",-11.02%,0.88,0.96,0.98,2297,686,3.35,46.69%,56.63%,0.037756,"14:49 ET"
MSFT,527.07,2026-10-16,11,Call,565.00,-7.50%,0.53,0.6,0.61,5391,1608,3.35,30.03%,24.93%,0.059113,"14:53 ET"
GOOGL,347.34,2026-10-07,2,Call,360.00,-3.82%,0.25,0.26,0.28,2550,764,3.34,32.81%,32.18%,0.072538,"14:53 ET"
VST,144.71,2026-11-20,46,Call,180.00,-24.88%,1.8,1.94,2,1155,347,3.33,48.06%,52.07%,0.148276,"14:56 ET"
BMY,58.92,2026-10-16,11,Call,62.00,-5.59%,0.29,0.34,0.39,1554,466,3.33,35.22%,31.70%,0.193908,"14:53 ET"
AMZN,253.79,2027-09-17,347,Put,205.00,-19.11%,10.5,10.66,10.85,2072,622,3.33,35.30%,35.58%,-0.188503,"14:45 ET"
CVX,206.71,2026-10-09,4,Put,202.50,-1.99%,0.9,0.95,1.01,638,192,3.32,28.54%,29.36%,-0.248579,"14:53 ET"
BA,193.19,2026-10-16,11,Call,192.50,+0.57%,4.65,4.75,4.8,2051,617,3.32,35.08%,32.38%,0.539582,"14:53 ET"
GME,25.63,2026-10-09,4,Call,26.00,-1.60%,0.5,0.53,0.53,27469,8302,3.31,53.56%,65.09%,0.420941,"14:53 ET"
VST,144.71,2026-10-09,4,Call,148.00,-2.68%,1.88,1.88,1.94,524,159,3.3,48.06%,49.86%,0.374522,"14:56 ET"
RKLB,72.41,2026-10-30,25,Put,66.00,-8.78%,1.96,2,2.18,791,240,3.3,72.67%,64.91%,-0.255968,"14:08 ET"
APLD,24.39,2026-10-09,4,Put,20.50,-16.05%,0.15,0.16,0.16,997,302,3.3,87.49%,133.73%,-0.091753,"14:53 ET"
MU,1061.4,2026-10-07,2,Call,"1,075.00",-1.14%,8.45,8.55,8.65,1438,436,3.3,46.69%,47.27%,0.349471,"14:53 ET"
IREN,40.24,2026-10-09,4,Call,41.00,-1.71%,0.87,0.89,0.92,4698,1424,3.3,76.79%,72.08%,0.421506,"14:47 ET"
CART,45.77,2026-11-20,46,Put,40.00,-12.84%,0.9,0.95,1,507,154,3.29,46.80%,50.18%,-0.193603,"13:37 ET"
BILI,14.78,2027-12-17,438,Put,13.00,-11.86%,2,2.03,2.07,546,166,3.29,52.03%,52.45%,-0.283112,"14:46 ET"
BE,287.14,2026-10-09,4,Put,282.50,-1.76%,6.4,6.42,6.5,595,181,3.29,76.65%,72.04%,-0.400238,"14:48 ET"
GLXY,22.75,2026-10-09,4,Call,25.00,-9.89%,0.09,0.16,0.2,760,231,3.29,82.69%,79.56%,0.152015,"13:52 ET"
CBRS,179.09,2026-10-09,4,Call,205.00,-14.42%,0.45,0.55,0.6,695,212,3.28,74.40%,85.17%,0.075651,"13:59 ET"
PACB,2.78,2026-12-18,74,Call,3.00,-7.53%,0.4,0.43,0.45,32604,9949,3.28,111.47%,100.38%,0.531616,"14:40 ET"
MP,46.84,2026-10-09,4,Put,44.00,-6.02%,0.13,0.15,0.2,693,212,3.27,57.58%,54.41%,-0.121952,"14:52 ET"
NBIS,230.98,2026-10-09,4,Put,232.50,+0.35%,7.65,7.92,8.2,558,171,3.26,77.58%,74.01%,-0.517696,"14:51 ET"
CMCSA,21.55,2026-10-09,4,Call,21.50,-0.05%,0.18,0.14,0.27,948,292,3.25,36.22%,22.10%,0.545296,"14:00 ET"
NOW,136.03,2026-10-09,4,Call,148.00,-8.86%,0.26,0.28,0.3,505,156,3.24,55.54%,55.79%,0.079616,"14:49 ET"
LQDA,27.4,2026-10-09,4,Put,25.00,-9.32%,0.5,0.6,0.75,837,258,3.24,125.06%,139.96%,-0.244206,"14:25 ET"
SOUN,5.91,2026-11-13,39,Call,6.50,-9.98%,0.31,0.32,0.34,552,171,3.23,62.56%,68.50%,0.391574,"14:53 ET"
SPCX,167.86,2026-10-09,4,Call,162.50,+2.75%,7.25,7.2,7.35,20897,6469,3.23,49.93%,53.29%,0.745168,"14:56 ET"
SPCX,167.86,2026-10-16,11,Put,162.50,-2.75%,2.89,3.02,2.92,1595,496,3.22,49.93%,46.79%,-0.315123,"14:54 ET"
PURR,12.85,2026-10-09,4,Call,14.00,-8.70%,0.15,0.2,0.2,2499,779,3.21,98.48%,104.62%,0.226924,"14:16 ET"
WDC,440.13,2026-10-09,4,Put,440.00,-0.14%,12.05,13,13.35,611,191,3.2,66.44%,66.70%,-0.498162,"14:52 ET"
MU,1061.4,2026-10-05,0,Call,"1,050.00",+1.21%,9.7,10.28,10.25,2507,783,3.2,46.69%,11.81%,0.935156,"14:53 ET"
TSLA,380.11,2026-10-07,2,Call,367.50,+3.39%,13.9,14,14.35,2679,836,3.2,42.04%,39.43%,0.895576,"14:55 ET"
V,369.02,2026-10-09,4,Call,375.00,-1.66%,1.08,1.2,1.34,773,242,3.19,22.69%,20.99%,0.252033,"14:54 ET"
SPCX,167.86,2026-11-13,39,Call,180.00,-7.73%,6.8,6.85,7,893,280,3.19,49.93%,51.15%,0.384146,"14:57 ET"
OWL,9.06,2026-10-16,11,Call,9.00,+0.55%,0.3,0.29,0.35,16151,5062,3.19,50.99%,47.39%,0.546468,"12:47 ET"
NVDA,238.81,2026-10-07,2,Call,242.50,-1.64%,0.97,0.97,0.98,20907,6548,3.19,33.56%,31.96%,0.281248,"14:54 ET"
AMD,630.45,2026-10-09,4,Put,600.00,-4.96%,2.46,2.46,2.53,3790,1193,3.18,51.44%,46.51%,-0.15298,"14:53 ET"
ACHR,4.74,2026-11-13,39,Call,5.50,-16.03%,0.19,0.19,0.25,586,185,3.17,67.83%,75.87%,0.324818,"14:39 ET"
NVDA,238.81,2026-10-12,7,Call,220.00,+7.79%,18.85,19.2,19.55,773,244,3.17,33.56%,22.18%,0.996898,"14:45 ET"
FISV,46.03,2026-10-09,4,Call,47.00,-2.35%,0.35,0.4,0.45,610,193,3.16,46.76%,39.69%,0.326335,"14:50 ET"
AVGO,363.05,2026-10-07,2,Put,357.50,-1.44%,2.02,2.07,2.08,1061,337,3.15,36.74%,39.15%,-0.302014,"14:52 ET"
PEP,125.42,2026-11-20,46,Call,125.00,+0.34%,4.75,4.75,4.9,571,182,3.14,25.19%,26.10%,0.531261,"14:36 ET"
CELH,27.64,2026-10-09,4,Call,27.00,+2.35%,0.87,0.95,1.04,603,192,3.14,60.93%,48.04%,0.698863,"13:49 ET"
MSFT,527.07,2026-10-09,4,Call,542.50,-3.22%,1.2,1.28,1.35,873,278,3.14,30.03%,27.27%,0.162431,"14:52 ET"
FCX,73.25,2027-01-15,102,Call,72.50,+0.97%,7.45,7.7,7.9,1024,326,3.14,46.65%,45.57%,0.578847,"14:22 ET"
AMZN,253.79,2026-10-07,2,Put,247.50,-2.34%,0.38,0.37,0.4,1909,607,3.14,35.30%,30.70%,-0.133015,"14:51 ET"
ACN,195.07,2026-10-09,4,Call,215.00,-10.43%,0.2,0.3,0.3,2322,740,3.14,43.99%,56.69%,0.052441,"14:50 ET"
NVDA,238.81,2026-10-07,2,Call,245.00,-2.69%,0.46,0.47,0.47,18248,5810,3.14,33.56%,32.19%,0.157379,"14:54 ET"
BTBT,1.5223,2026-10-09,4,Call,1.5000,+1.32%,0.04,0.1,0.08,520,166,3.13,87.80%,72.94%,0.602674,"14:22 ET"
SPCX,167.86,2026-10-30,25,Put,160.00,-4.24%,4.35,4.57,4.45,1294,413,3.13,49.93%,46.70%,-0.311654,"14:54 ET"
BMY,58.92,2026-10-16,11,Call,60.00,-2.18%,0.84,0.87,0.94,1733,553,3.13,35.22%,31.97%,0.395366,"14:53 ET"
MGY,24.08,2026-10-16,11,Put,25.00,+3.43%,1.15,1.2,1.25,3358,1074,3.13,40.89%,38.10%,-0.700896,"14:46 ET"
SIRI,26.21,2026-11-20,46,Call,27.00,-3.33%,0.85,0.89,1.02,579,186,3.11,35.98%,34.14%,0.428016,"12:14 ET"
MRNA,205.07,2026-11-20,46,Put,185.00,-9.99%,16.35,16.88,17.55,1616,520,3.11,93.32%,95.79%,-0.311126,"14:41 ET"
NVDA,238.81,2026-10-07,2,Call,250.00,-4.78%,0.09,0.1,0.1,22895,7360,3.11,33.56%,33.95%,0.039566,"14:54 ET"
ASTS,58.3,2026-10-23,18,Put,65.00,+11.70%,7.9,8.07,8.25,1027,331,3.1,77.38%,73.11%,-0.717939,"14:49 ET"
INTC,116.72,2026-10-09,4,Call,111.00,+5.33%,6.5,7.05,6.65,1090,352,3.1,62.79%,61.90%,0.78711,"14:32 ET"
PENG,61.49,2026-10-16,11,Put,40.00,-34.99%,0.15,0.15,0.45,2408,776,3.1,103.24%,153.45%,-0.040967,"14:42 ET"
GOOGL,347.34,2026-10-07,2,Put,335.00,-3.39%,0.24,0.29,0.3,1171,379,3.09,32.81%,33.99%,-0.069228,"14:37 ET"
AAPL,333.13,2026-10-09,4,Put,332.50,-0.10%,2.81,2.91,2.93,3175,1028,3.09,24.97%,24.09%,-0.447801,"14:52 ET"
BRK.B,505.58,2028-01-21,473,Put,480.00,-5.05%,20.4,21.3,21.85,533,173,3.08,15.33%,18.57%,-0.298696,"11:29 ET"
ASML,1864.6,2026-10-09,4,Call,"1,900.00",-1.74%,16.3,17.65,18.2,731,237,3.08,44.67%,40.86%,0.334911,"14:50 ET"
GME,25.63,2026-10-30,25,Put,24.00,-6.21%,0.62,0.68,0.74,782,254,3.08,53.56%,51.01%,-0.293716,"14:40 ET"
STNE,11.6,2026-11-20,46,Call,12.47,-7.97%,0.65,0.75,0.75,1961,636,3.08,64.27%,61.55%,0.425076,"12:42 ET"
APP,283.91,2026-10-09,4,Call,305.00,-7.54%,1.3,1.3,1.45,670,218,3.07,69.28%,61.90%,0.148548,"14:52 ET"
NOK,10.25,2026-10-09,4,Put,10.00,-2.34%,0.12,0.12,0.13,7383,2406,3.07,60.50%,53.47%,-0.324055,"14:53 ET"
NVDA,238.81,2026-10-09,4,Put,235.00,-1.50%,1.51,1.5,1.52,26537,8638,3.07,33.56%,32.07%,-0.294411,"14:54 ET"
TSLA,380.11,2026-10-09,4,Call,370.00,+2.74%,13.5,13.35,13.6,12430,4061,3.06,42.04%,41.59%,0.759183,"14:55 ET"
META,742.67,2026-10-07,2,Call,800.00,-7.71%,0.12,0.11,0.14,3007,983,3.06,39.75%,45.74%,0.014754,"14:51 ET"
TSLA,380.11,2026-10-09,4,Call,387.50,-1.86%,3.9,3.94,4,3575,1177,3.04,42.04%,41.44%,0.359658,"14:57 ET"
AVGO,363.05,2026-10-07,2,Call,375.00,-3.38%,0.73,0.76,0.78,1332,439,3.03,36.74%,40.59%,0.138145,"14:52 ET"
MSFT,527.07,2026-11-20,46,Put,530.00,+0.84%,23.3,23.45,23.9,547,181,3.02,30.03%,30.91%,-0.487191,"14:51 ET"
SKHY,194.93,2026-10-09,4,Call,197.50,-1.44%,2.76,2.85,3.05,1030,341,3.02,51.82%,53.92%,0.389121,"14:57 ET"
PEP,125.42,2026-10-16,11,Put,123.00,-1.94%,1.51,1.71,1.6,1254,415,3.02,25.19%,30.39%,-0.341903,"13:55 ET"
JPM,332.55,2026-10-09,4,Call,337.50,-1.27%,0.89,1,1.04,1623,538,3.02,25.82%,19.65%,0.241491,"14:52 ET"
META,742.67,2026-10-09,4,Call,815.00,-9.73%,0.31,0.33,0.35,758,252,3.01,39.75%,44.78%,0.025415,"14:36 ET"
INTC,116.72,2026-10-07,2,Call,122.00,-4.05%,0.45,0.46,0.48,971,323,3.01,62.79%,61.78%,0.167277,"14:52 ET"
PINS,19.78,2026-10-09,4,Call,20.50,-3.59%,0.16,0.16,0.18,560,187,2.99,58.00%,51.14%,0.269486,"14:27 ET"
AAOI,118,2026-10-09,4,Put,110.00,-7.41%,1.5,1.6,1.7,1248,417,2.99,96.50%,93.82%,-0.227372,"14:53 ET"
AA,43.88,2026-11-20,46,Call,50.00,-13.90%,1.05,1.06,1.08,3090,1032,2.99,49.94%,48.28%,0.256009,"14:53 ET"
SEDG,33.97,2026-10-09,4,Call,38.00,-12.46%,0.14,0.12,0.18,507,170,2.98,85.93%,85.84%,0.112314,"13:05 ET"
SPCX,167.86,2026-11-20,46,Call,220.00,-31.67%,1.54,1.53,1.57,10243,3432,2.98,49.93%,55.18%,0.106485,"14:55 ET"
NVDA,238.81,2026-10-09,4,Call,237.50,+0.46%,4.05,4.05,4.1,27719,9342,2.97,33.56%,31.81%,0.590244,"14:53 ET"
TSLA,380.11,2026-10-12,7,Call,390.00,-2.52%,3.9,3.99,4,773,260,2.97,42.04%,35.33%,0.330577,"14:57 ET"
APLD,24.39,2026-10-16,11,Call,24.50,-0.33%,1.68,1.74,1.76,1038,350,2.97,87.49%,102.46%,0.533027,"14:46 ET"
SKHY,194.93,2026-10-09,4,Put,172.50,-11.40%,0.11,0.11,0.13,1237,417,2.97,51.82%,58.80%,-0.025894,"14:55 ET"
RDW,10.34,2026-10-09,4,Put,10.00,-3.38%,0.15,0.17,0.2,1300,438,2.97,86.01%,76.91%,-0.311994,"14:53 ET"
BBD,4.37,2027-03-19,165,Call,4.00,+8.26%,0.55,0.6,0.65,600,203,2.96,46.70%,30.11%,0.734335,"11:41 ET"
PLTR,189.39,2026-10-16,11,Call,182.50,+3.59%,10.1,10.2,10.3,1496,505,2.96,52.25%,43.98%,0.714866,"14:53 ET"
AVGO,363.05,2026-10-07,2,Call,360.00,+0.76%,5.7,5.86,5.95,2069,698,2.96,36.74%,40.31%,0.607045,"14:53 ET"
SHOP,159.47,2026-10-23,18,Call,160.00,-0.36%,6.9,7.1,7.3,1112,377,2.95,59.98%,50.58%,0.520205,"14:56 ET"
TSLA,380.11,2026-10-14,9,Call,400.00,-5.15%,2.77,2.75,2.8,1288,437,2.95,42.04%,37.93%,0.220078,"14:55 ET"
SPCX,167.86,2026-10-23,18,Call,167.50,-0.25%,7.3,7.4,7.45,1302,442,2.95,49.93%,45.95%,0.545308,"14:56 ET"
SLS,11.64,2026-10-30,25,Call,13.00,-11.30%,0.75,0.9,0.95,506,172,2.94,159.48%,112.04%,0.407902,"14:24 ET"
MRVL,270.2,2026-10-09,4,Put,270.00,-0.31%,10.05,10.1,10.2,1598,543,2.94,62.61%,88.96%,-0.484904,"14:53 ET"
RKLB,72.41,2026-10-09,4,Put,72.00,-0.48%,1.81,1.84,1.91,1785,607,2.94,72.67%,70.85%,-0.442371,"14:54 ET"
AAOI,118,2026-10-16,11,Call,140.00,-17.85%,1.6,1.65,1.7,2753,936,2.94,96.50%,95.49%,0.170187,"14:53 ET"
GOOGL,347.34,2026-10-07,2,Put,340.00,-1.95%,0.67,0.71,0.77,5304,1805,2.94,32.81%,31.28%,-0.166538,"14:51 ET"
VENU,1.415,2027-04-16,193,Call,2.5000,-76.68%,0.15,0.19,0.2,700,239,2.93,161.34%,101.23%,0.354071,"14:28 ET"
RKT,11.65,2027-06-17,255,Call,17.00,-45.80%,1,1.03,1.11,732,250,2.93,63.37%,61.08%,0.340496,"13:11 ET"
CSX,47.3,2027-09-17,347,Call,52.50,-10.78%,3.3,3.4,3.6,762,261,2.92,26.00%,26.92%,0.43332,"12:38 ET"
SPCX,167.86,2027-03-19,165,Put,55.00,-67.08%,0.15,0.19,0.24,1177,403,2.92,49.93%,74.88%,-0.006081,"13:23 ET"
UPST,24.29,2027-05-21,228,Put,25.00,+3.09%,5.3,5.58,5.65,501,172,2.91,68.58%,71.65%,-0.39402,"14:38 ET"
MP,46.84,2026-10-30,25,Call,56.00,-19.61%,0.37,0.46,0.58,757,260,2.91,57.58%,57.66%,0.140362,"14:00 ET"
AMZN,253.79,2026-10-12,7,Call,255.00,-0.62%,3.1,3.15,3.2,1121,385,2.91,35.30%,26.12%,0.460007,"14:51 ET"
MU,1061.4,2026-10-07,2,Call,"1,080.00",-1.61%,6.9,7.08,7.05,1834,631,2.91,46.69%,47.23%,0.30158,"14:54 ET"
WDC,440.13,2026-10-09,4,Call,480.00,-8.94%,2.12,2.19,2.25,758,261,2.9,66.44%,73.75%,0.132466,"14:56 ET"
IOVA,14.23,2026-10-09,4,Call,15.00,-4.97%,0.1,0.2,0.25,773,267,2.9,96.39%,75.58%,0.265782,"14:16 ET"
META,742.67,2026-10-09,4,Call,785.00,-5.69%,1.41,1.47,1.44,1643,566,2.9,39.75%,40.17%,0.09837,"14:53 ET"
PDD,77.98,2026-10-23,18,Call,83.00,-6.67%,0.39,0.45,0.55,570,198,2.88,34.51%,28.50%,0.180449,"12:02 ET"
GOOGL,347.34,2026-10-05,0,Call,342.50,+1.23%,4.6,4.77,5.15,3195,1110,2.88,32.81%,11.97%,0.991159,"14:50 ET"
PLTR,189.39,2026-10-23,18,Call,192.50,-1.70%,5.95,5.8,6.1,871,303,2.87,52.25%,42.15%,0.466781,"14:48 ET"
GM,80.56,2026-10-09,4,Put,80.00,-0.62%,0.78,0.89,0.98,501,175,2.86,37.41%,35.19%,-0.404928,"14:12 ET"
SHOP,159.47,2026-10-09,4,Call,170.00,-6.64%,0.69,0.75,0.75,699,244,2.86,59.98%,56.45%,0.151011,"14:56 ET"
CHTR,107.31,2026-10-16,11,Put,100.00,-6.26%,1.2,1.15,1.55,1170,411,2.85,68.57%,56.74%,-0.216875,"12:39 ET"
GOOGL,347.34,2026-10-07,2,Call,350.00,-0.93%,2,2,2.04,8186,2872,2.85,32.81%,29.76%,0.382496,"14:54 ET"
GME,25.63,2026-10-09,4,Call,27.50,-7.46%,0.2,0.22,0.23,2249,792,2.84,53.56%,76.68%,0.195732,"14:50 ET"
APLD,24.39,2026-10-09,4,Put,21.00,-14.00%,0.22,0.24,0.23,3422,1207,2.84,87.49%,134.20%,-0.124175,"14:51 ET"
MU,1061.4,2028-01-21,473,Call,"1,060.00",+0.27%,271.9,273,276.6,1288,455,2.83,46.69%,52.93%,0.653518,"14:52 ET"
PENG,61.49,2026-10-16,11,Call,80.00,-30.02%,1.25,1.3,1.35,1290,456,2.83,103.24%,144.35%,0.175433,"14:53 ET"
TSLA,380.11,2026-10-16,11,Call,377.50,+0.76%,12.55,12.6,12.7,2365,836,2.83,42.04%,40.18%,0.572774,"14:57 ET"
SPCX,167.86,2026-10-09,4,Call,180.00,-7.73%,0.64,0.65,0.66,48777,17257,2.83,49.93%,56.23%,0.133539,"14:58 ET"
NBIS,230.98,2026-10-09,4,Put,202.50,-12.59%,0.35,0.38,0.4,739,262,2.82,77.58%,77.08%,-0.047136,"14:47 ET"
SPCX,167.86,2026-10-23,18,Call,172.50,-3.24%,5.15,5.15,5.2,1563,557,2.81,49.93%,46.17%,0.431255,"14:57 ET"
MSFT,527.07,2026-10-07,2,Call,532.50,-1.32%,2,2.07,2.11,2597,924,2.81,30.03%,26.82%,0.309242,"14:53 ET"
PFE,27.45,2026-10-09,4,Call,28.00,-2.23%,0.11,0.12,0.12,6512,2314,2.81,25.83%,26.72%,0.253261,"14:54 ET"
NVDA,238.81,2026-10-09,4,Put,217.50,-8.84%,0.12,0.12,0.13,19367,6890,2.81,33.56%,47.69%,-0.02695,"14:54 ET"
TTD,11.93,2026-11-06,32,Call,13.50,-13.35%,0.34,0.44,0.5,582,208,2.8,72.62%,66.59%,0.307724,"13:31 ET"
IREN,40.24,2026-10-09,4,Put,38.50,-4.49%,0.47,0.49,0.49,2243,801,2.8,76.79%,70.41%,-0.25835,"14:52 ET"
TSLA,380.11,2026-10-12,7,Call,380.00,+0.11%,7.85,7.97,8,4524,1615,2.8,42.04%,34.62%,0.537264,"14:57 ET"
MELI,1867.85,2026-10-16,11,Put,"1,700.00",-9.03%,4.1,6,6.9,709,254,2.79,43.30%,41.59%,-0.08609,"14:46 ET"
TSLA,380.11,2026-10-16,11,Call,367.50,+3.39%,18.4,18.56,18.9,1140,409,2.79,42.04%,39.47%,0.718163,"14:51 ET"
CRCL,83.6,2026-10-09,4,Put,82.00,-2.02%,1.54,1.6,1.65,2649,949,2.79,71.09%,68.36%,-0.370964,"14:52 ET"
ASTS,58.3,2026-10-09,4,Call,63.00,-8.27%,0.47,0.51,0.53,2889,1036,2.79,77.38%,79.83%,0.192807,"14:53 ET"
SPCX,167.86,2026-10-23,18,Call,175.00,-4.73%,4.25,4.25,4.35,3322,1189,2.79,49.93%,46.42%,0.377778,"14:57 ET"
VST,144.71,2026-10-09,4,Call,142.00,+1.48%,4.6,4.4,5.1,625,225,2.78,48.06%,47.84%,0.688224,"14:39 ET"
WMT,104.89,2026-10-23,18,Put,105.00,+0.10%,1.99,2,2.08,846,304,2.78,28.15%,21.20%,-0.502792,"14:55 ET"
AAPL,333.13,2026-10-12,7,Call,335.00,-0.65%,3.15,3.25,3.3,1189,427,2.78,24.97%,21.01%,0.449212,"14:53 ET"
ADBE,237.24,2026-10-09,4,Call,250.00,-5.55%,0.75,0.79,0.85,1867,672,2.78,39.48%,45.08%,0.142491,"14:48 ET"
RDW,10.34,2026-10-23,18,Call,11.50,-11.11%,0.3,0.35,0.35,515,186,2.77,86.01%,78.14%,0.308162,"14:36 ET"
NBIS,230.98,2027-06-17,255,Call,290.00,-25.17%,46,47.54,48.2,563,203,2.77,77.58%,83.20%,0.525292,"13:30 ET"
MSFT,527.07,2026-10-07,2,Call,522.50,+0.58%,6.8,6.98,7.05,599,216,2.77,30.03%,27.05%,0.67479,"14:53 ET"
TSM,486.89,2026-10-09,4,Call,487.50,-0.06%,5.95,6,6.1,878,317,2.77,33.42%,32.18%,0.480887,"14:57 ET"
KURA,10.56,2026-11-20,46,Put,12.00,+13.21%,1.9,2.02,2.35,535,194,2.76,70.87%,83.28%,-0.607215,"13:55 ET"
BE,287.14,2026-10-16,11,Put,305.00,+6.07%,24.6,24.15,24.8,717,260,2.76,76.65%,69.03%,-0.670561,"12:44 ET"
CBRS,179.09,2026-10-09,4,Call,170.00,+5.11%,10.6,11.8,12,1059,384,2.76,74.40%,69.50%,0.787158,"13:49 ET"
NBIS,230.98,2026-10-16,11,Put,215.00,-7.20%,4.25,4.5,4.6,1117,406,2.75,77.58%,68.77%,-0.252362,"14:52 ET"
TSLA,380.11,2026-10-09,4,Put,365.00,-4.05%,1.4,1.42,1.42,6275,2284,2.75,42.04%,42.02%,-0.157378,"14:57 ET"
META,742.67,2026-10-07,2,Call,735.00,+1.04%,12.25,12.42,12.4,1259,459,2.74,39.75%,36.06%,0.657312,"14:51 ET"
HOOD,113.42,2026-10-09,4,Put,107.00,-5.65%,0.55,0.56,0.56,2396,873,2.74,59.95%,56.58%,-0.154228,"14:52 ET"
CCL,25.64,2026-10-30,25,Call,27.00,-5.22%,0.48,0.47,0.51,2841,1038,2.74,38.18%,37.01%,0.321553,"14:45 ET"
MU,1061.4,2027-01-15,102,Call,"2,320.00",-118.27%,1.51,1.79,1.92,563,206,2.73,46.69%,62.68%,0.015227,"13:27 ET"
CDE,17.26,2026-10-23,18,Put,16.00,-7.30%,0.25,0.34,0.35,648,237,2.73,58.98%,53.52%,-0.235128,"12:57 ET"
TGT,152.62,2026-10-09,4,Put,152.50,-0.30%,1.96,1.99,2.25,738,270,2.73,37.30%,31.64%,-0.507725,"14:52 ET"
MSFT,527.07,2026-10-09,4,Put,517.50,-1.53%,2.2,2.51,2.41,1514,556,2.72,30.03%,27.27%,-0.252444,"14:40 ET"
SPCX,167.86,2026-11-06,32,Call,162.50,+2.75%,12.95,12.5,13.25,779,287,2.71,49.93%,49.33%,0.63127,"14:37 ET"
RXT,3.85,2026-10-09,4,Call,4.00,-3.63%,0.1,0.11,0.15,801,296,2.71,105.53%,113.45%,0.406303,"14:42 ET"
AMD,630.45,2026-11-20,46,Call,620.00,+1.79%,52.85,53.84,53.55,7783,2884,2.7,51.44%,52.79%,0.580483,"14:37 ET"
NOW,136.03,2026-10-09,4,Call,137.00,-0.76%,2.62,2.64,2.69,799,297,2.69,55.54%,54.21%,0.4644,"14:53 ET"
META,742.67,2026-10-09,4,Put,735.00,-1.04%,7.6,7.67,7.75,823,306,2.69,39.75%,36.18%,-0.382579,"14:49 ET"
CLF,12.51,2026-10-09,4,Put,12.50,-0.16%,0.33,0.36,0.38,1053,392,2.69,67.38%,67.80%,-0.487017,"14:07 ET"
LLY,1148,2026-10-09,4,Call,"1,220.00",-6.05%,0.7,0.73,1,587,219,2.68,36.91%,34.29%,0.049966,"14:52 ET"
MRVL,270.2,2027-04-16,193,Put,220.00,-18.77%,21,21.2,21.75,636,237,2.68,62.61%,61.98%,-0.236601,"14:32 ET"
NU,15.23,2026-10-16,11,Put,14.50,-4.92%,0.23,0.25,0.25,623,233,2.67,51.12%,51.85%,-0.27235,"14:38 ET"
CORZ,16.4,2027-03-19,165,Call,21.00,-28.99%,1.57,1.8,1.9,929,348,2.67,74.45%,69.80%,0.402616,"11:00 ET"
AMD,630.45,2026-10-07,2,Call,650.00,-2.96%,2.09,2.08,2.13,1273,477,2.67,51.44%,46.23%,0.182653,"14:53 ET"
TXN,294.3,2027-01-15,102,Put,255.00,-13.57%,7.9,8.45,9,731,275,2.66,43.04%,40.59%,-0.212115,"14:02 ET"
RIOT,19.08,2026-10-09,4,Put,19.00,-0.52%,0.51,0.57,0.55,2382,896,2.66,77.49%,77.69%,-0.436065,"14:47 ET"
KMI,31.4,2026-10-30,25,Put,31.00,-1.59%,0.56,0.61,0.69,503,190,2.65,24.49%,24.87%,-0.408781,"14:49 ET"
BE,287.14,2026-10-09,4,Call,317.50,-10.42%,1.24,1.25,1.3,831,314,2.65,76.65%,77.55%,0.115528,"14:51 ET"
SNDK,1700.55,2026-10-09,4,Call,"1,700.00",+0.42%,39.8,40.2,40.2,1280,483,2.65,61.96%,61.67%,0.485449,"14:58 ET"
PUSA,2.88,2027-04-16,193,Call,5.00,-74.22%,0.6,0.62,0.8,605,229,2.64,123.45%,140.81%,0.50017,"14:52 ET"
INTC,116.72,2026-10-07,2,Put,110.00,-6.18%,0.23,0.23,0.24,1449,549,2.64,62.79%,60.89%,-0.093867,"14:54 ET"
RKLB,72.41,2026-10-09,4,Put,67.00,-7.39%,0.33,0.36,0.38,2008,761,2.64,72.67%,69.94%,-0.129336,"14:49 ET"
RKLB,72.41,2026-10-09,4,Call,75.00,-3.66%,1.19,1.22,1.23,7391,2798,2.64,72.67%,71.80%,0.345244,"14:56 ET"
NVDA,238.81,2026-10-07,2,Call,235.00,+1.50%,4.9,4.96,5,12291,4649,2.64,33.56%,33.17%,0.765017,"14:53 ET"
INTC,116.72,2026-10-07,2,Put,115.00,-1.92%,1.25,1.27,1.29,2993,1139,2.63,62.79%,57.66%,-0.364311,"14:54 ET"
CIEN,391.49,2026-10-09,4,Put,375.00,-4.44%,3.5,4.3,4.7,625,239,2.62,62.54%,63.02%,-0.255974,"14:43 ET"
HL,17.24,2026-11-20,46,Put,15.00,-12.99%,0.42,0.42,0.46,790,302,2.62,56.04%,56.39%,-0.205352,"14:27 ET"
AMZN,253.79,2026-10-09,4,Call,262.50,-3.58%,0.67,0.68,0.68,9455,3604,2.62,35.30%,31.36%,0.156978,"14:53 ET"
TSLA,380.11,2026-10-09,4,Put,370.00,-2.74%,2.35,2.41,2.39,10126,3873,2.61,42.04%,41.26%,-0.239535,"14:57 ET"
MGM,30.09,2026-11-20,46,Put,32.00,+6.00%,2.7,2.65,2.9,1311,505,2.6,39.96%,40.59%,-0.630622,"14:02 ET"
ASTS,58.3,2026-10-09,4,Call,66.00,-13.42%,0.18,0.2,0.21,1735,667,2.6,77.38%,83.18%,0.086353,"14:47 ET"
AMD,630.45,2026-10-07,2,Call,665.00,-5.34%,0.61,0.64,0.66,513,198,2.59,51.44%,48.11%,0.065621,"14:48 ET"
SE,97.49,2027-01-15,102,Put,70.00,-28.03%,1.06,1.11,1.25,523,202,2.59,53.75%,51.87%,-0.084346,"14:33 ET"
TSLA,380.11,2026-11-06,32,Put,370.00,-2.74%,14,14.2,14.25,965,374,2.58,42.04%,44.28%,-0.378114,"14:52 ET"
MSTR,163.82,2026-10-09,4,Call,185.00,-13.23%,0.55,0.56,0.57,4083,1583,2.58,64.47%,81.98%,0.088938,"14:53 ET"
CRDO,208.94,2026-10-09,4,Put,190.00,-9.56%,0.95,1.05,1.15,538,209,2.57,73.00%,78.33%,-0.120392,"14:53 ET"
INTR,6.77,2026-11-20,46,Call,7.50,-11.61%,0.25,0.27,0.3,781,304,2.57,64.53%,57.68%,0.334337,"14:45 ET"
MARA,10.94,2026-10-09,4,Call,10.00,+8.68%,1.02,1.03,1.07,809,315,2.57,80.49%,81.30%,0.874126,"14:51 ET"
PRQR,1.695,2027-01-15,102,Call,7.5000,-345.10%,0,0.1,0.45,883,344,2.57,216.47%,235.73%,0.28739,"10:11 ET"
AMZN,253.79,2026-10-12,7,Call,260.00,-2.60%,1.4,1.41,1.49,999,389,2.57,35.30%,26.25%,0.263047,"14:41 ET"
MSFT,527.07,2026-10-09,4,Call,532.50,-1.32%,3.65,3.73,3.8,1465,571,2.57,30.03%,27.07%,0.368568,"14:53 ET"
MSFT,527.07,2026-10-07,2,Put,517.50,-1.53%,1.03,1.06,1.08,695,272,2.56,30.03%,27.52%,-0.179563,"14:52 ET"
SPCX,167.86,2026-11-20,46,Call,225.00,-34.66%,1.28,1.28,1.31,4536,1771,2.56,49.93%,55.94%,0.090322,"14:55 ET"
NU,15.23,2027-12-17,438,Call,27.00,-77.05%,0.6,0.66,0.68,611,240,2.55,51.12%,43.30%,0.196074,"14:53 ET"
OKLO,36.32,2026-10-09,4,Call,39.50,-9.00%,0.24,0.25,0.27,708,278,2.55,71.80%,77.49%,0.168072,"14:53 ET"
DELL,552.03,2026-10-09,4,Put,530.00,-3.94%,4.35,4.47,4.6,926,363,2.55,56.78%,55.47%,-0.232603,"14:52 ET"
AAPL,333.13,2026-10-05,0,Put,337.50,+1.40%,3.8,4.1,4.5,1331,521,2.55,24.97%,14.68%,-0.948804,"14:43 ET"
MU,1061.4,2026-10-07,2,Call,"1,050.00",+1.21%,19.9,20.44,20.25,1412,553,2.55,46.69%,46.85%,0.613356,"14:52 ET"
SPCX,167.86,2026-10-23,18,Call,200.00,-19.70%,0.62,0.61,0.64,1723,676,2.55,49.93%,51.66%,0.075988,"14:42 ET"
GE,306.95,2027-03-19,165,Put,300.00,-2.26%,21.6,22.25,22.6,1790,703,2.55,34.13%,33.87%,-0.394367,"14:30 ET"
AAOI,118,2026-10-09,4,Call,130.00,-9.43%,1.2,1.35,1.5,4278,1676,2.55,96.50%,104.25%,0.198389,"14:53 ET"
PLTR,189.39,2026-10-09,4,Call,190.00,-0.38%,3.55,3.59,3.6,11592,4539,2.55,52.25%,45.81%,0.504568,"14:54 ET"
QUBT,7.88,2026-10-09,4,Put,8.00,+1.78%,0.22,0.28,0.28,1028,404,2.54,67.49%,67.01%,-0.523339,"13:58 ET"
TSLA,380.11,2026-11-06,32,Call,375.00,+1.42%,23.4,23.5,23.75,1166,460,2.53,42.04%,44.26%,0.584359,"14:46 ET"
GME,25.63,2026-10-09,4,Call,25.50,+0.35%,0.69,0.71,0.73,10249,4048,2.53,53.56%,62.26%,0.534436,"14:53 ET"
INTC,116.72,2026-10-05,0,Call,114.00,+2.77%,2.56,3.1,2.69,784,311,2.52,62.79%,24.87%,0.960106,"14:40 ET"
SKHY,194.93,2026-12-18,74,Put,190.00,-2.41%,13.95,15.1,15.55,1216,482,2.52,51.82%,50.36%,-0.408387,"13:06 ET"
CBRS,179.09,2026-10-09,4,Call,210.00,-17.21%,0.25,0.3,0.35,1219,483,2.52,74.40%,86.28%,0.046279,"14:47 ET"
COHR,332.68,2026-10-09,4,Call,350.00,-4.81%,4,4.1,4.3,1896,753,2.52,73.13%,75.27%,0.269637,"14:52 ET"
NVDA,238.81,2026-11-06,32,Put,235.00,-1.50%,6.1,6.15,6.25,2156,857,2.52,33.56%,29.80%,-0.394354,"14:53 ET"
AAPL,333.13,2026-10-07,2,Put,320.00,-3.86%,0.09,0.1,0.11,686,273,2.51,24.97%,30.54%,-0.033448,"14:53 ET"
SNDK,1700.55,2026-10-09,4,Put,"1,700.00",-0.42%,46.3,47.17,47.7,1774,707,2.51,61.96%,60.86%,-0.515659,"14:57 ET"
GOOG,344.42,2026-10-09,4,Call,352.50,-2.51%,1.56,1.59,1.61,2468,982,2.51,32.61%,30.31%,0.24752,"14:54 ET"
CIFR,15.1,2026-11-20,46,Call,16.00,-5.75%,1.61,1.62,1.67,7292,2901,2.51,90.11%,91.62%,0.50327,"14:48 ET"
TSLA,380.11,2026-10-07,2,Call,382.50,-0.55%,3.9,3.94,3.95,11308,4498,2.51,42.04%,40.87%,0.456587,"14:57 ET"
TSLA,380.11,2026-10-09,4,Call,412.50,-8.44%,0.37,0.36,0.38,526,210,2.5,42.04%,45.36%,0.050396,"14:51 ET"
MU,1061.4,2026-11-06,32,Call,"1,200.00",-12.90%,17.2,17.9,18.15,545,218,2.5,46.69%,48.14%,0.218555,"14:49 ET"
WULF,14.56,2027-06-17,255,Put,15.00,+2.95%,3.8,3.89,4,2003,801,2.5,81.19%,60.17%,-0.446549,"12:39 ET"
META,742.67,2026-10-05,0,Call,730.00,+1.71%,12.5,12.65,12.65,2757,1104,2.5,39.75%,0.00%,0,"14:54 ET"
WMT,104.89,2026-10-09,4,Call,105.00,-0.10%,0.95,0.94,0.98,6163,2465,2.5,28.15%,24.59%,0.470949,"14:57 ET"
ORCL,143.39,2026-10-16,11,Put,144.00,+0.37%,5.3,5.5,5.5,571,230,2.48,51.28%,52.19%,-0.49477,"14:36 ET"
CBRS,179.09,2026-10-09,4,Call,175.00,+2.32%,7.6,9,8.6,912,368,2.48,74.40%,73.69%,0.647943,"13:44 ET"
PLTR,189.39,2026-10-16,11,Call,192.50,-1.70%,4.4,4.5,4.55,3177,1282,2.48,52.25%,42.52%,0.445016,"14:53 ET"
TSLA,380.11,2026-10-09,4,Call,400.00,-5.15%,1.24,1.25,1.25,29036,11761,2.47,42.04%,42.70%,0.145071,"14:57 ET"
HOOD,113.42,2026-10-16,11,Call,114.00,-0.52%,4.05,4.03,4.15,1544,625,2.47,59.95%,54.97%,0.50224,"14:53 ET"
IREN,40.24,2026-10-30,25,Call,41.00,-1.71%,2.58,2.6,2.67,1820,738,2.47,76.79%,69.25%,0.50192,"14:40 ET"
NET,362.72,2026-10-16,11,Call,400.00,-10.23%,2.49,2.67,2.86,2979,1206,2.47,64.20%,53.52%,0.157829,"14:23 ET"
CTVA,12.35,2026-10-16,11,Call,12.50,-0.81%,0.4,0.5,0.5,802,326,2.46,59.62%,62.68%,0.466277,"14:52 ET"
MRVL,270.2,2026-10-09,4,Call,272.50,-0.62%,8.7,9.15,9,1104,449,2.46,62.61%,89.63%,0.476416,"14:33 ET"
MU,1061.4,2026-10-09,4,Put,"1,060.00",-0.27%,20.45,20.6,20.9,1331,540,2.46,46.69%,46.81%,-0.489933,"14:53 ET"
SMCI,43.24,2026-10-09,4,Put,42.50,-2.12%,0.93,0.94,0.96,1697,689,2.46,74.76%,69.81%,-0.402225,"14:55 ET"
SOFI,16.01,2026-10-09,4,Call,16.50,-3.00%,0.12,0.12,0.13,19775,8039,2.46,50.10%,43.18%,0.28338,"14:57 ET"
IONQ,42.96,2026-10-09,4,Put,41.00,-4.16%,0.42,0.57,0.49,1025,418,2.45,72.03%,73.16%,-0.228005,"14:47 ET"
NFLX,67.39,2027-09-17,347,Call,60.00,+10.69%,15.5,15.62,15.65,1628,665,2.45,40.32%,41.15%,0.723173,"14:47 ET"
ANET,208,2026-10-09,4,Call,215.00,-3.26%,1.31,1.4,1.54,1772,724,2.45,49.54%,45.49%,0.247766,"14:54 ET"
PL,17.3,2026-12-18,74,Put,16.00,-7.57%,1.6,1.7,1.75,508,208,2.44,68.97%,78.35%,-0.33717,"14:06 ET"
VST,144.71,2026-10-09,4,Call,143.00,+0.79%,4.15,3.9,4.45,644,264,2.44,48.06%,49.49%,0.633341,"14:28 ET"
U,45.96,2026-10-09,4,Call,50.00,-8.77%,0.15,0.18,0.2,693,284,2.44,65.74%,65.15%,0.117278,"14:55 ET"
RIOT,19.08,2027-03-19,165,Put,16.00,-16.23%,2.18,2.23,2.38,1022,418,2.44,77.49%,81.40%,-0.263774,"11:58 ET"
OKLO,36.32,2026-10-09,4,Call,37.00,-2.10%,0.8,0.8,0.84,1027,421,2.44,71.80%,70.97%,0.429673,"14:52 ET"
M,22.56,2026-10-09,4,Put,22.00,-2.22%,0.16,0.32,0.21,522,215,2.43,41.42%,43.22%,-0.284365,"11:38 ET"
ARM,300.98,2026-10-09,4,Put,280.00,-7.31%,1.6,1.64,1.7,778,320,2.43,69.94%,68.64%,-0.143872,"14:49 ET"
GOOGL,347.34,2026-10-07,2,Put,342.50,-1.23%,1.14,1.19,1.17,871,358,2.43,32.81%,29.98%,-0.248687,"14:51 ET"
VST,144.71,2026-10-09,4,Put,140.00,-2.87%,0.98,1.07,1.05,1262,520,2.43,48.06%,49.51%,-0.226912,"14:55 ET"
BA,193.19,2026-10-09,4,Call,210.00,-8.47%,0.07,0.1,0.09,2765,1138,2.43,35.08%,40.36%,0.026129,"14:36 ET"
AMD,630.45,2026-10-09,4,Call,672.50,-6.53%,1.5,1.63,1.63,637,263,2.42,51.44%,48.68%,0.104277,"14:24 ET"
MAT,15.3,2027-01-15,102,Put,12.00,-21.47%,0.1,0.25,0.25,1211,500,2.42,52.45%,40.15%,-0.102931,"14:33 ET"
RUN,7.66,2026-10-09,4,Call,8.00,-4.85%,0.1,0.1,0.11,1506,623,2.42,81.24%,68.47%,0.308331,"14:57 ET"
UPST,24.29,2026-10-09,4,Call,26.00,-7.22%,0.12,0.13,0.14,2549,1052,2.42,68.58%,60.16%,0.164313,"14:56 ET"
NVDA,238.81,2026-10-09,4,Call,222.50,+6.74%,16.75,16.92,17,2937,1214,2.42,33.56%,41.61%,0.953586,"14:54 ET"
TSM,486.89,2026-10-09,4,Call,495.00,-1.60%,3.1,3.09,3.2,948,394,2.41,33.42%,32.03%,0.307214,"14:57 ET"
AVGO,363.05,2026-11-06,32,Call,370.00,-2.00%,13,13.15,13.25,563,235,2.4,36.74%,37.18%,0.459975,"14:51 ET"
CRDO,208.94,2026-10-09,4,Call,215.00,-2.34%,4.3,4.4,4.7,619,258,2.4,73.00%,82.59%,0.377319,"14:53 ET"
MU,1061.4,2026-10-07,2,Call,"1,150.00",-8.19%,0.47,0.5,0.52,2660,1109,2.4,46.69%,57.45%,0.02891,"14:54 ET"
ORCL,143.39,2026-10-09,4,Put,143.00,-0.33%,3.05,3.16,3.2,2693,1120,2.4,51.28%,56.54%,-0.463609,"14:46 ET"
NVDA,238.81,2026-11-06,32,Put,240.00,+0.59%,8.25,8.51,8.5,621,260,2.39,33.56%,29.18%,-0.489722,"14:46 ET"
VALE,14.28,2026-10-16,11,Put,14.50,+1.68%,0.43,0.73,0.48,723,302,2.39,34.57%,34.83%,-0.578551,"10:33 ET"
OKLO,36.32,2026-10-09,4,Call,36.50,-0.72%,0.96,1.02,1.08,749,314,2.39,71.80%,69.78%,0.501912,"14:53 ET"
DKNG,19.66,2026-10-09,4,Put,20.00,+1.42%,0.69,0.75,0.76,951,398,2.39,68.85%,66.62%,-0.577488,"14:47 ET"
XP,28.67,2026-11-20,46,Call,30.00,-4.68%,1.9,1.9,2.05,3984,1667,2.39,61.38%,61.25%,0.466263,"14:33 ET"
BMNR,26.82,2026-10-30,25,Put,25.50,-4.71%,1.25,1.33,1.31,516,217,2.38,71.45%,69.58%,-0.350824,"14:21 ET"
MU,1061.4,2026-10-07,2,Call,"1,130.00",-6.31%,0.92,0.93,0.95,614,258,2.38,46.69%,53.12%,0.05382,"14:51 ET"
IBRX,10.38,2026-10-09,4,Call,10.50,-0.57%,0.35,0.43,0.5,2652,1114,2.38,104.10%,111.98%,0.480795,"14:37 ET"
FIG,21.75,2026-10-09,4,Put,21.00,-3.23%,0.27,0.36,0.3,3013,1268,2.38,75.38%,66.45%,-0.289607,"13:31 ET"
MSTR,163.82,2026-10-09,4,Put,160.00,-2.07%,2.68,2.74,2.71,6165,2591,2.38,64.47%,66.23%,-0.341954,"14:53 ET"
RIVN,14.39,2027-03-19,165,Put,11.00,-23.45%,0.65,0.78,0.81,1126,475,2.37,60.65%,61.83%,-0.181594,"11:39 ET"
SNDK,1700.55,2026-10-09,4,Put,"1,730.00",+1.33%,64.2,67.06,66.3,682,289,2.36,61.96%,61.47%,-0.621961,"14:56 ET"
NFLX,67.39,2026-10-30,25,Call,74.00,-10.15%,1.25,1.25,1.27,1138,483,2.36,40.32%,48.80%,0.258493,"14:42 ET"
SBUX,94.76,2027-03-19,165,Put,85.00,-10.37%,3.3,3.35,3.5,2615,1109,2.36,32.20%,30.85%,-0.258278,"13:28 ET"
HOOD,113.42,2027-01-15,102,Call,240.00,-111.62%,0.41,0.44,0.46,3501,1482,2.36,59.95%,68.14%,0.030864,"14:01 ET"
SPCX,167.86,2026-10-16,11,Call,185.00,-10.72%,1.07,1.09,1.1,19109,8088,2.36,49.93%,49.89%,0.149435,"14:57 ET"
GME,25.63,2026-10-09,4,Call,28.50,-11.37%,0.12,0.13,0.14,529,225,2.35,53.56%,84.65%,0.120726,"14:35 ET"
HPE,68.83,2026-10-09,4,Put,67.00,-2.39%,0.97,1.05,1.14,568,242,2.35,60.15%,61.66%,-0.344074,"14:53 ET"
SPCX,167.86,2026-11-06,32,Put,150.00,-10.23%,2.87,2.9,2.93,882,376,2.35,49.93%,50.50%,-0.193934,"14:56 ET"
LQDA,27.4,2026-10-09,4,Call,30.00,-8.81%,0.6,0.69,0.85,1660,705,2.35,125.06%,144.61%,0.298448,"14:51 ET"
CLF,12.51,2026-10-09,4,Call,12.00,+4.15%,0.64,0.68,0.71,1672,712,2.35,67.38%,73.35%,0.714746,"14:39 ET"
MARA,10.94,2026-10-16,11,Call,12.50,-14.16%,0.15,0.16,0.16,2663,1135,2.35,80.49%,79.87%,0.195602,"14:50 ET"
GM,80.56,2026-10-09,4,Put,81.00,+0.62%,1.23,1.45,1.44,573,245,2.34,37.41%,34.26%,-0.540166,"14:01 ET"
CRWD,272.8,2026-10-09,4,Call,277.50,-1.75%,3.85,4.25,4.25,655,280,2.34,50.70%,53.71%,0.388035,"14:51 ET"
NN,13.23,2026-10-09,4,Put,14.00,+6.46%,1.05,0.9,1.5,835,357,2.34,99.63%,150.95%,-0.603614,"11:24 ET"
IREN,40.24,2026-10-09,4,Put,37.50,-6.97%,0.24,0.25,0.27,956,408,2.34,76.79%,70.61%,-0.157921,"14:47 ET"
HOOD,113.42,2026-10-23,18,Call,113.00,+0.36%,5.65,5.8,5.85,504,217,2.32,59.95%,54.24%,0.542298,"14:39 ET"
SNDK,1700.55,2026-10-09,4,Call,"1,900.00",-11.29%,2.9,3.3,3.3,2488,1074,2.32,61.96%,69.48%,0.060096,"14:58 ET"
TSLA,380.11,2026-10-09,4,Put,360.00,-5.37%,0.82,0.84,0.84,6081,2620,2.32,42.04%,43.24%,-0.099775,"14:57 ET"
NET,362.72,2026-11-20,46,Put,350.00,-3.55%,26.6,27.1,27.7,1411,612,2.31,64.20%,67.04%,-0.388935,"14:33 ET"
COST,922.26,2026-10-09,4,Call,950.00,-2.94%,0.9,0.95,1,1487,643,2.31,19.47%,22.18%,0.095576,"14:51 ET"
NOK,10.25,2027-06-17,255,Call,14.00,-36.72%,1.03,1.03,1.07,2051,886,2.31,60.50%,61.29%,0.37432,"13:22 ET"
DNN,2.62,2026-10-09,4,Call,0.50,+80.84%,1.95,2.07,2.15,2280,989,2.31,63.61%,827.68%,0.990493,"14:15 ET"
AMZN,253.79,2026-10-09,4,Put,252.50,-0.36%,2.47,2.51,2.53,1863,810,2.3,35.30%,29.46%,-0.42738,"14:53 ET"
TSLA,380.11,2026-10-09,4,Put,352.50,-7.34%,0.39,0.4,0.4,1863,810,2.3,42.04%,46.14%,-0.050366,"14:52 ET"
MU,1061.4,2026-10-09,4,Call,"1,090.00",-2.55%,10,10.2,10.2,2234,973,2.3,46.69%,48.72%,0.301744,"14:53 ET"
ZS,204.07,2026-10-09,4,Put,185.00,-9.20%,0.85,0.95,1.01,560,245,2.29,56.17%,78.39%,-0.110978,"14:57 ET"
MU,1061.4,2026-10-07,2,Put,"1,075.00",+1.14%,23.1,22.13,23.7,614,268,2.29,46.69%,46.36%,-0.654299,"14:49 ET"
RDDT,149.54,2026-10-09,4,Call,162.50,-7.93%,0.52,0.53,0.68,734,320,2.29,66.08%,63.51%,0.124607,"14:50 ET"
MSFT,527.07,2026-10-07,2,Put,512.50,-2.48%,0.45,0.48,0.53,1027,448,2.29,30.03%,28.94%,-0.092321,"14:51 ET"
MRVL,270.2,2026-10-30,25,Call,300.00,-10.77%,7.55,7.73,7.85,1630,713,2.29,62.61%,63.80%,0.294976,"14:52 ET"
NVDA,238.81,2026-11-13,39,Put,225.00,-5.70%,3.75,3.79,3.9,563,247,2.28,33.56%,31.33%,-0.249333,"14:53 ET"
NBIS,230.98,2026-10-09,4,Put,212.50,-8.28%,1.21,1.25,1.32,618,271,2.28,77.58%,74.73%,-0.13407,"14:49 ET"
AMD,630.45,2026-10-07,2,Put,610.00,-3.37%,1.86,1.8,1.94,648,284,2.28,51.44%,45.35%,-0.166513,"14:52 ET"
PRSU,52.9,2026-10-16,11,Call,55.00,-4.03%,0.45,0.5,0.5,659,289,2.28,44.25%,33.23%,0.263863,"14:45 ET"
MU,1061.4,2026-10-09,4,Call,"1,240.00",-16.66%,0.25,0.3,0.32,727,319,2.28,46.69%,65.05%,0.011693,"14:53 ET"
NU,15.23,2026-10-16,11,Call,15.50,-1.64%,0.4,0.4,0.41,2637,1158,2.28,51.12%,48.82%,0.441451,"14:46 ET"
AMD,630.45,2026-10-07,2,Call,632.50,-0.19%,7.05,7.05,7.2,1019,449,2.27,51.44%,45.10%,0.455705,"14:53 ET"
APLD,24.39,2026-10-09,4,Put,23.50,-3.77%,0.91,0.95,0.94,1186,523,2.27,87.49%,134.87%,-0.362251,"14:52 ET"
UNH,374.53,2026-10-09,4,Put,360.00,-3.95%,1.91,2.05,2.06,2125,938,2.27,41.48%,47.03%,-0.190527,"14:54 ET"
TSLA,380.11,2026-10-09,4,Call,367.50,+3.39%,15.4,14.78,15.6,2204,969,2.27,42.04%,41.83%,0.80362,"14:42 ET"
ARM,300.98,2028-06-16,620,Call,470.00,-55.59%,71.5,77.15,75.8,500,221,2.26,69.94%,71.01%,0.525804,"12:05 ET"
CLF,12.51,2026-10-16,11,Put,13.00,+3.83%,0.8,0.83,0.84,11416,5046,2.26,67.38%,60.61%,-0.625296,"14:52 ET"
AAPL,333.13,2026-10-12,7,Call,332.50,+0.10%,4.35,4.47,4.7,598,266,2.25,24.97%,21.44%,0.550871,"14:52 ET"
MU,1061.4,2026-10-07,2,Put,"1,025.00",-3.57%,3.2,3.27,3.35,914,406,2.25,46.69%,47.15%,-0.164446,"14:52 ET"
NOW,136.03,2026-10-09,4,Call,139.00,-2.24%,1.84,1.88,1.89,574,256,2.24,55.54%,54.10%,0.36483,"14:52 ET"
STX,888,2026-10-09,4,Call,"1,000.00",-12.39%,1.9,1.84,2.05,741,331,2.24,65.70%,74.02%,0.067323,"14:43 ET"
TSLA,380.11,2026-10-09,4,Call,407.50,-7.12%,0.59,0.58,0.61,1011,451,2.24,42.04%,44.11%,0.077117,"14:57 ET"
BMNR,26.82,2026-10-09,4,Call,26.50,+0.97%,1,1,1.03,1764,789,2.24,71.45%,74.62%,0.581261,"14:49 ET"
TER,443.82,2027-01-15,102,Call,520.00,-16.46%,35.7,36.2,37.8,587,263,2.23,70.98%,66.58%,0.40015,"13:31 ET"
APP,283.91,2026-10-09,4,Call,300.00,-5.78%,2.1,2.2,2.3,2005,901,2.23,69.28%,61.96%,0.21568,"14:53 ET"
TSLA,380.11,2026-10-07,2,Call,360.00,+5.37%,20.95,21.05,21.5,2369,1064,2.23,42.04%,42.50%,0.965871,"14:57 ET"
GME,25.63,2026-10-09,4,Call,27.00,-5.51%,0.27,0.29,0.29,14902,6694,2.23,53.56%,72.31%,0.251081,"14:53 ET"
APP,283.91,2026-10-09,4,Call,280.00,+1.28%,9.3,9.53,10.2,652,294,2.22,69.28%,61.94%,0.609139,"14:52 ET"
BE,287.14,2026-10-09,4,Call,285.00,+0.89%,9.8,10,9.95,1373,619,2.22,76.65%,73.42%,0.553953,"14:48 ET"
WULF,14.56,2026-10-09,4,Call,14.50,+0.48%,0.55,0.56,0.58,1374,619,2.22,81.19%,82.99%,0.554231,"14:56 ET"
AAOI,118,2026-10-09,4,Call,116.00,+2.36%,5.1,5.8,6,604,273,2.21,96.50%,94.01%,0.581998,"14:48 ET"
MU,1061.4,2027-06-17,255,Put,480.00,-54.84%,5.9,6.21,6.65,803,364,2.21,46.69%,58.06%,-0.026745,"14:43 ET"
NBIS,230.98,2026-10-09,4,Put,222.50,-3.96%,3.4,3.57,3.7,832,377,2.21,77.58%,73.97%,-0.300192,"14:51 ET"
VKTX,29.24,2026-10-09,4,Call,31.00,-5.66%,0.3,0.34,0.41,902,409,2.21,67.31%,77.49%,0.25799,"14:48 ET"
AFRM,74.78,2028-01-21,473,Put,62.50,-16.51%,11.35,12.52,12.3,1001,452,2.21,60.84%,62.09%,-0.253305,"14:20 ET"
AAPL,333.13,2026-10-07,2,Put,322.50,-3.11%,0.16,0.16,0.17,1083,490,2.21,24.97%,28.41%,-0.054992,"14:53 ET"
BABA,111.13,2026-10-09,4,Put,108.00,-2.51%,0.75,0.75,0.82,1145,519,2.21,42.18%,43.38%,-0.253478,"14:52 ET"
TSLA,380.11,2026-10-30,25,Call,375.00,+1.42%,21.7,21.7,21.85,3484,1573,2.21,42.04%,45.88%,0.584776,"14:57 ET"
ACB,4.51,2026-10-16,11,Call,5.00,-10.86%,0,0.1,0.1,528,240,2.2,79.75%,63.89%,0.191044,"14:33 ET"
NU,15.23,2026-10-30,25,Call,16.00,-4.92%,0.51,0.52,0.54,661,301,2.2,51.12%,51.46%,0.390986,"14:48 ET"
AMD,630.45,2026-10-16,11,Put,585.00,-7.33%,4.2,4.25,4.45,958,435,2.2,51.44%,45.13%,-0.160612,"14:50 ET"
RKLB,72.41,2026-10-09,4,Put,70.00,-3.25%,1.01,1.02,1.05,4286,1948,2.2,72.67%,69.55%,-0.296828,"14:58 ET"
NFLX,67.39,2026-10-09,4,Put,66.00,-1.76%,0.37,0.37,0.38,7521,3422,2.2,40.32%,32.81%,-0.262722,"14:51 ET"
VRT,254.15,2026-10-09,4,Call,275.00,-8.01%,0.69,0.77,0.85,597,272,2.19,58.94%,58.55%,0.105819,"14:50 ET"
B,40.15,2026-10-09,4,Call,42.00,-4.61%,0.1,0.13,0.13,1190,543,2.19,40.93%,38.49%,0.141496,"14:53 ET"
TSLA,380.11,2026-10-07,2,Put,357.50,-6.02%,0.18,0.18,0.19,2041,931,2.19,42.04%,47.81%,-0.034306,"14:56 ET"
PBF,84.2,2026-10-16,11,Call,90.00,-6.72%,2.1,2.5,2.3,2229,1016,2.19,74.35%,75.38%,0.326869,"14:17 ET"
MU,1061.4,2026-10-09,4,Call,"1,070.00",-0.67%,16.75,17.08,17.2,2371,1083,2.19,46.69%,48.48%,0.437495,"14:52 ET"
CAVA,53.8,2026-10-09,4,Put,53.00,-1.17%,0.71,0.89,0.98,517,237,2.18,63.01%,56.41%,-0.372018,"14:34 ET"
STZ,113.68,2028-01-21,473,Put,120.00,+5.61%,17.5,18,19.8,600,275,2.18,35.46%,31.77%,-0.466621,"14:45 ET"
DELL,552.03,2026-10-09,4,Put,550.00,-0.32%,11.6,11.7,11.9,781,358,2.18,56.78%,55.38%,-0.463369,"14:51 ET"
SPCX,167.86,2026-10-30,25,Call,225.00,-34.66%,0.3,0.3,0.32,855,393,2.18,49.93%,57.45%,0.032885,"14:51 ET"
NVDA,238.81,2026-10-12,7,Call,245.00,-2.69%,1.34,1.34,1.36,1439,659,2.18,33.56%,26.17%,0.261898,"14:54 ET"
INTC,116.72,2026-10-09,4,Call,116.00,+1.07%,3.2,3.2,3.3,2225,1020,2.18,62.79%,60.19%,0.546962,"14:52 ET"
NKE,33.65,2026-10-09,4,Put,32.50,-3.62%,0.12,0.13,0.13,3064,1406,2.18,36.34%,37.17%,-0.174137,"14:54 ET"
TSLA,380.11,2026-10-09,4,Put,350.00,-7.99%,0.31,0.33,0.32,8009,3682,2.18,42.04%,47.33%,-0.040502,"14:57 ET"
GME,25.63,2026-10-09,4,Call,28.00,-9.42%,0.16,0.18,0.18,8228,3776,2.18,53.56%,81.33%,0.155085,"14:53 ET"
NU,15.23,2026-10-30,25,Call,16.50,-8.20%,0.37,0.37,0.39,533,246,2.17,51.12%,51.78%,0.308069,"14:52 ET"
NVDA,238.81,2026-10-07,2,Call,225.00,+5.70%,13.95,13.93,14.35,1103,508,2.17,33.56%,35.06%,0.990837,"14:43 ET"
INTC,116.72,2026-10-09,4,Call,119.00,-1.49%,1.94,1.97,2.01,2615,1205,2.17,62.79%,61.23%,0.38923,"14:52 ET"
GME,25.63,2026-10-30,25,Put,25.00,-2.31%,1.06,1.11,1.15,646,299,2.16,53.56%,51.97%,-0.406854,"14:54 ET"
AAOI,118,2026-10-09,4,Put,115.00,-3.20%,3.1,3.35,3.7,811,375,2.16,96.50%,96.16%,-0.385923,"14:51 ET"
META,742.67,2026-10-09,4,Call,775.00,-4.35%,2.36,2.42,2.4,1589,734,2.16,39.75%,38.88%,0.153842,"14:53 ET"
TSLA,380.11,2026-10-09,4,Put,357.50,-6.02%,0.63,0.69,0.65,2260,1044,2.16,42.04%,44.05%,-0.079055,"14:46 ET"
NKE,33.65,2026-10-09,4,Put,33.50,-0.65%,0.42,0.43,0.45,2329,1079,2.16,36.34%,37.15%,-0.436743,"14:53 ET"
CIFR,15.1,2026-10-09,4,Put,14.50,-4.16%,0.27,0.29,0.29,3657,1694,2.16,90.11%,87.77%,-0.301481,"14:41 ET"
MSFT,527.07,2026-10-09,4,Call,550.00,-4.65%,0.49,0.51,0.53,5523,2553,2.16,30.03%,27.77%,0.075118,"14:53 ET"
DELL,552.03,2026-10-09,4,Put,515.00,-6.66%,1.76,1.77,1.86,666,310,2.15,56.78%,56.01%,-0.112434,"14:50 ET"
TSLA,380.11,2026-11-06,32,Call,395.00,-3.84%,14.45,14.32,14.7,848,395,2.15,42.04%,44.34%,0.427436,"14:38 ET"
MRVL,270.2,2026-10-09,4,Call,280.00,-3.39%,5.85,5.99,6.1,4625,2155,2.15,62.61%,89.60%,0.363661,"14:52 ET"
SPCX,167.86,2026-10-16,11,Call,167.50,-0.25%,5.85,5.89,6,4937,2299,2.15,49.93%,46.81%,0.543916,"14:57 ET"
CLF,12.51,2027-01-15,102,Call,14.00,-11.82%,1.15,1.13,1.19,6115,2841,2.15,67.38%,64.88%,0.441392,"13:44 ET"
CBRS,179.09,2026-10-09,4,Call,200.00,-11.63%,0.8,0.8,0.85,6206,2891,2.15,74.40%,82.02%,0.113947,"14:52 ET"
AG,17.58,2026-10-09,4,Call,18.00,-2.51%,0.21,0.22,0.25,525,245,2.14,56.38%,53.53%,0.355234,"14:28 ET"
CVS,86.93,2027-06-17,255,Call,105.00,-20.36%,3.45,3.6,4.05,568,265,2.14,36.36%,32.04%,0.290821,"12:35 ET"
TSM,486.89,2026-10-09,4,Put,467.50,-4.05%,0.93,0.98,0.97,732,342,2.14,33.42%,32.26%,-0.116613,"14:57 ET"
MRNA,205.07,2026-10-09,4,Call,250.00,-21.64%,0.43,0.5,0.53,827,387,2.14,93.32%,109.83%,0.05057,"14:53 ET"
WHR,30.24,2029-01-19,837,Call,17.50,+42.15%,17.1,17.66,18.2,1595,745,2.14,66.99%,104.93%,0.789786,"12:46 ET"
DKNG,19.66,2026-10-16,11,Call,21.00,-6.49%,0.36,0.36,0.4,1628,761,2.14,68.85%,62.70%,0.296793,"14:53 ET"
BE,287.14,2026-10-09,4,Put,290.00,+0.85%,10.2,10.4,10.3,2552,1190,2.14,76.65%,72.54%,-0.537432,"14:53 ET"
CRWV,87.27,2026-10-09,4,Call,90.00,-2.90%,1.5,1.52,1.52,8745,4089,2.14,74.38%,71.06%,0.356952,"14:53 ET"
INTC,116.72,2027-04-16,193,Put,60.00,-48.83%,0.9,0.99,1.06,540,253,2.13,62.79%,61.25%,-0.03943,"13:57 ET"
CRM,230.1,2026-10-09,4,Put,227.50,-1.19%,2.59,2.61,2.75,606,285,2.13,38.44%,40.31%,-0.383895,"14:28 ET"
MSFT,527.07,2026-10-09,4,Call,537.50,-2.27%,2.16,2.12,2.33,785,369,2.13,30.03%,27.15%,0.253569,"14:51 ET"
AMD,630.45,2026-10-07,2,Call,655.00,-3.76%,1.41,1.45,1.45,829,389,2.13,51.44%,46.79%,0.132328,"14:53 ET"
IONQ,42.96,2026-10-09,4,Call,43.00,-0.51%,1.41,1.5,1.55,1256,591,2.13,72.03%,74.07%,0.549151,"14:53 ET"
INTC,116.72,2026-10-09,4,Put,111.00,-5.33%,0.82,0.84,0.84,1446,678,2.13,62.79%,58.64%,-0.201358,"14:54 ET"
CIFR,15.1,2026-10-16,11,Call,15.50,-2.45%,0.69,0.71,0.73,1618,760,2.13,90.11%,82.15%,0.466014,"14:50 ET"
COIN,186.4,2026-10-09,4,Put,180.00,-3.53%,2.04,2.08,2.16,2594,1217,2.13,63.27%,62.62%,-0.270675,"14:53 ET"
GOOG,344.42,2026-10-09,4,Call,345.00,-0.33%,4.1,4.17,4.25,4337,2035,2.13,32.61%,29.77%,0.497934,"14:53 ET"
NBIS,230.98,2026-10-09,4,Call,250.00,-7.91%,1.79,1.77,1.84,4783,2248,2.13,77.58%,79.18%,0.181209,"14:53 ET"
NKE,33.65,2026-10-09,4,Call,33.50,+0.65%,0.63,0.6,0.66,6345,2985,2.13,36.34%,39.16%,0.560581,"14:52 ET"
NFLX,67.39,2026-10-09,4,Call,67.00,+0.27%,1.16,1.17,1.17,9096,4291,2.12,40.32%,33.54%,0.577314,"14:53 ET"
IONQ,42.96,2026-10-09,4,Put,42.50,-0.65%,0.92,0.94,1.02,616,290,2.12,72.03%,73.97%,-0.392125,"14:54 ET"
MP,46.84,2026-10-09,4,Put,45.50,-2.82%,0.48,0.48,0.53,805,380,2.12,57.58%,55.77%,-0.286438,"14:53 ET"
SMCI,43.24,2026-10-09,4,Put,42.00,-3.27%,0.73,0.73,0.74,1701,804,2.12,74.76%,69.18%,-0.339898,"14:55 ET"
RIVN,14.39,2026-10-30,25,Call,15.50,-7.86%,0.65,0.65,0.68,2786,1315,2.12,60.65%,69.26%,0.39496,"14:55 ET"
SPCX,167.86,2026-10-30,25,Call,180.00,-7.73%,4.1,4.1,4.2,4374,2059,2.12,49.93%,47.64%,0.323603,"14:55 ET"
CRDO,208.94,2026-10-09,4,Put,200.00,-4.80%,3.2,3.2,3.4,610,289,2.11,73.00%,78.65%,-0.292724,"14:52 ET"
ADBE,237.24,2026-10-09,4,Call,255.00,-7.66%,0.3,0.38,0.46,685,324,2.11,39.48%,46.53%,0.074811,"14:51 ET"
TSLA,380.11,2026-11-06,32,Put,395.00,+3.84%,27.3,27.7,27.7,750,355,2.11,42.04%,44.68%,-0.575342,"14:57 ET"
SPCX,167.86,2026-10-09,4,Put,155.00,-7.24%,0.37,0.39,0.39,21023,9959,2.11,49.93%,57.47%,-0.080683,"14:57 ET"
BA,193.19,2026-10-16,11,Call,185.00,+4.45%,9.45,9.8,10.3,655,312,2.1,35.08%,35.14%,0.772522,"12:06 ET"
CRM,230.1,2026-10-09,4,Put,222.50,-3.37%,1.15,1.21,1.25,707,337,2.1,38.44%,41.11%,-0.209792,"14:52 ET"
CRWV,87.27,2027-06-17,255,Call,125.00,-42.92%,11.3,11.49,11.65,3541,1684,2.1,74.38%,73.26%,0.408671,"14:45 ET"
ASTS,58.3,2026-10-09,4,Call,59.00,-1.39%,1.53,1.59,1.61,1517,726,2.09,77.38%,75.90%,0.463694,"14:53 ET"
SKHY,194.93,2026-11-20,46,Call,210.00,-7.86%,9,9.1,9.4,1750,838,2.09,51.82%,54.61%,0.387246,"14:57 ET"
NFLX,67.39,2026-10-16,11,Call,67.00,+0.27%,1.68,1.7,1.73,3004,1439,2.09,40.32%,31.37%,0.561728,"14:53 ET"
META,742.67,2026-10-09,4,Call,830.00,-11.75%,0.16,0.17,0.18,504,242,2.08,39.75%,47.31%,0.013403,"14:43 ET"
SHOP,159.47,2026-11-20,46,Put,160.00,+0.36%,13.55,13.8,13.95,1050,505,2.08,59.98%,61.65%,-0.454326,"14:51 ET"
CCL,25.64,2026-10-09,4,Call,26.00,-1.33%,0.24,0.28,0.3,6037,2906,2.08,38.18%,38.24%,0.383989,"14:39 ET"
NBIS,230.98,2026-10-30,25,Put,220.00,-5.04%,10.6,11.1,11.3,640,309,2.07,77.58%,68.28%,-0.354561,"14:52 ET"
TRI,96.22,2026-10-16,11,Put,85.00,-11.52%,0.15,0.35,0.5,688,332,2.07,51.63%,53.02%,-0.07816,"14:56 ET"
MRVL,270.2,2026-10-09,4,Put,247.50,-8.61%,2.16,2.22,2.28,863,416,2.07,62.61%,87.80%,-0.162477,"14:53 ET"
MSFT,527.07,2026-10-09,4,Call,535.00,-1.80%,2.86,2.95,3,4947,2386,2.07,30.03%,27.19%,0.309044,"14:52 ET"
AMD,630.45,2026-10-07,2,Call,635.00,-0.59%,6.05,6.15,6.2,1116,541,2.06,51.44%,45.37%,0.409863,"14:53 ET"
GME,25.63,2026-10-16,11,Call,25.50,+0.35%,1,1.02,1.1,2022,981,2.06,53.56%,57.09%,0.532167,"14:40 ET"
NFLX,67.39,2026-10-09,4,Put,65.00,-3.25%,0.17,0.17,0.18,3979,1936,2.06,40.32%,33.27%,-0.143324,"14:51 ET"
BB,9.06,2026-10-30,25,Put,9.00,-0.66%,0.47,0.5,0.51,548,267,2.05,58.58%,56.75%,-0.444143,"14:41 ET"
RIOT,19.08,2026-10-09,4,Put,18.50,-3.14%,0.31,0.34,0.34,903,440,2.05,77.49%,77.29%,-0.311632,"14:57 ET"
COIN,186.4,2026-10-09,4,Call,210.00,-12.55%,0.35,0.4,0.44,1998,977,2.05,63.27%,71.91%,0.065996,"14:51 ET"
NBIS,230.98,2026-10-09,4,Put,230.00,-0.73%,6.5,6.7,6.75,2591,1268,2.04,77.58%,74.03%,-0.462024,"14:53 ET"
BABA,111.13,2026-10-09,4,Call,109.00,+1.61%,3.25,3.2,3.4,2911,1430,2.04,42.18%,44.58%,0.673149,"14:49 ET"
SKHY,194.93,2026-10-09,4,Call,195.00,-0.16%,3.7,3.82,3.9,3153,1546,2.04,51.82%,52.29%,0.476327,"14:57 ET"
SOFI,16.01,2026-11-13,39,Put,14.50,-9.49%,0.42,0.43,0.44,653,321,2.03,50.10%,52.59%,-0.241963,"14:48 ET"
NFLX,67.39,2026-10-16,11,Call,66.00,+1.76%,2.26,2.32,2.32,909,448,2.03,40.32%,31.18%,0.667816,"14:51 ET"
CLSK,12.28,2026-10-09,4,Put,11.50,-6.28%,0.12,0.13,0.14,1017,500,2.03,78.27%,83.02%,-0.206942,"14:52 ET"
AMD,630.45,2026-10-09,4,Put,630.00,-0.20%,11.85,12,12.1,1172,576,2.03,51.44%,45.36%,-0.492068,"14:53 ET"
TSM,486.89,2026-11-20,46,Call,540.00,-10.83%,6.65,6.9,6.8,765,378,2.02,33.42%,33.52%,0.215522,"14:50 ET"
INTC,116.72,2026-10-07,2,Call,115.00,+1.92%,2.85,2.95,2.97,837,415,2.02,62.79%,58.55%,0.634153,"14:53 ET"
CBRS,179.09,2026-10-09,4,Put,180.00,+0.47%,5.5,6.2,6.5,997,493,2.02,74.40%,77.64%,-0.493307,"14:42 ET"
QCOM,180.88,2026-10-09,4,Put,170.00,-6.18%,0.49,0.5,0.53,1364,676,2.02,50.21%,49.60%,-0.109964,"14:50 ET"
BMNR,26.82,2026-10-30,25,Put,22.00,-17.79%,0.28,0.36,0.35,630,314,2.01,71.45%,70.66%,-0.119108,"13:03 ET"
CRWD,272.8,2028-01-21,473,Put,330.00,+20.99%,100.45,101.25,105.6,601,300,2,50.70%,60.71%,-0.463746,"14:27 ET"
TSLA,380.11,2026-10-12,7,Call,395.00,-3.84%,2.64,2.59,2.72,658,329,2,42.04%,35.78%,0.245294,"14:51 ET"
HOOD,113.42,2026-10-09,4,Put,104.00,-8.30%,0.22,0.23,0.23,871,435,2,59.95%,58.02%,-0.071742,"14:52 ET"
HOOD,113.42,2026-10-16,11,Call,113.00,+0.36%,4.5,4.55,4.6,1251,627,2,59.95%,54.56%,0.539026,"14:49 ET"
RIOT,19.08,2026-10-09,4,Call,20.00,-4.71%,0.31,0.3,0.34,2932,1467,2,77.49%,79.74%,0.324656,"14:54 ET"
PAGS,11.09,2026-11-20,46,Call,12.00,-8.60%,0.45,0.5,0.55,3195,1599,2,55.62%,55.39%,0.369643,"14:25 ET"
TSLA,380.11,2026-10-09,4,Put,320.00,-15.88%,0.09,0.1,0.1,5308,2654,2,42.04%,72.39%,-0.009521,"14:38 ET"
AMD,630.45,2027-06-17,255,Put,45.00,-92.87%,0.03,0.11,0.11,511,257,1.99,51.44%,109.22%,-0.000366,"14:53 ET"
CMG,30.84,2028-01-21,473,Put,22.50,-26.81%,1.21,1.56,1.65,720,361,1.99,46.88%,40.79%,-0.154704,"12:47 ET"
UPS,93.21,2026-10-09,4,Call,94.00,-0.77%,0.75,0.77,0.88,809,407,1.99,33.69%,26.91%,0.427998,"14:56 ET"
MU,1061.4,2026-10-05,0,Put,"1,075.00",+1.14%,13.35,14.79,16,1255,631,1.99,46.69%,12.58%,-0.994898,"14:51 ET"
SNDK,1700.55,2026-10-09,4,Call,"1,750.00",-2.51%,21.8,22.4,22.4,1269,637,1.99,61.96%,62.85%,0.317312,"14:58 ET"
HTZ,1.805,2026-11-06,32,Call,2.0000,-10.80%,0.12,0.12,0.14,1384,695,1.99,101.59%,95.36%,0.413065,"12:42 ET"
NVDA,238.81,2026-10-09,4,Call,212.50,+10.94%,26.45,26.32,26.9,1529,767,1.99,33.56%,40.24%,0.997613,"14:38 ET"
AAOI,118,2026-10-09,4,Call,125.00,-5.22%,2.2,2.25,2.35,1591,800,1.99,96.50%,100.28%,0.304503,"14:53 ET"
TSLA,380.11,2026-10-09,4,Put,367.50,-3.39%,1.82,1.85,1.85,2526,1267,1.99,42.04%,41.60%,-0.195395,"14:57 ET"
IREN,40.24,2026-10-09,4,Call,41.50,-2.95%,0.73,0.72,0.74,2599,1305,1.99,76.79%,73.40%,0.362835,"14:49 ET"
NBIS,230.98,2026-10-09,4,Put,215.00,-7.20%,1.62,1.66,1.66,2827,1421,1.99,77.58%,73.90%,-0.166598,"14:52 ET"
HOOD,113.42,2026-10-30,25,Call,129.00,-13.75%,2.73,2.77,2.81,528,266,1.98,59.95%,65.43%,0.257469,"14:47 ET"
NVDA,238.81,2026-10-14,9,Call,237.50,+0.46%,5.1,5,5.3,1108,560,1.98,33.56%,28.45%,0.57557,"14:44 ET"
NVDA,238.81,2026-10-12,7,Call,247.50,-3.73%,0.82,0.79,0.84,1155,582,1.98,33.56%,26.19%,0.179536,"14:53 ET"
META,742.67,2026-10-09,4,Call,760.00,-2.33%,5.1,5.19,5.15,1852,935,1.98,39.75%,37.48%,0.287243,"14:54 ET"
META,742.67,2026-10-09,4,Put,700.00,-5.75%,0.92,0.92,0.94,3095,1567,1.98,39.75%,38.77%,-0.068848,"14:52 ET"
AAPL,333.13,2026-10-09,4,Put,335.00,+0.65%,4,4.1,4.25,3774,1909,1.98,24.97%,23.81%,-0.567171,"14:54 ET"
RILY,4.87,2026-10-09,4,Call,5.00,-2.88%,0.13,0.14,0.15,4057,2044,1.98,70.99%,97.17%,0.413873,"14:57 ET"
ABVX,91.57,2026-11-20,46,Call,110.00,-19.98%,3.3,3.6,4,508,258,1.97,68.64%,71.99%,0.284192,"11:30 ET"
SHOP,159.47,2026-10-09,4,Call,165.00,-3.50%,1.65,1.76,1.75,1018,518,1.97,59.98%,55.86%,0.296962,"14:56 ET"
ZS,204.07,2026-10-09,4,Call,210.00,-3.07%,4.2,4.45,4.55,2000,1017,1.97,56.17%,81.49%,0.379251,"14:57 ET"
MSFT,527.07,2026-10-09,4,Put,515.00,-2.01%,1.68,1.83,1.81,2281,1159,1.97,30.03%,27.45%,-0.202873,"14:48 ET"
META,742.67,2026-10-09,4,Call,770.00,-3.67%,3.05,3.14,3.15,2449,1242,1.97,39.75%,38.42%,0.191677,"14:52 ET"
AMZN,253.79,2026-10-09,4,Call,255.00,-0.62%,2.66,2.71,2.7,12036,6112,1.97,35.30%,30.43%,0.448811,"14:53 ET"
AMD,630.45,2026-10-23,18,Call,710.00,-12.47%,4.4,4.55,4.65,503,256,1.96,51.44%,47.13%,0.140798,"14:52 ET"
RBRK,124.08,2026-10-16,11,Call,130.00,-4.96%,2.35,2.47,2.7,646,329,1.96,55.60%,55.48%,0.335914,"14:26 ET"
LNG,274.54,2026-11-20,46,Call,300.00,-8.98%,4.3,4.69,5.2,648,330,1.96,33.46%,33.40%,0.256872,"12:23 ET"
MSTR,163.82,2026-10-09,4,Put,167.50,+2.52%,6.6,7.15,6.7,755,386,1.96,64.47%,69.54%,-0.594419,"14:30 ET"
UBER,69.57,2026-10-09,4,Put,69.00,-0.88%,0.63,0.69,0.7,1904,971,1.96,38.33%,34.79%,-0.371854,"14:46 ET"
CRWD,272.8,2026-10-16,11,Put,265.00,-2.84%,5.65,5.65,5.85,512,263,1.95,50.70%,49.12%,-0.350598,"14:37 ET"
LUNR,14.08,2026-10-09,4,Put,13.50,-4.05%,0.2,0.21,0.23,951,487,1.95,86.51%,78.72%,-0.28461,"14:45 ET"
BE,287.14,2026-10-09,4,Put,285.00,-0.89%,7.55,7.55,7.65,1055,542,1.95,76.65%,72.20%,-0.44604,"14:53 ET"
BABA,111.13,2026-10-16,11,Put,103.00,-7.02%,0.45,0.51,0.5,1132,581,1.95,42.18%,39.20%,-0.123123,"14:16 ET"
BE,287.14,2026-10-09,4,Call,305.00,-6.07%,2.97,3,3.05,1317,676,1.95,76.65%,75.67%,0.235051,"14:52 ET"
ORCL,143.39,2026-10-09,4,Put,129.00,-10.09%,0.12,0.12,0.14,571,295,1.94,51.28%,57.90%,-0.036669,"13:51 ET"
SKHY,194.93,2026-10-09,4,Put,177.50,-8.83%,0.27,0.25,0.29,945,488,1.94,51.82%,55.04%,-0.057313,"14:51 ET"
RKLB,72.41,2026-10-09,4,Put,69.00,-4.63%,0.71,0.71,0.81,947,487,1.94,72.67%,70.33%,-0.234534,"14:55 ET"
PBR,24.57,2026-10-09,4,Call,25.00,-1.79%,0.31,0.31,0.38,3803,1957,1.94,42.36%,50.89%,0.386705,"14:45 ET"
MRVL,270.2,2026-10-09,4,Call,285.00,-5.23%,4.45,4.5,4.65,2977,1546,1.93,62.61%,90.15%,0.296827,"14:52 ET"
FPS,39.37,2026-11-20,46,Call,47.50,-20.83%,1.5,1.65,1.65,712,370,1.92,72.61%,73.30%,0.281826,"13:39 ET"
NBIS,230.98,2026-10-09,4,Put,217.50,-6.12%,2.09,2.16,2.24,893,464,1.92,77.58%,73.99%,-0.206876,"14:53 ET"
HOOD,113.42,2026-10-09,4,Put,114.00,+0.52%,2.97,3,3.05,1001,522,1.92,59.95%,57.46%,-0.520195,"14:32 ET"
AMD,630.45,2026-10-05,0,Put,635.00,+0.59%,5,5.4,5.85,1015,528,1.92,51.44%,11.48%,-0.924076,"14:53 ET"
AAOI,118,2026-10-09,4,Call,121.00,-1.85%,3.4,3.4,3.7,1099,573,1.92,96.50%,99.98%,0.419733,"14:51 ET"
NKE,33.65,2026-10-09,4,Call,35.00,-3.80%,0.13,0.13,0.14,10300,5355,1.92,36.34%,39.47%,0.181758,"14:52 ET"
QCOM,180.88,2026-10-09,4,Put,167.50,-7.56%,0.27,0.27,0.34,823,432,1.91,50.21%,50.87%,-0.070043,"14:50 ET"
MU,1061.4,2026-10-09,4,Put,"1,065.00",+0.20%,23.1,22.43,23.6,863,453,1.91,46.69%,46.88%,-0.528208,"14:47 ET"
MS,190.77,2026-10-16,11,Put,175.00,-8.36%,0.57,0.66,0.75,942,493,1.91,32.66%,40.46%,-0.10078,"14:30 ET"
NVDA,238.81,2026-10-09,4,Call,210.00,+11.98%,29.15,29,29.4,2108,1105,1.91,33.56%,60.85%,0.980926,"14:42 ET"
NVDA,238.81,2026-10-14,9,Call,245.00,-2.69%,1.84,1.89,1.97,548,288,1.9,33.56%,27.37%,0.299068,"14:53 ET"
RDW,10.34,2026-10-30,25,Put,10.00,-3.38%,0.6,0.65,0.7,607,320,1.9,86.01%,78.29%,-0.386689,"14:46 ET"
INTC,116.72,2026-10-16,11,Call,122.00,-4.05%,2.7,2.7,2.75,848,446,1.9,62.79%,59.65%,0.353322,"14:53 ET"
TSLA,380.11,2026-11-06,32,Call,380.00,+0.11%,20.95,20.8,21.2,1546,815,1.9,42.04%,44.38%,0.5446,"14:57 ET"
LEN,73.91,2026-10-16,11,Call,80.00,-8.21%,0.4,0.45,0.5,2404,1262,1.9,41.87%,42.76%,0.160517,"14:27 ET"
TSLA,380.11,2026-10-16,11,Call,385.00,-1.21%,8.9,9,9,7555,3972,1.9,42.04%,40.14%,0.460642,"14:57 ET"
PLTR,189.39,2026-12-18,74,Call,185.00,+2.27%,20.4,20.7,20.85,9823,5160,1.9,52.25%,51.71%,0.603073,"14:53 ET"
NFLX,67.39,2026-10-09,4,Call,68.00,-1.22%,0.69,0.7,0.7,12741,6729,1.89,40.32%,33.88%,0.411246,"14:53 ET"
HPE,68.83,2026-10-09,4,Call,69.00,-0.52%,1.62,1.66,1.66,701,370,1.89,60.15%,63.53%,0.47993,"14:53 ET"
ASTS,58.3,2026-10-23,18,Call,65.00,-11.70%,1.5,1.53,1.53,801,423,1.89,77.38%,72.41%,0.281838,"14:53 ET"
PL,17.3,2026-11-20,46,Call,18.00,-3.99%,1.4,1.43,1.45,839,444,1.89,68.97%,68.37%,0.493841,"14:26 ET"
QBTS,15.46,2026-10-09,4,Put,15.00,-2.91%,0.2,0.22,0.21,1059,560,1.89,72.17%,66.90%,-0.289582,"14:51 ET"
LEN,73.91,2026-10-09,4,Put,72.00,-2.61%,0.75,0.92,0.95,568,302,1.88,41.87%,55.65%,-0.300625,"14:52 ET"
INOD,66,2026-10-09,4,Call,80.00,-19.76%,0.1,0.13,0.25,591,314,1.88,91.78%,109.27%,0.056489,"14:45 ET"
C,128.52,2028-01-21,473,Call,220.00,-70.64%,1.6,1.75,1.76,803,426,1.88,31.42%,30.08%,0.092993,"12:32 ET"
MRVL,270.2,2027-03-19,165,Call,390.00,-44.00%,17.4,17.95,17.9,1228,653,1.88,62.61%,66.73%,0.288751,"14:46 ET"
XNCR,25.88,2026-11-20,46,Put,25.00,-3.81%,2.85,4.15,4.1,1673,891,1.88,121.95%,110.54%,-0.384502,"13:42 ET"
MSFT,527.07,2026-10-05,0,Call,520.00,+1.06%,6.75,7.06,7.4,2549,1353,1.88,30.03%,7.28%,0.999816,"14:53 ET"
NKE,33.65,2026-10-09,4,Call,34.50,-2.31%,0.22,0.23,0.25,3282,1745,1.88,36.34%,38.64%,0.283189,"14:49 ET"
JPM,332.55,2026-10-09,4,Call,335.00,-0.52%,1.53,1.65,1.81,3309,1757,1.88,25.82%,19.40%,0.365182,"14:49 ET"
MU,1061.4,2026-10-09,4,Call,"1,100.00",-3.49%,7.7,7.7,7.8,8254,4395,1.88,46.69%,49.29%,0.24516,"14:54 ET"
TLN,335.03,2027-01-15,102,Call,470.00,-40.72%,5.8,6.41,7.1,602,322,1.87,56.41%,52.39%,0.150547,"14:12 ET"
WDC,440.13,2026-10-09,4,Put,420.00,-4.68%,4.6,5.15,5.1,731,391,1.87,66.44%,67.31%,-0.252728,"14:53 ET"
U,45.96,2027-01-15,102,Put,42.00,-8.64%,3.5,3.59,3.65,1033,552,1.87,65.74%,59.88%,-0.317935,"14:19 ET"
INTC,116.72,2026-10-30,25,Put,89.00,-24.09%,0.52,0.53,0.55,1045,558,1.87,62.79%,69.21%,-0.055517,"14:19 ET"
BMNR,26.82,2026-10-09,4,Call,27.00,-0.90%,0.76,0.78,0.78,3942,2108,1.87,71.45%,75.18%,0.486695,"14:53 ET"
TSLA,380.11,2026-10-09,4,Call,405.00,-6.46%,0.75,0.76,0.77,4249,2267,1.87,42.04%,43.52%,0.095142,"14:57 ET"
AAPL,333.13,2026-10-09,4,Call,347.50,-4.40%,0.22,0.22,0.23,10410,5579,1.87,24.97%,25.05%,0.060278,"14:52 ET"
TSLA,380.11,2026-10-09,4,Call,375.00,+1.42%,10,10.05,10.05,14309,7698,1.86,42.04%,41.16%,0.655043,"14:57 ET"
DAL,83.51,2026-10-09,4,Put,85.00,+1.52%,3.05,2.97,3.25,528,284,1.86,41.64%,67.06%,-0.582856,"14:25 ET"
RXRX,4.76,2027-03-19,165,Put,3.50,-27.08%,0.32,0.4,0.47,639,344,1.86,92.22%,85.25%,-0.192509,"10:03 ET"
JD,26.52,2026-10-09,4,Call,27.00,-1.96%,0.14,0.15,0.16,672,362,1.86,34.90%,30.19%,0.29031,"14:51 ET"
MU,1061.4,2026-10-07,2,Call,"1,095.00",-3.02%,3.7,3.75,3.85,680,366,1.86,46.69%,48.23%,0.18549,"14:51 ET"
SPCX,167.86,2026-11-13,39,Call,170.00,-1.74%,10.5,10.6,10.75,716,385,1.86,49.93%,50.63%,0.518385,"14:51 ET"
NFLX,67.39,2026-10-09,4,Call,65.00,+3.25%,2.5,2.6,2.64,1003,538,1.86,40.32%,31.83%,0.867225,"14:52 ET"
UBER,69.57,2026-10-09,4,Call,68.00,+2.31%,2.06,2.11,2.19,1242,669,1.86,38.33%,34.32%,0.770082,"14:41 ET"
AAOI,118,2026-10-09,4,Call,140.00,-17.85%,0.4,0.45,0.55,1349,726,1.86,96.50%,112.26%,0.079373,"14:53 ET"
USAR,13.52,2026-10-09,4,Call,14.00,-3.78%,0.19,0.19,0.21,2033,1092,1.86,75.47%,64.42%,0.340288,"14:56 ET"
GME,25.63,2026-10-23,18,Call,30.00,-17.23%,0.41,0.43,0.45,4082,2197,1.86,53.56%,76.03%,0.194082,"14:53 ET"
APLD,24.39,2026-10-09,4,Call,25.50,-4.42%,0.95,0.97,0.99,800,433,1.85,87.49%,137.47%,0.413427,"14:50 ET"
INTC,116.72,2026-10-09,4,Call,120.00,-2.35%,1.63,1.66,1.65,12862,6948,1.85,62.79%,61.36%,0.340564,"14:53 ET"
AMD,630.45,2026-10-09,4,Put,592.50,-6.14%,1.59,1.66,1.68,649,352,1.84,51.44%,47.82%,-0.105971,"14:53 ET"
ORCL,143.39,2026-10-09,4,Call,162.50,-13.26%,0.14,0.15,0.16,1312,712,1.84,51.28%,65.85%,0.038672,"14:46 ET"
AMD,630.45,2026-10-23,18,Call,640.00,-1.38%,20.75,21.55,21.5,737,402,1.83,51.44%,45.26%,0.463115,"14:46 ET"
NOW,136.03,2026-10-09,4,Put,134.00,-1.44%,2.05,2.1,2.14,757,414,1.83,55.54%,53.62%,-0.381174,"14:49 ET"
C,128.52,2026-10-09,4,Call,129.00,-0.05%,1.4,1.42,1.46,769,420,1.83,31.42%,30.90%,0.460022,"14:53 ET"
ZS,204.07,2026-10-09,4,Call,200.00,+1.84%,8.25,8.99,9.4,931,510,1.83,56.17%,80.03%,0.605596,"14:51 ET"
LQDA,27.4,2027-03-19,165,Call,50.00,-81.36%,2.3,2.56,2.7,1002,547,1.83,125.06%,99.48%,0.295096,"12:05 ET"
SHOP,159.47,2027-01-15,102,Call,160.00,-0.36%,19.05,19.25,19.45,2874,1573,1.83,59.98%,55.45%,0.570588,"14:56 ET"
APLD,24.39,2026-10-09,4,Call,24.50,-0.33%,1.35,1.35,1.39,3375,1843,1.83,87.49%,136.36%,0.52337,"14:52 ET"
COIN,186.4,2026-10-09,4,Call,190.00,-1.83%,3.6,3.65,3.7,4291,2343,1.83,63.27%,63.87%,0.417661,"14:53 ET"
SNOW,341.2,2026-10-09,4,Put,340.00,-0.26%,6.65,6.75,6.95,521,286,1.82,46.29%,50.80%,-0.470857,"14:55 ET"
APP,283.91,2026-10-09,4,Call,290.00,-2.25%,4.6,5.1,5.3,834,459,1.82,69.28%,61.60%,0.395108,"14:45 ET"
AMD,630.45,2026-10-07,2,Call,640.00,-1.38%,4.35,4.35,4.5,1470,809,1.82,51.44%,45.75%,0.323714,"14:53 ET"
BE,287.14,2026-10-09,4,Put,295.00,+2.59%,13.25,13.7,13.5,537,296,1.81,76.65%,73.16%,-0.624025,"14:39 ET"
NVDA,238.81,2026-11-13,39,Call,255.00,-6.88%,3.5,3.55,3.65,564,311,1.81,33.56%,28.56%,0.273233,"14:53 ET"
NVDA,238.81,2026-10-12,7,Put,240.00,+0.59%,3.9,3.98,3.95,771,427,1.81,33.56%,26.65%,-0.528272,"14:52 ET"
STX,888,2026-10-09,4,Call,900.00,-1.15%,19.5,18.62,21.1,831,459,1.81,65.70%,69.44%,0.440298,"14:52 ET"
AMD,630.45,2026-10-09,4,Call,630.00,+0.20%,12.05,12.24,12.4,2248,1243,1.81,51.44%,46.61%,0.508933,"14:53 ET"
TSM,486.89,2027-01-15,102,Call,530.00,-8.78%,20.7,21.07,21.45,4260,2354,1.81,33.42%,35.04%,0.373742,"14:54 ET"
CHTR,107.31,2026-10-09,4,Put,105.00,-1.57%,1.35,1.63,2,542,301,1.8,68.57%,61.25%,-0.349244,"13:12 ET"
QCOM,180.88,2026-10-09,4,Put,165.00,-8.94%,0.12,0.2,0.23,549,305,1.8,50.21%,52.02%,-0.042687,"14:50 ET"
UNH,374.53,2026-10-09,4,Put,340.00,-9.28%,0.21,0.22,0.31,749,415,1.8,41.48%,51.85%,-0.032005,"14:32 ET"
AAOI,118,2026-10-16,11,Call,150.00,-26.26%,0.75,0.85,0.95,1043,580,1.8,96.50%,99.48%,0.095454,"14:50 ET"
ORCL,143.39,2026-10-16,11,Call,146.00,-1.76%,3.75,3.75,3.85,1133,628,1.8,51.28%,49.00%,0.43922,"14:47 ET"
WDC,440.13,2026-10-09,4,Call,460.00,-4.40%,5.55,5.5,5.7,1314,731,1.8,66.44%,72.45%,0.282614,"14:55 ET"
OKLO,36.32,2026-10-09,4,Call,39.00,-7.62%,0.3,0.28,0.33,1422,789,1.8,71.80%,75.31%,0.203145,"14:47 ET"
TSLA,380.11,2026-10-09,4,Call,392.50,-3.18%,2.54,2.48,2.57,2670,1483,1.8,42.04%,41.93%,0.258855,"14:56 ET"
ORCL,143.39,2026-10-09,4,Put,140.00,-2.42%,1.78,1.79,1.83,3339,1855,1.8,51.28%,55.26%,-0.323154,"14:52 ET"
TSLA,380.11,2026-10-16,11,Call,380.00,+0.11%,11.25,11.3,11.35,21496,11917,1.8,42.04%,40.14%,0.535388,"14:57 ET"
INTC,116.72,2026-10-07,2,Call,124.00,-5.76%,0.24,0.26,0.27,542,303,1.79,62.79%,63.60%,0.100016,"14:49 ET"
SBET,9.5,2026-10-09,4,Call,9.50,+0.21%,0.29,0.28,0.34,674,376,1.79,76.00%,74.95%,0.533812,"13:23 ET"
MRNA,205.07,2026-10-09,4,Call,232.50,-13.12%,1.32,1.42,1.55,978,545,1.79,93.32%,101.56%,0.135795,"14:50 ET"
NVDA,238.81,2026-10-12,7,Put,227.50,-4.65%,0.57,0.57,0.58,1017,569,1.79,33.56%,30.69%,-0.114177,"14:53 ET"
SKHY,194.93,2026-10-16,11,Call,225.00,-15.57%,0.48,0.58,0.75,1282,716,1.79,51.82%,56.82%,0.074613,"14:56 ET"
MSTR,163.82,2026-10-16,11,Put,162.50,-0.54%,6.1,6.2,6.15,1113,625,1.78,64.47%,61.82%,-0.438311,"14:53 ET"
MSFT,527.07,2026-10-09,4,Put,512.50,-2.48%,1.29,1.31,1.33,1775,997,1.78,30.03%,27.70%,-0.160615,"14:53 ET"
INTC,116.72,2026-10-09,4,Put,117.00,-0.21%,3,3.05,3.1,1809,1015,1.78,62.79%,58.67%,-0.50857,"14:53 ET"
CRWV,87.27,2026-10-09,4,Put,84.00,-3.96%,1.18,1.17,1.22,2232,1256,1.78,74.38%,70.60%,-0.286566,"14:53 ET"
SPCX,167.86,2026-10-30,25,Call,200.00,-19.70%,1.14,1.1,1.16,3069,1726,1.78,49.93%,50.74%,0.112124,"14:54 ET"
INTC,116.72,2026-10-07,2,Call,118.00,-0.64%,1.41,1.47,1.47,4719,2645,1.78,62.79%,59.48%,0.402546,"14:53 ET"
V,369.02,2026-10-09,4,Call,367.50,+0.38%,4.35,4.47,4.65,572,324,1.77,22.69%,22.36%,0.593871,"14:55 ET"
AVGO,363.05,2026-10-07,2,Call,357.50,+1.44%,7.35,7.45,7.55,665,376,1.77,36.74%,40.58%,0.692156,"14:53 ET"
MARA,10.94,2026-10-09,4,Call,10.50,+4.11%,0.66,0.66,0.67,1506,853,1.77,80.49%,83.42%,0.712431,"14:53 ET"
APLD,24.39,2026-10-09,4,Put,22.00,-9.91%,0.41,0.43,0.43,1693,955,1.77,87.49%,133.58%,-0.204307,"14:52 ET"
GOOGL,347.34,2026-10-07,2,Call,355.00,-2.37%,0.72,0.74,0.75,1886,1068,1.77,32.81%,30.24%,0.176799,"14:54 ET"
NVDA,238.81,2027-09-17,347,Put,235.00,-1.50%,27.7,27.9,28,2609,1474,1.77,33.56%,36.72%,-0.384707,"14:51 ET"
LEN,73.91,2026-10-16,11,Call,85.00,-14.97%,0.1,0.15,0.15,3243,1828,1.77,41.87%,47.04%,0.050794,"14:47 ET"
AAOI,118,2026-10-09,4,Call,120.00,-1.01%,3.8,3.86,4,3950,2237,1.77,96.50%,99.07%,0.450121,"14:53 ET"
PLTR,189.39,2026-10-09,4,Put,187.50,-0.95%,2.51,2.51,2.54,4105,2325,1.77,52.25%,45.56%,-0.386839,"14:53 ET"
SPCX,167.86,2026-10-16,11,Put,160.00,-4.24%,2.14,2.2,2.17,5663,3197,1.77,49.93%,47.06%,-0.251699,"14:56 ET"
IONQ,42.96,2026-10-09,4,Call,44.50,-4.02%,0.85,0.86,0.89,574,326,1.76,72.03%,76.13%,0.379043,"14:53 ET"
DOW,28.44,2026-10-09,4,Call,29.00,-1.75%,0.24,0.24,0.3,585,333,1.76,41.70%,42.02%,0.334412,"14:52 ET"
RIOT,19.08,2026-10-09,4,Call,19.50,-2.09%,0.47,0.5,0.5,1200,681,1.76,77.49%,77.87%,0.43761,"14:57 ET"
BMNR,26.82,2026-10-09,4,Call,30.00,-12.11%,0.1,0.11,0.11,5734,3260,1.76,71.45%,80.57%,0.101163,"14:53 ET"
LW,44.47,2026-10-16,11,Call,47.50,-5.63%,0.95,1.1,1.25,638,364,1.75,50.36%,75.67%,0.314204,"14:52 ET"
AMD,630.45,2026-10-07,2,Put,605.00,-4.16%,1.25,1.29,1.29,657,376,1.75,51.44%,46.44%,-0.117918,"14:53 ET"
AAPL,333.13,2026-10-12,7,Call,340.00,-2.15%,1.48,1.4,1.53,962,551,1.75,24.97%,20.92%,0.26121,"14:49 ET"
ASTS,58.3,2027-12-17,438,Put,40.00,-31.26%,7.9,7.85,8.1,1017,580,1.75,77.38%,80.00%,-0.180321,"14:23 ET"
AMD,630.45,2026-10-09,4,Call,680.00,-7.72%,1.02,1.04,1.08,1366,782,1.75,51.44%,49.50%,0.07355,"14:53 ET"
BABA,111.13,2026-10-09,4,Put,106.00,-4.31%,0.36,0.36,0.39,1622,929,1.75,42.18%,43.52%,-0.141883,"14:52 ET"
AAOI,118,2026-10-16,11,Call,130.00,-9.43%,3.1,3.3,3.5,1790,1024,1.75,96.50%,92.52%,0.298779,"14:52 ET"
CVS,86.93,2026-10-30,25,Call,90.00,-3.16%,1.49,1.65,1.75,510,293,1.74,36.36%,30.85%,0.355473,"14:44 ET"
DAL,83.51,2026-10-16,11,Put,76.00,-9.23%,0.41,0.44,0.53,515,296,1.74,41.64%,49.81%,-0.125957,"14:17 ET"
META,742.67,2026-10-07,2,Put,727.50,-2.05%,2.44,2.39,2.49,700,402,1.74,39.75%,36.08%,-0.215267,"14:52 ET"
AMZN,253.79,2027-01-15,102,Call,375.00,-47.98%,0.37,0.38,0.4,1503,864,1.74,35.30%,34.52%,0.023548,"14:01 ET"
ASTS,58.3,2026-10-09,4,Call,64.00,-9.98%,0.35,0.37,0.4,1740,999,1.74,77.38%,81.47%,0.150782,"14:47 ET"
SLN,10.28,2026-10-16,11,Call,12.50,-21.48%,0,0.17,0.45,2099,1208,1.74,116.98%,118.92%,0.206241,"10:47 ET"
TSM,486.89,2026-10-09,4,Call,490.00,-0.57%,4.8,4.87,4.9,4799,2758,1.74,33.42%,31.77%,0.41965,"14:57 ET"
WULF,14.56,2026-10-30,25,Call,19.00,-30.40%,0.16,0.17,0.18,5709,3277,1.74,81.19%,81.93%,0.120132,"12:41 ET"
PLTR,189.39,2026-10-16,11,Put,187.50,-0.95%,4.35,4.4,4.45,604,349,1.73,52.25%,42.59%,-0.414812,"14:53 ET"
GMAB,36.66,2026-12-18,74,Put,35.00,-2.56%,1.65,3.6,2.75,697,404,1.73,79.12%,58.26%,-0.297827,"10:54 ET"
DJT,8.77,2026-10-09,4,Call,9.00,-2.62%,0.13,0.13,0.15,777,448,1.73,61.14%,63.12%,0.365515,"14:52 ET"
INTC,116.72,2026-10-16,11,Call,117.00,+0.21%,4.5,4.6,4.65,879,507,1.73,62.79%,58.39%,0.510439,"14:48 ET"
MRNA,205.07,2026-10-09,4,Put,180.00,-12.42%,0.77,0.85,0.85,1309,757,1.73,93.32%,95.40%,-0.082953,"14:52 ET"
APLD,24.39,2026-10-09,4,Call,25.00,-2.38%,1.13,1.13,1.18,2692,1558,1.73,87.49%,136.77%,0.467218,"14:53 ET"
TSLA,380.11,2026-10-09,4,Call,360.00,+5.37%,21.45,21.53,22.1,4137,2398,1.73,42.04%,40.33%,0.91516,"14:54 ET"
NBIS,230.98,2026-10-16,11,Call,310.00,-33.81%,0.37,0.4,0.4,5008,2892,1.73,77.58%,86.47%,0.03015,"14:34 ET"
NKE,33.65,2027-01-15,102,Call,37.50,-11.21%,1.46,1.46,1.5,5246,3036,1.73,36.34%,40.70%,0.34181,"14:53 ET"
AMZN,253.79,2026-10-09,4,Call,265.00,-4.57%,0.4,0.42,0.42,9475,5488,1.73,35.30%,32.05%,0.102577,"14:53 ET"
NVDA,238.81,2026-10-12,7,Call,225.00,+5.70%,14.4,14.25,14.7,539,313,1.72,33.56%,30.37%,0.93061,"14:36 ET"
FIG,21.75,2026-10-09,4,Call,21.50,+0.92%,0.73,0.72,0.8,752,436,1.72,75.38%,68.47%,0.58423,"14:41 ET"
UPS,93.21,2027-03-19,165,Put,90.00,-3.52%,6.15,6.2,6.5,1155,672,1.72,33.69%,31.10%,-0.39614,"13:25 ET"
META,742.67,2026-10-16,11,Put,735.00,-1.04%,13.5,13.65,13.65,1238,719,1.72,39.75%,34.04%,-0.41365,"14:33 ET"
CCL,25.64,2026-10-09,4,Put,25.00,-2.57%,0.17,0.21,0.22,1545,899,1.72,38.18%,42.99%,-0.269678,"14:49 ET"
IREN,40.24,2026-10-09,4,Call,40.00,+0.77%,1.31,1.32,1.37,2283,1330,1.72,76.79%,71.42%,0.55162,"14:44 ET"
NVDA,238.81,2026-10-30,25,Put,235.00,-1.50%,5.2,5.29,5.3,2311,1344,1.72,33.56%,29.59%,-0.387261,"14:52 ET"
META,742.67,2026-10-09,4,Call,740.00,+0.37%,12.9,13.11,13.05,3593,2091,1.72,39.75%,37.10%,0.547436,"14:47 ET"
WDC,440.13,2026-10-09,4,Call,465.00,-5.54%,4.1,4.25,4.75,657,384,1.71,66.44%,72.28%,0.235908,"14:38 ET"
LQDA,27.4,2026-10-09,4,Call,27.00,+2.07%,1.7,1.8,2.1,894,522,1.71,125.06%,150.40%,0.566208,"14:28 ET"
TSLA,380.11,2026-10-12,7,Call,400.00,-5.15%,1.74,1.75,1.81,1490,872,1.71,42.04%,36.25%,0.176073,"14:57 ET"
GMAB,36.66,2026-11-20,46,Put,30.00,-16.48%,0,0.54,5,2501,1460,1.71,79.12%,122.57%,-0.209721,"14:25 ET"
HOOD,113.42,2026-10-09,4,Put,108.00,-4.77%,0.73,0.74,0.75,2567,1500,1.71,59.95%,56.45%,-0.193988,"14:48 ET"
WULF,14.56,2026-10-09,4,Call,15.00,-2.95%,0.34,0.34,0.35,3631,2118,1.71,81.19%,83.21%,0.399435,"14:57 ET"
VALE,14.28,2027-03-19,165,Put,15.00,+5.19%,1.67,1.94,1.82,4000,2346,1.71,34.57%,36.99%,-0.515618,"12:55 ET"
HIMS,29.9,2026-10-09,4,Put,29.00,-2.88%,0.48,0.48,0.5,783,460,1.7,77.09%,70.84%,-0.324829,"14:52 ET"
BIDU,87.15,2026-10-16,11,Call,87.00,-0.01%,2.15,2.37,2.51,842,494,1.7,40.97%,35.83%,0.536811,"14:03 ET"
PLTR,189.39,2026-10-16,11,Call,187.50,+0.95%,6.9,6.95,7.05,855,504,1.7,52.25%,43.07%,0.5857,"14:53 ET"
MU,1061.4,2026-10-07,2,Put,"1,050.00",-1.21%,9.8,10.05,10.05,1437,847,1.7,46.69%,46.00%,-0.385188,"14:51 ET"
AMD,630.45,2026-10-09,4,Put,590.00,-6.54%,1.39,1.45,1.47,2048,1206,1.7,51.44%,48.41%,-0.093869,"14:53 ET"
WMT,104.89,2026-10-09,4,Call,104.00,+0.86%,1.49,1.54,1.55,2584,1518,1.7,28.15%,25.09%,0.615424,"14:54 ET"
AG,17.58,2026-10-09,4,Call,18.50,-5.35%,0.1,0.1,0.12,519,308,1.69,56.38%,54.76%,0.20054,"14:21 ET"
HL,17.24,2026-10-09,4,Call,18.00,-4.41%,0.12,0.14,0.15,624,369,1.69,56.04%,54.18%,0.240537,"14:43 ET"
META,742.67,2026-10-09,4,Call,820.00,-10.40%,0.25,0.27,0.29,878,520,1.69,39.75%,45.80%,0.020861,"14:47 ET"
TSLA,380.11,2026-10-05,0,Call,362.50,+4.71%,18.1,18.27,18.5,1241,733,1.69,42.04%,0.00%,0,"14:57 ET"
VST,144.71,2026-10-09,4,Call,144.00,+0.10%,3.6,3.45,3.8,1689,1001,1.69,48.06%,49.28%,0.581941,"14:49 ET"
NBIS,230.98,2026-10-09,4,Put,225.00,-2.88%,4.3,4.4,4.45,2694,1593,1.69,77.58%,73.29%,-0.351148,"14:53 ET"
HIMS,29.9,2026-10-09,4,Call,32.50,-8.84%,0.17,0.18,0.19,3834,2262,1.69,77.09%,74.63%,0.153182,"14:52 ET"
AMZN,253.79,2026-10-09,4,Put,250.00,-1.35%,1.56,1.58,1.6,5109,3018,1.69,35.30%,29.71%,-0.307712,"14:52 ET"
CYTK,62.9,2026-10-16,11,Put,60.00,-4.63%,0.65,0.92,1.2,536,320,1.68,53.23%,48.84%,-0.271147,"14:33 ET"
COHR,332.68,2026-10-09,4,Put,310.00,-7.17%,2.05,2.4,2.65,592,353,1.68,73.13%,72.45%,-0.168771,"14:48 ET"
GME,25.63,2026-11-06,32,Call,30.00,-17.23%,0.71,0.71,0.77,1706,1015,1.68,53.56%,70.88%,0.25402,"14:51 ET"
NUAI,5.86,2026-10-09,4,Call,6.50,-10.92%,0.05,0.1,0.1,1713,1022,1.68,110.28%,112.46%,0.204597,"13:59 ET"
NBIS,230.98,2026-10-09,4,Call,235.00,-1.43%,5.45,5.55,5.65,1714,1021,1.68,77.58%,75.74%,0.430401,"14:54 ET"
MU,1061.4,2026-10-09,4,Put,"1,000.00",-5.92%,3.3,3.35,3.5,4191,2494,1.68,46.69%,49.17%,-0.123159,"14:53 ET"
FSLR,174.68,2026-10-09,4,Call,190.00,-8.97%,0.15,0.22,0.25,582,348,1.67,55.61%,48.66%,0.054079,"14:20 ET"
ZS,204.07,2026-10-09,4,Put,200.00,-1.84%,4.65,5.05,5.15,953,570,1.67,56.17%,78.71%,-0.39352,"14:57 ET"
MARA,10.94,2026-10-16,11,Put,9.50,-13.24%,0.09,0.1,0.1,1147,685,1.67,80.49%,76.96%,-0.123335,"13:18 ET"
MSTR,163.82,2026-10-09,4,Put,165.00,+0.99%,5.05,5.1,5.15,2463,1476,1.67,64.47%,68.16%,-0.513609,"14:53 ET"
CMG,30.84,2026-10-16,11,Call,32.00,-4.10%,0.55,0.6,0.62,4973,2978,1.67,46.88%,47.44%,0.355176,"14:39 ET"
GS,896.13,2026-10-09,4,Put,880.00,-1.90%,4.2,4.53,5,834,503,1.66,34.25%,29.59%,-0.267393,"14:52 ET"
MCHP,81.51,2027-09-17,347,Put,50.00,-38.83%,2.85,2.95,3,1003,603,1.66,53.32%,54.34%,-0.109767,"10:47 ET"
MU,1061.4,2026-12-18,74,Put,680.00,-36.02%,3.25,3.41,3.8,1030,622,1.66,46.69%,57.30%,-0.030262,"14:49 ET"
MRNA,205.07,2026-10-09,4,Put,190.00,-7.56%,2.18,2.3,2.51,1101,665,1.66,93.32%,94.56%,-0.197494,"14:52 ET"
GMAB,36.66,2027-01-15,102,Put,30.00,-16.48%,0.15,1.5,1.5,2587,1559,1.66,79.12%,51.74%,-0.1363,"14:52 ET"
CORZ,16.4,2027-01-15,102,Call,23.00,-41.28%,0.57,0.79,0.88,20000,12039,1.66,74.45%,69.32%,0.24165,"14:40 ET"
AGNC,8.69,2026-11-20,46,Put,8.00,-7.94%,0.13,0.14,0.15,10384,6291,1.65,30.13%,32.98%,-0.22439,"14:54 ET"
MRVL,270.2,2026-10-09,4,Call,267.50,+1.23%,11.05,11.15,11.4,566,342,1.65,62.61%,89.49%,0.555006,"14:53 ET"
LITE,1089.07,2026-10-09,4,Call,"1,200.00",-9.71%,4.1,4.22,4.3,734,445,1.65,73.90%,73.90%,0.107366,"14:53 ET"
IREN,40.24,2026-10-30,25,Call,42.00,-4.19%,2.2,2.25,2.27,790,478,1.65,76.79%,69.56%,0.449555,"14:42 ET"
IONQ,42.96,2026-10-09,4,Put,40.00,-6.50%,0.23,0.28,0.28,1068,646,1.65,72.03%,73.58%,-0.144066,"14:50 ET"
RZLV,2.23,2027-05-21,228,Put,2.00,-9.50%,0.45,0.47,0.5,1257,764,1.65,80.65%,94.27%,-0.290252,"14:45 ET"
INTC,116.72,2026-10-09,4,Put,116.00,-1.07%,2.5,2.53,2.57,1711,1040,1.65,62.79%,58.47%,-0.452786,"14:51 ET"
GOOGL,347.34,2026-10-09,4,Call,362.50,-4.54%,0.59,0.61,0.62,3226,1958,1.65,32.81%,31.97%,0.109345,"14:53 ET"
NFLX,67.39,2027-09-17,347,Put,60.00,-10.69%,5.4,5.45,5.5,4324,2613,1.65,40.32%,38.98%,-0.283017,"14:45 ET"
TSLA,380.11,2026-10-16,11,Put,382.50,+0.55%,11.1,11.2,11.25,523,318,1.64,42.04%,40.13%,-0.503663,"14:57 ET"
JD,26.52,2027-06-17,255,Call,42.00,-58.61%,0.37,0.45,0.51,534,325,1.64,34.90%,44.74%,0.106725,"10:43 ET"
NVDA,238.81,2026-11-13,39,Put,235.00,-1.50%,6.85,7,7.1,536,326,1.64,33.56%,29.85%,-0.398717,"14:53 ET"
LITE,1089.07,2026-10-09,4,Put,990.00,-9.49%,4,3.7,4.5,576,351,1.64,73.90%,73.01%,-0.103837,"14:43 ET"
DASH,191.55,2027-09-17,347,Call,250.00,-30.73%,19.5,21.05,22.2,630,385,1.64,52.70%,48.76%,0.408205,"10:45 ET"
COIN,186.4,2026-11-06,32,Put,110.00,-41.05%,0.08,0.15,0.19,853,520,1.64,63.27%,79.43%,-0.008545,"12:49 ET"
NVDA,238.81,2026-10-16,11,Put,197.50,-17.22%,0.17,0.17,0.18,1429,873,1.64,33.56%,55.22%,-0.020104,"14:39 ET"
XNCR,25.88,2026-11-20,46,Call,30.00,-15.43%,2.25,2.98,3.8,1539,938,1.64,121.95%,121.52%,0.45399,"13:42 ET"
INTC,116.72,2026-10-16,11,Call,118.00,-0.64%,4.05,4.13,4.2,724,444,1.63,62.79%,58.42%,0.476994,"14:49 ET"
RIOT,19.08,2026-10-09,4,Call,19.00,+0.52%,0.71,0.7,0.74,1004,615,1.63,77.49%,78.62%,0.56392,"14:56 ET"
BNS,90.72,2026-11-20,46,Call,80.00,+11.84%,9.4,10.9,12.6,1040,640,1.63,20.18%,24.11%,0.933441,"13:59 ET"
BE,287.14,2026-10-09,4,Put,270.00,-6.10%,2.43,2.45,2.49,1327,815,1.63,76.65%,72.12%,-0.196996,"14:46 ET"
LULU,92.07,2026-10-09,4,Put,92.00,-0.27%,1.55,1.63,1.73,509,314,1.62,41.82%,44.28%,-0.479394,"14:48 ET"
STX,888,2026-10-09,4,Call,930.00,-4.52%,10.3,10.4,10.8,530,328,1.62,65.70%,69.71%,0.274659,"14:49 ET"
NFLX,67.39,2028-01-21,473,Put,56.00,-16.64%,4.9,5.03,5.2,1001,617,1.62,40.32%,39.35%,-0.231684,"12:10 ET"
TSLA,380.11,2026-10-12,7,Call,377.50,+0.76%,9.1,9.3,9.4,1183,732,1.62,42.04%,34.43%,0.591822,"14:57 ET"
MRNA,205.07,2026-10-09,4,Call,190.00,+7.56%,16.6,18.15,18.2,1259,775,1.62,93.32%,83.67%,0.828857,"14:50 ET"
BE,287.14,2026-10-09,4,Put,245.00,-14.80%,0.25,0.27,0.32,1800,1111,1.62,76.65%,81.88%,-0.029119,"14:47 ET"
ECHO,98.95,2027-01-15,102,Put,85.00,-13.83%,2.8,2.95,3,2155,1332,1.62,45.81%,42.94%,-0.205935,"14:51 ET"
DKNG,19.66,2027-09-17,347,Call,27.50,-39.45%,2.61,2.9,3,2575,1591,1.62,68.85%,63.12%,0.432547,"13:51 ET"
NBIS,230.98,2026-10-30,25,Call,290.00,-25.17%,3.3,3.35,3.45,3911,2418,1.62,77.58%,76.52%,0.152914,"14:52 ET"
BA,193.19,2026-10-16,11,Call,200.00,-3.30%,1.83,1.83,1.88,5460,3366,1.62,35.08%,32.52%,0.281767,"14:53 ET"
MU,1061.4,2026-10-16,11,Call,"1,065.00",-0.20%,31,33,31.9,655,406,1.61,46.69%,45.51%,0.496303,"14:35 ET"
AVGO,363.05,2026-10-09,4,Call,367.50,-1.31%,3.9,4,4.15,1150,714,1.61,36.74%,39.86%,0.387561,"14:53 ET"
MU,1061.4,2026-10-07,2,Put,"1,000.00",-5.92%,0.99,1.03,1.03,1172,729,1.61,46.69%,50.70%,-0.058377,"14:51 ET"
OKTA,219.45,2027-06-17,255,Call,200.00,+8.70%,59.5,60.5,61.25,1248,775,1.61,55.96%,68.82%,0.691316,"14:19 ET"
PDD,77.98,2026-10-09,4,Call,79.00,-1.53%,0.61,0.7,0.71,1271,789,1.61,34.51%,32.43%,0.369045,"14:52 ET"
CRWV,87.27,2026-10-09,4,Call,104.00,-18.91%,0.08,0.1,0.09,1488,922,1.61,74.38%,85.91%,0.028953,"14:16 ET"
TSM,486.89,2027-06-17,255,Call,400.00,+17.90%,116.55,116.6,118.45,1863,1159,1.61,33.42%,39.82%,0.79237,"13:25 ET"
ASTS,58.3,2026-10-09,4,Call,60.00,-3.11%,1.2,1.22,1.24,3039,1890,1.61,77.38%,77.66%,0.384371,"14:53 ET"
VST,144.71,2026-10-09,4,Call,145.00,-0.60%,3.05,3.18,3.3,8598,5326,1.61,48.06%,49.44%,0.528948,"14:57 ET"
NVDA,238.81,2026-10-09,4,Call,250.00,-4.78%,0.3,0.32,0.31,38695,24044,1.61,33.56%,30.75%,0.087122,"14:53 ET"
CELH,27.64,2026-10-09,4,Call,28.00,-1.27%,0.42,0.43,0.49,570,356,1.6,60.93%,51.69%,0.426933,"14:44 ET"
AXGN,37.38,2026-10-16,11,Call,50.00,-33.58%,0,0.25,0.2,515,323,1.59,95.61%,94.10%,0.04263,"14:04 ET"
AMD,630.45,2026-10-09,4,Put,610.00,-3.37%,4.3,4.3,4.5,932,585,1.59,51.44%,45.49%,-0.24252,"14:49 ET"
OKTA,219.45,2027-06-17,255,Put,200.00,-8.70%,33.95,35.6,36.65,1246,782,1.59,55.96%,68.21%,-0.314638,"14:33 ET"
RKLB,72.41,2026-10-09,4,Call,72.00,+0.48%,2.35,2.35,2.48,1886,1189,1.59,72.67%,69.95%,0.558386,"14:47 ET"
AMZN,253.79,2026-10-09,4,Call,240.00,+5.30%,13.85,14.21,14.75,1930,1214,1.59,35.30%,41.02%,0.907598,"14:53 ET"
SPCX,167.86,2026-10-30,25,Call,165.00,+1.25%,9.95,10.1,10.1,2899,1819,1.59,49.93%,46.33%,0.596254,"14:56 ET"
TSLA,380.11,2026-10-09,4,Put,355.00,-6.68%,0.5,0.51,0.51,3742,2350,1.59,42.04%,45.13%,-0.063353,"14:57 ET"
TSLA,380.11,2026-10-09,4,Call,365.00,+4.05%,17.55,17.25,17.65,3849,2427,1.59,42.04%,42.55%,0.839932,"14:47 ET"
GFL,42.23,2026-11-20,46,Put,40.00,-5.24%,2.45,2.8,3,4815,3024,1.59,75.46%,65.47%,-0.358115,"13:27 ET"
NVDA,238.81,2026-10-09,4,Put,247.50,+3.73%,8.85,9,8.95,532,337,1.58,33.56%,30.46%,-0.857567,"14:53 ET"
AMD,630.45,2027-01-15,102,Put,630.00,-0.20%,61.25,61.39,62.15,567,359,1.58,51.44%,49.01%,-0.436852,"14:41 ET"
CRDO,208.94,2026-10-09,4,Put,195.00,-7.18%,1.85,1.95,2,687,435,1.58,73.00%,78.20%,-0.195577,"14:53 ET"
TSM,486.89,2027-03-19,165,Call,540.00,-10.83%,29.85,30.69,30.6,1294,820,1.58,33.42%,36.55%,0.403927,"14:37 ET"
NBIS,230.98,2026-10-09,4,Call,240.00,-3.59%,3.8,3.87,3.95,3948,2500,1.58,77.58%,76.56%,0.331653,"14:54 ET"
DELL,552.03,2026-10-09,4,Put,540.00,-2.13%,7.4,7.35,7.65,532,339,1.57,56.78%,55.45%,-0.341513,"14:45 ET"
GME,25.63,2026-10-30,25,Put,23.00,-10.12%,0.35,0.36,0.4,760,484,1.57,53.56%,49.99%,-0.190637,"14:36 ET"
SPCX,167.86,2026-11-06,32,Call,180.00,-7.73%,5.6,5.49,5.7,888,566,1.57,49.93%,50.06%,0.360314,"14:51 ET"
DELL,552.03,2026-10-09,4,Call,560.00,-1.50%,9.2,9.27,9.45,919,587,1.57,56.78%,55.64%,0.41429,"14:48 ET"
WFC,81.59,2026-10-09,4,Call,82.00,-0.24%,0.74,0.79,0.81,978,624,1.57,30.35%,27.73%,0.444225,"14:55 ET"
CRWV,87.27,2026-10-09,4,Call,88.00,-0.62%,2.25,2.27,2.28,1397,887,1.57,74.38%,70.59%,0.473938,"14:53 ET"
IREN,40.24,2026-10-09,4,Put,39.50,-2.01%,0.82,0.82,0.84,1507,962,1.57,76.79%,70.71%,-0.382324,"14:53 ET"
AMZN,253.79,2026-10-09,4,Call,242.50,+4.31%,11.6,11.7,12.15,1750,1112,1.57,35.30%,36.78%,0.885908,"14:40 ET"
DKNG,19.66,2026-10-09,4,Call,20.50,-3.96%,0.26,0.28,0.31,2646,1681,1.57,68.85%,72.51%,0.309373,"14:47 ET"
SHOP,159.47,2027-01-15,102,Call,185.00,-16.05%,10.1,10.15,10.65,2883,1831,1.57,59.98%,55.32%,0.374899,"14:47 ET"
ONDS,7.41,2026-10-09,4,Call,7.50,-1.08%,0.17,0.17,0.19,7620,4863,1.57,73.95%,66.44%,0.470263,"14:53 ET"
MRVL,270.2,2026-10-23,18,Call,335.00,-23.69%,1.53,1.63,1.73,501,321,1.56,62.61%,68.56%,0.090789,"14:30 ET"
ORCL,143.39,2026-10-09,4,Put,133.00,-7.30%,0.34,0.35,0.36,991,635,1.56,51.28%,55.22%,-0.08904,"14:34 ET"
SPCX,167.86,2026-10-23,18,Put,150.00,-10.23%,1.15,1.22,1.18,1358,873,1.56,49.93%,47.88%,-0.125166,"14:53 ET"
SKHY,194.93,2026-10-09,4,Put,190.00,-2.41%,2.33,2.37,2.47,1433,920,1.56,51.82%,51.38%,-0.337033,"14:57 ET"
CLF,12.51,2026-10-09,4,Call,13.00,-3.83%,0.17,0.18,0.19,1996,1283,1.56,67.38%,71.31%,0.311784,"14:53 ET"
TSLA,380.11,2026-10-09,4,Call,377.50,+0.76%,8.45,8.5,8.55,9181,5876,1.56,42.04%,41.15%,0.596691,"14:57 ET"
SNDK,1700.55,2026-10-09,4,Call,"1,760.00",-3.09%,18.5,19.9,19.9,508,327,1.55,61.96%,62.67%,0.286514,"14:57 ET"
NUE,253.52,2026-10-16,11,Put,240.00,-5.32%,1.6,1.7,2.05,1061,685,1.55,39.52%,38.36%,-0.190188,"14:46 ET"
GME,25.63,2026-10-09,4,Call,29.00,-13.33%,0.1,0.1,0.11,1404,906,1.55,53.56%,88.92%,0.097198,"14:46 ET"
TSM,486.89,2026-10-09,4,Call,485.00,+0.46%,7.15,7.1,7.35,1599,1030,1.55,33.42%,32.09%,0.541776,"14:57 ET"
TSLA,380.11,2027-09-17,347,Put,310.00,-18.51%,27,27.32,27.6,1228,795,1.54,42.04%,45.54%,-0.224237,"14:48 ET"
XNCR,25.88,2026-11-20,46,Call,25.00,+3.81%,3.9,4.72,5.8,1539,998,1.54,121.95%,121.48%,0.620604,"13:42 ET"
PFE,27.45,2026-10-09,4,Call,27.50,-0.40%,0.29,0.29,0.3,1976,1281,1.54,25.83%,26.82%,0.492257,"14:54 ET"
PLTR,189.39,2026-10-09,4,Put,182.50,-3.59%,1.09,1.1,1.1,2737,1776,1.54,52.25%,47.10%,-0.203695,"14:53 ET"
LOW,179.9,2026-10-16,11,Call,192.50,-6.99%,0.55,0.55,0.6,5524,3577,1.54,34.08%,31.78%,0.120281,"14:46 ET"
AAPL,333.13,2026-10-09,4,Call,335.00,-0.65%,2.78,2.8,2.86,14757,9578,1.54,24.97%,25.16%,0.438414,"14:54 ET"
SPCX,167.86,2026-10-09,4,Call,160.00,+4.24%,9.2,9.26,9.35,27668,18082,1.53,49.93%,54.38%,0.821096,"14:58 ET"
DAR,63.47,2026-11-20,46,Call,65.00,-1.99%,3.3,3.6,3.8,501,327,1.53,44.69%,45.85%,0.483897,"14:50 ET"
META,742.67,2026-10-09,4,Put,720.00,-3.06%,3.3,3.35,3.35,1227,800,1.53,39.75%,36.82%,-0.203378,"14:49 ET"
CRWD,272.8,2026-10-09,4,Call,290.00,-6.33%,1.05,1.13,1.14,1447,945,1.53,50.70%,53.75%,0.142907,"14:53 ET"
MRVL,270.2,2026-10-16,11,Put,270.00,-0.31%,12.65,12.6,12.9,1526,997,1.53,62.61%,68.33%,-0.477147,"14:47 ET"
GOOGL,347.34,2026-10-30,25,Call,345.00,+0.51%,14.3,14.55,14.8,1988,1300,1.53,32.81%,35.40%,0.560594,"14:47 ET"
SNDK,1700.55,2026-10-09,4,Call,"1,800.00",-5.43%,11.5,11.6,12,2125,1391,1.53,61.96%,64.89%,0.191342,"14:57 ET"
DKNG,19.66,2026-10-09,4,Put,19.00,-3.65%,0.26,0.27,0.29,2317,1511,1.53,68.85%,68.16%,-0.297988,"14:53 ET"
WULF,14.56,2026-12-18,74,Put,14.00,-3.91%,1.67,1.66,1.7,5038,3283,1.53,81.19%,68.84%,-0.412425,"12:17 ET"
GLW,160.06,2026-10-30,25,Call,180.00,-12.16%,3.9,4.1,4.35,504,331,1.52,58.01%,64.24%,0.271873,"14:44 ET"
SPCX,167.86,2026-10-23,18,Call,225.00,-34.66%,0.14,0.14,0.15,625,410,1.52,49.93%,60.36%,0.018458,"14:34 ET"
NVDA,238.81,2026-11-13,39,Call,235.00,+1.50%,11.9,12.06,12.2,646,425,1.52,33.56%,30.33%,0.603101,"14:53 ET"
INTC,116.72,2026-10-07,2,Call,126.00,-7.46%,0.13,0.14,0.15,798,524,1.52,62.79%,65.74%,0.058577,"14:48 ET"
DELL,552.03,2026-10-09,4,Call,570.00,-3.31%,5.95,6.14,6.15,855,561,1.52,56.78%,56.02%,0.302739,"14:46 ET"
T,24.03,2026-10-09,4,Put,23.50,-2.16%,0.11,0.13,0.14,877,577,1.52,26.94%,34.84%,-0.237685,"14:51 ET"
NVDA,238.81,2026-10-14,9,Call,250.00,-4.78%,0.77,0.84,0.88,1392,913,1.52,33.56%,27.15%,0.157351,"14:53 ET"
TSLA,380.11,2026-10-16,11,Put,367.50,-3.39%,4.85,5.1,4.95,1532,1010,1.52,42.04%,40.15%,-0.285537,"14:47 ET"
SPCX,167.86,2026-12-18,74,Put,170.00,+1.74%,14.95,15.2,15.1,1951,1285,1.52,49.93%,48.76%,-0.464698,"14:50 ET"
NVDA,238.81,2026-10-16,11,Put,237.50,-0.46%,4,3.95,4.05,2991,1966,1.52,33.56%,29.56%,-0.431688,"14:53 ET"
NBIS,230.98,2026-10-09,4,Put,220.00,-5.04%,2.77,2.78,2.82,4554,2993,1.52,77.58%,73.96%,-0.251459,"14:53 ET"
SOUN,5.91,2026-10-09,4,Call,6.00,-1.52%,0.1,0.11,0.11,5286,3488,1.52,62.56%,53.75%,0.437271,"14:53 ET"
SOFI,16.01,2028-12-15,802,Put,5.00,-68.79%,0.32,0.32,0.33,6493,4259,1.52,50.10%,64.30%,-0.036181,"14:34 ET"
RIVN,14.39,2026-10-09,4,Call,14.50,-0.90%,0.32,0.35,0.35,7192,4735,1.52,60.65%,55.67%,0.509865,"14:57 ET"
ONDS,7.41,2026-10-09,4,Put,7.50,+1.08%,0.23,0.25,0.24,9456,6208,1.52,73.95%,65.78%,-0.530854,"14:39 ET"
NOW,136.03,2026-10-09,4,Call,144.00,-5.91%,0.68,0.71,0.71,718,477,1.51,55.54%,55.00%,0.170331,"14:51 ET"
CRWV,87.27,2027-04-16,193,Call,90.00,-2.90%,17.5,18,17.95,1044,691,1.51,74.38%,71.85%,0.597363,"14:27 ET"
TSLA,380.11,2026-10-09,4,Call,410.00,-7.78%,0.46,0.46,0.48,3077,2042,1.51,42.04%,44.64%,0.062021,"14:57 ET"
KGC,23.69,2028-01-21,473,Put,15.00,-36.90%,0.94,0.98,1.06,531,353,1.5,46.25%,48.98%,-0.119195,"12:50 ET"
AVGO,363.05,2026-10-09,4,Call,382.50,-5.45%,0.82,0.89,0.85,604,403,1.5,36.74%,40.89%,0.11276,"14:39 ET"
MU,1061.4,2026-10-09,4,Call,"1,085.00",-2.08%,11.45,12.7,11.7,778,517,1.5,46.69%,48.67%,0.333669,"14:40 ET"
AAOI,118,2026-10-09,4,Put,105.00,-11.62%,0.65,0.71,0.75,998,664,1.5,96.50%,96.02%,-0.115915,"14:50 ET"
RIOT,19.08,2026-10-16,11,Call,19.00,+0.52%,1.05,1.05,1.09,1194,795,1.5,77.49%,73.12%,0.558433,"14:57 ET"
ASTS,58.3,2026-10-09,4,Call,61.00,-4.83%,0.85,0.81,0.95,1313,873,1.5,77.38%,77.51%,0.309065,"14:46 ET"
NBIS,230.98,2026-10-09,4,Call,280.00,-20.86%,0.18,0.21,0.21,1404,933,1.5,77.58%,90.93%,0.024313,"14:42 ET"
SHOP,159.47,2026-10-09,4,Call,160.00,-0.36%,3.5,3.6,3.75,2185,1456,1.5,59.98%,56.83%,0.497727,"14:56 ET"
META,742.67,2026-10-09,4,Call,800.00,-7.71%,0.65,0.68,0.68,4983,3313,1.5,39.75%,42.28%,0.049301,"14:50 ET"
SKHY,194.93,2026-10-09,4,Call,200.00,-2.73%,2,2.05,2.16,6760,4507,1.5,51.82%,53.80%,0.30653,"14:58 ET"
NVDA,238.81,2026-11-06,32,Call,250.00,-4.78%,4.1,4.15,4.2,7315,4862,1.5,33.56%,28.60%,0.327071,"14:53 ET"
NFLX,67.39,2027-09-17,347,Call,110.00,-63.74%,2.16,2.16,2.25,518,348,1.49,40.32%,41.14%,0.179067,"14:30 ET"
ARE,46.68,2027-01-15,102,Put,42.50,-9.03%,2.2,2.25,2.65,536,360,1.49,45.15%,43.75%,-0.307361,"13:32 ET"
COIN,186.4,2026-11-13,39,Put,110.00,-41.05%,0.11,0.22,0.35,719,482,1.49,63.27%,77.58%,-0.012804,"10:26 ET"
UPST,24.29,2026-10-09,4,Call,24.00,+1.03%,0.8,0.8,0.83,749,502,1.49,68.58%,58.77%,0.61782,"14:56 ET"
RGTI,15.06,2026-12-18,74,Call,15.00,+0.40%,2,2.07,2.08,1103,739,1.49,70.43%,71.25%,0.584148,"14:57 ET"
ORCL,143.39,2026-10-09,4,Call,157.50,-9.78%,0.28,0.29,0.31,1119,752,1.49,51.28%,60.22%,0.074658,"14:43 ET"
CRWV,87.27,2026-10-09,4,Call,87.00,+0.53%,2.71,2.74,2.78,1329,892,1.49,74.38%,70.73%,0.53557,"14:50 ET"
TSLA,380.11,2026-10-07,2,Call,365.00,+4.05%,16.2,15.9,16.6,1372,919,1.49,42.04%,39.43%,0.931928,"14:52 ET"
RKLB,72.41,2026-11-20,46,Call,100.00,-38.22%,1.45,1.5,1.58,2452,1651,1.49,72.67%,78.56%,0.160345,"14:36 ET"
TSLA,380.11,2026-10-09,4,Put,362.50,-4.71%,1.07,1.12,1.09,2576,1727,1.49,42.04%,42.55%,-0.125579,"14:56 ET"
PEP,125.42,2026-10-09,4,Call,134.00,-6.83%,0.2,0.23,0.24,563,380,1.48,25.19%,44.57%,0.083694,"14:53 ET"
CRM,230.1,2026-10-09,4,Call,237.50,-3.15%,1.29,1.42,1.44,656,444,1.48,38.44%,41.09%,0.239314,"14:41 ET"
IREN,40.24,2026-10-30,25,Call,40.00,+0.77%,3,3.09,3.15,724,488,1.48,76.79%,69.12%,0.556064,"14:31 ET"
SPCX,167.86,2026-11-06,32,Call,200.00,-19.70%,1.99,2,2.04,758,511,1.48,49.93%,52.70%,0.156895,"14:55 ET"
MRVL,270.2,2026-10-09,4,Put,272.50,+0.62%,11.4,11,11.6,828,560,1.48,62.61%,89.15%,-0.524287,"14:26 ET"
MSFT,527.07,2026-10-30,25,Call,560.00,-6.55%,6.85,7,7.25,932,631,1.48,30.03%,33.20%,0.264532,"14:49 ET"
NIO,3.42,2026-11-06,32,Call,3.50,-2.64%,0.15,0.16,0.16,1200,811,1.48,49.79%,45.86%,0.469445,"14:51 ET"
RGTI,15.06,2026-10-09,4,Call,16.00,-6.24%,0.14,0.16,0.16,2065,1399,1.48,70.43%,70.49%,0.237269,"14:53 ET"
CLF,12.51,2026-10-09,4,Call,11.50,+8.15%,1.02,1.02,1.22,2426,1635,1.48,67.38%,91.71%,0.819658,"14:25 ET"
BMNR,26.82,2026-10-09,4,Call,28.00,-4.63%,0.41,0.41,0.42,6842,4626,1.48,71.45%,76.31%,0.313134,"14:53 ET"
SPCX,167.86,2026-10-09,4,Put,150.00,-10.23%,0.17,0.18,0.18,19713,13294,1.48,49.93%,63.30%,-0.038195,"14:57 ET"
RKLB,72.41,2026-10-16,11,Put,72.00,-0.48%,2.96,3.14,3.15,633,432,1.47,72.67%,67.18%,-0.447494,"14:40 ET"
ASTS,58.3,2026-10-30,25,Call,60.00,-3.11%,3.5,3.64,3.75,696,472,1.47,77.38%,70.16%,0.482377,"14:50 ET"
APP,283.91,2026-10-09,4,Call,310.00,-9.30%,0.75,0.87,0.95,759,518,1.47,69.28%,62.32%,0.099477,"14:51 ET"
INTC,116.72,2026-10-09,4,Put,108.00,-7.89%,0.37,0.38,0.39,1073,732,1.47,62.79%,60.17%,-0.105273,"14:53 ET"
TSLA,380.11,2026-10-16,11,Call,372.50,+2.08%,15.45,15.15,15.6,1129,766,1.47,42.04%,40.14%,0.64614,"14:47 ET"
AXTI,85.14,2026-11-20,46,Call,80.00,+6.65%,15.8,16.48,17,1423,970,1.47,112.09%,116.49%,0.643497,"14:45 ET"
ASST,30.33,2026-10-09,4,Call,32.00,-5.44%,0.3,0.35,0.4,1424,966,1.47,81.36%,75.38%,0.254085,"14:38 ET"
CIFR,15.1,2026-10-09,4,Call,15.00,+0.86%,0.6,0.61,0.65,1826,1238,1.47,90.11%,87.24%,0.560436,"14:49 ET"
ORCL,143.39,2026-10-09,4,Call,147.00,-2.46%,1.76,1.76,1.79,1854,1258,1.47,51.28%,53.05%,0.343594,"14:53 ET"
CRWV,87.27,2026-10-09,4,Put,85.00,-2.81%,1.52,1.51,1.55,2450,1669,1.47,74.38%,70.42%,-0.343081,"14:50 ET"
AAOI,118,2026-10-09,4,Call,118.00,+0.67%,4.4,5.3,5.3,849,582,1.46,96.50%,100.45%,0.515025,"14:42 ET"
SPCX,167.86,2027-06-17,255,Put,175.00,+4.73%,29.05,29.37,29.95,865,592,1.46,49.93%,50.28%,-0.437532,"14:06 ET"
HIMS,29.9,2026-10-09,4,Call,30.50,-2.14%,0.64,0.65,0.66,933,639,1.46,77.09%,72.48%,0.41358,"14:51 ET"
MU,1061.4,2026-10-09,4,Call,"1,075.00",-1.14%,14.8,14.95,15.2,1201,821,1.46,46.69%,48.53%,0.40173,"14:54 ET"
CMG,30.84,2026-10-09,4,Put,30.50,-0.78%,0.4,0.47,0.5,1499,1026,1.46,46.88%,49.36%,-0.389041,"14:52 ET"
RKLB,72.41,2026-10-09,4,Call,76.00,-5.04%,0.91,0.92,0.98,1735,1192,1.46,72.67%,72.67%,0.285463,"14:57 ET"
IREN,40.24,2026-10-09,4,Put,39.00,-3.25%,0.63,0.64,0.65,3198,2183,1.46,76.79%,70.64%,-0.318462,"14:53 ET"
WMT,104.89,2026-10-09,4,Call,106.00,-1.05%,0.55,0.55,0.57,5455,3744,1.46,28.15%,24.19%,0.326755,"14:57 ET"
GOOG,344.42,2026-10-09,4,Call,350.00,-1.79%,2.2,2.25,2.26,5998,4101,1.46,32.61%,30.01%,0.321678,"14:53 ET"
BLDR,55.71,2028-01-21,473,Call,70.00,-24.60%,10.3,11.25,11.3,500,346,1.45,61.08%,56.02%,0.525406,"14:41 ET"
HSDT,2.66,2027-04-16,193,Call,4.00,-50.38%,0.5,0.55,0.55,592,408,1.45,289.63%,112.37%,0.475825,"13:29 ET"
STX,888,2026-10-09,4,Put,800.00,-10.09%,1.85,1.95,2.05,674,465,1.45,65.70%,68.35%,-0.067838,"14:54 ET"
CBRS,179.09,2026-10-09,4,Put,175.00,-2.32%,3.3,3.6,3.9,889,611,1.45,74.40%,76.00%,-0.355758,"14:53 ET"
NVDA,238.81,2026-11-13,39,Call,250.00,-4.78%,4.95,5.01,5.15,1239,855,1.45,33.56%,28.88%,0.349876,"14:53 ET"
HOOD,113.42,2026-10-09,4,Put,106.00,-6.53%,0.4,0.42,0.42,1584,1091,1.45,59.95%,56.78%,-0.120375,"14:53 ET"
TSLA,380.11,2026-10-23,18,Put,340.00,-10.62%,3,3.1,3.1,1590,1094,1.45,42.04%,49.88%,-0.135966,"14:44 ET"
CBRS,179.09,2026-10-09,4,Call,180.00,-0.47%,5.1,5.6,6.1,2785,1925,1.45,74.40%,76.82%,0.50684,"14:53 ET"
U,45.96,2027-01-15,102,Put,45.00,-2.11%,4.9,4.95,4.95,3019,2080,1.45,65.74%,59.02%,-0.40024,"14:52 ET"
RXRX,4.76,2026-10-16,11,Call,5.00,-4.17%,0.21,0.24,0.27,3851,2662,1.45,92.22%,95.51%,0.442805,"14:56 ET"
PEP,125.42,2026-10-09,4,Call,126.00,-0.45%,2,2.05,2.22,503,349,1.44,25.19%,44.74%,0.475747,"14:39 ET"
IBRX,10.38,2026-10-16,11,Put,10.00,-4.21%,0.45,0.56,0.6,606,422,1.44,104.10%,98.98%,-0.381999,"14:31 ET"
ANET,208,2027-03-19,165,Call,200.00,+3.94%,33.85,34.38,34.95,801,558,1.44,49.54%,52.40%,0.632571,"14:38 ET"
CHWY,18.14,2027-01-15,102,Call,17.50,+3.37%,2.36,2.37,2.43,981,681,1.44,46.63%,52.29%,0.621544,"14:38 ET"
BBWI,17.38,2026-10-16,11,Put,17.50,+0.69%,0.6,0.7,0.8,1096,760,1.44,58.72%,53.00%,-0.510356,"14:32 ET"
MRVL,270.2,2026-10-09,4,Put,250.00,-7.69%,2.71,2.75,2.8,2082,1450,1.44,62.61%,88.22%,-0.191809,"14:52 ET"
NVDA,238.81,2027-09-17,347,Call,235.00,+1.50%,41.1,41.1,41.5,2716,1880,1.44,33.56%,38.66%,0.627717,"14:49 ET"
SPCX,167.86,2026-10-30,25,Put,157.50,-5.74%,3.55,3.65,3.65,646,453,1.43,49.93%,46.90%,-0.268229,"14:42 ET"
V,369.02,2027-03-19,165,Put,350.00,-5.12%,12.45,12.62,13,698,487,1.43,22.69%,23.81%,-0.310749,"14:39 ET"
SMCI,43.24,2026-10-16,11,Put,44.00,+1.34%,2.36,2.26,2.42,889,623,1.43,74.76%,64.96%,-0.54379,"14:45 ET"
SPCX,167.86,2026-10-16,11,Put,170.00,+1.74%,6.25,6.3,6.35,1525,1065,1.43,49.93%,46.80%,-0.530148,"14:58 ET"
SPCX,167.86,2026-11-06,32,Call,170.00,-1.74%,9.15,8.95,9.35,1629,1140,1.43,49.93%,49.27%,0.510416,"14:53 ET"
UBER,69.57,2026-10-16,11,Call,71.00,-2.00%,1,0.98,1.09,2456,1712,1.43,38.33%,31.98%,0.39364,"14:41 ET"
IREN,40.24,2026-10-09,4,Call,42.00,-4.19%,0.57,0.58,0.6,3308,2321,1.43,76.79%,73.62%,0.306771,"14:52 ET"
AMD,630.45,2026-12-18,74,Put,560.00,-11.29%,24.25,24.55,24.85,658,463,1.42,51.44%,50.44%,-0.254613,"14:51 ET"
KO,86.32,2026-10-30,25,Put,85.00,-1.54%,1.24,1.3,1.34,681,479,1.42,20.46%,21.49%,-0.372796,"14:37 ET"
CRWD,272.8,2026-10-09,4,Put,270.00,-1.00%,4.45,4.65,4.75,692,488,1.42,50.70%,51.48%,-0.417625,"14:53 ET"
CRM,230.1,2026-10-09,4,Call,230.00,+0.11%,3.95,4.15,4.25,744,523,1.42,38.44%,41.86%,0.514982,"14:51 ET"
MRK,139.82,2026-10-23,18,Put,130.00,-7.06%,0.33,0.53,0.53,809,571,1.42,32.51%,27.09%,-0.104323,"12:14 ET"
FCX,73.25,2027-01-15,102,Put,72.50,-0.97%,6.25,6.3,6.45,1020,717,1.42,46.65%,45.89%,-0.423297,"14:29 ET"
USAR,13.52,2026-11-20,46,Call,20.00,-48.26%,0.23,0.23,0.24,1201,843,1.42,75.47%,84.45%,0.130343,"14:56 ET"
ASTS,58.3,2026-10-09,4,Put,57.00,-2.05%,1.16,1.21,1.21,1262,888,1.42,77.38%,74.50%,-0.364243,"14:51 ET"
HOOD,113.42,2026-10-09,4,Put,109.00,-3.89%,0.96,1,0.99,3152,2215,1.42,59.95%,56.47%,-0.239802,"14:50 ET"
CSCO,112.97,2026-10-09,4,Call,117.00,-3.78%,0.23,0.25,0.27,650,460,1.41,37.70%,29.59%,0.141557,"14:54 ET"
BABA,111.13,2026-10-09,4,Put,105.00,-5.22%,0.24,0.26,0.26,2046,1455,1.41,42.18%,43.74%,-0.101406,"14:53 ET"
TSLA,380.11,2026-10-09,4,Put,372.50,-2.08%,3,3.05,3.1,2816,1997,1.41,42.04%,41.13%,-0.290028,"14:57 ET"
APLD,24.39,2026-10-30,25,Call,30.00,-22.85%,0.6,0.64,0.66,794,566,1.4,87.49%,87.00%,0.219481,"14:30 ET"
AVGO,363.05,2026-10-09,4,Put,360.00,-0.76%,4.4,4.33,4.6,901,645,1.4,36.74%,38.44%,-0.415493,"14:47 ET"
SPCX,167.86,2027-06-17,255,Call,320.00,-91.51%,3.45,3.7,3.85,917,655,1.4,49.93%,52.51%,0.119685,"13:46 ET"
RCAT,6.32,2026-10-09,4,Call,6.50,-2.85%,0.11,0.11,0.13,992,708,1.4,80.04%,71.76%,0.378429,"14:42 ET"
META,742.67,2026-10-05,0,Call,727.50,+2.05%,14.95,15.38,15.2,1680,1203,1.4,39.75%,25.01%,0.944408,"14:53 ET"
BSP,31.74,2026-11-20,46,Put,35.00,+11.08%,5.3,5.61,5.8,1716,1226,1.4,72.75%,81.63%,-0.569217,"14:51 ET"
BMNR,26.82,2026-10-09,4,Call,28.50,-6.50%,0.29,0.29,0.3,2135,1525,1.4,71.45%,76.84%,0.240984,"14:51 ET"
NBIS,230.98,2026-10-09,4,Call,260.00,-12.22%,0.79,0.79,0.81,2333,1665,1.4,77.58%,81.70%,0.090334,"14:52 ET"
COIN,186.4,2026-10-16,11,Call,202.50,-8.53%,2.6,2.63,2.83,507,366,1.39,63.27%,61.03%,0.243908,"14:48 ET"
NKE,33.65,2026-10-16,11,Call,34.50,-2.31%,0.46,0.51,0.48,552,397,1.39,36.34%,34.61%,0.35464,"14:36 ET"
VST,144.71,2026-10-30,25,Put,135.00,-6.34%,2.35,2.45,2.64,740,534,1.39,48.06%,44.17%,-0.238534,"14:56 ET"
BIDU,87.15,2026-10-09,4,Call,87.00,-0.01%,1.42,1.47,1.6,849,609,1.39,40.97%,37.73%,0.538794,"14:41 ET"
NVDA,238.81,2027-12-17,438,Put,245.00,+2.69%,35.95,36.65,36.5,1000,718,1.39,33.56%,36.87%,-0.418387,"13:56 ET"
NVDA,238.81,2026-10-09,4,Call,200.00,+16.17%,38.85,39.28,39.4,1099,791,1.39,33.56%,81.06%,0.984195,"14:53 ET"
SPCX,167.86,2026-11-06,32,Call,215.00,-28.67%,0.96,0.95,1,1106,794,1.39,49.93%,55.56%,0.08275,"14:42 ET"
WULF,14.56,2026-10-09,4,Put,14.00,-3.91%,0.22,0.23,0.23,2122,1527,1.39,81.19%,78.55%,-0.286322,"14:55 ET"
AXP,303.4,2026-10-16,11,Call,325.00,-7.01%,0.26,0.31,0.34,508,367,1.38,27.36%,24.24%,0.05604,"14:37 ET"
KURA,10.56,2026-10-16,11,Put,10.00,-5.66%,0,0.25,0.4,527,383,1.38,70.87%,60.34%,-0.27715,"13:31 ET"
VST,144.71,2026-10-30,25,Call,140.00,+2.87%,9.05,9.1,9.95,633,460,1.38,48.06%,42.41%,0.658986,"14:33 ET"
MU,1061.4,2026-10-12,7,Call,"1,080.00",-1.61%,15.25,17.72,17.15,656,475,1.38,46.69%,41.89%,0.387532,"13:41 ET"
QCOM,180.88,2026-10-09,4,Put,177.50,-2.04%,2.03,2.08,2.16,716,517,1.38,50.21%,47.46%,-0.340707,"14:51 ET"
MU,1061.4,2026-10-07,2,Put,"1,030.00",-3.10%,4.05,4.05,4.25,904,653,1.38,46.69%,46.77%,-0.199487,"14:52 ET"
TSLA,380.11,2026-11-20,46,Put,425.00,+11.72%,51.15,51.8,51.8,1123,814,1.38,42.04%,43.45%,-0.733484,"14:26 ET"
CVS,86.93,2026-10-09,4,Call,87.00,+0.28%,1.34,1.44,1.49,1195,866,1.38,36.36%,38.50%,0.511666,"14:45 ET"
ORCL,143.39,2026-10-16,11,Call,157.50,-9.78%,1.06,1.17,1.13,1573,1138,1.38,51.28%,52.26%,0.165119,"14:28 ET"
BE,287.14,2026-10-09,4,Call,290.00,-0.85%,7.5,7.45,7.6,1597,1155,1.38,76.65%,73.97%,0.464373,"14:53 ET"
IREN,40.24,2026-11-20,46,Put,22.00,-45.42%,0.07,0.1,0.12,2286,1654,1.38,76.79%,88.90%,-0.018425,"11:56 ET"
AMD,630.45,2026-10-05,0,Call,620.00,+1.79%,9.5,9.87,10.85,507,369,1.37,51.44%,24.74%,0.888459,"14:53 ET"
INTC,116.72,2026-10-12,7,Call,120.00,-2.35%,1.99,2,2.09,586,429,1.37,62.79%,52.87%,0.363835,"14:54 ET"
ORCL,143.39,2026-10-30,25,Put,100.00,-30.30%,0.13,0.14,0.18,605,443,1.37,51.28%,67.49%,-0.016103,"10:11 ET"
QCOM,180.88,2027-03-19,165,Call,350.00,-93.16%,1.5,1.65,1.79,647,471,1.37,50.21%,56.44%,0.06322,"12:46 ET"
AMD,630.45,2026-10-09,4,Put,625.00,-1.00%,9.4,9.6,9.75,665,487,1.37,51.44%,45.31%,-0.425382,"14:53 ET"
META,742.67,2026-10-09,4,Put,715.00,-3.73%,2.42,2.46,2.46,669,488,1.37,39.75%,37.15%,-0.158195,"14:49 ET"
MRVL,270.2,2026-10-09,4,Put,255.00,-5.84%,3.9,3.96,4.05,818,597,1.37,62.61%,87.81%,-0.25484,"14:50 ET"
MO,67.67,2026-10-09,4,Call,70.00,-3.47%,0.07,0.11,0.1,952,695,1.37,24.14%,25.49%,0.100459,"14:48 ET"
NVDA,238.81,2027-12-17,438,Put,255.00,+6.88%,41.4,42.05,42.1,1076,785,1.37,33.56%,36.64%,-0.460889,"13:45 ET"
INTC,116.72,2026-10-09,4,Call,124.00,-5.76%,0.75,0.76,0.78,1268,924,1.37,62.79%,63.30%,0.186427,"14:53 ET"
NFLX,67.39,2026-10-23,18,Call,73.00,-8.66%,1.26,1.28,1.3,1822,1329,1.37,40.32%,53.55%,0.275286,"14:47 ET"
INTC,116.72,2026-10-09,4,Put,112.00,-4.48%,1.05,1.06,1.09,2089,1521,1.37,62.79%,58.60%,-0.244784,"14:53 ET"
HOOD,113.42,2026-10-09,4,Put,113.00,-0.36%,2.45,2.47,2.48,2605,1898,1.37,59.95%,56.82%,-0.461565,"14:48 ET"
MRK,139.82,2026-10-16,11,Call,145.00,-3.66%,0.82,0.87,0.95,3152,2306,1.37,32.51%,27.35%,0.233448,"14:47 ET"
UNH,374.53,2027-09-17,347,Put,360.00,-3.95%,35.75,37.6,36.25,501,369,1.36,41.48%,32.73%,-0.365421,"12:36 ET"
IONQ,42.96,2026-10-09,4,Put,39.00,-8.84%,0.1,0.2,0.18,520,381,1.36,72.03%,75.20%,-0.086486,"13:54 ET"
C,128.52,2026-10-09,4,Call,132.00,-2.38%,0.41,0.54,0.51,730,537,1.36,31.42%,30.31%,0.203998,"14:04 ET"
HIMX,14.81,2026-12-18,74,Call,17.00,-14.79%,1,1.02,1.05,764,561,1.36,68.04%,69.12%,0.377138,"14:53 ET"
JD,26.52,2026-10-09,4,Call,26.50,-0.08%,0.35,0.35,0.37,861,631,1.36,34.90%,31.60%,0.516759,"14:52 ET"
SNDK,1700.55,2026-10-09,4,Put,"1,650.00",-3.35%,23.9,24.4,24.5,1004,736,1.36,61.96%,60.27%,-0.332327,"14:57 ET"
LITE,1089.07,2026-10-09,4,Put,"1,050.00",-4.00%,16.1,16.4,16.7,1022,750,1.36,73.90%,70.55%,-0.307031,"14:52 ET"
NU,15.23,2026-10-23,18,Call,14.50,+4.92%,1,0.92,1.14,1110,819,1.36,51.12%,46.75%,0.707717,"12:41 ET"
AREC,1.755,2028-01-21,473,Call,3.5000,-99.43%,0.4,0.5,0.6,2045,1507,1.36,114.82%,105.45%,0.529323,"12:01 ET"
WDC,440.13,2026-10-09,4,Put,400.00,-9.22%,1.35,1.43,1.55,2054,1512,1.36,66.44%,69.60%,-0.094043,"14:57 ET"
COIN,186.4,2026-10-09,4,Call,205.00,-9.87%,0.67,0.7,0.73,2322,1703,1.36,63.27%,69.61%,0.10975,"14:47 ET"
MU,1061.4,2026-10-09,4,Call,"1,150.00",-8.19%,1.91,1.95,1.95,3087,2277,1.36,46.69%,52.96%,0.074936,"14:53 ET"
CBRS,179.09,2026-10-16,11,Call,205.00,-14.42%,1.8,1.9,2.1,548,406,1.35,74.40%,73.76%,0.168411,"14:35 ET"
CBRS,179.09,2026-10-30,25,Put,150.00,-16.28%,2.2,2.2,2.4,680,503,1.35,74.40%,67.91%,-0.132315,"14:04 ET"
MU,1061.4,2026-10-07,2,Put,"1,035.00",-2.63%,5.15,5.2,5.3,869,642,1.35,46.69%,46.46%,-0.239475,"14:53 ET"
TSM,486.89,2026-11-20,46,Put,470.00,-3.53%,13.95,14.15,14.15,929,686,1.35,33.42%,32.40%,-0.350884,"14:55 ET"
WDC,440.13,2027-03-19,165,Call,600.00,-36.17%,32.8,35.4,35.65,1077,799,1.35,66.44%,66.39%,0.33113,"14:29 ET"
HOOD,113.42,2026-10-16,11,Call,118.00,-4.05%,2.52,2.53,2.56,1205,891,1.35,59.95%,55.14%,0.361497,"14:42 ET"
META,742.67,2026-10-09,4,Call,805.00,-8.39%,0.5,0.53,0.55,1611,1189,1.35,39.75%,43.12%,0.039486,"14:49 ET"
CBRS,179.09,2026-10-09,4,Call,190.00,-6.05%,2.25,2.24,2.5,3875,2874,1.35,74.40%,80.70%,0.267687,"14:53 ET"
SPCX,167.86,2028-06-16,620,Call,245.00,-46.63%,27.1,27.68,28.3,513,384,1.34,49.93%,51.82%,0.457864,"14:30 ET"
BE,287.14,2026-10-09,4,Put,262.50,-8.71%,1.23,1.24,1.28,550,411,1.34,76.65%,73.23%,-0.113504,"14:46 ET"
INTC,116.72,2026-10-23,18,Put,102.00,-13.01%,1.41,1.44,1.48,563,421,1.34,62.79%,64.55%,-0.155013,"14:28 ET"
NBIS,230.98,2026-10-09,4,Call,200.00,+13.67%,30.75,31.7,31.7,568,425,1.34,77.58%,74.41%,0.970644,"14:36 ET"
AMD,630.45,2026-10-09,4,Put,615.00,-2.58%,5.65,5.62,5.9,585,436,1.34,51.44%,45.25%,-0.298304,"14:51 ET"
DKNG,19.66,2026-10-23,18,Call,21.00,-6.49%,0.54,0.67,0.6,627,469,1.34,68.85%,60.88%,0.344433,"13:57 ET"
PYPL,53.94,2026-10-16,11,Call,53.00,+1.71%,1.75,1.78,1.96,890,662,1.34,40.98%,32.76%,0.65402,"14:24 ET"
CCJ,87.87,2027-01-15,102,Call,125.00,-42.26%,0.93,0.95,1.11,1000,745,1.34,43.83%,47.44%,0.106678,"12:07 ET"
C,128.52,2026-10-16,11,Put,128.00,-0.72%,2.81,2.78,2.94,1006,753,1.34,31.42%,35.42%,-0.459901,"14:43 ET"
META,742.67,2026-10-09,4,Call,795.00,-7.04%,0.85,0.86,0.87,1201,899,1.34,39.75%,41.60%,0.062348,"14:54 ET"
TSLA,380.11,2026-10-09,4,Call,397.50,-4.49%,1.58,1.57,1.61,2073,1551,1.34,42.04%,42.43%,0.177854,"14:57 ET"
TSLA,380.11,2026-10-09,4,Call,390.00,-2.52%,3.15,3.2,3.2,12225,9145,1.34,42.04%,41.56%,0.306417,"14:57 ET"
NVDA,238.81,2026-10-09,4,Put,230.00,-3.60%,0.59,0.6,0.6,35374,26454,1.34,33.56%,34.39%,-0.134744,"14:53 ET"
CLF,12.51,2026-12-18,74,Call,13.00,-3.83%,1.31,1.31,1.33,25794,19429,1.33,67.38%,67.66%,0.51243,"14:49 ET"
ON,86.05,2026-11-20,46,Put,65.00,-24.68%,0.67,0.72,0.79,516,389,1.33,56.49%,60.97%,-0.079468,"14:22 ET"
GCT,54.77,2026-11-20,46,Call,65.00,-18.51%,2.1,2.15,2.25,676,509,1.33,68.02%,68.93%,0.291322,"14:43 ET"
NBIS,230.98,2026-10-16,11,Call,255.00,-10.07%,3.85,3.93,4.15,887,668,1.33,77.58%,74.06%,0.242613,"14:52 ET"
IREN,40.24,2026-10-09,4,Call,43.50,-7.91%,0.28,0.3,0.3,888,670,1.33,76.79%,75.56%,0.17523,"14:30 ET"
VIAV,47.03,2026-10-16,11,Call,55.00,-16.38%,0.3,0.4,0.45,911,685,1.33,81.68%,74.80%,0.129559,"14:14 ET"
WDC,440.13,2026-10-09,4,Call,450.00,-2.13%,8.25,8.15,9,1105,833,1.33,66.44%,72.07%,0.386984,"14:56 ET"
IP,32.03,2027-06-17,255,Put,30.00,-6.34%,3.1,3.1,3.5,1500,1128,1.33,43.59%,41.18%,-0.354737,"13:29 ET"
SNDK,1700.55,2026-10-09,4,Call,"2,000.00",-17.15%,0.95,1,1,2150,1613,1.33,61.96%,76.28%,0.020148,"14:57 ET"
TSLA,380.11,2026-10-09,4,Call,420.00,-10.41%,0.19,0.2,0.2,2699,2024,1.33,42.04%,47.62%,0.027298,"14:57 ET"
TSLA,380.11,2026-10-23,18,Call,400.00,-5.15%,9.25,9.3,9.35,4649,3498,1.33,42.04%,48.87%,0.353119,"14:57 ET"
V,369.02,2026-10-09,4,Put,365.00,-1.05%,1.54,1.57,1.78,507,385,1.32,22.69%,22.38%,-0.29914,"14:51 ET"
MU,1061.4,2026-10-05,0,Call,"1,040.00",+2.16%,19.15,20,20.45,537,406,1.32,46.69%,13.87%,0.995576,"14:53 ET"
AMD,630.45,2027-06-17,255,Put,560.00,-11.29%,61.9,63.12,63.8,571,433,1.32,51.44%,51.10%,-0.294653,"12:18 ET"
MRNA,205.07,2026-10-09,4,Call,215.00,-4.61%,4.2,4.32,4.6,718,544,1.32,93.32%,93.79%,0.343848,"14:52 ET"
MRNA,205.07,2026-10-09,4,Put,185.00,-9.99%,1.35,1.45,1.49,1014,771,1.32,93.32%,94.94%,-0.132219,"14:46 ET"
COIN,186.4,2026-10-09,4,Put,185.00,-0.85%,3.9,4,4.1,1192,904,1.32,63.27%,63.30%,-0.424226,"14:53 ET"
META,742.67,2026-10-09,4,Put,730.00,-1.71%,5.85,5.84,5.95,1233,934,1.32,39.75%,36.32%,-0.31653,"14:52 ET"
AAPL,333.13,2026-10-09,4,Put,327.50,-1.60%,1.22,1.33,1.31,2184,1660,1.32,24.97%,25.17%,-0.241091,"14:50 ET"
MU,1061.4,2026-10-07,2,Put,980.00,-7.80%,0.44,0.4,0.47,501,383,1.31,46.69%,55.52%,-0.026966,"14:43 ET"
CMG,30.84,2026-10-23,18,Call,39.00,-26.87%,0.02,0.1,0.25,566,433,1.31,46.88%,67.14%,0.070098,"14:53 ET"
SMCI,43.24,2026-10-09,4,Put,39.50,-9.03%,0.15,0.15,0.17,571,437,1.31,74.76%,69.24%,-0.103947,"14:50 ET"
WEN,6.07,2029-01-19,837,Call,7.00,-15.32%,1.2,1.25,1.35,652,499,1.31,48.57%,46.03%,0.524764,"14:35 ET"
ASTS,58.3,2026-10-09,4,Call,58.00,+0.33%,1.99,2.01,2.09,812,621,1.31,77.38%,75.70%,0.549412,"14:48 ET"
META,742.67,2026-10-09,4,Call,765.00,-3.00%,3.95,4,4.05,825,631,1.31,39.75%,37.94%,0.235988,"14:54 ET"
NVO,37.24,2026-10-09,4,Call,37.50,-1.00%,0.38,0.37,0.45,851,652,1.31,35.96%,31.90%,0.450303,"14:49 ET"
ASTS,58.3,2026-10-09,4,Put,56.00,-3.76%,0.81,0.88,0.86,1643,1254,1.31,77.38%,74.56%,-0.283039,"14:49 ET"
MSTR,163.82,2026-10-09,4,Call,190.00,-16.29%,0.33,0.32,0.35,1803,1374,1.31,64.47%,85.43%,0.056207,"14:51 ET"
APLD,24.39,2026-10-09,4,Call,26.00,-6.47%,0.79,0.81,0.84,2995,2289,1.31,87.49%,138.69%,0.363431,"14:52 ET"
WULF,14.56,2026-10-09,4,Call,15.50,-6.38%,0.19,0.19,0.2,3030,2316,1.31,81.19%,83.13%,0.263486,"14:43 ET"
UBER,69.57,2026-10-09,4,Call,72.00,-3.43%,0.29,0.29,0.3,3594,2739,1.31,38.33%,35.53%,0.205647,"14:57 ET"
PLTR,189.39,2026-10-09,4,Call,205.00,-8.30%,0.27,0.25,0.28,13426,10212,1.31,52.25%,48.01%,0.066951,"14:53 ET"
AVGO,363.05,2026-11-06,32,Put,335.00,-7.65%,4.75,4.78,5.1,548,423,1.3,36.74%,36.75%,-0.209479,"14:41 ET"
CVS,86.93,2026-11-20,46,Call,92.50,-6.03%,2.19,2.22,2.36,581,447,1.3,36.36%,35.15%,0.33714,"14:50 ET"
BE,287.14,2026-10-09,4,Call,270.00,+6.10%,19.1,19.95,20.15,700,537,1.3,76.65%,72.56%,0.801851,"14:45 ET"
HD,281.21,2027-01-15,102,Call,290.00,-3.03%,14.05,14.13,14.5,757,584,1.3,30.59%,30.01%,0.458781,"14:48 ET"
META,742.67,2026-10-09,4,Call,810.00,-9.06%,0.4,0.42,0.43,898,689,1.3,39.75%,43.94%,0.031623,"14:48 ET"
HWM,229.52,2026-10-16,11,Call,240.00,-4.38%,1.45,1.8,1.8,1001,771,1.3,37.13%,31.52%,0.228635,"13:26 ET"
DKNG,19.66,2026-10-16,11,Call,20.00,-1.42%,0.68,0.69,0.71,1120,862,1.3,68.85%,61.00%,0.46386,"14:52 ET"
NEE,76.32,2027-01-15,102,Put,60.00,-21.35%,0.2,0.31,0.39,5000,3847,1.3,24.39%,30.20%,-0.05373,"13:50 ET"
NVDA,238.81,2026-10-09,4,Put,232.50,-2.55%,0.94,0.95,0.95,7192,5520,1.3,33.56%,32.98%,-0.201405,"14:54 ET"
SPCX,167.86,2026-10-23,18,Put,157.50,-5.74%,2.53,2.66,2.58,544,423,1.29,49.93%,46.29%,-0.238742,"14:41 ET"
IBM,221.24,2026-10-09,4,Call,225.00,-1.72%,1.57,1.66,1.75,692,536,1.29,39.58%,34.05%,0.327242,"14:47 ET"
ORCL,143.39,2026-10-09,4,Put,141.00,-1.72%,2.16,2.32,2.24,707,550,1.29,51.28%,55.75%,-0.369446,"14:40 ET"
MU,1061.4,2027-06-17,255,Put,470.00,-55.78%,5.65,5.4,6.15,1089,846,1.29,46.69%,58.68%,-0.025077,"13:40 ET"
TSLA,380.11,2026-10-16,11,Put,372.50,-2.08%,6.55,6.8,6.7,1440,1117,1.29,42.04%,40.16%,-0.354917,"14:42 ET"
SOFI,16.01,2026-11-06,32,Put,14.50,-9.49%,0.36,0.37,0.38,1519,1179,1.29,50.10%,53.76%,-0.230033,"14:58 ET"
SMCI,43.24,2026-10-09,4,Put,41.50,-4.42%,0.56,0.58,0.58,1951,1514,1.29,74.76%,69.38%,-0.282055,"14:57 ET"
ECHO,98.95,2027-01-15,102,Put,95.00,-3.69%,6.4,6.6,6.7,2360,1824,1.29,45.81%,43.00%,-0.372487,"14:51 ET"
SPCX,167.86,2026-11-20,46,Put,155.00,-7.24%,5.85,6,5.95,5671,4380,1.29,49.93%,50.71%,-0.284585,"14:53 ET"
HOOD,113.42,2026-10-09,4,Call,115.00,-1.40%,2.08,2.08,2.1,5798,4479,1.29,59.95%,58.59%,0.424878,"14:52 ET"
NVDA,238.81,2027-04-16,193,Put,235.00,-1.50%,20.05,20.5,20.5,556,434,1.28,33.56%,35.51%,-0.400441,"14:15 ET"
NXH,2.05,2027-03-19,165,Call,5.00,-145.10%,0.1,0.13,0.15,1065,834,1.28,116.18%,108.07%,0.202544,"14:50 ET"
MU,1061.4,2026-10-16,11,Put,890.00,-16.27%,1.17,1.09,1.29,1072,839,1.28,46.69%,55.25%,-0.030161,"13:41 ET"
AA,43.88,2026-10-16,11,Call,45.00,-2.51%,1.26,1.32,1.38,1251,979,1.28,49.94%,58.98%,0.425146,"14:32 ET"
NKE,33.65,2026-11-20,46,Call,32.50,+3.62%,2.41,2.59,2.52,1417,1106,1.28,36.34%,39.28%,0.623465,"14:14 ET"
SPCX,167.86,2028-12-15,802,Put,150.00,-10.23%,33.05,33.59,33.75,2945,2309,1.28,49.93%,53.51%,-0.268595,"14:50 ET"
PLTR,189.39,2026-10-09,4,Put,180.00,-4.91%,0.7,0.71,0.72,3547,2772,1.28,52.25%,48.58%,-0.140924,"14:54 ET"
ORCL,143.39,2026-10-09,4,Call,145.00,-1.07%,2.43,2.45,2.5,4702,3678,1.28,51.28%,52.24%,0.436731,"14:50 ET"
CRM,230.1,2026-10-09,4,Put,225.00,-2.28%,1.77,1.83,1.88,588,464,1.27,38.44%,40.70%,-0.290322,"14:45 ET"
AMD,630.45,2026-12-18,74,Call,780.00,-23.56%,16.9,17.17,17.5,623,491,1.27,51.44%,52.29%,0.224397,"14:33 ET"
OKLO,36.32,2026-10-09,4,Call,38.00,-4.86%,0.51,0.52,0.53,887,698,1.27,71.80%,73.51%,0.303257,"14:53 ET"
RKLB,72.41,2026-10-09,4,Put,68.00,-6.01%,0.49,0.54,0.55,964,762,1.27,72.67%,69.67%,-0.176097,"14:50 ET"
RKLB,72.41,2026-10-09,4,Call,77.00,-6.43%,0.7,0.73,0.75,1606,1268,1.27,72.67%,73.24%,0.232028,"14:57 ET"
NVDA,238.81,2026-10-12,7,Call,235.00,+1.50%,6.1,6.1,6.15,1692,1332,1.27,33.56%,27.60%,0.687095,"14:53 ET"
HOOD,113.42,2026-10-09,4,Put,110.00,-3.01%,1.24,1.27,1.27,4675,3692,1.27,59.95%,56.37%,-0.290041,"14:51 ET"
NOW,136.03,2026-10-09,4,Call,138.00,-1.50%,2.21,2.25,2.27,688,545,1.26,55.54%,54.24%,0.413955,"14:49 ET"
BABA,111.13,2026-10-09,4,Call,117.00,-5.61%,0.45,0.47,0.48,724,576,1.26,42.18%,48.01%,0.161341,"14:51 ET"
CRWD,272.8,2026-10-09,4,Call,295.00,-8.16%,0.59,0.62,0.65,964,768,1.26,50.70%,54.50%,0.088293,"14:48 ET"
PDD,77.98,2026-10-09,4,Call,80.00,-2.81%,0.41,0.41,0.46,1108,878,1.26,34.51%,34.97%,0.257468,"14:52 ET"
GOOG,344.42,2026-10-09,4,Put,332.50,-3.30%,0.71,0.72,0.74,1178,935,1.26,32.61%,30.94%,-0.128255,"14:53 ET"
WHR,30.24,2028-12-15,802,Call,17.50,+42.15%,16.8,17.4,17.8,1351,1073,1.26,66.99%,101.99%,0.789334,"12:26 ET"
SPCX,167.86,2026-10-23,18,Call,170.00,-1.74%,6.1,6.15,6.25,1965,1562,1.26,49.93%,45.86%,0.487376,"14:55 ET"
NU,15.23,2026-10-09,4,Call,15.00,+1.64%,0.48,0.48,0.53,5407,4294,1.26,51.12%,58.93%,0.614007,"14:51 ET"
TSLA,380.11,2026-10-09,4,Call,385.00,-1.21%,4.8,4.86,4.9,9525,7643,1.25,42.04%,41.26%,0.416335,"14:57 ET"
ARM,300.98,2026-10-09,4,Put,285.00,-5.65%,2.49,2.56,2.66,533,428,1.25,69.94%,68.18%,-0.205615,"14:52 ET"
DAL,83.51,2026-10-09,4,Put,80.00,-4.45%,0.9,0.91,0.95,678,541,1.25,41.64%,66.65%,-0.255072,"14:53 ET"
CIFR,15.1,2026-10-30,25,Call,16.50,-9.05%,0.79,0.84,0.89,873,699,1.25,90.11%,85.15%,0.396402,"14:36 ET"
ORCL,143.39,2026-10-09,4,Call,149.00,-3.85%,1.25,1.29,1.28,948,758,1.25,51.28%,54.13%,0.263677,"14:43 ET"
TSLA,380.11,2026-10-23,18,Put,350.00,-7.99%,4.75,4.85,4.85,1519,1211,1.25,42.04%,48.98%,-0.197672,"14:51 ET"
WMT,104.89,2026-10-09,4,Put,103.00,-1.81%,0.33,0.35,0.38,2190,1746,1.25,28.15%,23.04%,-0.236819,"14:40 ET"
CRWV,87.27,2026-10-23,18,Call,90.00,-2.90%,4,4.02,4.05,2808,2241,1.25,74.38%,66.23%,0.452021,"14:52 ET"
INTC,116.72,2026-10-09,4,Put,115.00,-1.92%,2.07,2.06,2.1,4530,3637,1.25,62.79%,58.44%,-0.397303,"14:53 ET"
NVDA,238.81,2026-10-12,7,Call,240.00,-0.59%,3.15,3.11,3.2,5915,4717,1.25,33.56%,26.75%,0.473548,"14:54 ET"
SKHY,194.93,2026-10-09,4,Call,207.50,-6.58%,0.71,0.82,0.85,527,424,1.24,51.82%,56.82%,0.136827,"14:50 ET"
CRWD,272.8,2026-10-09,4,Put,265.00,-2.84%,2.8,2.84,2.93,560,452,1.24,50.70%,52.77%,-0.293588,"14:43 ET"
VRT,254.15,2026-10-09,4,Call,270.00,-6.04%,1.21,1.29,1.36,616,498,1.24,58.94%,57.00%,0.164261,"14:45 ET"
CRM,230.1,2026-10-09,4,Put,220.00,-4.45%,0.72,0.79,0.82,712,573,1.24,38.44%,41.75%,-0.145923,"14:47 ET"
GOOGL,347.34,2026-10-09,4,Put,345.00,-0.51%,3.05,3.22,3.2,1407,1139,1.24,32.81%,29.95%,-0.396971,"14:45 ET"
CBRS,179.09,2026-11-20,46,Call,180.00,-0.47%,19,19,19.9,1482,1200,1.24,74.40%,75.83%,0.557569,"14:50 ET"
ABNB,163.97,2027-01-15,102,Put,140.00,-14.88%,3.55,3.69,3.9,1503,1217,1.24,40.21%,39.73%,-0.180481,"13:04 ET"
ORCL,143.39,2026-10-09,4,Call,146.00,-1.76%,2.06,2.13,2.13,2284,1836,1.24,51.28%,52.60%,0.388742,"14:53 ET"
BABA,111.13,2026-10-09,4,Call,111.00,-0.20%,2.15,2.12,2.2,2818,2281,1.24,42.18%,44.85%,0.523536,"14:52 ET"
SPCX,167.86,2026-10-30,25,Call,175.00,-4.73%,5.6,5.6,5.7,3327,2690,1.24,49.93%,47.09%,0.406791,"14:57 ET"
GRAB,3.19,2027-04-16,193,Call,5.00,-57.73%,0.14,0.16,0.16,10671,8590,1.24,52.97%,59.72%,0.226309,"14:53 ET"
"Downloaded from Barchart.com as of 10-05-2026 02:32pm CDT"
