Symbol,Price~,"Exp Date",DTE,Type,Strike,Moneyness,Bid,Latest,Ask,Volume,"Open Int",Vol/OI,"Imp Vol",IV,Delta,Time
NVDA,229.83,2026-09-28,0,Put,230.00,+0.03%,0.42,0.43,0.44,286189,351,815.35,34.82%,6.08%,-0.634921,"15:24 ET"
TSLA,358.19,2026-09-28,0,Call,360.00,-0.68%,0.1,0.11,0.11,180435,807,223.59,42.19%,8.16%,0.136619,"15:24 ET"
META,717.67,2026-09-28,0,Call,720.00,-0.17%,1,1.01,1.01,35987,191,188.41,41.38%,10.23%,0.379044,"15:20 ET"
NVDA,229.83,2026-09-28,0,Put,232.50,+1.11%,2.63,2.79,2.79,47436,270,175.69,34.82%,14.17%,-0.951011,"15:22 ET"
META,717.67,2026-09-28,0,Call,725.00,-0.86%,0.13,0.16,0.17,46779,306,152.87,41.38%,11.56%,0.077281,"15:20 ET"
CMG,32.24,2026-10-09,11,Call,33.00,-1.23%,0.75,0.81,0.83,25838,176,146.81,44.39%,45.48%,0.435467,"15:18 ET"
MU,1055.67,2026-09-28,0,Call,"1,055.00",-0.12%,2.35,2.35,2.41,39554,317,124.78,61.08%,9.62%,0.54094,"15:20 ET"
INTC,115.93,2026-09-28,0,Call,115.00,+0.49%,0.7,0.74,0.78,24485,200,122.43,67.11%,13.54%,0.786228,"15:19 ET"
AMD,607.46,2026-09-28,0,Call,605.00,+0.32%,3.4,3.5,3.5,14670,128,114.61,54.46%,8.13%,0.903712,"15:20 ET"
NVDA,229.83,2026-09-30,2,Put,230.00,+0.03%,2.4,2.4,2.42,35634,325,109.64,34.82%,33.81%,-0.510976,"15:22 ET"
AMD,607.46,2026-09-28,0,Call,607.50,-0.09%,1.68,1.66,1.78,15827,180,87.93,54.46%,10.08%,0.604341,"15:20 ET"
TSLA,358.19,2026-09-30,2,Call,360.00,-0.68%,3.7,3.75,3.8,19783,230,86.01,42.19%,42.62%,0.448916,"15:24 ET"
MU,1055.67,2026-09-28,0,Call,"1,060.00",-0.59%,0.64,0.64,0.65,54084,706,76.61,61.08%,10.00%,0.208699,"15:20 ET"
INTC,115.93,2027-04-16,200,Put,105.00,-9.15%,14.55,14.7,15,10981,165,66.55,67.11%,64.01%,-0.317339,"14:54 ET"
TSLA,358.19,2026-09-28,0,Call,357.50,+0.02%,0.93,0.96,0.96,28634,439,65.23,42.19%,5.43%,0.793982,"15:24 ET"
NVDA,229.83,2026-09-30,2,Put,232.50,+1.11%,3.85,3.89,3.95,7754,131,59.19,34.82%,33.43%,-0.679422,"15:23 ET"
CLF,11.23,2026-10-16,18,Put,10.50,-6.08%,0.32,0.37,0.36,16356,314,52.09,65.22%,64.31%,-0.308131,"15:11 ET"
AMD,607.46,2026-09-28,0,Call,612.50,-0.92%,0.15,0.15,0.18,11434,223,51.27,54.46%,10.45%,0.104776,"15:20 ET"
INTC,115.93,2026-09-30,2,Call,116.00,-0.37%,2.2,2.27,2.24,6593,137,48.12,67.11%,69.90%,0.487136,"15:19 ET"
LUNR,15.3,2026-10-02,4,Put,15.50,+0.71%,0.68,0.68,0.75,8472,178,47.6,88.38%,94.54%,-0.533876,"15:17 ET"
TSLA,358.19,2026-09-28,0,Put,357.50,-0.02%,0.22,0.24,0.24,130157,2750,47.33,42.19%,7.36%,-0.273247,"15:24 ET"
MSFT,510.16,2026-09-28,0,Call,507.50,+0.57%,2.43,2.74,3,18981,417,45.52,29.81%,5.80%,0.96188,"15:19 ET"
MU,1055.67,2026-09-28,0,Call,"1,035.00",+1.78%,20.3,19.4,20.65,5743,129,44.52,61.08%,12.71%,0.998533,"15:17 ET"
AMD,607.46,2026-09-28,0,Put,605.00,-0.32%,0.29,0.32,0.32,20804,469,44.36,54.46%,10.92%,-0.166066,"15:20 ET"
META,717.67,2026-09-28,0,Put,717.50,-0.18%,0.94,1.06,1.11,23301,537,43.39,41.38%,10.70%,-0.371268,"15:20 ET"
MU,1055.67,2026-09-28,0,Call,"1,045.00",+0.83%,10.4,10.6,10.7,18677,437,42.74,61.08%,8.69%,0.986878,"15:20 ET"
META,717.67,2026-09-28,0,Put,712.50,-0.88%,0.09,0.11,0.14,11908,286,41.64,41.38%,11.13%,-0.063479,"15:20 ET"
TSLA,358.19,2026-09-28,0,Put,360.00,+0.68%,1.83,1.94,1.94,180903,4471,40.46,42.19%,10.33%,-0.810857,"15:24 ET"
INTC,115.93,2026-10-09,11,Call,128.00,-10.76%,1.54,1.62,1.59,4867,121,40.22,67.11%,67.90%,0.213422,"15:18 ET"
AMD,607.46,2026-09-28,0,Call,610.00,-0.50%,0.6,0.65,0.65,31989,834,38.36,54.46%,10.22%,0.304195,"15:20 ET"
HL,17.24,2026-10-02,4,Call,17.50,-1.57%,0.33,0.37,0.38,4584,120,38.2,59.62%,64.90%,0.428473,"15:19 ET"
AAPL,338.49,2026-09-28,0,Put,340.00,+0.29%,1.52,1.57,1.57,121503,3271,37.15,24.22%,5.62%,-0.951708,"15:20 ET"
TSLA,358.19,2026-09-30,2,Call,362.50,-1.38%,2.81,2.78,2.84,13758,385,35.74,42.19%,43.22%,0.365975,"15:23 ET"
INTC,115.93,2026-09-30,2,Call,121.00,-4.70%,0.66,0.67,0.7,7594,215,35.32,67.11%,71.37%,0.203442,"15:19 ET"
MU,1055.67,2026-09-28,0,Put,"1,050.00",-0.35%,0.52,0.53,0.53,34475,995,34.65,61.08%,10.57%,-0.169295,"15:20 ET"
AAPL,338.49,2026-09-28,0,Put,342.50,+1.02%,3.9,3.9,4.25,20738,600,34.56,24.22%,14.27%,-0.948056,"15:20 ET"
AMZN,246.07,2026-09-28,0,Call,245.00,+0.37%,0.99,1.06,1.16,19040,574,33.17,34.16%,4.33%,0.97913,"15:19 ET"
NU,12.3,2026-10-30,32,Put,12.00,-2.52%,0.5,0.56,0.6,8601,261,32.95,49.23%,48.87%,-0.399746,"15:23 ET"
AMC,3.33,2026-10-02,4,Put,3.50,+5.11%,0.27,0.28,0.28,10515,320,32.86,96.94%,126.02%,-0.619181,"15:19 ET"
MDB,341.2,2026-10-02,4,Put,300.00,-12.57%,1.1,1.21,1.35,4676,143,32.7,62.80%,91.47%,-0.079533,"15:20 ET"
SPCE,3.18,2026-10-30,32,Put,3.00,-5.96%,0.18,0.19,0.21,3781,119,31.77,83.68%,77.38%,-0.348902,"14:22 ET"
CLF,11.23,2026-10-16,18,Put,12.50,+11.81%,1.49,1.6,1.59,13206,426,31,65.22%,64.28%,-0.765023,"14:43 ET"
MU,1055.67,2026-09-28,0,Call,"1,065.00",-1.07%,0.14,0.17,0.16,26009,866,30.03,61.08%,10.94%,0.058418,"15:19 ET"
MU,1055.67,2026-09-28,0,Put,"1,045.00",-0.83%,0.11,0.12,0.12,23265,778,29.9,61.08%,11.38%,-0.044786,"15:20 ET"
CCL,22.32,2026-10-09,11,Call,23.00,-3.09%,0.65,0.69,0.72,14758,514,28.71,49.69%,62.41%,0.415238,"15:19 ET"
GOOGL,341.86,2026-10-05,7,Call,360.00,-5.25%,0.79,0.8,0.86,12536,437,28.69,33.32%,30.59%,0.118241,"15:19 ET"
MU,1055.67,2026-09-28,0,Call,"1,040.00",+1.30%,15.35,15.19,15.6,18501,662,27.95,61.08%,9.66%,0.998425,"15:19 ET"
TSLA,358.19,2026-09-30,2,Put,347.50,-2.81%,1.02,1.02,1.03,7849,283,27.73,42.19%,43.44%,-0.165245,"15:23 ET"
MSFT,510.16,2026-09-28,0,Call,510.00,+0.08%,0.69,0.72,0.77,61110,2336,26.16,29.81%,5.82%,0.556446,"15:20 ET"
APLD,24.67,2026-10-23,25,Call,34.00,-37.32%,0.33,0.37,0.36,3380,132,25.61,91.33%,95.27%,0.12514,"15:18 ET"
TSLA,358.19,2026-09-28,0,Put,362.50,+1.38%,4.2,4.3,4.45,62388,2493,25.03,42.19%,17.02%,-0.907059,"15:23 ET"
META,717.67,2026-09-28,0,Put,720.00,+0.17%,2.17,2.38,2.47,42560,1717,24.79,41.38%,11.08%,-0.61391,"15:20 ET"
GOOGL,341.86,2026-09-28,0,Call,342.50,-0.13%,0.2,0.23,0.24,32673,1334,24.49,33.32%,6.55%,0.298893,"15:20 ET"
TSLA,358.19,2026-09-30,2,Call,365.00,-2.08%,2.06,2.07,2.08,20320,837,24.28,42.19%,43.58%,0.290308,"15:23 ET"
FCEL,16.03,2026-10-23,25,Call,20.00,-24.30%,0.4,0.4,0.5,3312,137,24.18,93.21%,94.08%,0.222174,"15:19 ET"
GOOGL,341.86,2026-09-28,0,Put,342.50,+0.13%,0.93,0.99,1.03,18738,779,24.05,33.32%,8.74%,-0.656436,"15:19 ET"
CORZ,16.59,2026-11-20,53,Put,13.00,-21.97%,0.45,0.48,0.49,5000,213,23.47,76.34%,77.44%,-0.158541,"11:32 ET"
ORCL,132.85,2026-10-02,4,Call,134.00,-0.65%,2.58,2.65,2.66,2810,122,23.03,51.39%,56.57%,0.455018,"15:22 ET"
SOFI,15.93,2026-10-09,11,Call,15.50,+2.58%,0.73,0.72,0.76,3258,143,22.78,50.04%,45.58%,0.652604,"15:14 ET"
STX,926.56,2026-10-02,4,Call,"1,000.00",-8.13%,8.1,8.6,9,6540,288,22.71,70.77%,81.60%,0.200982,"15:22 ET"
GTLB,46.03,2026-10-02,4,Call,50.00,-8.41%,0.15,0.23,0.25,3598,160,22.49,53.76%,66.95%,0.127933,"15:17 ET"
SOLS,57.3,2026-11-20,53,Call,50.00,+12.34%,8.7,9,9.2,4002,181,22.11,46.91%,51.67%,0.790707,"15:09 ET"
META,717.67,2026-09-30,2,Call,735.00,-2.25%,4.5,4.71,4.9,2443,111,22.01,41.38%,50.87%,0.28432,"15:20 ET"
AMD,607.46,2026-09-28,0,Put,602.50,-0.73%,0.08,0.1,0.1,11550,529,21.83,54.46%,11.73%,-0.056765,"15:19 ET"
PCT,4.68,2027-03-19,172,Call,5.00,-6.61%,1.15,1.15,1.2,2897,133,21.78,95.88%,99.72%,0.608141,"15:23 ET"
TSLA,358.19,2026-09-30,2,Call,367.50,-2.78%,1.49,1.48,1.52,7837,361,21.71,42.19%,44.19%,0.225677,"15:23 ET"
ZM,87.51,2026-10-02,4,Call,95.00,-8.53%,0.09,0.1,0.13,5246,242,21.68,39.14%,49.05%,0.058237,"15:17 ET"
INTC,115.93,2026-09-30,2,Call,118.00,-2.10%,1.4,1.45,1.44,5266,245,21.49,67.11%,70.01%,0.358669,"15:18 ET"
MU,1055.67,2026-09-28,0,Call,"1,050.00",+0.35%,5.8,6,6.05,42693,2001,21.34,61.08%,9.61%,0.854153,"15:20 ET"
CRWV,85.91,2026-10-23,25,Call,97.00,-12.73%,2.75,2.91,2.91,3768,177,21.29,76.40%,73.24%,0.298962,"14:47 ET"
EIX,51.69,2026-11-20,53,Call,52.50,-1.41%,2.45,2.45,2.55,5665,268,21.14,38.04%,37.08%,0.477858,"15:17 ET"
VST,138.02,2026-11-20,53,Put,115.00,-16.67%,1.52,1.57,1.7,14706,698,21.07,45.07%,46.01%,-0.124215,"15:00 ET"
ONDS,7.72,2029-01-19,844,Put,7.00,-9.33%,2.82,2.83,2.87,2338,111,21.06,75.45%,86.59%,-0.222376,"15:15 ET"
INTC,115.93,2026-09-28,0,Put,116.00,+0.37%,0.46,0.53,0.51,16527,799,20.68,67.11%,11.10%,-0.706088,"15:19 ET"
AMD,607.46,2026-09-28,0,Call,600.00,+1.14%,7.85,8.2,8.5,13447,654,20.56,54.46%,10.67%,0.993616,"15:20 ET"
TSLA,358.19,2026-09-30,2,Call,355.00,+0.72%,6.25,6.3,6.35,3040,149,20.4,42.19%,41.92%,0.625401,"15:24 ET"
AAPL,338.49,2026-09-30,2,Call,332.50,+1.93%,6.55,6.6,6.75,2604,128,20.34,24.22%,26.17%,0.825768,"15:20 ET"
PCG,12.02,2026-12-18,81,Call,12.00,+0.08%,1.01,1.06,1.12,3363,166,20.26,42.53%,45.90%,0.552491,"15:07 ET"
CAAP,26.18,2026-10-16,18,Call,30.00,-14.90%,0.05,0.1,0.1,5105,254,20.1,38.03%,42.22%,0.071445,"15:19 ET"
BA,185.75,2026-10-02,4,Call,192.50,-3.96%,0.73,0.85,0.87,2076,107,19.4,34.66%,38.44%,0.196272,"15:18 ET"
INTC,115.93,2026-10-23,25,Call,123.00,-6.43%,6.05,5.95,6.2,2679,139,19.27,67.11%,74.39%,0.417521,"15:05 ET"
MU,1055.67,2026-09-28,0,Put,"1,055.00",+0.12%,1.91,1.96,2,23233,1207,19.25,61.08%,10.07%,-0.462368,"15:20 ET"
AMD,607.46,2026-09-28,0,Call,602.50,+0.73%,5.1,5.6,6.15,8827,459,19.23,54.46%,7.74%,0.99174,"15:18 ET"
BA,185.75,2026-10-02,4,Put,180.00,-2.79%,0.78,0.85,0.92,5711,303,18.85,34.66%,37.64%,-0.2031,"15:18 ET"
AAPL,338.49,2026-09-30,2,Put,340.00,+0.29%,3.15,3.15,3.3,12972,711,18.24,24.22%,24.11%,-0.593551,"15:20 ET"
NVDA,229.83,2026-09-30,2,Put,227.50,-1.06%,1.37,1.38,1.39,17794,976,18.23,34.82%,34.72%,-0.344693,"15:23 ET"
SNDK,1708.97,2026-10-02,4,Call,"1,700.00",+0.55%,60.9,61.9,61.4,6434,356,18.07,70.82%,78.86%,0.544197,"15:22 ET"
INTC,115.93,2026-09-28,0,Put,115.00,-0.49%,0.08,0.1,0.09,31578,1760,17.94,67.11%,12.70%,-0.199288,"15:19 ET"
TSM,453.49,2026-10-16,18,Call,505.00,-11.39%,1.76,1.83,1.89,2380,135,17.63,34.68%,37.04%,0.10567,"15:22 ET"
TSLA,358.19,2026-10-30,32,Call,365.00,-2.08%,16.6,16.7,16.75,3205,186,17.23,42.19%,45.23%,0.481855,"15:20 ET"
NVDA,229.83,2026-09-30,2,Call,235.00,-2.20%,0.6,0.59,0.61,100066,5817,17.2,34.82%,34.22%,0.190895,"15:23 ET"
INTC,115.93,2026-09-30,2,Call,117.00,-1.24%,1.79,1.79,1.8,4250,248,17.14,67.11%,70.16%,0.421815,"15:20 ET"
ABT,100.85,2027-02-19,144,Call,120.00,-18.94%,1.55,1.6,1.8,3255,190,17.13,29.55%,27.60%,0.188323,"14:19 ET"
BA,185.75,2026-10-02,4,Call,190.00,-2.61%,1.33,1.37,1.44,5003,293,17.08,34.66%,38.49%,0.298242,"15:20 ET"
IREN,42.09,2027-05-21,235,Put,40.00,-5.17%,8.95,9.24,9.55,2100,123,17.07,80.04%,83.91%,-0.329956,"12:51 ET"
NVDA,229.83,2026-10-09,11,Call,247.50,-7.64%,0.52,0.54,0.54,1803,107,16.85,34.82%,31.33%,0.092906,"15:00 ET"
DNN,2.6,2026-11-20,53,Call,3.00,-15.38%,0.1,0.1,0.15,3230,195,16.56,62.24%,64.62%,0.334762,"13:06 ET"
MDT,88.81,2026-10-16,18,Call,92.00,-3.69%,1.24,1.32,1.62,2597,157,16.54,30.30%,34.39%,0.3329,"15:13 ET"
QCOM,187.97,2026-10-02,4,Put,182.50,-2.53%,2.07,2.22,2.14,6246,379,16.48,51.88%,56.43%,-0.2921,"15:17 ET"
CMG,32.24,2026-10-09,11,Call,32.00,+1.84%,1.25,1.4,1.33,2286,139,16.45,44.39%,46.37%,0.588813,"14:51 ET"
CMG,32.24,2026-10-09,11,Call,34.00,-4.29%,0.44,0.5,0.52,6552,401,16.34,44.39%,46.69%,0.299962,"15:16 ET"
NVO,38.65,2026-10-30,32,Put,35.00,-9.54%,0.22,0.24,0.26,3845,238,16.16,34.77%,30.99%,-0.129694,"15:11 ET"
AMD,607.46,2026-09-30,2,Call,610.00,-0.50%,9,9.1,9.2,1776,110,16.15,54.46%,54.93%,0.48234,"15:20 ET"
AG,18.08,2026-10-30,32,Call,21.00,-16.15%,0.4,0.43,0.47,1609,100,16.09,61.19%,62.18%,0.241652,"15:17 ET"
TSLA,358.19,2026-10-05,7,Put,275.00,-23.09%,0.09,0.1,0.11,2003,125,16.02,42.19%,80.37%,-0.007372,"13:07 ET"
MSFT,510.16,2026-09-30,2,Call,522.50,-2.37%,0.87,0.93,0.95,4615,288,16.02,29.81%,30.81%,0.152003,"15:20 ET"
TSLA,358.19,2026-09-28,0,Put,365.00,+2.08%,6.7,6.85,7,38839,2425,16.02,42.19%,25.09%,-0.922668,"15:23 ET"
KMT,32.04,2026-10-16,18,Call,35.00,-9.20%,0.25,0.3,0.3,4452,278,16.01,48.44%,41.65%,0.17893,"15:17 ET"
CCL,22.32,2026-12-18,81,Put,21.00,-5.87%,1.25,1.33,1.33,16664,1052,15.84,49.69%,47.12%,-0.343196,"15:17 ET"
TSLA,358.19,2026-09-30,2,Put,350.00,-2.11%,1.47,1.48,1.5,12864,819,15.71,42.19%,42.81%,-0.223449,"15:24 ET"
TGT,158.65,2026-10-02,4,Call,167.50,-5.70%,0.17,0.16,0.2,2392,153,15.63,35.47%,35.16%,0.072226,"15:11 ET"
ORCL,132.85,2026-10-02,4,Call,133.00,+0.11%,3,3.1,3.1,1872,120,15.6,51.39%,56.09%,0.505233,"15:22 ET"
BA,185.75,2026-10-02,4,Call,195.00,-5.31%,0.44,0.44,0.48,5957,382,15.59,34.66%,39.11%,0.12408,"15:20 ET"
MSFT,510.16,2026-09-28,0,Put,510.00,-0.08%,0.56,0.58,0.63,23213,1533,15.14,29.81%,6.58%,-0.451872,"15:20 ET"
VRT,244.46,2026-11-20,53,Put,185.00,-24.34%,2.61,2.95,3.1,6657,440,15.13,58.93%,62.36%,-0.09484,"14:43 ET"
NVDA,229.83,2026-10-05,7,Call,242.50,-5.46%,0.43,0.46,0.46,3080,204,15.1,34.82%,29.73%,0.100853,"15:23 ET"
GOOGL,341.86,2026-11-20,53,Call,355.00,-3.79%,13.6,13.75,13.85,28029,1873,14.96,33.32%,35.65%,0.432319,"15:19 ET"
NFLX,69,2026-10-09,11,Call,70.00,-1.23%,1.16,1.16,1.17,2352,160,14.7,37.24%,32.44%,0.423202,"15:19 ET"
INTC,115.93,2026-09-30,2,Call,119.00,-2.97%,1.1,1.12,1.14,1995,136,14.67,67.11%,70.36%,0.300821,"15:18 ET"
SHOP,142.74,2026-11-20,53,Put,105.00,-26.44%,1.39,1.51,1.62,11530,790,14.59,60.76%,65.16%,-0.083737,"15:14 ET"
AVGO,349.74,2026-09-28,0,Call,350.00,+0.10%,0.47,0.48,0.5,9556,656,14.57,36.20%,7.19%,0.477798,"15:19 ET"
TSLA,358.19,2026-09-30,2,Put,352.50,-1.42%,2.11,2.12,2.15,5813,402,14.46,42.19%,42.51%,-0.294772,"15:23 ET"
TSLA,358.19,2026-09-30,2,Put,362.50,+1.38%,6.95,7,7.05,12169,842,14.45,42.19%,43.57%,-0.633611,"15:24 ET"
NVDA,229.83,2026-09-30,2,Call,237.50,-3.29%,0.29,0.28,0.3,33358,2323,14.36,34.82%,35.16%,0.104382,"15:23 ET"
REZI,18.31,2027-02-19,144,Call,20.00,-9.47%,1.6,1.9,2.05,2910,204,14.26,54.98%,51.75%,0.476104,"15:16 ET"
META,717.67,2026-09-30,2,Call,720.00,-0.17%,9.8,10,10.25,2268,160,14.18,41.38%,49.78%,0.490541,"15:20 ET"
CLF,11.23,2026-10-09,11,Call,11.50,-2.86%,0.32,0.35,0.38,1477,105,14.07,65.22%,63.99%,0.415041,"15:15 ET"
META,717.67,2026-09-28,0,Put,722.50,+0.51%,3.9,4.4,4.6,17381,1241,14.01,41.38%,12.28%,-0.7909,"15:20 ET"
NVDA,229.83,2026-10-07,9,Call,235.00,-2.20%,2.31,2.33,2.4,1653,118,14.01,34.82%,30.49%,0.33296,"15:21 ET"
DOW,28.07,2029-01-19,844,Call,35.00,-24.51%,4.3,4.6,4.6,1500,108,13.89,40.46%,41.77%,0.451301,"14:28 ET"
NVDA,229.83,2026-09-28,0,Call,230.00,-0.03%,0.19,0.19,0.2,354577,25782,13.75,34.82%,6.32%,0.374147,"15:24 ET"
META,717.67,2026-09-30,2,Call,725.00,-0.86%,7.65,7.87,8.15,2417,176,13.73,41.38%,50.11%,0.416869,"15:20 ET"
NVDA,229.83,2026-10-05,7,Put,230.00,+0.03%,3.7,3.75,3.8,3061,224,13.67,34.82%,29.02%,-0.498285,"15:23 ET"
AMZN,246.07,2026-09-30,2,Call,247.50,-0.65%,1.59,1.6,1.64,10997,810,13.58,34.16%,30.52%,0.408891,"15:19 ET"
INTC,115.93,2026-09-30,2,Put,113.00,-2.22%,1.25,1.23,1.28,2798,207,13.52,67.11%,69.83%,-0.317662,"15:18 ET"
ORCL,132.85,2026-10-02,4,Call,135.00,-1.40%,2.22,2.24,2.28,7019,520,13.5,51.39%,57.25%,0.407114,"15:23 ET"
META,717.67,2026-09-28,0,Put,715.00,-0.53%,0.33,0.35,0.4,28546,2125,13.43,41.38%,10.74%,-0.170002,"15:20 ET"
Z,27.5,2026-10-16,18,Call,27.50,-0.29%,1.3,1.34,1.4,1701,127,13.39,59.48%,54.63%,0.529285,"15:15 ET"
CMG,32.24,2026-10-02,4,Call,32.50,+0.31%,0.65,0.74,0.77,2185,164,13.32,44.39%,54.06%,0.501267,"15:15 ET"
GAP,23.1,2026-10-02,4,Call,24.00,-3.90%,0.11,0.15,0.15,9643,726,13.28,45.11%,44.08%,0.217715,"15:19 ET"
INTC,115.93,2026-09-30,2,Call,115.00,+0.49%,2.7,2.75,2.75,3839,293,13.1,67.11%,70.05%,0.553663,"15:19 ET"
QURE,39.08,2026-10-16,18,Call,42.00,-8.84%,4.2,4.31,5.2,1335,102,13.09,146.50%,168.29%,0.500342,"15:00 ET"
TSLA,358.19,2026-09-30,2,Put,357.50,-0.02%,4.05,4.1,4.15,11326,871,13,42.19%,42.73%,-0.463696,"15:23 ET"
MCHP,77.63,2026-11-20,53,Put,77.50,-0.19%,6,6.05,6.4,2000,154,12.99,51.55%,53.84%,-0.452949,"14:58 ET"
ADBE,230.47,2027-09-17,354,Call,270.00,-17.25%,29.55,30.23,30.85,2004,155,12.93,40.41%,45.13%,0.483663,"13:33 ET"
MDB,341.2,2026-11-20,53,Put,280.00,-18.40%,7.2,7.53,7.8,1446,112,12.91,62.80%,61.12%,-0.160515,"15:19 ET"
ORCL,132.85,2027-12-17,445,Call,340.00,-155.37%,4.95,5.11,5.3,11081,860,12.88,51.39%,59.81%,0.146994,"13:59 ET"
ABCL,14.1,2026-11-20,53,Call,15.00,-5.63%,1.55,1.7,1.65,1310,102,12.84,93.15%,91.08%,0.501898,"15:09 ET"
TSLA,358.19,2026-10-05,7,Call,365.00,-2.08%,5.2,5.25,5.3,2087,166,12.57,42.19%,40.38%,0.385695,"15:23 ET"
MDB,341.2,2026-11-20,53,Call,330.00,+3.83%,37.65,39.58,38.95,1495,119,12.56,62.80%,61.21%,0.613941,"15:08 ET"
TSM,453.49,2027-04-16,200,Put,420.00,-7.36%,28.3,28.55,29,6074,485,12.52,34.68%,36.21%,-0.316629,"14:11 ET"
MRVL,251.6,2026-10-30,32,Call,310.00,-23.19%,4.2,4.75,4.6,1582,128,12.36,65.72%,67.46%,0.177114,"14:26 ET"
NVDA,229.83,2026-10-02,4,Put,240.00,+4.38%,10.45,10.67,10.8,3536,294,12.03,34.82%,33.47%,-0.891594,"15:22 ET"
NU,12.3,2026-10-16,18,Call,13.50,-9.67%,0.12,0.14,0.14,3219,268,12.01,49.23%,45.89%,0.196071,"15:23 ET"
U,39.9,2026-10-02,4,Put,39.50,-0.58%,0.85,0.91,0.98,1291,108,11.95,63.54%,66.47%,-0.429555,"15:21 ET"
AMZN,246.07,2026-10-02,4,Put,270.00,+9.80%,23.8,24.28,24.8,1424,120,11.87,34.16%,59.19%,-0.929571,"15:19 ET"
GRPN,19.83,2026-12-18,81,Call,30.00,-51.52%,0.75,0.8,0.9,1500,127,11.81,81.81%,86.90%,0.214765,"11:44 ET"
INTC,115.93,2026-10-16,18,Call,123.00,-6.43%,3.8,3.85,3.9,2200,189,11.64,67.11%,64.87%,0.364937,"15:13 ET"
AMD,607.46,2026-09-28,0,Put,610.00,+0.50%,2.31,2.46,2.44,9378,806,11.64,54.46%,10.91%,-0.68709,"15:19 ET"
ORCL,132.85,2027-12-17,445,Call,180.00,-35.20%,20.65,20.9,21.35,10109,869,11.63,51.39%,58.15%,0.453787,"15:23 ET"
TSLA,358.19,2026-09-30,2,Call,370.00,-3.48%,1.06,1.07,1.08,19141,1661,11.52,42.19%,44.68%,0.171189,"15:23 ET"
CVNA,60.8,2026-10-02,4,Call,59.00,+2.83%,2.81,2.62,2.94,1379,121,11.4,68.40%,71.57%,0.674767,"15:03 ET"
META,717.67,2026-10-30,32,Put,705.00,-1.92%,29.95,29.15,30.55,1546,136,11.37,41.38%,44.82%,-0.408453,"14:15 ET"
TSM,453.49,2026-10-16,18,Put,435.00,-4.05%,6.4,6.48,6.6,2219,197,11.26,34.68%,35.64%,-0.280615,"15:07 ET"
INTC,115.93,2026-10-02,4,Call,116.00,-0.37%,3.25,3.35,3.35,5524,491,11.25,67.11%,71.58%,0.499931,"15:18 ET"
AAPL,338.49,2027-04-16,200,Call,315.00,+7.09%,44,45.96,46.25,1764,158,11.16,24.22%,28.82%,0.706231,"12:12 ET"
PANW,393.07,2026-10-02,4,Call,420.00,-6.64%,2.1,2.24,2.44,2239,202,11.08,55.57%,63.34%,0.168342,"15:22 ET"
AAPL,338.49,2026-09-30,2,Put,337.50,-0.45%,1.93,1.95,2,9096,823,11.05,24.22%,24.48%,-0.430305,"15:20 ET"
TSLA,358.19,2026-10-07,9,Call,375.00,-4.88%,3.45,3.5,3.65,1787,165,10.83,42.19%,41.78%,0.258666,"15:19 ET"
VFC,14.52,2026-10-23,25,Call,15.00,-3.09%,0.4,0.54,0.6,1260,117,10.77,47.13%,46.49%,0.417457,"14:24 ET"
MDB,341.2,2026-10-02,4,Put,320.00,-6.74%,4.2,4.2,4.7,1330,124,10.73,62.80%,89.85%,-0.227954,"15:12 ET"
VZ,46.67,2026-10-02,4,Call,46.50,+0.47%,0.58,0.64,0.66,1867,174,10.73,24.96%,27.69%,0.551763,"15:15 ET"
AUR,5.43,2027-05-21,235,Call,7.00,-28.44%,0.75,0.9,0.9,1123,105,10.7,74.72%,73.24%,0.463669,"15:18 ET"
AAPL,338.49,2026-09-30,2,Call,342.50,-1.02%,0.9,0.93,0.93,17956,1685,10.66,24.22%,23.81%,0.257028,"15:19 ET"
TSLA,358.19,2026-09-30,2,Call,385.00,-7.67%,0.18,0.19,0.19,18576,1744,10.65,42.19%,52.54%,0.034107,"15:23 ET"
TSM,453.49,2027-12-17,445,Call,470.00,-3.67%,80.4,81.75,82.6,3005,283,10.62,34.68%,40.64%,0.591388,"13:54 ET"
PTEN,10.89,2027-01-15,109,Call,11.00,-1.10%,1.05,1.3,1.35,5010,474,10.57,56.74%,52.54%,0.542649,"14:48 ET"
BA,185.75,2026-10-02,4,Put,182.50,-1.44%,1.3,1.52,1.56,2709,257,10.54,34.66%,36.26%,-0.309447,"15:18 ET"
YETI,43.6,2026-10-16,18,Call,45.00,-3.00%,0.9,0.91,0.95,2619,250,10.48,43.03%,38.04%,0.378546,"15:18 ET"
MGM,31.93,2026-11-20,53,Call,33.00,-3.03%,1.5,1.65,1.65,1445,138,10.47,38.46%,39.22%,0.467212,"14:58 ET"
AMD,607.46,2026-09-30,2,Call,647.50,-6.68%,0.87,0.9,0.9,2826,271,10.43,54.46%,58.04%,0.076581,"15:18 ET"
VST,138.02,2026-10-02,4,Call,147.00,-6.51%,0.41,0.45,0.54,1751,168,10.42,45.07%,51.80%,0.129724,"15:08 ET"
ONDS,7.72,2029-01-19,844,Put,15.00,+94.30%,8.8,8.85,9,2397,230,10.42,75.45%,86.40%,-0.463578,"14:37 ET"
META,717.67,2026-09-30,2,Put,722.50,+0.51%,12.15,12.6,12.9,1193,115,10.37,41.38%,49.86%,-0.547224,"15:20 ET"
INTC,115.93,2026-09-30,2,Call,120.00,-3.83%,0.86,0.88,0.89,6789,662,10.26,67.11%,70.78%,0.248788,"15:19 ET"
PINS,18.42,2027-09-17,354,Put,18.00,-2.28%,3.15,3.31,3.45,1281,126,10.17,55.37%,54.52%,-0.360017,"12:52 ET"
MU,1055.67,2026-09-28,0,Put,"1,060.00",+0.59%,5.1,5.2,5.35,10637,1046,10.17,61.08%,10.57%,-0.78223,"15:20 ET"
GLXY,23.41,2026-10-09,11,Put,23.00,-2.13%,1.09,1.09,1.19,6083,602,10.1,83.84%,83.87%,-0.420441,"14:55 ET"
AAPL,338.49,2026-09-30,2,Call,345.00,-1.76%,0.42,0.44,0.47,22878,2276,10.05,24.22%,23.99%,0.145188,"15:20 ET"
TSLA,358.19,2026-10-05,7,Call,370.00,-3.48%,3.65,3.72,3.8,2035,204,9.98,42.19%,40.81%,0.29888,"15:23 ET"
CCL,22.32,2026-10-02,4,Call,21.50,+3.63%,1.22,1.26,1.31,2046,206,9.93,49.69%,84.76%,0.682536,"15:17 ET"
MSFT,510.16,2026-09-30,2,Put,505.00,-1.06%,2.41,2.52,2.55,6463,651,9.93,29.81%,30.97%,-0.321773,"15:19 ET"
ACN,173.58,2026-10-02,4,Call,200.00,-14.69%,0.75,1,1,1548,156,9.92,54.41%,101.28%,0.103791,"14:14 ET"
INTC,115.93,2026-09-28,0,Put,117.00,+1.24%,1.33,1.14,1.42,16006,1619,9.89,67.11%,12.49%,-0.970074,"15:18 ET"
VST,138.02,2026-10-02,4,Call,137.00,+0.73%,3.05,3.54,3.5,1065,108,9.86,45.07%,47.06%,0.572901,"12:30 ET"
UBER,68.17,2026-10-02,4,Call,66.00,+3.14%,2.45,2.45,2.51,1634,166,9.84,36.88%,38.26%,0.795124,"15:20 ET"
CLOV,4.3,2026-10-09,11,Put,4.00,-6.98%,0.12,0.13,0.14,2032,207,9.82,72.62%,87.85%,-0.291309,"14:02 ET"
NVDA,229.83,2026-09-30,2,Call,240.00,-4.38%,0.15,0.15,0.16,35334,3603,9.81,34.82%,37.08%,0.057982,"15:23 ET"
MU,1055.67,2026-10-16,18,Call,"2,240.00",-112.58%,0.05,0.11,0.38,1232,126,9.78,61.08%,116.56%,0.002808,"12:14 ET"
MU,1055.67,2026-09-28,0,Call,"1,030.00",+2.25%,25.3,25,25.6,3042,311,9.78,61.08%,15.78%,0.998601,"15:20 ET"
TSLA,358.19,2026-10-05,7,Call,445.00,-24.45%,0.09,0.1,0.1,1539,158,9.74,42.19%,64.75%,0.009053,"15:01 ET"
CELH,28.33,2026-10-09,11,Call,28.50,-0.32%,0.95,1,1.02,1498,154,9.73,58.76%,53.00%,0.500549,"15:19 ET"
RIVN,14.84,2026-10-30,32,Put,13.00,-12.40%,0.32,0.33,0.33,1625,167,9.73,59.27%,60.88%,-0.199475,"15:24 ET"
TSLA,358.19,2026-09-30,2,Put,355.00,-0.72%,2.97,3,3.05,13961,1435,9.73,42.19%,42.65%,-0.376833,"15:23 ET"
META,717.67,2026-09-30,2,Put,717.50,-0.18%,9.7,10.4,10.1,1425,150,9.5,41.38%,49.85%,-0.472207,"15:19 ET"
TSLA,358.19,2026-10-05,7,Put,325.00,-9.11%,0.53,0.55,0.56,1717,181,9.49,42.19%,45.40%,-0.055541,"15:21 ET"
MDB,341.2,2027-01-15,109,Put,270.00,-21.31%,15.2,15.4,16.15,1666,178,9.36,62.80%,65.64%,-0.193541,"14:34 ET"
GME,23.89,2026-11-20,53,Put,19.00,-20.54%,0.12,0.18,0.19,1257,135,9.31,51.36%,44.63%,-0.078626,"12:05 ET"
GDDY,94.46,2026-10-16,18,Put,80.00,-15.15%,0.25,0.35,0.4,2686,289,9.29,52.39%,51.56%,-0.065761,"10:15 ET"
NVDA,229.83,2026-10-05,7,Put,207.50,-9.76%,0.14,0.15,0.16,1615,174,9.28,34.82%,39.88%,-0.029929,"13:50 ET"
AMD,607.46,2026-09-30,2,Call,607.50,-0.09%,10.15,10.25,10.4,981,106,9.25,54.46%,54.71%,0.522646,"15:20 ET"
TSLA,358.19,2026-10-05,7,Call,367.50,-2.78%,4.35,4.4,4.5,988,107,9.23,42.19%,40.54%,0.340612,"15:23 ET"
AMD,607.46,2027-01-15,109,Call,820.00,-35.10%,19.05,19.4,19.85,2227,242,9.2,54.46%,55.36%,0.213376,"13:38 ET"
NVDA,229.83,2026-10-09,11,Put,232.50,+1.11%,6.2,6.15,6.3,1320,145,9.1,34.82%,30.41%,-0.573925,"14:52 ET"
CVNA,60.8,2026-10-16,18,Put,57.00,-6.13%,1.71,2.11,1.82,2876,316,9.1,68.40%,64.79%,-0.295783,"14:03 ET"
U,39.9,2026-10-02,4,Call,40.00,-0.68%,1,0.99,1.09,1073,118,9.09,63.54%,65.72%,0.49877,"15:23 ET"
MDB,341.2,2026-10-02,4,Put,295.00,-14.03%,0.71,0.82,0.94,1091,120,9.09,62.80%,91.59%,-0.056854,"15:16 ET"
TSLA,358.19,2026-09-30,2,Call,387.50,-8.37%,0.14,0.13,0.15,6327,703,9,42.19%,54.15%,0.026818,"15:18 ET"
AMD,607.46,2026-09-28,0,Put,607.50,+0.09%,0.93,1.02,1.01,11662,1296,9,54.46%,10.66%,-0.402382,"15:20 ET"
AMZN,246.07,2026-10-02,4,Put,262.50,+6.75%,15.5,16.46,17.3,901,101,8.92,34.16%,33.53%,-0.970292,"15:02 ET"
RKT,11.73,2026-10-23,25,Put,11.00,-6.14%,0.35,0.37,0.42,958,108,8.87,63.20%,58.49%,-0.308576,"14:13 ET"
AMD,607.46,2026-09-30,2,Put,575.00,-5.26%,1.11,1.17,1.14,1446,163,8.87,54.46%,58.07%,-0.090974,"15:18 ET"
CORZ,16.59,2026-11-20,53,Put,16.00,-3.96%,1.52,1.56,1.59,2712,307,8.83,76.34%,76.72%,-0.384045,"15:19 ET"
LW,43,2028-01-21,480,Put,35.00,-18.64%,2.95,3,3.7,1002,114,8.79,48.15%,39.16%,-0.23112,"12:09 ET"
INTC,115.93,2026-10-16,18,Call,131.00,-13.35%,2.05,2.05,2.12,2046,233,8.78,67.11%,66.92%,0.225324,"15:07 ET"
AMD,607.46,2026-09-28,0,Put,612.50,+0.92%,4.15,4.9,5.05,5259,602,8.74,54.46%,14.08%,-0.826719,"15:18 ET"
GOOGL,341.86,2026-09-28,0,Call,340.00,+0.60%,1.64,1.86,2.2,9748,1121,8.7,33.32%,7.08%,0.93358,"15:19 ET"
NDSN,332.19,2026-10-16,18,Call,350.00,-5.45%,0.8,0.9,1,920,106,8.68,20.95%,19.69%,0.126737,"15:14 ET"
NVDA,229.83,2027-04-16,200,Put,100.00,-56.51%,0.37,0.39,0.4,1259,145,8.68,34.82%,54.75%,-0.010597,"15:13 ET"
F,12.4,2026-10-09,11,Call,12.50,-0.81%,0.22,0.24,0.25,1750,202,8.66,36.44%,33.97%,0.444711,"15:19 ET"
SMMT,15.71,2026-10-02,4,Put,7.00,-55.44%,0,0.1,0.2,1185,137,8.65,157.27%,464.34%,-0.028392,"14:03 ET"
CLF,11.23,2026-10-02,4,Call,11.50,-2.86%,0.18,0.19,0.22,920,107,8.6,65.22%,72.89%,0.359874,"15:16 ET"
AMD,607.46,2026-09-30,2,Put,607.50,+0.09%,9.35,9.51,9.6,1419,166,8.55,54.46%,55.22%,-0.47779,"15:18 ET"
ALAB,352.83,2026-10-16,18,Put,330.00,-6.62%,15,16.01,16.55,1658,194,8.55,87.32%,85.77%,-0.323509,"15:16 ET"
GM,80.99,2026-11-20,53,Call,90.00,-10.85%,1.67,1.72,1.87,1271,149,8.53,36.33%,38.31%,0.264888,"15:13 ET"
NVDA,229.83,2026-10-05,7,Call,232.50,-1.11%,2.56,2.6,2.62,3646,428,8.52,34.82%,29.40%,0.39845,"15:23 ET"
NVDA,229.83,2026-10-05,7,Put,227.50,-1.06%,2.64,2.64,2.7,1678,198,8.47,34.82%,29.59%,-0.392585,"15:19 ET"
DASH,179.32,2026-10-02,4,Call,195.00,-8.60%,0.14,0.49,0.7,863,102,8.46,52.30%,57.99%,0.086092,"14:50 ET"
TE,3.6,2026-10-09,11,Call,4.00,-10.50%,0.1,0.15,0.15,1974,234,8.44,101.41%,107.15%,0.317505,"15:01 ET"
MSFT,510.16,2026-09-28,0,Put,512.50,+0.41%,2.29,2.38,2.75,7691,916,8.4,29.81%,9.16%,-0.829607,"15:19 ET"
TSLA,358.19,2026-10-02,4,Call,432.50,-20.96%,0.06,0.1,0.08,1116,133,8.39,42.19%,73.15%,0.00789,"14:39 ET"
NVO,38.65,2027-09-17,354,Put,40.00,+3.39%,5.95,6.09,6.15,5939,710,8.36,34.77%,36.25%,-0.454827,"14:43 ET"
MSFT,510.16,2026-09-28,0,Call,505.00,+1.06%,4.85,5.08,5.35,8466,1014,8.35,29.81%,7.81%,0.994322,"15:19 ET"
TSLA,358.19,2026-09-30,2,Put,340.00,-4.91%,0.36,0.37,0.37,3026,363,8.34,42.19%,47.56%,-0.065305,"15:23 ET"
TSM,453.49,2026-10-02,4,Call,472.50,-4.22%,1.13,1.12,1.15,2145,258,8.31,34.68%,35.10%,0.137089,"15:17 ET"
ACHR,5.24,2026-10-02,4,Call,5.00,+4.58%,0.28,0.32,0.36,1133,137,8.27,70.64%,82.74%,0.718567,"15:10 ET"
NVDA,229.83,2026-09-30,2,Put,235.00,+2.20%,5.7,5.82,5.85,1540,187,8.24,34.82%,32.94%,-0.819883,"15:21 ET"
TSLA,358.19,2026-10-02,4,Call,357.50,+0.02%,7.5,7.55,7.6,3294,400,8.24,42.19%,47.31%,0.531065,"15:23 ET"
AMC,3.33,2026-10-16,18,Put,3.50,+5.11%,0.38,0.39,0.39,1095,135,8.11,96.94%,97.70%,-0.545426,"15:20 ET"
TSLA,358.19,2026-09-30,2,Put,360.00,+0.68%,5.4,5.45,5.5,14738,1839,8.01,42.19%,43.21%,-0.55082,"15:24 ET"
CCL,22.32,2026-10-30,32,Put,19.00,-14.84%,0.18,0.21,0.22,1025,128,8.01,49.69%,49.35%,-0.117348,"15:11 ET"
META,717.67,2026-09-30,2,Call,740.00,-2.95%,3.4,3.65,3.7,2162,270,8.01,41.38%,51.27%,0.228454,"15:20 ET"
AFRM,68.25,2026-10-02,4,Call,73.00,-7.27%,0.3,0.35,0.39,1601,201,7.97,58.76%,61.76%,0.154386,"15:13 ET"
ONON,29.89,2026-10-16,18,Call,33.00,-10.33%,0.24,0.25,0.27,13611,1709,7.96,45.96%,43.98%,0.170707,"14:53 ET"
ORCL,132.85,2026-10-02,4,Put,129.00,-3.11%,1.37,1.4,1.42,3174,400,7.94,51.39%,53.67%,-0.289618,"15:23 ET"
NVDA,229.83,2026-11-06,39,Call,255.00,-10.90%,2.03,2.03,2.17,2380,301,7.91,34.82%,31.17%,0.174561,"15:23 ET"
CVS,88.31,2026-10-02,4,Put,89.00,+0.76%,1.56,1.59,1.66,996,126,7.9,35.39%,33.80%,-0.576634,"15:03 ET"
AMZN,246.07,2026-09-28,0,Put,247.50,+0.65%,1.46,1.54,1.64,16968,2151,7.89,34.16%,12.42%,-0.808309,"15:20 ET"
META,717.67,2026-12-18,81,Call,890.00,-23.82%,11.85,12.7,12.35,1944,247,7.87,41.38%,41.95%,0.173164,"14:07 ET"
ARM,284.8,2026-10-02,4,Put,240.00,-15.45%,0.13,0.25,0.25,857,109,7.86,72.46%,82.18%,-0.020427,"15:14 ET"
AMD,607.46,2026-09-28,0,Put,622.50,+2.56%,13.8,15.59,15.5,1537,196,7.84,54.46%,33.58%,-0.906378,"15:03 ET"
GAP,23.1,2026-10-23,25,Call,24.00,-3.90%,0.44,0.52,0.54,1112,143,7.78,45.11%,34.70%,0.359889,"15:07 ET"
MSFT,510.16,2026-09-30,2,Call,532.50,-4.33%,0.21,0.23,0.24,2706,349,7.75,29.81%,33.50%,0.043823,"15:19 ET"
INTC,115.93,2026-10-16,18,Call,132.00,-14.22%,1.9,1.91,1.97,974,126,7.73,67.11%,67.27%,0.211716,"14:25 ET"
GEN,20.91,2026-10-16,18,Call,23.00,-9.63%,0.1,0.28,0.45,2007,262,7.66,54.21%,50.62%,0.216092,"14:18 ET"
AMZN,246.07,2026-10-02,4,Call,230.00,+6.47%,15.55,17.69,17.2,1030,137,7.52,34.16%,38.37%,0.956833,"13:53 ET"
CRWD,259.58,2026-10-16,18,Put,250.00,-3.50%,8.1,8.3,8.45,4660,620,7.52,56.12%,56.05%,-0.353701,"15:15 ET"
NOW,131.29,2026-10-02,4,Call,132.00,-0.59%,2.95,3.02,3.1,1442,192,7.51,55.34%,61.16%,0.479924,"15:23 ET"
NVDA,229.83,2026-10-05,7,Call,237.50,-3.29%,1.1,1.11,1.15,2604,347,7.5,34.82%,29.22%,0.216181,"15:23 ET"
GOOGL,341.86,2026-09-30,2,Put,340.00,-0.60%,2.46,2.58,2.58,6574,876,7.5,33.32%,33.68%,-0.406371,"15:20 ET"
CCL,22.32,2029-01-19,844,Call,30.00,-34.47%,3.9,4.1,4.2,1002,134,7.48,49.69%,46.19%,0.474427,"13:01 ET"
AMD,607.46,2026-09-30,2,Put,605.00,-0.32%,8.2,8.5,8.4,1454,195,7.46,54.46%,55.28%,-0.437797,"15:17 ET"
AAPL,338.49,2026-09-30,2,Put,342.50,+1.02%,4.8,5.1,5.05,2394,321,7.46,24.22%,24.22%,-0.741074,"15:19 ET"
EDIT,2.49,2026-10-16,18,Put,2.50,+0.40%,0.15,0.2,0.2,2056,276,7.45,94.14%,79.08%,-0.466169,"13:03 ET"
AMZN,246.07,2026-10-09,11,Call,247.50,-0.65%,4.45,4.51,4.55,2152,289,7.45,34.16%,29.48%,0.475141,"15:20 ET"
INTC,115.93,2026-10-05,7,Put,112.00,-3.09%,2.2,2.44,2.31,1172,160,7.33,67.11%,60.83%,-0.33447,"15:06 ET"
MU,1055.67,2026-09-28,0,Put,"1,065.00",+1.07%,9.65,10.15,9.85,3370,460,7.33,61.08%,12.23%,-0.924789,"15:19 ET"
FIG,20.26,2026-10-02,4,Call,21.50,-6.02%,0.22,0.22,0.25,5616,767,7.32,73.49%,77.80%,0.248744,"15:19 ET"
AVGO,349.74,2026-09-30,2,Put,357.50,+2.04%,8.65,7.65,9.45,965,132,7.31,36.20%,40.66%,-0.756856,"14:57 ET"
PANW,393.07,2029-01-19,844,Call,500.00,-26.95%,112,113.72,119.9,784,108,7.26,55.57%,57.28%,0.613307,"14:42 ET"
META,717.67,2026-09-30,2,Put,690.00,-4.01%,1.77,1.91,1.9,2303,318,7.24,41.38%,50.65%,-0.133022,"15:19 ET"
MRNA,198.45,2026-10-02,4,Put,162.50,-18.26%,0.1,0.13,0.19,976,135,7.23,89.01%,94.53%,-0.019508,"14:18 ET"
ALL,227.57,2026-10-16,18,Put,210.00,-7.91%,0.7,0.72,0.85,2175,301,7.23,28.51%,30.14%,-0.103603,"14:56 ET"
META,717.67,2026-09-30,2,Call,730.00,-1.56%,6.1,6.1,6.35,2423,335,7.23,41.38%,50.93%,0.348906,"15:19 ET"
NVTS,11.81,2026-10-23,25,Put,11.00,-6.94%,0.53,0.54,0.67,1716,238,7.21,84.26%,80.52%,-0.327399,"13:09 ET"
CPNG,13.73,2026-12-18,81,Call,14.00,-1.38%,1.24,1.32,1.31,862,120,7.18,49.58%,51.96%,0.532066,"14:42 ET"
P,130.54,2026-10-16,18,Call,185.00,-42.10%,0.05,0.1,0.1,745,104,7.16,68.36%,66.76%,0.011754,"15:22 ET"
DHT,21.86,2026-11-20,53,Put,23.00,+5.46%,2.8,3,3.2,822,115,7.15,55.90%,62.09%,-0.56147,"13:11 ET"
NVDA,229.83,2026-09-30,2,Call,232.50,-1.11%,1.2,1.2,1.22,65500,9202,7.12,34.82%,34.02%,0.32451,"15:23 ET"
SNDK,1708.97,2026-10-02,4,Call,"1,710.00",-0.03%,56.1,56.7,56.5,787,112,7.03,70.82%,79.03%,0.515972,"15:23 ET"
INTU,268.7,2027-01-15,109,Call,290.00,-7.99%,20.9,21.7,21.8,923,132,6.99,49.67%,49.79%,0.450662,"14:57 ET"
AMZN,246.07,2026-10-05,7,Call,250.00,-1.67%,2.12,2.14,2.24,1133,163,6.95,34.16%,27.36%,0.353314,"15:12 ET"
MU,1055.67,2026-10-02,4,Put,"1,055.00",+0.12%,41.65,41.79,41.8,1775,256,6.93,61.08%,95.66%,-0.477093,"15:17 ET"
GOOG,338.61,2026-10-09,11,Put,322.50,-4.80%,1.63,1.55,1.69,1127,163,6.91,32.83%,30.58%,-0.169049,"14:41 ET"
JOE,66.33,2026-10-16,18,Call,70.00,-5.53%,0.4,0.46,0.55,855,124,6.9,32.99%,28.48%,0.207118,"14:05 ET"
INTC,115.93,2026-10-02,4,Call,117.00,-1.24%,2.87,2.97,2.92,3048,444,6.86,67.11%,72.46%,0.455242,"15:18 ET"
MDB,341.2,2026-10-02,4,Call,410.00,-19.48%,0.68,0.86,1,767,112,6.85,62.80%,105.13%,0.054847,"14:59 ET"
NVDA,229.83,2026-10-02,4,Put,232.50,+1.11%,4.7,4.75,4.8,4991,729,6.85,34.82%,33.46%,-0.624207,"15:21 ET"
CMG,32.24,2026-10-02,4,Call,33.00,-1.23%,0.49,0.57,0.55,2632,387,6.8,44.39%,55.79%,0.398745,"15:19 ET"
MU,1055.67,2026-10-02,4,Put,"1,060.00",+0.59%,44.4,44.5,44.55,2441,360,6.78,61.08%,95.93%,-0.49583,"15:18 ET"
BA,185.75,2027-06-17,262,Put,145.00,-21.69%,4.7,4.91,5.25,1507,223,6.76,34.66%,34.12%,-0.153955,"15:15 ET"
NFLX,69,2026-10-09,11,Call,69.00,+0.22%,1.6,1.6,1.65,1101,163,6.75,37.24%,32.63%,0.524643,"15:19 ET"
NBIS,233.01,2026-10-02,4,Call,237.50,-1.53%,6.45,6.48,6.55,2260,335,6.75,83.32%,86.34%,0.437515,"15:20 ET"
NIO,3.59,2026-10-16,18,Call,3.50,+2.51%,0.18,0.2,0.21,831,124,6.7,49.14%,46.12%,0.619532,"14:23 ET"
DOCN,136.54,2026-10-02,4,Call,150.00,-9.26%,1.1,1.45,1.5,706,106,6.66,87.33%,94.67%,0.184236,"14:59 ET"
LFCR,6.57,2026-12-18,81,Call,5.00,+23.78%,1.55,1.6,1.7,2536,381,6.66,43.41%,34.58%,0.964644,"14:06 ET"
INTC,115.93,2026-10-16,18,Put,104.00,-10.01%,1.92,1.98,1.97,3265,490,6.66,67.11%,63.03%,-0.200909,"15:10 ET"
MSFT,510.16,2026-09-30,2,Call,510.00,+0.08%,4.6,4.7,4.85,5373,809,6.64,29.81%,30.50%,0.513554,"15:20 ET"
AMD,607.46,2026-09-30,2,Put,600.00,-1.14%,6.1,6.22,6.35,5867,884,6.64,54.46%,55.25%,-0.359546,"15:19 ET"
TJX,130.26,2026-10-02,4,Call,132.00,-1.48%,0.65,0.7,0.8,800,121,6.61,25.72%,26.09%,0.318749,"14:53 ET"
HOOD,116.62,2026-10-02,4,Put,109.00,-6.65%,0.8,0.81,0.84,2292,348,6.59,62.93%,71.52%,-0.169675,"15:16 ET"
NVDA,229.83,2027-04-16,200,Call,300.00,-30.47%,6.75,6.93,7,1112,169,6.58,34.82%,36.50%,0.218885,"14:59 ET"
STZ,113.06,2027-01-15,109,Call,120.00,-6.33%,5.1,5.4,5.4,1318,201,6.56,35.74%,32.55%,0.402099,"15:18 ET"
META,717.67,2026-09-30,2,Call,745.00,-3.64%,2.66,2.63,2.82,1745,266,6.56,41.38%,52.35%,0.183632,"15:18 ET"
MRVL,251.6,2026-10-30,32,Call,280.00,-11.27%,9.4,9.6,9.8,1158,177,6.54,65.72%,65.34%,0.331156,"15:12 ET"
TSM,453.49,2026-10-16,18,Put,405.00,-10.67%,1.53,1.6,1.63,2736,419,6.53,34.68%,38.78%,-0.085151,"15:22 ET"
AMZN,246.07,2026-09-30,2,Call,250.00,-1.67%,0.83,0.84,0.85,8800,1348,6.53,34.16%,30.88%,0.252348,"15:20 ET"
TSLA,358.19,2026-09-30,2,Call,375.00,-4.88%,0.54,0.55,0.56,20350,3124,6.51,42.19%,46.44%,0.096344,"15:23 ET"
BE,265.34,2026-10-02,4,Call,267.50,-0.62%,8.05,8.38,8.65,799,123,6.5,80.39%,83.31%,0.484844,"15:20 ET"
APLD,24.67,2026-10-02,4,Put,23.50,-5.09%,0.34,0.35,0.37,2087,321,6.5,91.33%,81.10%,-0.266302,"15:19 ET"
AMD,607.46,2026-09-30,2,Put,577.50,-4.85%,1.31,1.41,1.37,998,154,6.48,54.46%,57.42%,-0.106175,"15:17 ET"
KVUE,17.86,2026-10-09,11,Call,18.00,-0.84%,0.15,0.19,0.23,1003,155,6.47,22.10%,20.58%,0.418073,"14:04 ET"
GOOGL,341.86,2026-09-30,2,Call,347.50,-1.59%,1.3,1.39,1.36,2088,323,6.46,33.32%,33.61%,0.26155,"15:18 ET"
FISV,46.06,2027-03-19,172,Put,30.00,-34.92%,0.5,0.52,0.6,781,121,6.45,44.59%,49.58%,-0.069184,"15:16 ET"
META,717.67,2026-09-28,0,Put,725.00,+0.86%,5.85,7.05,7.35,9978,1548,6.45,41.38%,15.13%,-0.864547,"15:19 ET"
MSFT,510.16,2026-09-30,2,Call,515.00,-0.90%,2.59,2.63,2.68,5575,866,6.44,29.81%,30.54%,0.345461,"15:20 ET"
GOOG,338.61,2026-10-09,11,Put,317.50,-6.27%,0.99,1.01,1.04,706,110,6.42,32.83%,31.41%,-0.11107,"15:18 ET"
AMZN,246.07,2026-10-02,4,Call,235.00,+4.43%,11.3,12.08,11.8,1279,202,6.33,34.16%,33.22%,0.912602,"14:39 ET"
SNDK,1708.97,2026-10-02,4,Put,"1,720.00",+0.62%,61.7,62.57,62.3,733,116,6.32,70.82%,79.25%,-0.512444,"15:21 ET"
ORCL,132.85,2026-10-30,32,Call,135.00,-1.40%,7.3,7.45,7.55,907,144,6.3,51.39%,52.80%,0.49495,"15:16 ET"
CRWV,85.91,2026-10-23,25,Call,101.00,-17.37%,2.02,2.09,2.12,1119,178,6.29,76.40%,74.09%,0.23344,"14:35 ET"
NVDA,229.83,2026-10-02,4,Put,230.00,+0.03%,3.3,3.3,3.4,25425,4045,6.29,34.82%,33.91%,-0.502498,"15:23 ET"
INTC,115.93,2026-09-30,2,Put,117.00,+1.24%,3,3.15,3.15,2528,404,6.26,67.11%,68.08%,-0.581474,"15:13 ET"
GOOGL,341.86,2026-09-30,2,Call,342.50,-0.13%,3,3,3.25,4607,736,6.26,33.32%,33.73%,0.477812,"15:18 ET"
BN,36.33,2026-10-16,18,Put,36.00,-1.04%,0.85,0.85,0.9,7445,1194,6.24,32.73%,32.92%,-0.429133,"15:14 ET"
GOOGL,341.86,2026-11-20,53,Call,420.00,-22.79%,1.79,1.81,1.86,28023,4488,6.24,33.32%,36.84%,0.08722,"15:14 ET"
SNDK,1708.97,2026-10-02,4,Put,"1,620.00",-5.23%,20.5,20.5,20.8,935,150,6.23,70.82%,77.85%,-0.241231,"15:22 ET"
CMG,32.24,2026-10-09,11,Call,36.00,-10.43%,0.14,0.2,0.24,1147,184,6.23,44.39%,51.59%,0.134595,"15:10 ET"
CRWV,85.91,2026-10-23,25,Call,98.00,-13.89%,2.56,2.7,2.69,1050,169,6.21,76.40%,73.54%,0.281697,"14:57 ET"
XPEV,9.97,2026-10-02,4,Call,10.00,-0.30%,0.16,0.18,0.19,1336,215,6.21,51.71%,45.58%,0.483771,"15:17 ET"
INTC,115.93,2026-10-30,32,Call,118.00,-2.10%,9.1,9.25,9.3,729,118,6.18,67.11%,74.00%,0.512238,"15:00 ET"
NVO,38.65,2027-03-19,172,Put,37.50,-3.08%,2.84,2.91,3,5921,959,6.17,34.77%,33.80%,-0.396706,"14:43 ET"
NFLX,69,2026-10-02,4,Call,70.00,-1.23%,0.6,0.6,0.63,11125,1803,6.17,37.24%,34.76%,0.364808,"15:19 ET"
AAPL,338.49,2026-10-05,7,Call,342.50,-1.02%,2.17,2.42,2.42,941,153,6.15,24.22%,20.77%,0.354198,"15:12 ET"
KSS,18.39,2026-10-02,4,Call,19.50,-5.92%,0.11,0.14,0.17,1183,193,6.13,59.38%,66.45%,0.202269,"15:14 ET"
AAPL,338.49,2026-09-30,2,Put,332.50,-1.93%,0.58,0.58,0.62,6172,1007,6.13,24.22%,25.85%,-0.171501,"15:20 ET"
SPCX,146.15,2026-10-02,4,Call,147.00,-0.25%,2.87,2.87,2.89,8594,1401,6.13,48.61%,52.24%,0.478204,"15:23 ET"
CRWV,85.91,2027-04-16,200,Call,110.00,-27.83%,12.05,11.5,12.45,1055,173,6.1,76.40%,76.03%,0.453383,"11:35 ET"
PLTR,188.14,2026-10-30,32,Put,172.50,-8.23%,4.1,4.08,4.3,1400,230,6.09,53.42%,48.67%,-0.243592,"14:55 ET"
VICI,23.17,2029-01-19,844,Put,22.50,-3.14%,2.85,3.05,2.95,825,136,6.07,20.88%,21.20%,-0.404175,"15:00 ET"
NEM,116.47,2026-10-02,4,Call,125.00,-7.41%,0.03,0.17,0.19,2284,377,6.06,42.16%,41.14%,0.052839,"15:13 ET"
AVGO,349.74,2026-09-28,0,Call,347.50,+0.82%,2.24,2.5,3.15,1188,197,6.03,36.20%,14.87%,0.816989,"15:18 ET"
HPE,62.65,2026-10-02,4,Call,66.00,-5.30%,0.75,0.85,0.86,2440,405,6.02,63.05%,77.28%,0.270461,"14:58 ET"
AMZN,246.07,2026-10-09,11,Call,257.50,-4.72%,1.41,1.43,1.48,3004,499,6.02,34.16%,29.97%,0.205577,"15:19 ET"
BMY,63.71,2026-10-16,18,Put,62.00,-2.52%,0.93,1.07,1,3078,511,6.02,30.15%,29.50%,-0.336928,"14:59 ET"
TSLA,358.19,2026-10-02,4,Call,362.50,-1.38%,5.25,5.29,5.35,5842,973,6,42.19%,47.49%,0.420124,"15:23 ET"
SKHY,182.1,2026-10-02,4,Call,185.00,-1.68%,3.55,3.61,3.65,3028,505,6,58.80%,63.80%,0.421459,"15:22 ET"
NVAX,10.81,2026-10-02,4,Call,10.50,+3.76%,0.49,0.58,0.6,765,128,5.98,73.65%,82.41%,0.650025,"15:20 ET"
AAPL,338.49,2026-10-09,11,Put,340.00,+0.29%,5.6,5.83,5.9,2696,452,5.96,24.22%,21.79%,-0.531927,"15:19 ET"
LLY,1187.66,2026-10-02,4,Call,"1,230.00",-3.47%,4.65,4.65,5.2,1476,248,5.95,36.70%,37.28%,0.195118,"15:19 ET"
META,717.67,2026-10-02,4,Call,725.00,-0.86%,11.25,11.3,11.75,3667,616,5.95,41.38%,47.41%,0.443549,"15:19 ET"
RKT,11.73,2026-10-09,11,Call,13.00,-10.92%,0.1,0.12,0.14,3166,533,5.94,63.20%,62.16%,0.183063,"15:10 ET"
ZBH,91.19,2027-01-15,109,Call,100.00,-9.64%,2.75,2.85,3.4,835,141,5.92,33.06%,30.22%,0.336026,"13:51 ET"
AMZN,246.07,2026-09-30,2,Call,245.00,+0.37%,2.8,2.77,2.88,6391,1082,5.91,34.16%,30.57%,0.586569,"15:19 ET"
UBER,68.17,2026-10-16,18,Put,64.00,-6.08%,0.49,0.52,0.54,967,164,5.9,36.88%,33.23%,-0.182007,"15:16 ET"
WDC,457.75,2026-10-02,4,Call,540.00,-18.36%,0.57,0.69,0.87,925,157,5.89,70.60%,89.30%,0.042679,"14:29 ET"
LRCX,315.2,2026-11-20,53,Call,390.00,-23.96%,9.05,9.2,9.45,3463,590,5.87,62.18%,64.01%,0.231676,"15:19 ET"
SOFI,15.93,2026-10-02,4,Call,16.00,-0.57%,0.3,0.31,0.32,17112,2916,5.87,50.04%,51.83%,0.477111,"15:23 ET"
AMZN,246.07,2026-09-30,2,Call,235.00,+4.43%,10.8,12,12,662,113,5.86,34.16%,43.10%,0.92913,"15:11 ET"
BA,185.75,2026-10-02,4,Put,185.00,-0.09%,2.21,2.36,2.46,4975,851,5.85,34.66%,35.34%,-0.443668,"15:20 ET"
GS,916.17,2026-10-16,18,Call,995.00,-8.57%,6.25,7.07,7.3,970,166,5.84,35.51%,37.36%,0.172454,"14:34 ET"
INTC,115.93,2026-10-09,11,Call,116.00,-0.37%,5,5.13,5.15,641,110,5.83,67.11%,64.89%,0.514776,"15:18 ET"
SOFI,15.93,2026-11-06,39,Put,14.50,-8.86%,0.47,0.48,0.49,874,150,5.83,50.04%,53.56%,-0.260398,"15:06 ET"
MRNA,198.45,2026-10-02,4,Put,205.00,+3.11%,11.35,10.97,11.8,646,111,5.82,89.01%,92.73%,-0.614837,"14:52 ET"
AMD,607.46,2026-10-05,7,Put,550.00,-9.38%,1.37,1.6,1.63,918,158,5.81,54.46%,52.00%,-0.074379,"15:10 ET"
ACN,173.58,2026-11-20,53,Put,170.00,-2.51%,10.5,10.8,11.4,1888,326,5.79,54.41%,49.55%,-0.411378,"12:15 ET"
MSFT,510.16,2026-09-30,2,Call,520.00,-1.88%,1.3,1.34,1.38,6235,1077,5.79,29.81%,30.80%,0.206688,"15:19 ET"
ARM,284.8,2026-10-02,4,Call,305.00,-7.45%,3.25,3.4,3.45,622,108,5.76,72.46%,84.52%,0.2365,"15:20 ET"
LUNR,15.3,2027-03-19,172,Call,17.00,-10.46%,3.3,3.6,3.55,1541,269,5.73,88.38%,94.88%,0.57658,"11:14 ET"
AMD,607.46,2026-09-30,2,Put,592.50,-2.38%,3.8,3.95,3.95,904,158,5.72,54.46%,55.54%,-0.253311,"15:18 ET"
AMD,607.46,2026-09-30,2,Call,612.50,-0.92%,7.9,8,8.1,708,124,5.71,54.46%,55.02%,0.442517,"15:19 ET"
SNDK,1708.97,2026-10-09,11,Put,"1,800.00",+5.30%,134.7,135.68,138.7,845,148,5.71,70.82%,69.86%,-0.640732,"13:51 ET"
CRWV,85.91,2026-10-23,25,Call,96.00,-11.56%,3,2.6,3.2,3778,663,5.7,76.40%,73.57%,0.319046,"13:42 ET"
AMZN,246.07,2026-10-02,4,Call,242.50,+1.38%,5.35,5.7,5.65,1808,318,5.69,34.16%,32.60%,0.677737,"15:17 ET"
CRWV,85.91,2026-10-23,25,Call,99.00,-15.05%,2.3,2.55,2.46,1045,184,5.68,76.40%,73.09%,0.262524,"14:57 ET"
AMD,607.46,2026-09-30,2,Call,600.00,+1.14%,14.4,13.65,14.65,2107,372,5.66,54.46%,54.70%,0.641942,"15:12 ET"
PATH,12.21,2026-10-02,4,Call,12.50,-2.29%,0.22,0.22,0.24,616,109,5.65,55.65%,67.90%,0.390809,"15:22 ET"
ARM,284.8,2026-10-02,4,Put,245.00,-13.68%,0.29,0.34,0.39,735,130,5.65,72.46%,81.47%,-0.034342,"15:18 ET"
TSLA,358.19,2026-10-05,7,Call,390.00,-9.07%,0.84,0.84,0.87,7905,1401,5.64,42.19%,43.77%,0.087465,"15:22 ET"
AVGO,349.74,2026-09-28,0,Put,350.00,-0.10%,0.55,0.58,0.57,11250,1994,5.64,36.20%,7.16%,-0.524621,"15:20 ET"
KMX,57.56,2026-10-16,18,Put,55.00,-4.89%,2.4,2.45,2.55,2275,404,5.63,63.21%,74.69%,-0.349843,"15:18 ET"
CLF,11.23,2026-10-16,18,Put,11.50,+2.86%,0.76,0.87,0.84,14834,2633,5.63,65.22%,61.66%,-0.55895,"14:08 ET"
TSLA,358.19,2026-10-02,4,Put,295.00,-17.50%,0.1,0.1,0.12,3653,651,5.61,42.19%,81.81%,-0.010258,"15:14 ET"
NVDA,229.83,2026-10-05,7,Call,240.00,-4.38%,0.69,0.72,0.73,11745,2095,5.61,34.82%,29.36%,0.149496,"15:22 ET"
BA,185.75,2026-10-09,11,Put,180.00,-2.79%,1.69,2.15,1.93,627,112,5.6,34.66%,32.22%,-0.27472,"15:05 ET"
NVDA,229.83,2026-11-06,39,Call,235.00,-2.20%,7.6,7.65,7.7,812,145,5.6,34.82%,32.04%,0.448955,"15:24 ET"
HL,17.24,2026-11-20,53,Put,16.00,-7.14%,0.92,0.96,0.99,1527,274,5.57,59.62%,60.68%,-0.323241,"14:59 ET"
HD,291.07,2026-10-02,4,Call,300.00,-3.10%,0.93,0.9,1.01,1870,336,5.57,29.84%,31.74%,0.186092,"15:16 ET"
FRSH,12.46,2026-10-16,18,Call,12.50,-0.16%,0.5,0.6,0.65,2003,360,5.56,56.64%,53.05%,0.517773,"11:40 ET"
APLD,24.67,2026-10-09,11,Put,19.00,-23.26%,0.1,0.11,0.12,1121,202,5.55,91.33%,100.70%,-0.055935,"15:07 ET"
CRM,228.22,2026-10-02,4,Call,230.00,-0.46%,3.5,3.85,3.85,657,119,5.52,39.88%,45.90%,0.454692,"14:58 ET"
TSLA,358.19,2026-09-28,0,Put,367.50,+2.78%,9.2,9.5,9.5,9251,1680,5.51,42.19%,31.91%,-0.936935,"15:21 ET"
TSLA,358.19,2026-10-05,7,Call,362.50,-1.38%,6.1,6.1,6.25,1276,232,5.5,42.19%,40.16%,0.432943,"15:21 ET"
ICE,152.95,2026-11-20,53,Call,160.00,-4.56%,3.8,4.03,4,1121,205,5.47,26.88%,28.15%,0.367228,"15:04 ET"
AMZN,246.07,2026-09-30,2,Put,252.50,+2.68%,6.7,6.9,7.05,1711,313,5.47,34.16%,34.16%,-0.841714,"15:16 ET"
BA,185.75,2026-10-16,18,Call,195.00,-5.31%,2.18,2.3,2.39,3743,687,5.45,34.66%,34.12%,0.274075,"15:19 ET"
RIVN,14.84,2026-10-02,4,Call,15.00,-1.08%,0.32,0.32,0.33,7119,1306,5.45,59.27%,63.39%,0.453447,"15:21 ET"
USAR,14.52,2026-10-16,18,Call,17.50,-20.27%,0.15,0.18,0.23,827,152,5.44,72.62%,76.62%,0.157968,"12:11 ET"
TSM,453.49,2026-10-02,4,Call,467.50,-3.12%,1.86,1.88,1.92,2172,401,5.42,34.68%,34.63%,0.207404,"15:21 ET"
TSLA,358.19,2026-09-30,2,Put,345.00,-3.51%,0.7,0.7,0.71,3230,597,5.41,42.19%,44.33%,-0.120124,"15:23 ET"
SONO,18.06,2026-10-16,18,Call,20.00,-10.99%,0.1,0.17,0.25,989,183,5.4,55.40%,46.53%,0.180871,"14:10 ET"
AVGO,349.74,2026-09-30,2,Call,350.00,+0.10%,3.7,3.75,3.85,1091,202,5.4,36.20%,36.75%,0.503536,"15:19 ET"
AAPL,338.49,2026-09-30,2,Call,347.50,-2.50%,0.2,0.23,0.23,8649,1603,5.4,24.22%,24.70%,0.07762,"15:18 ET"
AMC,3.33,2026-10-02,4,Call,3.50,-5.11%,0.1,0.1,0.11,56494,10484,5.39,96.94%,123.40%,0.377034,"15:20 ET"
AMD,607.46,2026-09-30,2,Call,625.00,-2.98%,3.85,3.9,4,1493,277,5.39,54.46%,55.67%,0.263439,"15:18 ET"
SLS,11.61,2026-10-09,11,Call,15.00,-29.31%,0.25,0.28,0.3,581,108,5.38,177.61%,146.03%,0.190088,"15:20 ET"
MDB,341.2,2026-10-09,11,Put,270.00,-21.31%,0.2,0.45,0.65,563,105,5.36,62.80%,71.87%,-0.025218,"15:15 ET"
AMZN,246.07,2026-09-30,2,Call,230.00,+6.47%,15.35,17,17.2,579,108,5.36,34.16%,50.78%,0.965945,"14:43 ET"
BSX,43.91,2027-06-17,262,Call,65.00,-48.30%,1.5,1.5,1.7,5006,936,5.35,41.19%,43.06%,0.20854,"14:06 ET"
RDDT,144.73,2026-10-02,4,Call,150.00,-4.00%,1.75,1.8,1.86,1905,357,5.34,63.28%,62.28%,0.308537,"15:23 ET"
AAPL,338.49,2026-09-30,2,Call,340.00,-0.29%,1.73,1.75,1.78,15124,2834,5.34,24.22%,24.15%,0.407756,"15:20 ET"
TSLA,358.19,2026-10-05,7,Call,375.00,-4.88%,2.55,2.56,2.62,1193,224,5.33,42.19%,41.26%,0.224768,"15:16 ET"
BX,114.15,2027-09-17,354,Put,100.00,-12.53%,8.9,9.6,10.1,1203,226,5.32,40.94%,37.96%,-0.286414,"15:17 ET"
ORCL,132.85,2026-10-02,4,Call,148.00,-11.16%,0.36,0.38,0.4,5416,1025,5.28,51.39%,72.84%,0.084424,"15:06 ET"
OCUL,7.78,2027-01-15,109,Call,8.00,-2.96%,1.3,1.4,1.55,801,152,5.27,90.36%,87.51%,0.582501,"15:18 ET"
NVDA,229.83,2026-10-05,7,Put,232.50,+1.11%,5.05,5.2,5.2,785,150,5.23,34.82%,28.66%,-0.606522,"15:21 ET"
AVGO,349.74,2026-09-30,2,Put,347.50,-0.82%,2.62,2.67,2.67,976,187,5.22,36.20%,36.35%,-0.391959,"15:19 ET"
GOOGL,341.86,2026-10-09,11,Call,362.50,-5.98%,1.47,1.53,1.61,1318,253,5.21,33.32%,32.15%,0.157777,"15:13 ET"
AKAM,109.82,2026-10-02,4,Put,105.00,-4.67%,0.95,1.07,1.2,736,142,5.18,62.17%,65.86%,-0.234141,"15:19 ET"
MDB,341.2,2026-11-20,53,Put,220.00,-35.89%,1.12,1.2,1.27,1207,233,5.18,62.80%,67.63%,-0.031647,"14:50 ET"
MDB,341.2,2026-10-02,4,Call,400.00,-16.57%,1.2,1.27,1.33,3083,595,5.18,62.80%,102.75%,0.079327,"15:18 ET"
PLTR,188.14,2026-10-30,32,Put,180.00,-4.25%,6.5,6.62,6.7,1400,271,5.17,53.42%,47.81%,-0.343444,"15:17 ET"
AMC,3.33,2026-11-06,39,Call,6.00,-80.18%,0.07,0.1,0.1,1022,198,5.16,96.94%,136.10%,0.135691,"14:45 ET"
CRWD,259.58,2026-10-02,4,Call,272.50,-5.18%,2.31,2.4,2.45,1186,230,5.16,56.12%,63.17%,0.242411,"15:20 ET"
GOOGL,341.86,2026-09-30,2,Call,352.50,-3.06%,0.52,0.55,0.54,2212,429,5.16,33.32%,35.01%,0.122373,"15:16 ET"
ZLAB,25.96,2027-03-19,172,Call,25.00,+3.99%,4.6,5.47,6.1,618,120,5.15,92.43%,67.01%,0.63865,"13:01 ET"
SPCX,146.15,2026-10-02,4,Call,162.50,-10.82%,0.18,0.18,0.19,15891,3092,5.14,48.61%,59.58%,0.04968,"15:23 ET"
TSM,453.49,2026-10-09,11,Put,405.00,-10.67%,0.45,0.47,0.49,1369,267,5.13,34.68%,37.77%,-0.038448,"15:22 ET"
MCD,234.08,2026-11-20,53,Call,235.00,-0.28%,8.6,8.8,8.75,916,179,5.12,22.39%,25.27%,0.506712,"15:12 ET"
MDT,88.81,2026-10-02,4,Call,88.00,+0.82%,1.49,1.57,1.68,1027,201,5.11,30.30%,31.92%,0.605428,"15:05 ET"
CVNA,60.8,2026-11-20,53,Call,70.00,-15.28%,3.2,3.2,3.35,3340,654,5.11,68.40%,68.60%,0.350581,"15:02 ET"
BAC,55.41,2026-10-23,25,Put,56.00,+0.88%,1.8,1.88,1.9,3707,725,5.11,28.63%,27.33%,-0.536065,"15:20 ET"
DELL,543.3,2026-10-02,4,Call,540.00,+0.41%,15.4,15.1,16.45,636,125,5.09,60.72%,64.10%,0.544007,"15:16 ET"
MDB,341.2,2027-01-15,109,Call,370.00,-7.83%,38.6,38.85,40.4,1603,315,5.09,62.80%,65.92%,0.49726,"14:20 ET"
META,717.67,2026-10-09,11,Call,805.00,-11.99%,1.78,2.15,2,960,189,5.08,41.38%,44.37%,0.07797,"14:29 ET"
SPCX,146.15,2026-10-02,4,Call,148.00,-0.93%,2.44,2.44,2.46,11754,2316,5.08,48.61%,52.27%,0.429155,"15:23 ET"
IREN,42.09,2026-10-09,11,Put,43.00,+1.94%,2.61,2.6,2.71,2330,460,5.07,80.04%,75.12%,-0.535249,"15:19 ET"
INTC,115.93,2026-09-30,2,Put,114.00,-1.36%,1.61,1.61,1.64,2621,517,5.07,67.11%,69.58%,-0.380334,"15:18 ET"
ARM,284.8,2026-10-02,4,Call,300.00,-5.69%,4.3,4.4,4.5,2962,584,5.07,72.46%,83.15%,0.294278,"15:18 ET"
CEG,260.72,2026-10-02,4,Call,290.00,-11.34%,0.05,0.15,0.15,536,106,5.06,43.36%,49.84%,0.020352,"14:59 ET"
AMD,607.46,2026-09-30,2,Put,597.50,-1.56%,5.2,5.45,5.45,905,179,5.06,54.46%,55.19%,-0.321918,"15:17 ET"
RIVN,14.84,2026-10-02,4,Call,14.50,+2.29%,0.57,0.6,0.61,1350,267,5.06,59.27%,63.59%,0.652831,"15:11 ET"
WYNN,79.68,2026-10-02,4,Call,85.00,-6.76%,0.15,0.17,0.2,621,123,5.05,37.31%,46.60%,0.097484,"15:23 ET"
META,717.67,2026-10-16,18,Call,"1,090.00",-51.64%,0.03,0.11,0.2,639,127,5.03,41.38%,67.61%,0.003616,"15:19 ET"
MSFT,510.16,2026-09-30,2,Put,502.50,-1.55%,1.7,1.8,1.84,1489,296,5.03,29.81%,31.14%,-0.249579,"15:20 ET"
TMC,3.89,2026-10-30,32,Call,4.00,-3.09%,0.31,0.31,0.34,2009,400,5.02,81.59%,79.41%,0.507689,"13:26 ET"
ARM,284.8,2026-10-02,4,Put,280.00,-1.35%,7.1,7.25,7.3,1697,339,5.01,72.46%,80.88%,-0.399107,"15:19 ET"
INTC,115.93,2026-10-02,4,Call,119.00,-2.97%,2.12,2.14,2.17,2342,467,5.01,67.11%,72.77%,0.369135,"15:11 ET"
XRAY,9.14,2027-04-16,200,Put,7.50,-17.49%,0.5,0.54,0.6,1025,205,5,51.26%,48.12%,-0.236093,"15:10 ET"
NEM,116.47,2026-10-02,4,Put,110.00,-5.48%,0.24,0.24,0.37,538,108,4.98,42.16%,45.64%,-0.111012,"15:00 ET"
NVDA,229.83,2026-10-07,9,Put,215.00,-6.50%,0.64,0.64,0.69,902,181,4.98,34.82%,35.13%,-0.106828,"15:10 ET"
AMD,607.46,2027-02-19,144,Put,590.00,-2.79%,68.4,69.09,69.75,726,146,4.97,54.46%,55.04%,-0.38403,"12:48 ET"
ALB,107.44,2026-12-18,81,Put,80.00,-25.53%,1.3,1.39,1.47,600,121,4.96,52.55%,54.38%,-0.095872,"10:59 ET"
ORCL,132.85,2026-10-02,4,Call,136.00,-2.15%,1.9,1.93,1.96,2705,546,4.95,51.39%,58.04%,0.36224,"15:23 ET"
AMD,607.46,2026-09-30,2,Call,615.00,-1.33%,6.9,6.98,7.1,1121,227,4.94,54.46%,55.12%,0.403573,"15:20 ET"
INTC,115.93,2026-09-30,2,Put,115.00,-0.49%,2.03,2.07,2.07,5324,1079,4.93,67.11%,69.33%,-0.44622,"15:19 ET"
CBRS,197.83,2026-10-02,4,Call,202.50,-2.07%,4.9,6.2,5.5,522,106,4.92,75.58%,85.20%,0.423364,"14:58 ET"
TSLA,358.19,2026-09-30,2,Put,342.50,-4.21%,0.49,0.49,0.51,1819,371,4.9,42.19%,45.77%,-0.087997,"15:23 ET"
CRWV,85.91,2026-10-23,25,Call,100.00,-16.21%,2.19,2.25,2.28,5152,1055,4.88,76.40%,73.81%,0.248409,"15:17 ET"
META,717.67,2026-09-30,2,Put,715.00,-0.53%,8.5,8.6,9,1217,250,4.87,41.38%,49.95%,-0.434805,"15:20 ET"
RCAT,6.51,2026-10-02,4,Call,6.50,+0.15%,0.21,0.24,0.23,568,117,4.85,84.28%,78.65%,0.52592,"15:11 ET"
MU,1055.67,2026-10-02,4,Call,"1,045.00",+0.83%,47.35,47.26,47.5,1566,323,4.85,61.08%,95.30%,0.561018,"15:18 ET"
INTC,115.93,2026-09-30,2,Put,116.00,+0.37%,2.52,2.51,2.57,1606,332,4.84,67.11%,69.18%,-0.513478,"15:18 ET"
INTC,115.93,2026-11-20,53,Put,140.00,+21.14%,28.7,29.1,28.9,1518,314,4.83,67.11%,71.35%,-0.712801,"14:42 ET"
AAPL,338.49,2026-09-30,2,Put,335.00,-1.19%,1.1,1.12,1.14,8590,1777,4.83,24.22%,25.11%,-0.283577,"15:20 ET"
TSLA,358.19,2026-10-09,11,Put,357.50,-0.02%,9.5,9.65,9.65,535,111,4.82,42.19%,40.95%,-0.468291,"15:23 ET"
INFQ,14.34,2026-10-09,11,Call,15.50,-8.09%,0.4,0.5,0.6,603,125,4.82,89.67%,94.77%,0.345969,"13:47 ET"
GS,916.17,2026-10-16,18,Call,"1,015.00",-10.76%,3.7,4.42,5.25,968,201,4.82,35.51%,37.90%,0.121767,"14:51 ET"
CMG,32.24,2026-10-16,18,Call,33.00,-1.23%,0.95,0.99,1.01,1182,245,4.82,44.39%,41.88%,0.45345,"15:19 ET"
AMD,607.46,2026-10-02,4,Call,695.00,-14.51%,0.27,0.25,0.33,1741,361,4.82,54.46%,61.52%,0.021144,"14:26 ET"
APLD,24.67,2026-10-09,11,Put,24.00,-3.07%,1.24,1.25,1.34,3328,691,4.82,91.33%,96.16%,-0.398728,"15:13 ET"
CMG,32.24,2026-10-16,18,Call,36.00,-10.43%,0.24,0.24,0.28,776,162,4.79,44.39%,44.33%,0.161291,"15:16 ET"
AMZN,246.07,2026-10-02,4,Call,245.00,+0.37%,3.85,4.05,4,5357,1118,4.79,34.16%,32.07%,0.564719,"15:18 ET"
TSLA,358.19,2026-10-05,7,Put,360.00,+0.68%,8.35,8.96,9.05,1263,264,4.78,42.19%,40.04%,-0.519093,"15:17 ET"
INTC,115.93,2026-09-30,2,Call,122.00,-5.56%,0.5,0.53,0.54,2016,422,4.78,67.11%,71.78%,0.163735,"15:18 ET"
KR,59.96,2026-10-02,4,Put,60.00,-0.02%,0.64,0.85,0.76,711,149,4.77,27.12%,27.50%,-0.499462,"14:26 ET"
PACB,1.74,2027-03-19,172,Call,2.00,-15.94%,0.3,0.35,0.4,1941,407,4.77,131.24%,91.30%,0.546991,"14:52 ET"
GOOGL,341.86,2026-09-30,2,Put,332.50,-2.79%,0.58,0.6,0.64,1790,376,4.76,33.32%,34.70%,-0.135762,"15:19 ET"
KMX,57.56,2026-10-16,18,Call,62.50,-8.08%,1.85,1.92,2.05,1673,352,4.75,63.21%,72.12%,0.343612,"15:18 ET"
STX,926.56,2026-10-02,4,Put,690.00,-25.39%,0.05,0.14,0.25,564,119,4.74,70.77%,110.08%,-0.004343,"15:15 ET"
CENX,37.45,2026-11-20,53,Put,40.00,+6.52%,4.9,5,5.2,1057,223,4.74,65.07%,64.07%,-0.552373,"14:00 ET"
UUUU,11.09,2026-10-16,18,Call,12.50,-12.92%,0.18,0.2,0.2,671,142,4.73,66.97%,64.21%,0.223294,"14:27 ET"
GS,916.17,2026-10-02,4,Call,940.00,-2.57%,5.15,5.35,5.6,765,162,4.72,35.51%,36.61%,0.258647,"15:18 ET"
CMG,32.24,2026-10-02,4,Call,32.00,+1.84%,0.93,1.1,1.08,1487,316,4.71,44.39%,56.25%,0.60589,"15:17 ET"
AVGO,349.74,2026-09-30,2,Call,352.50,-0.61%,2.66,2.78,2.7,1748,373,4.69,36.20%,36.82%,0.400415,"15:17 ET"
UPST,23.03,2026-10-02,4,Call,24.00,-4.44%,0.26,0.26,0.29,2280,486,4.69,68.46%,66.00%,0.286794,"15:23 ET"
NVDA,229.83,2026-09-30,2,Put,225.00,-2.15%,0.74,0.75,0.76,14348,3060,4.69,34.82%,36.13%,-0.212279,"15:23 ET"
SN,183.44,2026-10-16,18,Call,195.00,-6.05%,3.1,3.2,3.6,773,165,4.68,51.08%,45.95%,0.297969,"15:05 ET"
INTC,115.93,2026-10-05,7,Put,110.00,-4.82%,1.56,1.68,1.66,1410,301,4.68,67.11%,60.99%,-0.260999,"15:09 ET"
BABA,109.3,2026-10-30,32,Put,100.00,-8.47%,1.13,1.19,1.27,523,112,4.67,39.39%,35.45%,-0.182586,"15:11 ET"
BA,185.75,2026-10-16,18,Call,202.50,-9.36%,0.86,0.95,1.04,691,148,4.67,34.66%,34.24%,0.136963,"15:12 ET"
NVDA,229.83,2026-10-05,7,Call,220.00,+4.32%,10.65,10.8,10.95,4394,940,4.67,34.82%,33.01%,0.83753,"15:21 ET"
SMMT,15.71,2026-10-02,4,Put,10.00,-36.35%,0.15,0.16,0.2,3882,834,4.65,157.27%,321.83%,-0.065825,"15:11 ET"
UPS,93.94,2026-10-02,4,Call,98.00,-4.24%,0.08,0.1,0.14,626,135,4.64,31.78%,29.85%,0.083179,"15:17 ET"
BA,185.75,2026-10-02,4,Put,175.00,-5.49%,0.25,0.31,0.32,3555,766,4.64,34.66%,41.05%,-0.077747,"15:15 ET"
MSFT,510.16,2026-09-30,2,Put,507.50,-0.57%,3.3,3.37,3.65,1283,277,4.63,29.81%,31.44%,-0.40373,"15:20 ET"
NVDA,229.83,2026-10-02,4,Put,242.50,+5.46%,12.6,12.65,13.3,590,128,4.61,34.82%,34.16%,-0.93468,"14:10 ET"
WM,205.96,2028-12-15,809,Call,110.00,+46.68%,99.5,102.13,104.5,653,142,4.6,21.95%,34.07%,0.916328,"15:21 ET"
GOOG,338.61,2026-10-02,4,Put,312.50,-7.75%,0.14,0.15,0.16,1044,227,4.6,32.83%,40.29%,-0.027091,"15:04 ET"
ARM,284.8,2026-10-02,4,Put,265.00,-6.64%,2.35,2.68,2.46,1407,307,4.58,72.46%,79.75%,-0.179332,"15:13 ET"
AMD,607.46,2026-09-30,2,Call,630.00,-3.80%,2.86,2.88,2.92,1830,400,4.58,54.46%,56.20%,0.206707,"15:19 ET"
NVDA,229.83,2026-11-06,39,Call,230.00,-0.03%,9.95,10.14,10.15,736,161,4.57,34.82%,32.60%,0.530885,"15:10 ET"
INTC,115.93,2026-09-28,0,Put,119.00,+2.97%,3.3,3.3,3.4,4507,987,4.57,67.11%,28.09%,-0.977245,"15:16 ET"
MDB,341.2,2026-10-16,18,Put,270.00,-21.31%,0.62,1.07,1.84,520,114,4.56,62.80%,69.10%,-0.052497,"14:34 ET"
QUBT,8.65,2028-01-21,480,Call,13.00,-50.12%,1.63,1.93,2.01,7561,1657,4.56,69.54%,72.20%,0.496502,"14:57 ET"
F,12.4,2026-10-02,4,Call,12.50,-0.81%,0.14,0.14,0.15,6641,1459,4.55,36.44%,38.46%,0.412181,"15:20 ET"
TSLA,358.19,2026-10-09,11,Call,367.50,-2.78%,6.65,6.65,6.75,732,161,4.55,42.19%,41.86%,0.383295,"15:20 ET"
ADBE,230.47,2027-03-19,172,Call,260.00,-12.91%,17.95,18.65,18.75,1005,221,4.55,40.41%,43.79%,0.426227,"13:09 ET"
GOOGL,341.86,2026-09-30,2,Call,345.00,-0.86%,2.01,2.05,2.11,3089,679,4.55,33.32%,33.33%,0.362625,"15:20 ET"
AMD,607.46,2026-09-30,2,Put,595.00,-1.97%,4.45,4.55,4.65,1038,229,4.53,54.46%,55.32%,-0.286455,"15:19 ET"
TTD,12.27,2027-04-16,200,Call,17.50,-43.56%,1.11,1.19,1.22,3536,781,4.53,68.06%,70.17%,0.351689,"14:33 ET"
NBIS,233.01,2026-10-02,4,Call,257.50,-10.08%,1.7,1.8,1.73,708,157,4.51,83.32%,89.62%,0.156238,"15:15 ET"
KMX,57.56,2026-10-16,18,Put,52.50,-9.22%,1.35,1.56,1.65,1258,279,4.51,63.21%,72.82%,-0.248388,"15:15 ET"
QCOM,187.97,2026-10-02,4,Put,180.00,-3.87%,1.37,1.55,1.46,2914,646,4.51,51.88%,56.30%,-0.21698,"15:16 ET"
AMD,607.46,2026-10-02,4,Call,625.00,-2.98%,7.7,7.85,7.95,4098,908,4.51,54.46%,56.74%,0.337233,"15:19 ET"
AMZN,246.07,2026-10-16,18,Call,247.50,-0.65%,5.85,5.9,6,1745,388,4.5,34.16%,29.20%,0.489835,"15:16 ET"
TSLA,358.19,2026-10-02,4,Call,365.00,-2.08%,4.35,4.43,4.45,9781,2174,4.5,42.19%,47.74%,0.367763,"15:23 ET"
MDB,341.2,2026-11-20,53,Call,400.00,-16.57%,12.95,13.5,14.1,939,209,4.49,62.80%,61.78%,0.298699,"15:18 ET"
PATH,12.21,2026-10-23,25,Call,13.00,-6.38%,0.41,0.44,0.45,854,191,4.47,55.65%,56.66%,0.372512,"12:59 ET"
NVDA,229.83,2026-11-06,39,Call,260.00,-13.07%,1.4,1.41,1.48,1100,246,4.47,34.82%,31.05%,0.128934,"15:21 ET"
MDB,341.2,2027-12-17,445,Call,230.00,+32.97%,157.4,160.44,165.9,567,127,4.46,62.80%,72.81%,0.832018,"14:53 ET"
NVDA,229.83,2026-10-05,7,Put,210.00,-8.67%,0.19,0.19,0.21,1083,244,4.44,34.82%,37.93%,-0.040228,"14:58 ET"
KLAC,190.46,2026-10-02,4,Put,185.00,-2.75%,2.7,2.9,3.1,588,133,4.42,59.48%,65.79%,-0.325764,"15:08 ET"
KMX,57.56,2026-10-16,18,Put,47.50,-17.86%,0.55,0.6,0.65,1850,419,4.42,63.21%,78.98%,-0.112995,"15:18 ET"
BE,265.34,2026-10-02,4,Call,272.50,-2.50%,5.8,7,6.65,727,165,4.41,80.39%,82.54%,0.39993,"15:00 ET"
TE,3.6,2026-10-02,4,Call,0.50,+86.19%,3,3.13,3.2,535,122,4.39,101.41%,841.92%,0.99631,"15:15 ET"
SNOW,332.14,2026-10-02,4,Put,307.50,-7.67%,0.77,0.82,0.87,759,173,4.39,49.27%,56.58%,-0.088033,"15:15 ET"
BE,265.34,2026-10-02,4,Call,262.50,+1.26%,10.35,10.88,11,773,176,4.39,80.39%,82.04%,0.571349,"15:12 ET"
AMZN,246.07,2026-10-02,4,Put,265.00,+7.77%,18.35,19,20.3,3353,764,4.39,34.16%,50.54%,-0.916008,"15:17 ET"
META,717.67,2026-09-30,2,Put,712.50,-0.88%,7.3,7.65,7.9,718,164,4.38,41.38%,49.59%,-0.397209,"15:20 ET"
NVDA,229.83,2026-10-02,4,Put,227.50,-1.06%,2.27,2.26,2.29,15036,3430,4.38,34.82%,34.66%,-0.383435,"15:23 ET"
IONQ,45.84,2026-10-09,11,Call,52.00,-12.87%,0.63,0.68,0.71,655,150,4.37,76.73%,80.26%,0.200601,"15:16 ET"
UNH,376.47,2026-10-02,4,Call,387.50,-3.26%,2.4,2.32,2.55,748,171,4.37,41.75%,40.82%,0.26002,"14:56 ET"
KGC,24.17,2026-10-02,4,Put,23.50,-2.73%,0.2,0.24,0.29,634,146,4.34,47.21%,52.53%,-0.286616,"14:36 ET"
JD,26.67,2026-10-09,11,Call,27.50,-3.11%,0.25,0.28,0.32,688,159,4.33,34.72%,34.09%,0.295826,"13:40 ET"
BA,185.75,2026-10-02,4,Call,197.50,-6.66%,0.22,0.25,0.25,3586,828,4.33,34.66%,39.03%,0.070899,"15:20 ET"
MSFT,510.16,2026-09-30,2,Call,530.00,-3.84%,0.3,0.32,0.32,4873,1126,4.33,29.81%,32.58%,0.059165,"15:19 ET"
MDB,341.2,2026-10-02,4,Call,465.00,-35.51%,0.05,0.18,0.32,506,117,4.32,62.80%,127.01%,0.012242,"15:19 ET"
JEF,47.17,2026-10-16,18,Put,42.50,-9.65%,0.55,0.59,0.6,833,193,4.32,48.08%,53.99%,-0.177799,"15:19 ET"
ORCL,132.85,2028-12-15,809,Put,60.00,-54.93%,5.5,5.9,6,2426,561,4.32,51.39%,58.05%,-0.075531,"12:43 ET"
ORCL,132.85,2026-10-02,4,Call,150.00,-12.66%,0.3,0.31,0.32,22204,5157,4.31,51.39%,75.91%,0.068658,"15:20 ET"
NFLX,69,2026-10-02,4,Put,69.00,-0.22%,0.9,0.93,0.93,13318,3099,4.3,37.24%,33.05%,-0.480835,"15:19 ET"
NVDA,229.83,2026-11-06,39,Call,245.00,-6.55%,4.05,4.15,4.2,968,225,4.3,34.82%,31.25%,0.293929,"15:21 ET"
C,131.99,2026-10-09,11,Put,135.00,+2.27%,4.25,4.31,4.65,579,135,4.29,33.07%,28.14%,-0.676103,"15:11 ET"
TSLA,358.19,2026-10-02,4,Call,370.00,-3.48%,2.94,2.96,2.99,15852,3700,4.28,42.19%,48.29%,0.273379,"15:23 ET"
NBIS,233.01,2026-10-02,4,Put,197.50,-15.57%,0.31,0.43,0.55,837,196,4.27,83.32%,95.48%,-0.043471,"15:19 ET"
CIFR,16.87,2026-10-09,11,Put,14.00,-17.36%,0.07,0.14,0.2,631,148,4.26,97.29%,91.12%,-0.099651,"13:46 ET"
QBTS,17.02,2026-10-02,4,Put,16.00,-6.16%,0.15,0.16,0.16,2856,672,4.25,75.66%,74.04%,-0.202264,"15:21 ET"
AMZN,246.07,2026-09-30,2,Put,255.00,+3.70%,8.95,8.93,9.35,1933,456,4.24,34.16%,36.06%,-0.907023,"15:09 ET"
NVDA,229.83,2026-10-05,7,Call,235.00,-2.20%,1.71,1.74,1.75,7718,1819,4.24,34.82%,29.17%,0.299982,"15:23 ET"
AMD,607.46,2026-09-30,2,Put,610.00,+0.50%,10.65,10.82,10.9,1074,254,4.23,54.46%,55.30%,-0.517854,"15:19 ET"
BA,185.75,2026-11-20,53,Call,190.00,-2.61%,8.75,8.9,9.1,643,153,4.2,34.66%,38.39%,0.465585,"15:18 ET"
NVDA,229.83,2026-10-09,11,Put,212.50,-7.58%,0.7,0.72,0.73,8606,2050,4.2,34.82%,36.52%,-0.10081,"15:21 ET"
META,717.67,2026-10-09,11,Call,750.00,-4.34%,9.1,9.2,9.5,10310,2462,4.19,41.38%,41.57%,0.29498,"15:13 ET"
META,717.67,2026-10-30,32,Put,665.00,-7.48%,15.15,15.68,15.8,875,209,4.19,41.38%,45.17%,-0.251718,"15:15 ET"
LFCR,6.57,2027-03-19,172,Call,5.00,+23.78%,1.55,1.7,1.7,973,233,4.18,43.41%,29.32%,0.939652,"13:20 ET"
COST,920.6,2026-10-02,4,Call,960.00,-4.28%,0.53,0.55,0.65,983,235,4.18,19.85%,24.94%,0.057886,"15:12 ET"
AVGO,349.74,2026-09-30,2,Put,345.00,-1.53%,1.77,1.8,1.83,1321,316,4.18,36.20%,36.74%,-0.295527,"15:18 ET"
NFLX,69,2027-06-17,262,Call,40.00,+42.15%,30.9,31.15,31.65,555,133,4.17,37.24%,52.08%,0.936759,"14:27 ET"
AMD,607.46,2026-09-30,2,Put,602.50,-0.73%,7.1,7.25,7.3,838,201,4.17,54.46%,55.19%,-0.398131,"15:19 ET"
ORCL,132.85,2026-10-16,18,Call,134.00,-0.65%,5.2,5.4,5.35,545,131,4.16,51.39%,48.84%,0.493626,"15:20 ET"
AMD,607.46,2026-10-02,4,Call,602.50,+0.73%,17.2,16.55,17.6,627,151,4.15,54.46%,56.12%,0.578826,"15:15 ET"
BILI,15.19,2027-12-17,445,Put,15.00,-1.25%,2.81,3.13,3.1,3251,783,4.15,50.12%,52.28%,-0.358306,"12:48 ET"
NVDA,229.83,2026-10-02,4,Put,237.50,+3.29%,8.35,8.28,8.5,636,154,4.13,34.82%,32.94%,-0.827651,"15:10 ET"
BABA,109.3,2027-06-17,262,Call,190.00,-73.91%,2.15,2.2,2.26,1306,316,4.13,39.39%,47.44%,0.119395,"12:46 ET"
RBLX,42.63,2026-10-02,4,Call,44.50,-4.46%,0.52,0.73,0.64,515,125,4.12,70.73%,70.32%,0.301544,"14:02 ET"
MSFT,510.16,2026-09-28,0,Call,502.50,+1.55%,7.1,7.5,7.85,1299,315,4.12,29.81%,11.18%,0.995647,"15:15 ET"
PLTR,188.14,2026-10-09,11,Put,185.00,-1.59%,4.6,4.7,4.7,1738,422,4.12,53.42%,47.77%,-0.399324,"15:13 ET"
NVDA,229.83,2026-10-02,4,Call,212.50,+7.58%,17.25,17.82,17.75,3011,733,4.11,34.82%,43.99%,0.957662,"15:11 ET"
PSKY,10.22,2026-10-02,4,Call,10.50,-2.64%,0.16,0.18,0.19,7385,1797,4.11,60.46%,68.25%,0.364415,"15:20 ET"
CVX,205.71,2026-11-20,53,Call,220.00,-6.65%,3.65,3.78,3.85,12755,3104,4.11,28.23%,28.04%,0.287432,"15:19 ET"
CRWD,259.58,2026-10-09,11,Call,290.00,-11.94%,1.76,1.84,1.93,770,188,4.1,56.12%,57.22%,0.145356,"15:08 ET"
AAPL,338.49,2026-10-05,7,Call,340.00,-0.29%,3.15,3.4,3.5,965,236,4.09,24.22%,21.04%,0.453314,"15:18 ET"
META,717.67,2026-09-30,2,Put,730.00,+1.56%,17.05,17.52,17.6,1839,450,4.09,41.38%,50.79%,-0.652087,"15:17 ET"
MU,1055.67,2026-10-02,4,Call,"1,195.00",-13.41%,7,7.05,7.1,738,181,4.08,61.08%,100.94%,0.131631,"15:18 ET"
ONON,29.89,2026-11-20,53,Put,30.00,+0.30%,2.15,2.13,2.2,5109,1259,4.06,45.96%,48.20%,-0.463549,"15:14 ET"
AMD,607.46,2026-09-30,2,Put,567.50,-6.50%,0.66,0.7,0.71,567,140,4.05,54.46%,60.56%,-0.057694,"14:54 ET"
TMUS,166.73,2026-10-16,18,Put,150.00,-10.03%,0.3,0.35,0.4,648,160,4.05,33.51%,32.43%,-0.064898,"15:14 ET"
BA,185.75,2026-10-02,4,Put,187.50,+1.26%,3.35,4,3.8,2140,529,4.05,34.66%,34.19%,-0.59084,"15:15 ET"
ACHR,5.24,2027-04-16,200,Call,7.00,-33.59%,0.66,0.68,0.74,1395,345,4.04,70.64%,77.38%,0.428712,"15:08 ET"
NVDA,229.83,2026-09-30,2,Call,230.00,-0.03%,2.23,2.24,2.25,45116,11180,4.04,34.82%,34.61%,0.490095,"15:24 ET"
NOW,131.29,2026-10-02,4,Call,133.00,-1.35%,2.53,2.57,2.63,520,129,4.03,55.34%,60.90%,0.432808,"15:23 ET"
LUNR,15.3,2027-03-19,172,Call,22.00,-42.95%,2.11,2.25,2.32,774,192,4.03,88.38%,95.80%,0.422877,"11:16 ET"
INTC,115.93,2026-09-30,2,Call,127.00,-9.89%,0.13,0.13,0.15,7062,1760,4.01,67.11%,76.43%,0.051954,"15:12 ET"
ARM,284.8,2026-10-02,4,Call,292.50,-3.05%,6.5,6.35,6.7,981,245,4,72.46%,81.74%,0.399041,"15:17 ET"
SNDK,1708.97,2026-10-02,4,Call,"1,750.00",-2.37%,39.6,40.2,40.2,1909,477,4,70.82%,80.04%,0.406938,"15:23 ET"
MU,1055.67,2026-10-02,4,Call,"1,055.00",-0.12%,42.6,42.5,42.7,1966,492,4,61.08%,95.86%,0.523253,"15:19 ET"
AMD,607.46,2026-10-05,7,Put,610.00,+0.50%,15.75,18.28,19.1,515,129,3.99,54.46%,49.80%,-0.499296,"14:50 ET"
NBIS,233.01,2026-10-02,4,Call,222.50,+4.89%,14.45,15.5,14.6,519,130,3.99,83.32%,85.00%,0.716398,"15:10 ET"
LEVI,19.81,2027-04-16,200,Put,17.00,-14.23%,0.95,1.05,1.25,590,148,3.99,47.12%,42.31%,-0.250693,"12:44 ET"
NOW,131.29,2026-10-02,4,Call,135.00,-2.87%,1.84,1.83,1.87,2014,505,3.99,55.34%,60.93%,0.34341,"15:23 ET"
GOOGL,341.86,2026-09-30,2,Put,337.50,-1.33%,1.58,1.58,1.68,3148,791,3.98,33.32%,33.79%,-0.297502,"15:19 ET"
BAC,55.41,2026-10-30,32,Call,56.00,-0.88%,1.64,1.79,1.77,584,147,3.97,28.63%,29.43%,0.477681,"15:17 ET"
EBAY,107.72,2026-11-20,53,Call,120.00,-11.72%,2.26,2.15,2.49,1084,273,3.97,36.79%,39.00%,0.263271,"15:05 ET"
BP,44.46,2026-10-02,4,Put,43.00,-3.44%,0.15,0.18,0.21,665,168,3.96,34.30%,37.53%,-0.184907,"15:14 ET"
MDB,341.2,2026-10-16,18,Put,300.00,-12.57%,4,4.71,4.95,765,193,3.96,62.80%,64.70%,-0.161667,"15:15 ET"
BE,265.34,2026-10-02,4,Call,265.00,+0.32%,9.15,9.6,9.8,1299,328,3.96,80.39%,82.83%,0.527736,"15:19 ET"
SKHY,182.1,2027-06-17,262,Call,375.00,-106.10%,8,8.14,8.45,521,132,3.95,58.80%,68.38%,0.182727,"15:16 ET"
TSLA,358.19,2026-10-02,4,Call,352.50,+1.42%,10.25,10.21,10.45,652,166,3.93,42.19%,47.06%,0.642101,"15:18 ET"
DOCN,136.54,2026-10-02,4,Call,157.50,-14.72%,0.25,0.49,0.75,652,167,3.9,87.33%,95.31%,0.083552,"14:48 ET"
MSFT,510.16,2026-10-02,4,Call,515.00,-0.90%,4.4,4.5,4.65,8699,2244,3.88,29.81%,30.79%,0.395374,"15:20 ET"
DIS,105,2026-10-02,4,Put,101.00,-3.78%,0.13,0.15,0.24,567,146,3.88,28.94%,30.65%,-0.111815,"15:02 ET"
HOOD,116.62,2026-10-09,11,Call,126.00,-7.91%,1.92,2.09,1.97,796,205,3.88,62.93%,63.29%,0.263832,"14:48 ET"
CRWD,259.58,2026-10-02,4,Call,260.00,-0.36%,6.5,6.43,6.75,4135,1069,3.87,56.12%,62.78%,0.504479,"15:13 ET"
PAYX,99.49,2026-10-16,18,Put,90.00,-9.64%,0.15,0.2,0.25,992,257,3.86,29.01%,30.59%,-0.065777,"15:23 ET"
TSLA,358.19,2026-09-30,2,Put,337.50,-5.61%,0.27,0.28,0.28,852,222,3.84,42.19%,49.63%,-0.049386,"15:19 ET"
DAL,84.09,2027-06-17,262,Put,60.00,-28.61%,1.95,2.32,2.26,1350,352,3.84,45.73%,42.59%,-0.119998,"11:41 ET"
CVNA,60.8,2026-10-02,4,Put,57.00,-6.13%,0.53,0.57,0.58,853,223,3.83,68.40%,76.91%,-0.196313,"15:18 ET"
GOOGL,341.86,2026-09-30,2,Put,335.00,-2.06%,0.96,0.96,1.05,1549,406,3.82,33.32%,34.03%,-0.205144,"15:19 ET"
FSLY,25.22,2027-01-15,109,Call,30.00,-19.43%,3.4,3.48,3.5,6130,1606,3.82,99.22%,92.03%,0.468468,"15:19 ET"
CMG,32.24,2026-10-16,18,Call,32.00,+1.84%,1.43,1.64,1.6,961,252,3.81,44.39%,43.80%,0.582696,"14:57 ET"
META,717.67,2026-10-02,4,Call,742.50,-3.30%,5.75,5.94,6.2,547,144,3.8,41.38%,48.69%,0.272629,"15:08 ET"
MSFT,510.16,2026-10-02,4,Put,507.50,-0.57%,5.05,5.25,5.3,1924,506,3.8,29.81%,30.56%,-0.424931,"15:18 ET"
CIFR,16.87,2026-10-02,4,Call,17.50,-3.31%,0.5,0.52,0.52,3267,860,3.8,97.29%,106.15%,0.403633,"15:19 ET"
TSLA,358.19,2026-09-30,2,Call,377.50,-5.58%,0.39,0.4,0.41,3669,965,3.8,42.19%,47.58%,0.072224,"15:23 ET"
MDB,341.2,2027-01-15,109,Call,490.00,-42.80%,12.9,13.4,13.9,1633,431,3.79,62.80%,66.89%,0.220653,"15:19 ET"
WHR,31.35,2026-11-20,53,Put,25.00,-20.58%,0.6,0.65,0.8,15402,4060,3.79,64.13%,64.19%,-0.155171,"12:49 ET"
AVGO,349.74,2026-10-09,11,Put,320.00,-8.67%,0.67,0.74,0.76,2686,711,3.78,36.20%,36.23%,-0.071383,"15:18 ET"
APP,307.52,2026-10-09,11,Put,305.00,-0.75%,10.2,10.22,11.2,516,137,3.77,64.55%,56.30%,-0.447215,"13:05 ET"
MU,1055.67,2026-10-02,4,Put,"1,040.00",-1.30%,33.95,34.21,34.1,1740,462,3.77,61.08%,94.79%,-0.420158,"15:17 ET"
INTC,115.93,2026-09-28,0,Put,118.00,+2.10%,2.29,2.39,2.41,10163,2699,3.77,67.11%,23.14%,-0.955457,"15:19 ET"
MTN,137.48,2026-10-16,18,Put,125.00,-8.97%,2.25,2.34,2.4,2295,610,3.76,48.53%,57.39%,-0.218145,"15:18 ET"
HUBS,202.48,2026-12-18,81,Put,150.00,-25.96%,5.1,5.65,5.7,623,166,3.75,69.18%,70.51%,-0.135839,"12:43 ET"
SPOT,498.91,2026-10-30,32,Call,555.00,-10.91%,11.05,11.7,12.25,1042,278,3.75,44.43%,51.28%,0.270989,"15:22 ET"
NVO,38.65,2027-09-17,354,Put,37.50,-3.08%,4.65,4.76,4.8,1740,464,3.75,34.77%,36.71%,-0.384055,"15:14 ET"
RBLX,42.63,2026-10-02,4,Call,47.50,-11.50%,0.11,0.16,0.2,996,266,3.74,70.73%,76.49%,0.099103,"14:33 ET"
KNX,63.97,2026-12-18,81,Put,52.50,-17.81%,0.8,0.95,1.25,500,134,3.73,39.99%,43.65%,-0.139665,"13:35 ET"
TSLA,358.19,2026-09-30,2,Call,372.50,-4.18%,0.75,0.75,0.77,8402,2251,3.73,42.19%,45.38%,0.128251,"15:23 ET"
AAOI,96.92,2026-10-02,4,Put,89.00,-8.37%,0.8,0.9,1,510,137,3.72,92.33%,90.61%,-0.174309,"15:04 ET"
TSLA,358.19,2026-10-05,7,Put,365.00,+2.08%,10.95,12.15,12.4,514,138,3.72,42.19%,40.17%,-0.616583,"15:09 ET"
VFC,14.52,2026-10-16,18,Call,15.00,-3.09%,0.3,0.39,0.39,2068,556,3.72,47.13%,42.43%,0.381168,"14:50 ET"
AMD,607.46,2026-10-02,4,Call,620.00,-2.15%,9.35,9.5,9.6,3991,1072,3.72,54.46%,56.53%,0.387423,"15:19 ET"
MU,1055.67,2026-10-02,4,Put,"1,065.00",+1.07%,47.2,47.45,47.35,660,178,3.71,61.08%,96.10%,-0.51444,"15:19 ET"
META,717.67,2026-10-02,4,Put,722.50,+0.51%,15.7,16.45,16.2,905,244,3.71,41.38%,46.95%,-0.529985,"15:18 ET"
CIFR,16.87,2026-10-09,11,Put,15.00,-11.45%,0.33,0.33,0.35,998,269,3.71,97.29%,93.60%,-0.20356,"15:16 ET"
MSFT,510.16,2026-10-02,4,Put,505.00,-1.06%,4.05,4.25,4.25,3212,866,3.71,29.81%,30.52%,-0.365317,"15:17 ET"
APLD,24.67,2026-10-09,11,Put,25.00,+0.97%,1.72,1.78,1.86,3709,999,3.71,91.33%,95.41%,-0.495804,"15:13 ET"
AMZN,246.07,2026-09-30,2,Put,245.00,-0.37%,1.71,1.71,1.79,5529,1489,3.71,34.16%,31.41%,-0.416064,"15:20 ET"
WMB,68.91,2026-10-02,4,Put,69.00,+0.13%,0.9,0.95,1,536,145,3.7,30.12%,30.18%,-0.522813,"15:05 ET"
INTC,115.93,2026-10-16,18,Call,128.00,-10.76%,2.59,2.63,2.67,595,161,3.7,67.11%,66.11%,0.271764,"15:20 ET"
FIG,20.26,2026-10-02,4,Put,21.00,+3.55%,1.07,1,1.3,2232,604,3.7,73.49%,89.35%,-0.628972,"15:04 ET"
AMPX,9.52,2026-10-02,4,Call,10.50,-9.60%,0.05,0.1,0.15,683,185,3.69,80.77%,101.07%,0.189655,"15:09 ET"
AMD,607.46,2026-09-30,2,Put,590.00,-2.79%,3.2,3.23,3.35,999,272,3.67,54.46%,55.73%,-0.222273,"15:19 ET"
INTC,115.93,2026-09-30,2,Put,118.00,+2.10%,3.65,3.75,3.8,2102,572,3.67,67.11%,68.61%,-0.644859,"15:19 ET"
PLTR,188.14,2026-10-02,4,Call,187.50,+0.26%,4.4,4.5,4.45,4687,1280,3.66,53.42%,51.82%,0.538374,"15:22 ET"
UBER,68.17,2026-10-02,4,Call,68.00,+0.21%,1.13,1.14,1.18,1262,346,3.65,36.88%,37.75%,0.531658,"15:16 ET"
NVDA,229.83,2026-09-30,2,Call,217.50,+5.41%,12.25,12.44,12.6,2415,661,3.65,34.82%,44.70%,0.953148,"15:23 ET"
AMD,607.46,2026-09-28,0,Put,617.50,+1.74%,8.7,10.68,11.35,1396,384,3.64,54.46%,29.86%,-0.831777,"15:11 ET"
CRM,228.22,2026-10-30,32,Put,210.00,-8.28%,3.25,3.49,3.75,665,183,3.63,39.88%,39.97%,-0.214636,"13:49 ET"
INTC,115.93,2026-10-16,18,Call,124.00,-7.29%,3.5,3.46,3.65,1086,300,3.62,67.11%,65.16%,0.344905,"15:07 ET"
BILL,41.94,2027-01-15,109,Call,50.00,-19.33%,2.3,2.66,2.8,1425,394,3.62,56.29%,55.30%,0.349557,"15:19 ET"
AVGO,349.74,2026-10-02,4,Put,347.50,-0.82%,4.15,4.05,4.3,2681,742,3.61,36.20%,36.98%,-0.419058,"15:09 ET"
CIFR,16.87,2026-10-02,4,Call,17.00,-0.35%,0.69,0.71,0.74,3214,890,3.61,97.29%,106.08%,0.506735,"15:14 ET"
XOM,161.9,2026-11-20,53,Call,170.00,-4.85%,4.2,4.35,4.4,16446,4580,3.59,30.03%,29.92%,0.362371,"15:13 ET"
SOFI,15.93,2026-10-02,4,Call,16.50,-3.71%,0.14,0.14,0.15,18682,5199,3.59,50.04%,53.43%,0.27283,"15:23 ET"
CRWD,259.58,2026-10-02,4,Put,252.50,-2.54%,3.75,3.8,3.9,1013,283,3.58,56.12%,63.62%,-0.326132,"15:19 ET"
MSTR,158.54,2026-10-02,4,Put,157.50,-0.76%,4.25,4.35,4.4,4712,1318,3.58,67.76%,73.67%,-0.448566,"15:18 ET"
QS,4.59,2026-10-16,18,Put,4.50,-1.75%,0.19,0.18,0.21,535,150,3.57,71.08%,60.61%,-0.413768,"14:31 ET"
MU,1055.67,2026-10-02,4,Call,"1,155.00",-9.61%,12.1,11.85,12.25,681,191,3.57,61.08%,98.87%,0.207426,"15:15 ET"
BE,265.34,2026-10-02,4,Put,237.50,-10.66%,1.06,1.08,1.15,707,198,3.57,80.39%,84.80%,-0.096149,"15:17 ET"
ARM,284.8,2026-10-02,4,Put,250.00,-11.92%,0.56,0.64,0.61,1015,284,3.57,72.46%,80.82%,-0.055271,"15:15 ET"
HL,17.24,2026-10-02,4,Call,18.00,-4.47%,0.17,0.2,0.2,1226,344,3.56,59.62%,63.66%,0.271632,"15:16 ET"
RGTI,16.16,2026-10-02,4,Call,17.00,-4.94%,0.24,0.25,0.25,9220,2587,3.56,75.93%,82.41%,0.292326,"15:23 ET"
RBLX,42.63,2026-10-02,4,Put,42.00,-1.41%,0.88,1.02,1.07,522,147,3.55,70.73%,73.52%,-0.398818,"15:15 ET"
NVDA,229.83,2026-10-05,7,Put,225.00,-2.15%,1.82,1.82,1.87,1844,519,3.55,34.82%,30.21%,-0.297161,"15:23 ET"
MSFT,510.16,2026-09-30,2,Call,512.50,-0.41%,3.55,3.55,3.65,2701,760,3.55,29.81%,30.69%,0.428034,"15:20 ET"
COST,920.6,2026-10-16,18,Put,700.00,-23.96%,0,0.23,1.3,665,188,3.54,19.85%,58.70%,-0.014656,"13:18 ET"
META,717.67,2026-09-28,0,Put,727.50,+1.21%,8,9,9.7,3769,1069,3.53,41.38%,14.69%,-0.946447,"15:17 ET"
HOOD,116.62,2026-10-02,4,Put,107.00,-8.36%,0.51,0.51,0.53,1684,479,3.52,62.93%,72.22%,-0.116632,"15:18 ET"
MU,1055.67,2026-10-02,4,Put,"1,045.00",-0.83%,36.45,36.67,36.6,1028,294,3.5,61.08%,95.15%,-0.439229,"15:18 ET"
UPST,23.03,2026-10-02,4,Call,24.50,-6.61%,0.15,0.16,0.21,1140,326,3.5,68.46%,68.08%,0.202497,"15:06 ET"
TSLA,358.19,2026-10-30,32,Put,340.00,-4.91%,10.35,10.48,10.5,1665,476,3.5,42.19%,45.00%,-0.314964,"15:22 ET"
NFLX,69,2026-10-02,4,Call,71.00,-2.68%,0.34,0.35,0.36,10057,2871,3.5,37.24%,35.57%,0.236417,"15:19 ET"
RDDT,144.73,2026-10-02,4,Put,138.00,-4.32%,1.14,1.26,1.37,804,231,3.48,63.28%,63.13%,-0.221001,"15:21 ET"
ORCL,132.85,2026-10-02,4,Call,138.00,-3.65%,1.38,1.45,1.46,4070,1171,3.48,51.39%,59.84%,0.283294,"15:21 ET"
AVGO,349.74,2026-09-30,2,Call,357.50,-2.04%,1.25,1.25,1.28,1833,529,3.47,36.20%,37.73%,0.226666,"15:20 ET"
VZ,46.67,2026-10-02,4,Call,47.50,-1.67%,0.18,0.2,0.24,3845,1112,3.46,24.96%,26.87%,0.266412,"15:09 ET"
NVDA,229.83,2026-10-07,9,Call,240.00,-4.38%,1.09,1.15,1.15,631,183,3.45,34.82%,30.30%,0.190222,"15:19 ET"
ABT,100.85,2026-10-16,18,Call,102.00,-1.10%,1.9,2.1,2.1,853,247,3.45,29.55%,27.89%,0.443475,"12:08 ET"
BA,185.75,2027-06-17,262,Put,185.00,-0.09%,18.05,18.55,19,1632,473,3.45,34.66%,31.04%,-0.431743,"15:18 ET"
MU,1055.67,2026-10-02,4,Put,970.00,-7.95%,9.95,9.99,10.05,1934,560,3.45,61.08%,91.53%,-0.175458,"15:18 ET"
MRVL,251.6,2026-10-09,11,Put,190.00,-24.50%,0.24,0.35,0.31,1064,309,3.44,65.72%,81.93%,-0.019924,"12:48 ET"
GEO,30.05,2026-10-16,18,Put,30.00,+0.33%,1.2,1.24,1.35,884,258,3.43,56.01%,48.04%,-0.478473,"15:18 ET"
SKHY,182.1,2026-10-02,4,Call,180.00,+1.07%,5.85,5.95,5.95,1087,317,3.43,58.80%,62.74%,0.584962,"15:22 ET"
B,41.15,2026-10-02,4,Call,43.00,-4.52%,0.19,0.2,0.22,1694,494,3.43,42.07%,46.56%,0.189969,"15:14 ET"
AMD,607.46,2026-10-02,4,Put,580.00,-4.44%,4.2,4.48,4.35,4919,1433,3.43,54.46%,57.26%,-0.203179,"15:14 ET"
MSFT,510.16,2026-09-30,2,Call,517.50,-1.39%,1.84,1.8,1.95,2458,719,3.42,29.81%,30.61%,0.270778,"15:18 ET"
SNDK,1708.97,2026-10-02,4,Put,"1,680.00",-1.72%,41.5,42.05,42.2,794,233,3.41,70.82%,78.39%,-0.399519,"15:22 ET"
SKHY,182.1,2026-10-02,4,Call,182.50,-0.30%,4.6,4.65,4.7,1237,364,3.4,58.80%,63.30%,0.502037,"15:23 ET"
MU,1055.67,2026-10-02,4,Put,"1,035.00",-1.78%,31.6,31.75,31.75,922,272,3.39,61.08%,94.55%,-0.401112,"15:16 ET"
MSFT,510.16,2027-04-16,200,Call,580.00,-13.63%,24.25,24.95,24.95,632,187,3.38,29.81%,30.50%,0.355023,"13:12 ET"
MP,46.89,2026-10-02,4,Put,45.00,-3.58%,0.44,0.48,0.5,1197,354,3.38,57.53%,58.45%,-0.263017,"15:20 ET"
AVGO,349.74,2026-09-30,2,Put,350.00,-0.10%,3.7,3.76,3.85,1387,410,3.38,36.20%,36.28%,-0.497013,"15:18 ET"
MSFT,510.16,2026-09-30,2,Call,505.00,+1.06%,7.55,7.95,7.85,2719,805,3.38,29.81%,30.69%,0.679996,"15:18 ET"
NBIS,233.01,2026-10-02,4,Call,252.50,-7.94%,2.41,2.57,2.46,1020,303,3.37,83.32%,88.54%,0.208432,"15:17 ET"
MSFT,510.16,2026-09-30,2,Call,527.50,-3.35%,0.42,0.45,0.45,2287,678,3.37,29.81%,31.77%,0.080595,"15:18 ET"
TSLA,358.19,2026-10-02,4,Call,372.50,-4.18%,2.39,2.4,2.43,4730,1405,3.37,42.19%,48.59%,0.232404,"15:22 ET"
TSLA,358.19,2026-10-05,7,Put,362.50,+1.38%,10,10.12,10.55,708,211,3.36,42.19%,40.86%,-0.566915,"15:23 ET"
ORCL,132.85,2026-10-02,4,Put,132.00,-0.86%,2.59,2.61,2.64,3275,976,3.36,51.39%,54.82%,-0.443073,"15:23 ET"
B,41.15,2026-12-18,81,Call,44.00,-6.95%,2.12,2.23,2.45,773,231,3.35,42.07%,43.36%,0.418414,"13:02 ET"
PG,149.18,2026-10-02,4,Put,145.00,-2.82%,0.17,0.2,0.23,1314,392,3.35,20.77%,22.72%,-0.114531,"15:16 ET"
TSLA,358.19,2026-09-30,2,Put,365.00,+2.08%,8.7,8.75,8.8,5261,1572,3.35,42.19%,44.01%,-0.708625,"15:23 ET"
SKHY,182.1,2027-06-17,262,Call,345.00,-89.61%,9.75,10.05,10.4,631,189,3.34,58.80%,67.40%,0.21754,"15:00 ET"
WHR,31.35,2026-11-20,53,Call,35.00,-11.18%,1.9,2.11,2.05,1332,399,3.34,64.13%,72.42%,0.379789,"14:14 ET"
SKHY,182.1,2026-10-02,4,Call,187.50,-3.05%,2.7,2.75,2.74,1338,401,3.34,58.80%,63.99%,0.345399,"15:21 ET"
NEXT,6.55,2026-11-20,53,Call,7.00,-6.87%,0.35,0.44,0.45,2027,607,3.34,57.66%,57.07%,0.430769,"11:50 ET"
HD,291.07,2026-10-09,11,Call,300.00,-3.10%,2.34,2.5,2.61,503,151,3.33,29.84%,28.74%,0.281592,"15:13 ET"
MSFT,510.16,2026-09-30,2,Put,510.00,-0.08%,4.4,4.49,4.55,2111,633,3.33,29.81%,30.54%,-0.487018,"15:20 ET"
AMC,3.33,2026-10-09,11,Call,3.50,-5.11%,0.17,0.18,0.18,8454,2539,3.33,96.94%,105.65%,0.430589,"15:18 ET"
APP,307.52,2026-10-02,4,Put,275.00,-10.51%,0.35,0.36,0.4,610,184,3.32,64.55%,63.41%,-0.04381,"15:16 ET"
NVDA,229.83,2026-10-07,9,Call,230.00,-0.03%,4.35,4.58,4.5,734,221,3.32,34.82%,30.99%,0.507185,"15:14 ET"
AMD,607.46,2026-10-02,4,Put,530.00,-12.68%,0.43,0.46,0.48,2776,835,3.32,54.46%,69.41%,-0.026357,"15:13 ET"
UPS,93.94,2029-01-19,844,Put,80.00,-14.90%,9.8,10,10.15,583,176,3.31,31.78%,30.31%,-0.274481,"15:21 ET"
UNH,376.47,2026-10-02,4,Call,400.00,-6.59%,0.58,0.61,0.63,3192,963,3.31,41.75%,40.93%,0.083445,"15:23 ET"
INTC,115.93,2026-10-02,4,Call,111.00,+3.95%,6.2,5.95,6.35,1306,396,3.3,67.11%,72.89%,0.718592,"14:07 ET"
AAPL,338.49,2026-10-09,11,Put,350.00,+3.24%,11.55,10.4,13,1421,431,3.3,24.22%,19.33%,-0.838328,"12:23 ET"
BABA,109.3,2027-09-17,354,Put,85.00,-22.20%,5.55,5.55,5.8,701,214,3.28,39.39%,40.16%,-0.19309,"14:47 ET"
MRNA,198.45,2026-10-02,4,Call,240.00,-20.72%,0.53,0.53,0.58,565,173,3.27,89.01%,111.82%,0.058278,"15:16 ET"
AKAM,109.82,2026-10-02,4,Call,115.00,-4.41%,1.15,1.45,1.35,866,265,3.27,62.17%,65.88%,0.276454,"14:58 ET"
NXE,9.02,2026-12-18,81,Put,8.00,-11.21%,0.4,0.48,0.5,1250,383,3.26,56.49%,56.09%,-0.2688,"09:40 ET"
FIG,20.26,2026-10-02,4,Put,19.50,-3.85%,0.29,0.33,0.37,1489,457,3.26,73.49%,77.73%,-0.301432,"15:18 ET"
CVS,88.31,2026-10-02,4,Call,89.00,-0.76%,0.96,1.03,1.06,1582,487,3.25,35.39%,35.50%,0.427635,"15:05 ET"
TSLA,358.19,2026-10-16,18,Call,485.00,-35.64%,0.22,0.26,0.24,2045,631,3.24,42.19%,60.02%,0.014241,"15:00 ET"
F,12.4,2029-01-19,844,Call,12.00,+3.23%,2.58,2.81,2.9,720,223,3.23,36.44%,37.85%,0.594592,"12:37 ET"
INTC,115.93,2026-10-05,7,Call,120.00,-3.83%,2.22,2.3,2.33,876,271,3.23,67.11%,62.51%,0.352806,"15:15 ET"
MU,1055.67,2026-10-02,4,Call,"1,040.00",+1.30%,49.9,49.6,50.05,2769,857,3.23,61.08%,95.06%,0.579999,"15:17 ET"
SPCX,146.15,2026-10-09,11,Call,175.00,-19.34%,0.18,0.18,0.19,4962,1536,3.23,48.61%,55.02%,0.034625,"15:22 ET"
MMM,169.23,2026-11-20,53,Put,160.00,-5.44%,3.5,3.65,3.7,508,158,3.22,27.73%,29.73%,-0.284614,"15:10 ET"
IONQ,45.84,2026-10-02,4,Put,46.00,-0.15%,1.69,1.79,1.79,932,289,3.22,76.73%,84.92%,-0.504228,"15:20 ET"
PANW,393.07,2026-10-02,4,Call,405.00,-2.83%,5.2,5.55,5.75,986,306,3.22,55.57%,61.91%,0.336062,"15:20 ET"
MU,1055.67,2026-09-28,0,Put,"1,070.00",+1.54%,14.5,16.05,14.75,4461,1385,3.22,61.08%,14.25%,-0.973353,"15:15 ET"
SMR,7.97,2026-10-16,18,Put,7.50,-6.13%,0.26,0.26,0.28,574,179,3.21,78.37%,69.38%,-0.313396,"15:12 ET"
TSLA,358.19,2026-10-05,7,Put,350.00,-2.11%,4.2,4.55,4.35,1877,587,3.2,42.19%,39.93%,-0.321811,"15:18 ET"
ZVRA,11.23,2027-01-15,109,Call,5.00,+55.44%,5.4,6.28,7.4,578,181,3.19,84.77%,99.49%,0.962654,"13:35 ET"
OKLO,37.3,2026-10-09,11,Put,37.00,-0.99%,1.56,1.64,1.67,788,247,3.19,73.40%,68.85%,-0.448129,"15:22 ET"
ARM,284.8,2026-10-02,4,Put,270.00,-4.88%,3.55,3.96,3.7,1060,332,3.19,72.46%,80.21%,-0.244945,"15:13 ET"
ARM,284.8,2026-10-02,4,Put,267.50,-5.76%,2.89,3.05,3.05,1329,417,3.19,72.46%,79.98%,-0.210876,"15:17 ET"
META,717.67,2026-09-30,2,Call,775.00,-7.82%,0.42,0.45,0.5,1401,439,3.19,41.38%,56.75%,0.038509,"15:19 ET"
NVDA,229.83,2026-10-05,7,Call,245.00,-6.55%,0.27,0.29,0.3,2202,691,3.19,34.82%,30.41%,0.068005,"15:11 ET"
GOOGL,341.86,2026-09-30,2,Put,330.00,-3.52%,0.35,0.37,0.37,2298,720,3.19,33.32%,35.47%,-0.086289,"15:19 ET"
U,39.9,2027-12-17,445,Call,40.00,-0.68%,11.5,11.75,12,6257,1959,3.19,63.54%,63.89%,0.664963,"14:42 ET"
MSTR,158.54,2026-10-02,4,Call,160.00,-0.82%,4.35,4.37,4.5,10289,3221,3.19,67.76%,76.50%,0.472761,"15:19 ET"
KVYO,15.15,2026-10-16,18,Call,15.00,+1.06%,0.95,0.95,1.1,3078,969,3.18,75.54%,68.93%,0.565471,"14:09 ET"
BA,185.75,2026-10-09,11,Call,197.50,-6.66%,0.97,0.96,1.06,1088,343,3.17,34.66%,35.63%,0.169869,"15:17 ET"
ADBE,230.47,2027-06-17,262,Call,260.00,-12.91%,26,26.2,26.65,2105,663,3.17,40.41%,44.61%,0.48041,"14:55 ET"
POET,7.5,2026-10-02,4,Put,7.50,+0.40%,0.25,0.28,0.3,2962,935,3.17,82.59%,86.75%,-0.486235,"15:07 ET"
TSLA,358.19,2026-10-02,4,Put,357.50,-0.02%,6.5,6.52,6.6,3545,1119,3.17,42.19%,46.87%,-0.469491,"15:23 ET"
NVDA,229.83,2026-09-30,2,Call,220.00,+4.32%,9.9,10.03,10.1,6364,2014,3.16,34.82%,40.62%,0.928047,"15:21 ET"
DFDV,5.7,2026-12-18,81,Call,12.50,-119.30%,0.05,0.22,0.3,604,192,3.15,129.89%,118.87%,0.13527,"14:52 ET"
BE,265.34,2026-10-02,4,Put,265.00,-0.32%,8.65,9.05,9.1,1963,624,3.15,80.39%,82.80%,-0.472631,"15:19 ET"
NVDA,229.83,2026-10-05,7,Put,205.00,-10.85%,0.1,0.11,0.12,1982,629,3.15,34.82%,41.62%,-0.021914,"14:10 ET"
AAPL,338.49,2026-09-30,2,Put,330.00,-2.66%,0.3,0.33,0.33,4726,1502,3.15,24.22%,26.89%,-0.098276,"15:19 ET"
META,717.67,2026-10-02,4,Put,717.50,-0.18%,13,13.5,13.55,500,159,3.14,41.38%,46.72%,-0.473553,"15:19 ET"
GME,23.89,2026-11-06,39,Call,24.00,-0.38%,1.54,1.63,1.72,896,285,3.14,51.36%,55.26%,0.517808,"15:17 ET"
FTNT,176.79,2026-10-16,18,Call,175.00,+0.79%,7.95,8,8.5,2147,683,3.14,53.95%,46.40%,0.562962,"14:59 ET"
META,717.67,2026-09-28,0,Put,730.00,+1.56%,10.8,11.8,12.1,3858,1228,3.14,41.38%,20.26%,-0.931297,"15:18 ET"
AMD,607.46,2026-09-30,2,Call,622.50,-2.56%,4.5,4.3,4.7,593,190,3.12,54.46%,55.73%,0.296388,"15:16 ET"
MCD,234.08,2026-10-02,4,Call,235.00,-0.28%,1.95,2,2.25,859,275,3.12,22.39%,25.55%,0.451224,"15:19 ET"
AMD,607.46,2026-09-30,2,Put,585.00,-3.61%,2.22,2.3,2.33,1232,395,3.12,54.46%,55.94%,-0.166663,"15:19 ET"
NVDA,229.83,2026-10-09,11,Put,227.50,-1.06%,3.8,3.8,3.9,1688,541,3.12,34.82%,31.46%,-0.412181,"15:22 ET"
VRT,244.46,2026-10-09,11,Put,225.00,-7.98%,2.22,2.34,2.45,932,302,3.09,58.93%,54.88%,-0.177512,"15:00 ET"
BHVN,13.35,2027-01-15,109,Call,20.00,-49.37%,0.95,1.15,1.4,1049,339,3.09,93.12%,98.32%,0.324566,"13:13 ET"
GOOGL,341.86,2026-09-30,2,Call,340.00,+0.60%,4.25,4.55,4.55,1256,407,3.09,33.32%,33.32%,0.594993,"15:16 ET"
AMD,607.46,2026-09-28,0,Put,615.00,+1.33%,6.45,7.52,7.2,3452,1117,3.09,54.46%,14.15%,-0.935158,"15:17 ET"
NBIS,233.01,2026-10-02,4,Call,247.50,-5.80%,3.4,3.58,3.5,779,253,3.08,83.32%,87.92%,0.273944,"15:17 ET"
HOOD,116.62,2026-10-02,4,Call,117.00,-0.21%,3.35,3.42,3.45,1467,477,3.08,62.93%,72.14%,0.504203,"15:19 ET"
TSLA,358.19,2026-09-30,2,Call,380.00,-6.28%,0.29,0.3,0.31,10292,3345,3.08,42.19%,49.01%,0.055083,"15:24 ET"
TTD,12.27,2026-10-23,25,Put,11.00,-9.76%,0.19,0.2,0.22,535,174,3.07,68.06%,54.21%,-0.197899,"15:16 ET"
MU,1055.67,2026-10-02,4,Call,"1,070.00",-1.54%,36,36.07,36.15,1786,581,3.07,61.08%,96.43%,0.467601,"15:20 ET"
ZVRA,11.23,2028-01-21,480,Put,15.00,+33.69%,5.4,5.68,6.4,579,189,3.06,84.77%,73.13%,-0.466893,"15:09 ET"
CORZ,16.59,2026-10-02,4,Put,15.50,-6.96%,0.13,0.14,0.16,582,190,3.06,76.34%,79.32%,-0.184776,"15:04 ET"
BABA,109.3,2027-06-17,262,Call,280.00,-156.29%,0.4,0.42,0.5,606,198,3.06,39.39%,52.09%,0.027985,"14:47 ET"
NVDA,229.83,2026-09-30,2,Put,222.50,-3.24%,0.39,0.39,0.4,8155,2663,3.06,34.82%,37.86%,-0.122597,"15:22 ET"
HOOD,116.62,2026-10-16,18,Put,117.00,+0.21%,6.25,6.28,6.35,516,169,3.05,62.93%,60.49%,-0.476198,"15:20 ET"
NBIS,233.01,2026-10-30,32,Call,275.00,-17.56%,8.4,9.5,10.1,614,201,3.05,83.32%,82.05%,0.292978,"15:06 ET"
CRWD,259.58,2026-10-02,4,Put,237.50,-8.33%,0.74,0.79,0.82,646,212,3.05,56.12%,65.58%,-0.09148,"15:17 ET"
RKLB,72.68,2026-10-16,18,Call,73.00,-0.07%,4.35,4.48,4.6,1108,363,3.05,74.07%,70.76%,0.525562,"15:20 ET"
V,369.01,2026-10-02,4,Put,355.00,-3.88%,0.37,0.36,0.39,623,205,3.04,22.71%,26.76%,-0.080148,"15:19 ET"
WFC,80.79,2026-10-02,4,Call,81.00,+0.02%,0.9,1,1.01,712,234,3.04,31.55%,31.32%,0.474508,"15:16 ET"
KMX,57.56,2026-10-16,18,Put,50.00,-13.54%,0.9,1.05,1.2,1581,521,3.03,63.21%,78.39%,-0.177827,"15:19 ET"
TSLA,358.19,2026-10-02,4,Call,367.50,-2.78%,3.6,3.6,3.7,2693,889,3.03,42.19%,48.19%,0.319366,"15:23 ET"
ORCL,132.85,2026-10-09,11,Call,143.00,-7.41%,1.56,1.61,1.63,534,177,3.02,51.39%,53.78%,0.231035,"14:49 ET"
INTC,115.93,2026-10-09,11,Put,112.00,-3.09%,3.3,3.62,3.45,839,278,3.02,67.11%,63.80%,-0.362627,"14:38 ET"
WULF,15.31,2026-10-02,4,Put,14.50,-5.78%,0.22,0.23,0.23,2478,821,3.02,82.21%,85.20%,-0.259973,"15:22 ET"
QCOM,187.97,2026-10-02,4,Call,195.00,-4.14%,2.08,2.15,2.18,3384,1122,3.02,51.88%,59.90%,0.295468,"15:23 ET"
JEF,47.17,2026-10-16,18,Call,50.00,-6.29%,0.95,1.03,1.1,586,195,3.01,48.08%,50.37%,0.317899,"15:14 ET"
PLTR,188.14,2026-10-09,11,Call,187.50,+0.26%,6.55,7.04,6.7,1945,646,3.01,53.42%,47.66%,0.538147,"14:54 ET"
COHR,282.9,2026-10-02,4,Put,250.00,-11.59%,0.5,0.8,0.95,1020,340,3,75.64%,80.95%,-0.066696,"15:01 ET"
AAPL,338.49,2026-09-28,0,Call,337.50,+0.45%,1,1.05,1.07,5822,1942,3,24.22%,4.45%,0.899146,"15:20 ET"
NVDA,229.83,2026-10-02,4,Call,242.50,-5.46%,0.3,0.31,0.31,18106,6062,2.99,34.82%,35.90%,0.079228,"15:23 ET"
SPCX,146.15,2026-10-02,4,Call,160.00,-9.11%,0.27,0.27,0.28,30189,10102,2.99,48.61%,57.22%,0.072195,"15:24 ET"
SOFI,15.93,2029-01-19,844,Put,20.00,+25.71%,6.9,6.95,7,1010,338,2.99,50.04%,54.93%,-0.438112,"15:09 ET"
PANW,393.07,2026-10-02,4,Call,395.00,-0.29%,9.1,9.3,9.85,1189,397,2.99,55.57%,62.87%,0.485713,"15:23 ET"
BE,265.34,2026-10-02,4,Put,252.50,-5.02%,3.6,3.9,4.05,610,205,2.98,80.39%,82.12%,-0.264029,"15:14 ET"
IONQ,45.84,2026-10-02,4,Call,47.00,-2.02%,1.1,1.14,1.15,3003,1007,2.98,76.73%,85.98%,0.402313,"15:17 ET"
AMD,607.46,2026-09-30,2,Put,582.50,-4.03%,1.88,2.01,1.94,829,280,2.96,54.46%,56.39%,-0.143954,"15:16 ET"
NOK,10.13,2026-10-30,32,Call,10.50,-3.65%,0.61,0.62,0.64,1120,379,2.96,58.52%,64.89%,0.467377,"14:50 ET"
CRWV,85.91,2026-10-02,4,Call,86.00,+0.06%,2.78,2.79,2.83,2264,764,2.96,76.40%,79.78%,0.510354,"15:19 ET"
NOK,10.13,2026-10-30,32,Call,10.00,+1.28%,0.82,0.85,0.85,1062,360,2.95,58.52%,64.03%,0.568126,"13:27 ET"
USAR,14.52,2026-10-02,4,Put,14.00,-3.78%,0.18,0.18,0.19,799,272,2.94,72.62%,65.77%,-0.286169,"15:23 ET"
AVGO,349.74,2026-09-30,2,Call,355.00,-1.32%,1.82,1.86,1.85,1643,559,2.94,36.20%,36.92%,0.304961,"15:20 ET"
PANW,393.07,2026-10-02,4,Call,400.00,-1.56%,6.95,6.95,7.55,2867,976,2.94,55.57%,62.14%,0.408891,"15:21 ET"
ELV,393.31,2026-10-16,18,Call,420.00,-6.90%,3.3,3.5,3.9,561,192,2.92,34.50%,34.64%,0.215953,"11:51 ET"
LITE,920.89,2026-10-02,4,Call,900.00,+2.00%,39.9,42,43.2,611,209,2.92,73.95%,77.42%,0.631129,"15:18 ET"
AMD,607.46,2026-09-30,2,Call,655.00,-7.92%,0.51,0.51,0.58,1460,500,2.92,54.46%,59.62%,0.049446,"15:16 ET"
META,717.67,2026-09-30,2,Put,710.00,-1.22%,6.45,6.89,6.9,2339,801,2.92,41.38%,49.88%,-0.36146,"15:20 ET"
AAPL,338.49,2026-10-02,4,Put,337.50,-0.45%,2.91,3.05,2.98,5137,1761,2.92,24.22%,24.51%,-0.445699,"15:19 ET"
WDAY,188.35,2026-10-02,4,Call,200.00,-5.86%,0.85,1.43,1.25,516,178,2.9,51.70%,58.72%,0.173575,"14:29 ET"
ALHC,7.93,2027-01-15,109,Call,12.50,-58.03%,0.3,0.3,0.5,1047,361,2.9,105.39%,84.39%,0.231682,"14:19 ET"
CNC,62.25,2026-11-20,53,Call,70.00,-12.52%,1.84,1.88,2,748,259,2.89,46.66%,46.76%,0.298607,"15:07 ET"
BMY,63.71,2026-10-02,4,Put,63.00,-0.94%,0.75,0.88,0.85,770,266,2.89,30.15%,40.46%,-0.40453,"15:02 ET"
CRWV,85.91,2027-04-16,200,Put,55.00,-36.08%,4.05,4.3,4.4,1525,528,2.89,76.40%,75.71%,-0.133315,"14:09 ET"
MU,1055.67,2026-10-02,4,Put,"1,080.00",+2.49%,56.2,56.35,56.35,1721,596,2.89,61.08%,96.74%,-0.5689,"15:18 ET"
META,717.67,2026-09-30,2,Call,765.00,-6.43%,0.8,0.82,0.88,1161,403,2.88,41.38%,55.12%,0.06637,"15:18 ET"
ORCL,132.85,2026-10-02,4,Put,125.00,-6.11%,0.5,0.51,0.52,4762,1656,2.88,51.39%,53.69%,-0.132451,"15:23 ET"
TSLA,358.19,2026-10-30,32,Call,400.00,-11.87%,6.3,6.32,6.4,5441,1887,2.88,42.19%,45.95%,0.237042,"15:22 ET"
WULF,15.31,2026-10-09,11,Call,16.00,-3.96%,0.56,0.62,0.6,594,207,2.87,82.21%,84.00%,0.397064,"15:06 ET"
INCY,125.67,2026-10-16,18,Call,140.00,-11.88%,0.75,0.87,1.1,614,214,2.87,42.62%,44.71%,0.149801,"15:08 ET"
TLRY,4.01,2026-10-09,11,Call,4.00,+0.25%,0.26,0.27,0.27,638,222,2.87,79.07%,94.01%,0.538412,"15:00 ET"
HUM,391.51,2026-10-23,25,Call,450.00,-15.50%,9.3,10.9,11,500,175,2.86,71.44%,70.60%,0.25566,"14:51 ET"
IONQ,45.84,2026-10-09,11,Call,47.00,-2.02%,1.85,1.9,1.93,788,276,2.86,76.73%,75.97%,0.449098,"15:16 ET"
NKE,36.42,2028-06-16,627,Put,32.50,-10.86%,4.65,5.05,4.9,551,193,2.85,50.21%,38.53%,-0.300582,"13:49 ET"
MCD,234.08,2026-10-02,4,Call,237.50,-1.34%,1.09,1.18,1.17,1674,587,2.85,22.39%,24.88%,0.297044,"15:06 ET"
MSTR,158.54,2026-10-09,11,Call,144.00,+9.26%,16.45,16.72,17.3,15339,5385,2.85,67.76%,69.47%,0.807393,"15:20 ET"
MARA,12.27,2027-01-15,109,Call,29.00,-135.39%,0.18,0.19,0.21,587,207,2.84,81.77%,94.04%,0.082078,"10:42 ET"
ORCL,132.85,2027-10-15,382,Put,60.00,-54.93%,2.05,2.09,2.23,630,222,2.84,51.39%,59.94%,-0.048971,"13:00 ET"
GT,5.03,2026-11-20,53,Put,5.00,-0.40%,0.4,0.4,0.45,714,251,2.84,59.77%,53.68%,-0.467853,"14:39 ET"
TMUS,166.73,2026-10-02,4,Call,167.50,-0.47%,2,2.06,2.2,518,183,2.83,33.51%,35.12%,0.459515,"15:15 ET"
UBER,68.17,2026-10-16,18,Call,69.00,-1.26%,1.69,1.73,1.74,1021,361,2.83,36.88%,33.99%,0.458318,"15:10 ET"
UNH,376.47,2026-10-02,4,Call,392.50,-4.59%,1.35,1.35,1.5,1386,492,2.82,41.75%,40.43%,0.170389,"15:08 ET"
BE,265.34,2026-10-02,4,Call,260.00,+2.20%,11.7,12.3,13.3,1571,557,2.82,80.39%,86.05%,0.610942,"15:17 ET"
BA,185.75,2026-12-18,81,Call,205.00,-10.71%,6,6.25,6.4,1692,599,2.82,34.66%,37.65%,0.317405,"15:19 ET"
META,717.67,2026-10-02,4,Call,752.50,-4.69%,3.8,4.15,4.05,2217,786,2.82,41.38%,49.23%,0.19563,"15:09 ET"
META,717.67,2026-09-30,2,Put,692.50,-3.66%,2.11,2.24,2.26,501,178,2.81,41.38%,50.40%,-0.153748,"15:19 ET"
NU,12.3,2029-01-19,844,Call,10.00,+18.77%,4.9,4.95,5,560,199,2.81,49.23%,47.76%,0.788424,"15:10 ET"
BE,265.34,2027-03-19,172,Put,220.00,-17.25%,30.6,32.35,31.3,579,206,2.81,80.39%,79.94%,-0.259498,"12:46 ET"
SOFI,15.93,2026-10-02,4,Call,15.50,+2.58%,0.58,0.6,0.6,1496,533,2.81,50.04%,50.97%,0.703952,"15:22 ET"
APLD,24.67,2026-10-02,4,Put,24.00,-3.07%,0.51,0.52,0.53,2807,998,2.81,91.33%,80.60%,-0.352837,"15:19 ET"
MRVL,251.6,2026-10-16,18,Call,330.00,-31.13%,0.96,0.99,1.08,8359,2978,2.81,65.72%,74.22%,0.060597,"15:14 ET"
NVDA,229.83,2026-10-02,4,Call,245.00,-6.55%,0.19,0.19,0.2,29285,10472,2.8,34.82%,37.23%,0.05245,"15:22 ET"
SPCX,146.15,2027-02-19,144,Call,240.00,-63.67%,1.98,2.22,2.24,504,180,2.8,48.61%,53.26%,0.103234,"14:47 ET"
MU,1055.67,2026-10-02,4,Put,995.00,-5.57%,16.25,16.42,16.35,682,244,2.8,61.08%,92.28%,-0.253829,"15:19 ET"
AMD,607.46,2026-09-30,2,Call,645.00,-6.27%,1.04,1.1,1.08,728,260,2.8,54.46%,57.80%,0.089461,"15:19 ET"
TGT,158.65,2026-10-02,4,Call,162.50,-2.54%,0.82,0.87,0.95,762,272,2.8,35.47%,34.68%,0.259236,"15:22 ET"
SHOP,142.74,2026-10-02,4,Call,147.00,-2.98%,2.01,2.1,2.12,818,292,2.8,60.76%,63.22%,0.340457,"15:23 ET"
SPCX,146.15,2026-10-09,11,Call,167.50,-14.23%,0.39,0.43,0.4,1553,555,2.8,48.61%,51.13%,0.070974,"15:07 ET"
INTC,115.93,2026-09-30,2,Put,111.00,-3.95%,0.73,0.75,0.76,1495,535,2.79,67.11%,71.20%,-0.210409,"15:16 ET"
MP,46.89,2026-10-02,4,Put,46.00,-1.44%,0.81,0.84,0.89,671,241,2.78,57.53%,60.15%,-0.394135,"15:10 ET"
INTC,115.93,2026-09-30,2,Put,112.00,-3.09%,0.95,0.98,0.99,1496,538,2.78,67.11%,70.21%,-0.260108,"15:19 ET"
AMD,607.46,2026-10-09,11,Call,700.00,-15.33%,1.84,1.88,1.93,2211,794,2.78,54.46%,54.24%,0.076022,"15:17 ET"
MSFT,510.16,2026-09-30,2,Put,500.00,-2.04%,1.22,1.23,1.36,3140,1129,2.78,29.81%,31.91%,-0.191837,"15:20 ET"
INTC,115.93,2026-10-30,32,Put,87.00,-24.72%,0.88,0.96,0.97,982,355,2.77,67.11%,73.07%,-0.075436,"14:38 ET"
CCL,22.32,2026-10-02,4,Put,21.00,-5.87%,0.27,0.29,0.3,4958,1791,2.77,49.69%,86.00%,-0.232321,"15:20 ET"
SPCX,146.15,2026-10-02,4,Put,146.00,-0.44%,3,3.05,3.05,8940,3232,2.77,48.61%,52.28%,-0.472634,"15:24 ET"
C,131.99,2026-10-02,4,Put,131.00,-0.76%,1.28,1.31,1.4,757,274,2.76,33.07%,31.48%,-0.416787,"15:19 ET"
AMZN,246.07,2026-09-30,2,Put,237.50,-3.42%,0.19,0.2,0.21,1866,677,2.76,34.16%,33.50%,-0.072836,"15:19 ET"
AMD,607.46,2026-10-09,11,Call,655.00,-7.92%,6.7,6.15,6.95,707,257,2.75,54.46%,52.21%,0.224095,"14:31 ET"
ACN,173.58,2026-10-02,4,Put,175.00,+0.36%,7,7.3,7.6,1107,402,2.75,54.41%,93.28%,-0.503583,"15:15 ET"
CCL,22.32,2026-10-02,4,Call,24.00,-7.58%,0.23,0.24,0.25,6953,2528,2.75,49.69%,84.34%,0.220953,"15:19 ET"
BE,265.34,2026-10-23,25,Call,350.00,-31.65%,2.51,2.67,2.83,657,240,2.74,80.39%,78.66%,0.109988,"15:16 ET"
PSIX,45.56,2026-10-16,18,Put,45.00,-1.75%,2.35,2.47,2.65,2009,734,2.74,83.28%,70.15%,-0.433358,"14:22 ET"
NOW,131.29,2026-10-23,25,Put,125.00,-4.75%,4.35,4.5,4.65,1542,565,2.73,55.34%,54.78%,-0.334478,"15:15 ET"
TSLA,358.19,2026-10-02,4,Put,367.50,+2.78%,12.55,12.8,12.75,2474,905,2.73,42.19%,47.66%,-0.683803,"15:20 ET"
C,131.99,2026-10-02,4,Call,135.00,-2.27%,0.61,0.68,0.72,2510,923,2.72,33.07%,32.78%,0.250487,"15:09 ET"
NFLX,69,2026-10-23,25,Put,67.00,-3.11%,2.24,2.25,2.28,2781,1022,2.72,37.24%,45.78%,-0.370818,"15:19 ET"
RYN,18.75,2027-01-15,109,Put,17.50,-6.67%,0.55,0.58,0.65,518,191,2.71,29.01%,27.95%,-0.301454,"13:11 ET"
GM,80.99,2026-10-02,4,Call,85.00,-4.69%,0.14,0.18,0.22,725,268,2.71,36.33%,38.54%,0.115032,"15:15 ET"
CRDO,194.07,2026-10-02,4,Call,195.00,-0.37%,6.3,6.5,6.9,922,340,2.71,76.26%,86.03%,0.500042,"15:16 ET"
GOOGL,341.86,2026-09-30,2,Call,355.00,-3.79%,0.33,0.34,0.35,1892,701,2.7,33.32%,36.16%,0.082367,"15:19 ET"
SNDK,1708.97,2026-10-02,4,Put,"1,600.00",-6.40%,15.7,15.62,16,2648,979,2.7,70.82%,77.97%,-0.196656,"15:22 ET"
NOW,131.29,2026-10-02,4,Put,125.00,-4.75%,0.99,1.02,1.04,3554,1318,2.7,55.34%,60.48%,-0.20945,"15:16 ET"
AMD,607.46,2026-09-30,2,Put,535.00,-11.85%,0.11,0.12,0.15,599,223,2.69,54.46%,76.56%,-0.010826,"15:08 ET"
JOBY,6.12,2026-10-09,11,Put,6.50,+6.04%,0.48,0.49,0.52,786,292,2.69,65.84%,61.74%,-0.695051,"15:03 ET"
ADBE,230.47,2026-10-02,4,Call,255.00,-10.74%,0.1,0.15,0.17,1219,453,2.69,40.41%,50.25%,0.029353,"15:06 ET"
META,717.67,2026-10-09,11,Call,800.00,-11.30%,2.13,2.15,2.29,2466,917,2.69,41.38%,44.16%,0.089327,"15:19 ET"
USAR,14.52,2026-10-02,4,Call,15.50,-6.53%,0.12,0.13,0.14,1244,464,2.68,72.62%,74.11%,0.211231,"15:22 ET"
NFLX,69,2028-06-16,627,Call,155.00,-124.15%,1.97,2.25,2.52,1301,486,2.68,37.24%,41.80%,0.144319,"10:18 ET"
DJT,9.11,2026-10-02,4,Call,9.50,-4.28%,0.11,0.12,0.13,1330,497,2.68,64.62%,68.69%,0.299473,"15:16 ET"
MU,1055.67,2026-10-02,4,Put,"1,050.00",-0.35%,39,39.1,39.15,3993,1488,2.68,61.08%,95.40%,-0.45821,"15:19 ET"
KTOS,44.21,2026-10-02,4,Call,48.00,-8.65%,0.15,0.2,0.25,532,199,2.67,62.93%,67.88%,0.130861,"14:53 ET"
INTC,115.93,2026-09-28,0,Call,106.00,+8.28%,9.55,9.07,9.7,548,205,2.67,67.11%,48.78%,0.999703,"14:01 ET"
FRVO,14.09,2026-10-16,18,Call,12.50,+11.91%,2,1.95,2.25,659,247,2.67,101.91%,97.27%,0.748977,"14:40 ET"
SKHY,182.1,2026-10-02,4,Put,162.50,-10.69%,0.25,0.25,0.28,674,252,2.67,58.80%,67.14%,-0.048477,"15:05 ET"
BAC,55.41,2026-10-02,4,Call,55.00,+0.92%,0.92,0.92,1,804,301,2.67,28.63%,30.78%,0.606912,"15:19 ET"
ARM,284.8,2026-10-02,4,Put,275.00,-3.11%,5.15,5.58,5.3,975,365,2.67,72.46%,80.68%,-0.319337,"15:15 ET"
INTC,115.93,2026-10-16,18,Put,116.00,+0.37%,6.45,6.9,6.65,1103,413,2.67,67.11%,62.98%,-0.477419,"14:29 ET"
AMZN,246.07,2026-10-09,11,Put,227.50,-7.48%,0.49,0.43,0.52,1300,486,2.67,34.16%,32.97%,-0.077725,"14:51 ET"
MSFT,510.16,2026-09-30,2,Call,525.00,-2.86%,0.6,0.63,0.67,2308,863,2.67,29.81%,31.32%,0.111843,"15:18 ET"
META,717.67,2026-10-02,4,Put,665.00,-7.48%,1.01,1.08,1.09,781,294,2.66,41.38%,49.68%,-0.06332,"15:17 ET"
MT,70,2026-12-18,81,Put,65.00,-7.29%,3.1,3.1,3.3,971,365,2.66,43.15%,43.50%,-0.31091,"13:11 ET"
AMD,607.46,2026-10-02,4,Call,610.00,-0.50%,13.4,13.5,13.7,1448,544,2.66,54.46%,56.13%,0.495329,"15:19 ET"
QBTS,17.02,2026-10-02,4,Call,17.00,+0.29%,0.55,0.56,0.57,2081,782,2.66,75.66%,77.67%,0.521186,"15:24 ET"
AVGO,349.74,2026-09-28,0,Put,352.50,+0.61%,2.57,2.65,2.84,2928,1099,2.66,36.20%,11.81%,-0.8868,"15:19 ET"
XPEV,9.97,2026-10-09,11,Put,9.50,-4.71%,0.12,0.13,0.14,747,282,2.65,51.71%,46.28%,-0.258558,"14:28 ET"
SPCX,146.15,2029-01-19,844,Call,295.00,-101.17%,21,21.65,21.8,1169,441,2.65,48.61%,54.10%,0.380123,"15:11 ET"
CPNG,13.73,2027-01-15,109,Put,14.00,+1.38%,1.33,1.5,1.58,2208,833,2.65,49.58%,46.49%,-0.466443,"14:42 ET"
SOFI,15.93,2026-10-09,11,Call,16.50,-3.71%,0.29,0.29,0.3,3066,1155,2.65,50.04%,47.14%,0.351205,"15:23 ET"
NVO,38.65,2026-10-30,32,Call,41.00,-5.97%,0.61,0.65,0.69,1085,411,2.64,34.77%,33.05%,0.288413,"15:03 ET"
SPCX,146.15,2026-10-30,32,Call,140.00,+4.53%,10.95,12.5,12.25,532,202,2.63,48.61%,45.96%,0.66139,"14:52 ET"
AMD,607.46,2026-09-30,2,Put,570.00,-6.09%,0.79,0.82,0.82,1116,424,2.63,54.46%,59.66%,-0.067065,"15:19 ET"
INTC,115.93,2026-09-30,2,Put,120.00,+3.83%,5.05,5.3,5.25,3358,1275,2.63,67.11%,67.98%,-0.76118,"15:10 ET"
VKTX,33.89,2026-10-09,11,Call,35.00,-2.70%,0.97,1.2,1.32,519,198,2.62,68.34%,68.70%,0.41753,"13:53 ET"
SNDK,1708.97,2026-10-02,4,Put,"1,690.00",-1.14%,46.1,46.56,46.7,882,337,2.62,70.82%,78.53%,-0.427776,"15:22 ET"
ILPT,7.22,2027-01-15,109,Call,7.50,-3.88%,0.4,0.5,0.6,2637,1008,2.62,41.72%,40.51%,0.463512,"10:46 ET"
SPCX,146.15,2026-10-02,4,Call,152.50,-4.00%,1.09,1.12,1.11,21351,8143,2.62,48.61%,53.00%,0.237245,"15:23 ET"
TSLA,358.19,2026-09-30,2,Call,390.00,-9.07%,0.11,0.12,0.13,6682,2558,2.61,42.19%,56.14%,0.021976,"15:23 ET"
NVDA,229.83,2026-09-30,2,Put,220.00,-4.32%,0.21,0.22,0.22,7915,3031,2.61,34.82%,40.23%,-0.070158,"15:22 ET"
AMZN,246.07,2027-09-17,354,Put,245.00,-0.37%,27.65,27.65,28.5,503,193,2.61,34.16%,34.39%,-0.399121,"14:58 ET"
DIS,105,2026-10-02,4,Put,105.00,+0.03%,1.14,1.18,1.28,551,211,2.61,28.94%,27.22%,-0.498863,"15:09 ET"
MU,1055.67,2026-10-05,7,Call,"1,200.00",-13.88%,7.9,7.95,8.05,904,347,2.61,61.08%,80.86%,0.139163,"15:20 ET"
TSLA,358.19,2026-10-09,11,Put,360.00,+0.68%,10.8,11.06,10.95,2776,1062,2.61,42.19%,41.00%,-0.507454,"15:21 ET"
SPCX,146.15,2026-10-09,11,Call,150.00,-2.29%,3.2,3.25,3.25,5336,2045,2.61,48.61%,46.73%,0.399521,"15:23 ET"
MSFT,510.16,2026-09-30,2,Put,492.50,-3.51%,0.4,0.43,0.46,757,291,2.6,29.81%,33.53%,-0.075039,"15:19 ET"
ARM,284.8,2026-10-02,4,Put,255.00,-10.16%,0.94,1.02,0.99,524,202,2.59,72.46%,80.16%,-0.085005,"15:09 ET"
META,717.67,2026-10-02,4,Put,712.50,-0.88%,10.65,11,11.2,587,227,2.59,41.38%,46.63%,-0.416883,"15:11 ET"
IONQ,45.84,2026-10-16,18,Call,47.00,-2.02%,2.42,2.47,2.54,851,328,2.59,76.73%,73.66%,0.472114,"15:16 ET"
BE,265.34,2026-10-02,4,Put,290.00,+9.08%,26.05,26.62,27.2,1632,630,2.59,80.39%,86.57%,-0.823252,"15:16 ET"
TSLA,358.19,2026-10-02,4,Put,342.50,-4.21%,1.66,1.67,1.7,1865,721,2.59,42.19%,47.26%,-0.172667,"15:23 ET"
IREN,42.09,2026-10-09,11,Put,42.00,-0.43%,2.09,2.1,2.14,2287,884,2.59,80.04%,75.31%,-0.463138,"15:16 ET"
UBER,68.17,2026-10-16,18,Call,73.00,-7.13%,0.52,0.55,0.59,4824,1861,2.59,36.88%,34.23%,0.199124,"15:15 ET"
MSFT,510.16,2026-10-05,7,Call,520.00,-1.88%,3.3,3.3,3.6,513,199,2.58,29.81%,25.43%,0.306038,"15:14 ET"
USAR,14.52,2026-10-09,11,Put,16.50,+13.40%,2.06,2.11,2.16,578,224,2.58,72.62%,69.47%,-0.84207,"15:22 ET"
INTC,115.93,2026-09-30,2,Put,108.00,-6.55%,0.3,0.35,0.33,600,233,2.58,67.11%,74.33%,-0.101789,"15:06 ET"
AMD,607.46,2026-10-23,25,Put,545.00,-10.21%,8.8,9.3,9.15,838,325,2.58,54.46%,51.97%,-0.185926,"14:44 ET"
AMC,3.33,2027-03-19,172,Call,4.50,-35.14%,0.49,0.52,0.52,1408,545,2.58,96.94%,94.11%,0.439427,"14:18 ET"
CBRS,197.83,2026-10-02,4,Call,200.00,-0.81%,6.2,6.2,6.5,2085,809,2.58,75.58%,86.54%,0.479362,"15:19 ET"
MSTR,158.54,2026-10-16,18,Call,157.50,+0.76%,9.9,10.1,10.05,591,230,2.57,67.76%,66.44%,0.552434,"15:13 ET"
CVNA,60.8,2026-10-02,4,Put,61.00,+0.46%,1.89,2.1,1.98,662,258,2.57,68.40%,73.36%,-0.496554,"14:57 ET"
HOOD,116.62,2026-10-02,4,Put,108.00,-7.50%,0.63,0.65,0.67,2516,978,2.57,62.93%,71.64%,-0.140751,"15:18 ET"
GILD,152.49,2026-10-02,4,Put,150.00,-1.67%,0.87,1.01,1.07,501,196,2.56,30.46%,30.85%,-0.303934,"14:29 ET"
TSLA,358.19,2026-09-30,2,Put,335.00,-6.31%,0.21,0.22,0.22,1264,494,2.56,42.19%,52.00%,-0.038311,"15:20 ET"
NBIS,233.01,2026-10-02,4,Call,242.50,-3.66%,4.75,5,4.8,1739,679,2.56,83.32%,87.07%,0.350574,"15:18 ET"
UBER,68.17,2026-10-16,18,Call,74.00,-8.60%,0.39,0.41,0.45,1321,518,2.55,36.88%,34.82%,0.157402,"15:13 ET"
NVDA,229.83,2026-10-02,4,Call,240.00,-4.38%,0.49,0.5,0.51,47945,18821,2.55,34.82%,35.00%,0.122117,"15:23 ET"
AAPL,338.49,2026-10-02,4,Put,340.00,+0.29%,4.1,4.2,4.25,7351,2898,2.54,24.22%,24.13%,-0.561576,"15:20 ET"
AVGO,349.74,2026-09-30,2,Put,352.50,+0.61%,4.7,5.02,5.25,544,214,2.54,36.20%,34.27%,-0.608201,"15:16 ET"
WMT,108.83,2026-10-09,11,Put,108.00,-0.73%,1.26,1.3,1.34,1564,615,2.54,26.72%,22.91%,-0.408645,"14:47 ET"
TSLA,358.19,2026-10-09,11,Call,360.00,-0.68%,9.65,9.62,9.75,2482,977,2.54,42.19%,41.57%,0.494552,"15:22 ET"
QCOM,187.97,2026-10-02,4,Call,200.00,-6.81%,1.1,1.1,1.15,4331,1704,2.54,51.88%,61.03%,0.178116,"15:23 ET"
TSLA,358.19,2026-10-09,11,Call,362.50,-1.38%,8.55,8.55,8.65,894,353,2.53,42.19%,41.64%,0.456487,"15:23 ET"
NVDA,229.83,2026-10-16,18,Call,247.50,-7.64%,1.14,1.16,1.17,1562,618,2.53,34.82%,30.43%,0.148343,"15:21 ET"
INTC,115.93,2026-10-02,4,Call,118.00,-2.10%,2.47,2.55,2.52,2355,929,2.53,67.11%,72.53%,0.411245,"15:17 ET"
NU,12.3,2026-11-20,53,Call,13.00,-5.61%,0.66,0.68,0.69,3029,1199,2.53,49.23%,50.25%,0.432718,"15:16 ET"
MU,1055.67,2026-10-02,4,Call,"1,065.00",-1.07%,38.1,38.07,38.25,1065,423,2.52,61.08%,96.25%,0.485975,"15:18 ET"
LYFT,14.82,2027-06-17,262,Put,12.00,-18.81%,1.1,1.11,1.17,1070,425,2.52,51.94%,53.90%,-0.228811,"15:10 ET"
AMD,607.46,2026-09-28,0,Put,625.00,+2.98%,15.75,18.41,20.8,1239,491,2.52,54.46%,54.68%,-0.826273,"15:15 ET"
TSLA,358.19,2026-10-30,32,Call,360.00,-0.68%,18.75,18.88,19.25,1258,499,2.52,42.19%,45.43%,0.523073,"15:22 ET"
RKT,11.73,2026-10-02,4,Call,12.00,-2.39%,0.19,0.24,0.24,2392,950,2.52,63.20%,68.41%,0.382136,"14:47 ET"
MDB,341.2,2026-10-02,4,Call,470.00,-36.97%,0.03,0.1,0.39,689,275,2.51,62.80%,132.91%,0.013197,"15:08 ET"
SPCX,146.15,2026-10-16,18,Call,147.00,-0.25%,5.65,5.65,5.7,1416,564,2.51,48.61%,45.42%,0.50828,"15:20 ET"
PLTR,188.14,2026-10-02,4,Call,202.50,-7.72%,0.44,0.46,0.46,10635,4234,2.51,53.42%,52.32%,0.095226,"15:23 ET"
BMO,170.93,2026-12-18,81,Put,175.00,+2.35%,8.3,8.9,9.6,515,207,2.49,20.84%,21.48%,-0.564303,"11:11 ET"
MSFT,510.16,2026-09-30,2,Put,512.50,+0.41%,5.75,5.85,6,757,304,2.49,29.81%,30.89%,-0.572095,"15:19 ET"
NOW,131.29,2026-10-02,4,Put,121.00,-7.80%,0.42,0.4,0.43,1307,524,2.49,55.34%,62.79%,-0.100992,"15:12 ET"
GOOGL,341.86,2026-10-02,4,Call,342.50,-0.13%,4.5,4.65,4.75,1667,670,2.49,33.32%,34.14%,0.490355,"15:15 ET"
CORZ,16.59,2026-10-02,4,Put,16.00,-3.96%,0.24,0.25,0.29,2646,1061,2.49,76.34%,77.00%,-0.298813,"15:02 ET"
RKLB,72.68,2026-10-02,4,Call,72.00,+1.30%,2.7,2.7,2.85,3243,1304,2.49,74.07%,79.30%,0.564497,"15:23 ET"
AMC,3.33,2026-10-30,32,Call,3.50,-5.11%,0.26,0.32,0.34,5005,2008,2.49,96.94%,93.94%,0.484762,"15:19 ET"
GOOG,338.61,2026-10-02,4,Call,355.00,-4.80%,0.63,0.66,0.65,7034,2820,2.49,32.83%,35.72%,0.106953,"15:16 ET"
BMO,170.93,2026-12-18,81,Call,175.00,-2.35%,5.5,6,6.3,516,208,2.48,20.84%,23.50%,0.443319,"15:04 ET"
AVGO,349.74,2027-04-16,200,Call,470.00,-34.15%,14.25,14.93,15,520,210,2.48,36.20%,44.38%,0.248954,"14:23 ET"
CMG,32.24,2026-10-16,18,Put,31.50,-3.37%,0.71,0.64,0.79,676,273,2.48,44.39%,41.75%,-0.351663,"14:32 ET"
QCOM,187.97,2026-10-09,11,Call,210.00,-12.16%,1.1,1.1,1.19,811,327,2.48,51.88%,54.40%,0.133191,"15:00 ET"
HOOD,116.62,2026-10-02,4,Call,118.00,-1.06%,2.94,3.05,2.99,1472,593,2.48,62.93%,72.48%,0.459638,"15:05 ET"
AMD,607.46,2026-10-02,4,Put,540.00,-11.03%,0.65,0.68,0.68,1747,704,2.48,54.46%,65.82%,-0.038526,"15:04 ET"
TJX,130.26,2026-11-20,53,Call,140.00,-7.63%,2.05,2.12,2.25,504,204,2.47,25.72%,27.39%,0.271691,"14:52 ET"
CVX,205.71,2026-10-02,4,Put,207.50,+0.59%,3.3,3.46,3.5,745,302,2.47,28.23%,29.56%,-0.589671,"15:19 ET"
NU,12.3,2026-10-23,25,Call,13.00,-5.61%,0.28,0.37,0.32,1175,475,2.47,49.23%,43.85%,0.340024,"12:13 ET"
PLTR,188.14,2026-10-02,4,Put,187.50,-0.26%,3.7,3.7,3.8,3342,1352,2.47,53.42%,52.14%,-0.462307,"15:21 ET"
TSLA,358.19,2026-09-30,2,Put,327.50,-8.41%,0.12,0.15,0.13,597,243,2.46,42.19%,60.38%,-0.020819,"15:17 ET"
FVRR,8.53,2027-01-15,109,Put,8.00,-5.99%,0.6,0.65,0.8,1000,406,2.46,56.70%,54.66%,-0.346633,"14:27 ET"
CCL,22.32,2026-10-02,4,Put,21.50,-3.63%,0.41,0.4,0.48,3340,1358,2.46,49.69%,86.87%,-0.320594,"15:17 ET"
NVDA,229.83,2026-09-28,0,Put,235.00,+2.20%,5.15,5.25,5.3,3633,1475,2.46,34.82%,20.36%,-0.987505,"15:17 ET"
SOFI,15.93,2026-10-16,18,Call,15.00,+5.72%,1.18,1.2,1.23,5253,2139,2.46,50.04%,45.22%,0.746086,"15:20 ET"
MU,1055.67,2026-10-02,4,Put,915.00,-13.17%,3.1,3.18,3.2,596,243,2.45,61.08%,94.09%,-0.066464,"15:15 ET"
BE,265.34,2026-10-09,11,Call,300.00,-12.85%,3.55,3.75,3.95,742,303,2.45,80.39%,77.05%,0.200984,"15:20 ET"
AAPL,338.49,2026-10-09,11,Put,327.50,-3.40%,1.52,1.53,1.61,1083,442,2.45,24.22%,23.63%,-0.198595,"15:16 ET"
DIS,105,2026-10-02,4,Put,100.00,-4.73%,0.07,0.11,0.15,1558,635,2.45,28.94%,31.77%,-0.070234,"14:41 ET"
META,717.67,2026-10-02,4,Call,730.00,-1.56%,9.35,9.5,9.8,2135,873,2.45,41.38%,47.62%,0.39011,"15:19 ET"
U,39.9,2026-10-02,4,Call,43.00,-8.23%,0.21,0.2,0.26,738,302,2.44,63.54%,69.29%,0.159531,"14:39 ET"
TSM,453.49,2026-10-02,4,Put,437.50,-3.50%,1.34,1.45,1.39,833,342,2.44,34.68%,34.70%,-0.155903,"15:15 ET"
ON,76.03,2026-10-16,18,Call,76.00,+0.09%,3.7,3.95,4,2277,937,2.43,58.87%,56.03%,0.531779,"15:08 ET"
META,717.67,2026-10-02,4,Call,750.00,-4.34%,4.2,4.38,4.5,10009,4119,2.43,41.38%,49.00%,0.212796,"15:20 ET"
CRWD,259.58,2026-10-16,18,Put,260.00,+0.36%,12.5,12.95,13.1,611,252,2.42,56.12%,55.60%,-0.476571,"15:14 ET"
IREN,42.09,2026-10-02,4,Call,42.50,-0.76%,1.28,1.27,1.3,824,341,2.42,80.04%,83.16%,0.477079,"15:15 ET"
AMZN,246.07,2026-09-30,2,Put,250.00,+1.67%,4.65,4.71,4.85,3927,1622,2.42,34.16%,31.84%,-0.742349,"15:20 ET"
MDB,341.2,2027-12-17,445,Call,330.00,+3.83%,110.2,112.75,116.05,571,237,2.41,62.80%,69.65%,0.691687,"14:53 ET"
NFLX,69,2026-10-09,11,Put,67.00,-3.11%,0.64,0.62,0.66,815,338,2.41,37.24%,31.31%,-0.274126,"15:18 ET"
SPCX,146.15,2026-10-02,4,Call,143.00,+2.48%,5.1,5.1,5.15,849,352,2.41,48.61%,52.65%,0.672491,"15:24 ET"
VIK,79.49,2027-01-15,109,Call,85.00,-6.78%,5.2,5.26,5.5,2049,851,2.41,42.34%,41.45%,0.449175,"15:16 ET"
INTC,115.93,2026-10-30,32,Call,150.00,-29.79%,2.06,2.07,2.18,2297,954,2.41,67.11%,79.19%,0.163625,"15:02 ET"
SPCX,146.15,2026-10-02,4,Put,147.00,+0.25%,3.5,3.57,3.55,8553,3552,2.41,48.61%,51.97%,-0.522696,"15:22 ET"
COIN,192.89,2026-10-09,11,Put,180.00,-6.69%,3.05,3.14,3.3,516,215,2.4,65.35%,63.03%,-0.241193,"15:17 ET"
BMEA,1.2799,2026-10-16,18,Put,1.50,+17.65%,0.3,0.32,0.35,1606,669,2.4,176.30%,158.88%,-0.610671,"14:25 ET"
AMD,607.46,2026-09-30,2,Call,652.50,-7.51%,0.61,0.66,0.65,570,238,2.39,54.46%,58.88%,0.056619,"15:19 ET"
BABA,109.3,2026-10-09,11,Call,121.00,-10.76%,0.37,0.39,0.43,747,312,2.39,39.39%,44.72%,0.102261,"13:37 ET"
AMZN,246.07,2026-09-30,2,Call,240.00,+2.40%,6.2,6.35,6.65,972,406,2.39,34.16%,28.10%,0.890179,"15:15 ET"
AMD,607.46,2026-10-02,4,Call,615.00,-1.33%,11.2,11.35,11.5,2505,1049,2.39,54.46%,56.21%,0.440242,"15:19 ET"
GOOGL,341.86,2026-09-30,2,Put,342.50,+0.13%,3.55,3.65,3.85,633,266,2.38,33.32%,33.62%,-0.522952,"15:19 ET"
PTON,4.78,2026-10-23,25,Call,5.00,-4.60%,0.12,0.15,0.15,673,283,2.38,59.93%,44.22%,0.375622,"14:43 ET"
CMG,32.24,2026-10-02,4,Call,33.50,-2.76%,0.33,0.37,0.41,1077,453,2.38,44.39%,57.00%,0.307851,"15:18 ET"
AMZN,246.07,2026-10-02,4,Put,257.50,+4.72%,11.15,11.94,12.55,1086,457,2.38,34.16%,35.80%,-0.883807,"15:08 ET"
AMC,3.33,2026-10-09,11,Call,4.00,-20.12%,0.08,0.1,0.1,4465,1877,2.38,96.94%,125.93%,0.234205,"15:19 ET"
CLF,11.23,2026-10-16,18,Put,11.00,-1.61%,0.53,0.54,0.57,9136,3845,2.38,65.22%,64.16%,-0.430413,"15:10 ET"
SPCX,146.15,2026-10-02,4,Call,149.00,-1.61%,2.06,2.09,2.08,9854,4145,2.38,48.61%,52.34%,0.381649,"15:23 ET"
BA,185.75,2026-10-02,4,Call,200.00,-8.01%,0.13,0.14,0.15,6980,2945,2.37,34.66%,40.59%,0.043939,"15:18 ET"
MDB,341.2,2026-10-16,18,Call,400.00,-16.57%,4.05,4.45,4.65,614,259,2.37,62.80%,67.96%,0.169091,"15:18 ET"
CVS,88.31,2026-10-02,4,Put,88.00,-0.37%,1.05,1.09,1.15,679,286,2.37,35.39%,34.28%,-0.450303,"14:37 ET"
INTC,115.93,2026-09-30,2,Put,110.00,-4.82%,0.55,0.56,0.58,1843,779,2.37,67.11%,72.20%,-0.167526,"15:19 ET"
SNDK,1708.97,2026-10-02,4,Call,"1,650.00",+3.48%,89.2,90,90.2,668,283,2.36,70.82%,78.01%,0.683296,"15:17 ET"
META,717.67,2026-09-28,0,Put,735.00,+2.25%,15.5,14.75,17.6,1323,560,2.36,41.38%,29.10%,-0.930357,"15:04 ET"
TTD,12.27,2026-10-16,18,Call,14.00,-14.85%,0.13,0.14,0.14,5153,2181,2.36,68.06%,57.95%,0.169719,"15:18 ET"
WMT,108.83,2026-10-02,4,Call,109.00,-0.19%,1.11,1.13,1.14,6081,2582,2.36,26.72%,26.19%,0.487465,"15:22 ET"
NVDA,229.83,2026-09-30,2,Call,215.00,+6.50%,14.7,15.19,15.15,1284,546,2.35,34.82%,52.21%,0.958989,"15:12 ET"
ENVX,2.51,2029-01-19,844,Call,7.00,-177.78%,0.85,0.86,0.87,1659,707,2.35,98.63%,99.25%,0.559326,"15:19 ET"
CVNA,60.8,2026-10-02,4,Call,67.00,-10.34%,0.19,0.22,0.25,578,247,2.34,68.40%,71.03%,0.104864,"15:10 ET"
SPCX,146.15,2026-10-02,4,Call,142.00,+3.16%,5.8,5.82,5.85,692,296,2.34,48.61%,53.13%,0.715478,"15:19 ET"
ET,20.14,2026-10-30,32,Call,20.00,+0.55%,0.53,0.46,0.64,1425,608,2.34,20.37%,22.56%,0.543177,"15:12 ET"
AMD,607.46,2026-10-02,4,Call,635.00,-4.62%,5.15,5.2,5.3,1978,844,2.34,54.46%,57.25%,0.248051,"15:19 ET"
TSLA,358.19,2026-10-02,4,Put,362.50,+1.38%,9.25,9.45,9.4,2762,1181,2.34,42.19%,47.20%,-0.581374,"15:20 ET"
GOOGL,341.86,2026-09-30,2,Call,360.00,-5.25%,0.14,0.16,0.16,3189,1364,2.34,33.32%,38.99%,0.038279,"15:19 ET"
UBER,68.17,2026-10-02,4,Put,68.00,-0.21%,0.92,0.94,0.98,4450,1904,2.34,36.88%,36.13%,-0.468462,"15:23 ET"
CRCL,86.1,2026-10-09,11,Call,85.00,+1.57%,4.75,5.72,5.15,653,280,2.33,72.87%,71.61%,0.574969,"14:18 ET"
INTC,115.93,2026-10-09,11,Put,105.00,-9.15%,1.29,1.32,1.33,1656,712,2.33,67.11%,64.55%,-0.177464,"15:19 ET"
AAPL,338.49,2026-10-02,4,Put,342.50,+1.02%,5.6,5.75,5.85,1685,724,2.33,24.22%,23.99%,-0.673645,"15:19 ET"
META,717.67,2026-09-30,2,Call,760.00,-5.73%,1.1,1.07,1.18,1933,830,2.33,41.38%,54.43%,0.086863,"15:19 ET"
VST,138.02,2026-10-02,4,Call,146.00,-5.79%,0.5,0.6,0.64,515,222,2.32,45.07%,50.73%,0.152938,"15:11 ET"
FRVO,14.09,2026-10-16,18,Call,15.00,-5.71%,0.75,0.87,0.9,755,325,2.32,101.91%,94.60%,0.427085,"15:16 ET"
MET,95.63,2026-10-16,18,Call,100.00,-4.70%,0.55,0.6,0.65,1742,751,2.32,26.43%,24.68%,0.208357,"15:19 ET"
NVDA,229.83,2026-09-30,2,Put,217.50,-5.41%,0.12,0.13,0.13,4655,2010,2.32,34.82%,43.17%,-0.041447,"15:21 ET"
MCHP,77.63,2026-10-02,4,Put,74.00,-4.70%,0.4,0.48,0.55,577,250,2.31,51.55%,53.58%,-0.192478,"14:39 ET"
META,717.67,2026-09-28,0,Put,737.50,+2.60%,17.8,17.25,20.7,694,300,2.31,41.38%,36.24%,-0.913255,"15:04 ET"
NOK,10.13,2026-10-09,11,Put,9.50,-6.22%,0.12,0.12,0.13,1106,479,2.31,58.52%,52.31%,-0.225057,"15:15 ET"
IBM,221.14,2026-10-02,4,Call,232.50,-5.18%,0.46,0.5,0.55,583,254,2.3,38.45%,39.10%,0.116117,"14:45 ET"
QCOM,187.97,2026-10-02,4,Put,172.50,-7.87%,0.37,0.44,0.45,604,263,2.3,51.88%,59.32%,-0.076183,"15:15 ET"
META,717.67,2026-09-30,2,Put,725.00,+0.86%,13.75,14.72,14.4,1080,470,2.3,41.38%,50.35%,-0.583172,"15:15 ET"
JANX,16.56,2028-01-21,480,Put,25.00,+50.24%,10.4,10.7,13,614,268,2.29,73.32%,84.19%,-0.47659,"15:00 ET"
META,717.67,2026-10-09,11,Call,725.00,-0.86%,17.6,17.9,18.2,758,331,2.29,41.38%,41.08%,0.47177,"15:18 ET"
NVDA,229.83,2026-10-30,32,Put,230.00,+0.03%,8.15,8.22,8.3,972,424,2.29,34.82%,30.99%,-0.476536,"15:21 ET"
UNH,376.47,2026-10-02,4,Call,390.00,-3.93%,1.82,1.8,1.96,1534,669,2.29,41.75%,40.59%,0.212277,"15:14 ET"
TSLA,358.19,2026-09-30,2,Call,382.50,-6.98%,0.22,0.23,0.24,4220,1842,2.29,42.19%,50.60%,0.042604,"15:22 ET"
HPE,62.65,2026-10-02,4,Put,62.00,-1.08%,1.57,1.57,1.82,749,329,2.28,63.05%,76.31%,-0.435647,"15:03 ET"
MSFT,510.16,2026-09-30,2,Call,507.50,+0.57%,5.8,6.15,6.4,1488,654,2.28,29.81%,30.54%,0.599241,"15:20 ET"
PBR,20.77,2026-10-30,32,Call,22.00,-5.97%,0.91,0.92,0.94,2389,1046,2.28,51.47%,57.41%,0.402355,"15:15 ET"
INOD,66.91,2026-10-02,4,Call,75.00,-11.59%,0.4,0.51,0.6,589,259,2.27,90.44%,96.62%,0.148856,"13:54 ET"
SNOW,332.14,2026-10-02,4,Put,300.00,-9.92%,0.34,0.4,0.44,659,290,2.27,49.27%,59.16%,-0.045016,"15:15 ET"
HIVE,3.07,2026-10-16,18,Call,3.50,-14.01%,0.1,0.13,0.15,843,371,2.27,92.25%,98.96%,0.318969,"13:35 ET"
SOFI,15.93,2026-10-30,32,Call,16.00,-0.57%,0.96,0.97,1.02,1062,468,2.27,50.04%,53.30%,0.527628,"15:17 ET"
ORCL,132.85,2026-10-02,4,Call,144.00,-8.16%,0.58,0.59,0.63,1577,696,2.27,51.39%,66.95%,0.132984,"15:16 ET"
BSX,43.91,2027-09-17,354,Put,35.00,-20.15%,2.4,2.58,2.8,1660,730,2.27,41.19%,42.73%,-0.204557,"13:16 ET"
GOOG,338.61,2026-10-02,4,Put,322.50,-4.80%,0.49,0.45,0.52,2243,986,2.27,32.83%,34.84%,-0.087415,"14:59 ET"
AMD,607.46,2026-09-28,0,Put,620.00,+2.15%,11.2,12.89,13.35,4623,2034,2.27,54.46%,31.27%,-0.878636,"15:05 ET"
TSM,453.49,2026-10-09,11,Call,500.00,-10.29%,0.52,0.52,0.56,599,265,2.26,34.68%,33.36%,0.05021,"15:13 ET"
TSLA,358.19,2026-10-09,11,Call,355.00,+0.72%,12.05,12.2,12.25,1232,545,2.26,42.19%,41.29%,0.571783,"15:20 ET"
CLOV,4.3,2026-10-09,11,Call,4.50,-4.65%,0.14,0.17,0.17,529,235,2.25,72.62%,79.54%,0.397358,"14:48 ET"
INTC,115.93,2026-10-16,18,Put,108.00,-6.55%,3,3.2,3.1,613,273,2.25,67.11%,62.53%,-0.283728,"14:11 ET"
AMD,607.46,2026-09-30,2,Call,642.50,-5.86%,1.24,1.21,1.28,886,394,2.25,54.46%,57.49%,0.103801,"15:17 ET"
MU,1055.67,2026-10-02,4,Put,"1,030.00",-2.25%,29.3,29.52,29.45,895,398,2.25,61.08%,94.20%,-0.382019,"15:18 ET"
TSLA,358.19,2026-10-02,4,Put,347.50,-2.81%,2.73,2.86,2.78,2551,1134,2.25,42.19%,46.71%,-0.255417,"15:21 ET"
INTC,115.93,2026-10-02,4,Put,112.00,-3.09%,1.84,1.92,1.9,2927,1302,2.25,67.11%,71.43%,-0.319734,"15:11 ET"
GM,80.99,2026-10-02,4,Put,82.00,+1.00%,1.75,1.8,1.95,968,433,2.24,36.33%,36.20%,-0.631029,"12:06 ET"
BE,265.34,2026-10-02,4,Call,315.00,-18.49%,0.35,0.39,0.4,1100,490,2.24,80.39%,89.84%,0.038647,"15:19 ET"
IONQ,45.84,2026-10-02,4,Call,47.50,-3.10%,0.93,0.98,1.02,1613,719,2.24,76.73%,87.26%,0.360075,"15:18 ET"
BN,36.33,2026-10-16,18,Put,38.00,+4.45%,1.7,1.85,2.1,2271,1013,2.24,32.73%,25.91%,-0.772037,"12:20 ET"
ARM,284.8,2026-10-02,4,Put,260.00,-8.40%,1.51,1.54,1.62,1176,527,2.23,72.46%,80.07%,-0.126758,"15:19 ET"
META,717.67,2026-10-16,18,Call,"1,080.00",-50.25%,0.01,0.13,0.06,1181,529,2.23,41.38%,59.50%,0.001345,"15:15 ET"
NBIS,233.01,2026-10-02,4,Call,255.00,-9.01%,2.03,2.06,2.08,2064,925,2.23,83.32%,89.21%,0.181254,"15:19 ET"
SNDK,1708.97,2026-10-02,4,Call,"1,800.00",-5.30%,25.3,25.6,25.6,2947,1320,2.23,70.82%,82.04%,0.28922,"15:23 ET"
RKT,11.73,2026-10-16,18,Call,12.50,-6.66%,0.31,0.33,0.36,7794,3497,2.23,63.20%,60.48%,0.342822,"15:18 ET"
INTC,115.93,2026-10-02,4,Put,110.00,-4.82%,1.26,1.28,1.3,6863,3085,2.22,67.11%,71.91%,-0.240313,"15:18 ET"
USAR,14.52,2026-10-23,25,Call,19.00,-30.58%,0.11,0.13,0.17,545,246,2.22,72.62%,76.38%,0.108643,"14:55 ET"
CCL,22.32,2026-10-02,4,Call,23.50,-5.33%,0.35,0.35,0.36,3246,1462,2.22,49.69%,84.30%,0.297772,"15:19 ET"
AMZN,246.07,2026-10-02,4,Call,247.50,-0.65%,2.66,2.72,2.73,4271,1928,2.22,34.16%,32.05%,0.444471,"15:17 ET"
PANW,393.07,2026-10-02,4,Put,355.00,-9.87%,0.62,0.62,0.72,613,277,2.21,55.57%,63.56%,-0.058256,"15:23 ET"
VST,138.02,2026-10-02,4,Call,140.00,-1.44%,1.9,2,2.08,860,389,2.21,45.07%,49.07%,0.403839,"15:20 ET"
COST,920.6,2026-10-02,4,Call,940.00,-2.11%,2.4,2.55,2.83,956,433,2.21,19.85%,23.48%,0.207321,"15:13 ET"
CRWD,259.58,2026-10-02,4,Call,275.00,-6.15%,1.83,1.93,1.94,1674,756,2.21,56.12%,63.31%,0.201952,"15:17 ET"
RDDT,144.73,2026-10-02,4,Put,142.00,-1.55%,2.38,2.56,2.61,533,242,2.2,63.28%,62.78%,-0.367821,"15:08 ET"
NVDA,229.83,2026-11-06,39,Put,195.00,-15.20%,1.06,1.1,1.12,567,258,2.2,34.82%,38.12%,-0.079887,"14:32 ET"
AAOI,96.92,2026-10-02,4,Call,100.00,-2.95%,2.5,2.65,2.75,1275,580,2.2,92.33%,97.59%,0.396217,"15:19 ET"
AMD,607.46,2027-06-17,262,Call,730.00,-20.28%,80.05,81.07,83.15,1504,684,2.2,54.46%,56.90%,0.470816,"13:01 ET"
BRK.B,502.95,2026-10-02,4,Call,507.50,-0.85%,1.5,1.6,1.7,615,281,2.19,15.62%,15.80%,0.304205,"15:19 ET"
ASST,29,2026-10-02,4,Put,29.00,-0.51%,0.86,0.88,0.9,1469,670,2.19,80.94%,76.48%,-0.467744,"15:19 ET"
INTC,115.93,2026-10-02,4,Put,113.00,-2.22%,2.2,2.2,2.26,1600,729,2.19,67.11%,71.23%,-0.363073,"15:17 ET"
AMD,607.46,2026-09-30,2,Call,632.50,-4.21%,2.43,2.52,2.5,583,268,2.18,54.46%,56.46%,0.181742,"15:19 ET"
DELL,543.3,2026-10-02,4,Call,605.00,-11.57%,0.93,1.02,1.11,630,289,2.18,60.72%,66.48%,0.063728,"15:13 ET"
CCL,22.32,2026-10-02,4,Put,20.50,-8.11%,0.15,0.16,0.17,921,422,2.18,49.69%,83.31%,-0.151907,"15:17 ET"
AMD,607.46,2026-10-02,4,Put,605.00,-0.32%,12.4,12.5,12.65,1217,558,2.18,54.46%,56.09%,-0.449419,"15:19 ET"
MSFT,510.16,2026-09-30,2,Put,495.00,-3.02%,0.58,0.63,0.63,1289,590,2.18,29.81%,32.62%,-0.102209,"15:18 ET"
DAL,84.09,2026-10-02,4,Call,83.00,+1.25%,2.19,2.25,2.32,1753,809,2.17,45.73%,47.84%,0.61019,"15:06 ET"
NFLX,69,2026-10-16,18,Put,66.00,-4.56%,0.7,0.7,0.73,520,241,2.16,37.24%,31.65%,-0.241406,"15:18 ET"
ORCL,132.85,2026-10-16,18,Put,133.00,-0.11%,5.95,5.94,6.15,684,317,2.16,51.39%,51.37%,-0.477967,"15:15 ET"
AMD,607.46,2026-09-30,2,Put,572.50,-5.67%,0.93,1.06,0.96,766,355,2.16,54.46%,58.75%,-0.077822,"14:45 ET"
SMCI,42.12,2026-10-02,4,Put,42.50,+0.90%,1.58,1.63,1.62,1565,723,2.16,76.55%,80.31%,-0.522559,"15:20 ET"
AAPL,338.49,2026-10-02,4,Put,332.50,-1.93%,1.33,1.33,1.36,3294,1526,2.16,24.22%,25.69%,-0.245846,"15:20 ET"
SPCX,146.15,2026-10-02,4,Call,150.00,-2.29%,1.74,1.74,1.75,32153,14853,2.16,48.61%,52.57%,0.336842,"15:24 ET"
BX,114.15,2026-12-18,81,Call,100.00,+12.53%,16.55,18,18.75,540,251,2.15,40.94%,45.53%,0.759496,"10:51 ET"
CLF,11.23,2026-10-02,4,Put,10.50,-6.08%,0.1,0.12,0.13,1478,687,2.15,65.22%,77.36%,-0.214749,"15:11 ET"
XOM,161.9,2026-10-09,11,Call,175.00,-7.94%,0.23,0.28,0.38,1607,748,2.15,30.03%,30.87%,0.079283,"15:19 ET"
ADBE,230.47,2026-12-18,81,Call,290.00,-25.94%,3.85,4.1,4.3,2234,1040,2.15,40.41%,44.65%,0.172092,"14:56 ET"
GEMI,5.28,2026-10-02,4,Put,5.00,-4.94%,0.1,0.1,0.15,518,242,2.14,103.24%,111.18%,-0.301024,"15:19 ET"
IBM,221.14,2027-01-15,109,Call,255.00,-15.36%,6.85,7.25,7.6,864,404,2.14,38.45%,37.72%,0.281913,"15:03 ET"
SPCX,146.15,2026-10-09,11,Call,147.00,-0.25%,4.45,4.44,4.5,918,428,2.14,48.61%,46.75%,0.497814,"15:21 ET"
META,717.67,2026-09-30,2,Put,670.00,-6.79%,0.4,0.44,0.48,1283,600,2.14,41.38%,54.08%,-0.03765,"15:19 ET"
CMG,32.24,2026-10-16,18,Call,34.00,-4.29%,0.63,0.69,0.69,6290,2939,2.14,44.39%,43.22%,0.336696,"15:15 ET"
NU,12.3,2026-11-20,53,Put,11.00,-10.64%,0.37,0.38,0.39,8862,4133,2.14,49.23%,50.86%,-0.244306,"15:13 ET"
NVDA,229.83,2026-09-28,0,Call,227.50,+1.06%,2.25,2.25,2.37,38303,17872,2.14,34.82%,13.26%,0.924444,"15:24 ET"
NVDA,229.83,2026-10-02,4,Call,237.50,-3.29%,0.83,0.83,0.84,21295,9990,2.13,34.82%,34.55%,0.186566,"15:23 ET"
IONQ,45.84,2026-10-02,4,Call,46.50,-0.93%,1.3,1.31,1.37,1329,623,2.13,76.73%,86.76%,0.449649,"15:16 ET"
WULF,15.31,2026-10-02,4,Call,17.00,-10.46%,0.11,0.12,0.12,5562,2606,2.13,82.21%,94.13%,0.152841,"15:18 ET"
DELL,543.3,2026-10-02,4,Put,475.00,-12.40%,0.2,0.44,0.64,618,291,2.12,60.72%,67.80%,-0.027746,"15:14 ET"
ASTS,61.58,2026-10-16,18,Call,71.00,-14.50%,1.38,1.49,1.47,653,308,2.12,78.61%,79.12%,0.242115,"14:13 ET"
INTC,115.93,2026-10-30,32,Put,99.00,-14.34%,2.9,2.9,3.05,716,338,2.12,67.11%,71.53%,-0.197022,"15:18 ET"
NVDA,229.83,2026-11-06,39,Call,240.00,-4.38%,5.6,5.76,5.8,781,368,2.12,34.82%,31.65%,0.368962,"15:07 ET"
META,717.67,2026-09-30,2,Put,720.00,+0.17%,10.95,11.5,11.5,2983,1404,2.12,41.38%,50.14%,-0.509696,"15:20 ET"
NVDA,229.83,2026-11-06,39,Call,250.00,-8.72%,2.9,2.95,2.95,1140,540,2.11,34.82%,30.99%,0.227609,"15:23 ET"
NCLH,14.47,2026-10-02,4,Call,14.50,-0.42%,0.43,0.45,0.46,1748,829,2.11,56.16%,74.71%,0.510732,"15:23 ET"
CGEM,15.07,2027-12-17,445,Put,22.00,+45.12%,10.2,10.5,11.2,656,313,2.1,122.68%,96.38%,-0.429686,"13:39 ET"
MSFT,510.16,2026-09-30,2,Call,540.00,-5.80%,0.09,0.1,0.11,1069,510,2.1,29.81%,36.91%,0.019733,"15:15 ET"
CRDO,194.07,2026-12-18,81,Call,300.00,-54.41%,6.7,7,7.7,1545,735,2.1,76.26%,85.86%,0.197093,"14:26 ET"
MU,1055.67,2026-10-02,4,Put,960.00,-8.90%,8.05,8.07,8.15,976,467,2.09,61.08%,91.39%,-0.148612,"15:18 ET"
RF,27.3,2027-03-19,172,Put,25.00,-8.53%,1,1.05,1.15,685,329,2.08,28.56%,28.47%,-0.288233,"15:07 ET"
AMD,607.46,2027-03-19,172,Put,590.00,-2.79%,75.1,77.02,76.4,988,475,2.08,54.46%,55.07%,-0.379948,"14:33 ET"
META,717.67,2026-10-23,25,Call,750.00,-4.34%,16.7,16.88,17.5,1132,544,2.08,41.38%,38.55%,0.364187,"15:13 ET"
UUUU,11.09,2028-01-21,480,Put,8.00,-27.73%,1.6,1.67,1.73,2576,1239,2.08,66.97%,75.55%,-0.195663,"11:07 ET"
META,717.67,2026-09-30,2,Call,750.00,-4.34%,1.97,2,2.11,5342,2567,2.08,41.38%,52.87%,0.143842,"15:19 ET"
TSLA,358.19,2026-10-02,4,Put,360.00,+0.68%,7.8,8,7.9,8294,3989,2.08,42.19%,46.91%,-0.526154,"15:21 ET"
PLTR,188.14,2026-10-02,4,Call,190.00,-1.07%,3.2,3.2,3.25,8979,4336,2.07,53.42%,51.43%,0.440616,"15:24 ET"
CMG,32.24,2026-10-02,4,Call,34.50,-5.83%,0.15,0.18,0.19,616,297,2.07,44.39%,58.37%,0.165964,"15:13 ET"
SOFI,15.93,2026-10-30,32,Call,16.50,-3.71%,0.75,0.75,0.79,1221,589,2.07,50.04%,52.89%,0.449113,"15:17 ET"
AMD,607.46,2026-09-30,2,Call,650.00,-7.09%,0.74,0.74,0.76,1510,731,2.07,54.46%,58.51%,0.066087,"15:19 ET"
ORCL,132.85,2026-10-02,4,Put,127.00,-4.61%,0.85,0.84,0.88,1811,876,2.07,51.39%,53.55%,-0.202007,"15:22 ET"
APP,307.52,2026-10-02,4,Put,295.00,-4.00%,2.9,2.95,3.1,753,365,2.06,64.55%,60.74%,-0.249471,"15:19 ET"
QCOM,187.97,2026-10-02,4,Call,187.50,-0.14%,4.75,4.87,5,964,467,2.06,51.88%,57.81%,0.535437,"15:22 ET"
MARA,12.27,2026-10-16,18,Call,14.50,-17.69%,0.25,0.27,0.27,1108,537,2.06,81.77%,84.31%,0.21624,"15:01 ET"
IREN,42.09,2026-10-02,4,Call,43.50,-3.13%,0.91,0.92,0.93,1170,568,2.06,80.04%,84.39%,0.374978,"15:16 ET"
AVGO,349.74,2026-09-30,2,Call,360.00,-2.75%,0.84,0.85,0.87,4004,1948,2.06,36.20%,38.52%,0.163936,"15:20 ET"
CMG,32.24,2026-10-02,4,Call,35.00,-7.36%,0.12,0.14,0.16,5252,2552,2.06,44.39%,63.10%,0.133389,"15:00 ET"
NBIS,233.01,2026-10-02,4,Call,267.50,-14.35%,0.81,0.89,0.84,540,264,2.05,83.32%,91.77%,0.08369,"15:16 ET"
USAR,14.52,2026-10-02,4,Call,15.00,-3.09%,0.23,0.25,0.26,701,342,2.05,72.62%,72.06%,0.347377,"15:18 ET"
CVNA,60.8,2026-10-02,4,Put,62.00,+2.11%,2.46,2.53,2.56,735,359,2.05,68.40%,73.61%,-0.580224,"15:18 ET"
AMD,607.46,2026-09-30,2,Call,640.00,-5.45%,1.47,1.47,1.52,1088,530,2.05,54.46%,57.21%,0.120057,"15:18 ET"
CRWD,259.58,2026-10-16,18,Put,230.00,-11.22%,2.61,2.68,2.75,1796,876,2.05,56.12%,56.61%,-0.149826,"15:20 ET"
TSLA,358.19,2026-09-30,2,Put,370.00,+3.48%,12.7,12.93,12.85,3064,1494,2.05,42.19%,45.57%,-0.825091,"15:21 ET"
NBIS,233.01,2026-10-02,4,Put,245.00,+4.73%,16,15.53,16.2,561,275,2.04,83.32%,90.04%,-0.683819,"14:11 ET"
BE,265.34,2026-10-23,25,Call,280.00,-5.32%,14.65,15.75,15.35,740,362,2.04,80.39%,74.60%,0.435907,"15:05 ET"
TSLA,358.19,2026-10-09,11,Call,382.50,-6.98%,2.96,3,3.05,924,453,2.04,42.19%,43.14%,0.20607,"15:23 ET"
SG,8.4,2026-10-02,4,Call,8.50,-1.80%,0.2,0.23,0.3,1036,507,2.04,84.43%,84.50%,0.463554,"14:52 ET"
FIG,20.26,2026-10-02,4,Put,19.00,-6.31%,0.16,0.16,0.2,546,269,2.03,73.49%,75.67%,-0.1948,"15:07 ET"
PYPL,54.2,2026-10-09,11,Call,63.00,-16.34%,0.09,0.14,0.14,682,336,2.03,41.41%,52.69%,0.056293,"13:39 ET"
QCOM,187.97,2026-10-02,4,Put,187.50,+0.14%,4,4.18,4.25,1007,497,2.03,51.88%,56.76%,-0.464407,"15:20 ET"
AVGO,349.74,2026-09-30,2,Put,342.50,-2.24%,1.17,1.18,1.2,1361,669,2.03,36.20%,37.22%,-0.213356,"15:19 ET"
GOOGL,341.86,2026-09-30,2,Call,350.00,-2.32%,0.83,0.87,0.92,3270,1611,2.03,33.32%,34.67%,0.184734,"15:19 ET"
TSLA,358.19,2026-10-09,11,Call,370.00,-3.48%,5.85,5.88,5.95,3955,1950,2.03,42.19%,42.06%,0.349025,"15:22 ET"
TGT,158.65,2026-10-02,4,Put,157.50,-0.61%,1.61,1.66,1.86,829,411,2.02,35.47%,34.18%,-0.413729,"15:03 ET"
AMD,607.46,2026-09-30,2,Call,635.00,-4.62%,2.06,2.07,2.12,1139,565,2.02,54.46%,56.67%,0.158846,"15:19 ET"
MU,1055.67,2026-10-02,4,Call,"1,035.00",+1.78%,52.55,52.55,52.7,1188,588,2.02,61.08%,94.83%,0.598977,"15:19 ET"
HOOD,116.62,2026-10-02,4,Put,111.00,-4.93%,1.24,1.25,1.28,1575,779,2.02,62.93%,71.29%,-0.237417,"15:19 ET"
IREN,42.09,2026-10-02,4,Call,45.50,-7.87%,0.43,0.44,0.44,2378,1179,2.02,80.04%,86.48%,0.210298,"15:18 ET"
CRWD,259.58,2026-10-02,4,Call,270.00,-4.22%,2.91,2.98,2.98,2639,1308,2.02,56.12%,62.70%,0.286405,"15:20 ET"
BE,265.34,2026-10-09,11,Call,270.00,-1.56%,11.8,12.05,12.55,574,285,2.01,80.39%,76.54%,0.479449,"15:18 ET"
META,717.67,2026-09-30,2,Call,780.00,-8.51%,0.35,0.37,0.39,1414,704,2.01,41.38%,58.40%,0.031044,"15:17 ET"
APLD,24.67,2028-01-21,480,Put,32.00,+29.24%,13.15,13.4,13.65,2042,1015,2.01,91.33%,83.64%,-0.413192,"15:06 ET"
SOFI,15.93,2026-10-02,4,Put,15.50,-2.58%,0.15,0.16,0.16,10627,5290,2.01,50.04%,49.48%,-0.291378,"15:23 ET"
INTC,115.93,2026-10-02,4,Call,134.00,-15.95%,0.19,0.21,0.21,585,292,2,67.11%,82.89%,0.049327,"13:04 ET"
KMX,57.56,2026-10-16,18,Call,57.50,+0.57%,3.6,4.08,4.1,711,355,2,63.21%,72.09%,0.546985,"14:55 ET"
NCLH,14.47,2026-10-02,4,Put,13.50,-6.51%,0.1,0.12,0.13,741,370,2,56.16%,76.10%,-0.177649,"15:19 ET"
DELL,543.3,2026-10-02,4,Put,535.00,-1.34%,10.6,11.55,11.5,942,472,2,60.72%,64.95%,-0.402831,"15:16 ET"
AVGO,349.74,2026-09-30,2,Put,340.00,-2.96%,0.72,0.73,0.76,987,494,2,36.20%,37.50%,-0.146167,"15:18 ET"
META,717.67,2026-10-02,4,Call,780.00,-8.51%,1.2,1.21,1.26,2464,1234,2,41.38%,52.22%,0.071914,"15:20 ET"
TSLA,358.19,2026-10-02,4,Put,345.00,-3.51%,2.14,2.16,2.18,3541,1773,2,42.19%,46.93%,-0.211351,"15:24 ET"
NVDA,229.83,2026-10-09,11,Call,232.50,-1.11%,3.85,3.89,3.95,3577,1785,2,34.82%,31.65%,0.431914,"15:21 ET"
VALE,13.59,2026-10-09,11,Call,14.00,-3.02%,0.19,0.22,0.23,500,251,1.99,36.84%,39.38%,0.348814,"14:20 ET"
CRDO,194.07,2026-10-02,4,Put,185.00,-4.78%,3.1,3.4,3.5,557,280,1.99,76.26%,87.90%,-0.283107,"15:18 ET"
FIG,20.26,2026-11-20,53,Call,20.00,+1.38%,2.51,2.64,2.59,575,289,1.99,73.49%,77.38%,0.584063,"14:01 ET"
QCOM,187.97,2026-10-02,4,Put,175.00,-6.54%,0.57,0.71,0.67,815,410,1.99,51.88%,57.88%,-0.109777,"15:17 ET"
M,23.03,2026-10-02,4,Call,22.50,+2.17%,0.71,0.74,0.79,970,488,1.99,41.73%,48.43%,0.675557,"15:12 ET"
INTC,115.93,2026-10-16,18,Call,126.00,-9.02%,3,3.1,3.1,1199,602,1.99,67.11%,65.42%,0.306042,"15:16 ET"
AMD,607.46,2026-10-02,4,Call,607.50,-0.09%,14.6,14.75,14.9,567,287,1.98,54.46%,56.07%,0.523203,"15:19 ET"
M,23.03,2026-10-02,4,Call,23.00,0.00%,0.4,0.46,0.5,597,302,1.98,41.73%,47.06%,0.508434,"15:12 ET"
PEP,128.52,2026-10-02,4,Call,131.00,-1.87%,0.42,0.46,0.5,937,473,1.98,25.91%,25.09%,0.235681,"15:17 ET"
AVGO,349.74,2026-09-28,0,Call,345.00,+1.53%,4.5,5.15,5.65,529,269,1.97,36.20%,20.26%,0.911757,"15:16 ET"
ARM,284.8,2026-10-02,4,Put,285.00,+0.41%,9.45,10.25,9.8,577,293,1.97,72.46%,81.36%,-0.481398,"15:15 ET"
RIVN,14.84,2026-10-30,32,Put,13.50,-9.03%,0.45,0.46,0.48,674,342,1.97,59.27%,60.60%,-0.262451,"15:21 ET"
UUUU,11.09,2026-10-02,4,Call,11.50,-3.88%,0.15,0.17,0.17,1044,529,1.97,66.97%,69.27%,0.318814,"15:14 ET"
CRM,228.22,2026-10-02,4,Call,235.00,-2.64%,1.78,1.95,1.96,1131,573,1.97,39.88%,45.26%,0.284322,"14:31 ET"
AAPL,338.49,2026-09-28,0,Call,335.00,+1.19%,3.3,3.35,3.5,2240,1135,1.97,24.22%,7.97%,0.993953,"15:19 ET"
ORCL,132.85,2026-10-02,4,Put,133.00,-0.11%,3.05,3.12,3.2,3178,1616,1.97,51.39%,55.15%,-0.495272,"15:23 ET"
TSM,453.49,2026-10-02,4,Put,427.50,-5.71%,0.44,0.42,0.47,515,263,1.96,34.68%,36.77%,-0.05968,"14:48 ET"
P,130.54,2026-10-16,18,Put,110.00,-15.51%,0.85,1,1,1396,713,1.96,68.36%,64.06%,-0.099211,"15:20 ET"
GME,23.89,2026-11-20,53,Put,21.00,-12.17%,0.47,0.46,0.57,1432,732,1.96,51.36%,45.14%,-0.206054,"14:47 ET"
INTC,115.93,2026-09-30,2,Put,105.00,-9.15%,0.13,0.15,0.14,512,262,1.95,67.11%,79.32%,-0.046987,"15:08 ET"
TSLA,358.19,2026-10-05,7,Put,357.50,-0.02%,7.3,7.54,7.45,535,274,1.95,42.19%,39.86%,-0.468758,"15:21 ET"
CVNA,60.8,2026-10-02,4,Put,55.00,-9.42%,0.23,0.28,0.35,709,363,1.95,68.40%,82.01%,-0.110661,"15:16 ET"
BE,265.34,2026-10-02,4,Call,325.00,-22.25%,0.18,0.23,0.23,825,423,1.95,80.39%,93.40%,0.021944,"15:01 ET"
META,717.67,2026-09-30,2,Put,695.00,-3.31%,2.46,2.56,2.67,851,437,1.95,41.38%,49.98%,-0.175858,"15:20 ET"
TSLA,358.19,2026-09-30,2,Call,392.50,-9.77%,0.09,0.1,0.11,1775,908,1.95,42.19%,58.09%,0.018131,"15:17 ET"
AAPL,338.49,2026-11-20,53,Call,420.00,-23.88%,0.17,0.18,0.19,2276,1166,1.95,24.22%,25.19%,0.015979,"15:16 ET"
CRWV,85.91,2026-10-09,11,Call,90.00,-4.59%,2.65,2.79,2.73,2408,1235,1.95,76.40%,72.71%,0.381455,"15:04 ET"
GOOGL,341.86,2026-10-09,11,Call,370.00,-8.17%,0.8,0.88,0.88,2910,1490,1.95,33.32%,33.30%,0.093199,"15:12 ET"
NBIS,233.01,2026-10-02,4,Call,260.00,-11.14%,1.41,1.51,1.45,3806,1950,1.95,83.32%,90.09%,0.134223,"15:18 ET"
MS,193.57,2026-10-02,4,Call,202.50,-4.63%,0.3,0.37,0.36,527,272,1.94,34.10%,33.99%,0.102286,"14:59 ET"
CVX,205.71,2026-10-02,4,Put,195.00,-5.47%,0.14,0.21,0.25,872,450,1.94,28.23%,34.08%,-0.060645,"15:15 ET"
MU,1055.67,2026-10-02,4,Call,"1,170.00",-11.03%,9.85,9.5,10,897,462,1.94,61.08%,99.58%,0.175489,"15:15 ET"
ON,76.03,2027-08-20,326,Call,75.00,+1.41%,17.65,17.68,19.5,1502,773,1.94,58.87%,60.16%,0.646446,"12:24 ET"
NCLH,14.47,2026-10-02,4,Call,15.50,-7.34%,0.11,0.13,0.14,1806,933,1.94,56.16%,74.63%,0.204145,"15:19 ET"
SKHY,182.1,2026-10-02,4,Put,170.00,-6.57%,0.92,0.92,0.95,2475,1275,1.94,58.80%,64.22%,-0.14438,"15:19 ET"
AMZN,246.07,2026-10-02,4,Put,260.00,+5.73%,13.95,14.2,14.9,2650,1364,1.94,34.16%,42.68%,-0.887132,"15:14 ET"
MSGS,415.29,2026-11-20,53,Put,380.00,-8.33%,5.2,5.31,6.2,524,271,1.93,28.83%,30.89%,-0.1986,"15:14 ET"
JOBY,6.12,2026-10-02,4,Call,6.00,+2.12%,0.22,0.24,0.28,718,372,1.93,65.84%,73.29%,0.614628,"14:09 ET"
KSS,18.39,2026-10-02,4,Call,18.00,+2.23%,0.63,0.71,0.71,836,434,1.93,59.38%,61.94%,0.631269,"15:17 ET"
GOOG,338.61,2026-10-02,4,Put,320.00,-5.54%,0.34,0.36,0.37,4035,2096,1.93,32.83%,35.84%,-0.063354,"15:18 ET"
AMD,607.46,2026-10-09,11,Call,660.00,-8.74%,5.85,5.74,6.05,749,390,1.92,54.46%,52.40%,0.200752,"15:17 ET"
BULL,7.03,2029-01-19,844,Call,17.50,-148.93%,0.93,1,1.01,882,459,1.92,60.64%,60.68%,0.34283,"14:48 ET"
MSFT,510.16,2026-09-30,2,Put,490.00,-4.00%,0.28,0.29,0.31,979,510,1.92,29.81%,34.22%,-0.053498,"15:19 ET"
AMZN,246.07,2026-10-09,11,Call,262.50,-6.75%,0.73,0.76,0.77,1061,554,1.92,34.16%,30.38%,0.120052,"15:19 ET"
SMCI,42.12,2026-10-02,4,Put,42.00,-0.28%,1.3,1.37,1.35,1527,796,1.92,76.55%,79.68%,-0.466385,"15:20 ET"
META,717.67,2026-09-28,0,Put,740.00,+2.95%,20.6,21.54,22.1,1609,838,1.92,41.38%,29.83%,-0.971409,"15:17 ET"
CRWD,259.58,2026-10-16,18,Call,260.00,-0.36%,12.55,12.65,13.05,3448,1792,1.92,56.12%,55.67%,0.524871,"15:16 ET"
ONDS,7.72,2026-10-02,4,Put,7.50,-2.85%,0.12,0.14,0.15,8445,4401,1.92,75.45%,72.19%,-0.335512,"15:23 ET"
MU,1055.67,2026-10-02,4,Call,"1,200.00",-13.88%,6.55,6.6,6.65,10833,5673,1.91,61.08%,101.31%,0.124328,"15:20 ET"
AAPL,338.49,2026-10-02,4,Call,342.50,-1.02%,1.85,1.88,1.88,16815,8816,1.91,24.22%,24.43%,0.331617,"15:20 ET"
BE,265.34,2026-10-02,4,Put,257.50,-3.14%,5.45,5.6,5.95,510,267,1.91,80.39%,84.14%,-0.346364,"15:16 ET"
MRVL,251.6,2026-10-09,11,Put,230.00,-8.60%,4.15,4.28,4.4,886,463,1.91,65.72%,73.52%,-0.218301,"15:14 ET"
META,717.67,2026-09-28,0,Put,732.50,+1.91%,12.25,14.1,15,999,522,1.91,41.38%,26.54%,-0.91517,"15:17 ET"
B,41.15,2026-10-02,4,Call,43.50,-5.74%,0.11,0.13,0.14,1103,577,1.91,42.07%,45.93%,0.128985,"15:14 ET"
ALAB,352.83,2026-10-16,18,Call,350.00,+0.96%,27.35,25.95,29.95,1214,634,1.91,87.32%,86.15%,0.559883,"14:43 ET"
BE,265.34,2026-10-02,4,Put,242.50,-8.78%,1.67,1.77,1.83,569,299,1.9,80.39%,84.18%,-0.140887,"15:14 ET"
GS,916.17,2026-10-02,4,Call,950.00,-3.66%,3.05,3.45,3.85,612,322,1.9,35.51%,37.14%,0.181397,"15:18 ET"
VZ,46.67,2026-10-23,25,Call,48.00,-2.74%,0.42,0.45,0.46,830,436,1.9,24.96%,19.94%,0.294607,"15:22 ET"
ORCL,132.85,2026-10-16,18,Call,137.00,-2.90%,4.05,4.26,4.25,871,459,1.9,51.39%,49.75%,0.41527,"14:11 ET"
RIOT,21.99,2026-10-02,4,Call,22.50,-1.76%,0.56,0.59,0.62,950,501,1.9,83.01%,88.12%,0.420615,"15:21 ET"
TSLA,358.19,2026-10-30,32,Call,370.00,-3.48%,14.55,14.7,14.75,1098,579,1.9,42.19%,45.26%,0.441594,"15:22 ET"
INTC,115.93,2026-10-02,4,Call,123.00,-6.43%,1.13,1.18,1.16,1702,896,1.9,67.11%,74.58%,0.227314,"15:18 ET"
INTC,115.93,2026-09-30,2,Call,128.00,-10.76%,0.1,0.1,0.12,2267,1194,1.9,67.11%,77.78%,0.041531,"15:17 ET"
ENVX,2.51,2026-10-16,18,Put,3.00,+19.05%,0.52,0.54,0.55,3051,1604,1.9,98.63%,85.63%,-0.80003,"15:14 ET"
NVDA,229.83,2026-10-02,4,Put,225.00,-2.15%,1.49,1.5,1.51,18265,9611,1.9,34.82%,35.55%,-0.2785,"15:24 ET"
AAPL,338.49,2026-10-05,7,Call,345.00,-1.76%,1.42,1.51,1.65,593,314,1.89,24.22%,20.68%,0.264434,"15:19 ET"
NVDA,229.83,2029-01-19,844,Call,230.00,-0.03%,64.65,65.15,65.25,607,322,1.89,34.82%,41.30%,0.675702,"15:17 ET"
BAC,55.41,2028-01-21,480,Call,95.00,-71.14%,0.36,0.36,0.4,671,355,1.89,28.63%,26.17%,0.059045,"14:12 ET"
APLD,24.67,2026-10-02,4,Put,25.50,+2.99%,1.3,1.3,1.35,841,446,1.89,91.33%,82.08%,-0.630793,"15:17 ET"
NVDA,229.83,2026-10-16,18,Put,232.50,+1.11%,7.45,7.5,7.6,1037,548,1.89,34.82%,30.49%,-0.54974,"15:17 ET"
MU,1055.67,2026-09-28,0,Put,"1,075.00",+2.02%,19.4,20.44,19.7,1452,767,1.89,61.08%,29.65%,-0.882216,"15:19 ET"
IONQ,45.84,2026-10-02,4,Put,45.50,-1.24%,1.43,1.51,1.52,620,329,1.88,76.73%,84.52%,-0.455174,"15:16 ET"
ORCL,132.85,2026-10-09,11,Call,147.00,-10.41%,1.03,1.07,1.09,692,369,1.88,51.39%,56.04%,0.16218,"15:09 ET"
ARM,284.8,2026-10-02,4,Call,310.00,-9.22%,2.5,2.26,2.61,758,403,1.88,72.46%,86.13%,0.18866,"15:14 ET"
HOOD,116.62,2026-10-02,4,Put,110.00,-5.79%,1.01,1.01,1.03,5452,2893,1.88,62.93%,71.34%,-0.20175,"15:18 ET"
TSLA,358.19,2027-03-19,172,Call,405.00,-13.27%,28.4,28.5,28.9,513,275,1.87,42.19%,44.14%,0.42549,"15:09 ET"
T,24.92,2026-10-23,25,Put,24.00,-3.81%,0.46,0.46,0.5,545,291,1.87,27.31%,33.83%,-0.319011,"14:58 ET"
ARLP,24.97,2026-11-20,53,Call,27.50,-10.22%,0.1,0.1,0.2,612,327,1.87,25.59%,23.76%,0.136373,"13:32 ET"
AMD,607.46,2026-10-02,4,Put,597.50,-1.56%,9.15,9.75,9.35,668,357,1.87,54.46%,55.91%,-0.366642,"15:11 ET"
TSLA,358.19,2026-10-05,7,Call,385.00,-7.67%,1.19,1.24,1.24,1246,666,1.87,42.19%,42.62%,0.119754,"15:23 ET"
SMMT,15.71,2026-10-02,4,Call,19.00,-20.94%,0.75,0.85,1,1600,857,1.87,157.27%,296.11%,0.322687,"15:06 ET"
TSLA,358.19,2026-10-09,11,Call,390.00,-9.07%,1.94,1.96,1.98,2773,1485,1.87,42.19%,43.88%,0.144586,"15:23 ET"
MU,1055.67,2026-10-02,4,Call,"1,250.00",-18.63%,3.4,3.45,3.55,3988,2137,1.87,61.08%,105.46%,0.070276,"15:18 ET"
U,39.9,2027-01-15,109,Call,25.00,+37.08%,15.2,15.5,15.7,4875,2610,1.87,63.54%,56.98%,0.955022,"14:39 ET"
MRVL,251.6,2026-10-02,4,Put,237.50,-5.62%,2.25,2.27,2.4,742,400,1.86,65.72%,72.16%,-0.208676,"15:12 ET"
NBIS,233.01,2026-10-02,4,Call,232.50,+0.61%,8.6,8.65,8.75,891,478,1.86,83.32%,85.66%,0.531124,"15:19 ET"
CVNA,60.8,2026-11-20,53,Call,75.00,-23.52%,2.1,2.13,2.27,1160,625,1.86,68.40%,68.56%,0.258441,"15:03 ET"
GOOG,338.61,2026-10-02,4,Call,360.00,-6.27%,0.35,0.37,0.37,7304,3948,1.85,32.83%,37.69%,0.062988,"15:15 ET"
INTC,115.93,2026-09-30,2,Put,109.00,-5.68%,0.41,0.43,0.44,510,276,1.85,67.11%,73.30%,-0.131645,"15:17 ET"
PSKY,10.22,2026-10-09,11,Call,10.50,-2.64%,0.28,0.29,0.34,547,296,1.85,60.46%,60.76%,0.419471,"14:31 ET"
CG,39.26,2026-10-16,18,Put,35.00,-10.67%,0.15,0.26,0.25,552,298,1.85,44.38%,43.07%,-0.106596,"13:28 ET"
AFRM,68.25,2026-10-02,4,Call,71.00,-4.34%,0.74,0.7,0.78,579,313,1.85,58.76%,62.86%,0.282086,"15:18 ET"
MU,1055.67,2026-10-05,7,Call,"1,060.00",-0.59%,43.1,42.92,43.3,660,357,1.85,61.08%,77.21%,0.507904,"15:18 ET"
USAR,14.52,2026-10-16,18,Call,18.50,-27.15%,0.08,0.1,0.11,821,443,1.85,72.62%,75.92%,0.08958,"14:43 ET"
GIS,33.9,2027-06-17,262,Call,40.00,-18.06%,1.45,1.48,1.6,1077,583,1.85,33.13%,32.81%,0.293586,"15:03 ET"
MU,1055.67,2026-10-02,4,Call,"1,075.00",-2.02%,34,34.15,34.15,1467,795,1.85,61.08%,96.65%,0.449474,"15:20 ET"
T,24.92,2026-10-02,4,Put,25.00,+0.20%,0.3,0.32,0.33,1943,1049,1.85,27.31%,26.41%,-0.538279,"15:14 ET"
META,717.67,2026-10-09,11,Call,900.00,-25.21%,0.18,0.21,0.22,2171,1171,1.85,41.38%,53.58%,0.009157,"14:32 ET"
SNDK,1708.97,2026-10-02,4,Call,"1,900.00",-11.14%,9.8,10.04,10.1,2730,1475,1.85,70.82%,86.82%,0.132392,"15:22 ET"
BE,265.34,2026-10-02,4,Call,280.00,-5.32%,3.95,4.15,4.1,2794,1510,1.85,80.39%,83.85%,0.28858,"15:17 ET"
MU,1055.67,2026-10-02,4,Put,895.00,-15.06%,2.01,2.08,2.1,591,322,1.84,61.08%,96.13%,-0.04527,"15:19 ET"
MRNA,198.45,2026-10-02,4,Put,190.00,-4.43%,3.7,3.8,4,839,457,1.84,89.01%,89.79%,-0.306943,"15:19 ET"
HIMS,28.86,2026-10-09,11,Put,27.00,-6.18%,0.5,0.57,0.61,888,483,1.84,76.49%,65.86%,-0.262145,"15:12 ET"
TSLA,358.19,2026-09-30,2,Put,367.50,+2.78%,10.6,10.84,10.75,1816,985,1.84,42.19%,44.53%,-0.773527,"15:22 ET"
BB,8.89,2026-10-09,11,Call,8.50,+4.92%,0.61,0.66,0.67,2350,1279,1.84,63.61%,68.67%,0.670434,"15:11 ET"
BEKE,16.94,2026-10-16,18,Call,17.00,-0.29%,0.6,0.61,0.65,2519,1370,1.84,41.28%,43.44%,0.505123,"15:17 ET"
AMD,607.46,2026-10-09,11,Call,610.00,-0.50%,20.9,21.03,21.25,608,332,1.83,54.46%,51.20%,0.510241,"15:19 ET"
CRWD,259.58,2026-10-02,4,Call,262.50,-1.32%,5.35,5.38,5.6,637,348,1.83,56.12%,62.53%,0.446226,"15:16 ET"
MET,95.63,2026-10-16,18,Call,95.00,+0.53%,2.4,2.43,2.55,647,353,1.83,26.43%,26.27%,0.547316,"15:10 ET"
NFLX,69,2026-10-02,4,Call,68.00,+1.66%,1.58,1.6,1.63,807,440,1.83,37.24%,33.96%,0.677529,"15:19 ET"
META,717.67,2026-10-09,11,Call,720.00,-0.17%,19.9,20.05,20.55,863,471,1.83,41.38%,41.11%,0.510473,"15:19 ET"
XPEV,9.97,2026-10-23,25,Call,11.00,-10.33%,0.17,0.19,0.19,1111,608,1.83,51.71%,49.52%,0.249126,"12:06 ET"
COIN,192.89,2026-10-02,4,Call,195.00,-1.08%,4.75,4.9,5,2428,1330,1.83,65.35%,71.30%,0.462661,"15:17 ET"
SNAP,5.27,2026-10-16,18,Put,5.50,+3.38%,0.36,0.38,0.41,647,355,1.82,67.92%,55.18%,-0.606243,"15:23 ET"
CRWD,259.58,2026-10-02,4,Call,257.50,+0.61%,7.8,7.82,8,941,518,1.82,56.12%,62.85%,0.562837,"15:17 ET"
CRWD,259.58,2026-10-02,4,Call,267.50,-3.25%,3.55,3.8,3.8,1171,644,1.82,56.12%,62.80%,0.336721,"15:05 ET"
AMD,607.46,2026-10-02,4,Call,605.00,+0.32%,15.85,15.9,16.2,1600,878,1.82,54.46%,56.04%,0.551124,"15:19 ET"
AVGO,349.74,2026-10-09,11,Call,365.00,-4.18%,3.35,3.4,3.45,2257,1240,1.82,36.20%,35.98%,0.264208,"15:13 ET"
CRCL,86.1,2026-11-20,53,Call,85.00,+1.57%,10.3,10.6,10.85,955,527,1.81,72.87%,74.84%,0.584765,"15:16 ET"
BX,114.15,2028-12-15,809,Put,90.00,-21.27%,10,12.05,13.6,1000,554,1.81,40.94%,38.91%,-0.223168,"13:34 ET"
CORZ,16.59,2026-10-02,4,Call,17.50,-5.04%,0.22,0.24,0.25,1075,595,1.81,76.34%,79.03%,0.285593,"15:19 ET"
CSX,46.78,2026-11-20,53,Call,47.50,-1.58%,1.65,1.85,1.85,1112,613,1.81,26.51%,28.33%,0.476127,"13:11 ET"
ORCL,132.85,2026-10-02,4,Call,140.00,-5.15%,1.03,1.05,1.06,5862,3237,1.81,51.39%,61.77%,0.218977,"15:23 ET"
COHR,282.9,2026-12-18,81,Put,250.00,-11.59%,21,21.3,22.1,570,316,1.8,75.64%,73.24%,-0.290961,"15:13 ET"
NOW,131.29,2026-10-02,4,Put,123.00,-6.27%,0.66,0.67,0.67,650,362,1.8,55.34%,61.57%,-0.147904,"15:16 ET"
INTC,115.93,2026-10-02,4,Put,107.00,-7.42%,0.67,0.71,0.7,1129,627,1.8,67.11%,73.12%,-0.145424,"15:13 ET"
F,12.4,2026-10-30,32,Put,12.00,-3.23%,0.35,0.36,0.39,1137,631,1.8,36.44%,37.32%,-0.368616,"15:09 ET"
PINS,18.42,2027-03-19,172,Call,20.00,-8.58%,2.24,2.29,2.42,1182,656,1.8,55.37%,55.82%,0.511024,"14:38 ET"
CLF,11.23,2026-10-02,4,Put,11.50,+2.86%,0.53,0.55,0.58,2118,1178,1.8,65.22%,75.64%,-0.634214,"15:11 ET"
BMNR,27.07,2026-10-09,11,Call,27.00,+0.74%,1.45,1.48,1.51,596,333,1.79,75.53%,76.30%,0.538091,"15:19 ET"
AAPL,338.49,2026-10-30,32,Put,335.00,-1.19%,7.85,7.75,8.45,658,367,1.79,24.22%,25.69%,-0.418269,"14:57 ET"
CPB,20,2026-10-02,4,Put,19.50,-2.40%,0.15,0.17,0.2,724,405,1.79,32.80%,46.71%,-0.280667,"15:16 ET"
AMD,607.46,2026-10-02,4,Put,582.50,-4.03%,4.7,5,4.9,830,464,1.79,54.46%,56.98%,-0.22304,"15:03 ET"
DVN,46.74,2026-12-18,81,Put,42.50,-9.03%,1.34,1.38,1.43,1038,580,1.79,37.82%,37.02%,-0.257493,"14:27 ET"
SNDK,1708.97,2026-10-02,4,Put,"1,550.00",-9.33%,7.5,7.6,7.7,1425,797,1.79,70.82%,78.51%,-0.108476,"15:16 ET"
CRWV,85.91,2026-10-02,4,Call,94.00,-9.24%,0.61,0.63,0.65,1931,1080,1.79,76.40%,84.22%,0.163582,"15:19 ET"
CVS,88.31,2026-11-20,53,Put,80.00,-9.43%,1.73,1.76,1.83,2034,1137,1.79,35.39%,38.32%,-0.222709,"15:07 ET"
SOFI,15.93,2026-10-09,11,Call,16.00,-0.57%,0.47,0.48,0.48,2452,1370,1.79,50.04%,45.73%,0.496535,"15:23 ET"
AMZN,246.07,2026-09-30,2,Put,240.00,-2.40%,0.42,0.45,0.44,3105,1736,1.79,34.16%,32.23%,-0.141808,"15:19 ET"
MMED,20.26,2026-10-16,18,Call,22.50,-10.78%,0.25,0.45,0.5,4289,2392,1.79,62.81%,61.56%,0.24445,"15:17 ET"
SPCX,146.15,2026-10-02,4,Call,155.00,-5.70%,0.68,0.69,0.7,24763,13924,1.78,48.61%,54.09%,0.161865,"15:23 ET"
CHWY,18.61,2027-03-19,172,Put,15.00,-19.57%,0.71,0.96,1.02,673,379,1.78,48.10%,50.99%,-0.200088,"12:42 ET"
FCX,72.24,2028-01-21,480,Call,105.00,-45.49%,7.7,8,8.65,872,491,1.78,47.40%,49.39%,0.380645,"12:12 ET"
UPST,23.03,2026-10-02,4,Call,25.00,-8.79%,0.09,0.1,0.11,1176,661,1.78,68.46%,66.95%,0.127933,"15:16 ET"
MSTR,158.54,2026-10-02,4,Put,152.50,-3.91%,2.25,2.29,2.34,2409,1353,1.78,67.76%,72.96%,-0.290288,"15:19 ET"
MSFT,510.16,2026-10-02,4,Put,510.00,-0.08%,6.15,6.35,6.55,2836,1589,1.78,29.81%,30.58%,-0.485889,"15:17 ET"
TSM,453.49,2027-06-17,262,Call,470.00,-3.67%,56.4,56.75,56.65,3022,1701,1.78,34.68%,38.59%,0.549256,"15:02 ET"
AMD,607.46,2026-10-09,11,Call,675.00,-11.21%,3.8,3.8,4,615,347,1.77,54.46%,53.02%,0.14182,"15:17 ET"
TSM,453.49,2026-10-02,4,Call,490.00,-8.08%,0.15,0.17,0.18,750,424,1.77,34.68%,37.26%,0.025,"14:53 ET"
STUB,5.3,2028-01-21,480,Call,15.00,-183.02%,0.3,0.34,0.4,1030,581,1.77,69.64%,69.91%,0.204849,"11:41 ET"
MSTR,158.54,2026-10-02,4,Call,177.50,-11.85%,0.82,0.88,0.87,1117,631,1.77,67.76%,88.46%,0.121316,"15:16 ET"
AEM,184.43,2026-10-16,18,Put,185.00,+0.19%,6.8,7,7.5,1135,640,1.77,44.62%,42.95%,-0.487254,"15:10 ET"
BE,265.34,2026-10-02,4,Put,255.00,-4.08%,4.55,4.73,4.95,1344,760,1.77,80.39%,83.59%,-0.30546,"15:19 ET"
DASH,179.32,2027-01-15,109,Put,175.00,-2.54%,15.65,15.2,16.3,1388,785,1.77,52.30%,49.12%,-0.399929,"13:58 ET"
META,717.67,2026-10-23,25,Call,760.00,-5.73%,13.7,14.08,14.6,1721,974,1.77,41.38%,38.67%,0.316766,"15:16 ET"
TSLA,358.19,2026-10-02,4,Call,350.00,+2.11%,11.9,11.95,12.05,1739,980,1.77,42.19%,47.05%,0.694494,"15:22 ET"
C,131.99,2026-10-02,4,Call,138.00,-4.55%,0.17,0.21,0.24,2196,1240,1.77,33.07%,33.10%,0.096758,"14:25 ET"
ORCL,132.85,2026-10-02,4,Call,141.00,-5.90%,0.88,0.89,0.94,2461,1389,1.77,51.39%,63.10%,0.193341,"15:20 ET"
NVDA,229.83,2026-10-09,11,Put,217.50,-5.41%,1.24,1.26,1.27,2494,1409,1.77,34.82%,34.33%,-0.167551,"15:22 ET"
INTC,115.93,2026-10-02,4,Call,128.00,-10.76%,0.5,0.52,0.52,2651,1495,1.77,67.11%,77.88%,0.114825,"15:19 ET"
NVDA,229.83,2026-10-09,11,Call,245.00,-6.55%,0.75,0.79,0.77,6727,3790,1.77,34.82%,31.10%,0.126024,"15:16 ET"
TSLA,358.19,2026-10-02,4,Put,350.00,-2.11%,3.45,3.5,3.55,7838,4444,1.76,42.19%,46.74%,-0.304847,"15:23 ET"
PLTR,188.14,2026-10-02,4,Call,195.00,-3.73%,1.54,1.57,1.56,8757,4978,1.76,53.42%,50.99%,0.261784,"15:22 ET"
DASH,179.32,2026-10-02,4,Call,200.00,-11.38%,0.15,0.18,0.26,517,294,1.76,52.30%,60.78%,0.044806,"15:02 ET"
PEP,128.52,2026-10-02,4,Call,128.00,+0.46%,1.51,1.65,1.66,526,299,1.76,25.91%,24.63%,0.565342,"15:19 ET"
MU,1055.67,2026-10-09,11,Call,"1,250.00",-18.63%,7.45,7.59,7.8,728,413,1.76,61.08%,76.97%,0.11683,"15:16 ET"
CRM,228.22,2026-10-02,4,Put,212.50,-7.18%,0.35,0.38,0.41,776,440,1.76,39.88%,48.33%,-0.072396,"15:19 ET"
EOSE,3.1,2026-12-18,81,Call,6.00,-93.55%,0.13,0.14,0.15,1013,577,1.76,102.90%,118.70%,0.187146,"14:47 ET"
TSLA,358.19,2026-10-16,18,Call,480.00,-34.24%,0.24,0.24,0.26,3673,2086,1.76,42.19%,58.92%,0.015595,"15:20 ET"
APP,307.52,2026-10-09,11,Put,300.00,-2.38%,8,8.5,8.7,564,323,1.75,64.55%,55.86%,-0.380628,"15:03 ET"
AMD,607.46,2027-06-17,262,Call,860.00,-41.69%,51.2,52.83,54.3,642,366,1.75,54.46%,57.23%,0.341605,"14:12 ET"
GILD,152.49,2026-10-02,4,Call,155.00,-1.61%,0.92,0.97,1.05,710,405,1.75,30.46%,31.40%,0.311118,"15:13 ET"
WMT,108.83,2026-10-02,4,Call,111.00,-2.03%,0.4,0.4,0.44,3503,2005,1.75,26.72%,26.06%,0.242551,"15:23 ET"
NVDA,229.83,2026-10-05,7,Call,230.00,-0.03%,3.65,3.7,3.75,7425,4255,1.75,34.82%,29.59%,0.50336,"15:23 ET"
DELL,543.3,2026-10-02,4,Call,555.00,-2.35%,9,9.2,10.1,537,308,1.74,60.72%,64.86%,0.384556,"15:13 ET"
CAPR,8.64,2026-10-02,4,Call,9.50,-8.82%,0.25,0.4,0.45,732,421,1.74,229.03%,178.96%,0.352038,"14:57 ET"
HOOD,116.62,2027-09-17,354,Put,15.00,-87.15%,0.1,0.11,0.17,1547,887,1.74,62.93%,93.17%,-0.003102,"13:10 ET"
NOW,131.29,2026-10-02,4,Put,126.00,-3.99%,1.22,1.27,1.3,716,415,1.73,55.34%,60.42%,-0.247287,"15:23 ET"
NFLX,69,2026-10-02,4,Put,68.00,-1.66%,0.49,0.5,0.51,4414,2547,1.73,37.24%,32.92%,-0.31826,"15:19 ET"
AMD,607.46,2026-10-02,4,Put,555.00,-8.56%,1.28,1.34,1.35,629,365,1.72,54.46%,61.85%,-0.072983,"15:12 ET"
GS,916.17,2026-10-16,18,Put,800.00,-12.70%,2.3,2.35,2.4,1586,922,1.72,35.51%,41.22%,-0.062343,"15:18 ET"
SPCX,146.15,2027-01-15,109,Call,280.00,-90.94%,0.44,0.47,0.47,2627,1528,1.72,48.61%,56.75%,0.028854,"15:17 ET"
MSFT,510.16,2026-10-02,4,Call,540.00,-5.80%,0.37,0.39,0.4,4595,2672,1.72,29.81%,32.94%,0.052587,"15:19 ET"
CCL,22.32,2026-11-20,53,Call,24.00,-7.58%,0.95,0.96,0.99,5265,3059,1.72,49.69%,47.23%,0.381099,"15:13 ET"
APP,307.52,2026-10-02,4,Call,325.00,-5.76%,2.45,2.45,2.7,648,379,1.71,64.55%,65.89%,0.219142,"15:11 ET"
BB,8.89,2026-10-09,11,Call,9.00,-0.67%,0.37,0.37,0.39,1600,933,1.71,63.61%,69.55%,0.485462,"15:14 ET"
SNDK,1708.97,2026-10-02,4,Put,"1,700.00",-0.55%,51.1,51.2,51.5,2072,1209,1.71,70.82%,78.75%,-0.456154,"15:21 ET"
LITE,920.89,2026-10-02,4,Call,"1,000.00",-8.88%,6.4,6.8,7.2,3328,1951,1.71,73.95%,79.03%,0.172598,"15:20 ET"
UBER,68.17,2026-10-02,4,Call,70.00,-2.73%,0.4,0.41,0.43,4208,2457,1.71,36.88%,38.08%,0.258451,"15:18 ET"
SNDK,1708.97,2026-10-02,4,Call,"2,000.00",-16.99%,3.9,3.98,4.1,6940,4068,1.71,70.82%,92.61%,0.058382,"15:22 ET"
PLTR,188.14,2026-10-02,4,Put,177.50,-5.58%,0.88,0.88,0.9,7804,4556,1.71,53.42%,55.89%,-0.151622,"15:23 ET"
AMZN,246.07,2026-10-02,4,Call,260.00,-5.73%,0.28,0.28,0.29,17534,10314,1.7,34.16%,35.17%,0.071792,"15:20 ET"
SPCX,146.15,2026-10-16,18,Put,147.00,+0.25%,6.1,6.18,6.15,583,342,1.7,48.61%,45.35%,-0.493558,"15:19 ET"
SMCI,42.12,2026-10-09,11,Call,43.50,-3.28%,1.53,1.53,1.58,710,418,1.7,76.55%,72.55%,0.428219,"15:23 ET"
MGM,31.93,2026-12-18,81,Call,38.00,-18.64%,0.5,0.65,0.65,919,542,1.7,38.46%,36.93%,0.200074,"12:24 ET"
MSFT,510.16,2026-10-02,4,Call,525.00,-2.86%,1.72,1.75,1.78,3919,2307,1.7,29.81%,30.84%,0.194691,"15:20 ET"
NBIS,233.01,2026-10-02,4,Put,222.50,-4.89%,4,4.1,4.1,501,297,1.69,83.32%,87.55%,-0.288585,"15:19 ET"
NFLX,69,2026-10-30,32,Call,78.00,-12.80%,0.98,1,1.01,704,416,1.69,37.24%,44.92%,0.205043,"15:13 ET"
META,717.67,2026-10-16,18,Put,665.00,-7.48%,5.8,6.06,6.15,1177,695,1.69,41.38%,39.36%,-0.170779,"15:19 ET"
NFLX,69,2026-10-02,4,Call,69.00,+0.22%,1,1.02,1.04,1710,1013,1.69,37.24%,34.00%,0.519991,"15:19 ET"
NKE,36.42,2026-10-02,4,Put,38.00,+4.22%,2.45,2.46,2.54,2715,1603,1.69,50.21%,100.67%,-0.639328,"14:22 ET"
MSFT,510.16,2026-10-02,4,Put,500.00,-2.04%,2.58,2.62,2.65,5906,3525,1.68,29.81%,30.92%,-0.258447,"15:19 ET"
NVDA,229.83,2026-11-06,39,Put,210.00,-8.67%,2.76,2.8,2.84,764,455,1.68,34.82%,34.36%,-0.18779,"15:20 ET"
NFLX,69,2026-10-23,25,Call,89.00,-28.71%,0.16,0.16,0.17,1051,624,1.68,37.24%,53.87%,0.043571,"14:54 ET"
DELL,543.3,2026-10-02,4,Put,520.00,-4.10%,5.6,6,6.1,1076,642,1.68,60.72%,65.27%,-0.254114,"15:14 ET"
JPM,336.69,2026-10-02,4,Call,347.50,-3.17%,0.52,0.7,0.65,1296,770,1.68,27.24%,26.22%,0.128248,"15:14 ET"
AAPL,338.49,2026-09-30,2,Call,335.00,+1.19%,4.5,4.6,4.8,1810,1080,1.68,24.22%,25.12%,0.716741,"15:19 ET"
META,717.67,2026-09-30,2,Call,770.00,-7.12%,0.58,0.61,0.65,2179,1299,1.68,41.38%,55.80%,0.050267,"15:18 ET"
GOOGL,341.86,2026-10-02,4,Put,315.00,-7.91%,0.12,0.13,0.14,2812,1676,1.68,33.32%,40.05%,-0.023802,"15:07 ET"
WDAY,188.35,2026-10-30,32,Call,200.00,-5.86%,5.2,7.49,7.4,549,329,1.67,51.70%,47.74%,0.370797,"11:57 ET"
VST,138.02,2026-10-02,4,Put,134.00,-2.91%,1.03,1.09,1.15,554,331,1.67,45.07%,46.53%,-0.261345,"15:15 ET"
TSM,453.49,2026-10-09,11,Call,450.00,+0.74%,12,12.65,12.25,1016,609,1.67,34.68%,32.25%,0.571507,"14:52 ET"
BA,185.75,2026-10-02,4,Put,190.00,+2.61%,4.95,5.27,5.5,2305,1381,1.67,34.66%,33.69%,-0.728738,"15:18 ET"
RKLB,72.68,2026-10-02,4,Call,75.00,-2.81%,1.45,1.48,1.5,7195,4337,1.66,74.07%,79.34%,0.370981,"15:23 ET"
MU,1055.67,2026-10-02,4,Call,"1,050.00",+0.35%,44.85,44.9,45.05,7249,4378,1.66,61.08%,95.49%,0.542085,"15:20 ET"
AMD,607.46,2026-09-30,2,Put,560.00,-7.73%,0.41,0.43,0.46,571,345,1.66,54.46%,63.65%,-0.037325,"15:18 ET"
TSLA,358.19,2026-10-05,7,Call,382.50,-6.98%,1.44,1.5,1.5,581,351,1.66,42.19%,42.24%,0.140967,"15:23 ET"
CVX,205.71,2026-10-02,4,Call,207.50,-0.59%,1.87,1.89,2.08,595,358,1.66,28.23%,31.04%,0.414964,"15:16 ET"
MARA,12.27,2026-10-16,18,Call,12.50,-1.46%,0.77,0.83,0.8,620,374,1.66,81.77%,80.44%,0.499777,"15:07 ET"
MSTR,158.54,2026-10-09,11,Put,170.00,+7.12%,14.65,14.8,14.85,759,456,1.66,67.76%,69.11%,-0.697067,"15:18 ET"
LUNR,15.3,2026-10-02,4,Put,15.00,-2.53%,0.44,0.45,0.48,760,458,1.66,88.38%,94.33%,-0.402475,"15:19 ET"
AMZN,246.07,2026-10-16,18,Put,247.50,+0.65%,6.75,6.9,6.95,862,519,1.66,34.16%,29.03%,-0.513623,"15:15 ET"
META,717.67,2026-09-30,2,Put,680.00,-5.40%,0.84,0.88,0.91,999,603,1.66,41.38%,51.73%,-0.070652,"15:20 ET"
GOOGL,341.86,2026-10-09,11,Put,310.00,-9.37%,0.37,0.39,0.42,1088,654,1.66,33.32%,34.37%,-0.045922,"14:50 ET"
BAC,55.41,2026-10-09,11,Put,53.00,-4.52%,0.19,0.21,0.24,1317,795,1.66,28.63%,26.65%,-0.156753,"15:12 ET"
NVDA,229.83,2026-10-09,11,Put,230.00,+0.03%,4.95,4.95,5,4635,2791,1.66,34.82%,31.09%,-0.491748,"15:24 ET"
TTD,12.27,2028-01-21,480,Put,7.50,-38.47%,0.97,1.06,1.16,538,326,1.65,68.06%,69.92%,-0.142166,"13:23 ET"
UNH,376.47,2026-10-02,4,Put,365.00,-2.73%,2.16,2.38,2.34,705,427,1.65,41.75%,41.82%,-0.229753,"15:17 ET"
BIDU,87.26,2026-10-02,4,Call,90.00,-3.16%,0.47,0.51,0.52,775,471,1.65,39.98%,39.30%,0.239019,"15:17 ET"
INTC,115.93,2026-10-02,4,Put,111.00,-3.95%,1.52,1.55,1.58,1040,629,1.65,67.11%,71.55%,-0.278416,"15:18 ET"
INTC,115.93,2026-10-05,7,Call,130.00,-12.49%,0.53,0.54,0.58,1373,831,1.65,67.11%,66.56%,0.111663,"15:18 ET"
SKHY,182.1,2026-10-02,4,Put,185.00,+1.68%,6.4,6.65,6.55,1883,1142,1.65,58.80%,64.22%,-0.578457,"15:13 ET"
INTC,115.93,2026-10-02,4,Call,122.00,-5.56%,1.33,1.35,1.36,2689,1626,1.65,67.11%,74.07%,0.258486,"15:19 ET"
APLD,24.67,2026-10-23,25,Call,30.00,-21.16%,0.8,0.83,0.85,505,308,1.64,91.33%,94.01%,0.254739,"15:10 ET"
NLY,20.39,2026-10-16,18,Put,19.50,-4.65%,0.24,0.28,0.32,535,326,1.64,23.48%,33.73%,-0.282883,"14:18 ET"
MDB,341.2,2026-11-20,53,Put,300.00,-12.57%,12.3,12.75,13.2,702,427,1.64,62.80%,60.73%,-0.242473,"15:18 ET"
XOM,161.9,2026-10-09,11,Put,155.00,-4.40%,0.87,0.83,0.94,852,520,1.64,30.03%,30.02%,-0.190039,"15:15 ET"
TSLA,358.19,2026-10-02,4,Put,352.50,-1.42%,4.3,4.35,4.4,1645,1005,1.64,42.19%,46.59%,-0.357208,"15:23 ET"
BB,8.89,2026-10-30,32,Call,9.00,-0.67%,0.6,0.67,0.68,2133,1297,1.64,63.61%,64.68%,0.518689,"15:09 ET"
PCG,12.02,2026-11-20,53,Call,12.00,+0.08%,0.85,0.85,0.9,2519,1536,1.64,42.53%,46.71%,0.544122,"11:43 ET"
WMT,108.83,2027-06-17,262,Put,92.50,-14.97%,3,3.2,3.25,3045,1857,1.64,26.72%,28.83%,-0.19105,"14:08 ET"
BB,8.89,2026-10-02,4,Call,9.50,-6.26%,0.08,0.11,0.11,3362,2048,1.64,63.61%,80.57%,0.227731,"15:15 ET"
WMT,108.83,2026-10-02,4,Call,108.00,+0.73%,1.63,1.66,1.71,3676,2238,1.64,26.72%,26.24%,0.619529,"15:20 ET"
BE,265.34,2026-10-02,4,Call,290.00,-9.08%,2.1,2.2,2.2,3951,2416,1.64,80.39%,85.64%,0.174762,"15:20 ET"
AMD,607.46,2026-10-02,4,Call,650.00,-7.09%,2.66,2.71,2.75,4548,2775,1.64,54.46%,58.08%,0.145949,"15:19 ET"
SKHY,182.1,2026-10-02,4,Call,190.00,-4.42%,2.03,2.05,2.06,5165,3153,1.64,58.80%,64.64%,0.277984,"15:21 ET"
BAM,44.15,2026-10-16,18,Call,47.50,-7.32%,0.3,0.35,0.45,529,324,1.63,33.96%,36.82%,0.194688,"14:28 ET"
T,24.92,2027-09-17,354,Call,27.00,-8.22%,1.71,1.72,1.81,751,460,1.63,27.31%,26.95%,0.418974,"15:01 ET"
PEP,128.52,2026-10-02,4,Call,130.00,-1.10%,0.69,0.73,0.78,990,608,1.63,25.91%,25.09%,0.334195,"15:19 ET"
COP,126.04,2027-06-17,262,Call,140.00,-10.96%,8.65,9.23,9.25,1031,633,1.63,31.93%,32.33%,0.413183,"14:32 ET"
AMZN,246.07,2026-10-09,11,Put,215.00,-12.57%,0.13,0.15,0.15,1293,795,1.63,34.16%,39.55%,-0.021795,"15:10 ET"
BULL,7.03,2026-10-16,18,Put,7.00,-0.43%,0.3,0.31,0.32,1483,909,1.63,60.64%,53.62%,-0.454596,"15:11 ET"
TTD,12.27,2026-10-02,4,Call,12.50,-2.54%,0.18,0.2,0.21,1487,912,1.63,68.06%,58.01%,0.386423,"15:20 ET"
RIO,94.57,2026-12-18,81,Put,85.00,-10.02%,1.65,2,1.8,511,315,1.62,30.56%,29.13%,-0.216345,"09:30 ET"
SMCI,42.12,2026-10-09,11,Call,44.50,-5.65%,1.2,1.18,1.25,532,329,1.62,76.55%,73.11%,0.360298,"15:14 ET"
FIG,20.26,2026-11-20,53,Put,20.00,-1.38%,2.15,2.16,2.22,584,360,1.62,73.49%,77.74%,-0.417596,"15:16 ET"
BA,185.75,2026-12-18,81,Put,250.00,+35.01%,61.15,63.77,66.35,657,406,1.62,34.66%,27.61%,-0.993469,"15:11 ET"
PL,16.94,2026-10-02,4,Call,18.50,-8.70%,0.15,0.15,0.2,735,453,1.62,71.68%,92.45%,0.199794,"15:22 ET"
GOOGL,341.86,2026-10-05,7,Call,350.00,-2.32%,2.36,2.6,2.71,784,483,1.62,33.32%,29.46%,0.294513,"15:03 ET"
TSLA,358.19,2026-10-02,4,Put,332.50,-7.01%,0.62,0.69,0.64,859,531,1.62,42.19%,50.32%,-0.073267,"15:08 ET"
CIFR,16.87,2026-11-20,53,Put,12.00,-29.16%,0.49,0.51,0.54,2006,1236,1.62,97.29%,99.45%,-0.133539,"15:01 ET"
MCD,234.08,2026-10-02,4,Call,240.00,-2.41%,0.55,0.65,0.65,2047,1262,1.62,22.39%,25.39%,0.179929,"15:20 ET"
GME,23.89,2026-10-02,4,Call,25.50,-6.65%,0.19,0.19,0.2,3040,1877,1.62,51.36%,72.04%,0.200752,"15:17 ET"
ORCL,132.85,2026-10-02,4,Put,130.00,-2.36%,1.73,1.74,1.76,9384,5783,1.62,51.39%,53.98%,-0.339122,"15:24 ET"
CMG,32.24,2026-10-16,18,Call,32.50,+0.31%,1.18,1.38,1.33,500,311,1.61,44.39%,43.65%,0.519616,"14:58 ET"
META,717.67,2026-09-30,2,Put,677.50,-5.75%,0.71,0.76,0.79,501,311,1.61,41.38%,52.50%,-0.061196,"15:19 ET"
CELH,28.33,2027-01-15,109,Call,37.50,-32.00%,0.88,1.11,1.2,1002,624,1.61,58.76%,56.03%,0.235874,"13:55 ET"
FLUT,77.32,2026-12-18,81,Put,80.00,+3.49%,9,9.4,9.4,1549,962,1.61,57.99%,55.27%,-0.491048,"15:09 ET"
TSLA,358.19,2026-10-05,7,Call,380.00,-6.28%,1.74,1.76,1.8,1768,1095,1.61,42.19%,41.82%,0.165038,"15:23 ET"
MGM,31.93,2026-10-16,18,Call,35.00,-9.27%,0.25,0.3,0.3,2175,1352,1.61,38.46%,40.69%,0.181891,"15:07 ET"
CRML,7.66,2026-10-16,18,Call,9.00,-17.04%,0.25,0.31,0.35,5035,3136,1.61,105.68%,106.88%,0.294061,"15:06 ET"
AMD,607.46,2026-10-09,11,Put,570.00,-6.09%,6.9,7.33,7.15,511,319,1.6,54.46%,51.48%,-0.216654,"15:15 ET"
CRWV,85.91,2026-10-02,4,Call,99.00,-15.05%,0.22,0.23,0.24,1934,1206,1.6,76.40%,88.37%,0.06814,"15:19 ET"
NUAI,6.96,2026-10-09,11,Call,7.50,-6.99%,0.25,0.4,0.45,531,333,1.59,109.24%,115.15%,0.395719,"14:39 ET"
AMD,607.46,2026-10-16,18,Put,595.00,-1.97%,20.15,21.1,20.5,604,381,1.59,54.46%,50.47%,-0.394783,"14:52 ET"
WDC,457.75,2026-10-02,4,Call,460.00,-0.82%,13.9,15,15.15,634,399,1.59,70.60%,81.54%,0.494289,"15:05 ET"
INTC,115.93,2026-10-16,18,Put,109.00,-5.68%,3.35,3.57,3.45,775,487,1.59,67.11%,62.60%,-0.306788,"15:07 ET"
F,12.4,2026-10-16,18,Call,12.50,-0.81%,0.3,0.31,0.34,941,591,1.59,36.44%,34.45%,0.462362,"15:11 ET"
NKE,36.42,2026-12-18,81,Call,52.50,-43.99%,0.24,0.27,0.27,5094,3203,1.59,50.21%,49.79%,0.073128,"15:17 ET"
PG,149.18,2026-10-09,11,Call,152.50,-2.20%,0.71,0.72,0.83,534,337,1.58,20.77%,19.19%,0.260547,"14:33 ET"
CELH,28.33,2026-10-02,4,Call,28.50,-0.32%,0.58,0.68,0.68,684,432,1.58,58.76%,58.72%,0.48078,"15:09 ET"
BE,265.34,2026-10-02,4,Put,247.50,-6.90%,2.55,2.67,2.75,776,490,1.58,80.39%,83.40%,-0.197171,"15:14 ET"
PEP,128.52,2026-10-02,4,Call,134.00,-4.21%,0.08,0.1,0.13,793,501,1.58,25.91%,26.54%,0.067582,"15:19 ET"
HIMS,28.86,2026-10-02,4,Put,29.00,+0.76%,0.95,1,1.01,951,602,1.58,76.49%,73.99%,-0.514882,"15:10 ET"
CRCL,86.1,2026-10-02,4,Call,97.00,-12.32%,0.43,0.55,0.53,956,604,1.58,72.87%,92.08%,0.12179,"15:03 ET"
META,717.67,2026-10-02,4,Put,690.00,-4.01%,3.8,4.06,4.1,1112,703,1.58,41.38%,47.24%,-0.195663,"15:17 ET"
NOW,131.29,2026-10-02,4,Put,120.00,-8.56%,0.33,0.33,0.35,2687,1699,1.58,55.34%,63.59%,-0.082965,"15:23 ET"
NVDA,229.83,2026-10-02,4,Put,222.50,-3.24%,0.95,0.96,0.97,7700,4873,1.58,34.82%,36.57%,-0.193779,"15:23 ET"
NFLX,69,2026-10-02,4,Call,73.00,-5.57%,0.11,0.11,0.12,6792,4327,1.57,37.24%,38.75%,0.090001,"15:18 ET"
TSLA,358.19,2026-10-02,4,Call,375.00,-4.88%,1.92,1.93,1.95,8017,5091,1.57,42.19%,48.79%,0.195265,"15:23 ET"
INTC,115.93,2026-10-09,11,Put,106.00,-8.28%,1.49,1.54,1.54,578,367,1.57,67.11%,64.28%,-0.199469,"15:14 ET"
COIN,192.89,2026-10-02,4,Put,165.00,-14.47%,0.01,0.11,0.21,672,427,1.57,65.35%,74.17%,-0.019516,"14:35 ET"
BB,8.89,2026-10-30,32,Call,9.50,-6.26%,0.43,0.45,0.5,713,455,1.57,63.61%,66.44%,0.411341,"14:43 ET"
NOW,131.29,2026-10-02,4,Put,128.00,-2.46%,1.84,1.87,1.91,781,497,1.57,55.34%,60.29%,-0.331897,"15:23 ET"
SPCX,146.15,2026-10-16,18,Call,157.50,-7.41%,2.21,2.18,2.22,836,534,1.57,48.61%,46.20%,0.257706,"15:14 ET"
AMD,607.46,2026-10-02,4,Call,600.00,+1.14%,18.65,18.5,19,2271,1444,1.57,54.46%,56.13%,0.606286,"15:17 ET"
MS,193.57,2026-10-02,4,Put,180.00,-6.99%,0.08,0.13,0.18,629,404,1.56,34.10%,39.65%,-0.039557,"14:48 ET"
BA,185.75,2026-10-09,11,Put,185.00,-0.09%,3.5,3.76,3.8,660,422,1.56,34.66%,31.57%,-0.456151,"15:13 ET"
SNDK,1708.97,2026-10-02,4,Call,"1,950.00",-14.07%,6.1,6.2,6.4,1097,704,1.56,70.82%,89.58%,0.087732,"15:23 ET"
COIN,192.89,2026-10-02,4,Call,215.00,-11.45%,0.77,0.8,0.88,1125,720,1.56,65.35%,80.52%,0.108929,"15:19 ET"
IREN,42.09,2026-10-02,4,Put,39.50,-6.35%,0.43,0.45,0.45,1264,812,1.56,80.04%,80.52%,-0.210167,"15:16 ET"
PLTR,188.14,2026-10-02,4,Call,192.50,-2.40%,2.25,2.26,2.28,4543,2903,1.56,53.42%,51.04%,0.346189,"15:23 ET"
NVDA,229.83,2026-10-09,11,Put,225.00,-2.15%,2.92,2.94,2.96,5600,3597,1.56,34.82%,31.97%,-0.337606,"15:17 ET"
AAPL,338.49,2026-09-30,2,Call,350.00,-3.24%,0.1,0.11,0.11,8422,5433,1.55,24.22%,25.67%,0.040605,"15:19 ET"
PANW,393.07,2026-10-02,4,Call,385.00,+2.25%,14.5,14.73,15.3,606,392,1.55,55.57%,63.27%,0.637592,"15:23 ET"
BAC,55.41,2026-10-09,11,Call,56.00,-0.88%,0.74,0.77,0.78,637,411,1.55,28.63%,25.99%,0.425327,"15:16 ET"
TSLA,358.19,2026-09-30,2,Put,332.50,-7.01%,0.17,0.18,0.18,647,418,1.55,42.19%,54.65%,-0.030626,"15:23 ET"
BWXT,134.46,2026-10-16,18,Call,135.00,-0.30%,5,5.15,5.3,677,436,1.55,44.95%,44.00%,0.513393,"15:16 ET"
MOS,22.42,2026-10-16,18,Put,22.00,-1.83%,0.65,0.75,0.8,720,465,1.55,49.09%,46.94%,-0.406156,"14:09 ET"
MU,1055.67,2026-10-02,4,Put,940.00,-10.79%,5.25,5.5,5.35,871,563,1.55,61.08%,91.97%,-0.104723,"15:15 ET"
HOOD,116.62,2026-10-02,4,Call,119.00,-1.92%,2.54,2.6,2.59,1055,681,1.55,62.93%,72.64%,0.416078,"15:15 ET"
GME,23.89,2026-11-20,53,Put,20.00,-16.35%,0.24,0.26,0.34,1812,1167,1.55,51.36%,44.44%,-0.131926,"14:47 ET"
OKLO,37.3,2027-01-15,109,Call,75.00,-100.70%,0.71,0.77,0.76,4494,2894,1.55,73.40%,84.93%,0.106145,"15:08 ET"
MRNA,198.45,2026-10-02,4,Put,185.00,-6.95%,2.23,2.38,2.43,690,449,1.54,89.01%,88.72%,-0.212798,"15:14 ET"
SKHY,182.1,2026-10-02,4,Put,177.50,-2.45%,2.77,2.78,2.8,876,567,1.54,58.80%,63.33%,-0.336029,"15:22 ET"
CVNA,60.8,2026-10-02,4,Put,60.00,-1.19%,1.43,1.47,1.53,975,634,1.54,68.40%,74.54%,-0.412242,"15:18 ET"
HBAN,15.35,2026-11-20,53,Put,16.00,+4.17%,0.9,0.86,1.05,1000,648,1.54,29.34%,24.41%,-0.659102,"12:11 ET"
PANW,393.07,2026-10-02,4,Call,390.00,+0.98%,11.2,11.95,12.45,1008,656,1.54,55.57%,62.02%,0.563182,"15:23 ET"
INTC,115.93,2026-10-02,4,Put,109.00,-5.68%,1.04,1.05,1.07,1546,1004,1.54,67.11%,72.49%,-0.205924,"15:17 ET"
NBIS,233.01,2026-10-02,4,Call,250.00,-6.87%,2.87,2.9,2.94,5569,3628,1.54,83.32%,88.23%,0.239683,"15:19 ET"
HD,291.07,2026-10-02,4,Put,280.00,-3.77%,0.5,0.6,0.68,539,353,1.53,29.84%,32.10%,-0.120664,"15:05 ET"
TSLA,358.19,2026-10-16,18,Put,362.50,+1.38%,14.7,14.95,14.9,561,367,1.53,42.19%,40.49%,-0.527764,"15:16 ET"
CVX,205.71,2026-10-02,4,Call,212.50,-3.02%,0.51,0.59,0.65,1018,667,1.53,28.23%,30.55%,0.16773,"15:15 ET"
TSM,453.49,2026-10-02,4,Put,435.00,-4.05%,1.02,1,1.06,1227,801,1.53,34.68%,35.12%,-0.123898,"15:18 ET"
MU,1055.67,2026-10-02,4,Call,"1,030.00",+2.25%,55.3,55.15,55.45,1351,883,1.53,61.08%,94.59%,0.617905,"15:19 ET"
AMD,607.46,2026-10-02,4,Put,560.00,-7.73%,1.61,1.72,1.7,1905,1246,1.53,54.46%,60.64%,-0.09004,"15:15 ET"
BE,265.34,2026-10-02,4,Put,240.00,-9.72%,1.33,1.36,1.46,1937,1270,1.53,80.39%,84.44%,-0.116913,"15:13 ET"
UBER,68.17,2026-10-02,4,Put,67.00,-1.67%,0.52,0.54,0.55,3129,2044,1.53,36.88%,35.80%,-0.31723,"15:23 ET"
CVNA,60.8,2026-11-20,53,Put,55.00,-9.42%,3.7,4.03,3.85,3184,2080,1.53,68.40%,72.87%,-0.30172,"14:19 ET"
SPCX,146.15,2026-10-02,4,Put,149.00,+1.61%,4.7,4.76,4.75,3265,2134,1.53,48.61%,52.21%,-0.61957,"15:24 ET"
WMT,108.83,2026-10-02,4,Call,110.00,-1.11%,0.69,0.71,0.71,7173,4695,1.53,26.72%,25.86%,0.355874,"15:23 ET"
BE,265.34,2026-10-09,11,Put,220.00,-17.25%,1.1,1.16,1.19,615,405,1.52,80.39%,76.98%,-0.069267,"15:18 ET"
ORCL,132.85,2026-10-02,4,Put,126.00,-5.36%,0.64,0.63,0.7,718,473,1.52,51.39%,53.64%,-0.165033,"15:18 ET"
DOW,28.07,2027-06-17,262,Put,22.50,-19.96%,1.29,1.41,1.54,730,479,1.52,40.46%,41.93%,-0.207575,"13:28 ET"
INTC,115.93,2026-10-30,32,Call,170.00,-47.10%,0.81,0.85,0.91,756,499,1.52,67.11%,82.54%,0.074613,"14:38 ET"
MRNA,198.45,2026-10-16,18,Call,210.00,-5.63%,9.15,9.27,9.5,915,603,1.52,89.01%,79.15%,0.409775,"15:16 ET"
NOW,131.29,2027-01-15,109,Call,244.00,-85.93%,0.5,0.5,0.71,2123,1394,1.52,55.34%,58.22%,0.040039,"15:18 ET"
ORCL,132.85,2026-10-09,11,Call,140.00,-5.15%,2.12,2.25,2.24,795,528,1.51,51.39%,52.20%,0.299256,"15:20 ET"
GOOG,338.61,2026-10-02,4,Call,337.50,+0.37%,5.25,5.35,5.4,976,646,1.51,32.83%,33.53%,0.545382,"15:14 ET"
BE,265.34,2026-10-02,4,Call,310.00,-16.61%,0.55,0.55,0.59,1022,676,1.51,80.39%,89.99%,0.055509,"15:12 ET"
DKNG,21.32,2026-10-02,4,Call,22.50,-5.44%,0.16,0.21,0.21,2860,1898,1.51,60.65%,64.69%,0.228117,"15:18 ET"
INTC,115.93,2026-10-02,4,Call,120.00,-3.83%,1.83,1.83,1.86,11356,7511,1.51,67.11%,73.25%,0.329741,"15:19 ET"
SPCX,146.15,2026-10-02,4,Put,145.00,-1.12%,2.55,2.58,2.56,14695,9800,1.5,48.61%,52.27%,-0.422902,"15:23 ET"
META,717.67,2026-10-23,25,Call,720.00,-0.17%,28.35,28.5,29.45,533,355,1.5,41.38%,38.21%,0.522683,"15:18 ET"
UNH,376.47,2026-10-02,4,Call,405.00,-7.93%,0.29,0.3,0.37,553,369,1.5,41.75%,41.41%,0.049246,"14:58 ET"
IONQ,45.84,2026-10-02,4,Put,43.00,-6.66%,0.49,0.49,0.54,619,412,1.5,76.73%,81.84%,-0.219626,"15:16 ET"
GE,317.5,2026-10-02,4,Call,340.00,-7.25%,0.07,0.15,0.34,622,416,1.5,34.04%,37.25%,0.041374,"15:13 ET"
MSFT,510.16,2026-09-30,2,Put,497.50,-2.53%,0.85,0.88,0.96,696,463,1.5,29.81%,32.40%,-0.142904,"15:16 ET"
SPCX,146.15,2026-10-16,18,Put,148.00,+0.93%,6.65,6.65,6.7,792,527,1.5,48.61%,45.38%,-0.520615,"15:13 ET"
MPLX,57.67,2027-03-19,172,Call,60.00,-4.11%,1.35,1.2,1.75,812,541,1.5,21.76%,17.86%,0.35115,"11:28 ET"
AVGO,349.74,2026-10-09,11,Put,315.00,-10.09%,0.41,0.4,0.47,875,584,1.5,36.20%,36.99%,-0.046296,"14:50 ET"
XOM,161.9,2026-10-09,11,Put,160.00,-1.31%,2.3,2.24,2.46,905,603,1.5,30.03%,29.58%,-0.393046,"15:19 ET"
RIVN,14.84,2026-10-09,11,Call,15.00,-1.08%,0.53,0.53,0.54,1363,910,1.5,59.27%,58.24%,0.483801,"15:21 ET"
UBER,68.17,2026-10-02,4,Put,66.00,-3.14%,0.27,0.28,0.29,1376,915,1.5,36.88%,36.21%,-0.192787,"15:17 ET"
MRVL,251.6,2026-10-02,4,Put,250.00,-0.66%,6.4,6.35,6.7,1559,1039,1.5,65.72%,70.74%,-0.44723,"15:19 ET"
BB,8.89,2026-10-16,18,Call,8.50,+4.92%,0.7,0.75,0.77,1898,1268,1.5,63.61%,66.28%,0.650853,"15:11 ET"
NFLX,69,2026-10-30,32,Put,65.00,-6.00%,1.67,1.69,1.69,2028,1350,1.5,37.24%,42.94%,-0.286953,"15:19 ET"
GOOG,338.61,2026-10-30,32,Put,315.00,-7.01%,4.75,4.75,4.95,2065,1375,1.5,32.83%,35.72%,-0.223421,"15:12 ET"
CRWD,259.58,2026-10-02,4,Call,265.00,-2.29%,4.45,4.5,4.65,2121,1410,1.5,56.12%,63.07%,0.390852,"15:17 ET"
NBIS,233.01,2026-10-02,4,Call,240.00,-2.59%,5.55,5.55,5.65,2718,1815,1.5,83.32%,86.86%,0.39322,"15:19 ET"
SMR,7.97,2026-10-02,4,Put,8.00,+0.13%,0.27,0.27,0.28,3189,2129,1.5,78.37%,79.14%,-0.49691,"15:21 ET"
SPCX,146.15,2026-10-09,11,Call,165.00,-12.52%,0.52,0.53,0.54,3430,2291,1.5,48.61%,50.16%,0.092436,"15:17 ET"
CRM,228.22,2026-10-02,4,Put,217.50,-5.00%,0.86,0.88,0.93,639,429,1.49,39.88%,46.70%,-0.151106,"15:20 ET"
C,131.99,2026-10-09,11,Call,135.00,-2.27%,1.4,1.58,1.55,929,624,1.49,33.07%,29.84%,0.335532,"14:56 ET"
NOW,131.29,2026-10-02,4,Call,130.00,+0.94%,3.95,4.03,4.1,1499,1009,1.49,55.34%,61.10%,0.574673,"15:19 ET"
CVX,205.71,2026-10-02,4,Put,190.00,-7.89%,0.02,0.12,0.1,2414,1621,1.49,28.23%,37.78%,-0.019804,"15:03 ET"
AVGO,349.74,2026-10-02,4,Call,355.00,-1.32%,3.4,3.5,3.5,2421,1628,1.49,36.20%,38.00%,0.368558,"15:18 ET"
AMZN,246.07,2026-09-30,2,Call,255.00,-3.70%,0.22,0.23,0.23,7019,4715,1.49,34.16%,33.83%,0.081111,"15:19 ET"
AMZN,246.07,2026-09-30,2,Call,252.50,-2.68%,0.42,0.42,0.43,9661,6498,1.49,34.16%,31.98%,0.143735,"15:19 ET"
AMZN,246.07,2026-10-02,4,Call,257.50,-4.72%,0.43,0.43,0.44,7989,5388,1.48,34.16%,33.82%,0.105761,"15:20 ET"
JD,26.67,2026-10-02,4,Put,26.50,-0.64%,0.21,0.26,0.29,619,418,1.48,34.72%,28.26%,-0.42471,"15:14 ET"
META,717.67,2026-10-23,25,Call,740.00,-2.95%,20,20.4,21,622,419,1.48,41.38%,38.41%,0.414714,"15:09 ET"
SMMT,15.71,2026-10-02,4,Put,15.50,-1.34%,1.3,1.86,1.9,776,525,1.48,157.27%,261.63%,-0.427061,"14:44 ET"
RIG,5.32,2026-10-16,18,Call,5.00,+6.02%,0.41,0.44,0.46,795,537,1.48,49.86%,55.70%,0.706347,"15:23 ET"
APP,307.52,2026-10-02,4,Call,330.00,-7.39%,1.6,1.85,1.85,837,564,1.48,64.55%,65.90%,0.159568,"15:19 ET"
IREN,42.09,2026-10-02,4,Put,41.00,-2.80%,0.91,0.91,0.92,3037,2051,1.48,80.04%,81.11%,-0.3589,"15:19 ET"
TSLA,358.19,2026-10-02,4,Put,340.00,-4.91%,1.28,1.31,1.32,3896,2637,1.48,42.19%,47.70%,-0.139585,"15:23 ET"
LNG,270.8,2026-10-02,4,Call,282.50,-4.25%,1.25,1.25,1.7,514,349,1.47,35.69%,46.61%,0.203548,"15:01 ET"
TSLA,358.19,2026-10-02,4,Call,412.50,-15.37%,0.13,0.13,0.14,562,383,1.47,42.19%,61.99%,0.016516,"15:07 ET"
MRNA,198.45,2026-10-02,4,Put,175.00,-11.98%,0.72,0.75,0.74,609,414,1.47,89.01%,89.39%,-0.082952,"15:16 ET"
MU,1055.67,2026-10-02,4,Call,"1,125.00",-6.76%,18.2,18.2,18.35,800,544,1.47,61.08%,97.97%,0.285285,"15:20 ET"
CLF,11.23,2026-10-09,11,Put,12.00,+7.33%,1.01,1.08,1.08,1020,694,1.47,65.22%,65.13%,-0.72102,"14:25 ET"
MU,1055.67,2026-10-02,4,Put,990.00,-6.05%,14.75,14.95,14.9,1090,741,1.47,61.08%,92.01%,-0.236857,"15:19 ET"
MRNA,198.45,2026-10-02,4,Put,167.50,-15.75%,0.22,0.23,0.33,1125,767,1.47,89.01%,91.69%,-0.035205,"14:55 ET"
RGTI,16.16,2026-10-02,4,Put,15.00,-7.41%,0.11,0.11,0.12,1477,1003,1.47,75.93%,75.56%,-0.163931,"15:21 ET"
INTC,115.93,2026-09-30,2,Call,124.00,-7.29%,0.29,0.32,0.31,2731,1859,1.47,67.11%,72.94%,0.103108,"15:16 ET"
TSLA,358.19,2026-10-02,4,Put,365.00,+2.08%,10.85,11.25,11,4091,2774,1.47,42.19%,47.43%,-0.634209,"15:14 ET"
TSLA,358.19,2026-09-28,0,Put,370.00,+3.48%,11.7,11.95,11.9,4225,2877,1.47,42.19%,35.67%,-0.959393,"15:22 ET"
EXK,9.02,2028-01-21,480,Call,17.50,-94.23%,1.3,1.42,1.55,4615,3131,1.47,71.23%,75.22%,0.393825,"15:17 ET"
NVDA,229.83,2026-10-09,11,Call,240.00,-4.38%,1.52,1.52,1.55,9718,6631,1.47,34.82%,30.99%,0.221664,"15:23 ET"
PINS,18.42,2026-10-02,4,Put,18.00,-2.28%,0.22,0.22,0.26,631,432,1.46,55.37%,54.92%,-0.333005,"15:09 ET"
SOFI,15.93,2026-11-06,39,Put,15.00,-5.72%,0.64,0.66,0.67,759,519,1.46,50.04%,53.43%,-0.326938,"15:23 ET"
AMD,607.46,2026-10-09,11,Call,650.00,-7.09%,7.7,7.6,7.95,1105,755,1.46,54.46%,52.07%,0.249516,"15:16 ET"
MDB,341.2,2026-12-18,81,Put,250.00,-27.14%,7.8,8.3,8.75,1225,838,1.46,62.80%,69.71%,-0.127373,"15:05 ET"
INTC,115.93,2026-10-02,4,Put,117.00,+1.24%,4.05,4.17,4.2,1418,970,1.46,67.11%,70.40%,-0.547351,"15:18 ET"
NBIS,233.01,2026-10-02,4,Put,225.00,-3.82%,4.9,4.98,5,1734,1190,1.46,83.32%,88.04%,-0.332271,"15:19 ET"
AMD,607.46,2026-10-02,4,Put,610.00,+0.50%,14.9,15.5,15.2,1792,1228,1.46,54.46%,56.18%,-0.505249,"15:08 ET"
MU,1055.67,2026-10-02,4,Put,"1,015.00",-3.68%,23.1,23.35,23.25,501,346,1.45,61.08%,93.37%,-0.325574,"15:17 ET"
AKAM,109.82,2026-11-20,53,Call,120.00,-8.95%,7.6,7.8,7.8,539,372,1.45,62.17%,67.56%,0.427021,"15:20 ET"
META,717.67,2026-12-18,81,Put,720.00,+0.17%,51.55,52.3,52.65,549,378,1.45,41.38%,40.13%,-0.453746,"15:16 ET"
SPCX,146.15,2026-10-09,11,Put,147.00,+0.25%,5,5.05,5.1,827,571,1.45,48.61%,46.90%,-0.503416,"15:18 ET"
META,717.67,2026-09-30,2,Put,675.00,-6.09%,0.61,0.67,0.66,1141,788,1.45,41.38%,53.13%,-0.052522,"15:20 ET"
AMD,607.46,2026-10-02,4,Call,660.00,-8.74%,1.66,1.65,1.74,1201,829,1.45,54.46%,58.76%,0.098652,"15:17 ET"
ITUB,7.99,2026-12-18,81,Put,8.00,+0.38%,0.6,0.6,0.7,4932,3413,1.45,47.54%,44.77%,-0.451341,"11:01 ET"
INTC,115.93,2026-10-30,32,Call,120.00,-3.83%,8.35,8.5,8.55,10268,7131,1.44,67.11%,74.50%,0.482358,"15:18 ET"
NFLX,69,2026-10-09,11,Put,65.00,-6.00%,0.25,0.25,0.26,536,372,1.44,37.24%,32.14%,-0.12918,"15:19 ET"
AVGO,349.74,2026-09-30,2,Put,335.00,-4.38%,0.25,0.25,0.28,648,451,1.44,36.20%,38.48%,-0.060898,"15:08 ET"
EOSE,3.1,2026-10-02,4,Call,3.00,+3.23%,0.16,0.18,0.17,712,496,1.44,102.90%,86.67%,0.653106,"15:12 ET"
GOOGL,341.86,2026-09-28,0,Put,345.00,+0.86%,2.75,3,3.5,1002,694,1.44,33.32%,9.86%,-0.971135,"15:18 ET"
ASTS,61.58,2026-10-02,4,Put,58.00,-6.47%,0.64,0.67,0.7,1112,772,1.44,78.61%,80.40%,-0.216713,"15:18 ET"
BULL,7.03,2029-01-19,844,Call,12.50,-77.81%,1.55,1.57,1.59,1122,778,1.44,60.64%,61.62%,0.489909,"15:18 ET"
NVTS,11.81,2026-10-02,4,Put,11.00,-6.94%,0.1,0.11,0.12,1197,831,1.44,84.26%,80.85%,-0.191782,"15:22 ET"
COST,920.6,2026-10-02,4,Call,950.00,-3.19%,1.11,1.25,1.37,1374,954,1.44,19.85%,24.02%,0.111694,"15:18 ET"
GOOG,338.61,2026-10-02,4,Call,362.50,-7.01%,0.26,0.28,0.29,1603,1113,1.44,32.83%,38.77%,0.048783,"15:15 ET"
BAC,55.41,2026-10-02,4,Put,57.00,+2.68%,1.63,1.74,1.75,2595,1807,1.44,28.63%,27.28%,-0.829558,"15:14 ET"
PINS,18.42,2028-01-21,480,Put,18.00,-2.28%,3.5,3.8,3.85,3501,2426,1.44,55.37%,53.31%,-0.345646,"12:51 ET"
WULF,15.31,2026-10-02,4,Call,15.50,-0.71%,0.46,0.51,0.49,3554,2475,1.44,82.21%,88.85%,0.461628,"15:16 ET"
CVX,205.71,2026-10-02,4,Put,205.00,-0.62%,2.09,2.25,2.39,522,366,1.43,28.23%,31.34%,-0.437393,"15:19 ET"
VRT,244.46,2026-10-02,4,Put,230.00,-5.94%,1.42,1.48,1.55,524,366,1.43,58.93%,62.75%,-0.168362,"15:23 ET"
MCD,234.08,2026-10-16,18,Call,237.50,-1.34%,3.1,3.32,3.25,614,429,1.43,22.39%,22.20%,0.397732,"14:59 ET"
MRP,26.37,2026-11-20,53,Put,25.00,-4.91%,0.65,0.65,0.9,630,442,1.43,30.65%,32.40%,-0.334035,"13:49 ET"
MSTR,158.54,2026-10-02,4,Call,182.50,-15.00%,0.52,0.53,0.56,638,446,1.43,67.76%,92.42%,0.08055,"15:19 ET"
SPCX,146.15,2026-10-09,11,Call,152.50,-4.00%,2.4,2.42,2.44,1904,1334,1.43,48.61%,46.97%,0.324322,"15:23 ET"
ASTS,61.58,2026-10-02,4,Call,66.00,-6.43%,0.76,0.76,0.84,1923,1342,1.43,78.61%,87.78%,0.247976,"15:19 ET"
AMD,607.46,2026-09-30,2,Put,615.00,+1.33%,13.55,13.75,13.85,596,420,1.42,54.46%,55.64%,-0.595903,"15:05 ET"
RKLB,72.68,2026-10-02,4,Call,73.00,-0.07%,2.22,2.25,2.34,1098,771,1.42,74.07%,79.41%,0.49853,"15:21 ET"
UBER,68.17,2026-10-09,11,Call,70.00,-2.73%,0.86,0.89,0.92,1140,804,1.42,36.88%,34.10%,0.341757,"15:17 ET"
AAPL,338.49,2026-10-16,18,Put,345.00,+1.76%,9.7,9.8,10.05,1621,1142,1.42,24.22%,21.18%,-0.641367,"15:15 ET"
NBIS,233.01,2026-10-02,4,Call,245.00,-4.73%,4,4.02,4.1,1724,1213,1.42,83.32%,87.29%,0.310362,"15:19 ET"
DOW,28.07,2026-12-18,81,Call,37.50,-33.40%,0.17,0.2,0.23,2500,1762,1.42,40.46%,41.97%,0.08472,"13:47 ET"
BA,185.75,2026-11-20,53,Put,200.00,+8.01%,17.7,18,18.5,2726,1913,1.42,34.66%,32.11%,-0.702895,"15:18 ET"
USAR,14.52,2026-10-09,11,Put,15.50,+6.53%,1.28,1.29,1.31,543,385,1.41,72.62%,68.09%,-0.688167,"15:23 ET"
KR,59.96,2026-10-02,4,Call,59.00,+1.68%,1.31,1.46,1.44,862,613,1.41,27.12%,31.88%,0.694698,"10:47 ET"
HPE,62.65,2026-12-18,81,Call,85.00,-35.61%,2.29,2.36,2.42,1079,766,1.41,63.05%,70.05%,0.228638,"14:18 ET"
AMD,607.46,2026-10-02,4,Put,585.00,-3.61%,5.25,5.64,5.5,1136,803,1.41,54.46%,56.70%,-0.244071,"15:12 ET"
AMZN,246.07,2026-10-16,18,Call,257.50,-4.72%,2.41,2.42,2.48,1501,1063,1.41,34.16%,29.14%,0.26181,"15:15 ET"
META,717.67,2026-10-02,4,Put,715.00,-0.53%,11.85,12.27,12.3,1521,1076,1.41,41.38%,46.71%,-0.445169,"15:19 ET"
ORCL,132.85,2026-10-09,11,Put,120.00,-9.87%,0.68,0.69,0.71,1676,1189,1.41,51.39%,51.21%,-0.115937,"15:23 ET"
ACN,173.58,2026-10-16,18,Put,170.00,-2.51%,7.2,7.5,7.9,3436,2432,1.41,54.41%,61.98%,-0.4051,"15:15 ET"
PFE,28.8,2026-10-09,11,Call,28.50,+1.08%,0.6,0.62,0.64,5009,3555,1.41,24.69%,23.85%,0.598357,"15:19 ET"
PLTR,188.14,2026-10-02,4,Put,180.00,-4.25%,1.28,1.3,1.3,5865,4145,1.41,53.42%,54.23%,-0.208165,"15:24 ET"
IREN,42.09,2026-12-18,81,Call,70.00,-65.96%,1.26,1.29,1.32,20726,14699,1.41,80.04%,89.28%,0.164268,"15:16 ET"
NVDA,229.83,2026-10-02,4,Call,230.00,-0.03%,3.25,3.35,3.35,35882,25521,1.41,34.82%,35.31%,0.498991,"15:23 ET"
MU,1055.67,2026-10-02,4,Call,"1,145.00",-8.66%,13.9,13.8,14.05,523,374,1.4,61.08%,98.57%,0.231492,"15:16 ET"
BA,185.75,2027-03-19,172,Call,230.00,-24.21%,5.75,5.73,6.05,680,487,1.4,34.66%,37.42%,0.23678,"15:04 ET"
AMD,607.46,2026-09-30,2,Put,620.00,+2.15%,16.85,17.71,17.15,707,505,1.4,54.46%,55.99%,-0.668826,"15:02 ET"
AMD,607.46,2026-10-02,4,Put,565.00,-6.91%,2.06,2.06,2.14,802,572,1.4,54.46%,59.62%,-0.111254,"15:19 ET"
MU,1055.67,2026-10-02,4,Put,"1,020.00",-3.20%,25.05,25.26,25.2,1019,728,1.4,61.08%,93.60%,-0.344172,"15:19 ET"
IREN,42.09,2027-04-16,200,Put,35.00,-17.02%,5.65,5.85,6.05,1151,821,1.4,80.04%,83.48%,-0.261937,"15:11 ET"
SNDK,1708.97,2026-10-02,4,Put,"1,650.00",-3.48%,29.7,30.37,30.3,1175,837,1.4,70.82%,78.11%,-0.31714,"15:21 ET"
INTC,115.93,2026-10-09,11,Put,115.00,-0.49%,4.7,4.73,4.8,2419,1733,1.4,67.11%,64.05%,-0.455258,"15:15 ET"
ORCL,132.85,2026-10-02,4,Put,128.00,-3.86%,1.08,1.1,1.13,2528,1805,1.4,51.39%,53.56%,-0.243727,"15:23 ET"
RIVN,14.84,2026-10-02,4,Put,14.50,-2.29%,0.23,0.23,0.24,5311,3786,1.4,59.27%,62.88%,-0.346155,"15:20 ET"
NFLX,69,2026-10-09,11,Put,66.00,-4.56%,0.4,0.41,0.42,513,368,1.39,37.24%,31.54%,-0.191696,"15:18 ET"
NBIS,233.01,2026-10-09,11,Call,245.00,-4.73%,7.95,8.19,8.45,524,378,1.39,83.32%,79.89%,0.389181,"15:19 ET"
AMD,607.46,2026-10-09,11,Put,600.00,-1.14%,16.95,17.1,17.25,582,418,1.39,54.46%,50.84%,-0.416797,"15:19 ET"
UEC,9.23,2026-10-02,4,Call,9.50,-3.26%,0.24,0.25,0.27,790,570,1.39,68.74%,97.06%,0.403296,"15:15 ET"
NVDA,229.83,2026-10-05,7,Put,217.50,-5.41%,0.56,0.57,0.58,801,578,1.39,34.82%,33.17%,-0.109761,"15:23 ET"
CCL,22.32,2026-10-09,11,Call,24.00,-7.58%,0.34,0.38,0.41,806,581,1.39,49.69%,61.83%,0.269775,"15:11 ET"
AFRM,68.25,2026-10-02,4,Call,75.00,-10.21%,0.1,0.18,0.19,812,583,1.39,58.76%,61.70%,0.075315,"14:47 ET"
TSLA,358.19,2026-10-16,18,Call,490.00,-37.04%,0.2,0.23,0.22,1069,769,1.39,42.19%,61.02%,0.012934,"15:01 ET"
NOK,10.13,2026-10-23,25,Put,10.00,-1.28%,0.6,0.61,0.61,1428,1027,1.39,58.52%,64.25%,-0.433559,"15:12 ET"
ORCL,132.85,2026-10-02,4,Call,142.00,-6.65%,0.76,0.79,0.81,1436,1035,1.39,51.39%,64.17%,0.169715,"15:22 ET"
SOUN,5.91,2026-10-02,4,Call,6.00,-1.35%,0.12,0.13,0.13,2276,1637,1.39,66.61%,65.51%,0.433455,"15:22 ET"
BE,265.34,2026-10-02,4,Call,275.00,-3.44%,5.4,5.4,5.75,2538,1824,1.39,80.39%,84.63%,0.363846,"15:20 ET"
PURR,12.27,2028-01-21,480,Call,27.00,-120.05%,2.8,2.9,3.4,4109,2959,1.39,103.23%,102.79%,0.488018,"11:21 ET"
DC,6.22,2027-01-15,109,Call,10.00,-61.29%,0.15,0.2,0.25,500,362,1.38,66.51%,74.26%,0.175034,"09:30 ET"
META,717.67,2026-10-02,4,Put,672.50,-6.44%,1.53,1.72,1.63,520,378,1.38,41.38%,48.75%,-0.090808,"15:15 ET"
HOOD,116.62,2027-09-17,354,Call,160.00,-37.03%,18.3,18.45,18.9,572,416,1.38,62.93%,65.28%,0.458445,"14:37 ET"
MSTR,158.54,2026-10-02,4,Put,148.00,-6.74%,1.14,1.2,1.19,710,516,1.38,67.76%,73.08%,-0.172724,"15:20 ET"
NFLX,69,2026-10-16,18,Call,71.00,-2.68%,1.24,1.25,1.27,978,711,1.38,37.24%,32.84%,0.374797,"15:19 ET"
DFTX,38.81,2026-10-16,18,Put,35.00,-9.75%,0.35,0.5,0.5,1118,809,1.38,66.77%,53.44%,-0.164267,"15:03 ET"
NCLH,14.47,2026-10-02,4,Put,14.00,-3.05%,0.22,0.25,0.26,1311,947,1.38,56.16%,74.17%,-0.316392,"15:19 ET"
MRVL,251.6,2026-10-02,4,Call,270.00,-7.29%,1.87,1.9,1.97,2652,1924,1.38,65.72%,72.57%,0.189164,"15:18 ET"
FSLY,25.22,2026-11-20,53,Call,30.00,-19.43%,2.35,2.41,2.5,3028,2188,1.38,99.22%,106.23%,0.411032,"15:19 ET"
IONQ,45.84,2026-10-02,4,Call,50.00,-8.53%,0.41,0.42,0.48,4001,2902,1.38,76.73%,91.68%,0.191898,"15:16 ET"
CRM,228.22,2026-10-02,4,Put,227.50,-0.63%,3.75,3.75,4.05,501,365,1.37,39.88%,45.92%,-0.455192,"15:15 ET"
NFLX,69,2026-10-02,4,Call,67.00,+3.11%,2.31,2.35,2.38,525,382,1.37,37.24%,34.23%,0.808146,"15:19 ET"
MU,1055.67,2026-10-02,4,Put,965.00,-8.42%,8.95,9.2,9.05,624,456,1.37,61.08%,91.41%,-0.161604,"15:14 ET"
HOOD,116.62,2026-10-02,4,Put,117.00,+0.21%,3.55,3.47,3.65,1185,862,1.37,62.93%,71.25%,-0.496573,"14:52 ET"
ASTS,61.58,2026-10-02,4,Call,68.00,-9.66%,0.45,0.5,0.51,1387,1014,1.37,78.61%,89.77%,0.163187,"15:10 ET"
CRWD,259.58,2026-10-02,4,Put,240.00,-7.36%,1,1.04,1.06,1501,1098,1.37,56.12%,64.74%,-0.116351,"15:14 ET"
APLD,24.67,2026-10-02,4,Call,28.00,-13.09%,0.09,0.1,0.1,1894,1381,1.37,91.33%,87.83%,0.093067,"15:07 ET"
CRWD,259.58,2026-10-02,4,Put,245.00,-5.43%,1.75,1.82,1.86,1955,1422,1.37,56.12%,63.98%,-0.184334,"15:07 ET"
MS,193.57,2026-10-16,18,Call,210.00,-8.51%,1.2,1.29,1.38,2643,1924,1.37,34.10%,36.00%,0.163367,"15:13 ET"
NVDA,229.83,2026-09-30,2,Call,227.50,+1.06%,3.65,3.7,3.75,8687,6340,1.37,34.82%,35.41%,0.652953,"15:23 ET"
NFLX,69,2026-10-02,4,Put,70.00,+1.23%,1.49,1.51,1.53,7937,5838,1.36,37.24%,33.72%,-0.641077,"15:19 ET"
SNOW,332.14,2028-12-15,809,Call,550.00,-65.14%,64.9,65.76,66.5,564,416,1.36,49.27%,55.58%,0.474158,"15:23 ET"
MU,1055.67,2026-10-16,18,Put,"1,060.00",+0.59%,61.55,61.9,61.7,569,417,1.36,61.08%,64.35%,-0.479538,"15:19 ET"
MSFT,510.16,2026-09-30,2,Put,480.00,-5.96%,0.08,0.11,0.11,668,491,1.36,29.81%,39.43%,-0.017482,"15:13 ET"
SOFI,15.93,2026-10-30,32,Call,15.00,+5.72%,1.4,1.5,1.59,690,506,1.36,50.04%,51.02%,0.688914,"15:15 ET"
AMZN,246.07,2027-04-16,200,Put,205.00,-16.63%,7.1,7.1,7.6,1029,759,1.36,34.16%,35.62%,-0.184048,"13:36 ET"
INTC,115.93,2026-10-16,18,Put,121.00,+4.70%,9.4,9.85,9.65,1062,781,1.36,67.11%,63.14%,-0.596876,"14:47 ET"
MSFT,510.16,2026-09-28,0,Put,515.00,+0.90%,4.7,4.8,5.4,1066,781,1.36,29.81%,15.59%,-0.87716,"15:19 ET"
AMD,607.46,2026-09-30,2,Call,660.00,-8.74%,0.35,0.36,0.4,1093,805,1.36,54.46%,60.15%,0.035451,"15:13 ET"
GOOG,338.61,2026-10-02,4,Call,347.50,-2.58%,1.66,1.72,1.7,1289,947,1.36,32.83%,34.09%,0.240207,"15:17 ET"
ORCL,132.85,2026-10-02,4,Call,137.00,-2.90%,1.63,1.72,1.7,1613,1188,1.36,51.39%,59.10%,0.321522,"15:22 ET"
NFLX,69,2026-10-02,4,Put,67.00,-3.11%,0.23,0.24,0.25,1957,1443,1.36,37.24%,32.84%,-0.182728,"15:19 ET"
MU,1055.67,2026-10-02,4,Put,"1,000.00",-5.10%,17.8,17.86,17.95,3485,2559,1.36,61.08%,92.56%,-0.271254,"15:19 ET"
SOLS,57.3,2026-11-20,53,Call,65.00,-13.96%,1.7,1.71,1.85,4256,3135,1.36,46.91%,49.36%,0.28917,"15:09 ET"
BABA,109.3,2026-10-09,11,Call,110.00,-0.69%,2.56,2.56,2.64,610,453,1.35,39.39%,38.55%,0.476259,"15:12 ET"
MU,1055.67,2026-10-02,4,Put,985.00,-6.52%,13.4,13.7,13.55,624,463,1.35,61.08%,91.84%,-0.220568,"15:13 ET"
ZETA,29.1,2026-10-02,4,Call,30.00,-2.92%,0.45,0.46,0.51,693,515,1.35,66.86%,68.69%,0.353082,"15:23 ET"
PFE,28.8,2026-10-02,4,Put,29.00,+0.66%,0.4,0.42,0.44,734,544,1.35,24.69%,24.59%,-0.611564,"15:22 ET"
ADBE,230.47,2026-10-02,4,Put,222.50,-3.37%,1.37,1.42,1.54,795,588,1.35,40.41%,45.89%,-0.222939,"14:43 ET"
AMZN,246.07,2027-09-17,354,Put,215.00,-12.57%,15,15.35,15.6,807,598,1.35,34.16%,34.88%,-0.255815,"14:39 ET"
MSTR,158.54,2026-10-02,4,Call,155.00,+2.33%,6.85,7.35,7,1469,1089,1.35,67.76%,74.98%,0.630519,"15:03 ET"
AMZN,246.07,2027-04-16,200,Put,200.00,-18.67%,6.05,6.15,6.4,1749,1291,1.35,34.16%,35.81%,-0.160751,"14:52 ET"
INTC,115.93,2026-10-16,18,Call,130.00,-12.49%,2.24,2.3,2.28,59178,43683,1.35,67.11%,66.73%,0.24036,"15:18 ET"
NVDA,229.83,2026-10-02,4,Call,232.50,-1.11%,2.17,2.18,2.19,60973,45334,1.34,34.82%,34.72%,0.381816,"15:24 ET"
WMT,108.83,2026-10-09,11,Put,105.00,-3.48%,0.43,0.45,0.48,576,429,1.34,26.72%,23.82%,-0.182308,"15:20 ET"
MSTR,158.54,2026-10-02,4,Put,146.00,-8.00%,0.82,0.82,0.89,729,543,1.34,67.76%,73.91%,-0.133601,"15:16 ET"
BE,265.34,2026-10-09,11,Put,250.00,-5.96%,6.65,6.6,7.25,769,573,1.34,80.39%,75.06%,-0.296549,"14:54 ET"
NCLH,14.47,2026-11-20,53,Put,14.00,-3.05%,0.95,0.96,1,1022,764,1.34,56.16%,57.12%,-0.388035,"15:20 ET"
PSKY,10.22,2026-10-02,4,Call,10.00,+2.25%,0.38,0.4,0.43,1073,801,1.34,60.46%,67.16%,0.633244,"14:43 ET"
INTC,115.93,2026-10-02,4,Call,124.00,-7.29%,0.96,1.03,0.99,1712,1273,1.34,67.11%,75.17%,0.199313,"15:18 ET"
T,24.92,2026-10-02,4,Put,25.50,+2.20%,0.62,0.69,0.71,2445,1829,1.34,27.31%,27.61%,-0.780923,"15:17 ET"
AGNC,9.49,2027-03-19,172,Call,10.00,-5.04%,0.25,0.26,0.26,2718,2026,1.34,26.59%,18.02%,0.345512,"15:18 ET"
SPCX,146.15,2026-10-02,4,Call,146.00,+0.44%,3.35,3.37,3.4,3331,2478,1.34,48.61%,52.47%,0.527948,"15:23 ET"
DHR,227.23,2027-01-15,109,Put,220.00,-3.13%,11.7,12.2,12.3,501,378,1.33,34.30%,33.40%,-0.37776,"15:02 ET"
RIVN,14.84,2026-10-30,32,Call,16.50,-11.19%,0.49,0.51,0.57,536,403,1.33,59.27%,62.79%,0.323895,"15:22 ET"
META,717.67,2026-10-02,4,Call,732.50,-1.91%,8.55,8.7,8.95,1445,1083,1.33,41.38%,47.87%,0.364838,"15:16 ET"
WIX,70.17,2026-12-18,81,Call,92.50,-31.54%,3.5,3.75,4.4,2000,1501,1.33,75.32%,77.76%,0.292178,"13:43 ET"
AMZN,246.07,2026-09-30,2,Put,247.50,+0.65%,2.97,3.04,3.15,2427,1818,1.33,34.16%,31.84%,-0.587962,"15:20 ET"
BE,265.34,2026-10-02,4,Call,285.00,-7.20%,2.86,3.1,3.1,2978,2240,1.33,80.39%,84.99%,0.227277,"15:19 ET"
IREN,42.09,2026-10-02,4,Call,48.00,-13.80%,0.17,0.17,0.18,4085,3061,1.33,80.04%,91.99%,0.095609,"15:18 ET"
WDAY,188.35,2026-10-23,25,Call,200.00,-5.86%,5.2,6.4,6,537,407,1.32,51.70%,50.51%,0.356292,"11:49 ET"
NFLX,69,2027-06-17,262,Put,40.00,-42.15%,0.4,0.44,0.46,550,418,1.32,37.24%,42.44%,-0.037815,"13:37 ET"
CRWV,85.91,2026-10-09,11,Call,85.00,+1.22%,4.65,5,4.85,616,468,1.32,76.40%,72.07%,0.560197,"15:06 ET"
CRWV,85.91,2026-10-02,4,Call,93.00,-8.08%,0.74,0.78,0.77,1268,960,1.32,76.40%,82.93%,0.191245,"15:14 ET"
INTC,115.93,2026-10-02,4,Put,118.00,+2.10%,4.65,5.08,4.8,1388,1048,1.32,67.11%,70.43%,-0.592701,"15:08 ET"
NBIS,233.01,2026-10-02,4,Call,230.00,+1.68%,9.9,9.92,10.05,1413,1067,1.32,83.32%,85.68%,0.57873,"15:20 ET"
CVNA,60.8,2026-10-16,18,Put,62.00,+2.11%,3.8,3.9,4.2,1504,1137,1.32,68.40%,63.43%,-0.521349,"11:16 ET"
MSFT,510.16,2026-10-02,4,Call,512.50,-0.41%,5.4,5.5,5.65,1587,1201,1.32,29.81%,30.65%,0.454205,"15:20 ET"
TSLA,358.19,2026-10-09,11,Call,365.00,-2.08%,7.55,7.6,7.65,1777,1342,1.32,42.19%,41.73%,0.419261,"15:20 ET"
AAL,13.57,2026-10-09,11,Put,13.00,-4.13%,0.25,0.27,0.29,1798,1358,1.32,50.42%,54.86%,-0.309331,"14:44 ET"
INTC,115.93,2026-10-02,4,Put,100.00,-13.47%,0.13,0.14,0.15,2403,1824,1.32,67.11%,78.98%,-0.035769,"15:16 ET"
GOOG,338.61,2026-10-09,11,Call,350.00,-3.32%,3,3.08,3.15,3240,2456,1.32,32.83%,30.76%,0.281631,"15:18 ET"
INTC,115.93,2026-10-09,11,Call,125.00,-8.16%,2.09,2.12,2.14,4223,3194,1.32,67.11%,66.78%,0.272453,"15:12 ET"
RKLB,72.68,2026-10-09,11,Call,80.00,-9.66%,1.28,1.31,1.31,4367,3304,1.32,74.07%,73.54%,0.249163,"15:24 ET"
U,39.9,2026-10-02,4,Call,43.50,-9.49%,0.1,0.15,0.2,586,449,1.31,63.54%,66.61%,0.114086,"13:47 ET"
ADBE,230.47,2026-10-02,4,Put,217.50,-5.55%,0.6,0.66,0.76,714,544,1.31,40.41%,47.86%,-0.11765,"14:04 ET"
MSFT,510.16,2026-10-02,4,Call,507.50,+0.57%,7.85,7.98,8.25,1005,769,1.31,29.81%,30.72%,0.57541,"15:18 ET"
TSLA,358.19,2026-10-02,4,Call,380.00,-6.28%,1.23,1.25,1.26,11365,8705,1.31,42.19%,49.52%,0.135522,"15:23 ET"
AMZN,246.07,2026-11-20,53,Call,305.00,-24.03%,1.31,1.34,1.39,18329,13964,1.31,34.16%,38.20%,0.086695,"15:10 ET"
RIVN,14.84,2026-10-02,4,Call,15.50,-4.45%,0.16,0.16,0.17,7233,5572,1.3,59.27%,64.78%,0.275394,"15:19 ET"
AAPL,338.49,2026-10-02,4,Call,345.00,-1.76%,1.13,1.2,1.2,13731,10598,1.3,24.22%,24.28%,0.234432,"15:20 ET"
IBRX,8.68,2026-10-09,11,Call,10.00,-13.64%,0.15,0.17,0.25,539,416,1.3,95.92%,98.87%,0.244443,"15:12 ET"
DHT,21.86,2026-10-16,18,Put,24.00,+10.04%,2.2,2.35,2.7,561,431,1.3,55.90%,40.59%,-0.852226,"12:16 ET"
GOOGL,341.86,2026-10-02,4,Put,332.50,-2.79%,1.41,1.44,1.52,701,538,1.3,33.32%,33.96%,-0.209559,"15:18 ET"
MARA,12.27,2026-10-09,11,Put,12.50,+1.46%,0.78,0.78,0.81,707,545,1.3,81.77%,79.94%,-0.521384,"15:17 ET"
TEM,84.76,2026-10-02,4,Call,83.00,+1.07%,3.85,4.48,4.3,718,551,1.3,81.65%,86.96%,0.61451,"14:55 ET"
SMCI,42.12,2026-10-02,4,Put,41.50,-1.47%,1.07,1.1,1.1,1069,820,1.3,76.55%,79.41%,-0.409605,"15:21 ET"
TSLA,358.19,2026-10-02,4,Put,385.00,+7.67%,26.9,27.53,28.15,1131,870,1.3,42.19%,52.63%,-0.900185,"15:23 ET"
UBER,68.17,2026-10-02,4,Call,69.00,-1.26%,0.71,0.71,0.72,2689,2072,1.3,36.88%,37.84%,0.386199,"15:22 ET"
JBLU,4.26,2026-10-16,18,Call,4.50,-5.63%,0.14,0.18,0.17,3314,2549,1.3,68.17%,66.16%,0.38415,"14:40 ET"
TSLA,358.19,2026-10-09,11,Call,400.00,-11.87%,1.14,1.16,1.16,5493,4241,1.3,42.19%,45.54%,0.09032,"15:24 ET"
C,131.99,2026-10-09,11,Put,125.00,-5.30%,0.52,0.54,0.61,559,435,1.29,33.07%,30.74%,-0.151126,"14:55 ET"
FSLR,172.78,2027-01-15,109,Call,190.00,-9.73%,14.4,15,15.35,583,453,1.29,54.93%,55.24%,0.449408,"11:23 ET"
TSM,453.49,2026-10-02,4,Call,485.00,-6.98%,0.27,0.29,0.3,610,472,1.29,34.68%,36.42%,0.041194,"15:19 ET"
GOOGL,341.86,2026-10-02,4,Put,322.50,-5.72%,0.29,0.31,0.34,636,493,1.29,33.32%,35.82%,-0.056763,"15:13 ET"
ADBE,230.47,2027-03-19,172,Call,290.00,-25.94%,10.8,11.27,11.45,1011,784,1.29,40.41%,44.14%,0.293734,"12:58 ET"
SMCI,42.12,2026-10-02,4,Put,40.50,-3.85%,0.69,0.72,0.72,1035,804,1.29,76.55%,79.77%,-0.301468,"15:13 ET"
NBIS,233.01,2026-10-02,4,Call,265.00,-13.28%,0.98,1.12,1.01,1208,935,1.29,83.32%,91.26%,0.098408,"15:12 ET"
SMCI,42.12,2026-10-02,4,Call,41.50,+1.47%,1.73,1.77,1.78,1242,961,1.29,76.55%,80.47%,0.58997,"15:22 ET"
INTC,115.93,2026-10-02,4,Call,127.00,-9.89%,0.59,0.61,0.61,1382,1075,1.29,67.11%,77.17%,0.132215,"15:14 ET"
QURE,39.08,2026-10-16,18,Call,57.50,-49.00%,1.4,1.52,1.7,1531,1189,1.29,146.50%,174.87%,0.213658,"15:23 ET"
CLOV,4.3,2026-10-02,4,Call,4.50,-4.65%,0.08,0.1,0.11,1712,1323,1.29,72.62%,97.26%,0.343496,"14:28 ET"
EOSE,3.1,2026-10-09,11,Call,3.50,-12.90%,0.09,0.1,0.1,3038,2351,1.29,102.90%,107.65%,0.288282,"15:15 ET"
AMZN,246.07,2026-09-28,0,Call,242.50,+1.38%,3.3,3.55,3.65,563,439,1.28,34.16%,12.04%,0.991219,"15:16 ET"
CVNA,60.8,2026-10-02,4,Call,64.00,-5.40%,0.61,0.62,0.75,1029,805,1.28,68.40%,70.51%,0.25998,"15:09 ET"
CVS,88.31,2026-11-20,53,Call,90.00,-1.89%,3.9,4.05,4.1,1038,808,1.28,35.39%,35.07%,0.473141,"15:07 ET"
TSLA,358.19,2026-10-30,32,Call,420.00,-17.46%,3.5,3.54,3.6,1054,824,1.28,42.19%,46.91%,0.146968,"15:20 ET"
LUNR,15.3,2026-10-02,4,Call,16.50,-7.21%,0.19,0.23,0.26,1244,975,1.28,88.38%,99.40%,0.249557,"15:18 ET"
NVDA,229.83,2026-10-09,11,Call,242.50,-5.46%,1.07,1.11,1.1,1313,1022,1.28,34.82%,30.98%,0.168678,"15:19 ET"
OXY,56.13,2026-10-16,18,Call,58.00,-3.26%,0.96,0.98,1,1420,1107,1.28,35.27%,34.37%,0.352903,"15:24 ET"
GOOG,338.61,2026-10-02,4,Call,342.50,-1.11%,3.05,3.06,3.15,1587,1236,1.28,32.83%,33.64%,0.380582,"15:19 ET"
MSTR,158.54,2026-10-09,11,Call,165.00,-3.97%,4.95,5.02,5.05,5256,4118,1.28,67.76%,69.08%,0.396334,"15:17 ET"
SPCX,146.15,2026-10-02,4,Call,157.50,-7.41%,0.43,0.44,0.44,9593,7515,1.28,48.61%,55.59%,0.108666,"15:24 ET"
AMZN,246.07,2026-11-20,53,Call,260.00,-5.73%,8.8,8.9,8.95,18990,15010,1.27,34.16%,37.12%,0.39097,"15:19 ET"
ABNB,156.89,2026-10-02,4,Call,160.00,-1.77%,1.43,1.5,1.63,577,453,1.27,39.48%,41.66%,0.342846,"15:15 ET"
LUNR,15.3,2027-03-19,172,Call,25.00,-62.44%,1.65,1.74,1.81,732,577,1.27,88.38%,96.27%,0.350546,"11:16 ET"
CM,112.04,2026-10-16,18,Call,115.00,-2.62%,0.95,1.05,1.25,757,595,1.27,22.86%,22.55%,0.312401,"15:18 ET"
ET,20.14,2026-10-23,25,Call,21.00,-4.43%,0.07,0.12,0.12,1196,943,1.27,20.37%,18.14%,0.185784,"14:00 ET"
AVGO,349.74,2026-10-02,4,Put,335.00,-4.38%,0.92,0.91,0.98,2384,1872,1.27,36.20%,38.24%,-0.132479,"15:16 ET"
BAC,55.41,2026-10-02,4,Call,56.00,-0.88%,0.44,0.44,0.46,3345,2640,1.27,28.63%,29.60%,0.381859,"15:19 ET"
MSTR,158.54,2026-10-02,4,Put,141.00,-11.15%,0.36,0.37,0.4,542,429,1.26,67.76%,76.71%,-0.066031,"15:16 ET"
AFRM,68.25,2026-10-02,4,Put,67.00,-1.54%,1.13,1.21,1.27,645,510,1.26,58.76%,61.55%,-0.378738,"15:11 ET"
LRCX,315.2,2026-10-02,4,Put,265.00,-15.77%,0.1,0.15,0.19,658,523,1.26,62.18%,78.05%,-0.015405,"15:03 ET"
RKLB,72.68,2026-11-20,53,Put,70.00,-4.04%,6.65,6.7,6.85,666,528,1.26,74.07%,75.92%,-0.385539,"15:17 ET"
IBM,221.14,2026-10-02,4,Call,225.00,-1.79%,1.79,1.76,1.94,716,570,1.26,38.45%,36.81%,0.33699,"15:19 ET"
INTC,115.93,2026-10-16,18,Put,94.00,-18.66%,0.52,0.56,0.55,747,593,1.26,67.11%,66.14%,-0.067561,"14:46 ET"
CCL,22.32,2026-10-16,18,Call,22.50,-0.85%,0.99,1.01,1.04,869,687,1.26,49.69%,54.95%,0.501616,"15:18 ET"
QBTS,17.02,2026-10-02,4,Put,16.50,-3.23%,0.3,0.31,0.32,1263,1005,1.26,75.66%,75.57%,-0.333954,"15:20 ET"
APH,85.31,2026-11-20,53,Call,95.00,-11.69%,2.5,2.75,2.8,3699,2940,1.26,44.42%,46.41%,0.302933,"14:59 ET"
ONDS,7.72,2026-10-02,4,Call,8.00,-3.63%,0.11,0.12,0.13,13292,10553,1.26,75.45%,70.94%,0.330872,"15:23 ET"
SPCX,146.15,2026-10-02,4,Put,148.00,+0.93%,4.1,4.2,4.15,6753,5410,1.25,48.61%,52.49%,-0.571201,"15:20 ET"
META,717.67,2026-09-30,2,Call,800.00,-11.30%,0.14,0.12,0.15,6891,5496,1.25,41.38%,63.74%,0.012485,"15:20 ET"
AAPL,338.49,2026-10-02,4,Call,350.00,-3.24%,0.39,0.4,0.41,9858,7905,1.25,24.22%,24.35%,0.099105,"15:20 ET"
SNDK,1708.97,2026-10-02,4,Call,"1,780.00",-4.13%,30.2,30.16,30.9,635,510,1.25,70.82%,81.21%,0.33331,"15:14 ET"
MU,1055.67,2026-10-02,4,Put,"1,025.00",-2.73%,27.15,27.41,27.3,681,545,1.25,61.08%,93.96%,-0.363097,"15:19 ET"
NFLX,69,2026-10-23,25,Put,69.00,-0.22%,3.15,3.2,3.25,690,553,1.25,37.24%,45.92%,-0.466958,"15:19 ET"
BMNR,27.07,2026-10-02,4,Call,30.50,-12.13%,0.15,0.18,0.19,778,620,1.25,75.53%,96.30%,0.129823,"15:14 ET"
META,717.67,2026-10-02,4,Call,735.00,-2.25%,7.75,7.95,8.2,870,697,1.25,41.38%,48.08%,0.340356,"15:17 ET"
IREN,42.09,2026-10-02,4,Call,46.50,-10.24%,0.29,0.3,0.32,1030,821,1.25,80.04%,88.92%,0.155208,"15:18 ET"
PCG,12.02,2026-10-02,4,Call,12.00,+0.08%,0.17,0.18,0.21,1160,929,1.25,42.53%,36.31%,0.521332,"15:11 ET"
QBTS,17.02,2026-10-02,4,Call,17.50,-2.64%,0.35,0.35,0.36,1830,1462,1.25,75.66%,78.27%,0.381908,"15:24 ET"
NBIS,233.01,2026-10-02,4,Call,270.00,-15.42%,0.67,0.68,0.7,2337,1863,1.25,83.32%,92.35%,0.071108,"15:19 ET"
IBM,221.14,2026-10-16,18,Call,235.00,-6.31%,1.96,2,2.07,2867,2296,1.25,38.45%,33.55%,0.220553,"15:15 ET"
SPCX,146.15,2026-10-02,4,Call,145.00,+1.12%,3.85,3.9,3.9,2887,2317,1.25,48.61%,51.95%,0.577951,"15:24 ET"
CRWD,259.58,2026-10-02,4,Put,250.00,-3.50%,2.95,3.05,3.15,4037,3233,1.25,56.12%,63.99%,-0.275229,"15:16 ET"
INTC,115.93,2026-11-20,53,Put,115.00,-0.49%,11.35,11.4,11.5,4327,3463,1.25,67.11%,68.77%,-0.433591,"15:15 ET"
TLN,305.33,2027-01-15,109,Call,440.00,-43.96%,3.4,6,6.9,500,403,1.24,55.84%,51.61%,0.133451,"10:09 ET"
SLS,11.61,2026-10-02,4,Put,11.00,-5.17%,0.25,0.28,0.35,506,407,1.24,177.61%,117.78%,-0.306449,"15:06 ET"
MRVL,251.6,2026-10-30,32,Put,215.00,-14.56%,4.7,4.9,5.1,516,416,1.24,65.72%,64.29%,-0.173881,"15:18 ET"
MRVL,251.6,2026-10-09,11,Call,290.00,-15.24%,2.4,2.53,2.58,951,770,1.24,65.72%,74.82%,0.154527,"15:20 ET"
META,717.67,2026-10-30,32,Call,750.00,-4.34%,26.75,26.87,27.45,1340,1077,1.24,41.38%,46.09%,0.412818,"15:18 ET"
UBER,68.17,2026-10-02,4,Call,71.00,-4.20%,0.22,0.23,0.23,2054,1663,1.24,36.88%,38.33%,0.159352,"15:17 ET"
MRNA,198.45,2026-10-02,4,Call,200.00,-0.60%,6.65,6.9,6.9,2123,1709,1.24,89.01%,91.04%,0.484532,"15:18 ET"
RGTI,16.16,2026-10-02,4,Put,16.00,-1.23%,0.43,0.43,0.45,2376,1917,1.24,75.93%,76.64%,-0.436111,"15:23 ET"
AAPL,338.49,2026-10-02,4,Call,352.50,-3.97%,0.22,0.25,0.25,3467,2788,1.24,24.22%,24.81%,0.062263,"15:20 ET"
SPCX,146.15,2026-10-02,4,Put,143.00,-2.48%,1.77,1.77,1.78,3638,2942,1.24,48.61%,52.45%,-0.327349,"15:24 ET"
"Downloaded from Barchart.com as of 09-28-2026 02:58pm CDT"
