Symbol,Price~,"Exp Date",DTE,Type,Strike,Moneyness,Bid,Latest,Ask,Volume,"Open Int",Vol/OI,"Imp Vol",IV,Delta,Time
AAPL,332.27,2026-09-14,2,Put,330.00,-0.68%,1.11,1.21,1.21,36676,212,173,24.62%,21.71%,-0.32838,2026-09-11
MSTR,130.97,2026-09-18,6,Call,136.00,-3.84%,2.92,2.91,3.05,14450,139,103.96,70.24%,74.47%,0.366642,2026-09-11
LUMN,6.94,2026-10-09,27,Put,6.00,-13.54%,0.09,0.17,0.3,10839,124,87.41,62.79%,75.29%,-0.216195,2026-09-11
ONON,27.41,2026-09-25,13,Call,29.00,-5.80%,0.48,0.5,0.51,29461,351,83.93,41.20%,51.95%,0.303947,2026-09-11
SE,106.24,2026-12-18,97,Put,95.00,-10.58%,4.95,5.2,5.75,10001,122,81.98,44.00%,50.13%,-0.276095,2026-09-11
AAPL,332.27,2026-09-14,2,Call,342.50,-3.08%,0.1,0.1,0.12,15607,200,78.04,24.62%,23.98%,0.045567,2026-09-11
MU,975.26,2026-09-14,2,Call,975.00,+0.03%,12,12.11,12.3,6840,117,58.46,59.27%,41.41%,0.512126,2026-09-11
AAPL,332.27,2026-09-14,2,Put,327.50,-1.44%,0.51,0.51,0.59,15287,263,58.13,24.62%,22.13%,-0.18385,2026-09-11
TSLA,365.44,2026-09-14,2,Put,367.50,+0.56%,4.5,4.56,4.65,13189,235,56.12,39.74%,32.22%,-0.586129,2026-09-11
FIGR,34.87,2026-09-18,6,Put,33.00,-5.36%,0.4,0.56,0.85,8264,150,55.09,76.92%,78.80%,-0.273814,2026-09-11
NEE,82.31,2026-11-20,69,Put,75.00,-8.88%,0.78,0.83,0.84,7267,132,55.05,20.80%,23.96%,-0.168595,2026-09-11
META,648.03,2026-09-14,2,Put,660.00,+1.85%,13.65,14.05,14.45,5805,107,54.25,37.35%,33.39%,-0.765603,2026-09-11
KEEL,3.57,2026-10-09,27,Put,3.00,-15.97%,0.1,0.13,0.13,10162,188,54.05,98.87%,91.87%,-0.20308,2026-09-11
TSLA,365.44,2026-10-02,20,Put,200.00,-45.27%,0.09,0.1,0.15,10679,215,49.67,39.74%,102.34%,-0.004106,2026-09-11
ACMR,72,2026-09-18,6,Call,75.00,-4.17%,0.4,2,2.5,5292,110,48.11,72.23%,71.12%,0.346198,2026-09-11
TSLA,365.44,2026-09-14,2,Call,362.50,+0.80%,5.05,5.05,5.2,13796,287,48.07,39.74%,31.73%,0.642158,2026-09-11
LCID,4.22,2026-10-16,34,Put,8.00,+89.57%,3.6,3.7,4,5041,108,46.68,88.59%,119.81%,-0.948229,2026-09-11
INTC,102.94,2026-09-18,6,Call,113.00,-9.77%,0.63,0.63,0.66,7186,154,46.66,59.90%,66.46%,0.147848,2026-09-11
SBET,8.88,2028-12-15,825,Call,15.00,-68.92%,2.3,2.9,3.25,5570,121,46.03,79.92%,75.81%,0.576631,2026-09-11
GME,21.15,2026-10-30,48,Call,20.00,+5.44%,1.76,1.96,2.12,5979,135,44.29,43.85%,45.18%,0.654323,2026-09-11
TSLA,365.44,2026-09-14,2,Put,362.50,-0.80%,2.1,2.14,2.13,17372,400,43.43,39.74%,31.72%,-0.358274,2026-09-11
TSLA,365.44,2026-09-14,2,Call,372.50,-1.93%,1.12,1.13,1.15,11891,274,43.4,39.74%,33.04%,0.223027,2026-09-11
MRK,143.93,2027-03-19,188,Call,105.00,+27.05%,40.5,41.4,42.4,7325,169,43.34,27.71%,39.15%,0.892478,2026-09-11
INTC,102.94,2026-09-14,2,Put,102.00,-0.91%,1.09,1.12,1.14,4187,107,39.13,59.90%,51.10%,-0.395373,2026-09-11
INTC,102.94,2026-09-14,2,Call,104.00,-1.03%,1.04,1.06,1.08,7065,189,37.38,59.90%,49.91%,0.399659,2026-09-11
AAPL,332.27,2026-09-14,2,Call,337.50,-1.57%,0.46,0.48,0.48,23777,658,36.14,24.62%,21.50%,0.168002,2026-09-11
AAPL,332.27,2026-09-18,6,Put,332.50,+0.07%,4.35,4.46,4.5,5090,152,33.49,24.62%,25.82%,-0.496612,2026-09-11
GOOGL,338.5,2026-09-14,2,Put,340.00,+0.44%,2.84,2.99,3.15,4036,122,33.08,28.84%,21.93%,-0.601041,2026-09-11
NLY,21.9,2026-09-18,6,Put,21.50,-1.83%,0.09,0.11,0.13,5126,158,32.44,23.36%,22.74%,-0.275338,2026-09-11
AAPL,332.27,2026-09-18,6,Call,347.50,-4.58%,0.52,0.55,0.57,8262,258,32.02,24.62%,26.81%,0.101835,2026-09-11
CLSK,13.67,2026-09-25,13,Put,12.00,-12.22%,0.19,0.27,0.25,7337,238,30.83,79.26%,82.36%,-0.17786,2026-09-11
IE,10.4,2026-10-16,34,Call,12.50,-20.19%,0.55,0.55,0.6,24048,794,30.29,87.68%,98.64%,0.326722,2026-09-11
AMZN,256.78,2027-04-16,216,Put,220.00,-14.32%,9.9,10.31,10.3,6018,200,30.09,30.07%,35.58%,-0.220116,2026-09-11
META,648.03,2026-09-14,2,Call,665.00,-2.62%,1.21,1.32,1.38,3409,119,28.65,37.35%,33.74%,0.15495,2026-09-11
RIOT,21.47,2026-09-25,13,Call,23.00,-7.13%,0.63,0.72,0.71,11098,404,27.47,79.87%,76.79%,0.346904,2026-09-11
AI,10.54,2026-09-18,6,Call,10.50,+0.38%,0.32,0.34,0.35,40907,1517,26.97,57.23%,57.89%,0.538394,2026-09-11
BABA,109.3,2026-09-18,6,Put,106.00,-3.02%,0.73,0.77,0.77,2739,102,26.85,40.37%,35.92%,-0.245404,2026-09-11
OPEN,2.79,2026-09-18,6,Call,2.50,+10.39%,0.3,0.3,0.34,5226,196,26.66,66.39%,91.13%,0.842061,2026-09-11
KR,58.49,2026-09-18,6,Call,61.00,-4.29%,0.1,0.16,0.24,9407,355,26.5,27.29%,30.49%,0.146768,2026-09-11
LYFT,15.32,2026-12-18,97,Put,14.00,-8.62%,0.86,1.05,1.04,13068,507,25.78,44.49%,52.43%,-0.308958,2026-09-11
LYV,170.15,2026-12-18,97,Call,170.00,+0.09%,11.3,13.09,12.8,4136,165,25.07,29.04%,31.89%,0.559542,2026-09-11
MCHP,74.2,2026-09-18,6,Call,77.00,-3.77%,0.6,0.75,0.8,3969,160,24.81,46.17%,45.32%,0.272432,2026-09-11
DHT,22,2026-10-16,34,Call,24.00,-9.09%,0.5,0.53,0.65,15979,668,23.92,47.13%,49.89%,0.294332,2026-09-11
TSLA,365.44,2026-09-14,2,Call,377.50,-3.30%,0.44,0.45,0.46,10307,433,23.8,39.74%,34.17%,0.103221,2026-09-11
BAC,62.69,2027-02-19,160,Put,65.00,+3.68%,4.9,5,5.15,2404,105,22.9,25.62%,24.27%,-0.542464,2026-09-11
MRNA,143.97,2026-09-18,6,Call,157.50,-9.40%,1.34,1.45,1.5,5358,237,22.61,69.93%,75.80%,0.192243,2026-09-11
TSLA,365.44,2026-09-14,2,Call,367.50,-0.56%,2.56,2.6,2.6,25821,1172,22.03,39.74%,32.20%,0.414633,2026-09-11
MSTR,130.97,2026-09-18,6,Call,144.00,-9.95%,1.23,1.3,1.34,5366,245,21.9,70.24%,78.25%,0.186887,2026-09-11
MSTR,130.97,2026-09-18,6,Call,141.00,-7.66%,1.74,1.78,1.82,17061,789,21.62,70.24%,76.92%,0.244168,2026-09-11
NVDA,218.29,2026-09-14,2,Call,222.50,-1.93%,0.3,0.3,0.31,51851,2416,21.46,32.35%,24.47%,0.150078,2026-09-11
AAPL,332.27,2026-09-14,2,Call,335.00,-0.82%,0.98,1.02,1.05,61462,2911,21.11,24.62%,21.15%,0.307337,2026-09-11
AAPL,332.27,2026-09-14,2,Call,332.50,-0.07%,1.88,1.95,2.05,21143,1009,20.95,24.62%,20.88%,0.489884,2026-09-11
INTC,102.94,2026-09-14,2,Call,103.00,-0.06%,1.46,1.48,1.53,5041,242,20.83,59.90%,49.87%,0.502914,2026-09-11
INTC,102.94,2026-09-18,6,Call,112.00,-8.80%,0.74,0.77,0.78,2420,117,20.68,59.90%,65.71%,0.170249,2026-09-11
RIOT,21.47,2026-10-02,20,Put,19.00,-11.50%,0.42,0.6,0.62,4080,199,20.5,79.87%,76.39%,-0.216884,2026-09-11
SPCX,151.21,2028-01-21,496,Put,105.00,-30.56%,12.5,12.75,13.3,5060,249,20.32,50.92%,56.93%,-0.172088,2026-09-11
TSLA,365.44,2026-09-14,2,Put,365.00,-0.12%,3.15,3.24,3.25,30134,1497,20.13,39.74%,31.96%,-0.472265,2026-09-11
HPE,62.09,2026-09-18,6,Call,64.00,-3.08%,1.35,1.39,1.47,2314,115,20.12,63.20%,69.06%,0.384736,2026-09-11
SWKS,88.35,2026-09-18,6,Call,95.00,-7.53%,0.65,0.8,0.95,4751,237,20.05,55.93%,64.71%,0.202499,2026-09-11
HPE,62.09,2026-09-18,6,Call,62.00,+0.14%,2.15,2.15,2.35,3075,154,19.97,63.20%,69.08%,0.526117,2026-09-11
TSLA,365.44,2026-09-16,4,Put,362.50,-0.80%,4.5,4.55,4.6,2093,105,19.93,39.74%,39.21%,-0.410824,2026-09-11
TSLA,365.44,2026-09-14,2,Call,357.50,+2.17%,8.65,8.8,8.95,2071,104,19.91,39.74%,31.77%,0.830077,2026-09-11
AMD,516.13,2026-09-14,2,Call,512.50,+0.70%,8,8.3,8.5,1963,100,19.63,49.83%,40.87%,0.600652,2026-09-11
MU,975.26,2026-09-14,2,Put,910.00,-6.69%,0.41,0.44,0.5,2956,152,19.45,59.27%,50.91%,-0.031334,2026-09-11
META,648.03,2026-09-14,2,Call,660.00,-1.85%,2.07,2.05,2.19,6494,340,19.1,37.35%,33.04%,0.233023,2026-09-11
CRWV,88.99,2026-10-09,27,Put,71.00,-20.22%,0.94,0.99,1,2037,110,18.52,72.71%,72.87%,-0.10546,2026-09-11
NXT,82.89,2027-01-15,125,Call,105.00,-26.67%,6.2,6.45,6.8,2004,109,18.39,60.31%,67.70%,0.35734,2026-09-11
MU,975.26,2026-09-14,2,Put,970.00,-0.54%,9.45,9.41,9.9,3336,182,18.33,59.27%,42.47%,-0.423493,2026-09-11
STT,193.4,2026-09-18,6,Call,195.00,-0.83%,2.5,2.76,3,6549,364,17.99,33.57%,34.90%,0.438381,2026-09-11
AMZN,256.78,2026-09-14,2,Put,257.50,+0.28%,1.91,2.05,2.28,2817,158,17.83,30.07%,22.87%,-0.558885,2026-09-11
AMZN,256.78,2026-09-14,2,Call,257.50,-0.28%,1.3,1.34,1.46,12683,718,17.66,30.07%,22.30%,0.440651,2026-09-11
TSLA,365.44,2026-09-16,4,Call,367.50,-0.56%,5.1,5.15,5.2,2471,140,17.65,39.74%,39.60%,0.458071,2026-09-11
WYNN,87.7,2026-11-20,69,Call,105.00,-19.73%,0.81,1.11,1.64,2843,162,17.55,31.55%,38.60%,0.168156,2026-09-11
AAPL,332.27,2026-09-16,4,Put,312.50,-5.95%,0.18,0.21,0.2,1800,104,17.31,24.62%,33.88%,-0.039484,2026-09-11
KBH,49.16,2026-10-16,34,Call,55.00,-11.88%,0.5,0.62,0.65,2544,147,17.31,40.05%,38.73%,0.189781,2026-09-11
OSCR,32.77,2026-09-18,6,Call,36.00,-9.86%,0.38,0.4,0.4,10198,594,17.17,68.70%,83.68%,0.206941,2026-09-11
ONON,27.41,2026-11-20,69,Call,32.50,-18.57%,0.79,0.97,1,2370,139,17.05,41.20%,51.33%,0.267507,2026-09-11
MU,975.26,2026-09-14,2,Put,975.00,-0.03%,11.75,11.95,12.05,4604,271,16.99,59.27%,42.07%,-0.488342,2026-09-11
RIOT,21.47,2026-10-02,20,Call,26.00,-21.10%,0.35,0.38,0.43,3111,184,16.91,79.87%,82.31%,0.18753,2026-09-11
BE,275.75,2027-02-19,160,Call,290.00,-5.17%,58,59.1,60.35,2169,131,16.56,79.20%,87.29%,0.591328,2026-09-11
NNE,16.41,2026-10-16,34,Call,21.00,-27.97%,0.35,0.4,0.45,2532,153,16.55,78.85%,81.59%,0.197063,2026-09-11
SCHW,107.25,2026-09-18,6,Put,104.00,-3.03%,0.34,0.4,0.5,1948,119,16.37,26.76%,28.43%,-0.191491,2026-09-11
RIOT,21.47,2026-09-18,6,Put,20.50,-4.52%,0.39,0.42,0.46,9003,558,16.13,79.87%,76.87%,-0.30024,2026-09-11
FRO,49.21,2026-10-16,34,Call,55.00,-11.77%,0.4,0.53,0.55,4133,260,15.9,48.70%,37.83%,0.165927,2026-09-11
LBTYA,10.47,2027-10-15,398,Call,12.50,-19.39%,1.2,1.25,1.3,3918,250,15.67,39.77%,163.39%,0.322558,2026-09-11
GOOGL,338.5,2028-01-21,496,Call,410.00,-21.12%,38.5,39.1,39.25,3928,261,15.05,28.84%,36.44%,0.451726,2026-09-11
TSLA,365.44,2026-09-16,4,Call,372.50,-1.93%,3.25,3.25,3.35,1817,122,14.89,39.74%,39.91%,0.334448,2026-09-11
BAX,23.8,2026-10-16,34,Call,25.00,-5.04%,0.55,0.61,0.9,1843,124,14.86,39.56%,40.57%,0.37868,2026-09-11
SE,106.24,2026-12-18,97,Call,140.00,-31.78%,2.34,2.63,2.63,10012,674,14.85,44.00%,50.29%,0.185266,2026-09-11
META,648.03,2026-09-14,2,Call,675.00,-4.16%,0.46,0.48,0.49,2255,152,14.84,37.35%,35.76%,0.06419,2026-09-11
TSLA,365.44,2026-09-14,2,Call,365.00,+0.12%,3.65,3.69,3.75,32119,2174,14.77,39.74%,31.88%,0.528417,2026-09-11
AI,10.54,2026-09-18,6,Call,11.00,-4.36%,0.14,0.14,0.15,47550,3227,14.74,57.23%,58.54%,0.300213,2026-09-11
VSAT,74.31,2027-01-15,125,Call,110.00,-48.03%,4.2,4.4,4.5,2227,153,14.56,68.87%,76.28%,0.265629,2026-09-11
RKT,13.18,2026-10-09,27,Put,13.00,-1.37%,0.59,0.57,0.91,1657,114,14.54,53.07%,60.07%,-0.429043,2026-09-11
AMD,516.13,2026-09-14,2,Call,517.50,-0.27%,5.4,5.45,5.75,3127,216,14.48,49.83%,40.55%,0.473415,2026-09-11
MU,975.26,2026-09-14,2,Call,985.00,-1.00%,7.7,7.8,7.9,3603,249,14.47,59.27%,41.37%,0.381006,2026-09-11
NVDA,218.29,2026-09-14,2,Put,222.50,+1.93%,4.5,4.55,4.6,3890,269,14.46,32.35%,26.17%,-0.835184,2026-09-11
AMD,516.13,2026-09-14,2,Call,550.00,-6.56%,0.14,0.18,0.18,2015,140,14.39,49.83%,43.55%,0.025629,2026-09-11
AMZN,256.78,2026-09-14,2,Call,245.00,+4.59%,11.5,12.55,12.4,1602,112,14.3,30.07%,37.13%,0.958165,2026-09-11
UNH,379.09,2026-09-18,6,Call,385.00,-1.56%,2.28,2.47,2.57,2196,154,14.26,35.00%,24.51%,0.318917,2026-09-11
SEDG,34.68,2026-11-20,69,Call,45.00,-29.76%,2.1,2.35,2.49,3982,281,14.17,79.80%,88.49%,0.320393,2026-09-11
TSLA,365.44,2026-09-16,4,Call,382.50,-4.67%,1.23,1.24,1.26,1410,100,14.1,39.74%,41.44%,0.153636,2026-09-11
AAPL,332.27,2026-09-16,4,Call,337.50,-1.57%,1.38,1.5,1.58,5187,374,13.87,24.62%,24.67%,0.281631,2026-09-11
GOOGL,338.5,2026-09-16,4,Call,345.00,-1.92%,1.3,1.59,1.59,7808,587,13.3,28.84%,26.73%,0.256992,2026-09-11
MU,975.26,2026-09-14,2,Call,"1,045.00",-7.15%,0.31,0.32,0.36,3655,277,13.19,59.27%,47.46%,0.026029,2026-09-11
INVH,27.54,2026-10-16,34,Call,30.00,-8.93%,0.05,0.1,0.1,10872,824,13.19,21.71%,20.91%,0.093671,2026-09-11
BMNR,25.03,2026-09-18,6,Call,26.50,-5.87%,0.56,0.59,0.67,10082,767,13.14,79.62%,91.57%,0.336279,2026-09-11
LQDA,66.74,2026-09-18,6,Put,58.00,-13.10%,0.05,0.67,1.3,3101,236,13.14,87.54%,107.06%,-0.136699,2026-09-11
NVDA,218.29,2026-09-16,4,Call,232.50,-6.51%,0.1,0.12,0.12,3045,232,13.13,32.35%,33.17%,0.036823,2026-09-11
GOOGL,338.5,2026-09-14,2,Put,335.00,-1.03%,0.9,0.95,0.98,4622,352,13.13,28.84%,23.06%,-0.265294,2026-09-11
HDB,23.34,2026-09-18,6,Call,25.00,-7.11%,0.25,0.25,0.3,6189,472,13.11,36.97%,70.04%,0.234341,2026-09-11
MU,975.26,2026-09-14,2,Call,950.00,+2.59%,28.45,28.93,29.05,2005,153,13.1,59.27%,42.08%,0.806313,2026-09-11
HPE,62.09,2026-11-20,69,Call,80.00,-28.85%,1.86,1.95,2.04,3799,290,13.1,63.20%,63.64%,0.223669,2026-09-11
AAPL,332.27,2026-09-25,13,Put,330.00,-0.68%,4.8,4.85,5,2968,227,13.07,24.62%,24.55%,-0.424002,2026-09-11
GOOGL,338.5,2026-09-14,2,Call,345.00,-1.92%,0.37,0.39,0.39,14094,1078,13.07,28.84%,22.74%,0.133331,2026-09-11
NVDA,218.29,2026-09-16,4,Call,205.00,+6.09%,11.9,13.9,15.25,2113,162,13.04,32.35%,38.51%,0.943673,2026-09-11
CB,338.25,2026-10-16,34,Call,345.00,-2.00%,4.8,5.3,6.6,1447,113,12.81,19.83%,20.09%,0.399478,2026-09-11
TXN,268.7,2026-09-18,6,Call,272.50,-1.41%,2.05,4.13,4.75,2370,185,12.81,38.63%,36.49%,0.392893,2026-09-11
STNG,84.52,2026-10-16,34,Call,90.00,-6.48%,1.7,1.87,1.95,2441,192,12.71,36.56%,37.12%,0.313317,2026-09-11
NVDA,218.29,2026-09-14,2,Put,217.50,-0.36%,1.3,1.31,1.32,27183,2148,12.66,32.35%,26.27%,-0.419293,2026-09-11
MSTR,130.97,2028-12-15,825,Put,130.00,-0.74%,49.2,51.72,54.4,3607,286,12.61,70.24%,79.62%,-0.263251,2026-09-11
LUMN,6.94,2027-04-16,216,Call,5.00,+27.95%,2.41,2.7,2.94,1385,111,12.48,62.79%,100.92%,0.757173,2026-09-11
ENPH,36.35,2026-09-18,6,Call,37.00,-1.79%,0.88,0.96,1.1,3442,279,12.34,65.05%,68.26%,0.439597,2026-09-11
NVDA,218.29,2026-09-16,4,Put,217.50,-0.36%,2.52,2.55,2.54,5848,478,12.23,32.35%,32.30%,-0.447254,2026-09-11
TSLA,365.44,2026-09-14,2,Put,357.50,-2.17%,0.82,0.82,0.84,5617,461,12.18,39.74%,32.35%,-0.174398,2026-09-11
TSLA,365.44,2026-09-14,2,Put,372.50,+1.93%,8.05,8.05,8.2,1604,134,11.97,39.74%,32.96%,-0.779014,2026-09-11
KO,88.29,2026-09-18,6,Call,89.00,-0.80%,0.34,0.36,0.38,11273,944,11.94,18.24%,14.30%,0.338348,2026-09-11
AMZN,256.78,2026-09-16,4,Put,255.00,-0.69%,2,2.1,2.2,1876,158,11.87,30.07%,27.53%,-0.394588,2026-09-11
AMZN,256.78,2026-09-14,2,Call,247.50,+3.61%,9.05,10.15,9.9,4060,346,11.73,30.07%,31.73%,0.943789,2026-09-11
GTLB,46.99,2026-09-18,6,Call,52.50,-11.73%,0.05,0.19,0.2,2473,211,11.72,51.92%,59.44%,0.079429,2026-09-11
INTC,102.94,2026-09-18,6,Call,109.00,-5.89%,1.26,1.26,1.34,2493,213,11.7,59.90%,64.93%,0.261261,2026-09-11
NVDA,218.29,2026-09-14,2,Call,220.00,-0.78%,0.84,0.86,0.85,67044,5741,11.68,32.35%,23.78%,0.335511,2026-09-11
USB,62.84,2026-09-18,6,Put,61.00,-2.93%,0.16,0.2,0.21,1658,142,11.68,24.37%,24.81%,-0.170485,2026-09-11
AS,28.07,2026-10-16,34,Call,27.50,+2.03%,1.85,1.9,2,1574,135,11.66,46.39%,46.54%,0.594763,2026-09-11
TSLA,365.44,2026-09-14,2,Call,382.50,-4.67%,0.18,0.19,0.19,4537,391,11.6,39.74%,36.18%,0.046223,2026-09-11
ALLY,42.07,2026-09-18,6,Put,41.00,-2.54%,0.3,0.34,0.4,7780,671,11.59,28.73%,36.32%,-0.281132,2026-09-11
MU,975.26,2026-09-14,2,Put,915.00,-6.18%,0.54,0.52,0.63,1539,133,11.57,59.27%,49.81%,-0.039777,2026-09-11
COIN,175.26,2026-10-16,34,Put,85.00,-51.50%,0.06,0.11,0.14,3022,263,11.49,63.58%,99.27%,-0.005383,2026-09-11
AMZN,256.78,2026-09-16,4,Call,257.50,-0.28%,2.65,2.76,2.87,1619,141,11.48,30.07%,28.49%,0.473832,2026-09-11
META,648.03,2026-09-14,2,Call,657.50,-1.46%,2.63,2.67,2.8,1342,117,11.47,37.35%,32.79%,0.28158,2026-09-11
APLD,26.42,2026-09-18,6,Put,26.50,+0.30%,0.93,0.96,1.07,4320,377,11.46,87.56%,71.47%,-0.492829,2026-09-11
TSLA,365.44,2026-09-14,2,Put,360.00,-1.49%,1.33,1.34,1.35,26407,2310,11.43,39.74%,31.83%,-0.255932,2026-09-11
MSTR,130.97,2026-09-18,6,Call,142.00,-8.42%,1.53,1.75,1.65,14377,1266,11.36,70.24%,77.20%,0.223175,2026-09-11
STZ,122.45,2026-09-18,6,Put,124.00,+1.27%,2.3,2.25,3.1,1393,123,11.33,34.93%,28.98%,-0.624889,2026-09-11
NVO,43.07,2028-06-16,643,Call,65.00,-50.92%,3.55,3.8,4.4,2011,180,11.17,34.63%,47.63%,0.303801,2026-09-11
AMD,516.13,2026-09-14,2,Put,515.00,-0.22%,5.5,5.6,5.8,3015,272,11.08,49.83%,41.00%,-0.463041,2026-09-11
TRNS,84.31,2026-09-18,6,Call,90.00,-6.75%,0.15,0.3,0.3,1111,101,11,37.25%,40.23%,0.109543,2026-09-11
AAPL,332.27,2026-09-16,4,Put,315.00,-5.20%,0.22,0.24,0.26,6628,622,10.66,24.62%,31.73%,-0.051178,2026-09-11
FSLR,209.03,2027-03-19,188,Call,230.00,-10.03%,24.1,25.43,27.3,1500,142,10.56,49.85%,53.77%,0.499375,2026-09-11
APA,44.73,2027-03-19,188,Call,55.00,-22.96%,2.63,2.66,2.86,2009,192,10.46,43.49%,46.34%,0.33066,2026-09-11
META,648.03,2026-09-14,2,Call,652.50,-0.69%,4.15,4.3,4.4,2435,233,10.45,37.35%,32.34%,0.394485,2026-09-11
AAPL,332.27,2026-09-16,4,Call,342.50,-3.08%,0.52,0.61,0.7,2871,275,10.44,24.62%,25.75%,0.136093,2026-09-11
AAPL,332.27,2026-09-14,2,Call,340.00,-2.33%,0.2,0.2,0.24,26076,2511,10.38,24.62%,22.52%,0.086829,2026-09-11
MSTR,130.97,2026-09-18,6,Put,131.00,+0.02%,4.75,4.83,4.95,3453,336,10.28,70.24%,72.73%,-0.480335,2026-09-11
NVDA,218.29,2026-10-30,48,Call,230.00,-5.36%,5.95,6.2,6.3,1368,134,10.21,32.35%,32.92%,0.365869,2026-09-11
AAPL,332.27,2026-09-18,6,Call,342.50,-3.08%,1.1,1.14,1.21,6587,645,10.21,24.62%,26.11%,0.19129,2026-09-11
MU,975.26,2026-09-18,6,Call,975.00,+0.03%,26.15,26.5,26.65,4744,466,10.18,59.27%,52.12%,0.518412,2026-09-11
AMD,516.13,2027-03-19,188,Call,780.00,-51.12%,21.75,23.13,23.7,1532,151,10.15,49.83%,56.91%,0.224673,2026-09-11
RDW,10.62,2026-10-09,27,Put,11.00,+3.58%,1.05,1.06,1.25,1022,101,10.12,83.61%,82.32%,-0.514506,2026-09-11
AAL,13.01,2026-09-25,13,Put,12.50,-3.92%,0.23,0.24,0.24,24406,2417,10.1,46.30%,46.40%,-0.307326,2026-09-11
KBH,49.16,2026-10-16,34,Put,45.00,-8.46%,0.75,0.85,1.15,2680,266,10.08,40.05%,44.06%,-0.230784,2026-09-11
TSLA,365.44,2026-09-14,2,Call,370.00,-1.25%,1.72,1.72,1.75,32108,3187,10.07,39.74%,32.55%,0.310515,2026-09-11
NVDA,218.29,2026-09-16,4,Call,222.50,-1.93%,1.21,1.22,1.23,8347,831,10.04,32.35%,30.62%,0.284587,2026-09-11
SMCI,40.1,2026-09-18,6,Call,41.50,-3.49%,0.91,0.93,0.95,22759,2275,10,70.21%,72.88%,0.376673,2026-09-11
MU,975.26,2026-09-14,2,Put,950.00,-2.59%,3.5,3.6,3.7,3194,322,9.92,59.27%,43.54%,-0.201608,2026-09-11
AAPL,332.27,2026-09-14,2,Put,325.00,-2.19%,0.28,0.27,0.28,16981,1722,9.86,24.62%,23.72%,-0.100535,2026-09-11
PGY,19.97,2026-10-16,34,Call,20.00,-0.15%,1.15,1.55,1.6,1107,113,9.8,59.48%,55.87%,0.538525,2026-09-11
MU,975.26,2026-09-14,2,Put,965.00,-1.05%,7.5,7.55,7.8,1556,159,9.79,59.27%,42.45%,-0.360299,2026-09-11
HPE,62.09,2026-09-25,13,Put,55.00,-11.42%,0.55,0.6,0.67,1133,116,9.77,63.20%,65.33%,-0.146312,2026-09-11
TGT,155.83,2026-10-02,20,Call,160.00,-2.68%,2.61,2.65,2.79,1618,166,9.75,30.00%,30.25%,0.369444,2026-09-11
GOOGL,338.5,2026-09-16,4,Put,335.00,-1.03%,2.21,2.33,2.44,1577,162,9.73,28.84%,27.49%,-0.34953,2026-09-11
MSFT,495.63,2026-09-18,6,Call,512.50,-3.40%,1.01,1.28,1.35,2161,223,9.69,24.36%,24.39%,0.149213,2026-09-11
NVDA,218.29,2026-09-14,2,Put,212.50,-2.65%,0.23,0.24,0.24,8844,917,9.64,32.35%,29.20%,-0.103497,2026-09-11
BIDU,91.4,2026-09-25,13,Call,105.00,-14.88%,0,0.22,0.33,2070,215,9.63,41.53%,43.96%,0.053151,2026-09-11
HPE,62.09,2026-10-16,34,Call,80.00,-28.85%,0.61,0.61,0.7,1516,159,9.53,63.20%,64.27%,0.118756,2026-09-11
TSLA,365.44,2026-09-16,4,Put,357.50,-2.17%,2.72,2.76,2.77,1294,136,9.51,39.74%,39.27%,-0.286559,2026-09-11
SMR,8.61,2026-10-09,27,Call,11.00,-27.76%,0.15,0.17,0.17,1080,114,9.47,77.88%,83.33%,0.169595,2026-09-11
MSTR,130.97,2028-12-15,825,Put,90.00,-31.28%,27,28.32,29.75,4687,498,9.41,70.24%,81.67%,-0.167088,2026-09-11
MSFT,495.63,2026-09-14,2,Call,500.00,-0.88%,1.04,1.2,1.24,7978,850,9.39,24.36%,18.87%,0.270821,2026-09-11
FTAI,186.06,2026-10-16,34,Call,220.00,-18.24%,2.5,3.8,4.8,1006,108,9.31,57.50%,59.69%,0.207612,2026-09-11
SNDK,1633.35,2026-09-18,6,Call,"1,630.00",+0.21%,55.3,55.3,56.7,1192,128,9.31,68.48%,64.52%,0.529255,2026-09-11
AMZN,256.78,2026-09-14,2,Put,252.50,-1.67%,0.33,0.34,0.43,5066,544,9.31,30.07%,23.38%,-0.160996,2026-09-11
MSFT,495.63,2026-09-14,2,Call,502.50,-1.39%,0.55,0.57,0.75,1856,200,9.28,24.36%,19.30%,0.172258,2026-09-11
SLS,11.55,2026-09-18,6,Put,11.50,-0.43%,0.8,0.89,0.95,934,101,9.25,204.85%,153.05%,-0.452052,2026-09-11
INTC,102.94,2026-09-14,2,Call,106.00,-2.97%,0.45,0.46,0.5,2683,291,9.22,59.90%,49.98%,0.221006,2026-09-11
BSX,42.98,2026-09-25,13,Put,42.00,-2.28%,0.6,0.8,0.75,1007,110,9.15,37.14%,34.87%,-0.344581,2026-09-11
CLSK,13.67,2026-09-18,6,Call,15.50,-13.39%,0.08,0.1,0.13,3167,346,9.15,79.26%,86.56%,0.142017,2026-09-11
META,648.03,2026-09-14,2,Call,685.00,-5.70%,0.16,0.16,0.19,1453,159,9.14,37.35%,38.02%,0.025546,2026-09-11
TSLA,365.44,2026-09-14,2,Put,352.50,-3.54%,0.33,0.34,0.34,3138,344,9.12,39.74%,34.82%,-0.078001,2026-09-11
MSFT,495.63,2026-09-14,2,Call,507.50,-2.39%,0.15,0.17,0.18,1257,138,9.11,24.36%,19.69%,0.054208,2026-09-11
AMZN,256.78,2026-09-14,2,Call,262.50,-2.23%,0.23,0.25,0.26,5575,618,9.02,30.07%,24.03%,0.111534,2026-09-11
META,648.03,2026-09-14,2,Call,670.00,-3.39%,0.76,0.76,0.81,3053,339,9.01,37.35%,34.69%,0.100546,2026-09-11
BABA,109.3,2027-09-17,370,Call,150.00,-37.24%,7.75,9,9.4,1119,125,8.95,40.37%,46.45%,0.321391,2026-09-11
LYB,63.69,2026-09-18,6,Put,62.50,-1.87%,0.95,0.97,1.05,10249,1153,8.89,41.26%,47.10%,-0.36633,2026-09-11
MARA,11.98,2026-10-09,27,Call,14.50,-21.04%,0.37,0.38,0.4,1082,122,8.87,84.62%,87.89%,0.252052,2026-09-11
GOOGL,338.5,2026-09-16,4,Call,355.00,-4.87%,0.31,0.36,0.39,2776,314,8.84,28.84%,30.70%,0.073059,2026-09-11
MU,975.26,2026-09-14,2,Call,980.00,-0.49%,9.65,9.75,9.9,11819,1337,8.84,59.27%,41.27%,0.445483,2026-09-11
AAPL,332.27,2026-09-14,2,Call,327.50,+1.44%,5,5.25,5.9,6534,745,8.77,24.62%,23.21%,0.805326,2026-09-11
BAC,62.69,2026-12-18,97,Put,67.50,+7.67%,5.45,5.65,6.95,1910,218,8.76,25.62%,26.27%,-0.677147,2026-09-11
MU,975.26,2026-09-16,4,Call,980.00,-0.49%,17.95,18.42,18.45,1014,116,8.74,59.27%,49.75%,0.476247,2026-09-11
AAPL,332.27,2026-09-16,4,Call,332.50,-0.07%,3.25,3.4,3.65,3234,370,8.74,24.62%,25.25%,0.500279,2026-09-11
MSFT,495.63,2026-09-14,2,Put,495.00,-0.13%,2.16,2.35,2.5,2939,338,8.7,24.36%,18.22%,-0.45592,2026-09-11
AMD,516.13,2026-09-14,2,Call,502.50,+2.64%,14.85,15.38,17.3,1196,138,8.67,49.83%,48.07%,0.781003,2026-09-11
APA,44.73,2027-03-19,188,Put,40.00,-10.57%,3.2,3.31,3.4,2028,234,8.67,43.49%,45.70%,-0.296586,2026-09-11
LEU,152.31,2026-10-16,34,Put,135.00,-11.36%,4.4,4.85,5.1,900,104,8.65,71.27%,66.08%,-0.237633,2026-09-11
SKHY,190.07,2026-09-25,13,Put,152.50,-19.77%,0.24,0.34,0.35,863,100,8.63,61.50%,65.04%,-0.031074,2026-09-11
AMD,516.13,2026-09-18,6,Call,517.50,-0.27%,12.8,13.05,13.5,1103,128,8.62,49.83%,51.76%,0.500884,2026-09-11
SMCI,40.1,2026-10-02,20,Put,33.00,-17.71%,0.31,0.42,0.42,2535,295,8.59,70.21%,71.90%,-0.105147,2026-09-11
NMAX,11.39,2026-09-18,6,Call,12.00,-5.36%,0.05,0.2,0.3,917,107,8.57,69.24%,68.17%,0.292372,2026-09-11
META,648.03,2026-09-16,4,Call,660.00,-1.85%,5.35,5.6,5.65,1534,179,8.57,37.35%,37.80%,0.332274,2026-09-11
STNE,10.1,2028-01-21,496,Call,5.47,+45.84%,5.1,5.31,5.5,1000,117,8.55,52.95%,56.70%,0.910187,2026-09-11
MU,975.26,2026-09-16,4,Call,975.00,+0.03%,20.35,20.8,20.75,895,105,8.52,59.27%,49.69%,0.515413,2026-09-11
TSLA,365.44,2026-09-16,4,Call,365.00,+0.12%,6.2,6.3,6.35,5127,602,8.52,39.74%,39.20%,0.523753,2026-09-11
B,43.68,2026-09-18,6,Call,46.50,-6.46%,0.13,0.21,0.32,1024,121,8.46,44.15%,47.92%,0.16297,2026-09-11
META,648.03,2026-09-14,2,Call,680.00,-4.93%,0.25,0.28,0.31,2273,269,8.45,37.35%,36.69%,0.039806,2026-09-11
RKLB,62.95,2026-10-09,27,Put,54.00,-14.22%,0.96,1.07,1.2,1279,152,8.41,68.07%,65.30%,-0.167057,2026-09-11
MSTR,130.97,2026-09-18,6,Put,124.00,-5.32%,1.86,1.96,2.01,3579,427,8.38,70.24%,71.02%,-0.257221,2026-09-11
MU,975.26,2026-09-14,2,Call,"1,000.00",-2.54%,3.6,3.65,3.7,11284,1351,8.35,59.27%,41.79%,0.215336,2026-09-11
CVX,214.06,2026-09-18,6,Call,222.50,-3.94%,0.4,0.63,0.65,3116,375,8.31,26.43%,27.37%,0.139374,2026-09-11
NVDA,218.29,2026-09-16,4,Call,227.50,-4.22%,0.36,0.37,0.37,7399,891,8.3,32.35%,31.21%,0.107851,2026-09-11
UNH,379.09,2026-09-18,6,Call,250.00,+34.05%,125.1,128.6,132.7,2800,339,8.26,35.00%,101.47%,0.999229,2026-09-11
LRCX,298.22,2026-09-18,6,Call,305.00,-2.27%,5.5,5.9,6.4,1159,141,8.22,56.46%,57.52%,0.397139,2026-09-11
SNOW,328.99,2028-01-21,496,Put,300.00,-8.81%,56.5,59.5,62.15,3007,369,8.15,47.10%,56.02%,-0.301032,2026-09-11
SKHY,190.07,2026-09-25,13,Put,170.00,-10.56%,1.57,1.65,1.89,2041,252,8.1,61.50%,60.29%,-0.147318,2026-09-11
BE,275.75,2026-10-23,41,Put,230.00,-16.59%,9.3,9.82,10.1,1519,188,8.08,79.20%,79.88%,-0.204637,2026-09-11
META,648.03,2026-09-14,2,Call,677.50,-4.55%,0.36,0.34,0.37,1054,131,8.05,37.35%,36.22%,0.050647,2026-09-11
AMD,516.13,2026-09-18,6,Put,502.50,-2.64%,7.55,8.2,8,964,120,8.03,49.83%,52.27%,-0.329772,2026-09-11
SCCO,193.49,2026-09-18,6,Put,180.00,-6.97%,0.5,0.87,1.2,1934,241,8.02,47.12%,51.54%,-0.129106,2026-09-11
MU,975.26,2026-09-14,2,Put,990.00,+1.51%,20.55,20.75,21.35,1124,141,7.97,59.27%,42.44%,-0.676436,2026-09-11
FIGR,34.87,2026-09-18,6,Call,38.00,-8.98%,0.2,0.82,0.8,8139,1024,7.95,76.92%,85.69%,0.235112,2026-09-11
HPQ,35.48,2026-09-18,6,Call,35.50,-0.06%,0.93,0.99,1.1,990,125,7.92,54.41%,56.46%,0.511342,2026-09-11
ORCL,150.28,2026-09-18,6,Put,152.50,+1.48%,5.55,5.9,5.8,2985,377,7.92,50.27%,58.25%,-0.561577,2026-09-11
CRWD,206.74,2026-12-18,97,Call,320.00,-54.78%,2.4,2.54,2.61,1091,138,7.91,50.31%,57.36%,0.097674,2026-09-11
APLD,26.42,2026-09-18,6,Put,25.50,-3.48%,0.49,0.57,0.58,3440,439,7.84,87.56%,69.95%,-0.327857,2026-09-11
AMD,516.13,2026-09-14,2,Call,527.50,-2.20%,2.06,2.09,2.2,826,106,7.79,49.83%,40.25%,0.238915,2026-09-11
APLD,26.42,2026-10-09,27,Call,27.00,-2.20%,1.95,2.3,2.45,824,106,7.77,87.56%,84.69%,0.512973,2026-09-11
PANW,330.65,2026-09-18,6,Call,367.50,-11.14%,0.13,0.48,0.58,1009,130,7.76,46.90%,47.25%,0.044184,2026-09-11
AMD,516.13,2026-10-09,27,Call,515.00,+0.22%,28.55,29,29.9,868,113,7.68,49.83%,50.07%,0.541379,2026-09-11
TSLA,365.44,2026-09-14,2,Call,360.00,+1.49%,6.8,6.8,6.9,10100,1323,7.63,39.74%,31.83%,0.744383,2026-09-11
MAT,14.01,2026-10-16,34,Call,16.00,-14.20%,0.1,0.14,0.15,3012,396,7.61,34.62%,39.80%,0.149539,2026-09-11
VZ,50.61,2026-10-02,20,Call,54.00,-6.70%,0,0.15,0.15,3301,434,7.61,22.63%,19.22%,0.074866,2026-09-11
UNH,379.09,2027-03-19,188,Call,150.00,+60.43%,224.95,227.65,232.7,775,102,7.6,35.00%,54.75%,0.996961,2026-09-11
MO,68.98,2026-10-02,20,Call,69.00,-0.03%,0.85,0.95,1.05,1666,220,7.57,21.93%,15.51%,0.492243,2026-09-11
TSM,433.24,2026-09-18,6,Call,447.50,-3.29%,2.07,2.16,2.25,950,126,7.54,34.10%,31.41%,0.219989,2026-09-11
AAPL,332.27,2026-10-23,41,Put,320.00,-3.69%,5.3,5.45,5.65,1967,261,7.54,24.62%,24.99%,-0.298372,2026-09-11
CLF,12.06,2026-10-09,27,Call,12.50,-3.65%,0.47,0.6,0.6,1024,136,7.53,60.14%,54.77%,0.436633,2026-09-11
EQNR,44.8,2027-01-15,125,Call,46.00,-2.68%,3.2,3.35,3.6,1255,167,7.51,37.21%,37.22%,0.496788,2026-09-11
AMZN,256.78,2026-09-14,2,Call,252.50,+1.67%,4.5,4.98,5.1,3742,498,7.51,30.07%,25.26%,0.820959,2026-09-11
AAPL,332.27,2026-09-18,6,Put,327.50,-1.44%,2.36,2.41,2.49,3757,500,7.51,24.62%,26.46%,-0.323849,2026-09-11
UNH,379.09,2026-09-18,6,Call,270.00,+28.78%,108.45,108.9,109.75,2101,281,7.48,35.00%,85.07%,0.998874,2026-09-11
NVDA,218.29,2026-09-16,4,Put,212.50,-2.65%,0.99,1,1.01,3686,493,7.48,32.35%,34.29%,-0.218975,2026-09-11
CLS,346.55,2026-10-09,27,Call,350.00,-1.00%,20.3,22.07,23.9,798,107,7.46,61.52%,61.91%,0.516468,2026-09-11
FCX,71.07,2026-09-25,13,Call,76.00,-6.94%,0.62,0.7,0.95,1692,229,7.39,46.11%,45.15%,0.231748,2026-09-11
META,648.03,2026-09-14,2,Put,647.50,-0.08%,5.8,6,6,1697,230,7.38,37.35%,32.48%,-0.479179,2026-09-11
MPC,395.93,2027-06-17,278,Put,300.00,-24.23%,18,18.3,21,750,102,7.35,47.87%,47.80%,-0.177923,2026-09-11
INTC,102.94,2026-09-14,2,Call,102.00,+0.91%,2.01,2.05,2.08,2182,300,7.27,59.90%,50.19%,0.606471,2026-09-11
INTC,102.94,2026-09-14,2,Call,108.00,-4.92%,0.19,0.2,0.22,863,119,7.25,59.90%,51.74%,0.109484,2026-09-11
MSFT,495.63,2026-09-14,2,Call,497.50,-0.38%,1.64,2.19,2.18,7111,985,7.22,24.36%,18.50%,0.398711,2026-09-11
DELL,567.29,2026-10-02,20,Call,560.00,+1.29%,36.05,36.98,38.25,874,123,7.11,63.09%,62.54%,0.568727,2026-09-11
UNH,379.09,2026-09-18,6,Call,240.00,+36.69%,135.1,138.55,142.7,1280,180,7.11,35.00%,113.56%,0.999174,2026-09-11
JD,27.06,2026-09-25,13,Call,28.00,-3.47%,0.25,0.3,0.3,4419,624,7.08,29.26%,32.20%,0.279589,2026-09-11
CHWY,20.44,2028-01-21,496,Put,10.00,-51.08%,0.51,0.54,0.58,1497,212,7.06,45.90%,56.72%,-0.068861,2026-09-11
HPQ,35.48,2026-11-20,69,Call,40.00,-12.74%,1.6,1.66,1.99,3101,439,7.06,54.41%,55.46%,0.352311,2026-09-11
MU,975.26,2026-09-14,2,Put,980.00,+0.49%,14.35,14.5,14.9,6138,872,7.04,59.27%,42.27%,-0.553488,2026-09-11
ON,76.14,2026-10-16,34,Call,75.00,+1.50%,5.4,5.5,6.2,4239,608,6.97,55.72%,55.26%,0.577021,2026-09-11
NVDA,218.29,2026-09-16,4,Call,220.00,-0.78%,2.07,2.08,2.1,14683,2107,6.97,32.35%,30.90%,0.415113,2026-09-11
MU,975.26,2026-09-14,2,Call,"1,055.00",-8.18%,0.19,0.21,0.22,1369,197,6.95,59.27%,49.14%,0.016312,2026-09-11
TSLA,365.44,2026-09-14,2,Put,370.00,+1.25%,6.15,6.2,6.3,8975,1294,6.94,39.74%,32.51%,-0.690812,2026-09-11
CRBP,8.12,2026-10-16,34,Call,10.00,-23.15%,1.25,1.55,1.6,872,128,6.81,223.33%,206.35%,0.495869,2026-09-11
TSLA,365.44,2026-09-14,2,Put,375.00,+2.62%,10.15,10.3,10.3,3146,465,6.77,39.74%,33.62%,-0.847215,2026-09-11
AMZN,256.78,2026-09-16,4,Call,250.00,+2.64%,6.25,8.07,8.1,1197,178,6.72,30.07%,21.10%,0.892596,2026-09-11
HIMS,27.51,2026-09-18,6,Call,30.50,-10.87%,0.17,0.18,0.2,2235,333,6.71,64.08%,72.71%,0.145977,2026-09-11
MSTR,130.97,2026-09-18,6,Call,145.00,-10.71%,1.15,1.18,1.21,28387,4231,6.71,70.24%,79.37%,0.172728,2026-09-11
UNH,379.09,2026-09-18,6,Call,260.00,+31.41%,116.75,116.9,123,1922,287,6.7,35.00%,158.18%,0.974808,2026-09-11
HPE,62.09,2026-10-16,34,Call,85.00,-36.90%,0.35,0.4,0.44,676,101,6.69,63.20%,66.43%,0.075586,2026-09-11
EQNR,44.8,2027-01-15,125,Put,42.00,-6.25%,1.9,2.67,2.8,1250,188,6.65,37.21%,36.14%,-0.333137,2026-09-11
UNH,379.09,2026-09-18,6,Call,300.00,+20.86%,76.65,78.05,80,9807,1474,6.65,35.00%,53.11%,0.999344,2026-09-11
WDC,447.18,2026-10-02,20,Put,425.00,-4.96%,15.3,16.1,16.55,671,101,6.64,63.72%,63.42%,-0.334381,2026-09-11
BN,38.22,2026-10-16,34,Call,40.00,-4.66%,0.45,0.53,0.55,1027,156,6.58,27.81%,24.13%,0.293109,2026-09-11
SMCI,40.1,2026-09-18,6,Call,42.50,-5.99%,0.64,0.66,0.69,16193,2468,6.56,70.21%,74.67%,0.290081,2026-09-11
DKNG,24.74,2026-09-18,6,Call,25.50,-3.07%,0.42,0.45,0.49,2640,405,6.52,55.05%,60.03%,0.36432,2026-09-11
UNH,379.09,2026-09-18,6,Call,320.00,+15.59%,55,58.35,62.75,9800,1507,6.5,35.00%,45.12%,0.998068,2026-09-11
TSLA,365.44,2026-09-14,2,Call,375.00,-2.62%,0.71,0.71,0.73,18260,2811,6.5,39.74%,33.54%,0.153912,2026-09-11
TSLA,365.44,2026-09-18,6,Call,392.50,-7.40%,1,1.02,1.03,1155,178,6.49,39.74%,43.40%,0.106483,2026-09-11
BBWI,18.57,2026-09-25,13,Call,19.00,-2.32%,0.5,0.6,0.65,4223,651,6.49,52.22%,54.70%,0.431233,2026-09-11
GME,21.15,2026-09-18,6,Call,23.50,-11.11%,0.12,0.14,0.14,2447,381,6.42,43.85%,72.26%,0.136324,2026-09-11
MSTR,130.97,2026-09-18,6,Call,137.00,-4.60%,2.62,2.7,2.75,1153,180,6.41,70.24%,74.76%,0.338868,2026-09-11
ORCL,150.28,2026-09-18,6,Call,157.50,-4.80%,2.03,2.07,2.1,7517,1173,6.41,50.27%,61.32%,0.290136,2026-09-11
AMZN,256.78,2027-09-17,370,Put,255.00,-0.69%,29.85,30.02,30.65,915,143,6.4,30.07%,34.88%,-0.395125,2026-09-11
UNH,379.09,2026-09-18,6,Call,220.00,+41.97%,156.95,157.15,162.45,650,102,6.37,35.00%,209.96%,0.98426,2026-09-11
COO,53.91,2027-02-19,160,Put,45.00,-16.53%,0.9,1.2,1.5,738,116,6.36,30.24%,34.34%,-0.166276,2026-09-11
GOOGL,338.5,2027-09-17,370,Call,380.00,-12.26%,37.3,38.33,38.5,2429,382,6.36,28.84%,35.86%,0.485511,2026-09-11
TSLA,365.44,2026-09-16,4,Put,367.50,+0.56%,6.95,6.95,7.2,844,133,6.35,39.74%,39.60%,-0.542811,2026-09-11
NKE,36.8,2026-09-25,13,Put,36.50,-0.82%,0.64,0.67,0.72,774,122,6.34,45.24%,29.65%,-0.431976,2026-09-11
RIOT,21.47,2026-09-18,6,Put,21.50,+0.14%,0.73,0.83,0.97,924,146,6.33,79.87%,76.55%,-0.48416,2026-09-11
UNH,379.09,2026-09-18,6,Call,330.00,+12.95%,46.55,48.5,51.75,11055,1748,6.32,35.00%,38.80%,0.99717,2026-09-11
T,26.06,2026-09-25,13,Call,25.50,+2.15%,0.69,0.71,0.95,4877,773,6.31,24.59%,25.46%,0.681314,2026-09-11
CBRS,191.93,2026-09-18,6,Call,202.50,-5.51%,2.6,2.56,3,1492,237,6.3,67.80%,67.30%,0.283873,2026-09-11
NKE,36.8,2026-09-25,13,Call,36.50,+0.82%,1.05,1.11,1.14,811,129,6.29,45.24%,34.19%,0.561322,2026-09-11
FRVO,15.59,2026-12-18,97,Put,12.50,-19.82%,1.45,1.55,1.7,3381,543,6.23,104.37%,102.40%,-0.242529,2026-09-11
FCX,71.07,2026-10-16,34,Call,72.50,-2.01%,3.35,3.43,3.45,1179,190,6.21,46.11%,45.76%,0.478209,2026-09-11
UNH,379.09,2026-09-18,6,Call,350.00,+7.67%,27,28.75,29.5,11428,1848,6.18,35.00%,19.67%,0.998877,2026-09-11
MU,975.26,2026-09-14,2,Call,"1,005.00",-3.05%,2.75,2.81,2.85,1597,259,6.17,59.27%,42.18%,0.173558,2026-09-11
BW,7.94,2026-11-20,69,Call,10.00,-25.94%,0.75,0.8,0.8,5387,873,6.17,89.95%,102.83%,0.390977,2026-09-11
OSCR,32.77,2026-09-18,6,Put,33.00,+0.70%,1.29,1.33,1.67,739,120,6.16,68.70%,81.57%,-0.504021,2026-09-11
META,648.03,2026-09-14,2,Put,642.50,-0.85%,3.65,3.8,3.9,740,121,6.12,37.35%,32.48%,-0.353833,2026-09-11
ORCL,150.28,2026-09-18,6,Call,182.50,-21.44%,0.17,0.2,0.19,898,147,6.11,50.27%,79.10%,0.03137,2026-09-11
MARA,11.98,2026-09-18,6,Call,12.50,-4.34%,0.31,0.32,0.33,47163,7725,6.11,84.62%,86.00%,0.372633,2026-09-11
LEN,79.6,2026-09-18,6,Put,76.00,-4.52%,1.1,1.17,1.2,1023,169,6.05,41.94%,64.41%,-0.272901,2026-09-11
META,648.03,2026-09-14,2,Call,647.50,+0.08%,6.3,6.4,6.65,1258,208,6.05,37.35%,32.13%,0.521489,2026-09-11
CRWV,88.99,2026-09-25,13,Put,81.00,-8.98%,1.53,1.56,1.61,2072,343,6.04,72.71%,70.54%,-0.217141,2026-09-11
HBAN,16.86,2027-04-16,216,Put,13.00,-22.89%,0.2,0.28,0.45,900,150,6,24.29%,34.43%,-0.128642,2026-09-11
HIMS,27.51,2026-09-18,6,Call,28.50,-3.60%,0.53,0.55,0.61,2425,405,5.99,64.08%,68.51%,0.362484,2026-09-11
HBAN,16.86,2027-04-16,216,Put,10.00,-40.69%,0.05,0.1,0.25,2101,353,5.95,24.29%,47.06%,-0.050652,2026-09-11
VIAV,38.75,2026-10-16,34,Call,40.00,-3.23%,2.55,2.82,2.9,5031,847,5.94,71.51%,68.05%,0.48708,2026-09-11
NOW,132.53,2026-10-23,41,Put,105.00,-20.77%,1.07,1.23,1.25,646,109,5.93,52.24%,56.99%,-0.091021,2026-09-11
AMD,516.13,2026-09-18,6,Call,537.50,-4.14%,5.6,5.8,6.05,990,168,5.89,49.83%,51.56%,0.283763,2026-09-11
MARA,11.98,2026-09-18,6,Put,12.50,+4.34%,0.83,0.85,0.86,1212,206,5.88,84.62%,88.01%,-0.624162,2026-09-11
CAVA,55.88,2028-01-21,496,Call,75.00,-34.22%,9.3,10.06,11.4,1001,171,5.85,51.21%,58.44%,0.49586,2026-09-11
UNH,379.09,2026-09-18,6,Call,230.00,+39.33%,145.1,148.2,152.7,1290,221,5.84,35.00%,125.45%,0.99918,2026-09-11
PATH,13.75,2028-12-15,825,Call,30.00,-118.18%,2.68,3.14,3.45,2235,383,5.84,57.43%,71.64%,0.461112,2026-09-11
UNH,379.09,2026-09-18,6,Call,310.00,+18.23%,67.6,68.06,71.75,5612,963,5.83,35.00%,87.37%,0.967734,2026-09-11
ORCL,150.28,2026-09-18,6,Call,152.50,-1.48%,3.55,3.56,3.6,6189,1066,5.81,50.27%,59.12%,0.440055,2026-09-11
AMZN,256.78,2026-09-21,9,Put,255.00,-0.69%,3.2,3.25,3.5,592,102,5.8,30.07%,26.64%,-0.418939,2026-09-11
META,648.03,2026-09-14,2,Put,625.00,-3.55%,0.58,0.65,0.64,1264,218,5.8,37.35%,35.14%,-0.079155,2026-09-11
TSLA,365.44,2026-09-18,6,Call,367.50,-0.56%,6.7,6.77,6.8,11923,2059,5.79,39.74%,40.75%,0.472073,2026-09-11
NVDA,218.29,2026-09-14,2,Call,225.00,-3.07%,0.11,0.12,0.12,51741,8953,5.78,32.35%,26.36%,0.062664,2026-09-11
AMD,516.13,2026-09-14,2,Call,532.50,-3.17%,1.17,1.28,1.3,744,129,5.77,49.83%,40.61%,0.154567,2026-09-11
AVGO,361.99,2026-09-18,6,Call,365.00,-0.83%,5,5.5,5.5,12048,2093,5.76,34.93%,35.36%,0.440539,2026-09-11
XYZ,79.21,2026-09-18,6,Call,84.00,-6.05%,0.23,0.31,0.38,4162,726,5.73,39.29%,41.62%,0.143987,2026-09-11
CB,338.25,2026-10-16,34,Call,355.00,-4.95%,2.1,2.35,2.5,1465,256,5.72,19.83%,18.55%,0.216163,2026-09-11
UNH,379.09,2026-09-18,6,Call,280.00,+26.14%,96.55,98.45,102.95,7006,1225,5.72,35.00%,126.89%,0.97376,2026-09-11
MSFT,495.63,2026-09-14,2,Call,510.00,-2.90%,0.09,0.1,0.1,1827,320,5.71,24.36%,20.67%,0.032179,2026-09-11
INTC,102.94,2026-09-18,6,Call,111.00,-7.83%,0.88,0.91,0.94,883,155,5.7,59.90%,65.37%,0.197224,2026-09-11
MU,975.26,2026-09-14,2,Put,930.00,-4.64%,1.21,1.25,1.3,1309,230,5.69,59.27%,46.64%,-0.080905,2026-09-11
PURR,11.61,2026-10-16,34,Call,16.00,-37.81%,0.35,0.4,0.45,1033,182,5.68,98.72%,108.22%,0.213163,2026-09-11
DIS,106.55,2027-09-17,370,Put,65.00,-39.00%,0.53,0.9,1.58,1301,229,5.68,24.51%,35.89%,-0.055576,2026-09-11
MSTR,130.97,2026-09-18,6,Call,138.00,-5.37%,2.38,2.43,2.48,14729,2597,5.67,70.24%,75.37%,0.31324,2026-09-11
KMB,98.15,2026-09-25,13,Put,102.00,+3.92%,3.4,4.85,6,651,115,5.66,23.24%,29.67%,-0.746704,2026-09-11
ECHO,93.14,2026-09-18,6,Put,86.00,-7.67%,0,0.4,0.25,1001,177,5.66,42.63%,40.69%,-0.058743,2026-09-11
TSLA,365.44,2026-09-14,2,Call,380.00,-3.98%,0.28,0.28,0.29,17591,3129,5.62,39.74%,35.06%,0.068803,2026-09-11
INTC,102.94,2026-09-18,6,Call,107.00,-3.94%,1.77,1.8,1.94,2066,369,5.6,59.90%,65.21%,0.339145,2026-09-11
MU,975.26,2026-09-14,2,Put,960.00,-1.56%,5.9,6,6.1,1432,256,5.59,59.27%,42.68%,-0.301371,2026-09-11
AAPL,332.27,2026-09-25,13,Call,352.50,-6.09%,0.78,0.84,0.85,908,163,5.57,24.62%,24.67%,0.111007,2026-09-11
MET,97.14,2027-06-17,278,Put,95.00,-2.20%,7.3,7.5,7.6,1279,230,5.56,24.37%,27.18%,-0.397087,2026-09-11
W,98.57,2027-01-15,125,Put,85.00,-13.77%,5.95,6.7,7.1,1005,181,5.55,52.90%,58.95%,-0.263438,2026-09-11
ORCL,150.28,2027-06-17,278,Call,175.00,-16.45%,21.7,21.96,22.5,5061,912,5.55,50.27%,57.46%,0.490089,2026-09-11
TSLA,365.44,2026-09-18,6,Call,397.50,-8.77%,0.67,0.68,0.7,742,134,5.54,39.74%,44.39%,0.075135,2026-09-11
SHAK,63.65,2027-06-17,278,Put,70.00,+9.98%,12.9,14.35,14.2,1001,181,5.53,49.46%,48.44%,-0.491702,2026-09-11
TLS,3.95,2027-02-19,160,Call,5.00,-26.58%,0.5,0.6,0.65,684,124,5.52,139.46%,85.46%,0.458612,2026-09-11
CVS,94.66,2026-09-18,6,Put,94.00,-0.70%,0.86,1.13,1.17,1275,231,5.52,29.03%,27.45%,-0.412862,2026-09-11
MSFT,495.63,2026-09-14,2,Put,487.50,-1.64%,0.38,0.45,0.5,566,103,5.5,24.36%,19.56%,-0.123128,2026-09-11
TSLA,365.44,2026-09-14,2,Put,347.50,-4.91%,0.17,0.18,0.18,1147,209,5.49,39.74%,39.37%,-0.040222,2026-09-11
RKT,13.18,2026-10-09,27,Call,14.50,-10.02%,0.29,0.41,0.43,2751,501,5.49,53.07%,56.89%,0.300752,2026-09-11
UNH,379.09,2026-09-18,6,Call,340.00,+10.31%,36.55,37.8,41.75,8049,1467,5.49,35.00%,29.51%,0.997737,2026-09-11
IONQ,36.75,2026-09-18,6,Call,37.00,-0.68%,1.15,1.22,1.31,713,130,5.48,69.68%,71.14%,0.491146,2026-09-11
AA,48.26,2026-09-25,13,Put,43.00,-10.90%,0.1,0.2,0.35,933,171,5.46,52.53%,49.99%,-0.100239,2026-09-11
AI,10.54,2026-12-18,97,Call,15.00,-42.31%,0.39,0.43,0.5,4739,869,5.45,57.23%,72.17%,0.231165,2026-09-11
NVDA,218.29,2026-09-21,9,Call,215.00,+1.51%,5.85,6.2,6.1,598,110,5.44,32.35%,29.58%,0.643165,2026-09-11
SEDG,34.68,2026-09-18,6,Call,32.50,+6.29%,2.71,3,2.98,2235,411,5.44,79.80%,87.12%,0.739738,2026-09-11
AMZN,256.78,2026-09-16,4,Call,262.50,-2.23%,0.9,1.08,1.11,1365,252,5.42,30.07%,27.83%,0.233314,2026-09-11
UNH,379.09,2026-09-18,6,Call,290.00,+23.50%,87.55,89.45,92.1,4200,775,5.42,35.00%,116.42%,0.968946,2026-09-11
XYZ,79.21,2026-09-18,6,Put,77.00,-2.79%,0.65,0.77,0.87,601,111,5.41,39.29%,41.24%,-0.283814,2026-09-11
JEF,51.96,2027-01-15,125,Put,42.50,-18.21%,1,1.22,1.45,700,130,5.38,43.21%,40.99%,-0.165043,2026-09-11
IREN,43.83,2027-04-16,216,Call,40.00,+8.74%,13.35,13.8,14.15,3006,559,5.38,80.83%,89.97%,0.695782,2026-09-11
MU,975.26,2026-09-14,2,Call,"1,010.00",-3.56%,2.09,2.13,2.17,2047,381,5.37,59.27%,42.59%,0.138223,2026-09-11
SMCI,40.1,2026-09-18,6,Call,39.00,+2.74%,1.93,2.12,2.2,24348,4533,5.37,70.21%,70.94%,0.639798,2026-09-11
BIRK,31.13,2028-01-21,496,Call,32.50,-4.40%,6,6.8,7.2,648,121,5.36,49.17%,45.07%,0.612449,2026-09-11
SNDK,1633.35,2026-09-18,6,Call,"1,640.00",-0.41%,50.6,50.97,51.7,1092,204,5.35,68.48%,64.47%,0.499755,2026-09-11
BE,275.75,2027-06-17,278,Call,380.00,-37.81%,55.8,56.5,58,1480,277,5.34,79.20%,88.61%,0.504462,2026-09-11
MU,975.26,2026-10-16,34,Call,"1,840.00",-88.67%,0.36,0.6,0.84,656,123,5.33,59.27%,81.66%,0.008016,2026-09-11
CGON,72.35,2026-10-16,34,Call,75.00,-3.66%,4.3,4.75,5.1,5684,1067,5.33,65.93%,65.08%,0.474317,2026-09-11
DOW,29.03,2026-10-09,27,Call,34.00,-17.12%,0.12,0.61,0.61,660,124,5.32,41.42%,55.96%,0.166238,2026-09-11
C,138.82,2026-09-18,6,Call,143.00,-3.01%,0.63,0.7,0.79,2958,556,5.32,31.29%,30.29%,0.230635,2026-09-11
UBER,71.67,2026-10-23,41,Call,80.00,-11.62%,0.85,0.99,1,3513,660,5.32,34.69%,35.57%,0.20389,2026-09-11
STRL,511.04,2026-09-18,6,Put,410.00,-19.77%,0.15,0.45,1,547,103,5.31,60.73%,90.32%,-0.024716,2026-09-11
NVDA,218.29,2026-09-21,9,Put,212.50,-2.65%,1.78,1.82,1.89,611,115,5.31,32.35%,30.74%,-0.275828,2026-09-11
KSS,17.23,2027-12-17,461,Put,15.00,-12.94%,3.1,3.25,3.35,1454,274,5.31,53.37%,62.99%,-0.279446,2026-09-11
MU,975.26,2026-09-14,2,Call,990.00,-1.51%,6,6.21,6.2,4397,829,5.3,59.27%,41.35%,0.319719,2026-09-11
SPCX,151.21,2026-09-18,6,Call,157.50,-4.16%,1.86,1.88,1.88,19789,3742,5.29,50.92%,54.15%,0.293278,2026-09-11
META,648.03,2026-09-16,4,Call,662.50,-2.23%,4.7,4.85,4.85,1201,228,5.27,37.35%,37.92%,0.298954,2026-09-11
SWKS,88.35,2027-01-15,125,Call,100.00,-13.19%,6.7,7.6,7.9,2297,436,5.27,55.93%,56.08%,0.414299,2026-09-11
CRDO,162.95,2027-06-17,278,Call,260.00,-59.56%,18.3,22.4,22.8,615,117,5.26,66.98%,77.06%,0.376999,2026-09-11
KR,58.49,2028-01-21,496,Call,67.50,-15.40%,4.55,5.26,6.25,645,123,5.24,27.29%,30.65%,0.423682,2026-09-11
BSX,42.98,2027-03-19,188,Put,30.00,-30.20%,0.55,0.71,0.8,591,113,5.23,37.14%,44.95%,-0.091339,2026-09-11
TSLA,365.44,2026-09-16,4,Call,377.50,-3.30%,2.04,2.04,2.09,1044,200,5.22,39.74%,40.70%,0.232219,2026-09-11
NVDA,218.29,2026-09-25,13,Call,242.50,-11.09%,0.25,0.28,0.27,750,144,5.21,32.35%,32.49%,0.047847,2026-09-11
SMCI,40.1,2026-09-18,6,Call,39.50,+1.50%,1.79,1.76,1.84,9535,1829,5.21,70.21%,72.87%,0.584916,2026-09-11
HUM,409.8,2026-12-18,97,Put,370.00,-9.71%,21.3,25.82,29.2,561,108,5.19,57.89%,54.32%,-0.298142,2026-09-11
RKLB,62.95,2026-09-18,6,Put,57.00,-9.45%,0.3,0.34,0.34,840,162,5.19,68.07%,67.54%,-0.115803,2026-09-11
ORCL,150.28,2026-09-18,6,Call,167.50,-11.46%,0.65,0.66,0.68,7207,1392,5.18,50.27%,66.68%,0.110852,2026-09-11
UNH,379.09,2026-09-18,6,Call,200.00,+47.24%,177.05,177.05,180.65,1400,271,5.17,35.00%,163.12%,0.999231,2026-09-11
MU,975.26,2026-09-14,2,Call,995.00,-2.02%,4.65,4.85,4.85,1480,286,5.17,59.27%,41.57%,0.264511,2026-09-11
PSX,259.47,2026-11-20,69,Put,220.00,-15.21%,4,4.1,4.8,923,179,5.16,39.45%,42.78%,-0.159053,2026-09-11
UNH,379.09,2026-09-18,6,Call,392.50,-3.54%,0.91,1,1.05,1449,281,5.16,35.00%,25.85%,0.152249,2026-09-11
ORCL,150.28,2026-09-18,6,Call,172.50,-14.79%,0.36,0.37,0.4,2244,436,5.15,50.27%,69.48%,0.066903,2026-09-11
AVGO,361.99,2026-09-18,6,Call,367.50,-1.52%,4.25,4.25,4.5,3690,716,5.15,34.93%,35.97%,0.384261,2026-09-11
MRNA,143.97,2026-09-18,6,Call,172.50,-19.82%,0.33,0.37,0.38,766,149,5.14,69.93%,85.18%,0.055325,2026-09-11
GFL,42.85,2026-10-16,34,Call,50.00,-16.69%,0.5,0.5,0.55,2950,574,5.14,46.06%,47.82%,0.168078,2026-09-11
XYZ,79.21,2026-09-18,6,Call,81.00,-2.26%,0.89,0.89,1.03,4125,803,5.14,39.29%,41.27%,0.350231,2026-09-11
MU,975.26,2026-09-25,13,Call,"1,010.00",-3.56%,23.45,24.1,26.9,1102,215,5.13,59.27%,53.16%,0.387385,2026-09-11
INTC,102.94,2026-09-16,4,Call,105.00,-2.00%,1.67,1.69,1.75,3409,666,5.12,59.90%,59.85%,0.389912,2026-09-11
AAPL,332.27,2026-09-16,4,Call,340.00,-2.33%,0.93,0.95,0.98,9080,1776,5.11,24.62%,25.14%,0.19848,2026-09-11
CRDO,162.95,2026-09-18,6,Put,157.50,-3.34%,2.9,3.35,3.4,697,137,5.09,66.98%,66.89%,-0.327953,2026-09-11
MU,975.26,2026-09-16,4,Put,975.00,-0.03%,19.6,20.05,20.7,630,124,5.08,59.27%,50.22%,-0.485114,2026-09-11
MARA,11.98,2026-10-16,34,Put,9.00,-24.87%,0.18,0.19,0.21,7997,1575,5.08,84.62%,87.45%,-0.11183,2026-09-11
SPCX,151.21,2026-09-25,13,Call,172.50,-14.08%,0.86,0.88,0.89,641,127,5.05,50.92%,55.72%,0.117413,2026-09-11
DELL,567.29,2026-09-18,6,Put,550.00,-3.05%,11.6,11.7,11.75,2458,488,5.04,63.09%,67.19%,-0.341751,2026-09-11
MU,975.26,2026-09-18,6,Call,"1,025.00",-5.10%,9.15,9.35,9.5,558,111,5.03,59.27%,53.01%,0.245276,2026-09-11
MSFT,495.63,2026-09-14,2,Call,505.00,-1.89%,0.29,0.36,0.36,2461,489,5.03,24.36%,19.29%,0.097941,2026-09-11
HOOD,112.57,2026-10-09,27,Call,120.00,-6.60%,4.5,4.55,4.7,3381,672,5.03,60.62%,60.67%,0.386437,2026-09-11
DHT,22,2026-12-18,97,Call,24.00,-9.09%,1.15,1.2,1.35,3523,701,5.03,47.13%,48.01%,0.377914,2026-09-11
GOOGL,338.5,2026-09-16,4,Call,340.00,-0.44%,3,3.25,3.4,4138,822,5.03,28.84%,27.17%,0.448952,2026-09-11
QCOM,181.97,2026-10-02,20,Call,205.00,-12.66%,1.47,1.74,1.75,732,146,5.01,46.06%,47.81%,0.158228,2026-09-11
MSTR,130.97,2026-09-18,6,Put,136.00,+3.84%,7.8,8.04,8.1,625,125,5,70.24%,74.60%,-0.633815,2026-09-11
MDT,90.96,2026-12-18,97,Call,97.50,-7.19%,2.27,2.4,2.5,4511,903,5,23.54%,25.57%,0.325075,2026-09-11
NVDA,218.29,2026-09-14,2,Put,220.00,+0.78%,2.56,2.63,2.66,20024,4004,5,32.35%,25.29%,-0.655893,2026-09-11
UPS,100.28,2026-11-20,69,Call,110.00,-9.69%,1.95,2.02,2.15,10797,2165,4.99,24.07%,31.80%,0.261349,2026-09-11
USAR,15.56,2026-09-18,6,Call,15.50,+0.39%,0.55,0.57,0.66,742,149,4.98,77.44%,71.77%,0.537639,2026-09-11
META,648.03,2026-09-16,4,Call,652.50,-0.69%,8.05,8.2,8.4,831,167,4.98,37.35%,37.58%,0.441991,2026-09-11
ORCL,150.28,2026-10-30,48,Call,160.00,-6.47%,7.35,7.7,7.85,1269,255,4.98,50.27%,52.07%,0.411857,2026-09-11
AFRM,71.44,2026-10-16,34,Call,77.50,-8.48%,2.09,2.34,2.44,1221,246,4.96,53.67%,50.81%,0.335309,2026-09-11
UNH,379.09,2026-09-18,6,Put,367.50,-3.06%,2.08,2.42,2.37,941,190,4.95,35.00%,33.77%,-0.228655,2026-09-11
KSS,17.23,2028-01-21,496,Call,30.00,-74.11%,2.02,2.12,2.26,1500,303,4.95,53.37%,63.86%,0.350612,2026-09-11
CGON,72.35,2027-01-15,125,Call,80.00,-10.57%,8.6,9.5,10.2,5036,1017,4.95,65.93%,70.89%,0.498758,2026-09-11
MU,975.26,2026-09-14,2,Put,985.00,+1.00%,17.35,17.2,17.95,1125,228,4.93,59.27%,42.41%,-0.616503,2026-09-11
UNH,379.09,2026-09-25,13,Put,350.00,-7.67%,0.86,0.99,1.06,1153,234,4.93,35.00%,32.17%,-0.0881,2026-09-11
DELL,567.29,2026-09-18,6,Put,530.00,-6.57%,5.7,5.79,5.9,2068,420,4.92,63.09%,67.56%,-0.202185,2026-09-11
HOOD,112.57,2026-09-18,6,Call,118.00,-4.82%,1.63,1.63,1.69,6712,1363,4.92,60.62%,63.57%,0.298049,2026-09-11
MU,975.26,2026-09-14,2,Call,"1,050.00",-7.66%,0.24,0.26,0.26,4202,855,4.91,59.27%,47.97%,0.019891,2026-09-11
NG,7.5,2026-10-16,34,Put,8.00,+6.67%,0.9,1,1.05,812,166,4.89,75.29%,75.69%,-0.561273,2026-09-11
AMD,516.13,2026-09-14,2,Call,510.00,+1.19%,9.6,9.8,10.05,7807,1597,4.89,49.83%,41.05%,0.660919,2026-09-11
AMD,516.13,2026-09-18,6,Put,515.00,-0.22%,12.65,12.95,13.15,815,167,4.88,49.83%,51.56%,-0.470712,2026-09-11
LULU,98.97,2026-09-18,6,Call,98.00,+0.98%,2.47,2.6,2.77,540,111,4.86,40.06%,41.02%,0.588999,2026-09-11
NUAI,5.94,2026-09-18,6,Put,5.50,-7.41%,0.15,0.2,0.2,3340,687,4.86,142.41%,120.93%,-0.28186,2026-09-11
GFL,42.85,2027-01-15,125,Call,55.00,-28.35%,0,0.4,0.7,500,103,4.85,46.06%,30.10%,0.104259,2026-09-11
SPCX,151.21,2026-10-23,41,Call,170.00,-12.43%,4.15,4.28,4.3,1194,246,4.85,50.92%,51.35%,0.284216,2026-09-11
AMD,516.13,2026-09-14,2,Put,500.00,-3.13%,1.28,1.33,1.39,1780,367,4.85,49.83%,42.96%,-0.153839,2026-09-11
YSS,7.88,2026-11-20,69,Call,15.00,-90.36%,0.2,0.25,0.4,860,178,4.83,115.28%,120.32%,0.169632,2026-09-11
AMD,516.13,2026-09-14,2,Put,505.00,-2.16%,2.16,2.28,2.32,896,186,4.82,49.83%,42.00%,-0.234965,2026-09-11
SWKS,88.35,2026-09-18,6,Call,100.00,-13.19%,0.25,0.4,0.4,909,189,4.81,55.93%,70.09%,0.091264,2026-09-11
META,648.03,2026-09-14,2,Put,635.00,-2.01%,1.75,1.88,1.88,1086,226,4.81,37.35%,33.41%,-0.20039,2026-09-11
AAPL,332.27,2026-09-16,4,Put,325.00,-2.19%,0.93,1.06,1.06,5437,1130,4.81,24.62%,25.66%,-0.197866,2026-09-11
LYFT,15.32,2027-06-17,278,Call,27.00,-76.24%,0.51,0.55,0.81,739,154,4.8,44.49%,55.94%,0.196393,2026-09-11
AAPL,332.27,2026-09-16,4,Call,335.00,-0.82%,2.25,2.3,2.36,7094,1477,4.8,24.62%,24.79%,0.386516,2026-09-11
OSCR,32.77,2027-01-15,125,Call,36.00,-9.86%,3.95,4.32,4.9,829,173,4.79,68.70%,72.05%,0.507609,2026-09-11
ENPH,36.35,2028-01-21,496,Put,50.00,+37.55%,18.55,19.1,22,1001,209,4.79,65.05%,72.00%,-0.481686,2026-09-11
DOW,29.03,2026-11-20,69,Call,32.50,-11.95%,1,1.01,1.08,10044,2097,4.79,41.42%,45.28%,0.312066,2026-09-11
BEKE,16.93,2026-12-18,97,Call,20.00,-18.13%,0.35,0.55,0.6,5010,1049,4.78,37.05%,41.63%,0.244097,2026-09-11
USAR,15.56,2026-10-23,41,Call,20.00,-28.53%,0.45,0.48,0.55,506,106,4.77,77.44%,82.98%,0.227025,2026-09-11
HPQ,35.48,2026-10-16,34,Call,38.00,-7.10%,1.06,1.35,1.49,509,107,4.76,54.41%,51.94%,0.361621,2026-09-11
META,648.03,2026-09-18,6,Call,657.50,-1.46%,8.8,8.91,9,767,161,4.76,37.35%,38.80%,0.399006,2026-09-11
VALE,15.23,2026-10-16,34,Put,15.00,-1.51%,0.5,0.53,0.53,2269,479,4.74,35.86%,32.14%,-0.435905,2026-09-11
CIFR,16.85,2026-10-16,34,Put,12.00,-28.78%,0.1,0.25,0.36,5286,1118,4.73,96.50%,94.04%,-0.090586,2026-09-11
AAPL,332.27,2026-09-14,2,Put,320.00,-3.69%,0.08,0.11,0.12,8446,1786,4.73,24.62%,28.48%,-0.035677,2026-09-11
META,648.03,2026-09-14,2,Call,650.00,-0.30%,5.2,5.3,5.4,6444,1364,4.72,37.35%,32.26%,0.457148,2026-09-11
FCEL,15.89,2026-09-18,6,Call,16.00,-0.69%,0.65,0.74,1,721,153,4.71,96.82%,107.32%,0.509171,2026-09-11
PURR,11.61,2026-09-18,6,Put,11.50,-0.95%,0.5,0.55,0.65,1112,236,4.71,98.72%,106.94%,-0.443715,2026-09-11
TER,379.72,2026-09-18,6,Call,405.00,-6.66%,1.7,3.98,5.2,803,171,4.7,63.55%,60.12%,0.214657,2026-09-11
BE,275.75,2026-09-18,6,Put,265.00,-3.90%,6.25,6.4,6.4,686,147,4.67,79.20%,79.01%,-0.326967,2026-09-11
MSFT,495.63,2026-09-14,2,Put,485.00,-2.14%,0.24,0.28,0.31,1289,276,4.67,24.36%,20.96%,-0.078632,2026-09-11
HPE,62.09,2026-09-25,13,Put,53.00,-14.64%,0.3,0.35,0.39,793,170,4.66,63.20%,66.25%,-0.090805,2026-09-11
VST,148.38,2026-10-02,20,Call,165.00,-11.20%,1.1,1.41,1.73,633,136,4.65,44.35%,45.27%,0.17524,2026-09-11
LRCX,298.22,2026-09-18,6,Put,275.00,-7.79%,1.48,1.6,1.66,1150,248,4.64,56.46%,59.23%,-0.133094,2026-09-11
META,648.03,2026-09-14,2,Put,655.00,+1.08%,10.15,10.2,10.45,1271,274,4.64,37.35%,32.63%,-0.664911,2026-09-11
AAPL,332.27,2026-09-14,2,Put,322.50,-2.94%,0.15,0.17,0.17,4789,1033,4.64,24.62%,25.96%,-0.058062,2026-09-11
FRVO,15.59,2027-04-16,216,Call,22.50,-44.32%,2.9,2.92,3.4,602,130,4.63,104.37%,104.17%,0.488932,2026-09-11
CRSR,13.54,2026-10-16,34,Call,15.00,-10.78%,0.5,0.53,0.6,3207,694,4.62,58.26%,64.48%,0.342937,2026-09-11
GOOGL,338.5,2026-09-14,2,Put,330.00,-2.51%,0.21,0.23,0.25,8300,1797,4.62,28.84%,24.86%,-0.080706,2026-09-11
AAL,13.01,2026-10-09,27,Put,11.50,-11.61%,0.01,0.13,0.14,807,175,4.61,46.30%,38.60%,-0.108865,2026-09-11
AMD,516.13,2027-02-19,160,Call,800.00,-55.00%,15.15,16.15,17.25,1513,328,4.61,49.83%,57.47%,0.179487,2026-09-11
TECK,66.44,2027-01-15,125,Call,100.00,-50.51%,0.15,0.95,1.6,501,109,4.6,48.18%,49.07%,0.107091,2026-09-11
IREN,43.83,2026-09-18,6,Put,43.50,-0.75%,1.58,1.6,1.65,815,177,4.6,80.83%,80.02%,-0.448399,2026-09-11
TJX,126.02,2026-09-18,6,Call,126.00,+0.02%,1.4,1.6,1.65,1192,259,4.6,22.98%,23.17%,0.512604,2026-09-11
NVDA,218.29,2026-09-16,4,Call,215.00,+1.51%,4.85,4.89,4.95,1854,403,4.6,32.35%,32.22%,0.683477,2026-09-11
BEKE,16.93,2026-10-16,34,Call,18.00,-6.32%,0.3,0.4,0.65,7006,1522,4.6,37.05%,43.38%,0.341083,2026-09-11
AXP,324.69,2028-12-15,825,Call,380.00,-17.03%,45.3,46.15,48.95,500,109,4.59,23.68%,30.85%,0.502996,2026-09-11
INTC,102.94,2026-09-14,2,Put,99.00,-3.83%,0.31,0.32,0.32,1367,298,4.59,59.90%,52.13%,-0.150365,2026-09-11
GME,21.15,2026-10-09,27,Call,23.00,-8.75%,0.45,0.52,0.53,1396,304,4.59,43.85%,50.66%,0.288103,2026-09-11
MU,975.26,2026-09-14,2,Call,960.00,+1.56%,20.85,21.4,21.45,655,143,4.58,59.27%,41.51%,0.703681,2026-09-11
META,648.03,2026-09-25,13,Call,660.00,-1.85%,12.9,13.25,13.7,5222,1146,4.56,37.35%,37.31%,0.417559,2026-09-11
NXPI,236.62,2026-12-18,97,Call,260.00,-9.88%,12.3,13.63,13.7,504,111,4.54,41.01%,43.96%,0.389009,2026-09-11
M,22.08,2026-09-18,6,Call,21.50,+2.63%,0.61,0.69,0.77,549,121,4.54,37.87%,28.67%,0.77109,2026-09-11
TSM,433.24,2027-09-17,370,Put,310.00,-28.45%,12.85,13.8,14.7,1373,303,4.53,34.10%,39.60%,-0.132304,2026-09-11
AAOI,105.36,2028-01-21,496,Put,100.00,-5.09%,35.3,37.32,39.9,502,111,4.52,84.86%,95.14%,-0.265284,2026-09-11
TSLA,365.44,2026-09-23,11,Call,372.50,-1.93%,6.85,7.15,6.95,570,126,4.52,39.74%,38.66%,0.406996,2026-09-11
GTLB,46.99,2026-12-18,97,Call,57.50,-22.37%,2.05,2.65,3.6,640,142,4.51,51.92%,62.62%,0.332752,2026-09-11
MDB,362.21,2027-06-17,278,Call,630.00,-73.93%,20.9,25,29.15,590,131,4.5,52.78%,64.92%,0.261074,2026-09-11
MRVL,236.1,2027-02-19,160,Call,320.00,-35.54%,18.6,19.4,19.6,516,115,4.49,64.73%,67.92%,0.338951,2026-09-11
NVDA,218.29,2026-09-25,13,Call,227.50,-4.22%,1.81,1.84,1.86,1296,289,4.48,32.35%,30.49%,0.251438,2026-09-11
CIFR,16.85,2026-12-18,97,Put,14.00,-16.91%,1.61,1.79,2.08,2005,448,4.48,96.50%,99.80%,-0.263226,2026-09-11
TSLA,365.44,2026-09-14,2,Put,350.00,-4.23%,0.22,0.24,0.24,10543,2351,4.48,39.74%,36.76%,-0.054065,2026-09-11
META,648.03,2027-03-19,188,Call,"1,040.00",-60.49%,8.05,8.7,8.55,847,190,4.46,37.35%,43.67%,0.097972,2026-09-11
MU,975.26,2026-09-14,2,Call,"1,040.00",-6.64%,0.4,0.43,0.43,3263,731,4.46,59.27%,46.34%,0.032095,2026-09-11
UNH,379.09,2026-09-18,6,Put,372.50,-1.74%,3.55,3.8,4,717,161,4.45,35.00%,34.22%,-0.335069,2026-09-11
META,648.03,2026-09-18,6,Put,820.00,+26.54%,169,170,175.25,634,143,4.43,37.35%,82.45%,-0.988019,2026-09-11
TSLA,365.44,2026-09-18,6,Call,387.50,-6.04%,1.51,1.52,1.55,1178,266,4.43,39.74%,42.71%,0.150971,2026-09-11
TSLA,365.44,2026-09-23,11,Call,365.00,+0.12%,9.95,10.08,10.3,552,125,4.42,39.74%,38.38%,0.527035,2026-09-11
UNH,379.09,2026-09-18,6,Put,375.00,-1.08%,4.45,4.68,4.85,1254,284,4.42,35.00%,33.82%,-0.391222,2026-09-11
ARM,264.79,2026-09-18,6,Call,272.50,-2.91%,6.45,6.45,6.75,2046,463,4.42,65.47%,72.25%,0.398537,2026-09-11
BHC,5.86,2026-09-18,6,Put,6.50,+10.92%,0.45,0.48,0.9,723,164,4.41,43.66%,45.77%,-0.961175,2026-09-11
HOOD,112.57,2026-09-18,6,Call,113.00,-0.38%,3.35,3.4,3.45,1484,337,4.4,60.62%,62.07%,0.499748,2026-09-11
GME,21.15,2026-12-18,97,Call,21.00,+0.71%,2.11,2,2.34,5182,1178,4.4,43.85%,52.04%,0.547665,2026-09-11
CAVA,55.88,2027-06-17,278,Put,65.00,+16.32%,14.9,15.65,16.8,518,118,4.39,51.21%,56.73%,-0.512819,2026-09-11
META,648.03,2027-03-19,188,Call,980.00,-51.23%,11.25,13.22,12.05,575,131,4.39,37.35%,43.17%,0.131302,2026-09-11
FCEL,15.89,2026-09-18,6,Call,17.50,-10.13%,0.2,0.27,0.45,769,175,4.39,96.82%,106.73%,0.263501,2026-09-11
META,648.03,2026-09-16,4,Call,680.00,-4.93%,1.56,1.62,1.71,539,123,4.38,37.35%,39.15%,0.125944,2026-09-11
TSLA,365.44,2026-09-21,9,Call,365.00,+0.12%,8.7,9.1,9.05,705,161,4.38,39.74%,37.12%,0.525982,2026-09-11
ORCL,150.28,2026-09-18,6,Put,133.00,-11.50%,0.16,0.23,0.23,1329,304,4.37,50.27%,56.71%,-0.042603,2026-09-11
SLS,11.55,2026-09-18,6,Call,11.50,+0.43%,0.6,0.97,1.2,723,166,4.36,204.85%,148.54%,0.547308,2026-09-11
MRVL,236.1,2027-06-17,278,Call,340.00,-44.01%,29.55,31.7,31.15,574,132,4.35,64.73%,69.85%,0.402908,2026-09-11
AVGO,361.99,2026-09-14,2,Put,360.00,-0.55%,2.07,2.15,2.26,1369,317,4.32,34.93%,28.88%,-0.391686,2026-09-11
UPS,100.28,2026-09-18,6,Call,101.00,-0.72%,0.76,0.9,1.01,862,200,4.31,24.07%,23.86%,0.40845,2026-09-11
SPCX,151.21,2026-10-09,27,Put,110.00,-27.25%,0.35,0.35,0.39,1065,247,4.31,50.92%,67.02%,-0.032122,2026-09-11
GOOGL,338.5,2026-09-14,2,Call,350.00,-3.40%,0.12,0.13,0.14,6640,1539,4.31,28.84%,26.69%,0.04726,2026-09-11
LULU,98.97,2026-09-18,6,Call,101.00,-2.05%,1.15,1.26,1.46,522,122,4.28,40.06%,42.02%,0.367322,2026-09-11
UNH,379.09,2026-09-18,6,Put,355.00,-6.35%,0.47,0.53,0.58,562,132,4.26,35.00%,35.09%,-0.068595,2026-09-11
AAPL,332.27,2026-09-18,6,Put,335.00,+0.82%,5.5,5.85,5.9,10958,2573,4.26,24.62%,25.15%,-0.589344,2026-09-11
CRWV,88.99,2026-09-25,13,Put,82.00,-7.85%,1.79,1.77,1.87,2169,512,4.24,72.71%,70.29%,-0.244588,2026-09-11
AAPL,332.27,2026-09-18,6,Call,337.50,-1.57%,2.26,2.36,2.45,11302,2664,4.24,24.62%,25.86%,0.330645,2026-09-11
BE,275.75,2026-09-18,6,Call,272.50,+1.18%,12.6,12.72,12.8,688,163,4.22,79.20%,77.86%,0.569332,2026-09-11
ADSK,212.4,2026-09-18,6,Put,195.00,-8.19%,0.25,0.37,0.65,547,130,4.21,40.59%,47.71%,-0.075376,2026-09-11
NVDA,218.29,2026-09-14,2,Call,217.50,+0.36%,2.02,2.05,2.04,9993,2375,4.21,32.35%,24.59%,0.586233,2026-09-11
META,648.03,2027-03-19,188,Call,940.00,-45.06%,14.45,15.4,15.25,822,196,4.19,37.35%,43.00%,0.160824,2026-09-11
GOOGL,338.5,2026-09-18,6,Call,352.50,-4.14%,0.85,1.09,1.09,2933,700,4.19,28.84%,29.45%,0.14917,2026-09-11
JPM,356.23,2026-09-18,6,Call,372.50,-4.57%,0.23,0.27,0.29,577,138,4.18,24.60%,22.09%,0.060394,2026-09-11
BRK.B,510.37,2026-10-02,20,Call,515.00,-0.91%,4.3,4.5,5.15,598,143,4.18,13.60%,13.31%,0.416661,2026-09-11
NKE,36.8,2026-09-25,13,Call,36.00,+2.17%,1.32,1.42,1.47,722,173,4.17,45.24%,34.62%,0.642168,2026-09-11
META,648.03,2026-09-14,2,Call,690.00,-6.48%,0.09,0.13,0.14,738,178,4.15,37.35%,39.58%,0.016977,2026-09-11
CVX,214.06,2026-09-18,6,Put,212.50,-0.73%,2.29,2.3,2.44,2007,484,4.15,26.43%,28.31%,-0.412348,2026-09-11
SLS,11.55,2026-09-18,6,Call,16.00,-38.53%,0.1,0.15,0.2,3579,863,4.15,204.85%,194.01%,0.117958,2026-09-11
AMD,516.13,2026-09-18,6,Call,512.50,+0.70%,15.3,15.65,15.9,634,153,4.14,49.83%,51.50%,0.559207,2026-09-11
FCX,71.07,2026-09-18,6,Call,76.00,-6.94%,0.28,0.35,0.41,965,233,4.14,46.11%,49.13%,0.152384,2026-09-11
WBD,28.04,2027-06-17,278,Put,27.00,-3.71%,0,2,2.2,1380,333,4.14,29.28%,19.36%,-0.332963,2026-09-11
META,648.03,2026-09-14,2,Put,650.00,+0.30%,7.1,7.2,7.35,4311,1041,4.14,37.35%,32.60%,-0.542945,2026-09-11
MCD,252.53,2026-09-18,6,Put,285.00,+12.86%,30.85,31.95,33.2,3898,943,4.13,21.12%,38.04%,-0.994524,2026-09-11
MU,975.26,2026-09-14,2,Put,945.00,-3.10%,2.72,2.77,2.8,843,205,4.11,59.27%,44.11%,-0.161797,2026-09-11
DELL,567.29,2026-09-18,6,Put,540.00,-4.81%,8.3,8.35,8.45,1403,341,4.11,63.09%,67.38%,-0.267852,2026-09-11
ROL,34.73,2026-11-20,69,Put,37.50,+7.98%,3.4,3.48,3.6,876,215,4.07,28.58%,29.98%,-0.695044,2026-09-11
GME,21.15,2026-09-18,6,Call,21.50,-1.65%,0.39,0.4,0.4,5655,1388,4.07,43.85%,51.08%,0.410638,2026-09-11
SNDK,1633.35,2026-09-18,6,Put,"1,635.00",+0.10%,53.4,53.99,54,572,141,4.06,68.48%,63.81%,-0.486295,2026-09-11
MU,975.26,2026-09-16,4,Call,990.00,-1.51%,14,14.3,14.25,577,142,4.06,59.27%,49.99%,0.40011,2026-09-11
MCD,252.53,2026-09-18,6,Put,295.00,+16.82%,41,42,43.2,1463,361,4.05,21.12%,47.69%,-0.99532,2026-09-11
DLO,14.86,2028-01-21,496,Put,15.00,+0.94%,2.65,2.9,3.3,501,124,4.04,39.61%,43.01%,-0.397561,2026-09-11
TMO,609.82,2026-09-18,6,Call,640.00,-4.95%,0.45,1.38,5,1175,291,4.04,29.18%,38.47%,0.172653,2026-09-11
TSLA,365.44,2026-09-18,6,Put,367.50,+0.56%,8.45,8.5,8.6,2301,569,4.04,39.74%,40.31%,-0.52956,2026-09-11
TSLA,365.44,2026-09-14,2,Call,355.00,+2.86%,10.95,11.05,11.35,4565,1130,4.04,39.74%,35.56%,0.869063,2026-09-11
META,648.03,2026-09-16,4,Put,625.00,-3.55%,2.49,2.52,2.67,580,144,4.03,37.35%,38.69%,-0.178302,2026-09-11
PGR,217.62,2026-10-16,34,Put,210.00,-3.50%,3.5,3.7,4,795,198,4.02,25.87%,27.41%,-0.308233,2026-09-11
MCD,252.53,2026-09-18,6,Put,290.00,+14.84%,35.95,37.25,38.35,2281,567,4.02,21.12%,42.92%,-0.994973,2026-09-11
META,648.03,2026-09-14,2,Call,655.00,-1.08%,3.3,3.45,3.55,5193,1291,4.02,37.35%,32.56%,0.335644,2026-09-11
NFLX,77.4,2028-01-21,496,Put,78.00,+0.78%,11.05,12.05,13.25,1199,299,4.01,34.89%,38.43%,-0.39192,2026-09-11
META,648.03,2026-09-14,2,Put,640.00,-1.24%,2.92,3,3.1,2168,540,4.01,37.35%,32.89%,-0.297734,2026-09-11
DELL,567.29,2026-11-20,69,Put,420.00,-25.96%,9.95,10.4,11,660,165,4,63.09%,66.69%,-0.114826,2026-09-11
META,648.03,2026-09-14,2,Put,645.00,-0.47%,4.7,4.81,4.9,1706,427,4,37.35%,32.70%,-0.416046,2026-09-11
GME,21.15,2026-10-09,27,Call,21.00,+0.71%,1.05,1.04,1.25,1911,479,3.99,43.85%,48.15%,0.540007,2026-09-11
DELL,567.29,2026-09-18,6,Put,515.00,-9.22%,3.15,3.17,3.3,677,170,3.98,63.09%,68.58%,-0.125224,2026-09-11
SLS,11.55,2026-10-16,34,Put,7.00,-39.39%,0.6,0.75,0.75,10906,2740,3.98,204.85%,208.25%,-0.13353,2026-09-11
MSFT,495.63,2026-09-25,13,Call,535.00,-7.94%,0.43,0.48,0.53,5351,1349,3.97,24.36%,24.16%,0.051435,2026-09-11
AMZN,256.78,2026-09-16,4,Call,265.00,-3.20%,0.61,0.63,0.63,4650,1175,3.96,30.07%,28.86%,0.155093,2026-09-11
AAPL,332.27,2026-09-18,6,Call,332.50,-0.07%,4.35,4.4,4.5,6873,1734,3.96,24.62%,26.18%,0.504903,2026-09-11
WDC,447.18,2026-12-18,97,Put,270.00,-39.62%,3.9,5.18,6.3,517,131,3.95,63.72%,73.04%,-0.060288,2026-09-11
ADBE,252.23,2026-11-20,69,Put,245.00,-2.87%,12.05,13.35,15,628,159,3.95,42.61%,40.85%,-0.388532,2026-09-11
AVGO,361.99,2026-09-14,2,Put,350.00,-3.31%,0.24,0.26,0.28,1473,373,3.95,34.93%,31.17%,-0.069752,2026-09-11
AEHR,94.69,2026-09-25,13,Put,80.00,-15.51%,1.3,2.19,2.3,739,188,3.93,111.94%,103.50%,-0.16684,2026-09-11
MDB,362.21,2027-06-17,278,Call,480.00,-32.52%,45.05,50.81,53.15,1176,300,3.92,52.78%,64.81%,0.435894,2026-09-11
AMD,516.13,2026-09-14,2,Call,515.00,+0.22%,6.55,6.8,7.05,5804,1482,3.92,49.83%,40.49%,0.537745,2026-09-11
MU,975.26,2026-09-14,2,Put,895.00,-8.23%,0.24,0.24,0.27,536,137,3.91,59.27%,55.59%,-0.017356,2026-09-11
NVDA,218.29,2026-09-14,2,Put,215.00,-1.51%,0.57,0.58,0.58,17752,4547,3.9,32.35%,27.51%,-0.222535,2026-09-11
VG,15.8,2026-10-02,20,Call,15.00,+5.06%,1.2,1.3,1.35,1472,380,3.87,58.70%,55.38%,0.683912,2026-09-11
MCD,252.53,2026-09-18,6,Put,310.00,+22.76%,56.05,57.1,58.3,2084,538,3.87,21.12%,61.29%,-0.9965,2026-09-11
STNE,10.1,2026-11-20,69,Call,15.47,-53.17%,0,0.14,0.75,1000,259,3.86,52.95%,92.13%,0.198565,2026-09-11
MSTR,130.97,2026-09-18,6,Put,132.00,+0.79%,5.3,5.43,5.5,1963,509,3.86,70.24%,72.97%,-0.512755,2026-09-11
ORCL,150.28,2026-09-25,13,Call,152.50,-1.48%,4.95,5.05,5.25,854,222,3.85,50.27%,53.50%,0.46526,2026-09-11
META,648.03,2026-09-18,6,Call,652.50,-0.69%,10.85,11.05,11.05,1052,273,3.85,37.35%,38.81%,0.459213,2026-09-11
ORCL,150.28,2026-09-18,6,Put,144.00,-4.18%,1.7,1.84,1.82,1526,396,3.85,50.27%,55.65%,-0.261448,2026-09-11
DOW,29.03,2026-09-18,6,Call,29.50,-1.62%,0.41,0.44,0.49,570,149,3.83,41.42%,44.14%,0.397871,2026-09-11
CVNA,69.16,2026-09-18,6,Put,69.00,-0.23%,1.93,2.03,2.15,674,176,3.83,57.15%,60.51%,-0.470178,2026-09-11
KTOS,46.69,2026-10-16,34,Call,52.50,-12.44%,1.3,1.5,1.7,1664,434,3.83,59.32%,60.60%,0.30047,2026-09-11
ORCL,150.28,2026-09-18,6,Put,143.00,-4.84%,1.42,1.47,1.51,2043,533,3.83,50.27%,55.20%,-0.229046,2026-09-11
MU,975.26,2026-09-25,13,Call,985.00,-1.00%,32.4,33.75,34.65,767,201,3.82,59.27%,51.03%,0.483299,2026-09-11
GOOG,335.45,2026-09-18,6,Put,337.50,+0.61%,5.55,5.7,6,1295,339,3.82,28.56%,27.73%,-0.556451,2026-09-11
MU,975.26,2026-09-16,4,Call,985.00,-1.00%,15.9,16.2,16.2,586,154,3.81,59.27%,49.82%,0.437625,2026-09-11
MARA,11.98,2026-10-09,27,Call,15.00,-25.21%,0.28,0.31,0.32,1905,500,3.81,84.62%,87.55%,0.207847,2026-09-11
ORCL,150.28,2026-09-25,13,Put,152.50,+1.48%,6.85,7.14,7.2,706,186,3.8,50.27%,51.91%,-0.537407,2026-09-11
CRWV,88.99,2026-09-25,13,Put,83.00,-6.73%,2.08,2.12,2.18,2111,555,3.8,72.71%,70.23%,-0.274057,2026-09-11
ORCL,150.28,2026-09-18,6,Call,162.50,-8.13%,1.13,1.11,1.2,6306,1659,3.8,50.27%,63.76%,0.181139,2026-09-11
MU,975.26,2026-09-18,6,Put,985.00,+1.00%,30.65,30.5,31.2,747,197,3.79,59.27%,51.98%,-0.543442,2026-09-11
PANW,330.65,2026-11-20,69,Put,230.00,-30.44%,1.3,1.74,2,1104,291,3.79,46.90%,54.45%,-0.046585,2026-09-11
ORCL,150.28,2026-09-25,13,Call,180.00,-19.78%,0.46,0.5,0.52,4337,1143,3.79,50.27%,61.22%,0.067146,2026-09-11
MU,975.26,2027-06-17,278,Put,"1,060.00",+8.69%,240,241.52,244.9,558,148,3.77,59.27%,61.15%,-0.443991,2026-09-11
SOUN,6.26,2027-04-16,216,Put,6.00,-4.15%,1.17,1.21,1.71,562,149,3.77,59.61%,88.78%,-0.334838,2026-09-11
RXT,3.22,2026-10-16,34,Call,3.00,+6.83%,0.5,0.55,0.6,807,214,3.77,111.07%,113.02%,0.650874,2026-09-11
AMZN,256.78,2026-09-14,2,Call,250.00,+2.64%,5.8,7.2,7.45,3897,1037,3.76,30.07%,31.70%,0.877074,2026-09-11
OBE,12.97,2027-04-16,216,Call,22.50,-73.48%,1,0.85,1.15,697,186,3.75,76.68%,79.35%,0.288213,2026-09-11
CVX,214.06,2026-09-18,6,Put,215.00,+0.44%,3.3,3.62,3.75,692,185,3.74,26.43%,27.70%,-0.54131,2026-09-11
ASTS,59.86,2026-09-18,6,Put,58.00,-3.11%,1.28,1.24,1.37,2082,556,3.74,72.78%,71.01%,-0.345356,2026-09-11
INTC,102.94,2026-09-14,2,Call,105.00,-2.00%,0.7,0.73,0.74,11392,3042,3.74,59.90%,49.81%,0.303484,2026-09-11
HPE,62.09,2026-09-18,6,Call,59.00,+4.98%,3.8,3.85,4,2830,758,3.73,63.20%,63.37%,0.749898,2026-09-11
SPCX,151.21,2026-09-18,6,Put,144.00,-4.77%,1.49,1.48,1.52,4101,1100,3.73,50.92%,55.35%,-0.232245,2026-09-11
MU,975.26,2026-09-18,6,Put,965.00,-1.05%,20.6,20.85,21.1,777,209,3.72,59.27%,52.17%,-0.421188,2026-09-11
CORZ,17.94,2026-10-16,34,Call,23.00,-28.21%,0.24,0.31,0.38,3825,1028,3.72,68.32%,73.08%,0.161791,2026-09-11
BMNR,25.03,2026-09-18,6,Put,26.00,+3.88%,1.53,1.64,1.68,2145,580,3.7,79.62%,81.15%,-0.621536,2026-09-11
C,138.82,2028-12-15,825,Call,210.00,-51.28%,9.15,9.3,9.45,1243,337,3.69,31.29%,30.96%,0.284926,2026-09-11
KSS,17.23,2026-12-18,97,Call,22.00,-27.68%,0.66,0.73,1,1176,320,3.68,53.37%,63.21%,0.279207,2026-09-11
AMD,516.13,2026-09-14,2,Call,535.00,-3.66%,0.87,0.9,0.98,1058,288,3.67,49.83%,40.83%,0.121685,2026-09-11
TSM,433.24,2026-09-18,6,Call,432.50,+0.17%,7.1,7.2,7.5,1245,339,3.67,34.10%,30.80%,0.529939,2026-09-11
XYZ,79.21,2026-09-18,6,Put,73.00,-7.84%,0.14,0.14,0.18,666,182,3.66,39.29%,45.54%,-0.075372,2026-09-11
AAPL,332.27,2026-09-25,13,Call,332.50,-0.07%,6.1,6.5,6.4,821,225,3.65,24.62%,24.67%,0.513384,2026-09-11
CDE,20.58,2026-09-18,6,Call,20.50,+0.39%,0.7,0.74,0.85,1576,434,3.63,62.36%,69.40%,0.537514,2026-09-11
DELL,567.29,2026-09-18,6,Call,570.00,-0.48%,17.95,18.13,18.35,2442,673,3.63,63.09%,66.51%,0.497124,2026-09-11
AAPL,332.27,2026-10-16,34,Put,340.00,+2.33%,13.15,13.34,13.7,2653,731,3.63,24.62%,23.53%,-0.602094,2026-09-11
INTC,102.94,2026-09-18,6,Call,106.00,-2.97%,2.08,2.09,2.15,2204,609,3.62,59.90%,63.84%,0.377985,2026-09-11
AVGO,361.99,2028-12-15,825,Put,310.00,-14.36%,52.65,53.15,54,3605,995,3.62,34.93%,44.36%,-0.258455,2026-09-11
ORCL,150.28,2026-09-25,13,Call,175.00,-16.45%,0.7,0.76,0.8,5191,1434,3.62,50.27%,59.60%,0.098386,2026-09-11
ORCL,150.28,2026-10-23,41,Call,155.00,-3.14%,7.55,8,8.5,512,142,3.61,50.27%,49.34%,0.464186,2026-09-11
DVN,50.23,2026-09-18,6,Call,52.00,-3.52%,0.21,0.26,0.25,945,262,3.61,34.50%,31.74%,0.204237,2026-09-11
SNDK,1633.35,2026-09-18,6,Call,"1,650.00",-1.02%,46.6,46.8,47,1781,494,3.61,68.48%,64.68%,0.470635,2026-09-11
UBER,71.67,2026-09-18,6,Call,73.00,-1.86%,0.77,0.78,0.8,3171,879,3.61,34.69%,35.98%,0.358414,2026-09-11
WELL,235.62,2026-10-16,34,Call,250.00,-6.10%,1.95,2.1,2.2,634,176,3.6,23.62%,23.34%,0.222213,2026-09-11
CLX,87.76,2026-09-18,6,Call,90.00,-2.55%,0.5,0.75,0.7,856,238,3.6,32.08%,32.17%,0.275003,2026-09-11
GOOGL,338.5,2026-09-16,4,Call,360.00,-6.35%,0.18,0.19,0.22,1465,407,3.6,28.84%,33.49%,0.041955,2026-09-11
AMD,516.13,2026-09-14,2,Put,475.00,-7.97%,0.08,0.12,0.17,830,231,3.59,49.83%,53.41%,-0.016807,2026-09-11
AVGO,361.99,2026-09-21,9,Call,365.00,-0.83%,5.55,6.1,6.05,1725,481,3.59,34.93%,31.15%,0.448144,2026-09-11
IOVA,8.6,2026-09-18,6,Call,8.50,+1.16%,0.35,0.5,0.5,628,176,3.57,86.24%,84.70%,0.566517,2026-09-11
FUTU,112.73,2027-02-19,160,Put,60.00,-46.78%,0.52,0.52,0.71,502,141,3.56,45.29%,56.03%,-0.032462,2026-09-11
EAT,212.49,2026-09-18,6,Call,220.00,-3.53%,2.5,3.26,3.9,555,156,3.56,47.21%,56.21%,0.330166,2026-09-11
NVDA,218.29,2026-10-30,48,Put,200.00,-8.38%,3.55,3.6,3.7,655,184,3.56,32.35%,34.89%,-0.216314,2026-09-11
RTX,197.68,2026-09-18,6,Call,197.50,+0.09%,1.82,2.44,2.75,615,173,3.55,23.69%,21.36%,0.523777,2026-09-11
NVDA,218.29,2026-09-16,4,Call,217.50,+0.36%,3.25,3.35,3.35,1556,438,3.55,32.35%,31.29%,0.554736,2026-09-11
ALHC,12.61,2026-09-18,6,Put,10.00,-20.70%,0,0.1,0.1,2210,622,3.55,68.76%,120.39%,-0.056684,2026-09-11
AMD,516.13,2026-09-18,6,Call,525.00,-1.72%,9.6,9.8,10.1,3408,961,3.55,49.83%,51.50%,0.414476,2026-09-11
TSLA,365.44,2026-09-16,4,Call,362.50,+0.80%,7.45,7.59,7.75,888,251,3.54,39.74%,39.03%,0.590139,2026-09-11
AIRJ,4.28,2026-09-18,6,Call,5.00,-16.82%,0,0.1,0.1,920,260,3.54,125.62%,113.91%,0.161677,2026-09-11
CRWD,206.74,2026-11-20,69,Call,205.00,+0.84%,19.7,20.45,21.45,1063,300,3.54,50.31%,53.37%,0.572473,2026-09-11
AFRM,71.44,2026-12-18,97,Put,52.50,-26.51%,0.92,1.65,2.29,1199,339,3.54,53.67%,61.65%,-0.123671,2026-09-11
GIS,35.85,2026-10-16,34,Call,37.50,-4.60%,0.8,0.85,0.9,7679,2172,3.54,36.81%,35.22%,0.348055,2026-09-11
AFRM,71.44,2026-09-18,6,Put,66.00,-7.61%,0.26,0.34,0.41,528,150,3.52,53.67%,56.21%,-0.126606,2026-09-11
NBIS,224.55,2026-09-18,6,Put,217.50,-3.14%,5.75,5.83,5.9,686,195,3.52,79.45%,79.28%,-0.355805,2026-09-11
AVAV,146.71,2026-10-16,34,Call,155.00,-5.65%,6.1,6.5,7.8,629,179,3.51,58.08%,56.64%,0.416208,2026-09-11
CAVA,55.88,2026-09-18,6,Call,61.00,-9.16%,0.15,0.24,0.3,694,198,3.51,51.21%,55.72%,0.118373,2026-09-11
ASTS,59.86,2026-09-25,13,Put,65.00,+8.59%,6.15,6.42,7.55,1020,291,3.51,72.78%,80.74%,-0.6771,2026-09-11
INTC,102.94,2026-09-18,6,Put,99.00,-3.83%,1.64,1.68,1.68,1626,464,3.5,59.90%,63.45%,-0.299416,2026-09-11
AMZN,256.78,2026-09-16,4,Put,250.00,-2.64%,0.73,0.76,0.8,1202,344,3.49,30.07%,28.76%,-0.17993,2026-09-11
AMD,516.13,2026-09-14,2,Call,520.00,-0.75%,4.3,4.52,4.65,4772,1366,3.49,49.83%,40.38%,0.409681,2026-09-11
DELL,567.29,2026-09-25,13,Call,570.00,-0.48%,24.75,25.64,26.45,508,146,3.48,63.09%,62.26%,0.511024,2026-09-11
GOOGL,338.5,2026-09-16,4,Put,330.00,-2.51%,0.96,1.03,1.3,1075,309,3.48,28.84%,29.12%,-0.194811,2026-09-11
BABA,109.3,2026-09-18,6,Call,111.00,-1.56%,1.29,1.39,1.44,2150,618,3.48,40.37%,37.42%,0.382675,2026-09-11
RKLB,62.95,2026-09-18,6,Call,63.00,-0.08%,2.06,2.12,2.22,2498,717,3.48,68.07%,66.67%,0.516125,2026-09-11
TSLA,365.44,2026-09-18,6,Put,362.50,-0.80%,5.95,6.03,6.05,2994,861,3.48,39.74%,40.10%,-0.423706,2026-09-11
DKNG,24.74,2026-10-16,34,Call,25.00,-1.05%,1.47,1.53,1.65,4439,1277,3.48,55.05%,54.50%,0.516382,2026-09-11
NBIS,224.55,2027-06-17,278,Call,320.00,-42.51%,44.1,48.35,47.35,1034,298,3.47,79.45%,90.66%,0.494526,2026-09-11
INTC,102.94,2026-09-25,13,Put,87.00,-15.48%,0.41,0.4,0.45,1044,301,3.47,59.90%,64.48%,-0.073264,2026-09-11
UNH,379.09,2026-09-25,13,Call,400.00,-5.52%,1.25,1.29,1.54,1389,400,3.47,35.00%,26.29%,0.14701,2026-09-11
NVDA,218.29,2026-09-16,4,Call,225.00,-3.07%,0.68,0.69,0.69,12197,3511,3.47,32.35%,30.86%,0.181346,2026-09-11
ORCL,150.28,2026-09-25,13,Call,155.00,-3.14%,4,4.1,4.25,1998,578,3.46,50.27%,53.59%,0.402208,2026-09-11
GOOG,335.45,2026-09-18,6,Call,337.50,-0.61%,3.95,4.11,4.15,1820,527,3.45,28.56%,28.63%,0.447253,2026-09-11
TSLA,365.44,2026-09-21,9,Call,370.00,-1.25%,6.6,6.62,6.7,661,192,3.44,39.74%,37.36%,0.433742,2026-09-11
GOOGL,338.5,2026-09-18,6,Put,337.50,-0.30%,4.25,4.35,5.45,1990,579,3.44,28.84%,31.32%,-0.458222,2026-09-11
MSFT,495.63,2026-09-14,2,Call,495.00,+0.13%,3,3.1,3.35,2572,747,3.44,24.36%,19.19%,0.542916,2026-09-11
META,648.03,2027-03-19,188,Call,860.00,-32.71%,23.4,24.55,24.5,513,150,3.42,37.35%,42.54%,0.237653,2026-09-11
SKHY,190.07,2028-12-15,825,Call,170.00,+10.56%,83.8,84.9,85.8,530,155,3.42,61.50%,66.27%,0.759806,2026-09-11
CELH,27.22,2026-09-18,6,Call,29.00,-6.54%,0.18,0.18,0.21,749,219,3.42,52.89%,54.21%,0.192662,2026-09-11
HOOD,112.57,2026-09-25,13,Put,115.00,+2.16%,6.2,6.29,6.5,2996,875,3.42,60.62%,59.80%,-0.549521,2026-09-11
MU,975.26,2026-09-16,4,Put,970.00,-0.54%,17.3,17.5,18.1,887,260,3.41,59.27%,50.18%,-0.446163,2026-09-11
UNH,379.09,2027-06-17,278,Call,160.00,+57.79%,214.95,216.6,223.1,900,264,3.41,35.00%,43.11%,0.995943,2026-09-11
ZS,164.54,2026-09-18,6,Call,182.50,-10.92%,0.39,0.57,0.58,1033,303,3.41,50.98%,57.91%,0.088483,2026-09-11
META,648.03,2027-03-19,188,Call,880.00,-35.80%,20.75,22,21.75,602,177,3.4,37.35%,42.65%,0.215863,2026-09-11
AMD,516.13,2026-09-16,4,Put,480.00,-7.00%,1.21,1.24,1.55,728,214,3.4,49.83%,54.80%,-0.096753,2026-09-11
VG,15.8,2026-09-25,13,Call,15.50,+1.90%,0.75,0.85,0.9,1205,354,3.4,58.70%,55.58%,0.597071,2026-09-11
ALAB,291.22,2026-09-18,6,Call,310.00,-6.45%,4.5,5,5.3,1828,540,3.39,76.68%,77.93%,0.284463,2026-09-11
AAL,13.01,2026-10-09,27,Call,13.00,+0.08%,0.39,0.73,0.76,609,180,3.38,46.30%,40.31%,0.525115,2026-09-11
MRNA,143.97,2026-09-18,6,Call,150.00,-4.19%,2.88,2.95,3.1,8199,2425,3.38,69.93%,72.60%,0.349026,2026-09-11
SNDK,1633.35,2026-09-18,6,Put,"1,640.00",+0.41%,56.2,56.39,57.3,1371,407,3.37,68.48%,64.31%,-0.500938,2026-09-11
CVNA,69.16,2026-10-16,34,Put,70.00,+1.21%,4.95,5.04,5.3,3926,1165,3.37,57.15%,56.84%,-0.487322,2026-09-11
AMZN,256.78,2026-09-14,2,Call,260.00,-1.25%,0.58,0.58,0.62,16293,4833,3.37,30.07%,22.88%,0.237078,2026-09-11
UEC,10.45,2026-09-25,13,Put,11.00,+5.26%,0.62,0.85,0.94,548,163,3.36,68.06%,57.28%,-0.660358,2026-09-11
SLS,11.55,2026-09-18,6,Call,13.50,-16.88%,0.35,0.35,0.6,584,174,3.36,204.85%,189.32%,0.301267,2026-09-11
NVDA,218.29,2026-09-25,13,Put,212.50,-2.65%,2.72,2.7,2.79,688,205,3.36,32.35%,32.20%,-0.31246,2026-09-11
SYF,75.99,2026-09-18,6,Put,75.00,-1.30%,0.85,0.85,1,5795,1727,3.36,31.83%,35.55%,-0.375609,2026-09-11
USAR,15.56,2026-10-16,34,Call,16.00,-2.83%,1.28,1.31,1.33,646,193,3.35,77.44%,77.85%,0.506366,2026-09-11
MOD,189.3,2026-11-20,69,Call,230.00,-21.50%,9.3,12.3,13.3,754,225,3.35,66.45%,73.38%,0.333394,2026-09-11
AMAT,456.49,2026-09-18,6,Call,482.50,-5.70%,3.9,4,4.1,931,278,3.35,51.97%,54.27%,0.225343,2026-09-11
SMR,8.61,2026-09-25,13,Call,10.00,-16.14%,0.08,0.14,0.15,2935,875,3.35,77.88%,78.75%,0.177719,2026-09-11
LEU,152.31,2026-10-16,34,Put,140.00,-8.08%,6.3,6.6,8.7,913,273,3.34,71.27%,72.68%,-0.307138,2026-09-11
TSLA,365.44,2026-09-16,4,Put,360.00,-1.49%,3.5,3.54,3.6,4088,1223,3.34,39.74%,39.11%,-0.346363,2026-09-11
XFOR,3.5,2027-03-19,188,Call,7.50,-114.29%,0.15,0.2,0.7,1000,300,3.33,467.12%,117.77%,0.324601,2026-09-11
CVX,214.06,2026-09-18,6,Call,230.00,-7.45%,0.13,0.14,0.15,10713,3220,3.33,26.43%,31.69%,0.040381,2026-09-11
AMZN,256.78,2026-09-16,4,Call,267.50,-4.17%,0.28,0.37,0.37,587,177,3.32,30.07%,28.74%,0.091532,2026-09-11
GOOGL,338.5,2026-09-16,4,Call,350.00,-3.40%,0.69,0.7,0.76,2157,650,3.32,28.84%,28.89%,0.14065,2026-09-11
RXRX,3.2,2026-10-16,34,Call,0.50,+84.38%,2.63,2.77,4.75,509,154,3.31,77.72%,467.27%,0.978165,2026-09-11
SNOW,328.99,2026-09-18,6,Call,345.00,-4.87%,2.07,2.3,2.75,699,211,3.31,47.10%,46.03%,0.221962,2026-09-11
UBER,71.67,2026-10-02,20,Call,75.00,-4.65%,1.09,1.19,1.2,778,235,3.31,34.69%,35.22%,0.313648,2026-09-11
MSTR,130.97,2026-09-18,6,Call,135.00,-3.08%,3.25,3.3,3.35,22738,6882,3.3,70.24%,74.01%,0.395225,2026-09-11
HPE,62.09,2027-03-19,188,Put,60.00,-3.37%,9.4,9.75,10,1727,523,3.3,63.20%,64.65%,-0.369645,2026-09-11
BE,275.75,2026-09-25,13,Call,275.00,+0.27%,15.3,16.5,16.75,1007,306,3.29,79.20%,74.71%,0.539425,2026-09-11
INTC,102.94,2026-09-25,13,Call,118.00,-14.63%,0.83,0.85,0.88,555,169,3.28,59.90%,63.56%,0.142505,2026-09-11
SNDK,1633.35,2026-09-18,6,Call,"1,730.00",-5.92%,21.2,21.37,21.8,669,204,3.28,68.48%,66.33%,0.265466,2026-09-11
USAR,15.56,2026-09-25,13,Call,16.00,-2.83%,0.7,0.73,0.85,579,177,3.27,77.44%,81.81%,0.462131,2026-09-11
NBIS,224.55,2026-09-18,6,Call,205.00,+8.71%,21.15,21.95,22.3,889,272,3.27,79.45%,77.52%,0.834544,2026-09-11
SNDK,1633.35,2026-09-18,6,Call,"1,710.00",-4.69%,25.8,26,26.5,989,302,3.27,68.48%,65.58%,0.309827,2026-09-11
B,43.68,2026-11-20,69,Call,45.00,-3.02%,2.77,2.85,3.3,537,165,3.25,44.15%,46.80%,0.48859,2026-09-11
MSFT,495.63,2026-09-14,2,Put,490.00,-1.14%,0.75,0.87,0.93,1328,409,3.25,24.36%,19.38%,-0.207956,2026-09-11
ORCL,150.28,2026-10-02,20,Call,175.00,-16.45%,1.23,1.26,1.32,1567,482,3.25,50.27%,55.53%,0.136244,2026-09-11
AMZN,256.78,2026-09-18,6,Put,257.50,+0.28%,4,4.15,4.3,2311,712,3.25,30.07%,29.28%,-0.517391,2026-09-11
MU,975.26,2026-09-14,2,Put,905.00,-7.20%,0.36,0.39,0.41,849,262,3.24,59.27%,52.73%,-0.02622,2026-09-11
GLXY,24.4,2028-01-21,496,Put,17.50,-28.28%,4.1,4.4,5.65,920,284,3.24,82.09%,90.27%,-0.190114,2026-09-11
ZS,164.54,2026-09-25,13,Put,155.00,-5.80%,1.5,2.38,3,805,249,3.23,50.98%,48.90%,-0.240198,2026-09-11
MARA,11.98,2026-11-20,69,Call,19.00,-58.60%,0.38,0.39,0.42,1960,606,3.23,84.62%,93.51%,0.180376,2026-09-11
SMR,8.61,2026-09-18,6,Put,8.50,-1.28%,0.27,0.3,0.3,2674,834,3.21,77.88%,77.57%,-0.427005,2026-09-11
SNDK,1633.35,2026-09-18,6,Call,"1,740.00",-6.53%,19.5,19.4,19.7,586,183,3.2,68.48%,66.90%,0.245835,2026-09-11
XP,19.86,2026-11-20,69,Call,25.00,-25.88%,0.4,0.55,0.6,1695,529,3.2,50.68%,56.24%,0.204591,2026-09-11
SPCX,151.21,2026-09-18,6,Call,146.00,+3.45%,7.25,7.35,7.35,6726,2105,3.2,50.92%,54.25%,0.707985,2026-09-11
ORCL,150.28,2026-09-18,6,Put,149.00,-0.85%,3.6,3.75,3.85,1239,390,3.18,50.27%,56.97%,-0.437173,2026-09-11
ORCL,150.28,2026-10-02,20,Call,170.00,-13.12%,1.78,1.83,1.9,1400,442,3.17,50.27%,54.51%,0.185859,2026-09-11
TJX,126.02,2026-09-18,6,Put,125.00,-0.81%,0.7,0.86,1,1421,448,3.17,22.98%,20.45%,-0.368968,2026-09-11
AMZN,256.78,2026-09-16,4,Call,255.00,+0.69%,3.9,3.95,4.25,1920,605,3.17,30.07%,28.47%,0.603204,2026-09-11
OKLO,36.22,2026-09-18,6,Put,37.00,+2.15%,1.61,1.71,1.76,2139,674,3.17,70.96%,67.78%,-0.577947,2026-09-11
MU,975.26,2026-09-18,6,Call,980.00,-0.49%,23.95,23.9,24.3,4111,1297,3.17,59.27%,52.33%,0.488036,2026-09-11
HOOD,112.57,2026-09-18,6,Call,114.00,-1.27%,2.92,2.97,3,2057,650,3.16,60.62%,62.17%,0.455786,2026-09-11
MSTR,130.97,2026-09-25,13,Call,142.00,-8.42%,3.15,3.22,3.3,592,188,3.15,70.24%,72.37%,0.303484,2026-09-11
SNDK,1633.35,2026-09-18,6,Put,"1,630.00",-0.21%,49.3,51.16,52.3,649,206,3.15,68.48%,63.39%,-0.471378,2026-09-11
TSLA,365.44,2026-09-16,4,Call,375.00,-2.62%,2.6,2.64,2.66,3345,1062,3.15,39.74%,40.36%,0.280722,2026-09-11
AAPL,332.27,2026-09-14,2,Call,330.00,+0.68%,3.3,3.4,3.55,18399,5843,3.15,24.62%,21.00%,0.677398,2026-09-11
KR,58.49,2026-09-18,6,Call,60.00,-2.58%,0.29,0.38,0.37,10061,3200,3.14,27.29%,29.19%,0.255554,2026-09-11
TGT,155.83,2027-06-17,278,Put,155.00,-0.53%,17.6,17.85,18.6,763,243,3.14,30.00%,36.05%,-0.417704,2026-09-11
AAPL,332.27,2026-09-21,9,Call,335.00,-0.82%,3.6,3.8,3.85,1135,361,3.14,24.62%,23.24%,0.427107,2026-09-11
CSCO,112.13,2026-09-18,6,Call,119.00,-6.13%,0.08,0.1,0.12,594,190,3.13,29.18%,28.87%,0.05718,2026-09-11
BE,275.75,2026-09-18,6,Call,285.00,-3.35%,7.2,7.1,7.4,504,162,3.11,79.20%,78.60%,0.393136,2026-09-11
CRWV,88.99,2026-10-02,20,Call,112.00,-25.86%,0.91,1,0.97,513,165,3.11,72.71%,78.44%,0.125075,2026-09-11
MRVL,236.1,2027-02-19,160,Put,150.00,-36.47%,5.3,5.6,5.9,1026,330,3.11,64.73%,65.18%,-0.096639,2026-09-11
ORCL,150.28,2027-09-17,370,Put,155.00,+3.14%,31.35,32.45,34,508,164,3.1,50.27%,54.06%,-0.400135,2026-09-11
MCD,252.53,2026-09-18,6,Put,300.00,+18.80%,45.95,46.95,48.35,577,186,3.1,21.12%,52.33%,-0.996062,2026-09-11
TSLA,365.44,2026-09-23,11,Call,390.00,-6.72%,2.48,2.51,2.54,577,186,3.1,39.74%,39.88%,0.186926,2026-09-11
ODD,18.28,2026-09-18,6,Call,17.00,+7.00%,1.45,2,2.15,928,300,3.09,82.75%,114.21%,0.716716,2026-09-11
DAL,79.91,2026-09-18,6,Call,83.00,-3.87%,0.51,0.55,0.61,1996,646,3.09,41.28%,39.84%,0.239085,2026-09-11
BE,275.75,2026-09-18,6,Put,275.00,-0.27%,10.6,10.65,10.75,2844,923,3.08,79.20%,78.98%,-0.467208,2026-09-11
GOOGL,338.5,2027-09-17,370,Put,280.00,-17.28%,15.5,16.1,17.25,3604,1172,3.08,28.84%,34.52%,-0.209099,2026-09-11
AMZN,256.78,2026-09-14,2,Put,265.00,+3.20%,7.75,7.7,8.5,649,212,3.06,30.07%,21.00%,-0.983884,2026-09-11
U,43.96,2026-10-16,34,Call,50.00,-13.74%,1,1.04,1.08,1144,374,3.06,54.65%,55.12%,0.254393,2026-09-11
SEDG,34.68,2026-09-18,6,Put,35.50,+2.36%,1.9,1.95,2.06,1002,329,3.05,79.80%,86.22%,-0.560443,2026-09-11
MSTR,130.97,2026-09-18,6,Call,131.00,-0.02%,4.75,4.95,5,2968,974,3.05,70.24%,72.46%,0.5201,2026-09-11
KLAC,180.64,2026-09-18,6,Call,197.50,-9.33%,0.4,0.75,0.9,2335,769,3.04,52.54%,54.72%,0.109434,2026-09-11
AAL,13.01,2026-10-02,20,Call,13.00,+0.08%,0.55,0.56,0.58,1561,515,3.03,46.30%,46.04%,0.524693,2026-09-11
TSLA,365.44,2026-09-14,2,Put,355.00,-2.86%,0.51,0.52,0.52,6365,2100,3.03,39.74%,33.29%,-0.115872,2026-09-11
LULU,98.97,2026-09-18,6,Call,113.00,-14.18%,0.01,0.12,0.12,550,182,3.02,40.06%,52.23%,0.026353,2026-09-11
Z,32.5,2028-01-21,496,Call,47.50,-46.15%,4.4,5.1,5.7,724,240,3.02,53.67%,57.49%,0.440813,2026-09-11
NEM,126.81,2026-09-18,6,Call,134.00,-5.67%,0.6,0.67,0.98,740,245,3.02,41.23%,47.28%,0.191594,2026-09-11
ONON,27.41,2026-09-25,13,Call,28.00,-2.15%,0.79,0.85,0.88,2420,802,3.02,41.20%,52.30%,0.439051,2026-09-11
ORCL,150.28,2027-09-17,370,Put,80.00,-46.77%,3.8,3.9,4.3,1645,547,3.01,50.27%,58.29%,-0.078504,2026-09-11
BSX,42.98,2026-09-18,6,Put,43.00,+0.05%,0.75,0.79,0.9,2245,745,3.01,37.14%,37.59%,-0.490333,2026-09-11
TSLA,365.44,2026-09-16,4,Call,370.00,-1.25%,4.1,4.11,4.2,5525,1836,3.01,39.74%,39.76%,0.394503,2026-09-11
GOOGL,338.5,2027-09-17,370,Call,340.00,-0.44%,53.35,54.2,56.1,1279,426,3,28.84%,36.86%,0.607682,2026-09-11
TSLA,365.44,2026-09-16,4,Call,380.00,-3.98%,1.59,1.6,1.63,2611,870,3,39.74%,41.07%,0.189945,2026-09-11
SPCX,151.21,2026-09-18,6,Put,139.00,-8.07%,0.66,0.66,0.67,4873,1625,3,50.92%,57.53%,-0.117838,2026-09-11
NVDA,218.29,2026-09-21,9,Call,217.50,+0.36%,4.35,4.72,4.6,769,257,2.99,32.35%,29.15%,0.547379,2026-09-11
SKHY,190.07,2026-10-23,41,Put,165.00,-13.19%,4.5,4.9,5.25,1711,573,2.99,61.50%,59.99%,-0.205478,2026-09-11
FIVN,30.66,2026-09-18,6,Call,32.50,-6.00%,0.05,0.33,0.6,1409,473,2.98,57.67%,60.54%,0.24059,2026-09-11
MU,975.26,2026-09-14,2,Call,"1,020.00",-4.59%,1.18,1.21,1.25,2607,879,2.97,59.27%,43.53%,0.085336,2026-09-11
SNDK,1633.35,2026-09-18,6,Call,"1,750.00",-7.14%,17.6,17.7,17.9,2687,905,2.97,68.48%,67.30%,0.226762,2026-09-11
META,648.03,2026-12-18,97,Call,"1,100.00",-69.75%,0.94,1.02,1.33,3911,1319,2.97,37.35%,46.88%,0.02118,2026-09-11
AAL,13.01,2026-10-09,27,Call,14.00,-7.61%,0.28,0.3,0.32,1035,351,2.95,46.30%,46.66%,0.303982,2026-09-11
MU,975.26,2026-09-14,2,Put,940.00,-3.62%,2.06,2.1,2.15,1897,645,2.94,59.27%,44.76%,-0.128511,2026-09-11
AAPL,332.27,2026-10-02,20,Put,330.00,-0.68%,6.1,6.3,6.3,883,301,2.93,24.62%,24.32%,-0.430981,2026-09-11
SKHY,190.07,2026-09-25,13,Put,177.50,-6.61%,2.7,3.3,3.8,1168,398,2.93,61.50%,58.50%,-0.246582,2026-09-11
CLF,12.06,2026-10-16,34,Put,13.00,+7.79%,1.39,1.4,1.47,2047,698,2.93,60.14%,58.90%,-0.625549,2026-09-11
BABA,109.3,2026-09-18,6,Call,114.00,-4.30%,0.6,0.62,0.65,2544,867,2.93,40.37%,39.07%,0.207243,2026-09-11
NVTS,11.63,2026-10-16,34,Call,15.00,-28.98%,0.25,0.27,0.29,4340,1480,2.93,80.25%,81.79%,0.1892,2026-09-11
TSLA,365.44,2026-09-21,9,Call,385.00,-5.35%,2.48,2.47,2.54,804,275,2.92,39.74%,38.55%,0.207109,2026-09-11
GOOGL,338.5,2026-09-25,13,Call,395.00,-16.69%,0.02,0.17,0.2,1106,379,2.92,28.84%,36.27%,0.013801,2026-09-11
OKLO,36.22,2026-09-18,6,Put,32.00,-11.65%,0.12,0.13,0.14,1151,395,2.91,70.96%,72.14%,-0.082031,2026-09-11
NVDA,218.29,2026-09-25,13,Call,222.50,-1.93%,3.3,3.35,3.4,1314,451,2.91,32.35%,30.68%,0.389091,2026-09-11
SBET,8.88,2026-12-18,97,Call,10.00,-12.61%,1.05,1.15,1.18,1908,656,2.91,79.92%,82.10%,0.482081,2026-09-11
FSLR,209.03,2028-01-21,496,Put,230.00,+10.03%,53.5,56.51,58.5,1013,349,2.9,49.85%,50.92%,-0.429972,2026-09-11
AMZN,256.78,2026-09-16,4,Call,260.00,-1.25%,1.68,1.79,1.79,3619,1246,2.9,30.07%,28.20%,0.346828,2026-09-11
NOK,11.13,2026-09-18,6,Call,11.50,-3.32%,0.18,0.2,0.21,8585,2957,2.9,57.49%,60.09%,0.351641,2026-09-11
UNH,379.09,2026-09-18,6,Put,365.00,-3.72%,1.53,1.65,1.75,813,281,2.89,35.00%,33.46%,-0.181724,2026-09-11
MO,68.98,2026-09-18,6,Call,68.00,+1.42%,0.9,1.1,1.2,1205,417,2.89,21.93%,11.38%,0.839299,2026-09-11
BE,275.75,2027-01-15,125,Put,125.00,-54.67%,1.85,3.2,2.94,2014,700,2.88,79.20%,88.22%,-0.034833,2026-09-11
TSLA,365.44,2026-09-18,6,Call,360.00,+1.49%,10.65,10.73,10.8,21245,7387,2.88,39.74%,40.79%,0.627185,2026-09-11
AMZN,256.78,2026-09-25,13,Put,215.00,-16.27%,0.1,0.1,0.14,2448,853,2.87,30.07%,44.62%,-0.015189,2026-09-11
SPCX,151.21,2026-09-18,6,Put,146.00,-3.45%,2.03,2.04,2.05,8383,2922,2.87,50.92%,54.77%,-0.293945,2026-09-11
AMD,516.13,2028-06-16,643,Call,"1,100.00",-113.12%,55,59.2,64,1639,573,2.86,49.83%,59.97%,0.321688,2026-09-11
ONON,27.41,2026-09-18,6,Call,28.00,-2.15%,0.3,0.38,0.4,736,258,2.85,41.20%,41.87%,0.359876,2026-09-11
TTAN,54.68,2026-09-18,6,Call,55.00,-0.59%,1.55,1.65,1.85,861,302,2.85,58.55%,65.64%,0.49195,2026-09-11
AAPL,332.27,2026-09-16,4,Call,350.00,-5.34%,0.14,0.15,0.16,3496,1225,2.85,24.62%,27.75%,0.039016,2026-09-11
ADBE,252.23,2026-09-18,6,Call,265.00,-5.06%,1.71,1.97,2.22,1954,687,2.84,42.61%,48.30%,0.224519,2026-09-11
SLS,11.55,2026-09-18,6,Call,14.50,-25.54%,0.2,0.27,0.35,714,252,2.83,204.85%,184.91%,0.200367,2026-09-11
NVDA,218.29,2026-09-21,9,Call,227.50,-4.22%,0.96,1.08,1.07,840,297,2.83,32.35%,28.77%,0.19076,2026-09-11
MSTR,130.97,2026-09-18,6,Put,133.00,+1.55%,5.85,5.74,6.15,992,351,2.83,70.24%,73.49%,-0.54431,2026-09-11
MU,975.26,2026-09-14,2,Put,865.00,-11.31%,0.08,0.1,0.1,1058,374,2.83,59.27%,65.04%,-0.005878,2026-09-11
NVDA,218.29,2026-09-18,6,Call,232.50,-6.51%,0.27,0.27,0.28,30535,10792,2.83,32.35%,32.51%,0.069494,2026-09-11
DUK,119.42,2026-12-18,97,Call,120.00,-0.49%,4.2,4.2,4.5,779,276,2.82,17.60%,18.78%,0.498867,2026-09-11
POET,7.95,2026-09-25,13,Call,9.50,-19.50%,0.04,0.11,0.13,863,306,2.82,82.86%,82.13%,0.143797,2026-09-11
TJX,126.02,2026-10-16,34,Put,120.00,-4.78%,1.05,1.1,1.15,1614,573,2.82,22.98%,22.28%,-0.217407,2026-09-11
NOK,11.13,2026-10-02,20,Call,13.00,-16.80%,0.11,0.12,0.14,1563,557,2.81,57.49%,61.37%,0.15857,2026-09-11
INTC,102.94,2026-09-14,2,Put,101.00,-1.88%,0.74,0.77,0.79,1961,697,2.81,59.90%,51.50%,-0.300787,2026-09-11
HPE,62.09,2026-10-16,34,Call,75.00,-20.79%,1.01,1.2,1.2,506,181,2.8,63.20%,62.05%,0.186803,2026-09-11
AVGO,361.99,2026-09-21,9,Call,370.00,-2.21%,3.55,4,5.3,673,240,2.8,34.93%,33.54%,0.353514,2026-09-11
NFLX,77.4,2027-09-17,370,Put,65.00,-16.02%,4.85,4.98,5.2,720,258,2.79,34.89%,38.81%,-0.234553,2026-09-11
APP,323.96,2026-09-25,13,Put,265.00,-18.20%,0.25,0.45,0.75,835,299,2.79,54.89%,60.19%,-0.033186,2026-09-11
UBER,71.67,2026-09-18,6,Call,71.00,+0.93%,1.62,1.75,1.76,916,328,2.79,34.69%,35.73%,0.59523,2026-09-11
VST,148.38,2026-10-16,34,Call,160.00,-7.83%,3.85,3.9,4,7109,2547,2.79,44.35%,44.58%,0.320789,2026-09-11
BE,275.75,2026-09-18,6,Call,277.50,-0.63%,10,10.3,10.35,643,231,2.78,79.20%,77.44%,0.496779,2026-09-11
NVDA,218.29,2026-09-25,13,Call,237.50,-8.80%,0.45,0.48,0.49,668,240,2.78,32.35%,31.09%,0.082387,2026-09-11
FCEL,15.89,2026-09-18,6,Call,19.00,-19.57%,0.1,0.11,0.2,1088,391,2.78,96.82%,117.07%,0.133088,2026-09-11
AMZN,256.78,2027-02-19,160,Call,320.00,-24.62%,7.35,7.65,7.6,2045,736,2.78,30.07%,36.18%,0.233051,2026-09-11
ALLE,153.35,2026-12-18,97,Call,160.00,-4.34%,5.4,6.2,6.2,2504,901,2.78,24.86%,25.97%,0.418352,2026-09-11
ORCL,150.28,2026-09-25,13,Call,157.50,-4.80%,3.25,3.25,3.45,1375,496,2.77,50.27%,54.17%,0.344434,2026-09-11
GOOGL,338.5,2027-09-17,370,Put,250.00,-26.14%,9.05,9.12,10.4,875,317,2.76,28.84%,36.03%,-0.133854,2026-09-11
AMZN,256.78,2026-09-14,2,Put,250.00,-2.64%,0.12,0.13,0.15,2030,736,2.76,30.07%,24.33%,-0.066171,2026-09-11
NFLX,77.4,2026-10-09,27,Call,86.00,-11.11%,0.48,0.48,0.51,515,187,2.75,34.89%,33.76%,0.141793,2026-09-11
TSLA,365.44,2026-09-25,13,Call,367.50,-0.56%,9.95,10.08,10.2,701,255,2.75,39.74%,39.36%,0.491564,2026-09-11
LITE,927.03,2026-09-18,6,Call,940.00,-1.40%,28.8,29.5,30.1,570,209,2.73,72.64%,74.00%,0.463055,2026-09-11
ORCL,150.28,2026-09-25,13,Call,172.50,-14.79%,0.84,0.9,0.95,1357,498,2.72,50.27%,58.17%,0.116205,2026-09-11
CLF,12.06,2026-10-16,34,Put,12.00,-0.50%,0.79,0.82,0.9,4050,1491,2.72,60.14%,60.50%,-0.449168,2026-09-11
AAPL,332.27,2026-09-16,4,Call,345.00,-3.83%,0.35,0.4,0.4,4584,1683,2.72,24.62%,26.22%,0.089694,2026-09-11
PURR,11.61,2026-09-18,6,Call,11.50,+0.95%,0.6,0.65,0.75,912,337,2.71,98.72%,104.14%,0.556672,2026-09-11
SNOW,328.99,2026-09-18,6,Call,335.00,-1.83%,5.15,5.2,5.75,1157,427,2.71,47.10%,47.27%,0.397965,2026-09-11
ATEC,10.58,2026-09-18,6,Call,10.00,+5.48%,0.6,0.65,0.7,565,209,2.7,56.73%,49.00%,0.826002,2026-09-11
HPE,62.09,2026-09-18,6,Call,63.00,-1.47%,1.7,1.75,1.79,1323,490,2.7,63.20%,67.48%,0.452266,2026-09-11
AMD,516.13,2026-09-16,4,Call,515.00,+0.22%,11.15,11.27,12.15,695,258,2.69,49.83%,50.97%,0.52998,2026-09-11
SPCX,151.21,2026-09-25,13,Put,150.00,-0.80%,5.2,5.21,5.3,2137,793,2.69,50.92%,52.22%,-0.443804,2026-09-11
SANM,216,2026-09-18,6,Call,220.00,-1.85%,3.5,5.01,6.5,610,228,2.68,60.35%,60.65%,0.424873,2026-09-11
AMD,516.13,2026-09-14,2,Put,510.00,-1.19%,3.5,3.64,3.85,869,324,2.68,49.83%,41.61%,-0.341292,2026-09-11
TSLA,365.44,2026-09-16,4,Call,395.00,-8.09%,0.34,0.36,0.36,1537,574,2.68,39.74%,44.36%,0.050162,2026-09-11
USAR,15.56,2026-10-16,34,Call,21.00,-34.96%,0.22,0.24,0.29,4102,1538,2.67,77.44%,81.50%,0.142954,2026-09-11
GOOGL,338.5,2026-09-14,2,Call,340.00,-0.44%,1.46,1.54,1.65,17491,6552,2.67,28.84%,21.96%,0.400281,2026-09-11
META,648.03,2027-06-17,278,Call,"1,040.00",-60.49%,17.7,18.55,18.6,567,213,2.66,37.35%,43.62%,0.163412,2026-09-11
BIIB,217.15,2026-09-18,6,Put,195.00,-10.20%,0,0.25,1.15,580,218,2.66,33.67%,60.06%,-0.074515,2026-09-11
TSLA,365.44,2026-09-21,9,Call,375.00,-2.62%,4.8,4.85,4.95,728,275,2.65,39.74%,37.63%,0.347396,2026-09-11
AAPL,332.27,2026-10-09,27,Put,320.00,-3.69%,3.75,3.85,3.9,1453,551,2.64,24.62%,25.01%,-0.268257,2026-09-11
MU,975.26,2026-09-18,6,Put,975.00,-0.03%,25.3,25.63,25.9,1504,569,2.64,59.27%,52.11%,-0.48228,2026-09-11
CELH,27.22,2027-06-17,278,Put,27.50,+1.03%,5.35,5.35,5.5,1790,677,2.64,52.89%,60.45%,-0.389902,2026-09-11
AAPL,332.27,2026-09-18,6,Put,345.00,+3.83%,12.45,13.05,13.55,3224,1219,2.64,24.62%,21.65%,-0.913673,2026-09-11
DELL,567.29,2026-09-18,6,Put,500.00,-11.86%,1.62,1.65,1.67,3816,1448,2.64,63.09%,69.40%,-0.070917,2026-09-11
AAPL,332.27,2026-09-18,6,Put,322.50,-2.94%,1.15,1.2,1.24,4909,1861,2.64,24.62%,27.07%,-0.186326,2026-09-11
AFRM,71.44,2027-03-19,188,Put,80.00,+11.98%,16.4,16.6,17.65,567,216,2.63,53.67%,61.39%,-0.50501,2026-09-11
PCOR,53.26,2026-09-18,6,Put,52.50,-1.43%,0.85,1.28,1.5,623,237,2.63,51.50%,56.85%,-0.404983,2026-09-11
NFLX,77.4,2026-10-02,20,Call,84.00,-8.53%,0.5,0.51,0.52,1261,479,2.63,34.89%,33.54%,0.164106,2026-09-11
NVDA,218.29,2026-09-14,2,Call,210.00,+3.80%,8.25,8.38,8.4,1741,663,2.63,32.35%,28.14%,0.969753,2026-09-11
MSFT,495.63,2026-09-18,6,Put,497.50,+0.38%,6.5,6.7,7.7,590,225,2.62,24.36%,24.55%,-0.536774,2026-09-11
SBET,8.88,2026-09-18,6,Put,9.00,+1.35%,0.37,0.44,0.68,2296,877,2.62,79.92%,101.81%,-0.513563,2026-09-11
BRK.B,510.37,2026-09-18,6,Put,495.00,-3.01%,0.32,0.37,0.44,2378,906,2.62,13.60%,17.03%,-0.075423,2026-09-11
TSLA,365.44,2026-09-16,4,Put,365.00,-0.12%,5.65,5.62,5.75,2656,1013,2.62,39.74%,39.22%,-0.476997,2026-09-11
NFLX,77.4,2026-09-25,13,Call,83.00,-7.24%,0.35,0.36,0.37,2693,1029,2.62,34.89%,33.55%,0.146589,2026-09-11
TSM,433.24,2026-09-18,6,Put,385.00,-11.13%,0.13,0.14,0.15,1129,433,2.61,34.10%,43.61%,-0.015882,2026-09-11
HPE,62.09,2026-09-18,6,Put,60.00,-3.37%,1.23,1.25,1.32,2205,846,2.61,63.20%,69.56%,-0.332502,2026-09-11
SYK,275.56,2026-09-18,6,Call,280.00,-1.61%,2,2.85,4.9,569,219,2.6,30.40%,37.59%,0.382181,2026-09-11
C,138.82,2027-03-19,188,Call,120.00,+13.56%,23.5,25.28,26.85,986,379,2.6,31.29%,34.99%,0.767308,2026-09-11
AVGO,361.99,2028-12-15,825,Call,650.00,-79.56%,43,45.5,46.75,3017,1161,2.6,34.93%,47.70%,0.358249,2026-09-11
FISV,51.58,2026-09-18,6,Call,52.00,-0.81%,0.6,0.87,0.9,544,210,2.59,37.61%,35.18%,0.442739,2026-09-11
META,648.03,2027-03-19,188,Call,920.00,-41.97%,16.35,17.15,17.1,736,284,2.59,37.35%,42.87%,0.177509,2026-09-11
JBLU,4.4,2026-09-25,13,Put,5.00,+13.64%,0.57,0.63,0.7,1002,387,2.59,62.14%,62.51%,-0.847541,2026-09-11
NVDA,218.29,2026-09-16,4,Call,230.00,-5.36%,0.19,0.19,0.2,11379,4398,2.59,32.35%,31.95%,0.062373,2026-09-11
LOW,196.82,2026-09-18,6,Put,230.00,+16.86%,31.3,31.3,34.3,573,222,2.58,27.46%,49.51%,-0.994775,2026-09-11
MU,975.26,2026-09-25,13,Call,"1,025.00",-5.10%,19.15,19.73,20.55,1115,432,2.58,59.27%,52.43%,0.329773,2026-09-11
TSLA,365.44,2026-09-16,4,Call,390.00,-6.72%,0.56,0.58,0.57,2399,929,2.58,39.74%,42.82%,0.077823,2026-09-11
MU,975.26,2026-09-14,2,Call,"1,060.00",-8.69%,0.16,0.16,0.17,785,305,2.57,59.27%,50.14%,0.013188,2026-09-11
RIVN,16.03,2026-09-25,13,Call,18.00,-12.29%,0.16,0.17,0.18,2533,986,2.57,57.00%,61.77%,0.177454,2026-09-11
SHAK,63.65,2028-01-21,496,Call,55.00,+13.59%,19.8,21.56,21.9,503,197,2.55,49.46%,54.25%,0.737107,2026-09-11
AMD,516.13,2026-09-14,2,Put,520.00,+0.75%,8.05,8.4,8.5,516,203,2.54,49.83%,40.55%,-0.590531,2026-09-11
AAL,13.01,2026-10-09,27,Put,13.50,+3.77%,0.85,0.83,1.11,528,209,2.53,46.30%,49.65%,-0.579859,2026-09-11
CSCO,112.13,2026-09-18,6,Call,118.00,-5.23%,0.14,0.15,0.19,879,347,2.53,29.18%,28.78%,0.087709,2026-09-11
SNDK,1633.35,2026-09-25,13,Call,"1,800.00",-10.20%,27.5,28,28.6,915,362,2.53,68.48%,67.06%,0.243765,2026-09-11
MCD,252.53,2026-09-18,6,Put,280.00,+10.88%,26.5,26.5,28.2,1165,460,2.53,21.12%,33.02%,-0.993924,2026-09-11
CSCO,112.13,2026-09-18,6,Call,112.00,+0.12%,1.7,1.8,1.86,1992,788,2.53,29.18%,29.57%,0.523337,2026-09-11
FCX,71.07,2026-09-18,6,Call,73.00,-2.72%,0.94,1.05,1.1,534,212,2.52,46.11%,49.22%,0.349772,2026-09-11
KO,88.29,2027-06-17,278,Call,67.50,+23.55%,21.75,22.42,23.25,850,337,2.52,18.24%,28.88%,0.877733,2026-09-11
AMAT,456.49,2027-03-19,188,Put,420.00,-7.99%,47.9,48.6,49.75,1181,468,2.52,51.97%,55.23%,-0.328394,2026-09-11
AMD,516.13,2026-09-14,2,Put,480.00,-7.00%,0.13,0.17,0.18,1415,562,2.52,49.83%,49.20%,-0.021911,2026-09-11
AMZN,256.78,2026-09-14,2,Put,255.00,-0.69%,0.87,0.9,0.92,7867,3127,2.52,30.07%,21.83%,-0.32666,2026-09-11
KR,58.49,2026-12-18,97,Put,57.50,-1.69%,2.71,3.1,3.6,2158,859,2.51,27.29%,31.40%,-0.416903,2026-09-11
MU,975.26,2026-09-14,2,Call,970.00,+0.54%,14.55,14.95,15,2653,1057,2.51,59.27%,41.27%,0.578763,2026-09-11
RDW,10.62,2026-10-16,34,Call,11.00,-3.58%,0.85,0.93,1,2001,802,2.5,83.61%,83.00%,0.500594,2026-09-11
HOOD,112.57,2026-09-18,6,Put,102.00,-9.39%,0.46,0.49,0.5,2319,927,2.5,60.62%,63.83%,-0.105184,2026-09-11
STX,830.17,2026-11-20,69,Call,880.00,-6.00%,82.4,87.83,95.1,721,289,2.49,66.14%,74.43%,0.500152,2026-09-11
ARBE,0.7836,2027-02-19,160,Call,2.0000,-155.23%,0.05,0.1,0.1,2572,1034,2.49,158.48%,130.95%,0.265034,2026-09-11
OKLO,36.22,2027-06-17,278,Call,50.00,-38.05%,6.6,6.8,7.1,1630,657,2.48,70.96%,83.81%,0.486585,2026-09-11
MU,975.26,2026-09-16,4,Call,"1,000.00",-2.54%,10.7,10.86,10.95,2541,1025,2.48,59.27%,50.37%,0.329473,2026-09-11
AMZN,256.78,2026-09-16,4,Call,272.50,-6.12%,0.1,0.14,0.15,514,208,2.47,30.07%,31.37%,0.037488,2026-09-11
CLSK,13.67,2026-09-18,6,Put,13.50,-1.24%,0.41,0.51,0.53,1250,507,2.47,79.26%,79.80%,-0.429239,2026-09-11
KR,58.49,2026-09-18,6,Call,58.00,+0.84%,1.04,1.15,1.43,574,233,2.46,27.29%,32.36%,0.590175,2026-09-11
AAPL,332.27,2026-10-09,27,Put,330.00,-0.68%,7.2,7.2,7.45,635,259,2.45,24.62%,24.33%,-0.434249,2026-09-11
NEE,82.31,2026-10-09,27,Call,88.00,-6.91%,0.16,0.31,0.47,1503,614,2.45,20.80%,21.44%,0.133448,2026-09-11
MARA,11.98,2026-09-25,13,Put,12.00,+0.17%,0.75,0.83,0.8,1235,506,2.44,84.62%,85.64%,-0.46939,2026-09-11
TSLA,365.44,2026-09-25,13,Put,365.00,-0.12%,10.2,10.3,10.35,2307,945,2.44,39.74%,38.93%,-0.473326,2026-09-11
CLSK,13.67,2026-09-18,6,Call,14.50,-6.07%,0.25,0.28,0.31,3654,1498,2.44,79.26%,83.92%,0.31256,2026-09-11
ORCL,150.28,2026-10-09,27,Put,140.00,-6.84%,3.6,3.74,3.8,516,212,2.43,50.27%,50.02%,-0.274103,2026-09-11
AAPL,332.27,2026-10-30,48,Call,340.00,-2.33%,10,10.3,10.6,558,230,2.43,24.62%,27.18%,0.444572,2026-09-11
TMO,609.82,2026-09-18,6,Call,610.00,-0.03%,6.8,10.01,11.7,594,244,2.43,29.18%,29.42%,0.510151,2026-09-11
NVO,43.07,2026-09-18,6,Put,43.00,-0.16%,0.63,0.66,0.69,832,343,2.43,34.63%,30.93%,-0.482015,2026-09-11
INTC,102.94,2026-09-14,2,Put,97.00,-5.77%,0.11,0.13,0.13,1119,461,2.43,59.90%,54.05%,-0.065574,2026-09-11
AAL,13.01,2026-10-16,34,Call,14.00,-7.61%,0.39,0.41,0.41,20590,8461,2.43,46.30%,48.58%,0.337674,2026-09-11
AAPL,332.27,2026-09-18,6,Put,330.00,-0.68%,3.25,3.35,3.4,18058,7475,2.42,24.62%,26.19%,-0.407342,2026-09-11
AMZN,256.78,2026-09-14,2,Put,260.00,+1.25%,3.55,3.64,4.05,1596,660,2.42,30.07%,23.29%,-0.760876,2026-09-11
AMZN,256.78,2026-09-16,4,Put,240.00,-6.53%,0.09,0.1,0.11,564,234,2.41,30.07%,34.27%,-0.027938,2026-09-11
M,22.08,2026-09-18,6,Call,22.50,-1.90%,0.2,0.22,0.36,1360,565,2.41,37.87%,40.32%,0.367499,2026-09-11
HOOD,112.57,2026-09-18,6,Put,111.00,-1.39%,2.53,2.79,2.83,2098,870,2.41,60.62%,60.08%,-0.410088,2026-09-11
AMZN,256.78,2026-09-14,2,Call,255.00,+0.69%,2.64,2.76,2.89,12180,5047,2.41,30.07%,22.43%,0.669785,2026-09-11
SPCX,151.21,2026-09-18,6,Call,152.50,-0.85%,3.55,3.6,3.6,13402,5564,2.41,50.92%,53.42%,0.467683,2026-09-11
ALKT,20.51,2026-09-18,6,Call,17.50,+14.68%,3,3,3.4,849,354,2.4,74.22%,111.36%,0.88244,2026-09-11
TSLA,365.44,2026-09-18,6,Call,362.50,+0.80%,9.2,9.25,9.35,4546,1892,2.4,39.74%,40.80%,0.576127,2026-09-11
SEDG,34.68,2026-10-16,34,Call,32.50,+6.29%,4.3,4.69,4.75,617,258,2.39,79.80%,79.86%,0.656327,2026-09-11
TSM,433.24,2026-09-18,6,Put,397.50,-8.25%,0.35,0.37,0.38,746,312,2.39,34.10%,39.27%,-0.040583,2026-09-11
ASTS,59.86,2026-09-18,6,Call,66.00,-10.26%,0.46,0.55,0.64,1362,569,2.39,72.78%,77.84%,0.178084,2026-09-11
AAPL,332.27,2026-09-16,4,Put,322.50,-2.94%,0.66,0.67,0.69,2010,840,2.39,24.62%,26.98%,-0.139526,2026-09-11
TSLA,365.44,2026-09-18,6,Put,360.00,-1.49%,4.9,4.95,5.05,20688,8674,2.39,39.74%,40.20%,-0.372,2026-09-11
MSTR,130.97,2026-09-18,6,Call,140.00,-6.89%,1.95,1.95,2,24566,10342,2.38,70.24%,76.38%,0.265695,2026-09-11
META,648.03,2027-03-19,188,Call,960.00,-48.14%,12.8,14.45,13.5,512,215,2.38,37.35%,43.08%,0.145352,2026-09-11
HOOD,112.57,2026-09-18,6,Call,112.00,+0.51%,3.8,3.9,4,981,413,2.38,60.62%,62.24%,0.544192,2026-09-11
C,138.82,2026-09-18,6,Call,139.00,-0.13%,2.07,2.18,2.23,507,214,2.37,31.29%,31.23%,0.49807,2026-09-11
NVDA,218.29,2026-09-21,9,Call,220.00,-0.78%,3.2,3.25,3.35,1548,653,2.37,32.35%,29.13%,0.447986,2026-09-11
USAR,15.56,2026-09-18,6,Put,16.50,+6.04%,1.16,1.19,1.24,1712,723,2.37,77.44%,76.55%,-0.707174,2026-09-11
PYPL,53.72,2026-09-25,13,Call,55.00,-2.38%,0.82,0.84,0.93,722,306,2.36,34.20%,34.36%,0.375658,2026-09-11
JOBY,6.39,2026-09-18,6,Call,6.50,-1.72%,0.13,0.14,0.16,885,375,2.36,62.81%,58.72%,0.428109,2026-09-11
CLMT,56.8,2027-01-15,125,Put,50.00,-11.97%,4.9,5.15,5.3,1026,434,2.36,62.31%,65.12%,-0.29815,2026-09-11
AFRM,71.44,2026-10-16,34,Call,85.00,-18.98%,0.73,0.86,1,1209,513,2.36,53.67%,51.50%,0.157422,2026-09-11
KLAR,13.83,2028-01-21,496,Call,30.00,-116.92%,1.15,1.2,1.4,2241,951,2.36,47.03%,64.23%,0.27887,2026-09-11
AAPL,332.27,2026-09-16,4,Call,327.50,+1.44%,6.15,6.73,6.85,699,297,2.35,24.62%,25.63%,0.714232,2026-09-11
NOW,132.53,2026-09-18,6,Put,131.00,-1.15%,2.8,2.74,2.93,732,312,2.35,52.24%,53.57%,-0.416581,2026-09-11
LULU,98.97,2027-06-17,278,Put,100.00,+1.04%,14.5,16,16.35,883,375,2.35,40.06%,47.49%,-0.41003,2026-09-11
SPCX,151.21,2026-09-25,13,Call,167.50,-10.77%,1.37,1.41,1.41,923,392,2.35,50.92%,54.25%,0.174717,2026-09-11
NVDA,218.29,2026-10-30,48,Put,195.00,-10.67%,2.64,2.7,2.79,998,424,2.35,32.35%,35.95%,-0.168543,2026-09-11
MU,975.26,2026-09-18,6,Call,965.00,+1.05%,31.35,31.7,31.95,852,364,2.34,59.27%,52.18%,0.579384,2026-09-11
HIMS,27.51,2026-09-25,13,Call,29.00,-5.42%,0.73,0.8,0.85,1212,518,2.34,64.08%,65.81%,0.362331,2026-09-11
UNH,379.09,2026-09-18,6,Call,360.00,+5.04%,17.2,17.66,20.55,5819,2489,2.34,35.00%,14.63%,0.99684,2026-09-11
SMR,8.61,2026-09-18,6,Put,9.00,+4.53%,0.57,0.62,0.68,7261,3102,2.34,77.88%,89.65%,-0.627166,2026-09-11
AAPL,332.27,2027-02-19,160,Call,400.00,-20.38%,5.55,5.73,5.7,5337,2298,2.32,24.62%,26.57%,0.189461,2026-09-11
DOW,29.03,2026-10-09,27,Call,33.00,-13.68%,0.14,0.18,0.42,665,288,2.31,41.42%,44.80%,0.158904,2026-09-11
MRVL,236.1,2026-09-18,6,Call,215.00,+8.94%,22.35,22.67,22.85,1670,722,2.31,64.73%,67.63%,0.870723,2026-09-11
ORCL,150.28,2026-10-09,27,Call,160.00,-6.47%,4.55,4.7,4.85,1056,460,2.3,50.27%,51.29%,0.356338,2026-09-11
EOSE,3.95,2026-10-02,20,Call,4.50,-13.92%,0.19,0.2,0.23,1208,525,2.3,104.48%,108.81%,0.353194,2026-09-11
SNDK,1633.35,2026-09-18,6,Put,"1,650.00",+1.02%,61.6,62.52,62.4,1510,656,2.3,68.48%,64.03%,-0.530638,2026-09-11
AVGO,361.99,2026-09-14,2,Call,375.00,-3.59%,0.15,0.2,0.25,1746,758,2.3,34.93%,30.06%,0.058385,2026-09-11
AAPL,332.27,2026-09-25,13,Put,310.00,-6.70%,0.66,0.72,0.77,2845,1236,2.3,24.62%,27.97%,-0.086707,2026-09-11
TSLA,365.44,2026-09-18,6,Call,382.50,-4.67%,2.26,2.31,2.3,8424,3669,2.3,39.74%,42.09%,0.209658,2026-09-11
BA,210.45,2028-12-15,825,Call,270.00,-28.30%,32.2,35.18,37.25,602,263,2.29,30.09%,44.05%,0.45617,2026-09-11
DOW,29.03,2026-09-18,6,Put,28.00,-3.55%,0.24,0.27,0.42,638,278,2.29,41.42%,50.15%,-0.276953,2026-09-11
RZLV,2.29,2026-10-09,27,Call,2.00,+12.66%,0.3,0.39,0.4,800,349,2.29,85.50%,69.49%,0.795381,2026-09-11
NVDA,218.29,2026-09-18,6,Call,202.50,+7.23%,15.15,16.45,16.7,907,396,2.29,32.35%,26.28%,0.988021,2026-09-11
GM,85.62,2026-09-18,6,Call,86.00,-0.44%,1.21,1.25,1.36,755,331,2.28,32.45%,33.03%,0.471004,2026-09-11
ASST,27.62,2026-09-18,6,Put,26.00,-5.87%,0.4,0.52,0.53,684,301,2.27,75.52%,79.80%,-0.258781,2026-09-11
AAPL,332.27,2026-10-02,20,Call,365.00,-9.85%,0.47,0.5,0.56,743,328,2.27,24.62%,25.13%,0.062162,2026-09-11
SNDK,1633.35,2026-09-18,6,Call,"1,700.00",-4.08%,28.9,29.02,29.4,3872,1702,2.27,68.48%,65.68%,0.335119,2026-09-11
HIMS,27.51,2026-09-18,6,Call,28.00,-1.78%,0.72,0.72,0.75,10326,4557,2.27,64.08%,67.18%,0.438398,2026-09-11
CELH,27.22,2026-10-09,27,Put,22.00,-19.18%,0.09,0.11,0.23,798,353,2.26,52.89%,58.74%,-0.076652,2026-09-11
ALHC,12.61,2026-10-16,34,Put,12.50,-0.87%,0.75,1.05,1.05,3011,1330,2.26,68.76%,63.78%,-0.437959,2026-09-11
AGO,72.93,2026-10-16,34,Put,100.00,+37.12%,25.7,25.7,28.4,509,226,2.25,26.89%,48.67%,-0.991454,2026-09-11
RDDT,157.77,2026-09-18,6,Call,157.50,+0.17%,4.65,5.2,5.1,946,420,2.25,57.60%,58.21%,0.527213,2026-09-11
BHF,50.11,2026-12-18,97,Call,60.00,-19.74%,2.6,3.7,5.6,1010,448,2.25,67.48%,70.60%,0.387854,2026-09-11
UNH,379.09,2026-09-18,6,Call,395.00,-4.20%,0.41,0.7,0.75,1922,856,2.25,35.00%,24.85%,0.102276,2026-09-11
HOOD,112.57,2026-11-20,69,Call,125.00,-11.04%,8.6,8.55,8.95,4781,2122,2.25,60.62%,67.47%,0.426023,2026-09-11
TSLA,365.44,2026-09-14,2,Call,385.00,-5.35%,0.12,0.13,0.13,5188,2304,2.25,39.74%,37.55%,0.031806,2026-09-11
TSLA,365.44,2026-09-18,6,Call,365.00,+0.12%,7.85,7.95,8,8980,3984,2.25,39.74%,40.66%,0.524172,2026-09-11
TSLA,365.44,2026-09-21,9,Call,400.00,-9.46%,0.84,0.85,0.88,755,337,2.24,39.74%,40.30%,0.083444,2026-09-11
ORCL,150.28,2026-10-02,20,Call,155.00,-3.14%,5.25,5.2,5.55,1141,510,2.24,50.27%,52.33%,0.427891,2026-09-11
AMZN,256.78,2026-09-18,6,Put,252.50,-1.67%,1.99,2,2.1,2225,992,2.24,30.07%,29.63%,-0.317382,2026-09-11
UPST,25.59,2026-09-18,6,Put,26.00,+1.60%,0.92,1.03,1.04,568,255,2.23,61.48%,58.04%,-0.567663,2026-09-11
MRVL,236.1,2026-09-18,6,Put,235.00,-0.47%,7,7.25,7.25,1165,523,2.23,64.73%,64.11%,-0.458712,2026-09-11
BIDU,91.4,2027-03-19,188,Put,110.00,+20.35%,21.05,22.4,24.7,2002,896,2.23,41.53%,44.42%,-0.659574,2026-09-11
CRWV,88.99,2026-10-09,27,Put,75.00,-15.72%,1.62,1.63,1.68,2069,926,2.23,72.71%,72.14%,-0.16302,2026-09-11
INTC,102.94,2026-10-02,20,Put,86.00,-16.46%,0.67,0.68,0.73,532,240,2.22,59.90%,62.27%,-0.093855,2026-09-11
SLS,11.55,2026-09-18,6,Put,12.50,+8.23%,1.35,1.5,1.75,540,243,2.22,204.85%,163.91%,-0.606863,2026-09-11
MU,975.26,2026-09-14,2,Put,920.00,-5.67%,0.72,0.72,0.8,723,326,2.22,59.27%,48.81%,-0.050767,2026-09-11
SKHY,190.07,2026-11-20,69,Call,220.00,-15.75%,11.4,12.32,12.4,1013,456,2.22,61.50%,66.41%,0.367711,2026-09-11
NBIS,224.55,2026-09-18,6,Put,212.50,-5.37%,4.05,4.12,4.2,1058,477,2.22,79.45%,79.87%,-0.275925,2026-09-11
MSTR,130.97,2026-09-18,6,Call,134.00,-2.31%,3.55,3.63,3.75,5707,2569,2.22,70.24%,73.65%,0.425149,2026-09-11
UNH,379.09,2026-09-18,6,Call,387.50,-2.22%,1.63,1.8,1.93,508,230,2.21,35.00%,24.75%,0.251475,2026-09-11
MRK,143.93,2026-10-09,27,Call,157.50,-9.43%,0,0.55,2.27,753,341,2.21,27.71%,32.98%,0.170973,2026-09-11
AMD,516.13,2026-09-14,2,Put,495.00,-4.09%,0.73,0.8,0.8,810,366,2.21,49.83%,43.97%,-0.095723,2026-09-11
LULU,98.97,2026-09-18,6,Put,160.00,+61.67%,59.65,61.7,62.65,668,304,2.2,40.06%,176.03%,-0.979449,2026-09-11
RIOT,21.47,2026-09-18,6,Call,21.50,-0.14%,0.72,0.82,0.86,1037,472,2.2,79.87%,72.72%,0.515171,2026-09-11
NIO,3.69,2026-09-25,13,Call,3.50,+5.15%,0.22,0.24,0.35,1768,804,2.2,50.30%,63.04%,0.696648,2026-09-11
ORCL,150.28,2026-09-25,13,Call,170.00,-13.12%,1,1.1,1.16,8749,3985,2.2,50.27%,56.83%,0.138128,2026-09-11
CYPH,2.27,2026-10-16,34,Call,5.00,-120.26%,0.1,0.1,0.15,10447,4752,2.2,173.75%,218.19%,0.197376,2026-09-11
SNDK,1633.35,2026-09-18,6,Call,"1,620.00",+0.82%,60.8,60.81,61.4,522,238,2.19,68.48%,64.51%,0.558756,2026-09-11
MU,975.26,2026-10-16,34,Call,"1,810.00",-85.59%,0.38,0.63,0.93,608,277,2.19,59.27%,80.65%,0.008776,2026-09-11
SNOW,328.99,2026-11-20,69,Put,280.00,-14.89%,8,9.05,9.3,767,350,2.19,47.10%,50.92%,-0.193072,2026-09-11
ORCL,150.28,2026-09-25,13,Call,150.00,+0.19%,6.1,6.35,6.35,1449,665,2.18,50.27%,53.34%,0.530449,2026-09-11
AMD,516.13,2026-09-14,2,Call,530.00,-2.69%,1.56,1.62,1.7,2217,1015,2.18,49.83%,40.41%,0.193526,2026-09-11
SWKS,88.35,2026-09-18,6,Put,85.00,-3.79%,1.35,1.45,1.6,544,251,2.17,55.93%,64.19%,-0.30428,2026-09-11
SMTC,167.24,2026-09-18,6,Put,160.00,-4.33%,3.1,3.45,4,561,258,2.17,75.72%,78.62%,-0.310431,2026-09-11
MU,975.26,2026-09-14,2,Call,"1,030.00",-5.61%,0.66,0.7,0.72,2355,1083,2.17,59.27%,44.65%,0.051574,2026-09-11
MU,975.26,2026-09-14,2,Put,935.00,-4.13%,1.59,1.59,1.65,1118,518,2.16,59.27%,45.63%,-0.10198,2026-09-11
SMCI,40.1,2026-09-25,13,Call,39.00,+2.74%,2.66,2.67,2.78,1833,850,2.16,70.21%,70.45%,0.612344,2026-09-11
ORCL,150.28,2026-09-18,6,Put,138.00,-8.17%,0.55,0.58,0.6,956,444,2.15,50.27%,55.61%,-0.108165,2026-09-11
RBLX,45.5,2026-09-18,6,Call,46.00,-1.10%,1.04,1.2,1.3,967,449,2.15,57.18%,59.59%,0.461335,2026-09-11
APLD,26.42,2026-09-18,6,Call,27.50,-4.09%,0.51,0.75,0.74,1122,522,2.15,87.56%,77.96%,0.365059,2026-09-11
SHOP,128.79,2026-09-25,13,Put,130.00,+0.94%,4.55,5.35,5.55,1401,653,2.15,47.25%,46.21%,-0.520903,2026-09-11
SMCI,40.1,2026-09-18,6,Put,38.50,-3.99%,0.75,0.81,0.81,1561,726,2.15,70.21%,72.11%,-0.31126,2026-09-11
WHR,35.21,2026-12-18,97,Call,45.00,-27.80%,1.4,1.65,1.75,804,375,2.14,53.52%,63.92%,0.261567,2026-09-11
SBUX,98.74,2026-09-18,6,Call,101.00,-2.29%,0.58,0.62,0.65,1229,574,2.14,27.29%,28.83%,0.277899,2026-09-11
INTC,102.94,2026-09-18,6,Call,108.00,-4.92%,1.5,1.5,1.58,1874,876,2.14,59.90%,64.66%,0.297616,2026-09-11
AVGO,361.99,2026-09-14,2,Call,365.00,-0.83%,1.52,1.8,1.88,3369,1572,2.14,34.93%,27.42%,0.348273,2026-09-11
ADBE,252.23,2026-10-16,34,Put,215.00,-14.76%,1.34,1.57,1.81,583,274,2.13,42.61%,43.04%,-0.095866,2026-09-11
AEO,15.02,2027-01-15,125,Call,18.00,-19.84%,0.83,0.85,0.91,961,452,2.13,44.20%,52.79%,0.332008,2026-09-11
SPCX,151.21,2026-09-18,6,Put,127.00,-16.01%,0.12,0.13,0.13,1789,839,2.13,50.92%,70.42%,-0.023643,2026-09-11
POET,7.95,2026-09-25,13,Call,8.00,-0.63%,0.45,0.48,0.52,2121,994,2.13,82.86%,84.18%,0.519183,2026-09-11
SNDK,1633.35,2026-09-18,6,Call,"1,800.00",-10.20%,10.5,10.8,11,4444,2086,2.13,68.48%,69.36%,0.148828,2026-09-11
SOFI,17.32,2026-09-18,6,Call,17.50,-1.04%,0.33,0.33,0.34,9969,4676,2.13,47.63%,46.54%,0.44692,2026-09-11
IBM,243.29,2026-09-18,6,Call,250.00,-2.76%,2.15,2.18,2.19,13093,6190,2.12,34.74%,37.94%,0.297229,2026-09-11
BP,46.1,2026-09-18,6,Call,47.50,-3.04%,0.23,0.26,0.32,588,278,2.12,32.01%,32.82%,0.244324,2026-09-11
META,648.03,2026-09-18,6,Put,790.00,+21.91%,138.95,140.8,145.6,628,296,2.12,37.35%,75.54%,-0.979875,2026-09-11
BABA,109.3,2026-10-02,20,Put,110.00,+0.64%,4.25,4.3,4.65,746,352,2.12,40.37%,40.02%,-0.507849,2026-09-11
ORCL,150.28,2026-09-18,6,Put,147.00,-2.18%,2.73,2.83,2.9,1087,513,2.12,50.27%,56.27%,-0.364419,2026-09-11
DOCN,122.95,2026-09-18,6,Put,120.00,-2.40%,3.6,4.4,4.5,632,300,2.11,77.38%,87.38%,-0.390769,2026-09-11
MU,975.26,2026-09-14,2,Put,925.00,-5.15%,0.93,0.97,0.99,843,400,2.11,59.27%,47.53%,-0.063448,2026-09-11
AMD,516.13,2026-09-14,2,Call,540.00,-4.62%,0.47,0.5,0.55,1474,700,2.11,49.83%,41.42%,0.073133,2026-09-11
ORCL,150.28,2026-09-25,13,Call,165.00,-9.80%,1.68,1.79,1.79,2657,1261,2.11,50.27%,55.91%,0.204563,2026-09-11
ABVX,118.64,2026-11-20,69,Call,170.00,-43.29%,2.2,3.25,3.7,715,340,2.1,75.62%,72.69%,0.16904,2026-09-11
VFC,13.17,2027-03-19,188,Call,15.00,-13.90%,1.07,1.15,1.17,1139,543,2.1,38.07%,46.94%,0.415924,2026-09-11
GME,21.15,2026-09-18,6,Put,20.50,-3.07%,0.16,0.24,0.28,1212,578,2.1,43.85%,44.36%,-0.284778,2026-09-11
SKHY,190.07,2026-09-25,13,Call,190.00,+0.04%,8.3,8.56,8.9,1518,722,2.1,61.50%,59.07%,0.528158,2026-09-11
IBM,243.29,2026-09-18,6,Call,252.50,-3.79%,1.53,1.6,1.64,1716,818,2.1,34.74%,38.30%,0.232814,2026-09-11
AAPL,332.27,2026-09-25,13,Call,342.50,-3.08%,2.38,2.61,2.55,546,261,2.09,24.62%,24.33%,0.270231,2026-09-11
UUUU,12.95,2026-09-25,13,Call,15.50,-19.69%,0.06,0.1,0.12,890,426,2.09,70.67%,73.09%,0.110333,2026-09-11
KEYS,338.64,2026-09-18,6,Call,350.00,-3.35%,1.8,2.28,2.65,997,477,2.09,35.07%,35.73%,0.24686,2026-09-11
NVDA,218.29,2026-09-16,4,Put,220.00,+0.78%,3.75,3.75,3.85,3839,1836,2.09,32.35%,31.74%,-0.583382,2026-09-11
AAPL,332.27,2026-09-18,6,Put,325.00,-2.19%,1.68,1.74,1.77,14344,6871,2.09,24.62%,26.76%,-0.249558,2026-09-11
SKHY,190.07,2026-09-25,13,Put,155.00,-18.45%,0.19,0.35,0.43,942,452,2.08,61.50%,61.58%,-0.034107,2026-09-11
ARCO,8.01,2026-10-16,34,Call,7.50,+6.37%,0.55,0.55,0.65,1071,515,2.08,37.35%,28.53%,0.788112,2026-09-11
ANF,145.23,2026-10-16,34,Put,150.00,+3.28%,10.3,10.1,11.3,659,319,2.07,48.36%,46.97%,-0.555465,2026-09-11
FCEL,15.89,2026-09-18,6,Put,16.00,+0.69%,0.75,0.85,0.95,694,335,2.07,96.82%,97.96%,-0.495363,2026-09-11
CRDO,162.95,2026-11-20,69,Put,130.00,-20.22%,5.6,6,6.5,734,354,2.07,66.98%,72.27%,-0.18525,2026-09-11
INTC,102.94,2026-09-14,2,Put,98.00,-4.80%,0.19,0.19,0.21,815,393,2.07,59.90%,53.28%,-0.101918,2026-09-11
ONON,27.41,2026-09-18,6,Call,29.00,-5.80%,0.13,0.15,0.16,913,442,2.07,41.20%,45.09%,0.174569,2026-09-11
DELL,567.29,2026-09-18,6,Put,520.00,-8.34%,3.85,3.89,4,1983,957,2.07,63.09%,68.07%,-0.147667,2026-09-11
MSFT,495.63,2026-09-18,6,Call,502.50,-1.39%,3.35,3.49,3.55,2226,1075,2.07,24.36%,24.34%,0.340736,2026-09-11
RBRK,86.65,2026-09-18,6,Call,92.00,-6.17%,0.5,0.9,0.9,608,295,2.06,55.25%,54.91%,0.209692,2026-09-11
GME,21.15,2027-03-19,188,Call,38.00,-79.67%,0.49,0.63,0.95,731,355,2.06,43.85%,68.58%,0.160432,2026-09-11
COIN,175.26,2026-09-18,6,Put,172.50,-1.57%,4.5,4.64,4.7,1410,686,2.06,63.58%,66.57%,-0.407301,2026-09-11
PBF,78.3,2026-09-18,6,Call,85.00,-8.56%,1.05,1,1.2,3770,1830,2.06,73.04%,83.73%,0.239487,2026-09-11
NVDA,218.29,2026-09-25,13,Put,217.50,-0.36%,4.6,4.55,4.7,593,289,2.05,32.35%,31.34%,-0.457727,2026-09-11
SKHY,190.07,2026-09-18,6,Call,230.00,-21.01%,0.17,0.17,0.19,758,369,2.05,61.50%,74.89%,0.026712,2026-09-11
HIMS,27.51,2026-09-18,6,Call,27.50,+0.04%,0.91,0.95,1,849,415,2.05,64.08%,66.98%,0.521581,2026-09-11
QUBT,7.99,2026-09-25,13,Call,9.00,-12.64%,0.05,0.15,0.15,1087,529,2.05,65.52%,66.64%,0.191215,2026-09-11
MU,975.26,2026-09-16,4,Call,"1,100.00",-12.79%,0.6,0.62,0.64,681,334,2.04,59.27%,58.80%,0.02754,2026-09-11
MU,975.26,2026-10-02,20,Call,980.00,-0.49%,55.2,56,57,1119,549,2.04,59.27%,63.11%,0.521623,2026-09-11
SMCI,40.1,2026-09-18,6,Put,38.00,-5.24%,0.62,0.63,0.66,4283,2098,2.04,70.21%,73.27%,-0.265913,2026-09-11
UNH,379.09,2027-12-17,461,Call,150.00,+60.43%,225,227.66,234,4350,2134,2.04,35.00%,44.42%,0.983478,2026-09-11
SBET,8.88,2026-11-20,69,Call,9.00,-1.35%,1.19,1.28,1.3,574,283,2.03,79.92%,82.85%,0.564472,2026-09-11
TSLA,365.44,2026-09-21,9,Put,360.00,-1.49%,5.75,5.8,5.85,693,341,2.03,39.74%,36.78%,-0.381528,2026-09-11
ON,76.14,2026-09-18,6,Call,78.00,-2.44%,1.81,1.94,2.2,753,371,2.03,55.72%,71.57%,0.416575,2026-09-11
META,648.03,2026-09-14,2,Call,645.00,+0.47%,7.7,7.87,8.05,893,440,2.03,37.35%,32.35%,0.585227,2026-09-11
HOOD,112.57,2026-09-18,6,Call,126.00,-11.93%,0.46,0.46,0.51,913,450,2.03,60.62%,67.94%,0.106813,2026-09-11
AVGO,361.99,2026-09-14,2,Put,355.00,-1.93%,0.71,0.8,0.82,972,478,2.03,34.93%,29.19%,-0.178815,2026-09-11
INTU,321.57,2026-10-16,34,Call,360.00,-11.95%,5,5.6,5.8,1285,634,2.03,45.54%,44.57%,0.227283,2026-09-11
AAPL,332.27,2026-09-16,4,Put,320.00,-3.69%,0.44,0.45,0.47,2983,1469,2.03,24.62%,28.26%,-0.097143,2026-09-11
HOOD,112.57,2026-09-25,13,Call,118.00,-4.82%,2.92,3,3.1,504,249,2.02,60.62%,60.35%,0.364894,2026-09-11
AAPL,332.27,2026-09-25,13,Put,322.50,-2.94%,2.32,2.36,2.51,1505,745,2.02,24.62%,25.19%,-0.250398,2026-09-11
TTD,14.34,2026-09-18,6,Put,20.00,+39.47%,4.9,5.7,6.25,1730,857,2.02,54.99%,145.70%,-0.955206,2026-09-11
CVX,214.06,2026-09-18,6,Call,217.50,-1.61%,1.64,1.68,1.86,3030,1497,2.02,26.43%,28.77%,0.339886,2026-09-11
SBET,8.88,2026-10-16,34,Call,11.00,-23.87%,0.32,0.3,0.37,6440,3185,2.02,79.92%,90.19%,0.265088,2026-09-11
ORCL,150.28,2026-09-18,6,Call,160.00,-6.47%,1.53,1.55,1.56,41919,20718,2.02,50.27%,62.37%,0.229857,2026-09-11
OKLO,36.22,2026-09-18,6,Put,33.00,-8.89%,0.22,0.23,0.26,739,368,2.01,70.96%,70.23%,-0.138951,2026-09-11
PEP,136.32,2026-09-18,6,Put,136.00,-0.23%,1.08,1.13,1.23,810,403,2.01,23.60%,18.71%,-0.457584,2026-09-11
CRWD,206.74,2026-12-18,97,Call,330.00,-59.62%,1.97,2.06,2.16,781,390,2,50.31%,57.72%,0.082501,2026-09-11
ORCL,150.28,2026-09-18,6,Call,177.50,-18.11%,0.22,0.24,0.25,961,480,2,50.27%,73.15%,0.042335,2026-09-11
NFLX,77.4,2026-09-25,13,Call,77.00,+0.52%,2.11,2.12,2.15,1764,880,2,34.89%,32.19%,0.554466,2026-09-11
GME,21.15,2026-09-18,6,Call,22.50,-6.38%,0.19,0.21,0.21,3157,1582,2,43.85%,60.29%,0.220963,2026-09-11
IONQ,36.75,2026-09-18,6,Call,38.50,-4.76%,0.63,0.77,0.74,555,279,1.99,69.68%,71.77%,0.325224,2026-09-11
INTC,102.94,2026-09-25,13,Put,88.00,-14.51%,0.48,0.48,0.53,1147,575,1.99,59.90%,63.67%,-0.084766,2026-09-11
DJT,8.66,2026-10-16,34,Put,8.00,-7.62%,0.32,0.33,0.38,3138,1573,1.99,67.89%,62.78%,-0.299868,2026-09-11
MDB,362.21,2027-06-17,278,Call,330.00,+8.89%,96.35,102.83,104.5,599,302,1.98,52.78%,66.30%,0.692452,2026-09-11
RH,134.07,2026-09-18,6,Call,150.00,-11.88%,0.6,0.65,0.8,828,418,1.98,62.08%,71.45%,0.120307,2026-09-11
DELL,567.29,2026-09-18,6,Call,590.00,-4.00%,10.45,10.5,10.65,1456,735,1.98,63.09%,66.83%,0.341158,2026-09-11
VALE,15.23,2027-03-19,188,Call,10.00,+34.34%,5.25,5.41,5.5,1990,1004,1.98,35.86%,56.74%,0.897398,2026-09-11
AVGO,361.99,2026-09-18,6,Call,377.50,-4.28%,1.73,1.78,2.06,2082,1050,1.98,34.93%,37.39%,0.200052,2026-09-11
META,648.03,2026-09-14,2,Put,630.00,-2.78%,1,1.06,1.12,2174,1097,1.98,37.35%,34.16%,-0.128143,2026-09-11
GLXY,24.4,2028-01-21,496,Call,45.00,-84.43%,5.5,5.5,7.6,913,463,1.97,82.09%,95.40%,0.522,2026-09-11
DUK,119.42,2026-12-18,97,Put,120.00,+0.49%,4.5,4.62,4.7,1031,523,1.97,17.60%,17.84%,-0.4964,2026-09-11
BHF,50.11,2026-09-18,6,Put,45.00,-10.20%,0.25,0.3,0.3,538,274,1.96,67.48%,73.16%,-0.115184,2026-09-11
CELH,27.22,2027-03-19,188,Put,22.50,-17.34%,1.96,2.04,2.32,748,381,1.96,52.89%,60.39%,-0.243787,2026-09-11
PFE,27.72,2026-09-18,6,Call,27.50,+0.79%,0.36,0.43,0.48,1648,840,1.96,22.49%,21.48%,0.614819,2026-09-11
ODD,18.28,2027-01-15,125,Call,25.00,-36.76%,1.8,2,2.05,1880,957,1.96,82.75%,89.48%,0.37791,2026-09-11
NVDA,218.29,2026-09-16,4,Put,225.00,+3.07%,7.35,7.38,7.5,1882,959,1.96,32.35%,32.40%,-0.808615,2026-09-11
AMD,516.13,2026-09-14,2,Put,490.00,-5.06%,0.4,0.45,0.48,2323,1183,1.96,49.83%,45.40%,-0.0584,2026-09-11
SNDK,1633.35,2026-09-18,6,Put,"1,600.00",-2.04%,37.1,37.4,37.9,3123,1597,1.96,68.48%,63.95%,-0.382555,2026-09-11
MS,214.38,2026-12-18,97,Put,220.00,+2.62%,16.15,16.14,17.4,702,360,1.95,32.41%,32.35%,-0.518622,2026-09-11
WYNN,87.7,2026-12-18,97,Call,80.00,+8.78%,9.6,11.35,12.1,1176,603,1.95,31.55%,34.03%,0.740827,2026-09-11
AAPL,332.27,2026-10-23,41,Call,360.00,-8.35%,2.38,2.55,2.67,1187,610,1.95,24.62%,23.94%,0.180882,2026-09-11
C,138.82,2028-12-15,825,Call,175.00,-26.06%,15.5,16.42,17.95,2132,1092,1.95,31.29%,31.89%,0.432946,2026-09-11
FSLR,209.03,2026-09-18,6,Call,210.00,-0.46%,4.75,5,5.1,824,425,1.94,49.85%,49.83%,0.487553,2026-09-11
APLD,26.42,2026-09-18,6,Put,23.50,-11.05%,0.1,0.12,0.14,1137,585,1.94,87.56%,73.67%,-0.097996,2026-09-11
DELL,567.29,2026-09-18,6,Put,510.00,-10.10%,2.55,2.55,2.75,1432,740,1.94,63.09%,69.23%,-0.105785,2026-09-11
HUT,98.6,2026-12-18,97,Call,100.00,-1.42%,17.85,19.55,20.3,1890,976,1.94,92.10%,95.79%,0.594472,2026-09-11
CZR,29.67,2026-10-30,48,Call,30.00,-1.11%,0,0.48,2.42,2100,1085,1.94,11.66%,30.21%,0.499332,2026-09-11
EIX,56,2027-01-15,125,Put,50.00,-10.71%,3,3,3.5,2168,1120,1.94,41.57%,46.01%,-0.292892,2026-09-11
MSTR,130.97,2026-09-18,6,Call,152.50,-16.44%,0.53,0.59,0.59,609,316,1.93,70.24%,84.44%,0.089105,2026-09-11
AGO,72.93,2026-10-16,34,Put,105.00,+43.97%,30.6,30.63,33.4,643,334,1.93,26.89%,55.21%,-0.992031,2026-09-11
HIMX,14.73,2026-10-16,34,Call,17.00,-15.41%,0.3,0.4,0.45,682,354,1.93,62.50%,61.84%,0.248039,2026-09-11
EOSE,3.95,2026-09-25,13,Call,4.50,-13.92%,0.11,0.11,0.13,1105,574,1.93,104.48%,101.42%,0.281382,2026-09-11
NFLX,77.4,2026-09-25,13,Call,78.00,-0.78%,1.63,1.64,1.66,1263,653,1.93,34.89%,32.23%,0.469993,2026-09-11
INTC,102.94,2026-09-18,6,Put,103.00,+0.06%,3.3,3.38,3.4,1829,947,1.93,59.90%,63.52%,-0.484548,2026-09-11
HPE,62.09,2026-09-18,6,Call,61.00,+1.76%,2.46,2.63,2.75,3379,1747,1.93,63.20%,63.48%,0.603954,2026-09-11
TSLA,365.44,2026-09-25,13,Call,370.00,-1.25%,8.95,9.05,9.1,5161,2680,1.93,39.74%,39.57%,0.455637,2026-09-11
SNDK,1633.35,2026-09-18,6,Call,"1,780.00",-8.98%,13.1,13.1,13.4,599,312,1.92,68.48%,68.70%,0.17738,2026-09-11
GM,85.62,2026-09-18,6,Put,86.00,+0.44%,1.51,1.68,1.9,635,330,1.92,32.45%,34.78%,-0.527471,2026-09-11
MU,975.26,2026-09-14,2,Put,"1,000.00",+2.54%,28.1,28.58,28.9,795,414,1.92,59.27%,43.09%,-0.778323,2026-09-11
ARDX,3.58,2027-01-15,125,Put,3.00,-16.20%,0.3,0.37,0.5,10014,5209,1.92,86.76%,87.91%,-0.267169,2026-09-11
MU,975.26,2026-10-09,27,Call,980.00,-0.49%,63,64,65.15,576,302,1.91,59.27%,61.57%,0.528094,2026-09-11
MU,975.26,2026-09-16,4,Call,"1,050.00",-7.66%,2.48,2.51,2.56,806,421,1.91,59.27%,53.51%,0.099713,2026-09-11
GM,85.62,2028-01-21,496,Call,105.00,-22.63%,7.2,9.44,10.65,1012,531,1.91,32.45%,35.76%,0.425271,2026-09-11
QCOM,181.97,2026-09-18,6,Call,187.50,-3.04%,2.26,2.31,2.43,1157,606,1.91,46.06%,48.41%,0.327324,2026-09-11
AVT,99.63,2026-09-18,6,Call,105.00,-5.39%,0.45,0.55,0.9,1657,867,1.91,41.79%,47.44%,0.204136,2026-09-11
INTC,102.94,2026-09-18,6,Put,94.00,-8.68%,0.58,0.59,0.6,2367,1237,1.91,59.90%,65.84%,-0.130472,2026-09-11
META,648.03,2026-10-16,34,Call,850.00,-31.17%,0.54,0.57,0.65,3113,1634,1.91,37.35%,41.67%,0.020432,2026-09-11
LH,311.54,2026-09-18,6,Put,310.00,-0.49%,2.1,3.6,3.8,516,271,1.9,24.90%,23.43%,-0.423741,2026-09-11
MCD,252.53,2026-10-02,20,Call,260.00,-2.96%,2.21,2.43,2.54,669,352,1.9,21.12%,22.00%,0.29663,2026-09-11
RDDT,157.77,2026-09-18,6,Call,162.50,-3.00%,2.6,3,3.05,712,374,1.9,57.60%,58.51%,0.363776,2026-09-11
IBM,243.29,2026-09-18,6,Call,237.50,+2.38%,7.6,7.08,8.5,792,417,1.9,34.74%,37.11%,0.702728,2026-09-11
TXN,268.7,2026-09-18,6,Call,285.00,-6.07%,0.59,0.89,1.17,1257,661,1.9,38.63%,39.83%,0.13069,2026-09-11
UBER,71.67,2026-09-18,6,Put,71.00,-0.93%,0.9,0.99,1.05,2215,1164,1.9,34.69%,35.60%,-0.405351,2026-09-11
MARA,11.98,2026-09-25,13,Call,13.00,-8.51%,0.37,0.4,0.41,6935,3643,1.9,84.62%,84.49%,0.335521,2026-09-11
GOOGL,338.5,2026-09-18,6,Call,355.00,-4.87%,0.52,0.81,0.79,9944,5232,1.9,28.84%,29.29%,0.108632,2026-09-11
IREN,43.83,2027-01-15,125,Call,115.00,-162.38%,0.73,0.94,0.95,500,265,1.89,80.83%,99.16%,0.088618,2026-09-11
NVDA,218.29,2026-09-16,4,Put,207.50,-4.94%,0.39,0.39,0.4,572,303,1.89,32.35%,37.87%,-0.09567,2026-09-11
DELL,567.29,2026-11-20,69,Call,530.00,+6.57%,82.65,78.65,85,617,326,1.89,63.09%,65.07%,0.656217,2026-09-11
AAPL,332.27,2026-10-09,27,Put,315.00,-5.20%,2.63,2.7,2.8,742,392,1.89,24.62%,25.62%,-0.20272,2026-09-11
FSLR,209.03,2028-01-21,496,Put,220.00,+5.25%,48.75,50.39,51.25,2009,1062,1.89,49.85%,51.13%,-0.39848,2026-09-11
AAPL,332.27,2026-09-25,13,Put,312.50,-5.95%,0.83,0.88,0.95,516,274,1.88,24.62%,27.14%,-0.10669,2026-09-11
SNOW,328.99,2026-09-18,6,Call,347.50,-5.63%,1.65,2.14,2.36,561,299,1.88,47.10%,46.60%,0.19041,2026-09-11
MSFT,495.63,2026-09-14,2,Call,492.50,+0.63%,4.45,4.86,5.25,605,322,1.88,24.36%,20.39%,0.669214,2026-09-11
MRVL,236.1,2026-09-18,6,Put,237.50,+0.59%,8.3,8.45,8.6,707,377,1.88,64.73%,64.38%,-0.509904,2026-09-11
MRVL,236.1,2027-06-17,278,Put,140.00,-40.70%,9.05,9.15,9.75,1125,600,1.88,64.73%,66.65%,-0.108694,2026-09-11
TSLA,365.44,2026-09-14,2,Call,350.00,+4.23%,15.65,15.79,16.4,1225,652,1.88,39.74%,44.45%,0.909009,2026-09-11
AVGO,361.99,2026-09-14,2,Call,370.00,-2.21%,0.62,0.63,0.8,2801,1492,1.88,34.93%,30.07%,0.167239,2026-09-11
PLTR,167.23,2026-09-18,6,Call,167.50,-0.16%,3.85,3.89,3.95,5161,2747,1.88,46.50%,46.57%,0.505115,2026-09-11
MRK,143.93,2026-09-18,6,Put,142.00,-1.34%,1.42,1.58,1.72,578,309,1.87,27.71%,33.16%,-0.365646,2026-09-11
NVDA,218.29,2026-09-23,11,Call,230.00,-5.36%,0.95,0.98,0.99,7272,3885,1.87,32.35%,29.69%,0.166085,2026-09-11
RIOT,21.47,2026-09-18,6,Put,22.00,+2.47%,1.07,1.18,1.19,8780,4698,1.87,79.87%,76.11%,-0.577927,2026-09-11
AMD,516.13,2026-09-18,6,Call,527.50,-2.20%,8.7,8.8,9.1,740,397,1.86,49.83%,51.45%,0.386543,2026-09-11
IREN,43.83,2026-09-25,13,Put,42.00,-4.18%,1.66,1.8,1.8,1357,731,1.86,80.83%,79.38%,-0.356851,2026-09-11
NVDA,218.29,2026-09-18,6,Put,207.50,-4.94%,0.67,0.67,0.69,7534,4060,1.86,32.35%,36.30%,-0.130761,2026-09-11
SNX,269.21,2026-09-18,6,Call,280.00,-4.01%,1.5,1.6,1.7,1008,546,1.85,39.68%,37.84%,0.218862,2026-09-11
META,648.03,2026-10-16,34,Put,640.00,-1.24%,24.2,24.5,24.75,1020,555,1.84,37.35%,37.20%,-0.425317,2026-09-11
TSM,433.24,2026-09-18,6,Put,432.50,-0.17%,6.9,7.13,7.3,538,296,1.82,34.10%,34.13%,-0.47211,2026-09-11
ASTS,59.86,2026-09-18,6,Call,61.00,-1.90%,1.69,1.74,1.82,544,299,1.82,72.78%,73.31%,0.441401,2026-09-11
NFLX,77.4,2027-09-17,370,Call,115.00,-48.58%,3.15,3.75,4.35,709,389,1.82,34.89%,39.70%,0.245794,2026-09-11
SMR,8.61,2026-10-16,34,Call,12.00,-39.37%,0.12,0.13,0.14,6345,3492,1.82,77.88%,85.37%,0.129092,2026-09-11
BRK.B,510.37,2026-09-18,6,Call,517.50,-1.40%,0.89,0.9,1.26,524,290,1.81,13.60%,13.21%,0.218925,2026-09-11
GFL,42.85,2026-10-16,34,Put,40.00,-6.65%,1.1,1.28,1.65,679,375,1.81,46.06%,51.57%,-0.296697,2026-09-11
RDDT,157.77,2026-09-18,6,Call,167.50,-6.17%,1.48,1.7,1.7,852,472,1.81,57.60%,60.12%,0.232625,2026-09-11
AMZN,256.78,2026-09-16,4,Call,270.00,-5.15%,0.19,0.27,0.22,1482,817,1.81,30.07%,30.20%,0.059422,2026-09-11
ASST,27.62,2026-09-18,6,Put,25.00,-9.49%,0.21,0.23,0.3,1792,989,1.81,75.52%,82.45%,-0.158452,2026-09-11
AVGO,361.99,2026-10-02,20,Call,405.00,-11.88%,1.27,1.42,1.64,682,378,1.8,34.93%,36.19%,0.103074,2026-09-11
AAOI,105.36,2026-09-18,6,Call,115.00,-9.15%,1.5,1.6,1.75,889,495,1.8,84.86%,89.32%,0.241299,2026-09-11
SLB,56.06,2028-01-21,496,Call,75.00,-33.79%,4.1,4.5,4.55,2001,1114,1.8,36.88%,36.77%,0.334325,2026-09-11
NBIS,224.55,2026-12-18,97,Call,440.00,-95.95%,6.55,6.75,6.8,2255,1255,1.8,79.45%,97.25%,0.14215,2026-09-11
YPF,55.55,2026-10-16,34,Call,60.00,-8.01%,1,1.17,1.4,3327,1851,1.8,41.21%,40.61%,0.294465,2026-09-11
AMZN,256.78,2026-09-18,6,Call,267.50,-4.17%,0.77,0.81,0.82,4917,2729,1.8,30.07%,30.37%,0.15492,2026-09-11
MRVL,236.1,2026-10-09,27,Put,210.00,-11.05%,5.85,5.95,6.15,570,318,1.79,64.73%,65.86%,-0.224688,2026-09-11
INTU,321.57,2026-09-18,6,Call,355.00,-10.40%,0.6,0.7,0.7,690,386,1.79,45.54%,51.24%,0.071123,2026-09-11
SIRI,29.15,2028-01-21,496,Put,25.00,-14.24%,2.23,2.43,2.64,578,325,1.78,33.11%,34.87%,-0.267079,2026-09-11
SPCX,151.21,2026-09-25,13,Call,182.50,-20.69%,0.35,0.37,0.37,988,556,1.78,50.92%,59.10%,0.052745,2026-09-11
NVDA,218.29,2026-09-18,6,Put,187.50,-14.11%,0.12,0.13,0.14,2105,1181,1.78,32.35%,59.41%,-0.020651,2026-09-11
CRBP,8.12,2026-09-18,6,Call,10.00,-23.15%,0.25,0.3,0.4,2315,1299,1.78,223.33%,215.85%,0.270243,2026-09-11
MSTR,130.97,2026-09-18,6,Call,132.00,-0.79%,4.35,4.43,4.55,5870,3294,1.78,70.24%,73.07%,0.487868,2026-09-11
AAOI,105.36,2028-01-21,496,Put,110.00,+4.40%,41.7,43.73,46.5,500,283,1.77,84.86%,94.64%,-0.296499,2026-09-11
GOOGL,338.5,2028-06-16,643,Put,340.00,+0.44%,50.5,51.95,53.45,500,282,1.77,28.84%,34.42%,-0.383363,2026-09-11
SMCI,40.1,2026-10-23,41,Call,70.00,-74.56%,0.11,0.19,0.25,730,412,1.77,70.21%,87.78%,0.041613,2026-09-11
AS,28.07,2026-10-02,20,Call,27.00,+3.81%,1.7,1.91,2,11559,6530,1.77,46.39%,46.97%,0.665163,2026-09-11
RDW,10.62,2026-10-16,34,Put,11.00,+3.58%,1.2,1.2,1.35,913,518,1.76,83.61%,83.36%,-0.500463,2026-09-11
SCHW,107.25,2026-09-18,6,Call,108.00,-0.70%,1.1,1.19,1.25,4872,2762,1.76,26.76%,27.30%,0.43235,2026-09-11
DOCN,122.95,2026-10-09,27,Put,120.00,-2.40%,8.9,9.1,10.4,774,442,1.75,77.38%,85.21%,-0.409083,2026-09-11
FSLY,23.16,2026-12-18,97,Call,45.00,-94.30%,0.45,0.65,0.7,811,464,1.75,84.47%,92.05%,0.12695,2026-09-11
OPK,1.57,2027-03-19,188,Call,1.5000,+4.46%,0.25,0.28,0.4,1061,608,1.75,137.47%,63.02%,0.645218,2026-09-11
AMD,516.13,2026-09-14,2,Call,500.00,+3.13%,17,17.6,19.4,1257,720,1.75,49.83%,49.53%,0.813212,2026-09-11
MSFT,495.63,2026-09-18,6,Call,507.50,-2.39%,1.82,2.22,2.27,1455,830,1.75,24.36%,24.18%,0.231841,2026-09-11
DELL,567.29,2026-09-18,6,Call,560.00,+1.29%,22.8,23.6,23.4,2507,1432,1.75,63.09%,66.19%,0.579623,2026-09-11
MU,975.26,2026-10-16,34,Put,750.00,-23.10%,6.4,6.5,6.7,3049,1747,1.75,59.27%,63.77%,-0.07176,2026-09-11
QCOM,181.97,2026-09-18,6,Call,185.00,-1.67%,3.05,3.2,3.25,5373,3069,1.75,46.06%,47.80%,0.407168,2026-09-11
NVDA,218.29,2026-09-18,6,Put,217.50,-0.36%,3.2,3.2,3.25,11918,6868,1.74,32.35%,32.79%,-0.453283,2026-09-11
AVGO,361.99,2026-09-16,4,Call,380.00,-4.98%,0.65,0.71,1.05,693,399,1.74,34.93%,38.58%,0.120143,2026-09-11
AMAT,456.49,2026-09-18,6,Call,470.00,-2.96%,6.95,6.98,7.35,1139,653,1.74,51.97%,53.61%,0.351041,2026-09-11
MRNA,143.97,2026-09-18,6,Call,167.50,-16.34%,0.52,0.54,0.6,559,323,1.73,69.93%,82.20%,0.084078,2026-09-11
DELL,567.29,2026-09-18,6,Call,660.00,-16.34%,0.63,0.94,1.02,654,378,1.73,63.09%,66.81%,0.042895,2026-09-11
SNOW,328.99,2026-10-16,34,Put,300.00,-8.81%,6.8,7.2,7.4,1056,610,1.73,47.10%,47.94%,-0.23451,2026-09-11
ASTS,59.86,2026-09-18,6,Put,56.00,-6.45%,0.66,0.7,0.73,1252,723,1.73,72.78%,70.56%,-0.215353,2026-09-11
NKE,36.8,2026-09-18,6,Call,36.00,+2.17%,1.07,1.16,1.16,1333,769,1.73,45.24%,34.39%,0.697665,2026-09-11
WST,346.23,2026-09-18,6,Call,350.00,-1.09%,3.3,4.36,5.2,508,296,1.72,29.21%,32.95%,0.412102,2026-09-11
BABA,109.3,2026-09-25,13,Put,107.00,-2.10%,2.15,2.25,2.4,548,319,1.72,40.37%,40.54%,-0.375597,2026-09-11
IBM,243.29,2026-09-18,6,Put,222.50,-8.55%,0.14,0.23,0.39,1109,645,1.72,34.74%,42.44%,-0.047319,2026-09-11
CLMT,56.8,2026-09-18,6,Call,60.00,-5.63%,0.5,0.59,0.75,2250,1310,1.72,62.31%,59.99%,0.249253,2026-09-11
GME,21.15,2026-10-09,27,Call,20.00,+5.44%,1.55,1.6,1.7,661,387,1.71,43.85%,43.80%,0.695151,2026-09-11
IONQ,36.75,2026-09-18,6,Put,39.00,+6.12%,2.68,2.67,2.83,726,424,1.71,69.68%,70.16%,-0.729729,2026-09-11
RKLB,62.95,2026-09-18,6,Put,63.00,+0.08%,2.12,2.19,2.18,1869,1090,1.71,68.07%,66.52%,-0.484485,2026-09-11
STNE,10.1,2026-10-16,34,Call,12.47,-23.47%,0,0.13,0.15,3885,2271,1.71,52.95%,51.18%,0.105765,2026-09-11
AAPL,332.27,2026-10-23,41,Call,365.00,-9.85%,1.77,1.92,1.98,560,329,1.7,24.62%,24.14%,0.141408,2026-09-11
ALM,15.49,2027-01-15,125,Call,20.00,-29.12%,1.6,1.75,2.3,698,414,1.69,81.86%,91.29%,0.425983,2026-09-11
SNOW,328.99,2026-11-20,69,Put,310.00,-5.77%,17.1,19.17,19.5,708,420,1.69,47.10%,49.88%,-0.341457,2026-09-11
GOOG,335.45,2026-09-25,13,Call,365.00,-8.81%,0.6,0.65,0.7,931,551,1.69,28.56%,30.32%,0.076938,2026-09-11
SKHY,190.07,2026-09-18,6,Put,187.50,-1.35%,4.65,4.7,4.75,1067,633,1.69,61.50%,61.55%,-0.413606,2026-09-11
IBM,243.29,2026-09-18,6,Call,242.50,+0.32%,4.75,5.07,5.25,1524,902,1.69,34.74%,36.85%,0.537824,2026-09-11
PLTR,167.23,2026-09-18,6,Put,162.50,-2.83%,2.02,2.06,2.06,3647,2158,1.69,46.50%,47.40%,-0.304651,2026-09-11
BE,275.75,2026-11-20,69,Put,145.00,-47.42%,1.63,2.03,2.17,523,311,1.68,79.20%,93.83%,-0.036304,2026-09-11
ORCL,150.28,2026-09-18,6,Put,139.00,-7.51%,0.7,0.71,0.75,614,365,1.68,50.27%,56.04%,-0.129886,2026-09-11
ROL,34.73,2026-11-20,69,Call,37.50,-7.98%,0.75,0.85,0.9,933,554,1.68,28.58%,29.81%,0.306069,2026-09-11
META,648.03,2026-09-14,2,Put,620.00,-4.33%,0.35,0.37,0.45,1149,682,1.68,37.35%,37.31%,-0.052498,2026-09-11
SPCX,151.21,2026-09-25,13,Call,149.00,+1.46%,7,7.1,7.25,1187,706,1.68,50.92%,51.78%,0.584252,2026-09-11
ORCL,150.28,2026-09-18,6,Call,170.00,-13.12%,0.48,0.48,0.51,53485,31844,1.68,50.27%,67.85%,0.085387,2026-09-11
HIMS,27.51,2026-09-18,6,Put,27.50,-0.04%,0.72,1,0.99,719,430,1.67,64.08%,61.67%,-0.479997,2026-09-11
DELL,567.29,2026-09-18,6,Call,630.00,-11.05%,2.85,2.91,2.96,723,434,1.67,63.09%,67.75%,0.12349,2026-09-11
WHR,35.21,2027-12-17,461,Call,20.00,+43.20%,17,18.3,19,767,458,1.67,53.52%,90.64%,0.822345,2026-09-11
BE,275.75,2026-09-18,6,Put,255.00,-7.52%,3.35,3.49,3.5,1523,912,1.67,79.20%,79.71%,-0.205575,2026-09-11
INTC,102.94,2026-09-18,6,Put,104.00,+1.03%,3.75,3.89,3.9,1249,752,1.66,59.90%,62.27%,-0.533201,2026-09-11
CORZ,17.94,2026-09-18,6,Call,19.50,-8.70%,0.04,0.18,0.28,1845,1110,1.66,68.32%,69.74%,0.189087,2026-09-11
CRM,247.72,2026-09-18,6,Put,225.00,-9.17%,0.48,0.49,0.61,4921,2963,1.66,39.63%,52.66%,-0.071432,2026-09-11
BMNR,25.03,2026-09-25,13,Call,29.00,-15.86%,0.43,0.46,0.48,567,344,1.65,79.62%,87.22%,0.210499,2026-09-11
ORCL,150.28,2026-09-25,13,Put,135.00,-10.17%,0.88,0.93,1,819,497,1.65,50.27%,51.71%,-0.123923,2026-09-11
AVGO,361.99,2026-09-18,6,Call,375.00,-3.59%,2.18,2.25,2.5,3091,1870,1.65,34.93%,36.90%,0.237999,2026-09-11
MRVL,236.1,2027-09-17,370,Call,320.00,-35.54%,42.75,45,44.7,548,334,1.64,64.73%,69.61%,0.489031,2026-09-11
CRWV,88.99,2026-09-18,6,Put,82.00,-7.85%,0.8,0.81,0.83,625,381,1.64,72.71%,72.42%,-0.175316,2026-09-11
SPCX,151.21,2026-09-18,6,Call,172.50,-14.08%,0.25,0.26,0.26,877,536,1.64,50.92%,61.52%,0.052282,2026-09-11
ONDS,7.23,2027-06-17,278,Call,22.00,-204.29%,0.34,0.43,0.53,1586,965,1.64,71.67%,94.90%,0.185937,2026-09-11
META,648.03,2026-09-16,4,Call,655.00,-1.08%,7.15,7.25,7.3,784,481,1.63,37.35%,37.65%,0.404153,2026-09-11
MSTR,130.97,2028-01-21,496,Put,200.00,+52.71%,90.9,89.75,92.35,1251,767,1.63,70.24%,77.36%,-0.508633,2026-09-11
MU,975.26,2027-01-15,125,Put,830.00,-14.89%,61.55,63,63.05,1570,962,1.63,59.27%,59.95%,-0.252796,2026-09-11
AMZN,256.78,2027-02-19,160,Call,280.00,-9.04%,17.1,17.4,17.5,1832,1127,1.63,30.07%,36.40%,0.432981,2026-09-11
TTD,14.34,2026-09-18,6,Put,27.50,+91.77%,12.45,13.43,13.6,4455,2736,1.63,54.99%,348.42%,-0.891727,2026-09-11
NKE,36.8,2026-09-18,6,Call,37.00,-0.54%,0.51,0.51,0.52,5124,3135,1.63,45.24%,32.42%,0.455133,2026-09-11
AAPL,332.27,2026-09-25,13,Put,320.00,-3.69%,1.79,1.91,1.94,6692,4096,1.63,24.62%,25.47%,-0.203608,2026-09-11
QCOM,181.97,2026-09-18,6,Put,172.50,-5.20%,1.14,1.2,1.25,541,334,1.62,46.06%,48.71%,-0.186435,2026-09-11
DKNG,24.74,2026-09-18,6,Call,24.00,+2.99%,1.03,1.1,1.33,921,567,1.62,55.05%,59.62%,0.671246,2026-09-11
DELL,567.29,2026-10-16,34,Call,550.00,+3.05%,51.75,53,53.75,1506,929,1.62,63.09%,62.86%,0.60738,2026-09-11
MRNA,143.97,2026-09-18,6,Call,155.00,-7.66%,1.73,1.82,1.91,2003,1238,1.62,69.93%,74.56%,0.236283,2026-09-11
AAL,13.01,2026-09-25,13,Call,14.00,-7.61%,0.12,0.15,0.17,3202,1972,1.62,46.30%,48.02%,0.222897,2026-09-11
NVDA,218.29,2026-09-18,6,Call,225.00,-3.07%,1.21,1.22,1.22,91251,56693,1.61,32.35%,31.67%,0.238012,2026-09-11
DELL,567.29,2026-09-25,13,Call,600.00,-5.77%,13.95,14.49,14.8,535,332,1.61,63.09%,62.61%,0.342384,2026-09-11
AVGO,361.99,2026-09-14,2,Call,360.00,+0.55%,4,4.1,4.3,566,352,1.61,34.93%,28.30%,0.610731,2026-09-11
ON,76.14,2026-09-18,6,Put,72.00,-5.44%,0.9,1.1,1.4,610,379,1.61,55.72%,72.62%,-0.256969,2026-09-11
WYNN,87.7,2026-09-18,6,Put,85.00,-3.08%,0.36,0.52,0.55,892,555,1.61,31.55%,32.23%,-0.215784,2026-09-11
FLNC,9.93,2028-01-21,496,Put,7.00,-29.51%,2,2.08,2.25,1041,647,1.61,82.95%,97.00%,-0.18224,2026-09-11
COIN,175.26,2026-09-25,13,Call,200.00,-14.12%,1.98,2.02,2.12,1462,909,1.61,63.58%,69.45%,0.175633,2026-09-11
NVDA,218.29,2026-09-21,9,Call,225.00,-3.07%,1.49,1.58,1.61,2003,1241,1.61,32.35%,28.80%,0.264394,2026-09-11
AAL,13.01,2026-09-18,6,Call,13.50,-3.77%,0.16,0.16,0.17,5851,3627,1.61,46.30%,52.76%,0.304389,2026-09-11
SIMO,284.48,2026-09-18,6,Call,300.00,-5.46%,4,6,6.8,569,356,1.6,78.45%,76.93%,0.313999,2026-09-11
SNDK,1633.35,2026-09-18,6,Call,"1,950.00",-19.39%,2.65,2.83,2.85,924,576,1.6,68.48%,77.88%,0.042832,2026-09-11
MRNA,143.97,2026-09-25,13,Call,150.00,-4.19%,5.25,5.67,7.15,990,619,1.6,69.93%,79.77%,0.425155,2026-09-11
UBER,71.67,2028-06-16,643,Call,75.00,-4.65%,15,16.9,18.05,1007,629,1.6,34.69%,42.15%,0.62793,2026-09-11
NVDA,218.29,2026-09-14,2,Call,215.00,+1.51%,3.75,3.8,3.85,1485,929,1.6,32.35%,25.35%,0.796179,2026-09-11
NKE,36.8,2026-12-18,97,Put,70.00,+90.22%,32.85,32.85,33.9,1555,969,1.6,45.24%,71.49%,-0.944662,2026-09-11
DELL,567.29,2026-09-18,6,Put,470.00,-17.15%,0.4,0.47,0.5,1574,982,1.6,63.09%,74.56%,-0.02164,2026-09-11
PANW,330.65,2026-09-18,6,Call,370.00,-11.90%,0.3,0.35,0.42,3879,2417,1.6,46.90%,49.81%,0.042764,2026-09-11
SPCX,151.21,2026-09-25,13,Put,145.00,-4.11%,3.15,3.1,3.25,1224,772,1.59,50.92%,52.47%,-0.314097,2026-09-11
BA,210.45,2026-09-18,6,Call,212.50,-0.97%,2.44,2.53,2.61,1344,847,1.59,30.09%,31.97%,0.413992,2026-09-11
ADBE,252.23,2026-09-18,6,Put,245.00,-2.87%,2.71,2.9,3,1734,1090,1.59,42.61%,45.70%,-0.296495,2026-09-11
AAPL,332.27,2026-10-02,20,Call,350.00,-5.34%,1.93,1.97,2.06,3487,2190,1.59,24.62%,24.23%,0.19585,2026-09-11
MSTR,130.97,2026-09-18,6,Put,125.00,-4.56%,2.21,2.26,2.32,11729,7386,1.59,70.24%,71.50%,-0.287572,2026-09-11
CNC,66.42,2026-09-18,6,Call,66.00,+0.63%,1.39,1.68,1.75,552,350,1.58,40.24%,39.22%,0.56481,2026-09-11
MU,975.26,2026-09-18,6,Call,985.00,-1.00%,21.6,21.8,22,1007,639,1.58,59.27%,52.14%,0.457598,2026-09-11
GLXY,24.4,2026-12-18,97,Call,50.00,-104.92%,0.37,0.5,1.18,1205,763,1.58,82.09%,103.32%,0.144229,2026-09-11
SLS,11.55,2026-09-18,6,Put,11.00,-4.76%,0.55,0.6,0.65,2205,1395,1.58,204.85%,147.21%,-0.361934,2026-09-11
SKHY,190.07,2026-09-18,6,Call,210.00,-10.49%,1.01,1,1.04,2231,1408,1.58,61.50%,66.39%,0.130936,2026-09-11
AAPL,332.27,2026-10-16,34,Put,330.00,-0.68%,8.15,8.3,8.4,4664,2944,1.58,24.62%,24.30%,-0.43549,2026-09-11
QCOM,181.97,2026-09-25,13,Call,200.00,-9.91%,1.3,1.4,1.45,4918,3108,1.58,46.06%,48.41%,0.162906,2026-09-11
ACVA,10.41,2026-09-18,6,Call,10.00,+3.94%,0.4,0.4,0.5,5716,3619,1.58,20.40%,31.61%,0.847685,2026-09-11
KR,58.49,2026-09-18,6,Put,58.00,-0.84%,0.49,0.7,0.79,671,427,1.57,27.29%,29.13%,-0.401691,2026-09-11
RIVN,16.03,2026-09-18,6,Put,16.50,+2.93%,0.69,0.66,0.78,742,472,1.57,57.00%,56.34%,-0.639986,2026-09-11
PNC,244.24,2026-09-18,6,Put,240.00,-1.74%,1.15,1.55,1.5,795,506,1.57,24.77%,24.13%,-0.278941,2026-09-11
QXO,12.31,2026-10-16,34,Call,13.00,-5.61%,0.55,0.65,0.7,1101,700,1.57,60.63%,59.36%,0.424086,2026-09-11
DELL,567.29,2026-09-18,6,Call,540.00,+4.81%,35.35,35.35,35.95,1251,798,1.57,63.09%,66.18%,0.735522,2026-09-11
B,43.68,2026-12-18,97,Call,48.00,-9.89%,2.4,2.57,2.77,1658,1057,1.57,44.15%,46.06%,0.398368,2026-09-11
TSLA,365.44,2026-09-25,13,Call,365.00,+0.12%,11.25,11.25,11.4,1921,1223,1.57,39.74%,39.54%,0.528216,2026-09-11
ORCL,150.28,2026-10-02,20,Call,160.00,-6.47%,3.75,3.6,3.9,6719,4290,1.57,50.27%,52.99%,0.33223,2026-09-11
QCOM,181.97,2026-09-18,6,Call,190.00,-4.41%,1.65,1.72,1.78,6728,4297,1.57,46.06%,48.99%,0.257123,2026-09-11
SNDK,1633.35,2026-09-18,6,Put,"1,580.00",-3.27%,29.5,30.07,30.2,677,435,1.56,68.48%,64.01%,-0.325624,2026-09-11
BABA,109.3,2026-09-18,6,Put,150.00,+37.24%,40.05,40.96,41,1096,703,1.56,40.37%,133.38%,-0.96116,2026-09-11
TSM,433.24,2026-09-18,6,Call,437.50,-0.98%,4.9,5.13,5.25,1348,865,1.56,34.10%,31.05%,0.415305,2026-09-11
BAC,62.69,2026-09-18,6,Put,61.00,-2.70%,0.22,0.25,0.26,3312,2127,1.56,25.62%,26.20%,-0.200765,2026-09-11
DKNG,24.74,2026-09-18,6,Call,25.00,-1.05%,0.6,0.62,0.64,19717,12672,1.56,55.05%,57.90%,0.461876,2026-09-11
GOOGL,338.5,2026-09-18,6,Call,345.00,-1.92%,2.4,2.5,2.55,14123,9131,1.55,28.84%,28.67%,0.314183,2026-09-11
MARA,11.98,2026-09-18,6,Call,12.00,-0.17%,0.5,0.51,0.53,45250,29273,1.55,84.62%,85.09%,0.517836,2026-09-11
COIN,175.26,2026-09-18,6,Call,225.00,-28.38%,0.1,0.13,0.14,818,527,1.55,63.58%,89.44%,0.01718,2026-09-11
CRCL,90.6,2026-09-25,13,Call,100.00,-10.38%,2.3,2.43,2.39,844,546,1.55,77.35%,81.71%,0.289534,2026-09-11
SKHY,190.07,2026-09-18,6,Put,185.00,-2.67%,3.65,3.71,3.75,1883,1218,1.55,61.50%,61.85%,-0.349359,2026-09-11
ADBE,252.23,2027-06-17,278,Put,260.00,+3.08%,35.95,38.9,40.05,2103,1361,1.55,42.61%,42.54%,-0.440131,2026-09-11
NBIS,224.55,2026-09-18,6,Call,232.50,-3.54%,5.7,5.9,5.95,554,359,1.54,79.45%,78.85%,0.386761,2026-09-11
ORCL,150.28,2026-09-18,6,Put,157.50,+4.80%,8.95,9.33,9.35,717,465,1.54,50.27%,60.08%,-0.714826,2026-09-11
BMNR,25.03,2026-09-18,6,Call,24.50,+2.12%,1.31,1.35,1.38,1563,1018,1.54,79.62%,83.02%,0.60243,2026-09-11
RGTI,15.27,2027-06-17,278,Put,13.00,-14.87%,2.5,2.5,2.99,3700,2400,1.54,71.66%,82.34%,-0.269748,2026-09-11
SPCX,151.21,2026-09-25,13,Call,155.00,-2.51%,4.3,4.37,4.4,5331,3451,1.54,50.92%,51.88%,0.424381,2026-09-11
MARA,11.98,2026-09-18,6,Call,11.50,+4.01%,0.76,0.79,0.81,6420,4177,1.54,84.62%,84.12%,0.669548,2026-09-11
ORCL,150.28,2026-09-18,6,Put,141.00,-6.18%,0.99,1.03,1.07,607,396,1.53,50.27%,55.33%,-0.173873,2026-09-11
MSFT,495.63,2026-09-18,6,Call,497.50,-0.38%,5.3,5.51,5.75,961,629,1.53,24.36%,24.85%,0.46514,2026-09-11
RIOT,21.47,2026-09-18,6,Call,22.50,-4.80%,0.41,0.43,0.47,1134,743,1.53,79.87%,75.99%,0.334982,2026-09-11
SPCX,151.21,2026-09-25,13,Call,148.00,+2.12%,7.55,7.93,7.85,1158,755,1.53,50.92%,51.93%,0.610713,2026-09-11
CTSH,60,2026-09-18,6,Put,55.00,-8.33%,0,0.13,0.2,1541,1008,1.53,39.21%,45.58%,-0.063992,2026-09-11
CRWV,88.99,2026-09-25,13,Put,80.00,-10.10%,1.3,1.33,1.37,1661,1088,1.53,72.71%,70.72%,-0.191229,2026-09-11
SNDK,1633.35,2026-09-18,6,Call,"1,600.00",+2.04%,71.7,71.3,72.6,2158,1411,1.53,68.48%,64.44%,0.617254,2026-09-11
UPS,100.28,2026-11-20,69,Call,105.00,-4.71%,3.15,3.48,3.6,2462,1607,1.53,24.07%,31.55%,0.379922,2026-09-11
MARA,11.98,2026-10-16,34,Put,10.00,-16.53%,0.39,0.41,0.42,2807,1831,1.53,84.62%,85.74%,-0.202474,2026-09-11
BE,275.75,2026-09-18,6,Call,275.00,+0.27%,11.35,11.24,11.5,4028,2629,1.53,79.20%,77.89%,0.533147,2026-09-11
AVGO,361.99,2026-09-18,6,Put,347.50,-4.00%,1.57,1.71,1.82,547,361,1.52,34.93%,36.29%,-0.181235,2026-09-11
MARA,11.98,2026-10-02,20,Call,14.00,-16.86%,0.32,0.32,0.36,1382,911,1.52,84.62%,86.85%,0.256189,2026-09-11
MU,975.26,2026-09-18,6,Call,"1,030.00",-5.61%,8.2,8.28,8.45,2293,1504,1.52,59.27%,53.19%,0.224174,2026-09-11
SPCX,151.21,2026-09-18,6,Put,141.00,-6.75%,0.92,0.92,0.94,2629,1732,1.52,50.92%,56.55%,-0.156742,2026-09-11
META,648.03,2026-12-18,97,Call,900.00,-38.88%,5.75,6,6.05,3981,2617,1.52,37.35%,43.48%,0.094748,2026-09-11
TTD,14.34,2027-01-15,125,Put,60.00,+318.41%,45.4,46.4,46.4,614,407,1.51,54.99%,153.67%,-0.899993,2026-09-11
HOOD,112.57,2026-09-18,6,Call,127.00,-12.82%,0.4,0.43,0.44,755,499,1.51,60.62%,68.75%,0.093816,2026-09-11
BMNR,25.03,2026-10-16,34,Call,39.00,-55.81%,0.23,0.28,0.36,786,521,1.51,79.62%,98.45%,0.094272,2026-09-11
BE,275.75,2026-09-25,13,Call,280.00,-1.54%,13.55,14.3,14.7,1186,786,1.51,79.20%,76.57%,0.490162,2026-09-11
DELL,567.29,2026-09-18,6,Call,620.00,-9.29%,3.9,4.1,4.15,1695,1123,1.51,63.09%,67.04%,0.162367,2026-09-11
AAPL,332.27,2026-10-16,34,Put,335.00,+0.82%,10.55,10.75,10.85,1796,1189,1.51,24.62%,24.05%,-0.517994,2026-09-11
INTC,102.94,2026-09-18,6,Call,104.00,-1.03%,2.84,2.82,2.92,2721,1803,1.51,59.90%,63.51%,0.468573,2026-09-11
ACVA,10.41,2026-10-16,34,Call,10.00,+3.94%,0.45,0.45,0.55,6920,4579,1.51,20.40%,16.59%,0.81254,2026-09-11
TSLA,365.44,2026-09-18,6,Call,370.00,-1.25%,5.65,5.72,5.75,19675,13153,1.5,39.74%,40.83%,0.420984,2026-09-11
NCLH,14.82,2027-01-15,125,Put,30.00,+102.43%,14.7,15.25,15.45,508,339,1.5,46.19%,77.24%,-0.93838,2026-09-11
TSLA,365.44,2026-09-18,6,Put,500.00,+36.82%,133.7,135.29,134.95,513,342,1.5,39.74%,132.07%,-0.962816,2026-09-11
CAT,818.57,2026-10-16,34,Put,710.00,-13.26%,3.75,4.25,4.4,543,362,1.5,34.41%,37.05%,-0.090515,2026-09-11
NCLH,14.82,2026-09-18,6,Put,25.00,+68.69%,9.95,10.2,10.2,590,393,1.5,46.19%,191.20%,-0.979178,2026-09-11
NVDA,218.29,2026-09-18,6,Put,280.00,+28.27%,61.05,61.05,62.4,600,400,1.5,32.35%,80.36%,-0.994194,2026-09-11
FCEL,15.89,2026-09-18,6,Put,14.50,-8.75%,0.15,0.25,0.3,614,408,1.5,96.82%,92.46%,-0.201566,2026-09-11
NOW,132.53,2026-09-18,6,Call,133.00,-0.35%,3.4,3.4,3.55,645,429,1.5,52.24%,54.03%,0.496863,2026-09-11
TSLA,365.44,2026-09-14,2,Put,380.00,+3.98%,14.45,14.84,14.9,730,487,1.5,39.74%,31.12%,-0.956085,2026-09-11
HRL,20.57,2026-10-16,34,Put,21.00,+2.09%,0.7,0.92,1.05,773,517,1.5,20.78%,24.45%,-0.600475,2026-09-11
AMD,516.13,2026-09-14,2,Call,545.00,-5.59%,0.29,0.28,0.34,930,618,1.5,49.83%,43.24%,0.046654,2026-09-11
IONQ,36.75,2026-09-18,6,Call,38.00,-3.40%,0.83,0.85,0.9,940,626,1.5,69.68%,72.95%,0.380367,2026-09-11
NKE,36.8,2026-09-18,6,Put,55.00,+49.46%,17.8,18.35,19.35,1026,684,1.5,45.24%,212.72%,-0.909099,2026-09-11
UTZ,14.28,2026-09-18,6,Call,10.00,+29.97%,4,4,4.6,1280,855,1.5,30.06%,139.17%,0.981296,2026-09-11
CCL,22.75,2026-09-18,6,Call,23.50,-3.30%,0.17,0.19,0.21,1562,1043,1.5,44.66%,39.94%,0.272621,2026-09-11
INTC,102.94,2027-09-17,370,Put,65.00,-36.86%,6.05,6.34,6.7,2481,1656,1.5,59.90%,63.79%,-0.138701,2026-09-11
BULL,9.22,2027-01-15,125,Put,25.00,+171.15%,14.2,14.65,16.7,2582,1721,1.5,59.52%,94.30%,-0.974031,2026-09-11
BMNR,25.03,2026-09-18,6,Call,27.00,-7.87%,0.44,0.48,0.5,5491,3665,1.5,79.62%,90.54%,0.27765,2026-09-11
BTDR,11.96,2026-09-25,13,Call,12.50,-4.52%,0.5,0.56,0.7,514,344,1.49,93.67%,90.97%,0.434911,2026-09-11
CAVA,55.88,2026-10-16,34,Call,60.00,-7.37%,1.88,2.01,2.14,639,429,1.49,51.21%,51.71%,0.36318,2026-09-11
ADI,378.78,2027-01-15,125,Call,420.00,-10.88%,18.9,18.2,21.9,716,480,1.49,36.42%,39.05%,0.381556,2026-09-11
SCCO,193.49,2026-09-18,6,Call,200.00,-3.36%,1.1,2.3,2.7,1034,696,1.49,47.12%,43.69%,0.288283,2026-09-11
KLAC,180.64,2026-09-18,6,Call,190.00,-5.18%,1.65,1.65,1.95,2425,1626,1.49,52.54%,54.50%,0.24799,2026-09-11
SMR,8.61,2026-09-18,6,Call,9.00,-4.53%,0.2,0.21,0.22,2966,1995,1.49,77.88%,82.46%,0.359213,2026-09-11
CIFR,16.85,2026-09-18,6,Put,17.50,+3.86%,1.23,1.25,1.31,1224,829,1.48,96.50%,104.16%,-0.584505,2026-09-11
NCLH,14.82,2026-09-18,6,Put,22.00,+48.45%,7,7,7.2,1566,1055,1.48,46.19%,140.64%,-0.983999,2026-09-11
TSLA,365.44,2026-09-14,2,Put,345.00,-5.59%,0.13,0.13,0.15,2530,1711,1.48,39.74%,42.19%,-0.031142,2026-09-11
GOOG,335.45,2026-09-18,6,Call,357.50,-6.57%,0.25,0.41,0.44,510,346,1.47,28.56%,31.31%,0.060326,2026-09-11
SPCX,151.21,2026-10-02,20,Call,144.00,+4.77%,10.45,10.65,11.6,535,365,1.47,50.92%,48.05%,0.694396,2026-09-11
ON,76.14,2026-09-18,6,Call,76.00,+0.18%,2.61,2.75,2.92,570,389,1.47,55.72%,68.70%,0.528585,2026-09-11
SNDK,1633.35,2026-09-18,6,Put,"1,700.00",+4.08%,93.9,94,94.7,1180,802,1.47,68.48%,64.90%,-0.668038,2026-09-11
HOOD,112.57,2026-09-25,13,Call,115.00,-2.16%,3.95,4.05,4.15,1632,1112,1.47,60.62%,59.72%,0.451571,2026-09-11
CIFR,16.85,2028-01-21,496,Call,8.00,+52.52%,10.85,11.42,11.3,1802,1226,1.47,96.50%,101.26%,0.897617,2026-09-11
FLNC,9.93,2026-11-20,69,Call,15.00,-51.06%,0.35,0.4,0.45,2050,1395,1.47,82.95%,92.81%,0.210953,2026-09-11
NVDA,218.29,2026-09-16,4,Put,210.00,-3.80%,0.61,0.61,0.62,3642,2471,1.47,32.35%,35.76%,-0.14424,2026-09-11
CIFR,16.85,2026-09-18,6,Call,19.00,-12.76%,0.25,0.28,0.28,8913,6058,1.47,96.50%,107.89%,0.213363,2026-09-11
NKE,36.8,2027-09-17,370,Call,35.00,+4.89%,7,7.08,7.25,502,343,1.46,45.24%,45.26%,0.612822,2026-09-11
AAOI,105.36,2027-06-17,278,Put,105.00,-0.34%,31,31.5,32.9,507,347,1.46,84.86%,95.02%,-0.32999,2026-09-11
META,648.03,2027-06-17,278,Call,940.00,-45.06%,27.45,30.74,28.6,566,388,1.46,37.35%,43.15%,0.233579,2026-09-11
MSFT,495.63,2027-12-17,461,Call,625.00,-26.10%,34.95,38.08,38.55,568,390,1.46,24.36%,32.14%,0.361653,2026-09-11
BE,275.75,2026-09-18,6,Call,335.00,-21.49%,0.34,0.42,0.57,635,434,1.46,79.20%,83.67%,0.039621,2026-09-11
CSCO,112.13,2026-09-18,6,Put,111.00,-1.01%,1.07,1.19,1.14,862,592,1.46,29.18%,28.42%,-0.380351,2026-09-11
NCLH,14.82,2026-09-18,6,Put,19.00,+28.21%,4.05,4,4.2,902,618,1.46,46.19%,95.18%,-0.97823,2026-09-11
PURR,11.61,2026-09-18,6,Put,10.50,-9.56%,0.15,0.18,0.2,999,684,1.46,98.72%,100.36%,-0.197783,2026-09-11
RKLB,62.95,2026-09-18,6,Put,62.00,-1.51%,1.63,1.67,1.7,1271,870,1.46,68.07%,66.39%,-0.410194,2026-09-11
RKLB,62.95,2026-09-18,6,Call,68.00,-8.02%,0.62,0.65,0.69,1359,934,1.46,68.07%,70.58%,0.211561,2026-09-11
SPCX,151.21,2026-09-25,13,Call,165.00,-9.12%,1.74,1.77,1.78,2662,1821,1.46,50.92%,53.67%,0.212307,2026-09-11
CBRS,191.93,2026-10-16,34,Put,155.00,-19.24%,2.1,2.47,3.2,544,376,1.45,67.80%,67.40%,-0.123655,2026-09-11
RBRK,86.65,2026-09-18,6,Call,98.00,-13.10%,0.15,0.15,0.4,586,405,1.45,55.25%,67.07%,0.08354,2026-09-11
ASTS,59.86,2026-09-18,6,Call,63.00,-5.25%,1.05,1.11,1.15,609,421,1.45,72.78%,74.22%,0.314377,2026-09-11
BABA,109.3,2026-10-02,20,Call,110.00,-0.64%,3.7,4.19,4.5,671,462,1.45,40.37%,43.48%,0.494359,2026-09-11
RKLB,62.95,2026-09-18,6,Put,64.00,+1.67%,2.68,2.74,2.99,714,494,1.45,68.07%,70.60%,-0.5527,2026-09-11
META,648.03,2026-09-16,4,Call,650.00,-0.30%,9.15,9.35,9.5,820,566,1.45,37.35%,37.53%,0.480678,2026-09-11
NU,14.62,2026-09-18,6,Call,14.50,+0.82%,0.37,0.39,0.39,1287,886,1.45,45.30%,41.84%,0.575976,2026-09-11
NVDA,218.29,2026-10-02,20,Call,220.00,-0.78%,5.75,5.85,5.9,6700,4629,1.45,32.35%,31.65%,0.481994,2026-09-11
GME,21.15,2026-09-18,6,Call,21.00,+0.71%,0.57,0.59,0.59,13786,9502,1.45,43.85%,47.07%,0.555635,2026-09-11
AAPL,332.27,2026-09-18,6,Call,335.00,-0.82%,3.2,3.25,3.3,31403,21799,1.44,24.62%,25.84%,0.415216,2026-09-11
BAC,62.69,2026-09-25,13,Put,63.00,+0.49%,1.11,1.2,1.22,554,386,1.44,25.62%,21.62%,-0.534918,2026-09-11
KR,58.49,2027-03-19,188,Call,60.00,-2.58%,3.95,4.8,5.25,581,404,1.44,27.29%,30.53%,0.50632,2026-09-11
NOW,132.53,2026-09-18,6,Call,143.00,-7.90%,0.7,0.73,0.77,728,507,1.44,52.24%,55.71%,0.153751,2026-09-11
OKLO,36.22,2026-09-18,6,Put,34.00,-6.13%,0.39,0.43,0.5,816,565,1.44,70.96%,70.26%,-0.225668,2026-09-11
INTC,102.94,2026-09-18,6,Put,97.00,-5.77%,1.09,1.13,1.14,1210,839,1.44,59.90%,64.07%,-0.22056,2026-09-11
MU,975.26,2026-09-18,6,Call,970.00,+0.54%,28.7,29.05,29.15,1276,889,1.44,59.27%,52.10%,0.549002,2026-09-11
AAPL,332.27,2026-10-02,20,Put,320.00,-3.69%,2.85,2.86,2.99,1335,925,1.44,24.62%,25.25%,-0.244148,2026-09-11
APLD,26.42,2026-09-18,6,Call,26.00,+1.59%,1.1,1.25,1.24,1956,1356,1.44,87.56%,69.88%,0.591089,2026-09-11
META,648.03,2027-02-19,160,Call,750.00,-15.74%,40.55,40.7,41.3,557,389,1.43,37.35%,42.81%,0.374172,2026-09-11
SNDK,1633.35,2026-09-18,6,Call,"1,625.00",+0.51%,57.8,57.3,59,563,394,1.43,68.48%,64.38%,0.544035,2026-09-11
TSLA,365.44,2026-10-09,27,Call,415.00,-13.56%,2.99,2.99,3.1,594,414,1.43,39.74%,41.73%,0.149125,2026-09-11
BE,275.75,2026-09-18,6,Call,305.00,-10.61%,2.56,2.56,2.69,728,509,1.43,79.20%,80.43%,0.178674,2026-09-11
BSX,42.98,2027-02-19,160,Put,35.00,-18.57%,1.3,1.45,1.55,772,541,1.43,37.14%,43.75%,-0.183165,2026-09-11
IBM,243.29,2026-09-25,13,Call,250.00,-2.76%,3.65,3.81,3.9,811,568,1.43,34.74%,35.39%,0.355601,2026-09-11
ASTS,59.86,2026-09-18,6,Call,74.00,-23.62%,0.11,0.11,0.16,855,599,1.43,72.78%,94.93%,0.046811,2026-09-11
GOOG,335.45,2026-10-23,41,Call,345.00,-2.85%,9.55,9.86,10,1133,790,1.43,28.56%,29.73%,0.423314,2026-09-11
AMZN,256.78,2026-09-14,2,Call,265.00,-3.20%,0.09,0.1,0.11,2848,1995,1.43,30.07%,25.52%,0.049696,2026-09-11
MDLN,32.53,2026-09-18,6,Put,32.50,-0.09%,0.15,1,1.2,3023,2120,1.43,45.33%,42.00%,-0.478913,2026-09-11
TXN,268.7,2026-09-18,6,Call,280.00,-4.21%,1.42,1.71,1.94,3434,2394,1.43,38.63%,39.85%,0.218862,2026-09-11
GFL,42.85,2026-10-16,34,Call,45.00,-5.02%,1.5,1.65,1.7,4139,2904,1.43,46.06%,46.37%,0.400517,2026-09-11
AAPL,332.27,2026-09-18,6,Call,345.00,-3.83%,0.76,0.8,0.81,17862,12462,1.43,24.62%,26.30%,0.139604,2026-09-11
TSLA,365.44,2026-09-18,6,Call,380.00,-3.98%,2.75,2.78,2.8,15288,10736,1.42,39.74%,41.86%,0.245046,2026-09-11
GOOGL,338.5,2026-09-18,6,Call,340.00,-0.44%,4.2,4.4,4.4,16828,11863,1.42,28.84%,28.41%,0.464929,2026-09-11
AMD,516.13,2026-09-18,6,Put,485.00,-6.03%,3.3,3.45,3.55,539,379,1.42,49.83%,53.94%,-0.173089,2026-09-11
ADI,378.78,2027-01-15,125,Call,410.00,-8.24%,22.3,23.45,25,572,404,1.42,36.42%,39.18%,0.422748,2026-09-11
SPCX,151.21,2026-09-25,13,Call,147.00,+2.78%,7.65,8.3,8.4,691,487,1.42,50.92%,49.49%,0.641665,2026-09-11
BE,275.75,2026-09-18,6,Put,245.00,-11.15%,1.69,1.79,1.74,951,670,1.42,79.20%,81.28%,-0.116633,2026-09-11
RKLB,62.95,2026-09-18,6,Put,61.00,-3.10%,1.23,1.23,1.29,979,690,1.42,68.07%,66.43%,-0.337938,2026-09-11
CRWV,88.99,2026-09-18,6,Call,98.00,-10.12%,0.75,0.78,0.79,1213,855,1.42,72.71%,75.62%,0.173539,2026-09-11
NEE,82.31,2026-10-16,34,Put,82.50,+0.23%,1.84,1.9,2.07,1785,1257,1.42,20.80%,18.82%,-0.499911,2026-09-11
KTOS,46.69,2027-01-15,125,Call,60.00,-28.51%,3.1,3.09,3.3,2170,1533,1.42,59.32%,64.92%,0.331547,2026-09-11
AMD,516.13,2026-09-18,6,Call,515.00,+0.22%,14.05,14.25,14.7,2213,1558,1.42,49.83%,51.77%,0.529974,2026-09-11
NCLH,14.82,2026-09-18,6,Put,20.00,+34.95%,4.9,5.05,5.25,3000,2107,1.42,46.19%,111.39%,-0.980818,2026-09-11
BMNR,25.03,2026-09-18,6,Put,24.00,-4.12%,0.54,0.56,0.59,3004,2115,1.42,79.62%,79.90%,-0.320505,2026-09-11
GOOGL,338.5,2026-09-18,6,Put,317.50,-6.20%,0.31,0.33,0.36,707,502,1.41,28.84%,32.05%,-0.05573,2026-09-11
MRNA,143.97,2026-09-18,6,Call,135.00,+6.23%,10.5,10.75,11.05,742,528,1.41,69.93%,70.15%,0.778449,2026-09-11
UUUU,12.95,2026-09-25,13,Call,13.50,-4.25%,0.4,0.47,0.51,831,591,1.41,70.67%,69.28%,0.404038,2026-09-11
RKLB,62.95,2026-09-18,6,Call,66.00,-4.85%,1.02,1.14,1.13,943,670,1.41,68.07%,68.88%,0.313873,2026-09-11
SKHY,190.07,2026-09-18,6,Put,190.00,-0.04%,5.8,5.9,5.95,1407,1001,1.41,61.50%,61.35%,-0.480034,2026-09-11
WMT,107.15,2026-09-18,6,Put,104.00,-2.94%,0.25,0.3,0.29,2169,1542,1.41,22.49%,23.72%,-0.156272,2026-09-11
BMNR,25.03,2026-09-18,6,Call,25.50,-1.88%,0.87,0.92,0.92,3108,2208,1.41,79.62%,85.81%,0.456612,2026-09-11
MSTR,130.97,2026-10-16,34,Call,135.00,-3.08%,9.6,9.66,9.75,3705,2630,1.41,70.24%,70.48%,0.493094,2026-09-11
NVDA,218.29,2026-09-18,6,Call,227.50,-4.22%,0.75,0.76,0.76,22144,15732,1.41,32.35%,31.79%,0.163343,2026-09-11
XYZ,79.21,2026-10-16,34,Call,82.50,-4.15%,2.51,2.54,2.71,583,415,1.4,39.29%,40.03%,0.403715,2026-09-11
SMR,8.61,2026-10-16,34,Call,9.00,-4.53%,0.63,0.66,0.71,742,531,1.4,77.88%,78.44%,0.479679,2026-09-11
MRVL,236.1,2027-09-17,370,Put,150.00,-36.47%,15.75,15.6,17.15,1073,767,1.4,64.73%,66.87%,-0.1446,2026-09-11
OKLO,36.22,2026-09-18,6,Put,36.00,-0.61%,1.07,1.1,1.2,1356,968,1.4,70.96%,67.77%,-0.452568,2026-09-11
AMD,516.13,2027-03-19,188,Put,390.00,-24.44%,21.15,23.2,23.7,1587,1134,1.4,49.83%,54.92%,-0.170431,2026-09-11
TSLA,365.44,2026-09-16,4,Put,355.00,-2.86%,2.07,2.09,2.11,1745,1243,1.4,39.74%,39.48%,-0.23251,2026-09-11
ADBE,252.23,2026-09-18,6,Put,240.00,-4.85%,1.5,1.57,1.65,4417,3144,1.4,42.61%,45.84%,-0.188278,2026-09-11
GLXY,24.4,2026-09-18,6,Call,26.50,-8.61%,0.25,0.46,0.53,517,372,1.39,82.09%,87.86%,0.250988,2026-09-11
ASTS,59.86,2026-09-18,6,Call,64.00,-6.92%,0.84,0.92,0.9,573,411,1.39,72.78%,75.20%,0.261296,2026-09-11
MSTR,130.97,2026-09-18,6,Put,128.00,-2.27%,3.3,3.4,3.5,674,486,1.39,70.24%,72.01%,-0.382048,2026-09-11
GME,21.15,2026-10-02,20,Call,24.00,-13.48%,0.27,0.28,0.32,811,584,1.39,43.85%,58.93%,0.194435,2026-09-11
NKE,36.8,2026-09-25,13,Call,37.00,-0.54%,0.78,0.82,0.84,948,682,1.39,45.24%,32.81%,0.47547,2026-09-11
CLSK,13.67,2026-09-18,6,Put,12.50,-8.56%,0.14,0.15,0.22,1285,923,1.39,79.26%,88.47%,-0.197562,2026-09-11
AVGO,361.99,2026-09-16,4,Call,370.00,-2.21%,2.2,2.28,2.35,599,433,1.38,34.93%,34.78%,0.282894,2026-09-11
ORCL,150.28,2026-10-02,20,Call,190.00,-26.43%,0.42,0.47,0.53,683,494,1.38,50.27%,59.97%,0.055731,2026-09-11
OKLO,36.22,2026-09-18,6,Put,36.50,+0.77%,1.32,1.38,1.46,856,622,1.38,70.96%,67.53%,-0.516062,2026-09-11
CRDO,162.95,2026-09-18,6,Call,180.00,-10.46%,0.95,1.03,1.1,974,705,1.38,66.98%,69.49%,0.143247,2026-09-11
TSLA,365.44,2026-09-16,4,Call,385.00,-5.35%,0.94,0.95,0.98,1526,1103,1.38,39.74%,41.87%,0.123318,2026-09-11
IREN,43.83,2026-09-18,6,Call,45.50,-3.81%,1.11,1.08,1.17,609,446,1.37,80.83%,80.89%,0.380939,2026-09-11
ADI,378.78,2026-09-18,6,Call,390.00,-2.96%,2.55,2.7,3.5,894,651,1.37,36.42%,36.91%,0.279322,2026-09-11
ZS,164.54,2026-09-18,6,Put,145.00,-11.88%,0.09,0.1,0.14,1038,757,1.37,50.98%,52.19%,-0.026746,2026-09-11
CIFR,16.85,2026-11-20,69,Call,26.00,-54.30%,0.84,1.07,1.1,1167,853,1.37,96.50%,108.78%,0.252758,2026-09-11
UBER,71.67,2026-09-25,13,Call,75.00,-4.65%,0.69,0.75,0.79,1377,1004,1.37,34.69%,35.24%,0.26424,2026-09-11
ORCL,150.28,2026-09-18,6,Put,148.00,-1.52%,3.15,3.25,3.35,1896,1380,1.37,50.27%,56.60%,-0.400694,2026-09-11
KO,88.29,2028-06-16,643,Call,130.00,-47.24%,1.12,1.16,1.49,727,536,1.36,18.24%,20.90%,0.120202,2026-09-11
INTC,102.94,2026-10-02,20,Call,105.00,-2.00%,4.9,5.02,5.05,1308,965,1.36,59.90%,60.55%,0.477223,2026-09-11
CPNG,15.12,2027-01-15,125,Put,12.00,-20.63%,0.43,0.5,0.5,2738,2006,1.36,44.55%,50.98%,-0.167995,2026-09-11
MU,975.26,2026-09-18,6,Call,995.00,-2.02%,17.75,17.85,18,547,405,1.35,59.27%,52.33%,0.398803,2026-09-11
HOOD,112.57,2026-09-25,13,Put,112.00,-0.51%,4.55,4.65,4.75,592,437,1.35,60.62%,59.10%,-0.456,2026-09-11
BTDR,11.96,2026-10-16,34,Call,15.00,-25.42%,0.4,0.5,0.55,3013,2235,1.35,93.67%,93.84%,0.262516,2026-09-11
SPCX,151.21,2026-09-25,13,Call,160.00,-5.81%,2.77,2.8,2.82,4977,3692,1.35,50.92%,52.64%,0.306361,2026-09-11
VZ,50.61,2027-06-17,278,Call,57.50,-13.61%,1.26,1.76,1.85,933,696,1.34,22.63%,23.13%,0.272586,2026-09-11
AMZN,256.78,2026-10-23,41,Call,275.00,-7.10%,4.1,4.32,4.45,1076,801,1.34,30.07%,30.24%,0.279363,2026-09-11
CRCL,90.6,2026-09-18,6,Call,99.00,-9.27%,1.3,1.35,1.4,1178,881,1.34,77.35%,88.63%,0.236293,2026-09-11
BMY,63.64,2027-03-19,188,Call,70.00,-9.99%,3.25,3.33,3.85,1673,1253,1.34,25.77%,32.89%,0.382244,2026-09-11
DKNG,24.74,2027-06-17,278,Call,32.50,-31.37%,2.61,2.79,2.89,511,385,1.33,55.05%,56.89%,0.405129,2026-09-11
NBIS,224.55,2026-09-18,6,Put,227.50,+1.31%,10.5,10.55,10.7,530,400,1.33,79.45%,78.90%,-0.529464,2026-09-11
WTS,356.02,2026-10-16,34,Call,360.00,-1.12%,7.6,7.55,9.9,618,463,1.33,22.10%,23.38%,0.467441,2026-09-11
SNDK,1633.35,2026-09-18,6,Call,"1,760.00",-7.75%,16,15.9,16.3,970,727,1.33,68.48%,67.84%,0.209423,2026-09-11
VZ,50.61,2026-10-02,20,Call,53.00,-4.72%,0.19,0.24,0.26,1027,772,1.33,22.63%,20.85%,0.173383,2026-09-11
SMR,8.61,2026-10-16,34,Put,8.00,-7.08%,0.47,0.48,0.5,1050,789,1.33,77.88%,75.53%,-0.327622,2026-09-11
AVGO,361.99,2026-09-18,6,Call,355.00,+1.93%,10.2,11.8,11.15,1330,999,1.33,34.93%,35.33%,0.678498,2026-09-11
MSTR,130.97,2026-09-18,6,Put,135.00,+3.08%,7.1,7.23,7.35,3490,2625,1.33,70.24%,73.51%,-0.606366,2026-09-11
TSLA,365.44,2026-09-18,6,Put,365.00,-0.12%,7.15,7.25,7.25,5077,3823,1.33,39.74%,40.23%,-0.476724,2026-09-11
AAPL,332.27,2026-09-18,6,Call,340.00,-2.33%,1.6,1.65,1.72,41835,31408,1.33,24.62%,25.91%,0.25476,2026-09-11
CAR,121.74,2026-10-16,34,Put,380.00,+212.14%,252.7,259.1,263.2,660,500,1.32,57.94%,198.28%,-0.949769,2026-09-11
USB,62.84,2026-09-18,6,Call,64.00,-1.85%,0.24,0.3,0.37,803,608,1.32,24.37%,22.96%,0.272586,2026-09-11
GOOGL,338.5,2026-10-02,20,Call,365.00,-7.83%,1.69,1.88,1.85,893,679,1.32,28.84%,29.43%,0.150816,2026-09-11
SIRI,29.15,2026-10-16,34,Call,30.00,-2.92%,0.3,0.87,1.11,981,742,1.32,33.11%,29.96%,0.393271,2026-09-11
SMR,8.61,2026-10-16,34,Put,9.00,+4.53%,0.98,1,1.1,1556,1175,1.32,77.88%,79.22%,-0.520787,2026-09-11
ORCL,150.28,2026-09-18,6,Put,146.00,-2.85%,2.34,2.53,2.5,1632,1239,1.32,50.27%,55.96%,-0.328752,2026-09-11
USAR,15.56,2026-09-18,6,Call,16.00,-2.83%,0.41,0.42,0.44,1357,1034,1.31,77.44%,76.44%,0.409243,2026-09-11
MCD,252.53,2026-09-18,6,Call,255.00,-0.98%,1.42,1.5,1.61,1358,1035,1.31,21.12%,19.67%,0.355979,2026-09-11
MU,975.26,2026-09-18,6,Put,980.00,+0.49%,27.95,28.22,28.35,1531,1167,1.31,59.27%,51.97%,-0.512969,2026-09-11
AAPL,332.27,2026-09-18,6,Put,337.50,+1.57%,7,7.25,7.5,1598,1219,1.31,24.62%,24.73%,-0.679531,2026-09-11
NBIS,224.55,2026-09-18,6,Put,225.00,+0.20%,9.15,9.22,9.35,1653,1265,1.31,79.45%,79.06%,-0.485784,2026-09-11
SPCX,151.21,2026-09-18,6,Put,152.50,+0.85%,4.8,4.81,4.9,1788,1369,1.31,50.92%,54.32%,-0.532083,2026-09-11
BRK.B,510.37,2026-09-18,6,Put,500.00,-2.03%,0.62,0.65,0.8,2630,2009,1.31,13.60%,15.27%,-0.13871,2026-09-11
WMT,107.15,2026-09-18,6,Call,107.00,+0.14%,1.32,1.39,1.39,2988,2286,1.31,22.49%,22.90%,0.530832,2026-09-11
BMNR,25.03,2026-10-16,34,Call,30.00,-19.86%,0.98,1.01,1.04,4821,3669,1.31,79.62%,84.07%,0.286059,2026-09-11
KO,88.29,2026-12-18,97,Put,87.50,-0.89%,3.3,3.38,3.45,724,556,1.3,18.24%,21.68%,-0.433333,2026-09-11
IBM,243.29,2026-09-18,6,Call,257.50,-5.84%,0.8,0.87,1.02,798,615,1.3,34.74%,40.52%,0.143628,2026-09-11
DOCN,122.95,2026-10-09,27,Put,125.00,+1.67%,11.6,11.14,12.6,865,663,1.3,77.38%,83.53%,-0.480208,2026-09-11
ORCL,150.28,2026-09-25,13,Call,167.50,-11.46%,1.34,1.41,1.41,1196,919,1.3,50.27%,56.41%,0.168919,2026-09-11
CRWD,206.74,2026-09-18,6,Call,212.50,-2.79%,3.15,3.25,3.35,1295,997,1.3,50.31%,52.48%,0.357193,2026-09-11
IREN,43.83,2026-09-18,6,Put,43.00,-1.89%,1.36,1.45,1.46,1444,1111,1.3,80.83%,81.32%,-0.405048,2026-09-11
META,648.03,2026-09-18,6,Put,640.00,-1.24%,8.85,8.75,9.05,1853,1429,1.3,37.35%,38.53%,-0.387281,2026-09-11
HPE,62.09,2026-09-18,6,Put,55.00,-11.42%,0.18,0.2,0.2,2828,2168,1.3,63.20%,68.13%,-0.075413,2026-09-11
AMD,516.13,2026-09-14,2,Put,485.00,-6.03%,0.21,0.25,0.3,536,415,1.29,49.83%,47.08%,-0.035309,2026-09-11
SMR,8.61,2026-10-02,20,Put,11.00,+27.76%,2.3,2.36,2.58,672,522,1.29,77.88%,75.05%,-0.907178,2026-09-11
GME,21.15,2026-09-25,13,Call,23.00,-8.75%,0.26,0.28,0.31,1920,1490,1.29,43.85%,56.61%,0.228718,2026-09-11
UBER,71.67,2026-09-25,13,Call,72.00,-0.46%,1.74,1.85,1.83,709,556,1.28,34.69%,35.18%,0.493407,2026-09-11
LUNR,14.35,2026-09-18,6,Put,14.50,+1.05%,0.69,0.69,0.72,772,602,1.28,83.57%,85.62%,-0.514191,2026-09-11
MSTR,130.97,2026-09-18,6,Put,122.00,-6.85%,1.42,1.47,1.56,797,622,1.28,70.24%,72.51%,-0.207408,2026-09-11
KO,88.29,2026-09-18,6,Put,88.00,-0.33%,0.87,0.87,0.95,1173,915,1.28,18.24%,23.43%,-0.448061,2026-09-11
SMR,8.61,2026-09-18,6,Put,9.50,+10.34%,0.9,0.9,1.06,1493,1162,1.28,77.88%,83.47%,-0.806163,2026-09-11
BBWI,18.57,2028-01-21,496,Call,25.00,-34.63%,1.3,2.4,2.6,1575,1230,1.28,52.22%,45.96%,0.368918,2026-09-11
MRNA,143.97,2026-11-20,69,Call,145.00,-0.72%,20.35,22.49,22.7,1660,1299,1.28,69.93%,86.74%,0.57466,2026-09-11
VALE,15.23,2026-11-20,69,Put,15.00,-1.51%,0.8,0.83,0.84,2427,1893,1.28,35.86%,33.05%,-0.450194,2026-09-11
SYK,275.56,2026-09-18,6,Put,280.00,+1.61%,6,7,8.4,543,426,1.27,30.40%,33.17%,-0.636108,2026-09-11
PBR,21.2,2026-09-18,6,Put,21.50,+1.42%,0.46,0.79,0.83,670,527,1.27,46.58%,44.26%,-0.585348,2026-09-11
SPCX,151.21,2026-09-18,6,Call,139.00,+8.07%,12.6,13.1,13.1,1139,897,1.27,50.92%,54.63%,0.893568,2026-09-11
NFLX,77.4,2026-09-25,13,Put,77.00,-0.52%,1.59,1.59,1.63,1418,1120,1.27,34.89%,31.74%,-0.446832,2026-09-11
C,138.82,2028-12-15,825,Call,180.00,-29.66%,13.65,15.25,16.7,2000,1580,1.27,31.29%,31.44%,0.407062,2026-09-11
DELL,567.29,2026-09-18,6,Put,490.00,-13.62%,1.04,1.09,1.15,828,657,1.26,63.09%,71.23%,-0.048994,2026-09-11
ASTS,59.86,2026-09-18,6,Call,67.00,-11.93%,0.4,0.42,0.5,935,743,1.26,72.78%,79.91%,0.148491,2026-09-11
ORCL,150.28,2026-10-23,41,Call,160.00,-6.47%,5.9,6.44,6.7,1555,1231,1.26,50.27%,49.77%,0.390586,2026-09-11
GOOGL,338.5,2026-09-14,2,Call,335.00,+1.03%,4.2,4.65,4.85,1820,1441,1.26,28.84%,23.36%,0.732538,2026-09-11
ALAB,291.22,2026-09-18,6,Call,300.00,-3.01%,6.85,8,8.4,1909,1519,1.26,76.68%,75.55%,0.400471,2026-09-11
CVX,214.06,2027-01-15,125,Put,195.00,-8.90%,5.4,5.57,5.75,1931,1528,1.26,26.43%,27.53%,-0.249165,2026-09-11
IBM,243.29,2026-09-18,6,Call,255.00,-4.81%,1.11,1.15,1.2,2634,2086,1.26,34.74%,38.85%,0.179769,2026-09-11
SNAP,5.68,2026-09-25,13,Call,6.00,-5.63%,0.11,0.13,0.13,3190,2528,1.26,57.39%,55.83%,0.324444,2026-09-11
GME,21.15,2026-09-18,6,Call,20.50,+3.07%,0.87,0.9,0.9,4150,3286,1.26,43.85%,47.10%,0.705372,2026-09-11
GOOG,335.45,2026-09-18,6,Call,340.00,-1.36%,3,3.13,3.15,5438,4313,1.26,28.56%,28.69%,0.36958,2026-09-11
NOK,11.13,2026-09-18,6,Put,10.50,-5.66%,0.1,0.1,0.11,6242,4935,1.26,57.49%,59.59%,-0.210163,2026-09-11
KR,58.49,2028-01-21,496,Put,50.00,-14.52%,3.15,3.72,5,645,518,1.25,27.29%,32.47%,-0.251762,2026-09-11
ORCL,150.28,2026-10-02,20,Call,165.00,-9.80%,2.55,2.62,2.72,734,585,1.25,50.27%,53.43%,0.249783,2026-09-11
ORCL,150.28,2026-09-25,13,Put,150.00,-0.19%,5.5,5.59,5.75,1223,980,1.25,50.27%,51.52%,-0.470114,2026-09-11
LYFT,15.32,2027-01-15,125,Put,14.00,-8.62%,1,1.09,1.13,1259,1004,1.25,44.49%,50.28%,-0.312464,2026-09-11
SPCX,151.21,2026-09-18,6,Put,136.00,-10.06%,0.4,0.4,0.42,1832,1463,1.25,50.92%,59.73%,-0.076378,2026-09-11
QCOM,181.97,2026-09-18,6,Call,195.00,-7.16%,0.9,0.96,0.96,2504,2002,1.25,46.06%,51.09%,0.154033,2026-09-11
BRK.B,510.37,2026-09-18,6,Call,510.00,+0.07%,3.55,3.84,4.15,3779,3012,1.25,13.60%,13.43%,0.534032,2026-09-11
AAPL,332.27,2026-09-18,6,Put,320.00,-3.69%,0.8,0.86,0.88,10147,8127,1.25,24.62%,27.73%,-0.13788,2026-09-11
ASTS,59.86,2026-09-25,13,Call,65.00,-8.59%,1.45,1.5,1.52,14165,11436,1.24,72.78%,73.29%,0.302506,2026-09-11
STWD,15.62,2026-12-18,97,Put,15.00,-3.97%,0.4,0.43,0.5,617,499,1.24,21.54%,19.05%,-0.38837,2026-09-11
DVN,50.23,2028-01-21,496,Put,50.00,-0.46%,5.25,7.4,8.7,751,606,1.24,34.50%,33.47%,-0.396814,2026-09-11
APH,83.92,2026-09-18,6,Put,82.50,-1.69%,0.8,1.15,1.2,834,670,1.24,41.36%,38.15%,-0.351748,2026-09-11
TSM,433.24,2026-09-18,6,Call,425.00,+1.90%,11.45,10.95,11.9,842,679,1.24,34.10%,30.14%,0.701432,2026-09-11
APLD,26.42,2026-09-18,6,Call,26.50,-0.30%,0.69,0.93,0.99,1139,915,1.24,87.56%,64.45%,0.504764,2026-09-11
SMCI,40.1,2026-10-02,20,Call,40.00,+0.25%,2.66,2.71,2.76,1447,1168,1.24,70.21%,70.18%,0.543577,2026-09-11
HL,19.78,2026-10-16,34,Call,23.00,-16.28%,0.45,0.53,0.6,1544,1245,1.24,62.54%,63.25%,0.252258,2026-09-11
BABA,109.3,2026-09-25,13,Call,120.00,-9.79%,0.7,0.74,0.8,2532,2039,1.24,40.37%,46.74%,0.154874,2026-09-11
QBTS,16.8,2026-09-18,6,Put,17.00,+1.19%,0.67,0.72,0.76,2851,2303,1.24,69.18%,71.16%,-0.531509,2026-09-11
SPCX,151.21,2026-09-25,13,Call,150.00,+0.80%,6.35,6.6,6.65,3756,3021,1.24,50.92%,50.95%,0.557682,2026-09-11
AAPL,332.27,2026-09-14,2,Call,325.00,+2.19%,7.35,7.45,7.65,4058,3263,1.24,24.62%,20.94%,0.926023,2026-09-11
"Downloaded from Barchart.com as of 09-12-2026 04:27am CDT"
