Symbol,Price~,"Exp Date",DTE,Type,Strike,Moneyness,Bid,Latest,Ask,Volume,"Open Int",Vol/OI,"Imp Vol",IV,Delta,Time
TSLA,372.96,2026-09-28,3,Call,372.50,+0.11%,3.65,3.7,3.8,24813,184,134.85,41.12%,27.25%,0.509657,"13:45 ET"
UBER,69.21,2026-10-30,35,Put,62.00,-10.47%,0.46,0.5,0.5,12319,109,113.02,34.94%,33.91%,-0.126681,"12:58 ET"
TSLA,372.96,2026-09-25,0,Call,372.50,+0.11%,1.11,1.12,1.14,186996,2058,90.86,41.12%,14.38%,0.505665,"13:45 ET"
SMCI,43.14,2026-10-02,7,Call,45.50,-5.28%,0.81,0.84,0.85,21461,258,83.18,77.33%,72.19%,0.314358,"13:43 ET"
AI,10.59,2026-10-02,7,Call,10.50,+1.04%,0.34,0.37,0.4,46136,769,59.99,58.36%,55.23%,0.560972,"13:42 ET"
MSFT,515.79,2026-09-25,0,Call,517.50,-0.17%,0.67,0.67,0.7,106024,1879,56.43,28.66%,12.39%,0.318953,"13:44 ET"
MU,1082.89,2026-09-25,0,Put,"1,085.00",+0.29%,3.9,4.3,4.3,9553,214,44.64,60.97%,15.58%,-0.550518,"13:44 ET"
AMZN,250.07,2026-09-28,3,Call,240.00,+4.22%,9.55,10.2,10.75,4937,116,42.56,32.93%,29.52%,0.937494,"13:22 ET"
AMD,629.68,2026-09-25,0,Put,632.50,+0.43%,3.75,3.85,4.05,4533,109,41.59,54.19%,15.20%,-0.73211,"13:44 ET"
MNST,43.06,2026-12-18,84,Put,37.50,-12.83%,0.5,0.55,0.6,8106,207,39.16,28.18%,32.01%,-0.150004,"13:42 ET"
MSTR,158.63,2026-10-02,7,Call,162.50,-2.40%,4.25,4.37,4.4,25634,663,38.66,66.54%,65.34%,0.429581,"13:43 ET"
WMB,69.33,2026-10-30,35,Put,64.00,-7.62%,0.5,0.53,0.55,6955,181,38.43,29.09%,27.67%,-0.161093,"12:32 ET"
SMCI,43.14,2026-10-02,7,Call,43.50,-0.65%,1.48,1.5,1.51,24228,637,38.03,77.33%,69.86%,0.484759,"13:44 ET"
AMD,629.68,2026-09-25,0,Put,630.00,+0.04%,2.25,2.22,2.3,16512,483,34.19,54.19%,15.09%,-0.545982,"13:44 ET"
TSLA,372.96,2026-09-28,3,Call,375.00,-0.56%,2.6,2.64,2.65,29059,864,33.63,41.12%,27.36%,0.403041,"13:45 ET"
MARA,12.3,2026-10-02,7,Call,12.50,-1.79%,0.47,0.47,0.48,39957,1194,33.46,81.20%,76.97%,0.487918,"13:44 ET"
TSLA,372.96,2026-09-28,3,Call,370.00,+0.78%,5,5.39,5.15,15912,485,32.81,41.12%,26.98%,0.617725,"13:44 ET"
TSLA,372.96,2026-09-25,0,Call,375.00,-0.56%,0.31,0.33,0.33,219916,6877,31.98,41.12%,14.97%,0.198827,"13:45 ET"
AI,10.59,2026-10-02,7,Call,11.00,-3.68%,0.15,0.16,0.17,46474,1509,30.8,58.36%,54.30%,0.321335,"13:44 ET"
WULF,15.62,2026-10-16,21,Call,17.50,-11.82%,0.5,0.51,0.53,5026,171,29.39,79.19%,80.58%,0.296907,"13:31 ET"
B,42.74,2026-10-16,21,Put,42.50,-0.51%,1.38,1.37,1.45,3023,103,29.35,40.02%,38.02%,-0.454001,"13:02 ET"
META,751.27,2026-09-25,0,Call,755.00,-0.39%,0.61,0.63,0.64,57137,1968,29.03,41.36%,16.48%,0.180238,"13:44 ET"
CVS,88.07,2026-10-02,7,Call,90.00,-2.15%,0.75,0.83,0.88,4354,152,28.64,34.27%,32.24%,0.324655,"13:42 ET"
OXY,56.61,2026-10-02,7,Call,59.00,-4.04%,0.23,0.25,0.28,9219,338,27.28,34.34%,31.83%,0.189414,"13:42 ET"
MU,1082.89,2026-09-25,0,Put,"1,080.00",-0.17%,1.93,2,2.07,23121,869,26.61,60.97%,16.09%,-0.333187,"13:44 ET"
INTC,124.26,2028-01-21,483,Put,200.00,+60.50%,88.1,88.8,89.6,5153,198,26.03,68.47%,67.13%,-0.60023,"13:08 ET"
MU,1082.89,2026-09-25,0,Call,"1,085.00",-0.29%,2.73,2.78,3,39432,1516,26.01,60.97%,15.11%,0.449099,"13:44 ET"
OXY,56.61,2026-10-02,7,Call,58.00,-2.27%,0.45,0.51,0.52,9468,365,25.94,34.34%,31.69%,0.310455,"13:43 ET"
MSFT,515.79,2026-09-25,0,Call,520.00,-0.65%,0.2,0.21,0.22,142813,5649,25.28,28.66%,12.98%,0.122417,"13:44 ET"
RBRK,111.98,2028-01-21,483,Call,145.00,-29.64%,23.1,23.97,25.2,5000,202,24.75,58.15%,63.26%,0.535274,"11:27 ET"
MRVL,265.18,2026-10-02,7,Call,267.50,-0.51%,7.85,8,8.15,3341,140,23.86,66.08%,60.95%,0.481332,"13:44 ET"
MSFT,515.79,2026-09-28,3,Call,520.00,-0.65%,2.11,2.24,2.24,21446,906,23.67,28.66%,20.52%,0.342975,"13:44 ET"
DAL,84.83,2026-10-02,7,Call,88.00,-3.72%,0.67,0.75,0.79,5987,253,23.66,44.28%,39.04%,0.267724,"13:41 ET"
AMD,629.68,2026-09-25,0,Call,632.50,-0.43%,0.8,0.81,0.84,14693,639,22.99,54.19%,15.22%,0.270245,"13:44 ET"
COIN,194.74,2026-10-02,7,Call,202.50,-3.69%,3.8,3.8,3.9,10584,461,22.96,62.74%,61.02%,0.358814,"13:44 ET"
AMD,629.68,2026-09-25,0,Put,635.00,+0.83%,5.8,6.18,6.25,3571,157,22.75,54.19%,16.63%,-0.84784,"13:31 ET"
TSLA,372.96,2026-09-25,0,Put,367.50,-1.45%,0.08,0.1,0.1,92864,4129,22.49,41.12%,17.09%,-0.062514,"13:45 ET"
MSFT,515.79,2026-09-28,3,Call,517.50,-0.17%,3,3.1,3.2,7271,329,22.1,28.66%,20.32%,0.441618,"13:44 ET"
MRNA,198.2,2026-10-02,7,Call,207.50,-4.10%,4.85,5.32,5.55,2586,120,21.55,87.74%,82.69%,0.359332,"13:42 ET"
MSFT,515.79,2026-09-28,3,Call,522.50,-1.13%,1.47,1.53,1.57,6760,322,20.99,28.66%,21.00%,0.258933,"13:42 ET"
SMCI,43.14,2026-09-25,0,Put,43.00,-0.51%,0.2,0.22,0.23,6906,330,20.93,77.33%,29.80%,-0.432141,"13:44 ET"
AMD,629.68,2026-09-25,0,Put,627.50,-0.36%,1.16,1.18,1.19,9526,467,20.4,54.19%,15.27%,-0.348869,"13:44 ET"
RIOT,22.76,2026-10-02,7,Put,23.50,+3.02%,1.08,1.35,1.36,3902,192,20.32,82.26%,73.98%,-0.563405,"13:43 ET"
TSLA,372.96,2026-09-25,0,Put,372.50,-0.11%,1.11,1.15,1.15,85838,4240,20.24,41.12%,14.79%,-0.495584,"13:45 ET"
MSFT,515.79,2026-09-28,3,Call,525.00,-1.62%,1,1.07,1.08,6829,338,20.2,28.66%,21.46%,0.190004,"13:43 ET"
TSLA,372.96,2026-09-25,0,Put,370.00,-0.78%,0.31,0.32,0.32,172316,8569,20.11,41.12%,15.18%,-0.193223,"13:45 ET"
MSFT,515.79,2026-09-25,0,Call,515.00,+0.32%,1.74,1.8,1.85,126039,6408,19.67,28.66%,11.98%,0.614535,"13:44 ET"
UBER,69.21,2026-10-09,14,Put,73.00,+5.42%,4.05,4.14,4.3,2395,122,19.63,34.94%,32.37%,-0.785286,"13:13 ET"
AEHR,101.44,2026-09-25,0,Call,102.00,+0.03%,0.25,1.45,1.35,2296,119,19.29,109.62%,43.15%,0.464062,"13:19 ET"
GS,929.44,2026-09-25,0,Call,935.00,-0.65%,0.72,0.7,1.03,2228,118,18.88,34.21%,12.59%,0.243579,"13:42 ET"
COST,921.57,2026-11-20,56,Put,740.00,-19.33%,0.1,0.33,0.63,2435,130,18.73,19.74%,25.55%,-0.011178,"12:31 ET"
MSFT,515.79,2026-09-28,3,Call,530.00,-2.59%,0.45,0.53,0.53,4360,233,18.71,28.66%,22.69%,0.098594,"13:44 ET"
MRNA,198.2,2026-10-02,7,Call,197.50,+0.92%,8.55,8.91,9.4,2980,160,18.63,87.74%,80.85%,0.527975,"13:41 ET"
MU,1082.89,2026-09-25,0,Put,"1,090.00",+0.76%,7.3,7.95,8.25,9296,503,18.48,60.97%,17.63%,-0.731025,"13:44 ET"
BMY,62.39,2026-10-02,7,Put,60.00,-3.21%,0.23,0.31,0.31,2876,157,18.32,28.99%,30.37%,-0.184978,"13:27 ET"
META,751.27,2026-09-25,0,Call,760.00,-1.06%,0.18,0.2,0.2,55190,3013,18.32,41.36%,18.09%,0.062442,"13:44 ET"
MU,1082.89,2026-09-25,0,Put,"1,075.00",-0.63%,0.82,0.89,0.89,22193,1214,18.28,60.97%,16.65%,-0.170039,"13:44 ET"
META,751.27,2026-09-30,5,Call,755.00,-0.39%,10.5,10.93,10.7,3966,218,18.19,41.36%,37.66%,0.441362,"13:44 ET"
TSLA,372.96,2026-10-09,14,Call,372.50,+0.11%,11.9,12.28,12.05,2143,118,18.16,41.12%,40.24%,0.523126,"13:44 ET"
GOOGL,344.31,2026-09-28,3,Call,352.50,-2.27%,0.42,0.45,0.48,6611,384,17.22,31.94%,23.02%,0.126932,"13:41 ET"
PYPL,54.94,2026-10-02,7,Call,60.00,-9.23%,0.31,0.32,0.32,20449,1198,17.07,41.97%,56.94%,0.146008,"13:44 ET"
TSLA,372.96,2026-09-30,5,Call,372.50,+0.11%,6.1,6.15,6.2,5473,323,16.94,41.12%,34.83%,0.513082,"13:45 ET"
MU,1082.89,2026-09-25,0,Call,"1,090.00",-0.76%,1.29,1.34,1.42,40531,2405,16.85,60.97%,16.08%,0.251395,"13:44 ET"
QCOM,204.12,2027-02-19,147,Call,250.00,-22.07%,13.6,13.84,14.05,3877,238,16.29,52.01%,54.13%,0.348397,"13:43 ET"
MSFT,515.79,2026-09-28,3,Put,505.00,-2.25%,0.57,0.63,0.63,2534,159,15.94,28.66%,20.74%,-0.123856,"13:40 ET"
AKAM,116.7,2026-10-02,7,Call,130.00,-12.45%,0.6,0.7,0.7,1891,119,15.89,62.26%,67.01%,0.125948,"13:43 ET"
MARA,12.3,2026-10-02,7,Call,13.00,-5.86%,0.29,0.3,0.3,50689,3197,15.86,81.20%,78.09%,0.347873,"13:44 ET"
SBET,9.69,2026-10-02,7,Put,9.50,-1.96%,0.29,0.32,0.33,2551,161,15.84,81.22%,75.23%,-0.403933,"13:24 ET"
DOW,27.66,2026-11-20,56,Call,30.00,-8.38%,0.92,0.92,0.98,14287,912,15.67,40.16%,42.26%,0.339596,"13:38 ET"
QCOM,204.12,2026-09-25,0,Call,202.50,+1.12%,2.05,2.3,2.44,32050,2047,15.66,52.01%,16.60%,0.890505,"13:44 ET"
AMD,629.68,2026-09-25,0,Call,637.50,-1.23%,0.16,0.17,0.18,10652,681,15.64,54.19%,16.63%,0.070732,"13:45 ET"
CVS,88.07,2026-10-02,7,Call,88.00,+0.12%,1.55,1.65,1.7,1802,116,15.53,34.27%,32.34%,0.5193,"13:38 ET"
IOVA,10.94,2026-10-02,7,Call,10.00,+8.93%,1.05,1.1,1.4,2545,164,15.52,94.03%,115.98%,0.734767,"13:04 ET"
SMCI,43.14,2026-10-02,7,Put,43.00,-0.51%,1.57,1.61,1.63,1967,128,15.37,77.33%,70.09%,-0.468193,"13:42 ET"
MSFT,515.79,2026-09-28,3,Call,532.50,-3.07%,0.29,0.33,0.35,3385,224,15.11,28.66%,23.09%,0.067876,"13:44 ET"
DELL,571.19,2026-09-25,0,Call,565.00,+1.18%,6.6,7.7,7.1,7125,473,15.06,60.44%,23.61%,0.811901,"13:30 ET"
TSLA,372.96,2026-10-02,7,Put,317.50,-14.86%,0.21,0.21,0.23,1671,113,14.79,41.12%,57.36%,-0.019733,"13:40 ET"
WULF,15.62,2026-10-30,35,Call,19.00,-21.41%,0.51,0.56,0.56,3286,225,14.6,79.19%,84.53%,0.248204,"13:27 ET"
MSFT,515.79,2026-09-28,3,Call,535.00,-3.55%,0.22,0.22,0.25,1661,114,14.57,28.66%,24.10%,0.050232,"13:39 ET"
SCCO,202.14,2026-10-02,7,Put,190.00,-6.02%,0.7,0.93,1.05,1907,131,14.56,45.30%,43.19%,-0.138512,"12:59 ET"
CCL,22.3,2027-04-16,203,Put,18.00,-19.46%,1.09,1.18,1.21,2300,158,14.56,48.71%,48.48%,-0.20889,"11:29 ET"
AFRM,71.86,2027-03-19,175,Put,45.00,-37.33%,1.45,1.69,1.77,1641,115,14.27,57.82%,63.02%,-0.091263,"13:13 ET"
MU,1082.89,2026-09-25,0,Put,"1,095.00",+1.22%,11.25,11.93,12.5,3659,257,14.24,60.97%,18.14%,-0.862066,"13:43 ET"
AAPL,339.97,2026-10-16,21,Put,337.50,-0.71%,5.3,5.5,5.55,11420,810,14.1,23.26%,21.34%,-0.4178,"13:38 ET"
DVN,47.08,2026-10-02,7,Call,49.00,-4.08%,0.27,0.3,0.32,2113,150,14.09,36.43%,35.45%,0.225699,"13:32 ET"
MU,1082.89,2026-09-25,0,Call,"1,105.00",-2.14%,0.22,0.23,0.26,15087,1072,14.07,60.97%,22.08%,0.046839,"13:44 ET"
MSFT,515.79,2026-09-30,5,Call,507.50,+1.77%,10.95,10.7,11.7,1424,102,13.96,28.66%,25.46%,0.718682,"13:39 ET"
MU,1082.89,2026-09-25,0,Put,"1,065.00",-1.56%,0.14,0.15,0.18,8856,636,13.92,60.97%,19.01%,-0.037275,"13:44 ET"
META,751.27,2026-09-25,0,Put,742.50,-1.27%,0.65,0.68,0.72,14428,1050,13.74,41.36%,18.38%,-0.17667,"13:44 ET"
MU,1082.89,2026-09-25,0,Call,"1,080.00",+0.17%,5.3,5.7,5.7,33390,2439,13.69,60.97%,14.24%,0.687197,"13:44 ET"
MSFT,515.79,2026-09-28,3,Call,515.00,+0.32%,4.15,4.5,4.4,14374,1062,13.53,28.66%,20.10%,0.54662,"13:41 ET"
DHT,21.67,2026-11-20,56,Call,23.00,-5.70%,0.95,1.1,1.2,1374,102,13.47,51.70%,52.92%,0.385605,"13:39 ET"
META,751.27,2026-10-16,21,Call,910.00,-21.00%,1.14,1.18,1.23,4481,333,13.46,41.36%,44.13%,0.038624,"12:35 ET"
CVNA,64.64,2026-10-02,7,Call,69.00,-6.33%,0.51,0.6,0.58,1707,127,13.44,61.59%,55.07%,0.20431,"13:18 ET"
BMNR,27.41,2026-10-02,7,Put,28.00,+2.08%,1.31,1.37,1.38,7142,532,13.42,74.15%,71.12%,-0.550247,"13:39 ET"
MU,1082.89,2026-09-25,0,Call,"1,095.00",-1.22%,0.61,0.7,0.66,20722,1561,13.27,60.97%,17.38%,0.130022,"13:44 ET"
MSFT,515.79,2026-10-02,7,Put,515.00,-0.32%,6.75,6.8,6.95,2623,198,13.25,28.66%,26.05%,-0.46855,"13:41 ET"
AMD,629.68,2026-09-28,3,Put,630.00,+0.04%,8.05,8.03,8.3,1795,136,13.2,54.19%,34.88%,-0.503301,"13:41 ET"
CRCL,88.79,2026-10-02,7,Call,89.00,-0.28%,3.3,3.4,3.45,3879,296,13.1,72.31%,69.76%,0.514683,"13:44 ET"
PBR,20.36,2026-10-30,35,Call,24.00,-17.76%,0.3,0.35,0.45,1702,131,12.99,49.74%,57.08%,0.201696,"13:01 ET"
DELL,571.19,2026-09-25,0,Call,572.50,-0.13%,1.95,2,2.19,5771,446,12.94,60.44%,22.80%,0.42179,"13:44 ET"
MRNA,198.2,2026-09-25,0,Put,195.00,-2.17%,0.32,0.41,0.5,3115,243,12.82,87.74%,33.13%,-0.210911,"13:43 ET"
CRDO,214,2026-09-25,0,Call,207.50,+3.32%,6,6.8,7.6,1816,142,12.79,77.05%,26.88%,0.991792,"13:41 ET"
AMD,629.68,2026-09-25,0,Put,625.00,-0.76%,0.52,0.51,0.55,15402,1215,12.68,54.19%,15.55%,-0.190431,"13:44 ET"
MSFT,515.79,2026-09-25,0,Call,512.50,+0.80%,3.6,3.74,3.95,42598,3421,12.45,28.66%,13.80%,0.824469,"13:44 ET"
TSLA,372.96,2026-09-28,3,Put,357.50,-4.13%,0.3,0.3,0.32,5728,465,12.32,41.12%,30.77%,-0.067189,"13:44 ET"
MRNA,198.2,2026-09-25,0,Call,212.50,-6.61%,0,0.1,0.09,2094,171,12.25,87.74%,66.07%,0.018435,"13:10 ET"
AKAM,116.7,2026-10-16,21,Call,150.00,-29.75%,0.1,0.35,0.55,2048,169,12.12,62.26%,60.73%,0.048601,"13:27 ET"
TSLA,372.96,2026-09-28,3,Call,377.50,-1.23%,1.78,1.77,1.8,14586,1207,12.08,41.12%,27.56%,0.305187,"13:45 ET"
BTDR,11.55,2026-10-02,7,Call,12.00,-3.54%,0.35,0.34,0.4,1815,151,12.02,93.08%,85.21%,0.407884,"13:42 ET"
TSLA,372.96,2026-09-25,0,Call,370.00,+0.78%,2.79,2.79,2.8,89889,7508,11.97,41.12%,14.25%,0.822184,"13:45 ET"
LITE,949.02,2026-09-25,0,Call,940.00,+1.47%,9.2,9.4,9.9,4054,340,11.92,72.43%,24.69%,0.737028,"13:44 ET"
SMCI,43.14,2026-10-09,14,Call,42.50,+1.67%,2.66,2.7,2.77,2464,207,11.9,77.33%,70.86%,0.572213,"13:31 ET"
AKAM,116.7,2026-09-25,0,Put,116.00,+0.34%,0.45,0.63,0.95,1266,107,11.83,62.26%,35.16%,-0.438273,"13:44 ET"
DELL,571.19,2026-09-25,0,Put,562.50,-1.61%,0.38,0.4,0.44,3178,270,11.77,60.44%,24.51%,-0.114998,"13:44 ET"
AVGO,353.01,2026-09-25,0,Call,352.50,+0.14%,0.95,0.97,1,16194,1378,11.75,35.16%,10.70%,0.573963,"13:45 ET"
HIMS,29.27,2026-10-30,35,Put,23.00,-21.37%,0.29,0.3,0.37,1339,115,11.64,74.06%,67.00%,-0.104555,"13:36 ET"
C,134.17,2026-10-23,28,Put,125.00,-6.85%,1.39,1.7,1.55,2246,193,11.64,32.31%,33.16%,-0.203533,"10:38 ET"
TSLA,372.96,2026-09-28,3,Put,370.00,-0.78%,2.5,2.5,2.55,18495,1599,11.57,41.12%,27.40%,-0.384648,"13:45 ET"
KMI,30.75,2026-10-23,28,Call,34.00,-10.64%,0.06,0.12,0.23,2601,225,11.56,24.96%,29.88%,0.11988,"11:27 ET"
SMCI,43.14,2026-09-25,0,Call,43.50,-0.65%,0.1,0.12,0.13,16009,1392,11.5,77.33%,29.62%,0.281543,"13:43 ET"
META,751.27,2026-09-28,3,Call,755.00,-0.39%,5.1,5.18,5.25,6581,577,11.41,41.36%,28.38%,0.387731,"13:44 ET"
BE,289.55,2026-10-02,7,Put,280.00,-3.92%,7.8,7.95,8,2068,182,11.36,82.24%,77.64%,-0.353467,"13:44 ET"
WULF,15.62,2026-10-30,35,Put,13.50,-13.74%,0.54,0.54,0.58,1667,147,11.34,79.19%,72.67%,-0.238684,"13:28 ET"
LRCX,314.26,2026-10-09,14,Put,225.00,-28.48%,0.06,0.1,0.11,1133,100,11.33,59.06%,70.08%,-0.005876,"12:54 ET"
INTC,124.26,2026-09-25,0,Put,124.00,-0.49%,0.35,0.35,0.38,27210,2405,11.31,68.47%,19.08%,-0.409285,"13:44 ET"
INTC,124.26,2026-09-25,0,Call,124.00,+0.49%,0.66,0.66,0.69,46039,4095,11.24,68.47%,20.38%,0.585857,"13:45 ET"
TSLA,372.96,2026-09-28,3,Call,390.00,-4.58%,0.22,0.23,0.23,24724,2210,11.19,41.12%,30.70%,0.052098,"13:45 ET"
GME,23.42,2026-10-02,7,Call,18.00,+23.47%,5.3,5.62,5.8,3069,275,11.16,53.03%,147.55%,0.915445,"13:17 ET"
SNDK,1782.9,2026-09-25,0,Call,"1,785.00",-0.39%,7.5,8.05,8.6,1850,166,11.14,71.44%,23.24%,0.481811,"13:45 ET"
RDDT,153.16,2026-10-02,7,Put,148.00,-3.38%,2.19,2.27,2.36,1556,140,11.11,61.43%,53.21%,-0.303997,"13:40 ET"
TSLA,372.96,2026-09-28,3,Call,367.50,+1.45%,6.65,7.3,6.8,3262,294,11.1,41.12%,26.99%,0.717872,"13:43 ET"
MSFT,515.79,2026-10-02,7,Call,517.50,-0.17%,6.85,6.96,7.1,3204,289,11.09,28.66%,26.67%,0.480041,"13:44 ET"
MRNA,198.2,2026-09-25,0,Call,202.50,-1.59%,0.1,0.12,0.12,4875,447,10.91,87.74%,32.00%,0.075161,"13:44 ET"
GM,82.83,2026-10-02,7,Call,83.00,-0.24%,1.38,1.37,1.48,1188,109,10.9,35.18%,32.55%,0.495894,"13:33 ET"
META,751.27,2026-09-28,3,Put,755.00,+0.39%,11.35,11.25,11.6,7420,684,10.85,41.36%,30.35%,-0.605635,"13:44 ET"
CVS,88.07,2026-10-02,7,Call,87.00,+1.26%,2.13,2.26,2.31,1300,120,10.83,34.27%,33.27%,0.616476,"13:09 ET"
SNDK,1782.9,2026-09-25,0,Call,"1,775.00",+0.17%,12.7,13,14.2,4482,415,10.8,71.44%,22.39%,0.668292,"13:43 ET"
PSKY,10.15,2026-10-09,14,Put,9.50,-5.94%,0.17,0.26,0.25,5007,465,10.77,59.45%,60.68%,-0.268211,"11:23 ET"
CVNA,64.64,2026-10-02,7,Call,66.00,-1.71%,1.28,1.44,1.44,1833,172,10.66,61.59%,55.00%,0.403686,"13:30 ET"
GOOG,341.1,2026-09-25,0,Call,342.50,-0.33%,0.15,0.15,0.17,15372,1451,10.59,31.68%,9.57%,0.175606,"13:45 ET"
AMAT,483.43,2026-10-02,7,Call,505.00,-4.14%,6.35,6.35,6.5,1183,112,10.56,55.42%,53.10%,0.296686,"13:39 ET"
TSLA,372.96,2026-09-28,3,Call,380.00,-1.90%,1.16,1.17,1.19,26610,2526,10.53,41.12%,27.73%,0.221029,"13:45 ET"
NVDA,224.9,2026-09-25,0,Put,225.00,-0.03%,0.59,0.59,0.6,110590,10531,10.5,33.24%,10.14%,-0.575865,"13:45 ET"
AAPL,339.97,2026-09-25,0,Call,340.00,-0.03%,0.66,0.66,0.68,188987,18038,10.48,23.26%,8.49%,0.53746,"13:45 ET"
TSLA,372.96,2026-09-30,5,Call,375.00,-0.56%,4.95,5.06,5.1,6155,595,10.34,41.12%,35.03%,0.448151,"13:45 ET"
CRWD,256.01,2026-10-02,7,Put,235.00,-8.37%,1.09,1.12,1.3,5784,560,10.33,54.21%,53.77%,-0.122996,"13:39 ET"
LVS,38.96,2026-11-20,56,Put,35.00,-10.21%,0.78,0.87,0.91,2698,262,10.3,35.66%,40.15%,-0.221712,"12:03 ET"
PYPL,54.94,2026-10-16,21,Call,56.00,-1.95%,1.63,1.7,1.86,4461,433,10.3,41.97%,40.77%,0.453702,"13:39 ET"
XP,20.58,2026-10-02,7,Call,21.00,-2.04%,0.2,0.4,0.4,4503,437,10.3,58.26%,41.38%,0.377679,"13:43 ET"
META,751.27,2026-09-25,0,Put,745.00,-0.94%,1.15,1.25,1.25,32130,3123,10.29,41.36%,17.92%,-0.27745,"13:44 ET"
MU,1082.89,2026-09-28,3,Put,"1,100.00",+1.68%,23.45,23.65,24.25,2444,238,10.27,60.97%,36.74%,-0.66404,"13:44 ET"
CRCL,88.79,2026-09-25,0,Call,89.00,-0.28%,0.35,0.41,0.47,3302,328,10.07,72.31%,26.25%,0.451635,"13:44 ET"
BTG,5.47,2026-10-16,21,Call,5.50,-0.55%,0.25,0.25,0.3,36684,3649,10.05,54.67%,54.62%,0.513311,"13:44 ET"
TSLA,372.96,2026-09-30,5,Call,370.00,+0.78%,7.4,8,7.55,4628,461,10.04,41.12%,34.84%,0.57847,"13:42 ET"
DELL,571.19,2026-10-02,7,Call,630.00,-10.19%,2.8,2.8,2.92,2377,241,9.86,60.44%,59.48%,0.126471,"13:42 ET"
MU,1082.89,2026-09-25,0,Call,"1,110.00",-2.60%,0.16,0.16,0.17,29454,2989,9.85,60.97%,24.46%,0.03092,"13:44 ET"
AMZN,250.07,2026-09-28,3,Put,255.00,+1.77%,5.15,4.88,5.55,3855,392,9.83,32.93%,19.73%,-0.870169,"13:27 ET"
TSLA,372.96,2026-09-28,3,Call,385.00,-3.24%,0.48,0.49,0.5,13037,1331,9.79,41.12%,28.69%,0.106566,"13:45 ET"
S,22.77,2026-10-02,7,Put,23.00,+0.52%,0.6,0.66,0.8,1009,104,9.7,51.77%,44.83%,-0.55833,"13:09 ET"
AMZN,250.07,2026-09-25,0,Call,250.00,+0.23%,0.4,0.41,0.41,81346,8427,9.65,32.93%,8.60%,0.471006,"13:45 ET"
AMD,629.68,2026-09-28,3,Put,625.00,-0.76%,5.7,5.75,5.95,1340,139,9.64,54.19%,34.78%,-0.40331,"13:41 ET"
TSLA,372.96,2026-09-28,3,Put,367.50,-1.45%,1.65,1.69,1.69,8090,842,9.61,41.12%,27.42%,-0.28563,"13:45 ET"
IREN,43.86,2027-03-19,175,Put,45.00,+2.32%,10.15,10.16,10.3,5676,591,9.6,77.67%,83.87%,-0.392806,"13:14 ET"
BBD,3.4,2026-11-20,56,Call,4.00,-17.99%,0.05,0.1,0.1,3522,368,9.57,51.96%,47.24%,0.225134,"12:04 ET"
MU,1082.89,2026-09-28,3,Put,"1,025.00",-5.25%,0.95,0.95,0.99,2013,211,9.54,60.97%,39.66%,-0.057425,"13:44 ET"
SMCI,43.14,2026-09-25,0,Put,44.00,+1.80%,0.88,0.8,0.99,1981,208,9.52,77.33%,33.24%,-0.881416,"13:22 ET"
MU,1082.89,2026-09-28,3,Put,"1,080.00",-0.17%,11.95,12.2,12.3,3286,345,9.52,60.97%,35.95%,-0.447888,"13:44 ET"
HOOD,119.32,2026-10-02,7,Call,121.00,-1.46%,3.2,3.24,3.3,4970,526,9.45,60.70%,59.07%,0.458572,"13:45 ET"
GS,929.44,2026-09-25,0,Call,930.00,-0.11%,2.54,2.3,3,1411,151,9.34,34.21%,12.35%,0.550507,"13:40 ET"
FSLR,178.04,2026-09-25,0,Call,177.50,+0.34%,0.82,1.25,1.44,1232,133,9.26,53.31%,20.59%,0.636469,"13:45 ET"
INFQ,14.71,2026-11-20,56,Call,20.00,-35.87%,0.7,0.75,0.75,2734,297,9.21,87.22%,94.78%,0.262231,"13:44 ET"
FRMI,4.49,2026-10-23,28,Call,5.00,-10.86%,0.3,0.35,0.35,3020,332,9.1,97.69%,101.68%,0.413385,"12:44 ET"
BLK,1082.29,2026-10-16,21,Call,"1,100.00",-1.83%,28.2,28.2,30.3,936,105,8.91,33.23%,35.56%,0.444503,"12:09 ET"
OPEN,2.59,2026-09-25,0,Put,3.00,+15.38%,0.34,0.35,0.46,3034,343,8.85,77.82%,170.19%,-0.944877,"12:10 ET"
XYZ,76.77,2026-10-02,7,Call,77.00,-0.26%,1.47,1.44,1.63,1173,134,8.75,42.88%,37.27%,0.503504,"13:37 ET"
SNDK,1782.9,2026-09-25,0,Call,"1,770.00",+0.45%,16,17.76,17.8,4473,517,8.65,71.44%,22.11%,0.753706,"13:44 ET"
BTDR,11.55,2026-10-09,14,Put,10.50,-9.40%,0.3,0.33,0.35,1469,170,8.64,93.08%,87.15%,-0.251697,"13:34 ET"
AMD,629.68,2026-09-28,3,Call,635.00,-0.83%,5.5,5.66,5.65,2339,271,8.63,54.19%,35.00%,0.399268,"13:43 ET"
INTC,124.26,2026-09-30,5,Call,123.00,+1.29%,4.05,4.1,4.15,5550,644,8.62,68.47%,58.87%,0.575346,"13:42 ET"
PGR,205.3,2026-12-18,84,Put,180.00,-12.23%,2.1,2.7,2.7,1192,139,8.58,28.58%,29.78%,-0.148867,"11:00 ET"
MSTR,158.63,2026-10-09,14,Call,165.00,-3.98%,5.6,5.4,5.8,3977,464,8.57,66.54%,64.88%,0.417091,"13:38 ET"
RDDT,153.16,2026-10-02,7,Put,143.00,-6.65%,0.92,1.02,1.12,2716,318,8.54,61.43%,53.38%,-0.164333,"13:36 ET"
AAPL,339.97,2026-09-25,0,Call,337.50,+0.71%,2.51,2.62,2.67,106105,12433,8.53,23.26%,6.10%,0.992993,"13:44 ET"
AMZN,250.07,2026-09-30,5,Call,240.00,+4.22%,10.2,11,11.1,1123,132,8.51,32.93%,31.90%,0.867523,"13:29 ET"
ALT,3.06,2026-09-25,0,Call,1.00,+67.43%,1.95,2.05,2.15,1088,128,8.5,64.45%,"1,127.20%",0.987591,"13:44 ET"
META,751.27,2026-09-25,0,Put,737.50,-1.93%,0.21,0.24,0.26,8194,967,8.47,41.36%,20.16%,-0.067808,"13:44 ET"
UBER,69.21,2026-10-16,21,Put,69.00,-0.36%,1.81,1.93,1.99,2358,279,8.45,34.94%,31.76%,-0.455044,"13:11 ET"
SPCX,148.45,2026-09-25,0,Call,147.00,+1.07%,1.5,1.55,1.75,20716,2452,8.45,47.50%,21.42%,0.813548,"13:44 ET"
IOT,38.76,2026-12-18,84,Call,38.00,+1.66%,4.8,5.2,5.5,867,103,8.42,53.23%,62.81%,0.597493,"11:56 ET"
AKAM,116.7,2026-09-25,0,Put,115.00,-0.53%,0.25,0.25,0.35,2329,278,8.38,62.26%,32.87%,-0.250747,"13:42 ET"
MSTR,158.63,2026-10-02,7,Put,149.00,-6.11%,1.69,1.98,1.76,2748,328,8.38,66.54%,63.03%,-0.21024,"13:31 ET"
NVDA,224.9,2026-10-02,7,Call,227.50,-1.08%,2.46,2.47,2.47,50572,6052,8.36,33.24%,28.95%,0.394976,"13:45 ET"
SPCX,148.45,2026-09-25,0,Call,149.00,-0.28%,0.28,0.28,0.29,28839,3489,8.27,47.50%,16.60%,0.33722,"13:45 ET"
AAPL,339.97,2026-09-28,3,Call,337.50,+0.71%,3.5,3.6,3.7,14401,1748,8.24,23.26%,15.98%,0.711631,"13:44 ET"
BE,289.55,2026-09-25,0,Call,292.50,-0.37%,0.87,0.95,0.97,3290,405,8.12,82.24%,33.37%,0.293526,"13:45 ET"
DAL,84.83,2026-10-02,7,Call,87.00,-2.55%,0.98,1.02,1.11,6069,747,8.12,44.28%,39.74%,0.344469,"13:39 ET"
FCEL,16.57,2026-10-16,21,Call,18.00,-8.56%,0.85,1,1,3129,386,8.11,91.93%,91.72%,0.401027,"12:54 ET"
META,751.27,2026-09-28,3,Call,750.00,+0.27%,7.05,7.05,7.25,8615,1064,8.1,41.36%,27.78%,0.488784,"13:44 ET"
KEYS,365.81,2026-11-20,56,Call,360.00,+1.71%,25.9,27.4,28.4,1008,125,8.06,37.99%,40.40%,0.587883,"13:30 ET"
AAPL,339.97,2026-09-28,3,Put,340.00,+0.03%,1.88,1.95,1.93,3732,463,8.06,23.26%,16.26%,-0.482424,"13:45 ET"
MSFT,515.79,2026-09-30,5,Put,505.00,-2.25%,1.94,2.08,2.02,1125,140,8.04,28.66%,24.97%,-0.22443,"13:39 ET"
AMD,629.68,2026-09-25,0,Put,622.50,-1.15%,0.23,0.26,0.26,4209,524,8.03,54.19%,16.42%,-0.096713,"13:45 ET"
MU,1082.89,2026-09-28,3,Put,"1,090.00",+0.76%,17.15,18.03,17.7,2092,262,7.98,60.97%,36.28%,-0.559911,"13:38 ET"
MCD,237.47,2026-09-25,0,Call,237.50,-0.11%,0.35,0.35,0.4,8674,1089,7.97,21.16%,8.92%,0.452131,"13:44 ET"
SNDK,1782.9,2026-09-25,0,Call,"1,777.50",+0.03%,11.1,12.4,12.6,1492,188,7.94,71.44%,22.40%,0.623259,"13:44 ET"
MRNA,198.2,2026-09-25,0,Put,200.00,+0.34%,2.52,2.74,2.85,3673,465,7.9,87.74%,28.71%,-0.781072,"13:43 ET"
NBIS,238.82,2026-10-02,7,Call,217.50,+8.93%,22.6,23.79,24.25,874,111,7.87,80.07%,67.45%,0.856873,"13:45 ET"
INTC,124.26,2026-09-28,3,Call,124.00,+0.49%,2.14,2.16,2.18,3440,437,7.87,68.47%,44.68%,0.531992,"13:45 ET"
BE,289.55,2026-10-09,14,Call,350.00,-20.10%,2.85,2.96,3.05,970,124,7.82,82.24%,81.19%,0.135505,"13:44 ET"
BE,289.55,2026-09-25,0,Put,285.00,-2.20%,0.44,0.46,0.5,2999,384,7.81,82.24%,33.64%,-0.171817,"13:44 ET"
SNDK,1782.9,2026-09-25,0,Call,"1,810.00",-1.80%,1.55,1.7,1.85,3204,412,7.78,71.44%,25.77%,0.140385,"13:45 ET"
TSLA,372.96,2026-09-28,3,Call,387.50,-3.91%,0.31,0.33,0.33,6710,866,7.75,41.12%,29.45%,0.072932,"13:45 ET"
MSFT,515.79,2026-09-28,3,Call,512.50,+0.80%,5.5,5.55,6,3400,440,7.73,28.66%,20.08%,0.649733,"13:36 ET"
MSFT,515.79,2026-09-30,5,Call,512.50,+0.80%,7.7,7.75,8.25,2096,274,7.65,28.66%,25.01%,0.600257,"13:39 ET"
BE,289.55,2026-09-25,0,Call,287.50,+1.35%,3.05,3.09,3.3,2585,339,7.63,82.24%,31.12%,0.685411,"13:45 ET"
CRCL,88.79,2026-10-02,7,Call,91.00,-2.54%,2.5,2.4,2.67,1097,144,7.62,72.31%,71.22%,0.425716,"13:09 ET"
META,751.27,2026-10-09,14,Put,750.00,-0.27%,22.65,23,23.4,3590,472,7.61,41.36%,39.28%,-0.48589,"13:43 ET"
AAPL,339.97,2026-09-28,3,Put,337.50,-0.71%,0.92,0.94,0.98,6670,877,7.61,23.26%,16.47%,-0.294737,"13:45 ET"
ABNB,156.67,2026-10-16,21,Put,152.50,-2.86%,3,2.95,3.3,1085,143,7.59,37.31%,34.67%,-0.345334,"12:34 ET"
VZ,46.99,2026-10-16,21,Call,49.50,-5.18%,0.1,0.11,0.12,4669,615,7.59,23.45%,18.09%,0.113116,"13:41 ET"
BE,289.55,2026-10-02,7,Call,330.00,-13.24%,2.07,2.09,2.21,2270,301,7.54,82.24%,81.12%,0.136274,"13:44 ET"
PPLI,39.84,2026-10-16,21,Call,40.00,-0.50%,1.45,1.49,1.9,3575,474,7.54,43.71%,44.84%,0.514883,"13:10 ET"
META,751.27,2026-10-02,7,Call,815.00,-8.37%,1.79,1.85,1.86,2033,271,7.5,41.36%,43.88%,0.088833,"13:44 ET"
MU,1082.89,2026-09-28,3,Put,"1,020.00",-5.72%,0.75,0.8,0.79,2590,347,7.46,60.97%,40.41%,-0.046323,"13:40 ET"
BE,289.55,2026-09-25,0,Call,285.00,+2.20%,4.95,5.15,5.25,12791,1726,7.41,82.24%,31.37%,0.844977,"13:45 ET"
AMD,629.68,2026-09-28,3,Put,620.00,-1.55%,3.9,4,4.1,2621,356,7.36,54.19%,34.83%,-0.308811,"13:44 ET"
SCCO,202.14,2026-10-02,7,Call,210.00,-3.88%,1.55,2.03,2.4,1024,140,7.31,45.30%,42.67%,0.276087,"12:59 ET"
TSLA,372.96,2026-10-16,21,Call,372.50,+0.11%,14.45,14.92,14.6,1236,169,7.31,41.12%,39.65%,0.528222,"13:42 ET"
MSTR,158.63,2026-09-25,0,Call,160.00,-0.83%,0.47,0.48,0.5,44565,6112,7.29,66.54%,25.40%,0.346851,"13:44 ET"
META,751.27,2026-09-28,3,Put,750.00,-0.27%,8.5,8.65,8.55,8959,1231,7.28,41.36%,29.97%,-0.51055,"13:44 ET"
EOSE,3.18,2027-02-19,147,Call,3.00,+5.96%,0.89,0.95,0.97,1000,138,7.25,99.78%,105.93%,0.67373,"13:14 ET"
CBRS,210.7,2026-10-02,7,Call,210.00,-0.03%,8.6,8.8,8.9,3754,518,7.25,75.67%,75.66%,0.520285,"13:45 ET"
MGM,32.6,2026-12-18,84,Put,30.00,-8.03%,1,1,1.1,2236,309,7.24,36.59%,36.58%,-0.273645,"12:44 ET"
ZS,196.26,2026-09-25,0,Call,200.00,-1.63%,0.05,0.16,0.22,2241,311,7.21,55.27%,29.34%,0.096654,"13:38 ET"
MET,98.02,2026-12-18,84,Put,85.00,-13.20%,0.95,1.1,1.5,2485,347,7.16,25.06%,31.75%,-0.147974,"10:11 ET"
MU,1082.89,2026-09-25,0,Call,"1,100.00",-1.68%,0.35,0.37,0.38,66109,9227,7.16,60.97%,19.60%,0.074245,"13:44 ET"
AMD,629.68,2026-09-25,0,Call,635.00,-0.83%,0.37,0.38,0.39,28340,3988,7.11,54.19%,15.87%,0.143394,"13:44 ET"
VTGN,0.2703,2027-05-21,238,Put,0.5000,+84.64%,0.2,0.3,0.4,703,100,7.03,215.92%,150.97%,-0.45659,"10:25 ET"
FLY,25.21,2026-10-02,7,Call,27.00,-7.14%,0.4,0.55,0.65,1107,158,7.01,85.77%,82.49%,0.302896,"13:02 ET"
HD,294.6,2026-10-02,7,Call,307.50,-4.34%,0.58,0.64,0.8,707,101,7,28.31%,27.10%,0.127259,"13:42 ET"
BMNR,27.41,2026-10-02,7,Put,27.00,-1.57%,0.78,0.82,0.84,7290,1050,6.94,74.15%,69.83%,-0.402762,"13:39 ET"
MRK,148.21,2026-10-23,28,Call,160.00,-8.27%,0.9,1.04,1.11,760,110,6.91,30.21%,27.46%,0.17199,"11:05 ET"
BE,289.55,2026-09-25,0,Put,282.50,-3.06%,0.15,0.22,0.2,2922,423,6.91,82.24%,34.02%,-0.075627,"13:43 ET"
XRX,3.34,2027-12-17,448,Put,1.00,-70.41%,0.15,0.25,0.25,8375,1216,6.89,86.52%,120.69%,-0.054967,"12:49 ET"
BA,199.35,2026-10-09,14,Call,202.50,-1.27%,3.5,3.52,3.75,805,117,6.88,32.08%,30.93%,0.423636,"13:37 ET"
AMD,629.68,2026-09-30,5,Put,625.00,-0.76%,11.05,11.1,11.35,895,130,6.88,54.19%,45.77%,-0.43458,"13:30 ET"
AAOI,102.22,2026-10-23,28,Put,80.00,-22.29%,1.2,1.31,1.55,1045,152,6.88,89.93%,81.17%,-0.111814,"13:22 ET"
SNDK,1782.9,2026-09-25,0,Call,"1,800.00",-1.24%,3,3.15,3.3,19732,2878,6.86,71.44%,24.24%,0.239598,"13:45 ET"
IOVA,10.94,2026-10-02,7,Call,11.50,-4.74%,0.2,0.28,0.35,1041,152,6.85,94.03%,83.17%,0.347066,"13:36 ET"
DELL,571.19,2026-09-25,0,Call,567.50,+0.74%,4.6,4.77,5.1,5425,795,6.82,60.44%,22.50%,0.708953,"13:40 ET"
MU,1082.89,2026-09-25,0,Put,"1,105.00",+2.14%,19.6,21.65,22.45,872,128,6.81,60.97%,25.84%,-0.92581,"13:41 ET"
CRDO,214,2026-09-25,0,Call,195.00,+9.14%,18.2,19.38,20.2,6595,969,6.81,77.05%,69.62%,0.996079,"13:43 ET"
GOOGL,344.31,2026-10-02,7,Call,357.50,-3.73%,1.44,1.53,1.62,4781,703,6.8,31.94%,30.68%,0.193116,"13:37 ET"
AKAM,116.7,2026-09-25,0,Call,116.00,-0.34%,0.6,1.1,0.9,1222,180,6.79,62.26%,24.12%,0.587374,"13:40 ET"
AMZN,250.07,2026-09-28,3,Call,245.00,+2.22%,5.1,5.39,5.5,2098,310,6.77,32.93%,20.58%,0.861249,"13:38 ET"
GOOGL,344.31,2026-09-28,3,Put,342.50,-0.63%,1.81,1.85,1.91,1789,266,6.73,31.94%,20.87%,-0.398115,"13:45 ET"
SPCX,148.45,2026-09-25,0,Call,148.00,+0.40%,0.75,0.75,0.77,32499,4846,6.71,47.50%,16.26%,0.643591,"13:45 ET"
NVDA,224.9,2026-09-28,3,Call,227.50,-1.08%,0.69,0.69,0.7,33265,5019,6.63,33.24%,20.93%,0.269159,"13:45 ET"
AAPL,339.97,2026-09-28,3,Put,335.00,-1.44%,0.43,0.41,0.45,10399,1574,6.61,23.26%,17.08%,-0.158205,"13:44 ET"
GOOG,341.1,2026-10-02,7,Call,382.50,-12.04%,0.15,0.16,0.22,2122,322,6.59,31.68%,41.68%,0.025314,"13:33 ET"
RIOT,22.76,2026-10-02,7,Put,22.50,-1.36%,0.7,0.78,0.81,3883,589,6.59,82.26%,78.45%,-0.398839,"13:41 ET"
SNDK,1782.9,2026-09-25,0,Put,"1,750.00",-1.58%,0.5,0.54,0.6,6048,921,6.57,71.44%,23.61%,-0.058349,"13:44 ET"
META,751.27,2026-09-25,0,Put,755.00,+0.39%,6.95,7.2,7.25,15052,2303,6.54,41.36%,21.35%,-0.760568,"13:44 ET"
ONON,30.25,2026-10-16,21,Put,28.00,-7.86%,0.26,0.28,0.36,1071,164,6.53,43.19%,39.61%,-0.18796,"12:28 ET"
UEC,9.52,2026-10-02,7,Call,10.50,-10.29%,0.08,0.11,0.11,2901,444,6.53,66.80%,74.57%,0.185374,"13:42 ET"
INTC,124.26,2026-09-28,3,Call,126.00,-1.12%,1.3,1.3,1.32,3672,562,6.53,68.47%,45.26%,0.378194,"13:45 ET"
TSM,451.19,2026-09-25,0,Put,452.50,+0.25%,1.75,1.74,1.8,704,108,6.52,33.76%,10.91%,-0.689404,"13:44 ET"
AAPL,339.97,2026-09-25,0,Put,340.00,+0.03%,0.58,0.59,0.62,39299,6026,6.52,23.26%,9.43%,-0.467656,"13:45 ET"
TSLA,372.96,2026-09-30,5,Put,360.00,-3.46%,1.7,1.69,1.73,7457,1150,6.48,41.12%,35.41%,-0.196225,"13:44 ET"
GOOGL,344.31,2026-09-25,0,Put,342.50,-0.63%,0.17,0.17,0.2,15249,2353,6.48,31.94%,9.95%,-0.188963,"13:44 ET"
META,751.27,2026-09-28,3,Put,747.50,-0.60%,7.15,7.24,7.3,4007,620,6.46,41.36%,29.75%,-0.461243,"13:44 ET"
AMD,629.68,2026-09-28,3,Call,630.00,-0.04%,7.6,7.68,7.8,2220,344,6.45,54.19%,34.77%,0.497471,"13:45 ET"
TSLA,372.96,2026-10-02,7,Call,377.50,-1.23%,6.75,6.85,6.9,6852,1073,6.39,41.12%,43.43%,0.428691,"13:45 ET"
FDX,284.31,2026-09-25,0,Put,285.00,+0.37%,0.63,1.42,1.63,746,117,6.38,31.53%,14.36%,-0.594763,"13:31 ET"
AXP,309.4,2028-01-21,483,Put,280.00,-9.46%,21.5,22.01,22.45,854,134,6.37,26.46%,29.32%,-0.287008,"13:06 ET"
NEE,75.79,2027-01-15,112,Put,67.50,-10.77%,0.93,0.98,1.01,3000,472,6.36,22.38%,24.20%,-0.167993,"12:23 ET"
TSLA,372.96,2026-09-30,5,Put,372.50,-0.11%,5.95,6.04,6.1,5529,870,6.36,41.12%,35.12%,-0.487986,"13:45 ET"
TSLA,372.96,2026-09-28,3,Call,397.50,-6.59%,0.11,0.11,0.12,3468,546,6.35,41.12%,36.14%,0.025174,"13:40 ET"
MU,1082.89,2026-09-25,0,Put,"1,070.00",-1.09%,0.32,0.36,0.36,20305,3198,6.35,60.97%,17.42%,-0.076764,"13:44 ET"
IONQ,45.6,2026-10-02,7,Call,46.50,-1.26%,1.37,1.46,1.53,724,115,6.3,75.92%,75.29%,0.437344,"13:43 ET"
UBER,69.21,2026-10-16,21,Call,69.00,+0.36%,2.3,2.35,2.46,2190,349,6.28,34.94%,32.67%,0.547244,"12:51 ET"
NVDA,224.9,2026-09-30,5,Call,222.50,+1.14%,4.15,4.2,4.25,9519,1515,6.28,33.24%,27.47%,0.634723,"13:44 ET"
AAPL,339.97,2026-09-28,3,Put,345.00,+1.50%,5.1,5.34,5.45,636,102,6.24,23.26%,16.22%,-0.832298,"13:33 ET"
CBRS,210.7,2026-10-02,7,Call,215.00,-2.41%,6.6,6.9,7.2,1309,210,6.23,75.67%,78.45%,0.434951,"13:44 ET"
KBH,47.83,2027-03-19,175,Call,60.00,-25.39%,1.05,1.35,1.4,1001,161,6.22,34.35%,34.26%,0.211674,"13:09 ET"
IREN,43.86,2026-09-25,0,Call,44.00,-0.05%,0.22,0.25,0.25,10141,1633,6.21,77.67%,27.89%,0.478186,"13:45 ET"
META,751.27,2026-09-25,0,Put,740.00,-1.60%,0.36,0.4,0.42,29009,4698,6.17,41.36%,19.09%,-0.108561,"13:44 ET"
META,751.27,2026-09-28,3,Call,760.00,-1.06%,3.55,3.7,3.7,6560,1065,6.16,41.36%,28.82%,0.296959,"13:44 ET"
AMZN,250.07,2026-09-30,5,Call,252.50,-0.77%,1.93,1.98,1.98,8507,1382,6.16,32.93%,25.87%,0.378107,"13:43 ET"
TSLA,372.96,2026-09-28,3,Put,352.50,-5.48%,0.18,0.18,0.2,2090,340,6.15,41.12%,35.10%,-0.039331,"13:44 ET"
MU,1082.89,2026-09-28,3,Call,"1,095.00",-1.22%,9.1,9.5,9.35,2731,445,6.14,60.97%,35.54%,0.3843,"13:44 ET"
MARA,12.3,2026-10-09,14,Put,12.00,-2.28%,0.54,0.58,0.58,4437,726,6.11,81.20%,77.95%,-0.386451,"13:04 ET"
LESL,0.3347,2026-10-16,21,Call,0.5000,-51.10%,0.05,0.1,0.15,2022,335,6.04,447.52%,467.64%,0.572209,"12:45 ET"
TSLA,372.96,2026-10-05,10,Call,375.00,-0.56%,8.55,9,8.7,705,117,6.03,41.12%,39.10%,0.478091,"13:42 ET"
META,751.27,2026-09-25,0,Put,747.50,-0.60%,2.1,2.1,2.11,23486,3894,6.03,41.36%,18.20%,-0.410294,"13:44 ET"
TSLA,372.96,2026-09-28,3,Call,382.50,-2.57%,0.75,0.78,0.77,8684,1453,5.98,41.12%,28.12%,0.155019,"13:44 ET"
MSTR,158.63,2026-09-25,0,Put,157.50,-0.75%,0.2,0.21,0.22,14298,2392,5.98,66.54%,23.49%,-0.194182,"13:44 ET"
RL,352.09,2026-10-16,21,Call,360.00,-2.14%,7.7,7.7,8.6,705,118,5.97,34.72%,32.51%,0.42327,"13:40 ET"
SNDK,1782.9,2026-09-25,0,Put,"1,740.00",-2.14%,0.15,0.25,0.3,2227,373,5.97,71.44%,24.70%,-0.025779,"13:44 ET"
LITE,949.02,2026-10-02,7,Call,"1,000.00",-4.82%,16.9,17,17.5,3907,654,5.97,72.43%,69.85%,0.308002,"13:44 ET"
MU,1082.89,2026-09-28,3,Call,"1,120.00",-3.53%,3.3,3.4,3.45,2884,484,5.96,60.97%,37.49%,0.173247,"13:44 ET"
LLY,1172.42,2027-03-19,175,Put,730.00,-37.61%,3.85,5.3,7.35,601,101,5.95,35.07%,42.91%,-0.036192,"11:24 ET"
NRG,99.18,2026-12-18,84,Call,115.00,-16.38%,4.2,4.15,4.4,1000,168,5.95,49.54%,49.89%,0.315763,"13:35 ET"
META,751.27,2026-09-30,5,Put,710.00,-5.59%,2.06,1.98,2.1,1013,171,5.92,41.36%,39.83%,-0.118904,"13:41 ET"
ATEN,26.19,2026-10-16,21,Call,30.00,-14.46%,0.2,0.25,0.25,1382,234,5.91,47.83%,50.42%,0.14565,"13:33 ET"
DELL,571.19,2026-09-25,0,Call,570.00,+0.30%,3.1,3.3,3.45,14059,2377,5.91,60.44%,22.63%,0.568795,"13:44 ET"
QCOM,204.12,2026-09-25,0,Call,205.00,-0.10%,0.47,0.47,0.5,23986,4072,5.89,52.01%,15.18%,0.416121,"13:45 ET"
MSFT,515.79,2026-09-30,5,Call,525.00,-1.62%,2.65,2.7,2.79,1417,241,5.88,28.66%,25.41%,0.287822,"13:43 ET"
AVGO,353.01,2026-10-02,7,Call,402.50,-14.02%,0.1,0.11,0.13,675,115,5.87,35.16%,43.31%,0.015546,"13:05 ET"
USB,59.3,2026-10-23,28,Call,63.00,-6.22%,0.38,0.4,0.44,592,101,5.86,26.50%,24.05%,0.193332,"13:44 ET"
MU,1082.89,2026-09-25,0,Put,"1,100.00",+1.68%,16.05,16.2,17.25,4664,797,5.85,60.97%,21.15%,-0.91209,"13:44 ET"
INTC,124.26,2026-09-28,3,Call,127.00,-1.92%,0.98,0.98,1.02,7015,1199,5.85,68.47%,45.70%,0.309347,"13:43 ET"
TSLA,372.96,2026-09-28,3,Put,372.50,-0.11%,3.6,3.69,3.7,7646,1307,5.85,41.12%,27.45%,-0.491399,"13:45 ET"
GEN,22.23,2026-10-16,21,Call,24.00,-8.11%,0.35,0.44,0.45,1748,301,5.81,47.72%,46.59%,0.27555,"13:39 ET"
GLND,6.09,2026-10-16,21,Call,7.00,-20.07%,0.65,0.8,0.8,3730,642,5.81,186.41%,185.18%,0.455953,"13:39 ET"
AMZN,250.07,2026-09-28,3,Call,250.00,+0.23%,1.7,1.8,1.73,17057,2941,5.8,32.93%,19.14%,0.500694,"13:43 ET"
META,751.27,2026-09-28,3,Put,732.50,-2.60%,2.25,2.25,2.35,1054,182,5.79,41.36%,30.01%,-0.199714,"13:43 ET"
QCOM,204.12,2026-10-02,7,Call,207.50,-1.32%,4.35,4.4,4.55,1187,205,5.79,52.01%,50.38%,0.436966,"13:43 ET"
MU,1082.89,2026-09-28,3,Put,"1,070.00",-1.09%,8,7.95,8.2,2578,445,5.79,60.97%,36.02%,-0.338674,"13:44 ET"
CVNA,64.64,2026-10-02,7,Call,68.00,-4.79%,0.72,0.81,0.84,850,147,5.78,61.59%,55.93%,0.266307,"13:27 ET"
COST,921.57,2026-10-02,7,Call,925.00,-0.84%,8.5,8.9,9.25,612,106,5.77,19.74%,20.62%,0.453465,"13:45 ET"
AMZN,250.07,2026-09-28,3,Put,257.50,+2.77%,7.4,6.9,7.85,954,166,5.75,32.93%,17.81%,-0.976093,"13:18 ET"
GOOGL,344.31,2026-09-28,3,Call,345.00,-0.10%,2.12,2.18,2.24,6186,1075,5.75,31.94%,20.79%,0.450608,"13:45 ET"
LCID,4.07,2026-10-16,21,Call,4.50,-10.02%,0.18,0.18,0.23,1103,192,5.74,87.45%,92.18%,0.371422,"13:07 ET"
TWLO,278.36,2026-10-16,21,Put,250.00,-10.39%,3.6,4.4,4.7,636,111,5.73,63.72%,55.77%,-0.190165,"13:25 ET"
CRWD,256.01,2027-04-16,203,Put,150.00,-41.52%,4.65,5.03,7.35,1001,175,5.72,54.21%,65.67%,-0.084655,"10:23 ET"
NU,13.57,2026-10-23,28,Put,12.50,-7.89%,0.22,0.22,0.25,788,138,5.71,47.37%,44.95%,-0.226054,"13:13 ET"
MU,1082.89,2026-09-28,3,Call,"1,105.00",-2.14%,6.15,6.45,6.35,2140,375,5.71,60.97%,36.23%,0.286112,"13:44 ET"
DVN,47.08,2026-10-02,7,Put,47.50,+0.89%,1.02,1.06,1.14,713,125,5.7,36.43%,34.54%,-0.549438,"13:17 ET"
KSS,17.72,2026-10-16,21,Call,17.50,+1.07%,0.92,0.99,1.07,579,102,5.68,58.60%,53.23%,0.559187,"13:43 ET"
FTNT,174.92,2026-09-25,0,Put,172.50,-1.32%,0.04,0.22,0.41,591,104,5.68,49.42%,25.76%,-0.177128,"12:43 ET"
META,751.27,2026-09-30,5,Call,760.00,-1.06%,8.65,8.86,8.85,1738,306,5.68,41.36%,38.03%,0.384397,"13:44 ET"
VG,12.74,2026-10-02,7,Call,13.00,-1.80%,0.3,0.32,0.35,1864,329,5.67,60.32%,63.18%,0.420887,"13:45 ET"
AAPL,339.97,2026-09-28,3,Call,340.00,-0.03%,1.98,2,2.03,18866,3336,5.66,23.26%,15.46%,0.519925,"13:44 ET"
SNOW,339.97,2026-10-02,7,Call,355.00,-4.18%,3.2,3.65,3.45,1000,177,5.65,48.05%,47.26%,0.257038,"13:26 ET"
TSLA,372.96,2026-09-28,3,Put,362.50,-2.79%,0.66,0.64,0.68,5178,919,5.63,41.12%,28.10%,-0.137584,"13:44 ET"
AMD,629.68,2026-09-25,0,Put,620.00,-1.55%,0.11,0.15,0.14,11856,2116,5.6,54.19%,17.80%,-0.051026,"13:44 ET"
META,751.27,2026-10-09,14,Put,730.00,-2.93%,13.75,13.65,14.3,1776,319,5.57,41.36%,39.15%,-0.34868,"13:41 ET"
SNDK,1782.9,2026-09-25,0,Call,"1,805.00",-1.52%,2.2,2.3,2.5,2216,398,5.57,71.44%,25.14%,0.185556,"13:45 ET"
NBIS,238.82,2026-09-25,0,Call,237.50,+0.56%,2.04,2.3,2.22,3903,701,5.57,80.07%,23.79%,0.706337,"13:43 ET"
MU,1082.89,2026-09-28,3,Call,"1,135.00",-4.91%,1.77,1.8,1.82,1468,264,5.56,60.97%,39.00%,0.100297,"13:44 ET"
NVDA,224.9,2026-09-28,3,Put,225.00,-0.03%,1.83,1.85,1.85,14607,2626,5.56,33.24%,21.44%,-0.513964,"13:44 ET"
ALAB,372.34,2026-10-16,21,Call,365.00,+2.68%,32.75,36.09,35.05,955,173,5.52,83.99%,81.80%,0.591349,"12:41 ET"
NFLX,71.18,2026-10-02,7,Call,69.00,+3.12%,2.49,2.58,2.64,982,178,5.52,35.08%,30.06%,0.779089,"12:54 ET"
SNPS,430.18,2026-11-20,56,Call,440.00,-2.14%,25.5,25.4,26.7,1032,187,5.52,44.03%,43.40%,0.496982,"12:26 ET"
QXO,12.39,2027-01-15,112,Call,16.00,-29.45%,0.6,0.65,0.75,1341,243,5.52,60.44%,61.91%,0.296958,"13:05 ET"
SNDK,1782.9,2026-09-25,0,Put,"1,767.50",-0.59%,2.1,2.45,2.65,1008,183,5.51,71.44%,21.86%,-0.206901,"13:43 ET"
INTC,124.26,2026-10-23,28,Put,127.00,+1.92%,11.3,11.27,11.5,1400,254,5.51,68.47%,73.23%,-0.498327,"12:05 ET"
SNDK,1782.9,2026-09-25,0,Call,"1,780.00",-0.11%,9.9,10.5,10.8,4345,789,5.51,71.44%,22.37%,0.576728,"13:45 ET"
VELO,11.25,2027-03-19,175,Call,20.00,-76.21%,1,1.35,1.35,1503,274,5.49,94.60%,99.38%,0.322154,"12:13 ET"
META,751.27,2026-10-02,7,Call,785.00,-4.38%,5.3,5.35,5.4,1916,350,5.47,41.36%,41.82%,0.220777,"13:44 ET"
O,55.42,2026-10-16,21,Call,57.50,-4.00%,0.2,0.23,0.25,17803,3257,5.47,18.71%,16.53%,0.189529,"13:42 ET"
INTC,124.26,2027-09-17,357,Call,125.00,-0.31%,33.6,34.65,35.6,863,158,5.46,68.47%,69.15%,0.648891,"10:53 ET"
SNDK,1782.9,2026-09-25,0,Put,"1,785.00",+0.39%,8.7,8.6,9.8,553,102,5.42,71.44%,23.44%,-0.518695,"13:44 ET"
PG,145.75,2026-10-02,7,Call,146.00,-0.10%,1.28,1.26,1.41,649,120,5.41,19.83%,17.54%,0.48898,"13:35 ET"
DELL,571.19,2026-10-02,7,Call,555.00,+2.93%,27.2,27.45,27.6,839,155,5.41,60.44%,57.92%,0.656948,"13:36 ET"
SNDK,1782.9,2026-09-25,0,Call,"1,795.00",-0.95%,3.9,4.3,4.9,1292,239,5.41,71.44%,23.92%,0.310809,"13:45 ET"
DELL,571.19,2026-09-25,0,Put,557.50,-2.49%,0.05,0.1,0.15,1590,294,5.41,60.44%,25.45%,-0.033492,"13:44 ET"
HOOD,119.32,2026-10-02,7,Call,126.00,-5.65%,1.63,1.64,1.68,4472,830,5.39,60.70%,60.34%,0.279376,"13:42 ET"
GM,82.83,2026-10-02,7,Put,84.00,+1.45%,1.96,2.08,2.15,731,136,5.38,35.18%,30.83%,-0.617026,"13:44 ET"
SANM,227.51,2026-10-16,21,Put,220.00,-3.56%,8.6,9.16,9.7,681,127,5.36,64.78%,59.74%,-0.373895,"13:39 ET"
DELL,571.19,2026-09-25,0,Call,575.00,-0.57%,1.14,1.22,1.3,10127,1890,5.36,60.44%,23.00%,0.287675,"13:45 ET"
MSTR,158.63,2026-10-02,7,Call,170.00,-7.13%,2.3,2.33,2.32,31563,5891,5.36,66.54%,69.02%,0.262673,"13:44 ET"
ENPH,32.62,2026-10-02,7,Call,34.00,-4.01%,0.45,0.49,0.61,813,152,5.35,64.83%,58.82%,0.320449,"13:32 ET"
LITE,949.02,2026-09-25,0,Call,965.00,-1.15%,0.5,0.5,0.7,934,175,5.34,72.43%,26.83%,0.097058,"13:43 ET"
GEMI,5.59,2026-10-02,7,Call,5.50,+1.61%,0.25,0.34,0.4,975,183,5.33,100.90%,87.10%,0.588349,"13:44 ET"
BABA,109.93,2026-10-02,7,Put,108.00,-1.87%,1.04,1.09,1.15,3082,578,5.33,38.37%,31.95%,-0.332865,"13:44 ET"
SNDK,1782.9,2026-09-25,0,Put,"1,765.00",-0.73%,1.75,2.1,2.25,1544,290,5.32,71.44%,22.31%,-0.17794,"13:43 ET"
COIN,194.74,2026-10-16,21,Call,212.50,-8.81%,5.35,5.28,5.7,798,151,5.28,62.74%,61.65%,0.318162,"13:33 ET"
NVDA,224.9,2026-09-30,5,Put,225.00,-0.03%,2.92,2.81,2.93,5856,1116,5.25,33.24%,27.13%,-0.502719,"13:41 ET"
DELL,571.19,2026-09-25,0,Call,557.50,+2.49%,13.1,13.6,14.1,2461,470,5.24,60.44%,18.00%,0.995117,"13:45 ET"
ORCL,138.19,2026-09-25,0,Call,139.00,-0.57%,0.18,0.18,0.2,9053,1729,5.24,49.24%,16.26%,0.267708,"13:44 ET"
TSLA,372.96,2026-09-30,5,Put,365.00,-2.12%,2.92,2.85,2.98,4153,794,5.23,41.12%,34.99%,-0.298825,"13:44 ET"
DELL,571.19,2026-09-25,0,Call,580.00,-1.45%,0.35,0.37,0.42,10316,1977,5.22,60.44%,24.21%,0.111265,"13:44 ET"
MSFT,515.79,2026-09-30,5,Call,530.00,-2.59%,1.61,1.67,1.72,1769,340,5.2,28.66%,25.92%,0.194716,"13:44 ET"
CIFR,17.62,2026-10-16,21,Call,20.50,-15.88%,0.67,0.72,0.75,732,141,5.19,95.87%,96.24%,0.305497,"13:30 ET"
DAL,84.83,2026-11-20,56,Call,100.00,-17.87%,1.09,1.13,1.22,1909,368,5.19,44.28%,39.87%,0.173689,"13:29 ET"
FSLY,25.11,2026-09-25,0,Call,26.00,-3.96%,0.05,0.1,0.2,1983,382,5.19,96.30%,95.28%,0.189075,"13:45 ET"
AAOI,102.22,2026-09-25,0,Call,103.00,-0.05%,0.3,0.45,0.55,1927,372,5.18,89.93%,34.26%,0.350193,"13:40 ET"
PURR,12.84,2026-10-23,28,Put,13.50,+4.73%,1.75,1.7,1.95,744,144,5.17,100.98%,104.40%,-0.509633,"11:13 ET"
INTC,124.26,2026-10-09,14,Put,115.00,-7.71%,2.32,2.23,2.38,1901,368,5.17,68.47%,63.21%,-0.24274,"13:21 ET"
FLEX,116.24,2026-11-20,56,Call,120.00,-3.19%,11,11.65,11.9,3226,626,5.15,64.42%,69.63%,0.520046,"13:09 ET"
INTC,124.26,2026-09-30,5,Call,124.00,+0.49%,3.55,3.55,3.65,2184,427,5.11,68.47%,59.29%,0.528875,"13:42 ET"
DELL,571.19,2026-12-18,84,Put,390.00,-31.79%,8.25,8.51,8.8,2340,458,5.11,60.44%,67.69%,-0.086908,"13:18 ET"
MSFT,515.79,2026-09-30,5,Call,520.00,-0.65%,4.15,4.35,4.45,3111,609,5.11,28.66%,25.02%,0.404293,"13:44 ET"
META,751.27,2026-10-02,7,Call,760.00,-1.06%,11.95,12.32,12.15,3273,641,5.11,41.36%,40.24%,0.412474,"13:43 ET"
VOYG,31.5,2026-11-20,56,Call,45.00,-42.27%,0.5,0.5,1.15,1004,197,5.1,81.97%,81.98%,0.17459,"13:07 ET"
SNDK,1782.9,2026-09-25,0,Call,"1,760.00",+1.01%,23.8,25.66,26.3,2223,436,5.1,71.44%,21.89%,0.883187,"13:44 ET"
AAPL,339.97,2026-09-28,3,Call,342.50,-0.76%,0.96,0.96,1,13678,2681,5.1,23.26%,15.49%,0.318562,"13:45 ET"
COIN,194.74,2026-09-25,0,Call,197.50,-1.13%,0.18,0.21,0.25,11827,2325,5.09,62.74%,20.91%,0.185836,"13:45 ET"
PYPL,54.94,2026-10-02,7,Call,57.00,-3.77%,0.64,0.71,0.76,2466,486,5.07,41.97%,47.72%,0.310231,"13:44 ET"
META,751.27,2026-09-25,0,Put,750.00,-0.27%,3.3,3.45,3.45,46746,9221,5.07,41.36%,18.59%,-0.549402,"13:44 ET"
AMTM,19.09,2027-01-15,112,Call,27.50,-44.36%,0.2,0.3,0.35,1010,200,5.05,42.64%,48.43%,0.121217,"13:44 ET"
NET,349.6,2026-10-02,7,Call,380.00,-8.52%,1.84,2.1,2.44,585,116,5.04,61.94%,57.53%,0.153155,"13:43 ET"
CLSK,13.71,2026-10-02,7,Call,14.00,-2.56%,0.42,0.45,0.49,3948,784,5.04,78.70%,76.82%,0.443699,"13:43 ET"
MU,1082.89,2026-09-25,0,Call,"1,115.00",-3.07%,0.09,0.1,0.12,7728,1532,5.04,60.97%,26.29%,0.019454,"13:44 ET"
COIN,194.74,2026-10-02,7,Call,212.50,-8.81%,1.65,1.79,1.76,6515,1300,5.01,62.74%,63.81%,0.187385,"13:44 ET"
DELL,571.19,2026-09-25,0,Call,562.50,+1.61%,8.75,8.85,9.2,2987,598,4.99,60.44%,23.49%,0.894797,"13:44 ET"
INTC,124.26,2026-09-25,0,Call,125.00,-0.31%,0.23,0.24,0.25,59721,11959,4.99,68.47%,20.27%,0.292981,"13:45 ET"
SNOW,339.97,2026-10-02,7,Call,345.00,-1.24%,6.15,6.58,6.6,1322,266,4.97,48.05%,47.02%,0.413976,"13:30 ET"
MSFT,515.79,2026-09-30,5,Put,500.00,-3.22%,1.12,1.13,1.19,1848,372,4.97,28.66%,25.74%,-0.143182,"13:42 ET"
INTC,124.26,2026-09-28,3,Call,125.00,-0.31%,1.67,1.71,1.72,7855,1579,4.97,68.47%,44.93%,0.453368,"13:44 ET"
MU,1082.89,2026-09-28,3,Call,"1,115.00",-3.07%,4.1,4.25,4.25,1087,219,4.96,60.97%,37.11%,0.206533,"13:44 ET"
CRCL,88.79,2026-10-02,7,Call,93.00,-4.79%,1.85,1.95,1.96,3626,731,4.96,72.31%,71.48%,0.342411,"13:44 ET"
MSFT,515.79,2026-09-30,5,Call,527.50,-2.10%,2.07,2.07,2.21,677,137,4.94,28.66%,25.68%,0.238308,"13:39 ET"
TSLA,372.96,2026-09-28,3,Call,365.00,+2.12%,8.55,8.9,8.7,2546,515,4.94,41.12%,27.14%,0.802593,"13:44 ET"
DELL,571.19,2026-09-25,0,Put,567.50,-0.74%,1.3,1.51,1.47,1308,266,4.92,60.44%,24.02%,-0.30317,"13:43 ET"
AVGO,353.01,2026-09-25,0,Call,355.00,-0.57%,0.17,0.18,0.18,20324,4128,4.92,35.16%,11.56%,0.15782,"13:45 ET"
AMD,629.68,2026-09-25,0,Call,640.00,-1.62%,0.08,0.1,0.1,30993,6299,4.92,54.19%,18.04%,0.038163,"13:44 ET"
PANW,378.61,2026-09-25,0,Put,377.50,-0.16%,1.01,1.38,1.55,500,102,4.9,52.81%,18.06%,-0.467496,"13:23 ET"
WMT,107.84,2026-09-25,0,Call,108.00,-0.19%,0.18,0.21,0.2,16432,3359,4.89,25.71%,9.38%,0.469673,"13:45 ET"
SHOP,142.46,2026-09-25,0,Call,144.00,-0.95%,0.08,0.15,0.13,5461,1123,4.86,57.44%,19.57%,0.142359,"13:26 ET"
USAR,15.33,2026-10-30,35,Put,14.00,-9.03%,0.56,0.65,0.67,1672,345,4.85,71.73%,65.99%,-0.282672,"12:04 ET"
NVDA,224.9,2026-09-25,0,Call,225.00,+0.03%,0.32,0.33,0.33,425300,87943,4.84,33.24%,9.18%,0.418151,"13:45 ET"
INTC,124.26,2026-09-28,3,Put,124.00,-0.49%,1.82,1.85,1.87,3409,707,4.82,68.47%,44.34%,-0.468379,"13:45 ET"
PRGO,15.39,2026-10-16,21,Call,17.50,-13.49%,0.4,0.44,0.45,814,170,4.79,81.89%,77.17%,0.267903,"13:41 ET"
S,22.77,2026-10-02,7,Call,24.00,-4.90%,0.15,0.3,0.3,1389,291,4.77,51.77%,52.13%,0.240815,"12:41 ET"
MU,1082.89,2026-09-28,3,Call,"1,125.00",-3.99%,2.7,2.8,2.77,2554,535,4.77,60.97%,37.97%,0.144882,"13:42 ET"
META,751.27,2026-09-25,0,Call,747.50,+0.60%,3,3.1,3.2,7508,1575,4.77,41.36%,14.31%,0.613426,"13:44 ET"
TSLA,372.96,2026-09-28,3,Put,365.00,-2.12%,1.04,1.07,1.08,10253,2148,4.77,41.12%,27.56%,-0.201312,"13:45 ET"
SNDK,1782.9,2026-09-25,0,Put,"1,762.50",-0.87%,1.45,1.21,1.8,799,169,4.73,71.44%,22.49%,-0.149796,"13:42 ET"
KO,88,2026-10-02,7,Call,89.00,-1.07%,0.43,0.45,0.45,7179,1524,4.71,19.67%,17.01%,0.327641,"13:41 ET"
ABT,101.08,2026-10-02,7,Put,102.00,+0.88%,1.75,1.87,1.85,672,143,4.7,28.55%,22.63%,-0.611853,"13:40 ET"
AMD,629.68,2026-09-28,3,Call,655.00,-4.01%,1.28,1.31,1.35,508,109,4.66,54.19%,37.50%,0.125456,"13:45 ET"
MSFT,515.79,2026-10-16,21,Put,515.00,-0.32%,11.25,11.7,11.7,1631,350,4.66,28.66%,24.98%,-0.467289,"13:39 ET"
RIOT,22.76,2026-10-16,21,Call,23.00,-0.83%,1.77,1.8,1.82,22881,4907,4.66,82.26%,80.98%,0.541921,"13:45 ET"
DELL,571.19,2026-09-25,0,Put,572.50,+0.13%,3.35,3.75,3.7,515,111,4.64,60.44%,23.44%,-0.576663,"13:44 ET"
MU,1082.89,2026-09-28,3,Call,"1,140.00",-5.38%,1.44,1.51,1.48,1205,260,4.63,60.97%,39.58%,0.083337,"13:43 ET"
LUNR,15.81,2026-10-16,21,Call,16.50,-4.30%,0.9,1.01,1.01,766,166,4.61,83.79%,81.24%,0.456716,"12:37 ET"
MSFT,515.79,2026-09-30,5,Call,517.50,-0.17%,5.2,5.34,5.5,1195,260,4.6,28.66%,24.97%,0.468966,"13:43 ET"
CLF,12.28,2026-10-16,21,Put,11.50,-6.58%,0.35,0.37,0.39,1701,370,4.6,64.08%,61.98%,-0.29571,"13:32 ET"
MSFT,515.79,2026-09-28,3,Put,500.00,-3.22%,0.24,0.27,0.28,3384,736,4.6,28.66%,22.24%,-0.057919,"13:39 ET"
BYND,8.42,2026-10-02,7,Call,9.50,-13.10%,0.11,0.14,0.14,764,167,4.57,98.03%,91.67%,0.215221,"13:44 ET"
SNDK,1782.9,2026-09-25,0,Put,"1,760.00",-1.01%,1.15,1.3,1.45,1998,437,4.57,71.44%,22.60%,-0.124467,"13:45 ET"
OUST,43.14,2026-11-20,56,Call,65.00,-49.98%,1.6,1.65,1.75,1310,287,4.56,93.19%,101.35%,0.206958,"13:36 ET"
TSLA,372.96,2026-09-30,5,Call,390.00,-4.58%,1.2,1.22,1.23,4785,1049,4.56,41.12%,36.63%,0.149723,"13:45 ET"
TSLA,372.96,2026-09-25,0,Put,375.00,+0.56%,2.76,2.82,2.84,41170,9072,4.54,41.12%,15.02%,-0.80307,"13:45 ET"
RIOT,22.76,2026-10-23,28,Call,25.00,-9.60%,1.28,1.35,1.35,2949,652,4.52,82.26%,81.34%,0.402382,"13:45 ET"
DELL,571.19,2026-10-02,7,Call,562.50,+1.61%,22.75,23.45,23.15,677,150,4.51,60.44%,57.94%,0.59356,"13:34 ET"
COST,921.57,2026-09-25,0,Call,925.00,-0.84%,0.68,0.75,0.88,2970,659,4.51,19.74%,11.59%,0.239605,"13:45 ET"
DELL,571.19,2026-09-25,0,Call,560.00,+2.05%,10.8,11.2,11.7,11126,2466,4.51,60.44%,22.56%,0.953874,"13:40 ET"
RBLX,46.97,2026-10-02,7,Call,52.00,-12.34%,0.25,0.2,0.35,572,127,4.5,66.54%,64.18%,0.144948,"13:26 ET"
TGT,157.15,2026-10-02,7,Put,155.00,-1.51%,1.41,1.44,1.57,662,147,4.5,33.33%,28.06%,-0.353434,"13:01 ET"
MRVL,265.18,2026-09-25,0,Call,267.50,-0.51%,0.26,0.3,0.3,5521,1230,4.49,66.08%,18.41%,0.198825,"13:44 ET"
ARM,315.51,2026-10-02,7,Call,365.00,-14.96%,1.53,1.65,1.71,533,119,4.48,71.60%,78.99%,0.102968,"13:40 ET"
MU,1082.89,2026-09-28,3,Call,"1,085.00",-0.29%,13.2,13.4,13.5,3087,689,4.48,60.97%,35.17%,0.496052,"13:44 ET"
MRNA,198.2,2026-10-02,7,Put,180.00,-9.70%,1.95,1.95,2.15,1287,288,4.47,87.74%,76.63%,-0.173173,"13:43 ET"
COIN,194.74,2026-10-02,7,Call,197.50,-1.13%,5.5,5.75,5.85,2393,535,4.47,62.74%,60.21%,0.472979,"13:43 ET"
MU,1082.89,2026-09-28,3,Call,"1,170.00",-8.15%,0.43,0.46,0.45,852,191,4.46,60.97%,43.34%,0.027368,"13:43 ET"
AMD,629.68,2026-09-25,0,Call,630.00,-0.04%,1.68,1.71,1.73,18505,4150,4.46,54.19%,15.16%,0.455503,"13:45 ET"
TSLA,372.96,2026-10-02,7,Call,402.50,-7.93%,1.31,1.43,1.35,1908,429,4.45,41.12%,45.61%,0.118324,"13:42 ET"
UEC,9.52,2026-10-02,7,Put,9.50,-0.21%,0.36,0.39,0.43,2627,590,4.45,66.80%,77.27%,-0.470574,"13:41 ET"
U,41.51,2026-09-25,0,Call,41.50,-0.48%,0.25,0.35,0.42,880,198,4.44,63.85%,35.68%,0.531842,"13:41 ET"
TSLA,372.96,2026-09-28,3,Put,347.50,-6.82%,0.14,0.14,0.15,1235,279,4.43,41.12%,40.44%,-0.027391,"13:33 ET"
AAOI,102.22,2026-10-16,21,Call,105.00,-1.99%,7,7.2,7.4,1537,347,4.43,89.93%,84.84%,0.493324,"13:41 ET"
META,751.27,2026-09-28,3,Put,715.00,-4.93%,0.54,0.57,0.59,2494,563,4.43,41.36%,33.12%,-0.057989,"13:43 ET"
CBRS,210.7,2026-10-02,7,Call,225.00,-7.17%,3.6,3.85,4.2,2627,593,4.43,75.67%,80.02%,0.284778,"13:43 ET"
PYPL,54.94,2026-10-02,7,Put,54.00,-1.69%,0.78,0.9,0.9,1106,250,4.42,41.97%,43.02%,-0.363014,"13:36 ET"
CRWD,256.01,2027-01-15,112,Call,370.00,-44.26%,6.9,7.5,7.8,565,128,4.41,54.21%,60.36%,0.182992,"13:39 ET"
CRWD,256.01,2026-10-02,7,Call,295.00,-15.02%,0.26,0.32,0.38,522,119,4.39,54.21%,57.89%,0.039853,"13:43 ET"
MU,1082.89,2026-09-28,3,Put,"1,095.00",+1.22%,20.3,20.25,20.75,606,138,4.39,60.97%,36.55%,-0.613299,"13:44 ET"
BE,289.55,2026-09-25,0,Put,280.00,-3.92%,0.07,0.1,0.14,3177,724,4.39,82.24%,38.64%,-0.043768,"13:45 ET"
TSLA,372.96,2026-09-28,3,Put,350.00,-6.15%,0.16,0.16,0.17,3237,741,4.37,41.12%,37.78%,-0.032592,"13:45 ET"
TSLA,372.96,2026-09-30,5,Call,380.00,-1.90%,3.2,3.2,3.3,7664,1757,4.36,41.12%,35.50%,0.327484,"13:45 ET"
SHW,329.64,2026-12-18,84,Put,290.00,-11.85%,3.7,4.65,4.6,749,172,4.35,26.29%,29.97%,-0.156757,"10:31 ET"
DELL,571.19,2026-09-25,0,Put,570.00,-0.30%,2.26,2.38,2.39,3272,752,4.35,60.44%,24.09%,-0.435534,"13:44 ET"
BMNR,27.41,2026-10-09,14,Put,27.50,+0.26%,1.46,1.52,1.52,516,119,4.34,74.15%,70.36%,-0.46873,"13:06 ET"
BMNR,27.41,2026-10-02,7,Put,27.50,+0.26%,1.01,1.08,1.09,708,163,4.34,74.15%,69.89%,-0.477588,"13:39 ET"
MU,1082.89,2026-09-28,3,Call,"1,080.00",+0.17%,15.65,16.25,15.95,4307,993,4.34,60.97%,34.89%,0.554014,"13:44 ET"
VALE,13.56,2026-10-02,7,Put,13.50,-0.52%,0.18,0.2,0.22,1078,249,4.33,35.57%,31.16%,-0.44456,"13:39 ET"
MU,1082.89,2026-09-28,3,Put,"1,075.00",-0.63%,9.85,10,10.1,2271,524,4.33,60.97%,35.99%,-0.392277,"13:43 ET"
HOOD,119.32,2026-10-02,7,Call,122.00,-2.30%,2.81,2.85,2.87,2273,525,4.33,60.70%,59.01%,0.418812,"13:44 ET"
INTC,124.26,2026-09-28,3,Put,123.00,-1.29%,1.37,1.4,1.42,2654,613,4.33,68.47%,44.21%,-0.389084,"13:44 ET"
MSTR,158.63,2026-10-02,7,Call,165.00,-3.98%,3.45,3.52,3.55,8991,2079,4.32,66.54%,66.31%,0.367004,"13:43 ET"
CVNA,64.64,2026-10-02,7,Call,65.00,-0.17%,1.75,2.03,1.86,899,209,4.3,61.59%,55.91%,0.483489,"12:45 ET"
MU,1082.89,2026-09-28,3,Put,"1,010.00",-6.64%,0.48,0.5,0.53,1965,457,4.3,60.97%,42.22%,-0.030868,"13:44 ET"
DELL,571.19,2026-09-25,0,Call,577.50,-1.01%,0.65,0.65,0.75,1872,436,4.29,60.44%,23.60%,0.184188,"13:44 ET"
CIFR,17.62,2026-10-02,7,Call,19.50,-10.23%,0.36,0.36,0.4,5359,1249,4.29,95.87%,100.81%,0.269427,"13:41 ET"
AMZN,250.07,2026-09-28,3,Call,247.50,+1.23%,3.15,3.34,3.4,5942,1384,4.29,32.93%,19.72%,0.713739,"13:38 ET"
BURL,253.54,2026-10-16,21,Call,260.00,-1.81%,6.6,8,7.2,766,179,4.28,39.98%,38.36%,0.424965,"12:18 ET"
GOOG,341.1,2026-10-02,7,Put,340.00,-0.41%,4.65,4.7,4.85,6175,1451,4.26,31.68%,28.06%,-0.4601,"13:42 ET"
HOOD,119.32,2026-09-25,0,Call,121.00,-1.46%,0.08,0.1,0.1,9754,2292,4.26,60.70%,21.58%,0.133817,"13:44 ET"
LULU,100.6,2027-06-17,265,Put,75.00,-25.87%,4.3,4.6,5,544,128,4.25,41.20%,49.91%,-0.166714,"10:38 ET"
MSFT,515.79,2026-10-02,7,Call,527.50,-2.10%,3.3,3.45,3.5,2050,482,4.25,28.66%,27.00%,0.287447,"13:41 ET"
META,751.27,2026-09-30,5,Call,780.00,-3.72%,3.75,3.85,3.85,1648,389,4.24,41.36%,39.61%,0.200254,"13:44 ET"
FUN,12.34,2029-01-19,847,Call,5.00,+59.84%,8.2,8.48,8.7,1937,457,4.24,68.44%,113.87%,0.863282,"13:45 ET"
META,751.27,2026-09-28,3,Put,727.50,-3.26%,1.51,1.51,1.57,2330,550,4.24,41.36%,30.74%,-0.142455,"13:44 ET"
LITE,949.02,2026-10-02,7,Call,"1,010.00",-5.87%,14.5,16.6,15.3,508,120,4.23,72.43%,70.49%,0.2749,"13:12 ET"
MOS,22.9,2026-10-02,7,Put,22.00,-4.10%,0.15,0.22,0.25,651,154,4.23,47.63%,43.30%,-0.239838,"13:03 ET"
GM,82.83,2026-10-02,7,Call,84.00,-1.45%,0.93,1,1.01,681,161,4.23,35.18%,31.76%,0.388218,"13:43 ET"
DKNG,21.17,2026-10-02,7,Call,21.50,-1.51%,0.42,0.46,0.51,1388,328,4.23,58.05%,54.13%,0.420748,"13:15 ET"
TSLA,372.96,2026-09-28,3,Call,392.50,-5.25%,0.16,0.17,0.17,2974,703,4.23,41.12%,32.13%,0.038293,"13:44 ET"
TSLA,372.96,2026-10-02,7,Put,352.50,-5.48%,2,2,2.04,1533,363,4.22,41.12%,43.00%,-0.166674,"13:45 ET"
INTC,124.26,2026-09-30,5,Call,126.00,-1.12%,2.67,2.7,2.73,2362,560,4.22,68.47%,59.47%,0.437435,"13:45 ET"
RCL,243.91,2026-09-25,0,Call,245.00,-0.50%,0.15,0.93,0.8,594,141,4.21,45.56%,18.46%,0.315726,"12:43 ET"
MRNA,198.2,2026-10-16,21,Put,125.00,-37.29%,0.13,0.13,0.23,2466,586,4.21,87.74%,88.68%,-0.011589,"13:39 ET"
QCOM,204.12,2026-10-02,7,Call,205.00,-0.10%,5.4,5.54,5.65,4205,999,4.21,52.01%,50.08%,0.505873,"13:43 ET"
AMD,629.68,2026-09-28,3,Put,617.50,-1.95%,3.15,3.16,3.35,555,132,4.2,54.19%,34.79%,-0.26504,"13:44 ET"
AMD,629.68,2026-09-28,3,Call,632.50,-0.43%,6.4,6.6,6.7,1629,388,4.2,54.19%,34.77%,0.447492,"13:44 ET"
UNH,377.42,2026-09-25,0,Call,377.50,+0.06%,0.75,1.04,1.1,2301,548,4.2,40.95%,14.27%,0.443851,"13:44 ET"
SHOP,142.46,2026-10-02,7,Put,140.00,-1.86%,2.8,2.95,2.95,796,190,4.19,57.44%,51.39%,-0.387748,"13:41 ET"
META,751.27,2026-09-25,0,Call,750.00,+0.27%,1.95,1.95,1.99,43853,10460,4.19,41.36%,15.45%,0.441022,"13:44 ET"
COST,921.57,2026-09-25,0,Call,917.50,-0.02%,4.1,4.57,4.9,840,201,4.18,19.74%,12.08%,0.731844,"13:43 ET"
CRDO,214,2026-09-25,0,Call,212.50,+0.99%,2.3,2.7,2.95,526,126,4.17,77.05%,30.72%,0.729169,"13:44 ET"
SNDK,1782.9,2026-09-25,0,Call,"1,750.00",+1.58%,31.6,34,35.3,4838,1160,4.17,71.44%,17.86%,0.980846,"13:45 ET"
SNDK,1782.9,2026-09-25,0,Put,"1,770.00",-0.45%,2.85,3.1,3.3,2922,706,4.14,71.44%,22.30%,-0.248479,"13:44 ET"
RDDT,153.16,2026-10-02,7,Call,162.50,-6.08%,1.41,1.48,1.56,922,223,4.13,61.43%,54.24%,0.230122,"13:38 ET"
MU,1082.89,2026-09-28,3,Call,"1,130.00",-4.45%,2.18,2.21,2.25,1075,260,4.13,60.97%,38.47%,0.120698,"13:44 ET"
LESL,0.3347,2027-05-21,238,Put,0.5000,+51.10%,0.4,0.42,0.45,1110,269,4.13,447.52%,344.17%,-0.110263,"13:34 ET"
TSLA,372.96,2026-09-28,3,Put,387.50,+3.91%,14.7,15.75,15.5,534,130,4.11,41.12%,25.45%,-0.960218,"12:43 ET"
TSLA,372.96,2026-09-30,5,Put,347.50,-6.82%,0.51,0.49,0.54,662,161,4.11,41.12%,40.44%,-0.066643,"13:42 ET"
LITE,949.02,2026-10-02,7,Call,970.00,-1.68%,26.6,27.69,27.8,697,170,4.1,72.43%,70.05%,0.426318,"13:42 ET"
ARM,315.51,2026-09-25,0,Put,315.00,-0.79%,1.09,1.21,1.36,1671,408,4.1,71.60%,23.97%,-0.423075,"13:44 ET"
FSLR,178.04,2028-01-21,483,Put,130.00,-27.01%,14.1,14.75,15.4,565,138,4.09,53.31%,52.80%,-0.18474,"12:54 ET"
META,751.27,2026-11-20,56,Put,765.00,+1.72%,57.55,57.13,58.65,752,184,4.09,41.36%,43.89%,-0.505518,"13:10 ET"
META,751.27,2026-09-28,3,Put,742.50,-1.27%,4.95,5.03,5.15,1182,289,4.09,41.36%,29.51%,-0.363485,"13:44 ET"
MU,1082.89,2026-10-02,7,Put,"1,100.00",+1.68%,53.75,54.5,55.2,2620,642,4.08,60.97%,76.81%,-0.532393,"13:43 ET"
TSLA,372.96,2026-10-02,7,Call,372.50,+0.11%,8.95,9.05,9.1,3359,824,4.08,41.12%,43.23%,0.516729,"13:45 ET"
AXTI,79.15,2026-09-25,0,Call,45.00,+43.71%,33.3,34.75,35.8,505,124,4.07,110.49%,720.42%,0.95425,"13:06 ET"
ZS,196.26,2026-09-25,0,Call,197.50,-0.36%,0.2,0.52,0.5,1701,419,4.06,55.27%,21.92%,0.260708,"13:44 ET"
AAPL,339.97,2026-09-28,3,Call,345.00,-1.50%,0.42,0.42,0.43,11942,2963,4.03,23.26%,15.78%,0.165629,"13:45 ET"
MU,1082.89,2026-09-28,3,Call,"1,090.00",-0.76%,10.95,11.45,11.25,5973,1486,4.02,60.97%,35.23%,0.438888,"13:44 ET"
GOOGL,344.31,2026-09-25,0,Call,345.00,-0.10%,0.26,0.28,0.28,45622,11339,4.02,31.94%,8.83%,0.277604,"13:45 ET"
NBIS,238.82,2026-10-02,7,Put,227.50,-4.74%,4.5,4.75,4.9,554,138,4.01,80.07%,73.16%,-0.292486,"13:16 ET"
MSFT,515.79,2026-10-02,7,Put,510.00,-1.29%,4.7,4.75,4.85,2007,501,4.01,28.66%,26.31%,-0.364276,"13:43 ET"
SNDK,1782.9,2026-09-25,0,Put,"1,780.00",+0.11%,6,6.6,7,2345,585,4.01,71.44%,22.45%,-0.424101,"13:45 ET"
CRCL,88.79,2026-10-02,7,Call,84.00,+5.35%,5.8,6.07,6.45,703,176,3.99,72.31%,64.48%,0.751684,"13:07 ET"
PRGO,15.39,2026-10-16,21,Call,15.00,+2.72%,1.15,1.17,1.3,4760,1193,3.99,81.89%,71.94%,0.58559,"13:32 ET"
AMD,629.68,2026-10-02,7,Call,635.00,-0.83%,14.85,15.15,15.1,1122,282,3.98,54.19%,49.96%,0.466684,"13:39 ET"
SNDK,1782.9,2026-09-25,0,Put,"1,775.00",-0.17%,4.1,4.4,5,1211,304,3.98,71.44%,22.33%,-0.33175,"13:43 ET"
APP,311.94,2026-09-25,0,Call,315.00,-0.67%,0.35,0.45,0.5,1227,308,3.98,61.14%,17.79%,0.248014,"13:44 ET"
CLSK,13.71,2026-10-02,7,Call,14.50,-6.23%,0.25,0.26,0.31,2398,602,3.98,78.70%,76.07%,0.316623,"13:21 ET"
BAC,56.53,2026-10-02,7,Call,58.00,-2.71%,0.21,0.23,0.23,11761,2954,3.98,27.89%,22.83%,0.218243,"13:44 ET"
SPCX,148.45,2026-10-02,7,Call,147.00,+1.07%,4.4,4.48,4.5,3611,909,3.97,47.50%,44.41%,0.579808,"13:39 ET"
NBIS,238.82,2026-09-25,0,Call,240.00,-0.49%,0.77,0.9,0.93,11750,2956,3.97,80.07%,25.31%,0.387651,"13:45 ET"
MSFT,515.79,2026-10-02,7,Put,505.00,-2.25%,3.05,3.15,3.25,1237,312,3.96,28.66%,26.38%,-0.268762,"13:43 ET"
TSLA,372.96,2026-10-02,7,Put,367.50,-1.45%,6.3,6.25,6.4,1817,459,3.96,41.12%,42.67%,-0.394226,"13:39 ET"
LYFT,14.93,2026-10-02,7,Put,14.50,-2.95%,0.15,0.17,0.18,533,135,3.95,49.48%,42.34%,-0.291084,"13:40 ET"
BABA,109.93,2026-10-02,7,Call,113.00,-2.67%,0.93,0.96,0.98,3604,913,3.95,38.37%,34.69%,0.29405,"13:38 ET"
ORCL,138.19,2026-10-02,7,Put,122.00,-11.73%,0.11,0.12,0.13,623,158,3.94,49.24%,49.70%,-0.031534,"13:19 ET"
HOOD,119.32,2026-10-02,7,Call,132.00,-10.68%,0.67,0.65,0.69,1720,437,3.94,60.70%,62.36%,0.135287,"13:39 ET"
TSLA,372.96,2026-11-20,56,Put,175.00,-53.07%,0.23,0.25,0.27,2403,610,3.94,41.12%,82.36%,-0.005859,"13:38 ET"
MSFT,515.79,2026-10-02,7,Call,525.00,-1.62%,4.05,4.05,4.15,4370,1110,3.94,28.66%,26.84%,0.331211,"13:44 ET"
DELL,571.19,2026-09-25,0,Call,555.00,+2.93%,15.5,16.78,16.7,2090,532,3.93,60.44%,44.20%,0.895866,"13:31 ET"
GLXY,24.54,2026-10-02,7,Put,24.00,-2.52%,0.69,0.72,0.8,1043,266,3.92,81.60%,76.76%,-0.383188,"12:59 ET"
AAPL,339.97,2026-09-30,5,Put,337.50,-0.71%,1.96,2.05,2.08,1124,287,3.92,23.26%,20.30%,-0.362076,"13:44 ET"
U,41.51,2026-10-02,7,Call,42.00,-1.69%,1.11,1.18,1.22,1155,295,3.92,63.85%,59.15%,0.467533,"13:37 ET"
BE,289.55,2026-09-25,0,Call,282.50,+3.06%,7.15,6.8,7.5,2036,519,3.92,82.24%,30.66%,0.944182,"13:43 ET"
DELL,571.19,2026-09-25,0,Put,565.00,-1.18%,0.72,0.74,0.81,2046,525,3.9,60.44%,24.06%,-0.192783,"13:44 ET"
MU,1082.89,2026-09-28,3,Call,"1,110.00",-2.60%,5,5.25,5.2,2874,736,3.9,60.97%,36.60%,0.243585,"13:43 ET"
MSFT,515.79,2026-10-30,35,Call,515.00,+0.32%,22.3,22.8,23.35,525,135,3.89,28.66%,33.94%,0.538983,"13:43 ET"
AMAT,483.43,2026-09-25,0,Call,485.00,-0.01%,0.92,1,1.03,938,241,3.89,55.42%,14.23%,0.38883,"13:39 ET"
ZS,196.26,2026-10-02,7,Call,200.00,-1.63%,4,4.51,4.6,1406,361,3.89,55.27%,55.05%,0.414835,"13:42 ET"
COIN,194.74,2026-10-02,7,Call,210.00,-7.53%,2.02,2.1,2.14,6271,1611,3.89,62.74%,62.83%,0.221613,"13:44 ET"
GME,23.42,2026-09-25,0,Call,23.50,+0.09%,0.09,0.1,0.1,21878,5622,3.89,53.03%,32.04%,0.36159,"13:44 ET"
UAL,114.09,2026-09-25,0,Put,115.00,+0.56%,0.28,0.75,1.49,981,253,3.88,50.62%,19.71%,-0.717027,"12:42 ET"
AMD,629.68,2026-09-28,3,Call,660.00,-4.80%,0.9,0.96,0.96,1245,321,3.88,54.19%,38.67%,0.091836,"13:41 ET"
FIG,21.19,2028-01-21,483,Put,12.50,-41.12%,2,2.04,2.24,3502,903,3.88,70.28%,78.23%,-0.138539,"13:12 ET"
NVDA,224.9,2026-09-28,3,Call,222.50,+1.14%,3.1,3.35,3.15,7694,1985,3.88,33.24%,21.32%,0.707498,"13:42 ET"
WDAY,189.97,2026-10-16,21,Call,220.00,-15.59%,1.1,1.5,3.7,3000,775,3.87,49.59%,59.64%,0.174838,"11:41 ET"
BAC,56.53,2026-10-02,7,Call,57.00,-0.94%,0.52,0.53,0.54,10274,2658,3.87,27.89%,23.21%,0.411429,"13:44 ET"
SKHY,191.9,2026-09-25,0,Call,192.50,-0.38%,0.36,0.56,0.46,6749,1756,3.84,58.10%,19.29%,0.327416,"13:45 ET"
DELL,571.19,2026-10-02,7,Call,650.00,-13.69%,1.34,1.34,1.39,2120,554,3.83,60.44%,60.43%,0.067147,"13:42 ET"
EOSE,3.18,2026-10-30,35,Call,4.00,-25.39%,0.13,0.12,0.16,2243,586,3.83,99.78%,98.37%,0.279885,"13:34 ET"
MU,1082.89,2026-09-28,3,Put,"1,045.00",-3.40%,2.5,2.67,2.58,1265,331,3.82,60.97%,37.30%,-0.135116,"13:39 ET"
MSFT,515.79,2026-09-30,5,Put,495.00,-4.19%,0.62,0.65,0.66,860,226,3.81,28.66%,26.42%,-0.086177,"13:42 ET"
TSLA,372.96,2026-09-25,0,Call,365.00,+2.12%,7.45,8.2,7.7,11176,2930,3.81,41.12%,20.90%,0.970306,"13:42 ET"
PLTR,191.93,2026-09-25,0,Call,192.50,-0.40%,0.31,0.35,0.35,21905,5744,3.81,51.11%,15.79%,0.323095,"13:44 ET"
QCOM,204.12,2026-10-02,7,Call,210.00,-2.54%,3.35,3.45,3.65,5351,1408,3.8,52.01%,50.30%,0.370345,"13:41 ET"
INTC,124.26,2026-09-25,0,Put,125.00,+0.31%,0.91,0.96,0.96,15746,4159,3.79,68.47%,18.98%,-0.721121,"13:44 ET"
NVO,38.51,2026-10-02,7,Call,38.50,+0.08%,0.59,0.63,0.66,586,155,3.78,32.42%,28.36%,0.518959,"13:42 ET"
MU,1082.89,2026-10-02,7,Put,935.00,-13.57%,4.2,4.45,4.4,1036,276,3.75,60.97%,78.35%,-0.077614,"13:20 ET"
TSLA,372.96,2026-09-30,5,Call,377.50,-1.23%,4,4.27,4.1,2513,671,3.75,41.12%,35.18%,0.385538,"13:44 ET"
AAPL,339.97,2026-09-28,3,Put,332.50,-2.18%,0.2,0.2,0.21,8690,2317,3.75,23.26%,18.11%,-0.080404,"13:44 ET"
BWXT,138,2026-10-16,21,Put,135.00,-2.08%,3.8,3.92,4,703,188,3.74,43.68%,42.11%,-0.378977,"13:44 ET"
GOOGL,344.31,2026-09-30,5,Call,367.50,-6.63%,0.22,0.26,0.29,777,208,3.74,31.94%,33.03%,0.046977,"13:02 ET"
MU,1082.89,2026-09-28,3,Put,"1,060.00",-2.02%,5.1,5.1,5.3,1384,370,3.74,60.97%,36.33%,-0.242545,"13:44 ET"
BE,289.55,2026-09-25,0,Call,295.00,-1.23%,0.41,0.4,0.48,4389,1172,3.74,82.24%,34.92%,0.16174,"13:44 ET"
TSLA,372.96,2026-09-28,3,Put,360.00,-3.46%,0.43,0.42,0.45,7299,1950,3.74,41.12%,29.17%,-0.094407,"13:45 ET"
AMD,629.68,2026-09-28,3,Call,665.00,-5.59%,0.64,0.76,0.69,742,199,3.73,54.19%,39.91%,0.06738,"13:07 ET"
NVDA,224.9,2026-10-02,7,Call,232.50,-3.30%,1.04,1.04,1.05,22855,6132,3.73,33.24%,28.93%,0.209187,"13:43 ET"
MU,1082.89,2026-09-28,3,Call,"1,075.00",+0.63%,18.4,19.1,18.85,2083,561,3.71,60.97%,34.82%,0.611423,"13:44 ET"
INTC,124.26,2026-09-25,0,Put,126.00,+1.12%,1.74,1.85,1.83,4708,1269,3.71,68.47%,20.36%,-0.904771,"13:43 ET"
SPCX,148.45,2027-01-15,112,Call,165.00,-11.04%,10.4,10.55,10.55,4719,1271,3.71,47.50%,48.78%,0.417301,"13:22 ET"
GS,929.44,2026-09-25,0,Call,925.00,+0.43%,5.3,6.24,7,664,180,3.69,34.21%,11.32%,0.854234,"13:44 ET"
UNH,377.42,2026-09-25,0,Call,380.00,-0.61%,0.1,0.14,0.21,4156,1126,3.69,40.95%,12.80%,0.124873,"13:44 ET"
ORCL,138.19,2026-10-02,7,Put,125.00,-9.56%,0.21,0.23,0.25,4535,1228,3.69,49.24%,47.43%,-0.057694,"13:44 ET"
NVDA,224.9,2026-09-28,3,Put,222.50,-1.14%,0.87,0.88,0.88,16310,4426,3.69,33.24%,22.26%,-0.300787,"13:45 ET"
CCI,67.52,2026-11-20,56,Call,75.00,-11.38%,1.15,1.15,1.25,545,148,3.68,31.10%,34.76%,0.236892,"12:37 ET"
META,751.27,2026-09-30,5,Put,750.00,-0.27%,13.9,13.85,14.05,1282,348,3.68,41.36%,38.99%,-0.499029,"13:43 ET"
MSFT,515.79,2026-10-09,14,Call,530.00,-2.59%,5.1,5.2,5.35,4708,1286,3.66,28.66%,26.04%,0.315524,"13:44 ET"
GOOGL,344.31,2026-09-25,0,Call,342.50,+0.63%,1.62,1.76,1.78,12423,3393,3.66,31.94%,8.91%,0.83806,"13:45 ET"
BE,289.55,2026-09-25,0,Call,297.50,-2.09%,0.18,0.18,0.22,2043,560,3.65,82.24%,36.28%,0.081164,"13:44 ET"
AAPL,339.97,2026-09-28,3,Call,335.00,+1.44%,5.45,5.6,5.75,3631,994,3.65,23.26%,16.50%,0.850371,"13:42 ET"
MRNA,198.2,2026-10-02,7,Call,220.00,-10.37%,2.34,2.22,2.7,1501,416,3.61,87.74%,85.94%,0.202195,"13:43 ET"
CRWV,87.36,2026-09-25,0,Call,88.00,-0.36%,0.21,0.23,0.23,14047,3895,3.61,72.68%,24.40%,0.31082,"13:45 ET"
SMCI,43.14,2026-10-02,7,Put,42.00,-2.82%,1.11,1.17,1.15,1092,303,3.6,77.33%,69.58%,-0.372877,"13:36 ET"
IREN,43.86,2026-10-09,14,Put,41.00,-6.78%,1.11,1.16,1.18,1463,406,3.6,77.67%,70.94%,-0.281011,"13:39 ET"
SNDK,1782.9,2026-09-25,0,Call,"1,840.00",-3.48%,0.15,0.26,0.3,1833,509,3.6,71.44%,29.53%,0.022193,"13:45 ET"
META,751.27,2027-03-19,175,Call,"1,090.00",-44.94%,15.95,16.4,16.8,816,227,3.59,41.36%,44.20%,0.155661,"11:48 ET"
TSLA,372.96,2026-09-28,3,Put,385.00,+3.24%,12.5,12.55,13.1,1324,369,3.59,41.12%,26.74%,-0.913891,"13:39 ET"
INTC,124.26,2026-10-23,28,Put,96.00,-22.96%,0.96,0.98,1.02,534,150,3.56,68.47%,72.33%,-0.080624,"13:34 ET"
INTC,124.26,2026-09-28,3,Put,121.00,-2.90%,0.75,0.7,0.78,1482,416,3.56,68.47%,45.00%,-0.248354,"13:26 ET"
MU,1082.89,2026-09-28,3,Call,"1,100.00",-1.68%,7.5,7.6,7.7,10332,2904,3.56,60.97%,35.83%,0.332933,"13:44 ET"
RDDT,153.16,2026-10-02,7,Call,160.00,-4.45%,1.97,2.05,2.14,2368,667,3.55,61.43%,53.87%,0.295907,"13:44 ET"
AKAM,116.7,2026-09-25,0,Call,120.00,-3.80%,0.05,0.1,0.15,8803,2480,3.55,62.26%,43.27%,0.084263,"13:42 ET"
META,751.27,2026-09-28,3,Put,737.50,-1.93%,3.35,3.27,3.5,868,245,3.54,41.36%,29.56%,-0.273891,"13:43 ET"
GLXY,24.54,2026-10-02,7,Put,25.00,+1.54%,1.19,1.22,1.3,1015,287,3.54,81.60%,76.70%,-0.534914,"13:10 ET"
PFE,28.38,2026-10-23,28,Put,27.00,-4.69%,0.18,0.22,0.21,1790,505,3.54,23.40%,21.66%,-0.199194,"10:57 ET"
META,751.27,2026-09-25,0,Put,735.00,-2.27%,0.1,0.1,0.17,10726,3040,3.53,41.36%,21.01%,-0.040628,"13:44 ET"
TSLA,372.96,2026-09-30,5,Put,352.50,-5.48%,0.78,0.82,0.81,819,233,3.52,41.12%,37.77%,-0.100091,"13:22 ET"
PYPL,54.94,2026-10-09,14,Call,56.00,-1.95%,1.2,1.37,1.76,1147,326,3.52,41.97%,44.01%,0.440195,"13:33 ET"
AMZN,250.07,2026-10-02,7,Call,240.00,+4.22%,10.75,11.17,11.3,1589,452,3.52,32.93%,31.10%,0.835638,"13:32 ET"
CRDO,214,2026-09-25,0,Call,210.00,+2.15%,4.1,4.5,5,2834,805,3.52,77.05%,18.16%,0.988623,"13:42 ET"
MRVL,265.18,2026-09-25,0,Put,265.00,-0.42%,0.77,0.88,0.9,1099,313,3.51,66.08%,18.03%,-0.445715,"13:43 ET"
ORCL,138.19,2026-09-25,0,Call,138.00,+0.15%,0.54,0.62,0.6,4485,1279,3.51,49.24%,14.73%,0.601917,"13:43 ET"
AMZN,250.07,2026-09-25,0,Call,245.00,+2.22%,4.75,5.03,5.1,6192,1771,3.5,32.93%,16.99%,0.987904,"13:39 ET"
BE,289.55,2026-09-25,0,Call,290.00,+0.49%,1.71,1.7,1.9,8092,2310,3.5,82.24%,32.36%,0.480063,"13:44 ET"
ORCL,138.19,2026-10-23,28,Put,139.00,+0.57%,7.5,7.75,7.8,516,148,3.49,49.24%,48.37%,-0.484501,"13:38 ET"
CORZ,17.5,2026-10-16,21,Call,18.50,-5.35%,0.74,0.76,0.8,1001,287,3.49,73.18%,68.04%,0.409247,"13:32 ET"
GME,23.42,2026-10-09,14,Call,20.50,+12.84%,2.9,3.21,3.2,1102,316,3.49,53.03%,63.66%,0.86528,"13:15 ET"
BAM,44.42,2026-10-16,21,Put,42.50,-4.41%,0.6,0.65,0.7,1729,496,3.49,33.43%,34.62%,-0.273631,"12:28 ET"
TSLA,372.96,2026-09-28,3,Put,375.00,+0.56%,5,5.09,5.1,5394,1547,3.49,41.12%,27.55%,-0.597639,"13:45 ET"
TSLA,372.96,2026-09-25,0,Put,382.50,+2.57%,9.9,9.8,10.1,5544,1590,3.49,41.12%,23.83%,-0.987407,"13:30 ET"
ORCL,138.19,2026-10-02,7,Call,138.00,+0.15%,3.65,3.8,3.8,2023,582,3.48,49.24%,46.69%,0.52725,"13:44 ET"
PSKY,10.15,2026-10-02,7,Put,10.00,-0.99%,0.21,0.2,0.28,16482,4735,3.48,59.45%,56.39%,-0.409937,"13:43 ET"
INTC,124.26,2026-09-30,5,Call,131.00,-5.13%,1.24,1.27,1.28,882,254,3.47,68.47%,61.64%,0.245454,"13:34 ET"
MU,1082.89,2026-09-28,3,Put,"1,030.00",-4.79%,1.21,1.19,1.25,1473,424,3.47,60.97%,38.98%,-0.071341,"13:44 ET"
TSLA,372.96,2026-09-30,5,Call,405.00,-8.60%,0.3,0.31,0.31,5475,1578,3.47,41.12%,40.76%,0.042799,"13:45 ET"
TSLA,372.96,2026-09-30,5,Put,335.00,-10.17%,0.29,0.29,0.31,508,147,3.46,41.12%,50.63%,-0.03377,"13:29 ET"
PL,17.64,2026-10-30,35,Call,20.00,-13.06%,0.55,0.8,0.8,850,246,3.46,70.72%,67.51%,0.315384,"13:39 ET"
PEP,128.15,2026-10-02,7,Call,132.00,-3.00%,0.25,0.26,0.28,1225,354,3.46,25.12%,19.96%,0.146846,"13:45 ET"
INTU,275.71,2027-03-19,175,Call,350.00,-26.87%,16.4,16.5,17.4,752,218,3.45,46.91%,51.01%,0.318307,"12:16 ET"
SMCI,43.14,2026-10-16,21,Call,46.00,-6.43%,1.85,1.88,1.89,1174,340,3.45,77.33%,72.11%,0.391109,"13:44 ET"
META,751.27,2026-09-28,3,Put,720.00,-4.26%,0.82,0.86,0.87,1617,469,3.45,41.36%,32.12%,-0.083729,"13:43 ET"
IOVA,10.94,2026-09-25,0,Call,1.00,+90.89%,9.8,9.85,10.2,2157,625,3.45,94.03%,0.00%,0,"11:18 ET"
BABA,109.93,2026-10-02,7,Call,114.00,-3.58%,0.71,0.73,0.77,2699,785,3.44,38.37%,35.39%,0.238987,"13:42 ET"
AAPL,339.97,2026-10-30,35,Call,365.00,-7.38%,2.51,2.57,2.7,2773,805,3.44,23.26%,23.99%,0.193042,"13:41 ET"
NVDA,224.9,2026-09-28,3,Call,225.00,+0.03%,1.6,1.62,1.62,38138,11074,3.44,33.24%,20.90%,0.486781,"13:45 ET"
ACN,177.1,2028-01-21,483,Put,130.00,-26.81%,13.2,13.46,13.6,693,202,3.43,51.55%,47.50%,-0.188331,"13:44 ET"
FLUT,81.64,2026-10-16,21,Put,85.00,+3.60%,5.7,6.3,6.2,981,286,3.43,58.35%,51.73%,-0.601577,"11:26 ET"
GOOGL,344.31,2026-10-02,7,Call,347.50,-0.82%,4,4.15,4.2,2448,714,3.43,31.94%,29.15%,0.416348,"13:42 ET"
ORCL,138.19,2026-10-16,21,Call,137.00,+0.88%,6.7,6.6,6.9,567,166,3.42,49.24%,46.01%,0.559528,"13:33 ET"
AMD,629.68,2026-09-30,5,Call,700.00,-11.15%,0.72,0.77,0.81,589,172,3.42,54.19%,53.32%,0.047979,"13:30 ET"
SMCI,43.14,2026-10-09,14,Call,47.00,-8.75%,1.06,1.13,1.13,719,211,3.41,77.33%,73.08%,0.300665,"13:18 ET"
WULF,15.62,2026-10-02,7,Call,15.50,+0.96%,0.71,0.71,0.74,1054,309,3.41,79.19%,77.44%,0.549131,"13:42 ET"
AKAM,116.7,2026-09-25,0,Call,114.00,+1.39%,2.1,1.67,3.4,563,166,3.39,62.26%,53.38%,0.769717,"13:20 ET"
HD,294.6,2026-09-25,0,Call,295.00,-0.10%,0.36,0.4,0.6,852,251,3.39,28.31%,12.23%,0.372713,"13:34 ET"
SNDK,1782.9,2026-09-25,0,Put,"1,715.00",-3.55%,0,0.1,0.15,1147,338,3.39,71.44%,31.41%,-0.007759,"13:36 ET"
TSLA,372.96,2026-10-16,21,Put,372.50,-0.11%,13.55,13.28,13.65,1344,396,3.39,41.12%,39.20%,-0.474234,"13:43 ET"
SNDK,1782.9,2026-09-25,0,Put,"1,745.00",-1.86%,0.2,0.3,0.45,1510,446,3.39,71.44%,23.78%,-0.0368,"13:44 ET"
TSLA,372.96,2026-10-02,7,Put,372.50,-0.11%,8.65,8.71,8.75,2599,766,3.39,41.12%,42.86%,-0.484376,"13:45 ET"
INTC,124.26,2026-09-25,0,Put,123.00,-1.29%,0.1,0.11,0.11,15728,4641,3.39,68.47%,19.79%,-0.156333,"13:45 ET"
TSLA,372.96,2026-09-25,0,Call,302.50,+18.88%,69.6,70.11,70.8,602,178,3.38,41.12%,185.68%,0.986317,"13:35 ET"
META,751.27,2026-09-28,3,Put,717.50,-4.59%,0.66,0.49,0.71,770,228,3.38,41.36%,32.55%,-0.069356,"13:40 ET"
ORCL,138.19,2026-10-02,7,Put,121.00,-12.45%,0.09,0.1,0.11,562,167,3.37,49.24%,50.79%,-0.026353,"13:42 ET"
U,41.51,2026-09-25,0,Call,42.00,-1.69%,0.1,0.1,0.22,1142,339,3.37,63.85%,38.92%,0.302406,"13:41 ET"
AMD,629.68,2026-10-02,7,Put,630.00,+0.04%,17.25,17.25,17.5,1314,390,3.37,54.19%,49.64%,-0.488769,"13:44 ET"
CIEN,357.37,2026-10-02,7,Put,330.00,-8.15%,2.2,2.76,3.1,648,193,3.36,62.19%,61.59%,-0.158936,"12:49 ET"
BMNR,27.41,2026-11-20,56,Call,40.00,-45.83%,0.6,0.74,0.74,640,191,3.35,74.15%,82.49%,0.16365,"12:46 ET"
GEMI,5.59,2026-10-02,7,Put,5.50,-1.61%,0.15,0.23,0.3,659,197,3.35,100.90%,90.04%,-0.413328,"13:44 ET"
AMD,629.68,2026-09-30,5,Put,620.00,-1.55%,8.95,9.05,9.2,577,173,3.34,54.19%,45.79%,-0.376452,"13:44 ET"
ASST,29.4,2026-09-25,0,Call,29.50,-0.24%,0.14,0.14,0.19,1339,401,3.34,79.55%,32.20%,0.449321,"13:33 ET"
GOOGL,344.31,2026-09-28,3,Call,350.00,-1.55%,0.73,0.76,0.82,4123,1234,3.34,31.94%,22.12%,0.202423,"13:43 ET"
YOU,38.95,2026-11-20,56,Put,35.00,-10.12%,1.5,1.5,1.7,707,213,3.32,51.46%,56.19%,-0.271222,"10:45 ET"
META,751.27,2026-09-28,3,Put,745.00,-0.94%,6,6,6.15,1652,498,3.32,41.36%,29.63%,-0.411959,"13:44 ET"
CRCL,88.79,2026-09-25,0,Put,88.00,-0.85%,0.13,0.13,0.19,3450,1040,3.32,72.31%,25.37%,-0.23268,"13:43 ET"
SNDK,1782.9,2026-09-25,0,Call,"1,850.00",-4.05%,0.15,0.2,0.2,6564,1985,3.31,71.44%,32.62%,0.016245,"13:43 ET"
INTC,124.26,2026-10-23,28,Put,94.00,-24.56%,0.77,0.83,0.85,511,155,3.3,68.47%,73.00%,-0.067586,"12:05 ET"
MELI,1748.49,2026-09-25,0,Call,"1,750.00",-0.01%,1.5,5.8,10.8,860,261,3.3,40.26%,11.86%,0.621026,"13:34 ET"
MRNA,198.2,2026-09-25,0,Call,197.50,+0.92%,1.33,1.33,1.47,4161,1261,3.3,87.74%,31.84%,0.526159,"13:44 ET"
SPCX,148.45,2026-09-25,0,Put,147.00,-1.07%,0.1,0.1,0.11,22627,6857,3.3,47.50%,18.05%,-0.14594,"13:44 ET"
APP,311.94,2026-10-02,7,Put,265.00,-15.31%,0.1,0.2,0.25,530,161,3.29,61.14%,58.90%,-0.018346,"13:33 ET"
SNDK,1782.9,2026-09-25,0,Call,"1,815.00",-2.08%,1.2,1.35,1.4,1041,316,3.29,71.44%,26.86%,0.108964,"13:44 ET"
DOCU,67.68,2026-10-16,21,Put,62.50,-7.54%,0.83,0.89,0.93,683,208,3.28,44.08%,43.98%,-0.2079,"13:24 ET"
WYNN,81.16,2027-01-15,112,Call,85.00,-4.62%,5.2,5.4,5.4,775,236,3.28,35.41%,36.63%,0.468888,"13:34 ET"
ALAB,372.34,2026-10-16,21,Put,350.00,-6.68%,16.45,17.38,18.75,949,289,3.28,83.99%,81.59%,-0.328624,"13:31 ET"
MSFT,515.79,2026-09-28,3,Put,497.50,-3.70%,0.16,0.19,0.2,779,238,3.27,28.66%,23.24%,-0.0406,"13:37 ET"
SNDK,1782.9,2026-09-25,0,Call,"1,830.00",-2.92%,0.4,0.5,0.6,1572,482,3.26,71.44%,28.93%,0.045513,"13:45 ET"
AMZN,250.07,2026-09-30,5,Call,250.00,+0.23%,2.93,3,3.05,2536,779,3.26,32.93%,25.53%,0.507198,"13:44 ET"
META,751.27,2026-09-28,3,Call,770.00,-2.39%,1.71,1.73,1.78,4386,1346,3.26,41.36%,30.25%,0.162714,"13:44 ET"
TSLA,372.96,2026-09-28,3,Call,395.00,-5.92%,0.12,0.13,0.13,5390,1652,3.26,41.12%,33.64%,0.028847,"13:45 ET"
MSFT,515.79,2026-10-02,7,Call,520.00,-0.65%,5.75,5.85,5.95,14358,4406,3.26,28.66%,26.57%,0.428057,"13:44 ET"
NBIS,238.82,2026-09-25,0,Call,242.50,-1.54%,0.24,0.28,0.32,4542,1397,3.25,80.07%,27.17%,0.158891,"13:43 ET"
PCG,12.23,2026-10-02,7,Put,12.00,-1.80%,0.12,0.15,0.15,2821,877,3.22,40.85%,35.23%,-0.333637,"13:35 ET"
LEN,81.26,2026-12-18,84,Call,105.00,-29.18%,0.6,0.66,0.85,866,270,3.21,37.78%,39.51%,0.106058,"12:47 ET"
PYPL,54.94,2026-10-02,7,Call,59.00,-7.41%,0.3,0.37,0.45,892,278,3.21,41.97%,52.45%,0.179044,"13:40 ET"
META,751.27,2026-09-28,3,Put,735.00,-2.27%,2.77,2.76,2.88,1275,397,3.21,41.36%,29.82%,-0.23523,"13:44 ET"
FSLY,25.11,2026-10-09,14,Call,30.00,-19.95%,0.4,0.53,0.55,1565,487,3.21,96.30%,99.22%,0.194058,"13:15 ET"
META,751.27,2026-09-28,3,Put,740.00,-1.60%,4.15,4.07,4.25,2040,636,3.21,41.36%,29.61%,-0.317818,"13:44 ET"
TSLA,372.96,2026-09-30,5,Call,360.00,+3.46%,14.2,14.82,14.45,733,229,3.2,41.12%,34.84%,0.807831,"13:44 ET"
DELL,571.19,2026-09-25,0,Call,552.50,+3.36%,18.1,18.6,19.1,1615,504,3.2,60.44%,24.07%,0.996041,"13:38 ET"
HIMS,29.27,2026-10-02,7,Call,29.50,-0.85%,0.85,0.98,1,1722,538,3.2,74.06%,67.95%,0.465542,"13:38 ET"
META,751.27,2026-09-28,3,Call,780.00,-3.72%,0.79,0.84,0.82,5353,1675,3.2,41.36%,31.70%,0.082871,"13:43 ET"
TSLA,372.96,2026-10-02,7,Call,362.50,+2.79%,14.75,14.95,14.9,1095,343,3.19,41.12%,43.15%,0.690546,"13:34 ET"
CRWD,256.01,2026-09-25,0,Put,255.00,-0.58%,0.86,0.95,1.05,4175,1307,3.19,54.21%,21.15%,-0.449279,"13:45 ET"
BE,289.55,2027-02-19,147,Call,400.00,-37.26%,30.15,30.9,31.5,2052,645,3.18,82.24%,83.64%,0.377956,"12:03 ET"
MSFT,515.79,2026-10-02,7,Put,502.50,-2.74%,2.47,2.52,2.61,535,169,3.17,28.66%,26.55%,-0.227219,"13:44 ET"
COST,921.57,2026-09-25,0,Call,927.50,-1.11%,0.27,0.4,0.47,675,213,3.17,19.74%,11.89%,0.130085,"13:44 ET"
LITE,949.02,2026-10-02,7,Call,"1,050.00",-10.06%,7.6,7.9,8,808,255,3.17,72.43%,71.62%,0.16386,"13:41 ET"
SNDK,1782.9,2026-09-25,0,Put,"1,735.00",-2.42%,0.1,0.16,0.25,916,290,3.16,71.44%,26.03%,-0.019689,"13:44 ET"
PAA,24.21,2027-01-15,112,Put,24.00,-0.62%,0.9,1.05,1.05,1671,530,3.15,21.23%,19.01%,-0.462811,"12:32 ET"
MU,1082.89,2026-10-02,7,Put,650.00,-39.92%,0.14,0.2,0.46,2554,811,3.15,60.97%,145.60%,-0.004155,"13:40 ET"
HOOD,119.32,2026-10-02,7,Call,124.00,-3.97%,2.15,2.21,2.18,2600,825,3.15,60.70%,59.41%,0.344325,"13:43 ET"
AMZN,250.07,2026-09-25,0,Call,247.50,+1.23%,2.34,2.42,2.6,18877,5984,3.15,32.93%,12.86%,0.927531,"13:45 ET"
GME,23.42,2026-10-02,7,Put,23.00,-2.21%,0.42,0.47,0.51,3829,1219,3.14,53.03%,48.79%,-0.398168,"13:45 ET"
PLTR,191.93,2026-10-09,14,Put,192.50,+0.40%,6.85,6.95,7.1,846,270,3.13,51.11%,44.82%,-0.495008,"13:44 ET"
CRCL,88.79,2026-09-25,0,Put,89.00,+0.28%,0.51,0.54,0.54,1368,437,3.13,72.31%,23.99%,-0.554125,"13:45 ET"
INTC,124.26,2026-09-28,3,Call,123.00,+1.29%,2.69,2.69,2.74,1845,591,3.12,68.47%,44.67%,0.610349,"13:39 ET"
SMCI,43.14,2026-09-25,0,Call,43.00,+0.51%,0.29,0.3,0.36,33237,10666,3.12,77.33%,29.88%,0.568131,"13:44 ET"
AMD,629.68,2026-10-09,14,Call,705.00,-11.95%,4.65,4.8,4.95,601,193,3.11,54.19%,52.53%,0.149765,"13:34 ET"
NBIS,238.82,2026-09-25,0,Put,235.00,-1.60%,0.18,0.15,0.19,4924,1585,3.11,80.07%,27.35%,-0.111695,"13:44 ET"
AMZN,250.07,2026-09-28,3,Put,260.00,+3.76%,9.5,10.2,10.25,652,210,3.1,32.93%,26.93%,-0.95036,"12:25 ET"
MRNA,198.2,2026-11-20,56,Put,155.00,-22.24%,9.4,9.77,10.35,1039,335,3.1,87.74%,95.84%,-0.197768,"13:24 ET"
COIN,194.74,2026-10-02,7,Call,205.00,-4.97%,3.05,3.15,3.15,2761,892,3.1,62.74%,61.07%,0.3063,"13:44 ET"
META,751.27,2026-10-02,7,Call,770.00,-2.39%,8.7,8.75,8.8,5265,1697,3.1,41.36%,40.69%,0.326302,"13:44 ET"
NFLX,71.18,2026-09-25,0,Call,71.00,+0.31%,0.2,0.21,0.22,9828,3170,3.1,35.08%,8.82%,0.664428,"13:45 ET"
PYPL,54.94,2026-10-02,7,Put,53.00,-3.51%,0.47,0.53,0.59,1115,361,3.09,41.97%,43.75%,-0.256414,"13:34 ET"
GLND,6.09,2026-10-16,21,Call,6.00,-2.92%,0.9,0.97,1.05,4456,1444,3.09,186.41%,167.42%,0.585781,"13:45 ET"
MSFT,515.79,2027-01-15,112,Call,775.00,-50.01%,0.22,0.28,0.31,1012,329,3.08,28.66%,29.59%,0.009737,"13:01 ET"
APLD,26.13,2026-11-20,56,Call,29.00,-10.39%,2.49,2.77,2.59,531,173,3.07,90.68%,86.04%,0.456827,"12:12 ET"
COST,921.57,2026-09-25,0,Put,920.00,+0.29%,1.5,1.75,2.01,730,238,3.07,19.74%,11.73%,-0.425481,"13:44 ET"
MSFT,515.79,2026-10-02,7,Call,522.50,-1.13%,4.75,4.92,5.05,879,286,3.07,28.66%,26.65%,0.37803,"13:31 ET"
FIVN,36.65,2028-12-15,812,Call,17.50,+52.54%,23.1,23.92,24.5,553,181,3.06,73.05%,70.86%,0.908529,"13:44 ET"
META,751.27,2026-09-28,3,Call,795.00,-5.71%,0.24,0.29,0.34,1434,468,3.06,41.36%,34.92%,0.031667,"13:44 ET"
BE,289.55,2026-09-25,0,Put,290.00,-0.49%,2.08,2.2,2.26,2044,669,3.06,82.24%,33.67%,-0.519373,"13:45 ET"
IREN,43.86,2026-10-02,7,Call,46.00,-4.59%,0.97,0.99,1,3101,1014,3.06,77.67%,73.14%,0.347967,"13:42 ET"
SPCX,148.45,2026-09-25,0,Call,150.00,-0.95%,0.1,0.11,0.11,50708,16551,3.06,47.50%,18.61%,0.143339,"13:45 ET"
APP,311.94,2026-09-25,0,Call,317.50,-1.47%,0.05,0.1,0.15,626,205,3.05,61.14%,18.83%,0.073451,"13:40 ET"
JD,26.53,2026-10-09,14,Call,28.00,-5.46%,0.12,0.16,0.2,873,286,3.05,32.90%,31.76%,0.183516,"13:24 ET"
SMCI,43.14,2026-10-23,28,Put,40.00,-7.45%,1.9,1.94,2.05,1045,343,3.05,77.33%,72.95%,-0.314373,"13:30 ET"
CRWD,256.01,2026-09-25,0,Put,252.50,-1.55%,0.17,0.2,0.25,2737,898,3.05,54.21%,20.70%,-0.147545,"13:45 ET"
MSFT,515.79,2026-10-02,7,Call,515.00,+0.32%,8.1,8.22,8.4,5183,1697,3.05,28.66%,26.84%,0.532198,"13:44 ET"
MU,1082.89,2026-09-28,3,Call,"1,150.00",-6.30%,0.95,1,0.98,5963,1956,3.05,60.97%,40.75%,0.057191,"13:44 ET"
META,751.27,2026-09-28,3,Call,785.00,-4.38%,0.54,0.57,0.57,2034,669,3.04,41.36%,32.60%,0.059013,"13:44 ET"
SNDK,1782.9,2026-09-25,0,Call,"1,790.00",-0.67%,5.5,5.9,6.1,2653,874,3.04,71.44%,22.97%,0.3895,"13:45 ET"
GME,23.42,2026-10-02,7,Call,23.50,+0.09%,0.64,0.64,0.67,4970,1642,3.03,53.03%,56.25%,0.482521,"13:44 ET"
DELL,571.19,2026-10-02,7,Put,525.00,-8.17%,3.4,3.44,3.5,614,203,3.02,60.44%,58.89%,-0.140144,"13:35 ET"
SMCI,43.14,2026-10-02,7,Call,42.50,+1.67%,1.95,2.03,2.03,2673,884,3.02,77.33%,69.92%,0.580086,"13:38 ET"
SNDK,1782.9,2026-09-25,0,Put,"1,755.00",-1.30%,0.75,0.63,0.9,880,292,3.01,71.44%,22.92%,-0.084396,"13:43 ET"
CRDO,214,2026-09-25,0,Call,202.50,+5.65%,11.4,11.04,13.1,912,303,3.01,77.05%,71.44%,0.94249,"13:35 ET"
META,751.27,2026-09-28,3,Call,790.00,-5.05%,0.37,0.4,0.4,1848,613,3.01,41.36%,33.53%,0.042015,"13:44 ET"
AVGO,353.01,2026-09-25,0,Put,352.50,-0.14%,0.57,0.57,0.61,4706,1566,3.01,35.16%,10.33%,-0.424591,"13:44 ET"
META,751.27,2026-11-20,56,Put,685.00,-8.91%,22.15,22.45,22.85,1003,334,3,41.36%,43.97%,-0.263306,"13:43 ET"
CVX,203.61,2026-10-02,7,Call,210.00,-3.02%,0.76,0.81,0.84,2942,980,3,27.38%,25.61%,0.201274,"13:43 ET"
GME,23.42,2026-10-16,21,Put,22.00,-6.46%,0.44,0.48,0.53,8271,2757,3,53.03%,46.83%,-0.280646,"13:43 ET"
PLTR,191.93,2026-09-25,0,Put,190.00,-0.91%,0.11,0.12,0.13,25709,8606,2.99,51.11%,16.65%,-0.141166,"13:45 ET"
ZS,196.26,2026-09-25,0,Put,192.50,-2.18%,0.03,0.13,0.2,566,190,2.98,55.27%,26.50%,-0.091147,"13:23 ET"
NAT,7.64,2028-01-21,483,Call,10.00,-30.21%,0.45,0.71,0.85,510,172,2.97,45.15%,47.73%,0.31322,"12:00 ET"
INTC,124.26,2026-09-30,5,Put,127.00,+1.92%,4.95,4.95,5.05,621,209,2.97,68.47%,59.64%,-0.60713,"12:48 ET"
PYPL,54.94,2026-09-25,0,Put,55.00,+0.13%,0.15,0.28,0.24,1089,367,2.97,41.97%,17.91%,-0.483758,"13:35 ET"
COST,921.57,2026-09-25,0,Put,915.00,-0.25%,0.25,0.46,0.65,704,238,2.96,19.74%,12.20%,-0.148753,"13:44 ET"
COST,921.57,2026-09-25,0,Call,922.50,-0.57%,1.22,1.6,1.83,707,239,2.96,19.74%,11.37%,0.396241,"13:44 ET"
GME,23.42,2026-10-02,7,Call,19.50,+17.09%,3.8,4.11,4.15,1002,338,2.96,53.03%,98.18%,0.918388,"13:27 ET"
SKHY,191.9,2026-10-02,7,Put,190.00,-0.93%,4.8,4.95,5.2,1446,491,2.95,58.10%,55.30%,-0.437885,"13:39 ET"
META,751.27,2026-09-28,3,Call,745.00,+0.94%,9.6,9.72,9.85,596,203,2.94,41.36%,27.46%,0.594821,"13:43 ET"
GME,23.42,2026-10-30,35,Put,21.00,-10.71%,0.41,0.42,0.47,957,326,2.94,53.03%,46.77%,-0.212706,"13:00 ET"
WMB,69.33,2026-10-16,21,Call,76.00,-9.70%,0.15,0.18,0.25,1300,442,2.94,29.09%,28.16%,0.093841,"13:07 ET"
META,751.27,2026-09-25,0,Put,760.00,+1.06%,11.4,11.71,11.85,8160,2774,2.94,41.36%,25.46%,-0.86304,"13:43 ET"
TSLA,372.96,2026-10-02,7,Put,382.50,+2.57%,14.65,14.75,14.9,918,313,2.93,41.12%,43.49%,-0.656269,"13:23 ET"
BTDR,11.55,2026-10-02,7,Call,13.00,-12.17%,0.1,0.12,0.15,1697,579,2.93,93.08%,84.63%,0.179188,"13:35 ET"
CRWD,256.01,2026-10-02,7,Put,242.50,-5.45%,2.41,2.34,2.55,1729,591,2.93,54.21%,52.26%,-0.224459,"13:36 ET"
DELL,571.19,2026-09-25,0,Put,560.00,-2.05%,0.19,0.2,0.25,2745,936,2.93,60.44%,25.30%,-0.066501,"13:44 ET"
AMD,629.68,2026-09-28,3,Call,640.00,-1.62%,3.85,4,4.05,2974,1016,2.93,54.19%,35.40%,0.309785,"13:43 ET"
TSLA,372.96,2026-09-28,3,Call,362.50,+2.79%,10.55,10.96,11.2,1047,359,2.92,41.12%,29.42%,0.851905,"13:44 ET"
CVX,203.61,2026-10-02,7,Put,202.50,-0.66%,2.24,2.28,2.48,1493,512,2.92,27.38%,26.17%,-0.426289,"13:33 ET"
SBUX,94.2,2026-09-25,0,Call,95.00,-0.79%,0.01,0.15,0.15,1973,676,2.92,30.34%,15.41%,0.192439,"12:53 ET"
META,751.27,2026-09-28,3,Call,765.00,-1.72%,2.51,2.5,2.59,3117,1069,2.92,41.36%,29.62%,0.222959,"13:44 ET"
TSLA,372.96,2026-10-02,7,Call,375.00,-0.56%,7.8,7.86,7.95,9781,3353,2.92,41.12%,43.35%,0.472318,"13:45 ET"
TSLA,372.96,2026-09-25,0,Call,305.00,+18.21%,67.2,67.68,68.95,621,214,2.9,41.12%,215.17%,0.967463,"13:35 ET"
HOOD,119.32,2026-09-25,0,Call,119.00,+0.22%,0.73,0.73,0.79,6671,2299,2.9,60.70%,19.01%,0.665423,"13:44 ET"
IREN,43.86,2026-10-02,7,Put,40.50,-7.91%,0.44,0.45,0.47,2346,812,2.89,77.67%,70.44%,-0.185346,"13:43 ET"
ARM,315.51,2026-09-25,0,Call,320.00,-0.79%,0.19,0.22,0.25,4420,1532,2.89,71.60%,22.12%,0.12311,"13:44 ET"
COHR,299.96,2026-10-02,7,Call,320.00,-6.71%,4.4,4.66,5,521,181,2.88,72.76%,70.03%,0.275147,"13:35 ET"
NVDA,224.9,2026-09-28,3,Put,230.00,+2.19%,5.45,5.35,5.55,812,282,2.88,33.24%,22.43%,-0.870149,"13:39 ET"
AMD,629.68,2026-09-28,3,Call,645.00,-2.42%,2.7,2.78,2.78,2137,743,2.88,54.19%,35.87%,0.23303,"13:43 ET"
SPCX,148.45,2026-09-25,0,Call,146.00,+1.74%,2.39,2.74,2.72,7429,2592,2.87,47.50%,25.70%,0.8954,"13:42 ET"
IBM,225.96,2026-09-25,0,Call,227.50,-0.63%,0.16,0.19,0.19,1374,481,2.86,37.06%,12.69%,0.208389,"13:44 ET"
GOOG,341.1,2026-09-25,0,Put,342.50,+0.33%,1.75,1.6,1.84,2416,848,2.85,31.68%,10.44%,-0.807347,"13:44 ET"
CRDO,214,2026-09-25,0,Call,200.00,+6.81%,13,14.57,15,4839,1695,2.85,77.05%,57.29%,0.991196,"13:39 ET"
OPEN,2.59,2026-10-23,28,Call,2.50,+3.85%,0.24,0.25,0.26,873,307,2.84,77.82%,69.32%,0.620133,"13:28 ET"
FCX,71.88,2027-06-17,265,Put,55.00,-23.61%,3.2,3.47,3.8,3001,1056,2.84,46.39%,48.04%,-0.179405,"13:11 ET"
HOOD,119.32,2026-09-25,0,Put,119.00,-0.22%,0.27,0.3,0.3,7215,2539,2.84,60.70%,19.99%,-0.342526,"13:44 ET"
AAPL,339.97,2026-09-30,5,Call,347.50,-2.24%,0.77,0.83,0.83,2118,749,2.83,23.26%,19.90%,0.186439,"13:44 ET"
BMY,62.39,2026-11-20,56,Call,65.00,-4.86%,1.94,1.97,2,10969,3882,2.83,28.99%,31.87%,0.386439,"13:43 ET"
RKLB,74.24,2026-09-25,0,Call,75.00,-0.77%,0.1,0.12,0.13,23757,8397,2.83,71.49%,23.47%,0.221977,"13:44 ET"
AS,27.63,2026-09-25,0,Call,27.00,+2.28%,0.3,0.65,0.9,564,200,2.82,47.13%,34.10%,0.904264,"13:17 ET"
KOD,32.61,2026-12-18,84,Call,65.00,-100.80%,3.8,3.85,4.9,611,217,2.82,217.88%,175.93%,0.349823,"13:10 ET"
BMY,62.39,2026-10-02,7,Put,62.00,+0.02%,0.95,1.05,1.07,642,228,2.82,28.99%,32.95%,-0.455635,"13:33 ET"
IOVA,10.94,2026-09-25,0,Call,0.50,+95.45%,10.3,10.25,10.6,2148,762,2.82,94.03%,0.00%,0,"10:53 ET"
UBER,69.21,2026-10-09,14,Call,73.00,-5.42%,0.5,0.5,0.51,4116,1461,2.82,34.94%,31.52%,0.213771,"13:44 ET"
MSFT,515.79,2026-09-28,3,Call,507.50,+1.77%,9.2,9.49,9.75,1033,367,2.81,28.66%,20.50%,0.817189,"13:37 ET"
GOOGL,344.31,2026-09-28,3,Put,340.00,-1.35%,1.03,1.03,1.08,1729,616,2.81,31.94%,21.15%,-0.261762,"13:45 ET"
AAOI,102.22,2026-09-25,0,Call,104.00,-1.02%,0.15,0.2,0.25,1818,648,2.81,89.93%,36.21%,0.190369,"13:44 ET"
ERAS,14.41,2026-11-20,56,Call,15.00,-3.88%,1.9,2.06,2.2,7538,2681,2.81,93.19%,99.69%,0.545862,"13:19 ET"
IONQ,45.6,2026-09-25,0,Call,46.00,-0.17%,0.13,0.15,0.15,12162,4330,2.81,75.92%,36.21%,0.270049,"13:44 ET"
AMD,629.68,2026-10-02,7,Put,635.00,+0.83%,19.95,20,20.25,569,203,2.8,54.19%,49.73%,-0.534652,"13:41 ET"
KO,88,2026-10-02,7,Call,87.00,+1.20%,1.42,1.53,1.55,894,320,2.79,19.67%,17.88%,0.689283,"13:02 ET"
META,751.27,2026-10-02,7,Call,800.00,-6.38%,3.15,3.15,3.2,21050,7554,2.79,41.36%,42.91%,0.142956,"13:44 ET"
CRDO,214,2026-09-25,0,Call,205.00,+4.48%,8.5,9.01,9.8,2976,1069,2.78,77.05%,35.46%,0.993441,"13:39 ET"
NVDA,224.9,2026-09-30,5,Call,225.00,+0.03%,2.74,2.76,2.76,10990,3948,2.78,33.24%,26.86%,0.498402,"13:44 ET"
SNDK,1782.9,2026-09-25,0,Call,"1,835.00",-3.20%,0.35,0.42,0.5,617,223,2.77,71.44%,30.46%,0.037798,"13:45 ET"
TSLA,372.96,2026-10-02,7,Put,365.00,-2.12%,5.3,5.34,5.4,4875,1764,2.76,41.12%,42.60%,-0.350273,"13:45 ET"
RKLB,74.24,2026-09-25,0,Call,74.00,+0.58%,0.5,0.48,0.55,8651,3139,2.76,71.49%,23.20%,0.632736,"13:45 ET"
MRVL,265.18,2026-10-02,7,Call,272.50,-2.39%,5.9,5.9,6.15,519,189,2.75,66.08%,61.29%,0.395774,"13:35 ET"
MSFT,515.79,2026-10-02,7,Call,532.50,-3.07%,2.2,2.28,2.33,1451,527,2.75,28.66%,27.19%,0.20977,"13:44 ET"
TSLA,372.96,2026-09-28,3,Call,360.00,+3.46%,12.5,13.07,13.3,1506,548,2.75,41.12%,26.39%,0.926572,"13:37 ET"
SNDK,1782.9,2026-09-25,0,Call,"1,820.00",-2.36%,0.8,0.9,1,3150,1147,2.75,71.44%,27.22%,0.07926,"13:45 ET"
GOOG,341.1,2026-09-25,0,Call,340.00,+0.41%,1.11,1.11,1.18,10703,3886,2.75,31.68%,8.19%,0.736305,"13:45 ET"
MU,1082.89,2026-09-28,3,Put,990.00,-8.49%,0.24,0.29,0.27,621,227,2.74,60.97%,46.80%,-0.015365,"13:32 ET"
META,751.27,2026-09-28,3,Call,747.50,+0.60%,8.25,8.37,8.45,1541,563,2.74,41.36%,27.54%,0.541879,"13:44 ET"
RKT,12.15,2026-10-30,35,Call,14.00,-15.32%,0.23,0.28,0.33,1135,416,2.73,58.70%,56.08%,0.243359,"13:18 ET"
MU,1082.89,2026-09-25,0,Call,"1,075.00",+0.63%,9.15,10,9.8,8063,2952,2.73,60.97%,14.75%,0.859229,"13:44 ET"
NUAI,6.85,2026-10-16,21,Call,8.00,-16.11%,0.25,0.35,0.6,763,281,2.72,112.37%,124.04%,0.35831,"11:49 ET"
CLSK,13.71,2026-11-20,56,Put,12.00,-12.09%,0.83,0.85,0.89,1182,434,2.72,78.70%,79.83%,-0.275222,"12:52 ET"
FSLR,178.04,2026-10-02,7,Call,190.00,-6.68%,1.15,1.26,1.28,1294,476,2.72,53.31%,49.76%,0.186561,"13:45 ET"
DDOG,272.39,2026-09-25,0,Call,270.00,+0.86%,2,2.27,2.65,688,254,2.71,63.82%,30.79%,0.602379,"13:44 ET"
IREN,43.86,2026-10-02,7,Put,41.50,-5.64%,0.69,0.71,0.71,787,290,2.71,77.67%,70.12%,-0.258683,"13:45 ET"
PANW,378.61,2026-09-25,0,Call,380.00,-0.50%,0.53,0.56,0.64,1761,649,2.71,52.81%,18.20%,0.269239,"13:45 ET"
MSFT,515.79,2026-09-28,3,Call,510.00,+1.29%,7.3,7.59,7.8,5324,1962,2.71,28.66%,20.56%,0.738412,"13:44 ET"
META,751.27,2026-09-30,5,Call,775.00,-3.05%,4.65,4.8,4.8,728,270,2.7,41.36%,39.21%,0.238964,"13:44 ET"
SGML,9.69,2026-10-16,21,Put,8.00,-18.12%,0.05,0.2,0.2,1782,661,2.7,87.01%,77.57%,-0.127803,"13:43 ET"
TSLA,372.96,2026-10-09,14,Call,375.00,-0.56%,10.75,11,10.9,2764,1026,2.69,41.12%,40.37%,0.489404,"13:44 ET"
TSLA,372.96,2026-09-28,3,Put,380.00,+1.90%,8.5,8,8.7,3751,1393,2.69,41.12%,27.90%,-0.779867,"13:42 ET"
CRDO,214,2026-09-25,0,Call,215.00,-0.18%,0.95,1.18,1.4,1538,574,2.68,77.05%,31.16%,0.452009,"13:45 ET"
CRWV,87.36,2026-10-02,7,Call,88.00,-0.36%,3,3.02,3.1,2069,772,2.68,72.68%,68.02%,0.494664,"13:44 ET"
MU,1082.89,2026-10-02,7,Call,"1,310.00",-21.09%,3.25,3.28,3.5,565,212,2.67,60.97%,85.83%,0.063074,"13:37 ET"
TEM,84.76,2026-09-25,0,Call,86.00,-1.30%,0.06,0.11,0.13,911,341,2.67,81.17%,29.95%,0.142136,"13:43 ET"
GME,23.42,2026-11-20,56,Call,22.00,+6.46%,2.56,2.8,2.76,1774,664,2.67,53.03%,55.51%,0.641325,"13:28 ET"
COST,921.57,2026-09-25,0,Call,920.00,-0.29%,2.41,2.65,3.05,3257,1220,2.67,19.74%,11.34%,0.577946,"13:45 ET"
MSFT,515.79,2026-09-30,5,Call,515.00,+0.32%,6.45,6.55,6.75,2594,977,2.66,28.66%,25.07%,0.534908,"13:41 ET"
BMNR,27.41,2026-10-02,7,Call,29.00,-5.72%,0.49,0.52,0.55,3761,1414,2.66,74.15%,70.81%,0.31436,"13:41 ET"
IREN,43.86,2027-01-15,112,Call,47.00,-6.87%,6.95,7,7.2,5640,2123,2.66,77.67%,83.28%,0.545127,"13:30 ET"
MU,1082.89,2026-09-28,3,Call,"1,160.00",-7.23%,0.63,0.64,0.66,840,317,2.65,60.97%,41.99%,0.039338,"13:44 ET"
AAPL,339.97,2026-09-30,5,Call,337.50,+0.71%,4.65,4.78,4.9,2823,1066,2.65,23.26%,20.24%,0.639462,"13:43 ET"
MSTR,158.63,2026-10-30,35,Put,100.00,-36.98%,0.46,0.51,0.56,539,204,2.64,66.54%,85.43%,-0.028593,"13:26 ET"
AMD,629.68,2026-09-30,5,Call,640.00,-1.62%,8.95,9.26,9.25,626,237,2.64,54.19%,46.03%,0.391889,"13:43 ET"
MSFT,515.79,2026-10-09,14,Call,535.00,-3.55%,3.85,3.88,4.05,1766,668,2.64,28.66%,26.22%,0.254785,"13:41 ET"
TSLA,372.96,2026-10-30,35,Call,375.00,-0.56%,19.7,19.89,20.1,1914,724,2.64,41.12%,44.38%,0.519014,"13:35 ET"
TSLA,372.96,2026-10-02,7,Call,390.00,-4.58%,3.1,3.2,3.2,10231,3881,2.64,41.12%,44.38%,0.240533,"13:44 ET"
NVDA,224.9,2026-09-28,3,Call,232.50,-3.30%,0.11,0.11,0.12,11495,4359,2.64,33.24%,23.31%,0.057124,"13:44 ET"
IREN,43.86,2026-10-30,35,Put,36.00,-18.14%,0.95,1,1,544,207,2.63,77.67%,75.27%,-0.161629,"13:43 ET"
LRCX,314.26,2026-10-02,7,Put,285.00,-9.40%,1.2,1.3,1.42,590,224,2.63,59.06%,58.81%,-0.103575,"13:39 ET"
AAPL,339.97,2026-10-05,10,Call,340.00,-0.03%,4.5,4.64,4.75,591,225,2.63,23.26%,19.62%,0.522242,"13:42 ET"
SOUN,6.13,2027-04-16,203,Call,9.00,-46.58%,0.59,0.61,0.66,611,232,2.63,63.15%,74.66%,0.356314,"13:30 ET"
META,751.27,2026-09-30,5,Call,805.00,-7.04%,1.2,1.25,1.24,967,368,2.63,41.36%,41.89%,0.075501,"13:44 ET"
PYPL,54.94,2026-10-09,14,Call,60.00,-9.23%,0.43,0.48,0.54,1291,490,2.63,41.97%,46.43%,0.184954,"13:42 ET"
AAPL,339.97,2026-09-30,5,Call,340.00,-0.03%,3.2,3.31,3.4,4841,1839,2.63,23.26%,19.92%,0.51828,"13:44 ET"
META,751.27,2026-09-28,3,Call,805.00,-7.04%,0.12,0.12,0.17,1139,434,2.62,41.36%,36.79%,0.016361,"13:44 ET"
NVDA,224.9,2026-09-30,5,Call,232.50,-3.30%,0.53,0.55,0.54,6607,2520,2.62,33.24%,26.93%,0.148218,"13:42 ET"
MU,1082.89,2026-09-28,3,Call,"1,145.00",-5.84%,1.16,1.2,1.21,515,197,2.61,60.97%,40.15%,0.069018,"13:44 ET"
COST,921.57,2026-10-02,7,Call,"1,000.00",-9.01%,0.17,0.21,0.22,1361,522,2.61,19.74%,27.24%,0.015899,"13:44 ET"
ZS,196.26,2026-09-25,0,Call,202.50,-2.90%,0,0.1,0.11,1458,558,2.61,55.27%,35.06%,0.038583,"12:47 ET"
META,751.27,2026-09-28,3,Put,730.00,-2.93%,1.84,1.88,1.92,2470,945,2.61,41.36%,30.33%,-0.168939,"13:44 ET"
TSLA,372.96,2026-10-05,10,Call,377.50,-1.23%,7.5,7.93,7.65,572,220,2.6,41.12%,39.22%,0.437647,"13:42 ET"
LITE,949.02,2026-10-02,7,Put,900.00,-5.66%,16,16.7,16.7,956,368,2.6,72.43%,69.26%,-0.277248,"13:43 ET"
CRH,85.38,2026-10-16,21,Call,90.00,-5.57%,0.85,1.25,1.35,962,370,2.6,36.64%,33.25%,0.27347,"12:15 ET"
TSLA,372.96,2026-09-25,0,Put,385.00,+3.24%,12.35,12.55,12.65,3590,1387,2.59,41.12%,32.53%,-0.976135,"13:22 ET"
SMCI,43.14,2026-10-09,14,Call,44.50,-2.96%,1.79,1.84,1.91,514,199,2.58,77.33%,71.93%,0.442309,"13:37 ET"
ASST,29.4,2026-09-25,0,Call,28.50,+3.16%,0.64,0.75,1.3,550,213,2.58,79.55%,49.32%,0.897938,"13:31 ET"
MU,1082.89,2026-09-28,3,Put,"1,055.00",-2.48%,4.05,4,4.2,1202,465,2.58,60.97%,36.62%,-0.201719,"13:43 ET"
UBER,69.21,2026-09-25,0,Call,69.00,+0.36%,0.33,0.31,0.34,3688,1427,2.58,34.94%,10.72%,0.769916,"13:43 ET"
INTC,124.26,2026-10-02,7,Call,126.00,-1.12%,3.65,3.69,3.75,4020,1559,2.58,68.47%,64.80%,0.45931,"13:44 ET"
SMCI,43.14,2026-09-25,0,Call,41.50,+3.98%,1.55,1.68,1.68,8023,3109,2.58,77.33%,35.54%,0.980744,"13:27 ET"
IREN,43.86,2026-10-02,7,Call,44.50,-1.18%,1.49,1.47,1.55,816,317,2.57,77.67%,72.24%,0.473882,"13:41 ET"
TSLA,372.96,2026-09-30,5,Put,370.00,-0.78%,4.75,4.75,4.9,2712,1054,2.57,41.12%,35.00%,-0.422698,"13:45 ET"
PYPL,54.94,2026-10-02,7,Put,52.00,-5.33%,0.27,0.3,0.4,4571,1779,2.57,41.97%,45.41%,-0.174713,"13:44 ET"
MSFT,515.79,2026-09-25,0,Call,510.00,+1.29%,5.8,6.1,6.3,35010,13618,2.57,28.66%,15.11%,0.929817,"13:44 ET"
TSM,451.19,2026-10-02,7,Call,470.00,-4.13%,1.46,1.49,1.5,1311,513,2.56,33.76%,28.63%,0.159982,"13:44 ET"
F,12.73,2026-09-25,0,Call,12.50,+1.88%,0.17,0.22,0.29,2598,1014,2.56,34.19%,25.36%,0.930523,"13:22 ET"
NKE,35.94,2027-06-17,265,Call,35.00,+2.86%,5.55,5.7,5.8,2656,1038,2.56,49.32%,44.63%,0.588764,"13:40 ET"
MRVL,265.18,2026-10-09,14,Put,265.00,-0.42%,13.6,13.82,14.05,595,233,2.55,66.08%,68.37%,-0.466473,"13:43 ET"
AVGO,353.01,2026-09-30,5,Call,352.50,+0.14%,5.05,5.27,5.2,613,240,2.55,35.16%,29.65%,0.522587,"13:39 ET"
CTAS,200.09,2026-09-25,0,Call,200.00,-0.24%,0.15,0.55,1.1,634,249,2.55,23.83%,13.18%,0.545063,"13:40 ET"
SOFI,16.7,2026-10-02,7,Call,15.00,+10.18%,1.77,1.84,1.81,948,372,2.55,48.08%,56.26%,0.926955,"12:49 ET"
SKHY,191.9,2026-10-09,14,Call,185.00,+3.54%,11.5,12.27,12.75,748,295,2.54,58.10%,56.02%,0.651091,"13:03 ET"
AAPL,339.97,2026-09-30,5,Put,335.00,-1.44%,1.3,1.3,1.35,1487,585,2.54,23.26%,21.00%,-0.259461,"13:44 ET"
MDB,417.96,2026-10-16,21,Put,400.00,-4.47%,15,16.95,16.45,526,208,2.53,61.02%,60.44%,-0.354534,"11:51 ET"
TSLA,372.96,2026-10-30,35,Call,360.00,+3.46%,27.5,27.55,28.35,1089,431,2.53,41.12%,44.87%,0.634027,"13:20 ET"
SNDK,1782.9,2026-09-25,0,Call,"1,762.50",+0.87%,21.8,23.98,23.7,575,228,2.52,71.44%,21.26%,0.863836,"13:41 ET"
BB,8.06,2026-10-23,28,Call,8.50,-5.33%,0.37,0.39,0.42,642,255,2.52,60.85%,63.71%,0.420868,"13:14 ET"
AMD,629.68,2026-10-02,7,Call,637.50,-1.23%,13.8,14.04,14.05,2477,983,2.52,54.19%,50.01%,0.444259,"13:41 ET"
AAPL,339.97,2026-09-25,0,Call,335.00,+1.44%,4.95,5.16,5.2,26848,10665,2.52,23.26%,14.74%,0.976752,"13:45 ET"
DELL,571.19,2026-09-25,0,Put,547.50,-4.24%,0.04,0.11,0.11,923,368,2.51,60.44%,38.87%,-0.017827,"13:43 ET"
BA,199.35,2026-10-23,28,Call,220.00,-10.02%,1.12,1.2,1.45,1217,485,2.51,32.08%,31.86%,0.146897,"13:35 ET"
BE,289.55,2026-10-30,35,Call,325.00,-11.52%,17.35,19.55,19.4,526,210,2.5,82.24%,86.44%,0.389082,"12:41 ET"
RBLX,46.97,2026-10-02,7,Call,49.00,-5.85%,0.57,0.75,0.93,660,264,2.5,66.54%,56.46%,0.324734,"13:34 ET"
XOM,160.08,2026-10-02,7,Call,162.50,-1.43%,1.36,1.46,1.53,1482,592,2.5,29.22%,27.04%,0.360786,"13:31 ET"
NOW,136.62,2026-10-16,21,Put,128.00,-6.17%,2.89,3.15,3.05,515,207,2.49,54.06%,51.04%,-0.271931,"12:49 ET"
LYFT,14.93,2026-10-02,7,Call,15.50,-3.75%,0.14,0.14,0.15,648,260,2.49,49.48%,42.08%,0.277729,"13:45 ET"
TSLA,372.96,2026-09-30,5,Call,392.50,-5.25%,0.93,1.01,0.96,1214,487,2.49,41.12%,37.10%,0.120759,"13:44 ET"
META,751.27,2026-10-02,7,Call,775.00,-3.05%,7.4,7.65,7.5,1742,699,2.49,41.36%,41.06%,0.287947,"13:43 ET"
META,751.27,2026-09-28,3,Call,775.00,-3.05%,1.17,1.2,1.21,2287,917,2.49,41.36%,30.97%,0.116979,"13:44 ET"
MSFT,515.79,2026-10-05,10,Call,500.00,+3.22%,17.9,20.69,19.85,776,313,2.48,28.66%,24.72%,0.789694,"12:58 ET"
BRK.B,505.17,2026-09-25,0,Call,502.50,+0.52%,2.2,2.72,3.15,1038,419,2.48,14.46%,8.71%,0.865983,"12:04 ET"
INTC,124.26,2026-09-30,5,Call,128.00,-2.72%,1.99,1.99,2.03,1147,463,2.48,68.47%,60.28%,0.352837,"13:37 ET"
WDC,457.2,2026-09-25,0,Call,460.00,-0.94%,0.95,1.05,1.29,1186,478,2.48,68.98%,21.16%,0.33747,"13:42 ET"
GME,23.42,2026-10-02,7,Put,22.00,-6.46%,0.12,0.15,0.16,1724,696,2.48,53.03%,46.50%,-0.169169,"13:45 ET"
TSLA,372.96,2026-09-30,5,Put,367.50,-1.45%,3.75,3.6,3.85,2482,1002,2.48,41.12%,34.94%,-0.358926,"13:44 ET"
AMZN,250.07,2026-09-28,3,Put,247.50,-1.23%,0.74,0.73,0.8,3597,1452,2.48,32.93%,19.23%,-0.282299,"13:41 ET"
AAPL,339.97,2026-09-30,5,Put,340.00,+0.03%,3,3.05,3.15,698,283,2.47,23.26%,20.15%,-0.483572,"13:43 ET"
IONQ,45.6,2026-09-25,0,Put,45.00,-2.00%,0.13,0.12,0.15,2778,1123,2.47,75.92%,34.13%,-0.278395,"13:44 ET"
MRVL,265.18,2026-09-25,0,Call,265.00,+0.42%,1.08,1.16,1.23,8293,3359,2.47,66.08%,17.83%,0.55562,"13:44 ET"
PANW,378.61,2026-09-25,0,Put,372.50,-1.48%,0.11,0.1,0.19,512,208,2.46,52.81%,19.73%,-0.084254,"13:41 ET"
AVGO,353.01,2026-09-28,3,Put,352.50,-0.14%,2.58,2.47,2.65,522,212,2.46,35.16%,22.08%,-0.473205,"13:44 ET"
TSLA,372.96,2026-10-30,35,Call,370.00,+0.78%,22.1,22.45,22.6,776,315,2.46,41.12%,44.47%,0.557784,"13:44 ET"
TSLA,372.96,2026-10-05,10,Call,385.00,-3.24%,5,5.31,5.1,1113,452,2.46,41.12%,39.82%,0.325607,"13:42 ET"
RIVN,15.42,2029-01-19,847,Call,15.00,+3.04%,6.5,6.6,6.6,1141,463,2.46,57.90%,65.06%,0.738457,"13:43 ET"
COIN,194.74,2026-09-25,0,Call,195.00,+0.15%,1.08,1.11,1.15,8831,3590,2.46,62.74%,19.54%,0.617085,"13:45 ET"
AMZN,250.07,2026-09-30,5,Put,257.50,+2.77%,8.05,8.08,8.35,954,390,2.45,32.93%,26.21%,-0.832147,"13:32 ET"
SNDK,1782.9,2026-10-02,7,Put,"1,750.00",-1.58%,50.7,49.96,52.2,617,253,2.44,71.44%,69.16%,-0.399916,"13:42 ET"
PAGP,26.24,2027-02-19,147,Put,26.00,-0.57%,1.35,1.45,1.45,708,291,2.43,20.47%,22.10%,-0.45382,"13:04 ET"
LQDA,68.24,2026-10-02,7,Put,55.00,-19.70%,0.35,0.55,0.55,2522,1040,2.43,89.99%,122.44%,-0.079452,"13:23 ET"
GOOGL,344.31,2026-09-28,3,Call,347.50,-0.82%,1.24,1.31,1.33,2666,1095,2.43,31.94%,21.06%,0.308332,"13:44 ET"
MSTR,158.63,2026-09-25,0,Call,162.50,-2.40%,0.1,0.1,0.12,12154,4992,2.43,66.54%,30.27%,0.094459,"13:44 ET"
AMD,629.68,2026-09-30,5,Put,630.00,+0.04%,13.45,14,13.8,511,211,2.42,54.19%,45.77%,-0.493719,"13:34 ET"
NVO,38.51,2026-10-23,28,Put,39.00,+1.22%,1.38,1.4,1.45,641,265,2.42,32.42%,27.39%,-0.54596,"12:20 ET"
QCOM,204.12,2026-10-30,35,Call,220.00,-7.42%,6.8,7.7,7.4,641,265,2.42,52.01%,50.64%,0.355198,"13:11 ET"
HOOD,119.32,2026-10-02,7,Call,118.00,+1.06%,4.6,4.68,4.75,971,401,2.42,60.70%,58.53%,0.580839,"13:44 ET"
INTC,124.26,2026-09-28,3,Call,129.00,-3.52%,0.55,0.59,0.59,1440,595,2.42,68.47%,46.96%,0.197572,"13:44 ET"
MSFT,515.79,2026-09-30,5,Call,510.00,+1.29%,9.2,9.6,9.95,1943,803,2.42,28.66%,25.23%,0.661904,"13:42 ET"
COST,921.57,2026-09-25,0,Call,930.00,-1.38%,0.09,0.16,0.24,2098,871,2.41,19.74%,12.24%,0.064689,"13:44 ET"
MU,1082.89,2026-09-28,3,Put,"1,050.00",-2.94%,3.2,3.1,3.3,2598,1077,2.41,60.97%,36.95%,-0.165986,"13:43 ET"
ZS,196.26,2026-09-25,0,Put,195.00,-0.91%,0.26,0.7,0.7,762,318,2.4,55.27%,22.45%,-0.320844,"13:27 ET"
BE,289.55,2026-09-25,0,Call,272.50,+6.49%,15.7,19.51,18.25,1277,531,2.4,82.24%,140.43%,0.809515,"13:15 ET"
NOW,136.62,2026-09-25,0,Call,137.00,-0.43%,0.22,0.34,0.27,1281,534,2.4,54.06%,14.70%,0.350316,"13:43 ET"
SMCI,43.14,2026-10-02,7,Call,47.00,-8.75%,0.51,0.51,0.53,3449,1435,2.4,77.33%,74.07%,0.216264,"13:44 ET"
MSFT,515.79,2026-09-25,0,Call,507.50,+1.77%,8.3,8.58,8.75,12582,5251,2.4,28.66%,19.06%,0.952279,"13:44 ET"
CRWD,256.01,2026-10-02,7,Call,290.00,-13.07%,0.41,0.58,0.53,940,393,2.39,54.21%,56.41%,0.056841,"13:28 ET"
META,751.27,2026-09-30,5,Call,820.00,-9.04%,0.6,0.65,0.76,1036,434,2.39,41.36%,44.31%,0.043591,"13:42 ET"
IREN,43.86,2026-10-02,7,Call,45.50,-3.46%,1.12,1.1,1.18,1061,444,2.39,77.67%,73.13%,0.388608,"13:39 ET"
INTC,124.26,2026-09-30,5,Put,124.00,-0.49%,3.2,3.25,3.3,977,410,2.38,68.47%,58.81%,-0.471587,"13:38 ET"
AMD,629.68,2026-10-02,7,Call,652.50,-3.61%,8.7,9.03,8.9,2474,1041,2.38,54.19%,50.56%,0.319152,"13:23 ET"
BABA,109.93,2026-10-02,7,Put,105.00,-4.60%,0.35,0.36,0.37,5600,2349,2.38,38.37%,31.88%,-0.142121,"13:43 ET"
GME,23.42,2026-10-16,21,Put,23.00,-2.21%,0.87,0.93,0.98,9009,3790,2.38,53.03%,48.89%,-0.427319,"13:44 ET"
MSTR,158.63,2026-10-09,14,Call,144.00,+9.26%,17.2,17,18.05,9074,3816,2.38,66.54%,64.37%,0.807291,"12:49 ET"
AMZN,250.07,2026-10-02,7,Call,250.00,+0.23%,3.85,3.95,3.95,11341,4762,2.38,32.93%,27.98%,0.510878,"13:44 ET"
TSLA,372.96,2026-10-09,14,Put,372.50,-0.11%,11.3,11.2,11.4,757,320,2.37,41.12%,39.84%,-0.478664,"13:40 ET"
UNH,377.42,2026-09-25,0,Call,372.50,+1.38%,4.45,5.54,6.4,840,354,2.37,40.95%,31.92%,0.772583,"13:31 ET"
MSFT,515.79,2026-10-30,35,Call,570.00,-10.33%,4.9,5.1,5.45,991,418,2.37,28.66%,33.17%,0.186804,"13:43 ET"
HOOD,119.32,2026-10-02,7,Call,120.00,-0.62%,3.65,3.7,3.7,8372,3538,2.37,60.70%,58.75%,0.498796,"13:42 ET"
AMD,629.68,2026-09-28,3,Call,600.00,+4.73%,29.6,30.32,31.25,569,241,2.36,54.19%,39.05%,0.915649,"13:04 ET"
IOVA,10.94,2026-10-02,7,Put,10.00,-8.93%,0.1,0.15,0.2,662,280,2.36,94.03%,82.16%,-0.203758,"13:42 ET"
U,41.51,2026-10-02,7,Call,41.50,-0.48%,1.33,1.49,1.6,990,420,2.36,63.85%,62.12%,0.526186,"13:36 ET"
META,751.27,2026-11-20,56,Put,770.00,+2.39%,60.5,62.5,61.5,1090,462,2.36,41.36%,43.90%,-0.520741,"11:46 ET"
MARA,12.3,2026-10-02,7,Put,11.50,-6.35%,0.17,0.18,0.18,5000,2119,2.36,81.20%,75.59%,-0.222706,"13:43 ET"
NVDA,224.9,2026-09-28,3,Call,230.00,-2.19%,0.27,0.27,0.28,29928,12683,2.36,33.24%,21.74%,0.125859,"13:44 ET"
NOW,136.62,2026-10-02,7,Call,147.00,-7.76%,0.85,0.84,0.92,593,252,2.35,54.06%,53.11%,0.170328,"13:24 ET"
AMZN,250.07,2026-09-30,5,Call,267.50,-6.76%,0.12,0.12,0.13,915,389,2.35,32.93%,31.48%,0.034758,"13:26 ET"
TSLA,372.96,2026-09-30,5,Call,387.50,-3.91%,1.55,1.71,1.58,1363,580,2.35,41.12%,36.26%,0.184801,"13:42 ET"
AMD,629.68,2026-09-25,0,Call,627.50,+0.36%,3,3.1,3.2,4603,1961,2.35,54.19%,15.28%,0.651726,"13:44 ET"
AMZN,250.07,2026-09-25,0,Put,250.00,-0.23%,0.51,0.53,0.53,18741,7965,2.35,32.93%,9.17%,-0.529332,"13:45 ET"
INTC,124.26,2026-09-28,3,Put,125.00,+0.31%,2.35,2.4,2.4,6463,2764,2.34,68.47%,44.48%,-0.547875,"13:40 ET"
TSLA,372.96,2026-09-30,5,Call,400.00,-7.26%,0.45,0.47,0.47,7761,3315,2.34,41.12%,38.98%,0.063344,"13:45 ET"
INTC,124.26,2026-09-30,5,Call,127.00,-1.92%,2.31,2.31,2.36,1578,677,2.33,68.47%,59.88%,0.394074,"13:39 ET"
IREN,43.86,2026-10-02,7,Put,42.50,-3.37%,1.05,1.05,1.07,1663,715,2.33,77.67%,71.25%,-0.345604,"13:45 ET"
IREN,43.86,2026-10-02,7,Call,45.00,-2.32%,1.3,1.32,1.35,3681,1582,2.33,77.67%,72.70%,0.430361,"13:44 ET"
TSLA,372.96,2026-09-30,5,Put,342.50,-8.16%,0.38,0.37,0.4,528,228,2.32,41.12%,44.02%,-0.047997,"13:41 ET"
FSLR,178.04,2026-10-02,7,Call,210.00,-17.91%,0.07,0.12,0.13,632,273,2.32,53.31%,56.53%,0.020023,"13:44 ET"
TSLA,372.96,2026-10-05,10,Call,400.00,-7.26%,2.02,2.14,2.09,1360,586,2.32,41.12%,41.09%,0.159096,"13:40 ET"
SNDK,1782.9,2026-09-25,0,Call,"1,782.50",-0.25%,8.4,8.9,9.4,1609,694,2.32,71.44%,22.15%,0.529237,"13:45 ET"
META,751.27,2026-09-28,3,Call,800.00,-6.38%,0.2,0.2,0.22,10422,4489,2.32,41.36%,36.01%,0.023191,"13:44 ET"
TSLA,372.96,2026-09-28,3,Call,400.00,-7.26%,0.09,0.1,0.1,11179,4815,2.32,41.12%,37.92%,0.020374,"13:43 ET"
MU,1082.89,2026-09-28,3,Put,"1,065.00",-1.56%,6.45,6.47,6.6,582,252,2.31,60.97%,36.16%,-0.288548,"13:43 ET"
TTEK,33.83,2026-12-18,84,Call,35.00,-3.61%,1,1.66,3.7,613,265,2.31,33.87%,42.17%,0.489809,"11:45 ET"
MU,1082.89,2026-09-28,3,Call,"1,155.00",-6.76%,0.77,0.71,0.8,627,272,2.31,60.97%,41.33%,0.047291,"13:26 ET"
MU,1082.89,2026-09-28,3,Call,"1,070.00",+1.09%,21.5,22.17,22,2839,1228,2.31,60.97%,34.79%,0.666794,"13:43 ET"
VIAV,40.46,2026-10-16,21,Call,40.00,+1.91%,2.75,3.03,3.1,5031,2177,2.31,75.28%,68.62%,0.566267,"13:36 ET"
TSLA,372.96,2026-10-02,7,Call,380.00,-1.90%,5.85,5.91,5.95,13258,5749,2.31,41.12%,43.60%,0.386646,"13:45 ET"
LULU,100.6,2026-10-02,7,Put,97.00,-4.13%,0.72,0.8,0.86,596,259,2.3,41.20%,39.82%,-0.236244,"13:45 ET"
MSFT,515.79,2026-11-20,56,Call,675.00,-30.65%,0.47,0.5,0.56,673,292,2.3,28.66%,32.43%,0.022034,"13:04 ET"
AVGO,353.01,2026-09-30,5,Call,355.00,-0.57%,3.85,4,4,760,331,2.3,35.16%,29.46%,0.441105,"13:37 ET"
META,751.27,2026-10-16,21,Put,745.00,-0.94%,24.9,24.65,25.2,972,422,2.3,41.36%,38.73%,-0.45147,"13:41 ET"
META,751.27,2026-10-02,7,Call,780.00,-3.72%,6.25,6.35,6.4,2207,960,2.3,41.36%,41.45%,0.252795,"13:43 ET"
GME,23.42,2026-10-02,7,Call,20.00,+14.97%,3.3,3.6,3.5,3800,1653,2.3,53.03%,69.91%,0.951334,"13:15 ET"
DJT,9.06,2026-10-02,7,Put,9.00,-1.10%,0.2,0.24,0.26,652,285,2.29,61.58%,54.26%,-0.435071,"13:21 ET"
FSLR,178.04,2026-11-20,56,Put,175.00,-1.74%,13.3,13.2,14.4,516,226,2.28,53.31%,57.53%,-0.416048,"12:14 ET"
NKTR,58.44,2026-10-16,21,Put,50.00,-14.63%,0.7,0.9,1.1,1534,674,2.28,74.08%,73.63%,-0.153281,"13:03 ET"
MSTR,158.63,2026-10-02,7,Put,155.00,-2.33%,3.55,3.61,3.65,5940,2610,2.28,66.54%,62.98%,-0.362011,"13:44 ET"
NU,13.57,2026-10-09,14,Put,12.50,-7.89%,0.12,0.12,0.13,559,246,2.27,47.37%,48.31%,-0.173299,"13:39 ET"
MRVL,265.18,2026-09-25,0,Put,262.50,-1.36%,0.15,0.17,0.18,1050,462,2.27,66.08%,18.37%,-0.129631,"13:43 ET"
AVGO,353.01,2026-09-28,3,Call,357.50,-1.27%,1.12,1.27,1.16,1145,504,2.27,35.16%,22.31%,0.265269,"13:42 ET"
AMD,629.68,2026-10-02,7,Put,620.00,-1.55%,12.55,12.66,12.75,1466,646,2.27,54.19%,49.56%,-0.396773,"13:44 ET"
ASTS,61.7,2026-09-25,0,Call,62.00,-0.31%,0.24,0.24,0.27,3088,1359,2.27,75.78%,27.56%,0.405396,"13:44 ET"
NOK,10.35,2026-10-02,7,Put,10.00,-3.57%,0.11,0.12,0.13,3726,1639,2.27,56.35%,47.10%,-0.277801,"13:36 ET"
AMD,629.68,2026-09-28,3,Call,652.50,-3.61%,1.54,1.63,1.61,508,225,2.26,54.19%,37.01%,0.146863,"13:40 ET"
SNDK,1782.9,2026-09-25,0,Put,"1,790.00",+0.67%,11.4,12.01,12.8,596,264,2.26,71.44%,23.46%,-0.609114,"13:44 ET"
WDC,457.2,2026-09-25,0,Call,475.00,-4.23%,0.01,0.13,0.11,806,357,2.26,68.98%,34.33%,0.020101,"12:55 ET"
PFE,28.38,2026-10-02,7,Put,28.00,-1.16%,0.15,0.16,0.16,2288,1013,2.26,23.40%,19.80%,-0.306658,"13:40 ET"
AMZN,250.07,2026-09-28,3,Put,242.50,-3.22%,0.11,0.12,0.13,3733,1653,2.26,32.93%,21.35%,-0.057569,"13:43 ET"
COHR,299.96,2027-06-17,265,Put,220.00,-26.64%,28,29.84,31.2,565,251,2.25,72.76%,74.75%,-0.198679,"13:08 ET"
SMCI,43.14,2026-10-02,7,Put,42.50,-1.67%,1.33,1.38,1.39,773,343,2.25,77.33%,70.14%,-0.420566,"13:38 ET"
META,751.27,2026-10-02,7,Call,755.00,-0.39%,13.9,14.2,14.1,2382,1059,2.25,41.36%,39.96%,0.458639,"13:44 ET"
PLTR,191.93,2026-10-02,7,Call,195.00,-1.70%,3.3,3.38,3.45,6792,3014,2.25,51.11%,44.65%,0.409483,"13:44 ET"
SMCI,43.14,2026-10-02,7,Call,44.00,-1.80%,1.28,1.28,1.32,7951,3534,2.25,77.33%,70.56%,0.438861,"13:44 ET"
TSLA,372.96,2026-09-25,0,Put,380.00,+1.90%,7.35,6.77,7.65,11011,4893,2.25,41.12%,18.74%,-0.984272,"13:42 ET"
META,751.27,2026-10-02,7,Put,695.00,-7.58%,1.9,1.9,1.93,561,250,2.24,41.36%,41.98%,-0.092175,"13:44 ET"
META,751.27,2026-09-30,5,Call,765.00,-1.72%,7.1,7.1,7.25,683,305,2.24,41.36%,38.43%,0.331313,"13:44 ET"
GLND,6.09,2026-11-20,56,Call,7.00,-20.07%,0.8,0.85,0.9,707,316,2.24,186.41%,125.87%,0.481914,"13:43 ET"
FIG,21.19,2026-10-02,7,Call,23.00,-8.34%,0.18,0.21,0.22,1662,743,2.24,70.28%,65.18%,0.196335,"13:42 ET"
MSTR,158.63,2026-10-02,7,Put,139.00,-12.41%,0.42,0.47,0.5,555,249,2.23,66.54%,67.82%,-0.067457,"12:15 ET"
AMD,629.68,2026-09-30,5,Call,630.00,-0.04%,13.15,13.55,13.45,754,338,2.23,54.19%,45.77%,0.507084,"13:38 ET"
COHR,299.96,2026-10-02,7,Call,330.00,-10.04%,2.5,2.74,2.9,781,351,2.23,72.76%,69.80%,0.179313,"13:45 ET"
NOW,136.62,2026-09-25,0,Put,137.00,+0.43%,0.64,0.64,0.78,795,356,2.23,54.06%,16.88%,-0.632033,"13:41 ET"
SOC,3.68,2026-10-16,21,Put,3.50,-4.89%,0.28,0.28,0.29,569,257,2.21,115.67%,109.09%,-0.36856,"13:42 ET"
DOCN,141.54,2026-10-16,21,Put,135.00,-4.12%,7.1,7.9,7.9,654,296,2.21,84.34%,80.33%,-0.361026,"13:43 ET"
TSLA,372.96,2026-10-02,7,Put,347.50,-6.82%,1.3,1.31,1.34,1194,540,2.21,41.12%,43.63%,-0.116832,"13:37 ET"
SNDK,1782.9,2026-09-25,0,Put,"1,800.00",+1.24%,18.7,18.67,20.2,2314,1045,2.21,71.44%,24.81%,-0.756498,"13:44 ET"
MARA,12.3,2026-10-02,7,Call,14.00,-14.01%,0.1,0.1,0.11,10491,4752,2.21,81.20%,81.43%,0.152045,"13:43 ET"
AMD,629.68,2026-09-30,5,Call,635.00,-0.83%,11,11.1,11.15,740,336,2.2,54.19%,45.96%,0.448651,"13:44 ET"
GOOGL,344.31,2026-09-28,3,Put,337.50,-2.08%,0.54,0.56,0.58,821,373,2.2,31.94%,21.55%,-0.15757,"13:45 ET"
TSLA,372.96,2026-10-05,10,Call,405.00,-8.60%,1.49,1.55,1.54,936,425,2.2,41.12%,41.72%,0.122644,"13:44 ET"
GOOGL,344.31,2026-10-09,14,Call,340.00,+1.35%,10.05,10.5,10.55,1180,536,2.2,31.94%,29.38%,0.601665,"13:22 ET"
CRCL,88.79,2026-09-25,0,Call,90.00,-1.41%,0.11,0.12,0.14,3042,1384,2.2,72.31%,27.32%,0.183111,"13:43 ET"
MRNA,198.2,2026-10-02,7,Call,200.00,-0.34%,7.25,7.65,7.8,4275,1944,2.2,87.74%,78.11%,0.48105,"13:42 ET"
DNN,2.64,2028-01-21,483,Put,2.50,-5.30%,0.5,0.59,0.8,5005,2280,2.2,60.14%,68.78%,-0.30633,"10:37 ET"
MCD,237.47,2026-10-02,7,Call,237.50,-0.11%,2.62,2.74,2.86,502,229,2.19,21.16%,21.30%,0.499694,"13:43 ET"
QXO,12.39,2026-10-16,21,Put,12.50,+1.13%,0.65,0.7,0.8,794,362,2.19,60.44%,57.93%,-0.489289,"13:02 ET"
SPCX,148.45,2026-09-25,0,Call,145.00,+2.42%,3.4,3.62,3.65,7903,3606,2.19,47.50%,30.44%,0.932786,"13:43 ET"
META,751.27,2026-09-30,5,Call,790.00,-5.05%,2.43,2.58,2.48,668,306,2.18,41.36%,40.61%,0.138503,"13:42 ET"
GME,23.42,2027-01-15,112,Call,36.00,-53.06%,0.74,0.85,0.96,1055,484,2.18,53.03%,74.22%,0.191487,"11:22 ET"
APLD,26.13,2026-10-02,7,Call,27.00,-2.78%,0.73,0.73,0.78,1609,738,2.18,90.68%,73.41%,0.414057,"13:32 ET"
XP,20.58,2026-11-20,56,Put,19.00,-7.68%,1.15,1.2,1.25,2020,927,2.18,58.26%,61.59%,-0.322773,"12:12 ET"
AAPL,339.97,2026-09-30,5,Call,335.00,+1.44%,6.4,6.56,6.7,2034,935,2.18,23.26%,20.70%,0.744309,"13:43 ET"
META,751.27,2026-09-30,5,Put,755.00,+0.39%,16.75,16.85,16.9,685,316,2.17,41.36%,39.34%,-0.55645,"13:43 ET"
QCOM,204.12,2026-10-02,7,Call,232.50,-13.53%,0.37,0.4,0.46,693,320,2.17,52.01%,57.78%,0.06054,"13:29 ET"
SMCI,43.14,2026-10-02,7,Call,44.50,-2.96%,1.1,1.18,1.16,1388,641,2.17,77.33%,71.39%,0.395418,"13:42 ET"
TEM,84.76,2026-09-25,0,Call,82.00,+3.42%,2.3,2.49,3,1550,714,2.17,81.17%,44.48%,0.910885,"13:40 ET"
SMCI,43.14,2026-10-02,7,Call,46.00,-6.43%,0.69,0.71,0.73,6070,2802,2.17,77.33%,72.73%,0.278355,"13:39 ET"
TSLA,372.96,2026-10-02,7,Put,370.00,-0.78%,7.4,7.43,7.5,8044,3701,2.17,41.12%,42.68%,-0.439086,"13:45 ET"
ZS,196.26,2026-10-02,7,Call,210.00,-6.71%,1.58,1.74,1.89,500,231,2.16,55.27%,57.19%,0.206036,"13:38 ET"
PDD,77.68,2026-10-02,7,Call,79.00,-1.73%,0.66,0.71,0.79,784,363,2.16,32.22%,29.21%,0.35039,"13:36 ET"
MSTR,158.63,2026-10-30,35,Put,80.00,-49.59%,0.19,0.25,0.27,805,372,2.16,66.54%,105.81%,-0.011493,"10:30 ET"
COST,921.57,2026-09-25,0,Put,910.00,-0.80%,0.05,0.13,0.2,942,436,2.16,19.74%,13.79%,-0.045817,"13:42 ET"
SMCI,43.14,2026-10-16,21,Call,48.00,-11.06%,1.32,1.32,1.39,1030,477,2.16,77.33%,73.53%,0.305349,"13:40 ET"
AMZN,250.07,2026-10-09,14,Put,210.00,-16.19%,0.09,0.1,0.1,1276,591,2.16,32.93%,41.04%,-0.013179,"13:44 ET"
INTC,124.26,2026-09-28,3,Put,122.00,-2.09%,1.02,1.05,1.06,2860,1325,2.16,68.47%,44.48%,-0.314605,"13:37 ET"
ORCL,138.19,2026-10-02,7,Call,145.00,-4.91%,1.35,1.36,1.38,4282,1978,2.16,49.24%,48.68%,0.252826,"13:44 ET"
PLTR,191.93,2026-10-30,35,Call,192.50,-0.40%,10.8,11.18,11.1,582,271,2.15,51.11%,46.30%,0.528355,"13:38 ET"
APP,311.94,2026-10-02,7,Put,290.00,-7.32%,1.5,1.63,1.7,773,360,2.15,61.14%,52.18%,-0.135495,"13:40 ET"
TSLA,372.96,2026-09-30,5,Call,395.00,-5.92%,0.72,0.75,0.75,2090,974,2.15,41.12%,37.61%,0.096974,"13:45 ET"
DELL,571.19,2026-10-02,7,Call,600.00,-4.94%,7.8,7.72,7.95,3792,1761,2.15,60.44%,58.16%,0.285938,"13:43 ET"
MCD,237.47,2026-10-02,7,Call,240.00,-1.16%,1.62,1.68,1.7,1032,483,2.14,21.16%,21.01%,0.359075,"13:41 ET"
BRK.B,505.17,2026-09-25,0,Call,505.00,+0.03%,0.48,0.7,0.75,1555,727,2.14,14.46%,5.78%,0.505977,"13:41 ET"
INTC,124.26,2026-09-25,0,Put,130.00,+4.33%,5.65,5.3,5.75,2311,1078,2.14,68.47%,39.17%,-0.988296,"13:23 ET"
TSLA,372.96,2026-09-28,3,Put,355.00,-4.81%,0.23,0.23,0.24,2415,1128,2.14,41.12%,32.78%,-0.050189,"13:45 ET"
IONQ,45.6,2026-10-02,7,Put,43.00,-6.36%,0.74,0.76,0.81,633,297,2.13,75.92%,71.45%,-0.268172,"13:41 ET"
HD,294.6,2027-06-17,265,Put,250.00,-15.17%,8.9,9.7,9.95,1009,474,2.13,28.31%,28.98%,-0.203855,"11:39 ET"
GOOG,341.1,2026-10-02,7,Call,342.50,-0.33%,4.65,4.7,4.85,1373,644,2.13,31.68%,28.69%,0.46729,"13:45 ET"
INTC,124.26,2026-09-25,0,Call,122.00,+2.09%,2.3,2.42,2.39,4580,2154,2.13,68.47%,26.19%,0.914086,"13:45 ET"
AMZN,250.07,2026-09-28,3,Call,255.00,-1.77%,0.35,0.36,0.37,5888,2764,2.13,32.93%,20.88%,0.148481,"13:43 ET"
CLSK,13.71,2026-10-02,7,Put,13.50,-1.10%,0.45,0.47,0.54,817,386,2.12,78.70%,79.23%,-0.422186,"13:42 ET"
DELL,571.19,2026-09-25,0,Call,582.50,-1.88%,0.18,0.17,0.24,1037,490,2.12,60.44%,24.98%,0.065152,"13:44 ET"
FSLR,178.04,2026-09-25,0,Call,180.00,-1.07%,0.1,0.22,0.22,1230,579,2.12,53.31%,20.11%,0.163224,"13:45 ET"
IREN,43.86,2026-09-25,0,Call,43.50,+1.09%,0.51,0.54,0.6,1593,752,2.12,77.67%,29.03%,0.759834,"13:39 ET"
AMZN,250.07,2026-09-28,3,Call,252.50,-0.77%,0.8,0.81,0.82,7285,3439,2.12,32.93%,19.80%,0.290466,"13:45 ET"
NLY,20.57,2026-10-16,21,Call,21.00,-1.99%,0.05,0.1,0.09,2052,973,2.11,24.13%,12.37%,0.209518,"13:05 ET"
CRM,234.64,2026-11-20,56,Call,240.00,-2.31%,12.55,12.69,12.8,2074,982,2.11,38.07%,39.65%,0.48583,"13:16 ET"
LITE,949.02,2026-09-25,0,Call,960.00,-0.63%,0.9,1.1,1.25,2173,1028,2.11,72.43%,25.37%,0.163588,"13:44 ET"
META,751.27,2026-09-28,3,Put,760.00,+1.06%,14.85,14.65,15.15,2680,1272,2.11,41.36%,31.28%,-0.689001,"13:42 ET"
INTC,124.26,2026-09-25,0,Call,123.00,+1.29%,1.37,1.45,1.45,7920,3753,2.11,68.47%,21.48%,0.824303,"13:44 ET"
NBIS,238.82,2026-10-09,14,Call,275.00,-15.14%,3.5,3.65,3.95,722,343,2.1,80.07%,76.88%,0.198988,"13:26 ET"
RIG,5.3,2026-12-18,84,Put,4.50,-15.09%,0.14,0.16,0.18,786,375,2.1,50.58%,46.46%,-0.211524,"13:21 ET"
IONQ,45.6,2026-10-02,7,Call,45.50,+0.91%,1.81,1.89,1.9,1653,789,2.1,75.92%,74.01%,0.519916,"13:44 ET"
MRVL,265.18,2026-10-02,7,Put,245.00,-7.94%,2.05,2.09,2.1,1915,913,2.1,66.08%,62.18%,-0.164674,"13:42 ET"
CVX,203.61,2026-10-02,7,Call,215.00,-5.47%,0.23,0.3,0.3,2820,1343,2.1,27.38%,27.06%,0.078053,"13:42 ET"
DOW,27.66,2026-11-20,56,Put,27.50,-0.65%,1.57,1.6,1.62,4089,1952,2.09,40.16%,39.05%,-0.451611,"13:42 ET"
SPCX,148.45,2026-10-09,14,Call,147.00,+1.07%,5.95,6.1,6.05,509,245,2.08,47.50%,44.48%,0.568522,"13:27 ET"
PFE,28.38,2026-10-30,35,Call,28.00,+1.16%,0.98,1.01,1.08,519,249,2.08,23.40%,24.39%,0.578504,"13:10 ET"
GS,929.44,2026-10-02,7,Put,895.00,-3.66%,3.4,4.01,4.5,559,269,2.08,34.21%,31.44%,-0.176898,"13:32 ET"
MSTR,158.63,2026-10-02,7,Put,157.50,-0.75%,4.65,4.7,4.8,1495,718,2.08,66.54%,63.54%,-0.433027,"13:42 ET"
META,751.27,2026-10-02,7,Call,765.00,-1.72%,10.2,10.4,10.4,1585,761,2.08,41.36%,40.48%,0.368216,"13:43 ET"
MU,1082.89,2026-09-28,3,Put,"1,000.00",-7.56%,0.34,0.34,0.36,2330,1118,2.08,60.97%,44.39%,-0.021367,"13:42 ET"
TSLA,372.96,2026-10-02,7,Call,382.50,-2.57%,5.05,5.15,5.15,5063,2432,2.08,41.12%,43.91%,0.346981,"13:44 ET"
COST,921.57,2026-09-25,0,Call,902.50,+1.61%,14.95,16.04,19.45,635,307,2.07,19.74%,12.20%,0.999322,"13:40 ET"
TSLA,372.96,2026-09-30,5,Call,385.00,-3.24%,1.98,2,2.03,3210,1551,2.07,41.12%,35.92%,0.225958,"13:45 ET"
AMD,629.68,2026-09-28,3,Put,605.00,-3.93%,1.12,1.18,1.19,533,259,2.06,54.19%,36.63%,-0.112331,"13:44 ET"
TSLA,372.96,2026-10-05,10,Call,382.50,-2.57%,5.7,5.6,5.85,560,272,2.06,41.12%,39.51%,0.360693,"12:34 ET"
IREN,43.86,2026-10-02,7,Call,46.50,-5.73%,0.83,0.83,0.88,751,365,2.06,77.67%,73.90%,0.311566,"13:32 ET"
C,134.17,2026-09-25,0,Call,134.00,+0.14%,0.36,0.42,0.43,2467,1199,2.06,32.31%,11.48%,0.571568,"13:33 ET"
GOOG,341.1,2026-10-02,7,Call,345.00,-1.06%,3.65,3.72,3.8,2705,1310,2.06,31.68%,28.76%,0.395743,"13:45 ET"
QCOM,204.12,2026-10-02,7,Call,200.00,+2.34%,8.2,8,8.5,3568,1733,2.06,52.01%,50.87%,0.642814,"13:40 ET"
TSLA,372.96,2026-10-09,14,Put,360.00,-3.46%,6.05,6,6.15,1513,737,2.05,41.12%,40.00%,-0.311793,"13:44 ET"
BTBT,1.7225,2027-05-21,238,Call,3.5000,-103.48%,0.2,0.2,0.23,2055,1001,2.05,91.24%,101.36%,0.336881,"12:39 ET"
SPCX,148.45,2026-10-02,7,Call,149.00,-0.28%,3.4,3.45,3.45,3351,1633,2.05,47.50%,44.39%,0.492663,"13:44 ET"
PANW,378.61,2026-09-25,0,Call,382.50,-1.16%,0.12,0.25,0.22,740,363,2.04,52.81%,18.52%,0.099287,"13:41 ET"
AMD,629.68,2026-09-30,5,Put,600.00,-4.73%,3.45,3.58,3.65,804,394,2.04,54.19%,47.07%,-0.183127,"13:34 ET"
COIN,194.74,2026-12-18,84,Call,430.00,-120.19%,0.63,0.97,0.89,968,474,2.04,62.74%,78.53%,0.030147,"13:12 ET"
LCID,4.07,2027-12-17,448,Call,2.00,+51.10%,2.38,2.59,2.73,1097,539,2.04,87.45%,95.62%,0.895014,"13:00 ET"
BSX,43.4,2026-10-02,7,Put,44.00,+0.87%,0.95,1,1.05,1153,566,2.04,40.42%,33.21%,-0.564038,"13:34 ET"
NBIS,238.82,2026-09-25,0,Put,237.50,-0.56%,0.57,0.66,0.74,2901,1424,2.04,80.07%,26.19%,-0.310974,"13:44 ET"
AMD,629.68,2026-10-02,7,Put,600.00,-4.73%,6.1,6.13,6.2,6870,3364,2.04,54.19%,50.27%,-0.232517,"13:45 ET"
NVDA,224.9,2026-09-30,5,Call,227.50,-1.08%,1.67,1.66,1.68,9997,4906,2.04,33.24%,26.51%,0.359199,"13:44 ET"
MRNA,198.2,2026-09-25,0,Call,200.00,-0.34%,0.43,0.44,0.45,18028,8824,2.04,87.74%,30.98%,0.237427,"13:44 ET"
LLY,1172.42,2026-09-25,0,Call,"1,180.00",-0.86%,0.5,0.61,0.65,527,259,2.03,35.07%,12.31%,0.148815,"13:35 ET"
CRCL,88.79,2026-10-02,7,Call,90.00,-1.41%,2.9,2.96,3.05,801,394,2.03,72.31%,70.84%,0.469637,"13:43 ET"
SNDK,1782.9,2026-09-25,0,Call,"1,860.00",-4.61%,0.1,0.11,0.15,1226,603,2.03,71.44%,35.09%,0.01125,"13:44 ET"
AAPL,339.97,2026-10-02,7,Put,337.50,-0.71%,2.73,2.77,2.82,2488,1225,2.03,23.26%,21.51%,-0.385128,"13:45 ET"
AMD,629.68,2026-10-02,7,Call,670.00,-6.39%,4.85,4.94,5.05,3085,1521,2.03,54.19%,51.56%,0.203159,"13:44 ET"
TEM,84.76,2026-10-02,7,Call,100.00,-17.79%,0.38,0.38,0.46,515,255,2.02,81.17%,87.07%,0.092687,"13:44 ET"
MSTR,158.63,2026-10-02,7,Call,160.00,-0.83%,5.3,5.35,5.4,3343,1654,2.02,66.54%,64.85%,0.497282,"13:44 ET"
EL,94.45,2028-01-21,483,Put,110.00,+15.97%,24,24.52,25.3,501,249,2.01,40.12%,39.63%,-0.527406,"13:09 ET"
META,751.27,2026-10-16,21,Put,755.00,+0.39%,30.1,30.05,30.45,660,328,2.01,41.36%,38.82%,-0.509017,"13:41 ET"
SPCX,148.45,2026-10-09,14,Put,143.00,-3.76%,2.72,2.77,2.76,946,470,2.01,47.50%,44.54%,-0.313386,"13:00 ET"
NOW,136.62,2026-10-02,7,Call,140.00,-2.63%,2.44,2.53,2.53,2360,1174,2.01,54.06%,51.37%,0.381448,"13:43 ET"
AMZN,250.07,2026-10-02,7,Call,255.00,-1.77%,1.93,1.97,1.97,10048,4990,2.01,32.93%,28.19%,0.315624,"13:44 ET"
COST,921.57,2026-09-25,0,Call,915.00,+0.25%,5.5,6.45,7,1239,621,2,19.74%,9.61%,0.907061,"13:43 ET"
MARA,12.3,2026-10-23,28,Put,11.50,-6.35%,0.62,0.66,0.65,2060,1028,2,81.20%,78.11%,-0.322558,"13:30 ET"
AVGO,353.01,2026-09-28,3,Put,350.00,-0.85%,1.58,1.54,1.67,2061,1033,2,35.16%,22.41%,-0.338091,"13:37 ET"
ORCL,138.19,2026-10-02,7,Call,140.00,-1.30%,2.8,2.83,2.88,4158,2084,2,49.24%,47.07%,0.439439,"13:44 ET"
PANW,378.61,2026-09-25,0,Put,380.00,+0.50%,2.38,2.39,3.1,706,355,1.99,52.81%,17.09%,-0.745767,"13:38 ET"
TSLA,372.96,2026-09-28,3,Put,382.50,+2.57%,10.25,10.24,10.8,803,404,1.99,41.12%,26.16%,-0.86631,"13:44 ET"
CRWV,87.36,2026-09-25,0,Put,87.00,-0.78%,0.24,0.25,0.25,3194,1607,1.99,72.68%,23.83%,-0.338583,"13:45 ET"
TSLA,372.96,2026-10-02,7,Call,395.00,-5.92%,2.23,2.31,2.26,4232,2122,1.99,41.12%,44.80%,0.183336,"13:44 ET"
TSLA,372.96,2026-10-02,7,Put,360.00,-3.46%,3.65,3.58,3.75,5291,2665,1.99,41.12%,42.58%,-0.267953,"13:44 ET"
ORCL,138.19,2026-10-16,21,Call,167.50,-21.19%,0.56,0.63,0.62,543,274,1.98,49.24%,53.46%,0.077585,"12:43 ET"
CRDO,214,2026-12-18,84,Call,300.00,-39.78%,11.7,12,12.5,556,282,1.97,77.05%,84.62%,0.274062,"13:30 ET"
AMZN,250.07,2026-09-30,5,Call,247.50,+1.23%,4.3,4.7,4.55,727,369,1.97,32.93%,25.82%,0.637152,"13:17 ET"
AVGO,353.01,2026-09-28,3,Call,352.50,+0.14%,2.98,3.15,3.1,1225,622,1.97,35.16%,22.15%,0.5277,"13:44 ET"
FMC,9.49,2026-10-16,21,Call,10.00,-5.37%,0.25,0.3,0.35,1315,667,1.97,61.38%,54.61%,0.373951,"13:05 ET"
F,12.73,2026-10-02,7,Call,12.50,+1.88%,0.35,0.35,0.38,1678,852,1.97,34.19%,31.93%,0.676467,"13:39 ET"
XYZ,76.77,2026-10-02,7,Call,81.00,-5.47%,0.29,0.34,0.38,1711,870,1.97,42.88%,37.07%,0.16402,"13:30 ET"
TSLA,372.96,2026-09-30,5,Put,375.00,+0.56%,7.3,7.04,7.45,2465,1250,1.97,41.12%,35.17%,-0.552863,"13:44 ET"
AVGO,353.01,2026-09-25,0,Call,350.00,+0.85%,2.85,3.18,3.2,5485,2791,1.97,35.16%,13.90%,0.870802,"13:43 ET"
HOOD,119.32,2026-10-02,7,Call,125.00,-4.81%,1.86,1.92,1.92,9235,4699,1.97,60.70%,59.79%,0.310434,"13:44 ET"
SPCX,148.45,2026-09-25,0,Put,148.00,-0.40%,0.32,0.34,0.33,13431,6827,1.97,47.50%,16.95%,-0.362557,"13:45 ET"
MU,1082.89,2026-10-09,14,Call,"1,080.00",+0.17%,57.3,57,58.9,506,258,1.96,60.97%,65.62%,0.540921,"13:35 ET"
DELL,571.19,2026-09-25,0,Call,547.50,+4.24%,22.6,25.35,24.15,651,332,1.96,60.44%,77.83%,0.856525,"13:22 ET"
INTC,124.26,2026-10-02,7,Call,127.00,-1.92%,3.25,3.29,3.35,1319,674,1.96,68.47%,64.90%,0.424712,"13:44 ET"
FRMI,4.49,2026-10-02,7,Call,2.00,+55.65%,2.4,2.53,2.6,514,264,1.95,97.69%,339.34%,0.975267,"13:13 ET"
GOOGL,344.31,2026-10-02,7,Call,372.50,-8.08%,0.36,0.41,0.42,674,348,1.94,31.94%,35.20%,0.055664,"13:36 ET"
QCOM,204.12,2026-10-02,7,Call,230.00,-12.30%,0.47,0.5,0.53,955,492,1.94,52.01%,56.22%,0.072612,"13:41 ET"
NFLX,71.18,2026-10-02,7,Call,71.00,+0.31%,1.19,1.2,1.22,2221,1147,1.94,35.08%,28.31%,0.533986,"13:44 ET"
BE,289.55,2026-09-25,0,Call,280.00,+3.92%,9.6,9.48,9.9,5464,2813,1.94,82.24%,32.08%,0.980045,"13:43 ET"
PG,145.75,2026-09-25,0,Call,145.00,+0.58%,0.72,0.87,0.98,563,291,1.93,19.83%,6.84%,0.94786,"13:42 ET"
TSLA,372.96,2026-10-05,10,Put,370.00,-0.78%,8.1,8,8.25,588,305,1.93,41.12%,38.89%,-0.440528,"13:44 ET"
TWLO,278.36,2026-10-09,14,Put,280.00,+0.36%,11.2,12.73,13.8,979,507,1.93,63.72%,53.73%,-0.500924,"13:38 ET"
HOOD,119.32,2026-10-02,7,Call,119.00,+0.22%,4.1,4.15,4.15,1054,546,1.93,60.70%,58.20%,0.539839,"13:44 ET"
NVDA,224.9,2026-10-09,14,Put,212.50,-5.58%,1.35,1.31,1.38,1413,731,1.93,33.24%,32.23%,-0.173927,"13:40 ET"
DKNG,21.17,2026-09-25,0,Call,21.00,+0.85%,0.16,0.23,0.25,1795,928,1.93,58.05%,33.26%,0.619186,"13:41 ET"
PYPL,54.94,2026-10-02,7,Call,55.00,-0.13%,1.27,1.42,1.46,4142,2151,1.93,41.97%,44.20%,0.517477,"13:44 ET"
BE,289.55,2026-10-02,7,Put,265.00,-9.07%,3.4,3.56,3.5,643,335,1.92,82.24%,78.44%,-0.189316,"13:42 ET"
PANW,378.61,2026-10-02,7,Call,400.00,-5.79%,3,3.3,3.45,1901,990,1.92,52.81%,50.54%,0.219887,"13:34 ET"
AMZN,250.07,2026-09-30,5,Put,242.50,-3.22%,0.6,0.63,0.66,2032,1057,1.92,32.93%,26.13%,-0.155618,"13:44 ET"
AMZN,250.07,2026-09-28,3,Put,245.00,-2.22%,0.29,0.29,0.31,2062,1076,1.92,32.93%,19.92%,-0.131418,"13:42 ET"
F,12.73,2027-09-17,357,Put,10.00,-21.51%,0.62,0.64,0.71,3026,1578,1.92,34.19%,38.69%,-0.199168,"11:43 ET"
TSLA,372.96,2026-09-30,5,Put,357.50,-4.13%,1.29,1.27,1.34,1074,563,1.91,41.12%,36.01%,-0.156937,"13:44 ET"
SPCX,148.45,2026-10-09,14,Call,145.00,+2.42%,7.05,7.29,7.15,1249,654,1.91,47.50%,44.22%,0.629799,"13:42 ET"
ARM,315.51,2026-09-25,0,Put,310.00,-2.36%,0.14,0.17,0.23,2253,1179,1.91,71.60%,26.58%,-0.090835,"13:44 ET"
BRK.B,505.17,2026-09-25,0,Put,507.50,+0.47%,2.12,2.42,3.05,637,335,1.9,14.46%,7.27%,-0.912892,"13:21 ET"
SPCE,3.19,2026-10-02,7,Call,3.00,+6.83%,0.21,0.25,0.25,854,449,1.9,81.06%,60.02%,0.790544,"13:33 ET"
CRCL,88.79,2026-10-09,14,Call,110.00,-23.94%,0.47,0.55,0.6,1057,557,1.9,72.31%,76.94%,0.091266,"13:22 ET"
AMD,629.68,2026-12-18,84,Put,700.00,+11.15%,107.9,108.13,109.45,2279,1202,1.9,54.19%,56.40%,-0.595134,"12:30 ET"
META,751.27,2026-09-25,0,Call,742.50,+1.27%,6.55,8.4,6.9,2436,1284,1.9,41.36%,11.60%,0.928913,"13:37 ET"
ORCL,138.19,2026-09-25,0,Put,138.00,-0.15%,0.3,0.28,0.34,8790,4629,1.9,49.24%,15.41%,-0.402797,"13:44 ET"
MU,1082.89,2026-10-02,7,Call,"1,175.00",-8.61%,17.1,17.49,17.45,602,318,1.89,60.97%,80.25%,0.252941,"13:43 ET"
CRCL,88.79,2026-10-02,7,Call,86.00,+3.10%,4.75,4.7,5.1,735,388,1.89,72.31%,67.83%,0.655507,"13:30 ET"
ACMR,77.63,2026-10-02,7,Call,80.00,-2.70%,2,2.12,2.45,852,450,1.89,81.13%,74.72%,0.408369,"12:59 ET"
FLEX,116.24,2026-10-16,21,Call,125.00,-7.49%,3.3,3.47,3.7,1387,732,1.89,64.42%,59.33%,0.341614,"13:40 ET"
GOOG,341.1,2026-09-25,0,Put,340.00,-0.41%,0.32,0.34,0.34,4899,2588,1.89,31.68%,9.80%,-0.299352,"13:45 ET"
KOD,32.61,2027-01-15,112,Call,70.00,-116.25%,3.5,3.55,5.2,606,322,1.88,217.88%,159.67%,0.341574,"12:24 ET"
INTC,124.26,2026-10-02,7,Put,124.00,-0.49%,4.15,4.2,4.25,885,470,1.88,68.47%,63.73%,-0.470271,"13:45 ET"
TSLA,372.96,2026-09-30,5,Call,382.50,-2.57%,2.53,2.56,2.57,1879,1000,1.88,41.12%,35.59%,0.273236,"13:45 ET"
CRDO,214,2026-10-09,14,Put,145.00,-32.44%,0.1,0.1,0.25,504,269,1.87,77.05%,92.91%,-0.012188,"13:18 ET"
CIFR,17.62,2026-10-02,7,Call,18.50,-4.58%,0.58,0.62,0.66,1498,800,1.87,95.87%,95.94%,0.398829,"13:37 ET"
CLF,12.28,2026-10-02,7,Call,12.50,-1.54%,0.3,0.3,0.32,1995,1066,1.87,64.08%,58.12%,0.440037,"13:45 ET"
TSLA,372.96,2026-10-02,7,Call,400.00,-7.26%,1.57,1.6,1.6,16191,8673,1.87,41.12%,45.31%,0.137341,"13:45 ET"
TSLA,372.96,2026-10-05,10,Put,350.00,-6.15%,2.08,2.06,2.15,567,305,1.86,41.12%,39.67%,-0.15962,"13:40 ET"
QCOM,204.12,2026-10-02,7,Put,190.00,-7.23%,0.99,1.04,1.09,688,369,1.86,52.01%,50.99%,-0.137441,"13:30 ET"
XOM,160.08,2026-10-02,7,Put,160.00,-0.13%,2.13,2.25,2.31,1041,559,1.86,29.22%,26.40%,-0.476971,"13:45 ET"
MGM,32.6,2026-12-18,84,Put,31.00,-4.97%,1.3,1.4,1.5,1236,665,1.86,36.59%,36.28%,-0.338956,"12:46 ET"
MARA,12.3,2026-10-09,14,Call,12.50,-1.79%,0.67,0.65,0.71,1244,668,1.86,81.20%,76.23%,0.507962,"13:34 ET"
CARR,56.1,2026-10-16,21,Call,62.50,-11.23%,0.1,0.25,0.4,1929,1036,1.86,34.06%,35.21%,0.112512,"12:09 ET"
GME,23.42,2026-10-02,7,Put,22.50,-4.34%,0.25,0.27,0.28,2068,1114,1.86,53.03%,47.07%,-0.273602,"13:45 ET"
GOOGL,344.31,2026-09-30,5,Put,340.00,-1.35%,2.39,2.45,2.54,857,463,1.85,31.94%,26.50%,-0.34123,"13:33 ET"
SMCI,43.14,2026-10-09,14,Call,42.00,+2.82%,2.92,2.94,3.05,1391,751,1.85,77.33%,70.96%,0.605312,"13:33 ET"
CORZ,17.5,2027-01-15,112,Put,14.00,-20.27%,1.06,1.1,1.25,2200,1186,1.85,73.18%,75.82%,-0.219737,"11:52 ET"
MSFT,515.79,2026-09-25,0,Call,505.00,+2.25%,10.75,10.95,11.25,17401,9384,1.85,28.66%,22.39%,0.967483,"13:40 ET"
CRCL,88.79,2028-01-21,483,Put,90.00,+1.41%,27.55,27.8,28.4,512,279,1.84,72.31%,75.79%,-0.3248,"13:16 ET"
AVGO,353.01,2026-10-02,7,Call,352.50,+0.14%,6.45,6.85,6.65,527,287,1.84,35.16%,32.22%,0.522594,"13:39 ET"
PANW,378.61,2026-11-20,56,Call,370.00,+2.14%,36,37.9,38.1,914,497,1.84,52.81%,54.71%,0.591864,"13:41 ET"
ORCL,138.19,2026-10-02,7,Put,137.00,-0.88%,2.8,2.77,2.88,975,531,1.84,49.24%,45.52%,-0.427323,"13:42 ET"
MSFT,515.79,2026-10-02,7,Put,500.00,-3.22%,1.96,2.04,2.09,4742,2579,1.84,28.66%,26.70%,-0.189711,"13:42 ET"
NKE,35.94,2026-09-25,0,Call,35.50,+1.47%,0.39,0.5,0.54,5011,2716,1.84,49.32%,19.87%,0.887094,"13:42 ET"
NFLX,71.18,2026-10-02,7,Call,72.00,-1.10%,0.76,0.77,0.77,11656,6321,1.84,35.08%,28.50%,0.393813,"13:44 ET"
INTC,124.26,2026-09-28,3,Put,126.00,+1.12%,2.96,3.02,3.05,614,335,1.83,68.47%,45.13%,-0.622945,"13:42 ET"
LRCX,314.26,2026-10-02,7,Call,325.00,-3.31%,5.3,5.55,5.75,618,337,1.83,59.06%,55.44%,0.353114,"13:31 ET"
BHP,84.87,2026-12-18,84,Put,85.00,+0.08%,5,5.1,5.2,803,440,1.83,33.21%,28.54%,-0.498135,"12:34 ET"
ORCL,138.19,2026-10-02,7,Call,139.00,-0.57%,3.2,3.3,3.35,972,531,1.83,49.24%,47.07%,0.483077,"13:44 ET"
BE,289.55,2026-10-02,7,Put,270.00,-7.35%,4.55,4.7,4.7,996,545,1.83,82.24%,77.98%,-0.238275,"13:44 ET"
LUNR,15.81,2026-10-02,7,Call,17.00,-7.46%,0.29,0.3,0.32,1139,623,1.83,83.79%,82.84%,0.28567,"13:33 ET"
QCOM,204.12,2026-10-02,7,Call,215.00,-4.98%,2.13,2.15,2.24,1631,893,1.83,52.01%,51.52%,0.257431,"13:42 ET"
WMT,107.84,2026-10-02,7,Call,108.00,-0.19%,1.27,1.3,1.3,2156,1179,1.83,25.71%,21.46%,0.507281,"13:44 ET"
F,12.73,2026-10-02,7,Call,13.00,-2.04%,0.1,0.11,0.11,8713,4767,1.83,34.19%,29.36%,0.318968,"13:44 ET"
META,751.27,2026-10-09,14,Call,850.00,-13.03%,1.93,2.05,2.11,613,336,1.82,41.36%,42.94%,0.074121,"13:42 ET"
SNDK,1782.9,2026-09-25,0,Call,"1,880.00",-5.73%,0.05,0.25,0.1,636,349,1.82,71.44%,40.26%,0.006254,"13:40 ET"
SNDK,1782.9,2026-09-25,0,Call,"1,755.00",+1.30%,27.3,31.93,31.2,646,354,1.82,71.44%,19.09%,0.950638,"13:41 ET"
ANET,208.72,2026-10-02,7,Call,220.00,-5.11%,1.3,1.36,1.4,739,407,1.82,48.07%,42.33%,0.202269,"13:45 ET"
INTC,124.26,2026-09-30,5,Put,123.00,-1.29%,2.74,2.76,2.76,857,470,1.82,68.47%,58.38%,-0.424678,"13:45 ET"
CPNG,14,2027-01-15,112,Call,15.00,-6.99%,1.17,1.19,1.22,1043,573,1.82,48.07%,49.14%,0.473592,"13:24 ET"
RKLB,74.24,2026-09-25,0,Put,74.00,-0.58%,0.2,0.25,0.26,1619,889,1.82,71.49%,23.36%,-0.368602,"13:37 ET"
AAPL,339.97,2026-10-02,7,Call,352.50,-3.71%,0.55,0.56,0.58,1969,1083,1.82,23.26%,21.09%,0.11752,"13:45 ET"
AAPL,339.97,2026-10-02,7,Call,337.50,+0.71%,5.55,5.65,5.8,3026,1665,1.82,23.26%,21.93%,0.614447,"13:43 ET"
NFLX,71.18,2026-10-02,7,Call,74.00,-3.90%,0.26,0.27,0.27,6854,3772,1.82,35.08%,29.25%,0.17417,"13:43 ET"
SPCX,148.45,2026-09-25,0,Put,149.00,+0.28%,0.84,0.85,0.86,13138,7264,1.81,47.50%,17.28%,-0.658086,"13:44 ET"
NVDA,224.9,2026-09-30,5,Call,235.00,-4.41%,0.29,0.29,0.3,4436,2471,1.8,33.24%,27.63%,0.088881,"13:44 ET"
MRNA,198.2,2026-09-25,0,Call,195.00,+2.17%,3,3.1,3.3,5006,2779,1.8,87.74%,34.89%,0.777611,"13:43 ET"
JPM,341.71,2026-09-25,0,Call,342.50,-0.23%,0.32,0.37,0.43,5715,3174,1.8,26.08%,9.72%,0.330918,"13:44 ET"
VKTX,35.4,2026-10-02,7,Call,37.50,-6.14%,0.54,0.64,0.72,532,298,1.79,68.91%,71.47%,0.298689,"13:28 ET"
SMCI,43.14,2026-10-23,28,Call,42.00,+2.82%,3.95,4.05,4.2,979,547,1.79,77.33%,73.08%,0.596489,"13:28 ET"
BMY,62.39,2026-11-20,56,Call,72.50,-16.95%,0.42,0.45,0.51,1510,843,1.79,28.99%,32.21%,0.125492,"13:35 ET"
MSTR,158.63,2026-10-02,7,Call,220.00,-38.64%,0.06,0.13,0.14,1854,1035,1.79,66.54%,101.95%,0.013292,"13:29 ET"
GS,929.44,2026-10-02,7,Put,890.00,-4.19%,2.62,3.18,3.55,539,302,1.78,34.21%,31.42%,-0.14533,"13:33 ET"
TSLA,372.96,2026-10-09,14,Call,382.50,-2.57%,7.75,8,7.9,606,341,1.78,41.12%,40.58%,0.391589,"13:39 ET"
RKLB,74.24,2026-09-25,0,Put,75.00,+0.77%,0.78,0.85,0.86,937,525,1.78,71.49%,23.61%,-0.778115,"13:38 ET"
BABA,109.93,2026-10-02,7,Call,112.00,-1.76%,1.22,1.26,1.28,1918,1079,1.78,38.37%,34.43%,0.359559,"13:41 ET"
HOOD,119.32,2026-09-25,0,Call,118.00,+1.06%,1.46,1.6,1.73,3565,2006,1.78,60.70%,22.37%,0.862297,"13:43 ET"
SMCI,43.14,2026-10-02,7,Put,41.50,-3.98%,0.92,0.95,0.96,603,341,1.77,77.33%,69.71%,-0.32707,"13:41 ET"
PANW,378.61,2026-09-25,0,Put,375.00,-0.82%,0.37,0.41,0.6,1316,745,1.77,52.81%,18.92%,-0.225109,"13:44 ET"
META,751.27,2026-10-30,35,Call,900.00,-19.67%,6.8,6.88,7.05,1811,1024,1.77,41.36%,48.54%,0.130684,"13:43 ET"
NVDA,224.9,2026-09-30,5,Put,222.50,-1.14%,1.87,1.86,1.88,3304,1868,1.77,33.24%,27.78%,-0.367385,"13:34 ET"
TSLA,372.96,2026-10-02,7,Call,392.50,-5.25%,2.64,2.8,2.68,3987,2249,1.77,41.12%,44.56%,0.21039,"13:43 ET"
NVDA,224.9,2026-10-02,7,Put,222.50,-1.14%,2.57,2.58,2.59,5738,3233,1.77,33.24%,29.55%,-0.389595,"13:45 ET"
IREN,43.86,2026-10-16,21,Put,43.50,-1.09%,2.73,2.8,2.84,570,324,1.76,77.67%,73.01%,-0.437535,"13:37 ET"
TSLA,372.96,2026-09-30,5,Put,350.00,-6.15%,0.63,0.63,0.65,1065,604,1.76,41.12%,39.03%,-0.08122,"13:45 ET"
AMZN,250.07,2026-09-30,5,Call,257.50,-2.77%,0.74,0.76,0.77,2628,1492,1.76,32.93%,26.96%,0.179268,"13:43 ET"
MSFT,515.79,2026-10-02,7,Call,540.00,-4.52%,1.2,1.22,1.29,2974,1690,1.76,28.66%,28.04%,0.126814,"13:43 ET"
XOM,160.08,2026-10-02,7,Call,167.50,-4.55%,0.34,0.35,0.39,3388,1929,1.76,29.22%,27.25%,0.123797,"13:41 ET"
INTC,124.26,2026-09-30,5,Call,129.00,-3.52%,1.7,1.7,1.75,611,349,1.75,68.47%,60.71%,0.314188,"13:42 ET"
NVDA,224.9,2026-09-28,3,Call,217.50,+3.36%,7.4,7.55,7.5,644,368,1.75,33.24%,23.97%,0.937421,"13:39 ET"
INTC,124.26,2026-10-16,21,Put,117.00,-6.11%,4.15,4.2,4.25,802,459,1.75,68.47%,63.74%,-0.314933,"13:44 ET"
SPCX,148.45,2026-10-02,7,Call,148.00,+0.40%,3.9,4,3.95,3467,1981,1.75,47.50%,44.52%,0.536289,"13:44 ET"
SMCI,43.14,2027-02-19,147,Call,50.00,-15.69%,6.25,6.55,6.8,506,291,1.74,77.33%,80.08%,0.498111,"12:16 ET"
AI,10.59,2026-10-02,7,Put,11.00,+3.68%,0.44,0.55,0.66,700,402,1.74,58.36%,50.88%,-0.693002,"13:12 ET"
SNDK,1782.9,2026-10-02,7,Call,"2,000.00",-12.48%,14.4,14.99,15.4,4097,2348,1.74,71.44%,77.26%,0.156393,"13:45 ET"
META,751.27,2026-09-30,5,Call,810.00,-7.71%,0.96,1,0.98,580,336,1.73,41.36%,42.40%,0.061469,"13:42 ET"
NET,349.6,2026-10-02,7,Call,350.00,+0.05%,9.7,10.27,11.5,1065,615,1.73,61.94%,57.12%,0.503516,"12:56 ET"
CRWD,256.01,2026-10-02,7,Put,240.00,-6.43%,1.91,1.98,2.1,1083,625,1.73,54.21%,53.18%,-0.187752,"13:44 ET"
BMNR,27.41,2026-10-02,7,Call,28.50,-3.90%,0.67,0.62,0.7,2251,1300,1.73,74.15%,71.46%,0.381163,"13:31 ET"
INTC,124.26,2026-10-02,7,Put,120.00,-3.70%,2.43,2.45,2.48,3209,1859,1.73,68.47%,63.47%,-0.327042,"13:42 ET"
MRVL,265.18,2026-09-25,0,Call,262.50,+1.36%,2.88,3.01,3.05,3530,2046,1.73,66.08%,17.24%,0.885475,"13:44 ET"
AMZN,250.07,2026-09-30,5,Call,245.00,+2.22%,6,6.27,6.25,510,296,1.72,32.93%,25.65%,0.755279,"13:42 ET"
HPQ,31.36,2026-09-25,0,Call,31.00,+1.59%,0.2,0.5,0.6,626,365,1.72,48.19%,22.61%,0.84517,"13:20 ET"
AMD,629.68,2026-09-30,5,Call,620.00,+1.55%,18.55,18.6,18.9,673,392,1.72,54.19%,45.70%,0.624344,"13:33 ET"
INTC,124.26,2026-10-02,7,Call,124.00,+0.49%,4.55,4.6,4.65,1171,681,1.72,68.47%,64.55%,0.530325,"13:43 ET"
CRWD,256.01,2026-10-02,7,Call,280.00,-9.17%,0.99,1.13,1.08,1225,712,1.72,54.21%,53.54%,0.115551,"13:33 ET"
SNDK,1782.9,2026-09-25,0,Put,"1,772.50",-0.31%,3.2,2.95,4.2,649,380,1.71,71.44%,22.13%,-0.287159,"13:41 ET"
META,751.27,2026-09-30,5,Call,840.00,-11.70%,0.2,0.3,0.33,693,405,1.71,41.36%,46.09%,0.018359,"13:23 ET"
MRNA,198.2,2026-10-02,7,Put,195.00,-2.17%,7,7.15,7.45,1109,649,1.71,87.74%,78.90%,-0.426781,"13:44 ET"
GME,23.42,2026-10-02,7,Call,23.00,+2.21%,0.83,0.85,0.89,4888,2855,1.71,53.03%,52.39%,0.596416,"13:44 ET"
META,751.27,2026-10-02,7,Put,735.00,-2.27%,10.15,10.1,10.3,528,311,1.7,41.36%,40.16%,-0.352745,"13:44 ET"
TSLA,372.96,2026-10-02,7,Put,342.50,-8.16%,0.85,0.86,0.88,664,390,1.7,41.12%,44.62%,-0.08071,"13:37 ET"
META,751.27,2026-10-02,7,Put,740.00,-1.60%,12.15,11.44,12.35,2743,1614,1.7,41.36%,40.27%,-0.399242,"13:41 ET"
TSLA,372.96,2026-10-09,14,Call,400.00,-7.26%,3.35,3.59,3.45,5352,3156,1.7,41.12%,41.53%,0.206898,"13:42 ET"
NVO,38.51,2027-01-15,112,Put,37.50,-2.67%,2.2,2.21,2.21,6924,4061,1.7,32.42%,32.43%,-0.399993,"13:33 ET"
TSLA,372.96,2026-09-30,5,Put,345.00,-7.49%,0.44,0.45,0.46,546,323,1.69,41.12%,42.21%,-0.056305,"13:45 ET"
SGML,9.69,2026-10-16,21,Put,9.00,-7.88%,0.3,0.4,0.45,1613,955,1.69,87.01%,75.37%,-0.304161,"11:34 ET"
MP,49.09,2026-10-02,7,Put,48.00,-2.42%,0.8,0.84,0.94,639,380,1.68,56.24%,51.57%,-0.352884,"13:44 ET"
QCOM,204.12,2026-10-16,21,Put,200.00,-2.34%,7.05,6.99,7.4,746,445,1.68,52.01%,48.93%,-0.396093,"13:18 ET"
CIFR,17.62,2026-10-02,7,Call,19.00,-7.41%,0.45,0.46,0.51,2647,1580,1.68,95.87%,97.76%,0.327751,"13:34 ET"
ZS,196.26,2026-10-16,21,Call,215.00,-9.25%,4.15,4.5,4.6,573,344,1.67,55.27%,57.58%,0.279716,"13:40 ET"
DELL,571.19,2026-10-02,7,Call,620.00,-8.44%,3.95,3.97,4.15,628,375,1.67,60.44%,58.94%,0.168925,"13:44 ET"
NVDA,224.9,2026-09-28,3,Put,227.50,+1.08%,3.4,3.43,3.45,1721,1033,1.67,33.24%,21.54%,-0.727225,"13:45 ET"
COIN,194.74,2026-10-02,7,Call,200.00,-2.41%,4.55,4.75,4.85,2139,1283,1.67,62.74%,60.68%,0.414375,"13:43 ET"
NVDA,224.9,2026-10-02,7,Call,222.50,+1.14%,5,5.1,5.05,2934,1761,1.67,33.24%,29.97%,0.610086,"13:42 ET"
BE,289.55,2026-09-25,0,Call,275.00,+5.63%,14.15,13.8,15.2,3172,1898,1.67,82.24%,37.36%,0.996472,"13:44 ET"
CHKP,131.85,2026-10-16,21,Put,135.00,+2.09%,5.4,6,6.8,501,301,1.66,40.21%,35.66%,-0.583208,"12:32 ET"
MSFT,515.79,2026-10-16,21,Call,517.50,-0.17%,12.05,12.38,12.7,544,327,1.66,28.66%,25.74%,0.503699,"13:43 ET"
SONO,18.13,2026-12-18,84,Call,20.00,-10.19%,1,1.08,1.2,1200,723,1.66,51.32%,50.05%,0.402849,"13:40 ET"
BYND,8.42,2026-09-25,0,Put,9.00,+7.14%,0.39,0.6,0.67,1289,778,1.66,98.03%,114.71%,-0.813047,"13:29 ET"
IREN,43.86,2026-10-02,7,Call,48.50,-10.28%,0.45,0.47,0.49,1338,807,1.66,77.67%,76.41%,0.192177,"13:38 ET"
IONQ,45.6,2026-09-25,0,Put,46.00,+0.17%,0.61,0.7,0.72,1858,1122,1.66,75.92%,34.82%,-0.739019,"13:40 ET"
CLF,12.28,2026-10-16,21,Put,13.00,+5.61%,1.12,1.13,1.16,2851,1722,1.66,64.08%,62.12%,-0.613355,"13:44 ET"
TSLA,372.96,2026-09-25,0,Put,377.50,+1.23%,4.9,5.04,5.2,9038,5445,1.66,41.12%,15.55%,-0.954364,"13:45 ET"
HOOD,119.32,2026-09-25,0,Call,120.00,-0.62%,0.28,0.28,0.29,12193,7351,1.66,60.70%,19.99%,0.34505,"13:45 ET"
LITE,949.02,2026-10-02,7,Put,860.00,-9.85%,7.1,7.05,7.4,514,312,1.65,72.43%,70.19%,-0.146306,"13:40 ET"
MU,1082.89,2026-09-28,3,Put,"1,035.00",-4.33%,1.54,1.53,1.59,603,366,1.65,60.97%,38.36%,-0.088565,"13:43 ET"
BE,289.55,2026-10-02,7,Call,290.00,+0.49%,12.25,12.2,12.5,2028,1231,1.65,82.24%,77.66%,0.520178,"13:44 ET"
META,751.27,2026-10-02,7,Put,730.00,-2.93%,8.35,8.55,8.55,2790,1686,1.65,41.36%,40.10%,-0.308001,"13:43 ET"
GME,23.42,2026-10-02,7,Call,24.00,-2.04%,0.48,0.5,0.49,11704,7075,1.65,53.03%,58.64%,0.382791,"13:44 ET"
UNH,377.42,2026-09-25,0,Call,375.00,+0.72%,2.22,2.91,2.85,1093,665,1.64,40.95%,15.53%,0.756313,"13:42 ET"
BSX,43.4,2026-10-23,28,Put,42.00,-3.71%,0.85,0.9,1,1098,669,1.64,40.42%,34.79%,-0.32157,"13:04 ET"
TSLA,372.96,2026-09-25,0,Put,390.00,+4.58%,17.3,17.13,17.65,1532,937,1.64,41.12%,38.19%,-0.991898,"13:26 ET"
IREN,43.86,2026-10-02,7,Call,47.00,-6.87%,0.72,0.73,0.76,1591,968,1.64,77.67%,74.61%,0.277841,"13:44 ET"
SMCI,43.14,2026-09-25,0,Call,42.50,+1.67%,0.61,0.71,0.7,7894,4825,1.64,77.33%,26.41%,0.851884,"13:44 ET"
AEHR,101.44,2026-10-16,21,Put,105.00,+2.91%,11.9,11.45,12.6,790,486,1.63,109.62%,108.20%,-0.493893,"13:19 ET"
SNOW,339.97,2026-09-25,0,Put,350.00,+2.71%,8.1,10.32,13.1,842,517,1.63,48.05%,27.70%,-0.988564,"11:24 ET"
MU,1082.89,2026-09-28,3,Call,"1,065.00",+1.56%,24.85,25.87,25.8,867,532,1.63,60.97%,35.29%,0.716281,"13:42 ET"
MSFT,515.79,2026-10-30,35,Call,530.00,-2.59%,15.5,15.8,16.25,919,564,1.63,28.66%,33.42%,0.428758,"13:36 ET"
VOYG,31.5,2026-11-20,56,Call,55.00,-73.89%,0.2,0.2,0.55,1004,616,1.63,81.97%,90.69%,0.083991,"13:07 ET"
META,751.27,2026-10-16,21,Put,735.00,-2.27%,20.25,20.2,20.55,1023,628,1.63,41.36%,38.64%,-0.394179,"13:42 ET"
NOK,10.35,2026-10-30,35,Call,11.00,-6.08%,0.56,0.58,0.57,1225,751,1.63,56.35%,63.38%,0.423697,"13:43 ET"
IONQ,45.6,2026-09-25,0,Call,45.50,+0.91%,0.29,0.35,0.34,2298,1413,1.63,75.92%,35.25%,0.486786,"13:44 ET"
CRWD,256.01,2026-10-02,7,Put,250.00,-2.53%,4.7,4.7,5,2821,1726,1.63,54.21%,52.09%,-0.368147,"13:44 ET"
META,751.27,2026-09-30,5,Call,800.00,-6.38%,1.53,1.55,1.56,12240,7495,1.63,41.36%,41.45%,0.092912,"13:43 ET"
ZS,196.26,2026-10-16,21,Put,175.00,-11.07%,2.21,2.6,2.66,514,317,1.62,55.27%,53.96%,-0.169283,"13:17 ET"
SNDK,1782.9,2026-09-25,0,Put,"1,710.00",-3.83%,0.05,0.1,0.1,722,445,1.62,71.44%,33.46%,-0.007325,"13:44 ET"
BE,289.55,2026-09-25,0,Call,277.50,+4.78%,11.9,12.2,12.4,1144,705,1.62,82.24%,31.33%,0.996014,"13:36 ET"
AMD,629.68,2026-10-02,7,Put,610.00,-3.14%,8.85,9,9.05,1282,789,1.62,54.19%,49.81%,-0.309659,"13:31 ET"
APLD,26.13,2026-10-02,7,Call,29.00,-10.39%,0.24,0.25,0.28,1881,1159,1.62,90.68%,74.80%,0.183759,"13:43 ET"
INTC,124.26,2026-09-30,5,Call,130.00,-4.33%,1.46,1.46,1.49,2457,1521,1.62,68.47%,61.14%,0.278264,"13:44 ET"
SPCX,148.45,2026-10-02,7,Call,162.50,-9.36%,0.44,0.45,0.45,3286,2027,1.62,47.50%,48.66%,0.097117,"13:42 ET"
NVDA,224.9,2026-10-02,7,Put,202.50,-10.03%,0.14,0.15,0.16,12408,7637,1.62,33.24%,40.84%,-0.029869,"13:36 ET"
GLND,6.09,2027-05-21,238,Call,5.00,+14.24%,1.45,1.5,1.75,1344,833,1.61,186.41%,51.97%,0.764608,"13:14 ET"
NFLX,71.18,2026-10-02,7,Call,70.00,+1.71%,1.77,1.8,1.83,1504,933,1.61,35.08%,28.49%,0.671684,"13:43 ET"
TSLA,372.96,2026-10-09,14,Call,370.00,+0.78%,13.15,13.41,13.35,2696,1670,1.61,41.12%,40.26%,0.557022,"13:30 ET"
GME,23.42,2026-09-25,0,Put,24.50,+4.17%,0.98,0.99,1.19,3220,2005,1.61,53.03%,50.54%,-0.964204,"13:22 ET"
MU,1082.89,2026-09-25,0,Call,"1,070.00",+1.09%,13.5,13.92,14.35,4712,2918,1.61,60.97%,12.06%,0.980269,"13:44 ET"
IBM,225.96,2027-09-17,357,Put,180.00,-20.38%,12.05,12.8,12.7,501,314,1.6,37.06%,39.39%,-0.204275,"13:13 ET"
NVDA,224.9,2026-10-05,10,Put,215.00,-4.47%,1.01,1.01,1.05,555,347,1.6,33.24%,29.54%,-0.171231,"13:39 ET"
MRNA,198.2,2026-10-02,7,Call,210.00,-5.35%,4.25,4.3,4.7,1437,898,1.6,87.74%,82.92%,0.321592,"13:44 ET"
META,751.27,2026-10-02,7,Put,720.00,-4.26%,5.65,5.58,5.75,2245,1403,1.6,41.36%,40.41%,-0.228164,"13:44 ET"
MXL,93.86,2026-10-16,21,Put,55.00,-41.82%,0.05,0.1,0.15,704,444,1.59,102.98%,104.58%,-0.011338,"12:49 ET"
GOOG,341.1,2026-10-02,7,Put,337.50,-1.14%,3.55,3.62,3.75,713,448,1.59,31.68%,28.03%,-0.385499,"13:43 ET"
AAPL,339.97,2026-09-30,5,Put,332.50,-2.18%,0.77,0.8,0.84,1008,633,1.59,23.26%,21.31%,-0.174453,"13:45 ET"
GME,23.42,2026-09-25,0,Put,23.50,-0.09%,0.21,0.23,0.25,4844,3047,1.59,53.03%,30.61%,-0.644889,"13:44 ET"
INTC,124.26,2026-09-28,3,Call,130.00,-4.33%,0.42,0.42,0.44,5577,3506,1.59,68.47%,47.81%,0.155672,"13:45 ET"
ORCL,138.19,2026-10-16,21,Call,160.00,-15.77%,1,1.02,1.06,19266,12087,1.59,49.24%,50.63%,0.129096,"13:38 ET"
MCD,237.47,2027-06-17,265,Put,210.00,-11.49%,7.3,7.4,7.55,533,338,1.58,21.16%,24.60%,-0.230367,"13:21 ET"
GME,23.42,2026-10-02,7,Put,24.50,+4.17%,1.41,1.34,1.54,539,342,1.58,53.03%,58.08%,-0.710732,"13:17 ET"
HPQ,31.36,2026-10-02,7,Call,32.00,-1.59%,0.53,0.54,0.57,542,342,1.58,48.19%,47.26%,0.393056,"13:41 ET"
INTC,124.26,2026-09-28,3,Put,118.00,-5.30%,0.27,0.28,0.29,596,377,1.58,68.47%,47.12%,-0.107718,"13:44 ET"
AMD,629.68,2026-09-25,0,Call,617.50,+1.95%,11.45,12.33,13.05,839,531,1.58,54.19%,26.56%,0.918228,"13:42 ET"
VRT,251.25,2026-10-02,7,Put,250.00,-0.30%,6.1,6.79,6.55,885,560,1.58,57.30%,51.69%,-0.447675,"13:38 ET"
DDOG,272.39,2026-10-16,21,Call,300.00,-10.15%,5.45,6.02,6.35,956,606,1.58,63.82%,59.74%,0.267389,"13:20 ET"
SNDK,1782.9,2026-09-25,0,Call,"1,765.00",+0.73%,19.9,24,21.7,1031,653,1.58,71.44%,21.96%,0.826003,"13:42 ET"
GME,23.42,2026-10-02,7,Call,22.50,+4.34%,1.1,1.2,1.27,1392,882,1.58,53.03%,53.46%,0.704728,"13:41 ET"
MSFT,515.79,2026-09-28,3,Call,505.00,+2.25%,11.25,11.86,12,1625,1027,1.58,28.66%,20.89%,0.874639,"13:31 ET"
ASTS,61.7,2026-09-25,0,Put,62.00,+0.31%,0.42,0.46,0.52,2028,1287,1.58,75.78%,27.24%,-0.596479,"13:43 ET"
AMZN,250.07,2026-09-28,3,Put,250.00,-0.23%,1.74,1.73,1.82,3256,2055,1.58,32.93%,19.47%,-0.500784,"13:43 ET"
AMD,629.68,2026-10-02,7,Call,750.00,-19.09%,0.31,0.33,0.4,558,355,1.57,54.19%,59.69%,0.019181,"13:24 ET"
SNDK,1782.9,2026-09-25,0,Call,"1,767.50",+0.59%,17,21.95,19.9,741,472,1.57,71.44%,20.68%,0.806317,"13:41 ET"
TBBB,53.38,2026-10-16,21,Call,55.00,-2.55%,1.05,1.08,1.1,920,587,1.57,36.23%,33.55%,0.377192,"13:43 ET"
HIMS,29.27,2026-10-02,7,Call,29.00,+0.85%,1.07,1.18,1.18,1402,891,1.57,74.06%,65.95%,0.537959,"13:37 ET"
GOOGL,344.31,2026-09-28,3,Call,342.50,+0.63%,3.35,3.75,3.55,1787,1136,1.57,31.94%,20.55%,0.604323,"13:35 ET"
SNDK,1782.9,2026-10-02,7,Call,"1,800.00",-1.24%,62.5,62.5,63.2,1791,1139,1.57,71.44%,70.85%,0.48561,"13:45 ET"
SPCX,148.45,2026-10-02,7,Call,146.00,+1.74%,5,5.05,5.1,2398,1529,1.57,47.50%,44.71%,0.622003,"13:39 ET"
INTC,124.26,2026-10-30,35,Put,125.00,+0.31%,11.45,11.6,11.65,524,336,1.56,68.47%,74.13%,-0.45984,"12:59 ET"
AVGO,353.01,2026-10-02,7,Put,342.50,-2.97%,2.12,2.14,2.19,525,337,1.56,35.16%,31.28%,-0.235712,"13:44 ET"
MCD,237.47,2026-10-30,35,Call,250.00,-5.37%,2.01,2.2,2.27,663,426,1.56,21.16%,21.85%,0.235034,"13:43 ET"
META,751.27,2026-10-02,7,Call,860.00,-14.36%,0.34,0.35,0.43,693,445,1.56,41.36%,48.16%,0.021278,"13:43 ET"
DELL,571.19,2026-10-02,7,Call,575.00,-0.57%,16.4,16.6,16.8,731,468,1.56,60.44%,57.91%,0.485127,"13:44 ET"
RGTI,16.83,2026-10-02,7,Call,18.00,-6.19%,0.25,0.27,0.28,2206,1412,1.56,75.54%,72.91%,0.268729,"13:43 ET"
TSLA,372.96,2026-09-28,3,Put,377.50,+1.23%,6.65,6.3,6.8,2599,1662,1.56,41.12%,27.82%,-0.694869,"13:42 ET"
NBIS,238.82,2026-09-25,0,Put,240.00,+0.49%,1.65,2.01,1.9,3920,2506,1.56,80.07%,25.38%,-0.612898,"13:42 ET"
GOOGL,344.31,2026-09-25,0,Put,345.00,+0.10%,1.21,1.1,1.32,4403,2816,1.56,31.94%,9.73%,-0.706841,"13:42 ET"
META,751.27,2026-10-02,7,Call,750.00,+0.27%,16.1,16.25,16.35,4452,2863,1.56,41.36%,39.77%,0.506405,"13:44 ET"
AVGO,353.01,2026-10-30,35,Put,335.00,-5.10%,7,7.15,7.3,917,590,1.55,35.16%,34.59%,-0.286774,"13:37 ET"
HUT,97.46,2026-09-25,0,Put,95.00,-2.77%,0.05,0.25,0.15,1019,658,1.55,91.10%,43.90%,-0.094751,"12:36 ET"
META,751.27,2026-09-25,0,Put,765.00,+1.72%,16.25,16.6,16.75,2879,1863,1.55,41.36%,31.26%,-0.902208,"13:43 ET"
NVDA,224.9,2026-10-02,7,Call,225.00,+0.03%,3.55,3.6,3.6,15628,10096,1.55,33.24%,29.18%,0.503784,"13:44 ET"
PDD,77.68,2028-01-21,483,Put,55.00,-29.18%,3.45,3.6,3.6,998,650,1.54,32.22%,42.15%,-0.145934,"10:41 ET"
COIN,194.74,2026-09-25,0,Put,197.50,+1.13%,1.98,2.04,2.18,1633,1059,1.54,62.74%,18.66%,-0.844171,"13:42 ET"
RKT,12.15,2026-10-02,7,Call,12.50,-2.97%,0.18,0.2,0.22,3514,2282,1.54,58.70%,49.09%,0.365954,"13:38 ET"
BMNR,27.41,2026-09-25,0,Call,27.00,+1.57%,0.46,0.51,0.55,4460,2897,1.54,74.15%,18.08%,0.976605,"13:41 ET"
BA,199.35,2026-09-25,0,Call,200.00,-0.02%,0.3,0.3,0.37,7327,4744,1.54,32.08%,10.22%,0.429716,"13:45 ET"
UPST,24.18,2026-10-02,7,Call,25.00,-3.22%,0.43,0.44,0.48,888,579,1.53,66.05%,55.60%,0.369166,"13:40 ET"
HD,294.6,2026-10-02,7,Call,310.00,-5.19%,0.35,0.45,0.48,1293,844,1.53,28.31%,26.71%,0.08444,"13:21 ET"
TSM,451.19,2026-09-25,0,Put,450.00,-0.31%,0.41,0.38,0.45,1297,848,1.53,33.76%,9.85%,-0.294782,"13:39 ET"
AEM,193.92,2027-01-15,112,Call,300.00,-54.58%,1.35,1.5,1.7,1458,952,1.53,42.44%,48.41%,0.072764,"13:44 ET"
MSFT,515.79,2026-10-16,21,Put,520.00,+0.65%,13.85,14.01,14.2,1578,1031,1.53,28.66%,24.85%,-0.532385,"13:44 ET"
MSFT,515.79,2026-09-25,0,Call,502.50,+2.74%,13.2,13.57,13.75,6586,4318,1.53,28.66%,25.01%,0.979072,"13:44 ET"
MRVL,265.18,2026-10-02,7,Put,255.00,-4.18%,4.45,4.6,4.7,501,329,1.52,66.08%,61.57%,-0.303368,"13:38 ET"
PL,17.64,2026-11-20,56,Call,25.00,-41.32%,0.35,0.45,0.5,1258,830,1.52,70.72%,78.53%,0.168041,"11:40 ET"
GEO,31.23,2026-10-16,21,Call,31.00,+1.12%,1.4,1.2,1.85,2515,1656,1.52,52.67%,49.79%,0.553071,"11:16 ET"
VZ,46.99,2026-09-25,0,Put,47.00,-0.13%,0.08,0.12,0.14,3586,2353,1.52,23.45%,9.82%,-0.544535,"13:35 ET"
SKHY,191.9,2026-09-25,0,Call,190.00,+0.93%,1.73,2.05,2.26,4605,3029,1.52,58.10%,24.53%,0.750676,"13:44 ET"
NVDA,224.9,2026-09-25,0,Put,227.50,+1.08%,2.77,2.82,2.82,8676,5701,1.52,33.24%,16.16%,-0.927404,"13:44 ET"
SPCX,148.45,2026-10-02,7,Call,150.00,-0.95%,2.96,2.98,3,13925,9165,1.52,47.50%,44.40%,0.449407,"13:44 ET"
NBIS,238.82,2026-10-02,7,Put,225.00,-5.79%,3.75,4.07,4,859,569,1.51,80.07%,72.66%,-0.254914,"13:34 ET"
KBH,47.83,2027-01-15,112,Call,55.00,-14.94%,1.35,1.5,1.55,1007,668,1.51,34.35%,35.14%,0.277223,"12:51 ET"
DELL,571.19,2026-10-02,7,Call,565.00,+1.18%,21.4,21.4,21.75,1149,762,1.51,60.44%,57.95%,0.571985,"13:44 ET"
GOOG,341.1,2026-09-25,0,Call,337.50,+1.14%,3.25,3.6,3.85,1864,1236,1.51,31.68%,15.48%,0.895171,"13:44 ET"
COIN,194.74,2026-09-25,0,Put,195.00,-0.15%,0.5,0.53,0.58,2850,1883,1.51,62.74%,19.66%,-0.384187,"13:45 ET"
BE,289.55,2026-10-02,7,Put,295.00,+1.23%,15.15,15.38,15.4,515,344,1.5,82.24%,77.75%,-0.543696,"13:44 ET"
GLND,6.09,2026-10-16,21,Put,5.00,-14.24%,0.85,0.9,0.95,700,468,1.5,186.41%,262.13%,-0.269636,"13:44 ET"
RKT,12.15,2026-11-20,56,Call,11.00,+9.39%,1.79,1.9,1.96,830,553,1.5,58.70%,63.85%,0.710683,"12:04 ET"
MSFT,515.79,2026-10-16,21,Call,565.00,-9.36%,1.25,1.28,1.31,1304,871,1.5,28.66%,26.65%,0.08652,"13:44 ET"
MSFT,515.79,2026-11-20,56,Call,650.00,-25.81%,0.97,1.12,1.05,1409,941,1.5,28.66%,31.93%,0.040451,"12:55 ET"
META,751.27,2026-10-02,7,Call,790.00,-5.05%,4.45,4.7,4.55,1601,1070,1.5,41.36%,42.15%,0.191659,"13:43 ET"
ARM,315.51,2026-10-02,7,Call,330.00,-3.94%,6.8,6.9,7.1,1651,1104,1.5,71.60%,71.62%,0.348519,"13:41 ET"
MSFT,515.79,2026-10-02,7,Call,512.50,+0.80%,9.4,9.6,9.8,1814,1206,1.5,28.66%,26.81%,0.583913,"13:44 ET"
AAPL,339.97,2026-09-28,3,Put,330.00,-2.91%,0.1,0.1,0.11,3428,2289,1.5,23.26%,19.58%,-0.042415,"13:44 ET"
GLND,6.09,2026-10-16,21,Call,5.00,+14.24%,1.3,1.35,1.5,4116,2743,1.5,186.41%,148.11%,0.760811,"13:44 ET"
TSLA,372.96,2026-10-02,7,Call,370.00,+0.78%,10.2,10.5,10.4,5824,3873,1.5,41.12%,43.17%,0.561428,"13:44 ET"
ORCL,138.19,2026-10-02,7,Call,155.00,-12.15%,0.35,0.36,0.37,12739,8500,1.5,49.24%,56.08%,0.076802,"13:43 ET"
COHR,299.96,2026-10-02,7,Put,280.00,-6.63%,3.3,3.64,3.9,535,359,1.49,72.76%,68.29%,-0.212955,"13:34 ET"
BE,289.55,2026-10-02,7,Call,310.00,-6.38%,5.3,5.35,5.5,651,438,1.49,82.24%,78.93%,0.288181,"13:44 ET"
META,751.27,2026-10-02,7,Call,830.00,-10.37%,1,1.17,1.05,1061,711,1.49,41.36%,44.80%,0.053414,"13:40 ET"
AAPL,339.97,2026-09-30,5,Put,330.00,-2.91%,0.49,0.52,0.55,1110,747,1.49,23.26%,22.32%,-0.118068,"13:39 ET"
TSM,451.19,2026-10-02,7,Call,460.00,-1.91%,3.6,3.67,3.7,1357,909,1.49,33.76%,28.27%,0.323332,"13:44 ET"
NKE,35.94,2026-09-25,0,Call,35.00,+2.86%,0.91,0.96,1.03,1618,1087,1.49,49.32%,36.88%,0.919193,"13:44 ET"
GME,23.42,2026-10-02,7,Call,21.50,+8.59%,1.89,2.14,2.19,2133,1431,1.49,53.03%,64.22%,0.834853,"13:32 ET"
IONQ,45.6,2026-10-02,7,Call,50.00,-8.89%,0.53,0.55,0.59,2250,1514,1.49,75.92%,79.04%,0.209474,"13:41 ET"
SNDK,1782.9,2026-09-25,0,Call,"1,825.00",-2.64%,0.6,0.65,0.75,2923,1966,1.49,71.44%,28.13%,0.060372,"13:45 ET"
META,751.27,2026-09-25,0,Call,745.00,+0.94%,4.65,4.75,4.9,4202,2820,1.49,41.36%,13.84%,0.777472,"13:44 ET"
PLTR,191.93,2026-09-25,0,Put,192.50,+0.40%,1.03,1.2,1.13,6196,4159,1.49,51.11%,16.29%,-0.673322,"13:44 ET"
PLTR,191.93,2026-10-02,7,Put,187.50,-2.21%,2.84,2.78,2.88,1540,1038,1.48,51.11%,45.17%,-0.344645,"13:38 ET"
QCOM,204.12,2026-10-02,7,Call,220.00,-7.42%,1.23,1.28,1.38,1545,1046,1.48,52.01%,52.45%,0.169795,"13:35 ET"
CRWV,87.36,2026-09-25,0,Put,88.00,+0.36%,0.75,0.8,0.84,2599,1751,1.48,72.68%,25.53%,-0.682195,"13:44 ET"
INTC,124.26,2026-09-28,3,Call,128.00,-2.72%,0.74,0.77,0.77,2766,1872,1.48,68.47%,46.21%,0.248592,"13:45 ET"
GME,23.42,2026-10-09,14,Call,21.00,+10.71%,2.43,2.74,2.8,2988,2017,1.48,53.03%,61.18%,0.827004,"13:16 ET"
CRWD,256.01,2026-09-25,0,Call,260.00,-1.37%,0.06,0.11,0.11,4568,3095,1.48,54.21%,22.82%,0.064634,"13:44 ET"
TXN,276.09,2026-09-25,0,Call,280.00,-0.97%,0.06,0.22,0.31,577,392,1.47,41.36%,21.36%,0.122542,"13:23 ET"
ORCL,138.19,2026-10-02,7,Put,134.00,-3.05%,1.63,1.69,1.7,1008,684,1.47,49.24%,45.18%,-0.295192,"13:39 ET"
ORCL,138.19,2026-10-09,14,Call,150.00,-8.53%,1.51,1.55,1.57,1050,713,1.47,49.24%,48.92%,0.213772,"13:43 ET"
WULF,15.62,2026-10-02,7,Call,17.00,-8.63%,0.2,0.22,0.23,2073,1410,1.47,79.19%,77.86%,0.230558,"13:39 ET"
INTC,124.26,2026-10-02,7,Put,115.00,-7.71%,1.09,1.11,1.13,3180,2169,1.47,68.47%,64.22%,-0.178084,"13:43 ET"
HOOD,119.32,2027-09-17,357,Put,15.00,-87.42%,0.11,0.13,0.18,1003,686,1.46,60.70%,94.48%,-0.003169,"13:44 ET"
HOOD,119.32,2026-10-02,7,Put,110.00,-7.76%,0.75,0.76,0.78,2112,1451,1.46,60.70%,59.41%,-0.145774,"13:43 ET"
PLTR,191.93,2026-10-02,7,Call,192.50,-0.40%,4.4,4.45,4.5,2256,1541,1.46,51.11%,44.75%,0.49203,"13:44 ET"
TSLA,372.96,2026-10-02,7,Put,355.00,-4.81%,2.47,2.36,2.51,2397,1643,1.46,41.12%,42.83%,-0.19714,"13:41 ET"
UBER,69.21,2026-11-20,56,Call,67.50,+2.53%,5.2,5.29,5.35,515,354,1.45,34.94%,38.41%,0.613541,"13:45 ET"
META,751.27,2027-01-15,112,Put,780.00,+3.72%,80,79.85,81.05,621,427,1.45,41.36%,40.70%,-0.513613,"13:16 ET"
TEM,84.76,2026-09-25,0,Call,84.00,+1.06%,0.74,1.12,1.01,623,430,1.45,81.17%,31.14%,0.664704,"13:37 ET"
GS,929.44,2026-09-25,0,Call,940.00,-1.19%,0.15,0.22,0.31,1016,701,1.45,34.21%,13.43%,0.07856,"13:44 ET"
CRWD,256.01,2026-09-25,0,Call,257.50,-0.40%,0.28,0.55,0.39,1443,992,1.45,54.21%,20.50%,0.21676,"13:44 ET"
GOOGL,344.31,2026-09-30,5,Call,350.00,-1.55%,2.04,2.12,2.22,2390,1650,1.45,31.94%,27.41%,0.306812,"13:41 ET"
META,751.27,2026-10-02,7,Call,710.00,+5.59%,42.45,43.46,43.85,517,360,1.44,41.36%,40.58%,0.83946,"13:43 ET"
PLTR,191.93,2026-10-23,28,Call,240.00,-25.17%,0.54,0.55,0.63,556,386,1.44,51.11%,48.33%,0.05621,"12:37 ET"
TSLA,372.96,2026-09-30,5,Call,397.50,-6.59%,0.57,0.61,0.59,668,463,1.44,41.12%,38.28%,0.07833,"13:44 ET"
TSLA,372.96,2026-10-09,14,Call,395.00,-5.92%,4.3,4.5,4.4,917,638,1.44,41.12%,41.19%,0.251872,"13:39 ET"
NBIS,238.82,2026-10-02,7,Put,240.00,+0.49%,9.85,10,10.3,956,663,1.44,80.07%,73.18%,-0.493003,"13:43 ET"
UUUU,11.45,2027-01-15,112,Call,13.00,-13.54%,1.22,1.34,1.26,1071,745,1.44,65.28%,69.55%,0.458292,"13:37 ET"
GME,23.42,2026-10-02,7,Put,23.50,-0.09%,0.67,0.77,0.78,1328,923,1.44,53.03%,50.03%,-0.52261,"13:45 ET"
TSLA,372.96,2026-10-09,14,Put,375.00,+0.56%,12.4,12.49,12.8,778,544,1.43,41.12%,39.62%,-0.513297,"13:40 ET"
RKT,12.15,2026-10-02,7,Call,12.00,+1.15%,0.39,0.44,0.46,842,588,1.43,58.70%,48.66%,0.602429,"13:40 ET"
META,751.27,2026-09-28,3,Put,722.50,-3.93%,1,1.01,1.06,964,674,1.43,41.36%,31.62%,-0.100096,"13:44 ET"
TSLA,372.96,2026-10-09,14,Put,370.00,-0.78%,10.05,9.9,10.2,1085,757,1.43,41.12%,39.86%,-0.44427,"13:40 ET"
BE,289.55,2027-06-17,265,Put,190.00,-34.80%,24.9,25.6,26.05,1154,805,1.43,82.24%,83.50%,-0.162543,"13:38 ET"
NVTS,12.29,2026-10-02,7,Call,12.50,-0.97%,0.4,0.42,0.45,1305,913,1.43,81.65%,75.88%,0.459556,"13:43 ET"
MSFT,515.79,2026-09-30,5,Call,505.00,+2.25%,12.95,13.15,13.6,1335,933,1.43,28.66%,26.07%,0.766716,"13:42 ET"
INTC,124.26,2026-10-02,7,Put,125.00,+0.31%,4.7,4.8,4.8,2400,1682,1.43,68.47%,64.12%,-0.506345,"13:43 ET"
TGT,157.15,2026-10-16,21,Call,160.00,-1.67%,3.15,3.32,3.45,3467,2420,1.43,33.33%,30.06%,0.417412,"13:34 ET"
PCG,12.23,2026-11-20,56,Put,10.00,-18.17%,0.11,0.21,0.2,5710,4002,1.43,40.85%,49.11%,-0.122361,"12:48 ET"
PYPL,54.94,2026-09-25,0,Call,54.00,+1.69%,0.88,0.98,1.05,13339,9314,1.43,41.97%,14.42%,0.993735,"13:42 ET"
MSFT,515.79,2026-10-02,7,Call,555.00,-7.42%,0.37,0.41,0.45,505,356,1.42,28.66%,30.68%,0.046034,"13:42 ET"
META,751.27,2026-09-30,5,Put,745.00,-0.94%,11.35,11.5,11.5,621,437,1.42,41.36%,38.67%,-0.440285,"13:43 ET"
WMT,107.84,2026-10-09,14,Call,108.00,-0.19%,1.91,1.94,2,721,506,1.42,25.71%,22.76%,0.514777,"13:43 ET"
NFLX,71.18,2027-12-17,448,Call,94.00,-31.99%,6.65,6.74,6.8,726,512,1.42,35.08%,39.64%,0.385951,"13:22 ET"
NBIS,238.82,2026-10-02,7,Put,237.50,-0.56%,8.65,8.85,9.05,740,522,1.42,80.07%,73.60%,-0.451863,"13:42 ET"
AVGO,353.01,2026-09-28,3,Call,350.00,+0.85%,4.45,4.95,4.6,826,580,1.42,35.16%,22.26%,0.663495,"13:32 ET"
BMNR,27.41,2026-10-02,7,Put,26.00,-5.21%,0.41,0.42,0.43,1052,741,1.42,74.15%,67.90%,-0.257113,"13:43 ET"
AMZN,250.07,2026-10-02,7,Call,247.50,+1.23%,5.2,5.37,5.45,1203,847,1.42,32.93%,28.42%,0.611346,"13:39 ET"
PLTR,191.93,2026-10-02,7,Call,182.50,+4.82%,10.7,10.96,10.95,1272,894,1.42,51.11%,45.69%,0.795301,"13:44 ET"
META,751.27,2026-10-09,14,Call,900.00,-19.67%,0.53,0.58,0.64,1417,1001,1.42,41.36%,45.94%,0.023814,"13:42 ET"
F,12.73,2026-10-16,21,Put,12.50,-1.88%,0.24,0.26,0.28,1661,1167,1.42,34.19%,30.49%,-0.382445,"13:37 ET"
INTC,124.26,2026-10-02,7,Call,131.00,-5.13%,2.07,2.1,2.1,2201,1553,1.42,68.47%,66.38%,0.301184,"13:42 ET"
TSLA,372.96,2026-10-02,7,Call,365.00,+2.12%,13.1,13.46,13.25,2486,1747,1.42,41.12%,42.98%,0.649359,"13:40 ET"
META,751.27,2026-09-25,0,Put,770.00,+2.39%,21.2,18.75,21.75,2791,1969,1.42,41.36%,37.73%,-0.919628,"13:36 ET"
PYPL,54.94,2026-10-02,7,Call,58.00,-5.59%,0.46,0.53,0.57,618,439,1.41,41.97%,50.29%,0.236959,"13:44 ET"
ALAB,372.34,2026-09-25,0,Call,380.00,-1.32%,0.58,1,1,668,475,1.41,83.99%,36.86%,0.199558,"13:15 ET"
DKNG,21.17,2026-10-02,7,Call,22.50,-6.23%,0.16,0.15,0.21,710,502,1.41,58.05%,54.55%,0.211921,"13:19 ET"
PCG,12.23,2026-11-20,56,Call,12.00,+1.80%,1.02,1.04,1.04,783,555,1.41,40.85%,46.96%,0.584509,"13:41 ET"
NVTS,12.29,2026-10-02,7,Call,12.00,+3.07%,0.64,0.64,0.69,1081,767,1.41,81.65%,74.79%,0.613966,"13:36 ET"
CRWD,256.01,2026-10-02,7,Call,260.00,-1.37%,5.15,5.5,5.4,1318,933,1.41,54.21%,51.31%,0.416981,"13:43 ET"
TSLA,372.96,2026-10-23,28,Call,385.00,-3.24%,13.4,13.5,13.55,1349,959,1.41,41.12%,44.56%,0.427874,"13:45 ET"
AAPL,339.97,2026-09-30,5,Call,342.50,-0.76%,2.11,2.2,2.2,1972,1394,1.41,23.26%,19.74%,0.393136,"13:42 ET"
NFLX,71.18,2026-10-02,7,Put,68.00,-4.52%,0.17,0.18,0.18,2019,1437,1.41,35.08%,28.86%,-0.122444,"13:43 ET"
BMNR,27.41,2026-10-02,7,Put,25.00,-8.86%,0.19,0.2,0.2,2120,1500,1.41,74.15%,67.72%,-0.141817,"13:42 ET"
HIMS,29.27,2026-10-02,7,Call,31.00,-5.98%,0.41,0.47,0.5,2338,1655,1.41,74.06%,69.73%,0.27576,"13:43 ET"
NVDA,224.9,2026-09-28,3,Put,220.00,-2.25%,0.39,0.4,0.4,8450,5980,1.41,33.24%,23.75%,-0.154869,"13:45 ET"
AVGO,353.01,2026-10-02,7,Put,347.50,-1.56%,3.6,3.6,3.75,577,412,1.4,35.16%,31.22%,-0.349863,"13:38 ET"
TSLA,372.96,2026-09-28,3,Put,340.00,-8.83%,0.11,0.12,0.12,687,490,1.4,41.12%,49.07%,-0.018755,"13:27 ET"
META,751.27,2026-10-02,7,Put,710.00,-5.59%,3.65,3.7,3.8,882,630,1.4,41.36%,40.84%,-0.162278,"13:42 ET"
NBIS,238.82,2026-10-02,7,Call,245.00,-2.58%,7,7.1,7.4,1238,882,1.4,80.07%,73.46%,0.42727,"13:42 ET"
CSCO,107.47,2026-09-25,0,Call,108.00,-0.36%,0.07,0.1,0.12,1816,1301,1.4,33.58%,11.56%,0.2478,"13:37 ET"
GOOGL,344.31,2026-09-30,5,Put,337.50,-2.08%,1.65,1.73,1.79,540,389,1.39,31.94%,26.73%,-0.260372,"13:41 ET"
MSFT,515.79,2026-10-23,28,Call,520.00,-0.65%,13.2,13.5,13.8,610,438,1.39,28.66%,26.06%,0.483672,"13:43 ET"
NVTS,12.29,2026-10-02,7,Call,13.50,-9.05%,0.13,0.14,0.15,1740,1251,1.39,81.65%,76.05%,0.202732,"13:42 ET"
VZ,46.99,2026-09-25,0,Call,47.00,+0.13%,0.07,0.1,0.19,2526,1818,1.39,23.45%,14.70%,0.471436,"13:43 ET"
IONQ,45.6,2026-10-02,7,Call,48.00,-4.53%,0.95,0.95,1,2591,1864,1.39,75.92%,76.79%,0.325946,"13:41 ET"
VRT,251.25,2026-09-25,0,Call,252.50,-0.70%,0.4,0.61,0.58,599,433,1.38,57.30%,16.62%,0.340467,"13:43 ET"
PFE,28.38,2026-10-02,7,Put,28.50,+0.60%,0.35,0.35,0.4,626,455,1.38,23.40%,19.80%,-0.555538,"13:45 ET"
INTC,124.26,2026-09-28,3,Put,117.00,-6.11%,0.19,0.19,0.2,785,568,1.38,68.47%,47.92%,-0.078556,"13:43 ET"
SMCI,43.14,2026-10-09,14,Call,43.00,+0.51%,2.42,2.48,2.54,1980,1434,1.38,77.33%,71.30%,0.539023,"13:31 ET"
PURR,12.84,2026-10-02,7,Call,13.00,-0.85%,0.6,0.63,0.7,543,397,1.37,100.98%,102.07%,0.493141,"13:33 ET"
GOOGL,344.31,2026-10-02,7,Call,342.50,+0.63%,6.25,6.52,6.6,727,531,1.37,31.94%,28.99%,0.558986,"13:42 ET"
NVDA,224.9,2026-09-30,5,Put,217.50,-3.36%,0.7,0.68,0.71,1551,1129,1.37,33.24%,29.85%,-0.166304,"13:38 ET"
MU,1082.89,2026-10-02,7,Call,"1,080.00",+0.17%,47.65,47.85,48.2,1576,1154,1.37,60.97%,76.37%,0.536941,"13:42 ET"
AMZN,250.07,2026-10-02,7,Put,247.50,-1.23%,2.61,2.6,2.7,1642,1199,1.37,32.93%,27.64%,-0.387309,"13:43 ET"
GOOGL,344.31,2026-10-02,7,Call,380.00,-10.25%,0.23,0.24,0.26,2182,1596,1.37,31.94%,38.61%,0.034362,"13:29 ET"
BE,289.55,2026-10-02,7,Call,350.00,-20.10%,0.8,0.78,0.85,527,387,1.36,82.24%,84.08%,0.059409,"13:43 ET"
SNDK,1782.9,2026-10-02,7,Put,"1,650.00",-7.20%,17.8,18.3,18.8,579,425,1.36,71.44%,68.08%,-0.189247,"13:44 ET"
AMZN,250.07,2026-09-30,5,Put,245.00,-2.22%,1.06,1.12,1.2,1314,969,1.36,32.93%,25.89%,-0.24736,"13:45 ET"
ORCL,138.19,2026-10-02,7,Put,136.00,-1.60%,2.38,2.38,2.44,1524,1123,1.36,49.24%,45.50%,-0.382246,"13:44 ET"
PENN,15.53,2028-01-21,483,Put,20.00,+28.78%,5.6,5.8,6.2,1801,1328,1.36,45.78%,48.45%,-0.568096,"13:14 ET"
BE,289.55,2026-10-02,7,Call,285.00,+2.20%,14.75,14.6,15.05,1886,1391,1.36,82.24%,77.53%,0.584149,"13:37 ET"
AMZN,250.07,2026-09-28,3,Put,252.50,+0.77%,3.2,3.24,3.45,2025,1494,1.36,32.93%,19.48%,-0.715746,"13:37 ET"
SPCX,148.45,2026-10-02,7,Put,139.00,-6.45%,0.68,0.67,0.7,2206,1619,1.36,47.50%,45.73%,-0.140059,"13:44 ET"
IREN,43.86,2026-11-20,56,Call,80.00,-81.90%,0.46,0.51,0.5,8382,6158,1.36,77.67%,93.66%,0.076038,"12:36 ET"
PEP,128.15,2026-10-02,7,Call,130.00,-1.44%,0.65,0.67,0.73,524,389,1.35,25.12%,19.91%,0.308818,"13:44 ET"
COIN,194.74,2026-10-02,7,Call,215.00,-10.09%,1.34,1.41,1.38,577,428,1.35,62.74%,64.23%,0.155588,"13:44 ET"
GME,23.42,2026-10-23,28,Call,22.00,+6.46%,1.98,2.27,2.32,584,431,1.35,53.03%,55.75%,0.674369,"13:18 ET"
OKLO,38.08,2026-10-02,7,Call,42.00,-10.06%,0.32,0.33,0.35,693,515,1.35,70.89%,70.29%,0.175096,"13:37 ET"
NBIS,238.82,2026-09-25,0,Put,242.50,+1.54%,3.35,3.8,4.15,725,537,1.35,80.07%,28.66%,-0.829364,"13:17 ET"
BRK.B,505.17,2026-09-25,0,Put,505.00,-0.03%,0.44,0.58,0.69,764,564,1.35,14.46%,5.46%,-0.497426,"13:45 ET"
AMD,629.68,2026-10-09,14,Call,700.00,-11.15%,5.25,5.37,5.55,872,647,1.35,54.19%,52.29%,0.165274,"13:32 ET"
NOW,136.62,2026-09-25,0,Put,136.00,-0.30%,0.18,0.22,0.25,1215,901,1.35,54.06%,15.96%,-0.298589,"13:41 ET"
CIFR,17.62,2026-10-02,7,Call,20.50,-15.88%,0.2,0.22,0.24,4374,3232,1.35,95.87%,103.42%,0.172406,"13:14 ET"
BE,289.55,2026-10-02,7,Call,300.00,-2.94%,8.2,8.3,8.45,5326,3931,1.35,82.24%,78.29%,0.396783,"13:44 ET"
NVDA,224.9,2026-10-02,7,Put,215.00,-4.47%,0.78,0.79,0.79,15253,11328,1.35,33.24%,31.95%,-0.149527,"13:44 ET"
PLTR,191.93,2026-10-23,28,Put,145.00,-24.38%,0.41,0.45,0.47,529,394,1.34,51.11%,58.39%,-0.033933,"12:23 ET"
BTDR,11.55,2026-11-20,56,Put,9.00,-22.35%,0.5,0.56,0.6,546,406,1.34,93.08%,95.64%,-0.190634,"12:13 ET"
NBIS,238.82,2026-10-30,35,Call,300.00,-25.61%,6.05,6.55,6.95,661,492,1.34,80.07%,79.52%,0.216629,"13:33 ET"
AGNC,9.6,2026-10-02,7,Call,9.50,+1.14%,0.15,0.16,0.17,712,532,1.34,25.46%,20.92%,0.630883,"13:43 ET"
DELL,571.19,2026-10-02,7,Call,560.00,+2.05%,24.15,24.15,24.6,1233,921,1.34,60.44%,57.92%,0.614976,"13:41 ET"
SNDK,1782.9,2026-10-02,7,Call,"1,900.00",-6.86%,29.9,30.7,30.8,1686,1256,1.34,71.44%,72.85%,0.284895,"13:44 ET"
GME,23.42,2026-09-25,0,Put,25.00,+6.29%,1.51,1.57,1.68,1710,1276,1.34,53.03%,67.66%,-0.972033,"13:42 ET"
MSFT,515.79,2026-10-02,7,Call,560.00,-8.39%,0.26,0.28,0.29,801,601,1.33,28.66%,31.36%,0.031885,"13:39 ET"
SMR,8.42,2026-10-02,7,Call,8.50,-0.71%,0.28,0.3,0.32,965,725,1.33,78.05%,71.33%,0.486918,"13:36 ET"
AAPL,339.97,2026-10-02,7,Put,340.00,+0.03%,3.8,3.9,3.9,1298,979,1.33,23.26%,21.31%,-0.482809,"13:43 ET"
TSLA,372.96,2026-09-30,5,Put,355.00,-4.81%,1,1.01,1.03,1325,1000,1.33,41.12%,36.79%,-0.125098,"13:36 ET"
COST,921.57,2026-10-16,21,Call,960.00,-4.65%,4.9,5.2,5.2,1411,1061,1.33,19.74%,19.81%,0.208805,"13:45 ET"
META,751.27,2026-09-28,3,Put,725.00,-3.60%,1.23,1.29,1.29,1485,1117,1.33,41.36%,31.17%,-0.119622,"13:43 ET"
BE,289.55,2026-10-02,7,Call,280.00,+3.92%,17.65,17.5,17.9,1608,1209,1.33,82.24%,77.57%,0.64701,"13:41 ET"
AAPL,339.97,2026-09-28,3,Call,347.50,-2.24%,0.17,0.19,0.19,3664,2746,1.33,23.26%,16.48%,0.078823,"13:44 ET"
TRGP,275.63,2026-10-16,21,Call,300.00,-9.07%,1.15,1.43,1.5,512,387,1.32,32.71%,30.38%,0.134679,"12:48 ET"
MSFT,515.79,2026-10-09,14,Put,485.00,-6.12%,1.48,1.5,1.68,529,402,1.32,28.66%,27.32%,-0.114824,"13:29 ET"
DELL,571.19,2026-10-02,7,Put,540.00,-5.55%,6.3,6.45,6.5,542,412,1.32,60.44%,58.32%,-0.229502,"13:40 ET"
TSLA,372.96,2026-09-25,0,Put,387.50,+3.91%,14.9,14.5,15.15,846,643,1.32,41.12%,34.49%,-0.988644,"13:26 ET"
MRNA,198.2,2026-10-02,7,Put,192.50,-3.43%,4.75,5.16,6.25,890,674,1.32,87.74%,73.04%,-0.374982,"13:16 ET"
NVO,38.51,2026-09-25,0,Call,38.50,+0.08%,0.09,0.1,0.12,1101,832,1.32,32.42%,10.10%,0.588636,"13:27 ET"
PM,189.48,2026-12-18,84,Call,200.00,-5.55%,5.8,6,6.2,1519,1152,1.32,27.81%,28.20%,0.366956,"13:07 ET"
COST,921.57,2026-09-25,0,Call,900.00,+1.89%,17.45,18.83,21.85,1550,1176,1.32,19.74%,13.97%,0.999264,"13:41 ET"
META,751.27,2026-09-25,0,Put,775.00,+3.05%,26.2,24,26.7,1830,1388,1.32,41.36%,43.80%,-0.932052,"13:41 ET"
SKHY,191.9,2026-10-16,21,Call,190.00,+0.93%,10.5,11.5,11.65,3641,2765,1.32,58.10%,55.03%,0.55828,"13:42 ET"
AAPL,339.97,2026-10-02,7,Put,335.00,-1.44%,1.9,1.94,1.99,4522,3429,1.32,23.26%,21.78%,-0.295939,"13:45 ET"
ZS,196.26,2026-09-25,0,Call,195.00,+0.91%,1.19,1.65,1.8,540,412,1.31,55.27%,21.49%,0.686828,"13:44 ET"
GCT,54.65,2026-10-16,21,Call,60.00,-9.79%,1.15,1.2,1.25,587,448,1.31,60.59%,57.14%,0.277594,"13:45 ET"
GOOGL,344.31,2026-09-30,5,Call,342.50,+0.63%,5.05,5.3,5.45,710,541,1.31,31.94%,27.13%,0.56824,"13:42 ET"
MARA,12.3,2026-10-02,7,Put,13.50,+9.93%,1.26,1.35,1.34,2644,2020,1.31,81.20%,81.66%,-0.760041,"13:28 ET"
HPE,64.07,2026-10-02,7,Call,65.00,-1.29%,1.8,1.83,1.92,2890,2208,1.31,63.08%,63.70%,0.456441,"13:38 ET"
SNOW,339.97,2026-09-25,0,Put,340.00,-0.22%,1.39,1.49,2.31,679,523,1.3,48.05%,20.18%,-0.586155,"13:26 ET"
MDT,88.37,2026-10-02,7,Call,90.00,-1.81%,0.55,0.63,0.73,1308,1010,1.3,28.29%,26.00%,0.3166,"13:16 ET"
META,751.27,2026-10-02,7,Put,750.00,-0.27%,17,17.02,17.2,1828,1408,1.3,41.36%,40.67%,-0.494267,"13:43 ET"
BB,8.06,2026-10-02,7,Call,8.50,-5.33%,0.11,0.14,0.14,5163,3985,1.3,60.85%,64.28%,0.290729,"13:38 ET"
AMD,629.68,2026-09-28,3,Call,637.50,-1.23%,4.6,4.95,4.8,686,532,1.29,54.19%,35.16%,0.353006,"13:42 ET"
TSM,451.19,2026-10-02,7,Put,440.00,-2.52%,2.86,2.89,2.92,718,557,1.29,33.76%,29.32%,-0.256942,"13:42 ET"
TSLA,372.96,2026-10-09,14,Call,435.00,-16.65%,0.61,0.63,0.63,845,657,1.29,41.12%,45.53%,0.046634,"13:34 ET"
LEN,81.26,2026-12-18,84,Call,95.00,-16.88%,1.85,2.05,2.05,878,678,1.29,37.78%,39.58%,0.235986,"12:48 ET"
TEM,84.76,2026-10-02,7,Call,85.00,-0.12%,3.4,3.5,3.65,931,720,1.29,81.17%,79.29%,0.505752,"13:45 ET"
GME,23.42,2026-09-25,0,Put,24.00,+2.04%,0.59,0.61,0.7,4192,3255,1.29,53.03%,27.20%,-0.971741,"13:38 ET"
SKHY,191.9,2026-10-02,7,Call,195.00,-1.68%,4.5,4.79,4.95,1414,1101,1.28,58.10%,58.23%,0.43325,"13:41 ET"
OPEN,2.59,2026-10-16,21,Call,2.50,+3.85%,0.2,0.25,0.22,515,406,1.27,77.82%,63.53%,0.631439,"13:20 ET"
CVNA,64.64,2026-10-02,7,Put,63.00,-2.91%,1.21,1.2,1.32,767,603,1.27,61.59%,55.64%,-0.358589,"13:29 ET"
NBIS,238.82,2026-10-02,7,Put,230.00,-3.70%,5.35,5.47,5.65,839,663,1.27,80.07%,72.58%,-0.329656,"13:43 ET"
NVDA,224.9,2026-09-30,5,Put,227.50,+1.08%,4.3,4.25,4.4,917,723,1.27,33.24%,26.78%,-0.641273,"13:39 ET"
TSLA,372.96,2026-10-23,28,Call,375.00,-0.56%,17.5,17.8,17.95,1002,789,1.27,41.12%,44.68%,0.512652,"13:44 ET"
SMTC,183.5,2026-10-16,21,Call,200.00,-8.72%,8.7,9.16,9.2,1115,875,1.27,83.31%,85.37%,0.381248,"13:13 ET"
UNH,377.42,2026-09-25,0,Put,375.00,-0.72%,0.33,0.4,0.4,1171,921,1.27,40.95%,14.27%,-0.225219,"13:43 ET"
BABA,109.93,2026-10-02,7,Call,111.00,-0.85%,1.58,1.63,1.64,1277,1003,1.27,38.37%,34.14%,0.431156,"13:42 ET"
BX,119.11,2026-10-16,21,Put,115.00,-3.33%,2.22,2.45,2.44,1778,1397,1.27,38.25%,36.95%,-0.32196,"12:56 ET"
AVGO,353.01,2026-09-28,3,Call,355.00,-0.57%,1.88,1.9,1.92,3071,2417,1.27,35.16%,22.02%,0.388098,"13:44 ET"
AMD,629.68,2026-09-25,0,Call,625.00,+0.76%,4.8,5.34,5.15,3423,2688,1.27,54.19%,15.72%,0.807333,"13:41 ET"
TSM,451.19,2026-09-25,0,Call,452.50,-0.25%,0.25,0.27,0.28,1389,1101,1.26,33.76%,7.76%,0.245837,"13:41 ET"
DELL,571.19,2026-10-02,7,Call,550.00,+3.80%,30.45,30.3,30.9,1542,1219,1.26,60.44%,58.05%,0.697065,"13:42 ET"
GOOGL,344.31,2026-09-28,3,Call,360.00,-4.45%,0.1,0.11,0.12,1593,1269,1.26,31.94%,26.97%,0.033514,"13:37 ET"
AMZN,250.07,2026-09-30,5,Call,255.00,-1.77%,1.2,1.2,1.24,5554,4392,1.26,32.93%,26.23%,0.265438,"13:45 ET"
SMCI,43.14,2026-10-02,7,Call,45.00,-4.12%,0.95,0.99,0.99,6002,4747,1.26,77.33%,71.77%,0.353558,"13:44 ET"
LW,43.76,2026-10-16,21,Put,37.50,-14.70%,0.2,0.25,0.3,18220,14447,1.26,47.66%,51.26%,-0.094318,"13:32 ET"
SNDK,1782.9,2026-09-25,0,Call,"1,855.00",-4.33%,0.05,0.1,0.2,514,412,1.25,71.44%,33.13%,0.011847,"13:35 ET"
MSFT,515.79,2026-09-28,3,Call,502.50,+2.74%,13.3,14.05,14.25,581,463,1.25,28.66%,19.52%,0.934264,"13:26 ET"
SNDK,1782.9,2026-10-02,7,Put,"1,700.00",-4.39%,31,31.5,32.5,861,688,1.25,71.44%,68.27%,-0.286857,"13:44 ET"
GS,929.44,2026-09-25,0,Put,915.00,-1.50%,0.01,0.16,0.27,900,719,1.25,34.21%,18.62%,-0.038575,"13:16 ET"
TSLA,372.96,2026-10-02,7,Call,367.50,+1.45%,11.6,11.85,11.75,944,754,1.25,41.12%,43.04%,0.605889,"13:38 ET"
SNOW,339.97,2026-09-25,0,Call,335.00,+1.69%,3.6,4.35,6.2,1040,830,1.25,48.05%,31.09%,0.782991,"13:41 ET"
AMD,629.68,2026-10-02,7,Put,550.00,-12.67%,0.97,0.99,1,3229,2586,1.25,54.19%,59.15%,-0.045059,"13:38 ET"
AMZN,250.07,2026-09-28,3,Call,257.50,-2.77%,0.15,0.16,0.16,3372,2696,1.25,32.93%,22.09%,0.070469,"13:44 ET"
MSTR,158.63,2026-10-02,7,Call,172.50,-8.70%,1.85,1.69,1.89,5763,4624,1.25,66.54%,70.33%,0.220213,"13:36 ET"
CI,269.75,2026-10-02,7,Put,270.00,-0.01%,4.7,5.1,6.2,514,415,1.24,32.12%,36.94%,-0.48654,"13:19 ET"
AFRM,71.86,2026-10-02,7,Put,69.00,-3.91%,0.85,0.92,0.99,597,481,1.24,57.82%,53.17%,-0.272625,"13:42 ET"
AMZN,250.07,2026-10-09,14,Call,252.50,-0.77%,4.5,4.65,4.65,622,502,1.24,32.93%,28.67%,0.448109,"13:43 ET"
META,751.27,2026-09-30,5,Call,825.00,-9.70%,0.47,0.52,0.6,630,510,1.24,41.36%,44.71%,0.035089,"13:42 ET"
CRDO,214,2026-10-02,7,Call,210.00,+2.15%,11.3,11.65,12,654,529,1.24,77.05%,77.80%,0.602146,"13:44 ET"
META,751.27,2026-10-02,7,Put,745.00,-0.94%,14.4,14.4,14.65,768,617,1.24,41.36%,40.40%,-0.446702,"13:44 ET"
AGNC,9.6,2026-10-30,35,Call,10.00,-4.06%,0.09,0.11,0.13,1102,886,1.24,25.46%,22.26%,0.27857,"13:34 ET"
ORCL,138.19,2026-10-02,7,Put,138.00,-0.15%,3.25,3.3,3.4,1290,1041,1.24,49.24%,45.65%,-0.473044,"13:41 ET"
AAPL,339.97,2026-09-30,5,Call,345.00,-1.50%,1.31,1.34,1.37,2111,1706,1.24,23.26%,19.74%,0.278956,"13:43 ET"
DELL,571.19,2026-09-25,0,Call,550.00,+3.80%,20.4,20.75,21.45,3276,2640,1.24,60.44%,27.09%,0.996351,"13:38 ET"
TSLA,372.96,2026-09-25,0,Call,360.00,+3.46%,12.45,12.65,12.65,3510,2823,1.24,41.12%,29.02%,0.988575,"13:45 ET"
SPCX,148.45,2026-10-02,7,Call,155.00,-4.31%,1.38,1.43,1.4,12946,10404,1.24,47.50%,44.98%,0.25745,"13:43 ET"
"Downloaded from Barchart.com as of 09-25-2026 01:24pm CDT"
