Symbol,Price~,"Exp Date",DTE,Type,Strike,Moneyness,Bid,Latest,Ask,Volume,"Open Int",Vol/OI,"Imp Vol",IV,Delta,Time
MAT,16.01,2027-01-15,101,Call,18.00,-13.21%,0.9,1.08,1.2,12381,129,95.98,56.20%,53.78%,0.385404,"14:42 ET"
INTC,114.57,2026-10-07,1,Call,114.00,+0.38%,1.71,1.74,1.76,15831,191,82.88,62.35%,57.32%,0.584398,"14:52 ET"
AMD,654.6,2026-10-07,1,Put,650.00,-0.55%,4.1,4.18,4.2,6849,101,67.81,51.92%,45.74%,-0.376572,"14:52 ET"
AVGO,379,2026-10-07,1,Call,382.50,-1.16%,1.99,1.94,2.1,14351,230,62.4,37.61%,46.50%,0.338633,"14:51 ET"
SPCX,172.41,2026-10-09,3,Put,172.50,+0.28%,3.2,3.3,3.25,25874,427,60.59,49.67%,51.39%,-0.492971,"14:56 ET"
INTC,114.57,2026-10-07,1,Call,113.00,+1.25%,2.37,2.37,2.39,7835,130,60.27,62.35%,58.10%,0.69164,"14:53 ET"
INTC,114.57,2026-10-07,1,Call,115.00,-0.50%,1.21,1.23,1.25,37072,698,53.11,62.35%,57.73%,0.469232,"14:52 ET"
MSFT,530.7,2026-10-07,1,Put,530.00,-0.09%,2.63,2.68,2.73,16961,331,51.24,29.76%,26.69%,-0.46687,"14:51 ET"
AMD,654.6,2026-10-07,1,Call,670.00,-2.51%,1.44,1.46,1.53,9641,210,45.91,51.92%,46.51%,0.174976,"14:53 ET"
BRK.B,506.48,2026-10-30,24,Call,510.00,-0.65%,5.6,5.9,6.1,5223,115,45.42,15.11%,13.16%,0.458757,"14:51 ET"
OLLI,87.55,2026-11-20,45,Call,95.00,-9.04%,2.45,2.7,2.95,5008,112,44.71,43.07%,43.18%,0.333585,"14:41 ET"
SPCX,172.41,2026-10-09,3,Put,175.00,+1.74%,4.65,4.7,4.7,28004,670,41.8,49.67%,51.70%,-0.613993,"14:57 ET"
AMD,654.6,2026-10-07,1,Call,657.50,-0.60%,4.85,4.9,5,6866,166,41.36,51.92%,45.33%,0.434163,"14:53 ET"
AMZN,255.99,2026-10-07,1,Put,255.00,-0.49%,1.11,1.13,1.13,18837,468,40.25,35.86%,29.30%,-0.397978,"14:53 ET"
CORZ,16.89,2026-10-30,24,Put,14.00,-16.96%,0.21,0.22,0.22,5591,141,39.65,71.70%,71.22%,-0.128549,"14:24 ET"
NVDA,240.45,2026-10-07,1,Put,242.50,+0.97%,2.69,2.69,2.74,33728,858,39.31,32.49%,28.69%,-0.714439,"14:57 ET"
FRVO,14.09,2026-12-18,73,Call,35.00,-147.35%,0.2,0.3,0.35,8811,231,38.14,97.49%,126.40%,0.092289,"14:42 ET"
AMD,654.6,2026-10-07,1,Call,675.00,-3.28%,0.85,0.87,0.91,9191,253,36.33,51.92%,47.52%,0.112519,"14:51 ET"
NVDA,240.45,2026-10-16,10,Put,242.50,+0.97%,5.25,5.2,5.35,7731,213,36.3,32.49%,26.89%,-0.562563,"14:53 ET"
AVGO,379,2026-10-07,1,Put,367.50,-2.81%,0.38,0.43,0.42,3882,108,35.94,37.61%,43.87%,-0.096884,"14:47 ET"
NVDA,240.45,2026-10-07,1,Put,240.00,-0.07%,1.24,1.26,1.26,123343,3672,33.59,32.49%,28.97%,-0.450644,"14:57 ET"
AVGO,379,2026-10-07,1,Call,380.00,-0.50%,2.83,2.88,2.9,24576,740,33.21,37.61%,44.84%,0.439156,"14:52 ET"
ALEC,1.8,2027-01-15,101,Put,2.0000,+10.50%,0.35,0.4,0.45,20002,610,32.79,142.56%,78.43%,-0.505041,"14:39 ET"
TSLA,380.28,2026-10-07,1,Put,385.00,+1.27%,5.9,5.96,6,7114,229,31.07,40.62%,38.25%,-0.726503,"14:57 ET"
AVGO,379,2026-10-07,1,Call,385.00,-1.82%,1.38,1.46,1.45,18874,608,31.04,37.61%,47.75%,0.252901,"14:52 ET"
AVGO,379,2026-10-07,1,Put,365.00,-3.47%,0.22,0.24,0.25,4006,135,29.67,37.61%,45.16%,-0.060357,"14:50 ET"
MRVL,288.2,2026-10-09,3,Put,280.00,-2.27%,4.6,4.76,5.05,3732,127,29.39,59.69%,73.83%,-0.357464,"14:52 ET"
NVAX,11.14,2026-10-16,10,Put,13.00,+17.54%,1.7,2,2.51,3250,112,29.02,90.71%,96.03%,-0.829266,"12:05 ET"
CORZ,16.89,2026-10-30,24,Call,18.00,-6.76%,0.79,0.81,0.83,2905,104,27.93,71.70%,71.37%,0.404861,"14:52 ET"
AMD,654.6,2026-10-07,1,Put,640.00,-2.08%,1.52,1.54,1.58,6725,243,27.67,51.92%,47.26%,-0.175591,"14:53 ET"
AAPL,333.1,2026-10-07,1,Put,332.50,-0.31%,1.31,1.32,1.33,34075,1234,27.61,24.85%,24.26%,-0.423466,"14:53 ET"
YPF,51.66,2026-11-20,45,Call,55.00,-6.78%,1.8,1.92,2,10121,375,26.99,45.28%,43.29%,0.377994,"14:54 ET"
AVGO,379,2026-10-07,1,Call,400.00,-5.79%,0.2,0.21,0.21,3617,135,26.79,37.61%,60.59%,0.042398,"14:50 ET"
AMD,654.6,2026-10-07,1,Put,635.00,-2.84%,0.87,0.91,0.91,5541,208,26.64,51.92%,48.22%,-0.11028,"14:50 ET"
HUM,404.82,2026-10-16,10,Call,470.00,-16.31%,5.7,6.39,6.9,7108,268,26.52,68.52%,95.03%,0.192542,"14:48 ET"
TSLA,380.28,2026-10-07,1,Put,382.50,+0.62%,4.15,4.3,4.25,16229,620,26.18,40.62%,37.48%,-0.611129,"14:56 ET"
AVGO,379,2026-10-07,1,Call,377.50,+0.16%,3.9,4.05,4.1,18785,721,26.05,37.61%,43.83%,0.55196,"14:52 ET"
AMD,654.6,2026-10-07,1,Call,655.00,-0.22%,5.95,6.05,6.2,15276,613,24.92,51.92%,45.40%,0.497939,"14:53 ET"
DAL,83.23,2026-10-16,10,Call,88.00,-5.69%,1.09,1.1,1.2,3423,138,24.8,42.60%,51.56%,0.273754,"14:49 ET"
ORCL,145.87,2026-11-06,31,Call,160.00,-9.92%,4.2,4.2,4.3,7299,295,24.74,51.14%,53.97%,0.311755,"14:54 ET"
TSLA,380.28,2026-10-07,1,Put,380.00,-0.04%,2.79,2.8,2.8,59742,2420,24.69,40.62%,37.20%,-0.478969,"14:57 ET"
TSLA,380.28,2026-10-07,1,Call,385.00,-1.27%,1.22,1.23,1.23,90512,3684,24.57,40.62%,37.56%,0.270379,"14:57 ET"
FCEL,20.86,2026-10-16,10,Put,22.00,+4.76%,1.9,2.08,2.15,11134,462,24.1,98.91%,101.32%,-0.583845,"14:44 ET"
HTZ,2.0901,2026-10-16,10,Call,2.5000,-19.05%,0.09,0.1,0.11,31182,1322,23.59,127.15%,164.40%,0.311317,"14:51 ET"
WDC,410.43,2026-11-06,31,Put,320.00,-21.65%,2.72,3.09,3.15,3655,155,23.58,64.18%,65.34%,-0.077058,"14:24 ET"
AMD,654.6,2026-10-07,1,Call,667.50,-2.13%,1.86,1.96,1.97,3115,133,23.42,51.92%,46.09%,0.215197,"14:52 ET"
AMD,654.6,2026-10-16,10,Call,655.00,-0.22%,19.55,19.3,19.95,2573,112,22.97,51.92%,45.29%,0.517896,"14:41 ET"
AMZN,255.99,2026-10-07,1,Put,260.00,+1.46%,4.25,4.41,4.5,6175,271,22.79,35.86%,30.42%,-0.834967,"14:52 ET"
AVGO,379,2026-10-16,10,Call,415.00,-9.76%,1.25,1.28,1.29,4605,208,22.14,37.61%,42.42%,0.103186,"14:44 ET"
FRVO,14.09,2028-01-21,472,Call,15.00,-6.01%,5.3,5.9,6.3,3048,139,21.93,97.49%,96.94%,0.70538,"14:50 ET"
CORZ,16.89,2027-03-19,164,Call,28.00,-66.07%,0.79,0.81,0.88,3135,144,21.77,71.70%,71.91%,0.22121,"13:10 ET"
INTC,114.57,2026-10-07,1,Call,116.00,-1.37%,0.82,0.85,0.86,17132,797,21.5,62.35%,58.24%,0.359289,"14:52 ET"
AAPL,333.1,2026-10-07,1,Put,330.00,-1.06%,0.54,0.56,0.55,48576,2294,21.18,24.85%,24.69%,-0.219386,"14:52 ET"
AMD,654.6,2026-10-07,1,Call,650.00,+0.55%,8.75,8.88,9,18632,886,21.03,51.92%,45.69%,0.623797,"14:53 ET"
RXT,4.13,2026-10-09,3,Call,1.00,+75.96%,3.1,3.2,3.3,3021,144,20.98,106.55%,"1,136.30%",0.970709,"14:23 ET"
FCEL,20.86,2026-10-16,10,Put,18.00,-14.29%,0.25,0.3,0.35,11225,537,20.9,98.91%,98.38%,-0.156113,"14:50 ET"
MU,1057.34,2026-10-07,1,Put,"1,060.00",-0.02%,10.4,10.4,10.5,10887,523,20.82,44.51%,43.82%,-0.519893,"14:53 ET"
AVGO,379,2026-10-09,3,Call,387.50,-2.48%,2.5,2.54,2.57,7350,355,20.7,37.61%,43.01%,0.282131,"14:47 ET"
WULF,15.01,2027-01-15,101,Call,23.00,-53.64%,0.63,0.66,0.68,17139,837,20.48,80.52%,88.11%,0.204523,"14:34 ET"
UEC,10.25,2026-10-30,24,Put,9.00,-11.68%,0.16,0.17,0.17,5061,253,20,62.36%,61.40%,-0.175757,"14:47 ET"
AAPL,333.1,2026-10-07,1,Call,335.00,-0.44%,0.93,0.93,0.95,88212,4427,19.93,24.85%,23.72%,0.342733,"14:53 ET"
UUUU,11.36,2026-10-16,10,Call,10.50,+7.24%,0.97,0.95,1.09,2042,104,19.63,66.18%,61.78%,0.803162,"14:39 ET"
AMD,654.6,2026-10-07,1,Put,632.50,-3.23%,0.66,0.71,0.72,2939,150,19.59,51.92%,49.19%,-0.08778,"14:48 ET"
TSLA,380.28,2026-10-07,1,Call,387.50,-1.93%,0.71,0.72,0.72,35951,1873,19.19,40.62%,38.04%,0.176538,"14:57 ET"
CRWV,93.03,2027-09-17,346,Call,120.00,-29.90%,18.8,18.91,19.2,5028,263,19.12,76.75%,73.15%,0.520943,"14:31 ET"
MPT,3.27,2027-09-17,346,Call,3.50,-8.02%,0.36,0.44,0.55,3300,173,19.08,46.18%,50.81%,0.477155,"14:50 ET"
WDC,410.43,2026-10-16,10,Call,400.00,+2.06%,21.55,22.17,22.75,3123,169,18.48,64.18%,59.10%,0.631649,"14:54 ET"
AVGO,379,2026-10-07,1,Call,375.00,+0.82%,5.35,5.47,5.55,28674,1569,18.28,37.61%,43.16%,0.665101,"14:52 ET"
INTC,114.57,2026-10-16,10,Call,114.00,+0.38%,4.6,4.66,4.7,2711,150,18.07,62.35%,56.35%,0.547502,"14:52 ET"
CRM,223.77,2026-10-09,3,Call,225.00,-0.31%,2.73,2.69,2.85,2046,114,17.95,37.89%,41.94%,0.44677,"14:53 ET"
AMZN,255.99,2026-10-07,1,Put,257.50,+0.48%,2.44,2.5,2.5,2757,159,17.34,35.86%,29.82%,-0.644961,"14:52 ET"
WMT,107.23,2026-11-20,45,Call,125.00,-16.95%,0.38,0.39,0.41,112498,6500,17.31,28.38%,29.48%,0.081462,"14:56 ET"
GOOGL,348.35,2026-10-07,1,Put,345.00,-1.00%,0.97,0.97,1,8270,484,17.09,33.49%,31.60%,-0.275273,"14:52 ET"
AMD,654.6,2026-10-07,1,Call,645.00,+1.31%,12.15,12.31,12.45,8418,493,17.08,51.92%,46.19%,0.736228,"14:53 ET"
RXRX,4.61,2026-10-30,24,Call,5.50,-20.35%,0.12,0.19,0.2,2299,135,17.03,91.03%,93.45%,0.267671,"14:50 ET"
NBIS,253.47,2026-10-09,3,Put,250.00,-0.95%,5.65,5.85,5.75,4302,253,17,81.15%,78.98%,-0.415747,"14:51 ET"
MSFT,530.7,2026-10-07,1,Call,535.00,-0.85%,1.26,1.28,1.3,35624,2096,17,29.76%,26.84%,0.279423,"14:53 ET"
CSCO,117.48,2026-10-09,3,Call,122.00,-4.03%,0.14,0.15,0.17,2079,123,16.9,39.01%,32.79%,0.095833,"14:47 ET"
AMD,654.6,2026-10-07,1,Call,647.50,+0.93%,10.3,10.47,10.7,5094,302,16.87,51.92%,45.80%,0.682811,"14:52 ET"
MU,1057.34,2026-10-07,1,Put,"1,055.00",-0.50%,7.95,8.04,8.1,4937,294,16.79,44.51%,43.89%,-0.437926,"14:52 ET"
INTC,114.57,2026-10-07,1,Put,114.00,-0.38%,1.12,1.14,1.15,22466,1345,16.7,62.35%,60.70%,-0.419733,"14:52 ET"
SPCX,172.41,2026-10-16,10,Put,172.50,+0.28%,5.25,5.2,5.3,2903,174,16.68,49.67%,46.67%,-0.483012,"14:55 ET"
META,742.78,2026-10-09,3,Call,722.50,+2.77%,21.65,23.33,23.65,2022,122,16.57,39.35%,34.11%,0.819918,"13:55 ET"
HIVE,2.89,2026-10-09,3,Call,1.00,+65.40%,1.85,1.9,1.95,2107,128,16.46,86.09%,537.76%,0.992344,"14:46 ET"
IOVA,13.23,2026-11-06,31,Call,15.00,-13.72%,0.85,1.05,1.1,1892,116,16.31,99.22%,105.40%,0.399225,"12:44 ET"
MU,1057.34,2026-10-07,1,Call,"1,065.00",-0.45%,7.05,6.99,7.1,17867,1100,16.24,44.51%,45.01%,0.402501,"14:52 ET"
TSLA,380.28,2026-10-09,3,Put,390.00,+2.59%,11.35,11.54,11.5,6084,378,16.1,40.62%,37.94%,-0.761772,"14:55 ET"
MU,1057.34,2026-10-07,1,Call,"1,070.00",-0.92%,5.3,5.4,5.4,21099,1326,15.91,44.51%,45.28%,0.328918,"14:53 ET"
GXO,46.51,2026-11-20,45,Put,45.00,-2.77%,1.7,1.95,1.95,2640,166,15.9,41.39%,39.84%,-0.375699,"14:33 ET"
AAPL,333.1,2026-10-07,1,Call,332.50,+0.31%,2.07,2.07,2.1,38239,2442,15.66,24.85%,23.85%,0.578232,"14:53 ET"
NVDA,240.45,2026-10-07,1,Put,245.00,+2.01%,4.7,4.75,4.85,6162,396,15.56,32.49%,29.34%,-0.889901,"14:54 ET"
NVDA,240.45,2026-10-12,6,Put,252.50,+5.13%,12.1,12.24,12.35,1547,100,15.47,32.49%,24.86%,-0.941124,"14:56 ET"
AVGO,379,2026-10-09,3,Put,380.00,+0.50%,6.25,6.35,6.4,1655,107,15.47,37.61%,40.77%,-0.53304,"14:48 ET"
META,742.78,2026-10-07,1,Call,745.00,-0.26%,4.3,4.33,4.35,11144,724,15.39,39.35%,34.66%,0.436859,"14:52 ET"
AAPL,333.1,2026-10-07,1,Put,327.50,-1.80%,0.21,0.21,0.22,32720,2135,15.33,24.85%,26.17%,-0.099091,"14:52 ET"
AVGO,379,2026-10-09,3,Put,372.50,-1.48%,2.84,3,2.96,1919,126,15.23,37.61%,39.83%,-0.320245,"14:51 ET"
MU,1057.34,2026-10-07,1,Put,"1,045.00",-1.44%,4.35,4.44,4.5,4006,264,15.17,44.51%,44.29%,-0.285687,"14:52 ET"
INTC,114.57,2026-10-09,3,Call,114.00,+0.38%,2.77,2.85,2.83,4238,287,14.77,62.35%,58.86%,0.556302,"14:52 ET"
FRO,52.87,2026-11-20,45,Call,60.00,-14.07%,1.55,1.7,1.9,3406,233,14.62,54.44%,61.48%,0.274758,"13:39 ET"
AMD,654.6,2026-10-07,1,Call,642.50,+1.70%,14,14.1,14.45,3944,270,14.61,51.92%,46.59%,0.784001,"14:48 ET"
TSLA,380.28,2026-10-12,6,Call,382.50,-0.62%,5.2,5.27,5.35,3009,207,14.54,40.62%,31.85%,0.457725,"14:57 ET"
NVDA,240.45,2026-10-12,6,Put,250.00,+4.09%,9.6,9.71,10.3,1750,121,14.46,32.49%,25.35%,-0.884878,"14:52 ET"
VZ,45.7,2027-04-16,192,Call,45.00,+1.42%,2.81,3.07,3.3,3002,208,14.43,24.86%,22.16%,0.547113,"11:02 ET"
GOOGL,348.35,2026-10-07,1,Put,347.50,-0.29%,1.84,1.86,1.9,8902,618,14.4,33.49%,31.40%,-0.436018,"14:52 ET"
SPCX,172.41,2026-10-09,3,Put,177.50,+3.19%,6.4,6.35,6.5,2976,212,14.04,49.67%,52.81%,-0.719014,"14:55 ET"
FCEL,20.86,2026-10-30,24,Put,16.00,-23.81%,0.2,0.3,0.35,3606,257,14.03,98.91%,92.68%,-0.104409,"13:17 ET"
AVGO,379,2026-10-07,1,Call,390.00,-3.14%,0.68,0.73,0.76,5123,366,14,37.61%,51.94%,0.139134,"14:52 ET"
TSLA,380.28,2026-10-07,1,Put,377.50,-0.70%,1.78,1.78,1.79,31205,2239,13.94,40.62%,37.74%,-0.349514,"14:57 ET"
AMD,654.6,2026-10-07,1,Call,680.00,-4.04%,0.51,0.49,0.54,3415,247,13.83,51.92%,48.91%,0.071274,"14:51 ET"
AMD,654.6,2026-10-07,1,Call,637.50,+2.46%,17.85,17.96,18.9,2445,177,13.81,51.92%,47.23%,0.862476,"14:46 ET"
NU,15.61,2026-12-18,73,Call,19.00,-21.41%,0.3,0.31,0.32,65281,4735,13.79,48.67%,44.70%,0.196376,"14:12 ET"
GLAS,5.17,2027-12-17,437,Call,20.00,-289.11%,0.3,0.52,0.7,3000,218,13.76,88.72%,96.35%,0.240651,"12:35 ET"
GOOGL,348.35,2026-10-07,1,Call,347.50,+0.29%,2.61,2.7,2.73,11765,855,13.76,33.49%,30.32%,0.566427,"14:51 ET"
MU,1057.34,2026-10-07,1,Put,"1,065.00",+0.45%,13.25,13.31,13.4,10551,771,13.68,44.51%,43.95%,-0.600461,"14:53 ET"
RBLX,45.28,2026-10-30,24,Call,58.00,-27.84%,0.53,0.53,0.69,2000,147,13.61,75.25%,80.41%,0.139857,"14:40 ET"
LIN,491.03,2026-12-18,73,Put,455.00,-7.51%,6,7.6,7.3,2002,148,13.53,23.78%,24.07%,-0.211233,"11:47 ET"
LITE,1129.36,2026-10-09,3,Put,"1,070.00",-5.25%,6.9,7.7,8.1,1705,127,13.43,72.81%,68.15%,-0.190024,"14:36 ET"
META,742.78,2026-10-07,1,Call,740.00,+0.41%,6.7,6.9,7,8335,621,13.42,39.35%,34.71%,0.583954,"14:52 ET"
AAPL,333.1,2026-10-23,17,Call,352.50,-5.69%,0.86,0.91,0.99,1501,112,13.4,24.85%,21.40%,0.123725,"13:38 ET"
AMZN,255.99,2026-10-07,1,Call,257.50,-0.48%,0.95,0.95,0.99,47842,3581,13.36,35.86%,30.13%,0.357245,"14:53 ET"
CSCO,117.48,2026-10-16,10,Call,118.00,-0.62%,1.97,1.97,2,1405,107,13.13,39.01%,29.52%,0.465141,"14:52 ET"
CRWV,93.03,2026-10-30,24,Call,91.00,+1.49%,7.45,7.51,7.7,3082,236,13.06,76.75%,69.41%,0.584504,"14:37 ET"
AAOI,130.13,2026-10-09,3,Call,155.00,-19.47%,0.25,0.27,0.35,3337,256,13.04,99.50%,115.61%,0.05399,"14:47 ET"
TEM,73,2026-10-16,10,Call,81.00,-10.31%,1.21,1.25,1.31,1889,145,13.03,79.01%,81.23%,0.234821,"14:56 ET"
CRWD,278.1,2026-10-09,3,Put,275.00,-1.44%,3.35,3.45,3.6,1365,105,13,50.29%,52.06%,-0.372433,"14:47 ET"
SPCX,172.41,2027-09-17,346,Call,205.00,-19.18%,24.45,26.7,25.4,1502,116,12.95,49.67%,50.51%,0.490775,"10:56 ET"
AMD,654.6,2026-10-07,1,Put,637.50,-2.46%,1.14,1.18,1.21,2201,170,12.95,51.92%,47.66%,-0.139714,"14:50 ET"
AMZN,255.99,2026-10-07,1,Call,255.00,+0.49%,2.11,2.1,2.15,53601,4187,12.8,35.86%,29.77%,0.600965,"14:52 ET"
FSLR,179.22,2026-10-23,17,Call,190.00,-5.79%,3.15,3.75,3.75,1581,124,12.75,56.80%,47.00%,0.310792,"14:17 ET"
AMD,654.6,2026-10-07,1,Call,662.50,-1.36%,3,3.1,3.25,3045,239,12.74,51.92%,45.49%,0.314439,"14:51 ET"
AAPL,333.1,2026-10-07,1,Call,337.50,-1.19%,0.33,0.33,0.35,60734,4779,12.71,24.85%,23.71%,0.157628,"14:53 ET"
AMD,654.6,2026-10-07,1,Call,660.00,-0.98%,3.85,4.05,4.05,18901,1489,12.69,51.92%,45.41%,0.372521,"14:52 ET"
MSFT,530.7,2026-10-07,1,Call,542.50,-2.27%,0.23,0.25,0.26,9749,770,12.66,29.76%,28.64%,0.070021,"14:48 ET"
TSLA,380.28,2026-10-07,1,Call,382.50,-0.62%,1.99,2,2,81441,6464,12.6,40.62%,37.12%,0.388291,"14:57 ET"
VST,159.85,2026-10-09,3,Call,180.00,-12.99%,0.13,0.14,0.21,1306,105,12.44,49.02%,72.54%,0.0408,"14:45 ET"
NVDA,240.45,2026-10-07,1,Call,242.50,-0.97%,0.63,0.64,0.64,153168,12365,12.39,32.49%,28.56%,0.285497,"14:56 ET"
NVDA,240.45,2026-10-12,6,Put,257.50,+7.21%,16.7,17.35,17.95,1399,114,12.27,32.49%,35.30%,-0.935325,"14:44 ET"
TEM,73,2026-10-09,3,Put,73.00,-0.59%,2.26,2.42,2.49,2167,177,12.24,79.01%,85.88%,-0.500163,"14:45 ET"
MSFT,530.7,2026-10-23,17,Put,530.00,-0.09%,10,10.2,10.35,1321,108,12.23,29.76%,23.61%,-0.473105,"14:49 ET"
TSLA,380.28,2026-10-07,1,Call,392.50,-3.25%,0.24,0.24,0.25,17453,1435,12.16,40.62%,40.40%,0.069503,"14:56 ET"
FPS,41.24,2027-01-15,101,Call,65.00,-59.39%,1.3,1.32,1.9,2513,207,12.14,78.02%,80.28%,0.198997,"14:34 ET"
GPC,128.06,2026-10-16,10,Call,135.00,-5.82%,0.4,0.46,0.5,1237,102,12.13,33.18%,29.59%,0.143163,"14:45 ET"
META,742.78,2026-10-23,17,Call,750.00,-0.93%,19,19.35,19.55,11916,983,12.12,39.35%,34.57%,0.471224,"14:50 ET"
MSFT,530.7,2026-10-07,1,Call,532.50,-0.38%,2.04,2.08,2.14,18416,1535,12,29.76%,26.62%,0.399991,"14:52 ET"
MRVL,288.2,2026-10-09,3,Call,297.50,-3.84%,3.1,3.25,3.4,2680,224,11.96,59.69%,71.72%,0.288497,"14:52 ET"
RKLB,75.17,2026-10-09,3,Put,75.00,-0.03%,1.79,1.85,1.92,5973,500,11.95,74.07%,72.60%,-0.467845,"14:57 ET"
RKLB,75.17,2026-10-09,3,Put,76.00,+1.31%,2.32,2.38,2.46,1275,107,11.92,74.07%,72.64%,-0.548028,"14:41 ET"
AMD,654.6,2026-10-07,1,Call,652.50,+0.17%,7.25,7.5,7.5,5587,474,11.79,51.92%,45.39%,0.561913,"14:52 ET"
WPM,138.52,2027-01-15,101,Put,130.00,-6.04%,8,8.2,8.4,4003,340,11.77,44.60%,44.64%,-0.334913,"14:40 ET"
MSFT,530.7,2026-10-16,10,Put,535.00,+0.85%,10.4,10.5,10.8,1487,127,11.71,29.76%,23.91%,-0.570117,"14:49 ET"
NBIS,253.47,2026-10-09,3,Put,247.50,-1.95%,4.65,4.8,4.75,2411,207,11.65,81.15%,79.45%,-0.362585,"14:51 ET"
MU,1057.34,2026-10-07,1,Put,"1,070.00",+0.92%,16.5,16.6,16.7,5793,499,11.61,44.51%,44.13%,-0.675949,"14:53 ET"
INSM,105.54,2026-11-20,45,Call,110.00,-3.90%,7.7,7.95,8.3,5311,461,11.52,63.64%,65.02%,0.484109,"14:39 ET"
SPCX,172.41,2026-11-06,31,Put,170.00,-1.17%,8.3,8.6,8.45,1170,102,11.47,49.67%,49.16%,-0.425293,"14:42 ET"
FMX,117.6,2026-10-16,10,Call,125.00,-6.35%,0.2,0.26,0.3,2663,234,11.38,28.28%,28.67%,0.097132,"14:22 ET"
MSFT,530.7,2026-10-07,1,Call,537.50,-1.33%,0.74,0.73,0.77,15677,1379,11.37,29.76%,27.30%,0.183803,"14:51 ET"
META,742.78,2026-10-07,1,Put,740.00,-0.41%,3.9,4.05,4.1,7699,685,11.24,39.35%,33.92%,-0.414608,"14:52 ET"
TEM,73,2026-10-30,24,Put,61.00,-16.93%,1,1.15,1.3,2152,193,11.15,79.01%,73.50%,-0.148766,"14:51 ET"
AMD,654.6,2026-10-09,3,Call,647.50,+0.93%,15.15,14.95,15.45,1491,134,11.13,51.92%,47.71%,0.611603,"14:40 ET"
META,742.78,2026-10-07,1,Put,722.50,-2.77%,0.45,0.5,0.53,2938,266,11.05,39.35%,36.97%,-0.075431,"14:45 ET"
MSFT,530.7,2026-10-07,1,Put,522.50,-1.50%,0.57,0.59,0.62,5007,454,11.03,29.76%,28.10%,-0.146986,"14:51 ET"
NVDA,240.45,2026-10-12,6,Put,242.50,+0.97%,3.95,4.25,4.1,1245,113,11.02,32.49%,23.74%,-0.601408,"14:47 ET"
MU,1057.34,2026-10-07,1,Call,"1,075.00",-1.39%,3.95,4,4.05,8854,807,10.97,44.51%,45.73%,0.263342,"14:53 ET"
MIR,16,2026-11-20,45,Call,17.50,-10.20%,0.8,0.85,0.85,5563,512,10.87,60.19%,62.15%,0.382423,"14:51 ET"
TSLA,380.28,2026-10-07,1,Call,390.00,-2.59%,0.41,0.42,0.42,53978,5013,10.77,40.62%,39.02%,0.111288,"14:57 ET"
CORZ,16.89,2026-10-09,3,Call,18.00,-6.76%,0.1,0.11,0.13,2096,195,10.75,71.70%,75.43%,0.18735,"14:15 ET"
SPCX,172.41,2026-10-09,3,Put,170.00,-1.17%,2.08,2.1,2.1,43079,4030,10.69,49.67%,51.19%,-0.369773,"14:57 ET"
MSFT,530.7,2026-10-07,1,Put,527.50,-0.56%,1.64,1.69,1.7,5222,491,10.64,29.76%,26.74%,-0.336837,"14:52 ET"
TSLA,380.28,2026-10-07,1,Put,390.00,+2.59%,10.15,10.15,10.35,1836,173,10.61,40.62%,42.82%,-0.867345,"14:57 ET"
META,742.78,2026-10-07,1,Call,760.00,-2.28%,0.85,0.86,0.86,10537,1005,10.48,39.35%,37.21%,0.120915,"14:53 ET"
MRNA,190.57,2026-10-09,3,Call,192.50,-1.51%,5.4,5.5,5.5,1568,150,10.45,92.37%,93.04%,0.465372,"14:52 ET"
MRK,141.55,2026-10-16,10,Put,137.00,-3.10%,0.82,0.92,0.92,1316,127,10.36,32.81%,27.19%,-0.229949,"12:41 ET"
ASTS,62.92,2026-10-09,3,Put,63.00,+0.41%,1.86,1.88,1.98,4506,438,10.29,80.59%,80.80%,-0.49957,"14:51 ET"
AMD,654.6,2026-10-09,3,Put,650.00,-0.55%,8.7,8.8,8.9,1505,147,10.24,51.92%,46.87%,-0.422377,"14:49 ET"
SPCX,172.41,2026-10-12,6,Call,200.00,-16.27%,0.1,0.11,0.11,5019,492,10.2,49.67%,56.71%,0.022952,"14:44 ET"
RBRK,126.04,2026-10-09,3,Call,132.00,-4.57%,0.65,0.82,0.95,1048,103,10.17,54.83%,61.17%,0.208226,"14:32 ET"
ORCL,145.87,2026-10-09,3,Put,146.00,+0.30%,3,3.4,3.15,3367,332,10.14,51.14%,58.41%,-0.488639,"14:37 ET"
SNDK,1667.83,2026-10-09,3,Put,"1,670.00",+0.05%,35.1,35.2,35.5,1407,139,10.12,60.42%,57.07%,-0.497772,"14:56 ET"
MRVL,288.2,2026-10-09,3,Call,292.50,-2.09%,4.6,4.8,5.1,3295,328,10.05,59.69%,72.15%,0.384031,"14:52 ET"
IREN,41.82,2026-11-13,38,Put,30.00,-28.30%,0.38,0.42,0.46,1896,189,10.03,78.39%,80.75%,-0.076763,"14:33 ET"
NOK,10.89,2028-06-16,619,Call,15.00,-38.25%,2.34,2.37,2.42,4079,407,10.02,62.54%,61.12%,0.516183,"14:22 ET"
MRVL,288.2,2026-10-09,3,Call,287.50,-0.35%,6.75,6.93,7.05,3053,305,10.01,59.69%,72.17%,0.487533,"14:53 ET"
MU,1057.34,2026-10-07,1,Call,"1,055.00",+0.50%,11.7,11.69,11.85,3189,321,9.93,44.51%,44.92%,0.561159,"14:52 ET"
MRNA,190.57,2026-10-16,10,Put,205.00,+8.11%,19.2,19.9,19.35,1932,195,9.91,92.37%,80.54%,-0.686013,"14:46 ET"
ASX,46.97,2028-01-21,472,Put,40.00,-14.49%,6.8,6.8,7.3,1542,156,9.88,57.97%,55.76%,-0.269238,"14:52 ET"
ORCL,145.87,2028-01-21,472,Call,360.00,-147.32%,5.95,6.05,6.15,4039,411,9.83,51.14%,57.40%,0.157223,"14:14 ET"
TSLA,380.28,2026-10-07,1,Put,375.00,-1.36%,1.07,1.08,1.09,25329,2578,9.83,40.62%,38.36%,-0.238292,"14:57 ET"
AMD,654.6,2026-10-09,3,Put,645.00,-1.31%,6.7,6.8,6.9,1828,188,9.72,51.92%,46.95%,-0.353023,"14:49 ET"
OKLO,39.03,2026-10-23,17,Call,45.00,-16.25%,0.7,0.7,0.73,3249,335,9.7,75.32%,74.54%,0.21523,"14:57 ET"
AAPL,333.1,2026-10-07,1,Call,330.00,+1.06%,3.7,3.83,3.95,8891,918,9.69,24.85%,24.43%,0.783226,"14:52 ET"
INTC,114.57,2026-10-07,1,Put,115.00,+0.50%,1.6,1.61,1.65,17175,1775,9.68,62.35%,60.84%,-0.528792,"14:52 ET"
MU,1057.34,2026-10-07,1,Call,"1,080.00",-1.86%,2.92,2.94,2.98,9413,981,9.6,44.51%,46.23%,0.206751,"14:52 ET"
AMD,654.6,2026-10-07,1,Put,627.50,-3.99%,0.39,0.42,0.45,1981,207,9.57,51.92%,51.37%,-0.055537,"14:45 ET"
AMZN,255.99,2026-10-07,1,Put,262.50,+2.44%,6.45,6.64,6.75,2394,251,9.54,35.86%,28.84%,-0.953693,"14:53 ET"
MU,1057.34,2026-10-07,1,Call,"1,060.00",+0.02%,9.15,9.2,9.25,11985,1268,9.45,44.51%,44.84%,0.481115,"14:53 ET"
TEM,73,2026-10-16,10,Put,85.00,+15.76%,12,10.25,13.2,1009,107,9.43,79.01%,71.73%,-0.895476,"11:22 ET"
SPCX,172.41,2026-10-12,6,Put,170.00,-1.17%,2.64,2.66,2.66,4629,491,9.43,49.67%,43.09%,-0.385083,"14:57 ET"
ASTS,62.92,2026-10-09,3,Put,64.00,+2.01%,2.45,2.43,2.64,1045,111,9.41,80.59%,83.22%,-0.581505,"14:26 ET"
NVDA,240.45,2026-10-07,1,Call,245.00,-2.01%,0.2,0.2,0.21,132460,14169,9.35,32.49%,29.63%,0.113746,"14:57 ET"
AMD,654.6,2026-10-09,3,Put,640.00,-2.08%,5.05,5.12,5.25,1826,198,9.22,51.92%,47.08%,-0.288173,"14:52 ET"
BEPC,29.42,2026-10-16,10,Call,30.00,-1.97%,0.3,0.3,0.4,2398,260,9.22,34.76%,31.16%,0.352073,"14:38 ET"
NN,13.15,2027-01-15,101,Call,18.00,-37.30%,1.3,1.41,1.5,11482,1245,9.22,104.19%,100.39%,0.379077,"14:04 ET"
CRWD,278.1,2026-10-09,3,Call,292.50,-4.83%,1.08,1.11,1.18,2489,274,9.08,50.29%,52.33%,0.164614,"14:51 ET"
AMD,654.6,2026-10-07,1,Call,672.50,-2.89%,1.1,1.1,1.18,2572,285,9.02,51.92%,46.92%,0.140518,"14:53 ET"
FCEL,20.86,2026-10-09,3,Call,21.50,-2.38%,0.55,0.65,0.7,2014,224,8.99,98.91%,115.07%,0.41802,"14:49 ET"
PCG,12.47,2026-12-18,73,Call,13.00,-4.59%,0.9,0.93,0.94,38011,4251,8.94,45.62%,50.48%,0.478431,"14:56 ET"
AMZN,255.99,2026-10-12,6,Call,252.50,+1.47%,5.3,5.35,5.6,2964,332,8.93,35.86%,25.63%,0.673721,"14:45 ET"
QCOM,182.39,2026-10-16,10,Call,197.50,-8.25%,1.17,1.2,1.25,2390,268,8.92,49.52%,46.93%,0.16626,"14:43 ET"
ARCC,18.66,2027-03-19,164,Put,15.00,-19.53%,0.15,0.25,0.25,1000,113,8.85,18.46%,26.39%,-0.114067,"11:05 ET"
NVDA,240.45,2026-10-12,6,Put,247.50,+3.05%,7.4,7.8,8.1,1124,128,8.78,32.49%,24.62%,-0.816963,"14:38 ET"
TXG,81.44,2026-10-16,10,Call,100.00,-21.15%,0.7,0.89,1,2052,234,8.77,95.38%,103.63%,0.130796,"14:56 ET"
META,742.78,2026-10-07,1,Put,735.00,-1.09%,2.27,2.32,2.37,4053,463,8.75,39.35%,34.44%,-0.277923,"14:52 ET"
MU,1057.34,2026-10-07,1,Call,"1,105.00",-4.22%,0.67,0.67,0.71,3408,396,8.61,44.51%,51.53%,0.057138,"14:52 ET"
META,742.78,2026-10-07,1,Put,742.50,-0.08%,4.95,5.1,5.35,3504,407,8.61,39.35%,33.94%,-0.489813,"14:51 ET"
TSLA,380.28,2026-10-07,1,Put,372.50,-2.01%,0.63,0.63,0.64,13266,1554,8.54,40.62%,39.35%,-0.154045,"14:56 ET"
CORZ,16.89,2027-03-19,164,Call,18.00,-6.76%,2.91,2.96,3.05,1561,184,8.48,71.70%,73.26%,0.561515,"14:41 ET"
MS,191.49,2026-10-16,10,Call,180.00,+5.95%,11.8,12.65,13.3,1003,119,8.43,32.39%,38.49%,0.842371,"12:22 ET"
AMD,654.6,2026-10-09,3,Put,607.50,-7.05%,0.63,0.68,0.7,3851,458,8.41,51.92%,51.39%,-0.05107,"14:38 ET"
HOOD,111.95,2026-10-16,10,Call,116.00,-3.14%,2.43,2.46,2.47,7166,854,8.39,59.12%,54.36%,0.370607,"14:52 ET"
GL,166.79,2026-10-16,10,Call,175.00,-4.73%,0.4,0.43,0.5,1508,180,8.38,24.50%,24.48%,0.134098,"14:45 ET"
MSFT,530.7,2026-10-07,1,Put,525.00,-1.03%,0.99,1.01,1.02,6350,762,8.33,29.76%,27.25%,-0.227601,"14:53 ET"
MU,1057.34,2026-10-07,1,Call,"1,115.00",-5.16%,0.4,0.42,0.43,3127,377,8.29,44.51%,54.41%,0.035099,"14:51 ET"
IOVA,13.23,2026-10-09,3,Put,13.00,-1.44%,0.15,0.31,0.35,2148,260,8.26,99.22%,70.97%,-0.398973,"14:18 ET"
NBIS,253.47,2026-10-09,3,Call,252.50,-0.04%,7.9,7.45,8,4865,589,8.26,81.15%,83.10%,0.529682,"14:50 ET"
U,44.5,2027-02-19,136,Put,38.00,-14.57%,2.75,3.08,3.5,1002,122,8.21,66.58%,60.52%,-0.259048,"10:47 ET"
AVGO,379,2026-10-09,3,Call,397.50,-5.13%,0.99,1,1.05,1044,128,8.16,37.61%,46.72%,0.129443,"14:51 ET"
MRNA,190.57,2026-10-09,3,Put,197.50,+4.15%,10.7,11.17,10.8,1240,152,8.16,92.37%,94.27%,-0.650208,"14:43 ET"
NU,15.61,2026-10-23,17,Put,14.50,-7.35%,0.17,0.18,0.21,2149,264,8.14,48.67%,45.00%,-0.211406,"14:38 ET"
MRVL,288.2,2026-10-16,10,Call,297.50,-3.84%,6.9,7.45,7.6,2246,277,8.11,59.69%,62.06%,0.376292,"14:36 ET"
AAPL,333.1,2026-10-07,1,Put,335.00,+0.44%,2.65,2.67,2.69,7420,915,8.11,24.85%,24.05%,-0.656057,"14:53 ET"
XE,15.68,2026-10-16,10,Call,16.00,-1.33%,0.7,0.7,0.9,907,112,8.1,83.14%,89.90%,0.4801,"14:28 ET"
TSLA,380.28,2026-10-12,6,Call,385.00,-1.27%,4.2,4.2,4.3,3699,457,8.09,40.62%,31.85%,0.39523,"14:54 ET"
TSLA,380.28,2026-10-12,6,Put,380.00,-0.04%,5.85,6,6,1467,183,8.02,40.62%,31.75%,-0.479611,"14:54 ET"
META,742.78,2026-10-07,1,Put,732.50,-1.42%,1.65,1.65,1.77,1247,156,7.99,39.35%,34.64%,-0.21955,"14:48 ET"
PPTA,20.78,2026-11-20,45,Call,22.50,-8.96%,1.15,1.1,1.25,1060,133,7.97,62.67%,62.76%,0.410506,"12:45 ET"
INTC,114.57,2026-10-23,17,Put,113.00,-1.25%,5.5,5.39,5.65,1163,146,7.97,62.35%,65.91%,-0.427186,"14:08 ET"
MU,1057.34,2026-10-07,1,Call,"1,110.00",-4.69%,0.51,0.52,0.52,5901,742,7.95,44.51%,52.61%,0.04361,"14:51 ET"
VST,159.85,2026-10-09,3,Call,162.50,-2.01%,2.11,2.2,2.33,2767,349,7.93,49.02%,55.75%,0.397378,"14:54 ET"
SKHY,183.79,2026-10-09,3,Put,170.00,-7.89%,0.29,0.3,0.32,12911,1629,7.93,51.91%,59.06%,-0.068802,"14:52 ET"
AAPL,333.1,2026-10-07,1,Call,340.00,-1.94%,0.1,0.11,0.11,38563,4861,7.93,24.85%,24.16%,0.058369,"14:53 ET"
MU,1057.34,2026-10-07,1,Call,"1,100.00",-3.75%,0.88,0.9,0.93,29365,3708,7.92,44.51%,50.20%,0.073623,"14:52 ET"
NVAX,11.14,2026-10-09,3,Put,12.00,+8.50%,0.92,1.1,1.3,2654,335,7.92,90.71%,116.48%,-0.770237,"14:14 ET"
OKLO,39.03,2026-10-09,3,Call,41.00,-5.92%,0.44,0.45,0.5,4264,539,7.91,75.32%,82.54%,0.272189,"14:56 ET"
NCLH,15.52,2026-11-20,45,Put,17.00,+9.75%,2.01,2.01,2.11,3169,401,7.9,54.06%,54.23%,-0.643913,"13:19 ET"
TSM,484.49,2026-10-09,3,Call,492.50,-1.87%,2.23,2.17,2.28,2078,264,7.87,32.83%,29.67%,0.282344,"14:46 ET"
CERT,9.36,2026-11-20,45,Call,12.50,-34.12%,0.1,0.22,0.25,5367,685,7.84,127.71%,72.01%,0.157543,"14:14 ET"
MU,1057.34,2026-10-07,1,Call,"1,090.00",-2.80%,1.58,1.57,1.65,7182,919,7.82,44.51%,47.93%,0.124004,"14:52 ET"
INTC,114.57,2026-10-07,1,Call,117.00,-2.25%,0.53,0.55,0.57,14019,1795,7.81,62.35%,58.64%,0.261965,"14:52 ET"
SNDK,1667.83,2026-10-09,3,Call,"1,690.00",-1.25%,25.5,25.7,25.8,871,112,7.78,60.42%,58.36%,0.414002,"14:56 ET"
EBS,7.14,2026-12-18,73,Call,8.00,-12.20%,0.8,0.78,0.85,1018,131,7.77,80.30%,87.71%,0.473527,"14:41 ET"
AGNC,8.69,2027-03-19,164,Call,8.00,+7.41%,0.84,0.84,0.87,1352,174,7.77,29.79%,22.17%,0.715325,"14:49 ET"
RPM,98.57,2026-10-16,10,Call,105.00,-7.39%,0.2,0.25,0.25,1858,240,7.74,31.21%,28.36%,0.103644,"14:56 ET"
UUUU,11.36,2026-10-30,24,Put,11.00,-2.83%,0.51,0.53,0.56,1336,173,7.72,66.18%,63.16%,-0.379673,"14:56 ET"
META,742.78,2026-10-07,1,Call,747.50,-0.59%,3.3,3.5,3.5,2740,355,7.72,39.35%,35.07%,0.367143,"14:50 ET"
CRDO,221.74,2026-10-09,3,Call,232.50,-5.31%,2.45,2.68,2.85,764,100,7.64,74.24%,82.10%,0.272015,"14:50 ET"
AMZN,255.99,2026-10-12,6,Call,267.50,-4.39%,0.44,0.45,0.47,1169,153,7.64,35.86%,27.03%,0.108114,"14:50 ET"
KKR,91.19,2026-11-20,45,Put,90.00,-1.09%,4.3,4.5,4.5,4879,639,7.64,40.73%,39.97%,-0.430329,"13:56 ET"
WMT,107.23,2026-11-20,45,Call,115.00,-7.60%,1.75,1.77,1.79,111303,14561,7.64,28.38%,29.20%,0.27524,"14:57 ET"
VST,159.85,2026-10-09,3,Call,160.00,-0.44%,3.1,3.28,3.45,5939,779,7.62,49.02%,55.08%,0.518597,"14:56 ET"
INTC,114.57,2026-10-12,6,Call,116.00,-1.37%,2.28,2.19,2.39,772,102,7.57,62.35%,49.60%,0.44398,"14:46 ET"
MU,1057.34,2026-10-07,1,Put,"1,040.00",-1.91%,3.15,3.22,3.25,5188,686,7.56,44.51%,44.73%,-0.221947,"14:52 ET"
MSFT,530.7,2026-10-07,1,Call,540.00,-1.80%,0.41,0.43,0.45,24562,3251,7.56,29.76%,27.84%,0.1148,"14:52 ET"
GOOGL,348.35,2026-10-07,1,Call,350.00,-0.43%,1.51,1.53,1.55,27611,3650,7.56,33.49%,30.83%,0.389926,"14:53 ET"
AMD,654.6,2026-10-07,1,Call,690.00,-5.57%,0.18,0.18,0.21,850,113,7.52,51.92%,52.30%,0.028539,"14:52 ET"
HTZ,2.0901,2026-10-30,24,Call,2.0000,+4.76%,0.3,0.32,0.32,17737,2365,7.5,127.15%,120.25%,0.628708,"14:53 ET"
TWST,170.7,2026-10-16,10,Call,210.00,-22.12%,1.25,1.35,1.9,1555,208,7.48,92.70%,102.29%,0.119739,"14:53 ET"
AMZN,255.99,2026-10-12,6,Call,257.50,-0.48%,2.64,2.7,2.72,1530,208,7.36,35.86%,25.31%,0.440802,"14:50 ET"
INTC,114.57,2026-10-07,1,Put,113.00,-1.25%,0.74,0.75,0.77,12242,1677,7.3,62.35%,60.65%,-0.315478,"14:52 ET"
LUNR,14.93,2027-03-19,164,Put,9.00,-39.80%,0.51,0.52,0.85,1419,195,7.28,88.46%,87.92%,-0.119201,"11:52 ET"
MSFT,530.7,2026-10-23,17,Call,570.00,-7.45%,1.15,1.2,1.22,10380,1425,7.28,29.76%,24.20%,0.093484,"14:49 ET"
AAOI,130.13,2026-10-30,24,Put,95.00,-26.78%,0.7,0.89,1.05,1065,147,7.24,99.50%,87.40%,-0.063092,"13:59 ET"
AMD,654.6,2026-10-07,1,Call,640.00,+2.08%,16.05,15.95,16.4,10608,1470,7.22,51.92%,46.61%,0.827772,"14:36 ET"
AMD,654.6,2029-01-19,836,Call,"1,230.00",-88.19%,106.4,108.7,109.25,1743,242,7.2,51.92%,54.62%,0.414746,"14:26 ET"
TLN,371.32,2026-10-16,10,Call,380.00,-3.30%,10.7,11.01,12.2,1669,232,7.19,58.90%,59.77%,0.441247,"14:51 ET"
SPCX,172.41,2026-10-12,6,Put,167.50,-2.62%,1.77,1.81,1.79,2300,324,7.1,49.67%,43.34%,-0.288501,"14:56 ET"
MRVL,288.2,2026-10-09,3,Call,310.00,-8.20%,1.1,1.14,1.22,7179,1011,7.1,59.69%,74.11%,0.125003,"14:51 ET"
FCEL,20.86,2026-10-09,3,Call,22.00,-4.76%,0.4,0.45,0.5,834,118,7.07,98.91%,114.11%,0.332931,"14:52 ET"
MRVL,288.2,2026-10-09,3,Put,292.50,+2.09%,10.9,10.5,11.45,1230,174,7.07,59.69%,73.35%,-0.614203,"14:34 ET"
AMZN,255.99,2026-10-07,1,Put,252.50,-1.47%,0.4,0.41,0.41,15874,2245,7.07,35.86%,29.55%,-0.18569,"14:53 ET"
AMD,654.6,2026-10-07,1,Put,625.00,-4.37%,0.31,0.31,0.37,3136,445,7.05,51.92%,52.85%,-0.045164,"14:48 ET"
NBIS,253.47,2026-10-30,24,Call,280.00,-10.93%,9.55,9.9,10.5,3256,462,7.05,81.15%,75.48%,0.340349,"14:45 ET"
SIMO,284.6,2026-10-16,10,Call,310.00,-8.96%,4.8,5.18,5.7,1218,173,7.04,84.96%,72.65%,0.26662,"14:56 ET"
NNE,16.63,2026-10-16,10,Call,17.00,-2.16%,0.55,0.6,0.7,2729,391,6.98,71.95%,69.01%,0.460192,"14:33 ET"
INTC,114.57,2026-10-09,3,Call,116.00,-1.37%,1.86,1.88,1.91,9702,1393,6.96,62.35%,59.48%,0.427837,"14:52 ET"
OKLO,39.03,2026-10-09,3,Call,43.00,-11.08%,0.17,0.19,0.21,1166,168,6.94,75.32%,88.95%,0.125577,"14:54 ET"
BW,5.98,2026-11-20,45,Call,6.00,-0.84%,0.85,0.85,0.95,3169,457,6.93,101.87%,107.25%,0.577187,"14:38 ET"
NBIS,253.47,2026-10-09,3,Put,245.00,-2.94%,3.75,3.8,3.85,3085,446,6.92,81.15%,79.55%,-0.311336,"14:52 ET"
AMD,654.6,2026-10-07,1,Put,622.50,-4.76%,0.24,0.26,0.29,898,130,6.91,51.92%,53.93%,-0.035736,"14:45 ET"
CRWV,93.03,2026-10-16,10,Put,87.00,-5.82%,1.79,1.95,1.85,1849,268,6.9,76.75%,69.32%,-0.26498,"14:24 ET"
AVGO,379,2026-10-09,3,Put,375.00,-0.82%,3.8,3.82,3.95,2801,408,6.87,37.61%,40.25%,-0.390114,"14:52 ET"
MRVL,288.2,2026-10-09,3,Put,277.50,-3.14%,3.8,4,4.1,1208,176,6.86,59.69%,74.03%,-0.309194,"14:52 ET"
HUT,90.9,2026-11-20,45,Call,105.00,-15.75%,6.75,6.84,7.35,1522,222,6.86,92.00%,93.53%,0.396923,"11:27 ET"
TEM,73,2026-10-09,3,Call,75.00,-2.14%,1.41,1.46,1.56,1260,184,6.85,79.01%,91.18%,0.373727,"14:55 ET"
NKE,34.4,2026-10-09,3,Put,34.50,+0.70%,0.51,0.54,0.55,3845,561,6.85,36.63%,37.67%,-0.53269,"14:55 ET"
AMD,654.6,2026-10-07,1,Put,630.00,-3.61%,0.51,0.55,0.55,5456,796,6.85,51.92%,50.09%,-0.069208,"14:52 ET"
CCJ,93.54,2026-10-23,17,Put,85.00,-9.12%,0.54,0.57,0.84,1280,187,6.84,46.72%,43.67%,-0.146086,"14:12 ET"
BILI,14.93,2028-01-21,472,Call,23.00,-54.05%,1.54,1.76,1.98,940,138,6.81,50.42%,53.55%,0.378146,"11:22 ET"
MRVL,288.2,2026-10-09,3,Call,312.50,-9.08%,0.91,0.98,0.98,862,127,6.79,59.69%,74.90%,0.104616,"14:49 ET"
OKLO,39.03,2026-10-30,24,Put,32.00,-17.33%,0.35,0.37,0.45,2534,375,6.76,75.32%,69.27%,-0.110427,"13:58 ET"
META,742.78,2026-10-07,1,Call,742.50,+0.08%,5.35,5.5,5.7,6760,1001,6.75,39.35%,34.88%,0.510506,"14:52 ET"
XPEV,9.56,2027-01-15,101,Call,9.00,+5.86%,1.41,1.42,1.44,4007,596,6.72,50.94%,55.14%,0.652227,"14:56 ET"
UNM,92.29,2026-12-18,73,Call,100.00,-8.40%,2.8,2.85,2.85,12085,1810,6.68,33.56%,33.88%,0.331607,"14:57 ET"
MRVL,288.2,2026-12-18,73,Call,330.00,-15.18%,17.65,17.95,18.5,5994,899,6.67,59.69%,64.04%,0.371885,"14:51 ET"
AVGO,379,2026-10-12,6,Call,380.00,-0.50%,5.75,6,5.95,2415,363,6.65,37.61%,33.42%,0.476578,"14:42 ET"
LEN,77.53,2026-11-20,45,Call,105.00,-35.76%,0.1,0.12,0.15,1003,151,6.64,41.56%,43.68%,0.02877,"12:48 ET"
WDC,410.43,2026-10-09,3,Call,415.00,-1.62%,7.9,8.3,8.55,1228,186,6.6,64.18%,67.32%,0.450666,"14:55 ET"
MSFT,530.7,2026-10-09,3,Put,530.00,-0.09%,4.5,4.7,4.7,2285,346,6.6,29.76%,25.65%,-0.474683,"14:50 ET"
TLN,371.32,2026-12-18,73,Call,380.00,-3.30%,31.7,33.07,36.6,1508,229,6.59,58.90%,54.69%,0.52821,"14:18 ET"
PCVX,65.53,2026-10-16,10,Put,65.00,-0.85%,2.1,2.3,2.5,1025,156,6.57,53.03%,60.08%,-0.443996,"14:41 ET"
MRVL,288.2,2026-10-09,3,Call,320.00,-11.69%,0.45,0.5,0.51,5603,857,6.54,59.69%,76.41%,0.058007,"14:51 ET"
AMZN,255.99,2026-10-07,1,Call,260.00,-1.46%,0.38,0.39,0.39,49036,7515,6.53,35.86%,31.23%,0.172733,"14:53 ET"
CRWV,93.03,2028-01-21,472,Put,62.50,-32.34%,11.4,11.35,11.75,2008,308,6.52,76.75%,75.06%,-0.17355,"14:05 ET"
P,148.26,2026-10-16,10,Call,160.00,-8.16%,1.75,1.83,1.95,716,110,6.51,66.77%,58.42%,0.231999,"14:53 ET"
AMD,654.6,2026-10-07,1,Call,665.00,-1.75%,2.4,2.46,2.5,5479,842,6.51,51.92%,45.70%,0.261558,"14:53 ET"
AMZN,255.99,2026-10-07,1,Call,252.50,+1.47%,3.8,3.97,4.05,15094,2332,6.47,35.86%,30.48%,0.807287,"14:52 ET"
NVDA,240.45,2026-10-07,1,Call,240.00,+0.07%,1.67,1.68,1.68,86250,13332,6.47,32.49%,28.93%,0.549816,"14:57 ET"
DKNG,19.92,2027-02-19,136,Call,20.00,-0.30%,3.15,3.15,3.35,2506,388,6.46,66.41%,65.85%,0.589191,"14:16 ET"
SNDK,1667.83,2026-10-16,10,Call,"1,680.00",-0.65%,57.1,57.45,57.7,1012,157,6.45,60.42%,56.56%,0.492203,"14:56 ET"
GEV,1029.15,2026-10-09,3,Call,"1,100.00",-6.93%,1.6,1.8,2,2032,316,6.43,48.17%,51.93%,0.082925,"14:50 ET"
MSFT,530.7,2026-10-07,1,Put,520.00,-1.97%,0.33,0.34,0.36,3873,604,6.41,29.76%,29.03%,-0.091443,"14:53 ET"
USAR,13.9,2027-03-19,164,Call,15.00,-7.99%,2.48,2.47,2.57,3815,596,6.4,73.48%,76.11%,0.560331,"14:38 ET"
CRWV,93.03,2026-10-30,24,Put,76.00,-17.73%,0.97,1,1.02,1824,286,6.38,76.75%,70.35%,-0.113096,"13:58 ET"
NVDA,240.45,2026-10-07,1,Put,247.50,+3.05%,7.05,7.48,7.25,1032,162,6.37,32.49%,32.07%,-0.959235,"14:46 ET"
HUT,90.9,2026-12-18,73,Put,85.00,-6.29%,10.5,10.9,10.9,711,112,6.35,92.00%,88.13%,-0.351201,"14:39 ET"
TSLA,380.28,2026-10-09,3,Put,382.50,+0.62%,6.25,6.4,6.35,4850,771,6.29,40.62%,37.54%,-0.558237,"14:54 ET"
MU,1057.34,2026-10-07,1,Put,"1,050.00",-0.97%,5.95,6.1,6.1,8027,1276,6.29,44.51%,44.05%,-0.358695,"14:52 ET"
AVGO,379,2026-10-09,3,Put,370.00,-2.14%,2.15,2.28,2.21,3082,494,6.24,37.61%,40.11%,-0.258054,"14:46 ET"
AVGO,379,2026-10-12,6,Call,390.00,-3.14%,2.62,2.66,2.76,809,130,6.22,37.61%,35.23%,0.264794,"14:46 ET"
AMD,654.6,2026-10-07,1,Put,620.00,-5.14%,0.21,0.21,0.22,3152,509,6.19,51.92%,55.38%,-0.029066,"14:53 ET"
CRWV,93.03,2026-10-16,10,Call,94.00,-1.75%,3.7,3.8,3.85,1322,214,6.18,76.75%,69.84%,0.482397,"14:50 ET"
SPCX,172.41,2026-10-16,10,Put,175.00,+1.74%,6.65,6.6,6.7,5385,872,6.18,49.67%,46.88%,-0.556985,"14:54 ET"
MSTR,163.45,2026-10-09,3,Put,167.50,+2.09%,6,6.2,6.05,3565,581,6.14,64.15%,66.20%,-0.630555,"14:50 ET"
NVDA,240.45,2026-10-07,1,Put,237.50,-1.12%,0.49,0.5,0.5,48213,7877,6.12,32.49%,30.75%,-0.220996,"14:57 ET"
INTC,114.57,2026-10-09,3,Call,115.00,-0.50%,2.28,2.3,2.33,34452,5650,6.1,62.35%,59.04%,0.491283,"14:52 ET"
MRNA,190.57,2026-10-09,3,Call,212.50,-12.06%,0.97,0.99,1,890,146,6.1,92.37%,99.55%,0.120836,"14:52 ET"
EMR,162.82,2026-12-18,73,Call,185.00,-13.60%,2,2.05,2.2,1499,246,6.09,31.97%,29.30%,0.189966,"14:52 ET"
SNDK,1667.83,2026-10-09,3,Call,"1,700.00",-1.85%,22,22.2,22.2,3548,583,6.09,60.42%,58.66%,0.371894,"14:56 ET"
AVGO,379,2026-10-09,3,Call,402.50,-6.45%,0.62,0.65,0.65,690,114,6.05,37.61%,48.40%,0.084855,"14:48 ET"
MU,1057.34,2026-10-07,1,Call,"1,150.00",-8.46%,0.11,0.13,0.13,13175,2185,6.03,44.51%,67.16%,0.009648,"14:53 ET"
FSLR,179.22,2026-10-09,3,Put,172.50,-3.95%,0.8,0.93,0.97,789,131,6.02,56.80%,51.26%,-0.188924,"14:39 ET"
META,742.78,2026-10-07,1,Put,725.00,-2.43%,0.62,0.68,0.68,2985,496,6.02,39.35%,35.94%,-0.097902,"14:50 ET"
NET,356.2,2026-11-20,45,Call,410.00,-14.80%,14.8,15.4,15.55,1473,245,6.01,63.78%,65.85%,0.319267,"14:43 ET"
UMAC,22.54,2027-02-19,136,Put,22.50,+0.76%,4.7,4.84,5.2,1502,250,6.01,95.79%,95.51%,-0.376069,"14:13 ET"
AMZN,255.99,2026-10-07,1,Put,265.00,+3.41%,7.85,9.03,9.2,1357,227,5.98,35.86%,30.61%,-0.987529,"14:50 ET"
TSLA,380.28,2026-10-07,1,Put,370.00,-2.67%,0.38,0.38,0.39,30559,5107,5.98,40.62%,41.13%,-0.098691,"14:57 ET"
MU,1057.34,2026-10-07,1,Call,"1,125.00",-6.11%,0.25,0.29,0.28,2681,449,5.97,44.51%,57.60%,0.022493,"14:49 ET"
MSTR,163.45,2026-10-23,17,Put,175.00,+6.66%,15.35,15.25,15.8,703,118,5.96,64.15%,62.61%,-0.659879,"12:40 ET"
NBIS,253.47,2026-10-09,3,Call,257.50,-2.02%,5.6,5.55,5.8,2182,366,5.96,81.15%,82.97%,0.426119,"14:48 ET"
NVDA,240.45,2026-10-12,6,Call,245.00,-2.01%,1.23,1.23,1.26,6906,1159,5.96,32.49%,23.80%,0.278725,"14:57 ET"
SNDK,1667.83,2026-10-09,3,Put,"1,675.00",+0.35%,37.9,37.8,38.2,1341,226,5.93,60.42%,57.24%,-0.520741,"14:54 ET"
WDC,410.43,2026-10-09,3,Call,410.00,-0.39%,10.1,10.55,10.85,787,134,5.87,64.18%,66.79%,0.529804,"14:55 ET"
CRWV,93.03,2026-10-16,10,Call,92.00,+0.41%,4.65,4.65,4.8,2442,416,5.87,76.75%,69.91%,0.55642,"14:51 ET"
PANW,417.54,2026-10-09,3,Call,100.00,+76.11%,316.2,318.25,320.3,582,100,5.82,53.66%,437.53%,0.999929,"14:53 ET"
AMD,654.6,2028-06-16,619,Call,990.00,-51.47%,108.5,103.07,112.1,780,134,5.82,51.92%,54.73%,0.45339,"09:57 ET"
INTC,114.57,2026-10-07,1,Put,109.00,-4.75%,0.1,0.11,0.11,1594,275,5.8,62.35%,63.89%,-0.062332,"14:52 ET"
TSLA,380.28,2026-10-07,1,Call,380.00,+0.04%,3.1,3.1,3.15,59273,10220,5.8,40.62%,37.29%,0.521389,"14:57 ET"
LAES,2.45,2026-11-20,45,Call,2.00,+18.70%,0.48,0.5,0.56,18899,3271,5.78,67.17%,66.12%,0.848263,"14:27 ET"
PBR,24.1,2026-11-13,38,Call,25.00,-4.08%,0.72,0.93,1.08,681,118,5.77,40.57%,41.76%,0.4139,"11:34 ET"
RIOT,19.14,2026-10-16,10,Call,20.50,-7.16%,0.43,0.47,0.49,1470,255,5.76,78.17%,74.79%,0.318685,"14:38 ET"
SPCX,172.41,2026-10-09,3,Call,175.00,-1.74%,2.14,2.15,2.15,72214,12602,5.73,49.67%,51.85%,0.387071,"14:57 ET"
UMAC,22.54,2027-02-19,136,Call,35.00,-56.74%,2.05,2.15,2.25,1505,263,5.72,95.79%,95.04%,0.330479,"12:55 ET"
PLTR,192.41,2026-10-09,3,Put,192.50,+0.08%,3.15,3.15,3.2,5892,1031,5.71,52.28%,44.47%,-0.500496,"14:56 ET"
UUUU,11.36,2026-10-09,3,Call,11.50,-1.59%,0.24,0.25,0.25,9120,1600,5.7,66.18%,71.88%,0.453521,"14:57 ET"
TSLA,380.28,2026-10-07,1,Call,395.00,-3.90%,0.14,0.15,0.15,14385,2524,5.7,40.62%,41.85%,0.04297,"14:56 ET"
MU,1057.34,2026-10-16,10,Call,"1,045.00",+1.44%,37.8,37.75,38,927,163,5.69,44.51%,43.36%,0.590306,"14:52 ET"
LCID,4.16,2026-12-18,73,Put,3.50,-16.07%,0.35,0.4,0.4,847,149,5.68,92.07%,97.55%,-0.267323,"10:39 ET"
META,742.78,2026-10-07,1,Put,737.50,-0.75%,3,3.05,3.2,5329,939,5.68,39.35%,34.36%,-0.344016,"14:48 ET"
DELL,576.4,2026-10-09,3,Put,575.00,+0.20%,11.45,11.7,11.85,732,129,5.67,58.14%,58.06%,-0.478254,"14:51 ET"
WDC,410.43,2026-10-23,17,Call,450.00,-10.19%,8.2,8.5,8.85,895,158,5.66,64.18%,61.40%,0.2725,"14:55 ET"
MRVL,288.2,2026-10-09,3,Call,325.00,-13.44%,0.29,0.31,0.38,4033,714,5.65,59.69%,78.96%,0.041335,"14:51 ET"
LRCX,332.73,2026-10-16,10,Put,297.50,-10.35%,1.3,1.35,1.56,1040,185,5.62,56.60%,54.12%,-0.098081,"14:10 ET"
NVDA,240.45,2026-10-23,17,Call,240.00,+0.07%,6.2,6.26,6.3,54771,9783,5.6,32.49%,28.30%,0.533629,"14:55 ET"
AAOI,130.13,2026-10-09,3,Put,125.00,-3.65%,2.2,2.2,2.3,665,119,5.59,99.50%,95.02%,-0.301392,"14:52 ET"
STX,804.53,2026-10-09,3,Call,850.00,-5.83%,4.8,5.4,5.8,1145,205,5.59,64.67%,67.67%,0.198258,"14:56 ET"
ASTS,62.92,2026-10-09,3,Put,62.00,-1.18%,1.34,1.5,1.47,3356,602,5.57,80.59%,79.46%,-0.41209,"14:49 ET"
VST,159.85,2026-10-09,3,Call,165.00,-3.58%,1.37,1.45,1.49,3428,616,5.56,49.02%,56.08%,0.288198,"14:55 ET"
MU,1057.34,2026-10-07,1,Put,"1,075.00",+1.39%,20.15,19.53,20.35,1419,256,5.54,44.51%,44.45%,-0.743443,"14:48 ET"
APOG,40.83,2026-10-16,10,Call,45.00,-9.41%,0.15,0.29,0.4,680,123,5.53,38.14%,51.74%,0.155318,"14:36 ET"
EIX,53.99,2026-10-16,10,Call,50.00,+6.91%,3.5,3.75,4,678,123,5.51,37.23%,24.66%,0.974926,"14:49 ET"
STZ,116.11,2026-10-16,10,Call,117.00,-1.21%,3,3.2,3.3,678,123,5.51,35.31%,45.22%,0.483436,"14:57 ET"
VST,159.85,2026-10-30,24,Call,170.00,-6.72%,3.8,4.15,4.2,1045,190,5.5,49.02%,46.61%,0.336193,"14:54 ET"
AVGO,379,2026-11-20,45,Call,470.00,-24.30%,1.92,1.95,1.98,8950,1627,5.5,37.61%,41.39%,0.082316,"14:51 ET"
META,742.78,2026-10-07,1,Put,720.00,-3.11%,0.34,0.36,0.39,2426,442,5.49,39.35%,37.91%,-0.057479,"14:49 ET"
UMAC,22.54,2027-02-19,136,Put,17.50,-21.63%,2.15,2.21,2.3,1501,275,5.46,95.79%,92.04%,-0.22445,"14:54 ET"
QBTS,15.86,2027-03-19,164,Put,10.00,-36.75%,0.47,0.5,0.6,1434,263,5.45,71.88%,73.87%,-0.111821,"14:31 ET"
NVDA,240.45,2026-10-12,6,Put,240.00,-0.07%,2.72,2.73,2.76,4361,803,5.43,32.49%,24.39%,-0.466482,"14:56 ET"
INTC,114.57,2026-10-16,10,Call,112.00,+2.12%,5.65,6,5.75,602,111,5.42,62.35%,55.73%,0.622298,"14:16 ET"
INTC,114.57,2026-10-07,1,Put,112.00,-2.12%,0.47,0.46,0.49,5175,954,5.42,62.35%,60.86%,-0.224231,"14:52 ET"
CVX,208.32,2027-03-19,164,Call,290.00,-39.28%,0.75,0.79,1.02,664,123,5.4,27.93%,28.89%,0.055267,"12:58 ET"
SKHY,183.79,2026-10-09,3,Call,187.50,-1.59%,2.12,2.15,2.16,1835,340,5.4,51.91%,55.07%,0.354408,"14:56 ET"
SKHY,183.79,2026-10-09,3,Call,190.00,-2.94%,1.45,1.45,1.48,6331,1178,5.37,51.91%,55.96%,0.26508,"14:56 ET"
LYFT,15.71,2026-10-09,3,Put,16.00,+2.56%,0.43,0.46,0.5,665,124,5.36,53.34%,49.40%,-0.66164,"10:50 ET"
ALAB,390.88,2026-10-09,3,Call,385.00,+1.64%,11.75,16.44,13.6,1085,203,5.34,85.16%,84.29%,0.539448,"14:19 ET"
MRVL,288.2,2026-10-09,3,Call,335.00,-16.93%,0.11,0.12,0.18,1287,241,5.34,59.69%,82.11%,0.01909,"14:51 ET"
FCEL,20.86,2026-10-09,3,Call,20.50,+2.38%,1,1.1,1.2,590,111,5.32,98.91%,116.25%,0.598008,"14:51 ET"
SNDK,1667.83,2026-10-09,3,Call,"1,680.00",-0.65%,29.6,29.7,29.8,1575,296,5.32,60.42%,58.19%,0.457979,"14:57 ET"
MSFT,530.7,2026-12-18,73,Call,610.00,-14.99%,5.3,5.45,5.5,5852,1099,5.32,29.76%,28.28%,0.161315,"14:47 ET"
CEG,300.09,2026-10-16,10,Call,310.00,-4.29%,4.7,4.74,5.1,1373,259,5.3,48.33%,47.11%,0.332648,"14:50 ET"
FSLR,179.22,2026-10-09,3,Call,192.50,-7.18%,0.32,0.3,0.35,725,137,5.29,56.80%,54.79%,0.083804,"14:40 ET"
VST,159.85,2026-10-09,3,Call,157.50,+1.13%,4.4,4.4,4.85,2259,429,5.27,49.02%,54.12%,0.643415,"14:46 ET"
MRVL,288.2,2026-10-09,3,Call,300.00,-4.71%,2.63,2.7,2.8,21369,4051,5.27,59.69%,72.70%,0.249395,"14:51 ET"
AMD,654.6,2026-10-09,3,Put,637.50,-2.46%,4.4,4.47,4.55,705,134,5.26,51.92%,47.30%,-0.258614,"14:51 ET"
NVDA,240.45,2026-10-14,8,Put,240.00,-0.07%,3.3,3.44,3.55,793,151,5.25,32.49%,26.10%,-0.468658,"14:54 ET"
AMZN,255.99,2026-10-09,3,Put,265.00,+3.41%,9,9.4,9.5,1553,296,5.25,35.86%,28.05%,-0.914174,"14:09 ET"
AVGO,379,2026-10-09,3,Put,367.50,-2.81%,1.57,1.61,1.62,967,186,5.2,37.61%,40.27%,-0.20251,"14:45 ET"
AMZN,255.99,2026-10-07,1,Call,262.50,-2.44%,0.14,0.16,0.16,10172,1959,5.19,35.86%,33.24%,0.075585,"14:52 ET"
QBTS,15.86,2026-10-16,10,Call,16.50,-4.36%,0.42,0.41,0.45,2452,474,5.17,71.88%,64.52%,0.38725,"14:25 ET"
NVDA,240.45,2026-10-09,3,Put,242.50,+0.97%,3.5,3.5,3.6,12011,2323,5.17,32.49%,27.44%,-0.62869,"14:53 ET"
SPCX,172.41,2026-10-09,3,Put,180.00,+4.65%,8.4,8.5,8.5,1275,247,5.16,49.67%,53.99%,-0.803343,"14:57 ET"
DELL,576.4,2026-10-09,3,Call,585.00,-1.94%,8.15,8.5,8.85,1816,352,5.16,58.14%,59.73%,0.396252,"14:52 ET"
VKTX,28.53,2027-05-21,227,Put,30.00,+4.97%,6.15,6.25,6.6,514,100,5.14,68.04%,66.15%,-0.422949,"14:14 ET"
SHAK,65.07,2027-03-19,164,Put,70.00,+7.87%,11.4,11.7,11.9,1001,195,5.13,59.86%,53.63%,-0.498869,"14:10 ET"
MU,1057.34,2026-10-07,1,Call,"1,120.00",-5.63%,0.32,0.33,0.34,4570,891,5.13,44.51%,55.99%,0.027992,"14:50 ET"
RUM,7.68,2026-10-09,3,Put,14.50,+88.56%,6.4,6.72,7,675,132,5.11,85.74%,310.16%,-0.983227,"14:53 ET"
SNDK,1667.83,2026-10-09,3,Put,"1,680.00",+0.65%,40.7,40.88,41,1420,278,5.11,60.42%,57.30%,-0.543539,"14:56 ET"
PCVX,65.53,2026-11-20,45,Call,75.00,-14.40%,1.75,1.84,2.2,1176,231,5.09,53.03%,54.50%,0.279714,"13:24 ET"
SPCX,172.41,2026-10-19,13,Call,200.00,-16.27%,0.42,0.43,0.47,569,112,5.08,49.67%,49.92%,0.06502,"14:56 ET"
SHAK,65.07,2026-10-16,10,Call,70.00,-7.87%,0.4,0.69,0.6,547,108,5.06,59.86%,47.35%,0.185948,"13:06 ET"
META,742.78,2026-10-09,3,Call,752.50,-1.27%,5.7,5.9,6.1,2354,465,5.06,39.35%,36.92%,0.356533,"14:42 ET"
MRNA,190.57,2026-10-09,3,Put,192.50,+1.51%,7.5,7.35,7.6,676,134,5.04,92.37%,93.21%,-0.534814,"14:51 ET"
NVDA,240.45,2026-10-12,6,Call,242.50,-0.97%,2.07,2.09,2.1,4702,936,5.02,32.49%,23.99%,0.401946,"14:56 ET"
DELL,576.4,2026-10-09,3,Put,580.00,+1.07%,13.9,14.5,14.7,680,136,5,58.14%,58.01%,-0.543919,"14:42 ET"
XFOR,2.78,2027-03-19,164,Call,5.00,-80.51%,0.2,0.25,0.25,4000,800,5,463.53%,94.06%,0.277981,"14:57 ET"
BE,298.59,2026-10-09,3,Put,295.00,-1.02%,6,6.13,6.2,1977,397,4.98,78.71%,71.74%,-0.416725,"14:52 ET"
NKE,34.4,2026-10-30,24,Call,35.00,-2.16%,0.93,0.96,0.99,4126,828,4.98,36.63%,35.30%,0.437235,"14:57 ET"
BE,298.59,2027-03-19,164,Put,210.00,-29.54%,16.5,16.75,16.95,660,134,4.93,78.71%,75.30%,-0.163583,"14:51 ET"
INTC,114.57,2026-10-12,6,Call,119.00,-3.99%,1.31,1.31,1.41,1902,386,4.93,62.35%,50.67%,0.29818,"14:48 ET"
SPCX,172.41,2026-10-12,6,Call,175.00,-1.74%,2.7,2.76,2.72,7658,1559,4.91,49.67%,43.04%,0.408624,"14:56 ET"
OKLO,39.03,2026-11-06,31,Call,40.00,-3.33%,2.8,2.72,3,596,122,4.89,75.32%,71.77%,0.502821,"14:45 ET"
AAPL,333.1,2026-10-07,1,Put,325.00,-2.55%,0.09,0.1,0.1,11645,2383,4.89,24.85%,28.66%,-0.045826,"14:52 ET"
QGEN,45.56,2026-10-16,10,Call,50.00,-9.87%,0.05,0.2,1.45,886,182,4.87,42.63%,74.12%,0.241425,"09:52 ET"
BYRN,3.7,2027-03-19,164,Call,7.50,-103.25%,0.05,0.23,0.25,500,103,4.85,129.15%,83.67%,0.171033,"12:08 ET"
SCHW,97.03,2029-01-19,836,Put,65.00,-33.13%,3.05,3.22,3.75,500,103,4.85,29.48%,33.05%,-0.115956,"10:09 ET"
ET,20.74,2029-01-19,836,Call,18.00,+12.96%,3.2,3.2,3.5,790,163,4.85,22.11%,19.42%,0.700893,"13:23 ET"
TSLA,380.28,2026-10-14,8,Call,382.50,-0.62%,6.7,6.63,6.9,717,148,4.84,40.62%,34.24%,0.471129,"14:48 ET"
AMD,654.6,2026-10-07,1,Put,615.00,-5.90%,0.14,0.15,0.15,1763,364,4.84,51.92%,58.41%,-0.019567,"14:50 ET"
MRVL,288.2,2026-10-30,24,Put,170.00,-40.66%,0.07,0.1,0.1,507,105,4.83,59.69%,80.87%,-0.004312,"12:36 ET"
HUM,404.82,2026-10-16,10,Put,350.00,-13.39%,5.9,7.27,6.7,1259,261,4.82,68.52%,99.03%,-0.165654,"14:17 ET"
MSTR,163.45,2026-10-16,10,Put,162.50,-0.96%,5.7,5.65,5.75,5809,1205,4.82,64.15%,59.90%,-0.443642,"14:35 ET"
MSFT,530.7,2026-10-12,6,Call,550.00,-3.68%,0.84,0.84,0.91,917,191,4.8,29.76%,22.93%,0.116237,"14:43 ET"
NBIS,253.47,2026-10-09,3,Call,260.00,-3.01%,4.7,4.7,4.85,11790,2462,4.79,81.15%,83.03%,0.376596,"14:52 ET"
INTC,114.57,2026-10-12,6,Call,115.00,-0.50%,2.76,2.69,2.81,899,189,4.76,62.35%,49.67%,0.498161,"14:48 ET"
HTZ,2.0901,2026-10-30,24,Call,2.5000,-19.05%,0.15,0.16,0.16,6970,1463,4.76,127.15%,133.40%,0.372851,"14:52 ET"
MRVL,288.2,2026-10-09,3,Call,307.50,-7.33%,1.36,1.44,1.5,997,210,4.75,59.69%,73.46%,0.149293,"14:51 ET"
INTC,114.57,2026-10-12,6,Call,118.00,-3.12%,1.6,1.66,1.68,710,150,4.73,62.35%,50.33%,0.343542,"14:52 ET"
XE,15.68,2026-10-16,10,Call,17.00,-7.66%,0.4,0.43,0.5,948,201,4.72,83.14%,89.21%,0.322019,"14:47 ET"
ADBE,237.25,2026-10-09,3,Put,222.50,-6.38%,0.24,0.26,0.3,532,113,4.71,39.74%,46.59%,-0.061317,"14:47 ET"
CRWV,93.03,2026-10-23,17,Call,93.00,-0.67%,5.35,5.55,5.55,1371,292,4.7,76.75%,68.46%,0.528526,"14:50 ET"
MSFT,530.7,2026-10-30,24,Call,480.00,+9.51%,54.5,55,55.75,907,194,4.68,29.76%,37.63%,0.865578,"14:45 ET"
INTC,114.57,2026-10-07,1,Put,116.00,+1.37%,2.2,2.23,2.27,11249,2403,4.68,62.35%,61.52%,-0.633136,"14:52 ET"
CTVA,13.98,2026-10-16,10,Put,12.50,-10.01%,0.1,0.15,0.15,508,109,4.66,57.92%,68.14%,-0.146142,"14:36 ET"
META,742.78,2026-10-07,1,Put,750.00,+0.93%,9.5,9.65,10.1,755,162,4.66,39.35%,34.65%,-0.701906,"14:43 ET"
MU,1057.34,2026-10-07,1,Call,"1,050.00",+0.97%,14.7,14.8,14.85,2924,628,4.66,44.51%,45.13%,0.638503,"14:51 ET"
NVDA,240.45,2026-10-12,6,Put,245.00,+2.01%,5.45,5.82,6.05,521,112,4.65,32.49%,24.09%,-0.721766,"14:40 ET"
CAT,866.06,2026-11-20,45,Call,880.00,-1.76%,44.6,45.25,45.75,603,130,4.64,40.99%,41.46%,0.493919,"13:14 ET"
SPCX,172.41,2026-10-12,6,Put,175.00,+1.74%,5.2,5.24,5.25,3088,666,4.64,49.67%,43.35%,-0.591811,"14:57 ET"
CMCSA,21.55,2026-10-16,10,Call,21.50,-0.09%,0.28,0.29,0.3,5624,1211,4.64,36.72%,20.82%,0.501096,"14:30 ET"
MU,1057.34,2026-10-07,1,Call,"1,085.00",-2.33%,2.14,2.18,2.21,5754,1246,4.62,44.51%,46.96%,0.16047,"14:52 ET"
META,742.78,2026-10-07,1,Call,765.00,-2.95%,0.5,0.52,0.54,3271,709,4.61,39.35%,39.21%,0.076486,"14:52 ET"
SOFI,15.86,2027-04-16,192,Call,18.00,-13.64%,1.75,1.74,1.78,3426,743,4.61,49.82%,52.83%,0.468281,"14:46 ET"
MCD,232.38,2026-10-09,3,Put,237.50,+2.26%,5.2,5.59,5.95,772,168,4.6,23.18%,21.02%,-0.881166,"14:47 ET"
MU,1057.34,2026-10-09,3,Call,"1,062.50",-0.21%,15.6,15.66,15.75,1030,224,4.6,44.51%,45.60%,0.474166,"14:53 ET"
META,742.78,2026-10-07,1,Put,727.50,-2.10%,0.86,0.93,0.94,2699,588,4.59,39.35%,35.38%,-0.129664,"14:49 ET"
MRNA,190.57,2026-10-09,3,Put,200.00,+5.47%,12.5,12.35,12.65,3315,723,4.59,92.37%,95.24%,-0.700896,"14:51 ET"
INTC,114.57,2026-10-16,10,Call,113.00,+1.25%,5.1,5.56,5.2,958,209,4.58,62.35%,55.97%,0.584979,"14:07 ET"
INTC,114.57,2027-09-17,346,Call,165.00,-44.19%,15.15,15.3,15.6,557,122,4.57,62.35%,63.61%,0.411753,"14:19 ET"
NVDA,240.45,2026-11-06,31,Put,240.00,-0.07%,7.3,7.37,7.45,2543,556,4.57,32.49%,28.27%,-0.46429,"14:55 ET"
META,742.78,2026-10-09,3,Call,742.50,+0.08%,9.85,10.2,10.3,2702,591,4.57,39.35%,36.81%,0.512764,"14:48 ET"
INTC,114.57,2026-10-12,6,Call,117.00,-2.25%,1.92,1.85,2.01,880,193,4.56,62.35%,50.00%,0.392363,"14:47 ET"
PLTR,192.41,2026-10-09,3,Put,197.50,+2.68%,6.25,6.1,6.45,830,183,4.54,52.28%,44.14%,-0.740367,"14:44 ET"
BE,298.59,2026-10-09,3,Call,297.50,+0.18%,8.2,8.7,8.5,1267,279,4.54,78.71%,73.05%,0.53229,"14:47 ET"
DAL,83.23,2026-11-20,45,Call,85.00,-2.09%,3.9,3.98,4.05,5259,1158,4.54,42.60%,39.78%,0.477575,"14:53 ET"
PLTR,192.41,2026-10-09,3,Call,192.50,-0.08%,3.05,3.2,3.15,14888,3292,4.52,52.28%,45.66%,0.500566,"14:56 ET"
META,742.78,2026-10-07,1,Put,730.00,-1.76%,1.19,1.15,1.3,3970,880,4.51,39.35%,34.95%,-0.170036,"14:49 ET"
MRVL,288.2,2026-11-06,31,Put,250.00,-12.74%,4.7,5.3,5.6,509,113,4.5,59.69%,57.57%,-0.182024,"14:45 ET"
MGNI,24.81,2027-01-15,101,Call,27.00,-9.00%,2,2.3,2.35,2020,449,4.5,63.60%,56.24%,0.460088,"12:49 ET"
TSM,484.49,2027-09-17,346,Put,480.00,-0.71%,58.75,59.05,59.2,516,115,4.49,32.83%,36.89%,-0.393958,"14:56 ET"
AMD,654.6,2026-10-07,1,Call,695.00,-6.34%,0.11,0.12,0.13,638,142,4.49,51.92%,54.02%,0.018033,"14:48 ET"
PWR,720.28,2026-10-16,10,Call,740.00,-3.33%,8.8,9.45,10.3,1078,240,4.49,45.70%,35.61%,0.346295,"14:51 ET"
MU,1057.34,2026-10-12,6,Call,"1,060.00",+0.02%,20.2,20.14,20.35,573,128,4.48,44.51%,38.28%,0.502779,"14:52 ET"
WDC,410.43,2026-10-09,3,Call,412.50,-1.00%,8.85,9.5,9.7,667,149,4.48,64.18%,66.88%,0.489821,"14:55 ET"
DELL,576.4,2026-10-09,3,Put,570.00,-0.67%,8.85,9.65,9.65,698,156,4.47,58.14%,57.71%,-0.412308,"14:37 ET"
MRNA,190.57,2026-10-09,3,Put,190.00,+0.20%,6.1,6,6.2,3639,815,4.47,92.37%,92.40%,-0.473174,"14:51 ET"
FSLR,179.22,2026-10-09,3,Put,175.00,-2.56%,1.41,1.5,1.62,674,151,4.46,56.80%,51.40%,-0.284109,"14:52 ET"
CEG,300.09,2026-10-16,10,Put,290.00,-2.44%,5,5.6,5.6,779,175,4.45,48.33%,46.44%,-0.334961,"14:44 ET"
ONDS,7.51,2026-11-06,31,Call,7.50,-0.13%,0.58,0.6,0.63,733,165,4.44,72.50%,67.52%,0.548675,"14:53 ET"
CEG,300.09,2026-10-09,3,Call,315.00,-5.97%,1.25,1.15,1.55,1141,257,4.44,48.33%,59.43%,0.167482,"14:45 ET"
GOOGL,348.35,2026-10-07,1,Call,345.00,+1.00%,4.2,4.41,4.45,5399,1215,4.44,33.49%,30.97%,0.728921,"14:44 ET"
ADTN,7.62,2029-01-19,836,Put,3.00,-60.47%,0.1,0.25,0.45,716,162,4.42,74.87%,58.80%,-0.0619,"13:23 ET"
SPCX,172.41,2026-10-23,17,Call,177.50,-3.19%,4.7,4.75,4.75,554,126,4.4,49.67%,45.52%,0.409563,"14:57 ET"
NBIS,253.47,2026-10-09,3,Put,255.00,+1.03%,8.15,8.7,8.25,700,159,4.4,81.15%,79.04%,-0.525491,"14:42 ET"
PL,18.43,2026-10-16,10,Call,21.00,-14.01%,0.2,0.21,0.25,1667,379,4.4,69.49%,79.66%,0.180862,"14:56 ET"
AMZN,255.99,2026-10-14,8,Call,260.00,-1.46%,2.41,2.52,2.61,1387,316,4.39,35.86%,27.20%,0.364054,"14:44 ET"
NTSK,19.51,2026-11-20,45,Call,25.00,-28.21%,0.4,0.43,0.5,555,127,4.37,67.88%,69.18%,0.191654,"14:22 ET"
MSFT,530.7,2026-10-07,1,Call,545.00,-2.74%,0.13,0.14,0.15,6371,1458,4.37,29.76%,29.56%,0.042136,"14:50 ET"
MU,1057.34,2026-10-07,1,Call,"1,095.00",-3.28%,1.17,1.2,1.23,3103,712,4.36,44.51%,48.97%,0.095303,"14:52 ET"
INTC,114.57,2026-10-16,10,Call,116.00,-1.37%,3.7,3.7,3.8,2668,614,4.35,62.35%,56.96%,0.473923,"14:49 ET"
TSLA,380.28,2026-10-09,3,Put,385.00,+1.27%,7.8,7.8,7.9,2948,677,4.35,40.62%,37.76%,-0.631708,"14:56 ET"
NVDA,240.45,2026-10-12,6,Call,220.00,+8.40%,20.2,20.47,21.1,1553,358,4.34,32.49%,36.71%,0.972508,"14:38 ET"
META,742.78,2026-10-07,1,Put,747.50,+0.59%,7.75,8,8.3,515,119,4.33,39.35%,34.05%,-0.637408,"14:35 ET"
RKLB,75.17,2026-10-16,10,Call,78.00,-3.97%,2.21,2.27,2.33,573,133,4.31,74.07%,68.35%,0.399265,"14:33 ET"
B,40.96,2026-10-09,3,Call,41.50,-1.59%,0.31,0.36,0.42,913,212,4.31,40.16%,41.38%,0.357631,"14:33 ET"
AMZN,255.99,2026-10-12,6,Call,262.50,-2.44%,1.11,1.17,1.18,1318,306,4.31,35.86%,25.88%,0.234337,"14:47 ET"
NBIS,253.47,2026-10-09,3,Put,232.50,-7.89%,1.15,1.24,1.18,2042,474,4.31,81.15%,82.85%,-0.120427,"14:50 ET"
HTZ,2.0901,2026-10-23,17,Call,2.5000,-19.05%,0.11,0.12,0.14,2701,627,4.31,127.15%,141.08%,0.3421,"14:43 ET"
TSLA,380.28,2026-10-07,1,Call,377.50,+0.70%,4.55,4.6,4.6,9195,2134,4.31,40.62%,37.29%,0.652439,"14:57 ET"
XE,15.68,2026-11-20,45,Call,22.50,-42.50%,0.3,0.5,0.5,623,145,4.3,83.14%,91.19%,0.170932,"13:28 ET"
SHOP,164.65,2026-10-09,3,Call,172.50,-4.93%,0.75,0.79,0.86,872,203,4.3,59.55%,55.68%,0.182259,"14:42 ET"
NBIS,253.47,2026-10-09,3,Call,270.00,-6.97%,2.22,2.23,2.28,10324,2408,4.29,81.15%,84.55%,0.211901,"14:52 ET"
NVDA,240.45,2026-10-12,6,Call,227.50,+5.28%,13.25,13,13.65,694,162,4.28,32.49%,32.64%,0.911917,"14:55 ET"
MU,1057.34,2026-10-09,3,Call,"1,040.00",+1.91%,28.4,28.5,28.6,1279,299,4.28,44.51%,46.28%,0.672558,"14:52 ET"
CRWV,93.03,2026-10-09,3,Put,91.00,-1.49%,1.68,1.73,1.74,1587,371,4.28,76.75%,75.80%,-0.373199,"14:50 ET"
AMD,654.6,2026-10-09,3,Call,650.00,+0.55%,13.65,13.55,14,8507,1989,4.28,51.92%,47.57%,0.577233,"14:46 ET"
AFRM,74.87,2026-10-09,3,Put,71.00,-5.38%,0.28,0.34,0.37,773,181,4.27,61.97%,57.78%,-0.155188,"14:46 ET"
TSLA,380.28,2026-10-12,6,Call,387.50,-1.93%,3.35,3.25,3.45,902,211,4.27,40.62%,31.99%,0.336422,"14:47 ET"
AVGO,379,2026-10-07,1,Call,372.50,+1.48%,7.1,7.1,7.25,7225,1691,4.27,37.61%,42.39%,0.768908,"14:51 ET"
AAPL,333.1,2026-10-07,1,Call,325.00,+2.55%,8.05,8.72,8.85,823,193,4.26,24.85%,31.85%,0.93574,"14:42 ET"
TSLA,380.28,2026-10-09,3,Put,380.00,-0.04%,4.9,4.95,4.95,11066,2598,4.26,40.62%,37.24%,-0.481367,"14:57 ET"
MSFT,530.7,2026-10-23,17,Call,530.00,+0.09%,11.7,11.93,12.05,6711,1578,4.25,29.76%,24.57%,0.529078,"14:48 ET"
SPCX,172.41,2026-10-09,3,Call,190.00,-10.46%,0.16,0.17,0.17,15946,3755,4.25,49.67%,61.24%,0.04306,"14:55 ET"
NOW,136.61,2026-10-23,17,Call,142.00,-3.78%,3.4,3.5,3.7,522,123,4.24,55.73%,48.34%,0.379379,"14:46 ET"
HPE,70.87,2026-10-09,3,Put,66.00,-6.67%,0.2,0.23,0.23,1161,275,4.22,58.29%,64.36%,-0.105896,"14:50 ET"
UBER,68.96,2028-12-15,801,Call,40.00,+41.95%,35.4,35.71,36.05,906,215,4.21,37.71%,44.57%,0.905995,"14:04 ET"
MU,1057.34,2026-10-07,1,Put,"1,000.00",-5.68%,0.23,0.26,0.26,7922,1883,4.21,44.51%,54.20%,-0.021758,"14:52 ET"
DHR,216.71,2026-10-09,3,Put,217.50,0.00%,2.75,3.3,3.3,944,225,4.2,37.58%,36.03%,-0.515123,"11:30 ET"
MU,1057.34,2027-04-16,192,Call,"1,600.00",-50.91%,35.5,35.8,36.3,1340,320,4.19,44.51%,51.35%,0.193924,"14:44 ET"
MRVL,288.2,2026-10-16,10,Call,340.00,-18.67%,0.76,1.06,0.95,2902,692,4.19,59.69%,66.00%,0.065227,"14:25 ET"
GOOGL,348.35,2026-10-07,1,Call,352.50,-1.15%,0.8,0.84,0.85,5638,1344,4.19,33.49%,31.81%,0.242625,"14:51 ET"
FTAI,177.6,2027-01-15,101,Call,240.00,-36.12%,5.6,6.3,6.6,527,126,4.18,66.16%,60.33%,0.21895,"14:49 ET"
WELL,225,2027-03-19,164,Call,250.00,-11.17%,6.3,6.6,6.6,985,237,4.16,26.33%,23.83%,0.304593,"14:11 ET"
AMD,654.6,2026-10-07,1,Call,635.00,+2.84%,20,19.46,20.9,3418,821,4.16,51.92%,45.43%,0.90305,"14:32 ET"
MRNA,190.57,2026-10-09,3,Call,190.00,-0.20%,6.5,6.65,6.65,2202,531,4.15,92.37%,92.58%,0.527115,"14:52 ET"
AMD,654.6,2026-10-09,3,Put,605.00,-7.43%,0.55,0.55,0.59,2807,677,4.15,51.92%,52.00%,-0.044252,"14:45 ET"
MU,1057.34,2026-10-07,1,Call,"1,135.00",-7.05%,0.17,0.19,0.2,837,202,4.14,44.51%,61.28%,0.015457,"14:51 ET"
NCLH,15.52,2026-11-20,45,Put,16.00,+3.29%,1.39,1.36,1.45,777,188,4.13,54.06%,54.77%,-0.51712,"12:52 ET"
MU,1057.34,2026-10-07,1,Call,"1,040.00",+1.91%,21.85,23.15,22.05,784,190,4.13,44.51%,46.07%,0.771713,"14:47 ET"
ADBE,237.25,2026-10-09,3,Put,225.00,-5.33%,0.31,0.42,0.47,1417,343,4.13,39.74%,43.95%,-0.087941,"14:50 ET"
AVGO,379,2026-10-09,3,Call,405.00,-7.11%,0.49,0.53,0.55,2042,495,4.13,37.61%,49.66%,0.070145,"14:39 ET"
BBWI,18.09,2026-12-18,73,Call,20.00,-10.93%,0.95,1.06,1.1,1005,244,4.12,59.00%,54.25%,0.380957,"13:09 ET"
TEM,73,2026-10-30,24,Put,70.00,-4.67%,4,4,4.5,654,159,4.11,79.01%,76.74%,-0.380041,"14:10 ET"
GME,24.64,2026-10-30,24,Put,26.00,+5.31%,2.11,2.23,2.25,818,199,4.11,51.96%,53.16%,-0.629714,"14:53 ET"
SPCX,172.41,2026-10-12,6,Put,172.50,+0.28%,3.8,3.85,3.85,2907,707,4.11,49.67%,43.42%,-0.489019,"14:56 ET"
AMZN,255.99,2026-10-07,1,Put,250.00,-2.44%,0.13,0.13,0.14,11973,2911,4.11,35.86%,31.15%,-0.072237,"14:52 ET"
CLF,12.31,2026-10-23,17,Call,15.50,-26.22%,0.1,0.12,0.14,1061,259,4.1,68.55%,83.74%,0.118486,"14:52 ET"
INTC,114.57,2026-10-07,1,Put,111.00,-3.00%,0.28,0.33,0.31,2212,540,4.1,62.35%,61.49%,-0.151673,"14:46 ET"
NVDA,240.45,2026-10-09,3,Put,240.00,-0.07%,2.23,2.24,2.25,31206,7634,4.09,32.49%,28.39%,-0.465158,"14:57 ET"
SPCX,172.41,2026-10-09,3,Call,185.00,-7.55%,0.36,0.36,0.38,19752,4845,4.08,49.67%,56.96%,0.091261,"14:57 ET"
NU,15.61,2026-12-18,73,Call,18.00,-15.02%,0.49,0.5,0.51,65546,16119,4.07,48.67%,45.21%,0.282563,"14:55 ET"
TEM,73,2026-10-09,3,Call,77.00,-4.86%,0.92,0.97,0.99,1184,292,4.05,79.01%,93.21%,0.26611,"14:55 ET"
AAOI,130.13,2026-10-16,10,Call,145.00,-11.76%,2.8,2.95,3.3,1862,460,4.05,99.50%,92.91%,0.26899,"14:42 ET"
MSFT,530.7,2026-10-23,17,Call,532.50,-0.38%,10.4,10.75,10.7,521,129,4.04,29.76%,24.35%,0.493461,"14:08 ET"
BE,298.59,2026-10-16,10,Put,282.50,-5.22%,6.3,6.4,6.45,703,174,4.04,78.71%,67.14%,-0.289402,"14:43 ET"
XNDU,5.22,2026-10-09,3,Call,5.50,-5.36%,0.1,0.19,0.2,1419,352,4.03,109.50%,130.34%,0.373,"14:56 ET"
NDSN,335.74,2026-10-16,10,Call,350.00,-4.17%,0.6,0.65,0.7,1227,305,4.02,20.09%,20.33%,0.118781,"14:54 ET"
AVGO,379,2026-10-09,3,Put,362.50,-4.13%,0.8,0.81,0.83,962,240,4.01,37.61%,40.87%,-0.116887,"14:51 ET"
U,44.5,2028-01-21,472,Put,33.00,-25.81%,5.2,5.42,5.65,1122,280,4.01,66.58%,64.32%,-0.202538,"14:21 ET"
KKR,91.19,2028-01-21,472,Call,90.00,+1.09%,17.8,18.6,19.4,550,138,3.99,40.73%,40.42%,0.632676,"11:33 ET"
AVGO,379,2026-10-23,17,Call,370.00,+2.14%,16.65,16.9,17,4427,1110,3.99,37.61%,36.52%,0.63535,"14:43 ET"
WFC,81.42,2028-12-15,801,Call,60.00,+26.38%,27.05,27.6,28.25,510,128,3.98,29.92%,33.29%,0.798099,"12:24 ET"
MRVL,288.2,2026-10-16,10,Call,315.00,-9.95%,2.98,3.2,3.2,1820,457,3.98,59.69%,63.02%,0.195751,"14:51 ET"
FCEL,20.86,2026-10-09,3,Call,19.00,+9.52%,1.95,2.35,2.3,1894,476,3.98,98.91%,115.06%,0.836012,"14:53 ET"
WDC,410.43,2026-10-16,10,Call,410.00,-0.39%,16.55,17.19,17.5,2943,739,3.98,64.18%,60.25%,0.533487,"14:55 ET"
MU,1057.34,2026-10-09,3,Put,"1,062.50",+0.21%,18.75,18.9,18.9,563,142,3.96,44.51%,43.98%,-0.528049,"14:52 ET"
INTC,114.57,2026-10-30,24,Put,113.00,-1.25%,6.9,6.94,7.05,967,244,3.96,62.35%,67.89%,-0.427833,"14:28 ET"
NBIS,253.47,2026-10-09,3,Call,272.50,-7.96%,1.82,1.7,1.88,1011,255,3.96,81.15%,85.15%,0.180619,"14:50 ET"
SMR,8.06,2026-10-23,17,Call,8.50,-5.07%,0.34,0.34,0.36,893,226,3.95,80.52%,75.02%,0.408126,"14:53 ET"
NBIS,253.47,2026-10-09,3,Call,247.50,+1.95%,10.65,10.25,10.85,2930,744,3.94,81.15%,83.56%,0.632521,"14:35 ET"
SPCX,172.41,2026-10-12,6,Call,195.00,-13.37%,0.16,0.18,0.18,1255,319,3.93,49.67%,52.63%,0.037424,"14:53 ET"
AMD,654.6,2028-12-15,801,Call,"1,230.00",-88.19%,103,105.55,106.1,650,166,3.92,51.92%,55.13%,0.407648,"14:45 ET"
MRNA,190.57,2026-10-09,3,Put,167.50,-11.67%,0.43,0.35,0.47,803,205,3.92,92.37%,94.41%,-0.061706,"14:41 ET"
CAT,866.06,2026-11-20,45,Call,930.00,-7.54%,26.25,27.08,27.7,1058,270,3.92,40.99%,41.35%,0.346051,"13:18 ET"
IOVA,13.23,2026-10-09,3,Put,14.00,+6.14%,0.7,1,1.15,1762,450,3.92,99.22%,80.01%,-0.784829,"12:09 ET"
JBLU,4.03,2028-01-21,472,Put,7.00,+73.70%,3.1,3.2,3.25,1876,478,3.92,64.36%,59.32%,-0.714545,"14:06 ET"
AMD,654.6,2026-10-09,3,Call,660.00,-0.98%,8.8,8.9,9.05,6116,1561,3.92,51.92%,47.56%,0.436712,"14:50 ET"
SPCX,172.41,2026-11-20,45,Put,175.00,+1.74%,13.15,13.25,13.25,1547,396,3.91,49.67%,50.52%,-0.490281,"14:57 ET"
NBIS,253.47,2026-10-09,3,Put,240.00,-4.92%,2.4,2.44,2.46,5044,1294,3.9,81.15%,80.55%,-0.220831,"14:52 ET"
MSTR,163.45,2026-12-18,73,Call,205.00,-24.95%,7.6,7.88,7.95,1722,443,3.89,64.15%,68.14%,0.28883,"14:26 ET"
DELL,576.4,2026-10-09,3,Call,620.00,-8.04%,1.37,1.46,1.56,1885,484,3.89,58.14%,61.77%,0.09848,"14:52 ET"
MO,68.4,2026-10-09,3,Put,69.00,+0.88%,0.89,0.95,1.04,660,170,3.88,24.42%,23.98%,-0.659998,"10:54 ET"
NKE,34.4,2026-11-13,38,Call,34.00,+0.76%,1.69,1.7,1.86,1563,403,3.88,36.63%,36.21%,0.557726,"14:32 ET"
AMZN,255.99,2026-10-07,1,Call,247.50,+3.42%,8.45,8.59,9.15,2538,654,3.88,35.86%,50.27%,0.902287,"14:52 ET"
BTDR,10.95,2026-10-16,10,Put,14.00,+27.85%,2.85,3,3.2,1254,324,3.87,92.35%,72.69%,-0.980287,"13:37 ET"
FSLR,179.22,2026-11-06,31,Call,195.00,-8.57%,7.05,7,7.4,2090,540,3.87,56.80%,61.62%,0.361835,"14:22 ET"
MRVL,288.2,2026-10-09,3,Call,302.50,-5.58%,2.11,2.25,2.34,2212,573,3.86,59.69%,73.18%,0.21283,"14:49 ET"
ORCL,145.87,2026-10-09,3,Call,147.00,-0.99%,2.24,2.29,2.32,5837,1521,3.84,51.14%,51.77%,0.452574,"14:56 ET"
VST,159.85,2026-10-09,3,Call,170.00,-6.72%,0.6,0.62,0.68,3621,949,3.82,49.02%,60.54%,0.145134,"14:55 ET"
ZM,93.75,2026-11-20,45,Call,105.00,-11.92%,1.75,1.8,1.85,4765,1247,3.82,38.49%,40.74%,0.243417,"14:05 ET"
PEP,125.77,2026-10-16,10,Call,127.00,-1.24%,2.11,2.1,2.21,571,150,3.81,24.82%,32.90%,0.437857,"14:49 ET"
NOW,136.61,2026-10-23,17,Call,160.00,-16.93%,0.53,0.57,0.64,2780,729,3.81,55.73%,51.46%,0.087447,"14:54 ET"
CHTR,108.79,2027-03-19,164,Put,90.00,-16.82%,8.4,8.46,9.1,764,201,3.8,67.57%,64.75%,-0.248106,"13:12 ET"
UEC,10.25,2026-10-30,24,Call,11.00,-7.95%,0.35,0.37,0.39,767,202,3.8,62.36%,61.08%,0.365465,"14:50 ET"
ARM,303.73,2026-10-09,3,Call,315.00,-3.69%,3.5,3.55,3.6,1231,324,3.8,70.45%,70.71%,0.297767,"14:50 ET"
BE,298.59,2026-10-09,3,Call,315.00,-5.69%,2.45,2.51,2.57,2080,547,3.8,78.71%,74.74%,0.22274,"14:52 ET"
AMD,654.6,2029-01-19,836,Call,"1,220.00",-86.66%,108.45,110.35,111.95,894,236,3.79,51.92%,54.89%,0.420565,"10:57 ET"
MSTR,163.45,2026-10-09,3,Put,165.00,+0.57%,4.4,4.55,4.45,6746,1783,3.78,64.15%,64.73%,-0.534101,"14:50 ET"
TSLA,380.28,2026-10-23,17,Call,382.50,-0.62%,14.75,14.8,14.9,974,260,3.75,40.62%,47.50%,0.504891,"14:55 ET"
AMZN,255.99,2026-10-12,6,Call,260.00,-1.46%,1.73,1.83,1.83,2543,679,3.75,35.86%,25.54%,0.32908,"14:51 ET"
HTZ,2.0901,2026-11-06,31,Call,2.5000,-19.05%,0.17,0.19,0.2,1252,335,3.74,127.15%,129.94%,0.398994,"14:50 ET"
QBTS,15.86,2026-11-20,45,Put,12.00,-24.10%,0.22,0.22,0.3,804,216,3.72,71.88%,75.44%,-0.113064,"14:31 ET"
CRWD,278.1,2026-10-16,10,Put,262.50,-5.92%,2.79,2.9,2.94,516,139,3.71,50.29%,49.21%,-0.213287,"14:46 ET"
SPCX,172.41,2026-10-16,10,Put,170.00,-1.17%,4.05,4.07,4.1,7340,1979,3.71,49.67%,46.57%,-0.408064,"14:56 ET"
CMCSA,21.55,2027-01-15,101,Call,15.00,+30.17%,6.25,6.65,6.65,715,194,3.69,36.72%,53.99%,0.921066,"14:17 ET"
CEG,300.09,2026-10-09,3,Call,300.00,-0.93%,5,5.3,5.9,1044,284,3.68,48.33%,56.51%,0.474343,"14:50 ET"
AVGO,379,2026-10-09,3,Call,385.00,-1.82%,3.15,3.25,3.3,5895,1605,3.67,37.61%,42.59%,0.339075,"14:52 ET"
AMZN,255.99,2026-10-12,6,Call,270.00,-5.36%,0.27,0.29,0.29,767,210,3.65,35.86%,27.64%,0.070617,"14:37 ET"
SPCX,172.41,2026-10-12,6,Call,172.50,-0.28%,3.75,3.8,3.8,3402,933,3.65,49.67%,42.70%,0.511776,"14:56 ET"
DNA,12.38,2026-11-20,45,Call,17.00,-34.39%,0.75,0.9,1,1124,309,3.64,119.67%,121.37%,0.312911,"14:49 ET"
HUM,404.82,2026-10-16,10,Put,340.00,-15.86%,4.3,5,4.9,4571,1255,3.64,68.52%,100.14%,-0.12767,"14:19 ET"
NTSK,19.51,2026-10-16,10,Call,22.50,-15.38%,0.15,0.17,0.2,4752,1305,3.64,67.88%,75.75%,0.14642,"14:56 ET"
AMD,654.6,2026-10-07,1,Call,632.50,+3.23%,22.5,22.05,23.3,2198,607,3.62,51.92%,48.78%,0.914021,"14:43 ET"
MU,1057.34,2026-10-07,1,Put,"1,020.00",-3.80%,0.78,0.8,0.82,2985,824,3.62,44.51%,47.88%,-0.067866,"14:53 ET"
INTC,114.57,2026-10-23,17,Put,114.00,-0.38%,6,6.15,6.15,755,209,3.61,62.35%,65.96%,-0.451683,"14:35 ET"
INTC,114.57,2026-10-09,3,Call,117.00,-2.25%,1.5,1.52,1.55,5059,1402,3.61,62.35%,59.89%,0.367546,"14:51 ET"
INTU,289.37,2028-01-21,472,Call,"1,020.00",-253.38%,1.4,2.25,2.2,501,139,3.6,50.48%,50.86%,0.033045,"11:30 ET"
NBIS,253.47,2026-10-09,3,Put,242.50,-3.93%,3,3.09,3.1,2222,618,3.6,81.15%,79.95%,-0.263832,"14:52 ET"
MRNA,190.57,2026-10-09,3,Put,172.50,-9.03%,0.87,0.81,0.91,1239,345,3.59,92.37%,92.47%,-0.111151,"14:50 ET"
FCEL,20.86,2026-11-20,45,Call,20.00,+4.76%,3.2,3.4,3.5,1031,288,3.58,98.91%,98.86%,0.624495,"14:47 ET"
AVGO,379,2026-10-07,1,Call,370.00,+2.14%,9.1,9.1,9.25,10171,2846,3.57,37.61%,42.10%,0.852182,"14:49 ET"
NVDA,240.45,2026-10-16,10,Call,252.50,-5.13%,0.75,0.74,0.78,2493,701,3.56,32.49%,26.72%,0.143161,"14:48 ET"
AAOI,130.13,2026-11-20,45,Call,150.00,-15.62%,12,11.8,12.3,956,269,3.55,99.50%,104.29%,0.424685,"14:40 ET"
GLW,168.19,2026-10-16,10,Call,172.50,-2.14%,4.25,4.4,4.6,788,224,3.52,59.80%,56.25%,0.412515,"14:50 ET"
BE,298.59,2026-10-09,3,Put,292.50,-1.86%,4.95,4.88,5.15,956,272,3.51,78.71%,71.66%,-0.366348,"14:46 ET"
META,742.78,2026-10-07,1,Put,745.00,+0.26%,6.25,6.3,6.7,1584,451,3.51,39.35%,33.86%,-0.565275,"14:49 ET"
NRG,104.24,2026-12-18,73,Put,95.00,-8.43%,4.8,5.15,5.2,1232,352,3.5,52.85%,51.07%,-0.294221,"14:35 ET"
SNDK,1667.83,2026-10-09,3,Call,"1,650.00",+1.15%,44.4,44.9,44.8,572,164,3.49,60.42%,57.78%,0.593826,"14:54 ET"
SPCX,172.41,2027-09-17,346,Put,155.00,-9.89%,21.5,21.85,22.05,1534,439,3.49,49.67%,51.48%,-0.30169,"14:37 ET"
TWST,170.7,2026-10-16,10,Call,220.00,-27.94%,0.45,1,2.75,620,178,3.48,92.70%,117.99%,0.108658,"14:46 ET"
CMG,30.84,2026-10-09,3,Call,31.00,-0.45%,0.47,0.53,0.6,1536,442,3.48,45.61%,54.00%,0.472119,"14:31 ET"
CRM,223.77,2026-10-09,3,Put,225.00,+0.31%,3.9,4,4.1,2139,614,3.48,37.89%,40.73%,-0.555804,"14:53 ET"
NBIS,253.47,2026-10-09,3,Call,250.00,+0.95%,9.2,9.2,9.35,11915,3427,3.48,81.15%,83.21%,0.581757,"14:52 ET"
AMD,654.6,2026-10-09,3,Put,635.00,-2.84%,3.8,3.83,3.9,1221,352,3.47,51.92%,47.41%,-0.230333,"14:52 ET"
STZ,116.11,2026-10-09,3,Call,120.00,-3.81%,1.25,1.35,1.45,1319,380,3.47,35.31%,65.99%,0.311252,"14:57 ET"
BP,45.15,2026-11-06,31,Put,48.00,+6.52%,3.45,3.75,3.85,1447,417,3.47,34.36%,35.51%,-0.701769,"10:45 ET"
GAP,23.91,2026-10-16,10,Call,20.00,+15.93%,3.65,3.9,4,2427,701,3.46,48.11%,42.68%,0.994458,"14:18 ET"
HON,212.2,2026-10-09,3,Call,215.00,-1.32%,1,1.19,1.4,559,162,3.45,31.60%,31.10%,0.315287,"14:23 ET"
NU,15.61,2027-04-16,192,Call,14.00,+10.54%,2.91,2.9,3.2,617,179,3.45,48.67%,46.78%,0.709093,"13:14 ET"
CCL,26.45,2026-11-06,31,Call,30.00,-13.46%,0.25,0.26,0.27,745,216,3.45,37.74%,41.15%,0.163358,"14:48 ET"
DNUT,3.01,2026-10-16,10,Call,3.00,-1.01%,0.1,0.11,0.15,1020,296,3.45,70.62%,63.89%,0.517238,"13:27 ET"
NBIS,253.47,2026-10-16,10,Call,265.00,-4.99%,8.15,8.19,8.3,1218,353,3.45,81.15%,77.41%,0.387567,"14:52 ET"
WMT,107.23,2026-10-09,3,Put,107.00,+0.11%,0.79,0.81,0.83,1678,486,3.45,28.38%,23.80%,-0.455819,"14:56 ET"
MRVL,288.2,2026-10-09,3,Put,275.00,-4.01%,3.05,3.2,3.4,2232,647,3.45,59.69%,74.60%,-0.264757,"14:50 ET"
MU,1057.34,2026-10-07,1,Put,"1,025.00",-3.33%,1.11,1.13,1.15,3026,878,3.45,44.51%,46.82%,-0.092504,"14:53 ET"
MRVL,288.2,2026-10-09,3,Call,315.00,-9.95%,0.72,0.75,0.8,3911,1134,3.45,59.69%,75.49%,0.086628,"14:50 ET"
TLN,371.32,2026-12-18,73,Put,360.00,-2.13%,28.8,29.05,32.3,2244,652,3.44,58.90%,57.71%,-0.388838,"14:06 ET"
CSCO,117.48,2026-10-09,3,Call,121.00,-3.18%,0.26,0.27,0.28,963,281,3.43,39.01%,32.74%,0.151367,"14:52 ET"
NVDA,240.45,2027-04-16,192,Call,225.00,+6.32%,35.5,35.51,35.9,1105,322,3.43,32.49%,36.90%,0.675004,"14:13 ET"
TSLA,380.28,2026-10-07,1,Put,367.50,-3.33%,0.24,0.23,0.25,6422,1875,3.43,40.62%,43.46%,-0.064379,"14:56 ET"
KLAC,197.98,2026-10-23,17,Call,215.00,-8.73%,3.3,3.9,4.4,509,149,3.42,58.87%,56.92%,0.273919,"12:21 ET"
AMZN,255.99,2026-10-14,8,Call,255.00,+0.49%,4.55,4.7,4.9,671,196,3.42,35.86%,27.25%,0.553484,"14:46 ET"
JD,26.58,2027-09-17,346,Call,30.00,-12.87%,2.64,2.63,2.67,766,224,3.42,35.27%,47.02%,0.39588,"12:30 ET"
META,742.78,2026-10-07,1,Call,737.50,+0.75%,8.15,9.35,8.7,1571,460,3.42,39.35%,35.02%,0.653584,"14:11 ET"
MU,1057.34,2026-10-07,1,Put,"1,030.00",-2.85%,1.6,1.64,1.63,3690,1083,3.41,44.51%,46.04%,-0.125971,"14:52 ET"
GOOGL,348.35,2026-10-12,6,Call,350.00,-0.43%,3.75,3.85,3.95,1081,320,3.38,33.49%,25.41%,0.455843,"14:51 ET"
TSLA,380.28,2026-10-07,1,Put,365.00,-3.99%,0.15,0.16,0.16,14950,4419,3.38,40.62%,45.67%,-0.041605,"14:56 ET"
CVE,31.62,2026-11-20,45,Put,30.00,-4.97%,0.95,1.1,1.1,610,181,3.37,40.21%,40.24%,-0.325036,"10:50 ET"
WMT,107.23,2026-10-09,3,Put,106.00,-0.82%,0.43,0.43,0.47,2778,825,3.37,28.38%,24.41%,-0.296758,"14:56 ET"
META,742.78,2026-12-18,73,Put,800.00,+7.66%,81.4,82.83,82.7,1029,307,3.35,39.35%,37.62%,-0.631959,"12:35 ET"
NU,15.61,2026-10-23,17,Call,16.50,-5.43%,0.22,0.27,0.26,2065,616,3.35,48.67%,42.16%,0.284737,"14:35 ET"
MRNA,190.57,2026-10-09,3,Put,195.00,+2.83%,9.05,8.9,9.15,2449,732,3.35,92.37%,94.04%,-0.593819,"14:51 ET"
CSCO,117.48,2026-10-09,3,Call,123.00,-4.89%,0.08,0.1,0.11,515,154,3.34,39.01%,33.67%,0.061979,"14:48 ET"
JD,26.58,2026-10-16,10,Call,26.00,+2.18%,0.83,0.88,0.92,1200,360,3.33,35.27%,34.30%,0.644177,"14:33 ET"
TSM,484.49,2026-11-20,45,Call,530.00,-9.63%,7.65,7.7,7.75,3247,974,3.33,32.83%,32.74%,0.246138,"14:57 ET"
SPCX,172.41,2026-10-19,13,Call,180.00,-4.65%,2.78,2.91,2.94,1364,411,3.32,49.67%,43.83%,0.321732,"14:55 ET"
NNE,16.63,2026-10-09,3,Call,17.50,-5.17%,0.1,0.21,0.2,738,223,3.31,71.95%,71.74%,0.241782,"13:54 ET"
ANET,214.8,2026-10-16,10,Call,215.00,-0.48%,5.5,5.62,5.8,1334,403,3.31,50.19%,41.76%,0.499366,"14:45 ET"
GOOGL,348.35,2026-10-07,1,Put,337.50,-3.16%,0.1,0.12,0.12,1594,482,3.31,33.49%,35.22%,-0.041839,"14:47 ET"
INTC,114.57,2026-10-07,1,Call,118.00,-3.12%,0.35,0.34,0.36,17084,5159,3.31,62.35%,59.63%,0.184331,"14:52 ET"
GOOGL,348.35,2026-10-07,1,Put,342.50,-1.72%,0.46,0.47,0.49,2967,898,3.3,33.49%,32.17%,-0.154136,"14:51 ET"
AZN,158.68,2027-01-15,101,Put,145.00,-8.67%,3.9,4.21,4.5,751,228,3.29,32.34%,29.53%,-0.259166,"13:56 ET"
TSLA,380.28,2026-10-12,6,Put,362.50,-4.65%,1,1.05,1.04,806,245,3.29,40.62%,33.37%,-0.124151,"14:35 ET"
DELL,576.4,2026-10-09,3,Call,615.00,-7.17%,1.83,2,2.06,894,272,3.29,58.14%,61.51%,0.124937,"14:45 ET"
HOOD,111.95,2026-10-09,3,Put,121.00,+7.58%,9.1,8.4,9.35,629,192,3.28,59.12%,63.46%,-0.905337,"12:25 ET"
TSM,484.49,2026-10-09,3,Put,480.00,-0.71%,3,3.1,3.15,1468,447,3.28,32.83%,29.24%,-0.350524,"14:50 ET"
MRVL,288.2,2026-10-09,3,Call,295.00,-2.97%,3.8,4,4.1,6763,2072,3.26,59.69%,71.50%,0.33377,"14:52 ET"
GAP,23.91,2026-10-09,3,Call,21.00,+11.73%,2.54,2.53,3.05,513,158,3.25,48.11%,61.79%,0.991092,"14:18 ET"
BE,298.59,2026-10-09,3,Call,310.00,-4.01%,3.55,3.62,3.7,4961,1531,3.24,78.71%,73.92%,0.296878,"14:51 ET"
GRAB,3.12,2026-11-13,38,Call,3.50,-11.82%,0.08,0.1,0.1,1052,326,3.23,50.86%,53.23%,0.291203,"14:16 ET"
SMCI,43.74,2026-10-30,24,Put,36.00,-17.39%,0.41,0.42,0.44,1261,390,3.23,75.49%,67.22%,-0.108563,"14:51 ET"
EMBJ,75.34,2026-11-20,45,Put,75.00,-0.71%,3.9,3.83,4.3,1279,396,3.23,42.30%,42.28%,-0.446608,"14:10 ET"
CBRS,176.48,2026-10-09,3,Call,202.50,-14.26%,0.15,0.19,0.3,1105,345,3.2,72.97%,85.34%,0.041681,"14:45 ET"
NVDA,240.45,2026-10-09,3,Put,250.00,+4.09%,9.45,9.85,10.25,1457,456,3.2,32.49%,32.25%,-0.908257,"14:45 ET"
NOK,10.89,2026-10-23,17,Call,10.50,+3.23%,0.88,0.9,0.91,4740,1482,3.2,62.54%,74.45%,0.620164,"14:07 ET"
NBIS,253.47,2026-10-09,3,Put,225.00,-10.86%,0.53,0.56,0.54,10175,3183,3.2,81.15%,86.27%,-0.060728,"14:50 ET"
AMD,654.6,2026-10-07,1,Put,607.50,-7.05%,0.08,0.1,0.12,631,198,3.19,51.92%,64.58%,-0.012822,"14:18 ET"
MU,1057.34,2026-10-12,6,Call,"1,065.00",-0.45%,17.9,19,18.05,727,228,3.19,44.51%,38.31%,0.464616,"14:47 ET"
FCEL,20.86,2026-10-09,3,Call,21.00,0.00%,0.8,0.9,0.85,782,245,3.19,98.91%,113.67%,0.507014,"14:41 ET"
CRWD,278.1,2026-10-09,3,Call,287.50,-3.04%,2.05,2.07,2.14,1096,344,3.19,50.29%,51.84%,0.268155,"14:52 ET"
VKTX,28.53,2027-05-21,227,Call,30.00,-4.97%,5.7,5.95,6.05,548,173,3.17,68.04%,69.20%,0.590916,"13:22 ET"
MU,1057.34,2026-10-12,6,Call,"1,100.00",-3.75%,7,6.95,7.1,2307,727,3.17,44.51%,39.18%,0.232836,"14:52 ET"
ZS,208.14,2026-10-09,3,Call,230.00,-10.41%,0.25,0.3,0.41,559,178,3.14,52.78%,68.97%,0.060202,"14:03 ET"
INTC,114.57,2026-10-09,3,Put,116.00,+1.37%,3.15,3.4,3.25,5980,1902,3.14,62.35%,59.83%,-0.572086,"14:40 ET"
PCVX,65.53,2026-10-16,10,Put,60.00,-8.48%,0.55,0.66,0.9,962,307,3.13,53.03%,63.49%,-0.183687,"14:45 ET"
BMNR,26.16,2026-10-23,17,Call,27.00,-2.74%,1.17,1.18,1.21,1101,352,3.13,68.40%,66.65%,0.453331,"14:52 ET"
SNDK,1667.83,2026-10-09,3,Put,"1,665.00",-0.25%,32.6,32.56,32.9,804,258,3.12,60.42%,57.04%,-0.474641,"14:56 ET"
FIG,21.83,2026-10-16,10,Put,21.00,-3.89%,0.49,0.5,0.53,1363,438,3.11,76.15%,61.19%,-0.33157,"14:29 ET"
INTC,114.57,2026-10-09,3,Call,113.00,+1.25%,3.3,3.4,3.4,3840,1243,3.09,62.35%,58.42%,0.621203,"14:52 ET"
CF,115.97,2027-01-15,101,Call,135.00,-15.81%,4,4.3,4.3,773,252,3.07,42.92%,42.08%,0.288276,"12:10 ET"
PEP,125.77,2026-10-09,3,Call,127.00,-1.24%,1.63,1.6,1.7,776,253,3.07,24.82%,48.83%,0.420693,"14:46 ET"
CPB,19.06,2026-10-09,3,Put,19.00,-0.26%,0.2,0.25,0.3,1167,381,3.06,32.93%,37.37%,-0.484407,"14:19 ET"
AMZN,255.99,2026-10-07,1,Call,242.50,+5.37%,13.4,13.6,13.95,1223,401,3.05,35.86%,64.16%,0.948306,"14:52 ET"
EMR,162.82,2027-01-15,101,Call,185.00,-13.60%,2.55,3,3.6,666,219,3.04,31.97%,28.53%,0.231893,"10:45 ET"
BABA,109.35,2026-10-16,10,Call,109.00,+0.44%,2.94,2.96,3.05,699,230,3.04,40.68%,39.37%,0.530198,"14:46 ET"
MCD,232.38,2026-10-09,3,Put,240.00,+3.34%,7.45,8.11,8.25,711,234,3.04,23.18%,17.88%,-0.980564,"14:38 ET"
ALB,106.95,2028-01-21,472,Put,125.00,+17.36%,32.35,33.1,33.4,753,248,3.04,52.95%,49.78%,-0.484566,"12:25 ET"
GLW,168.19,2027-06-17,254,Call,220.00,-30.27%,18.35,19.35,19.65,908,299,3.04,59.80%,60.37%,0.406349,"14:25 ET"
ORBS,1.03,2026-10-30,24,Call,1.0000,+5.21%,0.1,0.2,0.25,1077,354,3.04,144.09%,153.55%,0.609663,"12:54 ET"
MU,1057.34,2026-10-09,3,Put,"1,065.00",+0.45%,20.15,20.2,20.3,1575,518,3.04,44.51%,44.01%,-0.551436,"14:53 ET"
INTC,114.57,2027-01-15,101,Call,145.00,-26.72%,6.1,6.11,6.15,12723,4183,3.04,62.35%,62.36%,0.301216,"14:53 ET"
SPCX,172.41,2026-10-09,3,Call,172.50,-0.28%,3.15,3.18,3.25,25992,8544,3.04,49.67%,51.60%,0.507606,"14:57 ET"
VST,159.85,2026-12-18,73,Put,165.00,+3.58%,14.85,15.5,16.55,698,230,3.03,49.02%,47.34%,-0.505159,"13:56 ET"
NVDA,240.45,2026-10-09,3,Call,207.50,+13.61%,32.9,33.06,33.55,4588,1515,3.03,32.49%,90.41%,0.967095,"14:56 ET"
NVDA,240.45,2026-10-14,8,Call,260.00,-8.25%,0.11,0.12,0.12,3789,1254,3.02,32.49%,27.67%,0.030494,"14:53 ET"
MRNA,190.57,2026-10-09,3,Call,200.00,-5.47%,2.95,2.98,3,4739,1569,3.02,92.37%,95.04%,0.299126,"14:53 ET"
MSTR,163.45,2026-10-16,10,Call,185.00,-12.76%,1.47,1.47,1.5,9049,2996,3.02,64.15%,68.90%,0.159052,"14:52 ET"
INTC,114.57,2026-10-07,1,Call,120.00,-4.87%,0.13,0.13,0.14,14318,4747,3.02,62.35%,61.41%,0.081528,"14:52 ET"
DKNG,19.92,2026-11-06,31,Put,19.00,-4.71%,0.87,1.09,1.29,500,166,3.01,66.41%,66.76%,-0.364901,"13:37 ET"
MU,1057.34,2026-10-07,1,Put,"1,035.00",-2.38%,2.23,2.27,2.31,2823,938,3.01,44.51%,45.22%,-0.168187,"14:52 ET"
ORCL,145.87,2026-11-20,45,Call,195.00,-33.97%,1.08,1.13,1.14,5262,1751,3.01,51.14%,56.51%,0.089434,"14:43 ET"
IOT,42.13,2026-12-18,73,Call,41.00,+2.96%,5.1,5.5,5.6,982,327,3,53.47%,62.16%,0.605188,"12:08 ET"
AVGO,379,2026-10-12,6,Put,360.00,-4.79%,0.91,0.96,1.1,1001,334,3,37.61%,34.28%,-0.120382,"14:44 ET"
MRVL,288.2,2026-10-09,3,Call,330.00,-15.18%,0.18,0.22,0.24,2729,911,3,59.69%,79.91%,0.027154,"14:38 ET"
MU,1057.34,2026-10-09,3,Call,"1,067.50",-0.68%,13.45,13.42,13.6,1007,337,2.99,44.51%,45.67%,0.429338,"14:52 ET"
CVX,208.32,2026-10-09,3,Call,212.50,-2.06%,0.52,0.6,0.71,1769,591,2.99,27.93%,26.54%,0.217033,"14:51 ET"
ASTS,62.92,2026-10-09,3,Call,67.00,-6.79%,0.54,0.57,0.63,2758,923,2.99,80.59%,86.04%,0.21686,"14:42 ET"
BA,189.9,2026-10-09,3,Call,192.50,-0.89%,1.44,1.45,1.53,2925,979,2.99,35.05%,34.58%,0.368358,"14:51 ET"
CRWV,93.03,2026-10-09,3,Call,96.00,-3.92%,1.35,1.34,1.42,5972,1999,2.99,76.75%,78.43%,0.331122,"14:51 ET"
DELL,576.4,2026-10-09,3,Call,610.00,-6.30%,2.45,2.53,2.53,854,288,2.97,58.14%,60.72%,0.154326,"14:52 ET"
CIFR,15.54,2027-01-15,101,Call,24.00,-54.24%,0.89,0.98,0.96,11299,3801,2.97,92.53%,90.54%,0.258233,"14:05 ET"
AFRM,74.87,2026-10-09,3,Call,76.00,-1.28%,0.94,1.02,1.03,1580,534,2.96,61.97%,55.77%,0.383441,"14:52 ET"
AVGO,379,2026-10-09,3,Call,392.50,-3.81%,1.56,1.65,1.63,951,322,2.95,37.61%,44.67%,0.192077,"14:39 ET"
STLA,4.61,2026-11-20,45,Call,5.00,-8.70%,0.2,0.2,0.25,953,323,2.95,55.94%,57.05%,0.387384,"14:32 ET"
RKLB,75.17,2026-10-30,24,Put,63.00,-16.02%,0.82,0.85,0.93,1288,437,2.95,74.07%,66.38%,-0.12714,"14:32 ET"
HTZ,2.0901,2026-11-20,45,Call,2.0000,+4.76%,0.39,0.38,0.4,17900,6067,2.95,127.15%,117.47%,0.633911,"14:50 ET"
FPS,41.24,2027-01-15,101,Call,60.00,-47.13%,1.75,1.84,1.9,2061,702,2.94,78.02%,74.81%,0.231667,"14:31 ET"
MRVL,288.2,2026-10-16,10,Put,257.50,-10.12%,2.18,2.28,2.37,3791,1290,2.94,59.69%,63.19%,-0.141856,"14:52 ET"
NVAX,11.14,2026-10-09,3,Put,11.00,-0.54%,0.32,0.4,0.44,770,263,2.93,90.71%,100.13%,-0.466816,"14:45 ET"
TSM,484.49,2026-12-18,73,Put,480.00,-0.71%,23.9,24.2,24.45,832,284,2.93,32.83%,32.32%,-0.4312,"14:49 ET"
ASST,29.98,2026-10-16,10,Put,27.00,-10.33%,0.29,0.32,0.38,4101,1398,2.93,82.23%,72.81%,-0.164628,"14:35 ET"
CNQ,48.24,2028-01-21,472,Put,42.50,-11.94%,3.4,3.58,3.7,578,198,2.92,30.54%,30.97%,-0.277322,"12:58 ET"
PANW,417.54,2027-01-15,101,Call,550.00,-31.38%,13.35,13.8,14.2,993,340,2.92,53.66%,55.17%,0.224673,"13:58 ET"
BGS,2.48,2027-12-17,437,Call,3.00,-22.45%,0.25,0.4,0.4,1512,518,2.92,69.60%,58.40%,0.401143,"13:03 ET"
TXG,81.44,2026-10-16,10,Put,90.00,+9.04%,9.2,10.05,11,909,312,2.91,95.38%,78.62%,-0.765178,"14:42 ET"
NVDA,240.45,2026-10-12,6,Call,225.00,+6.32%,15.3,15.6,15.9,1256,431,2.91,32.49%,26.15%,0.977676,"14:31 ET"
NVDA,240.45,2028-01-21,472,Put,245.00,+2.01%,36.25,36.5,36.55,2471,848,2.91,32.49%,36.57%,-0.408649,"14:50 ET"
AMAT,531.07,2026-11-20,45,Put,410.00,-22.69%,3.75,3.95,4.15,2521,867,2.91,54.17%,56.32%,-0.077088,"14:29 ET"
STX,804.53,2026-10-09,3,Call,880.00,-9.57%,1.65,2,2.45,582,201,2.9,64.67%,70.63%,0.088295,"14:51 ET"
MRNA,190.57,2026-10-09,3,Call,235.00,-23.93%,0.13,0.17,0.23,624,215,2.9,92.37%,115.15%,0.024834,"14:46 ET"
HPE,70.87,2026-10-09,3,Put,67.00,-5.26%,0.32,0.34,0.37,1423,491,2.9,58.29%,63.40%,-0.157446,"14:50 ET"
CAT,866.06,2026-10-09,3,Call,900.00,-4.07%,1.98,2.2,2.48,2737,945,2.9,40.99%,39.48%,0.142816,"14:51 ET"
DKNG,19.92,2026-10-16,10,Call,20.00,-0.30%,0.71,0.76,0.78,3534,1220,2.9,66.41%,60.12%,0.501002,"14:52 ET"
MSFT,530.7,2026-10-09,3,Put,527.50,-0.56%,3.35,3.56,3.65,1023,354,2.89,29.76%,25.69%,-0.394831,"14:52 ET"
MU,1057.34,2026-10-09,3,Call,"1,072.50",-1.15%,11.5,12.05,11.65,623,216,2.88,44.51%,45.68%,0.385592,"14:46 ET"
HPE,70.87,2026-10-30,24,Call,69.00,+2.43%,5.1,5.2,5.4,686,238,2.88,58.29%,58.59%,0.604095,"14:26 ET"
TWST,170.7,2026-11-20,45,Put,180.00,+4.68%,26.8,27.4,30,1052,365,2.88,92.70%,95.35%,-0.501147,"14:50 ET"
MGM,30.62,2026-10-16,10,Call,31.00,-1.34%,0.55,0.6,0.7,1141,396,2.88,40.16%,40.00%,0.433744,"14:38 ET"
JD,26.58,2026-11-20,45,Put,28.00,+5.34%,2.05,2.1,2.23,500,174,2.87,35.27%,27.39%,-0.722736,"14:34 ET"
NBIS,253.47,2026-10-09,3,Call,287.50,-13.90%,0.55,0.52,0.57,612,213,2.87,81.15%,89.81%,0.064298,"14:51 ET"
DOCU,67.42,2026-10-09,3,Put,65.00,-4.06%,0.4,0.39,0.55,936,326,2.87,45.67%,56.47%,-0.230699,"14:35 ET"
HD,285.77,2026-10-23,17,Put,250.00,-12.10%,0.07,0.12,0.19,982,342,2.87,29.84%,30.11%,-0.018801,"10:35 ET"
CVX,208.32,2026-10-23,17,Put,195.00,-6.35%,0.66,0.73,0.8,1996,695,2.87,27.93%,27.02%,-0.119135,"13:56 ET"
OKLO,39.03,2026-10-09,3,Call,42.00,-8.50%,0.25,0.27,0.34,2012,702,2.87,75.32%,85.29%,0.185162,"14:49 ET"
MRNA,190.57,2026-10-09,3,Put,182.50,-3.76%,2.99,2.89,3.05,647,226,2.86,92.37%,91.81%,-0.290698,"14:51 ET"
NVDA,240.45,2026-10-12,6,Call,250.00,-4.09%,0.4,0.4,0.41,5089,1781,2.86,32.49%,24.45%,0.112246,"14:52 ET"
TE,3.87,2026-11-06,31,Call,4.00,-3.09%,0.35,0.4,0.4,909,319,2.85,104.12%,94.04%,0.51341,"13:59 ET"
DELL,576.4,2026-10-09,3,Call,600.00,-4.56%,4.1,4.2,4.4,3384,1187,2.85,58.14%,60.55%,0.235767,"14:52 ET"
NLY,18.32,2026-12-18,73,Call,20.00,-9.65%,0.23,0.27,0.29,715,252,2.84,25.30%,28.52%,0.211393,"14:26 ET"
META,742.78,2026-10-07,1,Put,717.50,-3.44%,0.26,0.28,0.31,1567,552,2.84,39.35%,39.21%,-0.045115,"14:44 ET"
META,742.78,2026-10-09,3,Call,760.00,-2.28%,3.65,3.76,4,3825,1346,2.84,39.35%,37.45%,0.256484,"14:52 ET"
MRNA,190.57,2026-10-09,3,Call,210.00,-10.74%,1.22,1.26,1.26,4568,1607,2.84,92.37%,98.67%,0.14691,"14:51 ET"
DNA,12.38,2026-12-18,73,Call,15.00,-18.58%,1.5,1.6,1.7,5111,1814,2.82,119.67%,107.58%,0.454783,"14:24 ET"
DELL,576.4,2026-10-09,3,Put,565.00,-1.54%,7.15,7.8,7.7,514,183,2.81,58.14%,58.62%,-0.350151,"14:37 ET"
MU,1057.34,2026-10-09,3,Call,"1,055.00",+0.50%,19.3,19.36,19.45,577,205,2.81,44.51%,45.63%,0.542424,"14:52 ET"
MSFT,530.7,2026-12-18,73,Put,535.00,+0.85%,27.65,28,28.3,544,194,2.8,29.76%,28.76%,-0.486029,"14:48 ET"
CCJ,93.54,2026-10-09,3,Call,95.00,-1.57%,0.95,1.06,1.14,1059,378,2.8,46.72%,51.27%,0.362109,"14:36 ET"
WDC,410.43,2026-10-09,3,Call,420.00,-2.84%,5.95,6.35,6.55,1722,616,2.8,64.18%,67.09%,0.373897,"14:55 ET"
AVGO,379,2026-10-09,3,Call,382.50,-1.16%,3.95,4.05,4.1,2063,738,2.8,37.61%,41.91%,0.400966,"14:50 ET"
VST,159.85,2026-12-18,73,Call,180.00,-12.99%,7.05,7.25,7.25,8046,2878,2.8,49.02%,48.53%,0.34456,"14:54 ET"
LEN,77.53,2026-10-09,3,Put,73.00,-5.61%,0.15,0.2,0.2,1300,466,2.79,41.56%,51.67%,-0.099916,"14:50 ET"
TSLA,380.28,2026-10-12,6,Put,360.00,-5.30%,0.78,0.79,0.81,1567,564,2.78,40.62%,34.17%,-0.099136,"14:55 ET"
NVDA,240.45,2026-10-14,8,Call,245.00,-2.01%,1.84,1.92,1.97,2019,725,2.78,32.49%,25.82%,0.32403,"14:55 ET"
LITE,1129.36,2026-10-09,3,Call,"1,150.00",-1.84%,17.3,18.79,19.5,2082,750,2.78,72.81%,68.58%,0.387193,"14:52 ET"
FSLY,25.52,2026-10-16,10,Call,28.00,-9.80%,0.5,0.55,0.65,598,216,2.77,97.02%,83.94%,0.280287,"14:38 ET"
NBIS,253.47,2026-10-16,10,Call,285.00,-12.91%,3.65,3.64,3.75,787,284,2.77,81.15%,80.46%,0.207162,"14:52 ET"
GME,24.64,2026-10-30,24,Put,24.00,-2.79%,0.84,0.88,0.97,1331,480,2.77,51.96%,47.65%,-0.394499,"14:53 ET"
MU,1057.34,2026-10-07,1,Put,"1,015.00",-4.27%,0.56,0.56,0.6,1354,488,2.77,44.51%,49.24%,-0.050313,"14:51 ET"
META,742.78,2026-10-09,3,Call,720.00,+3.11%,25.05,25.6,25.75,2100,758,2.77,39.35%,38.20%,0.821395,"14:38 ET"
TSLA,380.28,2026-10-09,3,Put,375.00,-1.36%,2.88,2.91,2.91,6148,2216,2.77,40.62%,37.70%,-0.331906,"14:57 ET"
MRNA,190.57,2026-10-09,3,Put,175.00,-7.72%,1.2,1.23,1.27,1877,680,2.76,92.37%,91.90%,-0.145776,"14:52 ET"
AAL,12.93,2027-09-17,346,Call,17.00,-31.78%,1.07,1.25,1.26,801,291,2.75,48.66%,47.65%,0.358928,"14:01 ET"
UBER,68.96,2026-10-30,24,Put,66.00,-4.22%,0.99,1.04,1.04,1054,383,2.75,37.71%,32.46%,-0.275441,"14:47 ET"
SNOW,336.17,2026-10-09,3,Call,355.00,-4.61%,1.05,1.13,1.16,2210,804,2.75,47.18%,52.26%,0.138982,"14:55 ET"
AMZN,255.99,2026-10-09,3,Put,252.50,-1.47%,1.32,1.35,1.37,3924,1430,2.74,35.86%,30.01%,-0.300125,"14:52 ET"
AVGO,379,2026-10-09,3,Put,365.00,-3.47%,1.12,1.15,1.16,1072,392,2.73,37.61%,40.43%,-0.15484,"14:52 ET"
XP,29.42,2026-10-16,10,Put,26.00,-11.62%,0.15,0.18,0.25,1868,683,2.73,58.67%,65.63%,-0.121303,"12:31 ET"
MU,1057.34,2026-10-12,6,Call,"1,070.00",-0.92%,15.8,15.76,15.95,861,316,2.72,44.51%,38.37%,0.427074,"14:52 ET"
MRNA,190.57,2026-10-09,3,Call,215.00,-13.38%,0.77,0.81,0.8,1808,664,2.72,92.37%,100.60%,0.099245,"14:51 ET"
AMD,654.6,2026-10-07,1,Call,630.00,+3.61%,24.5,24,25.6,2604,959,2.72,51.92%,44.83%,0.950818,"14:47 ET"
META,742.78,2026-10-07,1,Call,770.00,-3.62%,0.3,0.32,0.33,3715,1368,2.72,39.35%,41.08%,0.047879,"14:53 ET"
HTFL,51.28,2026-10-16,10,Call,55.00,-6.49%,1,1.05,1.2,1645,607,2.71,78.02%,71.68%,0.301976,"14:51 ET"
AMZN,255.99,2026-10-09,3,Put,255.00,-0.49%,2.22,2.23,2.29,3311,1222,2.71,35.86%,29.66%,-0.435262,"14:52 ET"
MP,48.34,2026-10-16,10,Put,43.00,-10.73%,0.13,0.16,0.18,530,196,2.7,58.16%,51.63%,-0.080066,"14:53 ET"
GEMI,4.68,2026-10-09,3,Put,4.50,-4.26%,0.05,0.14,0.15,630,233,2.7,103.87%,108.20%,-0.317914,"14:53 ET"
SCHW,97.03,2026-10-09,3,Put,97.00,-0.22%,0.82,0.81,0.85,839,311,2.7,29.48%,24.92%,-0.481189,"14:51 ET"
IREN,41.82,2026-10-16,10,Call,41.50,+0.81%,2.11,2.11,2.19,2067,765,2.7,78.39%,69.80%,0.559631,"14:36 ET"
TSM,484.49,2026-10-09,3,Put,475.00,-1.75%,1.67,1.68,1.72,1474,547,2.69,32.83%,29.80%,-0.222114,"14:55 ET"
INTU,289.37,2026-11-20,45,Call,320.00,-10.86%,9.1,9.4,9.7,647,241,2.68,50.48%,49.89%,0.314648,"14:41 ET"
AMD,654.6,2026-10-09,3,Put,570.00,-12.79%,0.13,0.15,0.15,2502,942,2.66,51.92%,66.86%,-0.010183,"14:46 ET"
MRNA,190.57,2026-10-09,3,Put,180.00,-5.08%,2.25,2.3,2.33,3485,1308,2.66,92.37%,91.76%,-0.236546,"14:52 ET"
META,742.78,2026-10-07,1,Call,755.00,-1.60%,1.45,1.46,1.54,6431,2417,2.66,39.35%,35.97%,0.19468,"14:53 ET"
CCJ,93.54,2026-10-09,3,Call,93.00,+0.57%,1.71,1.91,2.01,987,373,2.65,46.72%,49.79%,0.542496,"14:42 ET"
AMD,654.6,2026-11-06,31,Call,750.00,-14.75%,13.25,13.45,14.05,1378,520,2.65,51.92%,56.42%,0.234518,"14:47 ET"
RKLB,75.17,2026-10-09,3,Call,75.00,+0.03%,2.07,2.09,2.18,12322,4653,2.65,74.07%,73.74%,0.532411,"14:56 ET"
MU,1057.34,2026-10-12,6,Call,"1,090.00",-2.80%,9.25,9.7,9.4,575,218,2.64,44.51%,38.79%,0.289892,"14:50 ET"
AMD,654.6,2026-10-09,3,Put,625.00,-4.37%,1.98,2.02,2.09,1577,597,2.64,51.92%,48.14%,-0.137637,"14:53 ET"
AAPL,333.1,2026-10-23,17,Call,330.00,+1.06%,8.35,8.65,8.75,2568,973,2.64,24.85%,22.68%,0.602248,"14:50 ET"
SYK,279.54,2026-10-16,10,Put,270.00,-3.38%,1.8,2.25,2.35,1210,460,2.63,35.19%,31.39%,-0.237195,"14:33 ET"
CRWV,93.03,2026-10-09,3,Call,91.00,+1.49%,3.5,3.43,3.6,3930,1496,2.63,76.75%,76.18%,0.626583,"14:38 ET"
MRVL,288.2,2026-11-20,45,Put,290.00,+1.22%,24.75,25.1,25.35,669,255,2.62,59.69%,59.03%,-0.477267,"14:52 ET"
DELL,576.4,2026-10-09,3,Call,640.00,-11.53%,0.34,0.35,0.67,683,261,2.62,58.14%,64.61%,0.038128,"13:52 ET"
KEEL,3.44,2027-05-21,227,Call,4.00,-16.62%,0.8,0.88,0.88,703,269,2.61,91.05%,92.78%,0.579368,"14:50 ET"
AKAM,108.11,2026-10-09,3,Call,115.00,-6.10%,0.35,0.48,0.55,918,352,2.61,63.67%,61.30%,0.148275,"14:49 ET"
AMD,654.6,2026-10-09,3,Call,657.50,-0.60%,9.8,9.78,10.15,1366,523,2.61,51.92%,47.38%,0.471419,"14:35 ET"
AVGO,379,2026-10-09,3,Call,400.00,-5.79%,0.79,0.8,0.81,7021,2694,2.61,37.61%,47.48%,0.104575,"14:52 ET"
SPCX,172.41,2026-10-09,3,Put,167.50,-2.62%,1.28,1.29,1.3,13153,5035,2.61,49.67%,51.61%,-0.258834,"14:57 ET"
MRVL,288.2,2026-10-23,17,Call,320.00,-11.69%,4.1,4.75,4.5,731,281,2.6,59.69%,59.92%,0.216301,"14:33 ET"
AMD,654.6,2026-10-09,3,Put,627.50,-3.99%,2.35,2.4,2.45,764,294,2.6,51.92%,47.93%,-0.157741,"14:52 ET"
BE,298.59,2026-10-09,3,Put,300.00,+0.65%,8.4,8.5,8.75,1120,430,2.6,78.71%,71.81%,-0.519259,"14:44 ET"
NKE,34.4,2026-11-06,31,Call,40.00,-16.75%,0.14,0.16,0.16,1245,479,2.6,36.63%,37.40%,0.090097,"14:51 ET"
GRPN,19.02,2026-10-16,10,Put,19.00,+1.33%,0.8,1.05,1,1264,487,2.6,84.40%,70.61%,-0.482809,"14:11 ET"
MRNA,190.57,2026-10-16,10,Call,195.00,-2.83%,7.85,8,8,1130,437,2.59,92.37%,78.60%,0.455372,"14:52 ET"
AMD,654.6,2026-10-09,3,Call,680.00,-4.04%,3.15,3.2,3.3,3032,1172,2.59,51.92%,48.71%,0.203123,"14:49 ET"
QCOM,182.39,2026-10-09,3,Call,180.00,+1.34%,4.5,4.5,4.7,940,365,2.58,49.52%,48.08%,0.635552,"14:53 ET"
AMD,654.6,2026-10-09,3,Call,642.50,+1.70%,18.25,18.5,18.65,1051,408,2.58,51.92%,47.74%,0.678144,"14:26 ET"
BMY,59.28,2026-10-16,10,Call,61.00,-2.71%,0.43,0.51,0.54,1986,770,2.58,33.49%,28.94%,0.281897,"14:49 ET"
RKLB,75.17,2026-10-09,3,Call,77.00,-2.64%,1.21,1.27,1.34,5629,2192,2.57,74.07%,73.95%,0.377773,"14:55 ET"
MU,1057.34,2026-10-09,3,Call,"1,060.00",+0.02%,16.8,16.84,16.9,2248,877,2.56,44.51%,45.60%,0.496889,"14:53 ET"
MRVL,288.2,2026-10-30,24,Call,320.00,-11.69%,6.05,6.68,6.65,512,201,2.55,59.69%,59.24%,0.260326,"14:45 ET"
BE,298.59,2027-01-15,101,Put,290.00,-2.70%,39.2,39.29,39.9,1028,403,2.55,78.71%,73.62%,-0.386301,"14:47 ET"
KHC,22,2026-10-16,10,Call,23.00,-4.55%,0.07,0.12,0.11,622,245,2.54,29.86%,28.29%,0.167738,"13:30 ET"
ZS,208.14,2026-10-16,10,Put,210.00,+0.81%,7.75,7.7,8.4,760,299,2.54,52.78%,52.66%,-0.517438,"14:47 ET"
RUN,7.78,2026-11-20,45,Call,8.00,-2.83%,0.83,0.82,0.86,1091,429,2.54,81.78%,84.18%,0.530525,"14:53 ET"
SKHY,183.79,2026-10-09,3,Put,187.50,+1.59%,5.75,5.9,5.85,1418,558,2.54,51.91%,54.48%,-0.648039,"14:56 ET"
BGS,2.48,2027-12-17,437,Call,4.00,-63.27%,0.1,0.2,0.2,1533,604,2.54,69.60%,55.81%,0.224628,"14:29 ET"
WDC,410.43,2026-10-09,3,Call,430.00,-5.29%,3.25,3.36,3.6,1560,614,2.54,64.18%,67.15%,0.239552,"14:53 ET"
AAPL,333.1,2026-10-12,6,Call,335.00,-0.44%,2.65,2.7,2.75,2159,851,2.54,24.85%,19.99%,0.43355,"14:52 ET"
TFC,46.26,2026-11-20,45,Put,45.00,-2.62%,1.3,1.3,1.4,2275,895,2.54,30.01%,29.81%,-0.377324,"14:53 ET"
XYZ,76.54,2027-09-17,346,Call,90.00,-17.68%,10.1,10.15,10.45,709,280,2.53,47.76%,46.90%,0.484895,"13:31 ET"
HUM,404.82,2026-10-09,3,Call,425.00,-5.17%,12.9,11.9,15.2,908,359,2.53,68.52%,151.91%,0.387363,"14:30 ET"
AMD,654.6,2026-10-09,3,Call,710.00,-8.63%,0.55,0.54,0.58,1019,402,2.53,51.92%,51.95%,0.045287,"14:38 ET"
NVDA,240.45,2027-06-17,254,Put,240.00,-0.07%,25.15,25.35,25.5,15522,6142,2.53,32.49%,35.71%,-0.415495,"14:35 ET"
NEM,117.04,2026-11-20,45,Put,125.00,+6.95%,11,11.1,11.35,1004,399,2.52,39.87%,39.70%,-0.651336,"14:21 ET"
MRVL,288.2,2026-10-16,10,Put,280.00,-2.27%,8.35,8.65,8.85,1345,533,2.52,59.69%,61.83%,-0.392037,"14:52 ET"
AVGO,379,2026-10-07,1,Put,360.00,-4.79%,0.08,0.1,0.1,2650,1053,2.52,37.61%,48.98%,-0.024391,"14:46 ET"
NBIS,253.47,2026-10-09,3,Call,275.00,-8.95%,1.5,1.52,1.54,2660,1056,2.52,81.15%,85.85%,0.153321,"14:52 ET"
ASTS,62.92,2026-10-09,3,Call,70.00,-11.57%,0.22,0.23,0.27,5685,2258,2.52,80.59%,91.02%,0.102679,"14:45 ET"
META,742.78,2026-10-07,1,Call,750.00,-0.93%,2.55,2.58,2.6,11907,4730,2.52,39.35%,35.01%,0.300755,"14:53 ET"
SPCX,172.41,2026-11-13,38,Call,190.00,-10.46%,5.15,5.25,5.35,527,210,2.51,49.67%,50.78%,0.313568,"14:36 ET"
TSLA,380.28,2026-10-09,3,Put,387.50,+1.93%,9.5,9.65,9.65,563,224,2.51,40.62%,37.99%,-0.699482,"14:54 ET"
STX,804.53,2026-10-09,3,Call,900.00,-12.06%,0.95,1.2,1.4,1552,619,2.51,64.67%,74.14%,0.052778,"14:50 ET"
LUNR,14.93,2026-10-09,3,Call,15.00,-0.33%,0.42,0.48,0.49,2475,986,2.51,88.46%,91.83%,0.489295,"14:46 ET"
NBIS,253.47,2026-10-09,3,Call,265.00,-4.99%,3.25,3.05,3.35,2961,1178,2.51,81.15%,83.55%,0.28654,"14:51 ET"
TEM,73,2026-10-09,3,Call,79.00,-7.59%,0.52,0.74,0.66,659,264,2.5,79.01%,94.70%,0.180844,"13:57 ET"
AMD,654.6,2026-10-07,1,Put,612.50,-6.29%,0.11,0.12,0.13,688,275,2.5,51.92%,59.94%,-0.016151,"14:33 ET"
AMD,654.6,2026-10-09,3,Put,630.00,-3.61%,2.76,2.84,2.87,2368,949,2.5,51.92%,47.70%,-0.179726,"14:51 ET"
HOOD,111.95,2026-10-09,3,Put,114.00,+1.36%,3.4,3.4,3.45,2133,857,2.49,59.12%,56.98%,-0.620639,"14:51 ET"
AAOI,130.13,2026-10-09,3,Call,130.00,-0.20%,4.6,4.7,4.9,6636,2660,2.49,99.50%,98.30%,0.526415,"14:52 ET"
INTC,114.57,2026-10-07,1,Call,119.00,-3.99%,0.21,0.23,0.24,7985,3203,2.49,62.35%,60.77%,0.125746,"14:51 ET"
MU,1057.34,2026-10-09,3,Call,"1,165.00",-9.88%,0.56,0.64,0.66,562,227,2.48,44.51%,55.39%,0.030118,"14:40 ET"
AZN,158.68,2027-01-15,101,Call,160.00,-0.78%,10.2,10.64,11,852,344,2.48,32.34%,34.78%,0.506445,"14:37 ET"
AAPL,333.1,2026-10-14,8,Call,335.00,-0.44%,3.2,3.65,3.75,870,351,2.48,24.85%,21.15%,0.450013,"14:48 ET"
IREN,41.82,2026-11-06,31,Call,49.00,-17.11%,1.4,1.61,1.65,1407,567,2.48,78.39%,77.88%,0.287266,"14:50 ET"
AVGO,379,2026-11-06,31,Call,400.00,-5.79%,8.7,8.81,8.95,1706,689,2.48,37.61%,37.92%,0.337305,"14:49 ET"
QXO,12.27,2027-06-17,254,Call,25.00,-103.58%,0.45,0.54,0.55,700,283,2.47,64.58%,66.61%,0.172185,"12:15 ET"
TWST,170.7,2026-10-16,10,Call,200.00,-16.31%,1.85,1.9,2.65,1100,446,2.47,92.70%,95.76%,0.168551,"14:46 ET"
MSTR,163.45,2026-10-16,10,Call,167.50,-2.09%,5.1,5.11,5.2,1685,683,2.47,64.15%,61.71%,0.438716,"14:52 ET"
SKHY,183.79,2026-10-09,3,Call,195.00,-5.65%,0.65,0.65,0.68,5092,2064,2.47,51.91%,58.39%,0.137789,"14:56 ET"
SNDK,1667.83,2026-10-09,3,Call,"1,600.00",+4.14%,79,81.1,79.3,604,246,2.46,60.42%,58.96%,0.790862,"14:45 ET"
ALAB,390.88,2026-10-09,3,Put,350.00,-10.58%,1.06,1.03,1.67,704,286,2.46,85.16%,86.14%,-0.093629,"14:45 ET"
AMD,654.6,2026-10-07,1,Put,617.50,-5.52%,0.16,0.14,0.2,1072,436,2.46,51.92%,57.09%,-0.02419,"14:15 ET"
TGT,154.14,2026-10-09,3,Call,155.00,-0.97%,1.28,1.31,1.36,1084,441,2.46,36.86%,31.15%,0.422084,"14:55 ET"
NBIS,253.47,2026-10-09,3,Call,255.00,-1.03%,6.65,6.75,6.8,6639,2697,2.46,81.15%,82.64%,0.47725,"14:53 ET"
AMD,654.6,2026-10-09,3,Put,617.50,-5.52%,1.2,1.26,1.3,539,220,2.45,51.92%,49.25%,-0.090457,"14:53 ET"
SPCX,172.41,2026-10-19,13,Call,175.00,-1.74%,4.45,4.65,4.65,562,230,2.44,49.67%,43.22%,0.450233,"14:56 ET"
SKHY,183.79,2026-10-09,3,Call,185.00,-0.23%,3.05,3.05,3.1,2255,925,2.44,51.91%,54.60%,0.45784,"14:57 ET"
AMZN,255.99,2026-10-07,1,Call,250.00,+2.44%,6.1,6.16,6.3,9676,3959,2.44,35.86%,34.94%,0.903755,"14:53 ET"
SPCX,172.41,2026-10-30,24,Put,170.00,-1.17%,6.75,6.7,6.85,710,292,2.43,49.67%,46.44%,-0.422738,"14:55 ET"
TSLA,380.28,2026-10-14,8,Call,385.00,-1.27%,5.65,5.75,5.8,969,398,2.43,40.62%,34.18%,0.420204,"14:56 ET"
SMCI,43.74,2026-10-16,10,Put,43.00,-1.33%,1.45,1.5,1.5,1085,446,2.43,75.49%,64.79%,-0.409677,"14:43 ET"
NVDA,240.45,2026-10-14,8,Call,242.50,-0.97%,2.79,2.9,2.93,1197,493,2.43,32.49%,26.23%,0.426777,"14:54 ET"
ASTS,62.92,2026-10-09,3,Call,68.00,-8.38%,0.4,0.43,0.46,2351,969,2.43,80.59%,87.08%,0.168477,"14:50 ET"
CRM,223.77,2026-10-09,3,Call,235.00,-4.77%,0.41,0.45,0.46,4074,1674,2.43,37.89%,42.90%,0.106025,"14:50 ET"
B,40.96,2028-12-15,801,Put,40.00,-2.08%,7.25,7.85,8.85,750,310,2.42,40.16%,42.34%,-0.336738,"13:57 ET"
STX,804.53,2026-11-20,45,Put,600.00,-25.29%,6.7,7.35,7.8,772,319,2.42,64.67%,65.44%,-0.078826,"14:29 ET"
ENPH,33.86,2026-10-09,3,Call,36.00,-6.79%,0.15,0.18,0.2,922,381,2.42,71.91%,66.62%,0.165549,"14:17 ET"
LION,11.39,2026-12-18,73,Call,13.00,-14.04%,0.35,0.6,0.8,2503,1033,2.42,62.22%,54.50%,0.349696,"12:10 ET"
OUST,45.84,2026-11-20,45,Call,60.00,-31.43%,2.45,2.49,2.5,2868,1191,2.41,96.37%,101.37%,0.28785,"14:56 ET"
VST,159.85,2026-10-23,17,Call,170.00,-6.72%,2.75,2.65,3.05,516,215,2.4,49.02%,46.69%,0.298701,"14:39 ET"
MRNA,190.57,2026-10-09,3,Call,220.00,-16.02%,0.49,0.53,0.51,3094,1287,2.4,92.37%,102.87%,0.066554,"14:50 ET"
HIMS,29.25,2026-10-23,17,Call,32.00,-9.48%,0.69,0.76,0.81,3205,1336,2.4,78.30%,68.16%,0.297326,"14:47 ET"
SPCX,172.41,2026-10-09,3,Call,180.00,-4.65%,0.89,0.89,0.91,57836,24061,2.4,49.67%,53.80%,0.196977,"14:57 ET"
TSLA,380.28,2026-10-12,6,Call,390.00,-2.59%,2.67,2.67,2.72,1010,423,2.39,40.62%,32.17%,0.282457,"14:56 ET"
NVDA,240.45,2026-10-30,24,Put,240.00,-0.07%,6.4,6.4,6.5,1072,449,2.39,32.49%,28.04%,-0.46662,"14:52 ET"
AVGO,379,2026-10-07,1,Call,367.50,+2.81%,10.85,11.63,11.8,2967,1242,2.39,37.61%,40.50%,0.920127,"14:42 ET"
LULU,94.02,2026-10-09,3,Call,94.00,-0.16%,1.44,1.55,1.56,593,249,2.38,41.49%,43.84%,0.510068,"14:52 ET"
VST,159.85,2026-10-16,10,Call,157.50,+1.13%,6.3,5.95,6.55,593,249,2.38,49.02%,46.91%,0.603959,"14:37 ET"
LUNR,14.93,2026-10-09,3,Put,14.50,-3.01%,0.28,0.31,0.32,798,335,2.38,88.46%,90.08%,-0.349871,"14:47 ET"
HIVE,2.89,2026-10-09,3,Call,0.50,+82.70%,2.35,2.4,2.45,2105,886,2.38,86.09%,878.75%,0.995381,"14:43 ET"
GOOGL,348.35,2026-10-07,1,Call,357.50,-2.58%,0.21,0.23,0.23,2413,1015,2.38,33.49%,34.57%,0.077912,"14:52 ET"
WMB,72.4,2026-10-23,17,Put,65.00,-10.20%,0.05,0.28,0.3,620,262,2.37,29.80%,35.19%,-0.069747,"12:54 ET"
MSFT,530.7,2026-11-20,45,Put,535.00,+0.85%,23.75,23.7,24.1,1448,612,2.37,29.76%,30.36%,-0.499061,"14:44 ET"
AMD,654.6,2026-10-16,10,Call,780.00,-19.34%,0.43,0.5,0.55,2171,916,2.37,51.92%,51.98%,0.023831,"14:14 ET"
PLTR,192.41,2026-10-09,3,Call,190.00,+1.22%,4.45,4.59,4.6,11852,4998,2.37,52.28%,46.55%,0.622484,"14:56 ET"
LITE,1129.36,2026-10-09,3,Call,"1,110.00",+1.71%,35.5,36.5,38.9,727,308,2.36,72.81%,68.17%,0.611875,"14:49 ET"
INTC,114.57,2026-10-30,24,Put,114.00,-0.38%,7.4,7.65,7.6,906,384,2.36,62.35%,68.05%,-0.447842,"14:46 ET"
HTFL,51.28,2026-10-16,10,Call,50.00,+3.19%,2.95,3.1,3.3,1117,474,2.36,78.02%,71.47%,0.61224,"14:49 ET"
AMD,654.6,2026-10-09,3,Put,615.00,-5.90%,1.03,1.05,1.11,1685,714,2.36,51.92%,49.78%,-0.078681,"14:49 ET"
AMZN,255.99,2026-10-12,6,Call,255.00,+0.49%,3.85,3.85,3.95,1929,818,2.36,35.86%,25.33%,0.560277,"14:52 ET"
KLAR,13.28,2026-10-16,10,Call,13.00,+2.18%,0.5,0.5,0.6,2014,855,2.36,54.01%,46.71%,0.617481,"12:32 ET"
UEC,10.25,2027-01-15,101,Call,12.00,-17.76%,0.61,0.86,0.87,4953,2103,2.36,62.36%,60.37%,0.383995,"14:11 ET"
NRG,104.24,2026-11-20,45,Call,105.00,-1.20%,7.2,7.9,7.7,519,221,2.35,52.85%,52.53%,0.526742,"13:59 ET"
MSFT,530.7,2026-10-16,10,Put,502.50,-5.27%,1.05,1.07,1.11,566,241,2.35,29.76%,26.17%,-0.097935,"14:48 ET"
BAC,54.07,2027-09-17,346,Put,47.50,-12.13%,2.45,2.46,2.5,653,278,2.35,27.32%,27.76%,-0.248269,"14:24 ET"
MRNA,190.57,2026-10-30,24,Put,160.00,-15.63%,6.3,6.85,6.95,814,347,2.35,92.37%,100.87%,-0.209054,"14:37 ET"
UEC,10.25,2026-10-16,10,Call,11.00,-7.95%,0.16,0.17,0.19,1741,741,2.35,62.36%,63.45%,0.277152,"14:50 ET"
SHOP,164.65,2026-10-09,3,Call,170.00,-3.41%,1.26,1.3,1.34,2227,946,2.35,59.55%,55.13%,0.266221,"14:56 ET"
AVGO,379,2026-10-09,3,Call,380.00,-0.50%,4.95,5.04,5.1,10482,4452,2.35,37.61%,41.55%,0.468415,"14:52 ET"
NVO,37.19,2026-10-09,3,Put,36.50,-1.80%,0.12,0.14,0.16,627,268,2.34,36.37%,29.06%,-0.239566,"14:45 ET"
WMT,107.23,2026-11-06,31,Call,108.00,-1.05%,2.6,2.47,2.74,920,394,2.34,28.38%,23.37%,0.48547,"13:02 ET"
AVGO,379,2026-10-07,1,Put,362.50,-4.13%,0.13,0.15,0.16,1833,784,2.34,37.61%,47.05%,-0.038405,"14:31 ET"
MSFT,530.7,2026-10-09,3,Call,535.00,-0.85%,3.2,3.35,3.45,6381,2727,2.34,29.76%,27.03%,0.374557,"14:47 ET"
AMD,654.6,2026-10-09,3,Call,662.50,-1.36%,7.75,7.5,8.1,572,245,2.33,51.92%,47.58%,0.402514,"14:46 ET"
CPRT,26.85,2027-01-15,101,Call,27.50,-2.65%,1.75,1.82,1.9,1325,569,2.33,36.60%,35.78%,0.505474,"14:26 ET"
RMD,220.65,2027-04-16,192,Put,185.00,-16.19%,4.7,5.15,6.5,2266,971,2.33,35.88%,32.67%,-0.177545,"09:42 ET"
CAG,13.51,2027-03-19,164,Put,12.00,-11.31%,0.45,0.55,0.55,986,425,2.32,30.26%,31.95%,-0.255324,"11:35 ET"
NVDA,240.45,2026-10-09,3,Put,237.50,-1.12%,1.32,1.31,1.35,13759,5939,2.32,32.49%,29.49%,-0.316543,"14:55 ET"
SPCX,172.41,2026-10-09,3,Put,165.00,-4.08%,0.76,0.77,0.77,26743,11529,2.32,49.67%,52.53%,-0.170443,"14:57 ET"
CEG,300.09,2026-10-16,10,Call,320.00,-7.66%,2.5,2.7,2.95,597,258,2.31,48.33%,48.61%,0.208566,"14:50 ET"
SEDG,34.19,2026-10-09,3,Call,35.00,-2.34%,0.6,0.68,0.73,766,332,2.31,85.02%,78.83%,0.397871,"14:55 ET"
NBIS,253.47,2026-10-09,3,Call,262.50,-4.00%,3.95,3.6,4.05,1325,573,2.31,81.15%,83.49%,0.33042,"14:46 ET"
MRVL,288.2,2026-10-09,3,Put,265.00,-7.50%,1.23,1.24,1.34,3347,1447,2.31,59.69%,76.72%,-0.125898,"14:50 ET"
TGT,154.14,2026-10-09,3,Put,155.00,+0.97%,2.07,2.69,2.22,768,334,2.3,36.86%,29.43%,-0.583072,"14:14 ET"
SPCX,172.41,2026-10-19,13,Put,165.00,-4.08%,2.51,2.6,2.64,772,335,2.3,49.67%,43.94%,-0.279027,"14:42 ET"
TSLA,380.28,2026-10-12,6,Call,405.00,-6.53%,0.57,0.59,0.59,834,362,2.3,40.62%,33.90%,0.078928,"14:55 ET"
NVDA,240.45,2026-10-14,8,Put,230.00,-4.24%,0.82,0.82,0.85,871,379,2.3,32.49%,29.82%,-0.149163,"14:50 ET"
HOOD,111.95,2026-10-23,17,Put,97.00,-13.75%,0.6,0.62,0.64,501,219,2.29,59.12%,54.18%,-0.095983,"14:49 ET"
WDC,410.43,2026-10-09,3,Call,440.00,-7.74%,1.73,1.8,1.95,865,377,2.29,64.18%,68.57%,0.144203,"14:50 ET"
PYPL,54.65,2026-10-23,17,Put,52.00,-4.81%,0.5,0.56,0.59,1059,463,2.29,40.99%,33.35%,-0.230172,"14:56 ET"
MRVL,288.2,2026-10-16,10,Put,290.00,+1.22%,13.15,13.62,14,1358,594,2.29,59.69%,61.70%,-0.527913,"14:52 ET"
MU,1057.34,2026-10-07,1,Call,"1,130.00",-6.58%,0.21,0.22,0.23,1480,647,2.29,44.51%,59.42%,0.018545,"14:52 ET"
GME,24.64,2026-10-16,10,Put,24.50,-0.77%,0.7,0.8,0.79,645,283,2.28,51.96%,49.64%,-0.459031,"14:42 ET"
RGTI,15.25,2026-10-16,10,Call,15.50,-2.18%,0.52,0.52,0.55,1074,472,2.28,71.11%,63.37%,0.464414,"14:49 ET"
TEM,73,2026-10-09,3,Call,82.00,-11.67%,0.26,0.31,0.34,1317,577,2.28,79.01%,99.29%,0.100285,"14:41 ET"
AMZN,255.99,2026-10-09,3,Put,260.00,+1.46%,5.05,5.17,5.3,1365,598,2.28,35.86%,29.42%,-0.714797,"14:50 ET"
NKE,34.4,2026-10-30,24,Call,36.00,-5.08%,0.58,0.57,0.62,3440,1512,2.28,36.63%,34.78%,0.316572,"14:42 ET"
NTLA,12.49,2026-10-16,10,Call,14.00,-12.54%,0.2,0.25,0.25,3739,1638,2.28,78.81%,86.06%,0.232391,"14:51 ET"
BE,298.59,2026-10-09,3,Call,300.00,-0.65%,7.05,7.13,7.2,6409,2815,2.28,78.71%,72.83%,0.48178,"14:53 ET"
SPCX,172.41,2026-10-19,13,Call,185.00,-7.55%,1.72,1.7,1.82,510,225,2.27,49.67%,44.92%,0.219831,"14:46 ET"
NBIS,253.47,2026-10-09,3,Call,277.50,-9.94%,1.23,1.15,1.26,900,396,2.27,81.15%,86.55%,0.129504,"14:51 ET"
OKLO,39.03,2026-10-09,3,Call,40.50,-4.62%,0.59,0.62,0.65,1074,473,2.27,75.32%,83.52%,0.331386,"14:56 ET"
MU,1057.34,2026-10-07,1,Put,995.00,-6.16%,0.18,0.19,0.21,975,432,2.26,44.51%,56.27%,-0.017176,"14:50 ET"
CRWV,93.03,2026-10-09,3,Call,94.00,-1.75%,2.04,2.07,2.12,2913,1287,2.26,76.75%,77.70%,0.443275,"14:52 ET"
ARM,303.73,2026-10-16,10,Call,330.00,-8.63%,4.55,4.7,4.65,5255,2330,2.26,70.45%,66.41%,0.245149,"14:50 ET"
AMD,654.6,2026-10-16,10,Put,650.00,-0.55%,16.7,16.85,17.15,517,230,2.25,51.92%,45.18%,-0.442548,"14:49 ET"
DIS,104.07,2026-10-16,10,Call,104.00,-0.16%,1.6,1.67,1.76,537,239,2.25,30.03%,24.42%,0.508594,"14:49 ET"
WDC,410.43,2026-10-09,3,Call,417.50,-2.23%,6.75,7.1,7.4,566,252,2.25,64.18%,66.41%,0.410492,"14:57 ET"
MOS,21.08,2026-10-09,3,Put,21.00,-0.24%,0.3,0.33,0.45,577,256,2.25,49.68%,53.46%,-0.464926,"14:14 ET"
ASST,29.98,2026-10-09,3,Put,28.50,-5.35%,0.18,0.22,0.26,1058,471,2.25,82.23%,73.39%,-0.19254,"14:28 ET"
WMT,107.23,2026-10-30,24,Call,107.00,-0.11%,2.7,2.72,2.75,1407,626,2.25,28.38%,22.95%,0.537883,"14:55 ET"
BABA,109.35,2026-10-09,3,Put,107.00,-2.27%,0.69,0.73,0.73,1578,702,2.25,40.68%,41.13%,-0.276879,"14:44 ET"
NKE,34.4,2026-10-16,10,Call,34.50,-0.70%,0.71,0.74,0.74,1605,713,2.25,36.63%,34.52%,0.486378,"14:56 ET"
MRNA,190.57,2026-10-09,3,Put,185.00,-2.44%,3.85,3.75,3.95,2105,936,2.25,92.37%,91.90%,-0.349188,"14:51 ET"
CSCO,117.48,2026-10-09,3,Call,120.00,-2.33%,0.4,0.43,0.43,4509,2001,2.25,39.01%,31.65%,0.218367,"14:52 ET"
AAPL,333.1,2026-10-09,3,Call,332.50,+0.31%,3.35,3.4,3.45,8518,3783,2.25,24.85%,24.51%,0.550628,"14:53 ET"
BAC,54.07,2026-10-23,17,Call,54.00,+0.11%,1.46,1.45,1.49,625,279,2.24,27.32%,30.91%,0.52147,"14:27 ET"
AVGO,379,2026-10-16,10,Call,377.50,+0.16%,9.9,9.9,10.1,735,328,2.24,37.61%,37.37%,0.534923,"14:34 ET"
NVDA,240.45,2026-10-14,8,Put,235.00,-2.16%,1.65,1.66,1.79,763,340,2.24,32.49%,27.69%,-0.277103,"14:53 ET"
INTC,114.57,2026-10-12,6,Call,120.00,-4.87%,1.1,1.14,1.17,1225,546,2.24,62.35%,51.30%,0.257989,"14:50 ET"
NBIS,253.47,2026-11-20,45,Put,250.00,-0.95%,26.15,26.75,26.9,1732,772,2.24,81.15%,81.53%,-0.420873,"14:45 ET"
AAPL,333.1,2026-10-16,10,Call,332.50,+0.31%,5.45,5.5,5.65,2352,1050,2.24,24.85%,22.71%,0.542035,"14:50 ET"
MSFT,530.7,2026-10-07,1,Call,530.00,+0.09%,3.2,3.3,3.35,6933,3098,2.24,29.76%,26.92%,0.533325,"14:51 ET"
ASTS,62.92,2026-10-16,10,Put,59.00,-5.96%,1.3,1.46,1.43,728,327,2.23,80.59%,72.22%,-0.276783,"14:36 ET"
RKLB,75.17,2026-10-09,3,Call,84.00,-11.97%,0.15,0.15,0.18,797,358,2.23,74.07%,80.33%,0.070009,"14:51 ET"
AMD,654.6,2026-10-09,3,Call,685.00,-4.81%,2.4,2.45,2.47,895,401,2.23,51.92%,49.11%,0.161549,"14:52 ET"
SNDK,1667.83,2026-10-09,3,Call,"1,730.00",-3.65%,13.7,13.9,14,1305,584,2.23,60.42%,59.80%,0.260347,"14:51 ET"
MU,1057.34,2026-11-20,45,Put,"1,020.00",-3.80%,44.5,45.8,45.85,1424,640,2.23,44.51%,44.32%,-0.36679,"14:41 ET"
ZS,208.14,2026-10-09,3,Call,212.50,-2.01%,2.74,3,3.15,830,374,2.22,52.78%,62.45%,0.373044,"14:49 ET"
INTC,114.57,2026-10-16,10,Call,122.00,-6.62%,1.85,1.85,1.91,1475,665,2.22,62.35%,59.18%,0.282928,"14:49 ET"
BE,298.59,2026-10-09,3,Call,305.00,-2.33%,5.05,5.12,5.25,2120,956,2.22,78.71%,73.38%,0.384627,"14:52 ET"
MU,1057.34,2026-10-07,1,Put,"1,080.00",+1.86%,24.1,23.55,24.3,646,294,2.2,44.51%,44.74%,-0.801863,"14:44 ET"
NBIS,253.47,2026-10-09,3,Call,267.50,-5.98%,2.69,2.49,2.76,1066,484,2.2,81.15%,83.95%,0.247035,"14:45 ET"
AAPL,333.1,2026-10-12,6,Call,332.50,+0.31%,3.85,3.9,4,1163,529,2.2,24.85%,20.13%,0.549436,"14:51 ET"
ARM,303.73,2026-10-09,3,Call,320.00,-5.34%,2.43,2.45,2.52,2706,1230,2.2,70.45%,72.05%,0.223353,"14:45 ET"
SPCX,172.41,2026-10-09,3,Call,177.50,-3.19%,1.39,1.4,1.41,31165,14137,2.2,49.67%,52.62%,0.281161,"14:57 ET"
MRVL,288.2,2026-10-09,3,Call,317.50,-10.82%,0.55,0.65,0.66,538,246,2.19,59.69%,75.95%,0.071063,"14:47 ET"
INTC,114.57,2027-04-16,192,Call,180.00,-57.30%,6.15,6.1,6.35,749,342,2.19,62.35%,64.25%,0.244245,"10:47 ET"
AMD,654.6,2026-10-09,3,Call,687.50,-5.19%,2.04,2.11,2.14,818,373,2.19,51.92%,49.17%,0.14266,"14:28 ET"
ANET,214.8,2026-10-09,3,Call,212.50,+0.69%,4.15,4.35,4.55,1206,550,2.19,50.19%,43.71%,0.592167,"14:49 ET"
NVDA,240.45,2026-10-23,17,Call,242.50,-0.97%,4.9,4.95,5.05,1701,778,2.19,32.49%,27.87%,0.465125,"14:55 ET"
HAL,32.55,2026-10-09,3,Put,32.00,-1.72%,0.21,0.23,0.24,2626,1201,2.19,36.12%,39.33%,-0.299642,"14:37 ET"
INTC,114.57,2026-10-09,3,Put,113.00,-1.25%,1.67,1.7,1.7,4818,2196,2.19,62.35%,59.29%,-0.380498,"14:51 ET"
IREN,41.82,2026-10-23,17,Call,40.50,+3.20%,3.2,3.15,3.35,541,248,2.18,78.39%,69.73%,0.622912,"13:26 ET"
PLTR,192.41,2026-10-16,10,Put,192.50,+0.08%,5.25,5.25,5.4,640,293,2.18,52.28%,41.80%,-0.487865,"14:55 ET"
MU,1057.34,2026-10-07,1,Call,"1,140.00",-7.52%,0.14,0.18,0.18,1088,500,2.18,44.51%,63.31%,0.013183,"14:52 ET"
INTC,114.57,2026-10-07,1,Put,110.00,-3.87%,0.17,0.18,0.19,4163,1907,2.18,62.35%,62.79%,-0.09957,"14:50 ET"
NBIS,253.47,2026-10-09,3,Call,245.00,+2.94%,12.35,11.65,12.45,4907,2247,2.18,81.15%,84.51%,0.680152,"14:46 ET"
NFLX,68.27,2026-10-09,3,Call,69.00,-1.19%,0.52,0.53,0.54,14960,6868,2.18,39.78%,33.48%,0.375411,"14:56 ET"
TSM,484.49,2026-12-18,73,Call,620.00,-28.24%,1.9,1.94,2.04,1181,543,2.17,32.83%,33.78%,0.065188,"13:44 ET"
PRME,3.63,2026-10-16,10,Call,4.00,-13.31%,0.05,0.11,0.15,1566,723,2.17,114.75%,101.13%,0.289073,"14:13 ET"
INTC,114.57,2026-10-16,10,Put,113.00,-1.25%,3.35,3.46,3.45,2559,1179,2.17,62.35%,56.24%,-0.415852,"14:49 ET"
NBIS,253.47,2026-10-09,3,Put,235.00,-6.90%,1.48,1.61,1.52,2913,1343,2.17,81.15%,81.98%,-0.149052,"14:50 ET"
GOOGL,348.35,2026-10-07,1,Call,355.00,-1.87%,0.41,0.43,0.45,6151,2841,2.17,33.49%,33.12%,0.140644,"14:52 ET"
RKLB,75.17,2026-10-09,3,Call,80.00,-6.64%,0.55,0.53,0.58,15395,7091,2.17,74.07%,76.99%,0.199349,"14:54 ET"
AMD,654.6,2026-10-23,17,Call,725.00,-10.93%,5.6,5.84,6.1,508,235,2.16,51.92%,46.74%,0.172746,"14:41 ET"
STX,804.53,2026-10-09,3,Put,700.00,-12.84%,0.35,0.38,0.45,580,269,2.16,64.67%,76.01%,-0.019258,"14:48 ET"
GM,81.9,2026-10-23,17,Call,85.00,-4.04%,1.75,1.85,1.94,539,251,2.15,37.06%,44.13%,0.364624,"12:09 ET"
AA,43.19,2026-10-09,3,Call,43.50,-0.79%,0.57,0.61,0.67,631,293,2.15,49.18%,48.52%,0.446235,"14:24 ET"
PL,18.43,2026-10-16,10,Put,15.50,-15.85%,0.05,0.1,0.15,656,305,2.15,69.49%,80.49%,-0.084165,"14:23 ET"
MRVL,288.2,2026-10-09,3,Put,267.50,-6.63%,1.58,1.67,1.67,912,424,2.15,59.69%,75.88%,-0.153543,"14:52 ET"
PBR,24.1,2026-10-16,10,Put,23.50,-2.16%,0.32,0.32,0.39,838,392,2.14,40.57%,37.41%,-0.344655,"14:31 ET"
TSLA,380.28,2026-10-09,3,Call,380.00,+0.04%,5.45,5.49,5.5,15124,7080,2.14,40.62%,38.33%,0.519203,"14:57 ET"
AMZN,255.99,2026-10-09,3,Call,255.00,+0.49%,3.35,3.44,3.45,18294,8555,2.14,35.86%,30.84%,0.563494,"14:52 ET"
BULL,7.3,2027-05-21,227,Call,7.50,-2.60%,1.37,1.42,1.45,884,416,2.13,60.04%,61.77%,0.597122,"13:36 ET"
BE,298.59,2026-10-09,3,Call,292.50,+1.86%,11,11.5,11.25,1117,524,2.13,78.71%,72.99%,0.63203,"14:47 ET"
NOK,10.89,2026-10-09,3,Put,11.00,+1.38%,0.31,0.34,0.34,1579,742,2.13,62.54%,65.49%,-0.563477,"14:37 ET"
NVDA,240.45,2026-10-09,3,Put,245.00,+2.01%,5.25,5.1,5.4,1950,916,2.13,32.49%,27.39%,-0.771851,"14:53 ET"
SMR,8.06,2026-10-23,17,Call,9.00,-11.25%,0.21,0.21,0.23,2073,974,2.13,80.52%,77.06%,0.285827,"14:53 ET"
GLW,168.19,2026-10-16,10,Put,162.50,-3.78%,3.4,3.3,3.85,518,244,2.12,59.80%,55.64%,-0.336169,"14:17 ET"
AMD,654.6,2026-10-09,3,Call,675.00,-3.28%,4.15,4.22,4.35,1458,688,2.12,51.92%,48.46%,0.252355,"14:49 ET"
SPCX,172.41,2026-10-23,17,Put,155.00,-9.89%,1.26,1.24,1.29,2684,1267,2.12,49.67%,47.75%,-0.135569,"14:56 ET"
VST,159.85,2026-12-18,73,Put,135.00,-15.25%,3.25,3.5,3.65,2944,1390,2.12,49.02%,47.14%,-0.17251,"14:48 ET"
SPCX,172.41,2026-10-12,6,Call,180.00,-4.65%,1.32,1.35,1.34,5903,2778,2.12,49.67%,44.48%,0.237039,"14:56 ET"
MSFT,530.7,2026-10-16,10,Call,532.50,-0.38%,7.75,8,7.95,581,275,2.11,29.76%,24.47%,0.480059,"14:51 ET"
IBRX,9.85,2026-10-30,24,Put,8.50,-14.05%,0.2,0.4,0.45,701,332,2.11,97.82%,90.74%,-0.219231,"14:06 ET"
WDC,410.43,2026-10-09,3,Call,425.00,-4.06%,4.45,4.7,4.95,754,357,2.11,64.18%,67.31%,0.303546,"14:57 ET"
UBER,68.96,2026-10-30,24,Call,74.00,-7.39%,0.72,0.72,0.76,862,409,2.11,37.71%,33.32%,0.22617,"14:55 ET"
GEV,1029.15,2026-10-16,10,Call,"1,040.00",-1.09%,25.5,26.2,27.5,1027,487,2.11,48.17%,45.69%,0.464755,"14:49 ET"
ASTS,62.92,2026-10-09,3,Call,64.00,-2.01%,1.3,1.35,1.38,4199,1993,2.11,80.59%,81.25%,0.416249,"14:51 ET"
HTZ,2.0901,2026-10-16,10,Call,2.0000,+4.76%,0.24,0.25,0.25,23597,11176,2.11,127.15%,138.06%,0.634153,"14:52 ET"
ISRG,405.45,2026-10-09,3,Call,420.00,-3.58%,0.95,1.34,1.4,541,258,2.1,40.32%,38.23%,0.161073,"13:02 ET"
NVDA,240.45,2027-04-16,192,Put,240.00,-0.07%,21.55,21.9,21.85,625,297,2.1,32.49%,34.76%,-0.425655,"14:07 ET"
CVS,86.28,2026-10-09,3,Call,85.00,+1.38%,2.06,2.04,2.22,644,306,2.1,36.81%,46.70%,0.640232,"14:35 ET"
PCG,12.47,2027-03-19,164,Call,16.00,-28.72%,0.43,0.49,0.6,3000,1427,2.1,45.62%,45.07%,0.260662,"10:37 ET"
NOK,10.89,2026-10-23,17,Call,11.00,-1.38%,0.64,0.64,0.66,6575,3131,2.1,62.54%,74.94%,0.506959,"14:57 ET"
PLTR,192.41,2026-10-09,3,Call,195.00,-1.38%,1.98,2.04,2.01,37676,17941,2.1,52.28%,44.92%,0.375943,"14:57 ET"
TEM,73,2026-10-09,3,Put,75.00,+2.14%,3.45,3.5,3.9,611,294,2.08,79.01%,89.97%,-0.628748,"14:45 ET"
CLW,19.86,2026-11-20,45,Call,20.00,-0.40%,1.4,1.83,1.65,650,313,2.08,55.46%,54.44%,0.53996,"12:01 ET"
AS,27.73,2026-11-20,45,Call,32.50,-17.07%,0.55,0.55,0.6,1208,581,2.08,48.63%,50.82%,0.220136,"11:09 ET"
AMD,654.6,2026-10-09,3,Call,690.00,-5.57%,1.75,1.82,1.85,1270,611,2.08,51.92%,49.34%,0.125949,"14:51 ET"
KLAR,13.28,2026-10-16,10,Call,13.50,-1.58%,0.25,0.32,0.35,1356,652,2.08,54.01%,46.12%,0.423575,"14:15 ET"
RIOT,19.14,2026-10-16,10,Call,20.00,-4.55%,0.59,0.63,0.64,4386,2106,2.08,78.17%,74.79%,0.392861,"14:47 ET"
MSFT,530.7,2026-10-12,6,Call,535.00,-0.85%,4,4.2,4.3,506,245,2.07,29.76%,22.08%,0.395885,"14:48 ET"
ALM,13.2,2026-10-16,10,Call,12.50,+5.16%,1.05,1.15,1.25,659,319,2.07,86.18%,85.53%,0.682232,"13:57 ET"
INTC,114.57,2026-10-30,24,Call,117.00,-2.25%,7.05,7.15,7.25,882,427,2.07,62.35%,68.89%,0.494772,"14:50 ET"
NBIS,253.47,2026-10-09,3,Put,237.50,-5.91%,1.9,2.04,1.94,1394,672,2.07,81.15%,81.26%,-0.182623,"14:51 ET"
WDC,410.43,2026-10-09,3,Put,410.00,+0.39%,8.65,9.25,9.7,1713,827,2.07,64.18%,65.43%,-0.470437,"14:53 ET"
SPCX,172.41,2026-11-06,31,Call,200.00,-16.27%,2.33,2.4,2.39,3179,1539,2.07,49.67%,50.71%,0.182008,"14:55 ET"
MRVL,288.2,2026-10-09,3,Call,305.00,-6.46%,1.7,1.75,1.88,4155,2008,2.07,59.69%,73.31%,0.179063,"14:52 ET"
MOS,21.08,2026-11-20,45,Put,22.00,+4.51%,1.85,1.8,2.05,681,331,2.06,49.68%,47.84%,-0.567488,"10:43 ET"
PACB,2.73,2026-11-20,45,Call,4.00,-48.15%,0.1,0.1,0.15,706,342,2.06,119.63%,117.33%,0.232163,"14:50 ET"
INTC,114.57,2027-09-17,346,Put,90.00,-21.35%,11.3,11.4,11.55,851,414,2.06,62.35%,58.79%,-0.223542,"14:49 ET"
VZ,45.7,2027-09-17,346,Call,60.00,-31.43%,0.52,0.55,0.6,1572,763,2.06,24.86%,23.28%,0.119834,"14:05 ET"
MSFT,530.7,2026-10-09,3,Call,532.50,-0.38%,4.2,4.27,4.35,1649,799,2.06,29.76%,26.74%,0.448167,"14:51 ET"
NU,15.61,2026-10-16,10,Put,15.50,-0.96%,0.4,0.41,0.42,1797,874,2.06,48.67%,44.22%,-0.454589,"14:54 ET"
FCEL,20.86,2026-10-09,3,Call,23.00,-9.52%,0.2,0.28,0.3,541,264,2.05,98.91%,119.33%,0.206328,"14:45 ET"
GOOGL,348.35,2026-11-06,31,Put,340.00,-2.44%,9.65,9.9,10.2,541,264,2.05,33.49%,35.28%,-0.377372,"14:46 ET"
SPCX,172.41,2026-10-16,10,Put,147.00,-14.54%,0.27,0.27,0.28,1609,783,2.05,49.67%,57.03%,-0.040353,"14:53 ET"
TEM,73,2026-10-09,3,Call,80.00,-8.95%,0.44,0.45,0.5,1822,889,2.05,79.01%,96.16%,0.148876,"14:57 ET"
RIOT,19.14,2026-10-16,10,Put,19.00,-0.68%,0.8,0.83,0.87,2187,1066,2.05,78.17%,73.56%,-0.443859,"14:49 ET"
NBIS,253.47,2026-10-09,3,Call,280.00,-10.93%,1.01,1.02,1.03,3335,1626,2.05,81.15%,87.32%,0.109093,"14:52 ET"
MRVL,288.2,2026-10-09,3,Put,270.00,-5.76%,1.97,2.07,2.14,3582,1749,2.05,59.69%,75.30%,-0.186081,"14:51 ET"
MRVL,288.2,2026-10-09,3,Call,285.00,+0.52%,8,8.1,8.4,6392,3124,2.05,59.69%,72.95%,0.540565,"14:50 ET"
NOK,10.89,2026-10-16,10,Call,11.50,-5.99%,0.19,0.2,0.2,9152,4456,2.05,62.54%,59.03%,0.303033,"14:55 ET"
AMZN,255.99,2026-10-12,6,Call,265.00,-3.41%,0.7,0.72,0.74,1242,609,2.04,35.86%,26.34%,0.160552,"14:47 ET"
NVDA,240.45,2026-10-07,1,Put,235.00,-2.16%,0.19,0.19,0.2,42174,20704,2.04,32.49%,33.78%,-0.096806,"14:57 ET"
CRWV,93.03,2026-10-09,3,Put,92.00,-0.41%,2.12,2.15,2.17,773,380,2.03,76.75%,75.94%,-0.434835,"14:51 ET"
DAL,83.23,2026-10-09,3,Put,78.00,-6.32%,0.43,0.47,0.53,913,450,2.03,42.60%,74.22%,-0.158317,"14:49 ET"
WDC,410.43,2026-12-18,73,Call,500.00,-22.43%,19.75,20.05,20.95,1254,617,2.03,64.18%,65.02%,0.307559,"14:45 ET"
GLW,168.19,2026-10-09,3,Call,170.00,-0.66%,2.78,2.8,2.95,2997,1476,2.03,59.80%,60.78%,0.432255,"14:50 ET"
ET,20.74,2027-03-19,164,Call,21.00,-1.55%,0.7,0.7,0.97,3000,1477,2.03,22.11%,18.94%,0.45355,"10:42 ET"
META,742.78,2026-10-09,3,Put,740.00,-0.41%,7.75,7.95,8.25,1204,596,2.02,39.35%,34.91%,-0.445552,"14:50 ET"
CRM,223.77,2026-10-09,3,Call,230.00,-2.54%,1.12,1.18,1.24,1462,723,2.02,37.89%,42.12%,0.239242,"14:52 ET"
BB,9.61,2026-10-09,3,Call,10.00,-4.49%,0.09,0.11,0.1,7244,3594,2.02,59.62%,70.66%,0.263406,"14:47 ET"
NNE,16.63,2027-01-15,101,Call,19.00,-14.18%,1.6,1.95,1.95,507,253,2,71.95%,73.00%,0.453423,"11:45 ET"
SPCX,172.41,2027-02-19,136,Call,230.00,-33.71%,5.65,6,6.3,953,477,2,49.67%,49.64%,0.227165,"14:33 ET"
MS,191.49,2026-11-20,45,Call,195.00,-1.89%,6.6,6.7,6.8,1790,894,2,32.39%,30.36%,0.458662,"14:53 ET"
META,742.78,2026-10-07,1,Call,775.00,-4.30%,0.19,0.2,0.21,2021,1009,2,39.35%,43.22%,0.030843,"14:50 ET"
CIFR,15.54,2027-01-15,101,Call,19.00,-22.11%,1.8,1.84,1.89,11688,5842,2,92.53%,90.07%,0.435788,"14:46 ET"
NVDA,240.45,2026-10-09,3,Put,235.00,-2.16%,0.76,0.77,0.77,30220,15081,2,32.49%,30.80%,-0.201158,"14:56 ET"
OKLO,39.03,2026-10-09,3,Call,41.50,-7.21%,0.33,0.36,0.43,562,283,1.99,75.32%,84.57%,0.227261,"14:50 ET"
AAOI,130.13,2026-10-09,3,Call,128.00,+1.34%,5,5.57,5.9,578,291,1.99,99.50%,90.63%,0.600004,"14:21 ET"
AVGO,379,2026-10-30,24,Call,410.00,-8.43%,4.65,4.8,4.85,957,481,1.99,37.61%,38.46%,0.229569,"14:44 ET"
MSFT,530.7,2026-10-09,3,Call,537.50,-1.33%,2.42,2.52,2.5,1109,556,1.99,29.76%,26.80%,0.303375,"14:46 ET"
NVDA,240.45,2026-11-13,38,Call,260.00,-8.25%,2.37,2.4,2.44,3416,1715,1.99,32.49%,27.20%,0.209879,"14:56 ET"
AVGO,379,2026-10-09,3,Call,390.00,-3.14%,1.98,2.04,2.04,5149,2581,1.99,37.61%,43.80%,0.233464,"14:52 ET"
SMCI,43.74,2026-10-09,3,Call,48.50,-11.29%,0.11,0.1,0.12,610,308,1.98,75.49%,79.16%,0.08257,"14:28 ET"
QNT,45.67,2026-10-16,10,Put,40.00,-12.61%,0.35,0.35,0.4,1018,513,1.98,83.89%,75.17%,-0.125514,"14:22 ET"
DELL,576.4,2026-10-09,3,Call,580.00,-1.07%,10.45,10.65,10.9,1634,827,1.98,58.14%,60.43%,0.459109,"14:49 ET"
AMZN,255.99,2026-10-14,8,Call,265.00,-3.41%,1.16,1.24,1.33,619,314,1.97,35.86%,27.87%,0.211857,"14:41 ET"
IREN,41.82,2026-10-16,10,Call,46.50,-11.14%,0.56,0.6,0.62,1014,516,1.97,78.39%,73.39%,0.215312,"14:30 ET"
NVDA,240.45,2026-10-12,6,Put,225.00,-6.32%,0.22,0.23,0.24,1875,952,1.97,32.49%,32.68%,-0.05323,"14:55 ET"
NVDA,240.45,2026-10-12,6,Call,230.00,+4.24%,10.6,10.84,11.3,2444,1239,1.97,32.49%,27.75%,0.89927,"14:39 ET"
ASTS,62.92,2026-10-09,3,Put,60.00,-4.37%,0.67,0.71,0.75,2620,1328,1.97,80.59%,80.21%,-0.250816,"14:42 ET"
SPCX,172.41,2026-10-16,10,Call,177.50,-3.19%,3.25,3.27,3.35,2923,1482,1.97,49.67%,46.79%,0.37324,"14:57 ET"
PENG,60.24,2026-10-16,10,Call,65.00,-6.94%,3.6,3.9,3.9,3020,1534,1.97,102.56%,148.13%,0.408667,"14:56 ET"
SKHY,183.79,2026-10-09,3,Put,185.00,+0.23%,4.2,4.25,4.3,3539,1792,1.97,51.91%,54.28%,-0.543084,"14:56 ET"
CSCO,117.48,2026-10-09,3,Call,117.00,+0.23%,1.43,1.51,1.51,1643,839,1.96,39.01%,30.99%,0.542288,"14:53 ET"
BE,298.59,2026-10-09,3,Call,320.00,-7.36%,1.67,1.68,1.78,1805,920,1.96,78.71%,75.89%,0.163721,"14:51 ET"
NVDA,240.45,2026-10-12,6,Put,235.00,-2.16%,1.13,1.14,1.15,3495,1779,1.96,32.49%,26.04%,-0.237949,"14:56 ET"
AAOI,130.13,2026-10-16,10,Call,155.00,-19.47%,1.45,1.6,1.7,878,451,1.95,99.50%,95.99%,0.156034,"14:33 ET"
ASTS,62.92,2026-10-09,3,Call,65.00,-3.60%,0.97,1.05,1.05,7197,3689,1.95,80.59%,82.13%,0.338439,"14:43 ET"
SLS,11.47,2027-04-16,192,Put,10.00,-12.59%,4.5,4.5,4.6,8604,4408,1.95,150.95%,187.17%,-0.214761,"14:35 ET"
NU,15.61,2026-11-13,38,Call,16.50,-5.43%,0.63,0.69,0.71,711,367,1.94,48.67%,50.69%,0.402994,"11:51 ET"
AMD,654.6,2026-10-07,1,Call,682.50,-4.42%,0.38,0.33,0.42,1531,788,1.94,51.92%,49.50%,0.055925,"14:46 ET"
NVDA,240.45,2027-04-16,192,Put,230.00,-4.24%,17.05,17.36,17.5,1703,876,1.94,32.49%,35.38%,-0.359517,"13:24 ET"
AMD,654.6,2026-10-09,3,Call,670.00,-2.51%,5.4,5.5,5.55,4481,2308,1.94,51.92%,47.97%,0.307331,"14:52 ET"
CRWV,93.03,2026-10-09,3,Call,100.00,-8.25%,0.57,0.57,0.6,15997,8235,1.94,76.75%,81.51%,0.166008,"14:51 ET"
SPCX,172.41,2026-10-12,6,Put,165.00,-4.08%,1.15,1.17,1.18,2215,1150,1.93,49.67%,43.99%,-0.206909,"14:53 ET"
INTC,114.57,2026-10-09,3,Call,120.00,-4.87%,0.76,0.78,0.78,19111,9891,1.93,62.35%,61.43%,0.216762,"14:52 ET"
B,40.96,2026-10-09,3,Call,41.00,-0.37%,0.52,0.57,0.6,665,346,1.92,40.16%,40.87%,0.482975,"14:36 ET"
WMT,107.23,2026-10-30,24,Put,102.00,-4.57%,0.63,0.66,0.66,749,390,1.92,28.38%,22.97%,-0.182713,"14:57 ET"
NBIS,253.47,2026-10-09,3,Call,282.50,-11.92%,0.82,0.72,0.84,768,399,1.92,81.15%,87.98%,0.091284,"14:41 ET"
JNJ,255.35,2026-10-16,10,Put,255.00,-0.15%,4.5,4.9,4.9,837,436,1.92,25.48%,29.12%,-0.47715,"14:12 ET"
TH,18.64,2026-10-16,10,Call,19.00,-1.99%,0.45,0.55,0.55,851,443,1.92,64.84%,52.83%,0.435304,"12:24 ET"
AMD,654.6,2026-10-09,3,Call,665.00,-1.75%,6.85,6.85,7.15,1027,534,1.92,51.92%,47.58%,0.369101,"14:46 ET"
HSDT,2.68,2027-04-16,192,Call,4.00,-49.25%,0.45,0.55,0.55,1744,907,1.92,353.05%,108.51%,0.46549,"12:39 ET"
CTVA,13.98,2026-10-16,10,Call,15.00,-7.99%,0.25,0.27,0.3,1866,970,1.92,57.92%,69.28%,0.289804,"14:45 ET"
TSM,484.49,2026-10-16,10,Put,485.00,+0.32%,11.3,11.55,11.6,520,272,1.91,32.83%,35.79%,-0.488699,"14:48 ET"
LUNR,14.93,2026-10-09,3,Call,15.50,-3.68%,0.26,0.26,0.29,1262,660,1.91,88.46%,93.81%,0.340869,"14:48 ET"
NBIS,253.47,2026-11-20,45,Put,90.00,-64.34%,0.1,0.12,0.15,1322,693,1.91,81.15%,118.49%,-0.003425,"11:02 ET"
MRNA,190.57,2026-10-09,3,Put,187.50,-1.12%,4.9,4.72,5,1421,745,1.91,92.37%,92.21%,-0.410676,"14:48 ET"
MSFT,530.7,2026-10-16,10,Put,507.50,-4.33%,1.54,1.57,1.61,711,374,1.9,29.76%,25.41%,-0.136763,"14:48 ET"
SHOP,164.65,2026-10-16,10,Call,190.00,-15.57%,0.25,0.31,0.34,1060,557,1.9,59.55%,51.62%,0.051551,"14:50 ET"
NOK,10.89,2026-10-30,24,Call,12.00,-10.60%,0.37,0.39,0.39,4544,2396,1.9,62.54%,69.96%,0.326461,"14:56 ET"
MU,1057.34,2026-10-09,3,Call,"1,115.00",-5.16%,2.77,2.89,2.83,760,402,1.89,44.51%,48.46%,0.123798,"14:48 ET"
TXG,81.44,2026-10-16,10,Put,80.00,-3.08%,4.1,4.7,4.7,898,475,1.89,95.38%,94.27%,-0.42912,"14:56 ET"
VTRS,17.56,2026-11-20,45,Put,17.00,-3.13%,0.55,0.52,0.65,1082,574,1.89,35.47%,35.44%,-0.371107,"12:10 ET"
NKE,34.4,2026-11-13,38,Call,35.00,-2.16%,1.28,1.25,1.35,1738,921,1.89,36.63%,36.26%,0.459235,"14:41 ET"
COIN,185.7,2026-10-09,3,Put,180.00,-3.51%,1.64,1.7,1.73,2834,1497,1.89,62.84%,61.53%,-0.260735,"14:48 ET"
SKHY,183.79,2026-10-16,10,Put,170.00,-7.89%,1.29,1.3,1.32,3033,1604,1.89,51.91%,49.60%,-0.158667,"14:56 ET"
CCJ,93.54,2026-11-20,45,Put,85.00,-9.12%,2.37,2.4,2.5,10231,5420,1.89,46.72%,46.23%,-0.248565,"14:34 ET"
LITE,1129.36,2026-10-16,10,Put,"1,050.00",-7.02%,17.5,19.01,19.3,531,283,1.88,72.81%,66.35%,-0.239108,"14:45 ET"
MCY,103.24,2027-03-19,164,Call,95.00,+7.99%,14,14.67,15.4,941,500,1.88,31.49%,34.86%,0.700263,"14:09 ET"
TSLA,380.28,2026-10-12,6,Put,375.00,-1.36%,3.7,3.95,3.85,1263,673,1.88,40.62%,31.78%,-0.353028,"14:52 ET"
BE,298.59,2026-10-09,3,Call,330.00,-10.72%,0.74,0.79,0.81,1323,702,1.88,78.71%,77.98%,0.082806,"14:50 ET"
MRVL,288.2,2026-10-09,3,Call,277.50,+3.14%,12.3,14.13,12.85,1335,712,1.88,59.69%,72.18%,0.694914,"13:44 ET"
AVGO,379,2026-10-09,3,Put,360.00,-4.79%,0.56,0.58,0.6,1622,861,1.88,37.61%,41.46%,-0.087131,"14:53 ET"
SKHY,183.79,2026-11-20,45,Call,210.00,-13.78%,5.15,5.43,5.7,3077,1633,1.88,51.91%,53.71%,0.278179,"14:56 ET"
PLTR,192.41,2026-10-09,3,Call,200.00,-3.98%,0.71,0.73,0.73,20776,11060,1.88,52.28%,44.92%,0.17416,"14:56 ET"
HTZ,2.0901,2026-10-09,3,Call,2.0000,+4.76%,0.19,0.21,0.21,21050,11177,1.88,127.15%,190.15%,0.649849,"14:52 ET"
NU,15.61,2026-10-23,17,Put,16.00,+2.24%,0.76,0.8,0.82,671,359,1.87,48.67%,41.79%,-0.594927,"14:11 ET"
BHF,50.16,2026-10-16,10,Put,45.00,-10.23%,0.2,0.3,0.3,685,367,1.87,65.34%,55.74%,-0.107929,"14:49 ET"
ASML,1834.07,2026-10-16,10,Call,"1,960.00",-7.65%,18.3,22,21.1,789,423,1.87,43.22%,51.88%,0.225998,"14:09 ET"
PDSB,1.085,2026-10-09,3,Call,1.0000,+2.91%,0.1,0.13,0.15,804,430,1.87,179.41%,226.80%,0.668981,"14:53 ET"
NBIS,253.47,2026-10-16,10,Call,255.00,-1.03%,12,11.62,12.1,1667,890,1.87,81.15%,76.62%,0.505368,"14:51 ET"
IREN,41.82,2026-10-09,3,Call,43.50,-3.97%,0.53,0.53,0.55,2007,1073,1.87,78.39%,75.50%,0.305476,"14:46 ET"
ZS,208.14,2026-10-09,3,Call,220.00,-5.61%,1,1.25,1.2,1612,869,1.86,52.78%,62.88%,0.176272,"14:41 ET"
XOM,165.23,2026-10-09,3,Put,160.00,-3.16%,0.24,0.26,0.28,2393,1288,1.86,28.74%,30.25%,-0.116048,"14:52 ET"
EQT,52.28,2028-01-21,472,Put,45.00,-13.63%,3.65,3.9,4.05,524,283,1.85,31.99%,34.92%,-0.253834,"14:38 ET"
NN,13.15,2026-10-09,3,Call,13.50,-2.97%,0.55,0.65,0.75,634,343,1.85,104.19%,168.03%,0.463465,"14:11 ET"
SKHY,183.79,2026-10-16,10,Call,187.50,-1.59%,4.35,4.42,4.45,897,486,1.85,51.91%,49.08%,0.422612,"14:55 ET"
CRWV,93.03,2026-10-09,3,Call,93.00,-0.67%,2.48,2.51,2.55,3170,1711,1.85,76.75%,77.39%,0.50357,"14:52 ET"
DELL,576.4,2026-10-09,3,Put,545.00,-5.03%,2.18,2.26,2.47,858,466,1.84,58.14%,58.74%,-0.144282,"14:46 ET"
NVDA,240.45,2026-10-09,3,Put,252.50,+5.13%,11.8,11.8,12.6,1251,679,1.84,32.49%,32.62%,-0.952642,"13:53 ET"
MRVL,288.2,2026-10-16,10,Put,262.50,-8.38%,3.05,2.92,3.3,1718,934,1.84,59.69%,62.76%,-0.185822,"14:31 ET"
NVDA,240.45,2026-11-13,38,Call,255.00,-6.17%,3.5,3.6,3.65,1727,941,1.84,32.49%,27.55%,0.281883,"14:51 ET"
SMCI,43.74,2026-10-30,24,Put,37.00,-15.10%,0.56,0.59,0.6,2051,1113,1.84,75.49%,66.90%,-0.140203,"14:45 ET"
BA,189.9,2026-10-23,17,Call,200.00,-4.82%,1.85,1.92,1.98,2488,1351,1.84,35.05%,32.31%,0.25007,"14:52 ET"
CRWD,278.1,2026-10-09,3,Put,270.00,-3.23%,1.84,1.93,1.93,1431,781,1.83,50.29%,52.15%,-0.237807,"14:51 ET"
QCOM,182.39,2026-10-09,3,Call,182.50,-0.03%,3.05,3.21,3.3,1732,949,1.83,49.52%,47.59%,0.511987,"14:50 ET"
RGTI,15.25,2026-10-09,3,Call,16.00,-5.47%,0.13,0.13,0.14,4119,2254,1.83,71.11%,70.98%,0.240722,"14:53 ET"
OKLO,39.03,2026-10-16,10,Call,42.00,-8.50%,0.85,0.86,0.86,617,339,1.82,75.32%,73.88%,0.300249,"14:57 ET"
SO,84.92,2026-11-20,45,Call,87.50,-3.11%,1.05,1.22,1.45,1111,612,1.82,20.52%,19.08%,0.341371,"12:20 ET"
KMI,32.19,2026-10-30,24,Put,31.00,-3.37%,0.36,0.43,0.44,1144,629,1.82,24.56%,26.60%,-0.282912,"14:40 ET"
HPE,70.87,2026-10-09,3,Put,70.00,-1.02%,1.12,1.18,1.25,1305,716,1.82,58.29%,62.07%,-0.402633,"14:49 ET"
PLTR,192.41,2026-10-09,3,Put,182.50,-5.12%,0.5,0.5,0.52,4837,2653,1.82,52.28%,49.77%,-0.11767,"14:57 ET"
AAPL,333.1,2026-10-09,3,Put,325.00,-2.55%,0.53,0.55,0.56,4893,2695,1.82,24.85%,25.81%,-0.136558,"14:51 ET"
HOOD,111.95,2026-10-16,10,Call,112.00,+0.42%,4,4,4.1,655,362,1.81,59.12%,53.79%,0.523721,"14:50 ET"
NVDA,240.45,2026-10-12,6,Call,247.50,-3.05%,0.7,0.72,0.72,2193,1212,1.81,32.49%,23.91%,0.180088,"14:55 ET"
CRWV,93.03,2026-10-09,3,Put,90.00,-2.58%,1.32,1.36,1.37,2953,1632,1.81,76.75%,75.93%,-0.314338,"14:51 ET"
AAL,12.93,2026-10-23,17,Put,13.00,+0.78%,0.64,0.68,0.68,2991,1657,1.81,48.66%,55.37%,-0.497797,"14:47 ET"
NVDA,240.45,2026-10-16,10,Put,240.00,-0.07%,4,4.05,4.1,8379,4637,1.81,32.49%,27.41%,-0.469534,"14:55 ET"
XE,15.68,2026-10-09,3,Call,16.00,-1.33%,0.35,0.39,0.45,832,462,1.8,83.14%,94.06%,0.427388,"14:56 ET"
MSFT,530.7,2026-10-16,10,Call,585.00,-10.28%,0.17,0.18,0.21,1202,667,1.8,29.76%,28.43%,0.020921,"13:49 ET"
MSTR,163.45,2026-10-16,10,Call,172.50,-5.14%,3.55,3.5,3.65,2843,1578,1.8,64.15%,63.45%,0.334604,"14:49 ET"
VST,159.85,2026-10-16,10,Call,170.00,-6.72%,1.73,1.84,1.96,5247,2911,1.8,49.02%,49.22%,0.247475,"14:55 ET"
ASTS,62.92,2026-10-16,10,Put,63.00,+0.41%,3,3.1,3.2,570,319,1.79,80.59%,73.24%,-0.482468,"14:52 ET"
WULF,15.01,2026-10-30,24,Call,15.00,-0.20%,1.17,1.18,1.21,787,440,1.79,80.52%,82.46%,0.522781,"14:22 ET"
MRVL,288.2,2027-06-17,254,Call,360.00,-25.65%,40.2,41.55,41.45,870,485,1.79,59.69%,65.17%,0.461453,"13:49 ET"
AAPL,333.1,2026-10-07,1,Put,337.50,+1.19%,4.45,4.3,4.7,908,508,1.79,24.85%,24.27%,-0.83819,"14:50 ET"
ALAB,390.88,2026-10-09,3,Call,390.00,+0.37%,9.75,10.85,10.85,1016,567,1.79,85.16%,84.29%,0.472161,"14:53 ET"
SNDK,1667.83,2026-10-09,3,Call,"1,750.00",-4.84%,9.9,10.02,10.1,1641,916,1.79,60.42%,60.70%,0.200218,"14:56 ET"
CHWY,18.22,2026-10-09,3,Put,18.00,-1.04%,0.23,0.23,0.28,1711,954,1.79,46.28%,50.32%,-0.414227,"14:04 ET"
MSTR,163.45,2026-10-16,10,Put,150.00,-8.58%,1.49,1.53,1.52,8657,4839,1.79,64.15%,59.14%,-0.16826,"14:46 ET"
OKLO,39.03,2026-10-09,3,Call,40.00,-3.33%,0.72,0.73,0.77,15769,8819,1.79,75.32%,80.45%,0.387718,"14:56 ET"
META,742.78,2026-10-07,1,Put,705.00,-5.12%,0.09,0.11,0.12,572,321,1.78,39.35%,46.72%,-0.016031,"14:22 ET"
CBRS,176.48,2026-10-16,10,Call,175.00,+1.26%,8.4,8.76,9.2,576,323,1.78,72.97%,68.27%,0.556747,"14:52 ET"
XE,15.68,2026-11-20,45,Call,17.50,-10.83%,1.15,1.25,1.4,1450,816,1.78,83.14%,87.60%,0.426524,"14:41 ET"
MU,1057.34,2026-10-09,3,Put,"1,010.00",-4.74%,2.75,2.8,2.82,1497,839,1.78,44.51%,45.99%,-0.124861,"14:51 ET"
MRNA,190.57,2026-10-09,3,Put,170.00,-10.35%,0.59,0.59,0.66,2039,1147,1.78,92.37%,92.93%,-0.082558,"14:52 ET"
CRWD,278.1,2026-10-09,3,Put,257.50,-7.71%,0.32,0.35,0.36,786,443,1.77,50.29%,56.20%,-0.055238,"14:47 ET"
INTC,114.57,2026-10-16,10,Put,114.00,-0.38%,3.85,3.85,3.95,809,456,1.77,62.35%,56.62%,-0.453211,"14:52 ET"
BB,9.61,2026-10-09,3,Put,9.50,-0.73%,0.18,0.19,0.21,886,500,1.77,59.62%,67.85%,-0.431942,"14:28 ET"
MU,1057.34,2026-10-07,1,Put,"1,010.00",-4.74%,0.41,0.41,0.44,1410,798,1.77,44.51%,50.71%,-0.037458,"14:51 ET"
NVDA,240.45,2026-10-09,3,Put,255.00,+6.17%,14.2,14.93,15.15,503,285,1.76,32.49%,36.37%,-0.964468,"14:21 ET"
CRWV,93.03,2028-12-15,801,Put,160.00,+73.20%,80.25,81.1,81.55,803,456,1.76,76.75%,69.79%,-0.537984,"14:23 ET"
CMCSA,21.55,2026-10-16,10,Call,20.00,+6.89%,1.33,1.53,1.61,1758,997,1.76,36.72%,31.02%,0.925728,"14:17 ET"
NVDA,240.45,2026-10-23,17,Put,240.00,-0.07%,5.3,5.34,5.4,5622,3191,1.76,32.49%,27.66%,-0.468541,"14:55 ET"
KLAR,13.28,2026-10-30,24,Call,15.00,-12.87%,0.1,0.1,0.15,628,358,1.75,54.01%,45.34%,0.161852,"12:11 ET"
PANW,417.54,2027-01-15,101,Put,390.00,-6.84%,30.2,30.71,31.35,690,394,1.75,53.66%,53.69%,-0.336049,"14:09 ET"
NVDA,240.45,2026-10-16,10,Call,257.50,-7.21%,0.31,0.33,0.33,1237,706,1.75,32.49%,27.11%,0.068472,"14:54 ET"
VST,159.85,2026-11-20,45,Call,200.00,-25.55%,1.82,1.9,2.05,1335,762,1.75,49.02%,52.74%,0.138804,"14:34 ET"
PLTR,192.41,2026-10-09,3,Put,195.00,+1.38%,4.55,4.6,4.65,2505,1432,1.75,52.28%,44.11%,-0.627456,"14:53 ET"
HOOD,111.95,2026-10-09,3,Call,114.00,-1.36%,1.49,1.53,1.52,4573,2613,1.75,59.12%,57.42%,0.381033,"14:50 ET"
BMNR,26.16,2026-10-09,3,Call,27.00,-2.74%,0.39,0.4,0.41,6591,3761,1.75,68.40%,74.57%,0.348366,"14:52 ET"
NFLX,68.27,2026-10-09,3,Call,68.00,+0.28%,0.98,0.99,1,16198,9272,1.75,39.78%,33.59%,0.56478,"14:57 ET"
HPE,70.87,2026-10-09,3,Call,73.00,-3.22%,0.75,0.77,0.87,565,325,1.74,58.29%,63.95%,0.314767,"14:49 ET"
SHOP,164.65,2026-11-20,45,Put,150.00,-8.76%,6.9,7.09,7.4,1052,605,1.74,59.55%,61.09%,-0.288634,"14:51 ET"
NBIS,253.47,2026-10-16,10,Put,235.00,-6.90%,4.85,5.04,5,589,340,1.73,81.15%,74.08%,-0.249898,"14:48 ET"
OKLO,39.03,2026-10-23,17,Call,40.00,-3.33%,1.89,1.8,2.01,797,461,1.73,75.32%,69.43%,0.471412,"14:40 ET"
LUNR,14.93,2026-10-09,3,Call,16.50,-10.37%,0.07,0.1,0.09,861,498,1.73,88.46%,94.98%,0.129214,"14:24 ET"
RKLB,75.17,2026-10-09,3,Put,73.00,-2.69%,0.98,1.04,1.07,1743,1008,1.73,74.07%,72.49%,-0.311258,"14:56 ET"
LION,11.39,2026-12-18,73,Call,15.00,-31.58%,0.1,0.29,0.3,2526,1464,1.73,62.22%,52.98%,0.156722,"13:44 ET"
APP,277.29,2027-06-17,254,Put,270.00,-2.70%,51.6,52.5,53.1,500,290,1.72,68.34%,66.59%,-0.358581,"13:52 ET"
DVN,48.08,2026-10-16,10,Put,48.00,-0.08%,0.99,1.1,1.15,557,323,1.72,37.25%,35.61%,-0.471309,"12:02 ET"
AMD,654.6,2026-10-09,3,Put,632.50,-3.23%,3.25,3.35,3.4,584,339,1.72,51.92%,47.70%,-0.204742,"14:51 ET"
VRT,253.25,2026-10-09,3,Call,255.00,-1.03%,4.35,4.5,4.65,706,410,1.72,59.36%,56.85%,0.464009,"14:56 ET"
CPB,19.06,2026-11-20,45,Put,21.00,+10.24%,2.1,2.09,2.25,1546,899,1.72,32.93%,25.92%,-0.855029,"10:58 ET"
CRWD,278.1,2026-10-09,3,Call,282.50,-1.25%,3.5,3.5,3.75,2470,1437,1.72,50.29%,51.29%,0.402005,"14:46 ET"
SNDK,1667.83,2026-10-09,3,Call,"1,800.00",-7.84%,4.3,4.38,4.4,3296,1911,1.72,60.42%,63.47%,0.098322,"14:56 ET"
GRAB,3.12,2028-12-15,801,Call,4.00,-27.80%,0.91,0.9,0.93,11045,6439,1.72,50.86%,59.36%,0.610239,"14:39 ET"
GLW,168.19,2026-10-23,17,Call,170.00,-0.66%,7,7.2,7.4,897,524,1.71,59.80%,54.99%,0.490985,"14:52 ET"
MSFT,530.7,2026-10-23,17,Call,545.00,-2.74%,5.35,5.55,5.7,1407,824,1.71,29.76%,23.86%,0.319799,"14:34 ET"
GOOG,344.97,2026-10-09,3,Call,350.00,-1.40%,1.91,1.91,1.97,7506,4392,1.71,33.41%,31.14%,0.313476,"14:52 ET"
INTC,114.57,2026-10-09,3,Call,118.00,-3.12%,1.2,1.24,1.24,11078,6461,1.71,62.35%,60.27%,0.311473,"14:52 ET"
NBIS,253.47,2026-10-30,24,Put,240.00,-4.92%,12.1,12.75,12.8,605,356,1.7,81.15%,73.50%,-0.349017,"14:43 ET"
AVGO,379,2026-11-06,31,Call,390.00,-3.14%,11.95,12.09,12.25,978,576,1.7,37.61%,37.68%,0.423576,"14:43 ET"
MU,1057.34,2026-10-09,3,Call,"1,075.00",-1.39%,10.65,10.65,10.75,2061,1209,1.7,44.51%,45.75%,0.36448,"14:52 ET"
AAPL,333.1,2026-10-14,8,Call,340.00,-1.94%,1.7,1.77,1.85,2437,1434,1.7,24.85%,21.39%,0.27699,"14:50 ET"
AMZN,255.99,2026-10-30,24,Call,265.00,-3.41%,6.95,7.11,7.2,3975,2336,1.7,35.86%,40.39%,0.397936,"14:51 ET"
WMT,107.23,2026-10-09,3,Call,107.00,-0.11%,1.08,1.09,1.12,5648,3327,1.7,28.38%,25.24%,0.542886,"14:56 ET"
VZLA,3.56,2028-01-21,472,Call,4.00,-12.68%,0.85,1.04,1.15,605,357,1.69,63.91%,68.23%,0.622014,"13:18 ET"
LUNR,14.93,2026-10-09,3,Call,14.50,+3.01%,0.69,0.72,0.76,817,484,1.69,88.46%,92.19%,0.647766,"14:47 ET"
LULU,94.02,2026-10-09,3,Call,95.00,-1.23%,1.02,1.07,1.1,889,527,1.69,41.49%,43.88%,0.404849,"14:52 ET"
GLW,168.19,2026-10-09,3,Call,175.00,-3.62%,1.24,1.4,1.41,1682,995,1.69,59.80%,61.40%,0.245358,"14:46 ET"
AMZN,255.99,2026-10-16,10,Call,262.50,-2.44%,2.28,2.43,2.36,2127,1262,1.69,35.86%,28.16%,0.310225,"14:41 ET"
MSTR,163.45,2026-10-09,3,Put,162.50,-0.96%,3.05,3.13,3.15,3483,2067,1.69,64.15%,63.68%,-0.42983,"14:52 ET"
ORCL,145.87,2026-10-09,3,Call,146.00,-0.30%,2.68,2.75,2.76,3962,2344,1.69,51.14%,51.34%,0.51042,"14:55 ET"
CCJ,93.54,2027-06-17,254,Put,70.00,-25.16%,3.15,3.38,4.1,600,358,1.68,46.72%,46.22%,-0.159605,"14:05 ET"
TEAM,191.84,2026-10-09,3,Call,200.00,-4.12%,1.35,1.5,1.8,759,451,1.68,73.16%,64.59%,0.243955,"14:30 ET"
SPCX,172.41,2026-10-12,6,Call,185.00,-7.55%,0.63,0.64,0.65,3236,1930,1.68,49.67%,46.66%,0.12761,"14:55 ET"
APO,115.54,2026-11-20,45,Put,115.00,-0.49%,6,6.1,6.4,3843,2290,1.68,39.16%,40.70%,-0.45453,"14:50 ET"
AAPL,333.1,2026-10-07,1,Call,327.50,+1.80%,5.75,6.33,6.4,502,300,1.67,24.85%,28.23%,0.88382,"14:42 ET"
WING,113.61,2026-10-16,10,Call,125.00,-10.43%,1.05,1.17,1.4,537,322,1.67,71.23%,63.03%,0.195532,"14:45 ET"
AMD,654.6,2027-09-17,346,Put,740.00,+13.22%,169.75,171.69,173.15,541,323,1.67,51.92%,52.41%,-0.481112,"14:22 ET"
GOOG,344.97,2026-10-09,3,Put,342.50,-0.77%,2.54,2.6,2.61,1015,607,1.67,33.41%,29.96%,-0.386061,"14:52 ET"
MRVL,288.2,2026-10-23,17,Call,300.00,-4.71%,8.85,9.4,9.65,1401,838,1.67,59.69%,59.36%,0.386098,"14:49 ET"
RDW,10.9,2026-10-09,3,Call,11.50,-5.02%,0.1,0.12,0.15,1671,1002,1.67,87.94%,83.78%,0.259358,"14:55 ET"
BE,298.59,2026-10-09,3,Call,295.00,+1.02%,9.5,9.65,9.8,2211,1321,1.67,78.71%,72.79%,0.58277,"14:52 ET"
STZ,116.11,2026-10-09,3,Put,110.00,-4.84%,0.65,0.73,0.75,502,302,1.66,35.31%,68.23%,-0.175405,"14:55 ET"
AVGO,379,2026-10-16,10,Call,367.50,+2.81%,15.75,16.18,16.1,599,361,1.66,37.61%,37.28%,0.699402,"14:22 ET"
AAPL,333.1,2026-10-12,6,Call,337.50,-1.19%,1.71,1.78,1.83,663,399,1.66,24.85%,19.93%,0.323099,"14:50 ET"
HOOD,111.95,2026-10-09,3,Call,111.00,+1.31%,2.83,2.82,2.86,823,496,1.66,59.12%,56.37%,0.584177,"14:52 ET"
WMT,107.23,2026-10-30,24,Call,108.00,-1.05%,2.2,2.2,2.26,866,522,1.66,28.38%,22.83%,0.474677,"14:56 ET"
NBIS,253.47,2026-10-23,17,Call,270.00,-6.97%,9.55,9.8,10.25,898,540,1.66,81.15%,74.97%,0.379421,"14:34 ET"
ARM,303.73,2026-10-09,3,Call,305.00,-0.40%,6.85,6.95,7.05,1040,627,1.66,70.45%,68.31%,0.487742,"14:47 ET"
SKHY,183.79,2026-10-16,10,Call,215.00,-16.49%,0.39,0.38,0.4,1348,811,1.66,51.91%,57.35%,0.055223,"14:52 ET"
TSLA,380.28,2026-10-07,1,Call,372.50,+2.01%,8.35,8.35,8.5,2483,1493,1.66,40.62%,38.62%,0.850516,"14:56 ET"
SPCX,172.41,2026-10-12,6,Call,190.00,-10.46%,0.31,0.33,0.33,3328,2001,1.66,49.67%,49.47%,0.068104,"14:54 ET"
IREN,41.82,2027-06-17,254,Call,45.00,-7.55%,10.25,10.61,10.8,3489,2099,1.66,78.39%,81.54%,0.60997,"13:49 ET"
XE,15.68,2027-01-15,101,Put,12.50,-20.84%,0.95,1.1,1.25,1030,624,1.65,83.14%,82.66%,-0.222907,"13:26 ET"
RKLB,75.17,2026-10-09,3,Call,82.00,-9.30%,0.28,0.28,0.35,1473,894,1.65,74.07%,79.02%,0.121994,"14:56 ET"
LUNR,14.93,2026-10-09,3,Put,15.00,+0.33%,0.52,0.54,0.57,1758,1067,1.65,88.46%,92.66%,-0.510614,"14:47 ET"
SPCX,172.41,2026-10-12,6,Put,150.00,-12.80%,0.12,0.11,0.13,1994,1206,1.65,49.67%,56.96%,-0.025526,"14:53 ET"
AAOI,130.13,2026-10-16,10,Call,150.00,-15.62%,2.05,2.2,2.5,2564,1555,1.65,99.50%,95.73%,0.209798,"14:51 ET"
BW,5.98,2026-11-20,45,Call,7.50,-26.05%,0.4,0.43,0.45,3209,1944,1.65,101.87%,106.60%,0.343592,"14:37 ET"
USAR,13.9,2027-01-15,101,Put,16.00,+15.19%,3.35,3.45,3.45,3738,2259,1.65,73.48%,75.29%,-0.551973,"14:36 ET"
AVGO,379,2026-11-20,45,Call,410.00,-8.43%,9.4,9.45,9.65,4429,2685,1.65,37.61%,38.50%,0.310521,"14:51 ET"
PLTR,192.41,2026-10-09,3,Put,187.50,-2.52%,1.33,1.31,1.36,4513,2736,1.65,52.28%,46.60%,-0.266183,"14:56 ET"
LUNR,14.93,2026-10-09,3,Call,16.00,-7.02%,0.14,0.15,0.16,2326,1418,1.64,88.46%,93.63%,0.216186,"14:48 ET"
SKHY,183.79,2026-10-16,10,Put,175.00,-5.19%,2.35,2.35,2.38,3420,2085,1.64,51.91%,48.66%,-0.255427,"14:54 ET"
INTC,114.57,2026-10-09,3,Call,125.00,-9.24%,0.22,0.23,0.24,7885,4797,1.64,62.35%,65.21%,0.077105,"14:52 ET"
KTOS,43.58,2026-10-23,17,Call,50.00,-14.73%,0.3,0.39,0.45,511,314,1.63,60.87%,56.18%,0.145449,"14:43 ET"
VZLA,3.56,2028-01-21,472,Call,7.00,-97.18%,0.45,0.54,0.65,605,371,1.63,63.91%,75.90%,0.387325,"14:34 ET"
TSLA,380.28,2026-10-14,8,Call,380.00,+0.04%,7.9,7.97,8.05,662,406,1.63,40.62%,34.17%,0.522717,"14:56 ET"
NBIS,253.47,2026-10-30,24,Call,320.00,-26.78%,3.55,4,4,745,457,1.63,81.15%,80.14%,0.152492,"13:55 ET"
MRVL,288.2,2026-10-16,10,Call,305.00,-6.46%,4.85,5.07,5.2,1825,1118,1.63,59.69%,61.97%,0.288235,"14:50 ET"
NVDA,240.45,2026-10-12,6,Put,232.50,-3.20%,0.71,0.71,0.74,1899,1164,1.63,32.49%,27.25%,-0.161215,"14:54 ET"
INTC,114.57,2026-10-09,3,Put,111.00,-3.00%,1,1.02,1.03,2512,1541,1.63,62.35%,59.55%,-0.263006,"14:51 ET"
IREN,41.82,2026-10-09,3,Call,42.00,-0.38%,1.07,1.12,1.12,5926,3627,1.63,78.39%,75.02%,0.501456,"14:51 ET"
SNDK,1667.83,2026-10-09,3,Call,"1,710.00",-2.45%,18.9,19.1,19.1,501,310,1.62,60.42%,59.05%,0.332191,"14:55 ET"
AVGO,379,2026-11-06,31,Call,380.00,-0.50%,16.05,16.3,16.5,537,331,1.62,37.61%,37.50%,0.517298,"14:39 ET"
WFC,81.42,2026-10-09,3,Call,81.00,+0.61%,1.01,1.09,1.12,785,486,1.62,29.92%,27.84%,0.592575,"14:32 ET"
MRVL,288.2,2026-10-30,24,Call,260.00,+9.25%,32.55,35.85,34.15,1000,616,1.62,59.69%,59.50%,0.764896,"14:17 ET"
MSFT,530.7,2026-10-09,3,Put,517.50,-2.45%,0.98,1.02,1.05,1294,799,1.62,29.76%,26.98%,-0.149511,"14:51 ET"
MRVL,288.2,2026-10-09,3,Put,255.00,-10.99%,0.45,0.45,0.5,1556,958,1.62,59.69%,80.56%,-0.052457,"14:51 ET"
AMD,654.6,2026-10-23,17,Call,640.00,+2.08%,33.8,34.1,34.45,1664,1030,1.62,51.92%,45.70%,0.616934,"14:49 ET"
AMZN,255.99,2026-10-07,1,Call,245.00,+4.39%,10.95,11.03,11.1,1716,1061,1.62,35.86%,40.74%,0.980667,"14:53 ET"
BSX,42.14,2028-01-21,472,Put,45.00,+6.76%,7.9,8.1,8.4,4012,2483,1.62,44.19%,40.24%,-0.443806,"12:28 ET"
DELL,576.4,2026-10-09,3,Call,590.00,-2.81%,6.7,6.9,7,616,382,1.61,58.14%,60.15%,0.338373,"14:52 ET"
NKE,34.4,2027-04-16,192,Call,45.00,-31.35%,1.11,1.18,1.22,661,411,1.61,36.63%,41.59%,0.223023,"14:41 ET"
BE,298.59,2026-10-09,3,Call,302.50,-1.49%,6,6.25,6.2,813,505,1.61,78.71%,73.32%,0.432575,"14:48 ET"
METC,8.09,2026-10-16,10,Put,7.00,-13.15%,0.05,0.1,0.1,1032,642,1.61,83.68%,81.00%,-0.130317,"13:12 ET"
MSFT,530.7,2026-10-07,1,Put,517.50,-2.45%,0.19,0.22,0.22,1368,851,1.61,29.76%,30.27%,-0.056799,"14:50 ET"
META,742.78,2026-10-09,3,Call,745.00,-0.26%,8.65,8.77,9,1761,1094,1.61,39.35%,36.62%,0.472384,"14:52 ET"
NVDA,240.45,2026-10-14,8,Call,240.00,+0.07%,4,4.1,4.15,1912,1185,1.61,32.49%,26.62%,0.53256,"14:55 ET"
HOOD,111.95,2026-10-09,3,Call,115.00,-2.25%,1.19,1.19,1.2,8147,5052,1.61,59.12%,57.98%,0.320789,"14:52 ET"
MRVL,288.2,2026-10-09,3,Call,290.00,-1.22%,5.6,5.9,6.05,11129,6908,1.61,59.69%,72.30%,0.43518,"14:49 ET"
AAOI,130.13,2026-10-16,10,Put,120.00,-7.51%,3,3.29,3.3,651,406,1.6,99.50%,86.83%,-0.258956,"14:44 ET"
AMZN,255.99,2026-10-09,3,Put,257.50,+0.48%,3.4,3.53,3.6,1093,681,1.6,35.86%,29.11%,-0.581312,"14:49 ET"
MAT,16.01,2027-01-15,101,Call,20.00,-25.79%,0.4,0.4,0.75,12420,7771,1.6,56.20%,52.77%,0.24831,"14:46 ET"
AMD,654.6,2026-10-09,3,Call,632.50,+3.23%,25.65,25.25,26,551,347,1.59,51.92%,48.51%,0.791775,"14:43 ET"
SNDK,1667.83,2026-10-09,3,Call,"1,895.00",-13.53%,1.05,1.15,1.15,557,350,1.59,60.42%,71.77%,0.027115,"14:38 ET"
OKLO,39.03,2026-10-09,3,Put,38.00,-1.83%,0.6,0.64,0.69,594,373,1.59,75.32%,78.86%,-0.335599,"14:56 ET"
AMAT,531.07,2026-11-13,38,Put,530.00,-0.06%,35.1,35.84,36.5,715,451,1.59,54.17%,54.40%,-0.455341,"14:19 ET"
KLAC,197.98,2026-10-30,24,Call,220.00,-11.26%,5,5.61,5.5,750,473,1.59,58.87%,62.76%,0.286337,"13:35 ET"
ARM,303.73,2026-10-09,3,Call,307.50,-1.22%,5.85,5.95,6.05,756,476,1.59,70.45%,69.16%,0.436516,"14:52 ET"
CCJ,93.54,2026-10-09,3,Call,92.00,+1.64%,2.26,2.41,2.6,850,535,1.59,46.72%,49.74%,0.63554,"14:36 ET"
VZ,45.7,2026-10-09,3,Put,44.00,-3.61%,0.06,0.1,0.11,909,570,1.59,24.86%,36.07%,-0.114907,"14:19 ET"
XNDU,5.22,2026-10-09,3,Call,5.00,+4.21%,0.3,0.39,0.45,1156,725,1.59,109.50%,120.72%,0.695748,"14:48 ET"
META,742.78,2026-10-07,1,Put,710.00,-4.45%,0.13,0.16,0.16,1331,838,1.59,39.35%,43.33%,-0.022855,"14:49 ET"
LULU,94.02,2026-11-20,45,Call,120.00,-27.86%,0.37,0.42,0.49,2064,1296,1.59,41.49%,44.06%,0.07077,"13:19 ET"
BMNR,26.16,2026-10-09,3,Call,26.50,-0.84%,0.55,0.57,0.58,2793,1759,1.59,68.40%,72.18%,0.452588,"14:52 ET"
TSLA,380.28,2026-10-09,3,Call,385.00,-1.27%,3.3,3.32,3.35,11916,7500,1.59,40.62%,38.36%,0.371546,"14:56 ET"
APH,88.64,2026-11-20,45,Put,87.50,-1.15%,4.6,4.65,4.9,530,335,1.58,42.81%,43.81%,-0.431791,"14:45 ET"
RKLB,75.17,2026-10-30,24,Call,78.00,-3.97%,3.85,4.1,4.25,535,338,1.58,74.07%,67.06%,0.455997,"14:32 ET"
CRDO,221.74,2026-11-20,45,Call,260.00,-17.77%,10.6,11.01,11.2,698,443,1.58,74.24%,75.45%,0.325213,"14:47 ET"
GRAB,3.12,2026-11-06,31,Put,3.50,+11.82%,0.41,0.42,0.48,699,442,1.58,50.86%,55.84%,-0.72848,"14:22 ET"
RKT,11.56,2026-10-30,24,Call,12.00,-2.65%,0.51,0.55,0.58,1058,669,1.58,63.87%,60.47%,0.443805,"14:56 ET"
AVGO,379,2026-10-16,10,Call,385.00,-1.82%,6.7,6.85,6.9,1760,1113,1.58,37.61%,37.98%,0.410726,"14:52 ET"
SKHY,183.79,2026-10-09,3,Put,180.00,-2.48%,1.97,1.98,1.98,2298,1453,1.58,51.91%,54.09%,-0.326141,"14:57 ET"
MU,1057.34,2026-10-09,3,Call,"1,050.00",+0.97%,22.1,22.01,22.25,2715,1718,1.58,44.51%,45.78%,0.587375,"14:51 ET"
CRWV,93.03,2026-10-09,3,Call,95.00,-2.84%,1.69,1.72,1.73,9118,5768,1.58,76.75%,78.21%,0.385703,"14:53 ET"
CNQ,48.24,2028-01-21,472,Call,55.00,-13.97%,4.1,4.13,4.7,578,369,1.57,30.54%,31.28%,0.420208,"12:58 ET"
MRNA,190.57,2026-10-09,3,Call,237.50,-25.24%,0.11,0.16,0.21,613,391,1.57,92.37%,117.80%,0.021935,"14:43 ET"
CRCL,84.27,2026-10-09,3,Put,77.00,-8.66%,0.14,0.15,0.19,634,405,1.57,70.47%,69.20%,-0.068949,"14:11 ET"
MU,1057.34,2026-10-07,1,Put,990.00,-6.63%,0.15,0.15,0.17,671,427,1.57,44.51%,58.51%,-0.013892,"14:37 ET"
NBIS,253.47,2026-10-16,10,Call,252.50,-0.04%,13.15,12.79,13.3,688,439,1.57,81.15%,76.62%,0.536316,"14:49 ET"
VRT,253.25,2026-10-09,3,Call,260.00,-3.01%,2.5,2.61,2.68,1047,665,1.57,59.36%,56.18%,0.317985,"14:55 ET"
PENN,15.78,2027-01-15,101,Put,15.00,-4.64%,1,1.05,1.25,1410,899,1.57,50.51%,48.41%,-0.357453,"10:45 ET"
MRVL,288.2,2026-10-16,10,Call,275.00,+4.01%,17.7,18.25,18.3,1519,965,1.57,59.69%,61.25%,0.675478,"14:50 ET"
RKLB,75.17,2026-10-09,3,Call,81.00,-7.97%,0.37,0.4,0.44,1537,982,1.57,74.07%,76.88%,0.153038,"14:54 ET"
NBIS,253.47,2026-10-09,3,Call,290.00,-14.89%,0.45,0.46,0.47,1559,993,1.57,81.15%,90.72%,0.053842,"14:52 ET"
TWST,170.7,2026-10-16,10,Put,190.00,+10.49%,21.6,23,24.6,579,371,1.56,92.70%,81.70%,-0.781223,"14:53 ET"
XP,29.42,2026-10-16,10,Put,29.00,-1.43%,0.8,0.9,0.95,583,374,1.56,58.67%,53.93%,-0.429755,"13:30 ET"
TSLA,380.28,2028-12-15,801,Put,30.00,-92.11%,0.2,0.29,0.35,638,409,1.56,40.62%,74.44%,-0.001621,"11:42 ET"
AVGO,379,2026-10-30,24,Call,380.00,-0.50%,13.95,13.96,14.25,2064,1327,1.56,37.61%,37.31%,0.511146,"14:47 ET"
NCLH,15.52,2026-10-09,3,Call,15.00,+3.16%,0.63,0.64,0.68,5166,3307,1.56,54.06%,58.61%,0.751791,"14:29 ET"
CCJ,93.54,2026-10-09,3,Call,94.00,-0.50%,1.23,1.32,1.54,660,426,1.55,46.72%,49.85%,0.448268,"14:47 ET"
AVGO,379,2026-10-12,6,Call,370.00,+2.14%,10.95,12.5,11.95,747,482,1.55,37.61%,32.14%,0.720505,"14:13 ET"
STZ,116.11,2026-10-09,3,Call,121.00,-4.67%,1,1.1,1.2,998,644,1.55,35.31%,66.49%,0.265715,"14:57 ET"
EL,93.65,2026-11-20,45,Call,100.00,-6.95%,3.5,3.8,3.9,1117,721,1.55,45.48%,46.79%,0.378567,"13:20 ET"
MU,1057.34,2026-10-09,3,Put,"1,015.00",-4.27%,3.35,3.85,3.5,1480,954,1.55,44.51%,45.56%,-0.148762,"14:41 ET"
SNDK,1667.83,2026-10-09,3,Put,"1,650.00",-1.15%,25.5,25.6,25.9,1624,1047,1.55,60.42%,56.80%,-0.405311,"14:54 ET"
INTC,114.57,2026-11-06,31,Put,115.00,+0.50%,8.65,8.85,8.85,1641,1062,1.55,62.35%,65.63%,-0.46297,"14:42 ET"
GOOG,344.97,2026-10-23,17,Call,350.00,-1.40%,6.6,6.75,6.8,3137,2018,1.55,33.41%,29.22%,0.432338,"14:46 ET"
INTC,114.57,2026-10-09,3,Call,119.00,-3.99%,0.96,0.99,0.98,3845,2474,1.55,62.35%,60.76%,0.260932,"14:52 ET"
NBIS,253.47,2026-10-09,3,Put,230.00,-8.88%,0.9,0.93,0.92,4153,2672,1.55,81.15%,84.08%,-0.097048,"14:51 ET"
NKE,34.4,2026-10-09,3,Call,34.50,-0.70%,0.4,0.39,0.44,5416,3498,1.55,36.63%,38.24%,0.467766,"14:54 ET"
NBIS,253.47,2026-10-16,10,Call,270.00,-6.97%,6.7,6.73,6.75,9519,6150,1.55,81.15%,77.83%,0.334137,"14:53 ET"
AAPL,333.1,2026-10-12,6,Call,342.50,-2.69%,0.63,0.69,0.69,594,385,1.54,24.85%,19.96%,0.150853,"14:45 ET"
UUUU,11.36,2026-10-09,3,Put,11.50,+1.59%,0.33,0.31,0.46,836,544,1.54,66.18%,81.26%,-0.538326,"13:56 ET"
COST,934.47,2026-10-09,3,Call,940.00,-0.67%,5,5.1,5.2,1154,747,1.54,19.14%,21.76%,0.394835,"14:52 ET"
OKLO,39.03,2026-10-09,3,Call,38.00,+1.83%,1.64,1.79,1.72,1582,1025,1.54,75.32%,76.00%,0.669466,"14:01 ET"
NVDA,240.45,2027-04-16,192,Put,210.00,-12.57%,10.25,10.4,10.45,3085,2005,1.54,32.49%,36.74%,-0.24078,"14:47 ET"
TSLA,380.28,2026-10-09,3,Put,367.50,-3.33%,1.15,1.15,1.17,3343,2172,1.54,40.62%,39.08%,-0.160796,"14:55 ET"
NBIS,253.47,2026-10-09,3,Call,240.00,+4.92%,15.75,15.85,16.2,5398,3505,1.54,81.15%,85.61%,0.766946,"14:32 ET"
MSFT,530.7,2026-10-09,3,Put,522.50,-1.50%,1.92,1.95,2,516,338,1.53,29.76%,26.35%,-0.254674,"14:51 ET"
NNE,16.63,2026-11-20,45,Call,18.00,-8.17%,1,1.16,1.2,534,348,1.53,71.95%,68.00%,0.428957,"14:53 ET"
SBUX,96.05,2026-10-09,3,Call,99.00,-3.45%,0.12,0.16,0.17,550,359,1.53,32.03%,28.29%,0.120776,"14:55 ET"
BLDR,56.25,2026-11-20,45,Call,75.00,-33.81%,0.45,0.53,0.55,603,393,1.53,58.25%,58.36%,0.099637,"11:40 ET"
MRVL,288.2,2026-10-09,3,Call,322.50,-12.57%,0.37,0.38,0.43,721,470,1.53,59.69%,77.67%,0.048893,"14:52 ET"
NVDA,240.45,2026-11-13,38,Put,220.00,-8.40%,2.31,2.39,2.38,721,470,1.53,32.49%,31.65%,-0.170529,"14:46 ET"
CRWD,278.1,2026-10-09,3,Call,300.00,-7.52%,0.42,0.44,0.51,1255,819,1.53,50.29%,55.02%,0.075918,"14:39 ET"
ANET,214.8,2026-10-09,3,Call,215.00,-0.48%,2.96,3.06,3.15,3339,2177,1.53,50.19%,43.71%,0.475246,"14:49 ET"
GAP,23.91,2026-10-16,10,Call,21.00,+11.73%,2.67,2.9,3.1,5366,3504,1.53,48.11%,30.36%,0.995184,"14:41 ET"
WMT,107.23,2026-10-09,3,Call,106.00,+0.82%,1.72,1.72,1.76,7293,4766,1.53,28.38%,26.03%,0.692531,"14:57 ET"
MRVL,288.2,2026-10-09,3,Call,280.00,+2.27%,10.7,10.9,11.25,8324,5451,1.53,59.69%,72.34%,0.645084,"14:40 ET"
LLY,1158.84,2026-10-09,3,Call,"1,200.00",-3.34%,2.4,2.78,3.2,937,618,1.52,37.70%,35.70%,0.146883,"14:42 ET"
SECZ,12.83,2026-12-18,73,Call,15.00,-16.28%,2,2.1,2.3,1069,703,1.52,128.99%,124.62%,0.508334,"14:47 ET"
LQDA,26.22,2026-10-16,10,Put,22.00,-16.45%,0.8,0.8,1.05,1566,1032,1.52,119.17%,157.47%,-0.209761,"14:45 ET"
CRWD,278.1,2026-10-09,3,Call,280.00,-0.35%,4.55,4.5,4.8,1765,1159,1.52,50.29%,51.26%,0.47727,"14:52 ET"
TSLA,380.28,2026-10-12,6,Call,380.00,+0.04%,6.4,6.47,6.5,2519,1658,1.52,40.62%,31.81%,0.521715,"14:57 ET"
META,742.78,2026-10-07,1,Call,780.00,-4.97%,0.11,0.13,0.13,2580,1692,1.52,39.35%,44.82%,0.019007,"14:49 ET"
TSLA,380.28,2026-10-07,1,Call,370.00,+2.67%,10.45,10.73,10.8,4225,2772,1.52,40.62%,38.56%,0.915268,"14:57 ET"
AAPL,333.1,2026-10-09,3,Call,335.00,-0.44%,2.16,2.2,2.2,16343,10737,1.52,24.85%,24.23%,0.415823,"14:53 ET"
ASTS,62.92,2026-10-09,3,Put,61.00,-2.77%,0.95,0.99,1.05,1427,942,1.51,80.59%,79.04%,-0.326344,"14:51 ET"
CRWD,278.1,2026-10-09,3,Call,285.00,-2.14%,2.76,2.7,2.83,2142,1418,1.51,50.29%,51.74%,0.33234,"14:48 ET"
BE,298.59,2026-10-09,3,Put,270.00,-9.41%,0.71,0.71,0.76,2353,1554,1.51,78.71%,78.66%,-0.074941,"14:47 ET"
RKLB,75.17,2026-10-09,3,Call,78.00,-3.97%,0.95,1,1,3061,2021,1.51,74.07%,74.68%,0.309164,"14:57 ET"
CIFR,15.54,2026-10-09,3,Call,17.00,-9.25%,0.11,0.11,0.13,5919,3929,1.51,92.53%,97.92%,0.169428,"14:47 ET"
WELL,225,2027-05-21,227,Put,230.00,+2.28%,17.8,18.28,19,598,399,1.5,26.33%,24.80%,-0.482874,"14:16 ET"
TXG,81.44,2026-10-16,10,Call,95.00,-15.10%,1.25,1.55,2,610,407,1.5,95.38%,107.28%,0.21489,"14:56 ET"
RKLB,75.17,2026-10-09,3,Put,74.00,-1.36%,1.35,1.42,1.45,1244,830,1.5,74.07%,72.55%,-0.387839,"14:56 ET"
CSCO,117.48,2026-10-09,3,Call,118.00,-0.62%,0.95,1.01,1.04,1871,1247,1.5,39.01%,30.89%,0.421721,"14:52 ET"
ORCL,145.87,2026-10-30,24,Put,140.00,-3.82%,5.05,5.22,5.25,1964,1311,1.5,51.14%,53.87%,-0.350812,"14:42 ET"
MU,1057.34,2026-10-09,3,Call,"1,070.00",-0.92%,12.45,12.39,12.6,3075,2054,1.5,44.51%,45.68%,0.407304,"14:52 ET"
RKLB,75.17,2026-10-09,3,Call,76.00,-1.31%,1.63,1.68,1.72,3125,2078,1.5,74.07%,74.34%,0.454087,"14:56 ET"
BX,112.9,2026-11-20,45,Put,115.00,+2.00%,7.65,7.8,7.9,3221,2153,1.5,40.07%,41.24%,-0.525368,"14:53 ET"
CBRS,176.48,2026-10-09,3,Call,190.00,-7.21%,1,1.05,1.3,3532,2357,1.5,72.97%,81.61%,0.170276,"14:52 ET"
MU,1057.34,2026-10-09,3,Call,"1,100.00",-3.75%,4.6,4.65,4.7,10093,6720,1.5,44.51%,47.03%,0.190747,"14:53 ET"
DKNG,19.92,2026-10-16,10,Call,20.50,-2.81%,0.51,0.56,0.57,541,364,1.49,66.41%,60.21%,0.403159,"14:32 ET"
WDC,410.43,2026-10-09,3,Call,470.00,-15.08%,0.27,0.36,0.44,594,398,1.49,64.18%,78.20%,0.031945,"14:54 ET"
WDC,410.43,2026-10-09,3,Call,450.00,-10.19%,0.89,1,1.04,1224,824,1.49,64.18%,70.30%,0.082796,"14:48 ET"
INTC,114.57,2026-10-07,1,Put,117.00,+2.25%,2.91,2.89,2.99,3936,2633,1.49,62.35%,62.62%,-0.724361,"14:52 ET"
PACB,2.73,2026-12-18,73,Call,4.00,-48.15%,0.1,0.18,0.2,639,432,1.48,119.63%,98.28%,0.257113,"13:01 ET"
NOW,136.61,2026-10-09,3,Put,135.00,-1.34%,1.85,1.86,1.92,1097,741,1.48,55.73%,52.85%,-0.395563,"14:55 ET"
NVDA,240.45,2026-11-13,38,Call,250.00,-4.09%,5.1,5.2,5.2,3015,2039,1.48,32.49%,28.00%,0.36417,"14:53 ET"
ASTS,62.92,2026-10-09,3,Call,66.00,-5.20%,0.72,0.75,0.8,3138,2124,1.48,80.59%,83.54%,0.27092,"14:50 ET"
NBIS,253.47,2026-10-16,10,Call,260.00,-3.01%,9.9,9.9,10,3898,2628,1.48,81.15%,76.75%,0.444631,"14:52 ET"
STX,804.53,2026-10-09,3,Put,800.00,-0.39%,14.6,15.19,18,833,568,1.47,64.67%,65.02%,-0.443194,"14:48 ET"
VST,159.85,2026-10-16,10,Put,150.00,-5.84%,1.25,1.28,1.35,1945,1324,1.47,49.02%,46.68%,-0.185353,"14:55 ET"
TSLA,380.28,2026-10-09,3,Call,370.00,+2.67%,12,11.95,12.15,6882,4693,1.47,40.62%,39.34%,0.78689,"14:55 ET"
SPCX,172.41,2026-10-09,3,Call,170.00,+1.17%,4.5,4.55,4.6,18462,12533,1.47,49.67%,51.15%,0.630691,"14:57 ET"
SCHW,97.03,2026-10-09,3,Call,99.00,-1.84%,0.23,0.3,0.25,529,363,1.46,29.48%,25.06%,0.197698,"14:16 ET"
CRWD,278.1,2026-10-09,3,Call,290.00,-3.94%,1.5,1.51,1.59,2661,1818,1.46,50.29%,51.99%,0.211828,"14:45 ET"
VST,159.85,2026-10-16,10,Call,180.00,-12.99%,0.65,0.74,0.83,2925,2009,1.46,49.02%,54.98%,0.10932,"14:56 ET"
NBIS,253.47,2026-10-16,10,Call,250.00,+0.95%,14.35,14.43,14.5,8169,5610,1.46,81.15%,76.31%,0.567417,"14:53 ET"
META,742.78,2026-10-09,3,Put,735.00,-1.09%,6,6,6.15,685,471,1.45,39.35%,35.52%,-0.364696,"14:51 ET"
NLY,18.32,2026-11-20,45,Call,20.00,-9.65%,0.13,0.15,0.17,1068,738,1.45,25.30%,28.39%,0.163676,"14:39 ET"
SNDK,1667.83,2026-10-09,3,Put,"1,700.00",+1.85%,53.1,53.1,53.5,1195,825,1.45,60.42%,57.80%,-0.630863,"14:52 ET"
AAOI,130.13,2026-10-09,3,Call,140.00,-7.91%,1.4,1.4,1.6,1689,1166,1.45,99.50%,100.55%,0.227755,"14:49 ET"
UUUU,11.36,2026-10-09,3,Call,11.00,+2.83%,0.51,0.52,0.54,2248,1554,1.45,66.18%,71.75%,0.714429,"14:46 ET"
SNDK,1667.83,2026-10-09,3,Call,"1,900.00",-13.83%,1,1.03,1.1,2580,1783,1.45,60.42%,72.46%,0.02581,"14:55 ET"
TSLA,380.28,2026-10-09,3,Call,392.50,-3.25%,1.42,1.43,1.44,2915,2012,1.45,40.62%,39.22%,0.194197,"14:57 ET"
TSLA,380.28,2026-10-09,3,Call,387.50,-1.93%,2.54,2.53,2.56,3563,2461,1.45,40.62%,38.66%,0.305153,"14:57 ET"
SNDK,1667.83,2026-10-09,3,Call,"1,720.00",-3.05%,16.1,16.3,16.3,727,506,1.44,60.42%,59.32%,0.29456,"14:56 ET"
SNAP,5.82,2026-12-18,73,Put,6.00,+3.63%,0.77,0.77,0.8,881,612,1.44,71.33%,67.89%,-0.473375,"14:50 ET"
OKLO,39.03,2026-10-09,3,Call,39.50,-2.04%,0.88,0.93,0.98,1184,821,1.44,75.32%,79.63%,0.454358,"14:56 ET"
NVAX,11.14,2026-10-09,3,Call,12.00,-8.50%,0.13,0.17,0.26,1783,1238,1.44,90.71%,131.31%,0.260406,"14:27 ET"
AVGO,379,2026-10-09,3,Call,395.00,-4.47%,1.23,1.26,1.31,2512,1741,1.44,37.61%,45.63%,0.157565,"14:51 ET"
NCLH,15.52,2026-11-20,45,Call,17.00,-9.75%,0.66,0.68,0.69,2772,1923,1.44,54.06%,55.11%,0.364318,"14:31 ET"
CRWD,278.1,2026-10-09,3,Put,267.50,-4.13%,1.32,1.4,1.41,548,383,1.43,50.29%,52.69%,-0.183718,"14:51 ET"
GEMI,4.68,2026-10-30,24,Put,5.00,+6.38%,0.6,0.65,0.65,588,411,1.43,103.87%,93.18%,-0.556109,"14:53 ET"
MSFT,530.7,2026-10-09,3,Call,547.50,-3.21%,0.66,0.68,0.72,635,443,1.43,29.76%,27.66%,0.108769,"14:39 ET"
QBTS,15.86,2026-10-09,3,Call,15.50,+1.96%,0.59,0.61,0.63,643,450,1.43,71.88%,66.38%,0.674947,"14:53 ET"
BABA,109.35,2026-10-09,3,Put,109.00,-0.44%,1.43,1.5,1.5,858,602,1.43,40.68%,40.95%,-0.461875,"14:45 ET"
DNA,12.38,2026-10-16,10,Put,13.00,+2.77%,1.1,1.2,1.65,954,666,1.43,119.67%,135.83%,-0.516255,"13:47 ET"
TEM,73,2026-10-09,3,Put,70.00,-4.67%,1.05,1.1,1.15,997,697,1.43,79.01%,85.96%,-0.295105,"14:57 ET"
MRVL,288.2,2026-11-20,45,Put,300.00,+4.71%,30.75,30.96,31.4,1234,862,1.43,59.69%,59.36%,-0.54227,"14:52 ET"
AAPL,333.1,2026-10-12,6,Call,340.00,-1.94%,1.04,1.2,1.16,1449,1013,1.43,24.85%,19.87%,0.226602,"14:49 ET"
AMD,654.6,2026-10-09,3,Put,610.00,-6.67%,0.72,0.79,0.79,1531,1067,1.43,51.92%,50.49%,-0.057829,"14:47 ET"
AAPL,333.1,2026-10-09,3,Put,332.50,-0.31%,2.46,2.5,2.52,3713,2602,1.43,24.85%,24.04%,-0.449533,"14:52 ET"
GOOG,344.97,2026-10-09,3,Call,345.00,+0.05%,3.8,4,4,3949,2756,1.43,33.41%,30.89%,0.509418,"14:53 ET"
NVDA,240.45,2026-10-09,3,Call,242.50,-0.97%,1.6,1.61,1.61,34234,23857,1.43,32.49%,28.49%,0.377522,"14:56 ET"
GLW,168.19,2026-11-06,31,Call,170.00,-0.66%,10.95,11.42,11.8,504,354,1.42,59.80%,61.60%,0.516941,"14:48 ET"
ORCL,145.87,2026-10-30,24,Call,152.50,-4.77%,5.25,5.3,5.45,578,408,1.42,51.14%,53.16%,0.404906,"14:54 ET"
PAAS,46.05,2029-01-19,836,Call,25.00,+45.70%,23.8,23.68,25.1,578,408,1.42,48.28%,50.60%,0.873313,"10:11 ET"
MU,1057.34,2026-10-09,3,Call,"1,085.00",-2.33%,7.7,8.18,7.8,863,609,1.42,44.51%,46.17%,0.286323,"14:46 ET"
DVN,48.08,2028-01-21,472,Put,37.50,-21.94%,2.6,2.75,2.79,1163,817,1.42,37.25%,37.15%,-0.19357,"14:37 ET"
NB,3.55,2026-10-09,3,Call,1.50,+57.39%,1.9,2,2.1,1272,894,1.42,88.19%,484.66%,0.985168,"10:48 ET"
NB,3.55,2026-10-09,3,Call,1.00,+71.59%,2.4,2.5,2.6,1274,898,1.42,88.19%,696.88%,0.989753,"13:02 ET"
NBIS,253.47,2026-10-09,3,Call,230.00,+8.88%,23.4,24.6,24.65,1583,1117,1.42,81.15%,82.07%,0.908075,"14:20 ET"
AG,17.73,2026-10-09,3,Call,18.00,-1.87%,0.21,0.22,0.24,1746,1227,1.42,56.35%,55.00%,0.37751,"14:38 ET"
NFLX,68.27,2026-10-16,10,Call,69.00,-1.19%,1.08,1.06,1.12,3022,2123,1.42,39.78%,30.85%,0.43738,"14:54 ET"
IREN,41.82,2026-10-09,3,Call,41.50,+0.81%,1.33,1.34,1.37,4060,2864,1.42,78.39%,75.05%,0.571318,"14:52 ET"
MRVL,288.2,2026-10-09,3,Put,257.50,-10.12%,0.59,0.56,0.62,942,667,1.41,59.69%,79.27%,-0.065402,"14:48 ET"
RDW,10.9,2026-10-09,3,Call,11.00,-0.46%,0.3,0.3,0.35,1330,942,1.41,87.94%,91.97%,0.481044,"14:55 ET"
AAOI,130.13,2026-10-09,3,Call,135.00,-4.05%,2.7,2.75,2.95,1716,1213,1.41,99.50%,100.82%,0.364624,"14:52 ET"
MSTR,163.45,2026-10-09,3,Call,190.00,-15.80%,0.15,0.16,0.16,2985,2111,1.41,64.15%,86.09%,0.031868,"14:51 ET"
CRWV,93.03,2026-10-09,3,Call,92.00,+0.41%,2.98,2.99,3.05,4848,3436,1.41,76.75%,77.21%,0.564851,"14:50 ET"
TSM,484.49,2026-10-16,10,Put,470.00,-2.78%,5.25,5.4,5.5,544,388,1.4,32.83%,35.97%,-0.28862,"14:52 ET"
SNDK,1667.83,2026-10-09,3,Call,"1,725.00",-3.35%,14.9,14.9,15.1,551,394,1.4,60.42%,59.59%,0.277205,"14:52 ET"
BBWI,18.09,2026-11-20,45,Call,17.50,+2.94%,1.6,1.75,2,1622,1155,1.4,59.00%,60.31%,0.600098,"13:04 ET"
NVDA,240.45,2026-10-09,3,Put,232.50,-3.20%,0.44,0.44,0.45,9857,7061,1.4,32.49%,32.66%,-0.124448,"14:56 ET"
ONDS,7.51,2026-10-09,3,Call,7.50,-0.13%,0.17,0.19,0.19,10351,7406,1.4,72.50%,64.05%,0.522831,"14:57 ET"
TSCO,32.4,2026-10-09,3,Call,33.50,-4.69%,0.1,0.15,0.2,554,400,1.39,44.69%,45.30%,0.204792,"12:59 ET"
CPRT,26.85,2026-12-18,73,Call,30.00,-11.98%,0.65,0.75,0.75,588,422,1.39,36.60%,36.08%,0.282695,"13:25 ET"
MU,1057.34,2026-10-09,3,Put,"1,055.00",-0.50%,14.95,15.1,15.1,785,565,1.39,44.51%,44.01%,-0.457173,"14:51 ET"
GME,24.64,2026-10-09,3,Put,25.50,+3.28%,1.1,1.1,1.16,1015,731,1.39,51.96%,65.97%,-0.708518,"14:49 ET"
IREN,41.82,2026-10-16,10,Call,46.00,-9.94%,0.66,0.67,0.69,1852,1330,1.39,78.39%,72.85%,0.240343,"14:52 ET"
HOOD,111.95,2026-10-09,3,Call,120.00,-6.70%,0.33,0.35,0.35,10391,7452,1.39,59.12%,61.35%,0.114632,"14:53 ET"
INTR,7.09,2026-11-20,45,Call,7.50,-5.49%,0.35,0.42,0.45,647,468,1.38,63.11%,58.87%,0.420782,"14:02 ET"
AMAT,531.07,2026-11-20,45,Put,530.00,-0.06%,38.15,39.04,39.3,740,535,1.38,54.17%,54.18%,-0.452148,"14:39 ET"
MU,1057.34,2026-10-09,3,Call,"1,170.00",-10.35%,0.51,0.53,0.58,925,671,1.38,44.51%,56.38%,0.026857,"14:41 ET"
APLD,25.14,2026-10-16,10,Call,25.50,-1.67%,1.54,1.55,1.61,1010,731,1.38,87.15%,105.10%,0.501337,"14:40 ET"
TSLA,380.28,2026-10-09,3,Put,372.50,-2.01%,2.14,2.16,2.17,3145,2279,1.38,40.62%,38.00%,-0.265692,"14:56 ET"
SPCX,172.41,2026-12-18,73,Put,160.00,-6.98%,8.6,8.65,8.75,5022,3652,1.38,49.67%,49.00%,-0.315692,"14:54 ET"
ORCL,145.87,2026-11-20,45,Call,165.00,-13.36%,4.5,4.5,4.55,9132,6596,1.38,51.14%,52.95%,0.291324,"14:55 ET"
AMD,654.6,2026-12-18,73,Call,950.00,-45.35%,5.25,5.55,5.75,512,373,1.37,51.92%,54.17%,0.083355,"13:21 ET"
VST,159.85,2026-10-16,10,Call,185.00,-16.13%,0.34,0.51,0.69,899,657,1.37,49.02%,58.66%,0.0765,"14:55 ET"
ARCC,18.66,2027-03-19,164,Put,17.00,-8.80%,0.55,0.6,0.65,1303,948,1.37,18.46%,23.55%,-0.292576,"14:14 ET"
TSM,484.49,2026-10-09,3,Call,485.00,-0.32%,5.05,5,5.2,1630,1192,1.37,32.83%,29.93%,0.49799,"14:47 ET"
IREN,41.82,2026-10-09,3,Call,47.00,-12.33%,0.09,0.1,0.1,3567,2605,1.37,78.39%,83.40%,0.069811,"14:17 ET"
TSM,484.49,2026-11-20,45,Call,500.00,-3.42%,16.2,16.38,16.5,4935,3609,1.37,32.83%,32.59%,0.428016,"14:56 ET"
SPCX,172.41,2026-10-16,10,Call,195.00,-13.37%,0.54,0.55,0.55,5149,3766,1.37,49.67%,51.76%,0.083505,"14:56 ET"
GLW,168.19,2026-10-09,3,Call,167.50,+0.82%,3.75,3.92,4.15,507,372,1.36,59.80%,59.56%,0.539498,"14:50 ET"
AMD,654.6,2026-10-09,3,Call,695.00,-6.34%,1.31,1.32,1.38,636,467,1.36,51.92%,49.88%,0.098099,"14:48 ET"
TSLA,380.28,2026-10-12,6,Call,395.00,-3.90%,1.63,1.6,1.67,653,479,1.36,40.62%,32.62%,0.191708,"14:47 ET"
HPE,70.87,2026-10-09,3,Call,71.00,-0.40%,1.47,1.66,1.63,784,575,1.36,58.29%,62.99%,0.498355,"14:48 ET"
GLW,168.19,2026-10-30,24,Put,140.00,-17.10%,1.55,1.65,1.74,1108,817,1.36,59.80%,64.16%,-0.113811,"14:51 ET"
DELL,576.4,2026-10-09,3,Call,570.00,+0.67%,14.95,14.87,16.05,1266,932,1.36,58.14%,59.56%,0.585951,"14:38 ET"
TSLA,380.28,2026-10-07,1,Put,362.50,-4.65%,0.1,0.12,0.11,2168,1593,1.36,40.62%,48.36%,-0.028145,"14:53 ET"
LION,11.39,2026-12-18,73,Put,9.00,-21.05%,0,0.28,0.6,2500,1836,1.36,62.22%,62.72%,-0.157086,"09:55 ET"
CRML,7.48,2026-10-16,10,Put,7.00,-6.04%,0.2,0.27,0.35,3219,2369,1.36,97.76%,99.80%,-0.315054,"13:02 ET"
BA,189.9,2026-10-09,3,Call,195.00,-2.20%,0.76,0.8,0.83,5454,3998,1.36,35.05%,34.98%,0.229985,"14:52 ET"
AIBZ,3.67,2027-04-16,192,Call,2.50,+31.51%,1.35,1.6,1.6,520,386,1.35,165.52%,79.75%,0.840593,"14:45 ET"
DELL,576.4,2026-10-09,3,Put,540.00,-5.90%,1.56,1.63,1.74,737,547,1.35,58.14%,58.85%,-0.108944,"14:48 ET"
AVGO,379,2026-10-16,10,Call,405.00,-7.11%,2.2,2.2,2.27,970,719,1.35,37.61%,40.72%,0.169173,"14:49 ET"
RIVN,14.47,2026-10-23,17,Call,14.00,+3.51%,0.88,0.87,0.91,1094,811,1.35,60.64%,50.34%,0.646117,"13:24 ET"
RDW,10.9,2026-10-16,10,Call,11.00,-0.46%,0.5,0.53,0.6,3542,2633,1.35,87.94%,81.08%,0.506876,"14:55 ET"
MRVL,288.2,2026-10-16,10,Call,350.00,-22.16%,0.49,0.45,0.6,4709,3492,1.35,59.69%,68.20%,0.043018,"14:46 ET"
TSLA,380.28,2026-10-09,3,Call,382.50,-0.62%,4.25,4.3,4.3,12058,8899,1.35,40.62%,38.11%,0.443696,"14:57 ET"
NOK,10.89,2026-10-09,3,Call,11.00,-1.38%,0.19,0.2,0.2,12064,8949,1.35,62.54%,63.61%,0.434249,"14:56 ET"
SNDK,1667.83,2026-10-09,3,Put,"1,690.00",+1.25%,46.6,46.8,47,514,385,1.34,60.42%,57.45%,-0.588251,"14:43 ET"
WMB,72.4,2026-10-30,24,Put,67.00,-7.43%,0.3,0.41,0.55,526,393,1.34,29.80%,30.09%,-0.143267,"12:09 ET"
UEC,10.25,2026-10-09,3,Put,10.00,-1.86%,0.15,0.15,0.17,603,450,1.34,62.36%,75.10%,-0.333801,"14:57 ET"
CLX,83.79,2028-01-21,472,Put,70.00,-16.45%,6.4,6.8,6.8,688,515,1.34,37.62%,35.47%,-0.255161,"13:29 ET"
TSM,484.49,2026-10-09,3,Call,495.00,-2.39%,1.62,1.65,1.69,878,656,1.34,32.83%,29.73%,0.222869,"14:52 ET"
LEN,77.53,2026-11-20,45,Call,90.00,-16.37%,0.85,0.92,1,1030,767,1.34,41.56%,40.86%,0.166755,"14:38 ET"
LUNR,14.93,2026-10-09,3,Put,14.00,-6.35%,0.14,0.15,0.17,1114,831,1.34,88.46%,91.84%,-0.211413,"14:39 ET"
MU,1057.34,2026-10-09,3,Put,"1,060.00",-0.02%,17.4,17.51,17.6,1532,1146,1.34,44.51%,43.99%,-0.50446,"14:53 ET"
ARM,303.73,2026-10-09,3,Call,310.00,-2.04%,4.9,4.99,5.1,1837,1371,1.34,70.45%,69.32%,0.386621,"14:52 ET"
NBIS,253.47,2026-10-16,10,Put,240.00,-4.92%,6.45,6.8,6.55,1917,1426,1.34,81.15%,73.89%,-0.307162,"14:41 ET"
AAOI,130.13,2026-10-09,3,Call,145.00,-11.76%,0.75,0.85,1,3285,2448,1.34,99.50%,105.94%,0.142542,"14:45 ET"
MU,1057.34,2026-10-09,3,Call,"1,080.00",-1.86%,9.05,9.07,9.2,3699,2751,1.34,44.51%,45.94%,0.324094,"14:52 ET"
WMT,107.23,2026-10-09,3,Call,108.00,-1.05%,0.63,0.63,0.64,3896,2903,1.34,28.38%,24.91%,0.380912,"14:56 ET"
LQDA,26.22,2026-10-16,10,Put,15.00,-43.03%,0.15,0.15,0.2,4691,3510,1.34,119.17%,215.50%,-0.040336,"14:25 ET"
FLY,22.75,2026-10-09,3,Call,24.00,-4.99%,0.3,0.37,0.45,541,407,1.33,93.66%,99.74%,0.300332,"14:43 ET"
MSFT,530.7,2026-10-09,3,Call,557.50,-5.10%,0.17,0.18,0.2,630,475,1.33,29.76%,29.48%,0.033464,"14:43 ET"
AAL,12.93,2026-10-30,24,Call,14.00,-8.53%,0.28,0.3,0.32,778,587,1.33,48.66%,52.05%,0.295192,"14:37 ET"
QBTS,15.86,2026-10-09,3,Call,16.00,-1.20%,0.33,0.35,0.35,2114,1588,1.33,71.88%,67.28%,0.471209,"14:54 ET"
NBIS,253.47,2026-10-16,10,Put,230.00,-8.88%,3.6,3.8,3.7,2448,1839,1.33,81.15%,74.34%,-0.198297,"14:33 ET"
ORCL,145.87,2026-10-09,3,Call,145.00,+0.38%,3.15,3.2,3.3,5387,4063,1.33,51.14%,51.03%,0.569293,"14:56 ET"
ATOM,4.53,2026-11-20,45,Call,7.50,-65.56%,0.1,0.2,0.25,500,378,1.32,125.64%,128.33%,0.189336,"11:19 ET"
CPRT,26.85,2027-03-19,164,Call,27.50,-2.65%,2.5,2.65,2.6,525,398,1.32,36.60%,37.03%,0.536768,"13:59 ET"
INTC,114.57,2026-10-14,8,Call,116.00,-1.37%,3.05,2.97,3.2,626,475,1.32,62.35%,54.56%,0.462848,"14:47 ET"
FSLR,179.22,2026-10-09,3,Call,185.00,-3.01%,1.38,1.3,1.54,1081,818,1.32,56.80%,53.79%,0.277087,"14:46 ET"
GOOGL,348.35,2026-10-30,24,Call,345.00,+1.00%,15,15.3,15.45,4076,3089,1.32,33.49%,36.82%,0.56927,"14:43 ET"
AMD,654.6,2026-10-16,10,Call,650.00,+0.55%,22.05,22,22.45,4194,3171,1.32,51.92%,45.20%,0.558535,"14:46 ET"
APO,115.54,2026-11-20,45,Call,140.00,-21.14%,0.55,0.7,1,901,690,1.31,39.16%,40.78%,0.104043,"13:18 ET"
MU,1057.34,2027-01-15,101,Put,580.00,-45.30%,2.39,2.48,2.82,1002,767,1.31,44.51%,60.70%,-0.018912,"11:24 ET"
ANET,214.8,2026-10-09,3,Call,220.00,-2.81%,1.27,1.32,1.39,1189,911,1.31,50.19%,44.03%,0.261949,"14:52 ET"
HOOD,111.95,2026-10-16,10,Call,114.00,-1.36%,3.15,3.15,3.2,1657,1268,1.31,59.12%,54.08%,0.445076,"14:51 ET"
MU,1057.34,2026-10-09,3,Call,"1,065.00",-0.45%,14.5,14.5,14.65,3052,2336,1.31,44.51%,45.64%,0.451642,"14:51 ET"
MSTR,163.45,2026-10-16,10,Call,165.00,-0.57%,6.1,6.06,6.2,3807,2914,1.31,64.15%,61.09%,0.496773,"14:52 ET"
PACB,2.73,2026-10-16,10,Call,3.00,-11.11%,0.1,0.12,0.2,6588,5017,1.31,119.63%,144.59%,0.378865,"13:40 ET"
WELL,225,2027-05-21,227,Put,240.00,+6.72%,23.7,23.7,24.6,677,520,1.3,26.33%,24.47%,-0.578009,"14:15 ET"
PANW,417.54,2026-10-09,3,Call,450.00,-7.50%,0.59,0.83,0.78,714,551,1.3,53.66%,54.49%,0.075332,"14:27 ET"
INTC,114.57,2026-10-16,10,Call,118.00,-3.12%,2.96,3,3.05,809,624,1.3,62.35%,57.73%,0.404315,"14:52 ET"
CRDO,221.74,2026-10-09,3,Call,230.00,-4.18%,3.1,3,3.5,853,655,1.3,74.24%,81.70%,0.321296,"14:37 ET"
ASTS,62.92,2026-10-23,17,Call,65.00,-3.60%,2.94,3.09,3.15,1185,910,1.3,80.59%,72.69%,0.449275,"14:51 ET"
CRWV,93.03,2026-10-09,3,Put,89.00,-3.66%,1.01,1.11,1.06,1308,1003,1.3,76.75%,75.93%,-0.259155,"14:43 ET"
HUBG,28.11,2027-01-15,101,Call,35.00,-24.51%,1.3,1.51,1.55,2049,1576,1.3,70.19%,59.31%,0.298664,"14:02 ET"
PCG,12.47,2026-10-16,10,Call,12.50,-0.56%,0.26,0.28,0.31,2399,1847,1.3,45.62%,35.93%,0.499748,"14:20 ET"
PLTR,192.41,2026-10-09,3,Put,190.00,-1.22%,2.13,2.13,2.13,9060,6983,1.3,52.28%,45.77%,-0.376203,"14:57 ET"
EXE,88.17,2026-11-20,45,Call,105.00,-19.62%,0.35,0.35,0.45,553,428,1.29,33.31%,34.43%,0.085625,"13:32 ET"
GOOGL,348.35,2026-10-12,6,Call,347.50,+0.29%,4.95,5.1,5.15,563,438,1.29,33.49%,25.32%,0.543566,"14:51 ET"
CRDO,221.74,2026-10-09,3,Call,225.00,-1.92%,4.5,5.07,5.4,679,525,1.29,74.24%,80.53%,0.432184,"14:46 ET"
TSLA,380.28,2026-10-12,6,Put,370.00,-2.67%,2.26,2.37,2.32,789,612,1.29,40.62%,32.17%,-0.242257,"14:48 ET"
ORCL,145.87,2026-10-09,3,Put,141.00,-3.13%,0.99,1.12,1.05,906,702,1.29,51.14%,55.01%,-0.233877,"14:49 ET"
AI,11.35,2026-11-20,45,Call,12.50,-9.75%,0.46,0.5,0.5,1528,1186,1.29,55.74%,56.07%,0.353528,"14:44 ET"
MSFT,530.7,2026-10-07,1,Put,515.00,-2.92%,0.11,0.12,0.14,1563,1209,1.29,29.76%,31.68%,-0.035582,"14:49 ET"
SPCX,172.41,2026-10-12,6,Call,170.00,+1.17%,5.1,5.19,5.15,2923,2269,1.29,49.67%,42.63%,0.616624,"14:56 ET"
PLTR,192.41,2026-10-16,10,Call,207.50,-7.88%,0.95,0.95,1.01,895,700,1.28,52.28%,41.86%,0.147062,"14:56 ET"
INTC,114.57,2026-10-07,1,Put,118.00,+3.12%,3.65,4.05,3.8,1044,817,1.28,62.35%,62.60%,-0.804067,"14:37 ET"
RZLV,2.16,2027-02-19,136,Call,3.00,-37.61%,0.15,0.2,0.2,1356,1063,1.28,76.34%,76.25%,0.331887,"13:38 ET"
MRNA,190.57,2026-10-09,3,Put,202.50,+6.79%,14.45,14.5,14.6,803,631,1.27,92.37%,96.46%,-0.745875,"14:52 ET"
ORCL,145.87,2026-10-23,17,Call,155.00,-6.49%,2.87,2.83,3,1048,828,1.27,51.14%,49.51%,0.309715,"14:41 ET"
AVGO,379,2026-10-16,10,Call,395.00,-4.47%,3.85,3.86,4,1332,1049,1.27,37.61%,39.16%,0.270093,"14:48 ET"
RKLB,75.17,2026-10-09,3,Put,72.00,-4.03%,0.69,0.78,0.76,1751,1375,1.27,74.07%,72.39%,-0.240981,"14:49 ET"
AVGO,379,2026-11-20,45,Call,480.00,-26.95%,1.51,1.65,1.6,1935,1529,1.27,37.61%,42.25%,0.066763,"13:56 ET"
ARM,303.73,2026-10-09,3,Call,330.00,-8.63%,1.17,1.21,1.22,2366,1867,1.27,70.45%,75.44%,0.120261,"14:51 ET"
CRWD,278.1,2026-10-09,3,Put,272.50,-2.34%,2.52,2.6,2.62,514,408,1.26,50.29%,51.83%,-0.301132,"14:48 ET"
CRWD,278.1,2026-10-09,3,Call,310.00,-11.10%,0.13,0.16,0.19,587,466,1.26,50.29%,60.03%,0.027981,"14:14 ET"
ASTS,62.92,2026-10-09,3,Call,69.00,-9.98%,0.3,0.3,0.35,663,525,1.26,80.59%,89.10%,0.131911,"14:46 ET"
AMD,654.6,2026-10-09,3,Call,637.50,+2.46%,21.8,21.2,22.15,781,620,1.26,51.92%,48.01%,0.738783,"14:31 ET"
IREN,41.82,2026-10-16,10,Put,41.50,-0.81%,1.67,1.73,1.73,793,627,1.26,78.39%,69.49%,-0.441009,"14:44 ET"
OKLO,39.03,2026-10-30,24,Call,40.00,-3.33%,2.35,2.3,2.44,892,708,1.26,75.32%,69.28%,0.487766,"14:51 ET"
MAT,16.01,2027-01-15,101,Put,15.00,-5.66%,1,1.1,1.2,1020,810,1.26,56.20%,47.70%,-0.351654,"14:28 ET"
MSTR,163.45,2026-10-09,3,Put,170.00,+3.61%,7.8,7.8,7.9,1279,1014,1.26,64.15%,67.84%,-0.714073,"14:44 ET"
CMG,30.84,2028-01-21,472,Call,32.50,-5.31%,5.65,6.02,5.95,2172,1728,1.26,45.61%,41.30%,0.597657,"13:52 ET"
MRVL,288.2,2026-10-16,10,Put,300.00,+4.71%,19.7,19.55,20.4,2968,2349,1.26,59.69%,62.60%,-0.65394,"14:34 ET"
WMT,107.23,2026-10-09,3,Call,110.00,-2.92%,0.15,0.16,0.16,4872,3855,1.26,28.38%,24.69%,0.130133,"14:57 ET"
MRVL,288.2,2026-10-09,3,Put,260.00,-9.25%,0.75,0.77,0.81,5568,4433,1.26,59.69%,78.31%,-0.081893,"14:51 ET"
GME,24.64,2026-10-09,3,Call,25.00,-1.26%,0.4,0.4,0.42,16316,12951,1.26,51.96%,64.17%,0.410317,"14:52 ET"
ASTS,62.92,2026-10-16,10,Call,66.00,-5.20%,1.8,1.95,1.95,542,435,1.25,80.59%,75.15%,0.372101,"14:28 ET"
QUBT,8.02,2026-10-09,3,Call,8.00,+0.25%,0.19,0.18,0.2,672,538,1.25,68.29%,61.51%,0.540125,"14:36 ET"
TTD,11.91,2027-09-17,346,Call,12.50,-4.78%,3.05,3.2,3.15,698,557,1.25,73.06%,69.00%,0.627306,"12:49 ET"
RKLB,75.17,2026-10-16,10,Call,76.00,-1.31%,2.99,2.99,3.1,1011,806,1.25,74.07%,67.87%,0.489386,"14:54 ET"
SHOP,164.65,2026-10-09,3,Put,155.00,-5.72%,0.4,0.44,0.48,1207,966,1.25,59.55%,54.81%,-0.109269,"14:53 ET"
NVDA,240.45,2026-10-09,3,Call,222.50,+7.36%,17.85,18.08,18.35,1253,1001,1.25,32.49%,46.96%,0.967525,"14:42 ET"
TSM,484.49,2026-10-16,10,Call,485.00,-0.32%,11.7,11.7,11.75,1259,1008,1.25,32.83%,36.58%,0.512667,"14:54 ET"
UBER,68.96,2026-10-30,24,Put,65.00,-5.67%,0.73,0.77,0.78,1428,1146,1.25,37.71%,32.70%,-0.219019,"14:42 ET"
INTC,114.57,2026-10-09,3,Call,124.00,-8.36%,0.28,0.31,0.31,1692,1359,1.25,62.35%,64.46%,0.095986,"14:49 ET"
NVDA,240.45,2026-10-16,10,Call,242.50,-0.97%,3.5,3.49,3.55,8071,6466,1.25,32.49%,27.58%,0.441748,"14:56 ET"
NOW,136.61,2026-10-09,3,Call,139.00,-1.59%,1.58,1.59,1.69,549,442,1.24,55.73%,53.70%,0.367884,"14:46 ET"
XOM,165.23,2027-12-17,437,Put,150.00,-9.21%,11.25,11.55,11.95,620,499,1.24,28.74%,29.05%,-0.295781,"14:18 ET"
VKTX,28.53,2026-10-09,3,Put,28.00,-2.03%,0.45,0.54,0.55,702,564,1.24,68.04%,72.22%,-0.373223,"14:43 ET"
AAPL,333.1,2026-10-09,3,Call,327.50,+1.80%,6.75,7.18,7.05,805,649,1.24,24.85%,26.28%,0.77524,"14:42 ET"
MRVL,288.2,2026-10-16,10,Put,265.00,-7.50%,3.55,3.7,3.8,857,691,1.24,59.69%,62.24%,-0.209567,"14:50 ET"
AMZN,255.99,2028-12-15,801,Call,105.00,+59.03%,164.55,165.4,167.9,1034,835,1.24,35.86%,50.41%,0.956304,"14:04 ET"
SPCX,172.41,2026-10-30,24,Put,160.00,-6.98%,3.1,3.2,3.2,1119,899,1.24,49.67%,46.93%,-0.242105,"14:52 ET"
GLAS,5.17,2027-12-17,437,Call,5.00,+2.72%,2,2.11,2.35,1510,1218,1.24,88.72%,94.13%,0.725943,"14:20 ET"
MDT,86.6,2027-01-15,101,Put,75.00,-13.38%,0.97,1.1,1.18,2012,1620,1.24,28.46%,28.86%,-0.147574,"14:52 ET"
CIFR,15.54,2028-01-21,472,Call,27.00,-73.52%,3.7,3.85,3.9,2279,1838,1.24,92.53%,88.89%,0.506738,"14:46 ET"
BCE,19.67,2026-11-20,45,Put,20.00,+2.15%,0.7,0.89,1,3103,2504,1.24,26.19%,22.23%,-0.589939,"14:48 ET"
NBIS,253.47,2026-10-16,10,Call,280.00,-10.93%,4.45,4.3,4.6,3134,2522,1.24,81.15%,79.56%,0.2443,"14:50 ET"
MSFT,530.7,2026-10-09,3,Call,540.00,-1.80%,1.78,1.83,1.86,9235,7425,1.24,29.76%,26.92%,0.241176,"14:53 ET"
"Downloaded from Barchart.com as of 10-06-2026 02:32pm CDT"
