Symbol,Price~,"Exp Date",DTE,Type,Strike,Moneyness,Bid,Latest,Ask,Volume,"Open Int",Vol/OI,"Imp Vol",IV,Delta,Time
ARM,297.11,2027-01-15,108,Put,360.00,+20.49%,84,86.04,86.45,15005,141,106.42,74.78%,71.41%,-0.612668,"12:56 ET"
TSLA,352.77,2026-09-30,1,Call,352.50,+0.09%,3.25,3.25,3.3,30115,295,102.08,41.50%,43.27%,0.513388,"13:51 ET"
TSLA,352.77,2026-09-30,1,Call,355.00,-0.62%,2.17,2.17,2.19,60423,758,79.71,41.50%,43.43%,0.390728,"13:51 ET"
AAPL,331.72,2026-09-30,1,Call,330.00,+0.59%,3,2.95,3.1,14385,277,51.93,24.58%,29.96%,0.633739,"13:51 ET"
SIRI,25.58,2026-11-20,52,Put,23.00,-10.51%,0.39,0.41,0.45,5640,109,51.74,35.73%,37.26%,-0.195495,"13:44 ET"
VFC,14.22,2026-10-16,17,Call,14.50,-2.18%,0.41,0.45,0.49,9931,192,51.72,49.83%,46.79%,0.443921,"13:45 ET"
SG,8.73,2026-11-20,52,Call,8.00,+9.09%,1.5,1.55,1.6,7163,144,49.74,84.08%,91.05%,0.667915,"13:43 ET"
BTDR,10.99,2027-03-19,171,Put,6.00,-45.50%,0.45,0.5,0.55,5004,106,47.21,94.72%,98.28%,-0.10346,"10:28 ET"
ONDS,7.51,2029-01-19,843,Call,5.00,+33.77%,4.55,4.6,4.65,7121,188,37.88,74.66%,84.55%,0.852644,"13:12 ET"
CRWV,86.21,2026-10-23,24,Put,76.00,-11.34%,2.12,2.18,2.23,5400,180,30,77.80%,71.97%,-0.218259,"13:45 ET"
VALE,13.26,2026-11-20,52,Put,12.00,-9.30%,0.24,0.27,0.26,3056,104,29.38,37.92%,38.30%,-0.213137,"13:43 ET"
AAPL,331.72,2026-09-30,1,Call,335.00,-0.91%,0.78,0.74,0.82,57031,1968,28.98,24.58%,29.15%,0.262733,"13:50 ET"
OWL,9.1,2029-01-19,843,Put,8.00,-12.38%,1.8,1.89,2,6021,208,28.95,49.98%,45.63%,-0.287881,"12:18 ET"
AMD,609.07,2026-09-30,1,Put,612.50,+0.04%,8,8.01,8.2,4078,143,28.52,53.61%,51.31%,-0.565072,"13:50 ET"
INTC,116.06,2026-10-09,10,Call,122.00,-4.59%,2.84,2.93,2.92,8508,305,27.9,67.16%,65.71%,0.356025,"13:50 ET"
NVDA,228.19,2026-10-05,6,Call,217.50,+4.97%,11.6,11.99,11.65,4043,150,26.95,34.67%,35.38%,0.864674,"13:37 ET"
CRWV,86.21,2026-10-23,24,Put,77.00,-10.17%,2.4,2.5,2.52,5423,204,26.58,77.80%,71.93%,-0.239639,"13:38 ET"
AAPL,331.72,2026-09-30,1,Call,337.50,-1.67%,0.35,0.35,0.36,31044,1193,26.02,24.58%,29.81%,0.136336,"13:51 ET"
TSLA,352.77,2026-09-30,1,Put,352.50,-0.09%,2.99,3.01,3.05,63049,2473,25.49,41.50%,42.19%,-0.486847,"13:51 ET"
AMD,609.07,2026-09-30,1,Call,617.50,-0.86%,3.5,3.64,3.7,7108,282,25.21,53.61%,53.35%,0.32747,"13:49 ET"
CRWV,86.21,2026-10-23,24,Put,79.00,-7.84%,3,3.21,3.2,5452,217,25.12,77.80%,71.81%,-0.284709,"13:36 ET"
TSLA,352.77,2026-09-30,1,Call,347.50,+1.51%,6.35,6.5,6.5,2756,112,24.61,41.50%,43.65%,0.745005,"13:50 ET"
KGC,24.14,2027-02-19,143,Put,21.00,-12.86%,1.26,1.28,1.36,2664,111,24,46.94%,48.02%,-0.256635,"12:59 ET"
JD,26.23,2026-10-09,10,Put,25.50,-2.60%,0.17,0.2,0.22,3164,139,22.76,34.13%,26.75%,-0.268281,"13:32 ET"
AVGO,354.63,2026-09-30,1,Call,367.50,-3.35%,0.2,0.2,0.21,9156,405,22.61,37.04%,42.97%,0.060129,"13:50 ET"
CRWV,86.21,2026-10-23,24,Put,73.00,-14.84%,1.42,1.56,1.54,5058,226,22.38,77.80%,72.50%,-0.160933,"13:29 ET"
TSLA,352.77,2026-09-30,1,Call,357.50,-1.33%,1.36,1.37,1.39,32732,1466,22.33,41.50%,43.56%,0.279497,"13:51 ET"
RKT,11.72,2026-12-18,80,Put,9.00,-23.08%,0.29,0.32,0.32,4354,204,21.34,63.84%,64.35%,-0.145898,"13:27 ET"
TSLA,352.77,2026-09-30,1,Put,350.00,-0.80%,1.9,1.9,1.93,76744,3630,21.14,41.50%,41.83%,-0.36002,"13:51 ET"
META,730.4,2026-09-30,1,Call,725.00,-0.07%,9.35,9.5,9.5,16406,781,21.01,42.03%,55.04%,0.545358,"13:51 ET"
META,730.4,2026-09-30,1,Call,727.50,-0.42%,8,8.16,8.2,7301,349,20.92,42.03%,54.71%,0.497697,"13:51 ET"
CORZ,16.5,2026-10-23,24,Call,20.00,-20.41%,0.25,0.39,0.45,3072,148,20.76,75.84%,79.11%,0.20413,"10:57 ET"
NVDA,228.19,2026-09-30,1,Put,227.50,-0.60%,1.23,1.24,1.24,67067,3324,20.18,34.67%,33.69%,-0.417816,"13:51 ET"
CRWV,86.21,2026-10-23,24,Put,78.00,-9.01%,2.74,2.66,2.86,5867,294,19.96,77.80%,72.32%,-0.26272,"13:47 ET"
AAPL,331.72,2026-09-30,1,Call,327.50,+1.35%,4.85,4.95,5.05,3511,178,19.72,24.58%,32.28%,0.778879,"13:51 ET"
INTC,116.06,2026-09-30,1,Call,117.00,-0.30%,1.4,1.44,1.45,27211,1386,19.63,67.16%,69.91%,0.452376,"13:49 ET"
AMD,609.07,2026-09-30,1,Call,615.00,-0.45%,4.35,4.39,4.45,8124,414,19.62,53.61%,52.86%,0.380308,"13:51 ET"
AAPL,331.72,2026-10-02,3,Call,332.50,-0.16%,2.88,2.87,3.2,9123,469,19.45,24.58%,28.14%,0.472011,"13:51 ET"
JBLU,4.26,2027-03-19,171,Call,6.00,-40.85%,0.27,0.3,0.31,10130,524,19.33,66.15%,63.84%,0.302288,"12:28 ET"
NVDA,228.19,2026-09-30,1,Put,230.00,+0.49%,2.55,2.56,2.56,97536,5112,19.08,34.67%,32.58%,-0.66559,"13:51 ET"
CORT,115.78,2027-01-15,108,Call,140.00,-20.99%,7.2,8,10.4,4220,222,19.01,50.31%,65.31%,0.373084,"10:24 ET"
NVDA,228.19,2026-09-30,1,Call,232.50,-1.58%,0.34,0.34,0.35,184508,9737,18.95,34.67%,34.65%,0.159684,"13:51 ET"
META,730.4,2026-09-30,1,Call,737.50,-1.80%,3.95,4.05,4.1,4151,220,18.87,42.03%,53.65%,0.311131,"13:50 ET"
META,730.4,2026-09-30,1,Call,732.50,-1.11%,5.85,5.85,5.9,4282,228,18.78,42.03%,54.50%,0.402827,"13:51 ET"
META,730.4,2026-10-05,6,Call,725.00,-0.07%,15.55,16.7,15.85,2687,144,18.66,42.03%,38.93%,0.536746,"13:49 ET"
AMD,609.07,2026-09-30,1,Put,610.00,-0.37%,6.6,6.7,6.8,6371,345,18.47,53.61%,51.03%,-0.50465,"13:51 ET"
MSFT,505.98,2026-09-30,1,Call,510.00,-0.65%,2.11,2.17,2.24,24773,1344,18.43,29.93%,34.78%,0.352909,"13:50 ET"
YELP,17.94,2026-10-16,17,Call,20.00,-11.23%,0.2,0.23,0.25,5203,283,18.39,54.22%,54.43%,0.201283,"13:50 ET"
META,730.4,2026-09-30,1,Call,747.50,-3.18%,1.92,1.96,1.99,7743,426,18.18,42.03%,55.57%,0.174189,"13:50 ET"
AAPL,331.72,2026-09-30,1,Put,322.50,-2.85%,0.11,0.11,0.12,7710,429,17.97,24.58%,32.65%,-0.048464,"13:51 ET"
TSLA,352.77,2026-09-30,1,Put,342.50,-2.92%,0.39,0.39,0.4,12621,725,17.41,41.50%,44.23%,-0.100977,"13:51 ET"
META,730.4,2026-09-30,1,Call,730.00,-0.76%,6.85,6.94,6.95,17658,1050,16.82,42.03%,54.42%,0.449702,"13:51 ET"
TSLA,352.77,2026-10-02,3,Call,352.50,+0.09%,6.3,6.31,6.4,7767,462,16.81,41.50%,48.81%,0.515286,"13:50 ET"
SPCX,148.16,2026-10-16,17,Call,162.50,-9.03%,1.55,1.57,1.57,11335,676,16.77,48.71%,46.41%,0.197785,"13:51 ET"
CCL,24.99,2026-10-09,10,Call,26.00,-4.38%,0.36,0.4,0.4,4844,290,16.7,43.56%,48.09%,0.31075,"13:22 ET"
BE,292.55,2026-10-02,3,Put,292.50,-0.65%,9.55,9.71,9.8,1792,108,16.59,84.91%,94.24%,-0.473461,"13:50 ET"
AAPL,331.72,2026-09-30,1,Put,330.00,-0.59%,1.18,1.2,1.23,47410,2875,16.49,24.58%,28.21%,-0.359003,"13:51 ET"
KKR,92.24,2027-03-19,171,Call,125.00,-35.06%,1.8,1.85,2.2,2010,126,15.95,41.15%,38.85%,0.170868,"13:00 ET"
META,730.4,2026-09-30,1,Call,722.50,+0.27%,10.7,10.65,10.95,10167,644,15.79,42.03%,55.08%,0.592394,"13:51 ET"
TSLA,352.77,2026-09-30,1,Call,360.00,-2.04%,0.84,0.86,0.86,60496,3845,15.73,41.50%,44.28%,0.190767,"13:51 ET"
AAPL,331.72,2026-09-30,1,Call,332.50,-0.16%,1.64,1.66,1.69,40533,2587,15.67,24.58%,29.21%,0.442932,"13:51 ET"
META,730.4,2026-12-18,80,Put,720.00,-0.62%,48,49.7,48.75,11180,714,15.66,42.03%,40.30%,-0.429499,"13:36 ET"
TSLA,352.77,2026-09-30,1,Put,345.00,-2.21%,0.67,0.68,0.68,24896,1597,15.59,41.50%,42.83%,-0.160462,"13:50 ET"
PCAR,111.7,2026-11-20,52,Put,120.00,+7.42%,9.3,10.4,11.3,1775,114,15.57,30.43%,31.73%,-0.697878,"10:16 ET"
TSLA,352.77,2026-09-30,1,Call,350.00,+0.80%,4.65,4.68,4.75,8330,548,15.2,41.50%,43.41%,0.635653,"13:51 ET"
BE,292.55,2026-10-02,3,Call,297.50,-1.05%,8.05,8.6,8.25,2039,135,15.1,84.91%,95.50%,0.448954,"13:47 ET"
TSLA,352.77,2026-10-05,6,Call,355.00,-0.62%,5.95,6.05,6.05,2143,143,14.99,41.50%,38.78%,0.461581,"13:50 ET"
TSLA,352.77,2026-09-30,1,Put,347.50,-1.51%,1.15,1.16,1.17,35091,2346,14.96,41.50%,42.14%,-0.247905,"13:51 ET"
META,730.4,2026-09-30,1,Put,722.50,-0.27%,5.6,5.6,5.75,5146,346,14.87,42.03%,51.20%,-0.401769,"13:51 ET"
PDD,77.5,2026-10-16,17,Put,74.00,-4.44%,0.64,0.69,0.69,1879,127,14.8,33.32%,30.39%,-0.22079,"13:17 ET"
AAPL,331.72,2026-09-30,1,Put,325.00,-2.10%,0.24,0.27,0.26,17060,1165,14.64,24.58%,30.60%,-0.098929,"13:51 ET"
NVDA,228.19,2026-09-30,1,Put,235.00,+2.67%,6.7,6.75,6.75,5451,389,14.01,34.67%,25.00%,-0.989641,"13:51 ET"
AAPL,331.72,2026-10-16,17,Call,332.50,-0.16%,6.25,6.5,6.75,1376,100,13.76,24.58%,23.19%,0.503939,"13:48 ET"
META,730.4,2026-09-30,1,Call,720.00,+0.62%,11.85,11.9,12.15,11161,815,13.69,42.03%,52.72%,0.643767,"13:50 ET"
AMD,609.07,2026-09-30,1,Call,622.50,-1.67%,2.24,2.36,2.33,6293,468,13.45,53.61%,53.63%,0.232172,"13:49 ET"
AAPL,331.72,2026-10-07,8,Call,332.50,-0.16%,4,4.45,4.45,2495,186,13.41,24.58%,22.90%,0.487579,"13:46 ET"
SMMT,16.42,2027-01-15,108,Put,16.00,-1.54%,3.5,4.08,4.5,2502,188,13.31,116.44%,124.26%,-0.35074,"11:32 ET"
MSTR,152.69,2026-10-23,24,Call,162.50,-5.70%,6.55,6.58,6.75,5585,420,13.3,67.41%,66.78%,0.394899,"13:51 ET"
CCL,24.99,2026-10-02,3,Put,24.00,-3.65%,0.15,0.18,0.22,6034,456,13.23,43.56%,58.65%,-0.233049,"13:44 ET"
GOOGL,338.9,2026-09-30,1,Call,337.50,+0.56%,3.15,3.25,3.35,2110,161,13.11,33.32%,36.52%,0.580353,"13:50 ET"
BIRK,32.51,2026-10-16,17,Call,35.00,-7.30%,0.5,0.53,0.55,5023,383,13.11,48.72%,48.46%,0.266647,"13:51 ET"
MU,1068.7,2026-10-02,3,Call,"1,225.00",-14.44%,5,5.12,5.15,3010,230,13.09,61.60%,113.17%,0.101559,"13:49 ET"
MSFT,505.98,2026-09-30,1,Call,515.00,-1.63%,0.92,0.94,0.98,17584,1368,12.85,29.93%,35.55%,0.185859,"13:50 ET"
TTEK,33.64,2027-03-19,171,Put,25.00,-25.62%,0.6,0.7,0.75,4789,378,12.67,35.29%,44.15%,-0.118296,"13:50 ET"
ONDS,7.51,2029-01-19,843,Call,7.00,+7.28%,3.9,3.95,3.95,6982,555,12.58,74.66%,83.31%,0.781899,"13:35 ET"
IOT,37.38,2026-10-02,3,Call,40.50,-8.75%,0.05,0.15,0.2,1480,120,12.33,53.41%,70.35%,0.111214,"12:12 ET"
MSFT,505.98,2026-09-30,1,Call,512.50,-1.14%,1.38,1.46,1.5,12959,1052,12.32,29.93%,34.91%,0.259921,"13:50 ET"
BE,292.55,2026-10-02,3,Put,295.00,+0.20%,10.9,11.15,11.15,2674,221,12.1,84.91%,94.54%,-0.513066,"13:50 ET"
AS,27.04,2026-11-20,52,Call,35.00,-29.53%,0.25,0.28,0.35,1473,125,11.78,48.58%,52.78%,0.12232,"12:37 ET"
QURE,24.34,2026-10-16,17,Put,20.00,-17.08%,0.45,0.63,0.55,3683,318,11.58,100.46%,101.36%,-0.16151,"13:32 ET"
MSFT,505.98,2026-09-30,1,Call,505.00,+0.34%,4.25,4.55,4.45,11958,1046,11.43,29.93%,34.03%,0.566308,"13:50 ET"
VKTX,32.03,2028-01-21,479,Call,55.00,-71.88%,6.8,8.35,8.35,1499,132,11.36,61.28%,85.82%,0.500599,"12:35 ET"
MSFT,505.98,2026-09-30,1,Put,502.50,-0.83%,2,2.16,2.14,7498,662,11.33,29.93%,35.17%,-0.333169,"13:49 ET"
NU,12.38,2026-10-16,17,Call,12.50,-1.21%,0.48,0.46,0.49,2370,211,11.23,51.88%,48.61%,0.498796,"13:37 ET"
GLAS,6.71,2027-02-19,143,Call,7.50,-11.11%,1.15,1.3,1.3,1509,136,11.1,92.59%,87.53%,0.543342,"13:41 ET"
AMZN,246.84,2026-09-30,1,Put,245.00,-0.77%,0.88,0.9,0.91,28781,2639,10.91,34.59%,31.20%,-0.33364,"13:50 ET"
MSFT,505.98,2026-09-30,1,Call,507.50,-0.15%,3.1,3.14,3.2,9520,876,10.87,29.93%,34.61%,0.456935,"13:51 ET"
META,730.4,2026-09-30,1,Put,702.50,-3.03%,0.95,0.97,0.98,2254,208,10.84,42.03%,52.12%,-0.101307,"13:50 ET"
MSFT,505.98,2026-09-30,1,Put,507.50,+0.15%,4.15,4.34,4.55,7086,660,10.74,29.93%,35.76%,-0.541816,"13:49 ET"
AMD,609.07,2026-09-30,1,Call,627.50,-2.49%,1.38,1.46,1.45,2176,204,10.67,53.61%,54.30%,0.157724,"13:50 ET"
AMD,609.07,2026-09-30,1,Put,590.00,-3.63%,0.98,1,1.02,8979,850,10.56,53.61%,53.38%,-0.118267,"13:50 ET"
WULF,15.16,2026-10-09,10,Put,15.50,+1.97%,0.93,0.97,0.96,5012,476,10.53,82.12%,71.25%,-0.564524,"12:45 ET"
GOOGL,338.9,2026-09-30,1,Call,345.00,-1.65%,0.6,0.6,0.61,11429,1095,10.44,33.32%,36.83%,0.173867,"13:51 ET"
CCL,24.99,2026-10-02,3,Call,25.50,-2.37%,0.29,0.29,0.32,6750,653,10.34,43.56%,60.28%,0.344932,"13:49 ET"
AVGO,354.63,2026-09-30,1,Put,355.00,-0.16%,3.1,3.1,3.2,4415,428,10.32,37.04%,41.06%,-0.506957,"13:50 ET"
ASML,1827.42,2026-10-02,3,Call,"1,900.00",-3.97%,10.5,11,11.7,2020,197,10.25,48.45%,54.16%,0.220633,"13:51 ET"
MSFT,505.98,2026-09-30,1,Call,520.00,-2.62%,0.37,0.38,0.4,21889,2154,10.16,29.93%,36.82%,0.086411,"13:50 ET"
VIAV,41.57,2026-10-16,17,Call,42.00,-1.23%,2.3,2.5,2.6,3503,348,10.07,78.65%,73.28%,0.509237,"13:08 ET"
LRCX,319.41,2026-10-02,3,Call,340.00,-6.16%,2.16,2.3,2.45,4059,405,10.02,62.49%,75.44%,0.195966,"13:43 ET"
AMD,609.07,2026-09-30,1,Call,620.00,-1.27%,2.82,2.82,2.91,17560,1767,9.94,53.61%,53.31%,0.276894,"13:50 ET"
TSLA,352.77,2026-09-30,1,Put,355.00,+0.62%,4.35,4.4,4.45,43558,4384,9.94,41.50%,41.94%,-0.613831,"13:50 ET"
SMCI,41.18,2026-10-23,24,Put,45.00,+9.25%,5.3,5.15,5.4,1195,121,9.88,76.86%,72.34%,-0.644782,"12:23 ET"
AMD,609.07,2026-09-30,1,Put,615.00,+0.45%,9.45,9.1,9.8,4899,498,9.84,53.61%,51.42%,-0.623634,"13:43 ET"
META,730.4,2026-09-30,1,Put,697.50,-3.72%,0.56,0.57,0.58,2775,283,9.81,42.03%,52.73%,-0.064441,"13:50 ET"
OSS,8.68,2026-10-16,17,Call,10.00,-15.61%,0.15,0.15,0.2,3376,348,9.7,86.17%,76.64%,0.227098,"13:46 ET"
AVGO,354.63,2026-09-30,1,Put,340.00,-4.38%,0.12,0.15,0.15,10600,1093,9.7,37.04%,46.37%,-0.038672,"13:50 ET"
GOOGL,338.9,2026-09-30,1,Call,340.00,-0.18%,1.98,2.01,2.01,7017,725,9.68,33.32%,36.30%,0.426782,"13:51 ET"
AVGO,354.63,2026-09-30,1,Put,350.00,-1.57%,1.3,1.32,1.36,8534,882,9.68,37.04%,43.01%,-0.269335,"13:51 ET"
AMD,609.07,2026-09-30,1,Call,625.00,-2.08%,1.78,1.78,1.84,7921,824,9.61,53.61%,54.01%,0.192642,"13:51 ET"
AMD,609.07,2026-09-30,1,Call,637.50,-4.12%,0.52,0.55,0.57,4677,492,9.51,53.61%,56.99%,0.068748,"13:48 ET"
ORCL,137.8,2026-10-02,3,Call,132.00,+4.10%,6.75,6.8,6.95,2172,230,9.44,52.34%,63.26%,0.783563,"13:04 ET"
NVDA,228.19,2026-09-30,1,Put,232.50,+1.58%,4.45,4.45,4.5,10411,1111,9.37,34.67%,32.06%,-0.86052,"13:50 ET"
ONDS,7.51,2029-01-19,843,Put,7.00,-7.28%,2.84,2.84,2.89,15092,1621,9.31,74.66%,85.93%,-0.229733,"13:32 ET"
AAPL,331.72,2026-09-30,1,Put,332.50,+0.16%,2.3,2.45,2.35,29799,3200,9.31,24.58%,27.61%,-0.561294,"13:50 ET"
AMD,609.07,2026-09-30,1,Call,630.00,-2.90%,1.1,1.12,1.13,7767,838,9.27,53.61%,54.88%,0.128934,"13:50 ET"
META,730.4,2026-09-30,1,Call,740.00,-2.15%,3.4,3.55,3.55,12610,1364,9.24,42.03%,54.85%,0.274548,"13:51 ET"
FLUT,75.35,2026-12-18,80,Put,75.00,-0.56%,7,7.3,8,2314,252,9.18,60.15%,57.23%,-0.42893,"11:41 ET"
WTTR,19.65,2026-11-20,52,Call,22.50,-14.62%,0.5,0.68,0.75,6655,727,9.15,51.57%,52.98%,0.283131,"12:25 ET"
INSP,70.73,2026-10-16,17,Call,85.00,-20.31%,0.4,0.43,0.55,912,101,9.03,62.33%,63.90%,0.107141,"12:59 ET"
VRNS,46.26,2026-11-20,52,Call,50.00,-7.92%,1.5,1.92,2.85,1151,128,8.99,59.53%,50.20%,0.390206,"12:34 ET"
MSFT,505.98,2026-09-30,1,Put,512.50,+1.14%,7.35,8,8.05,1956,220,8.89,29.93%,36.98%,-0.728525,"13:46 ET"
AVGO,354.63,2026-09-30,1,Put,360.00,+1.24%,6.2,6.17,6.4,2551,290,8.8,37.04%,40.19%,-0.753069,"13:47 ET"
FLG,11.82,2027-07-16,290,Put,10.00,-15.54%,0.4,0.5,0.5,1407,160,8.79,30.14%,32.17%,-0.206446,"12:24 ET"
CRWV,86.21,2026-10-23,24,Put,75.00,-12.51%,1.83,1.91,1.98,4705,537,8.76,77.80%,71.87%,-0.197416,"13:46 ET"
INTC,116.06,2026-10-02,3,Call,128.00,-9.73%,0.35,0.35,0.37,23468,2769,8.48,67.16%,77.94%,0.095917,"13:45 ET"
MSFT,505.98,2026-09-30,1,Call,517.50,-2.13%,0.57,0.62,0.63,7782,920,8.46,29.93%,35.98%,0.127226,"13:50 ET"
AMD,609.07,2026-09-30,1,Call,640.00,-4.53%,0.41,0.42,0.42,6817,810,8.42,53.61%,57.35%,0.054155,"13:50 ET"
LIF,39.88,2026-10-16,17,Call,45.00,-13.38%,0.35,0.38,0.45,925,110,8.41,63.42%,54.10%,0.169426,"13:04 ET"
NVDA,228.19,2026-09-30,1,Call,230.00,-0.49%,0.92,0.93,0.93,107809,12848,8.39,34.67%,34.19%,0.342637,"13:51 ET"
WULF,15.16,2026-10-09,10,Put,14.50,-4.61%,0.44,0.45,0.47,4831,577,8.37,82.12%,72.71%,-0.346631,"13:27 ET"
MELI,1708.15,2026-10-02,3,Call,"1,720.00",-0.80%,18.7,21,24.9,953,114,8.36,43.34%,41.51%,0.456132,"13:50 ET"
ZIM,28.45,2026-10-16,17,Call,29.00,-1.79%,0.83,0.85,1.05,2021,244,8.28,43.85%,46.17%,0.460016,"13:37 ET"
BE,292.55,2026-10-02,3,Put,287.50,-2.35%,7.3,7.4,7.4,1459,177,8.24,84.91%,94.35%,-0.394238,"13:49 ET"
AAPL,331.72,2026-10-09,10,Call,332.50,-0.16%,4.8,4.85,5,1649,201,8.2,24.58%,23.43%,0.492955,"13:50 ET"
KTOS,43.63,2026-11-20,52,Call,52.50,-20.55%,1.55,1.6,1.65,1698,207,8.2,63.22%,65.10%,0.273536,"13:44 ET"
META,730.4,2026-09-30,1,Put,717.50,-0.96%,3.8,3.84,3.95,6168,758,8.14,42.03%,51.31%,-0.30609,"13:50 ET"
BMNR,26.44,2026-10-16,17,Call,26.50,+0.56%,1.74,1.75,1.84,915,113,8.1,77.21%,78.32%,0.535066,"12:46 ET"
TSLA,352.77,2026-09-30,1,Put,340.00,-3.63%,0.24,0.25,0.25,10468,1310,7.99,41.50%,46.50%,-0.064775,"13:49 ET"
AMZN,246.84,2026-09-30,1,Call,247.50,-0.24%,1.31,1.33,1.34,38024,4759,7.99,34.59%,32.89%,0.428428,"13:51 ET"
NVDA,228.19,2026-09-30,1,Call,235.00,-2.67%,0.12,0.13,0.13,143757,18109,7.94,34.67%,36.45%,0.066014,"13:50 ET"
META,730.4,2026-10-02,3,Call,722.50,+0.27%,15.05,16.05,15.35,2674,337,7.93,42.03%,48.46%,0.56763,"13:49 ET"
META,730.4,2026-09-30,1,Put,727.50,+0.42%,7.65,7.65,7.75,1618,205,7.89,42.03%,49.29%,-0.504028,"13:51 ET"
SPCX,148.16,2026-10-09,10,Call,146.00,+2.04%,5.75,5.9,5.85,2844,361,7.88,48.71%,46.44%,0.598533,"13:41 ET"
MSFT,505.98,2026-09-30,1,Call,502.50,+0.83%,5.75,5.9,6.15,2892,370,7.82,29.93%,34.73%,0.668933,"13:50 ET"
BMA,65.67,2027-04-16,199,Put,95.00,+44.49%,29.4,29.5,30.9,1592,204,7.8,44.79%,41.58%,-0.867617,"12:57 ET"
AS,27.04,2026-11-20,52,Call,30.00,-11.03%,0.9,1.05,1.05,2379,305,7.8,48.58%,48.48%,0.329562,"13:49 ET"
TSLA,352.77,2026-09-30,1,Call,365.00,-3.46%,0.32,0.32,0.33,39421,5059,7.79,41.50%,46.95%,0.082962,"13:50 ET"
GLXY,23.1,2026-10-16,17,Call,23.50,-1.38%,1.44,1.57,1.58,1932,251,7.7,84.63%,84.46%,0.501317,"12:11 ET"
TSM,457.54,2027-09-17,353,Call,500.00,-9.18%,60.85,61.15,62.35,2110,277,7.62,35.23%,40.37%,0.521286,"13:50 ET"
AMD,609.07,2026-09-30,1,Call,612.50,-0.04%,5.3,5.34,5.5,4217,554,7.61,53.61%,52.90%,0.437509,"13:51 ET"
AG,17.83,2026-10-02,3,Call,18.00,-0.95%,0.33,0.34,0.36,1155,154,7.5,60.03%,65.19%,0.44982,"13:49 ET"
META,730.4,2026-09-30,1,Put,707.50,-2.34%,1.5,1.5,1.54,2243,300,7.48,42.03%,50.91%,-0.149722,"13:51 ET"
BE,292.55,2026-10-02,3,Put,300.00,+1.90%,13.9,14.05,14.15,3125,418,7.48,84.91%,95.24%,-0.589689,"13:50 ET"
META,730.4,2026-09-30,1,Call,742.50,-2.49%,2.82,2.8,2.9,2698,361,7.47,42.03%,54.86%,0.236838,"13:50 ET"
NVDA,228.19,2026-10-02,3,Put,242.50,+5.95%,13.85,14.14,14.65,3242,434,7.47,34.67%,33.52%,-0.979456,"13:48 ET"
GM,79.9,2026-11-20,52,Call,92.50,-15.84%,0.94,0.98,1.09,871,117,7.44,35.96%,37.68%,0.176409,"13:15 ET"
SMMT,16.42,2027-01-15,108,Put,11.00,-32.31%,1,1.5,2,5004,675,7.41,116.44%,125.73%,-0.174248,"11:31 ET"
DKNG,20.1,2027-03-19,171,Call,12.50,+38.03%,8.4,8.53,8.85,2382,322,7.4,61.15%,76.76%,0.886385,"12:54 ET"
TIGR,4.55,2026-10-16,17,Put,4.50,-1.10%,0.12,0.13,0.16,1002,136,7.37,52.07%,43.48%,-0.423918,"13:18 ET"
ONON,29.52,2026-11-20,52,Put,27.50,-7.13%,1.12,1.16,1.2,5073,689,7.36,47.17%,48.83%,-0.302825,"13:35 ET"
MSFT,505.98,2026-09-30,1,Put,500.00,-1.33%,1.31,1.38,1.42,10814,1486,7.28,29.93%,35.49%,-0.243154,"13:50 ET"
INTC,116.06,2026-09-30,1,Call,118.00,-1.16%,1.02,1.06,1.07,17995,2471,7.28,67.16%,70.46%,0.363466,"13:50 ET"
NU,12.38,2026-11-20,52,Call,14.00,-13.36%,0.49,0.5,0.51,125411,17224,7.28,51.88%,55.41%,0.327547,"13:50 ET"
MRNA,197.65,2026-10-02,3,Call,222.50,-11.47%,0.8,0.88,1.15,824,114,7.23,89.37%,103.94%,0.1123,"13:47 ET"
MRNA,197.65,2026-11-20,52,Put,190.00,-4.81%,22,22.59,23.85,1529,212,7.21,89.37%,93.04%,-0.382703,"12:42 ET"
WOLF,27.54,2027-01-15,108,Call,50.00,-82.28%,1.33,1.5,1.5,5004,698,7.17,100.99%,99.84%,0.211309,"13:50 ET"
AMZN,246.84,2026-09-30,1,Call,250.00,-1.25%,0.55,0.56,0.57,26239,3659,7.17,34.59%,33.43%,0.226168,"13:50 ET"
RIOT,21.58,2026-10-02,3,Put,20.00,-8.05%,0.14,0.15,0.16,4123,577,7.15,82.12%,87.72%,-0.160159,"13:49 ET"
JD,26.23,2026-12-18,80,Call,31.00,-18.41%,0.5,0.56,0.59,4518,634,7.13,34.13%,43.10%,0.202064,"10:36 ET"
BE,292.55,2026-10-02,3,Put,282.50,-4.05%,5.25,5.15,5.5,822,117,7.03,84.91%,93.97%,-0.317369,"13:46 ET"
INTC,116.06,2026-09-30,1,Call,119.00,-2.01%,0.73,0.74,0.76,13633,1947,7,67.16%,70.88%,0.282851,"13:51 ET"
LLY,1181.24,2026-10-23,24,Call,"1,560.00",-32.11%,0.11,0.15,2.47,1058,153,6.92,36.65%,52.11%,0.02286,"13:48 ET"
AMD,609.07,2026-09-30,1,Put,605.00,-1.18%,4.3,4.28,4.55,2976,430,6.92,53.61%,50.99%,-0.383269,"13:49 ET"
TSM,457.54,2027-09-17,353,Put,450.00,-1.74%,55.4,56.3,56.2,2022,293,6.9,35.23%,37.66%,-0.384188,"13:03 ET"
MSFT,505.98,2026-09-30,1,Put,510.00,+0.65%,5.65,6,6,6080,883,6.89,29.93%,35.49%,-0.6446,"13:45 ET"
AVGO,354.63,2026-10-05,6,Put,345.00,-2.98%,2.45,2.39,2.5,702,102,6.88,37.04%,34.76%,-0.25503,"13:47 ET"
MU,1068.7,2026-10-02,3,Put,"1,065.00",-0.51%,38.15,38,38.5,1727,251,6.88,61.60%,104.93%,-0.463984,"13:45 ET"
META,730.4,2026-09-30,1,Put,725.00,+0.07%,6.4,6.5,6.6,6227,905,6.88,42.03%,49.42%,-0.450986,"13:51 ET"
AMD,609.07,2026-09-30,1,Call,650.00,-6.17%,0.16,0.17,0.19,8402,1226,6.85,53.61%,61.48%,0.023984,"13:47 ET"
CIFR,16.65,2026-10-30,31,Call,20.00,-19.33%,0.75,0.85,0.9,1393,204,6.83,96.64%,97.57%,0.312183,"13:30 ET"
META,730.4,2026-09-30,1,Call,717.50,+0.96%,13.65,13.9,13.9,2855,418,6.83,42.03%,53.71%,0.686521,"13:51 ET"
META,730.4,2026-09-30,1,Put,710.00,-2.00%,1.89,1.89,1.93,6450,949,6.8,42.03%,50.50%,-0.180779,"13:51 ET"
MU,1068.7,2026-10-02,3,Call,"1,072.50",-0.19%,39.5,39.6,39.8,1426,211,6.76,61.60%,106.39%,0.507293,"13:49 ET"
AMZN,246.84,2026-10-02,3,Call,235.00,+4.82%,11.8,11.75,12.3,2259,335,6.74,34.59%,38.35%,0.922278,"13:50 ET"
AAPL,331.72,2026-09-30,1,Put,327.50,-1.35%,0.55,0.63,0.58,30501,4523,6.74,24.58%,29.21%,-0.198542,"13:50 ET"
FLG,11.82,2028-01-21,479,Put,10.00,-15.54%,0.65,0.67,0.75,10201,1516,6.73,30.14%,32.85%,-0.228398,"12:21 ET"
BABA,107.7,2026-10-09,10,Call,114.00,-5.95%,0.8,0.83,0.85,898,134,6.7,40.31%,40.45%,0.208854,"12:32 ET"
LQDA,69.89,2026-10-02,3,Call,90.00,-28.76%,0.2,0.17,0.3,1696,253,6.7,95.48%,169.14%,0.057731,"13:49 ET"
RPD,11.34,2026-11-20,52,Call,9.00,+20.70%,2.8,2.85,3.3,1932,290,6.66,87.95%,104.51%,0.78713,"13:34 ET"
TSLA,352.77,2026-10-05,6,Put,352.50,-0.09%,6.55,6.7,6.75,901,136,6.63,41.50%,37.82%,-0.482914,"13:33 ET"
ACN,174.96,2026-10-09,10,Call,200.00,-14.38%,1.1,1.22,1.35,715,108,6.62,52.64%,67.77%,0.130399,"13:48 ET"
BE,292.55,2026-10-02,3,Put,275.00,-6.60%,3.1,3.17,3.25,4868,735,6.62,84.91%,93.93%,-0.214361,"13:51 ET"
TSLA,352.77,2026-09-30,1,Call,362.50,-2.75%,0.51,0.51,0.52,28672,4332,6.62,41.50%,45.23%,0.125385,"13:51 ET"
NVDA,228.19,2026-10-05,6,Put,230.00,+0.49%,4.15,4.18,4.2,4112,626,6.57,34.67%,28.25%,-0.570482,"13:51 ET"
DKNG,20.1,2026-10-09,10,Call,21.50,-6.59%,0.27,0.31,0.33,1469,225,6.53,61.15%,58.12%,0.266704,"13:02 ET"
INTC,116.06,2026-09-30,1,Put,117.00,+0.30%,1.97,1.96,2.01,6948,1064,6.53,67.16%,68.88%,-0.548742,"13:50 ET"
META,730.4,2026-09-30,1,Call,765.00,-5.60%,0.48,0.5,0.5,4285,659,6.5,42.03%,59.25%,0.052219,"13:51 ET"
HL,17.1,2026-10-30,31,Call,20.00,-17.03%,0.31,0.33,0.35,648,100,6.48,58.83%,59.27%,0.212893,"13:43 ET"
TOL,135.78,2027-01-15,108,Put,110.00,-18.52%,1.5,1.7,1.85,1251,193,6.48,34.36%,36.92%,-0.115372,"11:48 ET"
EXPE,262.05,2026-10-16,17,Call,270.00,-3.26%,7.1,7.99,8.3,1002,155,6.46,52.77%,46.68%,0.421662,"13:47 ET"
UEC,9.23,2027-02-19,143,Call,13.00,-40.85%,0.53,0.59,0.6,1501,233,6.44,65.49%,66.81%,0.28602,"10:11 ET"
CELH,27.43,2028-01-21,479,Put,35.00,+27.78%,11.05,11.45,11.45,1500,234,6.41,58.13%,57.36%,-0.509934,"13:29 ET"
MSFT,505.98,2026-10-23,24,Call,570.00,-12.49%,0.72,0.87,0.86,1239,194,6.39,29.93%,27.55%,0.053619,"13:33 ET"
AVGO,354.63,2026-09-30,1,Call,362.50,-1.95%,0.64,0.67,0.67,7218,1136,6.35,37.04%,41.35%,0.162923,"13:50 ET"
SHEL,95.12,2026-11-20,52,Call,110.00,-15.50%,0.3,0.4,0.4,678,107,6.34,25.69%,26.71%,0.083103,"10:51 ET"
MTLS,8.75,2026-11-20,52,Call,10.00,-14.42%,0.2,0.3,0.3,824,131,6.29,63.13%,48.79%,0.27558,"13:49 ET"
KTOS,43.63,2026-10-02,3,Put,43.50,-0.11%,0.85,0.96,1.05,1194,190,6.28,63.22%,66.35%,-0.458182,"13:36 ET"
RIVN,15.02,2026-10-30,31,Call,16.00,-6.24%,0.73,0.75,0.81,6668,1061,6.28,61.44%,64.81%,0.41546,"13:44 ET"
INTC,116.06,2026-09-30,1,Put,118.00,+1.16%,2.57,2.5,2.63,6832,1092,6.26,67.16%,68.94%,-0.639971,"13:47 ET"
CIM,10.13,2027-03-19,171,Call,11.00,-8.16%,0.15,0.26,0.3,877,141,6.22,48.90%,24.84%,0.248996,"13:03 ET"
SNDK,1709.62,2026-10-02,3,Call,"1,740.00",-1.68%,40.2,41.4,41.3,977,157,6.22,71.51%,86.66%,0.430413,"13:49 ET"
ORCL,137.8,2026-10-09,10,Call,177.50,-28.95%,0.15,0.22,0.21,819,132,6.2,52.34%,77.11%,0.027856,"11:58 ET"
AMD,609.07,2026-09-30,1,Call,635.00,-3.72%,0.67,0.71,0.72,6834,1103,6.2,53.61%,56.30%,0.0853,"13:49 ET"
AMD,609.07,2026-10-05,6,Call,620.00,-1.27%,10.1,10.4,10.4,638,103,6.19,53.61%,46.90%,0.404259,"13:49 ET"
MU,1068.7,2026-10-02,3,Call,"1,065.00",+0.51%,42.95,43.05,43.25,4328,699,6.19,61.60%,105.94%,0.536266,"13:50 ET"
CVNA,62.58,2026-11-20,52,Call,65.00,-3.70%,5.65,6,6,1854,300,6.18,69.25%,70.59%,0.507711,"13:12 ET"
CCL,24.99,2029-01-19,843,Call,13.00,+47.81%,13.05,13.25,13.45,672,109,6.17,43.56%,49.89%,0.876421,"13:30 ET"
XERS,9.63,2027-01-15,108,Call,12.50,-27.29%,0.8,1.05,0.95,4099,665,6.16,82.59%,82.46%,0.370372,"13:44 ET"
ORCL,137.8,2026-10-02,3,Call,143.00,-3.89%,1.39,1.38,1.44,8430,1369,6.16,52.34%,66.69%,0.28202,"13:48 ET"
MU,1068.7,2026-10-09,10,Call,"1,120.00",-4.63%,32.15,33.45,32.8,1204,196,6.14,61.60%,74.44%,0.379171,"13:14 ET"
AMC,3.06,2026-10-30,31,Put,3.00,-1.96%,0.24,0.26,0.28,1739,283,6.14,88.59%,81.89%,-0.421295,"13:42 ET"
CDE,17.66,2026-10-23,24,Call,21.00,-19.39%,0.15,0.25,0.25,637,104,6.13,60.57%,60.03%,0.151421,"13:44 ET"
AMD,609.07,2026-09-30,1,Call,610.00,+0.37%,6.4,6.6,6.65,3199,522,6.13,53.61%,52.79%,0.496156,"13:50 ET"
BE,292.55,2026-10-02,3,Call,340.00,-15.48%,0.75,0.82,0.78,3249,530,6.13,84.91%,104.89%,0.065153,"13:35 ET"
MU,1068.7,2026-10-02,3,Call,"1,067.50",+0.28%,41.8,41.92,42.1,1304,214,6.09,61.60%,106.15%,0.526579,"13:50 ET"
BE,292.55,2026-10-02,3,Put,285.00,-3.20%,6.2,6.3,6.4,3312,544,6.09,84.91%,94.04%,-0.355162,"13:49 ET"
AVGO,354.63,2026-09-30,1,Put,345.00,-2.98%,0.45,0.45,0.49,4232,701,6.04,37.04%,44.89%,-0.114577,"13:50 ET"
META,730.4,2026-09-30,1,Call,715.00,+1.31%,15.25,16,15.65,1329,221,6.01,42.03%,53.15%,0.731165,"13:50 ET"
BAC,54.97,2026-10-02,3,Put,54.00,-1.73%,0.24,0.27,0.26,27517,4581,6.01,28.89%,32.01%,-0.256532,"13:50 ET"
WEC,102.55,2026-10-16,17,Call,105.00,-2.57%,0.7,0.75,0.9,1162,194,5.99,19.05%,19.31%,0.300739,"13:45 ET"
WMT,106.24,2026-10-16,17,Call,107.00,-0.74%,1.92,1.92,1.96,1285,215,5.98,27.17%,23.94%,0.471546,"13:47 ET"
KKR,92.24,2027-03-19,171,Put,85.00,-8.16%,5.6,5.75,6.1,2000,335,5.97,41.15%,39.68%,-0.313309,"13:00 ET"
ZETA,28.68,2026-10-09,10,Call,30.00,-4.57%,0.72,0.75,0.8,1165,196,5.94,68.61%,65.02%,0.375516,"13:48 ET"
META,730.4,2026-09-30,1,Put,687.50,-5.10%,0.17,0.15,0.23,1109,187,5.93,42.03%,54.97%,-0.025031,"13:49 ET"
TSLA,352.77,2026-09-30,1,Put,337.50,-4.34%,0.16,0.17,0.17,3614,610,5.92,41.50%,49.53%,-0.043677,"13:48 ET"
AMC,3.06,2026-11-06,38,Call,3.00,+1.96%,0.38,0.31,0.42,1577,267,5.91,88.59%,96.10%,0.582929,"13:45 ET"
AAPL,331.72,2026-10-05,6,Call,337.50,-1.67%,1.51,1.55,1.64,1038,176,5.9,24.58%,21.77%,0.278902,"13:51 ET"
COST,924.17,2026-10-16,17,Call,"1,055.00",-14.09%,0.13,0.43,0.43,742,127,5.84,19.62%,27.26%,0.014793,"13:32 ET"
IREN,41.28,2026-10-02,3,Call,41.50,-0.46%,1.15,1.23,1.18,1153,198,5.82,80.20%,84.91%,0.488208,"13:49 ET"
MU,1068.7,2026-10-02,3,Call,"1,240.00",-15.84%,4.05,4.1,4.2,2690,463,5.81,61.60%,114.43%,0.084579,"13:50 ET"
GOOGL,338.9,2026-09-30,1,Call,342.50,-0.92%,1.12,1.15,1.19,6522,1123,5.81,33.32%,36.75%,0.286704,"13:50 ET"
EQT,48.92,2026-10-02,3,Put,49.00,+0.18%,0.66,0.63,0.68,2062,357,5.78,32.27%,34.49%,-0.524197,"13:12 ET"
TSLA,352.77,2026-09-30,1,Call,345.00,+2.21%,8.4,8.55,8.55,2126,370,5.75,41.50%,45.51%,0.825375,"13:47 ET"
SNDX,18.22,2027-01-15,108,Call,25.00,-38.58%,1,1.1,1.15,2805,492,5.7,80.96%,74.03%,0.286203,"13:45 ET"
TSLA,352.77,2026-10-02,3,Call,345.00,+2.21%,10.8,10.86,10.9,2808,493,5.7,41.50%,49.33%,0.698228,"13:50 ET"
BABA,107.7,2026-10-02,3,Call,108.00,-0.37%,1.41,1.43,1.45,1587,279,5.69,40.31%,39.90%,0.48062,"13:49 ET"
MU,1068.7,2026-10-16,17,Put,650.00,-39.28%,0.6,0.67,0.68,2054,361,5.69,61.60%,100.18%,-0.007825,"12:55 ET"
META,730.4,2026-09-30,1,Call,760.00,-4.91%,0.73,0.76,0.76,7428,1307,5.68,42.03%,58.34%,0.075674,"13:51 ET"
MXL,91.89,2026-12-18,80,Call,70.00,+24.22%,28.5,31.9,30.9,853,151,5.65,104.45%,105.41%,0.795299,"09:58 ET"
ORCL,137.8,2026-10-02,3,Call,144.00,-4.61%,1.18,1.14,1.24,5575,986,5.65,52.34%,67.67%,0.247871,"13:44 ET"
AVGO,354.63,2026-09-30,1,Put,352.50,-0.87%,2.07,2.09,2.11,1913,339,5.64,37.04%,41.99%,-0.380107,"13:51 ET"
META,730.4,2026-09-30,1,Call,750.00,-3.53%,1.67,1.71,1.73,27946,4957,5.64,42.03%,57.01%,0.152632,"13:51 ET"
IREN,41.28,2026-10-16,17,Call,43.50,-5.30%,1.78,1.8,1.83,586,104,5.63,80.20%,75.47%,0.408809,"13:16 ET"
TSLA,352.77,2026-10-02,3,Call,347.50,+1.51%,9.1,9.23,9.25,769,137,5.61,41.50%,48.97%,0.640637,"13:49 ET"
PLUG,1.905,2029-01-19,843,Call,3.5000,-82.77%,0.52,0.6,0.62,880,157,5.61,70.28%,75.71%,0.557182,"10:48 ET"
CCL,24.99,2026-10-02,3,Call,25.00,-0.36%,0.49,0.49,0.5,17316,3087,5.61,43.56%,59.56%,0.484944,"13:50 ET"
AAPL,331.72,2026-09-30,1,Call,340.00,-2.42%,0.15,0.15,0.16,29105,5187,5.61,24.58%,31.06%,0.066034,"13:51 ET"
MTCH,39.54,2026-10-16,17,Call,40.00,-0.93%,0.8,0.9,1,689,123,5.6,39.07%,31.07%,0.461452,"13:03 ET"
BE,292.55,2026-10-02,3,Call,305.00,-3.59%,5.55,5.6,5.65,2616,469,5.58,84.91%,97.04%,0.341667,"13:49 ET"
CCL,24.99,2026-10-30,31,Call,24.00,+3.65%,1.68,1.67,1.91,1147,206,5.57,43.56%,44.81%,0.639582,"11:24 ET"
ANET,202.59,2026-10-02,3,Call,207.50,-2.83%,1.7,1.73,2.1,1605,288,5.57,50.45%,51.25%,0.318632,"13:31 ET"
LUNR,14.77,2026-10-09,10,Call,17.00,-15.10%,0.17,0.2,0.2,1048,190,5.52,88.76%,83.65%,0.177726,"13:16 ET"
INTC,116.06,2026-10-02,3,Call,118.00,-1.16%,2.31,2.39,2.37,7073,1283,5.51,67.16%,72.21%,0.4319,"13:50 ET"
C,130.85,2026-10-02,3,Call,131.00,-0.17%,1.59,1.64,1.7,952,173,5.5,33.08%,35.58%,0.4988,"13:40 ET"
MDB,332.21,2026-12-18,80,Call,410.00,-23.29%,18.2,18.09,20,702,128,5.48,61.36%,68.45%,0.322624,"12:22 ET"
MU,1068.7,2026-10-02,3,Call,"1,275.00",-19.11%,2.58,2.6,2.64,1167,215,5.43,61.60%,117.95%,0.055818,"13:48 ET"
AMD,609.07,2027-03-19,171,Call,"1,080.00",-76.40%,11.5,13.75,12.6,971,179,5.42,53.61%,58.36%,0.118352,"10:00 ET"
T,24.66,2026-10-02,3,Call,24.50,+0.77%,0.35,0.38,0.39,1094,202,5.42,27.69%,29.78%,0.617158,"13:46 ET"
META,730.4,2026-09-30,1,Put,695.00,-4.07%,0.43,0.45,0.45,4049,747,5.42,42.03%,53.23%,-0.051212,"13:50 ET"
CYPH,3.19,2026-10-09,10,Call,4.00,-25.39%,0.1,0.14,0.15,646,120,5.38,162.53%,175.99%,0.258111,"12:36 ET"
AMD,609.07,2026-10-02,3,Call,675.00,-10.25%,0.41,0.5,0.48,2454,457,5.37,53.61%,60.66%,0.034274,"13:34 ET"
NU,12.38,2029-01-19,843,Call,20.00,-61.94%,1.8,1.84,1.88,1990,371,5.36,51.88%,44.85%,0.422438,"11:40 ET"
MRNA,197.65,2026-10-09,10,Call,205.00,-2.70%,7.4,8,8.15,645,121,5.33,89.37%,83.17%,0.422997,"13:41 ET"
ORCL,137.8,2026-10-02,3,Call,142.00,-3.16%,1.63,1.64,1.65,9357,1762,5.31,52.34%,65.43%,0.318898,"13:51 ET"
TSLA,352.77,2028-01-21,479,Put,30.00,-91.50%,0.05,0.12,0.18,1202,228,5.27,41.50%,83.54%,-0.000934,"11:33 ET"
SNDK,1709.62,2026-10-02,3,Put,"1,710.00",-0.07%,52.3,51.3,53.4,841,160,5.26,71.51%,86.17%,-0.482009,"13:48 ET"
AMZN,246.84,2026-10-02,3,Call,237.50,+3.81%,9.55,9.82,9.95,1122,214,5.24,34.59%,36.75%,0.877676,"13:50 ET"
MXL,91.89,2026-12-18,80,Call,95.00,-2.85%,16.5,17.8,18,1143,219,5.22,104.45%,105.42%,0.581621,"10:43 ET"
INTC,116.06,2026-09-30,1,Call,122.00,-4.59%,0.25,0.25,0.26,5477,1052,5.21,67.16%,74.14%,0.117201,"13:49 ET"
SNDK,1709.62,2026-10-02,3,Call,"1,715.00",-0.22%,51,51.37,52,1022,199,5.14,71.51%,86.44%,0.503479,"13:51 ET"
AVGO,354.63,2026-09-30,1,Call,370.00,-4.06%,0.11,0.11,0.14,6526,1269,5.14,37.04%,44.84%,0.0378,"13:48 ET"
MTDR,51.14,2026-12-18,80,Call,60.00,-17.42%,1.15,1.3,1.35,724,142,5.1,45.89%,41.78%,0.234588,"13:11 ET"
CDW,130.45,2026-10-16,17,Put,115.00,-11.64%,0.6,0.67,0.95,773,152,5.09,46.75%,50.15%,-0.108692,"13:50 ET"
BE,292.55,2026-10-02,3,Call,310.00,-5.29%,4.2,4.3,4.35,4721,932,5.07,84.91%,97.79%,0.278408,"13:51 ET"
AVGO,354.63,2026-09-30,1,Call,360.00,-1.24%,1.12,1.12,1.15,12491,2465,5.07,37.04%,41.00%,0.251903,"13:51 ET"
BULL,7.03,2026-10-09,10,Call,7.00,+0.43%,0.28,0.29,0.29,560,111,5.05,60.06%,57.45%,0.54131,"13:29 ET"
MSFT,505.98,2026-09-30,1,Put,487.50,-3.79%,0.13,0.14,0.17,1695,337,5.03,29.93%,40.41%,-0.035083,"13:46 ET"
BE,292.55,2026-10-23,24,Call,325.00,-10.39%,12.35,13.51,13.25,541,108,5.01,84.91%,80.65%,0.350058,"13:24 ET"
TTAN,62.79,2027-04-16,199,Call,80.00,-27.96%,6.3,7.13,7,601,120,5.01,58.67%,62.85%,0.406012,"12:20 ET"
INTC,116.06,2026-09-30,1,Call,120.00,-2.87%,0.51,0.52,0.54,20548,4105,5.01,67.16%,71.72%,0.214714,"13:50 ET"
META,730.4,2026-09-30,1,Call,755.00,-4.22%,1.17,1.17,1.17,9978,2001,4.99,42.03%,58.15%,0.110711,"13:51 ET"
IOVA,14.85,2026-10-16,17,Call,15.00,+0.13%,1.1,1.24,1.35,2229,449,4.96,111.49%,100.64%,0.527238,"13:50 ET"
META,730.4,2026-09-30,1,Call,735.00,-1.45%,4.7,4.85,4.9,7722,1558,4.96,42.03%,53.43%,0.354425,"13:50 ET"
QURE,24.34,2026-10-16,17,Call,26.00,-7.79%,1.2,1.52,1.6,513,104,4.93,100.46%,100.49%,0.415249,"13:43 ET"
MSTR,152.69,2026-12-18,80,Call,225.00,-46.36%,4.45,4.65,4.65,3327,675,4.93,67.41%,74.90%,0.18215,"13:43 ET"
CCL,24.99,2026-10-02,3,Call,26.00,-4.38%,0.17,0.19,0.2,12382,2514,4.93,43.56%,62.09%,0.232459,"13:47 ET"
AMD,609.07,2026-09-30,1,Put,620.00,+1.27%,12.85,12.22,13.3,1724,351,4.91,53.61%,51.50%,-0.730827,"13:41 ET"
NVTS,11.76,2026-10-30,31,Put,9.00,-23.79%,0.12,0.13,0.17,1002,205,4.89,86.33%,80.84%,-0.099532,"09:35 ET"
ORCL,137.8,2026-10-02,3,Put,141.00,+2.43%,4.85,5,5.1,3023,619,4.88,52.34%,62.48%,-0.644971,"13:50 ET"
NVDA,228.19,2026-09-30,1,Put,225.00,-1.70%,0.51,0.51,0.52,32463,6662,4.87,34.67%,35.33%,-0.212837,"13:51 ET"
MDB,332.21,2026-10-02,3,Put,317.50,-4.53%,3.6,4.41,4.7,563,116,4.85,61.36%,86.17%,-0.255171,"13:40 ET"
AMD,609.07,2026-09-30,1,Put,622.50,+1.67%,14.8,13.17,15.2,839,174,4.82,53.61%,51.68%,-0.777048,"13:11 ET"
AMD,609.07,2026-09-30,1,Put,607.50,-0.78%,5.45,5.45,5.6,2449,508,4.82,53.61%,51.32%,-0.443711,"13:50 ET"
PGY,17.25,2027-01-15,108,Call,21.00,-21.67%,1.45,1.55,1.6,1013,211,4.8,75.82%,71.73%,0.393046,"11:10 ET"
BE,292.55,2026-10-09,10,Put,210.00,-28.67%,0.15,0.16,0.2,2632,549,4.79,84.91%,91.13%,-0.011005,"13:12 ET"
META,730.4,2026-09-30,1,Put,712.50,-1.65%,2.44,2.5,2.54,2602,544,4.78,42.03%,51.07%,-0.220353,"13:51 ET"
TSLA,352.77,2026-10-02,3,Call,350.00,+0.80%,7.6,7.65,7.7,5143,1077,4.78,41.50%,48.63%,0.579176,"13:51 ET"
NEXT,6.3,2026-11-20,52,Call,8.00,-26.98%,0.1,0.15,0.15,1020,214,4.77,55.98%,59.89%,0.179137,"11:14 ET"
TEVA,39.9,2026-10-02,3,Call,39.00,+2.16%,1.11,1.2,1.25,1549,325,4.77,37.07%,42.68%,0.734136,"13:15 ET"
MU,1068.7,2026-10-02,3,Call,"1,070.00",+0.04%,40.55,40.75,40.9,5072,1065,4.76,61.60%,106.11%,0.516886,"13:51 ET"
QURE,24.34,2028-01-21,479,Call,60.00,-148.76%,5.3,5.3,5.8,2075,438,4.74,100.46%,103.74%,0.452122,"12:08 ET"
CORT,115.78,2027-01-15,108,Put,95.00,-17.90%,6.5,7.17,8,4223,890,4.74,50.31%,70.15%,-0.231146,"11:26 ET"
BNTX,98.39,2027-05-21,234,Call,145.00,-47.39%,4,4.65,5,501,106,4.73,49.78%,55.92%,0.217198,"13:27 ET"
BE,292.55,2026-11-20,52,Call,370.00,-25.67%,16.05,17.07,17.05,1649,350,4.71,84.91%,89.80%,0.307809,"13:38 ET"
WMT,106.24,2026-10-02,3,Call,106.00,+0.20%,1.19,1.22,1.25,4214,895,4.71,27.17%,27.04%,0.557668,"13:50 ET"
BE,292.55,2026-10-16,17,Call,305.00,-3.59%,15,15.65,15.5,536,114,4.7,84.91%,79.65%,0.445651,"13:43 ET"
SNDK,1709.62,2026-10-02,3,Call,"1,700.00",+0.66%,57.5,60.3,59.4,3113,662,4.7,71.51%,85.68%,0.548242,"13:49 ET"
PDD,77.5,2028-01-21,479,Call,75.00,+3.15%,17.25,17.5,17.8,2168,462,4.69,33.32%,41.27%,0.666945,"11:49 ET"
AVGO,354.63,2026-09-30,1,Put,362.50,+1.95%,6.85,8.3,8.4,650,139,4.68,37.04%,39.81%,-0.847173,"13:51 ET"
NVDA,228.19,2026-10-02,3,Put,245.00,+7.04%,16.1,16.3,16.75,991,212,4.67,34.67%,35.39%,-0.990507,"13:42 ET"
AMD,609.07,2026-09-30,1,Call,605.00,+1.18%,9.1,9.5,9.4,1807,388,4.66,53.61%,52.82%,0.613373,"13:48 ET"
APP,305.87,2026-10-02,3,Call,305.00,+0.41%,7.2,7.35,8,571,123,4.64,65.34%,62.64%,0.541547,"13:48 ET"
BABA,107.7,2026-10-09,10,Put,103.00,-4.28%,0.78,0.87,0.83,666,144,4.63,40.31%,35.82%,-0.21482,"13:18 ET"
META,730.4,2026-10-02,3,Call,727.50,-0.42%,12.5,12.7,12.7,1080,234,4.62,42.03%,48.44%,0.505316,"13:50 ET"
GOOGL,338.9,2026-09-30,1,Put,337.50,-0.56%,1.84,1.89,1.92,7507,1624,4.62,33.32%,34.74%,-0.416296,"13:51 ET"
SNDK,1709.62,2026-10-02,3,Call,"1,745.00",-1.97%,38.4,39.45,39.4,931,202,4.61,71.51%,86.85%,0.416357,"13:49 ET"
CRWV,86.21,2026-10-23,24,Put,74.00,-13.67%,1.64,1.68,1.76,5020,1090,4.61,77.80%,72.49%,-0.179436,"12:01 ET"
SPCX,148.16,2026-10-02,3,Call,148.00,+0.70%,2.94,2.94,2.96,17412,3774,4.61,48.71%,52.46%,0.52518,"13:51 ET"
IREN,41.28,2026-10-09,10,Call,43.00,-4.09%,1.35,1.39,1.43,1754,381,4.6,80.20%,76.55%,0.400369,"13:39 ET"
WMT,106.24,2026-10-02,3,Call,105.00,+1.14%,1.84,1.85,1.89,2238,487,4.6,27.17%,27.72%,0.698213,"13:45 ET"
NVDA,228.19,2026-09-30,1,Put,237.50,+3.77%,9.15,9.2,9.2,703,153,4.59,34.67%,0.00%,0,"13:50 ET"
AMZN,246.84,2026-11-06,38,Put,245.00,-0.77%,10.65,10.78,11.1,686,150,4.57,34.59%,38.35%,-0.44341,"13:41 ET"
ORCL,137.8,2026-10-09,10,Call,138.00,-0.25%,4.7,4.7,4.85,1804,395,4.57,52.34%,52.97%,0.514399,"13:50 ET"
TSLA,352.77,2026-09-30,1,Put,335.00,-5.05%,0.11,0.11,0.13,5066,1108,4.57,41.50%,53.08%,-0.031134,"13:50 ET"
RIOT,21.58,2026-10-23,24,Call,23.00,-5.75%,1.21,1.27,1.27,651,143,4.55,82.12%,81.22%,0.423926,"13:44 ET"
META,730.4,2026-10-02,3,Put,717.50,-0.96%,7.9,7.8,8.1,1357,298,4.55,42.03%,46.88%,-0.368041,"13:50 ET"
NVTS,11.76,2026-11-20,52,Call,13.00,-10.08%,1.15,1.2,1.19,2289,503,4.55,86.33%,90.12%,0.461957,"13:42 ET"
PANW,384.3,2027-12-17,444,Call,760.00,-98.28%,28.15,28.35,29.35,609,134,4.54,54.81%,58.40%,0.25746,"13:31 ET"
META,730.4,2026-09-30,1,Put,715.00,-1.31%,3.1,3.04,3.2,7570,1666,4.54,42.03%,51.37%,-0.262304,"13:50 ET"
TSLA,352.77,2026-10-05,6,Put,345.00,-2.21%,3.55,3.56,3.65,866,191,4.53,41.50%,38.21%,-0.314581,"13:50 ET"
AMD,609.07,2026-09-30,1,Call,632.50,-3.31%,0.85,0.88,0.9,1800,398,4.52,53.61%,55.47%,0.104673,"13:49 ET"
META,730.4,2026-10-05,6,Call,722.50,+0.27%,16.85,17.6,17.2,600,133,4.51,42.03%,38.92%,0.564137,"13:47 ET"
INTC,116.06,2026-10-05,6,Call,117.00,-0.30%,3.25,3.4,3.4,839,186,4.51,67.16%,60.11%,0.491662,"13:31 ET"
META,730.4,2026-11-20,52,Put,725.00,+0.07%,43.55,43.5,44.35,1275,285,4.47,42.03%,42.74%,-0.451314,"13:50 ET"
AVGO,354.63,2026-09-30,1,Call,355.00,+0.16%,2.96,3,3.05,3833,858,4.47,37.04%,41.95%,0.493655,"13:50 ET"
SPCX,148.16,2026-10-02,3,Put,149.00,-0.03%,3.15,3.1,3.2,9457,2116,4.47,48.71%,52.03%,-0.532273,"13:50 ET"
TSLA,352.77,2026-10-02,3,Put,352.50,-0.09%,5.8,5.83,5.9,5883,1322,4.45,41.50%,46.82%,-0.485393,"13:50 ET"
CCL,24.99,2026-10-16,17,Call,24.50,+1.65%,1.18,1.18,1.21,1004,226,4.44,43.56%,45.54%,0.588436,"13:49 ET"
HMC,32.14,2026-10-16,17,Call,27.50,+14.49%,3.6,4.1,5.6,500,113,4.42,28.85%,36.44%,0.985564,"13:50 ET"
MSFT,505.98,2026-09-30,1,Put,497.50,-1.82%,0.84,0.88,0.91,4244,961,4.42,29.93%,35.97%,-0.170201,"13:50 ET"
MU,1068.7,2026-10-02,3,Call,"1,077.50",-0.66%,37.3,37.45,37.6,673,153,4.4,61.60%,106.63%,0.48817,"13:50 ET"
META,730.4,2026-10-02,3,Put,685.00,-5.45%,1.21,1.12,1.26,2721,618,4.4,42.03%,48.43%,-0.083207,"13:48 ET"
AGNC,9.35,2026-10-30,31,Put,10.00,+6.16%,0.78,0.81,0.9,2161,495,4.37,26.88%,40.40%,-0.689,"13:32 ET"
WYNN,78.46,2026-10-02,3,Call,79.00,-0.39%,1.07,1.28,1.22,847,195,4.34,38.20%,46.44%,0.46354,"12:21 ET"
META,730.4,2026-09-30,1,Put,720.00,-0.62%,4.65,4.7,4.8,11178,2583,4.33,42.03%,51.33%,-0.352979,"13:50 ET"
WULF,15.16,2026-10-09,10,Call,15.50,-1.97%,0.63,0.66,0.66,1487,345,4.31,82.12%,82.49%,0.44887,"11:33 ET"
RIG,5.26,2026-10-16,17,Put,5.50,+4.56%,0.33,0.48,0.37,1011,235,4.3,51.34%,42.40%,-0.679927,"09:33 ET"
SNDK,1709.62,2026-10-02,3,Call,"1,710.00",+0.07%,53.5,53.8,54,1272,296,4.3,71.51%,86.20%,0.518303,"13:51 ET"
TSLA,352.77,2026-09-30,1,Call,370.00,-4.87%,0.15,0.15,0.16,28065,6532,4.3,41.50%,52.03%,0.040309,"13:51 ET"
MSTR,152.69,2026-10-23,24,Call,167.50,-8.96%,5.15,5.7,5.4,500,118,4.24,67.41%,67.62%,0.331431,"12:21 ET"
TSLA,352.77,2026-10-05,6,Put,355.00,+0.62%,7.8,7.85,8.05,1315,310,4.24,41.50%,37.53%,-0.541648,"13:45 ET"
SPCX,148.16,2026-10-02,3,Call,149.00,+0.03%,2.46,2.51,2.48,22280,5251,4.24,48.71%,52.41%,0.468689,"13:50 ET"
INTC,116.06,2027-02-19,143,Call,145.00,-24.30%,11.2,11.3,11.45,2448,579,4.23,67.16%,69.06%,0.397506,"13:48 ET"
ARM,297.11,2026-10-02,3,Call,320.00,-7.10%,2.58,2.71,2.74,5662,1338,4.23,74.78%,91.42%,0.200748,"13:50 ET"
VALE,13.26,2026-11-20,52,Call,14.00,-5.82%,0.47,0.5,0.51,5729,1354,4.23,37.92%,38.22%,0.391694,"13:44 ET"
AAPL,331.72,2026-10-05,6,Put,332.50,+0.16%,3.85,3.84,4.2,711,169,4.21,24.58%,21.79%,-0.522535,"13:48 ET"
AXTI,77.99,2026-12-18,80,Call,85.00,-7.92%,14.3,14.62,15.3,738,177,4.17,116.41%,117.55%,0.55649,"13:43 ET"
BE,292.55,2026-10-02,3,Put,272.50,-7.45%,2.54,2.62,2.67,1113,267,4.17,84.91%,93.78%,-0.18407,"13:51 ET"
AG,17.83,2026-10-02,3,Call,17.50,+1.85%,0.59,0.6,0.63,1011,243,4.16,60.03%,65.99%,0.635736,"13:47 ET"
AAPL,331.72,2026-10-09,10,Call,342.50,-3.17%,1.34,1.47,1.49,4382,1053,4.16,24.58%,22.47%,0.207048,"13:47 ET"
SNDK,1709.62,2026-10-02,3,Put,"1,740.00",+1.68%,69.2,69.65,72.5,918,222,4.14,71.51%,88.27%,-0.568134,"13:31 ET"
BE,292.55,2026-10-02,3,Call,295.00,-0.20%,9.15,9.32,9.3,2148,519,4.14,84.91%,95.41%,0.487662,"13:50 ET"
MDB,332.21,2029-01-19,843,Call,630.00,-89.45%,76.35,79.82,83.65,591,143,4.13,61.36%,67.16%,0.498315,"13:39 ET"
CMG,32.1,2026-11-20,52,Put,32.50,+1.15%,2.3,2.3,2.39,5089,1239,4.11,44.92%,45.18%,-0.490327,"13:23 ET"
HPP,11.67,2026-10-16,17,Call,12.50,-6.66%,0.2,0.35,0.75,500,122,4.1,80.49%,78.19%,0.379256,"13:25 ET"
SHW,328.09,2026-12-18,80,Call,380.00,-15.83%,2.7,3.03,4.1,725,177,4.1,27.94%,27.98%,0.159187,"11:24 ET"
U,38.95,2026-10-02,3,Call,40.00,-1.39%,0.62,0.65,0.79,994,243,4.09,64.61%,72.18%,0.399891,"13:44 ET"
META,730.4,2026-09-30,1,Put,692.50,-4.41%,0.3,0.33,0.38,1395,342,4.08,42.03%,53.81%,-0.040595,"13:50 ET"
OZK,46.01,2028-01-21,479,Put,40.00,-13.10%,2.4,2.9,3,2005,492,4.08,27.34%,27.50%,-0.258378,"11:56 ET"
NOW,128.68,2026-10-02,3,Call,132.00,-2.37%,1.53,1.59,1.63,2513,616,4.08,54.83%,61.82%,0.339477,"13:48 ET"
ABCL,14.58,2026-11-20,52,Call,18.00,-23.80%,0.85,1,1.05,947,233,4.06,92.11%,92.18%,0.337466,"13:32 ET"
AMD,609.07,2026-09-30,1,Put,602.50,-1.59%,3.45,3.46,3.65,1591,393,4.05,53.61%,51.30%,-0.326506,"13:50 ET"
AGNC,9.35,2026-10-30,31,Put,9.00,-4.46%,0.17,0.19,0.21,1070,265,4.04,26.88%,32.02%,-0.318053,"13:18 ET"
INTC,116.06,2026-11-06,38,Put,115.00,-1.41%,9.5,9.67,9.85,726,180,4.03,67.16%,71.05%,-0.428459,"13:33 ET"
MU,1068.7,2026-10-02,3,Call,"1,082.50",-1.12%,35.2,35.43,35.5,818,203,4.03,61.60%,106.90%,0.469261,"13:50 ET"
BE,292.55,2026-10-02,3,Call,335.00,-13.78%,1.02,1,1.05,1078,269,4.01,84.91%,103.80%,0.084963,"13:50 ET"
NEE,75.71,2026-11-20,52,Put,70.00,-7.35%,0.81,0.86,0.88,1242,310,4.01,24.57%,26.10%,-0.1948,"13:31 ET"
TEVA,39.9,2026-10-30,31,Call,43.00,-7.88%,0.45,0.55,0.64,600,150,4,37.07%,33.53%,0.246645,"13:34 ET"
BE,292.55,2026-10-02,3,Call,287.50,+2.35%,12.85,13.78,13.25,1171,293,4,84.91%,95.25%,0.605321,"13:36 ET"
BE,292.55,2026-10-02,3,Call,307.50,-4.44%,4.8,5.08,5,980,246,3.98,84.91%,97.41%,0.309067,"13:40 ET"
META,730.4,2026-09-30,1,Call,680.00,+6.14%,45.65,45.5,50.6,536,135,3.97,42.03%,87.87%,0.930368,"13:42 ET"
IREN,41.28,2027-04-16,199,Put,30.00,-27.38%,3.65,3.65,4,1042,263,3.96,80.20%,83.52%,-0.195976,"13:26 ET"
STUB,5.37,2026-10-16,17,Put,12.50,+132.77%,7,7.19,7.2,722,183,3.95,69.37%,238.90%,-0.91726,"13:10 ET"
QXO,11.57,2026-11-20,52,Put,10.00,-13.87%,0.4,0.43,0.45,13056,3306,3.95,64.13%,65.47%,-0.225817,"11:40 ET"
AAPL,331.72,2026-10-05,6,Put,330.00,-0.59%,2.62,2.93,3.1,1099,279,3.94,24.58%,22.00%,-0.415549,"13:50 ET"
MRNA,197.65,2026-10-02,3,Put,200.00,+0.20%,7.35,7.8,8,1369,348,3.93,89.37%,88.78%,-0.544966,"13:50 ET"
NVDA,228.19,2026-10-07,8,Call,220.00,+3.88%,9.85,10.8,10,818,210,3.9,34.67%,33.98%,0.780653,"12:59 ET"
NVDA,228.19,2026-10-07,8,Put,230.00,+0.49%,4.8,4.85,4.95,1183,303,3.9,34.67%,29.88%,-0.553671,"13:51 ET"
CVX,204.28,2026-10-23,24,Call,240.00,-17.32%,0.08,0.2,0.19,560,144,3.89,28.13%,30.88%,0.022926,"10:06 ET"
AIG,74.39,2026-10-02,3,Call,76.00,-2.01%,0.2,0.25,0.35,720,185,3.89,25.42%,30.30%,0.233311,"13:13 ET"
BE,292.55,2026-10-02,3,Call,302.50,-2.74%,6.25,6.3,6.5,1599,411,3.89,84.91%,96.63%,0.375976,"13:49 ET"
BE,292.55,2026-10-02,3,Put,270.00,-8.29%,2.12,2.15,2.18,3426,881,3.89,84.91%,94.18%,-0.157597,"13:49 ET"
META,730.4,2026-10-02,3,Call,730.00,-0.76%,11.35,11.49,11.55,4937,1273,3.88,42.03%,48.55%,0.474266,"13:50 ET"
BE,292.55,2026-10-02,3,Put,277.50,-5.75%,3.7,3.6,3.9,727,188,3.87,84.91%,93.72%,-0.246234,"13:46 ET"
NVDA,228.19,2026-09-30,1,Put,220.00,-3.88%,0.1,0.11,0.11,28833,7454,3.87,34.67%,42.98%,-0.048703,"13:51 ET"
INTC,116.06,2026-10-09,10,Put,118.00,+1.16%,5.6,5.95,5.75,1331,345,3.86,67.16%,63.21%,-0.528373,"12:58 ET"
META,730.4,2026-10-02,3,Call,775.00,-6.98%,1.51,1.53,1.54,7141,1852,3.86,42.03%,52.70%,0.09543,"13:51 ET"
GPN,82.9,2026-10-16,17,Call,80.00,+3.64%,4.5,4.8,5.5,2000,521,3.84,40.71%,44.77%,0.675456,"10:10 ET"
AAPL,331.72,2026-10-05,6,Call,335.00,-0.91%,2.24,2.52,2.48,2053,534,3.84,24.58%,21.75%,0.374427,"13:46 ET"
TSLA,352.77,2026-10-02,3,Call,357.50,-1.33%,4.15,4.2,4.2,6253,1629,3.84,41.50%,48.79%,0.389682,"13:49 ET"
IOVA,14.85,2026-11-20,52,Call,17.50,-16.51%,1.3,1.55,1.55,816,213,3.83,111.49%,103.80%,0.416817,"13:50 ET"
AAOI,100.88,2026-10-02,3,Call,109.00,-7.25%,1.2,1.4,1.5,592,155,3.82,94.57%,108.07%,0.241765,"13:46 ET"
INTC,116.06,2026-09-30,1,Call,113.00,+3.13%,3.85,3.95,4,578,152,3.8,67.16%,71.13%,0.793163,"13:41 ET"
ARM,297.11,2026-10-02,3,Call,337.50,-12.96%,0.92,1.01,1.06,716,189,3.79,74.78%,98.10%,0.08462,"13:34 ET"
BA,188.32,2026-11-20,52,Call,190.00,-0.99%,9.9,9.9,10.35,1756,463,3.79,34.92%,38.60%,0.502661,"13:32 ET"
SKHY,186.75,2027-03-19,171,Put,175.00,-6.50%,22.05,22.9,23.4,2500,659,3.79,58.30%,60.84%,-0.343739,"13:40 ET"
GOOGL,338.9,2026-09-30,1,Put,340.00,+0.18%,3,3.1,3.25,4899,1293,3.79,33.32%,34.52%,-0.577827,"13:47 ET"
ORCL,137.8,2026-10-02,3,Call,141.00,-2.43%,1.91,1.96,1.95,5569,1469,3.79,52.34%,64.81%,0.361082,"13:50 ET"
MSFT,505.98,2026-09-30,1,Put,505.00,-0.34%,2.95,3.05,3.2,11480,3048,3.77,29.93%,35.44%,-0.436298,"13:50 ET"
SNDK,1709.62,2026-10-02,3,Call,"1,750.00",-2.26%,37,37.7,37.5,2569,684,3.76,71.51%,87.26%,0.402825,"13:50 ET"
LODE,2.26,2028-01-21,479,Call,2.00,+10.71%,0.95,1,1.05,510,136,3.75,84.42%,88.63%,0.752983,"13:05 ET"
AXTI,77.99,2026-10-02,3,Call,78.00,+0.96%,3.5,3.7,4.2,1044,279,3.74,116.41%,130.29%,0.537986,"13:50 ET"
MSFT,505.98,2026-09-30,1,Put,495.00,-2.31%,0.53,0.55,0.58,4253,1141,3.73,29.93%,36.73%,-0.115802,"13:50 ET"
CDNS,320.71,2026-10-02,3,Call,330.00,-2.60%,1.95,2.08,2.75,587,158,3.72,44.97%,48.40%,0.276515,"13:04 ET"
TSM,457.54,2026-10-02,3,Put,457.50,-0.10%,5.4,5.5,5.45,542,146,3.71,35.23%,34.11%,-0.481556,"13:49 ET"
U,38.95,2026-10-02,3,Put,37.00,-6.21%,0.2,0.23,0.27,813,219,3.71,64.61%,70.73%,-0.169705,"13:50 ET"
T,24.66,2026-10-09,10,Call,24.50,+0.77%,0.48,0.54,0.54,926,250,3.7,27.69%,25.26%,0.579932,"13:23 ET"
NVDA,228.19,2029-01-19,843,Call,210.00,+8.25%,72,72.63,73.7,2399,650,3.69,34.67%,41.87%,0.721593,"13:51 ET"
META,730.4,2026-09-30,1,Call,745.00,-2.84%,2.32,2.38,2.4,4710,1282,3.67,42.03%,55.11%,0.203377,"13:50 ET"
AMZN,246.84,2026-09-30,1,Call,245.00,+0.77%,2.65,2.69,2.73,11545,3144,3.67,34.59%,33.31%,0.657082,"13:50 ET"
PBR,20.5,2026-11-06,38,Call,24.00,-17.13%,0.33,0.43,0.51,729,200,3.65,51.65%,55.65%,0.216899,"10:12 ET"
ZLAB,25.97,2027-03-19,171,Put,35.00,+34.93%,10,10.68,11.2,509,140,3.64,86.02%,64.72%,-0.674991,"13:29 ET"
META,730.4,2026-10-02,3,Put,722.50,-0.27%,9.95,10.05,10.2,1325,364,3.64,42.03%,46.87%,-0.431123,"13:50 ET"
MU,1068.7,2026-10-02,3,Call,"1,210.00",-13.04%,6.15,6.23,6.35,1328,365,3.64,61.60%,111.96%,0.12176,"13:49 ET"
NN,13.62,2026-10-16,17,Call,14.00,-2.79%,1.1,1.1,1.2,1920,528,3.64,99.37%,109.65%,0.5088,"13:33 ET"
WW,16.91,2026-11-20,52,Call,15.00,+11.71%,3.5,4.8,4.3,725,200,3.63,115.32%,114.44%,0.698574,"10:57 ET"
AVGO,354.63,2026-09-30,1,Call,365.00,-2.65%,0.35,0.36,0.37,10128,2787,3.63,37.04%,41.77%,0.09908,"13:50 ET"
AMZN,246.84,2026-10-02,3,Call,225.00,+8.87%,21.9,21.98,22.3,1252,346,3.62,34.59%,65.34%,0.943787,"13:51 ET"
RIVN,15.02,2026-10-23,24,Call,16.50,-9.56%,0.39,0.41,0.41,535,149,3.59,61.44%,58.60%,0.300755,"12:34 ET"
AMZN,246.84,2026-10-02,3,Put,262.50,+6.31%,14.7,14.95,16.15,574,160,3.59,34.59%,31.94%,-0.989371,"13:09 ET"
SKHY,186.75,2026-10-09,10,Call,200.00,-6.86%,2.7,2.85,2.94,2554,711,3.59,58.30%,59.01%,0.266132,"13:48 ET"
MDB,332.21,2029-01-19,843,Call,500.00,-50.35%,98.1,101.85,105.5,587,164,3.58,61.36%,67.59%,0.5899,"13:37 ET"
BE,292.55,2026-10-02,3,Call,317.50,-7.84%,2.8,2.86,2.92,556,156,3.56,84.91%,99.86%,0.201136,"13:44 ET"
INTC,116.06,2026-10-05,6,Call,115.00,+1.41%,4.25,4.3,4.45,1341,377,3.56,67.16%,60.36%,0.580171,"13:21 ET"
CELH,27.43,2028-01-21,479,Call,37.50,-36.91%,4.15,5.05,5.4,1520,427,3.56,58.13%,57.97%,0.480305,"13:29 ET"
NOW,128.68,2026-10-02,3,Call,131.00,-1.60%,1.86,1.85,1.96,1262,355,3.55,54.83%,61.52%,0.38979,"13:44 ET"
UEC,9.23,2027-01-15,108,Call,13.00,-40.85%,0.38,0.4,0.41,2111,594,3.55,65.49%,66.97%,0.236508,"10:15 ET"
AVGO,354.63,2026-09-30,1,Put,357.50,+0.54%,4.5,4.5,4.65,3271,922,3.55,37.04%,40.71%,-0.635901,"13:50 ET"
RIVN,15.02,2026-10-09,10,Call,14.50,+3.72%,0.87,0.89,0.92,1568,443,3.54,61.44%,58.66%,0.669886,"13:25 ET"
IREN,41.28,2026-10-09,10,Call,45.00,-8.93%,0.82,0.86,0.88,3324,942,3.53,80.20%,78.18%,0.275637,"13:47 ET"
TSLA,352.77,2026-09-30,1,Call,372.50,-5.58%,0.11,0.12,0.12,9945,2824,3.52,41.50%,54.95%,0.029603,"13:50 ET"
LITE,966.12,2026-10-02,3,Put,920.00,-5.28%,9.9,9.2,10.4,1025,292,3.51,75.83%,81.65%,-0.233701,"13:48 ET"
PGY,17.25,2026-11-20,52,Call,21.00,-21.67%,0.7,0.95,1.05,1303,372,3.5,75.82%,77.92%,0.310393,"12:01 ET"
AAPL,331.72,2026-10-02,3,Call,327.50,+1.35%,5.9,5.95,6.2,1697,485,3.5,24.58%,29.28%,0.693007,"13:51 ET"
AMC,3.06,2026-12-18,80,Put,4.00,+30.72%,1.16,1.25,1.24,623,179,3.48,88.59%,96.33%,-0.642088,"13:15 ET"
WMT,106.24,2026-10-09,10,Call,106.00,+0.20%,1.88,1.95,1.96,3320,954,3.48,27.17%,24.40%,0.545607,"13:46 ET"
TEM,82.47,2026-10-02,3,Call,88.00,-6.49%,0.86,1.1,1.02,666,192,3.47,78.88%,92.61%,0.239751,"13:13 ET"
AMD,609.07,2026-09-30,1,Put,597.50,-2.41%,2.15,2.2,2.23,1295,373,3.47,53.61%,51.85%,-0.225931,"13:50 ET"
AMD,609.07,2026-09-30,1,Call,645.00,-5.35%,0.25,0.26,0.28,2117,610,3.47,53.61%,59.28%,0.035669,"13:48 ET"
TSLA,352.77,2026-10-05,6,Call,365.00,-3.46%,2.7,2.7,2.76,2463,709,3.47,41.50%,39.43%,0.259926,"13:49 ET"
RIVN,15.02,2026-11-20,52,Call,22.00,-46.08%,0.2,0.21,0.22,932,269,3.46,61.44%,73.97%,0.114852,"12:43 ET"
MU,1068.7,2026-10-02,3,Put,"1,075.00",+0.42%,43.55,43.81,43.95,1389,402,3.46,61.60%,105.48%,-0.502946,"13:37 ET"
BE,292.55,2026-10-02,3,Put,290.00,-1.50%,8.3,8.43,8.6,5602,1622,3.45,84.91%,94.17%,-0.433621,"13:50 ET"
KHC,23.29,2027-03-19,171,Put,17.50,-24.92%,0.16,0.16,0.26,3000,873,3.44,29.01%,31.94%,-0.081938,"11:02 ET"
BA,188.32,2026-10-30,31,Put,170.00,-9.64%,1.71,1.8,1.88,562,164,3.43,34.92%,37.29%,-0.158625,"13:29 ET"
LITE,966.12,2026-10-02,3,Call,"1,100.00",-13.25%,1.9,2.15,2,2195,640,3.43,75.83%,88.33%,0.060162,"13:48 ET"
AMD,609.07,2026-09-30,1,Call,652.50,-6.57%,0.11,0.14,0.17,1255,368,3.41,53.61%,62.39%,0.01942,"13:50 ET"
GOOG,335.64,2026-10-09,10,Call,337.50,-0.45%,5.95,6,6.1,623,183,3.4,33.08%,30.82%,0.470527,"13:50 ET"
META,730.4,2026-10-02,3,Call,737.50,-1.80%,8.35,8.85,8.55,827,243,3.4,42.03%,48.88%,0.384192,"13:49 ET"
AAPL,331.72,2026-10-02,3,Call,335.00,-0.91%,1.88,1.92,2,14536,4274,3.4,24.58%,27.35%,0.353775,"13:51 ET"
NVDA,228.19,2026-10-05,6,Call,232.50,-1.58%,1.75,1.76,1.77,5230,1545,3.39,34.67%,29.06%,0.323494,"13:49 ET"
IREN,41.28,2026-10-02,3,Call,46.50,-12.56%,0.11,0.13,0.15,3505,1039,3.37,80.20%,92.65%,0.084612,"12:53 ET"
WFC,80.61,2026-10-02,3,Call,80.00,+0.70%,1.43,1.48,1.53,700,209,3.35,32.25%,36.93%,0.613879,"13:50 ET"
NVTS,11.76,2026-10-09,10,Call,11.50,+2.62%,0.8,0.84,0.83,1102,329,3.35,86.33%,83.41%,0.606207,"13:46 ET"
GFL,41.76,2026-10-16,17,Call,47.50,-14.10%,0.6,0.65,0.75,3586,1074,3.34,59.46%,67.00%,0.210927,"13:37 ET"
ORCL,137.8,2027-09-17,353,Put,60.00,-56.41%,1.67,1.75,1.8,554,167,3.32,52.34%,60.68%,-0.040977,"13:39 ET"
TSLA,352.77,2026-09-30,1,Call,367.50,-4.16%,0.21,0.21,0.22,10537,3173,3.32,41.50%,49.14%,0.056172,"13:50 ET"
SBUX,95.28,2026-10-09,10,Put,90.00,-5.65%,0.17,0.27,0.31,533,161,3.31,31.31%,28.99%,-0.107012,"11:03 ET"
AVGO,354.63,2026-10-05,6,Call,370.00,-4.06%,1.53,1.72,1.58,664,201,3.3,37.04%,34.99%,0.183049,"12:57 ET"
BKNG,163.5,2026-10-09,10,Put,160.00,-1.60%,2.35,2.75,2.9,1005,305,3.3,42.00%,39.32%,-0.352601,"13:49 ET"
TSLA,352.77,2026-10-05,6,Call,367.50,-4.16%,2.18,2.25,2.23,1346,408,3.3,41.50%,39.68%,0.219627,"13:45 ET"
META,730.4,2026-10-02,3,Call,725.00,-0.07%,13.75,13.79,14,5084,1539,3.3,42.03%,48.50%,0.536517,"13:50 ET"
LITE,966.12,2026-10-02,3,Put,950.00,-2.19%,19.6,20,20.5,616,187,3.29,75.83%,81.38%,-0.384476,"13:50 ET"
UEC,9.23,2027-02-19,143,Call,10.00,-8.34%,1.24,1.3,1.35,1406,428,3.29,65.49%,66.38%,0.523974,"12:50 ET"
PLTR,185.28,2026-10-30,31,Call,230.00,-23.72%,0.76,0.79,0.8,1299,399,3.26,53.08%,47.40%,0.072124,"13:14 ET"
ARM,297.11,2026-10-02,3,Call,310.00,-3.76%,4.55,5.1,5.15,1755,539,3.26,74.78%,89.91%,0.321014,"13:35 ET"
SPCX,148.16,2026-10-30,31,Put,100.00,-32.90%,0.12,0.14,0.14,1986,610,3.26,48.71%,63.61%,-0.012779,"12:29 ET"
BE,292.55,2026-10-02,3,Call,292.50,+0.65%,10.25,10.4,10.55,1272,393,3.24,84.91%,95.34%,0.526896,"13:50 ET"
CRWV,86.21,2026-10-23,24,Put,80.00,-6.67%,3.35,3.5,3.55,2098,650,3.23,77.80%,71.65%,-0.308143,"13:26 ET"
GAP,23.06,2027-01-15,108,Call,28.00,-21.74%,0.71,0.74,0.79,528,164,3.22,45.89%,44.56%,0.251386,"11:34 ET"
ORCL,137.8,2026-10-02,3,Call,140.00,-1.71%,2.23,2.32,2.29,19118,5939,3.22,52.34%,64.16%,0.406165,"13:50 ET"
ARM,297.11,2026-10-02,3,Put,295.00,-1.27%,7.55,7.74,8.05,741,231,3.21,74.78%,83.89%,-0.44131,"13:50 ET"
CVNA,62.58,2026-10-02,3,Put,64.00,+2.11%,2.3,2.63,2.47,1051,327,3.21,69.25%,72.74%,-0.608237,"13:44 ET"
META,730.4,2026-09-30,1,Call,710.00,+2.00%,19.05,20.41,19.55,584,183,3.19,42.03%,53.54%,0.805798,"13:50 ET"
ORCL,137.8,2026-10-02,3,Put,142.00,+3.16%,5.6,5.75,5.8,2193,687,3.19,52.34%,63.32%,-0.687701,"13:50 ET"
LCID,3.97,2026-10-16,17,Put,5.00,+25.94%,1.04,1.06,1.13,7517,2354,3.19,93.88%,101.58%,-0.822732,"11:46 ET"
AMZN,246.84,2026-09-30,1,Put,242.50,-1.79%,0.33,0.34,0.35,9673,3029,3.19,34.59%,32.46%,-0.154363,"13:50 ET"
BAC,54.97,2026-10-02,3,Call,55.00,-0.09%,0.61,0.64,0.64,2815,886,3.18,28.89%,31.12%,0.508664,"13:50 ET"
TSLA,352.77,2026-10-02,3,Put,350.00,-0.80%,4.65,4.6,4.75,19634,6168,3.18,41.50%,47.00%,-0.419197,"13:48 ET"
INTU,263.54,2027-06-17,261,Call,300.00,-13.74%,33.2,34.6,35.5,546,172,3.17,49.28%,52.00%,0.482025,"13:31 ET"
IMMX,10.22,2026-10-16,17,Put,10.00,-2.25%,0.6,0.85,1,704,222,3.17,103.67%,103.28%,-0.421526,"13:39 ET"
WULF,15.16,2026-10-09,10,Call,17.50,-15.13%,0.16,0.17,0.18,2127,670,3.17,82.12%,84.72%,0.161311,"12:33 ET"
AMZN,246.84,2026-10-02,3,Call,230.00,+6.85%,16.65,17,17.35,819,259,3.16,34.59%,49.00%,0.945695,"13:51 ET"
LQDA,69.89,2026-10-02,3,Put,54.00,-22.75%,0.1,0.15,0.35,727,231,3.15,95.48%,176.91%,-0.045829,"11:47 ET"
WRBY,27.09,2026-12-18,80,Put,25.00,-7.72%,2.55,2.62,2.8,1075,341,3.15,80.20%,77.40%,-0.333953,"13:14 ET"
ORCL,137.8,2026-10-02,3,Put,139.00,+0.98%,3.6,3.75,3.75,2731,866,3.15,52.34%,61.20%,-0.54892,"13:50 ET"
HL,17.1,2026-11-20,52,Call,18.00,-5.32%,1.21,1.19,1.26,547,174,3.14,58.83%,60.73%,0.467599,"12:54 ET"
CVS,86.73,2026-10-02,3,Put,85.00,-1.93%,0.47,0.64,0.68,550,175,3.14,36.51%,40.74%,-0.283085,"13:13 ET"
LRCX,319.41,2026-10-09,10,Put,255.00,-20.38%,0.11,0.18,0.25,513,164,3.13,62.49%,64.43%,-0.014424,"12:06 ET"
HOOD,115.08,2026-10-09,10,Call,113.00,+2.02%,5.85,6,6,864,276,3.13,62.29%,61.94%,0.599237,"13:45 ET"
GOOGL,338.9,2026-09-30,1,Put,332.50,-2.03%,0.53,0.55,0.55,4917,1569,3.13,33.32%,36.02%,-0.15946,"13:44 ET"
MSFT,505.98,2026-09-30,1,Call,525.00,-3.61%,0.15,0.16,0.17,5892,1882,3.13,29.93%,38.81%,0.038944,"13:50 ET"
ROKU,152.04,2026-12-18,80,Call,160.00,-5.17%,1.75,3.35,4.65,978,313,3.12,18.94%,20.19%,0.348401,"09:44 ET"
MSFT,505.98,2026-09-30,1,Put,490.00,-3.30%,0.21,0.23,0.25,2300,737,3.12,29.93%,39.06%,-0.052345,"13:48 ET"
MU,1068.7,2026-10-16,17,Call,"1,150.00",-7.43%,31.85,32.15,32.4,11992,3839,3.12,61.60%,67.12%,0.337582,"13:49 ET"
CGEM,15.23,2027-12-17,444,Put,22.00,+44.45%,10.2,10.35,10.9,929,299,3.11,121.93%,94.78%,-0.433264,"13:51 ET"
INTC,116.06,2026-10-05,6,Call,118.00,-1.16%,2.83,2.95,2.93,976,314,3.11,67.16%,60.00%,0.447605,"13:27 ET"
RXT,3.9,2027-01-15,108,Call,8.00,-104.60%,0.15,0.2,0.25,1000,322,3.11,107.34%,111.49%,0.196351,"10:52 ET"
MRNA,197.65,2026-10-02,3,Put,190.00,-4.81%,3,3.2,3.3,1922,619,3.11,89.37%,88.67%,-0.299679,"13:49 ET"
CLS,362.56,2026-10-02,3,Call,380.00,-4.54%,3.3,3.85,4.4,546,176,3.1,67.91%,75.49%,0.264083,"13:00 ET"
NLY,20.2,2027-01-15,108,Call,18.00,+11.15%,2,2.2,3.3,925,299,3.09,23.06%,38.13%,0.740292,"13:50 ET"
KMX,58.26,2028-12-15,808,Call,50.00,+14.41%,21.5,24.8,24.1,1691,548,3.09,42.00%,51.59%,0.764026,"13:04 ET"
DDOG,266.39,2027-01-15,108,Call,320.00,-20.12%,18.55,17.33,19.65,1626,528,3.08,66.12%,62.09%,0.3684,"10:16 ET"
AMZN,246.84,2026-09-30,1,Put,247.50,+0.24%,2,2.01,2.06,5769,1874,3.08,34.59%,30.90%,-0.577149,"13:50 ET"
ORCL,137.8,2026-10-09,10,Call,135.00,+1.93%,6.2,6.44,6.4,975,318,3.07,52.34%,52.27%,0.61386,"13:04 ET"
PSKY,9.91,2026-11-20,52,Call,10.00,-0.60%,0.82,0.87,0.92,3287,1075,3.06,59.19%,60.64%,0.532397,"13:22 ET"
CRCL,83.72,2026-10-02,3,Call,88.00,-4.56%,1.08,1.12,1.15,1793,587,3.05,72.57%,86.22%,0.284225,"13:50 ET"
AMD,609.07,2026-09-30,1,Put,595.00,-2.82%,1.67,1.69,1.74,2305,755,3.05,53.61%,52.36%,-0.184528,"13:50 ET"
CAG,13.98,2026-10-02,3,Call,14.50,-3.79%,0.15,0.17,0.2,1172,385,3.04,34.14%,72.11%,0.308502,"13:30 ET"
AVGO,354.63,2026-09-30,1,Call,372.50,-4.76%,0.06,0.1,0.08,1513,498,3.04,37.04%,46.01%,0.022187,"13:38 ET"
ORCL,137.8,2026-10-02,3,Call,145.00,-5.34%,1.01,1.01,1.04,14294,4756,3.01,52.34%,68.42%,0.21632,"13:50 ET"
TSLA,352.77,2026-10-02,3,Call,355.00,-0.62%,5.15,5.15,5.2,10428,3472,3,41.50%,48.73%,0.451574,"13:51 ET"
MDB,332.21,2026-10-16,17,Put,310.00,-6.78%,7.65,8,8,1077,360,2.99,61.36%,61.93%,-0.268531,"13:51 ET"
U,38.95,2026-10-02,3,Put,39.00,-1.14%,0.74,0.95,0.94,604,203,2.98,64.61%,68.05%,-0.445653,"13:44 ET"
NVDA,228.19,2026-10-05,6,Put,227.50,-0.60%,2.94,2.9,2.95,2210,741,2.98,34.67%,28.95%,-0.451029,"13:49 ET"
NFLX,70.49,2026-10-02,3,Call,71.00,-0.60%,0.71,0.72,0.74,19398,6516,2.98,37.78%,36.67%,0.428575,"13:49 ET"
MU,1068.7,2026-10-05,6,Put,900.00,-15.92%,1.85,1.89,1.98,536,182,2.95,61.60%,80.03%,-0.041396,"13:37 ET"
INTC,116.06,2026-10-05,6,Call,120.00,-2.87%,2.1,2.15,2.21,2644,895,2.95,67.16%,60.45%,0.364292,"13:49 ET"
CBRS,204.79,2026-10-02,3,Call,215.00,-2.97%,3.9,5.1,4.5,3219,1091,2.95,79.42%,101.38%,0.346889,"13:46 ET"
AMD,609.07,2026-10-02,3,Call,617.50,-0.86%,9.05,9.64,9.3,1112,379,2.93,53.61%,57.16%,0.413589,"13:47 ET"
PSKY,9.91,2026-10-09,10,Call,9.50,+4.43%,0.59,0.65,0.65,5665,1932,2.93,59.19%,59.49%,0.683502,"13:07 ET"
AVGO,354.63,2026-10-05,6,Call,360.00,-1.24%,4,4.44,4.1,698,239,2.92,37.04%,34.23%,0.381907,"12:59 ET"
SPCX,148.16,2026-10-09,10,Call,147.00,+1.37%,5.2,5.3,5.3,1885,645,2.92,48.71%,46.44%,0.563843,"13:42 ET"
TSLA,352.77,2026-10-02,3,Put,342.50,-2.92%,2.17,2.14,2.21,3914,1340,2.92,41.50%,47.45%,-0.239957,"13:49 ET"
GOOGL,338.9,2026-09-30,1,Put,335.00,-1.29%,1.01,1.05,1.07,7151,2448,2.92,33.32%,35.19%,-0.269982,"13:50 ET"
CMG,32.1,2026-10-09,10,Call,32.50,-1.15%,0.77,0.89,0.88,553,190,2.91,44.92%,48.19%,0.449285,"13:28 ET"
RDDT,144.18,2026-10-02,3,Put,141.00,-2.56%,1.77,2,1.94,573,197,2.91,64.05%,63.69%,-0.328542,"13:39 ET"
SNDX,18.22,2026-10-16,17,Call,21.00,-16.41%,0.1,0.4,0.5,710,244,2.91,80.96%,73.18%,0.201382,"11:10 ET"
UBER,68.95,2026-10-16,17,Call,71.00,-3.05%,1.22,1.28,1.31,2103,722,2.91,37.72%,34.48%,0.372056,"13:46 ET"
MX,3.83,2026-10-16,17,Call,5.00,-27.88%,0.1,0.11,0.15,1998,689,2.9,118.71%,135.41%,0.221062,"13:50 ET"
CRWD,260.13,2026-10-02,3,Put,237.50,-8.70%,0.43,0.46,0.49,1356,470,2.89,55.47%,67.19%,-0.064967,"13:49 ET"
ORCL,137.8,2026-10-02,3,Call,139.00,-0.98%,2.61,2.58,2.7,4504,1557,2.89,52.34%,63.91%,0.454282,"13:48 ET"
INTC,116.06,2026-09-30,1,Call,114.00,+2.27%,3.1,3.17,3.25,841,292,2.88,67.16%,70.91%,0.719894,"13:43 ET"
CRML,7.43,2026-10-23,24,Call,9.00,-21.29%,0.25,0.32,0.4,1003,348,2.88,102.16%,105.86%,0.292124,"13:11 ET"
XYZ,73.24,2026-10-02,3,Put,71.00,-3.16%,0.36,0.41,0.52,600,209,2.87,45.61%,49.94%,-0.224456,"11:49 ET"
ARM,297.11,2026-10-02,3,Call,307.50,-2.92%,5.4,5.68,6.15,902,315,2.86,74.78%,91.41%,0.360105,"13:40 ET"
META,730.4,2026-10-02,3,Put,682.50,-5.79%,1.03,1.03,1.07,695,244,2.85,42.03%,48.70%,-0.072239,"13:46 ET"
NBIS,239.69,2026-10-02,3,Put,242.50,+0.78%,9.2,9.35,9.8,709,249,2.85,85.16%,90.53%,-0.545061,"13:36 ET"
RDDT,144.18,2026-11-20,52,Call,230.00,-58.94%,0.88,0.93,1.03,833,292,2.85,64.05%,72.62%,0.061679,"12:35 ET"
MU,1068.7,2026-10-02,3,Put,"1,080.00",+0.89%,46.4,46.46,46.85,2314,813,2.85,61.60%,105.79%,-0.522128,"13:46 ET"
MU,1068.7,2026-10-02,3,Call,"1,075.00",-0.42%,38.4,38.55,38.7,3177,1124,2.83,61.60%,106.54%,0.49772,"13:50 ET"
SPCX,148.16,2026-10-09,10,Put,147.00,-1.37%,3.8,3.85,3.85,1655,587,2.82,48.71%,45.95%,-0.436867,"13:48 ET"
CIFR,16.65,2026-10-02,3,Put,18.50,+10.38%,1.96,1.9,2.01,2707,961,2.82,96.64%,113.39%,-0.833949,"13:46 ET"
ORCL,137.8,2026-10-02,3,Put,138.00,+0.25%,3,3,3.2,4677,1659,2.82,52.34%,60.60%,-0.497285,"13:51 ET"
NVDA,228.19,2026-10-05,6,Call,235.00,-2.67%,1.08,1.1,1.1,9960,3532,2.82,34.67%,28.89%,0.226726,"13:50 ET"
RKLB,70.25,2026-10-23,24,Put,75.00,+6.99%,7.45,7.35,7.65,810,288,2.81,73.01%,67.43%,-0.607525,"11:43 ET"
ORCL,137.8,2026-10-02,3,Put,137.00,-0.47%,2.56,2.63,2.64,2943,1048,2.81,52.34%,60.45%,-0.444537,"13:50 ET"
INTC,116.06,2026-09-30,1,Put,116.00,-0.56%,1.47,1.45,1.48,8127,2889,2.81,67.16%,68.91%,-0.453949,"13:50 ET"
HHH,73.57,2027-01-15,108,Put,60.00,-18.53%,0.75,1.1,1.15,2907,1038,2.8,35.56%,36.64%,-0.120884,"11:15 ET"
NVDA,228.19,2026-09-30,1,Put,222.50,-2.79%,0.21,0.22,0.22,18829,6719,2.8,34.67%,38.40%,-0.098445,"13:51 ET"
BE,292.55,2026-10-02,3,Put,280.00,-4.90%,4.5,4.6,4.6,3731,1337,2.79,84.91%,93.95%,-0.281105,"13:50 ET"
BABA,107.7,2026-10-09,10,Call,111.00,-3.16%,1.48,1.51,1.52,663,239,2.77,40.31%,39.30%,0.335007,"13:49 ET"
BAC,54.97,2026-10-02,3,Call,54.00,+1.73%,1.26,1.31,1.32,893,322,2.77,28.89%,33.76%,0.732953,"13:50 ET"
MSFT,505.98,2026-09-30,1,Put,485.00,-4.29%,0.08,0.1,0.13,1337,482,2.77,29.93%,42.24%,-0.02466,"13:48 ET"
ORCL,137.8,2026-10-02,3,Call,146.00,-6.07%,0.86,0.87,0.89,1823,659,2.77,52.34%,69.42%,0.188971,"13:50 ET"
SCHW,98.37,2026-10-02,3,Put,96.00,-1.99%,0.44,0.47,0.55,4408,1590,2.77,32.06%,39.01%,-0.237993,"13:50 ET"
AMD,609.07,2026-10-09,10,Call,635.00,-3.72%,10.6,10.78,10.85,761,276,2.76,53.61%,50.70%,0.332489,"13:49 ET"
NBIS,239.69,2027-03-19,171,Put,100.00,-58.44%,3.15,3.5,3.55,984,357,2.76,85.16%,92.29%,-0.04218,"13:33 ET"
BE,292.55,2026-10-02,3,Call,320.00,-8.69%,2.45,2.5,2.5,5976,2165,2.76,84.91%,100.28%,0.178803,"13:50 ET"
UAA,4.24,2026-11-20,52,Put,4.00,-5.44%,0.2,0.21,0.25,504,183,2.75,55.91%,55.23%,-0.340279,"12:30 ET"
MSFT,505.98,2026-09-30,1,Put,492.50,-2.81%,0.33,0.42,0.41,1968,716,2.75,29.93%,38.17%,-0.080006,"13:49 ET"
MU,1068.7,2026-10-02,3,Put,"1,070.00",-0.04%,40.85,40.93,41.1,3052,1108,2.75,61.60%,105.17%,-0.483546,"13:51 ET"
CSCO,106.5,2026-10-16,17,Call,109.00,-2.31%,1.58,1.58,1.7,1364,497,2.74,36.56%,28.55%,0.373691,"13:38 ET"
TSLA,352.77,2026-10-09,10,Call,350.00,+0.80%,10.85,10.93,11,1831,669,2.74,41.50%,40.30%,0.564351,"13:50 ET"
NVDA,228.19,2026-10-05,6,Put,225.00,-1.70%,2,2,2.01,2565,935,2.74,34.67%,29.68%,-0.340106,"13:51 ET"
DOW,27.52,2027-03-19,171,Put,25.00,-9.19%,1.73,1.77,1.9,4009,1465,2.74,40.87%,40.64%,-0.312405,"11:58 ET"
SHOP,146.93,2026-10-02,3,Call,162.50,-10.49%,0.22,0.32,0.36,593,217,2.73,61.52%,71.52%,0.070292,"13:49 ET"
CRCL,83.72,2026-10-09,10,Put,82.00,-2.57%,2.74,2.8,2.88,662,244,2.71,72.57%,67.76%,-0.395069,"13:38 ET"
SNDK,1709.62,2026-10-02,3,Call,"1,720.00",-0.51%,48.4,50.5,49.6,855,316,2.71,71.51%,86.15%,0.488516,"13:46 ET"
NVDA,228.19,2026-11-06,38,Call,230.00,-0.49%,9,9.05,9.1,1590,586,2.71,34.67%,32.23%,0.5059,"13:50 ET"
AVGO,354.63,2026-10-09,10,Call,372.50,-4.76%,2.74,2.81,2.8,1781,658,2.71,37.04%,37.08%,0.226451,"13:50 ET"
BAC,54.97,2026-10-09,10,Put,54.00,-1.73%,0.5,0.52,0.54,3158,1167,2.71,28.89%,26.30%,-0.324734,"13:43 ET"
AAPL,331.72,2026-10-02,3,Call,337.50,-1.67%,1.15,1.14,1.24,4676,1725,2.71,24.58%,27.18%,0.248485,"13:50 ET"
WMT,106.24,2026-10-02,3,Call,108.00,-1.69%,0.38,0.38,0.41,7247,2679,2.71,27.17%,26.18%,0.261585,"13:49 ET"
HPQ,30.7,2026-11-20,52,Call,31.00,-0.85%,2.2,2.25,2.29,1013,375,2.7,48.22%,51.11%,0.520247,"13:46 ET"
AVGO,354.63,2026-09-30,1,Call,357.50,-0.54%,1.87,1.89,1.91,4025,1492,2.7,37.04%,41.09%,0.365791,"13:51 ET"
TSLA,352.77,2026-10-09,10,Put,367.50,+4.16%,18.1,18.89,18.75,621,231,2.69,41.50%,39.65%,-0.721857,"12:54 ET"
DELL,539.13,2026-10-02,3,Call,585.00,-8.30%,1.72,1.79,1.77,703,261,2.69,60.88%,70.00%,0.108594,"13:49 ET"
TSLA,352.77,2026-10-09,10,Put,355.00,+0.62%,10.1,10.25,10.25,2607,970,2.69,41.50%,39.07%,-0.523268,"13:41 ET"
INTC,116.06,2026-09-30,1,Put,115.00,-1.41%,1.02,1.01,1.06,6671,2483,2.69,67.16%,68.30%,-0.359918,"13:50 ET"
EQNR,41.49,2026-10-16,17,Put,39.00,-6.25%,0.4,0.69,0.5,5000,1882,2.66,39.37%,38.62%,-0.218345,"09:40 ET"
ORCL,137.8,2026-10-02,3,Call,135.00,+1.93%,4.65,4.68,4.8,6677,2512,2.66,52.34%,62.77%,0.653633,"13:48 ET"
SPCX,148.16,2026-10-02,3,Call,147.00,+1.37%,3.45,3.55,3.5,9577,3615,2.65,48.71%,52.28%,0.581718,"13:50 ET"
W,99.68,2027-01-15,108,Call,115.00,-15.59%,8,8.05,8.35,2500,946,2.64,65.67%,60.91%,0.410574,"13:29 ET"
SPCX,148.16,2026-10-09,10,Call,148.00,+0.70%,4.7,4.65,4.75,3385,1280,2.64,48.71%,46.34%,0.528896,"13:49 ET"
NOW,128.68,2026-10-30,31,Put,123.00,-4.61%,5.8,5.5,6.15,511,194,2.63,54.83%,59.53%,-0.357499,"13:10 ET"
NVDA,228.19,2026-10-02,3,Put,247.50,+8.14%,18.75,18.91,19.7,1008,383,2.63,34.67%,38.48%,-0.993601,"13:44 ET"
BE,292.55,2026-10-02,3,Call,312.50,-6.14%,3.65,4,3.85,587,224,2.62,84.91%,98.54%,0.250679,"13:34 ET"
META,730.4,2026-09-30,1,Put,700.00,-3.38%,0.73,0.74,0.76,8822,3365,2.62,42.03%,52.42%,-0.081226,"13:50 ET"
CCL,24.99,2026-10-09,10,Put,24.00,-3.65%,0.4,0.39,0.44,543,208,2.61,43.56%,49.37%,-0.308132,"13:47 ET"
BA,188.32,2026-10-30,31,Call,210.00,-11.62%,1.81,1.91,2.18,745,285,2.61,34.92%,38.72%,0.181543,"13:32 ET"
BE,292.55,2026-10-16,17,Call,325.00,-10.39%,9.35,9.53,9.55,794,304,2.61,84.91%,81.50%,0.311807,"13:50 ET"
INTC,116.06,2026-10-09,10,Call,118.00,-1.16%,4.25,4.3,4.35,1215,466,2.61,67.16%,64.79%,0.474091,"13:41 ET"
VKTX,32.03,2027-12-17,444,Call,50.00,-56.25%,8.6,9,9.2,2037,781,2.61,61.28%,92.97%,0.552355,"11:46 ET"
AXTI,77.99,2026-12-18,80,Call,70.00,+11.12%,20,20.74,22.4,1026,394,2.6,116.41%,120.29%,0.69017,"13:07 ET"
ORCL,137.8,2026-10-09,10,Call,150.00,-8.97%,1.3,1.35,1.35,4496,1730,2.6,52.34%,56.06%,0.195069,"13:50 ET"
MSTR,152.69,2026-10-16,17,Call,165.00,-7.33%,4.4,4.45,4.55,6074,2335,2.6,67.41%,68.18%,0.32811,"13:47 ET"
ORCL,137.8,2026-10-09,10,Call,142.00,-3.16%,3.05,3.12,3.25,577,223,2.59,52.34%,53.37%,0.38708,"13:29 ET"
META,730.4,2026-09-30,1,Call,700.00,+3.38%,27.7,27.9,28.5,796,307,2.59,42.03%,56.90%,0.901376,"13:46 ET"
MSTR,152.69,2026-12-18,80,Call,450.00,-192.72%,0.29,0.45,0.48,2013,776,2.59,67.41%,98.02%,0.01753,"11:34 ET"
BMEA,1.26,2026-10-16,17,Call,1.5000,-20.00%,0.05,0.1,0.15,1001,388,2.58,196.33%,164.80%,0.38352,"09:59 ET"
AMZN,246.84,2026-10-05,6,Call,247.50,-0.24%,3.05,3.24,3.25,1248,484,2.58,34.59%,27.51%,0.476285,"13:46 ET"
INTC,116.06,2026-10-16,17,Call,131.00,-12.30%,2.14,2.16,2.2,5734,2219,2.58,67.16%,67.68%,0.234154,"13:49 ET"
OBE,10.35,2027-04-16,199,Call,20.00,-92.31%,0.4,0.42,0.45,716,279,2.57,72.53%,72.41%,0.178099,"13:28 ET"
ARM,297.11,2026-10-02,3,Call,295.00,+1.27%,10.55,11,11.1,726,283,2.57,74.78%,89.01%,0.557382,"13:39 ET"
TSLA,352.77,2026-09-30,1,Put,332.50,-5.76%,0.09,0.1,0.1,1178,459,2.57,41.50%,57.20%,-0.023717,"13:33 ET"
MSTR,152.69,2026-10-02,3,Call,152.50,+0.80%,4.35,4.45,4.45,1206,472,2.56,67.41%,78.42%,0.519647,"13:50 ET"
SPCX,148.16,2026-10-02,3,Call,150.00,-0.64%,2.04,2.05,2.06,40431,15824,2.56,48.71%,52.45%,0.413263,"13:51 ET"
NOW,128.68,2026-10-02,3,Call,133.00,-3.15%,1.24,1.23,1.32,765,300,2.55,54.83%,61.71%,0.291281,"13:46 ET"
ET,19.92,2027-01-15,108,Call,21.00,-5.32%,0.38,0.39,0.4,12733,4997,2.55,20.92%,19.63%,0.304407,"13:50 ET"
MU,1068.7,2026-10-05,6,Call,"1,075.00",-0.42%,41.35,41.55,42.05,896,353,2.54,61.60%,80.81%,0.501792,"13:49 ET"
NVDA,228.19,2026-10-05,6,Put,217.50,-4.97%,0.6,0.61,0.61,1816,716,2.54,34.67%,33.45%,-0.122697,"13:51 ET"
META,730.4,2026-10-02,3,Call,765.00,-5.60%,2.39,2.45,2.46,5768,2286,2.52,42.03%,51.25%,0.143037,"13:50 ET"
NVTS,11.76,2026-10-02,3,Call,12.50,-5.84%,0.16,0.18,0.19,10207,4044,2.52,86.33%,98.93%,0.279343,"13:46 ET"
JNJ,266.91,2026-10-02,3,Put,262.50,-1.59%,0.79,1.03,1.09,617,246,2.51,27.56%,28.27%,-0.232311,"13:22 ET"
RIVN,15.02,2026-10-09,10,Call,15.50,-2.92%,0.41,0.42,0.43,4483,1783,2.51,61.44%,61.00%,0.407453,"13:49 ET"
MU,1068.7,2026-10-02,3,Call,"1,095.00",-2.29%,30.3,30.45,30.55,1700,680,2.5,61.60%,107.35%,0.422934,"13:50 ET"
INTC,116.06,2026-09-30,1,Call,115.00,+1.41%,2.44,2.48,2.52,5753,2304,2.5,67.16%,69.60%,0.637961,"13:43 ET"
TSLA,352.77,2026-10-02,3,Call,407.50,-15.50%,0.11,0.11,0.12,1987,797,2.49,41.50%,71.78%,0.014475,"12:45 ET"
IREN,41.28,2026-10-02,3,Call,42.00,-1.67%,0.95,1,0.99,2935,1178,2.49,80.20%,86.17%,0.42805,"13:47 ET"
BMNR,26.44,2026-10-02,3,Call,26.00,+2.44%,1.08,1.16,1.18,1981,799,2.48,77.21%,91.76%,0.602826,"13:16 ET"
META,730.4,2026-09-30,1,Call,770.00,-6.29%,0.32,0.35,0.35,4638,1873,2.48,42.03%,60.69%,0.036774,"13:51 ET"
AMT,166.22,2026-11-20,52,Put,150.00,-9.90%,1.6,1.4,1.85,519,210,2.47,28.19%,29.88%,-0.16436,"12:12 ET"
CLX,81.32,2028-01-21,479,Call,80.00,+1.84%,12.2,12.7,13,622,252,2.47,36.27%,35.82%,0.559859,"13:15 ET"
NVDA,228.19,2026-10-07,8,Call,240.00,-4.86%,0.66,0.68,0.7,1005,407,2.47,34.67%,29.75%,0.136155,"13:50 ET"
INTC,116.06,2026-09-30,1,Put,114.00,-2.27%,0.7,0.69,0.73,4934,1997,2.47,67.16%,68.48%,-0.273721,"13:47 ET"
CMCSA,21.52,2026-10-09,10,Call,22.00,-2.09%,0.2,0.23,0.24,639,260,2.46,35.22%,28.53%,0.335222,"13:23 ET"
META,730.4,2026-09-30,1,Put,682.50,-5.79%,0.11,0.1,0.14,714,290,2.46,42.03%,56.77%,-0.01602,"13:49 ET"
STM,53.35,2026-10-16,17,Call,54.00,-1.14%,2.1,2.05,2.15,1348,549,2.46,57.59%,51.28%,0.48825,"12:38 ET"
BE,292.55,2026-10-02,3,Call,330.00,-12.08%,1.36,1.46,1.41,2105,857,2.46,84.91%,102.51%,0.109527,"13:42 ET"
MSTR,152.69,2026-10-02,3,Call,155.00,-0.83%,3.3,3.3,3.35,3031,1234,2.46,67.41%,79.15%,0.429682,"13:51 ET"
PSKY,9.91,2028-01-21,479,Call,15.00,-50.91%,1.1,1.19,1.29,15043,6133,2.45,59.19%,54.98%,0.375376,"13:46 ET"
AAPL,331.72,2026-10-05,6,Call,340.00,-2.42%,0.95,0.97,1.06,1191,489,2.44,24.58%,21.78%,0.197587,"13:50 ET"
UNH,374.22,2026-10-09,10,Put,350.00,-6.32%,1.8,1.87,1.99,1234,505,2.44,41.98%,39.78%,-0.145234,"13:39 ET"
FOXA,62.31,2027-01-15,108,Call,50.00,+19.74%,12.7,13.79,15.1,1460,598,2.44,36.41%,43.77%,0.855742,"13:01 ET"
SOFI,15.88,2026-10-02,3,Call,16.00,-0.63%,0.24,0.25,0.25,18656,7644,2.44,49.15%,50.68%,0.45486,"13:50 ET"
CCL,24.99,2026-10-09,10,Call,27.00,-8.39%,0.16,0.22,0.21,810,334,2.43,43.56%,49.57%,0.174542,"13:15 ET"
PSKY,9.91,2026-10-16,17,Call,9.50,+4.43%,0.71,0.78,0.78,4662,1919,2.43,59.19%,61.46%,0.650296,"13:18 ET"
NVDA,228.19,2026-10-02,3,Call,217.50,+4.97%,11.35,11.65,11.4,4759,1958,2.43,34.67%,45.40%,0.885435,"13:45 ET"
BE,292.55,2026-10-02,3,Call,300.00,-1.90%,7.15,7.25,7.3,9695,3991,2.43,84.91%,96.13%,0.411795,"13:51 ET"
ORCL,137.8,2026-10-02,3,Put,140.00,+1.71%,4.2,4.42,4.4,10706,4406,2.43,52.34%,61.81%,-0.598419,"13:50 ET"
PLTR,185.28,2026-10-23,24,Call,225.00,-21.03%,0.6,0.63,0.66,812,335,2.42,53.08%,47.46%,0.066621,"13:41 ET"
CSCO,106.5,2026-10-02,3,Call,109.00,-2.31%,0.32,0.37,0.39,1985,819,2.42,36.56%,30.77%,0.212987,"13:45 ET"
HONA,154.67,2026-11-20,52,Call,165.00,-6.54%,5.5,6.5,6.8,724,301,2.41,43.38%,42.15%,0.387856,"13:22 ET"
META,730.4,2026-10-02,3,Call,717.50,+0.96%,18,18.6,18.3,935,388,2.41,42.03%,48.64%,0.628314,"13:50 ET"
ARM,297.11,2026-10-02,3,Call,300.00,-0.41%,8.05,8.43,8.85,3281,1359,2.41,74.78%,89.41%,0.474755,"13:50 ET"
AMD,609.07,2026-09-30,1,Put,580.00,-5.27%,0.34,0.35,0.37,5329,2218,2.4,53.61%,57.15%,-0.046576,"13:49 ET"
MDB,332.21,2026-10-02,3,Put,305.00,-8.28%,1.23,1.66,1.99,565,236,2.39,61.36%,86.37%,-0.120996,"13:39 ET"
AAPL,331.72,2026-10-02,3,Put,332.50,+0.16%,3.4,3.67,3.65,6532,2735,2.39,24.58%,26.27%,-0.531815,"13:50 ET"
CCL,24.99,2026-10-02,3,Put,23.50,-5.66%,0.08,0.1,0.11,646,271,2.38,43.56%,59.97%,-0.135408,"13:49 ET"
MRVL,261.23,2026-10-02,3,Call,277.50,-5.79%,1.94,2.02,2.02,684,287,2.38,65.86%,74.29%,0.205864,"13:48 ET"
AMD,609.07,2026-10-05,6,Put,600.00,-2.00%,9.65,9.55,9.95,715,300,2.38,53.61%,45.92%,-0.379583,"13:47 ET"
RKLB,70.25,2026-10-23,24,Call,76.00,-8.42%,2.78,2.82,2.95,977,410,2.38,73.01%,68.75%,0.369201,"13:03 ET"
MRVL,261.23,2026-10-02,3,Call,310.00,-18.18%,0.09,0.11,0.11,1097,461,2.38,65.86%,83.64%,0.014582,"13:35 ET"
GOOG,335.64,2026-10-02,3,Call,337.50,-0.45%,3.35,3.37,3.45,1472,618,2.38,33.08%,35.34%,0.434892,"13:50 ET"
AMD,609.07,2026-09-30,1,Call,642.50,-4.94%,0.32,0.35,0.38,1934,811,2.38,53.61%,58.93%,0.045676,"13:50 ET"
SPCX,148.16,2026-10-02,3,Put,148.00,-0.70%,2.63,2.64,2.65,12863,5397,2.38,48.71%,51.79%,-0.475245,"13:51 ET"
NVDA,228.19,2026-10-05,6,Put,232.50,+1.58%,5.7,5.46,5.8,743,313,2.37,34.67%,27.97%,-0.685661,"13:47 ET"
SPCX,148.16,2026-10-02,3,Call,146.00,+2.04%,4.05,4.09,4.1,6523,2750,2.37,48.71%,52.45%,0.636573,"13:50 ET"
NVDA,228.19,2026-10-07,8,Call,230.00,-0.49%,3.4,3.45,3.5,917,388,2.36,34.67%,30.89%,0.45031,"13:49 ET"
NVTS,11.76,2026-10-16,17,Call,12.50,-5.84%,0.55,0.57,0.61,1442,611,2.36,86.33%,83.68%,0.415209,"13:43 ET"
ORCL,137.8,2026-10-09,10,Call,140.00,-1.71%,3.8,3.82,3.95,2177,921,2.36,52.34%,52.89%,0.448961,"13:49 ET"
TSLA,352.77,2026-10-07,8,Call,365.00,-3.46%,3.7,3.8,3.85,871,372,2.34,41.50%,40.00%,0.295352,"13:50 ET"
SPCX,148.16,2026-10-09,10,Put,146.00,-2.04%,3.35,3.14,3.4,1098,470,2.34,48.71%,45.94%,-0.40171,"13:39 ET"
INTC,116.06,2026-09-30,1,Put,113.00,-3.13%,0.46,0.48,0.48,4660,1994,2.34,67.16%,68.54%,-0.19858,"13:50 ET"
ARRY,3.92,2026-11-20,52,Call,5.00,-27.55%,0.15,0.2,0.2,1600,688,2.33,78.17%,82.23%,0.272061,"11:59 ET"
INTC,116.06,2026-10-02,3,Put,111.00,-4.84%,0.93,0.93,0.96,2362,1012,2.33,67.16%,70.11%,-0.216757,"13:48 ET"
WULF,15.16,2027-01-15,108,Put,14.00,-7.89%,1.9,1.93,1.96,4401,1894,2.32,82.12%,69.17%,-0.374643,"13:11 ET"
CRWV,86.21,2026-10-23,24,Put,85.00,-0.84%,5.5,5.65,5.75,1379,596,2.31,77.80%,71.39%,-0.432442,"13:44 ET"
CVNA,62.58,2026-11-20,52,Call,85.00,-35.61%,1.12,1.39,1.32,2417,1048,2.31,69.25%,69.72%,0.15788,"12:37 ET"
USAR,14.12,2026-10-02,3,Call,14.50,-3.35%,0.2,0.23,0.23,736,320,2.3,74.75%,73.96%,0.350397,"13:48 ET"
MSFT,505.98,2026-10-02,3,Call,512.50,-1.14%,3.4,3.5,3.7,2811,1222,2.3,29.93%,33.01%,0.352751,"13:47 ET"
AAPL,331.72,2026-09-30,1,Put,335.00,+0.91%,3.9,4.02,4.2,7949,3454,2.3,24.58%,28.77%,-0.740935,"13:51 ET"
CSCO,106.5,2026-10-02,3,Call,105.00,+1.45%,2.07,2.04,2.31,657,287,2.29,36.56%,32.83%,0.695648,"12:41 ET"
META,730.4,2026-10-02,3,Call,747.50,-3.18%,5.45,5.6,5.6,821,358,2.29,42.03%,49.78%,0.278648,"13:51 ET"
INTC,116.06,2026-09-30,1,Call,116.00,+0.56%,1.88,1.9,1.93,7307,3189,2.29,67.16%,69.73%,0.545844,"13:51 ET"
MU,1068.7,2026-10-05,6,Call,"1,065.00",+0.51%,45.75,46.31,46.85,538,236,2.28,61.60%,80.48%,0.537712,"13:42 ET"
AMD,609.07,2026-10-05,6,Put,560.00,-8.53%,1.36,1.43,1.46,562,247,2.28,53.61%,48.47%,-0.080061,"13:51 ET"
STM,53.35,2026-10-16,17,Call,53.00,+0.73%,2.55,2.49,2.65,651,286,2.28,57.59%,51.23%,0.555458,"13:08 ET"
SPCX,148.16,2026-10-02,3,Call,152.50,-2.32%,1.24,1.26,1.26,24265,10655,2.28,48.71%,53.02%,0.287645,"13:51 ET"
BE,292.55,2026-10-02,3,Call,290.00,+1.50%,11.6,11.75,11.8,4843,2130,2.27,84.91%,95.53%,0.56617,"13:50 ET"
MDB,332.21,2026-10-02,3,Call,342.50,-2.99%,5.7,6.37,7.7,558,247,2.26,61.36%,87.58%,0.38006,"13:46 ET"
TEM,82.47,2026-10-09,10,Call,88.00,-6.49%,2.19,2.28,2.4,578,256,2.26,78.88%,79.14%,0.34129,"13:50 ET"
AMD,609.07,2026-09-30,1,Put,585.00,-4.45%,0.57,0.59,0.61,2388,1055,2.26,53.61%,55.03%,-0.074283,"13:50 ET"
NVDA,228.19,2026-10-02,3,Put,232.50,+1.58%,5.35,5.35,5.4,3548,1572,2.26,34.67%,33.80%,-0.71805,"13:50 ET"
MSTR,152.69,2026-10-30,31,Call,200.00,-30.10%,2.05,2.18,2.15,1403,624,2.25,67.41%,75.67%,0.135428,"13:14 ET"
NVDA,228.19,2026-10-07,8,Call,232.50,-1.58%,2.41,2.5,2.45,1666,741,2.25,34.67%,30.46%,0.35678,"13:47 ET"
HOOD,115.08,2026-10-02,3,Call,118.00,-2.32%,2,2.02,2.05,2264,1008,2.25,62.29%,76.19%,0.379739,"13:51 ET"
NVDA,228.19,2026-10-05,6,Call,237.50,-3.77%,0.64,0.65,0.65,2614,1161,2.25,34.67%,28.85%,0.149908,"13:45 ET"
AAPL,331.72,2026-10-02,3,Call,330.00,+0.59%,4.2,4.3,4.5,5775,2568,2.25,24.58%,28.22%,0.589044,"13:51 ET"
TSLA,352.77,2026-09-30,1,Put,357.50,+1.33%,6.05,6.1,6.15,8692,3862,2.25,41.50%,41.91%,-0.729113,"13:50 ET"
MSTR,152.69,2026-10-09,10,Call,157.50,-2.45%,4.75,4.8,4.9,551,246,2.24,67.41%,67.82%,0.41451,"13:47 ET"
SNDK,1709.62,2026-10-02,3,Call,"1,725.00",-0.80%,46.5,47.55,47.4,587,262,2.24,71.51%,86.48%,0.47392,"13:49 ET"
INTC,116.06,2026-10-16,17,Call,118.00,-1.16%,5.7,5.8,5.85,652,291,2.24,67.16%,64.09%,0.492761,"13:43 ET"
VFC,14.22,2026-10-09,10,Call,14.50,-2.18%,0.28,0.31,0.36,751,335,2.24,49.83%,47.08%,0.416179,"13:29 ET"
AXTI,77.99,2026-11-20,52,Call,60.00,+23.82%,23.4,25.5,25.1,1207,540,2.24,116.41%,125.39%,0.791452,"12:00 ET"
NVO,38.16,2026-10-02,3,Put,37.50,-1.76%,0.16,0.16,0.19,2152,962,2.24,34.69%,31.71%,-0.259947,"13:47 ET"
DKNG,20.1,2026-10-02,3,Put,19.00,-5.80%,0.1,0.1,0.11,619,277,2.23,61.15%,66.62%,-0.159679,"13:42 ET"
V,366.7,2026-10-02,3,Call,375.00,-2.20%,0.52,0.66,0.81,2416,1083,2.23,22.85%,23.60%,0.161963,"13:43 ET"
IREN,41.28,2026-10-02,3,Put,45.00,+8.93%,3.8,3.89,4,4723,2121,2.23,80.20%,80.25%,-0.87562,"13:46 ET"
CRCL,83.72,2026-10-23,24,Put,91.00,+8.13%,10.05,9.8,10.5,659,297,2.22,72.57%,69.58%,-0.6403,"11:23 ET"
NOK,10.31,2027-04-16,199,Call,15.00,-45.49%,0.67,0.68,0.72,710,320,2.22,59.64%,62.20%,0.290429,"11:52 ET"
AAPL,331.72,2026-10-05,6,Call,350.00,-5.43%,0.1,0.13,0.16,1470,663,2.22,24.58%,22.61%,0.03455,"13:33 ET"
DKNG,20.1,2027-03-19,171,Call,17.50,+13.24%,4.75,4.95,5.1,758,343,2.21,61.15%,63.90%,0.720489,"13:28 ET"
AVGO,354.63,2026-10-02,3,Call,382.50,-7.57%,0.26,0.27,0.3,1213,549,2.21,37.04%,48.12%,0.044744,"13:45 ET"
DELL,539.13,2026-10-16,17,Call,575.00,-6.44%,14.5,14.74,14.75,502,229,2.19,60.88%,59.69%,0.338967,"13:49 ET"
AMD,609.07,2026-10-09,10,Call,615.00,-0.45%,17.9,18.18,18.2,1388,635,2.19,53.61%,50.41%,0.479102,"13:49 ET"
BXP,61.67,2026-10-16,17,Call,50.00,+19.17%,11.3,12.2,13.1,550,252,2.18,30.07%,77.70%,0.909774,"13:50 ET"
META,730.4,2026-09-30,1,Put,735.00,+1.45%,12.4,12.66,12.7,617,283,2.18,42.03%,52.20%,-0.649465,"13:47 ET"
RIVN,15.02,2026-10-02,3,Call,15.00,+0.40%,0.37,0.39,0.41,16200,7438,2.18,61.44%,67.12%,0.533835,"13:38 ET"
AAPL,331.72,2026-10-02,3,Call,322.50,+2.85%,9.45,9.7,10.35,596,275,2.17,24.58%,28.90%,0.863878,"13:49 ET"
AAPL,331.72,2026-10-09,10,Call,337.50,-1.67%,2.68,2.9,3.05,1503,693,2.17,24.58%,23.30%,0.342717,"13:42 ET"
ORCL,137.8,2026-10-02,3,Call,136.00,+1.20%,4.05,4.05,4.2,3581,1650,2.17,52.34%,62.92%,0.604474,"13:45 ET"
HAL,31.78,2027-09-17,353,Put,32.00,+0.57%,4,4.05,4.05,571,264,2.16,37.56%,34.40%,-0.421369,"13:51 ET"
BIDU,86.26,2026-10-02,3,Call,87.50,-1.47%,0.67,0.65,0.74,650,301,2.16,40.10%,38.23%,0.354956,"12:59 ET"
ARM,297.11,2026-10-02,3,Put,285.00,-4.61%,3.7,3.8,4.2,703,325,2.16,74.78%,83.78%,-0.273574,"13:46 ET"
MRVL,261.23,2026-10-02,3,Put,262.50,+0.07%,6.75,6.9,7.1,527,245,2.15,65.86%,70.23%,-0.500073,"13:37 ET"
U,38.95,2026-10-02,3,Put,38.50,-2.41%,0.56,0.85,0.73,584,272,2.15,64.61%,69.50%,-0.366913,"13:41 ET"
KR,60.59,2026-11-20,52,Call,62.50,-3.60%,1.62,1.69,1.81,710,330,2.15,26.83%,27.15%,0.406963,"13:37 ET"
CCL,24.99,2026-10-02,3,Put,25.00,+0.36%,0.55,0.55,0.59,951,443,2.15,43.56%,58.21%,-0.5159,"13:46 ET"
APLD,25.14,2026-10-02,3,Call,26.00,-3.50%,0.41,0.42,0.45,2939,1370,2.15,89.64%,84.68%,0.346453,"13:47 ET"
MU,1068.7,2026-10-02,3,Call,"1,480.00",-38.26%,0.3,0.35,0.35,510,238,2.14,61.60%,143.21%,0.007402,"13:46 ET"
NOW,128.68,2026-10-30,31,Put,118.00,-8.48%,3.95,4.09,4.25,540,252,2.14,54.83%,59.61%,-0.272754,"13:42 ET"
VTRS,17.89,2026-11-20,52,Call,19.00,-6.03%,0.5,0.55,0.6,558,261,2.14,33.89%,35.67%,0.359817,"13:43 ET"
AAPL,331.72,2028-01-21,479,Call,150.00,+54.82%,190.35,192.11,193,614,287,2.14,24.58%,47.05%,0.963251,"13:42 ET"
AVGO,354.63,2026-09-30,1,Put,347.50,-2.27%,0.78,0.8,0.83,923,432,2.14,37.04%,43.89%,-0.180104,"13:49 ET"
AAPL,331.72,2026-10-02,3,Put,325.00,-2.10%,0.85,1.01,1,8274,3870,2.14,24.58%,27.39%,-0.199117,"13:51 ET"
IREN,41.28,2026-10-02,3,Call,42.50,-2.88%,0.78,0.81,0.79,1188,559,2.13,80.20%,86.12%,0.369536,"13:50 ET"
SPCX,148.16,2026-10-09,10,Call,150.00,-0.64%,3.75,3.83,3.85,6469,3030,2.13,48.71%,46.35%,0.459179,"13:50 ET"
ET,19.92,2026-10-02,3,Call,20.00,-0.30%,0.12,0.12,0.15,652,308,2.12,20.92%,24.38%,0.424433,"13:20 ET"
NU,12.38,2026-10-09,10,Call,12.50,-1.21%,0.4,0.4,0.42,680,321,2.12,51.88%,54.74%,0.489167,"13:51 ET"
BXBL,3.69,2027-03-19,171,Put,7.50,+104.92%,4.1,4.3,4.5,878,415,2.12,193.80%,133.56%,-0.633239,"12:27 ET"
FRVO,13.53,2026-10-16,17,Call,17.50,-29.15%,0.2,0.3,0.3,3158,1491,2.12,95.54%,108.46%,0.164887,"13:42 ET"
WMT,106.24,2026-10-02,3,Call,107.00,-0.74%,0.73,0.73,0.75,3658,1729,2.12,27.17%,26.82%,0.405092,"13:50 ET"
META,730.4,2026-10-02,3,Call,750.00,-3.53%,4.9,5,5,9876,4659,2.12,42.03%,50.04%,0.255516,"13:51 ET"
AAPL,331.72,2026-10-07,8,Call,342.50,-3.17%,0.75,1.04,1.07,524,248,2.11,24.58%,21.38%,0.165583,"13:41 ET"
INTC,116.06,2026-10-09,10,Call,123.00,-5.44%,2.56,2.7,2.64,539,256,2.11,67.16%,66.04%,0.329457,"13:27 ET"
ACHR,5.09,2026-10-16,17,Call,5.50,-8.06%,0.13,0.12,0.15,1154,547,2.11,68.03%,63.95%,0.326047,"13:19 ET"
ORCL,137.8,2026-10-09,10,Call,143.00,-3.89%,2.8,2.76,2.91,1113,529,2.1,52.34%,53.88%,0.358666,"13:39 ET"
BA,188.32,2026-10-02,3,Call,190.00,-0.99%,1.87,2,2.04,3514,1677,2.1,34.92%,39.20%,0.412432,"13:50 ET"
SPCX,148.16,2026-10-02,3,Put,147.00,-1.37%,2.17,2.18,2.19,9747,4648,2.1,48.71%,51.89%,-0.418252,"13:51 ET"
KMX,58.26,2026-10-16,17,Call,60.00,-2.70%,1.4,1.52,1.55,1475,705,2.09,42.00%,44.49%,0.394219,"13:31 ET"
AVGO,354.63,2026-10-02,3,Call,365.00,-2.65%,1.85,1.89,1.89,6047,2896,2.09,37.04%,42.44%,0.237699,"13:49 ET"
NFLX,70.49,2026-10-30,31,Call,71.00,-0.60%,3.5,3.47,3.55,646,311,2.08,37.78%,44.43%,0.515143,"13:41 ET"
ASX,45.22,2026-12-18,80,Put,37.50,-17.36%,1.5,1.65,1.7,1216,584,2.08,60.34%,58.41%,-0.201466,"13:36 ET"
TSLA,352.77,2026-10-05,6,Put,330.00,-6.47%,0.82,0.87,0.85,642,310,2.07,41.50%,40.64%,-0.09493,"13:38 ET"
CBRS,204.79,2026-10-02,3,Call,212.50,-1.78%,4.7,5.6,6.3,971,468,2.07,79.42%,107.73%,0.403164,"13:48 ET"
AMZN,246.84,2026-10-09,10,Call,245.00,+0.77%,5.8,5.98,6.05,1182,572,2.07,34.59%,30.20%,0.572302,"13:48 ET"
PLTR,185.28,2026-10-09,10,Put,165.00,-11.24%,0.57,0.58,0.59,2565,1240,2.07,53.08%,51.98%,-0.077802,"13:40 ET"
INTC,116.06,2026-09-30,1,Put,110.00,-5.70%,0.12,0.12,0.13,3054,1476,2.07,67.16%,72.11%,-0.064309,"13:48 ET"
ORCL,137.8,2026-10-02,3,Call,138.00,-0.25%,3,3.1,3.15,6235,3014,2.07,52.34%,63.19%,0.503683,"13:50 ET"
SPCX,148.16,2026-10-30,31,Put,147.00,-1.37%,6.9,6.95,7,1209,586,2.06,48.71%,45.28%,-0.4409,"13:50 ET"
NBIS,239.69,2026-10-02,3,Call,242.50,-0.78%,6.45,6.6,7.1,1217,592,2.06,85.16%,94.17%,0.458274,"13:44 ET"
NVTS,11.76,2026-10-02,3,Call,12.00,-1.61%,0.31,0.35,0.35,3110,1507,2.06,86.33%,96.78%,0.446534,"13:50 ET"
NVTS,11.76,2026-11-20,52,Call,12.00,-1.61%,1.51,1.55,1.59,805,392,2.05,86.33%,90.53%,0.555969,"13:48 ET"
META,730.4,2026-09-30,1,Put,690.00,-4.76%,0.2,0.25,0.28,2963,1448,2.05,42.03%,53.59%,-0.030061,"13:50 ET"
NBIS,239.69,2026-10-23,24,Call,350.00,-45.46%,1.24,1.4,1.55,519,255,2.04,85.16%,89.65%,0.063486,"11:54 ET"
USB,58.13,2026-10-16,17,Put,57.50,-1.08%,1.38,1.47,1.43,1604,786,2.04,28.29%,34.79%,-0.421267,"13:15 ET"
BE,292.55,2026-10-02,3,Call,282.50,+4.05%,15.9,16.1,16.3,643,316,2.03,84.91%,95.22%,0.680995,"13:44 ET"
SKHY,186.75,2026-10-09,10,Put,175.00,-6.50%,2.27,2.2,2.4,896,441,2.03,58.30%,56.67%,-0.22117,"12:07 ET"
TTE,88.25,2027-01-15,108,Call,57.50,+34.98%,29.2,32.3,32.9,530,263,2.02,25.78%,47.71%,0.960254,"11:07 ET"
USB,58.13,2026-12-18,80,Call,40.00,+31.19%,17.6,18,19.2,770,381,2.02,28.29%,50.27%,0.955131,"11:07 ET"
TTE,88.25,2027-01-15,108,Call,60.00,+32.15%,26.5,29.6,30.4,960,476,2.02,25.78%,40.52%,0.966427,"11:07 ET"
VKTX,32.03,2027-05-21,234,Call,40.00,-25.00%,4.6,4.6,4.95,2040,1010,2.02,61.28%,69.34%,0.470973,"13:35 ET"
SPCX,148.16,2026-10-16,17,Put,148.00,-0.70%,5.45,5.15,5.55,1029,512,2.01,48.71%,44.98%,-0.46847,"13:36 ET"
TTE,88.25,2027-01-15,108,Call,65.00,+26.50%,22.9,24.4,24.1,2400,1195,2.01,25.78%,33.85%,0.956754,"11:07 ET"
ORCL,137.8,2026-11-20,52,Call,140.00,-1.71%,10.1,10.15,10.3,7200,3576,2.01,52.34%,52.95%,0.514726,"13:50 ET"
AVGO,354.63,2026-10-16,17,Put,352.50,-0.87%,9.3,9.25,9.6,598,299,2,37.04%,35.36%,-0.445307,"13:36 ET"
MU,1068.7,2026-10-02,3,Call,"1,062.50",+0.74%,44.15,44.35,44.5,782,391,2,61.60%,105.85%,0.545984,"13:47 ET"
USB,58.13,2027-01-15,108,Call,40.00,+31.19%,17.8,18.3,19.3,1150,575,2,28.29%,48.08%,0.938595,"11:07 ET"
BA,188.32,2026-10-09,10,Call,195.00,-3.65%,1.78,1.85,1.91,1299,650,2,34.92%,34.64%,0.282866,"13:43 ET"
ORCL,137.8,2026-10-16,17,Call,138.00,-0.25%,5.9,5.9,6.05,534,269,1.99,52.34%,50.51%,0.520782,"13:19 ET"
CLS,362.56,2026-11-20,52,Call,500.00,-37.56%,6.7,7.5,8.4,796,401,1.99,67.91%,73.61%,0.160272,"11:28 ET"
TSLA,352.77,2026-10-09,10,Call,357.50,-1.33%,7.35,7.43,7.45,809,406,1.99,41.50%,40.43%,0.438334,"13:49 ET"
QCOM,183.91,2026-10-02,3,Call,192.50,-4.52%,1.13,1.2,1.23,2628,1322,1.99,51.93%,59.46%,0.214202,"13:44 ET"
TSLA,352.77,2026-09-30,1,Put,360.00,+2.04%,7.95,8,8.15,4818,2426,1.99,41.50%,41.67%,-0.824985,"13:48 ET"
MU,1068.7,2026-10-16,17,Call,"1,300.00",-21.44%,9,9.12,9.25,17961,9013,1.99,61.60%,71.63%,0.119719,"13:49 ET"
AXTI,77.99,2026-10-16,17,Put,60.00,-23.82%,0.8,0.8,1.05,1722,871,1.98,116.41%,105.91%,-0.099085,"13:36 ET"
BE,292.55,2026-10-09,10,Call,350.00,-18.88%,2.3,2.5,2.62,2358,1188,1.98,84.91%,87.16%,0.124602,"13:45 ET"
MSFT,505.98,2026-09-30,1,Call,522.50,-3.11%,0.23,0.25,0.26,6206,3127,1.98,29.93%,37.69%,0.057724,"13:50 ET"
TSLA,352.77,2026-10-12,13,Call,370.00,-4.87%,4,4.05,4.2,534,271,1.97,41.50%,38.38%,0.271552,"13:42 ET"
NKE,35.72,2026-10-02,3,Put,32.00,-10.41%,0.21,0.23,0.23,3161,1602,1.97,51.60%,109.68%,-0.120228,"13:48 ET"
TSLA,352.77,2026-10-02,3,Put,345.00,-2.21%,2.85,2.87,2.89,6382,3235,1.97,41.50%,47.23%,-0.294768,"13:50 ET"
SNOW,330.11,2026-11-20,52,Call,360.00,-9.42%,14.1,13.65,14.75,1343,684,1.96,49.82%,50.01%,0.371278,"13:31 ET"
UEC,9.23,2026-11-20,52,Call,10.00,-8.34%,0.61,0.61,0.67,2278,1162,1.96,65.49%,65.63%,0.433676,"13:07 ET"
AMD,609.07,2026-10-02,3,Call,615.00,-0.45%,10.05,10.5,10.3,2338,1193,1.96,53.61%,57.06%,0.444189,"13:47 ET"
WW,16.91,2026-11-20,52,Call,10.00,+41.14%,7,6.9,8.3,502,258,1.95,115.32%,143.52%,0.89654,"13:13 ET"
HOOD,115.08,2027-09-17,353,Put,15.00,-86.99%,0.1,0.14,0.14,1481,761,1.95,62.29%,91.43%,-0.002892,"12:39 ET"
INTC,116.06,2026-10-02,3,Call,123.00,-5.44%,0.92,0.96,0.97,2051,1051,1.95,67.16%,74.34%,0.217535,"13:46 ET"
HOOD,115.08,2026-10-02,3,Put,113.00,-2.02%,2.03,2.05,2.09,2543,1303,1.95,62.29%,74.04%,-0.371695,"13:48 ET"
INTC,116.06,2026-10-02,3,Call,125.00,-7.16%,0.63,0.64,0.65,15358,7860,1.95,67.16%,75.49%,0.157874,"13:50 ET"
LUNR,14.77,2026-12-18,80,Put,20.00,+35.41%,5.9,6,6.25,597,308,1.94,88.76%,89.41%,-0.694326,"10:52 ET"
BE,292.55,2026-10-02,3,Call,350.00,-18.88%,0.38,0.4,0.43,1756,907,1.94,84.91%,106.65%,0.037042,"13:49 ET"
BE,292.55,2026-10-02,3,Call,325.00,-10.39%,1.84,1.86,1.89,2048,1056,1.94,84.91%,101.53%,0.140978,"13:44 ET"
PLTR,185.28,2026-10-02,3,Put,187.50,+0.86%,4.4,4.31,4.5,2644,1364,1.94,53.08%,50.85%,-0.577764,"13:37 ET"
ASTS,59.26,2026-10-02,3,Call,63.00,-6.78%,0.68,0.72,0.75,2662,1374,1.94,80.50%,91.33%,0.252881,"13:50 ET"
ET,19.92,2029-01-19,843,Call,25.00,-25.38%,0.69,0.73,0.77,514,266,1.93,20.92%,20.97%,0.227806,"13:43 ET"
OKTA,202.75,2026-10-02,3,Call,210.00,-3.03%,2.14,2.8,2.66,546,283,1.93,57.45%,69.56%,0.304043,"13:37 ET"
ZNTL,2.6,2027-01-15,108,Put,5.00,+93.05%,2.55,2.72,2.9,558,289,1.93,426.20%,155.40%,-0.639,"13:23 ET"
MRVL,261.23,2026-10-02,3,Put,257.50,-1.84%,4.5,4.7,4.8,565,293,1.93,65.86%,70.80%,-0.382016,"13:45 ET"
ASTS,59.26,2026-10-02,3,Call,60.00,-1.69%,1.55,1.6,1.68,1337,694,1.93,80.50%,87.63%,0.467012,"13:50 ET"
MDT,86.89,2027-01-15,108,Call,95.00,-9.73%,0.6,2.41,4.45,2221,1152,1.93,32.42%,28.62%,0.312892,"13:08 ET"
GOOGL,338.9,2026-09-30,1,Call,347.50,-2.39%,0.32,0.33,0.33,2618,1356,1.93,33.32%,38.08%,0.102067,"13:48 ET"
MRVL,261.23,2026-10-02,3,Call,262.50,-0.07%,6.5,6.7,6.9,1061,552,1.92,65.86%,73.38%,0.5014,"13:51 ET"
MU,1068.7,2026-10-02,3,Put,990.00,-7.52%,10.05,10.12,10.25,2278,1187,1.92,61.60%,99.67%,-0.184384,"13:49 ET"
ORCL,137.8,2027-04-16,199,Put,105.00,-23.72%,6.8,6.9,7.3,1268,665,1.91,52.34%,56.09%,-0.18405,"11:31 ET"
CBRS,204.79,2026-10-02,3,Call,220.00,-5.37%,2.8,3.3,3.5,1774,927,1.91,79.42%,106.35%,0.271127,"13:49 ET"
NVDA,228.19,2026-10-09,10,Put,230.00,+0.49%,5.4,5.41,5.5,9088,4752,1.91,34.67%,30.71%,-0.543233,"13:50 ET"
ORCL,137.8,2026-10-02,3,Call,150.00,-8.97%,0.48,0.48,0.5,40137,20960,1.91,52.34%,74.49%,0.111731,"13:50 ET"
AMD,609.07,2026-10-02,3,Call,672.50,-9.84%,0.5,0.58,0.55,620,326,1.9,53.61%,60.63%,0.039625,"13:12 ET"
PLUG,1.905,2029-01-19,843,Call,1.0000,+47.78%,1.2,1.22,1.23,1050,553,1.9,70.28%,74.53%,0.891457,"13:42 ET"
SMCI,41.18,2026-10-09,10,Call,43.50,-5.61%,1.08,1.07,1.15,1328,699,1.9,76.86%,72.91%,0.353817,"13:45 ET"
ORCL,137.8,2026-10-02,3,Put,136.00,-1.20%,2.11,2.19,2.18,3791,1998,1.9,52.34%,60.14%,-0.391896,"13:48 ET"
ORCL,137.8,2026-10-02,3,Put,133.00,-3.38%,1.1,1.15,1.14,3887,2051,1.9,52.34%,59.77%,-0.245882,"13:48 ET"
MU,1068.7,2026-10-02,3,Call,"1,080.00",-0.89%,36.25,36.33,36.55,4002,2105,1.9,61.60%,106.80%,0.478704,"13:49 ET"
VST,140.15,2026-10-09,10,Call,145.00,-4.00%,2.26,2.44,2.56,586,310,1.89,45.33%,45.78%,0.350634,"13:50 ET"
NKE,35.72,2027-09-17,353,Call,37.50,-4.98%,5.15,5.2,5.35,1288,680,1.89,51.60%,43.98%,0.525259,"13:46 ET"
NU,12.38,2026-10-09,10,Call,13.50,-9.31%,0.11,0.11,0.12,1687,893,1.89,51.88%,55.10%,0.19206,"13:50 ET"
MSFT,505.98,2026-10-02,3,Put,487.50,-3.79%,0.82,0.9,1.02,1033,550,1.88,29.93%,35.51%,-0.114317,"13:50 ET"
APLD,25.14,2026-10-09,10,Call,26.00,-3.50%,1.46,1.53,1.58,1226,651,1.88,89.64%,113.16%,0.468131,"13:43 ET"
AAPL,331.72,2026-10-09,10,Call,335.00,-0.91%,3.65,3.7,3.85,3060,1628,1.88,24.58%,23.18%,0.415467,"13:50 ET"
RIVN,15.02,2029-01-19,843,Put,8.00,-46.88%,1.29,1.42,1.54,10000,5324,1.88,61.44%,67.78%,-0.113403,"11:55 ET"
NVDA,228.19,2026-10-02,3,Put,230.00,+0.49%,3.75,3.77,3.8,17772,9469,1.88,34.67%,34.60%,-0.585904,"13:51 ET"
BAC,54.97,2026-10-02,3,Put,53.00,-3.55%,0.09,0.11,0.11,1216,652,1.87,28.89%,34.86%,-0.116129,"13:50 ET"
QURE,24.34,2028-01-21,479,Call,40.00,-65.84%,7.3,7.58,8.2,3079,1649,1.87,100.46%,102.07%,0.581278,"13:42 ET"
CRWV,86.21,2026-10-09,10,Call,97.00,-13.16%,1.16,1.2,1.2,3476,1857,1.87,77.80%,78.94%,0.199764,"13:50 ET"
AKAM,106.71,2026-11-20,52,Call,115.00,-7.73%,7.5,7.7,7.9,901,484,1.86,61.42%,66.94%,0.441348,"13:39 ET"
WMT,106.24,2026-10-02,3,Put,105.00,-1.14%,0.48,0.51,0.51,2813,1510,1.86,27.17%,26.97%,-0.297347,"13:49 ET"
ORCL,137.8,2026-10-02,3,Call,137.00,+0.47%,3.5,3.51,3.6,2865,1542,1.86,52.34%,62.56%,0.554481,"13:48 ET"
WULF,15.16,2026-10-09,10,Call,17.00,-11.84%,0.23,0.24,0.26,845,457,1.85,82.12%,84.48%,0.216247,"12:39 ET"
FOXA,62.31,2027-01-15,108,Call,80.00,-28.41%,0.4,0.79,0.95,1460,789,1.85,36.41%,35.32%,0.12301,"13:01 ET"
INTC,116.06,2026-10-02,3,Call,117.00,-0.30%,2.73,2.75,2.8,3069,1656,1.85,67.16%,72.05%,0.483349,"13:50 ET"
MDB,332.21,2026-10-16,17,Call,350.00,-5.25%,10.65,11.4,12,772,420,1.84,61.36%,62.37%,0.387394,"13:42 ET"
SMCI,41.18,2026-10-23,24,Call,44.00,-6.82%,1.96,2.01,2.05,1272,692,1.84,76.86%,72.66%,0.404315,"12:56 ET"
MRVL,261.23,2026-10-02,3,Put,250.00,-4.70%,2.27,2.31,2.36,2694,1461,1.84,65.86%,71.95%,-0.226685,"13:51 ET"
ISRG,408.54,2026-10-16,17,Put,360.00,-11.77%,0.45,0.6,0.7,765,419,1.83,37.31%,35.48%,-0.043669,"13:44 ET"
NVDA,228.19,2026-10-07,8,Call,235.00,-2.67%,1.61,1.65,1.67,997,544,1.83,34.67%,30.05%,0.269934,"13:48 ET"
ARM,297.11,2026-10-09,10,Call,300.00,-0.41%,13.35,13.75,13.8,572,314,1.82,74.78%,74.58%,0.499826,"13:48 ET"
TSLA,352.77,2026-10-09,10,Call,365.00,-3.46%,4.8,4.85,4.85,2727,1495,1.82,41.50%,40.77%,0.322403,"13:50 ET"
INTC,116.06,2026-10-02,3,Call,120.00,-2.87%,1.63,1.65,1.67,18210,9987,1.82,67.16%,72.86%,0.335827,"13:49 ET"
GOOGL,338.9,2026-09-30,1,Put,327.50,-3.50%,0.14,0.13,0.15,1001,552,1.81,33.32%,39.33%,-0.049444,"13:38 ET"
MRVL,261.23,2026-10-02,3,Put,255.00,-2.79%,3.6,3.7,3.85,1149,636,1.81,65.86%,71.02%,-0.325966,"13:46 ET"
DKNG,20.1,2026-10-09,10,Call,22.50,-11.55%,0.13,0.14,0.15,1450,801,1.81,61.15%,59.64%,0.143448,"13:50 ET"
MSFT,505.98,2026-10-05,6,Call,520.00,-2.62%,2.21,2.26,2.39,579,322,1.8,29.93%,26.89%,0.230334,"13:49 ET"
KO,87.11,2026-10-09,10,Put,86.00,-1.32%,0.53,0.65,0.62,637,353,1.8,20.26%,18.76%,-0.321187,"13:05 ET"
NVDA,228.19,2026-10-07,8,Put,232.50,+1.58%,6.2,5.8,6.45,671,372,1.8,34.67%,29.11%,-0.652653,"13:09 ET"
CRCL,83.72,2026-10-09,10,Put,85.00,+1.00%,4.3,4.35,4.5,684,379,1.8,72.57%,69.25%,-0.520471,"13:38 ET"
MSFT,505.98,2026-10-02,3,Call,507.50,-0.15%,5.5,5.64,5.75,1871,1039,1.8,29.93%,33.31%,0.48026,"13:51 ET"
NBIS,239.69,2026-10-02,3,Call,245.00,-1.82%,5.45,5.7,6,2564,1421,1.8,85.16%,93.61%,0.410292,"13:46 ET"
TSLA,352.77,2026-10-09,10,Call,360.00,-2.04%,6.4,6.5,6.5,2864,1593,1.8,41.50%,40.56%,0.398081,"13:48 ET"
INTC,116.06,2026-09-30,1,Call,124.00,-6.30%,0.11,0.12,0.13,4300,2387,1.8,67.16%,76.78%,0.060395,"13:47 ET"
NKE,35.72,2026-10-23,24,Call,36.00,-0.78%,1.8,1.8,1.89,587,328,1.79,51.60%,53.45%,0.507804,"13:27 ET"
C,130.85,2026-10-02,3,Put,125.00,-4.42%,0.14,0.17,0.17,599,335,1.79,33.08%,36.45%,-0.0783,"13:43 ET"
ARM,297.11,2026-10-09,10,Call,350.00,-17.14%,2.27,2.38,2.45,856,478,1.79,74.78%,80.73%,0.12625,"13:49 ET"
SKHY,186.75,2026-10-02,3,Call,187.50,-0.18%,4.4,4.48,4.55,1279,716,1.79,58.30%,68.76%,0.499922,"13:48 ET"
LAES,2.3,2029-01-19,843,Call,2.00,+13.04%,0.8,0.89,1.03,2011,1126,1.79,73.83%,51.76%,0.763061,"10:00 ET"
INTC,116.06,2026-10-02,3,Call,122.00,-4.59%,1.12,1.14,1.17,3403,1905,1.79,67.16%,73.88%,0.253363,"13:44 ET"
PLTR,185.28,2026-10-02,3,Call,187.50,-0.86%,2.63,2.65,2.66,5995,3345,1.79,53.08%,51.91%,0.424818,"13:50 ET"
NVDA,228.19,2026-10-02,3,Put,227.50,-0.60%,2.49,2.5,2.5,12711,7110,1.79,34.67%,35.12%,-0.447982,"13:51 ET"
MARA,12.13,2026-10-16,17,Call,13.50,-10.84%,0.37,0.4,0.4,1321,742,1.78,82.03%,82.41%,0.305988,"13:31 ET"
META,730.4,2026-09-30,1,Call,775.00,-6.98%,0.24,0.23,0.28,1884,1059,1.78,42.03%,63.42%,0.028337,"13:50 ET"
SPCX,148.16,2026-10-09,10,Call,152.50,-2.32%,2.84,2.88,2.87,2818,1585,1.78,48.71%,46.58%,0.376001,"13:50 ET"
SNDK,1709.62,2026-10-02,3,Call,"1,730.00",-1.09%,44.1,46.1,45.4,600,339,1.77,71.51%,86.44%,0.45921,"13:35 ET"
AVGO,354.63,2026-10-09,10,Call,357.50,-0.54%,7.45,7.6,7.65,800,453,1.77,37.04%,37.07%,0.467783,"13:49 ET"
BE,292.55,2026-10-02,3,Call,250.00,+15.09%,43,43.84,44.45,658,374,1.76,84.91%,109.68%,0.950508,"13:43 ET"
NVDA,228.19,2026-11-06,38,Call,265.00,-15.78%,0.76,0.81,0.81,850,483,1.76,34.67%,30.89%,0.079265,"13:47 ET"
AVGO,354.63,2026-10-09,10,Call,355.00,+0.16%,8.65,8.9,8.85,2387,1358,1.76,37.04%,37.23%,0.513412,"13:47 ET"
IREN,41.28,2026-10-02,3,Call,43.00,-4.09%,0.63,0.64,0.64,2531,1441,1.76,80.20%,86.63%,0.315748,"13:43 ET"
ALHC,7.84,2026-11-20,52,Call,10.00,-27.55%,0.4,0.43,0.5,8002,4538,1.76,104.80%,92.10%,0.306316,"13:09 ET"
SNOW,330.11,2026-10-02,3,Put,315.00,-4.26%,1.62,1.73,1.89,620,355,1.75,49.82%,59.44%,-0.177739,"13:38 ET"
SPCX,148.16,2026-10-09,10,Call,162.50,-9.03%,0.8,0.87,0.82,2022,1158,1.75,48.71%,48.65%,0.138284,"13:36 ET"
KTOS,43.63,2026-11-20,52,Call,55.00,-26.29%,1.15,1.22,1.3,2210,1266,1.75,63.22%,66.24%,0.2196,"13:46 ET"
GXO,44.46,2026-10-16,17,Put,40.00,-10.21%,0.1,0.15,0.2,2491,1424,1.75,42.04%,37.62%,-0.087281,"13:46 ET"
ORCL,137.8,2026-10-02,3,Call,147.00,-6.79%,0.74,0.72,0.79,2758,1574,1.75,52.34%,71.00%,0.166868,"13:50 ET"
WFC,80.61,2026-10-02,3,Put,80.00,-0.70%,0.64,0.72,0.76,15799,9023,1.75,32.25%,35.28%,-0.381554,"13:50 ET"
BAC,54.97,2026-10-09,10,Call,55.00,-0.09%,0.98,0.99,1.04,589,339,1.74,28.89%,27.44%,0.513357,"13:49 ET"
JNJ,266.91,2026-10-02,3,Put,265.00,-0.65%,1.47,1.83,1.78,669,385,1.74,27.56%,27.49%,-0.355379,"12:42 ET"
LRCX,319.41,2026-10-02,3,Call,330.00,-3.04%,4.35,4.57,4.8,778,447,1.74,62.49%,74.09%,0.334128,"13:50 ET"
QURE,24.34,2027-01-15,108,Call,80.00,-231.67%,0.05,0.2,0.7,1087,624,1.74,100.46%,119.76%,0.068039,"13:03 ET"
AMZN,246.84,2026-10-02,3,Put,265.00,+7.33%,18.05,17.64,18.6,1339,768,1.74,34.59%,36.04%,-0.990497,"12:54 ET"
TSLA,352.77,2026-10-09,10,Call,355.00,-0.62%,8.4,8.5,8.5,2121,1219,1.74,41.50%,40.30%,0.479787,"13:49 ET"
HIMS,28.32,2026-10-02,3,Call,28.50,-0.42%,0.71,0.79,0.78,547,317,1.73,76.65%,80.02%,0.483713,"13:24 ET"
INTC,116.06,2026-09-30,1,Put,119.00,+2.01%,3.25,3.26,3.35,1106,638,1.73,67.16%,69.18%,-0.722525,"13:48 ET"
ARM,297.11,2026-10-02,3,Call,305.00,-2.08%,6.2,6.81,6.6,1159,671,1.73,74.78%,89.06%,0.394098,"13:46 ET"
VST,140.15,2026-10-16,17,Call,155.00,-11.17%,1.1,1.2,1.36,3151,1825,1.73,45.33%,45.77%,0.172848,"13:45 ET"
AMD,609.07,2026-09-30,1,Put,600.00,-2.00%,2.76,2.8,2.85,5765,3326,1.73,53.61%,51.55%,-0.27369,"13:51 ET"
MRVL,261.23,2026-10-09,10,Call,305.00,-16.27%,2.04,2.18,2.19,733,427,1.72,65.86%,77.48%,0.132238,"12:39 ET"
SNDK,1709.62,2026-10-02,3,Call,"1,800.00",-5.19%,22.4,22.9,23,2858,1659,1.72,71.51%,88.89%,0.277714,"13:51 ET"
BE,292.55,2026-10-16,17,Call,390.00,-32.46%,1.73,1.84,1.82,776,453,1.71,84.91%,86.74%,0.077219,"13:46 ET"
INTC,116.06,2026-09-30,1,Put,112.00,-3.99%,0.3,0.3,0.33,2178,1270,1.71,67.16%,70.07%,-0.141978,"13:48 ET"
TSLA,352.77,2026-10-02,3,Call,410.00,-16.21%,0.1,0.11,0.11,6712,3929,1.71,41.50%,73.47%,0.013068,"13:45 ET"
NVDA,228.19,2026-09-30,1,Call,227.50,+0.60%,2.1,2.11,2.11,11658,6833,1.71,34.67%,35.18%,0.579356,"13:51 ET"
SPCX,148.16,2026-10-02,3,Call,155.00,-4.00%,0.72,0.75,0.74,32375,18976,1.71,48.71%,53.80%,0.188134,"13:50 ET"
FIG,20.3,2026-10-02,3,Call,21.00,-3.50%,0.27,0.32,0.35,763,450,1.7,74.71%,79.73%,0.332897,"13:50 ET"
AMD,609.07,2027-03-19,171,Call,"1,060.00",-73.13%,12.5,13.87,13.75,786,462,1.7,53.61%,58.25%,0.127302,"10:18 ET"
FOXA,62.31,2027-01-15,108,Call,70.00,-12.36%,1.75,2.4,2.45,1000,588,1.7,36.41%,33.93%,0.310902,"12:18 ET"
TSLA,352.77,2026-10-05,6,Put,350.00,-0.80%,5.4,5.38,5.55,1319,778,1.7,41.50%,37.86%,-0.424679,"13:45 ET"
AMZN,246.84,2026-09-30,1,Put,240.00,-2.80%,0.12,0.12,0.13,6012,3529,1.7,34.59%,34.68%,-0.06369,"13:48 ET"
MDT,86.89,2026-10-16,17,Call,90.00,-3.95%,1.46,1.46,1.58,9082,5348,1.7,32.42%,36.86%,0.343488,"13:50 ET"
PTON,4.95,2026-10-09,10,Call,5.00,-1.42%,0.14,0.14,0.15,585,346,1.69,61.01%,48.49%,0.486387,"13:32 ET"
TSLA,352.77,2026-10-05,6,Put,360.00,+2.04%,11,11.4,11.2,649,384,1.69,41.50%,38.07%,-0.651963,"13:17 ET"
NVDA,228.19,2026-11-06,38,Put,200.00,-12.62%,1.47,1.47,1.56,852,504,1.69,34.67%,36.24%,-0.111519,"13:41 ET"
AZN,164.32,2026-10-16,17,Put,155.00,-5.64%,0.9,0.99,1.05,1005,594,1.69,29.94%,29.54%,-0.169022,"11:08 ET"
NBIS,239.69,2026-10-02,3,Put,235.00,-2.34%,5.7,5.86,5.95,1655,977,1.69,85.16%,91.59%,-0.394463,"13:51 ET"
MARA,12.13,2026-10-09,10,Call,12.00,+1.48%,0.7,0.74,0.72,1926,1138,1.69,82.03%,80.65%,0.559333,"13:46 ET"
MRVL,261.23,2026-10-02,3,Call,280.00,-6.74%,1.58,1.61,1.62,2566,1521,1.69,65.86%,75.04%,0.17261,"13:50 ET"
B,40.83,2026-10-02,3,Call,43.00,-5.44%,0.1,0.11,0.12,3584,2126,1.69,41.98%,48.30%,0.125964,"13:44 ET"
VST,140.15,2026-10-02,3,Call,145.00,-4.00%,0.91,0.99,1.05,1276,758,1.68,45.33%,52.09%,0.252828,"13:50 ET"
MDB,332.21,2026-10-02,3,Put,310.00,-6.78%,2,3.05,3.05,1446,859,1.68,61.36%,87.74%,-0.171433,"13:37 ET"
USB,58.13,2027-01-15,108,Call,37.50,+35.49%,20.5,20.67,20.95,2051,1222,1.68,28.29%,40.50%,0.983347,"13:33 ET"
CRWV,86.21,2026-10-02,3,Call,92.00,-7.33%,0.85,0.92,0.92,3556,2121,1.68,77.80%,91.48%,0.223755,"13:50 ET"
UBER,68.95,2027-01-15,108,Call,72.50,-5.22%,4.4,4.5,4.65,4006,2391,1.68,37.72%,37.72%,0.468285,"13:44 ET"
ACN,174.96,2026-10-16,17,Put,160.00,-8.49%,3,3.18,3.3,1517,908,1.67,52.64%,60.61%,-0.223347,"13:45 ET"
AMD,609.07,2026-10-02,3,Call,610.00,+0.37%,12.35,12.5,12.6,1904,1140,1.67,53.61%,57.18%,0.506995,"13:50 ET"
MDB,332.21,2026-10-02,3,Call,350.00,-5.25%,4.3,4.65,5,2240,1344,1.67,61.36%,89.64%,0.286696,"13:50 ET"
META,730.4,2026-10-02,3,Put,727.50,+0.42%,12.35,12.5,12.6,564,339,1.66,42.03%,46.87%,-0.495617,"13:50 ET"
PK,15.49,2026-10-16,17,Call,12.50,+19.46%,2.65,3.25,3.8,600,362,1.66,33.13%,97.91%,0.868296,"11:10 ET"
AAOI,100.88,2026-10-02,3,Call,100.00,+1.60%,4.2,4.66,4.9,1591,956,1.66,94.57%,106.55%,0.571515,"13:35 ET"
MU,1068.7,2027-12-17,444,Call,"2,360.00",-120.47%,76.2,78.56,82.25,501,303,1.65,61.60%,63.79%,0.242654,"12:31 ET"
MSTR,152.69,2026-10-09,10,Call,155.00,-0.83%,5.7,5.75,5.8,898,544,1.65,67.41%,67.12%,0.469971,"13:49 ET"
ORCL,137.8,2026-10-16,17,Put,132.00,-4.10%,3.45,3.62,3.6,917,555,1.65,52.34%,52.09%,-0.32665,"13:14 ET"
INTC,116.06,2026-10-16,17,Call,117.00,-0.30%,6.15,6.3,6.3,600,366,1.64,67.16%,64.10%,0.517305,"13:46 ET"
MU,1068.7,2026-10-02,3,Put,945.00,-11.72%,3.55,3.55,3.65,623,379,1.64,61.60%,99.90%,-0.079187,"13:43 ET"
MU,1068.7,2026-10-02,3,Put,"1,030.00",-3.78%,22.15,22.05,22.45,944,576,1.64,61.60%,102.41%,-0.326205,"13:49 ET"
CVX,204.28,2026-10-16,17,Call,225.00,-9.99%,0.25,0.28,0.3,983,600,1.64,28.13%,27.49%,0.054687,"13:36 ET"
ARM,297.11,2026-10-02,3,Put,280.00,-6.29%,2.64,2.74,2.8,1275,778,1.64,74.78%,84.75%,-0.204263,"13:49 ET"
HOOD,115.08,2026-10-02,3,Call,117.00,-1.45%,2.37,2.4,2.4,1392,850,1.64,62.29%,75.78%,0.426888,"13:51 ET"
RIOT,21.58,2026-12-18,80,Call,32.00,-47.13%,0.89,0.95,1.06,2002,1224,1.64,82.12%,87.21%,0.229475,"13:28 ET"
MARA,12.13,2027-10-15,381,Put,10.00,-17.90%,2.24,2.47,2.53,810,497,1.63,82.03%,81.57%,-0.246682,"13:02 ET"
APLD,25.14,2026-10-02,3,Call,25.50,-1.51%,0.6,0.62,0.64,919,564,1.63,89.64%,85.51%,0.4444,"13:47 ET"
WMT,106.24,2026-10-16,17,Call,108.00,-1.69%,1.47,1.5,1.53,1481,910,1.63,27.17%,23.66%,0.399377,"13:48 ET"
SNDK,1709.62,2026-10-02,3,Call,"1,900.00",-11.03%,8.2,8.5,8.7,2997,1840,1.63,71.51%,95.15%,0.120562,"13:49 ET"
ORCL,137.8,2026-10-02,3,Put,135.00,-1.93%,1.72,1.74,1.78,6631,4058,1.63,52.34%,59.96%,-0.340588,"13:50 ET"
RCUS,25.85,2026-10-16,17,Call,30.00,-16.14%,0.1,0.3,0.5,598,370,1.62,73.38%,65.78%,0.164518,"13:46 ET"
GOOGL,338.9,2026-09-30,1,Put,342.50,+0.92%,4.65,4.7,4.9,695,428,1.62,33.32%,34.49%,-0.726859,"13:47 ET"
VALE,13.26,2026-10-09,10,Call,14.00,-5.82%,0.11,0.13,0.15,1002,618,1.62,37.92%,42.60%,0.242853,"12:31 ET"
TSLA,352.77,2026-10-05,6,Call,375.00,-6.29%,1.12,1.16,1.15,1174,723,1.62,41.50%,40.64%,0.12679,"13:47 ET"
AU,93.7,2028-01-21,479,Call,70.00,+25.29%,33.4,34.2,36,2000,1237,1.62,51.56%,57.82%,0.767476,"10:32 ET"
NFLX,70.49,2026-10-09,10,Call,71.00,-0.60%,1.3,1.33,1.36,2051,1267,1.62,37.78%,32.68%,0.468127,"13:49 ET"
HL,17.1,2026-10-02,3,Call,18.00,-5.32%,0.1,0.1,0.12,2293,1427,1.61,58.83%,64.17%,0.202632,"13:13 ET"
TSLA,352.77,2026-10-05,6,Call,370.00,-4.87%,1.75,1.77,1.79,2490,1542,1.61,41.50%,39.94%,0.183935,"13:50 ET"
SMMT,16.42,2026-10-02,3,Call,17.00,-4.62%,0.35,0.4,0.45,1368,853,1.6,116.44%,111.15%,0.371705,"13:46 ET"
META,730.4,2026-09-30,1,Put,685.00,-5.45%,0.14,0.15,0.19,1828,1139,1.6,42.03%,56.24%,-0.020687,"13:49 ET"
MSTR,152.69,2026-10-02,3,Call,157.50,-2.45%,2.46,2.52,2.51,2695,1685,1.6,67.41%,80.29%,0.346981,"13:50 ET"
INTC,116.06,2026-10-09,10,Call,117.00,-0.30%,4.65,4.75,4.8,504,317,1.59,67.16%,64.51%,0.50557,"13:49 ET"
QCOM,183.91,2026-10-02,3,Call,187.50,-1.80%,2.43,2.49,2.51,1285,808,1.59,51.93%,58.11%,0.377487,"13:48 ET"
BA,188.32,2026-10-02,3,Call,192.50,-2.32%,1.08,1.2,1.22,2119,1336,1.59,34.92%,39.57%,0.279837,"13:47 ET"
CIFR,16.65,2028-01-21,479,Put,15.00,-10.50%,4.95,5.05,5.15,5011,3157,1.59,96.64%,91.15%,-0.256643,"13:40 ET"
MU,1068.7,2026-10-02,3,Put,995.00,-7.05%,11.2,11.25,11.4,730,461,1.58,61.60%,99.90%,-0.200094,"13:49 ET"
ORCL,137.8,2026-10-02,3,Call,133.00,+3.38%,6,6,6.2,959,606,1.58,52.34%,63.15%,0.743378,"13:06 ET"
MARA,12.13,2026-10-23,24,Call,12.00,+1.48%,1.04,1.09,1.08,552,352,1.57,82.03%,79.91%,0.564939,"13:39 ET"
AVGO,354.63,2026-10-05,6,Call,365.00,-2.65%,2.52,2.57,2.63,574,366,1.57,37.04%,34.68%,0.272161,"13:48 ET"
NIO,3.4,2027-03-19,171,Call,3.00,+11.76%,0.77,0.76,0.79,923,589,1.57,51.73%,60.03%,0.712763,"11:21 ET"
IVR,6.22,2027-04-16,199,Put,7.00,+12.18%,1.15,1.4,1.5,1005,642,1.57,27.75%,43.93%,-0.576504,"13:41 ET"
RXRX,3.86,2026-10-09,10,Call,4.00,-3.09%,0.16,0.16,0.22,1662,1057,1.57,81.85%,97.31%,0.446665,"13:33 ET"
GOOGL,338.9,2026-10-09,10,Call,360.00,-6.07%,1.26,1.3,1.31,3334,2118,1.57,33.32%,32.77%,0.140433,"13:49 ET"
META,730.4,2026-10-02,3,Call,780.00,-7.67%,1.16,1.17,1.2,3372,2141,1.57,42.03%,53.15%,0.076365,"13:50 ET"
CDE,17.66,2026-10-23,24,Call,19.00,-8.02%,0.5,0.55,0.65,550,353,1.56,60.57%,58.86%,0.347974,"12:43 ET"
CMCSA,21.52,2027-09-17,353,Put,15.00,-30.39%,0.58,0.58,0.65,763,489,1.56,35.22%,38.23%,-0.126365,"12:40 ET"
IOVA,14.85,2026-12-18,80,Call,17.50,-16.51%,1.8,2.13,2.3,837,537,1.56,111.49%,105.92%,0.473426,"13:19 ET"
AMD,609.07,2026-09-30,1,Put,592.50,-3.23%,1.27,1.18,1.33,946,608,1.56,53.61%,52.70%,-0.147926,"13:44 ET"
VST,140.15,2026-10-02,3,Call,144.00,-3.29%,1.13,0.99,1.36,621,400,1.55,45.33%,52.17%,0.302172,"13:34 ET"
PLTR,185.28,2027-12-17,444,Call,370.00,-99.03%,14.05,14.05,14.5,1365,883,1.55,53.08%,59.45%,0.260597,"13:47 ET"
AAPL,331.72,2026-10-02,3,Put,322.50,-2.85%,0.56,0.71,0.68,3185,2050,1.55,24.58%,29.10%,-0.137939,"13:49 ET"
AMZN,246.84,2026-10-02,3,Put,245.00,-0.77%,2.03,2.05,2.09,6697,4329,1.55,34.59%,32.01%,-0.398266,"13:50 ET"
DKNG,20.1,2026-10-02,3,Call,20.50,-1.64%,0.32,0.37,0.37,539,349,1.54,61.15%,68.62%,0.4003,"13:50 ET"
NOW,128.68,2026-10-09,10,Call,140.00,-8.58%,1.08,1.13,1.15,687,447,1.54,54.83%,53.47%,0.186188,"13:49 ET"
BE,292.55,2026-10-02,3,Call,285.00,+3.20%,14.4,14.6,14.65,2264,1467,1.54,84.91%,95.22%,0.643708,"13:50 ET"
MU,1068.7,2026-10-02,3,Call,"1,135.00",-6.03%,18.05,18.2,18.25,571,373,1.53,61.60%,108.63%,0.289342,"13:41 ET"
TSLA,352.77,2026-10-23,24,Call,350.00,+0.80%,18.3,18.4,18.65,642,419,1.53,41.50%,46.41%,0.557309,"13:50 ET"
FSLR,173.34,2026-10-02,3,Call,185.00,-6.94%,0.41,0.45,0.58,666,434,1.53,55.41%,57.78%,0.11437,"12:59 ET"
MU,1068.7,2026-10-02,3,Put,885.00,-17.33%,0.99,0.99,1.06,708,464,1.53,61.60%,109.06%,-0.024802,"13:31 ET"
SLS,11.48,2026-11-20,52,Put,9.00,-21.26%,1.75,1.85,2.05,783,511,1.53,164.12%,200.14%,-0.240463,"13:44 ET"
BA,188.32,2026-10-02,3,Put,187.50,-0.33%,1.93,2.05,2.12,1821,1188,1.53,34.92%,36.00%,-0.435456,"13:48 ET"
ORCL,137.8,2026-10-02,3,Put,132.00,-4.10%,0.85,0.94,0.91,2939,1921,1.53,52.34%,59.81%,-0.204294,"13:42 ET"
GOOGL,338.9,2026-09-30,1,Put,330.00,-2.77%,0.27,0.27,0.28,3368,2206,1.53,33.32%,37.37%,-0.088986,"13:51 ET"
NBIS,239.69,2026-10-02,3,Put,240.00,-0.26%,7.9,8.1,8.3,1741,1146,1.52,85.16%,90.31%,-0.494814,"13:48 ET"
AMZN,246.84,2026-10-02,3,Call,247.50,-0.24%,2.66,2.66,2.68,5307,3491,1.52,34.59%,33.92%,0.466737,"13:50 ET"
COST,924.17,2026-10-16,17,Call,"1,050.00",-13.55%,0.15,0.18,0.23,760,502,1.51,19.62%,25.07%,0.011235,"13:39 ET"
ORCL,137.8,2026-10-09,10,Call,162.50,-18.05%,0.42,0.44,0.46,795,528,1.51,52.34%,64.83%,0.070053,"13:44 ET"
LRCX,319.41,2026-10-02,3,Call,350.00,-9.29%,1.03,1.08,1.15,1058,699,1.51,62.49%,76.97%,0.105072,"13:50 ET"
BFLY,9.15,2026-11-20,52,Call,12.50,-35.57%,0.4,0.5,0.5,1162,772,1.51,96.96%,98.30%,0.261059,"12:56 ET"
MP,45.08,2026-10-02,3,Put,44.00,-2.29%,0.45,0.49,0.53,559,373,1.5,57.82%,60.73%,-0.301046,"13:51 ET"
ORCL,137.8,2026-10-16,17,Put,133.00,-3.38%,3.85,4,3.95,874,581,1.5,52.34%,52.04%,-0.351138,"13:28 ET"
AMD,609.07,2026-10-02,3,Put,555.00,-9.35%,0.57,0.55,0.64,885,591,1.5,53.61%,61.34%,-0.042843,"13:41 ET"
QS,4.56,2026-10-02,3,Call,4.50,+1.53%,0.15,0.15,0.16,1061,705,1.5,72.48%,66.71%,0.628146,"13:45 ET"
TSLA,352.77,2026-10-02,3,Call,365.00,-3.46%,2.05,2.08,2.09,9296,6185,1.5,41.50%,49.47%,0.230051,"13:51 ET"
CMG,32.1,2026-10-02,3,Call,32.00,+0.40%,0.6,0.75,0.77,1273,854,1.49,44.92%,57.20%,0.521205,"13:20 ET"
GOOG,335.64,2026-10-09,10,Put,327.50,-2.52%,3.15,3.22,3.3,531,359,1.48,33.08%,29.90%,-0.29896,"13:50 ET"
ARM,297.11,2026-10-02,3,Put,290.00,-2.94%,5.35,5.7,6.05,619,419,1.48,74.78%,84.24%,-0.3552,"13:50 ET"
BA,188.32,2027-06-17,261,Call,200.00,-6.31%,20.45,20.75,21,949,640,1.48,34.92%,40.85%,0.48895,"13:33 ET"
NET,352.16,2026-10-02,3,Call,370.00,-4.47%,2.66,2.94,3.95,1216,822,1.48,65.23%,72.93%,0.246481,"13:19 ET"
AMD,609.07,2026-10-09,10,Call,675.00,-10.25%,3.2,3.35,3.4,594,403,1.47,53.61%,52.14%,0.129942,"13:49 ET"
AMZN,246.84,2026-10-30,31,Call,245.00,+0.77%,12.6,12.75,12.95,973,662,1.47,34.59%,40.27%,0.557823,"13:49 ET"
MU,1068.7,2026-10-02,3,Put,"1,060.00",-0.98%,35.55,35.36,35.9,1946,1324,1.47,61.60%,104.56%,-0.444307,"13:50 ET"
WHR,30.75,2026-11-20,52,Call,35.00,-13.56%,1.7,1.75,1.9,2011,1369,1.47,64.56%,73.76%,0.357585,"13:39 ET"
GOOGL,338.9,2026-09-30,1,Call,350.00,-3.13%,0.17,0.19,0.19,3865,2621,1.47,33.32%,39.82%,0.059702,"13:49 ET"
QCOM,183.91,2026-10-02,3,Call,190.00,-3.16%,1.67,1.75,1.75,6608,4486,1.47,51.93%,58.47%,0.287833,"13:49 ET"
FWDI,7.86,2027-05-21,234,Call,10.00,-26.42%,1.9,2,2.1,500,343,1.46,109.66%,103.64%,0.56456,"13:43 ET"
ALB,107.48,2026-10-16,17,Call,120.00,-11.97%,0.89,0.96,1.01,538,368,1.46,52.80%,49.48%,0.164049,"13:50 ET"
DELL,539.13,2026-10-02,3,Call,555.00,-2.74%,7.15,7.36,7.35,823,564,1.46,60.88%,68.18%,0.338372,"13:48 ET"
PGY,17.25,2026-11-20,52,Put,12.00,-30.48%,0.25,0.25,0.35,1274,872,1.46,75.82%,86.69%,-0.097576,"11:46 ET"
INTC,116.06,2026-10-02,3,Call,119.00,-2.01%,1.94,2.04,2,2262,1553,1.46,67.16%,72.49%,0.382461,"13:46 ET"
AMD,609.07,2026-10-02,3,Call,620.00,-1.27%,8.15,8.3,8.4,4272,2921,1.46,53.61%,57.38%,0.384009,"13:50 ET"
TSLA,352.77,2026-10-02,3,Call,370.00,-4.87%,1.25,1.27,1.27,11089,7601,1.46,41.50%,50.38%,0.153289,"13:50 ET"
SPCX,148.16,2026-10-23,24,Call,148.00,+0.70%,6.95,7.03,7.1,583,402,1.45,48.71%,44.41%,0.537064,"13:49 ET"
AMD,609.07,2026-09-30,1,Put,582.50,-4.86%,0.45,0.4,0.47,935,647,1.45,53.61%,56.14%,-0.0591,"13:45 ET"
PSKY,9.91,2026-10-09,10,Call,10.50,-5.63%,0.16,0.2,0.18,1207,830,1.45,59.19%,59.02%,0.293356,"12:48 ET"
META,730.4,2026-09-30,1,Put,730.00,+0.76%,8.95,8.98,9.1,1936,1332,1.45,42.03%,49.11%,-0.557162,"13:51 ET"
WMT,106.24,2026-10-02,3,Call,109.00,-2.63%,0.19,0.2,0.21,3919,2704,1.45,27.17%,26.28%,0.153211,"13:50 ET"
INTC,116.06,2026-09-30,1,Call,121.00,-3.73%,0.36,0.36,0.37,8491,5854,1.45,67.16%,72.71%,0.159384,"13:50 ET"
CRWD,260.13,2026-10-16,17,Put,245.00,-5.82%,5.75,5.76,5.95,538,373,1.44,55.47%,55.19%,-0.284974,"13:36 ET"
RIG,5.26,2027-09-17,353,Put,5.00,-4.94%,0.75,0.78,0.78,600,416,1.44,51.34%,39.59%,-0.39193,"09:56 ET"
TSM,457.54,2026-10-09,10,Put,425.00,-7.20%,1.04,1.04,1.1,638,443,1.44,35.23%,34.22%,-0.087455,"13:47 ET"
NIO,3.4,2026-10-23,24,Call,3.50,-2.94%,0.12,0.12,0.13,707,491,1.44,51.73%,46.66%,0.440838,"12:50 ET"
TSM,457.54,2026-10-02,3,Call,457.50,+0.10%,6,6.2,6.1,819,567,1.44,35.23%,35.16%,0.518836,"13:46 ET"
MDB,332.21,2026-10-02,3,Call,330.00,+0.77%,11.8,12,12.85,939,651,1.44,61.36%,88.63%,0.56436,"13:50 ET"
MU,1068.7,2026-10-02,3,Call,"1,120.00",-4.63%,22.05,22.17,22.3,1676,1167,1.44,61.60%,108.18%,0.336388,"13:47 ET"
APLD,25.14,2026-10-02,3,Call,27.00,-7.48%,0.19,0.19,0.21,2010,1398,1.44,89.64%,86.01%,0.191695,"13:49 ET"
NVDA,228.19,2028-12-15,808,Call,130.00,+43.20%,118.65,121.65,121.05,2288,1591,1.44,34.67%,47.72%,0.892061,"10:54 ET"
NEE,75.71,2026-12-18,80,Call,85.00,-12.51%,0.65,0.7,0.7,3242,2254,1.44,24.57%,23.42%,0.161518,"13:02 ET"
BE,292.55,2026-10-02,3,Put,250.00,-15.09%,0.33,0.35,0.38,5524,3839,1.44,84.91%,98.17%,-0.033494,"13:49 ET"
NBIS,239.69,2026-10-02,3,Call,262.50,-9.09%,1.52,1.9,1.67,539,377,1.43,85.16%,95.26%,0.153779,"13:32 ET"
BE,292.55,2026-10-02,3,Put,262.50,-10.84%,1.12,1.12,1.17,759,530,1.43,84.91%,95.28%,-0.093417,"13:44 ET"
GLW,157.64,2026-10-02,3,Put,155.00,-1.80%,2.34,2.46,2.62,782,547,1.43,59.87%,65.51%,-0.37124,"13:51 ET"
MSTR,152.69,2026-10-02,3,Put,146.00,-5.03%,1.57,1.61,1.62,860,600,1.43,67.41%,75.70%,-0.247391,"13:49 ET"
MDB,332.21,2026-10-02,3,Call,340.00,-2.24%,6.7,7.7,8.8,1122,784,1.43,61.36%,88.69%,0.417088,"13:50 ET"
PDD,77.5,2027-06-17,261,Put,110.00,+42.05%,32.65,32.96,33.2,1524,1067,1.43,33.32%,37.19%,-0.884807,"12:10 ET"
MU,1068.7,2026-10-02,3,Put,"1,000.00",-6.58%,12.45,12.4,12.6,5530,3856,1.43,61.60%,100.08%,-0.216321,"13:50 ET"
NBIS,239.69,2026-10-02,3,Call,267.50,-11.17%,1.02,1.16,1.19,597,419,1.42,85.16%,97.02%,0.112225,"13:04 ET"
MDB,332.21,2026-12-18,80,Call,440.00,-32.31%,13.3,13.14,14.6,707,497,1.42,61.36%,69.26%,0.251722,"12:45 ET"
NVDA,228.19,2026-10-09,10,Call,232.50,-1.58%,3,3.05,3.1,3910,2758,1.42,34.67%,31.49%,0.379253,"13:50 ET"
META,730.4,2026-09-30,1,Put,705.00,-2.69%,1.16,1.17,1.2,4460,3132,1.42,42.03%,51.07%,-0.121614,"13:51 ET"
PLTR,185.28,2026-10-02,3,Put,185.00,-0.48%,3.1,3.15,3.15,7794,5496,1.42,53.08%,51.16%,-0.46209,"13:50 ET"
ORCL,137.8,2026-10-16,17,Call,134.00,+2.65%,7.9,8.05,8.05,638,453,1.41,52.34%,49.43%,0.627955,"13:04 ET"
MRNA,197.65,2026-10-02,3,Put,195.00,-2.31%,4.7,5.2,5.7,766,544,1.41,89.37%,90.16%,-0.420737,"13:47 ET"
WMT,106.24,2026-10-02,3,Put,104.00,-2.08%,0.25,0.27,0.27,1291,916,1.41,27.17%,27.26%,-0.180306,"13:49 ET"
CRWV,86.21,2026-10-02,3,Put,86.00,+0.33%,2.55,2.47,2.7,1467,1041,1.41,77.80%,85.75%,-0.479589,"13:48 ET"
NFLX,70.49,2026-10-09,10,Call,70.00,+0.82%,1.81,1.84,1.86,1850,1316,1.41,37.78%,32.83%,0.572089,"13:50 ET"
NFLX,70.49,2026-10-09,10,Call,75.00,-6.26%,0.28,0.29,0.3,3968,2808,1.41,37.78%,33.86%,0.146098,"13:48 ET"
NFLX,70.49,2026-10-02,3,Call,74.00,-4.85%,0.11,0.11,0.12,13842,9816,1.41,37.78%,40.10%,0.096784,"13:50 ET"
GOOGL,338.9,2026-10-02,3,Call,337.50,+0.56%,5,5.05,5.15,669,477,1.4,33.32%,35.87%,0.554056,"13:48 ET"
MU,1068.7,2026-10-02,3,Call,"1,125.00",-5.10%,20.65,20.78,20.85,893,638,1.4,61.60%,108.30%,0.320204,"13:50 ET"
BA,188.32,2026-10-09,10,Call,190.00,-0.99%,3.45,3.48,3.7,1293,925,1.4,34.92%,34.74%,0.451866,"13:22 ET"
SPCX,148.16,2026-10-09,10,Call,149.00,+0.03%,4.2,4.25,4.3,1380,985,1.4,48.71%,46.39%,0.493933,"13:51 ET"
BE,292.55,2026-11-20,52,Call,350.00,-18.88%,19.95,21.03,21.1,1573,1126,1.4,84.91%,88.65%,0.364349,"13:38 ET"
GOOGL,338.9,2027-09-17,353,Call,460.00,-35.54%,16.8,17.04,17.2,512,369,1.39,33.32%,35.42%,0.276174,"11:44 ET"
GME,23.34,2026-10-09,10,Put,22.00,-5.82%,0.17,0.19,0.19,621,447,1.39,46.95%,42.76%,-0.190887,"13:36 ET"
AMZN,246.84,2026-09-30,1,Call,240.00,+2.80%,6.55,7,7.2,664,479,1.39,34.59%,37.76%,0.91957,"13:46 ET"
NVTS,11.76,2026-10-09,10,Call,12.00,-1.61%,0.55,0.58,0.58,727,523,1.39,86.33%,82.77%,0.483951,"13:48 ET"
QCOM,183.91,2026-11-20,52,Put,195.00,+5.87%,20.3,20.55,20.75,836,603,1.39,51.93%,52.04%,-0.571767,"13:27 ET"
RIVN,15.02,2026-11-06,38,Call,17.00,-12.88%,0.65,0.66,0.68,1388,1000,1.39,61.44%,68.82%,0.33705,"13:19 ET"
MP,45.08,2028-01-21,479,Put,30.00,-33.38%,3.1,3.43,3.5,1407,1013,1.39,57.82%,57.71%,-0.153649,"13:22 ET"
SPCX,148.16,2026-10-02,3,Put,146.00,-2.04%,1.76,1.75,1.79,5376,3859,1.39,48.71%,51.96%,-0.362708,"13:50 ET"
CDE,17.66,2026-10-30,31,Put,16.00,-9.04%,0.45,0.52,0.5,632,459,1.38,60.57%,58.00%,-0.245872,"13:30 ET"
PLTR,185.28,2026-10-09,10,Put,167.50,-9.90%,0.74,0.77,0.8,825,596,1.38,53.08%,50.60%,-0.10084,"13:26 ET"
MU,1068.7,2026-10-16,17,Call,"1,070.00",+0.04%,60.2,61,61.4,1095,793,1.38,61.60%,65.61%,0.530784,"13:50 ET"
CMG,32.1,2026-10-02,3,Call,32.50,-1.15%,0.42,0.5,0.55,1408,1020,1.38,44.92%,59.02%,0.406466,"13:42 ET"
NVDA,228.19,2026-10-02,3,Call,237.50,-3.77%,0.4,0.4,0.41,24278,17538,1.38,34.67%,35.57%,0.114479,"13:51 ET"
BMNR,26.44,2026-10-23,24,Call,25.00,+6.19%,2.8,2.9,2.94,602,439,1.37,77.21%,76.69%,0.655882,"12:21 ET"
CDNS,320.71,2026-10-02,3,Call,340.00,-5.70%,0.5,0.63,1.4,668,488,1.37,44.97%,53.47%,0.125383,"12:59 ET"
RDDT,144.18,2026-10-02,3,Put,142.00,-1.87%,2.12,2.24,2.27,884,645,1.37,64.05%,63.04%,-0.372881,"13:43 ET"
MU,1068.7,2026-10-02,3,Put,910.00,-14.99%,1.62,1.64,1.71,1462,1067,1.37,61.60%,104.16%,-0.039513,"13:43 ET"
ORCL,137.8,2026-10-02,3,Put,134.00,-2.65%,1.37,1.5,1.44,2140,1563,1.37,52.34%,59.74%,-0.291329,"13:41 ET"
CBRS,204.79,2026-10-02,3,Call,230.00,-10.16%,1.3,1.45,1.6,2176,1585,1.37,79.42%,107.80%,0.145777,"13:51 ET"
TSM,457.54,2028-01-21,479,Put,350.00,-23.57%,24.7,24.8,25.3,2608,1901,1.37,35.23%,39.29%,-0.180503,"12:11 ET"
AUR,5.27,2027-03-19,171,Put,4.00,-24.24%,0.35,0.41,0.45,3512,2572,1.37,76.37%,74.92%,-0.201893,"11:31 ET"
TSLA,352.77,2026-10-02,3,Call,362.50,-2.75%,2.62,2.68,2.66,3857,2821,1.37,41.50%,49.19%,0.277938,"13:49 ET"
TSLA,352.77,2026-10-02,3,Put,355.00,+0.62%,7.15,7.13,7.25,5191,3783,1.37,41.50%,46.91%,-0.551629,"13:47 ET"
AVGO,354.63,2026-10-23,24,Put,315.00,-11.41%,1.59,1.62,1.68,637,469,1.36,37.04%,37.71%,-0.097233,"12:55 ET"
LCID,3.97,2026-10-16,17,Put,3.50,-11.84%,0.1,0.12,0.13,808,595,1.36,93.88%,92.95%,-0.225059,"13:50 ET"
IREN,41.28,2026-10-09,10,Call,42.00,-1.67%,1.72,1.79,1.82,845,621,1.36,80.20%,76.29%,0.473173,"13:31 ET"
ASTS,59.26,2026-10-02,3,Call,62.00,-5.08%,0.91,0.93,1.01,1546,1137,1.36,80.50%,90.68%,0.316975,"13:49 ET"
LITE,966.12,2026-10-02,3,Call,"1,000.00",-2.95%,15.6,16,17.5,2353,1725,1.36,75.83%,83.72%,0.349141,"13:49 ET"
META,730.4,2026-10-02,3,Call,720.00,+0.62%,16.5,16.93,16.8,3738,2742,1.36,42.03%,48.60%,0.598188,"13:50 ET"
APLD,25.14,2026-11-20,52,Put,20.00,-20.38%,0.98,1.02,1.05,756,558,1.35,89.64%,86.82%,-0.190186,"13:30 ET"
ASTS,59.26,2026-10-09,10,Call,65.00,-10.17%,1.11,1.16,1.27,993,737,1.35,80.50%,78.79%,0.268426,"13:47 ET"
INTC,116.06,2027-12-17,444,Put,60.00,-48.56%,4.65,4.7,4.75,1002,742,1.35,67.16%,64.55%,-0.088825,"11:54 ET"
BAC,54.97,2027-03-19,171,Call,57.50,-4.64%,3.1,3.08,3.2,1431,1060,1.35,28.89%,26.87%,0.454774,"13:26 ET"
OSS,8.68,2026-11-20,52,Call,10.00,-15.61%,0.6,0.65,0.7,1546,1142,1.35,86.17%,83.68%,0.395469,"13:48 ET"
SPCX,148.16,2026-10-09,10,Call,157.50,-5.68%,1.53,1.53,1.55,1572,1166,1.35,48.71%,47.33%,0.235279,"13:49 ET"
NVDA,228.19,2026-10-16,17,Put,217.50,-4.97%,2.29,2.27,2.31,2037,1505,1.35,34.67%,33.23%,-0.232615,"13:49 ET"
ORCL,137.8,2026-10-02,3,Call,149.00,-8.25%,0.55,0.55,0.59,2666,1980,1.35,52.34%,73.42%,0.128042,"13:46 ET"
BAC,54.97,2027-02-19,143,Call,60.00,-9.19%,1.84,1.86,1.93,5445,4021,1.35,28.89%,26.24%,0.340696,"13:40 ET"
RDDT,144.18,2026-10-02,3,Call,152.50,-5.38%,0.85,1.03,1,602,448,1.34,64.05%,67.35%,0.194786,"13:36 ET"
WMT,106.24,2026-10-09,10,Put,100.00,-5.85%,0.14,0.18,0.19,743,555,1.34,27.17%,26.67%,-0.076771,"12:54 ET"
ORCL,137.8,2026-10-02,3,Put,143.00,+3.89%,6.35,6.35,6.55,933,695,1.34,52.34%,63.84%,-0.727817,"13:35 ET"
MU,1068.7,2026-10-05,6,Call,"1,100.00",-2.76%,31.45,31.75,32,1481,1108,1.34,61.60%,81.63%,0.415199,"13:50 ET"
CRWV,86.21,2026-10-02,3,Call,91.00,-6.16%,1.06,1.17,1.13,1826,1363,1.34,77.80%,91.14%,0.264198,"13:47 ET"
AMD,609.07,2026-09-30,1,Call,655.00,-6.98%,0.08,0.1,0.14,2017,1503,1.34,53.61%,63.12%,0.015495,"13:49 ET"
COIN,188.66,2026-10-02,3,Call,200.00,-5.51%,1.58,1.58,1.67,3787,2832,1.34,65.16%,77.78%,0.219964,"13:49 ET"
LRCX,319.41,2027-06-17,261,Call,560.00,-74.86%,17.1,17.85,17.8,783,587,1.33,62.49%,62.22%,0.226338,"09:42 ET"
AMZN,246.84,2026-10-05,6,Call,265.00,-7.33%,0.13,0.13,0.14,966,727,1.33,34.59%,30.42%,0.035801,"13:33 ET"
EOSE,3.12,2026-12-18,80,Put,3.00,-4.15%,0.5,0.51,0.53,1029,774,1.33,102.66%,103.50%,-0.368142,"13:23 ET"
MU,1068.7,2026-10-02,3,Call,"1,130.00",-5.56%,19.3,19.44,19.5,1089,818,1.33,61.60%,108.42%,0.30446,"13:49 ET"
MU,1068.7,2026-10-02,3,Put,"1,050.00",-1.91%,30.65,30.74,31,3099,2333,1.33,61.60%,103.82%,-0.404712,"13:50 ET"
ASX,45.22,2026-10-16,17,Call,45.00,+0.84%,2.45,2.54,2.6,3231,2437,1.33,60.34%,61.58%,0.543833,"13:42 ET"
MRVL,261.23,2026-10-30,31,Put,260.00,-0.88%,18.05,18.2,18.5,551,416,1.32,65.86%,64.70%,-0.441729,"13:47 ET"
AAPL,331.72,2029-01-19,843,Call,230.00,+30.72%,136.2,136.19,136.95,665,502,1.32,24.58%,34.02%,0.87223,"13:50 ET"
VKTX,32.03,2026-10-02,3,Call,34.00,-6.25%,0.23,0.24,0.3,668,505,1.32,61.28%,78.39%,0.212096,"13:42 ET"
PDD,77.5,2026-10-09,10,Put,75.00,-3.15%,0.5,0.57,0.57,1096,833,1.32,33.32%,29.63%,-0.234896,"12:56 ET"
NBIS,239.69,2026-10-02,3,Call,260.00,-8.05%,1.86,2,2,3384,2558,1.32,85.16%,94.70%,0.180002,"13:50 ET"
MSTR,152.69,2026-10-02,3,Put,160.00,+4.08%,9,9,9.15,5162,3905,1.32,67.41%,79.02%,-0.733268,"13:49 ET"
GGAL,36.76,2027-01-15,108,Call,45.00,-22.38%,1.4,1.5,1.55,500,383,1.31,46.48%,48.62%,0.278694,"12:14 ET"
AVGO,354.63,2026-09-30,1,Call,350.00,+1.57%,6.1,6.4,6.25,603,461,1.31,37.04%,43.91%,0.726759,"13:42 ET"
MRVL,261.23,2027-01-15,108,Put,270.00,+2.93%,39.1,39.66,39.9,612,466,1.31,65.86%,64.36%,-0.455594,"13:42 ET"
META,730.4,2026-10-02,3,Put,705.00,-2.69%,4.15,3.85,4.25,731,558,1.31,42.03%,47.22%,-0.227915,"13:48 ET"
TSLA,352.77,2026-10-09,10,Put,335.00,-5.05%,2.73,2.73,2.78,907,693,1.31,41.50%,39.83%,-0.204478,"13:49 ET"
HOOD,115.08,2026-10-02,3,Call,116.00,-0.58%,2.78,2.81,2.82,1052,802,1.31,62.29%,75.56%,0.476189,"13:49 ET"
AMD,609.07,2026-10-02,3,Call,635.00,-3.72%,4,4.15,4.2,1057,809,1.31,53.61%,57.83%,0.227159,"13:48 ET"
MDB,332.21,2026-11-20,52,Call,400.00,-20.28%,10.45,10.58,11.2,1119,857,1.31,61.36%,61.60%,0.259109,"13:47 ET"
MU,1068.7,2026-10-02,3,Put,"1,040.00",-2.85%,26.2,26.2,26.55,1198,918,1.31,61.60%,103.17%,-0.365253,"13:42 ET"
BTDR,10.99,2026-12-18,80,Put,10.00,-9.17%,1.25,1.3,1.4,2517,1915,1.31,94.72%,93.50%,-0.325885,"11:27 ET"
SG,8.73,2026-11-20,52,Call,11.00,-25.00%,0.45,0.5,0.55,7182,5489,1.31,84.08%,90.66%,0.309866,"12:45 ET"
NVDA,228.19,2026-09-30,1,Call,212.50,+7.16%,15.8,16.4,16,553,426,1.3,34.67%,73.17%,0.970741,"13:34 ET"
PATH,12.07,2026-10-23,24,Put,12.00,-0.50%,0.6,0.6,0.64,730,562,1.3,55.78%,55.58%,-0.441771,"12:46 ET"
DOCN,137.83,2028-01-21,479,Put,80.00,-42.50%,12.3,13.3,14.8,1000,767,1.3,86.53%,79.65%,-0.133841,"13:15 ET"
RKLB,70.25,2026-10-02,3,Call,73.00,-4.14%,1,1.03,1.05,1473,1133,1.3,73.01%,79.99%,0.320828,"13:50 ET"
UBER,68.95,2026-10-02,3,Put,68.00,-1.31%,0.49,0.49,0.52,6543,5039,1.3,37.72%,37.14%,-0.326313,"13:50 ET"
PLTR,185.28,2026-10-02,3,Call,190.00,-2.21%,1.74,1.75,1.75,6786,5231,1.3,53.08%,51.62%,0.31777,"13:49 ET"
CRWV,86.21,2026-10-02,3,Call,90.00,-4.99%,1.3,1.37,1.37,13085,10032,1.3,77.80%,90.44%,0.308131,"13:50 ET"
BE,292.55,2026-10-02,3,Call,360.00,-22.27%,0.1,0.23,0.25,522,406,1.29,84.91%,105.46%,0.01779,"13:32 ET"
AMZN,246.84,2026-10-05,6,Call,260.00,-5.30%,0.33,0.37,0.36,710,550,1.29,34.59%,28.97%,0.083593,"13:43 ET"
LI,11.18,2026-10-16,17,Put,11.00,-1.61%,0.33,0.36,0.36,1019,791,1.29,45.93%,45.57%,-0.411178,"11:54 ET"
WMT,106.24,2026-10-02,3,Put,103.00,-3.02%,0.13,0.13,0.15,1158,898,1.29,27.17%,28.46%,-0.105453,"13:47 ET"
META,730.4,2028-01-21,479,Call,550.00,+24.08%,251.8,245.13,257.4,1301,1005,1.29,42.03%,45.24%,0.813912,"13:04 ET"
ORCL,137.8,2026-10-02,3,Call,157.50,-14.42%,0.18,0.2,0.22,1647,1273,1.29,52.34%,85.57%,0.046551,"13:49 ET"
ORCL,137.8,2026-10-02,3,Call,152.50,-10.79%,0.34,0.34,0.36,3491,2706,1.29,52.34%,77.85%,0.081346,"13:49 ET"
AMC,3.06,2026-10-02,3,Call,2.50,+18.30%,0.52,0.58,0.58,5753,4454,1.29,88.59%,182.80%,0.901775,"13:48 ET"
COHR,291.42,2026-10-02,3,Call,300.00,-2.50%,5.2,5.8,6.3,628,491,1.28,74.48%,85.37%,0.38089,"13:49 ET"
SPCX,148.16,2026-10-09,10,Put,149.00,-0.03%,4.8,4.8,4.85,779,608,1.28,48.71%,45.91%,-0.507766,"13:50 ET"
INTC,116.06,2026-09-30,1,Put,111.00,-4.84%,0.19,0.19,0.21,1614,1260,1.28,67.16%,70.96%,-0.096815,"13:49 ET"
TSLA,352.77,2026-10-02,3,Put,347.50,-1.51%,3.65,3.66,3.75,2545,1996,1.28,41.50%,47.06%,-0.354966,"13:50 ET"
RGTI,15.84,2026-10-09,10,Call,17.50,-10.41%,0.25,0.26,0.27,610,482,1.27,75.94%,75.74%,0.236873,"13:25 ET"
MU,1068.7,2026-10-02,3,Put,"1,005.00",-6.12%,13.8,13.85,14,711,562,1.27,61.60%,100.46%,-0.233526,"13:45 ET"
INTC,116.06,2026-10-02,3,Call,113.00,+3.13%,4.95,5,5.05,878,692,1.27,67.16%,71.73%,0.688908,"13:14 ET"
AAPL,331.72,2026-10-30,31,Put,320.00,-3.61%,4.85,4.88,5.25,1367,1080,1.27,24.58%,26.77%,-0.297001,"13:48 ET"
IOVA,14.85,2027-03-19,171,Call,17.50,-16.51%,3,3.02,3.2,1540,1210,1.27,111.49%,97.05%,0.545256,"13:50 ET"
MRNA,197.65,2026-10-02,3,Call,200.00,-0.20%,5.3,5.45,5.85,2450,1933,1.27,89.37%,93.57%,0.459332,"13:50 ET"
CRWV,86.21,2026-10-02,3,Call,88.00,-2.66%,1.92,1.98,2,2548,2011,1.27,77.80%,89.42%,0.40883,"13:50 ET"
TSLA,352.77,2028-01-21,479,Call,600.00,-70.06%,24.4,24.44,24.9,5044,3985,1.27,41.50%,47.03%,0.271658,"13:26 ET"
RDDT,144.18,2026-10-02,3,Put,144.00,-0.49%,2.99,3,3.35,637,507,1.26,64.05%,64.76%,-0.46863,"13:33 ET"
HIMS,28.32,2026-10-23,24,Call,32.00,-12.76%,0.83,0.86,0.86,712,564,1.26,76.65%,71.12%,0.286888,"13:12 ET"
CVNA,62.58,2026-10-02,3,Call,63.00,-0.51%,1.48,1.63,1.58,752,599,1.26,69.25%,73.33%,0.486532,"13:13 ET"
KGC,24.14,2027-05-21,234,Put,20.00,-17.01%,1.47,1.5,1.66,788,625,1.26,46.94%,48.70%,-0.233013,"13:09 ET"
BABA,107.7,2026-10-02,3,Put,107.00,-0.56%,1.04,1.1,1.14,902,716,1.26,40.31%,36.84%,-0.411513,"13:47 ET"
MSFT,505.98,2026-10-02,3,Call,522.50,-3.11%,1.26,1.29,1.36,1125,896,1.26,29.93%,34.09%,0.161012,"13:49 ET"
AAPL,331.72,2026-10-23,24,Put,305.00,-8.12%,0.92,1.03,1,1302,1032,1.26,24.58%,25.84%,-0.091444,"13:49 ET"
SNDK,1709.62,2026-10-02,3,Put,"1,700.00",-0.66%,47.3,46.9,48.3,1604,1271,1.26,71.51%,86.05%,-0.452114,"13:50 ET"
NBIS,239.69,2026-10-02,3,Call,270.00,-12.21%,0.85,0.94,0.97,3067,2434,1.26,85.16%,97.68%,0.094936,"13:46 ET"
AMD,609.07,2026-09-30,1,Call,647.50,-5.76%,0.18,0.21,0.24,3097,2451,1.26,53.61%,60.14%,0.02872,"13:50 ET"
NFLX,70.49,2026-10-02,3,Put,70.00,-0.82%,0.63,0.64,0.66,8962,7118,1.26,37.78%,34.91%,-0.398997,"13:48 ET"
AAPL,331.72,2026-10-02,3,Call,340.00,-2.42%,0.67,0.68,0.75,13367,10626,1.26,24.58%,27.30%,0.164904,"13:50 ET"
COIN,188.66,2026-10-02,3,Call,192.50,-1.56%,3.4,3.59,3.8,503,402,1.25,65.16%,75.29%,0.40511,"13:50 ET"
BE,292.55,2026-10-09,10,Call,300.00,-1.90%,12.15,13.31,13.85,901,718,1.25,84.91%,82.40%,0.461514,"13:44 ET"
LYFT,15.03,2029-01-19,843,Put,15.00,-0.20%,3.65,3.87,4.1,1004,804,1.25,51.48%,52.73%,-0.321665,"13:25 ET"
HOOD,115.08,2026-10-02,3,Put,117.00,+1.45%,4,3.95,4.15,1352,1080,1.25,62.29%,74.40%,-0.575406,"13:26 ET"
WOLF,27.54,2026-12-18,80,Call,30.00,-9.37%,4.2,5.05,4.5,2000,1606,1.25,100.99%,101.23%,0.530752,"10:32 ET"
ASTS,59.26,2026-10-02,3,Call,65.00,-10.17%,0.38,0.42,0.42,5898,4722,1.25,80.50%,94.17%,0.156497,"13:50 ET"
MU,1068.7,2026-10-02,3,Call,"1,140.00",-6.50%,16.85,16.9,17.05,882,711,1.24,61.60%,108.77%,0.274584,"13:46 ET"
AVGO,354.63,2026-09-30,1,Put,342.50,-3.68%,0.25,0.25,0.27,1017,818,1.24,37.04%,45.72%,-0.068776,"13:48 ET"
IOVA,14.85,2026-10-02,3,Call,12.00,+20.11%,2.8,3.14,3.3,1030,830,1.24,111.49%,223.50%,0.875374,"13:20 ET"
LITE,966.12,2026-10-02,3,Call,"1,050.00",-8.10%,6,6.2,6.4,1059,857,1.24,75.83%,86.65%,0.160352,"13:50 ET"
RBLX,41.5,2026-12-18,80,Call,52.50,-25.78%,1.95,2.2,2.45,1379,1109,1.24,70.13%,69.52%,0.30038,"12:26 ET"
CVX,204.28,2026-10-16,17,Put,195.00,-4.67%,1.27,1.32,1.42,3277,2649,1.24,28.13%,26.51%,-0.200438,"13:44 ET"
MSTR,152.69,2026-10-02,3,Call,160.00,-4.08%,1.83,1.86,1.87,6387,5149,1.24,67.41%,81.87%,0.275353,"13:49 ET"
"Downloaded from Barchart.com as of 09-29-2026 01:32pm CDT"
