Symbol,Price~,"Exp Date",DTE,Type,Strike,Moneyness,Bid,Latest,Ask,Volume,"Open Int",Vol/OI,"Imp Vol",IV,Delta,Time
MSFT,495.06,2026-10-30,36,Call,600.00,-20.97%,0.75,0.81,0.88,14965,121,123.68,27.70%,33.46%,0.040235,"13:40 ET"
MSFT,495.06,2026-10-30,36,Call,525.00,-5.85%,9.35,9.58,9.45,15012,208,72.17,27.70%,32.22%,0.308491,"13:40 ET"
ORCL,138.67,2026-09-25,1,Call,137.00,+1.12%,2.51,2.6,2.6,9965,157,63.47,49.68%,59.52%,0.641131,"13:43 ET"
FIGR,33.22,2026-10-02,8,Put,30.00,-8.76%,0.4,0.48,0.55,8190,147,55.71,78.92%,83.29%,-0.197477,"12:59 ET"
SVRA,5.04,2026-10-16,22,Call,5.00,+0.20%,0.25,0.3,0.4,10065,209,48.16,200.03%,61.96%,0.552035,"13:29 ET"
META,769.89,2026-09-25,1,Put,770.00,-0.22%,10.3,10.35,10.45,9372,216,43.39,45.28%,63.33%,-0.499606,"13:44 ET"
KR,58.97,2026-10-02,8,Call,61.00,-3.53%,0.23,0.29,0.35,8978,211,42.55,25.56%,27.48%,0.21582,"13:33 ET"
APO,120.14,2026-10-16,22,Put,115.00,-4.24%,2.05,2.15,2.25,19065,484,39.39,37.55%,36.77%,-0.298681,"13:41 ET"
LCID,4.16,2027-03-19,176,Put,3.00,-27.88%,0.53,0.57,0.59,3964,101,39.25,92.06%,111.06%,-0.203699,"12:28 ET"
APO,120.14,2026-10-16,22,Put,105.00,-12.57%,0.3,0.58,0.95,19001,507,37.48,37.55%,44.15%,-0.097453,"13:06 ET"
META,769.89,2026-09-25,1,Put,765.00,-0.87%,7.85,8,8,13091,369,35.48,45.28%,62.81%,-0.421127,"13:44 ET"
AGNC,9.74,2026-10-09,15,Put,9.50,-2.46%,0.09,0.12,0.14,10093,302,33.42,25.04%,27.14%,-0.320368,"13:22 ET"
ORCL,138.67,2026-09-25,1,Call,138.00,+0.40%,1.92,1.95,2,12989,390,33.31,49.68%,59.14%,0.551168,"13:43 ET"
MRNA,184.15,2026-09-25,1,Put,185.00,+0.75%,3.55,3.94,3.95,11912,373,31.94,83.17%,80.76%,-0.553322,"13:40 ET"
NOK,10.38,2026-10-16,22,Call,10.50,-0.96%,0.51,0.52,0.53,13242,416,31.83,58.40%,56.84%,0.493785,"13:34 ET"
AMZN,248.79,2026-10-30,36,Call,295.00,-18.31%,1.42,1.52,1.64,25189,819,30.76,32.71%,40.60%,0.106097,"13:37 ET"
FSLY,26.77,2026-10-02,8,Call,27.50,-1.29%,1.2,1.45,1.5,4722,177,26.68,99.74%,107.27%,0.45894,"13:26 ET"
NOW,138.46,2027-09-17,358,Call,200.00,-44.22%,15.1,15.67,16.15,3533,133,26.56,54.93%,56.59%,0.382684,"13:19 ET"
AUR,6,2026-10-30,36,Call,6.50,-8.88%,0.3,0.35,0.45,3259,133,24.5,73.96%,75.50%,0.415647,"12:48 ET"
MU,1070.18,2026-09-28,4,Put,"1,055.00",-1.83%,12.45,12.75,12.55,2482,102,24.33,62.86%,42.90%,-0.369117,"13:43 ET"
AVGO,350.06,2026-09-25,1,Call,352.50,-0.75%,1.46,1.47,1.5,4858,200,24.29,35.41%,35.59%,0.343552,"13:43 ET"
LTC,43.17,2026-10-16,22,Call,45.00,-4.19%,0.3,0.3,0.35,3241,134,24.19,20.71%,21.88%,0.242927,"13:39 ET"
ACAD,22.8,2026-10-16,22,Call,25.00,-9.75%,0.15,0.5,0.9,2366,100,23.66,53.87%,56.25%,0.285936,"12:25 ET"
TSLA,380.74,2026-09-25,1,Put,377.50,-0.91%,2.06,2.07,2.1,52357,2216,23.63,40.86%,43.38%,-0.352301,"13:44 ET"
VFC,13.55,2026-10-02,8,Call,13.50,+0.74%,0.33,0.44,0.39,3170,135,23.48,43.49%,41.66%,0.537651,"13:18 ET"
WULF,16.52,2026-10-16,22,Put,15.50,-6.23%,0.78,0.8,0.86,3794,162,23.42,84.00%,75.81%,-0.353607,"13:22 ET"
META,769.89,2026-09-25,1,Put,760.00,-1.52%,5.85,5.85,6.05,19721,862,22.88,45.28%,62.82%,-0.34513,"13:44 ET"
AMZN,248.79,2026-10-30,36,Call,260.00,-4.28%,7.75,7.95,7.95,26452,1210,21.86,32.71%,38.87%,0.392078,"13:43 ET"
ORCL,138.67,2026-09-25,1,Call,139.00,-0.32%,1.42,1.54,1.51,8528,392,21.76,49.68%,59.05%,0.458241,"13:43 ET"
HL,17.82,2026-10-23,29,Put,16.00,-10.31%,0.35,0.37,0.38,2352,113,20.81,59.21%,54.78%,-0.21573,"13:38 ET"
MO,69.18,2026-10-16,22,Call,72.00,-4.03%,0.49,0.59,0.55,6937,338,20.52,22.98%,22.59%,0.237342,"12:16 ET"
TSLA,380.74,2026-09-25,1,Put,382.50,+0.41%,4.4,4.46,4.5,16072,831,19.34,40.86%,43.37%,-0.579623,"13:44 ET"
ON,72.47,2026-10-02,8,Call,76.00,-4.71%,1,1,1.17,2604,136,19.15,55.61%,56.32%,0.296852,"13:38 ET"
AMD,621.22,2026-09-28,4,Put,607.50,-2.67%,5.35,5.05,5.65,1997,106,18.84,54.37%,42.16%,-0.306845,"13:38 ET"
KLAC,185.93,2026-10-02,8,Call,195.00,-4.73%,2.4,3.3,2.85,2438,132,18.47,57.69%,54.28%,0.291565,"12:45 ET"
MU,1070.18,2026-09-28,4,Call,"1,055.00",+1.83%,27.5,28.2,27.65,2055,113,18.19,62.86%,43.28%,0.630457,"13:43 ET"
TSLA,380.74,2026-09-25,1,Put,372.50,-2.22%,0.81,0.82,0.82,36604,2037,17.97,40.86%,44.17%,-0.17115,"13:44 ET"
FLY,23.16,2026-10-16,22,Put,19.00,-18.24%,0.35,0.5,0.6,3001,169,17.76,84.50%,90.06%,-0.159639,"12:10 ET"
PURR,13.9,2026-11-20,57,Call,19.00,-36.49%,1,1.05,1.15,2818,163,17.29,105.60%,114.92%,0.326085,"12:31 ET"
INTC,125.42,2026-09-25,1,Put,130.00,+3.47%,5.15,5,5.3,2061,120,17.18,69.07%,79.12%,-0.806615,"13:37 ET"
TRTX,6.64,2027-01-15,113,Put,7.00,+5.42%,0.75,0.9,0.95,2261,136,16.63,77.01%,36.24%,-0.595499,"13:18 ET"
PFE,28.45,2026-09-25,1,Put,29.00,+1.83%,0.51,0.52,0.59,2189,133,16.46,24.21%,25.24%,-0.920119,"13:38 ET"
INTC,125.42,2026-09-28,4,Put,122.00,-2.90%,1.4,1.41,1.47,1933,118,16.38,69.07%,54.19%,-0.306357,"13:35 ET"
ORCL,138.67,2026-09-25,1,Call,141.00,-1.77%,0.78,0.78,0.81,3837,235,16.33,49.68%,60.90%,0.291506,"13:43 ET"
INTC,125.42,2026-09-25,1,Put,126.00,+0.29%,2.3,2.35,2.36,2071,127,16.31,69.07%,75.16%,-0.546964,"13:43 ET"
MRNA,184.15,2026-10-02,8,Call,205.00,-11.64%,1.92,2.58,2.55,1784,111,16.07,83.17%,79.93%,0.19563,"12:54 ET"
MU,1070.18,2026-09-28,4,Put,"1,060.00",-1.36%,14.45,13.75,14.6,1958,122,16.05,62.86%,42.88%,-0.409494,"13:43 ET"
TSLA,380.74,2026-09-25,1,Put,375.00,-1.56%,1.31,1.34,1.34,71047,4547,15.63,40.86%,43.62%,-0.251987,"13:44 ET"
TSLA,380.74,2026-10-23,29,Put,220.00,-42.25%,0.18,0.18,0.2,2447,157,15.59,40.86%,82.01%,-0.006222,"13:22 ET"
ORCL,138.67,2026-09-25,1,Put,133.00,-4.01%,0.18,0.2,0.2,10775,700,15.39,49.68%,59.21%,-0.093541,"13:44 ET"
AMD,621.22,2026-09-25,1,Put,625.00,+0.14%,9.9,9.99,10.15,3724,244,15.26,54.37%,57.74%,-0.590681,"13:44 ET"
AVGO,350.06,2026-09-28,4,Call,355.00,-1.47%,2,2,2,5137,341,15.06,35.41%,27.53%,0.312678,"13:44 ET"
COF,195.77,2026-10-16,22,Call,210.00,-7.77%,1.15,1.27,1.35,10096,675,14.96,31.18%,29.40%,0.171089,"13:42 ET"
BBD,3.38,2026-11-20,57,Call,3.50,-3.55%,0.2,0.24,0.25,31250,2107,14.83,51.32%,50.84%,0.479314,"13:40 ET"
META,769.89,2026-09-28,4,Put,765.00,-0.87%,11.2,11.6,11.75,1851,126,14.69,45.28%,42.91%,-0.435845,"13:43 ET"
TSM,449.35,2026-10-23,29,Call,500.00,-11.01%,3.1,3.43,3.25,3037,207,14.67,34.12%,34.21%,0.148109,"13:24 ET"
TSLA,380.74,2026-09-25,1,Call,377.50,+0.91%,5.2,5.29,5.35,41086,2817,14.59,40.86%,43.73%,0.646865,"13:44 ET"
DKNG,21.27,2028-01-21,484,Call,55.00,-157.85%,0.84,1.21,1.15,3000,209,14.35,58.68%,59.51%,0.169202,"12:43 ET"
MSTR,161.38,2026-10-02,8,Call,167.50,-3.35%,4.2,4.6,4.35,10709,755,14.18,69.09%,71.35%,0.381502,"13:30 ET"
AMD,621.22,2026-09-25,1,Call,647.50,-3.74%,0.85,1,0.89,2394,171,14,54.37%,61.39%,0.094453,"13:42 ET"
FSLR,176.65,2027-06-17,266,Call,260.00,-47.31%,12.1,12.35,12.8,1514,109,13.89,54.42%,54.33%,0.298894,"12:14 ET"
MOS,23.81,2026-10-16,22,Call,24.50,-2.94%,0.75,0.75,0.9,1754,127,13.81,48.30%,48.00%,0.427581,"12:45 ET"
INTC,125.42,2026-09-25,1,Put,124.00,-1.31%,1.35,1.35,1.38,9276,672,13.8,69.07%,75.11%,-0.386251,"13:44 ET"
ITUB,8.05,2026-12-18,85,Put,8.00,-0.99%,0.4,0.61,0.9,4139,301,13.75,46.41%,46.13%,-0.430771,"12:06 ET"
TSLA,380.74,2026-09-25,1,Put,380.00,-0.25%,3.1,3.13,3.15,48558,3557,13.65,40.86%,43.42%,-0.464882,"13:44 ET"
GLND,4.65,2026-10-16,22,Put,4.00,-16.14%,0.7,0.7,0.75,2206,162,13.62,173.91%,247.76%,-0.285451,"13:40 ET"
DYN,16.34,2026-12-18,85,Put,19.00,+16.56%,3.3,3.81,4.1,3000,221,13.57,73.65%,65.77%,-0.619252,"12:27 ET"
META,769.89,2026-09-25,1,Put,732.50,-5.08%,0.78,0.76,0.87,5103,381,13.39,45.28%,64.85%,-0.070363,"13:41 ET"
SPCX,147.92,2028-12-15,813,Call,305.00,-106.21%,19.85,20.65,20.7,1641,124,13.23,48.48%,54.62%,0.363583,"11:57 ET"
MU,1070.18,2026-09-25,1,Call,"1,065.00",+0.90%,14.75,14.7,14.95,7923,604,13.12,62.86%,55.71%,0.564529,"13:43 ET"
MCHP,74.26,2026-10-02,8,Call,76.00,-2.49%,1.15,1.28,1.3,3834,296,12.95,49.23%,45.39%,0.370347,"12:26 ET"
STM,51.64,2026-10-02,8,Call,53.00,-2.53%,0.9,0.7,1.05,7278,562,12.95,53.45%,51.27%,0.375174,"11:21 ET"
BYND,9.21,2026-09-25,1,Call,9.50,-2.26%,0.1,0.12,0.13,2038,160,12.74,102.61%,116.74%,0.323247,"13:35 ET"
NCLH,14.22,2026-10-16,22,Call,15.50,-8.09%,0.27,0.31,0.31,2033,160,12.71,53.28%,52.43%,0.2749,"13:39 ET"
AMZN,248.79,2026-09-28,4,Call,247.50,+0.74%,2.92,3.2,3.15,2330,186,12.53,32.71%,22.99%,0.585068,"13:35 ET"
META,769.89,2026-09-25,1,Put,775.00,+0.43%,13.05,13.25,13.4,1752,140,12.51,45.28%,63.91%,-0.576263,"13:43 ET"
ORCL,138.67,2026-10-02,8,Call,141.00,-1.77%,2.92,2.94,3.05,1312,106,12.38,49.68%,49.64%,0.41988,"13:40 ET"
SNDK,1753.29,2026-09-25,1,Call,"1,765.00",-0.01%,21.7,21.35,22.1,2047,168,12.18,71.68%,72.79%,0.446334,"13:43 ET"
AAPL,336.84,2026-09-28,4,Put,332.50,-1.68%,1.02,1.05,1.11,5290,436,12.13,23.94%,19.96%,-0.250831,"13:43 ET"
INTC,125.42,2026-10-30,36,Call,180.00,-43.27%,1.58,1.62,1.68,2314,193,11.99,69.07%,84.74%,0.112221,"13:34 ET"
TSLA,380.74,2026-09-25,1,Put,387.50,+1.72%,7.9,7.99,8.05,2971,251,11.84,40.86%,44.40%,-0.775109,"13:44 ET"
SMCI,41.43,2026-10-23,29,Put,41.00,-1.18%,3,3.65,3.25,1395,118,11.82,75.16%,72.73%,-0.437451,"12:01 ET"
RKT,12.03,2026-10-16,22,Put,11.50,-3.85%,0.42,0.42,0.46,1630,138,11.81,59.12%,57.50%,-0.355275,"13:16 ET"
MU,1070.18,2026-09-25,1,Call,"1,055.00",+1.83%,20.95,21.78,21.2,11996,1017,11.8,62.86%,56.07%,0.685494,"13:43 ET"
ORCL,138.67,2026-09-25,1,Put,134.00,-3.28%,0.28,0.3,0.32,12849,1089,11.8,49.68%,58.45%,-0.137621,"13:41 ET"
FSLY,26.77,2026-09-25,1,Call,26.50,+2.39%,0.7,0.85,1.25,1700,146,11.64,99.74%,157.48%,0.551721,"13:41 ET"
EOSE,3.24,2027-02-19,148,Call,8.00,-144.65%,0.18,0.19,0.22,3001,261,11.5,101.61%,115.90%,0.203071,"12:30 ET"
META,769.89,2026-10-16,22,Put,765.00,-0.87%,29.65,29.55,30.3,2080,181,11.49,45.28%,43.83%,-0.450302,"13:39 ET"
SPCX,147.92,2026-09-25,1,Call,148.00,-0.06%,1.55,1.56,1.56,17081,1495,11.43,48.48%,53.60%,0.485959,"13:44 ET"
GOOGL,341.15,2026-10-30,36,Put,290.00,-15.11%,1.33,1.33,1.45,1654,145,11.41,32.65%,37.90%,-0.073199,"13:35 ET"
AMD,621.22,2026-09-25,1,Put,630.00,+0.94%,13.1,13.25,13.4,1997,175,11.41,54.37%,57.44%,-0.690071,"13:44 ET"
META,769.89,2026-09-25,1,Call,770.00,+0.22%,9.7,9.77,9.9,37394,3281,11.4,45.28%,62.16%,0.500374,"13:44 ET"
ARR,14.23,2027-04-16,204,Put,13.00,-8.84%,0.75,0.88,0.9,1525,134,11.38,28.52%,32.22%,-0.319369,"12:17 ET"
META,769.89,2026-09-25,1,Call,795.00,-3.02%,2.28,2.25,2.36,9826,881,11.15,45.28%,64.04%,0.170686,"13:43 ET"
EQNR,43.26,2026-10-16,22,Put,40.00,-7.15%,0.5,0.53,0.55,7725,695,11.12,39.97%,41.04%,-0.204332,"13:39 ET"
INTC,125.42,2026-09-25,1,Put,125.00,-0.51%,1.77,1.8,1.82,10396,935,11.12,69.07%,74.67%,-0.466142,"13:44 ET"
ORCL,138.67,2026-09-25,1,Call,140.00,-1.05%,1.06,1.06,1.13,22209,2058,10.79,49.68%,60.18%,0.370721,"13:44 ET"
RGTI,16.44,2026-09-25,1,Call,15.00,+8.37%,1.3,1.39,1.47,4223,394,10.72,75.51%,102.50%,0.950755,"13:31 ET"
RKT,12.03,2026-09-25,1,Call,12.00,-0.33%,0.12,0.13,0.13,4247,402,10.56,59.12%,54.55%,0.478052,"13:43 ET"
LITE,930.93,2026-09-25,1,Call,960.00,-3.44%,5.2,5.2,5.3,2647,255,10.38,74.21%,85.68%,0.223813,"13:44 ET"
SNDK,1753.29,2026-09-25,1,Call,"1,760.00",+0.27%,23.9,23.7,24.2,2008,194,10.35,71.68%,72.58%,0.475776,"13:43 ET"
ORCL,138.67,2026-10-02,8,Call,137.00,+1.12%,4.75,4.93,4.9,1660,161,10.31,49.68%,49.25%,0.57545,"13:37 ET"
INTC,125.42,2026-10-16,22,Put,102.00,-18.82%,0.88,0.89,0.92,1399,136,10.29,69.07%,66.75%,-0.088548,"13:25 ET"
SCHW,99.16,2026-09-25,1,Put,96.00,-2.70%,0.1,0.1,0.13,3330,331,10.06,31.00%,45.53%,-0.101656,"13:43 ET"
AMD,621.22,2026-09-30,6,Call,635.00,-1.74%,9.7,10.53,9.95,1166,116,10.05,54.37%,49.69%,0.372775,"13:39 ET"
WFC,81.67,2026-10-16,22,Call,87.00,-6.74%,0.8,0.83,0.87,1537,155,9.92,31.34%,32.62%,0.228618,"13:33 ET"
META,769.89,2026-09-25,1,Call,805.00,-4.31%,1.14,1.18,1.22,14959,1512,9.89,45.28%,65.21%,0.096818,"13:43 ET"
ORCL,138.67,2026-10-02,8,Call,140.00,-1.05%,3.35,3.44,3.5,5287,537,9.85,49.68%,50.01%,0.458571,"13:42 ET"
MU,1070.18,2026-09-25,1,Put,"1,050.00",-2.29%,4.7,4.74,4.8,16414,1674,9.81,62.86%,54.72%,-0.254683,"13:43 ET"
META,769.89,2026-09-25,1,Put,727.50,-5.73%,0.52,0.52,0.6,7872,808,9.74,45.28%,65.97%,-0.049791,"13:42 ET"
SNDK,1753.29,2026-09-25,1,Call,"1,825.00",-3.41%,6.8,6.8,7,4599,476,9.66,71.68%,79.55%,0.177989,"13:44 ET"
SPCX,147.92,2026-09-25,1,Call,147.00,+0.62%,2.05,2.06,2.07,12203,1277,9.56,48.48%,53.01%,0.582567,"13:44 ET"
OWL,9.22,2026-09-25,1,Put,9.50,+2.81%,0.25,0.3,0.35,2906,305,9.53,47.94%,48.97%,-0.881093,"13:40 ET"
AAPL,336.84,2026-10-09,15,Put,330.00,-2.42%,3,3.03,3.2,10643,1126,9.45,23.94%,22.69%,-0.306019,"13:42 ET"
KO,88.56,2026-10-02,8,Put,90.00,+1.68%,1.67,1.9,1.86,2361,250,9.44,19.96%,16.76%,-0.735747,"13:19 ET"
CIFR,18.39,2026-10-30,36,Put,18.00,-2.12%,1.84,2.18,2.19,1324,141,9.39,99.81%,97.35%,-0.412472,"11:27 ET"
QURE,38.35,2026-10-16,22,Put,37.00,-3.01%,4.5,4.9,5.4,1088,116,9.38,137.95%,149.03%,-0.399457,"13:20 ET"
MU,1070.18,2026-09-25,1,Call,"1,060.00",+1.36%,17.7,17.53,17.9,13057,1394,9.37,62.86%,55.84%,0.626725,"13:43 ET"
INTC,125.42,2026-09-25,1,Call,126.00,-0.29%,1.61,1.61,1.68,28935,3097,9.34,69.07%,74.92%,0.453024,"13:43 ET"
BW,6.18,2026-11-20,57,Put,5.00,-19.61%,0.35,0.41,0.45,1505,162,9.29,94.46%,100.67%,-0.227565,"11:05 ET"
AAPL,336.84,2026-09-25,1,Put,337.50,-0.20%,1.98,1.98,2.02,20795,2250,9.24,23.94%,24.99%,-0.539309,"13:44 ET"
ORCL,138.67,2026-09-25,1,Put,137.00,-1.12%,1,1,1.05,11769,1286,9.15,49.68%,57.81%,-0.355298,"13:43 ET"
ORCL,138.67,2026-10-30,36,Put,110.00,-20.61%,0.85,0.87,0.91,10906,1202,9.07,49.68%,55.09%,-0.076179,"13:44 ET"
GS,921.49,2026-09-25,1,Put,900.00,-2.18%,0.95,1.12,1.26,5393,596,9.05,34.91%,36.77%,-0.124684,"13:41 ET"
NVDA,224.16,2026-10-23,29,Put,140.00,-37.53%,0.11,0.11,0.12,1274,141,9.04,32.98%,71.41%,-0.007306,"12:58 ET"
NBIS,248.66,2026-09-25,1,Put,242.50,-1.63%,2.79,2.83,2.85,2062,228,9.04,85.26%,95.39%,-0.335674,"13:43 ET"
BX,117.04,2026-10-02,8,Put,115.00,-1.55%,1.6,2.4,1.9,1354,150,9.03,39.02%,37.41%,-0.377224,"11:20 ET"
GOOGL,341.15,2026-09-25,1,Call,345.00,-1.00%,1.1,1.1,1.14,31029,3447,9,32.65%,36.25%,0.281528,"13:44 ET"
ORCL,138.67,2026-09-25,1,Call,142.00,-2.49%,0.54,0.6,0.6,3750,422,8.89,49.68%,61.82%,0.224007,"13:43 ET"
META,769.89,2026-09-25,1,Put,745.00,-3.46%,2.13,2.18,2.23,8416,947,8.89,45.28%,63.43%,-0.159743,"13:43 ET"
EQT,51.33,2026-10-16,22,Call,53.00,-3.94%,0.86,0.86,0.95,1753,199,8.81,31.29%,31.13%,0.355299,"13:23 ET"
NUAI,7.02,2026-10-02,8,Put,6.50,-7.80%,0.15,0.2,0.25,1259,143,8.8,114.52%,105.30%,-0.272982,"12:56 ET"
WFC,81.67,2027-09-17,358,Put,80.00,-1.85%,7.4,7.5,7.55,1796,204,8.8,31.34%,28.41%,-0.392588,"13:34 ET"
WPM,143.07,2026-09-25,1,Call,152.50,-6.49%,0,0.2,0.4,962,110,8.75,45.71%,83.17%,0.073242,"13:36 ET"
MU,1070.18,2026-09-28,4,Call,"1,065.00",+0.90%,21.75,22.6,21.95,1975,226,8.74,62.86%,43.27%,0.549656,"13:43 ET"
ARM,312.14,2026-09-25,1,Call,330.00,-5.31%,1.15,1.16,1.16,7767,896,8.67,73.62%,99.41%,0.142387,"13:44 ET"
COF,195.77,2026-10-16,22,Call,220.00,-12.90%,0.25,0.32,0.45,10052,1161,8.66,31.18%,29.88%,0.058526,"13:42 ET"
PLTR,192.6,2026-09-25,1,Put,195.00,+1.07%,3.6,3.6,3.8,3203,373,8.59,52.31%,52.68%,-0.684347,"13:43 ET"
AMD,621.22,2026-09-25,1,Call,617.50,+1.07%,9.1,9.22,9.4,5182,604,8.58,54.37%,59.62%,0.566157,"13:43 ET"
BRBR,7.95,2026-11-20,57,Put,7.50,-6.37%,0.5,0.75,0.75,1210,142,8.52,90.64%,69.91%,-0.357619,"13:40 ET"
SNDK,1753.29,2026-09-25,1,Call,"1,795.00",-1.71%,12.2,12.3,12.8,981,116,8.46,71.68%,76.08%,0.290925,"13:43 ET"
ON,72.47,2026-10-02,8,Call,74.00,-1.96%,1.58,1.82,1.82,2612,309,8.45,55.61%,55.53%,0.413784,"13:15 ET"
SIG,102.33,2026-10-16,22,Put,90.00,-11.93%,0.45,0.5,0.55,949,113,8.4,40.81%,42.18%,-0.096183,"13:43 ET"
INTC,125.42,2026-09-25,1,Call,127.00,-1.08%,1.27,1.27,1.29,18959,2258,8.4,69.07%,76.25%,0.377006,"13:44 ET"
ORCL,138.67,2026-09-25,1,Call,144.00,-3.93%,0.29,0.29,0.32,6533,780,8.38,49.68%,65.35%,0.130346,"13:41 ET"
BULL,7.32,2026-10-02,8,Call,7.50,-2.32%,0.18,0.18,0.19,1601,193,8.3,60.68%,60.57%,0.411292,"13:39 ET"
ARM,312.14,2026-09-25,1,Call,337.50,-7.71%,0.58,0.6,0.61,4795,580,8.27,73.62%,105.21%,0.078419,"13:43 ET"
FSLR,176.65,2027-09-17,358,Put,120.00,-32.01%,8.4,8.8,10.55,1006,122,8.25,54.42%,55.12%,-0.146657,"13:32 ET"
NBIS,248.66,2026-09-25,1,Put,237.50,-3.66%,1.37,1.37,1.41,5081,616,8.25,85.26%,94.78%,-0.198553,"13:40 ET"
AMD,621.22,2026-09-28,4,Call,622.50,+0.26%,10.1,11.75,10.35,1030,125,8.24,54.37%,42.95%,0.482051,"13:37 ET"
AMD,621.22,2026-09-28,4,Call,632.50,-1.34%,6.25,7.7,6.45,1135,139,8.17,54.37%,43.25%,0.345911,"13:28 ET"
KLAC,185.93,2026-10-02,8,Call,190.00,-2.05%,4,5.3,4.6,2396,294,8.15,57.69%,54.97%,0.412267,"12:42 ET"
SPCX,147.92,2026-10-09,15,Call,180.00,-21.70%,0.25,0.26,0.27,11968,1475,8.11,48.48%,53.89%,0.04127,"13:39 ET"
LUNR,16.03,2026-10-02,8,Put,13.50,-15.94%,0.05,0.13,0.13,1485,184,8.07,85.39%,89.42%,-0.087238,"11:20 ET"
NKE,35.72,2026-10-02,8,Call,41.50,-15.82%,0.17,0.18,0.2,2314,287,8.06,48.87%,76.32%,0.101138,"13:11 ET"
DELL,534.77,2026-09-25,1,Call,535.00,+0.09%,6.45,7,7.5,1189,148,8.03,59.67%,63.39%,0.501894,"13:41 ET"
META,769.89,2026-11-20,57,Put,750.00,-2.81%,45.05,44.95,45.55,2044,256,7.98,45.28%,47.12%,-0.399144,"13:43 ET"
FSLY,26.77,2026-10-16,22,Call,26.00,+4.24%,2.7,3.26,3.3,2179,275,7.92,99.74%,101.40%,0.594598,"12:37 ET"
META,769.89,2026-09-25,1,Call,780.00,-1.07%,5.6,5.76,5.95,28869,3714,7.77,45.28%,62.63%,0.347347,"13:44 ET"
TSLA,380.74,2026-09-25,1,Put,367.50,-3.53%,0.29,0.3,0.31,15366,1979,7.76,40.86%,46.46%,-0.072156,"13:43 ET"
SBUX,93.14,2027-06-17,266,Call,105.00,-12.81%,5.5,5.95,6.15,2294,296,7.75,29.57%,31.28%,0.384092,"12:43 ET"
AEM,192.2,2026-12-18,85,Put,190.00,-1.33%,13.5,14.43,14.9,1005,130,7.73,42.94%,43.19%,-0.426856,"12:17 ET"
BE,266.99,2026-09-25,1,Call,260.00,+2.62%,8.2,8.89,9.6,2463,321,7.67,80.36%,94.04%,0.694781,"13:43 ET"
META,769.89,2026-09-25,1,Put,750.00,-2.81%,3.05,3.1,3.2,25806,3370,7.66,45.28%,63.18%,-0.212714,"13:43 ET"
SNDK,1753.29,2026-09-25,1,Call,"1,770.00",-0.29%,19.8,19.95,20.2,1858,245,7.58,71.68%,73.31%,0.417827,"13:44 ET"
ORCL,138.67,2026-09-25,1,Put,136.00,-1.84%,0.66,0.67,0.73,8289,1097,7.56,49.68%,57.50%,-0.268811,"13:43 ET"
AMD,621.22,2026-09-25,1,Call,625.00,-0.14%,5.5,5.65,5.7,10976,1453,7.55,54.37%,59.04%,0.41184,"13:43 ET"
AMZN,248.79,2026-09-30,6,Call,252.50,-1.27%,1.85,2.02,1.94,1807,240,7.53,32.71%,26.89%,0.339,"13:39 ET"
TSLA,380.74,2026-09-28,4,Call,387.50,-1.72%,2.45,2.6,2.5,2757,366,7.53,40.86%,32.10%,0.307533,"13:42 ET"
AVGO,350.06,2026-09-30,6,Call,340.00,+2.82%,11.5,12.9,12.45,802,107,7.5,35.41%,32.12%,0.764612,"13:04 ET"
TSLA,380.74,2026-09-30,6,Call,405.00,-6.31%,0.95,1.02,0.98,2827,378,7.48,40.86%,38.21%,0.109466,"13:42 ET"
EBAY,108.16,2026-11-20,57,Put,100.00,-7.44%,3,3.15,3.3,933,125,7.46,35.31%,39.74%,-0.277427,"12:08 ET"
DX,11.48,2026-12-18,85,Put,10.00,-12.97%,0.05,0.13,0.1,2182,293,7.45,27.39%,23.93%,-0.110945,"11:09 ET"
ORCL,138.67,2026-10-09,15,Call,146.00,-5.38%,2.59,2.62,2.71,1481,199,7.44,49.68%,48.58%,0.316175,"13:34 ET"
PM,191.4,2026-12-18,85,Put,190.00,-0.92%,9.6,9.8,10.1,1642,221,7.43,28.62%,29.60%,-0.441526,"12:55 ET"
SNDK,1753.29,2026-09-25,1,Put,"1,760.00",-0.27%,28.5,29.2,28.8,1922,259,7.42,71.68%,70.57%,-0.52556,"13:44 ET"
MU,1070.18,2026-09-25,1,Call,"1,075.00",-0.03%,9.8,9.85,10,11872,1601,7.42,62.86%,55.44%,0.436839,"13:44 ET"
NVDA,224.16,2026-09-25,1,Put,222.50,-0.71%,1.02,1.04,1.04,53567,7216,7.42,32.98%,33.67%,-0.374033,"13:44 ET"
ENTG,145.84,2026-10-16,22,Call,210.00,-43.66%,0.05,0.1,0.2,782,106,7.38,66.37%,66.06%,0.015609,"12:40 ET"
META,769.89,2026-10-02,8,Put,760.00,-1.52%,16.6,16.48,17.05,2307,314,7.35,45.28%,47.60%,-0.412309,"13:43 ET"
AAPL,336.84,2026-09-25,1,Put,332.50,-1.68%,0.42,0.43,0.43,36284,4956,7.32,23.94%,26.99%,-0.166775,"13:44 ET"
TSLA,380.74,2026-10-05,11,Call,385.00,-1.06%,8.6,8.8,8.75,1086,149,7.29,40.86%,39.71%,0.454555,"13:43 ET"
ARM,312.14,2026-10-16,22,Put,305.00,-2.66%,17.9,17.29,18.1,932,128,7.28,73.62%,71.22%,-0.412114,"13:32 ET"
META,769.89,2026-09-25,1,Call,790.00,-2.37%,3.1,3.2,3.25,14955,2060,7.26,45.28%,63.38%,0.220197,"13:43 ET"
AMD,621.22,2026-10-02,8,Call,500.00,+19.89%,119.45,125.3,125.3,3827,530,7.22,54.37%,89.73%,0.955103,"12:57 ET"
MU,1070.18,2026-09-28,4,Call,"1,060.00",+1.36%,24.5,24.17,24.7,2623,364,7.21,62.86%,43.25%,0.590483,"13:43 ET"
AMD,621.22,2026-09-28,4,Call,625.00,-0.14%,9,9.04,9.25,1211,169,7.17,54.37%,43.01%,0.446735,"13:43 ET"
TSLA,380.74,2026-10-02,8,Put,390.00,+2.38%,15.05,15.21,15.25,3289,459,7.17,40.86%,43.76%,-0.630917,"13:38 ET"
IREN,46.37,2026-10-16,22,Put,40.50,-12.73%,1.1,1.03,1.15,926,130,7.12,80.36%,76.72%,-0.208298,"13:09 ET"
AMD,621.22,2026-09-28,4,Put,590.00,-5.47%,1.73,1.8,1.8,2415,340,7.1,54.37%,42.85%,-0.125219,"13:44 ET"
META,769.89,2026-09-25,1,Call,810.00,-4.96%,0.8,0.87,0.88,14075,1988,7.08,45.28%,66.07%,0.071939,"13:43 ET"
META,769.89,2026-09-25,1,Put,755.00,-2.17%,4.25,4.5,4.4,12084,1725,7.01,45.28%,62.67%,-0.274017,"13:43 ET"
META,769.89,2026-09-25,1,Call,760.00,+1.52%,15.2,15.25,15.6,23695,3385,7,45.28%,61.72%,0.657409,"13:43 ET"
AMD,621.22,2026-09-25,1,Call,642.50,-2.94%,1.31,1.37,1.39,2107,302,6.98,54.37%,60.37%,0.137576,"13:43 ET"
ARM,312.14,2026-09-25,1,Call,165.00,+47.34%,146.05,151.02,149,794,114,6.96,73.62%,639.18%,0.98071,"13:07 ET"
MU,1070.18,2026-09-28,4,Put,"1,070.00",-0.43%,19.2,19.36,19.3,1058,152,6.96,62.86%,42.97%,-0.492277,"13:43 ET"
META,769.89,2026-09-28,4,Call,820.00,-6.26%,1.5,1.7,1.67,1840,266,6.92,45.28%,45.15%,0.094807,"13:40 ET"
MRNA,184.15,2027-03-19,176,Call,190.00,-3.47%,41.15,41.87,43.05,1932,279,6.92,83.17%,85.75%,0.608611,"12:54 ET"
AAPL,336.84,2026-09-25,1,Put,335.00,-0.94%,0.97,0.97,0.99,47531,6868,6.92,23.94%,25.96%,-0.325127,"13:43 ET"
MU,1070.18,2026-09-25,1,Call,"1,070.00",+0.43%,12.05,12.05,12.2,14370,2096,6.86,62.86%,55.17%,0.500617,"13:44 ET"
MU,1070.18,2026-09-25,1,Put,"1,065.00",-0.90%,9.9,10.05,10.05,3916,572,6.85,62.86%,54.44%,-0.434481,"13:44 ET"
AMD,621.22,2026-09-25,1,Call,622.50,+0.26%,6.6,6.65,6.8,5276,771,6.84,54.37%,59.32%,0.463157,"13:43 ET"
NBIS,248.66,2026-09-25,1,Put,240.00,-2.64%,2.01,2.01,2.03,7543,1106,6.82,85.26%,95.19%,-0.263323,"13:44 ET"
MU,1070.18,2026-09-25,1,Put,"1,045.00",-2.76%,3.65,3.7,3.7,5492,807,6.81,62.86%,55.43%,-0.207167,"13:44 ET"
AMD,621.22,2026-09-30,6,Put,580.00,-7.07%,2.68,2.56,2.81,1222,180,6.79,54.37%,49.33%,-0.134729,"13:40 ET"
GOOG,337.13,2026-09-25,1,Call,337.50,+0.03%,2.29,2.33,2.35,6719,993,6.77,32.39%,35.21%,0.482725,"13:44 ET"
INTC,125.42,2026-09-25,1,Put,122.00,-2.90%,0.69,0.68,0.73,12308,1821,6.76,69.07%,74.89%,-0.240479,"13:42 ET"
SNDK,1753.29,2026-09-25,1,Call,"1,780.00",-0.86%,16.3,16.25,16.7,2093,310,6.75,71.68%,74.03%,0.362988,"13:43 ET"
ARM,312.14,2026-09-25,1,Put,305.00,-2.66%,2.86,2.6,2.99,2329,345,6.75,73.62%,87.90%,-0.309943,"13:40 ET"
ALAB,366.3,2026-10-16,22,Put,340.00,-7.19%,16.45,16.73,17.85,802,119,6.74,84.26%,82.70%,-0.31819,"13:33 ET"
DVN,49.19,2026-09-25,1,Put,49.00,+0.08%,0.15,0.5,0.77,1005,150,6.7,37.68%,69.51%,-0.364911,"13:10 ET"
MU,1070.18,2026-09-25,1,Put,"1,055.00",-1.83%,6.05,6.11,6.15,8018,1197,6.7,62.86%,54.16%,-0.309007,"13:43 ET"
DHT,21.71,2026-11-20,57,Call,24.00,-10.75%,0.7,0.8,0.9,877,131,6.69,50.29%,52.98%,0.30792,"12:08 ET"
ORCL,138.67,2026-09-25,1,Put,131.00,-5.45%,0.08,0.1,0.1,3396,508,6.69,49.68%,63.82%,-0.046493,"13:28 ET"
NBIS,248.66,2026-09-25,1,Put,245.00,-0.62%,3.75,3.9,3.85,2426,363,6.68,85.26%,95.33%,-0.413361,"13:43 ET"
META,769.89,2026-10-02,8,Put,755.00,-2.17%,14.4,14.04,15.05,885,133,6.65,45.28%,47.62%,-0.376244,"13:31 ET"
INTC,125.42,2026-09-25,1,Call,125.00,+0.51%,2.12,2.12,2.15,66754,10033,6.65,69.07%,75.39%,0.533838,"13:44 ET"
RIG,5.5,2026-10-16,22,Call,4.00,+26.87%,1.42,1.48,1.64,670,101,6.63,48.75%,103.12%,0.914565,"13:44 ET"
AMD,621.22,2026-09-25,1,Put,622.50,-0.26%,8.45,8.6,8.7,1890,285,6.63,54.37%,57.67%,-0.538528,"13:44 ET"
AMD,621.22,2026-09-30,6,Put,550.00,-11.88%,0.64,0.67,0.73,814,123,6.62,54.37%,54.40%,-0.038441,"13:27 ET"
META,769.89,2026-10-09,15,Call,750.00,+2.81%,38.95,39.23,39.55,6125,927,6.61,45.28%,45.15%,0.634146,"13:43 ET"
AMD,621.22,2026-09-25,1,Put,610.00,-2.27%,3.35,3.44,3.5,7328,1110,6.6,54.37%,58.47%,-0.284948,"13:44 ET"
AMD,621.22,2026-09-25,1,Call,615.00,+1.47%,10.55,10.82,10.9,9022,1366,6.6,54.37%,59.84%,0.616254,"13:43 ET"
QXO,12.16,2026-10-30,36,Call,14.00,-15.13%,0.25,0.25,0.4,817,124,6.59,60.40%,60.43%,0.25757,"13:35 ET"
NBIS,248.66,2026-09-25,1,Call,247.50,-0.40%,4.9,4.95,5,3578,544,6.58,85.26%,96.92%,0.506506,"13:43 ET"
INTC,125.42,2026-09-28,4,Put,124.00,-1.31%,2.17,2.1,2.26,722,110,6.56,69.07%,54.57%,-0.413641,"13:24 ET"
ORCL,138.67,2026-09-25,1,Call,143.00,-3.21%,0.39,0.4,0.45,2388,364,6.56,49.68%,63.72%,0.172185,"13:42 ET"
BETR,11.33,2026-10-16,22,Put,10.00,-11.74%,0.5,0.5,0.6,655,100,6.55,109.15%,100.81%,-0.280699,"13:44 ET"
ORCL,138.67,2026-09-25,1,Put,132.00,-4.73%,0.12,0.13,0.15,6045,933,6.48,49.68%,61.97%,-0.0675,"13:36 ET"
MSFT,495.06,2026-09-25,1,Put,492.50,-0.71%,1.9,2,2,8173,1270,6.44,27.70%,29.57%,-0.367537,"13:44 ET"
AMZN,248.79,2026-09-25,1,Call,245.00,+1.74%,3.9,4,4.1,8039,1252,6.42,32.71%,30.16%,0.826383,"13:44 ET"
TSLA,380.74,2026-09-28,4,Put,382.50,+0.41%,5.9,6,6.05,1832,286,6.41,40.86%,31.79%,-0.548166,"13:43 ET"
AMD,621.22,2026-09-25,1,Call,612.50,+1.87%,12.15,14.85,12.5,4141,647,6.4,54.37%,60.07%,0.664286,"13:30 ET"
RBLX,50.09,2026-10-02,8,Call,51.00,-2.74%,1.32,1.45,1.49,684,107,6.39,64.52%,60.37%,0.442351,"13:39 ET"
MSFT,495.06,2026-09-25,1,Call,497.50,-0.30%,1.98,2.07,2.09,10859,1703,6.38,27.70%,30.06%,0.378962,"13:43 ET"
SNOW,334.65,2027-06-17,266,Put,200.00,-40.38%,8.4,8.82,9.1,860,135,6.37,47.23%,58.39%,-0.090892,"11:31 ET"
META,769.89,2026-09-25,1,Put,742.50,-3.79%,1.76,1.82,1.84,3365,532,6.33,45.28%,63.54%,-0.13675,"13:43 ET"
AVGO,350.06,2026-09-25,1,Call,350.00,-0.04%,2.44,2.46,2.5,7727,1221,6.33,35.41%,35.13%,0.491576,"13:43 ET"
ORCL,138.67,2026-09-25,1,Put,135.00,-2.56%,0.43,0.45,0.49,22699,3593,6.32,49.68%,57.73%,-0.195374,"13:42 ET"
RAPP,32.71,2026-11-20,57,Call,45.00,-37.15%,0,2.65,3.5,1212,192,6.31,102.33%,99.18%,0.269923,"11:25 ET"
SPCX,147.92,2026-09-25,1,Call,149.00,-0.74%,1.14,1.15,1.15,14412,2283,6.31,48.48%,54.19%,0.392816,"13:44 ET"
TSLA,380.74,2026-09-25,1,Call,387.50,-1.72%,1.15,1.13,1.17,30689,4867,6.31,40.86%,44.73%,0.227262,"13:43 ET"
PLTR,192.6,2026-10-23,29,Put,185.00,-4.12%,6.5,6.65,6.8,1746,279,6.26,52.31%,47.69%,-0.353467,"13:43 ET"
AMD,621.22,2026-09-25,1,Call,632.50,-1.34%,3.1,3.16,3.25,3151,503,6.26,54.37%,59.38%,0.272543,"13:43 ET"
PCG,12.27,2026-10-02,8,Call,12.00,+2.28%,0.39,0.34,0.46,875,140,6.25,42.73%,37.44%,0.66647,"13:36 ET"
APLD,27.46,2026-10-02,8,Call,26.50,+3.67%,1.67,1.69,1.72,2633,421,6.25,92.43%,76.10%,0.634639,"13:43 ET"
MGM,33.58,2026-10-16,22,Call,38.00,-12.63%,0.15,0.19,0.25,970,156,6.22,38.47%,40.28%,0.12589,"13:32 ET"
DELL,534.77,2026-10-02,8,Call,575.00,-7.38%,5.25,5.35,5.65,1677,270,6.21,59.67%,58.40%,0.21539,"13:42 ET"
SNDK,1753.29,2026-09-25,1,Call,"1,790.00",-1.43%,13.5,13.4,13.8,1333,215,6.2,71.68%,75.18%,0.313155,"13:44 ET"
MU,1070.18,2026-09-25,1,Put,"1,035.00",-3.69%,2.25,2.28,2.3,5282,852,6.2,62.86%,58.07%,-0.13634,"13:44 ET"
Q,121.87,2026-10-16,22,Put,100.00,-18.03%,0.3,0.35,0.5,22664,3662,6.19,54.75%,53.31%,-0.056007,"11:52 ET"
MRNA,184.15,2026-10-02,8,Put,150.00,-18.31%,0.3,0.32,0.4,3109,507,6.13,83.17%,80.40%,-0.038182,"13:09 ET"
META,769.89,2026-09-30,6,Call,820.00,-6.26%,3.9,3.94,4.1,1126,184,6.12,45.28%,48.41%,0.162867,"13:43 ET"
MSFT,495.06,2026-09-25,1,Call,492.50,+0.71%,4.4,4.83,4.75,6568,1074,6.12,27.70%,30.54%,0.628901,"13:38 ET"
MU,1070.18,2026-09-28,4,Put,"1,065.00",-0.90%,16.7,16.95,16.8,752,123,6.11,62.86%,42.85%,-0.450712,"13:43 ET"
TSLA,380.74,2026-09-25,1,Put,370.00,-2.87%,0.49,0.49,0.5,37405,6135,6.1,40.86%,45.15%,-0.112289,"13:44 ET"
MGM,33.58,2026-10-16,22,Call,35.00,-3.73%,0.7,0.77,0.8,1208,199,6.07,38.47%,37.90%,0.366919,"13:39 ET"
ORCL,138.67,2026-10-02,8,Put,127.00,-8.34%,0.53,0.52,0.59,687,114,6.03,49.68%,49.52%,-0.110566,"13:15 ET"
INTC,125.42,2026-09-25,1,Call,124.00,+1.31%,2.63,2.8,2.71,20168,3351,6.02,69.07%,74.46%,0.614713,"13:40 ET"
AMD,621.22,2026-09-28,4,Put,575.00,-7.87%,0.59,0.55,0.65,1069,178,6.01,54.37%,44.94%,-0.049935,"13:22 ET"
AAPL,336.84,2026-09-25,1,Call,337.50,+0.20%,1.55,1.55,1.6,61888,10291,6.01,23.94%,25.48%,0.462165,"13:44 ET"
AMD,621.22,2026-09-25,1,Call,662.50,-6.14%,0.22,0.24,0.26,888,148,6,54.37%,65.76%,0.029427,"13:43 ET"
PL,17.6,2026-10-02,8,Call,17.00,+3.52%,0.95,1.07,1.1,1356,226,6,71.51%,69.71%,0.642691,"13:30 ET"
MU,1070.18,2026-09-25,1,Put,"1,060.00",-1.36%,7.75,8,7.9,6210,1036,5.99,62.86%,54.05%,-0.369788,"13:43 ET"
SNDK,1753.29,2026-09-25,1,Call,"1,775.00",-0.58%,18,18.21,18.4,1115,187,5.96,71.68%,73.71%,0.390039,"13:44 ET"
WFC,81.67,2026-10-02,8,Call,82.00,-0.60%,1.06,1.08,1.19,774,130,5.95,31.34%,26.56%,0.466876,"13:11 ET"
AMD,621.22,2026-09-25,1,Put,615.00,-1.47%,5,5.15,5.15,6818,1147,5.94,54.37%,57.92%,-0.3806,"13:44 ET"
TSLA,380.74,2026-09-25,1,Call,380.00,+0.25%,3.75,3.8,3.85,99883,16811,5.94,40.86%,43.50%,0.53539,"13:44 ET"
ACGL,95.64,2026-11-20,57,Call,100.00,-4.66%,2,2.05,2.25,858,145,5.92,22.37%,24.24%,0.359399,"13:43 ET"
TEVA,39.65,2026-11-20,57,Call,43.00,-8.09%,1.17,1.24,1.29,2156,364,5.92,34.89%,38.29%,0.335316,"13:29 ET"
BHF,53.27,2026-10-16,22,Call,65.00,-21.88%,0.15,0.15,0.4,5085,859,5.92,55.31%,55.88%,0.086343,"13:15 ET"
BAC,55.94,2026-09-25,1,Put,56.00,-0.02%,0.36,0.39,0.38,19256,3256,5.91,28.04%,28.44%,-0.531926,"13:38 ET"
META,769.89,2026-09-25,1,Call,815.00,-5.61%,0.56,0.57,0.6,8640,1465,5.9,45.28%,66.63%,0.052032,"13:44 ET"
CPNG,14.06,2026-10-02,8,Put,15.00,+6.38%,0.87,1.06,1.07,827,141,5.87,46.78%,33.71%,-0.902164,"12:10 ET"
NBIS,248.66,2026-09-25,1,Call,242.50,+1.63%,7.7,7.75,7.85,5250,899,5.84,85.26%,96.87%,0.662339,"13:44 ET"
XYL,102.88,2026-10-16,22,Call,110.00,-6.70%,0.6,0.7,0.8,1492,256,5.83,30.97%,28.55%,0.183733,"13:44 ET"
NVDA,224.16,2026-10-05,11,Call,220.00,+1.83%,6.55,6.7,6.7,669,115,5.82,32.98%,28.51%,0.649288,"13:37 ET"
CCL,21.83,2026-09-25,1,Call,22.00,-0.32%,0.17,0.19,0.24,11135,1914,5.82,48.19%,63.06%,0.404947,"13:40 ET"
T,25.59,2026-10-02,8,Call,26.00,-1.64%,0.2,0.2,0.22,6334,1090,5.81,26.19%,25.15%,0.338627,"13:43 ET"
NBIS,248.66,2026-09-25,1,Put,232.50,-5.69%,0.6,0.64,0.63,2134,368,5.8,85.26%,95.40%,-0.102445,"13:43 ET"
AMD,621.22,2026-09-25,1,Call,652.50,-4.54%,0.54,0.64,0.58,2022,349,5.79,54.37%,62.62%,0.064019,"13:41 ET"
BHF,53.27,2026-10-16,22,Call,55.00,-3.13%,2.2,2.55,2.55,5141,891,5.77,55.31%,58.70%,0.447423,"13:15 ET"
BULL,7.32,2026-10-30,36,Call,8.50,-15.96%,0.19,0.21,0.2,2265,396,5.72,60.68%,61.30%,0.253589,"12:37 ET"
MGY,24.75,2026-10-16,22,Put,25.00,+1.30%,0.9,1,1,1010,177,5.71,37.27%,34.64%,-0.521603,"13:24 ET"
AMD,621.22,2026-09-25,1,Call,657.50,-5.34%,0.35,0.36,0.39,803,141,5.7,54.37%,64.30%,0.043808,"13:43 ET"
INTC,125.42,2026-09-25,1,Call,131.00,-4.27%,0.38,0.43,0.4,6190,1086,5.7,69.07%,79.37%,0.1478,"13:41 ET"
META,769.89,2026-09-30,6,Put,742.50,-3.79%,7.1,7.08,7.5,594,105,5.66,45.28%,45.92%,-0.259143,"13:42 ET"
AMD,621.22,2026-09-28,4,Put,595.00,-4.67%,2.44,2.36,2.56,617,109,5.66,54.37%,42.56%,-0.166675,"13:41 ET"
INTC,125.42,2026-09-28,4,Call,126.00,-0.29%,2.49,2.54,2.58,2156,381,5.66,69.07%,54.22%,0.475408,"13:43 ET"
TR,37.7,2026-10-16,22,Call,40.00,-6.07%,0.2,0.2,0.35,822,146,5.63,30.94%,27.03%,0.202416,"13:43 ET"
AEM,192.2,2026-09-25,1,Call,202.50,-5.16%,0,0.55,0.5,1755,312,5.63,42.94%,70.31%,0.079264,"12:58 ET"
GLND,4.65,2026-10-16,22,Call,5.00,-4.82%,0.55,0.65,0.65,4145,742,5.59,173.91%,157.77%,0.512356,"13:42 ET"
STM,51.64,2026-10-02,8,Call,55.00,-6.40%,0.4,0.55,0.5,7270,1310,5.55,53.45%,51.32%,0.210313,"13:03 ET"
TSLA,380.74,2026-09-25,1,Call,385.00,-1.06%,1.77,1.77,1.8,80184,14508,5.53,40.86%,44.24%,0.31672,"13:44 ET"
TSLA,380.74,2026-09-28,4,Call,382.50,-0.41%,4.2,4.2,4.3,5750,1042,5.52,40.86%,31.75%,0.45302,"13:44 ET"
MSFT,495.06,2026-09-30,6,Call,515.00,-3.83%,0.78,0.84,0.88,1124,204,5.51,27.70%,24.66%,0.111019,"13:43 ET"
AMD,621.22,2026-09-25,1,Call,645.00,-3.34%,1.05,1.08,1.12,4757,865,5.5,54.37%,60.86%,0.114275,"13:43 ET"
UAL,111.14,2026-10-02,8,Call,120.00,-7.84%,0.42,0.56,0.67,1147,209,5.49,51.60%,48.01%,0.139918,"13:30 ET"
QUBT,9.23,2026-10-16,22,Put,8.50,-7.61%,0.29,0.3,0.3,1001,184,5.44,72.45%,67.75%,-0.283675,"12:47 ET"
AAOI,101.86,2026-09-25,1,Call,103.00,-1.33%,1.25,1.4,1.6,608,112,5.43,90.84%,106.47%,0.376363,"13:41 ET"
MU,1070.18,2026-09-25,1,Call,"1,085.00",-0.96%,6.45,6.45,6.55,5740,1058,5.43,62.86%,56.67%,0.320213,"13:44 ET"
OKE,91.17,2026-11-20,57,Call,100.00,-10.23%,1.05,1.19,1.25,3041,561,5.42,29.63%,27.89%,0.212177,"13:18 ET"
INTC,125.42,2026-09-25,1,Call,129.00,-2.67%,0.7,0.69,0.75,6274,1157,5.42,69.07%,77.72%,0.244823,"13:43 ET"
IOVA,10.4,2026-09-25,1,Call,2.00,+80.82%,8.3,8.41,8.5,681,126,5.4,92.76%,"1,233.60%",0.99799,"13:35 ET"
MDB,417.41,2026-10-02,8,Call,430.00,-2.56%,10.75,14.7,13.1,785,146,5.38,59.57%,69.42%,0.409256,"11:16 ET"
AMZN,248.79,2026-09-25,1,Call,247.50,+0.74%,2.13,2.15,2.22,23011,4279,5.38,32.71%,29.81%,0.617987,"13:43 ET"
INTC,125.42,2026-09-25,1,Put,127.00,+1.08%,2.91,2.99,3.05,1021,190,5.37,69.07%,77.10%,-0.621731,"13:43 ET"
MO,69.18,2026-10-02,8,Put,69.00,-0.30%,0.72,0.75,0.81,1467,273,5.37,22.98%,20.61%,-0.464043,"13:01 ET"
COIN,198.24,2026-09-25,1,Put,197.50,-0.42%,2.69,2.85,2.85,1787,333,5.37,64.59%,71.95%,-0.470677,"13:44 ET"
PFE,28.45,2026-11-20,57,Call,32.00,-12.36%,0.19,0.19,0.2,7531,1402,5.37,24.21%,26.41%,0.135641,"13:43 ET"
AMD,621.22,2026-09-30,6,Call,655.00,-4.94%,4.6,6,4.8,577,108,5.34,54.37%,50.48%,0.212534,"13:15 ET"
MU,1070.18,2026-09-28,4,Call,"1,075.00",-0.03%,16.85,16.85,16.95,2185,410,5.33,62.86%,43.17%,0.46738,"13:44 ET"
APA,44.2,2026-10-02,8,Call,47.00,-6.75%,0.26,0.4,0.36,851,160,5.32,44.20%,45.49%,0.193966,"12:03 ET"
MU,1070.18,2026-09-25,1,Call,"1,100.00",-2.36%,3.25,3.35,3.35,40717,7652,5.32,62.86%,58.88%,0.185663,"13:44 ET"
ADBE,236.98,2026-10-02,8,Put,237.50,+0.11%,5.3,5.58,5.9,542,102,5.31,39.35%,38.98%,-0.497202,"13:40 ET"
GPRO,1.265,2026-11-20,57,Call,1.0000,+20.95%,0.3,0.35,0.35,1429,269,5.31,78.22%,89.45%,0.801852,"13:09 ET"
TSLA,380.74,2026-09-28,4,Put,370.00,-2.87%,1.4,1.43,1.43,4592,867,5.3,40.86%,32.46%,-0.194415,"13:43 ET"
PFE,28.45,2026-10-02,8,Put,28.50,+0.07%,0.36,0.41,0.41,667,126,5.29,24.21%,21.48%,-0.513853,"13:40 ET"
BE,266.99,2026-09-25,1,Call,255.00,+4.49%,11.8,13.25,14.2,1063,201,5.29,80.36%,104.08%,0.794388,"13:32 ET"
KKR,95.25,2026-10-16,22,Call,105.00,-10.48%,0.65,0.78,0.9,3036,575,5.28,39.05%,39.38%,0.165916,"13:31 ET"
GOOGL,341.15,2026-09-25,1,Call,337.50,+1.20%,4.6,5.03,4.95,7056,1336,5.28,32.65%,35.63%,0.72238,"13:42 ET"
META,769.89,2026-09-25,1,Call,800.00,-3.66%,1.64,1.64,1.71,68510,12984,5.28,45.28%,64.73%,0.130091,"13:44 ET"
APLD,27.46,2026-10-09,15,Call,27.50,+0.04%,2,2.2,2.19,548,104,5.27,92.43%,97.07%,0.531368,"13:34 ET"
BKNG,156.52,2026-11-20,57,Call,160.00,-2.47%,9.3,9.58,9.7,579,110,5.26,41.34%,43.81%,0.491923,"13:33 ET"
LUV,41.43,2026-10-02,8,Call,44.00,-6.41%,0.13,0.13,0.25,679,129,5.26,40.58%,39.27%,0.155098,"13:22 ET"
MU,1070.18,2026-09-28,4,Put,"1,090.00",+1.43%,31.25,29.95,31.4,624,119,5.24,62.86%,43.58%,-0.650789,"13:42 ET"
MU,1070.18,2026-09-25,1,Put,"1,022.50",-4.85%,1.29,1.11,1.32,648,124,5.23,62.86%,62.31%,-0.081207,"13:39 ET"
WYNN,79.86,2026-12-18,85,Put,70.00,-12.45%,1.67,1.82,2,1005,192,5.23,36.39%,38.98%,-0.199353,"13:40 ET"
AMZN,248.79,2026-09-30,6,Call,247.50,+0.74%,3.95,4.04,4.1,780,150,5.2,32.71%,26.46%,0.566375,"13:43 ET"
TSLA,380.74,2026-09-28,4,Call,392.50,-3.03%,1.37,1.45,1.4,1709,330,5.18,40.86%,32.87%,0.19409,"13:42 ET"
TSLA,380.74,2026-09-28,4,Call,377.50,+0.91%,6.75,6.95,6.9,4074,787,5.18,40.86%,31.65%,0.609769,"13:34 ET"
MU,1070.18,2026-09-25,1,Put,"1,032.50",-3.92%,1.98,2.11,2.03,1178,228,5.17,62.86%,58.65%,-0.122,"13:43 ET"
TSM,449.35,2027-09-17,358,Put,400.00,-11.19%,34.65,34.76,35.9,10005,1935,5.17,34.12%,37.18%,-0.284077,"12:43 ET"
MSFT,495.06,2026-09-28,4,Put,495.00,-0.20%,4.1,4.2,4.55,1969,382,5.15,27.70%,21.26%,-0.491027,"13:41 ET"
SNDK,1753.29,2026-09-25,1,Put,"1,762.50",-0.13%,29.9,30.99,30.3,707,138,5.12,71.68%,70.79%,-0.540674,"13:43 ET"
TSLA,380.74,2026-09-25,1,Put,385.00,+1.06%,6.05,6.09,6.15,6251,1221,5.12,40.86%,43.98%,-0.684836,"13:44 ET"
SNDK,1753.29,2026-09-25,1,Put,"1,782.50",+1.00%,42.5,43.4,43,562,110,5.11,71.68%,71.86%,-0.655527,"13:44 ET"
INTC,125.42,2026-09-28,4,Call,124.00,+1.31%,3.45,3.45,3.65,1693,332,5.1,69.07%,54.18%,0.587202,"13:44 ET"
WULF,16.52,2026-10-02,8,Call,16.50,+0.18%,0.76,0.76,0.78,2169,425,5.1,84.00%,83.39%,0.508312,"13:44 ET"
AMD,621.22,2026-09-25,1,Call,620.00,+0.66%,7.75,7.8,8,12917,2537,5.09,54.37%,59.20%,0.514817,"13:43 ET"
AAPL,336.84,2026-09-25,1,Call,340.00,-0.54%,0.65,0.66,0.66,94272,18540,5.08,23.94%,24.76%,0.252215,"13:44 ET"
NBIS,248.66,2026-09-25,1,Call,255.00,-3.44%,2.26,2.3,2.34,5311,1050,5.06,85.26%,100.16%,0.29045,"13:43 ET"
IONQ,44.74,2026-09-25,1,Put,43.00,-2.74%,0.29,0.31,0.35,3180,632,5.03,76.97%,95.01%,-0.239676,"13:43 ET"
META,769.89,2026-09-25,1,Put,740.00,-4.11%,1.44,1.49,1.5,14116,2804,5.03,45.28%,63.57%,-0.115879,"13:43 ET"
MSFT,495.06,2026-09-25,1,Call,495.00,+0.20%,3,3.1,3.2,15569,3094,5.03,27.70%,29.84%,0.504799,"13:43 ET"
TSLA,380.74,2026-09-28,4,Put,385.00,+1.06%,7.45,7.21,7.65,625,125,5,40.86%,32.29%,-0.622482,"13:31 ET"
TSLA,380.74,2026-09-28,4,Call,385.00,-1.06%,3.2,3.24,3.3,6082,1216,5,40.86%,31.77%,0.376834,"13:43 ET"
AMD,621.22,2026-09-28,4,Call,617.50,+1.07%,12.5,13.85,12.85,946,190,4.98,54.37%,42.76%,0.553613,"13:41 ET"
ORCL,138.67,2026-10-02,8,Call,139.00,-0.32%,3.8,3.95,3.9,711,143,4.97,49.68%,49.73%,0.496935,"13:31 ET"
META,769.89,2026-09-28,4,Call,815.00,-5.61%,1.93,2.11,2.1,1333,269,4.96,45.28%,44.78%,0.11651,"13:41 ET"
NBIS,248.66,2027-06-17,266,Call,390.00,-58.20%,39.1,39.55,41.25,1106,224,4.94,85.26%,88.76%,0.428312,"12:46 ET"
BE,266.99,2026-09-25,1,Call,262.50,+1.69%,6.6,7.3,8,912,185,4.93,80.36%,94.10%,0.623551,"13:43 ET"
KGC,24.2,2027-05-21,239,Put,20.00,-17.70%,1.46,1.55,1.65,501,102,4.91,46.83%,48.33%,-0.230863,"11:29 ET"
ARM,312.14,2026-09-25,1,Call,342.50,-9.30%,0.37,0.52,0.4,1022,208,4.91,73.62%,109.06%,0.05246,"13:18 ET"
AAPL,336.84,2026-09-28,4,Put,335.00,-0.94%,1.77,1.86,1.85,3366,687,4.9,23.94%,19.55%,-0.375038,"13:43 ET"
CVS,84.89,2026-10-16,22,Put,83.00,-1.89%,1.62,1.71,1.79,601,123,4.89,31.95%,30.35%,-0.374083,"12:44 ET"
WULF,16.52,2026-10-16,22,Call,16.50,+0.18%,1.25,1.3,1.49,2015,413,4.88,84.00%,90.89%,0.522768,"13:38 ET"
CPB,20.18,2026-10-02,8,Call,20.50,-1.33%,0.15,0.25,0.25,521,107,4.87,31.02%,27.63%,0.362735,"13:12 ET"
LITE,930.93,2026-09-25,1,Call,950.00,-2.36%,7,7.5,8,2502,514,4.87,74.21%,84.41%,0.296524,"13:43 ET"
GEN,23.69,2026-10-16,22,Call,26.00,-9.20%,0.4,0.45,0.5,2730,561,4.87,53.82%,51.37%,0.263097,"13:35 ET"
AAOI,101.86,2026-10-02,8,Call,110.00,-8.21%,2.05,2.25,2.45,5742,1178,4.87,90.84%,90.05%,0.286261,"13:43 ET"
BULL,7.32,2026-09-25,1,Call,7.00,+4.50%,0.32,0.34,0.37,1099,226,4.86,60.68%,87.50%,0.838041,"13:32 ET"
SNDK,1753.29,2026-09-25,1,Call,"1,820.00",-3.12%,7.5,8.5,7.8,1973,406,4.86,71.68%,79.04%,0.194083,"13:42 ET"
SPCX,147.92,2026-09-25,1,Call,146.00,+1.29%,2.66,2.64,2.68,5705,1177,4.85,48.48%,52.69%,0.6762,"13:43 ET"
MU,1070.18,2026-09-25,1,Put,"1,027.50",-4.39%,1.59,1.67,1.62,816,169,4.83,62.86%,60.37%,-0.099144,"13:43 ET"
TEM,77.82,2026-09-25,1,Call,83.00,-6.63%,0.13,0.23,0.25,1238,257,4.82,78.88%,97.96%,0.102397,"13:23 ET"
GOOGL,341.15,2026-09-25,1,Call,340.00,+0.47%,3.15,3.15,3.15,24489,5115,4.79,32.65%,35.43%,0.577356,"13:44 ET"
CRWD,262.69,2026-09-25,1,Put,265.00,+1.22%,4.35,4.6,4.65,545,114,4.78,54.51%,58.51%,-0.606126,"13:43 ET"
AMD,621.22,2026-10-09,15,Put,560.00,-10.28%,5.2,5.2,5.5,510,107,4.77,54.37%,52.10%,-0.150223,"13:39 ET"
RKLB,74.78,2026-10-16,22,Call,74.00,+1.49%,5.4,5.5,5.6,1949,410,4.75,73.71%,71.18%,0.555006,"13:44 ET"
STLA,4.53,2026-12-18,85,Call,3.00,+33.77%,1.55,1.64,1.7,520,110,4.73,53.38%,73.65%,0.912848,"12:24 ET"
MSFT,495.06,2026-09-25,1,Call,500.00,-0.81%,1.28,1.28,1.3,23262,4933,4.72,27.70%,30.56%,0.268848,"13:44 ET"
DAL,82.54,2026-10-30,36,Call,83.00,-0.59%,4.2,4.8,4.85,1404,300,4.68,45.86%,45.20%,0.517828,"12:38 ET"
OKLO,38.56,2028-01-21,484,Put,22.50,-41.66%,3.3,3.7,3.75,1000,214,4.67,71.61%,75.52%,-0.134979,"10:48 ET"
AVGO,350.06,2026-10-02,8,Call,350.00,-0.04%,6.85,7.25,7,3696,792,4.67,35.41%,33.49%,0.510186,"13:39 ET"
LLY,1187.98,2026-09-25,1,Call,"1,195.00",-0.68%,4.85,6.82,8.25,554,119,4.66,35.01%,37.58%,0.398374,"13:39 ET"
NU,13.51,2026-10-09,15,Put,13.00,-3.70%,0.27,0.28,0.3,2092,449,4.66,48.10%,46.44%,-0.326122,"13:32 ET"
AAOI,101.86,2026-10-02,8,Call,105.00,-3.30%,3.6,3.7,3.8,5509,1182,4.66,90.84%,89.14%,0.413358,"13:43 ET"
META,769.89,2026-09-30,6,Put,730.00,-5.41%,4.35,4.6,4.7,739,159,4.65,45.28%,46.46%,-0.177637,"13:43 ET"
QURE,38.35,2026-10-16,22,Put,35.00,-8.26%,3.5,3.8,4,3781,813,4.65,137.95%,143.95%,-0.341442,"13:17 ET"
ALAB,366.3,2026-10-16,22,Call,355.00,+3.10%,34.5,34.86,36.5,798,172,4.64,84.26%,83.15%,0.603181,"12:55 ET"
TSLA,380.74,2026-09-28,4,Put,380.00,-0.25%,4.65,4.75,4.75,4790,1032,4.64,40.86%,31.97%,-0.469526,"13:43 ET"
DNA,9.51,2026-10-16,22,Call,12.00,-25.52%,0.15,0.26,0.35,1018,220,4.63,107.48%,101.14%,0.20985,"13:10 ET"
MRNA,184.15,2026-11-20,57,Call,240.00,-30.70%,11.4,11.37,12.25,780,169,4.62,83.17%,97.35%,0.31368,"13:35 ET"
CRWD,262.69,2026-11-20,57,Put,255.00,-2.60%,18,18.75,18.8,673,146,4.61,54.51%,55.75%,-0.394902,"13:29 ET"
ARM,312.14,2026-09-25,1,Put,307.50,-1.87%,3.75,3.9,3.9,515,112,4.6,73.62%,87.93%,-0.37509,"13:43 ET"
USAR,15.4,2028-01-21,484,Put,10.00,-35.36%,2.16,2.23,2.23,7095,1542,4.6,73.19%,84.13%,-0.165253,"13:43 ET"
U,43.58,2027-01-15,113,Put,29.00,-33.35%,0.52,0.74,0.95,1000,218,4.59,61.60%,64.03%,-0.088062,"11:46 ET"
NBIS,248.66,2026-09-25,1,Call,265.00,-7.50%,0.73,0.7,0.75,4759,1037,4.59,85.26%,106.23%,0.113294,"13:43 ET"
INTC,125.42,2026-09-25,1,Call,128.00,-1.88%,0.93,0.96,0.99,11386,2489,4.57,69.07%,76.51%,0.305721,"13:44 ET"
CBRS,206.8,2026-09-25,1,Put,202.50,-1.82%,1.65,2,2.1,1068,234,4.56,75.13%,76.60%,-0.33586,"13:30 ET"
ORCL,138.67,2026-10-02,8,Call,145.00,-4.66%,1.68,1.75,1.77,2943,648,4.54,49.68%,49.99%,0.281573,"13:41 ET"
FUTU,109.52,2027-06-17,266,Put,95.00,-13.21%,9.45,10.37,11.1,700,155,4.52,45.31%,45.38%,-0.298621,"12:59 ET"
ALK,40.19,2026-10-16,22,Call,40.00,+1.01%,2.3,2.6,2.5,3033,673,4.51,56.25%,58.35%,0.543141,"13:19 ET"
INTC,125.42,2026-10-02,8,Put,125.00,-0.51%,4.7,4.7,4.85,1905,424,4.49,69.07%,67.29%,-0.46776,"13:42 ET"
CVNA,64.1,2026-10-23,29,Put,64.00,+0.05%,3.8,4.25,4.15,533,119,4.48,61.32%,56.10%,-0.465284,"12:15 ET"
RDW,11.81,2026-10-23,29,Put,11.00,-6.94%,0.6,0.75,0.8,900,201,4.48,87.48%,82.09%,-0.339541,"12:41 ET"
AVGO,350.06,2026-10-02,8,Call,357.50,-2.18%,4,4.17,4.15,2134,477,4.47,35.41%,34.52%,0.348774,"13:36 ET"
F,12.81,2026-10-23,29,Call,13.00,-1.80%,0.4,0.39,0.42,2137,479,4.46,34.42%,35.65%,0.449261,"12:38 ET"
NEE,76.21,2026-09-25,1,Call,77.00,-1.06%,0.01,0.14,0.17,579,130,4.45,23.15%,21.95%,0.18819,"13:31 ET"
MU,1070.18,2026-09-28,4,Call,"1,130.00",-5.15%,3.4,3.41,3.45,659,148,4.45,62.86%,46.13%,0.134178,"13:44 ET"
SNDK,1753.29,2026-09-25,1,Put,"1,765.00",+0.01%,31.4,32,31.7,1202,270,4.45,71.68%,70.91%,-0.55572,"13:44 ET"
META,769.89,2026-09-28,4,Put,730.00,-5.41%,1.97,1.97,2.14,1205,271,4.45,45.28%,43.53%,-0.11735,"13:39 ET"
CRWD,262.69,2026-09-25,1,Put,262.50,+0.26%,3.15,3,3.45,1661,374,4.44,54.51%,62.04%,-0.484028,"13:41 ET"
META,769.89,2026-09-25,1,Call,840.00,-8.85%,0.09,0.13,0.11,3439,775,4.44,45.28%,71.62%,0.010304,"13:42 ET"
EOG,142.82,2026-11-20,57,Call,155.00,-9.01%,3.1,2.75,3.4,1330,300,4.43,33.49%,33.32%,0.293146,"12:53 ET"
MRNA,184.15,2026-10-02,8,Call,195.00,-6.19%,4,4.7,4.65,2011,456,4.41,83.17%,78.48%,0.328194,"13:11 ET"
TSLA,380.74,2026-09-28,4,Put,367.50,-3.53%,1,0.99,1.03,2128,482,4.41,40.86%,32.94%,-0.147622,"13:39 ET"
WULF,16.52,2026-10-02,8,Call,17.00,-2.84%,0.54,0.58,0.58,2640,600,4.4,84.00%,83.01%,0.411468,"13:29 ET"
QCOM,193.73,2028-12-15,813,Call,280.00,-44.86%,39.05,39.05,40.7,501,114,4.39,50.68%,53.74%,0.489893,"13:25 ET"
ASTS,62.87,2026-10-02,8,Call,69.00,-9.52%,0.85,0.94,0.98,2060,470,4.38,77.47%,79.68%,0.22634,"13:41 ET"
GOOGL,341.15,2026-09-25,1,Call,342.50,-0.26%,1.88,1.85,1.98,16493,3773,4.37,32.65%,35.56%,0.421078,"13:43 ET"
CRWD,262.69,2027-02-19,148,Call,330.00,-26.05%,19.3,19.5,21.3,724,166,4.36,54.51%,60.31%,0.360188,"11:30 ET"
META,769.89,2026-09-28,4,Call,830.00,-7.55%,0.91,0.93,1.04,968,222,4.36,45.28%,45.98%,0.061899,"13:42 ET"
ARM,312.14,2026-09-25,1,Call,327.50,-4.52%,1.44,1.67,1.51,1647,378,4.36,73.62%,98.27%,0.174925,"13:37 ET"
MU,1070.18,2026-09-25,1,Call,"1,120.00",-4.22%,1.24,1.24,1.26,8693,1996,4.36,62.86%,62.00%,0.080381,"13:43 ET"
PLTR,192.6,2026-09-25,1,Put,190.00,-1.52%,1.18,1.21,1.21,17712,4072,4.35,52.31%,54.55%,-0.327033,"13:44 ET"
NBIS,248.66,2026-10-02,8,Put,240.00,-2.64%,8.35,8.5,8.85,959,221,4.34,85.26%,83.44%,-0.377475,"13:43 ET"
DELL,534.77,2026-09-25,1,Call,550.00,-2.71%,2.17,2.29,2.5,5159,1190,4.34,59.67%,67.58%,0.219103,"13:44 ET"
AMD,621.22,2026-09-25,1,Call,630.00,-0.94%,3.75,3.84,3.95,14375,3311,4.34,54.37%,59.09%,0.315528,"13:43 ET"
EBAY,108.16,2026-10-16,22,Put,108.00,-0.04%,3.1,3.1,3.5,502,116,4.33,35.31%,31.73%,-0.480405,"13:18 ET"
SPCX,147.92,2026-10-02,8,Call,148.00,-0.06%,4.05,4.08,4.1,2520,584,4.32,48.48%,47.22%,0.510319,"13:43 ET"
META,769.89,2026-09-30,6,Put,750.00,-2.81%,9.4,9.34,9.8,1324,307,4.31,45.28%,45.89%,-0.317272,"13:42 ET"
NFLX,71.69,2028-01-21,484,Put,53.00,-26.25%,3.05,3.35,3.45,810,189,4.29,35.09%,38.98%,-0.157296,"11:32 ET"
PL,17.6,2026-10-16,22,Call,19.00,-7.83%,0.65,0.7,0.75,2168,506,4.28,71.51%,71.96%,0.363376,"13:43 ET"
NVDA,224.16,2026-09-25,1,Call,225.00,-0.40%,1.04,1.04,1.06,164590,38416,4.28,32.98%,34.27%,0.379651,"13:44 ET"
LITE,930.93,2026-09-25,1,Call,970.00,-4.52%,3.1,3.1,4.4,1173,275,4.27,74.21%,88.12%,0.168077,"13:43 ET"
INTC,125.42,2026-09-28,4,Put,119.00,-5.28%,0.66,0.67,0.71,1761,412,4.27,69.07%,54.52%,-0.173605,"13:41 ET"
BX,117.04,2026-12-18,85,Call,110.00,+5.83%,12.05,13.05,13.45,677,159,4.26,39.02%,41.61%,0.650175,"12:57 ET"
UPS,92.28,2026-10-16,22,Put,93.00,+0.73%,2.52,2.6,2.61,1141,268,4.26,30.02%,23.12%,-0.553817,"13:43 ET"
MU,1070.18,2026-09-25,1,Put,"1,030.00",-4.15%,1.79,1.81,1.84,5244,1230,4.26,62.86%,59.72%,-0.110764,"13:44 ET"
AAPL,336.84,2026-09-28,4,Call,337.50,+0.20%,2.52,2.52,2.57,4959,1167,4.25,23.94%,19.32%,0.48307,"13:43 ET"
SNDK,1753.29,2026-09-25,1,Put,"1,785.00",+1.14%,44.3,46.2,45,504,119,4.24,71.68%,72.50%,-0.667652,"13:43 ET"
META,769.89,2026-09-25,1,Put,730.00,-5.41%,0.65,0.69,0.69,14080,3323,4.24,45.28%,65.18%,-0.058684,"13:43 ET"
LOW,188,2026-09-25,1,Put,192.50,+2.34%,4.1,4.7,5,526,125,4.21,29.48%,21.66%,-0.983186,"13:16 ET"
SPCX,147.92,2026-10-16,22,Call,148.00,-0.06%,6.65,6.77,6.75,573,136,4.21,48.48%,45.90%,0.525493,"13:39 ET"
ORCL,138.67,2026-10-16,22,Call,152.50,-10.07%,2.11,2.3,2.18,770,183,4.21,49.68%,49.10%,0.23316,"13:09 ET"
SOFI,16.65,2026-10-02,8,Call,16.50,+0.54%,0.49,0.5,0.51,6988,1658,4.21,48.44%,44.37%,0.559442,"13:43 ET"
BULL,7.32,2026-10-02,8,Put,7.00,-4.50%,0.11,0.11,0.12,558,133,4.2,60.68%,57.35%,-0.28445,"13:36 ET"
DELL,534.77,2026-09-25,1,Call,530.00,+1.03%,9.1,9.43,10.05,688,164,4.2,59.67%,62.24%,0.615045,"13:38 ET"
INTC,125.42,2026-09-28,4,Call,123.00,+2.10%,4.05,4.2,4.3,1271,303,4.19,69.07%,54.84%,0.640365,"13:36 ET"
SOFI,16.65,2026-09-25,1,Call,16.50,+0.54%,0.24,0.25,0.26,22263,5309,4.19,48.44%,54.15%,0.601939,"13:43 ET"
GS,921.49,2026-09-25,1,Put,905.00,-1.64%,1.33,1.6,2.2,1589,380,4.18,34.91%,35.62%,-0.18633,"13:09 ET"
TSLA,380.74,2026-09-25,1,Call,382.50,-0.41%,2.63,2.65,2.65,51547,12369,4.17,40.86%,43.66%,0.421368,"13:44 ET"
MSFT,495.06,2026-09-28,4,Call,495.00,+0.20%,4.25,4.6,4.65,1360,327,4.16,27.70%,21.14%,0.510246,"13:43 ET"
INTC,125.42,2026-10-16,22,Call,160.00,-27.35%,1.15,1.18,1.22,56997,13735,4.15,69.07%,75.72%,0.113018,"13:36 ET"
GS,921.49,2026-09-25,1,Call,940.00,-2.17%,1.06,1.65,1.63,765,185,4.14,34.91%,38.25%,0.143682,"13:33 ET"
INTC,125.42,2026-10-02,8,Call,128.00,-1.88%,3.85,4,3.95,1478,357,4.14,69.07%,68.13%,0.439317,"13:42 ET"
SMCI,41.43,2026-10-23,29,Call,41.00,+1.18%,3.5,3.5,3.7,997,242,4.12,75.16%,72.55%,0.563838,"12:38 ET"
INTC,125.42,2026-10-02,8,Call,133.00,-5.86%,2.32,2.5,2.41,698,170,4.11,69.07%,69.83%,0.302517,"13:29 ET"
MU,1070.18,2026-09-28,4,Call,"1,125.00",-4.69%,4,4.37,4.1,809,198,4.09,62.86%,45.97%,0.154147,"13:42 ET"
MRVL,258.54,2026-10-02,8,Call,255.00,+1.60%,11.05,11.95,11.55,2135,522,4.09,65.86%,62.89%,0.574388,"13:33 ET"
SPCX,147.92,2026-09-25,1,Put,147.00,-0.62%,1.23,1.23,1.24,21592,5280,4.09,48.48%,52.02%,-0.416321,"13:44 ET"
AMZN,248.79,2027-09-17,358,Put,175.00,-29.81%,5.05,5.65,5.65,1400,343,4.08,32.71%,36.70%,-0.106003,"11:43 ET"
META,769.89,2026-10-30,36,Put,670.00,-13.18%,10.65,10.85,11.3,794,195,4.07,45.28%,49.60%,-0.16152,"13:24 ET"
MP,49.45,2026-09-25,1,Call,49.00,+1.15%,0.81,1.05,1,2229,549,4.06,57.46%,72.63%,0.571315,"13:20 ET"
MSTR,161.38,2028-06-16,631,Put,45.00,-72.23%,4.85,5.1,5.4,720,178,4.04,69.09%,87.84%,-0.040981,"11:04 ET"
NKE,35.72,2026-10-02,8,Call,36.50,-1.87%,1.16,1.28,1.26,2661,659,4.04,48.87%,73.96%,0.441556,"13:12 ET"
MU,1070.18,2026-09-25,1,Call,"1,110.00",-3.29%,2.01,2.01,2.03,5738,1420,4.04,62.86%,60.20%,0.122821,"13:44 ET"
BULL,7.32,2026-10-16,22,Put,7.00,-4.50%,0.25,0.25,0.27,837,208,4.02,60.68%,57.69%,-0.34626,"13:43 ET"
AAPL,336.84,2026-09-28,4,Put,330.00,-2.42%,0.55,0.56,0.63,3620,902,4.01,23.94%,20.38%,-0.155598,"13:42 ET"
SNDK,1753.29,2026-09-25,1,Call,"1,800.00",-1.99%,11.1,11,11.3,8753,2183,4.01,71.68%,76.18%,0.267728,"13:44 ET"
NKE,35.72,2026-10-23,29,Call,35.00,+2.32%,2.3,2.51,2.38,732,183,4,48.87%,49.83%,0.581836,"12:51 ET"
AMZN,248.79,2026-09-28,4,Call,245.00,+1.74%,4.5,4.8,4.75,821,205,4,32.71%,22.44%,0.742736,"13:37 ET"
ABVX,93.42,2026-10-16,22,Put,70.00,-25.13%,0.2,0.31,0.75,1000,250,4,61.60%,79.49%,-0.056622,"11:48 ET"
AAPL,336.84,2026-09-25,1,Call,342.50,-1.28%,0.23,0.23,0.24,54901,13732,4,23.94%,24.98%,0.110845,"13:44 ET"
ORCL,138.67,2026-10-16,22,Call,146.00,-5.38%,3.6,3.8,3.75,554,139,3.99,49.68%,48.23%,0.35344,"12:42 ET"
MU,1070.18,2026-10-16,22,Put,955.00,-11.13%,21,20.55,21.15,623,156,3.99,62.86%,63.64%,-0.207257,"13:41 ET"
META,769.89,2026-09-30,6,Put,685.00,-11.24%,0.67,0.69,0.74,663,166,3.99,45.28%,51.09%,-0.034555,"13:36 ET"
AMD,621.22,2026-09-28,4,Call,630.00,-0.94%,7.1,8.23,7.3,977,247,3.96,54.37%,43.20%,0.378532,"13:37 ET"
MU,1070.18,2026-09-25,1,Call,"1,090.00",-1.43%,5.15,5.2,5.3,7381,1866,3.96,62.86%,57.43%,0.269775,"13:43 ET"
ORCL,138.67,2026-10-02,8,Put,134.00,-3.28%,2,1.95,2.08,1039,263,3.95,49.68%,48.46%,-0.308346,"13:19 ET"
SNDK,1753.29,2026-09-25,1,Call,"1,830.00",-3.69%,6.2,6.27,6.4,1379,349,3.95,71.68%,80.42%,0.164129,"13:43 ET"
TSLA,380.74,2026-10-02,8,Put,377.50,-0.91%,8,8.03,8.1,2452,620,3.95,40.86%,43.18%,-0.43172,"13:43 ET"
META,769.89,2026-09-25,1,Call,820.00,-6.26%,0.38,0.44,0.42,11624,2944,3.95,45.28%,67.31%,0.037363,"13:43 ET"
INTC,125.42,2026-10-02,8,Call,123.00,+2.10%,6.15,6.5,6.3,2180,553,3.94,69.07%,67.30%,0.596441,"13:20 ET"
SNDK,1753.29,2026-09-25,1,Put,"1,775.00",+0.58%,37.6,37.3,38.1,1049,267,3.93,71.68%,71.76%,-0.613528,"13:43 ET"
LRCX,303.49,2026-09-25,1,Put,292.50,-3.39%,0.5,0.59,0.71,504,129,3.91,59.37%,60.82%,-0.124562,"13:35 ET"
AMD,621.22,2026-09-28,4,Put,565.00,-9.48%,0.32,0.31,0.39,868,222,3.91,54.37%,47.94%,-0.02904,"13:30 ET"
MSTR,161.38,2026-10-02,8,Call,172.50,-6.44%,2.97,3.15,3.1,2805,720,3.9,69.09%,74.09%,0.289597,"13:36 ET"
TSLA,380.74,2026-09-28,4,Put,375.00,-1.56%,2.63,2.56,2.69,4758,1221,3.9,40.86%,31.88%,-0.317641,"13:42 ET"
META,769.89,2026-09-25,1,Call,765.00,+0.87%,12.15,13,12.5,23916,6137,3.9,45.28%,61.46%,0.58048,"13:42 ET"
AMZN,248.79,2026-09-25,1,Call,250.00,-0.26%,0.98,0.99,1.01,31221,8012,3.9,32.71%,30.47%,0.368351,"13:44 ET"
RKLB,74.78,2026-09-25,1,Put,73.00,-2.82%,0.69,0.72,0.74,906,233,3.89,73.71%,86.43%,-0.319026,"13:43 ET"
B,41.87,2026-10-02,8,Call,44.00,-4.96%,0.26,0.31,0.42,932,240,3.88,41.51%,43.23%,0.226339,"13:35 ET"
MOS,23.81,2026-10-09,15,Call,24.50,-2.94%,0.65,0.65,0.7,866,224,3.87,48.30%,50.17%,0.409668,"13:04 ET"
META,769.89,2026-09-25,1,Put,737.50,-4.43%,1.19,1.23,1.27,2402,622,3.86,45.28%,64.16%,-0.099249,"13:44 ET"
FSLR,176.65,2026-10-16,22,Put,155.00,-12.18%,1.46,1.54,1.71,516,134,3.85,54.42%,52.33%,-0.131083,"13:17 ET"
PLTR,192.6,2026-10-02,8,Put,187.50,-2.82%,3.25,3.25,3.35,1535,399,3.85,52.31%,48.49%,-0.343919,"13:43 ET"
PLTR,192.6,2026-09-25,1,Call,192.50,+0.23%,2.1,2.16,2.17,21059,5480,3.84,52.31%,54.74%,0.496343,"13:43 ET"
AAOI,101.86,2026-09-25,1,Call,102.00,-0.34%,1.6,2.1,2,705,185,3.81,90.84%,105.82%,0.443878,"13:35 ET"
TSLA,380.74,2026-10-05,11,Call,405.00,-6.31%,2.98,2.98,3.05,703,185,3.8,40.86%,40.87%,0.205284,"13:39 ET"
IRON,65.27,2026-11-20,57,Put,70.00,+7.15%,12.3,13.7,14.2,1003,264,3.8,89.34%,103.36%,-0.483418,"12:08 ET"
CIFR,18.39,2026-10-02,8,Call,20.50,-11.47%,0.4,0.43,0.44,3659,965,3.79,99.81%,105.24%,0.262138,"13:11 ET"
FRO,48.06,2026-11-20,57,Put,45.00,-6.39%,2.2,2.26,2.35,1129,299,3.78,49.74%,41.14%,-0.375658,"13:07 ET"
ARM,312.14,2026-09-25,1,Call,340.00,-8.50%,0.47,0.5,0.49,3159,836,3.78,73.62%,107.23%,0.064306,"13:43 ET"
PLTR,192.6,2026-10-02,8,Put,177.50,-8.00%,0.96,0.99,1.02,3601,953,3.78,52.31%,50.74%,-0.131895,"13:37 ET"
ORCL,138.67,2026-09-25,1,Call,145.00,-4.66%,0.2,0.22,0.23,7860,2081,3.78,49.68%,66.52%,0.096249,"13:39 ET"
UPS,92.28,2026-10-16,22,Put,90.00,-2.52%,1.25,1.28,1.32,10588,2798,3.78,30.02%,24.48%,-0.337437,"13:48 ET"
PL,17.6,2026-10-02,8,Call,20.00,-13.51%,0.15,0.18,0.2,2166,575,3.77,71.51%,83.64%,0.161341,"13:30 ET"
NVDA,224.16,2026-09-28,4,Call,222.50,+0.71%,3.05,3.05,3.1,4896,1300,3.77,32.98%,25.47%,0.591297,"13:44 ET"
AMD,621.22,2026-09-28,4,Put,580.00,-7.07%,0.85,0.82,0.92,1102,293,3.76,54.37%,44.19%,-0.068681,"13:39 ET"
INTC,125.42,2026-09-30,6,Put,125.00,-0.51%,3.85,3.9,3.95,573,153,3.75,69.07%,63.84%,-0.469341,"13:43 ET"
META,769.89,2027-01-15,113,Call,"1,070.00",-38.65%,10.6,11.5,11.2,754,201,3.75,45.28%,44.96%,0.12618,"13:05 ET"
AMZN,248.79,2027-04-16,204,Put,205.00,-17.78%,6.8,7.2,7.15,602,161,3.74,32.71%,35.47%,-0.174467,"13:43 ET"
MU,1070.18,2026-09-28,4,Call,"1,045.00",+2.76%,34.1,37.5,34.3,774,207,3.74,62.86%,43.54%,0.705491,"13:28 ET"
MU,1070.18,2026-09-25,1,Call,"1,050.00",+2.29%,24.6,24.5,24.8,14464,3870,3.74,62.86%,56.67%,0.738432,"13:43 ET"
HD,291.6,2026-10-02,8,Put,275.00,-5.82%,0.24,0.36,0.62,552,148,3.73,28.41%,28.41%,-0.076605,"13:09 ET"
AMZN,248.79,2026-09-30,6,Call,250.00,-0.26%,2.77,2.83,2.87,1662,446,3.73,32.71%,26.69%,0.449174,"13:43 ET"
WULF,16.52,2026-10-02,8,Call,17.50,-5.87%,0.4,0.39,0.42,3524,948,3.72,84.00%,84.28%,0.325749,"13:26 ET"
INTC,125.42,2026-09-25,1,Call,123.00,+2.10%,3.25,3.34,3.4,14630,3935,3.72,69.07%,75.15%,0.689757,"13:44 ET"
ORCL,138.67,2027-04-16,204,Put,125.00,-9.78%,14.1,15,14.9,590,159,3.71,49.68%,55.11%,-0.312287,"13:34 ET"
PL,17.6,2026-10-02,8,Call,18.50,-4.99%,0.4,0.4,0.45,651,176,3.7,71.51%,76.13%,0.342227,"13:38 ET"
BSX,44.72,2026-10-02,8,Call,46.50,-3.73%,0.3,0.35,0.4,2130,575,3.7,39.74%,36.83%,0.247884,"13:10 ET"
NBIS,248.66,2026-09-25,1,Put,235.00,-4.67%,0.92,0.95,0.96,4318,1166,3.7,85.26%,95.08%,-0.145264,"13:44 ET"
GOOG,337.13,2026-09-25,1,Call,335.00,+0.77%,3.65,3.7,3.8,7046,1908,3.69,32.39%,35.47%,0.639704,"13:43 ET"
TRP,59.61,2026-11-20,57,Put,65.00,+9.06%,5.7,5.58,6.3,500,136,3.68,23.14%,24.82%,-0.79533,"10:13 ET"
AMZN,248.79,2026-10-16,22,Call,247.50,+0.74%,7.75,8,8,648,176,3.68,32.71%,28.86%,0.552276,"13:36 ET"
UUUU,11.32,2026-11-20,57,Put,9.00,-20.98%,0.29,0.3,0.3,1200,326,3.68,65.93%,69.19%,-0.159296,"13:48 ET"
INTC,125.42,2026-09-25,1,Put,119.00,-5.28%,0.23,0.24,0.25,8259,2248,3.67,69.07%,77.73%,-0.098103,"13:44 ET"
META,769.89,2026-09-25,1,Call,785.00,-1.72%,4.15,4.32,4.45,9928,2702,3.67,45.28%,62.85%,0.279168,"13:43 ET"
MRNA,184.15,2026-09-25,1,Put,182.50,-0.62%,2.3,2.48,2.79,1368,374,3.66,83.17%,82.36%,-0.42655,"13:42 ET"
IONQ,44.74,2026-09-25,1,Put,42.00,-5.00%,0.1,0.14,0.15,2348,642,3.66,76.97%,93.49%,-0.11527,"13:42 ET"
MSTR,161.38,2026-09-25,1,Put,157.50,-2.82%,1.1,1.07,1.18,6305,1722,3.66,69.09%,77.76%,-0.276005,"13:42 ET"
INTC,125.42,2026-09-25,1,Put,121.00,-3.69%,0.47,0.5,0.52,8966,2453,3.66,69.07%,75.24%,-0.18121,"13:43 ET"
RGTI,16.44,2026-10-09,15,Put,15.00,-8.37%,0.34,0.39,0.4,935,256,3.65,75.51%,70.97%,-0.246022,"12:17 ET"
ARM,312.14,2026-10-02,8,Put,300.00,-4.26%,7.9,8.35,8.85,1103,302,3.65,73.62%,74.83%,-0.342083,"13:44 ET"
MU,1070.18,2026-09-25,1,Call,"1,045.00",+2.76%,28.5,30.34,28.75,3111,853,3.65,62.86%,57.61%,0.784332,"13:42 ET"
AMD,621.22,2026-09-28,4,Call,645.00,-3.34%,3.2,3.25,3.25,1307,359,3.64,54.37%,43.70%,0.206212,"13:44 ET"
MU,1070.18,2026-09-25,1,Put,"1,017.50",-5.32%,1.07,1.14,1.09,815,225,3.62,62.86%,64.46%,-0.067227,"13:43 ET"
MU,1070.18,2026-09-25,1,Call,"1,125.00",-4.69%,0.96,0.96,0.98,3103,857,3.62,62.86%,62.76%,0.064158,"13:43 ET"
AMD,621.22,2026-10-02,8,Call,632.50,-1.34%,14.05,17.85,14.4,737,205,3.6,54.37%,52.70%,0.421241,"13:05 ET"
TSLA,380.74,2026-09-30,6,Call,392.50,-3.03%,2.84,2.8,2.89,689,192,3.59,40.86%,36.63%,0.268667,"13:38 ET"
META,769.89,2026-09-28,4,Put,745.00,-3.46%,4.5,4.54,4.75,983,274,3.59,45.28%,42.93%,-0.226176,"13:43 ET"
WULF,16.52,2026-10-02,8,Call,16.00,+3.21%,1.01,1.06,1.04,2044,572,3.57,84.00%,83.35%,0.607376,"13:31 ET"
IREN,46.37,2026-10-16,22,Put,42.50,-8.42%,1.67,1.72,1.75,636,179,3.55,80.36%,75.81%,-0.287555,"12:58 ET"
AMD,621.22,2026-09-28,4,Put,615.00,-1.47%,8.2,7.75,8.45,1068,301,3.55,54.37%,42.23%,-0.410553,"13:41 ET"
MSFT,495.06,2026-09-25,1,Put,495.00,-0.20%,2.95,3.05,3.1,8993,2532,3.55,27.70%,29.40%,-0.49563,"13:44 ET"
META,769.89,2026-10-16,22,Call,825.00,-6.90%,14.15,14.8,14.8,19539,5506,3.55,45.28%,44.85%,0.288625,"13:38 ET"
MSFT,495.06,2026-09-25,1,Put,487.50,-1.71%,0.67,0.65,0.74,5317,1508,3.53,27.70%,30.51%,-0.166559,"13:41 ET"
MP,49.45,2026-10-02,8,Call,51.00,-2.88%,0.93,1.09,1.06,630,179,3.52,57.46%,57.38%,0.363983,"13:30 ET"
NBIS,248.66,2026-09-25,1,Call,245.00,+0.62%,6.2,6.2,6.35,8970,2547,3.52,85.26%,97.12%,0.585557,"13:43 ET"
AVGO,350.06,2026-09-25,1,Call,347.50,+0.68%,3.8,4.2,4,1502,428,3.51,35.41%,35.52%,0.642414,"13:39 ET"
SOFI,16.65,2026-09-25,1,Call,16.00,+3.56%,0.62,0.6,0.66,4903,1396,3.51,48.44%,58.01%,0.895564,"13:27 ET"
BN,36.53,2026-10-16,22,Put,36.00,-1.45%,0.7,0.7,0.8,1043,298,3.5,28.63%,28.06%,-0.402431,"13:05 ET"
GOOGL,341.15,2026-09-30,6,Call,365.00,-6.85%,0.35,0.37,0.37,1714,490,3.5,32.65%,32.99%,0.059012,"13:43 ET"
META,769.89,2026-09-28,4,Call,780.00,-1.07%,9.15,9.25,9.6,2381,683,3.49,45.28%,42.86%,0.393689,"13:43 ET"
MRNA,184.15,2026-10-02,8,Put,160.00,-12.87%,0.64,0.95,1.33,3474,996,3.49,83.17%,75.71%,-0.096946,"13:31 ET"
MU,1070.18,2026-09-28,4,Call,"1,120.00",-4.22%,4.7,5,4.75,998,287,3.48,62.86%,45.65%,0.175374,"13:43 ET"
NBIS,248.66,2026-09-25,1,Call,262.50,-6.48%,0.96,0.92,1.01,1302,374,3.48,85.26%,104.45%,0.14515,"13:43 ET"
AVGO,350.06,2026-09-30,6,Call,355.00,-1.47%,3.45,3.64,3.6,500,144,3.47,35.41%,31.61%,0.369548,"13:22 ET"
FSLR,176.65,2026-10-16,22,Put,165.00,-6.52%,3.6,3.9,4,923,266,3.47,54.42%,51.78%,-0.261276,"13:32 ET"
RBLX,50.09,2026-10-23,29,Put,50.00,+0.73%,2.94,3.1,3.25,703,203,3.46,64.52%,57.19%,-0.457091,"13:37 ET"
GLW,154.44,2026-10-02,8,Call,155.00,-0.17%,4.75,5,5.15,823,238,3.46,58.77%,57.86%,0.496743,"13:32 ET"
AMD,621.22,2026-09-25,1,Call,607.50,+2.67%,15.7,20.6,16.05,1160,335,3.46,54.37%,60.61%,0.751456,"13:18 ET"
APO,120.14,2026-11-20,57,Put,100.00,-16.73%,1.1,1.25,1.4,525,152,3.45,37.55%,42.54%,-0.117506,"13:16 ET"
AMD,621.22,2026-09-25,1,Put,602.50,-3.47%,1.76,1.76,1.8,2317,672,3.45,54.37%,59.58%,-0.169773,"13:44 ET"
TSLA,380.74,2026-09-28,4,Put,377.50,-0.91%,3.5,3.6,3.6,4758,1381,3.45,40.86%,31.70%,-0.39121,"13:43 ET"
PLTR,192.6,2026-09-25,1,Put,187.50,-2.82%,0.58,0.59,0.6,9995,2894,3.45,52.31%,56.17%,-0.18761,"13:44 ET"
KKR,95.25,2026-10-16,22,Call,100.00,-5.22%,1.65,1.95,1.9,1439,418,3.44,39.05%,38.83%,0.31786,"12:42 ET"
PM,191.4,2026-12-18,85,Call,195.00,-1.68%,9.1,9.2,9.5,1641,477,3.44,28.62%,29.06%,0.480599,"13:15 ET"
HOOD,121.66,2026-10-02,8,Call,113.00,+6.94%,9.8,10.14,10.2,845,247,3.42,62.32%,63.41%,0.797614,"12:21 ET"
GOOGL,341.15,2026-09-28,4,Call,345.00,-1.00%,2.15,2.15,2.24,2739,801,3.42,32.65%,26.30%,0.351786,"13:43 ET"
MU,1070.18,2026-09-25,1,Call,"1,095.00",-1.90%,4.1,4.11,4.15,3282,959,3.42,62.86%,57.91%,0.22388,"13:44 ET"
MU,1070.18,2026-09-25,1,Call,"1,080.00",-0.50%,8,8,8.1,9367,2737,3.42,62.86%,56.02%,0.376252,"13:44 ET"
SNDK,1753.29,2026-09-25,1,Put,"1,780.00",+0.86%,40.9,41.5,41.3,1962,580,3.38,71.68%,71.88%,-0.641625,"13:44 ET"
CRML,8.31,2026-10-16,22,Call,8.50,-1.19%,0.75,0.84,0.95,570,169,3.37,107.26%,109.56%,0.535107,"13:37 ET"
META,769.89,2026-09-28,4,Put,725.00,-6.05%,1.49,1.56,1.56,887,264,3.36,45.28%,43.75%,-0.091313,"13:43 ET"
PLTR,192.6,2026-10-16,22,Put,182.50,-5.41%,4.45,4.45,4.7,948,282,3.36,52.31%,47.79%,-0.300242,"13:42 ET"
AMD,621.22,2026-09-25,1,Put,595.00,-4.67%,0.84,0.76,0.88,2646,788,3.36,54.37%,60.91%,-0.092124,"13:42 ET"
NVDA,224.16,2026-12-18,85,Put,221.00,-1.38%,13.05,13.05,13.2,5354,1595,3.36,32.98%,35.62%,-0.423721,"13:35 ET"
MRVL,258.54,2028-01-21,484,Call,210.00,+18.97%,102.8,102.86,106,1003,299,3.35,65.86%,69.44%,0.766652,"12:35 ET"
ARM,312.14,2026-10-16,22,Call,420.00,-34.04%,2.5,2.52,2.55,2639,788,3.35,73.62%,84.04%,0.091556,"13:43 ET"
MU,1070.18,2026-09-25,1,Put,"1,075.00",+0.03%,15.05,15.15,15.15,2882,863,3.34,62.86%,54.51%,-0.564735,"13:44 ET"
MU,1070.18,2026-09-25,1,Put,"1,037.50",-3.46%,2.51,2.57,2.57,1596,479,3.33,62.86%,57.19%,-0.150881,"13:43 ET"
MU,1070.18,2026-09-25,1,Call,"1,037.50",+3.46%,34.85,37.1,35.15,529,160,3.31,62.86%,59.90%,0.838352,"13:42 ET"
CBOE,267.37,2027-01-15,113,Put,260.00,-2.48%,15.3,15.6,16.2,778,235,3.31,35.29%,34.62%,-0.389761,"10:50 ET"
META,769.89,2026-09-30,6,Call,760.00,+1.52%,22.95,23.18,23.55,1039,314,3.31,45.28%,45.55%,0.59984,"13:43 ET"
TSLA,380.74,2026-09-30,6,Call,377.50,+0.91%,8.65,8.7,8.8,1527,461,3.31,40.86%,35.65%,0.586103,"13:35 ET"
META,769.89,2026-09-25,1,Call,830.00,-7.55%,0.2,0.21,0.21,5358,1625,3.3,45.28%,69.71%,0.020098,"13:43 ET"
AAOI,101.86,2026-09-25,1,Call,104.00,-2.31%,0.95,1.25,1.3,694,211,3.29,90.84%,107.73%,0.314888,"13:31 ET"
META,769.89,2026-09-28,4,Call,747.50,+3.14%,26.9,28.8,27.45,721,219,3.29,45.28%,41.32%,0.758832,"13:28 ET"
JNJ,271.3,2026-10-02,8,Put,260.00,-3.97%,0.47,0.69,0.76,1019,310,3.29,27.41%,25.11%,-0.121635,"12:48 ET"
CCC,6.93,2026-12-18,85,Call,7.50,-8.85%,0.5,0.55,0.55,12493,3800,3.29,56.52%,55.19%,0.443414,"13:43 ET"
ORCL,138.67,2026-10-16,22,Call,147.00,-6.10%,3.3,3.4,3.45,610,186,3.28,49.68%,48.23%,0.332263,"13:23 ET"
RKT,12.03,2027-03-19,176,Call,14.00,-17.06%,1.27,1.33,1.36,1842,561,3.28,59.12%,58.70%,0.448297,"13:01 ET"
MU,1070.18,2026-09-25,1,Put,990.00,-7.88%,0.48,0.5,0.51,3024,921,3.28,62.86%,78.64%,-0.028765,"13:43 ET"
PURR,13.9,2026-11-20,57,Call,18.00,-29.31%,1.15,1.27,1.3,2296,702,3.27,105.60%,112.61%,0.36403,"13:18 ET"
SNDK,1753.29,2026-09-25,1,Put,"1,730.00",-1.97%,14.8,15.2,15.1,881,270,3.26,71.68%,69.82%,-0.342555,"13:43 ET"
CMPS,13.11,2026-10-16,22,Call,14.00,-6.22%,0.5,0.55,0.6,550,169,3.25,73.15%,69.77%,0.384735,"13:39 ET"
MRNA,184.15,2026-10-23,29,Put,175.00,-4.70%,10.5,11.15,11.75,621,191,3.25,83.17%,76.16%,-0.36428,"13:20 ET"
MU,1070.18,2026-09-25,1,Call,"1,105.00",-2.83%,2.57,2.61,2.62,2992,920,3.25,62.86%,59.58%,0.151834,"13:43 ET"
NEE,76.21,2027-09-17,358,Put,65.00,-14.69%,2.42,2.65,2.73,1703,526,3.24,23.15%,25.45%,-0.208626,"12:11 ET"
TSLA,380.74,2026-09-28,4,Call,395.00,-3.69%,1.01,1.03,1.03,2349,724,3.24,40.86%,33.29%,0.150598,"13:43 ET"
MSFT,495.06,2026-09-25,1,Put,497.50,+0.30%,4.3,4.44,4.5,2664,821,3.24,27.70%,28.98%,-0.626145,"13:44 ET"
AMD,621.22,2026-10-09,15,Call,700.00,-12.15%,4.95,5.1,5.25,1216,376,3.23,54.37%,54.17%,0.151328,"13:43 ET"
ONON,29.97,2026-09-25,1,Call,29.50,+2.22%,0.47,0.8,0.92,1229,380,3.23,43.46%,67.67%,0.678076,"13:23 ET"
MS,196.43,2027-09-17,358,Put,190.00,-3.07%,18.95,19.27,19.85,502,156,3.22,34.16%,31.86%,-0.377276,"13:33 ET"
T,25.59,2027-04-16,204,Call,28.00,-9.46%,0.97,1.01,1.09,590,183,3.22,26.19%,25.48%,0.346512,"13:38 ET"
GOOGL,341.15,2026-10-23,29,Call,370.00,-8.31%,3.25,3.35,3.45,1769,551,3.21,32.65%,31.81%,0.203568,"13:38 ET"
META,769.89,2026-09-30,6,Call,755.00,+2.17%,25.75,26.49,26.5,537,168,3.2,45.28%,45.23%,0.643617,"13:41 ET"
HD,291.6,2026-09-25,1,Call,302.50,-3.60%,0.07,0.12,0.15,563,176,3.2,28.41%,40.34%,0.043923,"13:34 ET"
AMD,621.22,2026-11-20,57,Call,830.00,-32.98%,9.8,10.55,10.15,796,249,3.2,54.37%,60.97%,0.144096,"13:19 ET"
AMD,621.22,2026-10-16,22,Call,615.00,+1.47%,34.6,35.5,35,1779,556,3.2,54.37%,51.82%,0.559672,"13:42 ET"
DELL,534.77,2026-09-25,1,Call,537.50,-0.37%,5.4,5.98,6.2,747,234,3.19,59.67%,63.18%,0.445778,"13:42 ET"
RKLB,74.78,2026-10-02,8,Call,71.00,+5.48%,5.05,5.15,5.3,1479,464,3.19,73.71%,71.82%,0.695733,"13:43 ET"
SNDK,1753.29,2026-09-25,1,Put,"1,750.00",-0.84%,23.3,23.8,23.6,3136,984,3.19,71.68%,70.28%,-0.463956,"13:44 ET"
SNDK,1753.29,2026-09-25,1,Put,"1,745.00",-1.12%,20.9,21.2,21.3,645,203,3.18,71.68%,70.18%,-0.433105,"13:44 ET"
SNDK,1753.29,2026-09-25,1,Call,"1,810.00",-2.56%,9.1,9.18,9.5,891,280,3.18,71.68%,77.74%,0.228857,"13:43 ET"
BE,266.99,2026-10-02,8,Put,260.00,-2.62%,8.5,8.8,9.35,1392,438,3.18,80.36%,76.46%,-0.392526,"13:43 ET"
NUAI,7.02,2026-10-02,8,Call,8.50,-20.57%,0.05,0.1,0.25,2000,629,3.18,114.52%,136.32%,0.205618,"12:25 ET"
META,769.89,2026-09-28,4,Call,765.00,+0.87%,15.65,16.54,16.25,2391,752,3.18,45.28%,41.80%,0.565978,"13:40 ET"
NUAI,7.02,2026-10-23,29,Call,7.00,+0.71%,0.8,0.95,1.2,1018,321,3.17,114.52%,122.81%,0.580263,"11:40 ET"
XOM,162.58,2026-10-09,15,Call,167.50,-3.08%,1.89,1.85,1.99,1111,351,3.17,29.59%,29.00%,0.321419,"13:16 ET"
META,769.89,2026-09-28,4,Call,850.00,-10.14%,0.34,0.42,0.42,1295,410,3.16,45.28%,48.14%,0.026197,"13:42 ET"
META,769.89,2026-09-25,1,Put,735.00,-4.76%,0.97,0.99,1.05,6960,2202,3.16,45.28%,64.50%,-0.083824,"13:43 ET"
ORCL,138.67,2026-10-23,29,Put,110.00,-20.61%,0.46,0.55,0.51,560,178,3.15,49.68%,53.20%,-0.052342,"12:08 ET"
ARM,312.14,2026-09-25,1,Call,322.50,-2.92%,2.29,2.35,2.39,907,288,3.15,73.62%,95.52%,0.256054,"13:43 ET"
FSLY,26.77,2026-10-02,8,Call,27.00,+0.55%,1.3,1.68,1.75,1471,467,3.15,99.74%,105.08%,0.503773,"13:41 ET"
NVDA,224.16,2028-01-21,484,Call,460.00,-105.27%,4.3,4.4,4.45,20381,6463,3.15,32.98%,39.49%,0.10685,"13:39 ET"
MU,1070.18,2026-09-28,4,Put,970.00,-9.74%,0.76,0.76,0.81,791,252,3.14,62.86%,51.94%,-0.033621,"13:13 ET"
ARM,312.14,2026-09-25,1,Put,315.00,+0.53%,7.65,7.2,7.8,883,281,3.14,73.62%,90.73%,-0.578345,"13:38 ET"
SPCX,147.92,2026-09-25,1,Call,150.00,-1.41%,0.83,0.83,0.84,33857,10770,3.14,48.48%,55.22%,0.30931,"13:44 ET"
MU,1070.18,2026-09-28,4,Call,"1,105.00",-2.83%,7.35,7.35,7.45,651,208,3.13,62.86%,44.70%,0.252769,"13:43 ET"
MU,1070.18,2026-09-28,4,Put,"1,045.00",-2.76%,9.05,8.75,9.2,840,268,3.13,62.86%,43.13%,-0.293279,"13:43 ET"
AMD,621.22,2026-09-28,4,Call,640.00,-2.54%,4.2,5.05,4.4,1059,338,3.13,54.37%,43.64%,0.257662,"13:36 ET"
OKLO,38.56,2026-09-25,1,Call,39.00,-1.11%,0.31,0.33,0.37,1695,542,3.13,71.61%,72.62%,0.352357,"13:33 ET"
BA,196.79,2026-10-02,8,Put,187.50,-5.03%,0.6,0.63,0.75,512,164,3.12,32.03%,30.78%,-0.143886,"13:26 ET"
AMD,621.22,2026-10-02,8,Call,612.50,+1.87%,23.25,24.64,23.75,874,280,3.12,54.37%,52.29%,0.58483,"13:38 ET"
RKLB,74.78,2026-09-25,1,Put,74.00,-1.49%,1.08,1.12,1.15,1172,376,3.12,73.71%,86.94%,-0.432962,"13:43 ET"
BABA,111.24,2026-10-02,8,Call,111.00,+0.29%,2.65,2.67,2.75,1186,380,3.12,40.36%,39.52%,0.524529,"13:27 ET"
MU,1070.18,2026-09-28,4,Put,"1,050.00",-2.29%,10.65,11.05,10.75,2685,861,3.12,62.86%,42.97%,-0.330168,"13:43 ET"
AMD,621.22,2026-09-28,4,Put,620.00,-0.66%,10.55,10,10.85,635,204,3.11,54.37%,42.44%,-0.482998,"13:42 ET"
GLND,4.65,2026-11-20,57,Call,5.00,-4.82%,0.7,0.7,0.75,1289,414,3.11,173.91%,114.04%,0.537486,"13:36 ET"
GOOGL,341.15,2026-09-28,4,Call,340.00,+0.47%,4.25,4.31,4.55,2401,773,3.11,32.65%,26.22%,0.559687,"13:43 ET"
MU,1070.18,2026-09-25,1,Put,"1,000.00",-6.94%,0.61,0.65,0.64,16429,5286,3.11,62.86%,73.05%,-0.037653,"13:43 ET"
AAPL,336.84,2026-09-25,1,Put,330.00,-2.42%,0.17,0.17,0.19,36058,11608,3.11,23.94%,28.64%,-0.078413,"13:44 ET"
TSLA,380.74,2026-09-28,4,Put,362.50,-4.84%,0.52,0.52,0.54,818,264,3.1,40.86%,34.43%,-0.083338,"13:44 ET"
DELL,534.77,2026-09-25,1,Call,545.00,-1.77%,3.05,3.31,3.7,1112,359,3.1,59.67%,65.51%,0.296504,"13:38 ET"
AMD,621.22,2026-09-28,4,Call,620.00,+0.66%,11.2,11.36,11.5,1818,586,3.1,54.37%,42.64%,0.517753,"13:43 ET"
MU,1070.18,2026-09-28,4,Call,"1,095.00",-1.90%,9.85,9.75,9.95,916,296,3.09,62.86%,44.21%,0.316625,"13:43 ET"
AMD,621.22,2026-09-25,1,Call,637.50,-2.14%,2.05,2.06,2.14,2051,664,3.09,54.37%,59.79%,0.196986,"13:43 ET"
WMT,108.35,2026-10-02,8,Call,109.00,-0.58%,1.26,1.3,1.34,2749,890,3.09,25.67%,24.41%,0.449942,"13:42 ET"
QXO,12.16,2026-10-23,29,Call,14.00,-15.13%,0.2,0.2,0.25,864,281,3.07,60.40%,58.03%,0.215198,"13:37 ET"
NEE,76.21,2026-10-02,8,Call,78.00,-2.38%,0.31,0.35,0.42,1224,399,3.07,23.15%,22.29%,0.247861,"13:30 ET"
CSCO,105.72,2026-09-25,1,Put,107.00,+1.34%,1.46,1.59,1.72,2661,870,3.06,34.11%,30.57%,-0.791611,"13:22 ET"
PATH,12.65,2026-10-16,22,Call,14.50,-14.53%,0.17,0.19,0.19,500,164,3.05,56.39%,58.05%,0.192807,"13:30 ET"
LLY,1187.98,2026-09-25,1,Call,"1,240.00",-4.47%,0.27,0.29,0.31,510,167,3.05,35.01%,42.25%,0.028841,"13:40 ET"
ASTS,62.87,2026-09-25,1,Call,59.00,+6.35%,3.45,3.8,3.95,696,228,3.05,77.47%,65.75%,0.961554,"13:34 ET"
AMD,621.22,2026-09-25,1,Put,620.00,-0.66%,7.2,7.3,7.3,4400,1443,3.05,54.37%,57.55%,-0.48536,"13:44 ET"
GOOGL,341.15,2026-09-25,1,Call,347.50,-1.73%,0.62,0.62,0.64,6721,2204,3.05,32.65%,37.39%,0.176429,"13:44 ET"
VRTX,520.8,2026-10-23,29,Put,515.00,-1.19%,10.3,9.85,13.2,587,193,3.04,29.40%,26.33%,-0.406885,"11:18 ET"
GOOG,337.13,2026-09-25,1,Call,342.50,-1.45%,0.71,0.75,0.75,3229,1061,3.04,32.39%,36.05%,0.20574,"13:41 ET"
HOOD,121.66,2026-09-25,1,Call,123.00,-1.29%,1.21,1.22,1.25,5204,1713,3.04,62.32%,72.89%,0.386292,"13:44 ET"
MU,1070.18,2026-09-25,1,Call,"1,115.00",-3.76%,1.57,1.56,1.61,2740,905,3.03,62.86%,61.09%,0.09956,"13:43 ET"
META,769.89,2027-02-19,148,Call,"1,000.00",-29.58%,28.3,28.5,29,1373,454,3.02,45.28%,46.21%,0.245079,"13:38 ET"
META,769.89,2026-09-28,4,Call,770.00,+0.22%,13.2,13.47,13.7,3145,1041,3.02,45.28%,42.09%,0.506952,"13:43 ET"
META,769.89,2026-09-30,6,Call,800.00,-3.66%,7.5,7.6,7.85,7456,2470,3.02,45.28%,47.43%,0.274812,"13:43 ET"
AAPL,336.84,2026-09-28,4,Call,340.00,-0.54%,1.45,1.51,1.52,6118,2033,3.01,23.94%,18.92%,0.338565,"13:43 ET"
INTC,125.42,2026-09-25,1,Put,123.00,-2.10%,0.97,0.98,1,14241,4734,3.01,69.07%,74.35%,-0.3086,"13:44 ET"
PLTR,192.6,2026-10-30,36,Call,185.00,+4.12%,15.85,16.1,16.15,944,315,3,52.31%,48.86%,0.639202,"13:38 ET"
TSLA,380.74,2026-09-28,4,Put,372.50,-2.22%,1.93,1.9,1.97,2702,900,3,40.86%,32.08%,-0.251138,"13:41 ET"
GOOGL,341.15,2026-09-25,1,Put,337.50,-1.20%,1.04,1.09,1.09,6565,2194,2.99,32.65%,35.01%,-0.274419,"13:43 ET"
META,769.89,2026-09-25,1,Call,825.00,-6.90%,0.27,0.28,0.31,7054,2363,2.99,45.28%,68.65%,0.027697,"13:43 ET"
GOOGL,341.15,2026-09-28,4,Call,347.50,-1.73%,1.45,1.57,1.57,1623,544,2.98,32.65%,26.76%,0.263918,"13:37 ET"
TSLA,380.74,2026-09-28,4,Call,390.00,-2.38%,1.83,1.88,1.88,4137,1386,2.98,40.86%,32.42%,0.245998,"13:43 ET"
MU,1070.18,2026-09-28,4,Call,"1,135.00",-5.62%,2.94,3.4,2.99,626,211,2.97,62.86%,46.66%,0.118143,"13:37 ET"
META,769.89,2026-09-30,6,Put,770.00,-0.22%,18.1,18.49,18.8,778,262,2.97,45.28%,46.81%,-0.488829,"13:43 ET"
MSTR,161.38,2026-12-18,85,Call,440.00,-171.49%,0.71,0.71,0.83,1845,623,2.96,69.09%,97.69%,0.030455,"13:20 ET"
NBIS,248.66,2026-09-25,1,Call,240.00,+2.64%,9.4,9.2,9.65,10001,3377,2.96,85.26%,98.02%,0.731245,"13:43 ET"
NEE,76.21,2026-10-02,8,Put,77.00,+1.06%,1.31,1.4,1.42,1323,448,2.95,23.15%,20.49%,-0.624865,"13:44 ET"
IONQ,44.74,2026-10-02,8,Call,45.50,-2.92%,1.6,1.64,1.73,623,212,2.94,76.97%,79.85%,0.450067,"13:44 ET"
COIN,198.24,2026-10-09,15,Call,200.00,-0.84%,9.1,9.51,9.4,1194,408,2.93,64.59%,63.00%,0.497329,"13:42 ET"
ORCL,138.67,2026-10-02,8,Call,147.00,-6.10%,1.28,1.33,1.34,1627,555,2.93,49.68%,50.67%,0.226021,"13:38 ET"
SNOW,334.65,2026-09-25,1,Put,322.50,-3.87%,0.29,0.47,0.49,687,235,2.92,47.23%,52.28%,-0.090753,"12:48 ET"
RKLB,74.78,2026-10-02,8,Call,81.00,-7.83%,1.1,1.15,1.2,757,262,2.89,73.71%,75.43%,0.245952,"13:38 ET"
SNDK,1753.29,2026-09-25,1,Put,"1,715.00",-2.82%,10.2,10.3,10.5,909,314,2.89,71.68%,70.15%,-0.260746,"13:42 ET"
AMD,621.22,2026-09-25,1,Put,597.50,-4.27%,1.09,1.09,1.12,1957,677,2.89,54.37%,60.45%,-0.114092,"13:44 ET"
META,769.89,2026-09-25,1,Call,775.00,-0.43%,7.35,7.51,7.7,16768,5796,2.89,45.28%,61.94%,0.421185,"13:43 ET"
SNDK,1753.29,2026-09-25,1,Put,"1,725.00",-2.26%,13.2,13,13.4,651,226,2.88,71.68%,69.99%,-0.314331,"13:43 ET"
MCD,239.68,2026-10-02,8,Put,237.50,-0.93%,1.78,2.14,2.08,852,296,2.88,21.81%,20.78%,-0.372429,"13:27 ET"
IONQ,44.74,2026-09-25,1,Call,42.50,+3.87%,2.12,2.21,2.29,3062,1068,2.87,76.97%,96.74%,0.822997,"13:43 ET"
SPCX,147.92,2026-10-02,8,Call,147.00,+0.62%,4.55,4.7,4.65,1065,372,2.86,48.48%,47.49%,0.548772,"13:41 ET"
RIVN,15.44,2026-10-16,22,Call,15.50,-0.91%,0.77,0.77,0.8,1314,460,2.86,58.89%,53.72%,0.515777,"13:42 ET"
NVO,38.28,2026-10-23,29,Put,38.00,-0.81%,1.01,1.1,1.08,626,220,2.85,32.52%,27.65%,-0.444825,"12:14 ET"
SNDK,1753.29,2026-09-25,1,Put,"1,770.00",+0.29%,34.4,35.3,34.8,1680,589,2.85,71.68%,71.25%,-0.585183,"13:43 ET"
META,769.89,2026-09-25,1,Call,755.00,+2.17%,18.6,18.59,19,7902,2768,2.85,45.28%,61.64%,0.729251,"13:43 ET"
INTC,125.42,2026-09-25,1,Put,120.00,-4.49%,0.34,0.35,0.36,16444,5770,2.85,69.07%,76.64%,-0.135296,"13:43 ET"
NVDA,224.16,2026-09-25,1,Put,220.00,-1.83%,0.4,0.4,0.41,77092,27047,2.85,32.98%,35.32%,-0.179189,"13:44 ET"
META,769.89,2027-01-15,113,Call,"1,090.00",-41.24%,9.35,10,9.75,809,285,2.84,45.28%,45.15%,0.112665,"13:18 ET"
MU,1070.18,2026-09-28,4,Put,"1,080.00",+0.50%,24.8,24.45,24.95,540,191,2.83,62.86%,43.23%,-0.57404,"13:43 ET"
SNDK,1753.29,2026-09-25,1,Call,"1,755.00",+0.56%,26.2,25.9,26.6,707,250,2.83,71.68%,72.50%,0.505634,"13:44 ET"
TSLA,380.74,2026-10-16,22,Call,377.50,+0.91%,16.7,16.84,16.95,814,288,2.83,40.86%,39.74%,0.562559,"13:27 ET"
CIFR,18.39,2026-10-02,8,Put,18.50,+0.60%,1.12,1.1,1.21,1067,377,2.83,99.81%,99.65%,-0.494534,"13:10 ET"
DELL,534.77,2026-09-25,1,Call,540.00,-0.84%,4.55,4.85,5.8,1618,572,2.83,59.67%,66.79%,0.397471,"13:39 ET"
META,769.89,2026-10-16,22,Put,760.00,-1.52%,27.25,26.9,27.75,1330,471,2.82,45.28%,43.73%,-0.426135,"13:33 ET"
CVX,207.06,2026-09-25,1,Put,205.00,-0.76%,0.44,0.55,0.67,2275,808,2.82,28.24%,31.34%,-0.266118,"13:43 ET"
EQT,51.33,2026-10-02,8,Call,51.00,-0.02%,1.07,1.1,1.17,534,190,2.81,31.29%,31.54%,0.562248,"13:40 ET"
MP,49.45,2026-10-02,8,Call,54.00,-8.94%,0.33,0.4,0.42,601,214,2.81,57.46%,60.30%,0.166762,"13:38 ET"
RGTI,16.44,2026-10-09,15,Put,16.00,-2.26%,0.73,0.73,0.8,860,306,2.81,75.51%,72.42%,-0.406729,"12:39 ET"
META,769.89,2026-10-02,8,Call,765.00,+0.87%,23.8,23.55,24.4,1251,445,2.81,45.28%,47.32%,0.552009,"13:41 ET"
AMZN,248.79,2026-10-02,8,Call,257.50,-3.27%,1.34,1.36,1.4,3077,1096,2.81,32.71%,29.57%,0.223124,"13:43 ET"
MU,1070.18,2026-09-28,4,Put,"1,010.00",-6.01%,2.74,2.57,2.77,574,205,2.8,62.86%,45.66%,-0.109464,"13:43 ET"
JD,26.76,2026-10-02,8,Call,26.00,+2.88%,0.91,1.01,1.01,714,255,2.8,32.78%,34.69%,0.710287,"10:43 ET"
BYND,9.21,2026-09-25,1,Put,10.00,+7.64%,0.64,0.71,0.9,916,327,2.8,102.61%,94.59%,-0.947358,"12:16 ET"
NEE,76.21,2026-10-02,8,Put,76.00,-0.25%,0.79,0.84,0.88,928,331,2.8,23.15%,21.00%,-0.455812,"13:25 ET"
BULL,7.32,2026-10-09,15,Call,8.00,-9.14%,0.12,0.13,0.14,1252,447,2.8,60.68%,60.49%,0.256016,"13:26 ET"
TE,3.9,2026-10-02,8,Call,4.00,-2.04%,0.15,0.2,0.25,1274,455,2.8,101.57%,106.46%,0.465838,"13:33 ET"
NBIS,248.66,2026-10-02,8,Call,270.00,-9.52%,4.6,4.8,4.95,2703,967,2.8,85.26%,85.42%,0.266747,"13:42 ET"
AMD,621.22,2026-09-25,1,Put,605.00,-3.07%,2.18,2.2,2.25,5316,1901,2.8,54.37%,58.98%,-0.203221,"13:43 ET"
PANW,392.67,2026-09-25,1,Put,380.00,-2.72%,0.75,1.16,1.34,598,214,2.79,52.97%,61.18%,-0.156633,"13:30 ET"
CM,111.5,2026-10-16,22,Put,110.00,-1.16%,1.95,2.1,2.4,831,299,2.78,25.00%,25.85%,-0.411248,"13:16 ET"
AAPL,336.84,2026-09-30,6,Call,337.50,+0.20%,3.55,3.72,3.75,1490,536,2.78,23.94%,22.00%,0.493349,"13:43 ET"
TSLA,380.74,2026-09-28,4,Call,380.00,+0.25%,5.35,5.36,5.5,6231,2238,2.78,40.86%,31.61%,0.531682,"13:43 ET"
NIO,3.62,2028-01-21,484,Put,4.00,+10.19%,1.06,1.06,1.14,16719,6007,2.78,51.81%,59.59%,-0.40692,"13:43 ET"
SNDK,1753.29,2026-09-25,1,Put,"1,755.00",-0.56%,25.8,26.3,26.2,974,352,2.77,71.68%,70.50%,-0.494841,"13:43 ET"
META,769.89,2026-09-25,1,Put,705.00,-8.65%,0.1,0.12,0.14,4382,1584,2.77,45.28%,74.31%,-0.011497,"13:40 ET"
CRCL,92.25,2026-09-25,1,Put,91.50,-0.93%,1.29,1.4,1.39,620,225,2.76,75.61%,84.85%,-0.431958,"13:22 ET"
STWD,14.49,2028-01-21,484,Put,13.00,-10.28%,0.6,1.35,1.55,1267,459,2.76,24.52%,19.41%,-0.382226,"10:55 ET"
WMT,108.35,2027-09-17,358,Call,120.00,-10.73%,8.6,8.8,9.05,1763,638,2.76,25.67%,28.01%,0.452628,"13:17 ET"
SPCX,147.92,2027-09-17,358,Call,170.00,-14.93%,25.25,25.55,25.7,6044,2190,2.76,48.48%,53.62%,0.532389,"13:33 ET"
INTC,125.42,2026-09-25,1,Call,122.00,+2.90%,3.95,4.01,4.1,10019,3636,2.76,69.07%,74.58%,0.760464,"13:43 ET"
AMZN,248.79,2026-10-09,15,Put,205.00,-17.78%,0.1,0.11,0.11,1012,370,2.74,32.71%,44.03%,-0.013151,"11:46 ET"
INTC,125.42,2026-09-25,1,Call,130.00,-3.47%,0.52,0.54,0.54,35616,13012,2.74,69.07%,78.25%,0.190953,"13:44 ET"
TSLA,380.74,2026-09-30,6,Put,367.50,-3.53%,2.19,2.16,2.25,1182,433,2.73,40.86%,36.32%,-0.214955,"13:42 ET"
NCLH,14.22,2026-10-02,8,Put,14.50,+1.12%,0.58,0.52,0.63,718,264,2.72,53.28%,52.59%,-0.587756,"13:11 ET"
TTD,12.51,2026-10-23,29,Call,13.00,-3.26%,0.52,0.62,0.57,737,271,2.72,63.65%,52.48%,0.433443,"13:04 ET"
CPNG,14.06,2027-02-19,148,Call,18.00,-27.66%,0.53,0.62,0.67,2280,839,2.72,46.78%,47.20%,0.268777,"11:12 ET"
WULF,16.52,2026-12-18,85,Put,13.00,-21.36%,0.98,1.11,1.05,8523,3133,2.72,84.00%,77.95%,-0.227637,"11:36 ET"
INTC,125.42,2026-09-28,4,Put,115.00,-8.47%,0.22,0.24,0.25,1432,528,2.71,69.07%,56.85%,-0.06963,"13:41 ET"
AAPL,336.84,2026-09-28,4,Put,337.50,-0.20%,2.86,2.9,2.94,2027,747,2.71,23.94%,19.23%,-0.518812,"13:43 ET"
TSLA,380.74,2026-09-25,1,Put,365.00,-4.19%,0.18,0.17,0.19,13444,4957,2.71,40.86%,48.10%,-0.046301,"13:42 ET"
MU,1070.18,2026-09-28,4,Put,"1,035.00",-3.69%,6.5,5.9,6.6,680,252,2.7,62.86%,43.59%,-0.226775,"13:40 ET"
PFE,28.45,2026-10-16,22,Call,29.50,-3.58%,0.26,0.27,0.29,1084,402,2.7,24.21%,23.96%,0.274942,"13:39 ET"
HPE,63.77,2028-01-21,484,Put,70.00,+9.48%,20.4,20.62,21.05,1749,648,2.7,63.52%,64.47%,-0.39013,"13:39 ET"
META,769.89,2026-09-28,4,Put,750.00,-2.81%,5.8,5.85,6.05,1760,653,2.7,45.28%,42.86%,-0.273093,"13:43 ET"
AMD,621.22,2026-09-25,1,Call,610.00,+2.27%,13.9,14.07,14.2,4617,1719,2.69,54.37%,60.38%,0.70939,"13:43 ET"
TMUS,165.3,2026-11-20,57,Put,170.00,+2.87%,10.7,10.7,11.3,923,345,2.68,32.90%,32.89%,-0.553719,"10:40 ET"
PURR,13.9,2026-12-18,85,Call,19.00,-36.49%,1.45,1.5,1.65,967,361,2.68,105.60%,112.68%,0.386467,"10:50 ET"
BE,266.99,2026-09-25,1,Call,270.00,-1.12%,3.15,3.7,3.6,2956,1101,2.68,80.36%,89.64%,0.392649,"13:42 ET"
NUAI,7.02,2027-02-19,148,Call,7.50,-6.38%,1.75,1.8,1.85,6102,2280,2.68,114.52%,109.02%,0.611195,"13:31 ET"
NVDA,224.16,2026-09-28,4,Put,220.00,-1.83%,0.99,0.98,1,9582,3582,2.68,32.98%,26.27%,-0.26307,"13:43 ET"
TSLA,380.74,2026-09-25,1,Call,375.00,+1.56%,6.95,7.03,7.1,15273,5704,2.68,40.86%,44.11%,0.74591,"13:44 ET"
MSTR,161.38,2026-12-18,85,Call,295.00,-82.02%,2.63,2.5,2.83,601,225,2.67,69.09%,83.97%,0.102796,"12:11 ET"
SNDK,1753.29,2026-09-25,1,Put,"1,720.00",-2.54%,11.6,11.9,11.9,1294,486,2.66,71.68%,70.05%,-0.286897,"13:44 ET"
SNDK,1753.29,2026-09-25,1,Put,"1,630.00",-7.64%,0.95,0.95,1.1,1342,505,2.66,71.68%,78.73%,-0.035233,"13:40 ET"
DELL,534.77,2026-09-25,1,Call,587.50,-9.71%,0.12,0.12,0.32,615,232,2.65,59.67%,89.55%,0.023743,"13:38 ET"
ETOR,26.66,2027-04-16,204,Call,30.00,-12.87%,2.55,3.1,3.3,1509,569,2.65,51.40%,49.79%,0.471761,"13:13 ET"
PANW,392.67,2026-09-25,1,Call,415.00,-6.24%,0.11,0.12,0.35,629,238,2.64,52.97%,62.55%,0.044199,"13:39 ET"
MSFT,495.06,2026-09-28,4,Call,500.00,-0.81%,2.45,2.5,2.58,3043,1152,2.64,27.70%,21.80%,0.339141,"13:43 ET"
TTD,12.51,2026-10-16,22,Call,14.00,-11.20%,0.22,0.22,0.25,1032,393,2.63,63.65%,57.96%,0.240085,"13:45 ET"
META,769.89,2026-10-02,8,Put,750.00,-2.81%,12.55,12.85,13,1291,491,2.63,45.28%,47.56%,-0.340826,"13:43 ET"
MCHP,74.26,2026-09-25,1,Call,75.00,-1.15%,0.4,0.65,0.85,508,194,2.62,49.23%,63.93%,0.371897,"12:54 ET"
FSLR,176.65,2026-11-20,57,Call,200.00,-13.31%,8.5,8.8,9.25,509,194,2.62,54.42%,59.61%,0.355542,"13:42 ET"
TSLA,380.74,2026-10-02,8,Put,385.00,+1.06%,11.9,11.85,12.05,1355,518,2.62,40.86%,43.35%,-0.55406,"13:42 ET"
PL,17.6,2026-09-25,1,Call,16.50,+6.36%,1,1.1,1.2,1594,608,2.62,71.51%,100.39%,0.884358,"13:37 ET"
ASTS,62.87,2026-09-25,1,Call,60.00,+4.76%,2.9,2.97,3.05,2007,766,2.62,77.47%,93.61%,0.819151,"13:37 ET"
MSFT,495.06,2026-10-05,11,Call,510.00,-2.82%,2.52,2.9,3,662,254,2.61,27.70%,23.05%,0.240976,"13:43 ET"
GOOGL,341.15,2026-09-28,4,Put,337.50,-1.20%,2.08,2.09,2.2,693,266,2.61,32.65%,26.27%,-0.338615,"13:34 ET"
NBIS,248.66,2026-09-25,1,Call,237.50,+3.66%,11.2,10.3,11.55,2177,835,2.61,85.26%,97.53%,0.795192,"13:27 ET"
TSLA,380.74,2026-09-25,1,Put,390.00,+2.38%,9.95,9.75,10.15,2282,875,2.61,40.86%,44.95%,-0.846336,"13:42 ET"
AMD,621.22,2026-09-25,1,Put,617.50,-1.07%,6,5.91,6.2,2503,962,2.6,54.37%,57.76%,-0.432348,"13:43 ET"
BYND,9.21,2026-09-25,1,Put,9.50,+2.26%,0.26,0.39,0.45,520,201,2.59,102.61%,93.06%,-0.722415,"12:38 ET"
META,769.89,2026-09-28,4,Put,720.00,-6.70%,1.1,1.14,1.19,645,249,2.59,45.28%,44.25%,-0.071088,"13:38 ET"
RKLB,74.78,2026-09-25,1,Put,75.00,-0.16%,1.6,1.65,1.66,667,258,2.59,73.71%,87.28%,-0.549987,"13:43 ET"
ARM,312.14,2026-09-25,1,Call,320.00,-2.12%,2.87,2.91,2.99,2375,918,2.59,73.62%,94.24%,0.305965,"13:43 ET"
SNDK,1753.29,2026-09-25,1,Call,"1,850.00",-4.82%,4.3,4.35,4.5,3938,1522,2.59,71.68%,83.92%,0.118508,"13:44 ET"
MSTR,161.38,2026-09-25,1,Put,162.50,+0.27%,3.35,3.37,3.5,5181,2004,2.59,69.09%,81.10%,-0.565364,"13:40 ET"
FSLR,176.65,2027-01-15,113,Call,400.00,-126.63%,0.1,0.41,0.61,984,381,2.58,54.42%,63.12%,0.017612,"10:36 ET"
QXO,12.16,2027-01-15,113,Put,12.00,-1.32%,1.45,1.5,1.55,2427,941,2.58,60.40%,61.01%,-0.412013,"10:42 ET"
MU,1070.18,2026-09-25,1,Call,"1,040.00",+3.22%,32.7,35,32.95,2650,1028,2.58,62.86%,59.06%,0.822128,"13:39 ET"
FSLR,176.65,2026-10-02,8,Call,195.00,-10.48%,0.78,0.9,1.25,517,201,2.57,54.42%,56.90%,0.138705,"13:09 ET"
SOFI,16.65,2026-10-16,22,Call,16.50,+0.54%,0.8,0.82,0.83,1937,754,2.57,48.44%,45.52%,0.554815,"13:42 ET"
AVGO,350.06,2026-09-25,1,Put,347.50,-0.68%,1.43,1.51,1.5,4258,1658,2.57,35.41%,33.60%,-0.350424,"13:43 ET"
META,769.89,2026-09-25,1,Put,720.00,-6.70%,0.3,0.33,0.33,5275,2054,2.57,45.28%,68.00%,-0.029389,"13:43 ET"
BBAR,13.59,2027-01-15,113,Call,15.00,-10.62%,0.6,0.86,2.05,764,298,2.56,48.75%,61.06%,0.456413,"11:01 ET"
SPCX,147.92,2026-09-25,1,Call,144.00,+2.64%,4.15,4.1,4.25,2127,835,2.55,48.48%,54.30%,0.823761,"13:43 ET"
MU,1070.18,2026-09-25,1,Put,"1,070.00",-0.43%,12.3,12.4,12.55,8068,3165,2.55,62.86%,54.70%,-0.499742,"13:44 ET"
AMD,621.22,2026-09-30,6,Call,620.00,+0.66%,15.75,15.9,16.05,901,355,2.54,54.37%,48.96%,0.520165,"13:43 ET"
NBIS,248.66,2026-11-20,57,Put,250.00,+1.41%,35.15,35.11,35.85,1093,431,2.54,85.26%,89.58%,-0.436423,"13:38 ET"
TSLA,380.74,2026-09-30,6,Put,360.00,-5.50%,1.05,1.06,1.08,1188,468,2.54,40.86%,37.57%,-0.116415,"13:43 ET"
INTC,125.42,2026-09-30,6,Call,135.00,-7.45%,1.18,1.31,1.22,1305,514,2.54,69.07%,66.90%,0.206388,"13:22 ET"
NBIS,248.66,2026-09-25,1,Put,230.00,-6.70%,0.39,0.41,0.41,4468,1761,2.54,85.26%,96.39%,-0.070845,"13:40 ET"
TTWO,206.73,2026-10-02,8,Call,222.50,-7.63%,0.45,0.5,0.8,590,233,2.53,41.43%,39.33%,0.110138,"13:02 ET"
ABNB,150.62,2026-12-18,85,Put,150.00,-0.44%,10.15,10.35,10.6,847,335,2.53,38.32%,38.81%,-0.442599,"13:38 ET"
RKT,12.03,2026-10-02,8,Put,11.50,-3.85%,0.19,0.2,0.22,1249,493,2.53,59.12%,57.95%,-0.300369,"13:34 ET"
MU,1070.18,2026-09-25,1,Put,"1,080.00",+0.50%,18.1,18.18,18.2,2679,1060,2.53,62.86%,54.57%,-0.627565,"13:44 ET"
SMCI,41.43,2026-09-25,1,Call,40.50,+2.39%,1.18,1.3,1.25,2995,1186,2.53,75.16%,81.40%,0.698423,"13:42 ET"
MU,1070.18,2026-09-28,4,Call,"1,150.00",-7.01%,1.85,1.93,1.87,3181,1259,2.53,62.86%,47.84%,0.078407,"13:43 ET"
AVGO,350.06,2026-09-28,4,Call,350.00,-0.04%,3.85,4,4,745,297,2.51,35.41%,27.23%,0.501473,"13:31 ET"
META,769.89,2026-09-30,6,Call,770.00,+0.22%,17.85,18.2,18.3,1599,637,2.51,45.28%,45.93%,0.511703,"13:43 ET"
META,769.89,2026-09-25,1,Put,725.00,-6.05%,0.45,0.47,0.48,8130,3241,2.51,45.28%,66.69%,-0.041998,"13:43 ET"
ARM,312.14,2026-10-02,8,Call,370.00,-18.08%,2,2,2.17,992,397,2.5,73.62%,89.36%,0.110462,"13:43 ET"
XP,20.55,2027-01-15,113,Call,23.00,-12.20%,1.35,1.49,1.6,3104,1244,2.5,58.53%,53.08%,0.400217,"11:34 ET"
HIMS,28.76,2026-10-02,8,Call,29.50,-2.54%,0.89,0.95,0.97,552,222,2.49,73.46%,70.70%,0.43942,"13:22 ET"
FDX,281.1,2026-10-16,22,Put,270.00,-3.98%,2.89,2.49,3.35,572,230,2.49,30.73%,27.97%,-0.258744,"11:13 ET"
TRIP,8.16,2026-10-16,22,Put,8.00,-2.56%,0.25,0.25,0.3,992,398,2.49,54.53%,45.36%,-0.39895,"13:02 ET"
AMZN,248.79,2026-09-30,6,Put,240.00,-3.75%,0.71,0.73,0.75,1101,442,2.49,32.71%,27.95%,-0.154569,"13:43 ET"
WFC,81.67,2026-12-18,85,Call,77.50,+4.92%,6.65,7.1,7.2,1236,497,2.49,31.34%,28.81%,0.677232,"12:55 ET"
OXY,58.12,2026-10-02,8,Call,58.00,+0.03%,1.25,1.22,1.37,547,221,2.48,34.52%,35.30%,0.535816,"13:29 ET"
U,43.58,2026-09-25,1,Call,44.50,-2.28%,0.33,0.4,0.39,576,232,2.48,61.60%,79.95%,0.313195,"13:45 ET"
MSTR,161.38,2026-10-02,8,Put,147.00,-9.30%,1.29,1.26,1.39,1802,728,2.48,69.09%,65.49%,-0.156663,"13:02 ET"
CRM,238.9,2026-10-02,8,Call,255.00,-6.72%,0.94,1.01,1.08,1836,740,2.48,38.97%,39.71%,0.143815,"13:33 ET"
AMD,621.22,2026-10-16,22,Call,680.00,-8.95%,12.2,12.65,12.45,3223,1298,2.48,54.37%,53.05%,0.266991,"13:42 ET"
META,769.89,2026-11-20,57,Put,730.00,-5.41%,36.2,36.05,36.65,550,223,2.47,45.28%,47.07%,-0.343786,"13:39 ET"
UPST,24.69,2026-09-25,1,Call,24.00,+2.32%,0.59,0.8,0.85,737,298,2.47,65.80%,48.42%,0.86679,"12:41 ET"
META,769.89,2026-09-28,4,Put,755.00,-2.17%,7.2,7.15,7.65,943,382,2.47,45.28%,42.62%,-0.323615,"13:41 ET"
IREN,46.37,2026-09-25,1,Call,45.50,+1.96%,1.24,1.4,1.31,1449,587,2.47,80.36%,86.72%,0.653512,"13:37 ET"
ORCL,138.67,2026-10-09,15,Call,145.00,-4.66%,2.9,2.9,3.05,880,358,2.46,49.68%,48.89%,0.342556,"13:25 ET"
GLNG,50.44,2026-12-18,85,Call,55.00,-9.39%,1.75,1.75,1.85,1198,487,2.46,32.96%,35.79%,0.340568,"13:03 ET"
AMZN,248.79,2026-09-30,6,Put,245.00,-1.74%,1.87,1.85,1.97,1298,527,2.46,32.71%,27.55%,-0.327537,"13:41 ET"
GOOGL,341.15,2026-09-30,6,Call,340.00,+0.47%,5.65,5.85,6,641,262,2.45,32.65%,29.44%,0.549081,"13:38 ET"
P,125.98,2026-10-16,22,Put,115.00,-9.28%,3.1,3.31,3.5,903,369,2.45,67.96%,66.40%,-0.247434,"13:40 ET"
NVDA,224.16,2026-10-09,15,Call,222.50,+0.71%,6.2,6.3,6.35,542,222,2.44,32.98%,30.40%,0.55628,"13:43 ET"
FSLR,176.65,2026-10-16,22,Put,170.00,-3.68%,5.25,5.5,5.5,563,231,2.44,54.42%,50.80%,-0.341128,"13:39 ET"
AMD,621.22,2026-10-16,22,Put,495.00,-20.69%,1.91,1.78,2.07,679,278,2.44,54.37%,59.06%,-0.050067,"13:18 ET"
META,769.89,2026-09-25,1,Put,712.50,-7.67%,0.16,0.2,0.2,1201,493,2.44,45.28%,70.38%,-0.017368,"13:42 ET"
ORCL,138.67,2026-10-02,8,Call,148.00,-6.82%,1.11,1.14,1.2,1550,636,2.44,49.68%,51.31%,0.202973,"13:42 ET"
SPCX,147.92,2026-09-25,1,Put,146.00,-1.29%,0.85,0.85,0.86,9978,4087,2.44,48.48%,51.97%,-0.321852,"13:43 ET"
EIX,52.94,2026-11-20,57,Call,55.00,-3.97%,2.05,2.1,2.2,777,320,2.43,36.05%,36.81%,0.413766,"11:43 ET"
VRNS,48.1,2026-11-20,57,Call,55.00,-13.99%,1.6,1.9,2.05,876,360,2.43,52.28%,53.73%,0.309992,"13:47 ET"
INTC,125.42,2026-09-30,6,Call,124.00,+1.31%,4.7,4.8,4.9,921,379,2.43,69.07%,63.91%,0.569912,"13:39 ET"
TSLA,380.74,2026-09-25,1,Call,390.00,-2.38%,0.73,0.74,0.75,43669,17943,2.43,40.86%,45.49%,0.157425,"13:44 ET"
NBIS,248.66,2026-10-02,8,Call,255.00,-3.44%,8.7,9,9.25,982,406,2.42,85.26%,83.23%,0.429209,"13:43 ET"
AMD,621.22,2026-09-25,1,Call,655.00,-4.94%,0.43,0.45,0.48,2415,998,2.42,54.37%,63.45%,0.052981,"13:43 ET"
HOOD,121.66,2026-09-25,1,Put,122.00,+0.47%,2.01,2.02,2.05,2590,1072,2.42,62.32%,70.89%,-0.531386,"13:44 ET"
META,769.89,2026-09-28,4,Call,800.00,-3.66%,4,4.03,4.1,7389,3050,2.42,45.28%,43.84%,0.207705,"13:43 ET"
AXP,303.2,2028-01-21,484,Put,220.00,-27.15%,7.25,7.7,8,901,374,2.41,26.25%,31.49%,-0.120481,"13:05 ET"
MU,1070.18,2026-09-25,1,Put,"1,005.00",-6.48%,0.7,0.75,0.74,1732,722,2.4,62.86%,70.49%,-0.043934,"13:43 ET"
AMZN,248.79,2026-10-30,36,Put,250.00,+0.26%,12.15,12.13,12.45,1870,780,2.4,32.71%,38.58%,-0.484795,"13:43 ET"
PLTR,192.6,2026-10-02,8,Put,180.00,-6.71%,1.35,1.35,1.39,3452,1439,2.4,52.31%,50.08%,-0.172947,"13:38 ET"
AMBA,69.95,2026-10-02,8,Call,80.00,-14.71%,0.6,0.75,1.1,555,232,2.39,69.16%,93.16%,0.174967,"12:07 ET"
MP,49.45,2026-10-02,8,Call,50.00,-0.87%,1.23,1.35,1.42,668,280,2.39,57.46%,55.80%,0.45212,"13:41 ET"
INTC,125.42,2026-10-02,8,Put,124.00,-1.31%,4.2,4.2,4.35,792,331,2.39,69.07%,67.17%,-0.435729,"13:34 ET"
RKLB,74.78,2026-10-02,8,Call,78.00,-3.83%,1.81,1.94,1.94,1217,509,2.39,73.71%,73.75%,0.359518,"13:41 ET"
TSLA,380.74,2026-09-30,6,Call,380.00,+0.25%,7.3,7.5,7.45,3743,1564,2.39,40.86%,35.64%,0.529137,"13:42 ET"
NOW,138.46,2026-09-25,1,Put,137.00,-1.21%,0.98,1.04,1.08,527,221,2.38,54.93%,60.08%,-0.346489,"13:36 ET"
META,769.89,2026-09-28,4,Call,840.00,-8.85%,0.56,0.57,0.74,762,320,2.38,45.28%,47.63%,0.04234,"13:42 ET"
SNDK,1753.29,2026-09-25,1,Call,"1,835.00",-3.97%,5.7,6.22,5.8,503,212,2.37,71.68%,81.27%,0.151246,"13:42 ET"
NBIS,248.66,2026-10-02,8,Call,242.50,+1.63%,14.2,14.86,15,549,232,2.37,85.26%,82.32%,0.591255,"13:39 ET"
GLW,154.44,2026-09-25,1,Put,148.00,-4.35%,0.22,0.27,0.31,674,284,2.37,58.77%,63.92%,-0.105714,"13:40 ET"
META,769.89,2026-09-28,4,Put,740.00,-4.11%,3.3,3.35,3.7,802,338,2.37,45.28%,42.76%,-0.182736,"13:35 ET"
TFC,47.02,2026-11-20,57,Put,42.50,-9.50%,0.65,0.75,0.75,1152,487,2.37,28.75%,32.25%,-0.197278,"13:03 ET"
NVDA,224.16,2026-09-30,6,Call,222.50,+0.71%,3.95,4.1,4.05,2189,923,2.37,32.98%,28.83%,0.571588,"13:42 ET"
MU,1070.18,2026-09-25,1,Put,"1,020.00",-5.08%,1.17,1.04,1.2,2691,1134,2.37,62.86%,63.37%,-0.0738,"13:42 ET"
PLTR,192.6,2026-09-25,1,Call,200.00,-3.66%,0.25,0.26,0.27,20996,8845,2.37,52.31%,56.75%,0.097721,"13:44 ET"
INTC,125.42,2026-09-30,6,Call,128.00,-1.88%,2.94,2.96,3.05,618,262,2.36,69.07%,64.47%,0.417297,"13:43 ET"
COIN,198.24,2026-10-02,8,Call,205.00,-3.36%,4.75,4.85,5,1084,459,2.36,64.59%,66.13%,0.380972,"13:43 ET"
CCL,21.83,2026-10-02,8,Put,21.00,-4.24%,0.43,0.45,0.49,1337,566,2.36,48.19%,63.63%,-0.32513,"13:35 ET"
HOOD,121.66,2026-09-25,1,Put,119.00,-2.00%,0.75,0.78,0.79,4548,1926,2.36,62.32%,70.19%,-0.274882,"13:41 ET"
META,769.89,2026-11-20,57,Put,670.00,-13.18%,16.85,16.89,17.25,1115,475,2.35,45.28%,47.44%,-0.194904,"13:42 ET"
LQDA,69.25,2026-09-25,1,Call,77.00,-11.61%,0.1,0.15,0.2,1258,536,2.35,89.37%,137.05%,0.070272,"13:20 ET"
ASTS,62.87,2026-09-25,1,Call,61.00,+3.17%,2.15,2.25,2.25,1453,618,2.35,77.47%,91.80%,0.720757,"13:42 ET"
AMD,621.22,2026-10-02,8,Call,650.00,-4.14%,8.55,8.76,8.75,2658,1133,2.35,54.37%,53.11%,0.293318,"13:43 ET"
CRWV,90.42,2026-09-25,1,Call,88.00,+2.87%,2.66,2.71,2.82,7533,3204,2.35,76.39%,86.18%,0.691808,"13:43 ET"
U,43.58,2026-10-16,22,Call,43.50,+0.02%,2.43,2.49,2.55,795,340,2.34,61.60%,56.60%,0.538348,"13:46 ET"
ORCL,138.67,2026-10-02,8,Put,133.00,-4.01%,1.65,1.7,1.75,942,405,2.33,49.68%,48.10%,-0.271242,"13:32 ET"
TSLA,380.74,2026-09-28,4,Put,365.00,-4.19%,0.72,0.72,0.74,2887,1240,2.33,40.86%,33.59%,-0.111038,"13:44 ET"
INTC,125.42,2026-09-28,4,Call,130.00,-3.47%,1.2,1.24,1.24,5250,2253,2.33,69.07%,55.99%,0.277204,"13:43 ET"
META,769.89,2026-09-25,1,Put,722.50,-6.38%,0.34,0.34,0.41,2430,1048,2.32,45.28%,67.08%,-0.03465,"13:43 ET"
SPCX,147.92,2026-09-25,1,Put,148.00,+0.06%,1.72,1.74,1.74,13871,5988,2.32,48.48%,52.62%,-0.514806,"13:43 ET"
TD,119.36,2026-11-20,57,Put,125.00,+4.93%,7.2,7.1,7.7,500,216,2.31,21.24%,21.02%,-0.698928,"13:20 ET"
INTC,125.42,2026-10-02,8,Put,113.00,-10.06%,0.89,0.9,0.94,668,290,2.3,69.07%,67.54%,-0.1376,"13:34 ET"
META,769.89,2026-09-30,6,Call,765.00,+0.87%,20.2,21.1,20.8,704,306,2.3,45.28%,45.61%,0.555884,"13:40 ET"
MSTR,161.38,2026-09-25,1,Call,165.00,-1.81%,1.45,1.5,1.5,16520,7192,2.3,69.09%,87.82%,0.315498,"13:43 ET"
GOOGL,341.15,2026-09-30,6,Call,342.50,-0.26%,4.45,4.85,4.75,603,263,2.29,32.65%,29.51%,0.471888,"13:38 ET"
AFRM,70.24,2026-09-25,1,Call,72.00,-2.48%,0.28,0.45,0.43,697,304,2.29,58.36%,70.93%,0.236907,"13:14 ET"
MSTR,161.38,2026-10-02,8,Call,175.00,-7.98%,2.49,2.58,2.6,9350,4076,2.29,69.09%,75.31%,0.250496,"13:42 ET"
AMZN,248.79,2026-09-25,1,Put,247.50,-0.74%,1.08,1.11,1.13,10141,4429,2.29,32.71%,31.02%,-0.386637,"13:43 ET"
U,43.58,2026-10-16,22,Call,44.00,-1.13%,2.27,2.27,2.3,3569,1562,2.28,61.60%,57.25%,0.506159,"13:48 ET"
SPCX,147.92,2027-09-17,358,Put,120.00,-18.87%,14.4,14.93,15,5155,2261,2.28,48.48%,54.41%,-0.237365,"11:33 ET"
RKLB,74.78,2026-10-02,8,Call,82.00,-9.16%,0.93,1,1,584,257,2.27,73.71%,75.79%,0.213929,"13:39 ET"
CRCL,92.25,2028-06-16,631,Call,115.00,-24.51%,32.1,32.5,33.05,650,286,2.27,75.61%,79.07%,0.648346,"11:52 ET"
AAPL,336.84,2026-09-30,6,Put,335.00,-0.94%,2.79,2.82,2.97,870,384,2.27,23.94%,22.55%,-0.405941,"13:43 ET"
TSLA,380.74,2026-09-28,4,Call,375.00,+1.56%,8.35,8.4,8.45,2136,939,2.27,40.86%,31.56%,0.684562,"13:43 ET"
ARM,312.14,2026-10-16,22,Call,450.00,-43.61%,1.55,1.6,1.56,2218,975,2.27,73.62%,88.49%,0.058073,"13:38 ET"
OKLO,38.56,2026-11-20,57,Put,40.00,+3.71%,5.3,5.32,5.4,3522,1549,2.27,71.61%,75.37%,-0.48916,"13:14 ET"
ALK,40.19,2026-10-16,22,Call,42.50,-5.17%,1.25,1.48,1.35,1624,718,2.26,56.25%,55.85%,0.368994,"13:26 ET"
INTC,125.42,2026-09-30,6,Call,125.00,+0.51%,4.2,4.35,4.35,5536,2446,2.26,69.07%,63.80%,0.531131,"13:40 ET"
AMD,621.22,2026-09-25,1,Call,640.00,-2.54%,1.66,1.69,1.72,11481,5078,2.26,54.37%,60.10%,0.16547,"13:44 ET"
NBIS,248.66,2026-09-25,1,Put,250.00,+1.41%,6.4,6.55,6.5,615,273,2.25,85.26%,96.96%,-0.572288,"13:42 ET"
PFE,28.45,2026-10-30,36,Call,29.50,-3.58%,0.43,0.46,0.46,1186,526,2.25,24.21%,24.38%,0.325272,"13:42 ET"
ORCL,138.67,2027-09-17,358,Put,70.00,-49.48%,2.84,3.1,3.2,1405,624,2.25,49.68%,59.19%,-0.066081,"12:14 ET"
AMZN,248.79,2026-09-25,1,Put,242.50,-2.74%,0.14,0.14,0.15,10362,4611,2.25,32.71%,33.24%,-0.074424,"13:42 ET"
META,769.89,2026-11-20,57,Put,665.00,-13.83%,15.7,17.13,16.05,570,255,2.24,45.28%,47.49%,-0.184255,"12:12 ET"
INTC,125.42,2026-10-02,8,Put,122.00,-2.90%,3.3,3.3,3.45,731,326,2.24,69.07%,66.95%,-0.372126,"13:35 ET"
MRVL,258.54,2026-09-25,1,Call,257.50,+0.64%,3.7,4.5,4.2,1017,454,2.24,65.86%,66.86%,0.537078,"13:32 ET"
GETY,0.1771,2026-10-16,22,Put,0.5000,+181.37%,0.3,0.35,0.35,1503,670,2.24,526.82%,241.31%,-0.930717,"12:19 ET"
AMD,621.22,2026-09-25,1,Put,590.00,-5.47%,0.51,0.53,0.53,4138,1849,2.24,54.37%,62.14%,-0.059207,"13:44 ET"
MU,1070.18,2026-09-28,4,Put,"1,030.00",-4.15%,5.45,5,5.55,663,297,2.23,62.86%,43.82%,-0.197277,"13:42 ET"
INTC,125.42,2026-12-18,85,Put,110.00,-12.45%,8.45,8.53,8.65,10369,4645,2.23,69.07%,68.13%,-0.280165,"13:34 ET"
FISV,45.53,2026-10-16,22,Call,48.00,-5.82%,0.75,0.8,0.9,518,233,2.22,43.03%,38.93%,0.31052,"13:38 ET"
INTC,125.42,2026-10-02,8,Call,124.00,+1.31%,5.6,5.95,5.75,1201,541,2.22,69.07%,67.17%,0.564736,"13:33 ET"
XOM,162.58,2026-10-02,8,Call,172.50,-6.16%,0.26,0.39,0.35,1374,619,2.22,29.59%,29.52%,0.093476,"13:13 ET"
AVGO,350.06,2026-09-25,1,Call,355.00,-1.47%,0.83,0.85,0.87,6763,3040,2.22,35.41%,36.49%,0.222928,"13:44 ET"
GOOG,337.13,2026-09-25,1,Call,340.00,-0.71%,1.32,1.32,1.36,8343,3763,2.22,32.39%,35.41%,0.329546,"13:44 ET"
PAYS,12.68,2026-10-16,22,Put,12.50,-1.19%,0.45,0.6,0.6,1150,520,2.21,57.00%,48.09%,-0.440801,"11:34 ET"
YMM,8.23,2027-03-19,176,Put,7.50,-8.87%,0.35,0.5,0.6,1200,544,2.21,61.70%,36.91%,-0.304631,"12:37 ET"
NKE,35.72,2026-09-25,1,Call,35.50,+0.92%,0.39,0.42,0.44,4762,2153,2.21,48.87%,40.18%,0.614196,"13:40 ET"
ADUR,12.63,2026-10-16,22,Call,15.00,-18.48%,0.25,0.33,0.4,796,361,2.2,82.25%,84.59%,0.23437,"13:25 ET"
LLY,1187.98,2026-09-25,1,Call,"1,225.00",-3.21%,0.36,0.8,1.24,811,369,2.2,35.01%,39.36%,0.073733,"13:43 ET"
TSLA,380.74,2026-10-16,22,Put,377.50,-0.91%,12.65,12.47,12.8,829,377,2.2,40.86%,39.36%,-0.43929,"13:25 ET"
NEE,76.21,2026-10-02,8,Call,79.00,-3.69%,0.14,0.17,0.24,1073,487,2.2,23.15%,22.62%,0.146608,"12:30 ET"
META,769.89,2026-09-30,6,Put,700.00,-9.29%,1.23,1.3,1.33,3058,1391,2.2,45.28%,48.82%,-0.060182,"13:42 ET"
NVDA,224.16,2026-09-30,6,Call,225.00,-0.40%,2.68,2.72,2.73,4607,2096,2.2,32.98%,28.36%,0.45047,"13:44 ET"
CRWV,90.42,2026-09-25,1,Call,92.00,-1.55%,0.8,0.81,0.87,7119,3240,2.2,76.39%,88.13%,0.318155,"13:44 ET"
MRVL,258.54,2026-10-02,8,Call,245.00,+5.46%,17.25,18.5,17.9,1060,483,2.19,65.86%,63.52%,0.729755,"13:20 ET"
SNDK,1753.29,2026-09-25,1,Call,"1,900.00",-7.66%,1.85,1.85,1.95,5888,2688,2.19,71.68%,92.96%,0.053601,"13:44 ET"
AMD,621.22,2026-09-25,1,Put,585.00,-6.27%,0.28,0.28,0.33,3336,1533,2.18,54.37%,63.32%,-0.036748,"13:42 ET"
SMMT,16.56,2026-10-02,8,Call,17.00,-2.60%,0.7,0.9,1.25,559,258,2.17,121.95%,120.78%,0.473674,"13:37 ET"
INTC,125.42,2026-10-05,11,Call,125.00,+0.51%,5.5,5.6,5.75,819,378,2.17,69.07%,62.39%,0.534498,"13:43 ET"
AMD,621.22,2026-09-25,1,Put,582.50,-6.67%,0.22,0.22,0.26,954,439,2.17,54.37%,64.31%,-0.029389,"13:44 ET"
PANW,392.67,2026-09-25,1,Call,395.00,-1.12%,3,3.5,4.15,1064,491,2.17,52.97%,58.61%,0.416589,"13:43 ET"
NEOV,2.33,2027-02-19,148,Call,2.50,-7.30%,0.55,0.5,0.75,1741,804,2.17,130.78%,119.98%,0.622498,"11:02 ET"
AMD,621.22,2026-09-25,1,Call,627.50,-0.54%,4.55,4.55,4.8,4075,1878,2.17,54.37%,59.14%,0.362666,"13:43 ET"
TSLA,380.74,2026-09-28,4,Call,400.00,-5.00%,0.55,0.58,0.57,6720,3099,2.17,40.86%,34.49%,0.089299,"13:43 ET"
NBIS,248.66,2026-09-25,1,Call,250.00,-1.41%,3.85,3.89,3.95,18288,8445,2.17,85.26%,98.24%,0.429086,"13:44 ET"
UEC,9.43,2026-10-02,8,Call,10.00,-5.60%,0.2,0.24,0.22,621,288,2.16,67.71%,76.74%,0.320466,"13:32 ET"
VRTX,520.8,2026-10-16,22,Put,515.00,-1.19%,8.7,9.39,11,735,340,2.16,29.40%,26.11%,-0.400174,"12:34 ET"
ARM,312.14,2026-09-25,1,Put,302.50,-3.46%,2.11,1.7,2.24,912,422,2.16,73.62%,87.66%,-0.249306,"13:32 ET"
ORCL,138.67,2026-10-02,8,Put,137.00,-1.12%,3.15,3.17,3.25,1058,489,2.16,49.68%,48.25%,-0.423808,"13:38 ET"
QS,4.9,2026-10-02,8,Call,5.00,-1.83%,0.13,0.12,0.15,1120,518,2.16,69.84%,67.48%,0.418687,"13:34 ET"
ARM,312.14,2026-09-25,1,Call,332.50,-6.11%,0.91,0.92,0.95,1182,546,2.16,73.62%,101.50%,0.117288,"13:43 ET"
AMZN,248.79,2026-09-28,4,Put,240.00,-3.75%,0.27,0.28,0.29,1438,665,2.16,32.71%,25.60%,-0.089721,"13:43 ET"
GME,24.85,2026-09-25,1,Put,24.50,-1.33%,0.2,0.23,0.23,1678,778,2.16,53.08%,66.08%,-0.360885,"13:44 ET"
AEVA,15.17,2027-04-16,204,Call,25.00,-65.23%,2.05,2.4,3,2501,1156,2.16,96.47%,108.58%,0.424433,"10:44 ET"
AMD,621.22,2026-10-02,8,Put,595.00,-4.67%,8.3,8.4,8.55,731,340,2.15,54.37%,51.70%,-0.276548,"13:43 ET"
AMC,2.79,2027-03-19,176,Call,3.50,-26.35%,0.43,0.42,0.47,1639,763,2.15,83.06%,89.39%,0.469304,"13:13 ET"
MU,1070.18,2026-09-25,1,Call,"1,030.00",+4.15%,41.6,41.42,41.9,2591,1207,2.15,62.86%,62.80%,0.877841,"13:43 ET"
COIN,198.24,2026-09-25,1,Call,205.00,-3.36%,0.95,1,1,6209,2885,2.15,64.59%,81.07%,0.209467,"13:43 ET"
TSLA,380.74,2026-09-30,6,Put,357.50,-6.16%,0.83,0.81,0.86,507,238,2.13,40.86%,38.31%,-0.094596,"13:31 ET"
CRML,8.31,2026-10-02,8,Call,8.50,-1.19%,0.5,0.52,0.55,748,352,2.13,107.26%,116.99%,0.50238,"13:34 ET"
INTC,125.42,2027-04-16,204,Call,100.00,+20.41%,38.35,38.85,38.9,817,383,2.13,69.07%,68.21%,0.76875,"12:44 ET"
MU,1070.18,2026-09-28,4,Call,"1,110.00",-3.29%,6.35,6.31,6.45,961,452,2.13,62.86%,45.05%,0.224817,"13:43 ET"
SNDK,1753.29,2026-09-25,1,Call,"1,750.00",+0.84%,28.6,28.61,28.9,1710,803,2.13,71.68%,72.02%,0.535723,"13:44 ET"
KOPN,4.86,2026-09-25,1,Call,1.00,+79.42%,3.7,3.8,4,1883,883,2.13,102.61%,"1,297.87%",0.99612,"13:06 ET"
MO,69.18,2026-10-02,8,Call,70.00,-1.14%,0.54,0.55,0.63,1457,687,2.12,22.98%,23.05%,0.367771,"13:21 ET"
MU,1070.18,2026-09-25,1,Put,"1,040.00",-3.22%,2.87,2.89,2.89,8433,3981,2.12,62.86%,56.63%,-0.16816,"13:44 ET"
SNDK,1753.29,2026-09-25,1,Call,"1,805.00",-2.27%,10.1,10.2,10.3,541,256,2.11,71.68%,76.94%,0.247584,"13:43 ET"
META,769.89,2026-09-28,4,Put,747.50,-3.14%,4.95,5.25,5.4,640,304,2.11,45.28%,42.62%,-0.247775,"13:39 ET"
PYPL,52.03,2026-10-02,8,Call,54.00,-3.77%,0.33,0.36,0.4,904,428,2.11,35.58%,34.13%,0.241277,"13:11 ET"
TSLA,380.74,2026-09-30,6,Call,382.50,-0.41%,6.15,6.15,6.25,1123,535,2.1,40.86%,35.79%,0.472126,"13:44 ET"
MU,1070.18,2026-09-25,1,Put,995.00,-7.41%,0.54,0.51,0.57,1976,940,2.1,62.86%,75.85%,-0.032836,"13:26 ET"
INTC,125.42,2026-09-25,1,Put,117.00,-6.88%,0.11,0.11,0.13,4326,2058,2.1,69.07%,81.91%,-0.052198,"13:41 ET"
SNDK,1753.29,2026-09-25,1,Call,"2,240.00",-26.92%,0.05,0.1,0.75,503,241,2.09,71.68%,187.22%,0.007296,"13:06 ET"
SNDK,1753.29,2026-09-25,1,Call,"1,840.00",-4.26%,5.2,5.27,5.3,691,331,2.09,71.68%,82.12%,0.139342,"13:44 ET"
RKLB,74.78,2026-11-20,57,Call,100.00,-33.12%,2.7,2.8,2.89,1114,532,2.09,73.71%,81.61%,0.231815,"13:43 ET"
MRNA,184.15,2028-01-21,484,Put,100.00,-45.54%,12.9,13.9,14,577,278,2.08,83.17%,74.13%,-0.115898,"12:54 ET"
AMD,621.22,2026-09-28,4,Put,585.00,-6.27%,1.24,1.18,1.28,589,283,2.08,54.37%,43.53%,-0.093603,"13:41 ET"
PURR,13.9,2027-01-15,113,Call,18.00,-29.31%,2,2,2.2,817,393,2.08,105.60%,108.22%,0.456562,"11:11 ET"
CCJ,88.96,2028-01-21,484,Put,70.00,-21.45%,7.25,7.15,7.6,840,403,2.08,45.07%,45.61%,-0.214457,"13:00 ET"
NFLX,71.69,2026-09-25,1,Call,72.00,-0.19%,0.38,0.39,0.4,14226,6828,2.08,35.09%,34.45%,0.418762,"13:44 ET"
DKNG,21.27,2026-10-09,15,Call,22.50,-5.49%,0.47,0.5,0.5,524,253,2.07,58.68%,54.83%,0.33069,"13:04 ET"
IBM,228.05,2026-10-02,8,Call,230.00,-0.85%,3.5,3.62,3.75,565,273,2.07,37.31%,34.44%,0.43422,"13:42 ET"
SNDK,1753.29,2026-09-25,1,Put,"1,740.00",-1.41%,18.7,19.3,19.1,791,383,2.07,71.68%,70.07%,-0.402471,"13:43 ET"
NVDA,224.16,2026-10-05,11,Call,225.00,-0.40%,3.75,3.75,3.85,1570,758,2.07,32.98%,27.75%,0.470537,"13:38 ET"
SMCI,41.43,2026-09-25,1,Put,40.50,-2.39%,0.33,0.3,0.36,2960,1431,2.07,75.16%,81.30%,-0.301465,"13:29 ET"
ORCL,138.67,2026-09-25,1,Put,138.00,-0.40%,1.4,1.48,1.45,7180,3466,2.07,49.68%,57.36%,-0.447729,"13:43 ET"
CRCL,92.25,2026-09-25,1,Put,92.50,+0.15%,1.78,1.5,1.92,688,334,2.06,75.61%,85.46%,-0.528954,"13:02 ET"
XOM,162.58,2026-10-02,8,Put,157.50,-3.07%,0.91,1.01,1.14,757,368,2.06,29.59%,30.79%,-0.231958,"13:29 ET"
UAL,111.14,2026-09-25,1,Call,111.00,+0.25%,1.01,1.4,1.88,906,439,2.06,51.60%,63.97%,0.498656,"13:42 ET"
PRGO,14.6,2026-10-16,22,Call,15.00,-0.74%,0.5,0.55,0.6,1143,556,2.06,46.31%,43.92%,0.473686,"13:41 ET"
AAL,13.45,2026-10-02,8,Call,13.00,+3.35%,0.58,0.58,0.64,3799,1846,2.06,48.42%,45.70%,0.6954,"13:42 ET"
INOD,70.69,2026-11-20,57,Call,75.00,-6.10%,8.3,9.5,8.9,706,345,2.05,88.91%,93.20%,0.510258,"12:19 ET"
AMD,621.22,2026-10-02,8,Call,647.50,-3.74%,9.2,11.25,9.45,815,398,2.05,54.37%,53.07%,0.310265,"13:10 ET"
CYPH,3.98,2026-11-20,57,Call,5.00,-24.07%,0.75,0.75,0.8,2063,1005,2.05,171.78%,172.59%,0.510603,"13:43 ET"
INOD,70.69,2026-11-20,57,Call,90.00,-27.32%,4.3,4.9,5.1,2570,1252,2.05,88.91%,95.51%,0.326702,"12:50 ET"
HOOD,121.66,2026-09-25,1,Put,121.00,-0.35%,1.5,1.51,1.55,3312,1614,2.05,62.32%,70.76%,-0.44299,"13:44 ET"
AXTI,78.06,2026-12-18,85,Put,75.00,-3.19%,14,14.4,14.6,561,275,2.04,109.55%,109.04%,-0.368508,"13:00 ET"
ZTS,70.25,2026-11-20,57,Put,65.00,-7.53%,2.3,2.4,2.5,846,415,2.04,37.97%,43.21%,-0.290667,"13:30 ET"
BE,266.99,2026-09-25,1,Call,250.00,+6.37%,16.35,17.66,17.7,1576,772,2.04,80.36%,99.96%,0.891019,"13:36 ET"
INTC,125.42,2026-10-02,8,Put,103.00,-18.02%,0.17,0.18,0.2,2232,1094,2.04,69.07%,74.43%,-0.032816,"13:31 ET"
XOM,162.58,2026-09-25,1,Put,160.00,-1.53%,0.34,0.39,0.42,4701,2299,2.04,29.59%,38.36%,-0.205015,"13:43 ET"
AMD,621.22,2026-09-25,1,Put,592.50,-5.07%,0.65,0.68,0.69,1119,551,2.03,54.37%,61.51%,-0.074089,"13:43 ET"
META,769.89,2026-09-25,1,Put,717.50,-7.03%,0.26,0.27,0.29,1212,596,2.03,45.28%,69.36%,-0.025624,"13:35 ET"
SNDK,1753.29,2026-09-25,1,Call,"2,230.00",-26.36%,0.1,0.14,0.5,511,253,2.02,71.68%,178.35%,0.005858,"13:03 ET"
GOOGL,341.15,2026-09-30,6,Call,345.00,-1.00%,3.45,3.6,3.65,574,284,2.02,32.65%,29.49%,0.396294,"13:43 ET"
META,769.89,2026-09-28,4,Call,775.00,-0.43%,11,11.25,11.5,1427,707,2.02,45.28%,42.41%,0.448997,"13:43 ET"
AMD,621.22,2026-09-25,1,Put,587.50,-5.87%,0.37,0.42,0.42,1488,736,2.02,54.37%,62.59%,-0.046462,"13:43 ET"
MU,1070.18,2026-09-25,1,Put,"1,025.00",-4.62%,1.43,1.49,1.46,2545,1262,2.02,62.86%,61.32%,-0.089653,"13:43 ET"
MU,1070.18,2026-09-28,4,Put,"1,020.00",-5.08%,3.85,3.7,3.95,568,282,2.01,62.86%,44.65%,-0.147972,"13:43 ET"
SNDK,1753.29,2026-09-25,1,Put,"1,790.00",+1.43%,47.9,44.2,48.4,603,300,2.01,71.68%,72.58%,-0.693786,"13:38 ET"
U,43.58,2026-09-25,1,Call,44.00,-1.13%,0.49,0.52,0.54,1845,918,2.01,61.60%,77.85%,0.411496,"13:48 ET"
KTOS,46.92,2026-10-16,22,Call,50.00,-6.16%,1.35,1.41,1.45,1859,926,2.01,60.26%,55.64%,0.349639,"13:39 ET"
HOOD,121.66,2026-09-25,1,Put,120.00,-1.18%,1.08,1.1,1.12,5295,2637,2.01,62.32%,70.29%,-0.355772,"13:44 ET"
MSFT,495.06,2026-09-25,1,Put,485.00,-2.22%,0.39,0.39,0.44,6534,3257,2.01,27.70%,31.48%,-0.10554,"13:44 ET"
GOOGL,341.15,2026-10-02,8,Call,350.00,-2.46%,2.95,3,3.1,9726,4849,2.01,32.65%,31.50%,0.305161,"13:44 ET"
XP,20.55,2027-02-19,148,Call,28.00,-36.59%,0.6,0.76,0.9,20136,10000,2.01,58.53%,52.75%,0.220684,"13:42 ET"
XP,20.55,2027-02-19,148,Call,25.00,-21.95%,1.1,1.26,1.45,20148,10045,2.01,58.53%,52.77%,0.332084,"13:42 ET"
TSLA,380.74,2026-10-02,8,Put,375.00,-1.56%,6.9,6.95,7,3983,1994,2,40.86%,43.13%,-0.391102,"13:43 ET"
EOSE,3.24,2026-09-25,1,Call,3.00,+8.26%,0.22,0.28,0.28,563,283,1.99,101.61%,99.59%,0.937505,"13:32 ET"
NET,364.53,2027-01-15,113,Call,450.00,-22.59%,25.2,26.5,27,909,457,1.99,62.78%,64.44%,0.354917,"13:19 ET"
INTC,125.42,2026-09-28,4,Call,122.00,+2.90%,4.7,4.85,4.85,1189,597,1.99,69.07%,53.86%,0.694874,"13:34 ET"
ORCL,138.67,2028-01-21,484,Put,60.00,-56.69%,2.8,2.9,3.05,3964,1995,1.99,49.68%,60.32%,-0.053648,"12:28 ET"
ALHC,7.53,2028-01-21,484,Call,22.50,-198.01%,0.35,0.5,0.6,585,296,1.98,104.49%,70.86%,0.194961,"10:57 ET"
MSFT,495.06,2026-10-02,8,Call,492.50,+0.71%,8.75,9.3,9.6,651,328,1.98,27.70%,26.34%,0.56606,"13:21 ET"
MRNA,184.15,2026-10-16,22,Put,180.00,-1.98%,10.95,11.59,11.25,682,345,1.98,83.17%,73.54%,-0.414624,"13:36 ET"
TSLA,380.74,2026-09-28,4,Call,370.00,+2.87%,12.05,12.3,12.25,852,430,1.98,40.86%,32.01%,0.809204,"13:34 ET"
META,769.89,2026-09-28,4,Call,755.00,+2.17%,21.55,21.81,22.2,1255,634,1.98,45.28%,41.31%,0.681516,"13:43 ET"
XEL,70.07,2026-11-20,57,Put,70.00,-0.10%,2.7,2.75,3,2649,1339,1.98,25.24%,26.53%,-0.47072,"12:41 ET"
AAPL,336.84,2026-09-28,4,Call,345.00,-2.02%,0.41,0.43,0.44,3070,1554,1.98,23.94%,19.15%,0.127258,"13:44 ET"
INFQ,14.56,2027-03-19,176,Put,10.00,-31.03%,1,1.25,1.25,521,265,1.97,89.06%,87.80%,-0.173544,"11:41 ET"
ARM,312.14,2026-10-02,8,Call,325.00,-3.72%,8.85,9.45,9.45,639,325,1.97,73.62%,78.62%,0.384343,"13:40 ET"
SOFI,16.65,2026-10-23,29,Call,16.00,+3.56%,1.19,1.27,1.23,750,380,1.97,48.44%,45.79%,0.647931,"13:29 ET"
MSTR,161.38,2026-10-02,8,Call,162.50,-0.27%,5.95,6.1,6.15,845,429,1.97,69.09%,69.21%,0.492719,"13:40 ET"
TSLA,380.74,2026-09-28,4,Call,397.50,-4.34%,0.74,0.76,0.76,862,438,1.97,40.86%,33.79%,0.115781,"13:44 ET"
AMZN,248.79,2026-09-28,4,Put,245.00,-1.74%,1.02,1.02,1.08,1398,708,1.97,32.71%,23.99%,-0.271211,"13:41 ET"
INTC,125.42,2026-09-28,4,Call,125.00,+0.51%,2.95,3,3.05,4532,2295,1.97,69.07%,53.93%,0.531416,"13:43 ET"
CRWD,262.69,2026-09-25,1,Call,265.00,-1.22%,2.32,2.3,2.47,5664,2873,1.97,54.51%,62.07%,0.400846,"13:43 ET"
MSTR,161.38,2026-10-09,15,Call,160.00,+1.28%,9.35,9.5,9.65,10031,5090,1.97,69.09%,67.46%,0.55376,"13:38 ET"
NVDA,224.16,2026-09-25,1,Put,217.50,-2.95%,0.15,0.15,0.16,26536,13498,1.97,32.98%,38.06%,-0.076702,"13:43 ET"
META,769.89,2026-09-28,4,Put,715.00,-7.35%,0.79,0.89,0.89,589,301,1.96,45.28%,44.61%,-0.054213,"13:40 ET"
AMD,621.22,2026-09-28,4,Put,600.00,-3.87%,3.4,3.5,3.55,1240,634,1.96,54.37%,42.33%,-0.216667,"13:44 ET"
XOM,162.58,2026-09-25,1,Put,162.50,+0.01%,1.05,1.1,1.18,1266,645,1.96,29.59%,34.81%,-0.478146,"13:39 ET"
CRWV,90.42,2026-09-25,1,Call,90.00,+0.66%,1.53,1.62,1.62,23510,11996,1.96,76.39%,85.99%,0.501052,"13:43 ET"
META,769.89,2026-10-09,15,Call,780.00,-1.07%,23.7,24.92,24.2,687,352,1.95,45.28%,45.32%,0.466127,"13:36 ET"
ORCL,138.67,2026-09-25,1,Call,146.00,-5.38%,0.15,0.15,0.18,2992,1533,1.95,49.68%,69.14%,0.074605,"13:43 ET"
AMZN,248.79,2026-09-25,1,Call,252.50,-1.27%,0.4,0.4,0.42,16367,8407,1.95,32.71%,32.15%,0.181627,"13:43 ET"
MRNA,184.15,2026-09-25,1,Put,180.00,-1.98%,1.5,1.64,1.7,3037,1568,1.94,83.17%,82.65%,-0.307256,"13:43 ET"
AMZN,248.79,2026-09-25,1,Put,245.00,-1.74%,0.4,0.4,0.42,19733,10197,1.94,32.71%,31.36%,-0.183005,"13:44 ET"
DFTX,36.63,2026-10-16,22,Call,44.00,-20.12%,0.15,0.25,0.35,1278,661,1.93,68.85%,56.48%,0.10824,"13:01 ET"
META,769.89,2026-09-28,4,Call,760.00,+1.52%,18.5,18.89,19.05,1381,715,1.93,45.28%,41.59%,0.624529,"13:43 ET"
GOOGL,341.15,2026-09-25,1,Call,350.00,-2.46%,0.33,0.34,0.36,18693,9669,1.93,32.65%,38.66%,0.105286,"13:43 ET"
ON,72.47,2026-09-25,1,Call,74.00,-1.96%,0.3,0.5,0.77,740,385,1.92,55.61%,76.46%,0.297892,"12:53 ET"
INTC,125.42,2026-10-02,8,Call,132.00,-5.06%,2.59,2.61,2.64,864,450,1.92,69.07%,69.39%,0.327211,"13:38 ET"
META,769.89,2026-09-28,4,Call,785.00,-1.72%,7.45,7.73,7.85,1000,522,1.92,45.28%,42.94%,0.340431,"13:43 ET"
INTC,125.42,2026-09-28,4,Put,125.00,-0.51%,2.64,2.69,2.73,1266,658,1.92,69.07%,54.69%,-0.469163,"13:43 ET"
HOOD,121.66,2026-09-25,1,Call,131.00,-7.88%,0.09,0.11,0.11,2281,1190,1.92,62.32%,83.77%,0.046178,"12:54 ET"
KKR,95.25,2026-10-16,22,Call,115.00,-21.00%,0.05,0.13,0.2,3020,1573,1.92,39.05%,41.19%,0.034163,"13:31 ET"
PLTR,192.6,2026-10-02,8,Put,185.00,-4.12%,2.43,2.46,2.5,3491,1820,1.92,52.31%,48.54%,-0.278116,"13:43 ET"
SPCX,147.92,2026-10-16,22,Put,144.00,-2.64%,4.65,4.62,4.7,700,366,1.91,48.48%,45.65%,-0.380439,"13:23 ET"
GOOG,337.13,2026-10-02,8,Call,337.50,+0.03%,5.95,6,6.1,826,432,1.91,32.39%,30.49%,0.506572,"13:43 ET"
ORCL,138.67,2026-10-09,15,Put,120.00,-13.39%,0.5,0.52,0.55,1116,583,1.91,49.68%,51.77%,-0.076921,"13:42 ET"
ORCL,138.67,2026-11-20,57,Call,135.00,+2.56%,13.1,13.15,13.25,1427,746,1.91,49.68%,51.61%,0.595893,"13:43 ET"
ASTS,62.87,2026-09-25,1,Call,62.00,+1.59%,1.49,1.65,1.59,2206,1152,1.91,77.47%,90.43%,0.598576,"13:42 ET"
FCX,72.1,2026-12-18,85,Call,65.00,+10.11%,10.45,10.55,11.45,2517,1316,1.91,46.97%,49.84%,0.717346,"11:25 ET"
INTU,278.58,2026-09-25,1,Call,285.00,-1.95%,0.9,1.2,1.2,501,264,1.9,47.49%,53.87%,0.23205,"13:42 ET"
NVDA,224.16,2026-10-05,11,Call,227.50,-1.52%,2.73,2.84,2.82,530,279,1.9,32.98%,27.68%,0.380495,"13:39 ET"
BA,196.79,2026-10-02,8,Put,192.50,-2.50%,1.82,1.85,1.88,553,291,1.9,32.03%,30.71%,-0.313224,"13:43 ET"
PL,17.6,2026-10-02,8,Call,18.00,-2.16%,0.5,0.55,0.65,621,326,1.9,71.51%,73.91%,0.431913,"13:41 ET"
SHOP,142.07,2026-09-25,1,Call,143.00,-0.50%,1.47,1.68,1.75,2640,1386,1.9,57.88%,69.26%,0.432274,"13:41 ET"
TSLA,380.74,2026-10-02,8,Put,380.00,-0.25%,9.2,9.23,9.3,3301,1736,1.9,40.86%,43.21%,-0.472724,"13:43 ET"
PSKY,10.15,2027-03-19,176,Call,12.00,-19.17%,0.92,1,1.07,4611,2422,1.9,59.09%,57.61%,0.417666,"13:21 ET"
IONQ,44.74,2026-10-16,22,Call,43.00,+2.74%,3.9,3.8,4.1,520,275,1.89,76.97%,73.65%,0.614305,"13:39 ET"
INTC,125.42,2026-09-30,6,Call,127.00,-1.08%,3.3,3.4,3.45,858,453,1.89,69.07%,64.10%,0.454209,"13:39 ET"
BE,266.99,2026-10-02,8,Call,260.00,+2.62%,15.1,16,16.55,973,515,1.89,80.36%,79.36%,0.605733,"13:40 ET"
META,769.89,2026-10-02,8,Call,790.00,-2.37%,13.2,13.8,13.9,1053,558,1.89,45.28%,47.94%,0.373287,"13:37 ET"
MU,1070.18,2026-09-28,4,Call,"1,080.00",-0.50%,14.9,14.9,15,1345,712,1.89,62.86%,43.61%,0.427707,"13:43 ET"
IREN,46.37,2026-10-02,8,Put,42.00,-9.50%,0.51,0.53,0.56,1392,738,1.89,80.36%,76.40%,-0.178938,"13:38 ET"
AMZN,248.79,2026-09-28,4,Call,250.00,-0.26%,1.75,1.8,1.85,2544,1344,1.89,32.71%,22.95%,0.419507,"13:43 ET"
META,769.89,2026-10-02,8,Call,800.00,-3.66%,10.5,10.55,10.75,11917,6312,1.89,45.28%,48.49%,0.310677,"13:43 ET"
SHOP,142.07,2026-09-25,1,Call,146.00,-2.61%,0.64,0.74,0.85,721,384,1.88,57.88%,72.50%,0.239313,"13:41 ET"
AVGO,350.06,2026-09-30,6,Call,365.00,-4.32%,1.13,1.5,1.71,1663,886,1.88,35.41%,34.31%,0.174886,"13:39 ET"
CRWV,90.42,2026-10-02,8,Call,90.00,+0.66%,3.8,3.9,4,12323,6562,1.88,76.39%,73.60%,0.521183,"13:44 ET"
NVO,38.28,2026-09-25,1,Call,38.50,-0.50%,0.18,0.25,0.22,823,439,1.87,32.52%,36.32%,0.392885,"13:18 ET"
CRWD,262.69,2026-09-25,1,Put,260.00,-0.69%,2.12,2.18,2.25,1957,1045,1.87,54.51%,61.69%,-0.368197,"13:43 ET"
ZVRA,11.15,2027-12-17,449,Put,10.00,-10.23%,1.6,2.15,2.65,3516,1884,1.87,77.70%,63.68%,-0.288741,"12:00 ET"
BMNR,27.72,2026-09-25,1,Call,28.50,-2.41%,0.21,0.23,0.24,7205,3844,1.87,76.47%,90.82%,0.282003,"13:42 ET"
PLTR,192.6,2026-09-25,1,Put,185.00,-4.12%,0.27,0.28,0.28,9875,5276,1.87,52.31%,58.39%,-0.097944,"13:44 ET"
AMZN,248.79,2026-10-02,8,Call,245.00,+1.74%,6.3,6.39,6.45,1234,665,1.86,32.71%,28.80%,0.649513,"13:43 ET"
HOOD,121.66,2026-09-25,1,Call,124.00,-2.12%,0.89,0.95,0.93,5082,2737,1.86,62.32%,73.46%,0.309553,"13:34 ET"
RKLB,74.78,2026-09-25,1,Call,80.00,-6.50%,0.15,0.18,0.18,7433,3996,1.86,73.71%,100.63%,0.0922,"13:42 ET"
LLY,1187.98,2026-09-25,1,Put,"1,140.00",-3.95%,0.18,0.46,0.7,548,297,1.85,35.01%,45.49%,-0.038394,"13:29 ET"
TSLA,380.74,2026-10-05,11,Call,400.00,-5.00%,3.95,4.04,4.05,783,424,1.85,40.86%,40.56%,0.256816,"13:41 ET"
COIN,198.24,2026-09-25,1,Put,192.50,-2.94%,0.89,0.91,1.04,1432,774,1.85,64.59%,71.22%,-0.222998,"13:42 ET"
IONQ,44.74,2026-10-02,8,Call,46.00,-4.05%,1.4,1.45,1.54,2224,1199,1.85,76.97%,79.77%,0.413593,"13:44 ET"
RGTI,16.44,2026-09-25,1,Call,15.50,+5.31%,0.85,0.95,0.99,2362,1279,1.85,75.51%,94.12%,0.870608,"13:42 ET"
MU,1070.18,2026-09-28,4,Call,"1,100.00",-2.36%,8.45,8.55,8.55,6197,3347,1.85,62.86%,44.26%,0.282656,"13:44 ET"
BAC,55.94,2026-10-30,36,Call,57.00,-1.77%,1.44,1.5,1.62,606,330,1.84,28.04%,28.08%,0.438416,"13:33 ET"
AMD,621.22,2026-10-02,8,Put,610.00,-2.27%,13.7,13.2,14,783,426,1.84,54.37%,51.68%,-0.394557,"13:43 ET"
MSFT,495.06,2026-10-02,8,Call,507.50,-2.32%,2.78,3.4,3.2,810,441,1.84,27.70%,25.57%,0.266857,"13:31 ET"
TSLA,380.74,2026-09-30,6,Put,355.00,-6.81%,0.66,0.66,0.69,909,493,1.84,40.86%,39.14%,-0.076949,"13:35 ET"
IREN,46.37,2026-09-25,1,Call,46.50,-0.19%,0.72,0.88,0.78,3784,2059,1.84,80.36%,88.58%,0.46753,"13:30 ET"
TSLA,380.74,2026-09-25,1,Put,362.50,-4.84%,0.12,0.11,0.13,5767,3140,1.84,40.86%,50.60%,-0.031483,"13:41 ET"
MSFT,495.06,2026-09-25,1,Call,502.50,-1.31%,0.74,0.76,0.79,5923,3221,1.84,27.70%,30.79%,0.178492,"13:44 ET"
BE,266.99,2026-10-02,8,Call,250.00,+6.37%,20.8,23.03,23.15,567,309,1.83,80.36%,78.74%,0.727712,"13:18 ET"
GM,81.54,2026-09-25,1,Put,84.00,+3.31%,2.49,2.61,3.05,1333,730,1.83,34.18%,53.15%,-0.87057,"13:18 ET"
PLTR,192.6,2026-10-02,8,Call,202.50,-4.95%,1.95,2,2.04,2214,1212,1.83,52.31%,48.35%,0.251189,"13:43 ET"
ZVRA,11.15,2028-01-21,484,Put,10.00,-10.23%,1.75,2.27,2.8,3516,1925,1.83,77.70%,65.20%,-0.284554,"12:00 ET"
MSFT,495.06,2027-09-17,358,Call,550.00,-10.89%,46.9,48.1,48.35,1236,679,1.82,27.70%,31.92%,0.470932,"12:50 ET"
AVGO,350.06,2026-09-25,1,Call,357.50,-2.18%,0.46,0.48,0.5,2292,1260,1.82,35.41%,37.79%,0.13781,"13:44 ET"
AMD,621.22,2026-09-25,1,Call,635.00,-1.74%,2.54,2.59,2.63,5686,3123,1.82,54.37%,59.54%,0.232675,"13:44 ET"
CRWV,90.42,2026-09-25,1,Put,91.00,+0.44%,2.2,2.14,2.32,619,342,1.81,76.39%,88.09%,-0.5935,"13:41 ET"
IONQ,44.74,2026-09-25,1,Put,44.00,-0.48%,0.62,0.69,0.76,667,368,1.81,76.97%,98.71%,-0.406091,"13:43 ET"
RKLB,74.78,2026-09-25,1,Call,74.00,+1.49%,1.6,1.63,1.67,5547,3058,1.81,73.71%,88.61%,0.566267,"13:43 ET"
OWL,9.22,2029-01-19,848,Put,3.00,-67.53%,0.2,0.35,0.35,503,280,1.8,47.94%,61.29%,-0.048728,"11:16 ET"
ARM,312.14,2026-09-25,1,Put,295.00,-5.86%,0.74,0.75,0.78,818,455,1.8,73.62%,87.04%,-0.108914,"13:43 ET"
AMPX,9.77,2027-01-15,113,Call,11.00,-12.47%,1.25,1.25,1.35,1298,720,1.8,77.09%,79.99%,0.489958,"12:18 ET"
NVDA,224.16,2026-09-30,6,Put,220.00,-1.83%,1.72,1.66,1.76,2781,1547,1.8,32.98%,29.14%,-0.315823,"13:43 ET"
TSLA,380.74,2026-09-25,1,Call,392.50,-3.03%,0.46,0.47,0.48,15116,8403,1.8,40.86%,46.54%,0.106699,"13:43 ET"
TTE,91.74,2026-10-16,22,Call,95.00,-3.73%,0.5,1.14,1.15,505,282,1.79,27.63%,22.40%,0.273524,"13:34 ET"
MU,1070.18,2028-01-21,484,Put,"1,400.00",+30.28%,475.9,482.05,485.35,611,341,1.79,62.86%,60.40%,-0.510592,"13:21 ET"
INTC,125.42,2026-10-02,8,Call,165.00,-31.33%,0.1,0.13,0.13,706,395,1.79,69.07%,87.55%,0.020093,"13:03 ET"
DELL,534.77,2026-09-25,1,Call,555.00,-3.64%,1.38,1.43,1.66,846,472,1.79,59.67%,68.46%,0.154477,"13:43 ET"
AMZN,248.79,2026-10-30,36,Call,265.00,-6.28%,6.2,6.4,6.6,968,541,1.79,32.71%,39.34%,0.336002,"13:44 ET"
CIFR,18.39,2026-10-02,8,Call,21.00,-14.19%,0.31,0.34,0.35,1669,934,1.79,99.81%,106.01%,0.216348,"13:33 ET"
IREN,46.37,2026-10-02,8,Put,40.50,-12.73%,0.28,0.29,0.33,522,293,1.78,80.36%,78.10%,-0.111891,"13:33 ET"
USAR,15.4,2026-09-25,1,Call,15.50,-0.19%,0.2,0.23,0.26,625,352,1.78,73.19%,88.50%,0.443402,"13:32 ET"
PCG,12.27,2026-09-25,1,Call,12.00,+2.28%,0.26,0.3,0.33,721,406,1.78,42.73%,46.27%,0.820309,"13:39 ET"
FSLY,26.77,2026-11-20,57,Call,40.00,-47.33%,1.2,1.45,1.75,1600,897,1.78,99.74%,113.44%,0.253204,"13:19 ET"
AMD,621.22,2026-09-25,1,Call,650.00,-4.14%,0.68,0.71,0.71,10725,6013,1.78,54.37%,61.92%,0.077645,"13:44 ET"
INTC,125.42,2026-09-28,4,Put,121.00,-3.69%,1.11,1.12,1.16,621,350,1.77,69.07%,54.21%,-0.257474,"13:43 ET"
CRWD,262.69,2026-10-02,8,Call,265.00,-1.22%,7.2,7.5,7.55,869,490,1.77,54.51%,53.82%,0.476142,"13:43 ET"
AMD,621.22,2026-09-28,4,Put,610.00,-2.27%,6.2,6,6.5,870,491,1.77,54.37%,42.16%,-0.34033,"13:43 ET"
HOOD,121.66,2026-09-25,1,Put,123.00,+1.29%,2.58,2.51,2.71,1288,726,1.77,62.32%,71.95%,-0.615611,"13:42 ET"
QCOM,193.73,2026-09-25,1,Put,195.00,+0.88%,2.65,2.47,3.05,1329,752,1.77,50.68%,53.86%,-0.582709,"12:20 ET"
TSM,449.35,2026-09-25,1,Call,452.50,-0.46%,1.35,1.42,1.45,1410,795,1.77,34.12%,30.09%,0.310665,"13:44 ET"
APLD,27.46,2026-09-25,1,Put,26.00,-5.49%,0.07,0.1,0.11,2519,1427,1.77,92.43%,89.92%,-0.13541,"13:22 ET"
TSLA,380.74,2026-09-30,6,Put,377.50,-0.91%,5.3,5.4,5.45,2704,1529,1.77,40.86%,35.70%,-0.414963,"13:35 ET"
WMT,108.35,2026-09-25,1,Put,108.00,-0.34%,0.45,0.44,0.5,3288,1857,1.77,25.67%,28.53%,-0.405895,"13:40 ET"
XOM,162.58,2026-09-25,1,Put,165.00,+1.54%,2.5,2.98,3.1,524,297,1.76,29.59%,37.61%,-0.765419,"13:09 ET"
TSLA,380.74,2026-09-30,6,Put,362.50,-4.84%,1.34,1.35,1.38,581,331,1.76,40.86%,37.04%,-0.143717,"13:35 ET"
CMCSA,22.19,2026-09-25,1,Put,22.00,-0.86%,0.08,0.1,0.14,755,430,1.76,33.28%,36.58%,-0.371996,"13:31 ET"
IONQ,44.74,2026-10-02,8,Put,41.00,-7.26%,0.6,0.71,0.68,770,437,1.76,76.97%,75.46%,-0.214192,"13:38 ET"
PBR,21,2026-10-09,15,Put,19.00,-9.44%,0.21,0.22,0.31,906,515,1.76,51.42%,58.29%,-0.182055,"13:11 ET"
INTC,125.42,2026-09-30,6,Call,130.00,-3.47%,2.29,2.31,2.35,1465,833,1.76,69.07%,64.89%,0.347045,"13:43 ET"
WULF,16.52,2026-10-02,8,Put,15.50,-6.23%,0.35,0.35,0.37,1610,916,1.76,84.00%,77.18%,-0.287431,"13:43 ET"
RKLB,74.78,2026-09-25,1,Put,70.00,-6.82%,0.12,0.13,0.17,2493,1414,1.76,73.71%,89.50%,-0.088234,"13:42 ET"
AMD,621.22,2026-10-02,8,Call,652.50,-4.54%,7.9,9.11,8.1,533,304,1.75,54.37%,53.10%,0.276698,"13:29 ET"
U,43.58,2026-10-02,8,Call,46.00,-5.72%,0.61,0.7,0.71,683,391,1.75,61.60%,59.74%,0.286902,"13:48 ET"
TSLA,380.74,2026-09-28,4,Call,365.00,+4.19%,16.2,16.5,16.7,824,470,1.75,40.86%,32.73%,0.895009,"13:43 ET"
NBIS,248.66,2026-09-25,1,Call,252.50,-2.43%,2.98,2.98,3.05,1904,1086,1.75,85.26%,99.17%,0.356344,"13:42 ET"
META,769.89,2026-10-02,8,Call,770.00,+0.22%,21.4,22.25,21.9,2550,1458,1.75,45.28%,47.49%,0.515097,"13:42 ET"
TSLA,380.74,2026-09-30,6,Put,380.00,-0.25%,6.5,6.55,6.6,1387,798,1.74,40.86%,35.81%,-0.472078,"13:44 ET"
XOM,162.58,2026-10-02,8,Call,167.50,-3.08%,1,1.05,1.1,1989,1145,1.74,29.59%,29.05%,0.255278,"13:39 ET"
MRNA,184.15,2026-09-25,1,Call,185.00,-0.75%,2.36,2.75,2.8,2475,1420,1.74,83.17%,81.72%,0.447704,"13:42 ET"
RGTI,16.44,2026-09-25,1,Call,16.50,-0.79%,0.21,0.21,0.23,4449,2561,1.74,75.51%,82.09%,0.433576,"13:43 ET"
NVDA,224.16,2026-09-28,4,Call,225.00,-0.40%,1.78,1.78,1.82,12823,7357,1.74,32.98%,25.13%,0.424193,"13:44 ET"
AMZN,248.79,2026-09-28,4,Call,255.00,-2.27%,0.56,0.55,0.59,4202,2429,1.73,32.71%,24.65%,0.169764,"13:43 ET"
META,769.89,2026-10-02,8,Put,745.00,-3.46%,10.8,10.95,11.35,551,321,1.72,45.28%,47.67%,-0.307028,"13:40 ET"
AVGO,350.06,2026-10-16,22,Put,345.00,-1.39%,8.9,8.9,9.1,623,362,1.72,35.41%,33.78%,-0.410576,"13:32 ET"
ORCL,138.67,2026-10-02,8,Put,125.00,-9.78%,0.37,0.37,0.39,1231,715,1.72,49.68%,50.50%,-0.078765,"13:43 ET"
CRWV,90.42,2026-09-25,1,Put,85.00,-6.18%,0.21,0.22,0.23,4305,2504,1.72,76.39%,88.44%,-0.107768,"13:44 ET"
QCOM,193.73,2026-09-25,1,Call,192.50,+0.41%,2.69,3.13,3.25,883,517,1.71,50.68%,56.36%,0.594634,"13:40 ET"
BA,196.79,2026-10-02,8,Call,197.50,-0.04%,3.25,3.5,3.6,1011,591,1.71,32.03%,33.19%,0.472295,"13:42 ET"
HIMS,28.76,2026-10-02,8,Call,29.00,-0.80%,1.08,1.11,1.17,1198,699,1.71,73.46%,69.52%,0.50373,"13:42 ET"
PLTR,192.6,2026-10-02,8,Call,192.50,+0.23%,5.4,5.5,5.55,2209,1290,1.71,52.31%,48.15%,0.514623,"13:43 ET"
PLTR,192.6,2026-09-25,1,Call,195.00,-1.07%,1.1,1.11,1.12,28021,16408,1.71,52.31%,53.83%,0.319948,"13:44 ET"
INTC,125.42,2026-10-09,15,Put,105.00,-16.43%,0.68,0.69,0.72,582,343,1.7,69.07%,67.25%,-0.084552,"13:34 ET"
AVGO,350.06,2026-10-02,8,Call,355.00,-1.47%,4.8,4.9,4.95,1259,741,1.7,35.41%,34.08%,0.399286,"13:43 ET"
MRNA,184.15,2026-09-25,1,Put,175.00,-4.70%,0.4,0.51,0.58,2001,1176,1.7,83.17%,82.23%,-0.122899,"13:43 ET"
CSX,46.89,2028-01-21,484,Call,50.00,-6.68%,5.1,5.31,5.5,2582,1518,1.7,25.13%,27.00%,0.527532,"11:04 ET"
MU,1070.18,2026-09-25,1,Put,"1,100.00",+2.36%,33.2,31.33,33.45,1238,734,1.69,62.86%,56.23%,-0.826312,"13:38 ET"
IONQ,44.74,2026-09-25,1,Call,44.50,-0.66%,0.87,0.91,0.97,1497,887,1.69,76.97%,99.87%,0.507808,"13:44 ET"
NBIS,248.66,2026-10-02,8,Call,275.00,-11.55%,3.75,3.82,3.95,1806,1069,1.69,85.26%,86.36%,0.224219,"13:43 ET"
MCD,239.68,2026-09-25,1,Call,240.00,-0.12%,1.05,1.35,1.4,2673,1577,1.69,21.81%,26.97%,0.472221,"13:43 ET"
NVDA,224.16,2026-10-02,8,Call,222.50,+0.71%,4.7,4.85,4.75,3176,1881,1.69,32.98%,30.36%,0.563483,"13:43 ET"
IRM,114.23,2026-10-16,22,Call,120.00,-4.93%,1.05,1.55,1.55,4207,2491,1.69,32.23%,29.52%,0.266778,"12:40 ET"
NVDA,224.16,2026-09-28,4,Call,227.50,-1.52%,0.95,0.98,0.98,6685,3962,1.69,32.98%,25.17%,0.270867,"13:44 ET"
PLTR,192.6,2026-09-25,1,Call,190.00,+1.52%,3.55,3.7,3.7,14474,8574,1.69,52.31%,56.21%,0.668664,"13:43 ET"
PYPL,52.03,2026-10-02,8,Call,53.00,-1.84%,0.58,0.65,0.7,702,417,1.68,35.58%,33.75%,0.368268,"13:18 ET"
COIN,198.24,2026-10-02,8,Call,210.00,-5.88%,3.4,3.45,3.7,1407,836,1.68,64.59%,67.88%,0.297211,"13:43 ET"
ARM,312.14,2026-09-25,1,Put,300.00,-4.26%,1.52,1.62,1.6,2573,1534,1.68,73.62%,87.08%,-0.194088,"13:43 ET"
CRWV,90.42,2026-09-25,1,Call,89.00,+1.77%,2.05,2.3,2.18,4738,2827,1.68,76.39%,86.41%,0.59868,"13:41 ET"
MSFT,495.06,2026-09-30,6,Call,500.00,-0.81%,3.9,4.1,4.4,693,416,1.67,27.70%,24.53%,0.386623,"13:43 ET"
STM,51.64,2026-09-25,1,Call,54.00,-4.47%,0,0.1,0.15,816,490,1.67,53.45%,65.79%,0.091989,"12:58 ET"
NBIS,248.66,2026-09-25,1,Put,222.50,-9.74%,0.1,0.14,0.15,1165,696,1.67,85.26%,104.03%,-0.024189,"13:40 ET"
MU,1070.18,2026-09-28,4,Call,"1,070.00",+0.43%,19.1,19.2,19.3,1834,1097,1.67,62.86%,43.06%,0.508482,"13:44 ET"
PURR,13.9,2026-11-20,57,Call,20.00,-43.68%,0.85,0.92,1,3578,2142,1.67,105.60%,115.83%,0.289229,"13:40 ET"
GME,24.85,2026-09-25,1,Put,25.00,+0.68%,0.45,0.46,0.53,521,313,1.66,53.08%,72.13%,-0.581545,"13:42 ET"
RBLX,50.09,2026-10-09,15,Call,50.00,-0.73%,2.39,2.5,2.6,612,369,1.66,64.52%,59.48%,0.535903,"13:35 ET"
MU,1070.18,2026-09-28,4,Call,"1,085.00",-0.96%,13,12.79,13.15,888,536,1.66,62.86%,43.79%,0.388946,"13:43 ET"
WMT,108.35,2026-09-25,1,Put,109.00,+0.58%,0.95,0.97,1.04,3026,1828,1.66,25.67%,27.87%,-0.651456,"13:36 ET"
INTC,125.42,2026-09-25,1,Put,118.00,-6.08%,0.16,0.17,0.17,7310,4406,1.66,69.07%,79.24%,-0.070489,"13:43 ET"
SNDK,1753.29,2026-09-25,1,Call,"1,920.00",-8.79%,1.25,1.35,1.5,999,607,1.65,71.68%,96.40%,0.039266,"13:44 ET"
JPM,336.95,2026-10-02,8,Call,350.00,-3.89%,0.74,0.79,0.84,1278,775,1.65,27.17%,23.10%,0.137223,"13:34 ET"
LCID,4.16,2027-03-19,176,Call,2.00,+51.92%,2.1,2.2,2.41,2789,1691,1.65,92.06%,79.08%,0.949806,"11:15 ET"
INTC,125.42,2026-10-02,8,Call,125.00,+0.51%,5.1,5.15,5.25,7795,4710,1.65,69.07%,67.29%,0.532773,"13:43 ET"
MSTR,161.38,2026-09-25,1,Call,162.50,-0.27%,2.24,2.24,2.34,10667,6472,1.65,69.09%,85.28%,0.438853,"13:43 ET"
EIX,52.94,2027-04-16,204,Call,65.00,-22.87%,1.7,2,2.15,500,305,1.64,36.05%,36.72%,0.251486,"10:14 ET"
LITE,930.93,2026-10-02,8,Call,"1,000.00",-7.75%,14.6,15.5,16.4,641,392,1.64,74.21%,74.19%,0.264598,"13:40 ET"
GOOG,337.13,2026-10-02,8,Call,342.50,-1.45%,3.85,4.04,4,849,518,1.64,32.39%,30.59%,0.37897,"13:36 ET"
NBIS,248.66,2026-09-25,1,Call,257.50,-4.45%,1.72,1.75,1.76,1199,732,1.64,85.26%,101.36%,0.23306,"13:43 ET"
BB,8.59,2026-11-20,57,Call,9.00,-4.53%,0.7,0.73,0.77,3391,2074,1.64,66.21%,65.92%,0.487417,"13:36 ET"
MSTR,161.38,2026-09-25,1,Put,155.00,-4.36%,0.54,0.56,0.6,10104,6156,1.64,69.09%,77.76%,-0.161598,"13:39 ET"
SNDK,1753.29,2026-09-25,1,Put,"1,690.00",-4.24%,5.2,5.5,5.4,596,366,1.63,71.68%,71.34%,-0.15285,"13:44 ET"
INTC,125.42,2026-10-02,8,Call,126.00,-0.29%,4.65,4.75,4.8,1012,620,1.63,69.07%,67.65%,0.501107,"13:43 ET"
BP,44.97,2026-09-25,1,Call,45.50,-0.89%,0.06,0.27,0.4,1532,939,1.63,32.52%,50.05%,0.309052,"13:39 ET"
HPE,63.77,2026-09-25,1,Put,61.00,-4.60%,0.14,0.17,0.2,2316,1419,1.63,63.52%,76.00%,-0.131251,"13:37 ET"
RIVN,15.44,2026-10-02,8,Call,15.50,-0.91%,0.42,0.41,0.45,3782,2317,1.63,58.89%,51.79%,0.489427,"13:36 ET"
SPCX,147.92,2026-09-25,1,Call,152.50,-3.10%,0.38,0.39,0.39,18170,11179,1.63,48.48%,59.50%,0.160934,"13:44 ET"
SNOW,334.65,2026-09-25,1,Call,352.50,-5.07%,0.17,0.17,0.2,712,440,1.62,47.23%,58.69%,0.044387,"13:44 ET"
PFE,28.45,2026-10-09,15,Call,29.50,-3.58%,0.17,0.17,0.2,747,461,1.62,24.21%,24.01%,0.233983,"13:30 ET"
CRM,238.9,2026-10-02,8,Call,250.00,-4.62%,1.7,1.8,1.91,1153,712,1.62,38.97%,39.16%,0.230358,"13:28 ET"
IONQ,44.74,2026-09-25,1,Call,45.50,-2.92%,0.46,0.57,0.55,1439,886,1.62,76.97%,98.52%,0.340212,"13:42 ET"
BB,8.59,2026-09-25,1,Call,8.50,+1.28%,0.24,0.26,0.27,13410,8263,1.62,66.21%,120.59%,0.568459,"13:43 ET"
EQT,51.33,2027-06-17,266,Put,47.50,-6.84%,3.5,3.65,3.75,518,321,1.61,31.29%,34.26%,-0.318869,"13:13 ET"
TSM,449.35,2026-10-02,8,Call,445.00,+1.20%,10,10.28,10.2,530,329,1.61,34.12%,29.64%,0.593327,"13:43 ET"
META,769.89,2026-09-25,1,Put,707.50,-8.32%,0.12,0.15,0.16,700,435,1.61,45.28%,73.21%,-0.013386,"13:23 ET"
MDB,417.41,2026-10-16,22,Call,570.00,-35.95%,0.4,0.86,1.5,998,619,1.61,59.57%,67.22%,0.036645,"12:27 ET"
AMD,621.22,2026-09-28,4,Call,615.00,+1.47%,13.9,15.25,14.15,1487,924,1.61,54.37%,42.62%,0.589403,"13:41 ET"
LQDA,69.25,2026-10-02,8,Put,50.00,-27.53%,0.1,0.23,0.3,3560,2214,1.61,89.37%,128.27%,-0.035773,"13:43 ET"
GOOGL,341.15,2026-09-25,1,Put,335.00,-1.93%,0.53,0.54,0.56,7883,4897,1.61,32.65%,35.59%,-0.161269,"13:44 ET"
DK,68.99,2026-10-16,22,Put,67.50,-1.98%,3.9,4.3,4.3,514,322,1.6,69.44%,69.43%,-0.429763,"12:41 ET"
INTC,125.42,2026-09-30,6,Call,126.00,-0.29%,3.7,3.76,3.9,603,376,1.6,69.07%,63.86%,0.492334,"13:43 ET"
AMD,621.22,2026-09-28,4,Call,637.50,-2.14%,4.8,7.15,5,627,392,1.6,54.37%,43.45%,0.285174,"13:04 ET"
SNDK,1753.29,2026-09-25,1,Put,"1,710.00",-3.11%,9,9.4,9.2,680,425,1.6,71.68%,70.32%,-0.236099,"13:44 ET"
BE,266.99,2026-10-02,8,Call,290.00,-8.61%,4.15,4.65,4.8,1117,700,1.6,80.36%,79.15%,0.253515,"13:41 ET"
META,769.89,2026-09-25,1,Call,835.00,-8.20%,0.13,0.16,0.16,2680,1672,1.6,45.28%,70.78%,0.014551,"13:43 ET"
AMZN,248.79,2026-09-30,6,Call,260.00,-4.28%,0.52,0.54,0.55,2927,1827,1.6,32.71%,28.87%,0.119996,"13:43 ET"
CRWV,90.42,2026-09-25,1,Call,91.00,-0.44%,1.14,1.16,1.19,5438,3404,1.6,76.39%,87.33%,0.405751,"13:44 ET"
META,769.89,2026-10-16,22,Call,900.00,-16.62%,3.85,4.03,4.1,20462,12779,1.6,45.28%,46.87%,0.099442,"13:43 ET"
ORCL,138.67,2026-10-09,15,Put,140.00,+1.05%,6.15,6.23,6.4,826,521,1.59,49.68%,49.32%,-0.520507,"13:32 ET"
CIFR,18.39,2026-10-02,8,Put,17.00,-7.56%,0.44,0.48,0.52,1855,1170,1.59,99.81%,97.10%,-0.274585,"13:15 ET"
NVDA,224.16,2026-09-28,4,Call,232.50,-3.75%,0.25,0.25,0.27,4575,2873,1.59,32.98%,26.91%,0.08999,"13:43 ET"
NBIS,248.66,2026-09-25,1,Call,260.00,-5.47%,1.3,1.3,1.34,6486,4070,1.59,85.26%,103.08%,0.185434,"13:44 ET"
INFQ,14.56,2027-03-19,176,Call,30.00,-106.90%,0.85,1,1.1,501,317,1.58,89.06%,95.79%,0.232156,"12:39 ET"
ASTS,62.87,2026-10-02,8,Call,68.00,-7.94%,1.01,1.09,1.15,527,333,1.58,77.47%,78.20%,0.260678,"13:42 ET"
NFLX,71.69,2026-10-02,8,Put,71.00,-1.20%,0.9,0.92,0.93,2626,1663,1.58,35.09%,29.97%,-0.395962,"13:43 ET"
PLTR,192.6,2026-10-02,8,Call,205.00,-6.25%,1.48,1.51,1.54,3296,2083,1.58,52.31%,48.66%,0.201477,"13:43 ET"
AMZN,248.79,2026-09-28,4,Call,252.50,-1.27%,1.01,1.04,1.06,5863,3702,1.58,32.71%,23.73%,0.275502,"13:43 ET"
SPCX,147.92,2026-09-25,1,Put,145.00,-1.97%,0.56,0.57,0.57,21384,13561,1.58,48.48%,51.88%,-0.236827,"13:44 ET"
LAES,2.29,2026-11-20,57,Put,2.00,-13.04%,0.06,0.12,0.18,502,319,1.57,63.84%,71.44%,-0.26379,"11:04 ET"
TSLA,380.74,2026-09-28,4,Call,402.50,-5.66%,0.4,0.43,0.42,531,339,1.57,40.86%,35.04%,0.067705,"13:42 ET"
CRWV,90.42,2026-10-02,8,Put,89.00,-1.77%,3.35,3.45,3.5,632,403,1.57,76.39%,73.77%,-0.438747,"13:43 ET"
TSLA,380.74,2026-09-25,1,Call,372.50,+2.22%,8.9,9.1,9.1,4651,2966,1.57,40.86%,44.49%,0.827306,"13:39 ET"
NVDA,224.16,2026-10-02,8,Call,225.00,-0.40%,3.4,3.43,3.5,12278,7824,1.57,32.98%,30.09%,0.464152,"13:44 ET"
UMAC,23.95,2026-10-16,22,Call,28.00,-17.06%,0.85,0.9,1.05,507,326,1.56,100.55%,96.25%,0.29818,"13:34 ET"
META,769.89,2026-10-30,36,Call,850.00,-10.14%,21.15,21.65,22,783,502,1.56,45.28%,50.69%,0.300705,"13:41 ET"
IREN,46.37,2026-10-02,8,Put,45.50,-1.96%,1.63,1.65,1.72,1075,687,1.56,80.36%,75.80%,-0.416075,"13:37 ET"
PCG,12.27,2026-12-18,85,Call,13.00,-5.86%,0.82,0.87,0.86,1734,1111,1.56,42.73%,47.31%,0.451864,"12:50 ET"
CRM,238.9,2026-09-25,1,Call,237.50,+0.61%,2.9,3.14,3.3,1848,1187,1.56,38.97%,45.79%,0.607595,"13:42 ET"
GOOGL,341.15,2026-10-02,8,Call,340.00,+0.47%,6.8,7.05,7.15,2541,1627,1.56,32.65%,31.06%,0.544997,"13:37 ET"
AAOI,101.86,2026-09-25,1,Call,100.00,+1.62%,2.4,2.78,3.3,503,324,1.55,90.84%,108.95%,0.583883,"13:38 ET"
TSM,449.35,2026-09-25,1,Put,442.50,-1.76%,0.66,0.64,0.72,540,348,1.55,34.12%,30.19%,-0.178407,"13:42 ET"
MU,1070.18,2026-10-02,8,Call,"1,055.00",+1.83%,56.2,62.2,60,589,380,1.55,62.86%,79.84%,0.572056,"13:32 ET"
META,769.89,2026-11-20,57,Put,675.00,-12.53%,18.1,18.1,18.45,614,397,1.55,45.28%,47.38%,-0.205814,"13:37 ET"
LULU,100.16,2027-01-15,113,Call,110.00,-9.39%,7.15,7.85,7.85,1012,654,1.55,40.74%,48.71%,0.43445,"12:51 ET"
SMCI,41.43,2026-10-02,8,Call,41.50,-0.02%,1.66,1.74,1.76,1012,655,1.55,75.16%,71.96%,0.512239,"13:40 ET"
BE,266.99,2026-10-02,8,Call,285.00,-6.74%,5.3,5.77,6,1034,665,1.55,80.36%,78.97%,0.30277,"13:43 ET"
AAPL,336.84,2026-09-28,4,Call,335.00,+0.94%,3.85,3.95,4.05,1293,834,1.55,23.94%,19.59%,0.625909,"13:42 ET"
F,12.81,2026-11-20,57,Call,13.00,-1.80%,0.62,0.64,0.66,3008,1944,1.55,34.42%,37.10%,0.478081,"13:26 ET"
FSLY,26.77,2026-09-25,1,Call,28.00,-3.13%,0.25,0.25,0.3,3335,2147,1.55,99.74%,132.24%,0.256169,"13:44 ET"
MSTR,161.38,2026-10-02,8,Call,170.00,-4.89%,3.5,3.69,3.7,4812,3110,1.55,69.09%,72.69%,0.332977,"13:42 ET"
ORCL,138.67,2026-10-02,8,Put,130.00,-6.17%,0.95,1.02,1.02,5082,3278,1.55,49.68%,48.39%,-0.177633,"13:41 ET"
HD,291.6,2027-01-15,113,Call,310.00,-6.17%,11.35,11.77,11.9,523,339,1.54,28.41%,28.76%,0.386144,"13:12 ET"
ASTS,62.87,2026-10-02,8,Call,60.00,+4.76%,4.1,4.26,4.35,628,409,1.54,77.47%,73.29%,0.677945,"13:43 ET"
PL,17.6,2026-12-18,85,Call,22.00,-24.86%,1.35,1.38,1.5,658,427,1.54,71.51%,82.67%,0.365217,"13:37 ET"
AMZN,248.79,2026-09-28,4,Put,242.50,-2.74%,0.5,0.5,0.55,1400,909,1.54,32.71%,24.26%,-0.156992,"13:40 ET"
TSLA,380.74,2026-09-30,6,Call,390.00,-2.38%,3.45,3.5,3.55,1447,938,1.54,40.86%,36.32%,0.313727,"13:43 ET"
JPM,336.95,2026-09-25,1,Put,332.50,-1.31%,0.55,0.57,0.64,2231,1447,1.54,27.17%,29.78%,-0.201174,"13:44 ET"
LCID,4.16,2026-10-09,15,Call,4.50,-8.17%,0.13,0.15,0.18,718,470,1.53,92.06%,84.08%,0.354403,"13:41 ET"
CF,119.37,2026-10-16,22,Put,110.00,-7.71%,1.35,1.55,1.55,1010,661,1.53,44.19%,42.35%,-0.199336,"13:23 ET"
SKHY,186.64,2026-09-25,1,Call,187.50,-0.21%,1.78,1.96,1.83,1146,750,1.53,57.86%,59.28%,0.430842,"13:39 ET"
META,769.89,2026-09-28,4,Call,750.00,+2.81%,25.2,25.33,25.65,1574,1032,1.53,45.28%,41.63%,0.732735,"13:43 ET"
TSLA,380.74,2026-09-30,6,Put,375.00,-1.56%,4.3,4.35,4.45,2008,1312,1.53,40.86%,35.76%,-0.359504,"13:43 ET"
COIN,198.24,2026-09-25,1,Put,195.00,-1.68%,1.63,1.63,1.8,2929,1914,1.53,64.59%,71.77%,-0.33983,"13:42 ET"
ASTS,62.87,2026-09-25,1,Call,63.00,0.00%,1,1.05,1.07,3014,1968,1.53,77.47%,91.04%,0.465132,"13:43 ET"
NBIS,248.66,2026-09-25,1,Put,225.00,-8.73%,0.16,0.18,0.21,3657,2394,1.53,85.26%,101.42%,-0.034909,"13:39 ET"
CRWV,90.42,2026-10-02,8,Call,95.00,-4.86%,2.06,2.08,2.15,3793,2475,1.53,76.39%,75.84%,0.334751,"13:44 ET"
SNDK,1753.29,2026-09-25,1,Call,"1,875.00",-6.24%,2.8,2.7,2.9,607,399,1.52,71.68%,88.34%,0.079077,"13:43 ET"
IBRX,8.45,2026-10-02,8,Put,8.50,+0.24%,0.4,0.45,0.55,628,412,1.52,89.69%,91.06%,-0.48684,"12:17 ET"
CRWD,262.69,2026-09-25,1,Call,257.50,+1.65%,6.45,6.7,6.95,903,596,1.52,54.51%,64.39%,0.729408,"13:41 ET"
AMD,621.22,2027-01-15,113,Put,700.00,+12.15%,120.2,121.1,121.95,973,642,1.52,54.37%,54.90%,-0.588275,"13:43 ET"
TSLA,380.74,2026-10-02,8,Call,377.50,+0.91%,11.5,11.54,11.65,1435,943,1.52,40.86%,43.59%,0.568855,"13:43 ET"
PFE,28.45,2026-09-25,1,Put,28.50,+0.07%,0.16,0.17,0.2,1854,1219,1.52,24.21%,27.09%,-0.533155,"13:03 ET"
C,132.28,2026-09-25,1,Call,133.00,-0.71%,0.51,0.54,0.6,2290,1508,1.52,33.26%,34.86%,0.34698,"13:43 ET"
GOOG,337.13,2026-09-25,1,Call,345.00,-2.19%,0.4,0.4,0.41,4231,2790,1.52,32.39%,37.64%,0.124038,"13:44 ET"
BKNG,156.52,2027-01-15,113,Call,160.00,-2.47%,13.2,13.53,13.9,573,380,1.51,41.34%,41.87%,0.522405,"13:33 ET"
CCL,21.83,2026-10-30,36,Call,25.00,-14.00%,0.34,0.42,0.54,581,385,1.51,48.19%,52.26%,0.228715,"12:32 ET"
BA,196.79,2026-10-02,8,Call,202.50,-2.57%,1.61,1.7,1.76,760,504,1.51,32.03%,33.58%,0.28403,"13:39 ET"
IREN,46.37,2026-10-30,36,Put,40.00,-13.81%,1.69,1.76,1.76,899,594,1.51,80.36%,77.63%,-0.231702,"13:27 ET"
OKLO,38.56,2026-09-25,1,Put,37.50,-2.77%,0.17,0.21,0.29,903,599,1.51,71.61%,72.58%,-0.256876,"13:19 ET"
GOOG,337.13,2026-10-09,15,Call,380.00,-12.56%,0.47,0.49,0.51,1089,720,1.51,32.39%,34.80%,0.050498,"13:32 ET"
META,769.89,2026-10-02,8,Call,760.00,+1.52%,26.45,27.02,27.05,1527,1008,1.51,45.28%,47.18%,0.588935,"13:38 ET"
INTC,125.42,2026-09-28,4,Call,127.00,-1.08%,2.08,2.11,2.17,1722,1140,1.51,69.07%,54.52%,0.420914,"13:43 ET"
AAPL,336.84,2026-09-30,6,Call,340.00,-0.54%,2.46,2.6,2.64,1984,1316,1.51,23.94%,21.86%,0.389595,"13:40 ET"
IONQ,44.74,2026-09-25,1,Call,44.00,+0.48%,1.1,1.1,1.2,2692,1782,1.51,76.97%,96.00%,0.596078,"13:43 ET"
GME,24.85,2026-09-25,1,Call,24.50,+1.33%,0.49,0.51,0.54,8838,5836,1.51,53.08%,68.40%,0.63503,"13:44 ET"
SNDK,1753.29,2026-09-25,1,Call,"1,815.00",-2.84%,8.3,8.4,8.5,525,351,1.5,71.68%,78.25%,0.210445,"13:44 ET"
VLO,392.9,2026-09-25,1,Call,390.00,+0.06%,5,6.7,7.3,529,353,1.5,53.47%,62.79%,0.566273,"13:40 ET"
EOSE,3.24,2026-10-09,15,Call,3.50,-7.03%,0.17,0.18,0.18,990,658,1.5,101.61%,103.85%,0.402635,"13:44 ET"
AMD,621.22,2026-10-02,8,Call,625.00,-0.14%,17.1,17.38,17.4,1063,711,1.5,54.37%,52.35%,0.481408,"13:43 ET"
INTC,125.42,2026-11-20,57,Call,195.00,-55.21%,2.01,1.97,2.09,1133,755,1.5,69.07%,81.92%,0.11756,"12:54 ET"
NBIS,248.66,2026-09-25,1,Call,267.50,-8.51%,0.53,0.6,0.56,716,480,1.49,85.26%,107.58%,0.086891,"13:40 ET"
PLTR,192.6,2026-10-02,8,Call,197.50,-2.36%,3.35,3.35,3.45,2740,1842,1.49,52.31%,48.14%,0.373271,"13:39 ET"
NVDA,224.16,2026-09-28,4,Put,217.50,-2.95%,0.53,0.51,0.55,3650,2446,1.49,32.98%,27.52%,-0.157764,"13:43 ET"
BA,196.79,2026-09-25,1,Call,202.50,-2.57%,0.17,0.18,0.21,4176,2794,1.49,32.03%,42.49%,0.093794,"13:43 ET"
PLTR,192.6,2026-09-25,1,Put,192.50,-0.23%,2.18,2.21,2.24,8257,5548,1.49,52.31%,53.35%,-0.504332,"13:44 ET"
SOFI,16.65,2026-10-09,15,Call,16.00,+3.56%,0.95,0.99,0.99,827,557,1.48,48.44%,45.35%,0.681611,"13:07 ET"
HOOD,121.66,2026-10-02,8,Call,123.00,-1.29%,3.8,3.92,3.9,1008,680,1.48,62.32%,62.23%,0.470738,"13:41 ET"
AMD,621.22,2026-09-25,1,Call,605.00,+3.07%,17.6,21.1,18,1081,732,1.48,54.37%,60.84%,0.789938,"13:30 ET"
MSFT,495.06,2026-09-28,4,Call,505.00,-1.81%,1.17,1.53,1.34,1123,761,1.48,27.70%,21.99%,0.199542,"13:39 ET"
RKT,12.03,2026-10-02,8,Put,12.00,+0.33%,0.38,0.4,0.42,1164,789,1.48,59.12%,55.40%,-0.490528,"12:55 ET"
RKLB,74.78,2026-09-25,1,Call,75.00,+0.16%,1.15,1.14,1.18,11105,7519,1.48,73.71%,89.92%,0.452197,"13:44 ET"
SNDK,1753.29,2026-09-25,1,Call,"2,210.00",-25.22%,0.05,0.1,0.4,542,369,1.47,71.68%,167.17%,0.004769,"12:30 ET"
HPE,63.77,2026-09-25,1,Call,66.00,-3.22%,0.27,0.32,0.36,655,446,1.47,63.52%,80.91%,0.210316,"13:39 ET"
HIMS,28.76,2026-11-20,57,Put,21.00,-27.01%,0.54,0.64,0.8,730,497,1.47,73.46%,82.43%,-0.124043,"12:55 ET"
MDB,417.41,2026-10-16,22,Call,470.00,-12.10%,7.8,8.32,8.6,812,551,1.47,59.57%,60.74%,0.240233,"13:36 ET"
U,43.58,2026-10-16,22,Call,55.00,-26.41%,0.21,0.25,0.29,849,578,1.47,61.60%,64.55%,0.084185,"13:40 ET"
MU,1070.18,2027-03-19,176,Call,"1,050.00",+2.29%,193.15,198.05,199.25,1018,691,1.47,62.86%,60.80%,0.61846,"13:25 ET"
VITL,10.06,2028-01-21,484,Call,20.00,-97.24%,1,1.2,1.95,1048,713,1.47,73.28%,73.54%,0.375288,"12:50 ET"
RKLB,74.78,2026-09-25,1,Put,71.00,-5.48%,0.24,0.22,0.27,1390,947,1.47,73.71%,87.78%,-0.142617,"13:42 ET"
ORCL,138.67,2026-10-16,22,Call,149.00,-7.54%,2.81,3.08,2.91,518,355,1.46,49.68%,48.46%,0.293016,"13:08 ET"
BE,266.99,2027-04-16,204,Put,180.00,-32.58%,18.5,20,19.15,621,425,1.46,80.36%,80.99%,-0.162928,"12:15 ET"
MRNA,184.15,2026-09-25,1,Put,187.50,+2.11%,4.9,5.73,5.75,623,426,1.46,83.17%,80.70%,-0.674454,"13:39 ET"
AMD,621.22,2026-10-02,8,Put,605.00,-3.07%,11.65,11.8,11.95,643,439,1.46,54.37%,51.57%,-0.353515,"13:43 ET"
RBLX,50.09,2026-10-23,29,Put,45.00,-9.35%,1.01,1.48,1.44,911,624,1.46,64.52%,59.64%,-0.229999,"11:06 ET"
NOK,10.38,2026-10-16,22,Put,10.50,+0.96%,0.6,0.57,0.62,1066,732,1.46,58.40%,53.48%,-0.510593,"13:09 ET"
MNST,42.78,2026-10-16,22,Put,43.00,-0.05%,1.05,1.15,1.25,1154,789,1.46,28.98%,25.72%,-0.509989,"13:16 ET"
GOOGL,341.15,2026-09-28,4,Call,342.50,-0.26%,3.05,3.25,3.35,1581,1086,1.46,32.65%,26.49%,0.454099,"13:34 ET"
RKLB,74.78,2026-09-25,1,Call,72.00,+4.15%,2.91,2.95,3.05,4677,3200,1.46,73.71%,90.99%,0.770078,"13:44 ET"
HPE,63.77,2026-09-25,1,Call,65.00,-1.66%,0.5,0.54,0.6,5061,3472,1.46,63.52%,79.39%,0.324889,"13:43 ET"
BULL,7.32,2026-10-23,29,Put,7.00,-4.50%,0.29,0.31,0.31,638,441,1.45,60.68%,55.73%,-0.353865,"13:24 ET"
BE,266.99,2028-01-21,484,Put,80.00,-70.04%,6.3,6.4,6.65,837,578,1.45,80.36%,86.69%,-0.039585,"12:51 ET"
NBIS,248.66,2026-09-25,1,Put,227.50,-7.72%,0.24,0.28,0.32,1161,803,1.45,85.26%,99.41%,-0.050877,"13:42 ET"
AMD,621.22,2026-12-18,85,Put,700.00,+12.15%,111.7,120,115.35,1201,831,1.45,54.37%,55.57%,-0.618326,"12:00 ET"
MU,1070.18,2026-09-25,1,Put,"1,015.00",-5.55%,1,1,1.02,1334,920,1.45,62.86%,65.91%,-0.062293,"13:44 ET"
GOOG,337.13,2026-10-02,8,Put,325.00,-3.73%,1.71,1.75,1.77,2220,1528,1.45,32.39%,30.73%,-0.1992,"13:43 ET"
BIDU,88.01,2026-09-25,1,Call,90.00,-2.25%,0.17,0.19,0.23,942,652,1.44,40.30%,47.04%,0.173845,"13:34 ET"
WMT,108.35,2026-10-02,8,Put,109.00,+0.58%,1.71,1.75,1.81,1352,939,1.44,25.67%,22.68%,-0.556932,"13:38 ET"
U,43.58,2028-12-15,813,Call,18.00,+58.63%,29.1,29.95,30.65,1833,1277,1.44,61.60%,71.55%,0.928239,"11:50 ET"
AMZN,248.79,2026-10-02,8,Call,250.00,-0.26%,3.65,3.65,3.75,5202,3611,1.44,32.71%,28.98%,0.464496,"13:43 ET"
IREN,46.37,2026-10-02,8,Put,42.50,-8.42%,0.62,0.62,0.67,513,359,1.43,80.36%,76.26%,-0.207248,"13:31 ET"
ROL,30.17,2026-10-16,22,Put,30.00,-1.48%,0.55,0.68,0.75,749,525,1.43,34.91%,28.76%,-0.405429,"13:37 ET"
AAPL,336.84,2026-09-28,4,Call,342.50,-1.28%,0.79,0.81,0.85,3019,2106,1.43,23.94%,18.98%,0.216532,"13:43 ET"
META,769.89,2026-09-25,1,Put,715.00,-7.35%,0.19,0.22,0.23,4675,3277,1.43,45.28%,69.23%,-0.020219,"13:40 ET"
SMCI,41.43,2026-10-02,8,Call,39.50,+4.80%,2.76,2.86,2.86,774,546,1.42,75.16%,71.02%,0.691298,"13:41 ET"
INTC,125.42,2026-10-02,8,Put,123.00,-2.10%,3.75,3.8,3.9,844,596,1.42,69.07%,67.29%,-0.403976,"13:43 ET"
TSLA,380.74,2026-10-05,11,Call,380.00,+0.25%,10.8,10.75,11.05,996,703,1.42,40.86%,39.44%,0.530114,"13:39 ET"
ARM,312.14,2026-10-02,8,Call,350.00,-11.70%,3.75,3.82,3.9,1828,1283,1.42,73.62%,83.18%,0.191256,"13:44 ET"
SNDK,1753.29,2026-09-25,1,Put,"1,700.00",-3.67%,6.9,7.12,7.1,3864,2718,1.42,71.68%,70.85%,-0.191617,"13:44 ET"
TSLA,380.74,2026-09-25,1,Call,397.50,-4.34%,0.19,0.2,0.2,4389,3081,1.42,40.86%,49.33%,0.048194,"13:42 ET"
AMD,621.22,2026-09-25,1,Put,600.00,-3.87%,1.37,1.39,1.43,11958,8403,1.42,54.37%,59.89%,-0.139444,"13:44 ET"
AAPL,336.84,2026-09-25,1,Call,335.00,+0.94%,3,3.05,3.15,15247,10705,1.42,23.94%,26.79%,0.670232,"13:44 ET"
BNTX,98.6,2026-12-18,85,Call,125.00,-26.72%,2.25,3,3,502,355,1.41,44.53%,54.90%,0.201923,"13:43 ET"
RKLB,74.78,2026-10-09,15,Put,70.00,-6.82%,2.03,2.15,2.23,524,372,1.41,73.71%,68.82%,-0.299815,"13:40 ET"
CCL,21.83,2026-10-02,8,Call,24.50,-11.72%,0.13,0.16,0.19,1877,1327,1.41,48.19%,70.23%,0.143877,"13:42 ET"
UUUU,11.32,2027-01-15,113,Put,12.00,+5.36%,2.04,2.04,2.08,3023,2138,1.41,65.93%,69.33%,-0.474687,"13:28 ET"
GME,24.85,2026-09-25,1,Call,24.00,+3.34%,0.84,0.92,0.9,11589,8222,1.41,53.08%,66.62%,0.827704,"13:43 ET"
TSLA,380.74,2026-10-02,8,Put,372.50,-2.22%,5.9,5.93,6,691,492,1.4,40.86%,43.08%,-0.351302,"13:37 ET"
MU,1070.18,2026-10-02,8,Call,"1,070.00",+0.43%,49.15,51.48,54.4,820,587,1.4,62.86%,81.73%,0.525308,"13:42 ET"
CAPR,8.58,2026-10-16,22,Call,10.00,-16.69%,0.45,0.53,0.65,1621,1156,1.4,191.56%,124.39%,0.36217,"13:17 ET"
SPCX,147.92,2026-09-25,1,Call,145.00,+1.97%,3.35,3.35,3.4,5207,3710,1.4,48.48%,52.50%,0.760781,"13:43 ET"
SPCX,147.92,2026-10-02,8,Put,131.00,-11.43%,0.25,0.23,0.27,523,377,1.39,48.48%,51.86%,-0.052777,"12:39 ET"
AIBZ,4.26,2026-10-16,22,Call,5.00,-17.37%,0.25,0.25,0.35,600,432,1.39,121.46%,132.12%,0.372801,"13:16 ET"
QBTS,17.39,2026-10-09,15,Call,20.00,-15.81%,0.24,0.27,0.3,601,431,1.39,75.40%,75.58%,0.196559,"13:42 ET"
OKLO,38.56,2026-09-25,1,Call,38.00,+1.48%,0.73,0.79,0.86,705,509,1.39,71.61%,70.66%,0.622454,"13:35 ET"
SNDK,1753.29,2026-09-25,1,Put,"1,800.00",+1.99%,55.5,56.93,56.4,1711,1233,1.39,71.68%,74.22%,-0.738324,"13:43 ET"
META,769.89,2026-09-25,1,Put,747.50,-3.14%,2.6,2.6,2.66,4529,3269,1.39,45.28%,63.41%,-0.185414,"13:43 ET"
SOFI,16.65,2026-10-02,8,Call,17.00,-2.47%,0.26,0.27,0.28,12319,8874,1.39,48.44%,43.45%,0.377197,"13:44 ET"
BA,196.79,2026-09-25,1,Call,195.00,+1.23%,2.32,2.48,2.52,849,614,1.38,32.03%,36.25%,0.67045,"13:43 ET"
MU,1070.18,2026-09-25,1,Call,"1,135.00",-5.62%,0.57,0.58,0.61,893,649,1.38,62.86%,64.49%,0.04083,"13:43 ET"
HD,291.6,2026-09-25,1,Put,290.00,-0.68%,0.85,1.07,1.2,997,720,1.38,28.41%,28.89%,-0.344597,"13:15 ET"
SOFI,16.65,2026-10-23,29,Call,16.50,+0.54%,0.9,0.92,0.94,1065,769,1.38,48.44%,44.98%,0.556269,"13:43 ET"
MSFT,495.06,2026-10-02,8,Call,485.00,+2.22%,13.25,15.05,14.95,1237,899,1.38,27.70%,27.27%,0.706134,"12:49 ET"
MU,1070.18,2026-09-25,1,Call,"1,160.00",-7.94%,0.19,0.2,0.21,1418,1027,1.38,62.86%,70.41%,0.014521,"13:43 ET"
DKNG,21.27,2026-09-25,1,Call,21.50,-0.80%,0.15,0.2,0.27,1734,1258,1.38,58.68%,70.04%,0.390273,"13:42 ET"
SOFI,16.65,2026-10-09,15,Call,16.50,+0.54%,0.65,0.66,0.68,540,393,1.37,48.44%,44.33%,0.555098,"13:15 ET"
CIFR,18.39,2026-10-30,36,Put,17.00,-7.56%,1.32,1.5,1.62,589,430,1.37,99.81%,94.98%,-0.340375,"13:36 ET"
SNDK,1753.29,2026-09-25,1,Put,"1,530.00",-13.31%,0.1,0.12,0.2,657,479,1.37,71.68%,102.55%,-0.004957,"13:28 ET"
RIG,5.5,2026-10-16,22,Call,5.00,+8.59%,0.52,0.6,0.67,669,489,1.37,48.75%,59.94%,0.75281,"13:44 ET"
GLW,154.44,2026-09-25,1,Put,150.00,-3.06%,0.46,0.55,0.62,1569,1147,1.37,58.77%,62.20%,-0.19189,"13:39 ET"
AMD,621.22,2026-09-28,4,Call,650.00,-4.14%,2.41,2.45,2.5,1634,1193,1.37,54.37%,44.24%,0.164586,"13:43 ET"
SPCX,147.92,2026-10-30,36,Put,135.00,-8.73%,3.25,3.27,3.35,2295,1676,1.37,48.48%,47.00%,-0.238956,"13:40 ET"
HPQ,31.3,2026-09-25,1,Put,32.50,+3.57%,1.15,1.23,1.41,2520,1834,1.37,48.67%,54.31%,-0.913017,"13:42 ET"
PLTR,192.6,2026-10-02,8,Call,195.00,-1.07%,4.3,4.4,4.4,3319,2427,1.37,52.31%,48.14%,0.442585,"13:43 ET"
LVS,38.65,2028-01-21,484,Call,50.00,-29.43%,2.52,2.92,3.2,681,502,1.36,34.75%,34.89%,0.335842,"12:40 ET"
AMD,621.22,2027-12-17,449,Call,"1,020.00",-63.42%,69.2,71.03,71.35,701,516,1.36,54.37%,57.87%,0.356497,"13:41 ET"
GME,24.85,2026-11-20,57,Put,24.00,-3.34%,1.42,1.45,1.54,853,629,1.36,53.08%,47.58%,-0.397594,"13:36 ET"
ORCL,138.67,2026-10-02,8,Put,138.00,-0.40%,3.6,3.61,3.75,913,672,1.36,49.68%,48.29%,-0.464078,"13:32 ET"
AMD,621.22,2026-10-02,8,Call,640.00,-2.54%,11.4,11.83,11.7,1156,849,1.36,54.37%,52.82%,0.363588,"13:43 ET"
SKHY,186.64,2026-09-25,1,Call,192.50,-2.89%,0.49,0.51,0.52,1431,1055,1.36,57.86%,61.39%,0.162019,"13:43 ET"
INTC,125.42,2026-10-16,22,Put,125.00,-0.51%,7.75,7.7,7.95,2584,1895,1.36,69.07%,66.37%,-0.45745,"13:43 ET"
AMD,621.22,2026-09-25,1,Call,660.00,-5.74%,0.29,0.29,0.3,2801,2066,1.36,54.37%,64.91%,0.035669,"13:43 ET"
ARM,312.14,2026-09-25,1,Call,335.00,-6.91%,0.73,0.87,0.76,3194,2353,1.36,73.62%,103.41%,0.096097,"13:42 ET"
MSFT,495.06,2026-09-25,1,Put,482.50,-2.72%,0.23,0.22,0.25,3234,2381,1.36,27.70%,32.51%,-0.064845,"13:43 ET"
HOOD,121.66,2026-09-25,1,Call,122.00,-0.47%,1.6,1.6,1.66,5471,4029,1.36,62.32%,72.38%,0.469789,"13:43 ET"
NVO,38.28,2026-11-20,57,Put,37.50,-2.11%,1.62,1.64,1.69,6967,5114,1.36,32.52%,34.05%,-0.410267,"13:35 ET"
MU,1070.18,2026-09-28,4,Put,"1,075.00",+0.03%,21.9,22.2,22.05,502,373,1.35,62.86%,43.13%,-0.533505,"13:43 ET"
TSM,449.35,2026-11-20,57,Call,580.00,-28.77%,1.22,1.39,1.32,504,373,1.35,34.12%,36.84%,0.049139,"13:07 ET"
GOOG,337.13,2026-09-25,1,Call,332.50,+1.51%,5.45,5.5,5.6,510,377,1.35,32.39%,36.21%,0.77216,"13:33 ET"
SNDK,1753.29,2026-09-25,1,Put,"1,525.00",-13.59%,0.15,0.21,0.25,603,446,1.35,71.68%,108.21%,-0.00613,"12:56 ET"
AMZN,248.79,2026-10-02,8,Call,247.50,+0.74%,4.8,4.85,5,766,569,1.35,32.71%,28.75%,0.55804,"13:43 ET"
AAPL,336.84,2026-10-02,8,Put,337.50,-0.20%,4.45,4.45,4.7,1014,749,1.35,23.94%,22.32%,-0.503856,"13:42 ET"
IBM,228.05,2026-09-25,1,Call,232.50,-1.94%,0.34,0.43,0.46,1051,778,1.35,37.31%,39.66%,0.161804,"13:27 ET"
CRWD,262.69,2026-09-25,1,Put,257.50,-1.65%,1.32,1.43,1.43,1258,934,1.35,54.51%,61.78%,-0.262672,"13:44 ET"
JPM,336.95,2026-10-02,8,Call,340.00,-0.92%,3.3,3.48,3.75,1410,1046,1.35,27.17%,24.49%,0.409257,"13:33 ET"
AAOI,101.86,2026-09-25,1,Call,105.00,-3.30%,0.75,0.82,0.9,1493,1102,1.35,90.84%,105.77%,0.253068,"13:42 ET"
IONQ,44.74,2026-09-25,1,Call,43.50,+1.61%,1.37,1.5,1.51,1598,1187,1.35,76.97%,93.58%,0.68494,"13:42 ET"
BE,266.99,2027-06-17,266,Put,80.00,-70.04%,2.04,2.1,2.36,1846,1364,1.35,80.36%,88.23%,-0.022162,"13:42 ET"
CRWV,90.42,2026-09-25,1,Call,87.00,+3.97%,3.35,3.5,3.55,3123,2306,1.35,76.39%,85.53%,0.776307,"13:43 ET"
AMD,621.22,2026-10-02,8,Put,615.00,-1.47%,15.9,15.31,16.25,523,390,1.34,54.37%,51.68%,-0.436209,"13:41 ET"
TSM,449.35,2026-09-25,1,Call,447.50,+0.65%,3.4,3.9,3.7,780,580,1.34,34.12%,29.62%,0.585013,"13:41 ET"
CIFR,18.39,2026-10-02,8,Call,19.50,-6.04%,0.63,0.69,0.71,857,640,1.34,99.81%,103.89%,0.373776,"13:34 ET"
HPQ,31.3,2028-01-21,484,Call,45.00,-43.40%,3.5,3.98,3.95,870,648,1.34,48.67%,53.21%,0.376446,"12:05 ET"
GRAB,3.12,2028-06-16,631,Call,3.00,+3.85%,1.1,1.12,1.21,964,719,1.34,52.73%,65.14%,0.713342,"12:05 ET"
MU,1070.18,2026-09-25,1,Call,"1,140.00",-6.08%,0.45,0.45,0.48,2464,1843,1.34,62.86%,65.49%,0.032723,"13:43 ET"
CRWV,90.42,2026-09-25,1,Call,95.00,-4.86%,0.26,0.27,0.3,7288,5447,1.34,76.39%,91.88%,0.131594,"13:44 ET"
TD,119.36,2026-11-20,57,Call,125.00,-4.93%,1.6,1.65,1.8,503,379,1.33,21.24%,20.17%,0.295139,"13:20 ET"
AMZN,248.79,2026-10-16,22,Call,252.50,-1.27%,5.45,5.95,5.65,575,433,1.33,32.71%,28.89%,0.440111,"13:29 ET"
NBIS,248.66,2026-10-02,8,Put,230.00,-6.70%,4.8,4.98,5.25,667,502,1.33,85.26%,83.65%,-0.256036,"13:43 ET"
ORCL,138.67,2026-10-02,8,Call,149.00,-7.54%,0.98,1,1.03,900,676,1.33,49.68%,51.69%,0.180811,"13:34 ET"
SPCX,147.92,2026-10-02,8,Call,146.00,+1.29%,5.1,5.2,5.2,991,745,1.33,48.48%,47.62%,0.586783,"13:39 ET"
TSM,449.35,2026-09-25,1,Put,440.00,-2.31%,0.36,0.31,0.42,1405,1056,1.33,34.12%,31.38%,-0.10896,"13:38 ET"
ITT,212.16,2026-10-16,22,Put,195.00,-8.19%,0.9,1.42,2.05,2751,2065,1.33,33.33%,34.68%,-0.151674,"13:00 ET"
CRWV,90.42,2026-09-25,1,Put,87.00,-3.97%,0.52,0.51,0.6,2856,2145,1.33,76.39%,87.58%,-0.22881,"13:42 ET"
ORCL,138.67,2026-10-02,8,Call,150.00,-8.26%,0.84,0.86,0.9,4194,3159,1.33,49.68%,52.01%,0.160339,"13:42 ET"
META,769.89,2026-09-28,4,Call,790.00,-2.37%,6.05,6.43,6.45,761,578,1.32,45.28%,43.29%,0.291929,"13:43 ET"
IREN,46.37,2026-10-02,8,Call,48.50,-4.50%,1.22,1.28,1.31,766,580,1.32,80.36%,78.25%,0.366518,"13:34 ET"
MSTR,161.38,2026-10-02,8,Put,175.00,+7.98%,15.85,15.7,16.2,936,711,1.32,69.09%,72.87%,-0.759195,"13:23 ET"
OXY,58.12,2026-09-25,1,Call,58.00,+0.03%,0.51,0.6,0.66,1217,924,1.32,34.52%,40.70%,0.559826,"13:39 ET"
CP,88.05,2026-11-20,57,Call,95.00,-7.81%,0.75,1,1.15,1500,1139,1.32,21.08%,22.16%,0.222887,"12:48 ET"
INTC,125.42,2026-09-25,1,Call,133.00,-5.86%,0.19,0.2,0.22,1511,1143,1.32,69.07%,81.53%,0.085015,"13:44 ET"
MO,69.18,2026-09-25,1,Call,70.00,-1.14%,0.1,0.1,0.18,2022,1536,1.32,22.98%,29.58%,0.227288,"13:21 ET"
CRWV,90.42,2026-09-25,1,Put,88.00,-2.87%,0.81,0.83,0.87,2071,1564,1.32,76.39%,87.34%,-0.310412,"13:43 ET"
TEM,77.82,2026-09-25,1,Call,80.00,-2.77%,0.58,0.63,0.72,2408,1828,1.32,78.88%,93.70%,0.281846,"13:43 ET"
TSLA,380.74,2026-09-30,6,Call,400.00,-5.00%,1.5,1.49,1.53,3047,2302,1.32,40.86%,37.57%,0.160322,"13:43 ET"
NVDA,224.16,2026-09-28,4,Call,230.00,-2.63%,0.49,0.5,0.51,11035,8331,1.32,32.98%,25.83%,0.159143,"13:43 ET"
TSLA,380.74,2026-09-25,1,Call,400.00,-5.00%,0.13,0.14,0.14,28811,21846,1.32,40.86%,51.39%,0.033781,"13:44 ET"
SNDK,1753.29,2026-09-25,1,Put,"1,510.00",-14.44%,0,0.15,0.2,682,519,1.31,71.68%,106.67%,-0.003295,"13:06 ET"
GOOGL,341.15,2026-09-30,6,Put,322.50,-5.59%,0.45,0.53,0.51,711,542,1.31,32.65%,31.41%,-0.076483,"13:43 ET"
CMCSA,22.19,2026-10-02,8,Call,22.00,+0.86%,0.47,0.53,0.53,817,626,1.31,33.28%,33.30%,0.556012,"13:33 ET"
TEM,77.82,2026-09-25,1,Call,79.00,-1.49%,0.85,0.91,1.17,1384,1054,1.31,78.88%,96.97%,0.378904,"13:41 ET"
QURE,38.35,2026-10-16,22,Call,40.00,-4.85%,4.5,4.7,5,1633,1247,1.31,137.95%,150.20%,0.518155,"13:44 ET"
BE,266.99,2026-09-25,1,Call,265.00,+0.75%,5.3,5.95,6.35,1894,1447,1.31,80.36%,93.06%,0.549013,"13:43 ET"
TSM,449.35,2026-09-25,1,Put,437.50,-2.87%,0.2,0.16,0.23,531,408,1.3,34.12%,32.58%,-0.064048,"13:30 ET"
MSTR,161.38,2026-10-02,8,Call,197.50,-21.86%,0.59,0.66,0.68,617,474,1.3,69.09%,88.98%,0.070918,"13:08 ET"
TEM,77.82,2026-09-25,1,Call,81.00,-4.06%,0.34,0.44,0.57,894,689,1.3,78.88%,96.39%,0.21009,"13:23 ET"
JPM,336.95,2026-10-02,8,Call,345.00,-2.40%,1.63,1.79,1.88,1097,841,1.3,27.17%,23.47%,0.254292,"13:11 ET"
CRWV,90.42,2026-09-25,1,Put,86.00,-5.08%,0.34,0.37,0.38,1467,1132,1.3,76.39%,88.10%,-0.161224,"13:43 ET"
ARR,14.23,2027-01-15,113,Put,13.00,-8.84%,0.4,0.47,0.55,1510,1166,1.3,28.52%,30.98%,-0.282562,"10:52 ET"
MCD,239.68,2026-10-23,29,Call,250.00,-4.29%,2.18,2.3,2.57,1520,1172,1.3,21.81%,22.38%,0.266065,"13:43 ET"
APLD,27.46,2026-09-25,1,Call,26.50,+3.67%,0.96,1.09,1.07,1565,1202,1.3,92.43%,83.74%,0.771783,"13:40 ET"
INTC,125.42,2027-03-19,176,Call,175.00,-39.29%,11.4,11.35,11.6,1701,1308,1.3,69.07%,71.90%,0.350263,"12:41 ET"
ARM,312.14,2026-10-16,22,Call,330.00,-5.31%,15.3,15.63,15.4,1731,1329,1.3,73.62%,73.62%,0.415782,"13:43 ET"
AVGO,350.06,2026-09-25,1,Call,362.50,-3.61%,0.15,0.18,0.18,1774,1365,1.3,35.41%,41.60%,0.051928,"13:42 ET"
COIN,198.24,2026-09-25,1,Put,190.00,-4.20%,0.44,0.5,0.59,2909,2231,1.3,64.59%,71.81%,-0.134808,"13:42 ET"
SNDK,1753.29,2026-09-25,1,Call,"1,910.00",-8.22%,1.5,1.7,1.7,551,426,1.29,71.68%,94.52%,0.045554,"13:43 ET"
MCD,239.68,2026-10-02,8,Call,242.50,-1.16%,1.89,1.96,2.14,566,438,1.29,21.81%,22.43%,0.373006,"13:33 ET"
SPCX,147.92,2026-10-09,15,Put,136.00,-8.05%,1.41,1.4,1.44,625,486,1.29,48.48%,47.49%,-0.177263,"13:40 ET"
PANW,392.67,2026-10-02,8,Call,395.00,-1.12%,10.1,10.43,11.7,631,490,1.29,52.97%,51.99%,0.483295,"13:40 ET"
BABA,111.24,2026-10-02,8,Call,116.00,-4.20%,1.03,1.03,1.07,955,743,1.29,40.36%,42.05%,0.25912,"13:44 ET"
RUN,7.89,2028-01-21,484,Call,25.00,-216.46%,0.62,0.68,0.75,2101,1631,1.29,74.60%,80.53%,0.236408,"12:55 ET"
QURE,38.35,2026-10-16,22,Call,45.00,-17.96%,2.9,3.2,3.5,2248,1748,1.29,137.95%,150.68%,0.392856,"13:29 ET"
BAC,55.94,2026-09-25,1,Call,56.00,+0.02%,0.31,0.33,0.32,2506,1949,1.29,28.04%,29.96%,0.470161,"13:42 ET"
UAL,111.14,2026-09-25,1,Call,115.00,-3.34%,0.1,0.26,0.35,2697,2093,1.29,51.60%,60.34%,0.129946,"13:41 ET"
BA,196.79,2026-09-25,1,Put,192.50,-2.50%,0.15,0.16,0.22,2840,2196,1.29,32.03%,33.23%,-0.110951,"13:37 ET"
COST,897.89,2026-09-25,1,Put,840.00,-6.40%,0.46,0.51,0.52,676,529,1.28,24.18%,71.53%,-0.036145,"13:44 ET"
CAG,14.72,2027-03-19,176,Put,14.00,-4.89%,0.85,0.9,1,916,713,1.28,36.18%,31.58%,-0.365469,"12:16 ET"
AMD,621.22,2026-10-02,8,Put,580.00,-7.07%,4.7,4.36,4.9,1065,830,1.28,54.37%,52.11%,-0.178703,"13:27 ET"
AAL,13.45,2026-10-16,22,Put,12.50,-7.06%,0.24,0.23,0.28,1120,873,1.28,48.42%,48.71%,-0.253913,"13:33 ET"
ASST,29.89,2026-09-25,1,Put,29.00,-3.30%,0.17,0.2,0.29,1266,990,1.28,79.94%,88.85%,-0.266007,"13:02 ET"
MSTR,161.38,2026-10-02,8,Call,165.00,-1.81%,5,5.35,5.15,1715,1340,1.28,69.09%,70.07%,0.434875,"13:35 ET"
MU,1070.18,2026-09-25,1,Put,"1,010.00",-6.01%,0.83,0.88,0.85,2082,1630,1.28,62.86%,68.02%,-0.051768,"13:43 ET"
CYPH,3.98,2026-10-16,22,Put,2.50,-37.97%,0.05,0.1,0.1,2984,2340,1.28,171.78%,164.92%,-0.084604,"13:43 ET"
TSLA,380.74,2026-10-02,8,Call,380.00,+0.25%,10.2,10.21,10.35,6468,5071,1.28,40.86%,43.62%,0.52836,"13:43 ET"
NFLX,71.69,2026-09-25,1,Call,73.00,-1.59%,0.13,0.13,0.15,14173,11034,1.28,35.09%,37.22%,0.185012,"13:44 ET"
ANVS,1.265,2029-01-19,848,Call,2.5000,-96.08%,0.45,0.5,0.5,602,475,1.27,484.35%,91.36%,0.613281,"12:29 ET"
MU,1070.18,2026-09-25,1,Call,"1,165.00",-8.41%,0.16,0.18,0.17,661,519,1.27,62.86%,71.72%,0.012015,"13:40 ET"
GLW,154.44,2026-09-25,1,Call,157.50,-1.79%,0.84,1.15,1.25,741,584,1.27,58.77%,71.35%,0.293699,"13:30 ET"
UAA,4.53,2028-01-21,484,Put,4.00,-12.09%,0.65,0.7,0.75,1000,788,1.27,49.41%,54.22%,-0.284047,"10:41 ET"
GOOGL,341.15,2026-09-28,4,Call,350.00,-2.46%,0.96,1,1.06,1083,852,1.27,32.65%,27.17%,0.191263,"13:43 ET"
BA,196.79,2026-09-25,1,Call,197.50,-0.04%,1.06,1.17,1.23,1447,1140,1.27,32.03%,37.72%,0.412727,"13:43 ET"
NBIS,248.66,2026-10-02,8,Call,240.00,+2.64%,15.9,16.1,16.3,1461,1152,1.27,85.26%,83.05%,0.623288,"13:44 ET"
BAC,55.94,2026-10-16,22,Put,54.00,-3.59%,0.8,0.82,0.85,1509,1191,1.27,28.04%,30.22%,-0.300956,"11:40 ET"
SNDK,1753.29,2026-09-25,1,Call,"1,950.00",-10.49%,0.95,1,1,1875,1479,1.27,71.68%,103.46%,0.027321,"13:44 ET"
TSM,449.35,2026-09-25,1,Call,455.00,-1.02%,0.8,0.82,0.84,2059,1624,1.27,34.12%,30.69%,0.204097,"13:43 ET"
CRWD,262.69,2026-09-25,1,Call,262.50,-0.26%,3.35,3.78,3.7,2570,2017,1.27,54.51%,62.38%,0.516187,"13:42 ET"
MSTR,161.38,2026-10-02,8,Put,160.00,-1.28%,5.65,5.65,5.85,2672,2112,1.27,69.09%,67.46%,-0.447378,"13:43 ET"
CRM,238.9,2026-09-25,1,Call,245.00,-2.53%,0.39,0.45,0.49,2768,2180,1.27,38.97%,45.42%,0.15086,"13:41 ET"
META,769.89,2026-09-25,1,Put,700.00,-9.29%,0.08,0.11,0.11,7366,5803,1.27,45.28%,77.20%,-0.008993,"13:40 ET"
TSLA,380.74,2026-09-25,1,Put,400.00,+5.00%,19.35,19.15,20.15,600,476,1.26,40.86%,64.34%,-0.927809,"13:26 ET"
TEM,77.82,2026-09-25,1,Call,82.00,-5.34%,0.21,0.36,0.36,605,481,1.26,78.88%,95.80%,0.145469,"13:27 ET"
HOOD,121.66,2027-06-17,266,Call,180.00,-48.23%,12.15,12.5,12.6,642,511,1.26,62.32%,65.27%,0.355782,"12:53 ET"
ARM,312.14,2026-09-25,1,Put,310.00,-1.07%,4.9,4.95,5,1223,974,1.26,73.62%,88.83%,-0.443763,"13:43 ET"
ARM,312.14,2026-09-25,1,Put,320.00,+2.12%,11,10.55,11.3,1249,990,1.26,73.62%,93.02%,-0.696814,"13:38 ET"
MCD,239.68,2026-09-25,1,Call,242.50,-1.16%,0.35,0.5,0.5,2696,2147,1.26,21.81%,27.62%,0.216313,"13:42 ET"
GLND,4.65,2026-10-16,22,Call,4.00,+16.14%,0.95,0.95,1.1,5551,4398,1.26,173.91%,146.49%,0.734069,"13:41 ET"
NVDA,224.16,2026-09-25,1,Call,227.50,-1.52%,0.4,0.41,0.41,62868,50081,1.26,32.98%,34.97%,0.183065,"13:44 ET"
GOOGL,341.15,2026-09-30,6,Call,350.00,-2.46%,2.01,2.14,2.14,848,677,1.25,32.65%,30.10%,0.264448,"13:36 ET"
RIVN,15.44,2026-10-02,8,Call,15.00,+2.34%,0.67,0.69,0.71,1597,1281,1.25,58.89%,49.83%,0.660575,"13:32 ET"
NBIS,248.66,2026-10-02,8,Call,260.00,-5.47%,7.25,7.35,7.5,1687,1345,1.25,85.26%,84.37%,0.370785,"13:43 ET"
MU,1070.18,2026-09-25,1,Call,"1,150.00",-7.01%,0.28,0.28,0.31,7559,6055,1.25,62.86%,67.68%,0.021276,"13:43 ET"
GOOGL,341.15,2026-10-02,8,Call,342.50,-0.26%,5.55,5.73,5.9,531,428,1.24,32.65%,30.99%,0.481458,"13:35 ET"
UPS,92.28,2029-01-19,848,Call,115.00,-24.55%,8.75,8.84,9,549,442,1.24,30.02%,33.05%,0.357065,"13:20 ET"
SNOW,334.65,2027-01-15,113,Call,550.00,-63.94%,3.1,3.3,3.75,633,512,1.24,47.23%,56.11%,0.081277,"10:14 ET"
JPM,336.95,2026-09-25,1,Call,337.50,-0.18%,1.64,1.75,1.86,642,519,1.24,27.17%,29.38%,0.451568,"13:43 ET"
ORCL,138.67,2026-10-02,8,Put,136.00,-1.84%,2.74,2.74,2.8,835,672,1.24,49.68%,48.27%,-0.384102,"13:43 ET"
GDDY,100.79,2026-10-16,22,Call,105.00,-3.42%,3.7,4,4.2,990,800,1.24,57.84%,57.48%,0.415494,"13:13 ET"
META,769.89,2026-09-30,6,Put,720.00,-6.70%,2.95,2.95,3.1,1032,834,1.24,45.28%,47.14%,-0.127101,"13:37 ET"
DAL,82.54,2026-09-25,1,Call,83.00,-0.59%,0.46,0.73,0.82,1077,866,1.24,45.86%,50.86%,0.410533,"13:21 ET"
CRWD,262.69,2026-09-25,1,Put,255.00,-2.60%,0.77,0.83,0.87,1094,883,1.24,54.51%,62.09%,-0.175569,"13:43 ET"
CRWV,90.42,2026-10-02,8,Call,89.00,+1.77%,4.3,4.65,4.5,1124,906,1.24,76.39%,73.65%,0.561847,"13:39 ET"
RKLB,74.78,2026-09-25,1,Call,78.00,-3.83%,0.34,0.37,0.37,1133,913,1.24,73.71%,94.16%,0.18184,"13:39 ET"
ORCL,138.67,2026-10-16,22,Call,157.50,-13.68%,1.39,1.48,1.47,1179,952,1.24,49.68%,50.31%,0.166211,"13:20 ET"
ORCL,138.67,2026-10-09,15,Call,160.00,-15.48%,0.64,0.67,0.7,2192,1773,1.24,49.68%,52.92%,0.099556,"13:43 ET"
BABA,111.24,2026-09-25,1,Call,111.00,+0.29%,1.23,1.3,1.35,3126,2516,1.24,40.36%,50.94%,0.533613,"13:39 ET"
CRWV,90.42,2026-10-09,15,Call,99.00,-9.27%,2.24,2.42,2.35,6639,5374,1.24,76.39%,74.52%,0.290648,"13:41 ET"
"Downloaded from Barchart.com as of 09-24-2026 01:24pm CDT"
