Symbol,Price~,"Exp Date",DTE,Type,Strike,Moneyness,Bid,Latest,Ask,Volume,"Open Int",Vol/OI,"Imp Vol",IV,Delta,Time
NVDA,212.41,2026-09-14,0,Call,212.50,-0.02%,0.29,0.3,0.3,293115,139,2108.74,33.14%,9.14%,0.408079,"14:04 ET"
MU,930.14,2026-09-14,0,Call,920.00,+0.65%,9.15,9.4,9.35,38003,115,330.46,59.48%,0.00%,0,"14:04 ET"
MU,930.14,2026-09-14,0,Call,935.00,-0.97%,0.91,0.95,0.95,28905,181,159.7,59.48%,14.47%,0.22976,"14:04 ET"
MU,930.14,2026-09-14,0,Call,940.00,-1.51%,0.38,0.39,0.4,24264,162,149.78,59.48%,16.55%,0.102793,"14:04 ET"
TSLA,362.29,2026-09-14,0,Call,362.50,+0.10%,0.61,0.62,0.62,177292,1253,141.49,40.25%,12.17%,0.385077,"14:04 ET"
AMD,496.11,2026-09-14,0,Call,490.00,+0.83%,6.95,7.25,7.6,17033,159,107.13,50.60%,18.19%,0.937869,"14:02 ET"
NVDA,212.41,2026-09-16,2,Call,212.50,-0.02%,2.3,2.3,2.33,28722,284,101.13,33.14%,38.63%,0.491356,"14:04 ET"
META,665.24,2026-09-14,0,Call,662.50,+0.33%,4.85,5,5,24642,283,87.07,38.02%,12.77%,0.851467,"14:04 ET"
TSLA,362.29,2026-09-14,0,Call,357.50,+1.48%,4.4,4.45,4.6,23847,281,84.86,40.25%,18.56%,0.894606,"14:04 ET"
NVDA,212.41,2026-09-14,0,Call,210.00,+1.16%,2.29,2.34,2.35,90432,1099,82.29,33.14%,14.60%,0.921691,"14:04 ET"
META,665.24,2026-09-14,0,Put,657.50,-1.08%,0.11,0.11,0.12,14062,187,75.2,38.02%,16.73%,-0.047649,"14:04 ET"
MSFT,509.14,2026-09-14,0,Call,512.50,-0.62%,0.11,0.12,0.13,18358,245,74.93,24.82%,9.32%,0.102402,"14:04 ET"
TSLA,362.29,2026-09-14,0,Call,360.00,+0.79%,2.13,2.15,2.21,114099,1601,71.27,40.25%,13.45%,0.766255,"14:04 ET"
MSFT,509.14,2026-09-14,0,Call,510.00,-0.13%,0.66,0.69,0.7,88867,1247,71.26,24.82%,9.17%,0.396169,"14:04 ET"
META,665.24,2026-09-14,0,Call,667.50,-0.42%,1.8,1.83,1.87,19358,275,70.39,38.02%,14.72%,0.469088,"14:04 ET"
MSFT,509.14,2026-09-14,0,Call,502.50,+1.35%,6.35,6.9,7.45,52203,804,64.93,24.82%,14.04%,0.968619,"14:04 ET"
MSFT,509.14,2026-09-14,0,Call,507.50,+0.37%,2.19,2.16,2.3,40511,645,62.81,24.82%,10.17%,0.755885,"14:03 ET"
META,665.24,2026-09-14,0,Call,665.00,-0.04%,3.15,3.17,3.25,47736,794,60.12,38.02%,14.39%,0.663655,"14:04 ET"
MSFT,509.14,2026-09-14,0,Call,505.00,+0.86%,4.4,4.55,4.65,69501,1162,59.81,24.82%,13.10%,0.897112,"14:04 ET"
TSLA,362.29,2026-09-14,0,Put,362.50,-0.10%,1.19,1.21,1.22,90994,1925,47.27,40.25%,10.92%,-0.630141,"14:04 ET"
MU,930.14,2026-09-14,0,Call,950.00,-2.59%,0.14,0.15,0.16,20282,432,46.95,59.48%,22.72%,0.0347,"14:04 ET"
TSLA,362.29,2026-09-14,0,Call,365.00,-0.59%,0.12,0.12,0.13,205844,4520,45.54,40.25%,13.35%,0.104507,"14:04 ET"
NVDA,212.41,2026-09-16,2,Call,210.00,+1.16%,3.75,3.75,3.8,12221,273,44.77,33.14%,39.60%,0.649266,"14:04 ET"
VRT,238.32,2028-01-21,494,Call,380.00,-59.74%,34.6,35.34,36.9,8618,205,42.04,56.28%,61.93%,0.414357,"13:14 ET"
META,665.24,2026-09-16,2,Call,680.00,-2.30%,3.85,3.95,3.95,7338,186,39.45,38.02%,44.69%,0.287582,"14:04 ET"
CRWV,84.66,2026-10-09,25,Call,101.00,-19.39%,2.12,1.92,2.2,5051,131,38.56,75.37%,79.21%,0.232491,"12:46 ET"
AVGO,346.24,2026-09-14,0,Call,345.00,+0.49%,1.5,1.62,1.75,8608,224,38.43,35.93%,9.46%,0.801873,"14:04 ET"
GOOGL,349.26,2026-09-14,0,Call,350.00,-0.29%,0.29,0.3,0.32,107604,2867,37.53,29.78%,9.42%,0.286593,"14:04 ET"
AVGO,346.24,2026-09-14,0,Put,347.50,+0.23%,1.28,1.46,1.49,5630,151,37.28,35.93%,10.15%,-0.720657,"14:01 ET"
META,665.24,2026-09-14,0,Put,660.00,-0.71%,0.28,0.28,0.29,24715,663,37.28,38.02%,16.40%,-0.104543,"14:04 ET"
AMD,496.11,2026-09-14,0,Put,492.50,-0.32%,0.35,0.34,0.4,7342,204,35.99,50.60%,17.87%,-0.154964,"14:03 ET"
MU,930.14,2026-09-14,0,Call,955.00,-3.13%,0.1,0.14,0.11,4596,129,35.63,59.48%,25.66%,0.022776,"14:02 ET"
META,665.24,2026-09-16,2,Put,660.00,-0.71%,5.7,5.7,5.85,5446,153,35.59,38.02%,45.38%,-0.368177,"14:04 ET"
META,665.24,2026-09-14,0,Call,670.00,-0.80%,0.89,0.86,0.92,27453,779,35.24,38.02%,14.72%,0.285567,"14:04 ET"
MU,930.14,2026-09-14,0,Put,920.00,-0.65%,0.52,0.54,0.54,24373,698,34.92,59.48%,17.72%,-0.12437,"14:04 ET"
TSLA,362.29,2026-09-16,2,Put,357.50,-1.48%,2.85,2.85,2.88,7587,225,33.72,40.25%,44.50%,-0.350613,"14:04 ET"
SHAZ,53.78,2026-11-20,67,Call,90.00,-66.98%,1.95,2.26,2.95,5168,159,32.5,105.95%,112.39%,0.207395,"13:15 ET"
RUM,8.31,2026-09-18,4,Call,8.50,-2.16%,0.3,0.34,0.35,3710,116,31.98,89.86%,116.01%,0.455418,"14:01 ET"
TSLA,362.29,2026-09-16,2,Put,362.50,-0.10%,5.05,5.06,5.1,11837,380,31.15,40.25%,44.36%,-0.515395,"14:04 ET"
GRAB,3.04,2026-10-30,46,Call,3.00,+1.64%,0.27,0.29,0.29,8173,263,31.08,52.84%,61.88%,0.564102,"13:49 ET"
TSLA,362.29,2026-09-16,2,Call,362.50,+0.10%,4.5,4.55,4.6,11942,385,31.02,40.25%,45.48%,0.485781,"14:04 ET"
BBD,3.52,2026-10-16,32,Call,3.50,+0.85%,0.15,0.18,0.2,10426,345,30.22,42.48%,39.56%,0.543646,"13:18 ET"
HD,310.74,2028-01-21,494,Call,370.00,-19.15%,21.4,21.42,23.05,3500,118,29.66,25.35%,28.93%,0.365302,"13:00 ET"
META,665.24,2026-09-14,0,Call,657.50,+1.08%,8.9,9.35,10,11315,382,29.62,38.02%,10.88%,0.994801,"14:04 ET"
EL,98.86,2027-03-19,186,Call,110.00,-11.22%,7.5,7.8,8.1,7002,239,29.3,35.30%,41.24%,0.428071,"12:47 ET"
ARCC,19.78,2026-09-18,4,Call,18.00,+9.04%,1.4,1.79,1.85,4800,165,29.09,19.17%,60.74%,0.934645,"14:02 ET"
AMD,496.11,2026-09-14,0,Call,500.00,-1.20%,0.7,0.75,0.75,23105,809,28.56,50.60%,17.45%,0.265567,"14:04 ET"
MSFT,509.14,2026-09-16,2,Call,510.00,-0.13%,3.9,4.01,4.15,10254,365,28.09,24.82%,28.71%,0.481992,"14:02 ET"
MU,930.14,2026-09-14,0,Call,900.00,+2.81%,28.65,28.88,28.9,4044,149,27.14,59.48%,0.00%,0,"14:04 ET"
TSLA,362.29,2026-09-16,2,Put,352.50,-2.86%,1.46,1.48,1.49,5197,192,27.07,40.25%,45.13%,-0.211684,"14:04 ET"
U,43.39,2026-10-16,32,Put,40.00,-8.09%,1.3,1.32,1.4,8227,312,26.37,56.19%,55.64%,-0.280117,"13:12 ET"
NVDA,212.41,2026-09-16,2,Call,215.00,-1.20%,1.28,1.29,1.3,28780,1097,26.24,33.14%,38.19%,0.331414,"14:04 ET"
FPS,29.42,2026-11-20,67,Call,42.50,-44.95%,1.15,1.3,1.45,3134,121,25.9,99.60%,91.39%,0.232087,"13:45 ET"
NVDA,212.41,2026-09-21,7,Call,215.00,-1.20%,2.58,2.61,2.64,4449,174,25.57,33.14%,32.03%,0.399339,"14:04 ET"
AAPL,333.88,2026-09-14,0,Call,335.00,-0.10%,0.16,0.16,0.17,210745,8278,25.46,24.36%,8.49%,0.2009,"14:04 ET"
META,665.24,2026-09-16,2,Call,670.00,-0.80%,7.2,7.37,7.45,4836,195,24.8,38.02%,43.96%,0.454245,"14:04 ET"
AMZN,255.3,2026-09-18,4,Call,247.50,+3.15%,8.8,8.93,9.05,4799,198,24.24,30.49%,36.14%,0.800203,"14:04 ET"
RWT,3.8,2027-04-16,214,Call,4.00,-6.10%,0.2,0.22,0.25,2694,115,23.43,54.74%,35.50%,0.379198,"14:02 ET"
SE,109.69,2026-11-20,67,Call,110.00,-0.03%,10.35,10.7,10.75,4170,181,23.04,45.07%,56.71%,0.547991,"13:52 ET"
TSLA,362.29,2026-09-14,0,Put,360.00,-0.79%,0.24,0.24,0.25,144053,6346,22.7,40.25%,11.60%,-0.200601,"14:04 ET"
AVGO,346.24,2026-09-14,0,Put,345.00,-0.49%,0.12,0.18,0.18,9345,412,22.68,35.93%,8.66%,-0.177716,"14:04 ET"
AMD,496.11,2026-09-16,2,Call,485.00,+1.84%,15.65,15,15.95,2285,101,22.62,50.60%,57.37%,0.727819,"13:58 ET"
INTC,98.53,2026-09-14,0,Put,98.00,-0.34%,0.12,0.13,0.13,15335,693,22.13,60.56%,18.62%,-0.225514,"14:04 ET"
FPS,29.42,2026-10-16,32,Call,30.00,-2.32%,3.1,3.2,3.3,6699,304,22.04,99.60%,99.42%,0.533628,"14:03 ET"
CRWV,84.66,2026-10-09,25,Call,98.00,-15.84%,2.64,2.68,2.72,5136,234,21.95,75.37%,78.41%,0.27651,"13:42 ET"
CRWD,237.61,2026-09-18,4,Put,222.50,-6.66%,1.56,1.56,1.71,4377,213,20.55,56.45%,72.39%,-0.164606,"13:55 ET"
EFOR,33.35,2026-09-18,4,Call,35.00,-4.23%,0,0.34,0.45,2580,128,20.16,59.18%,57.87%,0.204723,"14:04 ET"
AGNC,10.09,2026-10-30,46,Put,9.50,-5.66%,0.17,0.17,0.18,2559,128,19.99,22.89%,28.32%,-0.268306,"14:01 ET"
META,665.24,2026-09-14,0,Call,672.50,-1.17%,0.43,0.43,0.45,8288,422,19.64,38.02%,15.43%,0.15752,"14:04 ET"
MU,930.14,2026-09-14,0,Put,925.00,-0.11%,1.48,1.5,1.5,13592,693,19.61,59.48%,17.44%,-0.283237,"14:04 ET"
INTC,98.53,2026-09-16,2,Put,97.00,-1.35%,1.26,1.31,1.31,2195,114,19.25,60.56%,70.27%,-0.357971,"14:01 ET"
TSLA,362.29,2026-09-16,2,Call,360.00,+0.79%,5.8,5.9,5.9,15852,837,18.94,40.25%,45.64%,0.567281,"14:04 ET"
FWDI,7.04,2026-10-16,32,Call,10.00,-44.72%,0.2,0.2,0.3,2652,144,18.42,110.27%,119.23%,0.208803,"13:52 ET"
AMD,496.11,2026-09-14,0,Call,502.50,-1.70%,0.28,0.28,0.34,5622,308,18.25,50.60%,18.30%,0.131147,"14:04 ET"
AAPL,333.88,2026-09-14,0,Call,332.50,+0.64%,1.37,1.38,1.41,57026,3131,18.21,24.36%,7.86%,0.82324,"14:04 ET"
DC,5.84,2027-04-16,214,Call,10.00,-71.82%,0.35,0.39,0.4,2332,131,17.8,70.05%,71.44%,0.251876,"13:13 ET"
MU,930.14,2026-09-14,0,Put,915.00,-1.19%,0.16,0.17,0.18,20945,1182,17.72,59.48%,18.38%,-0.046211,"14:04 ET"
INTC,98.53,2026-09-16,2,Put,96.00,-2.37%,0.93,0.98,0.97,2383,137,17.39,60.56%,70.50%,-0.28721,"14:03 ET"
CVX,213.42,2026-11-20,67,Call,240.00,-12.33%,2.42,2.5,2.55,10078,586,17.2,27.10%,28.33%,0.185083,"14:01 ET"
AMZN,255.3,2026-09-14,0,Call,252.50,+1.19%,2.67,2.81,2.91,28251,1654,17.08,30.49%,12.71%,0.950097,"14:04 ET"
TSLA,362.29,2026-09-16,2,Put,367.50,+1.28%,8.1,8.2,8.2,2933,172,17.05,40.25%,44.64%,-0.674944,"14:04 ET"
AMZN,255.3,2026-09-14,0,Call,255.00,+0.22%,0.59,0.59,0.61,80903,4767,16.97,30.49%,8.72%,0.588147,"14:04 ET"
GOOGL,349.26,2026-09-16,2,Call,350.00,-0.29%,2.92,2.98,3.05,21139,1258,16.8,29.78%,33.26%,0.461595,"14:04 ET"
PANW,376.64,2027-01-15,123,Put,345.00,-8.45%,28.85,29.55,29.35,1965,117,16.79,53.07%,54.50%,-0.31602,"12:48 ET"
NVDA,212.41,2026-09-21,7,Call,210.00,+1.16%,5.1,5.1,5.2,2484,148,16.78,33.14%,33.01%,0.605892,"14:04 ET"
MSFT,509.14,2026-09-16,2,Call,505.00,+0.86%,6.65,6.9,7.05,8100,484,16.74,24.82%,28.71%,0.662193,"14:04 ET"
DVN,50.01,2026-09-18,4,Put,49.00,-2.29%,0.47,0.53,0.54,1917,115,16.67,34.73%,46.48%,-0.313069,"14:00 ET"
META,665.24,2026-09-14,0,Call,660.00,+0.71%,6.7,7.2,7.2,30066,1814,16.57,38.02%,13.17%,0.941007,"14:04 ET"
NVDA,212.41,2026-09-16,2,Call,217.50,-2.37%,0.64,0.65,0.65,13970,845,16.53,33.14%,37.91%,0.197281,"14:04 ET"
TSLA,362.29,2026-09-16,2,Call,367.50,-1.28%,2.62,2.6,2.65,7213,444,16.25,40.25%,46.00%,0.330957,"14:04 ET"
UEC,10.09,2026-09-25,11,Put,9.50,-6.50%,0.22,0.25,0.29,2272,140,16.23,71.76%,73.10%,-0.295275,"14:03 ET"
SPCX,151.87,2026-09-25,11,Put,134.00,-11.79%,0.72,0.73,0.74,6010,373,16.11,50.79%,58.25%,-0.096836,"14:02 ET"
NTSK,16.97,2026-12-18,95,Call,22.50,-32.82%,1.3,1.3,1.4,6710,418,16.05,76.62%,85.40%,0.341367,"13:39 ET"
XOM,165.38,2026-12-18,95,Call,190.00,-14.69%,2.7,2.72,2.82,10978,694,15.82,30.08%,29.65%,0.208776,"14:00 ET"
HD,310.74,2028-01-21,494,Put,370.00,+19.15%,70.25,71.08,72.55,3500,225,15.56,25.35%,25.16%,-0.669527,"13:00 ET"
UNH,383.96,2027-09-17,368,Put,300.00,-21.85%,14.3,14.65,15.2,2386,154,15.49,34.17%,34.48%,-0.174178,"13:41 ET"
TSLA,362.29,2026-09-16,2,Call,372.50,-2.65%,1.41,1.4,1.44,5802,376,15.43,40.25%,46.70%,0.205795,"14:04 ET"
BBY,94.11,2026-10-16,32,Put,85.00,-9.07%,0.9,0.99,1.05,4503,292,15.42,35.00%,37.28%,-0.167518,"13:55 ET"
AAPL,333.88,2026-09-14,0,Put,332.50,-0.64%,0.15,0.15,0.16,88523,5854,15.12,24.36%,8.39%,-0.19271,"14:04 ET"
GILD,145.48,2026-11-20,67,Call,165.00,-13.11%,1.59,1.76,1.87,8444,562,15.02,27.92%,29.81%,0.181447,"13:22 ET"
CRWD,237.61,2026-09-18,4,Call,240.00,-0.68%,6.2,6.2,6.65,23405,1559,15.01,56.45%,69.68%,0.489308,"14:04 ET"
RGTI,15.38,2026-09-25,11,Call,15.50,-0.13%,0.73,0.75,0.77,2114,143,14.78,73.45%,73.53%,0.510674,"14:02 ET"
CRWV,84.66,2026-10-09,25,Call,100.00,-18.20%,2.29,2.25,2.36,5348,364,14.69,75.37%,78.99%,0.246651,"13:48 ET"
META,665.24,2026-09-16,2,Call,700.00,-5.31%,0.97,0.96,1,10328,708,14.59,38.02%,47.98%,0.090798,"14:04 ET"
CRNT,2.06,2027-03-19,186,Call,2.00,+2.91%,0.35,0.4,0.45,1504,104,14.46,81.07%,61.79%,0.628602,"14:00 ET"
GME,21.64,2026-09-18,4,Put,21.50,-0.37%,0.33,0.36,0.37,1778,124,14.34,43.81%,45.62%,-0.440952,"14:01 ET"
AAPL,333.88,2026-09-21,7,Call,350.00,-4.59%,0.38,0.46,0.42,3586,250,14.34,24.36%,23.93%,0.080678,"13:42 ET"
AAPL,333.88,2026-09-16,2,Put,332.50,-0.64%,2.09,2.14,2.14,9621,674,14.27,24.36%,27.54%,-0.421212,"14:04 ET"
ORCL,144.16,2026-09-18,4,Call,146.00,-1.47%,2.86,2.8,2.94,1639,115,14.25,49.44%,60.79%,0.439883,"14:01 ET"
MSFT,509.14,2026-11-20,67,Call,605.00,-18.78%,3.1,3.2,3.25,17051,1199,14.22,24.82%,29.80%,0.107087,"13:53 ET"
MSFT,509.14,2026-09-16,2,Call,502.50,+1.35%,8.5,8.4,8.95,2817,199,14.16,24.82%,29.82%,0.735191,"13:59 ET"
AVGO,346.24,2026-09-16,2,Call,350.00,-0.95%,2.55,2.56,2.65,1782,128,13.92,35.93%,40.16%,0.371935,"14:00 ET"
NVDA,212.41,2026-09-16,2,Put,207.50,-2.33%,0.77,0.77,0.79,8495,618,13.75,33.14%,39.81%,-0.215566,"14:04 ET"
TSLA,362.29,2026-09-16,2,Call,350.00,+3.55%,12.95,13.4,13.1,3185,238,13.38,40.25%,47.75%,0.831601,"13:56 ET"
NVDA,212.41,2026-09-14,0,Put,212.50,+0.02%,0.47,0.48,0.49,58926,4408,13.37,33.14%,7.88%,-0.609092,"14:04 ET"
CRWV,84.66,2026-10-09,25,Call,99.00,-17.02%,2.45,2.34,2.54,5134,385,13.34,75.37%,78.69%,0.261161,"11:50 ET"
SNDK,1578.52,2026-09-18,4,Call,"1,560.00",+0.75%,57.2,56.73,57.9,1544,116,13.31,69.45%,74.54%,0.569421,"14:03 ET"
BAC,59.35,2026-09-18,4,Call,61.00,-1.72%,0.2,0.21,0.22,6053,462,13.1,26.74%,30.03%,0.203488,"14:04 ET"
HIMS,29.34,2026-09-18,4,Call,29.50,-0.51%,0.84,0.85,0.89,8596,656,13.1,66.91%,76.52%,0.490023,"14:02 ET"
AMKR,48.01,2026-10-09,25,Put,40.00,-16.41%,0.45,0.5,0.6,1565,121,12.93,64.51%,65.10%,-0.120751,"12:59 ET"
GOOGL,349.26,2026-09-16,2,Put,345.00,-1.14%,1.79,1.85,1.85,1668,129,12.93,29.78%,33.95%,-0.31644,"14:04 ET"
CRWD,237.61,2026-11-20,67,Put,210.00,-11.90%,9.8,10.25,10.75,1763,138,12.78,56.45%,58.12%,-0.25344,"13:59 ET"
AMZN,255.3,2026-09-16,2,Call,257.50,-0.76%,1.53,1.55,1.58,11502,900,12.78,30.49%,33.16%,0.366765,"14:03 ET"
B,42.62,2026-10-16,32,Call,46.00,-7.80%,0.98,1.04,1.04,6070,476,12.75,42.82%,44.10%,0.304339,"13:21 ET"
GOOGL,349.26,2026-09-14,0,Call,345.00,+1.14%,3.85,4,4.2,56795,4479,12.68,29.78%,10.10%,0.98666,"14:04 ET"
AMD,496.11,2026-09-16,2,Call,500.00,-1.20%,6.9,7.05,7.1,2268,181,12.53,50.60%,56.56%,0.454907,"14:03 ET"
MSFT,509.14,2026-09-16,2,Call,512.50,-0.62%,2.77,2.89,3.1,2923,234,12.49,24.82%,28.57%,0.390999,"14:04 ET"
CRWD,237.61,2026-09-18,4,Put,232.50,-2.46%,4.1,4.3,4.35,2236,180,12.42,56.45%,70.71%,-0.343526,"14:04 ET"
MU,930.14,2026-09-18,4,Put,915.00,-1.19%,16.05,16,16.25,2610,211,12.37,59.48%,59.42%,-0.384883,"14:03 ET"
AMZN,255.3,2026-09-16,2,Put,257.50,+0.76%,3.65,3.75,3.8,1373,112,12.26,30.49%,32.40%,-0.637382,"14:03 ET"
META,665.24,2026-09-14,0,Call,675.00,-1.55%,0.19,0.18,0.2,10890,891,12.22,38.02%,15.97%,0.078252,"14:04 ET"
MU,930.14,2026-09-16,2,Put,850.00,-8.21%,0.66,0.7,0.75,2131,175,12.18,59.48%,68.74%,-0.036691,"14:03 ET"
MSFT,509.14,2026-09-14,0,Call,500.00,+1.84%,9.15,9,9.65,36870,3034,12.15,24.82%,18.24%,0.974981,"13:59 ET"
HL,19.03,2026-09-25,11,Call,19.50,-2.52%,0.61,0.63,0.67,1643,136,12.08,61.93%,64.96%,0.4319,"13:46 ET"
USAR,15.93,2026-10-02,18,Call,21.00,-31.50%,0.09,0.1,0.12,1207,100,12.07,78.08%,84.23%,0.083151,"12:36 ET"
SMR,8.65,2026-09-25,11,Call,8.50,+2.63%,0.51,0.6,0.55,2177,184,11.83,75.57%,75.67%,0.580353,"13:36 ET"
TSLA,362.29,2026-09-16,2,Call,365.00,-0.59%,3.45,3.55,3.5,20515,1736,11.82,40.25%,45.53%,0.405343,"14:04 ET"
TSLA,362.29,2026-09-16,2,Put,360.00,-0.79%,3.8,3.85,3.9,16308,1387,11.76,40.25%,44.28%,-0.431463,"14:04 ET"
CRWD,237.61,2026-09-18,4,Call,260.00,-9.07%,1.31,1.35,1.4,5712,490,11.66,56.45%,74.22%,0.146651,"14:04 ET"
AVBC,22.11,2026-09-18,4,Call,22.50,-1.63%,0.15,0.19,0.2,2418,210,11.51,27.03%,35.66%,0.329271,"14:00 ET"
MSFT,509.14,2026-09-16,2,Call,520.00,-2.09%,0.88,0.94,0.97,2160,188,11.49,24.82%,28.28%,0.165084,"14:03 ET"
MSFT,509.14,2026-09-16,2,Put,495.00,-2.82%,0.55,0.55,0.6,1715,152,11.28,24.82%,30.86%,-0.102788,"14:02 ET"
BE,260.1,2026-09-25,11,Call,295.00,-13.40%,3.9,4.17,4.35,1226,109,11.25,78.91%,82.03%,0.21023,"13:50 ET"
AAPL,333.88,2026-09-16,2,Put,327.50,-2.14%,0.71,0.73,0.74,7008,624,11.23,24.36%,28.90%,-0.184237,"14:03 ET"
INTC,98.53,2026-09-16,2,Call,100.00,-1.70%,1.44,1.47,1.48,6925,623,11.12,60.56%,69.39%,0.411064,"14:04 ET"
ALK,40.59,2026-12-18,95,Call,42.50,-5.09%,3.6,3.69,3.8,2040,186,10.97,53.36%,53.87%,0.490397,"12:36 ET"
VALE,14.65,2026-09-25,11,Put,14.50,-1.02%,0.26,0.28,0.28,6181,574,10.77,35.84%,32.14%,-0.43205,"13:09 ET"
WHR,34.35,2026-10-16,32,Call,37.50,-9.30%,1,1.09,1.15,1771,165,10.73,54.97%,56.54%,0.315529,"13:30 ET"
RUM,8.31,2026-09-18,4,Put,8.50,+2.16%,0.45,0.5,0.55,1083,103,10.51,89.86%,115.55%,-0.545236,"13:32 ET"
WIX,84.23,2026-10-16,32,Put,40.00,-52.80%,0,0.25,0.3,2047,195,10.5,71.43%,122.78%,-0.01246,"13:28 ET"
META,665.24,2026-09-16,2,Call,695.00,-4.56%,1.3,1.34,1.43,1283,123,10.43,38.02%,46.69%,0.121722,"14:03 ET"
AAPL,333.88,2026-09-16,2,Call,332.50,+0.64%,3.4,3.45,3.55,11956,1151,10.39,24.36%,28.29%,0.577481,"14:04 ET"
TSLA,362.29,2026-09-21,7,Call,360.00,+0.79%,8.5,8.95,8.95,1281,125,10.25,40.25%,38.45%,0.552812,"13:54 ET"
TSLA,362.29,2026-09-14,0,Put,365.00,+0.59%,3.1,3.3,3.25,33988,3319,10.24,40.25%,13.02%,-0.9061,"14:04 ET"
AAPL,333.88,2026-09-14,0,Put,335.00,+0.10%,1.4,1.38,1.44,65205,6388,10.21,24.36%,8.68%,-0.798019,"14:04 ET"
AAPL,333.88,2026-09-16,2,Put,335.00,+0.10%,3.3,3.3,3.4,6578,650,10.12,24.36%,27.33%,-0.567842,"14:04 ET"
CRWD,237.61,2026-09-25,11,Call,250.00,-4.88%,5.5,5.75,5.85,4486,445,10.08,56.45%,60.47%,0.354283,"14:03 ET"
PLAY,8.28,2026-10-16,32,Put,7.00,-15.15%,0.35,0.35,0.4,2024,201,10.07,100.38%,96.81%,-0.232315,"14:03 ET"
GME,21.64,2026-10-09,25,Call,35.00,-62.19%,0.12,0.12,0.15,12350,1230,10.04,43.81%,107.58%,0.057407,"14:03 ET"
MSFT,509.14,2026-11-20,67,Call,535.00,-5.03%,16.9,17.05,17.3,17190,1742,9.87,24.82%,30.35%,0.392638,"13:31 ET"
INTC,98.53,2026-09-14,0,Call,95.00,+3.39%,3.6,3.75,3.75,5117,519,9.86,60.56%,42.77%,0.958724,"14:04 ET"
INTC,98.53,2026-09-16,2,Call,102.00,-3.73%,0.81,0.81,0.85,1516,156,9.72,60.56%,69.83%,0.272186,"14:00 ET"
MU,930.14,2026-10-23,39,Put,850.00,-8.21%,32.95,34.9,35.15,1312,136,9.65,59.48%,58.38%,-0.280124,"13:41 ET"
SLS,12.13,2026-09-18,4,Call,12.50,-2.54%,0.4,0.44,0.5,1266,132,9.59,195.29%,146.55%,0.385565,"14:04 ET"
META,665.24,2026-09-14,0,Call,652.50,+1.84%,13.45,13.04,14.65,5621,589,9.54,38.02%,16.01%,0.996091,"13:56 ET"
NOK,9.81,2026-10-02,18,Put,9.00,-8.26%,0.18,0.18,0.19,4823,506,9.53,58.81%,58.34%,-0.233777,"13:18 ET"
GLW,144.78,2026-10-16,32,Call,165.00,-13.98%,3.85,3.9,4,11085,1164,9.52,59.19%,61.03%,0.268418,"14:04 ET"
MU,930.14,2026-09-16,2,Put,915.00,-1.19%,9.95,10.02,10.2,1637,174,9.41,59.48%,60.40%,-0.350993,"14:03 ET"
AAPL,333.88,2026-09-14,0,Put,337.50,+0.85%,3.6,3.75,4,4591,495,9.27,24.36%,13.08%,-0.954428,"14:03 ET"
AMZN,255.3,2026-09-16,2,Call,252.50,+1.19%,4.05,4.2,4.3,2555,276,9.26,30.49%,33.98%,0.672947,"13:59 ET"
CRWD,237.61,2026-09-18,4,Call,272.50,-14.32%,0.47,0.46,0.53,960,106,9.06,56.45%,79.00%,0.060545,"14:01 ET"
VOYG,33.67,2026-11-20,67,Call,60.00,-77.20%,0.35,0.35,0.75,1004,111,9.05,81.10%,91.61%,0.102362,"10:02 ET"
MU,930.14,2026-09-16,2,Put,910.00,-1.73%,8.35,8.35,8.5,2171,240,9.05,59.48%,60.71%,-0.307512,"14:04 ET"
CRWV,84.66,2026-09-18,4,Call,84.00,+0.71%,3.2,3.23,3.4,2319,260,8.92,75.37%,82.10%,0.560029,"14:01 ET"
MU,930.14,2026-09-16,2,Put,920.00,-0.65%,11.85,11.88,12.1,1612,182,8.86,59.48%,60.20%,-0.396888,"14:03 ET"
MSFT,509.14,2026-09-16,2,Call,515.00,-1.11%,1.93,2.04,2.07,3280,371,8.84,24.82%,27.93%,0.301887,"14:04 ET"
SNDK,1578.52,2026-09-18,4,Call,"1,530.00",+2.66%,75,76.4,75.7,2157,246,8.77,69.45%,74.86%,0.6636,"14:02 ET"
AXTI,59.07,2026-10-02,18,Put,40.00,-32.25%,0.15,0.15,0.2,946,109,8.68,105.47%,100.40%,-0.031458,"13:21 ET"
IONQ,38.02,2027-06-17,276,Call,55.00,-43.75%,6.1,6.2,6.55,4090,482,8.49,71.22%,81.35%,0.450575,"11:38 ET"
AMD,496.11,2026-09-14,0,Put,495.00,+0.19%,0.85,0.9,0.9,6305,750,8.41,50.60%,16.93%,-0.310201,"14:04 ET"
SNDK,1578.52,2026-09-18,4,Put,"1,540.00",-2.03%,32.2,32.5,32.6,1668,202,8.26,69.45%,74.58%,-0.367152,"14:03 ET"
NVDA,212.41,2026-09-18,4,Call,212.50,-0.02%,3.25,3.31,3.35,15544,1907,8.15,33.14%,38.23%,0.49944,"14:04 ET"
SNDK,1578.52,2026-09-18,4,Put,"1,545.00",-1.71%,34,34.4,34.5,1281,159,8.06,69.45%,74.30%,-0.382593,"14:03 ET"
MU,930.14,2026-09-16,2,Put,890.00,-3.89%,3.8,3.85,3.95,913,114,8.01,59.48%,62.51%,-0.165994,"14:03 ET"
BRK.B,514.41,2026-10-09,25,Call,520.00,-1.19%,5.45,4.99,5.8,1273,159,8.01,13.93%,13.85%,0.421701,"13:34 ET"
AMZN,255.3,2026-09-16,2,Call,250.00,+2.17%,5.95,6.04,6.2,2010,251,8.01,30.49%,35.34%,0.791701,"14:04 ET"
OPEN,2.83,2027-02-19,158,Call,8.00,-182.69%,0.07,0.11,0.12,5774,724,7.98,74.79%,105.13%,0.127634,"11:47 ET"
AAPL,333.88,2026-09-16,2,Call,335.00,-0.10%,2.12,2.14,2.17,24817,3112,7.97,24.36%,27.42%,0.433243,"14:04 ET"
VTS,18.81,2026-10-16,32,Call,15.00,+20.38%,3.3,3.73,4.5,840,106,7.92,26.28%,60.13%,0.91546,"14:00 ET"
MS,206.15,2026-09-18,4,Put,202.50,-2.17%,1.8,1.87,2.02,2696,341,7.91,34.68%,39.90%,-0.330001,"14:01 ET"
AVGO,346.24,2026-09-16,2,Call,360.00,-3.83%,0.51,0.54,0.55,1522,193,7.89,35.93%,41.04%,0.106331,"14:00 ET"
TSLA,362.29,2026-09-14,0,Call,352.50,+2.86%,9.35,9.4,9.55,999,127,7.87,40.25%,30.99%,0.94835,"14:03 ET"
RILY,6.29,2026-09-18,4,Put,6.50,+1.72%,0.28,0.28,0.31,864,110,7.85,68.80%,51.95%,-0.750695,"14:01 ET"
META,665.24,2026-09-16,2,Call,685.00,-3.05%,2.7,2.83,2.93,1410,180,7.83,38.02%,45.51%,0.221475,"14:04 ET"
TSLA,362.29,2026-09-16,2,Put,355.00,-2.17%,2.06,2.09,2.09,12064,1547,7.8,40.25%,44.73%,-0.276252,"14:04 ET"
AMZN,255.3,2026-09-16,2,Call,247.50,+3.15%,8.05,8.18,8.45,7487,967,7.74,30.49%,37.65%,0.869611,"14:04 ET"
MU,930.14,2026-09-16,2,Put,895.00,-3.35%,4.65,4.67,4.85,824,107,7.7,59.48%,62.01%,-0.196135,"14:03 ET"
MU,930.14,2026-09-14,0,Put,930.00,+0.43%,3.6,3.71,3.75,6248,815,7.67,59.48%,18.49%,-0.508288,"14:04 ET"
TSLA,362.29,2026-09-16,2,Put,350.00,-3.55%,1.03,1.03,1.04,9944,1299,7.66,40.25%,45.74%,-0.158479,"14:04 ET"
TSLA,362.29,2026-09-21,7,Put,360.00,-0.79%,6.5,6.55,6.6,3591,471,7.62,40.25%,37.69%,-0.44756,"14:04 ET"
EMR,148.05,2027-06-17,276,Call,200.00,-34.72%,2.65,3.35,3.7,1065,140,7.61,29.03%,30.26%,0.170666,"11:32 ET"
DELL,542.5,2026-09-18,4,Call,535.00,+1.21%,19.35,20,19.95,908,120,7.57,61.01%,68.27%,0.595523,"13:44 ET"
CRWD,237.61,2026-09-18,4,Put,230.00,-3.51%,3.35,3.45,3.5,5225,693,7.54,56.45%,71.41%,-0.293092,"14:04 ET"
AAPL,333.88,2026-09-16,2,Call,342.50,-2.35%,0.33,0.34,0.34,7684,1030,7.46,24.36%,27.45%,0.104285,"14:04 ET"
PLAY,8.28,2026-09-18,4,Call,8.00,+3.03%,0.75,0.84,0.85,4524,609,7.43,100.38%,188.65%,0.611223,"14:04 ET"
JXN,137.13,2026-09-18,4,Call,115.00,+15.97%,21.1,22.18,23.3,1441,196,7.35,31.61%,103.77%,0.951153,"13:40 ET"
SHOP,133.65,2026-09-18,4,Put,126.00,-6.06%,0.64,0.67,0.8,812,111,7.32,47.71%,57.88%,-0.163676,"13:42 ET"
S,22.94,2026-09-18,4,Call,24.00,-4.76%,0.2,0.27,0.3,797,109,7.31,54.51%,64.32%,0.272396,"14:00 ET"
UNIT,9.85,2026-10-16,32,Call,11.00,-11.68%,0.15,0.2,0.4,2061,286,7.21,75.36%,57.45%,0.285763,"13:39 ET"
INTC,98.53,2026-10-02,18,Put,96.00,-2.37%,3.9,3.98,4,1528,214,7.14,60.56%,60.94%,-0.388731,"14:00 ET"
META,665.24,2026-09-14,0,Call,655.00,+1.46%,11.45,11.45,12,14070,1970,7.14,38.02%,0.00%,0,"14:04 ET"
VST,141.28,2026-09-18,4,Put,136.00,-3.83%,0.92,1.06,1.15,741,104,7.13,43.84%,51.01%,-0.229958,"13:59 ET"
AMD,496.11,2026-09-16,2,Put,485.00,-1.84%,3.55,3.59,3.6,1104,155,7.12,50.60%,57.12%,-0.271535,"14:04 ET"
CLSK,13.59,2028-01-21,494,Put,12.00,-11.05%,3.45,3.62,3.75,5001,702,7.12,82.51%,81.69%,-0.262377,"12:25 ET"
CRWD,237.61,2026-09-18,4,Call,275.00,-15.37%,0.36,0.36,0.46,1400,197,7.11,56.45%,79.95%,0.050521,"14:02 ET"
SAN,14.72,2026-10-16,32,Call,14.00,+4.89%,0.8,0.9,1.1,1408,198,7.11,28.57%,30.57%,0.722791,"10:24 ET"
MRNA,146.34,2026-09-18,4,Put,132.00,-9.89%,0.99,1.1,1.09,739,105,7.04,72.27%,93.16%,-0.137688,"14:01 ET"
CRWD,237.61,2026-09-25,11,Put,225.00,-5.61%,4.2,4.62,4.45,751,107,7.02,56.45%,60.96%,-0.266158,"14:01 ET"
TSLA,362.29,2026-09-16,2,Put,370.00,+1.96%,9.9,10.08,10,5055,720,7.02,40.25%,44.59%,-0.745449,"14:03 ET"
MU,930.14,2026-09-16,2,Put,845.00,-8.75%,0.57,0.54,0.64,1487,214,6.95,59.48%,70.47%,-0.031398,"13:58 ET"
MU,930.14,2026-09-16,2,Call,970.00,-4.75%,3.75,3.8,3.85,1362,199,6.84,59.48%,59.70%,0.175201,"14:04 ET"
CRWV,84.66,2027-09-17,368,Put,42.50,-49.76%,4.8,4.95,5.2,1036,152,6.82,75.37%,83.50%,-0.09966,"12:32 ET"
BAC,59.35,2026-09-25,11,Put,61.00,+1.72%,1.92,1.99,2.02,2621,387,6.77,26.74%,23.58%,-0.734335,"14:03 ET"
HL,19.03,2026-09-25,11,Call,20.00,-5.15%,0.43,0.46,0.49,1742,258,6.75,61.93%,64.37%,0.344305,"14:02 ET"
TSLA,362.29,2026-09-16,2,Call,377.50,-4.03%,0.74,0.74,0.75,4538,674,6.73,40.25%,47.90%,0.119837,"14:04 ET"
MU,930.14,2026-09-16,2,Call,"1,005.00",-8.53%,0.97,1.12,1.03,1055,157,6.72,59.48%,64.42%,0.05421,"14:00 ET"
IONQ,38.02,2026-10-09,25,Put,32.00,-16.36%,0.53,0.56,0.64,1539,230,6.69,71.22%,70.51%,-0.148182,"13:36 ET"
TSLA,362.29,2026-09-16,2,Call,380.00,-4.72%,0.53,0.51,0.55,8655,1293,6.69,40.25%,48.73%,0.090446,"14:03 ET"
SNDK,1578.52,2026-09-18,4,Call,"1,520.00",+3.30%,81.6,81.22,82.4,1481,222,6.67,69.45%,75.12%,0.693047,"14:03 ET"
AMD,496.11,2026-09-16,2,Put,470.00,-4.87%,1.08,1.09,1.13,1322,200,6.61,50.60%,60.86%,-0.101861,"14:03 ET"
AKAM,107.24,2026-10-16,32,Put,90.00,-15.65%,0.9,1,1.15,1096,166,6.6,53.54%,54.58%,-0.113028,"13:26 ET"
NVDA,212.41,2026-10-30,46,Put,190.00,-10.57%,2.62,2.66,2.72,849,130,6.53,33.14%,36.42%,-0.171246,"14:02 ET"
META,665.24,2026-09-18,4,Call,672.50,-1.17%,9.3,9.44,9.75,1376,211,6.52,38.02%,42.77%,0.439534,"14:02 ET"
PANW,376.64,2027-03-19,186,Call,500.00,-32.68%,26.05,26.93,28.25,2768,425,6.51,53.07%,56.70%,0.330363,"14:01 ET"
NVDA,212.41,2026-11-20,67,Call,275.00,-29.44%,1.1,1.11,1.13,71573,10999,6.51,33.14%,38.83%,0.075119,"14:00 ET"
D,64.8,2026-12-18,95,Put,67.50,+4.13%,3.9,4,4.6,1606,248,6.48,20.75%,19.54%,-0.643299,"10:45 ET"
NOK,9.81,2026-10-09,25,Call,11.50,-17.23%,0.16,0.17,0.17,4159,645,6.45,58.81%,64.34%,0.194892,"14:03 ET"
DOCN,120.69,2026-09-18,4,Call,135.00,-13.07%,0.75,1.05,1.3,656,102,6.43,80.52%,97.06%,0.163977,"10:29 ET"
SES,0.5864,2028-01-21,494,Call,3.5000,-496.46%,0.05,0.1,0.15,687,107,6.42,130.94%,125.72%,0.326727,"14:04 ET"
AMD,496.11,2026-09-14,0,Call,480.00,+2.85%,16.75,15.05,17.8,1128,176,6.41,50.60%,37.12%,0.966347,"14:02 ET"
SHAZ,53.78,2026-10-16,32,Call,75.00,-39.15%,1.45,1.59,2,906,142,6.38,105.95%,111.34%,0.201672,"13:55 ET"
SNDK,1578.52,2026-09-18,4,Put,"1,530.00",-2.66%,28.5,28.95,28.8,2333,366,6.37,69.45%,74.67%,-0.336344,"14:03 ET"
NXPI,226.52,2026-10-16,32,Call,230.00,-1.48%,9.5,9.6,10,1332,210,6.34,43.34%,42.67%,0.474593,"14:03 ET"
AVGO,346.24,2026-09-16,2,Put,340.00,-1.94%,1.58,1.66,1.65,649,103,6.3,35.93%,39.98%,-0.257621,"13:56 ET"
COIN,191.66,2026-12-18,95,Put,120.00,-37.40%,2.45,2.75,2.92,4109,653,6.29,67.34%,73.25%,-0.072219,"13:27 ET"
INTC,98.53,2026-10-02,18,Call,96.00,+2.37%,6.8,6.65,6.95,1567,250,6.27,60.56%,61.89%,0.610929,"13:27 ET"
META,665.24,2026-09-16,2,Put,655.00,-1.46%,4,4.1,4.25,1221,195,6.26,38.02%,45.64%,-0.287685,"14:03 ET"
SHOP,133.65,2026-09-25,11,Put,115.00,-14.26%,0.27,0.31,0.34,937,150,6.25,47.71%,55.30%,-0.0542,"14:04 ET"
GRAL,76.2,2026-10-16,32,Call,90.00,-17.97%,3.8,4.2,4.5,1544,247,6.25,99.32%,96.47%,0.334118,"12:17 ET"
SMCI,37.58,2026-09-18,4,Call,37.50,+0.66%,1.22,1.25,1.26,2198,353,6.23,68.94%,77.58%,0.522724,"14:04 ET"
SO,86.86,2026-12-18,95,Call,92.50,-6.55%,1.2,1.2,1.3,2138,344,6.22,18.21%,18.33%,0.264759,"14:03 ET"
DUK,118.94,2026-09-18,4,Put,95.00,-20.09%,0,1.95,0.45,1000,161,6.21,17.99%,122.96%,-0.035362,"11:34 ET"
MSFT,509.14,2026-09-16,2,Put,500.00,-1.84%,1.2,1.19,1.25,2335,376,6.21,24.82%,29.67%,-0.195427,"14:02 ET"
MU,930.14,2026-09-18,4,Call,925.00,+0.11%,24.8,25,24.95,1786,288,6.2,59.48%,57.48%,0.54808,"14:04 ET"
ASTS,60.53,2026-10-02,18,Put,65.00,+7.07%,6.45,6.5,6.75,1002,162,6.19,72.79%,73.07%,-0.636689,"13:18 ET"
MU,930.14,2026-11-20,67,Call,"1,050.00",-13.39%,53.1,54.15,55,7396,1199,6.17,59.48%,59.98%,0.374802,"13:59 ET"
C,132.99,2026-09-18,4,Call,136.00,-1.87%,1.11,1.18,1.23,3025,492,6.15,32.94%,37.83%,0.339592,"14:04 ET"
ORCL,144.16,2026-09-18,4,Call,143.00,+0.62%,4.15,4.2,4.4,1530,250,6.12,49.44%,59.74%,0.57023,"14:01 ET"
PANW,376.64,2026-09-25,11,Call,385.00,-2.17%,11.6,12.38,13.85,1036,170,6.09,53.07%,59.93%,0.454221,"14:03 ET"
VALE,14.65,2026-09-25,11,Call,15.00,-2.39%,0.21,0.24,0.24,6020,990,6.08,35.84%,37.75%,0.358226,"13:05 ET"
MSFT,509.14,2026-10-23,39,Call,535.00,-5.03%,7.4,7.31,7.9,807,133,6.07,24.82%,25.06%,0.301043,"13:52 ET"
MU,930.14,2026-09-16,2,Call,935.00,-0.97%,13.25,13.26,13.4,1176,194,6.06,59.48%,57.22%,0.456823,"14:04 ET"
PLTR,173.23,2026-09-18,4,Call,182.50,-5.25%,1.06,1.06,1.09,15658,2583,6.06,48.28%,56.07%,0.195839,"14:04 ET"
DELL,542.5,2026-12-18,95,Call,800.00,-47.72%,16.8,16.9,17.45,652,108,6.04,61.01%,69.99%,0.188265,"13:40 ET"
COIN,191.66,2026-09-18,4,Put,182.50,-4.79%,2.95,2.96,3.1,2260,375,6.03,67.34%,83.71%,-0.278693,"14:02 ET"
PBF,72.04,2026-10-16,32,Call,75.00,-4.22%,5,5.5,5.6,763,128,5.96,75.38%,75.41%,0.480096,"13:24 ET"
MU,930.14,2026-09-16,2,Put,870.00,-6.05%,1.65,1.55,1.7,1367,230,5.94,59.48%,65.28%,-0.08054,"14:00 ET"
AMZN,255.3,2026-09-16,2,Call,255.00,+0.22%,2.6,2.64,2.7,7488,1268,5.91,30.49%,33.28%,0.522724,"14:04 ET"
TSLA,362.29,2026-09-25,11,Call,362.50,+0.10%,10.05,10.05,10.2,1027,175,5.87,40.25%,41.03%,0.509323,"14:03 ET"
EW,85.32,2026-11-20,67,Call,110.00,-28.88%,0,0.47,0.75,1000,171,5.85,25.21%,36.63%,0.067572,"09:45 ET"
SKHY,177.29,2026-10-16,32,Put,175.00,-1.03%,10.85,11.16,11.35,2799,479,5.84,60.20%,60.19%,-0.428692,"14:03 ET"
PAYX,118.13,2026-12-18,95,Call,125.00,-5.56%,4.4,4.81,5.4,839,144,5.83,33.42%,31.99%,0.392465,"13:58 ET"
PSX,255.65,2026-10-16,32,Put,220.00,-13.74%,1.55,1.55,1.95,2158,371,5.82,40.86%,43.60%,-0.104737,"14:02 ET"
TSLA,362.29,2026-09-16,2,Call,382.50,-5.41%,0.39,0.38,0.4,3179,546,5.82,40.25%,49.73%,0.06829,"14:03 ET"
MSFT,509.14,2026-09-25,11,Call,505.00,+0.86%,11.4,11.6,11.75,3709,637,5.82,24.82%,25.63%,0.592085,"14:01 ET"
BAC,59.35,2026-09-18,4,Put,59.00,-1.62%,0.57,0.58,0.6,12728,2195,5.8,26.74%,31.10%,-0.411437,"14:04 ET"
DELL,542.5,2026-09-18,4,Put,532.50,-1.67%,10.5,11.05,11.2,608,105,5.79,61.01%,69.09%,-0.380587,"13:32 ET"
INTC,98.53,2026-09-16,2,Call,106.00,-7.80%,0.23,0.22,0.26,2141,370,5.79,60.56%,73.16%,0.099129,"13:59 ET"
FLR,53.33,2026-10-16,32,Call,55.00,-3.31%,2.25,2.34,2.35,10833,1881,5.76,47.17%,46.65%,0.448819,"14:03 ET"
NVDA,212.41,2026-09-14,0,Call,205.00,+3.51%,7.25,7.3,7.35,1006,175,5.75,33.14%,34.58%,0.974184,"14:03 ET"
ZS,190.36,2026-09-18,4,Call,205.00,-7.65%,1.47,1.58,1.85,583,102,5.72,56.87%,75.86%,0.202534,"14:02 ET"
CRWD,237.61,2026-10-16,32,Call,300.00,-25.85%,2.08,2.31,2.28,2943,515,5.71,56.45%,59.02%,0.11512,"13:57 ET"
CVX,213.42,2026-10-09,25,Call,220.00,-2.97%,3.45,3.64,3.75,1035,182,5.69,27.10%,27.70%,0.356371,"13:51 ET"
INTC,98.53,2026-09-16,2,Call,98.00,+0.34%,2.36,2.39,2.42,4555,802,5.68,60.56%,69.17%,0.567071,"14:04 ET"
AAPL,333.88,2026-09-16,2,Put,330.00,-1.39%,1.25,1.27,1.28,15011,2647,5.67,24.36%,28.10%,-0.28825,"14:04 ET"
GOOGL,349.26,2026-09-16,2,Call,370.00,-6.02%,0.16,0.17,0.19,1023,182,5.62,29.78%,44.13%,0.038647,"13:42 ET"
TSLA,362.29,2026-09-16,2,Put,365.00,+0.59%,6.45,6.6,6.55,6559,1167,5.62,40.25%,44.37%,-0.598002,"14:03 ET"
MMM,161.82,2027-03-19,186,Call,210.00,-29.63%,1.28,1.36,1.72,791,141,5.61,24.24%,26.55%,0.109325,"11:45 ET"
MU,930.14,2026-09-16,2,Put,905.00,-2.27%,6.9,6.88,7.1,762,137,5.56,59.48%,61.08%,-0.266963,"14:04 ET"
NVDA,212.41,2026-10-23,39,Call,210.00,+1.16%,10.9,11.1,11.1,771,139,5.55,33.14%,34.39%,0.571772,"14:03 ET"
S,22.94,2026-09-18,4,Call,23.50,-2.58%,0.35,0.4,0.45,551,100,5.51,54.51%,64.15%,0.384444,"14:04 ET"
NVDA,212.41,2026-09-21,7,Put,207.50,-2.33%,1.82,1.79,1.89,1101,200,5.51,33.14%,32.79%,-0.297268,"13:52 ET"
SA,29.81,2026-10-16,32,Put,24.00,-19.62%,0.25,0.35,0.4,571,104,5.49,63.93%,64.86%,-0.108582,"12:47 ET"
SMCI,37.58,2026-09-25,11,Call,39.50,-4.64%,1.07,1.1,1.14,762,139,5.48,68.94%,71.87%,0.367721,"14:02 ET"
TSLA,362.29,2026-09-21,7,Call,365.00,-0.59%,6.3,6.25,6.4,1159,212,5.47,40.25%,38.57%,0.449958,"14:03 ET"
CRWD,237.61,2026-09-18,4,Call,235.00,+1.41%,8.85,8.8,9.3,8381,1532,5.47,56.45%,70.34%,0.602609,"14:02 ET"
ORCL,144.16,2026-09-18,4,Call,147.00,-2.16%,2.49,2.55,2.55,1174,215,5.46,49.44%,61.03%,0.398489,"14:04 ET"
DELL,542.5,2026-09-18,4,Call,565.00,-4.33%,6.85,6.9,7.4,3165,580,5.46,61.01%,68.16%,0.300607,"14:01 ET"
RKT,13.68,2026-10-16,32,Call,14.00,-2.71%,0.75,0.77,0.78,27022,5007,5.4,55.81%,55.98%,0.479074,"14:04 ET"
TSLA,362.29,2026-09-14,0,Call,355.00,+2.17%,6.85,6.84,7.05,6109,1138,5.37,40.25%,24.16%,0.936102,"14:04 ET"
RKLB,62.75,2026-09-18,4,Put,59.00,-6.35%,0.53,0.53,0.59,1302,243,5.36,67.93%,72.80%,-0.201938,"14:04 ET"
MRLN,3.08,2027-04-16,214,Put,2.50,-19.61%,0.55,0.6,0.8,800,150,5.33,119.05%,117.14%,-0.243797,"13:11 ET"
HPE,56.84,2026-09-18,4,Put,53.00,-6.82%,0.4,0.42,0.47,654,123,5.32,60.60%,70.94%,-0.183564,"14:03 ET"
INTC,98.53,2026-09-16,2,Call,103.00,-4.75%,0.62,0.62,0.63,1707,321,5.32,60.56%,70.82%,0.216785,"14:03 ET"
AVGO,346.24,2026-09-16,2,Call,355.00,-2.39%,1.2,1.2,1.26,950,179,5.31,35.93%,40.40%,0.21215,"14:04 ET"
AMZN,255.3,2026-09-16,2,Put,250.00,-2.17%,0.72,0.72,0.75,4452,838,5.31,30.49%,34.20%,-0.201089,"14:03 ET"
SKHY,177.29,2026-09-18,4,Call,177.50,-0.38%,4.75,4.76,4.85,2270,428,5.3,60.20%,65.03%,0.51244,"14:04 ET"
NOW,142.61,2026-09-18,4,Call,147.00,-2.66%,1.91,2.01,1.99,709,134,5.29,53.47%,60.65%,0.336127,"14:04 ET"
TSLA,362.29,2026-09-16,2,Call,370.00,-1.96%,1.95,1.95,1.96,17357,3283,5.29,40.25%,46.35%,0.263909,"14:04 ET"
AMD,496.11,2027-06-17,276,Call,820.00,-65.97%,27.35,27.52,29.1,1619,308,5.26,50.60%,57.13%,0.24241,"12:17 ET"
NVDA,212.41,2026-09-16,2,Put,210.00,-1.16%,1.41,1.43,1.43,21159,4020,5.26,33.14%,38.31%,-0.346606,"14:04 ET"
TSLA,362.29,2026-09-16,2,Call,355.00,+2.17%,9,9.3,9.1,3791,725,5.23,40.25%,46.04%,0.718618,"14:00 ET"
AMZN,255.3,2026-09-16,2,Put,260.00,+1.74%,5.4,5.56,5.65,4311,824,5.23,30.49%,32.54%,-0.774361,"14:04 ET"
TSLA,362.29,2026-09-25,11,Put,280.00,-22.84%,0.22,0.29,0.24,2769,530,5.22,40.25%,69.64%,-0.014317,"10:53 ET"
SNDK,1578.52,2026-09-18,4,Call,"1,550.00",+1.39%,62.8,61.8,63.6,3866,741,5.22,69.45%,74.71%,0.601385,"14:04 ET"
GILD,145.48,2026-12-18,95,Call,155.00,-6.26%,4.9,5.1,5.25,1969,379,5.2,27.92%,29.16%,0.369023,"14:03 ET"
INTC,98.53,2027-04-16,214,Put,95.00,-3.39%,15.35,15.72,15.85,613,118,5.19,60.56%,62.57%,-0.362958,"13:36 ET"
MU,930.14,2026-09-16,2,Put,930.00,+0.43%,16.45,16.55,16.75,1059,204,5.19,59.48%,60.21%,-0.492575,"14:03 ET"
NET,331.77,2026-10-16,32,Call,340.00,-2.77%,19.55,19.35,20.6,1194,230,5.19,57.50%,58.20%,0.491441,"13:55 ET"
KNX,68.25,2026-09-18,4,Put,65.00,-4.76%,0.2,0.25,0.35,818,158,5.18,40.31%,47.83%,-0.151332,"13:26 ET"
NVDA,212.41,2026-09-25,11,Call,232.50,-9.43%,0.35,0.35,0.36,5590,1091,5.12,33.14%,33.89%,0.066336,"13:58 ET"
CRWD,237.61,2026-09-25,11,Call,265.00,-11.17%,2.25,2.33,2.5,524,103,5.09,56.45%,61.38%,0.180472,"13:59 ET"
CRWD,237.61,2026-09-18,4,Call,265.00,-11.17%,0.84,0.87,0.94,1085,213,5.09,56.45%,75.69%,0.10216,"14:04 ET"
IBM,250.58,2026-09-25,11,Call,260.00,-3.66%,2.65,2.74,2.8,1396,274,5.09,34.05%,36.28%,0.285979,"14:03 ET"
AMZN,255.3,2026-09-16,2,Call,260.00,-1.74%,0.81,0.83,0.84,9755,1927,5.06,30.49%,32.99%,0.230277,"14:04 ET"
CRWD,237.61,2026-09-18,4,Call,250.00,-4.88%,3,3.04,3.15,14453,2865,5.04,56.45%,71.82%,0.285419,"14:03 ET"
NVDA,212.41,2026-09-16,2,Call,220.00,-3.55%,0.3,0.31,0.31,24364,4867,5.01,33.14%,38.35%,0.106729,"14:04 ET"
VKTX,31.7,2026-09-18,4,Put,28.00,-11.78%,0.28,0.32,0.38,585,117,5,129.41%,121.14%,-0.149739,"13:34 ET"
MELI,1902.16,2026-12-18,95,Put,"1,700.00",-10.82%,60,67.95,75.9,503,101,4.98,37.25%,41.49%,-0.253848,"13:38 ET"
SNDK,1578.52,2026-09-18,4,Put,"1,400.00",-10.93%,4.2,4.5,4.5,10098,2028,4.98,69.45%,79.88%,-0.071817,"14:04 ET"
IRON,69.1,2026-11-20,67,Put,45.00,-34.86%,1.55,3.15,3.2,501,101,4.96,59.51%,108.08%,-0.121431,"12:11 ET"
RDW,10.69,2026-10-16,32,Call,14.00,-30.48%,0.2,0.26,0.3,5136,1044,4.92,83.33%,88.25%,0.18453,"13:43 ET"
AAPL,333.88,2026-09-16,2,Call,337.50,-0.85%,1.21,1.23,1.24,10482,2139,4.9,24.36%,27.06%,0.293945,"14:04 ET"
TROW,105.64,2026-09-18,4,Call,95.00,+10.35%,10.4,11.14,12,845,173,4.88,24.67%,93.19%,0.86925,"14:03 ET"
BULL,8.94,2026-09-18,4,Call,9.00,-1.01%,0.23,0.25,0.26,2499,514,4.86,61.79%,73.36%,0.479735,"13:53 ET"
SAIL,19.92,2026-09-18,4,Put,20.00,-0.84%,0.65,0.72,0.85,3129,646,4.84,68.16%,92.83%,-0.470086,"14:02 ET"
IONQ,38.02,2026-09-25,11,Call,39.00,-1.93%,1.51,1.66,1.82,1251,259,4.83,71.22%,78.17%,0.458622,"13:30 ET"
NFLX,80.53,2026-09-25,11,Put,72.00,-10.84%,0.09,0.1,0.1,2674,554,4.83,32.71%,38.28%,-0.042531,"13:08 ET"
ORCL,144.16,2026-09-18,4,Put,128.00,-11.04%,0.13,0.15,0.14,640,133,4.81,49.44%,64.15%,-0.034423,"13:46 ET"
AMZN,255.3,2026-09-25,11,Put,230.00,-10.00%,0.31,0.31,0.33,6402,1330,4.81,30.49%,36.73%,-0.04647,"13:59 ET"
SHOP,133.65,2026-09-18,4,Put,128.00,-4.57%,1.06,1.04,1.16,562,117,4.8,47.71%,56.91%,-0.232489,"13:57 ET"
MRVL,223.57,2026-09-18,4,Put,187.50,-15.90%,0.21,0.25,0.28,512,107,4.79,65.66%,90.60%,-0.028993,"12:51 ET"
SA,29.81,2026-10-16,32,Call,35.00,-17.21%,0.75,0.9,0.85,785,164,4.79,63.93%,68.15%,0.246873,"13:16 ET"
META,665.24,2026-09-16,2,Put,650.00,-2.21%,2.76,2.81,2.9,1682,351,4.79,38.02%,45.73%,-0.216055,"14:04 ET"
AMD,496.11,2026-09-14,0,Put,490.00,-0.83%,0.15,0.16,0.17,9563,1995,4.79,50.60%,19.17%,-0.072339,"14:04 ET"
NOW,142.61,2026-09-18,4,Call,146.00,-1.96%,2.22,2.34,2.35,633,133,4.76,53.47%,60.69%,0.376285,"14:04 ET"
CVX,213.42,2026-09-18,4,Put,215.00,+0.63%,3.3,3.28,3.65,2432,511,4.76,27.10%,30.59%,-0.572598,"13:45 ET"
NVDA,212.41,2026-09-21,7,Call,220.00,-3.55%,1.09,1.12,1.14,4132,870,4.75,33.14%,31.50%,0.215596,"14:04 ET"
PANW,376.64,2026-10-02,18,Call,400.00,-6.15%,9.75,10.2,10.85,753,159,4.74,53.07%,55.53%,0.350626,"14:02 ET"
APP,335.42,2026-09-18,4,Put,302.50,-9.86%,0.55,0.56,0.75,648,137,4.73,54.34%,66.01%,-0.062881,"12:47 ET"
SNDK,1578.52,2026-09-18,4,Put,"1,555.00",-1.07%,38.3,39,38.7,733,155,4.73,69.45%,74.24%,-0.414584,"14:03 ET"
TSLA,362.29,2026-09-16,2,Put,347.50,-4.24%,0.72,0.74,0.74,2344,496,4.73,40.25%,46.71%,-0.117404,"14:04 ET"
FIS,38.08,2026-09-18,4,Put,38.00,-3.70%,0.7,0.7,0.85,524,111,4.72,44.11%,48.05%,-0.495203,"13:58 ET"
TSLA,362.29,2026-09-16,2,Put,335.00,-7.68%,0.19,0.2,0.2,1926,408,4.72,40.25%,56.97%,-0.032176,"14:03 ET"
MSFT,509.14,2026-09-14,0,Call,497.50,+2.33%,11.45,11.7,12.6,6135,1305,4.7,24.82%,28.28%,0.946259,"14:01 ET"
BRSL,10.64,2027-01-15,123,Call,11.00,-3.58%,0.65,0.75,0.9,820,175,4.69,40.12%,40.89%,0.46157,"11:38 ET"
MU,930.14,2026-09-21,7,Call,950.00,-2.59%,16.75,17.57,16.95,622,133,4.68,59.48%,49.10%,0.392165,"13:56 ET"
SNDK,1578.52,2026-09-18,4,Put,"1,575.00",+0.20%,47.8,47.97,48.1,697,149,4.68,69.45%,74.08%,-0.47961,"14:04 ET"
SHOP,133.65,2026-10-02,18,Call,150.00,-11.83%,1.08,1.27,1.23,747,160,4.67,47.71%,49.22%,0.158341,"13:28 ET"
MP,51.16,2026-10-16,32,Put,55.00,+7.09%,6.1,6.11,6.4,3687,789,4.67,63.19%,63.81%,-0.61914,"14:00 ET"
XYZ,79.43,2027-06-17,276,Call,85.00,-6.49%,11.7,11.9,12.45,713,153,4.66,40.08%,48.65%,0.548439,"10:19 ET"
GRAL,76.2,2026-10-16,32,Call,100.00,-31.08%,1.7,1.96,2.85,1520,326,4.66,99.32%,95.99%,0.211006,"11:01 ET"
WHR,34.35,2026-09-18,4,Call,37.50,-9.30%,0.1,0.1,0.2,1910,410,4.66,54.97%,71.11%,0.122557,"13:41 ET"
NOW,142.61,2026-09-18,4,Call,139.00,+2.93%,5.65,5.88,5.85,2462,528,4.66,53.47%,59.82%,0.678652,"13:53 ET"
CRWD,237.61,2026-12-18,95,Put,210.00,-11.90%,13.8,14.75,15,2465,529,4.66,56.45%,59.70%,-0.273801,"13:10 ET"
SNDK,1578.52,2026-09-18,4,Call,"1,720.00",-9.43%,9.8,9.9,10.1,1203,259,4.64,69.45%,78.24%,0.15343,"14:04 ET"
DELL,542.5,2026-09-18,4,Put,527.50,-2.60%,8.55,8.9,9.25,574,124,4.63,61.01%,68.92%,-0.33166,"13:56 ET"
VOYG,33.67,2026-11-20,67,Call,50.00,-47.67%,0.65,0.94,1.35,1004,217,4.63,81.10%,83.57%,0.17952,"10:01 ET"
TSLA,362.29,2026-09-23,9,Put,350.00,-3.55%,3.95,3.87,4.05,707,153,4.62,40.25%,39.24%,-0.280569,"14:01 ET"
AMZN,255.3,2026-09-16,2,Put,245.00,-4.13%,0.21,0.21,0.22,1192,258,4.62,30.49%,37.59%,-0.068023,"14:04 ET"
HPE,56.84,2026-09-25,11,Call,57.00,-0.21%,2.01,2.16,2.34,938,204,4.6,60.60%,61.02%,0.490783,"14:03 ET"
MRVL,223.57,2026-09-18,4,Put,197.50,-11.42%,0.52,0.55,0.58,509,111,4.59,65.66%,80.07%,-0.065067,"14:02 ET"
ARM,242.33,2026-09-18,4,Call,262.50,-8.39%,1.94,1.96,1.98,821,180,4.56,65.04%,81.30%,0.181872,"14:04 ET"
NOK,9.81,2026-10-02,18,Call,10.00,-1.94%,0.44,0.45,0.46,1007,221,4.56,58.81%,61.85%,0.47029,"14:01 ET"
CEG,266.2,2026-11-20,67,Call,320.00,-20.11%,5.4,5.7,5.9,1034,227,4.56,41.73%,46.45%,0.207779,"14:02 ET"
AFL,116.5,2027-06-17,276,Call,140.00,-20.46%,1.6,2.1,2.35,528,116,4.55,19.18%,20.32%,0.188598,"12:53 ET"
GILD,145.48,2026-11-20,67,Call,150.00,-2.83%,5.6,5.8,5.95,4230,929,4.55,27.92%,30.69%,0.437652,"13:57 ET"
TSLA,362.29,2026-09-21,7,Call,367.50,-1.28%,5.3,5.25,5.4,734,162,4.53,40.25%,38.62%,0.400054,"14:03 ET"
MARA,11.91,2026-10-09,25,Call,11.50,+2.62%,1.25,1.31,1.29,596,132,4.52,88.11%,89.85%,0.596029,"13:56 ET"
ZS,190.36,2026-09-25,11,Call,190.00,+0.23%,8.35,8.69,8.85,894,198,4.52,56.87%,59.71%,0.549098,"13:55 ET"
XYZ,79.43,2027-03-19,186,Call,82.50,-3.36%,9.9,10,10.55,722,160,4.51,40.08%,48.14%,0.547571,"10:26 ET"
IREN,44.3,2027-06-17,276,Put,50.00,+14.08%,16.25,16.25,16.7,1236,275,4.49,82.30%,89.40%,-0.401375,"13:37 ET"
HPE,56.84,2026-09-18,4,Put,53.50,-5.94%,0.51,0.52,0.57,515,115,4.48,60.60%,70.59%,-0.218006,"14:03 ET"
CRWD,237.61,2026-09-18,4,Call,257.50,-8.03%,1.64,1.51,1.75,892,199,4.48,56.45%,73.94%,0.176104,"14:01 ET"
CRDO,153.95,2026-09-18,4,Call,162.50,-5.99%,1.75,1.83,1.95,541,121,4.47,67.44%,76.92%,0.258127,"14:04 ET"
TSLA,362.29,2026-09-25,11,Call,365.00,-0.59%,8.9,8.87,9,5630,1263,4.46,40.25%,40.94%,0.470724,"14:03 ET"
NVDA,212.41,2026-09-21,7,Put,205.00,-3.51%,1.24,1.26,1.29,562,127,4.43,33.14%,33.72%,-0.218081,"14:03 ET"
BAC,59.35,2026-09-25,11,Call,61.00,-1.72%,0.39,0.41,0.43,849,192,4.42,26.74%,24.21%,0.273142,"14:02 ET"
NVDA,212.41,2026-09-16,2,Call,207.50,+2.33%,5.6,5.65,5.7,1725,390,4.42,33.14%,41.74%,0.774214,"14:04 ET"
TSLA,362.29,2026-09-14,0,Put,367.50,+1.28%,5.5,5.77,5.75,4349,986,4.41,40.25%,18.66%,-0.948547,"14:03 ET"
MDB,383.06,2026-10-02,18,Put,375.00,-2.51%,13.9,17.33,15.25,502,114,4.4,54.78%,57.68%,-0.3899,"11:40 ET"
GOOGL,349.26,2026-09-16,2,Put,340.00,-2.58%,0.73,0.72,0.75,1673,380,4.4,29.78%,35.29%,-0.153912,"14:03 ET"
META,665.24,2026-09-16,2,Call,660.00,+0.71%,12.2,12.52,12.8,3270,743,4.4,38.02%,43.14%,0.63804,"14:03 ET"
NVDA,212.41,2026-09-23,9,Call,220.00,-3.55%,1.57,1.58,1.61,1129,257,4.39,33.14%,32.34%,0.252674,"14:03 ET"
BE,260.1,2026-09-18,4,Call,262.50,-0.90%,8.25,8.4,8.95,1251,285,4.39,78.91%,89.03%,0.480813,"14:02 ET"
CNC,69.14,2026-09-18,4,Call,69.00,+0.29%,1.34,1.3,1.45,1721,392,4.39,41.15%,45.60%,0.528556,"13:21 ET"
AMKR,48.01,2026-10-16,32,Call,60.00,-25.39%,0.55,0.65,0.75,1598,365,4.38,64.51%,65.01%,0.147899,"13:36 ET"
AVGO,346.24,2026-09-16,2,Put,345.00,-0.49%,3.25,3.37,3.5,1045,239,4.37,35.93%,39.80%,-0.437348,"14:01 ET"
MU,930.14,2026-09-16,2,Put,925.00,-0.11%,14.1,14.05,14.3,1245,285,4.37,59.48%,60.32%,-0.444531,"14:04 ET"
AMD,496.11,2026-09-16,2,Put,475.00,-3.86%,1.61,1.61,1.68,855,196,4.36,50.60%,59.30%,-0.144083,"14:02 ET"
AMD,496.11,2026-09-16,2,Put,490.00,-0.83%,5.05,5.2,5.2,1229,282,4.36,50.60%,56.44%,-0.355923,"14:04 ET"
AMD,496.11,2028-01-21,494,Call,"1,030.00",-108.47%,37.35,38.17,39.35,1000,230,4.35,50.60%,58.25%,0.256182,"09:30 ET"
PANW,376.64,2026-09-18,4,Call,395.00,-4.82%,3.8,4.03,4.5,787,182,4.32,53.07%,65.12%,0.271845,"14:01 ET"
MU,930.14,2026-10-02,18,Call,"1,260.00",-36.06%,2.15,2.27,2.4,1098,254,4.32,59.48%,73.90%,0.039233,"14:04 ET"
GOOG,345.75,2026-09-18,4,Call,357.50,-3.43%,1.08,1.11,1.14,1964,456,4.31,29.56%,33.65%,0.172697,"14:04 ET"
CCI,74.64,2026-09-18,4,Call,70.00,+6.09%,4,4.65,5.1,840,196,4.29,29.48%,30.59%,0.981832,"13:39 ET"
AMAT,427.15,2027-03-19,186,Put,175.00,-59.03%,1.1,1.47,1.71,595,139,4.28,51.46%,67.04%,-0.016231,"12:59 ET"
TROW,105.64,2026-09-18,4,Call,100.00,+5.63%,5.4,6.45,7,844,197,4.28,24.67%,59.89%,0.811899,"13:38 ET"
SM,38.98,2026-10-16,32,Call,37.50,+4.39%,3.1,3.2,3.3,585,137,4.27,49.42%,50.81%,0.639302,"13:50 ET"
MRNA,146.34,2026-09-18,4,Put,139.00,-5.11%,2.45,2.58,2.56,716,168,4.26,72.27%,89.50%,-0.28102,"14:02 ET"
TSLA,362.29,2026-09-16,2,Put,330.00,-9.06%,0.14,0.15,0.16,1645,386,4.26,40.25%,63.28%,-0.023256,"14:02 ET"
IONQ,38.02,2026-09-18,4,Call,38.00,+0.68%,1.3,1.38,1.36,3391,796,4.26,71.22%,81.40%,0.526228,"13:47 ET"
DELL,542.5,2026-09-18,4,Call,545.00,-0.63%,14.2,14.75,14.7,582,137,4.25,61.01%,68.09%,0.492978,"14:00 ET"
NOK,9.81,2026-09-18,4,Call,9.50,+3.16%,0.45,0.47,0.46,919,217,4.24,58.81%,69.96%,0.676337,"13:53 ET"
SPCX,151.87,2026-09-25,11,Put,150.00,-1.26%,4.55,4.55,4.6,3813,901,4.23,50.79%,52.98%,-0.42391,"14:04 ET"
WBD,28.15,2026-09-18,4,Call,28.50,-1.32%,0.12,0.17,0.19,536,127,4.22,30.53%,25.61%,0.320642,"13:47 ET"
NVDA,212.41,2026-10-30,46,Call,235.00,-10.61%,3.05,3.12,3.2,624,148,4.22,33.14%,33.79%,0.224974,"13:57 ET"
TSLA,362.29,2026-09-16,2,Call,375.00,-3.34%,1.02,1.04,1.04,7153,1694,4.22,40.25%,47.20%,0.157798,"14:04 ET"
AMD,496.11,2026-09-16,2,Put,487.50,-1.33%,4.2,4.29,4.4,505,120,4.21,50.60%,56.80%,-0.312404,"14:04 ET"
META,665.24,2026-09-16,2,Call,675.00,-1.55%,5.25,5.43,5.5,2336,555,4.21,38.02%,44.15%,0.366221,"14:04 ET"
TSLA,362.29,2026-09-18,4,Call,387.50,-6.79%,0.75,0.78,0.77,2916,693,4.21,40.25%,48.07%,0.091552,"14:00 ET"
META,665.24,2026-09-16,2,Call,665.00,-0.04%,9.45,9.64,9.95,3395,807,4.21,38.02%,43.66%,0.546118,"14:04 ET"
DIS,109.11,2026-09-18,4,Call,113.00,-3.49%,0.13,0.17,0.21,881,210,4.2,24.23%,29.58%,0.106624,"14:03 ET"
B,42.62,2026-10-16,32,Put,36.00,-15.63%,0.17,0.24,0.24,2001,477,4.19,42.82%,42.70%,-0.079775,"13:37 ET"
CRWD,237.61,2026-09-25,11,Call,240.00,-0.68%,9.35,9.44,9.65,1497,358,4.18,56.45%,60.15%,0.505852,"14:04 ET"
META,665.24,2026-10-02,18,Put,630.00,-5.22%,8.3,8.5,8.7,537,129,4.16,38.02%,39.36%,-0.237747,"14:03 ET"
NVDA,212.41,2026-09-23,9,Call,210.00,+1.16%,5.7,5.9,5.8,720,173,4.16,33.14%,33.61%,0.595798,"13:54 ET"
MU,930.14,2026-09-16,2,Call,980.00,-5.83%,2.54,2.59,2.63,1482,356,4.16,59.48%,60.83%,0.126437,"14:04 ET"
VRT,238.32,2026-12-18,95,Put,195.00,-18.03%,9.9,10.2,10.65,616,149,4.13,56.28%,61.85%,-0.207184,"12:43 ET"
CCL,22.57,2026-10-16,32,Call,22.00,+2.44%,1.54,1.57,1.59,802,194,4.13,45.69%,47.35%,0.602159,"14:03 ET"
META,665.24,2026-09-16,2,Call,690.00,-3.80%,1.88,1.99,2.04,1002,244,4.11,38.02%,45.97%,0.165266,"14:04 ET"
CBRS,183.49,2026-09-18,4,Call,180.00,+1.30%,7.5,7.8,8.2,669,163,4.1,69.52%,76.84%,0.614618,"14:00 ET"
CRWD,237.61,2026-09-18,4,Call,267.50,-12.22%,0.65,0.76,0.77,503,123,4.09,56.45%,76.19%,0.084071,"14:03 ET"
CRWD,237.61,2026-09-25,11,Call,260.00,-9.07%,3.05,3,3.4,841,206,4.08,56.45%,61.14%,0.230228,"14:00 ET"
INTC,98.53,2026-09-25,11,Put,88.00,-10.51%,0.82,0.86,0.88,5705,1398,4.08,60.56%,65.42%,-0.141126,"13:44 ET"
META,665.24,2026-09-18,4,Call,715.00,-7.57%,1.13,1.16,1.18,5556,1366,4.07,38.02%,46.25%,0.080334,"14:04 ET"
PANW,376.64,2026-09-25,11,Call,400.00,-6.15%,6.65,7.25,7.55,727,179,4.06,53.07%,57.90%,0.307501,"14:02 ET"
SMR,8.65,2026-10-09,25,Call,9.50,-8.82%,0.36,0.37,0.38,796,196,4.06,75.57%,75.18%,0.356296,"14:03 ET"
CRML,6.6,2026-09-18,4,Call,6.50,+2.26%,0.3,0.33,0.45,837,206,4.06,96.10%,118.91%,0.571402,"14:03 ET"
CRWD,237.61,2026-09-18,4,Put,220.00,-7.71%,1.21,1.22,1.3,3162,779,4.06,56.45%,73.00%,-0.132208,"14:04 ET"
NVDA,212.41,2026-09-16,2,Put,195.00,-8.22%,0.09,0.1,0.1,12506,3085,4.05,33.14%,59.79%,-0.026176,"14:02 ET"
AMD,496.11,2026-10-09,25,Put,470.00,-4.87%,13.55,14.73,14.05,686,170,4.04,50.60%,50.48%,-0.306313,"12:52 ET"
CRWV,84.66,2026-09-18,4,Call,88.00,-4.02%,1.63,1.66,1.7,2000,495,4.04,75.37%,83.29%,0.350683,"14:03 ET"
AEM,197.26,2026-10-16,32,Put,195.00,-1.23%,8.8,9.11,9.4,544,135,4.03,45.81%,44.63%,-0.43547,"13:51 ET"
CHKP,140.1,2026-09-18,4,Call,150.00,-7.07%,0.2,0.37,0.55,847,210,4.03,36.67%,49.96%,0.108408,"14:01 ET"
RELX,35.64,2026-10-16,32,Put,35.00,-2.07%,0.9,1.14,1.15,1000,248,4.03,33.36%,31.16%,-0.408657,"11:57 ET"
TSEM,195.98,2026-10-16,32,Call,260.00,-33.11%,1.7,2,2.4,506,126,4.02,71.18%,71.74%,0.110985,"13:33 ET"
NFLX,80.53,2026-10-23,39,Call,105.00,-30.03%,0.22,0.23,0.24,727,181,4.02,32.71%,46.13%,0.048174,"13:09 ET"
DELL,542.5,2028-12-15,823,Call,400.00,+26.14%,280,281.65,284.5,1040,259,4.02,61.01%,71.86%,0.807885,"13:55 ET"
MDT,93.24,2026-10-16,32,Put,95.00,+1.80%,2.96,3.95,6.05,2165,539,4.02,24.89%,31.99%,-0.559968,"12:28 ET"
ORCL,144.16,2026-09-25,11,Put,138.00,-4.09%,2.26,2.55,2.41,3455,859,4.02,49.44%,49.86%,-0.286292,"13:45 ET"
META,665.24,2026-09-16,2,Put,640.00,-3.72%,1.2,1.31,1.29,1192,298,4,38.02%,46.50%,-0.11053,"14:02 ET"
CRWV,84.66,2027-06-17,276,Put,87.50,+3.43%,23.1,23.5,23.55,1346,338,3.98,75.37%,79.56%,-0.372407,"12:49 ET"
KOPN,4.36,2027-01-15,123,Call,4.50,-2.51%,0.8,0.9,0.95,1100,277,3.97,89.12%,90.56%,0.590794,"12:15 ET"
NVDA,212.41,2026-09-16,2,Put,200.00,-5.86%,0.16,0.17,0.17,5969,1507,3.96,33.14%,49.50%,-0.050045,"14:03 ET"
MU,930.14,2026-09-18,4,Put,875.00,-5.51%,5.4,5.1,5.55,861,218,3.95,59.48%,62.06%,-0.16569,"13:58 ET"
WULF,15.98,2026-09-25,11,Call,16.50,-4.10%,0.64,0.68,0.69,1105,280,3.95,82.02%,87.31%,0.415682,"14:03 ET"
POOL,171.89,2026-10-16,32,Put,160.00,-6.93%,2.5,2.6,2.8,540,137,3.94,37.31%,35.47%,-0.237677,"12:40 ET"
GOOGL,349.26,2026-09-16,2,Put,335.00,-4.01%,0.26,0.28,0.3,2427,616,3.94,29.78%,37.19%,-0.065867,"14:03 ET"
SPCX,151.87,2026-09-18,4,Call,172.50,-13.55%,0.14,0.15,0.15,3088,785,3.93,50.79%,65.93%,0.035683,"14:04 ET"
SA,29.81,2026-10-16,32,Call,33.00,-10.52%,1.15,1.23,1.3,729,186,3.92,63.93%,67.12%,0.343919,"13:37 ET"
AMD,496.11,2026-09-16,2,Call,515.00,-4.23%,2.41,2.45,2.48,1184,302,3.92,50.60%,57.27%,0.209338,"14:03 ET"
FPS,29.42,2026-09-18,4,Call,30.00,-2.32%,2.15,2.35,2.45,6495,1656,3.92,99.60%,210.61%,0.505361,"14:03 ET"
APLD,25.15,2026-09-18,4,Call,25.50,-1.67%,0.67,0.69,0.73,685,175,3.91,89.41%,84.10%,0.445168,"14:03 ET"
AMZN,255.3,2026-09-16,2,Put,247.50,-3.15%,0.38,0.38,0.39,1546,395,3.91,30.49%,35.42%,-0.116394,"13:59 ET"
MET,97.19,2026-10-16,32,Call,97.50,-0.53%,2.45,2.8,2.7,622,160,3.89,22.63%,23.40%,0.499815,"12:43 ET"
SNDK,1578.52,2026-09-18,4,Call,"1,580.00",-0.52%,47.2,47.5,47.6,1050,270,3.89,69.45%,74.49%,0.50462,"14:04 ET"
MSTR,136.98,2026-09-18,4,Call,137.00,-0.15%,4.95,5.1,5.15,1653,426,3.88,72.08%,85.59%,0.527578,"14:04 ET"
TSLA,362.29,2026-09-16,2,Put,345.00,-4.92%,0.52,0.5,0.53,3688,951,3.88,40.25%,48.07%,-0.087202,"14:00 ET"
SNDK,1578.52,2026-09-18,4,Call,"1,650.00",-4.97%,22.2,21.72,22.5,3300,853,3.87,69.45%,75.50%,0.295941,"14:04 ET"
AAOI,98.64,2026-09-18,4,Call,90.00,+8.45%,9.2,9.64,10.1,602,156,3.86,85.23%,96.07%,0.834441,"10:25 ET"
NVDA,212.41,2026-10-30,46,Call,240.00,-12.96%,2.23,2.29,2.33,1493,387,3.86,33.14%,33.75%,0.175581,"14:02 ET"
ORCL,144.16,2026-09-25,11,Call,152.50,-5.98%,2.28,2.19,2.35,2415,626,3.86,49.44%,52.98%,0.291194,"13:44 ET"
AMZN,255.3,2026-09-14,0,Call,250.00,+2.17%,5.15,5.27,5.4,4237,1100,3.85,30.49%,19.75%,0.978917,"14:04 ET"
RIOT,21.34,2026-10-16,32,Call,22.00,-3.77%,1.73,1.78,1.81,3693,961,3.84,81.87%,81.64%,0.498663,"13:51 ET"
RKT,13.68,2026-10-02,18,Put,14.00,+2.71%,0.82,0.91,0.89,896,234,3.83,55.81%,55.22%,-0.554732,"11:54 ET"
DELL,542.5,2026-09-18,4,Call,487.50,+9.98%,55.3,48.84,58.15,500,131,3.82,61.01%,71.69%,0.929552,"10:24 ET"
BE,260.1,2026-09-18,4,Call,265.00,-1.86%,7.25,7.5,7.7,1153,302,3.82,78.91%,88.41%,0.439783,"13:59 ET"
NVDA,212.41,2026-09-25,11,Call,217.50,-2.37%,2.75,2.77,2.79,2134,559,3.82,33.14%,32.85%,0.35054,"14:03 ET"
TSLA,362.29,2027-06-17,276,Put,290.00,-20.08%,20.45,20.35,20.9,14646,3834,3.82,40.25%,46.01%,-0.207896,"12:41 ET"
S,22.94,2028-12-15,823,Call,30.00,-30.95%,6,6.52,6.7,735,193,3.81,54.51%,57.14%,0.590534,"12:35 ET"
AEHR,87.07,2026-12-18,95,Put,75.00,-14.60%,11.8,12.4,12.7,766,201,3.81,115.37%,111.16%,-0.285614,"13:42 ET"
AMD,496.11,2026-09-14,0,Call,505.00,-2.21%,0.12,0.15,0.15,4466,1176,3.8,50.60%,19.54%,0.061988,"14:04 ET"
BE,260.1,2026-09-18,4,Call,255.00,+1.98%,12.1,12.05,12.55,980,259,3.78,78.91%,88.42%,0.604162,"14:04 ET"
CRWV,84.66,2026-09-18,4,Call,83.00,+1.89%,3.75,3.9,3.95,757,201,3.77,75.37%,82.00%,0.614341,"13:57 ET"
AAPL,333.88,2026-09-21,7,Put,320.00,-4.38%,0.66,0.75,0.75,1887,500,3.77,24.36%,26.24%,-0.116987,"14:00 ET"
NVDA,212.41,2026-09-16,2,Put,202.50,-4.69%,0.25,0.26,0.26,7959,2119,3.76,33.14%,45.46%,-0.078046,"14:03 ET"
SPCE,3.01,2027-04-16,214,Call,4.00,-32.45%,0.54,0.63,0.63,1020,272,3.75,76.12%,93.09%,0.499793,"13:52 ET"
GOOGL,349.26,2026-10-02,18,Call,365.00,-4.59%,3.7,3.75,3.85,4282,1146,3.74,29.78%,30.28%,0.271465,"14:03 ET"
VTS,18.81,2026-09-18,4,Call,17.50,+7.11%,1.2,1.23,1.45,2521,675,3.73,26.28%,44.30%,0.945733,"14:00 ET"
GOOGL,349.26,2026-09-16,2,Call,360.00,-3.15%,0.52,0.52,0.55,3496,937,3.73,29.78%,35.19%,0.120743,"14:04 ET"
COIN,191.66,2026-09-18,4,Put,187.50,-2.19%,4.75,4.88,5,1033,279,3.7,67.34%,83.99%,-0.390699,"14:01 ET"
SERV,4.45,2026-09-18,4,Call,4.50,-0.67%,0.11,0.12,0.13,1536,415,3.7,78.28%,75.20%,0.466817,"13:58 ET"
CRWV,84.66,2026-09-18,4,Put,83.00,-1.89%,2.01,2.07,2.07,1774,481,3.69,75.37%,81.17%,-0.385125,"14:02 ET"
CLF,11.69,2026-10-02,18,Put,12.00,+2.21%,0.73,0.79,0.82,1531,416,3.68,59.40%,57.66%,-0.55757,"11:25 ET"
TSLA,362.29,2026-09-14,0,Call,350.00,+3.55%,11.8,12,12.05,2757,753,3.66,40.25%,36.10%,0.962503,"14:03 ET"
MU,930.14,2026-09-25,11,Call,"1,260.00",-36.06%,0.37,0.42,0.47,544,150,3.63,59.48%,73.81%,0.010731,"14:03 ET"
JNJ,267.51,2026-09-18,4,Put,265.00,-1.07%,1.59,1.65,1.8,1876,518,3.62,25.58%,25.55%,-0.347728,"13:57 ET"
NOW,142.61,2027-09-17,368,Put,140.00,-2.23%,26.85,27.29,27.55,603,167,3.61,53.47%,55.93%,-0.359093,"14:01 ET"
IMAX,53.28,2026-10-16,32,Call,55.00,-3.11%,2.05,2.1,2.15,761,211,3.61,44.20%,44.51%,0.435672,"13:56 ET"
MRNA,146.34,2026-09-18,4,Call,155.00,-5.82%,2.05,2.09,2.09,5528,1532,3.61,72.27%,85.70%,0.270058,"14:04 ET"
PANW,376.64,2026-09-18,4,Call,362.50,+3.81%,18.15,19,21.1,817,227,3.6,53.07%,64.31%,0.745311,"13:34 ET"
AAPL,333.88,2026-09-16,2,Call,340.00,-1.60%,0.65,0.66,0.66,12465,3465,3.6,24.36%,27.09%,0.181632,"14:04 ET"
META,665.24,2028-01-21,494,Call,520.00,+21.77%,219.45,213.5,225.65,557,155,3.59,38.02%,44.41%,0.795725,"11:09 ET"
INTC,98.53,2026-09-16,2,Put,92.00,-6.44%,0.26,0.28,0.29,690,192,3.59,60.56%,76.44%,-0.101266,"14:01 ET"
SBET,9.16,2026-09-25,11,Call,10.00,-9.77%,0.26,0.29,0.3,1601,446,3.59,84.70%,91.34%,0.321405,"13:49 ET"
CHKP,140.1,2026-10-16,32,Call,150.00,-7.07%,2.8,2.92,3.3,1759,491,3.58,36.67%,38.85%,0.311647,"13:50 ET"
DBX,37.27,2026-09-18,4,Call,38.00,-1.79%,0.3,0.38,0.45,764,214,3.57,36.07%,41.14%,0.353401,"13:54 ET"
TSLA,362.29,2026-09-23,9,Call,365.00,-0.59%,7.55,7.45,7.7,872,244,3.57,40.25%,39.54%,0.461389,"14:03 ET"
WULF,15.98,2026-09-18,4,Put,14.50,-8.52%,0.12,0.15,0.15,1933,542,3.57,82.02%,90.66%,-0.162218,"13:34 ET"
PPTA,22.66,2026-10-16,32,Call,25.00,-10.18%,0.9,0.98,1,541,152,3.56,65.84%,66.98%,0.349492,"13:06 ET"
MU,930.14,2026-09-18,4,Call,935.00,-0.97%,19.85,20.05,20.05,613,172,3.56,59.48%,57.37%,0.47682,"14:04 ET"
MU,930.14,2026-09-16,2,Call,975.00,-5.29%,3.05,3.15,3.2,818,230,3.56,59.48%,60.18%,0.148827,"14:04 ET"
AAPL,333.88,2026-09-16,2,Call,327.50,+2.14%,6.95,7.05,7.2,1242,349,3.56,24.36%,29.83%,0.808622,"14:02 ET"
EXK,9.82,2026-10-16,32,Call,12.50,-27.03%,0.15,0.17,0.2,3325,933,3.56,72.38%,75.24%,0.16636,"13:56 ET"
MU,930.14,2027-02-19,158,Call,"1,440.00",-55.50%,35.9,37.07,37.75,721,203,3.55,59.48%,62.38%,0.205774,"13:57 ET"
HSY,173.97,2026-11-20,67,Put,165.00,-5.34%,4.3,4.6,5.1,538,152,3.54,26.86%,28.92%,-0.315522,"11:30 ET"
CXW,34.51,2026-11-20,67,Put,33.00,-3.90%,2.05,2.25,2.35,563,159,3.54,41.64%,50.10%,-0.375803,"12:50 ET"
SLS,12.13,2026-10-02,18,Put,10.00,-17.97%,0.6,0.66,0.75,730,206,3.54,195.29%,146.32%,-0.248486,"13:26 ET"
APP,335.42,2026-09-18,4,Put,305.00,-9.12%,0.75,0.9,0.9,799,226,3.54,54.34%,65.49%,-0.077452,"13:19 ET"
TSLA,362.29,2026-09-18,4,Call,392.50,-8.17%,0.48,0.48,0.49,2690,760,3.54,40.25%,49.33%,0.061243,"14:03 ET"
HPE,56.84,2026-09-18,4,Call,57.00,-0.21%,1.36,1.46,1.5,1574,446,3.53,60.60%,70.10%,0.468282,"14:01 ET"
NFLX,80.53,2026-10-09,25,Put,72.00,-10.84%,0.29,0.3,0.31,786,224,3.51,32.71%,33.30%,-0.089196,"13:59 ET"
SNAP,5.91,2026-10-30,46,Call,6.50,-10.54%,0.28,0.32,0.35,549,157,3.5,58.02%,63.65%,0.382561,"13:48 ET"
MU,930.14,2028-12-15,823,Call,"1,250.00",-34.98%,280,276.1,292.25,820,234,3.5,59.48%,64.27%,0.60652,"13:45 ET"
UGI,37.71,2026-09-18,4,Call,35.00,+7.01%,2.45,2.67,3.1,1689,483,3.5,26.88%,41.59%,0.960708,"14:02 ET"
AMD,496.11,2026-09-16,2,Call,505.00,-2.21%,4.95,5.02,5.15,552,158,3.49,50.60%,56.64%,0.363008,"14:03 ET"
RUM,8.31,2028-01-21,494,Put,5.00,-39.90%,0.8,1,1,611,175,3.49,89.86%,78.37%,-0.144464,"10:59 ET"
VZ,51.27,2026-10-09,25,Call,52.00,-1.42%,0.81,0.85,0.9,743,213,3.49,23.70%,22.08%,0.412622,"13:43 ET"
AMD,496.11,2026-09-16,2,Put,480.00,-2.85%,2.4,2.47,2.47,2079,596,3.49,50.60%,58.00%,-0.200176,"14:04 ET"
TSLA,362.29,2026-09-16,2,Call,387.50,-6.79%,0.21,0.22,0.22,1156,332,3.48,40.25%,51.90%,0.038978,"14:00 ET"
SNDK,1578.52,2026-09-18,4,Call,"1,570.00",+0.12%,51.9,52.1,52.7,1218,350,3.48,69.45%,74.50%,0.537053,"14:04 ET"
CRDO,153.95,2026-09-18,4,Call,160.00,-4.36%,2.4,2.6,2.6,875,252,3.47,67.44%,76.78%,0.323623,"14:00 ET"
META,665.24,2026-09-21,7,Call,700.00,-5.31%,2.97,3.4,3.5,566,164,3.45,38.02%,36.61%,0.180371,"14:01 ET"
MSFT,509.14,2026-09-18,4,Call,522.50,-2.58%,1.51,1.55,1.61,722,209,3.45,24.82%,27.53%,0.194471,"13:59 ET"
BE,260.1,2026-09-18,4,Call,285.00,-9.55%,2.11,2.17,2.35,1344,391,3.44,78.91%,89.37%,0.177038,"14:02 ET"
IBRX,8.29,2026-11-20,67,Call,9.00,-7.78%,0.8,0.96,1.1,5561,1616,3.44,85.09%,86.24%,0.488589,"13:35 ET"
LEN,79.89,2026-09-18,4,Call,84.00,-5.26%,1,1.08,1.2,686,200,3.43,44.03%,78.76%,0.281061,"14:03 ET"
NBIS,218.94,2026-09-18,4,Call,215.00,+1.07%,10.15,10.22,10.35,2379,693,3.43,81.71%,91.05%,0.590634,"14:04 ET"
OXY,61.92,2026-09-18,4,Put,62.00,-0.13%,0.93,0.91,1.05,627,184,3.41,33.46%,39.04%,-0.485356,"13:43 ET"
GE,316.71,2026-10-16,32,Call,340.00,-7.14%,3.2,3.45,3.65,2495,732,3.41,29.73%,28.94%,0.226946,"14:01 ET"
PANW,376.64,2026-09-18,4,Call,385.00,-2.17%,6.7,7.4,7.35,2258,664,3.4,53.07%,63.42%,0.405536,"14:02 ET"
AMD,496.11,2026-09-16,2,Put,495.00,+0.19%,7.1,7.1,7.3,500,148,3.38,50.60%,56.31%,-0.449718,"14:02 ET"
RXT,3.6,2026-09-25,11,Call,3.00,+16.20%,0.6,0.7,0.7,506,150,3.37,106.27%,103.19%,0.867259,"12:53 ET"
NVDA,212.41,2026-09-23,9,Call,215.00,-1.20%,3.15,3.23,3.25,739,220,3.36,33.14%,32.69%,0.41663,"14:03 ET"
BSX,44.65,2026-09-18,4,Call,46.50,-3.63%,0.2,0.25,0.3,820,246,3.33,38.05%,44.74%,0.214274,"13:53 ET"
VTS,18.81,2027-01-15,123,Call,15.00,+20.38%,3.3,3.73,4.5,1680,504,3.33,26.28%,36.64%,0.893128,"14:00 ET"
GME,21.64,2026-10-30,46,Call,30.00,-39.02%,0.3,0.37,0.37,1908,573,3.33,43.81%,74.36%,0.13043,"13:48 ET"
CRWV,84.66,2027-06-17,276,Call,85.00,-0.47%,23.95,24.39,24.6,736,222,3.32,75.37%,81.38%,0.652579,"13:37 ET"
VRT,238.32,2026-09-18,4,Put,215.00,-9.62%,0.69,0.77,0.89,779,235,3.31,56.28%,74.56%,-0.088986,"13:36 ET"
CRWD,237.61,2026-09-25,11,Call,235.00,+1.41%,11.55,11.25,12.3,641,195,3.29,56.45%,59.57%,0.586064,"14:01 ET"
TSLA,362.29,2026-09-23,9,Call,375.00,-3.34%,4.1,4.08,4.25,1020,312,3.27,40.25%,39.97%,0.299486,"14:03 ET"
TSM,420.83,2026-09-18,4,Call,427.50,-1.50%,3.5,3.55,3.65,1205,368,3.27,33.63%,33.06%,0.364544,"14:04 ET"
GPN,89.36,2027-01-15,123,Call,95.00,-5.56%,6.3,6.85,7.3,2100,643,3.27,38.63%,42.66%,0.46286,"12:20 ET"
SMMT,18.63,2026-09-18,4,Put,18.00,-3.23%,0.5,0.6,0.8,1178,361,3.26,97.43%,117.91%,-0.379746,"13:51 ET"
NBIS,218.94,2026-09-25,11,Call,205.00,+5.67%,19.4,20.15,21,716,220,3.25,81.71%,81.93%,0.702833,"13:55 ET"
CRWD,237.61,2026-10-16,32,Put,215.00,-9.80%,6,6.07,6.3,1285,395,3.25,56.45%,57.57%,-0.236457,"14:03 ET"
AVGO,346.24,2026-09-25,11,Call,350.00,-0.95%,6.8,6.87,7,994,307,3.24,35.93%,35.03%,0.450216,"14:02 ET"
GOOGL,349.26,2026-09-16,2,Call,355.00,-1.72%,1.25,1.25,1.29,6109,1886,3.24,29.78%,33.26%,0.250586,"14:04 ET"
QCOM,180.5,2026-09-18,4,Put,177.50,-0.98%,2.8,2.8,2.89,1167,361,3.23,46.69%,55.02%,-0.380431,"13:56 ET"
PLAY,8.28,2026-10-16,32,Call,10.00,-21.21%,0.35,0.43,0.5,2076,643,3.23,100.38%,100.31%,0.31088,"13:47 ET"
BSX,44.65,2026-09-18,4,Call,46.00,-2.52%,0.3,0.34,0.4,677,210,3.22,38.05%,43.64%,0.282231,"14:00 ET"
INTC,98.53,2027-04-16,214,Put,97.50,-0.84%,16.8,17.12,17.2,911,283,3.22,60.56%,62.64%,-0.383742,"12:57 ET"
INTC,98.53,2026-09-14,0,Put,99.00,+0.68%,0.52,0.54,0.56,2747,854,3.22,60.56%,18.49%,-0.617761,"14:04 ET"
DPZ,323.34,2026-12-18,95,Call,540.00,-66.93%,0,1.09,2.25,621,194,3.2,40.47%,51.72%,0.036214,"13:29 ET"
SNDK,1578.52,2026-09-18,4,Call,"1,630.00",-3.70%,27.6,28.45,28.1,726,227,3.2,69.45%,74.83%,0.349794,"14:02 ET"
MU,930.14,2028-12-15,823,Call,"1,050.00",-13.39%,326.75,334.29,341.3,826,258,3.2,59.48%,63.92%,0.672839,"13:45 ET"
PEGA,38.32,2026-09-18,4,Call,40.00,-3.76%,0.35,0.45,0.45,2701,844,3.2,52.30%,60.95%,0.274151,"14:03 ET"
C,132.99,2026-09-18,4,Put,127.00,-4.87%,0.31,0.4,0.37,546,171,3.19,32.94%,41.86%,-0.116499,"13:55 ET"
META,665.24,2026-09-25,11,Put,615.00,-7.48%,2.86,3,3.05,815,256,3.18,38.02%,41.64%,-0.120579,"13:59 ET"
SNDK,1578.52,2026-09-18,4,Call,"1,750.00",-11.33%,6.9,7,7.1,5500,1729,3.18,69.45%,79.70%,0.113381,"14:04 ET"
SG,7.32,2026-10-16,32,Call,7.00,+2.23%,0.8,0.8,0.9,2751,871,3.16,79.82%,79.29%,0.625046,"13:46 ET"
T,26.44,2026-09-25,11,Put,25.50,-3.41%,0.1,0.11,0.12,3477,1099,3.16,24.86%,24.14%,-0.179269,"13:57 ET"
DDOG,232.92,2027-01-15,123,Call,250.00,-7.38%,27.75,27.45,28.5,1205,382,3.15,55.89%,62.15%,0.510687,"13:41 ET"
USAR,15.93,2026-10-02,18,Call,20.00,-25.23%,0.15,0.16,0.17,888,283,3.14,78.08%,81.49%,0.121502,"13:59 ET"
SMCI,37.58,2026-10-09,25,Put,30.00,-20.53%,0.32,0.31,0.35,1345,428,3.14,68.94%,70.96%,-0.09482,"12:54 ET"
SKHY,177.29,2026-10-02,18,Call,200.00,-13.10%,2.7,2.95,3,1436,458,3.14,60.20%,62.40%,0.216676,"14:03 ET"
CRWD,237.61,2026-09-18,4,Call,222.50,+6.66%,17.5,17,18.5,2191,698,3.14,56.45%,72.03%,0.836634,"14:00 ET"
CRWD,237.61,2026-09-18,4,Call,232.50,+2.46%,10.4,10.38,10.8,2420,771,3.14,56.45%,70.56%,0.657018,"14:03 ET"
GNW,10.6,2027-01-15,123,Call,9.00,+14.69%,1.7,1.8,1.95,500,160,3.13,24.05%,35.93%,0.806094,"10:18 ET"
AMD,496.11,2026-09-14,0,Put,497.50,+0.69%,1.82,1.9,1.98,1118,357,3.13,50.60%,16.64%,-0.531857,"14:04 ET"
SNDK,1578.52,2026-09-18,4,Call,"1,600.00",-1.79%,38.2,37.69,38.8,4886,1569,3.11,69.45%,74.38%,0.440345,"14:04 ET"
SRRK,53.21,2026-10-16,32,Put,50.00,-6.12%,1.55,1.95,2.55,608,196,3.1,57.51%,55.74%,-0.327032,"12:57 ET"
NXPI,226.52,2026-10-16,32,Call,260.00,-14.72%,2.1,2.29,2.5,1314,424,3.1,43.34%,43.85%,0.15811,"14:01 ET"
BAC,59.35,2026-09-25,11,Call,62.00,-3.39%,0.19,0.19,0.22,3274,1058,3.09,26.74%,24.09%,0.159804,"14:04 ET"
MRNA,146.34,2026-09-18,4,Put,138.00,-5.79%,2.18,2.23,2.28,505,164,3.08,72.27%,90.00%,-0.256636,"13:57 ET"
SHEL,96.5,2026-09-18,4,Call,97.00,-0.40%,0.8,0.9,0.95,692,225,3.08,23.94%,26.37%,0.444997,"13:44 ET"
AAPL,333.88,2026-09-16,2,Put,322.50,-3.63%,0.27,0.27,0.28,4002,1301,3.08,24.36%,32.62%,-0.075385,"14:04 ET"
NKE,37.1,2026-10-23,39,Call,38.00,-2.29%,1.71,1.88,2,556,181,3.07,45.55%,47.27%,0.463087,"12:40 ET"
COST,918,2026-09-18,4,Call,945.00,-3.04%,1.05,1.15,1.25,2402,783,3.07,23.70%,22.56%,0.110776,"14:02 ET"
WMT,109.36,2026-09-18,4,Call,113.00,-3.39%,0.18,0.2,0.2,3329,1086,3.07,22.81%,26.64%,0.126558,"14:02 ET"
AMKR,48.01,2026-09-18,4,Put,47.00,-1.78%,0.8,1.05,1,520,170,3.06,64.51%,68.69%,-0.365326,"13:37 ET"
LULU,100.46,2026-09-25,11,Put,94.00,-6.61%,0.62,0.65,0.71,547,179,3.06,40.73%,42.07%,-0.165101,"13:40 ET"
META,665.24,2026-09-18,4,Call,667.50,-0.42%,11.65,11.7,12,567,185,3.06,38.02%,42.86%,0.505834,"14:03 ET"
GOOG,345.75,2026-09-25,11,Put,345.00,-0.19%,6.2,6.3,6.65,1473,482,3.06,29.56%,28.49%,-0.472689,"13:57 ET"
INTC,98.53,2026-09-18,4,Call,96.00,+2.37%,4.35,4.36,4.5,2963,967,3.06,60.56%,70.12%,0.662712,"14:04 ET"
ORCL,144.16,2026-09-18,4,Call,142.00,+1.31%,4.7,4.4,4.9,820,269,3.05,49.44%,59.00%,0.614858,"13:57 ET"
VLO,380.83,2026-10-16,32,Put,330.00,-13.15%,4.3,4.57,4.7,1181,387,3.05,49.57%,50.22%,-0.144493,"13:57 ET"
MRVL,223.57,2026-09-25,11,Call,225.00,-0.92%,9.3,9.6,9.95,1702,559,3.04,65.66%,66.52%,0.501252,"13:57 ET"
WYNN,87.16,2027-02-19,158,Call,90.00,-3.34%,7,7.4,8.25,500,165,3.03,32.94%,36.99%,0.512665,"11:39 ET"
BAC,59.35,2026-10-02,18,Put,61.00,+1.72%,2.04,2.22,2.19,793,262,3.03,26.74%,21.95%,-0.696364,"13:57 ET"
NVDA,212.41,2026-09-18,4,Call,207.50,+2.33%,6.4,6.35,6.5,1673,553,3.03,33.14%,40.31%,0.71401,"14:03 ET"
CCJ,93.48,2026-09-25,11,Call,100.00,-6.62%,0.96,1.14,1.17,541,179,3.02,46.88%,50.15%,0.233712,"13:24 ET"
GOOG,345.75,2026-10-23,39,Call,355.00,-2.71%,9.9,10.22,11.25,526,175,3.01,29.56%,31.42%,0.429364,"13:36 ET"
MRVL,223.57,2026-09-18,4,Call,217.50,+2.44%,9.95,10.4,10.35,611,203,3.01,65.66%,73.62%,0.650976,"14:01 ET"
GOOGL,349.26,2026-09-16,2,Call,340.00,+2.58%,9.55,10.15,9.9,3130,1041,3.01,29.78%,34.01%,0.854953,"14:02 ET"
ORCL,144.16,2026-09-18,4,Put,138.00,-4.09%,1.12,1.13,1.18,1974,657,3,49.44%,57.99%,-0.221644,"14:04 ET"
OKLO,36.75,2026-09-18,4,Call,36.00,+2.39%,1.5,1.64,1.6,526,176,2.99,71.31%,76.32%,0.612565,"13:41 ET"
SU,69.66,2026-11-20,67,Call,80.00,-14.79%,0.95,1.15,1.2,541,181,2.99,31.52%,34.63%,0.199389,"12:01 ET"
SKHY,177.29,2026-09-18,4,Put,172.50,-2.45%,2.67,2.75,2.72,857,287,2.99,60.20%,65.31%,-0.326875,"14:01 ET"
NTSK,16.97,2026-10-16,32,Put,15.00,-11.45%,0.6,0.65,0.65,1146,383,2.99,76.62%,74.74%,-0.249194,"13:45 ET"
INTC,98.53,2026-09-16,2,Put,95.00,-3.39%,0.68,0.7,0.72,3130,1049,2.98,60.56%,71.47%,-0.225854,"14:03 ET"
MU,930.14,2026-09-18,4,Call,920.00,+0.65%,27.5,27.6,27.7,3867,1297,2.98,59.48%,57.52%,0.583475,"14:03 ET"
TSLA,362.29,2026-09-16,2,Put,340.00,-6.30%,0.29,0.3,0.31,5311,1783,2.98,40.25%,51.98%,-0.050691,"14:03 ET"
BIDU,92.5,2027-06-17,276,Call,240.00,-159.32%,0.32,0.6,0.81,502,169,2.97,41.55%,53.08%,0.038496,"13:44 ET"
PL,16.24,2026-09-18,4,Call,17.50,-7.36%,0.1,0.15,0.2,1067,359,2.97,69.77%,79.15%,0.20546,"13:57 ET"
SNDK,1578.52,2026-09-18,4,Put,"1,520.00",-3.30%,25.1,24.8,25.4,1071,361,2.97,69.45%,74.84%,-0.306618,"14:02 ET"
ASML,1591.9,2026-10-16,32,Call,"1,700.00",-6.80%,44,45,46.4,772,261,2.96,44.57%,45.12%,0.342155,"13:46 ET"
SKHY,177.29,2026-09-18,4,Call,187.50,-6.03%,1.57,1.58,1.61,815,275,2.96,60.20%,67.18%,0.227514,"14:03 ET"
NOW,142.61,2026-09-25,11,Call,141.00,+1.53%,6.25,6.32,6.45,899,306,2.94,53.47%,54.38%,0.575429,"14:00 ET"
NBIS,218.94,2026-10-16,32,Call,340.00,-56.45%,1.59,1.56,1.8,1652,561,2.94,81.71%,92.19%,0.070949,"13:37 ET"
ADBE,264.16,2026-09-18,4,Put,247.50,-6.63%,0.55,0.62,0.76,891,304,2.93,41.37%,48.98%,-0.100064,"13:48 ET"
AI,11.3,2026-09-18,4,Put,11.00,-2.74%,0.16,0.2,0.2,1955,669,2.92,61.40%,67.43%,-0.329896,"13:57 ET"
ENTG,130.74,2026-09-18,4,Call,145.00,-10.99%,0.35,0.5,1,2968,1016,2.92,64.56%,83.19%,0.12419,"14:04 ET"
MSTR,136.98,2026-09-25,11,Call,136.00,+0.58%,7.55,7.7,7.9,607,209,2.9,72.08%,74.14%,0.557118,"14:01 ET"
DELL,542.5,2026-09-18,4,Put,525.00,-3.06%,7.8,8.19,8.4,693,239,2.9,61.01%,69.25%,-0.308817,"14:04 ET"
NVDA,212.41,2026-10-23,39,Call,215.00,-1.20%,8.35,8.43,8.5,1173,405,2.9,33.14%,33.82%,0.487761,"14:04 ET"
MSFT,509.14,2026-09-16,2,Call,500.00,+1.84%,10.4,11.1,10.95,2262,779,2.9,24.82%,30.21%,0.800575,"13:47 ET"
IREN,44.3,2027-06-17,276,Put,40.00,-8.74%,10.05,10.25,10.25,3393,1168,2.9,82.30%,89.51%,-0.293546,"12:51 ET"
TSLA,362.29,2026-09-16,2,Call,385.00,-6.10%,0.28,0.3,0.3,4758,1640,2.9,40.25%,50.77%,0.05149,"14:04 ET"
MRNA,146.34,2026-09-18,4,Put,136.00,-7.15%,1.69,1.74,1.81,830,287,2.89,72.27%,91.01%,-0.211607,"14:02 ET"
IOVA,9.27,2026-09-18,4,Call,9.00,+3.33%,0.5,0.55,0.65,962,333,2.89,90.44%,110.45%,0.626122,"13:50 ET"
SPCX,151.87,2026-09-25,11,Call,147.00,+3.23%,8.35,8.53,8.5,1428,494,2.89,50.79%,53.55%,0.659212,"13:48 ET"
SHOP,133.65,2026-09-18,4,Call,144.00,-7.36%,0.37,0.41,0.54,608,212,2.87,47.71%,59.15%,0.115772,"14:04 ET"
IBM,250.58,2026-09-18,4,Put,245.00,-2.32%,1.76,1.76,2.03,645,225,2.87,34.05%,38.91%,-0.290061,"13:54 ET"
T,26.44,2026-09-18,4,Put,26.50,+0.38%,0.26,0.28,0.3,790,275,2.87,24.86%,24.34%,-0.50734,"14:04 ET"
CRWD,237.61,2026-09-18,4,Call,245.00,-2.78%,4.5,4.5,4.7,4102,1438,2.85,56.45%,71.76%,0.382705,"14:04 ET"
ZS,190.36,2026-10-02,18,Call,200.00,-5.02%,6.4,6.35,6.9,515,182,2.83,56.87%,59.69%,0.39761,"14:00 ET"
META,665.24,2026-09-18,4,Put,652.50,-1.84%,6,6.4,6.3,992,351,2.83,38.02%,44.00%,-0.305754,"14:00 ET"
GFL,42.72,2026-12-18,95,Call,40.00,+6.41%,5,5.23,5.5,1020,360,2.83,46.95%,41.80%,0.676447,"13:49 ET"
BE,260.1,2026-09-18,4,Put,252.50,-2.94%,5.95,6.03,6.2,626,222,2.82,78.91%,88.08%,-0.355296,"14:04 ET"
GE,316.71,2026-10-16,32,Call,330.00,-3.99%,5.85,6.1,6.3,1097,389,2.82,29.73%,29.25%,0.346183,"13:10 ET"
META,665.24,2026-09-18,4,Call,677.50,-1.92%,7.35,7.6,7.8,688,246,2.8,38.02%,42.76%,0.375375,"14:01 ET"
BURL,233.27,2026-10-16,32,Put,310.00,+32.77%,75,76.8,78.3,2101,751,2.8,38.69%,51.61%,-0.976789,"13:58 ET"
IBRX,8.29,2027-01-15,123,Call,9.00,-7.78%,1.65,1.83,1.95,5603,2006,2.79,85.09%,107.37%,0.577317,"13:35 ET"
SNDK,1578.52,2026-09-18,4,Put,"1,560.00",-0.75%,40.6,41.6,41,1393,501,2.78,69.45%,74.29%,-0.430792,"14:04 ET"
TSLA,362.29,2026-09-16,2,Put,325.00,-10.44%,0.12,0.12,0.13,1405,506,2.78,40.25%,70.09%,-0.018038,"13:48 ET"
IONQ,38.02,2026-09-18,4,Put,38.00,-0.68%,1.22,1.28,1.29,1656,595,2.78,71.22%,81.35%,-0.474123,"14:00 ET"
NVDA,212.41,2026-09-16,2,Call,222.50,-4.73%,0.14,0.14,0.15,6251,2245,2.78,33.14%,39.50%,0.055546,"14:04 ET"
IREN,44.3,2026-09-18,4,Call,52.00,-18.64%,0.13,0.14,0.15,11899,4280,2.78,82.30%,101.29%,0.070259,"14:02 ET"
SNAP,5.91,2027-04-16,214,Put,5.00,-14.97%,0.58,0.64,0.67,554,200,2.77,58.02%,64.42%,-0.268528,"13:20 ET"
NVDA,212.41,2026-09-21,7,Call,222.50,-4.73%,0.67,0.67,0.7,677,244,2.77,33.14%,31.39%,0.146842,"14:03 ET"
INTC,98.53,2026-09-25,11,Call,99.00,-0.68%,4.15,4.05,4.25,773,279,2.77,60.56%,62.88%,0.514228,"13:57 ET"
ORCL,144.16,2026-09-18,4,Call,144.00,-0.08%,3.7,3.8,3.85,2795,1009,2.77,49.44%,60.13%,0.526116,"14:04 ET"
NBIS,218.94,2026-09-18,4,Call,217.50,-0.08%,8.85,8.88,9,632,229,2.76,81.71%,91.02%,0.542949,"14:04 ET"
RKLB,62.75,2026-09-18,4,Put,58.00,-7.94%,0.35,0.35,0.39,658,238,2.76,67.93%,72.96%,-0.145284,"13:56 ET"
META,665.24,2026-09-16,2,Put,630.00,-5.22%,0.52,0.57,0.6,930,337,2.76,38.02%,48.74%,-0.05419,"14:02 ET"
AMZN,255.3,2026-09-16,2,Call,267.50,-4.68%,0.11,0.12,0.13,1423,515,2.76,30.49%,36.51%,0.043023,"14:04 ET"
TSM,420.83,2026-10-16,32,Put,420.00,-0.28%,15.15,15.35,15.7,10806,3923,2.75,33.63%,34.00%,-0.452876,"14:02 ET"
CRWD,237.61,2026-09-18,4,Call,262.50,-10.12%,1.05,1.16,1.18,1219,445,2.74,56.45%,75.26%,0.123689,"14:03 ET"
AMZN,255.3,2026-09-25,11,Call,262.50,-2.72%,2.6,2.62,2.67,507,186,2.73,30.49%,30.29%,0.313109,"14:04 ET"
META,665.24,2028-01-21,494,Call,510.00,+23.27%,226.25,227.15,233.25,565,207,2.73,38.02%,44.98%,0.804835,"13:02 ET"
CRWD,237.61,2026-09-18,4,Call,270.00,-13.27%,0.53,0.6,0.61,1600,587,2.73,56.45%,76.85%,0.069285,"14:04 ET"
CVX,213.42,2026-10-09,25,Call,225.00,-5.31%,2.04,2.2,2.28,648,238,2.72,27.10%,27.37%,0.246093,"13:51 ET"
OR,35.57,2026-10-16,32,Call,45.00,-26.80%,0.1,0.12,0.2,706,260,2.72,44.96%,50.49%,0.06794,"13:44 ET"
INTC,98.53,2026-09-16,2,Put,94.00,-4.40%,0.5,0.51,0.54,1221,451,2.71,60.56%,73.20%,-0.175828,"14:00 ET"
TSLA,362.29,2026-09-18,4,Put,360.00,-0.79%,5.6,5.65,5.7,27641,10204,2.71,40.25%,43.56%,-0.444872,"14:04 ET"
MU,930.14,2026-09-18,4,Put,895.00,-3.35%,9.5,9.8,9.7,557,206,2.7,59.48%,60.37%,-0.261396,"13:52 ET"
MRNA,146.34,2026-09-18,4,Call,146.00,+0.33%,5.4,5.65,5.6,795,294,2.7,72.27%,89.22%,0.52222,"13:57 ET"
TSLA,362.29,2026-10-16,32,Call,580.00,-59.84%,0.14,0.15,0.16,1000,370,2.7,40.25%,62.36%,0.007229,"13:41 ET"
INTC,98.53,2026-09-16,2,Put,98.00,-0.34%,1.66,1.77,1.73,1112,412,2.7,60.56%,70.07%,-0.433713,"14:02 ET"
FCX,69.55,2026-09-18,4,Call,72.00,-3.67%,0.58,0.58,0.69,1115,413,2.7,46.36%,54.06%,0.271339,"13:48 ET"
FSLY,24.5,2026-10-16,32,Put,20.00,-18.30%,0.55,0.61,0.7,2106,781,2.7,84.84%,86.37%,-0.164809,"13:10 ET"
CRWV,84.66,2026-10-16,32,Call,90.00,-6.38%,5.6,5.7,5.75,7691,2850,2.7,75.37%,76.94%,0.446026,"14:04 ET"
AMZN,255.3,2026-09-14,0,Put,255.00,-0.22%,0.35,0.36,0.39,9996,3697,2.7,30.49%,9.18%,-0.417584,"14:04 ET"
IBRX,8.29,2027-03-19,186,Call,15.00,-79.64%,0.85,0.95,1.05,754,280,2.69,85.09%,102.36%,0.336091,"13:50 ET"
AMD,496.11,2026-09-18,4,Call,487.50,+1.33%,17.25,16.9,17.65,1513,562,2.69,50.60%,57.99%,0.639894,"14:01 ET"
SPCX,151.87,2026-09-18,4,Call,152.50,-0.39%,3.5,3.51,3.55,21834,8103,2.69,50.79%,59.70%,0.489424,"14:04 ET"
AAPL,333.88,2026-09-21,7,Call,337.50,-0.85%,2.8,2.8,2.93,790,295,2.68,24.36%,23.83%,0.380282,"14:02 ET"
AVGO,346.24,2026-09-18,4,Put,337.50,-2.66%,2.2,2.3,2.32,1649,616,2.68,35.93%,39.64%,-0.256079,"13:57 ET"
MDT,93.24,2026-10-02,18,Call,95.00,-1.80%,1.07,1.1,1.27,1513,567,2.67,24.89%,23.30%,0.364665,"13:23 ET"
COHR,272.61,2026-10-16,32,Call,320.00,-17.35%,8.3,8.8,9.4,1632,611,2.67,72.72%,73.99%,0.269978,"13:35 ET"
NVDA,212.41,2026-10-09,25,Put,185.00,-12.92%,0.81,0.83,0.84,1516,569,2.66,33.14%,39.33%,-0.079918,"13:55 ET"
PLTR,173.23,2026-09-25,11,Call,182.50,-5.25%,2.55,2.63,2.67,2368,889,2.66,48.28%,49.72%,0.29076,"14:01 ET"
NFLX,80.53,2026-09-18,4,Call,81.00,-0.31%,1,1.03,1.01,15696,5904,2.66,32.71%,36.73%,0.443858,"14:03 ET"
NVDA,212.41,2026-09-18,4,Put,202.50,-4.69%,0.64,0.64,0.65,20568,7740,2.66,33.14%,41.79%,-0.134887,"14:04 ET"
PATH,14.77,2026-10-02,18,Put,14.50,-2.88%,0.61,0.61,0.66,512,193,2.65,59.27%,60.81%,-0.408096,"13:29 ET"
HL,19.03,2026-10-16,32,Call,20.00,-5.15%,0.99,1.03,1.03,2832,1068,2.65,61.93%,62.57%,0.431929,"13:53 ET"
NVDA,212.41,2026-09-21,7,Call,217.50,-2.37%,1.71,1.71,1.77,840,318,2.64,33.14%,31.68%,0.300897,"14:03 ET"
MU,930.14,2026-09-16,2,Call,985.00,-6.37%,2.1,2.15,2.18,977,370,2.64,59.48%,61.53%,0.1072,"14:04 ET"
AEO,15.52,2027-01-15,123,Call,19.00,-22.74%,0.79,0.77,0.86,558,212,2.63,44.29%,53.64%,0.309818,"13:18 ET"
COIN,191.66,2026-09-18,4,Call,215.00,-12.16%,1.14,1.2,1.24,1164,443,2.63,67.34%,94.67%,0.130561,"14:01 ET"
GE,316.71,2026-10-16,32,Call,360.00,-13.45%,0.85,1.15,1.15,2043,778,2.63,29.73%,29.44%,0.082217,"14:00 ET"
CRWV,84.66,2027-03-19,186,Call,135.00,-59.57%,7.6,7.78,8.05,3970,1508,2.63,75.37%,82.18%,0.320708,"13:41 ET"
CRM,258.53,2026-09-18,4,Call,267.50,-3.17%,2.07,2.2,2.26,879,335,2.62,40.82%,49.91%,0.269144,"14:03 ET"
PL,16.24,2026-09-18,4,Call,17.00,-4.29%,0.25,0.24,0.3,563,216,2.61,69.77%,80.51%,0.321675,"14:03 ET"
TSLA,362.29,2026-09-21,7,Put,330.00,-9.06%,0.56,0.54,0.59,685,262,2.61,40.25%,43.76%,-0.059553,"13:47 ET"
WMT,109.36,2026-10-23,39,Call,110.00,-0.64%,3.15,3.23,3.4,561,216,2.6,22.81%,23.96%,0.501625,"13:59 ET"
WULF,15.98,2026-09-18,4,Call,16.50,-4.10%,0.34,0.36,0.37,2417,929,2.6,82.02%,92.87%,0.357402,"13:54 ET"
CG,41.4,2026-12-18,95,Put,35.00,-15.89%,1.15,1.2,1.25,509,197,2.58,43.23%,45.57%,-0.199139,"14:00 ET"
MU,930.14,2026-09-18,4,Put,905.00,-2.27%,12.45,11.83,12.65,1409,546,2.58,59.48%,59.85%,-0.32041,"14:00 ET"
FPS,29.42,2026-10-16,32,Put,25.00,-14.73%,1.2,1.27,1.3,1420,551,2.58,99.60%,92.53%,-0.231635,"13:50 ET"
SOUN,6.55,2026-09-18,4,Call,6.50,+1.07%,0.19,0.19,0.22,5341,2067,2.58,61.92%,68.22%,0.546367,"14:04 ET"
AMZN,255.3,2026-11-20,67,Call,320.00,-25.22%,1.78,1.81,1.85,17665,6837,2.58,30.49%,37.54%,0.099683,"14:03 ET"
QUBT,8.1,2026-09-25,11,Call,9.00,-10.70%,0.11,0.11,0.12,2868,1117,2.57,68.63%,70.40%,0.215622,"13:57 ET"
PLTR,173.23,2026-09-18,4,Put,167.50,-3.40%,1.84,1.82,1.88,4143,1613,2.57,48.28%,57.79%,-0.278346,"14:02 ET"
PINS,19.48,2026-09-25,11,Call,19.50,-0.05%,0.63,0.69,0.73,1073,419,2.56,46.18%,50.95%,0.51447,"13:53 ET"
BMY,63.99,2027-03-19,186,Put,70.00,+9.19%,9.05,9.35,9.65,1501,587,2.56,26.93%,32.06%,-0.599627,"12:47 ET"
NVDA,212.41,2026-09-16,2,Put,205.00,-3.51%,0.42,0.43,0.43,8859,3457,2.56,33.14%,41.98%,-0.127471,"14:04 ET"
ECHO,95.49,2026-12-18,95,Call,105.00,-10.17%,5.9,6.03,6.3,702,275,2.55,43.43%,48.66%,0.410264,"12:45 ET"
BAC,59.35,2026-09-25,11,Put,60.00,+0.05%,1.29,1.28,1.35,1084,427,2.54,26.74%,24.25%,-0.58393,"14:03 ET"
QCOM,180.5,2026-09-18,4,Call,182.50,-1.81%,3.15,3.3,3.4,3522,1387,2.54,46.69%,56.35%,0.431548,"14:00 ET"
DOCN,120.69,2026-10-16,32,Call,150.00,-25.64%,2.85,2.85,3.6,501,198,2.53,80.52%,78.86%,0.220602,"12:53 ET"
NVDA,212.41,2026-10-30,46,Call,220.00,-3.55%,7.3,7.4,7.4,560,221,2.53,33.14%,34.16%,0.419843,"14:03 ET"
AVGO,346.24,2026-09-18,4,Call,345.00,+0.49%,6.3,6.8,6.7,634,251,2.53,35.93%,39.55%,0.550426,"13:57 ET"
ZS,190.36,2026-09-18,4,Call,195.00,-2.39%,4,4.05,4.15,1216,481,2.53,56.87%,71.25%,0.412585,"14:03 ET"
UBER,72.57,2028-01-21,494,Call,110.00,-51.33%,5.2,5.1,5.65,1840,726,2.53,35.41%,41.78%,0.305616,"12:37 ET"
AXTI,59.07,2028-01-21,494,Put,20.00,-66.12%,4.5,4.7,4.9,2265,894,2.53,105.47%,118.83%,-0.066225,"12:11 ET"
AMZN,255.3,2026-09-16,2,Call,262.50,-2.72%,0.42,0.43,0.43,2587,1024,2.53,30.49%,33.64%,0.134003,"14:04 ET"
SNDK,1578.52,2026-09-18,4,Put,"1,550.00",-1.39%,36,36.12,36.4,2644,1044,2.53,69.45%,74.06%,-0.398323,"14:04 ET"
NVDA,212.41,2026-09-16,2,Put,212.50,+0.02%,2.44,2.46,2.46,7260,2871,2.53,33.14%,37.27%,-0.509843,"14:04 ET"
INTC,98.53,2026-09-21,7,Call,100.00,-1.70%,2.58,2.62,2.74,568,225,2.52,60.56%,59.07%,0.455711,"13:56 ET"
INTC,98.53,2026-09-16,2,Put,101.00,+2.72%,3.35,3.73,3.5,613,243,2.52,60.56%,70.90%,-0.658902,"13:20 ET"
MU,930.14,2026-09-25,11,Call,930.00,-0.43%,33.8,34.2,34.55,553,220,2.51,59.48%,52.57%,0.521471,"14:03 ET"
META,665.24,2026-09-18,4,Put,647.50,-2.59%,4.5,4.68,4.9,585,233,2.51,38.02%,44.07%,-0.250127,"14:04 ET"
NVDA,212.41,2026-09-21,7,Call,200.00,+5.86%,13,13.05,13.15,694,276,2.51,33.14%,38.41%,0.875948,"14:04 ET"
TSLA,362.29,2026-09-21,7,Call,375.00,-3.34%,3.05,3.11,3.15,1027,409,2.51,40.25%,39.10%,0.26681,"14:04 ET"
COIN,191.66,2026-09-18,4,Call,202.50,-5.64%,3,3.07,3.15,1398,558,2.51,67.34%,89.14%,0.288589,"14:00 ET"
CRWD,237.61,2026-09-18,4,Put,215.00,-9.80%,0.7,0.78,0.79,2961,1178,2.51,56.45%,75.13%,-0.083953,"14:02 ET"
WMT,109.36,2026-09-25,11,Call,112.00,-2.47%,0.78,0.81,0.82,2924,1168,2.5,22.81%,23.32%,0.293081,"14:03 ET"
INTC,98.53,2026-09-18,4,Call,97.00,+1.35%,3.75,3.7,3.85,3309,1326,2.5,60.56%,69.70%,0.610236,"14:02 ET"
MU,930.14,2026-09-18,4,Put,885.00,-4.43%,7.2,7.22,7.35,624,251,2.49,59.48%,61.11%,-0.209625,"14:04 ET"
HNGE,93.47,2026-10-16,32,Call,100.00,-7.08%,3.8,4,4.3,848,341,2.49,60.39%,58.16%,0.391363,"14:01 ET"
MU,930.14,2026-09-18,4,Call,930.00,-0.43%,22.25,22.35,22.45,2026,814,2.49,59.48%,57.50%,0.512451,"14:04 ET"
M,22.99,2026-09-18,4,Call,22.00,+4.01%,0.93,0.98,1.03,2875,1154,2.49,39.08%,25.83%,0.945177,"14:03 ET"
KPTI,1.575,2028-01-21,494,Put,0.5000,-68.25%,0.1,0.2,0.2,3266,1310,2.49,157.81%,136.25%,-0.061726,"13:40 ET"
BBAI,2.89,2026-10-09,25,Call,3.00,-3.45%,0.14,0.17,0.16,511,206,2.48,69.07%,65.00%,0.448229,"13:29 ET"
MSFT,509.14,2026-09-18,4,Call,517.50,-1.60%,2.66,2.6,2.77,891,359,2.48,24.82%,27.41%,0.29793,"14:00 ET"
MU,930.14,2026-09-16,2,Call,"1,000.00",-7.99%,1.18,1.19,1.24,3702,1495,2.48,59.48%,63.69%,0.064451,"14:04 ET"
MU,930.14,2026-09-16,2,Put,900.00,-2.81%,5.7,5.75,5.85,3776,1523,2.48,59.48%,61.49%,-0.229645,"14:04 ET"
HUT,92.64,2026-10-16,32,Call,125.00,-35.44%,2.17,2.1,2.45,522,211,2.47,94.23%,95.45%,0.183231,"13:18 ET"
MSFT,509.14,2026-09-16,2,Put,485.00,-4.78%,0.13,0.17,0.18,598,242,2.47,24.82%,35.41%,-0.029722,"13:48 ET"
NBIS,218.94,2026-11-20,67,Call,420.00,-93.26%,2.9,3.2,4,737,298,2.47,81.71%,98.64%,0.093898,"12:05 ET"
IONQ,38.02,2026-09-18,4,Call,38.50,-0.63%,1.08,1.11,1.14,1157,468,2.47,71.22%,82.08%,0.465649,"13:57 ET"
AMD,496.11,2026-09-25,11,Put,460.00,-6.90%,4.65,4.74,4.85,1360,551,2.47,50.60%,52.79%,-0.183258,"14:03 ET"
SNDK,1578.52,2026-09-18,4,Call,"1,670.00",-6.24%,17.6,17.4,18,1065,433,2.46,69.45%,76.16%,0.247653,"14:03 ET"
MRVL,223.57,2026-09-25,11,Call,220.00,+1.32%,11.75,11.93,12.45,1563,635,2.46,65.66%,66.57%,0.578364,"13:56 ET"
TSLA,362.29,2026-09-14,0,Put,372.50,+2.65%,10.5,10.65,10.7,683,279,2.45,40.25%,0.00%,0,"14:03 ET"
AEHR,87.07,2027-01-15,123,Put,70.00,-20.29%,11.5,11.69,12.2,768,314,2.45,115.37%,110.47%,-0.24762,"13:42 ET"
NBIS,218.94,2026-09-18,4,Put,207.50,-4.52%,3.7,3.5,3.75,1032,422,2.45,81.71%,91.55%,-0.274759,"13:57 ET"
PLTR,173.23,2026-09-25,11,Call,180.00,-3.81%,3.25,3.25,3.35,3810,1566,2.43,48.28%,49.45%,0.346771,"14:03 ET"
RKLB,62.75,2026-10-23,39,Call,90.00,-42.86%,0.57,0.62,0.71,1034,427,2.42,67.93%,76.57%,0.095924,"12:53 ET"
GOOG,345.75,2026-09-18,4,Call,365.00,-5.60%,0.46,0.47,0.48,7283,3015,2.42,29.56%,36.57%,0.079633,"14:04 ET"
CVX,213.42,2026-09-25,11,Call,230.00,-7.65%,0.31,0.34,0.44,643,267,2.41,27.10%,29.40%,0.077787,"13:04 ET"
COP,137.17,2026-12-18,95,Call,155.00,-12.55%,3.15,4,3.5,803,333,2.41,31.24%,32.13%,0.26318,"10:21 ET"
NFLX,80.53,2026-10-09,25,Put,70.00,-13.31%,0.17,0.17,0.19,1265,524,2.41,32.71%,34.98%,-0.055511,"13:00 ET"
MSTR,136.98,2026-09-25,11,Call,135.00,+1.32%,8.2,8.3,8.4,1483,615,2.41,72.08%,74.77%,0.579423,"14:04 ET"
WFC,87.59,2026-09-18,4,Put,84.00,-4.42%,0.17,0.11,0.22,698,291,2.4,29.98%,35.15%,-0.120778,"12:23 ET"
TSLA,362.29,2026-09-16,2,Put,375.00,+3.34%,13.95,13.75,14.1,791,329,2.4,40.25%,44.70%,-0.857047,"13:52 ET"
GOOGL,349.26,2027-03-19,186,Put,165.00,-52.72%,0.27,0.29,0.34,853,355,2.4,29.78%,47.08%,-0.007141,"11:18 ET"
IREN,44.3,2026-09-18,4,Call,43.00,+1.89%,2.35,2.49,2.42,3258,1355,2.4,82.30%,93.50%,0.63178,"14:01 ET"
CRDO,153.95,2028-01-21,494,Put,60.00,-60.87%,6.2,6.67,6.5,728,305,2.39,67.44%,81.58%,-0.064909,"10:08 ET"
ROST,230.22,2026-10-16,32,Call,240.00,-4.53%,3.1,3.07,3.6,1002,419,2.39,25.22%,25.50%,0.311762,"13:25 ET"
S,22.94,2026-09-18,4,Call,23.00,-0.39%,0.55,0.6,0.65,1373,575,2.39,54.51%,63.09%,0.510293,"14:04 ET"
INTC,98.53,2026-12-18,95,Call,97.50,+0.84%,13.85,13.8,14.05,1389,581,2.39,60.56%,65.28%,0.590001,"13:59 ET"
SNDK,1578.52,2026-09-18,4,Put,"1,120.00",-28.75%,0.15,0.25,0.25,682,287,2.38,69.45%,122.38%,-0.003144,"13:22 ET"
SNDK,1578.52,2026-09-18,4,Call,"1,640.00",-4.34%,24.9,24.3,25.2,860,361,2.38,69.45%,75.30%,0.32253,"14:04 ET"
XYL,107.96,2026-09-18,4,Call,110.00,-1.79%,0.4,0.8,1,5049,2125,2.38,26.95%,34.57%,0.291289,"12:58 ET"
META,665.24,2026-09-18,4,Call,662.50,+0.33%,14.25,14,14.65,918,387,2.37,38.02%,42.94%,0.5722,"14:01 ET"
ALAB,262.4,2026-09-18,4,Put,250.00,-4.23%,4.45,4.8,5.05,1666,704,2.37,76.94%,88.83%,-0.294706,"13:58 ET"
LYFT,15.74,2026-10-16,32,Call,17.00,-8.01%,0.38,0.4,0.43,2980,1255,2.37,45.60%,46.55%,0.312299,"14:01 ET"
QUBT,8.1,2026-09-18,4,Call,8.00,+1.60%,0.27,0.27,0.28,4615,1951,2.37,68.63%,64.44%,0.592099,"14:02 ET"
ARCC,19.78,2026-09-18,4,Call,19.00,+3.99%,0.7,0.79,0.85,4909,2068,2.37,19.17%,27.50%,0.920579,"14:02 ET"
SNDK,1578.52,2026-09-18,4,Call,"1,690.00",-7.52%,14,14.3,14.3,700,298,2.35,69.45%,76.98%,0.205665,"14:04 ET"
NVDA,212.41,2026-10-09,25,Call,210.00,+1.16%,8.85,8.91,8.95,769,327,2.35,33.14%,33.97%,0.57455,"14:03 ET"
EOSE,3.9,2026-10-09,25,Call,4.50,-14.50%,0.22,0.24,0.27,898,382,2.35,101.90%,111.44%,0.36664,"13:36 ET"
DELL,542.5,2026-09-18,4,Call,540.00,+0.29%,16.7,17,17.25,2209,942,2.35,61.01%,68.42%,0.544398,"14:04 ET"
MU,930.14,2026-09-18,4,Call,"1,025.00",-10.69%,1.81,1.85,1.89,722,308,2.34,59.48%,61.87%,0.071012,"14:03 ET"
NOW,142.61,2026-09-18,4,Put,138.00,-3.62%,1.68,1.68,1.77,959,410,2.34,53.47%,62.03%,-0.287699,"14:01 ET"
NVDA,212.41,2026-10-23,39,Put,190.00,-10.57%,2.09,2.1,2.15,1737,743,2.34,33.14%,36.21%,-0.153596,"14:01 ET"
DPZ,323.34,2027-01-15,123,Call,540.00,-66.93%,0.1,1.3,2.4,621,267,2.33,40.47%,46.20%,0.039208,"13:29 ET"
SNDK,1578.52,2026-09-18,4,Call,"1,625.00",-3.38%,29.3,29.71,29.8,1127,484,2.33,69.45%,74.93%,0.364629,"14:02 ET"
ONON,27.45,2027-01-15,123,Put,27.50,+0.11%,2.8,2.86,2.91,8012,3435,2.33,44.07%,46.93%,-0.437755,"13:50 ET"
MSTR,136.98,2026-09-18,4,Put,136.00,-0.58%,4.2,4.25,4.35,573,247,2.32,72.08%,85.83%,-0.440369,"14:03 ET"
HOOD,114.84,2026-09-18,4,Call,114.00,+0.31%,3.85,4.1,3.95,1980,852,2.32,63.18%,77.00%,0.535555,"14:02 ET"
SNDK,1578.52,2026-09-18,4,Call,"1,575.00",-0.20%,49.4,49.26,50,965,417,2.31,69.45%,74.33%,0.520806,"14:04 ET"
MSTR,136.98,2026-09-18,4,Put,132.00,-3.51%,2.48,2.55,2.6,1993,863,2.31,72.08%,84.04%,-0.311754,"14:01 ET"
SOUN,6.55,2026-10-09,25,Call,7.50,-14.16%,0.14,0.15,0.15,531,231,2.3,61.92%,65.20%,0.239673,"14:04 ET"
CRWD,237.61,2027-06-17,276,Put,190.00,-20.29%,20.6,21.44,21.9,557,242,2.3,56.45%,59.27%,-0.227335,"11:52 ET"
VRT,238.32,2027-06-17,276,Put,230.00,-3.32%,40.65,41,41.95,577,251,2.3,56.28%,60.31%,-0.357479,"14:03 ET"
CRWV,84.66,2026-09-18,4,Call,86.00,-1.65%,2.35,2.39,2.4,885,385,2.3,75.37%,82.59%,0.451628,"14:04 ET"
NVDA,212.41,2026-11-20,67,Call,230.00,-8.26%,7.5,7.51,7.6,73948,32205,2.3,33.14%,37.96%,0.353103,"14:03 ET"
META,665.24,2026-09-16,2,Put,635.00,-4.47%,0.77,0.82,0.88,649,283,2.29,38.02%,47.41%,-0.077162,"14:02 ET"
ORCL,144.16,2026-09-18,4,Call,148.00,-2.86%,2.14,2.18,2.22,960,420,2.29,49.44%,61.28%,0.358812,"14:03 ET"
GOOGL,349.26,2026-09-21,7,Call,350.00,-0.29%,4.8,5.1,5.3,536,235,2.28,29.78%,28.12%,0.485073,"14:01 ET"
NOW,142.61,2026-09-18,4,Put,142.00,-0.83%,3.2,3.3,3.35,555,243,2.28,53.47%,61.67%,-0.452236,"14:04 ET"
S,22.94,2026-10-16,32,Call,24.00,-4.76%,1,1.05,1.15,922,404,2.28,54.51%,54.19%,0.432405,"13:27 ET"
RIOT,21.34,2026-11-20,67,Call,23.00,-8.49%,2.46,2.35,2.58,1003,440,2.28,81.87%,86.51%,0.497585,"12:20 ET"
CRWV,84.66,2027-06-17,276,Call,80.00,+5.44%,26,25.4,26.5,727,320,2.27,75.37%,81.65%,0.683939,"12:05 ET"
AMZN,255.3,2026-09-18,4,Put,257.50,+0.76%,4.55,4.6,4.75,2990,1318,2.27,30.49%,32.23%,-0.593695,"14:00 ET"
HOOD,114.84,2026-09-18,4,Call,124.00,-8.44%,0.91,0.95,0.94,702,310,2.26,63.18%,80.76%,0.182549,"14:02 ET"
TSLA,362.29,2026-09-21,7,Call,370.00,-1.96%,4.4,4.5,4.55,878,389,2.26,40.25%,38.69%,0.352278,"13:52 ET"
ZS,190.36,2026-10-16,32,Call,220.00,-15.52%,4.15,4.45,4.55,698,310,2.25,56.87%,58.66%,0.241292,"14:03 ET"
GS,985.45,2026-09-18,4,Call,"1,040.00",-5.23%,1.79,2.1,2.78,720,320,2.25,37.01%,42.03%,0.111017,"13:51 ET"
COIN,191.66,2026-09-18,4,Call,205.00,-6.94%,2.47,2.55,2.59,2007,891,2.25,67.34%,89.88%,0.247455,"14:04 ET"
RIO,98.01,2026-09-18,4,Call,97.50,+0.42%,1.5,1.66,1.9,583,260,2.24,31.00%,36.40%,0.551993,"13:40 ET"
AMD,496.11,2026-09-18,4,Put,467.50,-5.38%,2.49,2.63,2.57,1861,831,2.24,50.60%,59.41%,-0.152887,"13:54 ET"
CEG,266.2,2026-09-18,4,Call,295.00,-10.72%,0.25,0.35,0.4,533,239,2.23,41.73%,59.59%,0.04831,"13:36 ET"
AMD,496.11,2026-09-18,4,Call,492.50,+0.32%,14.25,14.56,14.55,534,240,2.23,50.60%,57.36%,0.575935,"14:02 ET"
TSLA,362.29,2026-09-21,7,Put,350.00,-3.55%,2.97,3,3.05,726,326,2.23,40.25%,38.38%,-0.254183,"14:03 ET"
ORCL,144.16,2026-09-18,4,Put,136.00,-5.48%,0.73,0.75,0.76,1068,479,2.23,49.44%,58.13%,-0.157451,"14:04 ET"
SOUN,6.55,2026-09-25,11,Call,7.00,-6.54%,0.13,0.14,0.14,2396,1076,2.23,61.92%,66.62%,0.299037,"14:03 ET"
SMR,8.65,2026-10-09,25,Call,8.50,+2.63%,0.73,0.73,0.75,579,261,2.22,75.57%,73.23%,0.578114,"13:51 ET"
CPRT,31.28,2026-12-18,95,Call,37.50,-19.62%,0.6,0.65,0.7,652,294,2.22,32.90%,36.80%,0.212021,"13:16 ET"
TBBB,51.42,2026-09-18,4,Call,50.00,+2.69%,1.7,1.71,1.8,1166,526,2.22,38.19%,39.73%,0.75919,"13:40 ET"
NVDA,212.41,2026-09-23,9,Call,235.00,-10.61%,0.15,0.15,0.16,1883,847,2.22,33.14%,34.85%,0.034429,"13:35 ET"
NVDA,212.41,2026-10-30,46,Call,230.00,-8.26%,4.1,4.18,4.25,1892,856,2.21,33.14%,33.69%,0.281489,"14:04 ET"
NOW,142.61,2026-09-25,11,Call,145.00,-1.26%,4.35,4.42,4.55,4660,2104,2.21,53.47%,54.52%,0.457934,"14:01 ET"
CBRS,183.49,2026-10-16,32,Call,280.00,-53.53%,0.8,0.95,1,766,348,2.2,69.52%,81.30%,0.052701,"12:25 ET"
GOOGL,349.26,2026-09-16,2,Call,345.00,+1.14%,5.7,6.1,6,10036,4560,2.2,29.78%,33.61%,0.685553,"14:02 ET"
INTC,98.53,2026-09-16,2,Call,104.00,-5.77%,0.45,0.45,0.47,515,235,2.19,60.56%,71.48%,0.169029,"14:04 ET"
NOW,142.61,2026-09-18,4,Put,139.00,-2.93%,1.99,2.05,2.08,602,275,2.19,53.47%,61.66%,-0.325928,"14:01 ET"
DBX,37.27,2026-10-16,32,Call,39.00,-4.47%,0.85,0.92,1.05,767,351,2.19,36.07%,35.60%,0.371,"13:21 ET"
MCD,257.39,2026-11-20,67,Put,235.00,-8.61%,2.06,2.19,2.2,1069,488,2.19,21.44%,22.57%,-0.156335,"13:53 ET"
USAR,15.93,2026-09-18,4,Call,16.50,-3.32%,0.3,0.32,0.34,1108,505,2.19,78.08%,84.02%,0.354692,"14:03 ET"
CRML,6.6,2026-09-18,4,Call,7.00,-5.26%,0.15,0.16,0.2,1248,569,2.19,96.10%,119.72%,0.340224,"13:56 ET"
AAPL,333.88,2026-09-16,2,Put,317.50,-5.12%,0.14,0.15,0.15,1964,895,2.19,24.36%,38.35%,-0.037825,"14:03 ET"
GOOG,345.75,2026-09-18,4,Call,352.50,-1.98%,2.04,2.06,2.15,2414,1104,2.19,29.56%,32.75%,0.287859,"14:04 ET"
AAPL,333.88,2026-09-16,2,Put,325.00,-2.88%,0.43,0.43,0.44,5964,2725,2.19,24.36%,30.54%,-0.116754,"14:04 ET"
PATH,14.77,2026-10-02,18,Call,16.00,-7.17%,0.37,0.37,0.42,657,302,2.18,59.27%,62.77%,0.317585,"14:03 ET"
DOCN,120.69,2026-10-09,25,Put,110.00,-7.86%,4.8,7.37,5.6,1106,507,2.18,80.52%,83.15%,-0.281819,"09:40 ET"
AAPL,333.88,2026-10-02,18,Call,365.00,-9.07%,0.38,0.45,0.42,932,429,2.17,24.36%,24.20%,0.05378,"13:35 ET"
CRWD,237.61,2026-09-18,4,Call,247.50,-3.83%,3.6,3.7,3.9,1469,678,2.17,56.45%,71.48%,0.331565,"14:02 ET"
ORCL,144.16,2027-03-19,186,Call,160.00,-11.20%,17.85,17.8,18.2,4226,1945,2.17,49.44%,57.03%,0.489433,"13:38 ET"
CRWD,237.61,2026-09-18,4,Call,237.50,+0.36%,7.4,7.61,7.9,7013,3233,2.17,56.45%,69.71%,0.546471,"14:03 ET"
NVDA,212.41,2026-09-18,4,Call,217.50,-2.37%,1.36,1.37,1.39,11495,5288,2.17,33.14%,37.30%,0.274905,"14:04 ET"
M,22.99,2026-12-18,95,Put,25.00,+9.08%,3.25,3.59,3.7,501,232,2.16,39.08%,48.58%,-0.582104,"10:47 ET"
TSLA,362.29,2026-09-18,4,Put,357.50,-1.48%,4.55,4.6,4.6,2860,1327,2.16,40.25%,43.60%,-0.385364,"14:04 ET"
MRNA,146.34,2026-09-18,4,Call,147.00,-0.35%,4.9,5.1,5.1,557,259,2.15,72.27%,88.74%,0.492829,"13:59 ET"
AMZN,255.3,2026-09-16,2,Put,242.50,-5.11%,0.12,0.13,0.13,605,281,2.15,30.49%,40.06%,-0.040389,"14:04 ET"
AEO,15.52,2026-09-18,4,Put,16.00,+3.36%,0.6,0.66,1.14,1057,491,2.15,44.29%,90.78%,-0.608581,"13:30 ET"
IREN,44.3,2026-09-18,4,Call,53.00,-20.92%,0.09,0.1,0.1,3496,1626,2.15,82.30%,101.85%,0.050113,"14:00 ET"
DLO,14.85,2026-10-16,32,Call,15.00,-0.67%,0.6,0.65,0.75,602,281,2.14,41.07%,43.29%,0.487235,"12:47 ET"
UPS,101.75,2026-09-18,4,Call,104.00,-2.31%,0.34,0.36,0.43,632,296,2.14,24.43%,27.51%,0.229362,"13:50 ET"
IREN,44.3,2026-09-18,4,Call,42.50,+3.03%,2.66,2.6,2.74,1540,720,2.14,82.30%,93.89%,0.675298,"13:55 ET"
NVDA,212.41,2026-09-18,4,Call,215.00,-1.20%,2.18,2.18,2.2,63289,29558,2.14,33.14%,37.69%,0.38268,"14:04 ET"
ORCL,144.16,2026-09-25,11,Put,123.00,-14.52%,0.24,0.27,0.28,1187,557,2.13,49.44%,55.64%,-0.043932,"12:57 ET"
TSLA,362.29,2027-12-17,459,Put,35.00,-90.35%,0.14,0.17,0.24,1921,904,2.13,40.25%,84.95%,-0.001451,"11:19 ET"
IONQ,38.02,2026-09-18,4,Call,39.00,-1.93%,0.9,0.91,0.94,2041,958,2.13,71.22%,82.80%,0.407644,"14:04 ET"
NVDA,212.41,2026-09-25,11,Put,197.50,-7.04%,0.88,0.86,0.9,891,421,2.12,33.14%,37.64%,-0.125511,"14:00 ET"
MU,930.14,2026-10-16,32,Call,910.00,+1.73%,74.85,76.31,77.5,1665,786,2.12,59.48%,59.30%,0.59014,"14:04 ET"
RXT,3.6,2027-01-15,123,Call,5.00,-39.66%,0.5,0.54,0.6,4492,2122,2.12,106.27%,113.21%,0.439755,"13:56 ET"
GIS,36.51,2026-12-18,95,Call,47.50,-29.68%,0.2,0.27,0.3,6350,2997,2.12,39.63%,36.63%,0.085847,"11:09 ET"
VRT,238.32,2026-09-18,4,Put,225.00,-5.42%,2.02,2.18,2.26,573,272,2.11,56.28%,70.04%,-0.209278,"13:58 ET"
GLW,144.78,2026-09-18,4,Call,152.50,-5.35%,1.5,1.57,1.63,779,370,2.11,59.19%,70.20%,0.254198,"14:02 ET"
TSLA,362.29,2026-09-18,4,Call,360.00,+0.79%,7.75,7.75,7.85,15970,7573,2.11,40.25%,45.07%,0.554508,"14:04 ET"
VZ,51.27,2027-09-17,368,Call,60.00,-17.03%,1.69,1.9,2.2,1062,505,2.1,23.70%,24.65%,0.27794,"11:17 ET"
CRBP,8.5,2026-09-18,4,Call,10.00,-24.07%,0.05,0.15,0.2,3851,1837,2.1,122.57%,158.66%,0.177446,"13:59 ET"
PYPL,54.04,2026-10-02,18,Call,55.00,-1.51%,1.2,1.24,1.35,652,312,2.09,33.34%,34.70%,0.432836,"13:58 ET"
CRM,258.53,2026-09-18,4,Call,262.50,-1.24%,3.55,3.8,3.85,1020,487,2.09,40.82%,49.59%,0.398874,"13:56 ET"
AAPL,333.88,2026-09-21,7,Call,335.00,-0.10%,3.75,3.91,4,1442,689,2.09,24.36%,23.74%,0.468162,"14:03 ET"
UBER,72.57,2026-09-18,4,Call,71.00,+2.32%,1.96,1.98,2.08,1531,732,2.09,35.41%,42.35%,0.666818,"14:04 ET"
B,42.62,2027-09-17,368,Put,40.00,-6.26%,5.35,5.56,6.15,801,385,2.08,42.82%,45.61%,-0.339822,"13:33 ET"
CRCL,96.5,2026-09-18,4,Call,94.00,+2.41%,5.45,5.65,5.75,831,400,2.08,82.33%,106.32%,0.615147,"14:01 ET"
CRWV,84.66,2026-09-18,4,Call,87.00,-2.84%,1.96,1.95,2.03,1065,511,2.08,75.37%,82.93%,0.399788,"14:01 ET"
TSM,420.83,2026-09-18,4,Call,432.50,-2.69%,2.13,2.12,2.25,1500,725,2.07,33.63%,33.61%,0.251192,"14:02 ET"
MSFT,509.14,2026-09-18,4,Call,497.50,+2.33%,13.75,14.15,14.3,2176,1049,2.07,24.82%,30.04%,0.780008,"14:00 ET"
B,42.62,2026-10-16,32,Call,48.00,-12.49%,0.58,0.63,0.64,4032,1951,2.07,42.82%,44.70%,0.204747,"13:13 ET"
NVDA,212.41,2026-10-02,18,Call,190.00,+10.57%,23.5,23.3,23.65,636,309,2.06,33.14%,41.98%,0.894332,"13:19 ET"
S,22.94,2026-10-16,32,Call,23.00,-0.39%,1.45,1.52,1.6,791,384,2.06,54.51%,55.30%,0.538395,"14:00 ET"
ARM,242.33,2026-09-18,4,Put,225.00,-7.09%,1.84,1.95,1.93,1114,540,2.06,65.04%,77.39%,-0.172565,"13:37 ET"
NVDA,212.41,2026-10-23,39,Call,225.00,-5.90%,4.55,4.65,4.65,4333,2107,2.06,33.14%,33.06%,0.324757,"13:58 ET"
UBER,72.57,2026-09-18,4,Put,71.00,-2.32%,0.62,0.62,0.64,4739,2301,2.06,35.41%,38.95%,-0.321436,"14:03 ET"
TSLA,362.29,2026-09-18,4,Call,365.00,-0.59%,5.35,5.34,5.45,9065,4400,2.06,40.25%,44.98%,0.438117,"14:03 ET"
NUAI,5.76,2026-10-16,32,Put,5.00,-13.19%,0.5,0.58,0.65,783,382,2.05,148.43%,145.78%,-0.288437,"13:31 ET"
RIOT,21.34,2026-11-20,67,Call,28.00,-32.08%,1.16,1.15,1.3,2004,976,2.05,81.87%,86.55%,0.295837,"12:20 ET"
PATH,14.77,2026-09-25,11,Call,15.00,-0.47%,0.56,0.58,0.61,2039,997,2.05,59.27%,65.04%,0.480154,"13:13 ET"
TGB,7.82,2026-11-20,67,Call,8.00,-2.56%,0.8,0.88,0.95,652,319,2.04,66.11%,70.38%,0.536448,"13:45 ET"
INTC,98.53,2026-09-18,4,Call,114.00,-15.94%,0.12,0.13,0.13,774,379,2.04,60.56%,76.73%,0.040148,"13:35 ET"
AMZN,255.3,2026-09-18,4,Call,252.50,+1.19%,5.1,5.35,5.3,3295,1617,2.04,30.49%,34.06%,0.629554,"13:57 ET"
SNAP,5.91,2026-10-09,25,Call,6.50,-10.54%,0.15,0.17,0.17,565,278,2.03,58.02%,59.67%,0.297447,"14:01 ET"
NVO,43.51,2026-09-18,4,Call,44.50,-2.20%,0.27,0.29,0.29,623,307,2.03,34.57%,36.17%,0.279849,"13:34 ET"
VLO,380.83,2026-09-18,4,Put,370.00,-2.63%,3.9,4.61,4.7,768,378,2.03,49.57%,56.52%,-0.293431,"13:44 ET"
MSTR,136.98,2026-09-25,11,Call,200.00,-46.20%,0.15,0.15,0.18,861,424,2.03,72.08%,100.81%,0.019814,"13:36 ET"
CRWV,84.66,2026-09-18,4,Put,79.00,-6.62%,0.79,0.79,0.83,1096,541,2.03,75.37%,81.98%,-0.193297,"14:04 ET"
NVDA,212.41,2026-09-25,11,Call,215.00,-1.20%,3.7,3.75,3.8,5423,2668,2.03,33.14%,33.28%,0.429353,"14:04 ET"
HUBS,248.12,2026-09-18,4,Call,260.00,-4.27%,3.8,4.2,4.5,701,347,2.02,64.35%,82.80%,0.313106,"13:45 ET"
PANW,376.64,2026-09-18,4,Call,375.00,+0.49%,11.25,11.7,12,1887,934,2.02,53.07%,63.61%,0.562443,"14:04 ET"
AMZN,255.3,2026-09-16,2,Put,252.50,-1.19%,1.33,1.34,1.38,2877,1425,2.02,30.49%,33.37%,-0.324662,"14:04 ET"
SOFI,17.63,2026-09-18,4,Call,17.50,+0.91%,0.46,0.48,0.48,14487,7172,2.02,47.23%,55.79%,0.556982,"14:03 ET"
NVDA,212.41,2026-10-30,46,Call,250.00,-17.67%,1.2,1.22,1.26,747,372,2.01,33.14%,34.21%,0.104868,"13:55 ET"
AAL,13.14,2026-10-09,25,Call,13.00,+0.99%,0.72,0.73,0.77,782,389,2.01,47.86%,48.61%,0.562528,"13:41 ET"
GOOG,345.75,2026-09-18,4,Call,345.00,+0.19%,4.95,5,5.15,7084,3527,2.01,29.56%,32.92%,0.526919,"14:04 ET"
ORCL,144.16,2026-09-25,11,Call,145.00,-0.77%,4.8,4.9,4.95,704,352,2,49.44%,51.79%,0.498496,"14:03 ET"
VRT,238.32,2026-10-16,32,Call,250.00,-5.09%,11.05,11.4,11.65,844,421,2,56.28%,56.86%,0.425128,"14:02 ET"
D,64.8,2026-10-16,32,Put,65.00,+0.28%,1.35,1.51,1.7,926,463,2,20.75%,17.78%,-0.525534,"13:02 ET"
META,665.24,2026-09-16,2,Call,652.50,+1.84%,17.35,17.57,18.1,1064,531,2,38.02%,43.45%,0.760005,"14:01 ET"
UPST,26.12,2026-09-18,4,Call,27.00,-3.25%,0.42,0.45,0.48,1095,547,2,62.23%,73.21%,0.348681,"13:54 ET"
BILL,49.64,2026-10-16,32,Put,42.50,-14.78%,0.5,0.81,0.85,2002,1000,2,50.85%,55.88%,-0.147564,"11:05 ET"
CRWD,237.61,2026-09-18,4,Call,227.50,+4.56%,13.85,13.2,14.35,2872,1434,2,56.45%,71.68%,0.754577,"13:59 ET"
HPE,56.84,2026-09-18,4,Put,54.00,-5.06%,0.55,0.55,0.71,725,364,1.99,60.60%,68.46%,-0.251106,"13:59 ET"
MSTR,136.98,2026-09-18,4,Call,152.50,-11.48%,1.08,1.13,1.15,865,435,1.99,72.08%,96.13%,0.160315,"14:04 ET"
IREN,44.3,2026-09-18,4,Call,43.50,+0.75%,2.07,2.1,2.14,1001,502,1.99,82.30%,93.80%,0.586304,"14:02 ET"
NOW,142.61,2026-09-25,11,Call,140.00,+2.23%,6.8,6.91,7.05,1303,655,1.99,53.47%,54.62%,0.604448,"13:58 ET"
M,22.99,2026-10-16,32,Call,22.00,+4.01%,1.49,1.48,1.69,1698,855,1.99,39.08%,39.03%,0.665662,"13:04 ET"
TSLA,362.29,2026-09-14,0,Put,370.00,+1.96%,8,8.25,8.2,3645,1834,1.99,40.25%,23.50%,-0.968991,"14:03 ET"
AMD,496.11,2026-09-16,2,Put,460.00,-6.90%,0.52,0.53,0.54,503,254,1.98,50.60%,65.39%,-0.05149,"14:02 ET"
MU,930.14,2026-09-16,2,Call,990.00,-6.91%,1.75,1.75,1.81,516,261,1.98,59.48%,62.33%,0.090972,"14:03 ET"
MO,70.56,2026-09-18,4,Call,72.00,-2.07%,0.1,0.1,0.12,847,427,1.98,22.46%,19.01%,0.152114,"13:32 ET"
META,665.24,2026-09-16,2,Call,657.50,+1.08%,13.85,13.83,14.45,869,439,1.98,38.02%,43.31%,0.680951,"14:02 ET"
SOFI,17.63,2026-10-09,25,Call,20.50,-16.08%,0.15,0.15,0.16,1320,666,1.98,47.23%,49.86%,0.140004,"13:59 ET"
CRWV,84.66,2026-09-18,4,Put,78.00,-7.80%,0.62,0.65,0.65,1601,808,1.98,75.37%,83.00%,-0.157955,"14:00 ET"
CRWV,84.66,2027-06-17,276,Put,100.00,+18.20%,31.25,31.65,31.75,1437,730,1.97,75.37%,79.14%,-0.451102,"13:34 ET"
AAPL,333.88,2026-09-18,4,Put,332.50,-0.64%,3.15,3.2,3.3,4092,2080,1.97,24.36%,27.73%,-0.439581,"14:03 ET"
AAPL,333.88,2026-09-14,0,Call,330.00,+1.39%,3.65,3.75,3.85,6467,3278,1.97,24.36%,7.37%,0.998437,"14:04 ET"
DELL,542.5,2026-09-18,4,Put,535.00,-1.21%,11.45,11.65,12.3,711,362,1.96,61.01%,68.96%,-0.405384,"13:56 ET"
PANW,376.64,2026-09-18,4,Call,400.00,-6.15%,3.1,3.2,3.35,3188,1623,1.96,53.07%,66.69%,0.220201,"14:04 ET"
CRWD,237.61,2026-09-18,4,Call,230.00,+3.51%,12.1,12.25,12.5,12006,6120,1.96,56.45%,71.25%,0.707504,"14:04 ET"
SPCX,151.87,2026-09-25,11,Put,152.50,+0.39%,5.75,5.82,5.85,553,283,1.95,50.79%,52.84%,-0.495469,"14:02 ET"
AMZN,255.3,2026-09-21,7,Put,255.00,-0.22%,3.65,3.7,3.8,705,362,1.95,30.49%,27.79%,-0.477305,"14:02 ET"
BMNR,25.9,2026-10-16,32,Call,31.00,-20.86%,1.01,1.04,1.06,1085,557,1.95,81.88%,85.21%,0.286579,"13:58 ET"
HOOD,114.84,2026-09-18,4,Call,112.00,+2.06%,4.9,4.99,5.05,1266,648,1.95,63.18%,76.59%,0.621746,"14:04 ET"
NVDA,212.41,2026-09-18,4,Put,192.50,-9.39%,0.18,0.18,0.19,4029,2067,1.95,33.14%,53.58%,-0.037987,"13:52 ET"
TSLA,362.29,2026-09-18,4,Call,362.50,+0.10%,6.5,6.47,6.6,4293,2206,1.95,40.25%,45.18%,0.496206,"14:03 ET"
MU,930.14,2026-09-16,2,Call,"1,010.00",-9.07%,0.81,0.94,0.89,540,279,1.94,59.48%,65.50%,0.046448,"14:01 ET"
FTNT,170.02,2026-10-16,32,Call,180.00,-5.84%,6,6.03,6.3,777,400,1.94,48.13%,48.71%,0.38641,"14:01 ET"
C,132.99,2026-09-18,4,Call,137.00,-2.62%,0.83,0.85,0.91,887,458,1.94,32.94%,37.68%,0.273861,"14:04 ET"
SKHY,177.29,2026-09-18,4,Put,175.00,-1.03%,3.6,3.75,3.7,3244,1676,1.94,60.20%,64.96%,-0.405622,"14:03 ET"
TSLA,362.29,2026-09-25,11,Call,360.00,+0.79%,11.3,11.4,11.45,2636,1365,1.93,40.25%,41.03%,0.547976,"14:04 ET"
SNDK,1578.52,2026-09-18,4,Call,"1,700.00",-8.15%,12.5,12.5,12.7,3822,1976,1.93,69.45%,77.40%,0.186899,"14:04 ET"
LAES,2.34,2026-11-20,67,Call,2.50,-6.84%,0.18,0.19,0.2,501,261,1.92,60.39%,62.69%,0.462315,"13:24 ET"
OKTA,187.3,2026-09-18,4,Put,180.00,-4.06%,2.03,2.21,2.39,503,262,1.92,59.64%,71.07%,-0.253245,"14:02 ET"
NOK,9.81,2026-10-02,18,Put,9.50,-3.16%,0.35,0.36,0.36,515,268,1.92,58.81%,57.71%,-0.378008,"13:51 ET"
CRWV,84.66,2027-02-19,158,Put,60.00,-29.08%,5.15,5.3,5.4,724,378,1.92,75.37%,79.41%,-0.171242,"13:51 ET"
IBRX,8.29,2026-10-16,32,Call,11.00,-31.74%,0.1,0.18,0.25,1003,522,1.92,85.09%,88.18%,0.170139,"12:48 ET"
GOOG,345.75,2026-09-18,4,Call,355.00,-2.71%,1.49,1.5,1.56,6000,3120,1.92,29.56%,33.10%,0.224434,"14:04 ET"
PLUG,2.09,2026-10-16,32,Put,2.50,+19.62%,0.46,0.48,0.5,505,265,1.91,76.27%,78.82%,-0.74793,"13:42 ET"
C,132.99,2026-09-18,4,Call,139.00,-4.12%,0.41,0.38,0.48,662,347,1.91,32.94%,37.30%,0.163864,"14:02 ET"
UNH,383.96,2026-09-25,11,Put,370.00,-3.62%,2.47,2.63,2.71,768,402,1.91,34.17%,29.08%,-0.225628,"13:19 ET"
PANW,376.64,2026-09-18,4,Call,365.00,+3.14%,16.7,18,18.8,857,449,1.91,53.07%,63.49%,0.713651,"14:02 ET"
NVTS,11.1,2026-09-18,4,Put,10.50,-5.41%,0.15,0.16,0.17,984,516,1.91,80.79%,85.45%,-0.256295,"13:58 ET"
META,665.24,2026-09-16,2,Call,662.50,+0.33%,10.8,11.2,11.25,1623,848,1.91,38.02%,43.31%,0.592513,"14:04 ET"
ZS,190.36,2026-10-16,32,Call,200.00,-5.02%,9.4,9.45,9.8,2306,1205,1.91,56.87%,57.64%,0.436773,"13:55 ET"
UEC,10.09,2026-11-20,67,Call,15.00,-47.64%,0.19,0.19,0.2,7996,4188,1.91,71.76%,73.25%,0.138273,"14:04 ET"
AMZN,255.3,2026-09-23,9,Call,265.00,-3.70%,1.41,1.45,1.52,552,291,1.9,30.49%,29.47%,0.220819,"14:03 ET"
BE,260.1,2026-09-25,11,Call,290.00,-11.47%,4.8,5,5.2,1193,627,1.9,78.91%,81.61%,0.245123,"14:00 ET"
NVDA,212.41,2026-09-25,11,Call,222.50,-4.73%,1.41,1.42,1.44,1567,826,1.9,33.14%,32.52%,0.2145,"14:04 ET"
TSLA,362.29,2026-09-16,2,Call,395.00,-8.85%,0.1,0.11,0.11,2774,1457,1.9,40.25%,56.60%,0.019209,"14:03 ET"
TSLA,362.29,2026-09-21,7,Put,355.00,-2.17%,4.45,4.45,4.55,557,294,1.89,40.25%,37.84%,-0.344945,"14:02 ET"
SNDK,1578.52,2026-10-16,32,Call,"1,800.00",-14.51%,57.2,58.5,59.5,862,456,1.89,69.45%,71.31%,0.30553,"14:02 ET"
NFLX,80.53,2026-10-02,18,Put,80.00,-0.93%,1.96,1.92,1.99,950,502,1.89,32.71%,31.83%,-0.445145,"13:54 ET"
BAC,59.35,2026-09-25,11,Put,62.00,+3.39%,2.72,2.82,2.98,976,517,1.89,26.74%,26.47%,-0.818504,"14:00 ET"
CRWV,84.66,2026-09-25,11,Call,90.00,-6.38%,2.5,2.5,2.57,1230,650,1.89,75.37%,77.22%,0.35449,"14:03 ET"
PLTR,173.23,2026-09-18,4,Put,172.50,-0.51%,3.6,3.7,3.7,4322,2289,1.89,48.28%,55.60%,-0.459064,"14:03 ET"
CIFR,16.15,2026-09-18,4,Call,18.00,-11.32%,0.23,0.23,0.25,22427,11888,1.89,99.10%,126.85%,0.211493,"14:04 ET"
META,665.24,2026-09-16,2,Put,652.50,-1.84%,3.3,3.41,3.65,520,277,1.88,38.02%,45.96%,-0.251758,"14:04 ET"
AMC,2.49,2026-10-09,25,Call,2.50,0.00%,0.18,0.2,0.21,575,307,1.87,78.52%,78.40%,0.5267,"14:02 ET"
INTC,98.53,2026-09-21,7,Call,105.00,-6.78%,1.06,1.15,1.17,754,403,1.87,60.56%,59.56%,0.241568,"14:04 ET"
AMD,496.11,2026-09-16,2,Call,510.00,-3.22%,3.5,3.55,3.6,1040,555,1.87,50.60%,56.85%,0.279924,"14:04 ET"
FPS,29.42,2026-11-20,67,Call,40.00,-36.43%,1.55,1.7,1.8,1179,630,1.87,99.60%,91.58%,0.282588,"13:23 ET"
CRWV,84.66,2026-09-18,4,Put,82.00,-3.07%,1.63,1.62,1.67,1489,796,1.87,75.37%,81.18%,-0.331867,"13:58 ET"
CBRS,183.49,2026-09-18,4,Put,180.00,-1.30%,3.7,4.4,4.8,2546,1359,1.87,69.52%,77.77%,-0.386634,"13:47 ET"
INTC,98.53,2026-09-16,2,Put,99.00,+0.68%,2.15,2.17,2.21,762,410,1.86,60.56%,69.79%,-0.51166,"14:04 ET"
DELL,542.5,2026-09-18,4,Put,485.00,-10.45%,1.09,1.15,1.23,776,418,1.86,61.01%,72.27%,-0.063115,"14:01 ET"
NVDA,212.41,2026-09-25,11,Put,212.50,+0.02%,4.75,4.83,4.85,1132,610,1.86,33.14%,32.39%,-0.492,"14:04 ET"
GME,21.64,2026-09-25,11,Call,21.50,+0.37%,0.7,0.71,0.77,1463,786,1.86,43.81%,45.25%,0.542809,"14:03 ET"
QCOM,180.5,2026-09-25,11,Call,180.00,-0.41%,6.25,6.53,6.65,1468,789,1.86,46.69%,50.15%,0.527132,"13:58 ET"
INTC,98.53,2026-09-25,11,Put,94.00,-4.40%,2.2,2.25,2.27,575,310,1.85,60.56%,63.03%,-0.305498,"13:55 ET"
HOOD,114.84,2026-09-18,4,Put,108.00,-5.55%,1.17,1.17,1.17,2172,1173,1.85,63.18%,75.08%,-0.218616,"14:04 ET"
OKLO,36.75,2026-12-18,95,Put,35.00,-5.10%,4.45,4.56,4.7,2437,1320,1.85,71.31%,76.45%,-0.368503,"13:57 ET"
GOOG,345.75,2026-12-18,95,Put,350.00,+1.26%,23.55,23.6,23.9,2591,1401,1.85,29.56%,32.41%,-0.483276,"13:59 ET"
AMD,496.11,2026-09-18,4,Put,485.00,-1.84%,6.5,6.56,6.7,947,515,1.84,50.60%,57.22%,-0.327387,"14:03 ET"
NVDA,212.41,2026-09-18,4,Call,202.50,+4.69%,10.5,10.72,10.7,1039,566,1.84,33.14%,44.61%,0.850153,"13:48 ET"
VET,13.35,2026-11-20,67,Put,12.50,-6.79%,0.6,0.66,0.7,1213,660,1.84,48.89%,47.25%,-0.326643,"12:53 ET"
META,665.24,2026-09-16,2,Call,655.00,+1.46%,15.55,15.63,16.3,1401,762,1.84,38.02%,43.61%,0.720869,"14:02 ET"
NBIS,218.94,2026-09-18,4,Call,225.00,-3.53%,5.55,5.6,5.7,1307,716,1.83,81.71%,90.52%,0.401336,"14:03 ET"
NOW,142.61,2026-09-25,11,Call,160.00,-11.74%,0.84,0.92,0.95,514,282,1.82,53.47%,56.09%,0.133253,"14:02 ET"
SKHY,177.29,2026-09-25,11,Call,175.00,+1.03%,8.25,8.37,8.75,538,295,1.82,60.20%,58.51%,0.577462,"14:03 ET"
MU,930.14,2026-09-18,4,Call,950.00,-2.59%,13.85,14.05,14.05,4509,2479,1.82,59.48%,57.41%,0.373387,"14:04 ET"
NVDA,212.41,2026-09-16,2,Call,205.00,+3.51%,7.7,7.91,7.85,618,341,1.81,33.14%,44.05%,0.861411,"14:02 ET"
CRCL,96.5,2026-09-18,4,Call,98.00,-1.74%,3.65,3.73,3.8,713,395,1.81,82.33%,109.14%,0.469434,"14:03 ET"
AEO,15.52,2026-09-18,4,Call,15.50,-0.13%,0.36,0.38,0.39,903,500,1.81,44.29%,56.71%,0.518493,"14:00 ET"
ET,21.46,2027-01-15,123,Put,21.00,-1.96%,0.74,0.77,0.86,1044,576,1.81,18.82%,19.62%,-0.416508,"13:12 ET"
PANW,376.64,2026-09-18,4,Call,410.00,-8.80%,1.56,1.7,1.9,1093,603,1.81,53.07%,67.38%,0.13286,"14:02 ET"
BIDU,92.5,2026-11-20,67,Call,95.00,-2.65%,6.3,6.47,6.6,1095,604,1.81,41.55%,45.95%,0.499677,"13:42 ET"
CIFR,16.15,2026-09-25,11,Call,17.00,-5.13%,0.77,0.82,0.83,1382,765,1.81,99.10%,106.46%,0.413736,"14:02 ET"
SLB,53.19,2027-01-15,123,Call,70.00,-31.14%,0.75,0.88,0.89,3214,1788,1.8,36.52%,39.50%,0.14417,"11:58 ET"
GOOGL,349.26,2026-09-18,4,Call,342.50,+1.86%,8.75,8.87,9.05,6218,3451,1.8,29.78%,33.87%,0.711732,"14:04 ET"
KLAR,14.28,2026-09-18,4,Call,14.50,-1.61%,0.2,0.22,0.25,831,465,1.79,47.13%,51.64%,0.414447,"14:01 ET"
IREN,44.3,2026-09-18,4,Put,41.50,-5.32%,0.66,0.67,0.68,890,497,1.79,82.30%,94.82%,-0.244928,"14:02 ET"
RBRK,99.1,2026-09-18,4,Call,105.00,-6.42%,1.05,1.1,1.15,1371,766,1.79,61.26%,72.89%,0.251727,"14:03 ET"
JOBY,6.36,2028-01-21,494,Put,20.00,+214.47%,13.6,13.67,13.75,1630,913,1.79,64.96%,72.21%,-0.935205,"13:05 ET"
META,665.24,2026-09-18,4,Call,705.00,-6.06%,1.87,1.94,2,5324,2971,1.79,38.02%,45.00%,0.12625,"14:03 ET"
BAC,59.35,2026-09-18,4,Put,61.00,+1.72%,1.78,1.76,1.84,5734,3200,1.79,26.74%,30.04%,-0.7973,"14:03 ET"
DELL,542.5,2026-09-18,4,Call,585.00,-8.02%,3,3.12,3.25,506,284,1.78,61.01%,68.59%,0.157829,"14:04 ET"
NVDA,212.41,2026-10-30,46,Call,210.00,+1.16%,11.95,12.25,12.15,533,299,1.78,33.14%,34.99%,0.571322,"13:59 ET"
FLY,21.87,2026-09-18,4,Call,22.50,-2.37%,0.5,0.8,0.7,645,362,1.78,83.12%,95.27%,0.406009,"12:21 ET"
TSLA,362.29,2026-09-16,2,Call,390.00,-7.48%,0.16,0.16,0.17,2655,1494,1.78,40.25%,53.31%,0.030203,"14:03 ET"
META,665.24,2027-12-17,459,Call,780.00,-17.34%,99.3,94.46,100.7,703,397,1.77,38.02%,43.38%,0.505344,"11:20 ET"
BAC,59.35,2026-09-25,11,Put,59.00,-1.62%,0.8,0.83,0.87,708,399,1.77,26.74%,25.15%,-0.427308,"14:04 ET"
ORCL,144.16,2026-09-18,4,Put,141.00,-2.01%,2,2.2,2.07,966,547,1.77,49.44%,57.74%,-0.339517,"13:57 ET"
SKHY,177.29,2026-09-18,4,Call,180.00,-1.79%,3.65,3.7,3.75,4543,2566,1.77,60.20%,65.18%,0.431033,"14:04 ET"
AMD,496.11,2026-09-25,11,Put,465.00,-5.89%,5.7,5.75,5.9,620,352,1.76,50.60%,52.47%,-0.215026,"14:02 ET"
STWD,15.4,2028-01-21,494,Put,15.00,-2.72%,1.9,2.1,2.35,666,379,1.76,24.99%,24.17%,-0.473883,"12:16 ET"
TSLA,362.29,2026-09-18,4,Put,367.50,+1.28%,9.75,9.95,9.85,1807,1025,1.76,40.25%,43.59%,-0.623408,"14:03 ET"
TSLA,362.29,2026-09-25,11,Put,255.00,-29.73%,0.12,0.16,0.14,664,380,1.75,40.25%,84.97%,-0.007108,"10:32 ET"
AMD,496.11,2026-09-16,2,Call,530.00,-7.27%,0.68,0.71,0.71,932,533,1.75,50.60%,58.62%,0.073427,"14:03 ET"
S,22.94,2026-12-18,95,Call,25.00,-9.12%,1.95,2.05,2.05,6378,3650,1.75,54.51%,57.81%,0.458482,"14:03 ET"
BILI,15.84,2027-01-15,123,Call,23.00,-44.93%,0.38,0.38,0.43,1021,586,1.74,43.70%,55.72%,0.17021,"12:25 ET"
AMZN,255.3,2026-09-18,4,Call,262.50,-2.72%,1.06,1.07,1.09,9269,5312,1.74,30.49%,33.04%,0.216729,"14:04 ET"
AEO,15.52,2026-09-18,4,Call,16.00,-3.36%,0.17,0.17,0.2,506,292,1.73,44.29%,57.60%,0.315665,"13:51 ET"
GOOG,345.75,2026-09-18,4,Put,342.50,-0.91%,3.15,3.27,3.4,547,317,1.73,29.56%,32.42%,-0.389457,"14:03 ET"
SLDE,26.18,2027-01-15,123,Call,25.00,+4.69%,3.1,3.15,3.3,710,410,1.73,38.06%,41.32%,0.638174,"14:04 ET"
SPCX,151.87,2026-10-02,18,Put,150.00,-1.26%,5.85,5.85,5.95,828,480,1.73,50.79%,51.75%,-0.42904,"13:48 ET"
IREN,44.3,2026-09-18,4,Call,44.50,-1.53%,1.58,1.59,1.62,1447,837,1.73,82.30%,93.60%,0.49454,"14:03 ET"
AMZN,255.3,2026-09-16,2,Call,265.00,-3.70%,0.21,0.21,0.22,5288,3065,1.73,30.49%,34.63%,0.074228,"14:04 ET"
JD,27.39,2026-09-25,11,Call,27.00,+1.50%,0.82,0.75,0.87,812,473,1.72,31.18%,36.19%,0.585843,"10:51 ET"
SPCX,151.87,2026-09-25,11,Put,148.00,-2.57%,3.7,3.75,3.75,937,546,1.72,50.79%,53.10%,-0.367849,"14:01 ET"
ASST,29.46,2026-10-16,32,Call,34.00,-15.69%,1.15,1.25,1.39,1007,586,1.72,80.12%,79.11%,0.318879,"13:40 ET"
AVGO,346.24,2026-09-18,4,Put,347.50,+0.23%,6,6.2,6.25,1223,712,1.72,35.93%,38.76%,-0.520313,"13:58 ET"
BAC,59.35,2026-09-25,11,Call,63.00,-5.05%,0.08,0.1,0.11,2158,1252,1.72,26.74%,24.15%,0.084658,"14:04 ET"
ABOS,2.92,2026-12-18,95,Call,5.00,-70.07%,0.2,0.4,0.5,581,340,1.71,208.64%,139.69%,0.351221,"12:41 ET"
AMD,496.11,2026-09-18,4,Put,447.50,-9.43%,0.8,0.89,0.84,673,394,1.71,50.60%,64.70%,-0.055766,"13:52 ET"
ASST,29.46,2026-09-18,4,Put,28.00,-4.73%,0.47,0.52,0.56,940,550,1.71,80.12%,93.37%,-0.275315,"13:55 ET"
META,665.24,2026-09-18,4,Put,660.00,-0.71%,8.6,8.95,8.95,1593,932,1.71,38.02%,43.50%,-0.396648,"14:02 ET"
JOBY,6.36,2028-01-21,494,Put,22.00,+245.91%,15.55,15.62,15.7,1640,957,1.71,64.96%,76.65%,-0.936085,"13:05 ET"
BE,260.1,2026-09-18,4,Call,295.00,-13.40%,1.09,1.09,1.24,1822,1064,1.71,78.91%,91.20%,0.102502,"14:02 ET"
INTC,98.53,2026-09-18,4,Put,92.00,-6.44%,0.67,0.68,0.71,2363,1381,1.71,60.56%,72.67%,-0.166795,"13:59 ET"
MSFT,509.14,2026-09-16,2,Put,490.00,-3.80%,0.25,0.29,0.3,816,479,1.7,24.82%,32.60%,-0.052599,"14:00 ET"
CCL,22.57,2026-12-18,95,Put,22.00,-2.44%,1.7,1.67,1.74,15018,8810,1.7,45.69%,45.00%,-0.403514,"12:54 ET"
CRCL,96.5,2026-09-18,4,Put,93.00,-3.45%,2.64,2.66,2.75,579,343,1.69,82.33%,106.73%,-0.349264,"14:00 ET"
CAT,786.2,2027-01-15,123,Put,760.00,-3.30%,52.95,53.99,54.75,600,355,1.69,35.96%,38.90%,-0.382372,"13:46 ET"
NVDA,212.41,2026-09-21,7,Put,215.00,+1.20%,5.05,4.9,5.2,627,371,1.69,33.14%,30.96%,-0.606215,"13:54 ET"
AMZN,255.3,2026-10-23,39,Call,270.00,-5.65%,4.95,5.2,5.15,746,441,1.69,30.49%,30.78%,0.319316,"13:55 ET"
AFRM,73.09,2026-09-18,4,Call,74.00,-1.37%,1.34,1.4,1.45,767,453,1.69,52.33%,59.82%,0.429569,"13:47 ET"
PANW,376.64,2027-01-15,123,Put,320.00,-15.08%,19.45,19.4,20.85,1530,903,1.69,53.07%,55.51%,-0.238471,"13:54 ET"
MSTR,136.98,2026-09-18,4,Put,129.00,-5.70%,1.59,1.67,1.7,1579,932,1.69,72.08%,83.98%,-0.225777,"13:56 ET"
HIMS,29.34,2026-09-25,11,Call,30.00,-2.21%,1.09,1.13,1.16,1892,1118,1.69,66.91%,69.14%,0.453161,"13:56 ET"
TSLA,362.29,2026-09-18,4,Put,362.50,-0.10%,6.8,6.9,6.9,2307,1368,1.69,40.25%,43.34%,-0.505456,"14:04 ET"
NET,331.77,2026-09-18,4,Call,350.00,-5.79%,3.2,3.2,3.45,2624,1554,1.69,57.50%,67.11%,0.247582,"14:04 ET"
CRWD,237.61,2026-09-18,4,Call,242.50,-1.73%,5.3,5,5.65,2934,1734,1.69,56.45%,71.00%,0.434717,"14:02 ET"
RDDT,165.05,2026-09-18,4,Call,172.50,-4.62%,1.92,1.94,2.08,591,352,1.68,59.69%,66.94%,0.286545,"13:59 ET"
CBRS,183.49,2026-10-16,32,Call,210.00,-15.15%,6.5,7,7.2,774,460,1.68,69.52%,71.96%,0.305424,"13:54 ET"
FPS,29.42,2026-09-18,4,Put,27.50,-6.21%,1.4,1.52,1.6,1475,879,1.68,99.60%,195.35%,-0.336087,"14:03 ET"
XFOR,3.62,2027-03-19,186,Call,7.50,-106.61%,0.1,0.15,0.2,502,301,1.67,310.85%,80.30%,0.17137,"11:50 ET"
NVS,139.63,2027-01-15,123,Call,150.00,-7.30%,4.6,4.8,4.9,607,363,1.67,23.26%,29.28%,0.332982,"13:59 ET"
MPC,392.52,2026-09-18,4,Put,400.00,+2.14%,11.9,13.5,13.3,760,455,1.67,49.69%,54.85%,-0.598592,"14:02 ET"
UUUU,12.36,2026-09-18,4,Call,13.00,-4.92%,0.16,0.17,0.18,827,494,1.67,70.06%,77.52%,0.283749,"13:57 ET"
PDSB,0.3824,2027-02-19,158,Call,0.5000,-33.05%,0.15,0.15,0.2,1170,701,1.67,405.55%,214.48%,0.700625,"14:02 ET"
INTC,98.53,2026-11-20,67,Call,130.00,-32.21%,3.35,3.4,3.4,29251,17570,1.66,60.56%,69.93%,0.226464,"14:04 ET"
HD,310.74,2026-09-18,4,Call,315.00,-1.44%,2.17,2.44,2.5,544,330,1.65,25.35%,31.90%,0.343244,"13:55 ET"
AMD,496.11,2026-09-16,2,Put,500.00,+1.20%,9.65,9.5,9.85,590,357,1.65,50.60%,56.17%,-0.545932,"14:02 ET"
ONDS,7.3,2026-10-09,25,Call,9.00,-22.62%,0.11,0.11,0.12,783,475,1.65,71.66%,74.17%,0.166332,"13:58 ET"
CRM,258.53,2026-09-18,4,Call,247.50,+4.55%,12.35,12.79,12.95,825,500,1.65,40.82%,50.00%,0.807941,"14:00 ET"
NXT,83.11,2026-11-20,67,Call,90.00,-8.45%,7.3,7.8,7.9,1067,647,1.65,62.13%,71.00%,0.465808,"12:46 ET"
ONDS,7.3,2026-09-18,4,Call,7.50,-2.18%,0.15,0.15,0.16,7519,4566,1.65,71.66%,77.96%,0.387607,"13:57 ET"
CIFR,16.15,2026-09-25,11,Call,15.50,+4.14%,1.41,1.53,1.53,1190,726,1.64,99.10%,107.69%,0.610595,"13:35 ET"
ORCL,144.16,2026-09-25,11,Call,150.00,-4.25%,2.96,3,3.05,1937,1181,1.64,49.44%,52.59%,0.354351,"14:01 ET"
GME,21.64,2026-09-18,4,Call,21.50,+0.37%,0.5,0.52,0.53,7326,4466,1.64,43.81%,49.75%,0.555755,"14:04 ET"
RBLX,51.16,2026-09-18,4,Call,49.00,+3.69%,2.5,2.54,3,580,355,1.63,58.95%,71.89%,0.720731,"13:18 ET"
NOW,142.61,2026-09-18,4,Put,137.00,-4.32%,1.4,1.46,1.46,696,426,1.63,53.47%,61.94%,-0.25045,"13:59 ET"
CRWD,237.61,2026-09-18,4,Put,227.50,-4.56%,2.38,3,2.78,884,544,1.63,56.45%,69.99%,-0.240994,"14:01 ET"
AMD,496.11,2026-09-18,4,Call,485.00,+1.84%,18.85,18.96,19.25,960,588,1.63,50.60%,58.09%,0.670842,"14:04 ET"
COIN,191.66,2026-09-18,4,Call,195.00,-1.73%,5.15,5.3,5.4,3227,1981,1.63,67.34%,85.90%,0.435565,"14:04 ET"
MGNI,23.79,2026-09-18,4,Call,24.00,-0.42%,0.45,0.6,0.55,616,380,1.62,51.27%,59.87%,0.457819,"14:03 ET"
CLX,89.67,2026-09-18,4,Call,90.00,-0.44%,0.9,1.32,1.2,821,507,1.62,32.44%,37.27%,0.422184,"13:27 ET"
NVDA,212.41,2026-09-25,11,Put,207.50,-2.33%,2.79,2.8,2.83,958,593,1.62,33.14%,33.61%,-0.333323,"14:03 ET"
CRWV,84.66,2026-09-25,11,Call,95.00,-12.29%,1.38,1.38,1.45,1048,648,1.62,75.37%,79.03%,0.224915,"14:01 ET"
AUPH,16.35,2027-01-15,123,Call,20.00,-22.85%,0.9,0.95,1,2346,1446,1.62,41.74%,54.25%,0.329498,"14:00 ET"
GOOG,345.75,2026-09-18,4,Call,347.50,-0.54%,3.75,3.8,3.95,2504,1545,1.62,29.56%,32.76%,0.443203,"14:04 ET"
SMR,8.65,2026-10-02,18,Call,9.50,-8.82%,0.27,0.32,0.29,707,438,1.61,75.57%,76.06%,0.321527,"12:47 ET"
WMT,109.36,2026-09-18,4,Put,109.00,-0.27%,0.94,0.9,0.96,1731,1076,1.61,22.81%,25.07%,-0.438327,"14:01 ET"
META,665.24,2026-09-18,4,Call,675.00,-1.55%,8.35,8.4,8.7,5726,3566,1.61,38.02%,42.82%,0.407222,"14:03 ET"
TSLA,362.29,2026-09-16,2,Call,392.50,-8.17%,0.12,0.14,0.13,584,366,1.6,40.25%,54.55%,0.023166,"13:59 ET"
NOW,142.61,2026-09-18,4,Call,138.00,+3.62%,6.3,6.4,6.55,706,441,1.6,53.47%,59.79%,0.718872,"13:55 ET"
HIMS,29.34,2026-09-18,4,Call,31.50,-7.33%,0.26,0.27,0.28,762,476,1.6,66.91%,78.64%,0.206359,"13:59 ET"
HUT,92.64,2027-01-15,123,Call,140.00,-51.70%,6.85,8.05,8.4,1002,625,1.6,94.23%,91.01%,0.311801,"11:32 ET"
MSFT,509.14,2026-09-14,0,Call,495.00,+2.82%,13.95,14.41,14.9,1483,928,1.6,24.82%,28.20%,0.974867,"13:53 ET"
AVGO,346.24,2026-09-18,4,Put,335.00,-3.38%,1.66,1.71,1.76,3185,1990,1.6,35.93%,40.16%,-0.204803,"14:02 ET"
OKTA,187.3,2026-09-18,4,Call,190.00,-1.27%,4.55,4.9,5,835,525,1.59,59.64%,68.90%,0.473643,"14:03 ET"
QCOM,180.5,2026-09-18,4,Call,177.50,+0.98%,5.6,5.76,6,958,603,1.59,46.69%,56.63%,0.616869,"13:54 ET"
VRT,238.32,2027-06-17,276,Put,250.00,+5.09%,52.15,52.7,52.95,1025,646,1.59,56.28%,59.84%,-0.421268,"13:31 ET"
SNDK,1578.52,2026-09-18,4,Put,"1,510.00",-3.93%,21.9,22.25,22.3,1252,788,1.59,69.45%,74.92%,-0.277857,"14:03 ET"
PLTR,173.23,2026-09-25,11,Call,172.50,+0.51%,6.35,6.52,6.55,1347,845,1.59,48.28%,50.20%,0.540468,"14:02 ET"
MSFT,509.14,2026-09-18,4,Put,505.00,-0.86%,3.8,3.9,3.85,1414,891,1.59,24.82%,27.31%,-0.37393,"14:01 ET"
NFLX,80.53,2026-10-09,25,Call,83.00,-2.79%,1.73,1.75,1.76,1494,938,1.59,32.71%,32.31%,0.38418,"13:59 ET"
AAPL,333.88,2026-09-18,4,Put,327.50,-2.14%,1.54,1.58,1.58,3186,2005,1.59,24.36%,28.58%,-0.256062,"14:04 ET"
AMZN,255.3,2027-02-19,158,Call,250.00,+2.17%,29,29.5,29.95,534,339,1.58,30.49%,37.37%,0.608321,"13:59 ET"
DELL,542.5,2026-09-18,4,Put,515.00,-4.91%,5.15,5.4,5.5,731,462,1.58,61.01%,69.90%,-0.224176,"13:46 ET"
SLS,12.13,2026-09-18,4,Call,13.50,-10.75%,0.15,0.3,0.35,844,534,1.58,195.29%,158.59%,0.235669,"13:42 ET"
LITE,845.94,2026-09-18,4,Call,900.00,-6.36%,9.6,10.11,11,952,601,1.58,72.68%,83.67%,0.245296,"14:03 ET"
GIS,36.51,2027-01-15,123,Call,42.50,-16.03%,0.95,1.05,1.1,2223,1411,1.58,39.63%,36.14%,0.248482,"14:03 ET"
CRWV,84.66,2026-09-25,11,Put,80.00,-5.44%,2.24,2.39,2.32,2419,1527,1.58,75.37%,74.90%,-0.302959,"13:54 ET"
CLOV,5.14,2026-09-18,4,Call,5.00,+1.77%,0.21,0.24,0.25,3681,2329,1.58,71.10%,64.87%,0.687744,"14:04 ET"
META,665.24,2026-09-16,2,Put,625.00,-5.97%,0.32,0.35,0.39,521,332,1.57,38.02%,49.51%,-0.036036,"13:56 ET"
JOBY,6.36,2026-09-18,4,Call,6.50,-2.20%,0.1,0.12,0.12,1032,658,1.57,64.96%,66.32%,0.375011,"13:55 ET"
OXY,61.92,2026-10-16,32,Put,62.50,+0.68%,2.55,2.61,2.64,714,458,1.56,33.46%,32.76%,-0.505711,"14:04 ET"
META,665.24,2026-09-16,2,Put,637.50,-4.09%,0.96,1.03,1.07,875,560,1.56,38.02%,46.95%,-0.092574,"14:02 ET"
NTSK,16.97,2026-10-16,32,Call,20.00,-18.06%,0.55,0.58,0.6,1141,732,1.56,76.62%,76.32%,0.273032,"13:58 ET"
AAPL,333.88,2026-09-16,2,Call,345.00,-3.09%,0.17,0.18,0.18,4742,3047,1.56,24.36%,28.32%,0.058742,"14:04 ET"
PLTR,173.23,2026-09-18,4,Call,180.00,-3.81%,1.59,1.6,1.61,31314,20040,1.56,48.28%,55.95%,0.266634,"14:04 ET"
COIN,191.66,2026-09-18,4,Call,197.50,-3.03%,4.3,4.45,4.6,590,381,1.55,67.34%,87.32%,0.383039,"14:04 ET"
OLED,76.25,2026-10-16,32,Call,80.00,-3.65%,2.65,3.4,3.2,954,614,1.55,49.76%,49.24%,0.400157,"13:32 ET"
NVDA,212.41,2026-09-21,7,Put,200.00,-5.86%,0.59,0.59,0.61,2300,1481,1.55,33.14%,36.50%,-0.112754,"14:03 ET"
SOFI,17.63,2026-10-02,18,Put,15.50,-12.23%,0.11,0.14,0.12,2775,1796,1.55,47.23%,50.60%,-0.113823,"12:57 ET"
JPM,348.61,2026-09-18,4,Put,347.50,-0.34%,3.45,3.95,3.85,523,339,1.54,25.92%,30.21%,-0.436986,"13:59 ET"
QS,5.2,2026-09-25,11,Call,5.50,-5.77%,0.11,0.12,0.13,660,429,1.54,68.31%,65.03%,0.330223,"13:56 ET"
SMCI,37.58,2026-09-18,4,Put,35.50,-5.96%,0.42,0.42,0.44,809,526,1.54,68.94%,77.59%,-0.232289,"14:03 ET"
WMT,109.36,2026-09-18,4,Call,114.00,-4.30%,0.1,0.12,0.11,1129,735,1.54,22.81%,27.13%,0.076079,"14:02 ET"
AMZN,255.3,2026-09-21,7,Call,260.00,-1.74%,2.08,2.28,2.22,1150,747,1.54,30.49%,28.37%,0.33216,"13:54 ET"
INTC,98.53,2026-09-18,4,Put,97.00,-1.35%,2.04,2.15,2.1,2362,1538,1.54,60.56%,69.87%,-0.390181,"14:01 ET"
CRWD,237.61,2026-09-18,4,Call,225.00,+5.61%,15.55,16,16.3,5540,3604,1.54,56.45%,70.83%,0.801028,"14:04 ET"
DELL,542.5,2026-09-25,11,Call,550.00,-1.56%,19.45,19.96,20.35,574,375,1.53,61.01%,61.13%,0.474818,"13:31 ET"
SNDK,1578.52,2026-09-18,4,Call,"1,810.00",-15.15%,3.3,3.4,3.5,609,399,1.53,69.45%,82.49%,0.059925,"14:03 ET"
APLD,25.15,2026-11-20,67,Call,25.00,+0.32%,3.7,3.87,3.95,716,469,1.53,89.41%,87.16%,0.584738,"14:00 ET"
IREN,44.3,2026-10-16,32,Put,60.00,+36.89%,16.3,16.74,16.6,993,650,1.53,82.30%,87.68%,-0.853911,"13:20 ET"
SMCI,37.58,2026-12-18,95,Put,37.00,-1.99%,5.05,5.12,5.35,1174,768,1.53,68.94%,74.81%,-0.402256,"13:32 ET"
APLD,25.15,2026-09-18,4,Put,23.00,-8.29%,0.18,0.2,0.19,2889,1894,1.53,89.41%,84.99%,-0.152933,"14:02 ET"
META,665.24,2026-09-14,0,Call,650.00,+2.21%,15.55,15.25,17.35,3479,2270,1.53,38.02%,18.55%,0.996472,"14:01 ET"
TSLA,362.29,2026-09-18,4,Put,355.00,-2.17%,3.6,3.6,3.7,6375,4158,1.53,40.25%,43.67%,-0.32824,"14:02 ET"
CRM,258.53,2026-10-02,18,Call,290.00,-11.84%,1.33,1.35,1.47,521,342,1.52,40.82%,42.06%,0.122041,"13:15 ET"
GME,21.64,2026-10-02,18,Call,26.00,-20.48%,0.2,0.21,0.22,591,389,1.52,43.81%,70.04%,0.132456,"14:01 ET"
HPE,56.84,2026-09-25,11,Put,50.00,-12.10%,0.3,0.33,0.39,614,403,1.52,60.60%,61.19%,-0.113022,"13:52 ET"
AMD,496.11,2026-09-16,2,Call,520.00,-5.25%,1.62,1.61,1.66,688,454,1.52,50.60%,57.66%,0.151655,"14:04 ET"
PATH,14.77,2026-09-25,11,Call,16.00,-7.17%,0.25,0.26,0.28,771,506,1.52,59.27%,65.94%,0.270459,"14:01 ET"
OKLO,36.75,2026-09-18,4,Call,37.00,-0.33%,1.03,1.04,1.1,1070,704,1.52,71.31%,78.16%,0.478571,"14:04 ET"
MU,930.14,2026-09-14,0,Put,935.00,+0.97%,7.05,7.1,7.3,1243,820,1.52,59.48%,20.89%,-0.695948,"14:04 ET"
NOW,142.61,2026-10-16,32,Call,165.00,-15.23%,2.45,2.54,2.58,1314,863,1.52,53.47%,53.93%,0.209967,"14:04 ET"
CRWV,84.66,2027-01-15,123,Call,95.00,-12.29%,12.05,12.18,12.5,2256,1480,1.52,75.37%,80.09%,0.505887,"13:44 ET"
IONQ,38.02,2026-09-25,11,Call,40.00,-4.55%,1.17,1.22,1.26,2356,1552,1.52,71.22%,74.97%,0.378812,"13:56 ET"
CRWV,84.66,2026-09-25,11,Call,98.00,-15.84%,0.96,0.99,1.03,2787,1832,1.52,75.37%,80.46%,0.167905,"14:03 ET"
SNDK,1578.52,2026-09-18,4,Put,"1,490.00",-5.21%,16.7,15.86,17.1,591,392,1.51,69.45%,75.56%,-0.225566,"13:56 ET"
MRNA,146.34,2026-09-18,4,Call,152.50,-4.11%,2.7,2.88,2.89,710,469,1.51,72.27%,86.57%,0.335027,"14:00 ET"
ZS,190.36,2026-10-16,32,Call,190.00,+0.23%,13.55,13.7,13.9,893,592,1.51,56.87%,56.99%,0.556111,"14:02 ET"
CRWV,84.66,2026-09-18,4,Call,89.00,-5.20%,1.35,1.33,1.41,1254,830,1.51,75.37%,83.65%,0.304848,"14:03 ET"
AMD,496.11,2026-09-14,0,Put,500.00,+1.20%,3.4,3.8,3.7,1294,858,1.51,50.60%,17.06%,-0.740889,"14:01 ET"
EOLS,8.04,2027-04-16,214,Call,10.00,-24.38%,0.85,0.9,0.95,794,528,1.5,58.16%,60.18%,0.424271,"13:08 ET"
MCD,257.39,2026-09-18,4,Put,252.50,-1.80%,0.65,0.74,0.7,797,532,1.5,21.44%,22.35%,-0.198821,"13:47 ET"
CRDO,153.95,2026-09-18,4,Call,165.00,-7.62%,1.35,1.4,1.45,1252,834,1.5,67.44%,78.30%,0.20538,"13:59 ET"
NFLX,80.53,2026-09-25,11,Call,81.00,-0.31%,1.63,1.66,1.66,2455,1642,1.5,32.71%,33.24%,0.473705,"14:03 ET"
AMZN,255.3,2026-10-16,32,Put,290.00,+13.48%,34.3,37.73,35.3,523,350,1.49,30.49%,25.21%,-0.980615,"10:52 ET"
AFRM,73.09,2026-09-18,4,Put,69.00,-5.48%,0.39,0.42,0.5,550,369,1.49,52.33%,60.09%,-0.174817,"13:20 ET"
TSLA,362.29,2026-10-16,32,Call,495.00,-36.41%,0.47,0.48,0.5,1070,719,1.49,40.25%,51.29%,0.024611,"13:52 ET"
ALAB,262.4,2026-09-18,4,Call,125.00,+52.12%,133.3,139.29,139.75,1520,1021,1.49,76.94%,472.54%,0.959195,"11:53 ET"
XEL,74.5,2027-03-19,186,Put,70.00,-6.13%,2.3,3.23,4.2,15000,10070,1.49,21.02%,25.86%,-0.325924,"11:49 ET"
COIN,191.66,2026-09-25,11,Call,230.00,-19.99%,1.28,1.34,1.39,564,380,1.48,67.34%,80.98%,0.109061,"13:52 ET"
AMZN,255.3,2026-09-21,7,Call,255.00,+0.22%,4.15,4.23,4.35,847,572,1.48,30.49%,28.70%,0.523954,"14:01 ET"
JPM,348.61,2026-11-20,67,Put,350.00,+0.37%,14.6,15.15,15.7,909,613,1.48,25.92%,25.57%,-0.477566,"13:59 ET"
AMD,496.11,2026-09-18,4,Call,495.00,-0.19%,12.9,13.15,13.15,773,526,1.47,50.60%,57.18%,0.542729,"14:02 ET"
CAT,786.2,2026-09-18,4,Put,520.00,-33.84%,0.01,0.11,0.1,805,546,1.47,35.96%,137.55%,-0.001624,"13:22 ET"
GOOG,345.75,2026-09-18,4,Call,362.50,-4.87%,0.59,0.63,0.65,1643,1118,1.47,29.56%,35.53%,0.102874,"14:03 ET"
BE,260.1,2027-01-15,123,Call,480.00,-84.51%,9.2,9.25,9.95,8947,6079,1.47,78.91%,85.93%,0.17028,"12:48 ET"
NVDA,212.41,2026-09-18,4,Put,207.50,-2.33%,1.49,1.49,1.52,11209,7635,1.47,33.14%,38.57%,-0.27833,"14:03 ET"
COO,54.2,2026-10-16,32,Call,55.00,-1.31%,1.35,1.45,1.7,603,413,1.46,28.89%,29.05%,0.454826,"13:30 ET"
ENPH,37.15,2028-01-21,494,Put,55.00,+47.97%,23.55,23.95,24.2,637,437,1.46,67.00%,73.21%,-0.513185,"12:56 ET"
LITE,845.94,2026-09-18,4,Call,950.00,-12.27%,3,3.4,3.6,824,564,1.46,72.68%,84.32%,0.09749,"14:02 ET"
ALK,40.59,2026-12-18,95,Call,45.00,-11.28%,2.7,2.79,2.9,1002,688,1.46,53.36%,53.38%,0.406862,"12:34 ET"
NOW,142.61,2026-09-18,4,Call,142.00,+0.83%,3.9,4.1,4.1,1294,884,1.46,53.47%,60.18%,0.548771,"14:03 ET"
TSLA,362.29,2026-09-25,11,Put,360.00,-0.79%,8.85,9,8.95,2173,1486,1.46,40.25%,39.76%,-0.452686,"14:03 ET"
NOW,142.61,2026-09-18,4,Call,141.00,+1.53%,4.45,4.6,4.65,2267,1549,1.46,53.47%,60.25%,0.59272,"14:01 ET"
CSCO,111.25,2026-09-18,4,Put,107.00,-4.00%,0.27,0.26,0.3,534,369,1.45,29.99%,33.82%,-0.140009,"13:39 ET"
SNDK,1578.52,2026-09-18,4,Call,"1,620.00",-3.06%,30.8,30.4,31.3,551,380,1.45,69.45%,74.59%,0.378823,"14:04 ET"
CRM,258.53,2026-09-18,4,Call,257.50,+0.69%,5.8,6,6.15,679,468,1.45,40.82%,49.78%,0.545371,"14:02 ET"
GOOG,345.75,2026-09-25,11,Put,340.00,-1.63%,4.15,4.25,4.55,730,504,1.45,29.56%,28.90%,-0.359285,"13:58 ET"
IREN,44.3,2026-09-25,11,Put,43.00,-1.89%,1.96,2,2.03,819,564,1.45,82.30%,85.32%,-0.394518,"13:55 ET"
NVDA,212.41,2026-09-16,2,Put,222.50,+4.73%,10.2,10.27,10.4,1109,766,1.45,33.14%,34.15%,-0.970255,"14:04 ET"
USB,62.41,2026-09-18,4,Put,62.00,-0.74%,0.48,0.53,0.6,1118,773,1.45,26.21%,27.53%,-0.40987,"13:58 ET"
NVDA,212.41,2026-09-25,11,Put,202.50,-4.69%,1.56,1.55,1.58,1708,1176,1.45,33.14%,35.23%,-0.208098,"14:03 ET"
MO,70.56,2026-09-18,4,Call,71.00,-0.65%,0.22,0.23,0.26,1845,1272,1.45,22.46%,14.73%,0.336126,"14:03 ET"
NVDA,212.41,2026-09-21,7,Call,225.00,-5.90%,0.4,0.42,0.43,3002,2070,1.45,33.14%,31.55%,0.096813,"14:03 ET"
XEL,74.5,2027-03-19,186,Put,65.00,-12.83%,1.55,2.57,2.4,15000,10348,1.45,21.02%,28.04%,-0.211292,"11:49 ET"
RIVN,15.97,2026-10-09,25,Put,14.00,-12.28%,0.23,0.23,0.24,560,388,1.44,58.21%,57.62%,-0.170338,"13:53 ET"
COHR,272.61,2026-10-16,32,Call,270.00,+0.99%,24.6,25.3,26,566,394,1.44,72.72%,74.23%,0.564725,"14:00 ET"
RBLX,51.16,2026-12-18,95,Call,67.50,-32.67%,2.42,2.41,2.59,578,402,1.44,58.95%,67.89%,0.272596,"13:27 ET"
BA,209.83,2026-09-18,4,Put,202.50,-3.74%,0.66,0.72,0.79,584,406,1.44,30.52%,36.08%,-0.168532,"14:03 ET"
CRWD,237.61,2027-02-19,158,Call,270.00,-13.27%,25.7,26.9,27.7,596,415,1.44,56.45%,58.75%,0.467567,"13:35 ET"
EGO,41.26,2026-11-20,67,Call,43.00,-3.61%,3.2,3.31,3.9,678,471,1.44,54.52%,59.49%,0.494483,"11:20 ET"
PLTR,173.23,2026-10-02,18,Call,190.00,-9.58%,2.17,2.22,2.25,689,477,1.44,48.28%,48.86%,0.216726,"14:04 ET"
HRB,45.54,2026-09-18,4,Put,50.00,+9.51%,3.6,4,4.8,759,526,1.44,38.85%,40.99%,-0.984104,"11:32 ET"
IBM,250.58,2026-09-25,11,Call,250.00,+0.33%,6.35,6.58,6.7,1036,717,1.44,34.05%,36.47%,0.522846,"14:00 ET"
SMCI,37.58,2026-10-16,32,Put,37.00,-1.99%,2.69,2.72,2.74,1251,869,1.44,68.94%,68.92%,-0.426676,"14:04 ET"
TSLA,362.29,2026-09-25,11,Put,365.00,+0.59%,11.45,11.52,11.55,1855,1287,1.44,40.25%,39.77%,-0.532535,"14:03 ET"
INFQ,12.88,2026-10-16,32,Call,16.00,-23.36%,0.45,0.56,0.55,2017,1399,1.44,91.93%,92.47%,0.264998,"13:43 ET"
GOOGL,349.26,2026-09-18,4,Call,347.50,+0.43%,5.6,5.7,5.85,2211,1534,1.44,29.78%,33.48%,0.560002,"14:04 ET"
TSLA,362.29,2026-09-18,4,Call,357.50,+1.48%,9.2,9.55,9.3,2326,1611,1.44,40.25%,45.33%,0.611567,"13:51 ET"
SPCX,151.87,2026-09-18,4,Put,143.00,-5.87%,0.9,0.9,0.91,5133,3554,1.44,50.79%,62.12%,-0.167115,"14:02 ET"
RIVN,15.97,2026-10-09,25,Put,14.50,-9.15%,0.35,0.35,0.36,590,413,1.43,58.21%,57.36%,-0.235029,"13:58 ET"
ZS,190.36,2026-10-16,32,Put,150.00,-21.24%,0.85,0.9,0.99,712,499,1.43,56.87%,56.97%,-0.061671,"13:50 ET"
SNDK,1578.52,2026-09-18,4,Put,"1,370.00",-12.84%,2.55,2.52,2.9,753,525,1.43,69.45%,82.22%,-0.046983,"14:01 ET"
SNDK,1578.52,2026-09-18,4,Call,"1,730.00",-10.06%,8.7,8.6,8.9,776,543,1.43,69.45%,78.58%,0.138398,"14:04 ET"
AMZN,255.3,2026-09-14,0,Put,260.00,+1.74%,4.6,4.72,4.9,1073,751,1.43,30.49%,18.04%,-0.980155,"14:03 ET"
NVDA,212.41,2026-09-25,11,Call,227.50,-7.08%,0.69,0.71,0.71,1401,983,1.43,33.14%,32.82%,0.120388,"14:02 ET"
SPCX,151.87,2026-09-25,11,Call,152.50,-0.39%,5.35,5.39,5.4,1487,1039,1.43,50.79%,53.12%,0.505787,"14:03 ET"
TOST,33.38,2026-09-18,4,Call,35.00,-4.45%,0.15,0.15,0.18,3933,2754,1.43,43.28%,48.17%,0.183841,"13:58 ET"
APLD,25.15,2026-09-18,4,Put,24.50,-2.31%,0.6,0.63,0.62,634,447,1.42,89.41%,84.56%,-0.3765,"14:03 ET"
SOUN,6.55,2026-10-02,18,Call,7.00,-6.54%,0.18,0.19,0.2,821,579,1.42,61.92%,62.42%,0.33953,"14:01 ET"
ORCL,144.16,2027-10-15,396,Put,145.00,+0.77%,30,30.34,31.15,869,610,1.42,49.44%,55.03%,-0.375779,"13:14 ET"
OPEN,2.83,2026-09-18,4,Call,2.00,+29.33%,0.75,0.87,0.9,944,665,1.42,74.79%,169.52%,0.978672,"11:57 ET"
INTC,98.53,2026-09-18,4,Call,99.00,-0.68%,2.74,2.73,2.78,1502,1059,1.42,60.56%,70.01%,0.500206,"14:03 ET"
INTC,98.53,2026-09-18,4,Put,96.00,-2.37%,1.67,1.75,1.7,1542,1087,1.42,60.56%,70.03%,-0.337304,"14:02 ET"
FOUR,45.38,2026-10-16,32,Put,35.00,-23.35%,0.3,0.32,0.35,1634,1150,1.42,63.36%,65.94%,-0.075607,"14:00 ET"
META,665.24,2026-09-18,4,Call,665.00,-0.04%,12.95,13.1,13.25,3171,2236,1.42,38.02%,42.91%,0.539111,"14:04 ET"
COIN,191.66,2026-09-18,4,Put,175.00,-8.71%,1.24,1.3,1.32,3980,2802,1.42,67.34%,83.71%,-0.143254,"14:04 ET"
SOFI,17.63,2026-09-18,4,Call,18.50,-4.76%,0.12,0.12,0.13,14931,10546,1.42,47.23%,57.00%,0.214807,"14:04 ET"
AVGO,346.24,2026-09-18,4,Put,342.50,-1.21%,3.75,3.85,3.9,506,359,1.41,35.93%,38.95%,-0.380014,"13:54 ET"
CLOV,5.14,2026-10-02,18,Call,5.50,-8.06%,0.17,0.17,0.18,522,369,1.41,71.10%,66.80%,0.362969,"14:03 ET"
AAPL,333.88,2028-03-17,550,Call,165.00,+50.69%,180,182.1,184,533,379,1.41,24.36%,45.92%,0.943986,"13:47 ET"
TSLA,362.29,2026-09-21,7,Put,325.00,-10.44%,0.4,0.44,0.43,566,402,1.41,40.25%,46.20%,-0.042898,"12:57 ET"
ONDS,7.3,2026-09-25,11,Call,7.50,-2.18%,0.27,0.27,0.28,1164,826,1.41,71.66%,70.89%,0.440686,"13:58 ET"
MRVL,223.57,2026-09-18,4,Call,222.50,+0.20%,7.1,7.36,7.4,1200,854,1.41,65.66%,72.77%,0.537128,"14:03 ET"
SMR,8.65,2026-09-25,11,Call,9.00,-3.09%,0.31,0.32,0.33,572,410,1.4,75.57%,77.47%,0.411418,"14:03 ET"
ERO,33.55,2026-09-18,4,Call,35.00,-4.17%,0.4,0.5,0.55,2085,1484,1.4,63.10%,72.87%,0.303187,"14:03 ET"
COIN,191.66,2026-09-18,4,Call,200.00,-4.34%,3.6,3.6,3.8,9872,7050,1.4,67.34%,88.13%,0.333487,"14:04 ET"
LITE,845.94,2026-09-18,4,Put,820.00,-3.09%,17.7,21.38,18.9,641,460,1.39,72.68%,82.70%,-0.353365,"12:42 ET"
HPQ,34.03,2028-01-21,494,Put,35.00,+2.91%,7.75,8.11,8.2,740,532,1.39,51.99%,50.08%,-0.390144,"13:34 ET"
CRCL,96.5,2026-09-18,4,Call,102.00,-5.90%,2.35,2.4,2.45,763,550,1.39,82.33%,111.96%,0.339722,"14:04 ET"
META,665.24,2026-09-16,2,Call,650.00,+2.21%,19.25,19.65,19.95,1167,838,1.39,38.02%,43.12%,0.797201,"14:01 ET"
NLY,21.76,2026-10-16,32,Put,22.00,+1.06%,0.89,1.11,1.17,2017,1454,1.39,24.22%,30.76%,-0.564528,"13:20 ET"
SNDK,1578.52,2026-09-18,4,Put,"1,500.00",-4.57%,19.3,20,19.5,4180,3004,1.39,69.45%,75.30%,-0.251123,"14:04 ET"
NFLX,80.53,2026-09-18,4,Call,82.00,-1.55%,0.64,0.66,0.65,14342,10300,1.39,32.71%,36.98%,0.323824,"14:04 ET"
CRWD,237.61,2026-09-18,4,Call,280.00,-17.46%,0.22,0.26,0.3,641,465,1.38,56.45%,80.98%,0.0336,"14:03 ET"
META,665.24,2026-09-14,0,Call,645.00,+2.97%,20.9,21.6,22.15,648,470,1.38,38.02%,23.62%,0.996994,"14:04 ET"
MU,930.14,2027-02-19,158,Call,"1,890.00",-104.10%,12.05,12.65,13.15,718,520,1.38,59.48%,65.39%,0.081373,"13:57 ET"
BX,127.39,2027-12-17,459,Call,150.00,-17.10%,13.1,14,13.7,772,561,1.38,37.56%,38.02%,0.420716,"11:42 ET"
SMCI,37.58,2026-09-18,4,Put,37.50,-0.66%,1.16,1.17,1.2,1217,882,1.38,68.94%,76.88%,-0.47773,"14:02 ET"
ONON,27.45,2026-09-18,4,Call,29.00,-5.57%,0.09,0.1,0.12,1409,1021,1.38,44.07%,49.63%,0.146449,"13:58 ET"
CVX,213.42,2026-09-18,4,Put,210.00,-1.71%,1.3,1.36,1.44,1784,1289,1.38,27.10%,31.91%,-0.297931,"13:58 ET"
ZS,190.36,2026-09-18,4,Call,190.00,+0.23%,5.9,6.17,6.45,2204,1594,1.38,56.87%,69.27%,0.551299,"14:04 ET"
CRWD,237.61,2026-09-18,4,Put,225.00,-5.61%,2.01,2.1,2.17,2440,1769,1.38,56.45%,71.59%,-0.201407,"14:03 ET"
QBTS,17.04,2026-09-18,4,Call,17.50,-2.16%,0.39,0.39,0.4,2538,1838,1.38,72.22%,81.57%,0.399623,"13:59 ET"
PATH,14.77,2026-09-18,4,Call,15.50,-3.82%,0.18,0.21,0.2,2732,1973,1.38,59.27%,71.73%,0.284959,"13:55 ET"
GS,985.45,2026-09-18,4,Put,960.00,-2.86%,6.75,7.5,8.45,541,394,1.37,37.01%,42.32%,-0.276228,"13:57 ET"
EPD,38.96,2026-09-18,4,Call,39.50,-1.44%,0.08,0.1,0.13,563,411,1.37,18.54%,18.14%,0.242436,"13:53 ET"
ORCL,144.16,2026-09-18,4,Put,139.00,-3.40%,1.37,1.43,1.46,657,479,1.37,49.44%,58.11%,-0.258993,"14:00 ET"
DECK,79.22,2026-09-18,4,Call,81.00,-2.26%,0.55,0.7,0.7,708,517,1.37,36.15%,40.89%,0.298136,"13:58 ET"
SLB,53.19,2026-10-02,18,Call,58.00,-8.65%,0.33,0.43,0.41,805,587,1.37,36.52%,37.65%,0.163178,"12:59 ET"
SPCX,151.87,2026-09-25,11,Put,145.00,-4.55%,2.68,2.69,2.7,1496,1091,1.37,50.79%,53.62%,-0.289285,"14:03 ET"
CLSK,13.59,2027-01-15,123,Call,23.00,-70.50%,0.67,0.64,0.73,1531,1117,1.37,82.51%,87.38%,0.22198,"10:47 ET"
NVDA,212.41,2026-10-09,25,Call,220.00,-3.55%,4.3,4.4,4.35,2524,1838,1.37,33.14%,32.86%,0.363364,"14:00 ET"
MSFT,509.14,2026-09-18,4,Put,500.00,-1.84%,2.28,2.33,2.34,4752,3478,1.37,24.82%,27.84%,-0.255365,"14:04 ET"
NVDA,212.41,2026-09-23,9,Call,230.00,-8.26%,0.31,0.32,0.33,6065,4439,1.37,33.14%,33.25%,0.067086,"14:03 ET"
SOUN,6.55,2027-04-16,214,Call,8.00,-21.77%,0.95,1.06,1.11,554,408,1.36,61.92%,73.64%,0.485902,"13:59 ET"
AAPL,333.88,2026-09-25,11,Call,337.50,-0.85%,4.15,4.22,4.35,568,418,1.36,24.36%,25.00%,0.41514,"14:02 ET"
MU,930.14,2026-10-02,18,Call,"1,150.00",-24.19%,5.45,5.75,6.4,644,475,1.36,59.48%,68.50%,0.095008,"13:18 ET"
AMD,496.11,2026-09-16,2,Put,482.50,-2.34%,2.89,3.04,3.05,853,626,1.36,50.60%,57.64%,-0.234457,"13:57 ET"
BP,45.94,2026-11-20,67,Call,46.00,+0.17%,2.61,2.6,2.7,939,692,1.36,31.76%,33.79%,0.527775,"13:53 ET"
IREN,44.3,2027-02-19,158,Call,55.00,-25.48%,7.05,7.12,7.4,1006,740,1.36,82.30%,90.75%,0.484287,"13:29 ET"
COIN,191.66,2026-09-18,4,Call,212.50,-10.86%,1.39,1.44,1.48,1319,971,1.36,67.34%,93.40%,0.153686,"14:04 ET"
RCAT,7.86,2026-09-18,4,Put,7.50,-4.82%,0.16,0.2,0.21,2013,1485,1.36,85.95%,105.27%,-0.312248,"13:57 ET"
CRWD,237.61,2026-09-18,4,Call,220.00,+7.71%,19.05,20.2,20.5,7034,5179,1.36,56.45%,65.70%,0.891129,"13:56 ET"
MSFT,509.14,2026-09-18,4,Put,497.50,-2.33%,1.73,1.75,1.84,551,408,1.35,24.82%,28.30%,-0.206992,"14:01 ET"
DBX,37.27,2026-10-16,32,Call,38.00,-1.79%,1.25,1.3,1.45,600,445,1.35,36.07%,36.13%,0.468146,"13:58 ET"
FIG,24.02,2026-09-18,4,Call,27.00,-11.80%,0.09,0.14,0.11,667,493,1.35,71.36%,83.08%,0.103666,"13:48 ET"
BAC,59.35,2026-09-25,11,Put,58.00,-3.28%,0.47,0.49,0.52,749,553,1.35,26.74%,25.99%,-0.288401,"14:01 ET"
DELL,542.5,2026-09-18,4,Call,570.00,-5.25%,5.65,5.96,6,1523,1131,1.35,61.01%,68.05%,0.258724,"14:03 ET"
CRK,14.57,2026-11-20,67,Call,15.00,-2.88%,1.2,1.25,1.35,1574,1167,1.35,51.88%,58.35%,0.504563,"14:02 ET"
DELL,542.5,2026-09-18,4,Put,520.00,-3.98%,6.4,6.65,6.85,2074,1542,1.35,61.01%,69.68%,-0.26507,"14:00 ET"
PLTR,173.23,2026-09-25,11,Call,167.50,+3.40%,9.3,9.4,9.55,589,438,1.34,48.28%,51.28%,0.667064,"14:04 ET"
UNH,383.96,2026-09-18,4,Call,382.50,+0.36%,5.5,5.95,5.85,665,495,1.34,34.17%,31.37%,0.546491,"13:58 ET"
MU,930.14,2026-09-18,4,Call,940.00,-1.51%,17.7,17.76,17.85,1542,1147,1.34,59.48%,57.38%,0.44159,"14:04 ET"
CHKP,140.1,2026-09-18,4,Call,145.00,-3.50%,0.75,1.04,1.55,2217,1654,1.34,36.67%,48.29%,0.271298,"14:01 ET"
DOCN,120.69,2026-09-18,4,Call,130.00,-8.89%,1.7,1.85,2.1,810,610,1.33,80.52%,95.69%,0.268616,"14:03 ET"
CRWD,237.61,2026-10-16,32,Call,275.00,-15.37%,4.95,5.15,5.35,826,619,1.33,56.45%,57.57%,0.234608,"13:38 ET"
MU,930.14,2026-09-18,4,Put,880.00,-4.97%,6.25,5.93,6.35,2480,1868,1.33,59.48%,61.50%,-0.186456,"13:58 ET"
IBM,250.58,2026-09-18,4,Call,255.00,-1.67%,2.38,2.4,2.49,4349,3276,1.33,34.05%,41.36%,0.34408,"14:02 ET"
SHAZ,53.78,2026-09-18,4,Put,50.00,-7.24%,0.55,1.23,1.4,528,401,1.32,105.95%,111.15%,-0.247114,"13:13 ET"
S,22.94,2026-09-18,4,Put,22.50,-1.79%,0.35,0.43,0.45,719,546,1.32,54.51%,64.61%,-0.362828,"13:53 ET"
APLD,25.15,2026-10-16,32,Call,34.00,-35.57%,0.52,0.54,0.6,1556,1179,1.32,89.41%,93.23%,0.170565,"13:10 ET"
XE,15.65,2027-01-15,123,Call,30.00,-91.69%,0.75,0.85,1.15,2505,1900,1.32,88.19%,104.20%,0.226181,"10:47 ET"
DFTX,39.73,2026-10-16,32,Put,35.00,-12.17%,0.8,1.18,1.25,522,397,1.31,65.15%,63.00%,-0.220288,"12:20 ET"
GLXY,24.27,2026-09-18,4,Call,28.00,-15.89%,0.1,0.11,0.12,604,461,1.31,84.84%,101.08%,0.095425,"13:58 ET"
BLSH,37.79,2026-09-18,4,Put,35.00,-7.55%,0.32,0.34,0.63,686,523,1.31,74.63%,95.48%,-0.211546,"12:21 ET"
TTAN,58.62,2026-10-16,32,Call,55.00,+5.98%,6.2,6.35,6.5,830,634,1.31,60.42%,60.74%,0.683555,"14:04 ET"
C,132.99,2026-09-18,4,Put,133.00,-0.37%,1.69,2,1.85,1065,810,1.31,32.94%,37.62%,-0.440442,"13:54 ET"
META,665.24,2026-09-18,4,Put,635.00,-4.47%,2.24,2.28,2.36,1215,930,1.31,38.02%,44.92%,-0.140751,"14:04 ET"
NBIS,218.94,2026-09-18,4,Put,212.50,-2.22%,5.35,5.45,5.5,1268,970,1.31,81.71%,90.79%,-0.362412,"14:04 ET"
PLAY,8.28,2027-01-15,123,Call,18.00,-118.18%,0.15,0.2,0.25,1600,1219,1.31,100.38%,92.42%,0.113461,"09:54 ET"
NVDA,212.41,2026-10-02,18,Call,210.00,+1.16%,7.7,7.8,7.8,2411,1841,1.31,33.14%,34.17%,0.578599,"13:58 ET"
HOOD,114.84,2026-09-18,4,Call,118.00,-3.19%,2.22,2.36,2.29,3999,3053,1.31,63.18%,77.65%,0.368758,"14:02 ET"
AAPL,333.88,2026-09-25,11,Call,332.50,+0.64%,6.55,6.91,6.8,575,441,1.3,24.36%,25.43%,0.550999,"13:54 ET"
AVGO,346.24,2026-09-25,11,Put,335.00,-3.38%,4,4.2,4.25,820,631,1.3,35.93%,37.12%,-0.286397,"13:58 ET"
XOM,165.38,2026-09-25,11,Call,175.00,-5.63%,0.67,0.68,0.78,874,674,1.3,30.08%,30.68%,0.159877,"13:36 ET"
DVN,50.01,2026-09-18,4,Put,50.00,-0.30%,0.9,0.99,0.99,1150,886,1.3,34.73%,47.94%,-0.471639,"14:00 ET"
XOM,165.38,2026-09-18,4,Put,162.50,-1.91%,1.06,1.11,1.19,1200,922,1.3,30.08%,34.91%,-0.290515,"14:01 ET"
XOM,165.38,2026-09-18,4,Put,157.50,-4.93%,0.27,0.29,0.3,2330,1799,1.3,30.08%,37.22%,-0.09306,"14:04 ET"
CCL,22.57,2026-09-18,4,Call,23.00,-2.00%,0.24,0.26,0.26,3342,2572,1.3,45.69%,44.84%,0.356767,"13:55 ET"
GOOG,345.75,2026-09-18,4,Call,342.50,+0.91%,6.35,6.47,6.75,3659,2818,1.3,29.56%,33.73%,0.607465,"14:03 ET"
SNDK,1578.52,2026-09-18,4,Call,"1,800.00",-14.51%,3.8,3.7,3.9,3978,3050,1.3,69.45%,82.08%,0.066929,"14:04 ET"
TSM,420.83,2027-02-19,158,Put,400.00,-5.03%,25.95,26,27,6338,4894,1.3,33.63%,35.91%,-0.348179,"14:04 ET"
OKTA,187.3,2026-09-18,4,Call,185.00,+1.40%,7.05,7.45,7.95,595,460,1.29,59.64%,70.70%,0.617074,"14:03 ET"
AVGO,346.24,2027-04-16,214,Put,280.00,-19.24%,13.6,13.45,14,617,480,1.29,35.93%,42.15%,-0.191401,"12:21 ET"
OSCR,33.83,2026-09-18,4,Put,33.00,-1.90%,0.9,1.03,1.05,1014,787,1.29,68.04%,97.55%,-0.381325,"13:36 ET"
PLTR,173.23,2026-09-25,11,Put,150.00,-13.49%,0.49,0.5,0.52,1231,952,1.29,48.28%,56.92%,-0.064995,"14:00 ET"
GOOGL,349.26,2026-09-18,4,Call,357.50,-2.44%,1.78,1.9,1.87,1421,1098,1.29,29.78%,33.34%,0.254152,"14:03 ET"
SPCX,151.87,2026-09-25,11,Call,165.00,-8.62%,1.6,1.63,1.63,3216,2492,1.29,50.79%,54.62%,0.207762,"14:04 ET"
ORCL,144.16,2026-09-18,4,Call,152.50,-5.98%,1.1,1.1,1.15,3387,2628,1.29,49.44%,63.56%,0.212857,"14:03 ET"
BMNR,25.9,2026-09-25,11,Call,30.00,-16.96%,0.39,0.41,0.43,4057,3135,1.29,81.88%,88.90%,0.197424,"13:54 ET"
MU,930.14,2026-11-20,67,Call,"1,300.00",-40.38%,14.75,16.05,17,7222,5591,1.29,59.48%,62.96%,0.139303,"13:56 ET"
AMZN,255.3,2026-11-20,67,Call,270.00,-5.65%,10.85,10.95,11.1,18561,14355,1.29,30.49%,37.27%,0.409102,"14:04 ET"
PEP,136.45,2026-09-18,4,Call,138.00,-1.00%,0.66,0.76,0.83,527,413,1.28,24.25%,24.34%,0.33031,"13:40 ET"
RIOT,21.34,2026-09-18,4,Call,20.50,+3.30%,1.19,1.25,1.32,782,612,1.28,81.87%,91.76%,0.670394,"13:54 ET"
IBM,250.58,2026-09-18,4,Call,252.50,-0.67%,3.25,3.38,3.5,1558,1219,1.28,34.05%,41.49%,0.431288,"14:03 ET"
PLTR,173.23,2026-09-25,11,Call,170.00,+1.96%,7.75,7.87,7.9,1672,1306,1.28,48.28%,50.45%,0.605756,"13:58 ET"
PLTR,173.23,2026-12-18,95,Put,170.00,-1.96%,16.65,16.91,17.05,2071,1621,1.28,48.28%,55.05%,-0.407921,"13:51 ET"
SOFI,17.63,2026-09-25,11,Call,17.50,+0.91%,0.65,0.65,0.67,2256,1769,1.28,47.23%,48.83%,0.551407,"14:03 ET"
SPCX,151.87,2026-09-18,4,Put,152.50,+0.39%,4,4.02,4.05,2384,1861,1.28,50.79%,58.86%,-0.511627,"14:04 ET"
AAPL,333.88,2026-09-16,2,Put,320.00,-4.38%,0.19,0.19,0.2,2852,2233,1.28,24.36%,35.42%,-0.052394,"14:03 ET"
AMZN,255.3,2026-09-18,4,Put,252.50,-1.19%,2.23,2.25,2.29,2896,2257,1.28,30.49%,32.93%,-0.367289,"14:03 ET"
PATH,14.77,2026-11-20,67,Call,24.00,-60.75%,0.09,0.1,0.16,501,394,1.27,59.27%,69.02%,0.071778,"13:15 ET"
INTC,98.53,2027-06-17,276,Put,125.00,+27.12%,37.45,37.87,37.95,525,412,1.27,60.56%,63.66%,-0.553411,"13:08 ET"
AAPL,333.88,2026-09-25,11,Put,312.50,-6.62%,0.68,0.68,0.72,555,437,1.27,24.36%,28.97%,-0.088445,"14:00 ET"
TSLA,362.29,2028-12-15,823,Call,150.00,+58.66%,235.55,235.6,240.35,633,500,1.27,40.25%,58.90%,0.938847,"11:15 ET"
RKLB,62.75,2026-09-25,11,Call,72.00,-14.29%,0.54,0.54,0.59,636,499,1.27,67.93%,71.67%,0.148113,"14:01 ET"
CTSH,63.68,2026-10-16,32,Call,67.50,-5.30%,1.6,1.7,1.8,717,565,1.27,40.34%,42.04%,0.343307,"14:04 ET"
ENVX,3.04,2026-11-20,67,Call,3.00,+1.64%,0.53,0.55,0.55,927,729,1.27,84.48%,100.35%,0.601715,"13:36 ET"
APLD,25.15,2026-09-18,4,Call,25.00,+0.32%,0.89,0.97,0.96,2818,2226,1.27,89.41%,83.88%,0.534702,"14:00 ET"
RGTI,15.38,2026-10-16,32,Call,20.00,-29.20%,0.28,0.29,0.29,3774,2982,1.27,73.45%,79.47%,0.164375,"13:43 ET"
AAPL,333.88,2026-09-18,4,Call,337.50,-0.85%,2.32,2.33,2.36,7214,5678,1.27,24.36%,27.80%,0.359757,"14:04 ET"
NVDA,212.41,2026-09-25,11,Call,220.00,-3.55%,1.99,1.99,2.02,9027,7112,1.27,33.14%,32.61%,0.277941,"14:03 ET"
AAPL,333.88,2027-09-17,368,Put,315.00,-5.87%,23,23.4,23.55,510,406,1.26,24.36%,28.06%,-0.329724,"14:04 ET"
HON,198.9,2026-11-20,67,Call,220.00,-10.50%,3.9,4.75,4.4,799,635,1.26,29.09%,33.51%,0.258327,"12:55 ET"
AMD,496.11,2026-09-18,4,Call,505.00,-2.21%,8.3,8.4,8.55,897,710,1.26,50.60%,56.80%,0.409505,"14:04 ET"
IREN,44.3,2026-09-18,4,Call,51.00,-16.36%,0.18,0.21,0.21,1598,1266,1.26,82.30%,99.57%,0.094293,"14:01 ET"
BMNR,25.9,2028-06-16,641,Put,25.00,-2.53%,9,9.27,9.5,3003,2380,1.26,81.88%,83.08%,-0.269262,"12:32 ET"
SOFI,17.63,2026-09-18,4,Call,18.00,-1.93%,0.25,0.25,0.26,30242,24015,1.26,47.23%,56.36%,0.36877,"14:04 ET"
META,665.24,2026-10-02,18,Put,600.00,-9.74%,3.2,3.27,3.35,543,435,1.25,38.02%,40.68%,-0.108601,"14:03 ET"
CRCL,96.5,2026-09-25,11,Call,98.00,-1.74%,5.25,5.37,5.5,688,549,1.25,82.33%,90.10%,0.493979,"14:02 ET"
ANET,190.5,2026-10-16,32,Put,165.00,-13.16%,2.25,2.4,2.52,707,565,1.25,48.63%,51.55%,-0.148049,"13:45 ET"
MSTR,136.98,2026-09-18,4,Put,133.00,-2.78%,2.86,2.9,3.05,754,602,1.25,72.08%,85.09%,-0.344161,"14:03 ET"
CRWV,84.66,2026-09-25,11,Call,96.00,-13.48%,1.22,1.3,1.29,773,619,1.25,75.37%,79.41%,0.204006,"13:58 ET"
HOOD,114.84,2026-09-18,4,Call,119.00,-4.07%,1.92,2.04,1.99,1334,1066,1.25,63.18%,78.10%,0.331436,"14:02 ET"
NVDA,212.41,2026-09-25,11,Call,210.00,+1.16%,6.25,6.3,6.35,3060,2450,1.25,33.14%,34.10%,0.589053,"14:04 ET"
FTNT,170.02,2026-11-20,67,Put,150.00,-11.80%,7.25,7.6,7.75,3146,2511,1.25,48.13%,58.54%,-0.256274,"13:45 ET"
GME,21.64,2026-09-25,11,Call,22.00,-1.95%,0.52,0.55,0.56,3689,2944,1.25,43.81%,47.41%,0.431096,"14:03 ET"
CMG,37.01,2026-10-16,32,Call,40.00,-8.20%,0.54,0.57,0.57,5330,4249,1.25,35.47%,35.15%,0.253172,"14:04 ET"
NKE,37.1,2026-09-18,4,Call,38.00,-2.29%,0.21,0.22,0.25,7077,5667,1.25,45.55%,37.29%,0.266229,"14:03 ET"
DNN,2.88,2027-04-16,214,Call,4.00,-38.41%,0.25,0.32,0.35,527,426,1.24,63.98%,68.48%,0.374571,"12:44 ET"
MNRO,12.85,2027-01-15,123,Call,17.50,-36.29%,0.7,0.85,0.9,540,437,1.24,65.39%,73.28%,0.286312,"13:00 ET"
PANW,376.64,2026-10-16,32,Call,420.00,-11.45%,9.85,10,10.7,604,486,1.24,53.07%,54.62%,0.290685,"13:55 ET"
MRVL,223.57,2026-09-18,4,Call,227.50,-2.04%,4.95,5.15,5.25,721,583,1.24,65.66%,73.79%,0.422782,"14:02 ET"
MSFT,509.14,2026-09-25,11,Call,510.00,-0.13%,8.65,8.79,8.95,983,794,1.24,24.82%,25.29%,0.504423,"14:02 ET"
TSM,420.83,2026-09-18,4,Call,425.00,-0.91%,4.4,4.25,4.6,1011,816,1.24,33.63%,32.87%,0.429314,"14:02 ET"
NVDA,212.41,2026-09-23,9,Call,225.00,-5.90%,0.69,0.74,0.73,1027,830,1.24,33.14%,32.32%,0.133636,"13:51 ET"
TSLA,362.29,2026-09-18,4,Put,337.50,-6.99%,0.65,0.67,0.67,1349,1085,1.24,40.25%,48.04%,-0.07865,"14:03 ET"
MSTR,136.98,2026-09-18,4,Call,133.00,+2.78%,7,7.2,7.4,3131,2533,1.24,72.08%,84.13%,0.657389,"14:01 ET"
"Downloaded from Barchart.com as of 09-14-2026 01:34pm CDT"
