Symbol,Price~,"Exp Date",DTE,Type,Strike,Moneyness,Bid,Latest,Ask,Volume,"Open Int",Vol/OI,"Imp Vol",IV,Delta,Time
TSLA,381.2,2026-09-04,1,Put,375.00,-1.03%,3.3,3.35,3.4,36408,287,126.86,44.99%,79.77%,-0.317032,"11:46 ET"
TSLA,381.2,2026-09-04,1,Put,380.00,+0.29%,5.3,5.35,5.4,25735,210,122.55,44.99%,80.28%,-0.437261,"11:46 ET"
META,618.05,2026-09-04,1,Put,610.00,-1.11%,3.1,3.12,3.25,11338,114,99.46,35.69%,48.30%,-0.311869,"11:46 ET"
PBR,20.75,2026-12-18,106,Put,18.00,-14.12%,0.71,0.72,0.81,25504,325,78.47,41.78%,44.68%,-0.230756,"11:22 ET"
TSLA,381.2,2026-09-04,1,Put,372.50,-1.69%,2.61,2.62,2.64,20358,265,76.82,44.99%,80.29%,-0.263567,"11:46 ET"
SPCX,149.36,2026-09-04,1,Put,148.00,-0.85%,1.33,1.36,1.35,12568,175,71.82,50.10%,66.49%,-0.3675,"11:46 ET"
SPCX,149.36,2026-09-11,8,Put,148.00,-0.85%,3.55,3.55,3.65,7082,145,48.84,50.10%,50.34%,-0.422766,"11:45 ET"
SPCX,149.36,2026-09-04,1,Put,147.00,-1.52%,0.98,1,1.01,10005,205,48.8,50.10%,66.47%,-0.296833,"11:46 ET"
PURR,12.32,2026-09-18,15,Call,12.50,-1.21%,1.05,1.08,1.1,7889,170,46.41,103.93%,113.74%,0.527658,"11:45 ET"
SPCX,149.36,2026-09-04,1,Put,149.00,-0.18%,1.75,1.78,1.78,6459,140,46.14,50.10%,66.71%,-0.44254,"11:46 ET"
CIFR,17.08,2026-10-02,29,Put,13.00,-22.89%,0.28,0.3,0.35,8354,187,44.67,94.37%,93.84%,-0.125367,"11:36 ET"
MDT,92.4,2026-09-11,8,Call,96.00,-3.85%,0.38,0.39,0.42,13778,331,41.63,25.31%,28.69%,0.189086,"11:39 ET"
ACMR,69.57,2026-09-11,8,Call,70.00,-1.43%,2.3,1.95,3,5259,138,38.11,73.71%,69.89%,0.494953,"09:57 ET"
TSLA,381.2,2026-09-09,6,Put,360.00,-4.99%,1.77,1.78,1.81,13110,348,37.67,44.99%,46.39%,-0.148414,"11:46 ET"
AVGO,348.39,2026-09-04,1,Call,355.00,-2.16%,2.4,2.44,2.49,8319,259,32.12,35.84%,59.44%,0.34211,"11:46 ET"
TDS,37.21,2026-09-18,15,Call,40.00,-6.50%,0.2,0.23,0.25,3543,124,28.57,32.99%,34.55%,0.167226,"11:46 ET"
CRDO,168.71,2026-09-18,15,Call,185.00,-9.79%,4.5,4.78,4.9,8835,314,28.14,74.14%,76.50%,0.304845,"11:46 ET"
TSLA,381.2,2026-09-04,1,Put,367.50,-3.01%,1.52,1.49,1.54,18189,654,27.81,44.99%,81.11%,-0.172383,"11:46 ET"
SPCX,149.36,2026-09-04,1,Put,146.00,-2.19%,0.72,0.71,0.74,6272,226,27.75,50.10%,66.91%,-0.234168,"11:46 ET"
HOOD,122.65,2026-09-04,1,Put,120.00,-2.71%,1.54,1.6,1.6,12411,465,26.69,64.23%,84.71%,-0.399706,"11:46 ET"
MDT,92.4,2026-09-11,8,Call,95.00,-2.77%,0.55,0.57,0.6,15783,592,26.66,25.31%,27.85%,0.256167,"11:43 ET"
SNOW,365.66,2026-09-04,1,Put,340.00,-8.01%,0.31,0.37,0.4,3053,124,24.62,46.02%,88.40%,-0.049306,"11:46 ET"
SPCX,149.36,2026-09-25,22,Put,123.00,-17.60%,0.7,0.8,0.76,3259,136,23.96,50.10%,58.20%,-0.07241,"10:01 ET"
HOOD,122.65,2026-09-04,1,Call,124.00,-0.54%,1.15,1.18,1.22,6048,253,23.91,64.23%,90.10%,0.32511,"11:46 ET"
TSLA,381.2,2026-09-04,1,Put,385.00,+1.60%,7.95,8,8.05,6992,305,22.92,44.99%,81.17%,-0.56009,"11:46 ET"
CIFR,17.08,2026-10-09,36,Put,13.00,-22.89%,0.35,0.37,0.46,7678,335,22.92,94.37%,92.23%,-0.141135,"11:29 ET"
LITE,854.08,2026-09-04,1,Call,860.00,-1.03%,11.1,11.2,11.7,3428,150,22.85,69.29%,85.54%,0.420776,"11:45 ET"
IREN,41.49,2027-03-19,197,Call,60.00,-45.53%,5.7,5.75,5.95,4376,193,22.67,80.58%,89.25%,0.415931,"11:44 ET"
TSLA,381.2,2026-09-09,6,Put,370.00,-2.35%,3.9,3.92,4,3564,165,21.6,44.99%,45.67%,-0.277432,"11:46 ET"
ONDS,7.66,2027-03-19,197,Call,17.00,-120.78%,0.45,0.45,0.49,6024,280,21.51,71.93%,92.38%,0.2122,"11:08 ET"
META,618.05,2026-09-04,1,Put,605.00,-1.92%,1.83,1.86,1.91,4002,190,21.06,35.69%,48.56%,-0.208423,"11:46 ET"
TSLA,381.2,2026-09-04,1,Call,377.50,+0.37%,8.75,8.9,8.9,49127,2368,20.75,44.99%,78.12%,0.626643,"11:46 ET"
LYFT,17.4,2026-09-04,1,Put,17.50,+0.86%,0.21,0.33,0.38,3036,151,20.11,42.74%,60.13%,-0.593701,"11:27 ET"
TSLA,381.2,2026-09-11,8,Put,375.00,-1.03%,7.3,7.39,7.4,3693,184,20.07,44.99%,47.68%,-0.377239,"11:46 ET"
TSLA,381.2,2026-09-04,1,Put,370.00,-2.35%,2,2,2.01,49014,2486,19.72,44.99%,80.44%,-0.214397,"11:46 ET"
SPCX,149.36,2028-01-21,505,Put,175.00,+17.24%,49.7,50.4,51.2,2011,105,19.15,50.10%,55.79%,-0.453056,"11:29 ET"
HOOD,122.65,2026-09-04,1,Call,123.00,+0.28%,1.45,1.59,1.58,6287,340,18.49,64.23%,89.71%,0.38854,"11:45 ET"
AMD,456.17,2026-09-11,8,Call,457.50,-0.50%,11.6,11.9,12.25,2498,136,18.37,46.95%,45.12%,0.506835,"11:44 ET"
BABA,111.07,2026-09-11,8,Put,103.00,-7.24%,0.07,0.26,0.26,2580,147,17.55,40.13%,34.36%,-0.065452,"10:42 ET"
OKLO,40.48,2026-10-16,43,Call,45.00,-11.00%,2.34,2.39,2.42,51120,2932,17.44,71.17%,72.62%,0.385709,"11:45 ET"
META,618.05,2026-09-04,1,Call,637.50,-3.35%,0.85,0.89,0.9,4759,279,17.06,35.69%,49.94%,0.112873,"11:44 ET"
MSTR,139.05,2026-09-04,1,Put,135.00,-2.36%,1.36,1.4,1.44,19753,1178,16.77,75.04%,98.46%,-0.300564,"11:46 ET"
TSLA,381.2,2026-09-04,1,Put,365.00,-3.67%,1.15,1.15,1.16,34557,2070,16.69,44.99%,81.87%,-0.136585,"11:46 ET"
SNEX,68.92,2026-09-18,15,Call,75.00,-8.79%,0.75,0.85,0.85,1726,107,16.13,46.15%,47.26%,0.220016,"11:45 ET"
MU,950.21,2026-09-04,1,Call,935.00,+1.34%,18.3,19,19.3,8919,565,15.79,58.40%,64.91%,0.637525,"11:45 ET"
TSLA,381.2,2026-09-04,1,Call,382.50,-0.94%,6.1,6.13,6.15,30992,1968,15.75,44.99%,78.61%,0.500548,"11:46 ET"
HOOD,122.65,2026-09-04,1,Call,122.00,+1.09%,1.83,2,1.96,7291,469,15.55,64.23%,88.76%,0.455835,"11:46 ET"
META,618.05,2026-09-04,1,Call,632.50,-2.54%,1.44,1.49,1.53,5808,378,15.37,35.69%,48.91%,0.176219,"11:46 ET"
FCEL,14.56,2026-09-18,15,Call,17.00,-17.57%,0.3,0.4,0.45,4916,323,15.22,94.62%,94.50%,0.247028,"11:39 ET"
MSFT,512.38,2026-09-04,1,Put,510.00,-0.55%,2.05,2.07,2.1,10292,677,15.2,25.14%,31.01%,-0.36213,"11:46 ET"
MU,950.21,2026-09-04,1,Call,937.50,+1.08%,16.75,17,17.8,3116,206,15.13,58.40%,64.91%,0.607677,"11:46 ET"
AVGO,348.39,2026-09-04,1,Call,342.50,+1.43%,8.9,9.14,9.6,2501,166,15.07,35.84%,57.99%,0.777413,"11:46 ET"
AVGO,348.39,2026-09-09,6,Call,350.00,-0.73%,6.3,6.75,6.75,3968,264,15.03,35.84%,35.02%,0.521733,"11:45 ET"
HOOD,122.65,2026-09-04,1,Call,121.00,+1.90%,2.28,2.45,2.42,5981,398,15.03,64.23%,88.07%,0.526474,"11:45 ET"
HOOD,122.65,2026-09-04,1,Call,128.00,-3.78%,0.42,0.46,0.5,1633,109,14.98,64.23%,96.88%,0.148146,"11:45 ET"
DELL,514.91,2026-09-04,1,Put,487.50,-5.31%,0.94,0.97,0.98,1787,120,14.89,62.98%,90.84%,-0.083347,"11:46 ET"
AVGO,348.39,2026-09-04,1,Call,357.50,-2.88%,1.7,1.87,1.83,3880,261,14.87,35.84%,60.24%,0.26649,"11:45 ET"
RKT,14.12,2026-09-18,15,Call,14.50,-3.42%,0.43,0.45,0.46,12372,838,14.76,52.03%,53.13%,0.42513,"11:45 ET"
COIN,192.7,2026-09-11,8,Call,197.50,-3.12%,5.25,5.65,5.6,2328,158,14.73,67.64%,67.57%,0.413238,"11:44 ET"
SNOW,365.66,2026-09-04,1,Put,375.00,+1.46%,11.4,11.95,11.95,2956,203,14.56,46.02%,85.95%,-0.684785,"11:46 ET"
AMD,456.17,2026-09-04,1,Call,452.50,+0.60%,7.65,7.65,8.25,2798,193,14.5,46.95%,59.12%,0.62288,"11:39 ET"
AMD,456.17,2026-09-04,1,Call,445.00,+2.24%,12.95,12.85,13.75,2698,187,14.43,46.95%,60.58%,0.797695,"11:44 ET"
HUM,411.55,2026-11-20,78,Put,320.00,-22.38%,6.5,7.7,8.5,1407,100,14.07,55.04%,54.96%,-0.128242,"11:04 ET"
TSLA,381.2,2026-09-04,1,Call,387.50,-2.26%,4.05,4.11,4.15,28104,2047,13.73,44.99%,79.72%,0.378516,"11:46 ET"
ADBE,285.8,2026-10-09,36,Call,295.00,-2.96%,14.35,14.55,15.55,1556,114,13.65,51.81%,51.40%,0.464568,"11:43 ET"
OXY,60.86,2026-09-11,8,Put,58.00,-5.31%,0.19,0.21,0.24,1799,133,13.53,30.86%,32.45%,-0.140775,"11:30 ET"
HOOD,122.65,2026-09-04,1,Put,118.00,-4.33%,0.85,0.82,0.92,4543,336,13.52,64.23%,85.03%,-0.264006,"11:45 ET"
TSLA,381.2,2026-09-04,1,Call,402.50,-6.22%,1.12,1.13,1.13,17356,1313,13.22,44.99%,86.66%,0.131701,"11:46 ET"
DELL,514.91,2026-09-04,1,Put,505.00,-1.91%,3.9,3.97,4.05,1972,151,13.06,62.98%,90.62%,-0.260262,"11:46 ET"
ASST,26.66,2026-09-04,1,Call,26.50,+0.26%,0.61,0.62,0.76,3269,253,12.92,88.34%,121.72%,0.518049,"11:44 ET"
TSLA,381.2,2026-09-09,6,Call,377.50,+0.37%,11.25,11.4,11.45,3550,284,12.5,44.99%,44.75%,0.59985,"11:46 ET"
HOOD,122.65,2026-09-04,1,Call,126.00,-2.16%,0.71,0.72,0.79,2285,183,12.49,64.23%,93.80%,0.223754,"11:44 ET"
CIFR,17.08,2026-09-11,8,Call,17.50,-3.80%,0.67,0.7,0.74,5215,418,12.48,94.37%,92.75%,0.439704,"11:39 ET"
AVGO,348.39,2026-09-04,1,Call,350.00,-0.73%,4.35,4.45,4.45,23291,1882,12.38,35.84%,57.63%,0.519888,"11:46 ET"
CVX,212.33,2026-09-11,8,Call,222.50,-4.38%,0.38,0.46,0.54,2511,203,12.37,24.86%,25.51%,0.118556,"11:31 ET"
META,618.05,2026-09-04,1,Put,620.00,+0.51%,7.3,7.28,7.6,1610,136,11.84,35.69%,46.99%,-0.562775,"11:46 ET"
WULF,15.98,2026-09-25,22,Call,18.00,-13.64%,0.56,0.6,0.63,2038,176,11.58,81.98%,88.28%,0.30271,"11:46 ET"
PLTR,182.74,2026-10-02,29,Put,152.50,-16.60%,1.27,1.34,1.35,1493,130,11.48,48.18%,53.08%,-0.095791,"11:15 ET"
TSLA,381.2,2026-09-04,1,Call,397.50,-4.90%,1.72,1.73,1.73,16260,1418,11.47,44.99%,83.66%,0.19088,"11:46 ET"
MSTR,139.05,2026-09-11,8,Call,141.00,-1.97%,5.1,5.3,5.35,3693,323,11.43,75.04%,77.04%,0.462748,"11:45 ET"
AS,28.52,2027-01-15,134,Call,32.50,-13.92%,1.75,1.8,1.95,1148,103,11.15,45.26%,45.94%,0.386591,"11:32 ET"
RKT,14.12,2026-10-02,29,Call,14.00,+0.14%,0.89,0.91,0.93,2382,214,11.13,52.03%,52.99%,0.55726,"11:29 ET"
SHAZ,55.38,2026-10-16,43,Call,60.00,-10.35%,5,5.57,6.5,5933,550,10.79,105.81%,99.86%,0.476182,"11:42 ET"
META,618.05,2026-09-04,1,Call,635.00,-2.94%,1.1,1.18,1.17,6862,647,10.61,35.69%,49.30%,0.14113,"11:46 ET"
MSTR,139.05,2026-09-11,8,Call,148.00,-7.04%,3.05,3.1,3.2,1876,177,10.6,75.04%,80.68%,0.312167,"11:46 ET"
BE,233.33,2026-09-11,8,Call,275.00,-19.38%,2.79,3.15,3.5,2235,213,10.49,87.53%,105.94%,0.171593,"11:41 ET"
XPEV,11.03,2026-09-04,1,Call,11.00,+0.18%,0.13,0.16,0.17,1269,123,10.32,50.35%,54.58%,0.563833,"11:08 ET"
META,618.05,2026-09-04,1,Call,625.00,-1.32%,3.1,3.23,3.3,17135,1690,10.14,35.69%,48.38%,0.319449,"11:46 ET"
BCS,26.75,2026-10-16,43,Call,29.00,-8.41%,0.25,0.28,0.3,2027,203,9.99,27.76%,27.55%,0.20285,"11:20 ET"
META,618.05,2026-09-04,1,Put,597.50,-3.14%,0.75,0.77,0.82,1736,174,9.98,35.69%,49.75%,-0.101649,"11:46 ET"
DJT,9.59,2026-10-16,43,Call,11.00,-14.94%,0.49,0.5,0.52,5139,516,9.96,68.48%,75.28%,0.347929,"11:42 ET"
BMNR,25.88,2028-06-16,652,Put,37.00,+43.86%,17.55,17.82,17.95,3000,304,9.87,81.19%,81.65%,-0.412895,"11:40 ET"
CRM,263.91,2026-09-11,8,Put,247.50,-6.49%,0.85,0.92,0.95,1220,124,9.84,37.94%,38.48%,-0.118868,"11:43 ET"
BHC,6.68,2028-12-15,834,Call,7.00,-3.24%,2.3,2.5,2.55,1254,128,9.8,44.75%,136.65%,0.561062,"10:57 ET"
META,618.05,2026-09-04,1,Call,642.50,-4.16%,0.5,0.5,0.54,2353,240,9.8,35.69%,51.40%,0.071262,"11:45 ET"
MU,950.21,2026-09-04,1,Put,932.50,-1.60%,6.65,6.95,6.95,1701,175,9.72,58.40%,62.65%,-0.328302,"11:46 ET"
META,618.05,2026-09-04,1,Put,600.00,-2.73%,1.02,1.04,1.06,7462,768,9.72,35.69%,49.02%,-0.129659,"11:46 ET"
AVGO,348.39,2026-09-04,1,Call,362.50,-4.32%,0.85,0.9,0.92,2407,250,9.63,35.84%,62.19%,0.151589,"11:46 ET"
TSLA,381.2,2026-09-11,8,Put,367.50,-3.01%,4.7,4.9,4.8,1165,123,9.47,44.99%,47.82%,-0.275,"11:42 ET"
AMD,456.17,2026-09-04,1,Call,455.00,+0.05%,6.2,6.6,6.7,4535,481,9.43,46.95%,58.49%,0.554125,"11:45 ET"
TSLA,381.2,2026-09-04,1,Put,390.00,+2.92%,11.2,11.32,11.4,1826,196,9.32,44.99%,82.92%,-0.671695,"11:46 ET"
DELL,514.91,2026-09-04,1,Put,500.00,-2.88%,2.7,2.78,2.75,4858,521,9.32,62.98%,90.11%,-0.195758,"11:46 ET"
CBRL,54.26,2026-09-18,15,Call,55.00,-1.66%,2.4,2.4,2.8,4654,500,9.31,62.02%,61.60%,0.509436,"11:21 ET"
TSLA,381.2,2026-09-18,15,Call,377.50,+0.37%,16.65,16.65,16.95,3512,383,9.17,44.99%,45.74%,0.577221,"11:46 ET"
AAPL,330.04,2026-09-04,1,Put,327.50,-0.78%,1.12,1.13,1.14,32962,3595,9.17,24.84%,30.10%,-0.328642,"11:46 ET"
XP,19.79,2026-09-18,15,Call,21.00,-5.85%,0.15,0.25,0.3,1076,118,9.12,45.33%,41.35%,0.240402,"11:31 ET"
PBR,20.75,2026-12-18,106,Put,16.00,-23.66%,0.27,0.3,0.35,25500,2855,8.93,41.78%,45.34%,-0.112867,"11:22 ET"
MU,950.21,2026-09-04,1,Call,947.50,+0.02%,11.6,11.87,12,2744,308,8.91,58.40%,64.17%,0.484079,"11:46 ET"
WMT,108.99,2026-09-04,1,Put,107.00,-1.76%,0.1,0.1,0.11,3080,346,8.9,21.91%,29.84%,-0.123712,"11:45 ET"
HPE,48.26,2026-09-04,1,Call,48.00,+0.85%,0.96,1.17,1.47,2241,255,8.79,51.85%,79.44%,0.648209,"11:41 ET"
SPCX,149.36,2026-11-20,78,Call,265.00,-77.53%,0.59,0.61,0.68,1010,117,8.63,50.10%,63.98%,0.039439,"10:43 ET"
BABA,111.07,2026-09-11,8,Call,112.00,-0.86%,1.98,2.05,2.07,2010,233,8.63,40.13%,37.34%,0.451296,"11:36 ET"
CIEN,320.91,2026-09-04,1,Call,340.00,-6.13%,0.85,0.9,0.95,1153,134,8.6,63.22%,103.33%,0.110739,"11:45 ET"
SNOW,365.66,2026-09-04,1,Call,395.00,-6.87%,0.49,0.49,0.56,1557,181,8.6,46.02%,93.83%,0.067579,"11:46 ET"
TSLA,381.2,2026-09-11,8,Put,370.00,-2.35%,5.45,5.5,5.55,3675,432,8.51,44.99%,47.63%,-0.30725,"11:46 ET"
NEM,129.99,2026-09-11,8,Put,130.00,+0.14%,2.86,3.1,3.2,1122,132,8.5,40.92%,39.09%,-0.492181,"11:40 ET"
HOOD,122.65,2026-09-04,1,Call,129.00,-4.59%,0.32,0.35,0.38,1155,136,8.49,64.23%,97.75%,0.117662,"11:46 ET"
RDW,10.26,2026-09-18,15,Call,10.50,-2.44%,0.5,0.55,0.65,1035,122,8.48,79.20%,77.52%,0.492457,"11:41 ET"
AMD,456.17,2026-09-04,1,Call,450.00,+1.14%,9.3,9.6,9.9,4629,546,8.48,46.95%,59.57%,0.687438,"11:40 ET"
TSLA,381.2,2026-09-04,1,Call,380.00,-0.29%,7.35,7.42,7.45,95225,11269,8.45,44.99%,78.42%,0.563974,"11:46 ET"
AMZN,258.99,2026-09-09,6,Call,250.00,+3.12%,9.55,10,10.1,1060,126,8.41,29.53%,28.34%,0.839933,"11:37 ET"
DELL,514.91,2026-09-04,1,Put,485.00,-5.79%,0.76,0.77,0.78,2672,322,8.3,62.98%,91.29%,-0.068915,"11:46 ET"
TSLA,381.2,2026-09-04,1,Put,387.50,+2.26%,9.5,9.5,9.65,1058,128,8.27,44.99%,81.95%,-0.618047,"11:46 ET"
AAPL,330.04,2026-09-04,1,Call,332.50,-0.74%,1.05,1.07,1.07,87025,10564,8.24,24.84%,31.23%,0.309184,"11:46 ET"
AVGO,348.39,2026-09-04,1,Call,360.00,-3.60%,1.24,1.26,1.3,11167,1364,8.19,35.84%,61.42%,0.203943,"11:46 ET"
HOOD,122.65,2026-09-04,1,Put,113.00,-8.38%,0.14,0.15,0.17,1141,140,8.15,64.23%,88.90%,-0.062247,"11:41 ET"
TSLA,381.2,2026-09-09,6,Call,392.50,-3.58%,4.95,5,5.05,1104,136,8.12,44.99%,46.37%,0.341138,"11:46 ET"
SAIL,18.98,2026-10-16,43,Call,25.00,-31.79%,0.4,0.42,0.65,1020,126,8.1,84.00%,80.26%,0.202357,"10:43 ET"
FIGR,36.35,2026-09-04,1,Call,35.00,+3.39%,1.2,1.6,1.95,2009,248,8.1,77.26%,149.54%,0.6337,"10:50 ET"
META,618.05,2026-09-04,1,Call,617.50,-0.11%,6.1,6.15,6.45,11613,1450,8.01,35.69%,48.98%,0.503109,"11:45 ET"
NIO,3.79,2026-09-18,15,Call,3.50,+7.41%,0.31,0.33,0.38,1086,136,7.99,50.60%,39.60%,0.874662,"11:18 ET"
MEI,16.48,2027-01-15,134,Call,15.00,+8.37%,3.6,3.9,4.6,1353,171,7.91,89.65%,81.30%,0.685455,"10:46 ET"
BSX,47.38,2026-09-18,15,Put,46.50,-2.02%,1.15,1.2,1.3,2501,316,7.91,40.89%,42.68%,-0.400001,"11:37 ET"
AVGO,348.39,2026-09-11,8,Call,360.00,-3.60%,3.95,4.2,4.2,3678,465,7.91,35.84%,37.75%,0.327187,"11:45 ET"
AMAT,436.14,2026-11-20,78,Call,440.00,-1.23%,41.5,42.15,43.35,1668,214,7.79,49.02%,54.21%,0.54198,"11:18 ET"
MSTR,139.05,2026-09-04,1,Put,136.00,-1.64%,1.7,1.71,1.8,1476,190,7.77,75.04%,98.65%,-0.352381,"11:45 ET"
APLD,25.84,2026-09-11,8,Call,25.50,+0.31%,1.14,1.22,1.2,3543,461,7.69,83.49%,69.73%,0.554444,"11:40 ET"
CVX,212.33,2026-09-11,8,Call,217.50,-2.04%,1.15,1.23,1.35,2566,335,7.66,24.86%,24.36%,0.270975,"11:41 ET"
DELL,514.91,2026-09-04,1,Put,490.00,-4.82%,1.19,1.2,1.22,4450,581,7.66,62.98%,90.73%,-0.100834,"11:45 ET"
DELL,514.91,2026-09-04,1,Call,527.50,-2.46%,6.4,6.55,6.65,1287,169,7.62,62.98%,89.67%,0.389788,"11:46 ET"
KVUE,19.01,2026-09-04,1,Put,19.00,+0.42%,0,0.18,0.39,1000,132,7.58,16.56%,55.12%,-0.458159,"10:25 ET"
APLD,25.84,2026-09-11,8,Call,25.00,+2.27%,1.38,1.44,1.49,3248,429,7.57,83.49%,69.01%,0.629725,"11:45 ET"
CRCL,101.29,2026-09-04,1,Put,100.00,-0.44%,1.55,1.5,1.69,1256,167,7.52,82.16%,106.77%,-0.392097,"11:45 ET"
MSFT,512.38,2026-09-04,1,Put,512.50,-0.06%,3.05,3.17,3.15,1217,162,7.51,25.14%,30.62%,-0.479384,"11:46 ET"
MU,950.21,2026-09-04,1,Call,942.50,+0.55%,14.05,14.25,14.75,2471,329,7.51,58.40%,64.62%,0.54659,"11:46 ET"
HOOD,122.65,2026-09-04,1,Call,127.00,-2.97%,0.55,0.6,0.6,4345,587,7.4,64.23%,94.53%,0.180598,"11:45 ET"
TSLA,381.2,2026-09-04,1,Call,385.00,-1.60%,5.05,5.07,5.1,48568,6607,7.35,44.99%,79.64%,0.438644,"11:46 ET"
SNOW,365.66,2026-09-04,1,Call,385.00,-4.16%,1.33,1.4,1.49,3631,496,7.32,46.02%,90.91%,0.157491,"11:46 ET"
HOOD,122.65,2027-02-19,169,Call,180.00,-45.94%,8.1,8.5,8.75,2102,290,7.25,64.23%,70.25%,0.290909,"11:41 ET"
TSLA,381.2,2026-09-14,11,Put,375.00,-1.03%,8.05,8.15,8.2,1048,145,7.23,44.99%,43.89%,-0.382715,"11:46 ET"
AVGO,348.39,2026-09-09,6,Call,360.00,-3.60%,2.82,2.85,2.98,1417,196,7.23,35.84%,36.27%,0.290586,"11:46 ET"
TSLA,381.2,2026-09-04,1,Put,360.00,-4.99%,0.66,0.66,0.67,37463,5186,7.22,44.99%,84.43%,-0.084426,"11:46 ET"
COIN,192.7,2026-09-04,1,Call,197.50,-3.12%,1.75,1.82,1.86,5892,817,7.21,67.64%,96.44%,0.300819,"11:46 ET"
BULL,10.07,2026-09-18,15,Call,10.50,-4.58%,0.33,0.36,0.37,4337,605,7.17,62.55%,65.30%,0.398484,"11:44 ET"
PLTR,182.74,2026-10-09,36,Put,160.00,-12.50%,2.81,3.05,3.05,1066,149,7.15,48.18%,50.68%,-0.17384,"11:43 ET"
DELL,514.91,2026-09-11,8,Put,490.00,-4.82%,7.3,7.7,7.55,1078,151,7.14,62.98%,63.18%,-0.245492,"11:44 ET"
SNDK,1538.06,2026-09-04,1,Call,"1,520.00",+1.04%,35.4,35.16,36.5,2196,308,7.13,68.83%,82.85%,0.610967,"11:40 ET"
NVDA,227.71,2026-09-09,6,Put,230.00,+1.20%,4.55,4.62,4.65,2790,392,7.12,32.97%,27.73%,-0.611451,"11:41 ET"
SMCI,36.83,2026-10-16,43,Call,34.00,+7.68%,4.95,5,5.2,1024,144,7.11,69.72%,68.52%,0.687125,"11:42 ET"
TSLA,381.2,2026-09-04,1,Call,375.00,+1.03%,10.3,10.39,10.45,71512,10062,7.11,44.99%,77.36%,0.687889,"11:46 ET"
META,618.05,2026-09-11,8,Call,645.00,-4.56%,3.75,4.2,4,2336,329,7.1,35.69%,35.60%,0.214458,"11:43 ET"
MU,950.21,2026-09-04,1,Call,952.50,-0.51%,9.55,9.72,10.05,1858,264,7.04,58.40%,65.19%,0.423465,"11:46 ET"
INTC,90.49,2026-09-11,8,Call,92.00,-2.07%,2.1,2.15,2.2,6699,952,7.04,55.36%,53.60%,0.427336,"11:45 ET"
BMO,176.27,2026-10-16,43,Call,185.00,-5.16%,1.65,1.75,2.05,703,100,7.03,20.11%,19.94%,0.26149,"11:27 ET"
PLTR,182.74,2026-09-04,1,Call,185.00,-1.18%,1.73,1.73,1.75,50246,7168,7.01,48.18%,69.47%,0.382422,"11:46 ET"
TSLA,381.2,2026-09-04,1,Put,362.50,-4.33%,0.86,0.87,0.87,12214,1752,6.97,44.99%,82.74%,-0.106876,"11:46 ET"
BSX,47.38,2026-09-11,8,Put,47.00,-0.97%,1,1.05,1.5,7071,1036,6.83,40.89%,50.59%,-0.44843,"11:38 ET"
PLTR,182.74,2026-09-11,8,Put,172.50,-5.66%,1.49,1.51,1.55,3165,464,6.82,48.18%,49.14%,-0.19823,"11:45 ET"
MSFT,512.38,2026-09-04,1,Put,507.50,-1.03%,1.3,1.35,1.37,4615,678,6.81,25.14%,31.51%,-0.259303,"11:44 ET"
MU,950.21,2026-09-04,1,Put,947.50,-0.02%,13.2,13.47,13.5,2006,295,6.8,58.40%,62.86%,-0.516752,"11:46 ET"
MSFT,512.38,2026-09-04,1,Call,512.50,+0.06%,3.45,3.56,3.75,14978,2225,6.73,25.14%,31.89%,0.520377,"11:46 ET"
META,618.05,2026-09-09,6,Put,590.00,-4.35%,1.64,1.69,1.8,703,105,6.7,35.69%,32.47%,-0.130981,"11:36 ET"
AAPL,330.04,2026-09-04,1,Call,335.00,-1.50%,0.5,0.5,0.51,61417,9214,6.67,24.84%,31.71%,0.173151,"11:46 ET"
MSTR,139.05,2026-09-04,1,Put,131.00,-5.26%,0.45,0.49,0.54,2056,309,6.65,75.04%,98.48%,-0.134294,"11:46 ET"
TSLA,381.2,2026-09-09,6,Call,382.50,-0.94%,8.7,8.8,8.85,1515,228,6.64,44.99%,45.18%,0.509537,"11:46 ET"
META,618.05,2026-09-04,1,Call,622.50,-0.92%,3.95,4.13,4.25,4793,722,6.64,35.69%,48.81%,0.37904,"11:46 ET"
HOOD,122.65,2026-09-04,1,Call,125.00,-1.35%,0.91,0.95,0.98,15391,2318,6.64,64.23%,91.97%,0.270888,"11:46 ET"
WMT,108.99,2026-09-25,22,Call,108.00,+0.84%,2.86,2.9,2.94,6515,987,6.6,21.91%,21.73%,0.586051,"11:46 ET"
TSLA,381.2,2026-09-04,1,Call,392.50,-3.58%,2.67,2.68,2.68,17179,2604,6.6,44.99%,81.41%,0.273255,"11:46 ET"
MRNA,145.42,2027-01-15,134,Put,140.00,-3.33%,23.35,23.5,24.1,1649,255,6.47,75.73%,79.03%,-0.371246,"11:33 ET"
MSTR,139.05,2026-09-04,1,Put,138.00,-0.20%,2.59,2.6,2.69,995,155,6.42,75.04%,99.93%,-0.461955,"11:46 ET"
NVDA,227.71,2026-09-04,1,Put,227.50,+0.10%,1.84,1.85,1.85,49828,7782,6.4,32.97%,38.71%,-0.497148,"11:46 ET"
OWL,11.56,2026-12-18,106,Call,13.00,-12.46%,0.5,0.55,0.55,8324,1303,6.39,43.79%,43.32%,0.331961,"11:46 ET"
GE,332.33,2026-11-20,78,Call,330.00,+0.73%,21.8,22.35,22.85,1304,206,6.33,28.77%,33.11%,0.563629,"11:42 ET"
BE,233.33,2026-09-11,8,Call,235.00,-2.02%,12.85,13.32,13.75,2510,405,6.2,87.53%,99.33%,0.519102,"11:46 ET"
SKHY,161.34,2028-12-15,834,Put,165.00,+3.01%,55.05,55.45,55.8,714,116,6.16,58.10%,65.27%,-0.303852,"11:46 ET"
TSLA,381.2,2026-09-11,8,Put,385.00,+1.60%,12.2,12.65,12.35,805,131,6.15,44.99%,48.32%,-0.523653,"11:42 ET"
MU,950.21,2026-09-04,1,Put,942.50,-0.55%,10.75,10.5,11.15,2007,327,6.14,58.40%,63.31%,-0.452914,"11:45 ET"
TSLA,381.2,2026-09-09,6,Call,415.00,-9.52%,1.29,1.3,1.32,843,138,6.11,44.99%,50.92%,0.111046,"11:46 ET"
TSM,411.59,2026-09-11,8,Call,412.50,-0.58%,6.35,6.64,7.05,1002,164,6.11,32.10%,28.97%,0.492599,"11:44 ET"
GOOGL,342.52,2026-09-09,6,Call,352.50,-2.86%,0.97,1.05,1.14,942,155,6.08,27.92%,23.73%,0.187146,"11:44 ET"
VALE,15.4,2026-09-25,22,Call,17.00,-10.25%,0.09,0.12,0.12,1037,171,6.06,34.39%,37.35%,0.149272,"10:20 ET"
NKE,38.31,2026-09-04,1,Call,38.00,+0.63%,0.49,0.52,0.54,7438,1229,6.05,40.32%,43.71%,0.63639,"11:41 ET"
SPCX,149.36,2026-10-02,29,Put,138.00,-7.55%,3.5,3.65,3.65,725,120,6.04,50.10%,50.97%,-0.256775,"11:38 ET"
AAPL,330.04,2026-09-04,1,Put,332.50,+0.74%,3.55,3.66,3.75,4381,726,6.03,24.84%,28.68%,-0.70749,"11:44 ET"
DELL,514.91,2026-09-04,1,Put,465.00,-9.68%,0.1,0.13,0.13,3316,557,5.95,62.98%,96.33%,-0.012424,"11:46 ET"
META,618.05,2026-09-04,1,Put,595.00,-3.54%,0.55,0.58,0.61,4162,701,5.94,35.69%,50.32%,-0.07818,"11:46 ET"
CORZ,17.43,2026-11-20,78,Call,20.00,-15.41%,1.53,1.58,1.57,3373,572,5.9,71.11%,76.39%,0.420291,"11:35 ET"
LXU,11.31,2027-01-15,134,Call,15.00,-31.58%,0.55,0.51,0.65,1023,175,5.85,52.34%,58.22%,0.284815,"10:01 ET"
HOOD,122.65,2026-09-04,1,Call,131.00,-6.21%,0.2,0.22,0.24,1184,203,5.83,64.23%,101.91%,0.077141,"11:41 ET"
HOOD,122.65,2026-09-04,1,Call,130.00,-5.40%,0.26,0.27,0.28,9206,1594,5.78,64.23%,99.15%,0.093751,"11:46 ET"
HOOD,122.65,2026-09-25,22,Call,150.00,-21.62%,1.15,1.16,1.34,1535,266,5.77,64.23%,70.29%,0.128151,"11:44 ET"
META,618.05,2026-09-04,1,Call,630.00,-2.13%,1.92,1.95,1.98,13579,2352,5.77,35.69%,48.80%,0.218595,"11:46 ET"
SNDK,1538.06,2026-09-04,1,Put,"1,530.00",-0.38%,22.3,23.2,23.1,1255,218,5.76,68.83%,81.69%,-0.4477,"11:45 ET"
HOOD,122.65,2026-09-04,1,Put,112.00,-9.19%,0.1,0.11,0.12,580,101,5.74,64.23%,90.89%,-0.045489,"11:44 ET"
SNOW,365.66,2026-09-04,1,Call,390.00,-5.52%,0.83,0.89,0.93,3551,629,5.65,46.02%,92.66%,0.105474,"11:46 ET"
ASST,26.66,2026-09-11,8,Call,29.00,-9.15%,0.24,0.61,0.58,1574,281,5.6,88.34%,78.24%,0.239746,"11:33 ET"
META,618.05,2026-09-04,1,Put,592.50,-3.95%,0.41,0.47,0.47,1824,326,5.6,35.69%,51.29%,-0.06084,"11:45 ET"
RY,211.77,2026-09-18,15,Put,200.00,-5.41%,0.45,0.5,0.6,800,143,5.59,19.96%,23.18%,-0.107637,"11:07 ET"
ORCL,152.71,2026-09-04,1,Put,152.50,-0.03%,1.79,1.78,1.83,2297,412,5.58,66.50%,65.55%,-0.448521,"11:45 ET"
MU,950.21,2026-09-04,1,Call,960.00,-1.30%,6.95,7.2,7.2,11433,2052,5.57,58.40%,65.31%,0.33649,"11:46 ET"
MSTR,139.05,2026-09-04,1,Put,140.00,+1.25%,3.55,3.7,3.75,1750,319,5.49,75.04%,97.64%,-0.573444,"11:46 ET"
META,618.05,2026-09-04,1,Call,627.50,-1.73%,2.45,2.51,2.54,5762,1054,5.47,35.69%,48.41%,0.265503,"11:46 ET"
MU,950.21,2026-09-04,1,Call,930.00,+1.87%,21.5,22.4,22.55,5550,1018,5.45,58.40%,64.65%,0.695531,"11:45 ET"
HOOD,122.65,2026-09-11,8,Call,125.00,-1.35%,3.05,3.15,3.2,7597,1393,5.45,64.23%,65.19%,0.397091,"11:46 ET"
JCI,141.81,2026-10-16,43,Put,135.00,-4.21%,2.65,3.91,3.5,1251,230,5.44,30.24%,32.13%,-0.294233,"10:17 ET"
WMT,108.99,2026-09-04,1,Put,108.00,-0.84%,0.25,0.25,0.3,1922,354,5.43,21.91%,28.12%,-0.276132,"11:46 ET"
PLTR,182.74,2027-09-17,379,Put,200.00,+9.38%,47.3,47.05,47.9,542,100,5.42,48.18%,55.76%,-0.435756,"10:28 ET"
NOK,9.71,2026-09-25,22,Call,9.50,+1.96%,0.6,0.57,0.63,1067,197,5.42,53.58%,53.34%,0.592958,"11:12 ET"
SNOW,365.66,2026-09-04,1,Call,372.50,-0.78%,4,4.3,4.55,1195,221,5.41,46.02%,88.38%,0.373957,"11:46 ET"
AAOI,102.51,2026-09-04,1,Call,100.00,+1.38%,3.5,3.95,4.2,548,102,5.37,85.44%,116.08%,0.664227,"11:40 ET"
MSFT,512.38,2026-09-04,1,Call,515.00,-0.43%,2.39,2.5,2.58,21872,4071,5.37,25.14%,32.13%,0.405721,"11:46 ET"
SNDK,1538.06,2026-09-04,1,Call,"1,525.00",+0.71%,32.5,32.4,33.6,916,171,5.36,68.83%,82.84%,0.58165,"11:45 ET"
WMT,108.99,2026-09-04,1,Call,110.00,-0.99%,0.23,0.24,0.25,27742,5173,5.36,21.91%,27.76%,0.254503,"11:46 ET"
NVDA,227.71,2026-09-16,13,Call,260.00,-14.40%,0.11,0.13,0.14,545,102,5.34,32.97%,34.62%,0.022987,"11:36 ET"
WMT,108.99,2026-09-04,1,Put,109.00,+0.07%,0.63,0.64,0.68,956,179,5.34,21.91%,27.39%,-0.513342,"11:46 ET"
HOOD,122.65,2026-09-11,8,Call,150.00,-21.62%,0.15,0.18,0.22,1028,193,5.33,64.23%,76.80%,0.035232,"11:44 ET"
CPB,21.27,2026-09-11,8,Put,21.50,+1.18%,0.4,0.6,0.65,611,116,5.27,33.98%,31.87%,-0.578429,"11:35 ET"
AAPL,330.04,2026-09-04,1,Call,330.00,+0.02%,2.05,2.08,2.1,130440,24774,5.27,24.84%,31.84%,0.485893,"11:46 ET"
SNOW,365.66,2026-09-04,1,Call,377.50,-2.13%,2.66,2.84,2.98,783,149,5.26,46.02%,89.47%,0.273695,"11:46 ET"
MCD,258.66,2026-09-04,1,Call,260.00,-0.77%,0.75,0.82,0.9,1195,227,5.26,20.46%,25.95%,0.351161,"11:46 ET"
SNDK,1538.06,2026-09-04,1,Call,"1,535.00",+0.06%,27.2,27.78,28.2,1208,230,5.25,68.83%,82.83%,0.522074,"11:46 ET"
META,618.05,2026-09-09,6,Call,615.00,+0.30%,11.1,11.4,11.75,713,136,5.24,35.69%,31.80%,0.550817,"11:44 ET"
ORCL,152.71,2026-09-11,8,Call,165.00,-8.17%,4.35,4.45,4.5,6244,1196,5.22,66.50%,97.60%,0.328689,"11:45 ET"
GOOG,339.05,2026-11-20,78,Call,365.00,-7.64%,11.55,12.05,12.2,713,137,5.2,28.07%,33.23%,0.362524,"11:23 ET"
GOOGL,342.52,2027-09-17,379,Call,470.00,-37.15%,16.9,17.07,17.65,1851,357,5.18,27.92%,34.87%,0.273527,"11:10 ET"
ACN,193.82,2026-09-04,1,Call,197.50,-1.98%,0.7,1,1.3,1048,203,5.16,49.61%,54.50%,0.291435,"11:28 ET"
NVDA,227.71,2026-09-04,1,Put,225.00,-1.00%,0.91,0.92,0.92,86466,16758,5.16,32.97%,40.35%,-0.297655,"11:46 ET"
HPE,48.26,2026-09-04,1,Call,49.00,-1.22%,0.53,0.75,0.79,1122,219,5.12,51.85%,77.51%,0.452493,"11:46 ET"
AAPL,330.04,2026-09-09,6,Call,332.50,-0.74%,3.2,3.3,3.4,5110,998,5.12,24.84%,26.44%,0.415307,"11:45 ET"
TSLA,381.2,2026-09-14,11,Put,370.00,-2.35%,6.15,6.3,6.35,700,137,5.11,44.99%,43.95%,-0.317648,"11:45 ET"
MSTR,139.05,2026-09-11,8,Put,119.00,-13.94%,0.41,0.44,0.52,1164,228,5.11,75.04%,71.85%,-0.068628,"11:40 ET"
GLXY,26.91,2026-09-11,8,Call,27.50,-2.23%,0.72,0.96,1.06,576,113,5.1,85.21%,76.76%,0.42617,"11:22 ET"
ADBE,285.8,2026-10-09,36,Put,285.00,-0.53%,16.3,16.83,17.45,1211,238,5.09,51.81%,49.90%,-0.452988,"11:23 ET"
MU,950.21,2026-09-04,1,Call,945.00,+0.29%,12.75,13.18,13.2,6339,1249,5.08,58.40%,63.96%,0.515465,"11:46 ET"
MU,950.21,2026-09-04,1,Call,950.00,-0.24%,10.55,10.7,10.75,19363,3812,5.08,58.40%,64.10%,0.452821,"11:46 ET"
TSLA,381.2,2026-09-04,1,Put,400.00,+5.56%,18.55,19.6,19.5,781,154,5.07,44.99%,81.44%,-0.852801,"11:45 ET"
PLTR,182.74,2026-09-04,1,Call,182.50,+0.19%,2.83,2.86,2.88,25654,5056,5.07,48.18%,69.79%,0.529871,"11:46 ET"
SNOW,365.66,2026-09-11,8,Call,375.00,-1.46%,6.95,7.3,7.65,855,169,5.06,46.02%,49.74%,0.397034,"11:46 ET"
MU,950.21,2026-09-04,1,Call,940.00,+0.81%,15.5,15.65,15.85,12866,2549,5.05,58.40%,64.12%,0.578025,"11:46 ET"
META,618.05,2026-09-04,1,Call,620.00,-0.51%,5,5.1,5.2,23217,4615,5.03,35.69%,48.82%,0.440217,"11:46 ET"
IOT,37.52,2026-09-04,1,Call,41.50,-10.49%,0.9,0.95,1.2,958,191,5.02,74.79%,270.95%,0.319363,"11:41 ET"
MU,950.21,2026-09-04,1,Call,927.50,+2.13%,23.1,28.5,24.55,1274,255,5,58.40%,64.99%,0.721812,"11:31 ET"
DELL,514.91,2026-09-04,1,Put,495.00,-3.85%,1.77,1.84,1.89,1074,216,4.97,62.98%,90.21%,-0.142577,"11:46 ET"
WMT,108.99,2026-09-11,8,Put,109.00,+0.07%,1.23,1.3,1.34,1411,285,4.95,21.91%,19.87%,-0.496485,"11:39 ET"
BABA,111.07,2026-09-04,1,Call,111.00,+0.04%,1.06,1.1,1.17,1839,373,4.93,40.13%,46.35%,0.516638,"11:46 ET"
AVGO,348.39,2026-09-04,1,Put,342.50,-1.43%,1.3,1.4,1.4,5542,1123,4.93,35.84%,57.37%,-0.220312,"11:46 ET"
MDT,92.4,2026-09-11,8,Call,94.00,-1.69%,0.72,0.81,1,777,158,4.92,25.31%,27.85%,0.345031,"11:44 ET"
HPE,48.26,2026-09-04,1,Call,49.50,-2.25%,0.47,0.51,0.6,520,106,4.91,51.85%,84.72%,0.368979,"11:45 ET"
CBRS,186.2,2026-09-11,8,Call,190.00,-2.20%,6.5,6.8,7,1320,269,4.91,69.34%,66.46%,0.489956,"11:46 ET"
HOOD,122.65,2026-09-04,1,Call,119.00,+3.52%,3.45,3.45,3.65,3814,779,4.9,64.23%,89.88%,0.66288,"11:43 ET"
SNOW,365.66,2027-09-17,379,Put,300.00,-18.83%,39.6,40.45,41.8,512,105,4.88,46.02%,55.66%,-0.24457,"10:23 ET"
MU,950.21,2026-09-04,1,Put,935.00,-1.34%,7.5,7.6,7.95,3941,807,4.88,58.40%,62.85%,-0.358717,"11:46 ET"
RKT,14.12,2026-10-02,29,Call,15.00,-6.99%,0.48,0.43,0.52,775,160,4.84,52.03%,52.67%,0.374188,"11:16 ET"
CAG,15.64,2027-03-19,197,Call,15.00,+4.03%,1.75,1.8,1.85,700,145,4.83,33.41%,37.15%,0.578526,"10:46 ET"
HPQ,32.19,2026-09-18,15,Put,32.00,-0.53%,1.07,1.2,1.17,5025,1044,4.81,46.10%,49.47%,-0.437084,"11:15 ET"
NOW,143.83,2026-09-11,8,Call,147.00,-1.97%,2.82,2.85,3,613,128,4.79,51.74%,50.75%,0.396493,"11:44 ET"
AMKR,47.32,2027-01-15,134,Put,39.59,-15.71%,3.3,3.6,3.7,510,107,4.77,60.31%,65.45%,-0.252552,"11:26 ET"
AAPL,330.04,2026-09-11,8,Put,327.50,-0.78%,4,4.1,4.1,1050,220,4.77,24.84%,26.69%,-0.418233,"11:46 ET"
MSTR,139.05,2026-09-04,1,Put,134.00,-3.09%,1.02,0.96,1.18,1459,306,4.77,75.04%,98.18%,-0.251806,"11:42 ET"
GOOGL,342.52,2027-09-17,379,Call,370.00,-7.97%,43.1,43.4,43.75,1894,397,4.77,27.92%,35.23%,0.529026,"11:39 ET"
MRNA,145.42,2026-09-11,8,Call,155.00,-7.03%,2.39,2.79,3.05,2319,486,4.77,75.73%,74.88%,0.28721,"11:45 ET"
SNOW,365.66,2026-09-04,1,Call,400.00,-8.22%,0.28,0.3,0.41,9479,1986,4.77,46.02%,97.19%,0.045719,"11:46 ET"
BSX,47.38,2026-09-18,15,Put,44.00,-7.29%,0.25,0.35,0.5,2528,531,4.76,40.89%,40.37%,-0.173665,"11:26 ET"
LUNR,14.41,2026-10-16,43,Call,16.00,-10.19%,1,1.05,1.22,507,107,4.74,79.09%,81.62%,0.43058,"11:43 ET"
TJX,131.59,2026-09-11,8,Put,131.00,-0.13%,1.2,1.4,1.45,889,188,4.73,21.18%,19.17%,-0.459471,"10:57 ET"
TSLA,381.2,2026-09-09,6,Call,375.00,+1.03%,12.65,12.67,12.9,4575,970,4.72,44.99%,44.34%,0.644919,"11:46 ET"
META,618.05,2026-09-04,1,Call,640.00,-3.75%,0.65,0.68,0.7,6015,1276,4.71,35.69%,50.66%,0.089893,"11:46 ET"
AMD,456.17,2026-09-04,1,Put,445.00,-2.24%,1.6,1.6,1.66,7273,1543,4.71,46.95%,60.04%,-0.200357,"11:46 ET"
PLTR,182.74,2026-10-02,29,Put,167.50,-8.39%,3.75,3.85,3.9,1035,220,4.7,48.18%,49.66%,-0.23737,"11:34 ET"
RDW,10.26,2026-09-25,22,Put,8.50,-17.07%,0.1,0.1,0.15,1796,383,4.69,79.20%,74.85%,-0.122788,"11:15 ET"
SNDK,1538.06,2026-09-04,1,Call,"1,530.00",+0.38%,30,32.06,30.7,2077,445,4.67,68.83%,82.99%,0.551897,"11:45 ET"
META,618.05,2026-09-09,6,Call,630.00,-2.13%,5,5.3,5.45,605,130,4.65,35.69%,32.04%,0.32291,"11:46 ET"
ENPH,35.67,2026-09-04,1,Call,36.50,-2.27%,0.29,0.24,0.36,520,112,4.64,63.19%,73.30%,0.355347,"11:38 ET"
SNOW,365.66,2026-09-11,8,Call,380.00,-2.81%,5.2,5.4,5.95,890,192,4.64,46.02%,49.49%,0.32871,"11:43 ET"
FSLR,206.02,2028-06-16,652,Put,200.00,-3.23%,44.75,45.15,46.6,1002,216,4.64,47.46%,52.56%,-0.324062,"10:39 ET"
CHPT,7.81,2026-09-18,15,Put,6.00,-22.98%,0.05,0.1,0.1,1266,273,4.64,90.48%,101.81%,-0.092605,"11:45 ET"
CRWV,82.65,2026-09-11,8,Call,85.00,-3.42%,2.26,2.3,2.36,2771,599,4.63,70.49%,67.53%,0.410535,"11:46 ET"
TSLA,381.2,2026-09-04,1,Call,400.00,-5.56%,1.38,1.38,1.39,86871,18760,4.63,44.99%,84.98%,0.158323,"11:46 ET"
MU,950.21,2026-09-04,1,Call,925.00,+2.40%,25.2,26,26.3,2175,471,4.62,58.40%,65.73%,0.74554,"11:45 ET"
SHAZ,55.38,2026-10-16,43,Call,70.00,-28.75%,2.55,3.3,3.9,5933,1289,4.6,105.81%,101.56%,0.310241,"11:42 ET"
DBX,35.4,2026-09-18,15,Call,36.00,-1.67%,0.75,0.8,0.9,511,112,4.56,34.90%,36.85%,0.437875,"11:03 ET"
HOOD,122.65,2026-09-11,8,Call,130.00,-5.40%,1.71,1.74,1.8,7940,1742,4.56,64.23%,66.42%,0.256819,"11:45 ET"
GME,19.23,2026-09-11,8,Put,19.50,+1.77%,0.96,1.01,1.08,537,118,4.55,54.08%,73.65%,-0.541484,"10:36 ET"
TSLA,381.2,2026-09-14,11,Call,395.00,-4.24%,6.75,6.58,6.9,753,166,4.54,44.99%,44.72%,0.354646,"11:37 ET"
META,618.05,2026-09-04,1,Call,655.00,-6.18%,0.14,0.17,0.19,1308,290,4.51,35.69%,56.73%,0.024151,"11:43 ET"
DELL,514.91,2026-09-04,1,Call,512.50,+0.45%,13.45,13,13.85,1395,309,4.51,62.98%,87.22%,0.634194,"11:44 ET"
ITUB,8.15,2026-10-16,43,Call,9.00,-10.43%,0.1,0.15,0.2,1079,240,4.5,37.23%,37.97%,0.251818,"10:53 ET"
MU,950.21,2026-09-04,1,Call,955.00,-0.77%,8.55,8.75,8.95,5346,1188,4.5,58.40%,64.86%,0.393045,"11:46 ET"
BABA,111.07,2026-09-11,8,Call,115.00,-3.57%,1.04,1.05,1.09,5015,1116,4.49,40.13%,38.40%,0.280169,"11:40 ET"
CLSK,12.45,2027-03-19,197,Call,14.00,-12.54%,2.28,2.1,2.6,800,180,4.44,79.90%,81.74%,0.550359,"09:44 ET"
AAPL,330.04,2026-09-04,1,Call,337.50,-2.25%,0.22,0.23,0.23,21627,4869,4.44,24.84%,32.49%,0.087579,"11:46 ET"
AAPL,330.04,2026-09-04,1,Call,327.50,+0.78%,3.55,3.6,3.65,56068,12652,4.43,24.84%,33.46%,0.655974,"11:46 ET"
MU,950.21,2026-09-04,1,Put,927.50,-2.13%,5.2,5.18,5.5,1121,254,4.41,58.40%,63.29%,-0.273314,"11:45 ET"
TSM,411.59,2026-09-11,8,Call,422.50,-3.02%,2.83,3,3.15,2582,590,4.38,32.10%,28.81%,0.280783,"11:28 ET"
CRDO,168.71,2026-10-16,43,Call,170.00,-0.88%,16.6,17,17.1,1367,314,4.35,74.14%,74.41%,0.544984,"11:45 ET"
TSLA,381.2,2026-09-11,8,Put,360.00,-4.99%,2.89,2.88,2.92,3531,812,4.35,44.99%,48.09%,-0.188135,"11:46 ET"
MU,950.21,2026-12-18,106,Put,520.00,-45.13%,4.25,4.4,4.55,1538,354,4.34,58.40%,66.07%,-0.029637,"11:40 ET"
SPCX,149.36,2026-09-04,1,Put,144.00,-3.53%,0.36,0.36,0.38,6529,1505,4.34,50.10%,67.99%,-0.135272,"11:46 ET"
TSLA,381.2,2026-09-04,1,Call,390.00,-2.92%,3.3,3.33,3.35,52519,12104,4.34,44.99%,80.56%,0.323403,"11:46 ET"
DELL,514.91,2026-09-04,1,Put,475.00,-7.73%,0.27,0.3,0.36,2002,463,4.32,62.98%,94.02%,-0.031061,"11:46 ET"
RBLX,42.01,2026-09-18,15,Call,43.00,-2.75%,1.51,1.63,1.64,742,173,4.29,59.31%,59.58%,0.445157,"11:35 ET"
MU,950.21,2026-09-04,1,Put,937.50,-1.08%,8.6,8.76,8.8,1676,391,4.29,58.40%,62.90%,-0.389543,"11:46 ET"
NVDA,227.71,2026-09-04,1,Put,222.50,-2.10%,0.4,0.41,0.41,41990,9780,4.29,32.97%,41.99%,-0.153887,"11:46 ET"
MSTR,139.05,2026-09-11,8,Put,123.00,-11.04%,0.79,0.82,0.91,943,222,4.25,75.04%,70.35%,-0.115449,"11:34 ET"
CAPR,9.34,2026-10-16,43,Put,9.00,-2.70%,1.2,1.45,1.75,1250,294,4.25,139.54%,133.87%,-0.373523,"10:16 ET"
MSFT,512.38,2026-09-09,6,Call,515.00,-0.43%,4.55,4.75,5.1,1017,240,4.24,25.14%,21.84%,0.452174,"11:46 ET"
TSLA,381.2,2026-09-14,11,Call,400.00,-5.56%,5.35,5.5,5.5,2135,503,4.24,44.99%,45.10%,0.298156,"11:46 ET"
MU,950.21,2026-10-09,36,Put,900.00,-5.03%,46.65,47.4,48.45,668,158,4.23,58.40%,59.96%,-0.354845,"11:21 ET"
TSLA,381.2,2026-09-09,6,Call,387.50,-2.26%,6.6,6.5,6.75,2452,580,4.23,44.99%,45.74%,0.421858,"11:45 ET"
PLTR,182.74,2026-09-11,8,Call,187.50,-2.54%,3.2,3.25,3.3,4086,976,4.19,48.18%,47.48%,0.378248,"11:45 ET"
TSLA,381.2,2026-09-09,6,Call,380.00,-0.29%,9.95,10,10,5993,1430,4.19,44.99%,44.81%,0.554797,"11:46 ET"
NVDA,227.71,2026-09-04,1,Call,230.00,-1.20%,0.9,0.88,0.91,313069,74771,4.19,32.97%,39.83%,0.302932,"11:46 ET"
LULU,118.9,2026-11-20,78,Call,185.00,-56.24%,0.4,0.55,0.68,501,120,4.18,56.70%,52.88%,0.048748,"11:26 ET"
RDDT,157.14,2026-09-25,22,Call,180.00,-14.55%,2.04,1.83,2.64,1516,363,4.18,57.01%,58.86%,0.197812,"10:59 ET"
DELL,514.91,2026-09-04,1,Call,525.00,-1.98%,7.3,7.44,7.55,4219,1009,4.18,62.98%,88.94%,0.428385,"11:46 ET"
IREN,41.49,2026-09-11,8,Put,39.50,-4.20%,1.03,1.08,1.1,997,239,4.17,80.58%,75.70%,-0.329845,"11:44 ET"
TSLA,381.2,2026-09-11,8,Put,365.00,-3.67%,4,4,4.1,3767,904,4.17,44.99%,47.86%,-0.243899,"11:46 ET"
PLTR,182.74,2026-09-04,1,Put,182.50,-0.19%,2.39,2.45,2.43,15731,3770,4.17,48.18%,68.00%,-0.469912,"11:45 ET"
SNOW,365.66,2026-09-04,1,Call,410.00,-10.93%,0.1,0.13,0.13,2061,496,4.16,46.02%,99.56%,0.016998,"11:46 ET"
META,618.05,2026-09-04,1,Call,647.50,-4.97%,0.29,0.29,0.34,2213,532,4.16,35.69%,53.18%,0.04503,"11:45 ET"
HOOD,122.65,2026-09-11,8,Call,122.00,+1.09%,4.2,4.45,4.35,684,165,4.15,64.23%,64.15%,0.495682,"11:46 ET"
CPB,21.27,2026-09-04,1,Put,21.00,-1.18%,0.15,0.2,0.25,884,213,4.15,33.98%,73.38%,-0.354043,"11:43 ET"
INTC,90.49,2026-09-11,8,Call,95.00,-5.40%,1.21,1.24,1.24,11646,2808,4.15,55.36%,54.49%,0.282064,"11:46 ET"
WMT,108.99,2026-09-04,1,Call,108.00,+0.84%,1.21,1.22,1.26,13770,3322,4.15,21.91%,29.28%,0.716346,"11:45 ET"
CHPT,7.81,2026-09-18,15,Call,8.00,-2.70%,0.45,0.47,0.55,2706,654,4.14,90.48%,99.32%,0.469968,"11:44 ET"
CRM,263.91,2026-09-11,8,Call,280.00,-5.79%,1.17,1.26,1.36,678,164,4.13,37.94%,38.55%,0.162861,"11:45 ET"
SKHY,161.34,2026-10-16,43,Call,250.00,-56.07%,0.44,0.47,0.58,1279,310,4.13,58.10%,66.25%,0.037502,"11:15 ET"
MSFT,512.38,2026-11-20,78,Put,535.00,+4.33%,38.25,39.78,39.85,503,122,4.12,25.14%,29.44%,-0.585286,"10:03 ET"
BA,207.29,2026-09-11,8,Call,207.50,-0.29%,3.2,3.28,3.45,961,233,4.12,29.62%,28.91%,0.488868,"11:40 ET"
DELL,514.91,2026-09-04,1,Put,502.50,-2.39%,3.2,3.32,3.4,592,144,4.11,62.98%,90.27%,-0.226674,"11:46 ET"
TSLA,381.2,2026-09-09,6,Put,355.00,-6.31%,1.18,1.2,1.22,1914,466,4.11,44.99%,47.41%,-0.105229,"11:46 ET"
META,618.05,2026-09-11,8,Call,640.00,-3.75%,4.8,4.89,5.1,2564,626,4.1,35.69%,35.50%,0.25938,"11:45 ET"
BMNR,25.88,2026-09-04,1,Put,24.50,-4.74%,0.1,0.11,0.12,3405,830,4.1,81.19%,103.00%,-0.148831,"11:45 ET"
PLTR,182.74,2026-09-04,1,Put,177.50,-2.93%,0.8,0.81,0.83,10949,2673,4.1,48.18%,71.53%,-0.207313,"11:46 ET"
AAPL,330.04,2026-09-09,6,Call,342.50,-3.77%,0.78,0.82,0.86,1232,303,4.07,24.84%,26.93%,0.142821,"11:46 ET"
MU,950.21,2026-09-04,1,Put,930.00,-1.87%,6,6.15,6.25,5915,1455,4.07,58.40%,63.46%,-0.301446,"11:46 ET"
LMND,54.93,2026-10-16,43,Call,65.00,-18.18%,1.05,1.22,1.35,989,245,4.04,52.37%,55.31%,0.219556,"10:53 ET"
BE,233.33,2026-09-18,15,Call,235.00,-2.02%,17,17.35,17.35,1118,277,4.04,87.53%,92.67%,0.530916,"11:46 ET"
SNDK,1538.06,2026-09-04,1,Call,"1,595.00",-3.85%,7.9,7.77,8.3,710,176,4.03,68.83%,85.63%,0.211692,"11:45 ET"
TWLO,237.45,2026-09-04,1,Call,240.00,-1.08%,1.8,3.2,2.85,765,190,4.03,49.72%,65.52%,0.40543,"10:34 ET"
AXP,330.64,2026-11-20,78,Put,320.00,-3.17%,10.2,10.45,10.65,895,223,4.01,23.16%,26.54%,-0.355388,"11:45 ET"
TSLA,381.2,2026-09-14,11,Call,425.00,-12.16%,1.7,1.67,1.78,670,168,3.99,44.99%,48.67%,0.114583,"11:45 ET"
SPCX,149.36,2026-09-04,1,Call,152.50,-2.16%,1.12,1.11,1.14,27090,6782,3.99,50.10%,72.02%,0.315951,"11:46 ET"
DELL,514.91,2026-09-11,8,Call,525.00,-1.98%,16.7,17.06,17.6,1263,317,3.98,62.98%,62.86%,0.480443,"11:46 ET"
LITE,854.08,2026-09-04,1,Call,850.00,+0.15%,15.5,15.65,16.3,1454,365,3.98,69.29%,85.28%,0.524488,"11:44 ET"
SBET,8.92,2027-01-15,134,Call,14.00,-58.01%,0.65,0.7,0.7,3550,891,3.98,81.04%,88.71%,0.290463,"11:38 ET"
MU,950.21,2026-09-09,6,Call,940.00,+0.81%,23.6,25.55,26.5,1432,362,3.96,58.40%,45.30%,0.556262,"11:45 ET"
SPCX,149.36,2026-09-04,1,Call,149.00,+0.18%,2.45,2.46,2.51,14973,3797,3.94,50.10%,68.36%,0.556599,"11:46 ET"
MU,950.21,2026-09-09,6,Call,930.00,+1.87%,29.8,31.63,33.3,1655,421,3.93,58.40%,47.06%,0.62389,"11:44 ET"
COIN,192.7,2026-09-11,8,Call,220.00,-14.87%,1.14,1.22,1.29,3147,801,3.93,67.64%,74.53%,0.121649,"11:45 ET"
TSLA,381.2,2026-09-04,1,Call,395.00,-4.24%,2.14,2.16,2.17,21106,5380,3.92,44.99%,82.56%,0.229376,"11:46 ET"
UBER,75.64,2026-09-11,8,Put,77.00,+1.72%,2.39,2.45,2.54,1041,266,3.91,36.42%,37.73%,-0.615502,"11:35 ET"
NVDA,227.71,2026-09-04,1,Call,227.50,-0.10%,1.91,1.9,1.93,143335,36661,3.91,32.97%,40.53%,0.503389,"11:46 ET"
MSTR,139.05,2026-09-04,1,Put,130.00,-5.98%,0.36,0.38,0.4,8372,2154,3.89,75.04%,99.58%,-0.107184,"11:45 ET"
AVGO,348.39,2026-09-04,1,Call,340.00,+2.15%,10.75,11.35,11.65,2135,550,3.88,35.84%,56.69%,0.847838,"11:45 ET"
TSLA,381.2,2026-09-09,6,Call,372.50,+1.69%,14.2,13.85,14.5,2519,653,3.86,44.99%,44.13%,0.688446,"11:35 ET"
NVDA,227.71,2026-09-16,13,Call,230.00,-1.20%,4.05,4.18,4.25,1136,295,3.85,32.97%,30.26%,0.442173,"11:45 ET"
TSM,411.59,2026-09-11,8,Call,415.00,-1.19%,5.35,5.7,5.75,1537,399,3.85,32.10%,28.84%,0.436299,"11:36 ET"
SNOW,365.66,2026-09-04,1,Call,380.00,-2.81%,2.29,2.29,2.4,4722,1226,3.85,46.02%,91.44%,0.234051,"11:46 ET"
RIOT,20.65,2026-09-11,8,Call,20.50,-0.34%,1,1.04,1.03,547,143,3.83,84.71%,78.60%,0.543371,"11:43 ET"
HOOD,122.65,2026-09-11,8,Call,118.00,+4.33%,6.25,6.45,6.55,969,253,3.83,64.23%,64.41%,0.632803,"11:42 ET"
MU,950.21,2026-09-04,1,Call,995.00,-4.99%,1.33,1.35,1.38,3941,1029,3.83,58.40%,70.18%,0.086099,"11:46 ET"
CORZ,17.43,2026-11-20,78,Call,25.00,-44.26%,0.59,0.62,0.61,3303,864,3.82,71.11%,76.67%,0.203619,"11:36 ET"
TSLA,381.2,2026-09-14,11,Call,405.00,-6.88%,4.25,4.3,4.4,810,213,3.8,44.99%,45.72%,0.248871,"11:46 ET"
DELL,514.91,2026-09-04,1,Call,520.00,-1.01%,9.5,9.56,9.75,8550,2248,3.8,62.98%,88.45%,0.50997,"11:46 ET"
SNDK,1538.06,2026-09-04,1,Put,"1,540.00",+0.27%,27.3,26,28.1,666,176,3.78,68.83%,81.84%,-0.508315,"11:45 ET"
TSLA,381.2,2026-09-09,6,Put,362.50,-4.33%,2.17,2.33,2.23,767,204,3.76,44.99%,46.13%,-0.175717,"11:44 ET"
PLTR,182.74,2028-01-21,505,Put,240.00,+31.26%,79.4,79.3,80.75,510,136,3.75,48.18%,55.69%,-0.529764,"10:24 ET"
TSLA,381.2,2027-02-19,169,Call,600.00,-58.34%,8,8.15,8.35,529,141,3.75,44.99%,50.83%,0.140108,"11:46 ET"
BTDR,12.05,2026-12-18,106,Put,10.00,-16.60%,1.3,1.45,1.5,1000,267,3.75,94.78%,97.18%,-0.273233,"10:27 ET"
AMD,456.17,2026-09-04,1,Call,462.50,-1.60%,2.94,3.05,3.2,1117,298,3.75,46.95%,57.26%,0.341936,"11:45 ET"
AVGO,348.39,2026-09-04,1,Put,347.50,+0.01%,2.82,2.94,3,6813,1815,3.75,35.84%,57.48%,-0.386713,"11:46 ET"
GOOG,339.05,2026-09-04,1,Call,340.00,-0.27%,1.77,1.81,1.9,9884,2636,3.75,28.07%,30.55%,0.451975,"11:45 ET"
OKTA,168.92,2026-09-11,8,Put,150.00,-10.69%,0.41,0.47,0.54,908,243,3.74,53.27%,56.63%,-0.072858,"11:45 ET"
TSLA,381.2,2026-09-14,11,Put,360.00,-4.99%,3.35,3.4,3.5,852,229,3.72,44.99%,43.96%,-0.202226,"11:46 ET"
AMZN,258.99,2026-09-09,6,Call,267.50,-3.66%,0.75,0.76,0.8,927,249,3.72,29.53%,25.95%,0.17074,"11:46 ET"
CRM,263.91,2026-09-04,1,Put,265.00,+0.12%,2.93,2.99,3.1,1270,341,3.72,37.94%,46.47%,-0.547909,"11:46 ET"
AMD,456.17,2026-09-04,1,Put,447.50,-1.69%,2.08,2.06,2.2,4213,1134,3.72,46.95%,58.98%,-0.250383,"11:45 ET"
BE,233.33,2026-09-11,8,Call,270.00,-17.21%,3.4,3.78,4.15,856,232,3.69,87.53%,104.83%,0.200065,"11:45 ET"
AVGO,348.39,2026-09-11,8,Call,355.00,-2.16%,5.65,5.75,5.95,1301,353,3.69,35.84%,37.56%,0.421265,"11:46 ET"
SNOW,365.66,2026-09-04,1,Call,402.50,-8.90%,0.2,0.25,0.25,1093,297,3.68,46.02%,95.10%,0.032074,"11:46 ET"
TSLA,381.2,2026-09-11,8,Call,377.50,+0.37%,13.15,13.25,13.3,2114,575,3.68,44.99%,47.10%,0.587937,"11:46 ET"
DELL,514.91,2026-09-04,1,Call,540.00,-4.89%,3.05,3.15,3.2,2805,765,3.67,62.98%,91.50%,0.222923,"11:46 ET"
PYPL,55.58,2026-09-11,8,Call,56.00,-0.96%,0.98,0.98,1,4789,1306,3.67,34.67%,35.36%,0.46016,"11:46 ET"
ORCL,152.71,2026-09-11,8,Call,175.00,-14.72%,2.28,2.39,2.46,5438,1481,3.67,66.50%,99.12%,0.201752,"11:45 ET"
TSLA,381.2,2026-09-09,6,Call,430.00,-13.48%,0.61,0.6,0.63,666,182,3.66,44.99%,55.94%,0.054761,"11:45 ET"
MSFT,512.38,2026-09-04,1,Call,517.50,-0.92%,1.6,1.62,1.68,7230,1977,3.66,25.14%,32.32%,0.300378,"11:46 ET"
AXTI,57.37,2026-09-04,1,Call,58.00,-2.65%,1.2,1.45,1.75,675,185,3.65,101.81%,164.62%,0.429356,"11:40 ET"
MU,950.21,2026-09-04,1,Put,920.00,-2.92%,3.55,3.59,3.7,5085,1392,3.65,58.40%,64.10%,-0.201108,"11:46 ET"
SNDK,1538.06,2026-09-04,1,Call,"1,540.00",-0.27%,25.1,25.33,25.7,1380,379,3.64,68.83%,83.30%,0.492297,"11:46 ET"
CRCL,101.29,2026-09-04,1,Call,102.00,-1.55%,2,2.02,2.14,1413,390,3.62,82.16%,111.39%,0.470276,"11:46 ET"
TSLA,381.2,2026-09-04,1,Call,432.50,-14.14%,0.16,0.16,0.18,1162,322,3.61,44.99%,114.04%,0.020609,"11:45 ET"
WULF,15.98,2026-09-11,8,Call,18.00,-13.64%,0.14,0.18,0.2,1081,300,3.6,81.98%,84.62%,0.169117,"11:43 ET"
RDW,10.26,2026-09-11,8,Call,11.00,-7.32%,0.15,0.17,0.25,1353,376,3.6,79.20%,72.84%,0.299417,"11:31 ET"
NVDA,227.71,2026-09-04,1,Call,232.50,-2.30%,0.38,0.39,0.39,97522,27072,3.6,32.97%,40.49%,0.154493,"11:46 ET"
INTC,90.49,2026-09-09,6,Call,97.00,-7.62%,0.42,0.45,0.45,825,230,3.59,55.36%,51.01%,0.14699,"11:35 ET"
SPCX,149.36,2026-09-04,1,Put,150.00,+0.49%,2.26,2.27,2.3,5902,1652,3.57,50.10%,67.37%,-0.518485,"11:46 ET"
DLO,15.73,2026-10-16,43,Call,18.00,-14.50%,0.15,0.25,0.25,506,142,3.56,38.85%,39.94%,0.181095,"11:00 ET"
CRM,263.91,2026-09-11,8,Call,267.50,-1.07%,4.05,4.15,4.4,919,258,3.56,37.94%,36.21%,0.421602,"11:41 ET"
AVGO,348.39,2026-10-02,29,Call,350.00,-0.73%,13.95,14.25,14.55,774,218,3.55,35.84%,34.80%,0.532506,"11:46 ET"
DELL,514.91,2026-09-04,1,Call,550.00,-6.83%,1.61,1.64,1.68,7521,2117,3.55,62.98%,93.52%,0.131417,"11:46 ET"
SNDK,1538.06,2026-09-04,1,Put,"1,515.00",-1.36%,16,15.2,16.8,612,173,3.54,68.83%,81.66%,-0.358634,"11:36 ET"
DPRO,6.09,2026-10-16,43,Call,7.50,-23.56%,0.5,0.55,0.55,29335,8279,3.54,111.78%,120.98%,0.376271,"11:46 ET"
NOW,143.83,2026-09-04,1,Put,144.00,-0.11%,2.13,2.25,2.28,1959,555,3.53,51.74%,66.97%,-0.522953,"11:41 ET"
WBD,28.33,2026-09-11,8,Put,28.00,-1.23%,0,0.16,0.2,500,142,3.52,27.22%,14.28%,-0.270438,"10:29 ET"
CRM,263.91,2026-09-11,8,Put,262.50,-0.82%,4.6,4.77,4.9,612,174,3.52,37.94%,36.00%,-0.439227,"11:46 ET"
DELL,514.91,2026-09-04,1,Call,555.00,-7.80%,1.16,1.18,1.2,1364,387,3.52,62.98%,94.69%,0.098888,"11:46 ET"
META,618.05,2026-09-04,1,Put,587.50,-4.76%,0.23,0.26,0.28,1256,359,3.5,35.69%,53.41%,-0.03668,"11:45 ET"
DELL,514.91,2026-09-04,1,Put,470.00,-8.71%,0.17,0.23,0.23,5044,1442,3.5,62.98%,95.73%,-0.020476,"11:46 ET"
TSLA,381.2,2026-09-04,1,Call,410.00,-8.20%,0.62,0.64,0.63,19408,5548,3.5,44.99%,92.38%,0.076634,"11:46 ET"
MSTR,139.05,2026-09-04,1,Call,157.50,-13.91%,0.1,0.14,0.14,1814,524,3.46,75.04%,131.06%,0.032948,"11:42 ET"
AMZN,258.99,2026-09-04,1,Call,247.50,+4.09%,11.45,11.65,11.65,3322,964,3.45,29.53%,53.04%,0.948994,"11:38 ET"
SNOW,365.66,2026-09-11,8,Call,400.00,-8.22%,1.69,1.87,1.99,1341,390,3.44,46.02%,51.24%,0.135237,"11:45 ET"
AMD,456.17,2026-09-04,1,Call,467.50,-2.70%,1.66,1.83,1.8,1426,415,3.44,46.95%,57.38%,0.222347,"11:45 ET"
CRCL,101.29,2026-10-09,36,Call,98.00,+2.43%,11.4,9.45,12.8,532,155,3.43,82.16%,81.44%,0.608185,"10:00 ET"
MSFT,512.38,2026-09-04,1,Call,520.00,-1.40%,0.98,1.01,1.04,11937,3477,3.43,25.14%,32.19%,0.208552,"11:46 ET"
SNOW,365.66,2026-09-11,8,Call,370.00,-0.11%,8.8,9.75,9.7,728,213,3.42,46.02%,49.42%,0.46825,"11:45 ET"
SNDK,1538.06,2026-09-04,1,Call,"1,570.00",-2.22%,13.5,13.55,14.2,991,290,3.42,68.83%,83.68%,0.322912,"11:44 ET"
MU,950.21,2026-09-04,1,Put,952.50,+0.51%,15.95,16,16.55,906,266,3.41,58.40%,63.34%,-0.579384,"11:46 ET"
MU,950.21,2026-09-09,6,Call,935.00,+1.34%,26.3,32.32,30.6,772,227,3.4,58.40%,46.67%,0.590265,"11:31 ET"
TSLA,381.2,2026-09-11,8,Call,392.50,-3.58%,6.65,6.75,6.75,511,151,3.38,44.99%,48.09%,0.37136,"11:46 ET"
AAPL,330.04,2026-09-11,8,Put,325.00,-1.53%,3.05,3.1,3.15,3700,1096,3.38,24.84%,26.91%,-0.345315,"11:46 ET"
ADBE,285.8,2026-10-02,29,Put,285.00,-0.53%,14.95,15.58,15.85,1191,353,3.37,51.81%,50.68%,-0.455696,"11:23 ET"
HOOD,122.65,2026-09-11,8,Call,121.00,+1.90%,4.65,4.8,4.9,1398,415,3.37,64.23%,64.50%,0.530277,"11:44 ET"
SPCX,149.36,2026-09-11,8,Call,160.00,-7.19%,1.35,1.37,1.38,11232,3334,3.37,50.10%,53.19%,0.211879,"11:46 ET"
HOOD,122.65,2026-10-02,29,Call,150.00,-21.62%,1.68,1.72,1.81,530,158,3.35,64.23%,67.57%,0.156794,"11:45 ET"
TSLA,381.2,2026-09-11,8,Put,350.00,-7.63%,1.46,1.47,1.48,5095,1521,3.35,44.99%,49.47%,-0.106212,"11:46 ET"
SPCX,149.36,2026-09-11,8,Put,140.00,-6.21%,1.16,1.18,1.2,9530,2848,3.35,50.10%,52.18%,-0.181188,"11:46 ET"
DELL,514.91,2026-09-04,1,Call,515.00,-0.03%,12,12.1,12.35,3103,929,3.34,62.98%,87.37%,0.593303,"11:46 ET"
AVGO,348.39,2026-10-09,36,Call,370.00,-6.48%,8.3,8.6,8.9,957,289,3.31,35.84%,36.05%,0.344402,"11:45 ET"
SPCX,149.36,2026-09-11,8,Put,150.00,+0.49%,4.55,4.55,4.65,1623,490,3.31,50.10%,50.62%,-0.494172,"11:46 ET"
SKHY,161.34,2026-09-11,8,Put,146.00,-8.85%,0.69,0.75,0.79,554,168,3.3,58.10%,58.18%,-0.106667,"11:35 ET"
META,618.05,2026-09-04,1,Call,650.00,-5.37%,0.23,0.26,0.26,7260,2202,3.3,35.69%,54.05%,0.035673,"11:46 ET"
AS,28.52,2027-01-15,134,Put,27.50,-3.61%,2.4,2.55,2.6,1331,404,3.29,45.26%,46.25%,-0.382917,"11:10 ET"
SPCX,149.36,2026-10-16,43,Put,145.00,-2.86%,7.75,7.74,7.9,6554,1990,3.29,50.10%,50.82%,-0.386575,"11:43 ET"
AMD,456.17,2026-09-04,1,Call,440.00,+3.34%,17.3,17.55,18.05,563,172,3.27,46.95%,63.67%,0.871527,"11:40 ET"
SPCX,149.36,2026-09-11,8,Call,147.00,+1.52%,5.8,6.04,6.1,1581,483,3.27,50.10%,50.60%,0.612797,"11:43 ET"
HOOD,122.65,2026-09-04,1,Call,117.00,+5.14%,4.85,5.12,5.3,2566,784,3.27,64.23%,95.54%,0.769521,"11:46 ET"
TSLA,381.2,2026-09-09,6,Call,370.00,+2.35%,15.75,15.84,16.35,4318,1319,3.27,44.99%,43.99%,0.729808,"11:45 ET"
DELL,514.91,2026-09-04,1,Call,510.00,+0.94%,15,15.15,15.2,7480,2287,3.27,62.98%,85.76%,0.676158,"11:46 ET"
AMZN,258.99,2026-09-11,8,Call,265.00,-2.69%,1.96,1.98,1.99,10964,3358,3.27,29.53%,27.83%,0.298645,"11:46 ET"
AMZN,258.99,2026-09-04,1,Call,260.00,-0.75%,1.46,1.46,1.49,44901,13729,3.27,29.53%,36.52%,0.415611,"11:46 ET"
AMD,456.17,2026-09-04,1,Call,460.00,-1.05%,3.85,3.99,4.1,4624,1418,3.26,46.95%,57.20%,0.410356,"11:46 ET"
DELL,514.91,2026-09-04,1,Call,530.00,-2.95%,5.55,5.7,5.7,5552,1703,3.26,62.98%,89.50%,0.351435,"11:46 ET"
AVGO,348.39,2026-09-04,1,Call,365.00,-5.04%,0.59,0.59,0.63,7014,2150,3.26,35.84%,63.05%,0.11061,"11:46 ET"
MSTR,139.05,2026-09-11,8,Put,140.00,+1.25%,6.7,6.51,6.95,2633,810,3.25,75.04%,74.15%,-0.515267,"11:41 ET"
HOOD,122.65,2026-09-04,1,Call,120.00,+2.71%,2.82,2.99,2.97,22854,7025,3.25,64.23%,88.12%,0.597296,"11:45 ET"
MSFT,512.38,2026-09-11,8,Put,500.00,-2.50%,2.43,2.51,2.59,1341,414,3.24,25.14%,24.28%,-0.230162,"11:46 ET"
META,618.05,2026-09-04,1,Call,610.00,+1.11%,10.5,11,11,8751,2697,3.24,35.69%,49.67%,0.683738,"11:46 ET"
ZS,177.12,2026-09-11,8,Call,175.00,+0.90%,14.25,14.38,14.55,787,244,3.23,75.46%,125.27%,0.569353,"11:46 ET"
NFLX,82.37,2026-09-04,1,Put,83.00,+0.62%,0.94,0.97,0.98,2659,824,3.23,33.16%,36.64%,-0.637718,"11:45 ET"
RUN,9,2026-11-20,78,Call,9.00,+0.11%,1.35,1.38,1.4,1286,399,3.22,71.24%,80.41%,0.585557,"11:37 ET"
HOOD,122.65,2027-02-19,169,Call,150.00,-21.62%,13.45,14,14.35,2024,628,3.22,64.23%,68.88%,0.427781,"11:40 ET"
MU,950.21,2026-09-04,1,Call,985.00,-3.93%,2.15,2.19,2.25,2704,839,3.22,58.40%,68.39%,0.13142,"11:46 ET"
XYZ,82.85,2026-10-16,43,Put,80.00,-3.32%,2.95,3.2,3.1,530,165,3.21,39.25%,38.77%,-0.37133,"10:43 ET"
C,137.75,2026-10-02,29,Call,145.00,-5.32%,1.7,1.7,1.77,891,278,3.21,29.62%,27.19%,0.276452,"11:45 ET"
TSM,411.59,2026-09-11,8,Call,420.00,-2.41%,3.55,3.85,3.8,1234,385,3.21,32.10%,28.63%,0.328373,"11:32 ET"
PL,18.29,2026-09-04,1,Put,15.50,-16.17%,0.3,0.35,0.45,1455,453,3.21,114.72%,389.69%,-0.169362,"11:45 ET"
CRWD,213.2,2026-09-04,1,Call,212.50,-0.02%,3.9,4.05,4.1,1470,458,3.21,51.25%,73.93%,0.57184,"11:46 ET"
MU,950.21,2026-09-04,1,Call,975.00,-2.88%,3.5,3.58,3.7,5770,1805,3.2,58.40%,67.21%,0.197699,"11:46 ET"
META,618.05,2026-09-04,1,Call,612.50,+0.71%,8.95,9.07,9.3,6346,1985,3.2,35.69%,49.57%,0.626042,"11:45 ET"
TSLA,381.2,2026-09-18,15,Put,367.50,-3.01%,7.55,7.6,7.65,747,235,3.18,44.99%,45.84%,-0.315215,"11:46 ET"
BMEA,1.8601,2027-01-15,134,Put,2.0000,+7.00%,0.3,0.5,0.8,1000,314,3.18,121.47%,107.93%,-0.407626,"10:17 ET"
MU,950.21,2026-09-04,1,Put,925.00,-2.40%,4.6,4.5,4.85,2761,868,3.18,58.40%,63.62%,-0.247964,"11:45 ET"
RGTI,15.27,2026-09-11,8,Call,15.50,-1.84%,0.44,0.46,0.47,732,231,3.17,70.19%,65.82%,0.437794,"11:41 ET"
TSLA,381.2,2026-09-14,11,Call,380.00,-0.29%,12.35,12.08,12.95,724,230,3.15,44.99%,42.91%,0.55094,"11:44 ET"
CIFR,17.08,2026-09-11,8,Put,15.50,-8.07%,0.31,0.34,0.33,1219,388,3.14,94.37%,90.39%,-0.227491,"11:44 ET"
AAPL,330.04,2026-09-09,6,Put,327.50,-0.78%,3.25,3.3,3.4,746,238,3.13,24.84%,26.29%,-0.408431,"11:46 ET"
MSTR,139.05,2026-09-04,1,Put,126.00,-8.87%,0.13,0.12,0.14,2691,859,3.13,75.04%,106.40%,-0.042122,"11:43 ET"
NVDA,227.71,2026-09-18,15,Put,227.50,+0.10%,5.8,5.85,5.9,3372,1082,3.12,32.97%,32.45%,-0.481441,"11:45 ET"
TSLA,381.2,2026-09-11,8,Call,380.00,-0.29%,11.85,12,12,8171,2622,3.12,44.99%,47.34%,0.550641,"11:46 ET"
AFRM,74.41,2026-09-25,22,Call,91.00,-22.34%,0.11,0.25,0.4,802,258,3.11,51.83%,51.96%,0.064761,"09:55 ET"
IREN,41.49,2026-09-04,1,Put,40.50,-1.77%,0.52,0.56,0.57,728,237,3.07,80.58%,100.22%,-0.359723,"11:46 ET"
TSLA,381.2,2026-09-04,1,Put,395.00,+4.24%,15.05,15.35,15.2,774,252,3.07,44.99%,85.24%,-0.763352,"11:45 ET"
WULF,15.98,2026-09-11,8,Put,15.00,-5.30%,0.34,0.36,0.39,1524,496,3.07,81.98%,77.72%,-0.29627,"11:44 ET"
CIFR,17.08,2026-12-18,106,Call,29.00,-72.00%,1.02,1.02,1.1,795,260,3.06,94.37%,101.51%,0.246296,"11:24 ET"
HIVE,3.04,2027-03-19,197,Call,5.00,-63.93%,0.35,0.4,0.45,616,202,3.05,97.49%,97.22%,0.377577,"11:12 ET"
TSLA,381.2,2026-09-09,6,Call,405.00,-6.88%,2.32,2.36,2.37,1740,570,3.05,44.99%,48.46%,0.185758,"11:46 ET"
HOOD,122.65,2026-09-18,15,Call,122.00,+1.09%,5.8,5.99,6.1,529,174,3.04,64.23%,63.53%,0.510696,"11:46 ET"
PLTR,182.74,2026-09-11,8,Put,175.00,-4.29%,2.05,2.09,2.12,3846,1266,3.04,48.18%,48.46%,-0.255234,"11:45 ET"
BULL,10.07,2027-02-19,169,Call,17.50,-74.30%,0.23,0.32,0.33,554,183,3.03,62.55%,63.09%,0.149848,"11:32 ET"
MU,950.21,2026-09-11,8,Call,955.00,-0.77%,24.2,27,26.35,561,185,3.03,58.40%,52.41%,0.468686,"11:37 ET"
CRCL,101.29,2026-10-09,36,Put,93.00,-7.41%,5.7,6.63,6.55,786,259,3.03,82.16%,81.40%,-0.316641,"10:37 ET"
DELL,514.91,2026-09-04,1,Call,545.00,-5.86%,2.24,2.29,2.35,1007,332,3.03,62.98%,92.71%,0.17315,"11:45 ET"
BMNR,25.88,2026-09-18,15,Put,22.50,-12.52%,0.39,0.42,0.43,1232,407,3.03,81.19%,79.69%,-0.170062,"11:42 ET"
META,618.05,2026-09-04,1,Call,660.00,-7.00%,0.1,0.12,0.12,2019,668,3.02,35.69%,59.14%,0.01623,"11:43 ET"
SPCX,149.36,2026-09-11,8,Put,145.00,-2.86%,2.41,2.42,2.45,2081,688,3.02,50.10%,50.66%,-0.320056,"11:46 ET"
MU,950.21,2026-09-04,1,Put,940.00,-0.81%,9.8,9.82,9.95,4733,1566,3.02,58.40%,63.57%,-0.421593,"11:46 ET"
EL,100.19,2026-09-18,15,Call,111.00,-11.19%,0.1,0.19,0.45,752,250,3.01,33.68%,35.17%,0.08601,"11:30 ET"
BSX,47.38,2026-10-16,43,Put,50.00,+5.35%,3.9,3.9,4.2,704,235,3,40.89%,39.02%,-0.629524,"11:21 ET"
HOOD,122.65,2026-09-11,8,Call,135.00,-9.45%,0.94,1.01,1,1209,404,2.99,64.23%,68.39%,0.157622,"11:46 ET"
MU,950.21,2026-09-09,6,Call,945.00,+0.29%,22.45,23,23.8,795,267,2.98,58.40%,46.64%,0.520096,"11:46 ET"
MU,950.21,2026-09-04,1,Call,932.50,+1.60%,19.9,20.2,20.9,1711,575,2.98,58.40%,64.92%,0.666626,"11:45 ET"
BE,233.33,2026-09-11,8,Call,240.00,-4.19%,11.2,11.15,11.5,2326,781,2.98,87.53%,100.85%,0.463501,"11:46 ET"
SNDK,1538.06,2026-09-04,1,Put,"1,520.00",-1.04%,18,18.65,18.8,864,292,2.96,68.83%,81.83%,-0.38802,"11:44 ET"
HD,319.07,2026-10-16,43,Put,315.00,-0.91%,8.2,8.9,8.65,1934,654,2.96,25.05%,24.00%,-0.419408,"11:18 ET"
AAPL,330.04,2026-09-04,1,Put,322.50,-2.29%,0.25,0.26,0.26,25477,8621,2.96,24.84%,32.73%,-0.095523,"11:46 ET"
PLTR,182.74,2026-10-02,29,Put,157.50,-13.86%,1.84,1.88,1.93,1041,353,2.95,48.18%,51.63%,-0.132084,"11:45 ET"
CBIO,21.1,2027-02-19,169,Call,20.00,+2.10%,6.5,6.6,7.9,1541,522,2.95,109.73%,118.92%,0.690363,"10:45 ET"
TSLA,381.2,2026-09-04,1,Call,417.50,-10.18%,0.37,0.38,0.38,1657,565,2.93,44.99%,99.04%,0.046651,"11:46 ET"
UBER,75.64,2026-09-04,1,Put,78.00,+3.04%,2.53,2.74,2.63,4031,1374,2.93,36.42%,57.11%,-0.84965,"10:56 ET"
MSFT,512.38,2026-09-04,1,Put,505.00,-1.52%,0.81,0.84,0.84,4410,1506,2.93,25.14%,32.05%,-0.176358,"11:46 ET"
HOOD,122.65,2026-09-11,8,Put,110.00,-10.82%,0.76,0.81,0.86,1443,495,2.92,64.23%,62.89%,-0.136019,"11:46 ET"
CRCL,101.29,2026-09-04,1,Put,95.00,-5.42%,0.3,0.27,0.36,1865,639,2.92,82.16%,106.66%,-0.116427,"11:43 ET"
AMD,456.17,2026-09-04,1,Call,457.50,-0.50%,4.9,5.22,5.25,2416,827,2.92,46.95%,57.35%,0.482303,"11:45 ET"
LITE,854.08,2026-09-04,1,Call,880.00,-3.37%,4.9,4.9,5.2,798,274,2.91,69.29%,84.38%,0.234588,"11:45 ET"
AVGO,348.39,2026-11-20,78,Put,290.00,-16.54%,3.5,3.5,3.6,7900,2711,2.91,35.84%,37.37%,-0.112272,"11:45 ET"
CIEN,320.91,2026-09-04,1,Call,350.00,-9.25%,0.2,0.35,0.5,617,213,2.9,63.22%,108.74%,0.047633,"11:38 ET"
AAPL,330.04,2026-09-09,6,Call,337.50,-2.25%,1.69,1.7,1.75,1070,369,2.9,24.84%,26.62%,0.257964,"11:46 ET"
PATH,18.42,2026-10-16,43,Put,15.00,-18.26%,0.57,0.6,0.65,1942,669,2.9,87.30%,81.74%,-0.187521,"11:12 ET"
MU,950.21,2026-09-04,1,Call,"1,000.00",-5.52%,1.07,1.07,1.08,41423,14260,2.9,58.40%,71.32%,0.069847,"11:46 ET"
SNOW,365.66,2026-09-04,1,Call,405.00,-9.57%,0.14,0.2,0.2,1065,368,2.89,46.02%,95.76%,0.024902,"11:41 ET"
RCAT,8.45,2026-09-11,8,Call,8.50,0.00%,0.41,0.43,0.48,1297,449,2.89,86.30%,90.69%,0.520381,"11:11 ET"
TSLA,381.2,2026-09-09,6,Put,365.00,-3.67%,2.65,2.65,2.71,2013,696,2.89,44.99%,45.84%,-0.206068,"11:46 ET"
CIFR,17.08,2026-09-04,1,Put,17.00,+0.83%,0.42,0.46,0.47,6402,2218,2.89,94.37%,120.73%,-0.499894,"11:46 ET"
META,618.05,2026-09-09,6,Call,625.00,-1.32%,6.7,6.7,7.15,506,176,2.88,35.69%,31.99%,0.395081,"11:44 ET"
DELL,514.91,2026-09-04,1,Call,542.50,-5.38%,2.63,2.73,2.75,598,208,2.88,62.98%,92.21%,0.197157,"11:46 ET"
ALT,3.24,2026-09-04,1,Call,0.50,+84.66%,2.65,2.69,2.8,1003,351,2.86,54.64%,0.00%,0,"10:27 ET"
AMZN,258.99,2026-09-04,1,Put,257.50,-0.22%,1.27,1.28,1.29,11557,4034,2.86,29.53%,35.16%,-0.381267,"11:46 ET"
AAPL,330.04,2026-09-04,1,Put,320.00,-3.05%,0.11,0.12,0.12,17374,6085,2.86,24.84%,34.37%,-0.046589,"11:46 ET"
BE,233.33,2026-09-18,15,Put,187.50,-18.60%,2.16,2.23,2.25,669,235,2.85,87.53%,91.91%,-0.098881,"11:44 ET"
AMZN,258.99,2026-09-04,1,Call,245.00,+5.06%,13.85,14.02,14.15,1878,661,2.84,29.53%,58.10%,0.966308,"11:46 ET"
AVGO,348.39,2026-09-18,15,Put,345.00,-0.71%,7.2,7.1,7.6,7223,2549,2.83,35.84%,35.58%,-0.396323,"11:44 ET"
HPE,48.26,2026-11-20,78,Put,50.00,+3.28%,5.2,5.4,5.55,1157,410,2.82,51.85%,53.47%,-0.485657,"11:09 ET"
NTR,80.27,2027-01-15,134,Call,90.00,-11.32%,2.8,3.2,3.2,1522,539,2.82,31.07%,32.47%,0.321436,"11:03 ET"
CRWD,213.2,2026-09-04,1,Call,210.00,+1.15%,5.4,5.42,5.8,2795,992,2.82,51.25%,75.47%,0.683595,"11:44 ET"
ODD,14.51,2026-10-16,43,Put,7.50,-48.28%,0.1,0.14,0.15,24013,8509,2.82,129.01%,126.35%,-0.04155,"10:51 ET"
TSLA,381.2,2026-10-02,29,Call,375.00,+1.03%,23.05,23,23.5,1234,439,2.81,44.99%,44.42%,0.593563,"11:45 ET"
DELL,514.91,2026-09-04,1,Call,507.50,+1.42%,16.6,16,17.05,1572,564,2.79,62.98%,86.05%,0.713877,"11:45 ET"
MSTR,139.05,2026-09-04,1,Put,137.00,-0.92%,2.12,2.12,2.2,2242,806,2.78,75.04%,99.05%,-0.406625,"11:46 ET"
MSTR,139.05,2026-09-04,1,Call,138.00,+0.20%,3.25,3.4,3.45,3802,1375,2.77,75.04%,107.12%,0.537062,"11:45 ET"
MSTR,139.05,2026-10-16,43,Call,150.00,-8.48%,10.3,10.3,10.5,7972,2878,2.77,75.04%,77.48%,0.440039,"11:46 ET"
HOOD,122.65,2026-09-18,15,Call,123.00,+0.28%,5.4,5.57,5.7,573,208,2.75,64.23%,64.01%,0.485898,"11:46 ET"
NOW,143.83,2026-09-11,8,Put,141.00,-2.19%,2.95,2.66,3.15,545,199,2.74,51.74%,50.82%,-0.38581,"10:42 ET"
AXTI,57.37,2026-09-04,1,Call,60.00,-6.19%,0.6,0.75,0.9,1756,642,2.74,101.81%,156.73%,0.272751,"11:44 ET"
MU,950.21,2026-09-09,6,Call,"1,000.00",-5.52%,5.7,6,6,4219,1546,2.73,58.40%,47.50%,0.189866,"11:46 ET"
HOOD,122.65,2026-10-02,29,Call,145.00,-17.56%,2.23,2.33,2.36,507,187,2.71,64.23%,66.35%,0.198066,"11:45 ET"
AAPL,330.04,2026-09-04,1,Put,335.00,+1.50%,5.45,5.7,5.8,518,191,2.71,24.84%,28.73%,-0.852195,"11:44 ET"
META,618.05,2026-09-11,8,Call,650.00,-5.37%,2.94,2.92,3.1,2626,968,2.71,35.69%,35.78%,0.175538,"11:45 ET"
NVDA,227.71,2026-09-09,6,Call,227.50,-0.10%,3.25,3.28,3.35,10036,3706,2.71,32.97%,27.99%,0.511486,"11:46 ET"
WMT,108.99,2026-09-11,8,Put,108.00,-0.84%,0.81,0.86,0.91,748,277,2.7,21.91%,20.21%,-0.375106,"11:46 ET"
CRCL,101.29,2026-09-11,8,Put,95.00,-5.42%,1.84,2,2.06,768,284,2.7,82.16%,76.82%,-0.262987,"11:43 ET"
ATAI,7.43,2026-09-18,15,Put,8.00,+7.96%,1.2,1.24,1.25,995,368,2.7,55.89%,146.51%,-0.541257,"11:15 ET"
DELL,514.91,2026-09-04,1,Put,482.50,-6.28%,0.61,0.71,0.62,1299,482,2.7,62.98%,91.79%,-0.05664,"11:44 ET"
HIMS,27.9,2026-09-04,1,Call,28.50,-2.04%,0.24,0.26,0.27,1879,696,2.7,68.38%,85.45%,0.321591,"11:44 ET"
PLTR,182.74,2026-09-11,8,Put,182.50,-0.19%,4.7,4.85,4.9,2177,807,2.7,48.18%,46.74%,-0.471204,"11:42 ET"
CRCL,101.29,2026-09-04,1,Call,101.00,-0.56%,2.49,2.61,2.59,1536,572,2.69,82.16%,110.89%,0.537682,"11:46 ET"
AMZN,258.99,2026-09-04,1,Call,262.50,-1.72%,0.7,0.71,0.71,19988,7437,2.69,29.53%,37.01%,0.240705,"11:46 ET"
AAPL,330.04,2026-09-04,1,Put,325.00,-1.53%,0.54,0.56,0.56,38263,14224,2.69,24.84%,31.27%,-0.18509,"11:46 ET"
HIMS,27.9,2026-09-04,1,Call,28.00,-0.25%,0.41,0.43,0.46,854,319,2.68,68.38%,83.83%,0.472255,"11:46 ET"
KLAC,171.81,2026-11-20,78,Put,170.00,-0.85%,15.5,16.27,16.2,543,204,2.66,50.84%,54.92%,-0.425264,"11:15 ET"
TSM,411.59,2026-09-04,1,Call,417.50,-1.80%,0.78,0.84,0.94,1334,502,2.66,32.10%,33.68%,0.210937,"11:37 ET"
CRCL,101.29,2026-09-11,8,Call,115.00,-14.50%,1.1,1.17,1.24,601,227,2.65,82.16%,85.79%,0.177941,"11:46 ET"
MSFT,512.38,2026-12-18,106,Put,510.00,-0.55%,28.15,28.5,29.05,1234,465,2.65,25.14%,29.16%,-0.437871,"11:43 ET"
HPE,48.26,2027-03-19,197,Put,40.00,-17.37%,3.65,3.85,3.85,1292,488,2.65,51.85%,58.76%,-0.240447,"10:39 ET"
AMD,456.17,2026-09-04,1,Call,465.00,-2.15%,2.23,2.38,2.4,2559,964,2.65,46.95%,57.18%,0.278271,"11:46 ET"
PLTR,182.74,2026-09-11,8,Call,185.00,-1.18%,4.15,4.2,4.3,6467,2438,2.65,48.18%,47.53%,0.452689,"11:44 ET"
MU,950.21,2026-09-11,8,Call,950.00,-0.24%,26.75,27,27.45,3044,1154,2.64,58.40%,51.64%,0.495123,"11:46 ET"
MU,950.21,2026-09-04,1,Call,980.00,-3.41%,2.8,2.85,2.88,11995,4550,2.64,58.40%,67.93%,0.162453,"11:46 ET"
PLTR,182.74,2027-09-17,379,Put,115.00,-37.11%,9.25,9.4,9.6,1104,420,2.63,48.18%,58.99%,-0.129046,"10:40 ET"
TSLA,381.2,2026-09-09,6,Call,400.00,-5.56%,3.15,3.2,3.25,20364,7750,2.63,44.99%,47.64%,0.239845,"11:46 ET"
CRWV,82.65,2026-09-11,8,Call,86.00,-4.64%,1.93,1.97,1.99,655,250,2.62,70.49%,67.53%,0.365733,"11:46 ET"
AAPL,330.04,2026-09-09,6,Put,325.00,-1.53%,2.31,2.4,2.48,1952,748,2.61,24.84%,26.38%,-0.323486,"11:39 ET"
SPCX,149.36,2026-09-04,1,Call,146.00,+2.19%,4.35,4.4,4.5,9103,3488,2.61,50.10%,68.19%,0.76195,"11:46 ET"
IREN,41.49,2026-09-04,1,Put,39.50,-4.20%,0.25,0.24,0.28,630,242,2.6,80.58%,102.66%,-0.206881,"11:45 ET"
CRM,263.91,2026-09-04,1,Put,262.50,-0.82%,1.81,1.83,1.93,774,298,2.6,37.94%,47.51%,-0.395816,"11:46 ET"
NKE,38.31,2026-09-11,8,Call,38.50,-0.68%,0.56,0.58,0.6,1883,725,2.6,40.32%,29.98%,0.459668,"11:43 ET"
DELL,514.91,2026-09-04,1,Call,505.00,+1.91%,18.4,18.51,18.8,3623,1395,2.6,62.98%,85.84%,0.750445,"11:46 ET"
AVGO,348.39,2026-09-04,1,Call,367.50,-5.76%,0.39,0.45,0.45,5289,2034,2.6,35.84%,64.11%,0.079868,"11:46 ET"
MSFT,512.38,2026-09-04,1,Call,525.00,-2.38%,0.3,0.3,0.33,6687,2576,2.6,25.14%,31.84%,0.081533,"11:45 ET"
MU,950.21,2026-09-04,1,Call,970.00,-2.35%,4.5,4.6,4.6,7511,2885,2.6,58.40%,66.61%,0.238722,"11:46 ET"
TSLA,381.2,2026-09-04,1,Put,355.00,-6.31%,0.39,0.4,0.4,16721,6436,2.6,44.99%,88.14%,-0.052282,"11:46 ET"
PLTR,182.74,2026-09-04,1,Call,187.50,-2.54%,0.99,1,1,19309,7425,2.6,48.18%,69.82%,0.253108,"11:45 ET"
MU,950.21,2026-09-11,8,Call,945.00,+0.29%,28.95,29.91,30.45,525,203,2.59,58.40%,52.02%,0.522708,"11:46 ET"
META,618.05,2026-09-09,6,Call,650.00,-5.37%,1.47,1.52,1.63,783,302,2.59,35.69%,33.39%,0.121112,"11:46 ET"
NOW,143.83,2026-09-11,8,Put,135.00,-6.35%,1.14,1.16,1.29,1019,393,2.59,51.74%,51.25%,-0.194267,"11:29 ET"
MRVL,211.09,2027-03-19,197,Put,125.00,-40.36%,4.2,4.5,4.5,2420,933,2.59,58.54%,63.36%,-0.079725,"11:12 ET"
WMT,108.99,2026-09-11,8,Call,108.00,+0.84%,1.85,1.81,1.92,3839,1480,2.59,21.91%,20.76%,0.623047,"11:45 ET"
NVDA,227.71,2026-09-04,1,Put,230.00,+1.20%,3.3,3.4,3.4,12771,4946,2.58,32.97%,38.21%,-0.705468,"11:46 ET"
AVGO,348.39,2026-09-09,6,Call,375.00,-7.92%,0.71,0.77,0.8,914,356,2.57,35.84%,39.21%,0.093621,"11:46 ET"
AAPL,330.04,2026-09-14,11,Call,330.00,+0.02%,5.65,5.7,5.9,1047,408,2.57,24.84%,25.17%,0.510279,"11:45 ET"
AMZN,258.99,2026-09-09,6,Call,265.00,-2.69%,1.2,1.23,1.23,3728,1448,2.57,29.53%,25.38%,0.246727,"11:46 ET"
SPCX,149.36,2026-09-04,1,Put,145.00,-2.86%,0.51,0.52,0.53,14659,5713,2.57,50.10%,67.19%,-0.179352,"11:46 ET"
UBER,75.64,2026-09-11,8,Call,77.00,-1.72%,1.11,1.1,1.17,4049,1581,2.56,36.42%,38.46%,0.388749,"11:45 ET"
SNDK,1538.06,2026-09-04,1,Put,"1,560.00",+1.57%,39,40,40.1,741,291,2.55,68.83%,82.36%,-0.625505,"11:43 ET"
MU,950.21,2026-09-04,1,Call,990.00,-4.46%,1.72,1.79,1.79,4198,1645,2.55,58.40%,69.56%,0.107628,"11:46 ET"
TSLA,381.2,2026-09-04,1,Call,367.50,+3.01%,15.95,16.06,16.25,13523,5297,2.55,44.99%,78.61%,0.834913,"11:46 ET"
PLTR,182.74,2026-09-04,1,Put,180.00,-1.56%,1.44,1.45,1.46,27312,10690,2.55,48.18%,69.77%,-0.325504,"11:46 ET"
BABA,111.07,2026-09-04,1,Call,112.00,-0.86%,0.65,0.66,0.73,2599,1022,2.54,40.13%,46.75%,0.372595,"11:45 ET"
TSLA,381.2,2026-09-04,1,Put,357.50,-5.65%,0.5,0.51,0.51,11145,4383,2.54,44.99%,85.97%,-0.065903,"11:46 ET"
AVGO,348.39,2026-09-04,1,Put,345.00,-0.71%,1.95,2,2.05,7963,3142,2.53,35.84%,57.05%,-0.297466,"11:46 ET"
TSLA,381.2,2026-09-04,1,Call,427.50,-12.82%,0.21,0.21,0.22,1033,410,2.52,44.99%,108.91%,0.026417,"11:46 ET"
NVDA,227.71,2026-09-09,6,Put,225.00,-1.00%,2.13,2.14,2.16,4118,1634,2.52,32.97%,28.29%,-0.37017,"11:45 ET"
META,618.05,2026-09-04,1,Call,645.00,-4.56%,0.38,0.39,0.42,4574,1814,2.52,35.69%,52.16%,0.056258,"11:45 ET"
HPE,48.26,2026-10-02,29,Call,50.00,-3.28%,2,2.08,2.35,907,361,2.51,51.85%,49.23%,0.458402,"11:23 ET"
GOOG,339.05,2026-09-04,1,Put,337.50,-0.47%,1.56,1.61,1.67,1370,545,2.51,28.07%,34.08%,-0.379569,"11:46 ET"
RGTI,15.27,2026-09-04,1,Call,15.50,-1.84%,0.15,0.16,0.17,2647,1054,2.51,70.19%,91.07%,0.34075,"11:44 ET"
DELL,514.91,2026-09-04,1,Put,480.00,-6.76%,0.45,0.48,0.55,3147,1252,2.51,62.98%,92.74%,-0.046985,"11:45 ET"
C,137.75,2026-09-04,1,Put,137.00,-0.49%,0.57,0.67,0.66,613,245,2.5,29.62%,35.64%,-0.351111,"11:43 ET"
RKLB,62.98,2026-09-11,8,Put,63.00,-0.35%,1.87,1.89,1.98,789,316,2.5,66.20%,60.22%,-0.434381,"11:46 ET"
BE,233.33,2026-11-20,78,Put,210.00,-8.83%,24.65,25.25,25.5,2388,954,2.5,87.53%,89.88%,-0.314654,"11:44 ET"
TSLA,381.2,2026-09-04,1,Put,350.00,-7.63%,0.25,0.26,0.26,20863,8343,2.5,44.99%,93.38%,-0.03401,"11:46 ET"
RIOT,20.65,2026-09-11,8,Put,19.00,-7.00%,0.31,0.32,0.34,1087,436,2.49,84.71%,78.40%,-0.222778,"11:46 ET"
MRVL,211.09,2027-03-19,197,Call,210.00,-0.20%,40.75,41.17,42.35,2023,811,2.49,58.54%,63.28%,0.616325,"11:41 ET"
AMZN,258.99,2026-09-04,1,Call,257.50,+0.22%,2.76,2.76,2.81,21610,8662,2.49,29.53%,37.30%,0.612831,"11:46 ET"
MSTR,139.05,2026-09-18,15,Put,121.00,-12.49%,1.64,1.63,1.83,924,372,2.48,75.04%,71.38%,-0.155108,"11:39 ET"
TSLA,381.2,2026-09-11,8,Call,410.00,-8.20%,2.77,2.8,2.81,2661,1072,2.48,44.99%,50.36%,0.185333,"11:46 ET"
BMNR,25.88,2026-09-11,8,Call,27.50,-6.92%,0.63,0.66,0.67,558,226,2.47,81.19%,82.42%,0.332858,"11:44 ET"
SMCI,36.83,2026-09-11,8,Put,33.00,-10.40%,0.2,0.22,0.25,2401,974,2.47,69.72%,67.61%,-0.118709,"11:32 ET"
COIN,192.7,2026-09-11,8,Call,195.00,-1.82%,6.1,6.5,6.5,1474,600,2.46,67.64%,66.49%,0.462175,"11:46 ET"
NVDA,227.71,2026-09-09,6,Put,227.50,+0.10%,3.15,3.19,3.25,1979,805,2.46,32.97%,27.83%,-0.489742,"11:45 ET"
TSLA,381.2,2026-09-11,8,Call,412.50,-8.86%,2.44,2.35,2.48,519,212,2.45,44.99%,50.79%,0.166545,"11:45 ET"
TSLA,381.2,2026-09-09,6,Call,367.50,+3.01%,17.6,17.05,18.3,829,340,2.44,44.99%,44.48%,0.765765,"11:39 ET"
ASST,26.66,2026-09-18,15,Call,26.00,+2.15%,2.06,2.29,2.4,1603,656,2.44,88.34%,91.45%,0.582219,"11:43 ET"
SPCX,149.36,2026-09-11,8,Call,157.50,-5.51%,1.83,1.76,1.87,2102,865,2.43,50.10%,52.36%,0.270745,"11:44 ET"
AVGO,348.39,2026-10-16,43,Call,340.00,+2.15%,22.75,23.11,23.15,693,286,2.42,35.84%,35.15%,0.631653,"11:45 ET"
AMD,456.17,2026-09-04,1,Put,442.50,-2.79%,1.1,1.15,1.21,1527,632,2.42,46.95%,59.80%,-0.15304,"11:44 ET"
META,618.05,2026-09-11,8,Put,590.00,-4.35%,3.05,3.25,3.3,2016,832,2.42,35.69%,34.85%,-0.179544,"11:36 ET"
DELL,514.91,2026-09-04,1,Call,535.00,-3.92%,4.15,4.26,4.35,2474,1023,2.42,62.98%,90.79%,0.283338,"11:46 ET"
TSLA,381.2,2026-09-04,1,Call,370.00,+2.35%,13.95,14.05,14.1,41527,17183,2.42,44.99%,77.39%,0.794208,"11:46 ET"
CNTB,2.81,2026-09-18,15,Call,7.50,-161.32%,0.05,0.2,0.2,1941,804,2.41,543.89%,369.18%,0.159528,"11:41 ET"
TSLA,381.2,2026-09-04,1,Call,372.50,+1.69%,12.05,12.25,12.2,37480,15567,2.41,44.99%,77.27%,0.744027,"11:46 ET"
SPCX,149.36,2026-10-02,29,Call,195.00,-30.64%,0.64,0.56,0.68,660,275,2.4,50.10%,58.29%,0.065338,"10:19 ET"
TSLA,381.2,2026-09-04,1,Call,437.50,-15.46%,0.13,0.14,0.15,777,324,2.4,44.99%,119.51%,0.016634,"11:43 ET"
AMD,456.17,2026-09-04,1,Put,452.50,-0.60%,3.55,3.65,3.85,1294,539,2.4,46.95%,58.38%,-0.375945,"11:46 ET"
HIMS,27.9,2026-09-11,8,Call,29.50,-5.62%,0.49,0.5,0.57,2055,855,2.4,68.38%,68.27%,0.308981,"11:40 ET"
PLTR,182.74,2026-10-02,29,Put,180.00,-1.56%,8.15,8.24,8.3,631,264,2.39,48.18%,48.10%,-0.420349,"11:46 ET"
TSLA,381.2,2026-09-11,8,Put,347.50,-8.29%,1.23,1.26,1.25,800,335,2.39,44.99%,49.98%,-0.091446,"11:45 ET"
CRWV,82.65,2026-09-04,1,Call,82.00,+0.23%,1.82,1.84,1.93,3381,1413,2.39,70.49%,89.65%,0.573829,"11:46 ET"
AVGO,348.39,2027-04-16,225,Put,240.00,-30.93%,5.2,5.8,5.7,867,364,2.38,35.84%,42.54%,-0.08766,"11:07 ET"
SNAP,5.75,2026-09-11,8,Put,6.00,+4.17%,0.32,0.36,0.36,867,364,2.38,57.49%,52.63%,-0.701771,"10:55 ET"
BE,233.33,2026-09-04,1,Put,207.50,-9.92%,0.64,0.77,0.75,1006,423,2.38,87.53%,163.90%,-0.074719,"11:44 ET"
DELL,514.91,2026-09-04,1,Call,517.50,-0.52%,10.7,10.9,11,1044,438,2.38,62.98%,87.94%,0.551554,"11:46 ET"
GME,19.23,2026-09-04,1,Put,19.00,-0.84%,0.12,0.13,0.13,2354,991,2.38,54.08%,50.35%,-0.35856,"11:41 ET"
TE,4.51,2026-09-04,1,Call,4.50,-0.67%,0.1,0.15,0.15,5253,2210,2.38,104.87%,118.70%,0.548492,"11:45 ET"
SPCX,149.36,2026-09-04,1,Call,150.00,-0.49%,1.98,2.02,2.04,64678,27224,2.38,50.10%,69.48%,0.48272,"11:46 ET"
ABVX,115.68,2026-12-18,106,Call,150.00,-29.67%,4.1,5.65,7,500,212,2.36,65.37%,62.50%,0.274825,"11:14 ET"
MU,950.21,2026-09-09,6,Call,920.00,+2.92%,35.35,39.65,40.9,568,241,2.36,58.40%,47.60%,0.687928,"11:38 ET"
MSFT,512.38,2026-09-04,1,Put,502.50,-2.01%,0.5,0.54,0.54,2842,1204,2.36,25.14%,33.18%,-0.118168,"11:45 ET"
MU,950.21,2026-09-09,6,Put,900.00,-5.03%,6.05,6.19,6.4,584,249,2.35,58.40%,46.65%,-0.193462,"11:45 ET"
TSLA,381.2,2026-09-14,11,Call,410.00,-8.20%,3.35,3.35,3.5,658,280,2.35,44.99%,46.30%,0.205772,"11:46 ET"
DELL,514.91,2026-09-04,1,Call,492.50,+4.34%,26.75,25.5,29.7,784,333,2.35,62.98%,73.28%,0.924776,"11:39 ET"
META,618.05,2026-09-11,8,Put,600.00,-2.73%,5.35,5.5,5.6,577,247,2.34,35.69%,34.46%,-0.275173,"11:45 ET"
NBIS,208.24,2026-09-11,8,Call,215.00,-3.46%,6.15,6.21,6.55,872,373,2.34,79.78%,76.15%,0.40383,"11:45 ET"
GOOG,339.05,2026-09-18,15,Call,347.50,-2.48%,4.05,4.6,4.4,934,400,2.34,28.07%,26.92%,0.349489,"11:32 ET"
PLTR,182.74,2026-09-11,8,Put,177.50,-2.93%,2.76,2.71,2.86,1360,582,2.34,48.18%,47.86%,-0.320974,"11:32 ET"
NBIS,208.24,2026-09-11,8,Call,220.00,-5.87%,4.75,4.75,4.85,2731,1167,2.34,79.78%,76.75%,0.328878,"11:46 ET"
DELL,514.91,2026-09-04,1,Call,537.50,-4.41%,3.6,3.61,3.75,659,283,2.33,62.98%,91.41%,0.252652,"11:46 ET"
NOK,9.71,2026-09-11,8,Call,10.00,-3.20%,0.2,0.2,0.21,4648,1993,2.33,53.58%,56.99%,0.377731,"11:45 ET"
COIN,192.7,2026-09-04,1,Put,185.00,-3.40%,1.03,1.03,1.1,5539,2381,2.33,67.64%,90.01%,-0.204715,"11:46 ET"
TSLA,381.2,2026-09-14,11,Call,385.00,-1.60%,9.8,10.1,10.7,685,297,2.31,44.99%,43.02%,0.48119,"11:45 ET"
MSFT,512.38,2026-10-02,29,Call,540.00,-5.30%,4.9,5.12,5.35,923,399,2.31,25.14%,24.64%,0.249611,"11:30 ET"
TSLA,381.2,2026-09-11,8,Call,407.50,-7.54%,3.1,3.1,3.2,644,280,2.3,44.99%,49.86%,0.205504,"11:46 ET"
VPG,62.69,2026-09-18,15,Put,50.00,-19.85%,0.1,0.25,0.4,781,339,2.3,78.14%,75.03%,-0.057714,"10:38 ET"
RARE,14.45,2026-11-20,78,Put,12.50,-13.13%,0.55,0.8,1.2,1087,473,2.3,71.41%,74.28%,-0.242017,"10:43 ET"
AMZN,258.99,2026-09-11,8,Call,262.50,-1.72%,2.74,2.8,2.81,1557,678,2.3,29.53%,27.74%,0.382402,"11:46 ET"
BMNR,25.88,2026-10-16,43,Call,35.00,-36.08%,0.73,0.76,0.77,1569,682,2.3,81.19%,87.19%,0.198791,"11:44 ET"
BMNR,25.88,2026-09-11,8,Call,26.00,-1.09%,1.15,1.18,1.21,2152,937,2.3,81.19%,80.50%,0.510168,"11:45 ET"
MU,950.21,2027-03-19,197,Put,125.00,-86.81%,0.01,0.18,0.3,720,314,2.29,58.40%,97.96%,-0.00069,"11:33 ET"
TSLA,381.2,2026-09-09,6,Call,385.00,-1.60%,7.6,7.7,7.7,4392,1915,2.29,44.99%,45.36%,0.464935,"11:46 ET"
MSFT,512.38,2026-09-11,8,Put,510.00,-0.55%,5.6,5.6,5.9,536,235,2.28,25.14%,23.85%,-0.425068,"11:46 ET"
MU,950.21,2026-09-04,1,Put,900.00,-5.03%,1.18,1.15,1.2,9593,4214,2.28,58.40%,67.49%,-0.077858,"11:46 ET"
GOOGL,342.52,2026-09-09,6,Call,345.00,-0.67%,3,3.1,3.15,1763,778,2.27,27.92%,22.87%,0.424786,"11:44 ET"
MU,950.21,2026-09-04,1,Put,905.00,-4.51%,1.52,1.55,1.62,2048,901,2.27,58.40%,66.35%,-0.099588,"11:46 ET"
SNDK,1538.06,2026-09-04,1,Call,"1,600.00",-4.17%,7,7.16,7.4,4451,1959,2.27,68.83%,85.85%,0.192664,"11:46 ET"
MSFT,512.38,2026-09-04,1,Call,527.50,-2.87%,0.12,0.16,0.18,1173,519,2.26,25.14%,31.32%,0.043826,"11:46 ET"
FANG,202.91,2027-06-17,287,Call,240.00,-17.76%,12.2,13.1,14,614,273,2.25,33.52%,34.57%,0.360203,"10:45 ET"
GOOG,339.05,2026-09-04,1,Call,342.50,-1.00%,0.99,1.01,1.04,3053,1359,2.25,28.07%,31.81%,0.28932,"11:45 ET"
MSTR,139.05,2026-09-04,1,Call,145.00,-4.87%,1,1,1.02,11755,5220,2.25,75.04%,111.05%,0.223752,"11:46 ET"
META,618.05,2026-09-04,1,Call,615.00,+0.30%,7.5,7.58,7.8,17282,7680,2.25,35.69%,49.49%,0.565377,"11:46 ET"
CRDO,168.71,2026-09-04,1,Call,172.50,-2.37%,2.2,2.5,2.8,885,395,2.24,74.14%,116.46%,0.366672,"11:46 ET"
MSFT,512.38,2026-09-09,6,Call,520.00,-1.40%,2.86,3,3,1351,602,2.24,25.14%,21.74%,0.320081,"11:46 ET"
META,618.05,2026-09-04,1,Put,580.00,-5.97%,0.13,0.15,0.15,2707,1207,2.24,35.69%,58.55%,-0.019937,"11:46 ET"
SPCX,149.36,2026-09-04,1,Call,148.00,+0.85%,3,3,3.1,13829,6207,2.23,50.10%,68.04%,0.63004,"11:46 ET"
TSLA,381.2,2026-09-09,6,Put,350.00,-7.63%,0.81,0.83,0.83,2449,1101,2.22,44.99%,48.89%,-0.074588,"11:46 ET"
CPNG,15.74,2026-09-11,8,Put,15.50,-1.27%,0.25,0.28,0.32,543,246,2.21,42.65%,40.05%,-0.411082,"11:39 ET"
BE,233.33,2026-10-02,29,Call,260.00,-12.87%,13.2,14,14.45,567,257,2.21,87.53%,88.40%,0.386685,"11:42 ET"
NIO,3.79,2026-09-11,8,Call,3.50,+7.41%,0.3,0.34,0.35,794,360,2.21,50.60%,32.29%,0.969305,"11:32 ET"
DELL,514.91,2026-09-04,1,Call,495.00,+3.85%,26,26,26.95,1586,717,2.21,62.98%,83.45%,0.875305,"11:45 ET"
PLTR,182.74,2026-09-11,8,Call,192.50,-5.28%,1.79,1.89,1.86,2005,910,2.2,48.18%,47.52%,0.247045,"11:43 ET"
ARM,237.99,2026-09-04,1,Call,240.00,-1.16%,2.68,3,3,696,318,2.19,61.57%,74.10%,0.427823,"11:38 ET"
AVGO,348.39,2026-10-16,43,Call,350.00,-0.73%,17.5,17.7,17.8,2046,934,2.19,35.84%,35.27%,0.538352,"11:46 ET"
DELL,514.91,2026-09-11,8,Call,600.00,-16.55%,1.7,1.7,1.8,1059,485,2.18,62.98%,65.92%,0.079177,"11:46 ET"
AAPL,330.04,2026-09-11,8,Put,320.00,-3.05%,1.73,1.81,1.81,2228,1021,2.18,24.84%,27.79%,-0.222348,"11:43 ET"
AMD,456.17,2026-09-04,1,Call,470.00,-3.25%,1.25,1.32,1.35,6131,2809,2.18,46.95%,58.07%,0.176084,"11:46 ET"
MU,950.21,2026-09-11,8,Call,"1,050.00",-10.79%,3.8,3.9,3.9,1853,854,2.17,58.40%,54.89%,0.107748,"11:46 ET"
DELL,514.91,2026-09-04,1,Call,522.50,-1.49%,8.35,8.6,8.65,814,377,2.16,62.98%,88.93%,0.468937,"11:46 ET"
KO,89.02,2027-06-17,287,Put,80.00,-9.97%,2.79,2.81,2.87,2113,978,2.16,18.19%,22.62%,-0.242675,"11:40 ET"
MVST,0.6942,2027-03-19,197,Call,1.0000,-44.34%,0.1,0.16,0.2,530,246,2.15,151.85%,113.91%,0.503093,"11:31 ET"
PLTR,182.74,2026-10-02,29,Put,155.00,-15.23%,1.54,1.58,1.61,1081,503,2.15,48.18%,52.35%,-0.112801,"11:43 ET"
TSLA,381.2,2026-09-11,8,Call,372.50,+1.69%,16.1,15.5,16.3,2143,999,2.15,44.99%,47.05%,0.660518,"11:42 ET"
AI,10.77,2026-09-04,1,Put,10.50,-0.47%,0.12,0.13,0.14,2300,1068,2.15,62.47%,110.23%,-0.314035,"11:45 ET"
WPM,156.59,2026-10-16,43,Put,150.00,-4.20%,6.3,7,6.9,527,246,2.14,46.71%,46.61%,-0.355636,"10:59 ET"
TSLA,381.2,2026-09-09,6,Put,342.50,-9.61%,0.47,0.51,0.51,532,249,2.14,44.99%,51.88%,-0.045633,"11:41 ET"
ASTS,61.65,2026-09-11,8,Put,56.00,-10.04%,0.46,0.52,0.52,656,307,2.14,73.92%,67.14%,-0.147777,"11:33 ET"
BULL,10.07,2026-09-11,8,Call,10.50,-4.58%,0.22,0.23,0.24,3007,1408,2.14,62.55%,68.59%,0.352815,"11:45 ET"
RKLB,62.98,2026-09-04,1,Call,65.00,-2.82%,0.5,0.52,0.54,7008,3287,2.13,66.20%,79.12%,0.312924,"11:46 ET"
IREN,41.49,2026-09-11,8,Call,41.50,-0.65%,1.73,1.77,1.79,800,380,2.11,80.58%,77.28%,0.501139,"11:46 ET"
CRCL,101.29,2026-10-09,36,Put,92.00,-8.40%,5.35,5.96,5.85,1311,620,2.11,82.16%,80.30%,-0.30044,"11:19 ET"
C,137.75,2026-09-25,22,Call,145.00,-5.32%,1.13,1.2,1.28,1072,510,2.1,29.62%,26.47%,0.236498,"11:42 ET"
MU,950.21,2026-11-20,78,Put,620.00,-34.58%,7,7.31,7.6,2138,1019,2.1,58.40%,63.94%,-0.054779,"11:45 ET"
KEEL,3.34,2026-09-18,15,Put,3.00,-9.91%,0.11,0.11,0.12,6076,2900,2.1,101.61%,95.70%,-0.265048,"11:25 ET"
SPCX,149.36,2026-09-11,8,Call,149.00,+0.18%,4.75,4.75,4.9,2115,1011,2.09,50.10%,50.27%,0.542369,"11:46 ET"
SNDK,1538.06,2026-09-04,1,Call,"1,550.00",-0.92%,20.9,21.6,21.3,2694,1292,2.09,68.83%,83.78%,0.433858,"11:46 ET"
PANW,329.78,2026-12-18,106,Put,280.00,-14.92%,12.75,13.58,13.55,544,261,2.08,45.63%,51.30%,-0.218701,"10:56 ET"
CPB,21.27,2026-09-11,8,Put,22.00,+3.53%,0.85,0.92,1,664,320,2.08,33.98%,37.39%,-0.717393,"11:30 ET"
FUBO,11.56,2027-01-15,134,Call,15.00,-29.09%,1.17,1.25,1.25,979,470,2.08,71.71%,80.40%,0.393129,"11:45 ET"
HCA,411.08,2026-09-18,15,Call,435.00,-5.79%,1.65,1.6,2.25,727,351,2.07,28.59%,27.75%,0.163582,"10:42 ET"
PLTR,182.74,2026-10-02,29,Put,185.00,+1.18%,10.6,10.71,10.8,591,287,2.06,48.18%,47.65%,-0.501574,"11:40 ET"
CLSK,12.45,2026-09-11,8,Call,14.00,-12.54%,0.12,0.12,0.13,748,363,2.06,79.90%,81.91%,0.165931,"11:46 ET"
MU,950.21,2026-09-04,1,Put,910.00,-3.98%,2.03,2.1,2.15,2780,1352,2.06,58.40%,65.51%,-0.127337,"11:46 ET"
DAR,65.57,2026-09-18,15,Put,62.50,-5.43%,0.95,0.95,1.35,525,256,2.05,42.89%,45.61%,-0.289223,"11:34 ET"
HOOD,122.65,2028-01-21,505,Put,145.00,+17.56%,48.15,49.4,49.75,601,293,2.05,64.23%,66.37%,-0.427009,"11:44 ET"
SNDK,1538.06,2026-09-04,1,Call,"1,580.00",-2.87%,10.9,11.8,11.5,1093,533,2.05,68.83%,84.33%,0.27441,"11:46 ET"
BAC,63.04,2026-09-18,15,Call,63.00,+0.10%,0.99,0.94,1.02,1667,814,2.05,23.55%,18.45%,0.528789,"11:41 ET"
TSLA,381.2,2026-10-02,29,Put,360.00,-4.99%,9.2,9.52,9.4,570,279,2.04,44.99%,44.70%,-0.288884,"11:41 ET"
HOOD,122.65,2026-09-25,22,Call,135.00,-9.45%,3.05,3.2,3.2,944,462,2.04,64.23%,65.17%,0.281339,"11:44 ET"
CRM,263.91,2026-09-18,15,Put,227.50,-14.04%,0.44,0.49,0.53,1030,506,2.04,37.94%,45.44%,-0.04658,"11:37 ET"
AVGO,348.39,2026-09-04,1,Put,352.50,+1.44%,5.25,5.47,5.7,1791,877,2.04,35.84%,58.93%,-0.572151,"11:46 ET"
WMT,108.99,2026-09-11,8,Call,109.00,-0.07%,1.29,1.33,1.35,1971,967,2.04,21.91%,20.56%,0.505375,"11:45 ET"
ZS,177.12,2026-09-04,1,Call,210.00,-18.92%,2.55,2.7,2.75,1198,591,2.03,75.46%,318.81%,0.178186,"11:44 ET"
HPE,48.26,2026-09-11,8,Call,51.00,-5.35%,0.7,0.76,0.8,1340,661,2.03,51.85%,55.58%,0.305592,"11:46 ET"
PLTR,182.74,2027-03-19,197,Call,260.00,-42.19%,10.45,10.6,10.75,2783,1368,2.03,48.18%,56.27%,0.276713,"11:36 ET"
CHPT,7.81,2026-09-18,15,Call,7.00,+10.14%,0.95,1.01,1.05,931,461,2.02,90.48%,95.90%,0.726376,"11:45 ET"
INTC,90.49,2026-09-04,1,Put,89.00,-1.25%,0.65,0.65,0.66,5661,2796,2.02,55.36%,64.46%,-0.323466,"11:46 ET"
SPCX,149.36,2026-09-11,8,Call,162.50,-8.86%,1,1.01,1.03,867,431,2.01,50.10%,54.31%,0.164894,"11:46 ET"
AVGO,348.39,2026-09-09,6,Call,380.00,-9.36%,0.4,0.5,0.6,904,449,2.01,35.84%,40.71%,0.064029,"11:45 ET"
AAPL,330.04,2026-09-09,6,Put,322.50,-2.29%,1.66,1.71,1.73,1095,545,2.01,24.84%,26.67%,-0.248384,"11:45 ET"
BX,135.87,2026-09-04,1,Call,140.00,-2.96%,0.15,0.25,0.38,1104,548,2.01,36.17%,52.16%,0.141484,"11:28 ET"
WDC,446.1,2026-10-16,43,Put,250.00,-43.46%,0.18,0.55,0.6,555,278,2,66.06%,75.91%,-0.009204,"10:09 ET"
RKLB,62.98,2026-09-11,8,Call,68.00,-7.56%,0.76,0.83,0.88,589,294,2,66.20%,61.24%,0.249257,"11:45 ET"
ALHC,13.69,2026-10-16,43,Put,12.50,-8.36%,0.5,0.53,0.65,631,316,2,58.29%,59.34%,-0.294783,"11:09 ET"
HIMS,27.9,2026-09-11,8,Put,27.00,-3.33%,0.57,0.6,0.62,1664,832,2,68.38%,60.61%,-0.340211,"11:44 ET"
ANET,191.26,2026-09-18,15,Call,195.00,-2.31%,5.55,5.8,6,4528,2262,2,47.11%,47.31%,0.444514,"11:33 ET"
DELL,514.91,2026-09-04,1,Put,472.50,-8.22%,0.24,0.27,0.28,894,450,1.99,62.98%,95.40%,-0.025902,"11:46 ET"
AVGO,348.39,2028-06-16,652,Call,600.00,-72.67%,34,35.05,36.55,717,363,1.98,35.84%,47.50%,0.32679,"11:24 ET"
MSTR,139.05,2026-09-04,1,Put,128.00,-7.43%,0.2,0.22,0.24,2106,1061,1.98,75.04%,102.06%,-0.066419,"11:45 ET"
PLTR,182.74,2027-03-19,197,Call,190.00,-3.91%,28.5,28.7,28.9,2797,1412,1.98,48.18%,56.32%,0.566052,"11:40 ET"
RKLB,62.98,2026-09-11,8,Call,64.00,-1.23%,2.09,2.1,2.15,535,271,1.97,66.20%,60.30%,0.496151,"11:45 ET"
BMNR,25.88,2026-09-11,8,Call,28.00,-8.86%,0.5,0.54,0.57,630,319,1.97,81.19%,83.77%,0.284878,"11:43 ET"
META,618.05,2026-09-04,1,Call,607.50,+1.52%,12.2,12.61,12.85,2615,1330,1.97,35.69%,49.85%,0.736917,"11:46 ET"
AVGO,348.39,2026-09-04,1,Put,337.50,-2.87%,0.53,0.55,0.62,3068,1559,1.97,35.84%,58.80%,-0.109152,"11:46 ET"
NOW,143.83,2026-09-04,1,Call,145.00,-0.58%,1.37,1.4,1.47,4117,2091,1.97,51.74%,67.52%,0.400473,"11:44 ET"
BTDR,12.05,2027-03-19,197,Call,15.00,-25.10%,2.5,2.64,2.7,532,271,1.96,94.78%,101.75%,0.534727,"11:05 ET"
DNN,3.37,2026-09-04,1,Call,1.00,+70.24%,2.3,2.4,2.5,1280,654,1.96,64.04%,"1,490.17%",0.974166,"10:53 ET"
CRWV,82.65,2026-09-04,1,Call,80.00,+2.66%,3.1,3.46,3.4,1433,730,1.96,70.49%,94.58%,0.751061,"11:41 ET"
CMG,37.81,2026-10-16,43,Put,35.00,-7.33%,0.62,0.65,0.65,3525,1798,1.96,33.54%,34.74%,-0.228971,"11:37 ET"
NVDA,227.71,2026-09-04,1,Put,240.00,+5.60%,12.35,12.53,12.7,726,373,1.95,32.97%,44.38%,-0.990768,"11:46 ET"
RKLB,62.98,2027-06-17,287,Call,55.00,+13.00%,20.45,20.5,21.35,876,450,1.95,66.20%,74.91%,0.725428,"11:15 ET"
MSTR,139.05,2026-09-11,8,Call,160.00,-15.72%,1.27,1.35,1.41,958,492,1.95,75.04%,88.35%,0.15095,"11:45 ET"
META,618.05,2026-09-04,1,Put,585.00,-5.16%,0.19,0.2,0.22,1460,750,1.95,35.69%,55.00%,-0.029528,"11:43 ET"
CRCL,101.29,2026-09-11,8,Call,100.00,+0.44%,5.4,5.62,5.65,1810,927,1.95,82.16%,80.17%,0.571866,"11:46 ET"
MSTR,139.05,2026-09-11,8,Put,135.00,-2.36%,4.2,4.2,4.3,598,308,1.94,75.04%,72.74%,-0.383209,"11:46 ET"
TSLA,381.2,2026-09-14,11,Call,375.00,+1.03%,14.7,15.26,15.9,641,330,1.94,44.99%,42.40%,0.621215,"11:32 ET"
CVNA,74.2,2026-11-20,78,Put,66.00,-10.99%,4.65,5,5,1010,520,1.94,56.47%,65.86%,-0.289129,"10:27 ET"
GOOG,339.05,2026-09-25,22,Call,345.00,-1.74%,6.55,6.69,6.85,1380,711,1.94,28.07%,26.87%,0.424537,"11:42 ET"
TSLA,381.2,2026-09-11,8,Put,342.50,-9.61%,0.89,0.91,0.91,1468,758,1.94,44.99%,51.35%,-0.06825,"11:39 ET"
PLTR,182.74,2026-09-04,1,Put,175.00,-4.29%,0.44,0.44,0.45,13231,6813,1.94,48.18%,74.15%,-0.124298,"11:46 ET"
DELL,514.91,2026-09-11,8,Call,510.00,+0.94%,23.95,24.52,24.8,605,315,1.92,62.98%,61.69%,0.604768,"11:45 ET"
FISV,52,2026-09-04,1,Put,51.00,-1.81%,0.1,0.21,0.2,715,373,1.92,37.37%,47.66%,-0.203506,"11:13 ET"
MRVL,211.09,2026-09-04,1,Call,210.00,-0.20%,4.2,4.2,4.3,4330,2252,1.92,58.54%,72.63%,0.601996,"11:46 ET"
SNOW,365.66,2026-09-04,1,Call,365.00,+1.25%,7.25,7.45,7.9,1426,747,1.91,46.02%,88.24%,0.547159,"11:45 ET"
MU,950.21,2026-09-04,1,Put,895.00,-5.56%,0.86,0.86,0.93,1914,1003,1.91,58.40%,68.60%,-0.060294,"11:46 ET"
MSTR,139.05,2026-09-11,8,Call,140.00,-1.25%,5.5,5.55,5.65,5256,2751,1.91,75.04%,76.06%,0.486858,"11:46 ET"
TSLA,381.2,2026-09-04,1,Call,415.00,-9.52%,0.43,0.43,0.44,5258,2750,1.91,44.99%,96.48%,0.054222,"11:46 ET"
MSTR,139.05,2026-09-11,8,Call,138.00,+0.20%,6.35,6.73,6.7,6814,3567,1.91,75.04%,76.26%,0.537801,"11:44 ET"
DELL,514.91,2026-09-04,1,Call,500.00,+2.88%,22.1,22.23,22.65,7714,4038,1.91,62.98%,84.78%,0.818058,"11:46 ET"
PSKY,10.85,2026-12-18,106,Call,13.00,-20.15%,0.55,0.61,0.68,10000,5228,1.91,51.93%,56.51%,0.330787,"10:39 ET"
META,618.05,2026-09-11,8,Put,585.00,-5.16%,2.34,2.43,2.48,501,263,1.9,35.69%,35.31%,-0.142585,"11:42 ET"
MSFT,512.38,2026-09-09,6,Call,512.50,+0.06%,5.85,5.95,6.2,594,312,1.9,25.14%,21.88%,0.521375,"11:46 ET"
F,14.4,2026-10-02,29,Call,15.50,-7.64%,0.15,0.16,0.17,702,369,1.9,32.67%,31.97%,0.223017,"11:42 ET"
AVGO,348.39,2026-09-09,6,Put,335.00,-3.59%,1.25,1.3,1.4,712,374,1.9,35.84%,35.59%,-0.155399,"11:43 ET"
RTX,201.24,2026-10-16,43,Put,200.00,-0.53%,5.6,5.75,5.85,1297,681,1.9,24.12%,23.56%,-0.447531,"10:56 ET"
NOW,143.83,2026-09-04,1,Call,144.00,+0.11%,1.79,1.85,1.91,1432,753,1.9,51.74%,67.69%,0.477656,"11:45 ET"
MU,950.21,2026-09-11,8,Call,"1,000.00",-5.52%,10.85,10.85,11,5831,3066,1.9,58.40%,53.19%,0.254282,"11:46 ET"
MSFT,512.38,2026-09-04,1,Call,510.00,+0.55%,4.85,5.08,5.3,11837,6217,1.9,25.14%,32.35%,0.63285,"11:46 ET"
ZETA,31.86,2026-09-11,8,Call,32.00,-0.63%,0.9,1.06,1.02,601,318,1.89,60.22%,58.25%,0.476352,"11:14 ET"
DELL,514.91,2026-09-04,1,Call,502.50,+2.39%,20.2,20.4,20.7,1567,829,1.89,62.98%,85.42%,0.785246,"11:45 ET"
PLTR,182.74,2026-09-11,8,Put,180.00,-1.56%,3.65,3.75,3.8,2620,1390,1.88,48.18%,47.43%,-0.393944,"11:45 ET"
NFLX,82.37,2026-09-11,8,Put,83.00,+0.62%,1.62,1.65,1.68,853,455,1.87,33.16%,28.11%,-0.55325,"11:26 ET"
TSM,411.59,2026-09-11,8,Call,427.50,-4.24%,1.77,1.94,2.05,881,471,1.87,32.10%,29.04%,0.197883,"11:34 ET"
AMD,456.17,2026-09-04,1,Put,437.50,-3.89%,0.57,0.61,0.65,1231,659,1.87,46.95%,61.49%,-0.088601,"11:44 ET"
PLTR,182.74,2026-09-04,1,Call,190.00,-3.91%,0.55,0.55,0.56,37141,19825,1.87,48.18%,71.35%,0.157594,"11:46 ET"
NVDA,227.71,2026-09-04,1,Put,237.50,+4.50%,9.45,10.35,10.3,502,270,1.86,32.97%,62.59%,-0.903402,"11:18 ET"
DELL,514.91,2026-09-04,1,Call,497.50,+3.36%,24.15,22.96,24.7,721,388,1.86,62.98%,84.74%,0.846466,"11:44 ET"
HOOD,122.65,2026-09-18,15,Put,120.00,-2.71%,5.25,5.37,5.5,1574,844,1.86,64.23%,62.04%,-0.43901,"11:46 ET"
AMZN,258.99,2026-09-09,6,Call,260.00,-0.75%,2.81,2.88,2.88,2836,1521,1.86,29.53%,24.95%,0.459565,"11:46 ET"
NVDA,227.71,2026-09-09,6,Call,235.00,-3.40%,0.83,0.82,0.84,9814,5279,1.86,32.97%,27.88%,0.189768,"11:46 ET"
DELL,514.91,2026-09-04,1,Call,570.00,-10.72%,0.26,0.4,0.7,1119,606,1.85,62.98%,100.87%,0.043557,"11:45 ET"
HOOD,122.65,2026-09-04,1,Call,118.00,+4.33%,4.1,4.35,4.45,3567,1925,1.85,64.23%,92.10%,0.721216,"11:42 ET"
SPCX,149.36,2026-09-04,1,Call,147.00,+1.52%,3.6,3.85,3.8,7848,4235,1.85,50.10%,67.97%,0.699468,"11:45 ET"
SPCX,149.36,2026-09-25,22,Call,185.00,-23.94%,0.7,0.68,0.74,546,296,1.84,50.10%,57.73%,0.079265,"11:35 ET"
NVDA,227.71,2026-10-02,29,Call,260.00,-14.40%,0.76,0.78,0.8,3509,1905,1.84,32.97%,32.70%,0.084272,"11:46 ET"
GOOGL,342.52,2026-09-04,1,Put,340.00,-0.79%,1.31,1.32,1.37,5178,2812,1.84,27.92%,34.88%,-0.324609,"11:46 ET"
WMT,108.99,2026-09-04,1,Call,109.00,-0.07%,0.59,0.6,0.61,7798,4239,1.84,21.91%,27.71%,0.487264,"11:46 ET"
MSTR,139.05,2026-09-11,8,Call,132.00,+4.53%,9.6,9.86,9.9,588,321,1.83,75.04%,73.60%,0.692277,"11:46 ET"
SNDK,1538.06,2026-09-04,1,Put,"1,525.00",-0.71%,20.2,19.67,20.9,620,339,1.83,68.83%,82.00%,-0.417834,"11:46 ET"
CRWV,82.65,2026-09-04,1,Call,81.00,+1.45%,2.43,2.43,2.54,1466,799,1.83,70.49%,89.91%,0.672381,"11:46 ET"
SKHY,161.34,2027-03-19,197,Call,170.00,-6.13%,26.2,26.19,27.6,1752,965,1.82,58.10%,61.09%,0.564431,"11:37 ET"
SNDK,1538.06,2026-09-04,1,Put,"1,550.00",+0.92%,32.9,33.85,33.9,1307,721,1.81,68.83%,82.31%,-0.567816,"11:40 ET"
INTC,90.49,2026-09-25,22,Put,65.00,-27.88%,0.11,0.12,0.13,1474,813,1.81,55.36%,68.58%,-0.020238,"11:08 ET"
MSFT,512.38,2026-09-04,1,Call,522.50,-1.89%,0.55,0.6,0.6,4089,2261,1.81,25.14%,31.88%,0.134133,"11:46 ET"
AVGO,348.39,2026-09-09,6,Put,340.00,-2.15%,2.27,2.38,2.42,781,435,1.8,35.84%,35.33%,-0.24403,"11:46 ET"
HAFN,8.94,2027-04-16,225,Call,10.00,-11.73%,0.25,0.35,0.4,911,505,1.8,55.23%,29.80%,0.284712,"11:41 ET"
AVGO,348.39,2026-09-11,8,Call,370.00,-6.48%,1.97,2.03,2.1,2923,1622,1.8,35.84%,39.56%,0.186129,"11:46 ET"
NFLX,82.37,2026-09-04,1,Call,84.00,-1.83%,0.16,0.16,0.17,20053,11138,1.8,33.16%,39.19%,0.181253,"11:45 ET"
UMC,19.92,2026-10-16,43,Call,23.00,-16.51%,0.5,0.57,0.65,1010,565,1.79,58.59%,58.34%,0.262128,"10:48 ET"
WFC,89.63,2026-09-18,15,Call,89.00,+0.88%,1.91,1.97,2.05,1217,678,1.79,26.83%,23.61%,0.558478,"11:46 ET"
MARA,11.71,2026-09-11,8,Call,13.50,-15.09%,0.11,0.12,0.12,1457,815,1.79,86.17%,88.46%,0.1528,"11:46 ET"
CIFR,17.08,2026-09-11,8,Put,15.00,-11.03%,0.2,0.2,0.22,1483,827,1.79,94.37%,91.32%,-0.162683,"11:45 ET"
NOW,143.83,2026-09-04,1,Call,147.00,-1.97%,0.73,0.76,0.84,1513,847,1.79,51.74%,67.40%,0.260759,"11:44 ET"
SPCX,149.36,2026-09-04,1,Put,142.00,-4.87%,0.19,0.17,0.21,6453,3601,1.79,50.10%,71.67%,-0.077799,"11:43 ET"
AAPL,330.04,2026-09-11,8,Put,330.00,-0.02%,5.15,5.2,5.25,3087,1734,1.78,24.84%,26.54%,-0.494714,"11:46 ET"
ORCL,152.71,2026-09-04,1,Call,152.50,+0.03%,2.5,2.48,2.56,7470,4203,1.78,66.50%,69.68%,0.549358,"11:46 ET"
CBRS,186.2,2026-09-25,22,Put,160.00,-13.94%,1.95,2.3,2.6,512,289,1.77,69.34%,66.38%,-0.136013,"11:42 ET"
AAPL,330.04,2026-09-09,6,Call,347.50,-5.28%,0.38,0.39,0.42,513,290,1.77,24.84%,27.98%,0.076309,"11:46 ET"
AVGO,348.39,2026-09-25,22,Call,410.00,-17.99%,0.9,1.06,1.15,529,299,1.77,35.84%,41.16%,0.068304,"11:40 ET"
AVGO,348.39,2026-09-09,6,Call,367.50,-5.76%,1.39,1.45,1.56,650,368,1.77,35.84%,37.47%,0.168076,"11:46 ET"
HOOD,122.65,2026-09-11,8,Put,105.00,-14.87%,0.3,0.32,0.34,737,416,1.77,64.23%,65.14%,-0.061019,"11:43 ET"
XYL,107.72,2026-09-18,15,Call,110.00,-2.81%,1.2,1.05,1.5,1355,767,1.77,26.41%,26.17%,0.358089,"10:31 ET"
MRVL,211.09,2026-09-04,1,Call,222.50,-6.16%,0.44,0.46,0.46,1638,926,1.77,58.54%,75.50%,0.112557,"11:46 ET"
MU,950.21,2026-09-04,1,Put,945.00,-0.29%,12,12.15,12.35,2935,1661,1.77,58.40%,63.41%,-0.484724,"11:46 ET"
BAC,63.04,2026-09-11,8,Call,63.00,+0.10%,0.63,0.64,0.68,5543,3136,1.77,23.55%,16.14%,0.532556,"11:43 ET"
AVGO,348.39,2026-10-16,43,Call,450.00,-29.50%,0.9,0.9,1.05,7902,4471,1.77,35.84%,41.70%,0.049127,"11:44 ET"
C,137.75,2026-09-11,8,Call,137.00,+0.49%,2.6,2.56,2.78,511,290,1.76,29.62%,26.49%,0.581583,"11:40 ET"
BMNR,25.88,2026-09-11,8,Call,29.00,-12.75%,0.33,0.35,0.37,577,328,1.76,81.19%,85.41%,0.20252,"11:41 ET"
RGTI,15.27,2026-11-20,78,Call,18.00,-18.27%,1.29,1.35,1.35,678,386,1.76,70.19%,80.31%,0.40056,"10:46 ET"
MARA,11.71,2026-09-11,8,Call,11.50,+1.96%,0.66,0.66,0.68,2819,1598,1.76,86.17%,82.14%,0.581462,"11:46 ET"
META,618.05,2026-09-04,1,Put,582.50,-5.57%,0.15,0.17,0.18,891,512,1.74,35.69%,56.56%,-0.023788,"11:44 ET"
MARA,11.71,2026-09-11,8,Put,11.50,-1.96%,0.43,0.45,0.46,1029,593,1.74,86.17%,78.99%,-0.41766,"11:45 ET"
NBIS,208.24,2026-09-04,1,Call,205.00,+1.35%,5.4,5.5,5.85,1873,1074,1.74,79.78%,95.85%,0.61293,"11:44 ET"
PLTR,182.74,2026-09-04,1,Call,180.00,+1.56%,4.3,4.4,4.5,20398,11751,1.74,48.18%,71.87%,0.670232,"11:46 ET"
NVDA,227.71,2026-09-04,1,Put,220.00,-3.20%,0.17,0.18,0.18,43893,25226,1.74,32.97%,44.44%,-0.073428,"11:46 ET"
MU,950.21,2026-09-09,6,Call,980.00,-3.41%,9.7,10,10.3,507,294,1.72,58.40%,46.88%,0.289557,"11:46 ET"
RIOT,20.65,2026-09-11,8,Call,21.50,-5.24%,0.59,0.63,0.62,616,359,1.72,84.71%,79.08%,0.38289,"11:35 ET"
TSLA,381.2,2026-09-11,8,Call,387.50,-2.26%,8.45,8.5,8.6,666,388,1.72,44.99%,47.79%,0.440571,"11:46 ET"
SNAP,5.75,2026-09-04,1,Put,6.00,+4.17%,0.25,0.27,0.3,1238,721,1.72,57.49%,72.28%,-0.87767,"11:46 ET"
MU,950.21,2026-09-09,6,Call,950.00,-0.24%,20.1,20.35,20.95,1807,1052,1.72,58.40%,46.21%,0.484537,"11:46 ET"
IREN,41.49,2026-09-04,1,Put,39.00,-5.41%,0.15,0.17,0.19,1845,1074,1.72,80.58%,102.61%,-0.145734,"11:45 ET"
AAPL,330.04,2026-09-09,6,Call,335.00,-1.50%,2.36,2.4,2.45,2083,1213,1.72,24.84%,26.47%,0.332032,"11:46 ET"
GOOGL,342.52,2026-09-04,1,Call,345.00,-0.67%,1.3,1.34,1.38,15081,8755,1.72,27.92%,31.75%,0.351991,"11:46 ET"
CIEN,320.91,2026-09-04,1,Call,360.00,-12.37%,0,0.1,0.15,518,303,1.71,63.22%,105.10%,0.012553,"11:38 ET"
TSLA,381.2,2026-09-11,8,Call,382.50,-0.94%,10.6,10.8,10.75,1099,644,1.71,44.99%,47.38%,0.513457,"11:46 ET"
TSLA,381.2,2026-10-02,29,Put,335.00,-11.59%,3.55,3.7,3.7,1197,701,1.71,44.99%,46.12%,-0.136073,"11:44 ET"
IONQ,39.62,2026-09-04,1,Call,40.00,-1.16%,0.51,0.55,0.62,2004,1171,1.71,74.02%,92.94%,0.416271,"11:44 ET"
SKHY,161.34,2026-09-04,1,Call,160.00,+0.11%,3.1,3.25,3.35,3376,1977,1.71,58.10%,65.45%,0.635566,"11:46 ET"
AAPL,330.04,2026-09-04,1,Put,330.00,-0.02%,2.09,2.13,2.12,15380,9012,1.71,24.84%,28.76%,-0.516761,"11:46 ET"
MU,950.21,2026-09-11,8,Put,875.00,-7.67%,5.7,5.85,6.05,1079,633,1.7,58.40%,52.73%,-0.148655,"11:41 ET"
RKLB,62.98,2026-09-11,8,Call,65.00,-2.82%,1.68,1.72,1.76,1356,800,1.7,66.20%,61.00%,0.428498,"11:46 ET"
AFRM,74.41,2026-09-04,1,Call,75.00,-0.83%,0.61,0.76,0.9,1589,933,1.7,51.83%,70.24%,0.39757,"11:38 ET"
SPCX,149.36,2027-09-17,379,Put,245.00,+64.13%,101,101.09,102.75,1701,1000,1.7,50.10%,56.83%,-0.739863,"09:52 ET"
NVDA,227.71,2026-09-09,6,Put,222.50,-2.10%,1.38,1.39,1.4,2796,1649,1.7,32.97%,28.95%,-0.265612,"11:46 ET"
COIN,192.7,2026-09-04,1,Call,187.50,+2.10%,5.9,5.9,6.65,3215,1892,1.7,67.64%,88.08%,0.709177,"11:46 ET"
NVDA,227.71,2026-10-02,29,Call,250.00,-10.00%,1.72,1.72,1.74,18828,11081,1.7,32.97%,32.03%,0.165266,"11:46 ET"
TSLA,381.2,2026-09-09,6,Put,357.50,-5.65%,1.44,1.5,1.49,546,324,1.69,44.99%,46.85%,-0.125168,"11:45 ET"
INTC,90.49,2026-10-02,29,Call,94.00,-4.29%,4.15,3.95,4.35,613,362,1.69,55.36%,56.21%,0.437476,"10:55 ET"
IREN,41.49,2026-09-11,8,Call,39.50,+4.20%,2.77,3.03,2.88,659,389,1.69,80.58%,76.59%,0.669131,"11:44 ET"
MRNA,145.42,2026-10-02,29,Put,115.00,-20.59%,1.62,1.84,2.31,1812,1074,1.69,75.73%,76.17%,-0.117492,"11:36 ET"
CRWV,82.65,2026-09-04,1,Call,83.00,-0.99%,1.3,1.39,1.41,2307,1363,1.69,70.49%,88.71%,0.47071,"11:46 ET"
DVN,49.08,2026-09-18,15,Put,47.50,-3.90%,0.64,0.65,0.72,5016,2963,1.69,32.77%,34.11%,-0.303106,"11:06 ET"
AMZN,258.99,2026-09-04,1,Put,262.50,+1.72%,4.1,4.23,4.3,4272,2549,1.68,29.53%,34.29%,-0.777608,"11:46 ET"
CRK,15.43,2026-10-16,43,Call,17.00,-10.46%,0.5,0.55,0.65,509,304,1.67,47.97%,53.44%,0.336372,"10:58 ET"
CRCL,101.29,2026-09-04,1,Call,97.00,+3.42%,4.9,5.2,5.35,966,578,1.67,82.16%,110.95%,0.785389,"11:46 ET"
DELL,514.91,2026-09-11,8,Call,550.00,-6.83%,8.3,8.71,8.95,983,587,1.67,62.98%,63.52%,0.293822,"11:46 ET"
NVDA,227.71,2026-09-09,6,Put,220.00,-3.20%,0.86,0.88,0.88,3940,2363,1.67,32.97%,29.68%,-0.181658,"11:46 ET"
HOOD,122.65,2026-09-18,15,Call,118.00,+4.33%,7.8,8.1,8.1,519,313,1.66,64.23%,63.12%,0.612841,"11:45 ET"
PYPL,55.58,2026-10-02,29,Call,60.00,-8.17%,0.7,0.78,0.94,534,321,1.66,34.67%,36.53%,0.251862,"11:32 ET"
CRCL,101.29,2026-09-11,8,Call,110.00,-9.52%,1.93,2.03,2.03,678,409,1.66,82.16%,82.87%,0.274986,"11:46 ET"
MPC,393.57,2026-10-16,43,Put,320.00,-19.53%,2.5,2.73,3.1,1231,741,1.66,46.90%,48.41%,-0.086609,"11:29 ET"
TSLA,381.2,2026-09-11,8,Put,352.50,-6.97%,1.71,1.77,1.75,1289,779,1.65,44.99%,48.90%,-0.122574,"11:43 ET"
MRVL,211.09,2026-09-04,1,Call,207.50,+1.00%,5.8,5.95,6.1,2157,1305,1.65,58.54%,74.84%,0.711494,"11:46 ET"
WULF,15.98,2026-09-11,8,Call,17.00,-7.32%,0.33,0.39,0.4,3060,1855,1.65,81.98%,84.17%,0.307129,"11:42 ET"
META,618.05,2026-09-04,1,Put,590.00,-4.35%,0.32,0.34,0.36,4248,2573,1.65,35.69%,52.50%,-0.047789,"11:44 ET"
TSLA,381.2,2026-09-04,1,Call,365.00,+3.67%,18,18.22,18.45,21743,13184,1.65,44.99%,78.93%,0.871863,"11:46 ET"
BABA,111.07,2026-09-18,15,Put,112.00,+0.86%,3.65,3.84,3.95,693,422,1.64,40.13%,36.86%,-0.528522,"11:42 ET"
MRNA,145.42,2026-10-02,29,Put,120.00,-17.14%,2.3,2.69,3.2,1821,1111,1.64,75.73%,74.44%,-0.156888,"11:36 ET"
AVGO,348.39,2026-09-09,6,Put,330.00,-5.03%,0.63,0.69,0.78,915,563,1.63,35.84%,35.98%,-0.091917,"11:45 ET"
CRDO,168.71,2026-09-04,1,Call,175.00,-3.85%,1.7,1.81,1.8,1775,1089,1.63,74.14%,116.62%,0.282351,"11:46 ET"
SHOP,144.15,2026-09-04,1,Call,145.00,-0.78%,1.01,1.25,1.3,598,370,1.62,43.77%,55.51%,0.396144,"11:39 ET"
ASST,26.66,2026-09-04,1,Call,27.00,-1.62%,0.39,0.49,0.56,667,412,1.62,88.34%,123.06%,0.403314,"11:45 ET"
MU,950.21,2026-09-09,6,Call,"1,050.00",-10.79%,1.49,1.6,1.63,801,495,1.62,58.40%,51.13%,0.059895,"11:45 ET"
TSLA,381.2,2026-09-11,8,Put,355.00,-6.31%,2.05,2.15,2.08,1215,748,1.62,44.99%,48.61%,-0.14219,"11:44 ET"
TSLA,381.2,2026-09-09,6,Call,395.00,-4.24%,4.25,4.29,4.35,1796,1107,1.62,44.99%,46.67%,0.304168,"11:46 ET"
SPCX,149.36,2027-01-15,134,Put,85.00,-43.06%,1.1,1.15,1.17,3181,1964,1.62,50.10%,62.31%,-0.042597,"11:42 ET"
ASTS,61.65,2026-09-11,8,Call,72.00,-15.66%,0.34,0.37,0.39,1044,650,1.61,73.92%,79.67%,0.109057,"11:40 ET"
WMT,108.99,2026-09-11,8,Call,107.00,+1.76%,2.42,2.52,2.62,2386,1478,1.61,21.91%,20.16%,0.736818,"11:41 ET"
MU,950.21,2026-09-04,1,Put,960.00,+1.30%,20.45,20.79,21.8,843,526,1.6,58.40%,63.87%,-0.667572,"11:45 ET"
MU,950.21,2026-09-04,1,Put,955.00,+0.77%,17.45,17.54,18,1568,981,1.6,58.40%,63.10%,-0.610487,"11:46 ET"
VOD,16.53,2026-10-16,43,Call,18.00,-8.63%,0.1,0.15,0.15,2028,1266,1.6,25.01%,25.72%,0.16753,"11:32 ET"
TSLA,381.2,2026-09-11,8,Call,405.00,-6.88%,3.55,3.55,3.65,3418,2134,1.6,44.99%,49.62%,0.228843,"11:46 ET"
AMZN,258.99,2026-09-04,1,Call,250.00,+3.12%,9,9.2,9.25,3613,2264,1.6,29.53%,47.57%,0.921726,"11:45 ET"
SMMT,16.5,2027-01-15,134,Call,24.00,-46.16%,2.2,2.67,2.9,503,316,1.59,109.54%,117.40%,0.431092,"11:32 ET"
AVGO,348.39,2026-09-11,8,Put,335.00,-3.59%,2.04,2.1,2.16,548,345,1.59,35.84%,36.68%,-0.19429,"11:45 ET"
HPE,48.26,2026-09-11,8,Call,50.00,-3.28%,1.02,1.02,1.09,1296,816,1.59,51.85%,55.07%,0.393205,"11:46 ET"
AVGO,348.39,2026-09-04,1,Put,332.50,-4.31%,0.21,0.21,0.25,1455,915,1.59,35.84%,60.95%,-0.048818,"11:46 ET"
PLTR,182.74,2026-09-04,1,Call,192.50,-5.28%,0.3,0.32,0.32,16589,10412,1.59,48.18%,73.73%,0.095176,"11:46 ET"
MSFT,512.38,2026-09-11,8,Call,515.00,-0.43%,6.1,6.4,6.5,912,579,1.58,25.14%,23.68%,0.466092,"11:44 ET"
SPCX,149.36,2026-09-11,8,Put,139.00,-6.88%,1,1.01,1.04,952,604,1.58,50.10%,52.72%,-0.160087,"11:44 ET"
CRM,263.91,2026-09-04,1,Call,267.50,-1.07%,1.23,1.31,1.34,1056,669,1.58,37.94%,47.33%,0.309868,"11:46 ET"
TLYS,4.1,2026-09-18,15,Call,5.00,-19.90%,0.1,0.15,0.15,1394,880,1.58,122.30%,116.75%,0.242867,"11:18 ET"
CRCL,101.29,2026-10-09,36,Call,91.00,+9.40%,15.75,15,16.75,505,321,1.57,82.16%,83.43%,0.711274,"11:15 ET"
META,618.05,2026-09-25,22,Put,580.00,-5.97%,6.95,7.22,7.35,583,372,1.57,35.69%,35.87%,-0.219776,"11:40 ET"
CRDO,168.71,2026-09-11,8,Call,175.00,-3.85%,5,5.4,5.4,639,408,1.57,74.14%,78.24%,0.399121,"11:42 ET"
TSLA,381.2,2026-09-09,6,Put,347.50,-8.29%,0.67,0.71,0.7,1054,670,1.57,44.99%,49.80%,-0.06304,"11:44 ET"
TSLA,381.2,2026-09-25,22,Put,340.00,-10.27%,3,3.15,3.15,2030,1296,1.57,44.99%,46.09%,-0.134094,"11:44 ET"
ESI,34.49,2026-09-18,15,Call,36.00,-4.77%,0.45,0.58,0.75,2016,1296,1.56,45.09%,40.76%,0.332637,"11:24 ET"
PLTR,182.74,2026-10-02,29,Put,165.00,-9.76%,3.15,3.13,3.3,2095,1342,1.56,48.18%,50.07%,-0.207021,"11:24 ET"
AVGO,348.39,2026-09-11,8,Put,345.00,-0.71%,4.95,5.04,5.25,1279,824,1.55,35.84%,36.77%,-0.374745,"11:44 ET"
MU,950.21,2026-09-04,1,Call,965.00,-1.82%,5.55,5.7,5.75,2290,1480,1.55,58.40%,65.68%,0.284132,"11:46 ET"
WULF,15.98,2026-09-04,1,Call,15.50,+2.15%,0.56,0.59,0.61,2918,1879,1.55,81.98%,106.98%,0.684996,"11:46 ET"
TSLA,381.2,2026-09-04,1,Call,405.00,-6.88%,0.91,0.93,0.92,11314,7309,1.55,44.99%,88.37%,0.109383,"11:46 ET"
PLTR,182.74,2026-10-02,29,Put,160.00,-12.50%,2.22,2.25,2.3,1176,763,1.54,48.18%,51.03%,-0.15427,"11:38 ET"
IREN,41.49,2026-09-11,8,Call,44.00,-6.72%,0.85,0.92,0.91,1540,1002,1.54,80.58%,77.86%,0.307189,"11:45 ET"
ORCL,152.71,2026-09-04,1,Put,146.00,-4.29%,0.2,0.26,0.25,888,581,1.53,66.50%,67.91%,-0.088222,"11:36 ET"
PLTR,182.74,2026-09-11,8,Put,185.00,+1.18%,6,6.12,6.25,1080,704,1.53,48.18%,46.56%,-0.550047,"11:41 ET"
COIN,192.7,2026-09-04,1,Put,190.00,-0.79%,2.58,2.52,2.74,1793,1171,1.53,67.64%,90.77%,-0.398614,"11:45 ET"
AMZN,258.99,2026-09-09,6,Call,262.50,-1.72%,1.86,1.92,1.93,2321,1521,1.53,29.53%,25.13%,0.345433,"11:45 ET"
SPCX,149.36,2026-09-11,8,Call,155.00,-3.84%,2.47,2.48,2.51,4794,3126,1.53,50.10%,51.65%,0.340598,"11:46 ET"
COIN,192.7,2026-11-20,78,Put,160.00,-16.46%,9.4,9.4,9.8,680,448,1.52,67.64%,69.74%,-0.226822,"11:43 ET"
HPE,48.26,2026-09-04,1,Call,47.00,+2.91%,1.59,1.9,2.14,804,528,1.52,51.85%,68.52%,0.846602,"11:07 ET"
MDT,92.4,2026-09-18,15,Call,93.00,-0.61%,1.65,1.73,1.82,1110,729,1.52,25.31%,26.99%,0.463276,"11:33 ET"
STM,51.01,2026-11-20,78,Call,50.00,+1.52%,5.9,5.8,6.1,1140,750,1.52,49.77%,57.30%,0.591691,"11:12 ET"
UNH,404.73,2026-09-04,1,Call,400.00,+1.16%,4.7,4.9,5.35,1582,1043,1.52,30.97%,33.16%,0.705842,"11:43 ET"
STLA,5.47,2028-01-21,505,Put,4.00,-26.87%,0.45,0.45,0.55,1629,1072,1.52,48.21%,53.95%,-0.189976,"11:32 ET"
NVDA,227.71,2026-09-11,8,Put,230.00,+1.20%,5.5,5.5,5.6,1656,1089,1.52,32.97%,31.45%,-0.58057,"11:45 ET"
CCJ,101.11,2026-10-16,43,Put,90.00,-10.75%,1.88,1.83,2.02,2009,1321,1.52,45.22%,44.71%,-0.207981,"11:35 ET"
MU,950.21,2026-09-04,1,Call,"1,005.00",-6.05%,0.81,0.82,0.83,2129,1404,1.52,58.40%,71.88%,0.055047,"11:46 ET"
TSLA,381.2,2026-09-18,15,Put,500.00,+31.95%,116.95,122.6,119.2,548,364,1.51,44.99%,67.70%,-0.977059,"10:35 ET"
NVTS,11.28,2026-09-11,8,Call,11.50,-1.95%,0.38,0.38,0.42,597,395,1.51,77.53%,73.46%,0.457082,"11:33 ET"
BMNR,25.88,2026-09-04,1,Put,25.50,-0.86%,0.35,0.33,0.39,627,416,1.51,81.19%,100.26%,-0.379791,"11:42 ET"
TSLA,381.2,2026-10-02,29,Call,395.00,-4.24%,14.15,13.75,14.35,884,584,1.51,44.99%,44.83%,0.43033,"11:41 ET"
MU,950.21,2026-09-04,1,Put,915.00,-3.45%,2.69,2.78,2.8,1602,1059,1.51,58.40%,64.61%,-0.160477,"11:46 ET"
TSLA,381.2,2026-09-09,6,Call,410.00,-8.20%,1.71,1.73,1.76,2773,1837,1.51,44.99%,49.57%,0.143334,"11:46 ET"
INTC,90.49,2026-09-04,1,Call,93.00,-3.18%,0.4,0.41,0.41,11079,7330,1.51,55.36%,69.76%,0.218291,"11:46 ET"
AAPL,330.04,2026-09-04,1,Call,325.00,+1.53%,5.25,5.38,5.6,26651,17697,1.51,24.84%,33.72%,0.797515,"11:44 ET"
TSLA,381.2,2026-09-11,8,Call,425.00,-12.16%,1.33,1.31,1.36,752,500,1.5,44.99%,53.37%,0.097611,"11:46 ET"
ORCL,152.71,2026-09-11,8,Call,195.00,-27.84%,0.59,0.66,0.65,1147,767,1.5,66.50%,102.50%,0.064759,"11:46 ET"
MU,950.21,2026-09-04,1,Put,880.00,-7.14%,0.37,0.4,0.4,3001,1996,1.5,58.40%,72.47%,-0.027638,"11:46 ET"
AMZN,258.99,2026-09-04,1,Put,252.50,-2.15%,0.23,0.23,0.24,5753,3833,1.5,29.53%,37.23%,-0.097988,"11:46 ET"
LULU,118.9,2026-11-20,78,Call,180.00,-52.01%,0.3,0.6,0.64,504,339,1.49,56.70%,49.00%,0.045905,"11:34 ET"
DELL,514.91,2026-09-04,1,Call,560.00,-8.78%,0.8,0.85,0.83,973,653,1.49,62.98%,95.21%,0.072083,"11:46 ET"
AVGO,348.39,2026-09-09,6,Call,370.00,-6.48%,1.15,1.15,1.25,1556,1042,1.49,35.84%,38.23%,0.140074,"11:46 ET"
HOOD,122.65,2026-11-20,78,Call,230.00,-86.48%,0.86,1.08,1.15,3260,2195,1.49,64.23%,78.85%,0.06022,"11:29 ET"
BULL,10.07,2026-09-04,1,Call,10.00,+0.40%,0.21,0.23,0.23,15558,10467,1.49,62.55%,93.74%,0.546999,"11:46 ET"
MSTR,139.05,2026-09-04,1,Call,140.00,-1.25%,2.36,2.38,2.43,18969,12750,1.49,75.04%,106.14%,0.434213,"11:46 ET"
DELL,514.91,2026-09-11,8,Call,520.00,-1.01%,18.85,19.36,19.55,605,409,1.48,62.98%,61.98%,0.521237,"11:46 ET"
BE,233.33,2026-09-04,1,Put,220.00,-4.49%,2.63,3,2.81,944,638,1.48,87.53%,164.41%,-0.224353,"11:44 ET"
DELL,514.91,2026-09-04,1,Put,460.00,-10.65%,0.06,0.1,0.11,2368,1603,1.48,62.98%,100.37%,-0.009112,"11:45 ET"
OBE,12.21,2027-01-15,134,Call,25.00,-103.25%,0.15,0.21,0.25,1690,1153,1.47,67.83%,74.06%,0.092329,"10:49 ET"
WMT,108.99,2026-09-18,15,Call,111.00,-1.91%,1.03,1.06,1.09,2000,1363,1.47,21.91%,21.10%,0.347149,"11:45 ET"
RILY,7,2026-09-04,1,Call,7.00,-0.14%,0.13,0.14,0.14,2679,1827,1.47,59.51%,86.55%,0.529844,"11:46 ET"
CRCL,101.29,2026-09-04,1,Call,100.00,+0.44%,3,3.16,3.25,7822,5330,1.47,82.16%,112.67%,0.603636,"11:46 ET"
CRWV,82.65,2026-09-11,8,Call,84.00,-2.20%,2.63,2.7,2.77,598,409,1.46,70.49%,67.44%,0.456974,"11:46 ET"
PURR,12.32,2026-09-11,8,Call,14.00,-13.36%,0.3,0.42,0.45,604,415,1.46,103.93%,127.00%,0.284744,"11:42 ET"
MU,950.21,2026-09-11,8,Call,940.00,+0.81%,31.45,36,33,677,463,1.46,58.40%,52.02%,0.550074,"11:37 ET"
TSLA,381.2,2026-09-04,1,Call,435.00,-14.80%,0.15,0.15,0.16,1571,1077,1.46,44.99%,116.90%,0.018574,"11:45 ET"
MSTR,139.05,2026-09-04,1,Call,155.00,-12.10%,0.17,0.18,0.18,2554,1748,1.46,75.04%,126.13%,0.047315,"11:46 ET"
MSTR,139.05,2026-09-11,8,Call,135.00,+2.36%,7.9,8,8.1,2739,1874,1.46,75.04%,74.75%,0.61531,"11:46 ET"
VST,144.42,2026-09-04,1,Call,150.00,-3.95%,0.13,0.21,0.25,841,581,1.45,42.76%,57.00%,0.095317,"11:45 ET"
HIMS,27.9,2026-09-11,8,Call,31.50,-12.78%,0.2,0.22,0.25,1239,857,1.45,68.38%,74.51%,0.148521,"11:36 ET"
PLTR,182.74,2026-10-02,29,Put,150.00,-17.97%,1.06,1.09,1.13,1327,916,1.45,48.18%,53.95%,-0.081357,"11:45 ET"
TTD,14.66,2026-09-11,8,Call,15.50,-6.53%,0.15,0.15,0.16,1493,1030,1.45,54.54%,52.24%,0.241205,"11:43 ET"
SMCI,36.83,2026-10-09,36,Call,46.00,-24.90%,0.7,0.73,0.76,1505,1035,1.45,69.72%,68.52%,0.185112,"11:32 ET"
AMZN,258.99,2026-09-04,1,Call,255.00,+1.19%,4.5,4.55,4.65,7234,5000,1.45,29.53%,38.58%,0.776657,"11:46 ET"
TSLA,381.2,2026-09-11,8,Put,362.50,-4.33%,3.4,3.5,3.5,647,450,1.44,44.99%,48.02%,-0.215223,"11:45 ET"
NOW,143.83,2026-09-04,1,Call,142.00,+1.50%,2.89,3.02,3.05,725,502,1.44,51.74%,68.98%,0.630473,"11:43 ET"
ADBE,285.8,2026-09-04,1,Call,300.00,-4.70%,0.25,0.26,0.3,1245,864,1.44,51.81%,60.88%,0.069185,"11:44 ET"
AVGO,348.39,2026-09-11,8,Call,380.00,-9.36%,1,1.05,1.12,2120,1474,1.44,35.84%,42.22%,0.10403,"11:46 ET"
WULF,15.98,2026-09-04,1,Call,16.50,-4.17%,0.12,0.12,0.16,2611,1808,1.44,81.98%,107.88%,0.264098,"11:45 ET"
AMZN,258.99,2026-09-04,1,Call,252.50,+2.15%,6.6,6.76,6.95,2937,2036,1.44,29.53%,42.79%,0.870396,"11:46 ET"
PLTR,182.74,2026-09-04,1,Call,175.00,+4.29%,8.25,8.45,8.65,8612,5992,1.44,48.18%,80.35%,0.857275,"11:42 ET"
AFRM,74.41,2026-09-04,1,Call,70.00,+5.89%,3.85,4.2,5,502,351,1.43,51.83%,92.19%,0.89292,"10:50 ET"
AVGO,348.39,2026-09-18,15,Call,367.50,-5.76%,4.25,4.34,4.6,553,388,1.43,35.84%,37.21%,0.280659,"11:46 ET"
AMZN,258.99,2026-09-11,8,Put,257.50,-0.22%,3.3,3.35,3.5,602,421,1.43,29.53%,27.09%,-0.433145,"11:42 ET"
NVDA,227.71,2026-09-09,6,Call,230.00,-1.20%,2.18,2.2,2.21,20909,14601,1.43,32.97%,27.87%,0.39083,"11:46 ET"
TSLA,381.2,2026-09-14,11,Call,370.00,+2.35%,17.4,17.6,18.9,619,436,1.42,44.99%,41.18%,0.692675,"11:28 ET"
SNOW,365.66,2026-09-18,15,Call,390.00,-5.52%,5.5,5.79,6.1,1164,820,1.42,46.02%,47.26%,0.279891,"11:44 ET"
SPCX,149.36,2026-09-11,8,Call,148.00,+0.85%,5.25,5.5,5.5,1735,1219,1.42,50.10%,50.49%,0.577836,"11:43 ET"
AMD,456.17,2026-09-04,1,Put,440.00,-3.34%,0.79,0.85,0.91,4187,2957,1.42,46.95%,60.76%,-0.117795,"11:45 ET"
HPE,48.26,2026-09-04,1,Call,50.00,-3.28%,0.35,0.4,0.44,5247,3700,1.42,51.85%,86.53%,0.291657,"11:45 ET"
DELL,514.91,2026-09-04,1,Call,532.50,-3.43%,4.8,4.9,5.05,681,482,1.41,62.98%,90.43%,0.316874,"11:46 ET"
AVGO,348.39,2026-09-09,6,Put,345.00,-0.71%,3.7,4.1,4.1,715,506,1.41,35.84%,35.24%,-0.355098,"11:41 ET"
CRCL,101.29,2026-09-11,8,Call,120.00,-19.47%,0.62,0.75,0.74,833,590,1.41,82.16%,88.38%,0.111676,"11:44 ET"
BE,233.33,2026-09-04,1,Put,202.50,-12.09%,0.3,0.3,0.4,891,632,1.41,87.53%,163.36%,-0.041707,"11:44 ET"
PL,18.29,2026-09-04,1,Put,15.00,-18.88%,0.25,0.25,0.3,1233,874,1.41,114.72%,390.35%,-0.132233,"11:42 ET"
AVGO,348.39,2026-09-18,15,Call,350.00,-0.73%,10.35,10.6,10.9,2991,2125,1.41,35.84%,36.21%,0.526198,"11:45 ET"
PATH,18.42,2026-09-04,1,Call,20.00,-8.99%,0.82,0.84,0.84,3676,2604,1.41,87.30%,371.21%,0.372755,"11:46 ET"
PLTR,182.74,2026-09-04,1,Call,177.50,+2.93%,6.2,6.4,6.4,7215,5112,1.41,48.18%,75.40%,0.78117,"11:43 ET"
SPCX,149.36,2026-09-11,8,Call,150.00,-0.49%,4.35,4.35,4.4,11193,7935,1.41,50.10%,50.77%,0.506813,"11:46 ET"
GS,1037.75,2028-03-17,561,Call,"1,305.00",-26.05%,96,99.28,102.55,562,401,1.4,33.00%,34.24%,0.393977,"11:46 ET"
IREN,41.49,2026-09-04,1,Put,38.50,-6.62%,0.11,0.12,0.12,862,617,1.4,80.58%,105.46%,-0.103546,"11:46 ET"
WOOF,2.67,2026-09-18,15,Call,2.50,+6.37%,0.2,0.21,0.25,1083,775,1.4,81.45%,80.49%,0.633015,"11:42 ET"
PLTR,182.74,2026-09-11,8,Call,195.00,-6.64%,1.32,1.35,1.36,2235,1598,1.4,48.18%,47.69%,0.193804,"11:44 ET"
AVGO,348.39,2026-10-02,29,Put,320.00,-7.91%,3.1,3.2,3.35,541,390,1.39,35.84%,35.61%,-0.165146,"11:45 ET"
CDE,21.58,2026-09-04,1,Call,21.50,+0.78%,0.35,0.4,0.5,1091,783,1.39,63.85%,79.44%,0.564754,"11:07 ET"
RPD,11.19,2026-09-18,15,Call,9.00,+18.99%,2.1,2.28,2.45,2684,1931,1.39,77.96%,57.11%,0.977139,"11:28 ET"
TSLA,381.2,2026-09-11,8,Call,375.00,+1.03%,14.55,14.65,14.75,4467,3219,1.39,44.99%,47.00%,0.624788,"11:46 ET"
UBER,75.64,2026-09-04,1,Call,79.00,-4.36%,0.1,0.11,0.11,5270,3792,1.39,36.42%,62.62%,0.092172,"11:40 ET"
INTC,90.49,2026-09-09,6,Call,89.00,+1.25%,2.83,2.95,2.97,575,418,1.38,55.36%,46.78%,0.612262,"11:41 ET"
AMZN,258.99,2026-09-09,6,Put,255.00,-1.19%,1.6,1.63,1.68,812,588,1.38,29.53%,24.81%,-0.306546,"11:45 ET"
TSLA,381.2,2026-09-11,8,Call,415.00,-9.52%,2.16,2.06,2.19,1092,794,1.38,44.99%,51.27%,0.149708,"11:45 ET"
TSLA,381.2,2026-09-11,8,Call,395.00,-4.24%,5.9,6,6,1381,1002,1.38,44.99%,48.43%,0.339439,"11:46 ET"
MU,950.21,2026-09-04,1,Call,"1,020.00",-7.63%,0.39,0.43,0.44,2555,1848,1.38,58.40%,75.53%,0.029154,"11:45 ET"
ZS,177.12,2026-09-04,1,Call,230.00,-30.25%,0.71,0.77,0.87,584,427,1.37,75.46%,311.70%,0.066211,"11:26 ET"
MSTR,139.05,2026-09-11,8,Call,175.00,-26.56%,0.48,0.53,0.56,1192,868,1.37,75.04%,98.19%,0.062833,"11:44 ET"
RIOT,20.65,2026-09-11,8,Call,20.00,+2.10%,1.27,1.27,1.32,1666,1212,1.37,84.71%,79.52%,0.62506,"11:44 ET"
NFLX,82.37,2026-09-11,8,Call,86.00,-4.26%,0.31,0.33,0.33,1909,1395,1.37,33.16%,29.08%,0.171638,"11:44 ET"
MU,950.21,2026-09-04,1,Put,890.00,-6.09%,0.63,0.66,0.71,2757,2015,1.37,58.40%,69.73%,-0.046358,"11:45 ET"
AMD,456.17,2026-09-04,1,Call,477.50,-4.90%,0.51,0.56,0.55,3048,2220,1.37,46.95%,60.40%,0.081668,"11:43 ET"
MU,950.21,2026-09-04,1,Put,950.00,+0.24%,14.55,14.85,15,3903,2857,1.37,58.40%,63.17%,-0.548311,"11:46 ET"
CRCL,101.29,2026-10-09,36,Call,92.00,+8.40%,14.9,13.4,16.2,552,405,1.36,82.16%,82.58%,0.697772,"10:11 ET"
MSFT,512.38,2026-09-18,15,Put,487.50,-4.93%,2.1,2.23,2.27,752,551,1.36,25.14%,25.65%,-0.153675,"11:30 ET"
CVNA,74.2,2026-09-18,15,Call,88.00,-18.68%,0.23,0.27,0.35,1111,814,1.36,56.47%,56.88%,0.078526,"11:30 ET"
TSLA,381.2,2026-09-18,15,Call,372.50,+1.69%,19.5,19.32,19.7,1693,1247,1.36,44.99%,45.60%,0.63283,"11:45 ET"
BULL,10.07,2026-09-25,22,Call,11.00,-9.56%,0.28,0.31,0.32,1934,1419,1.36,62.55%,64.64%,0.315884,"11:40 ET"
TSLA,381.2,2026-09-11,8,Call,385.00,-1.60%,9.5,9.65,9.6,3053,2239,1.36,44.99%,47.57%,0.476618,"11:46 ET"
BMNR,25.88,2026-09-04,1,Call,24.50,+4.74%,1.49,1.56,1.58,4429,3251,1.36,81.19%,117.26%,0.82173,"11:46 ET"
NVDA,227.71,2026-09-14,11,Call,240.00,-5.60%,0.84,0.9,0.89,662,490,1.35,32.97%,28.66%,0.150646,"11:43 ET"
MU,950.21,2026-10-02,29,Put,900.00,-5.03%,40.6,41.38,42.45,712,529,1.35,58.40%,60.46%,-0.348597,"11:43 ET"
NBIS,208.24,2026-09-04,1,Call,212.50,-2.26%,2.14,2.2,2.32,720,534,1.35,79.78%,95.69%,0.333535,"11:44 ET"
SBLK,31.84,2026-10-16,43,Call,33.00,-3.22%,0.8,0.91,0.9,829,612,1.35,29.86%,31.63%,0.376657,"11:16 ET"
XOM,164.29,2026-09-11,8,Call,167.50,-1.39%,1.22,1.22,1.28,1558,1156,1.35,27.65%,26.57%,0.308384,"11:46 ET"
SPCX,149.36,2026-09-04,1,Call,144.00,+3.53%,5.95,5.91,6.3,7029,5213,1.35,50.10%,73.11%,0.847909,"11:45 ET"
AVGO,348.39,2026-11-20,78,Put,300.00,-13.66%,5.1,5.12,5.2,8462,6270,1.35,35.84%,37.05%,-0.152658,"11:45 ET"
TSLA,381.2,2026-09-04,1,Call,420.00,-10.84%,0.31,0.32,0.33,8817,6520,1.35,44.99%,101.30%,0.039869,"11:46 ET"
WMT,108.99,2026-09-04,1,Call,107.00,+1.76%,1.98,2.09,2.09,9080,6719,1.35,21.91%,29.16%,0.881745,"11:46 ET"
AMD,456.17,2026-09-11,8,Call,455.00,+0.05%,12.9,13.26,13.45,703,524,1.34,46.95%,45.15%,0.539494,"11:44 ET"
RKLB,62.98,2026-09-04,1,Call,62.00,+1.93%,2.01,1.94,2.13,712,532,1.34,66.20%,79.87%,0.74146,"11:43 ET"
ASTS,61.65,2026-09-04,1,Put,61.00,-2.01%,0.73,0.82,0.86,863,646,1.34,73.92%,89.50%,-0.382762,"11:43 ET"
MSTR,139.05,2026-09-25,22,Put,130.00,-5.98%,5.55,5.65,5.85,1514,1129,1.34,75.04%,71.94%,-0.323839,"11:44 ET"
MARA,11.71,2026-09-18,15,Call,11.50,+1.96%,0.92,0.94,0.98,3906,2921,1.34,86.17%,89.72%,0.575973,"11:44 ET"
HPE,48.26,2026-09-04,1,Put,50.00,+3.28%,1.62,1.75,1.86,4646,3475,1.34,51.85%,94.21%,-0.691587,"11:45 ET"
NOW,143.83,2026-10-09,36,Put,140.00,-2.89%,6.75,6.99,7.5,533,402,1.33,51.74%,50.85%,-0.398341,"09:38 ET"
SKHY,161.34,2026-09-11,8,Put,137.00,-14.47%,0.17,0.26,0.26,550,415,1.33,58.10%,63.71%,-0.034459,"11:40 ET"
NOW,143.83,2026-09-04,1,Call,148.00,-2.66%,0.55,0.58,0.62,892,669,1.33,51.74%,68.35%,0.205788,"11:45 ET"
HIMS,27.9,2026-09-11,8,Call,31.00,-10.99%,0.23,0.25,0.29,996,751,1.33,68.38%,71.26%,0.172701,"11:38 ET"
INFY,12.07,2026-10-16,43,Call,12.00,+0.50%,0.5,0.65,0.75,1068,801,1.33,40.80%,36.65%,0.535966,"11:29 ET"
INTC,90.49,2026-09-18,15,Call,101.00,-12.06%,1.06,1.08,1.09,1836,1382,1.33,55.36%,58.55%,0.191855,"11:43 ET"
NOW,143.83,2026-09-04,1,Call,146.00,-1.28%,1.02,1.02,1.14,1904,1435,1.33,51.74%,67.90%,0.328551,"11:44 ET"
SMCI,36.83,2026-09-11,8,Call,35.00,+4.97%,2.49,2.54,2.61,689,523,1.32,69.72%,63.69%,0.733996,"11:44 ET"
CPB,21.27,2026-09-04,1,Put,22.00,+3.53%,0.75,0.85,1,916,693,1.32,33.98%,94.82%,-0.738084,"11:21 ET"
UBER,75.64,2026-09-11,8,Call,78.00,-3.04%,0.76,0.8,0.87,1563,1182,1.32,36.42%,38.47%,0.305346,"11:39 ET"
ORCL,152.71,2026-11-20,78,Put,135.00,-11.50%,7.85,8.2,8.25,3305,2513,1.32,66.50%,59.41%,-0.270072,"11:23 ET"
KEEL,3.34,2026-10-16,43,Call,4.00,-20.12%,0.24,0.24,0.25,3972,3003,1.32,101.61%,102.56%,0.366911,"11:40 ET"
UBER,75.64,2026-09-18,15,Put,73.00,-3.57%,1.1,1.11,1.15,634,485,1.31,36.42%,36.88%,-0.30136,"11:46 ET"
ZS,177.12,2026-09-04,1,Call,190.00,-7.59%,7.05,7.13,7.45,729,557,1.31,75.46%,326.23%,0.377776,"11:40 ET"
PLTR,182.74,2026-09-18,15,Call,197.50,-8.01%,2.27,2.35,2.4,759,579,1.31,48.18%,48.18%,0.234376,"11:43 ET"
MSTR,139.05,2026-11-20,78,Call,250.00,-80.81%,2.85,3,3.1,794,608,1.31,75.04%,91.52%,0.121825,"11:43 ET"
GOOGL,342.52,2027-02-19,169,Call,380.00,-10.88%,19.2,19.5,19.95,877,669,1.31,27.92%,33.81%,0.396516,"11:41 ET"
LCID,4.69,2026-09-11,8,Call,5.00,-5.93%,0.11,0.12,0.13,914,696,1.31,87.39%,84.37%,0.331733,"11:45 ET"
ZS,177.12,2026-09-04,1,Call,220.00,-24.58%,1.26,1.53,1.65,1248,956,1.31,75.46%,313.55%,0.110482,"11:46 ET"
NFLX,82.37,2026-09-04,1,Put,82.00,-0.59%,0.44,0.45,0.45,6708,5105,1.31,33.16%,37.05%,-0.390678,"11:45 ET"
NKE,38.31,2026-09-18,15,Call,38.00,+0.63%,1.12,1.17,1.2,597,458,1.3,40.32%,32.79%,0.557643,"11:07 ET"
B,45.65,2026-09-11,8,Call,49.00,-7.34%,0.19,0.22,0.25,722,556,1.3,43.36%,44.87%,0.145504,"11:42 ET"
APLD,25.84,2026-09-04,1,Call,26.00,-1.64%,0.36,0.37,0.4,4743,3643,1.3,83.49%,95.05%,0.419751,"11:45 ET"
TSLA,381.2,2026-09-09,6,Call,390.00,-2.92%,5.75,5.82,5.85,5813,4468,1.3,44.99%,46.12%,0.380622,"11:46 ET"
PLTR,182.74,2026-09-04,1,Put,185.00,+1.18%,3.75,3.79,3.85,8334,6415,1.3,48.18%,67.74%,-0.621102,"11:46 ET"
WMT,108.99,2026-09-11,8,Call,112.00,-2.83%,0.33,0.34,0.4,569,442,1.29,21.91%,21.09%,0.19611,"11:43 ET"
RDDT,157.14,2026-09-04,1,Put,155.00,-1.36%,1.13,1.28,1.42,725,561,1.29,57.01%,67.85%,-0.337646,"11:46 ET"
NVDA,227.71,2026-09-09,6,Call,237.50,-4.50%,0.48,0.52,0.5,3316,2580,1.29,32.97%,28.17%,0.122523,"11:43 ET"
CSCO,109.47,2026-09-04,1,Call,109.00,+0.40%,1.02,1.06,1.13,524,410,1.28,28.34%,33.53%,0.61748,"11:37 ET"
CIFR,17.08,2026-12-18,106,Call,21.00,-24.56%,2.34,2.39,2.47,562,438,1.28,94.37%,100.76%,0.4598,"11:30 ET"
CRDO,168.71,2026-09-04,1,Call,170.00,-0.88%,3,3.4,3.8,1194,930,1.28,74.14%,114.38%,0.458553,"11:46 ET"
BE,233.33,2026-09-18,15,Call,225.00,+2.32%,21.95,21.37,22.3,1546,1211,1.28,87.53%,92.33%,0.621541,"11:45 ET"
SPCX,149.36,2026-09-11,8,Call,152.50,-2.16%,3.25,3.35,3.35,1753,1368,1.28,50.10%,50.85%,0.419797,"11:46 ET"
AVGO,348.39,2026-10-02,29,Call,370.00,-6.48%,6.7,6.95,7.1,615,486,1.27,35.84%,35.61%,0.318661,"11:45 ET"
SPCX,149.36,2028-01-21,505,Call,135.00,+9.56%,48,48.25,48.35,699,551,1.27,50.10%,56.64%,0.716369,"11:45 ET"
AVGO,348.39,2026-09-04,1,Put,340.00,-2.15%,0.85,0.9,0.9,13416,10593,1.27,35.84%,57.64%,-0.156105,"11:46 ET"
HUT,86.45,2026-10-02,29,Put,60.00,-29.66%,0.49,0.68,0.85,1304,1035,1.26,91.92%,92.85%,-0.061536,"11:29 ET"
SMCI,36.83,2026-09-04,1,Call,36.50,+0.90%,0.84,0.85,0.92,1739,1380,1.26,69.72%,83.49%,0.614928,"11:43 ET"
ZS,177.12,2026-09-04,1,Call,200.00,-13.26%,4.5,4.57,4.65,2108,1675,1.26,75.46%,325.07%,0.269428,"11:46 ET"
CRCL,101.29,2026-09-04,1,Call,105.00,-4.54%,1.06,1.08,1.14,2713,2146,1.26,82.16%,116.20%,0.292645,"11:46 ET"
GOOGL,342.52,2026-09-04,1,Call,350.00,-2.13%,0.37,0.38,0.39,11154,8838,1.26,27.92%,34.36%,0.125084,"11:46 ET"
ARM,237.99,2026-09-04,1,Call,242.50,-2.21%,1.89,1.94,2.24,817,652,1.25,61.57%,76.97%,0.333266,"11:38 ET"
TSLA,381.2,2026-09-11,8,Call,367.50,+3.01%,19.4,19.15,19.6,879,702,1.25,44.99%,46.79%,0.729356,"11:45 ET"
BBAR,15.06,2027-01-15,134,Call,17.00,-14.63%,0.65,0.95,1.7,900,720,1.25,72.22%,50.25%,0.414973,"11:17 ET"
AMZN,258.99,2026-09-09,6,Call,257.50,+0.22%,4.05,4.14,4.3,1311,1047,1.25,29.53%,25.44%,0.578209,"11:45 ET"
SPCX,149.36,2026-09-11,8,Call,145.00,+2.86%,7.05,7.19,7.35,5768,4600,1.25,50.10%,50.77%,0.680182,"11:46 ET"
COIN,192.7,2026-09-11,8,Call,190.00,+0.79%,8.5,8.87,9,5956,4780,1.25,67.64%,67.16%,0.566822,"11:45 ET"
TSLA,381.2,2026-09-11,8,Put,357.50,-5.65%,2.43,2.45,2.46,635,512,1.24,44.99%,48.27%,-0.163714,"11:46 ET"
CRM,263.91,2026-09-11,8,Call,265.00,-0.12%,5.1,5.3,5.5,674,542,1.24,37.94%,36.13%,0.490917,"11:44 ET"
MSFT,512.38,2026-09-09,6,Call,510.00,+0.55%,7.2,6.91,7.6,687,555,1.24,25.14%,21.93%,0.589957,"11:46 ET"
SPCX,149.36,2026-09-18,15,Call,146.00,+2.19%,8,7.9,8.3,945,760,1.24,50.10%,50.41%,0.62071,"11:44 ET"
META,618.05,2027-03-19,197,Call,900.00,-45.90%,13.85,14.35,14.25,1525,1228,1.24,35.69%,42.24%,0.15928,"11:31 ET"
GOOG,339.05,2026-09-04,1,Call,345.00,-1.74%,0.52,0.52,0.54,12174,9815,1.24,28.07%,33.07%,0.17014,"11:46 ET"
"Downloaded from Barchart.com as of 09-03-2026 11:18am CDT"
