Symbol,Price~,"Exp Date",DTE,Type,Strike,Moneyness,Bid,Latest,Ask,Volume,"Open Int",Vol/OI,"Imp Vol",IV,Delta,Time
TSLA,372.11,2026-09-28,2,Call,372.50,-0.10%,3.25,3.3,3.35,35282,184,191.75,41.62%,31.41%,0.490321,2026-09-25
UBER,69.62,2026-10-30,34,Put,62.00,-10.95%,0.25,0.45,0.51,12336,109,113.17,35.42%,32.95%,-0.108149,2026-09-25
SMCI,43.26,2026-10-02,6,Call,45.50,-5.18%,0.85,0.9,0.9,22021,258,85.35,77.57%,77.81%,0.326407,2026-09-25
AMZN,249.67,2026-09-28,2,Call,240.00,+3.87%,8.65,10.26,11.2,9095,116,78.41,33.65%,36.35%,0.931829,2026-09-25
SMCI,43.26,2026-10-02,6,Call,46.50,-7.49%,0.64,0.64,0.68,12101,166,72.9,77.57%,80.06%,0.259091,2026-09-25
AI,10.65,2026-10-02,6,Call,10.50,+1.41%,0.33,0.4,0.44,46197,769,60.07,57.61%,55.52%,0.596332,2026-09-25
MSTR,158.61,2026-10-02,6,Call,162.50,-2.45%,4.05,4.1,4.25,32928,663,49.67,68.11%,71.28%,0.415864,2026-09-25
PYPL,55.04,2026-10-16,20,Put,53.00,-3.71%,0.75,1.22,1.76,7145,148,48.28,43.40%,42.66%,-0.32926,2026-09-25
TSLA,372.11,2026-09-28,2,Call,375.00,-0.78%,2.26,2.28,2.3,41127,864,47.6,41.62%,31.80%,0.379083,2026-09-25
MARA,12.55,2026-10-02,6,Call,12.50,+0.40%,0.55,0.56,0.57,52540,1194,44,82.53%,82.88%,0.538526,2026-09-25
TSLA,372.11,2026-09-28,2,Call,370.00,+0.57%,4.6,4.65,4.7,20070,485,41.38,41.62%,31.45%,0.604535,2026-09-25
SMCI,43.26,2026-10-02,6,Call,43.50,-0.55%,1.56,1.58,1.63,25892,637,40.65,77.57%,76.63%,0.499725,2026-09-25
MNST,43.11,2026-12-18,83,Put,37.50,-13.01%,0.5,0.55,0.6,8364,207,40.41,28.62%,32.21%,-0.149981,2026-09-25
WMB,69.26,2026-10-30,34,Put,64.00,-7.59%,0.5,0.55,0.6,7035,181,38.87,29.41%,28.29%,-0.166225,2026-09-25
TSLA,372.11,2026-09-30,4,Put,300.00,-19.38%,0.09,0.1,0.11,4201,109,38.54,41.62%,88.05%,-0.008495,2026-09-25
NVTS,12.2,2026-10-16,20,Put,10.50,-13.93%,0.2,0.2,0.26,5531,149,37.12,82.63%,77.51%,-0.176607,2026-09-25
MSFT,516.17,2026-09-28,2,Call,525.00,-1.71%,0.93,1.17,1.17,12353,338,36.55,29.09%,25.92%,0.1934,2026-09-25
COIN,195.11,2026-10-02,6,Call,202.50,-3.79%,3.65,3.73,3.9,16294,461,35.34,65.46%,66.90%,0.350797,2026-09-25
MSFT,516.17,2026-09-28,2,Call,530.00,-2.68%,0.5,0.5,0.54,8222,233,35.29,29.09%,27.87%,0.103303,2026-09-25
PSKY,9.96,2026-10-16,20,Call,11.50,-15.46%,0.11,0.15,0.19,5008,144,34.78,59.30%,64.70%,0.192811,2026-09-25
CVS,89.13,2026-10-02,6,Call,90.00,-0.98%,1.17,1.27,1.35,5264,152,34.63,36.68%,36.10%,0.427039,2026-09-25
MSFT,516.17,2026-09-28,2,Put,505.00,-2.16%,0.61,0.65,0.78,5259,159,33.08,29.09%,26.98%,-0.132772,2026-09-25
MSFT,516.17,2026-09-28,2,Call,517.50,-0.26%,3.1,3.2,3.25,10449,329,31.76,29.09%,24.66%,0.451302,2026-09-25
AI,10.65,2026-10-02,6,Call,11.00,-3.29%,0.15,0.18,0.19,46698,1509,30.95,57.61%,56.38%,0.343684,2026-09-25
XYZ,76.42,2026-10-02,6,Put,75.00,-1.86%,0.91,0.98,1.1,4165,136,30.63,43.77%,42.20%,-0.350544,2026-09-25
MSFT,516.17,2026-09-28,2,Call,520.00,-0.74%,2.25,2.35,2.35,27500,906,30.35,29.09%,25.41%,0.354033,2026-09-25
B,42.88,2026-10-16,20,Put,42.50,-0.89%,1.25,1.31,1.45,3052,103,29.63,41.24%,39.04%,-0.438508,2026-09-25
WULF,15.74,2026-10-16,20,Call,17.50,-11.18%,0.52,0.53,0.55,5060,171,29.59,83.50%,82.18%,0.305404,2026-09-25
MSFT,516.17,2026-09-28,2,Call,522.50,-1.23%,1.5,1.82,1.82,9243,322,28.7,29.09%,26.32%,0.271881,2026-09-25
OXY,56.86,2026-10-02,6,Call,59.00,-3.76%,0.23,0.27,0.35,9413,338,27.85,34.17%,34.36%,0.209078,2026-09-25
OXY,56.86,2026-10-02,6,Call,58.00,-2.00%,0.48,0.52,0.6,9726,365,26.65,34.17%,34.15%,0.335555,2026-09-25
AMZN,249.67,2026-09-30,4,Call,240.00,+3.87%,9.35,10,11.45,3510,132,26.59,33.65%,35.00%,0.866124,2026-09-25
INTC,123,2028-01-21,482,Put,200.00,+62.60%,88.3,88.78,90,5154,198,26.03,69.11%,66.29%,-0.610847,2026-09-25
DAL,84.94,2026-10-02,6,Call,88.00,-3.60%,0.77,0.83,0.87,6528,253,25.8,44.86%,44.63%,0.280322,2026-09-25
AAPL,341.07,2026-09-28,2,Put,340.00,-0.31%,1.3,1.34,1.38,11774,463,25.43,23.34%,18.40%,-0.401457,2026-09-25
RBRK,109.55,2028-01-21,482,Call,145.00,-32.36%,22.7,23.5,24.4,5064,202,25.07,58.19%,64.55%,0.529025,2026-09-25
MRVL,261.93,2026-10-02,6,Call,267.50,-2.13%,6.2,6.4,7.5,3471,140,24.79,66.18%,68.74%,0.425657,2026-09-25
PYPL,55.04,2026-10-02,6,Call,60.00,-9.01%,0.36,0.38,0.42,29376,1198,24.52,43.40%,65.77%,0.164609,2026-09-25
TSLA,372.11,2026-09-30,4,Call,372.50,-0.10%,5.65,5.72,5.85,7752,323,24,41.62%,37.73%,0.501603,2026-09-25
MSFT,516.17,2026-09-28,2,Call,535.00,-3.65%,0.23,0.26,0.26,2671,114,23.43,29.09%,29.46%,0.052141,2026-09-25
SMCI,43.26,2026-10-02,6,Put,43.00,-0.60%,1.5,1.55,1.55,2928,128,22.88,77.57%,75.45%,-0.453797,2026-09-25
META,751.66,2026-09-30,4,Call,755.00,-0.44%,11.85,11.9,12.05,4978,218,22.83,42.39%,42.66%,0.472834,2026-09-25
MSFT,516.17,2026-09-28,2,Call,532.50,-3.16%,0.35,0.35,0.37,5076,224,22.66,29.09%,28.72%,0.074018,2026-09-25
MRNA,198.88,2026-10-02,6,Call,207.50,-4.33%,5,5.3,5.6,2653,120,22.11,89.70%,85.80%,0.372602,2026-09-25
TSLA,372.11,2026-09-28,2,Put,357.50,-3.93%,0.28,0.28,0.29,10010,465,21.53,41.62%,36.20%,-0.064806,2026-09-25
TSLA,372.11,2026-10-09,13,Call,372.50,-0.10%,11.5,11.6,11.7,2502,118,21.2,41.62%,41.20%,0.517238,2026-09-25
META,751.66,2026-09-28,2,Call,755.00,-0.44%,6.05,6.15,6.2,12100,577,20.97,42.39%,34.23%,0.438594,2026-09-25
RIOT,23,2026-10-02,6,Put,23.50,+2.17%,1.16,1.25,1.35,4022,192,20.95,83.66%,83.53%,-0.556765,2026-09-25
MARA,12.55,2026-10-02,6,Call,13.00,-3.59%,0.36,0.37,0.37,66956,3197,20.94,82.53%,85.52%,0.397163,2026-09-25
MOS,23.01,2027-06-17,264,Call,27.00,-17.34%,2.45,2.53,2.65,4006,192,20.86,49.41%,50.99%,0.433458,2026-09-25
CVS,89.13,2026-10-02,6,Call,88.00,+1.27%,2.14,2.32,2.48,2380,116,20.52,36.68%,37.04%,0.615988,2026-09-25
CVNA,65.06,2026-10-02,6,Call,69.00,-6.06%,0.5,0.57,0.67,2534,127,19.95,63.34%,56.70%,0.222493,2026-09-25
MRNA,198.88,2026-10-02,6,Call,197.50,+0.69%,8.95,9.25,9.45,3185,160,19.91,89.70%,83.18%,0.549587,2026-09-25
UBER,69.62,2026-10-09,13,Put,73.00,+4.85%,3.75,3.87,4.2,2424,122,19.87,35.42%,35.09%,-0.750343,2026-09-25
AMZN,249.67,2026-09-28,2,Put,257.50,+3.14%,7.45,7.4,8.5,3290,166,19.82,33.65%,28.84%,-0.926658,2026-09-25
GOOGL,343.92,2026-09-28,2,Call,352.50,-2.49%,0.35,0.38,0.38,7517,384,19.58,32.86%,26.85%,0.11122,2026-09-25
CORZ,17.34,2026-10-16,20,Call,18.50,-6.69%,0.63,0.7,0.83,5505,287,19.18,72.95%,72.41%,0.38791,2026-09-25
MU,1082.28,2026-10-09,13,Put,600.00,-44.56%,0.25,0.34,0.91,3656,192,19.04,61.47%,131.74%,-0.00618,2026-09-25
COST,922.77,2026-11-20,55,Put,740.00,-19.81%,0,0.34,0.89,2447,130,18.82,19.99%,26.68%,-0.012914,2026-09-25
BE,288.7,2026-10-09,13,Call,350.00,-21.23%,2.55,2.7,2.97,2325,124,18.75,82.56%,83.77%,0.129209,2026-09-25
AM,20.93,2026-12-18,83,Put,20.00,-4.44%,0.45,0.6,0.75,8024,428,18.75,27.25%,25.66%,-0.331348,2026-09-25
INTC,123,2026-09-28,2,Call,124.00,-0.81%,1.46,1.52,1.54,8166,437,18.69,69.11%,53.46%,0.428556,2026-09-25
BMY,62.86,2026-10-02,6,Put,60.00,-4.55%,0.14,0.14,0.36,2917,157,18.58,30.36%,36.94%,-0.156891,2026-09-25
AMD,630.63,2026-09-28,2,Put,630.00,-0.10%,7.5,7.55,8,2514,136,18.49,55.27%,43.63%,-0.479075,2026-09-25
PBR,20.37,2026-10-30,34,Call,24.00,-17.82%,0.1,0.36,0.42,2414,131,18.43,49.98%,51.01%,0.165401,2026-09-25
MSFT,516.17,2026-10-02,6,Put,515.00,-0.23%,6.65,6.57,6.9,3636,198,18.36,29.09%,28.29%,-0.463222,2026-09-25
AKAM,113.94,2026-10-02,6,Call,130.00,-14.10%,0.4,0.45,0.5,2162,119,18.17,65.51%,74.46%,0.092259,2026-09-25
CRCL,89,2026-10-02,6,Call,89.00,0.00%,3.3,3.4,3.45,5257,296,17.76,73.50%,73.57%,0.521508,2026-09-25
AMZN,249.67,2026-09-28,2,Call,245.00,+1.87%,4.85,4.99,5.1,5465,310,17.63,33.65%,22.37%,0.87727,2026-09-25
AMD,630.63,2026-09-28,2,Call,655.00,-3.86%,1.29,1.38,1.43,1871,109,17.17,55.27%,44.81%,0.131332,2026-09-25
DOW,28.02,2026-11-20,55,Call,30.00,-7.07%,1.06,1.08,1.08,15594,912,17.1,40.16%,42.75%,0.366458,2026-09-25
AAPL,341.07,2026-10-16,20,Put,337.50,-1.05%,4.85,5,5,13798,810,17.03,23.34%,21.48%,-0.395307,2026-09-25
TSLA,372.11,2026-09-28,2,Put,370.00,-0.57%,2.52,2.53,2.56,27078,1599,16.93,41.62%,32.16%,-0.398071,2026-09-25
PYPL,55.04,2026-10-16,20,Call,56.00,-1.74%,1.85,1.88,2,7308,433,16.88,43.40%,45.12%,0.461496,2026-09-25
RCUS,24.97,2026-10-16,20,Call,20.00,+19.90%,5,5.9,5.9,5038,300,16.79,73.41%,97.48%,0.863496,2026-09-25
UPST,23.81,2026-10-09,13,Call,25.00,-5.00%,0.41,0.6,0.85,1793,107,16.76,67.59%,60.70%,0.360753,2026-09-25
TSLA,372.11,2026-10-16,20,Call,372.50,-0.10%,14,14.09,14.3,2784,169,16.47,41.62%,40.18%,0.523344,2026-09-25
QCOM,201.97,2027-02-19,146,Call,250.00,-23.78%,12.4,12.9,13.4,3902,238,16.39,51.15%,54.31%,0.3342,2026-09-25
MSTR,158.61,2026-10-02,6,Call,165.00,-4.03%,3.3,3.35,3.45,33249,2079,15.99,68.11%,72.57%,0.355255,2026-09-25
SBET,9.63,2026-10-02,6,Put,9.50,-1.35%,0.23,0.28,0.33,2572,161,15.98,81.52%,70.25%,-0.420027,2026-09-25
SMCI,43.26,2026-10-02,6,Call,44.50,-2.87%,1.15,1.17,1.32,10224,641,15.95,77.57%,79.17%,0.412386,2026-09-25
RIG,5.38,2028-01-21,482,Put,5.00,-7.06%,0.8,0.9,0.92,18000,1139,15.8,50.78%,39.50%,-0.362437,2026-09-25
CVNA,65.06,2026-10-02,6,Call,66.00,-1.44%,1.49,1.54,1.77,2718,172,15.8,63.34%,61.13%,0.446025,2026-09-25
IOVA,11,2026-10-02,6,Call,10.00,+9.09%,1.1,1.14,1.3,2551,164,15.55,93.92%,104.16%,0.783881,2026-09-25
TSLA,372.11,2026-09-28,2,Call,380.00,-2.12%,0.97,0.98,1,39286,2526,15.55,41.62%,32.68%,0.198629,2026-09-25
TSLA,372.11,2026-09-28,2,Call,367.50,+1.24%,6.2,6.23,6.35,4517,294,15.36,41.62%,31.45%,0.711035,2026-09-25
TSLA,372.11,2026-09-28,2,Call,377.50,-1.45%,1.5,1.53,1.54,18545,1207,15.36,41.62%,32.20%,0.280071,2026-09-25
TSLA,372.11,2026-10-02,6,Put,317.50,-14.68%,0.18,0.18,0.2,1723,113,15.25,41.62%,60.22%,-0.017792,2026-09-25
MSFT,516.17,2026-09-30,4,Call,507.50,+1.68%,11.05,11.34,12.05,1521,102,14.91,29.09%,28.73%,0.722331,2026-09-25
MU,1082.28,2026-10-02,6,Put,650.00,-39.94%,0.2,0.3,0.36,12063,811,14.87,61.47%,155.67%,-0.003945,2026-09-25
MU,1082.28,2026-09-28,2,Put,"1,080.00",-0.21%,12.1,12.33,12.6,5115,345,14.83,61.47%,42.46%,-0.46482,2026-09-25
NVDA,225.07,2026-10-02,6,Call,227.50,-1.08%,2.48,2.47,2.5,89530,6052,14.79,33.63%,30.44%,0.404681,2026-09-25
MSFT,516.17,2026-09-28,2,Call,515.00,+0.23%,4.3,4.31,4.5,15634,1062,14.72,29.09%,24.54%,0.557079,2026-09-25
AMZN,249.67,2026-09-28,2,Put,260.00,+4.14%,10.2,10.52,10.6,3078,210,14.66,33.65%,31.64%,-0.9599,2026-09-25
MSFT,516.17,2026-10-02,6,Call,517.50,-0.26%,6.8,6.86,7.15,4228,289,14.63,29.09%,28.36%,0.484707,2026-09-25
WULF,15.74,2026-10-30,34,Call,19.00,-20.71%,0.52,0.56,0.58,3286,225,14.6,83.50%,85.37%,0.253454,2026-09-25
SCCO,203.92,2026-10-02,6,Put,190.00,-6.83%,0.7,0.93,1.05,1907,131,14.56,47.54%,50.40%,-0.129054,2026-09-25
CCL,22.25,2027-04-16,202,Put,18.00,-19.10%,1,1.18,1.41,2300,158,14.56,48.85%,49.27%,-0.214417,2026-09-25
HIMS,29.42,2026-10-02,6,Call,29.50,-0.27%,0.89,1.12,1.16,7819,538,14.53,76.36%,70.08%,0.508702,2026-09-25
NVTS,12.2,2026-10-23,27,Put,10.50,-13.93%,0.26,0.34,0.34,4022,277,14.52,82.63%,74.75%,-0.197024,2026-09-25
TSLA,372.11,2026-09-28,2,Call,385.00,-3.46%,0.39,0.39,0.4,19281,1331,14.49,41.62%,34.02%,0.091531,2026-09-25
UEC,9.41,2026-10-02,6,Call,10.50,-11.58%,0.08,0.1,0.1,6417,444,14.45,69.00%,84.94%,0.172036,2026-09-25
AFRM,71.52,2027-03-19,174,Put,45.00,-37.08%,1.45,1.69,1.97,1641,115,14.27,57.93%,63.97%,-0.095112,2026-09-25
DVN,47.05,2026-10-02,6,Call,49.00,-4.14%,0.26,0.35,0.35,2137,150,14.25,37.17%,40.16%,0.223775,2026-09-25
AAPL,341.07,2026-09-28,2,Put,337.50,-1.05%,0.52,0.59,0.63,12452,877,14.2,23.34%,18.47%,-0.215014,2026-09-25
TSLA,372.11,2026-10-02,6,Call,377.50,-1.45%,6.35,6.4,6.5,15184,1073,14.15,41.62%,45.72%,0.418716,2026-09-25
JBLU,4.4,2026-10-16,20,Call,4.50,-2.27%,0.18,0.22,0.31,2561,183,13.99,64.95%,69.45%,0.482505,2026-09-25
USB,59.33,2026-10-23,27,Call,63.00,-6.19%,0.14,0.38,0.68,1396,101,13.82,27.41%,24.48%,0.193442,2026-09-25
TSLA,372.11,2026-09-28,2,Call,390.00,-4.81%,0.16,0.16,0.17,30333,2210,13.73,41.62%,36.10%,0.041286,2026-09-25
MSFT,516.17,2026-09-28,2,Call,542.50,-5.10%,0.07,0.1,0.22,2067,151,13.69,29.09%,34.94%,0.028477,2026-09-25
TSLA,372.11,2026-09-30,4,Call,375.00,-0.78%,4.6,4.63,4.7,8123,595,13.65,41.62%,37.93%,0.434749,2026-09-25
AMZN,249.67,2026-09-28,2,Put,255.00,+2.13%,5.35,5.69,6.25,5333,392,13.6,33.65%,29.86%,-0.827082,2026-09-25
DHT,21.78,2026-11-20,55,Call,23.00,-5.60%,0.95,1.1,1.25,1384,102,13.57,52.53%,53.08%,0.39239,2026-09-25
META,751.66,2026-10-16,20,Call,910.00,-21.07%,1.34,1.46,1.5,4503,333,13.52,42.39%,46.04%,0.044413,2026-09-25
BMNR,27.56,2026-10-02,6,Put,28.00,+1.60%,1.28,1.26,1.49,7170,532,13.48,75.78%,81.71%,-0.537564,2026-09-25
META,751.66,2026-09-28,2,Call,750.00,+0.22%,8.35,8.5,8.55,14312,1064,13.45,42.39%,33.88%,0.54323,2026-09-25
TSLA,372.11,2026-09-28,2,Put,367.50,-1.24%,1.64,1.68,1.68,11319,842,13.44,41.62%,32.20%,-0.293627,2026-09-25
AMD,630.63,2026-09-28,2,Put,625.00,-0.89%,5.3,5.5,5.6,1868,139,13.44,55.27%,43.15%,-0.38115,2026-09-25
CVX,204.45,2026-10-02,6,Call,220.00,-7.61%,0.12,0.13,0.14,11815,898,13.16,28.12%,32.04%,0.039027,2026-09-25
RKT,12.17,2026-10-09,13,Put,11.00,-9.61%,0.08,0.12,0.13,7042,536,13.14,60.07%,55.45%,-0.151445,2026-09-25
BE,288.7,2026-10-02,6,Put,280.00,-3.01%,7.75,7.94,7.95,2355,182,12.94,82.56%,80.87%,-0.362334,2026-09-25
TSLA,372.11,2026-09-30,4,Call,370.00,+0.57%,6.95,7.1,7.1,5874,461,12.74,41.62%,37.58%,0.569497,2026-09-25
TEM,85.01,2026-10-23,27,Put,65.00,-23.54%,0.6,0.78,0.95,1285,101,12.72,83.01%,78.73%,-0.08491,2026-09-25
BTDR,11.51,2026-10-02,6,Call,12.00,-4.26%,0.3,0.35,0.4,1914,151,12.68,95.54%,92.96%,0.387866,2026-09-25
PATH,12.46,2026-10-23,27,Put,11.00,-11.72%,0.07,0.19,0.19,1717,136,12.63,53.50%,47.59%,-0.147422,2026-09-25
ARM,310.32,2026-10-02,6,Call,322.50,-3.92%,7.1,7.7,7.8,2018,163,12.38,73.03%,77.54%,0.370253,2026-09-25
GM,82.63,2026-10-02,6,Call,83.00,-0.45%,1.13,1.31,1.41,1343,109,12.32,35.43%,33.74%,0.471953,2026-09-25
MU,1082.28,2026-09-28,2,Put,"1,020.00",-5.75%,0.74,0.81,0.81,4273,347,12.31,61.47%,48.60%,-0.047379,2026-09-25
HOOD,119.4,2026-10-02,6,Call,121.00,-1.34%,3.2,3.25,3.4,6474,526,12.31,62.13%,65.36%,0.45646,2026-09-25
FRMI,4.52,2026-10-23,27,Call,5.00,-10.62%,0.25,0.33,0.35,4030,332,12.14,101.46%,97.05%,0.405337,2026-09-25
AKAM,113.94,2026-10-16,20,Call,150.00,-31.65%,0,0.3,0.5,2050,169,12.13,65.51%,63.37%,0.038773,2026-09-25
SMCI,43.26,2026-10-09,13,Call,42.50,+1.76%,2.73,2.78,2.8,2500,207,12.08,77.57%,72.37%,0.582475,2026-09-25
S,22.38,2026-10-02,6,Call,24.50,-9.47%,0.1,0.13,0.15,4449,369,12.06,48.76%,62.77%,0.140837,2026-09-25
CIA,3.59,2028-01-21,482,Put,2.50,-30.36%,0.8,0.81,0.9,3001,250,12,126.04%,108.14%,-0.17313,2026-09-25
META,751.66,2026-09-28,2,Put,755.00,+0.44%,9.65,9.7,9.75,8137,684,11.9,42.39%,35.93%,-0.558688,2026-09-25
BMNR,27.56,2028-06-16,629,Put,13.00,-52.83%,2,2.37,2.61,15001,1265,11.86,75.78%,81.43%,-0.098109,2026-09-25
NVDA,225.07,2026-09-28,2,Call,227.50,-1.08%,0.7,0.73,0.72,59521,5019,11.86,33.63%,24.45%,0.28299,2026-09-25
HIMS,29.42,2026-10-30,34,Put,23.00,-21.82%,0.21,0.3,0.37,1339,115,11.64,76.36%,67.36%,-0.093975,2026-09-25
C,134.28,2026-10-23,27,Put,125.00,-6.91%,1.33,1.7,1.76,2246,193,11.64,32.80%,34.76%,-0.206419,2026-09-25
KMI,30.75,2026-10-23,27,Call,34.00,-10.57%,0.06,0.12,0.23,2601,225,11.56,25.16%,30.39%,0.11998,2026-09-25
GEN,21.62,2026-10-16,20,Call,24.00,-11.01%,0.3,0.35,0.4,3458,301,11.49,54.88%,55.08%,0.229708,2026-09-25
MU,1082.28,2026-09-28,2,Put,"1,090.00",+0.71%,17.45,17.95,18.2,3009,262,11.48,61.47%,42.84%,-0.580544,2026-09-25
ARM,310.32,2026-10-02,6,Call,332.50,-7.15%,4.55,4.9,5.2,1750,153,11.44,73.03%,79.26%,0.266853,2026-09-25
WULF,15.74,2026-10-30,34,Put,13.50,-14.23%,0.51,0.55,0.56,1668,147,11.35,83.50%,73.37%,-0.230845,2026-09-25
LEN,82.15,2026-10-02,6,Call,86.00,-4.69%,0.35,0.45,0.55,3190,281,11.35,39.38%,40.28%,0.195787,2026-09-25
BTG,5.48,2026-10-16,20,Call,5.50,-0.36%,0.25,0.28,0.3,41365,3649,11.34,53.38%,54.98%,0.518106,2026-09-25
RDDT,149.84,2026-10-02,6,Put,148.00,-1.23%,3.15,3.2,3.45,1586,140,11.33,61.97%,55.06%,-0.413765,2026-09-25
MU,1082.28,2026-09-28,2,Put,"1,100.00",+1.64%,23.6,24.7,25.2,2691,238,11.31,61.47%,43.20%,-0.687121,2026-09-25
PYPL,55.04,2026-10-02,6,Call,57.00,-3.56%,0.76,0.94,0.95,5491,486,11.3,43.40%,57.41%,0.332735,2026-09-25
MU,1082.28,2026-09-28,2,Call,"1,085.00",-0.25%,11.85,12.2,12.25,7730,689,11.22,61.47%,41.44%,0.476215,2026-09-25
GME,23.39,2026-10-02,6,Call,18.00,+23.04%,5.25,5.43,5.6,3078,275,11.19,53.91%,113.44%,0.969935,2026-09-25
CVS,89.13,2026-10-02,6,Call,87.00,+2.39%,2.81,2.93,3.35,1333,120,11.11,36.68%,40.23%,0.690376,2026-09-25
AMD,630.63,2026-09-28,2,Call,635.00,-0.69%,5.75,5.95,6.05,2999,271,11.07,55.27%,41.94%,0.420704,2026-09-25
AAPL,341.07,2026-09-28,2,Put,335.00,-1.78%,0.24,0.27,0.27,17316,1574,11,23.34%,19.75%,-0.106056,2026-09-25
HUBG,30.34,2027-01-15,111,Put,25.00,-17.60%,1.6,1.55,1.9,1500,137,10.95,64.55%,65.02%,-0.229506,2026-09-25
MU,1082.28,2026-09-28,2,Put,"1,025.00",-5.29%,0.92,0.96,0.98,2307,211,10.93,61.47%,47.36%,-0.057721,2026-09-25
CRWD,252.13,2026-10-02,6,Put,235.00,-6.79%,1.51,1.57,1.68,6108,560,10.91,55.15%,57.38%,-0.158395,2026-09-25
AMAT,485,2026-10-02,6,Call,505.00,-4.12%,6.6,6.7,6.9,1221,112,10.9,56.28%,57.42%,0.30696,2026-09-25
DELL,562.89,2026-10-02,6,Call,630.00,-11.92%,2.05,2.07,2.14,2609,241,10.83,61.02%,65.35%,0.097535,2026-09-25
PSKY,9.96,2026-10-09,13,Put,9.50,-4.62%,0.03,0.22,0.26,5010,465,10.77,59.30%,44.61%,-0.270468,2026-09-25
MSFT,516.17,2026-09-30,4,Put,505.00,-2.16%,1.8,1.99,2.07,1507,140,10.76,29.09%,27.98%,-0.219987,2026-09-25
XP,20.51,2026-10-02,6,Call,21.00,-2.39%,0.2,0.27,0.3,4641,437,10.62,59.28%,42.74%,0.343146,2026-09-25
BYND,8.35,2027-03-19,174,Put,4.00,-52.10%,0.29,0.39,0.45,1121,106,10.58,105.05%,112.10%,-0.086861,2026-09-25
ENPH,32.4,2026-10-02,6,Call,35.00,-8.02%,0.18,0.24,0.34,1438,136,10.57,68.16%,63.91%,0.185849,2026-09-25
CBRS,206.75,2026-10-02,6,Call,210.00,-1.57%,6.9,7.3,7.5,5471,518,10.56,77.85%,81.40%,0.463684,2026-09-25
MSTR,158.61,2026-10-02,6,Put,149.00,-6.06%,1.77,1.77,1.97,3442,328,10.49,68.11%,68.53%,-0.223071,2026-09-25
SAIL,20.64,2026-10-16,20,Put,20.00,-3.10%,0.85,0.95,1,2016,193,10.45,65.74%,65.18%,-0.384307,2026-09-25
INFQ,14.51,2026-11-20,55,Call,20.00,-37.84%,0.65,0.7,0.75,3078,297,10.36,88.27%,96.27%,0.255967,2026-09-25
LULU,101.3,2026-10-02,6,Put,102.00,+0.69%,2.44,2.9,3.2,1261,122,10.34,41.79%,47.82%,-0.52938,2026-09-25
RIOT,23,2026-11-20,55,Call,31.00,-34.78%,0.87,0.94,1.07,2004,194,10.33,83.66%,87.63%,0.245156,2026-09-25
LVS,38.99,2026-11-20,55,Put,35.00,-10.23%,0.76,0.87,0.91,2698,262,10.3,35.84%,40.58%,-0.21916,2026-09-25
HD,293.2,2026-10-02,6,Call,302.50,-3.17%,0.95,1.2,1.34,1162,113,10.28,28.14%,28.04%,0.198327,2026-09-25
MSFT,516.17,2026-10-09,13,Call,530.00,-2.68%,5.15,5.2,5.35,13154,1286,10.23,29.09%,26.87%,0.317785,2026-09-25
PYPL,55.04,2026-10-02,6,Call,59.00,-7.19%,0.5,0.53,0.55,2842,278,10.22,43.40%,64.14%,0.212364,2026-09-25
AMD,630.63,2026-10-02,6,Call,662.50,-5.05%,6.4,6.75,6.85,1501,149,10.07,55.27%,55.03%,0.256377,2026-09-25
AAPL,341.07,2026-09-28,2,Call,337.50,+1.05%,4,4.2,4.3,17419,1748,9.97,23.34%,17.65%,0.795853,2026-09-25
PYPL,55.04,2026-10-02,6,Call,58.00,-5.38%,0.6,0.65,0.71,4364,439,9.94,43.40%,60.33%,0.263479,2026-09-25
AMD,630.63,2026-09-28,2,Call,630.00,+0.10%,7.95,8,8.35,3404,344,9.9,55.27%,41.71%,0.52182,2026-09-25
GLXY,24.24,2026-10-02,6,Call,27.00,-11.39%,0.18,0.27,0.54,2184,221,9.88,84.11%,98.99%,0.217331,2026-09-25
TSLA,372.11,2026-09-28,2,Put,362.50,-2.58%,0.64,0.67,0.66,9049,919,9.85,41.62%,33.14%,-0.13857,2026-09-25
S,22.38,2026-10-02,6,Put,23.00,+2.77%,0.85,0.95,1.05,1014,104,9.75,48.76%,51.53%,-0.645858,2026-09-25
INTC,123,2026-09-28,2,Call,126.00,-2.44%,0.85,0.87,0.89,5469,562,9.73,69.11%,54.92%,0.28506,2026-09-25
TSLA,372.11,2026-09-28,2,Call,387.50,-4.14%,0.25,0.25,0.26,8430,866,9.73,41.62%,35.04%,0.061644,2026-09-25
QCOM,201.97,2026-10-16,20,Call,205.00,-1.50%,8,8.76,9.35,3342,344,9.72,51.15%,52.80%,0.479793,2026-09-25
TSLA,372.11,2026-09-28,2,Put,372.50,+0.10%,3.65,3.65,3.75,12677,1307,9.7,41.62%,32.18%,-0.509952,2026-09-25
IREN,44.13,2027-03-19,174,Put,45.00,+1.97%,10.05,10.2,10.4,5681,591,9.61,80.13%,84.65%,-0.38955,2026-09-25
BBD,3.41,2026-11-20,55,Call,4.00,-17.30%,0,0.11,0.15,3532,368,9.6,48.99%,47.12%,0.226496,2026-09-25
SMCI,43.26,2026-10-02,6,Put,45.00,+4.02%,2.69,2.75,2.77,1013,106,9.56,77.57%,77.12%,-0.634959,2026-09-25
MU,1082.28,2026-09-28,2,Call,"1,130.00",-4.41%,1.53,1.51,1.6,2444,260,9.4,61.47%,43.91%,0.095981,2026-09-25
META,751.66,2026-09-28,2,Call,745.00,+0.89%,11.2,11.2,11.45,1889,203,9.31,42.39%,33.63%,0.647261,2026-09-25
M,22.64,2026-10-02,6,Put,22.00,-2.83%,0.12,0.2,0.29,2484,268,9.27,38.82%,39.95%,-0.278417,2026-09-25
COIN,195.11,2026-10-02,6,Call,212.50,-8.91%,1.59,1.7,1.77,11978,1300,9.21,65.46%,69.85%,0.183658,2026-09-25
AMZN,249.67,2026-09-30,4,Put,265.00,+6.14%,14,15.07,16.55,972,106,9.17,33.65%,27.48%,-0.988029,2026-09-25
AXTI,78.94,2026-10-02,6,Put,69.00,-12.59%,0.4,0.84,0.9,1061,116,9.15,111.69%,97.22%,-0.12574,2026-09-25
GOOGL,343.92,2026-09-28,2,Put,342.50,-0.41%,1.83,1.94,1.96,2432,266,9.14,32.86%,25.34%,-0.405596,2026-09-25
META,751.66,2026-10-02,6,Call,785.00,-4.44%,6.15,6.2,6.25,3198,350,9.14,42.39%,46.03%,0.243228,2026-09-25
META,751.66,2026-09-28,2,Call,760.00,-1.11%,4.3,4.4,4.4,9644,1065,9.06,42.39%,34.81%,0.341716,2026-09-25
XYZ,76.42,2026-10-02,6,Call,84.00,-9.92%,0.04,0.1,0.14,915,101,9.06,43.77%,44.00%,0.050846,2026-09-25
AAPL,341.07,2026-09-28,2,Call,342.50,-0.42%,1.16,1.21,1.22,24153,2681,9.01,23.34%,17.73%,0.383107,2026-09-25
MU,1082.28,2026-09-28,2,Put,"1,070.00",-1.13%,8.1,8.34,8.4,4000,445,8.99,61.47%,42.77%,-0.351213,2026-09-25
WULF,15.74,2026-10-02,6,Call,15.50,+1.52%,0.75,0.77,0.78,2772,309,8.97,83.50%,82.91%,0.568592,2026-09-25
INTC,123,2026-09-30,4,Call,123.00,0.00%,3.3,3.36,3.45,5769,644,8.96,69.11%,65.27%,0.515832,2026-09-25
MSFT,516.17,2026-09-30,4,Call,525.00,-1.71%,2.65,2.75,2.82,2152,241,8.93,29.09%,28.11%,0.291165,2026-09-25
RDDT,149.84,2026-10-02,6,Put,143.00,-4.56%,1.4,1.54,1.79,2835,318,8.92,61.97%,55.78%,-0.242901,2026-09-25
BLK,1086.31,2026-10-16,20,Call,"1,100.00",-1.26%,30.4,28.2,32.8,936,105,8.91,33.16%,36.87%,0.463394,2026-09-25
TSLA,372.11,2026-09-28,2,Call,382.50,-2.79%,0.61,0.62,0.63,12844,1453,8.84,41.62%,33.18%,0.135561,2026-09-25
XYZ,76.42,2026-10-02,6,Call,77.00,-0.76%,1.3,1.42,1.6,1183,134,8.83,43.77%,43.41%,0.461534,2026-09-25
META,751.66,2026-09-28,2,Put,750.00,-0.22%,6.8,7,6.95,10858,1231,8.82,42.39%,34.90%,-0.458262,2026-09-25
WY,20.01,2026-10-16,20,Put,19.00,-5.05%,0,0.15,0.25,1188,135,8.8,27.64%,25.57%,-0.185434,2026-09-25
MSTR,158.61,2026-10-02,6,Call,170.00,-7.18%,2.16,2.2,2.21,51657,5891,8.77,68.11%,74.79%,0.251833,2026-09-25
MU,1082.28,2026-09-28,2,Call,"1,120.00",-3.49%,2.48,2.48,2.59,4232,484,8.74,61.47%,42.91%,0.145429,2026-09-25
AVGO,352.81,2026-09-28,2,Put,352.50,-0.09%,2.45,2.56,2.65,1851,212,8.73,35.54%,26.20%,-0.475166,2026-09-25
MSTR,158.61,2026-10-09,13,Call,165.00,-4.03%,5.4,5.6,5.7,4050,464,8.73,68.11%,67.98%,0.407883,2026-09-25
CRCL,89,2026-10-02,6,Call,93.00,-4.49%,1.86,1.92,2,6374,731,8.72,73.50%,76.52%,0.347312,2026-09-25
BTDR,11.51,2026-10-09,13,Put,10.50,-8.77%,0.3,0.33,0.35,1472,170,8.66,95.54%,87.66%,-0.259394,2026-09-25
MU,1082.28,2026-09-28,2,Call,"1,135.00",-4.87%,1.19,1.19,1.27,2272,264,8.61,61.47%,44.48%,0.077559,2026-09-25
BMNR,27.56,2026-10-02,6,Put,27.50,-0.22%,1.01,1.03,1.06,1401,163,8.6,75.78%,76.19%,-0.469603,2026-09-25
NET,349.02,2026-10-02,6,Call,380.00,-8.88%,1.79,2,3.05,996,116,8.59,62.96%,64.59%,0.164055,2026-09-25
PG,146.23,2026-10-02,6,Call,146.00,+0.16%,1.4,1.59,1.64,1030,120,8.58,19.99%,18.61%,0.53341,2026-09-25
PGR,205.5,2026-12-18,83,Put,180.00,-12.41%,1.7,2.7,2.75,1192,139,8.58,28.21%,29.38%,-0.142265,2026-09-25
AMD,630.63,2026-09-28,2,Put,620.00,-1.69%,3.65,3.63,3.9,3050,356,8.57,55.27%,43.50%,-0.291195,2026-09-25
CRCL,89,2026-10-02,6,Call,91.00,-2.25%,2.49,2.47,2.65,1221,144,8.48,73.50%,75.10%,0.430124,2026-09-25
UBER,69.62,2026-10-16,20,Put,69.00,-0.89%,1.68,1.73,1.79,2360,279,8.46,35.42%,32.30%,-0.429257,2026-09-25
INTC,123,2026-09-28,2,Put,118.00,-4.07%,0.35,0.35,0.37,3183,377,8.44,69.11%,53.53%,-0.14195,2026-09-25
IOT,37.96,2026-12-18,83,Call,38.00,-0.11%,4.3,5.2,5.5,867,103,8.42,53.48%,66.27%,0.572754,2026-09-25
WIX,73.79,2026-10-16,20,Call,95.00,-28.74%,0.4,0.4,0.7,1174,140,8.39,74.70%,76.53%,0.095291,2026-09-25
INTC,123,2026-09-28,2,Call,127.00,-3.25%,0.62,0.64,0.67,10033,1199,8.37,69.11%,55.48%,0.225377,2026-09-25
PPLI,40,2026-10-16,20,Call,40.00,0.00%,1.75,1.75,1.95,3958,474,8.35,41.97%,48.46%,0.530094,2026-09-25
DAL,84.94,2026-10-02,6,Call,87.00,-2.43%,1.02,1.16,1.25,6223,747,8.33,44.86%,45.12%,0.35297,2026-09-25
CBRS,206.75,2026-10-02,6,Call,230.00,-11.25%,2.2,2.4,2.4,2134,257,8.3,77.85%,88.04%,0.188869,2026-09-25
MSFT,516.17,2026-09-28,2,Call,512.50,+0.71%,5.7,5.92,6.05,3645,440,8.28,29.09%,24.33%,0.660878,2026-09-25
AAPL,341.07,2026-09-28,2,Put,345.00,+1.15%,4.3,4.3,4.65,844,102,8.27,23.34%,19.30%,-0.785141,2026-09-25
META,751.66,2026-10-02,6,Call,815.00,-8.43%,2.13,2.19,2.21,2226,271,8.21,42.39%,48.01%,0.101307,2026-09-25
ABNB,157.47,2026-10-16,20,Put,152.50,-3.16%,2.7,2.97,3.2,1173,143,8.2,39.68%,35.69%,-0.32743,2026-09-25
INTC,123,2026-09-28,2,Call,125.00,-1.63%,1.13,1.15,1.18,12933,1579,8.19,69.11%,54.33%,0.353336,2026-09-25
FCEL,16.49,2026-10-16,20,Call,18.00,-9.16%,0.65,0.9,1,3156,386,8.18,94.07%,89.93%,0.381739,2026-09-25
KEYS,362.15,2026-11-20,55,Call,360.00,+0.59%,24.4,26.05,27.7,1019,125,8.15,39.74%,42.80%,0.561632,2026-09-25
NVDA,225.07,2026-10-02,6,Call,232.50,-3.30%,0.99,0.99,1.01,49711,6132,8.11,33.63%,29.96%,0.208504,2026-09-25
BE,288.7,2026-10-02,6,Call,330.00,-14.31%,1.87,1.9,1.95,2430,301,8.07,82.56%,86.39%,0.125867,2026-09-25
CMCSA,21.91,2026-10-02,6,Call,22.50,-2.69%,0.14,0.15,0.18,1451,181,8.02,35.01%,34.12%,0.276685,2026-09-25
BMNR,27.56,2026-10-02,6,Call,29.50,-7.04%,0.42,0.45,0.47,2639,330,8,75.78%,79.70%,0.271365,2026-09-25
NVDA,225.07,2026-09-28,2,Put,225.00,-0.03%,1.6,1.6,1.63,20976,2626,7.99,33.63%,25.11%,-0.486338,2026-09-25
RIOT,23,2026-10-02,6,Call,24.50,-6.52%,0.42,0.43,0.46,2785,350,7.96,83.66%,83.57%,0.297985,2026-09-25
META,751.66,2026-09-28,2,Put,732.50,-2.55%,1.66,1.7,1.74,1445,182,7.94,42.39%,35.82%,-0.160122,2026-09-25
NBIS,237.33,2026-10-02,6,Call,217.50,+8.36%,21.35,22.38,23.4,875,111,7.88,79.25%,78.47%,0.822271,2026-09-25
XENE,36.94,2027-01-15,111,Call,40.00,-8.28%,2,3.22,4.8,2508,320,7.84,54.16%,54.51%,0.471245,2026-09-25
COST,922.77,2026-10-02,6,Call,925.00,-0.24%,9.05,9.44,10,830,106,7.83,19.99%,21.96%,0.478872,2026-09-25
AMZN,249.67,2026-09-28,2,Call,250.00,-0.13%,1.59,1.6,1.74,22885,2941,7.78,33.65%,24.40%,0.479142,2026-09-25
MSFT,516.17,2026-09-30,4,Call,512.50,+0.71%,7.9,8.24,8.5,2133,274,7.78,29.09%,28.33%,0.605319,2026-09-25
CAPR,8.36,2026-10-02,6,Call,10.00,-19.62%,0,0.2,0.45,2152,277,7.77,211.55%,168.25%,0.235869,2026-09-25
META,751.66,2026-10-09,13,Put,750.00,-0.22%,21.65,21.94,22.3,3662,472,7.76,42.39%,41.09%,-0.467959,2026-09-25
MGM,32.58,2026-12-18,83,Put,30.00,-7.92%,1.05,1.08,1.45,2392,309,7.74,37.96%,40.58%,-0.28727,2026-09-25
DKNG,22.02,2026-10-02,6,Put,22.50,+2.18%,0.75,0.96,1.05,2055,266,7.73,55.97%,56.16%,-0.601496,2026-09-25
INTC,123,2026-09-28,2,Put,123.00,0.00%,1.9,1.95,1.97,4730,613,7.72,69.11%,53.57%,-0.490518,2026-09-25
CIFR,17.73,2026-10-02,6,Call,21.00,-18.44%,0.16,0.19,0.19,11002,1426,7.72,98.16%,114.29%,0.140617,2026-09-25
AMZN,249.67,2026-09-30,4,Call,252.50,-1.13%,1.81,1.83,1.86,10646,1382,7.7,33.65%,28.64%,0.364354,2026-09-25
CBRS,206.75,2026-10-02,6,Call,215.00,-3.99%,5.2,5.4,5.7,1610,210,7.67,77.85%,82.83%,0.378521,2026-09-25
MU,1082.28,2026-09-28,2,Call,"1,095.00",-1.18%,7.9,8.1,8.2,3414,445,7.67,61.47%,41.62%,0.360508,2026-09-25
IONQ,45.48,2026-10-02,6,Call,46.50,-2.24%,1.36,1.48,1.48,880,115,7.65,75.87%,79.72%,0.436564,2026-09-25
META,751.66,2026-09-28,2,Put,715.00,-4.88%,0.34,0.33,0.38,4303,563,7.64,42.39%,39.16%,-0.040418,2026-09-25
AAPL,341.07,2026-09-28,2,Call,345.00,-1.15%,0.5,0.54,0.59,22646,2963,7.64,23.34%,18.53%,0.207775,2026-09-25
CVNA,65.06,2026-10-02,6,Call,65.00,+0.09%,1.93,2,2.13,1590,209,7.61,63.34%,59.53%,0.523377,2026-09-25
VZ,47.08,2026-10-16,20,Call,49.50,-5.14%,0.07,0.12,0.14,4676,615,7.6,23.84%,17.73%,0.112678,2026-09-25
MU,1082.28,2026-09-28,2,Call,"1,080.00",+0.21%,14.2,14.28,14.75,7543,993,7.6,61.47%,41.30%,0.536312,2026-09-25
INTC,123,2026-09-28,2,Put,121.00,-1.63%,1.04,1.09,1.09,3135,416,7.54,69.11%,52.96%,-0.329208,2026-09-25
MSFT,516.17,2026-09-30,4,Call,527.50,-2.20%,2.08,2.28,2.28,1032,137,7.53,29.09%,28.60%,0.242329,2026-09-25
BMNR,27.56,2026-10-02,6,Put,27.00,-2.03%,0.77,0.79,0.82,7905,1050,7.53,75.78%,75.86%,-0.39548,2026-09-25
META,751.66,2026-09-30,4,Call,760.00,-1.11%,9.85,9.9,10,2300,306,7.52,42.39%,43.00%,0.415303,2026-09-25
TSLA,372.11,2026-09-30,4,Put,372.50,+0.10%,5.95,6.05,6.15,6521,870,7.5,41.62%,38.11%,-0.499151,2026-09-25
GOOGL,343.92,2026-09-28,2,Put,337.50,-1.87%,0.55,0.57,0.59,2794,373,7.49,32.86%,26.19%,-0.160834,2026-09-25
AAPL,341.07,2026-09-28,2,Call,340.00,+0.31%,2.33,2.41,2.5,24923,3336,7.47,23.34%,17.80%,0.60255,2026-09-25
SCCO,203.92,2026-10-02,6,Call,210.00,-2.98%,2.3,2.4,3.8,1043,140,7.45,47.54%,52.44%,0.344786,2026-09-25
MU,1082.28,2026-10-16,20,Call,"2,340.00",-116.21%,0.01,0.1,0.18,808,109,7.41,61.47%,105.08%,0.001341,2026-09-25
U,41.55,2026-10-02,6,Call,42.00,-1.08%,1.01,1.11,1.3,2184,295,7.4,62.29%,63.51%,0.466624,2026-09-25
MRNA,198.88,2026-10-02,6,Put,180.00,-9.49%,1.68,1.93,1.91,2128,288,7.39,89.70%,81.85%,-0.156583,2026-09-25
META,751.66,2026-09-28,2,Put,747.50,-0.55%,5.8,5.9,5.85,4569,620,7.37,42.39%,35.17%,-0.408029,2026-09-25
LITE,941.65,2026-10-02,6,Call,970.00,-3.01%,22.5,22.9,23.2,1250,170,7.35,73.00%,71.61%,0.393472,2026-09-25
AMD,630.63,2026-10-02,6,Call,645.00,-2.28%,11.35,11.93,12,1965,268,7.33,55.27%,54.56%,0.390502,2026-09-25
TSLA,372.11,2026-09-30,4,Put,360.00,-3.25%,1.68,1.68,1.72,8420,1150,7.32,41.62%,38.69%,-0.198622,2026-09-25
AMD,630.63,2026-10-09,13,Put,625.00,-0.89%,20.65,21.15,21.6,868,119,7.29,55.27%,51.22%,-0.439342,2026-09-25
MSFT,516.17,2026-09-30,4,Call,530.00,-2.68%,1.49,1.69,1.75,2480,340,7.29,29.09%,28.36%,0.193726,2026-09-25
FUN,12.32,2029-01-19,846,Call,5.00,+59.42%,7.6,8.5,9.4,3333,457,7.29,69.11%,116.08%,0.859323,2026-09-25
UPST,23.81,2026-10-02,6,Put,24.50,+2.90%,1.02,1.1,1.13,1253,172,7.28,67.59%,55.40%,-0.640851,2026-09-25
GOOGL,343.92,2026-09-28,2,Call,345.00,-0.31%,2.02,2.05,2.09,7811,1075,7.27,32.86%,24.86%,0.440229,2026-09-25
HOOD,119.4,2026-10-02,6,Call,126.00,-5.53%,1.59,1.66,1.76,6028,830,7.26,62.13%,66.09%,0.279243,2026-09-25
NLY,20.61,2026-10-16,20,Call,21.00,-1.89%,0.06,0.12,0.11,7067,973,7.26,24.50%,13.35%,0.233602,2026-09-25
AMD,630.63,2026-09-30,4,Put,625.00,-0.89%,10.6,10.55,11.1,944,130,7.26,55.27%,51.82%,-0.421138,2026-09-25
EOSE,3.16,2027-02-19,146,Call,3.00,+5.06%,0.82,0.95,0.98,1000,138,7.25,102.29%,104.02%,0.668513,2026-09-25
AMD,630.63,2026-09-28,2,Call,632.50,-0.30%,6.8,7.05,7.15,2812,388,7.25,55.27%,41.89%,0.470857,2026-09-25
HD,293.2,2026-10-02,6,Call,307.50,-4.88%,0.08,0.61,0.8,730,101,7.23,28.14%,27.57%,0.092379,2026-09-25
MU,1082.28,2026-10-02,6,Call,"1,430.00",-32.13%,0.81,0.89,0.95,1613,223,7.23,61.47%,100.44%,0.018134,2026-09-25
MU,1082.28,2026-09-28,2,Call,"1,140.00",-5.33%,0.95,0.92,1,1879,260,7.23,61.47%,45.16%,0.062854,2026-09-25
GOOG,341.08,2026-10-02,6,Call,382.50,-12.14%,0.18,0.19,0.2,2327,322,7.23,32.55%,45.05%,0.025891,2026-09-25
GLND,5.54,2026-10-16,20,Call,7.00,-26.35%,0.4,0.45,0.55,4644,642,7.23,176.06%,180.31%,0.367594,2026-09-25
MSFT,516.17,2026-09-30,4,Call,535.00,-3.65%,0.96,1.03,1.05,1169,162,7.22,29.09%,29.46%,0.128122,2026-09-25
VST,138.46,2026-10-16,20,Call,150.00,-8.33%,1.86,1.89,1.99,14104,1958,7.2,44.31%,44.16%,0.24006,2026-09-25
VG,12.62,2026-10-02,6,Call,13.00,-3.01%,0.25,0.29,0.3,2361,329,7.18,62.15%,66.73%,0.382405,2026-09-25
TSLA,372.11,2026-10-05,9,Call,375.00,-0.78%,8.1,8.2,8.25,839,117,7.17,41.62%,40.14%,0.469694,2026-09-25
TSLA,372.11,2026-09-28,2,Call,365.00,+1.91%,7.95,8.1,8.5,3691,515,7.17,41.62%,32.39%,0.795463,2026-09-25
MET,97.7,2026-12-18,83,Put,85.00,-13.00%,0.8,1.1,1.35,2485,347,7.16,26.40%,29.91%,-0.141544,2026-09-25
SANM,224.77,2026-10-16,20,Put,220.00,-2.12%,9.5,10.6,10.6,907,127,7.14,67.38%,60.16%,-0.407101,2026-09-25
IOVA,11,2026-10-02,6,Call,11.50,-4.55%,0.2,0.29,0.4,1074,152,7.07,93.92%,88.52%,0.370946,2026-09-25
TSLA,372.11,2026-09-28,2,Put,365.00,-1.91%,1.03,1.06,1.06,15179,2148,7.07,41.62%,32.48%,-0.205379,2026-09-25
FLY,24.36,2026-10-02,6,Call,27.00,-10.84%,0.2,0.4,0.45,1112,158,7.04,87.22%,92.31%,0.210421,2026-09-25
VTGN,0.273,2027-05-21,237,Put,0.5000,+83.15%,0.2,0.3,0.45,703,100,7.03,202.31%,180.71%,-0.379008,2026-09-25
BA,198.07,2026-10-09,13,Call,202.50,-2.24%,2.8,2.86,3,818,117,6.99,32.57%,31.84%,0.366881,2026-09-25
MU,1082.28,2026-09-28,2,Call,"1,105.00",-2.10%,5.05,5.05,5.3,2619,375,6.98,61.47%,41.98%,0.258998,2026-09-25
MRK,148.78,2026-10-23,27,Call,160.00,-7.54%,0.97,1.07,1.16,767,110,6.97,31.56%,27.72%,0.180872,2026-09-25
AMD,630.63,2026-09-28,2,Call,665.00,-5.45%,0.56,0.73,0.67,1385,199,6.96,55.27%,46.72%,0.065367,2026-09-25
GOOGL,343.92,2026-10-02,6,Call,357.50,-3.95%,1.35,1.45,1.44,4885,703,6.95,32.86%,32.23%,0.18348,2026-09-25
NVDA,225.07,2026-11-06,41,Put,205.00,-8.92%,2.64,2.68,2.78,707,102,6.93,33.63%,34.17%,-0.18304,2026-09-25
MU,1082.28,2026-12-18,83,Put,"1,080.00",-0.21%,111.4,114.76,116.3,1647,238,6.92,61.47%,58.29%,-0.432509,2026-09-25
NVDA,225.07,2026-09-30,4,Call,222.50,+1.14%,4.35,4.5,4.45,10481,1515,6.92,33.63%,30.83%,0.649371,2026-09-25
MU,1082.28,2026-09-28,2,Call,"1,145.00",-5.80%,0.74,0.8,0.8,1361,197,6.91,61.47%,45.81%,0.050703,2026-09-25
QCOM,201.97,2026-10-02,6,Call,207.50,-2.74%,3.1,3.56,3.65,1415,205,6.9,51.15%,54.40%,0.363973,2026-09-25
KOD,32.35,2026-12-18,83,Call,65.00,-100.93%,4.8,4.85,5,1498,217,6.9,219.95%,187.88%,0.374172,2026-09-25
XRX,3.32,2027-12-17,447,Put,1.00,-69.88%,0,0.25,0.25,8375,1216,6.89,82.48%,101.23%,-0.048461,2026-09-25
AAOI,101.4,2026-10-23,27,Put,80.00,-21.10%,1.2,1.45,1.75,1046,152,6.88,91.20%,82.62%,-0.119228,2026-09-25
TDOC,6.09,2026-10-23,27,Put,5.50,-9.69%,0.06,0.12,0.15,1175,171,6.87,55.47%,51.13%,-0.205944,2026-09-25
INTC,123,2026-09-30,4,Call,124.00,-0.81%,2.87,2.95,2.99,2918,427,6.83,69.11%,65.66%,0.468934,2026-09-25
SNOW,335.94,2026-10-02,6,Put,305.00,-9.21%,0.68,0.68,0.8,687,101,6.8,47.97%,52.92%,-0.071213,2026-09-25
META,751.66,2026-09-30,4,Put,710.00,-5.54%,1.86,1.88,1.91,1157,171,6.77,42.39%,45.18%,-0.10803,2026-09-25
SHOP,142.25,2026-10-02,6,Put,140.00,-1.58%,2.22,3.1,3.1,1285,190,6.76,59.40%,51.41%,-0.38858,2026-09-25
RIOT,23,2026-10-02,6,Put,22.50,-2.17%,0.63,0.72,0.77,3945,589,6.7,83.66%,80.34%,-0.393534,2026-09-25
MU,1082.28,2026-09-28,2,Call,"1,115.00",-3.02%,3.15,3.15,3.3,1466,219,6.69,61.47%,42.51%,0.17769,2026-09-25
KSS,17.9,2026-10-16,20,Call,17.50,+2.23%,1.01,0.99,1.16,679,102,6.66,58.05%,52.43%,0.598038,2026-09-25
AAPL,341.07,2026-09-30,4,Put,337.50,-1.05%,1.6,1.65,1.73,1910,287,6.66,23.34%,22.41%,-0.31749,2026-09-25
AVGO,352.81,2026-10-02,6,Call,402.50,-14.08%,0.05,0.11,0.14,764,115,6.64,35.54%,45.61%,0.013389,2026-09-25
CLSK,13.95,2026-10-02,6,Call,14.00,-0.36%,0.54,0.56,0.59,5207,784,6.64,81.45%,81.95%,0.509797,2026-09-25
META,751.66,2026-10-02,6,Call,760.00,-1.11%,13.4,13.41,13.7,4222,641,6.59,42.39%,44.53%,0.438649,2026-09-25
MRNA,198.88,2026-10-02,6,Call,220.00,-10.62%,2.33,2.58,2.62,2741,416,6.59,89.70%,88.82%,0.205017,2026-09-25
DKNG,22.02,2026-10-02,6,Call,21.50,+2.36%,0.72,1,1.18,2159,328,6.58,55.97%,58.30%,0.642704,2026-09-25
MSFT,516.17,2026-09-28,2,Put,500.00,-3.13%,0.26,0.26,0.28,4841,736,6.58,29.09%,27.79%,-0.058765,2026-09-25
LESL,0.2923,2026-10-16,20,Call,0.5000,-71.06%,0.05,0.1,0.1,2198,335,6.56,465.72%,456.30%,0.513309,2026-09-25
MSTR,158.61,2026-10-09,13,Call,100.00,+36.95%,58.15,59.62,59.6,700,107,6.54,68.11%,111.14%,0.989568,2026-09-25
ONON,29.96,2026-10-16,20,Put,28.00,-6.54%,0.27,0.3,0.55,1073,164,6.54,46.54%,42.44%,-0.226734,2026-09-25
TSLA,372.11,2026-09-30,4,Call,390.00,-4.81%,1.03,1.06,1.06,6831,1049,6.51,41.62%,39.70%,0.135923,2026-09-25
LCID,4.07,2026-10-16,20,Call,4.50,-10.57%,0.16,0.17,0.19,1242,192,6.47,89.29%,86.60%,0.350609,2026-09-25
ECL,279.49,2026-10-16,20,Put,270.00,-3.40%,2.1,2.49,2.8,937,145,6.46,24.00%,24.08%,-0.252823,2026-09-25
LITE,941.65,2026-10-02,6,Call,"1,000.00",-6.20%,14,14.2,14.3,4218,654,6.45,73.00%,72.28%,0.275727,2026-09-25
TSLA,372.11,2026-09-28,2,Put,352.50,-5.27%,0.16,0.17,0.18,2180,340,6.41,41.62%,41.42%,-0.036923,2026-09-25
MSFT,516.17,2026-09-30,4,Call,522.50,-1.23%,3.45,3.45,3.75,691,108,6.4,29.09%,28.57%,0.351583,2026-09-25
LPG,53.43,2026-10-16,20,Call,57.50,-7.62%,0.35,0.65,1.4,1003,157,6.39,41.70%,47.66%,0.257777,2026-09-25
AXP,308.89,2028-01-21,482,Put,280.00,-9.35%,21.5,22.01,23.3,854,134,6.37,26.90%,29.62%,-0.288898,2026-09-25
CVNA,65.06,2026-10-02,6,Call,68.00,-4.52%,0.75,0.8,0.92,936,147,6.37,63.34%,57.37%,0.289258,2026-09-25
CLF,12.18,2026-10-16,20,Put,11.50,-5.58%,0.33,0.4,0.6,2353,370,6.36,64.98%,69.00%,-0.328938,2026-09-25
NEE,76.08,2027-01-15,111,Put,67.50,-11.28%,0.67,0.98,1.02,3000,472,6.36,22.99%,23.45%,-0.154878,2026-09-25
KBH,48.01,2027-03-19,174,Call,60.00,-24.97%,1.2,1.35,1.45,1022,161,6.35,34.09%,35.01%,0.221593,2026-09-25
BTBT,1.76,2026-10-23,27,Call,2.0000,-13.64%,0.07,0.1,0.12,4124,652,6.33,97.02%,93.44%,0.357659,2026-09-25
MSFT,516.17,2026-09-30,4,Call,517.50,-0.26%,5.3,5.5,5.8,1642,260,6.32,29.09%,28.30%,0.475938,2026-09-25
MU,1082.28,2026-09-28,2,Call,"1,125.00",-3.95%,1.95,2.02,2.04,3363,535,6.29,61.47%,43.40%,0.118504,2026-09-25
CVNA,65.06,2026-10-02,6,Call,64.00,+1.63%,2.47,2.55,2.81,798,127,6.28,63.34%,61.92%,0.600521,2026-09-25
UBER,69.62,2026-10-16,20,Call,69.00,+0.89%,2.44,2.46,2.58,2192,349,6.28,35.42%,32.56%,0.572788,2026-09-25
CIFR,17.73,2026-10-16,20,Call,20.50,-15.62%,0.69,0.72,0.79,884,141,6.27,98.16%,100.29%,0.311361,2026-09-25
MU,1082.28,2026-09-28,2,Put,"1,060.00",-2.06%,5.1,5.33,5.35,2321,370,6.27,61.47%,43.05%,-0.249954,2026-09-25
KR,58.74,2026-10-16,20,Put,59.00,+0.44%,1.13,1.67,1.56,788,126,6.25,26.71%,22.40%,-0.518553,2026-09-25
MARA,12.55,2026-10-09,13,Put,12.00,-4.38%,0.46,0.47,0.49,4539,726,6.25,82.53%,78.32%,-0.350108,2026-09-25
MSFT,516.17,2026-09-30,4,Call,520.00,-0.74%,4.3,4.47,4.55,3792,609,6.23,29.09%,28.09%,0.41101,2026-09-25
GEMI,5.54,2026-10-02,6,Call,5.50,+0.72%,0.25,0.33,0.4,1136,183,6.21,101.56%,107.35%,0.550181,2026-09-25
META,751.66,2026-09-28,2,Put,720.00,-4.21%,0.57,0.57,0.59,2910,469,6.2,42.39%,38.33%,-0.062086,2026-09-25
BMNR,27.56,2026-10-02,6,Put,26.00,-5.66%,0.4,0.43,0.43,4594,741,6.2,75.78%,74.07%,-0.252434,2026-09-25
MSFT,516.17,2026-09-30,4,Put,500.00,-3.13%,1.07,1.07,1.2,2298,372,6.18,29.09%,28.90%,-0.140599,2026-09-25
ATEN,25.73,2026-10-16,20,Call,30.00,-16.60%,0.2,0.23,0.25,1443,234,6.17,49.74%,56.26%,0.138265,2026-09-25
INTC,123,2026-09-28,2,Put,124.00,+0.81%,2.46,2.5,2.54,4353,707,6.16,69.11%,54.08%,-0.570873,2026-09-25
RKT,12.17,2026-10-09,13,Call,12.50,-2.71%,0.35,0.39,0.43,7326,1191,6.15,60.07%,57.33%,0.42842,2026-09-25
NVO,38.8,2026-10-02,6,Call,38.50,+0.77%,0.76,0.78,0.83,953,155,6.15,33.28%,32.12%,0.582225,2026-09-25
PCG,12.34,2026-10-16,20,Call,12.50,-1.30%,0.32,0.36,0.38,1537,252,6.1,43.77%,36.12%,0.461624,2026-09-25
LITE,941.65,2026-10-02,6,Call,990.00,-5.13%,16.4,16.5,16.7,664,109,6.09,73.00%,71.75%,0.311551,2026-09-25
RL,357.1,2026-10-16,20,Call,360.00,-0.81%,9.2,9.6,10.7,718,118,6.08,35.62%,33.16%,0.481444,2026-09-25
SIRI,25.85,2026-10-16,20,Put,24.00,-7.16%,0.19,0.2,0.45,730,120,6.08,33.97%,42.17%,-0.210705,2026-09-25
SMCI,43.26,2026-10-09,13,Call,43.50,-0.55%,2.27,2.29,2.33,943,155,6.08,77.57%,73.25%,0.515601,2026-09-25
DHR,224.49,2026-10-02,6,Put,215.00,-4.23%,0.35,1.12,1.4,1083,178,6.08,33.88%,35.16%,-0.160779,2026-09-25
AMZN,249.67,2026-09-28,2,Call,247.50,+0.87%,2.92,3.05,3.15,8409,1384,6.08,33.65%,23.12%,0.702334,2026-09-25
TSLA,372.11,2026-09-30,4,Put,365.00,-1.91%,2.91,2.95,2.96,4819,794,6.07,41.62%,38.09%,-0.303925,2026-09-25
DVN,47.05,2026-10-02,6,Put,47.50,+0.96%,0.89,0.94,1.12,756,125,6.05,37.17%,31.61%,-0.583349,2026-09-25
ORCL,137.1,2026-10-02,6,Put,121.00,-11.74%,0.1,0.13,0.15,1010,167,6.05,50.70%,54.06%,-0.032713,2026-09-25
LESL,0.2923,2027-05-21,237,Put,0.5000,+71.06%,0.4,0.42,0.45,1627,269,6.05,465.72%,336.65%,-0.125884,2026-09-25
GM,82.63,2026-10-02,6,Call,84.00,-1.66%,0.79,0.85,0.98,973,161,6.04,35.43%,34.13%,0.365878,2026-09-25
CRDO,210.97,2026-10-02,6,Call,230.00,-9.02%,3,3.2,3.5,742,123,6.03,77.79%,88.58%,0.242546,2026-09-25
NVDA,225.07,2026-09-30,4,Put,225.00,-0.03%,2.73,2.78,2.75,6704,1116,6.01,33.63%,29.93%,-0.485949,2026-09-25
RDDT,149.84,2026-10-02,6,Call,162.50,-8.45%,0.84,0.92,1.04,1340,223,6.01,61.97%,60.54%,0.159153,2026-09-25
ZS,193.05,2026-10-02,6,Put,177.50,-8.05%,0.24,0.73,1,838,140,5.99,56.40%,52.46%,-0.098367,2026-09-25
MSFT,516.17,2026-10-02,6,Put,510.00,-1.20%,4.55,4.67,4.8,3003,501,5.99,29.09%,28.38%,-0.359045,2026-09-25
BABA,109.74,2026-10-02,6,Put,108.00,-1.59%,1.15,1.2,1.2,3463,578,5.99,38.73%,34.54%,-0.350384,2026-09-25
AMD,630.63,2026-09-28,2,Put,617.50,-2.08%,2.98,2.98,3.2,788,132,5.97,55.27%,43.62%,-0.250235,2026-09-25
LLY,1183.46,2027-03-19,174,Put,730.00,-38.32%,3.8,5.3,7.55,601,101,5.95,35.92%,43.78%,-0.035703,2026-09-25
NRG,100.37,2026-12-18,83,Call,115.00,-14.58%,4.8,4.15,5.4,1000,168,5.95,51.16%,52.69%,0.344269,2026-09-25
META,751.66,2026-09-28,2,Call,805.00,-7.10%,0.1,0.12,0.14,2583,434,5.95,42.39%,42.06%,0.014634,2026-09-25
DKNG,22.02,2026-10-02,6,Call,21.00,+4.63%,1.18,1.35,1.34,1108,187,5.93,55.97%,55.37%,0.761968,2026-09-25
SNOW,335.94,2026-10-02,6,Call,345.00,-2.70%,4.75,5.05,5.35,1573,266,5.91,47.97%,50.39%,0.355776,2026-09-25
MSFT,516.17,2026-09-30,4,Call,550.00,-6.55%,0.24,0.27,0.28,654,111,5.89,29.09%,33.35%,0.036642,2026-09-25
SBUX,94.86,2026-10-02,6,Call,95.00,-0.15%,1.28,1.33,1.41,695,118,5.89,30.58%,28.93%,0.493641,2026-09-25
DELL,562.89,2026-10-02,6,Call,555.00,+1.40%,22.15,22.49,22.6,912,155,5.88,61.02%,62.92%,0.587942,2026-09-25
TSLA,372.11,2026-09-30,4,Call,380.00,-2.12%,2.91,2.92,2.96,10337,1757,5.88,41.62%,38.39%,0.311554,2026-09-25
BKNG,163.95,2026-10-02,6,Put,160.00,-2.41%,1.5,1.7,1.8,862,147,5.86,40.02%,39.54%,-0.303392,2026-09-25
ADBE,235.47,2026-10-02,6,Call,252.50,-7.23%,0.55,0.63,0.64,720,123,5.85,39.51%,41.59%,0.101884,2026-09-25
O,55.54,2026-10-16,20,Call,57.50,-3.53%,0.2,0.25,0.25,19004,3257,5.83,17.86%,16.33%,0.194649,2026-09-25
TWLO,275.8,2026-10-16,20,Put,250.00,-9.35%,4.1,5.06,5,646,111,5.82,65.29%,56.84%,-0.206411,2026-09-25
SOUN,6.05,2026-10-16,20,Put,5.50,-9.09%,0.07,0.1,0.12,1264,217,5.82,63.04%,54.68%,-0.205131,2026-09-25
DELL,562.89,2026-10-02,6,Put,565.00,+0.37%,18.45,18.55,19,784,135,5.81,61.02%,61.73%,-0.500795,2026-09-25
SNOW,335.94,2026-10-02,6,Call,355.00,-5.67%,2.4,2.43,2.65,1027,177,5.8,47.97%,50.78%,0.210283,2026-09-25
CMCSA,21.91,2027-09-17,356,Call,25.00,-14.10%,1.63,1.85,1.91,915,158,5.79,35.01%,35.53%,0.390391,2026-09-25
NRG,100.37,2026-10-16,20,Call,105.00,-4.61%,2.75,3.1,3.2,723,125,5.78,51.16%,51.26%,0.379133,2026-09-25
COIN,195.11,2026-10-16,20,Call,212.50,-8.91%,5.4,6.05,5.85,873,151,5.78,65.46%,64.70%,0.317727,2026-09-25
META,751.66,2026-09-28,2,Put,745.00,-0.89%,4.7,4.85,4.8,2877,498,5.78,42.39%,34.73%,-0.357277,2026-09-25
AMD,630.63,2026-09-28,2,Call,627.50,+0.50%,9.25,9.8,9.9,773,134,5.77,55.27%,42.19%,0.572132,2026-09-25
META,751.66,2026-10-09,13,Put,730.00,-2.88%,13,13.15,13.6,1835,319,5.75,42.39%,40.93%,-0.333077,2026-09-25
TSLA,372.11,2026-09-28,2,Put,360.00,-3.25%,0.41,0.41,0.43,11199,1950,5.74,41.62%,34.44%,-0.093726,2026-09-25
CRWD,252.13,2027-04-16,202,Put,150.00,-40.51%,4.65,5.03,5.7,1001,175,5.72,55.15%,62.03%,-0.080438,2026-09-25
NU,13.59,2026-10-23,27,Put,12.50,-8.02%,0.04,0.22,0.26,788,138,5.71,48.11%,37.80%,-0.186843,2026-09-25
META,751.66,2026-09-28,2,Call,770.00,-2.44%,2.04,2.09,2.1,7685,1346,5.71,42.39%,36.16%,0.189428,2026-09-25
MU,1082.28,2026-09-28,2,Call,"1,090.00",-0.71%,9.7,9.65,10.05,8472,1486,5.7,61.47%,41.43%,0.41698,2026-09-25
DELL,562.89,2026-10-02,6,Call,567.50,-0.82%,15.85,16.1,16.4,730,128,5.7,61.02%,62.96%,0.478556,2026-09-25
NVDA,225.07,2026-09-30,4,Call,232.50,-3.30%,0.52,0.52,0.54,14338,2520,5.69,33.63%,29.22%,0.150502,2026-09-25
ENPH,32.4,2026-10-02,6,Call,34.00,-4.94%,0.37,0.4,0.45,864,152,5.68,68.16%,59.45%,0.278946,2026-09-25
NFLX,71.14,2026-10-02,6,Call,69.00,+3.01%,2.45,2.7,2.8,1011,178,5.68,35.73%,34.44%,0.767321,2026-09-25
AFRM,71.52,2026-10-09,13,Put,60.00,-16.11%,0.01,0.13,0.28,768,136,5.65,57.93%,56.83%,-0.044279,2026-09-25
GM,82.63,2026-10-02,6,Put,84.00,+1.66%,2.14,2.21,2.75,767,136,5.64,35.43%,39.79%,-0.614017,2026-09-25
MU,1082.28,2026-09-28,2,Call,"1,110.00",-2.56%,4,4.1,4.2,4147,736,5.63,61.47%,42.23%,0.215679,2026-09-25
ORCL,137.1,2026-10-16,20,Put,134.00,-2.26%,4.75,4.75,4.95,1473,262,5.62,50.70%,50.23%,-0.396138,2026-09-25
INTC,123,2026-09-30,4,Call,126.00,-2.44%,2.12,2.14,2.2,3144,560,5.61,69.11%,66.12%,0.378993,2026-09-25
NVDA,225.07,2026-09-28,2,Put,222.50,-1.14%,0.75,0.74,0.76,24629,4426,5.56,33.63%,26.64%,-0.273997,2026-09-25
NVDA,225.07,2026-09-28,2,Call,225.00,+0.03%,1.7,1.72,1.72,61579,11074,5.56,33.63%,24.88%,0.514488,2026-09-25
SNPS,425.76,2026-11-20,55,Call,440.00,-3.34%,19.8,24.1,24.4,1037,187,5.55,44.81%,41.22%,0.464903,2026-09-25
MSFT,516.17,2026-10-02,6,Put,505.00,-2.16%,2.99,3.05,3.2,1733,312,5.55,29.09%,28.54%,-0.264742,2026-09-25
PHM,119.85,2026-10-16,20,Put,105.00,-12.39%,0.25,0.45,0.5,919,166,5.54,34.83%,40.38%,-0.071734,2026-09-25
ALAB,364.62,2026-10-16,20,Call,365.00,-0.10%,26.95,28.06,28.9,957,173,5.53,84.74%,81.60%,0.540307,2026-09-25
AMZN,249.67,2026-09-30,4,Call,245.00,+1.87%,5.75,4.75,6.8,1636,296,5.53,33.65%,32.56%,0.72025,2026-09-25
ANET,206.55,2026-10-02,6,Call,220.00,-6.51%,0.88,0.97,1.1,2251,407,5.53,49.04%,46.88%,0.15648,2026-09-25
QXO,12.43,2027-01-15,111,Call,16.00,-28.72%,0.55,0.65,0.75,1342,243,5.52,62.29%,60.84%,0.292204,2026-09-25
INTC,123,2026-10-23,27,Put,127.00,+3.25%,11.9,11.96,12.1,1402,254,5.52,69.11%,74.20%,-0.519215,2026-09-25
MU,1082.28,2026-10-02,6,Call,"1,440.00",-33.05%,0.74,0.8,0.87,568,103,5.51,61.47%,101.28%,0.016624,2026-09-25
PCG,12.34,2026-10-16,20,Call,13.50,-9.40%,0.07,0.1,0.14,3006,546,5.51,43.77%,39.19%,0.178607,2026-09-25
NVDA,225.07,2026-09-28,2,Call,222.50,+1.14%,3.3,3.25,3.4,10946,1985,5.51,33.63%,26.35%,0.728475,2026-09-25
MU,1082.28,2026-09-28,2,Call,"1,100.00",-1.64%,6.4,6.45,6.6,15993,2904,5.51,61.47%,41.84%,0.307752,2026-09-25
MU,1082.28,2026-09-28,2,Put,"1,075.00",-0.67%,9.9,10.3,10.4,2883,524,5.5,61.47%,42.59%,-0.406911,2026-09-25
VELO,11.29,2027-03-19,174,Call,20.00,-77.15%,0.8,1.35,1.75,1503,274,5.49,93.30%,102.87%,0.336554,2026-09-25
TSLA,372.11,2026-09-28,2,Put,347.50,-6.61%,0.12,0.12,0.14,1533,279,5.49,41.62%,47.99%,-0.025612,2026-09-25
INTC,123,2026-10-09,13,Put,115.00,-6.50%,2.58,2.57,2.66,2016,368,5.48,69.11%,64.85%,-0.267735,2026-09-25
TSLA,372.11,2026-09-28,2,Call,392.50,-5.48%,0.11,0.11,0.12,3849,703,5.48,41.62%,37.60%,0.029054,2026-09-25
INTC,123,2027-09-17,356,Call,125.00,-1.63%,32.55,34.9,35.3,865,158,5.47,69.11%,69.58%,0.643814,2026-09-25
PR,21.36,2026-10-16,20,Put,21.00,-1.69%,0.55,0.56,0.65,2031,375,5.42,40.17%,39.03%,-0.406043,2026-09-25
UEC,9.41,2026-10-02,6,Put,9.50,+0.96%,0.4,0.43,0.44,3194,590,5.41,69.00%,77.83%,-0.516159,2026-09-25
MBLY,8.03,2026-10-02,6,Call,8.00,+0.37%,0.15,0.24,0.35,1248,231,5.4,57.78%,56.63%,0.538506,2026-09-25
TSLA,372.11,2026-10-02,6,Put,372.50,+0.10%,8.6,8.69,8.75,4140,766,5.4,41.62%,45.10%,-0.49222,2026-09-25
AKAM,113.94,2026-10-02,6,Call,115.00,-0.93%,3.2,3.3,3.4,711,132,5.39,65.51%,64.48%,0.474897,2026-09-25
AAL,13.87,2026-10-30,34,Call,15.50,-11.75%,0.26,0.31,0.34,744,138,5.39,49.51%,49.49%,0.256175,2026-09-25
MU,1082.28,2026-09-28,2,Call,"1,170.00",-8.11%,0.28,0.28,0.32,1025,191,5.37,61.47%,50.80%,0.020278,2026-09-25
META,751.66,2026-09-28,2,Put,742.50,-1.22%,3.85,4,4.25,1553,289,5.37,42.39%,35.52%,-0.313455,2026-09-25
ABNB,157.47,2026-10-02,6,Call,162.50,-3.19%,1.01,1.35,1.41,563,105,5.36,39.68%,37.46%,0.268448,2026-09-25
AAPL,341.07,2026-09-28,2,Put,342.50,+0.42%,2.5,2.7,2.73,1279,239,5.35,23.34%,18.31%,-0.614769,2026-09-25
MU,1082.28,2026-09-28,2,Put,"1,095.00",+1.18%,20.35,20.38,21.3,736,138,5.33,61.47%,42.50%,-0.63723,2026-09-25
AAPL,341.07,2026-09-30,4,Put,340.00,-0.31%,2.35,2.55,2.64,1509,283,5.33,23.34%,21.47%,-0.434398,2026-09-25
SMCI,43.26,2026-10-16,20,Call,46.00,-6.33%,1.87,1.93,1.96,1810,340,5.32,77.57%,73.52%,0.398022,2026-09-25
DAL,84.94,2026-11-20,55,Call,100.00,-17.73%,0.95,1.15,1.2,1950,368,5.3,44.86%,39.27%,0.166947,2026-09-25
AVGO,352.81,2026-09-28,2,Call,357.50,-1.33%,1.02,1.09,1.12,2653,504,5.26,35.54%,26.66%,0.257626,2026-09-25
RBLX,46.44,2026-10-02,6,Call,52.00,-11.97%,0.16,0.21,0.27,667,127,5.25,67.43%,69.42%,0.111439,2026-09-25
BWXT,138.47,2026-10-16,20,Put,135.00,-2.51%,3.6,3.84,4,984,188,5.23,43.18%,42.68%,-0.37505,2026-09-25
AMD,630.63,2026-10-02,6,Call,635.00,-0.69%,15.25,15.76,15.7,1474,282,5.23,55.27%,53.74%,0.477468,2026-09-25
KO,87.81,2026-10-02,6,Call,87.00,+0.92%,1.25,1.37,1.44,1674,320,5.23,20.09%,19.40%,0.65334,2026-09-25
FLEX,114.68,2026-11-20,55,Call,120.00,-4.64%,9.3,11,12,3255,626,5.2,67.77%,71.00%,0.498026,2026-09-25
PURR,12.85,2026-10-02,6,Put,11.50,-10.51%,0.1,0.17,0.2,778,150,5.19,101.78%,96.42%,-0.167422,2026-09-25
S,22.38,2026-10-02,6,Call,24.00,-7.24%,0.1,0.16,0.2,1511,291,5.19,48.76%,56.25%,0.177663,2026-09-25
VOYG,31.35,2026-11-20,55,Call,45.00,-43.54%,0.6,0.8,1,1020,197,5.18,84.33%,82.49%,0.171058,2026-09-25
LRCX,315.21,2026-10-02,6,Put,285.00,-9.58%,1.13,1.19,1.3,1161,224,5.18,60.86%,63.01%,-0.097832,2026-09-25
PURR,12.85,2026-10-23,27,Put,13.50,+5.06%,1.7,1.8,2,745,144,5.17,101.78%,106.99%,-0.506807,2026-09-25
TSLA,372.11,2026-10-02,6,Call,402.50,-8.17%,1.16,1.18,1.2,2217,429,5.17,41.62%,48.15%,0.109261,2026-09-25
INTC,123,2026-09-30,4,Call,130.00,-5.69%,1.1,1.12,1.16,7855,1521,5.16,69.11%,67.86%,0.230145,2026-09-25
HL,18.19,2026-10-02,6,Call,18.50,-1.70%,0.38,0.41,0.45,2260,440,5.14,58.66%,58.80%,0.429278,2026-09-25
GOOGL,343.92,2026-09-28,2,Call,350.00,-1.77%,0.65,0.68,0.68,6344,1234,5.14,32.86%,25.92%,0.185821,2026-09-25
DELL,562.89,2026-12-18,83,Put,390.00,-30.71%,7.9,8.51,10.45,2340,458,5.11,61.02%,67.88%,-0.093686,2026-09-25
RDDT,149.84,2026-10-02,6,Call,160.00,-6.78%,1.2,1.29,1.43,3403,667,5.1,61.97%,59.88%,0.209551,2026-09-25
TSLA,372.11,2026-11-20,55,Put,175.00,-52.97%,0.24,0.21,0.27,3105,610,5.09,41.62%,83.20%,-0.005963,2026-09-25
AAPL,341.07,2026-10-02,6,Call,347.50,-1.89%,1.45,1.52,1.69,8129,1596,5.09,23.34%,22.28%,0.267911,2026-09-25
DELL,562.89,2026-10-02,6,Call,562.50,+0.07%,18.35,18.8,18.65,761,150,5.07,61.02%,63.08%,0.522294,2026-09-25
RIOT,23,2026-10-16,20,Call,23.00,0.00%,1.76,1.75,1.8,24867,4907,5.07,83.66%,81.94%,0.542613,2026-09-25
AMTM,19.19,2027-01-15,111,Call,27.50,-43.30%,0.2,0.3,0.4,1010,200,5.05,43.34%,49.52%,0.128319,2026-09-25
PCG,12.34,2026-12-18,83,Call,14.00,-13.45%,0.53,0.55,0.57,75597,14976,5.05,43.77%,47.34%,0.335167,2026-09-25
META,751.66,2026-09-30,4,Call,780.00,-3.77%,4.35,4.45,4.45,1959,389,5.04,42.39%,44.53%,0.222951,2026-09-25
COIN,195.11,2026-10-02,6,Call,210.00,-7.63%,2,2.09,2.1,8065,1611,5.01,65.46%,68.85%,0.217161,2026-09-25
MSFT,516.17,2026-10-16,20,Put,515.00,-0.23%,11.05,11.4,11.7,1747,350,4.99,29.09%,25.63%,-0.464011,2026-09-25
CLSK,13.95,2026-10-02,6,Call,14.50,-3.94%,0.35,0.37,0.39,3003,602,4.99,81.45%,82.84%,0.380169,2026-09-25
OUST,43.72,2026-11-20,55,Call,65.00,-48.67%,1.75,1.8,1.85,1430,287,4.98,92.89%,102.46%,0.216751,2026-09-25
PRGO,15.42,2026-10-16,20,Call,17.50,-13.49%,0,0.37,0.5,845,170,4.97,70.23%,62.41%,0.209853,2026-09-25
TSLA,372.11,2026-09-28,2,Put,350.00,-5.94%,0.14,0.14,0.15,3681,741,4.97,41.62%,44.57%,-0.030111,2026-09-25
TSLA,372.11,2026-10-02,6,Call,372.50,-0.10%,8.5,8.55,8.65,4094,824,4.97,41.62%,45.45%,0.508828,2026-09-25
META,751.66,2026-09-28,2,Call,780.00,-3.77%,0.93,0.95,1.01,8329,1675,4.97,42.39%,38.08%,0.098168,2026-09-25
ON,77.2,2026-10-02,6,Put,75.00,-2.85%,1.04,1.21,1.48,501,101,4.96,56.06%,56.61%,-0.329153,2026-09-25
GEMI,5.54,2026-10-02,6,Put,5.50,-0.72%,0.2,0.23,0.4,977,197,4.96,101.56%,113.86%,-0.449786,2026-09-25
GME,23.39,2026-12-18,83,Call,34.00,-45.36%,0.66,0.76,0.87,1160,234,4.96,53.91%,76.02%,0.191501,2026-09-25
META,751.66,2026-09-28,2,Put,735.00,-2.22%,2.07,2.11,2.16,1970,397,4.96,42.39%,35.53%,-0.191567,2026-09-25
META,751.66,2026-09-28,2,Put,727.50,-3.21%,1.07,1.13,1.13,2727,550,4.96,42.39%,36.65%,-0.11035,2026-09-25
META,751.66,2026-09-28,2,Put,737.50,-1.88%,2.56,2.65,2.65,1212,245,4.95,42.39%,35.21%,-0.226783,2026-09-25
MU,1082.28,2026-09-28,2,Put,"1,030.00",-4.83%,1.15,1.2,1.23,2093,424,4.94,61.47%,46.33%,-0.071254,2026-09-25
TSLA,372.11,2026-10-02,6,Call,390.00,-4.81%,2.83,2.87,2.89,19181,3881,4.94,41.62%,46.63%,0.22815,2026-09-25
XYZ,76.42,2026-10-02,6,Put,70.00,-8.40%,0.1,0.12,0.15,891,181,4.92,43.77%,45.84%,-0.062686,2026-09-25
ORCL,137.1,2026-10-02,6,Call,138.00,-0.66%,3.1,3.25,3.25,2864,582,4.92,50.70%,50.94%,0.475405,2026-09-25
NVDA,225.07,2026-09-28,2,Put,230.00,+2.19%,5.1,5.25,5.25,1384,282,4.91,33.63%,25.66%,-0.87138,2026-09-25
AAPL,341.07,2026-09-30,4,Put,335.00,-1.78%,0.99,1.01,1.05,2873,585,4.91,23.34%,22.74%,-0.217391,2026-09-25
CIFR,17.73,2026-10-02,6,Call,19.50,-9.98%,0.31,0.37,0.4,6137,1249,4.91,98.16%,104.89%,0.262495,2026-09-25
AAPL,341.07,2026-10-02,6,Put,340.00,-0.31%,3.25,3.3,3.35,4797,979,4.9,23.34%,22.35%,-0.444129,2026-09-25
KO,87.81,2026-10-02,6,Call,89.00,-1.36%,0.34,0.36,0.4,7466,1524,4.9,20.09%,18.27%,0.290227,2026-09-25
CBRS,206.75,2026-10-02,6,Call,225.00,-8.83%,2.75,3.05,3.4,2906,593,4.9,77.85%,86.25%,0.240709,2026-09-25
MU,1082.28,2026-10-16,20,Call,"2,280.00",-110.67%,0.02,0.19,0.54,522,107,4.88,61.47%,112.06%,0.003463,2026-09-25
IREN,44.13,2026-10-02,6,Put,38.50,-12.76%,0.13,0.15,0.2,859,176,4.88,80.13%,78.43%,-0.078932,2026-09-25
CYPH,4.12,2026-12-18,83,Call,4.00,+2.91%,1.3,1.45,1.45,1063,218,4.88,168.25%,173.31%,0.677225,2026-09-25
ARM,310.32,2026-10-02,6,Call,365.00,-17.62%,1.1,1.2,1.33,578,119,4.86,73.03%,86.71%,0.080964,2026-09-25
USAR,15.18,2026-10-30,34,Put,14.00,-7.77%,0.61,0.62,0.73,1676,345,4.86,73.30%,66.88%,-0.30369,2026-09-25
MU,1082.28,2026-09-28,2,Call,"1,075.00",+0.67%,17,17.16,17.55,2728,561,4.86,61.47%,41.40%,0.595791,2026-09-25
AAPL,341.07,2026-09-28,2,Put,332.50,-2.51%,0.11,0.12,0.12,11228,2317,4.85,23.34%,21.25%,-0.050833,2026-09-25
AMD,630.63,2026-09-30,4,Call,632.50,-0.30%,12.4,12.95,12.8,677,140,4.84,55.27%,50.77%,0.491571,2026-09-25
INTC,123,2026-09-30,4,Call,131.00,-6.50%,0.94,0.95,0.99,1230,254,4.84,69.11%,68.67%,0.201719,2026-09-25
CRWD,252.13,2026-10-02,6,Call,295.00,-17.00%,0.15,0.28,0.76,575,119,4.83,55.15%,71.64%,0.048792,2026-09-25
APP,310.75,2026-10-02,6,Put,265.00,-14.72%,0,0.13,0.25,776,161,4.82,63.06%,58.32%,-0.014812,2026-09-25
TSLA,372.11,2026-10-16,20,Put,372.50,+0.10%,13.6,13.57,13.75,1910,396,4.82,41.62%,39.81%,-0.478994,2026-09-25
AMZN,249.67,2026-10-02,6,Call,240.00,+3.87%,10.55,11.32,12.05,2179,452,4.82,33.65%,39.15%,0.795312,2026-09-25
ZS,193.05,2026-10-02,6,Call,200.00,-3.60%,3.1,3.25,3.35,1735,361,4.81,56.40%,60.05%,0.33994,2026-09-25
MSTR,158.61,2028-06-16,629,Put,125.00,-21.19%,33.5,35.03,34.7,2011,418,4.81,68.11%,75.75%,-0.216339,2026-09-25
MSFT,516.17,2026-10-02,6,Call,527.50,-2.20%,3.2,3.43,3.6,2317,482,4.81,29.09%,28.85%,0.28961,2026-09-25
TSLA,372.11,2026-09-28,2,Put,375.00,+0.78%,5.1,5.18,5.25,7429,1547,4.8,41.62%,32.54%,-0.619025,2026-09-25
ABT,101.29,2026-10-02,6,Put,102.00,+0.70%,1.35,1.6,1.75,685,143,4.79,29.41%,22.58%,-0.587217,2026-09-25
MU,1082.28,2026-09-28,2,Put,"1,045.00",-3.44%,2.43,2.59,2.58,1579,331,4.77,61.47%,44.25%,-0.137307,2026-09-25
BYND,8.35,2026-10-02,6,Call,9.50,-13.77%,0.11,0.11,0.16,793,167,4.75,105.05%,113.76%,0.209713,2026-09-25
PLTR,189.67,2026-10-09,13,Put,192.50,+1.49%,7.5,8.05,8.15,1283,270,4.75,52.42%,44.81%,-0.548071,2026-09-25
ONDS,7.64,2029-01-19,846,Put,10.00,+30.89%,2.5,4.95,5.1,1407,296,4.75,76.34%,58.99%,-0.439545,2026-09-25
AMD,630.63,2026-09-28,2,Call,660.00,-4.66%,0.88,0.87,0.95,1524,321,4.75,55.27%,45.72%,0.093103,2026-09-25
HOOD,119.4,2026-10-02,6,Call,122.00,-2.18%,2.81,2.92,2.92,2493,525,4.75,62.13%,64.84%,0.416864,2026-09-25
TSLA,372.11,2026-09-30,4,Put,335.00,-9.97%,0.26,0.26,0.28,697,147,4.74,41.62%,55.07%,-0.03159,2026-09-25
MSFT,516.17,2026-10-02,6,Call,522.50,-1.23%,4.75,4.92,5.2,1354,286,4.73,29.09%,28.71%,0.382608,2026-09-25
MU,1082.28,2026-09-28,2,Put,"1,010.00",-6.68%,0.51,0.52,0.56,2161,457,4.73,61.47%,51.35%,-0.032708,2026-09-25
Q,124.69,2026-11-20,55,Put,110.00,-11.78%,4.2,5,5.4,500,106,4.72,57.10%,59.50%,-0.248472,2026-09-25
TGT,157.45,2026-10-02,6,Put,155.00,-1.56%,1.05,1.35,1.48,694,147,4.72,33.57%,28.70%,-0.32677,2026-09-25
IREN,44.13,2026-10-02,6,Call,44.50,-0.84%,1.58,1.63,1.68,1495,317,4.72,80.13%,79.39%,0.489637,2026-09-25
AAOI,101.4,2026-10-16,20,Call,105.00,-3.55%,6.6,6.7,6.9,1639,347,4.72,91.20%,86.68%,0.476075,2026-09-25
TSLA,372.11,2026-10-02,6,Put,352.50,-5.27%,1.97,2,2.02,1713,363,4.72,41.62%,45.65%,-0.167493,2026-09-25
QCOM,201.97,2026-10-02,6,Call,205.00,-1.50%,3.9,4.2,4.25,4710,999,4.71,51.15%,52.18%,0.426853,2026-09-25
AMZN,249.67,2027-09-17,356,Call,370.00,-48.20%,8.8,9.15,9.45,653,139,4.7,33.65%,36.28%,0.211408,2026-09-25
COIN,195.11,2026-10-02,6,Call,197.50,-1.22%,5.35,5.6,5.6,2515,535,4.7,65.46%,65.22%,0.461698,2026-09-25
META,751.66,2026-09-28,2,Put,740.00,-1.55%,3.15,3.25,3.25,2992,636,4.7,42.39%,34.98%,-0.266456,2026-09-25
AMD,630.63,2026-10-02,6,Put,630.00,-0.10%,16.45,16.5,17.25,1831,390,4.69,55.27%,53.80%,-0.477505,2026-09-25
MSFT,516.17,2026-10-02,6,Call,525.00,-1.71%,3.9,4.05,4.15,5194,1110,4.68,29.09%,28.34%,0.332005,2026-09-25
PEP,128.63,2026-10-09,13,Put,127.00,-1.27%,1.93,2.09,2.19,788,169,4.66,25.41%,29.01%,-0.398194,2026-09-25
META,751.66,2026-09-28,2,Put,717.50,-4.54%,0.45,0.46,0.49,1063,228,4.66,42.39%,38.95%,-0.051133,2026-09-25
PYPL,55.04,2026-10-02,6,Put,54.00,-1.89%,0.65,0.9,1,1165,250,4.66,43.40%,46.18%,-0.359889,2026-09-25
RIOT,23,2026-10-23,27,Call,25.00,-8.70%,1.04,1.3,1.29,3041,652,4.66,83.66%,76.39%,0.38834,2026-09-25
INTC,123,2026-09-28,2,Call,123.00,0.00%,1.89,1.97,1.98,2747,591,4.65,69.11%,52.96%,0.50975,2026-09-25
TSLA,372.11,2026-09-30,4,Put,347.50,-6.61%,0.48,0.48,0.51,747,161,4.64,41.62%,44.06%,-0.064879,2026-09-25
QURE,38.23,2027-01-15,111,Call,45.00,-17.71%,5.8,7,8,1003,216,4.64,138.61%,108.32%,0.518742,2026-09-25
LUNR,15.61,2026-10-16,20,Call,16.50,-5.70%,0.81,0.91,1.01,768,166,4.63,86.91%,86.49%,0.435581,2026-09-25
MU,1082.28,2026-09-28,2,Call,"1,150.00",-6.26%,0.62,0.63,0.69,9044,1956,4.62,61.47%,47.12%,0.043029,2026-09-25
NEM,121.43,2026-10-16,20,Call,123.00,-1.29%,3.75,3.95,4.2,517,112,4.62,41.92%,40.60%,0.471807,2026-09-25
FIG,20.85,2026-10-02,6,Call,22.00,-5.52%,0.3,0.3,0.36,1371,297,4.62,70.77%,70.15%,0.292889,2026-09-25
GOOG,341.08,2026-10-02,6,Put,340.00,-0.32%,4.55,4.62,4.7,6688,1451,4.61,32.55%,30.04%,-0.454616,2026-09-25
BAC,56.7,2026-10-02,6,Call,58.00,-2.29%,0.26,0.28,0.28,13612,2954,4.61,28.34%,25.30%,0.249984,2026-09-25
TSM,450.61,2026-10-02,6,Put,440.00,-2.35%,2.38,2.38,2.8,2562,557,4.6,33.38%,29.18%,-0.252141,2026-09-25
NBIS,237.33,2026-10-02,6,Put,227.50,-4.14%,5,5.2,5.55,633,138,4.59,79.25%,79.40%,-0.318496,2026-09-25
SMCI,43.26,2026-10-02,6,Call,47.50,-9.80%,0.45,0.46,0.48,775,169,4.59,77.57%,80.20%,0.197175,2026-09-25
TSLA,372.11,2026-10-05,9,Call,370.00,+0.57%,10.3,10.72,10.95,539,118,4.57,41.62%,40.21%,0.554419,2026-09-25
CSCO,106.7,2026-10-02,6,Call,107.00,-0.28%,1.33,1.32,1.42,1916,421,4.55,34.25%,27.48%,0.479448,2026-09-25
CRWD,252.13,2026-10-02,6,Put,242.50,-3.82%,2.74,3.26,3.45,2691,591,4.55,55.15%,54.65%,-0.274631,2026-09-25
SMCI,43.26,2026-10-02,6,Put,42.00,-2.91%,1.05,1.08,1.1,1375,303,4.54,77.57%,75.16%,-0.359195,2026-09-25
PYPL,55.04,2026-10-02,6,Call,56.00,-1.74%,1,1.16,1.32,3532,778,4.54,43.40%,55.78%,0.420894,2026-09-25
VST,138.46,2028-01-21,482,Call,170.00,-22.78%,22.3,22.7,24.45,970,214,4.53,44.31%,50.08%,0.503134,2026-09-25
MSFT,516.17,2026-09-28,2,Put,497.50,-3.62%,0.11,0.15,0.2,1073,238,4.51,29.09%,27.98%,-0.036168,2026-09-25
QCOM,201.97,2026-10-02,6,Call,210.00,-3.98%,2.44,2.7,2.7,6357,1408,4.51,51.15%,53.99%,0.300145,2026-09-25
SPCX,148.68,2026-10-02,6,Call,147.00,+1.13%,4.6,4.6,4.7,4086,909,4.5,48.56%,48.90%,0.588172,2026-09-25
TSLA,372.11,2026-10-02,6,Put,367.50,-1.24%,6.25,6.32,6.4,2066,459,4.5,41.62%,45.06%,-0.399781,2026-09-25
META,751.66,2026-09-28,2,Call,790.00,-5.10%,0.4,0.4,0.42,2757,613,4.5,42.39%,39.36%,0.045879,2026-09-25
AVGO,352.81,2026-10-09,13,Call,352.50,+0.09%,9.35,9.52,10.25,611,136,4.49,35.54%,35.60%,0.525143,2026-09-25
GM,82.63,2026-10-02,6,Call,82.00,+0.76%,1.76,1.74,1.93,633,141,4.49,35.43%,35.30%,0.580242,2026-09-25
TSLA,372.11,2026-09-30,4,Put,370.00,-0.57%,4.75,4.75,4.9,4728,1054,4.49,41.62%,37.97%,-0.431798,2026-09-25
PSKY,9.96,2027-03-19,174,Put,12.00,+20.48%,2.83,2.95,3.05,15214,3395,4.48,59.30%,61.31%,-0.584168,2026-09-25
LITS,1.44,2026-11-20,55,Call,2.5000,-73.61%,0.1,0.15,4.9,904,202,4.48,226.09%,175.77%,0.323233,2026-09-25
LITE,941.65,2026-10-02,6,Call,"1,010.00",-7.26%,11.7,11.88,12.2,536,120,4.47,73.00%,72.52%,0.241859,2026-09-25
DELL,562.89,2026-10-02,6,Call,572.50,-1.71%,13.95,14,14.25,617,138,4.47,61.02%,63.31%,0.436002,2026-09-25
UAL,113.99,2026-10-02,6,Put,110.00,-3.50%,0.9,1.4,2,1328,297,4.47,54.25%,52.69%,-0.289761,2026-09-25
AAPL,341.07,2026-10-02,6,Call,342.50,-0.42%,3.2,3.3,3.35,9843,2208,4.46,23.34%,22.08%,0.455026,2026-09-25
VALE,13.61,2026-10-02,6,Put,13.50,-0.81%,0.15,0.18,0.2,1109,249,4.45,35.67%,32.78%,-0.412957,2026-09-25
CVS,89.13,2026-10-09,13,Call,90.00,-0.98%,1.59,1.95,2.22,617,139,4.44,36.68%,34.16%,0.454446,2026-09-25
BAC,56.7,2026-10-02,6,Call,57.00,-0.53%,0.6,0.61,0.63,11801,2658,4.44,28.34%,25.76%,0.446126,2026-09-25
JBLU,4.4,2026-10-02,6,Call,4.50,-2.27%,0.11,0.12,0.13,15426,3482,4.43,64.95%,72.11%,0.424665,2026-09-25
CRWD,252.13,2027-01-15,111,Call,370.00,-46.75%,5.75,7,7.35,566,128,4.42,55.15%,59.99%,0.169626,2026-09-25
MSFT,516.17,2026-10-02,6,Put,502.50,-2.65%,2.32,2.47,2.59,745,169,4.41,29.09%,28.53%,-0.222128,2026-09-25
CRCL,89,2026-10-02,6,Call,90.00,-1.12%,2.9,2.89,3.05,1724,394,4.38,73.50%,74.89%,0.475391,2026-09-25
MU,1082.28,2026-10-02,6,Put,"1,100.00",+1.64%,54.4,55.8,57.85,2814,642,4.38,61.47%,84.41%,-0.536449,2026-09-25
QCOM,201.97,2026-10-02,6,Put,200.00,-0.98%,4.15,4.3,4.5,507,116,4.37,51.15%,51.38%,-0.426086,2026-09-25
META,751.66,2026-09-28,2,Call,795.00,-5.77%,0.25,0.28,0.28,2045,468,4.37,42.39%,40.07%,0.030865,2026-09-25
PRGO,15.42,2026-10-16,20,Call,15.00,+2.72%,1.1,1.17,1.2,5214,1193,4.37,70.23%,66.37%,0.59564,2026-09-25
MU,1082.28,2026-09-28,2,Call,"1,175.00",-8.57%,0.22,0.23,0.28,641,147,4.36,61.47%,51.74%,0.016956,2026-09-25
MSFT,516.17,2026-10-30,34,Call,515.00,+0.23%,21.9,23,22.85,587,135,4.35,29.09%,33.50%,0.540772,2026-09-25
SHW,329.1,2026-12-18,83,Put,290.00,-11.88%,2.8,4.65,4.5,749,172,4.35,27.46%,28.55%,-0.148463,2026-09-25
BMNR,27.56,2026-10-09,13,Put,27.50,-0.22%,1.43,1.52,1.51,516,119,4.34,75.78%,73.23%,-0.463109,2026-09-25
META,751.66,2026-09-28,2,Call,785.00,-4.44%,0.61,0.63,0.64,2903,669,4.34,42.39%,38.59%,0.067028,2026-09-25
NRG,100.37,2026-10-16,20,Call,110.00,-9.59%,1.6,1.65,1.8,10414,2407,4.33,51.16%,52.11%,0.247644,2026-09-25
MSFT,516.17,2026-09-30,4,Put,495.00,-4.10%,0.49,0.6,0.7,975,226,4.31,29.09%,29.25%,-0.081705,2026-09-25
NOW,135.62,2027-09-17,356,Call,180.00,-32.72%,17.6,19.35,19.75,1000,232,4.31,54.62%,57.03%,0.441797,2026-09-25
BURL,254.69,2026-10-16,20,Call,260.00,-2.08%,6.2,6.4,7.3,770,179,4.3,40.56%,37.20%,0.432909,2026-09-25
SBSW,10.61,2027-03-19,174,Put,8.00,-24.60%,0.35,0.55,0.7,976,228,4.28,52.37%,54.23%,-0.193449,2026-09-25
TSLA,372.11,2026-09-30,4,Call,377.50,-1.45%,3.65,3.7,3.75,2872,671,4.28,41.62%,38.04%,0.37049,2026-09-25
BABA,109.74,2026-10-02,6,Call,113.00,-2.97%,0.85,0.88,0.91,3898,913,4.27,38.73%,37.28%,0.278117,2026-09-25
MSTR,158.61,2026-10-02,6,Call,172.50,-8.76%,1.75,1.75,1.85,19655,4624,4.25,68.11%,76.77%,0.212631,2026-09-25
LULU,101.3,2027-06-17,264,Put,75.00,-25.96%,4.3,4.6,5.2,544,128,4.25,41.79%,50.92%,-0.165789,2026-09-25
INTC,123,2026-09-30,4,Call,128.00,-4.07%,1.53,1.57,1.59,1961,463,4.24,69.11%,66.65%,0.297759,2026-09-25
MOS,23.01,2026-10-02,6,Put,22.00,-4.39%,0.1,0.22,0.3,651,154,4.23,49.41%,49.36%,-0.229135,2026-09-25
MRNA,198.88,2026-10-16,20,Put,125.00,-37.15%,0.01,0.13,0.43,2479,586,4.23,89.70%,94.53%,-0.013276,2026-09-25
MRVL,261.93,2026-10-02,6,Put,265.00,+1.17%,9.2,10.3,10.6,604,143,4.22,66.18%,62.06%,-0.539975,2026-09-25
DHI,141.51,2026-12-18,83,Put,150.00,+6.00%,13.8,14.13,15,621,147,4.22,35.68%,36.56%,-0.588945,2026-09-25
META,751.66,2026-11-20,55,Put,685.00,-8.87%,21.55,21.45,22.05,1408,334,4.22,42.39%,44.33%,-0.256681,2026-09-25
AMZN,249.67,2026-09-28,2,Call,255.00,-2.13%,0.31,0.32,0.32,11659,2764,4.22,33.65%,25.33%,0.134381,2026-09-25
TSLA,372.11,2026-09-28,2,Put,387.50,+4.14%,14.65,15.15,16.9,547,130,4.21,41.62%,39.93%,-0.913405,2026-09-25
BE,288.7,2026-10-02,6,Call,315.00,-9.11%,3.8,3.95,3.95,670,159,4.21,82.56%,84.00%,0.226679,2026-09-25
MU,1082.28,2026-09-28,2,Call,"1,160.00",-7.18%,0.4,0.44,0.47,1329,317,4.19,61.47%,48.86%,0.029151,2026-09-25
TSLA,372.11,2026-10-09,13,Put,372.50,+0.10%,11.3,11.1,11.7,1341,320,4.19,41.62%,41.17%,-0.484355,2026-09-25
DELL,562.89,2026-10-02,6,Call,650.00,-15.48%,0.99,1.11,1.04,2322,554,4.19,61.02%,66.86%,0.051658,2026-09-25
TSLA,372.11,2026-09-28,2,Call,395.00,-6.15%,0.09,0.1,0.1,6926,1652,4.19,41.62%,40.05%,0.023224,2026-09-25
META,751.66,2026-09-28,2,Call,775.00,-3.11%,1.39,1.39,1.41,3832,917,4.18,42.39%,36.93%,0.136159,2026-09-25
GLXY,24.24,2026-10-02,6,Put,24.00,-0.99%,0.8,0.85,1,1108,266,4.17,84.11%,82.89%,-0.439713,2026-09-25
AMZN,249.67,2026-09-30,4,Call,250.00,-0.13%,2.81,2.81,3.05,3246,779,4.17,33.65%,29.15%,0.494389,2026-09-25
GT,5.13,2026-10-16,20,Call,5.00,+2.53%,0.2,0.35,0.4,1603,385,4.16,54.52%,51.64%,0.592525,2026-09-25
ORCL,137.1,2026-10-02,6,Call,139.00,-1.39%,2.75,2.75,2.83,2204,531,4.15,50.70%,51.55%,0.432739,2026-09-25
AAOI,101.4,2026-10-02,6,Call,73.00,+28.01%,26.9,28.85,30.5,530,128,4.14,91.20%,145.92%,0.968085,2026-09-25
META,751.66,2026-10-02,6,Put,742.50,-1.22%,12.35,12.2,12.5,524,127,4.13,42.39%,43.91%,-0.399436,2026-09-25
ABNB,157.47,2026-10-02,6,Call,160.00,-1.61%,1.74,1.86,2.06,578,140,4.13,39.68%,36.43%,0.380476,2026-09-25
META,751.66,2026-11-20,55,Put,765.00,+1.77%,56.3,57.15,57.25,759,184,4.13,42.39%,44.26%,-0.497357,2026-09-25
META,751.66,2026-09-28,2,Call,765.00,-1.77%,2.99,3.08,3.2,4416,1069,4.13,42.39%,35.83%,0.26025,2026-09-25
GLND,5.54,2026-10-16,20,Call,6.00,-8.30%,0.6,0.65,0.65,5965,1444,4.13,176.06%,155.05%,0.487043,2026-09-25
LRCX,315.21,2026-10-02,6,Call,325.00,-3.11%,5.85,6.17,6.45,1388,337,4.12,60.86%,62.61%,0.369226,2026-09-25
HOOD,119.4,2026-10-02,6,Call,132.00,-10.55%,0.69,0.75,0.73,1799,437,4.12,62.13%,68.65%,0.138145,2026-09-25
LRCX,315.21,2026-10-02,6,Call,315.00,+0.07%,9.65,10.17,10.45,1398,340,4.11,60.86%,61.18%,0.521892,2026-09-25
META,751.66,2026-09-30,4,Put,750.00,-0.22%,12.55,12.8,12.75,1432,348,4.11,42.39%,43.35%,-0.468718,2026-09-25
FSLR,177.71,2028-01-21,482,Put,130.00,-26.85%,14.2,14.9,16.35,566,138,4.1,54.86%,53.66%,-0.187048,2026-09-25
CORZ,17.34,2026-10-02,6,Call,17.50,-0.92%,0.36,0.5,0.64,535,131,4.08,72.95%,64.16%,0.474976,2026-09-25
MU,1082.28,2026-10-02,6,Put,935.00,-13.61%,4.3,4.15,4.65,1126,276,4.08,61.47%,84.87%,-0.080144,2026-09-25
META,751.66,2026-09-30,4,Put,695.00,-7.54%,0.83,0.83,0.86,513,126,4.07,42.39%,47.23%,-0.052898,2026-09-25
SMCI,43.26,2026-10-09,13,Call,47.00,-8.65%,1.08,1.12,1.15,859,211,4.07,77.57%,74.94%,0.306469,2026-09-25
MSFT,516.17,2026-10-30,34,Call,540.00,-4.62%,11.5,12.02,12.3,2671,656,4.07,29.09%,33.00%,0.356439,2026-09-25
ADBE,235.47,2026-11-20,55,Put,215.00,-8.69%,5.65,5.85,6.5,1590,393,4.05,39.51%,41.39%,-0.248806,2026-09-25
GOOGL,343.92,2026-09-28,2,Put,340.00,-1.14%,1.04,1.08,1.11,2497,616,4.05,32.86%,25.69%,-0.26711,2026-09-25
AMD,630.63,2026-10-02,6,Call,637.50,-1.09%,14.15,14.88,14.95,3979,983,4.05,55.27%,54.28%,0.455514,2026-09-25
TSLA,372.11,2026-09-30,4,Call,405.00,-8.84%,0.25,0.26,0.26,6389,1578,4.05,41.62%,44.58%,0.037343,2026-09-25
NET,349.02,2026-10-02,6,Call,360.00,-3.15%,5.1,6.7,7.55,509,126,4.04,62.96%,59.96%,0.360824,2026-09-25
APP,310.75,2026-10-02,6,Put,290.00,-6.68%,1.6,1.82,1.85,1451,360,4.03,63.06%,54.18%,-0.14962,2026-09-25
SNAP,5.42,2026-12-18,83,Call,7.00,-29.15%,0.27,0.27,0.3,5175,1285,4.03,63.42%,71.55%,0.290254,2026-09-25
NVDA,225.07,2026-09-30,4,Call,225.00,+0.03%,2.88,2.91,2.9,15909,3948,4.03,33.63%,29.93%,0.514993,2026-09-25
NBIS,237.33,2026-10-02,6,Call,237.50,-0.07%,9.3,9.5,9.75,594,148,4.01,79.25%,78.57%,0.519782,2026-09-25
ORCL,137.1,2026-10-02,6,Put,122.00,-11.01%,0.14,0.16,0.16,632,158,4,50.70%,52.87%,-0.039116,2026-09-25
CRCL,89,2026-10-02,6,Call,84.00,+5.62%,5.7,6.1,6.45,704,176,4,73.50%,64.86%,0.77176,2026-09-25
ORCL,137.1,2026-10-02,6,Put,125.00,-8.83%,0.29,0.31,0.32,4911,1228,4,50.70%,51.16%,-0.073928,2026-09-25
MU,1082.28,2026-10-02,6,Put,600.00,-44.56%,0.01,0.17,0.22,17114,4291,3.99,61.47%,162.66%,-0.001668,2026-09-25
LYFT,14.86,2026-10-02,6,Put,14.50,-2.42%,0.15,0.16,0.26,538,135,3.99,49.07%,48.15%,-0.329059,2026-09-25
TSLA,372.11,2026-09-30,4,Call,392.50,-5.48%,0.8,0.81,0.83,1944,487,3.99,41.62%,40.40%,0.109282,2026-09-25
HOOD,119.4,2026-10-02,6,Call,124.00,-3.85%,2.15,2.18,2.22,3292,825,3.99,62.13%,65.12%,0.343306,2026-09-25
LITE,941.65,2026-10-02,6,Call,"1,100.00",-16.82%,2.25,2.3,2.45,697,175,3.98,73.00%,75.89%,0.061507,2026-09-25
IREN,44.13,2026-10-09,13,Put,41.00,-7.09%,1.07,1.11,1.15,1612,406,3.97,80.13%,74.00%,-0.27276,2026-09-25
TSLA,372.11,2026-10-05,9,Call,400.00,-7.50%,1.82,1.85,1.87,2327,586,3.97,41.62%,42.26%,0.148791,2026-09-25
GME,23.39,2026-10-02,6,Call,23.50,-0.47%,0.65,0.67,0.69,6521,1642,3.97,53.91%,60.73%,0.489425,2026-09-25
AAPL,341.07,2026-09-28,2,Call,335.00,+1.78%,6.05,6.33,6.5,3937,994,3.96,23.34%,16.93%,0.92712,2026-09-25
BABA,109.74,2026-10-09,13,Put,104.00,-5.23%,0.64,0.78,0.91,833,211,3.95,38.73%,34.11%,-0.192531,2026-09-25
WFC,82.97,2026-10-02,6,Put,81.00,-2.37%,0.34,0.41,0.41,1289,326,3.95,30.96%,26.08%,-0.228987,2026-09-25
NFG,78.99,2027-01-15,111,Put,75.00,-5.05%,2.2,3,3.8,1000,254,3.94,30.13%,28.80%,-0.332268,2026-09-25
TSLA,372.11,2026-10-02,6,Call,362.50,+2.58%,14.25,14.2,14.4,1349,343,3.93,41.62%,45.35%,0.687998,2026-09-25
NVDA,225.07,2026-09-28,2,Call,230.00,-2.19%,0.25,0.27,0.26,49803,12683,3.93,33.63%,24.97%,0.124503,2026-09-25
RIOT,23,2026-10-02,6,Call,23.00,0.00%,0.95,0.96,1,1605,409,3.92,83.66%,82.32%,0.523456,2026-09-25
IREN,44.13,2026-10-02,6,Call,46.00,-4.24%,1.04,1.07,1.1,3977,1014,3.92,80.13%,80.25%,0.364354,2026-09-25
ARM,310.32,2026-10-02,6,Put,310.00,-0.10%,10.8,11.07,11.9,657,168,3.91,73.03%,73.14%,-0.47473,2026-09-25
EOSE,3.16,2026-10-30,34,Call,4.00,-26.58%,0.14,0.18,0.18,2273,586,3.88,102.29%,106.12%,0.291307,2026-09-25
FIG,20.85,2028-01-21,482,Put,12.50,-40.05%,1.81,2.04,2.35,3502,903,3.88,70.77%,76.67%,-0.141698,2026-09-25
AAPL,341.07,2026-09-30,4,Call,347.50,-1.89%,0.88,0.9,0.93,2901,749,3.87,23.34%,21.44%,0.210839,2026-09-25
WDAY,189.45,2026-10-16,20,Call,220.00,-16.13%,0,1.7,1.7,3001,775,3.87,52.45%,45.84%,0.09345,2026-09-25
GOOGL,343.92,2026-09-30,4,Call,367.50,-6.86%,0.25,0.27,0.29,802,208,3.86,32.86%,37.54%,0.048687,2026-09-25
AVGO,352.81,2026-09-28,2,Call,352.50,+0.09%,2.78,2.9,3.05,2393,622,3.85,35.54%,26.18%,0.525489,2026-09-25
ACN,176.11,2028-01-21,482,Put,130.00,-26.18%,12.7,13.7,13.8,774,202,3.83,52.73%,46.82%,-0.190558,2026-09-25
META,751.66,2026-09-28,2,Call,747.50,+0.55%,9.7,9.69,9.9,2156,563,3.83,42.39%,33.66%,0.596065,2026-09-25
MSFT,516.17,2026-10-02,6,Call,520.00,-0.74%,5.7,5.85,6,16810,4406,3.82,29.09%,28.30%,0.431973,2026-09-25
META,751.66,2026-09-30,4,Call,747.50,+0.55%,15.5,15.4,15.7,597,157,3.8,42.39%,42.35%,0.562082,2026-09-25
Q,124.69,2026-11-20,55,Call,140.00,-12.28%,5.1,5.63,6,531,140,3.79,57.10%,55.80%,0.344284,2026-09-25
AMD,630.63,2026-10-02,6,Call,652.50,-3.47%,8.95,9.36,9.65,3924,1041,3.77,55.27%,54.99%,0.330216,2026-09-25
META,751.66,2026-10-02,6,Call,775.00,-3.11%,8.45,8.4,8.6,2628,699,3.76,42.39%,45.25%,0.312786,2026-09-25
BE,288.7,2026-10-02,6,Put,247.50,-14.27%,0.98,0.99,1.02,618,165,3.75,82.56%,84.50%,-0.06932,2026-09-25
ICE,154.31,2026-10-02,6,Put,148.00,-4.09%,0.05,0.19,0.4,508,136,3.74,25.57%,25.34%,-0.094568,2026-09-25
TSLA,372.11,2026-10-05,9,Put,372.50,+0.10%,9.35,9.2,9.55,587,157,3.74,41.62%,40.38%,-0.489251,2026-09-25
TSLA,372.11,2026-09-28,2,Put,385.00,+3.46%,13.05,13.26,13.5,1379,369,3.74,41.62%,35.11%,-0.903607,2026-09-25
SPCX,148.68,2027-01-15,111,Call,165.00,-10.98%,10.35,10.45,10.55,4738,1271,3.73,48.56%,48.62%,0.418055,2026-09-25
META,751.66,2026-10-02,6,Call,800.00,-6.43%,3.7,3.7,3.75,28103,7554,3.72,42.39%,47.05%,0.160274,2026-09-25
AMD,630.63,2026-09-30,4,Put,620.00,-1.69%,8.6,8.7,9,644,173,3.72,55.27%,51.89%,-0.36435,2026-09-25
NOW,135.62,2026-10-02,6,Put,134.00,-1.19%,2.85,2.8,3,819,220,3.72,54.62%,53.86%,-0.414383,2026-09-25
SHOP,142.25,2026-10-02,6,Call,143.00,-0.53%,3.5,3.8,4.45,874,235,3.72,59.40%,58.93%,0.490676,2026-09-25
PEP,128.63,2026-10-02,6,Call,132.00,-2.62%,0.3,0.31,0.32,1317,354,3.72,25.41%,20.93%,0.17004,2026-09-25
OKLO,38.04,2026-10-02,6,Call,39.00,-2.52%,0.95,0.98,1,705,190,3.71,72.22%,70.75%,0.411998,2026-09-25
AMD,630.63,2026-09-28,2,Call,640.00,-1.49%,4.05,4.19,4.3,3768,1016,3.71,55.27%,42.40%,0.327263,2026-09-25
CCI,67.84,2026-11-20,55,Call,75.00,-10.55%,0.9,1.15,1.3,547,148,3.7,31.75%,33.26%,0.229681,2026-09-25
TSLA,372.11,2026-09-30,4,Put,352.50,-5.27%,0.74,0.74,0.78,862,233,3.7,41.62%,41.10%,-0.098722,2026-09-25
BAM,44.59,2026-10-16,20,Put,42.50,-4.69%,0.55,0.6,0.65,1833,496,3.7,33.61%,34.50%,-0.263239,2026-09-25
CRM,234.02,2026-10-02,6,Call,240.00,-2.56%,2.52,2.65,2.7,2200,595,3.7,39.45%,41.28%,0.329729,2026-09-25
GME,23.39,2026-10-02,6,Put,23.00,-1.67%,0.45,0.45,0.48,4510,1219,3.7,53.91%,53.77%,-0.392151,2026-09-25
AMZN,249.67,2026-09-28,2,Put,250.00,+0.13%,1.67,1.91,1.91,7586,2055,3.69,33.65%,22.29%,-0.524669,2026-09-25
DELL,562.89,2026-10-02,6,Put,525.00,-6.73%,4.35,4.47,4.55,750,203,3.69,61.02%,61.88%,-0.177612,2026-09-25
PYPL,55.04,2026-10-09,13,Call,56.00,-1.74%,1.2,1.61,1.79,1204,326,3.69,43.40%,45.81%,0.442206,2026-09-25
AAPL,341.07,2026-10-30,34,Call,365.00,-7.02%,2.48,2.64,2.8,2972,805,3.69,23.34%,23.83%,0.197833,2026-09-25
ORCL,137.1,2026-10-23,27,Put,139.00,+1.39%,8.25,8.3,8.5,545,148,3.68,50.70%,50.22%,-0.508598,2026-09-25
SMCI,43.26,2026-10-16,20,Call,48.00,-10.96%,1.33,1.38,1.45,1756,477,3.68,77.57%,75.02%,0.31129,2026-09-25
LQDA,68.43,2026-10-02,6,Put,55.00,-19.63%,0.2,0.4,0.55,3829,1040,3.68,93.14%,124.04%,-0.072549,2026-09-25
WOLF,27.57,2026-10-09,13,Call,27.00,+2.07%,2.09,2.35,2.68,506,138,3.67,101.22%,100.86%,0.584034,2026-09-25
APLD,26.25,2026-11-20,55,Call,29.00,-10.48%,2.38,2.51,2.94,634,173,3.66,90.91%,89.87%,0.462564,2026-09-25
SKHY,191.56,2026-10-02,6,Put,190.00,-0.81%,5,5.07,5.3,1795,491,3.66,58.80%,60.97%,-0.440248,2026-09-25
AMZN,249.67,2026-10-02,6,Call,252.50,-1.13%,2.65,2.7,2.8,5921,1618,3.66,33.65%,30.50%,0.400379,2026-09-25
META,751.66,2026-09-28,2,Call,800.00,-6.43%,0.17,0.18,0.19,16363,4489,3.65,42.39%,41.14%,0.021433,2026-09-25
TSLA,372.11,2026-09-28,2,Call,362.50,+2.58%,9.9,10.2,10.5,1312,359,3.65,41.62%,30.80%,0.878694,2026-09-25
GOOG,341.08,2026-10-02,6,Call,342.50,-0.42%,4.7,4.76,4.85,2350,644,3.65,32.55%,30.68%,0.471761,2026-09-25
PEP,128.63,2026-10-02,6,Call,129.00,-0.29%,1.16,1.16,1.24,517,142,3.64,25.41%,20.99%,0.461336,2026-09-25
ORCL,137.1,2026-10-16,20,Call,137.00,+0.07%,6.15,6.3,6.35,605,166,3.64,50.70%,47.82%,0.529249,2026-09-25
TSM,450.61,2026-10-02,6,Call,470.00,-4.30%,1.3,1.39,1.52,1866,513,3.64,33.38%,31.14%,0.153211,2026-09-25
NVDA,225.07,2026-09-28,2,Call,232.50,-3.30%,0.09,0.1,0.1,15870,4359,3.64,33.63%,26.58%,0.051443,2026-09-25
PSKY,9.96,2026-10-02,6,Put,10.00,+0.40%,0.31,0.33,0.35,17212,4735,3.64,59.30%,60.97%,-0.503456,2026-09-25
DKNG,22.02,2026-10-02,6,Call,22.50,-2.18%,0.48,0.41,0.63,1823,502,3.63,55.97%,67.27%,0.420924,2026-09-25
BABA,109.74,2026-10-02,6,Call,114.00,-3.88%,0.65,0.66,0.69,2853,785,3.63,38.73%,37.84%,0.223451,2026-09-25
FCX,72.31,2026-10-02,6,Call,73.00,-0.95%,1.25,1.5,1.65,764,211,3.62,46.26%,47.32%,0.452994,2026-09-25
WYNN,81.12,2027-01-15,111,Call,85.00,-4.78%,5.2,5.33,5.9,854,236,3.62,37.58%,38.67%,0.470253,2026-09-25
GME,23.39,2026-10-02,6,Put,22.00,-5.94%,0.11,0.13,0.14,2518,696,3.62,53.91%,48.89%,-0.157881,2026-09-25
GOOGL,343.92,2026-10-02,6,Call,347.50,-1.04%,3.85,4,4.35,2581,714,3.61,32.86%,31.83%,0.41341,2026-09-25
META,751.66,2026-10-02,6,Call,770.00,-2.44%,9.9,9.87,10.05,6123,1697,3.61,42.39%,44.94%,0.352216,2026-09-25
AMZN,249.67,2026-09-28,2,Call,252.50,-1.13%,0.7,0.74,0.76,12403,3439,3.61,33.65%,24.08%,0.270409,2026-09-25
META,751.66,2027-03-19,174,Call,"1,090.00",-45.01%,16.65,16.55,17.3,817,227,3.6,42.39%,44.49%,0.159453,2026-09-25
MU,1082.28,2026-09-28,2,Put,"1,065.00",-1.60%,6.45,6.6,6.75,908,252,3.6,61.47%,42.87%,-0.298436,2026-09-25
AMD,630.63,2026-09-30,4,Call,700.00,-11.00%,0.7,0.75,0.79,618,172,3.59,55.27%,58.43%,0.04761,2026-09-25
PURR,12.85,2026-10-02,6,Put,13.00,+1.17%,0.7,0.79,0.9,1158,323,3.59,101.78%,110.01%,-0.503278,2026-09-25
INTC,123,2026-10-23,27,Put,96.00,-21.95%,0.98,1.01,1.07,535,150,3.57,69.11%,72.27%,-0.085141,2026-09-25
AMD,630.63,2026-09-28,2,Call,645.00,-2.28%,2.78,2.96,3.05,2654,743,3.57,55.27%,43.14%,0.247305,2026-09-25
QCOM,201.97,2026-10-16,20,Call,225.00,-11.40%,2.28,2.76,3.1,3142,879,3.57,51.15%,51.88%,0.206123,2026-09-25
SPCX,148.68,2026-10-02,6,Call,149.00,-0.22%,3.55,3.55,3.6,5830,1633,3.57,48.56%,48.45%,0.502686,2026-09-25
AA,42.85,2026-10-02,6,Call,46.00,-7.35%,0.1,0.14,0.16,563,158,3.56,48.24%,44.29%,0.112683,2026-09-25
GLXY,24.24,2026-10-02,6,Put,25.00,+3.14%,1.36,1.29,1.59,1022,287,3.56,84.11%,84.28%,-0.589929,2026-09-25
PURR,12.85,2026-10-02,6,Call,13.00,-1.17%,0.6,0.61,0.75,1415,397,3.56,101.78%,112.63%,0.498505,2026-09-25
PFE,28.67,2026-10-23,27,Put,27.00,-5.82%,0.15,0.17,0.16,1791,505,3.55,24.43%,22.60%,-0.16184,2026-09-25
BTBT,1.76,2027-05-21,237,Call,3.5000,-98.86%,0.2,0.21,0.24,3555,1001,3.55,97.02%,100.25%,0.33996,2026-09-25
TSLA,372.11,2026-09-28,2,Put,380.00,+2.12%,8.7,8.9,9,4949,1393,3.55,41.62%,33.23%,-0.798876,2026-09-25
MSFT,516.17,2026-10-02,6,Call,515.00,+0.23%,8.05,8.27,8.4,6032,1697,3.55,29.09%,28.39%,0.537761,2026-09-25
TSLA,372.11,2026-10-02,6,Call,375.00,-0.78%,7.4,7.45,7.5,11855,3353,3.54,41.62%,45.61%,0.463296,2026-09-25
AMD,630.63,2026-10-09,13,Call,710.00,-12.59%,4.2,4.38,4.6,584,165,3.54,55.27%,54.64%,0.139034,2026-09-25
MARA,12.55,2026-10-09,13,Call,12.50,+0.40%,0.78,0.8,0.8,2368,668,3.54,82.53%,80.29%,0.544293,2026-09-25
MSTR,158.61,2026-10-02,6,Put,157.50,-0.70%,4.9,5,5.05,2539,718,3.54,68.11%,68.74%,-0.448406,2026-09-25
META,751.66,2026-09-28,2,Put,730.00,-2.88%,1.34,1.37,1.53,3345,945,3.54,42.39%,36.76%,-0.136786,2026-09-25
BMNR,27.56,2026-11-20,55,Call,40.00,-45.14%,0.69,0.74,0.77,674,191,3.53,75.78%,85.14%,0.172432,2026-09-25
AMD,630.63,2026-09-28,2,Put,605.00,-4.06%,1.09,1.11,1.21,915,259,3.53,55.27%,46.32%,-0.108786,2026-09-25
SMCI,43.26,2026-10-02,6,Put,42.50,-1.76%,1.28,1.28,1.34,1212,343,3.53,77.57%,76.33%,-0.406902,2026-09-25
COHR,295.83,2026-10-02,6,Call,330.00,-11.55%,1.8,1.97,2.5,1240,351,3.53,73.45%,77.44%,0.148032,2026-09-25
MU,1082.28,2026-09-28,2,Call,"1,070.00",+1.13%,20,20.4,20.75,4334,1228,3.53,61.47%,41.51%,0.653061,2026-09-25
MU,1082.28,2026-10-02,6,Put,"1,085.00",+0.25%,46.25,46.4,49.25,795,226,3.52,61.47%,84.29%,-0.485849,2026-09-25
CSCO,106.7,2026-10-02,6,Call,111.00,-4.03%,0.27,0.3,0.32,2504,711,3.52,34.25%,28.69%,0.147921,2026-09-25
PDD,77.57,2026-10-02,6,Put,76.00,-2.02%,0.53,0.49,0.61,3167,900,3.52,32.61%,30.81%,-0.29064,2026-09-25
IREN,44.13,2026-10-02,6,Call,42.50,+3.69%,2.63,2.69,2.77,625,178,3.51,80.13%,79.12%,0.665296,2026-09-25
AMZN,249.67,2026-09-30,4,Call,247.50,+0.87%,4.15,4.18,4.3,1297,369,3.51,33.65%,28.41%,0.626564,2026-09-25
PYPL,55.04,2026-10-09,13,Call,60.00,-9.01%,0.48,0.6,0.65,1720,490,3.51,43.40%,50.86%,0.200259,2026-09-25
COIN,195.11,2026-10-02,6,Call,205.00,-5.07%,3,3.07,3.15,3130,892,3.51,65.46%,67.31%,0.300664,2026-09-25
ZS,193.05,2026-10-02,6,Put,187.50,-2.87%,3.05,3.3,3.6,570,163,3.5,56.40%,58.75%,-0.332762,2026-09-25
TSLA,372.11,2026-09-30,4,Call,360.00,+3.25%,13.35,14.07,14.5,802,229,3.5,41.62%,38.36%,0.803624,2026-09-25
GME,23.39,2026-10-09,13,Call,20.50,+12.36%,2.85,2.95,3.25,1106,316,3.5,53.91%,63.08%,0.877577,2026-09-25
SPCX,148.68,2026-10-02,6,Put,144.00,-3.15%,1.77,1.78,1.8,5739,1651,3.48,48.56%,49.29%,-0.292349,2026-09-25
PL,17.43,2026-10-30,34,Call,20.00,-14.74%,0.65,0.71,0.8,856,246,3.48,70.96%,74.47%,0.317306,2026-09-25
FLUT,83.23,2026-10-16,20,Put,85.00,+2.13%,4.7,5.5,6.6,994,286,3.48,59.80%,61.22%,-0.525626,2026-09-25
META,751.66,2026-09-30,4,Call,820.00,-9.09%,0.69,0.7,0.74,1509,434,3.48,42.39%,48.46%,0.046257,2026-09-25
LULU,101.3,2026-10-02,6,Put,97.00,-4.24%,0.59,0.7,0.8,899,259,3.47,41.79%,43.95%,-0.209523,2026-09-25
AMZN,249.67,2026-09-28,2,Put,247.50,-0.87%,0.76,0.82,0.83,5044,1452,3.47,33.65%,22.83%,-0.295954,2026-09-25
SMCI,43.26,2026-10-02,6,Call,44.00,-1.71%,1.35,1.37,1.38,12235,3534,3.46,77.57%,76.11%,0.452839,2026-09-25
IREN,44.13,2026-10-02,6,Put,40.50,-8.23%,0.42,0.42,0.45,2807,812,3.46,80.13%,76.74%,-0.177121,2026-09-25
INTU,275.79,2027-03-19,174,Call,350.00,-26.91%,16.6,16.86,17.4,753,218,3.45,48.21%,51.29%,0.31916,2026-09-25
LITE,941.65,2026-10-02,6,Call,"1,050.00",-11.51%,5.8,5.8,6,880,255,3.45,73.00%,73.78%,0.136237,2026-09-25
HIMS,29.42,2026-10-02,6,Call,31.00,-5.37%,0.53,0.57,0.59,5705,1655,3.45,76.36%,76.41%,0.316135,2026-09-25
GME,23.39,2026-11-20,55,Call,27.00,-15.43%,1,1.03,1.07,4698,1366,3.44,53.91%,63.28%,0.315302,2026-09-25
ORCL,137.1,2026-10-02,6,Call,144.00,-5.03%,1.34,1.34,1.5,726,211,3.44,50.70%,54.70%,0.254731,2026-09-25
META,751.66,2026-09-30,4,Call,775.00,-3.11%,5.35,5.5,5.5,929,270,3.44,42.39%,44.05%,0.263821,2026-09-25
TSLA,372.11,2026-10-05,9,Put,350.00,-5.94%,2.05,2.06,2.12,1048,305,3.44,41.62%,41.13%,-0.160077,2026-09-25
SNDK,1777.8,2026-10-02,6,Put,"1,750.00",-1.56%,53.1,54.52,55.4,867,253,3.43,73.31%,75.06%,-0.413945,2026-09-25
AAPL,341.07,2026-09-30,4,Call,340.00,+0.31%,3.6,3.75,4.1,6312,1839,3.43,23.34%,22.60%,0.564028,2026-09-25
TSLA,372.11,2026-09-28,2,Call,360.00,+3.25%,12.35,12.4,12.65,1873,548,3.42,41.62%,31.98%,0.921961,2026-09-25
GOOGL,343.92,2026-09-28,2,Call,347.50,-1.04%,1.13,1.19,1.22,3747,1095,3.42,32.86%,25.04%,0.295022,2026-09-25
CIEN,356.91,2026-10-02,6,Put,330.00,-7.54%,2.3,3,3.4,658,193,3.41,63.01%,66.96%,-0.167817,2026-09-25
V,367.38,2026-12-18,83,Put,365.00,-0.65%,13.05,13.13,14.15,1202,352,3.41,22.28%,22.82%,-0.4347,2026-09-25
META,751.66,2026-10-05,9,Put,750.00,-0.22%,17.2,17.4,17.8,535,158,3.39,42.39%,39.57%,-0.468919,2026-09-25
TSLA,372.11,2026-09-30,4,Put,385.00,+3.46%,13.85,14.41,14.8,589,174,3.39,41.62%,37.10%,-0.803556,2026-09-25
AVGO,352.81,2026-09-30,4,Put,347.50,-1.51%,2.3,2.82,2.62,603,178,3.39,35.54%,32.00%,-0.316168,2026-09-25
META,751.66,2026-10-02,6,Call,710.00,+5.54%,44.75,43.9,47.85,1219,360,3.39,42.39%,48.00%,0.83321,2026-09-25
IREN,44.13,2026-10-02,6,Call,47.00,-6.50%,0.76,0.8,0.8,3280,968,3.39,80.13%,80.24%,0.289108,2026-09-25
IREN,44.13,2026-10-02,6,Call,45.00,-1.97%,1.4,1.4,1.45,5360,1582,3.39,80.13%,79.78%,0.446456,2026-09-25
CIFR,17.73,2026-10-02,6,Call,18.00,-1.52%,0.78,0.8,0.9,9189,2714,3.39,98.16%,105.59%,0.484345,2026-09-25
IREN,44.13,2026-10-02,6,Put,42.50,-3.69%,0.8,0.96,1.03,2419,715,3.38,80.13%,72.59%,-0.324308,2026-09-25
DOCU,67.5,2026-10-16,20,Put,62.50,-7.41%,0.82,0.8,1.01,700,208,3.37,44.76%,45.39%,-0.213222,2026-09-25
AMD,630.63,2026-09-30,4,Call,640.00,-1.49%,9.3,9.7,9.75,798,237,3.37,55.27%,51.25%,0.40509,2026-09-25
MU,1082.28,2026-09-28,2,Put,"1,055.00",-2.52%,4.05,4.2,4.2,1569,465,3.37,61.47%,43.42%,-0.207149,2026-09-25
AMD,630.63,2026-10-09,13,Call,705.00,-11.79%,4.7,4.9,5.1,648,193,3.36,55.27%,54.21%,0.152682,2026-09-25
YOU,39.6,2026-11-20,55,Put,35.00,-11.62%,1.35,1.69,1.5,715,213,3.36,50.61%,56.68%,-0.245911,2026-09-25
CIFR,17.73,2026-10-02,6,Call,19.00,-7.16%,0.45,0.49,0.51,5314,1580,3.36,98.16%,104.87%,0.329022,2026-09-25
AAPL,341.07,2026-09-30,4,Call,345.00,-1.15%,1.52,1.55,1.6,5707,1706,3.35,23.34%,21.60%,0.316314,2026-09-25
SOC,3.88,2026-10-09,13,Call,4.00,-3.09%,0.15,0.18,0.42,526,157,3.35,109.79%,114.65%,0.489545,2026-09-25
AMD,630.63,2026-10-09,13,Call,695.00,-10.21%,6,6.15,6.4,539,161,3.35,55.27%,53.74%,0.185648,2026-09-25
AVGO,352.81,2026-10-02,6,Call,352.50,+0.09%,6.3,6.45,6.6,961,287,3.35,35.54%,34.39%,0.521371,2026-09-25
GOOGL,343.92,2026-10-02,6,Call,337.50,+1.87%,9,9.4,9.6,634,191,3.32,32.86%,30.71%,0.696149,2026-09-25
AMD,630.63,2026-09-30,4,Call,630.00,+0.10%,13.6,14.1,14,1122,338,3.32,55.27%,50.72%,0.521295,2026-09-25
INTC,123,2026-10-23,27,Put,94.00,-23.58%,0.79,0.81,0.89,513,155,3.31,69.11%,73.03%,-0.071433,2026-09-25
INTC,123,2026-10-02,6,Call,134.00,-8.94%,1.13,1.14,1.18,552,167,3.31,69.11%,72.29%,0.19166,2026-09-25
BE,288.7,2026-10-02,6,Call,340.00,-17.77%,1.15,1.19,1.21,615,186,3.31,82.56%,88.10%,0.082886,2026-09-25
PYPL,55.04,2026-10-02,6,Put,53.00,-3.71%,0.49,0.54,0.66,1196,361,3.31,43.40%,49.46%,-0.263013,2026-09-25
MSTR,158.61,2026-10-02,6,Call,220.00,-38.71%,0.06,0.11,0.13,3423,1035,3.31,68.11%,110.42%,0.012699,2026-09-25
AMD,630.63,2026-09-28,2,Call,652.50,-3.47%,1.58,1.7,1.69,742,225,3.3,55.27%,44.21%,0.15413,2026-09-25
ALAB,364.62,2026-10-16,20,Put,350.00,-4.01%,19.25,20,21.05,955,289,3.3,84.74%,81.45%,-0.374793,2026-09-25
CVX,204.45,2026-10-09,13,Put,195.00,-4.62%,0.98,1.07,1.21,961,291,3.3,28.12%,28.34%,-0.180013,2026-09-25
INTC,123,2026-09-28,2,Put,117.00,-4.88%,0.23,0.23,0.25,1874,568,3.3,69.11%,54.01%,-0.101112,2026-09-25
CPNG,13.88,2027-01-15,111,Call,15.00,-8.07%,1.12,1.15,1.18,1889,573,3.3,48.28%,49.97%,0.461114,2026-09-25
PLTR,189.67,2026-10-16,20,Put,190.00,+0.17%,8.05,8.15,8.25,3551,1075,3.3,52.42%,46.10%,-0.478845,2026-09-25
SMCI,43.26,2026-10-02,6,Call,42.50,+1.76%,2.05,2.11,2.11,2906,884,3.29,77.57%,75.60%,0.594043,2026-09-25
ASTS,61.81,2026-10-16,20,Call,68.00,-10.01%,1.68,2.09,2.63,611,187,3.27,77.60%,75.36%,0.329673,2026-09-25
CVX,204.45,2026-10-02,6,Call,210.00,-2.71%,0.91,0.97,1.04,3200,980,3.27,28.12%,27.87%,0.232691,2026-09-25
TSLA,372.11,2026-10-09,13,Call,375.00,-0.78%,10.4,10.43,10.5,3357,1026,3.27,41.62%,41.27%,0.48301,2026-09-25
IONQ,45.48,2026-10-02,6,Put,43.00,-5.45%,0.68,0.74,0.87,968,297,3.26,75.87%,77.39%,-0.267493,2026-09-25
INTC,123,2026-09-28,2,Put,116.00,-5.69%,0.15,0.16,0.17,1162,358,3.25,69.11%,54.85%,-0.071062,2026-09-25
IREN,44.13,2026-10-02,6,Call,46.50,-5.37%,0.88,0.91,0.95,1185,365,3.25,80.13%,80.19%,0.325514,2026-09-25
NFLX,71.14,2026-10-02,6,Call,71.00,+0.20%,1.16,1.19,1.2,3725,1147,3.25,35.73%,29.78%,0.535571,2026-09-25
IBM,225.51,2026-10-02,6,Put,217.50,-3.55%,0.88,1.13,1.08,535,165,3.24,38.20%,32.55%,-0.186437,2026-09-25
TSLA,372.11,2026-10-16,20,Put,347.50,-6.61%,4.45,4.39,4.55,636,196,3.24,41.62%,40.40%,-0.214563,2026-09-25
INTC,123,2026-09-30,4,Call,127.00,-3.25%,1.8,1.83,1.88,2195,677,3.24,69.11%,66.37%,0.33707,2026-09-25
AMD,630.63,2026-09-30,4,Call,635.00,-0.69%,11.3,11.8,11.7,1086,336,3.23,55.27%,50.91%,0.462181,2026-09-25
CMG,31.33,2026-10-02,6,Put,31.00,-1.05%,0.42,0.42,0.5,1029,320,3.22,40.78%,38.81%,-0.401904,2026-09-25
LITE,941.65,2026-10-02,6,Put,900.00,-4.42%,16.5,16.9,17,1184,368,3.22,73.00%,71.66%,-0.293071,2026-09-25
FSLY,24.96,2026-10-09,13,Call,30.00,-20.19%,0.2,0.5,0.75,1566,487,3.22,98.37%,101.45%,0.195517,2026-09-25
CRWV,87.59,2026-10-02,6,Call,88.00,-0.47%,3.05,3.09,3.15,2489,772,3.22,74.37%,72.96%,0.501465,2026-09-25
INTC,123,2026-10-02,6,Put,125.00,+1.63%,5.3,5.35,5.45,5420,1682,3.22,69.11%,68.43%,-0.553672,2026-09-25
MSTR,158.61,2026-10-02,6,Call,160.00,-0.88%,5,5.2,5.2,5303,1654,3.21,68.11%,70.26%,0.482156,2026-09-25
LEN,82.15,2026-12-18,83,Call,105.00,-27.81%,0.65,0.85,1.15,867,270,3.21,39.38%,40.57%,0.123739,2026-09-25
META,751.66,2026-10-02,6,Call,765.00,-1.77%,11.55,11.5,11.7,2444,761,3.21,42.39%,44.65%,0.3942,2026-09-25
META,751.66,2026-10-02,6,Call,780.00,-3.77%,7.2,7.16,7.55,3084,960,3.21,42.39%,45.93%,0.277889,2026-09-25
MU,1082.28,2026-10-02,6,Call,"1,450.00",-33.98%,0.66,0.69,0.82,1260,394,3.2,61.47%,102.17%,0.015298,2026-09-25
TSLA,372.11,2026-09-30,4,Call,385.00,-3.46%,1.76,1.78,1.81,4963,1551,3.2,41.62%,39.04%,0.211123,2026-09-25
PBR,20.37,2026-10-30,34,Call,22.00,-8.00%,0.7,0.75,0.89,928,291,3.19,49.98%,56.90%,0.361413,2026-09-25
AMD,630.63,2026-09-30,4,Call,620.00,+1.69%,18.95,20.05,19.7,1250,392,3.19,55.27%,50.44%,0.639261,2026-09-25
BE,288.7,2027-02-19,146,Call,400.00,-38.55%,29.6,31.4,31.1,2059,645,3.19,82.56%,83.78%,0.374911,2026-09-25
PLTR,189.67,2026-10-23,27,Put,152.50,-19.60%,0.71,0.69,0.81,592,186,3.18,52.42%,54.59%,-0.059249,2026-09-25
MCD,236.5,2026-10-02,6,Call,237.50,-0.42%,2.25,2.26,2.34,729,229,3.18,21.85%,22.72%,0.449698,2026-09-25
TSLA,372.11,2026-09-30,4,Call,382.50,-2.79%,2.27,2.28,2.32,3179,1000,3.18,41.62%,38.67%,0.257961,2026-09-25
OPEN,2.57,2026-10-02,6,Call,2.50,+2.72%,0.13,0.13,0.15,5843,1838,3.18,77.59%,77.31%,0.631062,2026-09-25
ORCL,137.1,2026-10-02,6,Call,145.00,-5.76%,1.18,1.18,1.24,6293,1978,3.18,50.70%,54.85%,0.224803,2026-09-25
FIVN,35.77,2028-12-15,811,Call,17.50,+51.08%,20.8,23.5,25.4,574,181,3.17,75.23%,72.64%,0.903418,2026-09-25
TEM,85.01,2026-10-02,6,Call,100.00,-17.63%,0.4,0.42,0.47,808,255,3.17,83.01%,92.59%,0.09623,2026-09-25
IREN,44.13,2026-10-02,6,Put,41.50,-5.96%,0.65,0.68,0.73,919,290,3.17,80.13%,77.50%,-0.250579,2026-09-25
MRNA,198.88,2026-11-20,55,Put,155.00,-22.06%,9.1,9.5,10,1060,335,3.16,89.70%,96.27%,-0.192717,2026-09-25
HOOD,119.4,2026-10-02,6,Call,118.00,+1.17%,4.6,4.85,4.85,1267,401,3.16,62.13%,64.99%,0.575699,2026-09-25
IREN,44.13,2026-10-02,6,Call,45.50,-3.10%,1.19,1.19,1.27,1402,444,3.16,80.13%,79.67%,0.403952,2026-09-25
MRNA,198.88,2026-10-02,6,Call,210.00,-5.59%,4.25,4.8,4.8,2841,898,3.16,89.70%,85.85%,0.332328,2026-09-25
COHR,295.83,2026-10-02,6,Call,320.00,-8.17%,3.1,3.6,3.9,571,181,3.15,73.45%,75.09%,0.223295,2026-09-25
SMCI,43.26,2026-10-02,6,Put,41.50,-4.07%,0.87,0.89,0.93,1074,341,3.15,77.57%,75.72%,-0.314854,2026-09-25
PAA,24.42,2027-01-15,111,Put,24.00,-1.72%,0.7,1.05,1.05,1671,530,3.15,21.82%,18.90%,-0.432373,2026-09-25
BMNR,27.56,2026-10-02,6,Call,29.00,-5.22%,0.55,0.56,0.58,4457,1414,3.15,75.78%,78.71%,0.327001,2026-09-25
GME,23.39,2026-10-16,20,Put,22.00,-5.94%,0.47,0.51,0.53,8658,2757,3.14,53.91%,49.28%,-0.280849,2026-09-25
JD,26.51,2026-10-09,13,Call,28.00,-5.62%,0.1,0.16,0.2,898,286,3.14,34.90%,32.17%,0.177629,2026-09-25
META,751.66,2026-09-30,4,Call,805.00,-7.10%,1.42,1.41,1.45,1151,368,3.13,42.39%,46.89%,0.086245,2026-09-25
MCD,236.5,2026-10-02,6,Call,240.00,-1.48%,1.3,1.35,1.41,1514,483,3.13,21.85%,22.56%,0.312266,2026-09-25
MU,1082.28,2026-09-28,2,Put,"1,050.00",-2.98%,3.15,3.3,3.35,3369,1077,3.13,61.47%,43.93%,-0.170193,2026-09-25
SMCI,43.26,2026-10-23,27,Put,40.00,-7.54%,1.82,1.82,1.98,1069,343,3.12,77.57%,73.61%,-0.307262,2026-09-25
MSFT,516.17,2026-10-02,6,Call,532.50,-3.16%,2.15,2.19,2.45,1643,527,3.12,29.09%,29.28%,0.21269,2026-09-25
SIRI,25.85,2026-10-16,20,Put,26.00,+0.58%,0.8,0.78,0.9,3795,1219,3.11,33.97%,32.04%,-0.514373,2026-09-25
IOVA,11,2026-10-09,13,Call,11.00,0.00%,0.5,0.65,0.8,661,213,3.1,93.92%,77.69%,0.532977,2026-09-25
CMG,31.33,2026-10-02,6,Put,30.50,-2.65%,0.24,0.25,0.44,849,274,3.1,40.78%,43.13%,-0.300385,2026-09-25
MSFT,516.17,2027-01-15,111,Call,775.00,-50.14%,0.18,0.26,0.33,1020,329,3.1,29.09%,29.55%,0.009445,2026-09-25
ORCL,137.1,2026-10-02,6,Put,137.00,-0.07%,3.4,3.55,3.55,1645,531,3.1,50.70%,50.65%,-0.480489,2026-09-25
TSLA,372.11,2026-09-30,4,Call,387.50,-4.14%,1.35,1.38,1.39,1797,580,3.1,41.62%,39.35%,0.170301,2026-09-25
AMD,630.63,2026-10-02,6,Put,635.00,+0.69%,19.05,19.45,20,628,203,3.09,55.27%,53.92%,-0.523206,2026-09-25
CSCO,106.7,2026-10-02,6,Put,106.00,-0.66%,1.02,1.45,1.96,865,280,3.09,34.25%,33.74%,-0.428046,2026-09-25
CRDO,210.97,2026-10-09,13,Put,145.00,-31.27%,0,0.14,1.5,828,269,3.08,77.79%,118.72%,-0.03662,2026-09-25
META,751.66,2026-09-30,4,Call,765.00,-1.77%,8.1,8.15,8.25,938,305,3.08,42.39%,43.34%,0.360747,2026-09-25
PFE,28.67,2026-10-02,6,Put,28.00,-2.34%,0.1,0.11,0.13,3124,1013,3.08,24.43%,24.22%,-0.221323,2026-09-25
MSTR,158.61,2026-10-02,6,Put,155.00,-2.28%,3.7,3.82,3.9,8041,2610,3.08,68.11%,68.01%,-0.376806,2026-09-25
CRWD,252.13,2026-10-02,6,Call,257.50,-2.13%,4.7,4.85,5,546,178,3.07,55.15%,54.92%,0.399332,2026-09-25
META,751.66,2026-10-02,6,Call,755.00,-0.44%,15.55,15.41,16.05,3247,1059,3.07,42.39%,44.68%,0.484661,2026-09-25
PURR,12.85,2026-10-02,6,Call,14.50,-12.84%,0.2,0.22,0.25,942,308,3.06,101.78%,112.96%,0.224394,2026-09-25
SNDK,1777.8,2026-10-02,6,Call,"1,780.00",-0.12%,63.8,68.49,69.2,955,312,3.06,73.31%,73.72%,0.516327,2026-09-25
META,751.66,2026-10-02,6,Put,735.00,-2.22%,9.45,9.45,9.65,949,311,3.05,42.39%,43.97%,-0.331833,2026-09-25
SMCI,43.26,2026-10-02,6,Call,47.00,-8.65%,0.54,0.54,0.56,4380,1435,3.05,77.57%,79.81%,0.225707,2026-09-25
UBER,69.62,2026-10-09,13,Call,73.00,-4.85%,0.57,0.6,0.6,4453,1461,3.05,35.42%,32.81%,0.238074,2026-09-25
INTC,123,2026-10-02,6,Call,126.00,-2.44%,3.05,3.1,3.15,4750,1559,3.05,69.11%,69.31%,0.412768,2026-09-25
META,751.66,2026-09-30,4,Put,725.00,-3.55%,4,4.1,4.1,678,223,3.04,42.39%,43.58%,-0.205461,2026-09-25
FIG,20.85,2026-10-02,6,Call,23.00,-10.31%,0.08,0.15,0.16,2256,743,3.04,70.77%,66.95%,0.137185,2026-09-25
TSLA,372.11,2026-10-02,6,Put,382.50,+2.79%,14.65,14.4,14.95,949,313,3.03,41.62%,45.54%,-0.668446,2026-09-25
AMD,630.63,2026-09-30,4,Put,600.00,-4.86%,3.3,3.35,3.55,1193,394,3.03,55.27%,53.16%,-0.176299,2026-09-25
CVX,204.45,2026-10-02,6,Put,202.50,-0.95%,1.9,2.08,2.19,1551,512,3.03,28.12%,28.09%,-0.38729,2026-09-25
TSLA,372.11,2026-10-02,6,Put,365.00,-1.91%,5.25,5.32,5.4,5343,1764,3.03,41.62%,45.04%,-0.354802,2026-09-25
PYPL,55.04,2026-10-02,6,Put,52.00,-5.52%,0.23,0.3,0.38,5393,1779,3.03,43.40%,47.58%,-0.166238,2026-09-25
NVDA,225.07,2026-09-30,4,Call,235.00,-4.41%,0.28,0.28,0.29,7493,2471,3.03,33.63%,29.94%,0.088515,2026-09-25
AMZN,249.67,2026-09-28,2,Put,242.50,-2.87%,0.11,0.11,0.12,4994,1653,3.02,33.65%,25.26%,-0.05724,2026-09-25
PSKY,9.96,2029-01-19,846,Call,20.00,-100.80%,1.35,1.4,1.5,559,185,3.02,59.30%,56.27%,0.362642,2026-09-25
NVDA,225.07,2026-10-16,20,Call,247.50,-9.97%,0.66,0.69,0.68,553,184,3.01,33.63%,29.52%,0.094591,2026-09-25
AAPL,341.07,2026-10-05,9,Call,340.00,+0.31%,4.9,5.05,5.7,678,225,3.01,23.34%,21.50%,0.554083,2026-09-25
GME,23.39,2026-10-30,34,Put,21.00,-10.22%,0.32,0.44,0.54,981,326,3.01,53.91%,47.28%,-0.209391,2026-09-25
PLTR,189.67,2026-10-02,6,Call,195.00,-2.81%,2.52,2.62,2.62,9081,3014,3.01,52.42%,48.04%,0.341329,2026-09-25
MRNA,198.88,2026-10-02,6,Put,167.50,-15.78%,0.33,0.4,0.47,662,221,3,89.70%,81.74%,-0.044892,2026-09-25
MU,1082.28,2026-09-28,2,Put,990.00,-8.53%,0.27,0.3,0.32,680,227,3,61.47%,57.75%,-0.017403,2026-09-25
CBRS,206.75,2026-10-02,6,Call,200.00,+3.26%,9.7,12.5,15.2,702,234,3,77.85%,82.52%,0.645329,2026-09-25
XOM,160.59,2026-10-02,6,Call,162.50,-1.19%,1.49,1.54,1.62,1774,592,3,29.53%,28.76%,0.383374,2026-09-25
NOW,135.62,2026-10-02,6,Put,137.00,+1.02%,4.35,4.39,4.55,517,173,2.99,54.62%,53.99%,-0.541669,2026-09-25
MU,1082.28,2026-09-28,2,Call,"1,155.00",-6.72%,0.49,0.52,0.56,812,272,2.99,61.47%,47.86%,0.035005,2026-09-25
MRVL,261.93,2026-10-02,6,Call,272.50,-4.04%,4.55,4.8,4.8,564,189,2.98,66.18%,65.36%,0.336285,2026-09-25
INTC,123,2026-09-30,4,Put,127.00,+3.25%,5.75,5.8,5.9,623,209,2.98,69.11%,66.98%,-0.661905,2026-09-25
EIX,52.65,2026-10-16,20,Call,52.50,+0.28%,1.2,1.49,1.6,837,281,2.98,36.94%,27.70%,0.522659,2026-09-25
GME,23.39,2026-10-02,6,Call,19.50,+16.63%,3.8,3.95,4.1,1007,338,2.98,53.91%,92.16%,0.945228,2026-09-25
NAT,7.72,2028-01-21,482,Call,10.00,-29.53%,0.45,0.71,1.05,510,172,2.97,47.09%,50.20%,0.336403,2026-09-25
GEN,21.62,2026-10-16,20,Put,20.00,-7.49%,0.35,0.45,0.45,1297,437,2.97,54.88%,52.34%,-0.240678,2026-09-25
RIVN,15.47,2029-01-19,846,Call,15.00,+3.04%,5.85,6.53,7.55,1374,463,2.97,58.20%,66.83%,0.742002,2026-09-25
TSLA,372.11,2026-10-09,13,Put,360.00,-3.25%,6,6.1,6.15,2190,737,2.97,41.62%,40.89%,-0.314632,2026-09-25
SPCX,148.68,2026-10-16,20,Put,195.00,+31.15%,44.9,45.9,47.9,612,207,2.96,48.56%,60.46%,-0.975757,2026-09-25
PSKY,9.96,2026-11-20,55,Call,10.00,-0.40%,0.88,0.91,1.03,820,277,2.96,59.30%,62.55%,0.545057,2026-09-25
BTDR,11.51,2026-10-02,6,Call,13.00,-12.95%,0.05,0.11,0.15,1716,579,2.96,95.54%,88.09%,0.154855,2026-09-25
AMD,630.63,2026-09-30,4,Put,630.00,-0.10%,13,13.05,13.8,623,211,2.95,55.27%,52.55%,-0.479305,2026-09-25
BMY,62.86,2026-10-02,6,Put,62.00,-1.37%,0.64,0.74,0.81,672,228,2.95,30.36%,34.52%,-0.369271,2026-09-25
CLSK,13.95,2026-11-20,55,Put,12.00,-13.98%,0.75,0.86,0.85,1282,434,2.95,81.45%,80.86%,-0.256926,2026-09-25
FSLR,177.71,2026-10-02,6,Call,190.00,-6.92%,0.97,1.14,1.22,1402,476,2.95,54.86%,53.07%,0.173756,2026-09-25
AVGO,352.81,2026-09-30,4,Call,352.50,+0.09%,4.75,5.15,5.2,706,240,2.94,35.54%,32.30%,0.521146,2026-09-25
SMCI,43.26,2026-10-09,13,Put,40.00,-7.54%,0.96,0.98,1.03,738,251,2.94,77.57%,72.81%,-0.258567,2026-09-25
FSLY,24.96,2026-11-20,55,Call,25.00,-0.16%,4,4.19,4.2,1110,378,2.94,98.37%,105.61%,0.585404,2026-09-25
WMB,69.26,2026-10-16,20,Call,76.00,-9.73%,0.1,0.18,0.25,1300,442,2.94,29.41%,28.18%,0.085603,2026-09-25
AMZN,249.67,2026-10-02,6,Call,247.50,+0.87%,5,5.7,5.7,2494,847,2.94,33.65%,32.11%,0.598014,2026-09-25
AMD,630.63,2026-09-28,2,Call,657.50,-4.26%,1.05,1.16,1.17,533,182,2.93,55.27%,45.19%,0.110393,2026-09-25
CDW,135.43,2026-10-16,20,Call,150.00,-10.76%,0.85,1.66,1.95,928,317,2.93,47.24%,45.62%,0.185749,2026-09-25
GOOG,341.08,2026-10-02,6,Call,345.00,-1.15%,3.7,3.79,3.8,3837,1310,2.93,32.55%,30.82%,0.399586,2026-09-25
MGM,32.58,2026-10-16,20,Put,30.00,-7.92%,0.2,0.25,0.3,622,213,2.92,37.96%,37.76%,-0.158841,2026-09-25
MSFT,516.17,2026-09-28,2,Call,507.50,+1.68%,8.95,9.87,10.25,1073,367,2.92,29.09%,24.31%,0.831455,2026-09-25
MSFT,516.17,2026-10-09,13,Put,480.00,-7.01%,1.07,1.08,1.17,1795,614,2.92,29.09%,28.99%,-0.084664,2026-09-25
TSLA,372.11,2026-10-30,34,Call,375.00,-0.78%,19.3,19.4,19.8,2115,724,2.92,41.62%,44.73%,0.515478,2026-09-25
ORCL,137.1,2026-10-02,6,Call,140.00,-2.12%,2.38,2.42,2.48,6087,2084,2.92,50.70%,51.94%,0.391538,2026-09-25
NVDA,225.07,2026-09-30,4,Call,227.50,-1.08%,1.74,1.76,1.76,14341,4906,2.92,33.63%,29.27%,0.373383,2026-09-25
BMY,62.86,2026-11-20,55,Call,65.00,-3.40%,2.14,2.25,2.24,11315,3882,2.91,30.36%,31.88%,0.415632,2026-09-25
META,751.66,2026-10-02,6,Call,747.50,+0.55%,19.1,19.2,19.35,593,204,2.91,42.39%,43.90%,0.55458,2026-09-25
MSFT,516.17,2026-09-30,4,Call,515.00,+0.23%,6.5,6.75,6.9,2843,977,2.91,29.09%,27.88%,0.541505,2026-09-25
INTC,123,2026-09-28,2,Put,122.00,-0.81%,1.42,1.44,1.49,3855,1325,2.91,69.11%,53.15%,-0.408542,2026-09-25
RIOT,23,2026-10-02,6,Put,25.00,+8.70%,1.89,2.4,2.61,1643,566,2.9,83.66%,76.74%,-0.786968,2026-09-25
MSFT,516.17,2026-09-28,2,Call,510.00,+1.20%,7.4,7.5,7.95,5689,1962,2.9,29.09%,24.70%,0.750593,2026-09-25
SPCX,148.68,2026-10-02,6,Call,148.00,+0.46%,4.05,4.07,4.15,5740,1981,2.9,48.56%,48.79%,0.545697,2026-09-25
AMZN,249.67,2026-10-02,6,Call,250.00,-0.13%,3.7,3.75,3.85,13779,4762,2.89,33.65%,30.22%,0.500709,2026-09-25
GOOGL,343.92,2026-09-30,4,Call,347.50,-1.04%,2.53,2.78,2.98,523,181,2.89,32.86%,29.49%,0.379345,2026-09-25
INTC,123,2026-09-30,4,Call,129.00,-4.88%,1.3,1.37,1.37,1007,349,2.89,69.11%,67.38%,0.262833,2026-09-25
MSFT,516.17,2026-10-30,34,Call,570.00,-10.43%,4.75,5.35,5.35,1207,418,2.89,29.09%,33.25%,0.184819,2026-09-25
APLD,26.25,2026-10-02,6,Put,26.50,+0.95%,1.14,1.22,1.25,1443,500,2.89,90.91%,79.62%,-0.514737,2026-09-25
MU,1082.28,2026-09-28,2,Put,"1,000.00",-7.60%,0.36,0.39,0.41,3235,1118,2.89,61.47%,54.35%,-0.023281,2026-09-25
SMCI,43.26,2026-10-09,13,Call,44.50,-2.87%,1.84,1.9,1.93,573,199,2.88,77.57%,73.64%,0.450682,2026-09-25
QCOM,201.97,2026-10-16,20,Put,200.00,-0.98%,7.55,7.6,8.25,1282,445,2.88,51.15%,47.74%,-0.439309,2026-09-25
IREN,44.13,2026-10-30,34,Put,36.00,-18.42%,0.82,0.91,1,594,207,2.87,80.13%,75.17%,-0.154749,2026-09-25
COST,922.77,2026-10-02,6,Call,"1,000.00",-8.37%,0.17,0.2,0.21,1496,522,2.87,19.99%,28.74%,0.015834,2026-09-25
AAPL,341.07,2026-10-02,6,Call,352.50,-3.35%,0.59,0.61,0.67,3111,1083,2.87,23.34%,22.22%,0.130837,2026-09-25
TSLA,372.11,2026-09-30,4,Call,400.00,-7.50%,0.38,0.39,0.4,9501,3315,2.87,41.62%,42.61%,0.056091,2026-09-25
DELL,562.89,2026-10-02,6,Call,600.00,-6.59%,5.8,5.9,6.1,5044,1761,2.86,61.02%,63.66%,0.231293,2026-09-25
NVDA,225.07,2026-09-28,2,Put,220.00,-2.25%,0.32,0.34,0.34,17119,5980,2.86,33.63%,28.51%,-0.136011,2026-09-25
TSM,450.61,2026-10-02,6,Call,467.50,-3.75%,1.43,1.86,2.35,538,188,2.86,33.38%,31.65%,0.191055,2026-09-25
OPEN,2.57,2026-10-23,27,Call,2.50,+2.72%,0.22,0.24,0.27,879,307,2.86,77.59%,74.44%,0.599426,2026-09-25
INTC,123,2026-09-30,4,Put,123.00,0.00%,3.25,3.25,3.4,1343,470,2.86,69.11%,65.16%,-0.484581,2026-09-25
QCOM,201.97,2026-10-02,6,Call,212.50,-5.21%,1.95,2.03,2.17,548,192,2.85,51.15%,55.37%,0.249525,2026-09-25
RKT,12.17,2026-10-30,34,Call,14.00,-15.04%,0.25,0.3,0.35,1184,416,2.85,60.07%,58.73%,0.251047,2026-09-25
PCG,12.34,2026-11-20,55,Call,12.00,+2.76%,1.03,1.05,1.43,1584,555,2.85,43.77%,54.87%,0.59901,2026-09-25
AAPL,341.07,2026-09-30,4,Put,330.00,-3.25%,0.36,0.39,0.41,2126,747,2.85,23.34%,24.40%,-0.093614,2026-09-25
CCL,22.25,2026-10-02,6,Put,22.50,+1.12%,0.86,0.9,0.94,2195,770,2.85,48.85%,67.41%,-0.533397,2026-09-25
CLSK,13.95,2026-10-02,6,Put,14.00,+0.36%,0.56,0.59,0.65,941,331,2.84,81.45%,81.72%,-0.490785,2026-09-25
TSLA,372.11,2026-10-05,9,Call,405.00,-8.84%,1.32,1.43,1.37,1206,425,2.84,41.62%,42.93%,0.113431,2026-09-25
FCX,72.31,2027-06-17,264,Put,55.00,-23.94%,3.2,3.47,3.85,3001,1056,2.84,46.26%,48.62%,-0.178103,2026-09-25
META,751.66,2026-09-28,2,Put,760.00,+1.11%,12.75,12.65,13,3607,1272,2.84,42.39%,36.37%,-0.652264,2026-09-25
ERAS,14.25,2026-11-20,55,Call,15.00,-5.26%,1.8,1.9,2.2,7626,2681,2.84,96.76%,103.24%,0.53481,2026-09-25
F,12.71,2026-10-02,6,Call,13.00,-2.28%,0.1,0.1,0.11,13473,4767,2.83,34.41%,33.59%,0.306668,2026-09-25
PSKY,9.96,2027-03-19,174,Call,12.00,-20.48%,0.9,1,1.11,15215,5370,2.83,59.30%,60.90%,0.41372,2026-09-25
NUAI,7.06,2026-10-16,20,Call,8.00,-13.31%,0.35,0.4,0.5,795,281,2.83,116.08%,114.90%,0.373565,2026-09-25
UNH,376.59,2026-10-02,6,Call,377.50,-0.24%,4.8,6.27,6.4,899,318,2.83,41.37%,31.14%,0.486038,2026-09-25
AAPL,341.07,2026-09-30,4,Call,337.50,+1.05%,5.15,5.15,5.4,3013,1066,2.83,23.34%,21.72%,0.688451,2026-09-25
TSLA,372.11,2026-10-05,9,Call,377.50,-1.45%,7.1,7.15,7.25,620,220,2.82,41.62%,40.39%,0.428605,2026-09-25
MSFT,516.17,2026-10-09,13,Call,535.00,-3.65%,3.65,3.87,4.25,1883,668,2.82,29.09%,27.01%,0.256082,2026-09-25
INTC,123,2026-10-02,6,Call,127.00,-3.25%,2.71,2.77,2.78,1903,674,2.82,69.11%,69.42%,0.378747,2026-09-25
GME,23.39,2026-10-02,6,Put,22.50,-3.81%,0.24,0.25,0.27,3140,1114,2.82,53.91%,50.69%,-0.266251,2026-09-25
MARA,12.55,2026-10-02,6,Call,14.00,-11.55%,0.13,0.14,0.14,13417,4752,2.82,82.53%,88.39%,0.183355,2026-09-25
HOOD,119.4,2026-10-02,6,Call,120.00,-0.50%,3.75,3.7,3.75,9936,3538,2.81,62.13%,65.48%,0.495959,2026-09-25
NVDA,225.07,2026-10-05,9,Put,215.00,-4.47%,0.93,0.94,0.99,975,347,2.81,33.63%,30.91%,-0.162717,2026-09-25
AAPL,341.07,2026-10-02,6,Put,337.50,-1.05%,2.27,2.3,2.38,3438,1225,2.81,23.34%,22.58%,-0.346345,2026-09-25
DELL,562.89,2026-10-02,6,Call,610.00,-8.37%,4.2,4.2,4.5,610,218,2.8,61.02%,64.72%,0.178649,2026-09-25
AMZN,249.67,2026-09-30,4,Put,257.50,+3.14%,7.3,8.1,9.55,1093,390,2.8,33.65%,29.69%,-0.835693,2026-09-25
XYZ,76.42,2026-10-02,6,Call,81.00,-5.99%,0.2,0.42,0.39,2435,870,2.8,43.77%,41.39%,0.144925,2026-09-25
CLF,12.18,2026-10-02,6,Call,12.50,-2.63%,0.23,0.28,0.29,2981,1066,2.8,64.98%,63.14%,0.391148,2026-09-25
NVDA,225.07,2026-10-07,11,Call,225.00,+0.03%,4.6,4.91,4.8,502,180,2.79,33.63%,29.20%,0.520657,2026-09-25
META,751.66,2026-09-30,4,Call,790.00,-5.10%,2.8,2.82,2.92,855,306,2.79,42.39%,45.54%,0.155888,2026-09-25
GLND,5.54,2026-11-20,55,Call,7.00,-26.35%,0.5,0.55,0.7,882,316,2.79,176.06%,123.16%,0.406032,2026-09-25
BE,288.7,2026-10-02,6,Call,310.00,-7.38%,4.8,4.86,4.95,1221,438,2.79,82.56%,83.32%,0.27191,2026-09-25
BE,288.7,2026-10-02,6,Put,270.00,-6.48%,4.45,4.63,4.6,1521,545,2.79,82.56%,81.24%,-0.241813,2026-09-25
AMZN,249.67,2026-09-28,2,Put,245.00,-1.87%,0.28,0.3,0.31,3006,1076,2.79,33.65%,23.45%,-0.133972,2026-09-25
META,751.66,2026-09-30,4,Put,747.50,-0.55%,11.3,11.4,11.55,576,207,2.78,42.39%,43.21%,-0.439378,2026-09-25
CBRS,206.75,2026-10-16,20,Call,290.00,-40.27%,0.7,1.1,1.5,640,230,2.78,77.85%,88.31%,0.063861,2026-09-25
BB,8.21,2026-10-23,27,Call,8.50,-3.53%,0.36,0.41,0.46,710,255,2.78,59.85%,58.87%,0.452714,2026-09-25
TSLA,372.11,2026-10-30,34,Call,370.00,+0.57%,21.45,22.01,22,875,315,2.78,41.62%,44.24%,0.554549,2026-09-25
GME,23.39,2026-11-20,55,Call,22.00,+5.94%,2.54,2.6,2.75,1848,664,2.78,53.91%,54.95%,0.644981,2026-09-25
TSLA,372.11,2026-10-30,34,Call,360.00,+3.25%,27.1,27.25,27.4,1196,431,2.77,41.62%,44.56%,0.632566,2026-09-25
MU,1082.28,2026-10-02,6,Call,"1,310.00",-21.04%,3.1,3.41,3.35,586,212,2.76,61.47%,92.40%,0.060894,2026-09-25
IOVA,11,2026-10-02,6,Put,10.00,-9.09%,0,0.15,0.65,773,280,2.76,93.92%,134.13%,-0.259937,2026-09-25
AVGO,352.81,2026-09-30,4,Call,355.00,-0.62%,3.7,3.8,4,912,331,2.76,35.54%,32.58%,0.438652,2026-09-25
NKE,35.75,2027-06-17,264,Call,35.00,+2.10%,5.45,5.55,5.75,2870,1038,2.76,50.20%,45.08%,0.583584,2026-09-25
CRWD,252.13,2026-10-02,6,Call,267.50,-6.10%,2.07,2.22,2.34,564,205,2.75,55.15%,56.26%,0.219013,2026-09-25
VKTX,35.56,2026-10-16,20,Call,36.00,-1.24%,2.12,2.31,2.39,628,228,2.75,70.16%,72.97%,0.510319,2026-09-25
LYFT,14.86,2026-10-02,6,Call,15.50,-4.31%,0.01,0.15,0.16,715,260,2.75,49.07%,38.56%,0.209373,2026-09-25
MU,1082.28,2026-10-02,6,Put,580.00,-46.41%,0.01,0.11,0.22,502,183,2.74,61.47%,171.37%,-0.001585,2026-09-25
ZETA,29.45,2026-10-02,6,Call,32.00,-8.66%,0.1,0.2,0.43,509,186,2.74,66.63%,69.77%,0.19036,2026-09-25
MDB,410.44,2026-10-16,20,Put,400.00,-2.54%,16.95,17.47,19.05,570,208,2.74,61.25%,61.34%,-0.396136,2026-09-25
TSLA,372.11,2026-10-05,9,Call,385.00,-3.46%,4.6,4.65,4.75,1239,452,2.74,41.62%,40.82%,0.314092,2026-09-25
DKNG,22.02,2026-10-02,6,Put,21.00,-4.63%,0.2,0.25,0.37,619,227,2.73,55.97%,61.86%,-0.259531,2026-09-25
BABA,109.74,2026-10-02,6,Put,101.00,-7.96%,0.07,0.1,0.17,641,235,2.73,38.73%,40.00%,-0.050012,2026-09-25
INTC,123,2026-10-02,6,Call,124.00,-0.81%,3.8,3.9,4,1858,681,2.73,69.11%,68.89%,0.4836,2026-09-25
BYND,8.35,2027-01-15,111,Put,5.00,-40.12%,0.35,0.41,0.45,515,189,2.72,105.05%,109.34%,-0.120905,2026-09-25
UPS,93.96,2026-10-02,6,Call,95.00,-1.11%,0.71,0.78,0.85,579,213,2.72,30.45%,25.80%,0.371005,2026-09-25
BE,288.7,2026-10-02,6,Put,275.00,-4.75%,5.9,6.06,6.1,715,263,2.72,82.56%,80.82%,-0.299308,2026-09-25
WMT,107.98,2026-10-02,6,Call,108.00,-0.02%,1.29,1.3,1.32,3212,1179,2.72,26.20%,23.34%,0.509943,2026-09-25
CGEM,14.81,2027-12-17,447,Put,17.00,+14.79%,6.6,6.99,7.7,589,217,2.71,89.10%,97.54%,-0.333883,2026-09-25
TSLA,372.11,2026-09-30,4,Put,342.50,-7.96%,0.35,0.36,0.37,617,228,2.71,41.62%,47.92%,-0.045899,2026-09-25
TSLA,372.11,2026-10-05,9,Call,382.50,-2.79%,5.35,5.4,5.45,738,272,2.71,41.62%,40.60%,0.35009,2026-09-25
QCOM,201.97,2026-10-02,6,Call,230.00,-13.88%,0.32,0.39,0.44,1333,492,2.71,51.15%,62.33%,0.056821,2026-09-25
TSLA,372.11,2026-09-28,2,Put,355.00,-4.60%,0.2,0.21,0.22,3054,1128,2.71,41.62%,38.52%,-0.047263,2026-09-25
MSFT,516.17,2026-10-09,13,Call,560.00,-8.49%,0.8,0.86,0.9,522,193,2.7,29.09%,28.44%,0.070675,2026-09-25
BABA,109.74,2026-10-02,6,Put,103.00,-6.14%,0.17,0.21,0.23,784,290,2.7,38.73%,36.45%,-0.083671,2026-09-25
MSFT,516.17,2026-10-02,6,Call,560.00,-8.49%,0.25,0.27,0.28,1624,601,2.7,29.09%,33.49%,0.03115,2026-09-25
SGML,9.58,2026-10-16,20,Put,8.00,-16.49%,0.05,0.2,0.2,1782,661,2.7,84.72%,76.32%,-0.133697,2026-09-25
NVDA,225.07,2026-09-30,4,Put,222.50,-1.14%,1.75,1.77,1.76,5036,1868,2.7,33.63%,30.90%,-0.3515,2026-09-25
U,41.55,2026-10-02,6,Call,42.50,-2.29%,0.85,0.91,1.08,599,223,2.69,62.29%,64.13%,0.410557,2026-09-25
MSTR,158.61,2026-10-02,6,Put,139.00,-12.36%,0.45,0.49,0.54,669,249,2.69,68.11%,73.14%,-0.072068,2026-09-25
KDK,2.43,2028-01-21,482,Call,2.50,-2.88%,0.65,0.8,1.2,673,250,2.69,104.66%,84.07%,0.696724,2026-09-25
SOUN,6.05,2027-04-16,202,Call,9.00,-48.76%,0.56,0.62,0.66,622,232,2.68,63.04%,75.65%,0.351207,2026-09-25
IREN,44.13,2027-01-15,111,Call,47.00,-6.50%,7.05,7.15,7.4,5666,2123,2.67,80.13%,84.27%,0.549318,2026-09-25
TSLA,372.11,2026-10-02,6,Put,370.00,-0.57%,7.4,7.44,7.5,9882,3701,2.67,41.62%,45.12%,-0.44581,2026-09-25
MU,1082.28,2026-09-28,2,Put,"1,035.00",-4.37%,1.48,1.51,1.58,979,366,2.67,61.47%,45.61%,-0.089208,2026-09-25
INTC,123,2026-09-30,4,Put,124.00,+0.81%,3.8,3.95,3.95,1093,410,2.67,69.11%,65.45%,-0.531698,2026-09-25
HD,293.2,2026-10-02,6,Call,300.00,-2.32%,1.65,1.6,1.8,500,188,2.66,28.14%,28.25%,0.270273,2026-09-25
FSLR,177.71,2026-10-02,6,Call,200.00,-12.54%,0.24,0.27,0.3,527,198,2.66,54.86%,55.27%,0.052276,2026-09-25
MP,48.83,2026-10-02,6,Put,47.00,-3.75%,0.55,0.62,0.75,638,240,2.66,56.62%,56.55%,-0.284049,2026-09-25
SOFI,16.58,2026-10-02,6,Call,15.00,+9.53%,1.6,1.63,1.64,989,372,2.66,49.01%,52.16%,0.938278,2026-09-25
NVDA,225.07,2026-09-30,4,Put,210.00,-6.70%,0.17,0.18,0.19,3164,1190,2.66,33.63%,39.92%,-0.045719,2026-09-25
AMZN,249.67,2026-09-28,2,Put,252.50,+1.13%,3.1,3.56,3.7,3977,1494,2.66,33.65%,22.19%,-0.749175,2026-09-25
MSTR,158.61,2026-10-30,34,Put,100.00,-36.95%,0.46,0.56,0.73,541,204,2.65,68.11%,88.73%,-0.03206,2026-09-25
PFE,28.67,2026-10-30,34,Call,28.00,+2.34%,1.08,1.15,1.25,659,249,2.65,24.43%,23.66%,0.634012,2026-09-25
ORCL,137.1,2026-10-02,6,Put,128.00,-6.64%,0.59,0.6,0.64,1791,676,2.65,50.70%,50.15%,-0.134338,2026-09-25
CIFR,17.73,2026-10-02,6,Call,18.50,-4.34%,0.59,0.6,0.63,2117,800,2.65,98.16%,101.67%,0.398933,2026-09-25
TSLA,372.11,2026-09-30,4,Put,367.50,-1.24%,3.75,3.75,3.85,2656,1002,2.65,41.62%,38.03%,-0.366119,2026-09-25
MRVL,261.93,2026-10-09,13,Put,265.00,+1.17%,15.1,14.51,15.5,614,233,2.64,66.18%,70.07%,-0.505604,2026-09-25
NBIS,237.33,2026-10-02,6,Call,242.50,-2.18%,7.2,7.35,7.5,745,282,2.64,79.25%,78.71%,0.437705,2026-09-25
NOW,135.62,2026-10-02,6,Call,141.00,-3.97%,1.78,1.87,1.94,851,322,2.64,54.62%,55.94%,0.309348,2026-09-25
BA,198.07,2026-10-23,27,Call,220.00,-11.07%,0.89,1.02,1.16,1281,485,2.64,32.57%,32.23%,0.123619,2026-09-25
INTC,123,2026-09-28,2,Call,129.00,-4.88%,0.34,0.34,0.37,1570,595,2.64,69.11%,57.38%,0.136598,2026-09-25
MSFT,516.17,2026-09-30,4,Call,510.00,+1.20%,9.45,9.75,10.35,2119,803,2.64,29.09%,29.03%,0.663625,2026-09-25
COIN,195.11,2026-10-02,6,Call,200.00,-2.51%,4.45,4.5,4.6,3383,1283,2.64,65.46%,65.72%,0.403571,2026-09-25
NVDA,225.07,2026-10-02,6,Call,225.00,+0.03%,3.65,3.7,3.7,26605,10096,2.64,33.63%,31.08%,0.516694,2026-09-25
INTC,123,2026-09-28,2,Put,125.00,+1.63%,3.1,3.1,3.2,7257,2764,2.63,69.11%,54.82%,-0.645753,2026-09-25
AMZN,249.67,2026-10-09,13,Put,237.50,-4.87%,1.31,1.26,1.48,505,192,2.63,33.65%,30.20%,-0.17694,2026-09-25
PYPL,55.04,2026-10-02,6,Call,61.00,-10.83%,0.27,0.3,0.37,1046,397,2.63,43.40%,69.41%,0.134442,2026-09-25
APLD,26.25,2026-10-02,6,Call,27.00,-2.86%,0.7,0.74,0.75,1943,738,2.63,90.91%,77.24%,0.409609,2026-09-25
BMNR,27.56,2026-10-02,6,Put,25.50,-7.47%,0.28,0.29,0.31,602,230,2.62,75.78%,74.61%,-0.193301,2026-09-25
SPCX,148.68,2026-10-02,6,Call,162.50,-9.30%,0.46,0.47,0.49,5304,2027,2.62,48.56%,52.79%,0.102052,2026-09-25
BABA,109.74,2026-10-02,6,Put,105.00,-4.32%,0.38,0.42,0.44,6150,2349,2.62,38.73%,34.91%,-0.156272,2026-09-25
AAPL,341.07,2026-09-28,2,Call,347.50,-1.89%,0.2,0.21,0.21,7172,2746,2.61,23.34%,18.79%,0.093095,2026-09-25
TSLA,372.11,2026-10-02,6,Call,380.00,-2.12%,5.45,5.51,5.6,15030,5749,2.61,41.62%,45.91%,0.375927,2026-09-25
TSLA,372.11,2026-10-05,9,Put,370.00,-0.57%,8.1,8.15,8.25,795,305,2.61,41.62%,40.19%,-0.446791,2026-09-25
CRH,85.04,2026-10-16,20,Call,90.00,-5.83%,0.7,1.25,1.8,962,370,2.6,37.28%,37.88%,0.279891,2026-09-25
BMY,62.86,2026-10-02,6,Call,63.00,-0.22%,0.63,0.75,0.84,1290,496,2.6,30.36%,24.97%,0.478351,2026-09-25
CMPS,13.06,2028-01-21,482,Put,15.00,+14.85%,4.8,5.4,6,500,193,2.59,79.23%,78.02%,-0.374785,2026-09-25
TSLA,372.11,2026-10-16,20,Put,362.50,-2.58%,9.05,9.01,9.15,565,218,2.59,41.62%,39.80%,-0.364561,2026-09-25
NOW,135.62,2026-10-02,6,Call,147.00,-8.39%,0.67,0.77,0.82,653,252,2.59,54.62%,57.72%,0.148405,2026-09-25
NOW,135.62,2026-10-02,6,Call,140.00,-3.23%,2.1,2.26,2.26,3037,1174,2.59,54.62%,56.23%,0.34604,2026-09-25
COST,922.77,2026-10-02,6,Put,890.00,-3.55%,1.11,1.3,1.39,729,283,2.58,19.99%,22.42%,-0.098649,2026-09-25
BE,288.7,2026-10-02,6,Put,265.00,-8.21%,3.25,3.24,3.45,863,335,2.58,82.56%,81.82%,-0.190907,2026-09-25
AVGO,352.81,2026-09-28,2,Put,350.00,-0.80%,1.5,1.57,1.64,2663,1033,2.58,35.54%,26.70%,-0.336443,2026-09-25
BE,288.7,2026-10-30,34,Call,325.00,-12.57%,16.95,19,18.95,540,210,2.57,82.56%,87.60%,0.383808,2026-09-25
MSFT,516.17,2026-10-05,9,Call,500.00,+3.13%,18.1,19.5,19.85,803,313,2.57,29.09%,25.65%,0.796623,2026-09-25
IONQ,45.48,2026-10-02,6,Call,45.50,-0.04%,1.76,1.82,1.86,2031,789,2.57,75.87%,77.66%,0.520651,2026-09-25
TSM,450.61,2026-11-20,55,Put,460.00,+2.08%,25.85,26.85,27.6,591,231,2.56,33.38%,32.41%,-0.529752,2026-09-25
AMD,630.63,2026-10-02,6,Put,620.00,-1.69%,12,12.15,12.55,1652,646,2.56,55.27%,53.84%,-0.38645,2026-09-25
AMZN,249.67,2026-10-02,6,Put,247.50,-0.87%,2.59,2.73,2.77,3065,1199,2.56,33.65%,29.28%,-0.395331,2026-09-25
MARA,12.55,2026-10-02,6,Put,11.50,-8.37%,0.13,0.13,0.14,5425,2119,2.56,82.53%,80.34%,-0.182639,2026-09-25
TSLA,372.11,2026-10-02,6,Put,360.00,-3.25%,3.6,3.68,3.7,6801,2665,2.55,41.62%,44.96%,-0.270081,2026-09-25
SKHY,191.56,2026-10-09,13,Call,185.00,+3.42%,10.6,11.7,12.6,751,295,2.55,58.80%,54.53%,0.65665,2026-09-25
WMT,107.98,2026-10-09,13,Call,108.00,-0.02%,1.83,2.03,2.02,1292,506,2.55,26.20%,23.11%,0.516527,2026-09-25
TSLA,372.11,2026-10-02,6,Put,347.50,-6.61%,1.28,1.28,1.32,1375,540,2.55,41.62%,46.39%,-0.117007,2026-09-25
QCOM,201.97,2026-12-18,83,Call,260.00,-28.73%,5.5,6,6,3417,1340,2.55,51.15%,55.91%,0.21229,2026-09-25
RBLX,46.44,2026-10-02,6,Call,49.00,-5.51%,0.45,0.59,0.7,670,264,2.54,67.43%,62.14%,0.265739,2026-09-25
CSCO,106.7,2026-10-16,20,Call,107.00,-0.28%,2.14,2.68,2.72,1007,397,2.54,34.25%,25.21%,0.500978,2026-09-25
TSLA,372.11,2026-09-30,4,Put,357.50,-3.93%,1.26,1.25,1.3,1428,563,2.54,41.62%,39.19%,-0.157121,2026-09-25
NVDA,225.07,2026-10-02,6,Call,222.50,+1.14%,5.1,5.09,5.2,4453,1761,2.53,33.63%,31.86%,0.623775,2026-09-25
NOW,135.62,2026-10-16,20,Put,128.00,-5.62%,3.05,3.08,3.25,524,207,2.53,54.62%,51.43%,-0.289194,2026-09-25
AMD,630.63,2026-10-02,6,Call,670.00,-6.24%,5.05,5.15,5.3,3844,1521,2.53,55.27%,55.58%,0.210324,2026-09-25
AVGO,352.81,2026-09-30,4,Call,350.00,+0.80%,5.5,6.32,6.65,571,227,2.52,35.54%,30.38%,0.60954,2026-09-25
NU,13.59,2026-10-09,13,Put,12.50,-8.02%,0.11,0.12,0.14,619,246,2.52,48.11%,50.23%,-0.172972,2026-09-25
MU,1082.28,2026-10-02,6,Put,780.00,-27.93%,0.56,0.61,0.67,889,353,2.52,61.47%,114.99%,-0.010753,2026-09-25
META,751.66,2026-09-28,2,Call,810.00,-7.76%,0.06,0.1,0.1,775,309,2.51,42.39%,42.97%,0.009965,2026-09-25
AMZN,249.67,2026-09-30,4,Call,257.50,-3.14%,0.66,0.66,0.68,3746,1492,2.51,33.65%,29.51%,0.165874,2026-09-25
FSLR,177.71,2026-10-02,6,Call,210.00,-18.17%,0.07,0.1,0.12,682,273,2.5,54.86%,61.40%,0.019076,2026-09-25
MSTR,158.61,2026-10-02,6,Call,210.00,-32.40%,0.12,0.17,0.17,1334,533,2.5,68.11%,102.77%,0.019745,2026-09-25
BAC,56.7,2026-10-09,13,Call,58.00,-2.29%,0.48,0.55,0.55,1835,735,2.5,28.34%,23.79%,0.319106,2026-09-25
MRVL,261.93,2026-10-02,6,Put,262.50,+0.22%,7.85,8.7,9.7,500,201,2.49,66.18%,63.88%,-0.491742,2026-09-25
DJT,9.14,2029-01-19,846,Call,7.00,+23.41%,4,4.69,5.2,1609,645,2.49,59.12%,66.23%,0.810634,2026-09-25
TSLA,372.11,2026-09-30,4,Call,395.00,-6.15%,0.61,0.62,0.64,2430,974,2.49,41.62%,40.93%,0.086626,2026-09-25
ADT,6.4,2028-12-15,811,Put,3.00,-53.13%,0.05,0.1,0.2,5110,2052,2.49,30.03%,42.28%,-0.055523,2026-09-25
AMZN,249.67,2026-10-02,6,Call,255.00,-2.13%,1.84,1.91,1.91,12354,4990,2.48,33.65%,30.46%,0.306772,2026-09-25
WMT,107.98,2026-10-09,13,Put,107.00,-0.91%,1.27,1.34,1.41,785,316,2.48,26.20%,22.63%,-0.399188,2026-09-25
U,41.55,2026-10-02,6,Call,41.50,+0.12%,1.24,1.34,1.43,1041,420,2.48,62.29%,61.07%,0.524996,2026-09-25
NVO,38.8,2026-10-23,27,Put,39.00,+0.52%,1.22,1.27,1.32,655,265,2.47,33.28%,27.66%,-0.511778,2026-09-25
IBM,225.51,2027-09-17,356,Put,180.00,-20.18%,12,12.1,12.85,776,314,2.47,38.20%,39.26%,-0.206275,2026-09-25
BABA,109.74,2026-10-02,6,Call,112.00,-2.06%,1.09,1.16,1.18,2660,1079,2.47,38.73%,36.53%,0.340274,2026-09-25
BMNR,27.56,2026-10-02,6,Call,28.50,-3.41%,0.69,0.71,0.74,3210,1300,2.47,75.78%,77.92%,0.389853,2026-09-25
TSLA,372.11,2026-10-02,6,Call,382.50,-2.79%,4.65,4.69,4.75,5980,2432,2.46,41.62%,45.96%,0.334644,2026-09-25
META,751.66,2026-10-16,20,Call,"1,140.00",-51.66%,0.01,0.11,0.13,883,359,2.46,42.39%,60.92%,0.002295,2026-09-25
C,134.28,2026-10-02,6,Call,137.00,-2.03%,0.92,1.01,1.02,1199,487,2.46,32.80%,29.34%,0.306306,2026-09-25
AMD,630.63,2026-09-28,2,Call,642.50,-1.88%,3.35,3.5,3.7,698,285,2.45,55.27%,42.94%,0.28634,2026-09-25
UBER,69.62,2026-11-20,55,Call,67.50,+3.05%,5.35,5.45,5.55,866,354,2.45,35.42%,38.43%,0.626365,2026-09-25
NVDA,225.07,2026-09-28,2,Call,217.50,+3.36%,7.55,7.85,7.95,902,368,2.45,33.63%,30.52%,0.937468,2026-09-25
META,751.66,2026-10-16,20,Put,745.00,-0.89%,23.8,23.8,24.15,1034,422,2.45,42.39%,39.79%,-0.43677,2026-09-25
SPCE,3.19,2026-10-02,6,Call,3.00,+5.96%,0.2,0.2,0.28,1099,449,2.45,75.81%,76.20%,0.753025,2026-09-25
MSFT,516.17,2026-10-02,6,Call,540.00,-4.62%,1.14,1.17,1.23,4136,1690,2.45,29.09%,29.63%,0.123927,2026-09-25
GME,23.39,2026-10-16,20,Put,23.00,-1.67%,0.82,0.94,1.03,9287,3790,2.45,53.91%,50.72%,-0.423232,2026-09-25
AMD,630.63,2026-09-28,2,Call,637.50,-1.09%,4.8,5.12,5.15,1297,532,2.44,55.27%,42.14%,0.372601,2026-09-25
CHWY,18.27,2026-11-20,55,Call,20.00,-9.47%,0.74,0.83,0.82,2756,1130,2.44,49.25%,49.01%,0.363568,2026-09-25
QCOM,201.97,2026-10-30,34,Call,220.00,-8.93%,5.6,6.3,6.65,645,265,2.43,51.15%,51.10%,0.323157,2026-09-25
PAGP,26.58,2027-02-19,146,Put,26.00,-2.18%,1.2,1.45,1.35,708,291,2.43,21.52%,22.39%,-0.420938,2026-09-25
TSLA,372.11,2026-09-28,2,Put,382.50,+2.79%,10.85,11.05,11.25,980,404,2.43,41.62%,34.88%,-0.853888,2026-09-25
TSLA,372.11,2026-10-05,9,Call,390.00,-4.81%,3.4,3.45,3.5,1278,525,2.43,41.62%,41.18%,0.248542,2026-09-25
TSLA,372.11,2026-10-02,6,Call,395.00,-6.15%,1.99,2.01,2.03,5163,2122,2.43,41.62%,47.10%,0.171593,2026-09-25
AMD,630.63,2026-11-20,55,Call,950.00,-50.64%,3.65,3.75,4,513,212,2.42,55.27%,62.86%,0.062697,2026-09-25
ZS,193.05,2026-10-02,6,Call,210.00,-8.78%,1.04,1.07,1.35,559,231,2.42,56.40%,61.77%,0.155018,2026-09-25
META,751.66,2026-10-02,6,Put,695.00,-7.54%,1.73,1.72,1.81,604,250,2.42,42.39%,45.88%,-0.085185,2026-09-25
MSTR,158.61,2026-10-02,6,Call,177.50,-11.91%,1.14,1.18,1.25,798,330,2.42,68.11%,79.87%,0.148817,2026-09-25
AAPL,341.07,2026-09-30,4,Call,342.50,-0.42%,2.38,2.46,2.49,3372,1394,2.42,23.34%,21.30%,0.436828,2026-09-25
AMD,630.63,2026-09-28,2,Call,600.00,+4.86%,29.15,32.28,33.65,580,241,2.41,55.27%,45.72%,0.932479,2026-09-25
BMNR,27.56,2026-10-02,6,Put,26.50,-3.85%,0.57,0.6,0.61,637,264,2.41,75.78%,75.30%,-0.322729,2026-09-25
META,751.66,2026-09-30,4,Put,755.00,+0.44%,15.15,15.25,15.4,763,316,2.41,42.39%,43.50%,-0.527014,2026-09-25
CRWD,252.13,2026-10-02,6,Call,290.00,-15.02%,0.15,0.31,0.35,947,393,2.41,55.15%,58.48%,0.034369,2026-09-25
TSLA,372.11,2026-10-02,6,Call,400.00,-7.50%,1.39,1.41,1.43,20876,8673,2.41,41.62%,47.77%,0.127348,2026-09-25
MRNA,198.88,2026-10-02,6,Call,200.00,-0.56%,7.9,7.9,8.1,4665,1944,2.4,89.70%,83.27%,0.502694,2026-09-25
SMCI,43.26,2026-10-02,6,Call,46.00,-6.33%,0.73,0.76,0.77,6733,2802,2.4,77.57%,78.41%,0.289656,2026-09-25
DJT,9.14,2026-10-02,6,Put,9.00,-1.53%,0.2,0.21,0.24,684,285,2.4,59.12%,61.84%,-0.404753,2026-09-25
GOOGL,343.92,2026-10-09,13,Call,340.00,+1.14%,9.85,10.12,10.45,1289,536,2.4,32.86%,30.23%,0.599489,2026-09-25
HIMS,29.42,2026-10-02,6,Call,29.00,+1.43%,1.29,1.4,1.41,2134,891,2.4,76.36%,74.82%,0.581035,2026-09-25
MSTR,158.61,2026-10-02,6,Put,120.00,-24.34%,0.1,0.13,0.13,3767,1567,2.4,68.11%,103.34%,-0.014782,2026-09-25
GME,23.39,2026-10-02,6,Call,20.00,+14.49%,3.3,3.37,3.55,3960,1653,2.4,53.91%,73.88%,0.956029,2026-09-25
CRCL,89,2026-10-02,6,Call,97.00,-8.99%,1.02,1.08,1.11,526,220,2.39,73.50%,79.57%,0.215777,2026-09-25
AVGO,352.81,2026-10-16,20,Call,395.00,-11.96%,1.56,1.7,1.7,579,242,2.39,35.54%,37.71%,0.11197,2026-09-25
TSM,450.61,2026-10-02,6,Put,450.00,-0.14%,5.2,6.4,6.4,1130,473,2.39,33.38%,26.92%,-0.472753,2026-09-25
TSLA,372.11,2026-09-30,4,Put,375.00,+0.78%,7.35,7.46,7.5,2983,1250,2.39,41.62%,38.14%,-0.565894,2026-09-25
MSTR,158.61,2026-10-09,13,Call,144.00,+9.21%,16.35,18.15,17.9,9114,3816,2.39,68.11%,66.06%,0.801984,2026-09-25
GME,23.39,2026-10-02,6,Call,24.00,-2.61%,0.5,0.51,0.52,16939,7075,2.39,53.91%,64.46%,0.391572,2026-09-25
GME,23.39,2026-10-02,6,Call,23.00,+1.67%,0.84,0.88,0.91,6790,2855,2.38,53.91%,56.26%,0.60404,2026-09-25
META,751.66,2026-11-20,55,Put,770.00,+2.44%,59.35,59.97,60.2,1100,462,2.38,42.39%,44.39%,-0.512484,2026-09-25
VTGN,0.273,2027-05-21,237,Call,0.5000,-83.15%,0.05,0.1,0.2,1719,721,2.38,202.31%,200.95%,0.674775,2026-09-25
META,751.66,2026-09-28,2,Put,725.00,-3.55%,0.86,0.88,0.92,2662,1117,2.38,42.39%,37.19%,-0.091421,2026-09-25
SPCX,148.68,2026-10-09,13,Put,141.00,-5.17%,2.1,2.15,2.15,621,262,2.37,48.56%,47.04%,-0.25607,2026-09-25
QCOM,201.97,2026-10-02,6,Call,232.50,-15.12%,0.27,0.32,0.36,758,320,2.37,51.15%,63.96%,0.047292,2026-09-25
META,751.66,2026-09-30,4,Call,810.00,-7.76%,1.13,1.12,1.15,797,336,2.37,42.39%,47.41%,0.070335,2026-09-25
ORCL,137.1,2026-10-02,6,Put,133.00,-2.99%,1.73,1.73,1.76,2158,909,2.37,50.70%,49.64%,-0.303427,2026-09-25
TSLA,372.11,2026-10-05,9,Put,367.50,-1.24%,6.95,7.08,7.15,525,222,2.36,41.62%,40.19%,-0.404537,2026-09-25
IONQ,45.48,2026-10-30,34,Call,45.00,+1.06%,4,4.35,4.5,570,242,2.36,75.87%,71.41%,0.569347,2026-09-25
M,22.64,2026-11-20,55,Put,21.00,-7.24%,0.59,0.66,0.72,741,314,2.36,38.82%,39.30%,-0.28152,2026-09-25
NOK,10.39,2026-10-02,6,Put,10.00,-3.75%,0.12,0.13,0.13,3876,1639,2.36,57.88%,53.51%,-0.274963,2026-09-25
MU,1082.28,2026-10-02,6,Put,"1,025.00",-5.29%,21,21.34,21.55,624,266,2.35,61.47%,82.34%,-0.283269,2026-09-25
ZS,193.05,2026-10-02,6,Call,205.00,-6.19%,1.83,1.95,2.12,689,293,2.35,56.40%,60.61%,0.23393,2026-09-25
MSFT,516.17,2026-10-16,20,Call,517.50,-0.26%,12.2,12.47,12.7,769,327,2.35,29.09%,26.27%,0.506707,2026-09-25
NVDA,225.07,2026-09-28,2,Put,227.50,+1.08%,3.1,3.13,3.15,2427,1033,2.35,33.63%,24.85%,-0.71519,2026-09-25
FSLR,177.71,2026-11-20,55,Put,175.00,-1.52%,12.5,14.57,15.2,529,226,2.34,54.86%,57.36%,-0.420494,2026-09-25
SPCX,148.68,2026-10-02,6,Call,146.00,+1.80%,5.2,5.25,5.75,3584,1529,2.34,48.56%,52.23%,0.623513,2026-09-25
NVDA,225.07,2026-10-02,6,Put,222.50,-1.14%,2.39,2.4,2.4,7557,3233,2.34,33.63%,31.27%,-0.375047,2026-09-25
VIAV,40.68,2026-10-16,20,Call,40.00,+1.67%,2.8,3,3.2,5077,2177,2.33,77.31%,69.16%,0.578577,2026-09-25
MSTR,158.61,2026-10-09,13,Call,230.00,-45.01%,0.21,0.21,0.26,500,215,2.33,68.11%,94.51%,0.023497,2026-09-25
CRM,234.02,2026-10-02,6,Put,237.50,+1.49%,6.4,6.65,6.85,629,270,2.33,39.45%,39.39%,-0.602421,2026-09-25
AVGO,352.81,2026-09-28,2,Put,347.50,-1.51%,0.88,0.9,0.97,1251,536,2.33,35.54%,27.43%,-0.222225,2026-09-25
GME,23.39,2026-11-20,55,Put,21.00,-10.22%,0.62,0.71,0.77,655,282,2.32,53.91%,46.59%,-0.249913,2026-09-25
MSFT,516.17,2026-11-20,55,Call,675.00,-30.77%,0.48,0.52,0.76,678,292,2.32,29.09%,33.61%,0.025387,2026-09-25
CRWD,252.13,2026-10-02,6,Put,240.00,-4.81%,2.56,2.59,2.75,1452,625,2.32,55.15%,57.12%,-0.236479,2026-09-25
NKTR,57.06,2026-10-16,20,Put,50.00,-12.37%,0.8,1.16,2.4,1563,674,2.32,75.16%,85.46%,-0.220741,2026-09-25
APLD,26.25,2026-10-02,6,Call,29.00,-10.48%,0.23,0.23,0.25,2691,1159,2.32,90.91%,78.68%,0.175932,2026-09-25
TTEK,33.91,2026-12-18,83,Call,35.00,-3.21%,1,1.66,3.7,613,265,2.31,35.65%,42.25%,0.490746,2026-09-25
PDD,77.57,2026-10-02,6,Call,79.00,-1.84%,0.55,0.67,0.78,839,363,2.31,32.61%,30.83%,0.334969,2026-09-25
UMAC,24.05,2026-10-16,20,Call,25.00,-3.95%,1.75,1.83,1.95,2483,1074,2.31,103.32%,99.47%,0.483716,2026-09-25
META,751.66,2026-10-16,20,Put,755.00,+0.44%,28.95,28.55,29.4,756,328,2.3,42.39%,40.05%,-0.493806,2026-09-25
BE,288.7,2026-10-02,6,Call,350.00,-21.23%,0.7,0.7,0.72,891,387,2.3,82.56%,89.43%,0.053018,2026-09-25
INTC,123,2026-10-02,6,Put,124.00,+0.81%,4.5,4.82,4.85,1082,470,2.3,69.11%,66.36%,-0.518871,2026-09-25
TSLA,372.11,2026-10-02,6,Call,445.00,-19.59%,0.11,0.11,0.13,1266,551,2.3,41.62%,60.74%,0.012237,2026-09-25
MRVL,261.93,2026-10-02,6,Put,245.00,-6.46%,2.39,2.45,2.62,2102,913,2.3,66.18%,65.09%,-0.197835,2026-09-25
SPCX,148.68,2026-10-09,13,Call,147.00,+1.13%,6.05,6.1,6.3,561,245,2.29,48.56%,46.58%,0.574959,2026-09-25
RKLB,73.95,2026-10-02,6,Put,72.00,-2.64%,1.63,1.74,1.72,804,351,2.29,72.53%,68.31%,-0.361225,2026-09-25
INTC,123,2026-10-02,6,Put,120.00,-2.44%,2.82,2.88,2.98,4245,1859,2.28,69.11%,68.54%,-0.370497,2026-09-25
META,751.66,2026-09-30,4,Call,840.00,-11.75%,0.23,0.38,0.32,924,405,2.28,42.39%,50.47%,0.019266,2026-09-25
XOM,160.59,2026-10-02,6,Put,160.00,-0.37%,1.94,2.05,2.16,1272,559,2.28,29.53%,28.65%,-0.450677,2026-09-25
CM,113.6,2027-01-15,111,Call,75.00,+33.98%,36.5,38.2,40.5,565,249,2.27,21.90%,17.32%,0.99374,2026-09-25
SOC,3.88,2026-10-16,20,Put,3.50,-9.79%,0.18,0.28,0.28,583,257,2.27,109.79%,114.74%,-0.299851,2026-09-25
INTC,123,2026-09-28,2,Put,126.00,+2.44%,3.8,3.85,3.95,761,335,2.27,69.11%,55.77%,-0.712366,2026-09-25
MSTR,158.61,2026-10-30,34,Put,80.00,-49.56%,0.09,0.22,0.36,843,372,2.27,68.11%,106.57%,-0.011385,2026-09-25
AAPL,341.07,2026-09-30,4,Call,335.00,+1.78%,7,7.15,7.35,2126,935,2.27,23.34%,22.32%,0.787264,2026-09-25
MSTR,158.61,2026-10-02,6,Put,125.00,-21.19%,0.14,0.14,0.17,5618,2472,2.27,68.11%,94.34%,-0.020971,2026-09-25
AMZN,249.67,2026-09-28,2,Call,257.50,-3.14%,0.13,0.13,0.14,6105,2696,2.26,33.65%,26.90%,0.062988,2026-09-25
QCOM,201.97,2026-10-02,6,Put,190.00,-5.93%,1.21,1.27,1.5,833,369,2.26,51.15%,53.42%,-0.175928,2026-09-25
GOOGL,343.92,2026-09-30,4,Put,340.00,-1.14%,2.39,2.51,2.87,1048,463,2.26,32.86%,30.51%,-0.349886,2026-09-25
CLF,12.18,2026-10-16,20,Put,13.00,+6.73%,1.12,1.19,1.29,3894,1722,2.26,64.98%,62.36%,-0.643411,2026-09-25
COHR,295.83,2027-06-17,264,Put,220.00,-25.63%,28.5,29.84,31.2,565,251,2.25,73.45%,73.95%,-0.20477,2026-09-25
CRM,234.02,2026-10-02,6,Put,222.50,-4.92%,1.01,1.04,1.11,595,264,2.25,39.45%,41.02%,-0.159831,2026-09-25
DELL,562.89,2026-10-02,6,Put,560.00,-0.51%,15.85,16.1,16.2,675,300,2.25,61.02%,61.20%,-0.45589,2026-09-25
CLSK,13.95,2026-10-02,6,Put,13.50,-3.23%,0.33,0.36,0.4,868,386,2.25,81.45%,80.49%,-0.353957,2026-09-25
GME,23.39,2027-01-15,111,Call,36.00,-53.91%,0.68,0.81,1.05,1087,484,2.25,53.91%,74.80%,0.193578,2026-09-25
DOCN,139.75,2026-10-16,20,Put,135.00,-3.40%,7.5,7.71,8.5,664,296,2.24,85.49%,80.57%,-0.387082,2026-09-25
HOOD,119.4,2026-10-02,6,Call,119.00,+0.34%,4.05,4.2,4.25,1219,546,2.23,62.13%,64.13%,0.53574,2026-09-25
AMZN,249.67,2026-10-09,13,Put,210.00,-15.89%,0.09,0.11,0.1,1317,591,2.23,33.65%,42.39%,-0.013248,2026-09-25
AMD,630.63,2026-10-02,6,Put,600.00,-4.86%,5.9,5.9,6.75,7479,3364,2.22,55.27%,56.15%,-0.230988,2026-09-25
VKTX,35.56,2026-10-02,6,Call,38.00,-6.86%,0.51,0.58,0.64,505,227,2.22,70.16%,78.74%,0.274036,2026-09-25
INTC,123,2026-09-28,2,Call,133.00,-8.13%,0.09,0.1,0.13,625,281,2.22,69.11%,62.26%,0.047578,2026-09-25
MRNA,198.88,2026-10-02,6,Put,190.00,-4.47%,4.35,4.4,4.7,633,285,2.22,89.70%,83.06%,-0.312979,2026-09-25
SPCX,148.68,2026-10-09,13,Put,143.00,-3.82%,2.7,2.74,2.76,1044,470,2.22,48.56%,46.83%,-0.309096,2026-09-25
BE,288.7,2026-10-02,6,Call,290.00,-0.45%,11.35,11.5,11.6,2729,1231,2.22,82.56%,81.31%,0.506045,2026-09-25
PLTR,189.67,2026-10-30,34,Call,192.50,-1.49%,9.75,9.89,10,599,271,2.21,52.42%,46.98%,0.497729,2026-09-25
IREN,44.13,2026-10-02,6,Call,43.50,+1.43%,2.05,2.16,2.18,609,276,2.21,80.13%,79.02%,0.578397,2026-09-25
BE,288.7,2026-10-02,6,Call,295.00,-2.18%,9.3,9.35,9.5,648,293,2.21,82.56%,81.89%,0.441537,2026-09-25
CLF,12.18,2026-10-02,6,Put,11.50,-5.58%,0.11,0.12,0.13,837,378,2.21,64.98%,60.18%,-0.215595,2026-09-25
TSLA,372.11,2026-09-30,4,Put,330.00,-11.32%,0.22,0.23,0.24,894,405,2.21,41.62%,59.91%,-0.025444,2026-09-25
PYPL,55.04,2026-10-02,6,Call,55.00,+0.07%,1.44,1.55,1.65,4749,2151,2.21,43.40%,53.75%,0.520599,2026-09-25
DNN,2.65,2028-01-21,482,Put,2.50,-5.66%,0.5,0.59,0.65,5005,2280,2.2,61.93%,62.08%,-0.31343,2026-09-25
AMZN,249.67,2026-10-02,6,Call,257.50,-3.14%,1.23,1.23,1.3,5567,2528,2.2,33.65%,30.67%,0.226807,2026-09-25
INTC,123,2026-09-28,2,Put,120.00,-2.44%,0.73,0.76,0.78,5914,2689,2.2,69.11%,52.81%,-0.256049,2026-09-25
APP,310.75,2026-10-02,6,Call,320.00,-2.98%,4.8,5,5.2,529,240,2.2,63.06%,54.54%,0.353671,2026-09-25
HPE,62.94,2026-10-02,6,Call,66.00,-4.86%,1.01,1,1.13,542,246,2.2,62.47%,68.89%,0.312794,2026-09-25
PANW,374.74,2026-10-02,6,Put,360.00,-3.93%,4.15,4.25,4.4,549,250,2.2,53.79%,53.39%,-0.264772,2026-09-25
MU,1082.28,2026-10-09,13,Call,"1,080.00",+0.21%,56.8,58.5,59.5,567,258,2.2,61.47%,69.21%,0.536605,2026-09-25
AAPL,341.07,2026-10-09,13,Put,340.00,-0.31%,4.6,4.75,4.85,603,274,2.2,23.34%,21.15%,-0.450881,2026-09-25
SCHW,99.03,2026-10-02,6,Put,96.00,-3.06%,0.35,0.52,0.5,606,275,2.2,31.43%,29.68%,-0.198796,2026-09-25
F,12.71,2026-10-02,6,Call,12.50,+1.65%,0.31,0.34,0.35,1876,852,2.2,34.41%,32.50%,0.661925,2026-09-25
XP,20.51,2026-11-20,55,Put,19.00,-7.36%,1.15,1.15,1.2,2035,927,2.2,59.28%,60.30%,-0.326774,2026-09-25
CRCL,89,2026-10-02,6,Put,86.00,-3.37%,1.94,2.07,2.1,645,294,2.19,73.50%,74.34%,-0.339729,2026-09-25
QXO,12.43,2026-10-16,20,Put,12.50,+0.56%,0.5,0.7,0.9,794,362,2.19,62.29%,58.20%,-0.484498,2026-09-25
SPCX,148.68,2026-10-16,20,Call,148.00,+0.46%,6.7,6.78,7.15,846,387,2.19,48.56%,46.38%,0.546232,2026-09-25
CVX,204.45,2026-10-02,6,Call,215.00,-5.16%,0.28,0.31,0.38,2944,1343,2.19,28.12%,29.28%,0.093438,2026-09-25
GS,935.45,2026-10-02,6,Put,895.00,-4.32%,2.26,3.3,3.75,586,269,2.18,34.56%,33.31%,-0.143898,2026-09-25
MU,1082.28,2026-10-02,6,Call,"1,175.00",-8.57%,16.7,17.1,17.25,694,318,2.18,61.47%,86.90%,0.249363,2026-09-25
TSLA,372.11,2026-09-30,4,Put,350.00,-5.94%,0.59,0.62,0.62,1314,604,2.18,41.62%,42.46%,-0.079373,2026-09-25
ITRI,89.75,2026-10-16,20,Call,100.00,-11.42%,0.6,0.7,1,4400,2015,2.18,45.30%,44.63%,0.167849,2026-09-25
MSFT,516.17,2026-10-02,6,Put,500.00,-3.13%,1.95,2,2.05,5589,2579,2.17,29.09%,28.96%,-0.187142,2026-09-25
AMZN,249.67,2026-10-09,13,Put,242.50,-2.87%,2.48,2.51,2.55,628,289,2.17,33.65%,29.48%,-0.283286,2026-09-25
CRM,234.02,2026-11-20,55,Call,240.00,-2.56%,12.25,12.4,12.8,2129,982,2.17,39.45%,40.52%,0.479227,2026-09-25
PLTR,189.67,2026-10-02,6,Call,192.50,-1.49%,3.4,3.5,3.55,3339,1541,2.17,52.42%,48.17%,0.421273,2026-09-25
MSFT,516.17,2026-10-09,13,Put,500.00,-3.13%,3.75,4.1,4.2,615,285,2.16,29.09%,26.75%,-0.249642,2026-09-25
AVGO,352.81,2026-09-28,2,Call,350.00,+0.80%,3.65,4.35,4.6,1252,580,2.16,35.54%,23.37%,0.684734,2026-09-25
RIOT,23,2026-10-02,6,Put,23.00,0.00%,0.91,0.94,0.95,1277,592,2.16,83.66%,79.66%,-0.477631,2026-09-25
UPST,23.81,2026-10-16,20,Call,30.00,-26.00%,0.06,0.13,0.14,4931,2281,2.16,67.59%,62.72%,0.068617,2026-09-25
CSCO,106.7,2026-10-02,6,Call,108.00,-1.22%,0.93,0.96,1,602,280,2.15,34.25%,27.54%,0.376482,2026-09-25
MRVL,261.93,2026-10-02,6,Put,255.00,-2.65%,5.25,5.5,5.65,708,329,2.15,66.18%,64.53%,-0.35488,2026-09-25
NBIS,237.33,2026-10-09,13,Call,275.00,-15.87%,3.2,3.47,3.75,739,343,2.15,79.25%,80.50%,0.188147,2026-09-25
IOVA,11,2029-01-19,846,Put,5.00,-54.55%,0.8,1.5,2,900,419,2.15,93.92%,92.20%,-0.093636,2026-09-25
TSLA,372.11,2026-09-28,2,Put,345.00,-7.29%,0.11,0.12,0.12,579,270,2.14,41.62%,51.20%,-0.021687,2026-09-25
CSCO,106.7,2026-10-02,6,Put,105.00,-1.59%,0.92,0.98,1.05,1121,523,2.14,34.25%,31.69%,-0.335819,2026-09-25
META,751.66,2026-10-02,6,Call,750.00,+0.22%,17.85,18,18.05,6116,2863,2.14,42.39%,43.97%,0.531039,2026-09-25
INTC,123,2026-09-28,2,Call,130.00,-5.69%,0.26,0.26,0.28,7451,3506,2.13,69.11%,58.89%,0.106812,2026-09-25
NVO,38.8,2027-09-17,356,Put,40.00,+3.09%,5.85,5.97,6.15,514,241,2.13,33.28%,36.30%,-0.450044,2026-09-25
HD,293.2,2027-06-17,264,Put,250.00,-14.73%,9.4,9.7,10.5,1009,474,2.13,28.14%,29.42%,-0.21067,2026-09-25
QCOM,201.97,2026-10-02,6,Call,215.00,-6.45%,1.34,1.59,1.59,1899,893,2.13,51.15%,54.17%,0.194664,2026-09-25
TSM,450.61,2026-10-02,6,Call,460.00,-2.08%,3.2,3.2,3.65,1937,909,2.13,33.38%,30.42%,0.309811,2026-09-25
AVGO,352.81,2026-09-30,4,Call,370.00,-4.87%,0.62,0.66,0.67,1150,542,2.12,35.54%,35.42%,0.104713,2026-09-25
PL,17.43,2026-11-20,55,Call,25.00,-43.43%,0.35,0.35,0.45,1761,830,2.12,70.96%,79.72%,0.160733,2026-09-25
QCOM,201.97,2026-10-02,6,Call,200.00,+0.98%,6.25,6.6,6.75,3678,1733,2.12,51.15%,52.76%,0.572748,2026-09-25
HOOD,119.4,2026-10-02,6,Call,125.00,-4.69%,1.69,1.91,1.95,9968,4699,2.12,62.13%,63.84%,0.30455,2026-09-25
WULF,15.74,2026-10-02,6,Call,16.50,-4.83%,0.35,0.36,0.37,4358,2061,2.11,83.50%,83.69%,0.339758,2026-09-25
SNDK,1777.8,2026-10-02,6,Call,"2,050.00",-15.31%,8.9,8.9,9.7,577,273,2.11,73.31%,84.68%,0.105265,2026-09-25
TSLA,372.11,2026-09-28,2,Put,377.50,+1.45%,6.85,6.8,7,3509,1662,2.11,41.62%,33.12%,-0.71545,2026-09-25
AXTI,78.94,2026-10-09,13,Put,70.00,-11.33%,2.05,2.26,2.45,500,238,2.1,111.69%,101.18%,-0.232284,2026-09-25
MU,1082.28,2026-10-02,6,Put,"1,080.00",-0.21%,42.1,44.75,46,705,335,2.1,61.47%,82.30%,-0.469084,2026-09-25
RIG,5.38,2026-12-18,83,Put,4.50,-16.36%,0.13,0.16,0.18,786,375,2.1,50.78%,48.18%,-0.199202,2026-09-25
NVDA,225.07,2026-10-09,13,Put,212.50,-5.58%,1.26,1.24,1.3,1533,731,2.1,33.63%,33.12%,-0.166418,2026-09-25
DOW,28.02,2026-11-20,55,Put,27.50,-1.86%,1.26,1.51,1.54,4098,1952,2.1,40.16%,38.17%,-0.421055,2026-09-25
NFLX,71.14,2026-10-02,6,Call,72.00,-1.21%,0.74,0.75,0.76,13305,6321,2.1,35.73%,30.27%,0.392835,2026-09-25
VST,138.46,2026-10-02,6,Call,140.00,-1.11%,2.27,2.43,2.5,605,290,2.09,44.31%,43.02%,0.43507,2026-09-25
AVGO,352.81,2026-09-30,4,Call,360.00,-2.04%,2.07,2.1,2.19,1872,896,2.09,35.54%,32.72%,0.287096,2026-09-25
PANW,374.74,2026-10-02,6,Call,400.00,-6.74%,2.32,2.47,2.5,2068,990,2.09,53.79%,53.04%,0.17986,2026-09-25
PENN,15.65,2028-01-21,482,Put,20.00,+27.80%,5.3,5.7,5.9,2774,1328,2.09,50.95%,45.00%,-0.583556,2026-09-25
MU,1082.28,2026-09-28,2,Call,"1,180.00",-9.03%,0.19,0.19,0.24,599,288,2.08,61.47%,52.89%,0.014529,2026-09-25
TSLA,372.11,2026-10-02,6,Put,342.50,-7.96%,0.83,0.88,0.86,810,390,2.08,41.62%,47.45%,-0.080285,2026-09-25
META,751.66,2026-10-02,6,Call,860.00,-14.41%,0.36,0.45,0.43,926,445,2.08,42.39%,51.10%,0.02204,2026-09-25
BSX,43.92,2026-10-02,6,Put,44.00,+0.18%,0.6,0.87,0.95,1178,566,2.08,38.53%,33.23%,-0.503908,2026-09-25
META,751.66,2026-09-28,2,Put,722.50,-3.88%,0.69,0.73,0.75,1401,674,2.08,42.39%,37.77%,-0.07553,2026-09-25
AMZN,249.67,2026-09-30,4,Put,242.50,-2.87%,0.62,0.65,0.67,2194,1057,2.08,33.65%,28.84%,-0.160343,2026-09-25
RIG,5.38,2028-01-21,482,Call,5.50,-2.23%,1.29,1.36,1.43,18055,8705,2.07,50.78%,69.07%,0.57034,2026-09-25
QCOM,201.97,2026-10-16,20,Call,215.00,-6.45%,4.7,4.95,5.05,570,276,2.07,51.15%,51.44%,0.326159,2026-09-25
NVDA,225.07,2026-10-05,9,Call,245.00,-8.86%,0.13,0.16,0.15,582,281,2.07,33.63%,29.13%,0.034902,2026-09-25
META,751.66,2026-10-02,6,Put,670.00,-10.86%,0.53,0.58,0.62,1279,618,2.07,42.39%,48.98%,-0.030649,2026-09-25
LUNR,15.61,2026-10-02,6,Call,17.00,-8.90%,0.23,0.23,0.25,1289,623,2.07,86.91%,87.90%,0.243537,2026-09-25
SPCX,148.68,2026-10-09,13,Call,145.00,+2.48%,7.15,7.29,7.8,1351,654,2.07,48.56%,48.09%,0.631883,2026-09-25
MU,1082.28,2026-10-05,9,Call,"1,100.00",-1.64%,40.7,41.36,41.9,750,364,2.06,61.47%,72.04%,0.468644,2026-09-25
ASTS,61.81,2026-10-02,6,Call,62.00,-0.31%,2.2,2.13,2.33,928,451,2.06,77.60%,73.94%,0.50868,2026-09-25
TSLA,372.11,2026-10-16,20,Put,205.00,-44.91%,0.09,0.1,0.11,1684,819,2.06,41.62%,99.10%,-0.003529,2026-09-25
PLTR,189.67,2026-10-02,6,Put,187.50,-1.14%,3.55,3.62,3.65,2142,1038,2.06,52.42%,48.23%,-0.410761,2026-09-25
NVDA,225.07,2026-10-02,6,Put,217.50,-3.36%,1.07,1.08,1.09,8781,4285,2.05,33.63%,32.95%,-0.199599,2026-09-25
META,751.66,2026-09-30,4,Call,800.00,-6.43%,1.79,1.8,1.86,15364,7495,2.05,42.39%,46.52%,0.106115,2026-09-25
UPS,93.96,2026-10-02,6,Call,94.00,-0.04%,1.06,1.14,1.32,534,260,2.05,30.45%,25.59%,0.496437,2026-09-25
META,751.66,2026-10-09,13,Call,850.00,-13.08%,2.18,2.37,2.42,690,336,2.05,42.39%,44.94%,0.081918,2026-09-25
GOOGL,343.92,2026-10-02,6,Call,372.50,-8.31%,0.37,0.43,0.44,713,348,2.05,32.86%,38.49%,0.056933,2026-09-25
INTC,123,2026-10-16,20,Put,117.00,-4.88%,4.5,4.5,4.65,942,459,2.05,69.11%,64.90%,-0.338742,2026-09-25
COIN,195.11,2026-12-18,83,Call,430.00,-120.39%,0.41,0.79,1.2,970,474,2.05,65.46%,79.91%,0.031508,2026-09-25
AMD,630.63,2026-10-02,6,Put,625.00,-0.89%,14.1,14.31,14.7,649,318,2.04,55.27%,53.67%,-0.431582,2026-09-25
AMD,630.63,2026-09-28,2,Put,595.00,-5.65%,0.5,0.55,0.58,1007,493,2.04,55.27%,49.68%,-0.054212,2026-09-25
LCID,4.07,2027-12-17,447,Call,2.00,+50.86%,2.32,2.59,2.93,1097,539,2.04,89.29%,104.74%,0.892521,2026-09-25
SPCX,148.68,2026-10-02,6,Call,150.00,-0.89%,3.05,3.06,3.15,18671,9165,2.04,48.56%,48.20%,0.459452,2026-09-25
SNDK,1777.8,2026-10-02,6,Call,"2,000.00",-12.50%,13,13.3,13.7,4774,2348,2.03,73.31%,82.26%,0.145049,2026-09-25
TSLA,372.11,2026-10-09,13,Call,400.00,-7.50%,3.2,3.25,3.25,6410,3156,2.03,41.62%,42.64%,0.20024,2026-09-25
ZS,193.05,2026-10-02,6,Put,192.50,-0.28%,4.95,5.5,5.5,545,268,2.03,56.40%,56.30%,-0.467022,2026-09-25
MSFT,516.17,2026-09-30,4,Put,490.00,-5.07%,0.25,0.34,0.41,629,310,2.03,29.09%,30.32%,-0.047934,2026-09-25
TSLA,372.11,2026-10-09,13,Call,382.50,-2.79%,7.4,7.49,7.55,691,341,2.03,41.62%,41.42%,0.383776,2026-09-25
DELL,562.89,2026-10-02,6,Put,540.00,-4.07%,8.05,8.15,8.25,836,412,2.03,61.02%,61.47%,-0.283466,2026-09-25
SNDK,1777.8,2026-10-02,6,Put,"1,650.00",-7.19%,19.3,20.4,20.4,863,425,2.03,73.31%,74.12%,-0.200829,2026-09-25
COIN,195.11,2026-10-02,6,Call,215.00,-10.19%,1.33,1.39,1.47,868,428,2.03,65.46%,71.26%,0.156276,2026-09-25
FMC,9.58,2026-10-16,20,Call,10.00,-4.38%,0.25,0.35,0.5,1351,667,2.03,61.72%,61.27%,0.410206,2026-09-25
SMR,8.42,2026-10-02,6,Call,8.50,-0.95%,0.27,0.28,0.3,1474,725,2.03,79.97%,74.22%,0.482013,2026-09-25
AKAM,113.94,2026-10-02,6,Put,110.00,-3.46%,1.7,2,2.4,505,250,2.02,65.51%,64.89%,-0.318707,2026-09-25
CLF,12.18,2026-10-02,6,Put,12.50,+2.63%,0.51,0.55,0.62,1138,564,2.02,64.98%,61.25%,-0.613217,2026-09-25
NFLX,71.14,2026-10-02,6,Call,70.00,+1.60%,1.71,1.75,1.8,1889,933,2.02,35.73%,29.24%,0.680327,2026-09-25
EL,94.47,2028-01-21,482,Put,110.00,+16.44%,24,24.52,26.1,501,249,2.01,41.37%,40.64%,-0.522265,2026-09-25
ALAB,364.62,2026-10-16,20,Put,290.00,-20.47%,3.05,3.1,3.65,598,297,2.01,84.74%,81.21%,-0.095116,2026-09-25
DELL,562.89,2026-10-02,6,Call,575.00,-2.15%,12.9,13,13.3,940,468,2.01,61.02%,63.25%,0.41486,2026-09-25
HIMS,29.42,2027-02-19,146,Call,55.00,-86.95%,1.21,1.21,1.32,1083,540,2.01,76.36%,83.38%,0.186464,2026-09-25
SMCI,43.26,2026-10-23,27,Call,42.00,+2.91%,4,4.1,4.25,1097,547,2.01,77.57%,73.53%,0.603421,2026-09-25
MARA,12.55,2026-10-23,27,Put,11.50,-8.37%,0.56,0.58,0.59,2064,1028,2.01,82.53%,78.91%,-0.29951,2026-09-25
SNDK,1777.8,2026-10-02,6,Call,"1,800.00",-1.25%,58.1,60.6,60.6,2285,1139,2.01,73.31%,75.87%,0.471145,2026-09-25
AAPL,341.07,2026-10-02,6,Call,337.50,+1.05%,5.95,6.1,6.2,3350,1665,2.01,23.34%,22.51%,0.655165,2026-09-25
AAPL,341.07,2026-09-30,4,Put,332.50,-2.51%,0.61,0.62,0.65,1264,633,2,23.34%,23.53%,-0.144544,2026-09-25
DKNG,22.02,2026-10-02,6,Call,23.50,-6.72%,0.2,0.27,0.27,1440,720,2,55.97%,64.56%,0.230606,2026-09-25
AMD,630.63,2026-09-28,2,Put,590.00,-6.44%,0.35,0.38,0.42,2944,1469,2,55.27%,51.77%,-0.039036,2026-09-25
TSLA,372.11,2026-10-02,6,Put,355.00,-4.60%,2.43,2.46,2.48,3294,1643,2,41.62%,45.37%,-0.198168,2026-09-25
NFLX,71.14,2026-10-02,6,Call,74.00,-4.02%,0.25,0.27,0.27,7530,3772,2,35.73%,31.33%,0.172674,2026-09-25
TSLA,372.11,2026-10-02,6,Call,392.50,-5.48%,2.38,2.39,2.42,4466,2249,1.99,41.62%,46.84%,0.198312,2026-09-25
TSLA,372.11,2026-10-02,6,Call,370.00,+0.57%,9.75,9.8,9.9,7719,3873,1.99,41.62%,45.34%,0.554842,2026-09-25
ORCL,137.1,2026-10-16,20,Call,167.50,-22.17%,0.56,0.61,0.64,545,274,1.99,50.70%,56.93%,0.076841,2026-09-25
CRDO,210.97,2026-12-18,83,Call,300.00,-42.20%,10.5,11.55,14,560,282,1.99,77.79%,88.47%,0.273538,2026-09-25
CSCO,106.7,2026-10-02,6,Put,104.00,-2.53%,0.64,0.77,0.75,669,337,1.99,34.25%,32.11%,-0.257346,2026-09-25
RKT,12.17,2026-10-02,6,Call,12.00,+1.40%,0.41,0.44,0.49,1172,588,1.99,60.07%,57.32%,0.593632,2026-09-25
B,42.88,2027-03-19,174,Call,45.00,-4.94%,4.05,4.2,4.4,1226,616,1.99,41.24%,41.76%,0.50378,2026-09-25
TSLA,372.11,2026-09-30,4,Call,367.50,+1.24%,8.2,8.69,8.7,550,278,1.98,41.62%,37.28%,0.636807,2026-09-25
IONQ,45.48,2026-10-02,6,Call,47.50,-4.44%,0.99,1.07,1.08,652,330,1.98,75.87%,78.43%,0.353608,2026-09-25
SMCI,43.26,2026-10-09,13,Call,42.00,+2.91%,3,3.05,3.1,1484,751,1.98,77.57%,72.77%,0.615631,2026-09-25
BMY,62.86,2026-11-20,55,Call,72.50,-15.34%,0.47,0.53,0.59,1669,843,1.98,30.36%,32.19%,0.139648,2026-09-25
MU,1082.28,2026-10-02,6,Call,"1,080.00",+0.21%,47.45,47.79,49.3,2280,1154,1.98,61.47%,84.85%,0.531707,2026-09-25
DELL,562.89,2026-10-02,6,Call,620.00,-10.15%,2.92,2.91,3.05,739,375,1.97,61.02%,64.66%,0.131874,2026-09-25
AGNC,9.62,2026-10-02,6,Call,9.50,+1.25%,0.16,0.16,0.18,1048,532,1.97,24.49%,20.39%,0.687267,2026-09-25
TSLA,372.11,2026-10-09,13,Call,395.00,-6.15%,4.1,4.1,4.2,1259,638,1.97,41.62%,42.31%,0.244979,2026-09-25
GOOGL,343.92,2026-09-28,2,Call,342.50,+0.41%,3.2,3.35,3.45,2239,1136,1.97,32.86%,24.78%,0.597007,2026-09-25
VKTX,35.56,2026-10-02,6,Call,37.50,-5.46%,0.53,0.69,0.73,583,298,1.96,70.16%,74.03%,0.306577,2026-09-25
KOD,32.35,2027-01-15,111,Call,70.00,-116.38%,4.4,4.45,5.6,632,322,1.96,219.95%,171.35%,0.370311,2026-09-25
TSLA,372.11,2026-09-30,4,Put,345.00,-7.29%,0.4,0.43,0.43,632,323,1.96,41.62%,45.86%,-0.05391,2026-09-25
AVGO,352.81,2026-10-02,6,Call,367.50,-4.16%,1.66,1.8,1.78,640,326,1.96,35.54%,35.73%,0.195877,2026-09-25
NBIS,237.33,2026-10-02,6,Put,225.00,-5.20%,4.2,4.32,4.5,1117,569,1.96,79.25%,78.56%,-0.279052,2026-09-25
CRWD,252.13,2026-10-02,6,Call,260.00,-3.12%,3.95,4.05,4.25,1832,933,1.96,55.15%,55.89%,0.350399,2026-09-25
META,751.66,2026-09-30,4,Call,750.00,+0.22%,14.2,14.2,14.4,3610,1843,1.96,42.39%,42.43%,0.532225,2026-09-25
DKNG,22.02,2026-10-02,6,Call,22.00,+0.09%,0.65,0.7,0.73,4796,2449,1.96,55.97%,59.80%,0.523337,2026-09-25
ORCL,137.1,2026-10-16,20,Call,155.00,-13.06%,1.48,1.5,1.52,19235,9809,1.96,50.70%,52.21%,0.175497,2026-09-25
FRMI,4.52,2026-10-02,6,Call,2.00,+55.75%,2.3,2.53,2.7,514,264,1.95,101.46%,310.31%,0.987769,2026-09-25
NOW,135.62,2028-12-15,811,Put,115.00,-15.20%,25.35,25.74,26.4,1201,616,1.95,54.62%,56.44%,-0.24539,2026-09-25
AAPL,341.07,2026-09-30,4,Put,327.50,-3.98%,0.21,0.24,0.24,3021,1549,1.95,23.34%,25.11%,-0.058019,2026-09-25
SLS,11.61,2026-10-02,6,Call,11.00,+5.25%,0.9,1.03,1.35,549,283,1.94,186.34%,134.77%,0.656341,2026-09-25
MP,48.83,2026-10-02,6,Put,48.00,-1.70%,0.79,0.96,1,738,380,1.94,56.62%,51.64%,-0.382016,2026-09-25
GOOGL,343.92,2026-09-30,4,Put,337.50,-1.87%,1.56,1.78,2.01,753,389,1.94,32.86%,30.12%,-0.26614,2026-09-25
TXN,278.07,2027-03-19,174,Call,300.00,-7.89%,22.85,23.2,25.35,809,418,1.94,41.76%,41.71%,0.462144,2026-09-25
AMD,630.63,2026-09-28,2,Put,615.00,-2.48%,2.47,2.64,2.64,1233,637,1.94,55.27%,44.11%,-0.214502,2026-09-25
META,751.66,2026-10-02,6,Put,720.00,-4.21%,5.25,5.35,5.35,2724,1403,1.94,42.39%,44.24%,-0.212884,2026-09-25
CRWD,252.13,2026-10-02,6,Put,250.00,-0.84%,5.95,6.06,6.2,3352,1726,1.94,55.15%,55.74%,-0.435738,2026-09-25
SMCI,43.26,2026-10-02,6,Call,45.00,-4.02%,1,1.03,1.03,9216,4747,1.94,77.57%,77.08%,0.365716,2026-09-25
TSLA,372.11,2026-09-30,4,Call,402.50,-8.17%,0.3,0.32,0.32,550,285,1.93,41.62%,43.47%,0.045229,2026-09-25
RKLB,73.95,2026-10-02,6,Call,79.00,-6.83%,0.91,0.91,1.01,634,329,1.93,72.53%,70.93%,0.250149,2026-09-25
AVGO,352.81,2026-10-02,6,Put,342.50,-2.92%,2.05,2.18,2.27,649,337,1.93,35.54%,33.74%,-0.236373,2026-09-25
CRCL,89,2026-10-02,6,Call,86.00,+3.37%,4.8,4.85,5.1,748,388,1.93,73.50%,71.39%,0.665462,2026-09-25
NKE,35.75,2028-12-15,811,Call,55.00,-53.85%,4.05,4.35,4.85,750,388,1.93,50.20%,46.10%,0.363155,2026-09-25
HPE,62.94,2026-11-20,55,Call,90.00,-42.99%,0.62,0.72,0.81,871,451,1.93,62.47%,65.53%,0.10362,2026-09-25
TWLO,275.8,2026-10-09,13,Put,280.00,+1.52%,12.5,12.73,15.2,979,507,1.93,65.29%,56.54%,-0.531331,2026-09-25
INTC,123,2026-09-28,2,Call,132.00,-7.32%,0.13,0.15,0.15,1128,585,1.93,69.11%,60.37%,0.060117,2026-09-25
GOOG,341.08,2026-10-02,6,Call,352.50,-3.35%,1.67,1.69,1.74,1944,1005,1.93,32.55%,31.69%,0.218963,2026-09-25
META,751.66,2026-10-02,6,Put,710.00,-5.54%,3.4,3.45,3.5,1207,630,1.92,42.39%,44.67%,-0.150633,2026-09-25
F,12.71,2027-09-17,356,Put,10.00,-21.32%,0.62,0.65,0.71,3027,1578,1.92,34.41%,38.53%,-0.200573,2026-09-25
GOOGL,343.92,2026-10-02,6,Call,380.00,-10.49%,0.25,0.27,0.29,3060,1596,1.92,32.86%,42.57%,0.036764,2026-09-25
XOM,160.59,2026-10-02,6,Call,167.50,-4.30%,0.39,0.41,0.43,3697,1929,1.92,29.53%,29.31%,0.136348,2026-09-25
GLND,5.54,2026-10-16,20,Call,5.00,+9.75%,0.85,0.85,1.15,5276,2743,1.92,176.06%,141.12%,0.685143,2026-09-25
INTC,123,2026-10-02,6,Put,115.00,-6.50%,1.26,1.3,1.37,4147,2169,1.91,69.11%,68.43%,-0.207144,2026-09-25
MSFT,516.17,2026-10-02,6,Call,555.00,-7.52%,0.34,0.36,0.38,680,356,1.91,29.09%,32.16%,0.042174,2026-09-25
CRCL,89,2026-10-09,13,Call,110.00,-23.60%,0.47,0.55,0.6,1063,557,1.91,73.50%,79.33%,0.091595,2026-09-25
AMD,630.63,2026-10-02,6,Put,572.50,-9.22%,2.03,2.05,2.18,1151,604,1.91,55.27%,58.82%,-0.092103,2026-09-25
QCOM,201.97,2026-10-02,6,Call,220.00,-8.93%,0.92,0.95,0.95,1995,1046,1.91,51.15%,57.15%,0.130098,2026-09-25
AMZN,249.67,2026-10-16,20,Call,247.50,+0.87%,8.15,8.27,8.4,511,269,1.9,33.65%,29.51%,0.576043,2026-09-25
ACMR,77.3,2026-10-02,6,Call,80.00,-3.49%,1.8,2.22,2.8,855,450,1.9,83.17%,86.20%,0.401432,2026-09-25
AAL,13.87,2026-10-02,6,Put,14.00,+0.94%,0.41,0.41,0.45,1140,599,1.9,49.51%,50.89%,-0.542926,2026-09-25
FLEX,114.68,2026-10-16,20,Call,125.00,-9.00%,1.4,2.97,3.5,1390,732,1.9,67.77%,55.79%,0.281527,2026-09-25
AMD,630.63,2026-09-28,2,Call,670.00,-6.24%,0.41,0.42,0.47,1434,755,1.9,55.27%,48.34%,0.047619,2026-09-25
AMD,630.63,2026-12-18,83,Put,700.00,+11.00%,105.75,108.13,108.8,2279,1202,1.9,55.27%,56.15%,-0.594348,2026-09-25
INTC,123,2026-09-28,2,Call,128.00,-4.07%,0.47,0.48,0.49,3564,1872,1.9,69.11%,56.42%,0.176488,2026-09-25
GLW,156.74,2026-10-23,27,Put,145.00,-7.49%,4.15,4.38,6,509,269,1.89,58.61%,61.03%,-0.286184,2026-09-25
MRNA,198.88,2026-10-02,6,Put,195.00,-1.95%,6,6.5,7,1224,649,1.89,89.70%,82.90%,-0.403787,2026-09-25
NVDA,225.07,2026-09-30,4,Put,217.50,-3.36%,0.65,0.66,0.67,2139,1129,1.89,33.63%,33.42%,-0.157406,2026-09-25
INTC,123,2026-09-28,2,Call,131.00,-6.50%,0.18,0.19,0.21,741,394,1.88,69.11%,59.62%,0.080526,2026-09-25
MU,1082.28,2026-09-28,2,Call,"1,065.00",+1.60%,23,24.4,24.5,1002,532,1.88,61.47%,41.62%,0.707046,2026-09-25
SNDK,1777.8,2026-10-02,6,Put,"1,700.00",-4.38%,33.5,34.2,35.8,1295,688,1.88,73.31%,75.14%,-0.302072,2026-09-25
ORCL,137.1,2026-10-09,13,Call,150.00,-9.41%,1.38,1.42,1.52,1343,713,1.88,50.70%,52.81%,0.199282,2026-09-25
TEM,85.01,2026-10-02,6,Call,85.00,+0.01%,3.3,3.6,3.8,1352,720,1.88,83.01%,80.97%,0.523603,2026-09-25
INTC,123,2026-09-28,2,Put,119.00,-3.25%,0.52,0.54,0.54,1004,536,1.87,69.11%,53.22%,-0.193962,2026-09-25
MGM,32.58,2026-12-18,83,Put,31.00,-4.85%,1.15,1.38,1.9,1246,665,1.87,37.96%,38.64%,-0.344316,2026-09-25
NVDA,225.07,2026-10-05,9,Call,227.50,-1.08%,2.86,2.91,2.95,1331,713,1.87,33.63%,27.69%,0.418445,2026-09-25
GS,935.45,2026-10-02,6,Call,950.00,-1.56%,8.35,9.2,9.5,512,276,1.86,34.56%,31.11%,0.359382,2026-09-25
GS,935.45,2026-10-02,6,Put,890.00,-4.86%,2.03,2.37,2.9,561,302,1.86,34.56%,33.96%,-0.120572,2026-09-25
ORCL,137.1,2026-10-02,6,Put,134.00,-2.26%,2.08,2.1,2.16,1270,684,1.86,50.70%,50.07%,-0.346794,2026-09-25
META,751.66,2026-10-02,6,Call,830.00,-10.42%,1.24,1.25,1.27,1323,711,1.86,42.39%,49.12%,0.062583,2026-09-25
CARR,56.37,2026-10-16,20,Call,62.50,-10.87%,0.1,0.25,0.35,1929,1036,1.86,34.76%,34.08%,0.107552,2026-09-25
META,751.66,2026-10-02,6,Call,790.00,-5.10%,5.15,5.23,5.25,1987,1070,1.86,42.39%,46.20%,0.211731,2026-09-25
CORZ,17.34,2027-01-15,111,Put,14.00,-19.26%,0.92,1.13,1.39,2202,1186,1.86,72.95%,74.55%,-0.226044,2026-09-25
META,751.66,2026-10-02,6,Put,740.00,-1.55%,11.3,11.33,11.55,3007,1614,1.86,42.39%,43.97%,-0.376585,2026-09-25
GME,23.39,2026-10-02,6,Call,24.50,-4.75%,0.39,0.42,0.41,4097,2202,1.86,53.91%,68.97%,0.313892,2026-09-25
HPE,62.94,2026-10-02,6,Call,65.00,-3.27%,1.32,1.43,1.43,4114,2208,1.86,62.47%,68.66%,0.37583,2026-09-25
OKLO,38.04,2026-10-02,6,Put,37.00,-2.73%,0.84,0.87,0.9,631,341,1.85,72.22%,69.56%,-0.358841,2026-09-25
PEP,128.63,2026-10-02,6,Call,130.00,-1.07%,0.75,0.8,0.82,721,389,1.85,25.41%,20.66%,0.348058,2026-09-25
GCT,53.98,2026-10-16,20,Call,60.00,-11.15%,0.8,0.93,1,827,448,1.85,62.54%,55.74%,0.233044,2026-09-25
PANW,374.74,2026-11-20,55,Call,370.00,+1.26%,34.25,35.5,37.15,918,497,1.85,53.79%,55.95%,0.577263,2026-09-25
SOFI,16.58,2026-10-09,13,Call,16.50,+0.48%,0.58,0.6,0.61,1028,556,1.85,49.01%,43.57%,0.546489,2026-09-25
NVTS,12.2,2026-10-02,6,Call,12.00,+1.64%,0.54,0.59,0.66,1417,767,1.85,82.63%,79.10%,0.587073,2026-09-25
AMD,630.63,2026-10-02,6,Put,610.00,-3.27%,8.45,8.65,8.85,1461,789,1.85,55.27%,54.04%,-0.300576,2026-09-25
IREN,44.13,2026-10-02,6,Call,48.50,-9.90%,0.47,0.5,0.51,1493,807,1.85,80.13%,81.74%,0.199435,2026-09-25
RGTI,16.66,2026-10-02,6,Call,18.00,-8.04%,0.22,0.23,0.23,2610,1412,1.85,74.85%,78.72%,0.23891,2026-09-25
CRCL,89,2028-01-21,482,Put,90.00,+1.12%,26.05,28.02,28.4,513,279,1.84,73.50%,73.94%,-0.32764,2026-09-25
SBUX,94.86,2026-10-02,6,Call,94.00,+0.91%,1.78,1.87,1.97,604,329,1.84,30.58%,28.82%,0.606482,2026-09-25
BHP,84.97,2026-12-18,83,Put,85.00,+0.04%,4.9,5,5.2,808,440,1.84,33.60%,28.62%,-0.496016,2026-09-25
MU,1082.28,2026-10-02,6,Call,"1,090.00",-0.71%,43,43,43.75,1193,648,1.84,61.47%,84.33%,0.497655,2026-09-25
TSLA,372.11,2026-10-09,13,Call,370.00,+0.57%,12.75,12.81,12.95,3075,1670,1.84,41.62%,41.17%,0.551668,2026-09-25
NVDA,225.07,2026-09-30,4,Put,220.00,-2.25%,1.07,1.09,1.09,3753,2044,1.84,33.63%,31.97%,-0.239601,2026-09-25
GME,23.39,2026-10-02,6,Call,27.00,-15.43%,0.14,0.15,0.16,5598,3037,1.84,53.91%,90.45%,0.118312,2026-09-25
ODD,18.64,2027-01-15,111,Put,12.50,-32.94%,0.55,0.85,1.2,504,275,1.83,89.11%,91.28%,-0.14288,2026-09-25
BE,288.7,2026-10-02,6,Put,295.00,+2.18%,15.3,15.6,15.55,629,344,1.83,82.56%,81.19%,-0.559904,2026-09-25
GOOG,341.08,2026-10-02,6,Put,337.50,-1.05%,3.5,3.54,3.9,819,448,1.83,32.55%,30.97%,-0.382734,2026-09-25
TLRY,4.13,2026-10-02,6,Call,4.00,+3.15%,0.19,0.21,0.23,879,480,1.83,77.68%,64.19%,0.669158,2026-09-25
NFLX,71.14,2026-10-02,6,Put,68.00,-4.41%,0.16,0.16,0.17,2632,1437,1.83,35.73%,30.68%,-0.118224,2026-09-25
HOOD,119.4,2026-10-02,6,Put,110.00,-7.87%,0.76,0.87,0.82,2654,1451,1.83,62.13%,64.47%,-0.149077,2026-09-25
SPCX,148.68,2026-10-02,6,Put,146.00,-1.80%,2.44,2.54,2.49,3036,1660,1.83,48.56%,48.89%,-0.370637,2026-09-25
AVGO,352.81,2026-09-28,2,Call,360.00,-2.04%,0.55,0.6,0.63,3286,1800,1.83,35.54%,26.96%,0.160506,2026-09-25
HOOD,119.4,2026-10-02,6,Call,137.00,-14.74%,0.34,0.35,0.37,1095,602,1.82,62.13%,71.78%,0.074775,2026-09-25
NVDA,225.07,2026-09-30,4,Put,227.50,+1.08%,4.05,4.05,4.15,1314,723,1.82,33.63%,29.25%,-0.628108,2026-09-25
NVDA,225.07,2026-09-30,4,Put,230.00,+2.19%,5.8,5.9,5.9,571,315,1.81,33.63%,29.13%,-0.754748,2026-09-25
IREN,44.13,2026-10-16,20,Put,43.50,-1.43%,2.48,2.75,2.8,588,324,1.81,80.13%,72.99%,-0.429023,2026-09-25
NIO,3.58,2027-05-21,237,Call,5.00,-39.66%,0.29,0.3,0.34,699,386,1.81,49.58%,59.80%,0.346633,2026-09-25
QSR,71.64,2027-01-15,111,Call,77.50,-8.18%,1.85,1.95,2.25,700,387,1.81,26.12%,26.54%,0.322572,2026-09-25
JPM,343.06,2026-10-09,13,Call,350.00,-2.02%,2.34,2.63,2.92,751,415,1.81,26.64%,20.38%,0.314851,2026-09-25
CRWD,252.13,2026-10-02,6,Call,280.00,-11.05%,0.75,0.77,1.01,1290,712,1.81,55.15%,60.96%,0.097787,2026-09-25
BULL,7.19,2026-10-02,6,Call,7.50,-4.31%,0.1,0.1,0.11,2346,1297,1.81,60.04%,60.07%,0.308058,2026-09-25
ZS,193.05,2026-10-16,20,Put,175.00,-9.35%,2.8,3,3.2,571,317,1.8,56.40%,55.38%,-0.201379,2026-09-25
META,751.66,2026-10-02,6,Call,880.00,-17.07%,0.15,0.18,0.22,608,337,1.8,42.39%,52.60%,0.010885,2026-09-25
NVDA,225.07,2026-09-30,4,Put,207.50,-7.81%,0.12,0.13,0.14,663,368,1.8,33.63%,42.75%,-0.032424,2026-09-25
AI,10.65,2026-10-02,6,Put,11.00,+3.29%,0.42,0.56,0.6,722,402,1.8,57.61%,55.63%,-0.659782,2026-09-25
TBBB,53.56,2026-10-16,20,Call,55.00,-2.69%,1.1,1.15,1.25,1055,587,1.8,36.67%,34.73%,0.397607,2026-09-25
META,751.66,2026-10-16,20,Put,735.00,-2.22%,19.45,19.55,19.65,1128,628,1.8,42.39%,39.82%,-0.380336,2026-09-25
META,751.66,2026-10-30,34,Call,900.00,-19.73%,7.1,7.35,7.5,1841,1024,1.8,42.39%,49.31%,0.135941,2026-09-25
ORCL,137.1,2026-10-02,6,Put,138.00,+0.66%,3.95,4.07,4.1,1871,1041,1.8,50.70%,50.96%,-0.524902,2026-09-25
UAL,113.99,2026-10-02,6,Call,115.00,-0.89%,2.57,2.88,3.25,506,282,1.79,54.25%,58.40%,0.465067,2026-09-25
CHWY,18.27,2028-01-21,482,Put,17.50,-4.21%,3.05,3.35,3.85,723,405,1.79,49.25%,53.24%,-0.332844,2026-09-25
VRT,253.28,2026-10-02,6,Call,270.00,-6.60%,1.91,2.02,2.25,742,414,1.79,58.71%,57.44%,0.205283,2026-09-25
JPM,343.06,2026-10-02,6,Call,360.00,-4.94%,0.11,0.16,0.22,1260,705,1.79,26.64%,21.57%,0.043023,2026-09-25
PFE,28.67,2026-10-09,13,Call,29.00,-1.15%,0.32,0.33,0.38,2426,1358,1.79,24.43%,23.29%,0.400013,2026-09-25
RIOT,23,2026-10-16,20,Call,27.00,-17.39%,0.49,0.55,0.62,2725,1522,1.79,83.66%,82.38%,0.234494,2026-09-25
GRAB,3.13,2026-11-20,55,Put,3.00,-4.15%,0.12,0.18,0.2,7767,4330,1.79,55.04%,47.69%,-0.364172,2026-09-25
BYND,8.35,2026-10-02,6,Put,8.00,-4.19%,0.22,0.3,0.3,554,311,1.78,105.05%,98.96%,-0.342636,2026-09-25
MU,1082.28,2026-09-28,2,Put,950.00,-12.22%,0.1,0.14,0.19,558,313,1.78,61.47%,73.17%,-0.0074,2026-09-25
GME,23.39,2026-10-02,6,Put,24.50,+4.75%,1.41,1.5,1.56,609,342,1.78,53.91%,65.83%,-0.69493,2026-09-25
ORCL,137.1,2026-10-09,13,Call,140.00,-2.12%,3.8,3.8,3.95,665,373,1.78,50.70%,49.39%,0.4328,2026-09-25
MCD,236.5,2026-10-30,34,Call,250.00,-5.71%,1.74,2,2.09,760,426,1.78,21.85%,22.04%,0.217261,2026-09-25
NBIS,237.33,2026-10-02,6,Put,237.50,+0.07%,9.3,9.46,9.75,929,522,1.78,79.25%,78.35%,-0.480777,2026-09-25
FSLY,24.96,2026-10-16,20,Put,22.50,-9.86%,0.8,1.05,1.05,1019,574,1.78,98.37%,87.09%,-0.267639,2026-09-25
NET,349.02,2026-10-02,6,Call,350.00,-0.28%,9.85,10.7,11.55,1095,615,1.78,62.96%,61.98%,0.504984,2026-09-25
ASTS,61.81,2026-10-02,6,Call,71.00,-14.87%,0.28,0.32,0.39,1528,859,1.78,77.60%,83.82%,0.1093,2026-09-25
SPCX,148.68,2026-10-02,6,Call,145.00,+2.48%,5.85,5.9,6.45,2254,1268,1.78,48.56%,53.06%,0.659794,2026-09-25
RKT,12.17,2026-10-02,6,Call,12.50,-2.71%,0.19,0.22,0.24,4057,2282,1.78,60.07%,55.97%,0.371404,2026-09-25
KTOS,45.62,2026-10-02,6,Put,45.00,-1.36%,0.85,0.96,1.05,505,285,1.77,61.88%,53.80%,-0.404927,2026-09-25
GLND,5.54,2026-10-16,20,Put,5.00,-9.75%,0.8,1.02,1.1,827,468,1.77,176.06%,248.73%,-0.319103,2026-09-25
AVGO,352.81,2026-09-28,2,Call,365.00,-3.46%,0.2,0.21,0.24,863,487,1.77,35.54%,29.93%,0.064986,2026-09-25
HOOD,119.4,2027-09-17,356,Put,15.00,-87.44%,0.1,0.13,0.13,1217,686,1.77,62.13%,91.73%,-0.002671,2026-09-25
GME,23.39,2026-10-02,6,Call,22.50,+3.81%,1.09,1.13,1.22,1564,882,1.77,53.91%,52.57%,0.727158,2026-09-25
AVGO,352.81,2026-09-28,2,Call,355.00,-0.62%,1.64,1.82,1.85,4278,2417,1.77,35.54%,25.61%,0.379055,2026-09-25
COST,922.77,2026-10-02,6,Call,940.00,-1.87%,4.05,4.3,4.4,541,308,1.76,19.99%,22.15%,0.26801,2026-09-25
POET,7.77,2026-10-02,6,Call,7.50,+3.47%,0.41,0.48,0.61,696,396,1.76,81.41%,91.22%,0.642969,2026-09-25
RIOT,23,2026-10-02,6,Call,27.00,-17.39%,0.09,0.1,0.12,830,472,1.76,83.66%,89.16%,0.090122,2026-09-25
VRT,253.28,2026-10-02,6,Put,250.00,-1.30%,5,5.48,6.05,987,560,1.76,58.71%,55.22%,-0.410263,2026-09-25
MSFT,516.17,2026-10-30,34,Call,530.00,-2.68%,15.25,16.03,16.55,991,564,1.76,29.09%,33.77%,0.430133,2026-09-25
META,751.66,2026-10-02,6,Put,730.00,-2.88%,7.8,7.85,7.95,2970,1686,1.76,42.39%,43.90%,-0.28879,2026-09-25
SMCI,43.26,2027-02-19,146,Call,50.00,-15.58%,6.05,6.55,7.1,510,291,1.75,77.57%,80.12%,0.500246,2026-09-25
UNH,376.59,2026-10-02,6,Call,385.00,-2.23%,2.97,3.44,3.45,529,302,1.75,41.37%,33.62%,0.313593,2026-09-25
COST,922.77,2026-10-02,6,Put,880.00,-4.63%,0.25,0.52,0.94,561,321,1.75,19.99%,23.12%,-0.05127,2026-09-25
HOOD,119.4,2026-10-02,6,Put,119.00,-0.34%,3.6,3.66,3.75,842,482,1.75,62.13%,64.07%,-0.464863,2026-09-25
AEHR,104.39,2026-10-16,20,Put,105.00,+0.58%,8.7,11.7,11.7,850,486,1.75,110.68%,102.54%,-0.459117,2026-09-25
MSFT,516.17,2026-10-16,20,Put,520.00,+0.74%,13.55,13.68,14.2,1808,1031,1.75,29.09%,25.43%,-0.529106,2026-09-25
SNDK,1777.8,2026-10-02,6,Call,"1,900.00",-6.87%,27.6,28.6,29.9,2193,1256,1.75,73.31%,78.81%,0.273879,2026-09-25
META,751.66,2026-10-02,6,Put,750.00,-0.22%,15.85,15.99,16.1,2467,1408,1.75,42.39%,44.24%,-0.469776,2026-09-25
IONQ,45.48,2026-10-02,6,Call,50.00,-9.94%,0.48,0.52,0.53,2650,1514,1.75,75.87%,81.85%,0.199221,2026-09-25
INTC,123,2026-10-02,6,Call,131.00,-6.50%,1.66,1.68,1.71,2711,1553,1.75,69.11%,70.92%,0.260638,2026-09-25
AMZN,249.67,2026-09-30,4,Call,255.00,-2.13%,1.12,1.11,1.15,7702,4392,1.75,33.65%,29.08%,0.253102,2026-09-25
AMD,630.63,2026-10-02,6,Call,750.00,-18.93%,0.28,0.38,0.36,618,355,1.74,55.27%,62.91%,0.017828,2026-09-25
APP,310.75,2026-11-20,55,Put,220.00,-29.20%,3.2,3.55,4.7,851,488,1.74,63.06%,73.78%,-0.085623,2026-09-25
GOOG,341.08,2026-10-02,6,Call,347.50,-1.88%,2.86,2.88,2.94,1078,621,1.74,32.55%,30.98%,0.331871,2026-09-25
MSFT,516.17,2026-09-30,4,Call,505.00,+2.16%,12.8,13.2,13.8,1620,933,1.74,29.09%,28.13%,0.779206,2026-09-25
BE,288.7,2026-10-02,6,Call,280.00,+3.01%,16.6,16.65,16.85,2106,1209,1.74,82.56%,80.90%,0.637984,2026-09-25
SPCX,148.68,2026-10-02,6,Put,139.00,-6.51%,0.68,0.68,0.71,2823,1619,1.74,48.56%,50.25%,-0.138686,2026-09-25
CLSK,13.95,2026-10-02,6,Put,12.50,-10.39%,0,0.11,0.14,590,341,1.73,81.45%,72.31%,-0.108115,2026-09-25
HPQ,31.3,2026-10-02,6,Call,32.00,-2.24%,0.43,0.51,0.55,591,342,1.73,49.11%,48.89%,0.373809,2026-09-25
RDW,11.62,2026-10-02,6,Call,12.50,-7.57%,0.15,0.21,0.25,1155,669,1.73,88.31%,85.17%,0.271553,2026-09-25
ARM,310.32,2026-10-02,6,Call,330.00,-6.34%,5.05,5.26,5.6,1905,1104,1.73,73.03%,78.05%,0.288372,2026-09-25
SPCX,148.68,2026-10-02,6,Put,149.00,+0.22%,3.75,3.8,3.85,2120,1226,1.73,48.56%,48.37%,-0.498228,2026-09-25
TSLA,372.11,2026-10-02,6,Call,365.00,+1.91%,12.6,12.7,12.8,3029,1747,1.73,41.62%,45.27%,0.645222,2026-09-25
NVDA,225.07,2026-10-02,6,Put,202.50,-10.03%,0.13,0.15,0.15,13212,7637,1.73,33.63%,44.04%,-0.028122,2026-09-25
NVDA,225.07,2026-10-02,6,Call,235.00,-4.41%,0.59,0.59,0.61,46568,26904,1.73,33.63%,30.04%,0.138473,2026-09-25
PDD,77.57,2026-10-02,6,Put,77.00,-0.73%,0.84,0.92,1,515,300,1.72,32.61%,30.42%,-0.4121,2026-09-25
QSR,71.64,2027-01-15,111,Put,65.00,-9.27%,0.9,1.45,1.55,562,326,1.72,26.12%,24.44%,-0.209553,2026-09-25
FRO,47.73,2026-10-16,20,Call,48.20,-0.98%,1.95,2.1,2.15,609,355,1.72,51.03%,55.97%,0.466601,2026-09-25
MU,1082.28,2026-10-02,6,Call,"1,130.00",-4.41%,25.8,28.31,31.55,615,358,1.72,61.47%,86.00%,0.370487,2026-09-25
ARM,310.32,2026-10-02,6,Call,350.00,-12.79%,2.08,2.16,2.28,2855,1664,1.72,73.03%,81.77%,0.138017,2026-09-25
INTC,123,2026-10-09,13,Put,118.00,-4.07%,3.6,3.69,3.75,509,297,1.71,69.11%,65.00%,-0.341498,2026-09-25
AVGO,352.81,2026-09-28,2,Put,345.00,-2.21%,0.2,0.48,0.69,935,546,1.71,35.54%,26.86%,-0.126357,2026-09-25
DELL,562.89,2026-10-02,6,Call,565.00,-0.37%,17.05,17.4,17.5,1306,762,1.71,61.02%,62.99%,0.500381,2026-09-25
GLND,5.54,2027-05-21,237,Call,5.00,+9.75%,1.2,1.31,1.4,1428,833,1.71,176.06%,55.66%,0.696844,2026-09-25
IBM,225.51,2026-10-02,6,Call,240.00,-6.43%,0.45,0.47,0.5,1519,886,1.71,38.20%,36.66%,0.097044,2026-09-25
TSLA,372.11,2026-09-30,4,Put,355.00,-4.60%,0.96,1,1,1705,1000,1.71,41.62%,40.04%,-0.1244,2026-09-25
MSFT,516.17,2026-10-02,6,Call,512.50,+0.71%,9.35,9.6,9.85,2058,1206,1.71,29.09%,28.39%,0.590354,2026-09-25
CORZ,17.34,2026-10-02,6,Call,19.00,-9.57%,0.15,0.17,0.22,2316,1353,1.71,72.95%,78.89%,0.198469,2026-09-25
NVDA,225.07,2026-10-05,9,Call,225.00,+0.03%,4,4.28,4.25,2954,1728,1.71,33.63%,28.34%,0.519221,2026-09-25
NVO,38.8,2027-01-15,111,Put,37.50,-3.35%,2.03,2.12,2.15,6929,4061,1.71,33.28%,32.40%,-0.38564,2026-09-25
SPCX,148.68,2026-10-02,6,Call,155.00,-4.25%,1.44,1.45,1.46,17775,10404,1.71,48.56%,48.60%,0.265423,2026-09-25
NVDA,225.07,2026-10-02,6,Put,215.00,-4.47%,0.72,0.72,0.73,19288,11328,1.7,33.63%,34.25%,-0.140959,2026-09-25
LITE,941.65,2026-10-02,6,Put,860.00,-8.67%,7.1,7.2,7.3,530,312,1.7,73.00%,72.49%,-0.151809,2026-09-25
BA,198.07,2026-10-02,6,Put,197.50,-0.29%,2.75,3,3.05,660,389,1.7,32.57%,31.40%,-0.463451,2026-09-25
MU,1082.28,2026-10-02,6,Call,"1,070.00",+1.13%,50.35,53.31,53.65,1051,619,1.7,61.47%,82.24%,0.566287,2026-09-25
COST,922.77,2026-10-02,6,Call,950.00,-2.95%,2.17,2.25,2.5,1107,652,1.7,19.99%,22.64%,0.166204,2026-09-25
SGML,9.58,2026-10-16,20,Put,9.00,-6.05%,0.3,0.45,0.45,1624,955,1.7,84.72%,72.68%,-0.321765,2026-09-25
AMD,630.63,2026-09-28,2,Call,650.00,-3.07%,1.93,1.98,2.04,3358,1981,1.7,55.27%,43.80%,0.1813,2026-09-25
ZS,193.05,2026-10-16,20,Call,215.00,-11.37%,3.05,3.73,4.2,581,344,1.69,56.40%,59.24%,0.244464,2026-09-25
SONO,18.17,2026-12-18,83,Call,20.00,-10.07%,1.1,1.14,1.35,1225,723,1.69,52.14%,53.78%,0.417018,2026-09-25
GOOGL,343.92,2026-10-02,6,Call,345.00,-0.31%,4.95,5,5.05,3453,2047,1.69,32.86%,30.81%,0.482229,2026-09-25
DELL,562.89,2026-10-02,6,Call,700.00,-24.36%,0.09,0.15,0.21,607,361,1.68,61.02%,70.39%,0.009043,2026-09-25
TSM,450.61,2026-10-09,13,Put,390.00,-13.45%,0.27,0.31,0.33,811,484,1.68,33.38%,39.47%,-0.023263,2026-09-25
ORCL,137.1,2026-10-02,6,Put,132.00,-3.72%,1.42,1.5,1.5,1088,649,1.68,50.70%,49.99%,-0.264587,2026-09-25
NBIS,237.33,2026-10-02,6,Put,230.00,-3.09%,5.95,6.1,6.2,1115,663,1.68,79.25%,78.17%,-0.356208,2026-09-25
BSX,43.92,2026-10-02,6,Call,44.50,-1.32%,0.3,0.55,0.65,2090,1246,1.68,38.53%,31.73%,0.387272,2026-09-25
AMZN,249.67,2026-10-02,6,Put,242.50,-2.87%,1.18,1.21,1.24,2260,1342,1.68,33.65%,30.18%,-0.215631,2026-09-25
WULF,15.74,2026-10-02,6,Call,17.00,-8.01%,0.23,0.24,0.25,2372,1410,1.68,83.50%,84.94%,0.248223,2026-09-25
GOOGL,343.92,2026-09-30,4,Call,350.00,-1.77%,1.81,2.04,2.07,2770,1650,1.68,32.86%,29.47%,0.294662,2026-09-25
INTC,123,2026-09-28,2,Call,120.00,+2.44%,3.65,3.75,3.85,979,586,1.67,69.11%,51.88%,0.74768,2026-09-25
NOK,10.39,2026-10-30,34,Call,11.00,-5.87%,0.55,0.55,0.61,1257,751,1.67,57.88%,64.67%,0.429219,2026-09-25
CHKP,131.24,2026-10-16,20,Put,135.00,+2.86%,5.4,6,7.2,501,301,1.66,40.41%,34.74%,-0.614227,2026-09-25
NOW,135.62,2026-10-02,6,Call,148.00,-9.13%,0.6,0.64,0.67,506,304,1.66,54.62%,58.06%,0.12969,2026-09-25
MCD,236.5,2027-06-17,264,Put,210.00,-11.21%,7.45,7.45,7.7,560,338,1.66,21.85%,24.56%,-0.235219,2026-09-25
UPST,23.81,2026-10-02,6,Put,25.00,+5.00%,1.27,1.33,1.59,695,419,1.66,67.59%,55.08%,-0.742491,2026-09-25
GOOGL,343.92,2026-09-28,2,Put,345.00,+0.31%,3,3.13,3.4,747,449,1.66,32.86%,26.14%,-0.557488,2026-09-25
PFE,28.67,2026-10-02,6,Put,28.50,-0.59%,0.25,0.26,0.29,757,455,1.66,24.43%,23.58%,-0.419811,2026-09-25
DELL,562.89,2026-10-02,6,Put,550.00,-2.29%,11.5,11.72,11.9,839,506,1.66,61.02%,61.53%,-0.367199,2026-09-25
MSFT,516.17,2026-10-02,6,Put,482.50,-6.52%,0.35,0.39,0.49,883,532,1.66,29.09%,32.05%,-0.047089,2026-09-25
TSLA,372.11,2026-10-09,13,Put,375.00,+0.78%,12.55,12.75,12.85,903,544,1.66,41.62%,40.70%,-0.519416,2026-09-25
ASTS,61.81,2026-10-02,6,Call,67.00,-8.40%,0.74,0.78,0.8,939,565,1.66,77.60%,77.87%,0.226232,2026-09-25
AVGO,352.81,2026-10-30,34,Put,335.00,-5.05%,6.85,6.95,7.15,982,590,1.66,35.54%,34.65%,-0.285188,2026-09-25
MSTR,158.61,2026-10-02,6,Put,152.50,-3.85%,2.72,2.84,2.9,1441,869,1.66,68.11%,67.26%,-0.306722,2026-09-25
CHWY,18.27,2026-11-20,55,Call,22.50,-23.15%,0.24,0.31,0.37,2119,1279,1.66,49.25%,50.24%,0.173699,2026-09-25
CLSK,13.95,2026-10-30,34,Call,18.00,-29.03%,0.27,0.32,0.41,532,323,1.65,81.45%,83.21%,0.194303,2026-09-25
INTC,123,2026-09-30,4,Put,125.00,+1.63%,4.4,4.4,4.55,578,350,1.65,69.11%,65.81%,-0.577495,2026-09-25
CSCO,106.7,2026-10-02,6,Put,107.00,+0.28%,1.7,1.79,1.99,590,357,1.65,34.25%,31.30%,-0.516836,2026-09-25
GME,23.39,2026-10-02,6,Call,27.50,-17.57%,0.12,0.14,0.14,904,549,1.65,53.91%,94.79%,0.101204,2026-09-25
MSFT,516.17,2026-10-16,20,Call,565.00,-9.46%,1.27,1.29,1.35,1439,871,1.65,29.09%,27.35%,0.088065,2026-09-25
AMZN,249.67,2026-09-30,4,Put,245.00,-1.87%,1.11,1.16,1.17,1600,969,1.65,33.65%,28.33%,-0.253298,2026-09-25
COHR,295.83,2026-10-02,6,Put,280.00,-5.35%,3.7,4.53,4.9,590,359,1.64,73.45%,70.67%,-0.255097,2026-09-25
BSX,43.92,2026-10-23,27,Put,42.00,-4.37%,0.75,0.9,0.9,1098,669,1.64,38.53%,35.33%,-0.295081,2026-09-25
TSLA,372.11,2026-10-05,9,Call,380.00,-2.12%,6.15,6.2,6.3,1395,849,1.64,41.62%,40.43%,0.388332,2026-09-25
BABA,109.74,2026-10-02,6,Call,111.00,-1.15%,1.5,1.48,1.54,1644,1003,1.64,38.73%,37.01%,0.414188,2026-09-25
MSFT,516.17,2026-09-28,2,Call,505.00,+2.16%,10.95,11.92,12.75,1680,1027,1.64,29.09%,25.70%,0.878707,2026-09-25
MSTR,158.61,2026-10-02,6,Put,160.00,+0.88%,6.25,6.33,6.4,4760,2897,1.64,68.11%,69.40%,-0.519139,2026-09-25
MRVL,261.93,2026-10-02,6,Call,262.50,-0.22%,8.25,8.45,8.65,549,336,1.63,66.18%,64.53%,0.509114,2026-09-25
REKR,0.404,2026-10-16,20,Put,0.5000,+23.76%,0.05,0.1,0.1,663,408,1.63,91.50%,76.91%,-0.86424,2026-09-25
TSLA,372.11,2026-09-30,4,Call,397.50,-6.82%,0.48,0.48,0.5,755,463,1.63,41.62%,41.71%,0.069419,2026-09-25
GOOGL,343.92,2026-09-30,4,Call,342.50,+0.41%,4.9,5.15,5.2,884,541,1.63,32.86%,29.49%,0.564473,2026-09-25
UPST,23.81,2026-10-02,6,Call,25.00,-5.00%,0.26,0.3,0.4,941,579,1.63,67.59%,62.58%,0.287796,2026-09-25
VOYG,31.35,2026-11-20,55,Call,55.00,-75.44%,0.2,0.2,0.65,1004,616,1.63,84.33%,94.55%,0.091468,2026-09-25
RIOT,23,2026-11-20,55,Call,26.00,-13.04%,1.79,1.97,2.15,1039,639,1.63,83.66%,84.89%,0.425013,2026-09-25
AMD,630.63,2026-10-09,13,Call,700.00,-11.00%,5.15,5.44,5.7,1053,647,1.63,55.27%,53.68%,0.167019,2026-09-25
SPCX,148.68,2026-10-09,13,Call,172.50,-16.02%,0.43,0.47,0.46,1167,715,1.63,48.56%,51.61%,0.07178,2026-09-25
PLTR,189.67,2026-10-02,6,Call,182.50,+3.78%,9.1,9.18,9.3,1460,894,1.63,52.42%,49.22%,0.742924,2026-09-25
GOOGL,343.92,2026-09-28,2,Call,360.00,-4.68%,0.08,0.1,0.1,2074,1269,1.63,32.86%,32.16%,0.028766,2026-09-25
TSLA,372.11,2026-10-02,6,Call,367.50,+1.24%,11.1,11.2,11.55,1219,754,1.62,41.62%,45.96%,0.599448,2026-09-25
TSLA,372.11,2026-10-09,13,Put,370.00,-0.57%,10.1,9.88,10.2,1223,757,1.62,41.62%,40.79%,-0.449605,2026-09-25
IBM,225.51,2026-10-02,6,Call,250.00,-10.86%,0.12,0.14,0.14,2101,1295,1.62,38.20%,41.63%,0.028576,2026-09-25
UBER,69.62,2026-10-02,6,Call,70.00,-0.55%,0.99,1,1.02,2440,1509,1.62,35.42%,32.64%,0.462598,2026-09-25
AAPL,341.07,2026-10-02,6,Put,335.00,-1.78%,1.55,1.6,1.65,5570,3429,1.62,23.34%,22.94%,-0.260206,2026-09-25
AAPL,341.07,2026-10-02,6,Put,330.00,-3.25%,0.72,0.73,0.75,6899,4246,1.62,23.34%,24.13%,-0.135843,2026-09-25
SPCX,148.68,2026-10-02,6,Put,140.00,-5.84%,0.83,0.85,0.86,11169,6910,1.62,48.56%,49.89%,-0.163167,2026-09-25
PLTR,189.67,2026-10-02,6,Call,205.00,-8.08%,0.64,0.65,0.78,9889,6152,1.61,52.42%,50.10%,0.121381,2026-09-25
ORCL,137.1,2026-10-16,20,Call,160.00,-16.70%,1,1.04,1.06,19461,12087,1.61,50.70%,54.10%,0.125818,2026-09-25
META,751.66,2026-10-02,6,Call,795.00,-5.77%,4.35,4.4,4.45,522,324,1.61,42.39%,46.60%,0.184436,2026-09-25
CMCSA,21.91,2026-10-02,6,Put,21.50,-1.87%,0.13,0.2,0.23,574,357,1.61,35.01%,31.06%,-0.313116,2026-09-25
CRWV,87.59,2026-10-09,13,Put,86.00,-1.82%,3.65,3.7,3.85,612,381,1.61,74.37%,69.69%,-0.415401,2026-09-25
IONQ,45.48,2026-10-09,13,Call,46.00,-1.14%,2.21,2.37,2.43,657,408,1.61,75.87%,73.92%,0.499271,2026-09-25
COST,922.77,2026-10-02,6,Call,920.00,+0.30%,11.5,11.95,12.3,1000,621,1.61,19.99%,21.63%,0.556163,2026-09-25
MU,1082.28,2026-10-02,6,Call,"1,300.00",-20.12%,3.6,3.65,3.7,3792,2358,1.61,61.47%,91.93%,0.067995,2026-09-25
INTC,123,2026-10-30,34,Put,125.00,+1.63%,12,12.05,12.25,538,336,1.6,69.11%,75.05%,-0.477933,2026-09-25
AMD,630.63,2026-09-28,2,Call,625.00,+0.89%,10.55,11.11,11.55,597,372,1.6,55.27%,42.26%,0.621406,2026-09-25
META,751.66,2026-10-02,6,Put,765.00,+1.77%,24.5,24.85,24.85,638,398,1.6,42.39%,44.98%,-0.605986,2026-09-25
QXO,12.43,2026-11-20,55,Put,18.00,+44.81%,5.5,5.76,6.1,650,407,1.6,62.29%,82.83%,-0.842894,2026-09-25
AVGO,352.81,2026-10-02,6,Put,347.50,-1.51%,3.5,3.6,3.8,660,412,1.6,35.54%,33.47%,-0.350022,2026-09-25
NOW,135.62,2026-10-02,6,Put,135.00,-0.46%,3.3,3.34,3.45,676,422,1.6,54.62%,53.67%,-0.456788,2026-09-25
META,751.66,2026-09-30,4,Put,745.00,-0.89%,10.2,10.3,10.4,698,437,1.6,42.39%,43.14%,-0.41021,2026-09-25
DDOG,268.13,2026-10-16,20,Call,300.00,-11.89%,4.25,4.8,5.35,967,606,1.6,64.40%,59.44%,0.235024,2026-09-25
GME,23.39,2026-10-02,6,Put,23.50,+0.47%,0.72,0.71,0.81,1477,923,1.6,53.91%,58.76%,-0.511389,2026-09-25
MARA,12.55,2026-10-02,6,Call,13.50,-7.57%,0.21,0.21,0.23,6240,3903,1.6,82.53%,85.90%,0.27367,2026-09-25
NVDA,225.07,2026-10-02,6,Put,212.50,-5.58%,0.48,0.48,0.5,8134,5073,1.6,33.63%,35.73%,-0.09873,2026-09-25
CAVA,51.58,2026-10-16,20,Call,55.00,-6.63%,1.31,1.38,1.42,4610,2899,1.59,59.96%,54.40%,0.335835,2026-09-25
PLTR,189.67,2026-10-02,6,Put,190.00,+0.17%,4.35,4.75,4.85,4673,2937,1.59,52.42%,46.24%,-0.496496,2026-09-25
DELL,562.89,2026-10-02,6,Call,680.00,-20.81%,0.01,0.32,0.5,552,347,1.59,61.02%,66.66%,0.015312,2026-09-25
MU,1082.28,2026-10-02,6,Call,"1,460.00",-34.90%,0.59,0.66,0.73,625,394,1.59,61.47%,102.62%,0.013749,2026-09-25
MXL,93.84,2026-10-16,20,Put,55.00,-41.39%,0.05,0.15,0.35,705,444,1.59,104.63%,118.45%,-0.019109,2026-09-25
NBIS,237.33,2026-10-02,6,Put,240.00,+1.13%,10.6,11.01,11.65,1052,663,1.59,79.25%,80.38%,-0.520828,2026-09-25
DELL,562.89,2026-10-02,6,Put,530.00,-5.84%,5.4,5.49,5.7,1167,736,1.59,61.02%,61.98%,-0.210725,2026-09-25
NBIS,237.33,2026-10-02,6,Call,245.00,-3.23%,6.35,6.55,6.8,1399,882,1.59,79.25%,80.17%,0.400567,2026-09-25
NVTS,12.2,2026-10-02,6,Call,12.50,-2.46%,0.34,0.37,0.4,1450,913,1.59,82.63%,79.63%,0.428306,2026-09-25
RDDT,149.84,2026-10-02,6,Call,155.00,-3.44%,2.4,2.5,2.68,1813,1137,1.59,61.97%,59.53%,0.345637,2026-09-25
ORCL,137.1,2026-10-02,6,Call,149.00,-8.68%,0.68,0.7,0.7,2204,1384,1.59,50.70%,57.52%,0.13859,2026-09-25
AAPL,341.07,2026-11-20,55,Put,345.00,+1.15%,14.15,14.35,14.35,690,437,1.58,23.34%,24.63%,-0.513588,2026-09-25
MSFT,516.17,2026-10-23,27,Call,520.00,-0.74%,13.35,13.73,13.75,691,438,1.58,29.09%,26.41%,0.486104,2026-09-25
INTC,123,2026-10-02,6,Call,123.00,0.00%,4.25,4.35,4.4,989,627,1.58,69.11%,68.23%,0.520019,2026-09-25
META,751.66,2026-10-02,6,Put,715.00,-4.88%,4.2,4.25,4.3,1049,663,1.58,42.39%,44.27%,-0.179102,2026-09-25
GOOGL,343.92,2026-09-28,2,Call,355.00,-3.22%,0.2,0.22,0.22,1822,1154,1.58,32.86%,28.22%,0.067087,2026-09-25
GME,23.39,2026-10-02,6,Call,21.50,+8.08%,1.86,1.92,2.06,2256,1431,1.58,53.91%,52.66%,0.899795,2026-09-25
ORCL,137.1,2026-10-02,6,Call,155.00,-13.06%,0.35,0.37,0.37,13398,8500,1.58,50.70%,64.09%,0.073849,2026-09-25
BB,8.21,2026-10-02,6,Call,8.50,-3.53%,0.15,0.17,0.18,6274,3985,1.57,59.85%,66.73%,0.361094,2026-09-25
ALAB,364.62,2026-10-16,20,Put,360.00,-1.27%,24,24.2,25,511,325,1.57,84.74%,80.19%,-0.432188,2026-09-25
NFLX,71.14,2026-10-02,6,Put,67.00,-5.82%,0.09,0.1,0.1,1031,658,1.57,35.73%,32.63%,-0.070814,2026-09-25
GOOG,341.08,2026-10-02,6,Put,322.50,-5.45%,0.52,0.55,0.55,1070,682,1.57,32.55%,32.19%,-0.082067,2026-09-25
CRWV,87.59,2026-10-02,6,Put,87.00,-0.67%,2.86,2.93,2.94,1277,813,1.57,74.37%,71.93%,-0.450236,2026-09-25
MSFT,516.17,2026-11-20,55,Call,650.00,-25.93%,1,1.1,1.2,1480,941,1.57,29.09%,32.66%,0.043062,2026-09-25
SATL,6.17,2026-10-16,20,Call,7.00,-13.45%,0.2,0.3,0.3,3290,2096,1.57,93.17%,92.57%,0.321187,2026-09-25
TSLA,372.11,2026-10-16,20,Call,377.50,-1.45%,11.8,12.05,11.9,541,346,1.56,41.62%,40.13%,0.466739,2026-09-25
BB,8.21,2026-10-23,27,Call,9.00,-9.62%,0.24,0.27,0.3,666,426,1.56,59.85%,61.56%,0.327101,2026-09-25
LUNR,15.61,2026-10-02,6,Call,16.00,-2.50%,0.41,0.54,0.63,870,557,1.56,86.91%,85.85%,0.435109,2026-09-25
IBM,225.51,2026-10-02,6,Call,235.00,-4.21%,0.98,1.05,1.07,920,588,1.56,38.20%,35.22%,0.187425,2026-09-25
CBRS,206.75,2026-10-16,20,Call,200.00,+3.26%,16.8,18.92,20.5,1263,811,1.56,77.85%,78.05%,0.612071,2026-09-25
HD,293.2,2026-10-02,6,Call,310.00,-5.73%,0.15,0.3,0.4,1315,844,1.56,28.14%,27.81%,0.061605,2026-09-25
INTC,123,2026-09-30,4,Put,118.00,-4.07%,1.33,1.34,1.37,544,351,1.55,69.11%,65.03%,-0.258279,2026-09-25
CCJ,88.07,2026-10-02,6,Put,90.00,+2.19%,2.87,3.06,3.35,643,414,1.55,43.31%,44.51%,-0.63499,2026-09-25
AAPL,341.07,2026-09-30,4,Call,355.00,-4.08%,0.14,0.16,0.16,769,497,1.55,23.34%,22.32%,0.046009,2026-09-25
CRDO,210.97,2026-10-02,6,Call,220.00,-4.28%,5.3,5.8,5.9,788,507,1.55,77.79%,85.21%,0.373265,2026-09-25
COIN,195.11,2026-10-02,6,Call,195.00,+0.06%,6.3,6.63,6.8,1148,742,1.55,65.46%,64.51%,0.522291,2026-09-25
CRWD,252.13,2026-10-02,6,Call,265.00,-5.10%,2.65,2.77,2.94,1209,782,1.55,55.15%,56.72%,0.261216,2026-09-25
RDDT,149.84,2026-10-02,6,Call,170.00,-13.45%,0.3,0.35,0.36,1554,1000,1.55,61.97%,62.88%,0.064572,2026-09-25
DKNG,22.02,2026-10-02,6,Call,23.00,-4.45%,0.26,0.31,0.43,1872,1211,1.55,55.97%,63.29%,0.312689,2026-09-25
NBIS,237.33,2026-10-02,6,Call,240.00,-1.13%,8.25,8.25,8.55,1896,1225,1.55,79.25%,78.75%,0.478466,2026-09-25
ASTS,61.81,2026-10-02,6,Put,61.00,-1.31%,1.83,1.89,1.99,706,459,1.54,77.60%,73.53%,-0.423606,2026-09-25
CRDO,210.97,2026-10-02,6,Call,210.00,+0.46%,9.3,9.76,10.5,817,529,1.54,77.79%,86.81%,0.540941,2026-09-25
PDD,77.57,2028-01-21,482,Put,55.00,-29.10%,3.25,3.6,3.6,998,650,1.54,32.61%,41.63%,-0.144724,2026-09-25
BMNR,27.56,2026-10-02,6,Put,25.00,-9.29%,0.19,0.2,0.21,2313,1500,1.54,75.78%,74.71%,-0.14195,2026-09-25
GME,23.39,2026-10-02,6,Call,25.00,-6.88%,0.3,0.3,0.32,21043,13696,1.54,53.91%,72.50%,0.250086,2026-09-25
BE,288.7,2026-10-02,6,Call,300.00,-3.91%,7.5,7.56,7.7,6014,3931,1.53,82.56%,82.23%,0.380009,2026-09-25
FIVN,35.77,2029-01-19,846,Call,20.00,+44.09%,20.1,22.5,23.7,520,339,1.53,75.23%,71.27%,0.881402,2026-09-25
CBRS,206.75,2026-10-02,6,Call,220.00,-6.41%,3.8,4.11,4.2,608,398,1.53,77.85%,83.39%,0.300953,2026-09-25
MSFT,516.17,2026-10-09,13,Put,485.00,-6.04%,1.33,1.67,1.8,617,402,1.53,29.09%,28.42%,-0.113635,2026-09-25
NFLX,71.14,2027-12-17,447,Call,94.00,-32.13%,6.4,6.84,7.3,784,512,1.53,35.73%,40.08%,0.388848,2026-09-25
OKLO,38.04,2026-10-02,6,Call,42.00,-10.41%,0.3,0.31,0.33,786,515,1.53,72.22%,75.74%,0.167327,2026-09-25
RIVN,15.47,2026-10-02,6,Put,16.00,+3.43%,0.69,0.8,0.83,1120,731,1.53,58.20%,56.23%,-0.664767,2026-09-25
AEM,194.48,2027-01-15,111,Call,300.00,-54.26%,0.4,1.5,2.25,1459,952,1.53,43.52%,47.00%,0.066072,2026-09-25
GLND,5.54,2026-11-20,55,Call,6.00,-8.30%,0.7,0.7,0.8,2198,1433,1.53,176.06%,107.13%,0.512177,2026-09-25
BMNR,27.56,2026-10-02,6,Call,27.50,+0.22%,1.1,1.1,1.14,2511,1642,1.53,75.78%,76.84%,0.530927,2026-09-25
IONQ,45.48,2026-10-02,6,Call,48.00,-5.54%,0.9,0.92,1.01,2847,1864,1.53,75.87%,81.75%,0.324167,2026-09-25
SMCI,43.26,2026-10-16,20,Call,44.00,-1.71%,2.59,2.63,2.67,3131,2041,1.53,77.57%,72.37%,0.498863,2026-09-25
LLY,1183.46,2026-10-23,27,Call,"1,580.00",-33.51%,0.05,0.14,0.72,809,532,1.52,35.92%,43.15%,0.008601,2026-09-25
RKT,12.17,2026-11-20,55,Call,11.00,+9.61%,1.79,1.93,1.96,840,553,1.52,60.07%,64.70%,0.709546,2026-09-25
KBH,48.01,2027-01-15,111,Call,55.00,-14.56%,1.35,1.45,1.5,1013,668,1.52,34.09%,34.48%,0.277278,2026-09-25
NVTS,12.2,2026-10-02,6,Call,13.50,-10.66%,0.12,0.13,0.15,1898,1251,1.52,82.63%,85.14%,0.192891,2026-09-25
PDD,77.57,2026-10-02,6,Put,75.00,-3.31%,0.32,0.32,0.43,1981,1307,1.52,32.61%,32.79%,-0.201551,2026-09-25
BE,288.7,2026-10-02,6,Call,285.00,+1.28%,13.7,13.86,14.1,2114,1391,1.52,82.56%,80.89%,0.572373,2026-09-25
GEO,31.22,2026-10-16,20,Call,31.00,+0.70%,1.4,1.65,1.8,2517,1656,1.52,54.68%,51.11%,0.547744,2026-09-25
TEM,85.01,2026-10-02,6,Put,77.00,-9.42%,0.75,0.82,1.26,599,397,1.51,83.01%,90.10%,-0.178919,2026-09-25
GOOGL,343.92,2026-10-02,6,Call,342.50,+0.41%,6.15,6.3,6.4,803,531,1.51,32.86%,30.91%,0.555372,2026-09-25
SNDK,1777.8,2026-10-02,6,Put,"1,600.00",-10.00%,10.7,11,11.3,1148,759,1.51,73.31%,74.84%,-0.124601,2026-09-25
RGTI,16.66,2026-10-02,6,Call,17.50,-5.04%,0.31,0.31,0.34,1522,1007,1.51,74.85%,75.39%,0.32491,2026-09-25
SKHY,191.56,2026-10-02,6,Call,195.00,-1.80%,4.35,4.45,4.55,1665,1101,1.51,58.80%,60.35%,0.427303,2026-09-25
BE,288.7,2026-10-02,6,Call,305.00,-5.65%,6,6.03,6.15,555,369,1.5,82.56%,82.50%,0.322619,2026-09-25
META,751.66,2027-01-15,111,Put,780.00,+3.77%,78.8,79.26,79.95,641,427,1.5,42.39%,40.98%,-0.507159,2026-09-25
CVNA,65.06,2026-10-02,6,Put,63.00,-3.17%,1.07,1.13,1.28,902,603,1.5,63.34%,62.80%,-0.327523,2026-09-25
UUUU,11.35,2027-01-15,111,Call,13.00,-14.54%,1.15,1.22,1.32,1120,745,1.5,67.50%,71.42%,0.454054,2026-09-25
TSLA,372.11,2026-10-23,27,Call,385.00,-3.46%,13.05,13.25,13.2,1440,959,1.5,41.62%,44.95%,0.423101,2026-09-25
RIOT,23,2026-10-16,20,Call,24.00,-4.35%,1.32,1.34,1.38,2598,1728,1.5,83.66%,81.54%,0.453661,2026-09-25
AAL,13.87,2026-10-02,6,Call,14.50,-4.54%,0.1,0.14,0.15,5105,3404,1.5,49.51%,48.78%,0.249287,2026-09-25
AAPL,341.07,2026-10-02,6,Call,350.00,-2.62%,0.98,0.99,1,11027,7375,1.5,23.34%,22.03%,0.189351,2026-09-25
GME,23.39,2026-10-02,6,Call,26.00,-11.16%,0.2,0.2,0.21,5494,3677,1.49,53.91%,81.11%,0.166156,2026-09-25
PLTR,189.67,2026-10-02,6,Call,197.50,-4.13%,1.85,1.83,1.96,9306,6259,1.49,52.42%,48.57%,0.271507,2026-09-25
CHTR,112.91,2026-10-16,20,Call,150.00,-32.85%,0.1,0.3,0.3,522,350,1.49,61.70%,62.72%,0.032402,2026-09-25
FRMI,4.52,2027-02-19,146,Call,5.00,-10.62%,0.95,1.03,1.1,524,351,1.49,101.46%,103.80%,0.579255,2026-09-25
META,751.66,2026-09-30,4,Put,760.00,+1.11%,18.1,18.25,18.4,545,367,1.49,42.39%,43.85%,-0.583595,2026-09-25
LRCX,315.21,2026-10-02,6,Call,360.00,-14.21%,0.51,0.67,0.85,565,380,1.49,60.86%,65.17%,0.061585,2026-09-25
META,751.66,2026-09-30,4,Call,785.00,-4.44%,3.5,3.6,3.6,573,384,1.49,42.39%,45.01%,0.186936,2026-09-25
NBIS,237.33,2026-10-02,6,Call,255.00,-7.45%,3.6,3.8,3.9,1087,731,1.49,79.25%,81.12%,0.263571,2026-09-25
RKLB,73.95,2026-10-02,6,Call,74.00,-0.07%,2.39,2.67,2.63,1144,770,1.49,72.53%,66.42%,0.516809,2026-09-25
DELL,562.89,2026-10-02,6,Call,560.00,+0.51%,19.45,19.35,19.9,1372,921,1.49,61.02%,62.81%,0.54424,2026-09-25
DELL,562.89,2026-10-02,6,Call,570.00,-1.26%,14.8,15.2,15.25,1372,922,1.49,61.02%,62.92%,0.456857,2026-09-25
GME,23.39,2026-10-02,6,Call,25.50,-9.02%,0.24,0.24,0.26,1841,1238,1.49,53.91%,76.83%,0.202728,2026-09-25
GME,23.39,2026-10-09,13,Call,21.00,+10.22%,2.36,2.5,2.64,2999,2017,1.49,53.91%,49.22%,0.885876,2026-09-25
AMD,630.63,2026-10-02,6,Put,550.00,-12.79%,1,1.04,1.09,3842,2586,1.49,55.27%,65.38%,-0.046375,2026-09-25
FIG,20.85,2026-10-02,6,Put,21.50,+3.12%,0.92,1.09,1.17,531,358,1.48,70.77%,62.70%,-0.631695,2026-09-25
META,751.66,2026-10-02,6,Put,640.00,-14.86%,0.16,0.2,0.28,794,535,1.48,42.39%,56.26%,-0.011512,2026-09-25
INTC,123,2026-10-05,9,Call,125.00,-1.63%,3.85,4.05,4.05,910,613,1.48,69.11%,62.34%,0.457314,2026-09-25
AVGO,352.81,2026-10-09,13,Put,325.00,-7.88%,1.06,1.1,1.16,975,659,1.48,35.54%,35.00%,-0.098226,2026-09-25
INTC,123,2026-10-02,6,Put,123.00,0.00%,4.15,4.25,4.3,1453,980,1.48,69.11%,67.69%,-0.480553,2026-09-25
COST,922.77,2026-10-16,20,Call,960.00,-4.03%,5,5.3,5.95,1575,1061,1.48,19.99%,20.39%,0.221276,2026-09-25
SMCI,43.26,2026-10-02,6,Call,43.00,+0.60%,1.8,1.83,1.84,11414,7687,1.48,77.57%,75.86%,0.546647,2026-09-25
ROST,236.12,2026-10-16,20,Call,250.00,-5.88%,1.15,1.3,1.5,500,340,1.47,29.20%,25.12%,0.180563,2026-09-25
LULU,101.3,2026-10-02,6,Put,94.00,-7.21%,0.19,0.25,0.32,545,371,1.47,41.79%,45.11%,-0.091385,2026-09-25
PLTR,189.67,2026-10-23,27,Call,240.00,-26.54%,0.44,0.5,0.56,567,386,1.47,52.42%,49.68%,0.049159,2026-09-25
RKLB,73.95,2026-10-02,6,Call,76.00,-2.77%,1.74,1.74,1.8,778,531,1.47,72.53%,69.19%,0.398694,2026-09-25
AMC,2.94,2026-10-16,20,Put,3.00,+2.04%,0.25,0.27,0.27,1057,719,1.47,81.71%,82.75%,-0.502243,2026-09-25
ASTS,61.81,2026-10-02,6,Call,68.00,-10.01%,0.58,0.64,0.65,1089,740,1.47,77.60%,78.93%,0.18773,2026-09-25
TSLA,372.11,2026-10-02,6,Call,430.00,-15.56%,0.2,0.22,0.22,2418,1647,1.47,41.62%,54.83%,0.022087,2026-09-25
ONDS,7.64,2026-10-02,6,Call,7.50,+1.83%,0.32,0.35,0.37,3987,2711,1.47,76.34%,68.84%,0.602934,2026-09-25
JPM,343.06,2026-10-02,6,Put,332.50,-3.08%,0.82,0.96,1.01,575,393,1.46,26.64%,24.89%,-0.157225,2026-09-25
AMD,630.63,2026-09-30,4,Call,650.00,-3.07%,6.2,6.35,6.55,794,543,1.46,55.27%,51.94%,0.301016,2026-09-25
GOOGL,343.92,2026-09-30,4,Call,345.00,-0.31%,3.7,3.55,4.05,856,585,1.46,32.86%,30.11%,0.471648,2026-09-25
WMT,107.98,2026-10-02,6,Call,107.00,+0.91%,1.79,1.84,1.89,2341,1606,1.46,26.20%,22.88%,0.633827,2026-09-25
AMZN,249.67,2026-10-02,6,Call,262.50,-5.14%,0.56,0.58,0.58,3183,2184,1.46,33.65%,31.81%,0.116475,2026-09-25
TSLA,372.11,2026-10-02,6,Call,410.00,-10.18%,0.68,0.69,0.7,4951,3387,1.46,41.62%,49.38%,0.068142,2026-09-25
AAPL,341.07,2026-10-02,6,Call,340.00,+0.31%,4.45,4.6,4.65,12829,8804,1.46,23.34%,22.30%,0.557526,2026-09-25
CRCL,89,2026-10-02,6,Call,94.00,-5.62%,1.59,1.59,1.74,509,350,1.45,73.50%,77.21%,0.309856,2026-09-25
GEMI,5.54,2026-10-02,6,Call,6.00,-8.30%,0.1,0.14,0.2,654,450,1.45,101.56%,111.67%,0.315201,2026-09-25
SPCX,148.68,2026-10-16,20,Call,149.00,-0.22%,6.25,6.3,6.4,697,482,1.45,48.56%,45.59%,0.521206,2026-09-25
SNDK,1777.8,2026-10-02,6,Call,"1,950.00",-9.69%,18.6,19.63,19.8,829,571,1.45,73.31%,79.80%,0.198671,2026-09-25
META,751.66,2026-10-02,6,Put,745.00,-0.89%,13.45,13.7,13.6,895,617,1.45,42.39%,43.95%,-0.422759,2026-09-25
CRWV,87.59,2026-10-02,6,Call,99.00,-13.03%,0.49,0.5,0.53,1181,817,1.45,74.37%,78.31%,0.122398,2026-09-25
BABA,109.74,2026-10-02,6,Call,110.00,-0.24%,1.91,1.91,1.95,1672,1153,1.45,38.73%,36.60%,0.489248,2026-09-25
SMCI,43.26,2026-10-09,13,Call,43.00,+0.60%,2.52,2.54,2.58,2080,1434,1.45,77.57%,73.62%,0.548881,2026-09-25
TGT,157.45,2026-10-16,20,Call,160.00,-1.62%,3.15,3.3,3.5,3519,2420,1.45,33.57%,30.07%,0.425759,2026-09-25
AMZN,249.67,2026-09-30,4,Put,255.00,+2.13%,5.45,5.73,7.05,567,395,1.44,33.65%,27.59%,-0.761414,2026-09-25
GME,23.39,2026-10-23,27,Call,22.00,+5.94%,1.95,2.15,2.23,621,431,1.44,53.91%,53.16%,0.685244,2026-09-25
META,751.66,2026-10-09,13,Call,900.00,-19.73%,0.61,0.67,0.74,1438,1001,1.44,42.39%,47.97%,0.026805,2026-09-25
ORCL,137.1,2026-10-02,6,Put,136.00,-0.80%,2.92,3,3.05,1621,1123,1.44,50.70%,50.56%,-0.435652,2026-09-25
F,12.71,2026-10-16,20,Put,12.50,-1.65%,0.25,0.27,0.3,1684,1167,1.44,34.41%,31.37%,-0.3971,2026-09-25
AMZN,249.67,2026-09-30,4,Put,240.00,-3.87%,0.33,0.36,0.37,1809,1259,1.44,33.65%,29.50%,-0.095545,2026-09-25
TSLA,372.11,2026-10-02,6,Put,350.00,-5.94%,1.59,1.6,1.63,4720,3281,1.44,41.62%,45.96%,-0.14031,2026-09-25
PCG,12.34,2026-11-20,55,Put,10.00,-18.96%,0.09,0.15,0.18,5711,4002,1.43,43.77%,48.71%,-0.110273,2026-09-25
INTC,123,2026-10-02,6,Call,130.00,-5.69%,1.88,1.88,1.94,9179,6441,1.43,69.11%,70.55%,0.287567,2026-09-25
HOOD,119.4,2026-10-02,6,Put,111.00,-7.04%,0.94,0.97,0.99,591,413,1.43,62.13%,64.26%,-0.175243,2026-09-25
SMCI,43.26,2026-10-02,6,Call,49.00,-13.27%,0.27,0.28,0.3,664,465,1.43,77.57%,82.16%,0.13047,2026-09-25
MSFT,516.17,2026-10-02,6,Put,497.50,-3.62%,1.44,1.57,1.66,750,525,1.43,29.09%,28.95%,-0.152918,2026-09-25
RKLB,73.95,2026-10-02,6,Put,70.00,-5.34%,0.96,1.01,1.01,1051,737,1.43,72.53%,67.63%,-0.247301,2026-09-25
BE,288.7,2027-06-17,264,Put,190.00,-34.19%,24.25,25.55,25.9,1155,805,1.43,82.56%,82.72%,-0.162985,2026-09-25
PSKY,9.96,2026-10-02,6,Call,10.50,-5.42%,0.12,0.13,0.19,1448,1010,1.43,59.30%,69.20%,0.292003,2026-09-25
DELL,562.89,2026-10-02,6,Call,550.00,+2.29%,24.95,25.65,25.55,1740,1219,1.43,61.02%,62.87%,0.63106,2026-09-25
JPM,343.06,2026-10-02,6,Call,350.00,-2.02%,1.36,1.51,1.5,2155,1504,1.43,26.64%,22.20%,0.249148,2026-09-25
JPM,343.06,2026-10-02,6,Call,345.00,-0.57%,3,2.85,3.4,2329,1625,1.43,26.64%,22.99%,0.434523,2026-09-25
META,751.66,2026-09-28,2,Put,700.00,-6.87%,0.11,0.12,0.16,2334,1628,1.43,42.39%,44.82%,-0.015078,2026-09-25
SMCI,43.26,2026-10-09,13,Call,45.00,-4.02%,1.67,1.68,1.83,2507,1749,1.43,77.57%,75.37%,0.422133,2026-09-25
ALAB,364.62,2026-10-16,20,Call,375.00,-2.85%,22.85,25.45,24.4,513,361,1.42,84.74%,81.75%,0.484091,2026-09-25
INTC,123,2026-09-30,4,Call,133.00,-8.13%,0.65,0.7,0.7,607,427,1.42,69.11%,69.40%,0.150448,2026-09-25
UPST,23.81,2027-01-15,111,Call,22.50,+5.50%,4.25,4.54,4.65,633,447,1.42,67.59%,71.53%,0.645432,2026-09-25
MU,1082.28,2026-09-28,2,Put,985.00,-8.99%,0.25,0.25,0.29,646,455,1.42,61.47%,59.78%,-0.015586,2026-09-25
SLS,11.61,2026-10-02,6,Call,13.50,-16.28%,0.2,0.21,0.3,660,464,1.42,186.34%,139.46%,0.226445,2026-09-25
MU,1082.28,2026-10-02,6,Call,"1,085.00",-0.25%,45.05,45.66,47.4,1071,754,1.42,61.47%,85.30%,0.514947,2026-09-25
MU,1082.28,2026-09-28,2,Call,"1,200.00",-10.88%,0.11,0.12,0.13,6404,4550,1.41,61.47%,57.27%,0.007995,2026-09-25
SNDK,1777.8,2026-10-02,6,Call,"1,750.00",+1.56%,81.8,83.77,86.3,548,389,1.41,73.31%,76.12%,0.585845,2026-09-25
MSFT,516.17,2026-09-28,2,Call,502.50,+2.65%,13.25,14.07,15.35,655,463,1.41,29.09%,28.99%,0.897862,2026-09-25
PL,17.43,2026-10-02,6,Call,18.00,-3.27%,0.4,0.42,0.45,873,621,1.41,70.96%,73.72%,0.387245,2026-09-25
PLTR,189.67,2026-10-02,6,Call,212.50,-12.04%,0.22,0.23,0.24,1035,735,1.41,52.42%,51.26%,0.045828,2026-09-25
DELL,562.89,2026-10-02,6,Call,580.00,-3.04%,11.2,11.3,11.45,1089,775,1.41,61.02%,63.40%,0.37415,2026-09-25
AAPL,341.07,2026-10-02,6,Put,332.50,-2.51%,1.07,1.1,1.12,1572,1111,1.41,23.34%,23.54%,-0.190554,2026-09-25
PANW,374.74,2026-10-16,20,Call,420.00,-12.08%,4.05,4.62,5.3,1871,1325,1.41,53.79%,52.02%,0.1954,2026-09-25
IREN,44.13,2026-10-02,6,Call,44.00,+0.29%,1.83,1.85,1.92,2536,1793,1.41,80.13%,79.82%,0.533925,2026-09-25
VZ,47.08,2026-10-02,6,Call,47.00,+0.17%,0.53,0.6,0.62,611,435,1.4,23.84%,22.50%,0.525428,2026-09-25
CVS,89.13,2026-11-20,55,Call,90.00,-0.98%,4.35,4.48,4.6,612,437,1.4,36.68%,35.02%,0.501032,2026-09-25
NVO,38.8,2026-10-02,6,Call,39.00,-0.52%,0.51,0.53,0.55,677,482,1.4,33.28%,31.46%,0.456698,2026-09-25
FSLR,177.71,2026-10-16,20,Call,190.00,-6.92%,3.75,4,4.15,683,487,1.4,54.86%,50.31%,0.31175,2026-09-25
COST,922.77,2026-10-02,6,Put,900.00,-2.47%,2.38,2.66,3.05,705,502,1.4,19.99%,22.48%,-0.184587,2026-09-25
INTC,123,2026-10-02,6,Put,109.00,-11.38%,0.39,0.41,0.45,818,585,1.4,69.11%,69.89%,-0.08087,2026-09-25
META,751.66,2026-09-30,4,Call,770.00,-2.44%,6.65,6.55,6.75,1177,838,1.4,42.39%,43.75%,0.310321,2026-09-25
ORCL,137.1,2026-10-02,6,Call,160.00,-16.70%,0.21,0.27,0.25,17494,12493,1.4,50.70%,69.81%,0.046805,2026-09-25
PLTR,189.67,2026-10-09,13,Call,192.50,-1.49%,5.4,5.5,5.7,565,407,1.39,52.42%,47.00%,0.457383,2026-09-25
MSFT,516.17,2026-09-30,4,Put,480.00,-7.01%,0.1,0.15,0.2,605,436,1.39,29.09%,34.70%,-0.021332,2026-09-25
NBIS,237.33,2026-10-30,34,Call,300.00,-26.41%,6,6.3,7.05,683,492,1.39,79.25%,82.57%,0.215006,2026-09-25
GOOGL,343.92,2026-10-02,6,Call,335.00,+2.59%,10.9,11.2,11.6,686,493,1.39,32.86%,31.90%,0.750986,2026-09-25
DELL,562.89,2026-10-02,6,Call,590.00,-4.82%,8.2,8.29,8.4,917,659,1.39,61.02%,63.54%,0.298114,2026-09-25
SMCI,43.26,2026-10-30,34,Call,45.00,-4.02%,3.15,3.26,3.35,967,694,1.39,77.57%,74.52%,0.482706,2026-09-25
BE,288.7,2026-10-02,6,Put,255.00,-11.67%,1.68,1.73,1.74,1010,726,1.39,82.56%,82.95%,-0.110131,2026-09-25
AMD,630.63,2026-10-02,6,Call,690.00,-9.41%,2.47,2.63,2.62,1114,803,1.39,55.27%,56.77%,0.116833,2026-09-25
NVDA,225.07,2026-09-30,4,Put,215.00,-4.47%,0.4,0.4,0.41,2169,1566,1.39,33.63%,35.12%,-0.101497,2026-09-25
BA,198.07,2026-10-02,6,Call,200.00,-0.97%,2.35,2.4,2.5,3312,2375,1.39,32.57%,32.46%,0.415505,2026-09-25
AMZN,249.67,2026-10-02,6,Put,227.50,-8.88%,0.09,0.13,0.11,505,366,1.38,33.65%,36.81%,-0.022406,2026-09-25
PYPL,55.04,2026-10-02,6,Call,65.00,-18.10%,0.12,0.14,0.19,633,458,1.38,43.40%,82.12%,0.06392,2026-09-25
CIFR,17.73,2026-10-02,6,Call,17.50,+1.30%,1,1.04,1.07,653,472,1.38,98.16%,101.03%,0.567699,2026-09-25
MSFT,516.17,2026-10-09,13,Call,550.00,-6.55%,1.5,1.61,1.61,1236,896,1.38,29.09%,27.55%,0.120295,2026-09-25
PLTR,189.67,2026-10-02,6,Put,192.50,+1.49%,6.1,6.01,6.25,1455,1053,1.38,52.42%,47.98%,-0.580227,2026-09-25
CIFR,17.73,2026-10-02,6,Call,20.00,-12.80%,0.27,0.28,0.3,6106,4422,1.38,98.16%,109.00%,0.215423,2026-09-25
SOFI,16.58,2026-10-02,6,Call,17.00,-2.53%,0.21,0.22,0.22,15798,11407,1.38,49.01%,44.92%,0.346578,2026-09-25
IREN,44.13,2026-11-20,55,Call,80.00,-81.28%,0.48,0.51,0.58,8449,6158,1.37,80.13%,95.98%,0.08157,2026-09-25
RARE,14.5,2026-12-18,83,Call,15.00,-3.45%,1.4,1.5,1.85,528,385,1.37,59.44%,64.76%,0.529484,2026-09-25
TRGP,277.84,2026-10-16,20,Call,300.00,-7.98%,1.35,1.85,2.15,529,387,1.37,32.64%,31.89%,0.164556,2026-09-25
AVGO,352.81,2026-09-30,4,Call,357.50,-1.33%,2.78,2.93,3,597,437,1.37,35.54%,32.60%,0.359467,2026-09-25
AMZN,249.67,2026-10-09,13,Call,252.50,-1.13%,4.3,4.35,4.5,689,502,1.37,33.65%,29.40%,0.440191,2026-09-25
CRWV,87.59,2026-10-02,6,Call,94.00,-7.32%,1.16,1.17,1.23,841,616,1.37,74.37%,75.20%,0.248963,2026-09-25
NVDA,225.07,2026-10-09,13,Put,217.50,-3.36%,2.2,2.24,2.27,926,676,1.37,33.63%,31.48%,-0.266426,2026-09-25
PURR,12.85,2026-10-02,6,Call,14.00,-8.95%,0.3,0.3,0.35,1173,856,1.37,101.78%,111.42%,0.30008,2026-09-25
MSTR,158.61,2026-10-02,6,Call,157.50,+0.70%,6.2,6.3,6.45,1591,1160,1.37,68.11%,70.55%,0.551698,2026-09-25
AMD,630.63,2026-10-02,6,Call,640.00,-1.49%,13.15,13.59,13.65,2234,1634,1.37,55.27%,53.94%,0.432705,2026-09-25
SNDK,1777.8,2026-10-02,6,Call,"2,100.00",-18.12%,6.1,6.5,6.9,613,452,1.36,73.31%,87.02%,0.076169,2026-09-25
INTC,123,2026-10-02,6,Put,118.00,-4.07%,2.09,2.14,2.14,888,653,1.36,69.11%,67.64%,-0.298832,2026-09-25
RIOT,23,2026-10-02,6,Put,22.00,-4.35%,0.49,0.5,0.55,972,717,1.36,83.66%,81.83%,-0.315101,2026-09-25
TSLA,372.11,2026-10-23,27,Call,375.00,-0.78%,17.2,17.25,17.35,1070,789,1.36,41.62%,44.92%,0.508495,2026-09-25
CCL,22.25,2026-12-18,83,Call,26.00,-16.85%,0.72,0.79,0.81,1085,799,1.36,48.85%,46.41%,0.279436,2026-09-25
VLO,387.18,2026-10-16,20,Put,370.00,-4.44%,11.3,12,12.8,1252,919,1.36,54.87%,55.63%,-0.335901,2026-09-25
MU,1082.28,2026-10-02,6,Put,"1,050.00",-2.98%,30.3,30.6,31.05,1347,991,1.36,61.47%,83.00%,-0.365865,2026-09-25
CIFR,17.73,2026-10-02,6,Call,20.50,-15.62%,0.12,0.22,0.23,4391,3232,1.36,98.16%,103.12%,0.152162,2026-09-25
INTC,123,2026-10-02,6,Call,125.00,-1.63%,3.4,3.5,3.5,8127,5974,1.36,69.11%,68.58%,0.447065,2026-09-25
HPE,62.94,2026-11-20,55,Call,70.00,-11.22%,3.6,3.75,3.8,10037,7381,1.36,62.47%,63.78%,0.386593,2026-09-25
MSFT,516.17,2026-10-16,20,Call,540.00,-4.62%,4.45,4.55,4.65,6960,5159,1.35,29.09%,26.17%,0.248888,2026-09-25
PYPL,55.04,2026-10-16,20,Put,51.00,-7.34%,0.42,0.66,0.97,8099,6006,1.35,43.40%,43.61%,-0.208448,2026-09-25
AVGO,352.81,2026-10-30,34,Call,380.00,-7.71%,6.25,6.35,6.6,506,376,1.35,35.54%,36.48%,0.27943,2026-09-25
PLTR,189.67,2026-10-23,27,Put,145.00,-23.55%,0.43,0.44,0.53,531,394,1.35,52.42%,58.61%,-0.03744,2026-09-25
BTDR,11.51,2026-11-20,55,Put,9.00,-21.81%,0.5,0.6,0.65,549,406,1.35,95.54%,97.33%,-0.196599,2026-09-25
META,751.66,2026-09-30,4,Call,825.00,-9.76%,0.47,0.58,0.6,690,510,1.35,42.39%,48.50%,0.035903,2026-09-25
MRNA,198.88,2026-10-02,6,Put,192.50,-3.21%,4.25,5.77,6.1,907,674,1.35,89.70%,80.04%,-0.354058,2026-09-25
AGNC,9.62,2026-10-30,34,Call,10.00,-3.95%,0.09,0.12,0.13,1195,886,1.35,24.49%,21.72%,0.285907,2026-09-25
PLTR,189.67,2026-10-09,13,Call,205.00,-8.08%,1.82,1.91,1.9,1563,1160,1.35,52.42%,46.76%,0.205811,2026-09-25
APP,310.75,2026-10-02,6,Put,287.50,-7.48%,1.3,1.4,1.5,1610,1194,1.35,63.06%,54.83%,-0.125137,2026-09-25
USAR,15.18,2026-10-02,6,Put,15.50,+2.11%,0.61,0.66,0.7,1646,1215,1.35,73.30%,61.64%,-0.586519,2026-09-25
CSCO,106.7,2026-10-02,6,Put,101.00,-5.34%,0.12,0.22,0.33,536,400,1.34,34.25%,34.19%,-0.0998,2026-09-25
MU,1082.28,2026-10-02,6,Call,"1,120.00",-3.49%,31.45,31.78,32.35,728,543,1.34,61.47%,85.59%,0.400662,2026-09-25
U,41.55,2026-10-02,6,Put,40.00,-3.73%,0.54,0.61,0.7,732,547,1.34,62.29%,60.10%,-0.294868,2026-09-25
TSLA,372.11,2026-10-09,13,Call,435.00,-16.90%,0.57,0.59,0.6,883,657,1.34,41.62%,47.01%,0.044565,2026-09-25
SKHY,191.56,2026-10-16,20,Call,190.00,+0.81%,10.5,11,11.1,3701,2765,1.34,58.80%,55.05%,0.557315,2026-09-25
BABA,109.74,2026-10-02,6,Call,115.00,-4.79%,0.49,0.5,0.53,4548,3395,1.34,38.73%,38.52%,0.177949,2026-09-25
IBM,225.51,2026-10-02,6,Put,225.00,-0.23%,3.45,3.55,3.65,581,436,1.33,38.20%,33.12%,-0.468921,2026-09-25
JPM,343.06,2026-10-02,6,Call,342.50,+0.16%,4.2,4.49,4.75,897,673,1.33,26.64%,23.54%,0.532115,2026-09-25
TEM,85.01,2026-10-02,6,Call,90.00,-5.87%,1.8,1.85,1.94,912,687,1.33,83.01%,85.96%,0.323939,2026-09-25
CRWV,87.59,2026-10-09,13,Call,90.00,-2.75%,3.55,3.65,3.75,944,711,1.33,74.37%,70.48%,0.449401,2026-09-25
BA,198.07,2026-10-02,6,Put,190.00,-4.07%,0.57,0.7,0.79,1131,853,1.33,32.57%,32.56%,-0.154577,2026-09-25
MARA,12.55,2026-10-02,6,Put,13.50,+7.57%,1.14,1.15,1.16,2679,2020,1.33,82.53%,83.55%,-0.733851,2026-09-25
OPEN,2.57,2026-10-16,20,Call,2.50,+2.72%,0.19,0.21,0.24,537,406,1.32,77.59%,74.00%,0.601936,2026-09-25
FPS,38.97,2026-11-20,55,Put,35.00,-10.19%,2.4,2.55,2.65,587,444,1.32,72.43%,75.38%,-0.297908,2026-09-25
AFRM,71.52,2026-10-02,6,Put,69.00,-3.52%,0.7,0.94,1.32,637,481,1.32,57.93%,56.79%,-0.295707,2026-09-25
LTRX,7.01,2026-10-16,20,Call,7.50,-6.99%,0.25,0.29,0.3,702,532,1.32,76.64%,69.97%,0.377015,2026-09-25
NCLH,14.61,2026-10-02,6,Call,14.50,+0.75%,0.46,0.5,0.55,708,538,1.32,53.47%,59.52%,0.557878,2026-09-25
MRVL,261.93,2026-10-02,6,Put,250.00,-4.55%,3.6,3.8,3.9,951,718,1.32,66.18%,64.60%,-0.270544,2026-09-25
MDT,88.64,2026-10-02,6,Call,90.00,-1.53%,0.49,0.64,0.78,1337,1010,1.32,32.76%,26.06%,0.33137,2026-09-25
CIFR,17.73,2026-10-02,6,Put,16.00,-9.76%,0.22,0.23,0.26,1390,1053,1.32,98.16%,97.28%,-0.186673,2026-09-25
MSFT,516.17,2027-01-15,111,Put,510.00,-1.20%,27,27.33,28.1,1484,1125,1.32,29.09%,29.12%,-0.41917,2026-09-25
PM,190.48,2026-12-18,83,Call,200.00,-5.00%,6,6,6.7,1520,1152,1.32,28.35%,27.81%,0.385057,2026-09-25
AMD,630.63,2026-09-28,2,Put,600.00,-4.86%,0.74,0.73,0.81,1521,1148,1.32,55.27%,47.79%,-0.076231,2026-09-25
MU,1082.28,2026-10-02,6,Call,"1,125.00",-3.95%,29.8,30.37,30.85,543,415,1.31,61.47%,85.93%,0.385665,2026-09-25
NVDA,225.07,2026-09-30,4,Put,205.00,-8.92%,0.09,0.1,0.11,599,457,1.31,33.63%,45.91%,-0.024157,2026-09-25
U,41.55,2026-10-02,6,Call,46.00,-10.71%,0.13,0.17,0.25,752,576,1.31,62.29%,64.17%,0.117453,2026-09-25
CMCSA,21.91,2026-10-02,6,Call,22.00,-0.41%,0.33,0.35,0.38,835,635,1.31,35.01%,35.76%,0.470826,2026-09-25
LEN,82.15,2026-12-18,83,Call,95.00,-15.64%,2.05,2.05,2.3,889,678,1.31,39.38%,39.68%,0.25501,2026-09-25
BB,8.21,2026-10-16,20,Call,8.50,-3.53%,0.32,0.34,0.4,1225,938,1.31,59.85%,62.14%,0.439873,2026-09-25
AAPL,341.07,2026-09-30,4,Call,350.00,-2.62%,0.49,0.52,0.57,5162,3941,1.31,23.34%,21.87%,0.135542,2026-09-25
SPCX,148.68,2026-10-02,6,Call,152.50,-2.57%,2.12,2.15,2.17,7019,5372,1.31,48.56%,48.23%,0.35606,2026-09-25
BMNR,27.56,2026-10-02,6,Call,28.00,-1.60%,0.88,0.89,0.92,5078,3909,1.3,75.78%,77.37%,0.458613,2026-09-25
NVDA,225.07,2026-09-28,2,Put,217.50,-3.36%,0.14,0.15,0.16,5519,4248,1.3,33.63%,31.03%,-0.065715,2026-09-25
NVO,38.8,2027-09-17,356,Call,40.00,-3.09%,5.6,5.73,5.95,503,388,1.3,33.28%,42.30%,0.539833,2026-09-25
SMCI,43.26,2026-10-02,6,Put,39.50,-8.69%,0.36,0.37,0.39,529,407,1.3,77.57%,75.93%,-0.161411,2026-09-25
SHMD,4.37,2026-10-16,20,Call,7.50,-71.62%,0.15,0.19,0.25,552,424,1.3,170.34%,213.06%,0.203408,2026-09-25
META,751.66,2026-10-02,6,Put,755.00,+0.44%,18.5,18.5,18.7,760,586,1.3,42.39%,44.36%,-0.516501,2026-09-25
MU,1082.28,2026-10-02,6,Call,"1,075.00",+0.67%,49.8,50,50.7,958,738,1.3,61.47%,83.74%,0.548714,2026-09-25
AMBA,72.68,2026-10-02,6,Call,75.00,-3.19%,1.75,2.45,2.9,1583,1222,1.3,73.12%,88.49%,0.41502,2026-09-25
MSFT,516.17,2026-10-02,6,Put,490.00,-5.07%,0.7,0.75,0.8,2228,1710,1.3,29.09%,29.85%,-0.082069,2026-09-25
IONQ,45.48,2026-10-02,6,Call,46.00,-1.14%,1.5,1.6,1.6,2430,1874,1.3,75.87%,76.34%,0.475796,2026-09-25
TSLA,372.11,2026-10-02,6,Put,375.00,+0.78%,9.9,10.02,10.25,3908,3010,1.3,41.62%,45.39%,-0.538081,2026-09-25
MARA,12.55,2026-10-02,6,Call,12.00,+4.38%,0.83,0.84,0.86,3915,3019,1.3,82.53%,82.78%,0.684886,2026-09-25
SPCX,148.68,2026-10-16,20,Call,147.00,+1.13%,7.2,7.3,7.6,578,447,1.29,48.56%,46.10%,0.571047,2026-09-25
MU,1082.28,2026-09-28,2,Put,975.00,-9.91%,0.18,0.21,0.24,649,503,1.29,61.47%,63.10%,-0.011844,2026-09-25
NOW,135.62,2026-10-02,6,Call,142.00,-4.70%,1.57,1.65,1.7,1033,801,1.29,54.62%,56.68%,0.27842,2026-09-25
CRWV,87.59,2026-10-02,6,Call,93.00,-6.18%,1.37,1.41,1.45,1039,807,1.29,74.37%,74.65%,0.283749,2026-09-25
HIMS,29.42,2026-10-09,13,Call,30.00,-1.97%,1.29,1.31,1.38,1086,841,1.29,76.36%,71.18%,0.472941,2026-09-25
MSFT,516.17,2026-10-09,13,Call,515.00,+0.23%,11.05,11.95,11.5,1563,1215,1.29,29.09%,26.75%,0.536789,2026-09-25
AKAM,113.94,2027-01-15,111,Put,85.00,-25.40%,2.9,3.2,4,2108,1634,1.29,65.51%,62.45%,-0.145582,2026-09-25
META,751.66,2026-10-16,20,Put,760.00,+1.11%,31.75,32,32,2127,1645,1.29,42.39%,40.02%,-0.522169,2026-09-25
CIFR,17.73,2026-12-18,83,Call,25.00,-41.00%,1.3,1.36,1.63,3790,2941,1.29,98.16%,102.09%,0.328555,2026-09-25
CRWV,87.59,2026-10-02,6,Call,95.00,-8.46%,0.99,0.99,1.03,3970,3087,1.29,74.37%,75.77%,0.217413,2026-09-25
MSFT,516.17,2026-10-09,13,Put,495.00,-4.10%,2.73,2.89,3.15,527,412,1.28,29.09%,27.26%,-0.19503,2026-09-25
AXTI,78.94,2026-10-02,6,Call,80.00,-1.34%,3.8,4.1,4.2,600,469,1.28,111.69%,110.51%,0.492497,2026-09-25
NVDA,225.07,2026-10-05,9,Put,220.00,-2.25%,1.92,1.94,2,1034,806,1.28,33.63%,29.08%,-0.295315,2026-09-25
SMTC,182.3,2026-10-16,20,Call,200.00,-9.71%,8.1,8.38,8.7,1120,875,1.28,83.96%,87.33%,0.366649,2026-09-25
INTC,123,2026-10-02,6,Call,145.00,-17.89%,0.29,0.29,0.32,1212,950,1.28,69.11%,79.25%,0.059017,2026-09-25
WMT,107.98,2026-10-23,27,Call,115.00,-6.50%,0.58,0.61,0.64,1237,966,1.28,26.20%,22.98%,0.173132,2026-09-25
HOOD,119.4,2026-10-09,13,Call,130.00,-8.88%,1.98,1.98,2.06,1398,1095,1.28,62.13%,61.91%,0.255321,2026-09-25
CRWD,252.13,2026-10-02,6,Call,285.00,-13.04%,0.1,0.47,0.8,617,485,1.27,55.15%,58.77%,0.057039,2026-09-25
BE,288.7,2026-10-30,34,Call,280.00,+3.01%,33.7,35.08,36.15,664,522,1.27,82.56%,86.50%,0.603339,2026-09-25
GOOGL,343.92,2026-10-02,6,Put,342.50,-0.41%,4.5,4.6,5.25,804,632,1.27,32.86%,32.14%,-0.447174,2026-09-25
RBLX,46.44,2026-10-02,6,Call,48.00,-3.36%,0.8,0.9,1,875,688,1.27,67.43%,64.05%,0.36183,2026-09-25
INTC,123,2026-10-02,6,Call,128.00,-4.07%,2.4,2.46,2.47,1284,1008,1.27,69.11%,69.75%,0.346564,2026-09-25
BA,198.07,2026-10-02,6,Call,202.50,-2.24%,1.5,1.57,1.84,1362,1072,1.27,32.57%,33.62%,0.311096,2026-09-25
NBIS,237.33,2026-10-02,6,Put,190.00,-19.94%,0.2,0.23,0.25,1377,1087,1.27,79.25%,88.55%,-0.02164,2026-09-25
BX,118.42,2026-10-16,20,Put,115.00,-2.89%,2.2,2.6,2.73,1781,1397,1.27,38.85%,36.14%,-0.348851,2026-09-25
NVTS,12.2,2026-10-02,6,Call,13.00,-6.56%,0.2,0.22,0.25,1835,1444,1.27,82.63%,82.23%,0.293296,2026-09-25
QXO,12.43,2027-01-15,111,Call,13.00,-4.59%,1.4,1.46,1.7,2085,1646,1.27,62.29%,63.12%,0.532604,2026-09-25
INTC,123,2026-11-20,55,Call,190.00,-54.47%,1.94,1.95,2.02,3087,2424,1.27,69.11%,82.10%,0.117318,2026-09-25
INTC,123,2026-10-23,27,Put,95.00,-22.76%,0.92,0.94,0.99,836,666,1.26,69.11%,73.18%,-0.079372,2026-09-25
AAOI,101.4,2026-10-02,6,Call,120.00,-18.34%,0.5,0.58,0.65,1100,876,1.26,91.20%,97.60%,0.100567,2026-09-25
UBER,69.62,2026-10-02,6,Put,68.00,-2.33%,0.47,0.48,0.5,1447,1145,1.26,35.42%,31.99%,-0.271518,2026-09-25
AVGO,352.81,2026-09-30,4,Call,365.00,-3.46%,1.12,1.16,1.19,1666,1320,1.26,35.54%,33.73%,0.174972,2026-09-25
DELL,562.89,2026-10-02,6,Put,500.00,-11.17%,1.3,1.35,1.34,1778,1410,1.26,61.02%,62.85%,-0.064622,2026-09-25
ARM,310.32,2026-10-02,6,Call,370.00,-19.23%,0.89,0.97,1.1,2130,1696,1.26,73.03%,88.10%,0.067429,2026-09-25
MSFT,516.17,2026-10-02,6,Call,535.00,-3.65%,1.74,1.74,1.88,3300,2620,1.26,29.09%,29.12%,0.176913,2026-09-25
NBIS,237.33,2026-10-02,6,Call,250.00,-5.34%,4.85,4.95,5,3401,2694,1.26,79.25%,79.95%,0.326372,2026-09-25
LW,43.58,2026-10-16,20,Put,37.50,-13.95%,0.25,0.3,0.35,18241,14447,1.26,48.50%,54.46%,-0.106523,2026-09-25
INTC,123,2026-09-30,4,Call,125.00,-1.63%,2.47,2.51,2.7,5377,4290,1.25,69.11%,67.12%,0.425018,2026-09-25
GOOGL,343.92,2026-09-30,4,Put,330.00,-4.05%,0.53,0.5,0.59,538,432,1.25,32.86%,31.73%,-0.101754,2026-09-25
AMZN,249.67,2026-10-30,34,Call,305.00,-22.16%,0.81,0.86,0.9,540,432,1.25,33.65%,40.96%,0.065655,2026-09-25
DKNG,22.02,2026-10-30,34,Call,22.00,+0.09%,1.31,1.48,1.84,540,433,1.25,55.97%,57.03%,0.545226,2026-09-25
IREN,44.13,2026-10-02,6,Put,43.50,-1.43%,1.4,1.43,1.49,564,450,1.25,80.13%,78.18%,-0.421634,2026-09-25
COIN,195.11,2026-10-16,20,Call,205.00,-5.07%,6.95,8.2,8.45,582,466,1.25,65.46%,63.47%,0.403519,2026-09-25
WMT,107.98,2026-10-16,20,Call,108.00,-0.02%,2.36,2.43,2.47,646,515,1.25,26.20%,23.20%,0.521179,2026-09-25
CIFR,17.73,2026-10-02,6,Put,17.50,-1.30%,0.7,0.75,0.83,695,558,1.25,98.16%,97.74%,-0.432085,2026-09-25
MP,48.83,2026-10-02,6,Call,55.00,-12.64%,0.1,0.11,0.17,746,597,1.25,56.62%,63.26%,0.077983,2026-09-25
BA,198.07,2026-10-02,6,Call,207.50,-4.76%,0.55,0.59,0.66,911,730,1.25,32.57%,33.29%,0.142458,2026-09-25
PYPL,55.04,2026-10-23,27,Call,60.00,-9.01%,0.77,1.09,1.08,971,774,1.25,43.40%,42.98%,0.253904,2026-09-25
CRWV,87.59,2026-10-02,6,Call,89.00,-1.61%,2.62,2.7,2.7,1064,851,1.25,74.37%,72.96%,0.45337,2026-09-25
AXTI,78.94,2026-10-02,6,Put,70.00,-11.33%,0.9,1.02,1.2,1112,892,1.25,111.69%,106.62%,-0.170581,2026-09-25
TSLA,372.11,2026-09-30,4,Call,420.00,-12.87%,0.1,0.11,0.12,1178,943,1.25,41.62%,52.65%,0.015342,2026-09-25
IREN,44.13,2026-10-02,6,Put,41.00,-7.09%,0.53,0.55,0.6,1351,1083,1.25,80.13%,77.90%,-0.214412,2026-09-25
NVAX,10.63,2026-10-02,6,Call,11.00,-3.48%,0.17,0.24,0.24,1419,1137,1.25,70.11%,64.69%,0.358135,2026-09-25
INTC,123,2026-09-28,2,Put,115.00,-6.50%,0.1,0.1,0.12,1618,1290,1.25,69.11%,56.25%,-0.050491,2026-09-25
CRWV,87.59,2026-10-02,6,Put,82.00,-6.38%,1.05,1.08,1.11,1663,1329,1.25,74.37%,72.06%,-0.22176,2026-09-25
AVGO,352.81,2026-10-02,6,Call,355.00,-0.62%,5.1,5.28,5.35,1744,1399,1.25,35.54%,34.14%,0.45707,2026-09-25
CI,272.01,2026-10-02,6,Put,270.00,-0.74%,3.3,5.1,5,514,415,1.24,32.66%,36.96%,-0.426513,2026-09-25
PURR,12.85,2026-10-09,13,Put,12.50,-2.72%,0.7,0.8,0.9,547,441,1.24,101.78%,102.06%,-0.403001,2026-09-25
GOOG,341.08,2027-06-17,264,Call,390.00,-14.34%,26.1,26.2,26.95,805,650,1.24,32.55%,35.21%,0.419926,2026-09-25
TSLA,372.11,2026-10-09,13,Call,390.00,-4.81%,5.2,5.3,5.3,1665,1344,1.24,41.62%,41.80%,0.29519,2026-09-25
F,12.71,2026-10-02,6,Put,12.50,-1.65%,0.1,0.12,0.15,5001,4027,1.24,34.41%,33.09%,-0.340221,2026-09-25
"Downloaded from Barchart.com as of 09-27-2026 01:24pm CDT"
