Symbol,Price~,"Exp Date",DTE,Type,Strike,Moneyness,Bid,Latest,Ask,Volume,"Open Int",Vol/OI,"Imp Vol",IV,Delta,Time
MSTR,134.76,2026-09-04,8,Call,141.00,-2.62%,4.8,4.95,5.15,17253,101,170.82,74.55%,80.03%,0.439441,2026-08-27
MSTR,134.76,2026-09-04,8,Call,146.00,-6.26%,3.3,3.45,3.65,16743,120,139.53,74.55%,82.60%,0.334003,2026-08-27
CRM,247.85,2026-08-28,1,Call,252.50,-0.18%,3.25,3.3,3.6,15234,128,119.02,41.13%,69.03%,0.488388,2026-08-27
MSTR,134.76,2026-08-28,1,Put,135.00,-1.75%,1.69,1.74,1.76,15369,130,118.22,74.55%,97.25%,-0.354436,2026-08-27
PCG,18.4,2026-12-18,113,Call,21.00,-16.99%,0.5,0.54,0.54,26841,324,82.84,46.47%,36.23%,0.26159,2026-08-27
PAGP,27.76,2026-09-18,22,Put,28.00,-0.11%,0.4,0.45,0.45,8597,117,73.48,17.65%,15.42%,-0.493103,2026-08-27
PLTR,184.97,2026-08-28,1,Put,185.00,-0.50%,1.64,1.65,1.68,27359,381,71.81,47.06%,54.21%,-0.423133,2026-08-27
HONA,161.14,2027-03-19,204,Call,210.00,-30.64%,6.8,8.2,9.6,10011,141,71,42.84%,44.86%,0.286773,2026-08-27
SBET,8.64,2027-04-16,232,Call,8.00,+9.91%,2.6,2.66,2.85,8318,122,68.18,82.49%,82.31%,0.700488,2026-08-27
NVDA,228.59,2026-09-04,8,Put,235.00,+3.08%,7.85,8.91,9.5,10086,149,67.69,33.59%,32.21%,-0.7274,2026-08-27
DGXX,4.01,2026-10-16,50,Call,6.00,-48.88%,0.05,0.13,0.2,10465,157,66.66,94.23%,98.04%,0.183667,2026-08-27
KR,57.1,2026-09-04,8,Call,58.00,-1.88%,0.41,0.5,0.72,8924,151,59.1,35.08%,29.65%,0.34573,2026-08-27
CRM,247.85,2026-08-28,1,Call,260.00,-3.15%,0.97,1.03,1.12,22397,386,58.02,41.13%,70.14%,0.204545,2026-08-27
PTON,5.35,2026-09-18,22,Call,5.50,-3.77%,0.13,0.18,0.22,6575,118,55.72,45.16%,48.90%,0.408927,2026-08-27
ETSY,83,2026-12-18,113,Call,95.00,-14.54%,5.25,5.25,5.75,30236,550,54.97,43.22%,51.37%,0.385744,2026-08-27
SMCI,37.91,2028-12-15,841,Put,10.00,-74.00%,1.7,1.78,1.91,27751,508,54.63,70.80%,92.40%,-0.042922,2026-08-27
MGNI,23.36,2026-12-18,113,Call,30.00,-28.42%,1.1,1.25,1.3,6132,116,52.86,54.96%,59.63%,0.290344,2026-08-27
MSFT,505.8,2026-08-28,1,Put,500.00,-1.00%,1.2,1.22,1.35,22228,432,51.45,25.46%,30.48%,-0.259879,2026-08-27
NVDA,228.59,2026-08-31,4,Put,230.00,+0.89%,4,4.1,4.8,6838,139,49.19,33.59%,34.88%,-0.585647,2026-08-27
MSTR,134.76,2026-08-28,1,Put,133.00,-3.20%,1.04,1.1,1.19,7303,152,48.05,74.55%,98.57%,-0.255131,2026-08-27
NVDA,228.59,2026-08-28,1,Put,225.00,-1.31%,0.86,1,1,265915,5619,47.32,33.59%,44.34%,-0.280305,2026-08-27
PLTR,184.97,2026-08-28,1,Put,182.50,-1.84%,0.79,0.79,0.81,21816,469,46.52,47.06%,54.23%,-0.250357,2026-08-27
MSTR,134.76,2026-09-04,8,Call,148.00,-7.71%,2.83,3.1,3.2,5305,117,45.34,74.55%,83.79%,0.2978,2026-08-27
NVDA,228.59,2026-09-02,6,Put,225.00,-1.31%,2.61,2.67,2.95,4762,114,41.77,33.59%,35.76%,-0.374624,2026-08-27
LCID,5.14,2026-09-04,8,Call,5.50,-8.06%,0.13,0.14,0.15,10672,265,40.27,89.44%,96.17%,0.3201,2026-08-27
MSTR,134.76,2026-09-04,8,Call,142.00,-3.35%,4.5,4.85,4.75,6554,164,39.96,74.55%,80.42%,0.416673,2026-08-27
S,22.2,2026-08-28,1,Put,20.00,-11.93%,0.45,0.45,0.75,5435,141,38.55,79.17%,360.83%,-0.221297,2026-08-27
PLTR,184.97,2026-08-28,1,Put,187.50,+0.84%,2.95,2.99,3.05,4025,107,37.62,47.06%,54.73%,-0.608964,2026-08-27
MSTR,134.76,2026-08-28,1,Put,134.00,-2.47%,1.37,1.4,1.53,3896,104,37.46,74.55%,100.09%,-0.306353,2026-08-27
WULF,16.35,2026-09-11,15,Put,16.50,+0.06%,0.98,1.05,1.14,4731,128,36.96,85.59%,74.87%,-0.486499,2026-08-27
NVDA,228.59,2026-08-28,1,Put,227.50,-0.21%,1.7,1.89,1.95,136246,3765,36.19,33.59%,43.41%,-0.457259,2026-08-27
ETSY,83,2026-12-18,113,Call,80.00,+3.54%,10.75,10.13,11.8,15112,419,36.07,43.22%,51.36%,0.622065,2026-08-27
NVDA,228.59,2026-09-02,6,Put,220.00,-3.50%,1.21,1.27,1.35,7734,217,35.64,33.59%,35.99%,-0.210248,2026-08-27
MSTR,134.76,2026-08-28,1,Put,130.00,-5.39%,0.43,0.48,0.48,15202,438,34.71,74.55%,95.84%,-0.129104,2026-08-27
MSFT,505.8,2026-08-28,1,Put,497.50,-1.50%,0.7,0.74,0.78,11773,343,34.32,25.46%,30.60%,-0.169953,2026-08-27
HONA,161.14,2027-03-19,204,Call,175.00,-8.86%,17,17.5,18,5032,152,33.11,42.84%,45.31%,0.493792,2026-08-27
GAP,24.68,2026-08-28,1,Put,21.00,+1.01%,1.34,1.36,1.41,4624,140,33.03,70.10%,290.78%,-0.495936,2026-08-27
CRM,247.85,2026-08-28,1,Call,255.00,-1.17%,2.25,2.35,2.48,15039,465,32.34,41.13%,68.84%,0.381041,2026-08-27
CRM,247.85,2026-08-28,1,Call,270.00,-7.12%,0.16,0.16,0.2,7426,231,32.15,41.13%,76.20%,0.04429,2026-08-27
NVDA,228.59,2026-09-04,8,Put,227.50,-0.21%,4.35,4.5,4.7,5811,184,31.58,33.59%,35.92%,-0.469382,2026-08-27
MSTR,134.76,2026-08-28,1,Put,132.00,-3.93%,0.77,0.82,0.85,6151,196,31.38,74.55%,95.82%,-0.2043,2026-08-27
CRM,247.85,2026-08-28,1,Call,247.50,+1.81%,6,6.3,6.6,12514,401,31.21,41.13%,68.23%,0.70203,2026-08-27
HPQ,29.67,2026-09-04,8,Call,29.50,+0.44%,0.84,0.9,0.99,3086,100,30.86,45.41%,48.70%,0.537953,2026-08-27
NVDA,228.59,2026-08-28,1,Put,222.50,-2.40%,0.4,0.45,0.49,139050,4536,30.65,33.59%,46.18%,-0.153369,2026-08-27
CPRT,32.86,2026-11-20,85,Call,32.50,+0.79%,2.35,2.75,2.9,3599,118,30.5,36.17%,37.55%,0.572313,2026-08-27
PLTR,184.97,2026-09-04,8,Put,185.00,-0.50%,4.65,4.66,4.8,4620,154,30,47.06%,47.85%,-0.454093,2026-08-27
CRWD,227.49,2026-09-04,8,Call,240.00,-5.28%,3.85,3.92,4,8273,282,29.34,53.09%,62.14%,0.306825,2026-08-27
NVDA,228.59,2026-08-28,1,Put,230.00,+0.89%,2.95,3.4,3.4,64897,2212,29.34,33.59%,42.20%,-0.650091,2026-08-27
NVDA,228.59,2026-08-31,4,Put,222.50,-2.40%,0.85,1.16,1.2,11525,395,29.18,33.59%,32.16%,-0.226945,2026-08-27
BABA,116.6,2026-09-04,8,Put,108.00,-7.14%,0.22,0.29,0.38,5207,181,28.77,40.77%,38.85%,-0.093665,2026-08-27
MSTR,134.76,2026-08-28,1,Call,138.00,-0.44%,2.53,2.58,2.65,14090,492,28.64,74.55%,99.96%,0.477976,2026-08-27
DOCN,121,2026-09-18,22,Call,110.00,+9.60%,14.9,14.95,16.4,3009,106,28.39,70.94%,74.06%,0.744745,2026-08-27
ALLY,42.75,2026-09-18,22,Call,43.00,-0.61%,1,1.05,1.1,4785,171,27.98,26.90%,27.80%,0.480398,2026-08-27
MU,920.69,2026-08-28,1,Call,915.00,+2.18%,21.8,26,26.5,12647,459,27.55,60.44%,57.00%,0.775465,2026-08-27
NVDA,228.59,2026-09-09,13,Call,230.00,-0.89%,4,4.72,5,12896,482,26.76,33.59%,30.96%,0.459181,2026-08-27
S,22.2,2026-08-28,1,Put,19.50,-14.13%,0.3,0.45,0.5,9825,369,26.63,79.17%,338.07%,-0.170985,2026-08-27
MSTR,134.76,2026-08-28,1,Call,144.00,-4.80%,0.84,0.9,0.91,3263,124,26.31,74.55%,106.36%,0.208043,2026-08-27
OXY,59.13,2026-09-04,8,Call,61.00,-3.09%,0.39,0.43,0.52,9432,362,26.06,32.10%,32.05%,0.270961,2026-08-27
XPEV,11.47,2026-09-18,22,Call,12.50,-10.33%,0,0.18,0.22,3039,120,25.33,50.01%,41.20%,0.184185,2026-08-27
MSFT,505.8,2026-08-28,1,Call,512.50,-1.47%,0.71,0.73,0.78,18402,743,24.77,25.46%,29.72%,0.176871,2026-08-27
FIGR,38,2026-09-04,8,Put,35.00,-7.94%,0.5,0.85,0.85,8133,330,24.65,77.79%,83.76%,-0.2311,2026-08-27
MU,920.69,2026-09-09,13,Call,"1,000.00",-6.91%,12.7,16,16.65,2967,122,24.32,60.44%,52.64%,0.270951,2026-08-27
TSM,427,2026-11-20,85,Call,380.00,+11.07%,61,61.39,63.2,10275,428,24.01,34.26%,40.19%,0.768486,2026-08-27
NVDA,228.59,2026-08-31,4,Put,217.50,-4.60%,0.23,0.43,0.62,11503,481,23.91,33.59%,36.16%,-0.101953,2026-08-27
FIG,30.18,2026-09-04,8,Call,33.00,-7.77%,0.49,0.62,0.68,3053,128,23.85,74.01%,78.47%,0.281132,2026-08-27
MSFT,505.8,2026-08-28,1,Put,495.00,-1.99%,0.41,0.42,0.46,16061,685,23.45,25.46%,31.41%,-0.108116,2026-08-27
CRM,247.85,2026-08-28,1,Call,265.00,-5.14%,0.4,0.42,0.47,10171,436,23.33,41.13%,72.74%,0.09768,2026-08-27
META,572.68,2026-09-11,15,Put,470.00,-17.70%,0.08,0.17,0.22,3754,163,23.03,34.68%,41.65%,-0.00903,2026-08-27
KR,57.1,2026-09-04,8,Call,59.00,-3.64%,0.21,0.28,0.33,8974,390,23.01,35.08%,28.36%,0.204971,2026-08-27
NVDA,228.59,2026-09-04,8,Call,232.50,-1.98%,2.72,2.98,3.5,44678,1942,23.01,33.59%,36.71%,0.373974,2026-08-27
MSTR,134.76,2026-08-28,1,Put,131.00,-4.66%,0.62,0.57,0.67,3180,139,22.88,74.55%,97.62%,-0.168307,2026-08-27
BTDR,11.16,2026-09-11,15,Put,9.50,-16.15%,0.15,0.15,0.3,5030,220,22.86,98.04%,100.89%,-0.165964,2026-08-27
AFRM,86.36,2026-08-28,1,Call,87.00,-12.27%,1.05,1.26,1.35,3122,137,22.79,69.52%,257.70%,0.214727,2026-08-27
CELU,2.18,2026-09-18,22,Call,2.50,-19.05%,0.25,0.3,0.3,4548,200,22.74,213.23%,200.13%,0.458269,2026-08-27
SNDK,1454.01,2026-08-28,1,Call,"1,530.00",-3.03%,8.9,9.2,9.3,5538,247,22.42,71.65%,81.04%,0.247911,2026-08-27
MU,920.69,2026-08-31,4,Call,920.00,+1.65%,21.65,27.02,27.95,3501,158,22.16,60.44%,40.49%,0.663423,2026-08-27
MARA,11.7,2026-10-02,36,Call,16.00,-34.79%,0.23,0.33,0.35,4122,188,21.93,87.16%,89.38%,0.181295,2026-08-27
NOK,10.56,2026-09-18,22,Put,10.50,-0.85%,0.52,0.55,0.54,2806,130,21.58,55.62%,56.30%,-0.444364,2026-08-27
TSLA,355.6,2026-08-28,1,Put,352.50,-0.65%,2.14,2.13,2.17,74617,3508,21.27,39.65%,43.20%,-0.380576,2026-08-27
SNDK,1454.01,2026-08-28,1,Call,"1,480.00",+0.33%,26.9,27.4,28.1,4018,189,21.26,71.65%,80.35%,0.540939,2026-08-27
SOC,4.61,2026-09-25,29,Call,5.00,-7.30%,0.39,0.44,0.48,9878,469,21.06,104.51%,108.04%,0.472268,2026-08-27
HWM,269.65,2026-10-16,50,Put,240.00,-10.33%,2.15,3.1,3.4,3711,178,20.85,29.55%,32.32%,-0.156888,2026-08-27
TSLA,355.6,2026-08-28,1,Put,357.50,+0.76%,4.7,4.85,4.85,14793,711,20.81,39.65%,44.04%,-0.62286,2026-08-27
MU,920.69,2026-08-28,1,Call,917.50,+1.91%,22.65,24,24.8,4305,207,20.8,60.44%,66.03%,0.718673,2026-08-27
MRNA,138,2026-09-04,8,Put,125.00,-12.45%,0.8,0.99,1.18,10319,497,20.76,73.49%,79.17%,-0.115269,2026-08-27
XYL,113.48,2026-09-18,22,Call,115.00,-2.09%,1.8,1.83,2.05,2628,127,20.69,25.96%,26.00%,0.392604,2026-08-27
NVDA,228.59,2026-08-31,4,Put,220.00,-3.50%,0.63,0.71,0.75,22808,1104,20.66,33.59%,34.68%,-0.156649,2026-08-27
BABA,116.6,2026-08-28,1,Call,116.00,+0.27%,1.12,1.11,1.28,3556,176,20.2,40.77%,42.78%,0.551899,2026-08-27
META,572.68,2026-08-28,1,Call,572.50,-0.25%,4.2,4.48,4.5,14208,704,20.18,34.68%,41.84%,0.461447,2026-08-27
NVDA,228.59,2026-09-02,6,Put,217.50,-4.60%,0.6,0.91,1.08,2238,111,20.16,33.59%,36.47%,-0.149168,2026-08-27
TSLA,355.6,2026-09-04,8,Call,372.50,-4.99%,2.7,2.78,2.77,6598,328,20.12,39.65%,41.19%,0.225291,2026-08-27
CRM,247.85,2026-11-20,85,Put,240.00,-4.78%,12.35,12.95,13.8,2243,112,20.03,41.13%,40.51%,-0.352743,2026-08-27
TSLA,355.6,2026-08-28,1,Call,352.50,+0.65%,4.35,4.37,4.5,93259,4736,19.69,39.65%,42.16%,0.622326,2026-08-27
NVDA,228.59,2026-09-09,13,Call,235.00,-3.08%,2.44,3.05,3.3,3302,168,19.65,33.59%,32.23%,0.326454,2026-08-27
CRWD,227.49,2026-09-04,8,Put,205.00,-10.07%,1.17,1.25,1.4,3906,199,19.63,53.09%,63.36%,-0.117736,2026-08-27
HRL,21.34,2026-08-28,1,Put,21.50,+1.03%,0.25,0.31,0.4,2944,150,19.63,25.44%,43.65%,-0.670268,2026-08-27
OKTA,171.16,2026-08-28,1,Call,180.00,-4.10%,0.82,0.79,1.08,6008,308,19.51,52.74%,91.47%,0.207973,2026-08-27
NVDA,228.59,2026-09-09,13,Call,240.00,-5.27%,1.62,1.8,1.91,26470,1364,19.41,33.59%,33.29%,0.221051,2026-08-27
LZB,32.73,2026-09-18,22,Call,35.00,-6.94%,0.2,0.21,0.25,3233,168,19.24,29.95%,28.95%,0.183235,2026-08-27
MU,920.69,2026-08-28,1,Call,925.00,+1.11%,17.85,18.95,19.1,8900,472,18.86,60.44%,64.59%,0.636915,2026-08-27
C,133.32,2026-09-18,22,Call,138.00,-4.01%,1.33,1.39,1.52,2173,116,18.73,27.47%,25.71%,0.282701,2026-08-27
MU,920.69,2026-08-28,1,Call,922.50,+1.38%,19.25,19.8,20.9,3502,190,18.43,60.44%,64.60%,0.666479,2026-08-27
BABA,116.6,2026-10-02,36,Call,120.00,-3.17%,4.7,4.9,5.1,3175,173,18.35,40.77%,44.53%,0.438358,2026-08-27
NVDA,228.59,2026-08-31,4,Call,227.50,+0.21%,2.78,3.18,3.6,33348,1836,18.16,33.59%,30.52%,0.536987,2026-08-27
OKTA,171.16,2026-08-28,1,Call,190.00,-9.88%,0.1,0.13,0.21,3759,209,17.99,52.74%,102.45%,0.041904,2026-08-27
UNM,92.45,2027-12-17,477,Call,135.00,-46.02%,2.05,3.4,3.7,1884,105,17.94,29.32%,29.91%,0.190818,2026-08-27
CRM,247.85,2026-08-28,1,Call,242.50,+3.79%,9.75,11.15,10.9,2975,167,17.81,41.13%,72.61%,0.850239,2026-08-27
CAPR,10.02,2026-12-18,113,Put,9.00,-10.54%,4.2,4.4,4.5,2399,135,17.77,139.09%,252.46%,-0.21574,2026-08-27
MSTR,134.76,2026-09-04,8,Call,140.00,-1.89%,5.2,5.25,5.4,26931,1519,17.73,74.55%,79.04%,0.46219,2026-08-27
ANF,146.55,2026-12-18,113,Call,160.00,-9.78%,12.4,14,15.1,2011,115,17.49,51.01%,57.87%,0.46057,2026-08-27
MSFT,505.8,2026-09-02,6,Call,505.00,+0.01%,6.15,6.6,6.7,2000,115,17.39,25.46%,24.30%,0.513803,2026-08-27
MSTR,134.76,2026-08-28,1,Call,141.00,-2.62%,1.47,1.56,1.58,3527,203,17.37,74.55%,102.59%,0.325263,2026-08-27
MSTR,134.76,2026-09-04,8,Call,152.50,-10.99%,2.12,2.23,2.3,2508,145,17.3,74.55%,86.77%,0.229232,2026-08-27
MU,920.69,2026-08-28,1,Call,930.00,+0.58%,13.95,15.55,15.45,19534,1139,17.15,60.44%,60.37%,0.579961,2026-08-27
TSLA,355.6,2026-08-28,1,Put,355.00,+0.05%,3.2,3.3,3.35,47317,2764,17.12,39.65%,43.12%,-0.503536,2026-08-27
ZETA,29.9,2026-09-25,29,Put,25.50,-15.62%,0.2,0.34,0.58,3705,218,17,58.73%,60.79%,-0.137422,2026-08-27
MU,920.69,2026-08-28,1,Call,920.00,+1.65%,21.05,22.25,22.85,12547,738,17,60.44%,65.79%,0.692133,2026-08-27
NEM,132.6,2026-08-28,1,Put,131.00,-0.98%,0.46,1.05,1.01,2071,122,16.98,42.24%,46.61%,-0.33845,2026-08-27
NVDA,228.59,2026-09-04,8,Call,242.50,-6.37%,0.62,0.87,0.9,24189,1434,16.87,33.59%,35.65%,0.129152,2026-08-27
TSLA,355.6,2026-08-28,1,Call,357.50,-0.76%,2.04,2.06,2.08,61173,3644,16.79,39.65%,43.23%,0.375177,2026-08-27
TSLA,355.6,2026-08-28,1,Put,347.50,-2.06%,0.78,0.79,0.8,40924,2440,16.77,39.65%,43.78%,-0.177785,2026-08-27
BILI,16.89,2026-09-18,22,Put,16.00,-4.53%,0.31,0.4,0.45,3032,181,16.75,43.21%,44.20%,-0.307908,2026-08-27
CRM,247.85,2026-08-28,1,Call,245.00,+2.80%,7.8,8,8.5,15092,904,16.69,41.13%,68.43%,0.791686,2026-08-27
MARA,11.7,2026-09-11,15,Put,10.50,-11.54%,0.23,0.22,0.28,5357,325,16.48,87.16%,83.54%,-0.207043,2026-08-27
QBTS,17.75,2026-10-16,50,Put,16.00,-10.61%,0.95,1,1.06,10027,615,16.3,79.38%,73.35%,-0.2861,2026-08-27
WDAY,193.6,2026-08-28,1,Put,155.00,-19.93%,0.2,0.2,0.5,1968,121,16.26,59.72%,241.98%,-0.034493,2026-08-27
CRWD,227.49,2026-08-28,1,Put,210.00,-7.88%,0.11,0.12,0.14,5470,337,16.23,53.09%,85.17%,-0.031086,2026-08-27
CRWD,227.49,2026-08-28,1,Put,215.00,-5.69%,0.29,0.34,0.34,4879,301,16.21,53.09%,78.54%,-0.073987,2026-08-27
NVDA,228.59,2026-08-28,1,Put,220.00,-3.50%,0.2,0.21,0.25,206987,12781,16.19,33.59%,49.60%,-0.082486,2026-08-27
NVDA,228.59,2026-09-04,8,Put,230.00,+0.89%,5.45,6,6.25,9241,573,16.13,33.59%,35.89%,-0.551534,2026-08-27
CHWY,22.8,2027-01-15,141,Call,45.00,-97.37%,0.11,0.12,0.43,7000,436,16.06,64.04%,65.32%,0.075617,2026-08-27
IREN,38.13,2026-09-04,8,Put,41.00,+1.16%,3.05,3.2,3.25,5388,336,16.04,95.43%,121.66%,-0.488234,2026-08-27
PURR,12.59,2026-10-16,50,Call,18.00,-40.30%,0.3,0.9,0.95,2591,162,15.99,102.21%,104.60%,0.252057,2026-08-27
WDAY,193.6,2026-08-28,1,Put,160.00,-17.34%,0.2,0.35,0.4,1692,106,15.96,59.72%,206.79%,-0.034789,2026-08-27
MSFT,505.8,2026-08-28,1,Call,507.50,-0.48%,1.95,2.04,2.13,25299,1586,15.95,25.46%,29.26%,0.381361,2026-08-27
SNDK,1454.01,2026-08-28,1,Call,"1,470.00",+1.01%,32.2,33,33.5,2535,159,15.94,71.65%,79.64%,0.604879,2026-08-27
BHF,54.16,2026-09-18,22,Call,60.00,-10.78%,1.45,1.55,4,2237,141,15.87,65.92%,91.19%,0.368517,2026-08-27
MU,920.69,2026-08-28,1,Call,927.50,+0.84%,16.05,16.8,17.3,3064,194,15.79,60.44%,63.12%,0.608698,2026-08-27
TSLA,355.6,2026-08-28,1,Put,350.00,-1.36%,1.32,1.32,1.34,92049,5834,15.78,39.65%,43.24%,-0.268193,2026-08-27
CRWD,227.49,2026-08-28,1,Put,220.00,-3.49%,0.83,0.9,0.95,5171,329,15.72,53.09%,75.63%,-0.178789,2026-08-27
ALAB,299.5,2026-09-04,8,Call,330.00,-8.52%,5,6.1,6.9,1714,110,15.58,76.78%,83.00%,0.275052,2026-08-27
LUV,40.51,2026-10-16,50,Put,40.00,+0.60%,2.28,2.35,2.43,2052,132,15.55,37.67%,38.87%,-0.481757,2026-08-27
AVGO,375.06,2026-08-28,1,Put,367.50,-1.09%,2.47,2.69,2.85,2049,134,15.29,50.51%,57.00%,-0.350567,2026-08-27
CRWD,227.49,2026-08-28,1,Put,217.50,-4.59%,0.5,0.54,0.59,1807,119,15.18,53.09%,77.31%,-0.118336,2026-08-27
AMZN,257.44,2026-08-28,1,Call,257.50,-0.48%,1.06,1.1,1.1,36959,2454,15.06,28.49%,30.11%,0.385097,2026-08-27
BMNR,25.14,2026-08-28,1,Call,26.50,-3.39%,0.21,0.23,0.23,16960,1128,15.04,81.37%,100.70%,0.27251,2026-08-27
MRNA,138,2026-08-28,1,Call,144.00,-0.86%,2.13,2.31,2.65,1572,105,14.97,73.49%,98.82%,0.445085,2026-08-27
AFRM,86.36,2026-08-28,1,Call,77.00,+0.63%,4.5,4.7,4.7,2739,183,14.97,69.52%,269.73%,0.546265,2026-08-27
XYZ,84.6,2026-09-04,8,Call,88.00,-3.71%,0.74,1.09,0.95,2810,188,14.95,38.27%,39.66%,0.281613,2026-08-27
TSM,427,2026-09-04,8,Call,432.50,-1.22%,5.75,5.92,6.3,2473,166,14.9,34.26%,32.53%,0.415272,2026-08-27
T,25.52,2026-10-02,36,Call,27.00,-6.17%,0.15,0.24,0.37,7125,481,14.81,22.41%,25.01%,0.231864,2026-08-27
SPCX,139.92,2026-08-28,1,Call,144.00,-2.22%,0.5,0.5,0.51,47195,3200,14.75,51.09%,53.93%,0.223358,2026-08-27
MU,920.69,2026-08-31,4,Call,925.00,+1.11%,22.5,24.5,26.35,1606,109,14.73,60.44%,47.78%,0.601083,2026-08-27
ASST,22.6,2026-10-02,36,Call,32.00,-38.41%,0.59,0.8,1.01,8910,609,14.63,103.69%,106.14%,0.212563,2026-08-27
NVDA,228.59,2026-09-11,15,Call,222.50,+2.40%,8.5,9.29,10.6,4202,291,14.44,33.59%,34.32%,0.656553,2026-08-27
NBIS,214.06,2026-09-18,22,Put,215.00,-1.59%,15.3,16.7,16.5,1493,104,14.36,85.96%,83.98%,-0.424859,2026-08-27
MU,920.69,2026-08-28,1,Put,917.50,-1.91%,6.45,6.47,6.5,2358,168,14.04,60.44%,70.39%,-0.292894,2026-08-27
IBRX,8.38,2027-01-15,141,Put,9.00,+7.14%,2.1,2.1,2.4,11572,826,14.01,71.10%,94.48%,-0.424022,2026-08-27
MSFT,505.8,2026-08-28,1,Call,505.00,+0.01%,3.05,3.19,3.3,37633,2699,13.94,25.46%,29.63%,0.508192,2026-08-27
S,22.2,2026-08-28,1,Call,23.00,-1.28%,1.4,1.5,1.75,2341,168,13.93,79.17%,359.93%,0.510912,2026-08-27
PBR,18.44,2026-08-28,1,Call,17.00,+6.85%,1.17,1.28,1.4,1571,113,13.9,34.88%,98.15%,0.920304,2026-08-27
AMZN,257.44,2026-08-31,4,Call,257.50,-0.48%,1.8,1.92,1.95,3251,234,13.89,28.49%,22.39%,0.42963,2026-08-27
CORZ,17.52,2026-09-04,8,Call,18.50,-4.99%,0.35,0.39,0.43,2070,150,13.8,68.38%,69.82%,0.340108,2026-08-27
RBRK,100.51,2026-09-18,22,Put,100.00,-6.56%,5.5,5.79,6.4,1817,132,13.77,84.95%,90.13%,-0.335208,2026-08-27
RIOT,20.66,2026-09-04,8,Call,21.50,-2.97%,0.71,0.78,0.84,2519,183,13.77,85.71%,83.91%,0.433663,2026-08-27
BABA,116.6,2026-09-04,8,Call,122.00,-4.89%,0.72,0.86,0.94,4996,363,13.76,40.77%,39.84%,0.217577,2026-08-27
META,572.68,2026-08-28,1,Call,592.50,-3.75%,0.4,0.41,0.43,10077,733,13.75,34.68%,46.68%,0.068162,2026-08-27
SNDK,1454.01,2026-08-28,1,Call,"1,535.00",-3.37%,7.9,7.98,8.3,1849,138,13.4,71.65%,81.54%,0.225683,2026-08-27
NBIS,214.06,2026-09-18,22,Put,212.50,-2.74%,14.3,15.62,15.25,1477,112,13.19,85.96%,84.52%,-0.40282,2026-08-27
MSTR,134.76,2026-08-28,1,Put,129.00,-6.11%,0.33,0.35,0.38,1834,139,13.19,74.55%,97.70%,-0.103646,2026-08-27
MSTR,134.76,2026-08-28,1,Call,139.00,-1.16%,2.12,2.2,2.2,5100,391,13.04,74.55%,99.96%,0.423376,2026-08-27
MU,920.69,2026-08-28,1,Call,942.50,-0.76%,9.05,9.7,9.9,2466,190,12.98,60.44%,64.66%,0.41919,2026-08-27
MSFT,505.8,2026-08-31,4,Call,520.00,-2.96%,0.5,0.59,0.67,2100,162,12.96,25.46%,21.90%,0.106341,2026-08-27
MU,920.69,2026-08-31,4,Call,950.00,-1.56%,11.8,11.8,13,6531,509,12.83,60.44%,47.42%,0.389896,2026-08-27
NVDA,228.59,2026-09-04,8,Put,225.00,-1.31%,3.2,3.5,3.65,15846,1245,12.73,33.59%,36.09%,-0.388201,2026-08-27
FIG,30.18,2026-08-28,1,Call,31.00,-1.24%,0.33,0.33,0.5,6454,508,12.7,74.01%,90.82%,0.407638,2026-08-27
APLD,27.19,2026-09-25,29,Call,34.00,-23.91%,0.5,0.75,0.79,1658,131,12.66,89.46%,80.15%,0.205206,2026-08-27
VALE,15.27,2026-11-20,85,Call,17.00,-11.04%,0.47,0.49,0.53,4221,334,12.64,32.67%,39.35%,0.298847,2026-08-27
MU,920.69,2026-08-28,1,Call,960.00,-2.63%,3.5,3.55,4.25,15106,1199,12.6,60.44%,63.11%,0.221604,2026-08-27
PTEN,12.29,2027-01-15,141,Call,14.00,-14.19%,0.9,1.08,1.2,5533,441,12.55,54.53%,55.30%,0.413433,2026-08-27
AAPL,316,2026-08-28,1,Put,312.50,-0.66%,0.77,0.79,0.83,55122,4408,12.5,24.42%,25.09%,-0.302305,2026-08-27
WDAY,193.6,2026-08-28,1,Call,230.00,-18.82%,0.75,0.75,0.8,1544,125,12.35,59.72%,223.96%,0.079038,2026-08-27
GOOGL,341.49,2026-08-31,4,Call,347.50,-2.01%,0.76,0.76,0.92,2922,237,12.33,27.25%,21.66%,0.197543,2026-08-27
HUT,85.4,2026-09-04,8,Put,85.00,-2.44%,3,3.8,4.1,1809,148,12.22,96.23%,89.85%,-0.398362,2026-08-27
RBRK,100.51,2026-08-28,1,Put,85.00,-20.58%,0.35,0.45,0.5,1347,111,12.14,84.95%,292.95%,-0.057093,2026-08-27
TSLA,355.6,2026-08-28,1,Call,355.00,-0.05%,3,3.09,3.1,119389,9842,12.13,39.65%,42.20%,0.49653,2026-08-27
WDAY,193.6,2026-08-28,1,Put,170.00,-12.18%,0.6,1.05,1.05,1455,120,12.13,59.72%,190.96%,-0.088507,2026-08-27
CRWD,227.49,2026-08-28,1,Put,225.00,-1.30%,2.25,2.35,2.39,3473,287,12.1,53.09%,76.48%,-0.363662,2026-08-27
FSLY,24.65,2026-08-28,1,Call,25.50,-3.49%,0.05,0.32,0.45,1340,111,12.07,74.97%,110.98%,0.287769,2026-08-27
AMZN,257.44,2026-08-28,1,Call,237.50,+7.32%,18.2,19.51,19.25,3742,311,12.03,28.49%,114.91%,0.902474,2026-08-27
TOST,34.99,2026-10-16,50,Call,38.00,-8.05%,1.09,1.17,1.27,6146,511,12.03,40.33%,41.97%,0.349038,2026-08-27
MSTR,134.76,2026-08-28,1,Call,142.00,-3.35%,1.23,1.26,1.45,6368,531,11.99,74.55%,106.64%,0.287605,2026-08-27
AVGO,375.06,2026-09-04,8,Call,370.00,+0.41%,16.85,17.3,17.55,13249,1106,11.98,50.51%,74.49%,0.539204,2026-08-27
CRM,247.85,2026-08-28,1,Call,250.00,+0.81%,4.45,4.67,4.95,31236,2614,11.95,41.13%,68.12%,0.598376,2026-08-27
NVDA,228.59,2026-09-11,15,Put,222.50,-2.40%,3.7,3.75,4.05,1466,123,11.92,33.59%,34.82%,-0.346114,2026-08-27
NVDA,228.59,2026-09-11,15,Put,227.50,-0.21%,5.8,5.8,6.2,1559,131,11.9,33.59%,34.58%,-0.468124,2026-08-27
MSFT,505.8,2026-08-31,4,Call,515.00,-1.97%,0.99,1.23,1.35,2202,186,11.84,25.46%,20.90%,0.193398,2026-08-27
MU,920.69,2026-09-04,8,Call,920.00,+1.65%,39.35,41.2,42,3409,290,11.76,60.44%,58.41%,0.596439,2026-08-27
MSFT,505.8,2026-09-02,6,Call,520.00,-2.96%,1.45,1.5,1.6,1340,115,11.65,25.46%,24.19%,0.181614,2026-08-27
NVDA,228.59,2026-09-04,8,Put,240.00,+5.27%,11.45,13.25,14.6,1164,100,11.64,33.59%,36.02%,-0.825162,2026-08-27
PSKY,10.88,2026-09-04,8,Put,10.50,-2.78%,0,0.19,0.43,2681,232,11.56,53.42%,55.03%,-0.347886,2026-08-27
NVDA,228.59,2026-09-18,22,Put,212.50,-6.79%,2.15,2.24,2.54,7950,693,11.47,33.59%,36.47%,-0.197856,2026-08-27
CRM,247.85,2026-09-04,8,Call,250.00,+0.81%,7.7,8,8.2,3345,294,11.38,41.13%,45.81%,0.564977,2026-08-27
NVDA,228.59,2026-08-28,1,Put,245.00,+7.47%,14.6,16.55,20,1388,124,11.19,33.59%,89.27%,-0.935609,2026-08-27
BBW,28.4,2026-09-18,22,Call,30.00,-5.49%,0.85,0.98,1.1,1351,121,11.17,58.23%,57.27%,0.378499,2026-08-27
AAPL,316,2026-08-28,1,Put,315.00,+0.13%,1.8,1.82,1.89,28658,2571,11.15,24.42%,24.95%,-0.535945,2026-08-27
MU,920.69,2026-08-28,1,Call,940.00,-0.49%,10,10,11,20180,1819,11.09,60.44%,64.52%,0.449931,2026-08-27
NVDA,228.59,2026-08-31,4,Put,225.00,-1.31%,1.7,1.79,1.9,26465,2395,11.05,33.59%,32.66%,-0.340627,2026-08-27
MSTR,134.76,2026-08-28,1,Call,136.00,+1.02%,3.45,3.51,3.65,6326,574,11.02,74.55%,97.63%,0.590153,2026-08-27
CRWD,227.49,2026-08-28,1,Call,235.00,-3.09%,1.23,1.25,1.37,8005,727,11.01,53.09%,79.21%,0.238689,2026-08-27
CRM,247.85,2026-09-04,8,Call,270.00,-7.12%,1.56,1.64,1.7,1266,115,11.01,41.13%,47.61%,0.175723,2026-08-27
MSFT,505.8,2026-08-28,1,Put,492.50,-2.49%,0.24,0.26,0.28,4163,380,10.96,25.46%,32.57%,-0.068114,2026-08-27
MSFT,505.8,2026-09-04,8,Call,517.50,-2.46%,3,3.1,3.25,1473,135,10.91,25.46%,25.56%,0.271789,2026-08-27
NBIS,214.06,2026-08-28,1,Call,222.50,-1.84%,2.63,2.9,2.9,4309,396,10.88,85.96%,97.39%,0.370597,2026-08-27
MU,920.69,2026-08-31,4,Call,930.00,+0.58%,20.7,20.7,23.8,2673,247,10.82,60.44%,49.40%,0.55771,2026-08-27
NVDA,228.59,2026-09-04,8,Call,235.00,-3.08%,2.15,2.25,2.36,138847,12849,10.81,33.59%,36.19%,0.29933,2026-08-27
CRWD,227.49,2026-08-28,1,Call,227.50,+0.20%,3.75,3.85,4,4996,465,10.74,53.09%,76.32%,0.529112,2026-08-27
META,572.68,2026-08-28,1,Put,567.50,-0.63%,3.05,3.21,3.3,5810,541,10.74,34.68%,40.20%,-0.376471,2026-08-27
CRWD,227.49,2026-08-28,1,Call,232.50,-1.99%,1.83,1.87,2.06,2864,267,10.73,53.09%,78.68%,0.324238,2026-08-27
MU,920.69,2026-08-31,4,Call,"1,000.00",-6.91%,1.86,2,2.01,8214,766,10.72,60.44%,46.92%,0.092199,2026-08-27
AMZN,257.44,2026-08-31,4,Call,255.00,+0.49%,3,3.2,3.25,2698,252,10.71,28.49%,22.32%,0.594702,2026-08-27
VZ,49.56,2026-09-25,29,Call,52.00,-5.20%,0.26,0.36,0.36,4706,440,10.7,20.97%,20.96%,0.196476,2026-08-27
PLTR,184.97,2026-09-04,8,Call,197.50,-6.22%,1.47,1.47,1.56,6196,583,10.63,47.06%,47.84%,0.210152,2026-08-27
MARA,11.7,2026-09-04,8,Call,12.00,-1.10%,0.55,0.57,0.59,29501,2776,10.63,87.16%,89.25%,0.495866,2026-08-27
ASTS,60.86,2026-09-04,8,Put,68.00,+10.68%,5.9,7.66,9.3,1243,117,10.62,72.67%,88.90%,-0.758762,2026-08-27
AMZN,257.44,2026-09-02,6,Call,257.50,-0.48%,2.73,2.85,2.98,1882,178,10.57,28.49%,25.66%,0.455351,2026-08-27
BABA,116.6,2026-08-28,1,Call,117.00,-0.59%,0.75,0.76,0.83,3693,351,10.52,40.77%,45.19%,0.405853,2026-08-27
ADM,79,2026-09-18,22,Put,75.00,-5.18%,0.7,0.74,0.85,4080,388,10.52,30.41%,30.12%,-0.222052,2026-08-27
META,572.68,2026-12-18,113,Put,900.00,+57.59%,325.1,330.5,332.75,1050,100,10.5,34.68%,46.66%,-0.982461,2026-08-27
META,572.68,2026-08-28,1,Put,570.00,-0.19%,4.2,4.29,4.45,13741,1315,10.45,34.68%,40.93%,-0.458509,2026-08-27
WVE,5.17,2026-12-18,113,Call,6.00,-16.28%,0.8,0.85,1.4,2180,209,10.43,73.10%,120.40%,0.550756,2026-08-27
OXY,59.13,2026-09-04,8,Call,60.00,-1.40%,0.74,0.79,0.84,9337,896,10.42,32.10%,32.64%,0.39898,2026-08-27
MSFT,505.8,2026-08-28,1,Call,502.50,+0.51%,4.45,4.55,4.8,19243,1848,10.41,25.46%,30.00%,0.631758,2026-08-27
MARA,11.7,2026-09-04,8,Call,12.50,-5.31%,0.38,0.39,0.44,29681,2857,10.39,87.16%,93.96%,0.383404,2026-08-27
AMZN,257.44,2026-08-28,1,Call,247.50,+3.42%,8.3,8.9,9.1,5884,567,10.38,28.49%,40.79%,0.949965,2026-08-27
DAR,61.39,2026-09-18,22,Put,60.00,-2.26%,1.9,1.9,2.15,4280,414,10.34,44.27%,45.69%,-0.391228,2026-08-27
PURR,12.59,2026-08-28,1,Call,13.50,-5.22%,0.1,0.15,0.2,1767,171,10.33,102.21%,144.91%,0.263709,2026-08-27
APP,316.14,2027-01-15,141,Put,"1,110.00",+255.05%,792.8,799.17,805.5,1032,100,10.32,53.14%,120.73%,-0.941506,2026-08-27
NEE,83.29,2026-09-18,22,Call,70.00,+16.14%,12.5,13.2,14.8,3625,353,10.27,20.57%,43.82%,0.953479,2026-08-27
MGPI,16.54,2026-12-18,113,Put,7.50,-53.93%,0,0.15,0.4,2001,195,10.26,57.69%,97.86%,-0.044161,2026-08-27
PCG,18.4,2026-09-04,8,Call,18.50,-3.06%,0.3,0.46,0.67,9412,918,10.25,46.47%,67.24%,0.402004,2026-08-27
AVBP,31,2026-09-18,22,Put,20.00,-35.48%,0,0.65,4.9,2503,245,10.22,116.21%,271.22%,-0.160106,2026-08-27
CRWD,227.49,2026-08-28,1,Call,230.00,-0.89%,2.72,2.75,2.8,14264,1398,10.2,53.09%,77.00%,0.421335,2026-08-27
TSLA,355.6,2026-08-31,4,Call,355.00,-0.05%,4.6,4.7,4.8,11391,1118,10.19,39.65%,31.88%,0.505013,2026-08-27
MU,920.69,2026-08-28,1,Call,932.50,+0.31%,13.2,13.65,14.95,3036,298,10.19,60.44%,64.25%,0.544488,2026-08-27
CRWD,227.49,2026-08-28,1,Put,212.50,-6.78%,0.16,0.16,0.21,1429,142,10.06,53.09%,80.68%,-0.045868,2026-08-27
MSTR,134.76,2026-08-28,1,Call,143.00,-4.08%,1.06,1.09,1.1,2818,280,10.06,74.55%,106.13%,0.24521,2026-08-27
LITE,941.07,2026-08-28,1,Call,"1,020.00",-6.68%,1.9,2.08,2.15,5108,508,10.06,76.11%,92.47%,0.095173,2026-08-27
NVDA,228.59,2026-09-04,8,Put,222.50,-2.40%,2.29,2.52,2.75,5698,568,10.03,33.59%,36.23%,-0.311446,2026-08-27
PLTR,184.97,2026-09-04,8,Call,192.50,-3.53%,2.65,2.69,2.76,8345,832,10.03,47.06%,47.53%,0.327408,2026-08-27
AAPL,316,2026-08-28,1,Call,312.50,+0.66%,2.9,2.94,3.1,55022,5485,10.03,24.42%,26.69%,0.687341,2026-08-27
ISRG,370.92,2026-09-18,22,Put,460.00,+25.32%,89.6,92.7,95,1213,122,9.94,33.33%,44.11%,-0.992625,2026-08-27
NEE,83.29,2026-09-18,22,Call,65.00,+22.13%,17.45,18.35,20.5,1201,121,9.93,20.57%,73.80%,0.928586,2026-08-27
CDE,22.49,2026-09-18,22,Call,23.50,-5.81%,0.85,0.85,0.95,1011,102,9.91,64.48%,64.36%,0.395068,2026-08-27
NOW,138.09,2026-08-28,1,Call,139.00,-0.41%,1.53,1.59,1.67,3579,361,9.91,53.02%,64.39%,0.459324,2026-08-27
NEE,83.29,2026-09-18,22,Call,75.00,+10.15%,8.15,8.4,9.9,12005,1211,9.91,20.57%,40.01%,0.871965,2026-08-27
CRWD,227.49,2026-09-04,8,Call,250.00,-9.67%,1.88,1.98,1.98,4707,476,9.89,53.09%,63.10%,0.175458,2026-08-27
SMMT,14.28,2026-09-18,22,Call,17.00,-18.63%,0.1,0.64,0.8,1232,125,9.86,92.42%,90.88%,0.259633,2026-08-27
MU,920.69,2026-08-31,4,Call,915.00,+2.18%,28.35,30.71,32,1022,104,9.83,60.44%,46.40%,0.686546,2026-08-27
AAPL,316,2026-09-18,22,Put,307.50,-2.25%,4.15,4.57,4.35,1798,183,9.83,24.42%,24.48%,-0.331194,2026-08-27
APP,316.14,2026-09-18,22,Put,500.00,+59.93%,183,187.4,195,1967,201,9.79,53.14%,115.34%,-0.938799,2026-08-27
SNDK,1454.01,2026-08-28,1,Call,"1,515.00",-2.02%,12.7,13.7,13.4,3177,325,9.78,71.65%,80.57%,0.325748,2026-08-27
NEE,83.29,2026-09-18,22,Call,62.50,+25.12%,19.95,20.6,22.4,1200,123,9.76,20.57%,68.51%,0.96366,2026-08-27
ALAB,299.5,2026-09-04,8,Call,320.00,-5.23%,7.1,7.99,9.05,1744,179,9.74,76.78%,79.24%,0.355929,2026-08-27
TSLA,355.6,2026-08-31,4,Put,355.00,+0.05%,4.8,4.85,4.95,3899,401,9.72,39.65%,32.68%,-0.495754,2026-08-27
BMNR,25.14,2026-08-28,1,Put,26.00,+1.44%,0.66,0.69,0.75,3131,322,9.72,81.37%,92.71%,-0.606276,2026-08-27
AMD,471.7,2027-09-17,386,Put,195.00,-59.09%,4.25,5.28,5.45,1000,103,9.71,51.50%,59.39%,-0.033444,2026-08-27
MU,920.69,2026-08-28,1,Put,915.00,-2.18%,5.25,5.77,7.1,6388,658,9.71,60.44%,73.05%,-0.274975,2026-08-27
MSTR,134.76,2026-08-28,1,Call,134.00,+2.47%,4.65,4.8,4.95,14849,1536,9.67,74.55%,97.59%,0.697807,2026-08-27
INTC,90.3,2026-08-31,4,Call,91.00,+1.18%,2.43,2.49,2.57,5334,552,9.66,58.82%,49.37%,0.603611,2026-08-27
META,572.68,2026-09-18,22,Put,820.00,+43.58%,245.4,247.65,252.35,1352,141,9.59,34.68%,65.20%,-0.994945,2026-08-27
MU,920.69,2026-08-28,1,Call,950.00,-1.56%,6,6.35,6.7,35305,3685,9.58,60.44%,62.32%,0.324238,2026-08-27
MSFT,505.8,2026-08-31,4,Call,510.00,-0.98%,2.44,2.54,2.65,2979,312,9.55,25.46%,21.42%,0.341366,2026-08-27
LCID,5.14,2026-09-11,15,Call,6.00,-17.88%,0,0.13,0.13,1716,180,9.53,89.44%,76.67%,0.165757,2026-08-27
AMZN,257.44,2026-08-31,4,Put,245.00,-4.39%,0.14,0.14,0.16,2517,264,9.53,28.49%,26.52%,-0.049927,2026-08-27
NVDA,228.59,2026-09-09,13,Put,215.00,-5.69%,1.24,1.49,1.61,1171,123,9.52,33.59%,34.70%,-0.172654,2026-08-27
LW,54.8,2026-09-18,22,Call,50.00,+8.76%,5,5.7,5.8,1007,106,9.5,35.23%,43.00%,0.821504,2026-08-27
NVDA,228.59,2026-09-04,8,Call,237.50,-4.18%,1.59,1.73,1.8,18647,1962,9.5,33.59%,36.79%,0.238468,2026-08-27
MSTR,134.76,2026-09-11,15,Put,140.00,+1.89%,9.2,9.82,9.7,1196,126,9.49,74.55%,73.08%,-0.517951,2026-08-27
BB,8.69,2026-09-04,8,Call,9.00,-4.05%,0.21,0.22,0.22,8948,944,9.48,67.67%,69.29%,0.371579,2026-08-27
GOOGL,341.49,2026-08-28,1,Call,342.50,-0.54%,1.25,1.3,1.3,16439,1734,9.48,27.25%,28.85%,0.365029,2026-08-27
MU,920.69,2026-08-28,1,Put,922.50,-1.38%,6.5,7.44,8.1,1969,208,9.47,60.44%,65.74%,-0.336144,2026-08-27
NEE,83.29,2026-09-18,22,Call,72.50,+13.14%,10,10.85,12.4,2400,254,9.45,20.57%,38.56%,0.936741,2026-08-27
MU,920.69,2026-08-28,1,Call,955.00,-2.10%,4.15,5,4.8,6615,701,9.44,60.44%,59.50%,0.258641,2026-08-27
MU,920.69,2026-08-28,1,Call,945.00,-1.03%,7.8,8.25,9,5506,585,9.41,60.44%,64.14%,0.387893,2026-08-27
NEM,132.6,2026-10-16,50,Call,165.00,-24.73%,0.94,1.14,1.32,2107,224,9.41,42.24%,45.23%,0.112588,2026-08-27
META,572.68,2026-09-18,22,Put,790.00,+38.33%,215.4,220.7,222.7,2770,296,9.36,34.68%,63.77%,-0.985938,2026-08-27
NVDA,228.59,2026-10-02,36,Put,210.00,-7.89%,3,3,3.45,6152,657,9.36,33.59%,36.02%,-0.209506,2026-08-27
TSLA,355.6,2026-08-28,1,Put,342.50,-3.47%,0.24,0.24,0.25,22862,2449,9.34,39.65%,45.25%,-0.065964,2026-08-27
APLD,27.19,2026-10-02,36,Call,35.00,-27.55%,0.56,0.84,1,1412,153,9.23,89.46%,83.11%,0.215384,2026-08-27
META,572.68,2026-08-28,1,Call,582.50,-2.00%,1.34,1.38,1.47,6792,741,9.17,34.68%,43.47%,0.196683,2026-08-27
MSTR,134.76,2026-08-28,1,Call,146.00,-6.26%,0.59,0.65,0.75,978,107,9.14,74.55%,113.26%,0.160382,2026-08-27
ASC,16.94,2026-10-16,50,Call,2.50,+85.84%,15,15.25,15.6,931,102,9.13,43.78%,356.68%,0.981717,2026-08-27
PANW,384.56,2026-08-28,1,Put,370.00,-3.36%,0.65,1.05,1.17,974,107,9.1,62.73%,61.87%,-0.141583,2026-08-27
TTWO,240,2026-10-16,50,Call,310.00,-33.05%,0.65,1.15,1.7,2744,302,9.09,42.15%,48.12%,0.068694,2026-08-27
ADM,79,2026-09-18,22,Call,70.00,+11.50%,9.1,9.6,9.9,1224,135,9.07,30.41%,40.08%,0.901401,2026-08-27
AG,22.2,2026-08-28,1,Put,22.00,+1.20%,0.44,0.5,0.54,1821,201,9.06,64.11%,75.69%,-0.609704,2026-08-27
MRNA,138,2026-08-28,1,Call,142.00,+0.54%,2.95,2.92,3.6,904,100,9.04,73.49%,96.41%,0.553451,2026-08-27
NVDA,228.59,2026-09-11,15,Put,197.50,-13.37%,0.43,0.44,0.47,1329,147,9.04,33.59%,44.72%,-0.050287,2026-08-27
ASST,22.6,2026-09-04,8,Put,20.00,-13.49%,0.29,0.33,0.48,1363,151,9.03,103.69%,113.57%,-0.170911,2026-08-27
GOOG,338.34,2026-08-28,1,Put,360.00,+6.60%,21.65,22.9,24.3,2245,249,9.02,27.15%,91.57%,-0.904912,2026-08-27
EOSE,3.4,2026-11-20,85,Put,2.50,-26.90%,0.2,0.26,0.33,2000,222,9.01,100.26%,112.46%,-0.19427,2026-08-27
TTD,13.45,2026-08-28,1,Call,13.50,-0.60%,0.11,0.11,0.12,27042,3005,9,53.24%,53.76%,0.423225,2026-08-27
MRNA,138,2026-09-04,8,Put,120.00,-15.95%,0.3,0.49,0.68,9947,1107,8.99,73.49%,80.30%,-0.06336,2026-08-27
ASC,16.94,2026-09-18,22,Call,2.50,+85.84%,14.9,15.35,15.4,2185,243,8.99,43.78%,541.22%,0.981993,2026-08-27
CRWV,86.14,2026-09-04,8,Put,92.00,+5.99%,6.75,6.97,7.05,2726,304,8.97,73.57%,71.84%,-0.68772,2026-08-27
SHOP,155.75,2028-12-15,841,Put,120.00,-22.24%,24.25,25.82,27.25,977,109,8.96,43.38%,57.21%,-0.213501,2026-08-27
OKTA,171.16,2026-08-28,1,Call,170.00,+1.68%,4.3,4.5,5.5,6556,734,8.93,52.74%,90.17%,0.650023,2026-08-27
BB,8.69,2026-09-11,15,Call,8.00,+7.51%,0.79,0.83,0.85,6144,689,8.92,67.67%,60.43%,0.761525,2026-08-27
NVDA,228.59,2026-08-28,1,Put,232.50,+1.98%,3.55,4.95,6.55,7500,846,8.87,33.59%,42.88%,-0.805612,2026-08-27
UAMY,5.18,2026-09-04,8,Put,5.50,+6.59%,0.4,0.4,0.55,1700,192,8.85,96.09%,87.39%,-0.664488,2026-08-27
LITE,941.07,2026-08-28,1,Call,960.00,-0.40%,14.5,16.2,17.1,1485,168,8.84,76.11%,88.08%,0.475204,2026-08-27
AFRM,86.36,2026-08-28,1,Call,80.00,-3.24%,3.2,3.24,3.45,3561,403,8.84,69.52%,271.81%,0.439489,2026-08-27
SNDK,1454.01,2026-08-28,1,Call,"1,475.00",+0.67%,29.7,30.09,30.7,2447,278,8.8,71.65%,80.34%,0.572713,2026-08-27
FROG,104.25,2026-09-18,22,Put,87.50,-15.89%,1,1.34,2.05,905,103,8.79,68.58%,73.71%,-0.145116,2026-08-27
NVDA,228.59,2026-09-11,15,Put,230.00,+0.89%,6.1,7.2,8.6,2606,297,8.77,33.59%,34.76%,-0.530348,2026-08-27
AMZN,257.44,2026-08-28,1,Put,255.00,-0.49%,1.02,1.06,1.06,50842,5794,8.77,28.49%,29.98%,-0.371679,2026-08-27
EQT,54.89,2026-09-18,22,Call,59.00,-7.72%,0.31,0.35,0.52,1767,202,8.75,28.33%,31.72%,0.184585,2026-08-27
NFLX,80.17,2027-01-15,141,Put,140.00,+75.35%,58.05,59.35,62.15,1740,200,8.7,32.23%,53.14%,-0.977857,2026-08-27
SNDK,1454.01,2026-08-28,1,Put,"1,475.00",-0.67%,19.9,20.6,20.7,2658,307,8.66,71.65%,80.97%,-0.427856,2026-08-27
NEE,83.29,2026-08-28,1,Call,83.00,+0.56%,0.23,0.51,0.75,1055,122,8.65,20.57%,8.58%,0.896727,2026-08-27
BKNG,203.5,2027-03-19,204,Call,230.00,-13.55%,8.4,12.35,16.8,1413,164,8.62,33.97%,35.27%,0.386778,2026-08-27
ASST,22.6,2026-09-04,8,Put,21.00,-9.17%,0.5,0.56,0.74,1342,156,8.6,103.69%,111.02%,-0.250909,2026-08-27
LULU,116.3,2026-12-18,113,Put,350.00,+204.35%,232.95,233.8,236.2,5466,637,8.58,57.12%,103.08%,-0.982762,2026-08-27
CRM,247.85,2026-08-28,1,Call,275.00,-9.11%,0.06,0.1,0.1,11874,1388,8.55,41.13%,80.68%,0.020658,2026-08-27
NVDA,228.59,2026-09-02,6,Call,237.50,-4.18%,0.97,1.08,1.15,2609,305,8.55,33.59%,35.15%,0.191113,2026-08-27
IONQ,42,2026-08-28,1,Call,42.50,-0.09%,0.56,0.67,0.72,2167,254,8.53,75.46%,74.16%,0.499086,2026-08-27
CAR,140.5,2026-09-18,22,Put,300.00,+115.07%,155.5,162,165.2,2524,296,8.53,48.04%,188.04%,-0.92623,2026-08-27
MU,920.69,2026-08-28,1,Put,942.50,+0.76%,15.75,16.29,17.5,1327,156,8.51,60.44%,65.32%,-0.580126,2026-08-27
PLTR,184.97,2026-09-04,8,Put,182.50,-1.84%,3.55,3.65,3.7,1900,224,8.48,47.06%,47.94%,-0.379316,2026-08-27
NFLX,80.17,2027-01-15,141,Put,122.00,+52.81%,40.05,42.6,44.15,2121,250,8.48,32.23%,50.75%,-0.90772,2026-08-27
TSLA,355.6,2026-08-28,1,Call,360.00,-1.46%,1.34,1.36,1.36,114755,13582,8.45,39.65%,44.33%,0.270901,2026-08-27
CRM,247.85,2026-09-25,29,Call,250.00,+0.81%,12.15,13.5,13.75,1407,167,8.43,41.13%,41.14%,0.558724,2026-08-27
NFLX,80.17,2026-09-18,22,Put,111.00,+39.03%,29.05,30.45,33,1982,235,8.43,32.23%,63.27%,-0.991596,2026-08-27
ESTC,105.05,2026-09-18,22,Put,75.00,-10.44%,1.5,4.8,4.8,1625,193,8.42,88.73%,86.18%,-0.262472,2026-08-27
TSM,427,2026-09-11,15,Call,442.50,-3.56%,5.05,4.91,5.65,1117,133,8.4,34.26%,31.84%,0.311738,2026-08-27
CAR,140.5,2026-10-16,50,Put,370.00,+165.25%,228.1,231.9,234.7,1242,148,8.39,48.04%,147.27%,-0.944671,2026-08-27
CRM,247.85,2026-09-11,15,Call,250.00,+0.81%,9.15,10.26,10.1,5649,673,8.39,41.13%,41.41%,0.560889,2026-08-27
NFLX,80.17,2026-09-18,22,Put,114.00,+42.79%,32.05,34.35,36,1255,150,8.37,32.23%,83.24%,-0.954771,2026-08-27
FRMI,5.46,2026-09-25,29,Put,5.00,-8.26%,0.3,0.35,0.4,1220,146,8.36,102.97%,94.19%,-0.320451,2026-08-27
TRIP,9.8,2027-03-19,204,Call,14.00,-43.00%,0.35,0.42,0.6,1541,185,8.33,46.05%,51.86%,0.251015,2026-08-27
NFLX,80.17,2026-09-18,22,Put,105.00,+31.51%,23.05,25.05,27,1598,192,8.32,32.23%,54.08%,-0.990553,2026-08-27
NFLX,80.17,2027-01-15,141,Put,124.00,+55.31%,42.05,44.75,46,1245,150,8.3,32.23%,54.08%,-0.897884,2026-08-27
NEE,83.29,2026-09-18,22,Call,67.50,+19.13%,15.85,15.85,16.5,1200,145,8.28,20.57%,52.69%,0.955113,2026-08-27
NFLX,80.17,2026-09-18,22,Put,99.00,+24.00%,17.05,18.95,21.05,2076,251,8.27,32.23%,44.12%,-0.988989,2026-08-27
GAP,24.68,2026-08-28,1,Call,21.50,-3.42%,1,1.06,1.07,3290,398,8.27,70.10%,308.54%,0.449364,2026-08-27
NFLX,80.17,2026-09-18,22,Put,102.00,+27.76%,20.05,21.85,24,1906,231,8.25,32.23%,49.20%,-0.98986,2026-08-27
MU,920.69,2026-08-28,1,Call,975.00,-4.23%,1.8,1.9,1.82,8974,1092,8.22,60.44%,65.49%,0.117015,2026-08-27
CIFR,16.37,2028-12-15,841,Call,30.00,-78.89%,6.35,6.36,7.45,1010,123,8.21,98.75%,94.54%,0.64793,2026-08-27
MRVL,225.51,2026-08-28,1,Call,247.50,-2.51%,9.9,10.02,10.1,4237,517,8.2,77.35%,250.71%,0.45134,2026-08-27
NFLX,80.17,2026-09-18,22,Put,116.00,+45.29%,34.05,35.6,38,5985,730,8.2,32.23%,70.45%,-0.992208,2026-08-27
KO,89.43,2026-09-04,8,Call,90.00,-1.06%,0.54,0.61,0.63,8255,1008,8.19,18.28%,18.45%,0.359009,2026-08-27
MU,920.69,2026-08-28,1,Put,895.00,-4.32%,1.56,1.6,2.56,3590,439,8.18,60.44%,72.19%,-0.117131,2026-08-27
NFLX,80.17,2026-09-18,22,Put,108.00,+35.27%,26.05,27.05,30,1200,147,8.16,32.23%,58.76%,-0.991128,2026-08-27
NFLX,80.17,2026-09-18,22,Put,110.00,+37.78%,28.65,29.65,31.2,8085,991,8.16,32.23%,61.78%,-0.99145,2026-08-27
AMZN,257.44,2026-08-28,1,Put,277.50,+8.29%,20.8,21.35,21.5,2633,323,8.15,28.49%,80.43%,-0.969833,2026-08-27
BP,42,2026-08-28,1,Call,42.50,-0.38%,0,0.29,0.58,871,107,8.14,29.28%,41.19%,0.434356,2026-08-27
USAS,5.86,2026-10-16,50,Put,5.00,-12.89%,0.25,0.32,0.4,1058,130,8.14,79.07%,80.66%,-0.265642,2026-08-27
USB,62.5,2026-08-28,1,Put,62.00,-0.64%,0.13,0.18,0.24,918,113,8.12,23.04%,26.90%,-0.32114,2026-08-27
META,572.68,2026-08-28,1,Put,572.50,+0.25%,5.4,5.6,5.8,7206,887,8.12,34.68%,40.98%,-0.539867,2026-08-27
MSFT,505.8,2026-08-31,4,Call,512.50,-1.47%,1.56,1.8,2.05,819,101,8.11,25.46%,21.40%,0.265216,2026-08-27
CAR,140.5,2026-09-18,22,Put,330.00,+136.58%,185.6,192,195.1,2307,285,8.09,48.04%,205.47%,-0.930003,2026-08-27
ARE,52.28,2026-10-16,50,Put,47.50,-9.14%,1.2,1.29,1.4,2107,261,8.07,38.40%,42.14%,-0.246954,2026-08-27
ADSK,260.3,2026-08-28,1,Call,270.00,+0.21%,11.7,12.9,14.1,820,102,8.04,57.93%,223.29%,0.530944,2026-08-27
ASC,16.94,2026-09-18,22,Call,5.00,+71.69%,11.9,12.7,13,802,100,8.02,43.78%,276.58%,0.986313,2026-08-27
MU,920.69,2026-08-28,1,Put,920.00,-1.65%,6,6.47,7.2,9206,1151,8,60.44%,66.52%,-0.309814,2026-08-27
NOW,138.09,2026-08-28,1,Call,142.00,-2.58%,0.59,0.61,0.66,2028,254,7.98,53.02%,64.75%,0.232243,2026-08-27
COIN,187.4,2026-09-04,8,Call,202.50,-6.18%,3.55,3.75,3.9,9950,1247,7.98,65.14%,71.29%,0.305845,2026-08-27
TSLA,355.6,2026-08-28,1,Call,347.50,+2.06%,7.7,8.03,8.25,36297,4551,7.98,39.65%,40.38%,0.841442,2026-08-27
MSFT,505.8,2026-08-28,1,Call,510.00,-0.98%,1.23,1.26,1.31,30131,3780,7.97,25.46%,29.52%,0.26856,2026-08-27
NVDA,228.59,2026-09-02,6,Put,202.50,-11.18%,0.18,0.21,0.22,5850,735,7.96,33.59%,51.44%,-0.033071,2026-08-27
TSLA,355.6,2026-08-28,1,Call,345.00,+2.76%,9.95,10.15,10.65,24271,3055,7.94,39.65%,44.67%,0.887866,2026-08-27
PURR,12.59,2026-09-04,8,Call,13.00,-1.33%,0.55,0.9,0.85,912,115,7.93,102.21%,102.04%,0.497463,2026-08-27
OKTA,171.16,2026-08-28,1,Call,172.50,+0.24%,3.25,2.95,3.8,2164,273,7.93,52.74%,91.72%,0.530105,2026-08-27
MU,920.69,2026-08-28,1,Put,"1,100.00",+17.60%,159.65,171.85,170.05,824,104,7.92,60.44%,136.98%,-0.987438,2026-08-27
MRNA,138,2026-08-28,1,Put,138.00,-3.34%,0.79,1.2,1.2,1519,192,7.91,73.49%,93.82%,-0.236252,2026-08-27
VRT,267.55,2026-09-11,15,Put,235.00,-12.73%,1.16,1.5,1.6,1119,142,7.88,54.43%,54.08%,-0.09524,2026-08-27
PLTR,184.97,2026-08-28,1,Call,185.00,+0.50%,2.59,2.65,2.64,82019,10414,7.88,47.06%,54.41%,0.576847,2026-08-27
STX,836.01,2026-08-28,1,Call,965.00,-13.90%,0.05,0.2,0.95,830,106,7.83,68.37%,124.29%,0.02458,2026-08-27
TSLA,355.6,2026-08-28,1,Call,362.50,-2.17%,0.85,0.87,0.87,38157,4879,7.82,39.65%,45.42%,0.187845,2026-08-27
AMD,471.7,2026-08-28,1,Call,472.50,+0.87%,8.35,8.5,9,3390,435,7.79,51.50%,64.03%,0.611002,2026-08-27
SNDK,1454.01,2026-08-28,1,Call,"1,545.00",-4.04%,6.1,6.2,6.5,779,100,7.79,71.65%,82.11%,0.184412,2026-08-27
NFLX,80.17,2026-09-18,22,Put,100.00,+25.25%,18.65,20.3,20.4,3880,500,7.76,32.23%,55.68%,-0.949312,2026-08-27
NOW,138.09,2026-09-04,8,Put,128.00,-7.53%,0.9,0.9,1.03,1162,150,7.75,53.02%,55.24%,-0.156823,2026-08-27
SPCX,139.92,2026-08-28,1,Put,200.00,+41.97%,58.2,59.75,60.4,1488,192,7.75,51.09%,319.23%,-0.978154,2026-08-27
WDAY,193.6,2026-08-28,1,Call,240.00,-23.99%,0,0.47,0.55,983,127,7.74,59.72%,216.84%,0.033136,2026-08-27
MRNA,138,2026-09-04,8,Call,152.50,-6.82%,2.95,3.02,3.95,819,106,7.73,73.49%,83.45%,0.320776,2026-08-27
IONQ,42,2026-09-04,8,Call,44.00,-3.63%,1.21,1.37,1.39,2150,278,7.73,75.46%,76.90%,0.40165,2026-08-27
TSM,427,2026-09-04,8,Call,435.00,-1.80%,4.85,5.35,5.4,2361,306,7.72,34.26%,32.67%,0.369928,2026-08-27
XYZ,84.6,2026-09-04,8,Call,90.00,-6.07%,0.4,0.53,0.5,2618,340,7.7,38.27%,40.12%,0.171288,2026-08-27
NVDA,228.59,2026-09-04,8,Call,245.00,-7.47%,0.45,0.63,0.7,66454,8630,7.7,33.59%,36.80%,0.099972,2026-08-27
NVDA,228.59,2026-08-31,4,Put,215.00,-5.69%,0.25,0.29,0.3,11604,1513,7.67,33.59%,38.19%,-0.06755,2026-08-27
INTC,90.3,2026-08-31,4,Put,90.00,-2.27%,0.92,0.98,1.03,3563,465,7.66,58.82%,48.50%,-0.314402,2026-08-27
MU,920.69,2026-08-28,1,Call,937.50,-0.23%,10.95,12,12.2,2636,344,7.66,60.44%,64.23%,0.481131,2026-08-27
SPCX,139.92,2026-08-28,1,Call,141.00,-0.09%,1.37,1.45,1.5,23314,3047,7.65,51.09%,50.71%,0.492924,2026-08-27
AAPL,316,2026-08-28,1,Call,315.00,-0.13%,1.47,1.55,1.55,117953,15414,7.65,24.42%,25.84%,0.466037,2026-08-27
MSTR,134.76,2026-08-28,1,Call,137.00,+0.29%,2.98,3.06,3.1,7777,1018,7.64,74.55%,98.74%,0.533545,2026-08-27
ZETA,29.9,2026-09-04,8,Call,33.00,-9.20%,0.05,0.24,0.3,940,123,7.64,58.73%,53.88%,0.146048,2026-08-27
MSFT,505.8,2026-09-04,8,Call,512.50,-1.47%,4.5,4.8,4.8,1521,199,7.64,25.46%,25.60%,0.363072,2026-08-27
CART,50.48,2026-09-04,8,Call,55.00,-8.95%,0,0.1,0.15,1174,154,7.62,31.96%,36.98%,0.063677,2026-08-27
NVDA,228.59,2026-09-02,6,Call,227.50,+0.21%,3.6,4.44,4.55,6775,889,7.62,33.59%,32.36%,0.533514,2026-08-27
S,22.2,2026-08-28,1,Put,20.50,-9.73%,0.6,0.7,0.9,4607,605,7.61,79.17%,360.31%,-0.261836,2026-08-27
MU,920.69,2026-08-31,4,Put,910.00,-2.71%,8.75,8.48,10.5,1025,135,7.59,60.44%,51.65%,-0.293768,2026-08-27
TSLA,355.6,2026-09-02,6,Put,342.50,-3.47%,2.12,2.22,2.19,3183,421,7.56,39.65%,37.06%,-0.218267,2026-08-27
MARA,11.7,2026-08-28,1,Put,12.00,+1.10%,0.33,0.34,0.34,10992,1454,7.56,87.16%,106.58%,-0.565916,2026-08-27
SPCX,139.92,2026-09-18,22,Put,230.00,+63.27%,87.45,89.4,90.9,12350,1633,7.56,51.09%,92.38%,-0.98774,2026-08-27
WDAY,193.6,2026-08-28,1,Call,220.00,-13.65%,1.4,1.55,1.6,1637,217,7.54,59.72%,215.86%,0.141068,2026-08-27
TSLA,355.6,2026-08-31,4,Call,350.00,+1.36%,7.4,7.6,7.65,15918,2113,7.53,39.65%,31.51%,0.670901,2026-08-27
BBAR,14.75,2026-09-18,22,Put,13.00,-10.96%,0.1,0.4,0.4,1095,146,7.5,83.93%,60.46%,-0.193952,2026-08-27
MU,920.69,2026-08-31,4,Call,940.00,-0.49%,16,16,16.75,1763,235,7.5,60.44%,47.05%,0.473179,2026-08-27
AMD,471.7,2026-08-28,1,Call,507.50,-6.47%,0.2,0.23,0.32,5186,692,7.49,51.50%,67.17%,0.039036,2026-08-27
META,572.68,2026-09-18,22,Put,720.00,+26.07%,145.15,150.7,152.2,1301,174,7.48,34.68%,61.54%,-0.932028,2026-08-27
BABA,116.6,2026-09-04,8,Put,113.00,-2.85%,1.06,1.18,1.29,2858,382,7.48,40.77%,36.77%,-0.288186,2026-08-27
INTC,90.3,2026-08-31,4,Put,88.00,-4.44%,0.42,0.45,0.52,2584,346,7.47,58.82%,48.97%,-0.179355,2026-08-27
AMZN,257.44,2026-08-28,1,Put,267.50,+4.39%,11.05,11.19,11.9,4706,631,7.46,28.49%,56.48%,-0.925037,2026-08-27
TSLA,355.6,2026-08-31,4,Call,357.50,-0.76%,3.55,3.6,3.65,4799,646,7.43,39.65%,32.05%,0.422105,2026-08-27
AMD,471.7,2026-08-28,1,Put,462.50,-2.97%,1.42,1.44,1.6,2547,343,7.43,51.50%,63.09%,-0.175353,2026-08-27
CAR,140.5,2026-09-18,22,Put,650.00,+365.98%,505.5,512.7,514.7,1782,241,7.39,48.04%,338.36%,-0.928895,2026-08-27
ZM,100.8,2026-09-04,8,Call,100.00,+0.27%,2.2,2.66,2.97,928,126,7.37,41.26%,40.71%,0.535095,2026-08-27
TSLA,355.6,2026-08-31,4,Call,352.50,+0.65%,5.85,5.95,6.2,6457,876,7.37,39.65%,31.82%,0.588898,2026-08-27
AAOI,111,2026-10-16,50,Call,115.00,-1.52%,14.8,15.3,15.7,1313,179,7.34,92.46%,94.55%,0.558202,2026-08-27
MU,920.69,2026-08-31,4,Put,920.00,-1.65%,8.65,12,15.95,1011,138,7.33,60.44%,49.42%,-0.362022,2026-08-27
BABA,116.6,2026-09-04,8,Call,120.00,-3.17%,1.26,1.28,1.37,6346,866,7.33,40.77%,39.83%,0.308418,2026-08-27
IREN,38.13,2026-09-04,8,Call,41.50,-2.39%,2.51,2.56,2.65,1340,183,7.32,95.43%,125.13%,0.487726,2026-08-27
S,22.2,2026-08-28,1,Put,21.00,-7.53%,0.75,0.89,1.1,1506,206,7.31,79.17%,360.29%,-0.305053,2026-08-27
SMCI,37.91,2026-10-16,50,Call,50.00,-30.01%,1.09,1.16,1.18,5292,725,7.3,70.80%,74.56%,0.213413,2026-08-27
CAR,140.5,2026-10-16,50,Put,380.00,+172.42%,232.5,239.2,242.7,3646,500,7.29,48.04%,122.97%,-0.991619,2026-08-27
TSLA,355.6,2026-08-28,1,Call,350.00,+1.36%,6,6,6.15,75659,10383,7.29,39.65%,41.62%,0.739616,2026-08-27
MU,920.69,2026-09-02,6,Call,"1,020.00",-9.05%,3.4,4.7,4.4,758,104,7.29,60.44%,55.80%,0.12169,2026-08-27
GOOG,338.34,2026-08-28,1,Call,337.50,+0.06%,1.99,2.03,2.18,3861,530,7.28,27.15%,27.83%,0.522454,2026-08-27
PDD,85.25,2027-01-15,141,Put,130.00,+53.50%,43.55,45.9,47.4,7382,1015,7.27,31.75%,46.69%,-0.944294,2026-08-27
UEC,13.56,2026-09-18,22,Put,12.00,-11.89%,0.22,0.23,0.26,3176,437,7.27,68.65%,64.79%,-0.187269,2026-08-27
SIRI,28.5,2026-10-16,50,Call,30.00,-5.26%,0.72,0.8,0.88,1581,218,7.25,29.90%,33.14%,0.359066,2026-08-27
AAPL,316,2026-09-02,6,Call,310.00,+1.46%,6.1,6.45,6.6,4156,575,7.23,24.42%,21.75%,0.712015,2026-08-27
AMZN,257.44,2026-08-28,1,Call,255.00,+0.49%,2.28,2.29,2.36,17851,2489,7.17,28.49%,29.90%,0.629008,2026-08-27
SPCX,139.92,2026-09-18,22,Put,132.00,-6.30%,3.05,3.1,3.15,5423,760,7.14,51.09%,50.23%,-0.272774,2026-08-27
LYFT,17.31,2028-12-15,841,Put,10.00,-42.36%,1.2,1.26,1.53,3000,420,7.14,42.55%,56.37%,-0.123205,2026-08-27
NBIS,214.06,2026-09-18,22,Call,225.00,-2.98%,14.8,15.45,15.95,1753,247,7.1,85.96%,84.20%,0.488691,2026-08-27
MU,920.69,2026-08-28,1,Call,965.00,-3.17%,3,3.35,3.05,5563,784,7.1,60.44%,63.89%,0.180798,2026-08-27
AAPL,316,2026-08-28,1,Call,317.50,-0.93%,0.62,0.65,0.67,55855,7864,7.1,24.42%,26.02%,0.253027,2026-08-27
RIOT,20.66,2026-09-04,8,Call,22.50,-7.76%,0.4,0.49,0.5,2856,403,7.09,85.71%,83.24%,0.295172,2026-08-27
CARR,59.19,2028-01-21,512,Call,50.00,+15.02%,14.9,15.45,17.5,1159,164,7.07,30.18%,41.94%,0.724507,2026-08-27
NBIS,214.06,2027-06-17,294,Call,410.00,-87.66%,31.5,32.6,34.75,1021,145,7.04,85.96%,93.76%,0.386214,2026-08-27
CRWD,227.49,2026-08-28,1,Call,225.00,+1.30%,5.05,5.3,5.6,11574,1652,7.01,53.09%,77.01%,0.63568,2026-08-27
SPCX,139.92,2026-08-28,1,Put,139.00,-1.33%,0.72,0.72,0.75,7829,1119,7,51.09%,51.03%,-0.302586,2026-08-27
MSTR,134.76,2026-09-04,8,Call,138.00,-0.44%,6,6,6.1,2082,298,6.99,74.55%,77.44%,0.510472,2026-08-27
PURR,12.59,2026-10-16,50,Call,14.00,-9.12%,1.45,1.6,1.65,1129,162,6.97,102.21%,104.63%,0.492553,2026-08-27
ROK,433,2026-09-18,22,Put,450.00,+3.93%,19.4,22.1,23.5,2126,305,6.97,27.66%,26.31%,-0.709827,2026-08-27
GOOGL,341.49,2026-08-31,4,Call,345.00,-1.28%,1.3,1.42,1.47,3397,488,6.96,27.25%,21.25%,0.293621,2026-08-27
META,572.68,2027-09-17,386,Call,630.00,-10.31%,84.05,84,86.1,1509,219,6.89,34.68%,42.54%,0.531234,2026-08-27
LYFT,17.31,2027-03-19,204,Put,22.00,+26.80%,4.8,5.5,6.35,901,131,6.88,42.55%,51.03%,-0.665198,2026-08-27
NVDA,228.59,2026-09-11,15,Call,237.50,-4.18%,2.55,2.82,2.79,1196,174,6.87,33.59%,33.08%,0.288705,2026-08-27
ASST,22.6,2026-10-16,50,Call,32.00,-38.41%,0.97,1.24,1.52,1872,273,6.86,103.69%,106.51%,0.269389,2026-08-27
HPE,54.39,2027-06-17,294,Put,55.00,+1.08%,11.75,11.75,12.45,3005,438,6.86,72.53%,64.92%,-0.380873,2026-08-27
META,572.68,2026-08-28,1,Put,562.50,-1.51%,1.68,1.71,1.78,3392,495,6.85,34.68%,41.26%,-0.23664,2026-08-27
META,572.68,2026-08-28,1,Put,582.50,+2.00%,12.05,14.68,13.85,1609,235,6.85,34.68%,45.71%,-0.791698,2026-08-27
AIP,23.45,2026-09-18,22,Call,30.00,-27.06%,0.2,0.25,0.25,711,104,6.84,83.33%,74.78%,0.114852,2026-08-27
PLAY,9.27,2026-09-18,22,Put,10.00,+8.93%,1.3,1.4,1.5,2705,396,6.83,96.67%,98.86%,-0.592028,2026-08-27
NVDA,228.59,2026-09-04,8,Call,225.00,+1.31%,5.9,6.5,7,90554,13259,6.83,33.59%,35.28%,0.614595,2026-08-27
BL,33.8,2027-12-17,477,Call,47.50,-40.87%,4.7,5.5,6.5,1255,184,6.82,60.17%,58.76%,0.462013,2026-08-27
RIOT,20.66,2026-08-28,1,Call,21.50,-2.97%,0.15,0.15,0.16,12226,1796,6.81,85.71%,87.75%,0.270265,2026-08-27
INTC,90.3,2026-09-02,6,Call,95.00,-3.16%,1.47,1.5,1.55,3579,526,6.8,58.82%,56.54%,0.349709,2026-08-27
MSTR,134.76,2026-09-04,8,Call,185.00,-34.64%,0.3,0.33,0.34,4645,685,6.78,74.55%,108.26%,0.038309,2026-08-27
MSFT,505.8,2026-09-04,8,Call,510.00,-0.98%,5.05,5.5,5.7,9585,1414,6.78,25.46%,24.89%,0.409576,2026-08-27
CRWD,227.49,2026-08-28,1,Call,237.50,-4.18%,0.8,0.87,0.87,2520,373,6.76,53.09%,79.56%,0.168171,2026-08-27
SOUN,7.22,2026-08-28,1,Put,7.50,+3.88%,0.29,0.3,0.33,5871,875,6.71,67.43%,80.04%,-0.812242,2026-08-27
TSLA,355.6,2026-08-31,4,Put,352.50,-0.65%,3.6,3.7,3.75,3216,480,6.7,39.65%,32.47%,-0.413362,2026-08-27
RXT,3.39,2028-01-21,512,Put,2.00,-40.83%,0.45,0.65,1,1500,225,6.67,109.99%,118.79%,-0.13526,2026-08-27
PDD,85.25,2026-09-18,22,Put,135.00,+59.40%,48.55,50.2,52.4,2049,307,6.67,31.75%,101.08%,-0.965752,2026-08-27
MU,920.69,2026-08-28,1,Put,910.00,-2.71%,4.2,3.97,5,11433,1720,6.65,60.44%,71.33%,-0.224169,2026-08-27
AAPL,316,2026-08-31,4,Put,302.50,-3.84%,0.15,0.17,0.2,3030,458,6.62,24.42%,23.52%,-0.05304,2026-08-27
PLTR,184.97,2026-09-04,8,Call,202.50,-8.91%,0.79,0.8,0.85,1017,154,6.6,47.06%,48.55%,0.126965,2026-08-27
AAPL,316,2026-08-31,4,Call,315.00,-0.13%,2.3,2.44,2.45,12521,1904,6.58,24.42%,19.21%,0.484677,2026-08-27
WMT,103.28,2026-08-28,1,Call,102.00,+0.61%,0.84,0.88,0.9,3830,583,6.57,22.06%,22.76%,0.701574,2026-08-27
SNDK,1454.01,2026-08-28,1,Call,"1,495.00",-0.68%,19.9,20.29,21.9,860,131,6.56,71.65%,82.12%,0.44704,2026-08-27
WDAY,193.6,2026-10-16,50,Call,230.00,-18.82%,3.8,3.47,6,1354,207,6.54,59.72%,54.83%,0.234754,2026-08-27
SNDK,1454.01,2026-08-28,1,Put,"1,900.00",+27.95%,408.1,414.61,424.3,1162,178,6.53,71.65%,223.99%,-0.979769,2026-08-27
CRCL,92.6,2026-08-28,1,Put,95.00,+0.81%,2.04,2.18,2.53,729,112,6.51,79.87%,95.44%,-0.553402,2026-08-27
LQDA,69.94,2026-08-28,1,Put,61.00,-12.78%,0.1,0.1,0.35,1237,190,6.51,107.53%,184.99%,-0.071883,2026-08-27
AVGO,375.06,2026-08-28,1,Put,362.50,-2.43%,1.18,1.36,1.39,2105,324,6.5,50.51%,57.60%,-0.201985,2026-08-27
TSLA,355.6,2026-08-31,4,Call,362.50,-2.17%,2,2.05,2.06,3927,604,6.5,39.65%,32.77%,0.275485,2026-08-27
NVDA,228.59,2026-09-02,6,Put,207.50,-8.98%,0.25,0.29,0.32,4303,663,6.49,33.59%,45.67%,-0.049964,2026-08-27
TSLA,355.6,2026-08-31,4,Put,350.00,-1.36%,2.67,2.7,2.74,7117,1099,6.48,39.65%,32.43%,-0.33393,2026-08-27
PLTR,184.97,2026-08-28,1,Put,180.00,-3.19%,0.34,0.35,0.35,24252,3748,6.47,47.06%,55.19%,-0.12722,2026-08-27
PDD,85.25,2026-09-18,22,Put,110.00,+29.89%,23.95,25.7,27.4,3480,539,6.46,31.75%,71.44%,-0.923126,2026-08-27
AMD,471.7,2026-08-28,1,Put,472.50,-0.87%,4.05,4.25,4.45,3772,584,6.46,51.50%,61.84%,-0.385781,2026-08-27
MU,920.69,2026-08-28,1,Call,980.00,-4.77%,0.76,1.33,1.41,13222,2050,6.45,60.44%,62.35%,0.079503,2026-08-27
SBET,8.64,2026-09-04,8,Call,9.50,-6.98%,0.07,0.26,0.28,1065,166,6.42,82.49%,75.75%,0.295029,2026-08-27
AMZN,257.44,2026-08-31,4,Call,250.00,+2.44%,6.35,7.5,7.2,1130,176,6.42,28.49%,22.15%,0.863376,2026-08-27
MU,920.69,2026-08-28,1,Put,885.00,-5.39%,0.97,0.98,0.99,3615,564,6.41,60.44%,70.55%,-0.064175,2026-08-27
META,572.68,2026-08-28,1,Call,575.00,-0.68%,3.25,3.33,3.4,15619,2435,6.41,34.68%,41.92%,0.383938,2026-08-27
NVDA,228.59,2026-09-18,22,Call,237.50,-4.18%,3.25,3.82,4,2886,451,6.4,33.59%,31.97%,0.323556,2026-08-27
ABNB,185.21,2027-03-19,204,Put,165.00,-10.52%,9.15,9.85,11.75,696,109,6.39,28.46%,38.37%,-0.277036,2026-08-27
SCCO,218,2026-09-04,8,Call,225.00,-4.03%,2.6,3.82,4,972,152,6.39,49.00%,51.89%,0.318679,2026-08-27
LITE,941.07,2026-08-28,1,Call,980.00,-2.50%,8.1,8.7,10,4864,762,6.38,76.11%,91.84%,0.313236,2026-08-27
NEE,83.29,2026-09-18,22,Call,77.50,+7.15%,4.95,6.4,7.3,73209,11467,6.38,20.57%,20.89%,0.929044,2026-08-27
NVDA,228.59,2026-08-31,4,Call,232.50,-1.98%,1.24,1.28,1.5,15811,2482,6.37,33.59%,32.21%,0.289413,2026-08-27
TSLA,355.6,2026-08-28,1,Put,360.00,+1.46%,6.5,6.65,6.65,10850,1710,6.35,39.65%,45.40%,-0.724606,2026-08-27
TSLA,355.6,2026-08-28,1,Put,345.00,-2.76%,0.44,0.45,0.45,53720,8456,6.35,39.65%,44.36%,-0.110616,2026-08-27
GLW,151.1,2026-09-25,29,Put,145.00,-5.10%,6.25,6.94,7.15,1330,210,6.33,60.11%,61.35%,-0.344194,2026-08-27
AMZN,257.44,2026-09-04,8,Call,255.00,+0.49%,4.85,5,5.1,4993,789,6.33,28.49%,27.85%,0.563349,2026-08-27
TSLA,355.6,2026-08-31,4,Call,360.00,-1.46%,2.7,2.72,2.75,12107,1912,6.33,39.65%,32.40%,0.344771,2026-08-27
MU,920.69,2026-08-28,1,Put,905.00,-3.25%,3.05,3.05,3.45,3681,582,6.32,60.44%,69.13%,-0.175286,2026-08-27
MRNA,138,2026-09-04,8,Call,150.00,-5.06%,3.55,4.01,4.5,3426,543,6.31,73.49%,81.23%,0.365387,2026-08-27
AAPL,316,2026-09-02,6,Call,325.00,-3.31%,0.61,0.66,0.68,2999,477,6.29,24.42%,22.79%,0.139561,2026-08-27
MSTR,134.76,2026-09-11,15,Call,124.00,+9.75%,15.85,16.35,16.6,735,117,6.28,74.55%,71.81%,0.784654,2026-08-27
HL,21.74,2026-12-18,113,Call,22.00,-2.66%,3.15,3.18,3.2,10318,1642,6.28,64.95%,69.95%,0.562314,2026-08-27
NVDA,228.59,2026-08-31,4,Call,235.00,-3.08%,0.74,0.78,0.83,36394,5799,6.28,33.59%,31.99%,0.1898,2026-08-27
NVDA,228.59,2026-08-28,1,Put,217.50,-4.60%,0.13,0.12,0.14,50792,8101,6.27,33.59%,54.89%,-0.048939,2026-08-27
COIN,187.4,2026-09-04,8,Call,195.00,-2.24%,5.7,5.95,6.15,10466,1673,6.26,65.14%,68.67%,0.436566,2026-08-27
NEE,83.29,2026-09-04,8,Call,83.00,+0.56%,0.81,1.05,1.1,757,121,6.26,20.57%,13.99%,0.613827,2026-08-27
NVDA,228.59,2026-09-11,15,Call,227.50,+0.21%,5.4,6.59,6.8,2707,433,6.25,33.59%,30.99%,0.534111,2026-08-27
QBTS,17.75,2026-10-16,50,Call,20.00,-11.73%,1.25,1.27,1.3,10209,1637,6.24,79.38%,76.53%,0.408226,2026-08-27
MSFT,505.8,2026-08-31,4,Call,517.50,-2.46%,0.66,0.85,0.89,785,126,6.23,25.46%,20.93%,0.13896,2026-08-27
ANF,146.55,2026-08-28,1,Call,160.00,-9.78%,0.05,0.15,0.25,798,128,6.23,51.01%,104.31%,0.046521,2026-08-27
CDE,22.49,2026-08-28,1,Put,21.50,-3.20%,0.1,0.12,0.2,1240,199,6.23,64.48%,90.22%,-0.237808,2026-08-27
SO,88.88,2027-03-19,204,Put,87.50,-1.74%,3.1,4.15,4.4,744,120,6.2,16.84%,17.74%,-0.407794,2026-08-27
WMT,103.28,2026-09-18,22,Put,130.00,+26.67%,26.4,26.4,29.4,6730,1086,6.2,22.06%,67.65%,-0.912457,2026-08-27
MU,920.69,2026-08-28,1,Call,935.00,+0.04%,8.5,12.95,13.4,7710,1244,6.2,60.44%,54.84%,0.512877,2026-08-27
RGTI,16.19,2026-10-16,50,Call,18.00,-9.49%,1.31,1.35,1.39,10159,1638,6.2,78.33%,79.17%,0.44212,2026-08-27
MSFT,505.8,2026-09-02,6,Call,500.00,+1.00%,9.05,9.3,9.6,995,161,6.18,25.46%,24.62%,0.636747,2026-08-27
SMR,9.67,2026-10-16,50,Put,7.00,-28.13%,0.14,0.18,0.2,623,101,6.17,82.35%,82.15%,-0.104997,2026-08-27
ASST,22.6,2026-08-28,1,Call,25.00,-8.13%,0.1,0.1,0.14,4910,796,6.17,103.69%,136.68%,0.145548,2026-08-27
META,572.68,2026-08-28,1,Put,560.00,-1.94%,1.18,1.2,1.3,9419,1526,6.17,34.68%,41.79%,-0.180888,2026-08-27
CRWD,227.49,2026-08-28,1,Call,222.50,+2.40%,6.65,6.82,7.2,6661,1081,6.16,53.09%,75.00%,0.738849,2026-08-27
HOOD,108.65,2026-09-04,8,Call,111.00,-1.13%,3.35,3.47,3.6,2589,420,6.16,61.20%,61.78%,0.472731,2026-08-27
CBRS,183.79,2026-08-28,1,Put,182.50,-2.23%,1.55,1.85,2.2,2711,440,6.16,84.09%,93.06%,-0.312062,2026-08-27
PDD,85.25,2026-08-28,1,Call,84.00,+0.81%,0.97,0.99,1.2,775,126,6.15,31.75%,38.58%,0.662814,2026-08-27
MCD,261.7,2026-09-18,22,Call,272.50,-4.78%,0.94,0.98,1.07,1398,228,6.13,19.59%,18.72%,0.162433,2026-08-27
PDD,85.25,2026-09-18,22,Put,115.00,+35.79%,28.55,30.75,32.4,5583,913,6.12,31.75%,71.94%,-0.95579,2026-08-27
TMUS,177.74,2026-09-04,8,Call,170.00,+4.36%,6.9,7.7,8.6,623,102,6.11,26.86%,11.27%,0.996008,2026-08-27
ABNB,185.21,2026-09-04,8,Call,190.00,-3.04%,0.95,1.11,1.11,806,132,6.11,28.46%,27.14%,0.240509,2026-08-27
SLB,55.3,2026-10-16,50,Put,55.00,-0.02%,2.74,2.5,3.15,1403,230,6.1,34.99%,37.11%,-0.466268,2026-08-27
NVDA,228.59,2026-09-02,6,Call,235.00,-3.08%,1.5,1.67,1.68,10125,1660,6.1,33.59%,35.15%,0.261455,2026-08-27
PLTR,184.97,2026-09-04,8,Call,195.00,-4.88%,2,2.03,2.08,12217,2004,6.1,47.06%,47.68%,0.264889,2026-08-27
META,572.68,2026-08-28,1,Call,570.00,+0.19%,5.35,5.6,5.7,10079,1654,6.09,34.68%,41.37%,0.541412,2026-08-27
PDD,85.25,2026-12-18,113,Put,125.00,+47.60%,38.55,40.95,42.45,796,131,6.08,31.75%,47.16%,-0.942531,2026-08-27
BABA,116.6,2026-08-28,1,Call,118.00,-1.45%,0.41,0.45,0.5,2773,457,6.07,40.77%,44.94%,0.273774,2026-08-27
TTWO,240,2026-10-16,50,Call,260.00,-11.59%,4.8,6.34,7.8,1206,199,6.06,42.15%,44.06%,0.287824,2026-08-27
NIO,4.37,2026-09-18,22,Put,4.50,+3.21%,0.25,0.33,0.35,1660,274,6.06,57.66%,52.68%,-0.566822,2026-08-27
PUMP,11.13,2026-12-18,113,Call,17.50,-56.53%,0.2,0.36,0.55,3005,496,6.06,64.35%,71.35%,0.184005,2026-08-27
AMZN,257.44,2026-09-04,8,Call,257.50,-0.48%,3.55,3.75,3.75,4130,681,6.06,28.49%,27.35%,0.468378,2026-08-27
BMNR,25.14,2026-09-04,8,Call,27.00,-5.35%,0.73,0.78,0.79,5149,849,6.06,81.37%,85.49%,0.366095,2026-08-27
NOW,138.09,2026-09-04,8,Put,130.00,-6.09%,1.3,1.3,1.42,662,110,6.02,53.02%,55.04%,-0.205954,2026-08-27
PDD,85.25,2026-09-18,22,Put,130.00,+53.50%,44.2,45.7,47.4,1466,244,6.01,31.75%,109.29%,-0.931048,2026-08-27
PLTR,184.97,2026-09-04,8,Call,187.50,-0.84%,4.5,4.55,4.65,6151,1023,6.01,47.06%,47.68%,0.471075,2026-08-27
MRVL,225.51,2026-08-28,1,Put,230.00,-4.74%,6.9,6.98,7.1,10666,1775,6.01,77.35%,241.24%,-0.326854,2026-08-27
DKNG,24.32,2026-09-04,8,Call,25.00,-3.22%,0.31,0.45,0.44,1356,226,6,45.66%,47.47%,0.342856,2026-08-27
FIG,30.18,2026-09-04,8,Call,32.00,-4.51%,0.69,0.9,0.98,1692,283,5.98,74.01%,76.33%,0.371984,2026-08-27
INTC,90.3,2026-09-25,29,Call,107.00,-16.19%,1.74,1.87,1.98,780,131,5.95,58.82%,61.24%,0.220887,2026-08-27
PANW,384.56,2026-11-20,85,Put,380.00,-0.74%,38,39.64,41.85,1154,194,5.95,62.73%,58.55%,-0.42467,2026-08-27
ECHO,86.08,2026-09-18,22,Put,130.00,+50.34%,41.7,44.5,45.4,11984,2019,5.94,42.57%,77.74%,-0.987764,2026-08-27
NVDA,228.59,2026-08-31,4,Call,225.00,+1.31%,4.1,4.7,5.25,47864,8060,5.94,33.59%,30.58%,0.669256,2026-08-27
META,572.68,2026-08-28,1,Call,602.50,-5.50%,0.12,0.14,0.16,4247,718,5.92,34.68%,51.45%,0.024377,2026-08-27
PDD,85.25,2027-01-15,141,Put,135.00,+59.40%,48.55,50.9,52.45,1178,199,5.92,31.75%,50.35%,-0.942669,2026-08-27
NVDA,228.59,2026-09-02,6,Put,215.00,-5.69%,0.5,0.58,0.88,2747,464,5.92,33.59%,39.80%,-0.118279,2026-08-27
BMNR,25.14,2026-08-28,1,Put,27.00,+5.35%,1.29,1.3,1.62,637,108,5.9,81.37%,90.89%,-0.857777,2026-08-27
NFLX,80.17,2026-12-18,113,Put,116.00,+45.29%,34.05,36,38.15,2360,400,5.9,32.23%,40.55%,-0.977917,2026-08-27
ECHO,86.08,2026-09-18,22,Put,120.00,+38.78%,32.2,34.6,35.4,16747,2838,5.9,42.57%,80.80%,-0.944468,2026-08-27
PDD,85.25,2026-09-18,22,Put,120.00,+41.69%,33.6,35.95,37.4,1235,210,5.88,31.75%,81.21%,-0.956132,2026-08-27
MU,920.69,2026-09-18,22,Put,"1,350.00",+44.32%,411.35,426.61,422.25,1645,280,5.88,60.44%,84.98%,-0.956029,2026-08-27
OKTA,171.16,2026-08-28,1,Call,187.50,-8.44%,0.13,0.25,0.39,634,108,5.87,52.74%,100.98%,0.066249,2026-08-27
NVTS,12.36,2026-09-04,8,Call,13.00,-3.92%,0.4,0.44,0.48,4289,735,5.84,86.97%,86.65%,0.409351,2026-08-27
NVDA,228.59,2026-09-09,13,Call,225.00,+1.31%,6.65,7.3,8,1735,298,5.82,33.59%,32.63%,0.603623,2026-08-27
DDOG,244.9,2026-09-04,8,Call,250.00,-2.91%,4.95,5.25,6.35,593,102,5.81,58.21%,59.51%,0.392578,2026-08-27
MSTR,134.76,2026-08-28,1,Put,128.00,-6.84%,0.19,0.25,0.29,2069,356,5.81,74.55%,96.21%,-0.075735,2026-08-27
MU,920.69,2026-08-28,1,Put,880.00,-5.92%,0.75,0.7,0.78,6239,1073,5.81,60.44%,72.21%,-0.050881,2026-08-27
RBLX,38.2,2026-12-18,113,Put,115.00,+201.44%,74.9,77.65,78.5,1834,316,5.8,56.80%,134.72%,-0.880461,2026-08-27
NFLX,80.17,2027-01-15,141,Put,120.00,+50.30%,38.05,39.15,42.15,2348,405,5.8,32.23%,40.78%,-0.976257,2026-08-27
QS,5.94,2026-09-18,22,Call,6.50,-10.17%,0,0.17,0.21,630,109,5.78,64.78%,52.00%,0.248971,2026-08-27
DJT,9.77,2026-12-18,113,Call,32.00,-227.53%,0.01,0.1,0.33,1070,185,5.78,70.17%,118.96%,0.074457,2026-08-27
RBLX,38.2,2026-09-18,22,Put,100.00,+162.12%,60.7,61.7,63,5025,870,5.78,56.80%,0.00%,-1.,2026-08-27
DOW,30.5,2026-09-04,8,Call,32.00,-5.51%,0.09,0.15,0.18,4423,766,5.77,39.09%,35.92%,0.162265,2026-08-27
NVDA,228.59,2026-08-28,1,Call,227.50,+0.21%,2.04,2.18,2.5,265702,46062,5.77,33.59%,42.28%,0.543901,2026-08-27
INTC,90.3,2026-09-02,6,Call,97.00,-5.33%,0.9,0.99,1.09,646,112,5.77,58.82%,57.40%,0.253904,2026-08-27
NVDA,228.59,2026-09-02,6,Call,242.50,-6.37%,0.41,0.49,0.52,2357,409,5.76,33.59%,35.96%,0.095974,2026-08-27
SNDK,1454.01,2026-08-28,1,Put,"1,430.00",-3.70%,6.3,6.6,6.8,1466,255,5.75,71.65%,82.21%,-0.184073,2026-08-27
TSLA,355.6,2026-09-18,22,Call,347.50,+2.06%,17.65,17.78,18,746,130,5.74,39.65%,39.04%,0.613327,2026-08-27
SNDK,1454.01,2026-09-04,8,Put,"1,350.00",-9.09%,14.5,15,16.1,1769,308,5.74,71.65%,72.32%,-0.17102,2026-08-27
ORCL,152.59,2026-10-02,36,Put,95.00,-37.48%,0.17,0.29,0.45,590,103,5.73,69.45%,78.35%,-0.020631,2026-08-27
META,572.68,2026-08-28,1,Call,597.50,-4.62%,0.21,0.25,0.27,8150,1423,5.73,34.68%,49.10%,0.040749,2026-08-27
META,572.68,2026-08-28,1,Call,590.00,-3.31%,0.54,0.55,0.56,26908,4695,5.73,34.68%,45.51%,0.088332,2026-08-27
MSTR,134.76,2026-09-04,8,Put,125.00,-9.02%,1.54,1.59,1.64,5361,939,5.71,74.55%,75.29%,-0.181223,2026-08-27
GOOGL,341.49,2026-08-28,1,Call,340.00,+0.19%,2.3,2.46,2.52,10117,1774,5.7,27.25%,28.87%,0.555701,2026-08-27
MSTR,134.76,2026-08-28,1,Call,140.00,-1.89%,1.77,1.84,1.89,29443,5176,5.69,74.55%,101.68%,0.373036,2026-08-27
MRVL,225.51,2026-09-25,29,Call,245.00,-1.47%,19.2,20.02,20.45,671,118,5.69,77.35%,77.88%,0.522305,2026-08-27
SPCX,139.92,2026-09-04,8,Put,142.00,+0.80%,4.55,4.6,4.7,791,139,5.69,51.09%,48.97%,-0.526179,2026-08-27
MRNA,138,2026-08-28,1,Put,141.00,-1.24%,1.68,2,2.4,853,150,5.69,73.49%,95.97%,-0.391584,2026-08-27
MRVL,225.51,2026-08-28,1,Call,302.50,-25.28%,0.8,0.8,0.82,939,165,5.69,77.35%,264.25%,0.059392,2026-08-27
CRWD,227.49,2026-09-04,8,Put,225.00,-1.30%,6.6,6.8,6.95,892,157,5.68,53.09%,61.65%,-0.422286,2026-08-27
DKNG,24.32,2026-09-11,15,Call,25.00,-3.22%,0.54,0.62,0.96,1040,183,5.68,45.66%,54.39%,0.413375,2026-08-27
NVDA,228.59,2026-10-16,50,Put,270.00,+18.43%,41.8,43,43.65,612,108,5.67,33.59%,34.43%,-0.908282,2026-08-27
AI,10.31,2026-08-28,1,Put,10.50,+1.65%,0.18,0.27,0.33,1394,246,5.67,80.35%,71.78%,-0.660484,2026-08-27
INTC,90.3,2026-09-18,22,Call,92.00,+0.10%,5.2,5.3,5.55,1542,272,5.67,58.82%,58.29%,0.536235,2026-08-27
WMT,103.28,2026-09-18,22,Call,112.00,-9.13%,0.2,0.2,0.24,1335,236,5.66,22.06%,24.42%,0.080624,2026-08-27
META,572.68,2026-08-28,1,Call,587.50,-2.87%,0.73,0.78,0.8,9057,1599,5.66,34.68%,44.94%,0.117411,2026-08-27
MSTR,134.76,2026-09-04,8,Call,145.00,-5.53%,3.6,3.7,3.9,4802,851,5.64,74.55%,82.27%,0.353949,2026-08-27
APLD,27.19,2026-10-02,36,Put,23.00,-16.18%,0.77,0.89,1.25,5341,948,5.63,89.46%,85.60%,-0.211013,2026-08-27
MRVL,225.51,2026-09-04,8,Put,195.00,-19.24%,1.11,1.14,1.19,1139,203,5.61,77.35%,102.04%,-0.067506,2026-08-27
RILY,7.11,2026-09-04,8,Call,7.00,+1.55%,0.31,0.32,0.33,1649,294,5.61,57.68%,66.63%,0.567584,2026-08-27
INTC,90.3,2026-08-28,1,Put,92.00,-0.10%,1.23,1.29,1.33,5467,981,5.57,58.82%,69.10%,-0.481228,2026-08-27
MRVL,225.51,2026-08-28,1,Put,210.00,-13.03%,1.43,1.45,1.49,12243,2198,5.57,77.35%,221.95%,-0.103797,2026-08-27
AAPL,316,2026-08-28,1,Put,307.50,-2.25%,0.13,0.13,0.14,30262,5429,5.57,24.42%,28.91%,-0.064612,2026-08-27
DVN,47.06,2026-09-18,22,Call,47.00,+0.25%,1.48,1.57,1.62,2258,406,5.56,33.97%,32.08%,0.530637,2026-08-27
GLW,151.1,2027-03-19,204,Call,380.00,-148.69%,1.88,2.17,2.53,610,110,5.55,60.11%,70.11%,0.074458,2026-08-27
BL,33.8,2026-09-18,22,Call,35.00,-3.80%,1.1,1.45,1.95,1309,236,5.55,60.17%,61.69%,0.438062,2026-08-27
Z,35.5,2026-09-18,22,Put,47.50,+34.07%,10.1,12.1,14.1,631,114,5.54,52.62%,63.84%,-0.971622,2026-08-27
TE,5.05,2026-10-02,36,Call,6.00,-20.97%,0.3,0.4,0.4,596,108,5.52,108.27%,110.61%,0.357996,2026-08-27
EIX,74.3,2026-10-16,50,Put,65.00,-11.78%,0.85,1.03,1.15,7906,1431,5.52,38.06%,37.96%,-0.169127,2026-08-27
CSCO,112.4,2026-09-25,29,Call,125.00,-11.46%,0.34,0.47,0.54,1068,194,5.51,29.34%,29.11%,0.103644,2026-08-27
BTDR,11.16,2026-09-18,22,Call,12.00,-5.91%,0.7,0.92,0.95,572,104,5.5,98.04%,98.19%,0.456691,2026-08-27
U,43.32,2026-10-16,50,Call,48.00,-10.37%,1.63,1.9,1.98,588,107,5.5,50.56%,52.62%,0.350768,2026-08-27
SNDK,1454.01,2026-08-28,1,Put,"1,470.00",-1.01%,17.8,18.1,18.7,2246,408,5.5,71.65%,81.28%,-0.396991,2026-08-27
NVDA,228.59,2026-09-02,6,Call,240.00,-5.27%,0.5,0.75,0.95,6188,1125,5.5,33.59%,35.80%,0.138933,2026-08-27
AMZN,257.44,2026-08-28,1,Call,252.50,+1.47%,4,4.29,4.4,4926,898,5.49,28.49%,31.38%,0.819744,2026-08-27
LULU,116.3,2027-01-15,141,Put,220.00,+91.30%,103.75,103.75,106.3,686,125,5.49,57.12%,60.34%,-0.978132,2026-08-27
SNDK,1454.01,2026-08-28,1,Call,"1,560.00",-5.05%,4.2,4.29,4.5,1022,186,5.49,71.65%,83.58%,0.135029,2026-08-27
BAC,61.47,2026-09-04,8,Call,61.00,+0.28%,0.74,0.8,0.81,1957,358,5.47,22.16%,18.68%,0.551052,2026-08-27
LULU,116.3,2027-01-15,141,Put,280.00,+143.48%,163.35,163.85,165.65,578,106,5.45,57.12%,78.67%,-0.979935,2026-08-27
PLAY,9.27,2026-09-18,22,Put,8.00,-12.85%,0.4,0.4,0.45,594,109,5.45,96.67%,106.23%,-0.256536,2026-08-27
ALGT,81,2027-04-16,232,Call,125.00,-55.65%,4.3,4.6,5.2,779,143,5.45,58.97%,61.05%,0.252752,2026-08-27
TMUS,177.74,2026-09-18,22,Call,150.00,+15.61%,26.3,27.2,29.6,835,154,5.42,26.86%,34.60%,0.978493,2026-08-27
CIFR,16.37,2026-09-04,8,Put,19.50,+16.28%,2.6,2.72,3.25,1014,187,5.42,98.75%,98.50%,-0.83172,2026-08-27
NLY,23.15,2026-09-18,22,Call,23.50,-1.91%,0.08,0.2,0.24,1041,192,5.42,16.98%,16.29%,0.287156,2026-08-27
INTC,90.3,2026-08-31,4,Call,97.00,-5.33%,0.4,0.45,0.45,1820,336,5.42,58.82%,50.08%,0.168937,2026-08-27
NCLH,16.82,2026-10-16,50,Put,16.00,-3.90%,0.73,0.75,0.79,5258,970,5.42,41.88%,45.07%,-0.36444,2026-08-27
CRM,247.85,2027-12-17,477,Call,260.00,-3.15%,52.9,54.67,54.85,1503,278,5.41,41.13%,46.72%,0.609001,2026-08-27
META,572.68,2026-08-31,4,Call,585.00,-2.43%,2.44,2.58,2.63,2252,416,5.41,34.68%,30.94%,0.237212,2026-08-27
CRM,247.85,2026-11-20,85,Put,230.00,-8.75%,9.1,9.58,9.9,551,102,5.4,41.13%,41.15%,-0.277292,2026-08-27
AMZN,257.44,2026-08-31,4,Put,265.00,+3.41%,8.65,9.53,9.55,550,102,5.39,28.49%,27.03%,-0.879985,2026-08-27
ESTC,105.05,2026-09-18,22,Put,80.00,-4.47%,4.3,5.9,6.5,789,147,5.37,88.73%,89.83%,-0.372363,2026-08-27
TSLA,355.6,2026-09-04,8,Put,355.00,+0.05%,8.25,8.38,8.4,3250,605,5.37,39.65%,39.87%,-0.487658,2026-08-27
WMT,103.28,2026-09-11,15,Call,102.00,+0.61%,2.08,2.22,2.18,616,115,5.36,22.06%,20.98%,0.575845,2026-08-27
PL,21.08,2026-09-25,29,Put,23.00,+8.70%,3.4,3.6,3.8,612,115,5.32,106.78%,105.77%,-0.549395,2026-08-27
WDAY,193.6,2026-08-28,1,Call,225.00,-16.24%,1,1.25,1.35,660,124,5.32,59.72%,225.04%,0.111667,2026-08-27
SION,5.93,2027-01-15,141,Put,2.50,-58.75%,0,0.1,1.2,713,134,5.32,140.88%,201.27%,-0.089624,2026-08-27
GOOGL,341.49,2026-08-31,4,Call,342.50,-0.54%,2.21,2.13,2.42,1255,236,5.32,27.25%,21.74%,0.416677,2026-08-27
B,47.51,2026-09-18,22,Call,51.00,-7.78%,0.71,0.81,0.83,1345,253,5.32,45.62%,43.72%,0.263435,2026-08-27
BMNR,25.14,2026-09-11,15,Put,24.00,-6.36%,0.82,0.85,0.9,1733,326,5.32,81.37%,77.44%,-0.3068,2026-08-27
NVDA,228.59,2026-08-28,1,Call,237.50,-4.18%,0.13,0.16,0.17,60727,11411,5.32,33.59%,49.61%,0.059483,2026-08-27
INTC,90.3,2026-09-25,29,Call,95.00,-3.16%,4.85,4.95,4.95,4452,839,5.31,58.82%,58.59%,0.46356,2026-08-27
AFRM,86.36,2026-08-28,1,Call,89.00,-14.85%,0.75,0.9,0.94,605,114,5.31,69.52%,253.58%,0.164439,2026-08-27
BULL,9.41,2026-09-04,8,Put,9.00,-5.96%,0.13,0.16,0.16,1751,330,5.31,61.58%,66.21%,-0.247386,2026-08-27
BMNR,25.14,2026-10-16,50,Call,32.00,-24.85%,1.19,1.4,1.44,1996,377,5.29,81.37%,85.56%,0.298927,2026-08-27
CRWD,227.49,2026-09-04,8,Call,230.00,-0.89%,7.3,7.4,7.65,3133,592,5.29,53.09%,61.95%,0.482996,2026-08-27
ECHO,86.08,2026-12-18,113,Put,150.00,+73.47%,61.4,64.9,65.4,16419,3109,5.28,42.57%,77.70%,-0.86867,2026-08-27
AMZN,257.44,2026-09-11,15,Call,277.50,-8.29%,0.55,0.58,0.67,543,103,5.27,28.49%,28.31%,0.091284,2026-08-27
NET,306.65,2026-08-28,1,Call,325.00,-5.44%,0.12,0.3,0.39,625,119,5.25,53.47%,63.77%,0.058506,2026-08-27
COGT,37.15,2026-09-18,22,Call,40.00,-7.85%,0.6,0.75,1.2,920,176,5.23,54.18%,53.18%,0.309726,2026-08-27
PD,12.28,2026-09-18,22,Call,15.00,-18.76%,0.5,0.5,0.55,921,176,5.23,87.56%,103.57%,0.294361,2026-08-27
MRNA,138,2026-08-28,1,Put,135.00,-5.44%,0.5,0.48,0.6,5202,995,5.23,73.49%,101.34%,-0.139337,2026-08-27
NOW,138.09,2026-09-25,29,Call,150.00,-8.36%,4.1,4.2,4.3,1331,255,5.22,53.02%,53.51%,0.330801,2026-08-27
AVGO,375.06,2026-09-04,8,Call,475.00,-27.85%,0.37,0.41,0.42,1536,296,5.19,50.51%,81.47%,0.024357,2026-08-27
META,572.68,2026-09-18,22,Put,730.00,+27.82%,155.1,160.6,162.65,4115,793,5.19,34.68%,63.76%,-0.936315,2026-08-27
SPCX,139.92,2026-08-28,1,Put,180.00,+27.78%,37.9,39.7,40.65,12895,2488,5.18,51.09%,232.03%,-0.975043,2026-08-27
TTD,13.45,2027-01-15,141,Put,60.00,+347.09%,45.3,47.1,47.1,2110,407,5.18,53.24%,169.46%,-0.837044,2026-08-27
MSFT,505.8,2026-08-31,4,Call,507.50,-0.48%,3.25,3.45,3.7,1183,229,5.17,25.46%,21.40%,0.424723,2026-08-27
SONY,24.71,2026-12-18,113,Call,27.50,-14.25%,0.55,0.62,0.7,9840,1904,5.17,26.69%,31.39%,0.265892,2026-08-27
AMZN,257.44,2026-08-31,4,Put,247.50,-3.42%,0.22,0.25,0.29,619,120,5.16,28.49%,24.56%,-0.083779,2026-08-27
SNDK,1454.01,2026-08-28,1,Call,"1,490.00",-0.34%,22.3,22.52,23.1,1862,361,5.16,71.65%,80.74%,0.477327,2026-08-27
AFRM,86.36,2026-08-28,1,Call,100.00,-29.05%,0.04,0.1,0.1,1885,365,5.16,69.52%,232.35%,0.020922,2026-08-27
MRVL,225.51,2026-08-28,1,Call,267.50,-10.79%,4.15,4.32,4.4,1559,303,5.15,77.35%,253.99%,0.240842,2026-08-27
TSLA,355.6,2026-09-04,8,Call,357.50,-0.76%,7.2,7.54,7.4,3757,731,5.14,39.65%,40.19%,0.466588,2026-08-27
WMT,103.28,2026-09-04,8,Call,100.00,+2.56%,2.95,2.97,3.2,682,133,5.13,22.06%,22.03%,0.796697,2026-08-27
GAP,24.68,2026-09-11,15,Put,20.00,-3.80%,1,1.14,1.14,1611,314,5.13,70.10%,86.99%,-0.378434,2026-08-27
PURR,12.59,2026-08-28,1,Call,13.00,-1.33%,0.25,0.35,0.35,15941,3113,5.12,102.21%,140.35%,0.443885,2026-08-27
SLB,55.3,2026-10-16,50,Put,52.50,-4.56%,1.6,1.65,1.73,828,162,5.11,34.99%,35.12%,-0.3298,2026-08-27
META,572.68,2026-08-31,4,Put,560.00,-1.94%,2.64,2.81,3.15,910,178,5.11,34.68%,30.35%,-0.259924,2026-08-27
GOOGL,341.49,2026-08-31,4,Put,325.00,-4.59%,0.08,0.15,0.17,530,104,5.1,27.25%,25.14%,-0.034897,2026-08-27
FTNT,173.5,2026-10-16,50,Put,165.00,-4.50%,6.15,7.22,8.4,984,193,5.1,43.55%,44.32%,-0.349009,2026-08-27
NVDA,228.59,2026-08-31,4,Call,230.00,-0.89%,2,2.04,2.3,75679,14848,5.1,33.59%,31.60%,0.405308,2026-08-27
AMZN,257.44,2026-08-28,1,Call,245.00,+4.39%,11.1,11.25,11.75,7153,1405,5.09,28.49%,52.10%,0.952041,2026-08-27
IREN,38.13,2026-08-28,1,Call,42.00,-3.63%,1.74,1.75,1.75,37356,7344,5.09,95.43%,279.67%,0.432682,2026-08-27
COIN,187.4,2026-09-04,8,Put,187.50,-1.69%,5.55,5.9,6.25,941,185,5.09,65.14%,66.82%,-0.409711,2026-08-27
AFRM,86.36,2026-11-20,85,Put,77.50,+0.01%,8.05,9.45,9.9,706,139,5.08,69.52%,62.48%,-0.432152,2026-08-27
META,572.68,2026-09-02,6,Call,585.00,-2.43%,4.6,4.72,5,864,170,5.08,34.68%,34.46%,0.304957,2026-08-27
ASTS,60.86,2026-09-04,8,Put,63.00,+2.54%,3.3,3.81,4.25,894,176,5.08,72.67%,80.49%,-0.55797,2026-08-27
KSS,18.13,2026-10-16,50,Call,18.00,+0.83%,1.36,1.42,1.61,2429,478,5.08,54.06%,52.64%,0.556412,2026-08-27
AVGO,375.06,2026-08-28,1,Call,382.50,-2.95%,0.95,1.01,1.04,4032,795,5.07,50.51%,57.13%,0.169876,2026-08-27
COIN,187.4,2026-09-04,8,Call,250.00,-31.08%,0.16,0.19,0.22,668,132,5.06,65.14%,87.40%,0.021652,2026-08-27
ARM,253.1,2026-09-04,8,Call,280.00,-9.71%,2.85,3.1,3.1,1924,380,5.06,65.21%,71.20%,0.206307,2026-08-27
LULU,116.3,2026-12-18,113,Put,300.00,+160.87%,183.3,183.8,185.7,8610,1700,5.06,57.12%,90.15%,-0.983235,2026-08-27
ORCL,152.59,2026-08-28,1,Put,150.00,-1.28%,1.03,1.09,1.17,3987,790,5.05,69.45%,60.88%,-0.336869,2026-08-27
ADSK,260.3,2026-08-28,1,Put,250.00,-7.61%,3.7,4.54,5.4,641,127,5.05,57.93%,224.32%,-0.231692,2026-08-27
AMZN,257.44,2026-08-28,1,Call,260.00,-1.46%,0.43,0.46,0.46,44967,8922,5.04,28.49%,31.39%,0.192757,2026-08-27
TTD,13.45,2027-01-15,141,Put,47.50,+253.95%,32.95,34.15,34.85,1596,317,5.03,53.24%,119.75%,-0.942988,2026-08-27
CRWD,227.49,2026-09-11,15,Put,220.00,-3.49%,6.3,6.35,7.65,537,107,5.02,53.09%,58.57%,-0.35595,2026-08-27
AMZN,257.44,2026-08-31,4,Call,260.00,-1.46%,1.02,1.04,1.12,10239,2039,5.02,28.49%,22.96%,0.282898,2026-08-27
FSLY,24.65,2026-09-04,8,Call,26.00,-5.52%,0.5,0.66,0.75,1002,200,5.01,74.97%,78.69%,0.345982,2026-08-27
MSTR,134.76,2026-09-11,15,Call,145.00,-5.53%,5.15,5.45,5.55,1938,387,5.01,74.55%,74.92%,0.39406,2026-08-27
APO,134,2027-01-15,141,Call,155.00,-16.16%,4.3,5.2,5.2,4412,884,4.99,33.96%,34.84%,0.291127,2026-08-27
OKTA,171.16,2026-08-28,1,Call,167.50,+3.13%,5.95,7.05,7.25,663,133,4.98,52.74%,89.39%,0.759607,2026-08-27
AFRM,86.36,2026-08-28,1,Put,69.00,-10.96%,1,1.15,1.14,1280,257,4.98,69.52%,258.47%,-0.177183,2026-08-27
SLB,55.3,2026-09-04,8,Call,55.00,+0.02%,0.89,1.2,1.31,2654,534,4.97,34.99%,33.45%,0.513763,2026-08-27
PSKY,10.88,2026-10-16,50,Put,10.00,-7.41%,0.26,0.47,0.83,2768,557,4.97,53.42%,58.71%,-0.317551,2026-08-27
NOW,138.09,2026-08-28,1,Call,138.00,+0.31%,2.02,2.07,2.18,4913,988,4.97,53.02%,64.79%,0.544445,2026-08-27
NOW,138.09,2026-08-28,1,Call,141.00,-1.86%,0.84,0.88,0.92,1556,314,4.96,53.02%,64.77%,0.300555,2026-08-27
SNDK,1454.01,2026-08-28,1,Call,"1,580.00",-6.40%,2.5,2.65,2.7,845,171,4.94,71.65%,85.48%,0.086565,2026-08-27
MARA,11.7,2026-09-04,8,Put,12.00,+1.10%,0.67,0.7,0.71,3288,665,4.94,87.16%,89.09%,-0.504771,2026-08-27
MSTR,134.76,2026-09-04,8,Call,135.00,+1.75%,7.4,7.6,7.75,7835,1587,4.94,74.55%,77.67%,0.586165,2026-08-27
HIMS,31.34,2026-08-28,1,Call,32.00,-1.07%,0.34,0.34,0.4,11973,2425,4.94,71.79%,78.43%,0.406209,2026-08-27
NVDA,228.59,2026-08-31,4,Call,237.50,-4.18%,0.39,0.46,0.51,7469,1514,4.93,33.59%,32.47%,0.119747,2026-08-27
MSFT,505.8,2026-08-28,1,Call,515.00,-1.97%,0.39,0.4,0.44,9070,1839,4.93,25.46%,29.96%,0.109336,2026-08-27
WMT,103.28,2026-09-04,8,Call,102.00,+0.61%,1.6,1.69,1.71,2722,553,4.92,22.06%,21.21%,0.591012,2026-08-27
TSLA,355.6,2026-08-28,1,Put,340.00,-4.17%,0.13,0.13,0.14,30459,6194,4.92,39.65%,46.50%,-0.038569,2026-08-27
NVDA,228.59,2026-09-04,8,Put,217.50,-4.60%,1.12,1.32,1.4,3598,733,4.91,33.59%,36.65%,-0.182448,2026-08-27
LITE,941.07,2026-08-28,1,Put,920.00,-3.78%,5.3,5.08,5.9,1134,231,4.91,76.11%,93.34%,-0.207543,2026-08-27
CRM,247.85,2026-09-18,22,Put,230.00,-8.75%,2.37,2.45,2.49,2230,454,4.91,41.13%,41.73%,-0.168375,2026-08-27
AMZN,257.44,2026-08-31,4,Put,257.50,+0.48%,2.94,3.07,3.15,927,189,4.9,28.49%,22.61%,-0.571363,2026-08-27
MU,920.69,2026-08-28,1,Put,927.50,-0.84%,8.35,9.07,9.7,1476,301,4.9,60.44%,64.85%,-0.393959,2026-08-27
CRM,247.85,2026-08-28,1,Call,240.00,+4.78%,11.9,13.43,13.05,11152,2277,4.9,41.13%,71.35%,0.908669,2026-08-27
MU,920.69,2026-08-28,1,Call,970.00,-3.70%,2.2,2.33,2.21,11979,2444,4.9,60.44%,63.41%,0.141134,2026-08-27
ASC,16.94,2026-10-16,50,Call,15.00,+15.06%,1.4,2.85,2.95,1065,218,4.89,43.78%,47.04%,0.845694,2026-08-27
SNDK,1454.01,2026-08-28,1,Call,"1,550.00",-4.38%,5.4,5.6,5.7,6148,1266,4.86,71.65%,82.47%,0.166156,2026-08-27
META,572.68,2026-08-28,1,Put,552.50,-3.26%,0.39,0.42,0.45,1655,341,4.85,34.68%,43.69%,-0.071717,2026-08-27
GLXY,24.91,2026-08-28,1,Call,25.50,-0.83%,0.02,0.39,0.6,2114,436,4.85,83.17%,76.45%,0.426924,2026-08-27
COIN,187.4,2026-09-04,8,Call,240.00,-25.84%,0.2,0.32,0.45,862,178,4.84,65.14%,83.28%,0.036256,2026-08-27
INTC,90.3,2026-08-31,4,Call,94.00,-2.07%,1.08,1.1,1.16,1200,248,4.84,58.82%,49.28%,0.357306,2026-08-27
MU,920.69,2026-08-28,1,Put,932.50,-0.31%,10.65,11.5,11.9,1433,296,4.84,60.44%,65.16%,-0.456128,2026-08-27
META,572.68,2026-08-28,1,Put,557.50,-2.38%,0.83,0.87,0.92,2501,517,4.84,34.68%,42.37%,-0.135316,2026-08-27
XOM,156.25,2026-09-04,8,Call,160.00,-2.28%,1,1.13,1.27,2786,576,4.84,27.07%,26.92%,0.29471,2026-08-27
ECHO,86.08,2027-01-15,141,Put,150.00,+73.47%,61.4,64.9,65.3,8458,1748,4.84,42.57%,71.21%,-0.862923,2026-08-27
INTC,90.3,2026-08-28,1,Call,92.00,+0.10%,1.37,1.44,1.44,36232,7491,4.84,58.82%,70.54%,0.518831,2026-08-27
ECHO,86.08,2026-09-18,22,Put,115.00,+32.99%,26.4,29.8,30.4,3930,813,4.83,42.57%,99.07%,-0.85443,2026-08-27
GOOGL,341.49,2026-10-16,50,Call,375.00,-10.08%,4.2,4.35,4.7,60108,12435,4.83,27.25%,29.69%,0.218667,2026-08-27
FRMI,5.46,2026-09-04,8,Put,6.50,+19.27%,0.95,1,1.15,2393,495,4.83,102.97%,0.00%,-1.,2026-08-27
T,25.52,2026-09-18,22,Put,29.00,+14.04%,2.87,3.57,4.4,1662,345,4.82,22.41%,34.91%,-0.930474,2026-08-27
SBSW,12.67,2026-10-16,50,Put,11.00,-10.28%,0.6,0.63,0.65,4139,858,4.82,63.68%,65.93%,-0.290272,2026-08-27
MU,920.69,2026-08-31,4,Put,925.00,-1.11%,11.9,14.45,17.15,500,104,4.81,60.44%,49.99%,-0.40288,2026-08-27
AAPL,316,2026-09-04,8,Call,312.50,+0.66%,5.5,5.6,5.8,3774,787,4.8,24.42%,23.78%,0.589554,2026-08-27
MU,920.69,2026-08-28,1,Put,875.00,-6.46%,0.53,0.55,0.56,4656,971,4.8,60.44%,72.61%,-0.037756,2026-08-27
ASTS,60.86,2026-08-28,1,Call,62.00,-0.91%,0.7,0.73,0.78,6712,1401,4.79,72.67%,77.02%,0.419766,2026-08-27
AVGO,375.06,2026-08-31,4,Call,367.50,+1.09%,7.55,8,8.45,574,120,4.78,50.51%,36.82%,0.62216,2026-08-27
TTD,13.45,2027-01-15,141,Put,42.50,+216.69%,27.75,29.7,29.7,1195,250,4.78,53.24%,145.03%,-0.811054,2026-08-27
TSLA,355.6,2026-08-28,1,Put,362.50,+2.17%,8.4,8.5,8.8,3152,660,4.78,39.65%,47.01%,-0.804379,2026-08-27
AAPL,316,2026-08-31,4,Put,312.50,-0.66%,1.42,1.59,1.65,2731,573,4.77,24.42%,18.90%,-0.359181,2026-08-27
INTC,90.3,2026-08-28,1,Call,91.00,+1.18%,1.92,1.96,2.03,19571,4105,4.77,58.82%,70.95%,0.633634,2026-08-27
MU,920.69,2026-08-31,4,Call,990.00,-5.84%,2.68,2.73,3.1,648,136,4.76,60.44%,46.63%,0.1292,2026-08-27
BMNR,25.14,2026-09-04,8,Call,26.50,-3.39%,0.88,0.94,0.98,1855,390,4.76,81.37%,85.28%,0.422577,2026-08-27
QBTS,17.75,2026-09-04,8,Call,18.00,-0.56%,0.67,0.73,0.82,2164,455,4.76,79.38%,74.31%,0.504625,2026-08-27
AMZN,257.44,2026-09-04,8,Call,252.50,+1.47%,6.35,6.55,6.65,560,118,4.75,28.49%,28.15%,0.653437,2026-08-27
MSTR,134.76,2026-09-04,8,Call,134.00,+2.47%,7.9,8.2,8.35,632,133,4.75,74.55%,77.63%,0.611202,2026-08-27
TTD,13.45,2026-09-18,22,Put,32.50,+142.18%,18,19.7,20.4,1491,314,4.75,53.24%,204.10%,-0.93821,2026-08-27
AAPL,316,2026-08-31,4,Put,307.50,-2.25%,0.44,0.45,0.49,2044,431,4.74,24.42%,20.29%,-0.136196,2026-08-27
ECHO,86.08,2027-01-15,141,Put,160.00,+85.04%,71.8,74.7,75.3,520,110,4.73,42.57%,57.77%,-0.977715,2026-08-27
MNDY,98.39,2026-09-18,22,Put,85.00,-14.57%,0.9,1.45,2,539,114,4.73,60.90%,69.12%,-0.152676,2026-08-27
CRDO,236.64,2026-08-28,1,Call,245.00,-1.98%,1.95,2.21,2.8,1078,228,4.73,91.24%,85.64%,0.339753,2026-08-27
TSLA,355.6,2026-09-09,13,Call,355.00,-0.05%,9.75,10.07,11,737,156,4.72,39.65%,38.36%,0.518608,2026-08-27
WMT,103.28,2026-09-11,15,Call,103.00,-0.36%,1.6,1.63,1.66,1540,326,4.72,22.06%,21.14%,0.485055,2026-08-27
INTC,90.3,2026-09-02,6,Call,92.00,+0.10%,2.63,2.65,2.79,1252,266,4.71,58.82%,56.13%,0.522532,2026-08-27
CLYM,15.07,2026-09-18,22,Put,15.00,-0.40%,3,3.12,4,15628,3319,4.71,222.12%,244.62%,-0.378391,2026-08-27
CAT,819.86,2026-09-04,8,Put,790.00,-3.30%,3.55,5.8,7.3,887,189,4.69,36.13%,32.51%,-0.231411,2026-08-27
NOW,138.09,2027-01-15,141,Put,115.00,-16.93%,7,7.58,7.85,5188,1109,4.68,53.02%,55.12%,-0.226999,2026-08-27
TSLA,355.6,2026-09-02,6,Call,357.50,-0.76%,5.45,5.45,5.6,1443,309,4.67,39.65%,36.74%,0.450605,2026-08-27
CRM,247.85,2026-09-04,8,Call,275.00,-9.11%,0.98,1.05,1.12,1235,265,4.66,41.13%,48.51%,0.121234,2026-08-27
MSTR,134.76,2026-08-28,1,Call,135.00,+1.75%,4.05,4.19,4.2,14495,3120,4.65,74.55%,96.77%,0.646263,2026-08-27
BB,8.69,2026-09-04,8,Call,9.50,-9.83%,0.1,0.12,0.13,702,151,4.65,67.67%,75.49%,0.218936,2026-08-27
DOCU,63.76,2026-08-28,1,Call,66.00,-3.45%,0.05,0.18,0.22,1061,228,4.65,65.54%,58.46%,0.137976,2026-08-27
SNDK,1454.01,2026-08-28,1,Call,"1,590.00",-7.07%,1.9,2.1,2.1,987,213,4.63,71.65%,86.45%,0.068679,2026-08-27
AVGO,375.06,2026-08-28,1,Call,367.50,+1.09%,6.3,6.7,7.1,3254,705,4.62,50.51%,56.60%,0.650465,2026-08-27
META,572.68,2026-08-28,1,Put,555.00,-2.82%,0.58,0.61,0.64,4953,1072,4.62,34.68%,43.01%,-0.099373,2026-08-27
AMZN,257.44,2026-09-18,22,Call,257.50,-0.48%,6.5,6.65,6.75,780,169,4.62,28.49%,27.69%,0.498073,2026-08-27
SNDK,1454.01,2026-08-28,1,Call,"1,520.00",-2.36%,11.5,11.65,12,1445,313,4.62,71.65%,81.26%,0.299796,2026-08-27
PLTR,184.97,2026-09-18,22,Call,215.00,-15.63%,1.19,1.27,1.28,516,112,4.61,47.06%,47.50%,0.121267,2026-08-27
FHTX,6.22,2026-09-18,22,Put,2.50,-59.81%,0.05,0.1,0.3,1111,241,4.61,313.19%,318.36%,-0.059428,2026-08-27
MU,920.69,2026-08-28,1,Call,910.00,+2.71%,25.65,29.52,30,7207,1562,4.61,60.44%,54.64%,0.836455,2026-08-27
CAT,819.86,2026-08-28,1,Call,815.00,+0.24%,4.9,8.25,11.2,621,135,4.6,36.13%,40.91%,0.551271,2026-08-27
OKTA,171.16,2026-09-04,8,Call,170.00,+1.68%,6.85,7.25,8.15,671,146,4.6,52.74%,57.83%,0.598852,2026-08-27
JD,28.49,2026-09-04,8,Call,29.00,-1.79%,0.26,0.27,0.3,1476,321,4.6,29.87%,30.23%,0.33953,2026-08-27
GAP,24.68,2026-08-28,1,Call,22.00,-5.82%,0.85,0.95,0.95,6632,1444,4.59,70.10%,319.20%,0.399307,2026-08-27
GS,1043.35,2026-08-28,1,Call,"1,080.00",-3.76%,0.13,0.17,0.18,5268,1151,4.58,30.47%,34.83%,0.022089,2026-08-27
BAC,61.47,2026-09-25,29,Call,66.00,-7.90%,0.09,0.13,0.15,1763,385,4.58,22.16%,18.75%,0.083004,2026-08-27
MSFT,505.8,2026-09-04,8,Put,467.50,-7.44%,0.32,0.36,0.57,921,202,4.56,25.46%,31.49%,-0.045158,2026-08-27
INTC,90.3,2026-08-28,1,Put,91.00,-1.18%,0.81,0.85,0.89,7447,1634,4.56,58.82%,69.43%,-0.363958,2026-08-27
AMZN,257.44,2026-08-28,1,Put,257.50,+0.48%,2.26,2.29,2.35,16635,3659,4.55,28.49%,30.28%,-0.614878,2026-08-27
MRVL,225.51,2026-10-16,50,Call,430.00,-78.09%,1.1,1.8,1.43,541,119,4.55,77.35%,83.86%,0.045686,2026-08-27
TSLA,355.6,2026-08-31,4,Call,347.50,+2.06%,9.1,9.34,9.4,2067,454,4.55,39.65%,31.36%,0.746248,2026-08-27
WDC,457.71,2026-08-28,1,Call,455.00,+1.52%,11.6,11.6,14.95,568,125,4.54,69.89%,97.51%,0.62801,2026-08-27
MU,920.69,2026-09-04,8,Call,940.00,-0.49%,30.5,30.5,31.8,1131,249,4.54,60.44%,59.73%,0.498971,2026-08-27
SAIL,20.78,2026-09-18,22,Put,17.50,-14.43%,0.5,0.55,0.6,1456,321,4.54,83.24%,87.84%,-0.200679,2026-08-27
CPNG,16.3,2026-09-18,22,Put,23.00,+41.71%,5.45,6.68,8,8588,1905,4.51,43.01%,71.91%,-0.977844,2026-08-27
ARHS,8.81,2027-02-19,176,Put,7.50,-14.87%,0.55,0.7,1.15,501,111,4.51,82.44%,65.61%,-0.269867,2026-08-27
MSTR,134.76,2026-09-11,15,Call,135.00,+1.75%,9.15,9.35,9.7,3141,697,4.51,74.55%,73.28%,0.580417,2026-08-27
CRM,247.85,2027-09-17,386,Call,300.00,-19.02%,32.55,33.06,35.05,714,159,4.49,41.13%,46.04%,0.474162,2026-08-27
SNDK,1454.01,2026-08-28,1,Put,"1,480.00",-0.33%,22.2,22.68,23,2370,529,4.48,71.65%,80.96%,-0.459397,2026-08-27
MSTR,134.76,2026-08-28,1,Call,148.00,-7.71%,0.41,0.44,0.49,652,146,4.47,74.55%,115.01%,0.114524,2026-08-27
PANW,384.56,2026-09-04,8,Put,320.00,-16.42%,1.7,1.79,2,813,182,4.47,62.73%,89.41%,-0.076864,2026-08-27
MSTR,134.76,2026-08-28,1,Call,132.00,+3.93%,6.15,6.51,6.55,5972,1336,4.47,74.55%,101.94%,0.782332,2026-08-27
AA,51.03,2026-09-04,8,Call,53.00,-3.54%,0.55,0.85,0.87,1449,325,4.46,49.73%,46.37%,0.321706,2026-08-27
MSFT,505.8,2026-08-31,4,Put,495.00,-1.99%,1.15,1.19,1.28,1521,341,4.46,25.46%,22.21%,-0.186877,2026-08-27
CRM,247.85,2026-09-04,8,Call,265.00,-5.14%,2.44,2.6,2.76,1037,233,4.45,41.13%,47.67%,0.252778,2026-08-27
BULL,9.41,2027-01-15,141,Put,25.00,+161.23%,14.85,15.75,16,7678,1724,4.45,61.58%,120.19%,-0.834731,2026-08-27
NKE,38.78,2026-09-04,8,Call,38.50,-0.16%,0.51,0.52,0.56,3640,819,4.44,37.26%,24.95%,0.489103,2026-08-27
AMZN,257.44,2026-09-04,8,Call,260.00,-1.46%,2.61,2.7,2.74,9165,2066,4.44,28.49%,27.61%,0.376543,2026-08-27
MU,920.69,2026-09-04,8,Call,965.00,-3.17%,20.45,20.45,23.9,764,172,4.44,60.44%,61.91%,0.387531,2026-08-27
RIOT,20.66,2026-09-04,8,Put,20.50,-1.82%,0.79,0.85,0.95,1362,307,4.44,85.71%,86.47%,-0.415801,2026-08-27
IREN,38.13,2026-09-04,8,Call,41.00,-1.16%,2.74,2.79,2.86,3039,684,4.44,95.43%,125.41%,0.51396,2026-08-27
OKTA,171.16,2026-08-28,1,Call,162.50,+6.02%,10.05,11.18,11.6,643,145,4.43,52.74%,93.60%,0.90217,2026-08-27
XYZ,84.6,2026-09-04,8,Call,87.00,-2.53%,1.05,1.14,1.25,904,204,4.43,38.27%,39.88%,0.351623,2026-08-27
MRVL,225.51,2026-09-04,8,Call,270.00,-11.82%,6.1,6.2,6.3,2399,542,4.43,77.35%,110.71%,0.275823,2026-08-27
CAT,819.86,2026-08-28,1,Put,795.00,-2.69%,0.65,0.86,1.08,1056,239,4.42,36.13%,41.47%,-0.101714,2026-08-27
AAPL,316,2026-09-04,8,Put,312.50,-0.66%,3.1,3.25,3.3,1411,319,4.42,24.42%,22.92%,-0.409092,2026-08-27
WDAY,193.6,2026-08-28,1,Call,215.00,-11.07%,2.1,2.17,2.4,723,164,4.41,59.72%,217.86%,0.194069,2026-08-27
MU,920.69,2026-09-04,8,Call,910.00,+2.71%,45.65,48.35,48,771,175,4.41,60.44%,58.95%,0.643536,2026-08-27
ZS,186.85,2026-08-28,1,Put,185.00,-1.23%,1.24,1.5,1.7,856,194,4.41,76.41%,63.20%,-0.347277,2026-08-27
TJX,135.43,2026-08-28,1,Put,134.00,-0.16%,0.2,0.35,0.5,761,173,4.4,21.07%,16.24%,-0.419436,2026-08-27
AMD,471.7,2026-08-28,1,Call,505.00,-5.94%,0.33,0.35,0.4,6624,1504,4.4,51.50%,67.16%,0.052395,2026-08-27
CRCL,92.6,2026-09-04,8,Put,90.00,-4.50%,2.27,2.33,2.58,3306,753,4.39,79.87%,77.90%,-0.321747,2026-08-27
CPNG,16.3,2026-09-18,22,Put,22.00,+35.55%,4.75,5.87,6.85,11028,2512,4.39,43.01%,71.16%,-0.956741,2026-08-27
MRVL,225.51,2026-08-28,1,Put,242.50,+0.43%,12.9,12.9,13.3,1835,418,4.39,77.35%,249.14%,-0.487025,2026-08-27
CVX,199.71,2026-08-28,1,Call,202.50,-1.37%,0.24,0.31,0.33,2187,498,4.39,25.01%,28.10%,0.179998,2026-08-27
CMRE,15.35,2026-09-18,22,Call,15.00,+2.28%,0.55,0.65,0.95,766,175,4.38,38.72%,37.38%,0.617475,2026-08-27
KMI,31.68,2026-10-16,50,Put,31.00,-1.71%,0.79,0.78,0.82,2157,493,4.38,23.79%,22.89%,-0.40114,2026-08-27
RBLX,38.2,2027-01-15,141,Put,90.00,+135.91%,50.25,51.65,52.65,6974,1593,4.38,56.80%,76.88%,-0.979,2026-08-27
MSFT,505.8,2026-08-28,1,Put,490.00,-2.98%,0.15,0.17,0.2,15632,3581,4.37,25.46%,34.60%,-0.046047,2026-08-27
TTD,13.45,2026-09-18,22,Put,22.50,+67.66%,9,9,9.7,2622,600,4.37,53.24%,160.74%,-0.868456,2026-08-27
DOCN,121,2026-09-18,22,Call,140.00,-15.06%,2.1,2.1,3,3072,703,4.37,70.94%,68.67%,0.231262,2026-08-27
EL,106.21,2026-10-16,50,Put,120.00,+12.98%,14.5,14.8,15.7,2181,500,4.36,31.79%,36.93%,-0.794436,2026-08-27
NVDA,228.59,2026-10-02,36,Call,245.00,-7.47%,3.05,3.8,4.15,3738,859,4.35,33.59%,32.53%,0.266822,2026-08-27
GOOGL,341.49,2026-09-04,8,Call,345.00,-1.28%,3.4,3.45,3.6,5427,1248,4.35,27.25%,26.18%,0.386263,2026-08-27
NVDA,228.59,2026-10-02,36,Call,265.00,-16.24%,0.58,1.02,1.11,1275,293,4.35,33.59%,32.59%,0.082638,2026-08-27
MRVL,225.51,2026-09-04,8,Put,230.00,-4.74%,9.35,9.6,10,1935,445,4.35,77.35%,106.18%,-0.347566,2026-08-27
CRM,247.85,2026-09-18,22,Call,280.00,-11.09%,2.19,2.54,2.55,2437,561,4.34,41.13%,42.66%,0.174831,2026-08-27
AAPL,316,2026-08-31,4,Put,310.00,-1.46%,0.82,0.86,0.9,3432,790,4.34,24.42%,19.51%,-0.228498,2026-08-27
WMT,103.28,2026-09-18,22,Put,125.00,+21.80%,21.75,22.4,23,5735,1321,4.34,22.06%,38.38%,-0.991728,2026-08-27
GAP,24.68,2026-08-28,1,Put,20.00,-3.80%,0.83,0.91,0.95,8937,2060,4.34,70.10%,292.78%,-0.370861,2026-08-27
CRM,247.85,2026-09-04,8,Call,245.00,+2.80%,10.65,11.4,11.4,3340,771,4.33,41.13%,46.53%,0.675574,2026-08-27
NVDA,228.59,2026-09-11,15,Call,265.00,-16.24%,0.13,0.17,0.17,3955,913,4.33,33.59%,36.58%,0.024167,2026-08-27
CTVA,82.4,2026-12-18,113,Put,80.00,-2.91%,3.1,3.1,3.8,514,119,4.32,25.54%,26.89%,-0.374153,2026-08-27
AAPL,316,2026-09-02,6,Put,312.50,-0.66%,2.42,2.53,2.67,1337,310,4.31,24.42%,22.14%,-0.396005,2026-08-27
OKTA,171.16,2026-09-18,22,Call,200.00,-15.67%,1.8,2,2.2,4548,1056,4.31,52.74%,56.40%,0.166985,2026-08-27
AVGO,375.06,2026-09-18,22,Call,362.50,+2.43%,23.9,24.2,25.1,1375,320,4.3,50.51%,53.74%,0.604663,2026-08-27
ADBE,289.03,2026-09-04,8,Put,270.00,-6.62%,1.14,1.35,1.5,1568,365,4.3,54.25%,43.77%,-0.135423,2026-08-27
FRO,44.28,2026-09-18,22,Call,46.00,-5.14%,0.45,1,1.2,3954,922,4.29,48.79%,41.08%,0.308234,2026-08-27
KO,89.43,2026-09-18,22,Put,89.00,-0.07%,1.48,1.56,1.66,621,145,4.28,18.28%,18.71%,-0.479244,2026-08-27
SNDK,1454.01,2026-08-28,1,Put,"1,460.00",-1.68%,14.2,14.1,15,1005,235,4.28,71.65%,81.90%,-0.33769,2026-08-27
PLTR,184.97,2026-09-04,8,Call,215.00,-15.63%,0.16,0.22,0.22,1825,426,4.28,47.06%,52.45%,0.034252,2026-08-27
AAPL,316,2026-09-11,15,Call,307.50,+2.25%,10.6,10.8,11.1,674,158,4.27,24.42%,25.54%,0.68842,2026-08-27
AOS,62.05,2026-10-16,50,Put,60.00,-3.15%,1.25,1.3,1.45,2498,585,4.27,25.99%,24.82%,-0.339463,2026-08-27
SNDK,1454.01,2026-08-28,1,Call,"1,485.00",0.00%,24.7,25.3,25.4,1273,299,4.26,71.65%,80.64%,0.50904,2026-08-27
SNDK,1454.01,2026-08-28,1,Put,"1,485.00",0.00%,24.5,25.21,25.7,1055,249,4.24,71.65%,81.09%,-0.491082,2026-08-27
WBD,28.9,2026-09-18,22,Put,29.00,+0.42%,0,0.62,1,1500,354,4.24,24.55%,16.45%,-0.518121,2026-08-27
TSLA,355.6,2026-08-31,4,Call,345.00,+2.76%,11.05,11.16,11.35,3924,925,4.24,39.65%,31.62%,0.809397,2026-08-27
WMT,103.28,2026-09-18,22,Put,120.00,+16.92%,17,17,17.65,12355,2914,4.24,22.06%,32.33%,-0.98885,2026-08-27
MSTR,134.76,2026-09-04,8,Put,130.00,-5.39%,2.84,2.93,3,3558,842,4.23,74.55%,75.16%,-0.287935,2026-08-27
AAPL,316,2026-09-02,6,Call,315.00,-0.13%,3.35,3.6,3.55,1730,410,4.22,24.42%,22.20%,0.494523,2026-08-27
AMD,471.7,2026-08-28,1,Put,467.50,-1.92%,2.48,2.56,2.76,1749,414,4.22,51.50%,62.51%,-0.270004,2026-08-27
SPCX,139.92,2026-09-04,8,Call,141.00,-0.09%,4.05,4.11,4.15,2663,633,4.21,51.09%,49.40%,0.513892,2026-08-27
GOOGL,341.49,2026-09-04,8,Call,352.50,-3.48%,1.41,1.59,1.61,3626,862,4.21,27.25%,26.66%,0.203842,2026-08-27
PLTR,184.97,2026-08-28,1,Call,192.50,-3.53%,0.31,0.33,0.34,11930,2836,4.21,47.06%,56.09%,0.122043,2026-08-27
NVDA,228.59,2026-08-28,1,Call,225.00,+1.31%,3.5,3.8,4.15,297657,70693,4.21,33.59%,41.72%,0.731543,2026-08-27
MSFT,505.8,2026-08-31,4,Call,500.00,+1.00%,7.25,7.74,7.95,3209,764,4.2,25.46%,21.54%,0.681504,2026-08-27
LQDA,69.94,2026-09-04,8,Call,72.00,-2.95%,2.5,4.2,4.8,504,120,4.2,107.53%,109.49%,0.462885,2026-08-27
META,572.68,2026-08-28,1,Call,567.50,+0.63%,6.85,7.09,7.35,2084,496,4.2,34.68%,42.63%,0.617382,2026-08-27
CRWD,227.49,2026-11-20,85,Put,200.00,-12.27%,9.4,10.2,11,2790,664,4.2,53.09%,53.48%,-0.25324,2026-08-27
MRVL,225.51,2026-09-18,22,Call,285.00,-18.04%,6.2,6.37,6.5,766,183,4.19,77.35%,82.94%,0.241259,2026-08-27
FCX,79.28,2026-08-28,1,Put,78.00,-0.54%,0.42,0.87,0.85,2720,650,4.18,48.53%,50.86%,-0.413868,2026-08-27
MU,920.69,2026-08-28,1,Call,990.00,-5.84%,0.6,0.87,0.85,5403,1293,4.18,60.44%,66.41%,0.053453,2026-08-27
OKTA,171.16,2026-08-28,1,Call,175.00,-1.21%,1.99,1.99,2.58,5123,1229,4.17,52.74%,88.54%,0.407502,2026-08-27
MARA,11.7,2026-08-28,1,Put,12.50,+5.31%,0.66,0.67,0.73,1753,420,4.17,87.16%,107.14%,-0.814185,2026-08-27
MSFT,505.8,2026-08-31,4,Call,502.50,+0.51%,5.05,6.1,6.3,1149,277,4.15,25.46%,19.85%,0.606508,2026-08-27
MU,920.69,2026-08-28,1,Put,900.00,-3.78%,2.31,2.2,2.34,14258,3438,4.15,60.44%,68.21%,-0.135504,2026-08-27
RCAT,9.27,2026-10-02,36,Call,13.00,-40.09%,0.23,0.27,0.32,500,121,4.13,94.10%,102.84%,0.191887,2026-08-27
INTC,90.3,2026-09-02,6,Put,88.00,-4.44%,0.85,0.98,1.06,797,193,4.13,58.82%,54.21%,-0.243537,2026-08-27
BULL,9.41,2026-09-18,22,Put,10.00,+4.49%,0.62,0.77,1.08,2985,722,4.13,61.58%,65.13%,-0.573604,2026-08-27
NVDA,228.59,2026-09-18,22,Call,265.00,-16.24%,0.31,0.38,0.39,44492,10779,4.13,33.59%,34.82%,0.045041,2026-08-27
NVDA,228.59,2026-08-31,4,Call,240.00,-5.27%,0.23,0.28,0.31,19264,4676,4.12,33.59%,33.62%,0.075978,2026-08-27
MU,920.69,2026-08-28,1,Put,"1,050.00",+12.25%,106.8,131.43,119.9,543,132,4.11,60.44%,274.05%,-0.768454,2026-08-27
MRVL,225.51,2026-09-11,15,Call,245.00,-1.47%,15.2,15.15,15.8,657,160,4.11,77.35%,86.86%,0.505315,2026-08-27
MU,920.69,2026-09-02,6,Call,960.00,-2.63%,16.05,17.15,17.25,758,185,4.1,60.44%,55.71%,0.374573,2026-08-27
TEVA,37.42,2027-01-15,141,Put,26.00,-30.89%,0.19,0.24,0.32,502,123,4.08,30.50%,41.82%,-0.05541,2026-08-27
COIN,187.4,2026-09-11,15,Call,220.00,-15.35%,2.25,2.3,2.95,942,231,4.08,65.14%,71.62%,0.183826,2026-08-27
UUUU,15.84,2026-09-25,29,Call,18.00,-14.36%,0.51,0.55,0.6,1029,252,4.08,72.69%,73.55%,0.298176,2026-08-27
ELF,105.96,2026-08-28,1,Call,110.00,-3.61%,0.23,0.29,0.29,1640,402,4.08,51.28%,63.12%,0.146103,2026-08-27
NVDA,228.59,2026-09-04,8,Call,252.50,-10.76%,0.21,0.22,0.25,1760,431,4.08,33.59%,39.32%,0.043298,2026-08-27
PONY,7.6,2028-01-21,512,Call,25.00,-232.45%,0.7,0.83,1.13,1879,461,4.08,67.34%,89.29%,0.289969,2026-08-27
UBER,77.08,2026-09-04,8,Call,79.00,-2.66%,0.67,0.7,0.75,2674,656,4.08,33.22%,32.56%,0.306816,2026-08-27
MU,920.69,2026-08-31,4,Call,955.00,-2.10%,10.2,10.85,11,546,134,4.07,60.44%,47.30%,0.34957,2026-08-27
WDC,457.71,2026-08-28,1,Put,535.00,+15.80%,72,79.96,78,823,202,4.07,69.89%,203.42%,-0.907366,2026-08-27
NKE,38.78,2026-08-28,1,Call,38.00,+1.14%,0.49,0.49,0.55,3317,815,4.07,37.26%,29.90%,0.771182,2026-08-27
MU,920.69,2026-08-28,1,Put,925.00,-1.11%,7.6,8.35,8.6,4677,1148,4.07,60.44%,65.15%,-0.364245,2026-08-27
CRWV,86.14,2026-09-04,8,Put,90.00,+3.69%,5.35,5.37,5.65,3514,866,4.06,73.57%,71.35%,-0.612085,2026-08-27
ORBS,0.825,2027-04-16,232,Call,0.5000,+39.02%,0.4,0.5,0.55,658,162,4.06,170.30%,143.72%,0.847901,2026-08-27
B,47.51,2026-09-04,8,Put,47.00,-0.68%,1.01,1.13,1.52,1221,301,4.06,45.62%,51.32%,-0.447217,2026-08-27
MSFT,505.8,2026-11-20,85,Put,495.00,-1.99%,22.5,24.2,23.8,2180,537,4.06,25.46%,30.49%,-0.402208,2026-08-27
HAL,35.31,2026-09-04,8,Call,35.50,-0.03%,0.45,0.68,0.77,1661,410,4.05,33.93%,29.04%,0.50927,2026-08-27
PLTR,184.97,2026-09-04,8,Call,207.50,-11.60%,0.43,0.45,0.47,953,236,4.04,47.06%,49.90%,0.075217,2026-08-27
TTAN,100.64,2026-09-18,22,Call,100.00,+0.64%,6.8,7.41,8.6,995,246,4.04,67.62%,74.10%,0.554904,2026-08-27
CCJ,106.45,2026-08-28,1,Call,107.00,-0.63%,0.6,0.96,0.96,2549,631,4.04,44.89%,48.43%,0.408285,2026-08-27
OKTA,171.16,2026-09-04,8,Put,170.00,-1.68%,4.05,4.7,4.55,588,146,4.03,52.74%,56.20%,-0.399903,2026-08-27
CPRT,32.86,2026-11-20,85,Call,30.00,+8.42%,4.1,4.2,4.3,2818,699,4.03,36.17%,39.89%,0.725208,2026-08-27
EOSE,3.4,2026-09-11,15,Put,4.00,+16.96%,0.49,0.69,0.68,760,189,4.02,100.26%,48.08%,-0.946097,2026-08-27
ONON,29.38,2028-01-21,512,Call,37.50,-29.53%,4.15,4.25,4.55,1330,332,4.01,38.92%,47.63%,0.469782,2026-08-27
CRM,247.85,2026-10-16,50,Call,280.00,-11.09%,5.9,6.5,6.4,1605,400,4.01,41.13%,41.25%,0.278818,2026-08-27
MU,920.69,2026-10-02,36,Call,"1,000.00",-6.91%,50.1,52.6,54.65,980,245,4,60.44%,65.57%,0.419146,2026-08-27
COIN,187.4,2026-09-04,8,Put,185.00,-3.00%,4.5,4.9,4.85,1614,403,4,65.14%,65.19%,-0.355401,2026-08-27
RXRX,3.45,2026-10-02,36,Call,1.00,+70.93%,0.4,2.46,3.35,1773,443,4,100.91%,216.71%,0.98465,2026-08-27
MRVL,225.51,2026-08-28,1,Call,272.50,-12.86%,3.35,3.42,3.55,1937,484,4,77.35%,256.46%,0.202283,2026-08-27
TTD,13.45,2026-09-18,22,Put,27.50,+104.92%,13.75,14.4,15.35,10959,2737,4,53.24%,229.78%,-0.8398,2026-08-27
AMZN,257.44,2026-08-28,1,Put,252.50,-1.47%,0.38,0.38,0.4,17900,4478,4,28.49%,30.65%,-0.174899,2026-08-27
FRMI,5.46,2026-09-18,22,Call,5.50,-0.92%,0.45,0.56,0.6,507,127,3.99,102.97%,101.79%,0.538695,2026-08-27
SNOW,329.25,2026-10-16,50,Put,350.00,+6.35%,40.5,40.25,42.85,534,134,3.99,69.31%,62.14%,-0.554998,2026-08-27
PLTR,184.97,2026-10-16,50,Put,185.00,-0.50%,12.1,12.2,12.3,589,148,3.98,47.06%,47.83%,-0.444991,2026-08-27
MU,920.69,2026-08-28,1,Put,890.00,-4.85%,1.16,1.2,1.29,5983,1505,3.98,60.44%,68.48%,-0.079518,2026-08-27
NOW,138.09,2026-08-28,1,Call,140.00,-1.13%,1.16,1.22,1.25,12773,3209,3.98,53.02%,64.73%,0.377134,2026-08-27
PFE,28.07,2028-12-15,841,Call,40.00,-42.76%,1.22,1.25,1.37,584,147,3.97,22.27%,28.55%,0.222062,2026-08-27
MRVL,225.51,2026-10-16,50,Call,440.00,-82.23%,1.1,1.2,1.24,758,191,3.97,77.35%,85.31%,0.04209,2026-08-27
AMD,471.7,2028-12-15,841,Call,"1,110.00",-132.87%,70.45,71.34,73.5,1144,288,3.97,51.50%,61.22%,0.366656,2026-08-27
PLTR,184.97,2026-09-18,22,Call,187.50,-0.84%,7.75,7.94,7.95,629,159,3.96,47.06%,46.11%,0.500649,2026-08-27
WMT,103.28,2026-09-11,15,Call,109.00,-6.21%,0.2,0.23,0.3,1424,360,3.96,22.06%,23.26%,0.109231,2026-08-27
MU,920.69,2026-09-04,8,Call,950.00,-1.56%,23.15,26.25,26.95,3659,926,3.95,60.44%,56.62%,0.446815,2026-08-27
NVDA,228.59,2026-09-04,8,Put,215.00,-5.69%,0.85,0.96,1,12622,3196,3.95,33.59%,37.86%,-0.138868,2026-08-27
NEE,83.29,2027-01-15,141,Call,40.00,+52.08%,43,43.5,44.15,100800,25497,3.95,20.57%,61.76%,0.983266,2026-08-27
TSM,427,2026-09-04,8,Put,407.50,-4.63%,1.51,2.07,1.9,517,131,3.95,34.26%,32.69%,-0.154625,2026-08-27
WDAY,193.6,2026-08-28,1,Call,210.00,-8.49%,2.4,3.2,3.7,1633,413,3.95,59.72%,213.02%,0.250111,2026-08-27
LVS,44.6,2028-01-21,512,Call,40.00,+9.58%,9.55,10.13,10.3,2004,507,3.95,30.13%,38.40%,0.66749,2026-08-27
CRWD,227.49,2026-11-20,85,Call,237.50,-4.18%,18.95,19.57,21.25,622,158,3.94,53.09%,53.19%,0.500901,2026-08-27
ONDS,8.66,2026-09-18,22,Put,8.50,-2.86%,0.42,0.46,0.53,961,244,3.94,73.94%,71.05%,-0.396049,2026-08-27
SPCX,139.92,2026-09-25,29,Call,155.00,-10.03%,3.35,3.5,3.45,1581,401,3.94,51.09%,51.60%,0.286131,2026-08-27
GLW,151.1,2026-09-11,15,Put,135.00,-11.65%,1.2,1.41,1.49,1171,299,3.92,60.11%,59.50%,-0.136485,2026-08-27
AVGO,375.06,2026-08-28,1,Put,400.00,+7.66%,27.1,31,30.55,1269,324,3.92,50.51%,86.93%,-0.94539,2026-08-27
MRVL,225.51,2026-08-28,1,Call,290.00,-20.11%,1.43,1.52,1.52,7096,1812,3.92,77.35%,259.56%,0.10027,2026-08-27
PCG,18.4,2026-10-16,50,Call,20.00,-11.42%,0.38,0.39,0.41,247197,63024,3.92,46.47%,40.02%,0.263278,2026-08-27
BP,42,2026-09-25,29,Call,43.00,-1.56%,1.05,1.03,1.59,540,138,3.91,29.28%,34.29%,0.451726,2026-08-27
JNJ,266.33,2026-11-20,85,Call,270.00,-1.59%,11.45,11.7,12.25,883,226,3.91,23.30%,26.10%,0.485477,2026-08-27
TSLA,355.6,2026-09-11,15,Call,352.50,+0.65%,12.3,12.38,12.55,1568,401,3.91,39.65%,38.32%,0.556516,2026-08-27
DELL,466.11,2026-09-11,15,Put,220.00,-53.42%,0.01,0.1,0.19,557,143,3.9,75.44%,140.32%,-0.002318,2026-08-27
NOW,138.09,2026-08-28,1,Call,143.00,-3.30%,0.41,0.42,0.49,517,133,3.89,53.02%,65.70%,0.177625,2026-08-27
META,572.68,2026-08-31,4,Call,605.00,-5.94%,0.45,0.48,0.54,537,138,3.89,34.68%,34.30%,0.057251,2026-08-27
WFC,85.08,2026-09-11,15,Call,88.00,-3.57%,0.37,0.44,0.57,755,194,3.89,24.52%,21.68%,0.223099,2026-08-27
MSFT,505.8,2026-09-04,8,Call,520.00,-2.96%,2.44,2.58,2.79,3671,944,3.89,25.46%,25.95%,0.234744,2026-08-27
CRWD,227.49,2026-08-28,1,Call,220.00,+3.49%,8.35,8.75,9.15,10879,2797,3.89,53.09%,71.64%,0.833806,2026-08-27
SNDK,1454.01,2026-08-28,1,Call,"1,600.00",-7.75%,1.6,1.65,1.65,11116,2857,3.89,71.65%,88.49%,0.056388,2026-08-27
WMT,103.28,2026-08-28,1,Call,103.00,-0.36%,0.32,0.33,0.34,11905,3057,3.89,22.06%,22.83%,0.38623,2026-08-27
MSFT,505.8,2026-08-28,1,Call,497.50,+1.50%,8.1,8.38,8.8,5725,1476,3.88,25.46%,32.22%,0.817928,2026-08-27
EXK,11.5,2027-02-19,176,Call,15.00,-32.74%,0.95,1.38,1.4,2641,681,3.88,73.21%,71.22%,0.386666,2026-08-27
INTC,90.3,2026-09-02,6,Put,89.00,-3.36%,1.22,1.26,1.36,1063,275,3.87,58.82%,55.23%,-0.300218,2026-08-27
INTC,90.3,2026-08-31,4,Put,89.00,-3.36%,0.61,0.67,0.75,1350,349,3.87,58.82%,48.47%,-0.240698,2026-08-27
BCRX,9.98,2026-09-18,22,Call,14.00,-41.84%,0.05,0.15,0.2,1053,273,3.86,116.58%,105.27%,0.11219,2026-08-27
CRWD,227.49,2026-08-28,1,Put,205.00,-10.07%,0.05,0.11,0.1,1905,494,3.86,53.09%,97.49%,-0.017532,2026-08-27
HYMC,26.54,2026-09-18,22,Put,21.00,-19.11%,0.35,0.5,0.65,2061,534,3.86,93.50%,93.20%,-0.146909,2026-08-27
ECHO,86.08,2026-09-18,22,Put,125.00,+44.56%,37,39.8,40.4,981,255,3.85,42.57%,83.61%,-0.960216,2026-08-27
MRVL,225.51,2026-08-28,1,Put,192.50,-20.27%,0.1,0.17,0.19,1476,383,3.85,77.35%,205.07%,-0.015191,2026-08-27
DOW,30.5,2026-09-04,8,Call,31.50,-3.86%,0.12,0.12,0.23,2075,540,3.84,39.09%,32.00%,0.217787,2026-08-27
GAP,24.68,2026-08-28,1,Call,22.50,-8.23%,0.56,0.72,0.83,2179,569,3.83,70.10%,307.01%,0.340301,2026-08-27
RKLB,66.58,2026-09-25,29,Call,74.00,-9.58%,2.35,2.64,3.4,501,131,3.82,67.40%,68.63%,0.358894,2026-08-27
AMD,471.7,2026-08-31,4,Call,482.50,-1.22%,6.35,6.34,6.7,554,145,3.82,51.50%,45.28%,0.411225,2026-08-27
CTSH,63.74,2026-09-18,22,Call,70.00,-9.79%,0.05,0.64,0.9,1580,414,3.82,40.06%,36.67%,0.162904,2026-08-27
BBY,83.91,2026-08-28,1,Put,83.00,-0.67%,0.4,0.5,0.7,1848,484,3.82,36.86%,45.90%,-0.385503,2026-08-27
ASTS,60.86,2026-08-28,1,Call,61.00,+0.72%,1.12,1.16,1.28,1844,484,3.81,72.67%,75.15%,0.581192,2026-08-27
HIMS,31.34,2026-08-28,1,Call,31.50,+0.51%,0.56,0.6,0.65,14700,3862,3.81,71.79%,78.77%,0.558012,2026-08-27
IREN,38.13,2026-08-28,1,Call,41.00,-1.16%,2.12,2.12,2.13,11963,3149,3.8,95.43%,276.41%,0.497335,2026-08-27
ALLY,42.75,2026-10-16,50,Call,45.00,-5.29%,0.8,0.98,1.05,582,153,3.8,26.90%,28.16%,0.332352,2026-08-27
ONON,29.38,2027-01-15,141,Put,52.50,+81.35%,21.95,22.8,24.95,1723,454,3.8,38.92%,56.58%,-0.976754,2026-08-27
SNDK,1454.01,2026-08-28,1,Put,"1,750.00",+17.85%,258.4,269.42,272.4,834,220,3.79,71.65%,137.31%,-0.988247,2026-08-27
CLF,11.89,2026-09-11,15,Put,11.00,-7.02%,0.19,0.24,0.4,1593,420,3.79,59.08%,67.99%,-0.273738,2026-08-27
PLTR,184.97,2026-09-04,8,Put,177.50,-4.53%,2,2.05,2.09,3020,796,3.79,47.06%,48.97%,-0.246363,2026-08-27
SNDK,1454.01,2026-08-28,1,Call,"1,500.00",-1.01%,18,18.4,18.8,7942,2095,3.79,71.65%,80.72%,0.414789,2026-08-27
META,572.68,2026-08-28,1,Call,580.00,-1.56%,1.85,1.86,1.95,24243,6423,3.77,34.68%,42.96%,0.250587,2026-08-27
ASST,22.6,2026-09-04,8,Call,23.00,+0.52%,1.37,1.5,1.73,539,143,3.77,103.69%,108.82%,0.546885,2026-08-27
NMAX,10.55,2026-08-28,1,Call,1.00,+90.46%,9.3,9.54,9.7,554,147,3.77,67.54%,0.00%,0,2026-08-27
JOBY,7.17,2026-09-04,8,Call,7.50,-4.90%,0.11,0.13,0.15,1317,350,3.76,64.38%,61.91%,0.320245,2026-08-27
META,572.68,2026-08-28,1,Put,547.50,-4.13%,0.2,0.23,0.24,1847,491,3.76,34.68%,46.22%,-0.039199,2026-08-27
AAPL,316,2026-08-31,4,Call,320.00,-1.72%,0.75,0.8,0.81,7717,2053,3.76,24.42%,19.79%,0.212744,2026-08-27
ENPH,39.12,2026-09-25,29,Call,39.00,+0.64%,2.38,2.96,4.05,623,166,3.75,65.40%,69.09%,0.557643,2026-08-27
CRWV,86.14,2026-09-18,22,Put,150.00,+72.81%,62.55,62.56,63.9,735,196,3.75,73.57%,101.09%,-0.988718,2026-08-27
PLTR,184.97,2026-09-18,22,Call,205.00,-10.26%,2.42,2.48,2.55,1146,306,3.75,47.06%,46.33%,0.216994,2026-08-27
SPCX,139.92,2027-06-17,294,Call,440.00,-212.34%,1.68,1.95,2.1,2001,533,3.75,51.09%,67.36%,0.063198,2026-08-27
GOOGL,341.49,2026-09-04,8,Put,332.50,-2.39%,2.01,2.1,2.19,639,171,3.74,27.25%,26.47%,-0.256531,2026-08-27
COSM,0.215,2027-04-16,232,Call,0.5000,-131.27%,0.05,0.1,0.15,1051,282,3.73,258.55%,221.79%,0.664291,2026-08-27
NVDA,228.59,2026-09-04,8,Put,212.50,-6.79%,0.6,0.68,0.76,4883,1310,3.73,33.59%,39.14%,-0.105018,2026-08-27
NKE,38.78,2026-09-11,15,Call,39.00,-1.46%,0.52,0.56,0.56,3724,1000,3.72,37.26%,25.31%,0.396884,2026-08-27
MSFT,505.8,2026-08-28,1,Call,500.00,+1.00%,6.2,6.42,6.6,25404,6829,3.72,25.46%,30.78%,0.738271,2026-08-27
NVDA,228.59,2026-08-28,1,Put,235.00,+3.08%,5.55,7.02,8.9,5872,1581,3.71,33.59%,43.24%,-0.908294,2026-08-27
RBRK,100.51,2026-08-28,1,Put,95.00,-11.23%,1.95,2,2.3,1283,346,3.71,84.95%,305.39%,-0.204426,2026-08-27
WMT,103.28,2026-11-20,85,Put,130.00,+26.67%,25.35,26.7,28.55,1578,425,3.71,22.06%,28.78%,-0.981381,2026-08-27
CRWD,227.49,2026-09-04,8,Call,245.00,-7.47%,2.69,2.84,3.25,561,152,3.69,53.09%,64.46%,0.242135,2026-08-27
SNDK,1454.01,2026-08-28,1,Put,"1,775.00",+19.53%,282.4,290.9,296.3,676,183,3.69,71.65%,163.99%,-0.979471,2026-08-27
MRVL,225.51,2026-09-04,8,Call,360.00,-49.10%,0.25,0.27,0.28,690,187,3.69,77.35%,122.69%,0.017698,2026-08-27
NVDA,228.59,2026-09-04,8,Call,257.50,-12.95%,0.11,0.11,0.14,1309,355,3.69,33.59%,40.91%,0.024502,2026-08-27
SNDK,1454.01,2026-08-28,1,Put,"1,800.00",+21.22%,307.6,324,320.8,537,146,3.68,71.65%,269.06%,-0.90251,2026-08-27
RBRK,100.51,2026-08-28,1,Put,100.00,-6.56%,3.4,4.08,4.3,902,245,3.68,84.95%,314.82%,-0.310406,2026-08-27
NFLX,80.17,2027-01-15,141,Put,118.00,+47.80%,36.05,37.5,40.15,963,262,3.68,32.23%,39.41%,-0.97579,2026-08-27
CRWV,86.14,2026-08-28,1,Call,88.00,-1.38%,0.95,0.96,0.98,5036,1370,3.68,73.57%,81.40%,0.382588,2026-08-27
TSLA,355.6,2026-08-31,4,Put,347.50,-2.06%,1.91,1.99,1.97,3636,990,3.67,39.65%,32.49%,-0.261243,2026-08-27
NVDA,228.59,2026-09-02,6,Call,230.00,-0.89%,3,3.18,3.35,13382,3649,3.67,33.59%,34.63%,0.434557,2026-08-27
FIG,30.18,2026-09-04,8,Call,35.00,-14.30%,0.14,0.26,0.26,1369,373,3.67,74.01%,74.47%,0.124994,2026-08-27
PANW,384.56,2026-08-28,1,Call,400.00,-4.48%,0.69,0.64,0.8,1538,419,3.67,62.73%,68.21%,0.113736,2026-08-27
NVDA,228.59,2026-08-28,1,Call,235.00,-3.08%,0.24,0.25,0.29,209455,57195,3.66,33.59%,45.38%,0.103598,2026-08-27
AMZN,257.44,2026-09-04,8,Call,267.50,-4.39%,0.87,0.93,0.94,4744,1300,3.65,28.49%,28.31%,0.162489,2026-08-27
COST,940.05,2026-09-11,15,Put,915.00,-2.10%,5.7,6.21,6.65,518,142,3.65,21.52%,18.97%,-0.274343,2026-08-27
NVDA,228.59,2026-09-11,15,Put,207.50,-8.98%,0.89,0.89,0.98,1220,334,3.65,33.59%,38.80%,-0.105392,2026-08-27
BAC,61.47,2027-03-19,204,Put,45.00,-26.43%,0.45,0.52,0.57,1305,358,3.65,22.16%,31.75%,-0.071748,2026-08-27
MSFT,505.8,2026-08-31,4,Call,505.00,+0.01%,4.45,4.73,4.9,3018,827,3.65,25.46%,21.64%,0.512189,2026-08-27
DLTR,127.97,2026-10-16,50,Call,130.00,-2.36%,3.85,5.47,5.75,703,193,3.64,34.04%,31.18%,0.459927,2026-08-27
SNDK,1454.01,2026-08-28,1,Call,"1,615.00",-8.76%,1.1,1.61,1.65,654,180,3.63,71.65%,93.94%,0.046404,2026-08-27
MRNA,138,2026-09-04,8,Call,145.00,-1.56%,5.5,5.85,6.2,1461,403,3.63,73.49%,80.76%,0.474793,2026-08-27
FTNT,173.5,2026-08-28,1,Call,165.00,+4.50%,6.8,8.68,9.3,680,188,3.62,43.55%,66.55%,0.910367,2026-08-27
COIN,187.4,2026-08-28,1,Put,182.50,-4.31%,0.56,0.6,0.64,2371,655,3.62,65.14%,80.61%,-0.142885,2026-08-27
SO,88.88,2026-12-18,113,Call,100.00,-12.30%,0,0.55,0.6,2542,702,3.62,16.84%,14.95%,0.090105,2026-08-27
MU,920.69,2026-09-04,8,Call,970.00,-3.70%,18.85,19.5,19.85,2842,786,3.62,60.44%,59.76%,0.360301,2026-08-27
AVGO,375.06,2026-08-28,1,Call,375.00,-0.93%,2.7,2.88,2.99,13861,3830,3.62,50.51%,55.77%,0.381985,2026-08-27
NVDA,228.59,2026-09-02,6,Call,232.50,-1.98%,1.98,2.36,2.67,5158,1430,3.61,33.59%,35.34%,0.344855,2026-08-27
NVDA,228.59,2026-09-04,8,Call,230.00,-0.89%,3.8,3.95,4.2,71990,19930,3.61,33.59%,36.05%,0.450022,2026-08-27
TMUS,177.74,2026-09-18,22,Call,160.00,+9.99%,17.1,17.3,19.7,625,173,3.61,26.86%,32.03%,0.916126,2026-08-27
MU,920.69,2026-08-31,4,Call,935.00,+0.04%,18,18,19.45,719,199,3.61,60.44%,46.99%,0.516356,2026-08-27
NVDA,228.59,2026-09-11,15,Call,217.50,+4.60%,11.7,13.27,13.4,1415,392,3.61,33.59%,31.11%,0.787591,2026-08-27
SNDK,1454.01,2026-08-28,1,Call,"1,575.00",-6.06%,2.85,3.02,3.1,1347,374,3.6,71.65%,85.10%,0.097261,2026-08-27
NBIS,214.06,2026-08-28,1,Call,227.50,-4.13%,1.38,1.49,1.55,2422,672,3.6,85.96%,99.70%,0.227423,2026-08-27
ZIM,28,2026-08-28,1,Call,28.50,-2.08%,0.03,0.12,0.1,938,261,3.59,40.12%,43.62%,0.18782,2026-08-27
CRM,247.85,2026-10-16,50,Call,270.00,-7.12%,8.5,8.71,8.95,1281,357,3.59,41.13%,40.98%,0.362613,2026-08-27
SND,5.11,2027-04-16,232,Call,5.00,+0.79%,0.75,0.9,1.15,598,167,3.58,67.88%,55.31%,0.616405,2026-08-27
MRVL,225.51,2026-08-28,1,Call,285.00,-18.04%,1.82,1.9,1.94,3533,987,3.58,77.35%,258.15%,0.123213,2026-08-27
MU,920.69,2026-09-04,8,Call,980.00,-4.77%,15.95,16.23,17,1199,336,3.57,60.44%,60.16%,0.319206,2026-08-27
CHYM,33.37,2028-01-21,512,Call,37.50,-12.41%,7.2,7.9,8.5,2355,659,3.57,47.19%,55.42%,0.593555,2026-08-27
W,103.6,2026-08-28,1,Call,107.00,-1.90%,0.49,0.97,1.19,2779,778,3.57,52.72%,74.26%,0.322382,2026-08-27
TSLA,355.6,2026-09-11,15,Put,342.50,-3.47%,5.5,5.65,5.65,562,158,3.56,39.65%,38.26%,-0.30486,2026-08-27
ASST,22.6,2026-09-11,15,Call,24.00,-3.81%,1.29,1.74,1.7,1999,562,3.56,103.69%,99.30%,0.469095,2026-08-27
MARA,11.7,2026-10-16,50,Put,12.00,+1.10%,1.57,1.6,1.67,2266,636,3.56,87.16%,90.33%,-0.442026,2026-08-27
NVDA,228.59,2026-08-28,1,Call,232.50,-1.98%,0.53,0.54,0.62,211523,59472,3.56,33.59%,43.72%,0.199667,2026-08-27
AVGO,375.06,2026-08-28,1,Put,405.00,+9.01%,33,37.55,35.55,1305,368,3.55,50.51%,116.42%,-0.916996,2026-08-27
MU,920.69,2026-08-28,1,Put,945.00,+1.03%,16.9,18.4,19.8,1553,438,3.55,60.44%,66.40%,-0.608193,2026-08-27
MU,920.69,2026-08-31,4,Call,985.00,-5.30%,2.88,3.9,3.65,521,147,3.54,60.44%,45.42%,0.145709,2026-08-27
TTD,13.45,2027-01-15,141,Put,45.00,+235.32%,30.65,32.1,32.1,528,149,3.54,53.24%,145.22%,-0.832203,2026-08-27
WMT,103.28,2026-09-18,22,Call,103.00,-0.36%,2.09,2.14,2.15,779,220,3.54,22.06%,22.09%,0.495881,2026-08-27
NKE,38.78,2026-10-02,36,Call,39.00,-1.46%,1.72,1.82,1.9,857,243,3.53,37.26%,43.14%,0.481757,2026-08-27
META,572.68,2026-08-28,1,Put,580.00,+1.56%,10.15,9.95,10.95,3860,1093,3.53,34.68%,40.77%,-0.761669,2026-08-27
AS,30.8,2026-10-16,50,Call,32.50,-6.49%,1.25,1.3,1.4,4060,1151,3.53,45.67%,45.53%,0.397942,2026-08-27
KO,89.43,2026-09-04,8,Call,91.00,-2.18%,0.3,0.31,0.32,8979,2547,3.53,18.28%,18.54%,0.223077,2026-08-27
MRVL,225.51,2026-08-28,1,Call,325.00,-34.60%,0.24,0.25,0.25,4728,1344,3.52,77.35%,268.50%,0.020512,2026-08-27
RGTI,16.19,2026-10-16,50,Put,15.00,-8.76%,1.05,1.12,1.2,10049,2852,3.52,78.33%,77.09%,-0.316082,2026-08-27
AMD,471.7,2026-08-28,1,Call,500.00,-4.89%,0.62,0.63,0.65,29141,8287,3.52,51.50%,65.72%,0.085503,2026-08-27
IREN,38.13,2026-09-04,8,Put,40.00,-1.31%,2.6,2.65,2.68,4900,1397,3.51,95.43%,122.61%,-0.433742,2026-08-27
COUR,6.37,2026-11-20,85,Call,7.00,-9.55%,0.6,0.62,0.65,5700,1622,3.51,50.15%,68.35%,0.465977,2026-08-27
SNOW,329.25,2026-09-04,8,Put,235.00,-28.60%,0.26,0.42,0.42,596,170,3.51,69.31%,111.26%,-0.016529,2026-08-27
NMAX,10.55,2026-08-28,1,Call,3.50,+66.60%,6.8,7,7.2,780,222,3.51,67.54%,995.67%,0.990984,2026-08-27
FTAI,200,2028-01-21,512,Call,460.00,-130.67%,10,15.56,20,1234,352,3.51,58.03%,62.27%,0.23845,2026-08-27
META,572.68,2026-08-31,4,Call,587.50,-2.87%,1.99,2.09,2.27,553,158,3.5,34.68%,31.63%,0.203864,2026-08-27
ZVRA,11.85,2027-01-15,141,Put,11.00,-7.17%,0,1.43,2.3,553,158,3.5,60.23%,57.04%,-0.337529,2026-08-27
MCD,261.7,2026-08-28,1,Call,262.50,-0.94%,0.35,0.4,0.45,633,181,3.5,19.59%,23.10%,0.222288,2026-08-27
PAYC,237.04,2026-09-18,22,Put,220.00,-7.19%,2,2.25,2.5,749,214,3.5,38.86%,36.55%,-0.185525,2026-08-27
NVDA,228.59,2026-09-09,13,Call,250.00,-9.66%,0.45,0.63,0.74,7956,2272,3.5,33.59%,34.85%,0.088201,2026-08-27
LULU,116.3,2026-08-28,1,Call,117.00,-1.74%,0.33,0.39,0.42,570,164,3.48,57.12%,45.15%,0.237701,2026-08-27
NVDA,228.59,2026-09-25,29,Put,150.00,-34.20%,0.08,0.11,0.15,655,188,3.48,33.59%,64.34%,-0.007937,2026-08-27
MRVL,225.51,2026-09-04,8,Call,290.00,-20.11%,2.92,3.04,3.15,831,239,3.48,77.35%,112.40%,0.155448,2026-08-27
MRVL,225.51,2026-08-28,1,Call,277.50,-14.93%,2.67,2.72,2.77,1117,321,3.48,77.35%,257.15%,0.167026,2026-08-27
TSLA,355.6,2026-09-04,8,Put,350.00,-1.36%,5.9,6.04,6.05,3620,1041,3.48,39.65%,39.70%,-0.392452,2026-08-27
GLW,151.1,2027-03-19,204,Put,95.00,-37.83%,4.35,4.9,5.35,501,145,3.46,60.11%,66.09%,-0.106865,2026-08-27
SMCI,37.91,2026-09-04,8,Call,39.50,-2.70%,1.19,1.21,1.32,1446,418,3.46,70.80%,74.45%,0.428655,2026-08-27
NEE,83.29,2026-09-04,8,Put,82.00,-1.76%,0.46,0.49,0.59,1797,520,3.46,20.57%,22.77%,-0.291727,2026-08-27
TJX,135.43,2026-12-18,113,Call,150.00,-11.76%,2.15,2.3,2.3,2012,581,3.46,21.07%,23.44%,0.231844,2026-08-27
UNM,92.45,2026-10-16,50,Call,110.00,-18.98%,0.7,0.9,0.95,2552,740,3.45,29.32%,38.89%,0.131193,2026-08-27
AAPL,316,2026-08-28,1,Put,310.00,-1.46%,0.3,0.32,0.33,49679,14413,3.45,24.42%,26.38%,-0.141173,2026-08-27
MU,920.69,2026-08-28,1,Put,940.00,+0.49%,14.2,15.55,15.55,4156,1209,3.44,60.44%,63.74%,-0.551072,2026-08-27
PEGA,35.76,2026-09-18,22,Call,40.00,-11.45%,0.5,0.5,0.7,1526,443,3.44,48.34%,54.03%,0.230749,2026-08-27
BE,215.6,2026-09-04,8,Call,275.00,-26.25%,0.79,0.95,1.14,2294,666,3.44,84.79%,101.42%,0.070529,2026-08-27
RDW,11.16,2026-09-25,29,Call,12.00,-6.48%,0.7,0.8,0.85,563,164,3.43,84.15%,83.47%,0.445543,2026-08-27
SNDK,1454.01,2026-08-28,1,Put,"1,390.00",-6.39%,1.85,1.98,2.05,917,267,3.43,71.65%,85.21%,-0.066052,2026-08-27
NVDA,228.59,2026-08-31,4,Call,242.50,-6.37%,0.14,0.16,0.2,2888,841,3.43,33.59%,35.12%,0.049293,2026-08-27
CRWD,227.49,2026-09-11,15,Call,230.00,-0.89%,9.15,9.2,9.6,581,170,3.42,53.09%,55.16%,0.495836,2026-08-27
BE,215.6,2026-09-18,22,Call,225.00,-3.29%,15.3,15.06,15.6,987,289,3.42,84.79%,86.03%,0.485082,2026-08-27
INTC,90.3,2026-08-31,4,Call,96.00,-4.25%,0.56,0.6,0.64,1138,333,3.42,58.82%,49.86%,0.222375,2026-08-27
EQPT,18.24,2026-10-16,50,Call,20.00,-9.29%,1.4,1.6,1.6,559,164,3.41,77.80%,78.61%,0.44338,2026-08-27
SRPT,21.6,2027-02-19,176,Put,15.00,-30.52%,1.3,1.25,1.5,1004,294,3.41,72.41%,79.45%,-0.167424,2026-08-27
COIN,187.4,2026-09-04,8,Put,190.00,-0.38%,6.95,7.07,7.25,1189,349,3.41,65.14%,66.93%,-0.462489,2026-08-27
INTC,90.3,2026-11-20,85,Call,92.50,-0.45%,11.5,11.6,11.9,3117,915,3.41,58.82%,65.69%,0.565895,2026-08-27
AVGO,375.06,2026-08-31,4,Call,375.00,-0.93%,3.95,4.3,4.5,3544,1038,3.41,50.51%,36.84%,0.415715,2026-08-27
CIFR,16.37,2026-10-16,50,Call,28.00,-66.96%,0.32,0.42,0.43,4642,1360,3.41,98.75%,105.17%,0.133636,2026-08-27
MU,920.69,2026-08-28,1,Call,"1,000.00",-6.91%,0.54,0.56,0.6,34520,10115,3.41,60.44%,72.20%,0.040409,2026-08-27
AMD,471.7,2026-08-28,1,Call,475.00,+0.35%,6.85,7.11,8,6629,1952,3.4,51.50%,65.73%,0.548596,2026-08-27
MSTR,134.76,2026-09-04,8,Put,124.00,-9.75%,1.28,1.46,1.46,707,208,3.4,74.55%,74.93%,-0.161806,2026-08-27
HD,330.23,2026-10-16,50,Put,320.00,-2.62%,7.85,8.4,8.7,1514,445,3.4,24.36%,25.64%,-0.366515,2026-08-27
GAP,24.68,2026-10-16,50,Call,21.00,-1.01%,1.45,1.68,1.8,508,150,3.39,70.10%,56.16%,0.521187,2026-08-27
ASST,22.6,2026-08-28,1,Call,22.50,+2.68%,0.8,1.05,1.12,634,187,3.39,103.69%,125.61%,0.672886,2026-08-27
PURR,12.59,2027-01-15,141,Call,15.00,-16.91%,2.35,2.6,2.7,1313,387,3.39,102.21%,101.48%,0.536318,2026-08-27
AMD,471.7,2026-08-31,4,Put,470.00,-1.40%,5.6,5.88,6,727,215,3.38,51.50%,44.53%,-0.369608,2026-08-27
BA,210.76,2026-09-18,22,Put,250.00,+19.11%,35.85,40.1,44.35,743,220,3.38,28.73%,28.04%,-0.995269,2026-08-27
NVDA,228.59,2026-09-02,6,Put,205.00,-10.08%,0.21,0.24,0.24,2734,809,3.38,33.59%,48.06%,-0.038936,2026-08-27
MRNA,138,2026-08-28,1,Put,139.00,-2.64%,1.03,1.32,1.59,949,282,3.37,73.49%,95.36%,-0.286748,2026-08-27
ORCL,152.59,2026-08-28,1,Put,147.00,-3.25%,0.36,0.39,0.45,1131,336,3.37,69.45%,62.88%,-0.153234,2026-08-27
SPCX,139.92,2027-01-15,141,Call,215.00,-52.62%,4.05,4.1,4.2,4187,1245,3.36,51.09%,58.69%,0.174641,2026-08-27
MRVL,225.51,2026-08-28,1,Put,190.00,-21.31%,0.12,0.13,0.13,8181,2434,3.36,77.35%,210.84%,-0.012966,2026-08-27
SPCX,139.92,2026-08-28,1,Call,142.00,-0.80%,1.03,1.05,1.06,20955,6237,3.36,51.09%,52.12%,0.391409,2026-08-27
MSTR,134.76,2026-09-04,8,Call,132.00,+3.93%,9.05,9.3,9.5,1134,338,3.36,74.55%,77.18%,0.660945,2026-08-27
AAPL,316,2026-08-31,4,Call,312.50,+0.66%,3.65,3.8,3.9,2988,888,3.36,24.42%,19.32%,0.639057,2026-08-27
PATH,18.13,2026-09-25,29,Call,5.00,+72.72%,12,13.3,15.35,962,287,3.35,81.18%,337.64%,0.967409,2026-08-27
ANF,146.55,2026-08-28,1,Put,140.00,-3.95%,0.35,0.45,0.5,2332,697,3.35,51.01%,73.95%,-0.144267,2026-08-27
MSFT,505.8,2026-08-28,1,Put,487.50,-3.48%,0.1,0.13,0.13,3164,945,3.35,25.46%,36.37%,-0.030579,2026-08-27
MSTR,134.76,2026-08-28,1,Call,131.00,+4.66%,6.95,7.2,7.2,3626,1081,3.35,74.55%,98.57%,0.829539,2026-08-27
AMD,471.7,2026-08-28,1,Put,530.00,+11.19%,52,59.4,54.65,658,197,3.34,51.50%,227.46%,-0.796982,2026-08-27
COIN,187.4,2026-08-28,1,Call,207.50,-8.80%,0.26,0.28,0.3,1136,340,3.34,65.14%,103.62%,0.063524,2026-08-27
MSTR,134.76,2026-09-18,22,Call,225.00,-63.76%,0.42,0.47,0.6,1244,372,3.34,74.55%,105.65%,0.038932,2026-08-27
NBIS,214.06,2026-08-28,1,Put,207.50,-5.03%,0.87,0.93,1.01,1311,393,3.34,85.96%,99.57%,-0.15451,2026-08-27
MU,920.69,2026-08-31,4,Call,960.00,-2.63%,7.85,9.25,9.5,1446,433,3.34,60.44%,46.24%,0.307038,2026-08-27
CVE,31.7,2026-10-16,50,Put,35.00,+10.38%,3.8,3.9,4.1,500,150,3.33,38.15%,39.33%,-0.724502,2026-08-27
GS,1043.35,2026-09-04,8,Put,795.00,-23.62%,0.01,0.12,0.51,1197,360,3.33,30.47%,75.32%,-0.006654,2026-08-27
MRVL,225.51,2026-09-04,8,Put,220.00,-8.88%,5.75,5.93,6.2,1886,567,3.33,77.35%,104.77%,-0.247667,2026-08-27
UBER,77.08,2026-09-04,8,Call,78.00,-1.36%,0.97,1.04,1.09,1029,310,3.32,33.22%,32.18%,0.4036,2026-08-27
FCEL,19.19,2026-09-04,8,Put,17.00,-12.01%,0.4,0.49,0.55,1230,370,3.32,112.31%,124.19%,-0.21429,2026-08-27
NOW,138.09,2026-08-28,1,Call,137.00,+1.03%,2.6,2.66,2.77,3014,907,3.32,53.02%,65.23%,0.627098,2026-08-27
ACN,190.1,2026-10-16,50,Put,185.00,-1.27%,13.1,13.4,13.4,3537,1067,3.31,48.68%,52.81%,-0.433033,2026-08-27
NVDA,228.59,2026-08-31,4,Call,222.50,+2.40%,6.25,6.73,6.85,11153,3374,3.31,33.59%,31.72%,0.776293,2026-08-27
HNI,49.37,2026-09-18,22,Call,40.00,+19.94%,8.4,9.7,12,18000,5434,3.31,43.44%,63.25%,0.933581,2026-08-27
WDAY,193.6,2026-08-28,1,Put,197.50,+2.03%,8.9,10,11.2,533,161,3.31,59.72%,194.59%,-0.557913,2026-08-27
GOOGL,341.49,2026-09-04,8,Put,317.50,-6.80%,0.25,0.27,0.5,546,165,3.31,27.25%,30.64%,-0.056015,2026-08-27
SPCX,139.92,2026-09-18,22,Call,143.00,-1.51%,6,6.15,6.15,560,169,3.31,51.09%,50.05%,0.482893,2026-08-27
SPCX,139.92,2026-09-04,8,Put,141.00,+0.09%,4.05,4.1,4.15,1882,568,3.31,51.09%,49.10%,-0.48712,2026-08-27
TSLA,355.6,2026-08-28,1,Put,385.00,+8.51%,30.15,30.1,30.6,636,193,3.3,39.65%,84.60%,-0.966325,2026-08-27
INTC,90.3,2026-09-11,15,Call,91.00,+1.18%,4.55,4.81,4.85,650,197,3.3,58.82%,55.04%,0.5689,2026-08-27
TSLA,355.6,2026-09-02,6,Call,347.50,+2.06%,10.8,10.94,11.1,763,231,3.3,39.65%,36.28%,0.685715,2026-08-27
MRVL,225.51,2026-08-28,1,Call,270.00,-11.82%,3.8,3.85,3.9,8831,2675,3.3,77.35%,255.44%,0.22112,2026-08-27
BMNR,25.14,2026-08-28,1,Call,26.00,-1.44%,0.34,0.36,0.38,13865,4197,3.3,81.37%,97.11%,0.399458,2026-08-27
NVDA,228.59,2026-09-18,22,Call,227.50,+0.21%,6.85,7.82,8.4,5406,1642,3.29,33.59%,32.14%,0.535937,2026-08-27
NVDA,228.59,2026-09-09,13,Call,222.50,+2.40%,8.7,9.35,9.4,1236,376,3.29,33.59%,33.85%,0.666559,2026-08-27
MU,920.69,2026-09-04,8,Call,975.00,-4.23%,14.6,18.1,19.7,583,178,3.28,60.44%,58.55%,0.334973,2026-08-27
CRM,247.85,2026-10-16,50,Call,300.00,-19.02%,2.75,3.12,3.15,883,269,3.28,41.13%,41.98%,0.154483,2026-08-27
ZM,100.8,2026-08-28,1,Call,101.00,-0.73%,0.66,0.91,0.84,1210,369,3.28,41.26%,51.01%,0.399486,2026-08-27
TSLA,355.6,2026-09-04,8,Put,352.50,-0.65%,7,7.15,7.15,1671,509,3.28,39.65%,39.72%,-0.439799,2026-08-27
JPM,355.8,2026-08-28,1,Put,352.50,-0.49%,0.82,0.86,1,2197,670,3.28,22.02%,22.14%,-0.333643,2026-08-27
SNOW,329.25,2027-01-15,141,Call,420.00,-27.62%,19.45,22.35,22.7,2894,883,3.28,69.31%,58.11%,0.325093,2026-08-27
SNOW,329.25,2026-09-04,8,Call,370.00,-12.42%,6.95,7.69,8.1,514,157,3.27,69.31%,107.58%,0.257605,2026-08-27
MSTR,134.76,2028-12-15,841,Put,185.00,+34.64%,89,90.92,92.8,1336,408,3.27,74.55%,81.79%,-0.350333,2026-08-27
SMMT,14.28,2026-09-18,22,Put,13.00,-9.28%,0.25,0.95,1,1840,564,3.26,92.42%,88.58%,-0.285937,2026-08-27
MU,920.69,2026-08-28,1,Put,865.00,-7.53%,0.26,0.3,0.54,2653,814,3.26,60.44%,78.42%,-0.026896,2026-08-27
INTC,90.3,2026-08-28,1,Put,90.00,-2.27%,0.52,0.52,0.56,24927,7640,3.26,58.82%,70.21%,-0.259394,2026-08-27
NVDA,228.59,2026-08-28,1,Call,230.00,-0.89%,1.12,1.15,1.32,684401,210864,3.25,33.59%,43.25%,0.353999,2026-08-27
WFC,85.08,2026-09-25,29,Put,83.00,-2.32%,1.15,1.28,1.48,576,177,3.25,24.52%,23.26%,-0.341818,2026-08-27
WDC,457.71,2026-08-28,1,Put,530.00,+14.72%,67,78.34,73,724,223,3.25,69.89%,193.82%,-0.903699,2026-08-27
AVGO,375.06,2028-01-21,512,Call,670.00,-80.33%,25.45,26.4,28.3,1049,323,3.25,50.51%,49.83%,0.263631,2026-08-27
NVDA,228.59,2026-09-09,13,Put,210.00,-7.89%,0.73,0.84,0.96,1191,367,3.25,33.59%,36.67%,-0.108097,2026-08-27
WDC,457.71,2026-08-28,1,Call,495.00,-7.14%,0.39,0.6,0.89,790,244,3.24,69.89%,87.63%,0.069552,2026-08-27
SPCX,139.92,2026-09-04,8,Put,139.00,-1.33%,3.1,3.1,3.15,1348,416,3.24,51.09%,48.83%,-0.408993,2026-08-27
MSTR,134.76,2026-09-04,8,Call,175.00,-27.37%,0.51,0.55,0.57,3537,1092,3.24,74.55%,101.70%,0.063509,2026-08-27
CRM,247.85,2026-08-28,1,Call,235.00,+6.76%,16.7,17.83,18.35,3744,1159,3.23,41.13%,96.18%,0.921898,2026-08-27
TTWO,240,2027-06-17,294,Call,350.00,-50.21%,11.1,12.14,14.2,982,305,3.22,42.15%,47.98%,0.256201,2026-08-27
BABA,116.6,2026-09-04,8,Call,124.00,-6.61%,0.56,0.7,0.63,1006,312,3.22,40.77%,42.17%,0.16004,2026-08-27
CPNG,16.3,2026-09-18,22,Put,35.00,+115.65%,17.4,18.18,20.7,2990,930,3.22,43.01%,205.58%,-0.899699,2026-08-27
MRNA,138,2026-09-04,8,Call,141.00,+1.24%,7.4,7.42,8.3,577,180,3.21,73.49%,82.04%,0.567497,2026-08-27
MRVL,225.51,2026-09-04,8,Put,245.00,+1.47%,16.9,17.17,17.8,614,191,3.21,77.35%,108.75%,-0.502547,2026-08-27
AIG,76.63,2026-08-28,1,Put,76.00,-0.82%,0,0.56,0.25,770,240,3.21,20.83%,22.28%,-0.236999,2026-08-27
CELH,32.62,2026-09-04,8,Call,33.00,-0.03%,0.89,1.01,1.08,2607,813,3.21,53.50%,50.16%,0.517453,2026-08-27
META,572.68,2026-08-31,4,Call,582.50,-2.00%,3,3.09,3.25,599,187,3.2,34.68%,30.80%,0.278935,2026-08-27
KO,89.43,2026-08-28,1,Call,90.00,-1.06%,0.07,0.11,0.11,3574,1116,3.2,18.28%,21.02%,0.172147,2026-08-27
NVDA,228.59,2026-09-18,22,Call,222.50,+2.40%,9.7,11.06,11.7,3582,1121,3.2,33.59%,33.48%,0.640628,2026-08-27
CLSK,12.78,2026-09-04,8,Call,12.00,+7.34%,1.1,1.37,1.34,5439,1706,3.19,84.11%,85.21%,0.749662,2026-08-27
AAPL,316,2026-08-28,1,Put,305.00,-3.05%,0.08,0.1,0.1,19453,6092,3.19,24.42%,33.94%,-0.039669,2026-08-27
NVDA,228.59,2026-09-25,29,Put,225.00,-1.31%,6.75,7,7.25,1329,416,3.19,33.59%,33.94%,-0.418132,2026-08-27
TSLA,355.6,2026-09-02,6,Call,352.50,+0.65%,7.8,7.95,8.1,1462,458,3.19,39.65%,36.58%,0.569649,2026-08-27
PG,143.69,2026-09-11,15,Put,140.00,-2.19%,0.4,0.7,0.77,563,177,3.18,18.30%,15.10%,-0.227109,2026-08-27
NVDA,228.59,2026-09-04,8,Put,197.50,-13.37%,0.1,0.19,0.41,3593,1135,3.17,33.59%,54.60%,-0.034071,2026-08-27
MSTR,134.76,2026-09-18,22,Call,220.00,-60.12%,0.54,0.56,0.68,3956,1249,3.17,74.55%,105.06%,0.045755,2026-08-27
AAPL,316,2026-08-31,4,Call,325.00,-3.31%,0.21,0.22,0.25,4019,1268,3.17,24.42%,21.16%,0.074409,2026-08-27
QBTS,17.75,2026-09-04,8,Call,18.50,-3.35%,0.34,0.33,0.71,707,223,3.17,79.38%,72.92%,0.403582,2026-08-27
RBRK,100.51,2026-08-28,1,Put,90.00,-15.90%,0.85,0.96,1.2,1287,406,3.17,84.95%,297.93%,-0.117152,2026-08-27
T,25.52,2026-09-18,22,Put,30.00,+17.97%,4.15,4.57,5.5,1976,623,3.17,22.41%,59.23%,-0.855296,2026-08-27
WAL,78.71,2026-09-18,22,Put,75.00,-4.71%,0.85,0.94,1.15,2523,796,3.17,31.44%,32.40%,-0.255362,2026-08-27
RDDT,153.7,2027-06-17,294,Put,75.00,-51.28%,3.05,3.71,4.6,569,180,3.16,56.77%,70.83%,-0.067615,2026-08-27
Z,35.5,2027-01-15,141,Put,80.00,+125.80%,42.6,44.6,46.6,631,200,3.16,52.62%,75.49%,-0.972944,2026-08-27
NBIS,214.06,2026-08-28,1,Put,272.50,+24.73%,52.85,54.86,55.75,682,216,3.16,85.96%,220.23%,-0.968691,2026-08-27
MNKD,4.07,2026-09-25,29,Call,1.00,+75.37%,2.7,3.15,5.2,1953,618,3.16,64.13%,"1,347.91%",0.988376,2026-08-27
MU,920.69,2026-08-28,1,Call,985.00,-5.30%,0.65,1.1,1.1,3068,972,3.16,60.44%,64.24%,0.064594,2026-08-27
TSLA,355.6,2026-09-04,8,Call,375.00,-5.69%,2.27,2.3,2.32,6201,1963,3.16,39.65%,41.47%,0.195458,2026-08-27
TTD,13.45,2027-01-15,141,Put,37.50,+179.43%,22.95,24.8,24.8,725,230,3.15,53.24%,138.47%,-0.792049,2026-08-27
SNDK,1454.01,2026-08-28,1,Put,"1,380.00",-7.07%,1.2,1.4,1.45,778,247,3.15,71.65%,85.11%,-0.047498,2026-08-27
IGC,0.339,2027-02-19,176,Call,0.5000,-49.75%,0.1,0.14,0.15,2046,649,3.15,334.15%,182.99%,0.630111,2026-08-27
MSFT,505.8,2026-09-02,6,Call,510.00,-0.98%,4,4.21,4.35,569,181,3.14,25.46%,24.06%,0.387926,2026-08-27
SOFI,19.3,2026-08-28,1,Put,19.50,+1.67%,0.4,0.44,0.44,3672,1175,3.13,50.53%,55.98%,-0.708108,2026-08-27
LITE,941.07,2026-08-28,1,Call,"1,000.00",-4.59%,4,4.2,4.5,4260,1361,3.13,76.11%,90.26%,0.177802,2026-08-27
SKHY,158.2,2026-09-04,8,Put,152.50,-5.64%,2.3,2.66,2.7,547,175,3.13,67.50%,64.97%,-0.25505,2026-08-27
MSFT,505.8,2026-09-04,8,Call,502.50,+0.51%,9.05,9.22,9.55,585,187,3.13,25.46%,26.15%,0.566282,2026-08-27
AMD,471.7,2026-08-28,1,Put,457.50,-4.02%,0.76,0.77,0.85,1200,384,3.13,51.50%,63.49%,-0.104805,2026-08-27
CRWD,227.49,2026-08-28,1,Call,217.50,+4.59%,10.6,10.85,11.7,2551,814,3.13,53.09%,82.33%,0.867359,2026-08-27
SPCE,2.98,2026-09-11,15,Put,3.00,0.00%,0.15,0.18,0.19,567,182,3.12,75.88%,70.98%,-0.468084,2026-08-27
HOOD,108.65,2026-09-04,8,Call,115.00,-4.77%,2.07,2.08,2.2,5860,1877,3.12,61.20%,63.63%,0.330102,2026-08-27
CRM,247.85,2026-09-18,22,Call,260.00,-3.15%,6.65,7,7.4,6871,2200,3.12,41.13%,41.31%,0.40574,2026-08-27
WDAY,193.6,2026-08-28,1,Put,185.00,-4.43%,3.8,4.2,5.2,517,166,3.11,59.72%,204.51%,-0.316532,2026-08-27
PURR,12.59,2028-01-21,512,Call,15.00,-16.91%,5,5.2,5.5,554,178,3.11,102.21%,97.69%,0.688872,2026-08-27
APLD,27.19,2026-09-04,8,Put,27.50,+0.22%,1.28,1.28,1.4,590,190,3.11,89.46%,81.41%,-0.481113,2026-08-27
BABA,116.6,2026-09-04,8,Call,119.00,-2.31%,1.5,1.58,1.75,601,193,3.11,40.77%,39.79%,0.359832,2026-08-27
AFRM,86.36,2026-08-28,1,Put,77.00,-0.63%,3.65,4.1,4.1,643,207,3.11,69.52%,255.56%,-0.454252,2026-08-27
MPT,4.06,2027-06-17,294,Call,4.50,-11.66%,0.3,0.34,0.35,750,241,3.11,35.28%,38.95%,0.393483,2026-08-27
MP,59.15,2026-09-04,8,Call,70.00,-18.58%,0.21,0.21,0.29,1029,331,3.11,69.66%,79.30%,0.082795,2026-08-27
CIFR,16.37,2026-09-18,22,Call,17.50,-4.35%,1.06,1.29,1.41,1597,513,3.11,98.75%,93.07%,0.475001,2026-08-27
SNDK,1454.01,2026-08-28,1,Put,"1,510.00",+1.69%,39,39.3,40.2,509,164,3.1,71.65%,80.62%,-0.645675,2026-08-27
NVDA,228.59,2026-11-20,85,Put,245.00,+7.47%,22.2,26.78,27.5,874,282,3.1,33.59%,35.09%,-0.625132,2026-08-27
CRWV,86.14,2026-08-28,1,Call,93.00,-7.14%,0.11,0.13,0.13,6074,1958,3.1,73.57%,87.59%,0.069461,2026-08-27
MU,920.69,2026-08-28,1,Put,955.00,+2.10%,21.9,24.76,28.85,686,222,3.09,60.44%,67.94%,-0.71361,2026-08-27
AGI,38.1,2028-01-21,512,Call,50.00,-32.00%,6.2,6.7,6.9,1901,615,3.09,52.54%,54.31%,0.484875,2026-08-27
TSLA,355.6,2026-09-02,6,Put,335.00,-5.58%,0.87,0.98,0.99,983,319,3.08,39.65%,37.65%,-0.110142,2026-08-27
MRVL,225.51,2026-12-18,113,Call,195.00,+19.24%,62.7,66.5,65.5,524,171,3.06,77.35%,72.23%,0.776603,2026-08-27
S,22.2,2026-08-28,1,Put,18.00,-20.74%,0.15,0.24,0.25,665,217,3.06,79.17%,360.67%,-0.092389,2026-08-27
META,572.68,2026-09-04,8,Call,605.00,-5.94%,2.43,2.31,2.68,1452,475,3.06,34.68%,37.35%,0.158049,2026-08-27
NVDA,228.59,2026-08-28,1,Put,237.50,+4.18%,7.15,9.51,12.4,564,185,3.05,33.59%,56.90%,-0.913068,2026-08-27
MRVL,225.51,2026-08-28,1,Call,222.50,+7.85%,22.85,23.31,23.8,568,186,3.05,77.35%,236.03%,0.765537,2026-08-27
AVGO,375.06,2026-08-28,1,Put,352.50,-5.12%,0.21,0.3,0.31,2007,657,3.05,50.51%,62.08%,-0.050761,2026-08-27
NKE,38.78,2026-09-25,29,Call,38.00,+1.14%,1.43,1.5,1.53,516,170,3.04,37.26%,29.32%,0.568659,2026-08-27
FTNT,173.5,2026-09-18,22,Call,195.00,-12.86%,0.63,1.35,1.5,618,203,3.04,43.55%,40.86%,0.128366,2026-08-27
PATH,18.13,2026-09-04,8,Call,19.00,-3.66%,1,1.05,1.1,1032,339,3.04,81.18%,122.91%,0.459384,2026-08-27
MRVL,225.51,2026-08-28,1,Call,252.50,-4.58%,8.15,8.25,8.35,1176,387,3.04,77.35%,252.85%,0.393091,2026-08-27
PFE,28.07,2026-09-04,8,Put,28.00,-0.07%,0.2,0.35,0.36,2421,797,3.04,22.27%,17.12%,-0.491094,2026-08-27
MRVL,225.51,2026-08-28,1,Put,205.00,-15.10%,0.85,0.86,0.88,3564,1171,3.04,77.35%,218.26%,-0.068052,2026-08-27
NKE,38.78,2026-08-28,1,Call,38.50,-0.16%,0.21,0.22,0.26,7485,2465,3.04,37.26%,32.89%,0.466984,2026-08-27
TSLA,355.6,2026-09-04,8,Call,352.50,+0.65%,9.6,9.6,9.9,3221,1064,3.03,39.65%,40.20%,0.560762,2026-08-27
RGTI,16.19,2026-08-28,1,Call,17.00,-3.41%,0.1,0.11,0.11,4657,1538,3.03,78.33%,87.85%,0.240902,2026-08-27
TTD,13.45,2026-09-04,8,Call,14.50,-8.05%,0.09,0.1,0.1,4892,1615,3.03,53.24%,52.94%,0.17404,2026-08-27
PONY,7.6,2027-02-19,176,Call,12.50,-66.22%,0.46,0.48,0.67,558,184,3.03,67.34%,81.34%,0.279424,2026-08-27
NKE,38.78,2028-06-16,659,Put,30.00,-21.96%,3.35,3.83,3.9,652,215,3.03,37.26%,40.42%,-0.221638,2026-08-27
GAP,24.68,2027-03-19,204,Put,14.00,-32.66%,0.27,0.52,1.08,604,200,3.02,70.10%,57.42%,-0.124437,2026-08-27
GOOGL,341.49,2026-08-31,4,Call,350.00,-2.74%,0.48,0.52,0.53,1893,626,3.02,27.25%,22.28%,0.128486,2026-08-27
PLTR,184.97,2026-09-18,22,Put,177.50,-4.53%,4.55,4.75,4.75,729,242,3.01,47.06%,46.78%,-0.31648,2026-08-27
MRVL,225.51,2026-09-11,15,Call,300.00,-24.25%,3,3.13,3.2,899,299,3.01,77.35%,92.30%,0.144758,2026-08-27
UPS,105.64,2026-08-28,1,Put,105.00,-0.64%,0.2,0.26,0.36,950,316,3.01,23.96%,25.12%,-0.311109,2026-08-27
MU,920.69,2026-08-28,1,Put,960.00,+2.63%,26.35,27.5,33.7,1126,374,3.01,60.44%,73.77%,-0.74273,2026-08-27
MRVL,225.51,2026-08-28,1,Call,300.00,-24.25%,0.9,0.91,0.91,26299,8747,3.01,77.35%,262.77%,0.065628,2026-08-27
MRVL,225.51,2026-08-28,1,Put,195.00,-19.24%,0.18,0.23,0.26,3244,1081,3,77.35%,207.82%,-0.02173,2026-08-27
COIN,187.4,2026-08-28,1,Put,185.00,-3.00%,1.01,1.05,1.1,3856,1286,3,65.14%,79.54%,-0.225294,2026-08-27
NFLX,80.17,2026-09-04,8,Call,81.00,-1.45%,0.94,0.95,0.97,5361,1789,3,32.23%,30.27%,0.389047,2026-08-27
FTNT,173.5,2026-09-25,29,Put,155.00,-10.29%,2.03,2.09,2.44,936,312,3,43.55%,45.53%,-0.176069,2026-08-27
TSLA,355.6,2026-09-18,22,Put,500.00,+40.92%,143.8,145.15,146.75,1092,364,3,39.65%,67.17%,-0.986381,2026-08-27
ORCL,152.59,2026-09-04,8,Call,148.00,+2.59%,6.85,7.03,7.25,723,242,2.99,69.45%,53.98%,0.646039,2026-08-27
AMZN,257.44,2026-09-04,8,Put,237.50,-7.32%,0.22,0.22,0.27,832,278,2.99,28.49%,31.64%,-0.048252,2026-08-27
NVDA,228.59,2026-09-18,22,Call,217.50,+4.60%,13.75,14.2,14.4,1109,371,2.99,33.59%,33.90%,0.73552,2026-08-27
HOOD,108.65,2026-09-04,8,Call,118.00,-7.51%,1.28,1.59,1.51,1296,433,2.99,61.20%,63.92%,0.239043,2026-08-27
NKE,38.78,2026-09-18,22,Put,38.00,-1.14%,1.05,1.1,1.15,2435,814,2.99,37.26%,34.88%,-0.430091,2026-08-27
MSTR,134.76,2026-08-28,1,Call,145.00,-5.53%,0.7,0.78,0.78,9300,3106,2.99,74.55%,108.56%,0.179462,2026-08-27
TSLA,355.6,2026-09-02,6,Put,347.50,-2.06%,3.5,3.5,3.6,748,251,2.98,39.65%,36.96%,-0.317782,2026-08-27
SNDK,1454.01,2026-08-28,1,Call,"1,525.00",-2.70%,10,10.24,10.6,1027,345,2.98,71.65%,80.91%,0.272607,2026-08-27
MRVL,225.51,2026-08-28,1,Put,250.00,+3.54%,17.25,17.5,17.9,1618,545,2.97,77.35%,250.92%,-0.578777,2026-08-27
ONDS,8.66,2026-09-04,8,Call,9.50,-8.57%,0.14,0.15,0.15,7676,2591,2.96,73.94%,77.07%,0.255644,2026-08-27
BURL,292.99,2026-08-28,1,Put,290.00,0.00%,1.9,2.9,4,711,240,2.96,32.72%,48.93%,-0.493627,2026-08-27
HPQ,29.67,2026-09-11,15,Call,30.50,-2.94%,0.45,0.5,0.71,1159,391,2.96,45.41%,39.28%,0.372019,2026-08-27
BETR,14.87,2026-09-18,22,Call,15.00,-2.81%,1.4,1.4,1.5,1337,452,2.96,113.45%,113.10%,0.518697,2026-08-27
BULL,9.41,2026-08-28,1,Put,9.50,-0.73%,0.12,0.14,0.15,2333,787,2.96,61.58%,84.42%,-0.424589,2026-08-27
SRPT,21.6,2026-09-18,22,Call,25.00,-15.79%,0.45,0.55,0.6,679,230,2.95,72.41%,74.91%,0.243958,2026-08-27
GOOG,338.34,2026-08-28,1,Put,355.00,+5.12%,16.55,17.21,19.15,768,260,2.95,27.15%,72.64%,-0.902273,2026-08-27
KLAR,14.74,2026-10-16,50,Put,22.50,+60.60%,8,8,8.8,1464,496,2.95,48.91%,68.27%,-0.975674,2026-08-27
AMZN,257.44,2026-08-28,1,Call,250.00,+2.44%,6.25,6.4,6.9,4074,1383,2.95,28.49%,39.39%,0.887782,2026-08-27
MSTR,134.76,2026-09-18,22,Call,180.00,-31.00%,1.76,1.85,1.9,6431,2183,2.95,74.55%,89.16%,0.132559,2026-08-27
PLTR,184.97,2026-08-28,1,Call,190.00,-2.19%,0.7,0.72,0.72,53400,18132,2.95,47.06%,54.96%,0.231173,2026-08-27
ANF,146.55,2026-09-04,8,Put,140.00,-3.95%,1.6,2.48,2.85,509,174,2.93,51.01%,54.10%,-0.291116,2026-08-27
ONON,29.38,2026-10-16,50,Put,40.00,+38.17%,10.3,10.3,12.5,594,203,2.93,38.92%,71.09%,-0.867371,2026-08-27
INTC,90.3,2026-09-02,6,Call,93.00,-0.99%,2.18,2.25,2.33,752,257,2.93,58.82%,56.32%,0.462881,2026-08-27
AAPL,316,2026-08-28,1,Call,320.00,-1.72%,0.25,0.26,0.27,56316,19206,2.93,24.42%,27.30%,0.11856,2026-08-27
INTC,90.3,2026-08-28,1,Call,92.50,-0.45%,1.12,1.2,1.22,7633,2614,2.92,58.82%,70.66%,0.460425,2026-08-27
RR,1.97,2026-09-18,22,Call,2.0000,-2.56%,0.21,0.21,0.22,14821,5082,2.92,116.57%,123.20%,0.529786,2026-08-27
OKTA,171.16,2026-09-18,22,Call,175.00,-1.21%,7.65,8,8.75,1293,443,2.92,52.74%,53.09%,0.495912,2026-08-27
BMNR,25.14,2026-09-04,8,Call,28.00,-9.25%,0.4,0.53,0.6,2555,874,2.92,81.37%,86.32%,0.266872,2026-08-27
CORZ,17.52,2026-09-11,15,Call,19.00,-7.83%,0.26,0.65,0.67,503,173,2.91,68.38%,67.58%,0.318787,2026-08-27
U,43.32,2026-09-04,8,Call,47.00,-8.07%,0.16,0.45,0.42,584,201,2.91,50.56%,51.94%,0.168371,2026-08-27
AMZN,257.44,2026-09-11,15,Call,255.00,+0.49%,6.25,6.5,6.6,629,216,2.91,28.49%,26.95%,0.557589,2026-08-27
S,22.2,2026-08-28,1,Call,22.50,+0.92%,1.55,1.6,1.9,658,226,2.91,79.17%,342.99%,0.556488,2026-08-27
CNR,101.66,2026-09-18,22,Call,105.00,-3.29%,2.2,2.3,2.75,930,320,2.91,39.31%,38.01%,0.390077,2026-08-27
INTC,90.3,2026-08-31,4,Call,92.00,+0.10%,1.86,1.9,1.99,1924,661,2.91,58.82%,48.50%,0.520431,2026-08-27
CRWD,227.49,2026-08-28,1,Call,240.00,-5.28%,0.5,0.55,0.57,2696,926,2.91,53.09%,80.65%,0.115871,2026-08-27
MSTR,134.76,2026-08-28,1,Call,133.00,+3.20%,5.4,5.5,5.6,6791,2332,2.91,74.55%,97.36%,0.747361,2026-08-27
AFRM,86.36,2026-08-28,1,Call,85.00,-9.69%,1.45,1.6,1.7,4602,1588,2.9,69.52%,255.68%,0.266434,2026-08-27
MU,920.69,2026-10-16,50,Call,"1,450.00",-55.02%,6,6.63,6.7,642,222,2.89,60.44%,71.17%,0.065071,2026-08-27
AMTX,1.84,2028-01-21,512,Call,2.5000,-33.69%,0.75,0.81,0.85,5105,1768,2.89,124.87%,110.64%,0.683331,2026-08-27
BULL,9.41,2027-01-15,141,Put,30.00,+213.48%,19.75,20.75,22,7831,2707,2.89,61.58%,144.33%,-0.81018,2026-08-27
SPCX,139.92,2026-08-28,1,Call,139.00,+1.33%,2.64,2.64,2.7,10854,3760,2.89,51.09%,53.03%,0.691111,2026-08-27
TOST,34.99,2028-01-21,512,Call,40.00,-13.73%,7.1,7.4,7.5,5153,1791,2.88,40.33%,50.33%,0.570515,2026-08-27
KTOS,53.98,2026-09-04,8,Call,53.00,+1.29%,1.8,2.3,2.75,622,216,2.88,62.54%,59.92%,0.578932,2026-08-27
PANW,384.56,2026-08-28,1,Call,380.00,+0.74%,6,6.7,7.5,790,274,2.88,62.73%,65.03%,0.594643,2026-08-27
MU,920.69,2026-09-04,8,Put,870.00,-6.99%,9.25,9,9.3,1435,499,2.88,60.44%,60.13%,-0.193108,2026-08-27
ASST,22.6,2026-10-16,50,Call,31.00,-34.08%,1.15,1.34,1.59,835,291,2.87,103.69%,105.13%,0.292457,2026-08-27
AMZN,257.44,2026-08-31,4,Put,255.00,-0.49%,1.74,1.82,1.91,1766,616,2.87,28.49%,22.87%,-0.408413,2026-08-27
TSLA,355.6,2026-08-31,4,Put,342.50,-3.47%,0.93,0.97,0.97,2497,870,2.87,39.65%,33.09%,-0.147527,2026-08-27
APO,134,2027-01-15,141,Put,130.00,-2.58%,9.2,9,10.6,4413,1538,2.87,33.96%,37.00%,-0.397093,2026-08-27
TSLA,355.6,2026-08-28,1,Call,365.00,-2.87%,0.52,0.53,0.54,49458,17249,2.87,39.65%,46.40%,0.125121,2026-08-27
F,14.05,2026-09-11,15,Put,15.00,+7.53%,1,1.04,1.13,679,237,2.86,32.23%,21.79%,-0.946384,2026-08-27
META,572.68,2026-09-02,6,Call,600.00,-5.06%,1.82,1.9,2,1261,442,2.85,34.68%,35.39%,0.146058,2026-08-27
NBIS,214.06,2026-09-04,8,Call,225.00,-2.98%,7.8,8.14,8.5,1318,462,2.85,85.96%,84.33%,0.433776,2026-08-27
BULL,9.41,2026-09-04,8,Call,10.00,-4.49%,0.19,0.19,0.21,6222,2180,2.85,61.58%,64.73%,0.34366,2026-08-27
PLTR,184.97,2026-08-28,1,Call,187.50,-0.84%,1.42,1.43,1.46,40169,14116,2.85,47.06%,54.54%,0.390955,2026-08-27
IBRX,8.38,2026-10-16,50,Call,12.00,-42.86%,0.1,0.2,0.2,4292,1513,2.84,71.10%,77.24%,0.138512,2026-08-27
XYZ,84.6,2026-08-28,1,Call,89.00,-4.89%,0.01,0.1,0.12,539,190,2.84,38.27%,57.84%,0.0595,2026-08-27
AMZN,257.44,2026-08-28,1,Put,275.00,+7.31%,18.3,19.1,19,1848,650,2.84,28.49%,90.59%,-0.9287,2026-08-27
NU,14.83,2026-09-18,22,Put,14.50,-2.55%,0.31,0.32,0.34,2335,823,2.84,37.23%,35.00%,-0.357521,2026-08-27
MU,920.69,2026-08-28,1,Call,"1,005.00",-7.44%,0.43,0.43,0.52,2779,979,2.84,60.44%,74.09%,0.033699,2026-08-27
CVX,199.71,2026-09-04,8,Call,202.50,-1.37%,1.71,1.86,1.9,762,269,2.83,25.01%,25.02%,0.363955,2026-08-27
TMO,628.32,2026-08-28,1,Call,640.00,-1.47%,0.25,1.31,2.15,1357,480,2.83,26.96%,32.74%,0.200368,2026-08-27
TSLA,355.6,2026-09-02,6,Put,345.00,-2.76%,2.75,2.77,2.82,1699,601,2.83,39.65%,36.99%,-0.265642,2026-08-27
APLD,27.19,2026-09-04,8,Call,32.00,-16.62%,0.19,0.24,0.24,2137,756,2.83,89.46%,86.49%,0.129147,2026-08-27
MSTR,134.76,2026-09-11,15,Call,140.00,-1.89%,7,6.95,7.4,2454,867,2.83,74.55%,74.49%,0.484535,2026-08-27
NFLX,80.17,2026-08-28,1,Put,79.00,-1.05%,0.23,0.23,0.24,8368,2954,2.83,32.23%,33.74%,-0.270009,2026-08-27
TSLA,355.6,2026-08-31,4,Call,365.00,-2.87%,1.46,1.48,1.52,4299,1527,2.82,39.65%,33.16%,0.215646,2026-08-27
CLYM,15.07,2026-09-18,22,Call,20.00,-32.80%,0.35,1.6,1.7,5040,1787,2.82,222.12%,166.88%,0.31478,2026-08-27
SPCX,139.92,2026-08-28,1,Put,141.00,+0.09%,1.54,1.53,1.58,5312,1887,2.82,51.09%,50.99%,-0.50726,2026-08-27
META,572.68,2026-08-28,1,Put,565.00,-1.07%,2.34,2.42,2.49,7016,2485,2.82,34.68%,41.19%,-0.304121,2026-08-27
ASST,22.6,2026-08-28,1,Call,24.00,-3.81%,0.18,0.27,0.4,1273,451,2.82,103.69%,129.04%,0.302262,2026-08-27
BA,210.76,2026-08-28,1,Call,210.00,-0.05%,1.17,1.25,1.3,2573,912,2.82,28.73%,29.42%,0.489332,2026-08-27
PLTR,184.97,2026-09-25,29,Put,120.00,-35.46%,0.15,0.18,0.2,834,297,2.81,47.06%,72.91%,-0.012338,2026-08-27
NVDA,228.59,2026-09-02,6,Call,245.00,-7.47%,0.26,0.31,0.35,2459,875,2.81,33.59%,36.52%,0.066372,2026-08-27
TSLA,355.6,2026-09-04,8,Call,387.50,-9.21%,0.94,0.91,0.98,529,189,2.8,39.65%,43.46%,0.092552,2026-08-27
RIOT,20.66,2026-10-16,50,Call,40.00,-91.57%,0.15,0.18,0.21,621,222,2.8,85.71%,100.69%,0.061257,2026-08-27
NMAX,10.55,2026-08-28,1,Call,3.00,+71.37%,7.3,7.4,7.7,781,279,2.8,67.54%,"1,128.30%",0.992096,2026-08-27
WVE,5.17,2027-01-15,141,Call,8.00,-55.04%,0.4,0.55,1,1327,474,2.8,73.10%,110.81%,0.393261,2026-08-27
CRM,247.85,2026-09-04,8,Call,240.00,+4.78%,13.75,15.1,15.05,1483,530,2.8,41.13%,45.29%,0.78039,2026-08-27
MARA,11.7,2026-09-11,15,Call,15.00,-26.37%,0.1,0.12,0.14,5111,1828,2.8,87.16%,90.72%,0.120466,2026-08-27
LCID,5.14,2026-08-28,1,Call,5.00,+1.77%,0.11,0.15,0.2,5644,2019,2.8,89.44%,98.29%,0.645979,2026-08-27
AMD,471.7,2026-08-28,1,Put,465.00,-2.45%,1.91,2,2.1,7529,2692,2.8,51.50%,62.79%,-0.219637,2026-08-27
AMD,471.7,2026-08-28,1,Call,490.00,-2.80%,1.8,1.85,2,6370,2287,2.79,51.50%,64.32%,0.21198,2026-08-27
SMCI,37.91,2026-09-11,15,Call,38.50,-0.10%,2.05,2.09,2.28,516,185,2.79,70.80%,69.40%,0.529319,2026-08-27
ABOS,3.12,2026-10-16,50,Call,5.00,-65.02%,0.05,0.13,0.15,566,203,2.79,163.47%,115.66%,0.172522,2026-08-27
MSTR,134.76,2026-09-04,8,Call,165.00,-20.09%,0.93,1,1.01,857,307,2.79,74.55%,94.98%,0.110114,2026-08-27
HRL,21.34,2026-12-18,113,Call,26.00,-22.18%,0.15,0.17,0.2,896,321,2.79,25.44%,28.68%,0.113072,2026-08-27
GOOG,338.34,2026-08-28,1,Call,335.00,+0.80%,3.5,3.6,3.75,1187,425,2.79,27.15%,27.86%,0.714357,2026-08-27
AFRM,86.36,2026-08-28,1,Call,95.00,-22.60%,0.27,0.3,0.3,1537,550,2.79,69.52%,249.28%,0.067402,2026-08-27
ORCL,152.59,2026-08-28,1,Put,149.00,-1.93%,0.74,0.8,0.85,1605,576,2.79,69.45%,61.11%,-0.264758,2026-08-27
GOOGL,341.49,2026-08-28,1,Call,337.50,+0.92%,3.9,4.1,4.45,775,279,2.78,27.25%,31.54%,0.717889,2026-08-27
FRMI,5.46,2026-09-04,8,Call,5.50,-0.92%,0.3,0.3,0.35,578,209,2.77,102.97%,107.58%,0.510878,2026-08-27
TSLA,355.6,2026-08-31,4,Call,367.50,-3.58%,1.07,1.09,1.11,1156,418,2.77,39.65%,33.68%,0.166531,2026-08-27
QURE,49.56,2026-12-18,113,Put,35.00,-29.38%,3,3.76,4.8,1730,624,2.77,108.16%,104.98%,-0.182792,2026-08-27
MU,920.69,2026-08-28,1,Call,"1,015.00",-8.51%,0.28,0.37,0.46,2808,1013,2.77,60.44%,79.07%,0.02556,2026-08-27
NBIS,214.06,2026-09-04,8,Put,200.00,-8.46%,3.55,3.55,3.85,3443,1241,2.77,85.96%,84.98%,-0.220338,2026-08-27
OKTA,171.16,2026-09-18,22,Put,160.00,-7.47%,3.15,3.6,3.95,1153,417,2.76,52.74%,52.82%,-0.248879,2026-08-27
CAT,819.86,2026-08-28,1,Put,800.00,-2.08%,0.66,1.2,1.48,1238,448,2.76,36.13%,36.71%,-0.133982,2026-08-27
QURE,49.56,2026-11-20,85,Put,35.00,-29.38%,2.15,3.22,3.4,1740,630,2.76,108.16%,102.25%,-0.166815,2026-08-27
NVDA,228.59,2026-09-18,22,Put,222.50,-2.40%,4.85,4.86,5.55,1916,693,2.76,33.59%,35.32%,-0.366007,2026-08-27
ABT,111.89,2026-09-18,22,Put,140.00,+25.46%,26.6,28,30.1,549,200,2.75,24.02%,41.84%,-0.990475,2026-08-27
NVDA,228.59,2026-08-28,1,Put,250.00,+9.66%,21,22.11,23.65,569,207,2.75,33.59%,110.12%,-0.942075,2026-08-27
ADSK,260.3,2026-08-28,1,Call,277.50,-2.56%,8.5,9.98,14,571,208,2.75,57.93%,252.48%,0.450539,2026-08-27
NVDA,228.59,2026-09-11,15,Put,202.50,-11.18%,0.59,0.6,0.67,699,254,2.75,33.59%,41.52%,-0.071499,2026-08-27
HD,330.23,2026-08-28,1,Put,325.00,-1.10%,0.55,0.6,0.78,1296,472,2.75,24.36%,28.82%,-0.229252,2026-08-27
AAPL,316,2026-09-04,8,Put,297.50,-5.43%,0.34,0.39,0.38,2270,824,2.75,24.42%,25.82%,-0.067173,2026-08-27
BBY,83.91,2026-09-18,22,Call,82.50,+1.27%,3.1,3.5,3.9,2830,1030,2.75,36.86%,36.51%,0.571344,2026-08-27
CRM,247.85,2026-08-28,1,Call,237.50,+5.77%,14.05,15.85,15.95,4482,1629,2.75,41.13%,83.76%,0.91619,2026-08-27
TSLA,355.6,2026-08-31,4,Put,345.00,-2.76%,1.33,1.38,1.39,6460,2351,2.75,39.65%,32.65%,-0.198228,2026-08-27
PLTR,184.97,2026-12-18,113,Call,410.00,-120.51%,0.3,0.3,0.33,5513,2010,2.74,47.06%,60.33%,0.015702,2026-08-27
MRVL,225.51,2026-09-04,8,Call,300.00,-24.25%,2,2.1,2.14,6919,2528,2.74,77.35%,112.94%,0.11306,2026-08-27
NMAX,10.55,2026-08-28,1,Call,2.00,+80.92%,8.3,8.55,8.7,551,201,2.74,67.54%,"1,483.77%",0.994148,2026-08-27
PATH,18.13,2026-08-28,1,Call,18.50,-0.93%,0.18,0.22,0.23,1542,563,2.74,81.18%,73.12%,0.41312,2026-08-27
NVDA,228.59,2026-09-04,8,Put,187.50,-17.76%,0.1,0.12,0.33,1738,635,2.74,33.59%,68.66%,-0.023837,2026-08-27
PG,143.69,2026-09-04,8,Put,139.00,-2.89%,0.21,0.27,0.29,649,238,2.73,18.30%,17.90%,-0.130047,2026-08-27
WYNN,94.15,2026-09-04,8,Put,95.00,+1.48%,0.96,2.14,3.75,689,252,2.73,32.06%,28.62%,-0.624543,2026-08-27
FSLY,24.65,2026-08-28,1,Call,25.00,-1.46%,0.15,0.4,0.45,893,327,2.73,74.97%,88.13%,0.386186,2026-08-27
INTC,90.3,2026-08-28,1,Put,92.50,+0.45%,1.47,1.49,1.6,982,360,2.73,58.82%,68.69%,-0.541295,2026-08-27
CRWD,227.49,2026-09-04,8,Put,220.00,-3.49%,4.65,4.75,4.8,1127,413,2.73,53.09%,61.65%,-0.32903,2026-08-27
MSFT,505.8,2026-08-31,4,Put,490.00,-2.98%,0.55,0.6,0.86,1506,552,2.73,25.46%,24.27%,-0.112084,2026-08-27
AMD,471.7,2026-08-28,1,Call,487.50,-2.27%,2.34,2.36,2.52,1905,698,2.73,51.50%,63.93%,0.257267,2026-08-27
META,572.68,2026-08-28,1,Call,605.00,-5.94%,0.1,0.11,0.13,5924,2168,2.73,34.68%,53.14%,0.019897,2026-08-27
QUBT,8.55,2026-12-18,113,Call,18.00,-108.09%,0.2,0.28,0.62,16210,5940,2.73,72.24%,108.31%,0.1854,2026-08-27
GOOGL,341.49,2026-08-28,1,Put,340.00,-0.19%,1.6,1.65,1.73,7896,2908,2.72,27.25%,27.94%,-0.44307,2026-08-27
TSLA,355.6,2026-08-28,1,Call,367.50,-3.58%,0.31,0.32,0.33,17439,6403,2.72,39.65%,47.41%,0.080796,2026-08-27
BA,210.76,2026-09-18,22,Call,212.50,-1.24%,4.6,4.75,4.9,506,186,2.72,28.73%,28.94%,0.443518,2026-08-27
MNKD,4.07,2026-10-02,36,Call,1.00,+75.37%,2.7,3.14,5.2,1693,623,2.72,64.13%,"1,209.66%",0.988377,2026-08-27
COST,940.05,2026-09-18,22,Put,680.00,-27.25%,0.01,0.18,0.26,849,313,2.71,21.52%,49.77%,-0.003704,2026-08-27
AMZN,257.44,2026-08-28,1,Call,235.00,+8.30%,20.7,21.94,21.75,993,366,2.71,28.49%,123.29%,0.915578,2026-08-27
COIN,187.4,2026-08-28,1,Call,195.00,-2.24%,1.77,1.8,1.87,8278,3051,2.71,65.14%,88.20%,0.324344,2026-08-27
PLTR,184.97,2026-09-04,8,Call,190.00,-2.19%,3.45,3.5,3.65,21193,7829,2.71,47.06%,47.59%,0.397096,2026-08-27
SPCX,139.92,2026-08-28,1,Put,138.00,-2.04%,0.47,0.47,0.49,6821,2528,2.7,51.09%,51.56%,-0.217828,2026-08-27
TSLA,355.6,2026-08-28,1,Call,370.00,-4.28%,0.19,0.18,0.2,32881,12178,2.7,39.65%,48.70%,0.051771,2026-08-27
GOOGL,341.49,2026-08-31,4,Call,340.00,+0.19%,3,3.46,3.65,893,331,2.7,27.25%,20.56%,0.546437,2026-08-27
PANW,384.56,2026-08-28,1,Call,390.00,-1.87%,2.11,2.45,2.6,1240,459,2.7,62.73%,63.81%,0.296529,2026-08-27
FTNT,173.5,2026-10-16,50,Put,140.00,-18.97%,0.95,1.29,1.88,533,198,2.69,43.55%,47.13%,-0.09345,2026-08-27
SPCX,139.92,2028-12-15,841,Put,95.00,-32.56%,17.3,18.1,18.7,669,249,2.69,51.09%,59.37%,-0.16786,2026-08-27
ARM,253.1,2027-01-15,141,Call,600.00,-135.10%,2.79,3.66,5,901,335,2.69,65.21%,81.52%,0.080106,2026-08-27
PATH,18.13,2026-10-02,36,Call,6.00,+67.27%,12.25,12.4,14.25,1020,379,2.69,81.18%,358.67%,0.940386,2026-08-27
SPCX,139.92,2026-09-04,8,Put,140.00,-0.62%,3.55,3.58,3.65,3713,1378,2.69,51.09%,49.05%,-0.44807,2026-08-27
MRNA,138,2026-08-28,1,Call,155.00,-8.57%,0.25,0.3,0.32,7193,2683,2.68,73.49%,108.95%,0.079119,2026-08-27
BLZE,15.85,2026-12-18,113,Put,10.00,-34.38%,0.55,0.78,1.4,546,204,2.68,90.75%,107.01%,-0.153254,2026-08-27
MRVL,225.51,2026-09-18,22,Put,245.00,+1.47%,20.35,20.75,21.2,588,219,2.68,77.35%,80.76%,-0.486599,2026-08-27
USB,62.5,2026-08-28,1,Call,63.00,-0.96%,0.09,0.14,0.21,628,234,2.68,23.04%,28.73%,0.264901,2026-08-27
MRVL,225.51,2026-08-28,1,Put,212.50,-11.99%,1.84,1.88,1.9,1687,630,2.68,77.35%,224.52%,-0.125812,2026-08-27
ORCL,152.59,2026-08-28,1,Put,146.00,-3.91%,0.24,0.28,0.34,1940,725,2.68,69.45%,64.36%,-0.114604,2026-08-27
TTWO,240,2026-09-04,8,Call,235.00,-0.86%,5.6,5.9,6.2,569,213,2.67,42.15%,49.00%,0.471861,2026-08-27
MU,920.69,2026-08-31,4,Put,930.00,-0.58%,11.5,16.14,16.7,871,326,2.67,60.44%,43.15%,-0.437345,2026-08-27
AMD,471.7,2026-09-04,8,Call,480.00,-0.70%,11.9,13.55,14.8,1234,463,2.67,51.50%,52.34%,0.483712,2026-08-27
NEE,83.29,2027-01-15,141,Call,45.00,+46.09%,37.45,38.55,39.55,1650,618,2.67,20.57%,46.83%,0.989938,2026-08-27
HOOD,108.65,2026-08-28,1,Put,110.00,+0.22%,1.65,1.7,1.75,3304,1242,2.66,61.20%,68.97%,-0.516048,2026-08-27
PLTR,184.97,2026-08-28,1,Put,177.50,-4.53%,0.15,0.16,0.17,7638,2872,2.66,47.06%,58.80%,-0.063508,2026-08-27
STRL,506,2026-09-18,22,Put,530.00,+4.67%,43.7,43.6,48.5,501,188,2.66,66.11%,66.29%,-0.575221,2026-08-27
MSTR,134.76,2026-09-11,15,Call,185.00,-34.64%,0.72,0.8,0.9,691,260,2.66,74.55%,94.64%,0.073992,2026-08-27
TTWO,240,2026-11-20,85,Call,240.00,-3.00%,19.7,22.35,22.3,742,279,2.66,42.15%,51.72%,0.516275,2026-08-27
WMT,103.28,2026-09-18,22,Call,104.00,-1.33%,1.64,1.72,1.71,749,282,2.66,22.06%,22.02%,0.424971,2026-08-27
HOOD,108.65,2026-09-25,29,Put,110.00,+0.22%,7.2,7.45,7.65,561,212,2.65,61.20%,60.38%,-0.466016,2026-08-27
MCD,261.7,2026-08-28,1,Put,257.50,-0.98%,0.24,0.3,0.36,686,259,2.65,19.59%,21.42%,-0.186792,2026-08-27
KKR,109.31,2026-10-16,50,Put,105.00,-3.95%,3.4,3.6,3.9,880,332,2.65,36.29%,36.11%,-0.346678,2026-08-27
WULF,16.35,2026-09-04,8,Put,15.50,-6.00%,0.31,0.34,0.4,647,245,2.64,85.59%,77.06%,-0.284653,2026-08-27
AMD,471.7,2026-09-04,8,Call,485.00,-1.75%,11.3,11.45,12.6,1055,400,2.64,51.50%,54.98%,0.435488,2026-08-27
AMD,471.7,2026-08-28,1,Put,477.50,+0.17%,6.3,6.5,6.85,1453,550,2.64,51.50%,61.97%,-0.513935,2026-08-27
IBM,238.94,2026-08-28,1,Call,240.00,-0.51%,1.1,1.2,1.4,3670,1388,2.64,32.47%,35.77%,0.397637,2026-08-27
WMT,103.28,2026-08-28,1,Put,110.00,+7.18%,7.2,7.85,9,4062,1537,2.64,22.06%,141.29%,-0.816036,2026-08-27
INTC,90.3,2026-08-28,1,Call,94.00,-2.07%,0.6,0.65,0.65,9799,3713,2.64,58.82%,70.59%,0.296349,2026-08-27
AMZN,257.44,2026-08-28,1,Put,250.00,-2.44%,0.15,0.14,0.16,15779,5974,2.64,28.49%,33.38%,-0.076453,2026-08-27
META,572.68,2026-08-28,1,Call,600.00,-5.06%,0.16,0.18,0.18,34407,13049,2.64,34.68%,49.65%,0.029845,2026-08-27
NKE,38.78,2026-09-04,8,Call,39.00,-1.46%,0.34,0.34,0.37,6962,2650,2.63,37.26%,26.03%,0.359628,2026-08-27
RUM,9.48,2026-10-16,50,Call,8.00,+15.16%,1.8,2,2.15,1068,406,2.63,88.60%,85.06%,0.756793,2026-08-27
PANW,384.56,2026-11-20,85,Call,500.00,-30.60%,11.6,13,15.15,1302,496,2.63,62.73%,61.08%,0.232962,2026-08-27
NOW,138.09,2026-08-28,1,Put,132.00,-4.64%,0.14,0.23,0.23,917,350,2.62,53.02%,66.53%,-0.082892,2026-08-27
NOW,138.09,2026-09-11,15,Call,140.00,-1.13%,5.15,5.27,5.4,933,356,2.62,53.02%,52.74%,0.484813,2026-08-27
TSLA,355.6,2026-09-02,6,Put,350.00,-1.36%,4.4,4.45,4.5,1591,608,2.62,39.65%,36.92%,-0.373472,2026-08-27
AAPL,316,2026-09-04,8,Call,322.50,-2.52%,1.57,1.62,1.65,2929,1120,2.62,24.42%,23.58%,0.250023,2026-08-27
TSLA,355.6,2026-09-11,15,Put,352.50,-0.65%,9.5,9.58,9.65,517,198,2.61,39.65%,38.16%,-0.444943,2026-08-27
NFLX,80.17,2026-09-11,15,Put,79.00,-1.05%,1.39,1.37,1.44,767,294,2.61,32.23%,28.81%,-0.408622,2026-08-27
AMD,471.7,2026-08-31,4,Call,475.00,+0.35%,9.5,9.65,10.2,973,373,2.61,51.50%,44.75%,0.542545,2026-08-27
HOOD,108.65,2026-09-04,8,Call,113.00,-2.95%,2.64,2.69,2.77,1478,567,2.61,61.20%,62.20%,0.396942,2026-08-27
GOOG,338.34,2027-01-15,141,Put,480.00,+42.13%,140.95,142.85,143.9,3260,1250,2.61,27.15%,36.64%,-0.971515,2026-08-27
TSLA,355.6,2026-09-04,8,Call,355.00,-0.05%,8.3,8.4,8.5,6132,2349,2.61,39.65%,39.88%,0.513532,2026-08-27
NFLX,80.17,2026-09-04,8,Call,80.00,-0.20%,1.36,1.38,1.39,7460,2857,2.61,32.23%,30.16%,0.498123,2026-08-27
OKTA,171.16,2026-08-28,1,Call,185.00,-6.99%,0.26,0.38,0.43,1405,541,2.6,52.74%,94.11%,0.08924,2026-08-27
RGTI,16.19,2026-09-04,8,Put,18.00,+9.49%,1.6,1.78,2.23,642,248,2.59,78.33%,93.20%,-0.720711,2026-08-27
PANW,384.56,2026-08-28,1,Call,385.00,-0.56%,3.6,4.1,4.6,722,279,2.59,62.73%,63.45%,0.440761,2026-08-27
SMCI,37.91,2026-09-04,8,Call,38.50,-0.10%,1.61,1.66,1.73,1567,604,2.59,70.80%,73.76%,0.520879,2026-08-27
ECHO,86.08,2026-09-18,22,Call,95.00,-9.86%,0.8,1.05,1.6,2067,798,2.59,42.57%,46.02%,0.224559,2026-08-27
RBRK,100.51,2026-08-28,1,Call,110.00,-2.78%,5.5,5.8,6.6,3206,1238,2.59,84.95%,328.83%,0.470917,2026-08-27
PDD,85.25,2026-10-16,50,Call,85.00,-0.37%,3.95,3.95,4.7,4953,1909,2.59,31.75%,34.15%,0.529693,2026-08-27
MRVL,225.51,2026-08-28,1,Put,220.00,-8.88%,3.5,3.53,3.6,7254,2796,2.59,77.35%,231.69%,-0.203659,2026-08-27
NVDA,228.59,2026-09-04,8,Call,250.00,-9.66%,0.28,0.31,0.37,16440,6351,2.59,33.59%,38.83%,0.058998,2026-08-27
TSLA,355.6,2026-08-28,1,Call,372.50,-4.99%,0.11,0.12,0.12,6510,2519,2.58,39.65%,49.77%,0.032096,2026-08-27
RUM,9.48,2026-08-28,1,Put,10.00,+6.04%,0.55,0.6,0.75,560,217,2.58,88.60%,136.78%,-0.783284,2026-08-27
AMD,471.7,2026-08-31,4,Call,480.00,-0.70%,7.25,7.55,7.75,753,292,2.58,51.50%,44.98%,0.453873,2026-08-27
B,47.51,2026-09-04,8,Call,42.00,+11.24%,5.15,5.55,5.5,1017,394,2.58,45.62%,64.37%,0.903617,2026-08-27
BMNR,25.14,2026-09-18,22,Call,32.00,-24.85%,0.35,0.56,0.59,2787,1081,2.58,81.37%,86.42%,0.176085,2026-08-27
MSTR,134.76,2027-12-17,477,Put,220.00,+60.12%,102.8,104.36,106.3,611,238,2.57,74.55%,79.00%,-0.530198,2026-08-27
PLAY,9.27,2026-09-18,22,Call,9.00,+1.96%,0.95,0.98,1.1,639,249,2.57,96.67%,106.20%,0.577752,2026-08-27
FRSH,13.67,2026-11-20,85,Call,15.00,-9.57%,0.95,0.95,1.1,2294,893,2.57,51.65%,56.37%,0.433217,2026-08-27
SMCI,37.91,2026-08-28,1,Call,39.50,-2.70%,0.27,0.29,0.3,3602,1403,2.57,70.80%,83.73%,0.279365,2026-08-27
APO,134,2027-01-15,141,Put,115.00,-13.82%,3.9,4.1,4.8,4419,1718,2.57,33.96%,37.79%,-0.216199,2026-08-27
BABA,116.6,2026-10-16,50,Call,125.00,-7.47%,4.45,4.4,4.55,10513,4112,2.56,40.77%,45.68%,0.365442,2026-08-27
SNDK,1454.01,2026-08-28,1,Put,"1,495.00",+0.68%,29.9,30.2,31.1,565,221,2.56,71.65%,81.11%,-0.554021,2026-08-27
NOW,138.09,2026-09-04,8,Put,113.00,-18.37%,0,0.1,0.12,733,286,2.56,53.02%,63.05%,-0.012913,2026-08-27
OMER,19.43,2026-09-18,22,Call,22.00,-14.29%,0.25,0.4,0.45,766,299,2.56,62.87%,63.03%,0.220214,2026-08-27
COIN,187.4,2026-09-04,8,Put,182.50,-4.31%,3.55,4.08,3.95,1203,470,2.56,65.14%,65.07%,-0.304067,2026-08-27
UAMY,5.18,2026-10-02,36,Call,7.00,-35.66%,0.1,0.15,0.25,500,196,2.55,96.09%,101.45%,0.215772,2026-08-27
DG,127.45,2026-08-28,1,Call,127.00,-0.88%,0.49,1.39,1.39,610,239,2.55,34.50%,53.95%,0.383954,2026-08-27
MRVL,225.51,2026-08-28,1,Put,235.00,-2.67%,9.05,9.3,9.35,2334,916,2.55,77.35%,244.70%,-0.391227,2026-08-27
RIG,5.72,2026-09-04,8,Call,5.50,+4.18%,0.27,0.35,0.43,577,227,2.54,46.79%,64.40%,0.685768,2026-08-27
CRM,247.85,2026-09-11,15,Call,260.00,-3.15%,5.2,5.48,5.85,655,258,2.54,41.13%,42.66%,0.381235,2026-08-27
LMT,569.6,2026-09-18,22,Put,535.00,-5.46%,2.8,5.1,4.7,719,283,2.54,24.43%,26.45%,-0.181948,2026-08-27
MU,920.69,2026-08-28,1,Call,905.00,+3.25%,28.1,33.5,36,875,344,2.54,60.44%,54.28%,0.881063,2026-08-27
MU,920.69,2026-09-04,8,Call,930.00,+0.58%,35,35,37,1077,424,2.54,60.44%,59.68%,0.547133,2026-08-27
ROKU,156.36,2026-08-28,1,Put,155.00,-0.80%,0.15,0.3,0.48,1248,492,2.54,17.95%,24.36%,-0.260036,2026-08-27
TSLA,355.6,2026-09-04,8,Put,345.00,-2.76%,4.1,4.2,4.2,2994,1178,2.54,39.65%,39.79%,-0.30253,2026-08-27
AMD,471.7,2026-08-28,1,Call,485.00,-1.75%,2.88,3,3.3,5185,2041,2.54,51.50%,63.71%,0.308562,2026-08-27
NOW,138.09,2026-11-20,85,Call,160.00,-15.58%,8,8.3,8.5,3837,1517,2.53,53.02%,57.66%,0.363036,2026-08-27
UNH,396.27,2026-08-28,1,Call,395.00,+0.01%,2.35,2.23,2.6,700,277,2.53,28.74%,29.62%,0.50724,2026-08-27
TSLA,355.6,2026-09-02,6,Call,360.00,-1.46%,4.5,4.6,4.6,2918,1155,2.53,39.65%,36.93%,0.393395,2026-08-27
BABA,116.6,2026-09-04,8,Call,123.00,-5.75%,0.6,0.72,0.79,797,316,2.52,40.77%,40.87%,0.185629,2026-08-27
NFGC,1.94,2026-09-18,22,Call,2.0000,-2.56%,0.1,0.15,0.15,800,317,2.52,101.52%,76.03%,0.487793,2026-08-27
MU,920.69,2026-08-31,4,Put,900.00,-3.78%,7,6.05,7.45,1002,397,2.52,60.44%,52.91%,-0.23259,2026-08-27
CRK,14.7,2026-11-20,85,Call,15.00,-2.60%,1.5,1.53,1.55,1076,427,2.52,55.06%,60.33%,0.520646,2026-08-27
AAPL,316,2026-08-28,1,Put,327.50,+4.11%,12.3,13,13.45,1578,627,2.52,24.42%,42.36%,-0.96544,2026-08-27
TSLA,355.6,2026-09-04,8,Call,345.00,+2.76%,14.1,14.11,14.7,3794,1504,2.52,39.65%,40.74%,0.694375,2026-08-27
INTC,90.3,2026-08-28,1,Call,89.00,+3.36%,3,3.45,3.55,8744,3473,2.52,58.82%,57.88%,0.873807,2026-08-27
SPCX,139.92,2026-08-28,1,Call,140.00,+0.62%,2,2.01,2.05,44383,17687,2.51,51.09%,52.62%,0.595742,2026-08-27
COST,940.05,2026-09-11,15,Put,910.00,-2.64%,4.65,4.98,5.35,555,221,2.51,21.52%,19.22%,-0.231567,2026-08-27
COIN,187.4,2026-10-02,36,Put,200.00,+4.87%,18.65,20.13,22,562,224,2.51,65.14%,64.01%,-0.5492,2026-08-27
NVDA,228.59,2026-09-02,6,Put,212.50,-6.79%,0.22,0.47,0.72,1096,436,2.51,33.59%,40.86%,-0.084159,2026-08-27
SLB,55.3,2026-08-28,1,Call,55.00,+0.02%,0.51,0.47,0.66,2838,1132,2.51,34.99%,50.40%,0.508606,2026-08-27
RKLB,66.58,2026-09-04,8,Call,71.00,-5.14%,0.78,1.29,1.35,589,236,2.5,67.40%,58.59%,0.29972,2026-08-27
SPCX,139.92,2026-09-11,15,Put,124.00,-11.98%,0.69,0.85,0.74,667,267,2.5,51.09%,51.42%,-0.098698,2026-08-27
MU,920.69,2026-09-04,8,Call,960.00,-2.63%,22.15,22.25,24.3,780,312,2.5,60.44%,60.48%,0.406483,2026-08-27
ONDS,8.66,2026-09-18,22,Call,10.50,-20.00%,0.11,0.18,0.19,999,400,2.5,73.94%,74.54%,0.185945,2026-08-27
AAPL,316,2026-09-18,22,Call,312.50,+0.66%,8.9,9.07,9.3,1026,410,2.5,24.42%,25.03%,0.56775,2026-08-27
IBRX,8.38,2026-09-04,8,Call,9.00,-7.14%,0.05,0.25,0.3,1525,610,2.5,71.10%,78.76%,0.299206,2026-08-27
NVDA,228.59,2026-09-04,8,Put,192.50,-15.56%,0.13,0.16,0.36,2136,856,2.5,33.59%,62.15%,-0.029272,2026-08-27
FSLR,210.44,2027-09-17,386,Put,150.00,-28.61%,12.25,14.41,14.8,2502,1000,2.5,47.72%,52.92%,-0.169818,2026-08-27
CRM,247.85,2026-09-04,8,Put,210.00,-16.68%,0,0.1,0.15,3343,1335,2.5,41.13%,54.56%,-0.010526,2026-08-27
TSLA,355.6,2026-08-31,4,Put,327.50,-7.70%,0.12,0.14,0.14,518,208,2.49,39.65%,39.11%,-0.023527,2026-08-27
INTC,90.3,2026-09-02,6,Call,91.00,+1.18%,3.05,3.25,3.4,992,398,2.49,58.82%,55.94%,0.582716,2026-08-27
AI,10.31,2026-10-16,50,Call,17.50,-69.41%,0.11,0.11,0.12,1183,476,2.49,80.35%,90.69%,0.082632,2026-08-27
NVDA,228.59,2026-09-11,15,Put,225.00,-1.31%,4.65,4.8,5,2926,1175,2.49,33.59%,34.50%,-0.40575,2026-08-27
TSLA,355.6,2026-09-02,6,Put,352.50,-0.65%,5.45,5.5,5.6,819,330,2.48,39.65%,37.05%,-0.431873,2026-08-27
CBRS,183.79,2026-08-28,1,Call,190.00,-1.78%,2.2,2.43,2.5,1458,587,2.48,84.09%,96.06%,0.372738,2026-08-27
RDDT,153.7,2026-09-04,8,Call,160.00,-3.93%,2.68,2.7,2.87,1918,774,2.48,56.77%,56.24%,0.340222,2026-08-27
AMZN,257.44,2026-09-11,15,Call,270.00,-5.36%,1.35,1.39,1.45,2816,1137,2.48,28.49%,27.18%,0.185858,2026-08-27
SNDK,1454.01,2026-08-28,1,Put,"1,400.00",-5.72%,2.55,2.65,2.75,4222,1699,2.48,71.65%,84.09%,-0.086523,2026-08-27
WMT,103.28,2026-09-04,8,Call,103.00,-0.36%,1.14,1.18,1.22,4318,1740,2.48,22.06%,21.90%,0.469308,2026-08-27
NVDA,228.59,2026-08-31,4,Put,212.50,-6.79%,0.19,0.21,0.39,3718,1505,2.47,33.59%,44.52%,-0.061896,2026-08-27
META,572.68,2026-08-28,1,Call,577.50,-1.12%,2.5,2.53,2.57,8536,3458,2.47,34.68%,42.47%,0.313372,2026-08-27
NOW,138.09,2026-09-04,8,Call,138.00,+0.31%,4.7,4.8,4.9,794,322,2.47,53.02%,55.47%,0.535316,2026-08-27
AFRM,86.36,2026-08-28,1,Put,68.00,-12.25%,0.73,0.85,1,522,212,2.46,69.52%,257.86%,-0.150056,2026-08-27
RKLB,66.58,2026-08-28,1,Call,66.00,+2.27%,1.84,1.87,1.99,593,241,2.46,67.40%,68.64%,0.744951,2026-08-27
CRWD,227.49,2026-09-04,8,Put,210.00,-7.88%,1.93,2,2.07,785,319,2.46,53.09%,61.91%,-0.171301,2026-08-27
CVNA,74.3,2026-08-28,1,Put,74.00,-0.12%,0.81,0.91,0.99,992,404,2.46,56.42%,61.29%,-0.477476,2026-08-27
MRVL,225.51,2026-08-28,1,Call,310.00,-28.39%,0.32,0.53,0.58,1269,516,2.46,77.35%,256.60%,0.036506,2026-08-27
INTC,90.3,2026-09-04,8,Call,102.00,-10.76%,0.58,0.6,0.67,2036,829,2.46,58.82%,62.72%,0.147518,2026-08-27
NLY,23.15,2026-09-25,29,Put,23.00,-0.26%,0.3,0.4,0.46,2507,1019,2.46,16.98%,12.80%,-0.534278,2026-08-27
LITE,941.07,2026-08-28,1,Put,850.00,-11.10%,0.05,0.3,0.9,542,221,2.45,76.11%,113.41%,-0.022044,2026-08-27
AFRM,86.36,2026-08-28,1,Call,84.00,-8.40%,1.7,1.88,2.01,1223,500,2.45,69.52%,258.68%,0.298946,2026-08-27
MSFT,505.8,2026-09-04,8,Call,515.00,-1.97%,3.75,3.8,3.95,1301,530,2.45,25.46%,25.65%,0.316454,2026-08-27
SPCX,139.92,2026-09-04,8,Call,144.00,-2.22%,2.8,2.87,2.85,1433,586,2.45,51.09%,49.49%,0.400317,2026-08-27
CRWD,227.49,2026-08-28,1,Call,245.00,-7.47%,0.15,0.2,0.29,3040,1243,2.45,53.09%,83.91%,0.052934,2026-08-27
RMD,235.76,2027-01-15,141,Put,185.00,-21.53%,2.25,2.61,3,2513,1030,2.44,26.55%,34.61%,-0.099838,2026-08-27
BMNR,25.14,2026-09-04,8,Call,25.50,+0.51%,1.27,1.33,1.35,3555,1455,2.44,81.37%,81.80%,0.543315,2026-08-27
HRL,21.34,2026-08-28,1,Put,23.50,+10.43%,2.05,1.99,2.3,3995,1642,2.43,25.44%,94.50%,-0.976132,2026-08-27
CIFR,16.37,2026-10-16,50,Call,18.00,-7.33%,1.69,2.02,2.4,5052,2076,2.43,98.75%,101.18%,0.504696,2026-08-27
MRVL,225.51,2026-08-28,1,Call,275.00,-13.90%,3,3.09,3.15,5930,2442,2.43,77.35%,257.07%,0.184312,2026-08-27
V,380,2026-09-04,8,Call,380.00,-0.09%,3.85,4.22,4.55,522,215,2.43,19.57%,18.95%,0.501909,2026-08-27
DELL,466.11,2026-08-28,1,Call,492.50,-4.29%,1.04,1.14,1.15,587,242,2.43,75.44%,69.66%,0.129131,2026-08-27
LULU,116.3,2026-08-28,1,Call,118.00,-2.61%,0.18,0.22,0.25,623,256,2.43,57.12%,46.65%,0.149517,2026-08-27
AAPL,316,2026-09-02,6,Put,310.00,-1.46%,1.61,1.68,1.75,700,288,2.43,24.42%,22.27%,-0.29309,2026-08-27
RBRK,100.51,2026-08-28,1,Call,115.00,-7.46%,3.4,4.3,4.7,723,298,2.43,84.95%,317.95%,0.363773,2026-08-27
SNDK,1454.01,2026-08-28,1,Call,"1,540.00",-3.71%,7,7.2,7.4,866,357,2.43,71.65%,82.04%,0.204974,2026-08-27
AAPL,316,2026-09-04,8,Call,327.50,-4.11%,0.74,0.78,0.82,1635,673,2.43,24.42%,24.17%,0.138481,2026-08-27
MRVL,225.51,2026-08-28,1,Put,217.50,-9.92%,2.85,2.88,2.96,1746,719,2.43,77.35%,229.20%,-0.175778,2026-08-27
BIDU,98.2,2026-09-18,22,Put,145.00,+49.58%,46.95,48.5,50.2,1863,766,2.43,41.07%,102.76%,-0.932358,2026-08-27
AMZN,257.44,2026-08-31,4,Call,262.50,-2.44%,0.54,0.59,0.6,2187,900,2.43,28.49%,23.48%,0.170959,2026-08-27
MRLN,3.58,2026-11-20,85,Call,5.00,-42.05%,0.35,0.45,0.5,611,252,2.42,125.69%,123.12%,0.390052,2026-08-27
MRK,149.46,2027-03-19,204,Put,120.00,-19.75%,3.3,3.3,3.6,860,355,2.42,27.75%,34.39%,-0.152834,2026-08-27
RKLB,66.58,2026-09-04,8,Call,70.00,-3.66%,1.6,1.62,1.73,1190,491,2.42,67.40%,66.60%,0.37941,2026-08-27
PAAS,55.88,2026-08-28,1,Call,54.00,+1.62%,1.05,1.2,1.35,2197,909,2.42,49.99%,57.99%,0.710831,2026-08-27
INTC,90.3,2026-08-28,1,Call,93.00,-0.99%,0.94,0.95,0.99,12237,5050,2.42,58.82%,70.85%,0.403471,2026-08-27
TSLA,355.6,2026-09-04,8,Call,385.00,-8.51%,1.12,1.14,1.16,3668,1523,2.41,39.65%,43.00%,0.107755,2026-08-27
MRVL,225.51,2026-08-28,1,Call,245.00,-1.47%,10.9,11.05,11.1,9927,4118,2.41,77.35%,249.97%,0.481886,2026-08-27
MU,920.69,2026-08-31,4,Call,"1,050.00",-12.25%,0.37,0.55,0.56,698,290,2.41,60.44%,54.66%,0.023602,2026-08-27
MRNA,138,2028-01-21,512,Put,130.00,-8.94%,35.4,37.45,38.65,1066,442,2.41,73.49%,75.08%,-0.278556,2026-08-27
GME,18.35,2026-09-25,29,Call,25.00,-36.99%,0.04,0.26,0.41,1108,459,2.41,55.58%,85.70%,0.115361,2026-08-27
AAPL,316,2026-08-31,4,Call,322.50,-2.52%,0.4,0.45,0.44,2572,1068,2.41,24.42%,20.33%,0.127006,2026-08-27
TSM,427,2026-09-04,8,Call,440.00,-2.97%,3.35,3.75,3.85,2655,1100,2.41,34.26%,32.77%,0.285517,2026-08-27
COIN,187.4,2026-09-04,8,Put,177.50,-6.93%,2.18,2.25,2.47,973,406,2.4,65.14%,65.26%,-0.212074,2026-08-27
MU,920.69,2026-08-31,4,Call,980.00,-4.77%,3.35,3.85,4.45,1299,541,2.4,60.44%,45.01%,0.169297,2026-08-27
XOM,156.25,2026-08-28,1,Call,157.50,-0.68%,0.45,0.61,0.6,1442,601,2.4,27.07%,29.35%,0.333553,2026-08-27
RKLB,66.58,2026-08-28,1,Call,67.00,+0.78%,1.2,1.25,1.29,1810,754,2.4,67.40%,67.84%,0.595801,2026-08-27
PLTR,184.97,2026-08-28,1,Call,195.00,-4.88%,0.15,0.16,0.17,9430,3935,2.4,47.06%,59.20%,0.064443,2026-08-27
TSLA,355.6,2026-09-04,8,Call,360.00,-1.46%,6.15,6.25,6.25,13174,5511,2.39,39.65%,39.94%,0.419719,2026-08-27
META,572.68,2026-09-02,6,Call,590.00,-3.31%,3.4,3.2,3.75,558,233,2.39,34.68%,34.74%,0.242952,2026-08-27
NVDA,228.59,2026-09-02,6,Call,247.50,-8.56%,0.16,0.21,0.24,629,263,2.39,33.59%,37.15%,0.045502,2026-08-27
AMZN,257.44,2026-09-02,6,Call,265.00,-3.41%,0.75,0.81,0.82,922,385,2.39,28.49%,26.55%,0.170814,2026-08-27
AAOI,111,2026-08-28,1,Call,115.00,-1.52%,1.65,1.8,1.9,3064,1282,2.39,92.46%,106.52%,0.404912,2026-08-27
NVDA,228.59,2026-09-02,6,Put,190.00,-16.66%,0.09,0.11,0.12,3095,1293,2.39,33.59%,66.79%,-0.014761,2026-08-27
HOOD,108.65,2026-08-28,1,Put,111.00,+1.13%,2.24,2.29,2.35,1903,798,2.38,61.20%,69.66%,-0.613273,2026-08-27
AMZN,257.44,2026-08-28,1,Call,242.50,+5.37%,13.55,14.25,14.2,2852,1200,2.38,28.49%,56.79%,0.969593,2026-08-27
QBTS,17.75,2027-03-19,204,Call,47.00,-162.57%,0.75,0.78,1.03,1118,471,2.37,79.38%,96.58%,0.172298,2026-08-27
CBRS,183.79,2026-08-28,1,Put,185.00,-0.89%,2.55,2.75,3.6,1635,689,2.37,84.09%,99.49%,-0.420641,2026-08-27
NBIS,214.06,2026-09-04,8,Call,220.00,-0.70%,10,10.22,10.45,2147,907,2.37,85.96%,84.15%,0.505191,2026-08-27
APLD,27.19,2026-08-28,1,Call,28.00,-2.04%,0.27,0.28,0.3,5738,2423,2.37,89.46%,89.25%,0.341985,2026-08-27
SOC,4.61,2026-09-18,22,Call,5.50,-18.03%,0.15,0.2,0.24,7090,2992,2.37,104.51%,102.03%,0.298824,2026-08-27
AAPL,316,2026-09-04,8,Call,315.00,-0.13%,4.15,4.2,4.35,8621,3658,2.36,24.42%,23.39%,0.499796,2026-08-27
AVGO,375.06,2026-08-28,1,Call,370.00,+0.41%,4.9,5.25,5.3,11003,4654,2.36,50.51%,55.15%,0.563992,2026-08-27
SPCX,139.92,2026-09-11,15,Call,142.00,-0.80%,4.95,5.1,5.15,545,231,2.36,51.09%,48.11%,0.492874,2026-08-27
MRNA,138,2026-09-25,29,Put,110.00,-22.95%,0.8,1.14,2.06,625,265,2.36,73.49%,76.31%,-0.091411,2026-08-27
AEHR,89,2026-08-28,1,Call,100.00,-10.55%,0.05,0.2,0.6,726,308,2.36,105.87%,146.20%,0.101907,2026-08-27
CRM,247.85,2026-09-18,22,Call,310.00,-22.99%,0.38,0.4,0.52,993,421,2.36,41.13%,46.35%,0.04039,2026-08-27
CRWD,227.49,2026-10-02,36,Put,160.00,-29.81%,0.35,0.36,0.47,1066,452,2.36,53.09%,60.27%,-0.023691,2026-08-27
GOOGL,341.49,2026-09-04,8,Put,322.50,-5.33%,0.53,0.55,0.61,1133,481,2.36,27.25%,27.91%,-0.086553,2026-08-27
GNRC,196,2026-08-28,1,Put,200.00,+1.37%,1.95,4.2,4.5,2818,1192,2.36,46.62%,35.27%,-0.769764,2026-08-27
AMD,471.7,2026-09-02,6,Call,500.00,-4.89%,4.2,4.35,4.5,502,214,2.35,51.50%,50.77%,0.244341,2026-08-27
META,572.68,2026-08-31,4,Call,595.00,-4.18%,1.04,1.1,1.15,930,395,2.35,34.68%,32.25%,0.117587,2026-08-27
BB,8.69,2026-09-11,15,Call,9.50,-9.83%,0.12,0.18,0.22,946,403,2.35,67.67%,64.94%,0.262749,2026-08-27
AAPL,316,2026-08-28,1,Call,307.50,+2.25%,7.1,7.4,7.45,3169,1351,2.35,24.42%,30.39%,0.925695,2026-08-27
SPCX,139.92,2027-02-19,176,Call,175.00,-24.23%,11.75,11.6,12.4,3489,1486,2.35,51.09%,57.11%,0.381305,2026-08-27
MSTR,134.76,2026-08-28,1,Put,127.00,-7.57%,0.17,0.18,0.2,3678,1564,2.35,74.55%,98.26%,-0.05963,2026-08-27
NOW,138.09,2026-08-28,1,Put,130.00,-6.09%,0.07,0.1,0.1,3916,1665,2.35,53.02%,69.81%,-0.040911,2026-08-27
MARA,11.7,2026-08-28,1,Put,11.50,-3.12%,0.11,0.11,0.12,9794,4175,2.35,87.16%,106.34%,-0.274778,2026-08-27
CRM,247.85,2026-09-18,22,Call,300.00,-19.02%,0.54,0.73,0.81,5721,2446,2.34,41.13%,43.72%,0.060257,2026-08-27
SOFI,19.3,2026-09-11,15,Put,19.50,+1.67%,0.88,0.92,0.95,519,222,2.34,50.53%,48.54%,-0.542925,2026-08-27
TSLA,355.6,2026-08-31,4,Put,337.50,-4.88%,0.44,0.46,0.46,783,334,2.34,39.65%,34.26%,-0.077378,2026-08-27
NOW,138.09,2026-10-16,50,Call,170.00,-22.81%,2.51,2.56,2.69,810,346,2.34,53.02%,54.53%,0.186199,2026-08-27
AVAV,152.65,2026-08-28,1,Call,155.00,-1.79%,1,1.33,2.25,850,364,2.34,78.87%,86.35%,0.356819,2026-08-27
NVO,46.27,2026-08-28,1,Call,46.50,-0.52%,0.2,0.24,0.28,905,386,2.34,33.44%,36.00%,0.393589,2026-08-27
OSPN,16.46,2026-09-18,22,Call,17.50,-6.32%,0.3,0.36,0.4,1010,431,2.34,41.93%,45.64%,0.31219,2026-08-27
AMD,471.7,2026-08-28,1,Put,455.00,-4.55%,0.55,0.57,0.62,2179,930,2.34,51.50%,64.06%,-0.079694,2026-08-27
BE,215.6,2026-10-16,50,Put,135.00,-38.03%,1.37,1.46,1.6,573,246,2.33,84.79%,85.57%,-0.046117,2026-08-27
LPTH,12.79,2026-10-16,50,Call,25.00,-81.29%,0.15,0.3,0.35,700,300,2.33,98.30%,110.58%,0.108119,2026-08-27
HOOD,108.65,2026-08-28,1,Call,111.00,-1.13%,1.08,1.11,1.14,6043,2599,2.33,61.20%,71.70%,0.39051,2026-08-27
BX,143.68,2026-08-28,1,Put,141.00,-1.84%,0.24,0.36,0.48,563,243,2.32,34.44%,42.60%,-0.199389,2026-08-27
AMZN,257.44,2027-02-19,176,Call,260.00,-1.46%,25.35,25.73,25.95,1955,841,2.32,28.49%,35.56%,0.555652,2026-08-27
ULTA,542,2026-09-04,8,Put,530.00,-1.87%,16.7,19.8,20.7,610,264,2.31,47.56%,74.55%,-0.408591,2026-08-27
CRCL,92.6,2026-08-28,1,Put,94.00,-0.25%,1.53,1.7,1.9,638,276,2.31,79.87%,93.46%,-0.468802,2026-08-27
NOK,10.56,2026-09-04,8,Put,11.00,+3.87%,0.58,0.64,0.66,674,292,2.31,55.62%,60.29%,-0.646805,2026-08-27
NVDA,228.59,2026-09-09,13,Put,205.00,-10.08%,0.43,0.53,0.63,703,304,2.31,33.59%,39.31%,-0.068969,2026-08-27
ECHO,86.08,2026-10-16,50,Put,125.00,+44.56%,36.5,40.9,40.4,879,381,2.31,42.57%,95.24%,-0.808889,2026-08-27
NVDA,228.59,2026-09-04,8,Put,205.00,-10.08%,0.31,0.33,0.35,8369,3619,2.31,33.59%,44.97%,-0.050616,2026-08-27
NVDA,228.59,2027-01-15,141,Call,200.00,+12.27%,38.8,39.25,39.7,195409,84844,2.3,33.59%,39.01%,0.761651,2026-08-27
MNTN,12.85,2026-09-18,22,Put,12.50,-0.79%,0.6,0.75,0.75,537,233,2.3,63.47%,59.93%,-0.444578,2026-08-27
CRM,247.85,2027-12-17,477,Call,230.00,+8.75%,65.3,68.33,68.1,567,247,2.3,41.13%,46.80%,0.692432,2026-08-27
F,14.05,2026-09-25,29,Put,15.00,+7.53%,1.08,1.15,1.21,681,296,2.3,32.23%,26.30%,-0.825906,2026-08-27
APPS,11.36,2026-12-18,113,Call,15.00,-31.12%,1.15,1.27,1.4,800,348,2.3,80.52%,91.62%,0.400009,2026-08-27
BE,215.6,2026-09-04,8,Call,270.00,-23.95%,0.87,1.17,1.34,931,405,2.3,84.79%,98.29%,0.081166,2026-08-27
TSLA,355.6,2026-09-04,8,Call,362.50,-2.17%,5.25,5.35,5.35,2839,1237,2.3,39.65%,40.12%,0.375245,2026-08-27
TTWO,240,2026-12-18,113,Call,360.00,-54.51%,2.15,3.5,4,525,229,2.29,42.15%,53.93%,0.103827,2026-08-27
AMZN,257.44,2026-09-02,6,Call,262.50,-2.44%,1.09,1.26,1.3,544,238,2.29,28.49%,25.69%,0.243247,2026-08-27
NVDA,228.59,2026-10-02,36,Put,215.00,-5.69%,3.75,4.25,4.8,546,238,2.29,33.59%,34.60%,-0.267798,2026-08-27
SPCX,139.92,2028-12-15,841,Call,230.00,-63.27%,30.05,31.75,32.45,809,354,2.29,51.09%,58.39%,0.49977,2026-08-27
MSTR,134.76,2026-09-04,8,Put,135.00,-1.75%,4.9,5,5.1,1427,622,2.29,74.55%,76.74%,-0.413828,2026-08-27
IREN,38.13,2026-08-28,1,Call,47.50,-17.20%,0.5,0.53,0.54,1861,813,2.29,95.43%,292.21%,0.168404,2026-08-27
PLTR,184.97,2026-09-04,8,Put,172.50,-7.22%,1.05,1.07,1.14,1984,868,2.29,47.06%,50.61%,-0.147359,2026-08-27
MSTR,134.76,2026-08-28,1,Put,126.00,-8.30%,0.1,0.14,0.18,2331,1017,2.29,74.55%,100.01%,-0.046226,2026-08-27
TSLA,355.6,2026-09-04,8,Put,337.50,-4.88%,2.21,2.25,2.26,669,293,2.28,39.65%,40.08%,-0.188141,2026-08-27
MRVL,225.51,2026-09-18,22,Call,245.00,-1.47%,17.5,17.7,18,1207,530,2.28,77.35%,80.94%,0.514565,2026-08-27
SPCX,139.92,2026-09-04,8,Put,137.00,-2.75%,2.33,2.38,2.38,1288,564,2.28,51.09%,49.17%,-0.334161,2026-08-27
INTC,90.3,2027-02-19,176,Call,115.00,-24.88%,10.1,10.1,10.2,1723,755,2.28,58.82%,67.24%,0.4164,2026-08-27
NVDA,228.59,2026-10-02,36,Call,250.00,-9.66%,2.38,2.8,3,2284,1003,2.28,33.59%,33.09%,0.210494,2026-08-27
CRCL,92.6,2026-09-04,8,Call,95.00,-0.81%,3.85,4.28,4.2,2316,1016,2.28,79.87%,78.07%,0.498073,2026-08-27
GOOG,338.34,2026-08-28,1,Put,340.00,+0.68%,3.2,3.41,3.6,4162,1825,2.28,27.15%,29.33%,-0.665863,2026-08-27
AMD,471.7,2026-08-28,1,Put,470.00,-1.40%,3.2,3.3,3.6,5400,2373,2.28,51.50%,62.59%,-0.326632,2026-08-27
NVDA,228.59,2026-09-04,8,Call,227.50,+0.21%,4.2,5.21,5.55,28397,12482,2.28,33.59%,33.83%,0.532267,2026-08-27
META,572.68,2026-08-31,4,Put,570.00,-0.19%,6.1,6.45,6.7,720,317,2.27,34.68%,29.47%,-0.465187,2026-08-27
CTSH,63.74,2026-09-18,22,Put,57.50,-9.82%,0.35,0.54,1.2,1056,465,2.27,40.06%,48.98%,-0.176854,2026-08-27
NCLH,16.82,2026-09-04,8,Put,16.00,-3.90%,0.04,0.16,0.17,566,250,2.26,41.88%,35.03%,-0.209702,2026-08-27
WMT,103.28,2026-12-18,113,Put,130.00,+26.67%,26,27.28,29.4,570,252,2.26,22.06%,32.34%,-0.911847,2026-08-27
ADSK,260.3,2026-08-28,1,Put,220.00,-18.69%,0.15,0.2,0.35,576,255,2.26,57.93%,202.68%,-0.02251,2026-08-27
CTSH,63.74,2026-09-18,22,Call,75.00,-17.63%,0,0.25,0.3,742,329,2.26,40.06%,40.45%,0.057475,2026-08-27
SNDK,1454.01,2026-08-28,1,Put,"1,490.00",+0.34%,27.2,27.75,28.2,1648,730,2.26,71.65%,81.03%,-0.522714,2026-08-27
GME,18.35,2026-08-28,1,Call,18.00,+1.37%,0.29,0.33,0.35,15279,6747,2.26,55.58%,44.26%,0.726921,2026-08-27
AMD,471.7,2026-08-28,1,Put,460.00,-3.50%,1.06,1.08,1.21,7470,3320,2.25,51.50%,63.69%,-0.138457,2026-08-27
COIN,187.4,2026-08-28,1,Call,200.00,-4.87%,0.81,0.85,0.85,22158,9839,2.25,65.14%,92.92%,0.17091,2026-08-27
WDC,457.71,2026-08-28,1,Call,465.00,-0.65%,6.7,6.85,9.35,574,255,2.25,69.89%,97.44%,0.460352,2026-08-27
NBIS,214.06,2026-09-11,15,Call,260.00,-19.00%,3.3,3.15,3.9,615,273,2.25,85.96%,86.67%,0.185643,2026-08-27
EOSE,3.4,2026-12-18,113,Put,2.50,-26.90%,0.29,0.34,0.41,701,311,2.25,100.26%,114.04%,-0.20422,2026-08-27
MU,920.69,2026-08-28,1,Put,937.50,+0.23%,13,14.13,14.25,910,405,2.25,60.44%,64.36%,-0.519022,2026-08-27
TSM,427,2026-08-28,1,Put,417.50,-2.29%,0.58,0.67,0.68,929,413,2.25,34.26%,40.77%,-0.135361,2026-08-27
ESTC,105.05,2026-09-18,22,Call,90.00,-7.48%,5,6.2,7.2,959,426,2.25,88.73%,103.89%,0.441722,2026-08-27
HIMS,31.34,2026-09-04,8,Call,34.00,-7.39%,0.54,0.55,0.63,1443,641,2.25,71.79%,75.35%,0.282172,2026-08-27
AVGO,375.06,2026-08-28,1,Call,372.50,-0.26%,3.65,3.8,4,2000,888,2.25,50.51%,55.03%,0.471124,2026-08-27
MSTR,134.76,2026-09-04,8,Call,160.00,-16.45%,1.27,1.34,1.4,3102,1377,2.25,74.55%,91.68%,0.147236,2026-08-27
CRM,247.85,2026-09-04,8,Call,235.00,+6.76%,18.1,18.39,19.2,775,346,2.24,41.13%,47.97%,0.848594,2026-08-27
MRVL,225.51,2026-09-04,8,Call,310.00,-28.39%,1.42,1.49,1.52,904,404,2.24,77.35%,114.83%,0.083706,2026-08-27
TSLA,355.6,2026-09-02,6,Call,362.50,-2.17%,3.65,3.75,3.75,1041,464,2.24,39.65%,37.05%,0.338998,2026-08-27
COIN,187.4,2026-09-04,8,Call,205.00,-7.49%,3.05,3.15,3.35,1100,490,2.24,65.14%,72.39%,0.269987,2026-08-27
NVDA,228.59,2026-09-25,29,Call,240.00,-5.27%,4,4.1,4.25,5763,2568,2.24,33.59%,32.99%,0.315884,2026-08-27
TSLA,355.6,2026-09-04,8,Call,350.00,+1.36%,10.95,11.05,11.4,6632,2964,2.24,39.65%,40.32%,0.607148,2026-08-27
GOOGL,341.49,2026-09-04,8,Call,340.00,+0.19%,5.6,5.7,5.85,3793,1700,2.23,27.25%,26.19%,0.534917,2026-08-27
AMZN,257.44,2026-08-28,1,Put,272.50,+6.34%,15.8,16.4,16.55,6484,2910,2.23,28.49%,69.27%,-0.953798,2026-08-27
TJX,135.43,2027-06-17,294,Put,125.00,-6.87%,6.5,6.7,7.5,500,224,2.23,21.07%,25.97%,-0.31008,2026-08-27
AAPL,316,2026-08-31,4,Put,300.00,-4.63%,0.11,0.13,0.13,1115,499,2.23,24.42%,25.50%,-0.035648,2026-08-27
TEM,70.1,2027-01-15,141,Call,105.00,-48.54%,4.6,5.39,6,2045,917,2.23,75.74%,79.81%,0.301608,2026-08-27
DELL,466.11,2026-08-28,1,Call,497.50,-5.34%,0.6,0.67,0.67,658,296,2.22,75.44%,70.27%,0.08152,2026-08-27
SPCX,139.92,2026-08-28,1,Call,145.00,-2.93%,0.34,0.35,0.35,42470,19187,2.21,51.09%,55.13%,0.162669,2026-08-27
META,572.68,2026-09-09,13,Call,580.00,-1.56%,9.3,11,12.1,734,332,2.21,34.68%,33.36%,0.422353,2026-08-27
TSLA,355.6,2026-08-31,4,Put,332.50,-6.29%,0.22,0.25,0.24,740,335,2.21,39.65%,36.36%,-0.041376,2026-08-27
LQDA,69.94,2026-08-28,1,Put,65.00,-7.06%,0.05,0.2,0.3,1249,564,2.21,107.53%,108.09%,-0.092632,2026-08-27
AVGO,375.06,2026-08-31,4,Call,370.00,+0.41%,6.35,6.5,7.05,1745,789,2.21,50.51%,37.68%,0.552931,2026-08-27
HOOD,108.65,2026-08-28,1,Put,109.00,-0.69%,1.16,1.2,1.24,2414,1093,2.21,61.20%,68.08%,-0.4148,2026-08-27
SNDK,1454.01,2026-09-04,8,Put,"1,450.00",-2.35%,44.4,45.35,46.8,539,245,2.2,71.65%,71.52%,-0.388135,2026-08-27
XOM,156.25,2026-09-04,8,Call,162.50,-3.87%,0.5,0.53,0.6,555,252,2.2,27.07%,26.36%,0.171252,2026-08-27
TSLA,355.6,2026-08-31,4,Call,372.50,-4.99%,0.56,0.58,0.59,745,338,2.2,39.65%,34.85%,0.095999,2026-08-27
TEM,70.1,2026-08-28,1,Call,71.00,-0.44%,1.01,1.24,1.24,838,381,2.2,75.74%,85.91%,0.471051,2026-08-27
FLY,22,2026-11-20,85,Put,22.00,-0.72%,3.4,3.86,4,919,418,2.2,88.32%,91.87%,-0.400484,2026-08-27
GOOGL,341.49,2026-09-11,15,Call,355.00,-4.21%,2.25,2.4,2.57,1266,576,2.2,27.25%,26.17%,0.23411,2026-08-27
NVDA,228.59,2026-09-25,29,Call,290.00,-27.20%,0.09,0.12,0.16,2579,1170,2.2,33.59%,37.96%,0.014945,2026-08-27
MRVL,225.51,2026-08-28,1,Put,225.00,-6.81%,5.05,5.1,5.2,2645,1200,2.2,77.35%,237.18%,-0.263948,2026-08-27
MU,920.69,2026-08-28,1,Put,870.00,-6.99%,0.32,0.38,0.43,4070,1850,2.2,60.44%,72.76%,-0.027168,2026-08-27
MRVL,225.51,2026-08-28,1,Put,245.00,+1.47%,14.2,14.52,14.8,4199,1911,2.2,77.35%,249.42%,-0.518325,2026-08-27
AMZN,257.44,2026-08-28,1,Put,270.00,+5.36%,13.55,13.68,14.3,4867,2215,2.2,28.49%,62.56%,-0.9432,2026-08-27
PLTR,184.97,2026-09-04,8,Call,185.00,+0.50%,5.7,5.82,5.9,5886,2687,2.19,47.06%,47.90%,0.546727,2026-08-27
XPEV,11.47,2026-09-11,15,Call,12.50,-10.33%,0.1,0.12,0.16,531,243,2.19,50.01%,53.31%,0.199992,2026-08-27
SBUX,107.85,2026-09-04,8,Call,108.00,-0.69%,0.75,1.36,1.76,616,281,2.19,26.43%,24.93%,0.436281,2026-08-27
GOOGL,341.49,2026-08-31,4,Call,355.00,-4.21%,0.13,0.13,0.22,873,399,2.19,27.25%,23.60%,0.050174,2026-08-27
IREN,38.13,2026-09-11,15,Call,41.00,-1.16%,3.1,3.23,3.35,1216,555,2.19,95.43%,104.18%,0.523149,2026-08-27
ZS,186.85,2026-08-28,1,Call,190.00,-1.44%,1.2,1.28,1.5,1547,706,2.19,76.41%,62.50%,0.337914,2026-08-27
RKLB,66.58,2026-08-28,1,Put,82.00,+21.43%,13.7,16.6,16.55,653,300,2.18,67.40%,307.34%,-0.870013,2026-08-27
NOW,138.09,2026-10-02,36,Call,150.00,-8.36%,4.65,5.1,5.25,1189,545,2.18,53.02%,52.52%,0.351219,2026-08-27
IBRX,8.38,2026-09-18,22,Call,10.00,-19.05%,0.15,0.18,0.2,1708,782,2.18,71.10%,77.85%,0.210319,2026-08-27
OKLO,42.2,2026-12-18,113,Call,70.00,-64.59%,2.18,2.24,2.6,2224,1020,2.18,76.84%,90.64%,0.238141,2026-08-27
TSLA,355.6,2026-09-02,6,Call,355.00,-0.05%,6.5,6.7,6.75,3207,1474,2.18,39.65%,36.45%,0.509845,2026-08-27
MGM,43.1,2027-01-15,141,Put,60.00,+39.63%,15,16.5,18.5,4200,1925,2.18,38.68%,35.03%,-0.971552,2026-08-27
INTC,90.3,2026-08-31,4,Call,95.00,-3.16%,0.8,0.82,0.84,4977,2298,2.17,58.82%,49.34%,0.284295,2026-08-27
PBR,18.44,2026-10-16,50,Call,19.00,-4.11%,0.76,0.79,0.83,8330,3843,2.17,34.88%,40.80%,0.42724,2026-08-27
LULU,116.3,2026-08-28,1,Put,118.00,+2.61%,2.2,2.82,3.35,812,374,2.17,57.12%,25.56%,-0.975234,2026-08-27
AMD,471.7,2028-12-15,841,Call,900.00,-88.81%,92.25,94.89,99,1509,694,2.17,51.50%,61.27%,0.454564,2026-08-27
NVDA,228.59,2026-08-28,1,Put,240.00,+5.27%,11,12.14,14.25,1566,722,2.17,33.59%,84.18%,-0.873649,2026-08-27
MSFT,505.8,2026-09-04,8,Put,490.00,-2.98%,2.24,2.28,2.38,1808,833,2.17,25.46%,26.07%,-0.206577,2026-08-27
BABA,116.6,2026-09-04,8,Put,115.00,-1.13%,1.87,1.9,1.94,2191,1010,2.17,40.77%,36.73%,-0.40645,2026-08-27
INTC,90.3,2026-08-31,4,Put,87.00,-5.53%,0.3,0.35,0.38,557,258,2.16,58.82%,50.66%,-0.134669,2026-08-27
WW,16.38,2026-11-20,85,Call,35.00,-113.68%,0.5,0.5,0.6,768,356,2.16,97.79%,116.46%,0.145777,2026-08-27
SNDK,1454.01,2026-08-28,1,Put,"1,420.00",-4.37%,4.7,4.94,5.2,939,435,2.16,71.65%,83.02%,-0.146136,2026-08-27
EOSE,3.4,2026-09-04,8,Put,4.00,+16.96%,0.44,0.64,0.64,1177,546,2.16,100.26%,115.92%,-0.7955,2026-08-27
ARM,253.1,2026-08-28,1,Call,260.00,-1.88%,2.2,2.4,2.5,1750,812,2.16,65.21%,80.34%,0.337648,2026-08-27
MU,920.69,2026-09-02,6,Call,940.00,-0.49%,23.6,25,26.9,502,233,2.15,60.44%,56.81%,0.490802,2026-08-27
SPCX,139.92,2026-09-04,8,Call,142.00,-0.80%,3.6,3.65,3.7,3442,1604,2.15,51.09%,49.58%,0.475547,2026-08-27
IREN,38.13,2026-08-28,1,Put,34.00,-16.11%,0.22,0.22,0.23,5157,2404,2.15,95.43%,257.36%,-0.084984,2026-08-27
CRM,247.85,2027-01-15,141,Put,200.00,-20.65%,6,6.45,6.9,6672,3101,2.15,41.13%,44.57%,-0.155435,2026-08-27
NVDA,228.59,2026-09-11,15,Call,245.00,-7.47%,0.98,1.32,1.4,7112,3304,2.15,33.59%,33.09%,0.153776,2026-08-27
SONY,24.71,2026-12-18,113,Call,25.00,-3.86%,1.35,1.39,1.45,10951,5084,2.15,26.69%,32.00%,0.469807,2026-08-27
NBIS,214.06,2026-08-28,1,Call,225.00,-2.98%,1.94,2.06,2.08,4172,1949,2.14,85.96%,98.03%,0.292679,2026-08-27
AAPL,316,2026-09-04,8,Call,317.50,-0.93%,3.05,3.2,3.3,4236,1978,2.14,24.42%,23.53%,0.410119,2026-08-27
SNDK,1454.01,2026-08-28,1,Call,"1,605.00",-8.08%,1.25,1.49,1.9,562,263,2.14,71.65%,90.80%,0.053709,2026-08-27
ORCL,152.59,2026-09-25,29,Put,95.00,-37.48%,0.15,0.28,0.4,589,275,2.14,69.45%,85.51%,-0.018934,2026-08-27
SNDK,1454.01,2026-08-28,1,Call,"1,610.00",-8.42%,1.15,1.3,1.45,536,252,2.13,71.65%,90.17%,0.045771,2026-08-27
JMIA,7.08,2026-09-11,15,Put,7.00,-0.99%,0.25,0.3,0.4,618,290,2.13,68.45%,63.93%,-0.44007,2026-08-27
SNDK,1454.01,2026-08-28,1,Put,"1,465.00",-1.34%,15.8,16,16.7,651,305,2.13,71.65%,81.24%,-0.366405,2026-08-27
AAL,13.85,2026-09-04,8,Put,16.00,+16.62%,2.15,2.34,2.54,656,308,2.13,45.63%,76.60%,-0.902881,2026-08-27
MSFT,505.8,2026-09-04,8,Call,525.00,-3.95%,1.54,1.6,1.68,1237,581,2.13,25.46%,25.60%,0.162033,2026-08-27
PLTR,184.97,2026-08-28,1,Call,182.50,+1.84%,4.15,4.25,4.4,23402,10997,2.13,47.06%,55.11%,0.74649,2026-08-27
AMZN,257.44,2026-08-31,4,Call,265.00,-3.41%,0.28,0.3,0.33,4406,2082,2.12,28.49%,24.41%,0.099504,2026-08-27
OXY,59.13,2026-08-28,1,Call,60.00,-1.40%,0.13,0.16,0.17,7484,3525,2.12,32.10%,35.93%,0.233068,2026-08-27
MU,920.69,2026-08-31,4,Call,945.00,-1.03%,10.7,14.35,15,526,248,2.12,60.44%,43.50%,0.423415,2026-08-27
MSFT,505.8,2026-08-28,1,Put,510.00,+0.98%,5.85,6.2,6.3,555,262,2.12,25.46%,28.37%,-0.740521,2026-08-27
SLB,55.3,2026-09-04,8,Call,56.00,-1.80%,0.42,0.78,1.06,961,453,2.12,34.99%,35.46%,0.379139,2026-08-27
SPCX,139.92,2026-09-04,8,Call,143.00,-1.51%,3.15,3.23,3.25,1364,643,2.12,51.09%,49.30%,0.43713,2026-08-27
KOPN,4.85,2026-10-16,50,Call,5.50,-14.11%,0.2,0.45,0.6,500,237,2.11,90.13%,89.58%,0.414106,2026-08-27
JD,28.49,2026-10-16,50,Call,29.00,-1.79%,1.05,1.18,1.23,584,277,2.11,29.87%,35.92%,0.440629,2026-08-27
IREN,38.13,2026-09-04,8,Call,40.50,+0.07%,2.9,3.02,3.1,800,380,2.11,95.43%,124.30%,0.539968,2026-08-27
BIDU,98.2,2026-09-18,22,Put,150.00,+54.73%,51.3,53.43,55.2,851,403,2.11,41.07%,95.86%,-0.964367,2026-08-27
NKE,38.78,2026-09-04,8,Call,38.00,+1.14%,0.73,0.76,0.83,1217,578,2.11,37.26%,23.68%,0.633953,2026-08-27
NBIS,214.06,2026-09-04,8,Call,230.00,-5.27%,6.2,6.7,6.55,1587,751,2.11,85.96%,84.21%,0.365594,2026-08-27
AMZN,257.44,2026-09-25,29,Call,295.00,-15.12%,0.5,0.56,0.53,2287,1083,2.11,28.49%,30.16%,0.057116,2026-08-27
META,572.68,2026-08-28,1,Put,545.00,-4.57%,0.14,0.17,0.17,2682,1272,2.11,34.68%,47.26%,-0.028291,2026-08-27
AVGO,375.06,2026-08-28,1,Put,365.00,-1.76%,1.74,1.91,2,3514,1662,2.11,50.51%,57.16%,-0.270589,2026-08-27
MRVL,225.51,2026-09-04,8,Call,260.00,-7.68%,8.5,8.7,8.95,3661,1732,2.11,77.35%,110.17%,0.35657,2026-08-27
MARA,11.7,2026-09-11,15,Call,14.00,-17.94%,0.21,0.23,0.27,5349,2532,2.11,87.16%,90.43%,0.211691,2026-08-27
META,572.68,2026-08-28,1,Call,585.00,-2.43%,1.03,1.06,1.08,14112,6691,2.11,34.68%,44.40%,0.154023,2026-08-27
XE,18.55,2026-09-18,22,Call,30.00,-62.43%,0.15,0.16,0.2,16633,7904,2.1,95.53%,124.69%,0.077175,2026-08-27
FIG,30.18,2026-08-28,1,Call,29.50,+3.66%,1.1,1.45,1.75,852,406,2.1,74.01%,116.38%,0.740175,2026-08-27
AAPL,316,2026-08-28,1,Put,317.50,+0.93%,3.2,3.35,3.65,1142,544,2.1,24.42%,23.78%,-0.768012,2026-08-27
CRWV,86.14,2026-08-28,1,Call,87.00,-0.23%,1.33,1.36,1.39,1662,792,2.1,73.57%,80.12%,0.487416,2026-08-27
SPCX,139.92,2026-08-28,1,Call,133.00,+5.59%,7.8,8,8.1,2279,1086,2.1,51.09%,61.85%,0.963663,2026-08-27
RKLB,66.58,2026-09-25,29,Put,63.00,-6.71%,2.1,3.2,3.3,799,383,2.09,67.40%,63.91%,-0.312393,2026-08-27
HRL,21.34,2026-08-28,1,Put,23.00,+8.08%,1.6,1.72,1.8,906,434,2.09,25.44%,77.06%,-0.971656,2026-08-27
WMT,103.28,2026-08-28,1,Call,104.00,-1.33%,0.1,0.1,0.11,7337,3505,2.09,22.06%,24.54%,0.153732,2026-08-27
NBIS,214.06,2026-08-28,1,Call,240.00,-9.85%,0.24,0.26,0.29,9554,4563,2.09,85.96%,108.35%,0.051928,2026-08-27
WULF,16.35,2026-08-28,1,Put,16.00,-2.97%,0.09,0.13,0.15,3919,1880,2.08,85.59%,88.97%,-0.25432,2026-08-27
RIOT,20.66,2026-09-18,22,Call,29.00,-38.89%,0.15,0.18,0.25,5360,2574,2.08,85.71%,93.91%,0.096779,2026-08-27
IREN,38.13,2026-10-16,50,Call,40.00,+1.31%,5.85,5.9,6,5767,2775,2.08,95.43%,94.08%,0.589595,2026-08-27
MRNA,138,2026-08-28,1,Call,141.00,+1.24%,3.5,4.42,4.2,504,242,2.08,73.49%,96.90%,0.607701,2026-08-27
SNDK,1454.01,2026-08-28,1,Call,"1,625.00",-9.43%,0.6,0.97,1.35,596,286,2.08,71.65%,93.37%,0.03457,2026-08-27
CLF,11.89,2026-11-20,85,Call,16.00,-35.25%,0.17,0.38,0.41,604,290,2.08,59.08%,58.70%,0.18045,2026-08-27
NKE,38.78,2026-09-11,15,Call,38.00,+1.14%,0.9,0.96,1.02,606,291,2.08,37.26%,23.44%,0.602758,2026-08-27
TSLA,355.6,2026-09-18,22,Call,352.50,+0.65%,15,15.1,15.25,976,469,2.08,39.65%,39.12%,0.555207,2026-08-27
NVDA,228.59,2026-09-18,22,Put,207.50,-8.98%,1.25,1.47,1.72,1540,742,2.08,33.59%,37.07%,-0.13588,2026-08-27
BETR,14.87,2026-09-18,22,Call,17.50,-19.95%,0.65,0.69,0.7,1805,868,2.08,113.45%,112.04%,0.303013,2026-08-27
IREN,38.13,2026-09-04,8,Call,43.00,-6.09%,2.04,2.11,2.11,1854,893,2.08,95.43%,127.74%,0.415228,2026-08-27
COHR,290.3,2026-08-28,1,Call,300.00,-1.56%,3.5,3.8,4,2248,1079,2.08,74.04%,92.55%,0.384594,2026-08-27
BTBT,1.58,2026-09-04,8,Call,1.5000,+5.66%,0.11,0.12,0.15,722,349,2.07,89.05%,83.22%,0.705766,2026-08-27
META,572.68,2026-09-04,8,Call,577.50,-1.12%,9.15,9.41,9.85,762,369,2.07,34.68%,36.17%,0.433253,2026-08-27
PDD,85.25,2026-11-20,85,Put,60.00,-29.15%,0.01,0.26,0.34,1291,625,2.07,31.75%,39.72%,-0.026457,2026-08-27
CRSR,11.98,2027-02-19,176,Call,15.00,-25.21%,1.45,1.55,1.85,1640,791,2.07,63.71%,77.20%,0.453516,2026-08-27
MRVL,225.51,2026-08-28,1,Call,242.50,-0.43%,11.85,12.15,12.25,3031,1467,2.07,77.35%,248.71%,0.512958,2026-08-27
MRVL,225.51,2026-08-28,1,Put,215.00,-10.95%,2.3,2.36,2.38,4526,2191,2.07,77.35%,226.58%,-0.149533,2026-08-27
NVDA,228.59,2026-09-11,15,Put,210.00,-7.89%,1.1,1.17,1.22,7797,3781,2.06,33.59%,37.62%,-0.129039,2026-08-27
META,572.68,2026-08-31,4,Call,602.50,-5.50%,0.52,0.6,0.69,525,255,2.06,34.68%,33.80%,0.068797,2026-08-27
GM,86.74,2026-10-16,50,Call,90.00,-4.43%,2.41,2.46,2.49,557,270,2.06,31.11%,30.42%,0.383951,2026-08-27
BB,8.69,2026-10-16,50,Call,10.00,-15.61%,0.48,0.47,0.6,680,330,2.06,67.67%,78.04%,0.366854,2026-08-27
TSM,427,2026-09-25,29,Put,400.00,-6.39%,4.7,5.55,5.35,708,343,2.06,34.26%,32.54%,-0.215248,2026-08-27
SNDK,1454.01,2026-09-04,8,Call,"1,500.00",-1.01%,55.1,56.84,57.1,917,445,2.06,71.65%,71.29%,0.485941,2026-08-27
SMCI,37.91,2026-09-04,8,Put,37.00,-3.80%,0.96,0.96,1.01,1587,770,2.06,70.80%,72.81%,-0.337507,2026-08-27
AMZN,257.44,2026-09-02,6,Call,267.50,-4.39%,0.47,0.53,0.53,566,276,2.05,28.49%,27.23%,0.116061,2026-08-27
NKE,38.78,2026-09-18,22,Call,38.50,-0.16%,0.92,1,1,947,462,2.05,37.26%,26.47%,0.500779,2026-08-27
META,572.68,2026-09-11,15,Call,635.00,-11.19%,1.49,1.55,1.67,1048,510,2.05,34.68%,36.51%,0.084101,2026-08-27
AFRM,86.36,2026-08-28,1,Call,86.00,-10.98%,1.26,1.5,1.56,1097,534,2.05,69.52%,259.37%,0.242273,2026-08-27
META,572.68,2026-08-28,1,Call,607.50,-6.37%,0.08,0.1,0.12,1803,881,2.05,34.68%,55.21%,0.016982,2026-08-27
SPCX,139.92,2026-09-18,22,Put,210.00,+49.07%,67.75,69.7,70.95,3101,1513,2.05,51.09%,87.06%,-0.966338,2026-08-27
NOK,10.56,2027-12-17,477,Call,15.00,-41.64%,1.93,2,2,11022,5383,2.05,55.62%,65.05%,0.474203,2026-08-27
TSM,427,2028-12-15,841,Put,470.00,+9.99%,113.5,115.38,117.35,511,250,2.04,34.26%,42.02%,-0.411631,2026-08-27
APLD,27.19,2026-09-04,8,Put,30.00,+9.33%,2.82,3,3.45,922,452,2.04,89.46%,91.16%,-0.722503,2026-08-27
HOOD,108.65,2026-09-04,8,Call,112.00,-2.04%,3,3.05,3.15,1106,543,2.04,61.20%,62.05%,0.434326,2026-08-27
PLTR,184.97,2026-10-02,36,Put,120.00,-35.46%,0.23,0.25,0.27,1531,750,2.04,47.06%,69.09%,-0.016095,2026-08-27
AMD,471.7,2026-08-31,4,Call,500.00,-4.89%,1.98,2.01,2.13,1900,932,2.04,51.50%,46.29%,0.170116,2026-08-27
PWR,621.89,2026-09-18,22,Put,550.00,-11.55%,3.1,3.6,4.7,573,282,2.03,42.82%,44.07%,-0.113773,2026-08-27
NBIS,214.06,2026-09-04,8,Put,205.00,-6.17%,4.85,5.17,5.5,1000,493,2.03,85.96%,85.10%,-0.282973,2026-08-27
TTD,13.45,2026-09-18,22,Call,13.50,-0.60%,0.6,0.7,0.7,1332,656,2.03,53.24%,51.29%,0.513213,2026-08-27
MU,920.69,2026-08-28,1,Call,995.00,-6.37%,0.66,0.73,0.68,2462,1212,2.03,60.44%,69.93%,0.047781,2026-08-27
COIN,187.4,2026-09-11,15,Call,200.00,-4.87%,6.3,6.5,7,3459,1703,2.03,65.14%,66.81%,0.392768,2026-08-27
CRWV,86.14,2026-08-28,1,Call,89.00,-2.53%,0.63,0.67,0.68,3873,1907,2.03,73.57%,81.92%,0.287724,2026-08-27
NVDA,228.59,2026-09-04,8,Put,202.50,-11.18%,0.25,0.25,0.29,3935,1939,2.03,33.59%,47.17%,-0.040806,2026-08-27
MSFT,505.8,2026-08-28,1,Call,517.50,-2.46%,0.2,0.21,0.24,4457,2193,2.03,25.46%,30.23%,0.063644,2026-08-27
MRVL,225.51,2026-08-28,1,Put,200.00,-17.17%,0.47,0.52,0.53,8344,4119,2.03,77.35%,216.68%,-0.042879,2026-08-27
PDD,85.25,2026-08-28,1,Call,85.00,-0.37%,0.42,0.52,0.51,567,281,2.02,31.75%,34.09%,0.424526,2026-08-27
MRVL,225.51,2026-08-28,1,Call,262.50,-8.72%,5.25,5.4,5.5,1364,675,2.02,77.35%,253.75%,0.286951,2026-08-27
BIDU,98.2,2026-09-18,22,Put,140.00,+44.42%,41.95,43.5,45.2,1420,703,2.02,41.07%,95.85%,-0.928888,2026-08-27
APLD,27.19,2026-10-16,50,Call,36.00,-31.20%,1.1,1.39,1.41,1480,731,2.02,89.46%,90.29%,0.264247,2026-08-27
CVNA,74.3,2026-10-16,50,Call,80.00,-7.98%,3.9,4.1,4.4,1548,765,2.02,56.42%,57.75%,0.409638,2026-08-27
NOW,138.09,2026-09-18,22,Call,148.00,-6.91%,3.65,3.7,3.85,565,281,2.01,53.02%,53.46%,0.334645,2026-08-27
NBIS,214.06,2026-10-02,36,Call,225.00,-2.98%,19.7,20.18,22.9,621,309,2.01,85.96%,86.98%,0.516869,2026-08-27
BABA,116.6,2026-09-04,8,Call,127.00,-9.19%,0.3,0.38,0.38,718,357,2.01,40.77%,44.55%,0.096766,2026-08-27
MS,214.31,2026-12-18,113,Call,250.00,-16.35%,3.7,3.75,4,825,411,2.01,29.15%,29.40%,0.20883,2026-08-27
PATH,18.13,2026-10-16,50,Call,20.00,-9.11%,1.43,1.48,1.5,1053,524,2.01,81.18%,76.81%,0.441668,2026-08-27
META,572.68,2026-08-31,4,Call,580.00,-1.56%,3.65,3.77,4,3132,1556,2.01,34.68%,30.67%,0.324722,2026-08-27
MU,920.69,2026-09-04,8,Call,"1,000.00",-6.91%,11,11.73,12,3790,1881,2.01,60.44%,60.25%,0.243354,2026-08-27
CRWV,86.14,2026-08-28,1,Put,87.00,+0.23%,1.46,1.56,1.6,3551,1773,2,73.57%,78.91%,-0.513213,2026-08-27
NTSK,15.15,2026-09-18,22,Call,17.50,-15.74%,0.8,0.95,1.05,5807,2899,2,105.86%,117.62%,0.361529,2026-08-27
MU,920.69,2026-09-04,8,Put,880.00,-5.92%,11.05,11.2,11.65,610,305,2,60.44%,59.41%,-0.227849,2026-08-27
CRCL,92.6,2026-08-28,1,Call,99.00,-5.05%,0.45,0.52,0.51,719,360,2,79.87%,100.62%,0.182078,2026-08-27
LCID,5.14,2026-12-18,113,Call,11.00,-116.11%,0.05,0.18,0.2,764,382,2,89.44%,94.10%,0.11755,2026-08-27
BB,8.69,2026-10-16,50,Call,11.00,-27.17%,0.32,0.33,0.35,948,473,2,67.67%,78.80%,0.254326,2026-08-27
SOFI,19.3,2026-09-04,8,Put,19.50,+1.67%,0.72,0.72,0.75,982,490,2,50.53%,49.81%,-0.571306,2026-08-27
STM,51.07,2027-01-15,141,Put,105.00,+104.52%,53.2,53.8,54.2,1000,500,2,50.73%,66.48%,-0.973841,2026-08-27
BA,210.76,2026-08-28,1,Call,212.50,-1.24%,0.38,0.43,0.44,2714,1356,2,28.73%,30.08%,0.218385,2026-08-27
CSCO,112.4,2026-08-28,1,Call,112.00,+0.13%,0.84,0.86,0.94,2859,1426,2,29.34%,34.59%,0.53434,2026-08-27
MRNA,138,2026-09-04,8,Call,170.00,-19.07%,0.85,1,1.23,692,347,1.99,73.49%,92.61%,0.115279,2026-08-27
SU,66.11,2026-12-18,113,Call,90.00,-35.50%,0.3,0.3,0.4,894,450,1.99,28.96%,34.05%,0.067815,2026-08-27
P,98.89,2026-09-18,22,Call,110.00,-10.84%,2.2,2.3,2.5,961,484,1.99,60.98%,61.19%,0.275716,2026-08-27
NVDA,228.59,2026-09-04,8,Put,207.50,-8.98%,0.38,0.39,0.51,1979,994,1.99,33.59%,43.67%,-0.067034,2026-08-27
CRWD,227.49,2026-09-18,22,Put,215.00,-5.69%,6,6.14,6.4,904,457,1.98,53.09%,54.01%,-0.300892,2026-08-27
BE,215.6,2026-08-28,1,Put,220.00,+1.00%,5.05,5.16,5.3,1265,638,1.98,84.79%,87.70%,-0.575872,2026-08-27
TEM,70.1,2026-08-28,1,Call,75.00,-6.10%,0.15,0.19,0.2,3857,1951,1.98,75.74%,90.43%,0.110358,2026-08-27
DIS,107.37,2026-09-18,22,Put,105.00,-1.70%,1.16,1.4,1.72,6340,3197,1.98,23.16%,21.74%,-0.360086,2026-08-27
AAPL,316,2026-09-02,6,Call,312.50,+0.66%,4.6,4.9,5.05,842,428,1.97,24.42%,22.39%,0.604201,2026-08-27
AMD,471.7,2026-08-28,1,Call,497.50,-4.37%,0.79,0.85,0.94,1358,688,1.97,51.50%,65.73%,0.110639,2026-08-27
XOM,156.25,2026-09-04,8,Call,165.00,-5.47%,0.24,0.28,0.32,1975,1005,1.97,27.07%,27.11%,0.096425,2026-08-27
TSLA,355.6,2026-09-11,15,Call,357.50,-0.76%,9.9,9.99,10.25,512,261,1.96,39.65%,38.65%,0.484763,2026-08-27
CBRS,183.79,2027-01-15,141,Call,350.00,-87.50%,9.7,10.4,14,535,273,1.96,84.09%,96.68%,0.235474,2026-08-27
TRGP,289.12,2026-12-18,113,Call,300.00,-3.82%,17.8,17.53,20.2,539,275,1.96,31.90%,35.92%,0.475609,2026-08-27
ANET,199.8,2026-08-28,1,Call,207.50,-3.19%,0.28,0.56,0.66,1176,600,1.96,48.51%,57.30%,0.151963,2026-08-27
AAPL,316,2026-08-28,1,Call,322.50,-2.52%,0.1,0.11,0.11,19265,9820,1.96,24.42%,29.05%,0.05241,2026-08-27
IREN,38.13,2026-08-28,1,Call,45.00,-11.03%,0.93,0.93,0.94,21707,11089,1.96,95.43%,288.91%,0.269056,2026-08-27
MRNA,138,2026-08-28,1,Put,140.00,-1.94%,1.55,1.75,1.92,6707,3443,1.95,73.49%,98.85%,-0.342269,2026-08-27
SNDK,1454.01,2026-08-28,1,Put,"1,320.00",-11.11%,0.2,0.2,0.45,549,282,1.95,71.65%,100.65%,-0.011824,2026-08-27
CRWD,227.49,2026-09-04,8,Put,195.00,-14.46%,0.35,0.4,0.6,631,323,1.95,53.09%,66.09%,-0.049212,2026-08-27
NFLX,80.17,2026-10-02,36,Call,85.00,-6.46%,1.35,1.4,1.41,819,421,1.95,32.23%,31.50%,0.292301,2026-08-27
CORZ,17.52,2026-09-04,8,Put,16.50,-6.36%,0.1,0.28,0.43,978,501,1.95,68.38%,68.34%,-0.239884,2026-08-27
BTU,29.4,2026-09-18,22,Call,32.00,-8.70%,0.41,0.58,0.63,1027,526,1.95,50.49%,47.97%,0.262296,2026-08-27
TSLA,355.6,2026-09-04,8,Call,347.50,+2.06%,12.45,13,12.7,1329,683,1.95,39.65%,39.71%,0.654338,2026-08-27
CRCL,92.6,2026-08-28,1,Call,94.00,+0.25%,1.86,2.13,2,1334,684,1.95,79.87%,91.74%,0.531561,2026-08-27
SNDK,1454.01,2026-08-28,1,Put,"1,450.00",-2.35%,10.9,11.5,11.7,2403,1232,1.95,71.65%,81.69%,-0.280767,2026-08-27
SNDK,1454.01,2026-08-28,1,Call,"1,460.00",+1.68%,38.5,40,40,629,324,1.94,71.65%,80.35%,0.665077,2026-08-27
MU,920.69,2026-09-04,8,Call,955.00,-2.10%,24.05,24.05,25,639,329,1.94,60.44%,59.35%,0.427257,2026-08-27
BSX,46.84,2027-01-15,141,Put,75.00,+60.70%,26.2,28.5,29.6,1544,796,1.94,38.21%,53.04%,-0.93124,2026-08-27
MU,920.69,2026-08-28,1,Put,935.00,-0.04%,11.9,14,16.7,2255,1161,1.94,60.44%,74.44%,-0.487135,2026-08-27
SOFI,19.3,2026-09-04,8,Put,19.00,-0.94%,0.46,0.47,0.47,3454,1776,1.94,50.53%,49.37%,-0.430746,2026-08-27
MRNA,138,2026-08-28,1,Call,150.00,-5.06%,0.56,0.76,0.85,7821,4038,1.94,73.49%,99.65%,0.178992,2026-08-27
AMD,471.7,2026-08-28,1,Call,480.00,-0.70%,4.75,4.8,5,9706,5015,1.94,51.50%,63.91%,0.425258,2026-08-27
PCG,18.4,2026-08-28,1,Call,19.00,-5.85%,0.05,0.12,0.46,12544,6458,1.94,46.47%,168.33%,0.27409,2026-08-27
ONDS,8.66,2026-09-04,8,Call,9.00,-2.86%,0.25,0.29,0.29,7679,3978,1.93,73.94%,72.40%,0.42001,2026-08-27
NFLX,80.17,2026-08-28,1,Call,80.00,-0.20%,0.48,0.5,0.5,15787,8198,1.93,32.23%,33.72%,0.460581,2026-08-27
JNJ,266.33,2026-08-28,1,Call,270.00,-1.59%,0.01,0.26,0.33,808,418,1.93,23.30%,24.04%,0.106516,2026-08-27
NVDA,228.59,2026-10-02,36,Call,260.00,-14.05%,1.15,1.49,1.58,957,497,1.93,33.59%,33.40%,0.120989,2026-08-27
CRCL,92.6,2026-08-28,1,Call,97.00,-2.93%,0.85,0.96,0.94,1638,848,1.93,79.87%,98.82%,0.297929,2026-08-27
PLTR,184.97,2026-08-28,1,Put,190.00,+2.19%,4.55,4.65,4.8,509,265,1.92,47.06%,51.92%,-0.782764,2026-08-27
BMNR,25.14,2026-10-16,50,Put,25.00,-2.46%,2.66,2.69,2.73,567,295,1.92,81.37%,82.07%,-0.402697,2026-08-27
DELL,466.11,2026-08-28,1,Put,455.00,-3.65%,1.39,1.49,1.73,723,376,1.92,75.44%,73.29%,-0.160619,2026-08-27
MRNA,138,2026-08-28,1,Put,143.00,+0.16%,2.31,3.2,3.35,835,436,1.92,73.49%,91.18%,-0.503259,2026-08-27
STX,836.01,2026-08-28,1,Call,900.00,-6.23%,1.55,1.57,2.6,1100,574,1.92,68.37%,91.57%,0.108285,2026-08-27
HIMS,31.34,2026-09-04,8,Call,32.00,-1.07%,1.09,1.23,1.29,1330,692,1.92,71.79%,71.42%,0.483786,2026-08-27
PURR,12.59,2026-09-18,22,Call,15.00,-16.91%,0.65,0.68,0.75,11209,5846,1.92,102.21%,113.59%,0.339744,2026-08-27
GOOGL,341.49,2026-08-28,1,Call,345.00,-1.28%,0.58,0.62,0.62,11649,6069,1.92,27.25%,29.13%,0.206525,2026-08-27
AAPL,316,2026-08-31,4,Call,317.50,-0.93%,1.26,1.4,1.46,3415,1792,1.91,24.42%,19.08%,0.331932,2026-08-27
IREN,38.13,2026-08-28,1,Call,41.50,-2.39%,1.89,1.91,1.95,3625,1902,1.91,95.43%,277.20%,0.464222,2026-08-27
MU,920.69,2026-08-28,1,Put,930.00,-0.58%,9.6,10,10.4,4559,2392,1.91,60.44%,64.43%,-0.424378,2026-08-27
TSLA,355.6,2026-08-28,1,Call,340.00,+4.17%,14.7,14.7,15,7236,3788,1.91,39.65%,30.41%,0.996446,2026-08-27
SPCX,139.92,2026-08-28,1,Put,140.00,-0.62%,1.08,1.07,1.11,12814,6715,1.91,51.09%,50.99%,-0.401801,2026-08-27
ASML,1735.23,2026-09-18,22,Put,"1,440.00",-17.00%,2.55,3.58,4.1,587,308,1.91,42.44%,45.42%,-0.040728,2026-08-27
SEDG,33.38,2026-08-28,1,Call,34.00,-1.46%,0.32,0.42,0.58,820,430,1.91,80.37%,94.39%,0.394675,2026-08-27
BMY,67.03,2026-08-28,1,Put,67.00,+0.07%,0.27,0.41,0.58,918,481,1.91,25.62%,28.57%,-0.516933,2026-08-27
TSLA,355.6,2026-09-18,22,Put,347.50,-2.06%,9.65,9.75,9.8,1166,611,1.91,39.65%,38.83%,-0.387914,2026-08-27
HRL,21.34,2026-08-28,1,Put,24.00,+12.78%,2.55,2.66,2.8,1238,649,1.91,25.44%,111.12%,-0.97916,2026-08-27
SOFI,19.3,2026-09-18,22,Call,19.50,-1.67%,0.8,0.81,0.83,1691,886,1.91,50.53%,50.10%,0.477961,2026-08-27
GAP,24.68,2026-09-04,8,Call,21.00,-1.01%,1.29,1.41,1.48,850,447,1.9,70.10%,120.73%,0.513048,2026-08-27
SPCX,139.92,2027-09-17,386,Put,85.00,-39.66%,6.1,7,7.15,1427,750,1.9,51.09%,59.76%,-0.117375,2026-08-27
META,572.68,2026-08-28,1,Put,575.00,+0.68%,6.8,6.9,7.3,4365,2299,1.9,34.68%,40.80%,-0.619795,2026-08-27
NVDA,228.59,2026-11-20,85,Put,225.00,-1.31%,13.8,14.15,14.45,5941,3122,1.9,33.59%,37.47%,-0.422586,2026-08-27
PBR,18.44,2027-03-19,204,Put,16.00,-12.33%,0.88,0.95,1.01,10100,5316,1.9,34.88%,37.76%,-0.2609,2026-08-27
ASTS,60.86,2026-10-16,50,Put,55.00,-10.48%,3.5,3.57,3.75,22568,11909,1.9,72.67%,75.20%,-0.290375,2026-08-27
ULTA,542,2026-08-28,1,Put,450.00,-16.68%,0.4,0.58,0.6,586,310,1.89,47.56%,182.17%,-0.024856,2026-08-27
MSTR,134.76,2026-09-04,8,Call,155.00,-12.81%,1.78,1.87,1.95,968,513,1.89,74.55%,88.43%,0.197885,2026-08-27
CRWD,227.49,2026-08-28,1,Call,212.50,+6.78%,15.2,15.8,17.3,1207,637,1.89,53.09%,113.97%,0.886639,2026-08-27
TSLA,355.6,2026-08-31,4,Put,335.00,-5.58%,0.3,0.32,0.33,1746,926,1.89,39.65%,35.14%,-0.055903,2026-08-27
SPCX,139.92,2026-09-18,22,Put,215.00,+52.62%,72.5,73.55,76,500,266,1.88,51.09%,86.50%,-0.976966,2026-08-27
MRVL,225.51,2026-09-04,8,Put,210.00,-13.03%,3.2,3.35,3.45,810,431,1.88,77.35%,103.08%,-0.159766,2026-08-27
C,133.32,2028-01-21,512,Call,145.00,-9.29%,15.15,16.25,17.4,1000,533,1.88,27.47%,31.72%,0.50168,2026-08-27
TSLA,355.6,2026-09-11,15,Put,330.00,-6.99%,2.51,2.54,2.57,1633,868,1.88,39.65%,38.96%,-0.164917,2026-08-27
IREN,38.13,2026-09-18,22,Call,52.00,-28.30%,1.08,1.1,1.12,2263,1202,1.88,95.43%,106.40%,0.207511,2026-08-27
MU,920.69,2026-08-28,1,Call,900.00,+3.78%,35.8,37.5,38.5,4337,2308,1.88,60.44%,61.70%,0.887517,2026-08-27
HPQ,29.67,2026-08-28,1,Put,29.00,-2.13%,0.11,0.15,0.32,6288,3342,1.88,45.41%,75.71%,-0.287037,2026-08-27
RKLB,66.58,2026-09-04,8,Call,72.00,-6.62%,0.98,1.04,1.09,633,338,1.87,67.40%,65.21%,0.271762,2026-08-27
BRK.B,504.1,2026-11-20,85,Call,540.00,-7.21%,3.95,4.45,4.65,952,510,1.87,13.67%,15.15%,0.212727,2026-08-27
TSLA,355.6,2026-08-28,1,Put,380.00,+7.10%,25.15,25.38,25.6,988,527,1.87,39.65%,73.39%,-0.961931,2026-08-27
INTC,90.3,2026-09-04,8,Put,82.00,-10.96%,0.31,0.35,0.36,1180,632,1.87,58.82%,59.71%,-0.086277,2026-08-27
PCOR,63,2027-01-15,141,Call,80.00,-25.59%,3,3.3,3.3,1315,704,1.87,48.26%,49.61%,0.295767,2026-08-27
TSLA,355.6,2026-08-31,4,Call,375.00,-5.69%,0.41,0.43,0.44,1824,978,1.87,39.65%,35.65%,0.073033,2026-08-27
TSLA,355.6,2026-10-02,36,Put,350.00,-1.36%,14.6,14.83,14.8,516,278,1.86,39.65%,39.73%,-0.422916,2026-08-27
FWDI,6.9,2026-09-18,22,Call,7.50,-12.61%,0.25,0.45,0.5,537,288,1.86,102.61%,103.24%,0.369433,2026-08-27
NVO,46.27,2026-08-28,1,Put,50.00,+8.08%,3.65,4.02,4.4,639,344,1.86,33.44%,143.54%,-0.840857,2026-08-27
NBIS,214.06,2026-08-28,1,Call,217.50,+0.45%,4.75,5.1,5.1,814,438,1.86,85.96%,96.82%,0.546185,2026-08-27
AAPL,316,2026-09-02,6,Put,305.00,-3.05%,0.64,0.69,0.71,1308,705,1.86,24.42%,23.05%,-0.140552,2026-08-27
NOW,138.09,2026-08-28,1,Call,136.00,+1.76%,3.25,3.49,3.5,1898,1018,1.86,53.02%,66.66%,0.701231,2026-08-27
AMZN,257.44,2026-08-28,1,Put,262.50,+2.44%,6.1,6.22,6.55,2140,1151,1.86,28.49%,29.42%,-0.94097,2026-08-27
CVNA,74.3,2026-11-20,85,Call,76.00,-2.58%,8.5,9.07,8.95,3087,1658,1.86,56.42%,65.20%,0.541363,2026-08-27
NBIS,214.06,2026-08-28,1,Call,230.00,-5.27%,1,1,1.06,5326,2859,1.86,85.96%,100.50%,0.171375,2026-08-27
AMD,471.7,2026-08-28,1,Put,475.00,-0.35%,5.1,5.3,5.55,5080,2743,1.85,51.50%,61.83%,-0.449387,2026-08-27
PLTR,184.97,2026-09-04,8,Put,175.00,-5.88%,1.46,1.51,1.54,5238,2835,1.85,47.06%,49.66%,-0.192008,2026-08-27
MRVL,225.51,2026-09-04,8,Put,240.00,-0.60%,14.05,14.44,14.85,720,390,1.85,77.35%,107.37%,-0.451709,2026-08-27
SNDK,1454.01,2026-08-28,1,Put,"1,440.00",-3.03%,8.5,8.9,9.1,840,454,1.85,71.65%,82.46%,-0.230897,2026-08-27
NOW,138.09,2026-11-20,85,Put,120.00,-13.31%,6.35,6.43,6.65,1596,864,1.85,53.02%,57.24%,-0.2477,2026-08-27
NIO,4.37,2026-09-18,22,Call,4.50,-3.21%,0.18,0.19,0.28,2015,1092,1.85,57.66%,67.10%,0.461665,2026-08-27
AMD,471.7,2026-08-28,1,Put,437.50,-8.22%,0.04,0.1,0.12,571,310,1.84,51.50%,73.67%,-0.01238,2026-08-27
HOOD,108.65,2026-09-04,8,Call,117.00,-6.60%,1.55,1.66,1.65,620,337,1.84,61.20%,63.56%,0.266515,2026-08-27
MRVL,225.51,2026-09-04,8,Put,215.00,-10.95%,4.3,4.5,4.7,642,349,1.84,77.35%,103.73%,-0.201322,2026-08-27
CRM,247.85,2026-09-18,22,Put,205.00,-18.67%,0.28,0.36,0.44,1210,659,1.84,41.13%,46.79%,-0.030701,2026-08-27
NVDA,228.59,2026-11-20,85,Call,340.00,-49.14%,0.3,0.48,0.5,1239,673,1.84,33.59%,39.75%,0.025695,2026-08-27
META,572.68,2026-08-31,4,Call,590.00,-3.31%,1.6,1.85,1.84,1695,919,1.84,34.68%,31.85%,0.171256,2026-08-27
AXTI,65.6,2026-08-28,1,Call,70.00,-4.60%,0.5,0.7,0.7,1761,955,1.84,110.16%,120.11%,0.247365,2026-08-27
NVDA,228.59,2026-10-02,36,Call,240.00,-5.27%,4.95,5,5.2,2113,1151,1.84,33.59%,33.09%,0.340223,2026-08-27
PLTR,184.97,2026-09-04,8,Call,205.00,-10.26%,0.59,0.62,0.63,2181,1184,1.84,47.06%,49.25%,0.098228,2026-08-27
CRCL,92.6,2026-09-04,8,Call,100.00,-6.11%,2.34,2.46,2.59,2953,1604,1.84,79.87%,83.40%,0.34004,2026-08-27
MSTR,134.76,2026-09-04,8,Call,133.00,+3.20%,8.5,8.7,8.9,546,298,1.83,74.55%,77.58%,0.636002,2026-08-27
SNDK,1454.01,2026-09-04,8,Call,"1,600.00",-7.75%,23.5,24.5,25.6,1253,684,1.83,71.65%,73.13%,0.265034,2026-08-27
COIN,187.4,2026-09-04,8,Call,220.00,-15.35%,1.22,1.24,1.23,1255,684,1.83,65.14%,77.63%,0.119314,2026-08-27
MU,920.69,2026-08-28,1,Put,860.00,-8.06%,0.25,0.26,0.26,2986,1636,1.83,60.44%,77.58%,-0.018231,2026-08-27
HOOD,108.65,2026-08-28,1,Call,112.00,-2.04%,0.78,0.79,0.83,7996,4368,1.83,61.20%,73.04%,0.30615,2026-08-27
NVDA,228.59,2026-09-04,8,Call,240.00,-5.27%,1,1.21,1.3,49526,27120,1.83,33.59%,36.13%,0.178531,2026-08-27
SPCX,139.92,2026-08-28,1,Put,137.00,-2.75%,0.29,0.32,0.32,7422,4078,1.82,51.09%,52.34%,-0.150568,2026-08-27
NVDA,228.59,2026-09-11,15,Call,250.00,-9.66%,0.69,0.75,0.79,8310,4559,1.82,33.59%,34.26%,0.101281,2026-08-27
DELL,466.11,2028-01-21,512,Call,500.00,-5.87%,148.5,147.31,153.2,536,295,1.82,75.44%,70.66%,0.653981,2026-08-27
META,572.68,2026-08-31,4,Call,575.00,-0.68%,5.35,5.6,5.75,800,439,1.82,34.68%,30.29%,0.425615,2026-08-27
WEN,7.85,2026-09-04,8,Call,8.00,-2.30%,0.1,0.11,0.15,947,521,1.82,43.04%,44.21%,0.368633,2026-08-27
BULL,9.41,2026-09-18,22,Call,11.00,-14.94%,0.13,0.16,0.18,1293,709,1.82,61.58%,61.81%,0.20398,2026-08-27
TMO,628.32,2026-08-28,1,Call,650.00,-3.06%,0.15,0.46,0.75,1488,819,1.82,26.96%,39.90%,0.076581,2026-08-27
AFRM,86.36,2026-08-28,1,Call,90.00,-16.14%,0.63,0.8,0.8,1792,984,1.82,69.52%,253.02%,0.14385,2026-08-27
NOK,10.56,2026-08-28,1,Put,10.50,-0.85%,0.09,0.12,0.13,2831,1552,1.82,55.62%,68.59%,-0.39846,2026-08-27
CRCL,92.6,2026-09-25,29,Call,100.00,-6.11%,6.1,6.45,6.6,509,281,1.81,79.87%,81.05%,0.447156,2026-08-27
UNH,396.27,2026-08-28,1,Call,397.50,-0.62%,1.34,1.36,1.52,521,288,1.81,28.74%,29.71%,0.349157,2026-08-27
ADBE,289.03,2027-06-17,294,Call,500.00,-72.92%,7.9,8.86,8.85,616,341,1.81,54.25%,47.08%,0.156376,2026-08-27
PANW,384.56,2026-08-28,1,Call,405.00,-5.79%,0.3,0.45,0.45,638,352,1.81,62.73%,69.29%,0.063028,2026-08-27
FIG,30.18,2026-10-16,50,Put,30.00,-2.02%,2.5,2.78,3.15,869,481,1.81,74.01%,71.58%,-0.411145,2026-08-27
UBER,77.08,2026-08-28,1,Put,76.00,-1.23%,0.24,0.24,0.25,2457,1360,1.81,33.22%,38.03%,-0.261569,2026-08-27
PLTR,184.97,2026-09-04,8,Call,200.00,-7.57%,1.1,1.11,1.14,6180,3411,1.81,47.06%,48.18%,0.164522,2026-08-27
INTC,90.3,2026-08-28,1,Put,88.00,-4.44%,0.18,0.19,0.2,7606,4196,1.81,58.82%,72.29%,-0.110899,2026-08-27
GAP,24.68,2026-09-04,8,Put,17.50,-15.82%,0.21,0.24,0.34,506,281,1.8,70.10%,116.69%,-0.139088,2026-08-27
ONON,29.38,2026-08-28,1,Put,31.00,+7.08%,1.59,2.17,2.42,710,395,1.8,38.92%,117.15%,-0.860986,2026-08-27
ACI,12.36,2028-01-21,512,Call,13.00,-6.30%,1.6,1.73,2,1000,556,1.8,33.29%,39.74%,0.504081,2026-08-27
BA,210.76,2026-08-28,1,Put,220.00,+4.82%,9.7,10.47,10.85,1178,656,1.8,28.73%,57.57%,-0.93892,2026-08-27
GOOGL,341.49,2026-09-02,6,Call,350.00,-2.74%,1.2,1.37,1.42,1240,690,1.8,27.25%,25.34%,0.211816,2026-08-27
AMZN,257.44,2026-08-31,4,Put,250.00,-2.44%,0.48,0.53,0.55,1262,700,1.8,28.49%,23.75%,-0.153489,2026-08-27
CRM,247.85,2026-09-18,22,Put,220.00,-12.72%,1.08,1.22,1.2,2207,1226,1.8,41.13%,43.20%,-0.088359,2026-08-27
CRWV,86.14,2026-09-04,8,Call,92.00,-5.99%,1.84,1.87,1.91,660,368,1.79,73.57%,74.26%,0.320208,2026-08-27
OKLO,42.2,2026-09-11,15,Call,50.00,-17.56%,0.5,0.59,0.74,799,447,1.79,76.84%,79.34%,0.179705,2026-08-27
AMZN,257.44,2026-09-18,22,Call,272.50,-6.34%,1.87,2.04,1.98,820,458,1.79,28.49%,27.85%,0.202519,2026-08-27
CRCL,92.6,2026-08-28,1,Call,96.00,-1.87%,1.09,1.33,1.4,985,551,1.79,79.87%,100.69%,0.373384,2026-08-27
AMZN,257.44,2026-09-02,6,Call,255.00,+0.49%,4,4.3,4.35,1094,610,1.79,28.49%,26.19%,0.57197,2026-08-27
GOOGL,341.49,2026-08-31,4,Put,335.00,-1.66%,0.97,1.06,1.11,1195,666,1.79,27.25%,22.03%,-0.226349,2026-08-27
LCID,5.14,2026-09-04,8,Call,5.00,+1.77%,0.3,0.33,0.34,1549,863,1.79,89.44%,90.87%,0.581532,2026-08-27
HOOD,108.65,2026-09-25,29,Put,70.00,-36.22%,0.07,0.1,0.22,526,295,1.78,61.20%,78.49%,-0.015553,2026-08-27
PYPL,52.94,2026-09-18,22,Call,62.00,-0.86%,1.62,1.66,1.8,578,324,1.78,31.47%,31.75%,0.479746,2026-08-27
SHEL,90.67,2027-01-15,141,Call,95.00,-4.74%,3.6,3.64,3.8,658,370,1.78,21.98%,24.24%,0.40791,2026-08-27
VZ,49.56,2026-09-25,29,Call,50.00,-1.15%,0.77,1.02,1.24,761,428,1.78,20.97%,23.29%,0.434629,2026-08-27
IONQ,42,2026-08-28,1,Call,42.00,+1.08%,0.82,0.9,1.03,850,478,1.78,75.46%,75.69%,0.61688,2026-08-27
NOW,138.09,2026-10-16,50,Put,130.00,-6.09%,6.5,6.58,6.65,1185,666,1.78,53.02%,53.06%,-0.33016,2026-08-27
TSM,427,2026-09-04,8,Call,430.00,-0.63%,6.75,7.32,7.4,1186,667,1.78,34.26%,32.53%,0.462713,2026-08-27
SMCI,37.91,2026-08-28,1,Put,39.00,+1.40%,0.95,0.99,1.01,1237,696,1.78,70.80%,83.87%,-0.615621,2026-08-27
CRWD,227.49,2026-09-04,8,Put,200.00,-12.27%,0.68,0.72,0.79,1304,733,1.78,53.09%,63.48%,-0.073933,2026-08-27
BMNR,25.14,2026-09-04,8,Call,29.00,-13.15%,0.34,0.42,0.4,1741,980,1.78,81.37%,91.88%,0.201942,2026-08-27
PLTR,184.97,2026-10-16,50,Put,180.00,-3.19%,9.8,9.9,9.95,2298,1294,1.78,47.06%,48.16%,-0.384597,2026-08-27
MRNA,138,2026-09-04,8,Put,110.00,-22.95%,0.1,0.12,0.21,506,286,1.77,73.49%,89.86%,-0.021078,2026-08-27
NVDA,228.59,2026-09-02,6,Call,252.50,-10.76%,0.08,0.1,0.11,542,307,1.77,33.59%,39.10%,0.022644,2026-08-27
COIN,187.4,2026-09-04,8,Call,210.00,-10.11%,2.17,2.34,2.43,1804,1017,1.77,65.14%,73.81%,0.206261,2026-08-27
NVDA,228.59,2026-09-02,6,Put,210.00,-7.89%,0.32,0.34,0.37,2931,1655,1.77,33.59%,42.74%,-0.062346,2026-08-27
CRWD,227.49,2026-08-28,1,Call,215.00,+5.69%,12.1,13,14.7,3823,2158,1.77,53.09%,84.32%,0.911588,2026-08-27
KO,89.43,2026-09-04,8,Call,89.00,+0.07%,1,1.02,1.05,3867,2195,1.76,18.28%,18.69%,0.519,2026-08-27
NBIS,214.06,2026-09-04,8,Put,170.00,-22.19%,0.4,0.45,0.51,567,322,1.76,85.96%,97.43%,-0.034639,2026-08-27
NVDA,228.59,2026-10-02,36,Call,280.00,-22.82%,0.36,0.42,0.44,753,427,1.76,33.59%,35.72%,0.040265,2026-08-27
CRCL,92.6,2026-08-28,1,Put,92.00,-2.38%,0.83,0.8,1.04,874,498,1.76,79.87%,94.92%,-0.304732,2026-08-27
NVDA,228.59,2026-09-25,29,Call,280.00,-22.82%,0.21,0.25,0.26,916,519,1.76,33.59%,36.46%,0.02717,2026-08-27
DELL,466.11,2026-08-28,1,Put,450.00,-4.71%,0.79,0.8,0.9,1604,911,1.76,75.44%,72.60%,-0.098221,2026-08-27
SMCI,37.91,2026-08-28,1,Put,38.50,+0.10%,0.61,0.67,0.72,1973,1123,1.76,70.80%,80.48%,-0.500673,2026-08-27
MSTR,134.76,2026-09-04,8,Put,105.00,-23.58%,0.16,0.18,0.17,2589,1469,1.76,74.55%,93.80%,-0.022145,2026-08-27
UPXI,1.13,2026-12-18,113,Call,1.5000,-29.87%,0.01,0.24,0.4,515,294,1.75,139.22%,120.40%,0.485063,2026-08-27
SKHY,158.2,2026-09-04,8,Put,137.00,-15.23%,0.3,0.5,0.5,614,350,1.75,67.50%,71.71%,-0.053036,2026-08-27
TSLA,355.6,2026-09-02,6,Put,330.00,-6.99%,0.54,0.57,0.57,847,483,1.75,39.65%,39.12%,-0.069247,2026-08-27
INTC,90.3,2026-09-04,8,Put,83.00,-9.87%,0.41,0.44,0.46,958,548,1.75,58.82%,59.17%,-0.107974,2026-08-27
LITE,941.07,2026-08-28,1,Call,"1,050.00",-9.82%,0.2,0.8,0.9,1139,652,1.75,76.11%,94.18%,0.030552,2026-08-27
JPM,355.8,2026-09-04,8,Call,365.00,-3.04%,0.71,0.85,0.91,1257,718,1.75,22.02%,19.37%,0.154708,2026-08-27
MU,920.69,2026-08-28,1,Put,855.00,-8.59%,0.14,0.2,0.26,1304,745,1.75,60.44%,79.34%,-0.014382,2026-08-27
FRMI,5.46,2026-08-28,1,Call,5.50,-0.92%,0.1,0.15,0.15,1792,1022,1.75,102.97%,129.86%,0.460594,2026-08-27
MSTR,134.76,2026-08-28,1,Call,150.00,-9.17%,0.3,0.33,0.33,22072,12646,1.75,74.55%,118.29%,0.083097,2026-08-27
META,572.68,2026-08-31,4,Call,600.00,-5.06%,0.68,0.69,0.81,4957,2844,1.74,34.68%,33.37%,0.082944,2026-08-27
AVGO,375.06,2026-08-28,1,Call,385.00,-3.62%,0.66,0.71,0.72,6675,3844,1.74,50.51%,58.12%,0.124629,2026-08-27
SPCX,139.92,2026-08-28,1,Call,147.00,-4.35%,0.16,0.16,0.18,7062,4065,1.74,51.09%,58.85%,0.08624,2026-08-27
NVDA,228.59,2026-09-04,8,Put,220.00,-3.50%,1.75,1.81,1.94,18554,10674,1.74,33.59%,36.79%,-0.244213,2026-08-27
FSLR,210.44,2026-08-28,1,Call,215.00,-2.33%,0.45,0.54,0.59,543,312,1.74,47.72%,47.90%,0.183222,2026-08-27
CRWV,86.14,2026-08-28,1,Put,110.00,+26.73%,22.65,22.88,23.3,556,320,1.74,73.57%,176.72%,-0.99458,2026-08-27
NCLH,16.82,2027-01-15,141,Put,30.00,+80.18%,12.5,13.3,13.55,590,339,1.74,41.88%,56.91%,-0.974699,2026-08-27
RKLB,66.58,2026-08-28,1,Put,77.00,+14.02%,9.05,10.27,11.6,768,442,1.74,67.40%,258.61%,-0.816364,2026-08-27
AMD,471.7,2026-09-04,8,Put,440.00,-7.69%,2.93,3.05,3.25,955,548,1.74,51.50%,54.63%,-0.149352,2026-08-27
MU,920.69,2026-08-31,4,Put,850.00,-9.13%,0.96,0.92,0.97,1071,615,1.74,60.44%,54.48%,-0.043326,2026-08-27
TEM,70.1,2026-09-04,8,Call,70.00,+0.98%,3.4,3.62,3.8,1417,815,1.74,75.74%,77.42%,0.559555,2026-08-27
LCID,5.14,2026-10-16,50,Call,7.00,-37.52%,0.17,0.22,0.24,1638,942,1.74,89.44%,93.89%,0.233097,2026-08-27
PURR,12.59,2026-09-04,8,Call,14.00,-9.12%,0.4,0.45,0.5,2681,1541,1.74,102.21%,115.76%,0.337611,2026-08-27
NBIS,214.06,2026-09-04,8,Call,240.00,-9.85%,3.7,4,4.1,2905,1671,1.74,85.96%,85.60%,0.250877,2026-08-27
ZS,186.85,2026-08-28,1,Put,180.00,-3.90%,0.31,0.38,0.4,503,291,1.73,76.41%,64.13%,-0.114302,2026-08-27
CRWV,86.14,2026-09-11,15,Call,90.00,-3.69%,3.6,3.75,4,654,379,1.73,73.57%,72.72%,0.435732,2026-08-27
SOFI,19.3,2026-08-28,1,Put,20.00,+4.28%,0.8,0.85,0.87,661,383,1.73,50.53%,53.54%,-0.930897,2026-08-27
PLTR,184.97,2026-09-11,15,Put,180.00,-3.19%,4.05,4.15,4.25,1034,597,1.73,47.06%,45.97%,-0.341632,2026-08-27
NBIS,214.06,2026-08-28,1,Put,215.00,-1.59%,2.85,2.83,2.99,1802,1039,1.73,85.96%,98.40%,-0.367227,2026-08-27
VG,14.4,2026-08-28,1,Put,14.50,+0.14%,0.05,0.18,0.3,2066,1193,1.73,59.12%,54.66%,-0.512561,2026-08-27
RKLB,66.58,2026-08-28,1,Call,69.00,-2.18%,0.41,0.41,0.46,3216,1856,1.73,67.40%,70.24%,0.286121,2026-08-27
WMT,103.28,2026-09-04,8,Call,105.00,-2.31%,0.51,0.51,0.54,5127,2959,1.73,22.06%,22.58%,0.258139,2026-08-27
MRVL,225.51,2026-08-28,1,Call,260.00,-7.68%,5.9,5.95,6.1,8336,4824,1.73,77.35%,253.47%,0.311737,2026-08-27
COIN,187.4,2026-09-04,8,Call,200.00,-4.87%,4.25,4.39,4.5,3594,2088,1.72,65.14%,70.58%,0.346457,2026-08-27
NVDA,228.59,2026-09-04,8,Call,222.50,+2.40%,6.9,8.25,9.5,8476,4922,1.72,33.59%,36.65%,0.687327,2026-08-27
WULF,16.35,2026-12-18,113,Call,30.00,-81.93%,0.67,0.68,0.79,50564,29328,1.72,85.59%,101.23%,0.18201,2026-08-27
ANF,146.55,2026-09-04,8,Call,150.00,-2.92%,2.6,3.4,3.7,500,291,1.72,51.01%,56.73%,0.384992,2026-08-27
ABBV,258.8,2026-12-18,113,Put,240.00,-7.03%,7.3,8,8.4,556,323,1.72,25.03%,28.27%,-0.285167,2026-08-27
NOW,138.09,2026-08-28,1,Call,133.00,+3.92%,5.6,6.18,6.3,879,512,1.72,53.02%,79.69%,0.837133,2026-08-27
MRNA,138,2026-09-04,8,Call,160.00,-12.07%,1.8,1.89,2.2,1142,663,1.72,73.49%,86.50%,0.206225,2026-08-27
ORCL,152.59,2026-09-04,8,Call,152.50,-0.37%,4.55,4.67,4.75,1609,935,1.72,69.45%,54.41%,0.500221,2026-08-27
NBIS,214.06,2026-09-04,8,Call,300.00,-37.31%,0.2,0.24,0.45,2206,1280,1.72,85.96%,105.91%,0.026276,2026-08-27
AMGN,439.7,2026-08-28,1,Call,460.00,-5.27%,0.07,0.22,0.65,785,460,1.71,31.10%,62.21%,0.059536,2026-08-27
GAP,24.68,2026-08-28,1,Put,17.50,-15.82%,0.16,0.2,0.23,994,581,1.71,70.10%,294.76%,-0.116251,2026-08-27
AVGO,375.06,2026-08-31,4,Call,365.00,+1.76%,8.2,9.6,10.8,1485,866,1.71,50.51%,36.08%,0.690564,2026-08-27
MU,920.69,2026-08-31,4,Call,970.00,-3.70%,6.35,6.35,6.95,1573,921,1.71,60.44%,47.97%,0.244846,2026-08-27
MRVL,225.51,2026-12-18,113,Call,270.00,-11.82%,29.35,29.95,30.55,1902,1110,1.71,77.35%,74.04%,0.485016,2026-08-27
SNOW,329.25,2026-08-28,1,Call,340.00,-3.31%,0.45,0.5,0.69,3550,2081,1.71,69.31%,53.46%,0.125924,2026-08-27
SCHW,109,2026-10-16,50,Call,115.00,-6.43%,1.55,1.56,1.74,5100,2981,1.71,24.25%,25.09%,0.277947,2026-08-27
CRWV,86.14,2026-09-04,8,Call,100.00,-15.21%,0.56,0.6,0.6,4135,2438,1.7,73.57%,78.01%,0.122794,2026-08-27
DELL,466.11,2026-09-18,22,Put,230.00,-51.30%,0.08,0.13,0.37,656,385,1.7,75.44%,119.90%,-0.004703,2026-08-27
NVDA,228.59,2026-09-09,13,Put,200.00,-12.27%,0.34,0.3,0.45,804,473,1.7,33.59%,43.40%,-0.049197,2026-08-27
PUBM,16.35,2026-10-16,50,Call,20.00,-22.32%,0.4,0.55,0.6,1250,736,1.7,67.13%,64.76%,0.242056,2026-08-27
IREN,38.13,2026-08-28,1,Put,36.50,-9.94%,0.63,0.65,0.67,2038,1199,1.7,95.43%,257.99%,-0.199378,2026-08-27
ZETA,29.9,2026-10-16,50,Call,35.00,-15.82%,1.09,1.16,1.34,741,438,1.69,58.73%,61.99%,0.307404,2026-08-27
TSLA,355.6,2026-08-31,4,Call,385.00,-8.51%,0.15,0.16,0.16,877,520,1.69,39.65%,40.04%,0.027593,2026-08-27
AMD,471.7,2027-06-17,294,Put,310.00,-34.97%,18.6,19.75,20.6,1019,603,1.69,51.50%,57.49%,-0.126107,2026-08-27
WMT,103.28,2026-08-28,1,Put,108.00,+5.23%,5.2,5.32,5.45,1529,906,1.69,22.06%,45.38%,-0.984704,2026-08-27
SMCI,37.91,2026-09-04,8,Call,42.00,-9.20%,0.53,0.58,0.57,2071,1224,1.69,70.80%,75.04%,0.232716,2026-08-27
NVDA,228.59,2026-10-02,36,Call,225.00,+1.31%,10.85,11.75,12.5,2081,1230,1.69,33.59%,34.31%,0.581338,2026-08-27
BAC,61.47,2026-08-28,1,Put,64.00,+4.63%,2.74,2.76,2.94,2715,1602,1.69,22.16%,43.17%,-0.977319,2026-08-27
SNDK,1454.01,2026-08-28,1,Put,"1,500.00",+1.01%,32.7,33.45,34.2,2973,1759,1.69,71.65%,81.17%,-0.584849,2026-08-27
AAPL,316,2026-09-11,15,Call,315.00,-0.13%,6.15,6.32,6.4,3259,1926,1.69,24.42%,24.66%,0.510032,2026-08-27
SNDK,1454.01,2026-08-28,1,Call,"1,650.00",-11.11%,0.6,0.6,0.7,3453,2042,1.69,71.65%,99.42%,0.022899,2026-08-27
BE,215.6,2026-08-28,1,Call,220.00,-1.00%,3.05,3.19,3.2,3782,2236,1.69,84.79%,89.93%,0.426622,2026-08-27
PCG,18.4,2026-10-16,50,Put,17.00,-5.29%,0.55,0.59,0.66,6688,3951,1.69,46.47%,40.06%,-0.322062,2026-08-27
HL,21.74,2027-03-19,204,Call,30.00,-39.99%,2.16,2.23,2.3,3214,1912,1.68,64.95%,71.01%,0.371643,2026-08-27
MU,920.69,2026-08-28,1,Put,850.00,-9.13%,0.15,0.15,0.25,7353,4383,1.68,60.44%,83.80%,-0.013684,2026-08-27
INTC,90.3,2026-09-02,6,Call,90.00,+2.27%,3.65,3.7,3.9,624,372,1.68,58.82%,55.16%,0.643204,2026-08-27
TSLA,355.6,2026-09-02,6,Put,340.00,-4.17%,1.63,1.66,1.69,716,425,1.68,39.65%,37.31%,-0.177116,2026-08-27
HAL,35.31,2027-06-17,294,Put,35.00,-1.38%,3.65,3.75,3.95,722,429,1.68,33.93%,34.59%,-0.402841,2026-08-27
BABA,116.6,2026-08-28,1,Put,127.00,+9.19%,10.45,11.17,11.75,925,549,1.68,40.77%,132.54%,-0.891127,2026-08-27
SKHY,158.2,2026-09-04,8,Call,170.00,-5.19%,2.7,3,3.2,1554,927,1.68,67.50%,63.64%,0.315016,2026-08-27
PANW,384.56,2026-09-04,8,Call,400.00,-4.48%,12.6,13.42,14.8,663,398,1.67,62.73%,91.20%,0.400817,2026-08-27
MRVL,225.51,2026-09-04,8,Call,265.00,-9.75%,7.1,7.4,7.65,704,422,1.67,77.35%,110.47%,0.314668,2026-08-27
LITE,941.07,2026-08-28,1,Put,900.00,-5.87%,2.3,2.5,2.9,864,518,1.67,76.11%,96.19%,-0.109545,2026-08-27
RKT,14.21,2026-09-04,8,Call,14.50,-1.83%,0.32,0.32,0.38,1123,674,1.67,53.78%,54.67%,0.431217,2026-08-27
GOOGL,341.49,2026-08-28,1,Put,355.00,+4.21%,13.75,14.21,15.35,1164,696,1.67,27.25%,49.90%,-0.94189,2026-08-27
ARM,253.1,2026-09-04,8,Call,300.00,-17.55%,0.99,1,1.16,1440,863,1.67,65.21%,76.14%,0.085166,2026-08-27
RIVN,16.7,2026-09-04,8,Call,17.50,-4.17%,0.27,0.31,0.35,1605,961,1.67,54.49%,58.37%,0.337231,2026-08-27
PUMP,11.13,2026-12-18,113,Call,12.50,-11.81%,1.1,1.28,1.45,2508,1498,1.67,64.35%,69.43%,0.474118,2026-08-27
NVDA,228.59,2026-09-11,15,Put,205.00,-10.08%,0.72,0.74,0.8,4099,2459,1.67,33.59%,40.06%,-0.086327,2026-08-27
INFY,12.18,2028-01-21,512,Put,10.00,-15.97%,1.3,1.5,2,4500,2688,1.67,37.24%,47.50%,-0.277016,2026-08-27
ORCL,152.59,2026-08-28,1,Call,152.50,-0.37%,1.58,1.66,1.7,7014,4201,1.67,69.45%,59.86%,0.460261,2026-08-27
AMZN,257.44,2026-08-28,1,Call,262.50,-2.44%,0.17,0.17,0.19,17441,10438,1.67,28.49%,33.52%,0.087425,2026-08-27
NKE,38.78,2026-08-28,1,Put,42.00,+9.26%,3.5,3.57,3.7,3934,2371,1.66,37.26%,100.29%,-0.951567,2026-08-27
CRWV,86.14,2026-09-04,8,Put,93.00,+7.14%,7.4,7.8,7.85,602,363,1.66,73.57%,71.48%,-0.724129,2026-08-27
AMZN,257.44,2026-08-28,1,Put,290.00,+13.17%,32.85,34.1,35.3,621,375,1.66,28.49%,138.37%,-0.952945,2026-08-27
TSLA,355.6,2026-08-31,4,Put,357.50,+0.76%,6.1,6.48,6.4,637,383,1.66,39.65%,32.67%,-0.57738,2026-08-27
RKT,14.21,2026-09-04,8,Call,15.50,-8.85%,0.07,0.11,0.13,1182,710,1.66,53.78%,56.00%,0.165592,2026-08-27
MSFT,505.8,2026-09-04,8,Call,507.50,-0.48%,6.55,6.65,6.85,1303,786,1.66,25.46%,25.81%,0.463926,2026-08-27
CRM,247.85,2026-10-16,50,Call,250.00,+0.81%,16.2,17.24,16.85,1599,963,1.66,41.13%,40.46%,0.561839,2026-08-27
SPCX,139.92,2026-08-28,1,Put,142.00,+0.80%,2.05,2.1,2.2,1699,1021,1.66,51.09%,50.81%,-0.611938,2026-08-27
OKTA,171.16,2026-08-28,1,Call,165.00,+4.57%,7.9,7.9,9.3,1928,1164,1.66,52.74%,90.27%,0.845386,2026-08-27
GOOG,338.34,2026-08-28,1,Put,337.50,-0.06%,1.81,1.91,2.02,1936,1167,1.66,27.15%,28.82%,-0.478553,2026-08-27
SOUN,7.22,2026-09-11,15,Put,6.50,-9.97%,0.09,0.11,0.11,2117,1277,1.66,67.43%,63.27%,-0.185746,2026-08-27
GOOGL,341.49,2026-08-28,1,Put,332.50,-2.39%,0.16,0.17,0.19,2699,1629,1.66,27.25%,31.60%,-0.069776,2026-08-27
XP,17.68,2027-02-19,176,Put,19.00,+7.47%,2.35,3,3.9,606,367,1.65,42.49%,48.11%,-0.51426,2026-08-27
GAP,24.68,2028-01-21,512,Call,22.00,-5.82%,3.95,4.55,5,752,455,1.65,70.10%,51.80%,0.571086,2026-08-27
MCD,261.7,2027-03-19,204,Call,460.00,-76.88%,0.07,0.1,0.11,889,539,1.65,19.59%,28.46%,0.005414,2026-08-27
MSFT,505.8,2026-12-18,113,Call,605.00,-19.79%,6.1,6.8,7.35,1022,621,1.65,25.46%,29.22%,0.165687,2026-08-27
ONDS,8.66,2026-09-18,22,Call,9.50,-8.57%,0.34,0.37,0.36,1427,863,1.65,73.94%,73.02%,0.360562,2026-08-27
NOW,138.09,2026-09-04,8,Call,140.00,-1.13%,3.75,3.9,4.05,2555,1553,1.65,53.02%,55.90%,0.466005,2026-08-27
INTC,90.3,2026-08-31,4,Call,93.00,-0.99%,1.45,1.52,1.52,2795,1694,1.65,58.82%,48.97%,0.436565,2026-08-27
TSLA,355.6,2026-08-31,4,Call,380.00,-7.10%,0.24,0.23,0.26,2913,1770,1.65,39.65%,37.77%,0.044103,2026-08-27
COIN,187.4,2026-08-28,1,Call,192.50,-0.93%,2.52,2.6,2.66,5421,3280,1.65,65.14%,84.94%,0.426808,2026-08-27
SPCX,139.92,2026-09-04,8,Call,140.00,+0.62%,4.55,4.65,4.65,8822,5333,1.65,51.09%,49.35%,0.552598,2026-08-27
SCHW,109,2026-08-28,1,Put,112.00,+3.66%,2.68,4.4,4.4,504,307,1.64,24.25%,77.16%,-0.807324,2026-08-27
MSFT,505.8,2026-08-31,4,Call,495.00,+1.99%,10.25,11.69,11.85,555,338,1.64,25.46%,19.38%,0.845538,2026-08-27
IREN,38.13,2026-08-28,1,Call,49.50,-22.13%,0.31,0.35,0.35,625,382,1.64,95.43%,297.90%,0.114355,2026-08-27
HPE,54.39,2026-08-28,1,Put,53.00,-2.59%,0.15,0.34,0.34,797,485,1.64,72.53%,66.79%,-0.220527,2026-08-27
META,572.68,2026-08-31,4,Call,597.50,-4.62%,0.85,0.9,0.94,897,546,1.64,34.68%,32.73%,0.098284,2026-08-27
GOOGL,341.49,2026-08-28,1,Put,360.00,+5.68%,18.3,18.88,19.65,918,561,1.64,27.25%,44.38%,-0.992847,2026-08-27
SPCX,139.92,2026-09-04,8,Put,138.00,-2.04%,2.7,2.7,2.76,1344,818,1.64,51.09%,49.11%,-0.371178,2026-08-27
SNDK,1454.01,2026-09-04,8,Call,"1,550.00",-4.38%,36.6,37.67,38.7,1576,960,1.64,71.65%,72.16%,0.366733,2026-08-27
MU,920.69,2026-09-04,8,Call,"1,050.00",-12.25%,4.6,4.93,5,1776,1081,1.64,60.44%,62.78%,0.117243,2026-08-27
COIN,187.4,2026-08-28,1,Call,187.50,+1.69%,4.9,5.1,5.2,1824,1109,1.64,65.14%,80.32%,0.665852,2026-08-27
MRVL,225.51,2026-08-28,1,Put,207.50,-14.06%,1.03,1.12,1.15,1976,1207,1.64,77.35%,217.87%,-0.082776,2026-08-27
MRVL,225.51,2026-08-28,1,Call,257.50,-6.65%,6.55,6.72,6.85,670,410,1.63,77.35%,253.55%,0.338,2026-08-27
NOW,138.09,2026-09-11,15,Call,155.00,-11.97%,1.16,1.27,1.34,692,424,1.63,53.02%,53.49%,0.164827,2026-08-27
IREN,38.13,2026-09-04,8,Call,49.00,-20.90%,0.76,0.8,0.82,748,460,1.63,95.43%,133.23%,0.195011,2026-08-27
PRGO,14.37,2026-09-18,22,Call,12.50,+13.01%,1.75,1.95,2,818,502,1.63,42.94%,33.81%,0.970928,2026-08-27
AMZN,257.44,2026-08-31,4,Put,252.50,-1.47%,0.91,1.01,1.06,819,504,1.63,28.49%,23.00%,-0.260915,2026-08-27
MSTR,134.76,2026-09-04,8,Call,180.00,-31.00%,0.34,0.42,0.47,839,514,1.63,74.55%,104.64%,0.048394,2026-08-27
MRVL,225.51,2026-09-11,15,Put,220.00,-8.88%,7,7.25,7.45,1042,639,1.63,77.35%,84.72%,-0.262714,2026-08-27
CRWV,86.14,2026-09-04,8,Put,88.00,+1.38%,4.15,4.08,4.4,1063,654,1.63,73.57%,71.30%,-0.528496,2026-08-27
MANU,22.52,2026-09-18,22,Call,30.00,-33.21%,0,0.29,0.35,1200,734,1.63,49.01%,81.09%,0.090871,2026-08-27
INTC,90.3,2026-09-04,8,Call,95.00,-3.16%,1.93,2.05,2.1,5712,3500,1.63,58.82%,58.71%,0.37948,2026-08-27
VZLA,4.23,2026-10-16,50,Call,4.00,+3.85%,0.5,0.55,0.55,7746,4762,1.63,71.17%,71.59%,0.617801,2026-08-27
NFLX,80.17,2026-09-04,8,Call,84.00,-5.21%,0.26,0.27,0.29,3204,1973,1.62,32.23%,31.44%,0.146612,2026-08-27
CRWD,227.49,2026-09-04,8,Call,220.00,+3.49%,12.3,12.85,13.15,3224,1988,1.62,53.09%,60.59%,0.673642,2026-08-27
NFLX,80.17,2026-08-28,1,Call,79.00,+1.05%,1.05,1.14,1.12,3251,2013,1.62,32.23%,33.91%,0.729228,2026-08-27
CI,279,2026-08-28,1,Call,282.50,-1.74%,0,0.3,0.45,503,310,1.62,25.79%,27.38%,0.116348,2026-08-27
TSLA,355.6,2026-08-31,4,Put,325.00,-8.40%,0.1,0.12,0.12,553,342,1.62,39.65%,41.16%,-0.019378,2026-08-27
TRIP,9.8,2027-03-19,204,Put,4.00,-59.14%,0,0.11,0.15,588,364,1.62,46.05%,75.53%,-0.028483,2026-08-27
ANF,146.55,2026-08-28,1,Put,135.00,-7.38%,0.05,0.1,0.15,603,373,1.62,51.01%,83.81%,-0.038347,2026-08-27
PG,143.69,2026-09-04,8,Put,140.00,-2.19%,0.28,0.39,0.42,643,398,1.62,18.30%,16.70%,-0.180141,2026-08-27
CRWD,227.49,2026-09-04,8,Call,210.00,+7.88%,19.1,19.82,20.55,1254,773,1.62,53.09%,58.33%,0.842008,2026-08-27
RKT,14.21,2026-11-20,85,Put,12.00,-15.73%,0.53,0.57,0.65,1255,775,1.62,53.78%,58.82%,-0.220383,2026-08-27
COIN,187.4,2026-09-04,8,Call,215.00,-12.73%,1.5,1.7,1.7,1258,778,1.62,65.14%,74.58%,0.153169,2026-08-27
TSLA,355.6,2026-09-11,15,Put,280.00,-21.08%,0.17,0.17,0.19,2022,1247,1.62,39.65%,53.98%,-0.012835,2026-08-27
NVDA,228.59,2026-09-02,6,Call,222.50,+2.40%,7.2,7.75,8.05,2146,1325,1.62,33.59%,36.94%,0.70828,2026-08-27
COIN,187.4,2026-08-28,1,Call,197.50,-3.55%,1.18,1.25,1.29,2506,1545,1.62,65.14%,90.45%,0.238188,2026-08-27
MRNA,138,2026-09-18,22,Call,195.00,-36.58%,0.7,1,2.12,710,441,1.61,73.49%,91.11%,0.101642,2026-08-27
ADSK,260.3,2026-08-28,1,Put,225.00,-16.85%,0.35,0.44,0.5,745,463,1.61,57.93%,201.87%,-0.035971,2026-08-27
EYPT,4.61,2026-10-16,50,Call,5.00,-7.99%,0.7,0.85,0.85,812,504,1.61,123.08%,133.59%,0.540609,2026-08-27
AMD,471.7,2026-08-28,1,Call,502.50,-5.42%,0.45,0.46,0.5,1338,830,1.61,51.50%,66.21%,0.066463,2026-08-27
HRL,21.34,2026-09-18,22,Put,24.00,+12.78%,2.3,2.52,3.4,1479,917,1.61,25.44%,39.87%,-0.880242,2026-08-27
AVGO,375.06,2026-08-28,1,Call,387.50,-4.30%,0.32,0.46,0.5,1657,1027,1.61,50.51%,57.04%,0.082088,2026-08-27
NVDA,228.59,2026-10-02,36,Put,220.00,-3.50%,5.6,5.82,6.15,1879,1167,1.61,33.59%,34.18%,-0.340572,2026-08-27
MRNA,138,2026-08-28,1,Call,143.00,-0.16%,2.65,2.81,3.05,2182,1356,1.61,73.49%,99.12%,0.498732,2026-08-27
MRVL,225.51,2026-08-28,1,Put,240.00,-0.60%,11.6,11.6,11.85,7763,4836,1.61,77.35%,247.80%,-0.455444,2026-08-27
SPCX,139.92,2026-08-28,1,Call,143.00,-1.51%,0.72,0.75,0.74,14460,9009,1.61,51.09%,52.83%,0.299682,2026-08-27
AMZN,257.44,2026-09-04,8,Call,265.00,-3.41%,1.3,1.28,1.35,5944,3706,1.6,28.49%,28.03%,0.221169,2026-08-27
BMNR,25.14,2026-08-28,1,Call,27.00,-5.35%,0.11,0.14,0.15,8403,5242,1.6,81.37%,104.03%,0.176847,2026-08-27
MRVL,225.51,2026-09-18,22,Call,300.00,-24.25%,4.15,4.16,4.35,12632,7911,1.6,77.35%,84.05%,0.173891,2026-08-27
RIOT,20.66,2026-08-28,1,Put,21.50,+2.97%,0.72,0.76,0.81,521,325,1.6,85.71%,85.50%,-0.73572,2026-08-27
PLUG,2.26,2026-09-11,15,Call,2.00,+11.89%,0.24,0.27,0.33,531,331,1.6,73.78%,51.79%,0.898474,2026-08-27
DELL,466.11,2026-08-28,1,Call,490.00,-3.76%,1.4,1.45,1.45,1346,839,1.6,75.44%,69.47%,0.160192,2026-08-27
IREN,38.13,2026-09-04,8,Call,42.00,-3.63%,2.34,2.38,2.48,1687,1055,1.6,95.43%,126.43%,0.463131,2026-08-27
OKLO,42.2,2026-08-28,1,Call,43.00,-1.11%,0.55,0.62,0.67,1972,1234,1.6,76.84%,92.06%,0.419975,2026-08-27
INTC,90.3,2026-09-04,8,Put,91.00,-1.18%,2.48,2.56,2.63,727,457,1.59,58.82%,57.26%,-0.424828,2026-08-27
AAPL,316,2026-09-04,8,Put,307.50,-2.25%,1.5,1.59,1.63,767,481,1.59,24.42%,23.14%,-0.241947,2026-08-27
TSLA,355.6,2026-09-02,6,Call,375.00,-5.69%,1.23,1.26,1.28,958,603,1.59,39.65%,38.91%,0.141759,2026-08-27
LITE,941.07,2026-08-28,1,Call,"1,010.00",-5.63%,2.8,2.8,3.2,1087,683,1.59,76.11%,91.79%,0.132504,2026-08-27
CDE,22.49,2027-03-19,204,Call,30.00,-35.07%,2.25,2.45,2.6,1154,727,1.59,64.48%,69.59%,0.389374,2026-08-27
BMNR,25.14,2026-09-04,8,Put,24.00,-6.36%,0.47,0.49,0.54,1642,1032,1.59,81.37%,78.21%,-0.263948,2026-08-27
CRWV,86.14,2026-09-04,8,Call,93.00,-7.14%,1.59,1.62,1.66,502,318,1.58,73.57%,74.61%,0.286966,2026-08-27
CRWV,86.14,2026-08-28,1,Put,105.00,+20.97%,17.65,18.75,18.3,504,320,1.58,73.57%,270.35%,-0.898764,2026-08-27
CRM,247.85,2026-11-20,85,Call,260.00,-3.15%,17,18.2,18.25,675,428,1.58,41.13%,41.97%,0.49224,2026-08-27
TSM,427,2026-10-16,50,Call,560.00,-31.06%,0.66,0.92,1.14,1416,895,1.58,34.26%,39.04%,0.038233,2026-08-27
OKLO,42.2,2026-08-28,1,Call,42.50,+0.07%,0.71,0.81,0.92,1425,903,1.58,76.84%,89.88%,0.516207,2026-08-27
BABA,116.6,2026-08-28,1,Put,125.00,+7.47%,8.15,8.8,9.45,1820,1149,1.58,40.77%,83.78%,-0.947488,2026-08-27
WU,7.22,2026-11-20,85,Put,7.00,-2.91%,0.45,0.52,0.6,2075,1310,1.58,36.61%,41.64%,-0.42855,2026-08-27
ORCL,152.59,2026-08-28,1,Put,148.00,-2.59%,0.51,0.56,0.63,2853,1809,1.58,69.45%,61.86%,-0.203395,2026-08-27
WMT,103.28,2026-08-28,1,Put,107.00,+4.26%,2.56,4.21,4.9,3377,2134,1.58,22.06%,38.24%,-0.982171,2026-08-27
ORCL,152.59,2026-08-28,1,Call,157.50,-3.66%,0.33,0.35,0.36,5653,3605,1.57,69.45%,62.24%,0.138955,2026-08-27
IREN,38.13,2026-09-04,8,Call,45.00,-11.03%,1.5,1.5,1.53,7306,4652,1.57,95.43%,129.61%,0.32807,2026-08-27
AVGO,375.06,2026-08-28,1,Call,380.00,-2.28%,1.33,1.49,1.5,9772,6214,1.57,50.51%,56.15%,0.226987,2026-08-27
RKT,14.21,2026-08-28,1,Call,14.50,-1.83%,0.13,0.13,0.2,15832,10089,1.57,53.78%,91.72%,0.362844,2026-08-27
NOK,10.56,2026-08-28,1,Put,12.00,+13.31%,1.39,1.46,1.57,764,487,1.57,55.62%,203.12%,-0.86916,2026-08-27
TSLA,355.6,2026-09-04,8,Put,347.50,-2.06%,4.95,5,5.1,867,551,1.57,39.65%,39.85%,-0.346833,2026-08-27
RZLV,3.02,2026-09-11,15,Call,3.50,-19.05%,0.05,0.1,0.15,922,587,1.57,94.33%,115.47%,0.267129,2026-08-27
BABA,116.6,2026-08-28,1,Put,124.00,+6.61%,7.3,8.12,9.1,1169,745,1.57,40.77%,113.46%,-0.852719,2026-08-27
ADBE,289.03,2026-08-28,1,Call,290.00,-0.29%,2.36,2.8,2.7,1218,775,1.57,54.25%,48.33%,0.460377,2026-08-27
NKE,38.78,2026-09-25,29,Call,39.00,-1.46%,1.01,1.07,1.07,1344,858,1.57,37.26%,30.10%,0.446184,2026-08-27
SUNB,72.19,2026-09-18,22,Call,85.00,-15.40%,0.3,0.47,0.6,1529,975,1.57,49.77%,46.50%,0.115033,2026-08-27
UBER,77.08,2026-09-04,8,Put,75.00,-2.53%,0.68,0.72,0.73,1703,1087,1.57,33.22%,33.42%,-0.288558,2026-08-27
NVDA,228.59,2027-01-15,141,Put,235.00,+3.08%,22,22.87,24.55,3089,1969,1.57,33.59%,36.85%,-0.492284,2026-08-27
TTWO,240,2026-08-28,1,Call,240.00,-3.00%,1.2,1.5,1.7,3093,1965,1.57,42.15%,81.20%,0.25048,2026-08-27
TSLA,355.6,2026-11-20,85,Call,540.00,-52.19%,2.01,2.11,2.21,592,380,1.56,39.65%,51.09%,0.061142,2026-08-27
MU,920.69,2026-11-20,85,Call,950.00,-1.56%,111.9,114.86,115.65,748,479,1.56,60.44%,65.04%,0.553452,2026-08-27
ALLO,2.1,2026-09-18,22,Call,2.00,+4.31%,0,0.2,0.75,786,504,1.56,96.22%,163.89%,0.624008,2026-08-27
GOOGL,341.49,2026-09-11,15,Call,375.00,-10.08%,0.44,0.48,0.5,1155,739,1.56,27.25%,28.92%,0.056415,2026-08-27
TJX,135.43,2026-08-28,1,Put,145.00,+8.03%,9.3,10.22,11,1163,746,1.56,21.07%,62.81%,-0.990886,2026-08-27
SLS,14.88,2026-09-04,8,Call,20.00,-31.49%,0.15,0.3,0.35,1174,751,1.56,187.67%,159.23%,0.149107,2026-08-27
HOOD,108.65,2026-09-11,15,Call,125.00,-13.88%,1.2,1.21,1.26,1188,763,1.56,61.20%,63.02%,0.173026,2026-08-27
AMD,471.7,2026-09-04,8,Call,550.00,-15.38%,0.56,0.8,0.84,2254,1445,1.56,51.50%,55.33%,0.044925,2026-08-27
BMNR,25.14,2026-08-28,1,Put,25.00,-2.46%,0.24,0.23,0.26,3318,2123,1.56,81.37%,95.42%,-0.299788,2026-08-27
TSLA,355.6,2026-08-28,1,Call,342.50,+3.47%,12.25,12,12.7,3517,2261,1.56,39.65%,39.68%,0.956846,2026-08-27
IREN,38.13,2026-08-28,1,Put,41.00,+1.16%,2.51,2.59,2.59,4045,2585,1.56,95.43%,271.54%,-0.503791,2026-08-27
AMZN,257.44,2026-08-28,1,Put,265.00,+3.41%,8.4,8.58,9.35,4049,2588,1.56,28.49%,41.62%,-0.937571,2026-08-27
BULL,9.41,2026-08-28,1,Call,9.50,+0.73%,0.17,0.19,0.2,16834,10783,1.56,61.58%,73.75%,0.583985,2026-08-27
GME,18.35,2026-09-04,8,Call,18.50,-1.37%,0.38,0.4,0.42,3725,2406,1.55,55.58%,48.16%,0.433352,2026-08-27
AMD,471.7,2026-08-28,1,Put,447.50,-6.12%,0.21,0.24,0.27,504,326,1.55,51.50%,67.55%,-0.035437,2026-08-27
AVGO,375.06,2026-09-04,8,Call,367.50,+1.09%,17.85,16.82,19.1,567,365,1.55,50.51%,74.52%,0.563513,2026-08-27
HIVE,3.02,2027-03-19,204,Put,3.00,-1.96%,0.4,0.79,0.9,946,612,1.55,101.01%,80.07%,-0.360555,2026-08-27
TSM,427,2026-09-04,8,Put,412.50,-3.46%,2.4,2.87,2.67,996,642,1.55,34.26%,31.77%,-0.21612,2026-08-27
MSFT,505.8,2026-09-04,8,Call,495.00,+1.99%,13.3,14.05,14.9,1098,708,1.55,25.46%,26.58%,0.707769,2026-08-27
SKHY,158.2,2026-08-28,1,Call,162.50,-0.55%,1.8,1.87,1.9,1195,771,1.55,67.50%,66.80%,0.445603,2026-08-27
HRL,21.34,2026-09-18,22,Put,25.00,+17.48%,2.65,3.65,4.8,1766,1138,1.55,25.44%,28.88%,-0.984636,2026-08-27
DKNG,24.32,2027-06-17,294,Call,30.00,-23.86%,3,3.15,4.05,2009,1293,1.55,45.66%,59.73%,0.471561,2026-08-27
GOOG,338.34,2026-08-28,1,Put,332.50,-1.54%,0.4,0.45,0.48,2179,1408,1.55,27.15%,29.95%,-0.157439,2026-08-27
CRM,247.85,2026-09-18,22,Call,270.00,-7.12%,4,4.16,4.35,2460,1588,1.55,41.13%,42.02%,0.274737,2026-08-27
JD,28.49,2026-08-28,1,Put,29.50,+3.55%,0.76,1.08,1.12,689,446,1.54,29.87%,60.77%,-0.861254,2026-08-27
NVDA,228.59,2026-09-04,8,Call,247.50,-8.56%,0.27,0.46,0.6,1824,1186,1.54,33.59%,37.89%,0.0772,2026-08-27
PDD,85.25,2026-08-28,1,Put,89.00,+5.09%,2.78,4.45,6.4,1946,1261,1.54,31.75%,87.94%,-0.854289,2026-08-27
CLYM,15.07,2026-09-18,22,Call,15.00,+0.40%,2.45,3,4.9,3009,1954,1.54,222.12%,250.66%,0.624654,2026-08-27
HOOD,108.65,2026-08-28,1,Call,113.00,-2.95%,0.55,0.58,0.6,3997,2617,1.53,61.20%,74.45%,0.234333,2026-08-27
NKE,38.78,2026-08-28,1,Put,40.50,+5.36%,2.01,2.14,2.12,4883,3185,1.53,37.26%,45.41%,-0.985441,2026-08-27
KODK,9.56,2026-09-18,22,Call,9.00,+4.96%,0.6,0.77,0.95,510,333,1.53,53.60%,54.49%,0.678604,2026-08-27
WMT,103.28,2026-10-16,50,Put,120.00,+16.92%,16.9,17.63,17.9,572,375,1.53,22.06%,25.46%,-0.968171,2026-08-27
WDC,457.71,2026-08-28,1,Put,515.00,+11.47%,51.15,67,58,587,383,1.53,69.89%,153.83%,-0.904694,2026-08-27
SONY,24.71,2026-08-28,1,Call,16.00,+33.53%,7.8,8.09,8.2,593,387,1.53,26.69%,358.00%,0.988469,2026-08-27
MU,920.69,2026-08-31,4,Put,940.00,+0.49%,20,21,22,653,427,1.53,60.44%,47.97%,-0.526594,2026-08-27
GLXY,24.91,2026-09-04,8,Put,23.00,-9.05%,0.36,0.35,0.49,1068,699,1.53,83.17%,88.19%,-0.212516,2026-08-27
PUMP,11.13,2026-09-18,22,Call,12.50,-11.81%,0.15,0.4,0.4,1072,699,1.53,64.35%,64.96%,0.272124,2026-08-27
BABA,116.6,2026-08-28,1,Put,130.00,+11.77%,13,14.42,15.1,1280,836,1.53,40.77%,152.17%,-0.91261,2026-08-27
MU,920.69,2026-10-16,50,Call,910.00,+2.71%,101.65,103,107.6,1364,894,1.53,60.44%,65.56%,0.600715,2026-08-27
NVDA,228.59,2027-02-19,176,Call,280.00,-22.82%,8.65,9,9.1,2243,1470,1.53,33.59%,37.54%,0.27528,2026-08-27
GRAB,3.61,2027-04-16,232,Call,6.00,-67.13%,0.13,0.14,0.2,2297,1500,1.53,45.53%,59.12%,0.211735,2026-08-27
INTC,90.3,2026-08-28,1,Put,103.00,+11.85%,10.2,12.31,12.85,515,339,1.52,58.82%,189.10%,-0.860272,2026-08-27
GLXY,24.91,2026-09-04,8,Call,25.50,-0.83%,1.13,1.38,1.25,518,341,1.52,83.17%,85.61%,0.501752,2026-08-27
CCL,25.29,2026-08-28,1,Put,28.00,+12.22%,2.42,3.1,3.2,597,394,1.52,41.59%,141.82%,-0.935313,2026-08-27
VRT,267.55,2026-09-04,8,Put,200.00,-25.73%,0,0.15,0.15,655,432,1.52,54.43%,83.46%,-0.00667,2026-08-27
BIDU,98.2,2026-09-11,15,Call,100.00,-3.16%,1.73,1.93,2,1018,670,1.52,41.07%,39.04%,0.369084,2026-08-27
WDAY,193.6,2027-01-15,141,Put,185.00,-4.43%,14.7,17.6,18,1200,790,1.52,59.72%,45.98%,-0.367137,2026-08-27
BB,8.69,2026-10-16,50,Call,9.00,-4.05%,0.79,0.86,0.85,1349,889,1.52,67.67%,74.46%,0.504898,2026-08-27
MRVL,225.51,2026-09-04,8,Call,245.00,-1.47%,13.1,13.8,14.25,1539,1012,1.52,77.35%,106.64%,0.496548,2026-08-27
ZETA,29.9,2026-09-04,8,Call,30.00,+0.73%,1.14,1.22,1.2,1881,1239,1.52,58.73%,58.72%,0.554357,2026-08-27
COIN,187.4,2026-08-28,1,Put,177.50,-6.93%,0.16,0.19,0.19,1994,1315,1.52,65.14%,84.23%,-0.049105,2026-08-27
NBIS,214.06,2026-09-11,15,Call,300.00,-37.31%,0.76,0.8,0.85,2319,1529,1.52,85.96%,90.29%,0.051265,2026-08-27
AMZN,257.44,2026-09-18,22,Put,300.00,+17.07%,43.2,43.12,45.1,2863,1885,1.52,28.49%,41.64%,-0.940013,2026-08-27
S,22.2,2026-08-28,1,Call,24.00,-5.68%,1,1.07,1.2,5500,3607,1.52,79.17%,342.02%,0.41348,2026-08-27
CRCL,92.6,2026-08-28,1,Call,95.00,-0.81%,1.43,1.75,1.72,6014,3961,1.52,79.87%,97.55%,0.448341,2026-08-27
NKE,38.78,2026-08-28,1,Put,41.00,+6.66%,2.53,2.72,2.72,7969,5254,1.52,37.26%,87.23%,-0.917573,2026-08-27
SNOW,329.25,2027-01-15,141,Call,340.00,-3.31%,43.5,46.3,46.95,3189,2107,1.51,69.31%,58.76%,0.55336,2026-08-27
TSLA,355.6,2026-08-31,4,Put,340.00,-4.17%,0.63,0.66,0.66,3453,2293,1.51,39.65%,33.47%,-0.106577,2026-08-27
BAC,61.47,2026-09-04,8,Call,62.00,-1.36%,0.33,0.36,0.4,4136,2740,1.51,22.16%,19.11%,0.326843,2026-08-27
IREN,38.13,2026-08-28,1,Call,47.00,-15.96%,0.58,0.6,0.6,6125,4049,1.51,95.43%,292.18%,0.186353,2026-08-27
GOOGL,341.49,2026-08-28,1,Put,335.00,-1.66%,0.35,0.37,0.4,6861,4556,1.51,27.25%,29.73%,-0.138281,2026-08-27
HRL,21.34,2026-09-04,8,Put,23.50,+10.43%,1.95,2.05,2.3,7641,5058,1.51,25.44%,29.50%,-0.986899,2026-08-27
META,572.68,2026-09-04,8,Call,595.00,-4.18%,4.1,3.9,4.4,510,338,1.51,34.68%,36.84%,0.238392,2026-08-27
MRVL,225.51,2026-09-04,8,Put,235.00,-2.67%,11.6,11.97,12.25,557,370,1.51,77.35%,106.77%,-0.399576,2026-08-27
SRPT,21.6,2026-08-28,1,Call,20.00,+7.36%,1.6,2.15,1.85,587,388,1.51,72.41%,146.52%,0.850192,2026-08-27
MSFT,505.8,2028-12-15,841,Call,760.00,-50.48%,44.55,46,46.3,653,432,1.51,25.46%,33.37%,0.340857,2026-08-27
TJX,135.43,2026-08-28,1,Put,139.00,+3.56%,3.5,3.89,5.5,690,457,1.51,21.07%,31.76%,-0.983243,2026-08-27
NVDA,228.59,2026-09-11,15,Put,212.50,-6.79%,1.14,1.37,1.72,691,457,1.51,33.59%,36.38%,-0.157063,2026-08-27
MS,214.31,2026-12-18,113,Put,155.00,-27.86%,0.68,0.96,1.02,856,566,1.51,29.15%,37.14%,-0.043302,2026-08-27
BBAI,3.19,2026-10-16,50,Call,4.00,-25.39%,0.1,0.12,0.12,911,602,1.51,69.02%,72.64%,0.245582,2026-08-27
JD,28.49,2026-08-28,1,Put,30.00,+5.30%,0.81,1.49,2.78,1062,705,1.51,29.87%,134.95%,-0.757614,2026-08-27
BABA,116.6,2026-08-28,1,Put,128.00,+10.05%,10.55,12.25,13.1,1085,719,1.51,40.77%,109.32%,-0.949987,2026-08-27
BA,210.76,2026-09-04,8,Call,212.50,-1.24%,2.2,2.3,2.46,1190,787,1.51,28.73%,27.95%,0.389849,2026-08-27
NVDA,228.59,2026-09-18,22,Put,202.50,-11.18%,0.9,1.03,1.15,1455,962,1.51,33.59%,39.00%,-0.096077,2026-08-27
HIMS,31.34,2026-09-04,8,Call,30.00,+5.24%,2.08,2.1,2.4,1509,1002,1.51,71.79%,66.92%,0.726159,2026-08-27
COIN,187.4,2026-08-28,1,Put,190.00,-0.38%,2.76,2.89,2.95,2064,1365,1.51,65.14%,80.77%,-0.455179,2026-08-27
CRWV,86.14,2026-09-04,8,Call,85.00,+2.07%,4.65,4.75,4.95,552,369,1.5,73.57%,74.84%,0.599379,2026-08-27
QBTS,17.75,2026-09-04,8,Put,17.00,-5.03%,0.26,0.32,0.37,586,390,1.5,79.38%,65.60%,-0.278605,2026-08-27
NCLH,16.82,2026-09-18,22,Put,25.00,+50.15%,8.05,8.3,8.6,590,394,1.5,41.88%,81.66%,-0.979912,2026-08-27
XOM,156.25,2026-08-28,1,Put,167.50,+7.07%,9.75,10.53,12.2,770,512,1.5,27.07%,54.53%,-0.991709,2026-08-27
TSLA,355.6,2026-09-02,6,Call,380.00,-7.10%,0.79,0.83,0.83,1008,672,1.5,39.65%,39.98%,0.096676,2026-08-27
CMG,37.42,2026-10-16,50,Call,40.00,-7.47%,0.94,0.98,1,1341,894,1.5,34.09%,35.21%,0.326853,2026-08-27
TSLA,355.6,2026-08-28,1,Put,365.00,+2.87%,10.55,10.55,11,1539,1029,1.5,39.65%,48.54%,-0.86459,2026-08-27
MRVL,225.51,2026-08-28,1,Call,282.50,-17.00%,2.04,2.16,2.2,2181,1451,1.5,77.35%,257.46%,0.13629,2026-08-27
MSFT,505.8,2026-09-04,8,Call,505.00,+0.01%,7.7,7.92,8.15,2412,1604,1.5,25.46%,25.94%,0.51544,2026-08-27
MRVL,225.51,2026-08-28,1,Call,280.00,-15.97%,2.36,2.38,2.44,5532,3676,1.5,77.35%,257.18%,0.150931,2026-08-27
MSTR,134.76,2026-09-18,22,Call,170.00,-23.73%,2.5,2.5,2.66,5662,3771,1.5,74.55%,84.81%,0.181954,2026-08-27
COIN,187.4,2026-08-28,1,Call,190.00,+0.38%,3.55,3.7,3.8,7026,4670,1.5,65.14%,82.84%,0.544278,2026-08-27
MSTR,134.76,2026-09-04,8,Call,150.00,-9.17%,2.52,2.6,2.6,5355,3586,1.49,74.55%,84.14%,0.262459,2026-08-27
MSTR,134.76,2026-08-28,1,Put,125.00,-9.02%,0.1,0.11,0.13,5939,3979,1.49,74.55%,103.41%,-0.037848,2026-08-27
CVX,199.71,2026-08-28,1,Call,200.00,-0.12%,0.94,1.08,1.22,1053,705,1.49,25.01%,28.54%,0.472318,2026-08-27
ANF,146.55,2026-08-28,1,Put,145.00,-0.51%,0.95,1.93,2,1207,809,1.49,51.01%,60.30%,-0.427976,2026-08-27
AI,10.31,2026-09-04,8,Call,10.50,-1.65%,0.56,0.6,0.68,1209,810,1.49,80.35%,113.63%,0.496728,2026-08-27
PURR,12.59,2026-09-18,22,Put,10.00,-22.06%,0.15,0.22,0.25,1773,1189,1.49,102.21%,96.83%,-0.119881,2026-08-27
CSCO,112.4,2026-08-28,1,Call,113.00,-0.76%,0.4,0.43,0.5,1818,1222,1.49,29.34%,34.13%,0.340687,2026-08-27
UBER,77.08,2026-08-28,1,Call,76.00,+1.23%,1.13,1.12,1.26,1819,1217,1.49,33.22%,37.47%,0.741648,2026-08-27
NVDA,228.59,2026-09-18,22,Put,217.50,-4.60%,2.83,3.41,3.8,2305,1546,1.49,33.59%,34.57%,-0.268741,2026-08-27
COIN,187.4,2026-08-28,1,Put,187.50,-1.69%,1.74,1.78,1.84,2708,1814,1.49,65.14%,79.71%,-0.333194,2026-08-27
CRM,247.85,2026-08-28,1,Call,232.50,+7.76%,18.6,21.67,20.85,565,381,1.48,41.13%,85.92%,0.96556,2026-08-27
SHOP,155.75,2026-09-04,8,Call,160.00,-3.67%,1.77,1.8,2.04,632,428,1.48,43.38%,44.13%,0.305892,2026-08-27
AFRM,86.36,2026-08-28,1,Put,76.00,-1.92%,3,3.48,3.7,698,473,1.48,69.52%,253.22%,-0.415503,2026-08-27
CBRS,183.79,2026-08-28,1,Call,187.50,-0.44%,3,3.32,3.7,718,484,1.48,84.09%,95.80%,0.475505,2026-08-27
AMD,471.7,2026-08-28,1,Put,452.50,-5.07%,0.41,0.43,0.46,895,604,1.48,51.50%,65.16%,-0.061106,2026-08-27
MSFT,505.8,2026-09-04,8,Put,485.00,-3.97%,1.42,1.5,1.59,969,654,1.48,25.46%,26.68%,-0.144442,2026-08-27
AMC,2.71,2026-10-16,50,Call,4.00,-48.15%,0.08,0.1,0.1,1253,847,1.48,83.14%,100.68%,0.190995,2026-08-27
NVDA,228.59,2026-09-02,6,Call,250.00,-9.66%,0.12,0.14,0.16,2364,1599,1.48,33.59%,38.24%,0.032508,2026-08-27
CRWV,86.14,2026-08-28,1,Call,92.00,-5.99%,0.19,0.19,0.2,3791,2557,1.48,73.57%,86.98%,0.105095,2026-08-27
NBIS,214.06,2026-08-28,1,Call,220.00,-0.70%,3.6,3.7,3.8,5623,3792,1.48,85.96%,96.32%,0.456061,2026-08-27
ADBE,289.03,2026-09-18,22,Call,370.00,-27.96%,0.4,0.88,0.88,850,580,1.47,54.25%,55.42%,0.041979,2026-08-27
CIFR,16.37,2026-09-04,8,Put,18.00,+7.33%,1.67,1.75,1.83,1139,776,1.47,98.75%,100.32%,-0.655018,2026-08-27
MSTR,134.76,2026-10-16,50,Call,250.00,-81.95%,1.07,1.2,1.27,1393,949,1.47,74.55%,94.36%,0.063671,2026-08-27
NVDA,228.59,2026-10-02,36,Call,235.00,-3.08%,6,6.9,7.5,2005,1366,1.47,33.59%,33.03%,0.416886,2026-08-27
SLS,14.88,2026-08-28,1,Call,15.50,-1.91%,0.2,0.3,0.4,2035,1385,1.47,187.67%,133.80%,0.407771,2026-08-27
NVO,46.27,2026-08-28,1,Call,47.00,-1.60%,0.1,0.1,0.12,2708,1842,1.47,33.44%,37.86%,0.213119,2026-08-27
AVGO,375.06,2026-08-31,4,Put,365.00,-1.76%,2.44,3.1,3.4,501,342,1.46,50.51%,36.62%,-0.312113,2026-08-27
SONY,24.71,2026-08-28,1,Call,15.50,+35.60%,8.3,8.42,8.7,597,410,1.46,26.69%,347.79%,0.993917,2026-08-27
ADSK,260.3,2026-08-28,1,Put,230.00,-15.00%,0.8,0.8,1,668,457,1.46,57.93%,213.27%,-0.06523,2026-08-27
TXN,265.08,2026-09-18,22,Call,475.00,-78.21%,0.01,0.56,0.71,732,503,1.46,37.15%,103.55%,0.016085,2026-08-27
PANW,384.56,2026-08-28,1,Call,395.00,-3.17%,1.25,1.35,1.49,813,557,1.46,62.73%,66.46%,0.18996,2026-08-27
PURR,12.59,2026-08-28,1,Call,12.50,+2.57%,0.5,0.6,0.6,1149,787,1.46,102.21%,136.33%,0.656266,2026-08-27
WDAY,193.6,2026-08-28,1,Put,190.00,-1.84%,5.5,6.02,7.9,1168,801,1.46,59.72%,209.17%,-0.410771,2026-08-27
RGTI,16.19,2026-08-28,1,Call,16.50,-0.36%,0.25,0.26,0.27,1899,1300,1.46,78.33%,83.83%,0.47654,2026-08-27
LITE,941.07,2026-08-28,1,Call,950.00,+0.64%,19.9,21.1,21.7,1927,1320,1.46,76.11%,87.98%,0.565569,2026-08-27
TTD,13.45,2028-01-21,512,Put,10.00,-25.48%,1.88,2.04,2.04,2067,1412,1.46,53.24%,68.38%,-0.206645,2026-08-27
NKE,38.78,2026-08-28,1,Put,38.50,+0.16%,0.28,0.36,0.33,7339,5037,1.46,37.26%,34.07%,-0.531581,2026-08-27
TSM,427,2026-08-28,1,Call,425.00,+0.54%,4.6,5.2,5.25,10018,6879,1.46,34.26%,40.90%,0.605089,2026-08-27
NBIS,214.06,2026-08-28,1,Call,235.00,-7.56%,0.49,0.55,0.56,3258,2244,1.45,85.96%,104.33%,0.095824,2026-08-27
BULL,9.41,2026-09-04,8,Call,9.50,+0.73%,0.36,0.41,0.42,4577,3148,1.45,61.58%,62.17%,0.553472,2026-08-27
HOOD,108.65,2026-09-04,8,Call,120.00,-9.33%,1.05,1.08,1.09,5599,3865,1.45,61.20%,64.99%,0.191923,2026-08-27
GME,18.35,2026-09-04,8,Call,19.00,-4.11%,0.24,0.25,0.26,7430,5111,1.45,55.58%,50.08%,0.301952,2026-08-27
NVDA,228.59,2026-08-28,1,Call,222.50,+2.40%,4.45,4.5,7,94167,65023,1.45,33.59%,37.46%,0.895291,2026-08-27
SNDK,1454.01,2026-08-28,1,Call,"1,570.00",-5.73%,3.2,3.35,3.5,511,352,1.45,71.65%,84.38%,0.108098,2026-08-27
WIX,84.46,2026-09-18,22,Call,90.00,-4.94%,3.1,4.1,4.8,545,377,1.45,69.98%,66.93%,0.421424,2026-08-27
XYZ,84.6,2026-09-18,22,Put,85.00,+0.18%,2.87,3.1,3.25,587,405,1.45,38.27%,36.90%,-0.482502,2026-08-27
INTC,90.3,2026-09-18,22,Call,98.00,-6.42%,3,3.05,3.15,605,417,1.45,58.82%,58.88%,0.364853,2026-08-27
MRVL,225.51,2026-08-28,1,Put,197.50,-18.20%,0.3,0.33,0.37,809,559,1.45,77.35%,211.90%,-0.030896,2026-08-27
INTC,90.3,2026-08-28,1,Call,80.00,+13.13%,11.5,11.01,12.6,818,565,1.45,58.82%,96.39%,0.99755,2026-08-27
AAPL,316,2026-10-02,36,Call,345.00,-9.67%,1.36,1.47,1.58,1127,779,1.45,24.42%,24.12%,0.127701,2026-08-27
SNDK,1454.01,2026-08-28,1,Call,"1,510.00",-1.69%,14.4,14.7,15,1305,901,1.45,71.65%,80.66%,0.354644,2026-08-27
UBER,77.08,2026-09-11,15,Call,80.00,-3.96%,0.82,0.85,0.91,1398,962,1.45,33.22%,31.51%,0.290022,2026-08-27
NBIS,214.06,2026-09-04,8,Put,210.00,-3.88%,6.55,6.9,7.3,1425,986,1.45,85.96%,84.58%,-0.350416,2026-08-27
PLUG,2.26,2026-09-25,29,Call,2.50,-10.13%,0.1,0.12,0.12,1481,1024,1.45,73.78%,75.70%,0.369871,2026-08-27
PAAS,55.88,2026-11-20,85,Call,75.00,-36.64%,1,1.15,1.3,623,434,1.44,49.99%,56.80%,0.162712,2026-08-27
GAP,24.68,2026-09-11,15,Put,18.00,-13.42%,0.32,0.46,0.72,660,458,1.44,70.10%,97.73%,-0.203858,2026-08-27
META,572.68,2026-08-31,4,Call,570.00,+0.19%,7.6,7.6,8.05,770,535,1.44,34.68%,30.03%,0.535209,2026-08-27
BB,8.69,2026-10-16,50,Put,8.00,-7.51%,0.5,0.6,0.68,944,655,1.44,67.67%,72.93%,-0.330079,2026-08-27
META,572.68,2026-09-02,6,Call,580.00,-1.56%,6.1,6.22,6.5,947,658,1.44,34.68%,34.03%,0.374325,2026-08-27
NBIS,214.06,2026-08-28,1,Call,232.50,-6.42%,0.7,0.72,0.77,1145,794,1.44,85.96%,102.31%,0.128619,2026-08-27
WMT,103.28,2026-09-18,22,Put,115.00,+12.05%,12.05,12.8,12.8,11125,7701,1.44,22.06%,27.72%,-0.960143,2026-08-27
SPCX,139.92,2026-08-28,1,Call,146.00,-3.64%,0.23,0.24,0.25,3896,2715,1.43,51.09%,56.85%,0.118205,2026-08-27
AVGO,375.06,2026-09-04,8,Call,400.00,-7.66%,6.4,6.67,6.8,5640,3932,1.43,50.51%,75.31%,0.274013,2026-08-27
NFLX,80.17,2026-08-28,1,Put,80.00,+0.20%,0.62,0.6,0.65,9286,6487,1.43,32.23%,33.27%,-0.540528,2026-08-27
HOOD,108.65,2026-09-04,8,Put,108.00,-1.60%,2.95,2.95,3.1,546,382,1.43,61.20%,60.29%,-0.407816,2026-08-27
ARM,253.1,2026-08-28,1,Call,275.00,-7.75%,0.2,0.19,0.35,760,532,1.43,65.21%,88.26%,0.055765,2026-08-27
MRK,149.46,2027-03-19,204,Call,120.00,+19.75%,33.3,35.95,35.55,850,596,1.43,27.75%,36.92%,0.824156,2026-08-27
NFLX,80.17,2026-11-20,85,Put,82.50,+3.33%,6.55,6.88,7.25,962,672,1.43,32.23%,37.34%,-0.524736,2026-08-27
AMZN,257.44,2026-09-04,8,Put,247.50,-3.42%,1.12,1.16,1.22,1345,942,1.43,28.49%,28.35%,-0.193056,2026-08-27
META,572.68,2028-01-21,512,Put,300.00,-47.47%,8.6,9.1,9.35,1501,1048,1.43,34.68%,44.20%,-0.056904,2026-08-27
INTC,90.3,2026-09-04,8,Call,92.00,+0.10%,3.2,3.25,3.35,1978,1381,1.43,58.82%,58.88%,0.524883,2026-08-27
BMNR,25.14,2026-08-28,1,Put,25.50,-0.51%,0.42,0.39,0.56,1991,1389,1.43,81.37%,103.72%,-0.451333,2026-08-27
APLD,27.19,2026-09-04,8,Put,28.00,+2.04%,1.55,1.5,1.68,552,388,1.42,89.46%,81.15%,-0.541049,2026-08-27
RKLB,66.58,2026-09-04,8,Put,66.00,-2.27%,1.8,1.9,1.99,555,392,1.42,67.40%,66.19%,-0.386028,2026-08-27
MU,920.69,2026-08-28,1,Call,"1,070.00",-14.39%,0.03,0.11,0.23,793,560,1.42,60.44%,104.91%,0.007786,2026-08-27
CRM,247.85,2026-10-16,50,Call,260.00,-3.15%,11.65,12,12.45,889,628,1.42,41.13%,40.48%,0.457815,2026-08-27
MRVL,225.51,2026-08-28,1,Put,237.50,-1.64%,10.25,10.4,10.65,912,644,1.42,77.35%,246.84%,-0.423512,2026-08-27
TSLA,355.6,2026-09-11,15,Put,350.00,-1.36%,8.35,8.35,8.5,1019,719,1.42,39.65%,38.13%,-0.408707,2026-08-27
RBLX,38.2,2026-09-18,22,Put,55.00,+44.17%,16.2,17.15,17.75,1387,977,1.42,56.80%,88.68%,-0.946283,2026-08-27
TSLA,355.6,2026-09-02,6,Call,370.00,-4.28%,1.93,1.97,1.98,1812,1277,1.42,39.65%,38.06%,0.205408,2026-08-27
IBM,238.94,2026-09-04,8,Call,250.00,-4.69%,1.06,1.15,1.24,1870,1318,1.42,32.47%,33.30%,0.183308,2026-08-27
SPCX,139.92,2028-12-15,841,Call,130.00,+7.72%,56.05,56.9,58.1,2065,1455,1.42,51.09%,59.11%,0.740941,2026-08-27
CRWD,227.49,2026-09-04,8,Call,200.00,+12.27%,28.35,29.3,29,2607,1831,1.42,53.09%,59.46%,0.938182,2026-08-27
CRM,247.85,2026-09-18,22,Call,245.00,+2.80%,13.45,14.4,14.45,3105,2187,1.42,41.13%,40.16%,0.638448,2026-08-27
BB,8.69,2026-08-28,1,Call,8.00,+7.51%,0.61,0.65,0.71,5187,3643,1.42,67.67%,92.88%,0.948797,2026-08-27
BABA,116.6,2026-08-28,1,Call,120.00,-3.17%,0.13,0.14,0.17,6450,4542,1.42,40.77%,47.79%,0.108221,2026-08-27
SOFI,19.3,2026-08-28,1,Put,19.00,-0.94%,0.14,0.15,0.15,11549,8161,1.42,50.53%,56.26%,-0.367725,2026-08-27
TSLA,355.6,2026-08-31,4,Call,370.00,-4.28%,0.77,0.77,0.8,4929,3490,1.41,39.65%,34.14%,0.126293,2026-08-27
NVDA,228.59,2026-09-11,15,Call,230.00,-0.89%,5.05,5.2,5.45,10927,7724,1.41,33.59%,32.81%,0.468174,2026-08-27
NVO,46.27,2026-08-28,1,Call,46.00,+0.56%,0.45,0.5,0.55,665,472,1.41,33.44%,37.12%,0.61628,2026-08-27
FIG,30.18,2026-08-28,1,Call,32.00,-4.51%,0.1,0.15,0.15,735,522,1.41,74.01%,86.59%,0.171605,2026-08-27
SNDK,1454.01,2026-08-28,1,Call,"1,620.00",-9.09%,1.05,1.35,1.35,759,538,1.41,71.65%,94.24%,0.041116,2026-08-27
AVGO,375.06,2026-08-31,4,Call,385.00,-3.62%,1.31,1.5,1.59,780,553,1.41,50.51%,37.07%,0.186862,2026-08-27
META,572.68,2026-08-31,4,Call,610.00,-6.81%,0.3,0.34,0.35,840,597,1.41,34.68%,35.14%,0.038957,2026-08-27
SNDK,1454.01,2026-09-04,8,Put,"1,200.00",-19.19%,1.65,2,2.35,937,665,1.41,71.65%,78.49%,-0.028854,2026-08-27
CBRS,183.79,2026-08-28,1,Call,195.00,-4.46%,0.75,1.2,1.35,1121,796,1.41,84.09%,97.00%,0.202531,2026-08-27
AVTR,14.6,2027-01-15,141,Put,13.00,-11.02%,0.55,0.75,0.9,1147,811,1.41,32.20%,42.62%,-0.267935,2026-08-27
KO,89.43,2026-08-28,1,Put,89.00,-0.07%,0.26,0.31,0.33,1309,929,1.41,18.28%,17.51%,-0.467574,2026-08-27
CRWV,86.14,2026-09-04,8,Call,95.00,-9.45%,1.18,1.21,1.24,1625,1156,1.41,73.57%,75.31%,0.227567,2026-08-27
CBRS,183.79,2026-08-28,1,Call,200.00,-7.14%,0.45,0.53,0.55,1806,1277,1.41,84.09%,103.15%,0.105874,2026-08-27
SMCI,37.91,2026-08-28,1,Put,37.50,-2.50%,0.26,0.3,0.32,1854,1312,1.41,70.80%,83.66%,-0.273845,2026-08-27
FROG,104.25,2026-09-18,22,Call,100.00,+3.87%,8.8,8.74,9.6,1856,1313,1.41,68.58%,68.90%,0.62972,2026-08-27
ORCL,152.59,2026-08-28,1,Call,148.00,+2.59%,4.4,4.5,4.65,2317,1645,1.41,69.45%,62.12%,0.795678,2026-08-27
GME,18.35,2026-09-04,8,Call,18.00,+1.37%,0.59,0.58,0.63,2424,1725,1.41,55.58%,45.23%,0.58977,2026-08-27
SBUX,107.85,2026-10-16,50,Put,110.00,+2.55%,4.05,5.35,5.8,543,388,1.4,26.43%,21.90%,-0.599607,2026-08-27
CVS,93.21,2026-08-28,1,Put,93.00,+0.09%,0.37,0.5,0.65,679,485,1.4,27.29%,24.21%,-0.523957,2026-08-27
NVDA,228.59,2026-11-20,85,Put,235.00,+3.08%,18.35,20.1,20.45,820,585,1.4,33.59%,37.19%,-0.520493,2026-08-27
TTD,13.45,2026-09-04,8,Call,13.00,+3.13%,0.59,0.63,0.74,891,638,1.4,53.24%,53.21%,0.674803,2026-08-27
PANW,384.56,2026-09-04,8,Call,385.00,-0.56%,18.5,19.54,20.35,1026,732,1.4,62.73%,89.78%,0.512086,2026-08-27
AMZN,257.44,2026-08-28,1,Call,240.00,+6.35%,15.8,16.59,16.7,1967,1401,1.4,28.49%,82.90%,0.937587,2026-08-27
TSLA,355.6,2026-09-04,8,Put,340.00,-4.17%,2.74,2.78,2.8,2379,1700,1.4,39.65%,39.94%,-0.222824,2026-08-27
AMD,471.7,2026-09-04,8,Call,500.00,-4.89%,6.45,6.55,6.7,2429,1738,1.4,51.50%,53.45%,0.289657,2026-08-27
AMD,471.7,2026-08-28,1,Call,477.50,-0.17%,5.1,6,6.15,3751,2688,1.4,51.50%,60.32%,0.48557,2026-08-27
MRNA,138,2026-08-28,1,Call,145.00,-1.56%,1.85,1.91,2.2,4132,2954,1.4,73.49%,99.99%,0.394309,2026-08-27
NVDA,228.59,2026-08-28,1,Call,240.00,-5.27%,0.1,0.1,0.11,246419,175476,1.4,33.59%,55.42%,0.039754,2026-08-27
MSFT,505.8,2026-08-28,1,Call,495.00,+1.99%,10.3,10.6,10.75,6381,4591,1.39,25.46%,31.22%,0.893268,2026-08-27
MSFT,505.8,2026-08-28,1,Call,520.00,-2.96%,0.1,0.12,0.13,7716,5557,1.39,25.46%,30.70%,0.035854,2026-08-27
META,572.68,2026-08-28,1,Call,595.00,-4.18%,0.3,0.32,0.32,8725,6290,1.39,34.68%,47.73%,0.052103,2026-08-27
ORCL,152.59,2026-08-28,1,Call,155.00,-2.01%,0.76,0.78,0.81,12991,9336,1.39,69.45%,60.56%,0.270514,2026-08-27
AAOI,111,2026-08-28,1,Call,113.00,+0.25%,2.45,2.83,3.2,500,359,1.39,92.46%,113.33%,0.529122,2026-08-27
MRNA,138,2026-09-04,8,Call,155.00,-8.57%,2.31,2.8,3.2,664,478,1.39,73.49%,82.67%,0.272949,2026-08-27
MRVL,225.51,2026-08-28,1,Put,202.50,-16.13%,0.64,0.64,0.65,715,516,1.39,77.35%,216.19%,-0.053475,2026-08-27
ASST,22.6,2026-10-02,36,Call,24.00,-3.81%,2.34,2.7,2.95,740,533,1.39,103.69%,103.12%,0.523069,2026-08-27
AMZN,257.44,2026-08-31,4,Put,267.50,+4.39%,10.9,11.4,11.95,779,559,1.39,28.49%,28.12%,-0.928003,2026-08-27
DKNG,24.32,2026-12-18,113,Put,45.00,+85.80%,19.3,21.05,22,823,592,1.39,45.66%,80.03%,-0.893965,2026-08-27
SPCX,139.92,2026-09-04,8,Call,146.00,-3.64%,2.15,2.21,2.2,836,602,1.39,51.09%,49.81%,0.330871,2026-08-27
MRVL,225.51,2026-08-28,1,Call,287.50,-19.07%,1.63,1.68,1.75,1593,1147,1.39,77.35%,259.85%,0.112224,2026-08-27
UAMY,5.18,2026-08-28,1,Put,5.50,+6.59%,0.2,0.25,0.45,1653,1189,1.39,96.09%,90.48%,-0.907279,2026-08-27
INTC,90.3,2026-09-04,8,Call,91.00,+1.18%,3.65,3.7,3.85,2428,1746,1.39,58.82%,58.14%,0.574989,2026-08-27
PLTR,184.97,2026-10-02,36,Call,200.00,-7.57%,5.85,5.9,6.05,612,442,1.38,47.06%,47.31%,0.347463,2026-08-27
LCID,5.14,2026-10-16,50,Call,6.00,-17.88%,0.31,0.35,0.39,688,497,1.38,89.44%,86.79%,0.368559,2026-08-27
IREN,38.13,2026-09-04,8,Call,47.00,-15.96%,1.05,1.1,1.13,749,543,1.38,95.43%,131.07%,0.253914,2026-08-27
MRVL,225.51,2026-08-28,1,Put,222.50,-7.85%,4.25,4.31,4.4,803,580,1.38,77.35%,235.28%,-0.233901,2026-08-27
AVGO,375.06,2026-09-04,8,Call,365.00,+1.76%,18.95,19.5,20,829,600,1.38,50.51%,72.99%,0.588671,2026-08-27
NBIS,214.06,2026-09-04,8,Call,290.00,-32.74%,0.35,0.37,0.39,1027,742,1.38,85.96%,98.57%,0.031302,2026-08-27
PG,143.69,2026-08-28,1,Call,145.00,-1.30%,0.1,0.14,0.2,1097,797,1.38,18.30%,24.37%,0.157566,2026-08-27
AFRM,86.36,2026-08-28,1,Put,65.00,-16.12%,0.41,0.43,0.48,1289,935,1.38,69.52%,259.78%,-0.086697,2026-08-27
RBRK,100.51,2026-09-18,22,Call,120.00,-12.13%,4.1,4.8,5.5,1412,1024,1.38,84.95%,89.29%,0.343575,2026-08-27
PURR,12.59,2028-01-21,512,Call,20.00,-55.88%,4,4.2,4.5,1497,1083,1.38,102.21%,97.88%,0.597041,2026-08-27
UBER,77.08,2026-08-28,1,Call,78.00,-1.36%,0.21,0.2,0.24,2234,1622,1.38,33.22%,37.68%,0.250687,2026-08-27
NVDA,228.59,2026-09-11,15,Call,235.00,-3.08%,3.25,3.5,3.55,8124,5901,1.38,33.59%,33.07%,0.344769,2026-08-27
MRVL,225.51,2026-08-28,1,Call,250.00,-3.54%,8.95,9.1,9.15,9752,7087,1.38,77.35%,250.97%,0.421314,2026-08-27
TSLA,355.6,2026-09-04,8,Call,370.00,-4.28%,3.2,3.25,3.3,6853,4999,1.37,39.65%,40.93%,0.258353,2026-08-27
IREN,38.13,2026-08-28,1,Call,44.00,-8.56%,1.13,1.16,1.16,8887,6465,1.37,95.43%,284.37%,0.316717,2026-08-27
CRWV,86.14,2026-08-28,1,Call,90.00,-3.69%,0.43,0.44,0.45,10672,7790,1.37,73.57%,83.25%,0.209865,2026-08-27
ALAB,299.5,2026-08-28,1,Call,330.00,-8.52%,0.24,0.41,0.66,510,373,1.37,76.78%,101.36%,0.06515,2026-08-27
SE,118.31,2026-10-16,50,Call,130.00,-9.87%,3.3,3.4,3.65,520,380,1.37,42.01%,42.59%,0.313408,2026-08-27
MU,920.69,2026-10-16,50,Call,"1,090.00",-16.53%,39.95,35.85,41.75,541,394,1.37,60.44%,65.93%,0.313971,2026-08-27
ANF,146.55,2026-09-04,8,Put,150.00,+2.92%,6.2,6.58,7.7,755,552,1.37,51.01%,52.36%,-0.627774,2026-08-27
FRMI,5.46,2027-02-19,176,Call,10.00,-83.49%,0.65,0.75,0.8,1033,752,1.37,102.97%,113.33%,0.36155,2026-08-27
ZS,186.85,2026-08-28,1,Call,200.00,-6.78%,0.05,0.12,0.13,1702,1244,1.37,76.41%,68.16%,0.034509,2026-08-27
BA,210.76,2026-08-28,1,Put,210.00,+0.05%,1.18,1.29,1.37,1967,1435,1.37,28.73%,27.80%,-0.511568,2026-08-27
MRVL,225.51,2026-08-28,1,Call,305.00,-26.32%,0.64,0.71,0.74,793,585,1.36,77.35%,263.14%,0.051892,2026-08-27
NEE,83.29,2026-12-18,113,Put,77.50,-7.15%,1.73,1.84,2.1,1078,790,1.36,20.57%,24.31%,-0.261129,2026-08-27
GAP,24.68,2026-09-04,8,Call,22.00,-5.82%,0.9,0.98,1.15,1196,881,1.36,70.10%,123.34%,0.413375,2026-08-27
COIN,187.4,2026-09-04,8,Put,180.00,-5.62%,2.72,2.95,3.1,1370,1009,1.36,65.14%,64.42%,-0.254107,2026-08-27
DG,127.45,2026-08-28,1,Call,135.00,-7.24%,0,0.12,0.6,1373,1011,1.36,34.50%,100.98%,0.097731,2026-08-27
ASTS,60.86,2026-08-28,1,Call,64.00,-4.17%,0.2,0.23,0.25,1375,1010,1.36,72.67%,79.33%,0.168516,2026-08-27
UBER,77.08,2026-08-28,1,Call,77.00,-0.06%,0.54,0.53,0.6,2944,2169,1.36,33.22%,36.77%,0.492434,2026-08-27
MSFT,505.8,2026-08-28,1,Put,485.00,-3.97%,0.06,0.1,0.1,3001,2202,1.36,25.46%,38.39%,-0.021156,2026-08-27
PLTR,184.97,2026-09-04,8,Put,170.00,-8.57%,0.75,0.77,0.79,3707,2743,1.35,47.06%,51.22%,-0.109577,2026-08-27
CLSK,12.78,2026-08-28,1,Call,12.50,+3.47%,0.51,0.55,0.59,8150,6046,1.35,84.11%,99.99%,0.759268,2026-08-27
PSKY,10.88,2026-10-16,50,Call,14.00,-29.63%,0.12,0.14,0.18,556,413,1.35,53.42%,58.24%,0.138752,2026-08-27
NVDA,228.59,2026-10-02,36,Call,255.00,-11.85%,1.68,1.99,2.1,783,578,1.35,33.59%,33.02%,0.159229,2026-08-27
HIMS,31.34,2026-10-16,50,Put,29.00,-8.40%,1.89,1.9,2.07,820,606,1.35,71.79%,71.48%,-0.315642,2026-08-27
AFRM,86.36,2026-08-28,1,Call,78.00,-0.66%,4.05,4.05,4.3,860,636,1.35,69.52%,272.62%,0.510396,2026-08-27
AAPL,316,2026-08-31,4,Call,310.00,+1.46%,5.35,5.5,5.75,1576,1170,1.35,24.42%,19.52%,0.771996,2026-08-27
MU,920.69,2026-08-28,1,Put,950.00,+1.56%,19.9,21,25.7,2319,1723,1.35,60.44%,73.07%,-0.649604,2026-08-27
ANF,146.55,2026-08-28,1,Call,155.00,-6.35%,0.25,0.3,0.4,2803,2078,1.35,51.01%,90.42%,0.101195,2026-08-27
S,22.2,2026-08-28,1,Call,25.00,-10.08%,0.45,0.76,0.85,892,666,1.34,79.17%,307.59%,0.303039,2026-08-27
MRVL,225.51,2026-11-20,85,Put,210.00,-13.03%,16.45,17.1,17.15,982,732,1.34,77.35%,70.93%,-0.274482,2026-08-27
SCHW,109,2027-06-17,294,Put,95.00,-12.08%,4.7,4.65,5,998,745,1.34,24.25%,29.95%,-0.24643,2026-08-27
INTC,90.3,2026-09-04,8,Call,94.00,-2.07%,2.28,2.25,2.55,1044,779,1.34,58.82%,59.28%,0.427608,2026-08-27
CVNA,74.3,2026-09-04,8,Call,80.00,-7.98%,0.6,0.63,0.69,1048,784,1.34,56.42%,56.77%,0.194427,2026-08-27
AMD,471.7,2026-09-04,8,Put,430.00,-9.79%,1.8,1.96,2.04,1133,847,1.34,51.50%,56.24%,-0.098881,2026-08-27
AMD,471.7,2026-08-28,1,Call,510.00,-6.99%,0.14,0.17,0.2,2425,1813,1.34,51.50%,66.40%,0.027161,2026-08-27
MRNA,138,2026-08-28,1,Put,130.00,-8.94%,0.12,0.15,0.17,5695,4250,1.34,73.49%,106.51%,-0.043607,2026-08-27
IREN,38.13,2026-08-28,1,Put,37.00,-8.71%,0.78,0.79,0.8,4218,3167,1.33,95.43%,259.91%,-0.230082,2026-08-27
NOW,138.09,2026-08-28,1,Call,135.00,+2.48%,3.95,3.95,4.25,7206,5408,1.33,53.02%,66.67%,0.770173,2026-08-27
PBR,18.44,2026-11-20,85,Call,21.00,-15.07%,0.63,0.64,0.66,112502,84746,1.33,34.88%,44.09%,0.293089,2026-08-27
SNDK,1454.01,2026-08-28,1,Call,"1,400.00",+5.72%,86.1,83.25,88.2,545,411,1.33,71.65%,79.01%,0.926131,2026-08-27
BABA,116.6,2026-09-04,8,Call,115.00,+1.13%,3.15,3.1,3.5,574,431,1.33,40.77%,38.34%,0.590002,2026-08-27
ALAB,299.5,2026-08-28,1,Call,310.00,-1.94%,2.52,3.38,4,589,443,1.33,76.78%,89.32%,0.34965,2026-08-27
MRVL,225.51,2026-09-11,15,Call,250.00,-3.54%,13,13.5,13.8,834,629,1.33,77.35%,86.66%,0.459354,2026-08-27
GOOGL,341.49,2026-09-04,8,Call,342.50,-0.54%,4.25,4.4,4.85,848,639,1.33,27.25%,26.34%,0.459955,2026-08-27
AMZN,257.44,2026-08-31,4,Call,267.50,-4.39%,0.15,0.16,0.2,920,692,1.33,28.49%,25.82%,0.059363,2026-08-27
RIVN,16.7,2026-09-04,8,Call,16.50,+1.79%,0.66,0.72,0.77,2532,1897,1.33,54.49%,55.38%,0.606618,2026-08-27
NOW,138.09,2026-11-20,85,Put,130.00,-6.09%,10.2,10.43,10.55,585,442,1.32,53.02%,56.91%,-0.348018,2026-08-27
MSTR,134.76,2026-09-04,8,Put,137.00,-0.29%,5.9,5.6,6.15,700,532,1.32,74.55%,77.45%,-0.464797,2026-08-27
PLAY,9.27,2026-09-18,22,Put,9.00,-1.96%,0.7,0.85,0.85,753,571,1.32,96.67%,96.43%,-0.421331,2026-08-27
RDDT,153.7,2026-09-04,8,Call,170.00,-10.43%,0.8,0.86,0.93,984,748,1.32,56.77%,57.91%,0.134647,2026-08-27
NFLX,80.17,2026-09-04,8,Put,79.00,-1.05%,0.97,0.99,1.01,1605,1216,1.32,32.23%,29.70%,-0.390654,2026-08-27
APPS,11.36,2026-09-18,22,Call,12.00,-4.90%,0.5,0.63,0.75,1980,1495,1.32,80.52%,75.64%,0.439287,2026-08-27
IREN,38.13,2026-08-28,1,Call,44.50,-9.80%,1.02,1.05,1.05,1994,1505,1.32,95.43%,286.66%,0.292123,2026-08-27
NVDA,228.59,2026-08-28,1,Call,220.00,+3.50%,7.8,8.25,8.5,126703,96107,1.32,33.59%,45.13%,0.936229,2026-08-27
NVDA,228.59,2026-08-31,4,Call,245.00,-7.47%,0.03,0.1,0.11,11071,8462,1.31,33.59%,34.07%,0.023258,2026-08-27
LUNR,16.14,2026-09-04,8,Put,18.00,+11.25%,1.82,1.9,2.38,570,435,1.31,88.44%,92.22%,-0.761154,2026-08-27
ANF,146.55,2026-09-04,8,Put,145.00,-0.51%,3.5,4.2,4.7,730,559,1.31,51.01%,52.51%,-0.455263,2026-08-27
CRM,247.85,2026-10-16,50,Put,210.00,-16.68%,2.01,2.08,2.19,855,655,1.31,41.13%,42.59%,-0.103642,2026-08-27
TTD,13.45,2026-09-04,8,Call,13.50,-0.60%,0.34,0.4,0.42,1520,1158,1.31,53.24%,52.08%,0.488737,2026-08-27
PATH,18.13,2026-08-28,1,Call,18.00,+1.80%,0.45,0.46,0.54,1788,1365,1.31,81.18%,79.21%,0.677734,2026-08-27
ECHO,86.08,2026-09-18,22,Put,110.00,+27.21%,21.6,23.5,25.4,2174,1661,1.31,42.57%,48.32%,-0.989988,2026-08-27
NVDA,228.59,2026-09-04,8,Call,217.50,+4.60%,10.5,12.15,12.25,2925,2239,1.31,33.59%,30.43%,0.86047,2026-08-27
TSLA,355.6,2026-08-31,4,Call,377.50,-6.39%,0.31,0.33,0.33,535,411,1.3,39.65%,36.59%,0.056073,2026-08-27
BHF,54.16,2026-09-18,22,Call,55.00,-1.55%,3.2,3.3,5.5,758,582,1.3,65.92%,88.22%,0.518868,2026-08-27
MSTR,134.76,2026-09-11,15,Call,160.00,-16.45%,2.3,2.47,2.61,1094,844,1.3,74.55%,82.24%,0.205752,2026-08-27
HIVE,3.02,2026-09-04,8,Call,3.00,+1.96%,0.15,0.2,0.25,1478,1139,1.3,101.01%,93.41%,0.58633,2026-08-27
AMD,471.7,2026-08-28,1,Call,495.00,-3.85%,1.08,1.14,1.29,3282,2534,1.3,51.50%,66.16%,0.142429,2026-08-27
ARM,253.1,2026-08-28,1,Call,265.00,-3.84%,1.1,1.21,1.28,4953,3833,1.29,65.21%,82.44%,0.198056,2026-08-27
IREN,38.13,2026-08-28,1,Call,50.00,-23.37%,0.29,0.29,0.3,28691,22209,1.29,95.43%,299.48%,0.10372,2026-08-27
PBR,18.44,2026-11-20,85,Call,24.00,-31.51%,0.2,0.29,0.33,110174,85710,1.29,34.88%,46.94%,0.138602,2026-08-27
RTX,213.44,2026-12-18,113,Put,200.00,-5.70%,6.6,6.9,7.05,503,391,1.29,22.64%,27.30%,-0.306375,2026-08-27
CVS,93.21,2026-08-28,1,Call,94.00,-1.16%,0.14,0.22,0.33,515,398,1.29,27.29%,32.45%,0.251233,2026-08-27
AMPL,14.68,2026-10-16,50,Call,14.00,+1.96%,1.05,1.45,1.8,601,465,1.29,64.67%,59.75%,0.588277,2026-08-27
QCOM,164.43,2026-08-28,1,Put,162.50,-1.38%,0.72,0.89,0.99,658,509,1.29,41.43%,51.74%,-0.29826,2026-08-27
CRWD,227.49,2026-09-04,8,Call,215.00,+5.69%,15.55,16.33,17.05,679,528,1.29,53.09%,61.96%,0.755758,2026-08-27
IREN,38.13,2026-10-16,50,Call,41.00,-1.16%,5.35,5.38,5.6,699,541,1.29,95.43%,93.83%,0.561617,2026-08-27
MU,920.69,2026-08-31,4,Call,"1,010.00",-7.98%,1.2,1.7,1.62,738,574,1.29,60.44%,48.32%,0.068874,2026-08-27
CRM,247.85,2026-11-20,85,Call,250.00,+0.81%,21.05,22.28,22.7,1223,950,1.29,41.13%,41.51%,0.56892,2026-08-27
IREN,38.13,2026-09-04,8,Put,30.00,-25.98%,0.12,0.12,0.13,1666,1288,1.29,95.43%,122.28%,-0.039503,2026-08-27
ARM,253.1,2026-08-28,1,Call,257.50,-0.90%,3,3,3.35,2646,2052,1.29,65.21%,78.67%,0.423102,2026-08-27
AVGO,375.06,2026-08-28,1,Call,377.50,-1.60%,1.89,2.1,2.19,3179,2460,1.29,50.51%,56.03%,0.299678,2026-08-27
RIVN,16.7,2026-09-11,15,Call,19.00,-13.10%,0.11,0.17,0.18,513,400,1.28,54.49%,55.74%,0.153977,2026-08-27
MRVL,225.51,2026-09-04,8,Put,205.00,-15.10%,2.3,2.42,2.5,627,490,1.28,77.35%,102.64%,-0.123499,2026-08-27
MRNA,138,2027-12-17,477,Put,130.00,-8.94%,34.15,36.25,37.4,1066,832,1.28,73.49%,75.08%,-0.28252,2026-08-27
IREN,38.13,2026-08-28,1,Put,40.50,-0.07%,2.24,2.27,2.29,1102,859,1.28,95.43%,269.95%,-0.469524,2026-08-27
MSFT,505.8,2026-08-31,4,Call,525.00,-3.95%,0.18,0.29,0.29,1115,869,1.28,25.46%,22.00%,0.048899,2026-08-27
MRVL,225.51,2026-08-28,1,Call,295.00,-22.18%,1.12,1.19,1.19,1185,928,1.28,77.35%,261.07%,0.081221,2026-08-27
AMZN,257.44,2026-09-04,8,Call,262.50,-2.44%,1.86,1.91,1.94,1777,1383,1.28,28.49%,27.77%,0.29278,2026-08-27
RKT,14.21,2026-11-20,85,Call,20.00,-40.45%,0.19,0.23,0.3,2001,1567,1.28,53.78%,56.29%,0.139443,2026-08-27
ENPH,39.12,2026-10-16,50,Call,40.00,-1.91%,3.5,3.6,3.85,2274,1772,1.28,65.40%,67.74%,0.527949,2026-08-27
GAP,24.68,2026-08-28,1,Call,23.00,-10.63%,0.48,0.57,0.61,2556,1999,1.28,70.10%,301.76%,0.28749,2026-08-27
HRI,155.43,2026-09-18,22,Call,150.00,+3.49%,9.2,10.58,11.7,2604,2029,1.28,47.17%,49.04%,0.641697,2026-08-27
TTD,13.45,2027-01-15,141,Call,17.50,-30.40%,1.07,1.08,1.12,4181,3266,1.28,53.24%,68.36%,0.352927,2026-08-27
PYPL,52.94,2026-08-28,1,Call,64.00,-4.12%,0.2,0.25,0.28,5300,4167,1.27,31.47%,80.56%,0.175218,2026-08-27
TSM,427,2026-08-28,1,Call,420.00,+1.71%,8,8.55,9.05,5477,4303,1.27,34.26%,42.72%,0.783882,2026-08-27
GOOGL,341.49,2026-08-28,1,Call,347.50,-2.01%,0.28,0.3,0.3,9739,7685,1.27,27.25%,30.71%,0.110315,2026-08-27
SBSW,12.67,2027-01-15,141,Call,18.00,-46.82%,0.4,0.45,0.7,550,432,1.27,63.68%,67.34%,0.223678,2026-08-27
NBIS,214.06,2026-08-28,1,Put,197.50,-9.60%,0.15,0.16,0.21,561,443,1.27,85.96%,108.78%,-0.035687,2026-08-27
BE,215.6,2026-08-28,1,Put,217.50,-0.15%,3.7,3.75,3.9,579,457,1.27,84.79%,87.41%,-0.476947,2026-08-27
COIN,187.4,2026-08-28,1,Put,192.50,+0.93%,4.2,4.36,4.4,668,525,1.27,65.14%,83.61%,-0.574817,2026-08-27
USAR,19.2,2026-09-04,8,Call,23.00,-19.48%,0.12,0.14,0.2,827,652,1.27,88.55%,97.38%,0.123637,2026-08-27
PYPL,52.94,2026-09-04,8,Call,60.00,+2.39%,1.78,2.17,2.8,979,768,1.27,31.47%,39.37%,0.675201,2026-08-27
SNDK,1454.01,2026-09-04,8,Put,"1,300.00",-12.45%,7.5,7.77,8.1,1076,844,1.27,71.65%,73.04%,-0.098348,2026-08-27
SPCX,139.92,2026-09-11,15,Call,140.00,+0.62%,5.95,5.95,6.1,1874,1471,1.27,51.09%,48.21%,0.55074,2026-08-27
NVDA,228.59,2026-09-11,15,Put,180.00,-21.05%,0.17,0.19,0.21,1885,1483,1.27,33.59%,57.93%,-0.018714,2026-08-27
NVDA,228.59,2026-10-02,36,Call,230.00,-0.89%,8.3,8.85,10,3173,2506,1.27,33.59%,34.16%,0.500379,2026-08-27
ARM,253.1,2026-08-28,1,Call,255.00,+0.08%,4.1,4.3,4.5,675,536,1.26,65.21%,78.51%,0.51715,2026-08-27
TSLA,355.6,2026-08-28,1,Call,337.50,+4.88%,17.05,17.4,17.6,877,697,1.26,39.65%,45.96%,0.981925,2026-08-27
ACI,12.36,2028-01-21,512,Call,10.00,+18.23%,3.1,3.23,3.4,1001,797,1.26,33.29%,42.58%,0.710401,2026-08-27
IREN,38.13,2026-08-28,1,Put,34.50,-14.88%,0.27,0.28,0.29,1458,1156,1.26,95.43%,256.24%,-0.102247,2026-08-27
BE,215.6,2026-08-28,1,Call,222.50,-2.14%,2.1,2.3,2.35,1508,1200,1.26,84.79%,90.08%,0.335687,2026-08-27
MSTR,134.76,2026-09-04,8,Put,120.00,-12.66%,0.77,0.82,0.87,2198,1744,1.26,74.55%,76.73%,-0.104704,2026-08-27
HIMS,31.34,2026-08-28,1,Call,31.00,+2.08%,0.84,0.76,0.97,3134,2486,1.26,71.79%,77.33%,0.706518,2026-08-27
NFLX,80.17,2026-11-20,85,Put,72.50,-9.19%,2.17,2.45,2.69,3468,2748,1.26,32.23%,37.73%,-0.254544,2026-08-27
HOOD,108.65,2026-08-28,1,Put,105.00,-4.34%,0.19,0.2,0.22,3774,2991,1.26,61.20%,69.06%,-0.106148,2026-08-27
AMD,471.7,2026-08-28,1,Put,450.00,-5.60%,0.31,0.33,0.35,5201,4116,1.26,51.50%,66.60%,-0.047299,2026-08-27
SPCX,139.92,2026-08-28,1,Call,138.00,+2.04%,3.35,3.41,3.45,7220,5756,1.25,51.09%,53.23%,0.775284,2026-08-27
ONDS,8.66,2026-08-28,1,Call,8.50,+2.86%,0.27,0.29,0.35,10489,8385,1.25,73.94%,84.95%,0.750637,2026-08-27
SPCX,139.92,2026-08-28,1,Put,135.00,-4.17%,0.13,0.13,0.14,13621,10855,1.25,51.09%,56.39%,-0.072137,2026-08-27
DIBS,4.35,2027-12-17,477,Call,5.00,-14.94%,1.05,1.35,1.35,500,400,1.25,114.49%,68.67%,0.611285,2026-08-27
MU,920.69,2026-08-28,1,Call,"1,045.00",-11.72%,0.13,0.19,0.21,510,407,1.25,60.44%,91.65%,0.011199,2026-08-27
DDOG,244.9,2026-08-28,1,Call,255.00,-4.97%,0.03,0.3,0.41,530,423,1.25,58.21%,60.71%,0.065897,2026-08-27
TEM,70.1,2026-09-04,8,Call,75.00,-6.10%,1.48,1.7,1.85,606,486,1.25,75.74%,78.49%,0.328363,2026-08-27
MRVL,225.51,2026-08-28,1,Put,232.50,-3.71%,7.85,7.97,8.25,684,547,1.25,77.35%,242.83%,-0.358889,2026-08-27
MU,920.69,2026-09-04,8,Put,920.00,-1.65%,23.45,24.88,25.8,748,600,1.25,60.44%,58.45%,-0.404182,2026-08-27
GAP,24.68,2026-12-18,113,Call,27.00,-29.87%,0.4,0.74,1.56,773,617,1.25,70.10%,60.26%,0.269403,2026-08-27
BE,215.6,2026-09-04,8,Call,220.00,-1.00%,10.05,10.53,10.9,834,666,1.25,84.79%,88.62%,0.498442,2026-08-27
AVGO,375.06,2026-08-28,1,Put,357.50,-3.78%,0.5,0.6,0.66,867,696,1.25,50.51%,59.30%,-0.103992,2026-08-27
MRNA,138,2027-03-19,204,Call,185.00,-29.58%,20.9,20.65,24.1,1015,809,1.25,73.49%,81.62%,0.466891,2026-08-27
TJX,135.43,2026-08-28,1,Put,140.00,+4.31%,5.1,5.08,6.4,1345,1076,1.25,21.07%,37.23%,-0.98547,2026-08-27
MSTR,134.76,2028-12-15,841,Put,345.00,+151.09%,219,222.45,229,1354,1087,1.25,74.55%,81.98%,-0.592204,2026-08-27
MSFT,505.8,2026-09-04,8,Put,500.00,-1.00%,4.85,5.1,5.3,1471,1179,1.25,25.46%,25.09%,-0.380517,2026-08-27
SPCX,139.92,2026-09-11,15,Call,145.00,-2.93%,3.8,3.85,3.9,1704,1360,1.25,51.09%,48.42%,0.408987,2026-08-27
KLAR,14.74,2026-09-18,22,Put,20.00,+42.76%,5.5,5.5,6.2,1718,1377,1.25,48.91%,73.95%,-0.976396,2026-08-27
O,62.08,2027-01-15,141,Put,62.50,+1.13%,3,3.05,3.2,2111,1689,1.25,14.78%,19.37%,-0.49371,2026-08-27
MU,920.69,2026-08-28,1,Call,"1,020.00",-9.05%,0.18,0.3,0.31,2564,2054,1.25,60.44%,77.98%,0.017936,2026-08-27
CRWD,227.49,2026-09-11,15,Call,220.00,+3.49%,14.3,14.3,15.05,508,409,1.24,53.09%,55.22%,0.650567,2026-08-27
JMIA,7.08,2026-09-04,8,Put,7.00,-0.99%,0.2,0.25,0.35,590,476,1.24,68.45%,74.92%,-0.439973,2026-08-27
SMCI,37.91,2026-09-04,8,Put,38.00,-1.20%,1.31,1.48,1.48,611,494,1.24,70.80%,72.11%,-0.431633,2026-08-27
RDW,11.16,2026-08-28,1,Put,13.00,+15.35%,1.65,1.81,1.9,681,550,1.24,84.15%,195.58%,-0.91053,2026-08-27
BAX,25.93,2026-11-20,85,Put,25.00,-3.59%,1.15,1.6,1.8,699,563,1.24,33.72%,40.62%,-0.375489,2026-08-27
BMY,67.03,2027-06-17,294,Call,70.00,-4.56%,6.15,6.5,7.45,1163,939,1.24,25.62%,34.18%,0.494653,2026-08-27
NBIS,214.06,2026-08-28,1,Call,245.00,-12.14%,0.11,0.13,0.14,2828,2288,1.24,85.96%,111.19%,0.026337,2026-08-27
AVGO,375.06,2026-08-28,1,Put,355.00,-4.45%,0.35,0.43,0.45,3386,2723,1.24,50.51%,61.03%,-0.07438,2026-08-27
TSLA,355.6,2026-09-04,8,Call,380.00,-7.10%,1.59,1.62,1.64,4592,3697,1.24,39.65%,42.16%,0.145693,2026-08-27
NVDA,228.59,2026-09-25,29,Call,225.00,+1.31%,10,10.35,10.65,4884,3931,1.24,33.59%,33.17%,0.584762,2026-08-27
MSTR,134.76,2026-08-28,1,Call,129.00,+6.11%,8.65,8.7,9,8351,6739,1.24,74.55%,101.98%,0.886949,2026-08-27
IREN,38.13,2026-08-28,1,Put,40.00,-1.31%,1.97,2,2.03,8948,7234,1.24,95.43%,268.65%,-0.434661,2026-08-27
"Downloaded from Barchart.com as of 08-28-2026 08:41am CDT"
