Symbol,Price~,"Exp Date",DTE,Type,Strike,Moneyness,Bid,Latest,Ask,Volume,"Open Int",Vol/OI,"Imp Vol",IV,Delta,Time
META,668.6,2026-09-16,1,Put,670.00,+0.73%,8,8.34,8.15,17821,121,147.28,38.27%,46.81%,-0.565156,"13:55 ET"
CRBP,6.73,2026-12-18,94,Put,7.50,+12.11%,1.55,1.65,1.7,10028,111,90.34,96.32%,87.50%,-0.502172,"13:54 ET"
META,668.6,2026-09-16,1,Put,667.50,+0.36%,6.75,6.75,6.8,18669,274,68.14,38.27%,47.25%,-0.50439,"13:56 ET"
META,668.6,2026-09-16,1,Call,690.00,-3.74%,0.75,0.76,0.77,36836,648,56.85,38.27%,48.86%,0.095864,"13:56 ET"
NLY,21.7,2026-11-20,66,Put,21.00,-3.00%,0.63,0.68,0.75,7008,141,49.7,25.00%,24.21%,-0.401968,"13:08 ET"
TSLA,357.43,2026-09-16,1,Call,357.50,+0.48%,3.75,3.82,3.85,28900,631,45.8,41.56%,51.25%,0.503292,"13:56 ET"
META,668.6,2026-09-16,1,Call,682.50,-2.61%,1.63,1.56,1.68,7341,183,40.11,38.27%,47.72%,0.184112,"13:55 ET"
SKHY,173.4,2026-09-18,3,Call,192.50,-10.97%,0.32,0.27,0.37,4247,106,40.07,59.70%,74.65%,0.06839,"13:39 ET"
TSLA,357.43,2026-09-16,1,Put,352.50,-1.87%,1.83,1.86,1.85,34325,875,39.23,41.56%,51.46%,-0.297764,"13:56 ET"
META,668.6,2026-09-16,1,Call,687.50,-3.36%,0.98,1,1.01,8870,233,38.07,38.27%,48.51%,0.120545,"13:56 ET"
TSLA,357.43,2026-09-16,1,Put,357.50,-0.48%,3.85,3.89,3.95,57670,1549,37.23,41.56%,51.90%,-0.49688,"13:56 ET"
AMZN,248.69,2026-10-30,45,Put,220.00,-11.44%,3.2,3.35,3.4,3733,103,36.24,31.15%,40.19%,-0.165953,"13:55 ET"
META,668.6,2026-09-16,1,Call,672.50,-1.11%,4.2,4.2,4.3,13844,382,36.24,38.27%,47.13%,0.377155,"13:56 ET"
AMD,504.22,2026-09-16,1,Call,507.50,-0.54%,4.75,4.67,4.9,8221,230,35.74,50.45%,61.77%,0.416034,"13:55 ET"
BWIN,32.51,2026-10-16,31,Call,35.00,-7.79%,0.05,0.1,0.1,3955,112,35.31,19.31%,18.14%,0.095101,"13:43 ET"
AMZN,248.69,2026-09-16,1,Call,250.00,-0.64%,1.41,1.41,1.45,26933,767,35.11,31.15%,37.92%,0.40764,"13:56 ET"
WRBY,24.28,2026-09-18,3,Call,26.00,-7.71%,0.15,0.2,0.25,3806,109,34.92,66.34%,85.65%,0.197801,"13:10 ET"
TSLA,357.43,2026-09-16,1,Call,352.50,+1.87%,6.7,6.72,6.8,5708,174,32.8,41.56%,50.86%,0.704467,"13:56 ET"
MU,924.17,2026-09-16,1,Put,935.00,+0.96%,16.25,17.95,16.6,7278,231,31.51,57.66%,58.30%,-0.619478,"13:42 ET"
ASST,27.87,2026-12-18,94,Put,20.00,-28.01%,1.46,1.52,1.58,3022,100,30.22,79.23%,93.89%,-0.168766,"13:10 ET"
META,668.6,2026-09-16,1,Call,692.50,-4.12%,0.58,0.6,0.6,7960,264,30.15,38.27%,49.50%,0.076661,"13:56 ET"
AMD,504.22,2026-09-16,1,Call,502.50,+0.45%,7.1,6.95,7.3,3628,122,29.74,50.45%,62.31%,0.53732,"13:55 ET"
AMD,504.22,2026-09-16,1,Call,505.00,-0.04%,5.85,5.9,6,11060,376,29.41,50.45%,61.93%,0.476453,"13:56 ET"
ITUB,8.26,2026-12-18,94,Call,9.00,-8.96%,0.35,0.37,0.45,3863,132,29.27,45.65%,39.31%,0.386267,"13:05 ET"
TSLA,357.43,2026-09-16,1,Call,362.50,-0.91%,1.87,1.87,1.9,59440,2041,29.12,41.56%,51.90%,0.307536,"13:56 ET"
CORZ,16.25,2028-01-21,493,Put,13.00,-19.65%,3,3.12,3.3,7501,261,28.74,71.77%,75.13%,-0.232863,"11:08 ET"
INFQ,12.63,2026-10-09,24,Call,16.00,-26.08%,0.25,0.25,0.4,4021,141,28.52,89.35%,96.33%,0.206669,"12:40 ET"
META,668.6,2026-09-16,1,Call,675.00,-1.49%,3.35,3.35,3.45,24322,898,27.08,38.27%,47.13%,0.321541,"13:56 ET"
TSLA,357.43,2026-09-16,1,Call,367.50,-2.30%,0.81,0.82,0.83,33033,1220,27.08,41.56%,52.60%,0.160239,"13:56 ET"
AMZN,248.69,2026-09-16,1,Call,230.00,+7.41%,18.7,18.86,19.5,5120,190,26.95,31.15%,96.17%,0.943585,"13:56 ET"
META,668.6,2026-09-16,1,Call,680.00,-2.24%,2.1,2.14,2.15,36742,1371,26.8,38.27%,47.49%,0.22465,"13:56 ET"
SPCX,143.67,2026-09-18,3,Call,147.00,-2.28%,1.74,1.74,1.76,10125,381,26.57,50.42%,60.99%,0.341218,"13:56 ET"
TSLA,357.43,2026-09-16,1,Put,355.00,-1.18%,2.72,2.74,2.74,71620,2718,26.35,41.56%,51.49%,-0.394268,"13:56 ET"
AMD,504.22,2026-09-16,1,Put,505.00,+0.04%,6.95,7.3,7.15,6154,234,26.3,50.45%,60.90%,-0.524402,"13:53 ET"
AMD,504.22,2026-09-16,1,Call,512.50,-1.53%,3,3,3.1,6639,262,25.34,50.45%,61.31%,0.301725,"13:56 ET"
META,668.6,2026-09-16,1,Put,662.50,-0.39%,4.45,4.55,4.55,7961,319,24.96,38.27%,47.20%,-0.384581,"13:56 ET"
META,668.6,2026-09-16,1,Call,685.00,-2.99%,1.26,1.29,1.31,13327,534,24.96,38.27%,48.07%,0.149546,"13:56 ET"
AMD,504.22,2026-09-16,1,Put,510.00,+1.03%,9.85,10.75,10.05,2944,120,24.53,50.45%,60.01%,-0.64675,"13:43 ET"
MU,924.17,2026-09-16,1,Put,920.00,-0.66%,8.5,8.6,8.7,8121,345,23.54,57.66%,58.77%,-0.411113,"13:56 ET"
MU,924.17,2026-09-16,1,Call,930.00,-0.42%,9.4,9.45,9.5,16653,717,23.23,57.66%,58.62%,0.449579,"13:56 ET"
AVGO,338.9,2026-09-16,1,Call,340.00,-0.53%,2.42,2.45,2.5,2879,125,23.03,35.96%,41.17%,0.451602,"13:56 ET"
META,668.6,2026-09-16,1,Put,665.00,-0.02%,5.45,5.55,5.6,13897,621,22.38,38.27%,46.96%,-0.443716,"13:56 ET"
MU,924.17,2026-09-16,1,Call,935.00,-0.96%,7.3,7.35,7.5,11257,504,22.34,57.66%,58.44%,0.381129,"13:56 ET"
MSFT,498.06,2026-09-16,1,Put,497.50,-0.33%,2.45,2.45,2.55,3984,183,21.77,25.35%,30.85%,-0.421245,"13:56 ET"
BABA,110.04,2026-09-25,10,Put,118.00,+7.21%,8.75,8.76,9.25,2547,118,21.58,42.55%,49.51%,-0.791919,"13:05 ET"
TSLA,357.43,2026-09-16,1,Put,350.00,-2.57%,1.2,1.2,1.21,54900,2555,21.49,41.56%,51.87%,-0.215038,"13:56 ET"
AMZN,248.69,2026-09-16,1,Call,242.50,+2.38%,6.15,6.66,6.75,3735,174,21.47,31.15%,34.50%,0.923403,"13:56 ET"
AMZN,248.69,2026-09-16,1,Call,252.50,-1.64%,0.65,0.65,0.66,23697,1111,21.33,31.15%,37.84%,0.230671,"13:56 ET"
META,668.6,2026-09-16,1,Call,667.50,-0.36%,6.35,6.4,6.45,13775,654,21.06,38.27%,47.27%,0.495882,"13:56 ET"
META,668.6,2026-09-16,1,Call,670.00,-0.73%,5.15,5.25,5.3,25769,1260,20.45,38.27%,47.01%,0.435474,"13:56 ET"
TSLA,357.43,2026-09-16,1,Put,360.00,+0.21%,5.25,5.3,5.35,54366,2696,20.17,41.56%,51.95%,-0.598209,"13:56 ET"
CTNM,13.34,2027-01-15,122,Call,30.00,-125.23%,1,1.38,2.65,2000,100,20,122.57%,159.80%,0.341942,"10:57 ET"
TSLA,357.43,2026-09-16,1,Call,355.00,+1.18%,5.1,5.1,5.2,16368,821,19.94,41.56%,51.09%,0.606671,"13:56 ET"
LVS,42.04,2026-10-16,31,Put,37.50,-10.88%,0.26,0.27,0.3,2857,145,19.7,33.38%,35.49%,-0.124195,"13:13 ET"
AMD,504.22,2026-09-16,1,Put,507.50,+0.54%,8.35,8.41,8.55,2241,114,19.66,50.45%,60.71%,-0.5859,"13:56 ET"
AMZN,248.69,2026-09-16,1,Put,267.50,+7.68%,18.45,19.04,19.3,3204,163,19.66,31.15%,78.27%,-0.960646,"13:52 ET"
META,668.6,2026-09-16,1,Put,657.50,-1.15%,2.82,2.87,2.87,3518,181,19.44,38.27%,47.47%,-0.27524,"13:56 ET"
CRCL,88.46,2026-09-18,3,Put,83.00,-6.61%,1.16,1.25,1.27,5291,273,19.38,80.78%,106.49%,-0.232063,"13:55 ET"
AMZN,248.69,2026-09-16,1,Put,247.50,-0.37%,1.36,1.37,1.4,19499,1021,19.1,31.15%,37.80%,-0.392478,"13:56 ET"
IREN,41.45,2026-09-25,10,Put,40.50,-2.03%,1.77,1.78,1.84,4525,241,18.78,80.68%,82.86%,-0.407855,"13:40 ET"
META,668.6,2026-09-16,1,Call,695.00,-4.49%,0.45,0.42,0.46,13851,743,18.64,38.27%,50.10%,0.060835,"13:55 ET"
BTDR,10.98,2026-10-16,31,Put,11.00,+1.38%,1.15,1.2,1.2,8808,477,18.47,93.46%,92.41%,-0.446951,"13:33 ET"
INTC,97.49,2026-09-16,1,Put,98.00,+0.11%,1.72,1.75,1.75,18311,1001,18.29,59.48%,72.44%,-0.544908,"13:55 ET"
PFE,27.53,2027-09-17,367,Call,37.00,-34.45%,0.46,0.49,0.6,4441,244,18.2,23.13%,27.51%,0.150625,"11:46 ET"
CRCL,88.46,2028-12-15,822,Put,90.00,+1.27%,35.2,36.13,37,2500,139,17.99,80.78%,79.04%,-0.271382,"13:22 ET"
TSLA,357.43,2026-09-16,1,Put,347.50,-3.27%,0.76,0.77,0.78,19215,1097,17.52,41.56%,52.59%,-0.149371,"13:56 ET"
TSLA,357.43,2026-09-16,1,Call,365.00,-1.61%,1.25,1.26,1.27,66123,3846,17.19,41.56%,52.18%,0.226116,"13:56 ET"
TSLA,357.43,2026-09-16,1,Call,360.00,-0.21%,2.72,2.74,2.75,75555,4404,17.16,41.56%,51.77%,0.401761,"13:56 ET"
LEN,80.36,2026-09-25,10,Put,78.00,-2.82%,1.8,2.1,2.1,2177,129,16.88,43.89%,57.20%,-0.357809,"13:49 ET"
AVGO,338.9,2026-09-16,1,Put,337.50,-0.21%,2.1,2.21,2.2,3393,202,16.8,35.96%,40.34%,-0.411199,"13:56 ET"
META,668.6,2026-09-16,1,Put,655.00,-1.52%,2.2,2.42,2.25,5140,308,16.69,38.27%,47.71%,-0.227634,"13:53 ET"
ONDS,7.32,2029-01-19,857,Call,10.00,-36.24%,3.2,3.29,3.4,2201,133,16.55,73.28%,89.02%,0.700105,"13:39 ET"
MU,924.17,2026-09-16,1,Put,925.00,-0.12%,10.75,10.9,10.95,7644,462,16.55,57.66%,58.57%,-0.48068,"13:56 ET"
VZ,51.47,2026-10-09,24,Call,50.00,+3.10%,1.99,2.14,2.23,1715,104,16.49,22.97%,24.81%,0.680643,"13:47 ET"
ORLY,85.61,2026-10-16,31,Put,85.00,-0.63%,2.25,2.55,2.8,3917,238,16.46,30.24%,29.29%,-0.441794,"13:37 ET"
AMZN,248.69,2026-09-16,1,Put,262.50,+5.67%,13.6,13.77,14.25,4948,302,16.38,31.15%,65.00%,-0.941237,"13:55 ET"
MU,924.17,2026-09-16,1,Call,945.00,-2.04%,4.35,4.37,4.5,8600,529,16.26,57.66%,59.04%,0.259962,"13:54 ET"
ASTS,59.23,2026-10-30,45,Put,50.00,-16.02%,2.02,2.01,2.25,1974,122,16.18,72.38%,74.44%,-0.21272,"13:33 ET"
AMD,504.22,2026-09-16,1,Put,500.00,-0.95%,4.7,4.8,4.8,7133,442,16.14,50.45%,61.64%,-0.401864,"13:56 ET"
TMC,3.8,2026-10-23,38,Call,4.00,-4.44%,0.34,0.36,0.39,1614,101,15.98,82.94%,89.91%,0.494437,"13:54 ET"
AMZN,248.69,2026-09-16,1,Call,245.00,+1.38%,4.45,4.48,4.55,3545,226,15.69,31.15%,40.23%,0.770535,"13:56 ET"
AMZN,248.69,2026-09-16,1,Put,265.00,+6.67%,15.95,16.33,16.5,4087,261,15.66,31.15%,65.87%,-0.965919,"13:54 ET"
NVDA,212.05,2026-09-16,1,Call,215.00,-1.74%,0.62,0.63,0.63,189602,12115,15.65,33.61%,39.78%,0.242307,"13:56 ET"
MU,924.17,2026-09-16,1,Call,955.00,-3.12%,2.45,2.48,2.5,3269,210,15.57,57.66%,59.47%,0.164351,"13:56 ET"
AVGO,338.9,2026-09-16,1,Call,347.50,-2.75%,0.45,0.47,0.48,3293,214,15.39,35.96%,41.19%,0.128494,"13:55 ET"
MSFT,498.06,2026-09-16,1,Call,502.50,-0.67%,1.7,1.7,1.78,8950,590,15.17,25.35%,30.36%,0.334715,"13:55 ET"
TSLA,357.43,2026-09-16,1,Put,362.50,+0.91%,6.95,7.17,7.05,18623,1236,15.07,41.56%,52.85%,-0.689527,"13:56 ET"
ASTS,59.23,2026-10-16,31,Call,40.00,+32.82%,19.4,19.92,20.6,2206,148,14.91,72.38%,101.63%,0.93146,"13:18 ET"
QXO,11.47,2027-02-19,157,Call,20.00,-74.83%,0.25,0.31,0.35,1503,102,14.74,64.80%,64.61%,0.143585,"11:21 ET"
TSLA,357.43,2026-09-23,8,Put,330.00,-8.14%,1.27,1.29,1.31,1560,107,14.58,41.56%,45.31%,-0.10858,"13:48 ET"
TSLA,357.43,2026-09-16,1,Call,372.50,-3.69%,0.34,0.35,0.35,19412,1345,14.43,41.56%,54.50%,0.076156,"13:56 ET"
MU,924.17,2026-09-16,1,Call,940.00,-1.50%,5.7,5.85,5.85,15296,1071,14.28,57.66%,58.80%,0.317814,"13:56 ET"
TSLA,357.43,2026-09-21,6,Put,347.50,-3.27%,3.3,3.43,3.4,2383,169,14.1,41.56%,40.62%,-0.282189,"13:56 ET"
BILL,49.72,2026-11-20,66,Put,45.00,-10.11%,2.25,3.35,3.1,2000,144,13.89,49.32%,59.55%,-0.294154,"11:22 ET"
INTC,97.49,2026-09-23,8,Call,110.00,-12.37%,0.44,0.46,0.48,1533,111,13.81,59.48%,63.26%,0.108685,"13:52 ET"
TSLA,357.43,2026-09-16,1,Call,350.00,+2.57%,8.55,8.64,8.7,5334,394,13.54,41.56%,51.34%,0.787391,"13:56 ET"
MSTR,132.01,2027-12-17,458,Call,160.00,-21.36%,39.7,40.26,40.8,2030,151,13.44,72.28%,80.44%,0.617177,"13:49 ET"
NBIS,209.23,2026-10-09,24,Call,240.00,-14.82%,6.9,7.05,7.2,1410,106,13.3,80.24%,80.85%,0.28863,"13:53 ET"
AMZN,248.69,2026-09-16,1,Put,257.50,+3.66%,8.7,8.92,9.35,4979,378,13.17,31.15%,50.98%,-0.899766,"13:55 ET"
MOS,25.53,2026-10-02,17,Call,27.00,-7.27%,0.45,0.5,0.6,2009,154,13.05,49.33%,49.21%,0.316308,"13:53 ET"
UAL,106.77,2026-10-16,31,Call,135.00,-26.95%,0.4,0.46,0.52,31651,2474,12.79,51.62%,52.67%,0.067782,"13:50 ET"
AMD,504.22,2026-09-16,1,Call,515.00,-2.02%,2.29,2.3,2.31,14941,1174,12.73,50.45%,60.27%,0.247249,"13:56 ET"
CAVA,50.24,2026-12-18,94,Call,55.00,-10.33%,4.5,4.75,4.95,2066,163,12.67,56.81%,63.55%,0.460471,"13:55 ET"
SLI,2.05,2026-11-20,66,Put,2.50,+21.95%,0.5,0.58,0.65,4000,322,12.42,108.34%,79.84%,-0.660808,"11:05 ET"
NNE,15.75,2027-01-15,122,Put,14.00,-11.62%,1.85,2,2.15,1750,142,12.32,80.33%,84.91%,-0.304765,"12:07 ET"
META,668.6,2026-09-18,3,Call,682.50,-2.61%,5.05,4.85,5.2,5381,437,12.31,38.27%,45.60%,0.299403,"13:53 ET"
MRK,143.91,2026-12-18,94,Call,170.00,-18.37%,2,1.99,2.17,10001,815,12.27,27.85%,32.16%,0.176861,"12:36 ET"
AVGO,338.9,2026-09-16,1,Call,352.50,-4.23%,0.14,0.14,0.15,2107,173,12.18,35.96%,43.78%,0.045665,"13:52 ET"
ARM,243.71,2026-09-18,3,Put,222.50,-8.34%,0.8,0.88,0.91,2321,194,11.96,64.75%,79.40%,-0.100019,"13:55 ET"
AMD,504.22,2026-09-16,1,Call,510.00,-1.03%,3.8,3.85,3.9,14142,1190,11.88,50.45%,61.38%,0.356954,"13:56 ET"
AMZN,248.69,2026-09-18,3,Call,247.50,+0.37%,3.95,4,4.05,3759,318,11.82,31.15%,36.61%,0.571358,"13:56 ET"
AMD,504.22,2026-09-16,1,Call,520.00,-3.01%,1.32,1.35,1.35,10012,863,11.6,50.45%,60.32%,0.161409,"13:54 ET"
META,668.6,2026-09-16,1,Call,677.50,-1.86%,2.67,2.71,2.71,8811,761,11.58,38.27%,47.19%,0.270129,"13:56 ET"
AMZN,248.69,2026-09-16,1,Call,232.50,+6.41%,15.95,16.21,16.45,5198,450,11.55,31.15%,48.27%,0.996459,"13:55 ET"
TSLA,357.43,2026-09-23,8,Put,340.00,-5.35%,2.64,2.66,2.66,1245,108,11.53,41.56%,42.77%,-0.202759,"13:56 ET"
META,668.6,2026-09-18,3,Call,667.50,-0.36%,10.8,10.43,10.95,2941,257,11.44,38.27%,45.60%,0.50457,"13:53 ET"
OXY,63.66,2026-09-25,10,Call,65.00,-2.30%,0.96,0.99,1,6132,536,11.44,34.20%,35.50%,0.38559,"13:56 ET"
INTC,97.49,2026-09-16,1,Call,99.00,-1.13%,0.85,0.86,0.88,13360,1170,11.42,59.48%,72.73%,0.352529,"13:53 ET"
META,668.6,2026-09-16,1,Call,697.50,-4.87%,0.31,0.29,0.37,4831,425,11.37,38.27%,50.42%,0.047087,"13:55 ET"
INTC,97.49,2026-09-16,1,Put,99.00,+1.13%,2.32,2.36,2.35,12025,1059,11.36,59.48%,71.82%,-0.649647,"13:50 ET"
MU,924.17,2026-09-16,1,Call,925.00,+0.12%,11.75,11.9,12,7543,665,11.34,57.66%,58.95%,0.519495,"13:56 ET"
MU,924.17,2026-09-16,1,Call,980.00,-5.82%,0.54,0.56,0.57,7319,649,11.28,57.66%,63.18%,0.044669,"13:55 ET"
AVGO,338.9,2026-09-16,1,Call,345.00,-2.01%,0.84,0.87,0.87,6577,584,11.26,35.96%,40.87%,0.210337,"13:56 ET"
MU,924.17,2026-09-18,3,Call,935.00,-0.96%,14.65,14.29,15,2885,258,11.18,57.66%,56.26%,0.435934,"13:52 ET"
AMZN,248.69,2026-09-16,1,Call,247.50,+0.37%,2.69,2.71,2.74,11515,1042,11.05,31.15%,38.63%,0.605724,"13:56 ET"
AMD,504.22,2026-09-16,1,Put,490.00,-2.93%,1.83,1.88,1.87,5375,487,11.04,50.45%,63.23%,-0.196622,"13:54 ET"
AAPL,330.62,2026-09-16,1,Put,327.50,-0.77%,0.97,0.98,0.99,30321,2753,11.01,24.73%,30.81%,-0.290721,"13:56 ET"
NVDA,212.05,2026-10-02,17,Call,232.50,-10.02%,0.8,0.79,0.82,1843,168,10.97,33.61%,33.83%,0.111461,"13:40 ET"
TSLA,357.43,2026-09-16,1,Put,342.50,-4.66%,0.33,0.35,0.34,6757,623,10.85,41.56%,56.16%,-0.071042,"13:56 ET"
META,668.6,2026-09-16,1,Put,650.00,-2.27%,1.27,1.29,1.31,8452,782,10.81,38.27%,48.01%,-0.147493,"13:56 ET"
MU,924.17,2026-09-16,1,Call,950.00,-2.58%,3.3,3.3,3.4,14965,1392,10.75,57.66%,59.36%,0.209065,"13:56 ET"
NKE,36.35,2026-09-18,3,Put,36.50,+0.27%,0.52,0.53,0.55,3151,295,10.68,46.74%,36.00%,-0.532453,"13:56 ET"
MSFT,498.06,2026-09-16,1,Call,507.50,-1.67%,0.59,0.63,0.64,7844,745,10.53,25.35%,30.67%,0.149375,"13:55 ET"
META,668.6,2026-09-16,1,Put,647.50,-2.65%,0.96,0.96,0.98,3491,332,10.52,38.27%,48.31%,-0.116372,"13:56 ET"
CAVA,50.24,2026-12-18,94,Put,40.00,-19.76%,1.98,2.02,2.24,10138,966,10.49,56.81%,65.77%,-0.193447,"13:25 ET"
TSLA,357.43,2026-09-16,1,Call,370.00,-3.00%,0.52,0.53,0.54,54600,5226,10.45,41.56%,53.37%,0.110979,"13:56 ET"
AMZN,248.69,2026-09-16,1,Put,250.00,+0.64%,2.55,2.7,2.63,18756,1807,10.38,31.15%,36.98%,-0.595328,"13:55 ET"
PCG,13.23,2026-11-20,66,Put,13.00,-0.99%,0.92,1.06,1.06,4702,454,10.36,46.44%,50.05%,-0.42345,"13:45 ET"
DELL,548.79,2026-09-18,3,Call,562.50,-2.43%,7.85,8.85,8.1,1163,114,10.2,61.76%,71.46%,0.347354,"13:31 ET"
AMZN,248.69,2026-09-16,1,Put,270.00,+8.69%,21.1,21.1,21.3,2080,205,10.15,31.15%,64.19%,-0.993696,"13:56 ET"
TE,4.34,2026-10-23,38,Call,4.00,+7.83%,0.65,0.8,0.85,1009,100,10.09,106.66%,104.65%,0.662207,"10:03 ET"
GOOGL,343.59,2026-09-16,1,Put,350.00,+2.09%,6.75,7.05,7.35,4448,442,10.06,29.64%,33.92%,-0.85711,"13:45 ET"
MU,924.17,2026-09-16,1,Put,915.00,-1.20%,6.6,6.7,6.8,3493,356,9.81,57.66%,59.02%,-0.344451,"13:56 ET"
VRSN,298.21,2026-10-16,31,Call,310.00,-3.99%,5.2,4.5,6.4,1633,167,9.78,29.09%,29.53%,0.351194,"10:11 ET"
ALLY,41.1,2026-10-16,31,Put,40.00,-2.34%,0.9,0.98,1.05,1643,168,9.78,29.66%,30.79%,-0.36663,"13:54 ET"
NVDA,212.05,2026-09-16,1,Put,212.50,+0.55%,2.11,2.11,2.13,41756,4341,9.62,33.61%,40.04%,-0.554453,"13:56 ET"
DELL,548.79,2026-09-18,3,Put,555.00,+1.06%,18.35,18.3,18.7,2168,228,9.51,61.76%,71.76%,-0.573399,"13:50 ET"
CRWD,243.19,2026-10-09,24,Call,300.00,-23.73%,1.65,1.84,1.95,1031,109,9.46,57.09%,60.96%,0.105432,"13:36 ET"
AMD,504.22,2026-09-16,1,Call,522.50,-3.51%,0.98,0.96,1.02,2820,299,9.43,50.45%,60.44%,0.127517,"13:55 ET"
DELL,548.79,2026-09-18,3,Call,557.50,-1.52%,9.55,9.65,9.8,1450,154,9.42,61.76%,71.23%,0.399102,"13:55 ET"
MU,924.17,2026-09-16,1,Call,920.00,+0.66%,14.3,14.3,14.75,3449,366,9.42,57.66%,58.64%,0.58925,"13:55 ET"
DOW,29.78,2026-09-25,10,Put,28.00,-5.98%,0.23,0.26,0.26,1581,168,9.41,42.18%,46.17%,-0.188368,"13:10 ET"
AAPL,330.62,2026-09-16,1,Call,332.50,-0.75%,1.13,1.16,1.16,41812,4470,9.35,24.73%,29.33%,0.341603,"13:56 ET"
MSFT,498.06,2026-09-25,10,Call,532.50,-6.68%,0.56,0.63,0.67,1503,161,9.34,25.35%,25.56%,0.067359,"13:25 ET"
CMG,34.76,2026-09-25,10,Call,35.00,-1.42%,0.7,0.74,0.78,1950,210,9.29,37.81%,40.17%,0.446072,"13:39 ET"
AAPL,330.62,2026-10-30,45,Call,355.00,-7.57%,4.4,4.44,4.8,1154,126,9.16,24.73%,27.25%,0.254297,"13:42 ET"
ORCL,142.43,2026-09-18,3,Call,141.00,+1.49%,4.05,4.03,4.2,1849,203,9.11,49.43%,58.64%,0.615441,"13:16 ET"
AMD,504.22,2026-09-16,1,Call,525.00,-4.00%,0.72,0.74,0.75,5137,567,9.06,50.45%,60.48%,0.098834,"13:56 ET"
SPCX,143.67,2026-09-18,3,Call,148.00,-2.98%,1.45,1.46,1.46,9504,1053,9.03,50.42%,61.09%,0.297779,"13:56 ET"
TSCO,32.74,2027-03-19,185,Call,50.00,-52.77%,0.3,0.39,0.45,1024,114,8.98,38.76%,40.58%,0.094635,"12:05 ET"
SNDK,1520.06,2026-09-18,3,Call,"1,565.00",-2.18%,25,27.5,26.4,1158,131,8.84,68.50%,74.98%,0.37238,"13:42 ET"
SPCX,143.67,2026-09-18,3,Put,137.00,-4.68%,0.95,0.97,0.97,22742,2593,8.77,50.42%,63.41%,-0.202224,"13:56 ET"
TSLA,357.43,2026-09-16,1,Put,367.50,+2.30%,10.8,11.16,11.05,2319,265,8.75,41.56%,53.69%,-0.835222,"13:41 ET"
AMD,504.22,2026-09-16,1,Call,517.50,-2.52%,1.74,1.79,1.79,3699,423,8.74,50.45%,60.29%,0.201458,"13:56 ET"
DELL,548.79,2026-09-18,3,Call,552.50,-0.61%,11.5,11.68,11.85,1475,170,8.68,61.76%,71.20%,0.453746,"13:56 ET"
MU,924.17,2026-09-16,1,Call,965.00,-4.20%,1.33,1.35,1.37,3863,445,8.68,57.66%,60.49%,0.098758,"13:54 ET"
TSLA,357.43,2026-09-21,6,Call,405.00,-12.74%,0.19,0.19,0.2,2458,285,8.62,41.56%,48.28%,0.023937,"13:49 ET"
AAPL,330.62,2026-09-16,1,Put,325.00,-1.52%,0.48,0.49,0.49,33534,3935,8.52,24.73%,32.25%,-0.163178,"13:56 ET"
MSFT,498.06,2026-09-16,1,Put,500.00,+0.17%,3.6,3.67,3.75,8922,1053,8.47,25.35%,30.39%,-0.545369,"13:56 ET"
MU,924.17,2026-09-16,1,Put,930.00,+0.42%,13.3,13.46,13.6,10746,1273,8.44,57.66%,58.36%,-0.550964,"13:56 ET"
MSFT,498.06,2026-09-16,1,Call,497.50,+0.33%,3.8,3.99,4.1,1417,171,8.29,25.35%,29.99%,0.581095,"13:55 ET"
MU,924.17,2026-09-16,1,Put,895.00,-3.36%,2.25,2.27,2.3,2308,279,8.27,57.66%,62.26%,-0.144688,"13:56 ET"
WMB,71.43,2026-09-18,3,Put,72.00,+0.93%,1.15,1.15,1.35,1008,123,8.2,30.35%,35.54%,-0.595574,"12:18 ET"
AMAT,418.88,2026-09-18,3,Call,445.00,-6.53%,1.46,1.54,1.51,959,118,8.13,49.98%,60.09%,0.132628,"13:44 ET"
META,668.6,2026-09-16,1,Put,660.00,-0.77%,3.55,3.68,3.65,11452,1414,8.1,38.27%,47.31%,-0.327919,"13:56 ET"
TSLA,357.43,2026-09-16,1,Put,345.00,-3.96%,0.5,0.51,0.51,15600,1938,8.05,41.56%,54.21%,-0.103228,"13:56 ET"
DELL,548.79,2026-09-18,3,Call,555.00,-1.06%,10.5,10.59,10.8,1681,209,8.04,61.76%,71.26%,0.426241,"13:55 ET"
INTC,97.49,2026-09-16,1,Call,101.00,-3.18%,0.36,0.37,0.37,9288,1156,8.03,59.48%,72.82%,0.183338,"13:54 ET"
WULF,14.69,2026-11-20,66,Call,17.00,-16.20%,1.38,1.4,1.46,24010,2996,8.01,84.20%,98.18%,0.403178,"13:52 ET"
MRVL,222.59,2027-09-17,367,Put,170.00,-23.65%,24.35,24.8,25.15,946,119,7.95,64.94%,64.19%,-0.215368,"11:58 ET"
META,668.6,2026-09-16,1,Put,642.50,-3.40%,0.54,0.57,0.55,2373,299,7.94,38.27%,49.29%,-0.070712,"13:55 ET"
CRBP,6.73,2026-12-18,94,Call,10.00,-49.48%,0.25,0.4,0.55,3168,404,7.84,96.32%,89.14%,0.266254,"12:51 ET"
MU,924.17,2026-09-16,1,Put,890.00,-3.90%,1.7,1.74,1.74,3160,404,7.82,57.66%,63.47%,-0.113406,"13:56 ET"
AMD,504.22,2026-09-16,1,Call,532.50,-5.49%,0.27,0.29,0.31,1664,213,7.81,50.45%,61.57%,0.044096,"13:53 ET"
TSLA,357.43,2026-09-16,1,Call,347.50,+3.27%,10.6,10.5,10.75,885,114,7.76,41.56%,51.57%,0.855339,"13:55 ET"
SEDG,35.11,2026-10-16,31,Call,47.50,-35.25%,0.49,0.52,0.67,2170,280,7.75,80.70%,85.89%,0.143127,"12:22 ET"
MU,924.17,2026-09-16,1,Put,940.00,+1.50%,19.6,19.85,19.9,4958,641,7.73,57.66%,58.35%,-0.683926,"13:55 ET"
AVGO,338.9,2026-09-16,1,Put,340.00,+0.53%,3.25,3.46,3.55,4543,589,7.71,35.96%,40.75%,-0.549276,"13:55 ET"
ET,21.38,2026-12-18,94,Call,21.00,+1.64%,1.02,1.04,1.09,14180,1845,7.69,19.18%,21.39%,0.568374,"13:56 ET"
META,668.6,2026-09-18,3,Put,672.50,+1.11%,13.55,13.8,13.7,826,108,7.65,38.27%,44.52%,-0.569737,"13:41 ET"
NVO,42.63,2026-09-25,10,Put,42.50,-0.35%,0.92,0.95,0.99,1066,141,7.56,35.31%,35.62%,-0.47286,"12:40 ET"
INTC,97.49,2026-09-16,1,Put,97.00,-0.91%,1.22,1.24,1.24,10788,1428,7.55,59.48%,72.50%,-0.437329,"13:56 ET"
ONON,26.67,2026-09-18,3,Call,27.00,-1.28%,0.31,0.32,0.33,4601,610,7.54,44.19%,47.10%,0.402643,"13:51 ET"
KHC,24.66,2026-09-25,10,Call,24.50,+0.33%,0.59,0.62,0.65,773,103,7.5,30.59%,35.96%,0.531915,"13:37 ET"
AMD,504.22,2026-09-16,1,Put,497.50,-1.44%,3.75,4.2,3.9,1949,261,7.47,50.45%,62.01%,-0.343942,"13:49 ET"
AVGO,338.9,2026-09-16,1,Call,350.00,-3.49%,0.24,0.26,0.27,5493,741,7.41,35.96%,42.22%,0.076378,"13:56 ET"
SNDK,1520.06,2026-09-18,3,Call,"1,560.00",-1.86%,26.6,27.6,28.8,1739,236,7.37,68.50%,75.40%,0.391062,"13:48 ET"
DKNG,24.75,2028-01-21,493,Call,35.00,-41.82%,3.85,3.98,4,15028,2044,7.35,55.60%,56.42%,0.452694,"13:53 ET"
INTC,97.49,2026-09-16,1,Call,100.00,-2.16%,0.56,0.57,0.58,29133,3974,7.33,59.48%,72.55%,0.259727,"13:56 ET"
MU,924.17,2026-09-16,1,Put,905.00,-2.28%,3.9,4.57,4.05,2233,306,7.3,57.66%,60.43%,-0.229879,"13:49 ET"
META,668.6,2026-09-16,1,Put,652.50,-1.90%,1.69,1.7,1.72,2835,389,7.29,38.27%,47.84%,-0.184709,"13:56 ET"
NVDA,212.05,2026-09-16,1,Call,217.50,-2.92%,0.21,0.22,0.22,62732,8629,7.27,33.61%,39.56%,0.103626,"13:56 ET"
MSTR,132.01,2027-12-17,458,Call,180.00,-36.53%,34.75,35.29,35.9,2031,280,7.25,72.28%,80.20%,0.565583,"13:49 ET"
TSLA,357.43,2026-09-21,6,Call,355.00,+1.18%,8.65,8.9,8.8,934,129,7.24,41.56%,40.29%,0.566967,"13:40 ET"
HOOD,109.93,2026-09-25,10,Call,104.00,+6.03%,8.4,8.9,8.65,1014,140,7.24,62.60%,64.90%,0.730931,"13:28 ET"
META,668.6,2026-09-16,1,Call,665.00,+0.02%,7.6,7.69,7.8,9263,1289,7.19,38.27%,47.34%,0.556142,"13:56 ET"
TSLA,357.43,2026-09-25,10,Call,387.50,-7.87%,1.94,1.92,1.99,910,127,7.17,41.56%,44.68%,0.148582,"13:53 ET"
AAPL,330.62,2026-09-16,1,Call,337.50,-2.26%,0.21,0.22,0.23,22172,3097,7.16,24.73%,30.31%,0.090915,"13:56 ET"
XEL,72.72,2027-03-19,185,Call,70.00,+3.63%,6.8,7.3,7.6,1021,143,7.14,25.02%,28.25%,0.612093,"11:52 ET"
FPS,31.99,2026-10-16,31,Call,32.50,-1.79%,2.55,2.54,2.85,6028,845,7.13,80.86%,78.33%,0.520653,"13:48 ET"
TSLA,357.43,2026-09-16,1,Put,365.00,+1.61%,8.75,8.83,8.95,8556,1202,7.12,41.56%,52.82%,-0.771513,"13:56 ET"
GOOGL,343.59,2027-04-16,213,Call,360.00,-5.01%,31.9,32.63,32.4,882,124,7.11,29.64%,34.50%,0.51319,"11:03 ET"
CRWD,243.19,2026-09-18,3,Put,245.00,+1.05%,7,7.39,7.45,1069,151,7.08,57.09%,71.18%,-0.533018,"13:53 ET"
TSLA,357.43,2026-09-16,1,Call,377.50,-5.09%,0.15,0.15,0.16,10127,1431,7.08,41.56%,57.65%,0.036459,"13:56 ET"
MS,202.54,2026-09-18,3,Call,207.50,-2.59%,0.95,1.07,1.2,750,107,7.01,34.41%,39.04%,0.254365,"13:49 ET"
MO,69.94,2026-09-25,10,Put,70.00,-0.11%,0.99,1.02,1.15,754,109,6.92,22.80%,23.19%,-0.491271,"13:45 ET"
MSTR,132.01,2027-12-17,458,Call,195.00,-47.91%,31.95,32.31,32.6,1002,147,6.82,72.28%,80.30%,0.530726,"13:53 ET"
HOOD,109.93,2026-09-25,10,Call,108.00,+2.41%,5.95,6.57,6.1,1130,166,6.81,62.60%,65.10%,0.604014,"13:36 ET"
CRWD,243.19,2026-09-18,3,Put,240.00,-1.01%,4.55,4.6,4.85,2474,366,6.76,57.09%,70.60%,-0.405782,"13:56 ET"
MDT,94.07,2026-10-02,17,Put,90.00,-4.54%,0.61,0.82,0.78,1001,149,6.72,28.43%,26.79%,-0.217446,"10:18 ET"
MSFT,498.06,2026-09-16,1,Call,500.00,-0.17%,2.68,2.73,2.78,8710,1298,6.71,25.35%,30.56%,0.45532,"13:56 ET"
MSFT,498.06,2026-09-16,1,Call,510.00,-2.17%,0.34,0.35,0.35,12199,1818,6.71,25.35%,31.05%,0.091957,"13:56 ET"
AMAT,418.88,2026-09-18,3,Call,435.00,-4.13%,3,3,3.1,1038,155,6.7,49.98%,58.94%,0.238394,"13:54 ET"
CLSK,12.66,2026-10-16,31,Put,13.00,+3.17%,1.35,1.45,1.39,2551,385,6.63,81.40%,81.02%,-0.49576,"13:25 ET"
CRWD,243.19,2026-09-18,3,Put,242.50,+0.02%,5.7,5.9,5.9,669,101,6.62,57.09%,69.95%,-0.469519,"13:56 ET"
MXL,67.18,2026-10-16,31,Call,95.00,-42.34%,0.7,0.8,1.15,1277,193,6.62,87.12%,90.34%,0.118854,"12:16 ET"
CHYM,32.96,2027-03-19,185,Put,30.00,-9.86%,3.2,3.25,3.5,2059,311,6.62,48.87%,55.70%,-0.317114,"13:39 ET"
ORCL,142.43,2026-09-18,3,Call,142.00,+0.79%,3.5,3.6,3.65,2530,391,6.47,49.43%,59.01%,0.563528,"13:22 ET"
MSFT,498.06,2026-09-21,6,Call,500.00,-0.17%,5.55,5.9,6,1036,161,6.43,25.35%,24.08%,0.486391,"13:51 ET"
UAL,106.77,2026-10-16,31,Call,120.00,-12.85%,2.14,2.14,2.15,33775,5279,6.4,51.62%,53.37%,0.237548,"14:01 ET"
MU,924.17,2026-09-16,1,Put,910.00,-1.74%,5.1,5.26,5.25,5227,819,6.38,57.66%,59.59%,-0.28347,"13:56 ET"
CARR,55.57,2026-10-16,31,Call,60.00,-7.91%,0.65,0.75,0.85,1258,198,6.35,35.68%,34.57%,0.239255,"13:28 ET"
MSTR,132.01,2027-12-17,458,Call,175.00,-32.74%,36.05,36.41,36.85,3004,473,6.35,72.28%,80.20%,0.577898,"13:56 ET"
NVDA,212.05,2026-09-16,1,Put,210.00,-0.63%,1.08,1.08,1.09,47868,7574,6.32,33.61%,42.34%,-0.342356,"13:56 ET"
NKE,36.35,2026-09-18,3,Put,35.50,-2.47%,0.15,0.16,0.17,4503,714,6.31,46.74%,36.71%,-0.225011,"13:55 ET"
BIDU,90.66,2026-09-25,10,Put,97.00,+7.04%,6.8,6.95,7.5,712,113,6.3,41.61%,48.87%,-0.786498,"13:23 ET"
TSLA,357.43,2026-10-23,38,Call,365.00,-1.61%,17.85,17.93,18.1,852,136,6.26,41.56%,45.12%,0.482079,"13:42 ET"
PATH,14.55,2026-09-25,10,Call,15.50,-6.46%,0.28,0.32,0.33,1946,312,6.24,59.02%,67.21%,0.310376,"13:04 ET"
TSLA,357.43,2026-09-16,1,Call,345.00,+3.96%,12.5,13,12.95,1416,228,6.21,41.56%,46.47%,0.929177,"13:44 ET"
MU,924.17,2026-09-16,1,Call,960.00,-3.66%,1.83,1.82,1.86,10231,1647,6.21,57.66%,60.05%,0.128581,"13:56 ET"
AAPL,330.62,2026-09-16,1,Put,330.00,-0.01%,1.86,1.86,1.9,33588,5415,6.2,24.73%,29.96%,-0.467642,"13:56 ET"
HPE,56.15,2026-10-09,24,Call,56.00,+0.07%,3.3,3.4,3.6,635,103,6.17,59.97%,59.48%,0.534765,"13:22 ET"
AMD,504.22,2026-09-16,1,Put,512.50,+1.53%,11.55,11.71,11.7,761,124,6.14,50.45%,59.56%,-0.70426,"13:35 ET"
LULU,98.57,2026-09-25,10,Call,105.00,-7.31%,0.6,0.66,0.72,2156,353,6.11,40.69%,42.38%,0.1819,"12:56 ET"
NVDA,212.05,2026-09-16,1,Put,207.50,-1.81%,0.5,0.5,0.51,18583,3055,6.08,33.61%,44.69%,-0.184586,"13:56 ET"
SKHY,173.4,2026-12-18,94,Put,170.00,-2.00%,18.55,18.9,19.1,3027,500,6.05,59.70%,61.62%,-0.402494,"13:47 ET"
AMD,504.22,2026-09-16,1,Put,492.50,-2.43%,2.35,2.41,2.4,1430,237,6.03,50.45%,62.66%,-0.240092,"13:55 ET"
WULF,14.69,2026-11-20,66,Put,12.00,-17.98%,0.89,0.9,0.94,2667,442,6.03,84.20%,81.70%,-0.246571,"13:12 ET"
SNDK,1520.06,2026-09-18,3,Call,"1,530.00",+0.10%,39.8,40,40.6,1974,328,6.02,68.50%,75.24%,0.502969,"13:56 ET"
MSFT,498.06,2026-09-16,1,Call,505.00,-1.17%,1.03,1.07,1.1,21846,3626,6.02,25.35%,30.53%,0.231148,"13:56 ET"
AMZN,248.69,2026-09-21,6,Call,257.50,-3.66%,0.95,0.97,1.02,1140,190,6,31.15%,29.70%,0.19181,"13:53 ET"
MSFT,498.06,2026-09-16,1,Put,487.50,-2.33%,0.36,0.38,0.41,1213,203,5.98,25.35%,33.94%,-0.092485,"13:55 ET"
AMD,504.22,2026-09-16,1,Call,540.00,-6.98%,0.1,0.1,0.14,2584,433,5.97,50.45%,63.86%,0.019654,"13:55 ET"
INTC,97.49,2026-09-16,1,Call,98.00,-0.11%,1.24,1.28,1.28,9785,1639,5.97,59.48%,73.04%,0.455752,"13:56 ET"
AUPH,16.11,2028-01-21,493,Put,20.00,+24.77%,5.5,5.69,5.9,656,110,5.96,38.71%,48.85%,-0.532656,"13:56 ET"
META,668.6,2026-09-16,1,Put,640.00,-3.78%,0.4,0.44,0.42,5917,993,5.96,38.27%,49.97%,-0.054823,"13:50 ET"
MSFT,498.06,2026-09-21,6,Call,520.00,-4.18%,0.61,0.65,0.71,1457,245,5.95,25.35%,23.84%,0.093734,"13:54 ET"
META,668.6,2026-09-16,1,Call,707.50,-6.37%,0.13,0.15,0.18,1926,325,5.93,38.27%,55.25%,0.021835,"13:49 ET"
MU,924.17,2026-09-16,1,Call,970.00,-4.74%,0.99,0.96,1.02,6509,1102,5.91,57.66%,61.35%,0.076186,"13:55 ET"
AVGO,338.9,2026-09-18,3,Call,347.50,-2.75%,1.92,1.96,1.99,2613,445,5.87,35.96%,41.05%,0.260981,"13:56 ET"
AAPL,330.62,2026-09-16,1,Call,335.00,-1.51%,0.5,0.5,0.51,48318,8252,5.86,24.73%,29.23%,0.184304,"13:56 ET"
NVDA,212.05,2026-09-16,1,Call,212.50,-0.55%,1.51,1.52,1.52,70888,12123,5.85,33.61%,41.14%,0.447526,"13:56 ET"
CCL,22.17,2027-03-19,185,Put,21.00,-4.98%,2.16,2.34,2.41,5000,858,5.83,48.42%,47.88%,-0.361544,"13:44 ET"
MSTR,132.01,2028-06-16,640,Put,130.00,-1.40%,45.35,46.65,47.4,750,129,5.81,72.28%,79.16%,-0.282991,"12:49 ET"
DOW,29.78,2026-10-02,17,Put,28.00,-5.98%,0.36,0.41,0.41,1097,189,5.8,42.18%,42.92%,-0.228725,"13:13 ET"
NVDA,212.05,2026-09-21,6,Put,227.50,+7.65%,15.65,15.89,15.85,660,114,5.79,33.61%,31.68%,-0.963563,"13:49 ET"
FRO,51.65,2027-02-19,157,Call,55.00,-6.49%,3.1,3.4,3.7,904,156,5.79,51.13%,40.32%,0.405404,"12:39 ET"
SPCX,143.67,2026-10-09,24,Call,148.00,-2.98%,5.55,5.6,5.65,1296,224,5.79,50.42%,50.50%,0.437225,"13:56 ET"
TSLA,357.43,2026-09-21,6,Put,357.50,-0.48%,7.25,7.35,7.4,1301,226,5.76,41.56%,40.36%,-0.487876,"13:56 ET"
NVDA,212.05,2026-09-21,6,Call,217.50,-2.92%,1.44,1.42,1.45,4293,745,5.76,33.61%,32.38%,0.273195,"13:54 ET"
MU,924.17,2026-09-21,6,Put,850.00,-8.22%,2.56,2.75,2.83,840,147,5.71,57.66%,51.74%,-0.091733,"13:50 ET"
TSLA,357.43,2026-09-16,1,Call,375.00,-4.39%,0.22,0.22,0.23,17951,3143,5.71,41.56%,55.77%,0.051841,"13:56 ET"
MU,924.17,2026-09-16,1,Put,945.00,+2.04%,23.2,24,23.55,941,165,5.7,57.66%,58.38%,-0.742908,"13:53 ET"
PLAY,6.82,2026-09-18,3,Call,7.00,-1.74%,0.15,0.18,0.2,1208,212,5.7,77.00%,102.53%,0.405751,"13:43 ET"
CMG,34.76,2026-10-02,17,Put,35.00,+1.42%,1.27,1.29,1.35,915,161,5.68,37.81%,37.19%,-0.538659,"13:48 ET"
AMD,504.22,2026-09-16,1,Put,487.50,-3.43%,1.4,1.47,1.45,1483,261,5.68,50.45%,63.81%,-0.158798,"13:51 ET"
ACHR,5.43,2026-10-09,24,Put,5.00,-8.59%,0.15,0.16,0.2,714,126,5.67,64.46%,67.13%,-0.276479,"11:52 ET"
MSTR,132.01,2027-12-17,458,Call,165.00,-25.15%,38.45,39,39.5,1030,182,5.66,72.28%,80.44%,0.604061,"13:52 ET"
AAPL,330.62,2026-09-16,1,Call,327.50,+0.77%,3.8,4,3.9,4673,826,5.66,24.73%,30.58%,0.710905,"13:54 ET"
TSLA,357.43,2026-09-16,1,Put,337.50,-6.05%,0.18,0.18,0.19,1770,313,5.65,41.56%,62.73%,-0.038751,"13:53 ET"
AAOI,95.88,2026-09-18,3,Put,89.00,-7.35%,0.8,0.8,1,581,103,5.64,84.40%,97.46%,-0.186093,"13:48 ET"
XEL,72.72,2026-10-16,31,Put,75.00,+3.25%,2.9,3.17,3.4,1505,268,5.62,25.02%,20.88%,-0.682634,"13:32 ET"
LTC,43.25,2027-02-19,157,Call,45.00,-4.21%,1.2,1.45,1.6,901,161,5.6,21.40%,17.46%,0.41489,"11:20 ET"
HAFN,9.36,2027-04-16,213,Call,12.50,-33.55%,0.1,0.25,0.25,765,139,5.5,40.49%,37.18%,0.144784,"13:40 ET"
AMD,504.22,2026-10-09,24,Put,420.00,-16.80%,2.75,2.85,2.93,1792,326,5.5,50.45%,54.61%,-0.083227,"13:39 ET"
NRG,107.12,2026-10-16,31,Call,110.00,-3.54%,4.9,4.8,5.3,1697,309,5.49,49.46%,50.49%,0.461524,"13:40 ET"
META,668.6,2026-09-16,1,Call,700.00,-5.24%,0.28,0.29,0.29,34484,6317,5.46,38.27%,51.89%,0.039416,"13:56 ET"
ARDX,3.43,2027-04-16,213,Call,4.00,-16.62%,0.5,0.55,0.65,555,102,5.44,127.15%,71.99%,0.51398,"12:15 ET"
AMZN,248.69,2026-09-21,6,Call,250.00,-0.64%,3.15,3.3,3.35,985,181,5.44,31.15%,29.53%,0.461927,"13:56 ET"
DELL,548.79,2026-09-18,3,Call,625.00,-13.81%,0.31,0.45,0.54,1656,305,5.43,61.76%,76.34%,0.029703,"13:41 ET"
MU,924.17,2026-09-18,3,Call,925.00,+0.12%,19.35,19.25,19.65,2761,510,5.41,57.66%,56.56%,0.519771,"13:55 ET"
SPCX,143.67,2026-09-25,10,Call,146.00,-1.59%,3.95,4,4.05,2099,389,5.4,50.42%,53.55%,0.443026,"13:56 ET"
SPCX,143.67,2026-09-18,3,Call,144.00,-0.19%,2.92,2.93,2.93,6157,1145,5.38,50.42%,61.04%,0.485601,"13:56 ET"
COP,141.31,2027-03-19,185,Put,135.00,-4.47%,9.1,9.7,9.7,704,131,5.37,33.31%,33.11%,-0.360863,"13:56 ET"
FCX,68.96,2026-09-25,10,Call,69.00,-0.20%,2.19,2.21,2.34,668,125,5.34,46.55%,48.21%,0.525718,"13:36 ET"
AMZN,248.69,2026-09-21,6,Call,262.50,-5.67%,0.4,0.4,0.42,996,187,5.33,31.15%,30.67%,0.091525,"13:46 ET"
TSLA,357.43,2026-09-23,8,Call,410.00,-14.13%,0.28,0.28,0.3,1186,224,5.29,41.56%,48.13%,0.030101,"13:51 ET"
FUBO,11.18,2026-09-18,3,Call,11.50,-3.32%,0.27,0.28,0.28,3188,603,5.29,81.16%,100.03%,0.400226,"13:56 ET"
AMD,504.22,2026-09-18,3,Call,502.50,+0.45%,11.65,11.53,11.85,700,133,5.26,50.45%,60.76%,0.530677,"13:55 ET"
SMR,8.49,2026-10-09,24,Put,8.00,-6.98%,0.37,0.36,0.41,1531,291,5.26,76.98%,74.86%,-0.326429,"13:04 ET"
DELL,548.79,2026-09-18,3,Call,545.00,+0.76%,15.1,15.5,15.4,1726,329,5.25,61.76%,71.45%,0.538024,"13:51 ET"
AMD,504.22,2026-09-18,3,Call,507.50,-0.54%,9.25,9.35,9.4,933,178,5.24,50.45%,60.42%,0.458704,"13:55 ET"
GOOGL,343.59,2026-10-23,38,Put,310.00,-9.58%,2.48,2.56,2.78,2544,487,5.22,29.64%,31.79%,-0.140116,"13:43 ET"
BE,260.13,2026-09-18,3,Call,267.50,-2.13%,6.1,6.3,6.2,839,161,5.21,79.53%,95.04%,0.402272,"13:50 ET"
COMP,10.22,2028-01-21,493,Call,17.00,-68.48%,1.2,1.35,1.7,1718,330,5.21,57.41%,62.87%,0.396051,"12:50 ET"
AAPL,330.62,2026-09-16,1,Call,330.00,+0.01%,2.24,2.27,2.27,33534,6436,5.21,24.73%,29.84%,0.532856,"13:56 ET"
MXL,67.18,2026-10-16,31,Put,65.00,-2.61%,5.5,6.2,5.9,1199,231,5.19,87.12%,88.31%,-0.398114,"11:53 ET"
AS,26.66,2026-09-18,3,Put,26.00,-2.77%,0.35,0.35,0.45,1342,259,5.18,47.27%,72.81%,-0.332228,"13:23 ET"
MU,924.17,2026-09-16,1,Call,995.00,-7.44%,0.23,0.25,0.26,1999,386,5.18,57.66%,66.81%,0.020738,"13:56 ET"
ALHC,10.29,2026-11-20,66,Call,15.00,-47.78%,0.15,0.25,0.25,6298,1223,5.15,81.42%,73.97%,0.140671,"12:33 ET"
ALLY,41.1,2026-09-18,3,Put,44.00,+7.42%,2.9,3.15,3.7,719,140,5.14,29.66%,86.94%,-0.800079,"10:39 ET"
INTC,97.49,2026-10-23,38,Call,105.00,-7.26%,5.5,5.55,5.6,2682,522,5.14,59.48%,66.73%,0.412357,"13:50 ET"
IREN,41.45,2026-10-16,31,Put,39.00,-5.66%,2.61,2.65,2.68,4913,964,5.1,80.68%,80.85%,-0.351488,"13:49 ET"
MU,924.17,2026-09-18,3,Put,855.00,-7.68%,1.75,1.7,1.84,1065,211,5.05,57.66%,62.39%,-0.07482,"13:33 ET"
AMZN,248.69,2026-09-21,6,Call,252.50,-1.64%,2.22,2.25,2.34,1152,228,5.05,31.15%,29.69%,0.36081,"13:56 ET"
SNDK,1520.06,2026-09-18,3,Call,"1,540.00",-0.55%,34.5,35.5,35.9,1717,340,5.05,68.50%,74.45%,0.46425,"13:52 ET"
SPCX,143.67,2028-12-15,822,Call,365.00,-153.97%,14.3,15.19,15.35,682,136,5.01,50.42%,56.46%,0.285388,"12:06 ET"
NXPI,225.8,2026-09-18,3,Call,195.00,+13.21%,28.7,30.1,31.6,565,113,5,42.32%,54.71%,0.998352,"13:22 ET"
AMD,504.22,2026-09-16,1,Call,535.00,-5.98%,0.2,0.22,0.22,3088,619,4.99,50.45%,61.99%,0.033077,"13:55 ET"
HOOD,109.93,2026-09-18,3,Call,111.00,-0.30%,2.84,2.82,2.9,3161,634,4.99,62.60%,79.08%,0.483781,"13:55 ET"
TSLA,357.43,2026-09-18,3,Put,357.50,-0.48%,6.25,6.3,6.35,8138,1631,4.99,41.56%,48.78%,-0.491153,"13:56 ET"
CART,47.22,2028-01-21,493,Call,70.00,-47.34%,4.1,4.35,4.5,555,112,4.96,39.94%,44.05%,0.343099,"10:29 ET"
RIVN,15.8,2026-09-18,3,Call,15.50,+1.71%,0.54,0.56,0.58,2627,530,4.96,58.10%,71.05%,0.623554,"13:51 ET"
TSLA,357.43,2026-09-23,8,Put,355.00,-1.18%,7.35,7.55,7.5,762,154,4.95,41.56%,41.34%,-0.43962,"13:50 ET"
BBWI,16.72,2026-09-18,3,Put,17.00,+2.22%,0.4,0.6,0.7,2112,427,4.95,53.92%,64.04%,-0.603769,"13:29 ET"
MU,924.17,2026-09-16,1,Call,975.00,-5.28%,0.73,0.76,0.76,3517,712,4.94,57.66%,62.21%,0.058346,"13:53 ET"
NVDA,212.05,2026-09-21,6,Put,202.50,-4.18%,0.81,0.81,0.83,1375,279,4.93,33.61%,36.04%,-0.156699,"13:54 ET"
JD,27.15,2026-10-16,31,Call,24.00,+11.73%,3.35,3.42,3.5,880,179,4.92,31.91%,49.54%,0.822366,"13:47 ET"
NBIS,209.23,2027-06-17,275,Put,220.00,+5.25%,64.55,65.6,66.2,1372,279,4.92,80.24%,87.11%,-0.370243,"11:56 ET"
AMZN,248.69,2026-10-02,17,Call,252.50,-1.64%,5.1,5.1,5.35,865,176,4.91,31.15%,31.31%,0.435852,"13:55 ET"
NVDA,212.05,2026-09-23,8,Call,212.50,-0.55%,3.95,4.1,4.05,2261,461,4.9,33.61%,33.99%,0.490435,"13:54 ET"
TSLA,357.43,2026-10-02,17,Call,357.50,+0.48%,13.45,13.39,13.6,508,104,4.88,41.56%,43.15%,0.524785,"13:55 ET"
NVDA,212.05,2026-09-16,1,Call,210.00,+0.63%,2.97,2.98,2.99,16238,3342,4.86,33.61%,43.50%,0.654044,"13:56 ET"
NVDA,212.05,2026-10-02,17,Call,237.50,-12.38%,0.47,0.46,0.48,688,142,4.85,33.61%,34.57%,0.069923,"13:20 ET"
CSCO,109.79,2026-12-18,94,Call,135.00,-22.54%,1.5,1.61,1.64,10336,2140,4.83,30.35%,36.46%,0.159312,"12:48 ET"
RDW,10.76,2026-10-23,38,Call,15.00,-38.38%,0.15,0.25,0.3,604,126,4.79,83.43%,88.32%,0.157819,"13:03 ET"
M,21.84,2026-10-16,31,Put,22.00,+0.78%,1,1.01,1.04,751,157,4.78,38.67%,37.11%,-0.502739,"13:43 ET"
META,668.6,2026-09-18,3,Put,665.00,-0.02%,9.65,9.72,9.75,3688,771,4.78,38.27%,44.75%,-0.459278,"13:56 ET"
TSM,414.4,2026-10-09,24,Put,365.00,-11.75%,1.11,1.07,1.2,1006,211,4.77,33.31%,34.61%,-0.068812,"10:40 ET"
MSFT,498.06,2026-09-16,1,Put,495.00,-0.83%,1.6,1.61,1.67,5824,1222,4.77,25.35%,31.45%,-0.308023,"13:56 ET"
AXP,325.08,2026-09-25,10,Put,300.00,-7.35%,0.2,0.49,0.64,508,107,4.75,24.79%,31.12%,-0.057549,"11:24 ET"
MU,924.17,2026-09-16,1,Call,990.00,-6.90%,0.31,0.32,0.33,2038,432,4.72,57.66%,65.57%,0.026712,"13:51 ET"
MUR,40.46,2026-10-16,31,Call,42.50,-5.25%,1.25,1.45,1.65,527,112,4.71,43.53%,46.52%,0.398432,"13:55 ET"
META,668.6,2026-09-16,1,Call,702.50,-5.62%,0.18,0.18,0.24,3161,674,4.69,38.27%,52.12%,0.030051,"13:55 ET"
BP,46.95,2026-10-16,31,Call,48.00,-2.26%,1.31,1.37,1.37,6482,1385,4.68,31.93%,32.80%,0.428244,"13:55 ET"
AMZN,248.69,2026-09-16,1,Call,235.00,+5.40%,13.3,13.54,13.95,657,141,4.66,31.15%,41.20%,0.996037,"13:52 ET"
TEM,66.45,2026-09-18,3,Call,69.00,-3.48%,1.11,1.18,1.2,1266,274,4.62,74.90%,91.96%,0.33163,"13:53 ET"
NVDA,212.05,2026-09-25,10,Put,217.50,+2.92%,7.85,7.94,7.95,2708,587,4.61,33.61%,32.69%,-0.674239,"13:51 ET"
DELL,548.79,2026-09-18,3,Put,527.50,-3.94%,6.25,6.4,6.4,527,115,4.58,61.76%,72.25%,-0.276582,"13:55 ET"
AAL,12.86,2026-10-23,38,Put,12.50,-2.50%,0.6,0.64,0.69,956,210,4.55,48.92%,48.89%,-0.405076,"13:41 ET"
CCJ,91.12,2026-09-18,3,Call,96.00,-5.02%,0.32,0.46,0.45,586,129,4.54,45.36%,56.32%,0.160675,"13:04 ET"
GOOGL,343.59,2026-09-25,10,Call,347.50,-1.36%,4.95,5.15,5.25,1040,229,4.54,29.64%,29.99%,0.42171,"13:44 ET"
AVGO,338.9,2026-09-16,1,Put,327.50,-3.16%,0.24,0.28,0.28,1749,385,4.54,35.96%,45.55%,-0.071705,"13:54 ET"
NVDA,212.05,2026-09-25,10,Call,220.00,-4.10%,1.82,1.85,1.85,41426,9132,4.54,33.61%,33.75%,0.262952,"13:56 ET"
NN,14.89,2026-10-09,24,Call,21.00,-40.37%,0.05,0.3,0.35,1245,275,4.53,93.45%,100.80%,0.117693,"13:37 ET"
TSLA,357.43,2026-09-23,8,Put,357.50,-0.48%,8.6,8.7,8.9,775,172,4.51,41.56%,41.86%,-0.485149,"13:56 ET"
BMNR,24.13,2029-01-19,857,Call,40.00,-66.11%,9,9.5,9.35,1278,284,4.5,81.61%,85.09%,0.630085,"13:50 ET"
WYFI,16.91,2026-10-16,31,Call,22.50,-33.14%,0.5,0.5,0.55,2005,446,4.5,98.39%,101.99%,0.211048,"13:07 ET"
HSBC,101.81,2026-10-02,17,Call,105.00,-3.29%,0.85,0.9,1.1,1288,287,4.49,24.24%,24.84%,0.292258,"11:22 ET"
META,668.6,2026-09-21,6,Call,700.00,-5.24%,2.8,2.82,2.83,1348,301,4.48,38.27%,37.65%,0.167747,"13:56 ET"
SPCX,143.67,2026-10-02,17,Put,133.00,-7.46%,2.36,2.44,2.42,2709,607,4.46,50.42%,53.41%,-0.233669,"13:52 ET"
KSS,16.49,2026-09-18,3,Put,16.50,+0.86%,0.38,0.47,0.42,1863,419,4.45,54.72%,64.21%,-0.502551,"13:13 ET"
CRWD,243.19,2026-09-18,3,Put,237.50,-2.05%,3.55,3.74,3.9,4468,1005,4.45,57.09%,70.87%,-0.344277,"13:53 ET"
SWKS,89.57,2026-10-16,31,Put,85.00,-4.72%,4.2,4.3,4.6,814,184,4.42,61.81%,62.62%,-0.357866,"13:36 ET"
JPM,344.46,2026-09-18,3,Call,352.50,-2.26%,1.11,1.18,1.23,1466,332,4.42,26.71%,31.10%,0.214369,"13:54 ET"
TSLA,357.43,2026-09-23,8,Put,350.00,-2.57%,5.35,5.45,5.45,965,220,4.39,41.56%,41.67%,-0.351364,"13:56 ET"
HUT,87.46,2026-09-18,3,Call,88.00,-1.44%,2.8,3.1,3.4,526,121,4.35,94.64%,111.07%,0.480994,"13:44 ET"
WULF,14.69,2026-11-20,66,Call,23.00,-57.21%,0.4,0.39,0.47,47460,10937,4.34,84.20%,96.77%,0.161701,"13:40 ET"
AIG,75.56,2026-09-18,3,Call,63.00,+16.57%,12.2,12.8,13.7,587,136,4.32,21.55%,153.37%,0.914998,"13:41 ET"
MU,924.17,2026-09-16,1,Call,900.00,+2.82%,28.65,28.75,29.25,673,156,4.31,57.66%,61.15%,0.817116,"13:54 ET"
WULF,14.69,2026-09-25,10,Call,15.00,-2.53%,0.7,0.71,0.74,1530,355,4.31,84.20%,91.72%,0.46235,"13:36 ET"
MSFT,498.06,2026-09-16,1,Put,492.50,-1.33%,0.99,1,1.06,1894,441,4.29,25.35%,32.05%,-0.213539,"13:56 ET"
CORZ,16.25,2026-10-16,31,Put,14.00,-13.47%,0.43,0.42,0.45,874,204,4.28,71.77%,71.59%,-0.208173,"12:20 ET"
NVDA,212.05,2026-09-16,1,Call,200.00,+5.36%,11.85,11.88,12.05,1104,258,4.28,33.61%,62.10%,0.963012,"13:50 ET"
MSFT,498.06,2026-09-16,1,Put,490.00,-1.83%,0.61,0.62,0.64,2754,649,4.24,25.35%,32.81%,-0.141664,"13:56 ET"
AMD,504.22,2026-09-25,10,Call,547.50,-8.46%,4.1,4,4.25,756,179,4.22,50.45%,52.42%,0.182529,"13:50 ET"
WHR,33.15,2026-09-18,3,Call,35.00,-5.55%,0.2,0.25,0.25,1093,259,4.22,56.15%,68.96%,0.200166,"13:30 ET"
COP,141.31,2027-03-19,185,Call,155.00,-9.68%,8.3,8.3,8.85,705,168,4.2,33.31%,33.24%,0.404864,"13:56 ET"
AVGO,338.9,2026-09-16,1,Put,332.50,-1.69%,0.75,0.88,0.8,1034,246,4.2,35.96%,42.27%,-0.186696,"13:52 ET"
TSLA,357.43,2026-09-21,6,Call,362.50,-0.91%,5.2,5.15,5.3,1491,355,4.2,41.56%,40.39%,0.406924,"13:48 ET"
T,26.8,2026-10-02,17,Call,28.00,-4.28%,0.16,0.18,0.18,1962,471,4.17,24.56%,24.78%,0.213754,"13:17 ET"
MAT,13.59,2026-10-16,31,Put,14.00,+2.94%,0.65,0.71,0.8,2004,481,4.17,33.30%,30.42%,-0.616113,"13:56 ET"
MU,924.17,2026-09-18,3,Call,940.00,-1.50%,12.6,12.74,13,5361,1289,4.16,57.66%,56.11%,0.394853,"13:54 ET"
WULF,14.69,2027-12-17,458,Put,15.00,+2.53%,4.95,5.1,5.2,2504,604,4.15,84.20%,56.26%,-0.403845,"13:48 ET"
SWKS,89.57,2026-10-16,31,Put,90.00,+0.89%,6.5,6.85,7,570,138,4.13,61.81%,61.64%,-0.480467,"13:34 ET"
SNOW,321.46,2026-09-25,10,Call,335.00,-3.66%,4.75,5.4,5.35,651,158,4.12,46.71%,47.37%,0.3208,"13:31 ET"
HOOD,109.93,2026-09-18,3,Call,113.00,-2.11%,2.05,2.06,2.11,2908,705,4.12,62.60%,79.67%,0.387013,"13:56 ET"
LSCC,105.97,2026-10-16,31,Call,130.00,-22.86%,0.8,0.95,1,821,200,4.11,56.32%,54.71%,0.116547,"13:27 ET"
META,668.6,2026-09-25,10,Call,720.00,-8.25%,3.1,3.25,3.4,3561,866,4.11,38.27%,41.40%,0.143011,"13:55 ET"
CRWD,243.19,2027-12-17,458,Call,250.00,-3.11%,67.2,68.31,69.3,889,217,4.1,57.09%,62.16%,0.648509,"13:28 ET"
TEM,66.45,2026-09-18,3,Call,66.00,+1.02%,2.3,2.34,2.42,1272,310,4.1,74.90%,92.08%,0.538971,"13:54 ET"
PLAY,6.82,2027-04-16,213,Call,14.00,-103.49%,0.25,0.57,0.65,741,181,4.09,77.00%,90.48%,0.22193,"13:10 ET"
META,668.6,2026-09-18,3,Call,672.50,-1.11%,8.5,8.2,8.65,2391,585,4.09,38.27%,45.43%,0.432554,"13:54 ET"
CART,47.22,2027-12-17,458,Call,70.00,-47.34%,3.2,3.91,4.1,553,136,4.07,39.94%,42.54%,0.316034,"10:29 ET"
KURA,11.3,2027-01-15,122,Call,9.00,+19.86%,3,3.1,3.2,554,136,4.07,56.08%,71.95%,0.781273,"13:56 ET"
INTC,97.49,2026-09-21,6,Call,100.00,-2.16%,1.85,1.85,1.89,1511,372,4.06,59.48%,58.07%,0.383843,"13:47 ET"
NVDA,212.05,2026-09-28,13,Call,225.00,-6.47%,1.07,1.11,1.12,6945,1711,4.06,33.61%,31.56%,0.167452,"13:54 ET"
AVGO,338.9,2026-09-16,1,Put,342.50,+1.27%,4.8,4.89,5.1,1831,452,4.05,35.96%,40.59%,-0.680679,"13:56 ET"
TSLA,357.43,2026-09-25,10,Call,357.50,+0.48%,10.2,10.15,10.35,630,156,4.04,41.56%,42.99%,0.518429,"13:55 ET"
GOOGL,343.59,2026-09-16,1,Put,340.00,-0.83%,1.1,1.12,1.15,4355,1081,4.03,29.64%,34.48%,-0.287694,"13:55 ET"
WULF,14.69,2026-10-09,24,Put,15.00,+2.53%,1.36,1.44,1.46,606,151,4.01,84.20%,76.04%,-0.522292,"13:33 ET"
GM,85.67,2026-10-16,31,Put,75.00,-12.43%,0.3,0.39,0.46,633,158,4.01,31.98%,35.54%,-0.088843,"12:41 ET"
RKLB,63.6,2026-09-25,10,Call,66.00,-3.38%,1.97,2.02,2.07,1857,464,4,70.03%,71.17%,0.402919,"13:50 ET"
AMD,504.22,2026-09-16,1,Call,500.00,+0.95%,8.55,8.4,8.75,3262,815,4,50.45%,62.94%,0.59658,"13:52 ET"
META,668.6,2026-09-16,1,Put,645.00,-3.03%,0.72,0.72,0.74,3734,940,3.97,38.27%,48.79%,-0.091209,"13:56 ET"
AIG,75.56,2026-09-18,3,Call,62.50,+17.23%,12.4,13.3,14,765,193,3.96,21.55%,129.57%,0.952323,"13:41 ET"
SNDK,1520.06,2026-09-18,3,Put,"1,540.00",+0.55%,47,48,48.4,1456,370,3.94,68.50%,73.89%,-0.536604,"13:55 ET"
AMD,504.22,2026-09-16,1,Put,495.00,-1.94%,3,3.05,3.15,2629,667,3.94,50.45%,62.77%,-0.29095,"13:56 ET"
PCG,13.23,2026-09-25,10,Put,13.50,+2.82%,0.53,0.59,0.68,5312,1347,3.94,46.44%,49.96%,-0.590759,"13:54 ET"
DOW,29.78,2026-09-25,10,Call,31.50,-5.78%,0.26,0.32,0.34,566,144,3.93,42.18%,43.83%,0.242616,"13:53 ET"
NVDA,212.05,2026-09-21,6,Call,215.00,-1.74%,2.23,2.22,2.25,6789,1728,3.93,33.61%,32.65%,0.373855,"13:56 ET"
AMZN,248.69,2026-09-16,1,Call,255.00,-2.65%,0.27,0.26,0.28,15643,3976,3.93,31.15%,38.62%,0.113423,"13:55 ET"
USAR,15.38,2026-09-25,10,Call,18.50,-20.21%,0.09,0.11,0.13,879,224,3.92,75.37%,85.38%,0.11078,"12:58 ET"
XOM,169.28,2027-03-19,185,Call,200.00,-18.08%,4.75,5.03,5.2,10322,2630,3.92,30.68%,29.40%,0.256752,"12:58 ET"
HPE,56.15,2026-09-25,10,Call,58.00,-3.50%,1.32,1.4,1.47,691,178,3.88,59.97%,59.50%,0.382401,"13:34 ET"
TSLA,357.43,2026-09-16,1,Put,332.50,-7.44%,0.13,0.12,0.14,752,194,3.88,41.56%,71.87%,-0.026066,"13:40 ET"
META,668.6,2026-09-18,3,Call,692.50,-4.12%,2.9,2.81,2.95,1039,268,3.88,38.27%,46.19%,0.19314,"13:53 ET"
SKHY,173.4,2026-09-25,10,Call,192.50,-10.97%,1.55,1.6,1.73,518,134,3.87,59.70%,62.94%,0.176207,"13:29 ET"
TSLA,357.43,2026-09-21,6,Call,360.00,-0.21%,6.2,6.14,6.3,2189,566,3.87,41.56%,40.21%,0.459201,"13:55 ET"
MSFT,498.06,2026-09-16,1,Call,512.50,-2.67%,0.18,0.19,0.19,3728,963,3.87,25.35%,31.41%,0.053649,"13:54 ET"
XPEV,10.28,2026-09-18,3,Call,10.50,-2.54%,0.1,0.12,0.14,921,239,3.85,48.24%,56.23%,0.349891,"13:52 ET"
JNJ,265.83,2026-09-25,10,Put,255.00,-3.66%,1.03,1.15,1.25,6343,1647,3.85,26.58%,26.69%,-0.176544,"12:56 ET"
AMZN,248.69,2026-09-21,6,Put,250.00,+0.64%,4.2,4.42,4.35,1245,325,3.83,31.15%,29.00%,-0.540615,"13:25 ET"
MSTR,132.01,2027-03-19,185,Call,160.00,-21.36%,20.4,20.75,20.95,1253,328,3.82,72.28%,77.38%,0.488141,"13:48 ET"
META,668.6,2026-09-18,3,Call,677.50,-1.86%,6.6,6.67,6.75,1583,414,3.82,38.27%,45.47%,0.363383,"13:56 ET"
SNDK,1520.06,2026-09-18,3,Put,"1,565.00",+2.18%,62.4,62.3,64.3,705,185,3.81,68.50%,74.67%,-0.6287,"13:47 ET"
META,668.6,2027-02-19,157,Put,440.00,-33.85%,5.3,5.4,5.5,754,198,3.81,38.27%,45.66%,-0.056368,"13:45 ET"
JNJ,265.83,2026-09-18,3,Call,265.00,-0.12%,2.67,2.82,2.85,627,165,3.8,26.58%,26.95%,0.52605,"13:55 ET"
BAC,59.58,2027-09-17,367,Put,50.00,-15.77%,2.23,2.23,2.27,851,224,3.8,26.91%,28.63%,-0.204087,"13:51 ET"
META,668.6,2026-09-18,3,Put,662.50,-0.39%,8.5,8.8,8.7,906,239,3.79,38.27%,44.92%,-0.422847,"13:54 ET"
CVX,216.84,2026-12-18,94,Call,250.00,-15.42%,2.86,2.92,3,10454,2763,3.78,28.04%,28.37%,0.183234,"13:40 ET"
CCL,22.17,2026-10-16,31,Call,24.00,-8.60%,0.56,0.58,0.62,8279,2196,3.77,48.42%,48.48%,0.31383,"13:30 ET"
AVGO,338.9,2026-09-16,1,Put,335.00,-0.95%,1.28,1.31,1.35,1793,478,3.75,35.96%,41.13%,-0.285678,"13:56 ET"
RKLB,63.6,2026-09-18,3,Put,64.00,+0.25%,2.03,2.1,2.11,2658,709,3.75,70.03%,81.39%,-0.51704,"13:54 ET"
TSLA,357.43,2026-09-23,8,Put,360.00,+0.21%,9.85,10.2,10.2,774,207,3.74,41.56%,41.59%,-0.530484,"13:48 ET"
SDGR,22.83,2026-10-16,31,Call,22.50,+1.19%,1.7,2,2.2,901,241,3.74,65.10%,69.17%,0.563688,"12:53 ET"
INTC,97.49,2026-09-16,1,Call,102.00,-4.20%,0.22,0.23,0.23,5640,1511,3.73,59.48%,73.10%,0.123719,"13:55 ET"
HOOD,109.93,2026-09-18,3,Call,112.00,-1.20%,2.41,2.39,2.46,3788,1018,3.72,62.60%,78.96%,0.434025,"13:55 ET"
CRWD,243.19,2026-09-18,3,Call,255.00,-5.17%,2.1,2.11,2.2,13073,3519,3.71,57.09%,70.96%,0.240629,"13:56 ET"
ORCL,142.43,2026-10-02,17,Put,115.00,-19.65%,0.2,0.23,0.28,1353,366,3.7,49.43%,57.13%,-0.033134,"13:28 ET"
META,668.6,2026-09-16,1,Put,632.50,-4.90%,0.17,0.2,0.25,697,189,3.69,38.27%,53.96%,-0.028658,"13:41 ET"
USB,62.34,2026-11-20,66,Put,60.00,-3.49%,1.64,1.7,1.73,1443,391,3.69,25.92%,26.18%,-0.341867,"13:32 ET"
AMZN,248.69,2026-09-25,10,Call,272.50,-9.69%,0.27,0.26,0.29,1515,411,3.69,31.15%,32.69%,0.050658,"13:48 ET"
MSTR,132.01,2027-12-17,458,Call,155.00,-17.57%,41.15,41.59,41.95,3000,814,3.69,72.28%,80.39%,0.630426,"13:56 ET"
NN,14.89,2026-09-25,10,Call,19.00,-27.01%,0,0.1,0.4,949,258,3.68,93.45%,123.52%,0.140364,"11:02 ET"
DOW,29.78,2026-09-18,3,Put,29.50,-0.94%,0.4,0.46,0.45,1046,284,3.68,42.18%,55.23%,-0.391208,"12:26 ET"
WMB,71.43,2026-09-18,3,Call,72.00,-0.93%,0.6,0.6,0.75,1401,382,3.67,30.35%,36.38%,0.406823,"11:11 ET"
QCOM,189.83,2026-09-18,3,Put,187.50,-0.89%,3.2,3.3,3.35,783,214,3.66,50.06%,61.95%,-0.412122,"13:56 ET"
NVDA,212.05,2026-10-02,17,Put,212.50,+0.55%,6.2,6.25,6.3,1219,333,3.66,33.61%,33.15%,-0.4971,"13:56 ET"
AMD,504.22,2026-09-16,1,Put,485.00,-3.92%,1.07,1.14,1.11,1572,430,3.66,50.45%,64.49%,-0.126805,"13:55 ET"
NOK,9.85,2026-11-20,66,Call,14.00,-41.99%,0.17,0.19,0.19,12726,3480,3.66,55.96%,67.07%,0.141296,"13:52 ET"
META,668.6,2026-09-18,3,Call,687.50,-3.36%,3.85,3.84,3.95,869,238,3.65,38.27%,45.90%,0.242623,"13:50 ET"
TSLA,357.43,2026-09-21,6,Put,350.00,-2.57%,4.1,4.15,4.2,2250,617,3.65,41.56%,40.55%,-0.330284,"13:56 ET"
NVDA,212.05,2026-09-21,6,Call,212.50,-0.55%,3.3,3.3,3.35,2777,761,3.65,33.61%,33.17%,0.483692,"13:55 ET"
JNJ,265.83,2026-09-25,10,Put,260.00,-1.77%,2.35,2.36,2.52,887,244,3.64,26.58%,26.82%,-0.31324,"13:44 ET"
MSTR,132.01,2027-03-19,185,Call,170.00,-28.94%,17.9,17.75,18.55,1001,275,3.64,72.28%,77.70%,0.445559,"13:05 ET"
AVGO,338.9,2026-09-16,1,Put,330.00,-2.42%,0.43,0.44,0.49,1758,484,3.63,35.96%,44.07%,-0.11864,"13:56 ET"
MU,924.17,2026-09-16,1,Put,900.00,-2.82%,2.98,3,3.05,7472,2061,3.63,57.66%,61.27%,-0.183448,"13:56 ET"
AVGO,338.9,2026-09-18,3,Call,342.50,-1.27%,3.4,3.55,3.6,821,228,3.6,35.96%,40.77%,0.400238,"13:56 ET"
SNDK,1520.06,2026-09-18,3,Put,"1,520.00",-0.75%,36.5,37.05,38,1349,375,3.6,68.50%,73.96%,-0.458811,"13:56 ET"
AAPL,330.62,2026-09-21,6,Put,310.00,-6.07%,0.29,0.3,0.31,2291,637,3.6,24.73%,31.29%,-0.052859,"13:50 ET"
META,668.6,2026-09-21,6,Call,690.00,-3.74%,4.55,4.35,4.7,510,142,3.59,38.27%,37.14%,0.249895,"13:53 ET"
APLD,23.75,2026-09-18,3,Call,24.00,-1.10%,0.6,0.6,0.65,911,256,3.56,91.78%,86.83%,0.459932,"13:54 ET"
LAC,2.83,2026-11-20,66,Call,2.50,+11.97%,0.47,0.55,0.55,1002,282,3.55,63.56%,67.31%,0.727738,"12:35 ET"
NXPI,225.8,2026-09-18,3,Call,200.00,+10.98%,23.5,25.1,26.8,630,178,3.54,42.32%,44.48%,0.998555,"13:22 ET"
META,668.6,2026-09-25,10,Put,660.00,-0.77%,14.2,14.58,14.7,932,263,3.54,38.27%,41.10%,-0.420135,"13:47 ET"
ON,74.63,2026-09-18,3,Call,77.00,-5.12%,1.16,1.4,1.48,2806,792,3.54,58.46%,89.46%,0.343008,"13:56 ET"
XOM,169.28,2026-09-25,10,Put,155.00,-8.49%,0.27,0.28,0.31,1526,432,3.53,30.68%,36.56%,-0.063431,"13:49 ET"
META,668.6,2026-10-02,17,Put,620.00,-6.78%,5.9,6.45,6.3,960,273,3.52,38.27%,40.40%,-0.184427,"12:21 ET"
CRWD,243.19,2026-09-18,3,Call,245.00,-1.05%,5.15,5.23,5.4,6331,1798,3.52,57.09%,69.49%,0.465967,"13:56 ET"
AMZN,248.69,2026-09-16,1,Put,242.50,-2.38%,0.3,0.32,0.32,2784,793,3.51,31.15%,41.41%,-0.116488,"13:55 ET"
TSLA,357.43,2026-09-25,10,Call,360.00,-0.21%,9.05,9.05,9.15,5977,1705,3.51,41.56%,42.99%,0.479368,"13:56 ET"
MU,924.17,2026-09-16,1,Put,880.00,-4.98%,0.97,1.02,1,2310,660,3.5,57.66%,66.22%,-0.06866,"13:55 ET"
CVX,216.84,2026-10-16,31,Call,250.00,-15.42%,0.4,0.39,0.5,775,222,3.49,28.04%,29.85%,0.05753,"13:46 ET"
VKTX,29.92,2026-09-18,3,Call,32.00,-6.56%,0.18,0.44,0.56,536,154,3.48,124.03%,100.23%,0.241323,"13:49 ET"
AMWL,13.81,2026-12-18,94,Call,17.50,-27.09%,0.7,0.7,0.85,705,203,3.47,67.93%,66.99%,0.306401,"13:39 ET"
CRWD,243.19,2026-10-16,31,Call,287.50,-18.58%,3.9,4.3,4.25,787,227,3.47,57.09%,58.89%,0.191448,"13:06 ET"
GOOG,340.09,2026-10-09,24,Call,340.00,-0.20%,10.65,10.75,10.9,923,266,3.47,29.39%,30.11%,0.524927,"13:55 ET"
SPOT,559.88,2026-10-16,31,Call,580.00,-3.77%,16.3,14.82,17.45,1009,291,3.47,38.53%,38.17%,0.403692,"10:50 ET"
AMZN,248.69,2026-09-18,3,Call,242.50,+2.38%,7.3,7.83,7.55,574,166,3.46,31.15%,37.59%,0.780836,"12:42 ET"
SDGR,22.83,2026-09-18,3,Call,25.00,-9.79%,0.15,0.21,0.25,1031,299,3.45,65.10%,107.87%,0.174895,"13:55 ET"
DELL,548.79,2026-09-18,3,Call,575.00,-4.71%,4.65,4.72,4.8,1032,301,3.43,61.76%,71.96%,0.233847,"13:55 ET"
TSLA,357.43,2026-09-16,1,Put,370.00,+3.00%,13,13.53,13.85,3573,1042,3.43,41.56%,62.00%,-0.853017,"13:51 ET"
QXO,11.47,2026-09-18,3,Call,12.00,-4.90%,0.1,0.13,0.15,928,271,3.42,64.80%,77.10%,0.265692,"13:43 ET"
SEDG,35.11,2026-10-02,17,Put,30.00,-14.58%,0.5,0.56,0.67,2445,715,3.42,80.70%,82.66%,-0.162492,"12:07 ET"
MU,924.17,2026-09-18,3,Call,930.00,-0.42%,16.9,17.1,17.1,5113,1494,3.42,57.66%,56.24%,0.477598,"13:56 ET"
NVDA,212.05,2026-10-09,24,Call,205.00,+3.00%,11.65,11.32,11.8,587,172,3.41,33.61%,35.48%,0.665695,"13:25 ET"
RIOT,19.85,2026-09-25,10,Put,18.00,-9.00%,0.37,0.37,0.41,2256,663,3.4,82.15%,85.99%,-0.223256,"13:55 ET"
NVDA,212.05,2026-09-28,13,Put,205.00,-3.00%,2.42,2.46,2.49,2429,715,3.4,33.61%,33.42%,-0.285418,"13:56 ET"
LUXE,7.24,2026-09-18,3,Put,7.50,+4.31%,0.4,0.55,0.65,1568,464,3.38,75.27%,145.77%,-0.57487,"13:51 ET"
AMD,504.22,2026-09-18,3,Call,557.50,-10.44%,0.41,0.4,0.43,1168,347,3.37,50.45%,61.84%,0.03787,"13:48 ET"
NVDA,212.05,2026-09-28,13,Put,215.00,+1.74%,6.55,6.4,6.7,651,194,3.36,33.61%,31.17%,-0.583094,"11:57 ET"
FSLY,24.73,2026-09-18,3,Call,24.50,+2.78%,1,1.11,1.2,1461,435,3.36,86.41%,102.71%,0.578399,"13:51 ET"
INTC,97.49,2026-09-16,1,Call,97.00,+0.91%,1.76,1.79,1.79,2219,664,3.34,59.48%,74.09%,0.561782,"13:56 ET"
MU,924.17,2026-09-16,1,Call,985.00,-6.36%,0.41,0.42,0.43,2051,615,3.33,57.66%,64.34%,0.034488,"13:55 ET"
AMD,504.22,2026-09-16,1,Call,530.00,-4.99%,0.37,0.39,0.41,5496,1648,3.33,50.45%,60.90%,0.057473,"13:54 ET"
AMD,504.22,2026-09-21,6,Put,500.00,-0.95%,10.55,10.96,11,558,168,3.32,50.45%,49.37%,-0.437835,"13:49 ET"
TSLA,357.43,2026-09-18,3,Call,357.50,+0.48%,6.35,6.37,6.45,5399,1631,3.31,41.56%,49.43%,0.509477,"13:56 ET"
AVGO,338.9,2026-09-16,1,Put,325.00,-3.90%,0.13,0.14,0.16,858,260,3.3,35.96%,47.13%,-0.042202,"13:55 ET"
MU,924.17,2026-09-18,3,Call,"1,005.00",-8.52%,1.46,1.37,1.49,3080,934,3.3,57.66%,59.51%,0.068411,"13:49 ET"
AAPL,330.62,2026-09-16,1,Put,322.50,-2.28%,0.24,0.25,0.26,9014,2729,3.3,24.73%,34.58%,-0.089584,"13:56 ET"
SPCX,143.67,2026-09-18,3,Put,147.00,+2.28%,5.2,5.33,5.3,2761,845,3.27,50.42%,60.77%,-0.66,"13:51 ET"
QCOM,189.83,2026-10-16,31,Call,260.00,-37.44%,0.38,0.45,0.45,1302,399,3.26,50.06%,57.06%,0.035192,"13:56 ET"
TSLA,357.43,2026-09-18,3,Call,362.50,-0.91%,4.2,4.25,4.3,9121,2801,3.26,41.56%,49.44%,0.387374,"13:56 ET"
GS,960.26,2026-09-18,3,Call,"1,000.00",-4.28%,2.5,2.76,2.96,1422,437,3.25,35.52%,41.54%,0.148449,"13:47 ET"
APH,77.75,2026-10-16,31,Put,65.00,-16.12%,0.35,0.4,0.45,11005,3387,3.25,42.69%,46.31%,-0.079659,"12:23 ET"
MU,924.17,2026-09-16,1,Call,"1,000.00",-7.98%,0.19,0.19,0.2,7219,2234,3.23,57.66%,68.41%,0.01657,"13:55 ET"
AMZN,248.69,2026-11-20,66,Call,325.00,-30.83%,1.1,1.11,1.14,16296,5050,3.23,31.15%,38.67%,0.066462,"13:52 ET"
WULF,14.69,2026-09-25,10,Call,15.50,-5.95%,0.48,0.51,0.55,502,156,3.22,84.20%,89.19%,0.372984,"13:40 ET"
DHR,207.76,2026-09-18,3,Put,207.50,-0.09%,2.5,2.7,2.85,524,163,3.21,30.13%,35.18%,-0.4982,"13:36 ET"
NRG,107.12,2026-12-18,94,Call,125.00,-17.66%,4.8,5.2,5.3,556,174,3.2,49.46%,50.25%,0.322563,"10:26 ET"
INTC,97.49,2026-09-18,3,Call,104.00,-6.24%,0.54,0.56,0.57,7049,2211,3.19,59.48%,71.59%,0.169185,"13:50 ET"
AMZN,248.69,2026-10-30,45,Call,275.00,-10.70%,4.9,4.95,5.7,508,160,3.18,31.15%,39.66%,0.268461,"13:46 ET"
ET,21.38,2026-09-25,10,Put,21.00,-1.64%,0.05,0.13,0.18,2058,647,3.18,19.18%,18.54%,-0.27874,"13:23 ET"
USB,62.34,2026-10-16,31,Put,60.00,-3.49%,1.05,1.08,1.12,1189,375,3.17,25.92%,28.85%,-0.308525,"13:34 ET"
TSLA,357.43,2026-09-18,3,Call,360.00,-0.21%,5.25,5.25,5.3,28028,8853,3.17,41.56%,49.64%,0.447874,"13:56 ET"
META,668.6,2027-12-17,458,Call,"1,400.00",-110.49%,16.75,17.1,17.5,560,177,3.16,38.27%,44.53%,0.126083,"10:56 ET"
SNDK,1520.06,2026-09-18,3,Put,"1,530.00",-0.10%,41.5,43.1,43,2052,650,3.16,68.50%,73.87%,-0.497818,"13:55 ET"
INTC,97.49,2026-09-16,1,Call,103.00,-5.22%,0.13,0.15,0.15,5056,1601,3.16,59.48%,74.23%,0.082328,"13:53 ET"
T,26.8,2026-09-18,3,Put,26.50,-1.30%,0.14,0.14,0.19,2947,939,3.14,24.56%,30.32%,-0.333918,"13:43 ET"
MSFT,498.06,2026-09-16,1,Call,515.00,-3.18%,0.1,0.12,0.12,3161,1016,3.11,25.35%,32.59%,0.033092,"13:55 ET"
PS,39.66,2026-10-16,31,Call,35.00,+11.17%,3.5,4.4,5.4,750,243,3.09,65.31%,18.34%,0.990512,"10:15 ET"
ONON,26.67,2026-09-18,3,Call,27.50,-3.15%,0.16,0.17,0.19,1015,329,3.09,44.19%,48.28%,0.255026,"13:55 ET"
DELL,548.79,2026-09-18,3,Put,560.00,+1.97%,21.5,21,21.8,1644,532,3.09,61.76%,71.76%,-0.626683,"13:48 ET"
CRWD,243.19,2026-09-18,3,Put,235.00,-3.08%,2.74,2.91,2.93,3859,1254,3.08,57.09%,70.26%,-0.284355,"13:55 ET"
META,668.6,2026-09-16,1,Call,705.00,-6.00%,0.15,0.19,0.2,4289,1391,3.08,38.27%,53.45%,0.02503,"13:55 ET"
AMZN,248.69,2026-09-16,1,Put,252.50,+1.64%,4.25,4.45,4.45,5191,1690,3.07,31.15%,37.50%,-0.772134,"13:54 ET"
IREN,41.45,2026-11-20,66,Call,90.00,-117.71%,0.4,0.42,0.45,7312,2378,3.07,80.68%,103.46%,0.062976,"13:39 ET"
DIS,107.09,2026-09-18,3,Put,107.00,-0.30%,0.96,0.97,1.04,1223,401,3.05,25.02%,28.89%,-0.459722,"13:28 ET"
RILY,6.01,2026-09-18,3,Call,6.00,+0.50%,0.17,0.2,0.2,635,209,3.04,77.93%,80.62%,0.532417,"13:49 ET"
JNJ,265.83,2026-09-25,10,Call,290.00,-9.56%,0.06,0.11,0.17,744,245,3.04,26.58%,27.16%,0.025782,"13:40 ET"
BE,260.13,2026-09-18,3,Put,242.50,-7.42%,2.44,2.53,2.51,932,307,3.04,79.53%,96.37%,-0.189441,"13:53 ET"
SPCX,143.67,2026-09-18,3,Call,149.00,-3.67%,1.19,1.19,1.21,4686,1540,3.04,50.42%,61.18%,0.257415,"13:56 ET"
TSLA,357.43,2026-09-21,6,Put,352.50,-1.87%,5,5.29,5.15,640,211,3.03,41.56%,40.48%,-0.381155,"13:52 ET"
EMR,147.23,2026-12-18,94,Call,160.00,-9.04%,4.4,5.2,5.4,1556,513,3.03,29.03%,31.64%,0.339463,"10:43 ET"
AMKR,46.03,2026-09-18,3,Put,43.00,-6.32%,0.2,0.23,0.3,571,189,3.02,63.65%,73.87%,-0.151693,"13:08 ET"
LITE,838.88,2026-09-18,3,Call,900.00,-7.01%,5.5,5.7,5.8,3348,1107,3.02,70.56%,79.56%,0.178192,"13:53 ET"
NVDA,212.05,2026-09-25,10,Call,212.50,-0.55%,4.6,4.62,4.65,4942,1636,3.02,33.61%,34.75%,0.495503,"13:55 ET"
SNDK,1520.06,2026-09-18,3,Call,"1,605.00",-4.80%,14.7,15.1,15.6,1133,377,3.01,68.50%,76.66%,0.248208,"13:52 ET"
T,26.8,2026-10-02,17,Call,27.50,-2.42%,0.27,0.3,0.3,2337,777,3.01,24.56%,24.31%,0.320411,"13:24 ET"
TSLA,357.43,2026-10-09,24,Put,355.00,-1.18%,13.45,13.7,13.6,1006,336,2.99,41.56%,41.36%,-0.446445,"13:55 ET"
ERO,32.08,2027-01-15,122,Put,35.00,+9.48%,6.1,6.19,6.3,501,168,2.98,63.17%,62.13%,-0.521193,"13:41 ET"
NVDA,212.05,2026-09-18,3,Call,212.50,-0.55%,2.78,2.78,2.79,19837,6660,2.98,33.61%,40.18%,0.475519,"13:56 ET"
TSLA,357.43,2026-09-23,8,Call,362.50,-0.91%,6.55,6.5,6.7,606,204,2.97,41.56%,41.50%,0.426094,"13:52 ET"
DELL,548.79,2026-09-18,3,Put,557.50,+1.52%,19.9,19.15,20.2,592,200,2.96,61.76%,71.74%,-0.600374,"13:39 ET"
AMZN,248.69,2026-09-23,8,Call,252.50,-1.64%,2.79,3.1,3.1,640,216,2.96,31.15%,30.35%,0.385498,"12:28 ET"
NVDA,212.05,2026-09-16,1,Call,202.50,+4.18%,9.5,9.45,9.55,855,289,2.96,33.61%,57.12%,0.936303,"13:56 ET"
AGI,35.09,2026-12-18,94,Call,46.00,-30.98%,0.7,1.05,1,1029,348,2.96,49.31%,51.05%,0.190349,"11:59 ET"
CORZ,16.25,2027-12-17,458,Call,25.00,-54.51%,3.3,3.5,3.75,2505,850,2.95,71.77%,77.64%,0.497351,"12:34 ET"
ALT,3.29,2026-09-18,3,Call,1.00,+69.60%,2.05,2.24,2.45,515,175,2.94,58.63%,805.34%,0.979161,"12:33 ET"
AMD,504.22,2026-09-16,1,Call,537.50,-6.48%,0.14,0.17,0.18,1245,425,2.93,50.45%,63.00%,0.02567,"13:55 ET"
ACHR,5.43,2026-09-18,3,Call,5.50,-0.55%,0.12,0.13,0.13,3427,1170,2.93,64.46%,75.90%,0.457261,"13:33 ET"
RIOT,19.85,2028-01-21,493,Put,15.00,-24.17%,3.9,3.95,4.2,5002,1705,2.93,82.15%,85.31%,-0.207761,"10:23 ET"
LEN,80.36,2026-09-18,3,Put,77.00,-4.06%,1.1,1.25,1.25,1268,435,2.91,43.89%,88.03%,-0.282717,"13:56 ET"
CLSK,12.66,2026-10-16,31,Call,16.00,-26.98%,0.28,0.29,0.32,4134,1427,2.9,81.40%,82.29%,0.198109,"13:27 ET"
PCG,13.23,2027-03-19,185,Put,14.00,+6.63%,2.22,2.4,2.31,913,317,2.88,46.44%,50.52%,-0.483328,"13:02 ET"
AVGO,338.9,2026-09-18,3,Call,357.50,-5.71%,0.52,0.51,0.57,2366,822,2.88,35.96%,42.96%,0.090354,"13:45 ET"
DELL,548.79,2026-10-16,31,Put,440.00,-19.88%,5.3,5.2,5.35,2449,850,2.88,61.76%,64.06%,-0.10136,"13:36 ET"
AMZN,248.69,2026-11-20,66,Call,265.00,-6.67%,10.1,10.14,10.25,16308,5658,2.88,31.15%,37.82%,0.393207,"13:51 ET"
ZLAB,24.85,2027-01-15,122,Put,25.00,+0.48%,3.1,3.57,3.8,600,210,2.86,90.62%,62.10%,-0.42342,"14:00 ET"
CRWD,243.19,2026-12-18,94,Put,205.00,-15.45%,11.75,12.27,12.5,1418,496,2.86,57.09%,61.55%,-0.232967,"13:44 ET"
PDD,78.6,2027-01-15,122,Put,55.00,-30.31%,0.5,0.59,0.59,5779,2020,2.86,32.42%,44.17%,-0.057399,"13:28 ET"
CRWD,243.19,2026-09-18,3,Call,240.00,+1.01%,7.5,7.5,7.9,12668,4435,2.86,57.09%,68.28%,0.596825,"13:55 ET"
NVAX,9.34,2026-09-18,3,Call,9.50,-1.93%,0.17,0.18,0.2,662,232,2.85,70.96%,77.03%,0.410181,"13:40 ET"
MU,924.17,2026-09-21,6,Call,930.00,-0.42%,19.45,20.5,20.75,827,290,2.85,57.66%,46.06%,0.485624,"13:52 ET"
AMZN,248.69,2026-09-25,10,Call,250.00,-0.64%,4.75,4.82,4.85,1818,639,2.85,31.15%,32.06%,0.480986,"13:56 ET"
IQV,270.37,2026-09-18,3,Call,270.00,+0.03%,3.5,4.44,4.4,506,178,2.84,33.25%,41.49%,0.499663,"13:31 ET"
TEM,66.45,2026-09-18,3,Call,67.00,-0.48%,1.8,1.91,1.97,794,280,2.84,74.90%,91.85%,0.467029,"13:54 ET"
SPCX,143.67,2026-09-18,3,Call,146.00,-1.59%,2.08,2.08,2.11,11831,4173,2.84,50.42%,61.02%,0.387626,"13:56 ET"
NFLX,78.39,2026-10-09,24,Call,88.00,-12.46%,0.38,0.4,0.41,913,323,2.83,34.08%,35.70%,0.116878,"13:17 ET"
AMD,504.22,2026-09-16,1,Put,515.00,+2.02%,13.35,14.25,13.55,514,182,2.82,50.45%,59.24%,-0.757078,"13:47 ET"
CRCL,88.46,2026-09-18,3,Put,87.00,-2.10%,2.65,2.67,2.79,1363,484,2.82,80.78%,109.90%,-0.405243,"13:51 ET"
AAPL,330.62,2026-09-21,6,Call,332.50,-0.75%,3.1,3.17,3.2,1553,550,2.82,24.73%,23.94%,0.429398,"13:53 ET"
XOM,169.28,2027-06-17,275,Put,160.00,-5.54%,11.35,11.85,12.1,3415,1217,2.81,30.68%,29.92%,-0.344126,"13:59 ET"
RZLV,2.27,2029-01-19,857,Call,3.00,-31.58%,0.8,0.9,1,699,250,2.8,86.89%,77.53%,0.670231,"10:35 ET"
TSLA,357.43,2026-09-25,10,Put,357.50,-0.48%,9.85,10.05,10.05,764,273,2.8,41.56%,42.66%,-0.482886,"13:55 ET"
M,21.84,2026-10-16,31,Put,21.00,-3.80%,0.57,0.57,0.59,1062,379,2.8,38.67%,38.01%,-0.338886,"13:42 ET"
CCL,22.17,2027-03-19,185,Call,30.00,-35.75%,0.72,0.79,0.9,5011,1792,2.8,48.42%,45.71%,0.224949,"13:44 ET"
SPCX,143.67,2026-09-25,10,Put,140.00,-2.59%,3.4,3.5,3.5,9045,3233,2.8,50.42%,53.86%,-0.371827,"13:54 ET"
RBLX,50.6,2027-01-15,122,Put,47.50,-6.22%,5.3,5.45,5.55,711,255,2.79,58.26%,63.79%,-0.348699,"13:44 ET"
FIVN,33.46,2026-10-16,31,Put,27.50,-17.91%,0.35,0.4,0.5,3151,1131,2.79,60.85%,64.89%,-0.124383,"13:31 ET"
AMZN,248.69,2026-09-16,1,Call,257.50,-3.66%,0.1,0.1,0.11,13612,4874,2.79,31.15%,39.53%,0.049282,"13:54 ET"
TSLA,357.43,2026-09-21,6,Put,355.00,-1.18%,6.05,6.25,6.2,1067,384,2.78,41.56%,40.37%,-0.433947,"13:55 ET"
ORCL,142.43,2026-10-30,45,Call,165.00,-15.28%,3.6,3.65,3.8,1060,382,2.77,49.43%,52.98%,0.25378,"13:43 ET"
AMD,504.22,2026-09-18,3,Put,505.00,+0.04%,11.25,11.45,11.5,1462,527,2.77,50.45%,59.18%,-0.506407,"13:55 ET"
DELL,548.79,2026-09-18,3,Call,567.50,-3.34%,6.4,6.5,6.6,618,224,2.76,61.76%,71.59%,0.298757,"13:56 ET"
DELL,548.79,2026-09-18,3,Put,550.00,+0.15%,15.5,15.76,15.75,2888,1045,2.76,61.76%,71.55%,-0.518391,"13:55 ET"
TSLA,357.43,2026-09-21,6,Call,365.00,-1.61%,4.3,4.2,4.4,1564,570,2.74,41.56%,40.41%,0.356448,"13:53 ET"
IREN,41.45,2026-09-25,10,Put,42.00,+1.60%,2.54,2.64,2.61,5480,1998,2.74,80.68%,82.80%,-0.513017,"13:25 ET"
ORCL,142.43,2026-09-25,10,Call,141.00,+1.49%,5.8,6.05,6,516,189,2.73,49.43%,51.15%,0.584953,"13:38 ET"
OKTA,189.39,2026-09-18,3,Call,195.00,-2.17%,2.47,2.98,2.97,593,217,2.73,58.75%,72.31%,0.340876,"13:42 ET"
CORZ,16.25,2026-09-25,10,Call,17.00,-5.07%,0.43,0.45,0.51,1008,369,2.73,71.77%,73.76%,0.36946,"13:16 ET"
SPCX,143.67,2026-09-25,10,Call,145.00,-0.89%,4.35,4.4,4.45,3869,1416,2.73,50.42%,53.30%,0.473511,"13:56 ET"
MU,924.17,2026-09-16,1,Put,885.00,-4.44%,1.28,1.35,1.32,999,367,2.72,57.66%,64.79%,-0.08837,"13:54 ET"
NU,14.2,2026-10-09,24,Put,13.50,-5.13%,0.33,0.35,0.37,732,270,2.71,45.07%,46.00%,-0.306861,"13:52 ET"
PCG,13.23,2026-11-20,66,Call,14.00,-6.63%,0.83,0.87,0.95,3713,1369,2.71,46.44%,53.61%,0.447707,"13:25 ET"
ETN,392.48,2027-01-15,122,Put,340.00,-13.30%,12.4,13.2,14.6,584,216,2.7,38.80%,40.93%,-0.223971,"13:43 ET"
NVDA,212.05,2026-09-21,6,Put,207.50,-1.81%,1.84,1.84,1.85,1234,457,2.7,33.61%,33.94%,-0.306141,"13:54 ET"
QCOM,189.83,2026-09-18,3,Call,205.00,-8.36%,0.53,0.56,0.57,1087,404,2.69,50.06%,66.76%,0.103135,"13:56 ET"
NVDA,212.05,2026-09-23,8,Call,215.00,-1.74%,2.88,2.91,2.92,1238,461,2.69,33.61%,33.66%,0.39766,"13:53 ET"
AAPL,330.62,2026-09-16,1,Put,332.50,+0.75%,3.2,3.25,3.3,6060,2265,2.68,24.73%,29.13%,-0.660119,"13:56 ET"
CRWD,243.19,2026-09-25,10,Put,225.00,-7.20%,2.77,2.91,3.05,1136,426,2.67,57.09%,60.61%,-0.202834,"13:54 ET"
INTC,97.49,2026-09-18,3,Call,101.00,-3.18%,1.15,1.27,1.18,7187,2694,2.67,59.48%,70.52%,0.303271,"13:38 ET"
RTX,195.8,2026-11-20,66,Put,180.00,-8.14%,3.15,3.25,3.45,945,355,2.66,24.37%,29.17%,-0.222429,"13:48 ET"
WHR,33.15,2027-01-15,122,Put,32.50,-1.99%,4,3.99,4.2,2060,775,2.66,56.15%,55.36%,-0.423408,"10:59 ET"
ZS,195.93,2026-09-25,10,Call,210.00,-7.73%,2.87,2.94,3.35,537,203,2.65,58.90%,62.85%,0.264928,"13:47 ET"
CMG,34.76,2026-10-02,17,Put,34.00,-1.48%,0.79,0.86,0.86,644,243,2.65,37.81%,37.64%,-0.395875,"13:30 ET"
WULF,14.69,2026-09-25,10,Call,16.00,-9.36%,0.35,0.36,0.4,818,309,2.65,84.20%,89.36%,0.295047,"13:42 ET"
AMD,504.22,2026-09-16,1,Put,480.00,-4.91%,0.62,0.66,0.66,1947,734,2.65,50.45%,66.40%,-0.079582,"13:55 ET"
RKLB,63.6,2026-09-18,3,Call,64.00,-0.25%,1.66,1.72,1.73,3893,1468,2.65,70.03%,81.27%,0.483214,"13:56 ET"
IONQ,37.26,2026-10-02,17,Call,39.00,-4.36%,1.58,1.72,1.7,644,244,2.64,70.61%,72.98%,0.419595,"13:30 ET"
NKE,36.35,2026-09-18,3,Call,36.00,+1.10%,0.72,0.73,0.75,2681,1014,2.64,46.74%,39.82%,0.622237,"13:56 ET"
GME,21.25,2026-09-25,10,Call,21.50,-1.18%,0.51,0.54,0.55,2840,1077,2.64,44.39%,46.94%,0.447452,"13:56 ET"
AMD,504.22,2026-09-18,3,Call,505.00,-0.04%,10.4,10.45,10.6,3139,1187,2.64,50.45%,60.63%,0.494698,"13:55 ET"
GOOGL,343.59,2026-09-18,3,Put,342.50,-0.10%,3.65,3.71,3.85,1530,585,2.62,29.64%,33.95%,-0.45811,"13:56 ET"
GOOG,340.09,2026-10-09,24,Call,350.00,-3.15%,6.35,6.45,6.65,2087,796,2.62,29.39%,29.86%,0.375911,"13:46 ET"
CMG,34.76,2026-10-16,31,Call,35.00,-1.42%,1.32,1.41,1.41,750,287,2.61,37.81%,37.59%,0.488836,"13:51 ET"
META,668.6,2026-09-18,3,Call,712.50,-7.12%,0.9,0.89,0.93,834,319,2.61,38.27%,48.63%,0.071286,"13:54 ET"
CIEN,333.52,2026-09-18,3,Call,345.00,-4.00%,3.8,3.68,5.1,776,299,2.6,64.99%,75.69%,0.313306,"11:59 ET"
DELL,548.79,2026-09-18,3,Call,560.00,-1.97%,8.7,8.8,8.9,4311,1658,2.6,61.76%,71.38%,0.372911,"13:54 ET"
META,668.6,2026-09-16,1,Call,660.00,+0.77%,10.7,10.3,10.85,2135,823,2.59,38.27%,47.72%,0.670931,"13:53 ET"
TSLA,357.43,2026-09-23,8,Call,360.00,-0.21%,7.6,7.5,7.75,744,288,2.58,41.56%,41.45%,0.470583,"13:54 ET"
META,668.6,2027-03-19,185,Call,"1,100.00",-65.38%,6.8,7.4,7.15,601,234,2.57,38.27%,43.85%,0.082697,"11:26 ET"
COP,141.31,2027-03-19,185,Call,150.00,-6.14%,9.95,10.5,10.6,632,247,2.56,33.31%,33.25%,0.458814,"13:52 ET"
HOOD,109.93,2026-09-18,3,Call,109.00,+1.51%,3.8,3.8,3.9,1044,408,2.56,62.60%,78.28%,0.584895,"13:55 ET"
RIO,97.01,2026-12-18,94,Put,90.00,-7.09%,2.85,3.2,3.2,578,227,2.55,30.77%,28.60%,-0.307123,"13:42 ET"
PM,192.96,2026-11-20,66,Call,210.00,-8.63%,3.6,3.9,4,5066,1984,2.55,28.03%,29.37%,0.272736,"13:49 ET"
TSM,414.4,2026-09-18,3,Call,422.50,-2.15%,1.91,1.9,1.95,906,357,2.54,33.31%,33.37%,0.259132,"13:58 ET"
S,23.42,2026-12-18,94,Put,20.00,-14.64%,1.1,1.15,1.3,1000,394,2.54,54.74%,59.66%,-0.244732,"13:05 ET"
ADBE,262.9,2026-09-18,3,Put,257.50,-2.11%,2.14,2.29,2.44,1075,424,2.54,41.40%,49.61%,-0.298227,"13:53 ET"
FCX,68.96,2026-09-25,10,Put,69.00,+0.20%,2.08,2.26,2.4,624,247,2.53,46.55%,50.60%,-0.474472,"13:35 ET"
HL,18.53,2026-09-18,3,Call,18.50,-0.16%,0.49,0.54,0.58,752,299,2.52,61.17%,73.57%,0.5396,"12:25 ET"
NVDA,212.05,2026-10-02,17,Call,227.50,-7.65%,1.38,1.4,1.41,757,300,2.52,33.61%,33.40%,0.175219,"13:55 ET"
CRCL,88.46,2026-09-18,3,Put,78.00,-12.23%,0.35,0.38,0.4,782,310,2.52,80.78%,108.90%,-0.088914,"13:54 ET"
AMD,504.22,2026-09-18,3,Put,507.50,+0.54%,12.65,13.35,12.85,992,393,2.52,50.45%,59.23%,-0.543049,"13:50 ET"
NEE,81.53,2026-09-18,3,Put,81.00,-0.71%,0.43,0.58,0.57,609,243,2.51,21.41%,24.51%,-0.387929,"12:46 ET"
DELL,548.79,2026-09-18,3,Put,545.00,-0.76%,13,13.1,13.2,834,332,2.51,61.76%,71.83%,-0.462284,"13:56 ET"
AMZN,248.69,2026-09-16,1,Put,245.00,-1.38%,0.66,0.66,0.68,8878,3540,2.51,31.15%,39.31%,-0.224544,"13:56 ET"
QCOM,189.83,2026-09-18,3,Call,197.50,-4.40%,1.5,1.51,1.59,1267,507,2.5,50.06%,63.30%,0.246096,"13:55 ET"
INTC,97.49,2026-09-16,1,Call,96.00,+1.93%,2.34,2.33,2.4,682,274,2.49,59.48%,73.91%,0.664099,"13:54 ET"
DELL,548.79,2026-09-18,3,Put,565.00,+2.88%,24.9,24.45,25.2,753,302,2.49,61.76%,71.88%,-0.676891,"13:44 ET"
AMZN,248.69,2026-09-16,1,Put,260.00,+4.66%,11.15,11.34,11.6,3002,1204,2.49,31.15%,52.63%,-0.944691,"13:55 ET"
QS,5.14,2029-01-19,857,Call,10.00,-94.55%,1.58,1.58,1.65,563,228,2.47,66.62%,80.69%,0.562879,"13:19 ET"
FIVN,33.46,2026-10-16,31,Call,37.50,-11.94%,0.9,1.01,1.35,632,257,2.46,60.85%,63.78%,0.309562,"12:25 ET"
CMG,34.76,2026-09-18,3,Put,33.50,-2.93%,0.19,0.2,0.23,1124,457,2.46,37.81%,49.03%,-0.229981,"13:46 ET"
IREN,41.45,2026-09-18,3,Call,41.50,-0.39%,1.34,1.35,1.36,1232,501,2.46,80.68%,93.33%,0.505767,"13:55 ET"
P,97.59,2026-11-20,66,Call,115.00,-17.64%,4.4,5.5,5.5,600,245,2.45,64.31%,63.73%,0.327831,"10:12 ET"
JPM,344.46,2026-09-25,10,Call,355.00,-2.99%,1.68,1.92,2.17,682,278,2.45,26.71%,24.42%,0.239507,"13:19 ET"
DELL,548.79,2026-09-18,3,Call,615.00,-11.99%,0.5,0.8,0.81,751,307,2.45,61.76%,74.22%,0.044429,"13:36 ET"
WULF,14.69,2026-09-25,10,Put,15.00,+2.53%,0.96,1.01,1.02,1341,548,2.45,84.20%,80.07%,-0.548491,"13:58 ET"
MU,924.17,2026-09-18,3,Call,945.00,-2.04%,10.9,11.01,11.15,1232,504,2.44,57.66%,56.13%,0.355356,"13:56 ET"
ORCL,142.43,2026-09-18,3,Put,141.00,-1.49%,2.08,2.17,2.14,2290,940,2.44,49.43%,58.63%,-0.384636,"13:44 ET"
CCL,22.17,2027-01-15,122,Put,21.00,-4.98%,1.67,1.77,1.73,3409,1400,2.44,48.42%,46.06%,-0.360956,"12:56 ET"
DELL,548.79,2026-09-18,3,Call,565.00,-2.88%,7.1,7.48,7.3,3067,1264,2.43,61.76%,71.48%,0.322477,"13:51 ET"
TSLA,357.43,2026-09-21,6,Call,367.50,-2.30%,3.55,3.55,3.65,1032,427,2.42,41.56%,40.62%,0.309632,"13:50 ET"
GOOGL,343.59,2026-09-16,1,Put,345.00,+0.63%,3.2,3.32,3.55,3926,1624,2.42,29.64%,34.68%,-0.597929,"13:54 ET"
MS,202.54,2026-10-02,17,Call,230.00,-13.72%,0.1,0.17,0.28,573,238,2.41,34.41%,31.78%,0.035326,"13:31 ET"
FCX,68.96,2026-09-25,10,Call,70.00,-1.66%,1.72,1.76,1.88,692,287,2.41,46.55%,48.04%,0.45364,"13:37 ET"
SBUX,96.68,2026-09-18,3,Put,97.00,+0.76%,1.31,1.38,1.63,911,379,2.4,27.49%,36.43%,-0.539811,"13:53 ET"
MU,924.17,2026-09-16,1,Put,875.00,-5.52%,0.73,0.76,0.77,947,394,2.4,57.66%,67.76%,-0.053335,"13:55 ET"
META,668.6,2026-09-18,3,Put,675.00,+1.49%,15.05,14.9,15.2,1164,485,2.4,38.27%,44.49%,-0.605667,"13:45 ET"
CRUS,124.64,2026-09-18,3,Call,125.00,-0.96%,1.9,2.1,2.25,955,400,2.39,38.19%,51.39%,0.474788,"13:55 ET"
QCOM,189.83,2027-02-19,157,Put,100.00,-47.14%,0.6,0.77,1.04,638,269,2.37,50.06%,56.59%,-0.026674,"11:50 ET"
SNOW,321.46,2026-09-18,3,Put,317.50,-1.76%,4.05,4.2,4.4,665,281,2.37,46.71%,53.00%,-0.381372,"13:54 ET"
RIG,5.86,2026-09-25,10,Call,6.00,-2.39%,0.16,0.17,0.17,1709,722,2.37,50.61%,54.81%,0.437543,"13:52 ET"
BFLY,7.7,2026-10-16,31,Call,10.00,-27.23%,0.25,0.28,0.35,13336,5649,2.36,96.80%,105.22%,0.246777,"13:52 ET"
QCOM,189.83,2026-09-18,3,Put,182.50,-3.53%,1.52,1.57,1.6,617,263,2.35,50.06%,62.04%,-0.241168,"13:56 ET"
NVDA,212.05,2026-09-21,6,Put,215.00,+1.74%,5.2,5.25,5.25,1156,491,2.35,33.61%,31.83%,-0.631157,"13:50 ET"
META,668.6,2026-09-16,1,Put,635.00,-4.53%,0.23,0.27,0.31,1250,532,2.35,38.27%,52.93%,-0.036325,"13:49 ET"
NVDA,212.05,2026-09-21,6,Put,212.50,+0.55%,3.75,3.9,3.85,2334,994,2.35,33.61%,32.32%,-0.518273,"13:55 ET"
JPM,344.46,2026-10-16,31,Put,315.00,-8.62%,2.36,2.5,2.5,2496,1061,2.35,26.71%,31.00%,-0.145743,"13:22 ET"
WULF,14.69,2027-12-17,458,Call,15.00,-2.53%,5.4,5.53,5.65,3731,1586,2.35,84.20%,122.42%,0.6122,"13:45 ET"
AAPL,330.62,2026-09-18,3,Call,332.50,-0.75%,2.57,2.6,2.59,7694,3269,2.35,24.73%,29.31%,0.412874,"13:56 ET"
AAOI,95.88,2027-06-17,275,Put,125.00,+30.13%,48.6,49.4,49.8,585,250,2.34,84.40%,94.43%,-0.460918,"12:11 ET"
T,26.8,2026-09-25,10,Call,27.50,-2.42%,0.16,0.18,0.18,1136,485,2.34,24.56%,24.12%,0.266118,"13:17 ET"
SPCX,143.67,2026-09-25,10,Call,147.00,-2.28%,3.55,3.5,3.65,1911,815,2.34,50.42%,53.47%,0.412638,"13:55 ET"
DELL,548.79,2026-09-18,3,Call,570.00,-3.79%,5.75,6.05,5.95,3116,1329,2.34,61.76%,71.67%,0.275935,"13:54 ET"
MBGL,20.45,2026-10-16,31,Call,22.50,-10.57%,0.1,0.28,0.35,502,215,2.33,37.07%,36.38%,0.196829,"13:07 ET"
BAC,59.58,2026-09-25,10,Call,59.00,+0.61%,1.32,1.36,1.37,975,419,2.33,26.91%,25.87%,0.602731,"13:53 ET"
META,668.6,2026-09-18,3,Put,660.00,-0.77%,7.5,7.75,7.65,2944,1261,2.33,38.27%,45.04%,-0.387091,"13:55 ET"
NVDA,212.05,2026-09-21,6,Put,200.00,-5.36%,0.56,0.57,0.57,5356,2299,2.33,33.61%,37.81%,-0.111319,"13:52 ET"
CRWD,243.19,2026-09-18,3,Put,230.00,-5.14%,1.52,1.6,1.66,5407,2324,2.33,57.09%,70.43%,-0.182546,"13:55 ET"
XP,19.51,2027-01-15,122,Put,15.00,-23.16%,0.5,0.65,0.7,8275,3554,2.33,50.97%,54.53%,-0.159079,"10:18 ET"
CRWD,243.19,2027-03-19,185,Put,77.50,-68.04%,0.27,0.34,0.38,1088,469,2.32,57.09%,73.69%,-0.006618,"13:55 ET"
CRWD,243.19,2026-09-18,3,Call,247.50,-2.08%,4.2,4.2,4.4,2534,1093,2.32,57.09%,70.05%,0.403582,"13:56 ET"
ORCL,142.43,2026-09-18,3,Call,143.00,+0.09%,3,3.05,3.15,3336,1439,2.32,49.43%,59.32%,0.511515,"13:55 ET"
AAPL,330.62,2027-03-19,185,Put,350.00,+6.05%,32.45,33.05,33.25,741,321,2.31,24.73%,25.95%,-0.570348,"13:37 ET"
META,668.6,2026-09-18,3,Call,662.50,+0.39%,13.5,13.25,13.6,974,422,2.31,38.27%,45.83%,0.576368,"13:47 ET"
QUBT,7.91,2027-01-15,122,Put,7.00,-11.62%,0.8,0.88,0.91,1120,485,2.31,66.93%,76.10%,-0.301309,"10:36 ET"
HOOD,109.93,2026-09-18,3,Call,114.00,-3.01%,1.72,1.73,1.76,2623,1135,2.31,62.60%,79.59%,0.341051,"13:55 ET"
WULF,14.69,2026-09-18,3,Call,15.00,-2.53%,0.38,0.38,0.4,5664,2448,2.31,84.20%,100.26%,0.421714,"13:59 ET"
GOOGL,343.59,2027-09-17,367,Call,340.00,+0.83%,56.25,57.84,57.55,1226,532,2.3,29.64%,36.41%,0.621767,"12:41 ET"
AVGO,338.9,2026-09-16,1,Put,345.00,+2.01%,6.6,7.36,7,1689,733,2.3,35.96%,40.34%,-0.79329,"13:51 ET"
ZS,195.93,2026-09-25,10,Put,190.00,-2.53%,4.8,5.4,5.2,513,224,2.29,58.90%,58.83%,-0.363808,"13:39 ET"
NVDA,212.05,2026-09-16,1,Call,205.00,+3.00%,7.1,7.13,7.15,1099,479,2.29,33.61%,50.23%,0.896691,"13:56 ET"
CRWV,81.56,2026-09-18,3,Call,83.00,-1.65%,1.73,1.75,1.77,1239,542,2.29,75.27%,83.14%,0.412332,"13:56 ET"
SWKS,89.57,2026-09-18,3,Call,95.00,-6.49%,1.05,1.08,1.15,1656,723,2.29,61.81%,95.35%,0.249435,"13:55 ET"
BMNR,24.13,2026-09-18,3,Call,24.50,-1.74%,0.73,0.76,0.77,2923,1275,2.29,81.61%,102.15%,0.462748,"13:55 ET"
NCLH,14.35,2026-09-18,3,Call,14.50,-1.19%,0.22,0.24,0.26,518,227,2.28,48.84%,56.79%,0.445648,"13:18 ET"
AMD,504.22,2026-09-18,3,Call,512.50,-1.53%,7.2,7.2,7.35,855,375,2.28,50.45%,60.19%,0.388207,"13:56 ET"
BILL,49.72,2026-10-16,31,Call,60.00,-19.86%,0.4,0.48,0.6,1508,660,2.28,49.32%,53.86%,0.135485,"13:42 ET"
CRCL,88.46,2028-12-15,822,Put,60.00,-32.49%,17.65,18.19,18.65,3751,1645,2.28,80.78%,80.12%,-0.164826,"13:22 ET"
PDSB,0.5928,2026-09-18,3,Call,0.5000,+19.22%,0.1,0.15,0.15,5024,2199,2.28,210.95%,209.11%,0.887487,"13:53 ET"
AMD,504.22,2026-09-16,1,Call,497.50,+1.44%,10.1,9.45,10.3,771,340,2.27,50.45%,63.12%,0.653818,"13:45 ET"
ARM,243.71,2026-09-18,3,Call,255.00,-5.05%,2.8,2.8,3.1,823,362,2.27,64.75%,81.56%,0.276144,"13:55 ET"
NOW,144.21,2026-09-18,3,Call,146.00,-0.50%,2.56,2.64,2.64,1329,585,2.27,54.34%,62.23%,0.44151,"13:55 ET"
QCOM,189.83,2026-09-18,3,Call,192.50,-1.75%,2.96,2.99,3.1,1616,712,2.27,50.06%,62.90%,0.404425,"13:56 ET"
TSLA,357.43,2026-09-25,10,Call,362.50,-0.91%,7.95,7.83,8.1,1635,721,2.27,41.56%,43.00%,0.440803,"13:46 ET"
BMNR,24.13,2026-10-02,17,Call,30.00,-24.58%,0.38,0.42,0.43,3758,1665,2.26,81.61%,93.82%,0.169412,"13:37 ET"
AVGO,338.9,2026-09-18,3,Put,322.50,-4.64%,0.65,0.69,0.75,714,318,2.25,35.96%,44.77%,-0.104642,"13:36 ET"
S,23.42,2026-09-18,3,Call,23.50,-0.30%,0.5,0.52,0.6,1362,604,2.25,54.74%,72.79%,0.477556,"13:44 ET"
TSLA,357.43,2026-09-18,3,Put,362.50,+0.91%,9.15,9.19,9.3,3256,1444,2.25,41.56%,49.35%,-0.613537,"13:56 ET"
DVN,51.46,2027-01-15,122,Put,47.50,-7.46%,2.25,2.35,2.33,3278,1459,2.25,36.06%,35.65%,-0.302804,"12:49 ET"
MCHP,70.89,2026-09-18,3,Call,74.00,-4.82%,0.3,0.35,0.45,637,285,2.24,46.71%,55.14%,0.195502,"13:35 ET"
TSLA,357.43,2026-10-09,24,Put,360.00,+0.21%,16.05,16.3,16.3,724,323,2.24,41.56%,41.58%,-0.499167,"13:47 ET"
SPCX,143.67,2027-03-19,185,Put,145.00,+0.89%,20.9,20.77,21.4,1254,561,2.24,50.42%,53.45%,-0.421961,"11:59 ET"
AVGO,338.9,2026-09-18,3,Call,352.50,-4.23%,1,1.01,1.08,1542,688,2.24,35.96%,41.77%,0.157231,"13:56 ET"
SNAP,5.87,2026-10-30,45,Call,1.50,+74.53%,4.3,4.4,4.5,534,240,2.23,59.93%,204.60%,0.988243,"13:56 ET"
UPST,25.38,2026-09-18,3,Put,24.50,-3.28%,0.3,0.33,0.37,796,357,2.23,62.13%,75.74%,-0.294371,"13:14 ET"
BULL,8.59,2026-10-02,17,Call,9.50,-10.08%,0.15,0.18,0.19,973,436,2.23,61.77%,63.63%,0.25637,"13:26 ET"
CSCO,109.79,2027-03-19,185,Call,100.00,+9.23%,17.35,17.68,18.1,1594,716,2.23,30.35%,39.17%,0.692317,"13:13 ET"
RCAT,8.02,2026-09-18,3,Call,8.00,+0.87%,0.33,0.36,0.38,2736,1226,2.23,83.40%,115.94%,0.538609,"13:56 ET"
TSLA,357.43,2026-09-16,1,Call,380.00,-5.78%,0.1,0.1,0.12,10871,4871,2.23,41.56%,59.74%,0.026152,"13:54 ET"
SNDK,1520.06,2026-09-18,3,Put,"1,570.00",+2.51%,65.9,64.6,67.7,1221,550,2.22,68.50%,74.94%,-0.6458,"13:47 ET"
TMC,3.8,2026-10-23,38,Call,5.00,-30.55%,0.11,0.13,0.15,1002,453,2.21,82.94%,92.75%,0.226553,"13:04 ET"
CRWD,243.19,2026-09-18,3,Call,237.50,+2.05%,8.95,9.07,9.5,4809,2172,2.21,57.09%,68.42%,0.660407,"13:54 ET"
MRNA,144.33,2026-09-25,10,Call,155.00,-7.21%,3.15,3.3,3.7,638,291,2.19,70.28%,76.92%,0.310178,"13:53 ET"
META,668.6,2026-09-16,1,Put,630.00,-5.28%,0.14,0.19,0.19,1633,747,2.19,38.27%,55.08%,-0.022745,"13:38 ET"
AADX,12.35,2027-02-19,157,Call,15.00,-21.56%,1.45,1.55,1.65,1685,770,2.19,68.83%,73.95%,0.448585,"13:50 ET"
NOK,9.85,2028-12-15,822,Call,8.00,+18.86%,4.25,4.26,4.35,2889,1320,2.19,55.96%,62.13%,0.756978,"13:52 ET"
LRCX,268.05,2028-01-21,493,Put,190.00,-28.96%,25.15,26.71,27.6,504,232,2.17,55.98%,59.20%,-0.184273,"12:30 ET"
NKE,36.35,2026-09-25,10,Call,36.50,-0.27%,0.75,0.76,0.77,1274,586,2.17,46.74%,34.08%,0.487321,"13:55 ET"
AMZN,248.69,2026-09-16,1,Put,240.00,-3.39%,0.14,0.15,0.16,3022,1391,2.17,31.15%,44.47%,-0.059658,"13:55 ET"
META,668.6,2026-09-18,3,Call,707.50,-6.37%,1.21,1.2,1.23,543,251,2.16,38.27%,47.87%,0.09207,"13:54 ET"
META,668.6,2026-09-18,3,Put,667.50,+0.36%,10.85,10.87,10.95,624,289,2.16,38.27%,44.60%,-0.49619,"13:56 ET"
GOOG,340.09,2026-09-18,3,Put,327.50,-3.48%,0.65,0.69,0.73,1395,646,2.16,29.39%,36.11%,-0.123487,"13:56 ET"
BAC,59.58,2026-10-02,17,Call,63.00,-6.13%,0.17,0.17,0.21,1628,752,2.16,26.91%,22.46%,0.133306,"13:21 ET"
CRWD,243.19,2026-09-25,10,Put,220.00,-9.26%,1.79,1.95,2.04,687,320,2.15,57.09%,60.66%,-0.145742,"13:39 ET"
AMD,504.22,2026-09-18,3,Put,490.00,-2.93%,5.3,5.4,5.4,6367,2958,2.15,50.45%,60.70%,-0.29664,"13:53 ET"
FORM,100.61,2026-10-16,31,Call,140.00,-38.79%,0.6,0.8,0.8,599,280,2.14,74.53%,73.61%,0.07805,"13:48 ET"
AMZN,248.69,2027-09-17,367,Put,200.00,-19.49%,11.15,11.43,11.55,1488,695,2.14,31.15%,36.33%,-0.191632,"13:36 ET"
TSLA,357.43,2026-09-25,10,Call,382.50,-6.48%,2.62,2.61,2.68,908,427,2.13,41.56%,44.22%,0.19031,"13:53 ET"
HPE,56.15,2026-12-18,94,Put,55.00,-1.86%,6.5,6.7,6.7,1054,496,2.13,59.97%,65.19%,-0.405831,"12:48 ET"
NVDA,212.05,2026-09-25,10,Put,197.50,-6.54%,0.91,0.92,0.93,2074,973,2.13,33.61%,39.14%,-0.130089,"13:52 ET"
BAC,59.58,2027-03-19,185,Put,65.00,+9.50%,7.05,7.3,7.3,861,406,2.12,26.91%,24.69%,-0.649276,"12:24 ET"
AMZN,248.69,2026-09-25,10,Call,262.50,-5.67%,1.12,1.11,1.16,953,449,2.12,31.15%,32.03%,0.166504,"13:54 ET"
SNDK,1520.06,2026-09-18,3,Call,"1,550.00",-1.21%,30.8,30.8,31.8,2469,1164,2.12,68.50%,74.98%,0.427061,"13:56 ET"
NVDA,212.05,2026-09-21,6,Put,205.00,-3.00%,1.23,1.23,1.24,824,391,2.11,33.61%,34.87%,-0.221886,"13:55 ET"
AS,26.66,2026-09-18,3,Call,28.50,-6.58%,0.1,0.2,0.2,1262,599,2.11,47.27%,72.04%,0.166647,"12:56 ET"
FIGR,33.38,2026-09-18,3,Call,35.00,-4.01%,0.5,0.87,0.7,2318,1097,2.11,77.70%,96.54%,0.326984,"12:01 ET"
TTD,15.27,2026-10-09,24,Call,16.00,-6.03%,0.62,0.63,0.65,3061,1449,2.11,59.04%,59.36%,0.412351,"14:01 ET"
XOM,169.28,2026-09-18,3,Put,167.50,-1.11%,1.31,1.38,1.43,611,291,2.1,30.68%,37.51%,-0.347428,"13:55 ET"
RZLV,2.27,2028-01-21,493,Call,4.50,-97.37%,0.45,0.47,0.55,1000,477,2.1,86.89%,89.42%,0.464799,"10:13 ET"
INTC,97.49,2026-09-16,1,Put,96.00,-1.93%,0.84,0.85,0.85,3123,1488,2.1,59.48%,73.26%,-0.334748,"13:56 ET"
HON,200.6,2026-09-18,3,Put,200.00,-0.20%,1.8,1.6,2.1,641,307,2.09,29.00%,30.47%,-0.455937,"11:54 ET"
HOOD,109.93,2026-09-25,10,Put,106.00,-4.22%,2.66,2.63,2.85,672,322,2.09,62.60%,65.12%,-0.331498,"13:50 ET"
PENG,46.97,2026-10-16,31,Call,50.00,-6.72%,4,4.05,4.5,756,361,2.09,99.44%,98.54%,0.477476,"12:33 ET"
KTOS,48.27,2026-09-25,10,Call,53.00,-9.55%,0.5,0.73,0.75,510,245,2.08,61.48%,66.44%,0.216984,"13:06 ET"
HOOD,109.93,2026-09-18,3,Put,109.00,-1.51%,2.46,2.51,2.53,1934,929,2.08,62.60%,79.21%,-0.416016,"13:55 ET"
DELL,548.79,2026-10-09,24,Put,275.00,-49.92%,0.04,0.1,0.08,506,245,2.07,61.76%,94.36%,-0.001484,"13:56 ET"
MU,924.17,2026-09-18,3,Put,925.00,-0.12%,17.9,18.3,18.2,2178,1054,2.07,57.66%,55.58%,-0.480673,"13:54 ET"
CRWD,243.19,2026-09-18,3,Call,250.00,-3.11%,3.25,3.4,3.5,11542,5588,2.07,57.09%,69.42%,0.34215,"13:56 ET"
PBR,21.78,2026-09-18,3,Put,22.00,+1.15%,0.47,0.48,0.54,604,293,2.06,49.77%,48.84%,-0.580205,"12:45 ET"
TSLA,357.43,2026-09-21,6,Put,365.00,+1.61%,11.65,11.98,11.85,991,480,2.06,41.56%,40.47%,-0.64476,"13:50 ET"
AAPL,330.62,2027-04-16,213,Call,340.00,-3.02%,26.75,26.57,27.15,1108,540,2.05,24.73%,27.97%,0.527775,"11:46 ET"
KLAR,14.26,2026-09-18,3,Call,12.50,+12.46%,1.7,1.8,1.9,732,359,2.04,45.96%,110.76%,0.911121,"13:09 ET"
SNDK,1520.06,2026-09-18,3,Put,"1,545.00",+0.88%,49.9,49.95,51.6,759,372,2.04,68.50%,74.23%,-0.555416,"13:51 ET"
MDLZ,62.13,2027-01-15,122,Call,50.00,+19.46%,12,12.55,12.9,894,438,2.04,22.51%,26.38%,0.929934,"11:15 ET"
DELL,548.79,2026-09-18,3,Call,590.00,-7.44%,2.34,2.5,2.42,2956,1446,2.04,61.76%,72.85%,0.134274,"13:54 ET"
WDC,412.82,2026-10-16,31,Put,280.00,-31.91%,0.51,0.89,0.95,723,357,2.03,65.24%,69.75%,-0.021851,"12:35 ET"
NVDA,212.05,2026-09-21,6,Call,222.50,-5.29%,0.53,0.52,0.54,1268,624,2.03,33.61%,32.36%,0.124805,"13:47 ET"
COIN,178.1,2026-09-18,3,Put,177.50,-0.91%,5.25,5.35,5.45,2535,1248,2.03,67.37%,92.77%,-0.449034,"13:56 ET"
SHEL,99.02,2027-01-15,122,Call,105.00,-6.22%,3.3,3.3,3.6,652,322,2.02,24.96%,25.02%,0.374702,"12:06 ET"
TSLA,357.43,2026-09-21,6,Call,370.00,-3.00%,2.95,2.92,3.05,1318,659,2,41.56%,41.11%,0.267963,"13:55 ET"
MSTR,132.01,2027-12-17,458,Call,150.00,-13.77%,42.6,43.08,43.4,1503,750,2,72.28%,80.51%,0.644376,"13:50 ET"
NOW,144.21,2026-10-23,38,Call,140.00,+3.63%,13.1,14.29,13.5,615,309,1.99,54.34%,57.97%,0.611827,"12:56 ET"
SNDK,1520.06,2026-09-18,3,Call,"1,570.00",-2.51%,23.4,23.8,24.8,998,501,1.99,68.50%,75.16%,0.355151,"13:54 ET"
UA,4.9,2026-10-16,31,Put,5.00,+2.25%,0.25,0.33,0.4,1143,573,1.99,52.80%,48.69%,-0.522204,"12:19 ET"
ZION,67.67,2026-09-18,3,Put,67.50,-0.57%,0.55,0.9,0.95,1605,805,1.99,25.84%,34.72%,-0.455354,"12:55 ET"
ARM,243.71,2026-09-18,3,Put,225.00,-7.31%,1.09,1.18,1.2,2305,1157,1.99,64.75%,78.69%,-0.128053,"13:50 ET"
AMZN,248.69,2026-09-16,1,Put,255.00,+2.65%,6.35,6.52,6.9,2829,1422,1.99,31.15%,43.77%,-0.857125,"13:56 ET"
NVDA,212.05,2028-12-15,822,Put,155.00,-26.65%,15.8,15.85,16.1,3381,1702,1.99,33.61%,39.88%,-0.175889,"12:50 ET"
LULU,98.57,2026-09-18,3,Put,92.00,-5.98%,0.11,0.14,0.14,508,257,1.98,40.69%,48.35%,-0.065323,"13:35 ET"
META,668.6,2026-09-16,1,Call,662.50,+0.39%,9.1,9.05,9.25,1863,945,1.97,38.27%,47.60%,0.614768,"13:50 ET"
META,668.6,2026-09-18,3,Call,702.50,-5.62%,1.62,1.56,1.65,595,303,1.96,38.27%,47.22%,0.118734,"13:54 ET"
CVX,216.84,2026-09-25,10,Put,210.00,-3.05%,1.5,1.58,1.59,646,330,1.96,28.04%,29.60%,-0.240444,"13:49 ET"
META,668.6,2026-09-18,3,Put,652.50,-1.90%,5,5,5.1,860,439,1.96,38.27%,45.53%,-0.287286,"13:45 ET"
SPCX,143.67,2026-10-23,38,Call,190.00,-32.20%,0.63,0.69,0.68,956,487,1.96,50.42%,53.57%,0.064617,"12:59 ET"
BFLY,7.7,2026-09-18,3,Call,7.50,+4.58%,0.4,0.47,0.5,2177,1111,1.96,96.80%,121.22%,0.621332,"13:43 ET"
GT,5.25,2027-04-16,213,Put,4.00,-23.08%,0.2,0.28,0.3,4001,2041,1.96,50.05%,46.88%,-0.19603,"12:08 ET"
WULF,14.69,2027-12-17,458,Call,30.00,-105.06%,2.5,2.58,2.64,5641,2880,1.96,84.20%,107.92%,0.357949,"13:06 ET"
CMG,34.76,2026-09-18,3,Put,34.50,-0.03%,0.49,0.53,0.57,660,339,1.95,37.81%,45.73%,-0.468519,"13:52 ET"
META,668.6,2026-09-18,3,Put,657.50,-1.15%,6.6,6.65,6.7,666,342,1.95,38.27%,45.20%,-0.352457,"13:41 ET"
FIG,24.44,2026-09-18,3,Call,27.00,-9.98%,0.11,0.13,0.14,1634,839,1.95,71.17%,91.05%,0.128224,"13:43 ET"
ALLY,41.1,2026-09-18,3,Put,45.00,+9.86%,3.9,4.3,4.5,1685,864,1.95,29.66%,92.38%,-0.854486,"12:19 ET"
XFOR,3.59,2027-03-19,185,Call,7.50,-109.50%,0.1,0.15,0.2,700,361,1.94,319.61%,81.44%,0.171478,"14:01 ET"
INTC,97.49,2026-09-16,1,Put,101.00,+3.18%,3.8,3.5,3.9,1472,760,1.94,59.48%,72.63%,-0.817653,"13:30 ET"
PCG,13.23,2026-11-20,66,Put,12.00,-8.61%,0.55,0.6,0.68,3278,1692,1.94,46.44%,53.07%,-0.291088,"13:33 ET"
SLB,54.22,2026-10-16,31,Call,55.00,-1.53%,2.15,2.17,2.19,6186,3182,1.94,38.34%,39.12%,0.4807,"13:50 ET"
NFLX,78.39,2026-10-09,24,Put,75.00,-4.15%,1.21,1.24,1.24,1026,531,1.93,34.08%,33.56%,-0.280519,"13:52 ET"
CRWV,81.56,2027-06-17,275,Put,82.50,+1.04%,21.05,21.24,21.45,1751,906,1.93,75.27%,78.91%,-0.363665,"13:54 ET"
INTC,97.49,2026-09-18,3,Put,87.00,-11.12%,0.14,0.15,0.16,3668,1898,1.93,59.48%,78.45%,-0.050314,"13:00 ET"
HPE,56.15,2026-09-18,3,Call,57.00,-1.71%,0.98,1.07,1.14,3011,1568,1.92,59.97%,73.45%,0.409803,"13:47 ET"
CLSK,12.66,2026-10-16,31,Put,12.00,-4.76%,0.83,0.85,0.88,3341,1738,1.92,81.40%,81.49%,-0.36316,"13:45 ET"
AVGO,338.9,2026-09-18,3,Call,350.00,-3.49%,1.42,1.44,1.49,7273,3794,1.92,35.96%,41.61%,0.205794,"13:56 ET"
GOOGL,343.59,2026-09-16,1,Call,350.00,-2.09%,0.49,0.51,0.52,8937,4650,1.92,29.64%,35.33%,0.153842,"13:54 ET"
ZS,195.93,2026-09-18,3,Put,190.00,-2.53%,2.29,2.5,2.76,931,487,1.91,58.90%,68.66%,-0.311883,"13:57 ET"
PL,16.08,2026-09-18,3,Call,17.00,-5.26%,0.15,0.15,0.2,1166,611,1.91,66.22%,83.89%,0.249056,"13:36 ET"
ASST,27.87,2026-09-18,3,Put,29.00,+4.39%,1.47,1.48,1.76,526,277,1.9,79.23%,98.39%,-0.642277,"11:47 ET"
CNC,67.35,2026-09-18,3,Call,68.00,-1.01%,0.95,1.06,1.09,678,357,1.9,43.00%,53.73%,0.432764,"13:32 ET"
DELL,548.79,2026-09-18,3,Put,495.00,-9.86%,1.13,1.15,1.16,518,274,1.89,61.76%,75.75%,-0.06747,"13:55 ET"
NVDA,212.05,2026-10-09,24,Call,200.00,+5.36%,15.3,14.9,15.45,634,335,1.89,33.61%,36.95%,0.750214,"13:24 ET"
TSLA,357.43,2026-09-18,3,Put,360.00,+0.21%,7.65,7.75,7.75,20592,10886,1.89,41.56%,49.17%,-0.553397,"13:56 ET"
ASTS,59.23,2026-09-18,3,Call,61.00,-2.45%,1.05,1.06,1.09,1176,629,1.87,72.38%,82.61%,0.366296,"13:54 ET"
NVDA,212.05,2026-09-23,8,Put,212.50,+0.55%,4.4,4.5,4.5,549,295,1.86,33.61%,33.32%,-0.511349,"13:54 ET"
AMZN,248.69,2026-10-23,38,Call,250.00,-0.64%,9.9,10,10.2,603,324,1.86,31.15%,31.80%,0.516299,"13:42 ET"
EOSE,4.05,2027-02-19,157,Call,11.00,-167.64%,0.22,0.26,0.29,2008,1082,1.86,105.66%,120.26%,0.198226,"12:52 ET"
ZS,195.93,2026-09-18,3,Call,200.00,-2.60%,3.1,3.3,3.5,6858,3708,1.85,58.90%,73.28%,0.379044,"14:01 ET"
MDT,94.07,2026-10-16,31,Put,100.00,+6.07%,7.15,7.45,8.15,501,272,1.84,28.43%,35.33%,-0.707598,"13:42 ET"
AMD,504.22,2026-09-16,1,Put,475.00,-5.90%,0.36,0.4,0.4,718,392,1.83,50.45%,68.84%,-0.049487,"13:51 ET"
NUVB,5.73,2026-12-18,94,Put,7.50,+29.76%,2.05,2.15,2.2,540,297,1.82,84.49%,79.70%,-0.677801,"13:46 ET"
CRCL,88.46,2026-09-18,3,Put,86.00,-3.23%,2.19,2.28,2.3,1089,597,1.82,80.78%,108.12%,-0.359378,"13:56 ET"
DELL,548.79,2026-09-18,3,Put,540.00,-1.67%,10.7,10.86,10.9,1230,676,1.82,61.76%,71.83%,-0.406598,"13:56 ET"
NVDA,212.05,2026-09-18,3,Call,217.50,-2.92%,1.01,1,1.02,16556,9074,1.82,33.61%,39.04%,0.235297,"13:56 ET"
CRWV,81.56,2026-10-23,38,Call,105.00,-28.60%,2.1,2.11,2.17,635,350,1.81,75.27%,80.77%,0.202342,"11:55 ET"
INTC,97.49,2026-09-18,3,Put,99.00,+1.13%,3.2,3.3,3.3,3154,1744,1.81,59.48%,68.78%,-0.583055,"13:50 ET"
CRWD,243.19,2026-09-18,3,Call,260.00,-7.23%,1.28,1.31,1.41,4292,2366,1.81,57.09%,72.69%,0.163402,"13:56 ET"
BIDU,90.66,2026-09-25,10,Call,99.00,-9.25%,0.41,0.53,0.51,501,278,1.8,41.61%,46.26%,0.135454,"12:38 ET"
MU,924.17,2026-09-21,6,Call,"1,000.00",-7.98%,3,3.1,3.2,841,466,1.8,57.66%,48.25%,0.114111,"13:51 ET"
MSTR,132.01,2027-12-17,458,Call,170.00,-28.94%,37.1,37.59,38.1,1517,844,1.8,72.28%,80.17%,0.590366,"13:50 ET"
VST,142.19,2026-12-18,94,Put,125.00,-11.42%,5.5,5.7,5.75,2035,1135,1.79,43.86%,47.09%,-0.246723,"13:43 ET"
HSAI,16.61,2026-10-16,31,Call,17.50,-5.17%,0.8,0.8,1,615,345,1.78,63.81%,64.70%,0.432871,"12:01 ET"
MPC,411.95,2026-10-16,31,Put,370.00,-9.89%,7.4,8,8.2,938,526,1.78,52.64%,51.92%,-0.205856,"13:39 ET"
INTC,97.49,2026-09-16,1,Put,94.00,-3.97%,0.35,0.35,0.36,1504,843,1.78,59.48%,75.07%,-0.170195,"13:56 ET"
MDLZ,62.13,2026-12-18,94,Call,65.00,-4.70%,1.6,1.65,1.9,2639,1481,1.78,22.51%,22.76%,0.374074,"12:22 ET"
SNDK,1520.06,2026-09-18,3,Call,"1,600.00",-4.47%,16.1,16,16.6,3210,1806,1.78,68.50%,76.73%,0.262852,"13:54 ET"
FCX,68.96,2026-09-25,10,Call,73.00,-6.01%,0.75,0.8,0.93,668,377,1.77,46.55%,48.35%,0.261231,"13:41 ET"
MMM,164.65,2026-09-18,3,Call,162.50,+0.81%,2.49,3.16,3.5,787,444,1.77,25.22%,31.30%,0.669029,"12:05 ET"
SPCX,143.67,2027-03-19,185,Call,300.00,-108.74%,1.36,1.53,1.58,919,518,1.77,50.42%,58.61%,0.065387,"11:06 ET"
S,23.42,2026-12-18,94,Call,30.00,-28.04%,1,1.13,1.15,1496,846,1.77,54.74%,62.56%,0.274665,"13:04 ET"
BE,260.13,2026-09-18,3,Call,272.50,-4.04%,4.5,5.1,4.6,605,343,1.76,79.53%,95.60%,0.323055,"13:37 ET"
NVDA,212.05,2026-09-16,1,Call,207.50,+1.81%,4.85,4.83,4.95,1575,896,1.76,33.61%,46.27%,0.807427,"13:54 ET"
TSLA,357.43,2026-09-18,3,Call,365.00,-1.61%,3.4,3.46,3.5,9786,5574,1.76,41.56%,49.90%,0.331769,"13:56 ET"
META,668.6,2027-06-17,275,Call,"1,100.00",-65.38%,15.9,17.96,16.45,516,295,1.75,38.27%,43.74%,0.145413,"10:04 ET"
WFC,89.22,2026-09-18,3,Call,92.00,-3.57%,0.14,0.19,0.2,913,523,1.75,30.45%,30.91%,0.136036,"13:51 ET"
SPCX,143.67,2026-09-25,10,Call,157.50,-9.59%,1.05,1.04,1.08,2121,1213,1.75,50.42%,54.31%,0.162666,"13:56 ET"
CRWD,243.19,2026-09-25,10,Call,245.00,-1.05%,8.55,8.4,8.95,764,440,1.74,57.09%,59.26%,0.492441,"13:51 ET"
ZION,67.67,2026-09-18,3,Put,70.00,+3.11%,1.95,2.27,2.8,1137,655,1.74,25.84%,28.23%,-0.902036,"13:17 ET"
AAPL,330.62,2026-09-16,1,Put,320.00,-3.04%,0.14,0.14,0.15,5392,3090,1.74,24.73%,37.81%,-0.052274,"13:54 ET"
HIMS,28.2,2026-10-16,31,Call,37.00,-30.97%,0.34,0.38,0.41,2673,1541,1.73,68.27%,75.26%,0.132226,"13:46 ET"
TSLA,357.43,2026-09-25,10,Put,360.00,+0.21%,11.2,11.3,11.35,2930,1689,1.73,41.56%,42.66%,-0.522364,"13:56 ET"
AAPL,330.62,2026-09-18,3,Put,327.50,-0.77%,2.23,2.22,2.25,6890,3988,1.73,24.73%,29.55%,-0.364622,"13:56 ET"
HMY,19.43,2026-09-18,3,Put,21.00,+8.19%,1.5,1.55,1.8,610,355,1.72,55.94%,76.26%,-0.859572,"12:43 ET"
ITUB,8.26,2026-10-16,31,Call,8.00,+3.15%,0.5,0.51,0.6,2163,1254,1.72,45.65%,42.23%,0.631562,"10:56 ET"
META,668.6,2026-09-18,3,Call,700.00,-5.24%,1.88,1.89,1.91,31065,18112,1.72,38.27%,46.95%,0.134627,"13:56 ET"
CAVA,50.24,2027-01-15,122,Put,40.00,-19.76%,2.39,2.51,2.64,639,373,1.71,56.81%,63.15%,-0.203969,"13:42 ET"
CMG,34.76,2026-09-18,3,Call,36.00,-4.32%,0.14,0.15,0.16,764,446,1.71,37.81%,48.21%,0.185268,"13:54 ET"
CRWV,81.56,2026-09-18,3,Call,86.00,-5.33%,0.89,0.88,0.92,1185,692,1.71,75.27%,85.28%,0.250354,"13:53 ET"
DELL,548.79,2026-09-25,10,Call,540.00,+1.67%,26.2,27.84,27.05,580,342,1.7,61.76%,63.16%,0.573459,"13:37 ET"
MU,924.17,2026-09-21,6,Call,950.00,-2.58%,12.3,12.8,12.85,627,368,1.7,57.66%,46.76%,0.34842,"13:38 ET"
TSLA,357.43,2026-09-23,8,Call,370.00,-3.00%,4.1,4.15,4.25,683,402,1.7,41.56%,42.02%,0.304145,"13:48 ET"
RIVN,15.8,2028-06-16,640,Call,17.00,-7.80%,5.2,5.32,5.65,750,442,1.7,58.10%,67.46%,0.671105,"11:09 ET"
AMD,504.22,2026-09-16,1,Call,527.50,-4.50%,0.52,0.53,0.55,2648,1554,1.7,50.45%,60.59%,0.075572,"13:55 ET"
DELL,548.79,2026-09-18,3,Put,532.50,-3.03%,7.8,7.8,8,573,339,1.69,61.76%,71.99%,-0.326227,"13:50 ET"
OPCH,23.58,2026-09-18,3,Call,25.00,-5.93%,0.05,0.2,0.2,2617,1553,1.69,37.40%,65.56%,0.171146,"11:17 ET"
TSLA,357.43,2026-09-18,3,Put,355.00,-1.18%,5.1,5.14,5.2,7602,4499,1.69,41.56%,49.11%,-0.428532,"13:56 ET"
VZLA,3.68,2027-04-16,213,Put,4.00,+9.89%,0.95,0.95,1.05,510,304,1.68,70.97%,76.35%,-0.431978,"12:55 ET"
LULU,98.57,2026-09-18,3,Put,97.00,-0.87%,1.07,1.26,1.19,588,349,1.68,40.69%,47.15%,-0.378197,"13:28 ET"
PBR,21.78,2026-09-25,10,Call,22.00,-1.15%,0.49,0.5,0.53,738,439,1.68,49.77%,42.20%,0.458809,"12:13 ET"
SPCX,143.67,2026-10-02,17,Call,145.00,-0.89%,5.7,5.75,5.85,796,475,1.68,50.42%,51.67%,0.489832,"13:56 ET"
SOFI,17.29,2026-09-18,3,Call,16.50,+4.46%,0.88,0.88,0.91,612,366,1.67,48.77%,65.01%,0.789199,"13:30 ET"
TSLA,357.43,2026-09-18,3,Put,352.50,-1.87%,4.05,4.1,4.15,3265,1958,1.67,41.56%,49.01%,-0.367055,"13:56 ET"
OXY,63.66,2026-11-20,66,Call,65.00,-2.30%,3.35,3.45,3.5,5336,3195,1.67,34.20%,35.95%,0.488455,"13:52 ET"
PLTR,173.55,2026-09-18,3,Put,172.50,-1.95%,2.74,2.77,2.8,5899,3528,1.67,49.39%,58.90%,-0.403163,"13:56 ET"
BX,127.05,2026-09-18,3,Put,125.00,-1.49%,1.68,1.68,1.78,8843,5280,1.67,38.16%,57.23%,-0.370148,"13:50 ET"
LYB,65.23,2026-10-16,31,Call,70.00,-7.49%,1.45,1.55,1.6,648,391,1.66,41.82%,42.61%,0.311226,"13:51 ET"
INTC,97.49,2026-09-18,3,Call,111.00,-13.39%,0.1,0.1,0.11,854,515,1.66,59.48%,79.04%,0.038401,"13:33 ET"
INTC,97.49,2026-11-20,66,Call,87.50,+10.61%,16.25,16.26,16.4,988,594,1.66,59.48%,65.71%,0.707475,"13:52 ET"
MSFT,498.06,2026-09-18,3,Call,507.50,-1.67%,2.1,2.15,2.19,2067,1246,1.66,25.35%,29.22%,0.269104,"13:52 ET"
NVDA,212.05,2026-10-02,17,Call,202.50,+4.18%,12.35,12.3,12.55,527,320,1.65,33.61%,36.73%,0.734376,"13:00 ET"
META,668.6,2026-09-18,3,Call,722.50,-8.63%,0.46,0.49,0.53,532,323,1.65,38.27%,49.85%,0.041141,"13:02 ET"
SPCX,143.67,2026-10-30,45,Put,125.00,-13.03%,3.05,3.25,3.35,671,407,1.65,50.42%,53.10%,-0.196765,"13:52 ET"
PURR,11.15,2029-01-19,857,Call,25.00,-123.61%,3.9,4.2,4.6,823,500,1.65,96.76%,97.40%,0.606839,"10:58 ET"
INTC,97.49,2026-09-18,3,Call,99.00,-1.13%,1.82,1.82,1.85,2379,1440,1.65,59.48%,70.42%,0.419765,"13:54 ET"
CORZ,16.25,2026-12-18,94,Call,26.00,-60.69%,0.41,0.53,0.56,500,305,1.64,71.77%,78.57%,0.16735,"11:05 ET"
CVNA,68.47,2026-09-18,3,Call,71.00,-4.81%,0.83,0.88,0.9,513,312,1.64,59.02%,72.07%,0.31078,"13:47 ET"
GLW,143.39,2027-03-19,185,Put,130.00,-9.22%,16.5,16.7,17,562,342,1.64,57.71%,61.55%,-0.319794,"11:55 ET"
FCEL,15.26,2026-09-18,3,Put,14.00,-7.41%,0.1,0.1,0.2,712,433,1.64,90.70%,107.78%,-0.177844,"13:47 ET"
QCOM,189.83,2026-10-02,17,Call,190.00,-0.43%,8.2,8.07,8.5,846,517,1.64,50.06%,52.17%,0.516033,"13:46 ET"
NBIS,209.23,2027-06-17,275,Put,200.00,-4.32%,52.45,53.05,53.7,1579,961,1.64,80.24%,87.44%,-0.322448,"13:43 ET"
MSTR,132.01,2026-09-18,3,Put,128.00,-2.91%,2.28,2.36,2.4,1849,1125,1.64,72.28%,90.05%,-0.318826,"13:56 ET"
GME,21.25,2026-09-18,3,Call,21.50,-1.18%,0.29,0.28,0.3,6813,4156,1.64,44.39%,53.88%,0.407214,"13:55 ET"
NOK,9.85,2026-10-16,31,Put,9.00,-8.72%,0.25,0.25,0.27,13650,8345,1.64,55.96%,54.68%,-0.254243,"13:53 ET"
FTRE,18.95,2026-09-18,3,Put,17.50,-6.42%,0.15,0.48,0.6,1002,614,1.63,80.58%,141.17%,-0.244394,"10:36 ET"
QCOM,189.83,2026-09-18,3,Call,187.50,+0.89%,5.15,5.39,5.5,2100,1288,1.63,50.06%,61.88%,0.587956,"13:56 ET"
ASTS,59.23,2026-09-18,3,Call,60.00,-0.77%,1.4,1.42,1.46,5633,3459,1.63,72.38%,81.68%,0.450995,"13:56 ET"
CRM,259.03,2026-09-18,3,Call,267.50,-2.80%,2.45,2.52,2.56,1160,714,1.62,41.41%,58.32%,0.296706,"13:54 ET"
FSLR,204.07,2027-01-15,122,Put,195.00,-4.49%,18.55,18.69,19.3,1502,927,1.62,48.41%,53.20%,-0.367426,"10:57 ET"
WULF,14.69,2026-09-25,10,Put,14.50,-0.89%,0.7,0.75,0.78,531,329,1.61,84.20%,82.87%,-0.447245,"13:59 ET"
AVGO,338.9,2026-09-25,10,Call,340.00,-0.53%,7.25,7.44,7.6,849,526,1.61,35.96%,34.75%,0.496483,"13:56 ET"
LEN,80.36,2026-09-18,3,Call,82.00,-2.17%,1.7,1.77,2,735,459,1.6,43.89%,88.22%,0.415574,"13:14 ET"
RCAT,8.02,2026-09-25,10,Call,9.00,-11.52%,0.16,0.18,0.19,1205,753,1.6,83.40%,92.48%,0.255272,"13:36 ET"
GOOGL,343.59,2026-09-16,1,Call,345.00,-0.63%,1.7,1.76,1.73,7635,4784,1.6,29.64%,33.83%,0.399965,"13:56 ET"
MSTR,132.01,2026-09-18,3,Put,120.00,-8.98%,0.61,0.62,0.64,16502,10338,1.6,72.28%,93.29%,-0.111087,"13:55 ET"
RUM,8.39,2026-09-18,3,Put,8.50,+2.41%,0.3,0.45,0.5,701,440,1.59,90.77%,128.23%,-0.48205,"13:39 ET"
NLY,21.7,2026-09-25,10,Call,22.00,-1.62%,0.17,0.19,0.22,723,454,1.59,25.00%,22.77%,0.359726,"13:44 ET"
META,668.6,2026-09-18,3,Call,732.50,-10.13%,0.27,0.28,0.32,759,477,1.59,38.27%,51.97%,0.025197,"13:40 ET"
RKLB,63.6,2026-09-18,3,Call,69.00,-8.08%,0.38,0.4,0.4,1849,1162,1.59,70.03%,85.37%,0.156605,"13:49 ET"
PLTR,173.55,2026-09-18,3,Put,167.50,-4.79%,1.22,1.27,1.25,3505,2207,1.59,49.39%,60.59%,-0.218974,"13:56 ET"
BMNR,24.13,2026-09-18,3,Call,24.00,+0.33%,0.95,1.02,1.02,6275,3954,1.59,81.61%,102.16%,0.551385,"13:49 ET"
NVDA,212.05,2026-09-23,8,Call,217.50,-2.92%,2,2,2.04,551,348,1.58,33.61%,33.29%,0.309413,"13:50 ET"
NKE,36.35,2026-09-25,10,Call,36.00,+1.10%,1.01,1.05,1.04,583,370,1.58,46.74%,34.43%,0.583634,"13:23 ET"
RIVN,15.8,2026-09-25,10,Call,15.50,+1.71%,0.75,0.8,0.78,740,467,1.58,58.10%,58.72%,0.59602,"13:07 ET"
AVGO,338.9,2026-09-18,3,Call,345.00,-2.01%,2.62,2.55,2.7,1173,741,1.58,35.96%,41.07%,0.327796,"13:53 ET"
SNDK,1520.06,2026-09-18,3,Put,"1,550.00",+1.21%,52.9,53.52,54.6,1648,1044,1.58,68.50%,74.32%,-0.574224,"13:56 ET"
SNDK,1520.06,2026-09-18,3,Call,"1,545.00",-0.88%,32.5,36.17,33.8,519,331,1.57,68.50%,74.61%,0.445392,"13:40 ET"
ASST,27.87,2026-09-18,3,Call,29.50,-6.19%,0.37,0.45,0.49,814,517,1.57,79.23%,98.17%,0.28887,"13:48 ET"
ECHO,92.27,2026-10-16,31,Call,125.00,-34.67%,0.05,0.15,0.2,1073,683,1.57,43.06%,50.45%,0.025471,"13:23 ET"
ORCL,142.43,2026-09-18,3,Call,146.00,-2.01%,1.82,1.91,1.89,1353,861,1.57,49.43%,59.77%,0.361621,"13:42 ET"
HRL,20.86,2026-10-09,24,Put,23.00,+10.58%,1.7,2.41,2.9,1503,955,1.57,25.75%,35.85%,-0.844754,"12:23 ET"
AMD,504.22,2026-09-18,3,Put,495.00,-1.94%,6.9,7.15,7.1,1534,974,1.57,50.45%,60.13%,-0.362307,"13:51 ET"
TSLA,357.43,2026-10-16,31,Call,525.00,-46.15%,0.32,0.34,0.34,2017,1287,1.57,41.56%,58.65%,0.015956,"13:30 ET"
DOW,29.78,2026-09-18,3,Put,28.50,-4.30%,0.1,0.15,0.18,5043,3220,1.57,42.18%,55.77%,-0.169516,"13:50 ET"
CNC,67.35,2026-09-18,3,Call,69.00,-2.50%,0.69,0.69,0.72,3247,2078,1.56,43.00%,55.63%,0.325866,"13:55 ET"
MET,97.93,2026-10-16,31,Put,87.50,-10.43%,0.3,0.3,0.35,645,415,1.55,22.41%,29.03%,-0.082995,"13:41 ET"
GOOG,340.09,2026-09-18,3,Put,332.50,-2.01%,1.43,1.47,1.52,964,620,1.55,29.39%,34.48%,-0.233967,"13:56 ET"
RLGT,9.94,2026-09-18,3,Call,10.00,-0.50%,0.05,0.16,0.25,1022,661,1.55,36.34%,54.11%,0.430818,"13:39 ET"
MBLY,8.04,2026-11-20,66,Call,8.00,+0.87%,0.83,0.85,0.88,1063,685,1.55,58.41%,58.86%,0.572131,"13:38 ET"
NVDA,212.05,2026-09-25,10,Call,222.50,-5.29%,1.28,1.28,1.29,2065,1332,1.55,33.61%,33.61%,0.200386,"13:52 ET"
RKLB,63.6,2026-09-18,3,Put,62.00,-2.88%,1.1,1.14,1.18,2981,1920,1.55,70.03%,81.04%,-0.348562,"13:52 ET"
AAPL,330.62,2026-09-25,10,Call,327.50,+0.77%,7.3,7.5,7.6,558,363,1.54,24.73%,26.43%,0.595164,"13:33 ET"
TENX,1.8384,2026-10-16,31,Put,2.5000,+35.87%,0.55,0.67,0.95,674,438,1.54,108.74%,130.03%,-0.731632,"11:54 ET"
ORCL,142.43,2026-09-18,3,Put,136.00,-4.98%,0.68,0.67,0.71,1449,941,1.54,49.43%,58.99%,-0.16673,"13:39 ET"
SEDG,35.11,2026-12-18,94,Call,60.00,-70.84%,1.04,1.1,1.17,10031,6534,1.54,80.70%,86.25%,0.163325,"13:27 ET"
FPS,31.99,2026-10-16,31,Call,40.00,-25.27%,0.65,0.75,0.95,737,483,1.53,80.86%,81.66%,0.207972,"13:14 ET"
MSTR,132.01,2026-09-18,3,Put,129.00,-2.15%,2.7,2.73,2.82,1562,1023,1.53,72.28%,91.25%,-0.35504,"13:55 ET"
MSTR,132.01,2026-09-18,3,Put,132.00,+0.12%,4.05,4.15,4.2,2477,1624,1.53,72.28%,92.15%,-0.462721,"13:56 ET"
HIMS,28.2,2027-02-19,157,Put,15.00,-46.90%,0.16,0.44,0.74,527,347,1.52,68.27%,75.69%,-0.060652,"13:21 ET"
META,668.6,2026-09-16,1,Put,637.50,-4.15%,0.29,0.38,0.37,766,503,1.52,38.27%,51.39%,-0.04438,"13:55 ET"
AMD,504.22,2026-09-16,1,Put,482.50,-4.42%,0.82,0.86,0.85,1183,778,1.52,50.45%,65.38%,-0.100696,"13:55 ET"
ORCL,142.43,2026-09-18,3,Put,143.00,-0.09%,3,3.05,3.15,2454,1617,1.52,49.43%,59.61%,-0.488585,"13:52 ET"
QCOM,189.83,2026-09-18,3,Call,195.00,-3.08%,2.11,2.18,2.21,3959,2613,1.52,50.06%,62.59%,0.318885,"13:56 ET"
COIN,178.1,2026-09-18,3,Put,157.50,-12.08%,0.41,0.5,0.57,604,400,1.51,67.37%,96.88%,-0.068401,"13:54 ET"
SPOT,559.88,2026-10-16,31,Call,610.00,-9.13%,8,8.19,8.5,1026,678,1.51,38.53%,37.75%,0.240071,"13:23 ET"
WYNN,87.63,2026-10-16,31,Put,80.00,-8.61%,0.7,0.75,0.91,516,343,1.5,32.49%,34.49%,-0.16467,"12:57 ET"
CRCL,88.46,2026-09-18,3,Call,94.00,-5.77%,1.81,1.83,1.89,773,515,1.5,80.78%,119.94%,0.314583,"13:56 ET"
AMD,504.22,2027-02-19,157,Put,450.00,-10.85%,40.3,40.8,41,1006,671,1.5,50.45%,53.97%,-0.297256,"13:48 ET"
MU,924.17,2026-09-18,3,Put,935.00,+0.96%,23.25,23.4,23.55,1443,960,1.5,57.66%,55.33%,-0.566005,"13:56 ET"
CRWD,243.19,2026-09-18,3,Put,220.00,-9.26%,0.42,0.46,0.47,2984,1983,1.5,57.09%,73.42%,-0.061869,"13:55 ET"
TSLA,357.43,2026-09-16,1,Put,340.00,-5.35%,0.24,0.24,0.25,6141,4103,1.5,41.56%,59.33%,-0.051872,"13:56 ET"
AMZN,248.69,2026-09-18,3,Call,255.00,-2.65%,1.08,1.1,1.11,19876,13241,1.5,31.15%,36.21%,0.233304,"13:56 ET"
SNDK,1520.06,2026-09-18,3,Put,"1,560.00",+1.86%,59.2,61,61.1,843,564,1.49,68.50%,74.72%,-0.610591,"13:54 ET"
SKHY,173.4,2026-09-18,3,Put,177.50,+2.32%,6.3,6.8,7,1357,908,1.49,59.70%,70.38%,-0.6225,"13:25 ET"
GOOGL,343.59,2026-09-18,3,Call,347.50,-1.36%,2.55,2.5,2.64,2396,1606,1.49,29.64%,34.55%,0.360437,"13:47 ET"
AMD,504.22,2026-09-16,1,Put,467.50,-7.39%,0.17,0.18,0.21,543,368,1.48,50.45%,73.82%,-0.025418,"13:48 ET"
HOOD,109.93,2026-09-18,3,Put,103.00,-6.93%,0.7,0.69,0.74,735,498,1.48,62.60%,80.80%,-0.16289,"13:51 ET"
DAL,79.31,2026-10-02,17,Call,82.00,-3.81%,1.46,1.51,1.57,849,573,1.48,44.65%,38.01%,0.358529,"13:51 ET"
AAPL,330.62,2026-09-21,6,Put,325.00,-1.52%,1.88,1.87,2.02,861,581,1.48,24.73%,24.68%,-0.292121,"13:46 ET"
AAPL,330.62,2026-09-21,6,Put,330.00,-0.01%,3.6,3.85,3.85,895,604,1.48,24.73%,23.55%,-0.474099,"13:51 ET"
AMZN,248.69,2026-09-25,10,Call,257.50,-3.66%,2.07,2.11,2.15,989,669,1.48,31.15%,31.76%,0.2706,"13:54 ET"
META,668.6,2026-09-16,1,Call,650.00,+2.27%,18.3,18.05,18.55,999,675,1.48,38.27%,48.15%,0.851859,"13:51 ET"
NKE,36.35,2026-10-02,17,Put,32.00,-12.09%,0.27,0.27,0.31,659,448,1.47,46.74%,55.07%,-0.127486,"13:38 ET"
FUBO,11.18,2026-11-20,66,Call,11.00,+1.17%,1.6,1.79,1.82,713,486,1.47,81.16%,84.40%,0.597105,"13:44 ET"
CORZ,16.25,2026-11-20,66,Call,18.00,-11.25%,1.46,1.5,1.49,754,512,1.47,71.77%,77.25%,0.444747,"13:12 ET"
RKT,13.09,2029-01-19,857,Call,15.00,-15.47%,4.3,4.55,4.55,1458,992,1.47,58.18%,59.25%,0.660121,"13:03 ET"
NVDA,212.05,2026-09-16,1,Put,215.00,+1.74%,3.7,3.75,3.75,6268,4251,1.47,33.61%,38.21%,-0.76744,"13:55 ET"
SPCX,143.67,2026-09-18,3,Put,144.00,+0.19%,3.4,3.4,3.45,6797,4635,1.47,50.42%,60.85%,-0.514952,"13:56 ET"
IREN,41.45,2027-03-19,185,Put,30.00,-27.43%,4,4.1,4.1,17597,11941,1.47,80.68%,89.26%,-0.19764,"12:08 ET"
MPC,411.95,2026-10-16,31,Call,410.00,+0.15%,26.8,27.48,28,577,396,1.46,52.64%,52.87%,0.556756,"13:55 ET"
JPM,344.46,2026-09-18,3,Call,347.50,-0.81%,2.6,2.96,2.95,735,505,1.46,26.71%,32.50%,0.393122,"13:34 ET"
MU,924.17,2026-09-18,3,Call,950.00,-2.58%,9.3,9.4,9.55,4582,3131,1.46,57.66%,56.09%,0.317407,"13:54 ET"
NOW,144.21,2026-09-18,3,Call,164.00,-12.89%,0.05,0.13,0.13,728,502,1.45,54.34%,70.54%,0.026162,"13:08 ET"
ARM,243.71,2026-09-18,3,Put,245.00,+0.93%,7.6,7.9,8.3,789,546,1.45,64.75%,80.46%,-0.522225,"13:38 ET"
CRWD,243.19,2026-09-18,3,Put,232.50,-4.11%,2.07,2.26,2.21,1311,906,1.45,57.09%,70.25%,-0.230251,"13:53 ET"
SEDG,35.11,2026-12-18,94,Call,40.00,-13.90%,4.15,4.28,4.7,5012,3446,1.45,80.70%,85.51%,0.476581,"11:32 ET"
NVDA,212.05,2026-10-23,38,Call,225.00,-6.47%,4.4,4.4,4.5,5936,4098,1.45,33.61%,33.45%,0.317699,"13:50 ET"
SPCX,143.67,2026-09-25,10,Call,155.00,-7.85%,1.43,1.4,1.46,7525,5174,1.45,50.42%,53.92%,0.208404,"13:55 ET"
AVGO,338.9,2028-01-21,493,Call,480.00,-41.93%,35.2,34.8,35.4,903,625,1.44,35.96%,45.24%,0.372908,"13:47 ET"
PBF,75.36,2026-10-16,31,Call,75.00,+0.44%,6.7,7,7.4,1371,953,1.44,77.10%,74.58%,0.56776,"13:29 ET"
DELL,548.79,2026-12-18,94,Put,500.00,-8.95%,46.9,46.7,49.9,1549,1072,1.44,61.76%,67.63%,-0.324617,"12:28 ET"
META,668.6,2026-09-18,3,Call,717.50,-7.88%,0.68,0.69,0.7,612,428,1.43,38.27%,49.48%,0.055199,"13:56 ET"
HPE,56.15,2026-09-25,10,Call,57.00,-1.71%,1.69,1.9,1.87,1221,851,1.43,59.97%,59.69%,0.451475,"13:47 ET"
CHKP,138.72,2026-09-18,3,Put,135.00,-2.81%,0.75,1.1,1.2,1947,1357,1.43,39.47%,48.58%,-0.258728,"13:21 ET"
SOFI,17.29,2026-10-30,45,Call,21.00,-21.60%,0.29,0.3,0.32,520,367,1.42,48.77%,54.67%,0.183906,"13:23 ET"
RTX,195.8,2026-09-18,3,Put,192.50,-1.77%,0.72,0.86,0.9,544,384,1.42,24.37%,28.69%,-0.260031,"13:23 ET"
DELL,548.79,2026-09-18,3,Call,595.00,-8.35%,1.83,2.12,1.89,569,401,1.42,61.76%,73.08%,0.109337,"13:39 ET"
ADI,362.27,2026-09-18,3,Put,340.00,-5.79%,0.45,0.56,0.8,823,581,1.42,36.86%,50.88%,-0.080821,"13:21 ET"
GM,85.67,2026-10-16,31,Put,80.00,-6.60%,1.02,1.08,1.14,1244,876,1.42,31.98%,32.88%,-0.219392,"13:48 ET"
PDSB,0.5928,2026-10-16,31,Call,0.5000,+19.22%,0.15,0.25,0.25,1599,1127,1.42,210.95%,206.88%,0.744696,"13:56 ET"
MRVL,222.59,2026-09-18,3,Call,225.00,-1.06%,4.7,4.75,4.9,2814,1983,1.42,64.94%,72.84%,0.450254,"13:55 ET"
MSTR,132.01,2026-09-18,3,Call,132.00,-0.12%,4.65,4.75,4.85,3866,2727,1.42,72.28%,93.16%,0.537488,"13:56 ET"
PLTR,173.55,2026-09-18,3,Put,160.00,-9.05%,0.32,0.33,0.33,19979,14037,1.42,49.39%,65.95%,-0.068951,"13:55 ET"
NU,14.2,2026-10-09,24,Call,16.00,-12.44%,0.14,0.15,0.17,507,360,1.41,45.07%,46.51%,0.178476,"12:54 ET"
MOS,25.53,2026-10-16,31,Put,23.00,-8.62%,0.4,0.55,0.55,802,568,1.41,49.33%,49.33%,-0.212254,"12:13 ET"
IBM,250.86,2026-09-18,3,Put,242.50,-3.39%,0.92,0.93,1.01,828,587,1.41,34.11%,42.59%,-0.18019,"13:50 ET"
SNDK,1520.06,2026-10-16,31,Call,"1,800.00",-17.53%,40.5,41.23,42,1052,746,1.41,68.50%,70.13%,0.245718,"13:49 ET"
CRWD,243.19,2027-01-15,122,Put,200.00,-17.51%,12.65,12.96,13.3,1762,1250,1.41,57.09%,60.40%,-0.222221,"13:29 ET"
MU,924.17,2026-09-18,3,Call,920.00,+0.66%,22,22.15,22.35,2853,2026,1.41,57.66%,56.79%,0.561542,"13:53 ET"
HIMS,28.2,2026-10-09,24,Call,30.00,-6.19%,1.24,1.3,1.3,528,377,1.4,68.27%,68.11%,0.399211,"13:40 ET"
NTSK,17.45,2027-04-16,213,Call,17.50,0.00%,4.4,4.5,4.8,553,394,1.4,76.43%,85.11%,0.640245,"13:16 ET"
OKE,95.76,2026-10-16,31,Put,95.00,-1.10%,2.55,2.6,2.65,627,447,1.4,28.56%,26.82%,-0.442213,"13:55 ET"
AMD,504.22,2026-09-18,3,Call,535.00,-5.98%,1.92,1.94,1.99,702,502,1.4,50.45%,60.25%,0.14225,"13:52 ET"
MU,924.17,2026-09-16,1,Put,865.00,-6.60%,0.44,0.53,0.48,795,567,1.4,57.66%,71.62%,-0.033258,"13:50 ET"
PCT,5.66,2027-01-15,122,Call,6.00,-5.26%,1,1.05,1.1,814,582,1.4,82.50%,88.88%,0.567551,"12:21 ET"
AMD,504.22,2027-09-17,367,Put,390.00,-22.74%,42.7,43.35,43.7,1849,1317,1.4,50.45%,54.07%,-0.211503,"12:02 ET"
GOOG,340.09,2026-09-18,3,Call,347.50,-2.41%,1.48,1.5,1.55,2409,1718,1.4,29.39%,34.29%,0.245452,"13:52 ET"
AMZN,248.69,2026-09-18,3,Call,252.50,-1.64%,1.72,1.75,1.79,2962,2112,1.4,31.15%,35.99%,0.333338,"13:56 ET"
CRWD,243.19,2026-09-18,3,Call,242.50,-0.02%,6.2,6.42,6.5,3115,2227,1.4,57.09%,68.26%,0.530965,"13:56 ET"
DIS,107.09,2026-09-18,3,Call,108.00,-0.63%,0.77,0.83,0.85,995,714,1.39,25.02%,29.48%,0.401881,"13:51 ET"
BE,260.13,2026-09-18,3,Call,265.00,-1.17%,7.05,6.85,7.2,1045,753,1.39,79.53%,95.04%,0.444935,"13:52 ET"
UAMY,4.61,2027-02-19,157,Call,5.00,-8.46%,1,1.03,1.1,1221,879,1.39,96.49%,97.52%,0.587213,"12:58 ET"
NVDA,212.05,2026-09-21,6,Call,210.00,+0.63%,4.7,4.75,4.75,1265,907,1.39,33.61%,34.08%,0.591825,"13:54 ET"
ORCL,142.43,2026-09-18,3,Call,148.00,-3.40%,1.29,1.3,1.32,1290,926,1.39,49.43%,60.79%,0.276205,"13:55 ET"
INTC,97.49,2026-09-16,1,Put,95.00,-2.95%,0.55,0.56,0.57,2391,1722,1.39,59.48%,74.22%,-0.244657,"13:56 ET"
NVDA,212.05,2026-09-21,6,Put,210.00,-0.63%,2.68,2.7,2.7,3044,2187,1.39,33.61%,33.12%,-0.406777,"13:56 ET"
CMG,34.76,2026-09-18,3,Call,36.50,-5.77%,0.08,0.11,0.09,663,479,1.38,37.81%,48.81%,0.115894,"13:25 ET"
AMD,504.22,2026-09-25,10,Call,600.00,-18.86%,0.58,0.72,0.64,1068,774,1.38,50.45%,56.18%,0.034098,"13:30 ET"
RGTI,15.24,2026-10-16,31,Call,17.00,-11.26%,0.69,0.74,0.72,2210,1602,1.38,72.38%,74.91%,0.352473,"12:55 ET"
AMZN,248.69,2026-09-25,10,Call,255.00,-2.65%,2.79,2.8,2.87,2599,1885,1.38,31.15%,31.83%,0.335639,"13:55 ET"
KO,88.53,2026-10-02,17,Call,90.00,-1.73%,0.79,0.84,0.87,515,375,1.37,19.09%,19.22%,0.345584,"13:44 ET"
META,668.6,2026-09-16,1,Put,625.00,-6.03%,0.09,0.13,0.14,552,402,1.37,38.27%,58.29%,-0.015678,"13:31 ET"
AVGO,338.9,2026-09-18,3,Put,332.50,-1.69%,2.33,2.53,2.45,652,477,1.37,35.96%,41.23%,-0.293699,"13:52 ET"
TSLA,357.43,2026-09-21,6,Call,357.50,+0.48%,7.35,7.38,7.5,659,481,1.37,41.56%,40.28%,0.513071,"13:56 ET"
TSM,414.4,2026-09-18,3,Put,407.50,-1.48%,2.83,3.05,2.93,715,523,1.37,33.31%,37.55%,-0.311858,"13:49 ET"
JOBY,6.27,2026-11-20,66,Call,6.00,+4.46%,0.89,0.89,0.93,741,541,1.37,64.94%,71.16%,0.62811,"13:13 ET"
S,23.42,2026-10-02,17,Call,23.50,-0.30%,1.05,1.18,1.2,752,551,1.36,54.74%,58.44%,0.510922,"13:19 ET"
CRWD,243.19,2026-09-18,3,Put,227.50,-6.17%,1.12,1.2,1.2,1188,874,1.36,57.09%,70.69%,-0.141594,"13:54 ET"
PATH,14.55,2026-09-25,10,Put,14.00,-3.85%,0.35,0.38,0.4,1922,1415,1.36,59.02%,65.97%,-0.335528,"13:21 ET"
PLTR,173.55,2026-09-25,10,Call,180.00,-2.31%,3.55,3.6,3.7,3972,2918,1.36,49.39%,50.59%,0.375148,"13:56 ET"
CTNM,13.34,2026-12-18,94,Call,15.00,-12.61%,3.3,4.55,5.4,4033,2967,1.36,122.57%,186.11%,0.637938,"12:19 ET"
MU,924.17,2026-09-28,13,Call,"1,000.00",-7.98%,9.95,10.1,10.8,516,382,1.35,57.66%,49.10%,0.220234,"13:47 ET"
NVDA,212.05,2026-09-21,6,Call,200.00,+5.36%,12.45,12.25,12.65,717,532,1.35,33.61%,38.82%,0.882896,"13:04 ET"
PLTR,173.55,2026-09-25,10,Call,177.50,-0.89%,4.45,4.55,4.7,938,695,1.35,49.39%,50.71%,0.440116,"13:54 ET"
COIN,178.1,2026-09-25,10,Call,190.00,-6.07%,4.65,4.75,4.9,1536,1134,1.35,67.37%,76.31%,0.339998,"13:55 ET"
RUM,8.39,2027-01-15,122,Put,6.00,-27.71%,0.45,0.6,0.55,522,389,1.34,90.77%,87.76%,-0.168918,"09:59 ET"
AEO,14.72,2026-10-16,31,Put,13.00,-11.50%,0.17,0.18,0.19,666,496,1.34,45.15%,46.32%,-0.161279,"12:04 ET"
ORCL,142.43,2026-09-18,3,Call,147.00,-2.70%,1.52,1.55,1.59,1072,801,1.34,49.43%,60.18%,0.316859,"13:51 ET"
F,13.59,2026-09-18,3,Call,13.50,+0.81%,0.25,0.27,0.26,1358,1016,1.34,34.27%,40.51%,0.59007,"13:42 ET"
SNDK,1520.06,2026-09-18,3,Call,"1,650.00",-7.73%,7.7,8.2,8.4,1455,1088,1.34,68.50%,78.80%,0.147586,"13:56 ET"
CRWD,243.19,2026-09-18,3,Call,252.50,-4.14%,2.65,2.37,2.78,1746,1302,1.34,57.09%,70.34%,0.288936,"13:46 ET"
TSLA,357.43,2026-09-21,6,Put,360.00,+0.21%,8.6,8.7,8.75,2102,1574,1.34,41.56%,40.43%,-0.541606,"13:56 ET"
SPCX,143.67,2026-09-25,10,Call,150.00,-4.37%,2.57,2.61,2.62,5808,4338,1.34,50.42%,53.50%,0.326803,"13:56 ET"
AMD,504.22,2026-09-18,3,Call,495.00,+1.94%,16,15.55,16.4,933,699,1.33,50.45%,62.11%,0.634438,"13:46 ET"
META,668.6,2026-09-18,3,Put,655.00,-1.52%,5.75,6.05,5.85,1184,891,1.33,38.27%,45.32%,-0.318972,"13:54 ET"
SKHY,173.4,2027-06-17,275,Put,180.00,+3.76%,38.75,39,39.45,1612,1216,1.33,59.70%,63.78%,-0.403832,"13:45 ET"
PBR,21.78,2027-03-19,185,Put,22.00,+1.15%,2.59,2.73,2.72,2340,1753,1.33,49.77%,43.08%,-0.440356,"13:22 ET"
SPCX,143.67,2026-10-02,17,Call,157.50,-9.59%,1.92,1.87,1.97,668,505,1.32,50.42%,51.81%,0.222229,"13:54 ET"
NOW,144.21,2026-10-02,17,Call,160.00,-10.14%,2.03,2.08,2.16,706,535,1.32,54.34%,55.97%,0.221184,"13:52 ET"
NVO,42.63,2026-09-25,10,Put,41.00,-3.87%,0.4,0.4,0.44,737,560,1.32,35.31%,37.16%,-0.257443,"13:51 ET"
VKTX,29.92,2026-09-25,10,Call,40.00,-33.20%,0.95,1,1.38,886,673,1.32,124.03%,198.49%,0.235876,"13:08 ET"
GOOG,340.09,2026-10-02,17,Call,400.00,-17.89%,0.2,0.2,0.25,1205,914,1.32,29.39%,36.71%,0.022948,"12:49 ET"
TSM,414.4,2026-09-18,3,Call,437.50,-5.78%,0.23,0.22,0.26,2478,1877,1.32,33.31%,35.44%,0.045278,"13:02 ET"
NVDA,212.05,2026-09-21,6,Call,220.00,-4.10%,0.89,0.88,0.9,3021,2294,1.32,33.61%,32.30%,0.189195,"13:55 ET"
NOW,144.21,2026-09-18,3,Call,147.00,-1.19%,2.16,2.37,2.24,692,529,1.31,54.34%,62.14%,0.39412,"13:50 ET"
MU,924.17,2026-09-25,10,Call,930.00,-0.42%,28.6,29,30.3,780,594,1.31,57.66%,50.70%,0.500183,"13:43 ET"
ORCL,142.43,2027-09-17,367,Call,150.00,-4.80%,30.65,30.97,31.2,873,667,1.31,49.43%,57.63%,0.591503,"13:20 ET"
RIVN,15.8,2026-09-25,10,Call,16.00,-1.46%,0.51,0.49,0.53,1487,1133,1.31,58.10%,58.83%,0.466801,"13:38 ET"
ORCL,142.43,2026-10-16,31,Call,145.00,-1.31%,7.25,7.36,7.45,2148,1636,1.31,49.43%,49.03%,0.494437,"13:43 ET"
TSLA,357.43,2026-10-02,17,Call,420.00,-16.92%,0.98,0.98,1,2165,1652,1.31,41.56%,47.21%,0.064747,"13:56 ET"
CRWD,243.19,2026-09-18,3,Call,235.00,+3.08%,10.6,10.28,11.2,2571,1966,1.31,57.09%,68.48%,0.720319,"13:46 ET"
MU,924.17,2026-09-18,3,Call,"1,020.00",-10.14%,0.89,0.88,0.92,3146,2403,1.31,57.66%,61.34%,0.0438,"13:56 ET"
MS,202.54,2026-09-18,3,Call,210.00,-3.83%,0.54,0.63,0.73,3430,2628,1.31,34.41%,40.06%,0.165331,"13:37 ET"
AMZN,248.69,2026-09-25,10,Call,260.00,-4.66%,1.52,1.54,1.59,4838,3697,1.31,31.15%,31.82%,0.213854,"13:55 ET"
COIN,178.1,2026-09-18,3,Put,175.00,-2.31%,4.1,4.15,4.3,5570,4237,1.31,67.37%,92.32%,-0.382891,"13:55 ET"
NVDA,212.05,2026-09-16,1,Put,205.00,-3.00%,0.22,0.23,0.23,11827,9006,1.31,33.61%,47.48%,-0.091026,"13:56 ET"
NOW,144.21,2026-09-25,10,Call,155.00,-6.70%,1.82,1.9,1.9,582,448,1.3,54.34%,56.34%,0.243975,"13:54 ET"
RKLB,63.6,2026-09-18,3,Call,73.00,-14.35%,0.12,0.12,0.15,924,713,1.3,70.03%,94.58%,0.059437,"13:48 ET"
BAC,59.58,2026-09-25,10,Put,59.00,-0.61%,0.68,0.68,0.72,1099,847,1.3,26.91%,24.87%,-0.394147,"13:47 ET"
SAIL,20.5,2026-09-18,3,Call,22.50,-11.55%,0.05,0.1,0.2,1163,894,1.3,72.63%,96.65%,0.14206,"13:47 ET"
SPCX,143.67,2026-09-18,3,Call,152.50,-6.11%,0.57,0.59,0.59,15146,11691,1.3,50.42%,61.68%,0.144359,"13:56 ET"
MSTR,132.01,2026-09-18,3,Put,134.00,+1.64%,5.15,5.13,5.35,535,414,1.29,72.28%,93.44%,-0.533555,"13:47 ET"
SOFI,17.29,2026-10-23,38,Call,19.00,-10.02%,0.49,0.5,0.5,1330,1030,1.29,48.77%,48.94%,0.307474,"13:53 ET"
NVDA,212.05,2026-10-30,45,Put,200.00,-5.36%,4.95,5.11,5.1,1467,1133,1.29,33.61%,35.05%,-0.288982,"13:43 ET"
TSLA,357.43,2026-10-09,24,Call,400.00,-11.35%,3.45,3.51,3.55,1472,1141,1.29,41.56%,43.12%,0.173297,"13:55 ET"
BEKE,16.18,2026-10-16,31,Put,15.00,-7.41%,0.2,0.25,0.3,1852,1441,1.29,36.90%,37.62%,-0.229216,"11:40 ET"
INTC,97.49,2026-09-16,1,Put,100.00,+2.16%,3,3.04,3.1,2589,2014,1.29,59.48%,72.10%,-0.741925,"13:45 ET"
RIG,5.86,2026-10-16,31,Call,6.00,-2.39%,0.3,0.33,0.33,2961,2289,1.29,50.61%,54.44%,0.476411,"13:54 ET"
META,668.6,2026-09-18,3,Call,675.00,-1.49%,7.5,7.51,7.65,5359,4144,1.29,38.27%,45.42%,0.397407,"13:56 ET"
TOST,32.78,2026-10-16,31,Call,33.00,-0.89%,1.52,1.47,1.59,525,409,1.28,43.06%,43.07%,0.507962,"11:41 ET"
PBR,21.78,2026-09-18,3,Put,21.50,-1.15%,0.23,0.25,0.26,763,597,1.28,49.77%,47.18%,-0.371963,"12:02 ET"
NAT,7.82,2026-10-16,31,Call,9.00,-15.09%,0.05,0.12,0.15,1245,970,1.28,48.43%,50.61%,0.17305,"13:02 ET"
AVGO,338.9,2026-09-18,3,Call,355.00,-4.97%,0.72,0.77,0.77,2282,1787,1.28,35.96%,42.18%,0.11891,"13:56 ET"
TSLA,357.43,2026-09-18,3,Put,347.50,-3.27%,2.52,2.57,2.55,3468,2710,1.28,41.56%,49.58%,-0.256452,"13:56 ET"
XOM,169.28,2027-01-15,122,Put,165.00,-2.59%,9,9.05,9.2,1209,949,1.27,30.68%,30.24%,-0.392327,"13:30 ET"
SMCI,36.26,2026-09-25,10,Call,42.00,-16.18%,0.26,0.27,0.29,1551,1225,1.27,69.08%,75.90%,0.128097,"13:20 ET"
MS,202.54,2026-10-16,31,Put,185.00,-8.53%,2.12,2.15,2.23,2475,1946,1.27,34.41%,36.35%,-0.178234,"13:50 ET"
DELL,548.79,2026-09-18,3,Put,500.00,-8.95%,1.52,1.54,1.55,3359,2648,1.27,61.76%,75.10%,-0.086985,"13:55 ET"
BILL,49.72,2026-09-18,3,Call,50.00,+0.12%,0.9,1.05,1.1,8015,6308,1.27,49.32%,62.94%,0.472115,"13:49 ET"
ORCL,142.43,2026-09-25,10,Call,140.00,+2.19%,6.4,6.4,6.55,519,413,1.26,49.43%,51.23%,0.617261,"13:50 ET"
ASTS,59.23,2027-01-15,122,Call,155.00,-160.33%,0.83,0.93,0.95,561,445,1.26,72.38%,95.38%,0.074375,"09:41 ET"
AAPL,330.62,2026-10-23,38,Call,355.00,-7.57%,2.59,2.69,2.83,655,520,1.26,24.73%,23.91%,0.197997,"13:36 ET"
CAVA,50.24,2026-12-18,94,Call,60.00,-20.36%,3.05,3.2,3.35,1031,820,1.26,56.81%,62.54%,0.351901,"13:51 ET"
SKHY,173.4,2026-09-18,3,Put,165.00,-4.88%,1.36,1.38,1.41,4219,3345,1.26,59.70%,72.41%,-0.208441,"13:55 ET"
GOOGL,343.59,2026-09-18,3,Put,340.00,-0.83%,2.61,2.71,2.72,12548,9994,1.26,29.64%,33.72%,-0.364791,"13:51 ET"
AMZN,248.69,2026-09-25,10,Call,252.50,-1.64%,3.6,3.65,3.8,514,411,1.25,31.15%,31.79%,0.40606,"13:53 ET"
FIG,24.44,2026-09-18,3,Call,25.50,-3.87%,0.35,0.36,0.41,595,476,1.25,71.17%,86.24%,0.318657,"13:48 ET"
IREN,41.45,2026-09-25,10,Put,41.00,-0.82%,2.01,2.03,2.07,937,747,1.25,80.68%,82.69%,-0.442943,"13:54 ET"
CVNA,68.47,2026-10-02,17,Call,85.00,-25.48%,0.17,0.25,0.3,1021,818,1.25,59.02%,61.63%,0.062448,"13:46 ET"
GOOG,340.09,2026-09-18,3,Call,337.50,+0.53%,5.35,5.45,5.65,1062,853,1.25,29.39%,33.86%,0.599988,"13:39 ET"
NOW,144.21,2026-09-18,3,Call,142.00,+2.25%,4.6,4.98,4.75,1367,1094,1.25,54.34%,62.43%,0.634737,"13:49 ET"
TSLA,357.43,2026-09-18,3,Call,355.00,+1.18%,7.65,7.7,7.75,4532,3634,1.25,41.56%,49.38%,0.571625,"13:56 ET"
CRCL,88.46,2026-09-18,3,Call,91.00,-2.40%,2.59,2.85,2.76,568,458,1.24,80.78%,114.77%,0.421644,"13:47 ET"
AMD,504.22,2026-10-02,17,Call,500.00,+0.95%,24.25,24.05,24.75,619,500,1.24,50.45%,51.32%,0.554711,"13:49 ET"
CDNS,274.09,2027-01-15,122,Put,300.00,+9.04%,39.7,41.9,41.8,702,564,1.24,39.36%,42.61%,-0.585529,"13:38 ET"
HBM,25.15,2027-01-15,122,Put,22.50,-10.07%,1.8,1.95,2.15,1002,809,1.24,60.09%,59.26%,-0.299429,"12:12 ET"
QCOM,189.83,2026-09-18,3,Put,185.00,-2.21%,2.24,2.35,2.33,1021,825,1.24,50.06%,61.63%,-0.321574,"13:56 ET"
MRVL,222.59,2026-09-18,3,Put,225.00,+1.06%,7,7.26,7.3,1253,1012,1.24,64.94%,72.97%,-0.549988,"13:38 ET"
META,668.6,2027-06-17,275,Put,700.00,+5.24%,104.3,104.7,106.1,1267,1024,1.24,38.27%,41.39%,-0.46494,"13:44 ET"
ENPH,36.33,2027-01-15,122,Call,90.00,-148.28%,0.3,0.4,0.44,3659,2949,1.24,66.52%,85.00%,0.057655,"12:35 ET"
AMZN,248.69,2026-11-20,66,Put,215.00,-13.45%,3.75,3.85,3.85,4936,3984,1.24,31.15%,39.32%,-0.160691,"13:49 ET"
"Downloaded from Barchart.com as of 09-15-2026 01:34pm CDT"
