Statement,Header,域名稱,域值
Statement,Data,Title,轉賬歷史
Statement,Data,Period,"六月 23, 2026 - 八月 7, 2026"
Statement,Data,WhenGenerated,"2026-08-10, 10:54:51 EDT"
總結,Header,域名稱,域值
總結,Data,基礎貨幣,SGD
總結,Data,期初現金,62170.490999638685
總結,Data,變更,-56266.364222301774
總結,Data,期末現金,5904.126777336911
轉賬歷史,Header,日期,賬戶,說明,交易類型,代碼,交易量,價格,Price Currency,總額,佣金,淨金額
轉賬歷史,Data,2026-08-07,U***32085,MHG SEP26 Position MTM,持倉按市價計值(MTM),MHGU6,-,-,-,1131.384,-,1131.384
轉賬歷史,Data,2026-08-07,U***32085,MCL SEP26 Position MTM,持倉按市價計值(MTM),MCLU6,-,-,-,341.3328,-,341.3328
轉賬歷史,Data,2026-08-07,U***32085,MHNG SEP26 Position MTM,持倉按市價計值(MTM),MNGU6,-,-,-,-56.2496,-,-56.2496
轉賬歷史,Data,2026-08-07,U***32085,MGC 28OCT26 Position MTM,持倉按市價計值(MTM),MGCV6,-,-,-,-5067.5776,-,-5067.5776
轉賬歷史,Data,2026-08-07,U***32085,MES 18SEP26 Position MTM,持倉按市價計值(MTM),MESU6,-,-,-,-2588.7599999999998,-,-2588.7599999999998
轉賬歷史,Data,2026-08-07,U***32085,MNQ 18SEP26 Position MTM,持倉按市價計值(MTM),MNQU6,-,-,-,-5315.5872,-,-5315.5872
轉賬歷史,Data,2026-08-07,U***32085,VXM 19AUG26 Position MTM,持倉按市價計值(MTM),VXMQ6,-,-,-,-26.565152,-,-26.565152
轉賬歷史,Data,2026-08-07,U***32085,MBT 28AUG26 Position MTM,持倉按市價計值(MTM),MBTQ6,-,-,-,-70.9512,-,-70.9512
轉賬歷史,Data,2026-08-07,U***32085,MJY 14SEP26 Position MTM,持倉按市價計值(MTM),MJYU6,-,-,-,-243.695,-,-243.695
轉賬歷史,Data,2026-08-07,U***32085,MJY 14SEP26,賣,MJYU6,-1.0,0.006357,USD,10158.485999999999(1),-0.51136,-13.3413824
轉賬歷史,Data,2026-08-07,U***32085,MJY 14SEP26,賣,MJYU6,-1.0,0.006382,USD,10198.436(1),-0.51136,26.6086176
轉賬歷史,Data,2026-08-07,U***32085,MGC 28OCT26,賣,MGCV6,-1.0,4384.0,USD,56045.056(1),-1.227264,214.71188224
轉賬歷史,Data,2026-08-07,U***32085,MES 18SEP26,賣,MESU6,-1.0,7777.5,USD,49713.78(1),-0.779824,-15.23200816
轉賬歷史,Data,2026-08-07,U***32085,MNQ 18SEP26,賣,MNQU6,-1.0,29842.0,USD,76300.0256(1),-0.779824,17.68679184
轉賬歷史,Data,2026-08-07,U***32085,MES 18SEP26,買,MESU6,1.0,7752.75,USD,-49555.578(1),-0.779824,171.73399184
轉賬歷史,Data,2026-08-07,U***32085,MJY 14SEP26,買,MJYU6,1.0,0.00635,USD,-10147.3(1),-0.51136,23.4126176
轉賬歷史,Data,2026-08-07,U***32085,MES 18SEP26,賣,MESU6,-1.0,7786.0,USD,49768.112(1),-0.779824,39.09999184
轉賬歷史,Data,2026-08-07,U***32085,BITU(US74349Y7040) 現金紅利 USD 0.01938 每股 (常規股息),股息,BITU,-,-,-,10.725776,-,10.725776
轉賬歷史,Data,2026-08-07,U***32085,BITU(US74349Y7040) 現金紅利 USD 0.01938 每股 - US 稅收,外國預扣稅,BITU,-,-,-,-3.221568,-,-3.221568
轉賬歷史,Data,2026-08-07,U***32085,ETHT(US74349Y5713) 現金紅利 USD 0.01192 每股 (常規股息),股息,ETHT,-,-,-,7.619264,-,7.619264
轉賬歷史,Data,2026-08-07,U***32085,ETHT(US74349Y5713) 現金紅利 USD 0.01192 每股 - US 稅收,外國預扣稅,ETHT,-,-,-,-2.288336,-,-2.288336
轉賬歷史,Data,2026-08-07,U***32085,FX Translations P&L,調整,-,-,-,-,139.8856699108128,-,139.8856699108128
轉賬歷史,Data,2026-08-06,U***32085,MHG SEP26 Position MTM,持倉按市價計值(MTM),MHGU6,-,-,-,178.11337500000002,-,178.11337500000002
轉賬歷史,Data,2026-08-06,U***32085,MCL SEP26 Position MTM,持倉按市價計值(MTM),MCLU6,-,-,-,797.1777000000001,-,797.1777000000001
轉賬歷史,Data,2026-08-06,U***32085,MHNG SEP26 Position MTM,持倉按市價計值(MTM),MNGU6,-,-,-,123.2352,-,123.2352
轉賬歷史,Data,2026-08-06,U***32085,MGC 28OCT26 Position MTM,持倉按市價計值(MTM),MGCV6,-,-,-,272.1444,-,272.1444
轉賬歷史,Data,2026-08-06,U***32085,MES 18SEP26 Position MTM,持倉按市價計值(MTM),MESU6,-,-,-,946.72875,-,946.72875
轉賬歷史,Data,2026-08-06,U***32085,MNQ 18SEP26 Position MTM,持倉按市價計值(MTM),MNQU6,-,-,-,2277.92565,-,2277.92565
轉賬歷史,Data,2026-08-06,U***32085,VXM 19AUG26 Position MTM,持倉按市價計值(MTM),VXMQ6,-,-,-,-86.0079,-,-86.0079
轉賬歷史,Data,2026-08-06,U***32085,MBT 28AUG26 Position MTM,持倉按市價計值(MTM),MBTQ6,-,-,-,59.050200000000004,-,59.050200000000004
轉賬歷史,Data,2026-08-06,U***32085,MJY 14SEP26 Position MTM,持倉按市價計值(MTM),MJYU6,-,-,-,269.577,-,269.577
轉賬歷史,Data,2026-08-06,U***32085,MNQ 18SEP26,買,MNQU6,1.0,29501.25,USD,-75741.50925(1),-0.783057,-34.22973213
轉賬歷史,Data,2026-08-06,U***32085,MICROSECTORS GOLD MINERS 3X,賣,GDXU,-10.0,111.77,USD,1434.79149,-0.476588862519,1434.2720081376722
轉賬歷史,Data,2026-08-06,U***32085,MES 18SEP26,買,MESU6,1.0,7744.5,USD,-49708.07325(1),-0.783057,-63.43390713000001
轉賬歷史,Data,2026-08-06,U***32085,MJY 14SEP26,買,MJYU6,1.0,0.006327,USD,-10152.462375000001(1),-0.51348,11.4749943
轉賬歷史,Data,2026-08-05,U***32085,MHG SEP26 Position MTM,持倉按市價計值(MTM),MHGU6,-,-,-,-538.1039999999999,-,-538.1039999999999
轉賬歷史,Data,2026-08-05,U***32085,MCL SEP26 Position MTM,持倉按市價計值(MTM),MCLU6,-,-,-,-211.398,-,-211.398
轉賬歷史,Data,2026-08-05,U***32085,MHNG SEP26 Position MTM,持倉按市價計值(MTM),MNGU6,-,-,-,-15.374399999999998,-,-15.374399999999998
轉賬歷史,Data,2026-08-05,U***32085,MGC 28OCT26 Position MTM,持倉按市價計值(MTM),MGCV6,-,-,-,-3879.4736,-,-3879.4736
轉賬歷史,Data,2026-08-05,U***32085,MES 18SEP26 Position MTM,持倉按市價計值(MTM),MESU6,-,-,-,1024.9599999999998,-,1024.9599999999998
轉賬歷史,Data,2026-08-05,U***32085,MNQ 18SEP26 Position MTM,持倉按市價計值(MTM),MNQU6,-,-,-,5094.0512,-,5094.0512
轉賬歷史,Data,2026-08-05,U***32085,VXM 19AUG26 Position MTM,持倉按市價計值(MTM),VXMQ6,-,-,-,-158.12570399999998,-,-158.12570399999998
轉賬歷史,Data,2026-08-05,U***32085,MBT 28AUG26 Position MTM,持倉按市價計值(MTM),MBTQ6,-,-,-,-76.2314,-,-76.2314
轉賬歷史,Data,2026-08-05,U***32085,MJY 14SEP26 Position MTM,持倉按市價計值(MTM),MJYU6,-,-,-,9.609,-,9.609
轉賬歷史,Data,2026-08-05,U***32085,MGC 28OCT26,賣,MGCV6,-1.0,4155.6,USD,53241.54719999999(1),-1.229952,-1509.3130476799997
轉賬歷史,Data,2026-08-05,U***32085,MES 18SEP26,賣,MESU6,-1.0,7789.0,USD,49896.333999999995(1),-0.7815319999999999,252.18513011999997
轉賬歷史,Data,2026-08-05,U***32085,MJY 14SEP26,賣,MJYU6,-1.0,0.006372,USD,10204.758(1),-0.5124799999999999,14.6556468
轉賬歷史,Data,2026-08-05,U***32085,MHG SEP26,賣,MHGU6,-1.0,6.6665,USD,21352.799499999997(1),-1.229952,-196.72364768
轉賬歷史,Data,2026-08-05,U***32085,MJY 14SEP26,買,MJYU6,1.0,0.006359,USD,-10183.938499999998(1),-0.5124799999999999,5.0466467999999995
轉賬歷史,Data,2026-08-05,U***32085,MES 18SEP26,賣,MESU6,-1.0,7809.0,USD,50024.454(1),-0.7815319999999999,380.30513012
轉賬歷史,Data,2026-08-05,U***32085,MGC 28OCT26,賣,MGCV6,-1.0,4263.8,USD,54627.80559999999(1),-1.229952,-123.05464767999997
轉賬歷史,Data,2026-08-05,U***32085,MES 18SEP26,買,MESU6,1.0,7779.5,USD,-49835.477(1),-0.7815319999999999,-193.03186988000002
轉賬歷史,Data,2026-08-05,U***32085,EUR 貸方利息- 七月-2026,貸方利息,-,-,-,-,4.81065,-,4.81065
轉賬歷史,Data,2026-08-05,U***32085,USD 貸方利息- 七月-2026,貸方利息,-,-,-,-,2.4086559999999997,-,2.4086559999999997
轉賬歷史,Data,2026-08-05,U***32085,USD 借方利息 七月-2026,借方利息,-,-,-,-,-51.004571999999996,-,-51.004571999999996
轉賬歷史,Data,2026-08-05,U***32085,USD 借貸費用—— 七月-2026,借方利息,-,-,-,-,-0.614976,-,-0.614976
轉賬歷史,Data,2026-08-05,U***32085,JPY 借方利息 七月-2026,借方利息,-,-,-,-,-0.9744599999999999,-,-0.9744599999999999
轉賬歷史,Data,2026-08-05,U***32085,SGD 貸方利息- 七月-2026,貸方利息,-,-,-,-,0.64,-,0.64
轉賬歷史,Data,2026-08-05,U***32085,MES 18SEP26,買,MESU6,1.0,7763.75,USD,-49734.5825(1),-0.7815319999999999,-92.13736988
轉賬歷史,Data,2026-08-05,U***32085,MNQ 18SEP26,買,MNQU6,1.0,29740.75,USD,-76207.6978(1),-0.7815319999999999,-323.07366988
轉賬歷史,Data,2026-08-04,U***32085,MHG SEP26 Position MTM,持倉按市價計值(MTM),MHGU6,-,-,-,-660.333,-,-660.333
轉賬歷史,Data,2026-08-04,U***32085,MCL SEP26 Position MTM,持倉按市價計值(MTM),MCLU6,-,-,-,-1171.9308,-,-1171.9308
轉賬歷史,Data,2026-08-04,U***32085,YC 14SEP26 Position MTM,持倉按市價計值(MTM),XCU6,-,-,-,-359.016,-,-359.016
轉賬歷史,Data,2026-08-04,U***32085,MHNG SEP26 Position MTM,持倉按市價計值(MTM),MNGU6,-,-,-,380.8134,-,380.8134
轉賬歷史,Data,2026-08-04,U***32085,MGC 28OCT26 Position MTM,持倉按市價計值(MTM),MGCV6,-,-,-,-1579.6704,-,-1579.6704
轉賬歷史,Data,2026-08-04,U***32085,MES 18SEP26 Position MTM,持倉按市價計值(MTM),MESU6,-,-,-,-5279.4585,-,-5279.4585
轉賬歷史,Data,2026-08-04,U***32085,MNQ 18SEP26 Position MTM,持倉按市價計值(MTM),MNQU6,-,-,-,-12459.7785,-,-12459.7785
轉賬歷史,Data,2026-08-04,U***32085,VXM 19AUG26 Position MTM,持倉按市價計值(MTM),VXMQ6,-,-,-,25.823508,-,25.823508
轉賬歷史,Data,2026-08-04,U***32085,MBT 28AUG26 Position MTM,持倉按市價計值(MTM),MBTQ6,-,-,-,-51.288,-,-51.288
轉賬歷史,Data,2026-08-04,U***32085,M6E 14SEP26 Position MTM,持倉按市價計值(MTM),M6EU6,-,-,-,-144.2475,-,-144.2475
轉賬歷史,Data,2026-08-04,U***32085,MJY 14SEP26 Position MTM,持倉按市價計值(MTM),MJYU6,-,-,-,431.941125,-,431.941125
轉賬歷史,Data,2026-08-04,U***32085,MJY 14SEP26,買,MJYU6,1.0,0.006365,USD,-10201.50375(1),-0.51288,-2.9631642
轉賬歷史,Data,2026-08-04,U***32085,M6E 14SEP26,買,M6EU6,3.0,1.1532,USD,-55448.739(1),-1.53864,89.67963239999999
轉賬歷史,Data,2026-08-04,U***32085,YC 14SEP26,賣,XCU6,-2.0,4.49625,USD,11530.1835(1),-4.923648,183.75772368
轉賬歷史,Data,2026-08-04,U***32085,EUR 09OCT26 1.18 C,賣,EUUV6 C1180,-1.0,0.0024,USD,384.66,-3.154212,381.22190892000003
轉賬歷史,Data,2026-08-04,U***32085,ZC SEP26 5 P,賣,OCDU6 P0500,-1.0,0.28625,USD,1835.14875,-3.8722440000000002,1830.9280040400001
轉賬歷史,Data,2026-08-04,U***32085,EUR 04SEP26 1.165 C,賣,EUUU6 C1165,-1.0,0.0022,USD,352.605,-3.154212,349.16690892
轉賬歷史,Data,2026-08-04,U***32085,YC 14SEP26,賣,XCU6,-2.0,4.51125,USD,11568.6495(1),-4.923648,222.22372368
轉賬歷史,Data,2026-08-04,U***32085,M6E 14SEP26,買,M6EU6,1.0,1.1533,USD,-18484.51575(1),-0.51288,28.2904608
轉賬歷史,Data,2026-08-04,U***32085,M6E 14SEP26,買,M6EU6,1.0,1.1532,USD,-18482.913(1),-0.51288,29.8932108
轉賬歷史,Data,2026-08-04,U***32085,MHNG SEP26,買,MNGU6,1.0,2.71,USD,-3474.762(1),-1.102692,-37.10353428
轉賬歷史,Data,2026-08-04,U***32085,INTERACTIVE BROKERS GRO-CL A,賣,IBKR,-29.0,88.99,USD,3308.986362,-0.4837251774072,3308.459101555139
轉賬歷史,Data,2026-08-04,U***32085,INTERACTIVE BROKERS GRO-CL A,賣,IBKR,-2.0,88.99,USD,228.205956,-0.0023879538936,228.20335313656437
轉賬歷史,Data,2026-08-04,U***32085,MNQ 18SEP26,賣,MNQU6,-1.0,29337.0,USD,75231.8028(1),-0.782142,-1351.00913478
轉賬歷史,Data,2026-08-04,U***32085,INTERACTIVE BROKERS GRO-CL A,賣,IBKR,-0.41,89.04,USD,46.80850608,-0.0011734848264,46.807226980359594
轉賬歷史,Data,2026-08-04,U***32085,MES 18SEP26,賣,MESU6,-1.0,7672.75,USD,49190.00025(1),-0.782142,-595.47278478
轉賬歷史,Data,2026-08-04,U***32085,MNQ 18SEP26,賣,MNQU6,-1.0,29458.75,USD,75544.0185(1),-0.782142,-1038.79343478
轉賬歷史,Data,2026-08-04,U***32085,MES 18SEP26,賣,MESU6,-1.0,7696.5,USD,49342.2615(1),-0.782142,-443.21153477999997
轉賬歷史,Data,2026-08-04,U***32085,取消[J**********80:CBOE ONE ADD-ON] FOR JUL 2026,其它費用,-,-,-,-,1.29,-,1.29
轉賬歷史,Data,2026-08-04,U***32085,VAT Cancel[j**********80:Cboe One Add-On],銷售稅,-,-,-,-,0.1161,-,0.1161
轉賬歷史,Data,2026-08-04,U***32085,NUGT 14AUG26 80 P,買,NUGT  260814P00080000,1.0,0.31,USD,-39.7482,-0.294982932,-40.069731395880005
轉賬歷史,Data,2026-08-04,U***32085,NUGT 14AUG26 150 C,買,NUGT  260814C00150000,1.0,0.69,USD,-88.4718,-0.294982932,-88.79333139587999
轉賬歷史,Data,2026-08-04,U***32085,NUGT 21AUG26 105 P,賣,NUGT  260821P00105000,-1.0,2.36,USD,302.5992,-0.30543491352,302.266275949392
轉賬歷史,Data,2026-08-04,U***32085,NUGT 21AUG26 150 C,賣,NUGT  260821C00150000,-1.0,1.62,USD,207.7164,-0.30348032784,207.38560644009002
轉賬歷史,Data,2026-08-04,U***32085,MNQ 18SEP26,賣,MNQU6,-1.0,29659.0,USD,76057.5396(1),-0.782142,-525.2723347799999
轉賬歷史,Data,2026-08-04,U***32085,MES 18SEP26,賣,MESU6,-1.0,7725.75,USD,49529.78325(1),-0.782142,-255.68978478000002
轉賬歷史,Data,2026-08-04,U***32085,ES 04SEP26 8300 C,賣,EW1U6 C8300,-1.0,5.0,USD,320.55,-1.807902,318.57938682
轉賬歷史,Data,2026-08-04,U***32085,cancel[j**********80:美國證券快照和期貨價值數據組非專業 - 七月 2026,其它費用,-,-,-,-,12.94,-,12.94
轉賬歷史,Data,2026-08-04,U***32085,VAT cancel[j**********80:美國證券快照和期貨價值數據組非專業 ,銷售稅,-,-,-,-,1.1646,-,1.1646
轉賬歷史,Data,2026-08-04,U***32085,MES 18SEP26,賣,MESU6,-1.0,7761.0,USD,49755.771(1),-0.782142,-29.702034779999998
轉賬歷史,Data,2026-08-04,U***32085,MNQ 18SEP26,賣,MNQU6,-1.0,29857.25,USD,76565.9319(1),-0.782142,-16.88003478
轉賬歷史,Data,2026-08-04,U***32085,NQ 18SEP26 32250 C,賣,NQU6 C32250,-1.0,197.0,USD,5051.868,-1.807902,5049.89738682
轉賬歷史,Data,2026-08-04,U***32085,MNQ 18SEP26,買,MNQU6,1.0,29915.75,USD,-76715.94930000001(1),-0.782142,-134.84243478
轉賬歷史,Data,2026-08-04,U***32085,MCL SEP26,買,MCLU6,1.0,75.71,USD,-9707.536199999999(1),-0.974472,6.631025520000001
轉賬歷史,Data,2026-08-04,U***32085,J**********80:OSE NP L1 FOR AUG 2026,其它費用,-,-,-,-,-1.63,-,-1.63
轉賬歷史,Data,2026-08-04,U***32085,J**********80:CBOE ONE ADD-ON FOR AUG 2026,其它費用,-,-,-,-,-1.28,-,-1.28
轉賬歷史,Data,2026-08-04,U***32085,J**********80:TOKYO P L2 FOR AUG 2026,其它費用,-,-,-,-,-2.44,-,-2.44
轉賬歷史,Data,2026-08-04,U***32085,j**********80:美國股票和期權擴展實時更新數據組非專業 - 八月 2026,其它費用,-,-,-,-,-5.77,-,-5.77
轉賬歷史,Data,2026-08-04,U***32085,J**********80:TWSE FOR AUG 2026,其它費用,-,-,-,-,-1.28,-,-1.28
轉賬歷史,Data,2026-08-04,U***32085,J**********80:SGX DERIV L1 FOR AUG 2026,其它費用,-,-,-,-,-2.0,-,-2.0
轉賬歷史,Data,2026-08-04,U***32085,j**********80:美國證券快照和期貨價值數據組非專業 - 八月 2026,其它費用,-,-,-,-,-12.82,-,-12.82
轉賬歷史,Data,2026-08-04,U***32085,j**********80:CFE ENHANCED非專業一級 - 八月 2026,其它費用,-,-,-,-,-5.77,-,-5.77
轉賬歷史,Data,2026-08-04,U***32085,VAT j**********80:OSE NP L1,銷售稅,-,-,-,-,-0.1467,-,-0.1467
轉賬歷史,Data,2026-08-04,U***32085,VAT j**********80:Cboe One Add-On,銷售稅,-,-,-,-,-0.1152,-,-0.1152
轉賬歷史,Data,2026-08-04,U***32085,VAT j**********80:Tokyo P L2,銷售稅,-,-,-,-,-0.2196,-,-0.2196
轉賬歷史,Data,2026-08-04,U***32085,VAT j**********80:美國股票和期權擴展實時更新數據組非專業 ,銷售稅,-,-,-,-,-0.5193,-,-0.5193
轉賬歷史,Data,2026-08-04,U***32085,VAT j**********80:TWSE,銷售稅,-,-,-,-,-0.1152,-,-0.1152
轉賬歷史,Data,2026-08-04,U***32085,VAT j**********80:SGX Deriv L1,銷售稅,-,-,-,-,-0.18,-,-0.18
轉賬歷史,Data,2026-08-04,U***32085,VAT j**********80:美國證券快照和期貨價值數據組非專業 ,銷售稅,-,-,-,-,-1.1538,-,-1.1538
轉賬歷史,Data,2026-08-04,U***32085,VAT j**********80:CFE ENHANCED非專業一級 ,銷售稅,-,-,-,-,-0.5193,-,-0.5193
轉賬歷史,Data,2026-08-03,U***32085,MHG SEP26 Position MTM,持倉按市價計值(MTM),MHGU6,-,-,-,-480.9,-,-480.9
轉賬歷史,Data,2026-08-03,U***32085,MCL SEP26 Position MTM,持倉按市價計值(MTM),MCLU6,-,-,-,-1110.5584,-,-1110.5584
轉賬歷史,Data,2026-08-03,U***32085,YC 14SEP26 Position MTM,持倉按市價計值(MTM),XCU6,-,-,-,436.016,-,436.016
轉賬歷史,Data,2026-08-03,U***32085,MHNG SEP26 Position MTM,持倉按市價計值(MTM),MNGU6,-,-,-,-130.8048,-,-130.8048
轉賬歷史,Data,2026-08-03,U***32085,MGC 28OCT26 Position MTM,持倉按市價計值(MTM),MGCV6,-,-,-,418.06239999999997,-,418.06239999999997
轉賬歷史,Data,2026-08-03,U***32085,MES 18SEP26 Position MTM,持倉按市價計值(MTM),MESU6,-,-,-,-2096.724,-,-2096.724
轉賬歷史,Data,2026-08-03,U***32085,MNQ 18SEP26 Position MTM,持倉按市價計值(MTM),MNQU6,-,-,-,-5001.36,-,-5001.36
轉賬歷史,Data,2026-08-03,U***32085,VXM 19AUG26 Position MTM,持倉按市價計值(MTM),VXMQ6,-,-,-,40.52384,-,40.52384
轉賬歷史,Data,2026-08-03,U***32085,M6E 14SEP26 Position MTM,持倉按市價計值(MTM),M6EU6,-,-,-,136.255,-,136.255
轉賬歷史,Data,2026-08-03,U***32085,MJY 14SEP26 Position MTM,持倉按市價計值(MTM),MJYU6,-,-,-,-981.8375,-,-981.8375
轉賬歷史,Data,2026-08-03,U***32085,MET 28AUG26,賣,METQ6,-1.0,1886.5,USD,241.92476(1),-0.397544,1.1055570399999999
轉賬歷史,Data,2026-08-03,U***32085,MJY 14SEP26,賣,MJYU6,-1.0,0.006438,USD,10320.114(1),-0.51296,57.1488736
轉賬歷史,Data,2026-08-03,U***32085,MJY 14SEP26,買,MJYU6,1.0,0.006435,USD,-10315.305(1),-0.51296,-53.4581264
轉賬歷史,Data,2026-08-03,U***32085,MES 18SEP26,賣,MESU6,-1.0,7556.75,USD,48453.881(1),-0.782264,-459.31066776
轉賬歷史,Data,2026-08-03,U***32085,MET 28AUG26,買,METQ6,1.0,1860.5,USD,-238.59052(1),-0.397544,1.3620370399999997
轉賬歷史,Data,2026-08-03,U***32085,VXM 19AUG26,賣,VXMQ6,-1.0,17.99,USD,2307.0375999999997(1),-0.589904,4.92262064
轉賬歷史,Data,2026-08-03,U***32085,VXM 19AUG26,買,VXMQ6,1.0,17.96,USD,-2303.1904(1),-0.589904,-2.36141136
轉賬歷史,Data,2026-08-03,U***32085,VXM 19AUG26,買,VXMQ6,1.0,17.97,USD,-2304.4728(1),-0.589904,-3.6438113599999995
轉賬歷史,Data,2026-08-03,U***32085,VXM 19AUG26,買,VXMQ6,1.0,17.96,USD,-2303.1904(1),-0.589904,-2.36141136
轉賬歷史,Data,2026-08-03,U***32085,VXM 19AUG26,買,VXMQ6,1.0,17.96,USD,-2303.1904(1),-0.589904,-2.36141136
轉賬歷史,Data,2026-08-03,U***32085,MJY 14SEP26,買,MJYU6,1.0,0.006389,USD,-10241.567(1),-0.51296,20.2798736
轉賬歷史,Data,2026-08-03,U***32085,VXM 19AUG26,賣,VXMQ6,-1.0,17.97,USD,2304.4728(1),-0.589904,2.35782064
轉賬歷史,Data,2026-08-03,U***32085,MJY 14SEP26,賣,MJYU6,-1.0,0.006417,USD,10286.451(1),-0.51296,23.4858736
轉賬歷史,Data,2026-08-03,U***32085,MBT 28AUG26,賣,MBTQ6,-1.0,63120.0,USD,8094.5088(1),-2.5776239999999997,-126.56121016
轉賬歷史,Data,2026-08-03,U***32085,VXM 19AUG26,買,VXMQ6,1.0,18.02,USD,-2310.8848(1),-0.589904,-10.05581136
轉賬歷史,Data,2026-08-03,U***32085,VXM 19AUG26,買,VXMQ6,1.0,18.02,USD,-2310.8848(1),-0.589904,-10.05581136
轉賬歷史,Data,2026-08-03,U***32085,MES 18SEP26,賣,MESU6,-1.0,7604.5,USD,48760.054(1),-0.782264,-153.13766776
轉賬歷史,Data,2026-08-03,U***32085,KORU 21AUG26 21 C,賣,KORU  260821C00021000,-1.0,1.24,USD,159.0176,-0.30252380256,158.68784905008
轉賬歷史,Data,2026-08-03,U***32085,KORU 21AUG26 10.75 P,賣,KORU  260821P00010750,-1.0,1.14,USD,146.1936,-0.30225962816,145.864137000176
轉賬歷史,Data,2026-08-03,U***32085,KORU 14AUG26 12.25 P,買,KORU  260814P00012250,1.0,1.27,USD,-162.8648,-0.29502894399999996,-163.18638154896
轉賬歷史,Data,2026-08-03,U***32085,KORU 14AUG26 33 C,買,KORU  260814C00033000,1.0,0.19,USD,-24.3656,-0.29502894399999996,-24.68718154896
轉賬歷史,Data,2026-08-03,U***32085,MNQ 18SEP26,賣,MNQU6,-1.0,28885.75,USD,74086.1716(1),-0.782264,-16.24146776
轉賬歷史,Data,2026-08-03,U***32085,MES 18SEP26,賣,MESU6,-1.0,7632.75,USD,48941.193(1),-0.782264,28.00133224
轉賬歷史,Data,2026-07-31,U***32085,MHG SEP26 Position MTM,持倉按市價計值(MTM),MHGU6,-,-,-,57.699,-,57.699
轉賬歷史,Data,2026-07-31,U***32085,MCL SEP26 Position MTM,持倉按市價計值(MTM),MCLU6,-,-,-,276.9552,-,276.9552
轉賬歷史,Data,2026-07-31,U***32085,YC 14SEP26 Position MTM,持倉按市價計值(MTM),XCU6,-,-,-,-256.44,-,-256.44
轉賬歷史,Data,2026-07-31,U***32085,MHNG SEP26 Position MTM,持倉按市價計值(MTM),MNGU6,-,-,-,42.3126,-,42.3126
轉賬歷史,Data,2026-07-31,U***32085,MGC 28OCT26 Position MTM,持倉按市價計值(MTM),MGCV6,-,-,-,2031.0048,-,2031.0048
轉賬歷史,Data,2026-07-31,U***32085,MES 18SEP26 Position MTM,持倉按市價計值(MTM),MESU6,-,-,-,-899.14275,-,-899.14275
轉賬歷史,Data,2026-07-31,U***32085,MNQ 18SEP26 Position MTM,持倉按市價計值(MTM),MNQU6,-,-,-,-1707.8904,-,-1707.8904
轉賬歷史,Data,2026-07-31,U***32085,VXM 19AUG26 Position MTM,持倉按市價計值(MTM),VXMQ6,-,-,-,427.6137,-,427.6137
轉賬歷史,Data,2026-07-31,U***32085,M6E 14SEP26 Position MTM,持倉按市價計值(MTM),M6EU6,-,-,-,40.06875,-,40.06875
轉賬歷史,Data,2026-07-31,U***32085,MJY 14SEP26,買,MJYU6,1.0,0.006261,USD,-10034.81775(1),-0.51288,85.1880858
轉賬歷史,Data,2026-07-31,U***32085,MGC 28OCT26,買,MGCV6,1.0,4088.1,USD,-52417.6182(1),-1.230912,-148.79469408
轉賬歷史,Data,2026-07-31,U***32085,MJY 14SEP26,賣,MJYU6,-1.0,0.00632,USD,10129.38(1),-0.51288,8.2560858
轉賬歷史,Data,2026-07-31,U***32085,MJY 14SEP26,買,MJYU6,1.0,0.006266,USD,-10042.8315(1),-0.51288,77.1743358
轉賬歷史,Data,2026-07-31,U***32085,M6E 14SEP26,買,M6EU6,1.0,1.151,USD,-18447.6525(1),-0.51288,63.5509608
轉賬歷史,Data,2026-07-31,U***32085,MNQ 18SEP26,賣,MNQU6,-1.0,28679.0,USD,73544.4276(1),-0.782142,703.7163652200001
轉賬歷史,Data,2026-07-31,U***32085,MJY 14SEP26,賣,MJYU6,-1.0,0.006288,USD,10078.092(1),-0.51288,-43.0319142
轉賬歷史,Data,2026-07-31,U***32085,MNQ 18SEP26,買,MNQU6,1.0,28331.25,USD,-72652.6575(1),-0.782142,186.34866522
轉賬歷史,Data,2026-07-31,U***32085,DIREX DLY AEROS & DF BL3X-UI,賣,DFEN,-18.0,73.0,USD,1684.8108,-0.45606526923,1684.313688854616
轉賬歷史,Data,2026-07-31,U***32085,YINN 21AUG26 20 P,買,YINN  260821P00020000,1.0,0.21,USD,-26.9262,-0.884038434,-27.889801893060003
轉賬歷史,Data,2026-07-31,U***32085,YINN 21AUG26 38 C,買,YINN  260821C00038000,1.0,0.22,USD,-28.2084,-0.884038434,-29.172001893060003
轉賬歷史,Data,2026-07-31,U***32085,SPACE EXPLORATION TECHN-CL A,賣,SPCX,-28.0,108.6,USD,3898.9137600000004,-0.497034226206,3898.3719926879226
轉賬歷史,Data,2026-07-31,U***32085,SPCX 14AUG26 220 C,買,SPCX  260814C00220000,1.0,0.74,USD,-94.8828,-0.294982932,-95.20433139587999
轉賬歷史,Data,2026-07-31,U***32085,SPCX 14AUG26 80 P,買,SPCX  260814P00080000,1.0,1.51,USD,-193.6122,-0.294982932,-193.93373139588002
轉賬歷史,Data,2026-07-31,U***32085,DIREXION DLY FTSE CH BL3X-UI,賣,YINN,-39.0,31.79,USD,1589.684382,-0.6517670526192,1588.9739559129528
轉賬歷史,Data,2026-07-31,U***32085,SOXL 28AUG26 80 P,賣,SOXL  260828P00080000,-1.0,6.82,USD,874.4604,-0.9062707562400001,873.472564873134
轉賬歷史,Data,2026-07-31,U***32085,SOXL 28AUG26 180 C,賣,SOXL  260828C00180000,-1.0,6.78,USD,869.3316,-0.90616510296,868.343880040338
轉賬歷史,Data,2026-07-31,U***32085,VXM 19AUG26,買,VXMQ6,1.0,18.6,USD,-2384.8920000000003(1),-0.589812,-64.16308308
轉賬歷史,Data,2026-07-31,U***32085,VXM 19AUG26,賣,VXMQ6,-1.0,18.53,USD,2375.9166(1),-0.589812,53.901892919999995
轉賬歷史,Data,2026-07-31,U***32085,VXM 19AUG26,買,VXMQ6,1.0,18.55,USD,-2378.481(1),-0.589812,-57.752083080000006
轉賬歷史,Data,2026-07-31,U***32085,VXM 19AUG26,買,VXMQ6,2.0,18.5,USD,-4744.14(1),-1.179624,-102.68216616000001
轉賬歷史,Data,2026-07-31,U***32085,M6E 14SEP26,賣,M6EU6,-1.0,1.1549,USD,18510.15975(1),-0.51288,-2.1617892
轉賬歷史,Data,2026-07-31,U***32085,MJY 14SEP26,賣,MJYU6,-1.0,0.006334,USD,10151.8185(1),-0.51288,30.6945858
轉賬歷史,Data,2026-07-31,U***32085,MJY 14SEP26,賣,MJYU6,-1.0,0.006365,USD,10201.50375(1),-0.51288,80.3798358
轉賬歷史,Data,2026-07-30,U***32085,MHG SEP26 Position MTM,持倉按市價計值(MTM),MHGU6,-,-,-,-1044.2595000000001,-,-1044.2595000000001
轉賬歷史,Data,2026-07-30,U***32085,MCL SEP26 Position MTM,持倉按市價計值(MTM),MCLU6,-,-,-,-222.9462,-,-222.9462
轉賬歷史,Data,2026-07-30,U***32085,YC 14SEP26 Position MTM,持倉按市價計值(MTM),XCU6,-,-,-,-166.56900000000002,-,-166.56900000000002
轉賬歷史,Data,2026-07-30,U***32085,MHNG SEP26 Position MTM,持倉按市價計值(MTM),MNGU6,-,-,-,-138.3804,-,-138.3804
轉賬歷史,Data,2026-07-30,U***32085,MGC 28OCT26 Position MTM,持倉按市價計值(MTM),MGCV6,-,-,-,-1642.6266,-,-1642.6266
轉賬歷史,Data,2026-07-30,U***32085,M2K 18SEP26 Position MTM,持倉按市價計值(MTM),M2KU6,-,-,-,-249.21285000000003,-,-249.21285000000003
轉賬歷史,Data,2026-07-30,U***32085,MES 18SEP26 Position MTM,持倉按市價計值(MTM),MESU6,-,-,-,-776.788125,-,-776.788125
轉賬歷史,Data,2026-07-30,U***32085,MNQ 18SEP26 Position MTM,持倉按市價計值(MTM),MNQU6,-,-,-,-2295.44895,-,-2295.44895
轉賬歷史,Data,2026-07-30,U***32085,VXM 19AUG26 Position MTM,持倉按市價計值(MTM),VXMQ6,-,-,-,2167.4214540000003,-,2167.4214540000003
轉賬歷史,Data,2026-07-30,U***32085,M6E 14SEP26 Position MTM,持倉按市價計值(MTM),M6EU6,-,-,-,-522.1297500000001,-,-522.1297500000001
轉賬歷史,Data,2026-07-30,U***32085,MJY 14SEP26 Position MTM,持倉按市價計值(MTM),MJYU6,-,-,-,-541.3492500000001,-,-541.3492500000001
轉賬歷史,Data,2026-07-30,U***32085,NQ 18SEP26 30400 C,買,NQU6 C30400,1.0,100.0,USD,-2562.6000000000004,-1.8066330000000002,-2564.5692299700004
轉賬歷史,Data,2026-07-30,U***32085,MNQ 18SEP26,賣,MNQU6,-1.0,27491.0,USD,70448.4366(1),-0.7815930000000001,-1914.47348637
轉賬歷史,Data,2026-07-30,U***32085,M6E 14SEP26,買,M6EU6,1.0,1.1466,USD,-18364.23225(1),-0.5125200000000001,141.9859782
轉賬歷史,Data,2026-07-30,U***32085,M6E 14SEP26,賣,M6EU6,-1.0,1.1494,USD,18409.07775(1),-0.5125200000000001,-98.25777180000001
轉賬歷史,Data,2026-07-30,U***32085,VXM 19AUG26,買,VXMQ6,1.0,19.69,USD,-2522.8797000000004(1),-0.5893980000000001,-118.31703582
轉賬歷史,Data,2026-07-30,U***32085,VXM 19AUG26,買,VXMQ6,1.0,19.69,USD,-2522.8797000000004(1),-0.5893980000000001,-118.31703582
轉賬歷史,Data,2026-07-30,U***32085,M2K 18SEP26,買,M2KU6,1.0,2930.2,USD,-18772.3263(1),-0.7815930000000001,153.54471363000002
轉賬歷史,Data,2026-07-30,U***32085,RTY 18SEP26 3200 C,賣,RTOU6 C3200,-1.0,6.2,USD,397.20300000000003,-1.8066330000000002,395.23377003
轉賬歷史,Data,2026-07-30,U***32085,ES 18SEP26 7825 C,買,ESU6 C7825,1.0,18.4,USD,-1178.796,-1.8066330000000002,-1180.76522997
轉賬歷史,Data,2026-07-30,U***32085,MJY 14SEP26,賣,MJYU6,-1.0,0.006249,USD,10008.554625(1),-0.5125200000000001,-105.46508430000002
轉賬歷史,Data,2026-07-30,U***32085,MES 18SEP26,賣,MESU6,-1.0,7425.25,USD,47569.86412500001(1),-0.7815930000000001,-303.55906137000005
轉賬歷史,Data,2026-07-30,U***32085,MNQ 18SEP26,賣,MNQU6,-1.0,28051.0,USD,71883.49260000001(1),-0.7815930000000001,-479.41748637
轉賬歷史,Data,2026-07-30,U***32085,MJY 14SEP26,賣,MJYU6,-1.0,0.006268,USD,10038.9855(1),-0.5125200000000001,-75.0342093
轉賬歷史,Data,2026-07-30,U***32085,M6E 14SEP26,賣,M6EU6,-1.0,1.1534,USD,18473.142750000003(1),-0.5125200000000001,-34.1927718
轉賬歷史,Data,2026-07-30,U***32085,MJY 14SEP26,賣,MJYU6,-1.0,0.006311,USD,10107.855375000001(1),-0.5125200000000001,-6.1643343
轉賬歷史,Data,2026-07-30,U***32085,VXM 19AUG26,買,VXMQ6,1.0,19.31,USD,-2474.1902999999998(1),-0.5893980000000001,-69.62763582000001
轉賬歷史,Data,2026-07-30,U***32085,VXM 19AUG26,買,VXMQ6,1.0,19.31,USD,-2474.1902999999998(1),-0.5893980000000001,-69.62763582000001
轉賬歷史,Data,2026-07-30,U***32085,MJY 14SEP26,賣,MJYU6,-1.0,0.006342,USD,10157.505750000002(1),-0.5125200000000001,43.486040700000004
轉賬歷史,Data,2026-07-30,U***32085,MJY 14SEP26,買,MJYU6,1.0,0.006291,USD,-10075.822875000002(1),-0.5125200000000001,37.0795407
轉賬歷史,Data,2026-07-30,U***32085,VXM 19AUG26,賣,VXMQ6,-1.0,19.49,USD,2497.2536999999998(1),-0.5893980000000001,91.40614818000003
轉賬歷史,Data,2026-07-30,U***32085,VXM 19AUG26,賣,VXMQ6,-1.0,19.49,USD,2497.2536999999998(1),-0.5893980000000001,91.40614818000003
轉賬歷史,Data,2026-07-30,U***32085,SOXL 14AUG26 110 P,買,SOXL  260814P00110000,1.0,14.99,USD,-1920.6687000000002,-1.3329107640000002,-1922.12157273276
轉賬歷史,Data,2026-07-30,U***32085,SOXL 14AUG26 200 C,買,SOXL  260814C00200000,1.0,1.3,USD,-166.56900000000002,-1.33421769,-168.02329728210003
轉賬歷史,Data,2026-07-30,U***32085,DFEN 21AUG26 50 P,買,DFEN  260821P00050000,1.0,0.47,USD,-60.22110000000001,-0.294775878,-60.54240570702
轉賬歷史,Data,2026-07-30,U***32085,DFEN 21AUG26 86 C,買,DFEN  260821C00086000,1.0,1.43,USD,-183.22590000000002,-0.294775878,-183.54720570702003
轉賬歷史,Data,2026-07-30,U***32085,MGC 28OCT26,賣,MGCV6,-1.0,4142.1,USD,53072.727300000006(1),-1.230048,161.38434768000002
轉賬歷史,Data,2026-07-30,U***32085,VXM 19AUG26,買,VXMQ6,2.0,19.18,USD,-4915.0668000000005(1),-1.1787960000000002,-105.94147164000003
轉賬歷史,Data,2026-07-30,U***32085,MES 18SEP26,賣,MESU6,-1.0,7469.5,USD,47853.35175(1),-0.7815930000000001,-20.07143637
轉賬歷史,Data,2026-07-30,U***32085,MNQ 18SEP26,賣,MNQU6,-1.0,28316.75,USD,72564.50355000001(1),-0.7815930000000001,201.59346363
轉賬歷史,Data,2026-07-30,U***32085,VXM 19AUG26,買,VXMQ6,2.0,18.7,USD,-4792.062000000001(1),-1.1787960000000002,17.06332836
轉賬歷史,Data,2026-07-29,U***32085,MHG SEP26 Position MTM,持倉按市價計值(MTM),MHGU6,-,-,-,309.336,-,309.336
轉賬歷史,Data,2026-07-29,U***32085,MCL SEP26 Position MTM,持倉按市價計值(MTM),MCLU6,-,-,-,1340.456,-,1340.456
轉賬歷史,Data,2026-07-29,U***32085,YC 14SEP26 Position MTM,持倉按市價計值(MTM),XCU6,-,-,-,-489.782,-,-489.782
轉賬歷史,Data,2026-07-29,U***32085,MHNG SEP26 Position MTM,持倉按市價計值(MTM),MNGU6,-,-,-,-81.2007,-,-81.2007
轉賬歷史,Data,2026-07-29,U***32085,MGC 27AUG26 Position MTM,持倉按市價計值(MTM),MGCQ6,-,-,-,30.9336,-,30.9336
轉賬歷史,Data,2026-07-29,U***32085,MGC 28OCT26 Position MTM,持倉按市價計值(MTM),MGCV6,-,-,-,27.066899999999997,-,27.066899999999997
轉賬歷史,Data,2026-07-29,U***32085,M2K 18SEP26 Position MTM,持倉按市價計值(MTM),M2KU6,-,-,-,316.42494999999997,-,316.42494999999997
轉賬歷史,Data,2026-07-29,U***32085,MES 18SEP26 Position MTM,持倉按市價計值(MTM),MESU6,-,-,-,734.673,-,734.673
轉賬歷史,Data,2026-07-29,U***32085,MNQ 18SEP26 Position MTM,持倉按市價計值(MTM),MNQU6,-,-,-,1495.124,-,1495.124
轉賬歷史,Data,2026-07-29,U***32085,VXM 19AUG26 Position MTM,持倉按市價計值(MTM),VXMQ6,-,-,-,-1182.9137529999998,-,-1182.9137529999998
轉賬歷史,Data,2026-07-29,U***32085,M6E 14SEP26 Position MTM,持倉按市價計值(MTM),M6EU6,-,-,-,-203.00175,-,-203.00175
轉賬歷史,Data,2026-07-29,U***32085,MJY 14SEP26 Position MTM,持倉按市價計值(MTM),MJYU6,-,-,-,-61.22275,-,-61.22275
轉賬歷史,Data,2026-07-29,U***32085,M6E 14SEP26,賣,M6EU6,-1.0,1.1424,USD,18405.492000000002(1),-0.51556,-80.3126479
轉賬歷史,Data,2026-07-29,U***32085,VXM 19AUG26,賣,VXMQ6,-2.0,19.28,USD,4969.9983999999995(1),-1.185788,-266.65124091999996
轉賬歷史,Data,2026-07-29,U***32085,VXM 19AUG26,買,VXMQ6,2.0,19.07,USD,-4915.8646(1),-1.185788,318.20002308
轉賬歷史,Data,2026-07-29,U***32085,MGC 27AUG26,買,MGCQ6,1.0,4011.3,USD,-51701.6457(1),-1.237344,320.87629504
轉賬歷史,Data,2026-07-29,U***32085,VXM 19AUG26,賣,VXMQ6,-1.0,19.59,USD,2524.9550999999997(1),-0.592894,-93.36972045999998
轉賬歷史,Data,2026-07-29,U***32085,VXM 19AUG26,賣,VXMQ6,-1.0,19.59,USD,2524.9550999999997(1),-0.592894,-93.36972045999998
轉賬歷史,Data,2026-07-29,U***32085,VXM 19AUG26,賣,VXMQ6,-1.0,19.74,USD,2544.2885999999994(1),-0.592894,-74.03622046
轉賬歷史,Data,2026-07-29,U***32085,VXM 19AUG26,賣,VXMQ6,-1.0,19.74,USD,2544.2885999999994(1),-0.592894,-74.03622046
轉賬歷史,Data,2026-07-29,U***32085,MGC 28OCT26,賣,MGCV6,-1.0,4043.5,USD,52116.6715(1),-1.237344,-282.32890496
轉賬歷史,Data,2026-07-29,U***32085,VXM 19AUG26,買,VXMQ6,1.0,19.6,USD,-2526.244(1),-0.592894,90.78831154000001
轉賬歷史,Data,2026-07-29,U***32085,VXM 19AUG26,買,VXMQ6,1.0,19.6,USD,-2526.244(1),-0.592894,90.78831154000001
轉賬歷史,Data,2026-07-29,U***32085,VXM 19AUG26,買,VXMQ6,2.0,18.95,USD,-4884.931(1),-1.185788,349.13362307999995
轉賬歷史,Data,2026-07-29,U***32085,VXM 19AUG26,賣,VXMQ6,-2.0,20.14,USD,5191.6892(1),-1.185788,-44.96044092
轉賬歷史,Data,2026-07-29,U***32085,VXM 19AUG26,賣,VXMQ6,-1.0,20.32,USD,2619.0447999999997(1),-0.592894,0.7199795400000001
轉賬歷史,Data,2026-07-29,U***32085,VXM 19AUG26,賣,VXMQ6,-1.0,20.32,USD,2619.0447999999997(1),-0.592894,0.7199795400000001
轉賬歷史,Data,2026-07-29,U***32085,M6E 14SEP26,賣,M6EU6,-1.0,1.1486,USD,18505.38175(1),-0.51556,19.577102099999998
轉賬歷史,Data,2026-07-28,U***32085,MHG SEP26 Position MTM,持倉按市價計值(MTM),MHGU6,-,-,-,126.009,-,126.009
轉賬歷史,Data,2026-07-28,U***32085,MCL SEP26 Position MTM,持倉按市價計值(MTM),MCLU6,-,-,-,-865.908,-,-865.908
轉賬歷史,Data,2026-07-28,U***32085,YC 14SEP26 Position MTM,持倉按市價計值(MTM),XCU6,-,-,-,348.948,-,348.948
轉賬歷史,Data,2026-07-28,U***32085,MHNG SEP26 Position MTM,持倉按市價計值(MTM),MNGU6,-,-,-,337.3164,-,337.3164
轉賬歷史,Data,2026-07-28,U***32085,MGC 27AUG26 Position MTM,持倉按市價計值(MTM),MGCQ6,-,-,-,494.9892,-,494.9892
轉賬歷史,Data,2026-07-28,U***32085,MGC 28OCT26 Position MTM,持倉按市價計值(MTM),MGCV6,-,-,-,489.8196,-,489.8196
轉賬歷史,Data,2026-07-28,U***32085,M2K 18SEP26 Position MTM,持倉按市價計值(MTM),M2KU6,-,-,-,-29.079,-,-29.079
轉賬歷史,Data,2026-07-28,U***32085,MES 18SEP26 Position MTM,持倉按市價計值(MTM),MESU6,-,-,-,-109.854,-,-109.854
轉賬歷史,Data,2026-07-28,U***32085,MNQ 18SEP26 Position MTM,持倉按市價計值(MTM),MNQU6,-,-,-,692.7264,-,692.7264
轉賬歷史,Data,2026-07-28,U***32085,VXM 19AUG26 Position MTM,持倉按市價計值(MTM),VXMQ6,-,-,-,128.01221999999999,-,128.01221999999999
轉賬歷史,Data,2026-07-28,U***32085,M6E 14SEP26 Position MTM,持倉按市價計值(MTM),M6EU6,-,-,-,-92.0835,-,-92.0835
轉賬歷史,Data,2026-07-28,U***32085,MJY 14SEP26 Position MTM,持倉按市價計值(MTM),MJYU6,-,-,-,9.693,-,9.693
轉賬歷史,Data,2026-07-28,U***32085,M6E 14SEP26,買,M6EU6,1.0,1.1386,USD,-18394.083(1),-0.51696,39.0162636
轉賬歷史,Data,2026-07-28,U***32085,VXM 19AUG26,賣,VXMQ6,-2.0,19.45,USD,5027.436(1),-1.189008,115.45939727999999
轉賬歷史,Data,2026-07-28,U***32085,VXM 19AUG26,買,VXMQ6,2.0,19.11,USD,-4939.5528(1),-1.189008,-30.16823472
轉賬歷史,Data,2026-07-28,U***32085,MGC 27AUG26,買,MGCQ6,1.0,4031.2,USD,-52099.2288(1),-1.240704,95.57763264
轉賬歷史,Data,2026-07-28,U***32085,NQ 18SEP26 31000 C,買,NQU6 C31000,1.0,85.25,USD,-2203.542,-1.8222839999999998,-2205.52828956
轉賬歷史,Data,2026-07-28,U***32085,電子資金轉帳,存款,-,-,-,-,10000.0,-,10000.0
轉賬歷史,Data,2026-07-28,U***32085,MGC 27AUG26,賣,MGCQ6,-1.0,4026.2,USD,52034.6088(1),-1.240704,-162.90236736
轉賬歷史,Data,2026-07-27,U***32085,MHG SEP26 Position MTM,持倉按市價計值(MTM),MHGU6,-,-,-,-138.81474999999998,-,-138.81474999999998
轉賬歷史,Data,2026-07-27,U***32085,MCL SEP26 Position MTM,持倉按市價計值(MTM),MCLU6,-,-,-,-865.1709999999999,-,-865.1709999999999
轉賬歷史,Data,2026-07-27,U***32085,YC 14SEP26 Position MTM,持倉按市價計值(MTM),XCU6,-,-,-,-484.23749999999995,-,-484.23749999999995
轉賬歷史,Data,2026-07-27,U***32085,MHNG SEP26 Position MTM,持倉按市價計值(MTM),MNGU6,-,-,-,516.52,-,516.52
轉賬歷史,Data,2026-07-27,U***32085,MGC 27AUG26 Position MTM,持倉按市價計值(MTM),MGCQ6,-,-,-,-160.1212,-,-160.1212
轉賬歷史,Data,2026-07-27,U***32085,M2K 18SEP26 Position MTM,持倉按市價計值(MTM),M2KU6,-,-,-,-120.73655,-,-120.73655
轉賬歷史,Data,2026-07-27,U***32085,MES 18SEP26 Position MTM,持倉按市價計值(MTM),MESU6,-,-,-,-4.842375,-,-4.842375
轉賬歷史,Data,2026-07-27,U***32085,MNQ 18SEP26 Position MTM,持倉按市價計值(MTM),MNQU6,-,-,-,238.24484999999999,-,238.24484999999999
轉賬歷史,Data,2026-07-27,U***32085,VXM 19AUG26 Position MTM,持倉按市價計值(MTM),VXMQ6,-,-,-,105.989904,-,105.989904
轉賬歷史,Data,2026-07-27,U***32085,M6E 14SEP26 Position MTM,持倉按市價計值(MTM),M6EU6,-,-,-,12.1059375,-,12.1059375
轉賬歷史,Data,2026-07-27,U***32085,MJY 14SEP26 Position MTM,持倉按市價計值(MTM),MJYU6,-,-,-,-4.842375,-,-4.842375
轉賬歷史,Data,2026-07-27,U***32085,VXM 19AUG26,買,VXMQ6,2.0,18.64,USD,-4813.966399999999(1),-1.187996,127.78343235999998
轉賬歷史,Data,2026-07-27,U***32085,VXM 19AUG26,買,VXMQ6,1.0,18.65,USD,-2408.2744999999995(1),-0.593998,62.60041617999999
轉賬歷史,Data,2026-07-27,U***32085,VXM 19AUG26,買,VXMQ6,1.0,18.65,USD,-2408.2744999999995(1),-0.593998,62.60041617999999
轉賬歷史,Data,2026-07-27,U***32085,MHNG SEP26,買,MNGU6,1.0,2.847,USD,-3676.3311(1),-1.110518,-77.39716461999998
轉賬歷史,Data,2026-07-27,U***32085,MCL SEP26,買,MCLU6,1.0,84.56,USD,-10919.2328(1),-0.9813879999999999,-252.87321291999996
轉賬歷史,Data,2026-07-27,U***32085,MGC 28OCT26,賣,MGCV6,-1.0,4132.7,USD,53365.5551(1),-1.2396479999999999,352.46498368
轉賬歷史,Data,2026-07-27,U***32085,YC 14SEP26,買,XCU6,1.0,4.54375,USD,-5867.344375(1),-2.4792959999999997,-36.59905764
轉賬歷史,Data,2026-07-27,U***32085,MES 18SEP26,賣,MESU6,-1.0,7518.75,USD,48544.809375(1),-0.7876929999999999,454.32466463
轉賬歷史,Data,2026-07-27,U***32085,VXM 19AUG26,賣,VXMQ6,-2.0,19.17,USD,4950.8442000000005(1),-1.187996,6.5045363599999995
轉賬歷史,Data,2026-07-27,U***32085,MGC 27AUG26,買,MGCQ6,1.0,4076.0,USD,-52633.388(1),-1.2396479999999999,11.56178368
轉賬歷史,Data,2026-07-27,U***32085,VXM 19AUG26,賣,VXMQ6,-1.0,19.09,USD,2465.0917(1),-0.593998,-7.07813182
轉賬歷史,Data,2026-07-27,U***32085,VXM 19AUG26,賣,VXMQ6,-1.0,19.09,USD,2465.0917(1),-0.593998,-7.07813182
轉賬歷史,Data,2026-07-27,U***32085,MES 18SEP26,買,MESU6,1.0,7430.0,USD,-47971.795(1),-0.7876929999999999,116.97253962999999
轉賬歷史,Data,2026-07-27,U***32085,VXM 19AUG26,買,VXMQ6,1.0,19.02,USD,-2456.0526(1),-0.593998,14.82231618
轉賬歷史,Data,2026-07-27,U***32085,VXM 19AUG26,買,VXMQ6,1.0,19.02,USD,-2456.0526(1),-0.593998,14.82231618
轉賬歷史,Data,2026-07-24,U***32085,MHG SEP26 Position MTM,持倉按市價計值(MTM),MHGU6,-,-,-,-90.342,-,-90.342
轉賬歷史,Data,2026-07-24,U***32085,MCL SEP26 Position MTM,持倉按市價計值(MTM),MCLU6,-,-,-,-371.6928,-,-371.6928
轉賬歷史,Data,2026-07-24,U***32085,YC 14SEP26 Position MTM,持倉按市價計值(MTM),XCU6,-,-,-,9.679499999999999,-,9.679499999999999
轉賬歷史,Data,2026-07-24,U***32085,MHNG SEP26 Position MTM,持倉按市價計值(MTM),MNGU6,-,-,-,165.1968,-,165.1968
轉賬歷史,Data,2026-07-24,U***32085,MGC 27AUG26 Position MTM,持倉按市價計值(MTM),MGCQ6,-,-,-,-797.5908,-,-797.5908
轉賬歷史,Data,2026-07-24,U***32085,1OZ AUG26 Position MTM,持倉按市價計值(MTM),1OZQ6,-,-,-,-52.9146,-,-52.9146
轉賬歷史,Data,2026-07-24,U***32085,M2K 18SEP26 Position MTM,持倉按市價計值(MTM),M2KU6,-,-,-,67.1112,-,67.1112
轉賬歷史,Data,2026-07-24,U***32085,MES 18SEP26 Position MTM,持倉按市價計值(MTM),MESU6,-,-,-,-32.265,-,-32.265
轉賬歷史,Data,2026-07-24,U***32085,MNQ 18SEP26 Position MTM,持倉按市價計值(MTM),MNQU6,-,-,-,873.7361999999999,-,873.7361999999999
轉賬歷史,Data,2026-07-24,U***32085,VXM 19AUG26 Position MTM,持倉按市價計值(MTM),VXMQ6,-,-,-,327.902742,-,327.902742
轉賬歷史,Data,2026-07-24,U***32085,M6E 14SEP26 Position MTM,持倉按市價計值(MTM),M6EU6,-,-,-,33.87825,-,33.87825
轉賬歷史,Data,2026-07-24,U***32085,MJY 14SEP26 Position MTM,持倉按市價計值(MTM),MJYU6,-,-,-,8.06625,-,8.06625
轉賬歷史,Data,2026-07-24,U***32085,MGC 27AUG26,買,MGCQ6,1.0,4031.6,USD,-52031.8296(1),-1.2389759999999999,504.56471616
轉賬歷史,Data,2026-07-24,U***32085,MGC 27AUG26,買,MGCQ6,1.0,4028.8,USD,-51995.6928(1),-1.2389759999999999,540.70151616
轉賬歷史,Data,2026-07-24,U***32085,1OZ AUG26,買,1OZQ6,2.0,4028.5,USD,-10398.3642(1),-1.703592,107.19878472000002
轉賬歷史,Data,2026-07-24,U***32085,MGC 27AUG26,賣,MGCQ6,-1.0,4029.1,USD,51999.5646(1),-1.2389759999999999,-539.5306838399999
轉賬歷史,Data,2026-07-24,U***32085,VXM 19AUG26,買,VXMQ6,1.0,18.93,USD,-2443.1058(1),-0.593676,38.19995316
轉賬歷史,Data,2026-07-24,U***32085,VXM 19AUG26,買,VXMQ6,1.0,18.93,USD,-2443.1058(1),-0.593676,38.19995316
轉賬歷史,Data,2026-07-24,U***32085,VXM 19AUG26,賣,VXMQ6,-1.0,19.33,USD,2494.7297999999996(1),-0.593676,12.12983316
轉賬歷史,Data,2026-07-24,U***32085,VXM 19AUG26,賣,VXMQ6,-1.0,19.33,USD,2494.7297999999996(1),-0.593676,12.12983316
轉賬歷史,Data,2026-07-24,U***32085,MES 18SEP26,買,MESU6,1.0,7437.5,USD,-47994.1875(1),-0.7872659999999999,63.67188005999999
轉賬歷史,Data,2026-07-23,U***32085,MHG SEP26 Position MTM,持倉按市價計值(MTM),MHGU6,-,-,-,969.675,-,969.675
轉賬歷史,Data,2026-07-23,U***32085,MCL SEP26 Position MTM,持倉按市價計值(MTM),MCLU6,-,-,-,1385.9887999999999,-,1385.9887999999999
轉賬歷史,Data,2026-07-23,U***32085,YC 14SEP26 Position MTM,持倉按市價計值(MTM),XCU6,-,-,-,77.574,-,77.574
轉賬歷史,Data,2026-07-23,U***32085,MHNG SEP26 Position MTM,持倉按市價計值(MTM),MNGU6,-,-,-,-85.3314,-,-85.3314
轉賬歷史,Data,2026-07-23,U***32085,MGC 27AUG26 Position MTM,持倉按市價計值(MTM),MGCQ6,-,-,-,3944.6378999999997,-,3944.6378999999997
轉賬歷史,Data,2026-07-23,U***32085,1OZ AUG26 Position MTM,持倉按市價計值(MTM),1OZQ6,-,-,-,263.10515,-,263.10515
轉賬歷史,Data,2026-07-23,U***32085,M2K 18SEP26 Position MTM,持倉按市價計值(MTM),M2KU6,-,-,-,117.00744999999999,-,117.00744999999999
轉賬歷史,Data,2026-07-23,U***32085,MES 18SEP26 Position MTM,持倉按市價計值(MTM),MESU6,-,-,-,1231.48725,-,1231.48725
轉賬歷史,Data,2026-07-23,U***32085,MNQ 18SEP26 Position MTM,持倉按市價計值(MTM),MNQU6,-,-,-,2898.6818,-,2898.6818
轉賬歷史,Data,2026-07-23,U***32085,VXM 19AUG26 Position MTM,持倉按市價計值(MTM),VXMQ6,-,-,-,-1175.2460999999998,-,-1175.2460999999998
轉賬歷史,Data,2026-07-23,U***32085,M6E 14SEP26 Position MTM,持倉按市價計值(MTM),M6EU6,-,-,-,172.1173125,-,172.1173125
轉賬歷史,Data,2026-07-23,U***32085,MJY 14SEP26 Position MTM,持倉按市價計值(MTM),MJYU6,-,-,-,85.654625,-,85.654625
轉賬歷史,Data,2026-07-23,U***32085,NG AUG26 4 C,賣,LNEQ6 C4000,-1.0,0.001,USD,12.928999999999998,-3.0512439999999996,9.60314404
轉賬歷史,Data,2026-07-23,U***32085,MNQ 18SEP26,買,MNQU6,1.0,28985.5,USD,-74950.7059(1),-0.788669,-944.03019921
轉賬歷史,Data,2026-07-23,U***32085,MHNG SEP26,賣,MNGU6,-1.0,2.942,USD,3803.7118(1),-1.111894,27.23183554
轉賬歷史,Data,2026-07-23,U***32085,VXM 19AUG26,賣,VXMQ6,-1.0,18.74,USD,2422.8945999999996(1),-0.594734,-100.62821705999998
轉賬歷史,Data,2026-07-23,U***32085,MCL SEP26,賣,MCLU6,-1.0,91.89,USD,11880.4581(1),-0.9826039999999999,-39.85803836
轉賬歷史,Data,2026-07-23,U***32085,VXM 19AUG26,買,VXMQ6,1.0,19.39,USD,-2506.9330999999997(1),-0.594734,15.29319694
轉賬歷史,Data,2026-07-22,U***32085,MHG SEP26 Position MTM,持倉按市價計值(MTM),MHGU6,-,-,-,380.87449999999995,-,380.87449999999995
轉賬歷史,Data,2026-07-22,U***32085,MCL SEP26 Position MTM,持倉按市價計值(MTM),MCLU6,-,-,-,321.4839,-,321.4839
轉賬歷史,Data,2026-07-22,U***32085,YC 14SEP26 Position MTM,持倉按市價計值(MTM),XCU6,-,-,-,477.707,-,477.707
轉賬歷史,Data,2026-07-22,U***32085,MHNG SEP26 Position MTM,持倉按市價計值(MTM),MNGU6,-,-,-,-76.1749,-,-76.1749
轉賬歷史,Data,2026-07-22,U***32085,MGC 27AUG26 Position MTM,持倉按市價計值(MTM),MGCQ6,-,-,-,-1949.561,-,-1949.561
轉賬歷史,Data,2026-07-22,U***32085,1OZ AUG26 Position MTM,持倉按市價計值(MTM),1OZQ6,-,-,-,-194.9561,-,-194.9561
轉賬歷史,Data,2026-07-22,U***32085,M2K 18SEP26 Position MTM,持倉按市價計值(MTM),M2KU6,-,-,-,175.5896,-,175.5896
轉賬歷史,Data,2026-07-22,U***32085,MES 18SEP26 Position MTM,持倉按市價計值(MTM),MESU6,-,-,-,71.0105,-,71.0105
轉賬歷史,Data,2026-07-22,U***32085,MNQ 18SEP26 Position MTM,持倉按市價計值(MTM),MNQU6,-,-,-,695.9028999999999,-,695.9028999999999
轉賬歷史,Data,2026-07-22,U***32085,VXM 19AUG26 Position MTM,持倉按市價計值(MTM),VXMQ6,-,-,-,-85.31588799999999,-,-85.31588799999999
轉賬歷史,Data,2026-07-22,U***32085,M6E 14SEP26 Position MTM,持倉按市價計值(MTM),M6EU6,-,-,-,-38.733,-,-38.733
轉賬歷史,Data,2026-07-22,U***32085,MJY 14SEP26 Position MTM,持倉按市價計值(MTM),MJYU6,-,-,-,-6.4555,-,-6.4555
轉賬歷史,Data,2026-07-22,U***32085,VXM 19AUG26,賣,VXMQ6,-1.0,18.41,USD,2376.9150999999997(1),-0.5939059999999999,-12.69332054
轉賬歷史,Data,2026-07-22,U***32085,VXM 19AUG26,賣,VXMQ6,-1.0,18.41,USD,2376.9150999999997(1),-0.5939059999999999,-12.69332054
轉賬歷史,Data,2026-07-22,U***32085,CL OCT26 65 P,買,LOV6 P6500,1.0,0.95,USD,-1226.5449999999998,-3.0469959999999996,-1229.86622564
轉賬歷史,Data,2026-07-22,U***32085,YC 14SEP26,賣,XCU6,-1.0,4.58375,USD,5918.079624999999(1),-2.478912,-49.50438908
轉賬歷史,Data,2026-07-22,U***32085,NG OCT26 3.5 C,買,ONV6 C3500,1.0,0.07,USD,-903.77,-3.0469959999999996,-907.09122564
轉賬歷史,Data,2026-07-22,U***32085,MCL SEP26,買,MCLU6,1.0,86.93,USD,-11223.532299999999(1),-0.981236,-13.98054724
轉賬歷史,Data,2026-07-22,U***32085,VANGUARD MEGA CAP ETF,賣,MGC,-1.0,273.92,USD,353.658112,-0.46001635038219996,353.1566941783158
轉賬歷史,Data,2026-07-22,U***32085,VANGUARD MEGA CAP ETF,賣,MGC,-1.0,274.04,USD,353.813044,-0.46001954198139994,353.3116227026745
轉賬歷史,Data,2026-07-22,U***32085,MHNG SEP26,賣,MNGU6,-1.0,2.881,USD,3719.6591(1),-1.1103459999999998,-23.158977139999998
轉賬歷史,Data,2026-07-22,U***32085,MHNG SEP26,賣,MNGU6,-1.0,2.881,USD,3719.6591(1),-1.1103459999999998,-23.158977139999998
轉賬歷史,Data,2026-07-22,U***32085,VANGUARD MEGA CAP ETF,買,MGC,2.0,274.14,USD,-707.8843079999999,-0.454807082075,-708.3800477162339
轉賬歷史,Data,2026-07-22,U***32085,MGC 27AUG26,賣,MGCQ6,-1.0,4159.5,USD,53703.3045(1),-1.239456,96.77259296000001
轉賬歷史,Data,2026-07-21,U***32085,MHG SEP26 Position MTM,持倉按市價計值(MTM),MHGU6,-,-,-,-683.145,-,-683.145
轉賬歷史,Data,2026-07-21,U***32085,MCL SEP26 Position MTM,持倉按市價計值(MTM),MCLU6,-,-,-,240.312,-,240.312
轉賬歷史,Data,2026-07-21,U***32085,YC 14SEP26 Position MTM,持倉按市價計值(MTM),XCU6,-,-,-,125.97,-,125.97
轉賬歷史,Data,2026-07-21,U***32085,MHNG SEP26 Position MTM,持倉按市價計值(MTM),MNGU6,-,-,-,-2.584,-,-2.584
轉賬歷史,Data,2026-07-21,U***32085,MGC 27AUG26 Position MTM,持倉按市價計值(MTM),MGCQ6,-,-,-,-1563.32,-,-1563.32
轉賬歷史,Data,2026-07-21,U***32085,M2K 18SEP26 Position MTM,持倉按市價計值(MTM),M2KU6,-,-,-,-270.028,-,-270.028
轉賬歷史,Data,2026-07-21,U***32085,MES 18SEP26 Position MTM,持倉按市價計值(MTM),MESU6,-,-,-,-397.29,-,-397.29
轉賬歷史,Data,2026-07-21,U***32085,MNQ 18SEP26 Position MTM,持倉按市價計值(MTM),MNQU6,-,-,-,-1388.2540000000001,-,-1388.2540000000001
轉賬歷史,Data,2026-07-21,U***32085,VXM 19AUG26 Position MTM,持倉按市價計值(MTM),VXMQ6,-,-,-,863.10768,-,863.10768
轉賬歷史,Data,2026-07-21,U***32085,M6E 14SEP26 Position MTM,持倉按市價計值(MTM),M6EU6,-,-,-,58.14,-,58.14
轉賬歷史,Data,2026-07-21,U***32085,MJY 14SEP26 Position MTM,持倉按市價計值(MTM),MJYU6,-,-,-,83.98,-,83.98
轉賬歷史,Data,2026-07-21,U***32085,MHG SEP26,賣,MHGU6,-1.0,6.3885,USD,20634.855(1),-1.24032,-531.0719488
轉賬歷史,Data,2026-07-21,U***32085,VXM 19AUG26,買,VXMQ6,1.0,18.78,USD,-2426.376(1),-0.5943200000000001,-48.59392880000001
轉賬歷史,Data,2026-07-21,U***32085,VXM 19AUG26,買,VXMQ6,1.0,18.78,USD,-2426.376(1),-0.5943200000000001,-48.59392880000001
轉賬歷史,Data,2026-07-21,U***32085,MES 18SEP26,賣,MESU6,-1.0,7515.0,USD,48546.9(1),-0.78812,-199.50405080000002
轉賬歷史,Data,2026-07-21,U***32085,MNQ 18SEP26,賣,MNQU6,-1.0,29072.25,USD,75122.694(1),-0.78812,-630.7090508
轉賬歷史,Data,2026-07-21,U***32085,VXM 19AUG26,買,VXMQ6,1.0,18.64,USD,-2408.288(1),-0.5943200000000001,-30.5059288
轉賬歷史,Data,2026-07-21,U***32085,VXM 19AUG26,買,VXMQ6,1.0,18.64,USD,-2408.288(1),-0.5943200000000001,-30.5059288
轉賬歷史,Data,2026-07-21,U***32085,1OZ AUG26,賣,1OZQ6,-2.0,4067.5,USD,10510.42(1),-1.70544,-25.1149296
轉賬歷史,Data,2026-07-21,U***32085,YC 14SEP26,買,XCU6,1.0,4.46625,USD,-5770.395(1),-2.48064,76.4311024
轉賬歷史,Data,2026-07-21,U***32085,DFEN 21AUG26 50 P,賣,DFEN  260821P00050000,-1.0,0.89,USD,114.988,-0.30385695279999997,114.65679591628
轉賬歷史,Data,2026-07-21,U***32085,DFEN 21AUG26 86 C,賣,DFEN  260821C00086000,-1.0,0.93,USD,120.156,-0.3039634136,119.82467988176002
轉賬歷史,Data,2026-07-21,U***32085,YINN 21AUG26 38 C,賣,YINN  260821C00038000,-1.0,0.29,USD,37.468,-1.3480177608000001,35.99866063556
轉賬歷史,Data,2026-07-21,U***32085,YINN 21AUG26 20 P,賣,YINN  260821P00020000,-1.0,0.26,USD,33.592,-1.3479379152,32.122747677599996
轉賬歷史,Data,2026-07-21,U***32085,SPCX 14AUG26 220 C,賣,SPCX  260814C00220000,-1.0,1.0,USD,129.20000000000002,-0.30414972,128.8684768052
轉賬歷史,Data,2026-07-21,U***32085,SPCX 14AUG26 80 P,賣,SPCX  260814P00080000,-1.0,0.68,USD,87.85600000000001,-0.3032980336,87.52540514596
轉賬歷史,Data,2026-07-21,U***32085,VXM 19AUG26,買,VXMQ6,1.0,18.43,USD,-2381.156(1),-0.5943200000000001,-3.3739288
轉賬歷史,Data,2026-07-20,U***32085,MHG SEP26 Position MTM,持倉按市價計值(MTM),MHGU6,-,-,-,-490.65599999999995,-,-490.65599999999995
轉賬歷史,Data,2026-07-20,U***32085,MCL SEP26 Position MTM,持倉按市價計值(MTM),MCLU6,-,-,-,90.38399999999999,-,90.38399999999999
轉賬歷史,Data,2026-07-20,U***32085,YC 14SEP26 Position MTM,持倉按市價計值(MTM),XCU6,-,-,-,183.99599999999998,-,183.99599999999998
轉賬歷史,Data,2026-07-20,U***32085,MHNG SEP26 Position MTM,持倉按市價計值(MTM),MNGU6,-,-,-,50.35679999999999,-,50.35679999999999
轉賬歷史,Data,2026-07-20,U***32085,1OZ AUG26 Position MTM,持倉按市價計值(MTM),1OZQ6,-,-,-,7.1015999999999995,-,7.1015999999999995
轉賬歷史,Data,2026-07-20,U***32085,M2K 18SEP26 Position MTM,持倉按市價計值(MTM),M2KU6,-,-,-,236.28959999999998,-,236.28959999999998
轉賬歷史,Data,2026-07-20,U***32085,MES 18SEP26 Position MTM,持倉按市價計值(MTM),MESU6,-,-,-,174.31199999999998,-,174.31199999999998
轉賬歷史,Data,2026-07-20,U***32085,MNQ 18SEP26 Position MTM,持倉按市價計值(MTM),MNQU6,-,-,-,-28.406399999999998,-,-28.406399999999998
轉賬歷史,Data,2026-07-20,U***32085,MBT 31JUL26 Position MTM,持倉按市價計值(MTM),MBTN6,-,-,-,-118.14479999999999,-,-118.14479999999999
轉賬歷史,Data,2026-07-20,U***32085,VXM 19AUG26 Position MTM,持倉按市價計值(MTM),VXMQ6,-,-,-,475.5231359999999,-,475.5231359999999
轉賬歷史,Data,2026-07-20,U***32085,M6E 14SEP26 Position MTM,持倉按市價計值(MTM),M6EU6,-,-,-,138.804,-,138.804
轉賬歷史,Data,2026-07-20,U***32085,MJY 14SEP26 Position MTM,持倉按市價計值(MTM),MJYU6,-,-,-,6.4559999999999995,-,6.4559999999999995
轉賬歷史,Data,2026-07-20,U***32085,DIREXION DLY FTSE CH BL3X-UI,賣,YINN,-63.0,28.88,USD,2349.2609279999997,-0.5330224851168,2348.679933496723
轉賬歷史,Data,2026-07-20,U***32085,SOXL 14AUG26 200 C,賣,SOXL  260814C00200000,-1.0,12.3,USD,1588.176,-1.9806078335999997,1586.0171374613758
轉賬歷史,Data,2026-07-20,U***32085,SOXL 14AUG26 110 P,賣,SOXL  260814P00110000,-1.0,13.09,USD,1690.1807999999999,-1.04627924448,1689.040355618352
轉賬歷史,Data,2026-07-20,U***32085,M6E 14SEP26,買,M6EU6,1.0,1.1444,USD,-18470.616(1),-0.5164799999999999,-6.2119632
轉賬歷史,Data,2026-07-20,U***32085,KORU 14AUG26 33 C,賣,KORU  260814C00033000,-1.0,1.22,USD,157.5264,-0.30454656383999995,157.194444242832
轉賬歷史,Data,2026-07-20,U***32085,KORU 14AUG26 12.25 P,賣,KORU  260814P00012250,-1.0,1.48,USD,191.0976,-0.30523813056,190.764890440272
轉賬歷史,Data,2026-07-20,U***32085,VXM 19AUG26,買,VXMQ6,1.0,18.51,USD,-2390.0112(1),-0.593952,58.17966431999999
轉賬歷史,Data,2026-07-20,U***32085,VXM 19AUG26,買,VXMQ6,1.0,18.51,USD,-2390.0112(1),-0.593952,58.17966431999999
轉賬歷史,Data,2026-07-20,U***32085,MBT 31JUL26,買,MBTN6,1.0,65540.0,USD,-8462.5248(1),-2.5953119999999994,-48.666490079999996
轉賬歷史,Data,2026-07-20,U***32085,MGC 27AUG26,賣,MGCQ6,-2.0,4016.9,USD,103732.42559999999(1),-2.4791039999999995,23.121776639999997
轉賬歷史,Data,2026-07-20,U***32085,GC OCT26 4400 C,買,OGV6 C4400,1.0,41.7,USD,-5384.303999999999,-3.2409119999999993,-5387.83659408
轉賬歷史,Data,2026-07-20,U***32085,1OZ AUG26,買,1OZQ6,1.0,4015.75,USD,-5185.136399999999(1),-0.852192,-0.60608928
轉賬歷史,Data,2026-07-20,U***32085,1OZ AUG26,買,1OZQ6,1.0,4016.25,USD,-5185.781999999999(1),-0.852192,-1.25168928
轉賬歷史,Data,2026-07-20,U***32085,MJY 14SEP26,買,MJYU6,1.0,0.006183,USD,-9979.362(1),-0.5164799999999999,-3.7909631999999998
轉賬歷史,Data,2026-07-20,U***32085,M6E 14SEP26,買,M6EU6,1.0,1.1439,USD,-18462.545999999995(1),-0.5164799999999999,1.8580368
轉賬歷史,Data,2026-07-20,U***32085,MHNG SEP26,買,MNGU6,1.0,2.825,USD,-3647.64(1),-1.1104319999999999,14.284029119999998
轉賬歷史,Data,2026-07-20,U***32085,MHG SEP26,買,MHGU6,1.0,6.3465,USD,-20486.501999999997(1),-1.2395519999999998,-19.10511168
轉賬歷史,Data,2026-07-20,U***32085,M2K 18SEP26,買,M2KU6,1.0,2968.0,USD,-19161.408(1),-0.7876319999999999,-83.49531888
轉賬歷史,Data,2026-07-20,U***32085,MES 18SEP26,買,MESU6,1.0,7506.0,USD,-48458.736(1),-0.7876319999999999,-141.27651888
轉賬歷史,Data,2026-07-20,U***32085,MNQ 18SEP26,買,MNQU6,1.0,28939.25,USD,-74732.71919999999(1),-0.7876319999999999,-415.33371887999994
轉賬歷史,Data,2026-07-20,U***32085,VXM 19AUG26,賣,VXMQ6,-1.0,18.65,USD,2408.0879999999997(1),-0.593952,-41.397679679999996
轉賬歷史,Data,2026-07-20,U***32085,VXM 19AUG26,賣,VXMQ6,-1.0,18.65,USD,2408.0879999999997(1),-0.593952,-41.397679679999996
轉賬歷史,Data,2026-07-20,U***32085,NUGT 14AUG26 80 P,賣,NUGT  260814P00080000,-1.0,1.38,USD,178.1856,-0.30497214336,177.85318036631998
轉賬歷史,Data,2026-07-20,U***32085,NUGT 14AUG26 150 C,賣,NUGT  260814C00150000,-1.0,0.91,USD,117.49919999999999,-0.30372200352,117.168143021328
轉賬歷史,Data,2026-07-20,U***32085,MJY 14SEP26,賣,MJYU6,-1.0,0.006182,USD,9977.748(1),-0.5164799999999999,1.0510367999999999
轉賬歷史,Data,2026-07-20,U***32085,M6E 14SEP26,賣,M6EU6,-1.0,1.1442,USD,18467.388000000003(1),-0.5164799999999999,1.8580368
轉賬歷史,Data,2026-07-20,U***32085,MHNG SEP26,賣,MNGU6,-1.0,2.834,USD,3659.2607999999996(1),-1.1104319999999999,-5.083970879999999
轉賬歷史,Data,2026-07-20,U***32085,VXM 19AUG26,賣,VXMQ6,-1.0,18.96,USD,2448.1151999999997(1),-0.593952,-1.37047968
轉賬歷史,Data,2026-07-17,U***32085,MHG SEP26 Position MTM,持倉按市價計值(MTM),MHGU6,-,-,-,497.266,-,497.266
轉賬歷史,Data,2026-07-17,U***32085,MCL SEP26 Position MTM,持倉按市價計值(MTM),MCLU6,-,-,-,452.06,-,452.06
轉賬歷史,Data,2026-07-17,U***32085,YC 14SEP26 Position MTM,持倉按市價計值(MTM),XCU6,-,-,-,125.93100000000001,-,125.93100000000001
轉賬歷史,Data,2026-07-17,U***32085,MHNG SEP26 Position MTM,持倉按市價計值(MTM),MNGU6,-,-,-,-68.4548,-,-68.4548
轉賬歷史,Data,2026-07-17,U***32085,1OZ AUG26 Position MTM,持倉按市價計值(MTM),1OZQ6,-,-,-,-69.1006,-,-69.1006
轉賬歷史,Data,2026-07-17,U***32085,M2K 18SEP26 Position MTM,持倉按市價計值(MTM),M2KU6,-,-,-,222.1552,-,222.1552
轉賬歷史,Data,2026-07-17,U***32085,MES 18SEP26 Position MTM,持倉按市價計值(MTM),MESU6,-,-,-,1549.92,-,1549.92
轉賬歷史,Data,2026-07-17,U***32085,MNQ 18SEP26 Position MTM,持倉按市價計值(MTM),MNQU6,-,-,-,3506.6940000000004,-,3506.6940000000004
轉賬歷史,Data,2026-07-17,U***32085,MBT 31JUL26 Position MTM,持倉按市價計值(MTM),MBTN6,-,-,-,14.8534,-,14.8534
轉賬歷史,Data,2026-07-17,U***32085,VXM 19AUG26 Position MTM,持倉按市價計值(MTM),VXMQ6,-,-,-,-307.039152,-,-307.039152
轉賬歷史,Data,2026-07-17,U***32085,M6E 14SEP26 Position MTM,持倉按市價計值(MTM),M6EU6,-,-,-,19.374000000000002,-,19.374000000000002
轉賬歷史,Data,2026-07-17,U***32085,MJY 14SEP26 Position MTM,持倉按市價計值(MTM),MJYU6,-,-,-,8.0725,-,8.0725
轉賬歷史,Data,2026-07-17,U***32085,VXM 19AUG26,賣,VXMQ6,-1.0,18.68,USD,2412.7088000000003(1),-0.5941360000000001,-80.77847224000001
轉賬歷史,Data,2026-07-17,U***32085,VXM 19AUG26,賣,VXMQ6,-1.0,18.68,USD,2412.7088000000003(1),-0.5941360000000001,-80.77847224000001
轉賬歷史,Data,2026-07-17,U***32085,MNQ 18SEP26,買,MNQU6,1.0,28964.5,USD,-74821.09640000001(1),-0.787876,-494.89578484000003
轉賬歷史,Data,2026-07-17,U***32085,MES 18SEP26,買,MESU6,1.0,7518.25,USD,-48552.8585(1),-0.787876,-133.24778484
轉賬歷史,Data,2026-07-17,U***32085,VXM 19AUG26,賣,VXMQ6,-2.0,19.02,USD,4913.2464(1),-1.1882720000000002,-73.72814448
轉賬歷史,Data,2026-07-17,U***32085,VXM 19AUG26,賣,VXMQ6,-1.0,19.37,USD,2501.8292(1),-0.5941360000000001,8.34192776
轉賬歷史,Data,2026-07-17,U***32085,VXM 19AUG26,賣,VXMQ6,-1.0,19.37,USD,2501.8292(1),-0.5941360000000001,8.34192776
轉賬歷史,Data,2026-07-17,U***32085,VXM 19AUG26,買,VXMQ6,2.0,19.32,USD,-4990.7424(1),-1.1882720000000002,-6.35828848
轉賬歷史,Data,2026-07-17,U***32085,VXM 19AUG26,賣,VXMQ6,-1.0,19.33,USD,2496.6628(1),-0.5941360000000001,3.1755277600000005
轉賬歷史,Data,2026-07-17,U***32085,VXM 19AUG26,賣,VXMQ6,-1.0,19.33,USD,2496.6628(1),-0.5941360000000001,3.1755277600000005
轉賬歷史,Data,2026-07-17,U***32085,DIREX DAIL SEMI BU 3X ET-USD,買,SOXL,8.0,126.1,USD,-1302.96608,-0.4544898225,-1303.461473903296
轉賬歷史,Data,2026-07-17,U***32085,VXM 19AUG26,賣,VXMQ6,-2.0,19.18,USD,4954.5776000000005(1),-1.1882720000000002,-32.39694448
轉賬歷史,Data,2026-07-17,U***32085,賣 -100 PROSHARES ULTRA ETHER ETF (轉讓),被行權,ETHT,-100.0,9.0,USD,1162.44,-,1162.44
轉賬歷史,Data,2026-07-17,U***32085,交易報告後計算的佣金 (ETHT),佣金調整,ETHT,-,-,-,-0.049117247999999995,-,-0.049117247999999995
轉賬歷史,Data,2026-07-17,U***32085,GST 新加坡商品和服務稅,銷售稅,-,-,-,-,-0.00442055232,-,-0.00442055232
轉賬歷史,Data,2026-07-16,U***32085,MHG SEP26 Position MTM,持倉按市價計值(MTM),MHGU6,-,-,-,-6.4515,-,-6.4515
轉賬歷史,Data,2026-07-16,U***32085,MCL SEP26 Position MTM,持倉按市價計值(MTM),MCLU6,-,-,-,-108.3852,-,-108.3852
轉賬歷史,Data,2026-07-16,U***32085,YC 14SEP26 Position MTM,持倉按市價計值(MTM),XCU6,-,-,-,-232.254,-,-232.254
轉賬歷史,Data,2026-07-16,U***32085,MHNG SEP26 Position MTM,持倉按市價計值(MTM),MNGU6,-,-,-,85.1598,-,85.1598
轉賬歷史,Data,2026-07-16,U***32085,1OZ AUG26 Position MTM,持倉按市價計值(MTM),1OZQ6,-,-,-,154.19085,-,154.19085
轉賬歷史,Data,2026-07-16,U***32085,M2K 18SEP26 Position MTM,持倉按市價計值(MTM),M2KU6,-,-,-,14.1933,-,14.1933
轉賬歷史,Data,2026-07-16,U***32085,MES 18SEP26 Position MTM,持倉按市價計值(MTM),MESU6,-,-,-,716.1165,-,716.1165
轉賬歷史,Data,2026-07-16,U***32085,MNQ 18SEP26 Position MTM,持倉按市價計值(MTM),MNQU6,-,-,-,4825.722,-,4825.722
轉賬歷史,Data,2026-07-16,U***32085,VXM 22JUL26 Position MTM,持倉按市價計值(MTM),VXMN6,-,-,-,187.27414199999998,-,187.27414199999998
轉賬歷史,Data,2026-07-16,U***32085,MBT 31JUL26 Position MTM,持倉按市價計值(MTM),MBTN6,-,-,-,90.321,-,90.321
轉賬歷史,Data,2026-07-16,U***32085,VXM 19AUG26 Position MTM,持倉按市價計值(MTM),VXMQ6,-,-,-,-117.107628,-,-117.107628
轉賬歷史,Data,2026-07-16,U***32085,M6E 14SEP26 Position MTM,持倉按市價計值(MTM),M6EU6,-,-,-,193.545,-,193.545
轉賬歷史,Data,2026-07-16,U***32085,MJY 14SEP26 Position MTM,持倉按市價計值(MTM),MJYU6,-,-,-,49.999125,-,49.999125
轉賬歷史,Data,2026-07-16,U***32085,MNQ 18SEP26,買,MNQU6,1.0,29380.25,USD,-75818.67315(1),-0.787083,-399.56062047
轉賬歷史,Data,2026-07-16,U***32085,DIREX DAIL SEMI BU 3X ET-USD,買,SOXL,8.0,147.74,USD,-1525.0313760000001,-0.484999576875,-1525.5600255355682
轉賬歷史,Data,2026-07-16,U***32085,DIREX DLY AEROS & DF BL3X-UI,買,DFEN,18.0,68.49,USD,-1590.7076459999998,-0.452006605875,-1591.200333197178
轉賬歷史,Data,2026-07-16,U***32085,VXM 22JUL26,賣,VXMN6,-1.0,16.72,USD,2157.3816(1),-0.593538,-72.20699442
轉賬歷史,Data,2026-07-16,U***32085,VXM 22JUL26,賣,VXMN6,-1.0,16.76,USD,2162.5428(1),-0.593538,-67.04579442000001
轉賬歷史,Data,2026-07-16,U***32085,DIREX DAIL SEMI BU 3X ET-USD,買,SOXL,11.0,138.7595,USD,-1969.45521135,-0.454818169575,-1969.950963151611
轉賬歷史,Data,2026-07-16,U***32085,VXM 19AUG26,賣,VXMQ6,-1.0,18.51,USD,2388.3453000000004(1),-0.593538,-0.38889642
轉賬歷史,Data,2026-07-15,U***32085,MNQ 18SEP26,買,MNQU6,1.0,29617.25,USD,-76359.19395(1),-0.7863509999999999,195.08607740999997
轉賬歷史,Data,2026-07-15,U***32085,M6E 14SEP26,賣,M6EU6,-1.0,1.1476,USD,18492.139499999997(1),-0.51564,-31.178172599999996
轉賬歷史,Data,2026-07-15,U***32085,SPACE EXPLORATION TECHN-CL A,買,SPCX,7.0,135.5195,USD,-1222.8873121499998,-0.45334843207500003,-1223.3814619377388
轉賬歷史,Data,2026-07-15,U***32085,VXM 19AUG26,買,VXMQ6,1.0,18.16,USD,-2341.0056(1),-0.592986,-14.28503274
轉賬歷史,Data,2026-07-15,U***32085,MJY 14SEP26,買,MJYU6,1.0,0.006191,USD,-9976.022625(1),-0.51564,15.551702399999998
轉賬歷史,Data,2026-07-15,U***32085,M6E 14SEP26,買,M6EU6,1.0,1.145,USD,-18450.243749999998(1),-0.51564,71.94982739999999
轉賬歷史,Data,2026-07-15,U***32085,MHNG AUG26,買,MNGQ6,1.0,2.927,USD,-3773.1956999999998(1),-1.108626,-5.075702339999999
轉賬歷史,Data,2026-07-15,U***32085,MHG SEP26,買,MHGU6,1.0,6.375,USD,-20545.03125(1),-1.237536,-110.92241423999998
轉賬歷史,Data,2026-07-15,U***32085,M2K 18SEP26,買,M2KU6,1.0,2983.9,USD,-19232.72745(1),-0.7863509999999999,50.062327409999995
轉賬歷史,Data,2026-07-15,U***32085,MHG SEP26,買,MHGU6,1.0,6.3745,USD,-20543.419875(1),-1.237536,-109.31103923999999
轉賬歷史,Data,2026-07-15,U***32085,MCL SEP26,賣,MCLU6,-1.0,79.3,USD,10222.563(1),-0.9797159999999999,22.135909559999995
轉賬歷史,Data,2026-07-15,U***32085,M2K 18SEP26,買,M2KU6,1.0,2983.9,USD,-19232.72745(1),-0.7863509999999999,50.062327409999995
轉賬歷史,Data,2026-07-15,U***32085,YC 14SEP26,買,XCU6,1.0,4.44375,USD,-5728.438125(1),-2.475072,37.58654652
轉賬歷史,Data,2026-07-15,U***32085,MHNG SEP26,賣,MNGU6,-1.0,2.887,USD,3721.6317(1),-1.108626,-3.7866023399999995
轉賬歷史,Data,2026-07-15,U***32085,M2K 18SEP26,賣,M2KU6,-1.0,2979.1,USD,19201.78905(1),-0.7863509999999999,-82.71497259
轉賬歷史,Data,2026-07-15,U***32085,MCL SEP26,買,MCLU6,1.0,79.6,USD,-10261.235999999999(1),-0.9797159999999999,-62.94469043999999
轉賬歷史,Data,2026-07-15,U***32085,MHNG AUG26,賣,MNGQ6,-1.0,2.919,USD,3762.8828999999996(1),-1.108626,-7.65390234
轉賬歷史,Data,2026-07-15,U***32085,MJY 14SEP26,賣,MJYU6,-1.0,0.006189,USD,9972.799874999999(1),-0.51564,-19.898547599999997
轉賬歷史,Data,2026-07-15,U***32085,MHG SEP26,賣,MHGU6,-1.0,6.356,USD,20483.799(1),-1.237536,46.992335759999996
轉賬歷史,Data,2026-07-15,U***32085,YC 14SEP26,買,XCU6,1.0,4.4275,USD,-5707.49025(1),-2.475072,58.53442151999999
轉賬歷史,Data,2026-07-15,U***32085,M2K 18SEP26,賣,M2KU6,-1.0,2983.2,USD,19228.2156(1),-0.7863509999999999,-56.28842259
轉賬歷史,Data,2026-07-15,U***32085,MHG SEP26,賣,MHGU6,-1.0,6.3815,USD,20565.979124999998(1),-1.237536,129.17246076
轉賬歷史,Data,2026-07-15,U***32085,M6E 14SEP26,賣,M6EU6,-1.0,1.1453,USD,18455.077875(1),-0.51564,-68.23979759999999
轉賬歷史,Data,2026-07-15,U***32085,MHNG SEP26,買,MNGU6,1.0,2.845,USD,-3667.4894999999997(1),-1.108626,55.51199766
轉賬歷史,Data,2026-07-15,U***32085,MHG SEP26 Position MTM,持倉按市價計值(MTM),MHGU6,-,-,-,238.4835,-,238.4835
轉賬歷史,Data,2026-07-15,U***32085,MCL SEP26 Position MTM,持倉按市價計值(MTM),MCLU6,-,-,-,56.7204,-,56.7204
轉賬歷史,Data,2026-07-15,U***32085,YC 14SEP26 Position MTM,持倉按市價計值(MTM),XCU6,-,-,-,232.03799999999998,-,232.03799999999998
轉賬歷史,Data,2026-07-15,U***32085,MHNG SEP26 Position MTM,持倉按市價計值(MTM),MNGU6,-,-,-,-28.3602,-,-28.3602
轉賬歷史,Data,2026-07-15,U***32085,1OZ AUG26 Position MTM,持倉按市價計值(MTM),1OZQ6,-,-,-,46.407599999999995,-,46.407599999999995
轉賬歷史,Data,2026-07-15,U***32085,M2K 18SEP26 Position MTM,持倉按市價計值(MTM),M2KU6,-,-,-,-153.4029,-,-153.4029
轉賬歷史,Data,2026-07-15,U***32085,MES 18SEP26 Position MTM,持倉按市價計值(MTM),MESU6,-,-,-,-454.40774999999996,-,-454.40774999999996
轉賬歷史,Data,2026-07-15,U***32085,MNQ 18SEP26 Position MTM,持倉按市價計值(MTM),MNQU6,-,-,-,1250.427,-,1250.427
轉賬歷史,Data,2026-07-15,U***32085,VXM 22JUL26 Position MTM,持倉按市價計值(MTM),VXMN6,-,-,-,-195.375996,-,-195.375996
轉賬歷史,Data,2026-07-15,U***32085,MBT 31JUL26 Position MTM,持倉按市價計值(MTM),MBTN6,-,-,-,-47.6967,-,-47.6967
轉賬歷史,Data,2026-07-15,U***32085,VXM 19AUG26 Position MTM,持倉按市價計值(MTM),VXMQ6,-,-,-,178.78527899999997,-,178.78527899999997
轉賬歷史,Data,2026-07-15,U***32085,M6E 14SEP26 Position MTM,持倉按市價計值(MTM),M6EU6,-,-,-,-205.4503125,-,-205.4503125
轉賬歷史,Data,2026-07-15,U***32085,MJY 14SEP26 Position MTM,持倉按市價計值(MTM),MJYU6,-,-,-,-16.11375,-,-16.11375
轉賬歷史,Data,2026-07-15,U***32085,YC 14SEP26,賣,XCU6,-1.0,4.43625,USD,5718.769875(1),-2.475072,-52.65045348
轉賬歷史,Data,2026-07-14,U***32085,MES 18SEP26,賣,MESU6,-1.0,7601.75,USD,49084.49975(1),-0.7877540000000001,66.93984814
轉賬歷史,Data,2026-07-14,U***32085,MNQ 18SEP26,賣,MNQU6,-1.0,29878.0,USD,77168.8984(1),-0.7877540000000001,225.78204814
轉賬歷史,Data,2026-07-14,U***32085,M6E 14SEP26,買,M6EU6,1.0,1.1473,USD,-18520.290250000002(1),-0.51656,-33.655175400000005
轉賬歷史,Data,2026-07-14,U***32085,NG SEP26 3.4 C,賣,LNEU6 C3400,-1.0,0.034,USD,439.076,-3.047704,435.75400264
轉賬歷史,Data,2026-07-14,U***32085,MNQ 18SEP26,賣,MNQU6,-1.0,29775.25,USD,76903.5157(1),-0.7877540000000001,-39.60065186
轉賬歷史,Data,2026-07-14,U***32085,CL OCT26 61.5 P,賣,LOV6 P6150,-1.0,0.85,USD,1097.69,-3.047704,1094.36800264
轉賬歷史,Data,2026-07-14,U***32085,VXM 22JUL26,買,VXMN6,1.0,17.28,USD,-2231.5392(1),-0.5940440000000001,2.8005300400000004
轉賬歷史,Data,2026-07-14,U***32085,VXM 22JUL26,買,VXMN6,1.0,17.28,USD,-2231.5392(1),-0.5940440000000001,2.8005300400000004
轉賬歷史,Data,2026-07-14,U***32085,RTY 31AUG26 3150 C,賣,RTMQ6 C3150,-1.0,19.8,USD,1278.486,-1.820874,1276.5012473400002
轉賬歷史,Data,2026-07-14,U***32085,HG SEP26 7 C,賣,HXEU6 C700,-1.0,0.081,USD,2615.085,-3.241414,2611.55185874
轉賬歷史,Data,2026-07-14,U***32085,MHG SEP26,買,MHGU6,1.0,6.3865,USD,-20618.815250000003(1),-1.239744,-28.793570960000004
轉賬歷史,Data,2026-07-14,U***32085,M2K 18SEP26,買,M2KU6,1.0,2982.5,USD,-19258.002500000002(1),-0.7877540000000001,-17.64685186
轉賬歷史,Data,2026-07-14,U***32085,M2K 18SEP26,賣,M2KU6,-1.0,3019.9,USD,19499.494300000002(1),-0.7877540000000001,257.42134814
轉賬歷史,Data,2026-07-14,U***32085,MHG SEP26 Position MTM,持倉按市價計值(MTM),MHGU6,-,-,-,-626.3290000000001,-,-626.3290000000001
轉賬歷史,Data,2026-07-14,U***32085,MCL SEP26 Position MTM,持倉按市價計值(MTM),MCLU6,-,-,-,95.56360000000001,-,95.56360000000001
轉賬歷史,Data,2026-07-14,U***32085,YC 14SEP26 Position MTM,持倉按市價計值(MTM),XCU6,-,-,-,-32.285000000000004,-,-32.285000000000004
轉賬歷史,Data,2026-07-14,U***32085,MHNG SEP26 Position MTM,持倉按市價計值(MTM),MNGU6,-,-,-,-7.7484,-,-7.7484
轉賬歷史,Data,2026-07-14,U***32085,1OZ AUG26 Position MTM,持倉按市價計值(MTM),1OZQ6,-,-,-,-165.2992,-,-165.2992
轉賬歷史,Data,2026-07-14,U***32085,M2K 18SEP26 Position MTM,持倉按市價計值(MTM),M2KU6,-,-,-,-122.683,-,-122.683
轉賬歷史,Data,2026-07-14,U***32085,MES 18SEP26 Position MTM,持倉按市價計值(MTM),MESU6,-,-,-,-364.82050000000004,-,-364.82050000000004
轉賬歷史,Data,2026-07-14,U***32085,MNQ 18SEP26 Position MTM,持倉按市價計值(MTM),MNQU6,-,-,-,-2436.8718000000003,-,-2436.8718000000003
轉賬歷史,Data,2026-07-14,U***32085,MBT 31JUL26 Position MTM,持倉按市價計值(MTM),MBTN6,-,-,-,-305.41610000000003,-,-305.41610000000003
轉賬歷史,Data,2026-07-14,U***32085,VXM 19AUG26 Position MTM,持倉按市價計值(MTM),VXMQ6,-,-,-,83.179074,-,83.179074
轉賬歷史,Data,2026-07-14,U***32085,M6E 14SEP26 Position MTM,持倉按市價計值(MTM),M6EU6,-,-,-,-116.22600000000001,-,-116.22600000000001
轉賬歷史,Data,2026-07-14,U***32085,MJY 14SEP26 Position MTM,持倉按市價計值(MTM),MJYU6,-,-,-,-8.878375,-,-8.878375
轉賬歷史,Data,2026-07-14,U***32085,YC 14SEP26,買,XCU6,1.0,4.37625,USD,-5651.4892500000005(1),-2.479488,8.597108080000002
轉賬歷史,Data,2026-07-14,U***32085,MNQ 18SEP26,買,MNQU6,1.0,29401.5,USD,-75938.19420000001(1),-0.7877540000000001,1003.2048481400001
轉賬歷史,Data,2026-07-14,U***32085,MNQ 18SEP26,賣,MNQU6,-1.0,29514.5,USD,76230.0506(1),-0.7877540000000001,-713.0657518600001
轉賬歷史,Data,2026-07-14,U***32085,DIREXION DLY FTSE CH BL3X-UI,賣,YINN,-63.0,25.82,USD,2100.668724,-0.5279765519644001,2100.09322955854
轉賬歷史,Data,2026-07-14,U***32085,MHG SEP26,賣,MHGU6,-1.0,6.385,USD,20613.9725(1),-1.239744,21.24817904
轉賬歷史,Data,2026-07-14,U***32085,M6E 14SEP26,賣,M6EU6,-1.0,1.1434,USD,18457.3345(1),-0.51656,-30.4266754
轉賬歷史,Data,2026-07-14,U***32085,MJY 14SEP26,賣,MJYU6,-1.0,0.006208,USD,10021.264000000001(1),-0.51656,18.8079496
轉賬歷史,Data,2026-07-14,U***32085,M6E 14SEP26,賣,M6EU6,-1.0,1.1489,USD,18546.118250000003(1),-0.51656,58.357074600000004
轉賬歷史,Data,2026-07-13,U***32085,MCL SEP26,賣,MCLU6,-1.0,73.52,USD,9517.164(1),-0.98382,-573.2413637999999
轉賬歷史,Data,2026-07-13,U***32085,MNQ 18SEP26,買,MNQU6,1.0,29877.25,USD,-77352.20025(1),-0.7896449999999999,-1040.34421305
轉賬歷史,Data,2026-07-13,U***32085,YC 14SEP26,賣,XCU6,-1.0,4.44875,USD,5758.906875(1),-2.48544,47.4527454
轉賬歷史,Data,2026-07-13,U***32085,MCL SEP26,賣,MCLU6,-1.0,74.27,USD,9614.2515(1),-0.98382,-476.15386379999995
轉賬歷史,Data,2026-07-13,U***32085,1OZ AUG26,買,1OZQ6,1.0,4064.75,USD,-5261.818875(1),-0.8543700000000001,-77.30676329999999
轉賬歷史,Data,2026-07-13,U***32085,VXM 19AUG26,賣,VXMQ6,-1.0,18.64,USD,2412.948(1),-0.59547,-12.454902299999999
轉賬歷史,Data,2026-07-13,U***32085,MNQ 18SEP26,賣,MNQU6,-1.0,29661.0,USD,76792.329(1),-0.7896449999999999,478.75153695
轉賬歷史,Data,2026-07-13,U***32085,MNQ 18SEP26,買,MNQU6,1.0,29624.5,USD,-76697.8305(1),-0.7896449999999999,-385.97446305
轉賬歷史,Data,2026-07-13,U***32085,CL SEP26 65 P,賣,LOU6 P6500,-1.0,0.62,USD,802.59,-3.05502,799.2600282
轉賬歷史,Data,2026-07-13,U***32085,HG AUG26 7.1 C,賣,HXEQ6 C710,-1.0,0.0135,USD,436.89375,-3.249195,433.35212744999995
轉賬歷史,Data,2026-07-13,U***32085,MJY 14SEP26 Position MTM,持倉按市價計值(MTM),MJYU6,-,-,-,82.52437499999999,-,82.52437499999999
轉賬歷史,Data,2026-07-13,U***32085,MJY 14SEP26,買,MJYU6,1.0,0.006206,USD,-10042.08375(1),-0.5178,-25.6453395
轉賬歷史,Data,2026-07-13,U***32085,M6E 14SEP26,賣,M6EU6,-1.0,1.1474,USD,18566.36625(1),-0.5178,92.4777855
轉賬歷史,Data,2026-07-13,U***32085,DIREXION DLY M SK BULL 3X-UI,買,KORU,5.0,431.84,USD,-2795.0843999999997,-0.454721927625,-2795.580046897875
轉賬歷史,Data,2026-07-13,U***32085,MHG SEP26,賣,MHGU6,-1.0,6.3135,USD,20432.064374999998(1),-1.24272,103.8235602
轉賬歷史,Data,2026-07-13,U***32085,MNQ 18SEP26,買,MNQU6,1.0,29613.0,USD,-76668.057(1),-0.7896449999999999,-356.20096305
轉賬歷史,Data,2026-07-13,U***32085,MNQ 18SEP26,賣,MNQU6,-1.0,29697.25,USD,76886.18025(1),-0.7896449999999999,572.60278695
轉賬歷史,Data,2026-07-13,U***32085,VXM 19AUG26,賣,VXMQ6,-1.0,18.75,USD,2427.1875(1),-0.59547,1.7845976999999997
轉賬歷史,Data,2026-07-13,U***32085,VXM 19AUG26,賣,VXMQ6,-1.0,18.75,USD,2427.1875(1),-0.59547,1.7845976999999997
轉賬歷史,Data,2026-07-13,U***32085,M6E 14SEP26,買,M6EU6,1.0,1.1412,USD,-18466.0425(1),-0.5178,6.7171605
轉賬歷史,Data,2026-07-13,U***32085,MHG SEP26 Position MTM,持倉按市價計值(MTM),MHGU6,-,-,-,3.23625,-,3.23625
轉賬歷史,Data,2026-07-13,U***32085,MCL SEP26 Position MTM,持倉按市價計值(MTM),MCLU6,-,-,-,2563.11,-,2563.11
轉賬歷史,Data,2026-07-13,U***32085,YC 14SEP26 Position MTM,持倉按市價計值(MTM),XCU6,-,-,-,38.835,-,38.835
轉賬歷史,Data,2026-07-13,U***32085,MHNG SEP26 Position MTM,持倉按市價計值(MTM),MNGU6,-,-,-,44.013,-,44.013
轉賬歷史,Data,2026-07-13,U***32085,1OZ AUG26 Position MTM,持倉按市價計值(MTM),1OZQ6,-,-,-,419.418,-,419.418
轉賬歷史,Data,2026-07-13,U***32085,M2K 18SEP26 Position MTM,持倉按市價計值(MTM),M2KU6,-,-,-,305.502,-,305.502
轉賬歷史,Data,2026-07-13,U***32085,MES 18SEP26 Position MTM,持倉按市價計值(MTM),MESU6,-,-,-,741.1012499999999,-,741.1012499999999
轉賬歷史,Data,2026-07-13,U***32085,MNQ 18SEP26 Position MTM,持倉按市價計值(MTM),MNQU6,-,-,-,5763.114,-,5763.114
轉賬歷史,Data,2026-07-13,U***32085,MBT 31JUL26 Position MTM,持倉按市價計值(MTM),MBTN6,-,-,-,224.59575,-,224.59575
轉賬歷史,Data,2026-07-13,U***32085,M6E 14SEP26 Position MTM,持倉按市價計值(MTM),M6EU6,-,-,-,95.469375,-,95.469375
轉賬歷史,Data,2026-07-10,U***32085,MNQ 18SEP26,賣,MNQU6,-1.0,29900.5,USD,77244.9517(1),-0.8008540000000001,-341.23588086
轉賬歷史,Data,2026-07-10,U***32085,YC 14SEP26,賣,XCU6,-1.0,4.31625,USD,5575.300125000001(1),-2.492981,-104.43872429000001
轉賬歷史,Data,2026-07-10,U***32085,MNQ 18SEP26,買,MNQU6,1.0,29806.5,USD,-77002.1121(1),-0.8008540000000001,582.3296191400001
轉賬歷史,Data,2026-07-10,U***32085,MNQ 18SEP26,賣,MNQU6,-1.0,29936.75,USD,77338.59995(1),-0.8008540000000001,-247.58763086000002
轉賬歷史,Data,2026-07-10,U***32085,MCL SEP26,買,MCLU6,1.0,71.08,USD,-9181.4036(1),-0.9946090000000001,32.50007619
轉賬歷史,Data,2026-07-10,U***32085,SPACE EXPLORATION TECHN-CL A,買,SPCX,6.0,148.875,USD,-1153.811025,-0.454000580425,-1154.305885629434
轉賬歷史,Data,2026-07-10,U***32085,MJY 14SEP26,賣,MJYU6,-1.0,0.006228,USD,10055.8845(1),-0.529597,18.798239270000003
轉賬歷史,Data,2026-07-10,U***32085,MJY 14SEP26 Position MTM,持倉按市價計值(MTM),MJYU6,-,-,-,-39.5583125,-,-39.5583125
轉賬歷史,Data,2026-07-10,U***32085,MES 18SEP26,賣,MESU6,-1.0,7578.25,USD,48944.127625(1),-0.8008540000000001,-272.12993086
轉賬歷史,Data,2026-07-10,U***32085,RTY 31AUG26 3150 C,買,RTMQ6 C3150,1.0,29.75,USD,-1921.4037500000002,-1.834214,-1923.4030432600002
轉賬歷史,Data,2026-07-10,U***32085,HG OCT26 7.4 C,買,HXEV6 C740,1.0,0.0795,USD,-2567.2537500000003,-3.255084,-2570.80179156
轉賬歷史,Data,2026-07-10,U***32085,EUR 09OCT26 1.18 C,買,EUUV6 C1180,1.0,0.0028,USD,-452.095,-3.1904990000000004,-455.57264391000007
轉賬歷史,Data,2026-07-10,U***32085,M2K 18SEP26,賣,M2KU6,-1.0,3002.6,USD,19392.292100000002(1),-0.8008540000000001,54.670169140000006
轉賬歷史,Data,2026-07-10,U***32085,JPY 09OCT26 0.0066 C,買,JPUV6 C0660,1.0,1.9E-5,USD,-306.77875,-3.1904990000000004,-310.25639391
轉賬歷史,Data,2026-07-10,U***32085,CL NOV26 60 P,買,LOX6 P6000,1.0,1.24,USD,-1601.708,-3.061329,-1605.04484861
轉賬歷史,Data,2026-07-10,U***32085,M2K 18SEP26,賣,M2KU6,-1.0,3011.9,USD,19452.35615(1),-0.8008540000000001,114.73421914
轉賬歷史,Data,2026-07-10,U***32085,M2K 18SEP26,買,M2KU6,1.0,2999.0,USD,-19369.0415(1),-0.8008540000000001,-33.16543086000001
轉賬歷史,Data,2026-07-10,U***32085,MHG SEP26 Position MTM,持倉按市價計值(MTM),MHGU6,-,-,-,-53.282625,-,-53.282625
轉賬歷史,Data,2026-07-10,U***32085,MCL SEP26 Position MTM,持倉按市價計值(MTM),MCLU6,-,-,-,-144.6704,-,-144.6704
轉賬歷史,Data,2026-07-10,U***32085,YC 14SEP26 Position MTM,持倉按市價計值(MTM),XCU6,-,-,-,310.00800000000004,-,310.00800000000004
轉賬歷史,Data,2026-07-10,U***32085,MHNG SEP26 Position MTM,持倉按市價計值(MTM),MNGU6,-,-,-,81.3771,-,81.3771
轉賬歷史,Data,2026-07-10,U***32085,1OZ AUG26 Position MTM,持倉按市價計值(MTM),1OZQ6,-,-,-,104.6277,-,104.6277
轉賬歷史,Data,2026-07-10,U***32085,M2K 18SEP26 Position MTM,持倉按市價計值(MTM),M2KU6,-,-,-,93.00240000000001,-,93.00240000000001
轉賬歷史,Data,2026-07-10,U***32085,MES 18SEP26 Position MTM,持倉按市價計值(MTM),MESU6,-,-,-,-203.44275000000002,-,-203.44275000000002
轉賬歷史,Data,2026-07-10,U***32085,MNQ 18SEP26 Position MTM,持倉按市價計值(MTM),MNQU6,-,-,-,-738.20655,-,-738.20655
轉賬歷史,Data,2026-07-10,U***32085,MBT 31JUL26 Position MTM,持倉按市價計值(MTM),MBTN6,-,-,-,-90.41900000000001,-,-90.41900000000001
轉賬歷史,Data,2026-07-10,U***32085,M6E 14SEP26 Position MTM,持倉按市價計值(MTM),M6EU6,-,-,-,56.511875,-,56.511875
轉賬歷史,Data,2026-07-09,U***32085,NG SEP26 3.4 C,買,LNEU6 C3400,1.0,0.058,USD,-749.592,-3.0629880000000003,-752.93065692
轉賬歷史,Data,2026-07-09,U***32085,MES 18SEP26,賣,MESU6,-1.0,7579.0,USD,48975.498(1),-0.801288,-63.877903919999994
轉賬歷史,Data,2026-07-09,U***32085,MHNG SEP26,賣,MNGU6,-1.0,2.967,USD,3834.5508(1),-1.124388,10.40601708
轉賬歷史,Data,2026-07-09,U***32085,ES 31AUG26 7900 C,買,EWQ6 C7900,1.0,32.25,USD,-2083.995,-1.835208,-2085.99537672
轉賬歷史,Data,2026-07-09,U***32085,CL SEP26 65 P,買,LOU6 P6500,1.0,0.91,USD,-1176.084,-3.0629880000000003,-1179.42265692
轉賬歷史,Data,2026-07-09,U***32085,MCL SEP26,買,MCLU6,1.0,72.68,USD,-9393.1632(1),-0.995148,-101.89191131999999
轉賬歷史,Data,2026-07-09,U***32085,MNQ 18SEP26,買,MNQU6,1.0,29651.0,USD,-76641.9048(1),-0.801288,738.37939608
轉賬歷史,Data,2026-07-09,U***32085,MCL SEP26,買,MCLU6,1.0,72.06,USD,-9313.0344(1),-0.995148,-21.763111319999997
轉賬歷史,Data,2026-07-09,U***32085,MES 18SEP26,買,MESU6,1.0,7561.75,USD,-48864.0285(1),-0.801288,173.60059607999997
轉賬歷史,Data,2026-07-09,U***32085,MCL SEP26,賣,MCLU6,-1.0,72.0,USD,9305.28(1),-0.995148,11.839288680000001
轉賬歷史,Data,2026-07-09,U***32085,DIREX DLY AEROS & DF BL3X-UI,買,DFEN,20.0,76.975,USD,-1989.6498,-0.45791961389999997,-1990.14893237592
轉賬歷史,Data,2026-07-09,U***32085,MHNG AUG26,買,MNGQ6,1.0,3.033,USD,-3919.8492(1),-1.124388,-28.36598292
轉賬歷史,Data,2026-07-09,U***32085,VXM 22JUL26,買,VXMN6,1.0,17.59,USD,-2273.3316(1),-0.607428,-22.800908519999997
轉賬歷史,Data,2026-07-09,U***32085,VXM 22JUL26,買,VXMN6,1.0,17.59,USD,-2273.3316(1),-0.607428,-22.800908519999997
轉賬歷史,Data,2026-07-09,U***32085,M2K 18SEP26,賣,M2KU6,-1.0,2976.1,USD,19231.5582(1),-0.801288,-209.59600392000002
轉賬歷史,Data,2026-07-09,U***32085,MNQ 18SEP26,賣,MNQU6,-1.0,29534.5,USD,76340.7756(1),-0.801288,-1041.25540392
轉賬歷史,Data,2026-07-09,U***32085,M2K 18SEP26,賣,M2KU6,-1.0,2977.4,USD,19239.9588(1),-0.801288,-201.19540392000002
轉賬歷史,Data,2026-07-09,U***32085,MNQ 18SEP26,賣,MNQU6,-1.0,29514.5,USD,76289.0796(1),-0.801288,-1092.95140392
轉賬歷史,Data,2026-07-09,U***32085,ES 31JUL26 7700 C,賣,EWN6 C7700,-1.0,28.0,USD,1809.36,-1.835208,1807.3596232799998
轉賬歷史,Data,2026-07-09,U***32085,RTY 31JUL26 3050 C,賣,RTMN6 C3050,-1.0,27.0,USD,1744.74,-1.835208,1742.73962328
轉賬歷史,Data,2026-07-09,U***32085,MES 18SEP26,買,MESU6,1.0,7535.75,USD,-48696.0165(1),-0.801288,341.61259608
轉賬歷史,Data,2026-07-09,U***32085,M2K 18SEP26,買,M2KU6,1.0,2978.6,USD,-19247.7132(1),-0.801288,191.69419607999998
轉賬歷史,Data,2026-07-09,U***32085,M2K 18SEP26,買,M2KU6,1.0,2980.3,USD,-19258.6986(1),-0.801288,180.70879607999998
轉賬歷史,Data,2026-07-09,U***32085,M2K 18SEP26,買,M2KU6,1.0,2977.9,USD,-19243.1898(1),-0.801288,196.21759608
轉賬歷史,Data,2026-07-09,U***32085,1OZ AUG26,買,1OZQ6,1.0,4067.25,USD,-5256.5139(1),-0.865908,94.04756028
轉賬歷史,Data,2026-07-09,U***32085,CL OCT26 61.5 P,買,LOV6 P6150,1.0,1.01,USD,-1305.324,-3.0629880000000003,-1308.66265692
轉賬歷史,Data,2026-07-09,U***32085,MCL SEP26,買,MCLU6,1.0,73.95,USD,-9557.298(1),-0.995148,-266.02671132
轉賬歷史,Data,2026-07-09,U***32085,YC 14SEP26,買,XCU6,1.0,4.31375,USD,-5575.0905(1),-2.494332,-1.10332188
轉賬歷史,Data,2026-07-09,U***32085,MES 18SEP26,買,MESU6,1.0,7552.5,USD,-48804.255(1),-0.801288,233.37409608
轉賬歷史,Data,2026-07-09,U***32085,NG OCT26 3.8 C,買,LNEV6 C3800,1.0,0.068,USD,-878.832,-3.0629880000000003,-882.17065692
轉賬歷史,Data,2026-07-09,U***32085,HG SEP26 7 C,買,HXEU6 C700,1.0,0.063,USD,-2035.53,-3.256848,-2039.0799643199998
轉賬歷史,Data,2026-07-09,U***32085,M2K 18SEP26,買,M2KU6,1.0,2976.7,USD,-19235.4354(1),-0.801288,203.97199608
轉賬歷史,Data,2026-07-09,U***32085,MHG SEP26 Position MTM,持倉按市價計值(MTM),MHGU6,-,-,-,-510.498,-,-510.498
轉賬歷史,Data,2026-07-09,U***32085,YC 14SEP26 Position MTM,持倉按市價計值(MTM),XCU6,-,-,-,-90.468,-,-90.468
轉賬歷史,Data,2026-07-09,U***32085,MHNG AUG26 Position MTM,持倉按市價計值(MTM),MNGQ6,-,-,-,258.48,-,258.48
轉賬歷史,Data,2026-07-09,U***32085,1OZ AUG26 Position MTM,持倉按市價計值(MTM),1OZQ6,-,-,-,-301.1292,-,-301.1292
轉賬歷史,Data,2026-07-09,U***32085,M2K 18SEP26 Position MTM,持倉按市價計值(MTM),M2KU6,-,-,-,-238.4478,-,-238.4478
轉賬歷史,Data,2026-07-09,U***32085,MES 18SEP26 Position MTM,持倉按市價計值(MTM),MESU6,-,-,-,-387.71999999999997,-,-387.71999999999997
轉賬歷史,Data,2026-07-09,U***32085,MNQ 18SEP26 Position MTM,持倉按市價計值(MTM),MNQU6,-,-,-,-1210.9788,-,-1210.9788
轉賬歷史,Data,2026-07-09,U***32085,VXM 22JUL26 Position MTM,持倉按市價計值(MTM),VXMN6,-,-,-,131.385384,-,131.385384
轉賬歷史,Data,2026-07-09,U***32085,MBT 31JUL26 Position MTM,持倉按市價計值(MTM),MBTN6,-,-,-,-123.4242,-,-123.4242
轉賬歷史,Data,2026-07-09,U***32085,M6E 14SEP26 Position MTM,持倉按市價計值(MTM),M6EU6,-,-,-,-10.50075,-,-10.50075
轉賬歷史,Data,2026-07-09,U***32085,MJY 14SEP26 Position MTM,持倉按市價計值(MTM),MJYU6,-,-,-,-5.65425,-,-5.65425
轉賬歷史,Data,2026-07-09,U***32085,ES 18SEP26 8000 C,買,ESU6 C8000,1.0,24.75,USD,-1599.345,-1.835208,-1601.34537672
轉賬歷史,Data,2026-07-09,U***32085,ES 31JUL26 7700 C,買,EWN6 C7700,1.0,28.5,USD,-1841.67,-1.835208,-1843.6703767200001
轉賬歷史,Data,2026-07-09,U***32085,RTY 31JUL26 3050 C,買,RTMN6 C3050,1.0,26.25,USD,-1696.275,-1.835208,-1698.2753767200002
轉賬歷史,Data,2026-07-09,U***32085,NQ 31JUL26 30600 C,買,QNEN6 C30600,1.0,265.5,USD,-6862.644,-1.835208,-6864.644376720001
轉賬歷史,Data,2026-07-09,U***32085,M6E 14SEP26,賣,M6EU6,-1.0,1.1456,USD,18507.168(1),-0.5298839999999999,-12.693823559999998
轉賬歷史,Data,2026-07-09,U***32085,MES 18SEP26,賣,MESU6,-1.0,7534.0,USD,48684.708(1),-0.801288,-354.66790391999996
轉賬歷史,Data,2026-07-09,U***32085,M2K 18SEP26,賣,M2KU6,-1.0,2976.4,USD,19233.4968(1),-0.801288,-207.65740392
轉賬歷史,Data,2026-07-09,U***32085,MES 18SEP26,賣,MESU6,-1.0,7531.5,USD,48668.553(1),-0.801288,-370.82290392
轉賬歷史,Data,2026-07-09,U***32085,M2K 18SEP26,賣,M2KU6,-1.0,2975.9,USD,19230.2658(1),-0.801288,-210.88840392
轉賬歷史,Data,2026-07-09,U***32085,MNQ 18SEP26,賣,MNQU6,-1.0,29502.0,USD,76256.7696(1),-0.801288,-1125.26140392
轉賬歷史,Data,2026-07-08,U***32085,DIREXION DLY M SK BULL 3X-UI,買,KORU,3.0,508.29,USD,-1972.876806,-0.44774051425000005,-1973.3648431572979
轉賬歷史,Data,2026-07-08,U***32085,SIMPLIFY INTEREST RATE HEDGE,賣,PFIX,-21.0,46.65,USD,1267.47117,0.0065481934980000005,1267.477718193498
轉賬歷史,Data,2026-07-08,U***32085,VXM 22JUL26,賣,VXMN6,-1.0,18.55,USD,2399.9990000000003(1),-0.608086,79.94092626000001
轉賬歷史,Data,2026-07-08,U***32085,VXM 22JUL26,賣,VXMN6,-1.0,18.55,USD,2399.9990000000003(1),-0.608086,79.94092626000001
轉賬歷史,Data,2026-07-08,U***32085,MJY 14SEP26,買,MJYU6,1.0,0.006184,USD,-10001.074(1),-0.530458,5.89080078
轉賬歷史,Data,2026-07-08,U***32085,NQ 24JUL26 27000 P,賣,QN4N6 P27000,-1.0,159.5,USD,4127.222,-1.837196,4125.21945636
轉賬歷史,Data,2026-07-08,U***32085,ETHT(US74349Y5713) 現金紅利 USD 0.010688 每股 (常規股息),股息,ETHT,-,-,-,8.293258,-,8.293258
轉賬歷史,Data,2026-07-08,U***32085,ETHT(US74349Y5713) 現金紅利 USD 0.010688 每股 - US 稅收,外國預扣稅,ETHT,-,-,-,-2.484096,-,-2.484096
轉賬歷史,Data,2026-07-08,U***32085,MNQ 18SEP26,賣,MNQU6,-2.0,29066.0,USD,150422.36320000002(1),-1.604312,-2084.76670008
轉賬歷史,Data,2026-07-08,U***32085,BITU(US74349Y7040) 現金紅利 USD 0.014084 每股 (常規股息),股息,BITU,-,-,-,7.89218,-,7.89218
轉賬歷史,Data,2026-07-08,U***32085,BITU(US74349Y7040) 現金紅利 USD 0.014084 每股 - US 稅收,外國預扣稅,BITU,-,-,-,-2.3676540000000004,-,-2.3676540000000004
轉賬歷史,Data,2026-07-08,U***32085,NQ 18SEP26 32250 C,買,NQU6 C32250,1.0,208.5,USD,-5395.146000000001,-1.837196,-5397.148543640001
轉賬歷史,Data,2026-07-08,U***32085,MNQ 18SEP26,賣,MNQU6,-2.0,29074.5,USD,150466.3524(1),-1.604312,-2040.77750008
轉賬歷史,Data,2026-07-08,U***32085,MES 18SEP26,賣,MESU6,-2.0,7483.5,USD,96821.523(1),-1.604312,-587.19320008
轉賬歷史,Data,2026-07-08,U***32085,ES 04SEP26 8300 C,買,EW1U6 C8300,1.0,2.2,USD,-142.318,-1.837196,-144.32054364
轉賬歷史,Data,2026-07-08,U***32085,EUR 04SEP26 1.165 C,買,EUUU6 C1165,1.0,0.0023,USD,-371.96750000000003,-3.1956860000000002,-375.4507977400001
轉賬歷史,Data,2026-07-08,U***32085,EUR 04SEP26 1.11 P,賣,EUUU6 P1110,-1.0,0.0016,USD,258.76,-3.1956860000000002,255.27670226000004
轉賬歷史,Data,2026-07-08,U***32085,M6E 14SEP26,賣,M6EU6,-3.0,1.1429,USD,55450.65075(1),-1.591374,-137.58359766
轉賬歷史,Data,2026-07-08,U***32085,ES 17JUL26 6700 P,賣,EW3N6 P6700,-1.0,1.6,USD,103.504,-1.837196,101.50145636
轉賬歷史,Data,2026-07-08,U***32085,JPY 04SEP26 0.0064 C,買,JPUU6 C0640,1.0,1.9E-5,USD,-307.27750000000003,-3.1956860000000002,-310.76079774
轉賬歷史,Data,2026-07-08,U***32085,EUR 07AUG26 1.1 P,賣,EUUQ6 P1100,-1.0,2.5E-4,USD,40.43125,-3.1956860000000002,36.94795226
轉賬歷史,Data,2026-07-08,U***32085,JPY 07AUG26 0.0061 P,賣,JPUQ6 P0610,-1.0,1.8E-5,USD,291.105,-3.1956860000000002,287.62170226
轉賬歷史,Data,2026-07-08,U***32085,MJY 14SEP26,賣,MJYU6,-1.0,0.006182,USD,9997.8395(1),-0.530458,-10.28169922
轉賬歷史,Data,2026-07-08,U***32085,MJY 14SEP26,賣,MJYU6,-3.0,0.006181,USD,29988.66675(1),-1.591374,-35.69684766
轉賬歷史,Data,2026-07-08,U***32085,DIREXION DLY FTSE CH BL3X-UI,賣,YINN,-66.0,25.39,USD,2168.072412,-0.5318106601372,2167.492738386221
轉賬歷史,Data,2026-07-08,U***32085,VXM 22JUL26,買,VXMN6,2.0,17.99,USD,-4655.0923999999995(1),-1.216172,-17.62750748
轉賬歷史,Data,2026-07-08,U***32085,1OZ AUG26 Position MTM,持倉按市價計值(MTM),1OZQ6,-,-,-,485.175,-,485.175
轉賬歷史,Data,2026-07-08,U***32085,M2K 18SEP26 Position MTM,持倉按市價計值(MTM),M2KU6,-,-,-,353.2074,-,353.2074
轉賬歷史,Data,2026-07-08,U***32085,MES 18SEP26 Position MTM,持倉按市價計值(MTM),MESU6,-,-,-,-145.5525,-,-145.5525
轉賬歷史,Data,2026-07-08,U***32085,MNQ 18SEP26 Position MTM,持倉按市價計值(MTM),MNQU6,-,-,-,597.7356,-,597.7356
轉賬歷史,Data,2026-07-08,U***32085,MBT 31JUL26 Position MTM,持倉按市價計值(MTM),MBTN6,-,-,-,200.53900000000002,-,200.53900000000002
轉賬歷史,Data,2026-07-08,U***32085,M6E 14SEP26 Position MTM,持倉按市價計值(MTM),M6EU6,-,-,-,17.78975,-,17.78975
轉賬歷史,Data,2026-07-08,U***32085,MJY 14SEP26 Position MTM,持倉按市價計值(MTM),MJYU6,-,-,-,-71.159,-,-71.159
轉賬歷史,Data,2026-07-08,U***32085,M2K 18SEP26,買,M2KU6,1.0,2998.7,USD,-19398.5903(1),-0.802156,-176.83115004
轉賬歷史,Data,2026-07-08,U***32085,VXM 22JUL26,賣,VXMN6,-2.0,18.33,USD,4743.0707999999995(1),-1.216172,102.95465252000001
轉賬歷史,Data,2026-07-08,U***32085,VXM 22JUL26,賣,VXMN6,-2.0,18.64,USD,4823.2864(1),-1.216172,183.17025252000002
轉賬歷史,Data,2026-07-08,U***32085,VXM 22JUL26,賣,VXMN6,-1.0,18.58,USD,2403.8804(1),-0.608086,83.82232626000001
轉賬歷史,Data,2026-07-08,U***32085,VXM 22JUL26,賣,VXMN6,-1.0,18.58,USD,2403.8804(1),-0.608086,83.82232626000001
轉賬歷史,Data,2026-07-08,U***32085,VXM 22JUL26,買,VXMN6,1.0,18.42,USD,-2383.1796000000004(1),-0.608086,-64.44715373999999
轉賬歷史,Data,2026-07-08,U***32085,VXM 22JUL26,買,VXMN6,1.0,18.42,USD,-2383.1796000000004(1),-0.608086,-64.44715373999999
轉賬歷史,Data,2026-07-08,U***32085,1OZ AUG26,買,1OZQ6,1.0,4079.75,USD,-5278.38055(1),-0.8668460000000001,2.6130878600000003
轉賬歷史,Data,2026-07-08,U***32085,DIREX DAIL SEMI BU 3X ET-USD,買,SOXL,10.0,154.51,USD,-1999.05038,-0.45578924405000004,-1999.54719027278
轉賬歷史,Data,2026-07-08,U***32085,VXM 22JUL26,買,VXMN6,1.0,18.1,USD,-2341.7780000000002(1),-0.608086,-23.045553740000003
轉賬歷史,Data,2026-07-08,U***32085,VXM 22JUL26,買,VXMN6,1.0,18.1,USD,-2341.7780000000002(1),-0.608086,-23.045553740000003
轉賬歷史,Data,2026-07-08,U***32085,SIMPLIFY INTEREST RATE HEDGE,賣,PFIX,-6.0,46.65,USD,362.13462,-0.468370077622,361.62409661164
轉賬歷史,Data,2026-07-08,U***32085,MHG SEP26 Position MTM,持倉按市價計值(MTM),MHGU6,-,-,-,383.28825,-,383.28825
轉賬歷史,Data,2026-07-08,U***32085,YC 14SEP26 Position MTM,持倉按市價計值(MTM),XCU6,-,-,-,-226.41500000000002,-,-226.41500000000002
轉賬歷史,Data,2026-07-08,U***32085,MHNG AUG26 Position MTM,持倉按市價計值(MTM),MNGQ6,-,-,-,68.5714,-,68.5714
轉賬歷史,Data,2026-07-07,U***32085,MHG SEP26 Position MTM,持倉按市價計值(MTM),MHGU6,-,-,-,19.3905,-,19.3905
轉賬歷史,Data,2026-07-07,U***32085,YC 14SEP26 Position MTM,持倉按市價計值(MTM),XCU6,-,-,-,142.197,-,142.197
轉賬歷史,Data,2026-07-07,U***32085,MHNG AUG26 Position MTM,持倉按市價計值(MTM),MNGQ6,-,-,-,-25.854,-,-25.854
轉賬歷史,Data,2026-07-07,U***32085,1OZ AUG26 Position MTM,持倉按市價計值(MTM),1OZQ6,-,-,-,77.562,-,77.562
轉賬歷史,Data,2026-07-07,U***32085,M2K 18SEP26 Position MTM,持倉按市價計值(MTM),M2KU6,-,-,-,364.5414,-,364.5414
轉賬歷史,Data,2026-07-07,U***32085,MES 18SEP26 Position MTM,持倉按市價計值(MTM),MESU6,-,-,-,-260.155875,-,-260.155875
轉賬歷史,Data,2026-07-07,U***32085,MNQ 18SEP26 Position MTM,持倉按市價計值(MTM),MNQU6,-,-,-,-4262.0319,-,-4262.0319
轉賬歷史,Data,2026-07-07,U***32085,MBT 31JUL26 Position MTM,持倉按市價計值(MTM),MBTN6,-,-,-,-12.28065,-,-12.28065
轉賬歷史,Data,2026-07-07,U***32085,M6E 14SEP26 Position MTM,持倉按市價計值(MTM),M6EU6,-,-,-,-39.5889375,-,-39.5889375
轉賬歷史,Data,2026-07-07,U***32085,MJY 14SEP26 Position MTM,持倉按市價計值(MTM),MJYU6,-,-,-,11.311125,-,11.311125
轉賬歷史,Data,2026-07-07,U***32085,SPACE EXPLORATION TECHN-CL A,買,SPCX,6.0,153.32,USD,-1189.180584,-0.45435205567500003,-1189.675827737454
轉賬歷史,Data,2026-07-07,U***32085,1OZ AUG26,買,1OZQ6,1.0,4160.5,USD,-5378.27835(1),-0.866109,-4.8221588099999995
轉賬歷史,Data,2026-07-07,U***32085,M6E 14SEP26,買,M6EU6,1.0,1.1446,USD,-18495.305249999998(1),-0.530007,8.30960487
轉賬歷史,Data,2026-07-06,U***32085,EUR 貸方利息- 六月-2026,貸方利息,-,-,-,-,2.336346,-,2.336346
轉賬歷史,Data,2026-07-06,U***32085,JPY 借方利息 六月-2026,借方利息,-,-,-,-,-0.79734,-,-0.79734
轉賬歷史,Data,2026-07-06,U***32085,SGD 貸方利息- 六月-2026,貸方利息,-,-,-,-,0.45,-,0.45
轉賬歷史,Data,2026-07-06,U***32085,SGD 借方利息 六月-2026,借方利息,-,-,-,-,-1.09,-,-1.09
轉賬歷史,Data,2026-07-06,U***32085,M6E 14SEP26,賣,M6EU6,-1.0,1.1468,USD,18526.554(1),-0.5298839999999999,-13.501573559999999
轉賬歷史,Data,2026-07-06,U***32085,M2K 18SEP26,賣,M2KU6,-1.0,3027.9,USD,19566.2898(1),-0.801288,4.94239608
轉賬歷史,Data,2026-07-06,U***32085,KORU 31JUL26 350 P,買,KORU  260731P00350000,1.0,38.2,USD,-4936.968,-1.3444578720000002,-4938.43345908048
轉賬歷史,Data,2026-07-06,U***32085,USD 貸方利息- 六月-2026,貸方利息,-,-,-,-,40.826916,-,40.826916
轉賬歷史,Data,2026-07-06,U***32085,USD 借貸費用—— 六月-2026,借方利息,-,-,-,-,-4.26492,-,-4.26492
轉賬歷史,Data,2026-07-06,U***32085,MJY 14SEP26,買,MJYU6,1.0,0.006224,USD,-10054.872000000001(1),-0.5298839999999999,-28.84882356
轉賬歷史,Data,2026-07-06,U***32085,JPY 07AUG26 0.00705 C,賣,JPUQ6 C0705,-1.0,1.5E-6,USD,24.232499999999998,-3.192228,20.75297148
轉賬歷史,Data,2026-07-06,U***32085,1OZ AUG26,買,1OZQ6,1.0,4145.75,USD,-5357.9673(1),-0.865908,27.165860279999997
轉賬歷史,Data,2026-07-06,U***32085,MHG SEP26 Position MTM,持倉按市價計值(MTM),MHGU6,-,-,-,-203.553,-,-203.553
轉賬歷史,Data,2026-07-06,U***32085,YC 14SEP26 Position MTM,持倉按市價計值(MTM),XCU6,-,-,-,394.182,-,394.182
轉賬歷史,Data,2026-07-06,U***32085,MHNG AUG26 Position MTM,持倉按市價計值(MTM),MNGQ6,-,-,-,-63.3276,-,-63.3276
轉賬歷史,Data,2026-07-06,U***32085,1OZ AUG26 Position MTM,持倉按市價計值(MTM),1OZQ6,-,-,-,-215.8308,-,-215.8308
轉賬歷史,Data,2026-07-06,U***32085,M2K 18SEP26 Position MTM,持倉按市價計值(MTM),M2KU6,-,-,-,-82.7136,-,-82.7136
轉賬歷史,Data,2026-07-06,U***32085,MES 18SEP26 Position MTM,持倉按市價計值(MTM),MESU6,-,-,-,408.7215,-,408.7215
轉賬歷史,Data,2026-07-06,U***32085,MNQ 18SEP26 Position MTM,持倉按市價計值(MTM),MNQU6,-,-,-,2985.444,-,2985.444
轉賬歷史,Data,2026-07-06,U***32085,MBT 31JUL26 Position MTM,持倉按市價計值(MTM),MBTN6,-,-,-,-576.4104,-,-576.4104
轉賬歷史,Data,2026-07-06,U***32085,M6E 14SEP26 Position MTM,持倉按市價計值(MTM),M6EU6,-,-,-,30.6945,-,30.6945
轉賬歷史,Data,2026-07-06,U***32085,MJY 14SEP26 Position MTM,持倉按市價計值(MTM),MJYU6,-,-,-,-122.778,-,-122.778
轉賬歷史,Data,2026-07-06,U***32085,1OZ AUG26,賣,1OZQ6,-2.0,4149.5,USD,10725.6276(1),-1.731816,-48.41407944000001
轉賬歷史,Data,2026-07-06,U***32085,1OZ AUG26,賣,1OZQ6,-1.0,4182.75,USD,5405.7861(1),-0.865908,18.76526028
轉賬歷史,Data,2026-07-06,U***32085,1OZ AUG26,賣,1OZQ6,-1.0,4183.0,USD,5406.1092(1),-0.865908,19.08836028
轉賬歷史,Data,2026-07-06,U***32085,M6E 14SEP26,賣,M6EU6,-1.0,1.1484,USD,18552.402000000002(1),-0.5298839999999999,12.34642644
轉賬歷史,Data,2026-07-06,U***32085,MJY 14SEP26,賣,MJYU6,-1.0,0.006245,USD,10088.7975(1),-0.5298839999999999,61.619176440000004
轉賬歷史,Data,2026-07-06,U***32085,1OZ AUG26,買,1OZQ6,1.0,4178.5,USD,-5400.2934(1),-0.865908,-15.16023972
轉賬歷史,Data,2026-07-06,U***32085,MBT 31JUL26,買,MBTN6,1.0,62225.0,USD,-8041.959(1),-2.610648,211.69279367999997
轉賬歷史,Data,2026-07-06,U***32085,M6E 14SEP26,買,M6EU6,1.0,1.1471,USD,-18531.4005(1),-0.5298839999999999,7.499926439999999
轉賬歷史,Data,2026-07-02,U***32085,VAT j**********80:OSE NP L1,銷售稅,-,-,-,-,-0.1431,-,-0.1431
轉賬歷史,Data,2026-07-02,U***32085,VAT j**********80:TWSE,銷售稅,-,-,-,-,-0.1161,-,-0.1161
轉賬歷史,Data,2026-07-02,U***32085,VAT j**********80:Cboe One Add-On,銷售稅,-,-,-,-,-0.1161,-,-0.1161
轉賬歷史,Data,2026-07-02,U***32085,VAT j**********80:美國證券快照和期貨價值數據組非專業 ,銷售稅,-,-,-,-,-1.1646,-,-1.1646
轉賬歷史,Data,2026-07-02,U***32085,VAT j**********80:CFE ENHANCED非專業一級 ,銷售稅,-,-,-,-,-0.5238,-,-0.5238
轉賬歷史,Data,2026-07-02,U***32085,1OZ AUG26,賣,1OZQ6,-2.0,4151.5,USD,10728.3063(1),-1.7314140000000002,64.65590873999999
轉賬歷史,Data,2026-07-02,U***32085,M2K 18SEP26,買,M2KU6,1.0,3005.7,USD,-19418.32485(1),-0.801102,54.04104882000001
轉賬歷史,Data,2026-07-02,U***32085,1OZ AUG26,買,1OZQ6,2.0,4119.25,USD,-10644.96585(1),-1.7314140000000002,14.91005874
轉賬歷史,Data,2026-07-02,U***32085,取消[J**********80:CBOE ONE ADD-ON] FOR JUN 2026,其它費用,-,-,-,-,1.28,-,1.28
轉賬歷史,Data,2026-07-02,U***32085,VAT Cancel[j**********80:Cboe One Add-On],銷售稅,-,-,-,-,0.1152,-,0.1152
轉賬歷史,Data,2026-07-02,U***32085,cancel[j**********80:美國證券快照和期貨價值數據組非專業 - 六月 2026,其它費用,-,-,-,-,12.77,-,12.77
轉賬歷史,Data,2026-07-02,U***32085,VAT cancel[j**********80:美國證券快照和期貨價值數據組非專業 ,銷售稅,-,-,-,-,1.1493,-,1.1493
轉賬歷史,Data,2026-07-02,U***32085,J**********80:TOKYO P L2 FOR JUL 2026,其它費用,-,-,-,-,-2.39,-,-2.39
轉賬歷史,Data,2026-07-02,U***32085,j**********80:美國股票和期權擴展實時更新數據組非專業 - 七月 2026,其它費用,-,-,-,-,-5.82,-,-5.82
轉賬歷史,Data,2026-07-02,U***32085,J**********80:SGX DERIV L1 FOR JUL 2026,其它費用,-,-,-,-,-2.0,-,-2.0
轉賬歷史,Data,2026-07-02,U***32085,J**********80:OSE NP L1 FOR JUL 2026,其它費用,-,-,-,-,-1.59,-,-1.59
轉賬歷史,Data,2026-07-02,U***32085,J**********80:TWSE FOR JUL 2026,其它費用,-,-,-,-,-1.29,-,-1.29
轉賬歷史,Data,2026-07-02,U***32085,J**********80:CBOE ONE ADD-ON FOR JUL 2026,其它費用,-,-,-,-,-1.29,-,-1.29
轉賬歷史,Data,2026-07-02,U***32085,j**********80:美國證券快照和期貨價值數據組非專業 - 七月 2026,其它費用,-,-,-,-,-12.94,-,-12.94
轉賬歷史,Data,2026-07-02,U***32085,j**********80:CFE ENHANCED非專業一級 - 七月 2026,其它費用,-,-,-,-,-5.82,-,-5.82
轉賬歷史,Data,2026-07-02,U***32085,VAT j**********80:Tokyo P L2,銷售稅,-,-,-,-,-0.2151,-,-0.2151
轉賬歷史,Data,2026-07-02,U***32085,VAT j**********80:美國股票和期權擴展實時更新數據組非專業 ,銷售稅,-,-,-,-,-0.5238,-,-0.5238
轉賬歷史,Data,2026-07-02,U***32085,VAT j**********80:SGX Deriv L1,銷售稅,-,-,-,-,-0.18,-,-0.18
轉賬歷史,Data,2026-07-02,U***32085,MHG SEP26 Position MTM,持倉按市價計值(MTM),MHGU6,-,-,-,33.917625,-,33.917625
轉賬歷史,Data,2026-07-02,U***32085,YC 14SEP26 Position MTM,持倉按市價計值(MTM),XCU6,-,-,-,6.4605,-,6.4605
轉賬歷史,Data,2026-07-02,U***32085,MHNG AUG26 Position MTM,持倉按市價計值(MTM),MNGQ6,-,-,-,31.0104,-,31.0104
轉賬歷史,Data,2026-07-02,U***32085,1OZ AUG26 Position MTM,持倉按市價計值(MTM),1OZQ6,-,-,-,-111.76665,-,-111.76665
轉賬歷史,Data,2026-07-02,U***32085,M2K 18SEP26 Position MTM,持倉按市價計值(MTM),M2KU6,-,-,-,270.0489,-,270.0489
轉賬歷史,Data,2026-07-02,U***32085,MES 18SEP26 Position MTM,持倉按市價計值(MTM),MESU6,-,-,-,-98.522625,-,-98.522625
轉賬歷史,Data,2026-07-02,U***32085,MNQ 18SEP26 Position MTM,持倉按市價計值(MTM),MNQU6,-,-,-,-4172.83695,-,-4172.83695
轉賬歷史,Data,2026-07-02,U***32085,MBT 31JUL26 Position MTM,持倉按市價計值(MTM),MBTN6,-,-,-,-381.1695,-,-381.1695
轉賬歷史,Data,2026-07-02,U***32085,M6E 14SEP26 Position MTM,持倉按市價計值(MTM),M6EU6,-,-,-,164.74275,-,164.74275
轉賬歷史,Data,2026-07-02,U***32085,MJY 14SEP26 Position MTM,持倉按市價計值(MTM),MJYU6,-,-,-,264.0729375,-,264.0729375
轉賬歷史,Data,2026-07-02,U***32085,1OZ AUG26,賣,1OZQ6,-2.0,4087.0,USD,10561.6254(1),-1.7314140000000002,-102.02499126000001
轉賬歷史,Data,2026-07-02,U***32085,MJY 14SEP26,賣,MJYU6,-1.0,0.006217,USD,10041.232125(1),-0.5297609999999999,-44.99337699
轉賬歷史,Data,2026-07-02,U***32085,DIREX DAIL SEMI BU 3X ET-USD,買,SOXL,7.0,209.0,USD,-1890.3423,-0.45440346682500005,-1890.8375997756093
轉賬歷史,Data,2026-07-01,U***32085,1OZ AUG26,賣,1OZQ6,-1.0,4119.75,USD,5337.960075(1),-0.8681190000000001,47.318575290000005
轉賬歷史,Data,2026-07-01,U***32085,SPCX 02JUL26 160 P,買,SPCX  260702P00160000,1.0,3.0,USD,-388.71000000000004,-1.3388468100000002,-390.1693430229
轉賬歷史,Data,2026-07-01,U***32085,SPACE EXPLORATION TECHN-CL A,買,SPCX,5.0,160.78,USD,-1041.61323,-0.446721404325,-1042.1001563274751
轉賬歷史,Data,2026-07-01,U***32085,MBT 31JUL26,賣,MBTN6,-1.0,60500.0,USD,7838.985000000001(1),-2.6173140000000004,38.609527740000004
轉賬歷史,Data,2026-07-01,U***32085,1OZ AUG26,買,1OZQ6,1.0,4087.0,USD,-5295.525900000001(1),-0.8681190000000001,-6.77689971
轉賬歷史,Data,2026-07-01,U***32085,1OZ AUG26,買,1OZQ6,1.0,4087.25,USD,-5295.849825(1),-0.8681190000000001,-7.10082471
轉賬歷史,Data,2026-07-01,U***32085,1OZ AUG26,買,1OZQ6,2.0,4053.75,USD,-10504.88775(1),-1.7362380000000002,72.61025058
轉賬歷史,Data,2026-07-01,U***32085,MES 18SEP26 Position MTM,持倉按市價計值(MTM),MESU6,-,-,-,-30.772875000000003,-,-30.772875000000003
轉賬歷史,Data,2026-07-01,U***32085,MNQ 18SEP26 Position MTM,持倉按市價計值(MTM),MNQU6,-,-,-,-3337.07535,-,-3337.07535
轉賬歷史,Data,2026-07-01,U***32085,MBT 31JUL26 Position MTM,持倉按市價計值(MTM),MBTN6,-,-,-,-165.8496,-,-165.8496
轉賬歷史,Data,2026-07-01,U***32085,M6E 14SEP26 Position MTM,持倉按市價計值(MTM),M6EU6,-,-,-,-132.80925000000002,-,-132.80925000000002
轉賬歷史,Data,2026-07-01,U***32085,MJY 14SEP26 Position MTM,持倉按市價計值(MTM),MJYU6,-,-,-,14.576625,-,14.576625
轉賬歷史,Data,2026-07-01,U***32085,1OZ AUG26,買,1OZQ6,2.0,3995.0,USD,-10352.643(1),-1.7362380000000002,224.85500058000002
轉賬歷史,Data,2026-07-01,U***32085,MHG SEP26,買,MHGU6,1.0,6.1545,USD,-19935.964125000002(1),-1.256829,79.61130639000001
轉賬歷史,Data,2026-07-01,U***32085,1OZ AUG26,賣,1OZQ6,-2.0,4035.5,USD,10457.594700000001(1),-1.7362380000000002,-123.68829942
轉賬歷史,Data,2026-07-01,U***32085,DIREXION DLY M SK BULL 3X-UI,買,KORU,3.0,655.0,USD,-2546.0505000000003,-0.454617400125,-2546.5460329628972
轉賬歷史,Data,2026-07-01,U***32085,KORU 31JUL26 350 P,賣,KORU  260731P00350000,-1.0,37.1,USD,4807.0470000000005,-1.4537961312,4805.462362216993
轉賬歷史,Data,2026-07-01,U***32085,1OZ AUG26,賣,1OZQ6,-2.0,4088.5,USD,10594.938900000001(1),-1.7362380000000002,13.65590058
轉賬歷史,Data,2026-07-01,U***32085,ETHT 17JUL26 9 C,賣,ETHT  260717C00009000,-1.0,0.25,USD,32.3925,0.1566436515,32.5491436515
轉賬歷史,Data,2026-07-01,U***32085,1OZ AUG26,賣,1OZQ6,-1.0,4120.0,USD,5338.284000000001(1),-0.8681190000000001,47.64250029
轉賬歷史,Data,2026-07-01,U***32085,MHG SEP26 Position MTM,持倉按市價計值(MTM),MHGU6,-,-,-,482.64825,-,482.64825
轉賬歷史,Data,2026-07-01,U***32085,YC 14SEP26 Position MTM,持倉按市價計值(MTM),XCU6,-,-,-,155.484,-,155.484
轉賬歷史,Data,2026-07-01,U***32085,MHNG AUG26 Position MTM,持倉按市價計值(MTM),MNGQ6,-,-,-,71.26350000000001,-,71.26350000000001
轉賬歷史,Data,2026-07-01,U***32085,1OZ AUG26 Position MTM,持倉按市價計值(MTM),1OZQ6,-,-,-,-114.0216,-,-114.0216
轉賬歷史,Data,2026-07-01,U***32085,M2K 18SEP26 Position MTM,持倉按市價計值(MTM),M2KU6,-,-,-,136.04850000000002,-,136.04850000000002
轉賬歷史,Data,2026-06-30,U***32085,MBT 31JUL26 Position MTM,持倉按市價計值(MTM),MBTN6,-,-,-,214.12390000000002,-,214.12390000000002
轉賬歷史,Data,2026-06-30,U***32085,M6E 14SEP26 Position MTM,持倉按市價計值(MTM),M6EU6,-,-,-,-17.78975,-,-17.78975
轉賬歷史,Data,2026-06-30,U***32085,MJY 14SEP26 Position MTM,持倉按市價計值(MTM),MJYU6,-,-,-,-79.24525,-,-79.24525
轉賬歷史,Data,2026-06-30,U***32085,MCL AUG26,買,MCLQ6,1.0,70.54,USD,-9126.465200000002(1),-0.9962260000000001,-135.64108634
轉賬歷史,Data,2026-06-30,U***32085,MNQ 18SEP26,賣,MNQU6,-1.0,30140.5,USD,77991.55780000001(1),-0.802156,-991.9251500400001
轉賬歷史,Data,2026-06-30,U***32085,MHG SEP26,賣,MHGU6,-1.0,6.2205,USD,20120.20725(1),-1.254986,-109.72368474
轉賬歷史,Data,2026-06-30,U***32085,1OZ AUG26,賣,1OZQ6,-1.0,4026.5,USD,5209.4857(1),-0.8668460000000001,-16.470462140000002
轉賬歷史,Data,2026-06-30,U***32085,1OZ AUG26,賣,1OZQ6,-1.0,4026.25,USD,5209.16225(1),-0.8668460000000001,-16.79391214
轉賬歷史,Data,2026-06-30,U***32085,MJY 14SEP26,買,MJYU6,1.0,0.006194,USD,-10017.246500000001(1),-0.530458,-11.89894922
轉賬歷史,Data,2026-06-30,U***32085,MHNG AUG26,賣,MNGQ6,-1.0,3.308,USD,4279.8904(1),-1.125606,41.46848946000001
轉賬歷史,Data,2026-06-30,U***32085,MHNG AUG26,買,MNGQ6,1.0,3.252,USD,-4207.4376(1),-1.125606,28.530489460000002
轉賬歷史,Data,2026-06-30,U***32085,SPACE EXPLORATION TECHN-CL A,賣,SPCX,-6.0,165.71,USD,1286.3735880000002,-0.4827517203628,1285.8473886255033
轉賬歷史,Data,2026-06-30,U***32085,1OZ AUG26,賣,1OZQ6,-2.0,4055.5,USD,10494.0118(1),-1.7336920000000002,42.099475719999994
轉賬歷史,Data,2026-06-30,U***32085,MHNG AUG26,賣,MNGQ6,-1.0,3.311,USD,4283.7718(1),-1.125606,45.34988946000001
轉賬歷史,Data,2026-06-30,U***32085,SPCX 02JUL26 160 P,賣,SPCX  260702P00160000,-1.0,1.08,USD,139.7304,-0.00487089824,139.725090723506
轉賬歷史,Data,2026-06-30,U***32085,DFEN(US25460E6611) 替代股息的付款 (常規股息),替代支付,DFEN,-,-,-,-0.8539080000000001,-,-0.8539080000000001
轉賬歷史,Data,2026-06-30,U***32085,YINN(US25460G1958) 現金紅利 USD 0.20943 每股 (常規股息),股息,YINN,-,-,-,43.355238,-,43.355238
轉賬歷史,Data,2026-06-30,U***32085,YINN(US25460G1958) 現金紅利 USD 0.20943 每股 - US 稅收,外國預扣稅,YINN,-,-,-,-13.002690000000001,-,-13.002690000000001
轉賬歷史,Data,2026-06-30,U***32085,PFIX(US82889N8552) 現金紅利 USD 0.10 每股 (常規股息),股息,PFIX,-,-,-,3.4932600000000003,-,3.4932600000000003
轉賬歷史,Data,2026-06-30,U***32085,PFIX(US82889N8552) 現金紅利 USD 0.10 每股 - US 稅收,外國預扣稅,PFIX,-,-,-,-1.047978,-,-1.047978
轉賬歷史,Data,2026-06-30,U***32085,MHNG AUG26,買,MNGQ6,1.0,3.256,USD,-4212.6128(1),-1.125606,23.35528946
轉賬歷史,Data,2026-06-30,U***32085,1OZ AUG26,買,1OZQ6,1.0,4026.0,USD,-5208.8388(1),-0.8668460000000001,15.227637860000002
轉賬歷史,Data,2026-06-30,U***32085,1OZ AUG26,買,1OZQ6,1.0,4026.25,USD,-5209.16225(1),-0.8668460000000001,14.90418786
轉賬歷史,Data,2026-06-30,U***32085,YC 14SEP26 Position MTM,持倉按市價計值(MTM),XCU6,-,-,-,168.19400000000002,-,168.19400000000002
轉賬歷史,Data,2026-06-30,U***32085,MHNG AUG26 Position MTM,持倉按市價計值(MTM),MNGQ6,-,-,-,-121.61720000000001,-,-121.61720000000001
轉賬歷史,Data,2026-06-30,U***32085,M2K 18SEP26 Position MTM,持倉按市價計值(MTM),M2KU6,-,-,-,-194.07000000000002,-,-194.07000000000002
轉賬歷史,Data,2026-06-30,U***32085,MES 18SEP26 Position MTM,持倉按市價計值(MTM),MESU6,-,-,-,310.512,-,310.512
轉賬歷史,Data,2026-06-30,U***32085,MNQ 18SEP26 Position MTM,持倉按市價計值(MTM),MNQU6,-,-,-,4872.4508000000005,-,4872.4508000000005
轉賬歷史,Data,2026-06-30,U***32085,MHG SEP26 Position MTM,持倉按市價計值(MTM),MHGU6,-,-,-,-292.72225000000003,-,-292.72225000000003
轉賬歷史,Data,2026-06-30,U***32085,MCL AUG26 Position MTM,持倉按市價計值(MTM),MCLQ6,-,-,-,161.725,-,161.725
轉賬歷史,Data,2026-06-29,U***32085,MHG SEP26 Position MTM,持倉按市價計值(MTM),MHGU6,-,-,-,140.60287499999998,-,140.60287499999998
轉賬歷史,Data,2026-06-29,U***32085,YC 14JUL26 Position MTM,持倉按市價計值(MTM),XCN6,-,-,-,-555.947,-,-555.947
轉賬歷史,Data,2026-06-29,U***32085,MCL AUG26 Position MTM,持倉按市價計值(MTM),MCLQ6,-,-,-,-196.52079999999998,-,-196.52079999999998
轉賬歷史,Data,2026-06-29,U***32085,MHNG AUG26 Position MTM,持倉按市價計值(MTM),MNGQ6,-,-,-,253.4084,-,253.4084
轉賬歷史,Data,2026-06-29,U***32085,1OZ AUG26 Position MTM,持倉按市價計值(MTM),1OZQ6,-,-,-,148.03705,-,148.03705
轉賬歷史,Data,2026-06-29,U***32085,M2K 18SEP26 Position MTM,持倉按市價計值(MTM),M2KU6,-,-,-,-103.43199999999999,-,-103.43199999999999
轉賬歷史,Data,2026-06-29,U***32085,MES 18SEP26 Position MTM,持倉按市價計值(MTM),MESU6,-,-,-,1273.5065,-,1273.5065
轉賬歷史,Data,2026-06-29,U***32085,MNQ 18SEP26 Position MTM,持倉按市價計值(MTM),MNQU6,-,-,-,7079.9204,-,7079.9204
轉賬歷史,Data,2026-06-29,U***32085,MBT 31JUL26 Position MTM,持倉按市價計值(MTM),MBTN6,-,-,-,-72.4024,-,-72.4024
轉賬歷史,Data,2026-06-29,U***32085,M6E 14SEP26 Position MTM,持倉按市價計值(MTM),M6EU6,-,-,-,124.44162499999999,-,124.44162499999999
轉賬歷史,Data,2026-06-29,U***32085,MJY 14SEP26 Position MTM,持倉按市價計值(MTM),MJYU6,-,-,-,-33.938625,-,-33.938625
轉賬歷史,Data,2026-06-29,U***32085,ES 17JUL26 6000 P,賣,EW3N6 P6000,-1.0,2.5,USD,161.61249999999998,-1.8359179999999997,159.61134938
轉賬歷史,Data,2026-06-29,U***32085,MES 18SEP26,賣,MESU6,-1.0,7431.75,USD,48042.547875(1),-0.8015979999999999,-443.69199181999994
轉賬歷史,Data,2026-06-29,U***32085,1OZ AUG26,買,1OZQ6,2.0,4060.5,USD,-10499.6409(1),-1.732486,-57.48310974
轉賬歷史,Data,2026-06-29,U***32085,YC 14JUL26,賣,XCN6,-2.0,4.02625,USD,10411.07725(1),-4.990594,10.72150254
轉賬歷史,Data,2026-06-29,U***32085,YC 14JUL26,賣,XCN6,-2.0,4.02625,USD,10411.07725(1),-4.990594,10.72150254
轉賬歷史,Data,2026-06-29,U***32085,MHNG AUG26,買,MNGQ6,1.0,3.182,USD,-4114.007799999999(1),-1.124823,-2.51895707
轉賬歷史,Data,2026-06-29,U***32085,MHNG AUG26,買,MNGQ6,1.0,3.182,USD,-4114.007799999999(1),-1.124823,-2.51895707
轉賬歷史,Data,2026-06-29,U***32085,YC 14SEP26,買,XCU6,1.0,4.10875,USD,-5312.202875(1),-2.495297,-10.80049873
轉賬歷史,Data,2026-06-29,U***32085,MHNG AUG26,賣,MNGQ6,-1.0,3.177,USD,4107.543299999999(1),-1.124823,-6.397657069999999
轉賬歷史,Data,2026-06-29,U***32085,YC 14SEP26,買,XCU6,1.0,4.11125,USD,-5315.435125(1),-2.495297,-14.03274873
轉賬歷史,Data,2026-06-26,U***32085,MES 18SEP26 Position MTM,持倉按市價計值(MTM),MESU6,-,-,-,-278.2315,-,-278.2315
轉賬歷史,Data,2026-06-26,U***32085,MNQ 18SEP26 Position MTM,持倉按市價計值(MTM),MNQU6,-,-,-,-3690.7732,-,-3690.7732
轉賬歷史,Data,2026-06-26,U***32085,VXM 22JUL26 Position MTM,持倉按市價計值(MTM),VXMN6,-,-,-,12.112776,-,12.112776
轉賬歷史,Data,2026-06-26,U***32085,MBT 31JUL26 Position MTM,持倉按市價計值(MTM),MBTN6,-,-,-,-72.4696,-,-72.4696
轉賬歷史,Data,2026-06-26,U***32085,M6E 14SEP26 Position MTM,持倉按市價計值(MTM),M6EU6,-,-,-,60.6609375,-,60.6609375
轉賬歷史,Data,2026-06-26,U***32085,MJY 14SEP26 Position MTM,持倉按市價計值(MTM),MJYU6,-,-,-,4.852875,-,4.852875
轉賬歷史,Data,2026-06-26,U***32085,MHNG AUG26,賣,MNGQ6,-1.0,3.276,USD,4239.4716(1),-1.125867,-5.109495030000001
轉賬歷史,Data,2026-06-26,U***32085,1OZ AUG26,買,1OZQ6,2.0,4010.75,USD,-10380.62315(1),-1.7340940000000002,219.40093754
轉賬歷史,Data,2026-06-26,U***32085,DIREX DLY AEROS & DF BL3X-UI,買,DFEN,11.0,74.77,USD,-1064.3584270000001,-0.484627832525,-1064.8866713342172
轉賬歷史,Data,2026-06-26,U***32085,M6E 14SEP26,賣,M6EU6,-1.0,1.144,USD,18505.629999999997(1),-0.530581,26.11247921
轉賬歷史,Data,2026-06-26,U***32085,1OZ AUG26,賣,1OZQ6,-2.0,4088.75,USD,10582.50275(1),-1.7340940000000002,-21.30166246
轉賬歷史,Data,2026-06-26,U***32085,VXM 22JUL26,買,VXMN6,1.0,19.16,USD,-2479.4956(1),-0.608227,-13.62984943
轉賬歷史,Data,2026-06-26,U***32085,VXM 22JUL26,買,VXMN6,1.0,19.16,USD,-2479.4956(1),-0.608227,-13.62984943
轉賬歷史,Data,2026-06-26,U***32085,MHG SEP26 Position MTM,持倉按市價計值(MTM),MHGU6,-,-,-,-224.849875,-,-224.849875
轉賬歷史,Data,2026-06-26,U***32085,YC 14JUL26 Position MTM,持倉按市價計值(MTM),XCN6,-,-,-,-103.528,-,-103.528
轉賬歷史,Data,2026-06-26,U***32085,MCL AUG26 Position MTM,持倉按市價計值(MTM),MCLQ6,-,-,-,348.1129,-,348.1129
轉賬歷史,Data,2026-06-26,U***32085,MHNG AUG26 Position MTM,持倉按市價計值(MTM),MNGQ6,-,-,-,20.7056,-,20.7056
轉賬歷史,Data,2026-06-26,U***32085,1OZ AUG26 Position MTM,持倉按市價計值(MTM),1OZQ6,-,-,-,-126.17475,-,-126.17475
轉賬歷史,Data,2026-06-26,U***32085,M2K 18SEP26 Position MTM,持倉按市價計值(MTM),M2KU6,-,-,-,104.8221,-,104.8221
轉賬歷史,Data,2026-06-25,U***32085,VXM 22JUL26 Position MTM,持倉按市價計值(MTM),VXMN6,-,-,-,83.61135,-,83.61135
轉賬歷史,Data,2026-06-25,U***32085,MBT 31JUL26 Position MTM,持倉按市價計值(MTM),MBTN6,-,-,-,84.90765,-,84.90765
轉賬歷史,Data,2026-06-25,U***32085,MES 18SEP26,賣,MESU6,-1.0,7491.5,USD,48556.157250000004(1),-0.803706,441.48633546
轉賬歷史,Data,2026-06-25,U***32085,1OZ AUG26,賣,1OZQ6,-1.0,4044.25,USD,5242.561275(1),-0.8685210000000001,-5.15966289
轉賬歷史,Data,2026-06-25,U***32085,1OZ AUG26,賣,1OZQ6,-1.0,4044.5,USD,5242.8853500000005(1),-0.8685210000000001,-4.835587889999999
轉賬歷史,Data,2026-06-25,U***32085,MES 18SEP26,買,MESU6,1.0,7413.75,USD,-48052.220625(1),-0.803706,60.698210460000006
轉賬歷史,Data,2026-06-25,U***32085,NQ 31JUL26 22000 P,賣,QNEN6 P22000,-1.0,44.0,USD,1140.744,-1.840746,1138.7375868600002
轉賬歷史,Data,2026-06-25,U***32085,M2K 18SEP26,買,M2KU6,1.0,3015.6,USD,-19545.6114(1),-0.803706,96.99461045999999
轉賬歷史,Data,2026-06-25,U***32085,M6E 14SEP26 Position MTM,持倉按市價計值(MTM),M6EU6,-,-,-,82.639125,-,82.639125
轉賬歷史,Data,2026-06-25,U***32085,MJY 14SEP26 Position MTM,持倉按市價計值(MTM),MJYU6,-,-,-,-6.4815000000000005,-,-6.4815000000000005
轉賬歷史,Data,2026-06-25,U***32085,買 1 MHNG JUL26 (盯市交易),到期,MNGN6,1.0,3.343,USD,-4326.1763(1),-1.125867,-1.22719503
轉賬歷史,Data,2026-06-25,U***32085,MHNG JUL26 Position MTM,持倉按市價計值(MTM),MNGN6,-,-,-,-158.1486,-,-158.1486
轉賬歷史,Data,2026-06-25,U***32085,MHNG AUG26 Position MTM,持倉按市價計值(MTM),MNGQ6,-,-,-,-44.0742,-,-44.0742
轉賬歷史,Data,2026-06-25,U***32085,M2K 18SEP26 Position MTM,持倉按市價計值(MTM),M2KU6,-,-,-,-334.4454,-,-334.4454
轉賬歷史,Data,2026-06-25,U***32085,MES 18SEP26 Position MTM,持倉按市價計值(MTM),MESU6,-,-,-,-64.815,-,-64.815
轉賬歷史,Data,2026-06-25,U***32085,MNQ 18SEP26 Position MTM,持倉按市價計值(MTM),MNQU6,-,-,-,2182.9692,-,2182.9692
轉賬歷史,Data,2026-06-25,U***32085,YC 14JUL26 Position MTM,持倉按市價計值(MTM),XCN6,-,-,-,401.853,-,401.853
轉賬歷史,Data,2026-06-25,U***32085,MCL AUG26 Position MTM,持倉按市價計值(MTM),MCLQ6,-,-,-,-204.8154,-,-204.8154
轉賬歷史,Data,2026-06-25,U***32085,MHG SEP26 Position MTM,持倉按市價計值(MTM),MHGU6,-,-,-,-408.3345,-,-408.3345
轉賬歷史,Data,2026-06-24,U***32085,VXM 22JUL26 Position MTM,持倉按市價計值(MTM),VXMN6,-,-,-,19.900582,-,19.900582
轉賬歷史,Data,2026-06-24,U***32085,MBT 31JUL26 Position MTM,持倉按市價計值(MTM),MBTN6,-,-,-,326.91959999999995,-,326.91959999999995
轉賬歷史,Data,2026-06-24,U***32085,MNQ 18SEP26,賣,MNQU6,-1.0,29785.0,USD,77280.161(1),-0.804326,701.6112346599999
轉賬歷史,Data,2026-06-24,U***32085,M6E 14SEP26,賣,M6EU6,-1.0,1.142,USD,18518.957499999997(1),-0.531893,41.58248663
轉賬歷史,Data,2026-06-24,U***32085,MNQ 18SEP26,賣,MNQU6,-1.0,29784.5,USD,77278.86369999999(1),-0.804326,700.31393466
轉賬歷史,Data,2026-06-24,U***32085,MNQ 18SEP26,賣,MNQU6,-1.0,29783.75,USD,77276.91775(1),-0.804326,698.3679846599999
轉賬歷史,Data,2026-06-24,U***32085,MNQ 18SEP26,賣,MNQU6,-1.0,29784.25,USD,77278.21505(1),-0.804326,699.66528466
轉賬歷史,Data,2026-06-24,U***32085,M6E 14SEP26,買,M6EU6,1.0,1.142,USD,-18518.957499999997(1),-0.531893,-42.742013369999995
轉賬歷史,Data,2026-06-24,U***32085,MNQ 18SEP26,買,MNQU6,1.0,29777.0,USD,-77259.40419999999(1),-0.804326,-682.6078653399999
轉賬歷史,Data,2026-06-24,U***32085,MNQ 18SEP26,買,MNQU6,1.0,29782.75,USD,-77274.32315(1),-0.804326,-697.5268153399999
轉賬歷史,Data,2026-06-24,U***32085,MNQ 18SEP26,買,MNQU6,1.0,29793.5,USD,-77302.21509999999(1),-0.804326,-725.4187653399999
轉賬歷史,Data,2026-06-24,U***32085,MNQ 18SEP26,買,MNQU6,1.0,29849.75,USD,-77448.16135(1),-0.804326,-871.3650153399999
轉賬歷史,Data,2026-06-24,U***32085,1OZ AUG26,賣,1OZQ6,-2.0,4105.75,USD,10652.77895(1),-1.7383819999999999,249.78136361999998
轉賬歷史,Data,2026-06-24,U***32085,1OZ AUG26,買,1OZQ6,2.0,4077.0,USD,-10578.1842(1),-1.7383819999999999,-178.97628637999998
轉賬歷史,Data,2026-06-24,U***32085,MICROSECTORS GOLD MINERS 3X,買,GDXU,10.0,86.24,USD,-1118.79152,-0.43626544942499995,-1119.26704933663
轉賬歷史,Data,2026-06-24,U***32085,1OZ AUG26,賣,1OZQ6,-1.0,4037.5,USD,5237.848749999999(1),-0.8691909999999999,36.349956809999995
轉賬歷史,Data,2026-06-24,U***32085,1OZ AUG26,賣,1OZQ6,-1.0,4037.75,USD,5238.173075(1),-0.8691909999999999,36.67428180999999
轉賬歷史,Data,2026-06-24,U***32085,MHG JUL26,買,MHGN6,1.0,5.989,USD,-19423.824249999998(1),-1.258381,-132.72326028999998
轉賬歷史,Data,2026-06-24,U***32085,1OZ AUG26,買,1OZQ6,2.0,4003.25,USD,-10386.83245(1),-1.7383819999999999,12.37546362
轉賬歷史,Data,2026-06-24,U***32085,MICROSECTORS GOLD MINERS 3X,買,GDXU,21.0,80.09,USD,-2181.915897,-0.45991912032499993,-2182.417208837911
轉賬歷史,Data,2026-06-24,U***32085,MNQ 18SEP26,賣,MNQU6,-1.0,30061.0,USD,77996.27059999999(1),-0.804326,1417.7208346599998
轉賬歷史,Data,2026-06-24,U***32085,M6E 14SEP26 Position MTM,持倉按市價計值(MTM),M6EU6,-,-,-,-119.1894375,-,-119.1894375
轉賬歷史,Data,2026-06-24,U***32085,MJY 14SEP26 Position MTM,持倉按市價計值(MTM),MJYU6,-,-,-,-25.945999999999998,-,-25.945999999999998
轉賬歷史,Data,2026-06-24,U***32085,MNQ 18SEP26 Position MTM,持倉按市價計值(MTM),MNQU6,-,-,-,-1968.6527499999997,-,-1968.6527499999997
轉賬歷史,Data,2026-06-24,U***32085,MHG JUL26 Position MTM,持倉按市價計值(MTM),MHGN6,-,-,-,647.028375,-,647.028375
轉賬歷史,Data,2026-06-24,U***32085,MHG SEP26 Position MTM,持倉按市價計值(MTM),MHGU6,-,-,-,650.271625,-,650.271625
轉賬歷史,Data,2026-06-24,U***32085,YC 14JUL26 Position MTM,持倉按市價計值(MTM),XCN6,-,-,-,-142.70299999999997,-,-142.70299999999997
轉賬歷史,Data,2026-06-24,U***32085,MCL AUG26 Position MTM,持倉按市價計值(MTM),MCLQ6,-,-,-,372.32509999999996,-,372.32509999999996
轉賬歷史,Data,2026-06-24,U***32085,MHNG JUL26 Position MTM,持倉按市價計值(MTM),MNGN6,-,-,-,-96.00019999999999,-,-96.00019999999999
轉賬歷史,Data,2026-06-24,U***32085,MHNG AUG26 Position MTM,持倉按市價計值(MTM),MNGQ6,-,-,-,-99.8921,-,-99.8921
轉賬歷史,Data,2026-06-24,U***32085,M2K 18SEP26 Position MTM,持倉按市價計值(MTM),M2KU6,-,-,-,-297.73035,-,-297.73035
轉賬歷史,Data,2026-06-24,U***32085,MES 18SEP26 Position MTM,持倉按市價計值(MTM),MESU6,-,-,-,-120.00025,-,-120.00025
轉賬歷史,Data,2026-06-23,U***32085,M6E 14SEP26 Position MTM,持倉按市價計值(MTM),M6EU6,-,-,-,-144.24675,-,-144.24675
轉賬歷史,Data,2026-06-23,U***32085,MJY 14SEP26 Position MTM,持倉按市價計值(MTM),MJYU6,-,-,-,-21.06975,-,-21.06975
轉賬歷史,Data,2026-06-23,U***32085,1OZ AUG26,買,1OZQ6,4.0,4150.75,USD,-21527.4498(1),-3.474888,-10.270627919999999
轉賬歷史,Data,2026-06-23,U***32085,1OZ AUG26,買,1OZQ6,2.0,4141.75,USD,-10740.3861(1),-1.737444,18.20348604
轉賬歷史,Data,2026-06-23,U***32085,DIREXION DLY M SK BULL 3X-UI,買,KORU,2.0,758.23,USD,-1966.242036,-0.45052084994999997,-1966.733103723204
轉賬歷史,Data,2026-06-23,U***32085,MHG JUL26 Position MTM,持倉按市價計值(MTM),MHGN6,-,-,-,705.02625,-,705.02625
轉賬歷史,Data,2026-06-23,U***32085,MHG SEP26 Position MTM,持倉按市價計值(MTM),MHGU6,-,-,-,706.6469999999999,-,706.6469999999999
轉賬歷史,Data,2026-06-23,U***32085,YC 14JUL26 Position MTM,持倉按市價計值(MTM),XCN6,-,-,-,-90.762,-,-90.762
轉賬歷史,Data,2026-06-23,U***32085,MCL AUG26 Position MTM,持倉按市價計值(MTM),MCLQ6,-,-,-,84.279,-,84.279
轉賬歷史,Data,2026-06-23,U***32085,MHNG JUL26 Position MTM,持倉按市價計值(MTM),MNGN6,-,-,-,137.43959999999998,-,137.43959999999998
轉賬歷史,Data,2026-06-23,U***32085,MHNG AUG26 Position MTM,持倉按市價計值(MTM),MNGQ6,-,-,-,123.17699999999999,-,123.17699999999999
轉賬歷史,Data,2026-06-23,U***32085,1OZ AUG26 Position MTM,持倉按市價計值(MTM),1OZQ6,-,-,-,414.2637,-,414.2637
轉賬歷史,Data,2026-06-23,U***32085,M2K 18SEP26 Position MTM,持倉按市價計值(MTM),M2KU6,-,-,-,503.7291,-,503.7291
轉賬歷史,Data,2026-06-23,U***32085,MES 18SEP26 Position MTM,持倉按市價計值(MTM),MESU6,-,-,-,-672.61125,-,-672.61125
轉賬歷史,Data,2026-06-23,U***32085,MNQ 18SEP26 Position MTM,持倉按市價計值(MTM),MNQU6,-,-,-,-10243.14,-,-10243.14
轉賬歷史,Data,2026-06-23,U***32085,MYM 18SEP26 Position MTM,持倉按市價計值(MTM),MYMU6,-,-,-,23.987099999999998,-,23.987099999999998
轉賬歷史,Data,2026-06-23,U***32085,MBT 31JUL26 Position MTM,持倉按市價計值(MTM),MBTN6,-,-,-,554.9448,-,554.9448
轉賬歷史,Data,2026-06-23,U***32085,MYM 18SEP26,買,MYMU6,1.0,52179.0,USD,-33827.6457(1),-0.8038919999999999,-63.761342279999994
轉賬歷史,Data,2026-06-23,U***32085,MES 18SEP26,買,MESU6,1.0,7470.5,USD,-48431.2515(1),-0.8038919999999999,-214.81524228
轉賬歷史,Data,2026-06-23,U***32085,M2K 18SEP26,買,M2KU6,1.0,2988.9,USD,-19377.0387(1),-0.8038919999999999,59.415657720000006
轉賬歷史,Data,2026-06-23,U***32085,M2K 18SEP26,賣,M2KU6,-1.0,2987.6,USD,19368.6108(1),-0.8038919999999999,-69.59604227999999
轉賬歷史,Data,2026-06-23,U***32085,MBT 31JUL26,買,MBTN6,1.0,63000.0,USD,-8168.58(1),-2.619132,-53.42225388000001
轉賬歷史,Data,2026-06-23,U***32085,VXM 22JUL26,賣,VXMN6,-1.0,19.12,USD,2479.0992(1),-0.609402,-50.68707617999999
轉賬歷史,Data,2026-06-23,U***32085,VXM 22JUL26,賣,VXMN6,-1.0,19.12,USD,2479.0992(1),-0.609402,-50.68707617999999
轉賬歷史,Data,2026-06-23,U***32085,MNQ 18SEP26,買,MNQU6,1.0,29837.75,USD,-77375.2533(1),-0.8038919999999999,-446.25834227999997
轉賬歷史,Data,2026-06-23,U***32085,DIREXION DLY FTSE CH BL3X-UI,買,YINN,71.0,23.72,USD,-2183.6299919999997,-0.47283144614999995,-2184.145378273062
轉賬歷史,Data,2026-06-23,U***32085,M6E 14SEP26,買,M6EU6,1.0,1.1429,USD,-18523.55175(1),-0.5316059999999999,-17.59732554
轉賬歷史,注釋,"1. 顯示的數值為名義金額，代表期貨合約的總價值。"
