Symbol,Price~,"Exp Date",DTE,Type,Strike,Moneyness,Bid,Latest,Ask,Volume,"Open Int",Vol/OI,"Imp Vol",IV,Delta,Time
TSLA,376.05,2026-09-21,0,Put,375.00,+0.26%,0.46,0.46,0.48,173560,339,511.98,42.13%,9.79%,-0.36064,"15:04 ET"
NVDA,228.41,2026-09-21,0,Put,227.50,+0.07%,0.21,0.22,0.22,71818,180,398.99,32.79%,6.08%,-0.413497,"15:00 ET"
TSLA,376.05,2026-09-21,0,Put,377.50,+0.93%,2,2.07,2.09,47438,131,362.12,42.13%,10.65%,-0.811648,"15:04 ET"
META,744.73,2026-09-21,0,Call,750.00,-0.33%,0.85,0.87,0.88,90075,272,331.16,46.06%,16.36%,0.234382,"15:00 ET"
INTC,121.33,2026-09-21,0,Call,121.00,+0.08%,0.66,0.67,0.69,40442,148,273.26,70.53%,16.94%,0.658369,"15:00 ET"
WBD,30.8,2026-09-25,4,Call,30.50,+1.04%,0.35,0.37,0.37,18041,103,175.16,24.58%,12.68%,0.77694,"15:02 ET"
META,744.73,2026-09-21,0,Call,745.00,+0.34%,2.7,2.7,2.76,53749,309,173.94,46.06%,16.46%,0.524687,"15:00 ET"
META,744.73,2026-09-21,0,Call,730.00,+2.34%,15.7,15.87,15.9,43731,258,169.5,46.06%,29.18%,0.916466,"15:00 ET"
META,744.73,2026-09-21,0,Call,747.50,0.00%,1.6,1.6,1.61,35303,230,153.49,46.06%,16.35%,0.369903,"15:00 ET"
TSLA,376.05,2026-09-23,2,Put,375.00,+0.26%,4.45,4.53,4.55,20925,146,143.32,42.13%,43.74%,-0.470389,"15:04 ET"
SHOP,135.8,2026-12-18,88,Call,145.00,-7.16%,12.05,12.3,12.5,43644,340,128.36,53.44%,57.62%,0.480866,"14:55 ET"
AMD,609.41,2026-09-21,0,Call,605.00,+0.47%,6.55,7.25,7.6,18835,147,128.13,56.69%,7.54%,0.998942,"15:00 ET"
META,744.73,2026-09-21,0,Call,725.00,+3.01%,20.65,20.88,20.85,33499,286,117.13,46.06%,35.27%,0.935843,"15:00 ET"
META,744.73,2026-09-21,0,Call,727.50,+2.68%,18.15,18.57,18.4,23062,204,113.05,46.06%,32.30%,0.92706,"15:00 ET"
META,744.73,2026-09-23,2,Call,750.00,-0.33%,10.8,10.9,10.95,17052,152,112.18,46.06%,59.03%,0.453084,"15:00 ET"
INTC,121.33,2026-09-21,0,Call,119.00,+1.73%,2.43,2.39,2.53,20067,189,106.17,70.53%,26.21%,0.932084,"15:00 ET"
INTC,121.33,2026-09-23,2,Call,125.00,-3.22%,1.44,1.42,1.46,10698,104,102.87,70.53%,79.37%,0.321931,"14:59 ET"
META,744.73,2026-09-21,0,Call,735.00,+1.67%,10.6,10.7,10.8,40831,427,95.62,46.06%,20.28%,0.908984,"15:00 ET"
TSLA,376.05,2026-09-21,0,Call,375.00,-0.26%,1.09,1.09,1.12,296412,3197,92.72,42.13%,9.16%,0.649484,"15:04 ET"
TSLA,376.05,2026-09-21,0,Put,380.00,+1.60%,4.25,4.3,4.45,17874,198,90.27,42.13%,11.23%,-0.984204,"15:04 ET"
META,744.73,2026-09-21,0,Call,740.00,+1.00%,6.2,6.3,6.35,53273,631,84.43,46.06%,18.28%,0.778045,"15:00 ET"
META,744.73,2026-09-21,0,Call,722.50,+3.35%,23.1,23.2,23.45,19938,239,83.42,46.06%,39.21%,0.938157,"15:00 ET"
NVDA,228.41,2026-09-21,0,Call,227.50,-0.07%,0.37,0.37,0.38,408455,5006,81.59,32.79%,6.11%,0.588035,"15:00 ET"
TSLA,376.05,2026-09-21,0,Call,377.50,-0.93%,0.18,0.19,0.2,211484,2715,77.89,42.13%,10.07%,0.178852,"15:04 ET"
AAPL,338.77,2026-09-21,0,Put,340.00,+0.37%,1.45,1.49,1.49,10899,140,77.85,23.84%,5.81%,-0.929034,"15:00 ET"
MSFT,498.39,2026-09-21,0,Call,495.00,+0.58%,2.81,2.92,3.35,56641,776,72.99,27.02%,9.91%,0.873812,"15:00 ET"
MSFT,498.39,2026-09-23,2,Put,497.50,-0.08%,3.6,3.7,3.9,11335,158,71.74,27.02%,27.02%,-0.478211,"14:59 ET"
META,744.73,2026-09-21,0,Call,720.00,+3.68%,25.65,25.91,25.85,41371,598,69.18,46.06%,42.03%,0.944777,"15:00 ET"
MSFT,498.39,2026-09-21,0,Call,497.50,+0.08%,0.88,0.94,0.99,61714,900,68.57,27.02%,6.84%,0.594273,"15:00 ET"
BMNR,27.94,2026-09-25,4,Put,28.00,+0.36%,1,1.03,1.04,7448,109,68.33,79.84%,87.06%,-0.482812,"14:59 ET"
MU,1046.84,2026-09-21,0,Call,"1,045.00",-0.18%,5.05,5.14,5.3,49762,739,67.34,63.16%,13.15%,0.705602,"15:00 ET"
TSLA,376.05,2026-09-23,2,Put,372.50,-0.41%,3.4,3.35,3.45,10189,174,58.56,42.13%,44.03%,-0.389935,"15:04 ET"
META,744.73,2026-09-21,0,Call,717.50,+4.01%,28.05,28.2,28.4,17727,306,57.93,46.06%,44.74%,0.950589,"14:59 ET"
AAPL,338.77,2026-09-23,2,Put,337.50,-0.37%,1.89,1.93,1.98,9301,161,57.77,23.84%,24.52%,-0.425234,"15:00 ET"
MSFT,498.39,2026-09-21,0,Call,500.00,-0.42%,0.13,0.14,0.14,89092,1551,57.44,27.02%,7.39%,0.139072,"15:00 ET"
GRAB,2.88,2028-06-16,634,Call,7.00,-143.06%,0.2,0.23,0.5,9000,160,56.25,50.66%,67.38%,0.316654,"10:29 ET"
META,744.73,2026-09-25,4,Put,700.00,-6.36%,3.95,4.05,4.05,9607,174,55.21,46.06%,61.35%,-0.155346,"15:00 ET"
MU,1046.84,2026-09-21,0,Call,"1,055.00",-1.14%,0.88,0.88,0.9,29475,540,54.58,63.16%,13.86%,0.209138,"15:00 ET"
META,744.73,2026-09-21,0,Call,707.50,+5.35%,37.05,38.75,39.6,11216,206,54.45,46.06%,60.49%,0.952984,"14:59 ET"
MU,1046.84,2026-09-21,0,Call,"1,065.00",-2.10%,0.17,0.2,0.2,19721,368,53.59,63.16%,17.52%,0.046971,"15:00 ET"
META,744.73,2026-10-30,39,Put,680.00,-9.03%,20.15,20.51,20.9,6156,119,51.73,46.06%,50.47%,-0.255402,"14:57 ET"
INTC,121.33,2026-09-21,0,Call,118.00,+2.56%,3.4,3.41,3.55,25039,486,51.52,70.53%,33.71%,0.949967,"14:59 ET"
AAPL,338.77,2026-09-21,0,Call,337.50,+0.37%,1.2,1.2,1.2,161912,3274,49.45,23.84%,6.82%,0.816928,"15:00 ET"
INTC,121.33,2026-09-21,0,Call,117.00,+3.39%,4.4,4.35,4.55,11043,233,47.39,70.53%,41.59%,0.958245,"14:57 ET"
WULF,17.66,2026-10-02,11,Put,16.50,-6.30%,0.49,0.49,0.52,4898,104,47.1,83.20%,80.01%,-0.300315,"14:17 ET"
MSFT,498.39,2026-09-21,0,Put,497.50,-0.08%,0.53,0.57,0.6,11078,239,46.35,27.02%,7.31%,-0.413021,"15:00 ET"
AMZN,258.67,2026-09-21,0,Call,257.50,+0.29%,1.33,1.34,1.39,118777,2615,45.42,32.39%,8.52%,0.870018,"15:00 ET"
MU,1046.84,2026-09-21,0,Call,"1,060.00",-1.62%,0.36,0.4,0.4,42909,951,45.12,63.16%,15.55%,0.095822,"15:00 ET"
MU,1046.84,2026-09-21,0,Call,"1,050.00",-0.66%,2.29,2.29,2.3,112513,2571,43.76,63.16%,13.04%,0.436606,"15:00 ET"
TSLA,376.05,2026-09-25,4,Put,385.00,+2.93%,12.5,12.6,12.6,5354,123,43.53,42.13%,44.02%,-0.693381,"15:00 ET"
AAPL,338.77,2026-09-21,0,Put,337.50,-0.37%,0.09,0.1,0.1,82501,1908,43.24,23.84%,6.26%,-0.163146,"15:00 ET"
CIFR,19.07,2026-10-02,11,Put,19.00,-0.99%,1.29,1.34,1.36,17060,395,43.19,99.43%,102.98%,-0.457776,"14:57 ET"
AVGO,362.83,2026-09-21,0,Call,362.50,-0.18%,0.77,0.78,0.8,38561,895,43.08,37.71%,7.19%,0.626139,"15:00 ET"
META,744.73,2026-09-21,0,Call,705.00,+5.69%,40.25,39.7,41.65,17153,399,42.99,46.06%,66.97%,0.947095,"14:55 ET"
META,744.73,2026-09-25,4,Call,765.00,-2.34%,11.9,12,12,6961,163,42.71,46.06%,64.05%,0.363109,"15:00 ET"
INTC,121.33,2026-09-23,2,Call,128.00,-5.70%,0.78,0.79,0.8,23043,555,41.52,70.53%,81.31%,0.199353,"14:59 ET"
MSTR,166.13,2026-09-25,4,Put,165.00,-0.87%,5.1,5.2,5.2,7652,186,41.14,75.05%,86.19%,-0.436806,"15:00 ET"
MU,1046.84,2026-09-21,0,Call,"1,070.00",-2.58%,0.11,0.14,0.15,19564,476,41.1,63.16%,20.42%,0.030233,"15:00 ET"
API,4.33,2027-03-19,179,Call,5.00,-14.68%,0.5,0.55,0.55,5396,134,40.27,82.71%,60.57%,0.46924,"14:48 ET"
DOW,28.41,2026-10-02,11,Put,27.00,-4.83%,0.24,0.27,0.3,6134,165,37.18,41.62%,40.04%,-0.227988,"14:34 ET"
META,744.73,2026-09-25,4,Call,770.00,-3.01%,10.4,10.45,10.5,12212,330,37.01,46.06%,64.42%,0.328375,"15:00 ET"
MU,1046.84,2026-09-21,0,Call,"1,040.00",+0.30%,8.95,9.31,9.65,51830,1433,36.17,63.16%,14.01%,0.878363,"15:00 ET"
GOOGL,355.43,2026-09-21,0,Put,355.00,+0.14%,0.66,0.7,0.73,16467,457,36.03,32.22%,7.29%,-0.586871,"15:00 ET"
DKNG,22.02,2026-10-02,11,Call,24.00,-9.09%,0.23,0.24,0.26,11112,311,35.73,55.59%,56.45%,0.20985,"14:54 ET"
MSFT,498.39,2026-10-23,32,Call,565.00,-13.48%,0.61,0.7,0.86,5120,148,34.59,27.02%,24.80%,0.049475,"14:42 ET"
INTC,121.33,2026-09-23,2,Call,122.00,-0.74%,2.49,2.5,2.52,7197,212,33.95,70.53%,77.24%,0.479376,"15:00 ET"
BIRK,31.15,2026-10-16,25,Call,32.50,-4.20%,0.8,0.82,0.9,4106,123,33.38,44.26%,41.10%,0.383925,"14:54 ET"
T,25.58,2026-10-09,18,Put,28.00,+9.25%,2.28,2.53,2.81,8690,264,32.92,25.55%,32.78%,-0.887603,"15:00 ET"
AVGO,362.83,2026-09-21,0,Call,360.00,+0.51%,2.68,2.85,2.95,51102,1553,32.91,37.71%,7.13%,0.98582,"15:00 ET"
LMND,48,2026-09-25,4,Call,50.00,-3.91%,0.4,0.42,0.5,3530,108,32.69,57.58%,57.04%,0.265555,"14:41 ET"
UNP,270.45,2026-10-16,25,Call,295.00,-9.11%,0.2,0.55,0.65,7044,217,32.46,23.09%,21.74%,0.06479,"14:06 ET"
NVDA,228.41,2026-09-21,0,Call,225.00,+1.03%,2.68,2.68,2.69,350346,11148,31.43,32.79%,13.02%,0.959024,"15:00 ET"
GFL,42.45,2026-11-20,60,Call,50.00,-17.70%,0.5,0.85,1,15740,503,31.29,53.43%,42.11%,0.200406,"14:06 ET"
ARM,320.83,2026-09-25,4,Call,335.00,-4.20%,6.75,7.03,7.25,4565,146,31.27,77.86%,92.43%,0.351828,"14:58 ET"
META,744.73,2026-09-23,2,Call,687.50,+8.03%,56.85,44.45,61.55,3119,100,31.19,46.06%,74.89%,0.931509,"13:04 ET"
INTC,121.33,2026-09-25,4,Put,115.00,-5.04%,1.34,1.35,1.36,8419,274,30.73,70.53%,75.42%,-0.232206,"15:00 ET"
AGNC,9.99,2026-11-20,60,Put,10.00,+0.10%,0.4,0.44,0.47,3840,127,30.24,21.94%,27.04%,-0.474845,"12:54 ET"
AMZN,258.67,2026-09-21,0,Call,260.00,-0.67%,0.11,0.11,0.12,124354,4175,29.79,32.39%,9.43%,0.17013,"15:00 ET"
MSFT,498.39,2026-09-23,2,Call,500.00,-0.42%,3.1,3.2,3.3,13876,470,29.52,27.02%,28.11%,0.42612,"15:00 ET"
TSLA,376.05,2026-09-21,0,Call,372.50,+0.41%,3.1,3.25,3.25,67856,2316,29.3,42.13%,11.16%,0.92922,"15:04 ET"
NVDA,228.41,2026-10-02,11,Call,247.50,-8.86%,0.45,0.46,0.47,5316,182,29.21,32.79%,33.13%,0.079389,"14:58 ET"
MU,1046.84,2026-09-23,2,Call,"1,050.00",-0.66%,17.8,17.94,18.15,9486,335,28.32,63.16%,59.70%,0.499741,"15:00 ET"
META,744.73,2026-09-25,4,Put,690.00,-7.69%,2.59,2.65,2.64,2794,101,27.66,46.06%,61.78%,-0.109401,"15:00 ET"
META,744.73,2026-09-21,0,Call,712.50,+4.68%,33.1,33.3,33.4,17763,644,27.58,46.06%,51.93%,0.953969,"14:57 ET"
ACAD,26.66,2026-10-16,25,Call,33.00,-23.60%,1.2,1.73,2.45,3501,127,27.57,121.79%,136.95%,0.342934,"14:30 ET"
META,744.73,2026-09-21,0,Call,710.00,+5.02%,35.55,36.02,35.9,30330,1100,27.57,46.06%,54.47%,0.958315,"15:00 ET"
NVDA,228.41,2026-09-23,2,Call,232.50,-2.27%,0.64,0.66,0.66,25196,925,27.24,32.79%,33.85%,0.205085,"15:00 ET"
OUST,38.47,2027-02-19,151,Call,80.00,-109.21%,1.9,1.95,2,2956,112,26.39,87.44%,95.21%,0.193927,"14:52 ET"
Z,30.61,2026-10-16,25,Put,25.00,-18.30%,0.1,0.12,0.15,5151,199,25.88,53.35%,53.90%,-0.062986,"14:30 ET"
POET,8.55,2026-10-23,32,Call,8.50,+0.47%,0.86,0.9,0.93,4284,166,25.81,87.10%,85.90%,0.562938,"14:49 ET"
NVDA,228.41,2026-09-23,2,Put,227.50,+0.07%,2.1,2.1,2.12,3678,143,25.72,32.79%,32.69%,-0.48268,"15:00 ET"
AMD,609.41,2026-09-23,2,Call,600.00,+1.29%,18.1,16.8,18.4,4077,160,25.48,56.69%,61.24%,0.682137,"14:58 ET"
COIN,202.32,2026-09-25,4,Call,235.00,-15.68%,0.55,0.58,0.58,9059,356,25.45,67.97%,92.12%,0.068161,"15:00 ET"
META,744.73,2026-09-25,4,Call,880.00,-17.72%,0.43,0.48,0.5,2889,114,25.34,46.06%,76.73%,0.021513,"14:59 ET"
NVDA,228.41,2026-09-23,2,Call,237.50,-4.46%,0.16,0.16,0.17,10296,413,24.93,32.79%,36.78%,0.062083,"15:00 ET"
GRPN,21.23,2028-01-21,487,Call,40.00,-87.53%,4,4.5,5,6108,249,24.53,79.10%,84.10%,0.46053,"14:54 ET"
INTC,121.33,2026-09-23,2,Call,130.00,-7.35%,0.52,0.52,0.53,6345,259,24.5,70.53%,83.21%,0.141203,"14:59 ET"
META,744.73,2026-09-23,2,Call,715.00,+4.35%,33.4,32.85,33.6,5489,227,24.18,46.06%,60.27%,0.830649,"14:54 ET"
HPQ,33,2026-09-25,4,Put,35.00,+6.19%,2.24,2.24,2.49,9013,374,24.1,50.40%,60.46%,-0.839156,"14:59 ET"
NVDA,228.41,2026-09-23,2,Put,222.50,-2.13%,0.58,0.59,0.6,13776,575,23.96,32.79%,34.80%,-0.182574,"15:00 ET"
MSFT,498.39,2026-09-23,2,Call,510.00,-2.43%,0.65,0.68,0.68,10056,422,23.83,27.02%,28.26%,0.128853,"15:00 ET"
AMD,609.41,2026-09-21,0,Call,600.00,+1.29%,11.35,12.11,12.5,16395,704,23.29,56.69%,12.75%,0.998942,"15:00 ET"
INTC,121.33,2026-09-25,4,Call,127.00,-4.87%,1.98,1.96,2,4212,182,23.14,70.53%,80.80%,0.313896,"14:59 ET"
INTC,121.33,2026-09-21,0,Call,120.00,+0.91%,1.48,1.51,1.54,46788,2026,23.09,70.53%,20.01%,0.873879,"15:00 ET"
META,744.73,2026-09-23,2,Call,737.50,+1.34%,17.1,17.85,17.25,2437,107,22.78,46.06%,58.56%,0.60589,"14:58 ET"
BMNR,27.94,2026-09-25,4,Put,27.00,-3.23%,0.56,0.58,0.58,8099,363,22.31,79.84%,86.16%,-0.327765,"14:53 ET"
NUAI,7.91,2028-01-21,487,Put,5.00,-35.40%,1.65,1.65,1.75,5149,231,22.29,137.84%,112.00%,-0.153776,"12:01 ET"
META,744.73,2026-09-21,0,Call,715.00,+4.35%,30.65,31,30.85,38182,1728,22.1,46.06%,48.66%,0.951308,"15:00 ET"
META,744.73,2026-09-25,4,Call,760.00,-1.67%,13.6,13.95,13.7,4952,226,21.91,46.06%,63.79%,0.399862,"14:59 ET"
CIFR,19.07,2026-10-02,11,Put,18.00,-6.20%,0.82,0.85,0.88,17408,795,21.9,99.43%,102.47%,-0.340912,"14:57 ET"
MSFT,498.39,2026-10-23,32,Call,560.00,-12.47%,0.88,0.96,1.11,5077,232,21.88,27.02%,24.91%,0.063977,"14:46 ET"
CRCL,93.92,2026-09-25,4,Call,112.00,-19.05%,0.21,0.24,0.25,2381,111,21.45,76.63%,101.48%,0.056208,"14:46 ET"
MSTR,166.13,2026-09-25,4,Call,177.50,-6.65%,2.62,2.57,2.69,7417,351,21.13,75.05%,93.49%,0.277078,"14:59 ET"
META,744.73,2026-09-25,4,Call,785.00,-5.02%,6.9,7,7,2918,139,20.99,46.06%,65.88%,0.237993,"15:00 ET"
MSFT,498.39,2026-09-23,2,Call,492.50,+1.08%,7.25,7.7,7.8,2275,112,20.31,27.02%,29.07%,0.699536,"14:45 ET"
GOOG,351.71,2026-09-25,4,Call,377.50,-7.63%,0.19,0.2,0.2,3530,174,20.29,32.03%,37.88%,0.035756,"14:34 ET"
AMD,609.41,2026-10-02,11,Call,700.00,-15.16%,3.05,2.79,3.2,3360,166,20.24,56.69%,59.28%,0.107627,"14:51 ET"
META,744.73,2026-09-23,2,Put,680.00,-9.03%,0.3,0.3,0.33,4166,208,20.03,46.06%,63.30%,-0.023644,"14:59 ET"
AVGO,362.83,2026-09-23,2,Call,367.50,-1.56%,2.22,2.22,2.29,2061,103,20.01,37.71%,38.33%,0.335881,"15:00 ET"
MARA,13.47,2026-10-30,39,Call,13.50,-0.15%,1.45,1.48,1.5,2836,142,19.97,85.04%,84.60%,0.554273,"14:56 ET"
BWA,63.57,2027-03-19,179,Call,80.00,-25.90%,2.2,2.2,2.45,2070,105,19.71,35.80%,38.84%,0.254564,"14:18 ET"
INTC,121.33,2026-09-25,4,Call,124.00,-2.39%,2.91,2.92,2.93,3112,158,19.7,70.53%,79.32%,0.417799,"15:00 ET"
MU,1046.84,2026-09-23,2,Call,"1,040.00",+0.30%,23,23.49,23.5,4685,238,19.68,63.16%,59.78%,0.585383,"15:00 ET"
MU,1046.84,2026-09-23,2,Call,"1,110.00",-6.41%,2.75,2.81,2.82,2183,112,19.49,63.16%,63.25%,0.117989,"15:00 ET"
NVO,39.81,2026-09-25,4,Put,38.00,-4.28%,0.12,0.13,0.14,2345,121,19.38,36.10%,42.00%,-0.142312,"14:54 ET"
AMD,609.41,2026-09-25,4,Call,680.00,-11.87%,1.32,1.29,1.36,2627,136,19.32,56.69%,66.82%,0.072243,"15:00 ET"
MU,1046.84,2026-09-23,2,Call,"1,070.00",-2.58%,10.05,10.27,10.3,2035,106,19.2,63.16%,60.30%,0.336163,"15:00 ET"
VKTX,28.44,2026-09-25,4,Call,33.00,-15.18%,0.78,0.87,0.96,5149,269,19.14,127.95%,194.99%,0.27008,"14:57 ET"
MPT,3.62,2026-11-20,60,Put,3.50,-3.31%,0.16,0.18,0.2,2541,133,19.11,39.77%,39.96%,-0.39076,"14:52 ET"
META,744.73,2026-09-23,2,Call,735.00,+1.67%,18.65,18.15,18.8,4137,217,19.06,46.06%,58.75%,0.63532,"14:55 ET"
META,744.73,2026-09-23,2,Call,710.00,+5.02%,37.7,38.08,38,4590,242,18.97,46.06%,61.58%,0.862434,"14:51 ET"
META,744.73,2026-10-02,11,Call,770.00,-3.01%,17.15,16.83,17.75,2118,112,18.91,46.06%,53.01%,0.383071,"14:54 ET"
META,744.73,2026-09-23,2,Call,720.00,+3.68%,29.3,29.51,29.5,8630,457,18.88,46.06%,59.57%,0.790896,"14:59 ET"
RYAM,8.4,2026-10-16,25,Call,8.00,+4.76%,0.6,0.7,0.85,1906,101,18.87,68.54%,58.48%,0.653074,"13:15 ET"
INTC,121.33,2026-09-25,4,Call,126.00,-4.05%,2.25,2.26,2.27,3560,190,18.74,70.53%,80.15%,0.346335,"15:00 ET"
UNP,270.45,2026-10-16,25,Call,285.00,-5.41%,1.45,1.55,1.75,7074,380,18.62,23.09%,22.39%,0.189015,"14:52 ET"
META,744.73,2026-09-25,4,Call,735.00,+1.67%,25.15,25.67,25.3,4157,226,18.39,46.06%,63.07%,0.598451,"14:59 ET"
MARA,13.47,2026-10-02,11,Put,13.00,-3.56%,0.56,0.58,0.59,5283,288,18.34,85.04%,85.38%,-0.380255,"14:57 ET"
ARM,320.83,2026-09-25,4,Call,325.00,-1.09%,10.45,10.6,10.75,3512,194,18.1,77.86%,91.36%,0.47247,"15:00 ET"
META,744.73,2026-09-25,4,Call,780.00,-4.35%,7.9,8.29,8.05,5159,288,17.91,46.06%,65.38%,0.265832,"14:58 ET"
NVDA,228.41,2026-09-23,2,Put,225.00,-1.03%,1.13,1.13,1.14,21746,1216,17.88,32.79%,33.24%,-0.311121,"15:00 ET"
INTC,121.33,2026-09-25,4,Call,145.00,-19.74%,0.16,0.16,0.18,3838,215,17.85,70.53%,92.47%,0.037426,"14:58 ET"
INTC,121.33,2026-09-25,4,Put,112.00,-7.51%,0.75,0.78,0.76,2453,138,17.78,70.53%,76.35%,-0.145842,"14:49 ET"
MSTR,166.13,2026-09-25,4,Call,172.50,-3.64%,3.85,3.8,3.95,6574,375,17.53,75.05%,90.13%,0.376626,"14:59 ET"
TMUS,166.74,2026-10-02,11,Call,170.00,-1.74%,2.25,2.45,2.6,1905,109,17.48,32.52%,33.21%,0.375963,"14:38 ET"
LMND,48,2026-10-16,25,Put,40.00,-16.87%,0.2,0.32,0.35,3204,184,17.41,57.58%,54.14%,-0.083393,"13:29 ET"
FOXA,65.03,2026-10-16,25,Put,55.00,-15.23%,0,0.2,0.2,3000,174,17.24,32.33%,37.39%,-0.037846,"10:12 ET"
M,22.35,2026-09-25,4,Call,23.00,-2.77%,0.17,0.19,0.19,9096,528,17.23,40.20%,43.68%,0.287777,"14:59 ET"
NVO,39.81,2026-09-25,4,Call,41.50,-4.53%,0.18,0.18,0.2,2129,124,17.17,36.10%,44.56%,0.19,"14:51 ET"
AVGO,362.83,2026-09-21,0,Call,357.50,+1.20%,5.1,5.25,5.5,15178,890,17.05,37.71%,12.27%,0.99103,"15:00 ET"
QXO,12.28,2026-09-25,4,Call,12.00,+1.96%,0.45,0.54,0.55,4138,243,17.03,62.41%,63.41%,0.661793,"15:00 ET"
AMD,609.41,2027-02-19,151,Call,900.00,-48.06%,24.2,23.85,25.4,2217,131,16.92,56.69%,59.50%,0.219525,"14:07 ET"
ALAB,338.11,2026-09-25,4,Call,370.00,-9.30%,4.05,4.35,4.5,1774,105,16.9,85.24%,105.27%,0.21337,"15:00 ET"
NVDA,228.41,2026-09-28,7,Put,222.50,-2.13%,1.61,1.64,1.63,2766,164,16.87,32.79%,29.50%,-0.276695,"15:00 ET"
META,744.73,2026-10-16,25,Put,710.00,-5.02%,19.25,19.3,19.45,2305,137,16.82,46.06%,45.73%,-0.31502,"15:00 ET"
META,744.73,2026-09-25,4,Call,717.50,+4.01%,36.45,35.45,36.65,2686,161,16.68,46.06%,63.45%,0.729418,"14:56 ET"
OXY,57.49,2026-09-25,4,Call,59.00,-2.66%,0.3,0.3,0.32,9909,596,16.63,33.05%,35.53%,0.248142,"14:59 ET"
RKT,12.55,2026-10-02,11,Call,13.50,-8.09%,0.13,0.16,0.16,11117,675,16.47,57.93%,53.06%,0.226772,"14:54 ET"
GOOG,351.71,2026-09-25,4,Call,367.50,-4.78%,0.65,0.67,0.68,8827,541,16.32,32.03%,34.78%,0.109483,"15:00 ET"
MU,1046.84,2026-09-23,2,Call,"1,100.00",-5.45%,3.8,3.9,4,6974,431,16.18,63.16%,62.35%,0.15701,"15:00 ET"
NVO,39.81,2026-09-25,4,Put,39.00,-1.76%,0.33,0.33,0.34,2219,139,15.96,36.10%,39.88%,-0.307652,"15:00 ET"
NUAI,7.91,2028-01-21,487,Put,10.00,+29.20%,4.9,5.17,5.4,10017,637,15.73,137.84%,112.50%,-0.319317,"14:36 ET"
AMD,609.41,2026-09-25,4,Call,670.00,-10.22%,2.01,1.92,2.07,2397,153,15.67,56.69%,66.17%,0.103731,"15:00 ET"
MU,1046.84,2026-09-23,2,Put,970.00,-7.01%,1.24,1.26,1.27,2361,151,15.64,63.16%,67.33%,-0.055411,"14:59 ET"
META,744.73,2026-09-25,4,Put,685.00,-8.36%,2.08,2.16,2.13,2045,131,15.61,46.06%,62.14%,-0.090965,"14:58 ET"
AMD,609.41,2026-09-25,4,Call,660.00,-8.58%,3,3,3.1,2279,146,15.61,56.69%,65.46%,0.145619,"15:00 ET"
INTC,121.33,2026-10-23,32,Put,70.00,-42.20%,0.1,0.11,0.16,1676,108,15.52,70.53%,86.69%,-0.011172,"14:38 ET"
DHT,22.42,2026-10-16,25,Put,21.00,-6.96%,0.45,0.5,0.55,4219,272,15.51,51.05%,45.26%,-0.283598,"14:51 ET"
OWL,10.03,2027-05-21,242,Put,9.00,-10.27%,1.05,1.1,1.15,2859,185,15.45,46.64%,48.42%,-0.327667,"12:09 ET"
ARM,320.83,2026-09-25,4,Put,270.00,-16.02%,0.35,0.39,0.5,2747,178,15.43,77.86%,93.19%,-0.033295,"14:44 ET"
TSLA,376.05,2026-09-23,2,Put,370.00,-1.08%,2.5,2.56,2.53,15166,989,15.33,42.13%,44.01%,-0.313328,"15:03 ET"
MRVL,259.21,2026-10-02,11,Put,275.00,+6.35%,21.65,22.04,22.15,1529,101,15.14,70.41%,67.70%,-0.671666,"15:00 ET"
GOOGL,355.43,2026-09-23,2,Call,370.00,-4.37%,0.26,0.26,0.27,3433,228,15.06,32.22%,36.94%,0.063481,"15:00 ET"
FMX,120.31,2026-10-16,25,Call,130.00,-8.29%,0.45,0.45,0.6,2093,139,15.06,25.64%,26.03%,0.131318,"15:00 ET"
AMD,609.41,2026-10-16,25,Put,600.00,-1.29%,28,28.2,28.25,3082,206,14.96,56.69%,54.61%,-0.410205,"15:00 ET"
IREN,48.53,2026-09-25,4,Call,47.50,+2.12%,2.3,2.32,2.38,10985,744,14.76,84.82%,90.32%,0.603782,"15:00 ET"
INTC,121.33,2026-10-30,39,Put,70.00,-42.20%,0.19,0.19,0.27,1679,114,14.73,70.53%,85.66%,-0.017057,"14:37 ET"
PCG,13.06,2026-11-20,60,Call,13.00,+1.07%,1.06,1.13,1.13,3588,244,14.7,41.66%,49.82%,0.554172,"14:56 ET"
HIVE,3.53,2026-09-25,4,Call,1.00,+71.75%,2.45,2.48,2.6,2149,147,14.62,93.25%,539.63%,0.994017,"13:14 ET"
AMZN,258.67,2026-09-23,2,Put,255.00,-1.26%,1,1.02,1.03,3372,232,14.53,32.39%,32.49%,-0.265021,"14:57 ET"
VNET,7.28,2026-10-16,25,Call,8.00,-10.19%,0.3,0.3,0.4,3263,226,14.44,79.85%,80.30%,0.371197,"13:39 ET"
AMD,609.41,2026-09-25,4,Call,700.00,-15.16%,0.52,0.57,0.59,3249,226,14.38,56.69%,68.13%,0.033158,"15:00 ET"
INTC,121.33,2026-09-23,2,Call,119.00,+1.73%,4.05,3.86,4.15,2169,151,14.36,70.53%,76.26%,0.650999,"14:32 ET"
MSFT,498.39,2026-09-23,2,Put,495.00,-0.58%,2.62,2.63,2.77,2999,209,14.35,27.02%,27.28%,-0.38049,"15:00 ET"
CEVA,32.26,2026-10-16,25,Call,40.00,-24.34%,0.5,0.51,0.55,1920,134,14.33,77.90%,76.20%,0.167338,"14:51 ET"
WBD,30.8,2026-09-25,4,Call,30.00,+2.66%,0.82,0.85,0.87,10411,729,14.28,24.58%,21.19%,0.886491,"15:01 ET"
META,744.73,2026-10-02,11,Call,745.00,+0.34%,27.2,27.74,28,2179,153,14.24,46.06%,52.51%,0.524302,"15:00 ET"
META,744.73,2026-09-23,2,Call,717.50,+4.01%,31.35,30.45,31.5,2319,163,14.23,46.06%,59.91%,0.811524,"14:56 ET"
DPRO,5.64,2029-01-19,851,Call,3.00,+46.81%,3.4,3.4,4,2152,152,14.16,97.81%,82.74%,0.886692,"14:56 ET"
MSTR,166.13,2026-09-25,4,Call,182.50,-9.65%,1.78,1.8,1.82,4344,309,14.06,75.05%,96.86%,0.200029,"15:00 ET"
META,744.73,2026-10-02,11,Call,720.00,+3.68%,41.3,40.76,42.1,4660,332,14.04,46.06%,52.67%,0.668,"14:54 ET"
AMD,609.41,2026-09-25,4,Call,615.00,-1.17%,14.5,14.42,14.75,1862,133,14,56.69%,61.82%,0.487934,"15:00 ET"
META,744.73,2026-09-23,2,Put,677.50,-9.37%,0.22,0.28,0.3,1455,104,13.99,46.06%,63.50%,-0.019892,"14:59 ET"
WULF,17.66,2026-09-25,4,Put,18.00,+2.21%,0.85,0.87,0.88,2623,188,13.95,83.20%,88.30%,-0.572555,"14:58 ET"
META,744.73,2026-09-25,4,Call,810.00,-8.36%,3.4,3.55,3.5,2905,209,13.9,46.06%,68.69%,0.132052,"14:59 ET"
HOOD,124.73,2026-09-25,4,Put,121.00,-3.12%,2.05,2.07,2.09,1509,109,13.84,64.05%,69.37%,-0.333435,"15:00 ET"
SECZ,12.48,2026-10-16,25,Call,15.00,-23.15%,0.65,0.8,0.95,3103,225,13.79,134.06%,124.54%,0.346878,"14:50 ET"
META,744.73,2026-09-23,2,Call,705.00,+5.69%,40.55,42.9,42.95,1666,121,13.77,46.06%,56.91%,0.910673,"14:48 ET"
TSLA,376.05,2026-09-21,0,Put,385.00,+2.93%,9.3,9.3,9.45,1948,142,13.72,42.13%,23.53%,-0.980733,"15:04 ET"
NVDA,228.41,2026-09-28,7,Put,225.00,-1.03%,2.38,2.34,2.4,2070,151,13.71,32.79%,28.84%,-0.372565,"14:57 ET"
MSTR,166.13,2026-09-25,4,Put,160.00,-3.87%,2.98,3,3.05,9531,695,13.71,75.05%,84.47%,-0.305481,"15:00 ET"
POET,8.55,2026-10-02,11,Call,9.50,-11.24%,0.19,0.21,0.23,2220,162,13.7,87.10%,90.14%,0.275709,"14:11 ET"
MSTR,166.13,2026-10-02,11,Call,200.00,-20.16%,1.7,1.68,1.76,12605,922,13.67,75.05%,90.00%,0.139514,"14:59 ET"
TE,4.47,2026-10-02,11,Call,5.00,-12.36%,0.15,0.15,0.2,10673,784,13.61,107.54%,113.13%,0.332588,"15:03 ET"
MSTR,166.13,2026-10-09,18,Call,200.00,-20.16%,2.99,3.01,3.1,5054,373,13.55,75.05%,84.43%,0.192208,"14:59 ET"
LCID,4.26,2027-12-17,452,Call,4.50,-6.64%,1.64,1.74,1.75,2659,197,13.5,88.38%,94.90%,0.698219,"14:34 ET"
AMZN,258.67,2026-09-21,0,Put,260.00,+0.67%,1.25,1.34,1.43,2865,213,13.45,32.39%,9.58%,-0.83074,"14:55 ET"
AMD,609.41,2027-03-19,179,Call,810.00,-33.25%,45,44.99,46.7,2020,151,13.38,56.69%,59.14%,0.336101,"14:57 ET"
INTC,121.33,2026-09-23,2,Call,118.00,+2.56%,4.7,4.62,4.8,3407,256,13.31,70.53%,76.02%,0.705075,"14:46 ET"
PSKY,10.09,2026-09-25,4,Call,10.50,-3.45%,0.19,0.29,0.35,4872,370,13.17,65.41%,101.60%,0.381619,"14:59 ET"
TSLA,376.05,2026-09-23,2,Put,367.50,-1.75%,1.8,1.86,1.83,6830,520,13.13,42.13%,44.26%,-0.244808,"15:03 ET"
MSFT,498.39,2026-09-23,2,Call,497.50,+0.08%,4.25,4.4,4.45,4122,315,13.09,27.02%,28.01%,0.521855,"14:59 ET"
WULF,17.66,2026-09-25,4,Put,17.50,-0.62%,0.57,0.58,0.6,2277,174,13.09,83.20%,87.62%,-0.451684,"14:56 ET"
AMZN,258.67,2026-10-09,18,Call,300.00,-16.16%,0.16,0.17,0.17,7827,599,13.07,32.39%,32.66%,0.023962,"14:57 ET"
AMAT,464.64,2026-10-16,25,Call,530.00,-14.28%,7.8,7.9,8.05,2268,174,13.03,55.39%,56.68%,0.215713,"15:00 ET"
AMD,609.41,2026-09-25,4,Put,550.00,-9.52%,1.06,1.09,1.11,3821,296,12.91,56.69%,66.77%,-0.057668,"15:00 ET"
GME,22.99,2026-10-09,18,Call,23.50,-2.49%,0.77,0.8,0.88,1496,116,12.9,46.42%,52.54%,0.441226,"14:51 ET"
CVS,87.43,2026-12-18,88,Call,97.50,-11.58%,1.92,1.91,2.03,2206,171,12.9,31.31%,31.13%,0.262456,"14:56 ET"
NUAI,7.91,2026-09-25,4,Call,8.00,-3.36%,0.3,0.4,0.4,1908,148,12.89,137.84%,129.69%,0.465168,"14:54 ET"
MU,1046.84,2026-09-23,2,Call,"1,060.00",-1.62%,13.5,13.56,13.75,3352,260,12.89,63.16%,59.85%,0.415073,"15:00 ET"
HOOD,124.73,2026-10-02,11,Call,124.00,+0.72%,5.85,5.95,5.95,2368,184,12.87,64.05%,65.07%,0.539693,"14:58 ET"
PSX,265.77,2026-09-25,4,Put,250.00,-6.10%,0.55,0.6,0.9,1337,104,12.86,43.38%,47.51%,-0.111132,"14:02 ET"
TSLA,376.05,2026-09-30,9,Put,370.00,-1.08%,6.5,6.5,6.65,1270,100,12.7,42.13%,39.60%,-0.38719,"14:51 ET"
FCX,72.05,2026-10-02,11,Call,75.00,-4.01%,1.18,1.25,1.33,6957,548,12.7,46.35%,47.63%,0.333357,"14:39 ET"
MU,1046.84,2026-09-23,2,Call,"1,035.00",+0.78%,26,26.51,26.55,1645,130,12.65,63.16%,60.05%,0.626782,"15:00 ET"
TSLA,376.05,2026-09-23,2,Call,392.50,-4.94%,0.65,0.63,0.68,3374,269,12.54,42.13%,46.95%,0.107506,"15:03 ET"
TSLA,376.05,2026-09-23,2,Call,387.50,-3.60%,1.25,1.26,1.26,4638,370,12.54,42.13%,45.55%,0.184348,"15:04 ET"
CBRE,142.47,2026-10-16,25,Call,150.00,-5.32%,1.9,2.55,2.75,2389,191,12.51,34.84%,33.21%,0.306681,"12:42 ET"
AVGO,362.83,2026-09-21,0,Put,362.50,+0.18%,0.43,0.47,0.49,1593,128,12.45,37.71%,8.68%,-0.395763,"15:00 ET"
NRGV,4.74,2027-02-19,151,Call,6.00,-26.58%,0.75,0.84,1,3000,242,12.4,99.56%,103.53%,0.500491,"11:16 ET"
SHOP,135.8,2026-09-25,4,Call,136.00,-0.51%,3.3,3.58,3.85,1620,132,12.27,53.44%,60.57%,0.524844,"15:00 ET"
INTC,121.33,2026-09-28,7,Call,125.00,-3.22%,2.97,2.89,3.05,1978,162,12.21,70.53%,66.88%,0.397075,"14:53 ET"
META,744.73,2026-09-25,4,Call,722.50,+3.35%,32.95,33.15,33.15,1816,150,12.11,46.06%,63.24%,0.694264,"14:57 ET"
AMD,609.41,2026-10-02,11,Call,670.00,-10.22%,6.55,6.2,6.8,1505,126,11.94,56.69%,58.05%,0.202431,"14:55 ET"
INOD,60.04,2026-10-16,25,Call,65.00,-9.01%,2.15,2.4,2.6,2663,223,11.94,74.88%,66.58%,0.364099,"14:43 ET"
TSLA,376.05,2026-09-23,2,Call,377.50,-0.93%,4.05,4.07,4.1,16440,1385,11.87,42.13%,44.19%,0.449009,"15:04 ET"
AMD,609.41,2026-09-25,4,Call,627.50,-3.23%,9.7,9.7,9.95,2636,223,11.82,56.69%,62.71%,0.368642,"15:00 ET"
AMD,609.41,2026-09-25,4,Call,640.00,-5.29%,6.3,6.01,6.5,2842,241,11.79,56.69%,63.73%,0.266083,"14:59 ET"
AMD,609.41,2026-09-25,4,Call,612.50,-0.76%,15.65,15.9,15.9,1478,126,11.73,56.69%,61.68%,0.513014,"15:00 ET"
SHOP,135.8,2026-09-25,4,Call,137.00,-1.25%,3,2.79,3.3,2029,174,11.66,53.44%,61.47%,0.479453,"14:48 ET"
MSFT,498.39,2026-09-23,2,Call,505.00,-1.43%,1.5,1.55,1.59,4827,419,11.52,27.02%,28.02%,0.252512,"15:00 ET"
VZ,47.9,2026-09-25,4,Put,47.50,-0.79%,0.3,0.35,0.34,2366,206,11.49,23.90%,24.52%,-0.371765,"14:46 ET"
META,744.73,2026-09-21,0,Call,702.50,+6.02%,42.7,43.7,44.25,4772,417,11.44,46.06%,70.98%,0.947851,"14:58 ET"
TSLA,376.05,2026-09-23,2,Call,385.00,-2.93%,1.7,1.73,1.73,12487,1093,11.42,42.13%,45.03%,0.237189,"15:04 ET"
MSFT,498.39,2026-09-23,2,Call,495.00,+0.58%,5.6,6.25,5.85,3947,346,11.41,27.02%,27.81%,0.617846,"14:53 ET"
AMD,609.41,2026-09-21,0,Call,590.00,+2.94%,20.35,20.9,22.65,4752,417,11.4,56.69%,23.29%,0.998948,"14:59 ET"
AMZN,258.67,2026-09-23,2,Call,260.00,-0.67%,1.97,1.99,2.02,23134,2033,11.38,32.39%,33.23%,0.430941,"15:00 ET"
AXTI,79.42,2026-11-20,60,Call,130.00,-65.02%,4.2,4.58,4.9,1202,106,11.34,112.91%,124.96%,0.240782,"13:39 ET"
SKHY,188.24,2026-09-25,4,Put,190.00,+1.38%,5.6,5.9,5.7,6131,541,11.33,60.67%,62.69%,-0.52996,"14:57 ET"
LLY,1167.02,2026-10-23,32,Call,"1,600.00",-36.93%,0.05,0.34,0.78,1189,105,11.32,33.86%,43.22%,0.008646,"14:09 ET"
INTC,121.33,2026-09-25,4,Call,128.00,-5.70%,1.73,1.71,1.75,2466,219,11.26,70.53%,81.24%,0.282995,"14:59 ET"
AAPL,338.77,2026-09-25,4,Put,342.50,+1.11%,5.45,5.48,5.8,1563,139,11.24,23.84%,23.61%,-0.672968,"14:42 ET"
VALE,14.23,2026-10-02,11,Call,14.50,-1.90%,0.19,0.21,0.23,2377,212,11.21,35.70%,35.09%,0.366574,"14:58 ET"
SPCX,152.8,2026-09-25,4,Put,157.50,+3.61%,6.55,6.45,6.65,4886,439,11.13,51.69%,55.23%,-0.701386,"14:52 ET"
META,744.73,2026-09-25,4,Put,682.50,-8.70%,1.86,1.91,1.91,1371,124,11.06,46.06%,62.33%,-0.082729,"14:58 ET"
GOOGL,355.43,2026-09-23,2,Put,350.00,-1.27%,1.61,1.65,1.65,3728,338,11.03,32.22%,33.65%,-0.290386,"15:00 ET"
AMD,609.41,2026-09-21,0,Call,587.50,+3.35%,22.2,20.83,25.1,2157,196,11.01,56.69%,25.95%,0.99895,"14:39 ET"
AMZN,258.67,2026-09-23,2,Put,257.50,-0.29%,1.85,1.9,1.92,2323,211,11.01,32.39%,32.58%,-0.412402,"14:59 ET"
GOOGL,355.43,2026-09-21,0,Call,355.00,-0.14%,0.48,0.48,0.51,35915,3281,10.95,32.22%,8.54%,0.428426,"15:00 ET"
SNDK,1764.65,2026-09-25,4,Put,"1,800.00",+2.67%,72.7,74.1,73.9,1879,172,10.92,73.55%,73.18%,-0.584508,"15:00 ET"
CVS,87.43,2026-09-25,4,Put,86.00,-1.58%,0.42,0.49,0.5,1146,105,10.91,31.31%,27.66%,-0.286793,"14:09 ET"
INTC,121.33,2026-10-02,11,Put,98.00,-19.08%,0.28,0.3,0.3,2113,194,10.89,70.53%,74.96%,-0.042838,"14:25 ET"
CIFR,19.07,2027-01-15,116,Call,38.00,-98.02%,0.77,0.82,0.9,1251,115,10.88,99.43%,100.66%,0.180739,"14:27 ET"
INTC,121.33,2026-09-25,4,Call,123.00,-1.57%,3.25,3.3,3.35,4102,377,10.88,70.53%,78.84%,0.455734,"15:00 ET"
CLSK,15.03,2026-09-25,4,Call,16.50,-9.05%,0.11,0.13,0.13,3863,357,10.82,79.41%,89.37%,0.167447,"14:56 ET"
TSLA,376.05,2026-09-23,2,Call,380.00,-1.60%,3.05,3.1,3.15,26327,2434,10.82,42.13%,44.36%,0.371213,"15:04 ET"
TSLA,376.05,2026-09-23,2,Call,390.00,-4.27%,0.91,0.93,0.92,7835,725,10.81,42.13%,46.21%,0.141494,"15:04 ET"
TSLA,376.05,2026-09-23,2,Call,372.50,+0.41%,6.6,6.64,6.7,8119,752,10.8,42.13%,44.11%,0.610235,"15:04 ET"
INTC,121.33,2026-09-25,4,Call,122.00,-0.74%,3.7,3.65,3.75,5884,546,10.78,70.53%,78.50%,0.494941,"14:56 ET"
GOOG,351.71,2026-09-25,4,Put,352.50,+0.50%,5.4,5.35,5.55,3495,325,10.75,32.03%,32.54%,-0.537937,"14:55 ET"
MU,1046.84,2026-09-21,0,Call,"1,035.00",+0.78%,13.3,14.25,14.65,18432,1718,10.73,63.16%,14.76%,0.958701,"15:00 ET"
META,744.73,2026-09-23,2,Put,690.00,-7.69%,0.55,0.55,0.58,5154,481,10.72,46.06%,60.76%,-0.040907,"15:00 ET"
AVGO,362.83,2026-09-23,2,Call,362.50,-0.18%,4.15,4.15,4.35,2537,239,10.62,37.71%,37.49%,0.523854,"14:59 ET"
HUT,107.11,2027-01-15,116,Call,105.00,+2.40%,23.45,23.59,24,5840,552,10.58,96.11%,93.93%,0.627376,"14:58 ET"
TSLA,376.05,2026-09-25,4,Put,375.00,+0.26%,6.4,6.45,6.5,6714,636,10.56,42.13%,43.60%,-0.473086,"15:04 ET"
META,744.73,2026-10-02,11,Call,800.00,-7.02%,9.3,9.36,9.7,4812,458,10.51,46.06%,53.83%,0.241789,"14:59 ET"
RIOT,24.5,2026-09-25,4,Put,24.00,-2.40%,0.64,0.65,0.68,1269,121,10.49,81.77%,89.44%,-0.387479,"14:29 ET"
ALAB,338.11,2026-09-25,4,Call,340.00,-0.43%,11.45,12.9,13.95,2149,205,10.48,85.24%,100.44%,0.486486,"14:57 ET"
COIN,202.32,2026-09-25,4,Put,205.00,+0.92%,7.65,7.77,8,1732,166,10.43,67.97%,77.08%,-0.542224,"14:56 ET"
TSLA,376.05,2026-09-23,2,Call,382.50,-2.26%,2.3,2.34,2.34,9608,922,10.42,42.13%,44.63%,0.299798,"15:04 ET"
MSFT,498.39,2026-09-21,0,Call,492.50,+1.08%,5.25,6.05,6,13561,1304,10.4,27.02%,16.57%,0.898858,"14:53 ET"
MRVL,259.21,2026-09-25,4,Call,262.50,-1.51%,6.3,6.55,6.65,3490,336,10.39,70.41%,73.89%,0.449116,"15:00 ET"
TSLA,376.05,2026-10-02,11,Put,375.00,+0.26%,10.75,10.8,10.85,5020,487,10.31,42.13%,43.49%,-0.471354,"15:04 ET"
NVO,39.81,2027-06-17,269,Put,27.50,-30.73%,0.85,0.91,0.94,3109,302,10.29,36.10%,39.52%,-0.114847,"13:51 ET"
FSLY,27.24,2026-09-25,4,Put,27.00,-0.63%,1.35,1.44,1.65,1065,104,10.24,95.04%,139.35%,-0.45596,"15:00 ET"
MSFT,498.39,2026-09-23,2,Call,502.50,-0.93%,2.2,2.29,2.3,1878,184,10.21,27.02%,27.96%,0.334186,"14:59 ET"
META,744.73,2026-09-23,2,Call,730.00,+2.34%,21.9,22.12,22.05,8340,817,10.21,46.06%,58.80%,0.692364,"15:00 ET"
TEAM,195.69,2026-10-16,25,Call,175.00,+10.39%,24.6,24.81,25,1049,103,10.18,62.65%,60.80%,0.782753,"15:04 ET"
NKTR,67.3,2026-10-16,25,Put,60.00,-10.77%,2.5,2.65,2.9,1612,159,10.14,84.64%,85.58%,-0.262538,"14:42 ET"
WU,6.2,2029-01-19,851,Call,7.00,-13.09%,0.8,0.86,1.05,5502,543,10.13,37.12%,47.59%,0.421461,"14:24 ET"
NVDA,228.41,2026-09-23,2,Call,230.00,-1.17%,1.26,1.26,1.27,101727,10095,10.08,32.79%,33.10%,0.343958,"15:00 ET"
KO,87.9,2026-09-25,4,Call,87.00,+1.00%,1.24,1.32,1.35,1325,132,10.04,18.44%,19.76%,0.704034,"14:50 ET"
RIVN,15.54,2026-10-23,32,Call,18.00,-16.66%,0.31,0.31,0.34,2895,289,10.02,57.78%,59.27%,0.225081,"14:59 ET"
AAPL,338.77,2026-09-28,7,Call,345.00,-1.85%,1.5,1.6,1.7,1492,150,9.95,23.84%,20.98%,0.269839,"14:56 ET"
AAPL,338.77,2026-09-21,0,Call,335.00,+1.11%,3.5,3.6,3.65,42669,4315,9.89,23.84%,10.70%,0.97222,"15:00 ET"
AMAT,464.64,2026-12-18,88,Call,450.00,+2.97%,58.85,60.28,62.35,2826,286,9.88,55.39%,56.85%,0.612959,"14:44 ET"
KLAR,13.73,2026-10-02,11,Call,14.00,-2.04%,0.3,0.31,0.35,1293,132,9.8,49.40%,46.16%,0.423134,"14:57 ET"
SHOP,135.8,2026-09-25,4,Call,138.00,-1.99%,2.72,2.79,2.84,1761,180,9.78,53.44%,62.57%,0.436223,"15:00 ET"
NVDA,228.41,2026-09-30,9,Call,250.00,-9.96%,0.18,0.2,0.2,1131,116,9.75,32.79%,33.34%,0.040191,"14:59 ET"
INTC,121.33,2026-09-25,4,Put,110.00,-9.17%,0.5,0.5,0.51,20430,2102,9.72,70.53%,77.59%,-0.103697,"14:56 ET"
NVDA,228.41,2026-09-30,9,Call,240.00,-5.56%,0.82,0.85,0.85,3978,410,9.7,32.79%,31.09%,0.148539,"15:00 ET"
UCTT,72.89,2026-10-16,25,Call,75.00,-3.56%,5.1,5.22,5.6,1570,162,9.69,81.74%,79.20%,0.500151,"14:45 ET"
META,744.73,2026-09-25,4,Put,680.00,-9.03%,1.68,1.68,1.72,3456,357,9.68,46.06%,62.66%,-0.075508,"15:00 ET"
AMC,2.97,2026-11-20,60,Call,5.00,-71.23%,0.1,0.11,0.11,2227,232,9.6,86.52%,110.60%,0.175978,"14:56 ET"
INTC,121.33,2026-09-25,4,Call,135.00,-11.48%,0.67,0.65,0.68,9805,1026,9.56,70.53%,85.75%,0.128728,"14:58 ET"
SPCX,152.8,2026-09-25,4,Call,172.50,-13.48%,0.17,0.17,0.18,20520,2148,9.55,51.69%,66.50%,0.041606,"14:57 ET"
AMD,609.41,2026-09-25,4,Put,560.00,-7.87%,1.67,1.76,1.73,1686,177,9.53,56.69%,64.52%,-0.086834,"14:59 ET"
TSLA,376.05,2026-09-23,2,Call,375.00,-0.26%,5.2,5.3,5.3,27225,2860,9.52,42.13%,44.05%,0.529938,"15:04 ET"
INTC,121.33,2026-09-25,4,Put,125.00,+3.22%,6,6.15,6.05,2673,281,9.51,70.53%,77.92%,-0.622599,"14:53 ET"
WYNN,83.23,2026-12-18,88,Call,92.50,-10.77%,2.6,2.64,3.25,7802,821,9.5,34.63%,37.18%,0.32385,"11:52 ET"
AMD,609.41,2026-09-25,4,Call,675.00,-11.05%,1.63,1.5,1.68,2571,272,9.45,56.69%,66.48%,0.086737,"14:59 ET"
HOOD,124.73,2026-09-25,4,Put,123.00,-1.52%,2.85,2.89,2.91,2209,236,9.36,64.05%,69.43%,-0.419021,"15:00 ET"
INTC,121.33,2026-09-23,2,Put,110.00,-9.17%,0.15,0.15,0.16,3290,352,9.35,70.53%,82.34%,-0.049098,"14:55 ET"
VG,13.72,2026-09-25,4,Call,14.00,-2.19%,0.25,0.27,0.3,4178,447,9.35,59.02%,68.35%,0.406396,"15:02 ET"
LSCC,117.48,2026-10-16,25,Call,125.00,-6.13%,4,4.3,4.5,1482,159,9.32,60.09%,58.84%,0.371406,"14:46 ET"
AAPL,338.77,2026-10-02,11,Put,327.50,-3.32%,1.72,1.76,1.79,4323,469,9.22,23.84%,24.85%,-0.208549,"14:59 ET"
CRML,8.88,2026-09-25,4,Call,10.00,-11.73%,0.15,0.18,0.2,10349,1123,9.22,115.80%,152.73%,0.231164,"14:59 ET"
OXY,57.49,2026-09-25,4,Call,60.00,-4.40%,0.13,0.15,0.16,9807,1065,9.21,33.05%,36.27%,0.133895,"14:58 ET"
INTR,5.59,2027-04-16,207,Put,5.00,-10.23%,0.5,0.61,0.7,1076,117,9.2,65.10%,53.03%,-0.320997,"11:16 ET"
LUNR,15.65,2026-09-25,4,Call,16.50,-6.04%,0.24,0.25,0.27,2350,256,9.18,84.05%,89.39%,0.291683,"14:59 ET"
SNDK,1764.65,2026-09-25,4,Put,"1,770.00",+0.96%,55.1,59.04,56.3,935,102,9.17,73.55%,72.55%,-0.497743,"14:46 ET"
META,744.73,2026-09-25,4,Call,715.00,+4.35%,38.25,39.1,38.5,3538,387,9.14,46.06%,63.59%,0.746097,"14:58 ET"
META,744.73,2026-10-02,11,Call,825.00,-10.37%,5.4,5.35,5.85,1159,127,9.13,46.06%,55.01%,0.157294,"14:57 ET"
BKSY,23.26,2026-11-20,60,Call,45.00,-94.64%,0.1,0.27,0.3,1038,114,9.11,79.90%,93.41%,0.06063,"13:07 ET"
META,744.73,2026-09-25,4,Call,712.50,+4.68%,40.15,39.75,40.35,1549,170,9.11,46.06%,63.77%,0.762094,"14:56 ET"
COIN,202.32,2026-09-25,4,Put,200.00,-1.55%,5,5.15,5.3,2102,231,9.1,67.97%,75.78%,-0.419815,"14:59 ET"
TSLA,376.05,2026-09-28,7,Call,377.50,-0.93%,7.05,7.19,7.25,1472,162,9.09,42.13%,38.09%,0.478537,"15:04 ET"
MRNA,174.6,2026-09-25,4,Call,190.00,-8.34%,1.77,1.77,1.98,3296,363,9.08,82.28%,93.21%,0.205108,"15:00 ET"
DGXX,4.34,2026-11-20,60,Put,4.00,-7.41%,0.45,0.48,0.5,1513,167,9.06,93.62%,94.92%,-0.341665,"14:35 ET"
EXE,87.47,2027-04-16,207,Call,75.00,+14.21%,15.4,15.63,17.5,900,100,9,32.15%,35.55%,0.759751,"10:22 ET"
META,744.73,2026-10-09,18,Call,750.00,-0.33%,30.45,30.5,31.25,2726,304,8.97,46.06%,49.22%,0.504811,"14:56 ET"
GOOGL,355.43,2026-09-23,2,Call,357.50,-0.84%,2.37,2.4,2.43,3769,420,8.97,32.22%,34.35%,0.385312,"15:00 ET"
META,744.73,2026-09-25,4,Call,775.00,-3.68%,9.05,9.25,9.2,7505,841,8.92,46.06%,64.84%,0.295831,"15:00 ET"
TSLA,376.05,2026-09-23,2,Call,397.50,-6.27%,0.35,0.33,0.36,1966,222,8.86,42.13%,48.76%,0.06138,"15:02 ET"
AAPL,338.77,2026-09-23,2,Put,340.00,+0.37%,3.05,3.13,3.25,13122,1490,8.81,23.84%,23.83%,-0.589401,"15:00 ET"
NVDA,228.41,2026-09-23,2,Call,227.50,-0.07%,2.32,2.33,2.33,48461,5500,8.81,32.79%,33.25%,0.5177,"15:00 ET"
INFQ,14.09,2026-09-25,4,Call,15.50,-9.93%,0.1,0.15,0.15,1070,122,8.77,87.39%,94.73%,0.174397,"14:47 ET"
CVS,87.43,2026-09-25,4,Put,88.00,+0.71%,1.22,1.33,1.39,1155,132,8.75,31.31%,26.24%,-0.59698,"14:05 ET"
ASTS,61.94,2026-10-09,18,Put,65.00,+5.21%,5.6,5.75,6.1,1027,119,8.63,74.97%,72.08%,-0.594798,"14:57 ET"
AAPL,338.77,2026-09-23,2,Put,335.00,-1.11%,1.06,1.1,1.12,8714,1011,8.62,23.84%,25.02%,-0.278575,"15:00 ET"
META,744.73,2026-10-16,25,Put,750.00,+0.33%,37.2,37.24,37.35,1286,150,8.57,46.06%,45.75%,-0.491181,"15:00 ET"
HIMS,29.02,2026-10-02,11,Call,32.00,-10.08%,0.49,0.52,0.52,3334,392,8.51,70.41%,73.66%,0.244439,"15:00 ET"
HOOD,124.73,2026-09-25,4,Put,122.00,-2.32%,2.42,2.45,2.47,1801,212,8.5,64.05%,69.23%,-0.375432,"15:00 ET"
SBET,9.86,2026-10-02,11,Put,8.50,-13.71%,0.1,0.11,0.14,1441,170,8.48,85.98%,87.51%,-0.145448,"14:22 ET"
U,43.17,2026-10-16,25,Put,35.00,-18.94%,0.13,0.17,0.22,2027,240,8.45,55.18%,55.50%,-0.060919,"13:55 ET"
ARM,320.83,2026-09-25,4,Call,320.00,+0.47%,12.5,12.84,13.1,3575,424,8.43,77.86%,90.37%,0.537069,"15:00 ET"
NVO,39.81,2026-10-16,25,Call,40.00,-0.76%,1.44,1.46,1.47,6021,717,8.4,36.10%,38.57%,0.489464,"15:00 ET"
NVTS,12.21,2026-09-25,4,Call,13.00,-6.64%,0.16,0.17,0.17,6219,744,8.36,80.92%,87.14%,0.257578,"14:50 ET"
FIG,22.37,2026-09-25,4,Call,23.50,-5.24%,0.26,0.28,0.29,1315,159,8.27,69.04%,73.30%,0.271756,"15:00 ET"
CRWV,86.84,2026-09-25,4,Call,88.00,-1.38%,2.43,2.45,2.45,7759,939,8.26,76.28%,79.35%,0.463501,"15:00 ET"
META,744.73,2026-09-25,4,Call,800.00,-7.02%,4.55,4.6,4.65,7809,950,8.22,46.06%,67.66%,0.168666,"15:00 ET"
NVDA,228.41,2026-09-28,7,Put,212.50,-6.53%,0.35,0.37,0.37,1867,227,8.22,32.79%,34.90%,-0.07216,"14:59 ET"
MSTR,166.13,2026-09-25,4,Call,187.50,-12.65%,1.2,1.18,1.24,1531,187,8.19,75.05%,100.16%,0.142728,"15:00 ET"
BYND,12.07,2026-09-25,4,Call,11.00,+8.64%,1.06,1.28,1.66,834,102,8.18,100.15%,150.07%,0.744156,"13:51 ET"
AMZN,258.67,2026-09-23,2,Call,257.50,+0.29%,3.1,3.15,3.25,12697,1566,8.11,32.39%,32.33%,0.588729,"14:59 ET"
AMZN,258.67,2026-09-25,4,Put,265.00,+2.61%,7.3,7.68,7.55,3386,418,8.1,32.39%,32.24%,-0.752919,"14:50 ET"
ASST,29.97,2026-09-25,4,Put,29.00,-3.72%,0.64,0.68,0.77,1244,154,8.08,82.31%,94.05%,-0.339433,"14:28 ET"
DASH,193.6,2026-12-18,88,Put,160.00,-17.60%,4.7,4.8,5.1,1656,205,8.08,44.59%,49.42%,-0.173088,"12:31 ET"
AMZN,258.67,2026-09-23,2,Call,265.00,-2.61%,0.66,0.67,0.67,13869,1717,8.08,32.39%,34.97%,0.184084,"15:00 ET"
DIS,104.37,2026-09-25,4,Put,103.00,-1.27%,0.57,0.61,0.65,6009,753,7.98,26.51%,26.84%,-0.316651,"14:54 ET"
IAG,20.23,2026-10-16,25,Put,20.00,-1.23%,0.85,1,1.05,1001,126,7.94,52.86%,50.86%,-0.437639,"13:55 ET"
AMAT,464.64,2026-09-25,4,Call,550.00,-18.60%,0.09,0.14,0.17,1028,130,7.91,55.39%,68.87%,0.011503,"14:47 ET"
MRNA,174.6,2026-09-25,4,Call,180.00,-2.63%,3.85,4.13,4.4,6826,863,7.91,82.28%,87.99%,0.385556,"14:59 ET"
AVGO,362.83,2026-09-23,2,Call,360.00,+0.51%,5.55,5.65,5.75,4332,550,7.88,37.71%,37.44%,0.621577,"15:00 ET"
MU,1046.84,2026-09-23,2,Put,960.00,-7.97%,0.86,0.89,0.9,1328,169,7.86,63.16%,69.28%,-0.039789,"15:00 ET"
BE,275.25,2026-09-25,4,Call,302.50,-10.36%,2.27,2.45,2.33,979,125,7.83,80.90%,91.42%,0.17066,"14:44 ET"
AMD,609.41,2026-09-25,4,Call,690.00,-13.51%,0.82,0.8,0.88,1268,162,7.83,56.69%,67.20%,0.048649,"14:59 ET"
TSLA,376.05,2026-10-30,39,Call,375.00,-0.26%,23.15,23.45,23.6,913,117,7.8,42.13%,45.69%,0.544875,"14:53 ET"
VRT,252.63,2026-11-20,60,Call,330.00,-30.63%,5.75,5.84,6,4970,638,7.79,57.81%,62.99%,0.186238,"15:00 ET"
LITE,964.29,2026-09-25,4,Put,920.00,-3.92%,12.7,12.83,13.1,1448,186,7.78,73.97%,77.84%,-0.260118,"14:59 ET"
OKTA,191.03,2026-10-16,25,Call,220.00,-15.20%,2.9,3.05,3.15,2419,311,7.78,55.16%,57.75%,0.200883,"14:58 ET"
RGTI,16.45,2026-10-30,39,Call,20.00,-21.88%,0.5,0.54,0.6,840,109,7.71,72.96%,75.49%,0.254633,"14:50 ET"
BMNR,27.94,2026-09-25,4,Put,26.50,-5.02%,0.39,0.41,0.42,1668,217,7.69,79.84%,85.80%,-0.255982,"14:56 ET"
NVDA,228.41,2026-10-23,32,Put,220.00,-3.23%,4.95,5,5.1,5601,729,7.68,32.79%,32.23%,-0.333289,"14:58 ET"
JPM,352.2,2026-09-25,4,Call,367.50,-4.27%,0.1,0.14,0.17,951,124,7.67,25.60%,22.21%,0.040947,"14:29 ET"
MSFT,498.39,2026-09-23,2,Call,520.00,-4.44%,0.11,0.12,0.14,2163,282,7.67,27.02%,30.66%,0.028916,"14:59 ET"
QCOM,193.76,2026-10-02,11,Call,192.50,+0.26%,7.95,8.21,8.3,1169,153,7.64,53.50%,55.95%,0.546015,"14:56 ET"
AVGO,362.83,2026-09-21,0,Call,365.00,-0.87%,0.1,0.12,0.12,14823,1943,7.63,37.71%,9.46%,0.124543,"15:00 ET"
AVGO,362.83,2026-09-23,2,Call,372.50,-2.94%,1.12,1.1,1.17,1013,133,7.62,37.71%,40.04%,0.194777,"14:59 ET"
INTC,121.33,2026-09-23,2,Call,117.00,+3.39%,5.4,5.2,5.55,2190,289,7.58,70.53%,76.50%,0.753744,"14:49 ET"
FUN,12.41,2029-01-19,851,Call,7.50,+39.47%,6.9,7.4,8.1,780,103,7.57,70.97%,110.82%,0.792961,"14:05 ET"
TSLA,376.05,2026-09-30,9,Call,397.50,-6.27%,2.68,2.84,2.77,1080,143,7.55,42.13%,41.37%,0.204859,"14:54 ET"
INTC,121.33,2026-09-25,4,Call,133.00,-9.83%,0.88,0.79,0.89,1396,185,7.55,70.53%,84.32%,0.162549,"14:52 ET"
TSM,443.67,2026-09-25,4,Call,462.50,-4.39%,0.89,0.91,0.92,2038,270,7.55,33.83%,33.10%,0.121137,"14:56 ET"
MSTR,166.13,2026-09-25,4,Call,220.00,-32.18%,0.11,0.12,0.13,9054,1206,7.51,75.05%,120.70%,0.016531,"14:56 ET"
SHOP,135.8,2026-09-25,4,Put,135.00,-0.23%,2.71,3,2.96,2149,288,7.46,53.44%,60.54%,-0.429468,"14:54 ET"
GOOGL,355.43,2026-09-23,2,Put,347.50,-1.98%,1,1.02,1.07,887,120,7.39,32.22%,34.12%,-0.20353,"15:00 ET"
MSFT,498.39,2026-09-23,2,Call,490.00,+1.58%,9.05,9.55,9.75,745,101,7.38,27.02%,29.48%,0.773136,"14:46 ET"
IREN,48.53,2026-09-25,4,Put,47.50,-2.12%,1.3,1.4,1.36,1063,144,7.38,84.82%,88.68%,-0.395275,"14:58 ET"
PLTR,181.8,2026-09-25,4,Call,197.50,-8.79%,0.29,0.31,0.3,11702,1586,7.38,50.13%,52.81%,0.06818,"14:58 ET"
AVGO,362.83,2026-09-28,7,Call,400.00,-10.54%,0.34,0.4,0.4,848,115,7.37,37.71%,40.56%,0.04505,"15:00 ET"
HOOD,124.73,2026-11-20,60,Put,125.00,+0.08%,13.3,13.32,13.55,2300,312,7.37,64.05%,67.23%,-0.445556,"14:22 ET"
AMD,609.41,2027-03-19,179,Call,880.00,-44.77%,33.25,32.86,34.45,2042,279,7.32,56.69%,59.13%,0.266453,"14:44 ET"
SPCX,152.8,2026-10-02,11,Put,157.50,+3.61%,8.3,8.51,8.4,1508,207,7.29,51.69%,51.95%,-0.620479,"14:44 ET"
B,42.88,2026-10-02,11,Call,48.00,-12.12%,0.06,0.1,0.14,1506,207,7.28,42.24%,43.43%,0.071725,"11:27 ET"
ABSI,9.77,2027-01-15,116,Call,13.00,-34.02%,1.1,1.4,1.7,2027,279,7.27,84.88%,109.54%,0.437779,"12:00 ET"
QCOM,193.76,2026-09-25,4,Call,192.50,+0.26%,5.4,5.85,5.85,2440,337,7.24,53.50%,62.02%,0.551112,"14:56 ET"
MRNA,174.6,2026-09-25,4,Call,205.00,-16.89%,0.46,0.54,0.64,1112,154,7.22,82.28%,100.81%,0.070274,"14:59 ET"
POET,8.55,2029-01-19,851,Call,15.00,-75.64%,3.1,3.15,3.15,3355,465,7.22,87.10%,85.25%,0.615394,"14:49 ET"
META,744.73,2026-10-02,11,Call,740.00,+1.00%,29.65,30.15,30.6,4161,576,7.22,46.06%,52.54%,0.553619,"14:50 ET"
NVDA,228.41,2026-09-23,2,Put,220.00,-3.23%,0.31,0.32,0.32,10132,1403,7.22,32.79%,37.21%,-0.10402,"15:00 ET"
GOOGL,355.43,2026-09-23,2,Call,355.00,-0.14%,3.45,3.5,3.6,5341,744,7.18,32.22%,34.85%,0.494055,"15:00 ET"
MSFT,498.39,2026-09-23,2,Call,512.50,-2.93%,0.4,0.46,0.45,767,107,7.17,27.02%,28.54%,0.088211,"14:57 ET"
CORZ,18.6,2026-09-25,4,Call,20.00,-7.99%,0.16,0.17,0.19,4948,691,7.16,73.45%,78.54%,0.209728,"15:00 ET"
AMD,609.41,2026-10-09,18,Put,485.00,-20.21%,1.32,1.47,1.53,917,128,7.16,56.69%,62.62%,-0.039447,"15:00 ET"
IREN,48.53,2026-09-25,4,Call,57.00,-17.45%,0.14,0.15,0.15,736,103,7.15,84.82%,100.04%,0.067622,"14:59 ET"
AMZN,258.67,2026-09-28,7,Call,257.50,+0.29%,4.7,4.8,4.9,1166,163,7.15,32.39%,28.34%,0.564253,"14:59 ET"
VIAV,36.03,2027-01-15,116,Put,35.00,-2.70%,4.9,5.4,5.5,1944,272,7.15,69.73%,74.81%,-0.379876,"11:13 ET"
AMD,609.41,2026-09-23,2,Call,590.00,+2.94%,25.5,22.04,25.75,1286,180,7.14,56.69%,61.92%,0.798329,"14:35 ET"
HHH,65.58,2026-10-16,25,Call,65.00,+0.31%,2.1,2.2,2.4,1070,150,7.13,31.67%,27.01%,0.580317,"14:56 ET"
META,744.73,2026-09-28,7,Call,700.00,+6.36%,50.75,52.85,53.05,867,122,7.11,46.06%,54.67%,0.809093,"14:38 ET"
MRK,150.12,2026-09-25,4,Call,157.50,-4.81%,0.13,0.18,0.21,12365,1738,7.11,28.61%,30.93%,0.078326,"14:55 ET"
BMNR,27.94,2026-10-02,11,Put,23.50,-15.77%,0.17,0.22,0.22,1702,240,7.09,79.84%,82.53%,-0.097218,"13:16 ET"
META,744.73,2026-09-23,2,Call,685.00,+8.36%,59.2,62.92,64,3374,477,7.07,46.06%,76.07%,0.936937,"14:50 ET"
WULF,17.66,2026-10-02,11,Call,19.50,-10.73%,0.39,0.41,0.4,1137,161,7.06,83.20%,86.00%,0.265383,"14:39 ET"
SPCX,152.8,2026-10-30,39,Put,152.50,+0.32%,9.6,9.74,9.75,1163,165,7.05,51.69%,50.02%,-0.460725,"14:59 ET"
MU,1046.84,2026-09-23,2,Call,"1,130.00",-8.33%,1.41,1.46,1.46,781,111,7.04,63.16%,65.58%,0.065638,"14:59 ET"
TSM,443.67,2027-01-15,116,Put,420.00,-5.20%,20.7,20.9,20.95,11926,1694,7.04,33.83%,33.93%,-0.334987,"14:58 ET"
GOOGL,355.43,2026-10-30,39,Call,355.00,-0.14%,17.5,18.12,18.3,1371,195,7.03,32.22%,37.71%,0.533461,"14:41 ET"
MU,1046.84,2026-09-23,2,Put,"1,000.00",-4.13%,3.6,3.53,3.75,2935,420,6.99,63.16%,62.31%,-0.144861,"15:00 ET"
KEYS,342.2,2026-10-16,25,Call,360.00,-5.18%,6.3,6.61,6.8,845,121,6.98,37.17%,36.38%,0.323787,"15:00 ET"
ALAB,338.11,2026-09-25,4,Call,350.00,-3.39%,8.55,9.2,9.9,1158,166,6.98,85.24%,103.67%,0.383366,"14:59 ET"
SMCI,41.12,2026-10-02,11,Put,41.00,-0.27%,2,2.01,2.08,3494,503,6.95,75.07%,74.68%,-0.462142,"14:38 ET"
TSLA,376.05,2026-09-23,2,Put,360.00,-3.75%,0.61,0.62,0.63,6608,953,6.93,42.13%,45.85%,-0.101028,"15:04 ET"
TSLA,376.05,2026-09-25,4,Put,372.50,-0.41%,5.25,5.33,5.35,3392,491,6.91,42.13%,43.63%,-0.415189,"15:02 ET"
BE,275.25,2026-09-25,4,Call,312.50,-14.01%,1.22,1.25,1.29,857,124,6.91,80.90%,93.04%,0.102521,"14:17 ET"
RXT,4.03,2026-09-25,4,Call,1.00,+75.06%,2.9,2.94,3.1,1134,165,6.87,101.37%,648.77%,0.991627,"13:22 ET"
CRML,8.88,2026-09-25,4,Call,9.00,-0.56%,0.4,0.45,0.5,6152,896,6.87,115.80%,149.37%,0.467634,"14:59 ET"
META,744.73,2026-09-25,4,Call,755.00,-1.00%,15.45,15.67,15.6,2641,385,6.86,46.06%,63.49%,0.438071,"15:00 ET"
MSTR,166.13,2026-09-25,4,Call,200.00,-20.16%,0.44,0.46,0.47,15299,2236,6.84,75.05%,107.36%,0.058986,"14:59 ET"
PSKY,10.09,2026-10-02,11,Put,10.00,-1.48%,0.31,0.4,0.75,3042,446,6.82,65.41%,84.21%,-0.439881,"14:43 ET"
ARM,320.83,2026-09-25,4,Call,400.00,-24.42%,0.63,0.66,0.68,3142,462,6.8,77.86%,117.24%,0.042578,"15:00 ET"
PLTR,181.8,2026-09-25,4,Put,177.50,-2.23%,2.1,2.16,2.13,5395,793,6.8,50.13%,50.99%,-0.324621,"14:59 ET"
ARM,320.83,2026-11-20,60,Call,560.00,-74.18%,4.7,4.73,5.4,687,101,6.8,77.86%,92.87%,0.101791,"13:15 ET"
AMZN,258.67,2026-09-23,2,Call,262.50,-1.64%,1.17,1.17,1.2,7867,1161,6.78,32.39%,34.14%,0.292065,"15:00 ET"
MSTR,166.13,2026-09-25,4,Call,190.00,-14.16%,0.98,0.97,1.02,6025,890,6.77,75.05%,101.63%,0.119868,"14:59 ET"
MSFT,498.39,2026-10-09,18,Call,510.00,-2.43%,6.55,6.85,7.15,2550,377,6.76,27.02%,26.17%,0.359226,"14:54 ET"
MU,1046.84,2026-09-25,4,Put,"1,050.00",+0.66%,26.2,26.19,26.65,2213,328,6.75,63.16%,59.29%,-0.493313,"15:00 ET"
MU,1046.84,2026-09-25,4,Put,"1,035.00",-0.78%,19.15,19.35,19.5,735,109,6.74,63.16%,59.24%,-0.40167,"15:00 ET"
CBRS,208.78,2026-09-25,4,Call,250.00,-20.46%,0.15,0.25,0.3,813,121,6.72,74.70%,90.68%,0.030314,"14:36 ET"
NVDA,228.41,2026-09-30,9,Call,232.50,-2.27%,2.45,2.59,2.52,1120,167,6.71,32.79%,30.80%,0.34589,"14:58 ET"
FE,45.03,2026-10-16,25,Call,46.00,-2.09%,0.3,0.45,0.65,708,106,6.68,22.22%,18.78%,0.333693,"14:52 ET"
NVDA,228.41,2026-09-28,7,Call,245.00,-7.76%,0.19,0.21,0.21,793,119,6.66,32.79%,31.43%,0.049191,"14:56 ET"
GM,84.54,2026-09-25,4,Call,85.00,-0.64%,1.09,1.15,1.2,1499,225,6.66,33.99%,36.59%,0.469058,"15:00 ET"
SHOP,135.8,2026-09-25,4,Call,135.00,+0.23%,3.95,4.2,4.3,4836,728,6.64,53.44%,61.06%,0.570562,"14:57 ET"
INTC,121.33,2026-09-28,7,Call,130.00,-7.35%,1.63,1.63,1.75,1467,221,6.64,70.53%,69.00%,0.254467,"14:55 ET"
MSTR,166.13,2026-10-02,11,Call,167.50,-0.64%,8.55,8.55,8.75,1424,215,6.62,75.05%,77.71%,0.515092,"15:00 ET"
ARM,320.83,2026-09-25,4,Call,330.00,-2.64%,8.45,8.4,8.8,2191,331,6.62,77.86%,91.68%,0.409978,"14:58 ET"
PPLI,36.79,2026-10-16,25,Call,40.00,-8.55%,0.15,0.18,0.2,1420,215,6.6,30.56%,26.99%,0.136805,"14:54 ET"
MARA,13.47,2026-10-02,11,Put,12.50,-7.27%,0.36,0.35,0.39,4724,717,6.59,85.04%,84.53%,-0.282992,"14:25 ET"
NCLH,14.41,2026-11-20,60,Call,16.00,-10.80%,0.68,0.7,0.72,853,130,6.56,51.50%,53.40%,0.366685,"14:00 ET"
MRNA,174.6,2026-09-25,4,Call,210.00,-19.74%,0.38,0.37,0.39,819,125,6.55,82.28%,104.27%,0.050297,"14:59 ET"
GOOGL,355.43,2026-09-21,0,Put,357.50,+0.84%,2.59,2.75,2.97,3382,518,6.53,32.22%,8.66%,-0.968856,"14:58 ET"
SHOP,135.8,2026-10-02,11,Call,140.00,-3.47%,3.45,3.7,3.7,1372,210,6.53,53.44%,54.34%,0.408184,"15:00 ET"
DKNG,22.02,2026-09-25,4,Call,23.50,-6.82%,0.11,0.12,0.13,1568,240,6.53,55.59%,60.61%,0.166146,"14:59 ET"
INTC,121.33,2026-09-25,4,Call,134.00,-10.65%,0.76,0.73,0.78,906,139,6.52,70.53%,84.92%,0.144434,"14:54 ET"
META,744.73,2026-09-23,2,Call,692.50,+7.36%,51.7,43.57,56.75,1096,168,6.52,46.06%,69.97%,0.92621,"13:17 ET"
AMD,609.41,2026-09-28,7,Call,650.00,-6.93%,5,5.5,6,853,131,6.51,56.69%,52.96%,0.220854,"15:00 ET"
BRK.B,504.99,2026-09-25,4,Call,507.50,-0.45%,2.23,2.34,2.54,872,134,6.51,14.65%,15.47%,0.408761,"14:57 ET"
NVDA,228.41,2026-09-23,2,Put,230.00,+1.17%,3.5,3.51,3.6,1035,159,6.51,32.79%,32.47%,-0.659912,"15:00 ET"
MSFT,498.39,2026-09-23,2,Call,515.00,-3.44%,0.26,0.28,0.3,1566,241,6.5,27.02%,29.16%,0.060824,"14:59 ET"
META,744.73,2026-09-25,4,Call,730.00,+2.34%,28.1,28.3,28.3,5108,786,6.5,46.06%,63.11%,0.637789,"15:00 ET"
AMZN,258.67,2026-09-30,9,Call,260.00,-0.67%,4.25,4.36,4.4,1427,220,6.49,32.39%,29.63%,0.475975,"14:56 ET"
SHOP,135.8,2026-09-25,4,Call,143.00,-5.68%,1.26,1.33,1.37,1934,298,6.49,53.44%,64.55%,0.248144,"14:57 ET"
PATH,13.6,2026-10-02,11,Call,15.50,-14.31%,0.1,0.1,0.11,1410,218,6.47,57.78%,65.62%,0.139746,"14:56 ET"
COIN,202.32,2026-10-09,18,Put,110.00,-45.85%,0.08,0.1,0.12,2037,315,6.47,67.97%,114.43%,-0.005616,"12:42 ET"
RKLB,69.56,2026-09-25,4,Put,69.00,-0.55%,2,2,2.07,1395,216,6.46,71.51%,75.83%,-0.461506,"14:59 ET"
HPQ,33,2026-09-25,4,Put,34.00,+3.16%,1.46,1.45,1.64,1549,240,6.45,50.40%,58.65%,-0.709353,"14:59 ET"
SMCI,41.12,2026-10-23,32,Put,31.00,-24.59%,0.37,0.38,0.4,2507,389,6.44,75.07%,75.83%,-0.083137,"14:55 ET"
AMZN,258.67,2026-09-21,0,Call,255.00,+1.26%,3.6,3.9,3.9,32829,5127,6.4,32.39%,21.02%,0.912223,"15:00 ET"
BTDR,13.31,2026-10-02,11,Call,13.50,-0.60%,0.7,0.8,0.85,971,152,6.39,94.78%,96.00%,0.491108,"14:56 ET"
BE,275.25,2026-10-02,11,Put,270.00,-1.50%,12.2,12.67,13,718,113,6.35,80.90%,79.59%,-0.419515,"14:36 ET"
VMRK,61.43,2026-12-18,88,Call,70.00,-13.90%,0.3,0.34,0.6,950,150,6.33,22.65%,21.63%,0.141187,"10:53 ET"
META,744.73,2026-09-25,4,Call,815.00,-9.03%,2.96,3,3,1286,203,6.33,46.06%,69.19%,0.116403,"14:57 ET"
BAC,58.14,2026-10-02,11,Put,55.00,-5.37%,0.11,0.13,0.14,4708,744,6.33,25.88%,26.25%,-0.097969,"14:23 ET"
INTC,121.33,2026-10-09,18,Put,110.00,-9.17%,2.61,2.64,2.7,3654,578,6.32,70.53%,68.14%,-0.230288,"14:58 ET"
MSTR,166.13,2026-10-02,11,Put,170.00,+2.14%,10.7,11.05,10.9,644,102,6.31,75.05%,78.31%,-0.528821,"14:53 ET"
DFH,11.32,2027-01-15,116,Call,15.00,-32.28%,0.15,0.45,0.6,814,129,6.31,66.03%,52.17%,0.22335,"12:07 ET"
AR,34.09,2026-10-16,25,Call,37.00,-8.57%,0.35,0.37,0.45,962,153,6.29,35.66%,36.78%,0.221704,"12:27 ET"
MSTR,166.13,2026-09-25,4,Put,155.00,-6.87%,1.56,1.6,1.61,6568,1046,6.28,75.05%,83.38%,-0.189938,"15:00 ET"
AMZN,258.67,2026-09-23,2,Call,250.00,+3.20%,8.6,8.8,9.25,3284,524,6.27,32.39%,28.62%,0.950087,"14:51 ET"
MSTR,166.13,2026-09-25,4,Call,167.50,-0.64%,5.65,5.7,5.75,10510,1675,6.27,75.05%,87.24%,0.497727,"15:00 ET"
PANW,370.62,2026-10-02,11,Call,400.00,-8.37%,3.9,4.21,4.4,4400,703,6.26,51.79%,52.25%,0.223273,"15:00 ET"
QCOM,193.76,2026-10-02,11,Call,190.00,+1.56%,9.3,9.57,9.55,7008,1125,6.23,53.50%,55.69%,0.599032,"14:55 ET"
VALE,14.23,2026-10-09,18,Call,14.50,-1.90%,0.31,0.33,0.35,803,129,6.22,35.70%,37.89%,0.405191,"12:53 ET"
AVGO,362.83,2026-09-23,2,Put,352.50,-2.59%,0.87,0.88,0.92,825,133,6.2,37.71%,39.87%,-0.157331,"15:00 ET"
META,744.73,2026-10-16,25,Put,695.00,-7.02%,14.5,14.55,14.65,631,102,6.19,46.06%,45.90%,-0.255102,"14:57 ET"
AMZN,258.67,2026-09-23,2,Call,247.50,+4.17%,11.15,11.37,11.65,2008,325,6.18,32.39%,33.61%,0.964751,"14:57 ET"
HUT,107.11,2026-11-20,60,Call,110.00,-2.25%,15.5,16.3,16.3,646,105,6.15,96.11%,97.79%,0.557937,"14:57 ET"
OKTA,191.03,2026-09-25,4,Call,200.00,-4.72%,2.03,2.13,2.2,1434,233,6.15,55.16%,66.26%,0.269981,"14:57 ET"
TEVA,40.4,2026-10-02,11,Put,37.50,-7.50%,0.13,0.14,0.41,803,131,6.13,34.31%,44.38%,-0.159497,"14:11 ET"
CLSK,15.03,2026-12-18,88,Call,22.00,-45.41%,0.74,0.8,0.86,1024,167,6.13,79.41%,86.95%,0.253974,"14:39 ET"
SNDK,1764.65,2026-09-25,4,Call,"2,000.00",-14.08%,7,7.17,7.2,7440,1216,6.12,73.55%,88.18%,0.096262,"15:00 ET"
DELL,580.66,2026-09-25,4,Call,577.50,+0.51%,17.3,17.48,17.65,1227,201,6.1,61.27%,66.59%,0.540539,"15:00 ET"
META,744.73,2026-09-21,0,Call,697.50,+6.69%,47.85,50.26,49.15,3766,618,6.09,46.06%,78.41%,0.950479,"14:41 ET"
SOC,4.41,2026-09-25,4,Call,4.50,-1.58%,0.14,0.18,0.18,1491,246,6.06,109.62%,105.65%,0.458855,"14:50 ET"
MSFT,498.39,2026-09-23,2,Put,490.00,-1.58%,1.16,1.25,1.27,1837,303,6.06,27.02%,27.38%,-0.210561,"14:58 ET"
RGTI,16.45,2026-09-25,4,Put,18.00,+9.69%,1.59,1.81,1.72,629,104,6.05,72.96%,74.82%,-0.871673,"14:44 ET"
OKTA,191.03,2026-09-25,4,Call,210.00,-9.96%,0.58,0.64,0.69,672,111,6.05,55.16%,68.23%,0.100937,"15:00 ET"
AMZN,258.67,2026-09-28,7,Call,260.00,-0.67%,3.45,3.5,3.6,2313,382,6.05,32.39%,28.15%,0.466015,"14:59 ET"
WDC,446.76,2026-09-25,4,Call,530.00,-18.68%,0.21,0.34,0.35,876,145,6.04,67.54%,79.30%,0.021023,"15:04 ET"
ETSY,73.07,2026-09-25,4,Put,71.00,-2.67%,0.72,0.76,0.82,898,149,6.03,46.20%,52.53%,-0.29536,"14:58 ET"
TSLA,376.05,2026-09-25,4,Call,407.50,-8.95%,0.46,0.45,0.47,2824,468,6.03,42.13%,48.46%,0.058055,"15:02 ET"
MU,1046.84,2026-09-21,0,Call,"1,030.00",+1.26%,18.15,19.48,19.5,7549,1255,6.02,63.16%,26.63%,0.906114,"15:00 ET"
B,42.88,2026-10-09,18,Call,45.00,-5.12%,0.72,0.71,0.82,1656,275,6.02,42.24%,41.48%,0.316346,"13:58 ET"
META,744.73,2026-09-25,4,Put,662.50,-11.37%,0.74,0.8,0.88,703,117,6.01,46.06%,65.14%,-0.038684,"14:41 ET"
UNH,377.6,2026-10-02,11,Put,355.00,-5.98%,1.17,1.27,1.33,1069,178,6.01,38.71%,31.61%,-0.119657,"14:54 ET"
MU,1046.84,2026-09-25,4,Put,"1,020.00",-2.22%,13.6,14.2,13.9,1601,267,6,63.16%,59.57%,-0.314819,"14:59 ET"
RKLB,69.56,2026-10-02,11,Call,71.00,-2.33%,2.55,2.6,2.61,1749,292,5.99,71.51%,68.69%,0.446033,"15:00 ET"
ARCC,19.51,2027-03-19,179,Put,16.00,-17.99%,0.2,0.3,0.3,1022,171,5.98,14.86%,24.77%,-0.133792,"14:41 ET"
AMD,609.41,2026-09-25,4,Call,630.00,-3.64%,8.9,9,9.15,2602,435,5.98,56.69%,62.85%,0.346413,"15:00 ET"
SPCX,152.8,2026-09-25,4,Call,157.50,-3.61%,1.77,1.78,1.79,29693,4962,5.98,51.69%,58.00%,0.309324,"15:00 ET"
RXRX,3.99,2026-11-20,60,Call,4.50,-13.64%,0.43,0.45,0.46,13109,2194,5.97,83.26%,96.56%,0.463045,"15:00 ET"
INTC,121.33,2026-09-30,9,Call,140.00,-15.61%,0.87,0.89,0.91,858,144,5.96,70.53%,75.85%,0.12936,"14:28 ET"
SMCI,41.12,2026-09-25,4,Put,40.50,-1.48%,1.06,1.11,1.11,966,162,5.96,75.07%,81.08%,-0.410279,"14:57 ET"
FJET,2.075,2026-10-16,25,Call,2.5000,-21.65%,0.15,0.15,0.2,2527,424,5.96,146.58%,151.39%,0.381043,"14:50 ET"
AAPL,338.77,2026-09-23,2,Call,347.50,-2.58%,0.2,0.22,0.22,4855,814,5.96,23.84%,24.39%,0.076883,"15:00 ET"
AMD,609.41,2026-09-25,4,Put,530.00,-12.81%,0.46,0.48,0.49,4317,726,5.95,56.69%,72.62%,-0.026131,"15:00 ET"
SPCX,152.8,2026-09-25,4,Put,155.00,+1.97%,4.85,4.9,4.95,15381,2597,5.92,51.69%,54.91%,-0.599672,"15:00 ET"
BTDR,13.31,2026-10-02,11,Call,13.00,+3.13%,0.95,1.17,1.25,822,139,5.91,94.78%,106.06%,0.579835,"12:55 ET"
BABA,115.88,2026-10-02,11,Call,125.00,-7.81%,1.4,1.44,1.49,2707,461,5.87,46.82%,55.80%,0.231471,"14:52 ET"
PLTR,181.8,2027-06-17,269,Call,280.00,-54.24%,12.35,12.4,12.7,4549,775,5.87,50.13%,57.48%,0.283694,"13:22 ET"
MSFT,498.39,2026-09-25,4,Put,490.00,-1.58%,2.53,2.65,2.67,8890,1514,5.87,27.02%,27.84%,-0.283772,"15:00 ET"
PLTR,181.8,2026-10-02,11,Put,182.50,+0.53%,6.3,6.44,6.5,593,101,5.87,50.13%,47.62%,-0.504918,"14:59 ET"
META,744.73,2026-09-25,4,Call,795.00,-6.35%,5.2,5.3,5.35,1127,193,5.84,46.06%,67.02%,0.189458,"15:00 ET"
CRWV,86.84,2026-09-25,4,Call,86.00,+0.92%,3.3,3.25,3.45,5162,887,5.82,76.28%,78.36%,0.573967,"14:58 ET"
META,744.73,2026-09-25,4,Call,707.50,+5.35%,43.75,43.25,44.65,878,151,5.81,46.06%,64.50%,0.791037,"14:55 ET"
MU,1046.84,2026-09-23,2,Put,"1,005.00",-3.65%,4.3,4.45,4.5,713,123,5.8,63.16%,61.70%,-0.168642,"14:59 ET"
MO,68.81,2026-10-23,32,Call,72.00,-4.65%,0.6,0.65,0.7,579,100,5.79,22.60%,22.46%,0.247137,"13:41 ET"
META,744.73,2026-09-25,4,Call,790.00,-5.68%,6,6.35,6.1,1615,279,5.79,46.06%,66.41%,0.212473,"14:58 ET"
TSLA,376.05,2026-09-23,2,Call,400.00,-6.94%,0.25,0.26,0.27,9943,1716,5.79,42.13%,49.72%,0.046172,"15:04 ET"
ASTS,61.94,2026-09-25,4,Call,69.00,-11.69%,0.26,0.32,0.31,2524,437,5.78,74.97%,84.60%,0.111699,"14:51 ET"
ARM,320.83,2026-09-25,4,Call,305.00,+5.13%,21,21.95,22.2,1602,279,5.74,77.86%,88.92%,0.728704,"14:38 ET"
NFLX,73.57,2026-10-23,32,Call,78.00,-6.44%,2.27,2.29,2.3,2717,475,5.72,34.76%,44.90%,0.366031,"14:58 ET"
LRCX,302.27,2026-09-25,4,Call,307.50,-1.84%,5.35,5.55,6.05,640,112,5.71,59.37%,61.08%,0.41942,"14:12 ET"
PSKY,10.09,2026-10-02,11,Put,10.50,+3.45%,0.69,0.71,1,3194,560,5.7,65.41%,88.98%,-0.565453,"14:59 ET"
NBIS,236.3,2026-09-25,4,Call,260.00,-9.73%,2.02,2,2.05,6752,1194,5.65,84.66%,93.85%,0.171511,"15:00 ET"
LTBR,6.95,2026-10-16,25,Call,7.50,-7.91%,0.35,0.37,0.4,683,121,5.64,83.64%,81.48%,0.400354,"14:58 ET"
CLF,12.1,2026-10-09,18,Put,11.50,-5.74%,0.32,0.3,0.36,1010,179,5.64,60.91%,56.75%,-0.320317,"14:18 ET"
META,744.73,2026-09-25,4,Call,747.50,0.00%,18.65,19.25,18.8,1528,271,5.64,46.06%,63.14%,0.49759,"14:58 ET"
MSFT,498.39,2026-09-23,2,Call,507.50,-1.93%,0.98,1.11,1.1,2426,431,5.63,27.02%,28.24%,0.184708,"14:57 ET"
MU,1046.84,2026-09-25,4,Call,"1,060.00",-1.62%,21.35,21.8,21.75,5064,905,5.6,63.16%,60.48%,0.447942,"15:00 ET"
IREN,48.53,2026-09-25,4,Put,47.00,-3.15%,1.1,1.17,1.13,2302,411,5.6,84.82%,88.12%,-0.351422,"14:58 ET"
O,56.8,2026-11-20,60,Call,60.00,-5.75%,0.35,0.35,0.5,1034,185,5.59,16.12%,15.54%,0.214615,"14:59 ET"
MRNA,174.6,2026-10-02,11,Call,180.00,-2.63%,7.2,7.66,8,1957,350,5.59,82.28%,82.08%,0.443658,"14:56 ET"
MU,1046.84,2026-09-23,2,Call,"1,090.00",-4.50%,5.35,5.4,5.55,826,148,5.58,63.16%,61.66%,0.206534,"15:00 ET"
LFTO,17.89,2026-10-16,25,Call,17.50,+1.35%,1,1.05,1.15,1089,195,5.58,82.70%,44.23%,0.613747,"14:55 ET"
NRG,102.65,2026-12-18,88,Call,110.00,-7.40%,7,7.2,7.4,601,108,5.56,48.85%,49.73%,0.441107,"14:34 ET"
MSTR,166.13,2026-09-25,4,Call,215.00,-29.18%,0.15,0.16,0.16,4708,847,5.56,75.05%,116.46%,0.021429,"14:43 ET"
LITE,964.29,2026-09-25,4,Call,"1,100.00",-14.88%,2.65,2.5,2.8,1693,306,5.53,73.97%,83.34%,0.074714,"14:57 ET"
MU,1046.84,2026-09-28,7,Call,"1,060.00",-1.62%,24.75,25.1,25.65,651,118,5.52,63.16%,51.83%,0.458831,"15:00 ET"
HOOD,124.73,2026-10-30,39,Call,185.00,-48.12%,0.77,0.81,0.86,1430,259,5.52,64.05%,74.20%,0.067288,"14:08 ET"
MRNA,174.6,2026-09-25,4,Call,170.00,+3.07%,7.85,9.5,9.5,6332,1148,5.52,82.28%,85.80%,0.631488,"14:57 ET"
AAPL,338.77,2026-09-23,2,Put,332.50,-1.85%,0.59,0.61,0.63,4787,868,5.51,23.84%,26.22%,-0.171742,"14:59 ET"
AFRM,71.42,2027-02-19,151,Call,105.00,-46.94%,2.79,2.91,3.2,556,101,5.5,54.88%,60.21%,0.22381,"13:20 ET"
UPST,25.75,2026-09-25,4,Call,27.50,-7.00%,0.12,0.12,0.14,1638,298,5.5,61.16%,59.09%,0.15929,"14:59 ET"
TSLA,376.05,2026-09-23,2,Put,365.00,-2.41%,1.27,1.27,1.29,7160,1304,5.49,42.13%,44.58%,-0.185864,"15:04 ET"
AAOI,108.58,2026-09-25,4,Put,98.00,-8.91%,0.8,1,1,746,136,5.49,92.37%,98.53%,-0.148479,"14:43 ET"
AAPL,338.77,2026-10-02,11,Put,337.50,-0.37%,4.7,4.75,4.8,961,175,5.49,23.84%,23.06%,-0.453312,"15:00 ET"
WTI,3.79,2026-10-16,25,Put,3.50,-8.14%,0.1,0.18,0.2,2258,411,5.49,74.06%,71.20%,-0.302245,"14:58 ET"
AMD,609.41,2026-09-25,4,Call,635.00,-4.46%,7.5,7.6,7.75,729,133,5.48,56.69%,63.32%,0.304726,"15:00 ET"
BE,275.25,2026-09-25,4,Call,277.50,-1.24%,8.8,8.8,9,1217,222,5.48,80.90%,88.00%,0.477758,"14:59 ET"
GOOGL,355.43,2026-09-23,2,Call,360.00,-1.55%,1.59,1.59,1.64,9450,1724,5.48,32.22%,34.66%,0.287634,"15:00 ET"
NVDA,228.41,2026-09-21,0,Call,222.50,+2.13%,5.15,5.2,5.2,69482,12674,5.48,32.79%,21.00%,0.982374,"15:00 ET"
NBIS,236.3,2026-09-25,4,Call,262.50,-10.78%,1.64,1.89,1.77,551,101,5.46,84.66%,94.06%,0.148456,"14:51 ET"
HIVE,3.53,2026-11-20,60,Call,4.00,-12.99%,0.35,0.37,0.4,589,108,5.45,93.25%,95.05%,0.452411,"14:02 ET"
COIN,202.32,2026-09-25,4,Call,255.00,-25.53%,0.15,0.18,0.2,1069,196,5.45,67.97%,105.91%,0.021769,"13:42 ET"
ADTN,7.2,2027-01-15,116,Call,8.00,-11.73%,0.85,0.88,0.95,1118,205,5.45,68.54%,76.25%,0.476377,"13:57 ET"
PEP,129.86,2026-10-09,18,Put,128.00,-1.27%,2.06,2.09,2.15,543,100,5.43,24.99%,25.96%,-0.386815,"14:53 ET"
AVGO,362.83,2026-10-02,11,Call,357.50,+1.20%,12.2,11.85,12.4,548,101,5.43,37.71%,36.75%,0.610494,"14:42 ET"
NVDA,228.41,2026-09-23,2,Call,225.00,+1.03%,3.85,3.85,3.9,60903,11242,5.42,32.79%,34.28%,0.684161,"15:00 ET"
NVDA,228.41,2026-09-28,7,Call,227.50,-0.07%,3.75,3.8,3.85,4635,857,5.41,32.79%,29.12%,0.520135,"15:00 ET"
MU,1046.84,2026-09-25,4,Call,"1,130.00",-8.33%,4.75,4.9,5,3060,569,5.38,63.16%,63.80%,0.140478,"15:00 ET"
IONQ,40.86,2026-09-25,4,Call,40.50,+0.69%,1.4,1.4,1.48,2027,377,5.38,71.48%,77.79%,0.544643,"15:00 ET"
MU,1046.84,2026-09-25,4,Put,"1,025.00",-1.74%,15.25,16.25,15.6,706,132,5.35,63.16%,59.37%,-0.342752,"14:56 ET"
CCL,22.38,2026-09-25,4,Put,22.50,+0.36%,0.41,0.45,0.48,2398,448,5.35,47.51%,42.06%,-0.530652,"14:55 ET"
RMBS,97.64,2026-10-16,25,Call,120.00,-23.29%,1.3,1.35,1.6,682,128,5.33,68.80%,71.35%,0.162839,"14:46 ET"
META,744.73,2026-09-25,4,Call,725.00,+3.01%,31.3,31.5,31.45,4470,839,5.33,46.06%,63.16%,0.67591,"15:00 ET"
ASST,29.97,2026-10-02,11,Call,30.00,+0.40%,1.63,1.63,1.78,20251,3813,5.31,82.31%,80.10%,0.535606,"14:50 ET"
META,744.73,2026-09-23,2,Put,662.50,-11.37%,0.1,0.17,0.24,531,100,5.31,46.06%,71.62%,-0.012201,"14:52 ET"
META,744.73,2026-10-02,11,Call,860.00,-15.05%,2.53,2.65,2.76,586,111,5.28,46.06%,56.84%,0.082075,"14:50 ET"
ARM,320.83,2026-11-20,60,Call,490.00,-52.41%,8.1,8,8.9,548,104,5.27,77.86%,88.33%,0.162845,"14:09 ET"
MRK,150.12,2026-09-25,4,Call,155.00,-3.15%,0.37,0.45,0.5,848,161,5.27,28.61%,30.25%,0.17271,"14:54 ET"
MU,1046.84,2026-09-28,7,Call,"1,040.00",+0.30%,33.85,33.25,35,600,114,5.26,63.16%,51.09%,0.564881,"14:55 ET"
FIG,22.37,2026-11-20,60,Call,30.00,-34.35%,0.77,0.81,0.86,773,147,5.26,69.04%,78.63%,0.228376,"14:48 ET"
INTC,121.33,2026-10-02,11,Call,140.00,-15.61%,1.29,1.32,1.33,3227,614,5.26,70.53%,77.27%,0.161725,"15:00 ET"
PURR,13.91,2026-09-25,4,Put,13.50,-2.46%,0.45,0.48,0.5,895,171,5.23,99.40%,113.71%,-0.383657,"14:59 ET"
TSLA,376.05,2026-09-25,4,Put,370.00,-1.08%,4.25,4.3,4.35,8324,1591,5.23,42.13%,43.70%,-0.358934,"15:04 ET"
APLD,28.8,2026-10-02,11,Put,27.00,-6.18%,0.67,0.72,0.74,3330,638,5.22,90.62%,74.26%,-0.284852,"14:51 ET"
MRNA,174.6,2026-09-25,4,Call,200.00,-14.04%,0.8,0.86,0.96,6961,1334,5.22,82.28%,99.88%,0.105242,"15:00 ET"
AVGO,362.83,2026-09-23,2,Put,355.00,-1.90%,1.31,1.31,1.37,751,144,5.22,37.71%,39.29%,-0.218622,"15:00 ET"
SPCX,152.8,2026-10-23,32,Call,205.00,-34.86%,0.45,0.47,0.5,825,158,5.22,51.69%,56.47%,0.047702,"14:36 ET"
WULF,17.66,2026-10-02,11,Call,17.50,+0.62%,1.08,1.13,1.1,862,165,5.22,83.20%,86.83%,0.540261,"14:50 ET"
TSLA,376.05,2026-09-28,7,Call,375.00,-0.26%,8.35,8.35,8.4,3466,665,5.21,42.13%,38.18%,0.528743,"15:04 ET"
INTC,121.33,2026-09-23,2,Call,120.00,+0.91%,3.45,3.45,3.55,8639,1662,5.2,70.53%,76.30%,0.594703,"14:56 ET"
MSFT,498.39,2026-09-23,2,Put,492.50,-1.08%,1.8,1.7,1.97,1753,338,5.19,27.02%,27.62%,-0.291682,"14:53 ET"
CRWV,86.84,2026-10-02,11,Call,96.00,-10.60%,1.64,1.73,1.74,1289,249,5.18,76.28%,77.62%,0.256128,"14:46 ET"
OKTA,191.03,2026-10-02,11,Call,200.00,-4.72%,4.1,4.3,4.6,656,127,5.17,55.16%,58.64%,0.350667,"14:50 ET"
ASST,29.97,2026-09-25,4,Put,27.50,-8.70%,0.27,0.28,0.31,698,135,5.17,82.31%,95.09%,-0.172501,"14:59 ET"
IBM,230.43,2026-09-25,4,Call,230.00,-0.29%,3.7,3.85,3.9,1484,287,5.17,36.75%,38.52%,0.516413,"14:59 ET"
PSKY,10.09,2026-10-02,11,Call,12.00,-18.23%,0,0.1,0.15,923,179,5.16,65.41%,78.46%,0.11763,"14:23 ET"
META,744.73,2026-10-16,25,Put,720.00,-3.68%,23,23.04,23.25,1162,225,5.16,46.06%,45.69%,-0.357666,"14:59 ET"
MSFT,498.39,2026-10-02,11,Put,495.00,-0.58%,6.95,6.91,7.4,1662,323,5.15,27.02%,25.35%,-0.432481,"14:52 ET"
TSLA,376.05,2026-09-30,9,Call,387.50,-3.60%,4.95,5.03,5.1,925,180,5.14,42.13%,40.67%,0.329721,"15:04 ET"
GOOGL,355.43,2026-09-23,2,Call,362.50,-2.25%,1.02,1.04,1.07,2695,525,5.13,32.22%,34.93%,0.205141,"15:00 ET"
MSFT,498.39,2026-09-23,2,Put,482.50,-3.09%,0.26,0.34,0.39,883,172,5.13,27.02%,28.87%,-0.06868,"14:47 ET"
MARA,13.47,2026-10-02,11,Put,13.50,+0.15%,0.81,0.77,0.84,594,116,5.12,85.04%,86.01%,-0.47985,"14:50 ET"
SHOP,135.8,2026-10-16,25,Call,145.00,-7.16%,3.85,4.18,4.25,8108,1591,5.1,53.44%,51.39%,0.352214,"14:58 ET"
NVO,39.81,2026-09-25,4,Put,40.00,+0.76%,0.73,0.75,0.78,4309,846,5.09,36.10%,38.73%,-0.542947,"14:57 ET"
META,744.73,2026-09-23,2,Call,700.00,+6.36%,45.65,47.24,48.2,5050,993,5.09,46.06%,64.32%,0.91064,"14:59 ET"
HIMS,29.02,2026-10-02,11,Call,29.00,+0.24%,1.4,1.43,1.46,1211,238,5.09,70.41%,69.97%,0.530057,"14:55 ET"
UPST,25.75,2026-09-25,4,Call,27.00,-5.06%,0.21,0.21,0.22,1395,274,5.09,61.16%,58.39%,0.238861,"14:56 ET"
CSCO,111.1,2026-10-02,11,Put,111.00,+0.58%,2.52,3.05,2.66,541,107,5.06,32.23%,33.10%,-0.494887,"11:47 ET"
TJX,130.65,2026-09-25,4,Put,127.00,-2.71%,0.15,0.28,0.35,754,149,5.06,25.95%,26.49%,-0.134742,"14:51 ET"
WYNN,83.23,2026-12-18,88,Call,85.00,-1.78%,5.2,5.88,6.05,1065,211,5.05,34.63%,38.12%,0.503816,"13:30 ET"
U,43.17,2026-09-25,4,Call,45.00,-4.21%,0.4,0.42,0.48,978,194,5.04,55.18%,59.27%,0.27484,"15:00 ET"
IBM,230.43,2026-09-25,4,Call,232.50,-1.38%,2.6,2.71,2.77,1270,252,5.04,36.75%,38.55%,0.410325,"14:59 ET"
ARM,320.83,2026-09-25,4,Call,340.00,-5.75%,5.5,5.7,5.9,1491,296,5.04,77.86%,93.71%,0.29983,"14:58 ET"
META,744.73,2026-10-02,11,Call,730.00,+2.34%,35.2,37.05,35.8,1337,266,5.03,46.06%,52.36%,0.612048,"14:39 ET"
ASX,43.58,2026-12-18,88,Call,65.00,-49.39%,0.5,0.64,0.75,888,177,5.02,54.47%,59.82%,0.11301,"10:31 ET"
META,744.73,2026-09-21,0,Call,700.00,+6.36%,45.5,45.39,46.6,19699,3922,5.02,46.06%,76.20%,0.945842,"14:56 ET"
PLTR,181.8,2026-09-25,4,Call,195.00,-7.41%,0.46,0.47,0.47,14268,2846,5.01,50.13%,52.16%,0.101081,"15:00 ET"
MRNA,174.6,2026-09-25,4,Put,160.00,-8.77%,1.26,1.34,1.51,2593,519,5,82.28%,86.97%,-0.159135,"14:58 ET"
SIDU,2.115,2026-10-16,25,Call,2.0000,+4.99%,0.25,0.27,0.3,2880,576,5,107.53%,102.55%,0.627513,"14:37 ET"
NVDA,228.41,2026-09-23,2,Call,235.00,-3.36%,0.32,0.32,0.33,16199,3237,5,32.79%,35.10%,0.114106,"15:00 ET"
META,744.73,2026-10-02,11,Call,715.00,+4.35%,44.25,44.4,45.35,1125,225,5,46.06%,52.36%,0.696049,"14:46 ET"
INTC,121.33,2026-10-23,32,Call,140.00,-15.61%,5.1,5.15,5.25,833,167,4.99,70.53%,79.23%,0.316405,"14:56 ET"
DJT,9.2,2026-09-25,4,Call,9.50,-3.26%,0.15,0.16,0.16,3123,627,4.98,62.45%,70.84%,0.350872,"14:48 ET"
FSLR,199.7,2026-09-25,4,Call,215.00,-7.99%,0.49,0.49,0.57,548,110,4.98,50.78%,53.35%,0.10214,"14:50 ET"
GRPN,21.23,2026-10-16,25,Call,22.00,-3.14%,1.4,1.4,1.55,1124,226,4.97,79.10%,75.23%,0.494888,"15:00 ET"
HOOD,124.73,2026-09-25,4,Call,126.00,-0.88%,3,3.05,3.05,4410,888,4.97,64.05%,71.13%,0.451631,"14:59 ET"
AMZN,258.67,2026-09-23,2,Call,267.50,-3.58%,0.35,0.36,0.36,5160,1038,4.97,32.39%,35.78%,0.108697,"15:00 ET"
ACN,186.87,2026-10-02,11,Put,185.00,-0.86%,7.4,7.88,8.1,709,143,4.96,54.65%,67.22%,-0.442548,"14:55 ET"
AMD,609.41,2027-06-17,269,Call,"1,090.00",-79.32%,27.65,27.85,28.9,773,156,4.96,56.69%,58.87%,0.203145,"14:38 ET"
META,744.73,2026-09-28,7,Call,710.00,+5.02%,43.35,45.8,43.7,505,102,4.95,46.06%,52.22%,0.762982,"14:40 ET"
SNDK,1764.65,2026-09-25,4,Put,"1,750.00",-0.18%,45.1,45.8,46.1,1481,300,4.94,73.55%,72.36%,-0.438152,"15:00 ET"
RKLB,69.56,2026-09-25,4,Call,77.00,-10.98%,0.31,0.32,0.39,1394,283,4.93,71.51%,83.08%,0.121988,"14:59 ET"
TSLA,376.05,2026-09-28,7,Call,380.00,-1.60%,6.05,6,6.15,2646,537,4.93,42.13%,38.24%,0.429344,"15:03 ET"
AVGO,362.83,2026-09-28,7,Call,380.00,-5.01%,1.48,1.64,1.75,885,180,4.92,37.71%,34.48%,0.17651,"14:48 ET"
MU,1046.84,2026-09-23,2,Put,"1,010.00",-3.17%,5.15,5.23,5.35,994,202,4.92,63.16%,61.12%,-0.195291,"15:00 ET"
CM,116,2026-11-20,60,Call,125.00,-7.76%,0.55,0.8,1.05,501,102,4.91,20.29%,18.54%,0.175822,"11:56 ET"
WYNN,83.23,2026-10-16,25,Call,90.00,-7.77%,0.76,0.8,0.89,682,139,4.91,34.63%,33.94%,0.206509,"14:46 ET"
META,744.73,2026-09-25,4,Call,805.00,-7.69%,3.9,3.8,4,840,171,4.91,46.06%,67.98%,0.148653,"14:54 ET"
QCOM,193.76,2026-09-25,4,Call,220.00,-13.98%,0.33,0.36,0.38,2073,422,4.91,53.50%,74.86%,0.056478,"15:00 ET"
INTC,121.33,2026-09-28,7,Call,120.00,+0.91%,5.1,5,5.25,1288,263,4.9,70.53%,65.84%,0.571927,"14:48 ET"
META,744.73,2026-09-25,4,Call,710.00,+5.02%,42.05,41.4,42.3,7598,1550,4.9,46.06%,64.00%,0.777342,"14:54 ET"
RKLB,69.56,2026-09-25,4,Call,75.00,-8.10%,0.53,0.55,0.56,10928,2230,4.9,71.51%,79.12%,0.181424,"14:59 ET"
CRWV,86.84,2026-10-02,11,Call,83.00,+4.38%,6.55,6.7,6.8,2613,534,4.89,76.28%,73.61%,0.670256,"14:54 ET"
META,744.73,2026-09-25,4,Call,740.00,+1.00%,22.4,22.46,22.5,11797,2413,4.89,46.06%,63.02%,0.558314,"15:00 ET"
INTC,121.33,2026-10-02,11,Call,117.00,+3.39%,8.35,8.5,8.45,866,177,4.89,70.53%,71.04%,0.644331,"14:25 ET"
HAFN,9.77,2026-10-16,25,Put,10.00,+2.04%,0.45,0.53,0.6,854,175,4.88,42.96%,34.34%,-0.613215,"14:46 ET"
COIN,202.32,2026-10-16,25,Call,260.00,-27.99%,2.16,2.2,2.32,4653,954,4.88,67.97%,75.17%,0.123257,"14:59 ET"
NVDA,228.41,2026-09-25,4,Call,237.50,-4.46%,0.49,0.5,0.5,22182,4547,4.88,32.79%,34.27%,0.124142,"15:00 ET"
AAPL,338.77,2026-09-23,2,Call,345.00,-1.85%,0.45,0.48,0.46,12758,2624,4.86,23.84%,23.96%,0.147939,"15:00 ET"
DIS,104.37,2029-01-19,851,Put,60.00,-42.48%,1.47,1.9,3.2,505,104,4.86,26.51%,33.45%,-0.077508,"12:40 ET"
META,744.73,2026-10-23,32,Call,800.00,-7.02%,20.8,21.15,21.7,824,170,4.85,46.06%,46.55%,0.335991,"15:00 ET"
MSFT,498.39,2026-09-21,0,Call,490.00,+1.58%,7.75,9.07,8.35,2371,490,4.84,27.02%,19.85%,0.940556,"14:49 ET"
MSTR,166.13,2026-09-25,4,Call,195.00,-17.16%,0.65,0.65,0.7,2851,589,4.84,75.05%,104.60%,0.084346,"14:58 ET"
AMD,609.41,2027-12-17,452,Call,"1,120.00",-84.25%,53.6,55.55,56.55,7548,1559,4.84,56.69%,58.13%,0.297156,"14:59 ET"
MU,1046.84,2026-09-25,4,Call,"1,045.00",-0.18%,28.3,28.75,28.75,3103,643,4.83,63.16%,60.41%,0.537567,"15:00 ET"
ARM,320.83,2026-09-25,4,Call,350.00,-8.86%,3.65,3.81,3.9,3716,769,4.83,77.86%,96.65%,0.214051,"15:00 ET"
SMCI,41.12,2026-09-25,4,Call,44.50,-8.25%,0.38,0.36,0.39,1071,222,4.82,75.07%,84.19%,0.198636,"14:49 ET"
AMD,609.41,2026-10-02,11,Put,460.00,-24.32%,0.35,0.44,0.41,2179,452,4.82,56.69%,76.37%,-0.012857,"14:49 ET"
NBIS,236.3,2026-09-25,4,Call,250.00,-5.51%,3.7,3.76,3.85,16960,3520,4.82,84.66%,90.81%,0.284107,"15:00 ET"
TSLA,376.05,2026-09-25,4,Call,402.50,-7.61%,0.73,0.71,0.74,3693,767,4.81,42.13%,47.43%,0.087222,"15:03 ET"
NBIS,236.3,2026-09-25,4,Call,252.50,-6.56%,3.15,3.25,3.3,928,193,4.81,84.66%,91.33%,0.251118,"15:00 ET"
GOOGL,355.43,2026-09-23,2,Put,345.00,-2.69%,0.58,0.64,0.65,1003,209,4.8,32.22%,34.33%,-0.13383,"14:58 ET"
MU,1046.84,2026-09-25,4,Call,"1,040.00",+0.30%,30.95,30.95,31.4,3725,776,4.8,63.16%,60.44%,0.567538,"15:00 ET"
WMT,107.46,2026-10-30,39,Call,125.00,-16.31%,0.09,0.13,0.13,549,115,4.77,24.03%,24.26%,0.033688,"14:45 ET"
CEG,262.74,2026-09-25,4,Call,275.00,-4.57%,1.15,1.24,1.35,859,180,4.77,42.77%,45.82%,0.18526,"14:40 ET"
CRDO,186.78,2026-09-25,4,Call,185.00,+0.55%,7.2,7.18,7.5,2884,604,4.77,72.04%,78.75%,0.576406,"14:57 ET"
AMZN,258.67,2026-09-23,2,Call,270.00,-4.55%,0.17,0.18,0.18,4275,898,4.76,32.39%,36.30%,0.059166,"15:00 ET"
ALAB,338.11,2026-09-25,4,Call,335.00,+1.04%,14.35,15.3,16.3,666,140,4.76,85.24%,102.32%,0.542617,"14:57 ET"
GDS,34.72,2026-10-16,25,Call,39.00,-12.33%,0.7,0.8,0.9,504,106,4.75,59.21%,60.27%,0.260871,"13:59 ET"
KLAR,13.73,2026-09-25,4,Put,13.50,-1.60%,0.15,0.17,0.2,1019,215,4.74,49.40%,48.35%,-0.359923,"14:29 ET"
MRVL,259.21,2026-09-25,4,Call,270.00,-4.41%,3.8,3.95,4,5359,1130,4.74,70.41%,74.38%,0.312633,"15:00 ET"
LITE,964.29,2027-01-15,116,Put,710.00,-25.85%,43.8,46.37,48.1,501,106,4.73,73.97%,75.87%,-0.168954,"13:37 ET"
MSFT,498.39,2026-09-25,4,Put,487.50,-2.09%,1.86,1.83,2.03,1069,226,4.73,27.02%,27.88%,-0.22773,"14:46 ET"
TSLA,376.05,2026-09-23,2,Call,402.50,-7.61%,0.18,0.19,0.2,698,148,4.72,42.13%,50.65%,0.034574,"15:02 ET"
MRVL,259.21,2026-09-25,4,Call,222.50,+13.96%,36.7,32.9,37.65,523,111,4.71,70.41%,91.65%,0.94917,"13:41 ET"
SHOP,135.8,2026-09-25,4,Call,141.00,-4.21%,1.74,1.81,1.85,589,125,4.71,53.44%,63.76%,0.316123,"15:00 ET"
PYPL,52.72,2026-10-23,32,Call,59.00,-12.10%,0.3,0.32,0.39,881,187,4.71,32.77%,32.86%,0.138113,"14:38 ET"
META,744.73,2026-09-23,2,Call,702.50,+6.02%,43.9,43.9,45.85,842,179,4.7,46.06%,66.21%,0.891589,"14:58 ET"
AMD,609.41,2026-10-02,11,Call,615.00,-1.17%,22.8,22.5,23.2,1066,227,4.7,56.69%,56.56%,0.505953,"14:59 ET"
TSLA,376.05,2026-09-23,2,Call,395.00,-5.61%,0.48,0.48,0.49,4303,919,4.68,42.13%,47.82%,0.081332,"15:03 ET"
HOOD,124.73,2026-09-25,4,Put,114.00,-8.73%,0.49,0.47,0.52,4497,963,4.67,64.05%,70.81%,-0.109829,"14:48 ET"
TSLA,376.05,2026-09-23,2,Call,370.00,+1.08%,8.2,8.25,8.3,9078,1944,4.67,42.13%,44.20%,0.686266,"15:04 ET"
INTC,121.33,2026-09-25,4,Call,130.00,-7.35%,1.33,1.33,1.34,14561,3118,4.67,70.53%,82.51%,0.228635,"15:00 ET"
SNDK,1764.65,2026-09-25,4,Put,"1,740.00",-0.75%,40.7,41.9,41.7,755,162,4.66,73.55%,72.54%,-0.408658,"14:59 ET"
AMD,609.41,2026-09-21,0,Call,585.00,+3.76%,25.3,25.8,27.4,2543,548,4.64,56.69%,28.62%,0.998952,"14:59 ET"
NVDA,228.41,2026-09-23,2,Call,222.50,+2.13%,5.8,5.87,5.85,14840,3196,4.64,32.79%,36.06%,0.809359,"14:59 ET"
LEU,155.38,2026-10-16,25,Call,170.00,-9.61%,6,6.1,6.3,547,118,4.64,72.43%,69.95%,0.352559,"14:29 ET"
PBH,46.47,2026-10-16,25,Call,50.00,-7.71%,0.3,0.45,0.6,691,149,4.64,44.30%,32.77%,0.208124,"14:32 ET"
VIPS,12.48,2026-10-16,25,Call,13.00,-4.17%,0.15,0.2,0.25,606,131,4.63,32.89%,33.43%,0.303307,"13:03 ET"
STX,881.93,2027-01-15,116,Call,"1,100.00",-24.77%,67.7,69.35,73.9,731,158,4.63,68.27%,70.24%,0.364911,"11:33 ET"
MSTR,166.13,2026-09-25,4,Call,185.00,-11.15%,1.46,1.43,1.5,6855,1481,4.63,75.05%,98.48%,0.169049,"15:00 ET"
AMD,609.41,2026-09-23,2,Call,585.00,+3.76%,29.6,25.7,29.85,956,207,4.62,56.69%,62.35%,0.844859,"14:41 ET"
TME,8.13,2026-10-16,25,Call,8.00,+1.23%,0.35,0.37,0.4,1448,314,4.61,36.48%,38.02%,0.573048,"15:04 ET"
PFE,27.88,2026-10-09,18,Put,26.50,-5.02%,0.09,0.11,0.13,851,185,4.6,22.66%,22.35%,-0.149868,"13:36 ET"
INTC,121.33,2026-10-02,11,Put,97.00,-19.90%,0.24,0.25,0.26,3458,751,4.6,70.53%,75.66%,-0.037362,"14:53 ET"
CIFR,19.07,2026-09-25,4,Call,20.50,-6.83%,0.34,0.4,0.43,2510,547,4.59,99.43%,113.69%,0.28841,"14:57 ET"
PS,48.44,2026-11-20,60,Put,40.00,-14.88%,1.95,2.5,3.8,627,137,4.58,68.72%,88.42%,-0.234408,"14:00 ET"
INTC,121.33,2026-10-09,18,Put,93.00,-23.20%,0.33,0.35,0.37,526,115,4.57,70.53%,72.95%,-0.041273,"13:29 ET"
COIN,202.32,2026-10-02,11,Call,250.00,-23.07%,0.93,0.99,1.01,1807,395,4.57,67.97%,81.44%,0.079114,"14:55 ET"
PURR,13.91,2026-10-16,25,Put,11.00,-20.52%,0.25,0.3,0.35,3154,690,4.57,99.40%,97.13%,-0.146644,"13:53 ET"
META,744.73,2026-09-23,2,Put,675.00,-9.70%,0.16,0.23,0.3,1020,224,4.55,46.06%,64.39%,-0.017614,"14:39 ET"
IREN,48.53,2026-09-25,4,Call,56.00,-15.39%,0.18,0.21,0.21,608,134,4.54,84.82%,98.20%,0.088271,"14:56 ET"
NKE,36.08,2026-10-02,11,Call,37.50,-3.88%,0.99,1.02,1.02,1094,241,4.54,47.50%,64.14%,0.381503,"14:58 ET"
CSCO,111.1,2026-09-25,4,Call,116.00,-5.11%,0.18,0.22,0.22,1801,397,4.54,32.23%,34.24%,0.106506,"15:00 ET"
ZURA,4.45,2026-10-16,25,Call,5.00,-12.61%,0.2,0.24,0.4,630,139,4.53,143.11%,105.40%,0.397681,"14:40 ET"
INTC,121.33,2027-09-17,361,Call,80.00,+33.94%,53.95,54.1,54.45,1024,226,4.53,70.53%,70.31%,0.837213,"14:51 ET"
AVGO,362.83,2026-09-23,2,Call,380.00,-5.01%,0.42,0.46,0.46,1205,266,4.53,37.71%,44.11%,0.082485,"15:00 ET"
HPE,61.39,2026-10-02,11,Call,65.00,-5.76%,1.36,1.52,1.5,1289,285,4.52,62.64%,67.36%,0.325095,"14:35 ET"
MP,50.1,2026-09-25,4,Call,53.00,-5.75%,0.53,0.55,0.58,1208,268,4.51,59.88%,74.84%,0.247302,"14:55 ET"
CNQ,48.47,2027-01-15,116,Call,52.50,-8.16%,1.95,2,2.05,10663,2362,4.51,34.59%,32.77%,0.361122,"14:54 ET"
VFC,13.04,2026-11-20,60,Call,14.00,-7.20%,0.67,0.68,0.71,2606,580,4.49,41.11%,49.70%,0.407079,"14:24 ET"
MSTR,166.13,2026-10-30,39,Call,175.00,-5.14%,12.8,13.05,13.2,561,125,4.49,75.05%,74.63%,0.475199,"14:57 ET"
INTC,121.33,2026-10-02,11,Put,114.00,-5.86%,2.65,2.7,2.71,727,162,4.49,70.53%,69.57%,-0.277722,"14:54 ET"
AVGO,362.83,2026-09-23,2,Call,355.00,+1.90%,9.1,9.09,9.4,1312,293,4.48,37.71%,38.65%,0.785143,"14:56 ET"
MARA,13.47,2026-10-30,39,Call,16.50,-22.40%,0.58,0.6,0.62,519,116,4.47,85.04%,87.47%,0.287499,"13:43 ET"
AMD,609.41,2026-10-02,11,Call,640.00,-5.29%,13.4,12.35,13.75,796,178,4.47,56.69%,57.21%,0.349976,"14:50 ET"
AMD,609.41,2026-09-25,4,Call,655.00,-7.76%,3.55,3.2,3.75,868,194,4.47,56.69%,64.77%,0.169702,"14:57 ET"
MU,1046.84,2026-09-23,2,Call,"1,095.00",-4.97%,4.5,4.4,4.7,979,219,4.47,63.16%,61.91%,0.180141,"14:59 ET"
SNDK,1764.65,2026-09-25,4,Call,"1,770.00",-0.96%,55.6,56.13,56.4,923,207,4.46,73.55%,78.71%,0.504938,"15:00 ET"
SMCI,41.12,2026-09-25,4,Call,42.50,-3.38%,0.82,0.84,0.86,4532,1023,4.43,75.07%,81.18%,0.366971,"14:57 ET"
MSTR,166.13,2026-09-25,4,Call,180.00,-8.15%,2.16,2.11,2.2,12048,2727,4.42,75.05%,95.06%,0.235533,"15:00 ET"
META,744.73,2026-10-16,25,Put,690.00,-7.69%,13.15,13.38,13.25,835,189,4.42,46.06%,45.98%,-0.236467,"14:56 ET"
HOOD,124.73,2027-01-15,116,Call,240.00,-92.15%,1.49,1.56,1.62,1357,308,4.41,64.05%,71.15%,0.079884,"14:45 ET"
COIN,202.32,2026-09-25,4,Put,202.50,-0.32%,6.2,6.45,6.65,658,150,4.39,67.97%,76.60%,-0.481655,"14:59 ET"
META,744.73,2026-10-30,39,Call,750.00,-0.33%,49.05,49.05,50.25,603,138,4.37,46.06%,52.10%,0.527641,"14:58 ET"
LRCX,302.27,2026-10-09,18,Call,300.00,+0.65%,16.05,16.05,17.4,526,121,4.35,59.37%,56.37%,0.559431,"14:29 ET"
MSTR,166.13,2026-09-25,4,Call,175.00,-5.14%,3.15,3.23,3.25,15564,3578,4.35,75.05%,91.48%,0.32327,"15:00 ET"
INTC,121.33,2026-10-02,11,Call,119.00,+1.73%,7.2,7.07,7.35,702,162,4.33,70.53%,71.22%,0.591862,"14:51 ET"
LOW,192.71,2028-01-21,487,Call,240.00,-24.83%,12.5,12.9,13.7,1000,231,4.33,28.73%,30.64%,0.341147,"14:45 ET"
IREN,48.53,2026-09-25,4,Put,48.00,-1.09%,1.53,1.55,1.56,1086,251,4.33,84.82%,88.09%,-0.439149,"15:00 ET"
AAPL,338.77,2026-09-23,2,Put,322.50,-4.80%,0.07,0.12,0.16,2036,470,4.33,23.84%,35.90%,-0.032339,"14:50 ET"
SPCX,152.8,2026-10-02,11,Put,152.50,+0.32%,5.35,5.36,5.45,2056,475,4.33,51.69%,51.73%,-0.479141,"15:00 ET"
COIN,202.32,2026-09-25,4,Call,207.50,-2.15%,4.35,4.4,4.6,4655,1075,4.33,67.97%,77.53%,0.400034,"14:58 ET"
NBIS,236.3,2026-10-09,18,Put,220.00,-7.15%,9.35,9.65,9.95,1134,263,4.31,84.66%,81.58%,-0.316283,"14:59 ET"
NVDA,228.41,2026-10-30,39,Put,215.00,-5.43%,4.3,4.31,4.4,2170,503,4.31,32.79%,33.24%,-0.271649,"14:58 ET"
INTC,121.33,2026-09-25,4,Call,140.00,-15.61%,0.33,0.32,0.34,10620,2466,4.31,70.53%,88.92%,0.069514,"14:58 ET"
GOOG,351.71,2026-09-25,4,Call,365.00,-4.06%,0.92,0.94,0.95,10892,2525,4.31,32.03%,34.39%,0.146006,"14:59 ET"
CRML,8.88,2026-09-25,4,Call,9.50,-6.15%,0.2,0.25,0.3,4695,1092,4.3,115.80%,140.44%,0.321389,"15:00 ET"
OXY,57.49,2026-09-25,4,Call,58.00,-0.92%,0.58,0.61,0.65,713,166,4.3,33.05%,35.14%,0.411546,"14:58 ET"
SNDK,1764.65,2026-09-25,4,Call,"1,780.00",-1.53%,51.1,51.3,52.2,1246,290,4.3,73.55%,79.03%,0.47789,"15:00 ET"
AMD,609.41,2026-09-25,4,Put,555.00,-8.70%,1.33,1.44,1.38,909,212,4.29,56.69%,65.58%,-0.070756,"14:59 ET"
MU,1046.84,2026-09-23,2,Put,975.00,-6.53%,1.48,1.5,1.51,1037,242,4.29,63.16%,66.35%,-0.065164,"14:59 ET"
PANW,370.62,2026-09-25,4,Call,380.00,-2.95%,5.15,5.19,5.45,1829,426,4.29,51.79%,56.75%,0.363218,"14:59 ET"
BSX,43.42,2026-10-02,11,Call,45.00,-3.42%,0.5,0.55,0.65,654,153,4.27,39.70%,38.26%,0.318124,"14:49 ET"
CIFR,19.07,2026-09-25,4,Put,18.50,-3.60%,0.64,0.66,0.65,1106,259,4.27,99.43%,113.86%,-0.380624,"14:59 ET"
MRVL,259.21,2026-09-25,4,Call,272.50,-5.38%,3.05,3.27,3.35,1527,358,4.27,70.41%,73.98%,0.270787,"14:55 ET"
AAPL,338.77,2026-09-23,2,Call,350.00,-3.32%,0.09,0.1,0.1,6693,1566,4.27,23.84%,25.05%,0.037999,"15:00 ET"
TSLA,376.05,2026-09-28,7,Put,365.00,-2.41%,3.45,3.41,3.55,1484,348,4.26,42.13%,37.92%,-0.279186,"14:54 ET"
TSLA,376.05,2026-09-28,7,Put,370.00,-1.08%,5.15,5.2,5.25,960,226,4.25,42.13%,37.83%,-0.372039,"15:00 ET"
ARM,320.83,2026-09-25,4,Call,310.00,+3.58%,17.95,17.65,18.6,4374,1029,4.25,77.86%,88.93%,0.667905,"14:56 ET"
NVDA,228.41,2026-09-25,4,Put,222.50,-2.13%,1.23,1.23,1.24,10015,2360,4.24,32.79%,33.90%,-0.251368,"15:00 ET"
MSTR,166.13,2026-10-09,18,Call,175.00,-5.14%,7.95,8,8.2,911,215,4.24,75.05%,77.20%,0.425014,"14:55 ET"
AAPL,338.77,2026-10-02,11,Call,337.50,+0.37%,6.25,6.35,6.35,1910,451,4.24,23.84%,23.85%,0.547645,"15:00 ET"
JBLU,4.54,2026-12-18,88,Call,5.00,-9.89%,0.39,0.4,0.4,16043,3795,4.23,62.58%,62.06%,0.449129,"14:45 ET"
BABA,115.88,2026-10-02,11,Call,131.00,-12.99%,0.66,0.67,0.73,604,143,4.22,46.82%,58.61%,0.124095,"13:55 ET"
TMC,4.17,2026-10-02,11,Call,4.50,-8.96%,0.1,0.11,0.12,1029,244,4.22,78.91%,78.83%,0.318652,"14:56 ET"
B,42.88,2026-10-02,11,Call,45.00,-5.12%,0.45,0.48,0.55,1456,345,4.22,42.24%,42.68%,0.267888,"14:33 ET"
MOD,194.49,2026-10-16,25,Call,200.00,-3.66%,10.9,10.18,12,1928,457,4.22,67.02%,64.94%,0.4858,"14:31 ET"
MSTR,166.13,2026-09-25,4,Put,157.50,-5.37%,2.16,2.27,2.23,2176,516,4.22,75.05%,83.44%,-0.243763,"14:59 ET"
ASST,29.97,2026-09-25,4,Call,30.50,-1.26%,0.88,0.93,1.01,1723,409,4.21,82.31%,91.07%,0.458543,"14:58 ET"
FLY,22.87,2026-09-25,4,Call,25.00,-9.60%,0.2,0.18,0.25,1400,333,4.2,84.27%,95.02%,0.189092,"15:00 ET"
XPEV,10.44,2026-09-25,4,Call,10.50,-0.86%,0.19,0.18,0.24,851,203,4.19,53.57%,56.37%,0.469587,"14:20 ET"
AMZN,258.67,2026-09-28,7,Call,265.00,-2.61%,1.61,1.76,1.8,1334,318,4.19,32.39%,27.86%,0.280866,"14:58 ET"
IOT,38.3,2026-12-18,88,Call,55.00,-44.21%,0.6,0.65,1.05,2039,487,4.19,55.69%,61.64%,0.155069,"13:52 ET"
CRCL,93.92,2026-11-20,60,Call,110.00,-16.92%,6.9,7.13,7.3,2721,649,4.19,76.63%,81.84%,0.386723,"14:59 ET"
GOOGL,355.43,2026-09-23,2,Call,365.00,-2.96%,0.64,0.65,0.65,1998,478,4.18,32.22%,35.09%,0.139142,"15:00 ET"
IOVA,10.13,2026-09-25,4,Put,9.50,-6.86%,0.1,0.15,0.15,872,209,4.17,88.68%,84.31%,-0.230714,"14:01 ET"
ARM,320.83,2026-09-25,4,Call,370.00,-15.09%,1.65,1.7,1.83,560,135,4.15,77.86%,104.16%,0.107983,"14:58 ET"
RF,28.66,2026-10-16,25,Call,30.00,-4.60%,0.2,0.26,0.3,535,130,4.12,27.11%,23.93%,0.242793,"14:18 ET"
AXTI,79.42,2026-09-25,4,Call,90.00,-14.24%,1,1.05,1.15,935,227,4.12,112.91%,126.80%,0.195142,"14:58 ET"
LCID,4.26,2028-01-21,487,Call,4.50,-6.64%,1.79,1.86,1.86,1751,425,4.12,88.38%,98.86%,0.714383,"12:36 ET"
GOOGL,355.43,2028-06-16,634,Put,175.00,-50.64%,3.35,3.6,3.7,580,141,4.11,32.22%,38.80%,-0.039662,"12:23 ET"
AMD,609.41,2026-09-25,4,Call,607.50,+0.06%,18.2,18,18.5,797,194,4.11,56.69%,61.73%,0.563367,"15:00 ET"
SNDK,1764.65,2026-09-25,4,Call,"2,100.00",-19.79%,2.65,2.8,2.85,1470,358,4.11,73.55%,92.63%,0.041027,"15:00 ET"
CORZ,18.6,2026-09-25,4,Call,18.50,+0.11%,0.62,0.66,0.73,766,187,4.1,73.45%,76.84%,0.556553,"14:50 ET"
MSFT,498.39,2026-09-25,4,Call,492.50,+1.08%,8.75,9.15,9.55,1655,404,4.1,27.02%,28.92%,0.649676,"15:00 ET"
MU,1046.84,2026-09-23,2,Call,"1,030.00",+1.26%,29.2,28.45,29.95,1415,346,4.09,63.16%,60.58%,0.666015,"14:59 ET"
BTDR,13.31,2026-12-18,88,Call,21.00,-56.48%,0.7,0.78,0.75,2001,489,4.09,94.78%,97.55%,0.240886,"10:48 ET"
AAPL,338.77,2026-09-23,2,Call,337.50,+0.37%,3.05,3.14,3.2,15112,3698,4.09,23.84%,25.36%,0.57321,"15:00 ET"
MRNA,174.6,2026-09-25,4,Call,175.00,+0.22%,5.85,6.05,6.35,4426,1086,4.08,82.28%,87.04%,0.505629,"14:59 ET"
GOOG,351.71,2026-10-02,11,Put,327.50,-6.63%,0.85,0.98,1.01,963,236,4.08,32.03%,32.11%,-0.098408,"15:00 ET"
MU,1046.84,2026-09-25,4,Put,"1,030.00",-1.26%,17.15,17.8,17.45,1252,307,4.08,63.16%,59.30%,-0.371868,"14:59 ET"
AAPL,338.77,2026-09-23,2,Call,340.00,-0.37%,1.8,1.83,1.84,28806,7099,4.06,23.84%,24.48%,0.414154,"15:00 ET"
GE,320.67,2027-01-15,116,Call,460.00,-43.24%,0.97,1.17,1.28,573,141,4.06,32.21%,34.93%,0.046284,"14:57 ET"
IREN,48.53,2026-09-25,4,Put,46.50,-4.18%,0.93,0.98,0.96,715,176,4.06,84.82%,88.80%,-0.310512,"14:58 ET"
KEEL,4.07,2026-09-25,4,Put,4.00,-2.68%,0.13,0.12,0.15,1555,383,4.06,98.32%,102.96%,-0.413731,"14:48 ET"
NKE,36.08,2027-09-17,361,Call,50.00,-38.50%,2.27,2.31,2.53,2591,639,4.05,47.50%,44.90%,0.29151,"15:00 ET"
RKT,12.55,2026-12-18,88,Call,14.00,-12.09%,0.92,0.9,0.95,4207,1038,4.05,57.93%,58.73%,0.417297,"14:37 ET"
QCOM,193.76,2026-09-25,4,Call,205.00,-6.21%,1.6,1.63,1.7,4375,1083,4.04,53.50%,66.91%,0.219393,"14:59 ET"
OKLO,40.27,2026-09-25,4,Call,40.50,-0.97%,1.15,1.17,1.25,835,207,4.03,73.64%,79.96%,0.480831,"15:00 ET"
TSLA,376.05,2026-10-02,11,Put,372.50,-0.41%,9.55,9.49,9.65,863,214,4.03,42.13%,43.52%,-0.436132,"14:56 ET"
VRT,252.63,2026-09-25,4,Call,255.00,-0.94%,5.35,5.4,5.65,1245,309,4.03,57.81%,61.05%,0.462477,"15:00 ET"
AAPL,338.77,2026-09-23,2,Put,325.00,-4.06%,0.11,0.11,0.14,2326,578,4.02,23.84%,31.62%,-0.038886,"14:58 ET"
WYNN,83.23,2026-09-25,4,Call,85.00,-1.78%,0.56,0.74,0.77,714,178,4.01,34.63%,38.90%,0.311545,"14:33 ET"
VLO,404.11,2026-09-25,4,Put,390.00,-3.64%,3.7,3.9,4.7,721,180,4.01,52.01%,55.90%,-0.279291,"14:46 ET"
JNJ,270.72,2026-09-25,4,Put,270.00,-0.41%,2.16,2.27,2.41,696,174,4,26.52%,25.22%,-0.427682,"14:53 ET"
AMD,609.41,2026-09-25,4,Call,622.50,-2.41%,11.45,11.09,11.7,997,249,4,56.69%,62.37%,0.414855,"14:59 ET"
LUNR,15.65,2026-09-25,4,Call,15.50,+0.39%,0.56,0.66,0.67,1854,463,4,84.05%,86.33%,0.548059,"14:59 ET"
META,744.73,2026-10-02,11,Put,650.00,-13.04%,1.85,1.92,1.99,1450,363,3.99,46.06%,53.21%,-0.062087,"14:58 ET"
SMCI,41.12,2026-09-25,4,Put,41.00,-0.27%,1.29,1.3,1.38,1853,466,3.98,75.07%,81.89%,-0.467257,"14:57 ET"
COUR,5.11,2027-01-15,116,Call,4.00,+21.88%,1.3,1.48,1.5,1000,252,3.97,62.37%,63.52%,0.81881,"11:42 ET"
META,744.73,2026-09-25,4,Call,720.00,+3.68%,34.7,34.85,34.85,9339,2364,3.95,46.06%,63.33%,0.71212,"15:00 ET"
INTC,121.33,2026-09-25,4,Call,120.00,+0.91%,4.65,4.68,4.75,29714,7526,3.95,70.53%,77.91%,0.575069,"15:00 ET"
BKNG,169.51,2026-10-16,25,Call,170.00,+0.02%,6.1,6.3,7,528,134,3.94,36.76%,37.91%,0.512145,"14:08 ET"
BABA,115.88,2026-10-30,39,Call,130.00,-12.13%,2.5,2.65,2.73,575,146,3.94,46.82%,48.17%,0.256934,"14:53 ET"
AMD,609.41,2026-10-02,11,Call,620.00,-2.00%,20.65,20,20.95,1299,330,3.94,56.69%,56.68%,0.473209,"14:58 ET"
MSFT,498.39,2026-10-02,11,Call,515.00,-3.44%,3,3.34,3.35,1822,462,3.94,27.02%,26.27%,0.24209,"14:53 ET"
ASST,29.97,2026-09-25,4,Call,33.00,-9.56%,0.29,0.3,0.31,2688,682,3.94,82.31%,95.81%,0.189515,"14:59 ET"
SHOP,135.8,2026-09-25,4,Call,140.00,-3.47%,2.05,2.1,2.1,7578,1924,3.94,53.44%,63.17%,0.353454,"15:00 ET"
MU,1046.84,2026-09-25,4,Put,"1,000.00",-4.13%,8.3,8.47,8.5,4917,1250,3.93,63.16%,60.50%,-0.215151,"14:59 ET"
ACHR,5.46,2026-09-25,4,Call,5.50,-0.55%,0.13,0.14,0.14,7197,1833,3.93,65.75%,72.08%,0.454386,"14:59 ET"
RKT,12.55,2026-12-18,88,Call,12.00,+3.92%,1.73,1.78,1.8,1807,460,3.93,57.93%,59.69%,0.627496,"14:09 ET"
TSLA,376.05,2026-10-09,18,Call,475.00,-27.00%,0.32,0.32,0.34,1043,266,3.92,42.13%,50.58%,0.021848,"14:31 ET"
AA,44.68,2026-09-25,4,Call,46.00,-2.70%,0.41,0.54,0.6,657,168,3.91,49.91%,54.27%,0.316669,"14:31 ET"
MSTR,166.13,2026-11-20,60,Call,230.00,-38.19%,5.9,6.01,6.05,1241,317,3.91,75.05%,82.47%,0.218202,"14:30 ET"
NVDA,228.41,2026-09-25,4,Put,227.50,+0.07%,2.98,2.98,3,3190,816,3.91,32.79%,32.56%,-0.48269,"15:00 ET"
STX,881.93,2026-10-02,11,Put,800.00,-9.26%,11.4,12.7,14.3,511,131,3.9,68.27%,69.89%,-0.202978,"14:48 ET"
TSLA,376.05,2026-09-23,2,Call,405.00,-8.28%,0.14,0.14,0.15,1426,367,3.89,42.13%,51.95%,0.026668,"15:00 ET"
NVDA,228.41,2026-09-25,4,Put,225.00,-1.03%,1.95,1.96,1.96,11615,2984,3.89,32.79%,33.07%,-0.35833,"15:00 ET"
TSLA,376.05,2026-09-23,2,Put,362.50,-3.08%,0.88,0.93,0.9,4318,1113,3.88,42.13%,45.06%,-0.137846,"15:03 ET"
GM,84.54,2026-09-25,4,Put,84.00,-0.54%,0.94,1.07,1.06,625,161,3.88,33.99%,37.30%,-0.41037,"14:24 ET"
AMD,609.41,2026-09-25,4,Call,605.00,+0.47%,19.55,19.58,19.8,1667,430,3.88,56.69%,61.53%,0.588565,"15:00 ET"
ABSI,9.77,2026-11-20,60,Call,11.00,-13.40%,0.9,1,1.1,2010,518,3.88,84.88%,94.74%,0.445486,"10:42 ET"
QCOM,193.76,2026-10-30,39,Call,200.00,-3.62%,10.6,11.16,11.35,634,164,3.87,53.50%,53.75%,0.465541,"14:56 ET"
MRNA,174.6,2026-09-25,4,Call,185.00,-5.49%,2.7,2.77,2.99,1286,332,3.87,82.28%,91.38%,0.286669,"14:59 ET"
PEP,129.86,2026-09-25,4,Call,132.00,-1.81%,0.47,0.5,0.57,1794,464,3.87,24.99%,23.68%,0.267819,"14:59 ET"
TSLA,376.05,2026-10-09,18,Put,280.00,-25.14%,0.25,0.27,0.27,2066,534,3.87,42.13%,62.23%,-0.013638,"14:26 ET"
ASST,29.97,2026-10-30,39,Call,40.00,-32.80%,0.6,0.75,0.86,591,153,3.86,82.31%,83.36%,0.184322,"14:56 ET"
CRWV,86.84,2027-02-19,151,Call,165.00,-90.09%,3.35,3.4,3.5,710,184,3.86,76.28%,81.10%,0.174703,"15:00 ET"
AFRM,71.42,2026-09-25,4,Put,70.00,-2.04%,0.95,1.05,1.11,892,231,3.86,54.88%,56.38%,-0.350959,"14:56 ET"
TE,4.47,2026-09-25,4,Put,4.50,+1.12%,0.15,0.2,0.25,4787,1241,3.86,107.54%,106.92%,-0.476535,"15:02 ET"
SHOP,135.8,2026-10-16,25,Call,150.00,-10.86%,2.95,2.95,3.05,10138,2633,3.85,53.44%,53.55%,0.274096,"15:00 ET"
KLAR,13.73,2026-09-25,4,Call,14.00,-2.04%,0.15,0.17,0.25,681,177,3.85,49.40%,54.72%,0.37797,"14:43 ET"
RYAAY,54.14,2026-12-18,88,Call,60.00,-10.76%,1.45,1.95,1.95,1020,265,3.85,35.06%,35.00%,0.309986,"13:09 ET"
NVO,39.81,2026-11-20,60,Put,30.00,-24.43%,0.12,0.13,0.13,1657,432,3.84,36.10%,41.66%,-0.042674,"13:15 ET"
BABA,115.88,2026-10-02,11,Put,105.00,-9.44%,0.56,0.59,0.62,1749,456,3.84,46.82%,49.49%,-0.1167,"14:56 ET"
COIN,202.32,2026-09-25,4,Call,215.00,-5.84%,2.48,2.46,2.6,2768,720,3.84,67.97%,81.20%,0.255967,"15:00 ET"
SNDK,1764.65,2026-09-25,4,Call,"2,300.00",-31.19%,0.3,0.4,0.5,525,137,3.83,73.55%,100.23%,0.006831,"14:55 ET"
SHOP,135.8,2026-09-25,4,Call,132.00,+2.45%,5.55,5.1,6.15,792,207,3.83,53.44%,58.75%,0.708089,"14:39 ET"
INTC,121.33,2026-09-30,9,Call,125.00,-3.22%,3.8,3.75,3.9,943,246,3.83,70.53%,70.21%,0.420195,"14:50 ET"
HPQ,33,2026-09-25,4,Put,33.50,+1.64%,1.03,0.99,1.18,558,146,3.82,50.40%,50.86%,-0.643058,"14:05 ET"
AVGO,362.83,2026-09-23,2,Call,365.00,-0.87%,3.05,3.1,3.2,3828,1007,3.8,37.71%,37.80%,0.426193,"15:00 ET"
NET,348.86,2026-09-25,4,Call,345.00,+0.80%,11.7,12.2,12.65,509,134,3.8,62.00%,68.44%,0.581639,"15:00 ET"
SKHY,188.24,2026-10-30,39,Put,170.00,-9.29%,6.8,7.2,7.5,525,139,3.78,60.67%,63.64%,-0.267829,"14:16 ET"
IREN,48.53,2026-10-02,11,Call,47.50,+2.12%,3.2,3.3,3.4,692,183,3.78,84.82%,83.32%,0.586378,"14:57 ET"
UBER,70.96,2026-10-09,18,Call,78.00,-9.70%,0.3,0.31,0.34,753,199,3.78,34.75%,34.56%,0.122663,"14:55 ET"
MSTR,166.13,2026-09-25,4,Call,170.00,-2.14%,4.65,4.75,4.75,18373,4866,3.78,75.05%,88.30%,0.434542,"15:00 ET"
SPCX,152.8,2026-09-25,4,Call,160.00,-5.26%,1.2,1.2,1.21,56542,14941,3.78,51.69%,58.83%,0.227973,"15:00 ET"
SMCI,41.12,2026-09-25,4,Call,45.50,-10.68%,0.23,0.25,0.27,584,155,3.77,75.07%,85.23%,0.139156,"14:39 ET"
GOOGL,355.43,2026-09-25,4,Call,367.50,-3.66%,1.11,1.19,1.23,845,224,3.77,32.22%,34.78%,0.17185,"14:56 ET"
JPM,352.2,2026-09-25,4,Put,332.50,-5.66%,0.08,0.1,0.12,596,159,3.75,25.60%,29.02%,-0.02449,"14:59 ET"
IOT,38.3,2026-11-20,60,Call,45.00,-17.99%,1.05,1.12,1.2,657,175,3.75,55.69%,51.12%,0.259529,"14:39 ET"
INTC,121.33,2026-09-25,4,Call,119.00,+1.73%,5.2,5.22,5.3,1282,342,3.75,70.53%,77.65%,0.615095,"14:55 ET"
META,744.73,2026-09-25,4,Put,670.00,-10.37%,1.05,1.07,1.09,3505,935,3.75,46.06%,63.47%,-0.050349,"15:00 ET"
MRNA,174.6,2026-09-25,4,Call,150.00,+14.47%,24.4,24.84,26.6,4436,1182,3.75,82.28%,116.30%,0.903815,"15:00 ET"
PFE,27.88,2026-11-20,60,Put,25.00,-10.39%,0.23,0.25,0.27,20487,5462,3.75,22.66%,26.84%,-0.150709,"14:14 ET"
ANET,205.68,2026-09-25,4,Call,215.00,-4.57%,1.47,1.58,1.73,3594,960,3.74,50.35%,56.22%,0.233142,"15:00 ET"
NVDA,228.41,2026-09-30,9,Call,237.50,-4.46%,1.2,1.22,1.25,741,198,3.74,32.79%,30.92%,0.202426,"14:59 ET"
APLD,28.8,2026-10-02,11,Call,25.50,+11.40%,3.5,3.63,3.8,791,212,3.73,90.62%,75.67%,0.840506,"14:21 ET"
SMCI,41.12,2026-10-02,11,Call,41.50,-0.95%,1.88,1.89,1.98,628,169,3.72,75.07%,73.16%,0.500255,"14:53 ET"
RKLB,69.56,2026-10-02,11,Call,69.00,+0.55%,3.4,3.63,3.5,997,268,3.72,71.51%,68.24%,0.541366,"14:54 ET"
MU,1046.84,2026-09-25,4,Call,"1,070.00",-2.58%,17.55,17.7,17.95,2260,608,3.72,63.16%,60.82%,0.390777,"15:00 ET"
TSLA,376.05,2026-09-21,0,Call,370.00,+1.08%,5.5,5.65,5.8,23780,6407,3.71,42.13%,12.69%,0.989658,"15:04 ET"
INTC,121.33,2026-10-02,11,Put,115.00,-5.04%,2.98,3.01,3.05,1106,298,3.71,70.53%,69.61%,-0.302564,"14:59 ET"
MU,1046.84,2026-09-23,2,Call,"1,080.00",-3.54%,7.3,7.5,7.55,1775,479,3.71,63.16%,60.66%,0.265186,"15:00 ET"
NFLX,73.57,2026-10-09,18,Call,74.00,-0.98%,2,2.04,2.06,1404,379,3.7,34.76%,32.83%,0.497235,"14:57 ET"
INTC,121.33,2026-09-23,2,Put,111.00,-8.34%,0.19,0.22,0.21,900,244,3.69,70.53%,80.61%,-0.062221,"14:51 ET"
DDOG,241.79,2026-12-18,88,Call,270.00,-11.44%,19.95,20.65,20.85,1033,280,3.69,59.53%,63.35%,0.434488,"14:45 ET"
AAOI,108.58,2026-09-25,4,Call,120.00,-11.53%,1.2,1.24,1.25,2990,811,3.69,92.37%,104.81%,0.195214,"15:00 ET"
AMAT,464.64,2026-10-02,11,Call,490.00,-5.66%,7.85,8.2,8.6,501,136,3.68,55.39%,53.61%,0.310223,"14:44 ET"
AMZN,258.67,2026-09-28,7,Put,250.00,-3.20%,1.03,1.08,1.25,851,231,3.68,32.39%,29.66%,-0.190982,"14:58 ET"
LNG,277.71,2026-11-20,60,Call,310.00,-11.72%,5.3,4.8,5.6,764,208,3.67,34.21%,34.76%,0.249829,"13:38 ET"
MSTR,166.13,2026-09-25,4,Put,148.00,-11.08%,0.58,0.61,0.62,2202,600,3.67,75.05%,85.51%,-0.084608,"14:59 ET"
META,744.73,2026-10-16,25,Put,700.00,-6.36%,16,16.05,16.15,3402,928,3.67,46.06%,45.86%,-0.274548,"15:00 ET"
PYPL,52.72,2026-10-02,11,Put,50.00,-5.00%,0.18,0.2,0.23,5025,1373,3.66,32.77%,29.63%,-0.144098,"14:50 ET"
AAPL,338.77,2026-10-23,32,Call,325.00,+4.06%,18.45,18.45,19.05,1628,445,3.66,23.84%,25.16%,0.733992,"14:08 ET"
CRWD,249.34,2026-09-25,4,Call,262.50,-5.64%,1.94,1.99,2.04,1880,515,3.65,54.37%,60.43%,0.224935,"15:00 ET"
NBIS,236.3,2026-09-25,4,Call,232.50,+1.88%,10.1,10.45,10.7,2539,695,3.65,84.66%,88.93%,0.57728,"14:57 ET"
CCL,22.38,2026-09-25,4,Call,22.50,-0.36%,0.32,0.34,0.36,2947,810,3.64,47.51%,41.28%,0.468381,"14:58 ET"
PCAR,114.87,2026-10-16,25,Call,125.00,-8.63%,0.2,0.35,0.5,630,173,3.64,24.75%,24.37%,0.10292,"12:47 ET"
DELL,580.66,2026-09-25,4,Call,585.00,-0.78%,13.65,13.85,14,815,224,3.64,61.27%,66.25%,0.466481,"14:59 ET"
APLD,28.8,2026-09-25,4,Call,30.50,-5.98%,0.35,0.37,0.38,1052,290,3.63,90.62%,80.25%,0.260348,"14:56 ET"
MU,1046.84,2026-10-02,11,Call,"1,400.00",-34.21%,2.15,2.08,2.23,2436,672,3.63,63.16%,88.42%,0.036083,"14:55 ET"
AAPL,338.77,2026-09-23,2,Put,330.00,-2.58%,0.32,0.34,0.35,4406,1215,3.63,23.84%,27.53%,-0.101395,"14:59 ET"
AAPL,338.77,2026-09-23,2,Call,335.00,+1.11%,4.7,4.75,4.9,8988,2474,3.63,23.84%,26.21%,0.713072,"14:59 ET"
NVDA,228.41,2026-09-25,4,Put,240.00,+5.56%,12.4,12.6,12.6,517,143,3.62,32.79%,31.94%,-0.943339,"14:59 ET"
CRDO,186.78,2026-09-25,4,Put,180.00,-3.24%,3,3.1,3.2,714,197,3.62,72.04%,79.19%,-0.300822,"15:00 ET"
META,744.73,2026-09-23,2,Put,665.00,-11.04%,0.11,0.13,0.15,799,221,3.62,46.06%,67.18%,-0.010161,"15:00 ET"
TSLA,376.05,2026-09-30,9,Call,375.00,-0.26%,9.7,9.75,10,958,265,3.62,42.13%,39.80%,0.529126,"15:03 ET"
META,744.73,2026-09-25,4,Call,727.50,+2.68%,29.65,30.1,29.8,2146,593,3.62,46.06%,63.00%,0.657287,"14:59 ET"
MSTR,166.13,2026-10-02,11,Call,190.00,-14.16%,2.77,2.75,2.85,2453,679,3.61,75.05%,86.04%,0.213014,"15:00 ET"
INTC,121.33,2026-10-02,11,Call,135.00,-11.48%,1.97,2,2.03,2962,823,3.6,70.53%,75.37%,0.230379,"14:58 ET"
GOOGL,355.43,2026-10-02,11,Call,400.00,-12.83%,0.27,0.29,0.31,4268,1187,3.6,32.22%,36.80%,0.033288,"14:55 ET"
HIMX,14.48,2026-10-16,25,Put,14.00,-3.31%,0.6,0.71,0.75,501,139,3.6,64.97%,58.79%,-0.391886,"12:14 ET"
EL,95.22,2026-12-18,88,Call,115.00,-21.01%,2,2.04,2.35,662,184,3.6,37.68%,41.32%,0.215863,"14:57 ET"
TSLA,376.05,2026-09-28,7,Call,420.00,-12.29%,0.3,0.33,0.33,809,225,3.6,42.13%,43.68%,0.035663,"14:55 ET"
AMZN,258.67,2026-09-28,7,Call,262.50,-1.64%,2.43,2.53,2.6,932,259,3.6,32.39%,28.12%,0.370251,"14:55 ET"
NET,348.86,2026-09-25,4,Call,350.00,-0.64%,9.1,9.6,9.8,987,274,3.6,62.00%,67.36%,0.501664,"14:57 ET"
IBRX,8.41,2026-10-02,11,Call,9.50,-13.23%,0.15,0.15,0.2,503,140,3.59,88.61%,90.67%,0.241943,"14:17 ET"
CRDO,186.78,2026-09-25,4,Put,185.00,-0.55%,4.7,4.95,5.1,513,143,3.59,72.04%,77.06%,-0.42296,"15:00 ET"
NBIS,236.3,2026-10-09,18,Call,235.00,+0.82%,16.75,17.36,17.9,1055,294,3.59,84.66%,80.72%,0.545692,"14:59 ET"
TSLA,376.05,2026-09-25,4,Call,377.50,-0.93%,6.1,6.15,6.2,6071,1693,3.59,42.13%,44.33%,0.470349,"15:04 ET"
AMZN,258.67,2026-09-25,4,Call,267.50,-3.58%,0.86,0.87,0.87,7376,2059,3.58,32.39%,33.47%,0.178978,"15:00 ET"
MARA,13.47,2027-03-19,179,Put,6.00,-55.49%,0.28,0.28,0.29,1138,318,3.58,85.04%,94.01%,-0.05706,"14:52 ET"
AAPL,338.77,2026-09-23,2,Call,325.00,+4.06%,13.65,13.7,14.15,1271,355,3.58,23.84%,37.73%,0.930959,"14:48 ET"
UNH,377.6,2026-09-25,4,Call,375.00,+0.69%,6.25,6.38,6.55,1295,362,3.58,38.71%,30.13%,0.606462,"15:00 ET"
AMD,609.41,2027-03-19,179,Call,730.00,-20.09%,63.15,64.47,65.3,3370,946,3.56,56.69%,58.95%,0.430954,"11:35 ET"
SNDK,1764.65,2026-09-25,4,Call,"1,800.00",-2.67%,43.2,43.3,43.5,6295,1767,3.56,73.55%,79.12%,0.424574,"15:00 ET"
AVGO,362.83,2026-09-25,4,Call,377.50,-4.32%,1.48,1.5,1.52,811,228,3.56,37.71%,40.38%,0.182965,"14:58 ET"
NVDA,228.41,2026-09-28,7,Call,237.50,-4.46%,0.73,0.75,0.75,869,244,3.56,32.79%,29.27%,0.156077,"14:59 ET"
AAOI,108.58,2026-09-25,4,Call,108.00,-0.38%,4.5,5,5,1184,333,3.56,92.37%,98.88%,0.540335,"14:58 ET"
UPS,95.13,2026-11-20,60,Call,100.00,-5.34%,2.93,3.01,3.15,2047,575,3.56,28.29%,33.55%,0.368253,"14:58 ET"
OPEN,2.7,2026-10-23,32,Call,3.00,-11.52%,0.12,0.13,0.14,2343,659,3.56,78.07%,74.80%,0.359902,"14:28 ET"
SMCI,41.12,2026-10-16,25,Put,42.00,+2.16%,3.5,3.35,3.7,628,177,3.55,75.07%,73.76%,-0.50119,"13:21 ET"
SNDK,1764.65,2026-09-25,4,Put,"1,780.00",+1.53%,61.1,62.5,61.8,961,271,3.55,73.55%,72.99%,-0.526997,"14:59 ET"
INTC,121.33,2026-09-25,4,Call,121.00,+0.08%,4.15,4.2,4.25,2597,732,3.55,70.53%,78.36%,0.534864,"15:00 ET"
META,744.73,2026-09-25,4,Call,750.00,-0.33%,17.55,17.72,17.65,14959,4208,3.55,46.06%,63.23%,0.477515,"15:00 ET"
AMZN,258.67,2026-09-23,2,Call,242.50,+6.10%,15.8,16.37,16.55,502,142,3.54,32.39%,43.19%,0.979911,"14:58 ET"
MPC,413.42,2026-12-18,88,Put,400.00,-3.66%,34.5,34.2,35.3,510,144,3.54,53.45%,52.85%,-0.394957,"14:54 ET"
META,744.73,2026-10-09,18,Call,800.00,-7.02%,13.6,13.85,14.15,524,148,3.54,46.06%,49.95%,0.284898,"14:58 ET"
QCOM,193.76,2026-10-02,11,Call,215.00,-11.39%,1.7,1.85,1.89,536,152,3.53,53.50%,60.24%,0.173021,"14:46 ET"
INTC,121.33,2026-10-02,11,Call,145.00,-19.74%,0.83,0.82,0.87,667,189,3.53,70.53%,79.00%,0.111505,"14:50 ET"
CLSK,15.03,2026-09-25,4,Put,14.50,-4.16%,0.32,0.33,0.35,2505,710,3.53,79.41%,89.83%,-0.339153,"15:00 ET"
USAR,16.9,2026-10-02,11,Call,20.00,-18.62%,0.15,0.18,0.16,3685,1044,3.53,78.51%,83.15%,0.134263,"14:43 ET"
CORZ,18.6,2026-10-16,25,Call,25.00,-34.99%,0.1,0.1,0.13,11941,3379,3.53,73.45%,73.08%,0.077094,"15:00 ET"
AVGO,362.83,2026-09-23,2,Call,357.50,+1.20%,7.2,7.25,7.45,1178,335,3.52,37.71%,37.77%,0.71102,"15:00 ET"
BABA,115.88,2026-09-25,4,Call,123.00,-6.09%,0.99,1.06,1.09,1818,516,3.52,46.82%,70.39%,0.219899,"14:53 ET"
LNG,277.71,2026-10-02,11,Call,280.00,-0.90%,6.1,6.28,7.1,720,205,3.51,34.21%,39.09%,0.47188,"14:24 ET"
CEG,262.74,2026-09-25,4,Call,280.00,-6.47%,0.55,0.67,0.8,772,220,3.51,42.77%,47.33%,0.109542,"14:54 ET"
IONQ,40.86,2026-10-23,32,Call,45.00,-10.35%,1.72,1.83,1.9,1018,290,3.51,71.48%,69.33%,0.356257,"14:53 ET"
TSLA,376.05,2026-09-28,7,Call,410.00,-9.62%,0.64,0.67,0.67,1175,335,3.51,42.13%,41.64%,0.06989,"14:50 ET"
ETSY,73.07,2026-10-16,25,Call,75.00,-2.81%,2.48,2.4,2.81,2530,720,3.51,46.20%,45.12%,0.440607,"13:59 ET"
META,744.73,2026-09-21,0,Call,695.00,+7.02%,50.35,50.21,52.25,3544,1011,3.51,46.06%,88.80%,0.938154,"14:57 ET"
MSTR,166.13,2026-10-02,11,Call,170.00,-2.14%,7.55,7.5,7.75,3607,1031,3.5,75.05%,78.56%,0.472194,"14:59 ET"
FLWS,2.57,2026-10-16,25,Call,3.00,-16.73%,0.05,0.1,0.1,816,233,3.5,110.12%,78.79%,0.259565,"12:46 ET"
AMD,609.41,2026-09-23,2,Put,550.00,-9.52%,0.3,0.35,0.34,1258,359,3.5,56.69%,74.81%,-0.024546,"14:55 ET"
DAL,82.08,2026-09-25,4,Call,85.00,-3.27%,0.41,0.44,0.45,1433,410,3.5,45.14%,40.69%,0.21894,"14:59 ET"
UPWK,8.4,2028-01-21,487,Call,25.00,-197.62%,0.3,0.5,0.5,2000,571,3.5,60.06%,65.57%,0.161311,"13:02 ET"
PBR,20.75,2028-02-18,515,Call,37.00,-78.06%,0.43,0.62,0.63,1019,292,3.49,48.22%,36.19%,0.13852,"14:25 ET"
DVN,47.67,2026-10-16,25,Call,55.00,-15.38%,0.15,0.18,0.18,11870,3400,3.49,36.01%,37.52%,0.08065,"14:59 ET"
TSLA,376.05,2026-09-23,2,Put,355.00,-5.09%,0.31,0.32,0.32,3049,877,3.48,42.13%,48.35%,-0.054519,"15:04 ET"
FHN,23.98,2026-10-16,25,Call,25.00,-4.25%,0.2,0.28,0.3,728,209,3.48,27.21%,24.44%,0.273556,"13:46 ET"
ASO,49.13,2027-01-15,116,Call,55.00,-12.11%,2.4,2.4,2.75,507,146,3.47,39.55%,41.57%,0.368444,"11:01 ET"
NBIS,236.3,2026-09-25,4,Put,227.50,-3.99%,5.15,4.95,5.5,664,192,3.46,84.66%,91.41%,-0.337655,"14:56 ET"
ALEC,1.92,2026-10-16,25,Call,2.0000,-4.99%,0,0.1,0.95,1101,318,3.46,205.64%,251.88%,0.609996,"10:43 ET"
APP,331.49,2026-09-25,4,Call,340.00,-2.73%,5.5,5.75,6,2399,694,3.46,60.73%,63.19%,0.386433,"15:00 ET"
SIMO,273.55,2026-10-16,25,Call,280.00,-2.71%,17.9,20.38,20.8,808,234,3.45,79.86%,77.44%,0.496299,"13:25 ET"
MRVL,259.21,2026-09-25,4,Put,250.00,-3.32%,3.9,4,4.05,2066,599,3.45,70.41%,72.41%,-0.304665,"15:00 ET"
CVNA,67.88,2026-10-16,25,Call,90.00,-32.49%,0.12,0.1,0.2,9862,2861,3.45,60.37%,58.48%,0.040213,"10:35 ET"
MCD,248.07,2026-11-20,60,Call,250.00,-1.01%,9.6,9.65,9.75,2603,757,3.44,22.58%,25.63%,0.499526,"15:00 ET"
BTDR,13.31,2026-10-02,11,Put,12.00,-10.58%,0.3,0.33,0.4,519,151,3.44,94.78%,95.55%,-0.246296,"14:00 ET"
DECK,80.34,2026-09-25,4,Call,86.00,-7.02%,0.1,0.15,0.15,705,205,3.44,40.19%,44.02%,0.076416,"14:46 ET"
ONON,27.28,2026-09-25,4,Put,27.50,+1.03%,0.86,0.94,1.08,823,239,3.44,46.89%,74.59%,-0.526662,"14:19 ET"
MU,1046.84,2026-09-25,4,Call,"1,035.00",+0.78%,33.7,33.2,34.25,1588,462,3.44,63.16%,60.47%,0.597237,"14:59 ET"
AVGO,362.83,2026-09-25,4,Call,362.50,-0.18%,6,6.1,6.1,2025,588,3.44,37.71%,38.21%,0.522252,"15:00 ET"
NKE,36.08,2026-10-09,18,Call,43.00,-19.11%,0.16,0.18,0.2,813,237,3.43,47.50%,56.70%,0.089912,"14:21 ET"
LNG,277.71,2026-09-25,4,Call,275.00,+0.90%,6.5,6.85,7.1,814,237,3.43,34.21%,45.39%,0.595857,"14:33 ET"
RKLB,69.56,2026-09-25,4,Put,68.00,-1.99%,1.55,1.44,1.6,1610,469,3.43,71.51%,75.70%,-0.389335,"14:57 ET"
YELP,19.46,2026-11-20,60,Call,25.00,-28.40%,0.2,0.25,0.3,503,147,3.42,44.28%,49.82%,0.136427,"11:14 ET"
ARCT,15.27,2026-10-16,25,Put,12.50,-18.35%,0.4,0.3,0.6,800,234,3.42,93.90%,103.37%,-0.192483,"13:12 ET"
DELL,580.66,2026-09-25,4,Put,575.00,-0.94%,12.85,13,13.15,1013,297,3.41,61.27%,64.09%,-0.433692,"15:00 ET"
HPE,61.39,2026-09-25,4,Call,70.00,-13.90%,0.09,0.13,0.17,1066,313,3.41,62.64%,80.57%,0.060321,"14:51 ET"
NVDA,228.41,2026-09-28,7,Call,232.50,-2.27%,1.77,1.77,1.79,1254,368,3.41,32.79%,28.86%,0.310837,"15:00 ET"
TSLA,376.05,2026-10-23,32,Call,380.00,-1.60%,18.65,18.95,18.95,1318,386,3.41,42.13%,45.65%,0.502532,"14:56 ET"
OKLO,40.27,2026-10-09,18,Call,45.00,-12.19%,1.03,1.02,1.09,653,192,3.4,73.64%,74.92%,0.2786,"14:41 ET"
META,744.73,2026-12-18,88,Call,"1,200.00",-60.53%,2.32,2.4,2.52,1620,476,3.4,46.06%,49.73%,0.036333,"14:43 ET"
CARR,54.63,2026-12-18,88,Call,67.50,-23.67%,0.45,0.52,0.85,628,185,3.39,34.15%,36.20%,0.141245,"11:50 ET"
GOOGL,355.43,2026-09-28,7,Call,357.50,-0.84%,4.3,4.48,4.65,725,214,3.39,32.22%,28.86%,0.435652,"14:59 ET"
CIFR,19.07,2026-09-25,4,Put,19.00,-0.99%,0.86,0.86,0.93,1010,298,3.39,99.43%,115.68%,-0.467882,"15:00 ET"
PDD,79.54,2026-10-02,11,Call,80.00,-0.59%,1.63,1.64,1.71,1069,315,3.39,33.29%,33.52%,0.479572,"14:43 ET"
BRK.B,504.99,2026-09-25,4,Call,515.00,-1.94%,0.48,0.51,0.58,2683,794,3.38,14.65%,15.57%,0.129439,"15:00 ET"
HOOD,124.73,2026-10-02,11,Put,118.00,-5.52%,2.67,2.62,2.72,972,288,3.38,64.05%,63.88%,-0.292724,"14:55 ET"
AMZN,258.67,2026-09-23,2,Put,247.50,-4.17%,0.12,0.13,0.14,1276,377,3.38,32.39%,35.97%,-0.045385,"14:59 ET"
CRM,237.45,2026-09-25,4,Call,242.50,-2.22%,2.05,2.1,2.16,1525,451,3.38,39.36%,40.76%,0.324999,"14:59 ET"
INTC,121.33,2026-10-02,11,Put,103.00,-14.95%,0.59,0.61,0.62,717,213,3.37,70.53%,72.02%,-0.082931,"14:55 ET"
AAPL,338.77,2026-09-28,7,Call,342.50,-1.11%,2.31,2.38,2.43,725,215,3.37,23.84%,21.06%,0.358837,"14:59 ET"
MSTR,166.13,2026-10-02,11,Put,155.00,-6.87%,3.7,3.78,3.85,782,232,3.37,75.05%,75.44%,-0.265591,"15:00 ET"
SPCX,152.8,2026-10-09,18,Call,167.50,-10.19%,2.24,2.3,2.28,1311,390,3.36,51.69%,52.39%,0.231303,"14:56 ET"
PLTR,181.8,2026-09-25,4,Call,202.50,-11.55%,0.12,0.12,0.13,1211,362,3.35,50.13%,55.00%,0.0313,"14:54 ET"
TSLA,376.05,2026-09-23,2,Put,382.50,+2.26%,9,9.05,9.15,1515,452,3.35,42.13%,44.29%,-0.702462,"15:04 ET"
META,744.73,2026-10-16,25,Call,820.00,-9.70%,13,12.69,13.1,9894,2952,3.35,46.06%,48.04%,0.248608,"14:56 ET"
SW,45.96,2026-10-16,25,Call,50.00,-8.84%,0.4,0.45,0.55,5234,1569,3.34,39.95%,36.54%,0.201795,"14:34 ET"
POET,8.55,2026-10-09,18,Call,10.00,-17.10%,0.21,0.25,0.25,691,207,3.34,87.10%,90.20%,0.248597,"14:57 ET"
PCVX,59.32,2026-10-16,25,Put,40.00,-32.72%,0.65,0.74,0.85,1076,322,3.34,94.18%,120.11%,-0.078085,"11:35 ET"
AMZN,258.67,2026-10-02,11,Call,262.50,-1.64%,3.9,4,4.1,1692,507,3.34,32.39%,30.81%,0.412479,"14:56 ET"
META,744.73,2026-09-21,0,Call,692.50,+7.36%,51.05,55.65,54.7,1764,528,3.34,46.06%,49.99%,0.997768,"14:29 ET"
LI,11.52,2026-09-25,4,Put,11.50,0.00%,0.23,0.25,0.26,919,276,3.33,46.61%,52.24%,-0.481818,"14:06 ET"
AMD,609.41,2026-11-20,60,Put,550.00,-9.52%,28.7,29.3,29.45,1633,491,3.33,56.69%,59.65%,-0.279104,"15:00 ET"
SPCX,152.8,2026-09-25,4,Put,152.50,+0.32%,3.45,3.49,3.55,11380,3427,3.32,51.69%,55.16%,-0.487626,"15:00 ET"
BABA,115.88,2026-10-09,18,Call,130.00,-12.13%,1.25,1.27,1.3,607,183,3.32,46.82%,53.29%,0.180615,"14:35 ET"
AMD,609.41,2027-02-19,151,Put,300.00,-50.65%,2.57,2.75,2.83,1030,310,3.32,56.69%,64.18%,-0.024409,"14:36 ET"
AAL,13.45,2026-09-25,4,Put,14.50,+7.33%,0.99,1.06,1.13,1275,385,3.31,48.93%,40.04%,-0.962643,"14:33 ET"
SNDK,1764.65,2026-09-25,4,Call,"1,755.00",-0.11%,62.7,61.7,63.6,677,205,3.3,73.55%,78.39%,0.546102,"14:59 ET"
AMD,609.41,2026-10-16,25,Call,670.00,-10.22%,15.6,14.98,15.9,798,242,3.3,56.69%,55.83%,0.299198,"14:56 ET"
MCD,248.07,2026-09-25,4,Put,247.50,0.00%,2.49,2.6,2.72,1314,398,3.3,22.58%,29.68%,-0.442854,"15:00 ET"
HIMS,29.02,2026-09-25,4,Call,29.50,-1.48%,0.71,0.7,0.74,2000,606,3.3,70.41%,77.02%,0.437126,"15:00 ET"
AAPL,338.77,2026-09-23,2,Put,327.50,-3.32%,0.19,0.19,0.21,2071,627,3.3,23.84%,29.49%,-0.061951,"14:58 ET"
INTC,121.33,2026-09-25,4,Call,117.00,+3.39%,6.4,6.45,6.55,3789,1149,3.3,70.53%,77.16%,0.692797,"14:58 ET"
CRWV,86.84,2026-09-25,4,Call,95.00,-9.45%,0.63,0.64,0.68,9711,2939,3.3,76.28%,83.33%,0.168359,"15:00 ET"
MU,1046.84,2026-09-25,4,Call,"1,100.00",-5.45%,9.35,9.35,9.45,12269,3716,3.3,63.16%,61.79%,0.242138,"15:00 ET"
SKHY,188.24,2026-09-25,4,Put,185.00,-1.29%,3.25,3.37,3.45,3420,1038,3.29,60.67%,63.73%,-0.371693,"14:59 ET"
IOT,38.3,2026-11-20,60,Call,46.00,-20.61%,0.9,0.92,1.05,606,184,3.29,55.69%,51.80%,0.230151,"14:28 ET"
AMD,609.41,2026-10-16,25,Put,580.00,-4.58%,19.55,20,19.95,609,185,3.29,56.69%,54.62%,-0.320994,"14:59 ET"
RKLB,69.56,2026-09-25,4,Call,76.00,-9.54%,0.4,0.47,0.45,1551,472,3.29,71.51%,80.45%,0.14666,"14:58 ET"
CCL,22.38,2026-10-09,18,Call,25.00,-11.51%,0.24,0.27,0.28,2160,657,3.29,47.51%,52.67%,0.190151,"14:57 ET"
GOOGL,355.43,2026-09-23,2,Call,350.00,+1.27%,6.35,6.52,6.7,2342,711,3.29,32.22%,35.33%,0.701276,"14:59 ET"
RITM,9.52,2026-12-18,88,Call,9.00,+5.46%,0.6,0.7,0.75,532,162,3.28,26.59%,23.88%,0.688607,"12:45 ET"
GOOGL,355.43,2026-09-21,0,Call,352.50,+0.57%,2.25,2.4,2.51,6959,2120,3.28,32.22%,11.66%,0.849755,"15:00 ET"
TSLA,376.05,2026-09-25,4,Call,375.00,-0.26%,7.3,7.36,7.4,18334,5582,3.28,42.13%,44.33%,0.527432,"15:04 ET"
F,13.22,2026-10-23,32,Call,13.50,-2.04%,0.4,0.42,0.47,932,285,3.27,34.24%,35.94%,0.440602,"14:27 ET"
NBIS,236.3,2026-09-25,4,Call,237.50,-0.23%,7.75,7.9,8.1,1049,321,3.27,84.66%,88.92%,0.486571,"15:00 ET"
GOOG,351.71,2026-09-25,4,Put,347.50,-0.93%,3.15,3.15,3.25,1162,355,3.27,32.03%,33.01%,-0.374127,"14:56 ET"
META,744.73,2026-10-16,25,Call,745.00,+0.34%,37.4,37.2,37.55,1393,426,3.27,46.06%,46.96%,0.533127,"15:00 ET"
NBIS,236.3,2026-10-09,18,Put,150.00,-36.70%,0.21,0.25,0.29,534,164,3.26,84.66%,96.57%,-0.01318,"14:39 ET"
IMSR,4.53,2026-10-16,25,Call,5.00,-10.38%,0.25,0.25,0.3,1014,311,3.26,104.09%,95.08%,0.39481,"14:27 ET"
ASO,49.13,2026-10-16,25,Call,50.00,-1.92%,1.65,1.67,1.8,1363,418,3.26,39.55%,40.93%,0.458802,"14:39 ET"
DELL,580.66,2026-09-25,4,Call,590.00,-1.65%,11.6,12.05,11.9,1641,503,3.26,61.27%,66.25%,0.418058,"14:45 ET"
INTC,121.33,2026-09-25,4,Call,125.00,-3.22%,2.56,2.57,2.58,17187,5295,3.25,70.53%,79.68%,0.381121,"15:00 ET"
BIDU,92.41,2026-09-25,4,Call,98.00,-6.15%,0.34,0.35,0.4,864,266,3.25,42.37%,52.07%,0.146193,"14:58 ET"
SIRI,27.55,2027-06-17,269,Call,40.00,-45.40%,0.42,0.53,0.72,1776,546,3.25,32.35%,36.26%,0.146335,"12:24 ET"
MSFT,498.39,2026-09-23,2,Put,500.00,+0.42%,4.9,5.05,5.25,832,257,3.24,27.02%,26.92%,-0.578164,"14:58 ET"
META,744.73,2026-09-28,7,Call,720.00,+3.68%,36.15,36.6,36.5,906,280,3.24,46.06%,51.86%,0.70045,"14:57 ET"
PLTR,181.8,2026-09-25,4,Put,180.00,-0.85%,3,3.04,3.1,6298,1941,3.24,50.13%,50.33%,-0.422955,"15:00 ET"
HOOD,124.73,2026-09-25,4,Put,113.00,-9.53%,0.4,0.41,0.42,2621,811,3.23,64.05%,71.64%,-0.091516,"15:00 ET"
AMD,609.41,2027-06-17,269,Call,840.00,-38.19%,60.55,61.25,63.15,1006,311,3.23,56.69%,58.58%,0.374892,"14:25 ET"
DIS,104.37,2026-09-25,4,Put,102.00,-2.22%,0.33,0.36,0.4,1961,609,3.22,26.51%,27.57%,-0.210902,"14:55 ET"
TSLA,376.05,2026-09-25,4,Call,372.50,+0.41%,8.65,8.64,8.75,3961,1232,3.22,42.13%,44.37%,0.58427,"15:01 ET"
NVDA,228.41,2026-09-28,7,Call,230.00,-1.17%,2.63,2.68,2.65,10204,3176,3.21,32.79%,28.83%,0.411695,"14:59 ET"
META,744.73,2026-10-16,25,Call,775.00,-3.68%,25.1,25.25,25.3,16060,5005,3.21,46.06%,47.37%,0.407131,"15:00 ET"
NVDA,228.41,2026-10-30,39,Call,290.00,-27.56%,0.16,0.18,0.21,510,159,3.21,32.79%,34.67%,0.020229,"14:27 ET"
DELL,580.66,2026-09-25,4,Call,572.50,+1.37%,20,20.33,20.45,832,259,3.21,61.27%,66.86%,0.589367,"14:59 ET"
CRWD,249.34,2026-09-25,4,Call,270.00,-8.66%,0.86,0.92,0.96,2406,750,3.21,54.37%,61.38%,0.118721,"14:57 ET"
MSTR,166.13,2026-10-09,18,Put,120.00,-27.90%,0.48,0.51,0.53,2723,850,3.2,75.05%,87.59%,-0.036401,"15:00 ET"
ELV,409.45,2026-10-16,25,Call,410.00,-0.10%,12.4,13,13.2,594,186,3.19,32.18%,30.54%,0.509751,"14:59 ET"
META,744.73,2026-10-02,11,Put,640.00,-14.38%,1.24,1.35,1.45,752,236,3.19,46.06%,53.69%,-0.045416,"14:59 ET"
AMD,609.41,2026-10-02,11,Put,550.00,-9.52%,4.15,4.5,4.35,979,307,3.19,56.69%,58.20%,-0.130944,"14:58 ET"
BMNR,27.94,2026-09-25,4,Call,31.50,-12.90%,0.16,0.17,0.18,878,276,3.18,79.84%,94.94%,0.127764,"14:49 ET"
GLW,159.53,2027-06-17,269,Put,155.00,-2.73%,27.55,28.46,29,1003,315,3.18,60.49%,60.86%,-0.362839,"14:12 ET"
DELL,580.66,2026-09-25,4,Call,580.00,+0.08%,16.05,16.25,16.3,2386,751,3.18,61.27%,66.39%,0.515845,"14:59 ET"
PEP,129.86,2026-10-09,18,Put,129.00,-0.50%,2.46,2.78,2.57,511,161,3.17,24.99%,25.74%,-0.438938,"12:15 ET"
PCT,5.71,2026-09-25,4,Call,6.00,-5.63%,0.1,0.1,0.15,1081,341,3.17,87.70%,101.41%,0.331897,"14:39 ET"
NVO,39.81,2027-01-15,116,Call,42.50,-7.05%,2.48,2.52,2.56,1495,472,3.17,36.10%,42.88%,0.41372,"14:57 ET"
UPS,95.13,2026-09-25,4,Put,95.00,+0.07%,0.91,1,1.11,647,205,3.16,28.29%,26.74%,-0.47858,"15:03 ET"
TSLA,376.05,2026-10-09,18,Put,370.00,-1.08%,10.75,10.8,10.85,1016,322,3.16,42.13%,41.50%,-0.410567,"14:50 ET"
ASST,29.97,2026-09-25,4,Call,31.00,-2.92%,0.7,0.76,0.81,1203,381,3.16,82.31%,91.39%,0.392278,"15:00 ET"
META,744.73,2026-09-25,4,Put,650.00,-13.04%,0.45,0.45,0.48,9868,3126,3.16,46.06%,66.96%,-0.023204,"15:00 ET"
TSLA,376.05,2026-09-25,4,Call,387.50,-3.60%,2.76,2.8,2.8,3151,1001,3.15,42.13%,44.95%,0.264874,"15:04 ET"
COIN,202.32,2026-09-25,4,Call,205.00,-0.92%,5.25,5.35,5.5,4801,1526,3.15,67.97%,76.41%,0.457568,"14:58 ET"
DELL,580.66,2026-09-25,4,Put,545.00,-6.11%,3.75,4.01,3.95,544,173,3.14,61.27%,65.94%,-0.173369,"14:57 ET"
PANW,370.62,2026-09-25,4,Call,390.00,-5.66%,2.46,2.61,2.8,710,226,3.14,51.79%,56.69%,0.215315,"14:56 ET"
SNDK,1764.65,2026-09-25,4,Call,"1,775.00",-1.25%,53.3,53.69,54,717,228,3.14,73.55%,78.68%,0.491262,"15:00 ET"
MRNA,174.6,2026-09-25,4,Put,155.00,-11.62%,0.67,0.77,0.77,1437,459,3.13,82.28%,88.33%,-0.09219,"15:00 ET"
ASTS,61.94,2026-09-25,4,Call,67.00,-8.45%,0.47,0.54,0.52,1884,602,3.13,74.97%,81.92%,0.179501,"14:52 ET"
BABA,115.88,2026-09-25,4,Put,115.00,-0.81%,2.68,2.66,2.75,2175,696,3.13,46.82%,65.08%,-0.441764,"14:51 ET"
CRWV,86.84,2026-09-25,4,Call,91.00,-4.84%,1.37,1.38,1.45,2882,921,3.13,76.28%,80.31%,0.312667,"14:59 ET"
POET,8.55,2026-09-25,4,Call,9.00,-5.39%,0.16,0.17,0.19,8988,2869,3.13,87.10%,97.79%,0.323666,"14:26 ET"
NVDA,228.41,2026-09-25,4,Call,235.00,-3.36%,0.82,0.84,0.84,39951,12792,3.12,32.79%,33.68%,0.19077,"15:00 ET"
MU,1046.84,2026-09-28,7,Call,"1,150.00",-10.25%,4.75,4.92,5,646,207,3.12,63.16%,55.66%,0.125394,"15:00 ET"
COST,898.42,2026-09-25,4,Call,945.00,-5.25%,2.22,2.23,2.35,1043,334,3.12,23.43%,40.56%,0.123197,"14:46 ET"
PURR,13.91,2026-09-25,4,Call,14.50,-4.77%,0.4,0.43,0.5,1108,355,3.12,99.40%,120.84%,0.390188,"14:38 ET"
IOT,38.3,2026-11-20,60,Call,48.00,-25.85%,0.6,0.65,0.8,607,195,3.11,55.69%,52.24%,0.175846,"13:52 ET"
AMD,609.41,2026-09-25,4,Call,577.50,+4.99%,38.7,37.75,40.2,749,241,3.11,56.69%,65.71%,0.813313,"14:59 ET"
QCOM,193.76,2026-10-02,11,Call,195.00,-1.03%,6.8,6.8,7.05,988,318,3.11,53.50%,55.96%,0.493153,"14:58 ET"
MRNA,174.6,2026-09-25,4,Call,177.50,-1.21%,4.65,5,5.35,1030,331,3.11,82.28%,86.98%,0.443637,"15:00 ET"
WHR,33.16,2027-01-15,116,Call,42.50,-29.38%,1.9,1.78,2.3,1103,355,3.11,58.56%,68.67%,0.306821,"13:39 ET"
VST,141.32,2026-11-20,60,Call,175.00,-23.95%,2.34,2.47,2.53,1010,326,3.1,43.93%,49.53%,0.174267,"14:25 ET"
INTC,121.33,2026-09-25,4,Put,111.00,-8.34%,0.61,0.62,0.62,761,246,3.09,70.53%,76.80%,-0.122949,"14:59 ET"
GOOGL,355.43,2026-09-25,4,Put,352.50,-0.57%,3.75,3.75,3.9,1083,350,3.09,32.22%,33.11%,-0.419128,"14:49 ET"
BTDR,13.31,2026-10-16,25,Call,16.00,-19.23%,0.45,0.55,0.6,1315,426,3.09,94.78%,99.48%,0.279371,"12:58 ET"
META,744.73,2026-09-25,4,Call,745.00,+0.34%,19.85,20,20,2685,868,3.09,46.06%,63.13%,0.517806,"14:59 ET"
GOOG,351.71,2026-09-25,4,Call,355.00,-1.21%,3.3,3.3,3.4,7962,2577,3.09,32.03%,34.12%,0.387919,"14:59 ET"
MARA,13.47,2026-09-25,4,Call,15.00,-11.28%,0.11,0.12,0.12,11833,3828,3.09,85.04%,100.46%,0.161581,"14:59 ET"
NFLX,73.57,2026-09-25,4,Call,73.00,+0.38%,1.43,1.44,1.46,17888,5804,3.08,34.76%,35.32%,0.603852,"15:00 ET"
RBLX,50.93,2026-09-25,4,Call,53.00,-3.88%,0.55,0.59,0.67,508,165,3.08,62.20%,63.88%,0.293975,"14:46 ET"
HPE,61.39,2026-09-25,4,Call,63.00,-2.51%,1,1.08,1.11,1193,387,3.08,62.64%,70.12%,0.359459,"14:55 ET"
AKAM,116.43,2026-12-18,88,Put,95.00,-18.26%,4.6,5.15,5.4,1338,435,3.08,59.37%,64.40%,-0.206242,"11:49 ET"
QBTS,17.78,2026-10-02,11,Call,20.00,-12.68%,0.24,0.25,0.25,1996,650,3.07,73.73%,75.79%,0.199971,"14:55 ET"
SNDK,1764.65,2026-09-25,4,Call,"1,760.00",-0.39%,60.2,60,60.9,615,201,3.06,73.55%,78.30%,0.532336,"14:59 ET"
ARM,320.83,2026-10-02,11,Call,315.00,+2.02%,20.5,20.35,21.6,1125,368,3.06,77.86%,79.77%,0.586777,"14:32 ET"
IREN,48.53,2026-09-25,4,Put,46.00,-5.21%,0.77,0.81,0.81,1599,525,3.05,84.82%,89.18%,-0.27142,"14:59 ET"
UUUU,12.23,2026-09-25,4,Call,13.00,-6.56%,0.13,0.13,0.14,1875,615,3.05,67.92%,77.90%,0.239401,"14:51 ET"
BTDR,13.31,2026-09-25,4,Call,13.50,-0.60%,0.45,0.45,0.5,553,182,3.04,94.78%,105.57%,0.456085,"14:59 ET"
META,744.73,2026-09-25,4,Call,900.00,-20.40%,0.24,0.25,0.29,669,220,3.04,46.06%,78.95%,0.012681,"14:59 ET"
AAPL,338.77,2026-09-30,9,Call,340.00,-0.37%,4.15,4.65,4.65,816,268,3.04,23.84%,23.37%,0.469722,"14:46 ET"
NVDA,228.41,2026-09-30,9,Call,225.00,+1.03%,5.95,6.04,6.1,3783,1243,3.04,32.79%,31.59%,0.608599,"15:00 ET"
CRWV,86.84,2026-10-02,11,Call,90.00,-3.69%,3.25,3.2,3.4,4731,1563,3.03,76.28%,75.70%,0.426922,"14:57 ET"
APP,331.49,2027-03-19,179,Put,270.00,-18.42%,27.2,28.09,28.6,652,215,3.03,60.73%,66.81%,-0.238003,"14:57 ET"
TSM,443.67,2026-09-25,4,Call,455.00,-2.70%,2.08,2.09,2.12,1564,517,3.03,33.83%,32.62%,0.239434,"15:01 ET"
COIN,202.32,2026-10-02,11,Call,260.00,-27.99%,0.58,0.69,0.69,544,180,3.02,67.97%,84.86%,0.053207,"13:55 ET"
JNJ,270.72,2026-09-25,4,Call,280.00,-3.28%,0.39,0.53,0.53,1071,355,3.02,26.52%,26.24%,0.125675,"14:51 ET"
AI,10.9,2026-10-02,11,Call,11.00,-1.66%,0.4,0.41,0.44,1108,367,3.02,58.94%,60.75%,0.492356,"14:58 ET"
TSM,443.67,2026-09-25,4,Call,470.00,-6.09%,0.36,0.37,0.38,2265,751,3.02,33.83%,33.97%,0.055833,"15:01 ET"
INTC,121.33,2026-09-21,0,Call,116.00,+4.21%,5.4,5.34,5.55,10073,3333,3.02,70.53%,49.30%,0.963965,"14:57 ET"
IAG,20.23,2026-10-16,25,Put,18.00,-11.11%,0.2,0.3,0.4,509,169,3.01,52.86%,53.55%,-0.181941,"14:43 ET"
ASX,43.58,2026-12-18,88,Call,45.00,-3.42%,4.2,4.4,4.6,718,239,3,54.47%,58.62%,0.512787,"14:46 ET"
DAL,82.08,2026-10-09,18,Call,85.00,-3.27%,2.44,2.49,2.62,866,289,3,45.14%,50.68%,0.406301,"14:57 ET"
OPTU,1.055,2028-01-21,487,Put,2.0000,+93.24%,1.15,1.2,1.3,900,300,3,117.82%,113.46%,-0.438479,"13:26 ET"
NOK,10.98,2026-10-09,18,Call,10.50,+4.20%,0.82,0.83,0.86,918,306,3,60.65%,60.04%,0.655358,"14:29 ET"
MSFT,498.39,2026-09-21,0,Put,500.00,+0.42%,2.08,2.3,2.43,1390,463,3,27.02%,7.90%,-0.849459,"15:00 ET"
TTMI,125.67,2026-10-16,25,Call,140.00,-12.00%,4.7,5,5.3,2779,926,3,79.29%,77.23%,0.332445,"15:01 ET"
TSLA,376.05,2026-09-25,4,Put,377.50,+0.93%,7.7,7.73,7.8,3260,1085,3,42.13%,43.59%,-0.531214,"15:04 ET"
MSTR,166.13,2026-09-25,4,Put,150.00,-9.88%,0.78,0.8,0.81,9777,3261,3,75.05%,84.54%,-0.107897,"15:00 ET"
SPCX,152.8,2026-09-25,4,Call,155.00,-1.97%,2.57,2.57,2.59,37974,12638,3,51.69%,57.39%,0.406211,"15:00 ET"
APP,331.49,2026-09-25,4,Call,350.00,-5.76%,2.85,3,3.1,3743,1252,2.99,60.73%,63.80%,0.235997,"15:00 ET"
TSLA,376.05,2026-09-25,4,Call,400.00,-6.94%,0.91,0.93,0.93,23909,8008,2.99,42.13%,46.90%,0.106188,"15:04 ET"
HPE,61.39,2026-09-25,4,Call,68.00,-10.64%,0.17,0.19,0.22,622,208,2.99,62.64%,73.60%,0.091685,"14:56 ET"
ARM,320.83,2026-09-25,4,Call,312.50,+2.80%,16.25,16.5,17.4,763,255,2.99,77.86%,89.66%,0.635244,"14:53 ET"
WMB,72.15,2026-10-16,25,Put,60.00,-16.79%,0,0.18,0.15,800,268,2.99,30.32%,37.32%,-0.026959,"14:45 ET"
CCL,22.38,2028-01-21,487,Call,32.00,-42.73%,2.08,2.19,2.26,3430,1150,2.98,47.51%,46.47%,0.347485,"13:46 ET"
LQDA,66.89,2026-09-25,4,Put,55.00,-17.73%,0.15,0.3,0.35,4665,1567,2.98,82.12%,126.73%,-0.061793,"14:18 ET"
META,744.73,2026-11-20,60,Call,900.00,-20.40%,16.6,16.86,17.15,8091,2724,2.97,46.06%,50.44%,0.213914,"14:59 ET"
GOOGL,355.43,2026-09-23,2,Put,355.00,+0.14%,3.5,3.65,3.75,883,297,2.97,32.22%,33.33%,-0.507269,"14:58 ET"
META,744.73,2026-10-16,25,Put,655.00,-12.38%,6.15,6.19,6.25,893,301,2.97,46.06%,46.82%,-0.128718,"14:49 ET"
TSLA,376.05,2026-09-28,7,Put,360.00,-3.75%,2.26,2.33,2.32,882,298,2.96,42.13%,38.33%,-0.200515,"15:02 ET"
CORZ,18.6,2026-10-02,11,Call,19.00,-2.59%,0.75,0.77,0.85,1048,354,2.96,73.45%,73.57%,0.470001,"14:55 ET"
SNDK,1764.65,2026-09-25,4,Call,"1,850.00",-5.53%,27.6,27.6,28.5,2366,800,2.96,73.55%,81.05%,0.306186,"14:59 ET"
GOOGL,355.43,2026-09-23,2,Call,352.50,+0.57%,4.75,5.2,4.95,2763,934,2.96,32.22%,34.65%,0.60275,"14:55 ET"
AVGO,362.83,2026-09-23,2,Call,370.00,-2.25%,1.58,1.62,1.63,4278,1445,2.96,37.71%,39.03%,0.257747,"15:00 ET"
NFLX,73.57,2026-09-25,4,Call,75.00,-2.35%,0.55,0.57,0.57,19416,6570,2.96,34.76%,35.50%,0.320868,"15:00 ET"
PSKY,10.09,2026-09-25,4,Call,11.00,-8.37%,0.1,0.14,0.16,2612,884,2.95,65.41%,99.50%,0.224707,"14:59 ET"
CRWD,249.34,2026-10-09,18,Put,225.00,-9.45%,2.86,3.05,3.15,757,257,2.95,54.37%,54.37%,-0.174979,"14:21 ET"
IONQ,40.86,2026-09-25,4,Call,41.50,-1.77%,0.97,0.97,1.01,759,257,2.95,71.48%,77.93%,0.425847,"15:00 ET"
KSS,17.61,2026-09-25,4,Call,18.00,-2.16%,0.24,0.27,0.3,1033,350,2.95,54.79%,55.83%,0.385518,"14:28 ET"
RGTI,16.45,2026-09-25,4,Put,16.50,+0.55%,0.56,0.56,0.58,644,219,2.94,72.96%,77.44%,-0.506196,"14:57 ET"
AMAT,464.64,2026-10-16,25,Call,700.00,-50.94%,0.24,0.38,0.6,720,245,2.94,55.39%,68.61%,0.014987,"13:53 ET"
CBRS,208.78,2026-09-25,4,Call,230.00,-10.83%,1.1,1.25,1.5,938,319,2.94,74.70%,85.09%,0.142412,"14:48 ET"
TSLA,376.05,2026-09-25,4,Put,365.00,-2.41%,2.72,2.73,2.76,5531,1883,2.94,42.13%,44.09%,-0.256668,"15:04 ET"
NBIS,236.3,2026-10-02,11,Call,250.00,-5.51%,8,8.24,8.4,2789,951,2.93,84.66%,84.24%,0.372975,"15:00 ET"
META,744.73,2026-09-25,4,Put,675.00,-9.70%,1.32,1.36,1.37,4875,1665,2.93,46.06%,62.97%,-0.061652,"14:59 ET"
AAOI,108.58,2026-10-02,11,Call,110.00,-2.24%,6.2,6.41,6.7,1175,401,2.93,92.37%,94.17%,0.502029,"14:58 ET"
CRML,8.88,2026-09-25,4,Call,8.50,+5.03%,0.55,0.7,0.8,1632,558,2.92,115.80%,145.47%,0.613277,"14:49 ET"
GOOGL,355.43,2026-10-09,18,Call,355.00,-0.14%,10,10.2,10.2,6862,2354,2.92,32.22%,31.73%,0.518324,"15:00 ET"
AMD,609.41,2026-09-25,4,Call,650.00,-6.93%,4.35,4.4,4.5,6265,2152,2.91,56.69%,64.43%,0.198492,"15:00 ET"
META,744.73,2026-09-25,4,Put,657.50,-12.04%,0.59,0.66,0.71,535,184,2.91,46.06%,65.85%,-0.03162,"14:40 ET"
TSLA,376.05,2026-10-23,32,Call,375.00,-0.26%,20.9,21.3,21.3,1538,529,2.91,42.13%,45.57%,0.541539,"14:56 ET"
INTC,121.33,2027-02-19,151,Put,110.00,-9.17%,13.95,14,14.2,531,183,2.9,70.53%,67.78%,-0.318971,"13:17 ET"
META,744.73,2026-09-23,2,Put,667.50,-10.70%,0.11,0.15,0.17,566,195,2.9,46.06%,65.88%,-0.011059,"15:00 ET"
PBI,16.52,2026-10-16,25,Call,17.00,-2.53%,0.4,0.45,0.65,837,289,2.9,43.29%,40.30%,0.431545,"14:59 ET"
RDDT,158.95,2026-09-25,4,Call,167.50,-5.27%,1.39,1.45,1.5,912,314,2.9,61.22%,65.14%,0.235276,"14:57 ET"
NVDA,228.41,2026-09-28,7,Put,207.50,-8.73%,0.2,0.22,0.22,1157,399,2.9,32.79%,39.31%,-0.040983,"14:44 ET"
NVDA,228.41,2026-10-02,11,Call,242.50,-6.66%,0.88,0.91,0.9,1865,644,2.9,32.79%,32.36%,0.139945,"14:58 ET"
COIN,202.32,2026-09-25,4,Call,225.00,-10.76%,1.14,1.16,1.22,2227,769,2.9,67.97%,86.46%,0.132899,"14:58 ET"
GEHC,64.82,2026-09-25,4,Call,65.00,-0.29%,0.75,0.64,0.9,500,173,2.89,31.74%,31.98%,0.490941,"13:35 ET"
HESM,39.87,2026-11-20,60,Call,43.00,-7.82%,0.3,0.25,0.55,515,178,2.89,21.50%,23.64%,0.206969,"14:32 ET"
RXT,4.03,2026-09-25,4,Call,0.50,+87.53%,3.3,3.43,3.6,1105,383,2.89,101.37%,974.37%,0.99471,"13:19 ET"
ORCL,148.74,2026-09-25,4,Put,149.00,+0.72%,3.5,3.55,3.7,1253,433,2.89,50.24%,53.80%,-0.512999,"14:57 ET"
SPCX,152.8,2027-06-17,269,Call,230.00,-51.31%,10.05,10.3,10.4,14223,4943,2.88,51.69%,55.17%,0.284592,"14:56 ET"
AMAT,464.64,2026-09-25,4,Call,465.00,-0.27%,10.95,10.84,11.3,614,213,2.88,55.39%,55.64%,0.520887,"15:00 ET"
A,161.69,2026-10-16,25,Call,165.00,-1.56%,3.5,3.9,4.1,1386,481,2.88,31.67%,30.20%,0.424716,"14:59 ET"
ANET,205.68,2028-01-21,487,Put,160.00,-22.18%,21.65,22.17,22.8,803,280,2.87,50.35%,54.10%,-0.218372,"14:26 ET"
SMCI,41.12,2026-09-25,4,Call,43.50,-5.81%,0.56,0.57,0.58,844,295,2.86,75.07%,82.40%,0.273186,"14:56 ET"
VKTX,28.44,2026-09-25,4,Put,27.00,-5.76%,1.06,1.24,1.25,933,326,2.86,127.95%,156.79%,-0.338799,"14:41 ET"
RKLB,69.56,2026-10-23,32,Put,55.00,-20.73%,0.73,0.77,0.9,1524,532,2.86,71.51%,69.74%,-0.108205,"14:59 ET"
AAPL,338.77,2026-09-25,4,Put,337.50,-0.37%,2.86,2.92,2.97,2073,726,2.86,23.84%,24.54%,-0.442228,"15:00 ET"
AAL,13.45,2026-09-25,4,Call,13.50,+0.07%,0.23,0.24,0.25,13169,4608,2.86,48.93%,47.11%,0.478783,"14:53 ET"
MSFT,498.39,2026-09-23,2,Put,485.00,-2.59%,0.45,0.52,0.55,896,314,2.85,27.02%,28.12%,-0.100843,"14:59 ET"
PDSB,0.8466,2027-05-21,242,Call,2.5000,-197.62%,0.1,0.31,0.45,1000,351,2.85,198.55%,189.50%,0.534208,"10:29 ET"
ANET,205.68,2026-09-25,4,Call,220.00,-7.00%,0.73,0.81,0.9,1261,442,2.85,50.35%,56.99%,0.134968,"14:57 ET"
NOK,10.98,2026-10-23,32,Call,13.00,-18.61%,0.3,0.3,0.31,1644,576,2.85,60.65%,71.44%,0.245289,"14:35 ET"
META,744.73,2026-10-02,11,Call,750.00,-0.33%,24.9,25.5,25.6,2228,782,2.85,46.06%,52.54%,0.495062,"14:59 ET"
GOOGL,355.43,2026-09-23,2,Call,347.50,+1.98%,8.25,8.73,8.65,672,237,2.84,32.22%,36.39%,0.782226,"14:31 ET"
TSCO,32.42,2027-01-15,116,Call,35.00,-8.09%,1.7,1.85,1.95,3288,1159,2.84,37.79%,38.88%,0.404089,"14:06 ET"
GOOG,351.71,2026-09-25,4,Call,352.50,-0.50%,4.3,4.37,4.45,4157,1463,2.84,32.03%,34.08%,0.465344,"15:00 ET"
CRWV,86.84,2026-09-25,4,Call,90.00,-3.69%,1.7,1.71,1.73,15862,5614,2.83,76.28%,80.28%,0.360529,"15:00 ET"
TSM,443.67,2026-09-25,4,Call,447.50,-1.01%,4.3,4.45,4.45,658,233,2.82,33.83%,32.33%,0.411525,"15:00 ET"
NB,3.71,2026-09-25,4,Call,0.50,+86.49%,3.1,3.23,3.4,1798,637,2.82,85.35%,"1,200.75%",0.986939,"14:31 ET"
NFLX,73.57,2027-09-17,361,Call,70.00,+4.48%,14.65,14.64,15.2,629,224,2.81,34.76%,41.37%,0.664468,"14:27 ET"
CRWD,249.34,2026-09-25,4,Call,275.00,-10.67%,0.48,0.53,0.55,1801,641,2.81,54.37%,61.95%,0.073144,"14:56 ET"
QBTS,17.78,2026-09-25,4,Call,17.50,+1.41%,0.66,0.71,0.69,2051,729,2.81,73.73%,74.58%,0.583711,"14:56 ET"
GFL,42.45,2026-11-20,60,Call,45.00,-5.93%,2.35,2.4,3.1,15683,5582,2.81,53.43%,53.47%,0.446436,"14:00 ET"
ORCL,148.74,2026-09-25,4,Call,155.00,-4.78%,1.2,1.2,1.25,18787,6677,2.81,50.24%,56.42%,0.243132,"14:59 ET"
META,744.73,2026-10-16,25,Call,770.00,-3.01%,26.9,27.03,27.05,10035,3588,2.8,46.06%,47.28%,0.427277,"15:00 ET"
ABVX,103.4,2026-10-09,18,Call,120.00,-15.83%,2,2.35,3.8,1400,500,2.8,74.94%,88.99%,0.258954,"14:56 ET"
MRVL,259.21,2026-09-25,4,Call,310.00,-19.88%,0.2,0.22,0.24,1152,413,2.79,70.41%,85.86%,0.025671,"14:25 ET"
PBR,20.75,2026-10-02,11,Call,22.50,-8.28%,0.09,0.12,0.13,2148,770,2.79,48.22%,42.36%,0.144871,"12:04 ET"
DELL,580.66,2026-09-25,4,Call,575.00,+0.94%,18.6,18.95,18.95,2511,899,2.79,61.27%,66.54%,0.565176,"14:58 ET"
AMD,609.41,2026-09-25,4,Put,547.50,-9.93%,0.94,0.98,1,609,219,2.78,56.69%,67.37%,-0.051985,"15:00 ET"
KSS,17.61,2026-12-18,88,Call,19.00,-7.83%,1.55,1.5,1.72,2231,802,2.78,54.79%,62.52%,0.466537,"11:10 ET"
JPM,352.2,2026-09-25,4,Put,342.50,-2.83%,0.63,0.72,0.72,1082,391,2.77,25.60%,26.19%,-0.136196,"14:54 ET"
SNDK,1764.65,2026-09-25,4,Put,"1,600.00",-8.73%,6.8,6.96,7,2348,848,2.77,73.55%,75.95%,-0.100342,"15:00 ET"
SPCX,152.8,2026-10-02,11,Call,190.00,-24.99%,0.19,0.2,0.21,3561,1290,2.76,51.69%,65.50%,0.030839,"14:56 ET"
RIG,5.52,2026-09-25,4,Call,5.50,+0.18%,0.12,0.13,0.15,732,265,2.76,49.35%,55.06%,0.532193,"14:58 ET"
INTC,121.33,2026-10-30,39,Put,100.00,-17.42%,3.1,3.25,3.2,992,359,2.76,70.53%,74.52%,-0.175752,"14:49 ET"
PATH,13.6,2026-10-02,11,Call,15.00,-10.62%,0.15,0.16,0.17,1140,413,2.76,57.78%,62.89%,0.202426,"14:53 ET"
NRG,102.65,2026-12-18,88,Call,130.00,-26.93%,2.5,2.6,2.7,600,218,2.75,48.85%,50.04%,0.20496,"14:39 ET"
TSLA,376.05,2026-09-23,2,Put,345.00,-7.76%,0.11,0.13,0.12,1265,460,2.75,42.13%,56.49%,-0.019685,"15:02 ET"
GOOG,351.71,2026-09-25,4,Put,350.00,-0.21%,4.15,4.29,4.3,1389,506,2.75,32.03%,32.71%,-0.454666,"14:58 ET"
SNDK,1764.65,2026-09-25,4,Call,"2,050.00",-16.93%,4.3,4.5,4.7,675,246,2.74,73.55%,90.77%,0.06388,"15:00 ET"
ASTS,61.94,2026-09-25,4,Call,62.00,-0.36%,1.79,1.91,1.87,1956,714,2.74,74.97%,76.48%,0.492163,"14:59 ET"
SNDK,1764.65,2026-09-25,4,Put,"1,700.00",-3.03%,25.7,26.14,26.3,2865,1049,2.73,73.55%,72.51%,-0.295403,"15:00 ET"
IMPP,5.71,2027-04-16,207,Call,6.00,-4.35%,0.7,0.9,0.9,4362,1600,2.73,49.58%,50.67%,0.547854,"14:58 ET"
MSFT,498.39,2026-09-25,4,Call,500.00,-0.42%,4.9,5.02,5.15,9391,3442,2.73,27.02%,28.58%,0.453618,"14:59 ET"
MSFT,498.39,2026-09-25,4,Call,495.00,+0.58%,7.5,7.65,7.65,5851,2153,2.72,27.02%,28.63%,0.586712,"14:59 ET"
AXTI,79.42,2026-09-25,4,Put,70.00,-11.14%,0.7,0.95,0.9,514,189,2.72,112.91%,122.83%,-0.143831,"14:35 ET"
HIMX,14.48,2026-10-16,25,Put,13.00,-10.22%,0.25,0.33,0.35,530,195,2.72,64.97%,57.65%,-0.221606,"12:49 ET"
MSTR,166.13,2026-10-02,11,Call,220.00,-32.18%,0.67,0.7,0.73,768,282,2.72,75.05%,97.72%,0.061059,"14:51 ET"
COIN,202.32,2026-09-25,4,Call,232.50,-14.45%,0.63,0.68,0.74,872,321,2.72,67.97%,90.96%,0.081122,"14:54 ET"
MU,1046.84,2026-09-23,2,Put,990.00,-5.09%,2.53,2.55,2.6,1171,431,2.72,63.16%,63.78%,-0.105959,"15:00 ET"
NBIS,236.3,2026-09-25,4,Call,265.00,-11.84%,1.41,1.45,1.5,793,293,2.71,84.66%,94.89%,0.129546,"14:58 ET"
RBLX,50.93,2026-09-25,4,Call,55.00,-7.80%,0.24,0.27,0.32,1028,380,2.71,62.20%,68.06%,0.152863,"14:48 ET"
INTC,121.33,2026-10-16,25,Put,130.00,+7.35%,13.85,14.1,14,2963,1093,2.71,70.53%,69.99%,-0.607637,"14:53 ET"
SMCI,41.12,2026-10-02,11,Call,50.00,-21.62%,0.25,0.25,0.26,5859,2164,2.71,75.07%,82.00%,0.097846,"15:00 ET"
NVDA,228.41,2026-10-02,11,Call,222.50,+2.13%,8.3,8.46,8.4,3350,1243,2.7,32.79%,33.67%,0.668651,"14:58 ET"
EOSE,4.09,2026-10-16,25,Call,5.50,-35.80%,0.09,0.1,0.11,4757,1759,2.7,105.10%,109.59%,0.180073,"14:25 ET"
SNDK,1764.65,2026-09-25,4,Call,"1,805.00",-2.96%,41.3,41,42,532,197,2.7,73.55%,79.44%,0.411974,"14:59 ET"
INTC,121.33,2026-09-30,9,Call,120.00,+0.91%,5.95,6,6.1,830,307,2.7,70.53%,69.27%,0.567379,"14:56 ET"
AMD,609.41,2026-09-25,4,Put,545.00,-10.34%,0.84,0.88,0.91,2002,741,2.7,56.69%,68.10%,-0.047125,"15:00 ET"
AAPL,338.77,2026-10-02,11,Call,355.00,-4.80%,0.78,0.8,0.83,4693,1750,2.68,23.84%,22.74%,0.123642,"14:59 ET"
SMR,8.91,2026-10-16,25,Call,11.00,-24.43%,0.18,0.18,0.2,5356,1996,2.68,78.97%,84.40%,0.194056,"15:00 ET"
PLTR,181.8,2026-09-25,4,Call,192.50,-6.04%,0.71,0.73,0.73,5767,2149,2.68,50.13%,51.52%,0.146241,"14:58 ET"
MOS,24.13,2026-09-25,4,Put,23.50,-3.01%,0.25,0.25,0.4,503,188,2.68,48.86%,57.07%,-0.331817,"14:31 ET"
C,135.5,2026-09-25,4,Put,133.00,-1.89%,0.73,0.81,0.8,586,219,2.68,31.86%,32.05%,-0.270057,"14:36 ET"
MRVL,259.21,2026-09-25,4,Call,257.50,+0.42%,8.6,8.6,9,781,291,2.68,70.41%,73.77%,0.548092,"14:53 ET"
BE,275.25,2026-09-25,4,Call,272.50,+0.59%,11.15,11.45,11.4,820,306,2.68,80.90%,87.77%,0.556365,"14:54 ET"
BMNR,27.94,2026-09-25,4,Call,30.50,-9.32%,0.28,0.28,0.3,1222,456,2.68,79.84%,92.27%,0.200797,"14:54 ET"
APLD,28.8,2026-10-09,18,Call,37.00,-28.56%,0.35,0.42,0.41,518,194,2.67,90.62%,93.64%,0.136779,"14:58 ET"
NBIS,236.3,2026-09-25,4,Put,222.50,-6.10%,3.4,3.4,3.9,566,212,2.67,84.66%,91.13%,-0.256905,"14:55 ET"
AMD,609.41,2026-09-25,4,Call,632.50,-4.05%,8.2,8.2,8.4,575,215,2.67,56.69%,63.08%,0.325171,"15:00 ET"
BE,275.25,2026-10-02,11,Put,220.00,-19.74%,0.93,0.95,1.06,1048,392,2.67,80.90%,84.40%,-0.054995,"14:59 ET"
NFLX,73.57,2026-09-25,4,Put,73.00,-0.38%,0.73,0.75,0.76,6209,2336,2.66,34.76%,34.04%,-0.393572,"15:00 ET"
PEP,129.86,2026-09-25,4,Call,133.00,-2.58%,0.28,0.27,0.36,651,245,2.66,24.99%,24.07%,0.181764,"14:48 ET"
CCJ,93.64,2026-10-02,11,Call,100.00,-7.05%,0.95,1.01,1.1,765,288,2.66,47.22%,48.24%,0.233067,"14:45 ET"
AMD,609.41,2026-09-25,4,Call,625.00,-2.82%,10.55,10.45,10.8,1679,631,2.66,56.69%,62.55%,0.391474,"15:00 ET"
BMNR,27.94,2026-09-25,4,Call,31.00,-11.11%,0.22,0.22,0.23,2044,769,2.66,79.84%,93.97%,0.161784,"15:00 ET"
DOCS,26.57,2026-10-16,25,Call,27.50,-3.34%,0.8,0.89,0.9,507,191,2.65,53.39%,43.32%,0.414905,"13:38 ET"
RKLB,69.56,2026-09-25,4,Call,78.00,-12.42%,0.21,0.29,0.32,651,246,2.65,71.51%,83.69%,0.09625,"14:52 ET"
INTC,121.33,2026-09-28,7,Call,135.00,-11.48%,0.88,0.88,0.96,1045,395,2.65,70.53%,71.21%,0.153932,"14:55 ET"
META,744.73,2026-09-25,4,Call,850.00,-13.71%,1.04,1.08,1.12,1532,578,2.65,46.06%,73.11%,0.047025,"15:00 ET"
NBIS,236.3,2026-09-25,4,Put,230.00,-2.93%,6.1,6.3,6.35,1802,680,2.65,84.66%,90.47%,-0.379521,"14:59 ET"
AAPL,338.77,2026-10-02,11,Put,335.00,-1.11%,3.7,3.8,3.85,2688,1015,2.65,23.84%,23.53%,-0.382576,"14:56 ET"
META,744.73,2026-09-25,4,Put,660.00,-11.71%,0.67,0.69,0.72,2834,1069,2.65,46.06%,64.98%,-0.03393,"14:59 ET"
FISV,46.61,2026-09-25,4,Call,48.00,-3.23%,0.25,0.27,0.35,758,287,2.64,41.12%,40.86%,0.255766,"14:28 ET"
PBR,20.75,2026-09-25,4,Put,20.50,-1.35%,0.21,0.24,0.23,1074,407,2.64,48.22%,38.47%,-0.372659,"13:26 ET"
AMZN,258.67,2026-10-02,11,Call,257.50,+0.29%,6.2,6.31,6.4,763,290,2.63,32.39%,30.76%,0.555124,"14:55 ET"
IOVA,10.13,2026-09-25,4,Call,11.00,-7.84%,0.1,0.1,0.15,1326,504,2.63,88.68%,98.82%,0.21933,"14:59 ET"
AMD,609.41,2026-10-02,11,Put,500.00,-17.74%,0.92,1,1,2324,885,2.63,56.69%,66.02%,-0.033369,"14:59 ET"
VZ,47.9,2026-10-23,32,Call,50.00,-4.43%,0.41,0.5,0.53,511,195,2.62,23.90%,22.10%,0.257321,"14:49 ET"
WBI,30.09,2026-10-16,25,Put,30.00,-0.66%,1.05,1.05,1.15,800,307,2.61,43.11%,38.03%,-0.455708,"15:03 ET"
HOOD,124.73,2026-09-25,4,Call,131.00,-4.88%,1.46,1.49,1.49,950,364,2.61,64.05%,72.87%,0.265318,"14:59 ET"
META,744.73,2026-09-21,0,Call,687.50,+8.03%,57.7,59.47,59.7,1155,443,2.61,46.06%,97.15%,0.948035,"14:49 ET"
ARM,320.83,2026-09-25,4,Call,315.00,+2.02%,15.2,15,15.65,1068,410,2.6,77.86%,90.09%,0.602589,"15:00 ET"
AVGO,362.83,2026-09-23,2,Put,350.00,-3.28%,0.57,0.6,0.62,1594,612,2.6,37.71%,40.72%,-0.110983,"14:56 ET"
NFLX,73.57,2026-10-02,11,Call,73.00,+0.38%,2.01,2.05,2.07,2188,841,2.6,34.76%,32.69%,0.579327,"15:00 ET"
CAVA,51.57,2026-09-25,4,Call,54.00,-4.23%,0.43,0.5,0.59,533,206,2.59,57.24%,62.04%,0.259897,"14:57 ET"
AAOI,108.58,2026-09-25,4,Call,135.00,-25.48%,0.15,0.19,0.2,1029,397,2.59,92.37%,112.10%,0.03601,"14:14 ET"
PL,17.08,2026-10-02,11,Call,19.00,-11.76%,0.15,0.17,0.2,1248,482,2.59,67.37%,63.76%,0.179849,"14:15 ET"
LZ,5.97,2027-01-15,116,Call,7.00,-18.04%,0.35,0.4,0.55,1571,607,2.59,56.37%,58.59%,0.387867,"12:01 ET"
GOOGL,355.43,2026-09-23,2,Call,367.50,-3.66%,0.4,0.4,0.43,855,331,2.58,32.22%,36.00%,0.09474,"15:00 ET"
MSTR,166.13,2026-10-02,11,Call,195.00,-17.16%,2.11,2.16,2.23,1115,433,2.58,75.05%,87.62%,0.17113,"14:58 ET"
NBIS,236.3,2026-10-09,18,Put,225.00,-5.04%,11.2,11.73,12.05,1172,455,2.58,84.66%,81.28%,-0.361464,"14:59 ET"
SHOP,135.8,2026-09-25,4,Call,150.00,-10.86%,0.4,0.44,0.48,1720,667,2.58,53.44%,68.96%,0.09776,"14:59 ET"
INTC,121.33,2026-10-09,18,Call,125.00,-3.22%,6.1,6.1,6.2,2005,777,2.58,70.53%,70.90%,0.461759,"14:54 ET"
ARM,320.83,2026-11-20,60,Call,550.00,-71.07%,4.9,5.3,5.6,670,261,2.57,77.86%,91.55%,0.106289,"14:34 ET"
MU,1046.84,2026-09-28,7,Call,"1,200.00",-15.04%,1.91,1.99,2.08,1154,449,2.57,63.16%,59.38%,0.056018,"15:00 ET"
GME,22.99,2026-10-09,18,Call,30.00,-30.83%,0.21,0.24,0.27,2853,1112,2.57,46.42%,92.34%,0.113839,"14:57 ET"
AVGO,362.83,2026-09-21,0,Call,355.00,+1.90%,7.35,7.45,8.05,3749,1457,2.57,37.71%,17.26%,0.993206,"14:59 ET"
AAPL,338.77,2026-09-21,0,Call,332.50,+1.85%,5.95,6,6.6,4043,1573,2.57,23.84%,26.22%,0.909335,"14:48 ET"
RIVN,15.54,2026-09-25,4,Call,16.00,-3.69%,0.18,0.19,0.2,13428,5215,2.57,57.78%,60.36%,0.312004,"14:59 ET"
REI,1.39,2027-01-15,116,Call,1.5000,-7.53%,0.1,0.15,0.2,17200,6685,2.57,59.04%,59.89%,0.491791,"14:32 ET"
GOOGL,355.43,2026-12-18,88,Call,240.00,+32.30%,117.3,117.6,119.7,2600,1014,2.56,32.22%,52.14%,0.953561,"09:39 ET"
ET,20.86,2026-10-02,11,Call,20.50,+1.68%,0.47,0.52,0.56,581,227,2.56,19.27%,22.07%,0.67455,"14:33 ET"
WES,46.95,2026-11-20,60,Call,50.00,-6.52%,0.5,0.5,0.65,1403,549,2.56,22.48%,22.56%,0.238613,"14:32 ET"
LITE,964.29,2026-09-25,4,Call,"1,050.00",-9.65%,7.5,7.5,7.8,578,227,2.55,73.97%,81.99%,0.177512,"14:59 ET"
META,744.73,2026-10-02,11,Put,615.00,-17.73%,0.57,0.63,0.66,802,314,2.55,46.06%,56.54%,-0.021876,"14:59 ET"
SMCI,41.12,2026-09-25,4,Call,41.50,-0.95%,1.18,1.18,1.24,3826,1505,2.54,75.07%,80.14%,0.475466,"15:00 ET"
BA,201.14,2026-09-25,4,Call,205.00,-1.99%,1.42,1.46,1.48,6605,2601,2.54,31.26%,34.70%,0.31347,"14:58 ET"
SPCX,152.8,2027-06-17,269,Put,120.00,-21.06%,11.15,11.4,11.65,16054,6314,2.54,51.69%,55.67%,-0.214872,"14:31 ET"
TSM,443.67,2026-09-25,4,Put,435.00,-1.81%,2.48,2.5,2.56,513,202,2.54,33.83%,32.30%,-0.269915,"15:03 ET"
ZETA,30.75,2026-09-25,4,Call,32.00,-4.30%,0.35,0.4,0.42,792,313,2.53,64.40%,67.12%,0.293697,"14:28 ET"
NVDA,228.41,2026-10-30,39,Put,220.00,-3.23%,5.85,5.9,5.95,1011,400,2.53,32.79%,32.58%,-0.344169,"14:58 ET"
CRCL,93.92,2026-09-25,4,Call,110.00,-16.92%,0.3,0.34,0.34,1658,655,2.53,76.63%,100.21%,0.075343,"14:52 ET"
AAL,13.45,2026-10-02,11,Call,13.50,+0.07%,0.38,0.39,0.41,6978,2766,2.52,48.93%,45.00%,0.496315,"14:58 ET"
HPQ,33,2026-09-25,4,Put,33.00,+0.12%,0.77,0.71,0.87,891,353,2.52,50.40%,52.31%,-0.532042,"14:20 ET"
QXO,12.28,2026-11-20,60,Call,11.00,+10.13%,1.85,1.85,2.1,1158,460,2.52,62.41%,62.10%,0.724236,"14:10 ET"
INTC,121.33,2026-10-02,11,Call,121.00,+0.08%,6.2,6,6.3,1520,602,2.52,70.53%,71.30%,0.538857,"14:51 ET"
NOK,10.98,2026-10-02,11,Call,10.50,+4.20%,0.72,0.72,0.73,2080,825,2.52,60.65%,60.59%,0.681202,"14:58 ET"
AAPL,338.77,2026-09-28,7,Call,337.50,+0.37%,4.65,4.7,4.85,642,256,2.51,23.84%,21.89%,0.555073,"14:58 ET"
AAPL,338.77,2026-11-20,60,Put,340.00,+0.37%,13.7,13.85,14.05,1491,593,2.51,23.84%,25.50%,-0.48077,"14:41 ET"
CRM,237.45,2026-09-25,4,Call,240.00,-1.16%,2.89,2.98,3,2115,843,2.51,39.36%,40.29%,0.415359,"14:58 ET"
BMNR,27.94,2026-09-25,4,Call,28.50,-2.15%,0.8,0.8,0.81,3230,1289,2.51,79.84%,88.03%,0.441284,"15:00 ET"
AAL,13.45,2026-09-25,4,Call,13.00,+3.77%,0.53,0.57,0.59,7036,2818,2.5,48.93%,50.85%,0.746373,"14:44 ET"
CORZ,18.6,2026-12-18,88,Call,25.00,-34.99%,0.99,1,1,12619,5039,2.5,73.45%,75.19%,0.279027,"15:00 ET"
LYFT,15.24,2027-09-17,361,Call,27.00,-76.70%,0.77,0.84,0.9,765,306,2.5,47.20%,52.91%,0.227153,"12:02 ET"
IREN,48.53,2026-10-30,39,Call,60.00,-23.63%,1.9,2,2.1,1048,419,2.5,84.82%,86.24%,0.2733,"14:58 ET"
WBD,30.8,2026-10-09,18,Call,30.00,+2.66%,0.63,0.91,0.94,1193,477,2.5,24.58%,12.00%,0.855978,"15:00 ET"
RIOT,24.5,2026-10-02,11,Put,21.00,-14.60%,0.21,0.22,0.24,523,210,2.49,81.77%,82.43%,-0.121862,"14:41 ET"
APP,331.49,2026-09-25,4,Call,375.00,-13.31%,0.4,0.4,0.5,732,294,2.49,60.73%,66.92%,0.04773,"14:59 ET"
CE,45.06,2027-01-15,116,Call,55.00,-21.55%,2,2.07,2.2,821,330,2.49,48.18%,50.23%,0.299137,"14:59 ET"
CSCO,111.1,2026-09-25,4,Call,114.00,-3.30%,0.44,0.52,0.55,1664,667,2.49,32.23%,34.00%,0.221912,"14:54 ET"
MSTR,166.13,2026-10-16,25,Call,230.00,-38.19%,1.73,1.73,1.8,1859,748,2.49,75.05%,88.99%,0.104504,"14:31 ET"
PAGP,27.4,2026-11-20,60,Call,29.00,-5.92%,0.25,0.3,0.3,2773,1113,2.49,19.80%,19.08%,0.231308,"14:32 ET"
CRCL,93.92,2026-09-25,4,Call,95.00,-0.98%,2.86,2.9,3,4445,1785,2.49,76.63%,85.33%,0.474716,"14:53 ET"
MU,1046.84,2026-09-25,4,Call,"1,115.00",-6.89%,6.7,6.9,7,614,248,2.48,63.16%,62.96%,0.18653,"15:00 ET"
META,744.73,2026-09-25,4,Call,697.50,+6.69%,50.4,51.5,54.5,676,273,2.48,46.06%,65.79%,0.841867,"14:54 ET"
HBAN,16.03,2026-10-16,25,Call,16.00,+0.31%,0.4,0.43,0.5,899,363,2.48,25.66%,25.64%,0.528465,"14:53 ET"
SNDK,1764.65,2026-09-25,4,Call,"1,950.00",-11.23%,11.2,11.1,11.5,2055,827,2.48,73.55%,85.87%,0.144813,"15:00 ET"
NBIS,236.3,2026-09-25,4,Put,215.00,-9.26%,1.88,1.96,2,2336,942,2.48,84.66%,91.62%,-0.156845,"14:59 ET"
JPM,352.2,2026-09-25,4,Put,347.50,-1.41%,1.52,1.85,1.68,544,220,2.47,25.60%,25.06%,-0.276578,"14:25 ET"
BMNR,27.94,2026-10-02,11,Call,28.50,-2.15%,1.29,1.28,1.38,570,231,2.47,79.84%,80.16%,0.47847,"14:20 ET"
MRVL,259.21,2026-10-02,11,Call,280.00,-8.28%,5.05,5.2,5.25,1004,406,2.47,70.41%,69.45%,0.282177,"15:00 ET"
AAPL,338.77,2026-09-25,4,Call,322.50,+4.80%,16.4,16.07,16.8,1133,459,2.47,23.84%,33.58%,0.920635,"14:10 ET"
QCOM,193.76,2026-09-25,4,Call,197.50,-2.33%,3.35,3.5,3.55,1548,626,2.47,53.50%,62.77%,0.396457,"14:59 ET"
AVGO,362.83,2026-09-25,4,Call,367.50,-1.56%,3.85,3.89,3.95,1558,631,2.47,37.71%,38.49%,0.388093,"15:00 ET"
SLS,11.4,2026-09-25,4,Call,13.00,-14.54%,0.15,0.15,0.2,1629,660,2.47,166.93%,141.23%,0.200011,"14:23 ET"
AMD,609.41,2026-09-25,4,Put,525.00,-13.63%,0.38,0.39,0.46,1702,689,2.47,56.69%,75.09%,-0.022743,"15:00 ET"
HPQ,33,2026-12-18,88,Put,30.00,-8.98%,1.97,2.04,2.1,2510,1018,2.47,50.40%,53.28%,-0.315778,"14:30 ET"
MU,1046.84,2026-09-25,4,Call,"1,050.00",-0.66%,25.9,26.05,26.2,9515,3851,2.47,63.16%,60.43%,0.507511,"15:00 ET"
AVGO,362.83,2026-09-25,4,Call,370.00,-2.25%,3.1,3.08,3.15,6995,2845,2.46,37.71%,39.07%,0.328045,"15:00 ET"
TSLA,376.05,2026-09-25,4,Call,395.00,-5.61%,1.43,1.4,1.46,8041,3266,2.46,42.13%,46.01%,0.156014,"15:03 ET"
TSLA,376.05,2026-09-25,4,Call,390.00,-4.27%,2.23,2.26,2.26,13272,5388,2.46,42.13%,45.26%,0.22378,"15:04 ET"
AXTI,79.42,2026-09-25,4,Call,85.00,-7.90%,1.8,2.15,2.2,578,235,2.46,112.91%,121.03%,0.32452,"15:00 ET"
AMD,609.41,2026-09-25,4,Call,685.00,-12.69%,1.07,0.97,1.1,786,320,2.46,56.69%,67.21%,0.060033,"14:59 ET"
MSTR,166.13,2026-09-25,4,Put,136.00,-18.29%,0.11,0.12,0.12,859,349,2.46,75.05%,95.40%,-0.018374,"14:57 ET"
NRG,102.65,2026-12-18,88,Put,90.00,-12.13%,3.8,3.95,4.1,944,383,2.46,48.85%,48.04%,-0.243831,"14:32 ET"
XOM,159.38,2026-09-25,4,Call,160.00,-0.64%,1.74,1.8,1.86,1008,410,2.46,29.16%,31.72%,0.456817,"15:00 ET"
PLTR,181.8,2026-09-25,4,Put,182.50,+0.53%,4.2,4.35,4.35,1589,645,2.46,50.13%,50.14%,-0.527237,"14:59 ET"
NBIS,236.3,2026-10-02,11,Call,230.00,+2.93%,16.45,16.51,16.85,1431,585,2.45,84.66%,83.85%,0.597448,"15:00 ET"
QCOM,193.76,2026-10-02,11,Call,200.00,-3.62%,4.9,5,5.1,2768,1134,2.44,53.50%,56.67%,0.392424,"14:59 ET"
AAPL,338.77,2026-09-23,2,Call,342.50,-1.11%,0.94,0.97,1.01,13586,5570,2.44,23.84%,24.29%,0.26561,"14:58 ET"
ORCL,148.74,2026-09-25,4,Put,134.00,-9.42%,0.14,0.15,0.16,771,316,2.44,50.24%,57.29%,-0.040697,"14:30 ET"
INTC,121.33,2026-09-23,2,Call,116.00,+4.21%,6.15,5.95,6.3,1562,639,2.44,70.53%,76.13%,0.800029,"14:53 ET"
FORM,120.15,2026-10-16,25,Call,180.00,-50.28%,0.1,0.15,0.35,604,249,2.43,74.42%,75.63%,0.026545,"11:41 ET"
F,13.22,2026-10-30,39,Put,13.00,-1.74%,0.5,0.53,0.53,663,273,2.43,34.24%,36.18%,-0.419969,"14:48 ET"
NET,348.86,2026-09-25,4,Call,355.00,-2.08%,7.35,7.5,7.7,902,371,2.43,62.00%,69.05%,0.424483,"14:58 ET"
MU,1046.84,2026-09-23,2,Call,"1,025.00",+1.74%,32.65,33,33.5,915,377,2.43,63.16%,61.15%,0.702931,"15:00 ET"
PGY,21.13,2026-10-16,25,Put,19.00,-10.08%,0.4,0.5,0.6,1067,439,2.43,64.25%,62.98%,-0.227821,"14:40 ET"
AVGO,362.83,2026-09-25,4,Call,357.50,+1.20%,8.85,8.9,9,1199,493,2.43,37.71%,38.23%,0.656472,"14:57 ET"
GOOG,351.71,2026-09-25,4,Call,357.50,-1.92%,2.46,2.66,2.51,2817,1159,2.43,32.03%,33.96%,0.314314,"14:53 ET"
DELL,580.66,2026-09-25,4,Call,600.00,-3.37%,8.15,8.39,8.45,4861,2003,2.43,61.27%,66.28%,0.326712,"15:00 ET"
AMZN,258.67,2026-09-23,2,Call,245.00,+5.13%,13.5,13.81,14.1,501,207,2.42,32.39%,24.02%,0.999006,"14:54 ET"
FUTU,114.72,2026-09-25,4,Call,122.00,-6.61%,0.31,0.49,0.64,680,281,2.42,46.84%,53.82%,0.146169,"14:24 ET"
TEM,78.51,2026-09-25,4,Call,85.00,-8.10%,0.82,0.82,0.98,842,348,2.42,77.56%,92.35%,0.217385,"15:01 ET"
JPM,352.2,2026-11-20,60,Put,325.00,-7.79%,4.15,4.51,4.55,1362,563,2.42,25.60%,26.32%,-0.19752,"14:11 ET"
PL,17.08,2026-09-25,4,Call,18.00,-5.88%,0.15,0.18,0.2,722,299,2.41,67.37%,70.61%,0.243428,"14:54 ET"
MU,1046.84,2026-09-25,4,Call,"1,065.00",-2.10%,19.4,19.55,19.8,831,345,2.41,63.16%,60.70%,0.419079,"15:00 ET"
NVDA,228.41,2026-09-30,9,Call,222.50,+2.13%,7.6,7.7,7.75,1061,441,2.41,32.79%,32.15%,0.688999,"14:45 ET"
VKTX,28.44,2026-10-16,25,Call,50.00,-74.52%,0.35,0.58,0.71,2132,883,2.41,127.95%,151.62%,0.112918,"14:35 ET"
AMD,609.41,2026-09-25,4,Call,610.00,-0.35%,16.9,17,17.15,3665,1518,2.41,56.69%,61.68%,0.538231,"15:00 ET"
NVDA,228.41,2026-09-23,2,Put,217.50,-4.33%,0.18,0.19,0.19,5959,2472,2.41,32.79%,40.52%,-0.061845,"15:00 ET"
MRVL,259.21,2026-09-25,4,Call,275.00,-6.35%,2.6,2.68,2.8,2790,1161,2.4,70.41%,74.81%,0.235939,"14:59 ET"
CRWV,86.84,2026-09-25,4,Call,87.00,-0.23%,2.91,2.91,2.94,3469,1446,2.4,76.28%,80.10%,0.518481,"15:00 ET"
ONON,27.28,2028-01-21,487,Call,37.50,-37.77%,3.25,3.52,3.6,4004,1669,2.4,46.89%,47.65%,0.418553,"14:29 ET"
NBIS,236.3,2026-09-25,4,Call,235.00,+0.82%,9.1,9.15,9.3,4136,1724,2.4,84.66%,89.89%,0.531954,"15:00 ET"
AMD,609.41,2026-09-25,4,Call,710.00,-16.80%,0.33,0.34,0.39,762,317,2.4,56.69%,69.04%,0.022363,"15:00 ET"
FIG,22.37,2026-09-25,4,Call,23.00,-3.00%,0.4,0.46,0.44,788,328,2.4,69.04%,73.10%,0.371343,"14:52 ET"
INTC,121.33,2026-09-25,4,Put,113.00,-6.69%,0.91,0.91,0.92,1092,455,2.4,70.53%,75.76%,-0.17107,"14:57 ET"
AMD,609.41,2026-09-25,4,Put,540.00,-11.16%,0.69,0.72,0.76,1672,696,2.4,56.69%,69.81%,-0.039179,"15:00 ET"
BNTX,98.68,2026-10-16,25,Call,105.00,-6.35%,1.8,2,2.55,1438,601,2.39,43.12%,45.62%,0.307258,"14:37 ET"
CBRS,208.78,2026-09-25,4,Call,220.00,-6.01%,2.65,3,3.1,1548,649,2.39,74.70%,81.54%,0.274522,"14:56 ET"
RDDT,158.95,2026-09-25,4,Call,165.00,-3.70%,2.02,2.02,2.13,2056,860,2.39,61.22%,65.28%,0.30861,"14:59 ET"
AMZN,258.67,2026-09-23,2,Call,255.00,+1.26%,4.7,4.8,4.9,7278,3046,2.39,32.39%,32.10%,0.737712,"14:59 ET"
WDC,446.76,2026-09-25,4,Call,470.00,-5.24%,5.1,6,5.9,589,247,2.38,67.54%,75.28%,0.267046,"14:59 ET"
TSLA,376.05,2026-10-02,11,Call,377.50,-0.93%,10.8,10.85,10.9,749,315,2.38,42.13%,44.35%,0.495497,"15:04 ET"
ACB,4.04,2026-10-16,25,Call,4.00,+0.50%,0.15,0.2,0.25,830,349,2.38,54.56%,41.37%,0.568009,"14:37 ET"
META,744.73,2026-10-02,11,Put,670.00,-10.37%,3.6,3.64,3.8,503,212,2.37,46.06%,52.22%,-0.109249,"15:00 ET"
PEP,129.86,2026-12-18,88,Call,135.00,-4.13%,3.8,3.85,4,888,374,2.37,24.99%,23.94%,0.387347,"15:00 ET"
VRT,252.63,2026-11-20,60,Call,280.00,-10.83%,15.85,15.65,16.55,4972,2094,2.37,57.81%,63.21%,0.402511,"14:04 ET"
NOK,10.98,2026-09-25,4,Call,11.50,-4.93%,0.12,0.13,0.13,21146,8944,2.36,60.65%,69.07%,0.267904,"14:59 ET"
MU,1046.84,2026-09-25,4,Put,985.00,-5.57%,5.55,5.65,5.75,728,308,2.36,63.16%,61.44%,-0.155626,"14:59 ET"
MU,1046.84,2026-09-23,2,Put,950.00,-8.93%,0.61,0.61,0.66,1194,507,2.36,63.16%,71.62%,-0.029052,"15:00 ET"
BMNR,27.94,2027-01-15,116,Put,29.00,+3.94%,5.35,5.41,5.45,1272,539,2.36,79.84%,79.55%,-0.435331,"14:50 ET"
WOOF,2.38,2026-12-18,88,Call,2.50,-5.04%,0.15,0.25,0.3,532,226,2.35,75.11%,57.17%,0.498788,"14:21 ET"
CRDO,186.78,2026-09-25,4,Put,175.00,-5.92%,1.6,1.75,1.8,657,280,2.35,72.04%,78.48%,-0.192405,"15:00 ET"
TSLA,376.05,2026-09-28,7,Call,385.00,-2.93%,4.3,4.47,4.4,1314,560,2.35,42.13%,38.55%,0.336826,"14:58 ET"
TSLA,376.05,2026-09-25,4,Put,380.00,+1.60%,9.1,9.2,9.3,2962,1262,2.35,42.13%,43.63%,-0.588309,"15:04 ET"
MU,1046.84,2026-09-28,7,Call,"1,100.00",-5.45%,12.2,12.5,12.85,3598,1529,2.35,63.16%,53.20%,0.273707,"15:00 ET"
AMZN,258.67,2026-09-23,2,Put,252.50,-2.23%,0.49,0.49,0.5,2831,1208,2.34,32.39%,32.66%,-0.150898,"15:00 ET"
QCOM,193.76,2026-09-25,4,Call,185.00,+4.15%,10.2,10.3,10.65,3700,1580,2.34,53.50%,61.88%,0.770942,"15:00 ET"
COUR,5.11,2027-01-15,116,Call,5.00,+2.34%,0.75,0.83,0.9,1000,427,2.34,62.37%,64.17%,0.613463,"11:42 ET"
NBIS,236.3,2026-09-25,4,Call,255.00,-7.62%,2.67,2.75,2.83,1390,593,2.34,84.66%,91.90%,0.221052,"14:57 ET"
TSLA,376.05,2026-09-21,0,Call,355.00,+5.09%,20.4,20.6,20.8,2237,958,2.34,42.13%,30.10%,0.999856,"14:50 ET"
QCOM,193.76,2026-10-02,11,Call,205.00,-6.21%,3.4,3.6,3.65,533,229,2.33,53.50%,57.30%,0.302544,"14:54 ET"
AAOI,108.58,2026-10-02,11,Call,120.00,-11.53%,2.9,3,3.2,663,285,2.33,92.37%,93.50%,0.297295,"14:47 ET"
CRWV,86.84,2026-09-25,4,Call,89.00,-2.53%,1.98,2,2.08,1856,797,2.33,76.28%,79.18%,0.409692,"15:00 ET"
USAR,16.9,2026-09-25,4,Put,15.50,-8.07%,0.12,0.13,0.14,1951,837,2.33,78.51%,84.33%,-0.159544,"14:43 ET"
META,744.73,2026-10-16,25,Call,"1,000.00",-33.78%,0.72,0.84,0.85,2012,864,2.33,46.06%,53.18%,0.021382,"14:54 ET"
MSTR,166.13,2026-10-02,11,Put,150.00,-9.88%,2.37,2.49,2.43,3041,1303,2.33,75.05%,74.99%,-0.189097,"14:59 ET"
QCOM,193.76,2026-09-25,4,Call,190.00,+1.56%,6.8,7.04,7.2,5883,2523,2.33,53.50%,61.53%,0.630014,"15:00 ET"
MU,1046.84,2026-10-16,25,Call,"1,300.00",-24.63%,12.25,12.3,12.5,7302,3128,2.33,63.16%,68.99%,0.138782,"15:00 ET"
AMD,609.41,2026-09-21,0,Call,582.50,+4.17%,27.7,23.6,30.15,661,285,2.32,56.69%,31.31%,0.998954,"13:27 ET"
NLY,21.34,2026-09-25,4,Call,21.50,-0.75%,0.12,0.12,0.15,1688,729,2.32,23.34%,22.24%,0.391256,"15:00 ET"
TSLA,376.05,2026-09-25,4,Put,367.50,-1.75%,3.4,3.45,3.5,1777,765,2.32,42.13%,43.85%,-0.305695,"15:04 ET"
CRDO,186.78,2026-11-20,60,Call,190.00,-2.14%,21.4,21.5,22.3,2115,912,2.32,72.04%,74.72%,0.549129,"14:58 ET"
SYK,273.71,2026-10-16,25,Call,280.00,-2.15%,5.6,5.7,6.5,548,237,2.31,31.01%,29.43%,0.413704,"14:56 ET"
CPNG,14.6,2026-09-25,4,Call,15.00,-2.74%,0.12,0.14,0.18,1277,554,2.31,47.11%,49.22%,0.316388,"14:04 ET"
AAPL,338.77,2026-09-25,4,Call,352.50,-4.06%,0.24,0.25,0.26,6521,2824,2.31,23.84%,25.05%,0.065116,"15:00 ET"
NVDA,228.41,2026-09-28,7,Call,222.50,+2.13%,6.95,7,7,2782,1210,2.3,32.79%,30.28%,0.719062,"14:58 ET"
META,744.73,2026-11-20,60,Put,700.00,-6.36%,34.15,34.85,34.7,766,333,2.3,46.06%,47.65%,-0.327955,"14:57 ET"
ATOM,4.39,2027-01-15,116,Call,20.00,-352.49%,0,0.1,0.15,1000,434,2.3,119.85%,139.45%,0.064977,"14:29 ET"
NKE,36.08,2026-09-25,4,Call,35.50,+1.66%,0.87,0.92,0.94,1945,846,2.3,47.50%,39.62%,0.651434,"14:57 ET"
QBTS,17.78,2026-09-25,4,Put,17.50,-1.41%,0.42,0.43,0.44,628,274,2.29,73.73%,73.43%,-0.415798,"14:59 ET"
NNE,17.09,2026-09-25,4,Call,18.00,-5.88%,0.2,0.25,0.3,778,339,2.29,79.67%,82.31%,0.284986,"14:52 ET"
MU,1046.84,2026-09-25,4,Call,"1,055.00",-1.14%,23.55,23.8,23.95,1591,694,2.29,63.16%,60.51%,0.477623,"15:00 ET"
AVGO,362.83,2026-09-23,2,Call,375.00,-3.63%,0.79,0.81,0.84,1736,759,2.29,37.71%,41.13%,0.145381,"15:00 ET"
AAPL,338.77,2026-09-25,4,Call,347.50,-2.58%,0.72,0.75,0.78,6179,2704,2.29,23.84%,24.75%,0.163475,"14:59 ET"
BTBT,1.855,2028-01-21,487,Put,2.0000,+7.53%,0.76,0.79,0.81,13575,5928,2.29,95.38%,90.55%,-0.318925,"14:56 ET"
IREN,48.53,2026-09-25,4,Call,54.00,-11.27%,0.36,0.36,0.38,4124,1810,2.28,84.82%,95.87%,0.152794,"15:00 ET"
PURR,13.91,2026-09-25,4,Call,15.00,-8.38%,0.3,0.33,0.35,4540,1992,2.28,99.40%,125.32%,0.300587,"14:55 ET"
HOOD,124.73,2026-10-02,11,Call,130.00,-4.08%,3.45,3.5,3.55,4685,2053,2.28,64.05%,65.91%,0.377056,"14:59 ET"
DELL,580.66,2026-09-25,4,Put,530.00,-8.69%,1.79,1.86,1.89,860,378,2.28,61.27%,67.32%,-0.09356,"14:54 ET"
SNAP,5.76,2026-12-18,88,Call,6.00,-4.17%,0.67,0.69,0.7,1145,503,2.28,62.40%,68.59%,0.526305,"14:07 ET"
KEEL,4.07,2027-06-17,269,Call,7.00,-70.32%,0.71,0.73,0.8,1850,812,2.28,98.32%,101.96%,0.441022,"13:30 ET"
TEVA,40.4,2026-09-25,4,Call,41.00,-1.13%,0.3,0.38,0.41,2123,931,2.28,34.31%,36.87%,0.347144,"14:51 ET"
NAK,1.375,2026-10-16,25,Call,1.5000,-9.49%,0.1,0.1,0.15,2359,1034,2.28,123.95%,121.68%,0.453155,"14:56 ET"
QCOM,193.76,2026-09-25,4,Call,202.50,-4.92%,2.08,2.18,2.18,889,392,2.27,53.50%,65.69%,0.270449,"15:00 ET"
MARA,13.47,2026-09-25,4,Put,13.50,+0.15%,0.55,0.55,0.57,3510,1545,2.27,85.04%,94.60%,-0.496935,"15:00 ET"
QUBT,9.06,2026-09-25,4,Call,9.50,-4.74%,0.11,0.12,0.12,2529,1120,2.26,71.02%,74.26%,0.276083,"14:58 ET"
MARA,13.47,2026-10-02,11,Put,12.00,-10.98%,0.22,0.23,0.24,2574,1139,2.26,85.04%,84.23%,-0.196323,"14:56 ET"
INTC,121.33,2026-10-16,25,Call,200.00,-65.15%,0.14,0.15,0.16,5025,2227,2.26,70.53%,84.75%,0.016634,"14:51 ET"
UPST,25.75,2026-09-25,4,Put,24.50,-4.67%,0.17,0.19,0.2,1309,578,2.26,61.16%,60.50%,-0.197498,"14:35 ET"
CCL,22.38,2026-10-02,11,Call,22.50,-0.36%,0.82,0.86,0.89,1035,461,2.25,47.51%,58.02%,0.503223,"14:47 ET"
GEO,30.39,2026-10-16,25,Call,31.00,-2.79%,1.15,1.2,1.35,1230,546,2.25,50.38%,47.64%,0.463331,"14:33 ET"
HIMS,29.02,2026-09-25,4,Call,31.50,-8.36%,0.23,0.25,0.25,1347,599,2.25,70.41%,82.35%,0.183112,"14:52 ET"
MRVL,259.21,2026-09-25,4,Call,255.00,+1.39%,10,10.1,10.3,2836,1260,2.25,70.41%,73.72%,0.597667,"14:59 ET"
HOOD,124.73,2026-09-25,4,Put,120.00,-3.92%,1.7,1.72,1.75,3151,1401,2.25,64.05%,69.23%,-0.29263,"15:00 ET"
SMCI,41.12,2026-09-25,4,Call,44.00,-7.03%,0.46,0.47,0.47,3632,1622,2.24,75.07%,82.97%,0.232676,"15:00 ET"
TSLA,376.05,2026-09-25,4,Put,357.50,-4.42%,1.3,1.32,1.32,1960,876,2.24,42.13%,45.30%,-0.141073,"15:03 ET"
RDW,11.65,2026-09-25,4,Call,11.50,+1.20%,0.45,0.52,0.55,2385,1064,2.24,87.02%,94.87%,0.54886,"14:19 ET"
NVDA,228.41,2026-10-02,11,Put,232.50,+2.27%,7.55,7.2,7.65,514,231,2.23,32.79%,30.86%,-0.639124,"14:53 ET"
AMD,609.41,2026-10-02,11,Call,630.00,-3.64%,16.7,16.45,17,741,333,2.23,56.69%,56.85%,0.409493,"15:00 ET"
F,13.22,2026-10-30,39,Call,14.00,-5.82%,0.34,0.36,0.36,909,407,2.23,34.24%,37.91%,0.341887,"14:55 ET"
AMC,2.97,2026-11-20,60,Call,3.00,-2.74%,0.43,0.45,0.45,925,415,2.23,86.52%,93.58%,0.566906,"15:00 ET"
AVGO,362.83,2026-09-25,4,Put,352.50,-2.59%,1.93,1.99,1.99,663,298,2.22,37.71%,38.50%,-0.22691,"14:39 ET"
TSM,443.67,2026-12-18,88,Put,440.00,-0.68%,25.45,25.5,25.7,1012,456,2.22,33.83%,33.33%,-0.433787,"15:00 ET"
TSLA,376.05,2026-09-23,2,Put,357.50,-4.42%,0.43,0.44,0.45,1710,772,2.22,42.13%,47.02%,-0.074218,"15:03 ET"
CRCL,93.92,2026-10-02,11,Call,95.00,-0.98%,4.45,4.69,4.85,1761,793,2.22,76.63%,77.43%,0.500222,"14:56 ET"
UPS,95.13,2026-09-25,4,Call,99.00,-4.29%,0.09,0.13,0.14,642,290,2.21,28.29%,28.22%,0.089433,"14:57 ET"
MSTR,166.13,2026-10-02,11,Call,172.50,-3.64%,6.65,6.6,6.8,664,301,2.21,75.05%,79.15%,0.430753,"14:39 ET"
GOOGL,355.43,2026-10-02,11,Put,350.00,-1.27%,5.25,5.3,5.45,1043,473,2.21,32.22%,31.12%,-0.386431,"14:59 ET"
MRNA,174.6,2026-09-25,4,Call,172.50,+1.64%,7,7.58,7.7,1081,490,2.21,82.28%,87.02%,0.56831,"14:57 ET"
TSLA,376.05,2026-09-23,2,Put,350.00,-6.42%,0.17,0.17,0.18,1591,721,2.21,42.13%,51.78%,-0.030825,"15:03 ET"
BTBT,1.855,2028-01-21,487,Call,4.5000,-141.94%,0.35,0.42,0.42,2190,990,2.21,95.38%,97.47%,0.429363,"11:14 ET"
AFRM,71.42,2026-09-25,4,Put,67.00,-6.24%,0.25,0.29,0.32,633,288,2.2,54.88%,56.54%,-0.130877,"14:55 ET"
LULU,100.95,2026-10-02,11,Call,105.00,-3.85%,1.34,1.4,1.48,980,445,2.2,41.27%,42.52%,0.307573,"14:57 ET"
MU,1046.84,2026-09-25,4,Call,"1,225.00",-17.44%,0.61,0.61,0.69,1080,490,2.2,63.16%,72.45%,0.022476,"14:59 ET"
PL,17.08,2026-11-20,60,Call,20.00,-17.65%,0.95,0.96,1,1750,797,2.2,67.37%,70.50%,0.346348,"14:56 ET"
GOOGL,355.43,2026-09-25,4,Put,350.00,-1.27%,2.84,2.9,2.9,2359,1070,2.2,32.22%,33.30%,-0.341788,"15:00 ET"
M,22.35,2026-09-25,4,Call,22.50,-0.54%,0.34,0.37,0.4,516,236,2.19,40.20%,44.83%,0.46971,"14:04 ET"
ORLY,83.73,2026-10-16,25,Put,80.00,-4.33%,1,1.05,1.1,693,317,2.19,30.14%,30.09%,-0.254979,"14:43 ET"
MARA,13.47,2026-10-02,11,Put,14.00,+3.86%,1.11,1.11,1.14,708,324,2.19,85.04%,86.73%,-0.575647,"14:11 ET"
FSLY,27.24,2026-09-25,4,Call,30.00,-10.42%,0.55,0.7,0.7,808,369,2.19,95.04%,140.95%,0.273383,"14:54 ET"
HTZ,1.835,2026-11-20,60,Call,2.0000,-9.89%,0.22,0.23,0.23,1197,546,2.19,87.46%,93.62%,0.500164,"15:00 ET"
MU,1046.84,2026-09-28,7,Call,"1,050.00",-0.66%,29.15,29.45,30,1877,857,2.19,63.16%,51.51%,0.511338,"15:00 ET"
UNH,377.6,2026-10-02,11,Put,340.00,-9.96%,0.19,0.33,0.38,505,232,2.18,38.71%,33.64%,-0.032292,"15:00 ET"
RGTI,16.45,2026-10-02,11,Call,18.50,-12.74%,0.21,0.23,0.24,533,244,2.18,72.96%,75.09%,0.200021,"14:56 ET"
META,744.73,2026-09-25,4,Put,677.50,-9.37%,1.48,1.5,1.53,913,419,2.18,46.06%,62.73%,-0.068054,"14:59 ET"
TSLA,376.05,2026-10-30,39,Call,390.00,-4.27%,16.85,17,17.1,1010,464,2.18,42.13%,45.83%,0.440783,"14:50 ET"
AMD,609.41,2026-09-25,4,Call,500.00,+17.74%,110.85,110.26,113.55,2628,1204,2.18,56.69%,53.57%,0.999866,"14:28 ET"
MRVL,259.21,2026-09-25,4,Put,232.50,-10.09%,0.81,0.87,0.91,723,333,2.17,70.41%,78.03%,-0.085581,"14:43 ET"
CRDO,186.78,2026-09-25,4,Call,190.00,-2.14%,4.8,4.91,5.1,1109,511,2.17,72.04%,78.69%,0.447889,"14:59 ET"
RKLB,69.56,2026-09-25,4,Put,64.00,-7.75%,0.41,0.4,0.44,1845,852,2.17,71.51%,75.18%,-0.14613,"14:47 ET"
PG,146.49,2026-10-23,32,Call,155.00,-5.84%,0.89,1,1.2,606,281,2.16,19.18%,21.81%,0.20293,"14:49 ET"
TSLA,376.05,2026-09-23,2,Call,407.50,-8.95%,0.1,0.11,0.12,810,375,2.16,42.13%,53.14%,0.020465,"15:03 ET"
TSLA,376.05,2026-10-09,18,Put,375.00,+0.26%,13.1,13.15,13.2,815,378,2.16,42.13%,41.42%,-0.468171,"15:04 ET"
META,744.73,2026-09-25,4,Call,890.00,-19.06%,0.29,0.29,0.37,875,405,2.16,46.06%,77.19%,0.015754,"14:56 ET"
APLD,28.8,2026-09-25,4,Call,32.00,-11.19%,0.14,0.15,0.15,1076,498,2.16,90.62%,83.22%,0.121546,"14:52 ET"
AVGO,362.83,2026-09-25,4,Call,372.50,-2.94%,2.41,2.4,2.48,1105,512,2.16,37.71%,39.32%,0.272342,"15:00 ET"
PSKY,10.09,2026-09-25,4,Put,11.00,+8.37%,0.74,1,1.2,1186,549,2.16,65.41%,83.34%,-0.82185,"14:52 ET"
ASTS,61.94,2026-09-25,4,Call,64.00,-3.59%,1.11,1.12,1.15,1582,734,2.16,74.97%,79.27%,0.345036,"15:00 ET"
MU,1046.84,2026-09-23,2,Put,980.00,-6.05%,1.76,1.85,1.81,4771,2210,2.16,63.16%,65.41%,-0.07664,"14:58 ET"
SPCX,152.8,2026-09-25,4,Call,162.50,-6.90%,0.8,0.8,0.82,11224,5193,2.16,51.69%,59.98%,0.164265,"15:00 ET"
NBIS,236.3,2026-09-25,4,Call,245.00,-3.40%,5.05,5.15,5.25,2777,1290,2.15,84.66%,90.10%,0.358794,"15:00 ET"
NBIS,236.3,2026-09-25,4,Call,240.00,-1.29%,6.75,6.8,7,5006,2325,2.15,84.66%,89.10%,0.442086,"15:00 ET"
MSTR,166.13,2026-09-25,4,Call,225.00,-35.18%,0.09,0.1,0.1,576,268,2.15,75.05%,124.96%,0.013004,"14:59 ET"
RKLB,69.56,2026-11-20,60,Call,80.00,-15.31%,5,5.1,5.15,591,275,2.15,71.51%,77.78%,0.390203,"14:56 ET"
NFLX,73.57,2026-10-09,18,Call,73.00,+0.38%,2.49,2.54,2.57,663,308,2.15,34.76%,32.76%,0.571397,"14:56 ET"
MCD,248.07,2026-09-25,4,Call,252.50,-2.02%,1.37,1.45,1.6,875,407,2.15,22.58%,29.50%,0.307278,"14:44 ET"
BE,275.25,2026-09-25,4,Call,267.50,+2.41%,13.95,14.65,14.2,550,257,2.14,80.90%,87.80%,0.634303,"14:45 ET"
LULU,100.95,2026-09-25,4,Call,106.00,-4.84%,0.4,0.42,0.44,551,257,2.14,41.27%,47.36%,0.162611,"14:55 ET"
INTC,121.33,2026-09-28,7,Put,100.00,-17.42%,0.12,0.13,0.14,567,265,2.14,70.53%,74.50%,-0.026294,"14:58 ET"
AG,19.26,2026-09-25,4,Call,19.50,-1.35%,0.4,0.41,0.46,696,325,2.14,58.41%,65.72%,0.448627,"15:00 ET"
HOOD,124.73,2026-10-02,11,Put,123.00,-1.52%,4.65,4.57,4.75,1216,567,2.14,64.05%,63.75%,-0.432217,"14:33 ET"
COIN,202.32,2026-10-16,25,Call,270.00,-32.91%,1.62,1.67,1.73,2717,1268,2.14,67.97%,77.10%,0.094793,"14:56 ET"
AAPL,338.77,2026-09-25,4,Put,327.50,-3.32%,0.57,0.6,0.63,2984,1404,2.13,23.84%,27.81%,-0.121805,"14:56 ET"
BAC,58.14,2026-09-25,4,Call,58.00,+0.21%,0.74,0.75,0.77,6676,3131,2.13,25.88%,25.38%,0.572221,"15:00 ET"
LWLG,5.55,2026-10-16,25,Call,7.00,-26.58%,0.1,0.13,0.15,915,429,2.13,88.91%,89.12%,0.19374,"14:04 ET"
NVDA,228.41,2026-10-02,11,Put,227.50,+0.07%,4.75,4.8,4.8,921,433,2.13,32.79%,31.36%,-0.47907,"14:59 ET"
MU,1046.84,2026-09-25,4,Put,975.00,-6.53%,4.2,4.7,4.4,1083,508,2.13,63.16%,62.22%,-0.123545,"14:43 ET"
MU,1046.84,2026-10-02,11,Call,"1,500.00",-43.80%,1.04,1.11,1.12,1493,702,2.13,63.16%,94.52%,0.018218,"14:59 ET"
BE,275.25,2026-09-25,4,Put,275.00,+0.32%,9.9,10.05,10.1,768,363,2.12,80.90%,86.70%,-0.483684,"14:58 ET"
SNDK,1764.65,2026-09-25,4,Call,"2,200.00",-25.49%,0.9,1.05,1.1,858,404,2.12,73.55%,95.96%,0.016257,"15:00 ET"
INTC,121.33,2026-10-02,11,Put,96.00,-20.73%,0.2,0.22,0.24,3480,1645,2.12,70.53%,76.68%,-0.033026,"13:49 ET"
GOOG,351.71,2026-09-25,4,Call,360.00,-2.64%,1.8,1.82,1.83,9023,4265,2.12,32.03%,33.97%,0.248451,"15:00 ET"
AMZN,258.67,2027-03-19,179,Call,250.00,+3.20%,33.2,33.36,33.55,3802,1799,2.11,32.39%,37.19%,0.631178,"14:58 ET"
NFLX,73.57,2026-10-02,11,Call,75.00,-2.35%,1.12,1.12,1.14,4237,2009,2.11,34.76%,32.96%,0.392236,"15:00 ET"
SNDK,1764.65,2026-10-02,11,Call,"1,850.00",-5.53%,61.9,62.8,64,520,247,2.11,73.55%,79.14%,0.395368,"15:00 ET"
UBER,70.96,2026-10-02,11,Call,73.00,-2.67%,0.86,0.9,0.93,843,399,2.11,34.75%,33.72%,0.335681,"14:40 ET"
GLW,159.53,2026-10-02,11,Call,165.00,-3.55%,4.35,4.4,4.65,520,248,2.1,60.49%,60.67%,0.399066,"14:45 ET"
MU,1046.84,2026-09-23,2,Put,985.00,-5.57%,2.11,2.09,2.17,618,294,2.1,63.16%,64.58%,-0.090215,"15:00 ET"
EOSE,4.09,2026-12-18,88,Call,5.00,-23.46%,0.57,0.58,0.58,2397,1143,2.1,105.10%,110.63%,0.460198,"14:59 ET"
CRWD,249.34,2026-09-25,4,Put,235.00,-5.43%,1.27,1.31,1.34,3072,1463,2.1,54.37%,59.37%,-0.156263,"14:59 ET"
META,744.73,2026-10-16,25,Call,765.00,-2.34%,28.8,29.05,29,20378,9763,2.09,46.06%,47.26%,0.44797,"14:59 ET"
BE,275.25,2026-09-25,4,Call,305.00,-11.27%,1.95,1.96,2.01,538,258,2.09,80.90%,91.79%,0.15079,"14:57 ET"
CRM,237.45,2026-09-25,4,Call,237.50,-0.11%,3.95,4.1,4.25,649,310,2.09,39.36%,40.66%,0.513784,"14:58 ET"
GOOG,351.71,2026-09-25,4,Put,342.50,-2.35%,1.67,1.66,1.72,732,351,2.09,32.03%,33.47%,-0.232337,"14:51 ET"
RIVN,15.54,2026-11-20,60,Call,18.00,-16.66%,0.76,0.76,0.79,861,412,2.09,57.78%,64.02%,0.333917,"14:52 ET"
LUV,41.53,2026-10-16,25,Put,42.50,+2.21%,2.12,2.2,2.3,1099,525,2.09,40.29%,39.06%,-0.56529,"14:54 ET"
QCOM,193.76,2026-09-25,4,Call,210.00,-8.80%,0.93,1.02,1.02,1153,552,2.09,53.50%,69.25%,0.140508,"14:56 ET"
PDD,79.54,2026-09-25,4,Call,85.00,-6.88%,0.12,0.14,0.14,1672,801,2.09,33.29%,44.07%,0.079639,"14:58 ET"
UNH,377.6,2026-09-25,4,Call,385.00,-1.96%,1.94,1.99,2.12,1909,913,2.09,38.71%,29.63%,0.282933,"15:03 ET"
MRVL,259.21,2026-09-25,4,Call,252.50,+2.36%,11.35,11.8,12,826,397,2.08,70.41%,74.16%,0.645509,"15:00 ET"
META,744.73,2026-10-02,11,Call,735.00,+1.67%,32.3,31.82,33.25,1181,567,2.08,46.06%,52.52%,0.58285,"14:55 ET"
SPCX,152.8,2026-10-02,11,Call,157.50,-3.61%,3.55,3.6,3.65,2906,1395,2.08,51.69%,53.18%,0.384534,"15:00 ET"
SOFI,16.99,2026-10-09,18,Call,17.00,0.00%,0.67,0.67,0.69,2954,1419,2.08,47.14%,44.68%,0.523708,"14:57 ET"
MSTR,166.13,2026-10-02,11,Call,180.00,-8.15%,4.55,4.49,4.65,7043,3385,2.08,75.05%,81.84%,0.321413,"14:59 ET"
NFLX,73.57,2026-09-25,4,Call,74.00,-0.98%,0.92,0.92,0.94,13616,6544,2.08,34.76%,35.36%,0.458364,"15:00 ET"
CRWV,86.84,2026-09-25,4,Call,100.00,-15.21%,0.25,0.26,0.26,7540,3640,2.07,76.28%,88.61%,0.073398,"14:59 ET"
SPCX,152.8,2026-09-25,4,Call,165.00,-8.55%,0.53,0.54,0.55,18034,8730,2.07,51.69%,61.21%,0.116181,"15:00 ET"
TSM,443.67,2026-09-25,4,Call,457.50,-3.27%,1.58,1.59,1.63,516,249,2.07,33.83%,32.77%,0.193655,"15:03 ET"
IONQ,40.86,2026-09-25,4,Call,43.50,-6.67%,0.42,0.46,0.46,711,344,2.07,71.48%,80.34%,0.230091,"14:52 ET"
DASH,193.6,2026-09-25,4,Put,185.00,-4.73%,0.86,1.06,1.26,770,372,2.07,44.59%,50.82%,-0.18389,"14:13 ET"
CRWV,86.84,2026-10-02,11,Call,95.00,-9.45%,1.86,1.94,1.97,1556,750,2.07,76.28%,77.60%,0.281698,"15:00 ET"
BABA,115.88,2026-09-25,4,Put,112.00,-3.40%,1.45,1.49,1.54,1694,817,2.07,46.82%,64.15%,-0.294167,"14:56 ET"
TJX,130.65,2026-12-18,88,Call,145.00,-11.08%,2.2,2.1,2.3,2053,993,2.07,25.95%,26.01%,0.242193,"14:09 ET"
TSLA,376.05,2026-10-02,11,Put,370.00,-1.08%,8.45,8.5,8.55,2093,1013,2.07,42.13%,43.60%,-0.401362,"15:04 ET"
AVGO,362.83,2026-10-30,39,Call,360.00,+0.51%,19.85,20.11,20.3,552,268,2.06,37.71%,38.25%,0.560141,"14:54 ET"
AMGN,392.3,2026-10-16,25,Call,395.00,-0.33%,9.5,9.65,10.2,564,274,2.06,27.02%,26.80%,0.47905,"14:56 ET"
SNDK,1764.65,2026-09-25,4,Call,"2,010.00",-14.65%,6.4,6.5,6.7,759,369,2.06,73.55%,88.93%,0.089342,"15:00 ET"
IOVA,10.13,2026-10-02,11,Put,11.00,+7.84%,0.75,1.01,1.25,784,380,2.06,88.68%,55.32%,-0.800431,"11:59 ET"
CRWD,249.34,2026-09-25,4,Put,245.00,-1.40%,3.9,3.98,4.05,1208,587,2.06,54.37%,58.61%,-0.365905,"14:59 ET"
CRML,8.88,2026-09-25,4,Put,7.50,-16.20%,0.05,0.1,0.1,1364,662,2.06,115.80%,134.20%,-0.116921,"14:37 ET"
PEP,129.86,2026-10-16,25,Call,130.00,-0.27%,3.5,3.58,3.7,2022,981,2.06,24.99%,26.98%,0.508588,"14:58 ET"
SPCX,152.8,2026-09-25,4,Call,167.50,-10.19%,0.36,0.37,0.37,6676,3245,2.06,51.69%,62.79%,0.082049,"14:59 ET"
HOOD,124.73,2026-09-25,4,Call,125.00,-0.08%,3.4,3.45,3.5,15028,7295,2.06,64.05%,70.78%,0.494038,"15:00 ET"
SPCX,152.8,2026-10-02,11,Put,135.00,-11.19%,0.62,0.63,0.64,4676,2277,2.05,51.69%,54.70%,-0.09019,"14:58 ET"
AMC,2.97,2026-11-20,60,Call,3.50,-19.86%,0.28,0.29,0.3,521,254,2.05,86.52%,97.79%,0.416948,"14:53 ET"
DIS,104.37,2026-09-25,4,Call,106.00,-1.61%,0.5,0.54,0.58,725,353,2.05,26.51%,27.04%,0.29434,"14:59 ET"
NVDA,228.41,2026-09-28,7,Call,240.00,-5.56%,0.46,0.47,0.48,875,427,2.05,32.79%,29.78%,0.10622,"15:00 ET"
AMZN,258.67,2026-09-28,7,Call,255.00,+1.26%,6.2,6.1,6.45,994,486,2.05,32.39%,28.59%,0.65804,"14:36 ET"
BMNR,27.94,2027-01-15,116,Call,31.00,-11.11%,4.05,4.05,4.15,1391,678,2.05,79.84%,81.52%,0.512822,"14:36 ET"
HUM,376.39,2026-10-16,25,Call,460.00,-21.82%,3.7,4.33,4.9,1640,801,2.05,66.63%,65.30%,0.140873,"14:45 ET"
HIMS,29.02,2026-09-25,4,Call,32.00,-10.08%,0.18,0.19,0.19,2201,1076,2.05,70.41%,84.55%,0.14555,"14:58 ET"
SNAP,5.76,2026-11-20,60,Call,8.00,-38.89%,0.17,0.17,0.18,520,255,2.04,62.40%,79.16%,0.197038,"14:37 ET"
FPS,37.65,2026-10-16,25,Put,32.50,-12.94%,0.7,0.8,0.85,617,302,2.04,71.80%,70.43%,-0.186941,"14:37 ET"
META,744.73,2026-10-02,11,Put,605.00,-19.06%,0.42,0.46,0.5,692,339,2.04,46.06%,57.98%,-0.01652,"14:59 ET"
ASST,29.97,2026-09-25,4,Put,30.00,-0.40%,1.05,1.17,1.2,837,410,2.04,82.31%,92.17%,-0.472553,"14:59 ET"
ASTS,61.94,2026-09-25,4,Call,63.00,-1.97%,1.4,1.44,1.47,1489,730,2.04,74.97%,77.50%,0.414663,"15:00 ET"
AMZN,258.67,2026-10-02,11,Call,265.00,-2.61%,3.05,3.09,3.15,4261,2099,2.03,32.39%,30.78%,0.344984,"15:00 ET"
NEE,79.68,2026-12-18,88,Call,82.50,-3.41%,2.28,2.31,2.34,602,297,2.03,20.77%,22.03%,0.39882,"14:11 ET"
CMCSA,22.99,2026-11-20,60,Put,22.00,-4.22%,0.84,0.86,0.87,611,301,2.03,33.24%,35.07%,-0.354786,"14:39 ET"
MP,50.1,2026-09-25,4,Put,47.00,-6.23%,0.29,0.32,0.35,1117,549,2.03,59.88%,65.66%,-0.168842,"15:00 ET"
GME,22.99,2026-09-25,4,Call,24.50,-6.85%,0.18,0.19,0.2,1484,732,2.03,46.42%,71.38%,0.204146,"14:58 ET"
SKHY,188.24,2026-10-02,11,Put,152.50,-18.63%,0.25,0.34,0.35,1832,903,2.03,60.67%,68.88%,-0.032514,"12:05 ET"
TSLA,376.05,2026-09-30,9,Put,365.00,-2.41%,4.7,4.8,4.85,518,256,2.02,42.13%,39.82%,-0.307342,"15:03 ET"
HOOD,124.73,2026-10-02,11,Call,129.00,-3.28%,3.7,3.95,3.9,566,280,2.02,64.05%,65.35%,0.401765,"14:22 ET"
HOOD,124.73,2026-09-25,4,Call,136.00,-8.89%,0.66,0.7,0.68,573,284,2.02,64.05%,75.04%,0.139286,"14:57 ET"
APP,331.49,2026-09-25,4,Call,330.00,+0.29%,10,10,10.6,1430,709,2.02,60.73%,63.67%,0.564357,"15:00 ET"
SPCX,152.8,2026-10-02,11,Call,185.00,-21.70%,0.28,0.28,0.29,1705,842,2.02,51.69%,62.76%,0.043602,"14:46 ET"
WMT,107.46,2026-09-25,4,Put,106.00,-1.37%,0.48,0.5,0.5,2112,1045,2.02,24.03%,24.14%,-0.285651,"14:56 ET"
INTC,121.33,2026-10-02,11,Put,100.00,-17.42%,0.38,0.4,0.4,2480,1229,2.02,70.53%,73.68%,-0.0561,"14:52 ET"
NOW,137.23,2026-09-25,4,Call,140.00,-2.06%,2.18,2.21,2.27,2858,1422,2.01,54.42%,59.41%,0.385371,"15:00 ET"
BE,275.25,2026-09-25,4,Call,300.00,-9.45%,2.63,2.66,2.68,5709,2834,2.01,80.90%,90.93%,0.192119,"15:00 ET"
CRWV,86.84,2026-10-09,18,Call,85.00,+2.07%,6.6,6.6,6.95,598,297,2.01,76.28%,74.12%,0.592634,"14:24 ET"
MCHP,74.46,2026-10-16,25,Put,55.00,-26.08%,0.05,0.15,0.15,612,304,2.01,48.04%,59.78%,-0.021891,"11:25 ET"
AMD,609.41,2026-09-25,4,Call,595.00,+2.12%,25.6,24.05,26,676,336,2.01,56.69%,61.51%,0.685376,"14:57 ET"
HOOD,124.73,2026-10-30,39,Call,140.00,-12.09%,5.55,5.7,5.75,826,411,2.01,64.05%,67.84%,0.344008,"14:37 ET"
LULU,100.95,2026-09-25,4,Call,107.00,-5.83%,0.28,0.31,0.35,829,412,2.01,41.27%,48.52%,0.126321,"15:00 ET"
CRWV,86.84,2026-09-25,4,Call,93.00,-7.14%,0.94,0.93,1,1259,625,2.01,76.28%,81.89%,0.232423,"14:59 ET"
INTC,121.33,2026-10-23,32,Put,75.00,-38.07%,0.18,0.2,0.23,1276,634,2.01,70.53%,82.46%,-0.017588,"14:19 ET"
ADBE,249.21,2027-01-15,116,Call,305.00,-22.58%,8.05,8.26,8.4,526,263,2,39.97%,43.12%,0.254389,"14:23 ET"
INTC,121.33,2027-03-19,179,Put,135.00,+11.48%,30.1,30.25,30.4,631,316,2,70.53%,68.08%,-0.485236,"14:48 ET"
ONDS,7.38,2026-10-23,32,Call,9.00,-21.95%,0.16,0.17,0.18,840,421,2,70.16%,72.71%,0.209369,"14:53 ET"
INOD,60.04,2026-11-20,60,Call,65.00,-9.01%,6.5,6.47,6.8,1053,527,2,74.88%,86.88%,0.488575,"14:27 ET"
OKLO,40.27,2026-10-02,11,Call,40.00,+0.27%,2.15,2.15,2.2,1166,582,2,73.64%,74.33%,0.542951,"15:00 ET"
PATH,13.6,2026-09-25,4,Call,13.50,+0.44%,0.45,0.46,0.47,1379,691,2,57.78%,71.63%,0.556159,"14:57 ET"
WULF,17.66,2026-09-25,4,Call,19.50,-10.73%,0.15,0.15,0.16,1672,835,2,83.20%,96.54%,0.170135,"15:03 ET"
SNDK,1764.65,2026-09-25,4,Call,"1,900.00",-8.38%,17.5,17.71,17.8,2680,1340,2,73.55%,82.90%,0.211625,"15:00 ET"
AMZN,258.67,2026-09-25,4,Call,260.00,-0.67%,3,3.05,3.1,42025,20979,2,32.39%,33.15%,0.456611,"15:00 ET"
COIN,202.32,2026-09-25,4,Call,220.00,-8.30%,1.69,1.71,1.75,9397,4731,1.99,67.97%,83.62%,0.184855,"15:00 ET"
NOW,137.23,2026-09-25,4,Call,138.00,-0.60%,2.98,3.03,3.1,602,302,1.99,54.42%,59.47%,0.476115,"14:46 ET"
AMAT,464.64,2026-09-25,4,Call,500.00,-7.81%,1.73,1.77,1.8,1337,671,1.99,55.39%,58.28%,0.127815,"14:57 ET"
OPEN,2.7,2026-10-30,39,Call,3.00,-11.52%,0.15,0.17,0.19,1794,901,1.99,78.07%,79.52%,0.394619,"14:56 ET"
CRWD,249.34,2026-09-25,4,Call,255.00,-2.62%,4,4,4.1,1839,923,1.99,54.37%,60.11%,0.382374,"14:59 ET"
GOOGL,355.43,2026-09-23,2,Put,340.00,-4.10%,0.2,0.21,0.23,524,264,1.98,32.22%,35.86%,-0.053486,"15:00 ET"
BKNG,169.51,2026-12-18,88,Put,154.00,-9.43%,5.8,6.2,6.4,621,314,1.98,36.76%,40.05%,-0.270179,"13:18 ET"
BABA,115.88,2026-10-02,11,Call,113.00,+2.54%,5.55,5.71,6.1,706,356,1.98,46.82%,53.43%,0.624301,"14:35 ET"
AVGO,362.83,2026-10-23,32,Put,330.00,-8.80%,3.8,3.89,4,791,400,1.98,37.71%,37.11%,-0.173151,"14:53 ET"
MU,1046.84,2026-09-25,4,Put,990.00,-5.09%,6.35,6.47,6.55,957,484,1.98,63.16%,61.06%,-0.173781,"15:00 ET"
ORCL,148.74,2026-09-25,4,Call,148.00,-0.05%,3.55,3.65,3.7,3266,1648,1.98,50.24%,54.47%,0.534723,"15:00 ET"
BMNR,27.94,2026-09-25,4,Call,28.00,-0.36%,1.01,1.02,1.02,8317,4196,1.98,79.84%,87.06%,0.517492,"15:00 ET"
AMD,609.41,2026-09-25,4,Call,592.50,+2.53%,27.3,25.65,27.65,523,265,1.97,56.69%,61.47%,0.708332,"14:56 ET"
QCOM,193.76,2026-09-25,4,Call,215.00,-11.39%,0.56,0.6,0.6,1187,603,1.97,53.50%,71.87%,0.088709,"14:57 ET"
APLD,28.8,2026-10-02,11,Call,33.00,-14.66%,0.33,0.35,0.39,1440,732,1.97,90.62%,79.06%,0.178988,"14:57 ET"
IREN,48.53,2026-10-09,18,Call,60.00,-23.63%,0.72,0.77,0.8,1540,780,1.97,84.82%,88.62%,0.164044,"14:43 ET"
COIN,202.32,2026-09-25,4,Put,195.00,-4.01%,2.99,3.03,3.15,1588,806,1.97,67.97%,73.96%,-0.297138,"15:00 ET"
CIFR,19.07,2026-09-25,4,Put,18.00,-6.20%,0.44,0.46,0.48,1968,1001,1.97,99.43%,114.77%,-0.29787,"14:57 ET"
LUV,41.53,2026-10-16,25,Call,45.00,-8.23%,0.57,0.6,0.63,2201,1116,1.97,40.29%,40.36%,0.243341,"14:40 ET"
PLTR,181.8,2026-10-30,39,Call,180.00,+0.85%,12.3,12.6,12.55,540,276,1.96,50.13%,47.93%,0.562781,"14:45 ET"
VRT,252.63,2026-09-25,4,Call,270.00,-6.88%,1.27,1.35,1.4,739,378,1.96,57.81%,61.02%,0.161275,"15:02 ET"
NFLX,73.57,2026-10-02,11,Call,74.00,-0.98%,1.51,1.55,1.55,2126,1086,1.96,34.76%,32.66%,0.484157,"14:57 ET"
CIFR,19.07,2026-09-25,4,Put,17.50,-8.81%,0.29,0.3,0.33,4976,2539,1.96,99.43%,114.72%,-0.222018,"14:57 ET"
TSLA,376.05,2026-10-02,11,Call,375.00,-0.26%,12,12.06,12.1,6507,3314,1.96,42.13%,44.34%,0.529904,"15:04 ET"
AMZN,258.67,2026-09-25,4,Call,262.50,-1.64%,2.03,2.02,2.06,8011,4085,1.96,32.39%,32.83%,0.348693,"14:59 ET"
AMD,609.41,2026-09-25,4,Call,620.00,-2.00%,12.45,12.55,12.65,3299,1690,1.95,56.69%,62.26%,0.438873,"15:00 ET"
MU,1046.84,2026-09-25,4,Call,"1,110.00",-6.41%,7.5,7.5,7.8,743,382,1.95,63.16%,62.67%,0.20421,"14:59 ET"
TSLA,376.05,2026-09-23,2,Put,352.50,-5.76%,0.23,0.24,0.24,1008,518,1.95,42.13%,50.09%,-0.041051,"15:02 ET"
MU,1046.84,2026-10-16,25,Call,"1,040.00",+0.30%,75.15,76,76,1009,517,1.95,63.16%,64.16%,0.558956,"15:00 ET"
SKHY,188.24,2026-09-25,4,Call,195.00,-4.04%,2.51,2.6,2.6,1833,940,1.95,60.67%,63.77%,0.322535,"15:00 ET"
MU,1046.84,2026-09-23,2,Put,995.00,-4.61%,3,2.95,3.15,544,280,1.94,63.16%,63.05%,-0.124167,"15:00 ET"
GOOGL,355.43,2026-10-30,39,Put,320.00,-9.74%,4,4.2,4.4,545,281,1.94,32.22%,36.86%,-0.17319,"14:50 ET"
EPD,38.76,2026-09-25,4,Call,39.00,-0.54%,0.01,0.19,0.28,549,283,1.94,16.97%,14.54%,0.362884,"14:51 ET"
SNDK,1764.65,2026-09-25,4,Call,"1,810.00",-3.24%,39.5,40,40.4,593,306,1.94,73.55%,79.68%,0.399462,"15:00 ET"
KTOS,48.78,2026-09-25,4,Call,50.00,-2.63%,0.65,0.9,0.8,635,327,1.94,58.98%,64.66%,0.343002,"14:30 ET"
QBTS,17.78,2026-09-25,4,Call,19.50,-9.86%,0.1,0.1,0.11,742,382,1.94,73.73%,81.14%,0.141582,"14:55 ET"
SLS,11.4,2026-09-25,4,Call,12.00,-5.73%,0.25,0.32,0.4,958,493,1.94,166.93%,121.67%,0.355516,"14:38 ET"
AUR,6.59,2026-09-25,4,Call,6.50,+0.15%,0.2,0.28,0.3,1602,827,1.94,69.60%,74.41%,0.583506,"14:48 ET"
LUNR,15.65,2026-09-25,4,Call,16.00,-2.83%,0.38,0.42,0.47,2073,1070,1.94,84.05%,91.21%,0.415545,"14:47 ET"
MCD,248.07,2026-11-20,60,Put,250.00,+1.01%,9.3,9.35,9.5,2366,1219,1.94,22.58%,21.83%,-0.50406,"15:00 ET"
TSLA,376.05,2026-09-25,4,Call,397.50,-6.27%,1.15,1.16,1.16,2415,1248,1.94,42.13%,46.45%,0.129092,"15:04 ET"
SMR,8.91,2026-09-25,4,Call,9.00,-1.81%,0.26,0.26,0.28,6352,3276,1.94,78.97%,90.79%,0.450195,"15:00 ET"
DKNG,22.02,2026-09-25,4,Call,23.00,-4.55%,0.21,0.23,0.22,7094,3681,1.93,55.59%,60.29%,0.262972,"14:59 ET"
AMZN,258.67,2026-09-25,4,Call,270.00,-4.55%,0.54,0.54,0.55,12429,6426,1.93,32.39%,33.98%,0.121741,"15:00 ET"
RKLB,69.56,2026-09-25,4,Call,81.00,-16.75%,0.11,0.13,0.16,557,288,1.93,71.51%,88.78%,0.051626,"14:35 ET"
NVDA,228.41,2026-09-30,9,Call,235.00,-3.36%,1.74,1.75,1.8,1423,737,1.93,32.79%,30.88%,0.268946,"14:59 ET"
FISV,46.61,2027-01-15,116,Call,45.00,+3.23%,5.7,5.83,6,594,309,1.92,41.12%,45.97%,0.622656,"13:04 ET"
ARM,320.83,2026-09-25,4,Put,260.00,-19.13%,0.18,0.18,0.26,611,319,1.92,77.86%,98.64%,-0.017696,"14:50 ET"
TSLA,376.05,2026-09-30,9,Call,380.00,-1.60%,7.55,7.5,7.7,924,481,1.92,42.13%,40.16%,0.445471,"15:02 ET"
HOOD,124.73,2026-09-25,4,Call,128.00,-2.48%,2.27,2.37,2.33,1927,1003,1.92,64.05%,71.89%,0.371179,"14:58 ET"
SBET,9.86,2026-12-18,88,Put,8.00,-18.78%,0.64,0.68,0.72,563,295,1.91,85.98%,83.58%,-0.232171,"10:47 ET"
INTC,121.33,2026-10-02,11,Put,106.00,-12.47%,0.91,0.91,0.95,631,330,1.91,70.53%,70.75%,-0.120084,"14:29 ET"
APLD,28.8,2027-06-17,269,Put,32.00,+11.19%,9.55,9.67,9.9,831,436,1.91,90.62%,83.86%,-0.407417,"14:27 ET"
CNM,43.05,2028-01-21,487,Call,22.50,+47.69%,21.9,22.4,23,1284,671,1.91,31.50%,45.74%,0.944872,"14:08 ET"
SPCX,152.8,2026-10-02,11,Put,160.00,+5.26%,10,10.25,10.15,1751,916,1.91,51.69%,52.07%,-0.684841,"14:21 ET"
USAR,16.9,2026-09-25,4,Call,18.00,-6.76%,0.24,0.25,0.28,4432,2319,1.91,78.51%,94.09%,0.269192,"15:03 ET"
DVN,47.67,2026-11-20,60,Put,47.50,-0.36%,2.56,2.59,2.65,6413,3361,1.91,36.01%,35.60%,-0.455926,"14:52 ET"
AAPL,338.77,2027-03-19,179,Put,330.00,-2.58%,17.7,17.95,18.05,10150,5311,1.91,23.84%,25.90%,-0.381863,"14:53 ET"
NVDA,228.41,2026-09-25,4,Put,217.50,-4.33%,0.49,0.5,0.5,12624,6600,1.91,32.79%,36.92%,-0.113775,"14:58 ET"
HOOD,124.73,2026-09-25,4,Call,123.00,+1.52%,4.4,4.5,4.55,4861,2557,1.9,64.05%,70.97%,0.580213,"14:59 ET"
SOFI,16.99,2026-09-25,4,Call,17.50,-2.94%,0.14,0.15,0.15,21630,11396,1.9,47.14%,47.23%,0.284345,"14:58 ET"
JPM,352.2,2026-09-25,4,Put,337.50,-4.24%,0.23,0.3,0.32,655,344,1.9,25.60%,27.75%,-0.061357,"14:52 ET"
OPEN,2.7,2026-10-02,11,Call,2.50,+7.06%,0.21,0.25,0.26,657,346,1.9,78.07%,60.52%,0.781705,"14:57 ET"
GGB,5.03,2026-10-16,25,Call,5.00,+0.60%,0.2,0.21,0.25,950,501,1.9,42.94%,39.42%,0.548234,"10:52 ET"
GOOG,351.71,2026-09-25,4,Put,332.50,-5.20%,0.38,0.4,0.41,970,510,1.9,32.03%,35.44%,-0.067918,"14:48 ET"
BIDU,92.41,2026-09-25,4,Call,92.00,+0.35%,1.94,2.05,2.09,1100,580,1.9,42.37%,47.03%,0.544604,"14:58 ET"
AMD,609.41,2026-09-23,2,Call,570.00,+6.23%,40.9,42.42,44,1194,628,1.9,56.69%,42.06%,0.989815,"15:00 ET"
SPCX,152.8,2026-10-02,11,Put,155.00,+1.97%,6.7,6.76,6.8,1628,857,1.9,51.69%,51.47%,-0.551911,"14:58 ET"
VST,141.32,2026-09-25,4,Call,155.00,-9.78%,0.14,0.16,0.17,1734,911,1.9,43.93%,52.09%,0.04919,"15:03 ET"
AVGO,362.83,2026-10-09,18,Call,360.00,+0.51%,13.55,13.2,13.8,678,358,1.89,37.71%,37.17%,0.561816,"14:45 ET"
WMB,72.15,2026-09-25,4,Put,71.00,-1.54%,0.5,0.45,0.55,703,371,1.89,30.32%,32.15%,-0.32515,"14:09 ET"
AMZN,258.67,2026-09-28,7,Call,270.00,-4.55%,0.78,0.82,0.82,825,437,1.89,32.39%,28.81%,0.151825,"15:00 ET"
DKNG,22.02,2026-09-25,4,Call,22.50,-2.27%,0.36,0.39,0.39,936,496,1.89,55.59%,61.36%,0.38982,"14:48 ET"
ARM,320.83,2026-12-18,88,Put,45.00,-86.00%,0.01,0.1,0.29,1256,665,1.89,77.86%,157.69%,-0.001662,"15:00 ET"
SPCX,152.8,2026-10-23,32,Call,160.00,-5.26%,6.1,6.15,6.2,1502,793,1.89,51.69%,50.18%,0.409699,"15:00 ET"
CRWV,86.84,2026-09-25,4,Call,92.00,-5.99%,1.13,1.12,1.2,2214,1173,1.89,76.28%,80.88%,0.269801,"14:58 ET"
TSLA,376.05,2026-09-25,4,Call,392.50,-4.94%,1.79,1.77,1.82,2485,1318,1.89,42.13%,45.62%,0.187544,"15:03 ET"
SPCX,152.8,2026-09-25,4,Put,144.00,-5.27%,0.75,0.71,0.76,2746,1454,1.89,51.69%,56.14%,-0.156693,"14:54 ET"
PLTR,181.8,2026-10-02,11,Call,190.00,-4.66%,2.89,2.93,2.96,3293,1738,1.89,50.13%,48.21%,0.312297,"15:00 ET"
HPE,61.39,2026-09-25,4,Call,65.00,-5.76%,0.51,0.53,0.59,5613,2980,1.88,62.64%,70.94%,0.218939,"14:53 ET"
TSLA,376.05,2026-09-30,9,Call,385.00,-2.93%,5.7,5.65,5.85,533,283,1.88,42.13%,40.39%,0.36614,"15:03 ET"
CRDO,186.78,2026-09-25,4,Call,195.00,-4.83%,3.1,3.5,3.5,766,408,1.88,72.04%,80.49%,0.331942,"14:54 ET"
NFLX,73.57,2026-10-02,11,Put,71.00,-3.11%,0.58,0.63,0.61,903,480,1.88,34.76%,31.89%,-0.240955,"14:51 ET"
CRCL,93.92,2026-09-25,4,Call,98.00,-4.17%,1.88,2.01,2,1341,713,1.88,76.63%,88.81%,0.347591,"14:49 ET"
UBER,70.96,2026-10-02,11,Call,78.00,-9.70%,0.14,0.15,0.17,779,417,1.87,34.75%,36.80%,0.077697,"14:49 ET"
CPB,20.16,2026-12-18,88,Put,19.00,-5.85%,0.8,0.8,0.85,797,427,1.87,32.39%,32.95%,-0.343244,"14:47 ET"
ACN,186.87,2026-09-25,4,Call,190.00,-1.82%,2.2,2.44,2.55,824,440,1.87,54.65%,47.59%,0.377626,"14:57 ET"
AMD,609.41,2026-12-18,88,Call,760.00,-25.03%,26.6,27.22,27.85,833,446,1.87,56.69%,59.00%,0.284162,"15:00 ET"
HOOD,124.73,2026-10-02,11,Call,123.00,+1.52%,6.3,6.5,6.45,1102,589,1.87,64.05%,64.67%,0.568169,"14:53 ET"
NBIS,236.3,2026-10-02,11,Call,260.00,-9.73%,5.55,5.5,5.9,1161,620,1.87,84.66%,86.08%,0.282175,"15:00 ET"
GOOGL,355.43,2026-09-25,4,Call,375.00,-5.78%,0.4,0.42,0.44,2977,1591,1.87,32.22%,35.75%,0.072156,"14:57 ET"
SOUN,6.16,2026-10-02,11,Call,6.50,-5.86%,0.13,0.13,0.14,3518,1883,1.87,62.93%,61.27%,0.33099,"14:52 ET"
MSTR,166.13,2026-10-16,25,Put,115.00,-30.91%,0.64,0.65,0.66,6001,3206,1.87,75.05%,86.64%,-0.039237,"14:58 ET"
TSLA,376.05,2026-09-25,4,Put,355.00,-5.09%,1.01,1,1.02,7183,3839,1.87,42.13%,45.88%,-0.113395,"15:04 ET"
SPCX,152.8,2026-09-25,4,Put,150.00,-1.32%,2.35,2.35,2.36,28040,14996,1.87,51.69%,54.99%,-0.375082,"14:59 ET"
MRAM,17.32,2026-10-16,25,Call,20.00,-18.48%,0.75,0.8,0.8,511,274,1.86,90.69%,91.66%,0.322777,"14:57 ET"
MCD,248.07,2027-09-17,361,Call,270.00,-9.09%,17.3,17.7,18.55,527,283,1.86,22.58%,26.27%,0.429056,"14:41 ET"
NVDA,228.41,2026-09-30,9,Put,220.00,-3.23%,1.61,1.62,1.65,613,329,1.86,32.79%,32.06%,-0.236652,"15:00 ET"
NBIS,236.3,2026-09-25,4,Put,240.00,+1.29%,11.05,11.45,11.85,615,331,1.86,84.66%,92.21%,-0.555083,"14:58 ET"
ON,71.19,2026-09-25,4,Put,68.00,-4.52%,0.58,0.66,0.68,779,419,1.86,56.21%,61.30%,-0.229983,"14:56 ET"
MRNA,174.6,2027-03-19,179,Put,150.00,-14.47%,23.95,25.24,25.6,929,500,1.86,82.28%,82.82%,-0.282724,"14:42 ET"
SKHY,188.24,2026-10-02,11,Put,157.50,-15.96%,0.45,0.52,0.55,1003,539,1.86,60.67%,66.62%,-0.052112,"14:32 ET"
NVDA,228.41,2026-09-30,9,Call,227.50,-0.07%,4.55,4.63,4.7,1058,570,1.86,32.79%,31.33%,0.521119,"14:59 ET"
INTC,121.33,2026-10-23,32,Put,110.00,-9.17%,5.25,5.25,5.35,1166,627,1.86,70.53%,74.15%,-0.283934,"14:56 ET"
FLNC,7.34,2026-10-16,25,Call,8.00,-8.99%,0.35,0.36,0.4,1402,753,1.86,81.28%,81.13%,0.385562,"14:52 ET"
JOBY,6.46,2026-09-25,4,Call,6.50,-0.46%,0.13,0.15,0.16,1442,776,1.86,65.91%,63.75%,0.460311,"14:58 ET"
WMT,107.46,2026-10-09,18,Call,108.00,-0.49%,2.03,2.08,2.12,648,351,1.85,24.03%,23.76%,0.482869,"14:23 ET"
EXC,41.99,2026-10-16,25,Call,43.00,-2.36%,0.4,0.46,0.5,779,420,1.85,20.88%,19.65%,0.326869,"14:50 ET"
AVGO,362.83,2026-09-25,4,Call,382.50,-5.70%,0.91,0.92,0.96,851,460,1.85,37.71%,41.93%,0.121227,"14:58 ET"
T,25.58,2026-09-25,4,Call,26.00,-1.44%,0.11,0.13,0.15,3733,2028,1.84,25.55%,28.08%,0.282656,"14:59 ET"
ONON,27.28,2028-01-21,487,Put,25.00,-8.16%,3.9,3.8,4.15,4016,2182,1.84,46.89%,47.67%,-0.310244,"14:29 ET"
NVTS,12.21,2026-10-02,11,Put,11.00,-9.76%,0.18,0.22,0.22,536,292,1.84,80.92%,78.22%,-0.201968,"14:52 ET"
INTC,121.33,2026-09-25,4,Put,106.00,-12.47%,0.22,0.23,0.23,1710,929,1.84,70.53%,81.34%,-0.050345,"14:59 ET"
AMD,609.41,2026-10-16,25,Put,550.00,-9.52%,10.6,10.82,10.95,1968,1072,1.84,56.69%,55.11%,-0.202988,"15:00 ET"
INFQ,14.09,2026-09-25,4,Call,15.00,-6.38%,0.2,0.2,0.3,961,526,1.83,87.39%,100.53%,0.285894,"14:33 ET"
NVDA,228.41,2026-09-28,7,Put,220.00,-3.23%,1.08,1.1,1.1,1000,545,1.83,32.79%,30.46%,-0.199501,"15:00 ET"
HOOD,124.73,2026-09-25,4,Call,129.00,-3.28%,1.97,2.01,2.02,1270,693,1.83,64.05%,72.30%,0.333852,"14:59 ET"
USAR,16.9,2026-09-25,4,Call,17.50,-3.80%,0.35,0.37,0.4,1524,831,1.83,78.51%,90.00%,0.3637,"14:53 ET"
STLA,4.85,2029-01-19,851,Call,10.00,-105.76%,0.45,0.5,0.55,1619,885,1.83,52.57%,47.55%,0.309564,"14:12 ET"
NVDA,228.41,2026-09-28,7,Call,235.00,-3.36%,1.14,1.16,1.17,2654,1457,1.82,32.79%,28.93%,0.223883,"15:00 ET"
APLD,28.8,2027-01-15,116,Call,27.00,+6.18%,6.2,6.15,6.6,5203,2858,1.82,90.62%,85.47%,0.655123,"14:14 ET"
AAPL,338.77,2026-09-25,4,Put,335.00,-1.11%,2,2.04,2.05,6410,3520,1.82,23.84%,25.31%,-0.336195,"14:58 ET"
BA,201.14,2026-10-02,11,Call,202.50,-0.75%,3.85,4,4.05,544,299,1.82,31.26%,32.49%,0.46778,"14:55 ET"
CBRS,208.78,2026-09-25,4,Call,205.00,+1.22%,8.3,9,10,623,343,1.82,74.70%,85.81%,0.587556,"14:20 ET"
TSLA,376.05,2026-09-30,9,Call,390.00,-4.27%,4.25,4.3,4.4,687,378,1.82,42.13%,40.78%,0.2947,"15:04 ET"
ASTS,61.94,2026-10-02,11,Call,70.00,-13.31%,0.8,0.88,0.87,1694,933,1.82,74.97%,77.51%,0.193487,"14:54 ET"
RKLB,69.56,2026-09-25,4,Call,74.00,-6.66%,0.68,0.78,0.72,1938,1062,1.82,71.51%,77.92%,0.223432,"14:53 ET"
RKLB,69.56,2026-09-25,4,Call,72.00,-3.78%,1.14,1.2,1.17,2440,1337,1.82,71.51%,76.16%,0.331264,"14:59 ET"
IBM,230.43,2026-09-25,4,Call,237.50,-3.56%,1.15,1.2,1.3,539,298,1.81,36.75%,39.07%,0.228651,"14:59 ET"
NNN,41.72,2027-03-19,179,Call,45.00,-8.10%,0.75,0.78,0.95,667,369,1.81,20.91%,18.47%,0.273578,"13:34 ET"
CRWD,249.34,2026-12-18,88,Call,270.00,-8.66%,21.3,21.35,22.4,703,389,1.81,54.37%,59.40%,0.463256,"14:52 ET"
CVNA,67.88,2026-09-25,4,Put,65.00,-4.31%,0.6,0.64,0.62,867,479,1.81,60.37%,60.68%,-0.234367,"14:51 ET"
SOFI,16.99,2026-10-30,39,Put,15.50,-8.82%,0.43,0.45,0.45,1084,598,1.81,47.14%,48.94%,-0.250233,"14:49 ET"
IONQ,40.86,2026-09-25,4,Call,43.00,-5.44%,0.52,0.56,0.56,1200,664,1.81,71.48%,79.44%,0.271315,"15:00 ET"
UAL,113.65,2026-10-16,25,Call,150.00,-31.38%,0.08,0.17,0.36,1270,703,1.81,51.59%,56.48%,0.034797,"14:34 ET"
INTC,121.33,2026-10-30,39,Put,85.00,-29.81%,0.85,0.88,0.9,1199,667,1.8,70.53%,77.08%,-0.060041,"14:50 ET"
AAPL,338.77,2026-09-25,4,Call,327.50,+3.32%,11.75,11.98,12.2,1400,778,1.8,23.84%,30.54%,0.85662,"14:53 ET"
DELL,580.66,2026-09-25,4,Call,650.00,-11.98%,0.98,1.03,1.04,1499,832,1.8,61.27%,67.78%,0.058726,"14:53 ET"
RGTI,16.45,2026-09-25,4,Call,16.50,-0.55%,0.48,0.51,0.51,2257,1253,1.8,72.96%,77.27%,0.494124,"14:58 ET"
GLW,159.53,2026-09-25,4,Call,170.00,-6.68%,1.12,1.14,1.18,3153,1748,1.8,60.49%,66.62%,0.193046,"15:00 ET"
POET,8.55,2026-09-25,4,Call,8.00,+6.32%,0.63,0.67,0.7,6544,3629,1.8,87.10%,93.73%,0.763904,"14:54 ET"
AMD,609.41,2026-10-16,25,Call,620.00,-2.00%,32.2,32,32.6,2920,1627,1.79,56.69%,55.16%,0.500992,"15:00 ET"
META,744.73,2026-12-18,88,Put,660.00,-11.71%,26.55,26.54,26.95,3378,1892,1.79,46.06%,45.09%,-0.244529,"14:49 ET"
NOW,137.23,2026-09-25,4,Call,137.00,+0.13%,3.4,3.55,3.55,709,396,1.79,54.42%,58.78%,0.522679,"14:56 ET"
MSTR,166.13,2026-10-02,11,Call,165.00,+0.87%,9.8,9.8,9.9,1297,723,1.79,75.05%,77.64%,0.559359,"15:00 ET"
U,43.17,2026-10-16,25,Call,42.00,+2.73%,3,2.99,3.15,1496,836,1.79,55.18%,52.45%,0.618718,"14:56 ET"
BB,8.4,2026-09-25,4,Call,9.50,-12.56%,0.19,0.19,0.21,1500,838,1.79,79.45%,159.34%,0.257183,"14:56 ET"
INTC,121.33,2026-09-23,2,Put,108.00,-10.82%,0.09,0.1,0.1,569,320,1.78,70.53%,86.24%,-0.030803,"14:55 ET"
ABBV,264.68,2026-09-25,4,Call,275.00,-3.41%,0.35,0.49,0.48,663,373,1.78,26.72%,28.61%,0.109694,"14:48 ET"
SNOW,334.11,2026-09-25,4,Call,360.00,-7.75%,0.76,0.9,0.89,689,387,1.78,46.83%,53.81%,0.095649,"14:58 ET"
ARM,320.83,2026-09-25,4,Put,280.00,-12.91%,0.82,0.88,0.95,969,544,1.78,77.86%,89.65%,-0.064805,"14:51 ET"
MSTR,166.13,2026-10-02,11,Call,230.00,-38.19%,0.43,0.46,0.48,981,550,1.78,75.05%,101.13%,0.040844,"14:56 ET"
AMD,609.41,2026-10-16,25,Call,680.00,-11.87%,13.35,12.4,13.65,1132,636,1.78,56.69%,56.00%,0.265754,"14:52 ET"
MRVL,259.21,2026-09-25,4,Call,265.00,-2.48%,5.35,5.46,5.6,2644,1482,1.78,70.41%,73.76%,0.400904,"14:59 ET"
AVGO,362.83,2026-09-25,4,Call,380.00,-5.01%,1.16,1.19,1.2,3407,1913,1.78,37.71%,41.10%,0.148926,"15:00 ET"
BAC,58.14,2026-12-18,88,Put,52.50,-9.67%,0.83,0.85,0.87,6708,3761,1.78,25.88%,26.95%,-0.188569,"14:45 ET"
HOOD,124.73,2026-09-25,4,Call,130.00,-4.08%,1.7,1.72,1.74,12496,7033,1.78,64.05%,72.61%,0.298492,"15:00 ET"
AMD,609.41,2026-10-16,25,Call,700.00,-15.16%,9.75,9.8,9.95,5311,3007,1.77,56.69%,56.40%,0.207072,"15:00 ET"
PDD,79.54,2026-09-25,4,Call,83.00,-4.36%,0.3,0.29,0.34,878,497,1.77,33.29%,41.94%,0.173887,"13:47 ET"
CELH,28.22,2026-09-25,4,Call,28.50,-1.14%,0.48,0.53,0.59,938,531,1.77,53.36%,55.23%,0.449936,"14:56 ET"
UPST,25.75,2026-09-25,4,Put,25.00,-2.72%,0.3,0.3,0.36,1530,862,1.77,61.16%,61.78%,-0.30091,"14:59 ET"
VNET,7.28,2026-10-16,25,Call,7.00,+3.58%,0.65,0.7,0.8,2050,1156,1.77,79.85%,75.44%,0.623038,"14:59 ET"
RKLB,69.56,2026-09-25,4,Call,71.00,-2.33%,1.43,1.59,1.52,2299,1300,1.77,71.51%,75.65%,0.396176,"14:57 ET"
BNY,154.1,2026-10-16,25,Call,160.00,-3.74%,1.95,2,2.25,555,316,1.76,28.00%,26.63%,0.31421,"13:37 ET"
NEE,79.68,2026-11-20,60,Call,82.50,-3.41%,1.82,1.87,1.91,621,352,1.76,20.77%,23.14%,0.377369,"14:11 ET"
GOOGL,355.43,2026-09-25,4,Put,355.00,+0.14%,4.9,5,5.15,636,361,1.76,32.22%,33.22%,-0.500038,"14:59 ET"
SMCI,41.12,2026-10-09,18,Call,41.00,+0.27%,2.65,2.75,2.75,680,387,1.76,75.07%,71.60%,0.543759,"15:00 ET"
MRVL,259.21,2026-10-02,11,Call,255.00,+1.39%,14.15,14.37,14.65,715,406,1.76,70.41%,68.18%,0.579638,"14:58 ET"
GOOGL,355.43,2026-09-25,4,Put,337.50,-4.80%,0.48,0.5,0.54,736,417,1.76,32.22%,35.13%,-0.084152,"14:37 ET"
MP,50.1,2026-09-25,4,Call,54.00,-7.74%,0.38,0.38,0.41,810,459,1.76,59.88%,76.98%,0.185723,"14:59 ET"
TSLA,376.05,2026-09-30,9,Call,400.00,-6.94%,2.28,2.34,2.35,1118,634,1.76,42.13%,41.53%,0.179571,"14:59 ET"
AVGO,362.83,2026-10-09,18,Call,400.00,-10.54%,2.23,2.26,2.28,1526,868,1.76,37.71%,39.14%,0.144579,"15:00 ET"
INTC,121.33,2026-10-30,39,Put,95.00,-21.55%,2.03,2.12,2.21,505,289,1.75,70.53%,74.99%,-0.127797,"14:46 ET"
SPCX,152.8,2026-10-09,18,Call,162.50,-6.90%,3.3,3.25,3.4,692,396,1.75,51.69%,51.67%,0.314763,"14:45 ET"
PFE,27.88,2026-10-09,18,Call,29.00,-3.94%,0.15,0.16,0.18,777,443,1.75,22.66%,22.18%,0.215655,"14:45 ET"
INTC,121.33,2026-10-09,18,Put,85.00,-29.81%,0.13,0.16,0.16,912,520,1.75,70.53%,79.87%,-0.017537,"14:26 ET"
AVGO,362.83,2026-09-25,4,Put,355.00,-1.90%,2.57,2.67,2.63,1297,741,1.75,37.71%,38.28%,-0.282062,"14:59 ET"
SOUN,6.16,2026-11-20,60,Call,7.00,-14.01%,0.42,0.43,0.44,1302,746,1.75,62.93%,72.18%,0.394339,"15:00 ET"
SOFI,16.99,2026-10-30,39,Put,15.00,-11.76%,0.31,0.31,0.32,1640,937,1.75,47.14%,49.54%,-0.192022,"14:45 ET"
COIN,202.32,2026-09-25,4,Call,250.00,-23.07%,0.2,0.2,0.24,1824,1045,1.75,67.97%,101.85%,0.027576,"14:54 ET"
USAR,16.9,2026-09-25,4,Call,19.00,-12.69%,0.09,0.11,0.11,2094,1200,1.75,78.51%,95.17%,0.125088,"14:59 ET"
MU,1046.84,2026-09-25,4,Call,"1,150.00",-10.25%,3.05,3.06,3.15,3493,1998,1.75,63.16%,65.20%,0.094991,"15:00 ET"
NVO,39.81,2026-09-25,4,Call,42.00,-5.79%,0.11,0.13,0.13,3582,2050,1.75,36.10%,44.95%,0.130407,"14:58 ET"
SPCX,152.8,2026-09-25,4,Call,152.50,-0.32%,3.65,3.65,3.7,8731,4988,1.75,51.69%,57.49%,0.513335,"15:00 ET"
INTC,121.33,2026-09-21,0,Call,115.00,+5.04%,6.4,6.25,6.55,5759,3313,1.74,70.53%,56.90%,0.968189,"14:50 ET"
PLTR,181.8,2026-09-25,4,Put,175.00,-3.60%,1.4,1.43,1.42,5960,3426,1.74,50.13%,51.63%,-0.238095,"14:59 ET"
TSLA,376.05,2026-09-25,4,Call,365.00,+2.41%,13.6,13.6,13.7,6407,3691,1.74,42.13%,45.06%,0.739431,"15:04 ET"
PCG,13.06,2026-11-20,60,Put,12.00,-8.68%,0.49,0.53,0.55,6583,3778,1.74,41.66%,48.13%,-0.292294,"14:53 ET"
TSLA,376.05,2026-09-28,7,Call,400.00,-6.94%,1.4,1.44,1.44,1812,1039,1.74,42.13%,40.08%,0.137486,"15:04 ET"
BMNR,27.94,2026-09-25,4,Call,32.00,-14.70%,0.13,0.13,0.14,1826,1051,1.74,79.84%,97.30%,0.103532,"14:44 ET"
ORCL,148.74,2026-10-02,11,Put,139.00,-6.04%,1.56,1.61,1.66,594,343,1.73,50.24%,50.28%,-0.210304,"14:44 ET"
NVDA,228.41,2026-10-02,11,Put,222.50,-2.13%,2.78,2.81,2.82,650,375,1.73,32.79%,32.24%,-0.326054,"15:00 ET"
AMD,609.41,2026-11-20,60,Put,600.00,-1.29%,50.55,50.9,50.9,822,476,1.73,56.69%,59.58%,-0.411519,"15:00 ET"
MU,1046.84,2026-10-02,11,Call,"1,040.00",+0.30%,58,59,59.6,1006,580,1.73,63.16%,74.38%,0.55476,"14:59 ET"
MP,50.1,2026-09-25,4,Call,55.00,-9.74%,0.27,0.3,0.3,1595,922,1.73,59.88%,79.49%,0.139316,"14:59 ET"
ORCL,148.74,2026-09-25,4,Call,149.00,-0.72%,3.1,3.16,3.25,1939,1123,1.73,50.24%,55.09%,0.488051,"15:00 ET"
TSLA,376.05,2026-09-23,2,Call,365.00,+2.41%,11.95,11.85,12.1,2775,1606,1.73,42.13%,44.96%,0.812335,"15:02 ET"
MSFT,498.39,2026-10-02,11,Call,520.00,-4.44%,2.06,2.13,2.2,3007,1735,1.73,27.02%,26.02%,0.178601,"15:00 ET"
PSKY,10.09,2026-10-02,11,Call,11.50,-13.30%,0.1,0.15,0.23,5391,3125,1.73,65.41%,84.32%,0.210697,"14:37 ET"
SPCX,152.8,2026-10-09,18,Call,160.00,-5.26%,4,4.08,4.1,2781,1615,1.72,51.69%,51.32%,0.363023,"14:59 ET"
SPCX,152.8,2026-09-25,4,Put,146.00,-3.95%,1.13,1.14,1.14,2927,1705,1.72,51.69%,55.58%,-0.217525,"15:00 ET"
CRML,8.88,2026-10-16,25,Call,7.50,+16.20%,1.6,1.7,1.75,5061,2934,1.72,115.80%,104.39%,0.764384,"15:00 ET"
SNDK,1764.65,2026-09-25,4,Call,"1,825.00",-4.10%,34.7,35,35.5,615,358,1.72,73.55%,80.23%,0.362918,"15:00 ET"
HOOD,124.73,2026-09-25,4,Call,134.00,-7.29%,0.91,0.93,0.94,922,536,1.72,64.05%,74.14%,0.182277,"14:59 ET"
NUAI,7.91,2026-09-25,4,Call,7.50,+3.10%,0.5,0.65,0.7,957,557,1.72,137.84%,128.94%,0.651542,"14:55 ET"
PEP,129.86,2026-09-25,4,Call,131.00,-1.04%,0.74,0.79,0.88,1020,592,1.72,24.99%,23.25%,0.374884,"14:52 ET"
RDDT,158.95,2026-09-25,4,Call,170.00,-6.84%,0.95,1.02,1.09,1887,1099,1.72,61.22%,66.00%,0.177301,"14:57 ET"
MRVL,259.21,2026-10-02,11,Put,225.00,-12.99%,1.7,1.74,1.81,505,295,1.71,70.41%,69.99%,-0.109653,"14:55 ET"
SE,102.49,2026-10-16,25,Put,92.50,-9.73%,1.07,1.18,1.23,507,296,1.71,48.30%,45.75%,-0.166233,"13:47 ET"
LLY,1167.02,2026-09-25,4,Call,"1,250.00",-6.98%,0.82,0.88,1,666,389,1.71,33.86%,38.62%,0.04725,"14:47 ET"
INTC,121.33,2026-09-25,4,Call,116.00,+4.21%,7.1,7.15,7.25,2112,1236,1.71,70.53%,77.58%,0.728159,"14:59 ET"
CCL,22.38,2026-10-16,25,Call,22.00,+1.87%,1.35,1.39,1.4,2192,1285,1.71,47.51%,50.03%,0.58144,"14:25 ET"
SMCI,41.12,2026-10-02,11,Call,45.00,-9.46%,0.8,0.86,0.86,3036,1771,1.71,75.07%,75.35%,0.269359,"14:57 ET"
AAPL,338.77,2026-09-25,4,Call,340.00,-0.37%,2.91,3,2.96,20541,12001,1.71,23.84%,25.13%,0.446067,"14:59 ET"
SCHW,107.04,2026-12-18,88,Put,115.00,+7.46%,9.55,9.93,10.15,505,297,1.7,27.74%,24.81%,-0.694309,"13:27 ET"
AR,34.09,2026-10-16,25,Put,33.00,-3.17%,0.65,0.7,0.75,545,321,1.7,35.66%,34.46%,-0.329994,"14:54 ET"
TSLA,376.05,2026-09-30,9,Call,377.50,-0.93%,8.55,8.67,8.85,580,342,1.7,42.13%,40.04%,0.486962,"15:01 ET"
AMAT,464.64,2026-12-18,88,Call,630.00,-35.85%,11,11.15,12.85,601,353,1.7,55.39%,58.09%,0.186204,"11:33 ET"
AMC,2.97,2026-10-02,11,Put,3.00,+2.74%,0.19,0.19,0.2,612,359,1.7,86.52%,90.55%,-0.481121,"14:56 ET"
AMZN,258.67,2026-09-25,4,Call,277.50,-7.45%,0.13,0.13,0.14,646,381,1.7,32.39%,36.30%,0.035116,"14:53 ET"
TEM,78.51,2026-09-25,4,Call,80.00,-1.74%,2.15,2.18,2.35,736,433,1.7,77.56%,89.53%,0.435748,"15:01 ET"
RCAT,6.94,2027-04-16,207,Put,8.00,+15.44%,2.44,2.49,2.57,833,490,1.7,82.04%,92.37%,-0.437305,"14:51 ET"
FIG,22.37,2026-10-09,18,Call,24.00,-7.48%,0.71,0.73,0.77,1044,614,1.7,69.04%,68.21%,0.351501,"14:41 ET"
INTC,121.33,2026-10-02,11,Put,105.00,-13.29%,0.79,0.81,0.82,1142,672,1.7,70.53%,71.08%,-0.106287,"14:57 ET"
MRVL,259.21,2026-09-25,4,Call,280.00,-8.28%,1.8,1.9,1.93,1773,1043,1.7,70.41%,75.82%,0.174694,"15:00 ET"
IREN,48.53,2026-09-25,4,Put,44.00,-9.33%,0.33,0.36,0.36,2374,1397,1.7,84.82%,90.19%,-0.141474,"14:57 ET"
META,744.73,2026-10-02,11,Put,675.00,-9.70%,4.1,4.37,4.45,534,316,1.69,46.06%,51.83%,-0.123738,"14:55 ET"
MSTR,166.13,2026-10-09,18,Call,165.00,+0.87%,11.95,11.77,12.15,580,344,1.69,75.05%,75.38%,0.561133,"14:59 ET"
APP,331.49,2026-09-25,4,Call,320.00,+3.31%,15.7,15.07,17.1,688,406,1.69,60.73%,62.25%,0.737762,"14:30 ET"
ACHR,5.46,2026-10-09,18,Call,6.00,-9.69%,0.12,0.12,0.13,855,505,1.69,65.75%,65.49%,0.275903,"14:53 ET"
IBM,230.43,2026-10-02,11,Call,235.00,-2.47%,3.55,3.7,3.9,1011,600,1.69,36.75%,36.04%,0.383099,"14:56 ET"
ORCL,148.74,2026-10-02,11,Put,135.00,-8.74%,0.85,0.92,0.93,1475,875,1.69,50.24%,50.96%,-0.130082,"14:32 ET"
HOOD,124.73,2026-09-25,4,Put,125.00,+0.08%,3.8,3.8,4,1486,880,1.69,64.05%,70.13%,-0.506727,"14:58 ET"
TSLA,376.05,2026-10-09,18,Call,375.00,-0.26%,14.65,14.56,14.8,1637,971,1.69,42.13%,42.33%,0.533603,"15:03 ET"
MSTR,166.13,2026-11-20,60,Call,170.00,-2.14%,19.4,19.33,19.6,2344,1389,1.69,75.05%,76.34%,0.543854,"14:58 ET"
TSLA,376.05,2026-10-09,18,Call,380.00,-1.60%,12.35,12.39,12.4,2445,1449,1.69,42.13%,42.29%,0.477376,"15:04 ET"
BRK.B,504.99,2026-09-25,4,Call,520.00,-2.93%,0.16,0.17,0.19,2576,1522,1.69,14.65%,16.22%,0.049219,"14:59 ET"
AMZN,258.67,2026-09-23,2,Put,250.00,-3.20%,0.24,0.24,0.25,2972,1758,1.69,32.39%,33.91%,-0.08198,"14:59 ET"
MSTR,166.13,2026-09-25,4,Put,149.00,-10.48%,0.68,0.7,0.72,3166,1875,1.69,75.05%,85.31%,-0.096389,"14:58 ET"
HIMS,29.02,2026-09-25,4,Call,29.00,+0.24%,0.91,0.93,0.96,3650,2163,1.69,70.41%,75.90%,0.521299,"14:54 ET"
WMT,107.46,2026-09-25,4,Call,107.00,+0.44%,1.37,1.39,1.41,5893,3518,1.68,24.03%,25.11%,0.575066,"14:59 ET"
NFLX,73.57,2026-09-25,4,Call,78.00,-6.44%,0.1,0.11,0.11,6984,4163,1.68,34.76%,38.30%,0.079746,"15:00 ET"
KINS,19.3,2026-10-16,25,Call,20.00,-3.63%,0.35,0.45,0.5,581,345,1.68,34.05%,34.58%,0.370894,"13:35 ET"
HPE,61.39,2026-09-25,4,Put,58.00,-5.63%,0.49,0.51,0.55,598,355,1.68,62.64%,66.20%,-0.209639,"14:59 ET"
JD,27.25,2026-09-25,4,Call,27.50,-0.92%,0.29,0.3,0.31,744,442,1.68,33.85%,37.28%,0.403925,"15:00 ET"
QXO,12.28,2026-09-25,4,Call,12.50,-2.12%,0.2,0.27,0.3,1051,626,1.68,62.41%,65.00%,0.424165,"14:59 ET"
MU,1046.84,2026-09-25,4,Call,"1,105.00",-5.93%,8.4,8.44,8.55,538,322,1.67,63.16%,62.21%,0.222433,"15:00 ET"
MRVL,259.21,2026-09-25,4,Call,287.50,-11.18%,1.01,1.05,1.1,852,510,1.67,70.41%,77.58%,0.10782,"14:56 ET"
AVGO,362.83,2026-09-30,9,Call,360.00,+0.51%,9.25,9.53,9.7,940,563,1.67,37.71%,34.43%,0.574852,"14:59 ET"
EVER,22.85,2026-12-18,88,Call,30.00,-31.29%,0.5,0.6,0.6,1003,601,1.67,57.18%,53.11%,0.188884,"14:40 ET"
QBTS,17.78,2026-09-25,4,Put,16.50,-7.04%,0.11,0.12,0.13,1075,645,1.67,73.73%,72.87%,-0.162209,"14:47 ET"
META,744.73,2026-09-25,4,Put,665.00,-11.04%,0.83,0.9,0.9,1128,677,1.67,46.06%,64.24%,-0.041462,"14:59 ET"
MU,1046.84,2026-10-02,11,Call,"1,250.00",-19.83%,7.85,8.09,8.25,1143,683,1.67,63.16%,80.35%,0.118775,"14:59 ET"
CSCO,111.1,2026-09-25,4,Call,112.00,-1.49%,1.01,1.03,1.08,1528,914,1.67,32.23%,33.24%,0.391538,"15:00 ET"
INTC,121.33,2026-09-25,4,Put,102.00,-15.77%,0.11,0.12,0.12,1643,982,1.67,70.53%,88.04%,-0.026157,"14:57 ET"
TSLA,376.05,2026-09-25,4,Put,352.50,-5.76%,0.78,0.79,0.79,2128,1278,1.67,42.13%,46.54%,-0.090564,"15:04 ET"
NVDA,228.41,2026-09-23,2,Put,215.00,-5.43%,0.11,0.12,0.12,4359,2612,1.67,32.79%,44.07%,-0.038158,"15:00 ET"
NVDA,228.41,2026-09-25,4,Call,225.00,+1.03%,4.75,4.8,4.8,64225,38664,1.66,32.79%,34.24%,0.637975,"15:00 ET"
AEO,15.45,2026-09-25,4,Call,15.50,-0.52%,0.28,0.3,0.31,770,465,1.66,42.84%,47.48%,0.49718,"14:50 ET"
RGTI,16.45,2026-11-20,60,Put,16.00,-2.50%,1.73,1.74,1.77,1637,986,1.66,72.96%,76.49%,-0.399839,"14:11 ET"
DEFT,0.5639,2026-10-16,25,Call,0.5000,+11.93%,0.1,0.1,0.15,506,306,1.65,136.01%,155.42%,0.699824,"13:23 ET"
GLW,159.53,2026-09-25,4,Call,157.50,+1.16%,5.3,5.2,5.6,525,319,1.65,60.49%,64.90%,0.591981,"14:39 ET"
NBIS,236.3,2026-09-25,4,Put,217.50,-8.21%,2.34,2.4,2.5,604,367,1.65,84.66%,91.42%,-0.187079,"15:00 ET"
LLY,1167.02,2026-09-25,4,Put,"1,110.00",-5.00%,1.6,2.13,2.42,622,377,1.65,33.86%,37.01%,-0.093621,"14:14 ET"
SMCI,41.12,2026-10-09,18,Call,50.00,-21.62%,0.46,0.5,0.51,1300,790,1.65,75.07%,76.41%,0.145416,"14:48 ET"
NVDA,228.41,2026-09-30,9,Call,230.00,-1.17%,3.4,3.4,3.45,2019,1227,1.65,32.79%,30.92%,0.431684,"15:00 ET"
ARM,320.83,2026-10-16,25,Call,400.00,-24.42%,6.65,6.8,6.9,2185,1321,1.65,77.86%,84.28%,0.191496,"15:00 ET"
SPCX,152.8,2026-10-30,39,Put,150.00,-1.32%,8.35,8.35,8.5,2582,1563,1.65,51.69%,50.07%,-0.420543,"14:58 ET"
APLD,28.8,2026-09-25,4,Call,28.50,+0.97%,1.11,1.09,1.13,2750,1679,1.64,90.62%,80.68%,0.565437,"14:59 ET"
TSLA,376.05,2026-10-16,25,Call,460.00,-22.98%,0.98,1.01,1,4963,3020,1.64,42.13%,45.90%,0.054162,"14:55 ET"
AAPL,338.77,2026-10-02,11,Call,360.00,-6.27%,0.36,0.38,0.4,5888,3601,1.64,23.84%,22.79%,0.065806,"14:57 ET"
NOW,137.23,2026-09-25,4,Call,142.00,-3.51%,1.56,1.65,1.64,667,407,1.64,54.42%,59.72%,0.302745,"14:53 ET"
SPCX,152.8,2026-10-09,18,Call,157.50,-3.61%,4.85,4.9,4.95,913,557,1.64,51.69%,51.21%,0.415714,"14:59 ET"
CRWV,86.84,2026-10-02,11,Call,87.00,-0.23%,4.45,4.4,4.65,944,576,1.64,76.28%,74.84%,0.529164,"14:57 ET"
IREN,48.53,2026-09-25,4,Put,43.50,-10.36%,0.27,0.29,0.29,970,592,1.64,84.82%,91.16%,-0.118384,"14:57 ET"
NVAX,10.56,2026-09-25,4,Call,10.00,+5.39%,0.59,0.71,0.8,1074,655,1.64,79.15%,79.59%,0.758187,"14:16 ET"
META,744.73,2026-11-20,60,Call,730.00,+2.34%,67.85,69.55,68.95,1120,681,1.64,46.06%,49.01%,0.591503,"14:35 ET"
BE,275.25,2026-09-25,4,Call,285.00,-3.97%,6.05,6.03,6.15,1292,786,1.64,80.90%,88.80%,0.366407,"14:59 ET"
BA,201.14,2026-09-25,4,Call,207.50,-3.23%,0.81,0.83,0.88,1309,799,1.64,31.26%,34.87%,0.207417,"14:58 ET"
MU,1046.84,2026-09-21,0,Call,"1,020.00",+2.22%,26.25,29,30.05,1711,1046,1.64,63.16%,28.06%,0.972531,"15:00 ET"
GME,22.99,2026-09-25,4,Put,22.50,-1.88%,0.26,0.27,0.29,2123,1291,1.64,46.42%,49.80%,-0.336626,"14:53 ET"
CRCL,93.92,2027-12-17,452,Put,100.00,+6.29%,32.2,32.81,33.1,752,462,1.63,76.63%,77.22%,-0.349912,"14:28 ET"
APLD,28.8,2026-09-25,4,Call,29.50,-2.50%,0.66,0.66,0.67,793,487,1.63,90.62%,80.29%,0.403146,"15:00 ET"
UUUU,12.23,2026-09-25,4,Call,12.50,-2.46%,0.26,0.26,0.28,846,518,1.63,67.92%,75.63%,0.406549,"15:02 ET"
RKLB,69.56,2026-09-25,4,Put,67.00,-3.43%,1.16,1.06,1.19,912,560,1.63,71.51%,75.08%,-0.318697,"14:56 ET"
META,744.73,2026-09-23,2,Call,680.00,+9.03%,64.55,66.2,67.7,950,584,1.63,46.06%,72.96%,0.95801,"14:45 ET"
AXTI,79.42,2026-10-16,25,Call,80.00,-1.55%,8.7,9,9.1,1033,632,1.63,112.91%,108.76%,0.552466,"14:59 ET"
NKE,36.08,2026-10-02,11,Call,42.50,-17.73%,0.14,0.16,0.16,1086,668,1.63,47.50%,65.93%,0.083245,"14:03 ET"
MS,206.32,2026-12-18,88,Call,220.00,-6.65%,7.5,7.05,7.8,1162,715,1.63,33.57%,31.20%,0.377673,"13:50 ET"
CRDO,186.78,2026-09-25,4,Call,200.00,-7.52%,1.9,2.05,2.2,1328,817,1.63,72.04%,80.67%,0.231725,"15:00 ET"
HOOD,124.73,2026-09-25,4,Call,124.00,+0.72%,3.9,3.9,3.95,3969,2437,1.63,64.05%,70.57%,0.537263,"15:00 ET"
META,744.73,2026-09-21,0,Call,690.00,+7.69%,55.2,56.53,57.1,5416,3315,1.63,46.06%,92.45%,0.948534,"14:58 ET"
IREN,48.53,2026-09-25,4,Call,48.00,+1.09%,2.06,2.04,2.09,6319,3876,1.63,84.82%,90.69%,0.560462,"15:00 ET"
NVDA,228.41,2026-09-25,4,Call,230.00,-1.17%,2.18,2.18,2.2,101975,62908,1.62,32.79%,33.51%,0.394896,"15:00 ET"
META,744.73,2026-10-02,11,Call,780.00,-4.35%,14.05,14.24,14.65,548,339,1.62,46.06%,53.28%,0.331798,"14:46 ET"
TEM,78.51,2026-12-18,88,Put,75.00,-4.62%,9.4,9.51,9.7,619,382,1.62,77.56%,76.88%,-0.372678,"14:53 ET"
HOOD,124.73,2026-10-02,11,Put,110.00,-11.93%,0.91,0.93,0.95,917,566,1.62,64.05%,65.74%,-0.125329,"14:58 ET"
HOOD,124.73,2026-09-25,4,Put,117.00,-6.33%,0.94,0.89,0.98,920,569,1.62,64.05%,69.64%,-0.186619,"14:45 ET"
MSTR,166.13,2026-10-02,11,Call,175.00,-5.14%,5.85,5.95,6,1770,1093,1.62,75.05%,80.00%,0.39174,"15:00 ET"
NOK,10.98,2026-10-09,18,Call,11.00,-0.36%,0.56,0.55,0.58,1837,1136,1.62,60.65%,59.80%,0.520267,"13:35 ET"
RDDT,158.95,2026-09-25,4,Call,160.00,-0.55%,3.65,3.77,3.9,2214,1368,1.62,61.22%,63.30%,0.478817,"15:00 ET"
AVGO,362.83,2026-09-23,2,Call,350.00,+3.28%,12.75,12.5,13.7,503,313,1.61,37.71%,33.08%,0.932828,"14:30 ET"
CVX,205.22,2026-09-25,4,Call,212.50,-3.49%,0.35,0.42,0.48,554,344,1.61,27.04%,30.32%,0.129282,"14:50 ET"
MSTR,166.13,2026-10-09,18,Call,170.00,-2.14%,9.75,9.55,9.95,938,584,1.61,75.05%,75.99%,0.490835,"14:51 ET"
HOOD,124.73,2026-10-02,11,Put,120.00,-3.92%,3.35,3.4,3.45,1613,1004,1.61,64.05%,63.69%,-0.346614,"15:00 ET"
AAPL,338.77,2026-09-28,7,Call,350.00,-3.32%,0.64,0.69,0.71,2116,1312,1.61,23.84%,21.17%,0.136046,"15:00 ET"
AMZN,258.67,2026-10-09,18,Call,260.00,-0.67%,6.55,6.61,6.7,2361,1469,1.61,32.39%,30.52%,0.495915,"14:59 ET"
CRWV,86.84,2026-09-25,4,Put,81.00,-6.68%,0.73,0.8,0.8,3012,1873,1.61,76.28%,80.10%,-0.18456,"14:57 ET"
AAOI,108.58,2026-09-25,4,Call,115.00,-6.89%,2.15,2.17,2.35,2695,1688,1.6,92.37%,102.92%,0.315079,"15:00 ET"
META,744.73,2026-09-23,2,Call,695.00,+7.02%,49.55,48.37,53.2,543,339,1.6,46.06%,62.55%,0.937738,"13:47 ET"
META,744.73,2026-11-20,60,Put,615.00,-17.73%,10.9,10.87,11.3,582,363,1.6,46.06%,48.72%,-0.136245,"14:44 ET"
AMZN,258.67,2026-09-30,9,Call,257.50,+0.29%,5.4,5.4,5.65,660,412,1.6,32.39%,29.35%,0.558991,"14:58 ET"
MRVL,259.21,2026-10-02,11,Call,265.00,-2.48%,9.5,9.73,9.9,778,487,1.6,70.41%,68.04%,0.450431,"14:55 ET"
NOK,10.98,2026-10-02,11,Put,10.50,-4.20%,0.24,0.24,0.25,883,552,1.6,60.65%,59.46%,-0.316343,"14:59 ET"
CVNA,67.88,2026-11-20,60,Call,68.00,-0.10%,7.45,7.43,7.55,1647,1031,1.6,60.37%,67.22%,0.560895,"14:03 ET"
SNDK,1764.65,2026-09-25,4,Call,"1,750.00",+0.18%,65,65.91,66,1728,1079,1.6,73.55%,78.05%,0.559971,"15:00 ET"
RKLB,69.56,2026-10-02,11,Call,75.00,-8.10%,1.37,1.58,1.49,1994,1246,1.6,71.51%,71.34%,0.28476,"14:52 ET"
UPST,25.75,2026-09-25,4,Call,26.50,-3.11%,0.34,0.29,0.36,776,489,1.59,61.16%,58.45%,0.34324,"14:37 ET"
BABA,115.88,2026-09-25,4,Put,113.00,-2.54%,1.82,1.85,1.9,795,500,1.59,46.82%,64.67%,-0.34232,"14:58 ET"
MRNA,174.6,2026-10-02,11,Call,200.00,-14.04%,2.54,2.74,2.98,797,502,1.59,82.28%,86.13%,0.202452,"14:59 ET"
INTC,121.33,2026-09-25,4,Put,104.00,-14.12%,0.16,0.16,0.17,838,526,1.59,70.53%,85.09%,-0.036989,"14:55 ET"
C,135.5,2026-09-25,4,Call,135.00,+0.41%,2.11,2.18,2.18,1041,655,1.59,31.86%,31.51%,0.567625,"14:48 ET"
INTC,121.33,2026-09-25,4,Put,109.00,-9.99%,0.4,0.43,0.42,1234,775,1.59,70.53%,78.26%,-0.086582,"14:51 ET"
LULU,100.95,2026-09-25,4,Call,110.00,-8.79%,0.1,0.11,0.15,1305,819,1.59,41.27%,51.29%,0.055434,"14:55 ET"
AXTI,79.42,2026-10-16,25,Call,100.00,-26.94%,3.1,3.23,3.3,1320,831,1.59,112.91%,110.83%,0.262839,"14:55 ET"
MSFT,498.39,2026-10-02,11,Call,500.00,-0.42%,8.25,8.45,8.45,1483,933,1.59,27.02%,26.55%,0.479881,"14:59 ET"
MCD,248.07,2026-09-25,4,Put,245.00,-1.01%,1.49,1.6,1.79,1780,1120,1.59,22.58%,29.84%,-0.319805,"14:59 ET"
TSM,443.67,2026-09-25,4,Call,450.00,-1.57%,3.4,3.5,3.55,3011,1895,1.59,33.83%,32.43%,0.349405,"15:03 ET"
NVDA,228.41,2026-10-02,11,Call,227.50,-0.07%,5.25,5.28,5.35,3813,2396,1.59,32.79%,32.50%,0.522326,"15:00 ET"
ORCL,148.74,2026-09-25,4,Call,152.50,-3.09%,1.8,1.85,1.87,4519,2849,1.59,50.24%,55.33%,0.333426,"15:00 ET"
JBLU,4.54,2026-11-20,60,Call,5.00,-9.89%,0.3,0.3,0.31,2500,1584,1.58,62.58%,63.38%,0.414935,"14:55 ET"
FANG,189.26,2026-10-16,25,Put,180.00,-5.03%,2.85,3.12,3.4,518,328,1.58,36.51%,35.48%,-0.275143,"14:24 ET"
TSLA,376.05,2026-10-23,32,Put,370.00,-1.08%,16.45,16.4,16.65,520,329,1.58,42.13%,44.87%,-0.420888,"14:56 ET"
AVGO,362.83,2026-10-30,39,Call,400.00,-10.54%,6.3,6.3,6.45,649,410,1.58,37.71%,38.73%,0.247963,"14:59 ET"
BA,201.14,2026-09-25,4,Call,217.50,-8.21%,0.09,0.1,0.12,754,478,1.58,31.26%,39.67%,0.032514,"14:51 ET"
MARA,13.47,2026-11-20,60,Put,13.00,-3.56%,1.59,1.6,1.62,754,476,1.58,85.04%,87.12%,-0.388146,"14:37 ET"
RKLB,69.56,2026-09-25,4,Put,66.00,-4.87%,0.79,0.76,0.89,792,501,1.58,71.51%,74.12%,-0.251328,"14:54 ET"
MRVL,259.21,2026-09-25,4,Put,245.00,-5.26%,2.61,2.7,2.75,873,551,1.58,70.41%,74.06%,-0.223,"14:57 ET"
CRWV,86.84,2026-09-25,4,Call,94.00,-8.29%,0.76,0.76,0.82,1353,856,1.58,76.28%,82.28%,0.197319,"14:59 ET"
QBTS,17.78,2026-09-25,4,Call,18.50,-4.23%,0.27,0.28,0.28,1678,1063,1.58,73.73%,76.46%,0.313396,"14:56 ET"
IREN,48.53,2026-10-02,11,Call,53.00,-9.21%,1.22,1.38,1.34,2241,1422,1.58,84.82%,85.69%,0.301401,"14:52 ET"
MARA,13.47,2026-09-25,4,Put,14.00,+3.86%,0.85,0.87,0.89,530,338,1.57,85.04%,95.74%,-0.638533,"15:00 ET"
LULU,100.95,2026-09-25,4,Call,101.00,+0.11%,1.72,1.9,1.84,656,419,1.57,41.27%,44.24%,0.494735,"14:45 ET"
INDI,3.2,2026-11-20,60,Call,4.00,-24.61%,0.2,0.25,0.25,764,486,1.57,86.55%,90.09%,0.345007,"14:01 ET"
MSTR,166.13,2028-01-21,487,Call,165.00,+0.87%,60.8,61.5,62.2,1104,701,1.57,75.05%,78.09%,0.699192,"14:09 ET"
FSLY,27.24,2026-09-25,4,Call,27.00,+0.63%,1.5,1.7,1.8,1611,1026,1.57,95.04%,139.34%,0.544239,"14:48 ET"
NVDA,228.41,2026-12-18,88,Call,305.00,-34.15%,1.11,1.15,1.18,4269,2718,1.57,32.79%,36.67%,0.067934,"14:56 ET"
RKLB,69.56,2026-09-25,4,Call,70.00,-0.89%,1.81,1.85,1.88,8928,5698,1.57,71.51%,74.61%,0.465574,"14:59 ET"
MSFT,498.39,2026-10-02,11,Call,510.00,-2.43%,4.4,4.5,4.7,2565,1639,1.56,27.02%,26.49%,0.315134,"15:00 ET"
RGTI,16.45,2026-09-25,4,Call,17.00,-3.60%,0.29,0.32,0.31,2730,1750,1.56,72.96%,77.25%,0.350511,"14:47 ET"
META,744.73,2026-09-25,4,Call,702.50,+6.02%,47.85,50,48.7,6901,4416,1.56,46.06%,65.20%,0.817526,"14:26 ET"
PLTR,181.8,2026-09-25,4,Call,190.00,-4.66%,1.1,1.12,1.12,10885,6967,1.56,50.13%,51.21%,0.207401,"15:00 ET"
AMZN,258.67,2026-09-25,4,Call,265.00,-2.61%,1.33,1.35,1.35,15463,9888,1.56,32.39%,33.00%,0.254252,"15:00 ET"
TSLA,376.05,2026-09-25,4,Call,380.00,-1.60%,5.1,5.13,5.15,18746,12041,1.56,42.13%,44.55%,0.414756,"15:04 ET"
DAL,82.08,2026-10-09,18,Call,82.00,+0.38%,3.7,3.75,3.8,568,364,1.56,45.14%,49.96%,0.532545,"14:52 ET"
INTC,121.33,2026-10-02,11,Call,127.00,-4.87%,3.85,3.85,3.95,789,505,1.56,70.53%,72.80%,0.387877,"14:56 ET"
LLY,1167.02,2026-09-25,4,Call,"1,200.00",-2.70%,5.3,5.75,6.4,794,510,1.56,33.86%,35.52%,0.234673,"14:55 ET"
CRWV,86.84,2026-10-30,39,Call,100.00,-15.21%,4.1,4.2,4.3,796,509,1.56,76.28%,75.56%,0.335601,"15:00 ET"
PLTR,181.8,2026-10-02,11,Call,182.50,-0.53%,5.65,5.74,5.8,1095,700,1.56,50.13%,48.41%,0.496919,"14:58 ET"
SNDK,1764.65,2026-10-02,11,Call,"2,000.00",-14.08%,28,28.04,28.5,1114,713,1.56,73.55%,81.93%,0.211933,"15:00 ET"
BABA,115.88,2026-09-25,4,Call,127.00,-9.54%,0.51,0.54,0.56,1178,754,1.56,46.82%,73.57%,0.124776,"14:44 ET"
MSFT,498.39,2026-09-25,4,Call,497.50,+0.08%,6.1,6.34,6.45,1972,1264,1.56,27.02%,28.89%,0.520252,"14:59 ET"
SEI,69.74,2026-10-16,25,Call,85.00,-21.64%,1.05,1.15,1.3,2148,1375,1.56,76.07%,74.17%,0.176067,"14:25 ET"
META,744.73,2026-10-02,11,Call,710.00,+5.02%,46.55,48.42,49.3,502,323,1.55,46.06%,51.76%,0.724429,"14:49 ET"
C,135.5,2026-09-25,4,Call,136.00,-0.32%,1.59,1.6,1.67,597,384,1.55,31.86%,31.42%,0.478607,"14:56 ET"
BABA,115.88,2026-09-25,4,Put,114.00,-1.67%,2.21,2.21,2.3,682,439,1.55,46.82%,64.73%,-0.391344,"14:52 ET"
TSM,443.67,2026-10-02,11,Call,450.00,-1.57%,6.85,7.05,7.05,934,604,1.55,33.83%,31.05%,0.414047,"15:00 ET"
FIG,22.37,2026-09-25,4,Put,21.50,-3.72%,0.27,0.29,0.29,975,629,1.55,69.04%,67.51%,-0.276882,"14:52 ET"
MU,1046.84,2026-09-23,2,Call,"1,000.00",+4.13%,52.65,50.8,53.7,1464,947,1.55,63.16%,65.44%,0.843945,"15:00 ET"
PURR,13.91,2026-09-25,4,Call,13.50,+2.46%,0.8,0.85,0.9,1702,1095,1.55,99.40%,111.79%,0.617706,"14:57 ET"
SNDK,1764.65,2026-09-25,4,Call,"1,700.00",+3.03%,94.6,95,98.1,2242,1450,1.55,73.55%,79.64%,0.690512,"14:59 ET"
NVDA,228.41,2026-10-30,39,Call,240.00,-5.56%,5,5.05,5.1,4702,3028,1.55,32.79%,32.05%,0.337471,"15:00 ET"
IREN,48.53,2026-11-20,60,Put,45.00,-7.27%,4.95,5.02,5.15,5059,3295,1.54,84.82%,89.93%,-0.345052,"14:50 ET"
ORCL,148.74,2026-09-25,4,Call,150.00,-1.40%,2.72,2.7,2.77,10705,6937,1.54,50.24%,55.29%,0.442268,"15:00 ET"
CRWV,86.84,2026-09-25,4,Call,85.00,+2.07%,3.85,3.9,4,21155,13733,1.54,76.28%,77.80%,0.629634,"15:00 ET"
AVGO,362.83,2028-12-15,816,Put,175.00,-51.64%,9.15,9.6,9.6,500,325,1.54,37.71%,45.65%,-0.064924,"14:52 ET"
PENN,16.19,2027-01-15,116,Put,15.00,-7.29%,1,0.95,1.4,501,325,1.54,43.71%,51.79%,-0.328672,"14:00 ET"
HPE,61.39,2026-09-25,4,Call,64.00,-4.13%,0.71,0.78,0.82,631,411,1.54,62.64%,70.33%,0.283482,"14:58 ET"
MU,1046.84,2026-09-25,4,Put,"1,005.00",-3.65%,9.4,9.6,9.6,656,425,1.54,63.16%,60.11%,-0.237594,"14:59 ET"
IREN,48.53,2026-10-30,39,Call,50.00,-3.03%,4.6,4.79,4.85,768,500,1.54,84.82%,84.08%,0.515152,"14:52 ET"
ACHR,5.46,2026-09-25,4,Call,5.00,+8.59%,0.44,0.47,0.52,791,515,1.54,65.75%,84.95%,0.838194,"14:55 ET"
CVX,205.22,2026-09-25,4,Put,200.00,-2.60%,0.71,0.78,0.82,1457,949,1.54,27.04%,29.42%,-0.210741,"14:59 ET"
XOM,159.38,2026-09-25,4,Call,162.50,-2.21%,0.87,0.91,0.95,1510,981,1.54,29.16%,31.66%,0.282172,"15:03 ET"
CVNA,67.88,2026-11-20,60,Put,68.00,+0.10%,7.05,7.15,7.25,1673,1088,1.54,60.37%,66.59%,-0.441979,"14:36 ET"
AMZN,258.67,2026-09-25,4,Put,242.50,-6.10%,0.18,0.18,0.19,2273,1477,1.54,32.39%,37.04%,-0.044313,"15:00 ET"
BMNR,27.94,2026-10-09,18,Call,28.00,-0.36%,1.96,1.98,2.02,515,336,1.53,79.84%,79.76%,0.537899,"14:54 ET"
SNDK,1764.65,2026-09-25,4,Put,"1,560.00",-11.02%,3.7,3.7,4.3,581,380,1.53,73.55%,78.83%,-0.061471,"14:55 ET"
SPCX,152.8,2026-10-30,39,Call,155.00,-1.97%,9.15,9.2,9.3,649,425,1.53,51.69%,50.81%,0.503119,"14:58 ET"
CRWD,249.34,2026-09-25,4,Call,247.50,+0.40%,7.15,7.3,7.5,805,527,1.53,54.37%,59.12%,0.570302,"14:58 ET"
META,744.73,2026-09-23,2,Put,670.00,-10.37%,0.15,0.19,0.2,1004,658,1.53,46.06%,65.90%,-0.013512,"14:56 ET"
TTWO,208.95,2027-01-15,116,Call,220.00,-5.29%,18.8,18.8,19.3,1039,677,1.53,39.74%,47.55%,0.498852,"14:34 ET"
PFE,27.88,2026-10-02,11,Put,27.00,-3.23%,0.11,0.1,0.12,1074,702,1.53,22.66%,21.76%,-0.193615,"14:45 ET"
KEY,20.89,2026-11-20,60,Call,22.00,-5.26%,0.4,0.45,0.5,1134,739,1.53,24.26%,26.08%,0.327932,"14:54 ET"
PFE,27.88,2026-10-09,18,Call,28.50,-2.15%,0.28,0.3,0.3,1224,800,1.53,22.66%,22.04%,0.331339,"14:50 ET"
META,744.73,2026-10-16,25,Put,660.00,-11.71%,6.9,6.9,7,1604,1049,1.53,46.06%,46.66%,-0.141526,"15:00 ET"
TE,4.47,2026-09-25,4,Call,4.50,-1.12%,0.15,0.18,0.2,2219,1453,1.53,107.54%,92.70%,0.520982,"15:00 ET"
TSLA,376.05,2026-09-23,2,Call,367.50,+1.75%,10,10.08,10.1,2511,1643,1.53,42.13%,44.47%,0.754422,"15:04 ET"
NFLX,73.57,2026-09-25,4,Call,76.00,-3.71%,0.32,0.33,0.33,6773,4440,1.53,34.76%,36.13%,0.209921,"15:00 ET"
APLD,28.8,2027-01-15,116,Call,32.00,-11.19%,4.4,4.47,4.5,5035,3318,1.52,90.62%,85.59%,0.518803,"14:35 ET"
PLTR,181.8,2026-09-25,4,Call,200.00,-10.17%,0.18,0.18,0.2,8009,5264,1.52,50.13%,53.78%,0.045994,"14:59 ET"
AEHR,96.7,2026-09-25,4,Call,100.00,-3.63%,3.2,3.4,3.5,504,331,1.52,110.59%,115.30%,0.420795,"15:00 ET"
CRM,237.45,2026-09-25,4,Call,262.50,-10.65%,0,0.13,0.17,526,347,1.52,39.36%,45.97%,0.020496,"14:27 ET"
CBRS,208.78,2026-09-25,4,Call,215.00,-3.60%,4.1,4.3,4.5,555,364,1.52,74.70%,81.14%,0.370007,"14:54 ET"
QCOM,193.76,2026-09-25,4,Put,190.00,-1.56%,3.2,3.33,3.4,567,373,1.52,53.50%,61.59%,-0.370043,"14:59 ET"
CVNA,67.88,2026-09-25,4,Put,64.00,-5.79%,0.4,0.45,0.41,666,438,1.52,60.37%,61.37%,-0.168909,"14:43 ET"
CCJ,93.64,2026-09-25,4,Put,90.00,-3.65%,0.55,0.71,0.69,767,506,1.52,47.22%,50.37%,-0.214789,"14:05 ET"
DELL,580.66,2026-09-25,4,Put,550.00,-5.25%,4.75,4.75,4.95,1022,674,1.52,61.27%,65.64%,-0.208418,"15:00 ET"
SOFI,16.99,2029-01-19,851,Call,35.00,-105.88%,2.91,2.95,2.99,551,364,1.51,47.14%,59.95%,0.411034,"14:59 ET"
PL,17.08,2026-09-25,4,Call,18.50,-8.82%,0.1,0.13,0.15,675,447,1.51,67.37%,78.86%,0.172006,"14:50 ET"
INTC,121.33,2026-10-30,39,Put,110.00,-9.17%,6.2,6.35,6.45,677,447,1.51,70.53%,74.89%,-0.295151,"14:48 ET"
ZM,90.39,2026-11-20,60,Call,90.00,-0.04%,6.15,6.05,6.45,812,539,1.51,38.63%,39.94%,0.558587,"14:39 ET"
AMZN,258.67,2026-09-25,4,Put,257.50,-0.29%,2.81,2.84,2.87,1125,744,1.51,32.39%,32.23%,-0.432004,"15:00 ET"
CRWV,86.84,2026-10-02,11,Call,110.00,-26.73%,0.33,0.35,0.38,1216,806,1.51,76.28%,85.31%,0.066471,"14:44 ET"
BE,275.25,2026-09-25,4,Call,270.00,+1.50%,12.55,12.6,12.75,1601,1062,1.51,80.90%,88.00%,0.595489,"14:59 ET"
CRWV,86.84,2026-09-25,4,Call,96.00,-10.60%,0.54,0.54,0.56,1925,1278,1.51,76.28%,84.75%,0.144308,"15:00 ET"
ACAD,26.66,2026-10-16,25,Call,27.00,-1.12%,3.3,3.6,3.8,3570,2361,1.51,121.79%,131.46%,0.558556,"14:44 ET"
ENB,48.59,2026-11-20,60,Call,52.50,-8.02%,0.25,0.35,0.4,4178,2792,1.5,19.35%,19.98%,0.16241,"14:45 ET"
CRWV,86.84,2026-10-02,11,Call,100.00,-15.21%,1.04,1.07,1.11,5140,3433,1.5,76.28%,79.69%,0.176212,"15:00 ET"
DC,6.36,2027-04-16,207,Call,7.50,-18.11%,0.8,0.9,0.95,527,352,1.5,82.74%,64.49%,0.478091,"14:41 ET"
HIMS,29.02,2026-09-25,4,Put,28.50,-1.96%,0.64,0.65,0.67,572,381,1.5,70.41%,74.57%,-0.391659,"14:58 ET"
GLW,159.53,2026-09-25,4,Call,162.50,-1.98%,2.96,3.1,3.2,585,389,1.5,60.49%,64.87%,0.41,"14:59 ET"
NUAI,7.91,2026-09-25,4,Call,7.00,+9.56%,0.9,1,1.3,592,395,1.5,137.84%,192.02%,0.745374,"14:51 ET"
MU,1046.84,2026-09-25,4,Call,"1,120.00",-7.37%,6,6.1,6.25,635,422,1.5,63.16%,63.25%,0.170044,"14:59 ET"
OKLO,40.27,2026-09-25,4,Call,41.00,-2.22%,0.96,0.98,1,936,625,1.5,73.64%,79.31%,0.421927,"14:59 ET"
HESM,39.87,2026-10-16,25,Call,42.00,-5.32%,0.2,0.2,0.3,998,665,1.5,21.50%,23.51%,0.190749,"11:52 ET"
DKS,123.31,2026-10-16,25,Put,120.00,-2.58%,3.2,3.45,3.7,1029,688,1.5,41.09%,40.41%,-0.362779,"14:06 ET"
RIOT,24.5,2026-10-02,11,Call,25.00,-1.67%,1.13,1.22,1.21,1148,766,1.5,81.77%,80.44%,0.477343,"14:40 ET"
GME,22.99,2026-11-20,60,Call,29.00,-26.47%,0.66,0.68,0.7,1153,767,1.5,46.42%,65.15%,0.220254,"14:49 ET"
AAPL,338.77,2026-09-28,7,Call,340.00,-0.37%,3.35,3.48,3.55,1447,966,1.5,23.84%,21.55%,0.45735,"14:53 ET"
CIFR,19.07,2026-10-02,11,Call,20.50,-6.83%,0.77,0.84,0.83,576,386,1.49,99.43%,102.73%,0.374838,"14:43 ET"
AVGO,362.83,2026-10-02,11,Call,355.00,+1.90%,13.75,13.8,13.95,633,426,1.49,37.71%,36.89%,0.651478,"14:55 ET"
RCAT,6.94,2027-04-16,207,Call,8.00,-15.44%,1.5,1.54,1.58,877,590,1.49,82.04%,89.95%,0.563597,"14:51 ET"
NVS,141.72,2026-10-16,25,Call,145.00,-2.26%,1.95,1.95,2.1,1131,760,1.49,22.57%,23.98%,0.350918,"14:57 ET"
IONQ,40.86,2026-09-25,4,Call,42.00,-2.99%,0.81,0.8,0.82,2608,1751,1.49,71.48%,78.43%,0.370272,"15:00 ET"
WULF,17.66,2026-09-25,4,Call,18.00,-2.21%,0.5,0.51,0.52,6806,4574,1.49,83.20%,91.85%,0.430993,"15:04 ET"
COIN,202.32,2026-09-25,4,Call,210.00,-3.38%,3.65,3.59,3.75,9271,6234,1.49,67.97%,78.53%,0.346548,"14:59 ET"
SOFI,16.99,2026-09-25,4,Call,17.00,0.00%,0.32,0.33,0.33,21014,14059,1.49,47.14%,46.31%,0.506258,"15:00 ET"
NVDA,228.41,2026-09-25,4,Call,232.50,-2.27%,1.37,1.38,1.39,22437,15014,1.49,32.79%,33.53%,0.282858,"15:00 ET"
MSTR,166.13,2026-09-25,4,Call,210.00,-26.17%,0.21,0.22,0.24,2807,1896,1.48,75.05%,113.94%,0.030378,"14:43 ET"
SMR,8.91,2026-09-25,4,Call,9.50,-7.47%,0.12,0.12,0.13,3954,2679,1.48,78.97%,93.90%,0.252088,"15:00 ET"
TSLA,376.05,2026-09-25,4,Put,360.00,-3.75%,1.68,1.68,1.7,5527,3723,1.48,42.13%,44.85%,-0.174318,"15:04 ET"
MCD,248.07,2026-09-25,4,Put,242.50,-2.02%,0.85,1,1.17,542,366,1.48,22.58%,30.59%,-0.218314,"14:59 ET"
LI,11.52,2026-10-16,25,Put,11.00,-4.35%,0.3,0.31,0.34,621,419,1.48,46.61%,46.50%,-0.326734,"14:21 ET"
AMD,609.41,2027-02-19,151,Call,620.00,-2.00%,90.2,91.24,93.55,667,452,1.48,56.69%,58.26%,0.577842,"14:56 ET"
BNC,6.69,2026-10-16,25,Call,7.50,-12.78%,0.5,0.6,0.65,707,479,1.48,132.75%,125.87%,0.427061,"13:52 ET"
APH,80.86,2026-11-20,60,Put,65.00,-19.45%,0.9,0.95,1.05,835,564,1.48,43.45%,49.46%,-0.113306,"14:55 ET"
AXTI,79.42,2026-09-25,4,Call,75.00,+4.80%,6.3,6.7,6.8,887,598,1.48,112.91%,118.53%,0.705922,"15:00 ET"
SPCX,152.8,2026-10-09,18,Call,155.00,-1.97%,5.85,5.95,5.95,1383,932,1.48,51.69%,51.24%,0.471292,"14:59 ET"
BABA,115.88,2026-09-25,4,Call,126.00,-8.68%,0.61,0.63,0.66,553,375,1.47,46.82%,72.86%,0.14463,"14:32 ET"
USAR,16.9,2026-10-02,11,Call,18.00,-6.76%,0.48,0.52,0.52,584,398,1.47,78.51%,79.70%,0.344993,"14:47 ET"
CRML,8.88,2026-09-25,4,Call,8.00,+10.61%,0.85,1,1.05,651,444,1.47,115.80%,131.53%,0.771373,"14:58 ET"
OKLO,40.27,2026-09-25,4,Call,39.00,+2.77%,1.89,2.03,2.03,730,498,1.47,73.64%,77.08%,0.660878,"14:49 ET"
QCOM,193.76,2026-09-25,4,Put,185.00,-4.15%,1.6,1.68,1.73,811,551,1.47,53.50%,60.94%,-0.225822,"14:59 ET"
BKNG,169.51,2026-09-25,4,Call,170.00,+0.02%,2.5,2.68,3,847,577,1.47,36.76%,42.69%,0.479102,"14:26 ET"
IBM,230.43,2026-09-25,4,Put,225.00,-1.89%,1.42,1.48,1.58,986,670,1.47,36.75%,36.85%,-0.270471,"14:57 ET"
HOOD,124.73,2026-09-25,4,Put,116.00,-7.13%,0.77,0.78,0.8,1474,1001,1.47,64.05%,70.13%,-0.158264,"15:00 ET"
META,744.73,2026-09-21,0,Call,685.00,+8.36%,59.4,62,61.8,1670,1139,1.47,46.06%,80.36%,0.97949,"14:49 ET"
SOFI,16.99,2026-09-25,4,Call,16.50,+2.94%,0.61,0.64,0.64,2686,1824,1.47,47.14%,45.79%,0.738315,"15:00 ET"
INTC,121.33,2026-10-02,11,Call,125.00,-3.22%,4.55,4.51,4.6,4358,2962,1.47,70.53%,72.17%,0.435766,"14:56 ET"
SPCX,152.8,2026-10-02,11,Call,165.00,-8.55%,1.71,1.75,1.74,6018,4095,1.47,51.69%,54.45%,0.218623,"14:57 ET"
MSFT,498.39,2026-09-25,4,Call,510.00,-2.43%,1.74,1.82,1.82,6207,4231,1.47,27.02%,28.23%,0.21522,"15:00 ET"
AMC,2.97,2026-09-25,4,Call,3.00,-2.74%,0.11,0.12,0.12,34378,23385,1.47,86.52%,98.02%,0.50069,"15:00 ET"
SDGR,30.95,2026-10-16,25,Call,35.00,-14.08%,1.45,1.5,1.6,3574,2440,1.46,87.43%,91.35%,0.348281,"15:00 ET"
BTBT,1.855,2028-01-21,487,Call,4.0000,-115.05%,0.4,0.44,0.44,4636,3167,1.46,95.38%,95.72%,0.462116,"13:49 ET"
META,744.73,2026-09-25,4,Call,700.00,+6.36%,50,51,50.6,12437,8496,1.46,46.06%,65.26%,0.830837,"14:59 ET"
PSKY,10.09,2026-10-16,25,Call,11.00,-8.37%,0.32,0.38,0.45,13022,8911,1.46,65.41%,67.62%,0.350799,"15:00 ET"
SPCX,152.8,2026-10-30,39,Call,160.00,-5.26%,7.2,7.25,7.3,568,389,1.46,51.69%,50.90%,0.427479,"14:59 ET"
SHOP,135.8,2026-09-25,4,Put,125.00,-7.62%,0.3,0.37,0.42,685,470,1.46,53.44%,61.90%,-0.08635,"14:53 ET"
SPCX,152.8,2026-10-02,11,Put,143.00,-5.93%,1.86,1.87,1.88,770,528,1.46,51.69%,52.45%,-0.223485,"14:51 ET"
AAPL,338.77,2026-10-02,11,Put,332.50,-1.85%,2.86,2.93,3,786,539,1.46,23.84%,23.83%,-0.316601,"15:00 ET"
GLND,2.935,2026-11-20,60,Call,3.0000,-7.72%,0.6,0.67,0.75,938,643,1.46,177.54%,154.77%,0.603011,"14:33 ET"
INTC,121.33,2026-09-25,4,Put,108.00,-10.82%,0.33,0.36,0.34,1037,710,1.46,70.53%,79.18%,-0.072346,"14:44 ET"
SKHY,188.24,2026-09-25,4,Call,205.00,-9.38%,0.73,0.8,0.88,1125,768,1.46,60.67%,67.11%,0.125864,"14:54 ET"
MSTR,166.13,2026-09-25,4,Call,205.00,-23.17%,0.3,0.3,0.34,2177,1493,1.46,75.05%,110.81%,0.042357,"14:44 ET"
MSFT,498.39,2026-09-25,4,Put,500.00,+0.42%,6.55,6.7,6.8,2213,1515,1.46,27.02%,27.02%,-0.550751,"14:58 ET"
APP,331.49,2026-09-25,4,Call,335.00,-1.22%,7.5,7.9,7.9,504,348,1.45,60.73%,62.68%,0.473817,"14:58 ET"
DKNG,22.02,2026-09-25,4,Call,22.00,0.00%,0.56,0.6,0.62,677,467,1.45,55.59%,61.21%,0.527959,"14:45 ET"
GME,22.99,2026-09-25,4,Put,23.00,+0.31%,0.51,0.51,0.53,816,564,1.45,46.42%,52.52%,-0.498784,"14:52 ET"
DELL,580.66,2026-09-25,4,Put,570.00,-1.80%,10.75,10.9,11.05,863,594,1.45,61.27%,64.40%,-0.383557,"15:00 ET"
NBIS,236.3,2026-09-25,4,Put,212.50,-10.32%,1.46,1.45,1.65,936,644,1.45,84.66%,92.17%,-0.130656,"14:54 ET"
LUNR,15.65,2026-09-25,4,Call,15.00,+3.60%,0.84,0.91,1.01,977,674,1.45,84.05%,89.53%,0.680697,"14:44 ET"
NVDA,228.41,2026-09-28,7,Put,215.00,-5.43%,0.5,0.51,0.52,1084,750,1.45,32.79%,33.22%,-0.100759,"15:00 ET"
WULF,17.66,2026-10-02,11,Call,20.00,-13.57%,0.3,0.3,0.31,1134,780,1.45,83.20%,86.89%,0.215649,"15:02 ET"
AVGO,362.83,2026-10-02,11,Call,375.00,-3.63%,4.75,4.8,4.85,1192,824,1.45,37.71%,37.42%,0.323112,"14:56 ET"
COIN,202.32,2026-09-25,4,Call,240.00,-18.15%,0.39,0.42,0.43,1197,825,1.45,67.97%,95.55%,0.05019,"14:56 ET"
INTC,121.33,2026-10-09,18,Call,102.00,+15.77%,20.7,20.92,20.85,1849,1275,1.45,70.53%,71.62%,0.881894,"13:38 ET"
CLSK,15.03,2027-03-19,179,Call,15.00,+0.86%,3.4,3.5,3.75,2741,1884,1.45,79.41%,83.81%,0.627858,"13:36 ET"
MU,1046.84,2026-09-25,4,Call,"1,200.00",-15.04%,1.02,1.04,1.08,4275,2951,1.45,63.16%,69.66%,0.035494,"15:00 ET"
SPCX,152.8,2026-10-02,11,Call,155.00,-1.97%,4.5,4.55,4.55,5119,3533,1.45,51.69%,52.90%,0.451681,"15:00 ET"
IREN,48.53,2026-09-25,4,Call,50.00,-3.03%,1.21,1.21,1.23,15125,10515,1.44,84.82%,91.66%,0.392059,"15:00 ET"
CGEM,21.22,2027-01-15,116,Call,25.00,-18.04%,2.85,3.09,3.3,574,400,1.44,112.71%,90.24%,0.482873,"15:00 ET"
NN,15.48,2026-09-25,4,Call,15.00,+3.16%,0.65,0.85,1.05,651,451,1.44,102.75%,88.71%,0.655564,"14:24 ET"
NVDA,228.41,2026-10-09,18,Put,160.00,-29.62%,0.09,0.1,0.11,690,479,1.44,32.79%,68.69%,-0.008259,"12:33 ET"
GOOG,351.71,2026-10-02,11,Call,352.50,-0.50%,7.15,7.5,7.3,729,508,1.44,32.03%,31.86%,0.48871,"14:53 ET"
AMD,609.41,2027-01-15,116,Put,600.00,-1.29%,66.95,69.05,67.9,797,552,1.44,56.69%,56.52%,-0.401015,"14:53 ET"
AMD,609.41,2026-10-16,25,Put,570.00,-6.23%,16.1,16.42,16.5,847,587,1.44,56.69%,54.72%,-0.2789,"15:00 ET"
SPCX,152.8,2026-10-23,32,Put,140.00,-7.90%,3.6,3.6,3.7,895,623,1.44,51.69%,49.93%,-0.2514,"14:56 ET"
PFE,27.88,2026-09-25,4,Put,28.00,+0.36%,0.29,0.3,0.31,984,681,1.44,22.66%,20.55%,-0.569426,"14:59 ET"
AMD,609.41,2026-10-02,11,Call,650.00,-6.93%,10.6,10.45,10.95,1114,771,1.44,56.69%,57.39%,0.294773,"14:59 ET"
AGNC,9.99,2026-10-23,32,Put,9.50,-4.90%,0.1,0.12,0.13,1280,888,1.44,21.94%,26.38%,-0.239705,"14:41 ET"
META,744.73,2026-10-30,39,Call,800.00,-7.02%,30.25,30.63,31.25,510,356,1.43,46.06%,52.43%,0.379607,"15:00 ET"
VST,141.32,2026-09-25,4,Call,145.00,-2.70%,1.3,1.35,1.4,540,378,1.43,43.93%,46.45%,0.312672,"14:58 ET"
UAL,113.65,2026-10-02,11,Call,114.00,+0.15%,3.5,3.62,4.05,547,383,1.43,51.59%,50.14%,0.502853,"14:07 ET"
GE,320.67,2026-09-25,4,Call,330.00,-2.76%,1.37,1.5,1.7,563,394,1.43,32.21%,35.34%,0.227372,"14:47 ET"
META,744.73,2026-10-02,11,Call,725.00,+3.01%,38.15,39.5,39,568,396,1.43,46.06%,52.61%,0.640205,"14:48 ET"
BA,201.14,2026-10-02,11,Put,200.00,-0.50%,3.5,3.75,3.9,604,421,1.43,31.26%,31.01%,-0.442111,"14:04 ET"
MSFT,498.39,2026-10-09,18,Call,500.00,-0.42%,10.65,11.07,11.1,674,471,1.43,27.02%,26.19%,0.492095,"14:58 ET"
VRT,252.63,2026-09-25,4,Put,235.00,-6.98%,1.03,1.09,1.12,681,477,1.43,57.81%,63.12%,-0.125732,"14:58 ET"
COIN,202.32,2026-10-02,11,Call,230.00,-13.22%,2.43,2.44,2.5,683,479,1.43,67.97%,74.83%,0.182521,"14:59 ET"
NVDA,228.41,2026-09-28,7,Put,217.50,-4.33%,0.73,0.72,0.75,735,513,1.43,32.79%,31.73%,-0.141941,"14:56 ET"
AVGO,362.83,2027-09-17,361,Call,480.00,-32.65%,33.8,34.17,34.6,747,523,1.43,37.71%,46.04%,0.375158,"14:56 ET"
TSEM,234.18,2026-10-16,25,Call,260.00,-11.31%,7.9,8.35,8.8,773,540,1.43,71.62%,70.82%,0.323792,"15:03 ET"
VICI,23.98,2026-10-16,25,Call,25.00,-4.25%,0.1,0.12,0.15,970,679,1.43,18.21%,18.90%,0.194847,"15:01 ET"
EE,34.12,2026-11-20,60,Put,35.00,+3.34%,2.4,1.8,3.1,1000,701,1.43,39.72%,40.37%,-0.536516,"10:59 ET"
BMNR,27.94,2026-10-09,18,Put,22.00,-21.15%,0.15,0.19,0.22,1002,702,1.43,79.84%,81.20%,-0.075861,"14:48 ET"
SMCI,41.12,2026-10-02,11,Call,41.00,+0.27%,2.14,2.15,2.21,1316,918,1.43,75.07%,73.55%,0.53834,"14:58 ET"
QCOM,193.76,2026-09-25,4,Call,212.50,-10.10%,0.72,0.74,0.78,1531,1067,1.43,53.50%,70.51%,0.111654,"15:00 ET"
EOSE,4.09,2026-10-09,18,Call,4.50,-11.11%,0.22,0.22,0.25,1887,1324,1.43,105.10%,111.24%,0.383687,"14:47 ET"
AMD,609.41,2026-10-16,25,Call,630.00,-3.64%,28.05,27.8,28.35,3035,2121,1.43,56.69%,55.18%,0.456876,"15:00 ET"
NFLX,73.57,2026-09-25,4,Call,77.00,-5.08%,0.18,0.18,0.19,5537,3867,1.43,34.76%,37.10%,0.131072,"15:00 ET"
HIMS,29.02,2026-09-25,4,Call,30.00,-3.20%,0.54,0.54,0.56,6553,4593,1.43,70.41%,77.71%,0.358395,"14:59 ET"
MU,1046.84,2026-10-02,11,Call,"1,050.00",-0.66%,53.7,53.56,55,2811,1983,1.42,63.16%,74.97%,0.525554,"14:58 ET"
RGTI,16.45,2026-10-16,25,Call,16.00,+2.50%,1.42,1.46,1.46,4178,2948,1.42,72.96%,70.87%,0.597108,"14:50 ET"
BABA,115.88,2026-09-25,4,Call,130.00,-12.13%,0.33,0.34,0.35,6286,4413,1.42,46.82%,76.89%,0.082514,"15:00 ET"
AMD,609.41,2026-10-02,11,Call,610.00,-0.35%,25.2,24.35,25.5,644,452,1.42,56.69%,56.41%,0.539062,"14:58 ET"
NEE,79.68,2027-03-19,179,Call,82.50,-3.41%,3.9,3.95,4.1,916,647,1.42,20.77%,23.02%,0.450161,"14:16 ET"
COIN,202.32,2026-09-25,4,Put,192.50,-5.24%,2.24,2.33,2.34,963,679,1.42,67.97%,73.33%,-0.24048,"15:00 ET"
SKHY,188.24,2026-09-25,4,Put,180.00,-3.96%,1.71,1.76,1.87,1990,1403,1.42,60.67%,64.55%,-0.232769,"15:00 ET"
UUUU,12.23,2026-11-20,60,Call,12.00,+1.64%,1.55,1.56,1.58,2263,1591,1.42,67.92%,72.51%,0.591315,"14:55 ET"
MU,1046.84,2026-09-25,4,Call,"1,085.00",-4.02%,12.9,13.2,13.2,592,421,1.41,63.16%,61.32%,0.311577,"15:00 ET"
HPQ,33,2026-09-25,4,Put,32.50,-1.40%,0.52,0.55,0.64,605,429,1.41,50.40%,52.99%,-0.422091,"14:15 ET"
AAOI,108.58,2026-09-25,4,Call,125.00,-16.18%,0.6,0.65,0.7,625,443,1.41,92.37%,107.16%,0.114791,"14:56 ET"
ACHR,5.46,2026-11-20,60,Call,7.00,-27.97%,0.21,0.22,0.22,640,454,1.41,65.75%,74.50%,0.252509,"14:59 ET"
NTSK,18.07,2026-10-16,25,Call,22.50,-25.56%,0.2,0.25,0.3,855,606,1.41,71.03%,73.46%,0.150801,"14:47 ET"
AAPL,338.77,2026-09-23,2,Call,332.50,+1.85%,6.65,7.1,7.05,1076,762,1.41,23.84%,28.21%,0.81134,"14:45 ET"
DELL,580.66,2026-09-25,4,Call,570.00,+1.80%,21.4,21.7,21.9,1106,782,1.41,61.27%,66.82%,0.613553,"14:56 ET"
BA,201.14,2026-09-25,4,Call,202.50,-0.75%,2.33,2.39,2.42,1608,1144,1.41,31.26%,34.93%,0.441561,"14:59 ET"
IREN,48.53,2026-10-02,11,Call,52.00,-7.15%,1.46,1.5,1.6,1638,1165,1.41,84.82%,84.97%,0.345726,"14:57 ET"
ONDS,7.38,2026-10-02,11,Call,8.00,-8.40%,0.13,0.13,0.14,3250,2301,1.41,70.16%,68.91%,0.266825,"14:59 ET"
INTC,121.33,2027-01-15,116,Call,180.00,-48.64%,5.8,5.8,5.95,4829,3443,1.4,70.53%,73.99%,0.238773,"14:51 ET"
INTC,121.33,2026-10-02,11,Put,99.00,-18.25%,0.33,0.33,0.34,6075,4354,1.4,70.53%,74.24%,-0.048926,"14:58 ET"
PSKY,10.09,2026-10-16,25,Put,10.00,-1.48%,0.56,0.61,0.65,7186,5131,1.4,65.41%,63.35%,-0.438191,"14:51 ET"
META,744.73,2028-06-16,634,Call,"1,480.00",-97.99%,48.6,49.5,50.2,683,488,1.4,46.06%,46.64%,0.240193,"14:31 ET"
BA,201.14,2026-09-25,4,Put,192.50,-4.23%,0.4,0.4,0.45,931,667,1.4,31.26%,35.87%,-0.113717,"14:57 ET"
SKHY,188.24,2026-09-25,4,Call,187.50,-0.04%,5.35,5.45,5.6,938,671,1.4,60.67%,61.98%,0.551221,"14:59 ET"
NET,348.86,2026-10-16,25,Call,350.00,-0.64%,21.05,21.24,22.35,1128,806,1.4,62.00%,59.65%,0.530843,"14:49 ET"
MSTR,166.13,2026-10-02,11,Call,185.00,-11.15%,3.5,3.45,3.65,1304,930,1.4,75.05%,83.77%,0.261689,"14:53 ET"
SPCX,152.8,2026-10-02,11,Call,162.50,-6.90%,2.19,2.25,2.23,1316,941,1.4,51.69%,53.86%,0.266618,"14:57 ET"
PURR,13.91,2026-09-25,4,Call,14.00,-1.16%,0.55,0.6,0.65,2243,1597,1.4,99.40%,112.67%,0.495871,"14:59 ET"
MSTR,166.13,2026-11-20,60,Call,225.00,-35.18%,6.45,6.6,6.6,565,407,1.39,75.05%,81.77%,0.235292,"14:35 ET"
NBIS,236.3,2026-09-25,4,Call,290.00,-22.39%,0.31,0.34,0.36,599,432,1.39,84.66%,105.26%,0.033996,"14:57 ET"
MRVL,259.21,2026-09-25,4,Call,285.00,-10.21%,1.21,1.31,1.34,867,623,1.39,70.41%,76.93%,0.126936,"14:55 ET"
PLAB,29.44,2026-10-16,25,Call,35.00,-19.25%,0.25,0.3,0.3,972,699,1.39,51.08%,55.53%,0.135282,"14:35 ET"
PRAX,298.45,2026-10-16,25,Call,500.00,-67.67%,0,0.7,2.1,994,713,1.39,65.67%,102.25%,0.036307,"14:11 ET"
INTC,121.33,2026-10-09,18,Put,95.00,-21.55%,0.44,0.46,0.47,1034,742,1.39,70.53%,72.04%,-0.052297,"14:59 ET"
NBIS,236.3,2026-09-25,4,Call,280.00,-18.17%,0.59,0.62,0.62,1397,1006,1.39,84.66%,101.49%,0.058606,"14:57 ET"
MSTR,166.13,2026-10-16,25,Call,185.00,-11.15%,7,6.97,7.15,1719,1233,1.39,75.05%,78.05%,0.345625,"14:58 ET"
TSLA,376.05,2026-10-23,32,Call,400.00,-6.94%,11.35,11.4,11.5,1759,1263,1.39,42.13%,45.90%,0.355521,"15:04 ET"
META,744.73,2026-09-25,4,Call,742.50,+0.67%,21.1,21.57,21.2,2326,1674,1.39,46.06%,63.04%,0.538066,"14:59 ET"
INTC,121.33,2026-10-02,11,Call,130.00,-7.35%,3,3.05,3.1,5312,3808,1.39,70.53%,73.74%,0.322054,"15:00 ET"
PLTR,181.8,2026-09-25,4,Call,182.50,-0.53%,3.4,3.45,3.5,9859,7085,1.39,50.13%,51.03%,0.474249,"15:00 ET"
GOOG,351.71,2026-09-25,4,Call,362.50,-3.35%,1.3,1.35,1.33,3292,2379,1.38,32.03%,34.19%,0.192625,"14:56 ET"
GOOGL,355.43,2026-09-25,4,Call,360.00,-1.55%,2.9,2.9,2.98,7277,5272,1.38,32.22%,34.32%,0.349695,"15:00 ET"
SMCI,41.12,2026-09-25,4,Call,45.00,-9.46%,0.31,0.32,0.32,7714,5610,1.38,75.07%,85.08%,0.167989,"14:56 ET"
AMZN,258.67,2026-10-02,11,Call,260.00,-0.67%,5.05,5.1,5.1,8401,6097,1.38,32.39%,30.86%,0.483233,"15:00 ET"
QCOM,193.76,2026-09-25,4,Call,200.00,-3.62%,2.69,2.8,2.77,12698,9170,1.38,53.50%,64.40%,0.329698,"15:00 ET"
MSTR,166.13,2026-10-23,32,Call,180.00,-8.15%,9.7,9.75,9.95,603,438,1.38,75.05%,75.40%,0.413312,"14:23 ET"
CRWD,249.34,2026-09-25,4,Put,232.50,-6.43%,0.92,1.03,1.01,641,464,1.38,54.37%,60.08%,-0.121245,"14:57 ET"
POET,8.55,2026-09-25,4,Put,8.00,-6.32%,0.12,0.12,0.13,673,488,1.38,87.10%,94.85%,-0.238511,"14:57 ET"
MU,1046.84,2026-09-25,4,Put,980.00,-6.05%,4.85,5,5,829,600,1.38,63.16%,61.79%,-0.138733,"14:59 ET"
MRVL,259.21,2026-10-02,11,Put,220.00,-14.92%,1.21,1.24,1.29,893,649,1.38,70.41%,71.07%,-0.081696,"14:42 ET"
QCOM,193.76,2026-09-25,4,Call,187.50,+2.85%,8.4,8.65,8.85,1143,828,1.38,53.50%,61.75%,0.703957,"15:00 ET"
SNDK,1764.65,2026-09-25,4,Put,"1,650.00",-5.88%,13.5,14.2,14,1299,942,1.38,73.55%,73.72%,-0.179562,"14:57 ET"
PANW,370.62,2026-09-25,4,Call,400.00,-8.37%,1.21,1.35,1.35,1652,1193,1.38,51.79%,58.14%,0.11841,"15:00 ET"
CSCO,111.1,2026-09-25,4,Call,113.00,-2.39%,0.67,0.67,0.75,2149,1552,1.38,32.23%,33.14%,0.297208,"15:00 ET"
ASTS,61.94,2026-09-25,4,Put,61.00,-1.26%,1.64,1.62,1.75,587,429,1.37,74.97%,79.15%,-0.428876,"14:41 ET"
HL,18.44,2026-09-25,4,Call,19.00,-2.98%,0.26,0.3,0.3,620,451,1.37,60.05%,65.18%,0.345052,"14:59 ET"
MRVL,259.21,2026-09-25,4,Call,267.50,-3.45%,4.5,4.52,4.75,747,547,1.37,70.41%,73.98%,0.355194,"14:51 ET"
FLEX,111.29,2026-11-20,60,Call,125.00,-12.83%,6.7,7.2,7.6,811,592,1.37,61.01%,66.39%,0.391381,"14:26 ET"
TDOC,6.26,2026-10-02,11,Call,6.50,-3.50%,0.09,0.12,0.14,937,686,1.37,56.98%,48.31%,0.343392,"12:37 ET"
SPCX,152.8,2026-12-18,88,Call,215.00,-41.44%,2.62,2.87,2.7,1123,818,1.37,51.69%,55.96%,0.139876,"12:39 ET"
BE,275.25,2026-09-25,4,Put,270.00,-1.50%,7.55,7.65,7.65,1175,856,1.37,80.90%,86.68%,-0.403893,"14:57 ET"
PLTR,181.8,2026-10-02,11,Call,195.00,-7.41%,1.75,1.81,1.81,1187,868,1.37,50.13%,48.47%,0.213286,"14:57 ET"
AMD,609.41,2027-09-17,361,Call,970.00,-59.58%,57.9,58.6,60.2,1875,1368,1.37,56.69%,58.54%,0.333051,"14:23 ET"
RGTI,16.45,2026-09-25,4,Call,17.50,-6.64%,0.17,0.19,0.18,2323,1693,1.37,72.96%,78.26%,0.232136,"14:53 ET"
SKHY,188.24,2026-10-02,11,Call,200.00,-6.71%,3.8,4.05,4.1,2407,1757,1.37,60.67%,62.37%,0.316351,"15:00 ET"
NFLX,73.57,2026-09-25,4,Put,70.00,-4.48%,0.12,0.12,0.13,6287,4579,1.37,34.76%,37.22%,-0.092069,"15:00 ET"
CORZ,18.6,2026-11-20,60,Call,25.00,-34.99%,0.62,0.62,0.64,7825,5705,1.37,73.45%,76.30%,0.219524,"14:57 ET"
NFLX,73.57,2026-10-02,11,Call,80.00,-9.17%,0.18,0.19,0.19,3898,2866,1.36,34.76%,34.67%,0.091859,"14:59 ET"
SPCX,152.8,2026-09-25,4,Call,175.00,-15.12%,0.11,0.11,0.12,5929,4345,1.36,51.69%,67.64%,0.028378,"14:59 ET"
VZ,47.9,2026-09-25,4,Put,48.00,+0.25%,0.51,0.52,0.57,820,603,1.36,23.90%,23.97%,-0.533108,"14:56 ET"
AMZN,258.67,2026-09-30,9,Call,270.00,-4.55%,1.23,1.3,1.29,1150,843,1.36,32.39%,29.75%,0.192766,"14:56 ET"
CRML,8.88,2026-10-16,25,Call,12.50,-39.66%,0.15,0.21,0.25,1867,1376,1.36,115.80%,117.28%,0.160773,"14:54 ET"
SKHY,188.24,2026-09-25,4,Call,202.50,-8.05%,0.99,1.05,1.15,518,383,1.35,60.67%,65.90%,0.160916,"15:00 ET"
VLO,404.11,2026-10-02,11,Put,375.00,-7.35%,3.9,4.3,5,527,391,1.35,52.01%,53.19%,-0.203871,"13:07 ET"
ARM,320.83,2026-10-16,25,Call,450.00,-39.97%,2.96,3.1,3.3,550,408,1.35,77.86%,90.05%,0.096534,"14:57 ET"
GME,22.99,2026-10-30,39,Call,26.00,-13.39%,0.69,0.73,0.77,684,507,1.35,46.42%,59.35%,0.28823,"14:45 ET"
IREN,48.53,2026-09-25,4,Call,49.50,-2.00%,1.39,1.36,1.41,918,682,1.35,84.82%,91.28%,0.432381,"15:00 ET"
AAPL,338.77,2026-09-28,7,Call,335.00,+1.11%,6.1,6.5,6.5,986,731,1.35,23.84%,22.32%,0.646928,"14:44 ET"
FRVO,16.78,2026-10-16,25,Call,20.00,-19.19%,0.7,0.8,0.9,1064,790,1.35,102.64%,105.57%,0.309614,"14:55 ET"
TLRY,4.09,2026-10-16,25,Call,4.50,-10.57%,0.17,0.18,0.18,1093,811,1.35,74.07%,76.01%,0.354007,"14:38 ET"
CRWD,249.34,2026-09-25,4,Put,240.00,-3.42%,2.31,2.33,2.38,1121,830,1.35,54.37%,58.69%,-0.248831,"15:00 ET"
KO,87.9,2026-11-20,60,Call,97.50,-10.95%,0.41,0.43,0.45,1356,1006,1.35,18.44%,20.69%,0.122121,"14:45 ET"
IBM,230.43,2026-09-25,4,Call,240.00,-4.65%,0.77,0.83,0.88,1824,1348,1.35,36.75%,39.98%,0.164612,"14:57 ET"
META,744.73,2026-09-25,4,Put,610.00,-18.40%,0.1,0.13,0.16,1931,1429,1.35,46.06%,78.29%,-0.006405,"14:47 ET"
AMZN,258.67,2026-09-23,2,Call,252.50,+2.23%,6.65,6.4,7,1943,1444,1.35,32.39%,33.11%,0.846043,"14:49 ET"
NVAX,10.56,2026-09-25,4,Call,11.00,-4.07%,0.18,0.21,0.2,1947,1446,1.35,79.15%,81.68%,0.33356,"15:00 ET"
UBER,70.96,2026-09-25,4,Call,74.00,-4.08%,0.23,0.23,0.24,2218,1646,1.35,34.75%,38.38%,0.159466,"15:03 ET"
TSLA,376.05,2026-09-21,0,Call,367.50,+1.75%,8,8.2,8.3,5219,3870,1.35,42.13%,19.37%,0.985811,"15:04 ET"
NVDA,228.41,2026-09-23,2,Call,220.00,+3.23%,8,8.05,8.1,7334,5419,1.35,32.79%,39.02%,0.885385,"15:00 ET"
MARA,13.47,2026-09-25,4,Put,13.00,-3.56%,0.31,0.33,0.33,6186,4620,1.34,85.04%,92.77%,-0.346502,"14:58 ET"
MSTR,166.13,2026-10-16,25,Call,215.00,-29.18%,2.66,2.58,2.76,795,593,1.34,75.05%,85.23%,0.153978,"14:04 ET"
BRK.B,504.99,2026-09-25,4,Call,510.00,-0.95%,1.45,1.5,1.58,920,686,1.34,14.65%,15.44%,0.296177,"14:57 ET"
MU,1046.84,2026-09-25,4,Call,"1,075.00",-3.06%,15.85,16.16,16.15,972,726,1.34,63.16%,60.85%,0.363055,"15:00 ET"
QCOM,193.76,2026-09-25,4,Put,180.00,-6.74%,0.72,0.8,0.82,1043,776,1.34,53.50%,61.70%,-0.121316,"14:59 ET"
RDW,11.65,2026-09-25,4,Call,12.50,-7.39%,0.1,0.15,0.15,1125,841,1.34,87.02%,87.42%,0.215903,"14:58 ET"
INTC,121.33,2026-11-20,60,Put,57.50,-52.52%,0.13,0.15,0.17,1229,914,1.34,70.53%,85.37%,-0.009457,"13:59 ET"
BMNR,27.94,2027-01-15,116,Call,21.00,+24.73%,8.75,8.93,9,1332,991,1.34,79.84%,80.43%,0.811845,"15:00 ET"
BB,8.4,2026-09-25,4,Put,7.50,-11.14%,0.14,0.15,0.16,1885,1402,1.34,79.45%,141.77%,-0.20037,"14:44 ET"
HOOD,124.73,2026-10-02,11,Call,135.00,-8.09%,2.15,2.19,2.2,2387,1788,1.34,64.05%,66.76%,0.263223,"14:59 ET"
ALOY,9.16,2026-10-16,25,Call,11.00,-20.35%,0.35,0.35,0.4,503,378,1.33,106.79%,100.16%,0.285614,"14:58 ET"
JPM,352.2,2026-10-02,11,Call,360.00,-2.14%,2.61,2.67,2.77,526,396,1.33,25.60%,22.32%,0.311955,"14:58 ET"
VZ,47.9,2027-09-17,361,Put,38.00,-20.63%,1.22,1.28,1.36,539,404,1.33,23.90%,26.82%,-0.164984,"14:54 ET"
SKHY,188.24,2026-10-30,39,Put,165.00,-11.96%,5.25,5.6,5.7,605,456,1.33,60.67%,63.06%,-0.221115,"14:14 ET"
SNOW,334.11,2028-12-15,816,Call,450.00,-34.68%,86.9,89.79,93,620,467,1.33,46.83%,57.97%,0.5782,"14:38 ET"
MRVL,259.21,2026-09-25,4,Call,247.50,+4.29%,14.75,14.95,15.45,623,467,1.33,70.41%,75.37%,0.733037,"14:58 ET"
PURR,13.91,2026-10-02,11,Call,14.00,-1.16%,0.85,0.97,1,628,471,1.33,99.40%,101.31%,0.518105,"14:54 ET"
ASTS,61.94,2026-09-25,4,Call,61.00,+1.26%,2.23,2.42,2.39,670,503,1.33,74.97%,75.67%,0.573227,"14:38 ET"
RIOT,24.5,2026-10-02,11,Put,22.00,-10.53%,0.38,0.43,0.42,722,542,1.33,81.77%,80.66%,-0.196018,"14:10 ET"
BBAI,2.9,2026-11-20,60,Call,3.00,-3.81%,0.3,0.31,0.32,725,545,1.33,63.29%,74.28%,0.520942,"15:00 ET"
AAPL,338.77,2026-10-23,32,Put,315.00,-7.01%,1.97,2.05,2.07,726,545,1.33,23.84%,25.22%,-0.149495,"14:40 ET"
CRDO,186.78,2026-10-02,11,Call,200.00,-7.52%,4.8,4.78,5,803,603,1.33,72.04%,74.20%,0.330481,"14:56 ET"
QUBT,9.06,2026-12-18,88,Put,8.00,-11.80%,0.76,0.82,0.85,875,658,1.33,71.02%,77.66%,-0.297985,"13:20 ET"
TSLA,376.05,2026-09-23,2,Call,362.50,+3.08%,14.05,14.1,14.55,977,732,1.33,42.13%,48.11%,0.846998,"15:04 ET"
LULU,100.95,2026-09-25,4,Call,102.00,-0.88%,1.3,1.45,1.43,1032,775,1.33,41.27%,44.71%,0.411719,"14:54 ET"
NFLX,73.57,2026-10-02,11,Call,77.00,-5.08%,0.56,0.56,0.58,1580,1184,1.33,34.76%,33.39%,0.234771,"15:00 ET"
TSLA,376.05,2026-09-25,4,Call,425.00,-13.63%,0.1,0.1,0.11,2007,1504,1.33,42.13%,53.13%,0.014473,"15:04 ET"
COIN,202.32,2026-09-25,4,Put,185.00,-8.93%,0.86,0.91,1,2389,1790,1.33,67.97%,75.03%,-0.115738,"14:57 ET"
PURR,13.91,2026-10-16,25,Call,17.00,-22.83%,0.5,0.51,0.65,2401,1812,1.33,99.40%,105.37%,0.278138,"14:04 ET"
PLTR,181.8,2026-10-02,11,Call,200.00,-10.17%,1.03,1.03,1.06,3672,2767,1.33,50.13%,48.84%,0.138534,"14:59 ET"
NVTS,12.21,2026-09-25,4,Call,12.50,-2.54%,0.3,0.3,0.31,4252,3187,1.33,80.92%,85.14%,0.40976,"14:58 ET"
META,744.73,2026-10-16,25,Call,730.00,+2.34%,45.25,45.55,45.45,4745,3561,1.33,46.06%,47.14%,0.597981,"14:59 ET"
PFE,27.88,2026-09-25,4,Call,28.00,-0.36%,0.2,0.21,0.22,5819,4377,1.33,22.66%,22.45%,0.437312,"14:59 ET"
RDW,11.65,2027-01-15,116,Call,17.00,-46.05%,1,1.05,1.1,2568,1951,1.32,87.02%,94.74%,0.333931,"14:41 ET"
RIVN,15.54,2026-09-25,4,Call,15.50,-0.45%,0.35,0.36,0.36,4697,3552,1.32,57.78%,56.35%,0.503539,"15:00 ET"
GOOG,351.71,2026-09-25,4,Call,350.00,+0.21%,5.6,5.65,5.7,4992,3786,1.32,32.03%,34.41%,0.544519,"15:00 ET"
BMNR,27.94,2026-09-25,4,Call,30.00,-7.53%,0.37,0.37,0.38,11469,8656,1.32,79.84%,90.78%,0.248179,"15:00 ET"
MARA,13.47,2026-10-09,18,Put,11.50,-14.69%,0.24,0.23,0.26,574,436,1.32,85.04%,83.12%,-0.172199,"14:55 ET"
MRNA,174.6,2026-10-02,11,Call,175.00,+0.22%,9.1,9.83,9.95,641,484,1.32,82.28%,80.39%,0.521624,"14:55 ET"
GLW,159.53,2026-09-25,4,Call,165.00,-3.55%,2.17,2.27,2.3,876,666,1.32,60.49%,65.02%,0.325944,"14:59 ET"
JPM,352.2,2026-09-25,4,Put,345.00,-2.12%,1,1.08,1.08,981,744,1.32,25.60%,25.49%,-0.196451,"15:00 ET"
MRVL,259.21,2026-09-25,4,Put,240.00,-7.19%,1.65,1.74,1.81,1105,836,1.32,70.41%,75.42%,-0.156011,"14:53 ET"
NBIS,236.3,2026-09-25,4,Put,225.00,-5.04%,4.3,4.35,4.5,1113,841,1.32,84.66%,90.87%,-0.295628,"15:00 ET"
B,42.88,2026-09-25,4,Call,45.00,-5.12%,0.14,0.16,0.17,1148,870,1.32,42.24%,44.56%,0.152281,"14:53 ET"
CRWD,249.34,2026-09-25,4,Put,230.00,-7.44%,0.69,0.72,0.73,1997,1510,1.32,54.37%,60.95%,-0.093006,"14:59 ET"
COIN,202.32,2026-09-25,4,Call,230.00,-13.22%,0.78,0.8,0.85,2146,1625,1.32,67.97%,89.34%,0.095278,"14:59 ET"
IREN,48.53,2026-09-25,4,Call,51.00,-5.09%,0.9,0.89,0.93,2302,1741,1.32,84.82%,92.39%,0.317101,"14:59 ET"
COIN,202.32,2026-10-02,11,Call,210.00,-3.38%,6.55,6.6,6.8,563,431,1.31,67.97%,69.22%,0.408173,"14:57 ET"
MU,1046.84,2026-09-25,4,Call,"1,090.00",-4.50%,11.6,11.9,11.9,583,445,1.31,63.16%,61.55%,0.287504,"15:00 ET"
AG,19.26,2026-09-25,4,Call,19.00,+1.25%,0.6,0.65,0.71,799,612,1.31,58.41%,62.78%,0.601391,"14:48 ET"
FRMI,5.11,2026-09-25,4,Call,5.50,-7.00%,0.05,0.1,0.1,956,732,1.31,100.26%,96.72%,0.253881,"14:59 ET"
AXTI,79.42,2026-10-16,25,Call,70.00,+11.14%,13.9,14,14.5,971,743,1.31,112.91%,108.92%,0.725962,"14:54 ET"
CRWD,249.34,2026-09-25,4,Call,252.50,-1.61%,4.85,4.92,5.15,1051,800,1.31,54.37%,59.91%,0.443016,"14:59 ET"
MSTR,166.13,2026-09-25,4,Put,152.50,-8.38%,1.11,1.17,1.15,1668,1278,1.31,75.05%,83.80%,-0.144676,"15:00 ET"
TSLA,376.05,2026-10-02,11,Call,390.00,-4.27%,6.1,6.16,6.2,3390,2586,1.31,42.13%,44.67%,0.333323,"15:04 ET"
SPCX,152.8,2026-10-02,11,Call,175.00,-15.12%,0.65,0.66,0.67,3427,2626,1.31,51.69%,57.99%,0.095458,"15:00 ET"
GOOG,351.71,2026-10-02,11,Call,370.00,-5.49%,1.88,1.93,1.94,4331,3295,1.31,32.03%,32.01%,0.184069,"14:58 ET"
MSTR,166.13,2026-09-25,4,Call,160.00,+3.87%,9.65,9.62,9.8,14127,10777,1.31,75.05%,84.45%,0.69477,"15:00 ET"
WMT,107.46,2026-09-25,4,Call,109.00,-1.42%,0.52,0.53,0.53,2758,2115,1.3,24.03%,24.78%,0.300631,"15:02 ET"
QBTS,17.78,2026-09-25,4,Call,18.00,-1.41%,0.43,0.43,0.45,2816,2172,1.3,73.73%,75.32%,0.441469,"14:59 ET"
AMZN,258.67,2026-09-21,0,Call,252.50,+2.23%,6.1,6.15,6.35,2985,2304,1.3,32.39%,19.01%,0.99367,"14:59 ET"
BABA,115.88,2026-09-25,4,Call,116.00,-0.05%,3.1,3.2,3.25,3524,2701,1.3,46.82%,66.83%,0.507966,"15:00 ET"
HOOD,124.73,2026-09-25,4,Call,140.00,-12.09%,0.35,0.35,0.36,3677,2820,1.3,64.05%,77.46%,0.080075,"15:00 ET"
SPCX,152.8,2026-10-02,11,Put,150.00,-1.32%,4.15,4.2,4.25,3925,3021,1.3,51.69%,51.67%,-0.406323,"14:59 ET"
ASTS,61.94,2026-10-16,25,Call,65.00,-5.21%,3.4,3.6,3.55,6347,4900,1.3,74.97%,74.22%,0.436421,"14:55 ET"
META,744.73,2026-10-02,11,Call,850.00,-13.71%,3.15,3.09,3.4,509,393,1.3,46.06%,56.26%,0.099053,"14:56 ET"
APP,331.49,2026-09-25,4,Call,325.00,+1.80%,12.8,12.5,13.4,512,395,1.3,60.73%,62.79%,0.653832,"14:55 ET"
BAC,58.14,2026-10-02,11,Call,61.00,-4.96%,0.13,0.14,0.15,527,406,1.3,25.88%,22.53%,0.12567,"15:00 ET"
PLTR,181.8,2026-10-02,11,Call,192.50,-6.04%,2.25,2.34,2.33,601,462,1.3,50.13%,48.30%,0.259688,"14:47 ET"
D,62.96,2026-10-16,25,Call,65.00,-3.11%,0.5,0.53,0.65,686,527,1.3,20.27%,20.29%,0.283784,"14:50 ET"
META,744.73,2026-10-16,25,Put,645.00,-13.71%,4.8,4.91,4.9,707,542,1.3,46.06%,47.00%,-0.104987,"14:59 ET"
AXTI,79.42,2026-10-16,25,Call,75.00,+4.80%,11.1,11.3,11.4,833,642,1.3,112.91%,107.95%,0.640289,"14:57 ET"
META,744.73,2026-10-16,25,Put,675.00,-9.70%,9.65,9.7,9.75,962,740,1.3,46.06%,46.32%,-0.185441,"14:59 ET"
CSCO,111.1,2026-09-25,4,Call,110.00,+0.33%,1.99,2.06,2.19,1262,974,1.3,32.23%,35.16%,0.591427,"14:58 ET"
SKHY,188.24,2026-09-25,4,Put,175.00,-6.63%,0.85,0.9,0.92,1555,1194,1.3,60.67%,66.11%,-0.131053,"14:58 ET"
SMTC,178.33,2026-10-16,25,Put,160.00,-10.03%,7.1,7.5,7.6,540,419,1.29,82.89%,84.28%,-0.271401,"14:45 ET"
GEHC,64.82,2026-10-16,25,Call,70.00,-8.01%,0.4,0.4,0.55,659,510,1.29,31.74%,29.52%,0.180742,"13:21 ET"
BAC,58.14,2026-10-02,11,Call,58.00,+0.21%,1.1,1.11,1.18,746,577,1.29,25.88%,24.71%,0.552925,"14:59 ET"
AXTI,79.42,2027-02-19,151,Call,120.00,-52.32%,12.6,12.5,13.5,812,630,1.29,112.91%,115.37%,0.43589,"12:55 ET"
META,744.73,2026-10-02,11,Call,900.00,-20.40%,0.99,1.04,1.17,873,675,1.29,46.06%,58.76%,0.036897,"14:56 ET"
NVDA,228.41,2026-09-23,2,Call,210.00,+7.63%,17.7,18,17.9,904,701,1.29,32.79%,59.32%,0.968719,"14:57 ET"
PEP,129.86,2026-09-25,4,Call,130.00,-0.27%,1.17,1.15,1.3,945,734,1.29,24.99%,23.22%,0.498393,"14:46 ET"
BABA,115.88,2026-09-25,4,Call,121.00,-4.36%,1.41,1.45,1.49,1154,896,1.29,46.82%,69.11%,0.287191,"14:55 ET"
ORCL,148.74,2026-09-25,4,Put,146.00,-1.30%,2.14,2.19,2.24,1577,1226,1.29,50.24%,53.48%,-0.370539,"14:58 ET"
GME,22.99,2026-09-25,4,Put,22.00,-4.06%,0.11,0.12,0.13,1588,1235,1.29,46.42%,47.60%,-0.186819,"14:53 ET"
RKLB,69.56,2026-09-25,4,Call,69.00,+0.55%,2.25,2.25,2.32,1810,1399,1.29,71.51%,73.54%,0.539093,"14:59 ET"
LAC,2.99,2026-11-20,60,Call,3.50,-17.06%,0.16,0.16,0.19,2060,1595,1.29,63.82%,70.15%,0.352499,"14:46 ET"
GOOG,351.71,2026-09-25,4,Call,370.00,-5.49%,0.47,0.48,0.5,4265,3316,1.29,32.03%,35.47%,0.082742,"14:59 ET"
SMCI,41.12,2026-09-25,4,Call,41.00,+0.27%,1.42,1.46,1.46,5449,4234,1.29,75.07%,79.83%,0.533065,"15:00 ET"
AMZN,258.67,2026-09-25,4,Call,257.50,+0.29%,4.25,4.3,4.35,5787,4500,1.29,32.39%,33.20%,0.567224,"15:00 ET"
IREN,48.53,2026-10-02,11,Call,50.00,-3.03%,2.16,2.18,2.21,5929,4608,1.29,84.82%,84.21%,0.446915,"15:00 ET"
BE,275.25,2026-09-25,4,Call,280.00,-2.15%,7.8,7.85,7.9,3280,2571,1.28,80.90%,88.04%,0.439182,"14:59 ET"
IREN,48.53,2026-09-25,4,Put,45.00,-7.27%,0.52,0.55,0.54,3374,2646,1.28,84.82%,89.46%,-0.199973,"14:59 ET"
NVDA,228.41,2026-09-25,4,Call,242.50,-6.66%,0.17,0.17,0.18,3879,3033,1.28,32.79%,36.01%,0.049535,"15:00 ET"
BA,201.14,2026-09-25,4,Call,210.00,-4.48%,0.45,0.47,0.48,3995,3131,1.28,31.26%,35.09%,0.12796,"14:59 ET"
CIFR,19.07,2026-09-25,4,Call,22.00,-14.64%,0.14,0.17,0.18,5401,4231,1.28,99.43%,119.91%,0.138901,"14:54 ET"
PLTR,181.8,2026-09-25,4,Call,177.50,+2.23%,6.2,6.2,6.4,6320,4922,1.28,50.13%,52.11%,0.672628,"14:59 ET"
TSLA,376.05,2026-10-02,11,Call,370.00,+1.08%,14.65,14.7,14.8,6760,5265,1.28,42.13%,44.37%,0.598445,"15:04 ET"
BAC,58.14,2026-10-02,11,Put,57.00,-1.93%,0.42,0.46,0.45,516,403,1.28,25.88%,23.53%,-0.286714,"14:53 ET"
AMAT,464.64,2026-09-25,4,Put,460.00,-0.81%,7.8,8.25,8,523,409,1.28,55.39%,54.19%,-0.404394,"14:53 ET"
ON,71.19,2026-09-25,4,Call,73.00,-2.50%,1.03,1.06,1.15,531,414,1.28,56.21%,62.09%,0.359176,"14:55 ET"
TXN,269.45,2026-09-25,4,Put,250.00,-7.27%,0.25,0.27,0.3,536,418,1.28,41.10%,44.64%,-0.051128,"15:04 ET"
HOOD,124.73,2026-09-25,4,Call,133.00,-6.49%,1.07,1.14,1.1,658,516,1.28,64.05%,73.75%,0.20756,"14:57 ET"
ORCL,148.74,2026-10-02,11,Call,162.50,-9.85%,1.25,1.29,1.32,697,546,1.28,50.24%,53.56%,0.179213,"14:58 ET"
MRNA,174.6,2026-09-25,4,Put,145.00,-17.32%,0.17,0.18,0.23,921,720,1.28,82.28%,95.60%,-0.028708,"14:57 ET"
TGTX,57.08,2026-10-16,25,Call,65.00,-13.56%,0.65,0.6,1.1,1011,790,1.28,55.92%,54.27%,0.205008,"15:01 ET"
SPCX,152.8,2026-10-30,39,Put,125.00,-17.77%,1.4,1.4,1.45,1540,1207,1.28,51.69%,52.98%,-0.104822,"14:57 ET"
SPCX,152.8,2026-10-02,11,Call,152.50,-0.32%,5.6,5.67,5.7,1713,1337,1.28,51.69%,52.90%,0.522205,"15:00 ET"
NFLX,73.57,2026-09-25,4,Call,71.00,+3.11%,2.88,2.85,2.96,2013,1568,1.28,34.76%,37.07%,0.833594,"14:53 ET"
TSLA,376.05,2026-09-23,2,Call,360.00,+3.75%,16.15,16.19,16.5,861,678,1.27,42.13%,45.63%,0.900142,"15:03 ET"
IBM,230.43,2026-09-25,4,Call,235.00,-2.47%,1.81,1.84,1.88,1111,872,1.27,36.75%,38.82%,0.312748,"15:00 ET"
MU,1046.84,2026-09-25,4,Call,"1,080.00",-3.54%,14.35,14.7,14.6,1301,1022,1.27,63.16%,61.12%,0.336856,"15:00 ET"
TJX,130.65,2026-09-25,4,Call,130.00,+0.41%,1.8,1.95,2,1596,1255,1.27,25.95%,25.78%,0.606135,"14:56 ET"
SMCI,41.12,2026-10-02,11,Call,42.00,-2.16%,1.7,1.74,1.76,1620,1280,1.27,75.07%,73.70%,0.46333,"15:00 ET"
NFLX,73.57,2026-10-02,11,Put,75.00,+2.35%,2.35,2.39,2.42,1720,1358,1.27,34.76%,32.21%,-0.613311,"14:56 ET"
INTC,121.33,2026-09-25,4,Put,105.00,-13.29%,0.19,0.2,0.2,2728,2152,1.27,70.53%,83.42%,-0.043518,"14:49 ET"
GOOGL,355.43,2026-09-21,0,Call,350.00,+1.27%,4.55,4.95,5.1,4065,3204,1.27,32.22%,18.00%,0.924319,"14:57 ET"
AMD,609.41,2026-10-16,25,Put,500.00,-17.74%,3.4,3.5,3.6,4371,3432,1.27,56.69%,58.31%,-0.078006,"15:00 ET"
MGM,38.56,2026-10-16,25,Call,40.00,-3.68%,1.3,1.35,1.5,11799,9256,1.27,46.24%,48.59%,0.420637,"14:59 ET"
META,744.73,2026-10-16,25,Call,800.00,-7.02%,17.5,17.65,17.7,16641,13115,1.27,46.06%,47.69%,0.313146,"15:00 ET"
IREN,48.53,2026-09-25,4,Call,49.00,-0.97%,1.58,1.54,1.62,3544,2812,1.26,84.82%,90.89%,0.474195,"14:57 ET"
GOOGL,355.43,2026-09-25,4,Call,355.00,-0.14%,4.95,5,5.1,7545,6011,1.26,32.22%,34.55%,0.501341,"14:58 ET"
NVDA,228.41,2026-10-02,11,Call,240.00,-5.56%,1.22,1.23,1.25,9876,7817,1.26,32.79%,32.12%,0.183165,"15:00 ET"
SPCX,152.8,2026-10-16,25,Put,145.00,-4.61%,4.45,4.45,4.5,11598,9209,1.26,51.69%,50.05%,-0.320953,"15:00 ET"
CIFR,19.07,2026-10-09,18,Put,17.50,-8.81%,0.89,0.91,0.96,568,452,1.26,99.43%,98.40%,-0.307747,"14:38 ET"
FLNG,32.24,2026-10-16,25,Call,34.00,-5.52%,0.2,0.26,0.45,590,470,1.26,25.09%,29.37%,0.233841,"14:36 ET"
CRWV,86.84,2026-10-02,11,Call,84.00,+3.23%,6,6,6.2,760,605,1.26,76.28%,74.12%,0.635093,"14:59 ET"
TEAM,195.69,2026-09-25,4,Call,200.00,-2.42%,3,3.42,3.6,929,739,1.26,62.65%,64.68%,0.374535,"14:22 ET"
COHR,324.75,2026-09-25,4,Call,350.00,-8.24%,3.1,3.5,3.9,1302,1030,1.26,76.70%,87.18%,0.216296,"15:00 ET"
NVO,39.81,2026-10-16,25,Put,37.50,-5.54%,0.49,0.53,0.55,1695,1342,1.26,36.10%,33.24%,-0.242614,"14:47 ET"
ARM,320.83,2026-10-16,25,Call,310.00,+3.58%,31,31.1,32.15,2359,1870,1.26,77.86%,76.41%,0.614423,"14:58 ET"
CLSK,15.03,2026-10-02,11,Call,14.50,+4.16%,1.07,1.12,1.14,511,410,1.25,79.41%,80.21%,0.626792,"14:54 ET"
DAL,82.08,2026-10-02,11,Call,85.00,-3.27%,1.12,1.14,1.2,543,434,1.25,45.14%,39.62%,0.325541,"14:55 ET"
QCOM,193.76,2026-10-23,32,Call,200.00,-3.62%,9.1,9.7,10,660,527,1.25,53.50%,53.17%,0.453305,"14:55 ET"
PSX,265.77,2026-09-25,4,Call,280.00,-5.17%,0.75,0.9,1.3,689,553,1.25,43.38%,48.50%,0.150193,"14:29 ET"
BMNR,27.94,2027-03-19,179,Call,30.00,-7.53%,5.55,5.7,5.8,696,557,1.25,79.84%,80.71%,0.575609,"14:29 ET"
MSTR,166.13,2026-11-20,60,Call,195.00,-17.16%,11.6,11.55,11.8,722,576,1.25,75.05%,78.52%,0.376276,"14:59 ET"
MRVL,259.21,2026-10-02,11,Call,260.00,-0.55%,11.65,11.9,12.15,1265,1013,1.25,70.41%,68.17%,0.514711,"15:00 ET"
GEO,30.39,2026-10-16,25,Call,32.00,-6.10%,0.75,0.85,1,1336,1070,1.25,50.38%,47.32%,0.363351,"14:39 ET"
SPCX,152.8,2026-09-25,4,Put,160.00,+5.26%,8.5,8.33,8.6,1589,1275,1.25,51.69%,56.07%,-0.784942,"14:53 ET"
META,744.73,2026-10-16,25,Put,670.00,-10.37%,8.65,8.64,8.7,2129,1700,1.25,46.06%,46.38%,-0.169719,"14:56 ET"
PLTR,181.8,2026-10-02,11,Call,185.00,-1.91%,4.55,4.72,4.7,2360,1894,1.25,50.13%,48.23%,0.432273,"14:53 ET"
ORCL,148.74,2026-09-25,4,Call,162.50,-9.85%,0.32,0.34,0.35,2553,2047,1.25,50.24%,60.16%,0.080847,"14:56 ET"
RKLB,69.56,2026-09-25,4,Put,65.00,-6.31%,0.58,0.6,0.63,3167,2527,1.25,71.51%,74.63%,-0.194399,"14:59 ET"
SOFI,16.99,2026-10-02,11,Call,17.50,-2.94%,0.32,0.33,0.33,4592,3665,1.25,47.14%,44.96%,0.371152,"14:58 ET"
PLTR,181.8,2026-09-25,4,Call,187.50,-3.28%,1.65,1.67,1.68,5504,4391,1.25,50.13%,50.97%,0.283861,"15:00 ET"
NKE,36.08,2026-09-25,4,Call,36.50,-1.11%,0.37,0.39,0.39,5706,4562,1.25,47.50%,38.20%,0.384907,"14:56 ET"
NBIS,236.3,2026-09-25,4,Call,230.00,+2.93%,11.65,11.7,12.05,6007,4804,1.25,84.66%,89.38%,0.621717,"14:58 ET"
RIVN,15.54,2026-09-25,4,Call,15.00,+2.79%,0.63,0.62,0.68,2872,2308,1.24,57.78%,57.42%,0.710683,"14:33 ET"
MU,1046.84,2026-10-02,11,Call,"1,200.00",-15.04%,13.1,13.5,13.5,2963,2396,1.24,63.16%,78.74%,0.181533,"15:00 ET"
NKE,36.08,2026-11-20,60,Call,35.00,+3.05%,3.2,3.3,3.3,3515,2824,1.24,47.50%,47.61%,0.593609,"14:07 ET"
AMZN,258.67,2026-09-25,4,Put,250.00,-3.20%,0.74,0.75,0.76,4921,3982,1.24,32.39%,33.44%,-0.155871,"15:00 ET"
GOOGL,355.43,2026-09-25,4,Call,370.00,-4.37%,0.79,0.81,0.84,6420,5157,1.24,32.22%,34.76%,0.128401,"14:57 ET"
WFC,86.59,2026-09-25,4,Call,86.00,+0.64%,1.37,1.35,1.49,744,598,1.24,29.82%,29.98%,0.599333,"14:43 ET"
ASTS,61.94,2026-09-25,4,Put,58.00,-6.12%,0.6,0.59,0.68,1016,819,1.24,74.97%,78.45%,-0.213446,"14:55 ET"
AMZN,258.67,2026-09-25,4,Put,260.00,+0.67%,4,4.02,4.2,1416,1138,1.24,32.39%,32.27%,-0.546079,"14:57 ET"
AMD,609.41,2027-06-17,269,Call,"1,050.00",-72.74%,30.95,30.55,32.7,1584,1281,1.24,56.69%,58.73%,0.223794,"13:39 ET"
NBIS,236.3,2026-09-25,4,Call,300.00,-26.61%,0.17,0.18,0.21,1893,1524,1.24,84.66%,109.05%,0.019961,"14:57 ET"
ASTS,61.94,2026-09-25,4,Call,68.00,-10.07%,0.35,0.4,0.39,2229,1796,1.24,74.97%,82.85%,0.140754,"14:32 ET"
"Downloaded from Barchart.com as of 09-21-2026 02:35pm CDT"
