Symbol,Price~,"Exp Date",DTE,Type,Strike,Moneyness,Bid,Latest,Ask,Volume,"Open Int",Vol/OI,"Imp Vol",IV,Delta,Time
QQQ,741.45,2026-09-21,0,Call,741.00,-0.10%,0.96,0.97,0.98,210232,168,1251.38,18.13%,4.76%,0.594251,"15:00 ET"
QQQ,741.45,2026-09-21,0,Call,739.00,+0.17%,2.6,2.68,2.69,284741,346,822.95,18.13%,6.41%,0.838899,"15:00 ET"
QQQ,741.45,2026-09-21,0,Call,740.00,+0.04%,1.74,1.76,1.76,329074,626,525.68,18.13%,5.51%,0.751256,"15:00 ET"
QQQ,741.45,2026-09-21,0,Call,738.00,+0.31%,3.55,3.55,3.63,247283,586,421.98,18.13%,7.37%,0.88767,"15:00 ET"
QQQ,741.45,2026-09-21,0,Call,743.00,-0.37%,0.15,0.16,0.16,49084,121,405.65,18.13%,4.31%,0.173807,"15:00 ET"
QQQ,741.45,2026-09-21,0,Call,737.00,+0.44%,4.51,4.53,4.61,193804,493,393.11,18.13%,8.40%,0.915714,"15:00 ET"
SPY,774.45,2026-09-22,1,Put,767.00,-0.87%,0.23,0.24,0.24,34346,124,276.98,12.60%,13.68%,-0.09099,"15:00 ET"
SPY,774.45,2026-09-22,1,Put,770.00,-0.48%,0.5,0.51,0.51,56879,212,268.3,12.60%,12.13%,-0.186994,"15:00 ET"
SPY,774.45,2026-09-21,0,Call,776.00,-0.29%,0.13,0.14,0.14,198551,860,230.87,12.60%,4.08%,0.157326,"15:00 ET"
QQQ,741.45,2026-09-22,1,Put,730.00,-1.39%,0.32,0.33,0.33,34426,156,220.68,18.13%,21.64%,-0.084173,"15:00 ET"
SPY,774.45,2026-09-21,0,Call,775.00,-0.17%,0.32,0.32,0.33,488750,2242,218,12.60%,3.71%,0.331282,"15:00 ET"
IEF,91.08,2027-03-19,179,Call,92.00,-1.02%,1.25,1.3,1.32,22004,109,201.87,6.14%,4.62%,0.534191,"13:25 ET"
SPY,774.45,2026-09-22,1,Put,768.00,-0.74%,0.29,0.3,0.3,29062,148,196.36,12.60%,13.08%,-0.114063,"15:00 ET"
SPY,774.45,2026-09-21,0,Call,774.00,-0.04%,0.77,0.77,0.78,542153,2988,181.44,12.60%,3.65%,0.593849,"15:00 ET"
SPY,774.45,2026-09-21,0,Call,773.00,+0.09%,1.49,1.52,1.5,669412,3885,172.31,12.60%,3.70%,0.81748,"15:00 ET"
SPY,774.45,2026-09-21,0,Call,772.00,+0.22%,2.41,2.41,2.42,581573,3586,162.18,12.60%,4.28%,0.913939,"15:00 ET"
SPY,774.45,2026-09-22,1,Put,766.00,-1.00%,0.19,0.19,0.2,22836,148,154.3,12.60%,14.38%,-0.074542,"15:00 ET"
QQQ,741.45,2026-09-22,1,Call,744.00,-0.50%,1.49,1.5,1.5,27009,195,138.51,18.13%,16.61%,0.347293,"15:00 ET"
SMH,595.98,2026-10-02,11,Put,570.00,-4.12%,4.6,4.9,4.95,14684,116,126.59,34.36%,35.38%,-0.220659,"14:59 ET"
SPY,774.45,2026-09-22,1,Put,772.00,-0.22%,0.9,0.9,0.91,53471,458,116.75,12.60%,11.42%,-0.305303,"15:00 ET"
SPY,774.45,2026-09-23,2,Put,770.00,-0.48%,0.94,0.92,0.95,16135,139,116.08,12.60%,11.25%,-0.246013,"15:00 ET"
QQQ,741.45,2026-09-21,0,Call,736.00,+0.58%,5.48,5.5,5.6,189671,1841,103.03,18.13%,9.42%,0.93393,"15:00 ET"
QQQ,741.45,2026-09-25,4,Put,735.00,-0.71%,2.77,2.78,2.78,20179,200,100.9,18.13%,17.69%,-0.311412,"15:00 ET"
QQQ,741.45,2026-09-22,1,Call,739.00,+0.17%,4.15,4.08,4.18,34339,374,91.82,18.13%,17.98%,0.638508,"15:00 ET"
SPY,774.45,2026-09-21,0,Call,771.00,+0.35%,3.36,3.49,3.37,413917,4731,87.49,12.60%,4.34%,0.972681,"15:00 ET"
QQQ,741.45,2026-09-25,4,Put,740.00,-0.04%,4.4,4.46,4.41,9643,115,83.85,18.13%,16.71%,-0.447894,"15:00 ET"
QQQ,741.45,2026-09-22,1,Call,745.00,-0.64%,1.17,1.18,1.18,19342,239,80.93,18.13%,16.59%,0.291829,"15:00 ET"
SPY,774.45,2026-09-23,2,Put,771.00,-0.35%,1.16,1.16,1.18,10956,138,79.39,12.60%,11.00%,-0.293621,"15:00 ET"
QQQ,741.45,2026-09-22,1,Call,741.00,-0.10%,2.88,2.89,2.9,29297,393,74.55,18.13%,17.23%,0.527817,"15:00 ET"
QQQ,741.45,2026-10-02,11,Put,730.00,-1.39%,4.61,4.63,4.65,13533,187,72.37,18.13%,18.55%,-0.300794,"15:00 ET"
QQQ,741.45,2026-09-23,2,Call,750.00,-1.31%,0.76,0.75,0.77,17827,257,69.37,18.13%,15.82%,0.166635,"15:00 ET"
SPY,774.45,2026-09-21,0,Call,769.00,+0.61%,5.34,5.42,5.35,340760,5303,64.26,12.60%,8.24%,0.947476,"15:00 ET"
SPY,774.45,2026-09-23,2,Put,767.00,-0.87%,0.51,0.53,0.52,8374,134,62.49,12.60%,12.21%,-0.143151,"14:59 ET"
QQQ,741.45,2026-09-21,0,Call,734.00,+0.85%,7.46,7.23,7.58,138246,2359,58.6,18.13%,11.56%,0.953663,"14:59 ET"
QQQ,741.45,2026-09-22,1,Call,743.00,-0.37%,1.9,1.91,1.91,15403,263,58.57,18.13%,16.86%,0.407351,"15:00 ET"
SPY,774.45,2026-09-23,2,Put,766.00,-1.00%,0.43,0.44,0.44,6213,109,57,12.60%,12.65%,-0.121214,"14:58 ET"
TQQQ,78.96,2026-09-21,0,Call,77.00,+2.04%,1.9,1.96,1.94,13458,249,54.05,53.40%,31.97%,0.927682,"15:01 ET"
SPY,774.45,2026-09-22,1,Call,774.00,-0.04%,1.94,1.95,1.95,61568,1145,53.77,12.60%,10.92%,0.532456,"15:00 ET"
SPY,774.45,2026-09-23,2,Put,768.00,-0.74%,0.62,0.61,0.63,8212,162,50.69,12.60%,11.85%,-0.171209,"15:00 ET"
QQQ,741.45,2026-10-09,18,Put,730.00,-1.39%,6.61,6.72,6.67,5073,105,48.31,18.13%,18.16%,-0.331126,"14:58 ET"
IWM,286.32,2026-09-21,0,Call,286.00,+0.03%,0.43,0.43,0.45,125039,2590,48.28,17.34%,3.68%,0.742129,"15:00 ET"
SPY,774.45,2026-09-28,7,Put,770.00,-0.48%,2.37,2.35,2.39,6498,135,48.13,12.60%,10.11%,-0.331682,"15:00 ET"
SPY,774.45,2026-10-09,18,Call,785.00,-1.46%,3.72,3.72,3.75,67128,1549,43.34,12.60%,11.02%,0.310543,"14:59 ET"
SPY,774.45,2026-09-21,0,Call,767.00,+0.87%,7.33,7.37,7.34,202536,4728,42.84,12.60%,8.79%,0.981637,"15:00 ET"
IGV,106.81,2026-12-18,88,Put,102.00,-4.34%,3.95,4.1,4.4,26005,619,42.01,30.79%,32.41%,-0.339811,"14:16 ET"
SPY,774.45,2026-09-21,0,Call,768.00,+0.74%,6.33,6.4,6.35,298670,7227,41.33,12.60%,8.90%,0.962641,"15:00 ET"
QQQ,741.45,2026-09-25,4,Put,733.00,-0.98%,2.29,2.39,2.31,5281,128,41.26,18.13%,18.13%,-0.266163,"14:59 ET"
QQQ,741.45,2026-09-21,0,Call,733.00,+0.98%,8.46,8.46,8.59,119285,3209,37.17,18.13%,12.94%,0.955847,"15:00 ET"
QQQ,741.45,2026-09-22,1,Call,742.00,-0.23%,2.35,2.36,2.36,16478,460,35.82,18.13%,16.97%,0.467655,"15:00 ET"
QQQ,741.45,2026-09-22,1,Call,740.00,+0.04%,3.48,3.5,3.5,58312,1652,35.3,18.13%,17.53%,0.585464,"15:00 ET"
QQQ,741.45,2026-09-25,4,Put,728.00,-1.66%,1.47,1.52,1.48,3699,107,34.57,18.13%,19.45%,-0.178831,"14:58 ET"
SOXL,141.43,2026-09-21,0,Call,140.00,+0.43%,1.95,1.98,2,9394,276,34.04,113.93%,31.91%,0.7619,"15:00 ET"
IBIT,48.74,2026-09-25,4,Put,47.00,-3.43%,0.26,0.26,0.27,13158,394,33.4,39.92%,44.20%,-0.204545,"14:57 ET"
EEM,68.84,2026-09-30,9,Put,67.00,-2.59%,0.25,0.3,0.35,3632,109,33.32,23.17%,22.47%,-0.213604,"14:39 ET"
SPY,774.45,2026-09-22,1,Call,773.00,+0.09%,2.53,2.55,2.55,64341,2107,30.54,12.60%,11.06%,0.61943,"15:00 ET"
QQQ,741.45,2026-09-22,1,Call,748.00,-1.04%,0.54,0.54,0.55,5440,181,30.06,18.13%,16.82%,0.159422,"15:00 ET"
QQQ,741.45,2026-09-25,4,Put,736.00,-0.58%,3.03,3.14,3.05,3454,120,28.78,18.13%,17.46%,-0.335938,"14:59 ET"
SOXS,35.56,2026-09-25,4,Call,38.00,-6.03%,0.49,0.55,0.57,4905,171,28.68,115.05%,94.50%,0.261827,"15:00 ET"
CRDU,8.46,2026-10-16,25,Call,10.00,-19.05%,0.6,0.68,0.75,4153,145,28.64,142.44%,133.64%,0.388674,"14:56 ET"
QQQ,741.45,2026-09-22,1,Call,735.00,+0.71%,6.95,7.2,7.45,29037,1014,28.64,18.13%,18.95%,0.811626,"15:00 ET"
SPY,774.45,2026-09-25,4,Put,780.00,+0.81%,6.79,6.84,6.84,4223,149,28.34,12.60%,10.33%,-0.746641,"14:52 ET"
QQQ,741.45,2026-09-22,1,Call,738.00,+0.31%,4.78,4.78,4.9,36728,1307,28.1,18.13%,18.08%,0.689947,"15:00 ET"
QQQ,741.45,2026-09-21,0,Call,732.00,+1.12%,9.46,9.37,9.59,99846,3583,27.87,18.13%,14.18%,0.959185,"15:00 ET"
QQQ,741.45,2026-09-24,3,Call,750.00,-1.31%,1.35,1.32,1.37,8628,313,27.57,18.13%,16.06%,0.220872,"14:58 ET"
SPY,774.45,2026-09-22,1,Call,771.00,+0.35%,3.98,4.05,4.02,30163,1116,27.03,12.60%,11.58%,0.763592,"15:00 ET"
SPY,774.45,2026-10-16,25,Put,729.00,-5.78%,1.54,1.55,1.55,57019,2137,26.68,12.60%,17.97%,-0.089857,"14:49 ET"
SPY,774.45,2026-09-22,1,Put,764.00,-1.26%,0.13,0.13,0.14,12156,457,26.6,12.60%,15.71%,-0.050503,"15:00 ET"
QQQ,741.45,2026-09-25,4,Call,747.00,-0.91%,2.95,2.85,2.96,10592,411,25.77,18.13%,16.74%,0.343646,"14:59 ET"
SPY,774.45,2026-09-22,1,Call,775.00,-0.17%,1.43,1.43,1.44,54415,2195,24.79,12.60%,10.77%,0.441737,"15:00 ET"
SPY,774.45,2026-09-22,1,Call,780.00,-0.81%,0.23,0.24,0.24,33307,1362,24.45,12.60%,11.20%,0.107899,"15:00 ET"
DRAM,61.83,2026-09-23,2,Put,59.00,-4.30%,0.21,0.23,0.22,2519,106,23.76,58.62%,61.46%,-0.145604,"14:59 ET"
IBIT,48.74,2026-10-02,11,Put,47.50,-2.40%,0.79,0.81,0.81,10950,471,23.25,39.92%,40.66%,-0.337453,"14:57 ET"
APPX,14.19,2026-10-16,25,Call,14.00,+0.64%,1.45,1.67,1.9,2703,118,22.91,120.91%,102.49%,0.586997,"14:19 ET"
IBIT,48.74,2026-10-02,11,Put,47.00,-3.43%,0.63,0.67,0.64,4538,201,22.58,39.92%,40.76%,-0.284868,"14:37 ET"
SPY,774.45,2026-09-24,3,Put,770.00,-0.48%,1.46,1.45,1.48,2776,125,22.21,12.60%,11.52%,-0.289088,"15:00 ET"
GLD,398.61,2026-09-22,1,Call,400.00,-0.32%,1.02,1.06,1.12,3191,145,22.01,21.06%,21.20%,0.358449,"15:00 ET"
SPY,774.45,2026-09-22,1,Call,769.00,+0.61%,5.7,5.8,5.75,31477,1443,21.81,12.60%,12.52%,0.855515,"14:55 ET"
QQQ,741.45,2026-09-21,0,Call,731.00,+1.25%,10.46,10.5,10.6,76007,3493,21.76,18.13%,15.56%,0.960521,"15:00 ET"
ETHA,20.8,2026-11-20,60,Call,23.00,-10.84%,1.15,1.17,1.17,3076,146,21.07,54.45%,57.36%,0.387144,"14:57 ET"
KORU,22.67,2026-10-09,18,Put,17.00,-24.38%,0.4,0.68,0.65,3011,143,21.06,137.88%,134.79%,-0.133964,"13:16 ET"
QQQ,741.45,2026-09-29,8,Put,661.00,-10.71%,0.12,0.12,0.14,4000,191,20.94,18.13%,33.94%,-0.010116,"12:29 ET"
SPY,774.45,2026-09-24,3,Put,769.00,-0.61%,1.24,1.25,1.26,2123,102,20.81,12.60%,11.75%,-0.252217,"15:00 ET"
SMH,595.98,2026-09-21,0,Call,590.00,+0.75%,5.35,5.79,6.2,2096,105,19.96,34.36%,8.11%,0.991441,"14:57 ET"
QQQ,741.45,2026-09-25,4,Put,729.00,-1.53%,1.6,1.64,1.61,3763,192,19.6,18.13%,19.16%,-0.193477,"14:59 ET"
GLD,398.61,2026-09-21,0,Call,398.00,+0.18%,0.47,0.6,0.61,2457,126,19.5,21.06%,3.91%,0.676307,"14:59 ET"
SPY,774.45,2026-10-09,18,Put,767.00,-0.87%,4.64,4.64,4.68,15832,816,19.4,12.60%,11.89%,-0.33956,"15:00 ET"
SQQQ,34.59,2026-09-25,4,Call,36.00,-3.54%,0.23,0.24,0.25,7456,387,19.27,56.40%,49.17%,0.235679,"15:03 ET"
SPY,774.45,2026-09-24,3,Call,753.00,+2.68%,21.6,20.09,21.71,2167,113,19.18,12.60%,17.70%,0.960686,"13:16 ET"
IWM,286.32,2026-09-22,1,Put,285.00,-0.38%,0.42,0.42,0.43,9000,473,19.03,17.34%,15.97%,-0.284094,"15:00 ET"
QQQ,741.45,2026-09-25,4,Put,730.00,-1.39%,1.75,1.75,1.76,13866,736,18.84,18.13%,18.89%,-0.209696,"15:00 ET"
IWM,286.32,2026-09-22,1,Put,286.00,-0.03%,0.75,0.73,0.76,6339,337,18.81,17.34%,15.41%,-0.437816,"15:00 ET"
SPY,774.45,2026-09-21,0,Call,770.00,+0.48%,4.35,4.39,4.36,553743,29669,18.66,12.60%,4.82%,0.987633,"15:00 ET"
SMH,595.98,2026-11-20,60,Put,585.00,-1.59%,27.95,28.75,28.65,1896,102,18.59,34.36%,36.62%,-0.409045,"14:12 ET"
SPY,774.45,2026-09-24,3,Call,754.00,+2.55%,20.63,18.88,20.72,2461,133,18.5,12.60%,17.33%,0.956514,"13:41 ET"
QQQ,741.45,2026-09-30,9,Put,735.00,-0.71%,4.81,4.88,4.86,10770,585,18.41,18.13%,16.88%,-0.357846,"14:59 ET"
SPY,774.45,2026-09-22,1,Call,778.00,-0.55%,0.5,0.51,0.51,18635,1014,18.38,12.60%,10.86%,0.204719,"15:00 ET"
QQQ,741.45,2026-09-25,4,Put,727.00,-1.80%,1.35,1.38,1.36,2713,148,18.33,18.13%,19.74%,-0.165219,"14:59 ET"
SPY,774.45,2026-10-09,18,Put,761.00,-1.64%,3.34,3.34,3.37,8832,483,18.29,12.60%,12.76%,-0.252604,"15:00 ET"
XLE,62.94,2026-10-02,11,Call,65.00,-3.29%,0.43,0.44,0.44,6592,362,18.21,26.97%,27.16%,0.251289,"14:58 ET"
IBIT,48.74,2027-03-19,179,Call,54.00,-10.95%,4.15,4.15,4.2,21542,1183,18.21,39.92%,42.80%,0.44916,"12:33 ET"
QQQ,741.45,2026-09-23,2,Call,748.00,-1.04%,1.15,1.15,1.16,3309,182,18.18,18.13%,15.83%,0.23,"15:00 ET"
DRAM,61.83,2026-09-25,4,Call,67.00,-8.68%,0.17,0.16,0.18,4309,239,18.03,58.62%,58.32%,0.100318,"14:53 ET"
ETHA,20.8,2026-09-25,4,Put,20.00,-3.61%,0.18,0.19,0.19,9129,507,18.01,54.45%,57.56%,-0.24229,"14:58 ET"
KRE,72.31,2026-11-20,60,Call,74.00,-2.46%,1.98,2.14,2.24,5010,281,17.83,21.86%,22.89%,0.443357,"13:19 ET"
QQQ,741.45,2026-09-29,8,Put,660.00,-10.85%,0.11,0.12,0.13,4102,233,17.61,18.13%,33.98%,-0.009401,"12:27 ET"
QQQ,741.45,2026-09-21,0,Call,735.00,+0.71%,6.47,6.29,6.59,180678,10301,17.54,18.13%,10.53%,0.944799,"14:59 ET"
IBIT,48.74,2026-09-23,2,Call,49.50,-1.71%,0.37,0.38,0.38,17560,1005,17.47,39.92%,46.77%,0.340155,"15:00 ET"
ETHA,20.8,2026-10-09,18,Call,21.00,-1.20%,0.87,0.93,0.93,4126,237,17.41,54.45%,52.55%,0.499145,"14:55 ET"
QQQ,741.45,2026-09-22,1,Call,737.00,+0.44%,5.45,5.6,5.68,18637,1071,17.4,18.13%,18.19%,0.737368,"15:00 ET"
QQQ,741.45,2026-09-22,1,Put,723.00,-2.34%,0.14,0.13,0.15,2562,148,17.31,18.13%,26.68%,-0.035168,"14:58 ET"
QQQ,741.45,2026-09-24,3,Put,719.00,-2.88%,0.46,0.48,0.47,2081,125,16.65,18.13%,22.99%,-0.067835,"14:57 ET"
SPY,774.45,2026-09-22,1,Call,768.00,+0.74%,6.61,6.51,6.67,38070,2302,16.54,12.60%,13.05%,0.886515,"14:59 ET"
SQQQ,34.59,2026-09-25,4,Call,37.00,-6.41%,0.13,0.15,0.15,8269,505,16.37,56.40%,56.29%,0.138467,"15:00 ET"
IBIT,48.74,2026-09-25,4,Put,48.00,-1.38%,0.55,0.58,0.56,2590,159,16.29,39.92%,44.07%,-0.355314,"14:47 ET"
QQQ,741.45,2026-09-22,1,Call,750.00,-1.31%,0.32,0.33,0.33,16626,1026,16.2,18.13%,17.24%,0.102432,"15:00 ET"
SOXL,141.43,2026-09-23,2,Call,150.00,-6.69%,1.31,1.27,1.35,6525,406,16.07,113.93%,99.08%,0.228572,"15:00 ET"
SPY,774.45,2026-09-22,1,Call,779.00,-0.68%,0.34,0.35,0.35,19838,1242,15.97,12.60%,11.00%,0.149794,"15:00 ET"
EWZ,38.09,2026-10-09,18,Call,39.00,-2.52%,1.18,1.29,1.4,3927,246,15.96,45.87%,51.19%,0.431191,"14:34 ET"
SPY,774.45,2026-09-23,2,Put,765.00,-1.13%,0.36,0.36,0.37,7471,474,15.76,12.60%,13.05%,-0.102233,"15:00 ET"
SPYM,91.15,2026-10-16,25,Put,80.00,-12.15%,0.05,0.1,0.15,1673,107,15.64,12.61%,28.69%,-0.035815,"14:55 ET"
QQQ,741.45,2026-09-22,1,Call,734.00,+0.85%,7.82,7.94,8.28,10616,679,15.63,18.13%,19.20%,0.843257,"14:59 ET"
EWJ,98.05,2026-11-20,60,Call,99.00,-1.07%,2.75,3.2,3.2,2506,161,15.57,20.20%,20.90%,0.481706,"11:13 ET"
QQQ,741.45,2026-09-23,2,Call,739.00,+0.17%,5.04,4.99,5.12,6111,398,15.35,18.13%,16.91%,0.608886,"14:59 ET"
SQQQ,34.59,2026-09-25,4,Call,36.50,-4.98%,0.17,0.18,0.19,6232,410,15.2,56.40%,52.61%,0.178736,"15:03 ET"
QQQ,741.45,2026-09-23,2,Call,744.00,-0.50%,2.4,2.3,2.42,4056,267,15.19,18.13%,16.04%,0.390803,"14:59 ET"
QQQ,741.45,2026-09-22,1,Call,754.00,-1.85%,0.13,0.13,0.14,1975,130,15.19,18.13%,18.88%,0.044983,"14:59 ET"
XBI,158.04,2026-09-25,4,Put,156.00,-1.35%,1.23,1.34,1.35,3022,200,15.11,29.87%,33.13%,-0.345285,"15:04 ET"
SPY,774.45,2026-09-22,1,Put,765.00,-1.13%,0.15,0.16,0.16,23305,1545,15.08,12.60%,14.91%,-0.059462,"15:00 ET"
SPY,774.45,2026-09-22,1,Call,781.00,-0.94%,0.16,0.17,0.17,11639,785,14.83,12.60%,11.52%,0.078429,"15:00 ET"
IWM,286.32,2026-09-22,1,Call,287.00,-0.31%,0.66,0.68,0.67,8034,551,14.58,17.34%,15.92%,0.395196,"15:00 ET"
SPY,774.45,2026-09-22,1,Call,782.00,-1.07%,0.11,0.12,0.12,7071,486,14.55,12.60%,11.83%,0.056416,"15:00 ET"
SPXS,23.9,2026-10-16,25,Call,25.00,-4.21%,0.52,0.52,0.54,15347,1072,14.32,37.76%,37.27%,0.354078,"15:04 ET"
SPY,774.45,2026-09-22,1,Call,770.00,+0.48%,4.82,4.89,4.85,47921,3374,14.2,12.60%,11.97%,0.816339,"15:00 ET"
SPY,774.45,2026-09-21,0,Call,766.00,+1.00%,8.33,8.41,8.34,75584,5357,14.11,12.60%,11.51%,0.965262,"15:00 ET"
SPY,774.45,2026-09-25,4,Put,772.00,-0.22%,2.48,2.48,2.49,9277,668,13.89,12.60%,11.14%,-0.389292,"15:00 ET"
SPY,774.45,2026-09-23,2,Call,781.00,-0.94%,0.41,0.44,0.42,5917,429,13.79,12.60%,10.44%,0.137168,"15:00 ET"
QQQ,741.45,2026-09-23,2,Call,738.00,+0.31%,5.73,5.71,5.8,6249,453,13.79,18.13%,17.20%,0.647363,"14:57 ET"
QQQ,741.45,2026-09-25,4,Put,725.00,-2.07%,1.14,1.15,1.15,9427,689,13.68,18.13%,20.32%,-0.140998,"15:00 ET"
QQQ,741.45,2026-09-24,3,Call,742.00,-0.23%,4.25,4.21,4.29,1542,113,13.65,18.13%,16.71%,0.487708,"15:00 ET"
SPY,774.45,2026-09-24,3,Call,755.00,+2.42%,19.65,19.8,19.74,5257,386,13.62,12.60%,16.92%,0.952151,"14:51 ET"
GLD,398.61,2026-09-21,0,Put,398.00,-0.18%,0.15,0.16,0.18,4058,301,13.48,21.06%,3.81%,-0.322449,"15:00 ET"
VGT,125.48,2026-10-16,25,Call,132.00,-5.42%,0.55,0.6,0.65,1877,140,13.41,22.10%,19.77%,0.175641,"14:36 ET"
SPY,774.45,2026-09-24,3,Put,766.00,-1.00%,0.79,0.8,0.8,2037,152,13.4,12.60%,12.63%,-0.167621,"14:59 ET"
SPY,774.45,2026-09-22,1,Call,777.00,-0.42%,0.73,0.75,0.74,28668,2162,13.26,12.60%,10.81%,0.273742,"15:00 ET"
DIA,520.21,2026-10-02,11,Call,523.00,-0.58%,3.3,3.35,3.4,2125,161,13.2,12.82%,12.07%,0.424609,"14:58 ET"
IEF,91.08,2028-01-21,487,Call,97.00,-6.51%,1.13,1.2,1.25,38003,2985,12.73,6.14%,5.18%,0.337824,"13:20 ET"
SMH,595.98,2026-09-23,2,Put,565.00,-4.96%,0.28,0.31,0.34,1334,106,12.58,34.36%,41.86%,-0.040958,"14:47 ET"
SPY,774.45,2026-09-24,3,Call,752.00,+2.81%,22.6,22.46,22.69,1380,110,12.55,12.60%,18.21%,0.963294,"14:46 ET"
QQQ,741.45,2026-09-21,0,Call,729.00,+1.53%,12.45,12.51,12.57,40998,3272,12.53,18.13%,17.27%,0.970577,"15:00 ET"
QQQ,741.45,2026-09-22,1,Call,736.00,+0.58%,6.3,6.32,6.5,17698,1432,12.36,18.13%,18.86%,0.773483,"14:59 ET"
DRAM,61.83,2027-06-17,269,Call,73.00,-18.41%,9.25,9.39,9.95,1514,123,12.31,58.62%,61.27%,0.497644,"11:18 ET"
SPY,774.45,2026-09-22,1,Call,776.00,-0.29%,1.03,1.05,1.04,29444,2409,12.22,12.60%,10.74%,0.353259,"15:00 ET"
SPXS,23.9,2027-01-15,116,Put,24.00,+0.04%,2.33,2.57,2.66,10006,826,12.11,37.76%,48.31%,-0.437811,"15:01 ET"
CRWG,18.24,2026-10-16,25,Call,25.00,-37.29%,0.75,1.03,1.1,1200,100,12,150.56%,146.03%,0.262847,"14:26 ET"
GDX,94.56,2026-10-02,11,Put,94.00,-0.61%,2.39,2.4,2.56,1737,145,11.98,41.42%,42.32%,-0.451943,"14:59 ET"
UVXY,17.51,2029-01-19,851,Put,5.00,-71.33%,1.85,1.95,2.25,1201,101,11.89,85.52%,130.23%,-0.048952,"12:52 ET"
QQQ,741.45,2026-09-23,2,Call,740.00,+0.04%,4.42,4.36,4.48,19842,1675,11.85,18.13%,16.69%,0.567646,"14:59 ET"
BITO,11.56,2026-11-20,60,Call,11.00,+4.76%,1.05,1.06,1.11,1517,128,11.85,41.75%,39.65%,0.666388,"14:55 ET"
UVXY,17.51,2029-01-19,851,Put,4.00,-77.06%,0.8,1.38,2.13,1200,102,11.76,85.52%,129.17%,-0.038486,"12:52 ET"
QQQ,741.45,2026-09-25,4,Call,752.00,-1.58%,1.54,1.5,1.56,3148,269,11.7,18.13%,16.54%,0.213917,"14:59 ET"
SPY,774.45,2026-09-23,2,Put,764.00,-1.26%,0.31,0.32,0.32,5199,451,11.53,12.60%,13.53%,-0.087723,"15:00 ET"
SPY,774.45,2026-09-24,3,Call,790.00,-2.10%,0.1,0.11,0.11,1715,150,11.43,12.60%,11.83%,0.032402,"15:00 ET"
QQQ,741.45,2026-09-24,3,Call,739.00,+0.17%,5.98,5.99,6.05,1701,149,11.42,18.13%,17.25%,0.59083,"14:56 ET"
QQQ,741.45,2026-09-28,7,Call,739.00,+0.17%,7.73,7.79,7.82,1809,159,11.38,18.13%,15.31%,0.57578,"14:57 ET"
SLV,59.67,2029-01-19,851,Call,46.00,+22.83%,22.45,22.82,23.05,1200,106,11.32,36.22%,38.73%,0.816103,"10:30 ET"
SPY,774.45,2026-09-25,4,Put,774.00,+0.04%,3.25,3.25,3.26,4385,391,11.21,12.60%,10.81%,-0.476419,"15:00 ET"
QQQ,741.45,2026-09-23,2,Call,736.00,+0.58%,6.97,6.97,7.28,6006,536,11.21,18.13%,17.19%,0.722983,"14:59 ET"
QQQ,741.45,2026-09-25,4,Call,742.00,-0.23%,5.15,5.15,5.17,5677,508,11.18,18.13%,17.25%,0.492717,"15:00 ET"
IBIT,48.74,2026-09-21,0,Call,48.50,+0.35%,0.26,0.27,0.31,16801,1504,11.17,39.92%,10.18%,0.849022,"14:59 ET"
XBI,158.04,2026-09-25,4,Call,165.00,-4.34%,0.28,0.3,0.35,1579,142,11.12,29.87%,33.84%,0.116752,"15:04 ET"
SOXS,35.56,2026-09-25,4,Call,35.00,+2.34%,1.55,1.64,1.7,1554,140,11.1,115.05%,92.38%,0.57767,"15:00 ET"
EEM,68.84,2026-10-16,25,Put,68.50,-0.41%,1.37,1.48,1.45,3133,283,11.07,23.17%,22.45%,-0.448181,"13:15 ET"
TQQQ,78.96,2026-09-23,2,Put,78.00,-0.76%,0.79,0.79,0.81,1562,142,11,53.40%,51.39%,-0.376339,"15:04 ET"
SPY,774.45,2026-09-23,2,Call,771.00,+0.35%,4.54,4.56,4.56,9221,841,10.96,12.60%,10.89%,0.709064,"14:58 ET"
IBIT,48.74,2026-10-23,32,Call,54.00,-10.95%,0.72,0.72,0.73,6506,594,10.95,39.92%,40.92%,0.225079,"14:57 ET"
SLV,59.67,2029-01-19,851,Call,45.00,+24.51%,23,23.36,23.6,1200,110,10.91,36.22%,38.64%,0.826018,"10:30 ET"
EFA,106.26,2026-12-18,88,Call,113.00,-6.39%,0.65,0.65,0.81,1961,180,10.89,13.81%,14.21%,0.185785,"11:53 ET"
TQQQ,78.96,2026-09-25,4,Call,78.50,+0.13%,1.77,1.81,1.84,1262,116,10.88,53.40%,48.60%,0.550017,"15:01 ET"
SPY,774.45,2026-09-22,1,Call,767.00,+0.87%,7.55,7.77,7.61,17594,1654,10.64,12.60%,13.65%,0.909573,"14:54 ET"
DIA,520.21,2026-09-25,4,Call,522.00,-0.39%,1.97,1.98,2.05,3423,322,10.63,12.82%,12.45%,0.413125,"14:58 ET"
XLI,170.37,2026-10-16,25,Put,160.00,-6.10%,0.55,0.56,0.6,15067,1418,10.63,18.13%,21.50%,-0.119272,"15:02 ET"
SOXL,141.43,2026-09-25,4,Put,123.00,-12.52%,1.09,1.1,1.13,1655,156,10.61,113.93%,121.03%,-0.11911,"14:57 ET"
IBB,207.41,2026-10-16,25,Call,205.00,+1.38%,6.5,6.5,6.7,1358,129,10.53,21.88%,23.44%,0.601426,"15:00 ET"
SOXL,141.43,2026-09-23,2,Put,120.00,-14.65%,0.19,0.23,0.24,1235,118,10.47,113.93%,129.86%,-0.03803,"14:59 ET"
QQQ,741.45,2026-09-25,4,Call,760.00,-2.66%,0.51,0.51,0.52,14206,1365,10.41,18.13%,16.98%,0.085703,"15:00 ET"
USO,148.83,2026-09-25,4,Call,153.00,-3.13%,1.61,1.62,1.79,2383,230,10.36,47.49%,53.78%,0.321309,"15:03 ET"
QQQ,741.45,2026-09-30,9,Put,730.00,-1.39%,3.51,3.56,3.55,33231,3210,10.35,18.13%,17.65%,-0.275385,"14:59 ET"
QQQ,741.45,2026-09-28,7,Call,738.00,+0.31%,8.36,8.27,8.46,1307,127,10.29,18.13%,15.45%,0.599818,"14:58 ET"
USO,148.83,2026-09-30,9,Call,155.00,-4.48%,2.15,2.35,2.59,1549,151,10.26,47.49%,50.69%,0.320869,"15:04 ET"
QQQ,741.45,2026-09-29,8,Put,708.00,-4.36%,0.73,0.8,0.76,1945,192,10.13,18.13%,21.62%,-0.070068,"13:10 ET"
SPY,774.45,2026-09-28,7,Call,770.00,+0.48%,7.13,7.14,7.32,10799,1069,10.1,12.60%,10.54%,0.664056,"14:59 ET"
QQQ,741.45,2026-09-22,1,Call,733.00,+0.98%,8.71,8.76,9.12,12185,1210,10.07,18.13%,19.31%,0.872303,"14:58 ET"
SPY,774.45,2026-09-28,7,Call,767.00,+0.87%,9.4,9.51,9.69,1931,192,10.06,12.60%,11.14%,0.743646,"14:52 ET"
DRAM,61.83,2026-09-25,4,Put,56.50,-8.35%,0.17,0.18,0.18,2222,221,10.05,58.62%,65.30%,-0.087331,"14:59 ET"
EFA,106.26,2026-10-23,32,Put,102.00,-3.96%,0.44,0.49,0.57,1043,104,10.03,13.81%,15.49%,-0.185232,"12:01 ET"
QQQ,741.45,2026-09-28,7,Put,735.00,-0.71%,3.5,3.59,3.55,1606,162,9.91,18.13%,15.57%,-0.331582,"14:59 ET"
AVL,38.5,2026-10-16,25,Put,35.00,-8.62%,1.3,1.35,1.4,3993,403,9.91,72.64%,72.79%,-0.271529,"14:53 ET"
IWM,286.32,2026-09-23,2,Call,288.00,-0.66%,0.66,0.65,0.67,3626,367,9.88,17.34%,15.58%,0.313943,"15:00 ET"
SPY,774.45,2026-09-24,3,Call,778.00,-0.55%,1.49,1.53,1.51,6366,645,9.87,12.60%,10.46%,0.317086,"15:00 ET"
SPY,774.45,2026-10-23,32,Put,710.00,-8.24%,1.38,1.37,1.39,7208,738,9.77,12.60%,20.37%,-0.066163,"14:51 ET"
TQQQ,78.96,2026-10-09,18,Put,67.00,-14.76%,0.7,0.72,0.73,3416,350,9.76,53.40%,66.58%,-0.117379,"14:48 ET"
EWY,189.41,2026-10-02,11,Put,187.00,-0.97%,4.9,6.1,5.15,1079,112,9.63,46.20%,46.62%,-0.426013,"10:07 ET"
BNO,59.1,2026-09-25,4,Call,62.00,-5.30%,0.35,0.36,0.45,2254,235,9.59,50.67%,55.44%,0.21149,"14:20 ET"
SPY,774.45,2026-09-25,4,Put,770.00,-0.48%,1.89,1.87,1.9,15513,1646,9.42,12.60%,11.54%,-0.312961,"15:00 ET"
IBIT,48.74,2026-10-23,32,Call,50.00,-2.73%,1.78,1.79,1.8,5091,544,9.36,39.92%,39.33%,0.448459,"14:55 ET"
MAGS,72.95,2026-10-16,25,Call,75.00,-2.94%,0.65,0.7,0.75,2590,277,9.35,20.91%,20.51%,0.292923,"14:55 ET"
TQQQ,78.96,2026-10-02,11,Call,82.00,-4.33%,1.43,1.44,1.48,966,104,9.29,53.40%,48.66%,0.342521,"15:01 ET"
SOXS,35.56,2026-09-25,4,Call,40.00,-11.61%,0.2,0.25,0.28,2127,229,9.29,115.05%,98.77%,0.135255,"15:00 ET"
QQQ,741.45,2026-09-22,1,Call,753.00,-1.72%,0.16,0.16,0.17,1738,188,9.24,18.13%,18.41%,0.054654,"14:58 ET"
QQQ,741.45,2026-10-02,11,Put,715.00,-3.42%,2.18,2.2,2.2,33817,3674,9.2,18.13%,21.18%,-0.152124,"15:00 ET"
SOXS,35.56,2028-01-21,487,Put,37.00,+3.24%,20.05,20.55,20.65,1058,115,9.2,115.05%,137.64%,-0.218298,"14:41 ET"
IWM,286.32,2026-09-21,0,Call,285.00,+0.38%,1.36,1.35,1.43,32172,3501,9.19,17.34%,6.72%,0.912951,"15:00 ET"
SPY,774.45,2026-09-28,7,Put,753.00,-2.68%,0.48,0.47,0.49,1093,119,9.18,12.60%,14.09%,-0.071708,"14:51 ET"
ETHA,20.8,2026-11-20,60,Put,19.00,-8.43%,0.97,1.01,1.04,5575,610,9.14,54.45%,56.34%,-0.296031,"13:45 ET"
SPY,774.45,2026-09-28,7,Put,749.00,-3.19%,0.36,0.37,0.37,1785,196,9.11,12.60%,15.14%,-0.052894,"14:58 ET"
IWM,286.32,2026-09-28,7,Call,288.00,-0.66%,1.54,1.47,1.58,1547,171,9.05,17.34%,14.12%,0.396808,"14:31 ET"
IWM,286.32,2026-09-30,9,Call,287.00,-0.31%,2.51,2.5,2.55,2976,329,9.05,17.34%,15.40%,0.47696,"14:53 ET"
QQQ,741.45,2026-10-09,18,Call,756.00,-2.12%,5.62,5.5,5.67,1374,152,9.04,18.13%,16.73%,0.321205,"14:50 ET"
TQQQ,78.96,2026-09-25,4,Put,74.00,-5.85%,0.4,0.4,0.41,3545,394,9,53.40%,61.09%,-0.150483,"15:04 ET"
SPY,774.45,2026-10-30,39,Call,819.00,-5.85%,1.14,1.06,1.16,1487,166,8.96,12.60%,11.72%,0.085666,"14:07 ET"
SMH,595.98,2026-09-25,4,Call,610.00,-2.61%,2.81,2.91,3,3026,338,8.95,34.36%,31.77%,0.249836,"15:00 ET"
SPY,774.45,2026-09-25,4,Put,776.00,+0.29%,4.21,4.15,4.25,2574,292,8.82,12.60%,10.57%,-0.569345,"15:00 ET"
QQQ,741.45,2026-09-23,2,Put,722.00,-2.47%,0.3,0.3,0.31,1480,169,8.76,18.13%,22.85%,-0.05665,"14:51 ET"
QQQ,741.45,2026-09-23,2,Call,749.00,-1.18%,0.93,0.9,0.94,3063,352,8.7,18.13%,15.76%,0.19584,"14:59 ET"
SPY,774.45,2026-10-23,32,Put,715.00,-7.59%,1.54,1.55,1.56,7380,849,8.69,12.60%,19.63%,-0.075139,"14:58 ET"
QQQ,741.45,2026-09-23,2,Put,720.00,-2.74%,0.25,0.25,0.26,3928,454,8.65,18.13%,23.83%,-0.046828,"14:59 ET"
QQQ,741.45,2026-11-20,60,Put,735.00,-0.71%,18.78,18.85,18.84,3897,456,8.55,18.13%,19.65%,-0.420964,"14:59 ET"
TQQQ,78.96,2026-10-09,18,Put,68.00,-13.49%,0.8,0.82,0.83,3196,375,8.52,53.40%,64.98%,-0.133274,"14:57 ET"
QQQ,741.45,2026-09-23,2,Call,755.00,-1.99%,0.28,0.28,0.29,876,103,8.5,18.13%,16.54%,0.071109,"14:59 ET"
ETHA,20.8,2026-11-20,60,Call,25.00,-20.48%,0.71,0.72,0.74,5454,643,8.48,54.45%,59.09%,0.267771,"14:54 ET"
EEM,68.84,2026-11-20,60,Call,69.00,-0.32%,2.65,2.7,2.87,3151,372,8.47,23.17%,24.61%,0.521988,"14:14 ET"
ETHA,20.8,2026-10-30,39,Call,27.00,-30.12%,0.22,0.23,0.23,1740,206,8.45,54.45%,61.29%,0.119261,"14:27 ET"
IWM,286.32,2026-10-02,11,Call,297.50,-3.98%,0.31,0.29,0.34,1642,195,8.42,17.34%,15.91%,0.089653,"12:40 ET"
SPY,774.45,2026-09-23,2,Put,763.00,-1.39%,0.27,0.28,0.28,3602,431,8.36,12.60%,14.03%,-0.075894,"14:59 ET"
SOXL,141.43,2026-09-25,4,Call,161.00,-14.51%,1.13,1.06,1.15,1293,155,8.34,113.93%,109.14%,0.144248,"14:53 ET"
QQQ,741.45,2026-09-28,7,Call,728.00,+1.66%,15.54,15.81,16.11,902,110,8.2,18.13%,16.73%,0.795042,"14:58 ET"
SPY,774.45,2026-10-16,25,Put,734.00,-5.13%,1.78,1.79,1.8,28600,3503,8.16,12.60%,17.16%,-0.105584,"14:59 ET"
TQQQ,78.96,2026-10-09,18,Put,66.50,-15.39%,0.65,0.68,0.71,1264,156,8.1,53.40%,67.69%,-0.111056,"15:02 ET"
IWM,286.32,2026-09-30,9,Put,284.00,-0.73%,1.68,1.91,1.72,4255,531,8.01,17.34%,15.52%,-0.355596,"14:03 ET"
QQQ,741.45,2026-09-23,2,Call,742.00,-0.23%,3.33,3.34,3.34,4505,563,8,18.13%,16.34%,0.480291,"15:00 ET"
SPY,774.45,2026-09-23,2,Call,777.00,-0.42%,1.25,1.3,1.26,9587,1198,8,12.60%,10.15%,0.3295,"15:00 ET"
SMH,595.98,2026-09-21,0,Call,587.50,+1.17%,6.2,8.17,8.95,1111,139,7.99,34.36%,11.11%,0.993375,"14:58 ET"
SPY,774.45,2026-09-24,3,Call,750.00,+3.07%,24.56,24.56,24.67,1249,157,7.96,12.60%,18.98%,0.969487,"14:49 ET"
QQQ,741.45,2026-09-30,9,Put,720.00,-2.74%,1.92,1.92,1.94,31349,3963,7.91,18.13%,19.47%,-0.159736,"15:00 ET"
KSTR,24.55,2026-12-18,88,Call,35.00,-42.57%,0.05,0.28,0.75,1430,182,7.86,49.43%,56.05%,0.13199,"14:23 ET"
IBIT,48.74,2026-09-30,9,Call,49.50,-1.71%,0.93,0.94,0.95,905,116,7.8,39.92%,40.88%,0.425189,"14:07 ET"
IBIT,48.74,2026-10-23,32,Call,50.50,-3.76%,1.6,1.57,1.61,1394,179,7.79,39.92%,39.46%,0.415315,"14:37 ET"
QQQ,741.45,2026-09-25,4,Call,744.00,-0.50%,4.17,4.15,4.19,6005,771,7.79,18.13%,17.02%,0.432575,"15:00 ET"
TQQQ,78.96,2026-09-21,0,Call,76.00,+3.31%,2.86,2.99,3,6964,900,7.74,53.40%,46.96%,0.937635,"14:58 ET"
SPY,774.45,2026-09-22,1,Put,763.00,-1.39%,0.11,0.13,0.12,5620,729,7.71,12.60%,16.40%,-0.042357,"14:58 ET"
IBIT,48.74,2026-09-28,7,Call,52.00,-6.84%,0.23,0.22,0.24,3865,502,7.7,39.92%,44.02%,0.155428,"14:40 ET"
QQQ,741.45,2026-10-09,18,Call,747.00,-0.91%,9.25,9.21,9.33,1192,155,7.69,18.13%,17.26%,0.445739,"14:59 ET"
SPY,774.45,2026-09-28,7,Call,769.00,+0.61%,7.85,8.11,8.09,1613,211,7.64,12.60%,10.73%,0.692819,"14:53 ET"
TQQQ,78.96,2026-11-20,60,Call,80.00,-1.78%,6.8,6.9,6.95,1839,241,7.63,53.40%,56.27%,0.531264,"14:54 ET"
TQQQ,78.96,2026-09-25,4,Put,79.00,+0.51%,1.71,1.74,1.78,805,106,7.59,53.40%,51.38%,-0.499142,"15:03 ET"
ITB,88.42,2027-01-15,116,Call,90.46,-2.46%,5.2,5.52,5.7,1302,173,7.53,29.64%,29.58%,0.507861,"14:07 ET"
SPY,774.45,2026-09-23,2,Call,776.00,-0.29%,1.62,1.66,1.63,12089,1613,7.49,12.60%,10.21%,0.394159,"15:00 ET"
UVXY,17.51,2026-12-18,88,Call,17.00,+2.52%,3.5,3.7,3.7,943,126,7.48,85.52%,97.88%,0.625448,"14:57 ET"
TSLL,10.23,2026-09-25,4,Put,10.50,+3.65%,0.57,0.59,0.6,4636,622,7.45,81.49%,99.42%,-0.582986,"15:04 ET"
SPY,774.45,2026-09-22,1,Call,772.00,+0.22%,3.21,3.25,3.24,46143,6191,7.45,12.60%,11.24%,0.698142,"15:00 ET"
SPY,774.45,2026-09-25,4,Put,773.00,-0.09%,2.85,2.8,2.86,5878,796,7.38,12.60%,11.00%,-0.43184,"15:00 ET"
QQQ,741.45,2026-09-30,9,Put,727.00,-1.80%,2.91,3.05,2.95,787,107,7.36,18.13%,18.16%,-0.234105,"14:24 ET"
QQQ,741.45,2026-09-22,1,Put,722.00,-2.47%,0.12,0.12,0.13,5165,702,7.36,18.13%,27.16%,-0.030396,"14:56 ET"
SOXL,141.43,2026-09-25,4,Put,129.00,-8.25%,2.05,2.11,2.09,979,135,7.25,113.93%,116.02%,-0.202484,"14:54 ET"
TQQQ,78.96,2026-09-25,4,Put,76.00,-3.31%,0.72,0.72,0.73,2277,315,7.23,53.40%,56.25%,-0.253025,"15:03 ET"
SLV,59.67,2026-09-21,0,Call,59.50,+0.18%,0.16,0.19,0.18,4686,654,7.17,36.22%,6.92%,0.737578,"14:58 ET"
DBC,32.67,2026-10-16,25,Call,34.00,-4.26%,0.35,0.4,0.5,805,113,7.12,26.23%,28.99%,0.286938,"14:24 ET"
QQQ,741.45,2026-10-09,18,Call,748.00,-1.04%,8.78,8.39,8.85,1130,159,7.11,18.13%,17.18%,0.431595,"14:41 ET"
SPY,774.45,2026-09-25,4,Put,777.00,+0.42%,4.78,4.76,4.82,2024,285,7.1,12.60%,10.48%,-0.616038,"15:00 ET"
QQQ,741.45,2026-09-25,4,Call,743.00,-0.37%,4.64,4.64,4.66,4833,683,7.08,18.13%,17.12%,0.462675,"15:00 ET"
ARKK,90.93,2027-01-15,116,Put,82.00,-9.68%,3.5,3.55,3.65,7624,1079,7.07,33.80%,38.66%,-0.265767,"14:50 ET"
SPY,774.45,2026-09-23,2,Call,772.00,+0.22%,3.81,3.88,3.84,15909,2268,7.01,12.60%,10.67%,0.654645,"15:00 ET"
SPY,774.45,2026-09-24,3,Call,775.00,-0.17%,2.73,2.73,2.74,5691,816,6.97,12.60%,10.69%,0.473438,"15:00 ET"
SPY,774.45,2026-09-23,2,Call,785.00,-1.46%,0.14,0.14,0.15,7256,1046,6.94,12.60%,11.33%,0.053063,"14:59 ET"
EWZ,38.09,2026-09-25,4,Call,38.00,+0.11%,0.57,0.55,0.61,5221,756,6.91,45.87%,34.75%,0.529068,"14:33 ET"
QQQ,741.45,2026-09-25,4,Put,721.00,-2.61%,0.83,0.84,0.84,5728,829,6.91,18.13%,21.55%,-0.103691,"15:00 ET"
XLB,49.92,2026-12-18,88,Put,47.00,-5.89%,0.64,0.67,0.78,1875,272,6.89,18.10%,19.28%,-0.242124,"12:47 ET"
TQQQ,78.96,2026-10-02,11,Call,79.00,-0.51%,2.66,2.73,2.75,1779,259,6.87,53.40%,49.92%,0.514738,"15:01 ET"
SPY,774.45,2026-09-28,7,Call,766.00,+1.00%,10.2,10.4,10.53,1070,156,6.86,12.60%,11.35%,0.766038,"14:52 ET"
SOXL,141.43,2026-09-23,2,Put,125.00,-11.10%,0.39,0.39,0.4,1111,162,6.86,113.93%,117.88%,-0.069801,"15:00 ET"
SOXL,141.43,2026-09-25,4,Put,125.00,-11.10%,1.36,1.37,1.38,2394,350,6.84,113.93%,119.16%,-0.143071,"15:00 ET"
QQQ,741.45,2026-10-02,11,Call,785.00,-6.04%,0.3,0.31,0.32,1112,164,6.78,18.13%,17.69%,0.034785,"14:53 ET"
SOXL,141.43,2026-09-23,2,Call,140.00,+0.43%,5,5,5.15,2612,386,6.77,113.93%,100.90%,0.577312,"15:00 ET"
IWM,286.32,2026-10-30,39,Call,295.00,-3.11%,3.18,2.95,3.22,1040,155,6.71,17.34%,16.82%,0.32134,"14:05 ET"
ETHA,20.8,2026-11-20,60,Call,32.00,-54.22%,0.2,0.2,0.23,682,102,6.69,54.45%,69.96%,0.088041,"14:29 ET"
SPY,774.45,2026-09-25,4,Put,775.00,+0.17%,3.72,3.72,3.73,4963,743,6.68,12.60%,10.71%,-0.522426,"15:00 ET"
QQQ,741.45,2026-10-16,25,Call,775.00,-4.69%,2.95,2.88,2.96,40331,6052,6.66,18.13%,16.71%,0.173145,"14:59 ET"
QQQ,741.45,2026-10-30,39,Put,740.00,-0.04%,15.93,16.06,16.03,4163,626,6.65,18.13%,18.39%,-0.458639,"14:59 ET"
IBIT,48.74,2026-10-02,11,Put,45.50,-6.51%,0.31,0.31,0.32,10781,1620,6.65,39.92%,42.40%,-0.161019,"14:54 ET"
XLE,62.94,2026-09-23,2,Call,63.00,-0.11%,0.47,0.48,0.49,2279,345,6.61,26.97%,29.02%,0.467987,"15:02 ET"
DRAM,61.83,2026-09-23,2,Call,65.00,-5.43%,0.16,0.16,0.18,1475,224,6.58,58.62%,58.50%,0.129285,"15:00 ET"
SPY,774.45,2026-10-23,32,Put,775.00,+0.17%,10.25,10.28,10.27,747,114,6.55,12.60%,11.71%,-0.483843,"14:58 ET"
SMH,595.98,2026-09-25,4,Put,570.00,-4.12%,1.22,1.37,1.38,2882,440,6.55,34.36%,36.32%,-0.115646,"14:29 ET"
SPY,774.45,2026-09-22,1,Put,762.00,-1.51%,0.1,0.11,0.11,8753,1336,6.55,12.60%,17.27%,-0.037392,"14:59 ET"
SPY,774.45,2026-09-25,4,Call,746.00,+3.58%,28.7,28.98,29.25,1212,186,6.52,12.60%,22.95%,0.942119,"15:00 ET"
SQQQ,34.59,2027-03-19,179,Put,30.00,-13.72%,3.45,3.7,3.9,1015,156,6.51,56.40%,66.40%,-0.283399,"14:50 ET"
QQQ,741.45,2026-09-21,0,Call,728.00,+1.66%,13.45,13.49,13.59,21900,3410,6.42,18.13%,18.82%,0.969566,"15:00 ET"
QQQ,741.45,2026-09-24,3,Call,745.00,-0.64%,2.88,2.87,2.9,1317,206,6.39,18.13%,16.35%,0.380528,"15:00 ET"
TQQQ,78.96,2026-09-25,4,Put,77.00,-2.04%,0.96,0.99,0.99,1791,282,6.35,53.40%,54.21%,-0.323722,"15:04 ET"
SPY,774.45,2026-09-25,4,Call,747.00,+3.45%,27.71,27.92,28.26,958,151,6.34,12.60%,22.40%,0.939861,"14:59 ET"
USO,148.83,2027-04-16,207,Put,120.00,-19.11%,7.3,7.52,7.6,1232,195,6.32,47.49%,48.27%,-0.204828,"14:59 ET"
SPY,774.45,2026-09-24,3,Call,779.00,-0.68%,1.2,1.21,1.22,2515,399,6.3,12.60%,10.46%,0.270498,"15:00 ET"
MVLL,34.76,2026-10-16,25,Call,45.00,-30.21%,1.8,2.15,2.25,803,130,6.18,139.14%,139.32%,0.301024,"14:56 ET"
SPY,774.45,2026-09-23,2,Call,773.00,+0.09%,3.16,3.18,3.18,9667,1563,6.18,12.60%,10.52%,0.593786,"14:59 ET"
QQQ,741.45,2026-09-25,4,Call,775.00,-4.69%,0.1,0.1,0.12,1981,321,6.17,18.13%,20.22%,0.019298,"14:49 ET"
TQQQ,78.96,2026-10-02,11,Put,71.50,-9.03%,0.78,0.81,0.83,1046,171,6.12,53.40%,62.73%,-0.167404,"14:51 ET"
TQQQ,78.96,2026-09-28,7,Call,75.00,+4.58%,4.25,4.4,4.95,939,154,6.1,53.40%,48.87%,0.784561,"14:44 ET"
SOXL,141.43,2026-10-09,18,Call,110.00,+21.76%,32.4,33.7,35.15,1013,167,6.07,113.93%,103.81%,0.888673,"14:52 ET"
SPY,774.45,2026-09-24,3,Put,765.00,-1.13%,0.69,0.69,0.7,2944,487,6.05,12.60%,12.98%,-0.147172,"14:58 ET"
XLF,55.97,2026-09-25,4,Put,55.50,-0.84%,0.16,0.17,0.19,3527,583,6.05,15.56%,16.43%,-0.287984,"14:34 ET"
IBIT,48.74,2026-10-16,25,Put,49.00,+0.68%,2.07,2.12,2.09,785,130,6.04,39.92%,39.48%,-0.49127,"14:48 ET"
QQQ,741.45,2026-09-23,2,Call,741.00,-0.10%,3.86,3.85,3.88,5453,905,6.03,18.13%,16.51%,0.524551,"15:00 ET"
IBIT,48.74,2026-10-16,25,Put,48.00,-1.38%,1.59,1.59,1.6,4256,709,6,39.92%,39.61%,-0.411892,"14:55 ET"
QQQ,741.45,2026-09-25,4,Call,741.00,-0.10%,5.7,5.7,5.72,4643,778,5.97,18.13%,17.41%,0.522369,"15:00 ET"
SPY,774.45,2026-09-30,9,Call,784.00,-1.33%,1.61,1.61,1.63,10572,1771,5.97,12.60%,10.05%,0.229827,"14:59 ET"
QQQ,741.45,2026-09-29,8,Put,705.00,-4.77%,0.63,0.68,0.65,1283,215,5.97,18.13%,22.36%,-0.059825,"13:46 ET"
SPY,774.45,2026-09-24,3,Call,791.00,-2.23%,0.09,0.11,0.1,780,131,5.95,12.60%,12.24%,0.028807,"14:50 ET"
DRAM,61.83,2026-10-02,11,Call,66.00,-7.06%,1.1,1.12,1.13,3169,534,5.93,58.62%,60.71%,0.28848,"15:00 ET"
QQQ,741.45,2026-09-24,3,Call,746.00,-0.77%,2.5,2.51,2.52,816,138,5.91,18.13%,16.26%,0.345736,"14:55 ET"
HYG,78.69,2026-10-16,25,Call,77.00,+2.14%,1.71,1.73,1.85,1794,304,5.9,4.32%,3.31%,0.99456,"10:28 ET"
QQQ,741.45,2026-09-22,1,Call,729.00,+1.53%,12.43,12.77,12.98,6447,1095,5.89,18.13%,22.07%,0.92923,"14:54 ET"
SPY,774.45,2026-09-28,7,Call,772.00,+0.22%,5.76,5.78,5.91,2238,381,5.87,12.60%,10.20%,0.600074,"14:59 ET"
QQQ,741.45,2026-09-22,1,Put,721.00,-2.61%,0.11,0.11,0.12,2093,357,5.86,18.13%,27.94%,-0.027552,"14:53 ET"
SPY,774.45,2026-09-25,4,Call,789.00,-1.97%,0.25,0.28,0.26,2416,413,5.85,12.60%,11.52%,0.063109,"14:56 ET"
SPY,774.45,2026-09-21,0,Call,750.00,+3.07%,24.31,23.93,24.37,2788,477,5.84,12.60%,21.48%,0.997903,"14:40 ET"
IBIT,48.74,2026-10-30,39,Call,60.00,-23.28%,0.3,0.31,0.32,2904,498,5.83,39.92%,45.31%,0.096835,"14:55 ET"
IWM,286.32,2026-09-23,2,Put,285.00,-0.38%,0.74,0.74,0.76,3137,544,5.77,17.34%,15.70%,-0.337789,"15:00 ET"
SMH,595.98,2026-09-25,4,Call,595.00,-0.09%,8.3,8.54,8.75,1700,296,5.74,34.36%,31.96%,0.529315,"14:57 ET"
SPY,774.45,2026-09-28,7,Call,755.00,+2.42%,19.63,20.45,20.64,616,108,5.7,12.60%,12.87%,0.926778,"15:00 ET"
SOXL,141.43,2026-09-25,4,Call,157.00,-11.66%,1.65,1.56,1.72,1003,176,5.7,113.93%,108.43%,0.198354,"14:50 ET"
QQQ,741.45,2026-09-25,4,Call,745.00,-0.64%,3.73,3.75,3.74,15188,2666,5.7,18.13%,16.91%,0.402458,"15:00 ET"
XLE,62.94,2026-09-25,4,Call,63.00,-0.11%,0.72,0.74,0.75,724,128,5.66,26.97%,30.13%,0.482908,"14:59 ET"
SPY,774.45,2026-09-25,4,Call,756.00,+2.29%,18.91,19.06,19.4,4997,886,5.64,12.60%,17.73%,0.905428,"14:58 ET"
DRAM,61.83,2026-09-25,4,Call,64.00,-3.81%,0.68,0.69,0.69,6692,1191,5.62,58.62%,58.06%,0.297369,"15:00 ET"
IBIT,48.74,2026-09-25,4,Put,46.00,-5.49%,0.13,0.14,0.14,5599,998,5.61,39.92%,47.21%,-0.112933,"14:55 ET"
SPY,774.45,2026-09-24,3,Call,776.00,-0.29%,2.26,2.26,2.28,3328,594,5.6,12.60%,10.61%,0.420263,"15:00 ET"
IBIT,48.74,2026-09-30,9,Call,50.00,-2.73%,0.76,0.76,0.77,5698,1020,5.59,39.92%,41.23%,0.366263,"14:58 ET"
IBIT,48.74,2026-10-23,32,Call,53.00,-8.90%,0.9,0.9,0.91,1514,273,5.55,39.92%,40.26%,0.27005,"14:56 ET"
QQQ,741.45,2026-09-24,3,Call,741.00,-0.10%,4.79,4.79,4.83,953,172,5.54,18.13%,16.86%,0.523053,"15:00 ET"
SPY,774.45,2026-09-23,2,Call,774.00,-0.04%,2.57,2.61,2.59,13754,2482,5.54,12.60%,10.38%,0.528719,"15:00 ET"
SMH,595.98,2026-09-21,0,Call,585.00,+1.59%,10.3,11,11.15,2355,427,5.52,34.36%,17.92%,0.977089,"15:00 ET"
TQQQ,78.96,2026-09-23,2,Call,76.00,+3.31%,3.1,3.18,3.25,2293,416,5.51,53.40%,53.80%,0.830391,"15:02 ET"
SPY,774.45,2026-09-25,4,Put,771.00,-0.35%,2.16,2.2,2.18,4686,852,5.5,12.60%,11.33%,-0.34967,"14:59 ET"
GLD,398.61,2026-09-30,9,Put,389.00,-2.44%,1.31,1.41,1.48,911,167,5.46,21.06%,19.21%,-0.204113,"14:17 ET"
DRAM,61.83,2026-09-23,2,Call,64.00,-3.81%,0.32,0.31,0.33,3067,565,5.43,58.62%,58.04%,0.218222,"14:57 ET"
GLD,398.61,2026-09-21,0,Call,397.00,+0.43%,1.25,1.55,1.65,612,113,5.42,21.06%,5.93%,0.868515,"14:47 ET"
SPY,774.45,2026-09-23,2,Call,769.00,+0.61%,6.13,6.13,6.18,5049,933,5.41,12.60%,11.45%,0.796908,"14:58 ET"
SQQQ,34.59,2026-09-25,4,Call,35.00,-0.66%,0.43,0.43,0.45,4203,783,5.37,56.40%,41.37%,0.415063,"15:02 ET"
SPY,774.45,2026-10-01,10,Call,777.00,-0.42%,4.47,4.59,4.5,679,127,5.35,12.60%,10.71%,0.441861,"14:57 ET"
SPY,774.45,2026-09-28,7,Call,768.00,+0.74%,8.62,8.76,8.88,1945,365,5.33,12.60%,10.94%,0.719069,"14:53 ET"
DRAM,61.83,2026-09-21,0,Call,61.00,+1.05%,0.87,0.82,0.9,3304,620,5.33,58.62%,23.70%,0.866143,"14:59 ET"
SPY,774.45,2026-09-25,4,Call,748.00,+3.32%,26.3,27.26,27.15,761,144,5.28,12.60%,18.54%,0.964338,"14:59 ET"
SPY,774.45,2026-09-23,2,Call,775.00,-0.17%,2.06,2.1,2.07,13593,2574,5.28,12.60%,10.27%,0.461326,"15:00 ET"
SOXL,141.43,2026-09-25,4,Put,117.00,-16.79%,0.59,0.59,0.61,953,181,5.27,113.93%,128.36%,-0.067891,"15:00 ET"
QQQ,741.45,2026-11-30,70,Call,760.00,-2.66%,18.62,17.81,18.79,579,110,5.26,18.13%,19.13%,0.429145,"14:01 ET"
IBIT,48.74,2026-10-23,32,Call,49.00,-0.68%,2.21,2.19,2.24,1771,337,5.26,39.92%,39.32%,0.517536,"14:46 ET"
XLE,62.94,2026-09-23,2,Call,64.00,-1.70%,0.14,0.15,0.15,2587,494,5.24,26.97%,28.12%,0.200357,"14:58 ET"
FXI,34.88,2026-10-02,11,Call,36.00,-3.21%,0.15,0.14,0.17,817,156,5.24,21.48%,21.78%,0.216292,"12:32 ET"
SPY,774.45,2026-09-23,2,Call,770.00,+0.48%,5.31,5.36,5.35,11696,2237,5.23,12.60%,11.16%,0.756478,"15:00 ET"
QQQ,741.45,2026-10-16,25,Put,736.00,-0.58%,10.42,10.6,10.45,561,108,5.19,18.13%,17.61%,-0.413334,"14:48 ET"
SPY,774.45,2026-10-09,18,Put,772.00,-0.22%,6.19,6.34,6.23,851,164,5.19,12.60%,11.25%,-0.43176,"14:42 ET"
TQQQ,78.96,2026-09-28,7,Call,76.00,+3.31%,3.65,3.7,3.85,1647,319,5.16,53.40%,45.61%,0.735508,"14:52 ET"
SOXS,35.56,2026-10-16,25,Call,43.00,-19.98%,1.5,1.72,1.91,792,154,5.14,115.05%,109.80%,0.302979,"14:47 ET"
TQQQ,78.96,2026-09-25,4,Put,74.50,-5.22%,0.46,0.47,0.47,833,162,5.14,53.40%,59.69%,-0.171216,"15:03 ET"
BITX,20.92,2026-09-25,4,Call,22.00,-5.41%,0.38,0.41,0.41,758,148,5.12,78.77%,90.97%,0.320317,"14:56 ET"
SPY,774.45,2026-09-23,2,Call,780.00,-0.81%,0.54,0.56,0.55,18239,3565,5.12,12.60%,10.28%,0.172959,"15:00 ET"
ETHA,20.8,2026-10-09,18,Put,19.00,-8.43%,0.29,0.3,0.34,521,102,5.11,54.45%,55.20%,-0.206519,"13:18 ET"
SPY,774.45,2026-09-29,8,Put,739.00,-4.49%,0.29,0.33,0.3,598,117,5.11,12.60%,17.85%,-0.03594,"14:11 ET"
USO,148.83,2028-06-16,634,Put,205.00,+38.19%,61.5,65.23,66,515,101,5.1,47.49%,39.24%,-0.659572,"12:39 ET"
SOXX,558.57,2027-06-17,269,Put,470.00,-15.66%,33.2,33.8,34.5,600,118,5.08,38.15%,42.55%,-0.235867,"14:22 ET"
QQQ,741.45,2026-09-28,7,Put,697.00,-5.85%,0.32,0.32,0.33,924,182,5.08,18.13%,24.60%,-0.032458,"14:52 ET"
QQQ,741.45,2026-09-24,3,Call,743.00,-0.37%,3.76,3.63,3.78,1788,352,5.08,18.13%,16.58%,0.451916,"14:58 ET"
SPY,774.45,2026-10-23,32,Put,771.00,-0.35%,8.75,8.92,8.79,723,143,5.06,12.60%,12.13%,-0.425423,"14:38 ET"
SOXL,141.43,2026-09-25,4,Put,133.00,-5.41%,3,3.1,3.1,1336,266,5.02,113.93%,113.23%,-0.27671,"14:58 ET"
SPY,774.45,2026-09-25,4,Put,734.00,-5.13%,0.12,0.11,0.13,3209,639,5.02,12.60%,24.44%,-0.017331,"14:43 ET"
DIA,520.21,2026-09-25,4,Call,519.00,+0.19%,3.55,3.6,3.7,535,107,5,12.82%,13.06%,0.584385,"14:54 ET"
SPY,774.45,2026-10-01,10,Call,781.00,-0.94%,2.82,2.89,2.84,565,113,5,12.60%,10.41%,0.326745,"14:57 ET"
QQQ,741.45,2026-10-09,18,Call,739.00,+0.17%,13.6,13.1,13.7,1530,306,5,18.13%,17.99%,0.555743,"14:41 ET"
QQQ,741.45,2026-10-09,18,Call,734.00,+0.85%,16.57,16.7,16.95,3701,742,4.99,18.13%,18.39%,0.619541,"14:52 ET"
QQQ,741.45,2026-10-16,25,Call,785.00,-6.04%,1.69,1.69,1.71,13546,2718,4.98,18.13%,16.81%,0.109906,"14:57 ET"
CONL,6.79,2026-12-18,88,Call,19.00,-177.78%,0.25,0.33,0.35,1570,315,4.98,133.44%,149.48%,0.154151,"13:19 ET"
EWY,189.41,2026-10-23,32,Call,205.00,-8.56%,4.05,4.35,4.65,1119,225,4.97,46.20%,44.71%,0.294488,"13:19 ET"
QQQ,741.45,2026-09-23,2,Call,737.00,+0.44%,6.37,6.46,6.52,5711,1148,4.97,18.13%,17.30%,0.685164,"15:00 ET"
SPY,774.45,2026-09-28,7,Put,757.00,-2.16%,0.64,0.66,0.65,566,114,4.96,12.60%,12.96%,-0.097801,"14:40 ET"
GLD,398.61,2026-10-23,32,Put,360.00,-9.71%,0.79,0.83,0.84,862,174,4.95,21.06%,23.77%,-0.064856,"14:00 ET"
QQQ,741.45,2026-10-02,11,Put,722.00,-2.47%,3.07,3.14,3.1,790,160,4.94,18.13%,19.92%,-0.209512,"14:42 ET"
QQQ,741.45,2026-10-01,10,Put,730.00,-1.39%,4.02,4.1,4.06,523,106,4.93,18.13%,18.02%,-0.288114,"14:53 ET"
ARKK,90.93,2027-03-19,179,Put,110.00,+21.16%,21.3,21.6,22,500,102,4.9,33.80%,37.86%,-0.72639,"15:00 ET"
TQQQ,78.96,2026-09-25,4,Call,77.50,+1.40%,2.36,2.45,2.54,1426,292,4.88,53.40%,50.74%,0.642068,"15:02 ET"
QQQ,741.45,2026-09-22,1,Put,720.00,-2.74%,0.1,0.1,0.11,6689,1383,4.84,18.13%,28.66%,-0.024857,"14:58 ET"
SPY,774.45,2026-09-25,4,Call,769.00,+0.61%,7.31,7.35,7.4,9872,2042,4.83,12.60%,12.43%,0.710977,"14:59 ET"
IBIT,48.74,2026-10-30,39,Call,54.00,-10.95%,0.91,0.91,0.92,4143,860,4.82,39.92%,40.76%,0.25147,"14:54 ET"
GLD,398.61,2026-10-02,11,Put,392.00,-1.69%,2.71,2.71,2.84,1028,214,4.8,21.06%,20.08%,-0.307232,"14:35 ET"
SOXL,141.43,2026-10-02,11,Put,91.00,-35.28%,0.4,0.44,0.6,1046,218,4.8,113.93%,148.12%,-0.031953,"14:16 ET"
QQQ,741.45,2026-10-02,11,Call,759.00,-2.53%,2.68,2.66,2.72,1159,242,4.79,18.13%,16.64%,0.222123,"14:58 ET"
IBIT,48.74,2026-10-30,39,Call,49.50,-1.71%,2.25,2.22,2.27,2160,451,4.79,39.92%,39.48%,0.491434,"14:40 ET"
SPY,774.45,2026-09-28,7,Put,765.00,-1.13%,1.36,1.34,1.38,1752,369,4.75,12.60%,11.06%,-0.204442,"15:00 ET"
QBTZ,14.99,2027-03-19,179,Call,20.00,-33.16%,3.3,4.6,4.7,795,168,4.73,143.05%,128.80%,0.562938,"14:13 ET"
SPY,774.45,2026-10-30,39,Put,772.00,-0.22%,10.66,10.7,10.7,1478,313,4.72,12.60%,12.62%,-0.441796,"14:58 ET"
QQQ,741.45,2026-10-02,11,Put,725.00,-2.07%,3.56,3.61,3.6,1840,390,4.72,18.13%,19.38%,-0.240022,"14:59 ET"
SOXS,35.56,2026-09-25,4,Put,36.00,+0.45%,1.82,1.87,2.1,1020,217,4.7,115.05%,113.91%,-0.522996,"14:28 ET"
QQQ,741.45,2026-10-02,11,Call,749.00,-1.18%,5.74,5.29,5.8,563,120,4.69,18.13%,17.04%,0.382783,"14:29 ET"
IBIT,48.74,2026-10-02,11,Call,50.50,-3.76%,0.76,0.77,0.77,1307,279,4.68,39.92%,42.37%,0.335352,"14:13 ET"
QQQ,741.45,2026-09-23,2,Put,721.00,-2.61%,0.27,0.27,0.28,981,210,4.67,18.13%,23.28%,-0.051005,"14:58 ET"
SPY,774.45,2026-09-29,8,Call,774.00,-0.04%,5.04,5.14,5.06,668,144,4.64,12.60%,10.21%,0.528591,"14:56 ET"
QQQ,741.45,2026-10-23,32,Call,785.00,-6.04%,2.66,2.67,2.71,709,153,4.63,18.13%,16.88%,0.144327,"14:55 ET"
SPY,774.45,2026-09-23,2,Call,767.00,+0.87%,7.88,7.77,7.94,5766,1248,4.62,12.60%,12.15%,0.858397,"14:45 ET"
QQQ,741.45,2026-09-28,7,Put,703.00,-5.04%,0.42,0.43,0.44,550,119,4.62,18.13%,22.96%,-0.044017,"14:54 ET"
DBC,32.67,2026-10-16,25,Put,31.00,-4.94%,0.2,0.28,0.35,780,170,4.59,26.23%,24.32%,-0.222208,"11:43 ET"
METU,32.71,2026-10-16,25,Call,35.00,-6.29%,2.05,2.2,2.4,522,114,4.58,92.35%,89.98%,0.441163,"14:44 ET"
MUU,35.78,2029-01-19,851,Call,30.00,+15.56%,22,22.4,22.8,516,113,4.57,125.22%,102.11%,0.83098,"14:39 ET"
IWM,286.32,2026-10-09,18,Put,273.00,-4.58%,0.82,0.86,0.86,1636,358,4.57,17.34%,19.92%,-0.129958,"14:37 ET"
IBIT,48.74,2026-10-09,18,Put,44.50,-8.57%,0.36,0.37,0.37,4948,1082,4.57,39.92%,42.08%,-0.148628,"15:00 ET"
QQQ,741.45,2026-09-25,4,Call,746.00,-0.77%,3.32,3.3,3.33,3863,849,4.55,18.13%,16.81%,0.372671,"15:00 ET"
KORU,22.67,2026-10-02,11,Call,23.00,-2.31%,1.7,1.96,2.2,1059,233,4.55,137.88%,135.09%,0.519535,"14:49 ET"
SNXX,17.43,2026-10-02,11,Put,15.00,-12.79%,0.65,0.71,0.75,1145,255,4.49,146.46%,146.98%,-0.235465,"14:54 ET"
QQQ,741.45,2026-10-02,11,Put,737.00,-0.44%,6.65,6.77,6.72,919,205,4.48,18.13%,17.53%,-0.406968,"14:57 ET"
SPY,774.45,2026-09-24,3,Call,756.00,+2.29%,18.65,17.4,18.76,670,150,4.47,12.60%,16.35%,0.948965,"13:51 ET"
IWM,286.32,2026-09-29,8,Call,287.00,-0.31%,2.24,2.14,2.29,529,119,4.45,17.34%,14.82%,0.472412,"14:21 ET"
SPY,774.45,2026-09-25,4,Call,745.00,+3.71%,29.32,29.82,30.24,980,220,4.45,12.60%,21.17%,0.961099,"14:58 ET"
IWM,286.32,2026-09-24,3,Call,288.00,-0.66%,0.96,0.94,1,1402,316,4.44,17.34%,15.99%,0.352615,"14:55 ET"
IBIT,48.74,2026-09-28,7,Call,51.00,-4.79%,0.38,0.38,0.39,598,135,4.43,39.92%,42.55%,0.23546,"14:35 ET"
USO,148.83,2026-10-02,11,Put,138.00,-6.98%,1.46,1.55,1.52,801,181,4.43,47.49%,52.73%,-0.190306,"15:01 ET"
KIE,61.69,2027-06-17,269,Put,80.00,+29.72%,17.3,18.42,20.1,1080,244,4.43,24.34%,29.23%,-0.851747,"12:53 ET"
SLV,59.67,2026-09-23,2,Put,59.00,-1.02%,0.33,0.34,0.35,1476,333,4.43,36.22%,34.68%,-0.332366,"14:59 ET"
USO,148.83,2026-09-25,4,Put,144.00,-2.93%,1.57,1.58,1.65,1516,342,4.43,47.49%,57.32%,-0.281691,"15:03 ET"
USO,148.83,2026-09-30,9,Put,125.00,-15.74%,0.17,0.21,0.23,1312,297,4.42,47.49%,62.50%,-0.033585,"14:51 ET"
IBIT,48.74,2026-12-18,88,Call,74.00,-52.04%,0.34,0.37,0.36,2144,486,4.41,39.92%,51.88%,0.07008,"14:05 ET"
UNG,10.26,2026-10-23,32,Call,9.00,+12.02%,1.25,1.35,1.45,1104,251,4.4,40.71%,37.90%,0.894855,"14:32 ET"
USO,148.83,2026-09-23,2,Put,143.00,-3.61%,0.66,0.68,0.69,624,142,4.39,47.49%,60.57%,-0.182125,"14:55 ET"
SNXX,17.43,2026-10-02,11,Call,18.50,-7.56%,1.1,1.25,1.5,548,125,4.38,146.46%,143.03%,0.456092,"13:48 ET"
SPY,774.45,2026-09-28,7,Call,790.00,-2.10%,0.35,0.38,0.36,1372,313,4.38,12.60%,9.80%,0.075676,"14:56 ET"
SOXL,141.43,2026-10-30,39,Call,175.00,-24.47%,9.65,10.25,10.7,576,132,4.36,113.93%,112.19%,0.350931,"14:43 ET"
CONL,6.79,2026-12-18,88,Call,15.00,-119.30%,0.45,0.5,0.55,1519,349,4.35,133.44%,147.45%,0.236867,"10:45 ET"
XBI,158.04,2026-09-25,4,Put,151.00,-4.51%,0.29,0.31,0.34,3008,692,4.35,29.87%,35.96%,-0.108288,"15:04 ET"
NVDL,36.83,2026-09-25,4,Call,37.50,-2.71%,0.59,0.61,0.73,1058,244,4.34,65.86%,67.46%,0.380912,"14:46 ET"
USO,148.83,2026-09-25,4,Put,143.00,-3.61%,1.32,1.33,1.39,598,138,4.33,47.49%,57.88%,-0.245753,"14:50 ET"
IGV,106.81,2027-01-15,116,Call,107.00,-0.35%,7.7,7.85,8.1,1109,256,4.33,30.79%,30.81%,0.557392,"13:37 ET"
QQQ,741.45,2026-10-02,11,Put,705.00,-4.77%,1.39,1.41,1.42,7279,1685,4.32,18.13%,23.19%,-0.098174,"15:00 ET"
SPY,774.45,2026-09-25,4,Put,768.00,-0.74%,1.44,1.43,1.46,7899,1830,4.32,12.60%,11.99%,-0.249113,"15:00 ET"
IBIT,48.74,2027-02-19,151,Put,20.00,-58.91%,0.13,0.15,0.15,600,139,4.32,39.92%,72.51%,-0.014789,"12:04 ET"
EEM,68.84,2026-11-20,60,Call,71.00,-3.23%,1.77,1.82,1.94,968,224,4.32,23.17%,24.09%,0.406076,"14:45 ET"
SOXL,141.43,2026-09-25,4,Put,128.00,-8.96%,1.83,1.9,1.89,685,159,4.31,113.93%,116.49%,-0.18573,"14:53 ET"
GLD,398.61,2027-02-19,151,Put,475.00,+19.13%,77.05,77.6,77.75,893,207,4.31,21.06%,23.38%,-0.911536,"12:47 ET"
SPY,774.45,2026-09-24,3,Call,774.00,-0.04%,3.25,3.3,3.27,2726,633,4.31,12.60%,10.80%,0.526317,"15:00 ET"
SLV,59.67,2026-10-23,32,Call,61.00,-2.33%,2.05,1.99,2.1,2199,512,4.29,36.22%,36.85%,0.450706,"13:49 ET"
QQQ,741.45,2026-12-18,88,Call,815.00,-10.09%,6.62,6.66,6.7,26639,6211,4.29,18.13%,18.78%,0.18571,"14:56 ET"
SOXL,141.43,2026-09-25,4,Put,116.00,-17.50%,0.53,0.56,0.55,534,125,4.27,113.93%,129.62%,-0.061561,"14:38 ET"
MSTZ,2.37,2026-11-20,60,Call,3.00,-27.12%,0.3,0.35,0.4,790,185,4.27,132.71%,145.38%,0.456447,"13:55 ET"
QQQ,741.45,2026-09-28,7,Call,735.00,+0.71%,10.12,10.44,10.53,2534,594,4.27,18.13%,15.54%,0.670359,"15:00 ET"
IBIT,48.74,2026-09-25,4,Call,49.00,-0.68%,0.81,0.82,0.82,15376,3604,4.27,39.92%,45.13%,0.471344,"14:59 ET"
QQQ,741.45,2026-09-28,7,Call,740.00,+0.04%,7.12,7.15,7.22,2358,555,4.25,18.13%,15.18%,0.550998,"14:56 ET"
ARKK,90.93,2026-12-18,88,Put,84.00,-7.48%,3.3,3.5,3.5,1493,352,4.24,33.80%,38.04%,-0.290251,"12:41 ET"
GLD,398.61,2026-09-21,0,Put,399.00,+0.07%,0.67,0.71,0.82,1561,368,4.24,21.06%,3.99%,-0.789908,"15:00 ET"
QQQ,741.45,2026-10-30,39,Call,741.00,-0.10%,20.06,20.1,20.22,503,119,4.23,18.13%,19.28%,0.538091,"15:00 ET"
IWM,286.32,2026-09-23,2,Call,285.00,+0.38%,2.15,2.16,2.22,1595,377,4.23,17.34%,16.49%,0.65565,"14:51 ET"
TQQQ,78.96,2026-09-25,4,Put,76.50,-2.67%,0.82,0.86,0.87,523,124,4.22,53.40%,55.34%,-0.287175,"14:52 ET"
QQQ,741.45,2026-10-09,18,Call,754.00,-1.85%,6.32,5.35,6.37,1133,270,4.2,18.13%,16.83%,0.348076,"13:32 ET"
SPY,774.45,2026-09-25,4,Call,749.00,+3.19%,25.88,26.09,26.15,1377,328,4.2,12.60%,21.38%,0.934138,"15:00 ET"
SPY,774.45,2026-10-02,11,Put,772.00,-0.22%,4.6,4.61,4.62,1177,282,4.17,12.60%,11.07%,-0.421684,"14:56 ET"
SPY,774.45,2026-09-24,3,Put,760.00,-1.77%,0.37,0.38,0.38,2224,534,4.16,12.60%,14.81%,-0.079299,"14:58 ET"
QQQ,741.45,2026-09-25,4,Put,722.00,-2.47%,0.89,0.91,0.9,3260,792,4.12,18.13%,21.19%,-0.111361,"14:59 ET"
BITU,16.18,2027-02-19,151,Call,25.00,-54.89%,1.25,1.3,1.4,585,142,4.12,79.37%,83.92%,0.306734,"13:57 ET"
QQQ,741.45,2026-10-01,10,Call,740.00,+0.04%,9.39,9.23,9.43,730,177,4.12,18.13%,17.09%,0.5442,"14:59 ET"
SOXS,35.56,2026-10-02,11,Put,35.00,-2.34%,2.5,2.4,2.63,787,191,4.12,115.05%,115.73%,-0.430972,"14:53 ET"
FXI,34.88,2026-10-30,39,Put,34.50,-1.09%,0.7,0.8,0.83,530,129,4.11,21.48%,21.88%,-0.409934,"10:22 ET"
QQQ,741.45,2026-10-30,39,Put,735.00,-0.71%,14,14.1,14.1,617,150,4.11,18.13%,18.78%,-0.414703,"14:58 ET"
SCHD,33.8,2026-11-20,60,Call,34.00,-0.62%,0.55,0.55,0.6,621,151,4.11,12.44%,10.50%,0.508972,"14:40 ET"
IBIT,48.74,2026-09-25,4,Put,47.50,-2.40%,0.38,0.38,0.39,1336,325,4.11,39.92%,43.80%,-0.273717,"14:57 ET"
QQQ,741.45,2026-09-30,9,Call,766.00,-3.47%,0.87,0.8,0.89,594,145,4.1,18.13%,15.81%,0.101675,"14:49 ET"
SPY,774.45,2026-09-28,7,Call,781.00,-0.94%,1.63,1.64,1.65,726,177,4.1,12.60%,9.39%,0.268546,"15:00 ET"
NASA,24.8,2026-10-16,25,Call,26.00,-5.22%,0.7,0.73,0.8,1194,291,4.1,50.55%,47.69%,0.375473,"14:29 ET"
QQQ,741.45,2026-10-16,25,Put,733.00,-0.98%,9.4,9.44,9.42,974,238,4.09,18.13%,17.90%,-0.38045,"15:00 ET"
SCO,20.39,2026-09-25,4,Call,21.00,-2.64%,0.3,0.35,0.4,2049,501,4.09,75.92%,70.15%,0.358117,"14:59 ET"
XLE,62.94,2026-11-20,60,Call,64.00,-1.70%,2.4,2.48,2.44,521,128,4.07,26.97%,27.91%,0.470836,"14:50 ET"
QQQ,741.45,2026-09-30,9,Call,752.00,-1.58%,3.36,3.38,3.4,533,131,4.07,18.13%,15.67%,0.296806,"14:57 ET"
TQQQ,78.96,2026-09-21,0,Call,75.00,+4.58%,3.8,3.9,3.95,2806,690,4.07,53.40%,51.09%,0.972072,"14:58 ET"
IBIT,48.74,2026-10-30,39,Put,41.00,-15.76%,0.32,0.33,0.33,3006,738,4.07,39.92%,43.54%,-0.094333,"14:16 ET"
MUU,35.78,2026-09-25,4,Put,35.00,-1.49%,1.3,1.55,1.65,505,125,4.04,125.22%,128.77%,-0.396518,"14:34 ET"
USO,148.83,2026-09-30,9,Call,160.00,-7.85%,1.29,1.25,1.55,1964,489,4.02,47.49%,53.68%,0.208568,"14:32 ET"
SPY,774.45,2026-09-28,7,Call,773.00,+0.09%,5.12,5.2,5.27,2418,601,4.02,12.60%,10.05%,0.565193,"14:57 ET"
QQQ,741.45,2026-09-23,2,Put,718.00,-3.01%,0.2,0.2,0.21,2241,559,4.01,18.13%,24.59%,-0.037702,"14:55 ET"
QQQ,741.45,2026-09-25,4,Put,723.00,-2.34%,0.96,1,0.97,2544,636,4,18.13%,20.86%,-0.120027,"14:56 ET"
QQQ,741.45,2026-09-25,4,Call,755.00,-1.99%,1.02,1.01,1.03,6014,1506,3.99,18.13%,16.59%,0.153898,"15:00 ET"
TSLL,10.23,2026-10-09,18,Call,11.50,-13.52%,0.27,0.3,0.31,1965,494,3.98,81.49%,79.37%,0.282959,"15:04 ET"
SPY,774.45,2026-10-02,11,Put,770.00,-0.48%,3.93,3.9,3.96,4492,1128,3.98,12.60%,11.35%,-0.372185,"15:00 ET"
IWM,286.32,2026-09-22,1,Put,284.00,-0.73%,0.23,0.23,0.24,2798,707,3.96,17.34%,16.81%,-0.17304,"15:00 ET"
SPY,774.45,2026-10-09,18,Put,769.00,-0.61%,5.21,5.26,5.24,888,225,3.95,12.60%,11.63%,-0.374245,"14:58 ET"
SPY,774.45,2026-09-24,3,Call,780.00,-0.81%,0.95,0.99,0.97,4761,1211,3.93,12.60%,10.44%,0.227205,"15:00 ET"
IBIT,48.74,2026-09-30,9,Call,52.00,-6.84%,0.32,0.32,0.34,636,162,3.93,39.92%,43.63%,0.186238,"14:53 ET"
SOXL,141.43,2026-10-02,11,Call,165.00,-17.35%,3.05,3.3,3.5,931,237,3.93,113.93%,106.59%,0.233597,"14:54 ET"
DIA,520.21,2026-09-25,4,Call,518.00,+0.38%,4.25,4.25,4.4,1087,277,3.92,12.82%,13.51%,0.634083,"14:54 ET"
SOXL,141.43,2026-09-25,4,Call,170.00,-20.91%,0.46,0.4,0.48,1322,337,3.92,113.93%,111.97%,0.067367,"14:53 ET"
SPY,774.45,2026-11-30,70,Put,781.00,+0.94%,18.43,19.35,18.48,501,128,3.91,12.60%,12.37%,-0.529519,"12:37 ET"
SPY,774.45,2026-09-23,2,Call,768.00,+0.74%,6.99,7.25,7.04,5002,1278,3.91,12.60%,11.76%,0.831002,"14:53 ET"
QQQ,741.45,2026-09-25,4,Call,750.00,-1.31%,2.01,2.01,2.03,19543,4992,3.91,18.13%,16.57%,0.261702,"15:00 ET"
SPY,774.45,2026-09-30,9,Put,765.00,-1.13%,2.05,2.05,2.07,6915,1771,3.9,12.60%,11.72%,-0.242834,"15:00 ET"
QQQ,741.45,2026-10-16,25,Call,760.00,-2.66%,6.46,6.35,6.48,32419,8330,3.89,18.13%,16.93%,0.312846,"14:58 ET"
SOXS,35.56,2026-09-25,4,Put,35.00,-2.34%,1.41,1.5,1.56,1636,422,3.88,115.05%,117.23%,-0.429717,"15:00 ET"
TQQQ,78.96,2026-09-25,4,Call,76.50,+2.67%,3.05,3.15,3.2,1049,271,3.87,53.40%,51.04%,0.727497,"15:00 ET"
QQQ,741.45,2026-09-22,1,Call,755.00,-1.99%,0.11,0.12,0.12,722,187,3.86,18.13%,19.47%,0.038091,"14:55 ET"
QQQ,741.45,2026-10-30,39,Put,730.00,-1.39%,12.32,12.33,12.41,3484,904,3.85,18.13%,19.20%,-0.373396,"15:00 ET"
EWZ,38.09,2026-10-30,39,Call,41.00,-7.78%,1.5,1.5,1.56,3581,930,3.85,45.87%,54.89%,0.361404,"13:59 ET"
SPYM,91.15,2026-10-16,25,Put,81.00,-11.05%,0.05,0.11,0.15,570,148,3.85,12.61%,26.46%,-0.03851,"14:54 ET"
USO,148.83,2026-10-02,11,Put,142.00,-4.28%,2.41,2.48,2.48,977,254,3.85,47.49%,51.51%,-0.282474,"15:00 ET"
IWM,286.32,2026-09-22,1,Call,285.00,+0.38%,1.79,1.8,1.87,3387,881,3.84,17.34%,16.95%,0.705068,"14:55 ET"
SPY,774.45,2026-09-28,7,Call,771.00,+0.35%,6.42,6.62,6.6,1291,338,3.82,12.60%,10.36%,0.633169,"15:00 ET"
IWM,286.32,2026-09-21,0,Put,287.00,+0.31%,0.69,0.65,0.7,4191,1099,3.81,17.34%,4.07%,-0.866184,"15:00 ET"
XLE,62.94,2026-09-25,4,Put,62.50,-0.68%,0.59,0.59,0.6,2832,745,3.8,26.97%,29.47%,-0.415664,"15:01 ET"
USO,148.83,2026-09-25,4,Put,130.00,-12.37%,0.1,0.13,0.12,4405,1158,3.8,47.49%,68.02%,-0.026572,"15:01 ET"
XLE,62.94,2026-10-30,39,Put,63.00,+0.11%,2.07,2.08,2.16,597,157,3.8,26.97%,25.80%,-0.484381,"14:59 ET"
TMF,30.14,2026-09-25,4,Call,30.50,-1.36%,0.17,0.17,0.2,1889,497,3.8,32.66%,27.24%,0.331942,"15:01 ET"
SMH,595.98,2026-10-02,11,Put,575.00,-3.28%,5.6,6.05,6.05,523,138,3.79,34.36%,34.61%,-0.261032,"14:44 ET"
SPY,774.45,2026-09-28,7,Call,763.00,+1.39%,12.72,13.08,13.09,927,245,3.78,12.60%,11.90%,0.824139,"15:00 ET"
QQQ,741.45,2026-09-25,4,Put,720.00,-2.74%,0.76,0.77,0.77,10817,2860,3.78,18.13%,21.80%,-0.095502,"15:00 ET"
USO,148.83,2026-09-30,9,Call,153.00,-3.13%,2.72,2.87,2.99,965,258,3.74,47.49%,48.91%,0.37604,"14:45 ET"
QQQ,741.45,2026-11-30,70,Call,820.00,-10.77%,3.45,3.4,3.53,545,146,3.73,18.13%,18.06%,0.124135,"14:49 ET"
ETHA,20.8,2026-10-02,11,Put,19.00,-8.43%,0.17,0.17,0.18,1325,355,3.73,54.45%,55.75%,-0.158334,"14:47 ET"
DRAM,61.83,2026-09-25,4,Call,66.00,-7.06%,0.28,0.28,0.29,1383,371,3.73,58.62%,58.17%,0.15007,"14:59 ET"
FLRN,30.82,2027-05-21,242,Put,31.00,+0.58%,0,0.9,4.4,1226,330,3.72,17.90%,24.49%,-0.440754,"13:44 ET"
SPY,774.45,2026-09-28,7,Put,769.00,-0.61%,2.12,2.09,2.14,1906,512,3.72,12.60%,10.30%,-0.301784,"15:00 ET"
QQQ,741.45,2026-09-25,4,Call,735.00,+0.71%,9.54,9.46,9.69,14205,3815,3.72,18.13%,18.48%,0.682356,"14:59 ET"
SLV,59.67,2026-09-21,0,Call,59.00,+1.02%,0.6,0.66,0.66,2586,697,3.71,36.22%,16.23%,0.898898,"14:55 ET"
SPY,774.45,2026-09-28,7,Call,795.00,-2.75%,0.16,0.18,0.17,1665,450,3.7,12.60%,10.42%,0.037139,"14:52 ET"
EWZ,38.09,2026-10-09,18,Call,43.00,-13.04%,0.27,0.28,0.31,838,227,3.69,45.87%,49.52%,0.141993,"14:49 ET"
SPY,774.45,2026-09-25,4,Call,771.00,+0.35%,5.86,5.86,5.9,8084,2197,3.68,12.60%,11.99%,0.644042,"14:59 ET"
SPY,774.45,2026-09-28,7,Call,764.00,+1.26%,11.86,12.31,12.27,964,263,3.67,12.60%,11.79%,0.804902,"14:57 ET"
JEPQ,61.03,2026-10-16,25,Put,60.00,-1.62%,0.45,0.46,0.5,2303,627,3.67,11.67%,14.94%,-0.306573,"14:59 ET"
IWM,286.32,2026-09-22,1,Call,286.00,+0.03%,1.14,1.16,1.15,12778,3483,3.67,17.34%,16.02%,0.560513,"15:00 ET"
IEF,91.08,2027-01-15,116,Call,94.00,-3.22%,0.39,0.4,0.41,2778,760,3.66,6.14%,5.69%,0.236695,"14:55 ET"
SOXL,141.43,2026-10-23,32,Put,90.00,-35.99%,2.33,2.42,2.5,2980,814,3.66,113.93%,129.05%,-0.082959,"14:53 ET"
SPY,774.45,2026-09-28,7,Put,759.00,-1.90%,0.76,0.77,0.77,724,198,3.66,12.60%,12.45%,-0.116439,"14:45 ET"
TQQQ,78.96,2026-09-25,4,Put,75.50,-3.94%,0.61,0.61,0.63,838,229,3.66,53.40%,57.15%,-0.221879,"15:02 ET"
IWM,286.32,2026-10-30,39,Call,285.00,+0.38%,7.98,7.98,8.05,885,242,3.66,17.34%,18.55%,0.560719,"15:00 ET"
SOXS,35.56,2026-09-25,4,Call,42.00,-17.19%,0.07,0.1,0.13,1004,274,3.66,115.05%,101.61%,0.063418,"15:00 ET"
IWM,286.32,2026-09-23,2,Call,286.00,+0.03%,1.52,1.53,1.54,3124,856,3.65,17.34%,15.79%,0.546998,"14:59 ET"
IBIT,48.74,2026-09-23,2,Call,48.50,+0.35%,0.78,0.79,0.8,6176,1693,3.65,39.92%,45.01%,0.572652,"14:56 ET"
UVIX,37.62,2026-11-20,60,Put,48.00,+28.03%,15.4,16.17,16.1,2080,573,3.63,112.86%,145.97%,-0.543278,"12:58 ET"
USO,148.83,2026-09-23,2,Put,142.00,-4.28%,0.52,0.57,0.56,973,269,3.62,47.49%,62.10%,-0.149455,"14:23 ET"
SOXL,141.43,2026-09-25,4,Put,130.00,-7.54%,2.24,2.31,2.3,1649,456,3.62,113.93%,114.92%,-0.219051,"14:55 ET"
TQQQ,78.96,2026-09-25,4,Put,78.00,-0.76%,1.29,1.32,1.33,2156,595,3.62,53.40%,52.58%,-0.407064,"15:04 ET"
QQQ,741.45,2026-09-25,4,Put,724.00,-2.20%,1.05,1.09,1.06,1826,506,3.61,18.13%,20.61%,-0.130373,"14:55 ET"
EWZ,38.09,2026-10-23,32,Put,36.00,-5.36%,0.99,1,1.03,810,225,3.6,45.87%,41.53%,-0.312158,"12:15 ET"
IWM,286.32,2026-09-28,7,Call,290.00,-1.36%,0.88,0.88,0.91,2484,694,3.58,17.34%,13.99%,0.267174,"15:00 ET"
AAOX,11.1,2026-10-16,25,Call,12.00,-10.09%,1.5,1.55,1.7,583,163,3.58,185.43%,167.02%,0.519926,"14:24 ET"
XLU,40.69,2026-11-20,60,Call,42.00,-3.09%,0.62,0.65,0.72,598,167,3.58,15.95%,18.68%,0.340309,"14:00 ET"
SPY,774.45,2026-10-30,39,Call,763.00,+1.39%,22.68,22.86,22.94,564,158,3.57,12.60%,15.07%,0.648844,"14:51 ET"
SPY,774.45,2026-10-30,39,Call,818.00,-5.72%,1.22,1.2,1.24,2253,631,3.57,12.60%,11.72%,0.090671,"14:28 ET"
SPY,774.45,2026-09-23,2,Put,754.00,-2.55%,0.11,0.11,0.12,4111,1151,3.57,12.60%,18.88%,-0.027609,"14:53 ET"
DRAM,61.83,2026-09-23,2,Call,62.00,-0.57%,0.99,1,1,1420,399,3.56,58.62%,58.73%,0.484799,"15:00 ET"
SPY,774.45,2026-09-25,4,Call,783.00,-1.20%,0.79,0.81,0.81,3955,1117,3.54,12.60%,10.87%,0.170656,"15:00 ET"
TQQQ,78.96,2026-10-16,25,Put,68.00,-13.49%,1.19,1.2,1.22,6942,1963,3.54,53.40%,63.50%,-0.161363,"15:01 ET"
QQQ,741.45,2026-09-28,7,Put,695.00,-6.12%,0.29,0.29,0.3,2110,598,3.53,18.13%,25.11%,-0.029276,"14:49 ET"
SPY,774.45,2026-09-23,2,Call,778.00,-0.55%,0.96,0.99,0.97,8171,2317,3.53,12.60%,10.19%,0.270837,"15:00 ET"
SLV,59.67,2026-10-02,11,Put,56.00,-6.06%,0.28,0.3,0.29,2932,833,3.52,36.22%,35.84%,-0.145366,"13:59 ET"
IBIT,48.74,2026-09-28,7,Put,45.50,-6.51%,0.15,0.15,0.16,545,155,3.52,39.92%,42.13%,-0.110055,"14:39 ET"
IBIT,48.74,2026-09-25,4,Call,49.50,-1.71%,0.62,0.61,0.63,5113,1458,3.51,39.92%,45.91%,0.389297,"14:53 ET"
IWM,286.32,2027-03-19,179,Call,285.00,+0.38%,17.8,18.08,18.73,3000,856,3.5,17.34%,19.70%,0.577298,"12:28 ET"
SPY,774.45,2026-09-25,4,Put,765.00,-1.13%,0.99,0.99,1,13351,3817,3.5,12.60%,12.80%,-0.176733,"15:00 ET"
GLD,398.61,2026-09-22,1,Call,402.00,-0.82%,0.53,0.66,0.61,708,202,3.5,21.06%,22.07%,0.217778,"14:56 ET"
QQQ,741.45,2026-10-09,18,Call,785.00,-6.04%,0.85,0.87,0.88,1178,337,3.5,18.13%,16.85%,0.07126,"14:57 ET"
JETS,28.93,2028-01-21,487,Call,27.00,+6.83%,5.75,5.75,6.15,590,169,3.49,37.10%,32.55%,0.69683,"12:43 ET"
QQQ,741.45,2026-09-28,7,Put,705.00,-4.77%,0.47,0.49,0.49,1935,556,3.48,18.13%,22.46%,-0.049333,"14:56 ET"
SPY,774.45,2026-09-28,7,Put,752.00,-2.81%,0.44,0.45,0.45,506,146,3.47,12.60%,14.31%,-0.065776,"14:46 ET"
SPY,774.45,2026-09-25,4,Call,779.00,-0.68%,1.72,1.74,1.74,5324,1535,3.47,12.60%,10.87%,0.30818,"15:00 ET"
GLD,398.61,2026-10-02,11,Call,395.00,+0.94%,7.75,7.8,8.05,713,206,3.46,21.06%,21.22%,0.608726,"15:00 ET"
ETHU,32.23,2026-09-25,4,Call,39.00,-21.76%,0.2,0.2,0.25,700,203,3.45,106.23%,137.66%,0.106939,"14:46 ET"
USO,148.83,2026-09-30,9,Put,141.00,-4.95%,1.71,1.81,1.94,824,239,3.45,47.49%,52.52%,-0.241805,"14:55 ET"
SPY,774.45,2026-10-09,18,Put,685.00,-11.47%,0.31,0.31,0.32,1145,333,3.44,12.60%,27.05%,-0.018272,"14:47 ET"
SOXS,35.56,2026-09-25,4,Put,34.00,-5.13%,1,1.04,1.08,781,228,3.43,115.05%,116.26%,-0.338748,"14:59 ET"
SOXL,141.43,2026-09-25,4,Put,135.00,-3.98%,3.65,3.7,3.75,1374,401,3.43,113.93%,112.65%,-0.319717,"14:57 ET"
QQQ,741.45,2026-09-23,2,Put,713.00,-3.69%,0.12,0.13,0.13,1089,319,3.41,18.13%,26.60%,-0.02277,"14:38 ET"
USO,148.83,2026-10-30,39,Put,140.00,-5.63%,4.8,4.85,5,628,185,3.39,47.49%,46.67%,-0.31,"14:53 ET"
QQQ,741.45,2026-09-21,0,Call,730.00,+1.39%,11.46,11.49,11.59,102510,30242,3.39,18.13%,16.62%,0.964394,"15:00 ET"
QBTZ,14.99,2027-03-19,179,Put,20.00,+33.16%,8.8,10.3,10.4,567,168,3.38,143.05%,152.89%,-0.390431,"13:50 ET"
TSLL,10.23,2026-10-23,32,Put,10.00,-1.28%,0.9,1.03,1.06,706,209,3.38,81.49%,92.34%,-0.41143,"13:24 ET"
SOXS,35.56,2026-09-25,4,Put,30.00,-16.29%,0.16,0.17,0.2,1032,306,3.37,115.05%,121.62%,-0.082831,"14:59 ET"
DRAM,61.83,2026-09-25,4,Call,62.00,-0.57%,1.46,1.45,1.48,9232,2764,3.34,58.62%,59.73%,0.496992,"14:58 ET"
TQQQ,78.96,2026-10-02,11,Put,73.00,-7.12%,1.02,1.04,1.05,618,185,3.34,53.40%,60.09%,-0.210989,"14:49 ET"
QQQ,741.45,2026-09-25,4,Call,751.00,-1.45%,1.77,1.75,1.78,2628,792,3.32,18.13%,16.56%,0.237258,"15:00 ET"
QQQ,741.45,2026-09-30,9,Call,739.00,+0.17%,9.28,9.23,9.39,909,274,3.32,18.13%,16.75%,0.56568,"14:59 ET"
SPY,774.45,2026-09-28,7,Call,762.00,+1.51%,13.59,13.83,14.08,835,252,3.31,12.60%,12.28%,0.836364,"14:52 ET"
SLV,59.67,2026-09-23,2,Call,61.00,-2.33%,0.18,0.19,0.19,1496,454,3.3,36.22%,36.53%,0.206335,"14:59 ET"
IBIT,48.74,2026-10-23,32,Call,49.50,-1.71%,1.99,1.96,2.01,1848,560,3.3,39.92%,39.34%,0.482785,"14:28 ET"
QQQ,741.45,2026-09-25,4,Call,740.00,+0.04%,6.27,6.31,6.32,14156,4288,3.3,18.13%,17.59%,0.55135,"15:00 ET"
SPY,774.45,2026-09-28,7,Call,778.00,-0.55%,2.62,2.74,2.64,783,238,3.29,12.60%,9.50%,0.375503,"14:51 ET"
SPY,774.45,2026-09-28,7,Put,715.00,-7.59%,0.1,0.1,0.11,1096,333,3.29,12.60%,25.49%,-0.011076,"14:52 ET"
SMH,595.98,2026-09-25,4,Put,555.00,-6.64%,0.49,0.56,0.56,2215,675,3.28,34.36%,41.55%,-0.047983,"14:48 ET"
SMH,595.98,2026-09-25,4,Call,600.00,-0.93%,5.95,6.05,6.35,4376,1333,3.28,34.36%,31.78%,0.42944,"14:58 ET"
QQQ,741.45,2026-09-24,3,Put,720.00,-2.74%,0.5,0.53,0.51,767,235,3.26,18.13%,22.62%,-0.073761,"14:52 ET"
SPY,774.45,2026-09-30,9,Call,802.00,-3.66%,0.13,0.15,0.14,2719,835,3.26,12.60%,11.26%,0.026088,"14:52 ET"
SPY,774.45,2026-10-30,39,Call,820.00,-5.98%,1.07,1.1,1.09,4514,1383,3.26,12.60%,11.74%,0.081143,"14:50 ET"
XLK,194.68,2026-10-16,25,Call,210.00,-8.10%,0.4,0.45,0.51,595,183,3.25,23.29%,21.00%,0.093194,"14:53 ET"
GDX,94.56,2026-10-09,18,Put,85.00,-10.13%,0.49,0.52,0.55,1228,378,3.25,41.42%,42.13%,-0.115733,"14:42 ET"
USO,148.83,2026-09-23,2,Call,150.00,-1.11%,1.88,1.91,1.94,1384,426,3.25,47.49%,55.96%,0.430572,"14:56 ET"
QQQ,741.45,2026-10-09,18,Put,740.00,-0.04%,10,10.16,10.06,593,183,3.24,18.13%,17.07%,-0.460183,"14:59 ET"
GLD,398.61,2026-10-02,11,Put,387.00,-2.94%,1.52,1.46,1.63,1010,312,3.24,21.06%,20.54%,-0.196519,"14:15 ET"
SPY,774.45,2026-09-24,3,Call,751.00,+2.94%,23.57,23.21,23.68,2481,766,3.24,12.60%,18.51%,0.967152,"14:38 ET"
SPY,774.45,2026-10-30,39,Call,764.00,+1.26%,21.94,21.14,22.19,892,277,3.22,12.60%,14.94%,0.639938,"14:12 ET"
SPDN,8.45,2027-04-16,207,Put,9.00,+6.38%,0.85,0.9,0.9,6367,1976,3.22,25.56%,25.33%,-0.575274,"14:42 ET"
IWM,286.32,2026-09-30,9,Call,289.00,-1.01%,1.65,1.65,1.66,533,166,3.21,17.34%,15.09%,0.362184,"15:00 ET"
QQQ,741.45,2026-09-24,3,Put,718.00,-3.01%,0.43,0.43,0.44,783,244,3.21,18.13%,23.44%,-0.063048,"14:41 ET"
SPY,774.45,2026-09-28,7,Call,782.00,-1.07%,1.38,1.48,1.4,741,232,3.19,12.60%,9.38%,0.236984,"14:54 ET"
SPY,774.45,2026-10-09,18,Put,773.00,-0.09%,6.57,6.62,6.6,874,274,3.19,12.60%,11.14%,-0.452031,"14:58 ET"
QQQ,741.45,2026-11-30,70,Call,740.00,+0.04%,29.11,29,29.25,1245,392,3.18,18.13%,20.19%,0.554374,"14:59 ET"
GLD,398.61,2026-09-22,1,Call,401.00,-0.57%,0.74,0.86,0.84,744,235,3.17,21.06%,21.68%,0.282846,"14:55 ET"
SQQQ,34.59,2026-10-02,11,Call,35.00,-0.66%,0.89,0.91,0.92,1126,355,3.17,56.40%,44.11%,0.465649,"15:04 ET"
IGV,106.81,2026-09-25,4,Put,105.00,-1.53%,0.68,0.74,0.85,806,255,3.16,30.79%,34.28%,-0.306369,"14:54 ET"
QQQ,741.45,2026-10-16,25,Put,735.00,-0.71%,10.08,10.16,10.09,3215,1016,3.16,18.13%,17.71%,-0.40224,"15:00 ET"
SOXL,141.43,2026-09-25,4,Put,115.00,-18.21%,0.47,0.48,0.51,3295,1047,3.15,113.93%,131.15%,-0.056087,"15:00 ET"
QQQ,741.45,2026-09-23,2,Call,743.00,-0.37%,2.84,2.7,2.86,2811,895,3.14,18.13%,16.19%,0.435512,"14:59 ET"
IWM,286.32,2026-09-22,1,Put,283.00,-1.08%,0.12,0.13,0.13,1757,562,3.13,17.34%,17.60%,-0.099728,"14:59 ET"
ETHA,20.8,2026-11-20,60,Call,24.00,-15.66%,0.88,0.9,0.93,957,307,3.12,54.45%,57.83%,0.32128,"14:57 ET"
SPY,774.45,2026-09-25,4,Call,750.00,+3.07%,24.76,24.76,25.18,2147,689,3.12,12.60%,20.28%,0.936402,"15:00 ET"
GPIQ,58.03,2026-10-16,25,Put,55.00,-5.12%,0.1,0.15,0.15,645,208,3.1,12.75%,16.99%,-0.100493,"14:39 ET"
QQQ,741.45,2026-09-30,9,Put,722.00,-2.47%,2.15,2.31,2.18,637,206,3.09,18.13%,19.07%,-0.177971,"14:17 ET"
DRAM,61.83,2026-09-25,4,Put,58.00,-5.92%,0.33,0.34,0.34,2059,666,3.09,58.62%,62.32%,-0.154512,"14:58 ET"
QQQ,741.45,2026-09-25,4,Call,738.00,+0.31%,7.47,7.4,7.58,6403,2071,3.09,18.13%,17.87%,0.607192,"14:59 ET"
IBIT,48.74,2026-10-30,39,Call,52.00,-6.84%,1.36,1.37,1.38,3150,1023,3.08,39.92%,39.87%,0.345282,"14:59 ET"
SPY,774.45,2026-09-23,2,Call,779.00,-0.68%,0.72,0.74,0.74,8348,2714,3.08,12.60%,10.23%,0.21836,"15:00 ET"
SMH,595.98,2026-09-25,4,Put,565.00,-4.96%,0.89,0.95,0.98,711,231,3.08,34.36%,37.86%,-0.084963,"14:53 ET"
QQQ,741.45,2026-09-24,3,Put,725.00,-2.07%,0.77,0.8,0.78,684,223,3.07,18.13%,20.76%,-0.113374,"14:58 ET"
USO,148.83,2026-09-30,9,Call,154.00,-3.81%,2.41,2.56,3.05,881,287,3.07,47.49%,51.30%,0.352569,"14:28 ET"
SQQQ,34.59,2026-10-02,11,Call,36.00,-3.54%,0.63,0.64,0.68,995,324,3.07,56.40%,49.33%,0.34549,"15:03 ET"
SPY,774.45,2026-09-24,3,Call,772.00,+0.22%,4.47,4.53,4.5,2785,908,3.07,12.60%,11.08%,0.626285,"15:00 ET"
XLE,62.94,2026-10-23,32,Put,61.00,-3.07%,1.05,1.08,1.08,544,178,3.06,26.97%,25.87%,-0.324975,"13:55 ET"
ASTX,10.71,2026-10-16,25,Call,12.00,-12.57%,1.05,1.12,1.2,524,172,3.05,144.40%,147.02%,0.451773,"14:27 ET"
SPXS,23.9,2027-01-15,116,Put,22.00,-8.30%,1.22,1.32,1.51,571,187,3.05,37.76%,44.64%,-0.308914,"14:09 ET"
NBIG,18.42,2026-10-16,25,Call,25.00,-34.55%,1.05,1.31,1.45,580,192,3.02,167.48%,162.88%,0.307114,"14:35 ET"
NVDL,36.83,2026-09-25,4,Call,36.50,+0.03%,0.92,1.05,1.09,1633,541,3.02,65.86%,62.04%,0.532172,"14:59 ET"
DRAM,61.83,2026-09-30,9,Call,65.00,-5.43%,0.9,0.96,1,569,189,3.01,58.62%,54.46%,0.296967,"14:55 ET"
QQQ,741.45,2026-09-21,0,Call,727.00,+1.80%,14.45,14.21,14.59,7327,2452,2.99,18.13%,19.99%,0.971115,"14:51 ET"
SOXL,141.43,2026-10-02,11,Call,145.00,-3.13%,8.55,9.1,9.8,909,304,2.99,113.93%,108.07%,0.489737,"15:00 ET"
IWM,286.32,2026-09-28,7,Call,289.00,-1.01%,1.17,1.19,1.21,912,305,2.99,17.34%,14.02%,0.329203,"14:56 ET"
QQQ,741.45,2026-09-28,7,Call,750.00,-1.31%,2.67,2.68,2.71,1681,564,2.98,18.13%,14.31%,0.293698,"15:00 ET"
SPY,774.45,2026-09-25,4,Put,769.00,-0.61%,1.65,1.62,1.66,5658,1899,2.98,12.60%,11.75%,-0.279386,"15:00 ET"
IBIT,48.74,2026-09-28,7,Call,50.00,-2.73%,0.62,0.62,0.63,2509,846,2.97,39.92%,41.32%,0.345245,"14:49 ET"
METU,32.71,2026-09-25,4,Call,30.00,+8.90%,3,3.1,3.3,931,313,2.97,92.35%,98.34%,0.821427,"14:31 ET"
SOXX,558.57,2026-12-18,88,Call,575.00,-3.18%,36.9,36,39,680,230,2.96,38.15%,39.22%,0.497476,"13:34 ET"
SPY,774.45,2026-11-20,60,Call,820.00,-5.98%,2.91,2.93,2.93,12316,4167,2.96,12.60%,12.26%,0.149754,"14:51 ET"
SPY,774.45,2026-09-22,1,Call,766.00,+1.00%,8.5,8.65,8.57,9663,3272,2.95,12.60%,14.26%,0.927241,"14:56 ET"
MSTX,21.72,2026-09-25,4,Call,22.00,-1.01%,1.25,1.44,1.6,654,222,2.95,148.09%,163.49%,0.519055,"15:00 ET"
SPY,774.45,2026-09-25,4,Call,776.00,-0.29%,2.9,2.92,2.91,6729,2294,2.93,12.60%,11.11%,0.43713,"15:00 ET"
TNA,63.37,2026-09-25,4,Call,66.00,-4.40%,0.33,0.39,0.39,825,282,2.93,50.72%,45.76%,0.213193,"15:04 ET"
SPXS,23.9,2026-10-02,11,Call,24.00,-0.04%,0.43,0.49,0.49,1059,361,2.93,37.76%,29.04%,0.495591,"14:46 ET"
SPY,774.45,2026-09-28,7,Call,756.00,+2.29%,17.71,18.79,20.72,518,178,2.91,12.60%,12.86%,0.916081,"14:35 ET"
USO,148.83,2026-09-23,2,Put,144.00,-2.93%,0.86,0.87,0.88,765,263,2.91,47.49%,59.92%,-0.223772,"15:03 ET"
XLF,55.97,2026-09-24,3,Call,56.00,-0.05%,0.3,0.27,0.34,522,180,2.9,15.56%,15.14%,0.516341,"13:48 ET"
USO,148.83,2026-10-16,25,Put,138.00,-6.98%,2.8,3.1,3.05,711,247,2.88,47.49%,47.77%,-0.248125,"14:33 ET"
DRAM,61.83,2026-10-09,18,Put,58.00,-5.92%,1.57,1.61,1.69,880,306,2.88,58.62%,60.67%,-0.290427,"14:39 ET"
TQQQ,78.96,2026-10-23,32,Call,80.00,-1.78%,4.35,4.45,4.4,1458,507,2.88,53.40%,51.27%,0.501432,"15:01 ET"
SOXL,141.43,2026-09-21,0,Call,143.00,-1.71%,0.28,0.27,0.32,2056,715,2.88,113.93%,27.19%,0.252276,"15:00 ET"
GLD,398.61,2026-10-23,32,Put,390.00,-2.19%,5.45,5.35,5.6,591,207,2.86,21.06%,20.46%,-0.336148,"14:14 ET"
MSTZ,2.37,2026-10-16,25,Call,2.00,+15.25%,0.5,0.54,0.55,840,294,2.86,132.71%,140.60%,0.73531,"14:59 ET"
IBIT,48.74,2026-12-18,88,Call,70.00,-43.83%,0.45,0.45,0.46,40058,14053,2.85,39.92%,49.36%,0.091103,"14:59 ET"
IWM,286.32,2026-09-23,2,Call,287.00,-0.31%,1.02,1.07,1.04,2978,1048,2.84,17.34%,15.58%,0.427326,"15:00 ET"
XLP,82.15,2026-09-25,4,Put,82.00,-0.15%,0.44,0.48,0.47,3058,1080,2.83,14.78%,15.85%,-0.442777,"14:03 ET"
ETHA,20.8,2026-11-20,60,Call,21.00,-1.20%,1.84,1.87,1.88,862,306,2.82,54.45%,56.14%,0.540509,"14:56 ET"
SPY,774.45,2026-09-24,3,Call,768.00,+0.74%,7.51,7.75,7.55,1481,525,2.82,12.60%,12.03%,0.780492,"14:54 ET"
GDX,94.56,2026-10-02,11,Call,97.00,-2.56%,1.71,1.74,1.92,517,184,2.81,41.42%,43.07%,0.383135,"14:15 ET"
SPY,774.45,2026-09-25,4,Call,777.00,-0.42%,2.46,2.47,2.47,6340,2268,2.8,12.60%,11.02%,0.393053,"15:00 ET"
DRAM,61.83,2026-09-25,4,Put,61.00,-1.05%,1.1,1.14,1.11,863,309,2.79,58.62%,58.14%,-0.398608,"14:56 ET"
QQQ,741.45,2026-09-25,4,Call,753.00,-1.72%,1.35,1.32,1.36,1382,496,2.79,18.13%,16.56%,0.192459,"14:59 ET"
QQQ,741.45,2026-09-23,2,Call,745.00,-0.64%,2.01,1.96,2.03,4529,1630,2.78,18.13%,15.92%,0.346984,"15:00 ET"
QQQ,741.45,2026-09-24,3,Call,737.00,+0.44%,7.25,7.37,7.38,1158,417,2.78,18.13%,17.51%,0.654396,"14:54 ET"
SLV,59.67,2026-09-23,2,Call,60.50,-1.49%,0.29,0.3,0.3,1040,375,2.77,36.22%,35.73%,0.299123,"14:59 ET"
SPY,774.45,2026-09-25,4,Call,757.00,+2.16%,17.91,17.96,18.35,3505,1264,2.77,12.60%,16.83%,0.904471,"14:47 ET"
XLE,62.94,2026-11-20,60,Put,63.00,+0.11%,2.55,2.55,2.6,1162,421,2.76,26.97%,25.68%,-0.476424,"14:17 ET"
EWZ,38.09,2027-01-15,116,Call,51.00,-34.07%,0.3,0.31,0.34,1500,543,2.76,45.87%,38.18%,0.091215,"09:38 ET"
UVIX,37.62,2026-11-20,60,Put,60.00,+60.04%,25.95,26.8,27.55,2088,756,2.76,112.86%,168.87%,-0.631728,"12:58 ET"
SPY,774.45,2026-09-25,4,Call,778.00,-0.55%,2.06,2.1,2.08,4790,1746,2.74,12.60%,10.92%,0.349666,"15:00 ET"
SPY,774.45,2026-09-25,4,Put,767.00,-0.87%,1.27,1.26,1.28,6233,2276,2.74,12.60%,12.25%,-0.222099,"15:00 ET"
SPY,774.45,2026-09-24,3,Call,777.00,-0.42%,1.85,1.85,1.86,2700,989,2.73,12.60%,10.52%,0.367649,"14:58 ET"
QQQ,741.45,2026-09-22,1,Call,730.00,+1.39%,11.43,11.77,11.98,10754,3956,2.72,18.13%,20.68%,0.925242,"14:54 ET"
QQQ,741.45,2026-09-22,1,Call,732.00,+1.12%,9.67,9.73,10.14,11506,4235,2.72,18.13%,20.77%,0.881757,"14:59 ET"
SQQQ,34.59,2026-10-02,11,Call,37.00,-6.41%,0.46,0.47,0.5,683,252,2.71,56.40%,53.83%,0.257821,"14:59 ET"
QQQ,741.45,2026-11-20,60,Put,745.00,+0.64%,22.9,22.9,22.97,752,277,2.71,18.13%,19.04%,-0.490465,"15:00 ET"
DRAM,61.83,2026-09-25,4,Call,68.00,-10.30%,0.1,0.11,0.11,519,192,2.7,58.62%,58.59%,0.06491,"14:54 ET"
SPY,774.45,2026-09-28,7,Put,754.00,-2.55%,0.51,0.5,0.52,553,205,2.7,12.60%,13.78%,-0.076892,"14:55 ET"
SPY,774.45,2026-10-01,10,Put,755.00,-2.42%,1.11,1.11,1.13,1362,506,2.69,12.60%,13.81%,-0.12608,"14:49 ET"
TQQQ,78.96,2026-09-25,4,Put,75.00,-4.58%,0.52,0.54,0.55,4042,1501,2.69,53.40%,58.32%,-0.194761,"15:01 ET"
QQQ,741.45,2026-09-29,8,Put,695.00,-6.12%,0.4,0.44,0.42,683,255,2.68,18.13%,24.93%,-0.037033,"13:46 ET"
SPY,774.45,2026-09-28,7,Call,779.00,-0.68%,2.24,2.24,2.27,872,325,2.68,12.60%,9.44%,0.338102,"14:58 ET"
SNXX,17.43,2026-09-25,4,Put,15.50,-9.88%,0.25,0.3,0.35,1164,435,2.68,146.46%,142.72%,-0.193633,"14:57 ET"
BUG,45.82,2026-10-16,25,Call,48.00,-5.06%,0.85,0.95,1.1,543,203,2.67,37.92%,37.29%,0.343829,"14:07 ET"
QQQ,741.45,2026-10-02,11,Call,740.00,+0.04%,10.24,10.24,10.28,4487,1681,2.67,18.13%,17.89%,0.542453,"15:00 ET"
IBIT,48.74,2026-10-30,39,Call,53.00,-8.90%,1.11,1.1,1.13,1778,669,2.66,39.92%,40.29%,0.295528,"14:47 ET"
QQQ,741.45,2026-10-16,25,Put,732.00,-1.12%,9.08,9.17,9.1,1004,379,2.65,18.13%,18.00%,-0.369923,"14:58 ET"
XLF,55.97,2026-09-22,1,Call,56.00,-0.05%,0.16,0.16,0.19,1603,604,2.65,15.56%,14.15%,0.519512,"15:03 ET"
IBIT,48.74,2026-10-30,39,Call,65.00,-33.55%,0.16,0.17,0.18,2205,833,2.65,39.92%,50.96%,0.052757,"14:34 ET"
SPY,774.45,2026-09-28,7,Put,768.00,-0.74%,1.89,1.85,1.91,2670,1010,2.64,12.60%,10.47%,-0.273899,"14:54 ET"
SOXL,141.43,2026-09-23,2,Call,135.00,+3.98%,8.3,8.1,8.55,918,348,2.64,113.93%,105.38%,0.744168,"14:54 ET"
AMZU,36.99,2026-10-16,25,Call,40.00,-8.40%,1,1.19,1.2,1703,648,2.63,64.66%,56.29%,0.331092,"14:51 ET"
QQQ,741.45,2026-09-25,4,Call,749.00,-1.18%,2.3,2.27,2.31,2311,880,2.63,18.13%,16.63%,0.288076,"15:00 ET"
QQQ,741.45,2026-09-25,4,Call,734.00,+0.85%,10.24,10.25,10.46,5013,1903,2.63,18.13%,18.65%,0.705298,"14:59 ET"
IBIT,48.74,2026-10-02,11,Call,49.00,-0.68%,1.3,1.31,1.32,2870,1096,2.62,39.92%,41.43%,0.493172,"14:58 ET"
SPY,774.45,2026-09-29,8,Put,736.00,-4.88%,0.26,0.29,0.27,698,266,2.62,12.60%,18.74%,-0.031333,"14:11 ET"
SPY,774.45,2026-09-25,4,Call,753.00,+2.68%,21.78,22.08,22.25,970,370,2.62,12.60%,18.70%,0.926333,"15:00 ET"
SOXL,141.43,2026-10-02,11,Put,94.00,-33.14%,0.51,0.54,0.59,553,212,2.61,113.93%,141.48%,-0.036248,"14:49 ET"
XRP,16.9,2026-10-16,25,Put,14.00,-16.52%,0.2,0.32,0.35,642,246,2.61,68.78%,74.86%,-0.14776,"14:51 ET"
SNXX,17.43,2026-09-25,4,Call,18.50,-7.56%,0.65,0.7,0.75,877,336,2.61,146.46%,153.83%,0.38772,"14:56 ET"
ETHA,20.8,2026-10-02,11,Call,21.50,-3.61%,0.49,0.5,0.51,1469,566,2.6,54.45%,53.76%,0.386436,"14:54 ET"
QQQ,741.45,2026-09-25,4,Call,765.00,-3.34%,0.27,0.27,0.28,2080,801,2.6,18.13%,17.74%,0.048359,"14:58 ET"
QQQ,741.45,2026-09-23,2,Call,735.00,+0.71%,7.71,7.52,8.07,7446,2867,2.6,18.13%,17.36%,0.755518,"14:49 ET"
TLT,81.69,2026-09-23,2,Call,82.00,-0.42%,0.15,0.15,0.16,10328,3986,2.59,11.28%,11.89%,0.32968,"15:04 ET"
SPCH,10.39,2026-09-25,4,Put,10.50,+2.14%,0.5,0.56,0.6,626,242,2.59,100.02%,107.60%,-0.53065,"14:30 ET"
USO,148.83,2026-10-02,11,Put,141.00,-4.95%,1.89,2.61,2.74,819,316,2.59,47.49%,53.53%,-0.263246,"13:00 ET"
QQQ,741.45,2026-10-02,11,Call,775.00,-4.69%,0.69,0.7,0.71,903,348,2.59,18.13%,16.99%,0.072685,"14:53 ET"
QQQ,741.45,2026-10-23,32,Call,745.00,-0.64%,15.08,14.82,15.18,1000,387,2.58,18.13%,18.08%,0.495978,"14:48 ET"
SPY,774.45,2026-09-24,3,Put,763.00,-1.39%,0.53,0.54,0.54,1233,478,2.58,12.60%,13.69%,-0.113865,"14:59 ET"
SPY,774.45,2026-09-28,7,Put,766.00,-1.00%,1.51,1.49,1.53,969,377,2.57,12.60%,10.84%,-0.225076,"14:57 ET"
SPY,774.45,2026-09-25,4,Put,764.00,-1.26%,0.88,0.89,0.89,3014,1172,2.57,12.60%,13.10%,-0.15804,"14:59 ET"
IBIT,48.74,2026-11-20,60,Call,54.00,-10.95%,1.57,1.58,1.59,3462,1347,2.57,39.92%,42.35%,0.318054,"14:55 ET"
SMH,595.98,2026-12-18,88,Call,570.00,+4.12%,58.85,59.38,60.6,5640,2197,2.57,34.36%,37.40%,0.648949,"14:51 ET"
IBIT,48.74,2026-10-23,32,Call,60.00,-23.28%,0.22,0.23,0.23,2962,1156,2.56,39.92%,46.44%,0.078378,"14:29 ET"
SPY,774.45,2026-09-28,7,Put,763.00,-1.39%,1.11,1.12,1.12,511,200,2.56,12.60%,11.50%,-0.168547,"14:49 ET"
QQQ,741.45,2026-09-25,4,Call,757.00,-2.26%,0.77,0.82,0.78,1181,462,2.56,18.13%,16.69%,0.122021,"14:55 ET"
SLV,59.67,2026-09-23,2,Put,58.50,-1.86%,0.2,0.2,0.21,1007,395,2.55,36.22%,35.21%,-0.225419,"14:59 ET"
QQQI,55.53,2026-11-20,60,Put,53.00,-4.49%,0.75,0.77,0.8,2553,1000,2.55,13.51%,21.19%,-0.259032,"14:59 ET"
SPY,774.45,2026-09-25,4,Call,784.00,-1.33%,0.65,0.65,0.66,2279,898,2.54,12.60%,10.92%,0.144829,"15:00 ET"
SOXL,141.43,2026-11-20,60,Call,140.00,+0.43%,27.4,27.56,27.95,2275,899,2.53,113.93%,117.44%,0.608414,"15:00 ET"
QQQ,741.45,2026-10-02,11,Call,735.00,+0.71%,13.25,13.35,13.54,3314,1308,2.53,18.13%,18.45%,0.62399,"15:00 ET"
SPY,774.45,2026-09-25,4,Call,758.00,+2.03%,16.88,17.14,17.4,4105,1623,2.53,12.60%,16.18%,0.899985,"14:58 ET"
SPY,774.45,2026-09-21,0,Call,765.00,+1.13%,9.33,9.48,9.34,26800,10594,2.53,12.60%,14.56%,0.946149,"15:00 ET"
QQQ,741.45,2026-10-16,25,Put,729.00,-1.53%,8.19,8.26,8.21,610,242,2.52,18.13%,18.31%,-0.339619,"14:57 ET"
VUG,91.04,2026-12-18,88,Put,85.00,-6.48%,1.1,1.24,1.25,757,302,2.51,17.03%,20.50%,-0.215325,"14:11 ET"
QQQ,741.45,2026-09-30,9,Put,725.00,-2.07%,2.58,2.63,2.61,3523,1406,2.51,18.13%,18.53%,-0.209909,"14:57 ET"
DRAM,61.83,2027-12-17,452,Call,90.00,-45.99%,9.5,9.9,10.35,1003,402,2.5,58.62%,61.94%,0.444484,"10:12 ET"
TQQQ,78.96,2026-10-30,39,Call,90.00,-14.50%,1.8,1.83,1.84,1504,602,2.5,53.40%,51.51%,0.249405,"14:59 ET"
QQQ,741.45,2026-10-16,25,Put,725.00,-2.07%,7.16,7.22,7.17,16377,6592,2.48,18.13%,18.77%,-0.302483,"14:58 ET"
XLU,40.69,2026-09-25,4,Call,41.00,-0.64%,0.17,0.19,0.2,790,318,2.48,15.95%,18.56%,0.35105,"14:58 ET"
SOXL,141.43,2026-09-23,2,Put,115.00,-18.21%,0.1,0.16,0.2,752,305,2.47,113.93%,147.45%,-0.024738,"14:52 ET"
TQQQ,78.96,2026-10-09,18,Call,76.00,+3.31%,5.15,5.2,5.4,1036,419,2.47,53.40%,52.16%,0.652999,"14:49 ET"
SPY,774.45,2026-09-25,4,Put,756.00,-2.29%,0.39,0.4,0.4,3674,1488,2.47,12.60%,15.72%,-0.069698,"14:58 ET"
SPY,774.45,2026-09-23,2,Call,766.00,+1.00%,8.79,8.97,8.86,2576,1049,2.46,12.60%,12.53%,0.881161,"14:52 ET"
TQQQ,78.96,2026-11-20,60,Put,56.00,-28.75%,1.36,1.37,1.39,728,296,2.46,53.40%,77.13%,-0.102206,"14:52 ET"
QQQ,741.45,2026-09-23,2,Put,719.00,-2.88%,0.23,0.24,0.24,883,360,2.45,18.13%,24.34%,-0.042832,"14:52 ET"
IBIT,48.74,2026-10-23,32,Call,48.50,+0.35%,2.46,2.47,2.48,1261,515,2.45,39.92%,39.35%,0.552536,"14:58 ET"
SPY,774.45,2026-10-16,25,Call,798.00,-3.14%,1.98,1.99,2,7331,2989,2.45,12.60%,11.09%,0.168304,"15:00 ET"
SPY,774.45,2026-09-23,2,Call,783.00,-1.20%,0.23,0.24,0.24,2601,1064,2.44,12.60%,10.76%,0.08359,"15:00 ET"
SPY,774.45,2026-09-21,0,Call,764.00,+1.26%,10.32,10.28,10.38,14742,6049,2.44,12.60%,9.54%,0.996653,"14:58 ET"
SPY,774.45,2026-10-09,18,Put,770.00,-0.48%,5.51,5.5,5.55,1437,590,2.44,12.60%,11.49%,-0.392536,"15:00 ET"
QQQ,741.45,2026-09-24,3,Call,738.00,+0.31%,6.58,6.04,6.71,1696,695,2.44,18.13%,17.37%,0.62336,"14:41 ET"
QQQ,741.45,2026-10-30,39,Put,692.00,-6.52%,4.85,4.9,4.9,525,216,2.43,18.13%,23.08%,-0.160232,"14:58 ET"
SILJ,29.78,2026-10-16,25,Call,32.00,-7.38%,0.73,0.73,0.81,969,399,2.43,52.01%,50.42%,0.322253,"14:09 ET"
SPY,774.45,2026-10-23,32,Call,763.00,+1.39%,20.54,20.55,20.8,1109,456,2.43,12.60%,14.40%,0.663559,"14:59 ET"
TQQQ,78.96,2026-10-30,39,Put,65.00,-17.30%,1.58,1.6,1.63,1260,519,2.43,53.40%,67.61%,-0.158246,"15:00 ET"
SPY,774.45,2026-09-25,4,Put,766.00,-1.00%,1.12,1.14,1.13,4735,1947,2.43,12.60%,12.52%,-0.198092,"14:59 ET"
SPY,774.45,2026-09-25,4,Call,768.00,+0.74%,8.07,8.1,8.22,7373,3052,2.42,12.60%,12.69%,0.739981,"14:58 ET"
IBIT,48.74,2026-11-20,60,Put,47.00,-3.43%,2.23,2.24,2.25,1254,518,2.42,39.92%,40.75%,-0.369103,"14:59 ET"
SPY,774.45,2026-10-09,18,Put,771.00,-0.35%,5.84,5.87,5.88,1267,525,2.41,12.60%,11.37%,-0.41169,"15:00 ET"
XLK,194.68,2026-10-16,25,Put,193.00,-0.65%,3.55,3.7,3.8,1341,556,2.41,23.29%,22.65%,-0.422799,"14:45 ET"
QQQ,741.45,2026-09-25,4,Put,719.00,-2.88%,0.7,0.72,0.71,1627,674,2.41,18.13%,22.08%,-0.088259,"14:57 ET"
QQQ,741.45,2026-10-09,18,Call,760.00,-2.66%,4.42,4.42,4.47,1752,727,2.41,18.13%,16.61%,0.270548,"14:56 ET"
QQQ,741.45,2026-09-22,1,Call,728.00,+1.66%,13.33,13.54,14.09,4111,1707,2.41,18.13%,23.54%,0.931943,"14:58 ET"
ARKK,90.93,2026-10-16,25,Call,100.00,-10.14%,0.49,0.56,0.58,5710,2371,2.41,33.80%,32.09%,0.14219,"14:27 ET"
IBIT,48.74,2026-09-25,4,Call,51.00,-4.79%,0.26,0.26,0.27,18106,7506,2.41,39.92%,48.49%,0.197177,"14:54 ET"
SMH,595.98,2026-12-18,88,Put,585.00,-1.59%,34,35.6,35.45,1868,783,2.39,34.36%,36.47%,-0.409398,"13:53 ET"
IBIT,48.74,2028-12-15,816,Call,48.00,+1.38%,16.35,16.65,16.75,1115,469,2.38,39.92%,51.60%,0.701286,"13:12 ET"
IBIT,48.74,2026-09-30,9,Put,45.00,-7.54%,0.17,0.18,0.18,507,215,2.36,39.92%,42.86%,-0.107793,"14:57 ET"
QQQ,741.45,2026-11-20,60,Put,740.00,-0.04%,20.7,20.8,20.79,1804,766,2.36,18.13%,19.31%,-0.455319,"14:55 ET"
DRAM,61.83,2027-02-19,151,Call,75.00,-21.65%,5.25,5.55,5.6,1010,429,2.35,58.62%,60.15%,0.393383,"14:35 ET"
SPY,774.45,2026-09-22,1,Put,761.00,-1.64%,0.09,0.1,0.1,5254,2242,2.34,12.60%,18.10%,-0.032892,"14:59 ET"
QQQ,741.45,2026-09-24,3,Call,734.00,+0.85%,9.27,9.2,9.72,624,267,2.34,18.13%,17.96%,0.73834,"14:49 ET"
TSLL,10.23,2026-10-30,39,Call,12.00,-18.46%,0.51,0.55,0.58,507,218,2.33,81.49%,85.02%,0.334907,"15:00 ET"
QQQ,741.45,2026-10-09,18,Put,720.00,-2.74%,4.41,4.43,4.45,1158,497,2.33,18.13%,19.47%,-0.232451,"15:00 ET"
QQQ,741.45,2026-09-28,7,Put,720.00,-2.74%,1.14,1.16,1.16,1167,500,2.33,18.13%,18.60%,-0.120894,"15:00 ET"
QQQ,741.45,2026-10-02,11,Put,720.00,-2.74%,2.78,2.81,2.81,3671,1573,2.33,18.13%,20.28%,-0.191233,"15:00 ET"
ETH,26.31,2027-01-15,116,Call,40.00,-52.38%,0.4,0.55,0.9,3233,1396,2.32,59.44%,61.24%,0.157869,"11:30 ET"
SPY,774.45,2026-09-25,4,Call,781.00,-0.94%,1.18,1.2,1.19,4068,1752,2.32,12.60%,10.82%,0.232779,"15:00 ET"
EEM,68.84,2027-01-15,116,Put,46.00,-33.12%,0.15,0.21,0.2,1796,773,2.32,23.17%,40.13%,-0.027116,"13:51 ET"
IBIT,48.74,2026-09-30,9,Call,49.00,-0.68%,1.13,1.09,1.15,2257,974,2.32,39.92%,40.38%,0.487383,"14:37 ET"
DIA,520.21,2026-09-25,4,Call,517.00,+0.58%,4.95,5.02,5.15,580,251,2.31,12.82%,13.88%,0.679758,"14:58 ET"
QQQ,741.45,2026-09-23,2,Call,732.00,+1.12%,10.2,10.44,10.61,2025,875,2.31,18.13%,18.26%,0.831745,"14:56 ET"
IWM,286.32,2026-09-25,4,Call,289.00,-1.01%,0.91,0.9,0.94,5531,2391,2.31,17.34%,16.24%,0.301545,"14:52 ET"
SPY,774.45,2026-09-23,2,Put,760.00,-1.77%,0.19,0.2,0.2,5865,2539,2.31,12.60%,15.62%,-0.05163,"14:58 ET"
SPY,774.45,2026-10-01,10,Put,752.00,-2.81%,0.92,0.92,0.94,512,224,2.29,12.60%,14.48%,-0.103998,"14:47 ET"
SPY,774.45,2026-09-29,8,Put,760.00,-1.77%,1.06,1.06,1.07,563,246,2.29,12.60%,12.36%,-0.145237,"14:55 ET"
JEPQ,61.03,2026-10-16,25,Call,61.00,-0.02%,0.45,0.52,0.55,4840,2112,2.29,11.67%,6.38%,0.572174,"14:59 ET"
SOXL,141.43,2026-09-25,4,Put,118.00,-16.07%,0.65,0.67,0.68,524,230,2.28,113.93%,127.06%,-0.074706,"14:54 ET"
CONL,6.79,2026-12-18,88,Call,13.00,-90.06%,0.25,0.66,0.75,718,315,2.28,133.44%,131.56%,0.253296,"13:44 ET"
SPY,774.45,2027-09-17,361,Call,925.00,-19.55%,9.13,8.97,9.18,1275,558,2.28,12.60%,14.31%,0.166171,"14:33 ET"
SOXL,141.43,2026-10-16,25,Put,125.00,-11.10%,8.9,9.22,9,509,224,2.27,113.93%,115.69%,-0.284017,"14:34 ET"
QQQ,741.45,2026-09-30,9,Put,740.00,-0.04%,6.58,6.63,6.64,1124,495,2.27,18.13%,16.21%,-0.45623,"15:00 ET"
SLV,59.67,2026-10-02,11,Put,59.00,-1.02%,1.08,1.1,1.1,1381,609,2.27,36.22%,34.27%,-0.411687,"14:42 ET"
SOXL,141.43,2026-09-25,4,Put,120.00,-14.65%,0.8,0.82,0.83,2519,1112,2.27,113.93%,124.48%,-0.090155,"14:56 ET"
VUG,91.04,2026-10-16,25,Call,92.00,-1.22%,0.9,1.1,1.2,506,224,2.26,17.03%,15.01%,0.414689,"14:50 ET"
IWM,286.32,2026-10-01,10,Put,282.00,-1.43%,1.31,1.33,1.35,832,368,2.26,17.34%,16.39%,-0.274716,"14:52 ET"
DIA,520.21,2026-09-25,4,Call,521.00,-0.19%,2.44,2.48,2.53,1975,873,2.26,12.82%,12.62%,0.471647,"14:57 ET"
SPY,774.45,2026-09-24,3,Put,767.00,-0.87%,0.91,0.92,0.93,1458,649,2.25,12.60%,12.32%,-0.191932,"15:00 ET"
QQQ,741.45,2026-10-02,11,Call,765.00,-3.34%,1.62,1.61,1.65,1865,829,2.25,18.13%,16.63%,0.149491,"14:58 ET"
TQQQ,78.96,2026-09-25,4,Put,71.50,-9.03%,0.21,0.22,0.22,1874,834,2.25,53.40%,68.96%,-0.080738,"15:02 ET"
TQQQ,78.96,2026-09-25,4,Call,79.00,-0.51%,1.52,1.52,1.54,3129,1399,2.24,53.40%,47.91%,0.500066,"15:04 ET"
QQQ,741.45,2026-09-25,4,Call,739.00,+0.17%,6.87,6.87,6.94,4665,2087,2.24,18.13%,17.76%,0.57956,"15:00 ET"
XLE,62.94,2026-11-20,60,Call,69.00,-9.65%,0.89,0.82,0.91,525,236,2.22,26.97%,27.85%,0.230022,"13:35 ET"
SPY,774.45,2026-09-29,8,Call,783.00,-1.20%,1.47,1.54,1.49,555,250,2.22,12.60%,9.65%,0.231358,"14:52 ET"
SNXX,17.43,2026-09-25,4,Put,16.00,-6.98%,0.4,0.45,0.5,1445,651,2.22,146.46%,145.11%,-0.259867,"14:58 ET"
SPY,774.45,2026-09-21,0,Call,754.00,+2.55%,20.31,20.42,20.37,1254,569,2.2,12.60%,25.06%,0.979866,"14:57 ET"
SPY,774.45,2026-11-30,70,Put,725.00,-6.30%,5.54,5.6,5.57,2941,1338,2.2,12.60%,17.55%,-0.169331,"14:36 ET"
QQQ,741.45,2026-09-23,2,Put,715.00,-3.42%,0.15,0.16,0.16,2660,1217,2.19,18.13%,25.89%,-0.028202,"14:58 ET"
SPY,774.45,2026-09-25,4,Call,775.00,-0.17%,3.39,3.4,3.4,18236,8336,2.19,12.60%,11.22%,0.481339,"15:00 ET"
IBIT,48.74,2026-09-30,9,Call,51.00,-4.79%,0.5,0.49,0.51,1255,574,2.19,39.92%,42.36%,0.264805,"14:32 ET"
SMH,595.98,2026-09-25,4,Call,590.00,+0.75%,10.95,10.95,11.85,1972,903,2.18,34.36%,32.16%,0.627018,"14:50 ET"
USO,148.83,2026-09-23,2,Put,147.00,-0.91%,1.69,1.74,1.77,2607,1195,2.18,47.49%,57.79%,-0.380711,"14:57 ET"
SPY,774.45,2026-10-02,11,Put,767.00,-0.87%,3.11,3.12,3.13,1814,835,2.17,12.60%,11.78%,-0.306007,"14:57 ET"
QQQ,741.45,2026-09-24,3,Call,740.00,+0.04%,5.36,5.36,5.42,2413,1112,2.17,18.13%,17.04%,0.557579,"15:00 ET"
KWEB,25.22,2026-10-02,11,Put,26.00,+3.17%,1,1.03,1.07,694,321,2.16,30.01%,32.48%,-0.693302,"12:56 ET"
TSLL,10.23,2026-09-25,4,Call,10.50,-3.65%,0.2,0.21,0.22,12773,5912,2.16,81.49%,76.72%,0.383011,"15:03 ET"
IBIT,48.74,2027-03-19,179,Call,55.00,-13.01%,3.8,3.85,3.9,20653,9597,2.15,39.92%,42.74%,0.424784,"14:45 ET"
DRAM,61.83,2026-10-02,11,Call,64.00,-3.81%,1.68,1.7,1.74,2057,956,2.15,58.62%,60.46%,0.394605,"14:59 ET"
QQQ,741.45,2026-12-18,88,Put,325.00,-56.10%,0.16,0.16,0.17,1046,489,2.14,18.13%,63.03%,-0.002231,"11:42 ET"
QQQ,741.45,2026-09-30,9,Call,729.00,+1.53%,16.08,15.12,16.49,1053,493,2.14,18.13%,17.89%,0.739366,"14:15 ET"
SOXL,141.43,2026-09-25,4,Call,165.00,-17.35%,0.76,0.75,0.78,1744,815,2.14,113.93%,110.28%,0.103511,"15:00 ET"
TQQQ,78.96,2026-09-25,4,Call,78.00,+0.76%,2.07,2.07,2.14,3527,1645,2.14,53.40%,49.31%,0.598101,"15:02 ET"
BOIL,19.41,2026-09-25,4,Call,19.50,-0.93%,0.4,0.4,0.6,601,282,2.13,72.68%,65.60%,0.493618,"14:34 ET"
IWM,286.32,2026-09-23,2,Call,291.00,-1.71%,0.15,0.15,0.16,609,286,2.13,17.34%,16.45%,0.09524,"14:56 ET"
SPY,774.45,2026-09-25,4,Call,740.00,+4.36%,34.65,34.74,35.85,844,396,2.13,12.60%,29.68%,0.93089,"14:55 ET"
SMH,595.98,2026-10-09,18,Put,570.00,-4.12%,7.35,7.62,7.7,1143,536,2.13,34.36%,34.54%,-0.261774,"14:24 ET"
SPY,774.45,2026-09-29,8,Call,778.00,-0.55%,3.06,3.13,3.08,519,245,2.12,12.60%,9.84%,0.389723,"14:57 ET"
SCO,20.39,2026-09-25,4,Call,21.50,-5.08%,0.15,0.21,0.3,699,329,2.12,75.92%,72.06%,0.253386,"14:49 ET"
SPY,774.45,2026-10-23,32,Put,770.00,-0.48%,8.42,8.4,8.44,788,371,2.12,12.60%,12.24%,-0.411439,"15:00 ET"
SPY,774.45,2026-09-28,7,Call,765.00,+1.13%,11.02,11.27,11.38,2288,1078,2.12,12.60%,11.55%,0.786783,"14:55 ET"
QQQ,741.45,2026-09-30,9,Call,747.00,-0.91%,5.15,4.82,5.21,2603,1227,2.12,18.13%,15.94%,0.398286,"14:47 ET"
RSP,213.13,2026-10-16,25,Call,215.00,-0.89%,1.9,1.92,1.95,2789,1316,2.12,11.71%,11.69%,0.414522,"14:49 ET"
SPY,774.45,2026-09-28,7,Put,755.00,-2.42%,0.55,0.55,0.56,1485,705,2.11,12.60%,13.51%,-0.083271,"14:56 ET"
MSOS,4.97,2026-09-25,4,Put,5.00,+1.01%,0.11,0.14,0.14,790,377,2.1,69.61%,55.51%,-0.513775,"14:45 ET"
SOXL,141.43,2026-09-25,4,Call,150.00,-6.69%,3.2,3.2,3.3,3227,1542,2.09,113.93%,108.30%,0.327676,"15:00 ET"
QQQ,741.45,2026-09-25,4,Call,758.00,-2.39%,0.67,0.68,0.68,972,466,2.09,18.13%,16.77%,0.108482,"14:53 ET"
SPY,774.45,2026-09-30,9,Put,768.00,-0.74%,2.68,2.68,2.69,1274,613,2.08,12.60%,11.19%,-0.306579,"15:00 ET"
IBIT,48.74,2026-12-18,88,Call,53.00,-8.90%,2.55,2.54,2.58,6664,3218,2.07,39.92%,42.25%,0.3993,"14:51 ET"
QQQ,741.45,2026-09-22,1,Call,731.00,+1.25%,10.53,10.82,11.03,9922,4795,2.07,18.13%,20.51%,0.907518,"14:58 ET"
BNO,59.1,2026-11-20,60,Call,65.00,-10.39%,2.65,2.9,3,637,307,2.07,50.67%,51.40%,0.372026,"15:00 ET"
GDX,94.56,2027-03-19,179,Put,90.00,-4.84%,7.95,8.19,8.2,2019,974,2.07,41.42%,42.34%,-0.359864,"13:10 ET"
SPXS,23.9,2027-01-15,116,Put,23.00,-4.13%,1.75,1.92,2.09,833,405,2.06,37.76%,47.03%,-0.375692,"14:51 ET"
EWZ,38.09,2027-01-15,116,Put,33.00,-13.25%,1.28,1.33,1.33,15000,7324,2.05,45.87%,38.56%,-0.23757,"12:24 ET"
IBIT,48.74,2026-10-09,18,Call,53.00,-8.90%,0.52,0.52,0.53,602,293,2.05,39.92%,42.88%,0.20916,"14:49 ET"
SLV,59.67,2026-09-23,2,Put,59.50,-0.18%,0.53,0.54,0.55,836,407,2.05,36.22%,34.55%,-0.458374,"14:58 ET"
SPY,774.45,2026-10-30,39,Call,771.00,+0.35%,17.06,17.06,17.25,852,418,2.04,12.60%,14.11%,0.57109,"14:45 ET"
IBIT,48.74,2026-10-23,32,Call,51.00,-4.79%,1.43,1.44,1.44,1175,577,2.04,39.92%,39.58%,0.383253,"14:19 ET"
SPY,774.45,2026-09-23,2,Call,782.00,-1.07%,0.31,0.33,0.32,2237,1097,2.04,12.60%,10.62%,0.107931,"15:00 ET"
SMH,595.98,2026-10-16,25,Call,610.00,-2.61%,15.25,15.3,15.6,3588,1757,2.04,34.36%,33.61%,0.423196,"14:58 ET"
SPY,774.45,2026-09-25,4,Call,773.00,+0.09%,4.53,4.51,4.57,4885,2398,2.04,12.60%,11.58%,0.566785,"14:59 ET"
TLT,81.69,2028-01-21,487,Call,115.00,-40.83%,0.3,0.33,0.36,25930,12702,2.04,11.28%,15.90%,0.05522,"14:24 ET"
TQQQ,78.96,2026-10-02,11,Put,70.00,-10.94%,0.62,0.63,0.63,3439,1691,2.03,53.40%,65.38%,-0.132058,"15:03 ET"
QQQ,741.45,2026-10-16,25,Put,726.00,-1.93%,7.39,7.46,7.41,880,433,2.03,18.13%,18.64%,-0.311308,"14:57 ET"
SLV,59.67,2026-09-21,0,Put,60.00,+0.65%,0.35,0.37,0.39,1408,697,2.02,36.22%,6.02%,-0.995698,"14:58 ET"
KORU,22.67,2026-10-02,11,Put,19.00,-15.48%,0.75,0.8,1,2147,1062,2.02,137.88%,156.17%,-0.217456,"14:26 ET"
SPCH,10.39,2026-09-25,4,Call,11.00,-7.00%,0.2,0.23,0.25,1223,609,2.01,100.02%,108.65%,0.314412,"14:57 ET"
IBIT,48.74,2026-10-02,11,Call,52.00,-6.84%,0.43,0.43,0.44,2680,1339,2,39.92%,43.81%,0.213741,"14:54 ET"
IWM,286.32,2026-09-23,2,Put,287.00,+0.31%,1.61,1.59,1.63,761,382,1.99,17.34%,15.13%,-0.576183,"15:00 ET"
SPY,774.45,2026-09-30,9,Put,753.00,-2.68%,0.83,0.83,0.84,2464,1236,1.99,12.60%,14.31%,-0.100387,"14:47 ET"
URNM,52.01,2026-10-16,25,Call,55.00,-6.08%,1.25,1.25,1.4,2414,1222,1.98,44.14%,45.10%,0.344227,"14:46 ET"
QQQ,741.45,2026-09-25,4,Call,737.00,+0.44%,8.13,8.07,8.27,2539,1289,1.97,18.13%,18.08%,0.63334,"14:58 ET"
SPY,774.45,2026-10-09,18,Put,746.00,-3.58%,1.63,1.69,1.65,1083,551,1.97,12.60%,15.24%,-0.12447,"14:36 ET"
SLV,59.67,2026-09-23,2,Put,58.00,-2.70%,0.11,0.11,0.12,1223,622,1.97,36.22%,35.57%,-0.141685,"14:59 ET"
TNA,63.37,2026-09-25,4,Call,65.00,-2.82%,0.6,0.6,0.63,878,447,1.96,50.72%,46.06%,0.318058,"15:04 ET"
SPY,774.45,2026-09-23,2,Put,753.00,-2.68%,0.1,0.11,0.11,1377,703,1.96,12.60%,19.37%,-0.024908,"14:56 ET"
EWZ,38.09,2026-09-30,9,Put,37.00,-2.73%,0.3,0.3,0.34,2260,1151,1.96,45.87%,30.88%,-0.274405,"13:35 ET"
MUU,35.78,2026-09-25,4,Put,33.00,-7.12%,0.6,0.7,0.7,581,298,1.95,125.22%,120.82%,-0.230723,"14:51 ET"
SPY,774.45,2026-09-24,3,Put,764.00,-1.26%,0.6,0.61,0.61,746,384,1.94,12.60%,13.31%,-0.128885,"14:59 ET"
QQQ,741.45,2026-10-23,32,Call,780.00,-5.36%,3.39,3.42,3.45,976,504,1.94,18.13%,16.87%,0.175323,"15:00 ET"
SPY,774.45,2026-09-24,3,Call,767.00,+0.87%,8.35,8.53,8.41,1571,809,1.94,12.60%,12.32%,0.808474,"14:51 ET"
IBIT,48.74,2026-09-25,4,Put,46.50,-4.46%,0.18,0.18,0.19,1591,818,1.94,39.92%,45.30%,-0.150977,"14:58 ET"
SOXL,141.43,2026-09-25,4,Call,160.00,-13.80%,1.25,1.16,1.27,2570,1324,1.94,113.93%,108.99%,0.156619,"14:59 ET"
SPY,774.45,2026-09-25,4,Call,770.00,+0.48%,6.57,6.7,6.63,18678,9693,1.93,12.60%,12.20%,0.678909,"15:00 ET"
IWM,286.32,2026-09-25,4,Call,286.00,+0.03%,2.22,2.23,2.28,2143,1110,1.93,17.34%,17.04%,0.535977,"15:00 ET"
QQQ,741.45,2026-09-22,1,Call,756.00,-2.12%,0.09,0.1,0.1,2204,1148,1.92,18.13%,19.94%,0.031569,"14:59 ET"
SPY,774.45,2026-09-24,3,Put,756.00,-2.29%,0.25,0.28,0.26,515,269,1.91,12.60%,16.45%,-0.052173,"14:37 ET"
SMCX,13.89,2026-10-16,25,Call,16.00,-15.36%,1.2,1.23,1.4,516,270,1.91,147.08%,140.66%,0.424082,"14:52 ET"
SMH,595.98,2026-09-21,0,Call,582.50,+2.02%,12.5,12.9,13.85,627,328,1.91,34.36%,16.97%,0.995235,"14:52 ET"
QQQ,741.45,2026-10-02,11,Call,760.00,-2.66%,2.46,2.43,2.5,3096,1625,1.91,18.13%,16.61%,0.208279,"14:58 ET"
SPY,774.45,2026-10-16,25,Call,785.00,-1.46%,5.51,5.54,5.54,25447,13418,1.9,12.60%,11.61%,0.353427,"15:00 ET"
SPY,774.45,2026-10-01,10,Call,780.00,-0.81%,3.18,3.23,3.21,620,326,1.9,12.60%,10.48%,0.354899,"14:57 ET"
SMH,595.98,2026-10-16,25,Put,590.00,-0.75%,17.35,17.56,17.75,1147,604,1.9,34.36%,33.88%,-0.429272,"14:54 ET"
IBIT,48.74,2026-10-23,32,Call,55.00,-13.01%,0.57,0.57,0.58,1334,703,1.9,39.92%,41.44%,0.185774,"15:00 ET"
XLK,194.68,2027-03-19,179,Call,250.00,-28.69%,0.93,1.1,1.37,500,265,1.89,23.29%,22.93%,0.085406,"10:25 ET"
XLK,194.68,2026-10-09,18,Call,195.00,-0.38%,3.35,3.33,4.05,508,269,1.89,23.29%,21.85%,0.504065,"11:56 ET"
IBIT,48.74,2026-10-09,18,Call,50.50,-3.76%,1.1,1.1,1.11,621,328,1.89,39.92%,41.26%,0.375472,"13:37 ET"
SPY,774.45,2026-09-25,4,Call,752.00,+2.81%,22.58,22.57,23.22,1084,573,1.89,12.60%,18.26%,0.939693,"15:00 ET"
SPY,774.45,2026-09-24,3,Call,770.00,+0.48%,5.91,6.13,5.94,3489,1850,1.89,12.60%,11.51%,0.712009,"14:54 ET"
IWM,286.32,2026-10-16,25,Put,272.00,-4.93%,1.2,1.2,1.22,60215,31896,1.89,17.34%,20.13%,-0.151095,"14:57 ET"
QQQ,741.45,2026-09-25,4,Call,770.00,-4.01%,0.16,0.16,0.17,3743,1987,1.88,18.13%,18.87%,0.029362,"14:59 ET"
QQQ,741.45,2026-09-25,4,Call,754.00,-1.85%,1.17,1.17,1.18,689,368,1.87,18.13%,16.54%,0.172036,"15:00 ET"
TQQQ,78.96,2026-10-09,18,Call,78.00,+0.76%,3.95,4.05,4.15,1083,580,1.87,53.40%,50.76%,0.567753,"15:03 ET"
IBIT,48.74,2026-09-23,2,Call,49.00,-0.68%,0.55,0.55,0.56,3955,2115,1.87,39.92%,45.99%,0.451697,"15:00 ET"
QQQ,741.45,2026-09-23,2,Call,734.00,+0.85%,8.45,8.65,8.87,3995,2137,1.87,18.13%,17.37%,0.78735,"14:52 ET"
KWEB,25.22,2026-09-25,4,Call,25.50,-1.19%,0.25,0.28,0.27,5639,3008,1.87,30.01%,36.06%,0.394215,"14:59 ET"
SPY,774.45,2026-09-25,4,Call,755.00,+2.42%,19.76,20.15,20.41,2594,1396,1.86,12.60%,17.90%,0.914803,"14:53 ET"
ETHA,20.8,2027-01-15,116,Put,19.00,-8.43%,1.57,1.6,1.63,4089,2196,1.86,54.45%,55.93%,-0.316483,"14:55 ET"
USO,148.83,2028-06-16,634,Put,130.00,-12.37%,17.35,18.54,19.35,599,322,1.86,47.49%,42.13%,-0.272501,"14:53 ET"
QQQ,741.45,2026-10-09,18,Call,722.00,+2.47%,25.55,25.91,25.97,634,341,1.86,18.13%,20.08%,0.742783,"14:55 ET"
KWEB,25.22,2026-10-02,11,Call,26.50,-5.16%,0.15,0.15,0.17,2661,1441,1.85,30.01%,32.75%,0.204179,"14:49 ET"
SPY,774.45,2026-09-25,4,Call,782.00,-1.07%,0.97,0.97,0.98,10270,5557,1.85,12.60%,10.83%,0.199961,"15:00 ET"
SPY,774.45,2026-09-21,0,Call,763.00,+1.39%,11.32,11.35,11.38,15399,8346,1.85,12.60%,10.40%,0.996836,"15:00 ET"
SPY,774.45,2026-10-23,32,Call,777.00,-0.42%,11.19,11.18,11.22,634,345,1.84,12.60%,12.69%,0.496176,"15:00 ET"
GLD,398.61,2026-09-25,4,Call,402.00,-0.82%,2.09,2.16,2.16,1039,564,1.84,21.06%,21.62%,0.353304,"15:00 ET"
SOXL,141.43,2026-09-25,4,Call,129.00,+8.25%,14.65,14.59,14.85,3546,1936,1.83,113.93%,116.02%,0.797628,"14:59 ET"
DIA,520.21,2026-09-30,9,Call,520.00,0.00%,4.1,4.27,4.25,527,290,1.82,12.82%,11.70%,0.53322,"14:52 ET"
SPY,774.45,2026-09-24,3,Call,781.00,-0.94%,0.76,0.82,0.77,1119,614,1.82,12.60%,10.49%,0.189674,"14:55 ET"
XLK,194.68,2026-09-25,4,Put,184.00,-5.28%,0.09,0.1,0.13,895,494,1.81,23.29%,31.26%,-0.041967,"14:59 ET"
SPY,774.45,2026-09-28,7,Call,785.00,-1.46%,0.82,0.87,0.84,1043,577,1.81,12.60%,9.43%,0.157429,"14:56 ET"
SPY,774.45,2026-09-24,3,Call,769.00,+0.61%,6.69,6.74,6.73,1484,819,1.81,12.60%,11.76%,0.748401,"14:45 ET"
SMH,595.98,2026-09-25,4,Call,597.50,-0.51%,7.05,7.24,7.45,1660,917,1.81,34.36%,31.77%,0.479146,"14:57 ET"
BOIL,19.41,2026-09-25,4,Put,19.00,-1.66%,0.27,0.3,0.31,544,302,1.8,72.68%,59.22%,-0.347021,"14:53 ET"
DIA,520.21,2027-06-17,269,Call,545.00,-4.81%,19.15,20.09,22.7,1684,936,1.8,12.82%,14.20%,0.463017,"11:44 ET"
QQQ,741.45,2026-09-28,7,Put,715.00,-3.42%,0.83,0.85,0.85,1707,950,1.8,18.13%,19.86%,-0.08824,"14:57 ET"
NVDL,36.83,2026-09-25,4,Call,35.00,+4.14%,1.87,1.95,2.2,3619,2022,1.79,65.86%,69.19%,0.745046,"14:42 ET"
TLT,81.69,2026-09-21,0,Call,81.50,+0.20%,0.18,0.22,0.21,9029,5039,1.79,11.28%,4.65%,0.812282,"14:52 ET"
SPY,774.45,2026-10-02,11,Put,766.00,-1.00%,2.88,2.87,2.9,1398,779,1.79,12.60%,11.93%,-0.286329,"15:00 ET"
SLV,59.67,2026-09-23,2,Call,60.00,-0.65%,0.46,0.46,0.48,1466,818,1.79,36.22%,35.84%,0.415886,"14:59 ET"
DIA,520.21,2027-06-30,282,Call,545.00,-4.81%,19.6,20.81,23.5,1684,942,1.79,12.82%,14.05%,0.468409,"11:44 ET"
SPY,774.45,2026-10-30,39,Call,827.00,-6.89%,0.69,0.63,0.7,2000,1119,1.79,12.60%,11.90%,0.055124,"14:15 ET"
SPY,774.45,2026-09-29,8,Call,770.00,+0.48%,7.58,7.71,7.79,687,385,1.78,12.60%,10.86%,0.651887,"14:52 ET"
QQQ,741.45,2026-09-28,7,Call,742.00,-0.23%,6,5.94,6.05,755,425,1.78,18.13%,14.91%,0.499772,"14:59 ET"
SPY,774.45,2026-09-25,4,Call,762.00,+1.51%,13.36,13.52,13.49,4260,2389,1.78,12.60%,14.86%,0.854344,"15:00 ET"
IBIT,48.74,2026-12-18,88,Put,48.00,-1.38%,3.25,3.3,3.3,811,459,1.77,39.92%,40.45%,-0.416197,"15:00 ET"
TMF,30.14,2026-09-25,4,Call,28.00,+6.95%,1.84,2.23,2.23,865,490,1.77,32.66%,61.12%,0.878495,"14:59 ET"
SPY,774.45,2026-10-02,11,Put,769.00,-0.61%,3.63,3.65,3.66,956,539,1.77,12.60%,11.48%,-0.348993,"14:58 ET"
SPY,774.45,2026-11-20,60,Call,845.00,-9.21%,0.79,0.8,0.8,2095,1181,1.77,12.60%,12.25%,0.050294,"14:52 ET"
QQQ,741.45,2026-09-28,7,Call,732.00,+1.12%,12.39,12.72,12.83,518,294,1.76,18.13%,16.12%,0.728709,"14:57 ET"
USO,148.83,2026-10-02,11,Put,148.00,-0.24%,4.7,4.75,4.85,527,300,1.76,47.49%,50.78%,-0.455363,"14:55 ET"
QQQ,741.45,2026-10-09,18,Call,724.00,+2.20%,23.94,23.38,24.36,636,361,1.76,18.13%,19.75%,0.725346,"14:40 ET"
QQQ,741.45,2026-10-02,11,Call,755.00,-1.99%,3.69,3.71,3.73,983,563,1.75,18.13%,16.75%,0.281506,"15:00 ET"
SPY,774.45,2026-09-30,9,Put,767.00,-0.87%,2.45,2.47,2.47,3062,1753,1.75,12.60%,11.37%,-0.283935,"14:59 ET"
SMH,595.98,2026-10-16,25,Call,630.00,-5.97%,8.75,8.75,9.05,3778,2157,1.75,34.36%,33.41%,0.286195,"14:48 ET"
SPY,774.45,2026-09-25,4,Call,780.00,-0.81%,1.43,1.46,1.44,18664,10694,1.75,12.60%,10.83%,0.268965,"15:00 ET"
SMH,595.98,2026-10-02,11,Call,610.00,-2.61%,7.85,7.75,8.2,767,440,1.74,34.36%,32.85%,0.358475,"14:45 ET"
QQQ,741.45,2026-10-30,39,Put,705.00,-4.77%,6.61,6.66,6.66,958,549,1.74,18.13%,21.67%,-0.214893,"14:58 ET"
TQQQ,78.96,2026-09-25,4,Put,73.00,-7.12%,0.31,0.31,0.32,2046,1177,1.74,53.40%,64.35%,-0.117556,"14:53 ET"
SPY,774.45,2026-10-23,32,Call,766.00,+1.00%,18.32,18.58,18.54,782,453,1.73,12.60%,13.99%,0.632592,"14:54 ET"
SPY,774.45,2026-09-24,3,Call,782.00,-1.07%,0.59,0.6,0.61,1174,678,1.73,12.60%,10.52%,0.156027,"14:59 ET"
QQQ,741.45,2026-10-02,11,Call,780.00,-5.36%,0.45,0.46,0.47,1202,693,1.73,18.13%,17.29%,0.050004,"14:55 ET"
IBIT,48.74,2026-10-09,18,Call,48.50,+0.35%,1.92,1.94,1.94,1291,746,1.73,39.92%,40.70%,0.549407,"14:20 ET"
SPY,774.45,2026-09-24,3,Call,773.00,+0.09%,3.83,3.9,3.85,2721,1586,1.72,12.60%,10.91%,0.577739,"14:57 ET"
SMH,595.98,2026-12-18,88,Put,570.00,-4.12%,27.95,28.3,28.8,5687,3297,1.72,34.36%,36.80%,-0.353774,"14:52 ET"
SPY,774.45,2026-09-25,4,Call,767.00,+0.87%,8.87,8.95,9.06,6796,3962,1.72,12.60%,12.96%,0.765999,"14:59 ET"
SQQQ,34.59,2027-03-19,179,Put,35.00,+0.66%,6.55,6.65,6.9,525,305,1.72,56.40%,71.35%,-0.400072,"14:06 ET"
IBIT,48.74,2026-10-02,11,Put,46.00,-5.49%,0.39,0.4,0.4,881,512,1.72,39.92%,41.56%,-0.195624,"14:58 ET"
QQQ,741.45,2026-10-30,39,Put,725.00,-2.07%,10.83,10.95,10.92,929,542,1.71,18.13%,19.64%,-0.335188,"14:59 ET"
XLK,194.68,2026-10-16,25,Call,200.00,-2.95%,2.37,2.42,2.5,2722,1589,1.71,23.29%,21.86%,0.339355,"15:04 ET"
XLE,62.94,2026-09-23,2,Put,62.00,-1.48%,0.2,0.23,0.23,11244,6594,1.71,26.97%,29.54%,-0.256955,"15:03 ET"
GDX,94.56,2026-10-02,11,Put,93.00,-1.67%,1.91,2.2,2.14,520,305,1.7,41.42%,42.34%,-0.39484,"12:50 ET"
ETHA,20.8,2026-10-02,11,Put,19.50,-6.02%,0.26,0.28,0.28,615,361,1.7,54.45%,54.33%,-0.226789,"14:52 ET"
SPY,774.45,2026-09-24,3,Put,745.00,-3.71%,0.12,0.13,0.13,932,548,1.7,12.60%,21.38%,-0.022223,"14:42 ET"
MSOX,2.98,2026-10-16,25,Call,4.00,-36.05%,0.15,0.15,0.2,2110,1238,1.7,141.55%,147.04%,0.291112,"14:13 ET"
QQQ,741.45,2026-10-09,18,Call,751.00,-1.45%,7.47,7.12,7.54,570,338,1.69,18.13%,16.98%,0.389415,"14:41 ET"
SPY,774.45,2026-10-02,11,Put,771.00,-0.35%,4.25,4.2,4.28,855,506,1.69,12.60%,11.21%,-0.396393,"14:53 ET"
QQQ,741.45,2026-10-23,32,Call,730.00,+1.39%,24.14,23.98,24.5,976,577,1.69,18.13%,19.26%,0.636987,"14:48 ET"
QQQI,55.53,2026-10-16,25,Call,57.00,-2.72%,0.15,0.15,0.2,1109,658,1.69,13.51%,10.68%,0.203617,"14:06 ET"
TQQQ,78.96,2026-09-25,4,Put,72.50,-7.76%,0.26,0.27,0.29,1185,700,1.69,53.40%,65.75%,-0.103238,"14:49 ET"
SPY,774.45,2026-10-09,18,Call,780.00,-0.81%,5.72,5.69,5.74,4217,2488,1.69,12.60%,11.40%,0.411046,"14:58 ET"
UVXY,17.51,2027-03-19,179,Call,40.00,-129.36%,2.05,2.23,2.3,617,367,1.68,85.52%,127.07%,0.321817,"12:58 ET"
IBIT,48.74,2027-03-19,179,Call,56.00,-15.06%,3.55,3.55,3.65,1063,631,1.68,39.92%,43.09%,0.403069,"14:46 ET"
SOXL,141.43,2026-10-02,11,Put,105.00,-25.32%,1.08,1.15,1.24,1343,799,1.68,113.93%,129.76%,-0.074138,"14:44 ET"
SPY,774.45,2026-09-28,7,Call,775.00,-0.17%,4,4.04,4.02,1741,1039,1.68,12.60%,9.73%,0.490972,"15:00 ET"
SPY,774.45,2026-09-25,4,Put,757.00,-2.16%,0.43,0.44,0.44,1995,1190,1.68,12.60%,15.40%,-0.076943,"15:00 ET"
QQQ,741.45,2026-10-02,11,Call,743.00,-0.37%,8.55,8.43,8.61,540,324,1.67,18.13%,17.57%,0.490168,"14:59 ET"
SPY,774.45,2026-10-09,18,Put,741.00,-4.23%,1.33,1.46,1.34,633,378,1.67,12.60%,16.12%,-0.100254,"13:27 ET"
IWM,286.32,2026-09-25,4,Call,287.50,-0.49%,1.46,1.5,1.49,1238,742,1.67,17.34%,16.44%,0.416442,"15:00 ET"
SOXL,141.43,2026-10-30,39,Put,90.00,-35.99%,3.4,3.45,3.6,883,532,1.66,113.93%,131.26%,-0.100326,"14:55 ET"
TSLL,10.23,2026-10-09,18,Call,10.50,-3.65%,0.57,0.59,0.6,860,521,1.65,81.49%,77.57%,0.474781,"15:04 ET"
DRAM,61.83,2026-09-23,2,Call,63.00,-2.19%,0.58,0.59,0.6,2213,1338,1.65,58.62%,58.17%,0.340705,"14:59 ET"
QQQ,741.45,2026-10-02,11,Call,750.00,-1.31%,5.35,5.37,5.4,2530,1539,1.64,18.13%,16.98%,0.365143,"15:00 ET"
SPY,774.45,2026-09-25,4,Put,754.00,-2.55%,0.34,0.34,0.35,2669,1623,1.64,12.60%,16.53%,-0.059479,"15:00 ET"
SPY,774.45,2026-09-30,9,Call,801.00,-3.53%,0.14,0.16,0.15,3220,1959,1.64,12.60%,11.05%,0.028249,"14:56 ET"
IBIT,48.74,2026-09-23,2,Call,50.00,-2.73%,0.25,0.25,0.26,10099,6142,1.64,39.92%,48.43%,0.249154,"14:59 ET"
SPY,774.45,2026-10-02,11,Call,777.00,-0.42%,5.07,5.06,5.09,1105,675,1.64,12.60%,11.29%,0.449541,"14:59 ET"
SPY,774.45,2026-09-23,2,Call,764.00,+1.26%,10.65,10.22,10.75,806,493,1.63,12.60%,13.33%,0.91562,"14:37 ET"
ETHA,20.8,2026-10-09,18,Put,18.00,-13.25%,0.14,0.16,0.17,960,588,1.63,54.45%,57.74%,-0.113111,"14:32 ET"
QQQ,741.45,2026-12-18,88,Call,845.00,-14.14%,3.06,3.06,3.11,2318,1419,1.63,18.13%,18.77%,0.099136,"14:59 ET"
TQQQ,78.96,2026-09-25,4,Put,71.00,-9.67%,0.19,0.2,0.2,3343,2051,1.63,53.40%,70.97%,-0.072546,"15:01 ET"
SOXS,35.56,2026-09-25,4,Put,32.00,-10.71%,0.42,0.45,0.51,593,366,1.62,115.05%,118.01%,-0.183419,"14:59 ET"
KWEB,25.22,2026-10-09,18,Call,26.00,-3.17%,0.37,0.39,0.4,1050,647,1.62,30.01%,30.56%,0.347723,"14:52 ET"
IBIT,48.74,2026-10-30,39,Call,49.00,-0.68%,2.48,2.48,2.5,1532,943,1.62,39.92%,39.53%,0.522842,"14:58 ET"
SPY,774.45,2026-09-22,1,Call,758.00,+2.03%,16.35,15.22,16.45,1715,1057,1.62,12.60%,19.59%,0.981468,"14:12 ET"
IWM,286.32,2026-09-23,2,Call,289.00,-1.01%,0.41,0.41,0.42,1149,712,1.61,17.34%,15.74%,0.218483,"15:00 ET"
SPY,774.45,2026-09-28,7,Call,774.00,-0.04%,4.55,4.57,4.57,1375,856,1.61,12.60%,9.83%,0.52893,"15:00 ET"
XLU,40.69,2027-01-15,116,Put,36.00,-11.63%,0.18,0.18,0.21,2537,1590,1.6,15.95%,17.17%,-0.100013,"13:43 ET"
QQQ,741.45,2026-09-24,3,Call,744.00,-0.50%,3.3,3.27,3.32,536,336,1.6,18.13%,16.46%,0.416058,"15:00 ET"
DIA,520.21,2026-09-25,4,Call,523.00,-0.58%,1.57,1.66,1.66,652,408,1.6,12.82%,12.37%,0.356168,"14:59 ET"
CONL,6.79,2026-10-16,25,Call,12.00,-75.44%,0.1,0.1,0.15,770,482,1.6,133.44%,152.04%,0.111493,"14:46 ET"
XLU,40.69,2026-10-23,32,Put,39.50,-3.04%,0.23,0.24,0.29,502,316,1.59,15.95%,14.50%,-0.245213,"10:42 ET"
SPY,774.45,2026-09-29,8,Put,745.00,-3.71%,0.38,0.45,0.39,769,484,1.59,12.60%,16.13%,-0.049467,"13:11 ET"
IWM,286.32,2026-10-02,11,Call,288.00,-0.66%,2.55,2.59,2.59,838,527,1.59,17.34%,16.30%,0.435025,"15:00 ET"
SPY,774.45,2026-10-30,39,Call,777.00,-0.42%,13.36,13.44,13.39,1256,789,1.59,12.60%,13.44%,0.50384,"14:55 ET"
SOXL,141.43,2026-10-23,32,Put,75.00,-46.66%,1.05,1.1,1.14,1881,1184,1.59,113.93%,139.28%,-0.039627,"14:26 ET"
QQQ,741.45,2026-10-16,25,Call,739.00,+0.17%,16.11,15.63,16.23,2638,1664,1.59,18.13%,18.23%,0.554683,"14:46 ET"
SOXL,141.43,2026-09-25,4,Call,140.00,+0.43%,7.35,7.35,7.4,3809,2397,1.59,113.93%,110.57%,0.564084,"15:00 ET"
IBIT,48.74,2026-12-18,88,Call,59.00,-21.22%,1.26,1.25,1.28,737,466,1.58,39.92%,43.80%,0.23042,"14:30 ET"
SPY,774.45,2026-10-09,18,Put,766.00,-1.00%,4.39,4.39,4.42,889,564,1.58,12.60%,12.03%,-0.323312,"14:57 ET"
TSLL,10.23,2029-01-19,851,Call,19.00,-87.56%,3.2,3.35,3.4,1524,966,1.58,81.49%,80.43%,0.574774,"14:52 ET"
EEM,68.84,2026-10-16,25,Put,66.50,-3.31%,0.72,0.76,0.82,2118,1342,1.58,23.17%,24.27%,-0.276588,"14:19 ET"
IWM,286.32,2026-10-01,10,Put,285.00,-0.38%,2.19,2.22,2.24,730,464,1.57,17.34%,15.43%,-0.413589,"14:54 ET"
SPY,774.45,2026-11-20,60,Call,835.00,-7.92%,1.32,1.35,1.34,3390,2162,1.57,12.60%,12.15%,0.078626,"14:54 ET"
IWM,286.32,2026-09-30,9,Call,290.00,-1.36%,1.28,1.17,1.32,6348,4054,1.57,17.34%,14.91%,0.306873,"14:41 ET"
TQQQ,78.96,2026-09-25,4,Call,74.50,+5.22%,4.65,4.77,4.9,1585,1014,1.56,53.40%,55.29%,0.846313,"15:03 ET"
SPY,774.45,2026-09-25,4,Call,754.00,+2.55%,20.84,21.08,21.38,1708,1094,1.56,12.60%,18.80%,0.91522,"14:52 ET"
SPY,774.45,2026-09-25,4,Call,788.00,-1.85%,0.3,0.34,0.31,1856,1190,1.56,12.60%,11.37%,0.074352,"14:55 ET"
SPY,774.45,2026-09-25,4,Call,751.00,+2.94%,23.78,23.76,24.32,705,456,1.55,12.60%,20.36%,0.927399,"14:57 ET"
IBIT,48.74,2026-10-30,39,Put,44.00,-9.60%,0.71,0.73,0.72,878,567,1.55,39.92%,40.14%,-0.190748,"14:51 ET"
TQQQ,78.96,2026-10-02,11,Call,81.00,-3.05%,1.74,1.77,1.82,1345,867,1.55,53.40%,48.42%,0.396638,"15:00 ET"
SPY,774.45,2026-09-22,1,Call,764.00,+1.26%,10.42,10.46,10.51,2589,1666,1.55,12.60%,15.29%,0.953946,"14:59 ET"
SPY,774.45,2027-03-19,179,Put,575.00,-25.68%,3.53,3.59,3.56,4495,2914,1.54,12.60%,28.82%,-0.050237,"10:56 ET"
SPY,774.45,2026-10-23,32,Call,764.00,+1.26%,19.79,19.93,20.04,548,356,1.54,12.60%,14.27%,0.65352,"14:56 ET"
SOXL,141.43,2026-10-30,39,Call,125.00,+11.10%,28.2,29.15,30.4,584,380,1.54,113.93%,113.51%,0.702945,"14:56 ET"
SOXL,141.43,2026-09-25,4,Put,140.00,-0.43%,5.55,5.7,5.75,675,438,1.54,113.93%,109.85%,-0.436033,"15:00 ET"
QQQ,741.45,2026-09-25,4,Call,756.00,-2.12%,0.89,0.89,0.9,1174,762,1.54,18.13%,16.65%,0.137481,"14:58 ET"
BITO,11.56,2026-09-25,4,Call,11.50,+0.43%,0.25,0.24,0.26,1511,978,1.54,41.75%,45.37%,0.559937,"14:51 ET"
TQQQ,78.96,2026-09-23,2,Put,73.00,-7.12%,0.11,0.11,0.12,662,432,1.53,53.40%,69.83%,-0.063544,"15:04 ET"
EWY,189.41,2027-06-17,269,Call,190.00,-0.62%,26,25.77,28.7,800,523,1.53,46.20%,43.40%,0.562418,"10:07 ET"
SQQQ,34.59,2026-09-25,4,Call,37.50,-7.85%,0.1,0.11,0.12,816,534,1.53,56.40%,59.73%,0.108287,"14:58 ET"
QQQ,741.45,2026-09-25,4,Call,733.00,+0.98%,11,11.18,11.28,2039,1330,1.53,18.13%,18.96%,0.725715,"14:57 ET"
FXI,34.88,2026-09-30,9,Call,35.00,-0.34%,0.42,0.43,0.45,4456,2930,1.52,21.48%,21.71%,0.4792,"14:58 ET"
SMH,595.98,2026-09-25,4,Call,587.50,+1.17%,12.25,12.56,13.7,580,382,1.52,34.36%,32.08%,0.674082,"14:38 ET"
VGT,125.48,2026-10-16,25,Call,122.00,+2.56%,4.5,4.8,5.3,606,400,1.52,22.10%,21.12%,0.71068,"12:36 ET"
MUU,35.78,2026-09-25,4,Call,38.00,-6.95%,0.8,0.9,1,627,412,1.52,125.22%,112.92%,0.339504,"14:59 ET"
XLE,62.94,2026-09-25,4,Call,63.50,-0.91%,0.5,0.51,0.52,753,497,1.52,26.97%,29.55%,0.382142,"15:03 ET"
QQQ,741.45,2026-10-23,32,Call,723.00,+2.34%,29.21,27.47,29.59,1103,726,1.52,18.13%,20.00%,0.692281,"13:37 ET"
QQQ,741.45,2026-09-23,2,Put,712.00,-3.82%,0.11,0.12,0.12,852,564,1.51,18.13%,27.05%,-0.020834,"14:59 ET"
DRAM,61.83,2026-09-25,4,Put,59.00,-4.30%,0.5,0.51,0.52,1679,1115,1.51,58.62%,60.69%,-0.219525,"15:00 ET"
QQQ,741.45,2026-10-09,18,Call,750.00,-1.31%,7.89,7.86,7.96,1898,1259,1.51,18.13%,17.05%,0.40342,"14:58 ET"
QQQ,741.45,2026-09-25,4,Call,736.00,+0.58%,8.82,8.76,8.97,2710,1809,1.5,18.13%,18.28%,0.658456,"14:58 ET"
IBIT,48.74,2026-10-16,25,Call,52.00,-6.84%,0.94,0.95,0.95,13896,9257,1.5,39.92%,41.00%,0.300561,"14:56 ET"
QQQ,741.45,2026-10-23,32,Put,680.00,-8.14%,2.63,2.64,2.65,660,440,1.5,18.13%,24.30%,-0.101272,"15:00 ET"
IBIT,48.74,2027-03-19,179,Call,82.00,-68.48%,0.69,0.72,0.71,667,445,1.5,39.92%,49.29%,0.100479,"13:06 ET"
TQQQ,78.96,2026-10-09,18,Call,80.00,-1.78%,2.98,3,3.05,1006,669,1.5,53.40%,49.61%,0.47695,"14:59 ET"
GGLL,107.39,2026-10-16,25,Call,120.00,-12.40%,2,2.4,2.55,522,351,1.49,63.04%,58.28%,0.251555,"15:00 ET"
QQQ,741.45,2026-09-30,9,Call,737.00,+0.44%,10.54,10.6,10.66,610,410,1.49,18.13%,17.01%,0.604407,"14:55 ET"
SMH,595.98,2026-10-16,25,Put,575.00,-3.28%,11.6,12.1,12,617,413,1.49,34.36%,34.50%,-0.321459,"14:39 ET"
SPY,774.45,2026-11-30,70,Put,780.00,+0.81%,17.99,18.15,18.04,638,427,1.49,12.60%,12.45%,-0.51853,"14:39 ET"
IWM,286.32,2026-09-22,1,Put,287.00,+0.31%,1.27,1.32,1.28,662,443,1.49,17.34%,15.29%,-0.610083,"14:56 ET"
TSLL,10.23,2026-09-25,4,Call,8.50,+16.09%,1.56,1.63,1.75,898,602,1.49,81.49%,71.70%,0.993628,"14:59 ET"
TQQQ,78.96,2026-10-30,39,Call,85.00,-8.14%,3.1,3.1,3.2,950,639,1.49,53.40%,52.37%,0.371229,"15:03 ET"
QQQ,741.45,2026-11-20,60,Put,730.00,-1.39%,17,17.15,17.07,2672,1811,1.48,18.13%,19.99%,-0.388413,"14:51 ET"
SPY,774.45,2026-09-25,4,Put,763.00,-1.39%,0.78,0.78,0.79,2767,1864,1.48,12.60%,13.37%,-0.141055,"15:00 ET"
SQQQ,34.59,2026-10-16,25,Call,30.00,+13.72%,4.5,4.65,4.7,571,387,1.48,56.40%,0.00%,0,"14:53 ET"
USO,148.83,2026-10-02,11,Call,170.00,-14.59%,0.69,0.7,0.74,1633,1100,1.48,47.49%,58.20%,0.103887,"14:52 ET"
SPY,774.45,2026-09-28,7,Call,794.00,-2.62%,0.19,0.14,0.2,581,394,1.47,12.60%,10.33%,0.043297,"13:02 ET"
IBIT,48.74,2026-11-20,60,Call,56.00,-15.06%,1.16,1.18,1.18,4036,2769,1.46,39.92%,43.00%,0.250773,"14:17 ET"
IEF,91.08,2026-12-18,88,Put,91.00,-0.08%,1.12,1.13,1.16,15000,10302,1.46,6.14%,7.77%,-0.443913,"13:27 ET"
ETHA,20.8,2026-10-23,32,Call,21.00,-1.20%,1.25,1.22,1.28,523,358,1.46,54.45%,53.70%,0.517666,"14:06 ET"
SPY,774.45,2026-09-23,2,Put,761.00,-1.64%,0.21,0.22,0.22,1424,976,1.46,12.60%,15.05%,-0.057962,"14:53 ET"
SOXL,141.43,2026-09-23,2,Put,110.00,-21.76%,0.1,0.12,0.12,632,436,1.45,113.93%,165.73%,-0.016882,"14:38 ET"
SPY,774.45,2026-09-24,3,Call,766.00,+1.00%,9.23,8.74,9.28,716,495,1.45,12.60%,12.64%,0.832696,"14:36 ET"
TQQQ,78.96,2026-09-25,4,Call,81.00,-3.05%,0.72,0.76,0.76,1318,906,1.45,53.40%,47.08%,0.305712,"15:02 ET"
SPY,774.45,2026-09-25,4,Call,759.00,+1.90%,16.03,16.36,16.56,2562,1763,1.45,12.60%,16.46%,0.881681,"14:57 ET"
SNDQ,10.63,2026-10-16,25,Call,11.00,-2.23%,1.25,1.25,1.4,776,539,1.44,138.49%,132.65%,0.533105,"14:46 ET"
SOXS,35.56,2026-09-25,4,Put,37.00,+3.24%,2.42,2.55,2.82,808,560,1.44,115.05%,117.10%,-0.60893,"14:42 ET"
QQQ,741.45,2026-09-28,7,Call,731.00,+1.25%,13.16,12.97,13.64,1023,711,1.44,18.13%,16.30%,0.746331,"14:40 ET"
SPY,774.45,2026-10-01,10,Put,760.00,-1.77%,1.58,1.59,1.59,1560,1085,1.44,12.60%,12.76%,-0.177744,"14:58 ET"
SOXL,141.43,2026-09-25,4,Call,127.00,+9.67%,15.1,15.49,17.1,2124,1482,1.43,113.93%,110.22%,0.842831,"14:38 ET"
GLD,398.61,2027-06-17,269,Call,415.00,-4.08%,30.1,30.55,30.7,3804,2657,1.43,21.06%,23.85%,0.518247,"11:31 ET"
EFA,106.26,2027-03-19,179,Put,100.00,-5.85%,2.07,2.25,2.28,10013,6992,1.43,13.81%,15.60%,-0.282095,"13:46 ET"
IWM,286.32,2026-09-22,1,Call,289.00,-1.01%,0.18,0.19,0.19,7921,5587,1.42,17.34%,16.56%,0.145461,"15:00 ET"
SPY,774.45,2026-10-30,39,Call,772.00,+0.22%,16.39,16.49,16.59,511,363,1.41,12.60%,13.99%,0.560402,"14:50 ET"
QQQ,741.45,2026-10-02,11,Call,742.00,-0.23%,9.09,8.39,9.15,564,400,1.41,18.13%,17.67%,0.507814,"14:35 ET"
USO,148.83,2026-10-02,11,Put,140.00,-5.63%,1.9,1.91,1.93,2990,2115,1.41,47.49%,52.03%,-0.233365,"15:03 ET"
SPY,774.45,2026-11-20,60,Put,735.00,-5.00%,5.92,5.94,5.94,8852,6258,1.41,12.60%,16.86%,-0.19616,"14:59 ET"
SPY,774.45,2026-09-21,0,Call,762.00,+1.51%,12.32,12.27,12.38,12073,8574,1.41,12.60%,11.26%,0.996991,"14:59 ET"
IWM,286.32,2026-09-25,4,Call,290.00,-1.36%,0.65,0.64,0.67,9058,6484,1.4,17.34%,16.20%,0.234308,"14:59 ET"
IBIT,48.74,2026-12-18,88,Call,58.00,-19.17%,1.41,1.41,1.43,845,605,1.4,39.92%,43.42%,0.252838,"14:30 ET"
QQQ,741.45,2026-10-23,32,Put,675.00,-8.82%,2.33,2.35,2.35,1256,898,1.4,18.13%,24.94%,-0.089584,"15:00 ET"
XLF,55.97,2027-03-19,179,Call,61.00,-8.99%,0.97,1,1.04,1356,969,1.4,15.56%,15.92%,0.275658,"13:10 ET"
EFA,106.26,2026-11-30,70,Put,99.00,-6.79%,0.44,0.73,0.89,1451,1039,1.4,13.81%,16.38%,-0.159998,"12:00 ET"
SPY,774.45,2026-10-09,18,Call,811.00,-4.82%,0.3,0.27,0.31,540,388,1.39,12.60%,11.41%,0.038989,"13:25 ET"
TNA,63.37,2027-01-15,116,Put,35.00,-44.64%,0.76,0.85,0.92,642,462,1.39,50.72%,79.32%,-0.057621,"11:24 ET"
SPY,774.45,2026-09-25,4,Call,761.00,+1.64%,14.05,14.28,14.55,4377,3142,1.39,12.60%,14.95%,0.871387,"14:49 ET"
IBIT,48.74,2026-11-20,60,Call,53.00,-8.90%,1.83,1.81,1.84,5989,4312,1.39,39.92%,42.07%,0.356485,"14:48 ET"
XLF,55.97,2026-09-25,4,Call,56.00,-0.05%,0.37,0.37,0.41,6492,4662,1.39,15.56%,16.03%,0.516053,"14:55 ET"
IBIT,48.74,2026-11-20,60,Put,48.00,-1.38%,2.68,2.72,2.7,2526,1826,1.38,39.92%,40.67%,-0.418468,"14:51 ET"
TQQQ,78.96,2026-10-30,39,Put,50.00,-36.39%,0.43,0.45,0.45,3190,2313,1.38,53.40%,88.93%,-0.042185,"14:43 ET"
ETHA,20.8,2026-09-25,4,Call,21.00,-1.20%,0.42,0.42,0.43,19214,13959,1.38,54.45%,58.25%,0.456955,"14:57 ET"
QQQ,741.45,2026-10-23,32,Put,720.00,-2.74%,7.63,7.71,7.7,705,510,1.38,18.13%,19.49%,-0.281446,"14:59 ET"
IBIT,48.74,2026-10-30,39,Put,45.00,-7.54%,0.94,0.99,0.95,1045,758,1.38,39.92%,39.64%,-0.238646,"13:47 ET"
GLD,398.61,2027-01-15,116,Call,455.00,-14.11%,5.95,6.2,6.15,2323,1698,1.37,21.06%,24.36%,0.208705,"11:38 ET"
SPY,774.45,2026-10-16,25,Put,768.00,-0.74%,6.49,6.53,6.52,4810,3515,1.37,12.60%,12.21%,-0.375325,"14:59 ET"
SPY,774.45,2026-10-02,11,Call,780.00,-0.81%,3.72,3.71,3.75,4937,3615,1.37,12.60%,11.02%,0.370031,"14:59 ET"
SPY,774.45,2026-10-16,25,Put,723.00,-6.56%,1.3,1.3,1.32,7725,5637,1.37,12.60%,18.95%,-0.074747,"14:53 ET"
TQQQ,78.96,2026-10-23,32,Call,81.00,-3.05%,3.75,3.75,3.95,569,418,1.36,53.40%,50.17%,0.466833,"14:34 ET"
SPY,774.45,2026-10-23,32,Put,755.00,-2.42%,4.82,4.83,4.84,777,571,1.36,12.60%,14.02%,-0.248367,"14:51 ET"
SPY,774.45,2026-09-25,4,Call,793.00,-2.49%,0.13,0.14,0.14,1775,1302,1.36,12.60%,12.33%,0.034356,"14:48 ET"
SOXS,35.56,2026-09-25,4,Call,39.50,-10.21%,0.24,0.34,0.4,549,406,1.35,115.05%,100.59%,0.168376,"14:21 ET"
NVDL,36.83,2026-09-25,4,Call,40.00,-9.56%,0.11,0.14,0.14,716,530,1.35,65.86%,65.92%,0.1062,"14:54 ET"
HYG,78.69,2027-09-17,361,Put,70.00,-11.03%,0.32,2.5,2.06,954,706,1.35,4.32%,15.58%,-0.170956,"11:07 ET"
SPY,774.45,2026-09-28,7,Put,741.00,-4.23%,0.24,0.24,0.25,1327,985,1.35,12.60%,17.55%,-0.032884,"14:50 ET"
IWM,286.32,2026-09-23,2,Put,284.00,-0.73%,0.49,0.51,0.5,1938,1436,1.35,17.34%,16.22%,-0.242385,"14:57 ET"
GDX,94.56,2026-10-16,25,Call,106.00,-12.07%,0.92,0.97,1,2574,1904,1.35,41.42%,43.33%,0.175086,"14:50 ET"
IBIT,48.74,2026-10-02,11,Call,48.50,+0.35%,1.54,1.54,1.56,2899,2145,1.35,39.92%,41.24%,0.550042,"14:57 ET"
IWM,286.32,2026-09-21,0,Call,284.00,+0.73%,2.31,2.42,2.45,3632,2707,1.34,17.34%,9.34%,0.955747,"14:58 ET"
QQQ,741.45,2026-09-24,3,Put,721.00,-2.61%,0.54,0.56,0.55,605,453,1.34,18.13%,22.21%,-0.079895,"14:53 ET"
QQQ,741.45,2026-10-23,32,Call,750.00,-1.31%,12.56,12.53,12.68,694,516,1.34,18.13%,17.77%,0.445021,"14:55 ET"
TMF,30.14,2026-10-02,11,Call,31.00,-3.02%,0.24,0.26,0.3,956,711,1.34,32.66%,28.99%,0.291143,"13:37 ET"
SPCH,10.39,2026-09-25,4,Call,11.50,-11.87%,0.1,0.15,0.2,710,532,1.33,100.02%,119.26%,0.215973,"14:11 ET"
METU,32.71,2026-09-25,4,Call,25.00,+24.08%,7.5,7.9,8.2,714,535,1.33,92.35%,136.36%,0.975887,"14:58 ET"
GDX,94.56,2026-09-25,4,Call,95.00,-0.44%,1.58,1.65,1.69,865,649,1.33,41.42%,46.94%,0.470214,"14:50 ET"
HYG,78.69,2027-09-17,361,Put,75.00,-4.68%,0.69,3.05,2.93,954,719,1.33,4.32%,12.62%,-0.282286,"11:07 ET"
VGT,125.48,2026-10-16,25,Call,130.00,-3.83%,0.9,1.05,1.1,1487,1117,1.33,22.10%,19.74%,0.26163,"14:53 ET"
GDX,94.56,2026-10-16,25,Call,103.00,-8.90%,1.36,1.39,1.5,1586,1193,1.33,41.42%,42.48%,0.242961,"14:38 ET"
HYG,78.69,2027-03-19,179,Put,76.00,-3.41%,0.69,1.11,1.11,3144,2370,1.33,4.32%,10.08%,-0.261612,"11:05 ET"
IBIT,48.74,2026-09-21,0,Call,48.00,+1.38%,0.74,0.67,0.78,3415,2569,1.33,39.92%,16.50%,0.96773,"14:39 ET"
SPY,774.45,2026-09-25,4,Call,764.00,+1.26%,11.44,11.68,11.82,3976,2990,1.33,12.60%,14.23%,0.822647,"14:52 ET"
SOXL,141.43,2026-10-23,32,Put,80.00,-43.10%,1.42,1.44,1.52,4049,3056,1.32,113.93%,136.20%,-0.052032,"14:56 ET"
SOXL,141.43,2026-10-16,25,Call,135.00,+3.98%,19.85,19.6,19.95,516,391,1.32,113.93%,112.61%,0.624945,"14:54 ET"
SMH,595.98,2026-09-25,4,Call,605.00,-1.77%,4.15,4.4,4.45,870,658,1.32,34.36%,31.75%,0.334425,"14:56 ET"
QQQ,741.45,2026-09-23,2,Put,711.00,-3.96%,0.1,0.12,0.11,550,421,1.31,18.13%,27.46%,-0.018958,"14:53 ET"
QQQ,741.45,2026-10-23,32,Call,765.00,-3.34%,6.79,6.79,6.86,734,560,1.31,18.13%,17.10%,0.295668,"14:53 ET"
SPY,774.45,2026-10-09,18,Put,765.00,-1.13%,4.15,4.15,4.18,901,686,1.31,12.60%,12.17%,-0.307779,"14:52 ET"
SOXL,141.43,2026-10-02,11,Put,92.00,-34.57%,0.44,0.55,0.57,1068,813,1.31,113.93%,145.28%,-0.032829,"13:52 ET"
SPY,774.45,2027-09-17,361,Put,700.00,-9.53%,22.16,22.18,22.23,4519,3441,1.31,12.60%,19.82%,-0.230831,"14:56 ET"
SPMO,152.35,2029-01-19,851,Call,150.00,+1.39%,32,32.3,32.3,516,397,1.3,23.23%,26.53%,0.68497,"15:04 ET"
QQQ,741.45,2026-09-30,9,Put,719.00,-2.88%,1.8,1.85,1.83,596,460,1.3,18.13%,19.65%,-0.150982,"14:40 ET"
USO,148.83,2028-03-17,543,Put,130.00,-12.37%,16.95,18.01,19,605,466,1.3,47.49%,44.13%,-0.275853,"14:53 ET"
QQQ,741.45,2026-10-23,32,Call,755.00,-1.99%,10.34,10.3,10.45,1055,812,1.3,18.13%,17.50%,0.39379,"14:59 ET"
QQQ,741.45,2026-10-16,25,Call,741.00,-0.10%,14.92,14.89,15.02,1144,878,1.3,18.13%,18.03%,0.532374,"14:56 ET"
QQQ,741.45,2026-09-23,2,Call,729.00,+1.53%,12.87,13.16,13.51,1171,902,1.3,18.13%,20.11%,0.874922,"14:55 ET"
QQQ,741.45,2026-10-16,25,Put,686.00,-7.33%,2.14,2.16,2.16,1347,1040,1.3,18.13%,23.92%,-0.09615,"14:58 ET"
TSLL,10.23,2026-10-02,11,Call,11.50,-13.52%,0.16,0.16,0.19,1243,963,1.29,81.49%,81.59%,0.224199,"15:03 ET"
XLP,82.15,2026-10-16,25,Put,83.00,+1.07%,1.54,1.58,1.58,3060,2374,1.29,14.78%,13.60%,-0.592876,"14:02 ET"
TQQQ,78.96,2026-10-30,39,Put,45.00,-42.75%,0.3,0.3,0.31,3153,2452,1.29,53.40%,98.58%,-0.027822,"15:04 ET"
QQQ,741.45,2026-10-02,11,Call,744.00,-0.50%,8.03,7.96,8.09,3242,2516,1.29,18.13%,17.47%,0.472365,"14:58 ET"
TSLL,10.23,2026-10-02,11,Call,11.00,-8.59%,0.28,0.3,0.3,3982,3079,1.29,81.49%,81.66%,0.328614,"15:00 ET"
IBIT,48.74,2026-10-16,25,Call,56.00,-15.06%,0.33,0.33,0.34,2488,1944,1.28,39.92%,43.43%,0.127239,"14:03 ET"
QQQ,741.45,2026-09-23,2,Call,730.00,+1.39%,11.93,12.33,12.41,2538,1990,1.28,18.13%,18.79%,0.870948,"14:56 ET"
QQQ,741.45,2026-09-23,2,Call,733.00,+0.98%,9.34,9.2,9.74,2797,2192,1.28,18.13%,17.93%,0.80944,"14:47 ET"
TSLL,10.23,2026-09-25,4,Put,10.00,-1.28%,0.29,0.3,0.31,3751,2920,1.28,81.49%,94.78%,-0.394575,"15:03 ET"
TQQQ,78.96,2026-09-25,4,Call,80.00,-1.78%,1.06,1.09,1.09,6239,4866,1.28,53.40%,47.13%,0.399122,"15:03 ET"
QQQ,741.45,2026-10-02,11,Put,685.00,-7.47%,0.66,0.65,0.68,7090,5533,1.28,18.13%,27.58%,-0.045089,"14:37 ET"
KORU,22.67,2026-09-25,4,Put,21.00,-6.58%,0.65,0.7,0.75,827,647,1.28,137.88%,149.41%,-0.290209,"14:48 ET"
DRAM,61.83,2026-10-02,11,Put,60.00,-2.68%,1.7,1.75,1.74,959,751,1.28,58.62%,60.53%,-0.364624,"14:57 ET"
QQQ,741.45,2026-09-28,7,Put,700.00,-5.44%,0.36,0.36,0.38,1800,1403,1.28,18.13%,23.74%,-0.037503,"14:43 ET"
SNXX,17.43,2026-09-25,4,Put,17.00,-1.16%,0.8,0.85,0.85,1926,1508,1.28,146.46%,143.49%,-0.403014,"14:56 ET"
SPY,774.45,2026-09-21,0,Call,756.00,+2.29%,18.31,17.3,18.38,977,768,1.27,12.60%,16.37%,0.997586,"14:17 ET"
SPY,774.45,2026-09-21,0,Call,755.00,+2.42%,19.31,19.51,19.37,1874,1471,1.27,12.60%,27.40%,0.962767,"14:52 ET"
SPY,774.45,2026-09-23,2,Put,757.00,-2.16%,0.14,0.14,0.15,2242,1770,1.27,12.60%,17.21%,-0.036705,"14:49 ET"
SOXL,141.43,2026-10-23,32,Put,85.00,-39.54%,1.81,1.87,1.95,2283,1792,1.27,113.93%,132.23%,-0.065847,"14:53 ET"
KWEB,25.22,2026-10-02,11,Call,26.00,-3.17%,0.26,0.27,0.27,6238,4909,1.27,30.01%,31.85%,0.306051,"14:58 ET"
EWG,42.61,2026-11-20,60,Put,40.00,-6.10%,0.1,0.49,0.7,2520,2000,1.26,18.02%,18.84%,-0.208783,"12:18 ET"
QQQ,741.45,2026-09-25,4,Call,732.00,+1.12%,11.81,11.81,12.08,2933,2320,1.26,18.13%,19.26%,0.744903,"14:52 ET"
QQQ,741.45,2026-09-25,4,Put,710.00,-4.09%,0.38,0.39,0.39,8412,6678,1.26,18.13%,25.09%,-0.047265,"14:59 ET"
QQQ,741.45,2026-09-30,9,Put,650.00,-12.20%,0.15,0.16,0.16,20370,16175,1.26,18.13%,36.90%,-0.010401,"14:58 ET"
SPY,774.45,2026-09-28,7,Call,786.00,-1.59%,0.69,0.63,0.71,697,554,1.26,12.60%,9.49%,0.136547,"14:33 ET"
DBC,32.67,2026-10-16,25,Call,33.00,-1.20%,0.6,0.67,0.8,784,622,1.26,26.23%,27.26%,0.429721,"12:22 ET"
SOXL,141.43,2026-09-21,0,Call,131.00,+6.83%,8.65,10.7,11.5,800,635,1.26,113.93%,78.07%,0.974169,"15:00 ET"
QQQ,741.45,2026-11-20,60,Call,850.00,-14.82%,1.07,1.06,1.11,1244,987,1.26,18.13%,18.95%,0.047462,"14:52 ET"
IBIT,48.74,2026-10-02,11,Call,49.50,-1.71%,1.09,1.1,1.11,1358,1075,1.26,39.92%,41.67%,0.437633,"14:15 ET"
SPY,774.45,2026-09-30,9,Call,796.00,-2.88%,0.27,0.27,0.28,1396,1106,1.26,12.60%,10.49%,0.051614,"14:46 ET"
SNXX,17.43,2026-09-25,4,Call,18.00,-4.65%,0.85,0.9,0.9,2108,1669,1.26,146.46%,153.22%,0.453748,"14:59 ET"
IWM,286.32,2026-09-28,7,Put,285.00,-0.38%,1.56,1.59,1.6,603,482,1.25,17.34%,14.16%,-0.393946,"14:58 ET"
SOXL,141.43,2026-09-28,7,Call,180.00,-28.02%,0,0.45,0.43,625,500,1.25,113.93%,90.37%,0.032345,"14:53 ET"
XLF,55.97,2026-10-23,32,Call,58.50,-4.52%,0.22,0.22,0.25,981,786,1.25,15.56%,14.83%,0.179698,"12:49 ET"
USO,148.83,2026-09-23,2,Put,146.00,-1.58%,1.36,1.4,1.4,1577,1266,1.25,47.49%,58.21%,-0.32268,"15:00 ET"
SPY,774.45,2026-09-21,0,Call,757.00,+2.16%,17.31,17.37,17.38,4246,3398,1.25,12.60%,18.67%,0.990323,"14:57 ET"
QQQ,741.45,2026-10-09,18,Call,775.00,-4.69%,1.66,1.69,1.7,540,434,1.24,18.13%,16.54%,0.125965,"14:55 ET"
QQQ,741.45,2026-10-02,11,Call,737.00,+0.44%,12.08,11.1,12.18,593,477,1.24,18.13%,18.30%,0.59204,"14:10 ET"
SPY,774.45,2026-09-30,9,Put,773.00,-0.09%,4.24,4.26,4.26,994,802,1.24,12.60%,10.47%,-0.443722,"14:52 ET"
QQQ,741.45,2026-10-02,11,Call,745.00,-0.64%,7.53,7.42,7.59,1540,1246,1.24,18.13%,17.37%,0.454451,"14:59 ET"
QQQ,741.45,2026-09-23,2,Put,717.00,-3.15%,0.18,0.19,0.19,2229,1803,1.24,18.13%,24.99%,-0.033986,"15:00 ET"
"Downloaded from Barchart.com as of 09-21-2026 02:36pm CDT"
