Symbol,Price~,"Exp Date",DTE,Type,Strike,Moneyness,Bid,Latest,Ask,Volume,"Open Int",Vol/OI,"Imp Vol",IV,Delta,Time
IBIT,46.02,2026-09-21,2,Put,45.00,-2.22%,0.16,0.18,0.2,24045,177,135.85,37.78%,40.72%,-0.222241,2026-09-18
IBIT,46.02,2026-09-21,2,Call,46.50,-1.04%,0.29,0.31,0.45,22643,333,68,37.78%,42.10%,0.377872,2026-09-18
QQQ,721.45,2026-09-21,2,Put,721.00,-0.06%,2.16,2.19,2.18,7592,135,56.24,17.35%,11.46%,-0.462318,2026-09-18
QQQ,721.45,2026-09-21,2,Put,719.00,-0.34%,1.48,1.51,1.52,29530,563,52.45,17.35%,12.14%,-0.344641,2026-09-18
XLU,41.1,2026-10-30,41,Call,43.00,-4.62%,0,0.25,1,5609,107,52.42,14.79%,22.14%,0.276115,2026-09-18
EFA,104.97,2027-03-19,181,Put,75.00,-28.55%,0,0.33,4.8,59940,1191,50.33,18.49%,47.13%,-0.119748,2026-09-18
IWM,284.1,2026-10-09,20,Put,279.00,-1.80%,2.42,2.47,2.48,18250,375,48.67,17.36%,17.82%,-0.314088,2026-09-18
QQQ,721.45,2026-09-21,2,Put,718.00,-0.48%,1.22,1.26,1.26,40347,829,48.67,17.35%,12.47%,-0.29434,2026-09-18
QQQ,721.45,2026-09-22,3,Put,719.00,-0.34%,2.33,2.37,2.37,5219,121,43.13,17.35%,13.46%,-0.380919,2026-09-18
QQQ,721.45,2026-09-23,4,Call,720.00,+0.20%,5.28,5.45,5.45,76364,1856,41.14,17.35%,14.82%,0.563713,2026-09-18
QQQ,721.45,2026-09-22,3,Put,718.00,-0.48%,2.02,2.1,2.07,4904,126,38.92,17.35%,13.71%,-0.34079,2026-09-18
ETHA,19.92,2026-11-20,62,Call,30.00,-50.60%,0.19,0.2,0.23,5452,141,38.67,51.82%,66.67%,0.09177,2026-09-18
QQQ,721.45,2026-09-21,2,Put,717.00,-0.62%,1.01,1.03,1.02,49870,1302,38.3,17.35%,12.75%,-0.249179,2026-09-18
ETHA,19.92,2026-12-18,90,Put,20.00,+0.40%,2.05,2.06,2.11,25064,715,35.05,51.82%,54.00%,-0.442637,2026-09-18
SPY,761.69,2026-09-21,2,Put,759.00,-0.35%,0.71,0.71,0.72,68301,2157,31.66,12.75%,7.89%,-0.264134,2026-09-18
QQQ,721.45,2026-09-21,2,Put,722.00,+0.08%,2.56,2.6,2.62,4954,163,30.39,17.35%,11.09%,-0.528896,2026-09-18
SPY,761.69,2026-09-21,2,Put,757.00,-0.62%,0.45,0.46,0.46,38825,1297,29.93,12.75%,8.93%,-0.169003,2026-09-18
IWM,284.1,2026-10-09,20,Put,265.00,-6.72%,0.62,0.65,0.65,5568,188,29.62,17.36%,22.88%,-0.088397,2026-09-18
QQQ,721.45,2026-09-21,2,Call,719.00,+0.34%,4.25,4.41,4.34,40953,1427,28.7,17.35%,13.26%,0.644156,2026-09-18
GLD,401.17,2026-09-21,2,Put,395.00,-1.54%,0.25,0.27,0.3,4573,161,28.4,21.72%,17.36%,-0.109918,2026-09-18
IBIT,46.02,2026-09-23,4,Put,46.00,-0.04%,0.7,0.78,0.86,2913,105,27.74,37.78%,41.54%,-0.48441,2026-09-18
HYG,78.53,2027-03-19,181,Put,74.00,-5.77%,0,0.55,1.18,40001,1446,27.66,5.86%,10.89%,-0.176723,2026-09-18
EWZ,37.52,2026-10-09,20,Call,40.50,-7.94%,0.58,0.61,0.85,9505,344,27.63,44.16%,51.38%,0.273793,2026-09-18
IBIT,46.02,2026-09-23,4,Call,49.00,-6.48%,0.09,0.13,0.13,3778,137,27.58,37.78%,46.55%,0.104699,2026-09-18
IBIT,46.02,2026-09-23,4,Put,44.50,-3.30%,0.22,0.24,0.4,3622,134,27.03,37.78%,46.09%,-0.23344,2026-09-18
SPY,761.69,2026-09-21,2,Put,749.00,-1.67%,0.1,0.11,0.11,12536,479,26.17,12.75%,12.79%,-0.036433,2026-09-18
SPY,761.69,2026-09-23,4,Put,756.00,-0.75%,1.21,1.23,1.22,9983,382,26.13,12.75%,10.65%,-0.241457,2026-09-18
SPY,761.69,2026-09-21,2,Call,762.00,-0.04%,2.36,2.38,2.38,62520,2399,26.06,12.75%,10.97%,0.488915,2026-09-18
IBIT,46.02,2026-09-23,4,Call,48.00,-4.30%,0.21,0.21,0.23,21683,844,25.69,37.78%,44.38%,0.190795,2026-09-18
QQQ,721.45,2026-09-21,2,Call,717.00,+0.62%,5.5,5.9,5.86,45712,1838,24.87,17.35%,13.28%,0.743014,2026-09-18
SPY,761.69,2026-09-21,2,Call,761.00,+0.09%,3.04,3.04,3.06,56689,2374,23.88,12.75%,11.69%,0.550201,2026-09-18
IWM,284.1,2026-09-24,5,Call,290.00,-2.08%,0.19,0.21,0.21,6718,284,23.65,17.36%,13.22%,0.097205,2026-09-18
QQQ,721.45,2026-09-24,5,Call,732.00,-1.46%,1.05,1.12,1.09,4850,207,23.43,17.35%,13.04%,0.180279,2026-09-18
SPY,761.69,2026-09-21,2,Put,761.00,-0.09%,1.14,1.14,1.15,49646,2131,23.3,12.75%,6.70%,-0.417093,2026-09-18
QQQ,721.45,2026-09-21,2,Call,721.00,+0.06%,2.95,2.96,3,32710,1418,23.07,17.35%,12.57%,0.536212,2026-09-18
XLV,168.39,2026-09-25,6,Call,168.00,+0.23%,0.83,1.34,1.81,8626,376,22.94,17.53%,12.36%,0.574631,2026-09-18
IWM,284.1,2026-09-21,2,Call,284.00,+0.04%,1.09,1.09,1.13,11050,484,22.83,17.36%,12.38%,0.523257,2026-09-18
GLD,401.17,2026-09-21,2,Call,403.00,-0.46%,1.35,1.49,1.49,2198,100,21.98,21.72%,18.40%,0.37721,2026-09-18
SPY,761.69,2026-09-21,2,Call,759.00,+0.35%,4.59,4.69,4.64,39348,1843,21.35,12.75%,13.40%,0.646776,2026-09-18
SPY,761.69,2026-09-21,2,Call,763.00,-0.17%,1.77,1.77,1.79,43495,2046,21.26,12.75%,10.35%,0.420299,2026-09-18
USO,153.82,2026-09-25,6,Call,161.00,-4.67%,1.35,1.42,1.45,4087,202,20.23,47.40%,49.44%,0.248685,2026-09-18
SPY,761.69,2026-09-21,2,Put,760.00,-0.22%,0.89,0.89,0.9,89829,4575,19.63,12.75%,7.29%,-0.330748,2026-09-18
QQQ,721.45,2026-09-22,3,Put,717.00,-0.62%,1.77,1.8,1.82,5696,292,19.51,17.35%,14.03%,-0.304757,2026-09-18
QQQ,721.45,2026-09-22,3,Put,716.00,-0.76%,1.54,1.57,1.59,14735,765,19.26,17.35%,14.31%,-0.271285,2026-09-18
SPY,761.69,2026-09-21,2,Put,756.00,-0.75%,0.37,0.37,0.38,18607,966,19.26,12.75%,9.49%,-0.137749,2026-09-18
VXX,17.76,2026-10-16,27,Call,36.00,-102.70%,0.1,0.12,0.14,3099,169,18.34,55.97%,140.04%,0.048716,2026-09-18
QQQ,721.45,2026-09-21,2,Call,718.00,+0.48%,4.18,4.97,5.59,66560,3744,17.78,17.35%,12.85%,0.701036,2026-09-18
SOXL,123.67,2026-09-21,2,Put,117.00,-5.39%,0.44,0.54,0.86,1790,101,17.72,109.70%,79.34%,-0.164389,2026-09-18
SILJ,30.19,2026-09-25,6,Call,31.00,-2.68%,0.45,0.45,0.51,4656,267,17.44,52.04%,52.13%,0.361734,2026-09-18
QQQ,721.45,2026-09-21,2,Call,720.00,+0.20%,3.57,3.61,3.65,60053,3482,17.25,17.35%,12.92%,0.592442,2026-09-18
GLD,401.17,2026-09-21,2,Call,406.00,-1.20%,0.56,0.63,0.64,2206,128,17.23,21.72%,18.53%,0.197317,2026-09-18
GLD,401.17,2026-09-25,6,Call,418.00,-4.20%,0.46,0.44,0.51,2419,141,17.16,21.72%,23.19%,0.08894,2026-09-18
QQQ,721.45,2026-10-02,13,Call,732.00,-1.46%,4.28,4.28,4.35,4440,260,17.08,17.35%,15.14%,0.325113,2026-09-18
EFA,104.97,2027-06-17,271,Put,102.00,-2.83%,1.83,4.33,6.75,2999,176,17.04,18.49%,15.21%,-0.398362,2026-09-18
SPY,761.69,2026-09-22,3,Put,745.00,-2.19%,0.19,0.19,0.2,12709,747,17.01,12.75%,14.72%,-0.046242,2026-09-18
SPY,761.69,2026-09-21,2,Put,758.00,-0.48%,0.56,0.57,0.57,43427,2558,16.98,12.75%,8.40%,-0.210277,2026-09-18
SPY,761.69,2026-09-21,2,Put,753.00,-1.14%,0.21,0.21,0.22,10625,631,16.84,12.75%,11.02%,-0.076701,2026-09-18
FXI,34.32,2027-06-17,271,Put,24.00,-30.07%,0,0.29,4.8,2300,137,16.79,25.22%,66.20%,-0.171419,2026-09-18
QQQ,721.45,2026-09-23,4,Put,718.00,-0.48%,2.73,2.79,2.79,2765,167,16.56,17.35%,14.49%,-0.365698,2026-09-18
SPY,761.69,2026-09-22,3,Call,759.00,+0.35%,5.28,5.31,5.32,8724,527,16.55,12.75%,13.44%,0.623488,2026-09-18
SPY,761.69,2026-09-22,3,Put,740.00,-2.85%,0.12,0.12,0.13,16242,995,16.32,12.75%,16.84%,-0.02787,2026-09-18
SPY,761.69,2026-09-21,2,Call,760.00,+0.22%,3.78,3.78,3.82,75144,4628,16.24,12.75%,12.49%,0.602895,2026-09-18
XLU,41.1,2026-10-16,27,Put,39.00,-5.11%,0,0.12,0.15,2944,182,16.18,14.79%,14.70%,-0.095608,2026-09-18
QQQ,721.45,2026-09-23,4,Put,696.00,-3.53%,0.27,0.31,0.3,4760,302,15.76,17.35%,20.49%,-0.044521,2026-09-18
QQQ,721.45,2026-09-22,3,Put,712.00,-1.31%,0.9,0.93,0.94,3646,232,15.72,17.35%,15.55%,-0.168628,2026-09-18
QQQ,721.45,2026-09-22,3,Put,714.00,-1.03%,1.19,1.2,1.22,5722,369,15.51,17.35%,14.96%,-0.214876,2026-09-18
QQQ,721.45,2026-09-21,2,Put,716.00,-0.76%,0.84,0.85,0.86,41372,2670,15.5,17.35%,13.17%,-0.212103,2026-09-18
IWM,284.1,2026-09-21,2,Call,285.00,-0.32%,0.6,0.61,0.63,11619,766,15.17,17.36%,11.73%,0.365548,2026-09-18
IBIT,46.02,2026-09-23,4,Call,47.00,-2.13%,0.34,0.4,0.47,10861,718,15.13,37.78%,40.94%,0.322379,2026-09-18
QQQ,721.45,2026-09-22,3,Put,713.00,-1.17%,1.03,1.08,1.07,3734,248,15.06,17.35%,15.24%,-0.190231,2026-09-18
QQQ,721.45,2026-09-21,2,Put,720.00,-0.20%,1.78,1.82,1.82,25858,1719,15.04,17.35%,11.77%,-0.400461,2026-09-18
SPY,761.69,2026-09-21,2,Put,762.00,+0.04%,1.46,1.46,1.47,31729,2113,15.02,12.75%,6.03%,-0.525677,2026-09-18
QQQ,721.45,2026-09-22,3,Call,718.00,+0.48%,5.81,6.08,6.04,5835,389,15,17.35%,14.72%,0.650191,2026-09-18
GLD,401.17,2026-09-25,6,Call,433.00,-7.93%,0.08,0.1,0.14,1929,129,14.95,21.72%,28.65%,0.020498,2026-09-18
SPY,761.69,2026-09-21,2,Call,764.00,-0.30%,1.28,1.28,1.3,24576,1667,14.74,12.75%,9.84%,0.347678,2026-09-18
QQQ,721.45,2026-09-22,3,Call,719.00,+0.34%,5.12,5.18,5.32,6686,455,14.69,17.35%,14.41%,0.613126,2026-09-18
SPY,761.69,2026-09-21,2,Call,766.00,-0.57%,0.58,0.58,0.59,24270,1721,14.1,12.75%,9.00%,0.205623,2026-09-18
USO,153.82,2026-09-25,6,Call,156.00,-1.42%,2.82,2.9,2.93,4282,310,13.81,47.40%,48.34%,0.426033,2026-09-18
GLD,401.17,2026-09-25,6,Put,382.00,-4.78%,0.22,0.19,0.25,2198,164,13.4,21.72%,23.26%,-0.046944,2026-09-18
QQQ,721.45,2026-09-21,2,Call,730.00,-1.19%,0.27,0.29,0.29,34123,2549,13.39,17.35%,11.89%,0.094491,2026-09-18
SPY,761.69,2026-09-21,2,Put,752.00,-1.27%,0.17,0.17,0.18,10476,786,13.33,12.75%,11.42%,-0.062455,2026-09-18
QQQ,721.45,2026-09-21,2,Call,716.00,+0.76%,5.63,6.72,8,20101,1520,13.22,17.35%,15.57%,0.75151,2026-09-18
QQQ,721.45,2026-09-24,5,Call,719.00,+0.34%,6.65,6.23,6.85,1506,114,13.21,17.35%,15.61%,0.586927,2026-09-18
SOXX,533.07,2026-11-20,62,Call,580.00,-8.80%,14.6,15.46,18,1516,118,12.85,36.07%,36.92%,0.330711,2026-09-18
XBI,156.72,2026-10-16,27,Put,154.00,-1.74%,3.5,3.75,3.85,5100,398,12.81,29.62%,30.10%,-0.389502,2026-09-18
FXI,34.32,2027-06-17,271,Put,31.00,-9.67%,0,1.3,4.8,2300,180,12.78,25.22%,36.82%,-0.295431,2026-09-18
QQQ,721.45,2026-09-21,2,Put,712.00,-1.31%,0.38,0.4,0.4,14234,1115,12.77,17.35%,14.46%,-0.105145,2026-09-18
IWM,284.1,2026-09-22,3,Call,288.00,-1.37%,0.17,0.18,0.18,7253,574,12.64,17.36%,12.25%,0.114419,2026-09-18
QQQ,721.45,2026-09-22,3,Call,721.00,+0.06%,3.88,3.94,3.95,7242,578,12.53,17.35%,13.74%,0.530985,2026-09-18
SPY,761.69,2026-09-24,5,Call,771.00,-1.22%,0.73,0.75,0.75,5387,438,12.3,12.75%,10.01%,0.158724,2026-09-18
SPY,761.69,2026-09-23,4,Put,745.00,-2.19%,0.34,0.34,0.35,6377,525,12.15,12.75%,14.43%,-0.067779,2026-09-18
QQQ,721.45,2026-09-23,4,Call,718.00,+0.48%,6.6,6.66,6.82,3112,257,12.11,17.35%,15.38%,0.628487,2026-09-18
XLF,55.86,2026-09-25,6,Call,56.00,-0.25%,0.28,0.31,0.55,4411,374,11.79,15.39%,16.48%,0.464536,2026-09-18
QQQ,721.45,2026-09-21,2,Put,713.00,-1.17%,0.45,0.49,0.48,18318,1559,11.75,17.35%,14.05%,-0.124393,2026-09-18
KORU,20.04,2026-09-25,6,Call,21.00,-4.79%,0.8,0.9,0.9,1279,109,11.73,127.82%,120.98%,0.412806,2026-09-18
IBIT,46.02,2026-09-23,4,Call,47.50,-3.22%,0.23,0.32,0.5,2275,195,11.67,37.78%,46.93%,0.270364,2026-09-18
QQQ,721.45,2026-09-21,2,Call,722.00,-0.08%,2.39,2.39,2.42,25796,2234,11.55,17.35%,12.25%,0.476127,2026-09-18
QQQ,721.45,2026-09-25,6,Put,683.00,-5.33%,0.26,0.28,0.29,3238,283,11.44,17.35%,23.47%,-0.032049,2026-09-18
DIA,515.88,2026-10-16,27,Put,485.00,-5.99%,1.01,1.09,1.18,2292,202,11.35,12.82%,18.01%,-0.091461,2026-09-18
DRAM,59.61,2026-09-21,2,Call,60.00,-0.65%,0.48,0.6,0.65,6294,567,11.1,57.46%,41.87%,0.424936,2026-09-18
VXX,17.76,2026-09-25,6,Call,19.00,-6.98%,0.11,0.11,0.13,6322,570,11.09,55.97%,55.20%,0.181417,2026-09-18
GLD,401.17,2026-10-23,34,Call,420.00,-4.69%,4.6,4.7,4.8,3689,335,11.01,21.72%,22.72%,0.281927,2026-09-18
DIA,515.88,2027-06-17,271,Call,550.00,-6.61%,15,18.95,19.6,1605,146,10.99,12.82%,14.23%,0.407636,2026-09-18
QQQ,721.45,2026-09-25,6,Put,705.00,-2.28%,1.32,1.34,1.36,33631,3066,10.97,17.35%,18.10%,-0.152399,2026-09-18
SPY,761.69,2026-09-22,3,Put,755.00,-0.88%,0.69,0.69,0.71,8686,796,10.91,12.75%,10.71%,-0.17511,2026-09-18
QQQ,721.45,2026-09-22,3,Call,723.00,-0.21%,2.77,2.87,2.83,3497,322,10.86,17.35%,13.16%,0.43975,2026-09-18
GLD,401.17,2026-09-22,3,Put,395.00,-1.54%,0.55,0.65,0.64,1084,100,10.84,21.72%,18.20%,-0.167588,2026-09-18
QQQ,721.45,2026-09-22,3,Put,711.00,-1.45%,0.8,0.82,0.82,3008,279,10.78,17.35%,15.88%,-0.149727,2026-09-18
QQQ,721.45,2026-09-21,2,Call,723.00,-0.21%,1.87,1.92,1.92,17907,1675,10.69,17.35%,11.92%,0.413482,2026-09-18
XLE,64.31,2026-09-21,2,Call,64.00,+0.48%,0,0.31,2.62,1312,124,10.58,27.12%,60.42%,0.552841,2026-09-18
DRAM,59.61,2026-09-23,4,Call,61.00,-2.33%,0.68,0.7,0.93,2479,235,10.55,57.46%,54.93%,0.357159,2026-09-18
IGV,104.35,2026-09-25,6,Call,103.00,+1.29%,2.27,2.66,2.78,2022,192,10.53,30.40%,32.64%,0.635255,2026-09-18
SSPC,8.71,2026-10-16,27,Call,9.00,-3.33%,0.6,0.8,0.85,1134,108,10.5,101.39%,88.96%,0.498669,2026-09-18
QQQ,721.45,2026-09-21,2,Call,725.00,-0.49%,1.1,1.13,1.13,26310,2509,10.49,17.35%,11.50%,0.290633,2026-09-18
VWO,60.01,2026-10-16,27,Call,62.00,-3.32%,0.2,0.25,0.25,1099,105,10.47,13.23%,12.88%,0.195931,2026-09-18
IBIT,46.02,2026-09-23,4,Call,45.50,+1.13%,0.96,1.05,1.21,6758,646,10.46,37.78%,41.19%,0.615771,2026-09-18
IBIT,46.02,2026-09-30,11,Call,46.50,-1.04%,0.73,1,1.16,1254,120,10.45,37.78%,35.82%,0.452958,2026-09-18
IWM,284.1,2026-10-23,34,Call,292.00,-2.78%,2.73,2.75,2.79,1362,134,10.16,17.36%,16.10%,0.314175,2026-09-18
IWM,284.1,2026-09-22,3,Call,286.00,-0.67%,0.57,0.61,0.61,4341,431,10.07,17.36%,12.70%,0.289507,2026-09-18
QQQ,721.45,2026-12-18,90,Put,529.78,-26.57%,1.72,1.86,1.81,4425,445,9.94,17.35%,36.33%,-0.032445,2026-09-18
ARKK,88.23,2026-09-25,6,Call,91.00,-3.14%,0.02,0.65,0.52,3235,326,9.92,33.67%,25.17%,0.177929,2026-09-18
SLV,59.93,2026-09-21,2,Put,59.50,-0.72%,0.29,0.34,0.33,1208,122,9.9,37.70%,28.34%,-0.358728,2026-09-18
SPY,761.69,2026-09-21,2,Put,754.00,-1.01%,0.25,0.25,0.26,10239,1036,9.88,12.75%,10.50%,-0.092211,2026-09-18
SPY,761.69,2026-09-21,2,Call,768.00,-0.83%,0.22,0.23,0.23,18494,1876,9.86,12.75%,8.50%,0.099496,2026-09-18
ETHA,19.92,2026-10-02,13,Call,20.50,-2.91%,0.52,0.56,0.59,1063,108,9.84,51.82%,52.74%,0.410735,2026-09-18
SPY,761.69,2026-09-22,3,Call,760.00,+0.22%,4.52,4.58,4.55,8447,860,9.82,12.75%,12.82%,0.585518,2026-09-18
GLD,401.17,2026-09-25,6,Put,385.00,-4.03%,0.33,0.35,0.37,3858,394,9.79,21.72%,22.13%,-0.06894,2026-09-18
QQQ,721.45,2026-09-22,3,Call,720.00,+0.20%,4.46,4.48,4.64,10301,1055,9.76,17.35%,14.08%,0.573343,2026-09-18
SPY,761.69,2026-10-30,41,Put,745.00,-2.19%,6.8,6.83,6.86,21599,2229,9.69,12.75%,14.22%,-0.293123,2026-09-18
QQQ,721.45,2026-09-21,2,Call,713.00,+1.17%,8.16,9.65,11.43,7055,731,9.65,17.35%,19.73%,0.795634,2026-09-18
IWM,284.1,2026-09-21,2,Put,283.00,-0.39%,0.59,0.61,0.61,10279,1074,9.57,17.36%,12.82%,-0.334969,2026-09-18
IBIT,46.02,2026-09-21,2,Call,42.00,+8.74%,3.85,4,4.4,1209,128,9.45,37.78%,86.55%,0.92813,2026-09-18
SLV,59.93,2026-09-21,2,Call,60.50,-0.95%,0.3,0.32,0.32,3312,352,9.41,37.70%,30.60%,0.345372,2026-09-18
SPY,761.69,2026-09-21,2,Call,769.00,-0.96%,0.13,0.14,0.14,11797,1257,9.39,12.75%,8.39%,0.065424,2026-09-18
SLV,59.93,2026-09-21,2,Put,60.00,+0.12%,0.49,0.52,0.54,1593,170,9.37,37.70%,27.37%,-0.515831,2026-09-18
IWM,284.1,2026-10-02,13,Put,273.00,-3.91%,0.79,0.8,0.82,4036,433,9.32,17.36%,20.44%,-0.141424,2026-09-18
SMH,573,2026-09-28,9,Put,540.00,-5.76%,0.77,1.96,3.25,1602,173,9.26,32.33%,34.42%,-0.127212,2026-09-18
IWM,284.1,2026-09-25,6,Call,283.00,+0.39%,3,3.07,3.09,1206,131,9.21,17.36%,16.46%,0.584827,2026-09-18
SPY,761.69,2026-09-23,4,Put,758.00,-0.48%,1.58,1.58,1.59,7799,848,9.2,12.75%,9.95%,-0.309993,2026-09-18
SPY,761.69,2026-09-23,4,Put,760.00,-0.22%,2.07,2.08,2.08,7802,848,9.2,12.75%,9.20%,-0.397181,2026-09-18
QQQ,721.45,2026-09-22,3,Call,717.00,+0.62%,4.99,6.67,7.21,3938,429,9.18,17.35%,12.57%,0.71644,2026-09-18
SPY,761.69,2026-09-21,2,Call,758.00,+0.48%,5.44,5.59,5.5,12529,1378,9.09,12.75%,14.34%,0.683232,2026-09-18
GLD,401.17,2028-01-21,489,Put,440.00,+9.68%,55.45,56.1,57.5,1501,168,8.93,21.72%,23.35%,-0.564212,2026-09-18
IBIT,46.02,2026-09-21,2,Call,47.00,-2.13%,0.19,0.23,0.24,23099,2625,8.8,37.78%,41.84%,0.255096,2026-09-18
SPY,761.69,2026-09-21,2,Put,767.00,+0.70%,4.43,4.42,4.49,2602,298,8.73,12.75%,0.00%,0,2026-09-18
IBIT,46.02,2026-09-21,2,Call,48.00,-4.30%,0.07,0.1,0.22,4114,471,8.73,37.78%,54.32%,0.153204,2026-09-18
SPY,761.69,2026-09-25,6,Call,764.00,-0.30%,3.83,3.97,3.89,9504,1089,8.73,12.75%,12.26%,0.43777,2026-09-18
ETHA,19.92,2026-12-18,90,Put,16.00,-19.68%,0.57,0.58,0.62,20119,2327,8.65,51.82%,56.95%,-0.17215,2026-09-18
GLD,401.17,2026-09-21,2,Call,400.00,+0.29%,2.86,2.54,3,3387,396,8.55,21.72%,19.02%,0.590409,2026-09-18
SLV,59.93,2026-10-23,34,Put,57.50,-4.05%,1.52,1.5,1.57,2794,327,8.54,37.70%,37.10%,-0.327204,2026-09-18
SPY,761.69,2026-09-23,4,Call,768.00,-0.83%,1.04,1.07,1.06,2791,329,8.48,12.75%,10.07%,0.226916,2026-09-18
XLP,82.8,2026-09-25,6,Call,83.50,-0.85%,0,0.24,0.35,1605,190,8.45,15.95%,10.05%,0.269974,2026-09-18
SPY,761.69,2026-09-23,4,Call,763.00,-0.17%,3.18,3.21,3.2,3061,365,8.39,12.75%,11.64%,0.455976,2026-09-18
IBIT,46.02,2026-09-21,2,Call,47.50,-3.22%,0.12,0.15,0.19,4337,518,8.37,37.78%,46.22%,0.183429,2026-09-18
SPY,761.69,2026-10-23,34,Put,756.00,-0.75%,8,8.03,8.09,1804,216,8.35,12.75%,12.32%,-0.392734,2026-09-18
SPY,761.69,2026-09-21,2,Put,766.00,+0.57%,3.67,3.64,3.7,1732,208,8.33,12.75%,0.00%,0,2026-09-18
SPY,761.69,2026-09-22,3,Put,759.00,-0.35%,1.31,1.31,1.32,9432,1138,8.29,12.75%,9.02%,-0.322857,2026-09-18
SPY,761.69,2026-09-22,3,Put,758.00,-0.48%,1.12,1.12,1.13,5389,651,8.28,12.75%,9.49%,-0.277215,2026-09-18
IWM,284.1,2026-09-28,9,Call,292.00,-2.78%,0.2,0.2,0.22,6882,835,8.24,17.36%,12.30%,0.08421,2026-09-18
QQQ,721.45,2026-09-22,3,Put,720.00,-0.20%,2.65,2.69,2.7,4009,487,8.23,17.35%,13.14%,-0.423405,2026-09-18
SOXX,533.07,2026-11-20,62,Call,560.00,-5.05%,22,20.63,24.5,1505,183,8.22,36.07%,37.66%,0.420652,2026-09-18
SPY,761.69,2026-09-21,2,Put,751.00,-1.40%,0.15,0.15,0.16,7215,882,8.18,12.75%,12.02%,-0.053881,2026-09-18
TLT,81.25,2026-09-25,6,Call,81.50,-0.31%,0.35,0.38,0.38,37797,4620,8.18,11.46%,11.24%,0.427691,2026-09-18
SQQQ,37.87,2026-10-02,13,Put,37.50,-0.98%,1.43,1.48,1.53,10357,1268,8.17,53.48%,59.22%,-0.439152,2026-09-18
ETHA,19.92,2026-11-20,62,Call,19.00,+4.62%,2.23,2.29,2.36,961,118,8.14,51.82%,54.23%,0.637411,2026-09-18
IBIT,46.02,2026-09-25,6,Call,47.50,-3.22%,0.39,0.4,0.43,18948,2346,8.08,37.78%,40.47%,0.283442,2026-09-18
NVDL,34.87,2026-12-18,90,Call,20.00,+42.64%,13,13.92,16.15,1436,178,8.07,62.70%,36.09%,0.999408,2026-09-18
DRAM,59.61,2026-09-23,4,Call,60.00,-0.65%,0.95,1.2,1.39,5176,644,8.04,57.46%,53.93%,0.467683,2026-09-18
QQQ,721.45,2026-09-21,2,Put,714.00,-1.03%,0.56,0.58,0.59,19190,2395,8.01,17.35%,13.81%,-0.149947,2026-09-18
IWM,284.1,2026-09-21,2,Put,282.50,-0.56%,0.47,0.48,0.48,4251,532,7.99,17.36%,13.22%,-0.276005,2026-09-18
IWM,284.1,2026-09-21,2,Put,282.00,-0.74%,0.37,0.38,0.38,7035,881,7.99,17.36%,13.62%,-0.22555,2026-09-18
SPY,761.69,2026-09-28,9,Call,777.00,-2.01%,0.41,0.35,0.43,1681,211,7.97,12.75%,8.92%,0.086063,2026-09-18
WGMI,49.5,2026-10-16,27,Put,40.00,-19.19%,0.45,1.1,1.6,1201,151,7.95,75.53%,86.82%,-0.151331,2026-09-18
QQQ,721.45,2026-09-23,4,Put,699.00,-3.11%,0.37,0.42,0.39,4698,591,7.95,17.35%,19.66%,-0.059107,2026-09-18
QQQ,721.45,2026-09-21,2,Put,709.00,-1.73%,0.21,0.21,0.23,8775,1105,7.94,17.35%,15.44%,-0.061423,2026-09-18
EWZ,37.52,2026-10-30,41,Call,45.00,-19.94%,0.43,0.55,0.65,2038,257,7.93,44.16%,52.96%,0.1652,2026-09-18
SPY,761.69,2026-09-21,2,Put,770.00,+1.09%,7.14,7.18,7.2,1787,227,7.87,12.75%,0.00%,0,2026-09-18
IWM,284.1,2026-09-25,6,Put,274.00,-3.56%,0.28,0.29,0.3,1947,249,7.82,17.36%,20.80%,-0.082966,2026-09-18
TQQQ,72.64,2026-09-25,6,Put,68.50,-5.70%,0.5,0.52,0.56,2233,287,7.78,50.03%,53.94%,-0.186488,2026-09-18
SPY,761.69,2026-09-23,4,Call,759.00,+0.35%,5.85,6.02,5.89,4147,533,7.78,12.75%,13.40%,0.61038,2026-09-18
TQQQ,72.64,2026-09-21,2,Put,71.00,-2.26%,0.25,0.28,0.28,3724,481,7.74,50.03%,39.94%,-0.213818,2026-09-18
DIA,515.88,2027-06-17,271,Call,540.00,-4.68%,19.35,21.16,23.6,1104,143,7.72,12.82%,14.45%,0.467737,2026-09-18
QQQ,721.45,2026-09-21,2,Call,732.00,-1.46%,0.16,0.17,0.18,6502,844,7.7,17.35%,12.41%,0.059792,2026-09-18
QQQ,721.45,2026-09-22,3,Call,722.00,-0.08%,3.31,3.44,3.37,5550,722,7.69,17.35%,13.47%,0.486267,2026-09-18
GDX,95.48,2026-10-02,13,Call,103.00,-7.88%,0.64,0.86,0.89,1176,153,7.69,42.34%,42.68%,0.188075,2026-09-18
IBIT,46.02,2026-09-23,4,Call,48.50,-5.39%,0.01,0.18,0.17,1788,235,7.61,37.78%,38.72%,0.102971,2026-09-18
EEM,67.03,2026-10-02,13,Put,62.00,-7.50%,0.09,0.11,0.12,1533,203,7.55,22.84%,28.16%,-0.065945,2026-09-18
ARKK,88.23,2026-09-25,6,Call,88.50,-0.31%,1.04,1.15,1.56,1022,136,7.51,33.67%,31.12%,0.483373,2026-09-18
SPY,761.69,2026-09-22,3,Call,762.00,-0.04%,3.15,3.15,3.17,8443,1127,7.49,12.75%,11.72%,0.495191,2026-09-18
IWM,284.1,2026-10-23,34,Call,295.00,-3.84%,1.82,1.82,1.87,2363,316,7.48,17.36%,15.62%,0.237398,2026-09-18
IBIT,46.02,2026-09-21,2,Put,44.50,-3.30%,0.07,0.11,0.12,2275,310,7.34,37.78%,41.43%,-0.132098,2026-09-18
SLV,59.93,2026-10-23,34,Put,51.00,-14.90%,0.26,0.26,0.29,2195,299,7.34,37.70%,39.94%,-0.079197,2026-09-18
SPY,761.69,2026-09-21,2,Call,767.00,-0.70%,0.36,0.36,0.38,15203,2082,7.3,12.75%,8.71%,0.146617,2026-09-18
SPY,761.69,2026-09-21,2,Call,756.00,+0.75%,7.24,7.31,7.31,2771,380,7.29,12.75%,16.36%,0.738046,2026-09-18
SOXL,123.67,2026-09-21,2,Call,122.00,+1.35%,2.82,3.15,4.5,836,115,7.27,109.70%,75.27%,0.608526,2026-09-18
GLD,401.17,2026-10-09,20,Put,375.00,-6.52%,0.88,0.95,0.98,1282,177,7.24,21.72%,22.71%,-0.091766,2026-09-18
QQQ,721.45,2026-09-23,4,Call,719.00,+0.34%,5.92,6.05,6.12,1883,263,7.16,17.35%,15.09%,0.597053,2026-09-18
SPY,761.69,2026-09-22,3,Call,763.00,-0.17%,2.55,2.55,2.57,7369,1030,7.15,12.75%,11.23%,0.44361,2026-09-18
IBIT,46.02,2026-10-09,20,Put,45.50,-1.13%,1.32,1.3,1.37,737,104,7.09,37.78%,38.13%,-0.42472,2026-09-18
SPY,761.69,2026-09-23,4,Put,759.00,-0.35%,1.81,1.8,1.82,8002,1135,7.05,12.75%,9.59%,-0.351095,2026-09-18
SPY,761.69,2026-10-01,12,Put,755.00,-0.88%,3.24,3.35,3.31,1258,179,7.03,12.75%,11.41%,-0.318055,2026-09-18
QQQ,721.45,2026-09-24,5,Call,721.00,+0.06%,5.44,5.59,5.52,1206,172,7.01,17.35%,15.10%,0.527624,2026-09-18
SPY,761.69,2026-09-22,3,Put,761.00,-0.09%,1.83,1.83,1.85,5886,853,6.9,12.75%,8.12%,-0.440083,2026-09-18
IWM,284.1,2026-09-23,4,Call,283.00,+0.39%,2.43,2.46,2.51,762,111,6.86,17.36%,15.37%,0.605094,2026-09-18
SLV,59.93,2026-10-09,20,Put,60.00,+0.12%,1.97,1.98,2.03,815,119,6.85,37.70%,36.06%,-0.48164,2026-09-18
QQQ,721.45,2026-09-22,3,Call,729.00,-1.05%,0.78,0.8,0.8,2400,352,6.82,17.35%,12.25%,0.182061,2026-09-18
ETHA,19.92,2026-11-20,62,Call,22.00,-10.44%,1.08,1.07,1.13,1201,178,6.75,51.82%,56.12%,0.38721,2026-09-18
QQQ,721.45,2026-09-22,3,Put,721.00,-0.06%,3.02,3.06,3.08,721,107,6.74,17.35%,12.85%,-0.469059,2026-09-18
SPY,761.69,2026-09-25,6,Call,751.00,+1.40%,12.9,12.51,14.53,1940,289,6.71,12.75%,17.68%,0.743592,2026-09-18
SLV,59.93,2026-10-02,13,Call,60.00,-0.12%,1.63,1.65,1.7,5848,873,6.7,37.70%,36.83%,0.514581,2026-09-18
SPY,761.69,2026-09-24,5,Put,763.00,+0.17%,3.64,3.62,3.68,1361,204,6.67,12.75%,8.70%,-0.554886,2026-09-18
DRAM,59.61,2026-09-25,6,Call,62.50,-4.85%,0.58,0.65,0.8,1408,211,6.67,57.46%,56.47%,0.270754,2026-09-18
QQQ,721.45,2026-09-23,4,Call,736.00,-2.02%,0.28,0.31,0.31,1092,164,6.66,17.35%,12.65%,0.070137,2026-09-18
IBIT,46.02,2026-09-30,11,Call,46.00,+0.04%,1.15,1.22,1.38,1213,182,6.66,37.78%,38.62%,0.522458,2026-09-18
QQQ,721.45,2026-09-22,3,Call,724.00,-0.35%,2.31,2.37,2.35,3131,471,6.65,17.35%,12.93%,0.392635,2026-09-18
QQQ,721.45,2026-09-21,2,Call,728.00,-0.91%,0.46,0.49,0.48,7140,1080,6.61,17.35%,11.46%,0.149058,2026-09-18
QQQ,721.45,2026-09-21,2,Put,711.00,-1.45%,0.31,0.33,0.33,11339,1723,6.58,17.35%,14.76%,-0.087619,2026-09-18
TQQQ,72.64,2026-10-02,13,Call,78.00,-7.38%,0.53,0.54,0.6,7184,1105,6.5,50.03%,40.58%,0.190918,2026-09-18
AAOX,10.45,2026-10-16,27,Call,15.00,-43.54%,0.7,0.75,1,850,131,6.49,167.07%,183.67%,0.319707,2026-09-18
QQQ,721.45,2026-09-21,2,Call,729.00,-1.05%,0.33,0.34,0.34,6688,1032,6.48,17.35%,11.40%,0.113524,2026-09-18
KRE,72.75,2027-01-15,118,Call,74.00,-1.72%,1.94,3.09,4.55,5000,776,6.44,25.50%,21.00%,0.50213,2026-09-18
SOXL,123.67,2026-09-21,2,Put,116.00,-6.20%,0.1,0.61,0.74,654,102,6.41,109.70%,75.69%,-0.120178,2026-09-18
IWM,284.1,2026-09-23,4,Call,286.00,-0.67%,0.85,0.85,0.88,1301,203,6.41,17.36%,13.56%,0.329008,2026-09-18
VXX,17.76,2026-09-25,6,Call,20.50,-15.43%,0.04,0.1,0.1,1306,204,6.4,55.97%,79.23%,0.087585,2026-09-18
VWOB,64.91,2026-11-20,62,Put,64.00,-1.40%,0,0.83,1.15,628,100,6.28,19.75%,10.31%,-0.320926,2026-09-18
QQQ,721.45,2026-09-22,3,Put,710.00,-1.59%,0.69,0.74,0.72,4009,641,6.25,17.35%,16.15%,-0.132012,2026-09-18
EFA,104.97,2026-11-20,62,Call,107.00,-1.93%,0.05,1.87,4.95,934,150,6.23,18.49%,20.27%,0.413541,2026-09-18
QQQ,721.45,2026-09-21,2,Call,731.00,-1.32%,0.21,0.23,0.23,4996,804,6.21,17.35%,12.18%,0.075664,2026-09-18
GLD,401.17,2026-10-30,41,Call,420.00,-4.69%,5.8,5.84,6.1,681,110,6.19,21.72%,23.20%,0.309452,2026-09-18
SPY,761.69,2026-09-22,3,Put,762.00,+0.04%,2.17,2.18,2.19,4017,651,6.17,12.75%,7.61%,-0.512557,2026-09-18
SLV,59.93,2026-09-23,4,Call,62.50,-4.29%,0.16,0.17,0.19,636,103,6.17,37.70%,37.26%,0.147583,2026-09-18
USO,153.82,2026-09-25,6,Put,152.50,-0.86%,3.1,3.4,3.35,870,141,6.17,47.40%,49.62%,-0.430542,2026-09-18
SLV,59.93,2026-09-25,6,Put,61.00,+1.79%,1.63,1.73,1.7,1531,249,6.15,37.70%,34.47%,-0.644215,2026-09-18
BNO,60.57,2026-09-25,6,Put,57.00,-5.89%,0.35,0.4,0.5,663,108,6.14,50.72%,54.28%,-0.179949,2026-09-18
USO,153.82,2026-09-25,6,Call,159.00,-3.37%,1.85,1.85,1.93,1241,202,6.14,47.40%,49.01%,0.313404,2026-09-18
QQQ,721.45,2026-09-21,2,Call,726.00,-0.63%,0.82,0.85,0.84,11332,1849,6.13,17.35%,11.35%,0.23491,2026-09-18
DRAM,59.61,2026-09-23,4,Call,59.00,+1.02%,1.36,1.55,1.89,1450,237,6.12,57.46%,51.90%,0.588213,2026-09-18
SPY,761.69,2026-09-22,3,Call,761.00,+0.09%,3.81,3.79,3.83,7258,1188,6.11,12.75%,12.25%,0.542674,2026-09-18
XLF,55.86,2026-10-09,20,Put,55.50,-0.64%,0.35,0.59,0.67,744,122,6.1,15.39%,13.52%,-0.399554,2026-09-18
XLE,64.31,2026-09-30,11,Call,40.00,+37.80%,22.2,24.7,26.35,620,103,6.02,27.12%,174.11%,0.957232,2026-09-18
SPY,761.69,2026-09-25,6,Call,741.00,+2.72%,21.19,21.7,23.89,1186,197,6.02,12.75%,20.82%,0.855701,2026-09-18
QQQ,721.45,2026-09-21,2,Call,712.00,+1.31%,8.86,8.92,12.41,6103,1021,5.98,17.35%,19.99%,0.818793,2026-09-18
EWY,181.31,2026-09-25,6,Put,174.00,-4.03%,1.28,1.63,1.83,631,106,5.95,45.34%,46.76%,-0.236676,2026-09-18
SPY,761.69,2026-09-23,4,Put,757.00,-0.62%,1.38,1.39,1.39,3505,590,5.94,12.75%,10.30%,-0.273453,2026-09-18
QQQ,721.45,2026-09-25,6,Call,726.00,-0.63%,3.52,3.62,3.57,3277,556,5.89,17.35%,14.52%,0.382137,2026-09-18
QQQ,721.45,2026-09-24,5,Call,718.00,+0.48%,7.31,7.61,7.53,848,144,5.89,17.35%,15.85%,0.614746,2026-09-18
IWM,284.1,2026-10-02,13,Put,278.00,-2.15%,1.48,1.53,1.53,7356,1252,5.88,17.36%,18.33%,-0.251991,2026-09-18
SOXL,123.67,2026-10-09,20,Call,90.00,+27.23%,33,29.95,37.3,739,126,5.87,109.70%,108.04%,0.917895,2026-09-18
QQQ,721.45,2026-09-23,4,Put,719.00,-0.34%,3.07,3.05,3.11,1074,183,5.87,17.35%,14.29%,-0.399524,2026-09-18
QQQ,721.45,2026-09-22,3,Put,715.00,-0.89%,1.35,1.4,1.39,6907,1181,5.85,17.35%,14.62%,-0.24137,2026-09-18
QQQ,721.45,2026-09-23,4,Call,717.00,+0.62%,7.3,7.58,7.55,2912,499,5.84,17.35%,15.66%,0.658133,2026-09-18
BITO,10.92,2026-09-25,6,Call,11.00,-0.73%,0.18,0.18,0.2,4043,694,5.83,38.58%,40.12%,0.458345,2026-09-18
IWM,284.1,2026-09-21,2,Put,281.00,-1.09%,0.22,0.23,0.24,7694,1322,5.82,17.36%,14.36%,-0.147032,2026-09-18
XLE,64.31,2026-09-25,6,Call,61.00,+5.15%,1.15,3.35,4.5,880,152,5.79,27.12%,21.96%,0.971247,2026-09-18
QQQ,721.45,2026-09-25,6,Call,722.00,-0.08%,5.57,5.7,5.65,6332,1096,5.78,17.35%,15.42%,0.499335,2026-09-18
DRAM,59.61,2026-09-23,4,Put,55.00,-7.73%,0.09,0.12,0.16,1084,188,5.77,57.46%,55.57%,-0.078029,2026-09-18
QQQ,721.45,2026-09-25,6,Put,719.00,-0.34%,4.24,4.24,4.3,2057,359,5.73,17.35%,15.08%,-0.417635,2026-09-18
IEF,90.8,2027-01-15,118,Call,91.00,-0.22%,1.28,1.27,1.34,10000,1747,5.72,6.30%,4.94%,0.589161,2026-09-18
IBIT,46.02,2026-09-28,9,Call,46.00,+0.04%,1.01,1.14,1.24,620,109,5.69,37.78%,37.99%,0.520783,2026-09-18
FXI,34.32,2027-06-17,271,Put,26.00,-24.24%,0,0.43,4.8,3450,608,5.67,25.22%,57.30%,-0.197638,2026-09-18
QQQ,721.45,2026-09-22,3,Call,730.00,-1.19%,0.63,0.63,0.64,9680,1721,5.62,17.35%,12.31%,0.152399,2026-09-18
SILJ,30.19,2026-09-25,6,Put,28.00,-7.25%,0.03,0.15,0.16,9253,1648,5.61,52.04%,48.17%,-0.103997,2026-09-18
BITX,18.7,2026-09-25,6,Call,18.50,+1.07%,0.79,0.8,0.88,766,137,5.59,72.96%,76.22%,0.565535,2026-09-18
IBIT,46.02,2026-09-25,6,Put,45.50,-1.13%,0.69,0.68,0.75,4082,730,5.59,37.78%,41.37%,-0.401233,2026-09-18
GLD,401.17,2026-09-25,6,Call,408.00,-1.70%,1.85,1.82,1.99,1113,200,5.57,21.72%,21.57%,0.282559,2026-09-18
QQQ,721.45,2026-10-02,13,Call,744.00,-3.13%,1.32,1.21,1.36,2462,442,5.57,17.35%,14.23%,0.137848,2026-09-18
SMH,573,2026-10-01,12,Call,570.00,+0.52%,11.65,11.5,14.4,740,133,5.56,32.33%,26.84%,0.562273,2026-09-18
IBIT,46.02,2026-10-02,13,Call,51.00,-10.82%,0.18,0.21,0.21,2091,376,5.56,37.78%,42.78%,0.111946,2026-09-18
GLD,401.17,2026-09-21,2,Call,401.00,+0.04%,2.27,2.37,2.44,915,165,5.55,21.72%,18.81%,0.520612,2026-09-18
IWM,284.1,2026-09-21,2,Call,286.00,-0.67%,0.29,0.29,0.3,5591,1008,5.55,17.36%,11.27%,0.218294,2026-09-18
QQQ,721.45,2026-09-21,2,Put,723.00,+0.21%,3.09,3.1,3.12,2606,470,5.54,17.35%,10.85%,-0.59796,2026-09-18
QQQ,721.45,2026-09-22,3,Call,731.00,-1.32%,0.49,0.53,0.51,5237,950,5.51,17.35%,12.32%,0.125462,2026-09-18
SLV,59.93,2026-10-23,34,Put,58.00,-3.22%,1.71,1.7,1.79,3006,548,5.49,37.70%,37.30%,-0.355962,2026-09-18
SPY,761.69,2026-09-24,5,Call,754.00,+1.01%,10.08,9.15,10.8,548,100,5.48,12.75%,15.75%,0.718916,2026-09-18
GLD,401.17,2026-09-25,6,Call,426.00,-6.19%,0.19,0.17,0.22,2088,382,5.47,21.72%,26.00%,0.038613,2026-09-18
SPY,761.69,2026-09-22,3,Call,765.00,-0.43%,1.56,1.56,1.58,8865,1625,5.46,12.75%,10.40%,0.333003,2026-09-18
ETHA,19.92,2026-11-20,62,Call,25.00,-25.50%,0.5,0.54,0.54,657,121,5.43,51.82%,58.47%,0.21299,2026-09-18
QQQ,721.45,2026-09-21,2,Put,707.00,-2.00%,0.14,0.15,0.15,5336,986,5.41,17.35%,15.97%,-0.041671,2026-09-18
TQQQ,72.64,2026-09-21,2,Call,72.00,+0.88%,1.12,1.16,1.19,11406,2109,5.41,50.03%,36.75%,0.635418,2026-09-18
XLP,82.8,2026-10-02,13,Put,82.50,-0.36%,0.3,0.88,2.96,711,132,5.39,15.95%,29.09%,-0.457079,2026-09-18
SOXS,41.49,2026-10-16,27,Call,44.00,-6.05%,3.3,3.6,4.35,927,173,5.36,111.06%,106.83%,0.480983,2026-09-18
QQQ,721.45,2026-09-21,2,Call,714.00,+1.03%,6.88,6.88,10.44,3215,600,5.36,17.35%,17.47%,0.794801,2026-09-18
SPY,761.69,2026-09-28,9,Call,776.00,-1.88%,0.52,0.5,0.54,1947,364,5.35,12.75%,9.01%,0.103659,2026-09-18
SPY,761.69,2026-09-22,3,Put,757.00,-0.62%,0.95,0.95,0.96,3935,738,5.33,12.75%,9.90%,-0.237316,2026-09-18
IWM,284.1,2026-10-09,20,Call,286.00,-0.67%,3.61,3.65,3.68,1330,250,5.32,17.36%,16.37%,0.452793,2026-09-18
SPY,761.69,2026-09-21,2,Put,750.00,-1.53%,0.12,0.13,0.13,33537,6353,5.28,12.75%,12.36%,-0.043675,2026-09-18
SOXL,123.67,2026-09-21,2,Put,114.00,-7.82%,0.2,0.3,0.4,534,102,5.24,109.70%,82.12%,-0.084896,2026-09-18
UVXY,17.53,2026-09-25,6,Put,16.50,-5.88%,0.08,0.13,0.2,582,111,5.24,83.59%,56.99%,-0.191432,2026-09-18
SPY,761.69,2026-09-22,3,Put,746.00,-2.06%,0.22,0.21,0.23,1598,305,5.24,12.75%,14.42%,-0.053244,2026-09-18
MSTZ,2.82,2026-10-16,27,Call,4.00,-41.84%,0.1,0.13,0.15,4613,881,5.24,174.63%,140.79%,0.236028,2026-09-18
SPY,761.69,2026-09-23,4,Put,755.00,-0.88%,1.06,1.08,1.08,6519,1246,5.23,12.75%,11.01%,-0.213459,2026-09-18
PALL,23.69,2026-10-16,27,Call,27.00,-13.97%,0.15,0.2,0.25,591,113,5.23,39.80%,42.71%,0.148052,2026-09-18
ETHA,19.92,2026-12-18,90,Call,16.00,+19.68%,4.45,4.65,4.85,20046,3850,5.21,51.82%,56.44%,0.830456,2026-09-18
USO,153.82,2026-09-25,6,Put,153.00,-0.53%,3.3,3.41,3.45,802,154,5.21,47.40%,48.56%,-0.450344,2026-09-18
SPY,761.69,2026-09-22,3,Put,744.00,-2.32%,0.17,0.19,0.18,1133,219,5.17,12.75%,15.11%,-0.041155,2026-09-18
SPY,761.69,2026-09-21,2,Put,765.00,+0.43%,2.97,2.98,3,5061,980,5.16,12.75%,0.00%,0,2026-09-18
GLD,401.17,2026-09-22,3,Call,403.00,-0.46%,2.02,1.95,2.18,528,103,5.13,21.72%,19.77%,0.409678,2026-09-18
ARKK,88.23,2026-10-16,27,Put,85.00,-3.66%,1.7,1.82,1.97,5029,980,5.13,33.67%,34.84%,-0.321056,2026-09-18
GLD,401.17,2026-09-21,2,Put,399.00,-0.54%,0.88,1.07,0.96,674,132,5.11,21.72%,15.46%,-0.310372,2026-09-18
SPY,761.69,2026-09-22,3,Put,754.00,-1.01%,0.6,0.62,0.62,2203,432,5.1,12.75%,11.15%,-0.151851,2026-09-18
SPY,761.69,2026-10-23,34,Call,789.00,-3.59%,2.32,1.9,2.36,608,120,5.07,12.75%,11.10%,0.171838,2026-09-18
CBRG,3.43,2026-10-16,27,Call,4.00,-16.62%,0.1,0.3,0.4,4176,829,5.04,119.83%,119.65%,0.381497,2026-09-18
IWM,284.1,2026-09-23,4,Call,285.00,-0.32%,1.28,1.25,1.33,900,179,5.03,17.36%,14.17%,0.425845,2026-09-18
IBIT,46.02,2026-09-30,11,Call,50.00,-8.65%,0.19,0.24,0.23,989,197,5.02,37.78%,40.89%,0.131856,2026-09-18
GDX,95.48,2026-10-02,13,Call,96.00,-0.54%,2.76,2.91,3.05,1515,302,5.02,42.34%,43.03%,0.495867,2026-09-18
QQQ,721.45,2026-09-23,4,Put,711.00,-1.45%,1.29,1.44,1.32,697,139,5.01,17.35%,16.39%,-0.190105,2026-09-18
XHB,96.39,2026-12-18,90,Call,100.00,-3.75%,2.98,3.95,5,1785,357,5,25.08%,27.03%,0.444763,2026-09-18
USO,153.82,2026-09-23,4,Call,160.00,-4.02%,1.14,1.14,1.18,4528,905,5,47.40%,51.48%,0.242993,2026-09-18
DRAM,59.61,2026-10-02,13,Call,57.00,+4.38%,4,4.1,4.5,2925,590,4.96,57.46%,61.70%,0.674501,2026-09-18
XLE,64.31,2026-09-25,6,Call,64.00,+0.48%,0.22,0.85,1,957,194,4.93,27.12%,12.92%,0.62563,2026-09-18
TQQQ,72.64,2026-09-23,4,Put,72.00,-0.88%,1.04,1.04,1.09,894,183,4.89,50.03%,45.45%,-0.41418,2026-09-18
QQQ,721.45,2026-10-01,12,Call,720.00,+0.20%,9.41,9.66,9.66,966,198,4.88,17.35%,16.08%,0.547806,2026-09-18
QQQ,721.45,2026-09-22,3,Put,709.00,-1.73%,0.61,0.66,0.64,1882,386,4.88,17.35%,16.50%,-0.117513,2026-09-18
IBIT,46.02,2026-09-21,2,Call,46.00,+0.04%,0.46,0.48,0.57,12598,2593,4.86,37.78%,36.83%,0.514708,2026-09-18
IWM,284.1,2026-09-22,3,Put,288.00,+1.37%,3.84,4.27,4.1,1555,321,4.84,17.36%,10.82%,-0.922384,2026-09-18
IBIT,46.02,2026-10-23,34,Put,45.00,-2.22%,1.51,1.55,1.58,1206,250,4.82,37.78%,37.47%,-0.390812,2026-09-18
SPY,761.69,2026-09-28,9,Put,734.00,-3.64%,0.47,0.49,0.48,905,188,4.81,12.75%,15.47%,-0.059188,2026-09-18
XLE,64.31,2026-09-30,11,Call,49.50,+23.03%,12.6,15.2,16.85,692,145,4.77,27.12%,106.54%,0.934179,2026-09-18
QQQ,721.45,2026-09-21,2,Call,727.00,-0.77%,0.62,0.64,0.64,7670,1612,4.76,17.35%,11.41%,0.188875,2026-09-18
IWM,284.1,2026-10-23,34,Put,282.00,-0.74%,4.66,5.17,4.74,812,171,4.75,17.36%,17.31%,-0.419139,2026-09-18
TQQQ,72.64,2026-09-23,4,Put,71.00,-2.26%,0.72,0.75,0.76,1317,277,4.75,50.03%,47.36%,-0.311219,2026-09-18
SPY,761.69,2026-09-23,4,Call,771.00,-1.22%,0.43,0.45,0.45,1505,317,4.75,12.75%,9.53%,0.118455,2026-09-18
SPY,761.69,2026-09-24,5,Call,756.00,+0.75%,8.54,8.89,9.16,639,135,4.73,12.75%,15.08%,0.675264,2026-09-18
SPY,761.69,2026-09-21,2,Call,765.00,-0.43%,0.88,0.9,0.9,36214,7650,4.73,12.75%,9.38%,0.274423,2026-09-18
SNXX,17.94,2026-09-25,6,Call,17.50,+2.45%,1.05,1.65,1.65,1536,326,4.71,147.09%,122.67%,0.594967,2026-09-18
SPY,761.69,2026-10-01,12,Put,765.00,+0.43%,6.48,6.5,6.61,549,117,4.69,12.75%,9.16%,-0.587013,2026-09-18
SOXX,533.07,2026-10-16,27,Put,435.00,-18.40%,0.9,1.88,1.9,885,189,4.68,36.07%,47.03%,-0.047229,2026-09-18
ETHA,19.92,2026-09-25,6,Call,21.50,-7.93%,0.13,0.15,0.17,9647,2063,4.68,51.82%,62.04%,0.180765,2026-09-18
YINN,26.32,2026-09-25,6,Put,26.00,-1.22%,0.68,0.78,0.83,732,157,4.66,60.28%,68.20%,-0.424995,2026-09-18
QQQ,721.45,2026-09-21,2,Put,708.00,-1.86%,0.17,0.18,0.19,6433,1387,4.64,17.35%,15.73%,-0.050897,2026-09-18
USO,153.82,2026-09-25,6,Call,157.00,-2.07%,2.43,2.3,2.56,1315,285,4.61,47.40%,48.37%,0.386133,2026-09-18
FXI,34.32,2026-09-25,6,Call,34.50,-0.52%,0.2,0.28,0.72,718,156,4.6,25.22%,30.61%,0.459059,2026-09-18
QQQ,721.45,2026-09-23,4,Call,729.00,-1.05%,1.26,1.3,1.3,1478,325,4.55,17.35%,12.83%,0.229017,2026-09-18
SPY,761.69,2026-09-22,3,Call,770.00,-1.09%,0.3,0.3,0.31,7594,1672,4.54,12.75%,9.18%,0.101589,2026-09-18
QQQ,721.45,2026-09-25,6,Put,716.00,-0.76%,3.32,3.37,3.37,6774,1497,4.53,17.35%,15.74%,-0.341592,2026-09-18
QQQ,721.45,2026-09-22,3,Put,707.00,-2.00%,0.47,0.51,0.5,1310,289,4.53,17.35%,17.13%,-0.092332,2026-09-18
IBIT,46.02,2026-10-09,20,Put,46.00,-0.04%,1.56,1.54,1.63,859,190,4.52,37.78%,38.32%,-0.473467,2026-09-18
IWM,284.1,2026-09-22,3,Call,284.00,+0.04%,1.49,1.52,1.54,952,211,4.51,17.36%,13.96%,0.52025,2026-09-18
IBIT,46.02,2026-10-30,41,Call,45.00,+2.22%,2.86,3,3,1359,302,4.5,37.78%,37.50%,0.608094,2026-09-18
SOXL,123.67,2026-09-21,2,Call,129.00,-4.31%,0.49,0.75,1.11,683,152,4.49,109.70%,71.04%,0.219915,2026-09-18
SPY,761.69,2026-09-21,2,Put,764.00,+0.30%,2.37,2.38,2.39,4940,1101,4.49,12.75%,3.61%,-0.881914,2026-09-18
IBIT,46.02,2026-09-25,6,Call,48.50,-5.39%,0.22,0.25,0.25,7579,1689,4.49,37.78%,42.53%,0.17761,2026-09-18
IBIT,46.02,2026-10-02,13,Call,49.00,-6.48%,0.4,0.45,0.43,1303,291,4.48,37.78%,39.81%,0.21755,2026-09-18
SOXL,123.67,2026-09-25,6,Put,92.00,-25.61%,0.22,0.3,0.38,1916,428,4.48,109.70%,132.81%,-0.033949,2026-09-18
USO,153.82,2026-09-25,6,Call,157.50,-2.39%,2.27,2.33,2.37,685,154,4.45,47.40%,48.39%,0.366726,2026-09-18
UVIX,37.63,2026-09-25,6,Call,45.00,-19.59%,0.32,0.43,0.55,515,116,4.44,110.92%,124.50%,0.149856,2026-09-18
QQQ,721.45,2026-09-28,9,Call,722.00,-0.08%,6.36,6.53,6.46,541,122,4.43,17.35%,14.15%,0.505115,2026-09-18
KWEB,24.83,2026-09-25,6,Call,25.50,-2.70%,0.08,0.2,0.25,3086,696,4.43,29.83%,32.05%,0.269919,2026-09-18
XLE,64.31,2026-09-30,11,Call,50.00,+22.25%,12.15,14.35,16.35,10949,2475,4.42,27.12%,60.21%,0.9927,2026-09-18
IWM,284.1,2026-09-23,4,Put,282.50,-0.56%,1.08,1.1,1.11,1089,247,4.41,17.36%,15.30%,-0.353547,2026-09-18
LQD,104.7,2026-12-18,90,Put,103.00,-1.62%,0.05,1.09,4.95,30000,6796,4.41,14.87%,17.09%,-0.385901,2026-09-18
GLD,401.17,2026-09-25,6,Put,375.00,-6.52%,0.09,0.1,0.1,2170,493,4.4,21.72%,25.86%,-0.019313,2026-09-18
SPY,761.69,2026-09-23,4,Put,761.00,-0.09%,2.37,2.36,2.39,2246,512,4.39,12.75%,8.81%,-0.449026,2026-09-18
SPY,761.69,2026-09-23,4,Call,762.00,-0.04%,3.78,3.81,3.8,6403,1465,4.37,12.75%,12.05%,0.499012,2026-09-18
SOXL,123.67,2026-09-21,2,Put,115.00,-7.01%,0.38,0.5,0.5,990,227,4.36,109.70%,83.98%,-0.114413,2026-09-18
SPY,761.69,2026-09-22,3,Put,751.00,-1.40%,0.4,0.39,0.41,1474,339,4.35,12.75%,12.38%,-0.099692,2026-09-18
QQQ,721.45,2026-09-22,3,Call,734.00,-1.74%,0.23,0.27,0.26,1647,379,4.35,17.35%,12.53%,0.06819,2026-09-18
IBIT,46.02,2026-10-02,13,Call,47.50,-3.22%,0.73,0.79,0.77,3914,900,4.35,37.78%,38.15%,0.349828,2026-09-18
IBIT,46.02,2026-09-23,4,Call,46.00,+0.04%,0.72,0.77,0.89,8483,1956,4.34,37.78%,40.90%,0.516294,2026-09-18
SOXL,123.67,2026-09-25,6,Put,101.00,-18.33%,0.5,0.63,0.78,895,207,4.32,109.70%,115.27%,-0.073826,2026-09-18
QQQ,721.45,2026-09-25,6,Put,692.00,-4.08%,0.48,0.49,0.51,1418,328,4.32,17.35%,21.16%,-0.058397,2026-09-18
SOXL,123.67,2026-10-30,41,Put,85.00,-31.27%,4,4.05,4.25,1466,339,4.32,109.70%,123.97%,-0.131526,2026-09-18
QQQ,721.45,2026-09-23,4,Call,726.00,-0.63%,2.21,2.28,2.26,991,230,4.31,17.35%,13.31%,0.337688,2026-09-18
SLV,59.93,2026-10-09,20,Call,60.50,-0.95%,1.84,1.86,1.92,1805,420,4.3,37.70%,37.35%,0.483316,2026-09-18
SPY,761.69,2026-09-22,3,Put,747.00,-1.93%,0.24,0.25,0.25,1914,445,4.3,12.75%,13.94%,-0.058976,2026-09-18
FXI,34.32,2027-06-17,271,Put,20.00,-41.72%,0.13,0.15,0.16,3815,887,4.3,25.22%,37.84%,-0.029734,2026-09-18
IWM,284.1,2026-09-21,2,Put,284.00,-0.04%,0.93,0.93,0.96,4523,1051,4.3,17.36%,12.06%,-0.477469,2026-09-18
IBIT,46.02,2026-09-23,4,Put,45.00,-2.22%,0.33,0.4,0.47,3021,704,4.29,37.78%,42.92%,-0.298375,2026-09-18
IBIT,46.02,2026-10-09,20,Call,46.50,-1.04%,1.38,1.46,1.44,2405,562,4.28,37.78%,37.00%,0.47865,2026-09-18
IWM,284.1,2026-09-23,4,Call,289.00,-1.72%,0.18,0.18,0.2,973,228,4.27,17.36%,12.76%,0.1052,2026-09-18
XLE,64.31,2026-10-02,13,Put,59.00,-8.26%,0.01,0.1,1,1568,367,4.27,27.12%,48.11%,-0.158101,2026-09-18
QQQ,721.45,2026-09-23,4,Put,693.00,-3.94%,0.2,0.23,0.23,873,205,4.26,17.35%,21.31%,-0.033659,2026-09-18
QQQ,721.45,2026-09-21,2,Put,705.00,-2.28%,0.1,0.1,0.11,5940,1398,4.25,17.35%,16.76%,-0.030131,2026-09-18
GDX,95.48,2026-09-25,6,Call,97.00,-1.59%,1.45,1.5,1.56,14700,3456,4.25,42.34%,43.85%,0.404303,2026-09-18
SOXL,123.67,2026-09-21,2,Call,130.00,-5.12%,0.63,0.6,0.7,1433,337,4.25,109.70%,73.08%,0.186172,2026-09-18
IWM,284.1,2026-10-30,41,Put,270.00,-4.96%,2.39,2.53,2.46,5641,1335,4.23,17.36%,20.73%,-0.210246,2026-09-18
MSOS,4.9,2026-10-02,13,Call,5.00,-2.04%,0.14,0.17,0.21,2304,546,4.22,67.13%,58.73%,0.454129,2026-09-18
QQQ,721.45,2026-09-22,3,Call,716.00,+0.76%,5.77,6.6,9.42,2550,604,4.22,17.35%,16.10%,0.70723,2026-09-18
XLE,64.31,2026-09-30,11,Call,57.50,+10.59%,4.7,6.84,8.85,14385,3410,4.22,27.12%,26.80%,0.992238,2026-09-18
SPY,761.69,2026-09-22,3,Put,756.00,-0.75%,0.81,0.82,0.83,4412,1049,4.21,12.75%,10.33%,-0.204119,2026-09-18
QQQ,721.45,2026-09-23,4,Call,733.00,-1.60%,0.57,0.58,0.59,3120,744,4.19,17.35%,12.71%,0.122871,2026-09-18
SPY,761.69,2026-10-23,34,Put,757.00,-0.62%,8.29,8.28,8.38,502,120,4.18,12.75%,12.18%,-0.405893,2026-09-18
QQQ,721.45,2026-09-24,5,Call,738.00,-2.29%,0.31,0.34,0.33,615,147,4.18,17.35%,12.69%,0.068184,2026-09-18
XLE,64.31,2026-09-30,11,Call,55.00,+14.48%,7.1,9.32,11.3,2550,612,4.17,27.12%,37.42%,0.992372,2026-09-18
QQQ,721.45,2026-09-21,2,Call,724.00,-0.35%,1.45,1.49,1.49,14606,3506,4.17,17.35%,11.70%,0.35098,2026-09-18
IBIT,46.02,2026-09-25,6,Call,47.00,-2.13%,0.5,0.55,0.6,19962,4786,4.17,37.78%,40.00%,0.354334,2026-09-18
SPY,761.69,2026-09-22,3,Call,758.00,+0.48%,6.08,5.87,6.12,2086,502,4.16,12.75%,14.08%,0.656999,2026-09-18
SPY,761.69,2026-09-24,5,Put,760.00,-0.22%,2.56,2.53,2.6,1262,304,4.15,12.75%,9.75%,-0.410411,2026-09-18
SPY,761.69,2026-10-01,12,Put,750.00,-1.53%,2.33,2.41,2.38,1399,337,4.15,12.75%,12.46%,-0.232514,2026-09-18
QQQ,721.45,2026-09-25,6,Put,706.00,-2.14%,1.43,1.5,1.47,1981,477,4.15,17.35%,17.86%,-0.164097,2026-09-18
IBIT,46.02,2026-09-23,4,Call,45.00,+2.22%,1.09,1.35,1.45,7150,1724,4.15,37.78%,32.48%,0.754273,2026-09-18
XLE,64.31,2026-09-25,6,Call,64.50,-0.30%,0,0.63,0.72,580,140,4.14,27.12%,13.33%,0.442577,2026-09-18
GLD,401.17,2026-09-21,2,Put,398.00,-0.79%,0.65,0.79,0.74,690,167,4.13,21.72%,16.02%,-0.245147,2026-09-18
XLE,64.31,2026-09-23,4,Put,64.00,-0.48%,0,0.69,0.9,702,170,4.13,27.12%,22.31%,-0.410258,2026-09-18
XLK,189.6,2026-10-16,27,Call,195.00,-2.85%,1.85,2.05,2.47,2370,574,4.13,22.19%,19.97%,0.328874,2026-09-18
QQQ,721.45,2026-09-28,9,Call,720.00,+0.20%,7.48,7.73,7.74,2689,653,4.12,17.35%,14.51%,0.553628,2026-09-18
QQQ,721.45,2026-09-21,2,Call,715.00,+0.89%,6.17,7.46,8.21,11191,2713,4.12,17.35%,12.87%,0.833101,2026-09-18
IBIT,46.02,2026-10-02,13,Call,48.50,-5.39%,0.48,0.54,0.52,2294,558,4.11,37.78%,39.00%,0.254985,2026-09-18
QQQ,721.45,2026-09-23,4,Put,715.00,-0.89%,2,2.01,2.03,2841,693,4.1,17.35%,15.36%,-0.278908,2026-09-18
QQQ,721.45,2026-09-25,6,Call,718.00,+0.48%,7.98,8.34,8.24,5511,1344,4.1,17.35%,16.30%,0.604623,2026-09-18
SILJ,30.19,2026-09-25,6,Put,29.50,-2.29%,0.28,0.52,0.72,729,178,4.1,52.04%,52.70%,-0.350671,2026-09-18
SOXL,123.67,2026-09-21,2,Call,121.00,+2.16%,3.2,4.25,5.15,720,176,4.09,109.70%,72.26%,0.669517,2026-09-18
QQQ,721.45,2026-10-30,41,Put,719.00,-0.34%,14.85,15.3,15.11,1865,457,4.08,17.35%,17.95%,-0.447439,2026-09-18
DIA,515.88,2026-10-16,27,Call,515.00,+0.17%,8.6,8.57,9,1031,254,4.06,12.82%,13.72%,0.552554,2026-09-18
GLD,401.17,2026-09-21,2,Call,405.00,-0.95%,0.76,0.84,0.85,1258,310,4.06,21.72%,18.38%,0.24916,2026-09-18
SPY,761.69,2026-10-16,27,Put,785.00,+3.06%,21.73,25.84,23.4,1633,403,4.05,12.75%,13.74%,-0.783249,2026-09-18
XLE,64.31,2026-09-30,11,Call,51.00,+20.70%,11.1,13.3,15.35,840,208,4.04,27.12%,48.71%,0.996906,2026-09-18
QQQ,721.45,2026-09-23,4,Call,731.00,-1.32%,0.85,0.95,0.88,1414,350,4.04,17.35%,12.71%,0.169729,2026-09-18
DRAM,59.61,2026-10-02,13,Call,63.50,-6.53%,1.17,1.22,1.48,1061,263,4.03,57.46%,61.25%,0.31583,2026-09-18
SMH,573,2026-09-25,6,Put,555.00,-3.14%,1.99,2.56,3.45,766,191,4.01,32.33%,31.51%,-0.205097,2026-09-18
GLD,401.17,2026-09-25,6,Call,411.00,-2.45%,1.21,1.28,1.3,1474,368,4.01,21.72%,21.77%,0.202676,2026-09-18
QQQ,721.45,2026-09-21,2,Call,711.00,+1.45%,9.86,10.68,13.39,1692,422,4.01,17.35%,21.22%,0.828501,2026-09-18
SPY,761.69,2026-09-23,4,Call,767.00,-0.70%,1.35,1.37,1.37,1965,491,4,12.75%,10.33%,0.271024,2026-09-18
SPY,761.69,2026-09-24,5,Put,727.00,-4.55%,0.15,0.16,0.16,3091,778,3.97,12.75%,20.20%,-0.022852,2026-09-18
IWM,284.1,2026-09-25,6,Put,273.00,-3.91%,0.23,0.23,0.25,3113,784,3.97,17.36%,21.37%,-0.069101,2026-09-18
QQQ,721.45,2026-10-02,13,Call,718.00,+0.48%,11.44,11.54,11.72,3143,792,3.97,17.35%,17.14%,0.579259,2026-09-18
SOXL,123.67,2026-10-02,13,Put,92.00,-25.61%,0.98,1.2,1.29,689,174,3.96,109.70%,121.96%,-0.079927,2026-09-18
SPY,761.69,2026-09-23,4,Call,760.00,+0.22%,5.12,5.19,5.15,11033,2790,3.95,12.75%,12.93%,0.576444,2026-09-18
IWM,284.1,2026-11-20,62,Put,330.00,+16.16%,45.65,45.63,46.09,500,127,3.94,17.36%,21.43%,-0.982208,2026-09-18
UVXY,17.53,2026-09-25,6,Call,20.50,-16.94%,0.04,0.12,0.16,572,145,3.94,83.59%,92.73%,0.105265,2026-09-18
IBIT,46.02,2026-10-30,41,Call,47.00,-2.13%,1.89,1.96,1.93,875,222,3.94,37.78%,36.78%,0.469899,2026-09-18
SPY,761.69,2026-09-23,4,Call,765.00,-0.43%,2.14,2.2,2.17,4764,1216,3.92,12.75%,10.92%,0.364065,2026-09-18
IWM,284.1,2028-01-21,489,Put,280.00,-1.44%,17.5,20.35,22.5,7500,1913,3.92,17.36%,20.47%,-0.386877,2026-09-18
ETHA,19.92,2026-10-02,13,Put,18.50,-7.13%,0.24,0.24,0.26,4933,1261,3.91,51.82%,52.91%,-0.211227,2026-09-18
SPY,761.69,2026-09-25,6,Call,760.00,+0.22%,6.22,6.46,6.56,14111,3613,3.91,12.75%,13.66%,0.563911,2026-09-18
SOXX,533.07,2026-11-20,62,Call,600.00,-12.56%,11,10.5,13,515,132,3.9,36.07%,37.64%,0.259363,2026-09-18
MUU,33.72,2026-09-25,6,Call,36.00,-6.76%,0.7,0.85,0.9,756,194,3.9,118.63%,95.20%,0.31911,2026-09-18
GDX,95.48,2026-10-02,13,Call,104.00,-8.92%,0.49,0.66,0.82,1505,387,3.89,42.34%,43.65%,0.163324,2026-09-18
IBIT,46.02,2026-09-23,4,Call,46.50,-1.04%,0.52,0.58,0.76,4705,1208,3.89,37.78%,44.06%,0.423354,2026-09-18
USO,153.82,2026-10-02,13,Put,148.00,-3.78%,2.85,2.95,2.98,727,188,3.87,47.40%,47.48%,-0.31291,2026-09-18
SPY,761.69,2026-09-29,10,Put,741.00,-2.72%,0.92,0.98,0.95,964,249,3.87,12.75%,13.98%,-0.109083,2026-09-18
QQQ,721.45,2026-09-24,5,Put,716.00,-0.76%,2.83,2.78,2.87,1121,290,3.87,17.35%,15.57%,-0.327778,2026-09-18
IWM,284.1,2026-09-25,6,Call,285.00,-0.32%,1.85,1.88,1.9,3056,790,3.87,17.36%,15.42%,0.448716,2026-09-18
IREX,17.64,2026-10-16,27,Put,13.00,-26.30%,0.85,1.1,1.2,628,163,3.85,176.53%,168.56%,-0.18401,2026-09-18
XLE,64.31,2026-09-30,11,Call,48.00,+25.36%,14.25,16.4,18.35,16800,4361,3.85,27.12%,84.16%,0.980743,2026-09-18
QQQ,721.45,2026-09-25,6,Call,732.00,-1.46%,1.49,1.57,1.53,4127,1074,3.84,17.35%,13.57%,0.213309,2026-09-18
IBIT,46.02,2026-09-25,6,Call,46.50,-1.04%,0.67,0.75,0.73,22385,5828,3.84,37.78%,38.40%,0.430919,2026-09-18
TQQQ,72.64,2026-09-21,2,Put,72.00,-0.88%,0.47,0.49,0.52,2006,522,3.84,50.03%,36.45%,-0.36397,2026-09-18
IBIT,46.02,2026-10-30,41,Put,43.00,-6.56%,1.01,1.06,1.06,825,216,3.82,37.78%,38.44%,-0.268027,2026-09-18
DRAM,59.61,2026-10-02,13,Call,59.00,+1.02%,2.7,2.95,3.3,868,227,3.82,57.46%,59.37%,0.562731,2026-09-18
TBT,39.13,2026-10-16,27,Call,40.00,-2.22%,0.5,0.55,0.7,2469,651,3.79,22.95%,22.20%,0.377794,2026-09-18
IBIT,46.02,2026-10-02,13,Put,44.50,-3.30%,0.67,0.68,0.73,2849,751,3.79,37.78%,39.42%,-0.307261,2026-09-18
SOXS,41.49,2026-09-25,6,Put,39.00,-6.00%,0.98,1.05,1.1,682,180,3.79,111.06%,100.02%,-0.290862,2026-09-18
XLE,64.31,2026-10-16,27,Call,50.00,+22.25%,13.15,14.3,16.35,950,251,3.78,27.12%,66.74%,0.930272,2026-09-18
QQQ,721.45,2026-09-30,11,Put,683.00,-5.33%,0.87,1.03,0.91,1028,272,3.78,17.35%,22.15%,-0.071214,2026-09-18
QQQ,721.45,2026-09-23,4,Call,721.00,+0.06%,4.7,5,4.78,1232,327,3.77,17.35%,14.54%,0.528702,2026-09-18
QQQ,721.45,2026-09-23,4,Call,732.00,-1.46%,0.69,0.73,0.72,1401,372,3.77,17.35%,12.67%,0.144347,2026-09-18
QQQ,721.45,2026-09-21,2,Call,733.00,-1.60%,0.12,0.14,0.14,3278,870,3.77,17.35%,12.62%,0.046795,2026-09-18
ASHR,33.77,2026-09-25,6,Put,33.50,-0.80%,0.24,0.25,0.28,1628,434,3.75,18.69%,22.50%,-0.378328,2026-09-18
IWM,284.1,2026-09-25,6,Call,282.00,+0.74%,3.7,3.56,3.78,553,148,3.74,17.36%,17.09%,0.643773,2026-09-18
SOXL,123.67,2026-09-23,4,Put,100.00,-19.14%,0.2,0.2,0.4,1099,294,3.74,109.70%,123.57%,-0.043649,2026-09-18
SOXL,123.67,2026-09-21,2,Call,125.00,-1.08%,1.95,2,2.05,4149,1113,3.73,109.70%,70.85%,0.430935,2026-09-18
QQQ,721.45,2026-09-23,4,Put,716.00,-0.76%,2.22,2.25,2.25,1256,338,3.72,17.35%,15.06%,-0.30556,2026-09-18
SMH,573,2026-09-25,6,Call,580.00,-1.22%,3.75,5,5.95,1676,451,3.72,32.33%,26.21%,0.371894,2026-09-18
MSTU,40.65,2026-10-30,41,Call,45.00,-10.70%,5.55,5.72,7,568,153,3.71,147.62%,144.85%,0.516695,2026-09-18
ARKK,88.23,2026-09-25,6,Call,89.00,-0.87%,0.84,1,1.51,2485,672,3.7,33.67%,33.25%,0.433072,2026-09-18
USO,153.82,2026-10-02,13,Call,162.00,-5.32%,2.2,2.51,2.8,615,166,3.7,47.40%,47.22%,0.300683,2026-09-18
XLE,64.31,2026-10-16,27,Call,40.00,+37.80%,22.2,23.85,26.35,1502,408,3.68,27.12%,62.66%,0.996863,2026-09-18
QQQ,721.45,2026-09-25,6,Put,699.00,-3.11%,0.82,0.89,0.85,1353,370,3.66,17.35%,19.50%,-0.097344,2026-09-18
SPY,761.69,2026-09-23,4,Call,761.00,+0.09%,4.42,4.3,4.45,2435,669,3.64,12.75%,12.46%,0.539322,2026-09-18
XLK,189.6,2026-09-25,6,Call,190.00,-0.21%,1.1,1.66,2,1344,369,3.64,22.19%,17.43%,0.477002,2026-09-18
SPY,761.69,2026-10-02,13,Put,748.00,-1.80%,2.35,2.44,2.38,2184,602,3.63,12.75%,13.10%,-0.217507,2026-09-18
XLE,64.31,2026-09-30,11,Call,60.00,+6.70%,3.35,4.3,6.35,25243,6962,3.63,27.12%,45.49%,0.822368,2026-09-18
XLI,169.75,2027-01-15,118,Put,160.00,-5.74%,1.4,3.51,6.3,22501,6217,3.62,20.09%,22.38%,-0.27397,2026-09-18
MSTZ,2.82,2026-10-16,27,Call,3.00,-6.38%,0.3,0.35,0.35,1718,475,3.62,174.63%,130.03%,0.501757,2026-09-18
GDX,95.48,2027-12-17,454,Put,95.00,-0.50%,14.25,15.59,16.9,540,150,3.6,42.34%,42.84%,-0.378355,2026-09-18
RKLX,14.97,2026-10-16,27,Call,15.00,-0.20%,1.9,2,2.3,752,209,3.6,131.47%,129.69%,0.570754,2026-09-18
QQQ,721.45,2026-10-01,12,Call,730.00,-1.19%,4.38,4.49,4.45,766,213,3.6,17.35%,14.65%,0.348167,2026-09-18
XLE,64.31,2026-09-30,11,Call,47.50,+26.14%,14.75,16.95,18.85,3360,935,3.59,27.12%,95.17%,0.97213,2026-09-18
QQQ,721.45,2026-09-22,3,Call,726.00,-0.63%,1.52,1.61,1.57,3637,1015,3.58,17.35%,12.50%,0.299623,2026-09-18
SPY,761.69,2026-09-22,3,Put,760.00,-0.22%,1.55,1.56,1.56,10779,3008,3.58,12.75%,8.59%,-0.377076,2026-09-18
QQQ,721.45,2026-10-02,13,Call,724.00,-0.35%,7.95,8.16,8.05,1905,533,3.57,17.35%,16.24%,0.475223,2026-09-18
SQQQ,37.87,2026-09-25,6,Call,38.50,-1.66%,0.52,0.54,0.58,2735,766,3.57,53.48%,41.90%,0.393879,2026-09-18
SPY,761.69,2026-09-22,3,Call,769.00,-0.96%,0.43,0.45,0.45,2413,677,3.56,12.75%,9.32%,0.135655,2026-09-18
SOXL,123.67,2026-09-21,2,Call,120.00,+2.97%,4,5.2,5.8,2458,691,3.56,109.70%,73.79%,0.719895,2026-09-18
QQQ,721.45,2026-09-25,6,Put,694.00,-3.80%,0.55,0.53,0.59,2744,770,3.56,17.35%,20.65%,-0.067232,2026-09-18
SPY,761.69,2026-09-28,9,Put,733.00,-3.77%,0.44,0.52,0.45,718,202,3.55,12.75%,15.69%,-0.055296,2026-09-18
QQQ,721.45,2026-09-25,6,Put,681.00,-5.61%,0.22,0.23,0.25,770,217,3.55,17.35%,23.85%,-0.027524,2026-09-18
QQQ,721.45,2026-09-25,6,Put,696.00,-3.53%,0.65,0.72,0.68,1538,434,3.54,17.35%,20.21%,-0.078052,2026-09-18
IBIT,46.02,2026-09-25,6,Put,44.50,-3.30%,0.34,0.37,0.39,4069,1157,3.52,37.78%,40.74%,-0.248476,2026-09-18
SOXL,123.67,2026-09-21,2,Call,118.00,+4.58%,4,6.75,7.85,728,207,3.52,109.70%,51.01%,0.897472,2026-09-18
SOXS,41.49,2026-09-25,6,Put,43.00,+3.64%,2.82,3.01,3.15,526,150,3.51,111.06%,100.07%,-0.583592,2026-09-18
QQQ,721.45,2026-09-25,6,Put,682.00,-5.47%,0.24,0.27,0.27,1275,363,3.51,17.35%,23.67%,-0.029769,2026-09-18
QQQ,721.45,2026-09-22,3,Put,706.00,-2.14%,0.41,0.4,0.44,1588,454,3.5,17.35%,17.41%,-0.081523,2026-09-18
SPY,761.69,2026-09-22,3,Put,749.00,-1.67%,0.31,0.32,0.32,1061,305,3.48,12.75%,13.19%,-0.076576,2026-09-18
IWM,284.1,2026-10-16,27,Put,283.00,-0.39%,4.43,4.44,4.48,17746,5116,3.47,17.36%,16.93%,-0.444444,2026-09-18
IBIT,46.02,2026-10-02,13,Call,52.00,-12.99%,0.13,0.15,0.15,1313,379,3.46,37.78%,44.66%,0.081938,2026-09-18
GDX,95.48,2026-09-25,6,Put,90.00,-5.74%,0.37,0.41,0.46,4079,1182,3.45,42.34%,44.92%,-0.143524,2026-09-18
TQQQ,72.64,2026-09-25,6,Put,69.50,-4.32%,0.67,0.66,0.73,1257,365,3.44,50.03%,51.64%,-0.239309,2026-09-18
SMH,573,2026-09-25,6,Put,520.00,-9.25%,0.28,0.36,0.45,1594,464,3.44,32.33%,41.21%,-0.030473,2026-09-18
SPY,761.69,2026-09-25,6,Call,750.00,+1.53%,13.96,13.96,15.5,1936,563,3.44,12.75%,18.56%,0.751881,2026-09-18
QQQ,721.45,2026-09-22,3,Call,728.00,-0.91%,1,1,1.01,3224,941,3.43,17.35%,12.35%,0.21841,2026-09-18
XLI,169.75,2027-01-15,118,Call,195.00,-14.87%,0.6,0.89,1.16,1870,545,3.43,20.09%,17.64%,0.111242,2026-09-18
SPY,761.69,2026-09-28,9,Call,778.00,-2.14%,0.32,0.18,0.34,895,262,3.42,12.75%,8.85%,0.070736,2026-09-18
SPY,761.69,2026-09-29,10,Put,750.00,-1.53%,1.75,1.89,1.77,1686,493,3.42,12.75%,11.99%,-0.205401,2026-09-18
SPY,761.69,2026-09-22,3,Call,764.00,-0.30%,2.02,2.05,2.04,4612,1351,3.41,12.75%,10.80%,0.389059,2026-09-18
SPY,761.69,2026-09-21,2,Put,763.00,+0.17%,1.87,1.86,1.88,13123,3858,3.4,12.75%,5.18%,-0.664784,2026-09-18
SPY,761.69,2026-09-25,6,Call,752.00,+1.27%,12.09,11.91,13.58,1707,502,3.4,12.75%,17.20%,0.729583,2026-09-18
QQQ,721.45,2026-09-25,6,Put,720.00,-0.20%,4.58,4.56,4.65,5085,1500,3.39,17.35%,14.82%,-0.445273,2026-09-18
KORU,20.04,2026-09-25,6,Put,18.00,-10.18%,0.45,0.6,0.75,3559,1054,3.38,127.82%,143.39%,-0.248621,2026-09-18
SPY,761.69,2026-09-22,3,Call,766.00,-0.57%,1.18,1.19,1.2,4265,1266,3.37,12.75%,10.08%,0.278025,2026-09-18
SOXL,123.67,2026-09-21,2,Put,108.00,-12.67%,0.08,0.1,0.18,1578,469,3.36,109.70%,102.65%,-0.034113,2026-09-18
QQQ,721.45,2026-09-25,6,Put,709.00,-1.73%,1.85,1.83,1.89,2220,660,3.36,17.35%,17.25%,-0.206169,2026-09-18
MUU,33.72,2026-10-02,13,Put,22.00,-34.76%,0.05,0.23,0.35,512,153,3.35,118.63%,147.18%,-0.046414,2026-09-18
SPY,761.69,2026-09-23,4,Put,742.00,-2.59%,0.26,0.29,0.27,801,243,3.3,12.75%,15.52%,-0.050798,2026-09-18
GLD,401.17,2026-10-02,13,Call,405.00,-0.95%,4.95,5,5.2,1094,332,3.3,21.72%,21.75%,0.42879,2026-09-18
SOXL,123.67,2026-10-16,27,Put,110.00,-11.05%,7.65,8.35,8.8,3608,1095,3.29,109.70%,112.00%,-0.293114,2026-09-18
SPY,761.69,2026-09-23,4,Call,764.00,-0.30%,2.63,2.65,2.65,1650,502,3.29,12.75%,11.26%,0.410625,2026-09-18
FXE,105.99,2026-12-18,90,Put,105.00,-0.93%,0.55,0.7,0.8,1056,322,3.28,4.20%,6.70%,-0.310335,2026-09-18
SPY,761.69,2026-09-21,2,Call,757.00,+0.62%,6.33,6.43,6.39,7300,2223,3.28,12.75%,15.34%,0.713228,2026-09-18
ETHA,19.92,2026-09-25,6,Call,21.00,-5.42%,0.2,0.24,0.25,17384,5293,3.28,51.82%,59.05%,0.257264,2026-09-18
SOLZ,11.4,2026-10-16,27,Call,12.00,-5.26%,0.5,0.6,0.6,3348,1024,3.27,70.67%,63.37%,0.422334,2026-09-18
XLE,64.31,2026-10-02,13,Call,64.00,+0.48%,0.61,1.43,1.64,553,169,3.27,27.12%,19.39%,0.5674,2026-09-18
SOXL,123.67,2026-09-25,6,Put,108.00,-12.67%,1.06,1.26,1.8,589,180,3.27,109.70%,109.47%,-0.149305,2026-09-18
USO,153.82,2027-09-17,363,Put,60.00,-60.99%,0.68,1.13,1.13,616,189,3.26,47.40%,57.01%,-0.022539,2026-09-18
QQQ,721.45,2026-09-24,5,Call,733.00,-1.60%,0.87,0.94,0.91,902,277,3.26,17.35%,12.97%,0.156353,2026-09-18
QQQ,721.45,2026-09-24,5,Call,725.00,-0.49%,3.3,3.45,3.37,2356,728,3.24,17.35%,14.15%,0.396919,2026-09-18
XLU,41.1,2026-09-25,6,Put,41.00,-0.24%,0.07,0.42,0.9,3393,1046,3.24,14.79%,25.20%,-0.466131,2026-09-18
IWM,284.1,2026-09-23,4,Put,281.00,-1.09%,0.71,0.73,0.74,2127,656,3.24,17.36%,16.15%,-0.250752,2026-09-18
SPY,761.69,2026-09-29,10,Put,760.00,-0.22%,3.83,3.79,3.89,502,156,3.22,12.75%,9.71%,-0.427504,2026-09-18
XLE,64.31,2026-09-30,11,Put,63.00,-2.04%,0,0.74,3.15,863,269,3.21,27.12%,49.54%,-0.386367,2026-09-18
QQQ,721.45,2026-09-28,9,Call,717.00,+0.62%,9.46,8.75,9.73,723,226,3.2,17.35%,15.08%,0.620578,2026-09-18
FEZ,68.18,2026-11-20,62,Put,65.00,-4.66%,0.8,0.93,0.95,1530,478,3.2,17.60%,18.77%,-0.262356,2026-09-18
QQQ,721.45,2026-10-23,34,Put,715.00,-0.89%,11.45,11.57,11.63,1018,319,3.19,17.35%,17.60%,-0.40586,2026-09-18
SPY,761.69,2026-09-22,3,Put,765.00,+0.43%,3.59,3.61,3.61,1645,518,3.18,12.75%,5.42%,-0.810623,2026-09-18
QQQ,721.45,2026-09-22,3,Put,701.00,-2.83%,0.23,0.21,0.25,1524,482,3.16,17.35%,19.11%,-0.046215,2026-09-18
QQQ,721.45,2026-09-28,9,Put,700.00,-2.97%,1.3,1.29,1.34,1791,566,3.16,17.35%,17.69%,-0.129985,2026-09-18
SPY,761.69,2026-10-09,20,Call,802.00,-5.29%,0.16,0.13,0.17,1853,586,3.16,12.75%,10.69%,0.023309,2026-09-18
QQQ,721.45,2026-09-25,6,Call,721.00,+0.06%,6.16,6.3,6.25,3192,1011,3.16,17.35%,15.67%,0.526976,2026-09-18
GLD,401.17,2026-09-21,2,Put,397.00,-1.04%,0.47,0.5,0.54,810,257,3.15,21.72%,16.36%,-0.188377,2026-09-18
SLV,59.93,2026-09-21,2,Call,59.50,+0.72%,0.77,0.77,0.82,877,278,3.15,37.70%,30.96%,0.630961,2026-09-18
QQQ,721.45,2026-09-25,6,Put,713.00,-1.17%,2.58,2.64,2.63,2455,782,3.14,17.35%,16.38%,-0.276324,2026-09-18
LQD,104.7,2027-01-15,118,Put,100.00,-4.49%,0,0.51,1.2,5177,1653,3.13,14.87%,10.33%,-0.177399,2026-09-18
SPY,761.69,2026-09-25,6,Put,753.00,-1.14%,1.47,1.49,1.49,2121,677,3.13,12.75%,12.03%,-0.218586,2026-09-18
SNDQ,10.36,2026-10-16,27,Call,13.00,-25.48%,0.6,0.7,0.8,512,164,3.12,168.09%,135.13%,0.33481,2026-09-18
SPY,761.69,2026-09-22,3,Put,748.00,-1.80%,0.27,0.28,0.28,1620,519,3.12,12.75%,13.54%,-0.066739,2026-09-18
FXI,34.32,2026-10-02,13,Put,34.00,-0.93%,0.34,0.38,2.53,1902,610,3.12,25.22%,62.41%,-0.44228,2026-09-18
ARKK,88.23,2026-10-16,27,Call,85.00,+3.66%,4.85,4.9,5.35,5017,1611,3.11,33.67%,32.68%,0.68946,2026-09-18
SLV,59.93,2026-10-16,27,Put,69.00,+15.13%,9.25,9.42,9.45,735,237,3.1,37.70%,42.16%,-0.883021,2026-09-18
IBIT,46.02,2026-09-28,9,Call,47.00,-2.13%,0.42,0.7,0.68,986,318,3.1,37.78%,32.49%,0.35566,2026-09-18
IBIT,46.02,2026-09-25,6,Put,43.50,-5.48%,0.16,0.19,0.2,5302,1711,3.1,37.78%,41.99%,-0.139377,2026-09-18
SPY,761.69,2026-09-25,6,Call,761.00,+0.09%,5.59,5.8,5.71,6169,1987,3.1,12.75%,13.15%,0.535256,2026-09-18
DRAM,59.61,2026-09-25,6,Call,60.50,-1.49%,1.06,1.31,1.51,1351,437,3.09,57.46%,54.70%,0.432976,2026-09-18
MSOS,4.9,2027-03-19,181,Call,6.00,-22.45%,0.64,0.75,0.85,600,195,3.08,67.13%,78.54%,0.478493,2026-09-18
QQQ,721.45,2026-09-30,11,Call,731.00,-1.32%,3.49,3.02,3.54,1061,344,3.08,17.35%,14.07%,0.313395,2026-09-18
SPY,761.69,2026-09-25,6,Put,755.00,-0.88%,1.78,1.78,1.81,18291,5941,3.08,12.75%,11.46%,-0.262939,2026-09-18
QQQ,721.45,2026-09-22,3,Call,727.00,-0.77%,1.22,1.22,1.26,2493,811,3.07,17.35%,12.36%,0.256405,2026-09-18
DRAM,59.61,2026-09-21,2,Call,59.00,+1.02%,1,1.19,1.28,8421,2745,3.07,57.46%,45.20%,0.6291,2026-09-18
USO,153.82,2026-10-09,20,Call,175.00,-13.77%,1.36,1.43,1.45,550,179,3.07,47.40%,50.60%,0.155467,2026-09-18
SPY,761.69,2026-10-01,12,Call,765.00,-0.43%,5.24,5.27,5.33,1030,336,3.07,12.75%,11.81%,0.440193,2026-09-18
SPY,761.69,2026-09-23,4,Put,746.00,-2.06%,0.38,0.4,0.39,757,247,3.06,12.75%,14.12%,-0.075766,2026-09-18
SPY,761.69,2026-09-22,3,Call,767.00,-0.70%,0.86,0.89,0.88,2752,900,3.06,12.75%,9.75%,0.224731,2026-09-18
IWM,284.1,2026-09-25,6,Call,287.00,-1.02%,0.98,1,1.02,4117,1352,3.05,17.36%,14.41%,0.3023,2026-09-18
BNO,60.57,2026-09-25,6,Put,55.00,-9.20%,0,0.2,0.3,603,198,3.05,50.72%,54.36%,-0.076793,2026-09-18
GLD,401.17,2026-09-25,6,Call,402.00,-0.21%,4.05,3.8,4.25,654,215,3.04,21.72%,21.62%,0.484369,2026-09-18
SPY,761.69,2026-09-29,10,Call,772.00,-1.35%,1.53,1.54,1.56,744,245,3.04,12.75%,9.81%,0.219474,2026-09-18
SPY,761.69,2026-09-22,3,Put,763.00,+0.17%,2.58,2.58,2.59,1586,523,3.03,12.75%,7.06%,-0.595928,2026-09-18
QQQ,721.45,2026-09-22,3,Put,704.00,-2.42%,0.32,0.36,0.35,1046,346,3.02,17.35%,18.07%,-0.064565,2026-09-18
IBIT,46.02,2026-09-30,11,Put,42.00,-8.74%,0.13,0.15,0.17,1077,357,3.02,37.78%,41.54%,-0.09384,2026-09-18
IWM,284.1,2026-10-16,27,Call,286.00,-0.67%,4.58,4.41,4.63,1475,489,3.02,17.36%,17.02%,0.467879,2026-09-18
GDX,95.48,2026-09-25,6,Call,100.00,-4.73%,0.53,0.69,0.7,16269,5403,3.01,42.34%,42.98%,0.211538,2026-09-18
QQQ,721.45,2026-09-25,6,Put,712.00,-1.31%,2.37,2.42,2.42,2249,749,3,17.35%,16.58%,-0.256967,2026-09-18
FEZ,68.18,2026-11-20,62,Put,67.00,-1.73%,1.35,1.44,1.45,663,221,3,17.60%,16.96%,-0.396072,2026-09-18
USO,153.82,2027-09-17,363,Put,100.00,-34.99%,5.3,5.62,5.8,1336,446,3,47.40%,49.80%,-0.118278,2026-09-18
IGV,104.35,2026-10-16,27,Put,102.00,-2.25%,1.97,2.2,2.48,1566,525,2.98,30.40%,30.06%,-0.364918,2026-09-18
SPCH,10.4,2026-09-25,6,Put,9.50,-8.65%,0.15,0.29,0.2,718,242,2.97,100.85%,99.06%,-0.217569,2026-09-18
SLV,59.93,2026-10-02,13,Put,56.00,-6.56%,0.33,0.35,0.37,725,244,2.97,37.70%,37.21%,-0.154455,2026-09-18
SPY,761.69,2026-09-23,4,Put,744.00,-2.32%,0.31,0.31,0.32,788,265,2.97,12.75%,14.79%,-0.061405,2026-09-18
TMF,29.64,2026-10-02,13,Put,29.00,-2.16%,0.53,0.53,0.6,1259,424,2.97,32.31%,38.52%,-0.366775,2026-09-18
SPY,761.69,2026-09-22,3,Call,768.00,-0.83%,0.62,0.63,0.64,3164,1070,2.96,12.75%,9.54%,0.177666,2026-09-18
QQQ,721.45,2026-09-28,9,Put,715.00,-0.89%,3.72,3.74,3.78,973,330,2.95,17.35%,14.81%,-0.334759,2026-09-18
QQQ,721.45,2026-09-25,6,Call,725.00,-0.49%,3.98,4.05,4.06,9100,3094,2.94,17.35%,14.75%,0.412219,2026-09-18
SPY,761.69,2026-09-21,2,Put,755.00,-0.88%,0.3,0.3,0.31,39227,13435,2.92,12.75%,9.97%,-0.111693,2026-09-18
SPY,761.69,2026-09-22,3,Put,753.00,-1.14%,0.52,0.53,0.53,1441,494,2.92,12.75%,11.53%,-0.130878,2026-09-18
SLV,59.93,2026-09-21,2,Call,61.00,-1.79%,0.17,0.19,0.2,2210,760,2.91,37.70%,31.52%,0.230128,2026-09-18
GLD,401.17,2026-09-25,6,Put,386.00,-3.78%,0.37,0.41,0.46,782,271,2.89,21.72%,21.94%,-0.080189,2026-09-18
IWM,284.1,2026-09-22,3,Put,278.00,-2.15%,0.17,0.2,0.2,933,323,2.89,17.36%,17.86%,-0.08679,2026-09-18
QQQ,721.45,2026-09-25,6,Put,702.00,-2.70%,1.04,1.07,1.07,2071,716,2.89,17.35%,18.80%,-0.121722,2026-09-18
IWM,284.1,2026-09-22,3,Put,282.00,-0.74%,0.67,0.63,0.72,1315,457,2.88,17.36%,15.03%,-0.286001,2026-09-18
IWM,284.1,2026-09-22,3,Put,282.50,-0.56%,0.8,0.79,0.84,1041,363,2.87,17.36%,14.69%,-0.3283,2026-09-18
DRAM,59.61,2026-09-21,2,Call,61.00,-2.33%,0.23,0.28,0.41,847,296,2.86,57.46%,46.87%,0.26042,2026-09-18
ARKK,88.23,2026-10-02,13,Put,84.00,-4.79%,0.14,0.86,1.25,1204,421,2.86,33.67%,34.27%,-0.209019,2026-09-18
SPY,761.69,2026-09-25,6,Call,744.00,+2.32%,18.33,18.49,21.3,1492,521,2.86,12.75%,19.90%,0.829188,2026-09-18
SPY,761.69,2026-09-23,4,Put,754.00,-1.01%,0.93,0.94,0.95,2286,799,2.86,12.75%,11.34%,-0.188481,2026-09-18
SPY,761.69,2026-10-02,13,Put,753.00,-1.14%,3.17,3.19,3.22,938,330,2.84,12.75%,12.08%,-0.290743,2026-09-18
SNXX,17.94,2026-09-25,6,Call,19.00,-5.91%,0.75,0.85,0.95,1299,457,2.84,147.09%,138.72%,0.408836,2026-09-18
SPY,761.69,2026-09-24,5,Put,758.00,-0.48%,2.03,2.02,2.06,1954,687,2.84,12.75%,10.39%,-0.333109,2026-09-18
SOXL,123.67,2026-10-09,20,Put,80.00,-35.31%,0.8,0.85,1,6050,2129,2.84,109.70%,126.46%,-0.052002,2026-09-18
SNXX,17.94,2026-09-25,6,Put,17.00,-5.24%,0.7,0.81,0.95,1445,511,2.83,147.09%,139.28%,-0.346956,2026-09-18
IBIT,46.02,2026-10-30,41,Call,48.00,-4.30%,1.49,1.52,1.58,1760,622,2.83,37.78%,36.97%,0.403457,2026-09-18
SPY,761.69,2026-09-24,5,Put,764.00,+0.30%,4.09,4.09,4.12,892,316,2.82,12.75%,8.29%,-0.611606,2026-09-18
QQQ,721.45,2026-09-30,11,Put,716.00,-0.76%,5.14,5.15,5.2,1965,697,2.82,17.35%,15.75%,-0.374332,2026-09-18
SPY,761.69,2026-09-25,6,Call,767.00,-0.70%,2.38,2.4,2.43,4942,1761,2.81,12.75%,11.40%,0.330816,2026-09-18
IBIT,46.02,2026-10-02,13,Put,46.00,-0.04%,1.3,1.32,1.35,562,200,2.81,37.78%,39.31%,-0.477446,2026-09-18
SOXS,41.49,2026-09-25,6,Call,44.00,-6.05%,0.8,0.9,0.95,786,280,2.81,111.06%,85.12%,0.31622,2026-09-18
XLV,168.39,2026-10-02,13,Call,172.00,-2.14%,0,0.68,4.8,845,301,2.81,17.53%,30.21%,0.373254,2026-09-18
QQQ,721.45,2026-09-23,4,Call,716.00,+0.76%,8.03,8.37,8.32,908,324,2.8,17.35%,15.97%,0.685562,2026-09-18
QQQ,721.45,2026-09-25,6,Put,697.00,-3.39%,0.7,0.72,0.73,1080,386,2.8,17.35%,19.95%,-0.083847,2026-09-18
TQQQ,72.64,2026-09-21,2,Put,70.00,-3.63%,0.13,0.14,0.14,2937,1048,2.8,50.03%,42.94%,-0.117712,2026-09-18
BSOL,15.73,2026-11-20,62,Call,20.00,-27.15%,0.45,0.55,0.65,4124,1473,2.8,64.17%,67.65%,0.24214,2026-09-18
TLT,81.25,2026-09-21,2,Call,81.50,-0.31%,0.1,0.11,0.11,8085,2888,2.8,11.46%,8.45%,0.31928,2026-09-18
TQQQ,72.64,2026-10-09,20,Put,75.00,+3.25%,4.1,4.72,4.8,631,226,2.79,50.03%,46.63%,-0.589496,2026-09-18
SPY,761.69,2026-09-23,4,Put,753.00,-1.14%,0.83,0.82,0.84,986,353,2.79,12.75%,11.70%,-0.16733,2026-09-18
SPY,761.69,2026-09-29,10,Put,755.00,-0.88%,2.56,2.61,2.6,1050,377,2.79,12.75%,10.86%,-0.296321,2026-09-18
QQQ,721.45,2026-09-23,4,Call,737.00,-2.16%,0.21,0.25,0.24,1117,401,2.79,17.35%,12.55%,0.056007,2026-09-18
QQQ,721.45,2026-09-24,5,Call,736.00,-2.02%,0.49,0.51,0.51,1116,401,2.78,17.35%,12.84%,0.098301,2026-09-18
IWM,284.1,2026-09-25,6,Call,292.00,-2.78%,0.12,0.13,0.14,10356,3729,2.78,17.36%,13.56%,0.061265,2026-09-18
XLE,64.31,2026-09-21,2,Put,65.00,+1.07%,0.5,1.13,3.45,677,244,2.77,27.12%,84.36%,-0.554948,2026-09-18
IBIT,46.02,2026-10-23,34,Call,46.50,-1.04%,1.87,1.92,1.94,729,264,2.76,37.78%,36.67%,0.497655,2026-09-18
TQQQ,72.64,2026-09-23,4,Put,69.00,-5.01%,0.34,0.36,0.38,605,220,2.75,50.03%,52.43%,-0.165822,2026-09-18
SPY,761.69,2026-09-25,6,Call,753.00,+1.14%,11.28,10.81,12.65,980,356,2.75,12.75%,16.73%,0.714425,2026-09-18
DIA,515.88,2026-10-16,27,Call,525.00,-1.77%,3.55,3.8,3.85,1864,677,2.75,12.82%,12.25%,0.332342,2026-09-18
SOXS,41.49,2026-09-25,6,Call,45.00,-8.46%,0.62,0.66,0.67,2257,824,2.74,111.06%,86.01%,0.249529,2026-09-18
QQQ,721.45,2026-09-23,4,Call,730.00,-1.19%,1.04,1.08,1.07,2614,955,2.74,17.35%,12.76%,0.197951,2026-09-18
USO,153.82,2026-10-02,13,Put,151.00,-1.83%,3.95,4.09,4.1,529,194,2.73,47.40%,47.02%,-0.395537,2026-09-18
QQQ,721.45,2026-09-23,4,Call,724.00,-0.35%,3.07,3.15,3.14,1104,404,2.73,17.35%,13.76%,0.41561,2026-09-18
SNDU,27.72,2026-10-16,27,Call,30.00,-8.23%,2.9,3.29,3.8,1165,428,2.72,144.01%,140.41%,0.496388,2026-09-18
QQQ,721.45,2026-09-25,6,Call,738.00,-2.29%,0.53,0.53,0.55,1873,689,2.72,17.35%,13.12%,0.095465,2026-09-18
SPY,761.69,2026-09-24,5,Put,753.00,-1.14%,1.16,1.22,1.18,807,299,2.7,12.75%,11.93%,-0.196886,2026-09-18
QQQ,721.45,2026-09-23,4,Call,734.00,-1.74%,0.46,0.46,0.48,2349,873,2.69,17.35%,12.71%,0.103289,2026-09-18
TQQQ,72.64,2026-09-25,6,Put,72.00,-0.88%,1.37,1.42,1.46,3565,1324,2.69,50.03%,46.87%,-0.42642,2026-09-18
SPY,761.69,2026-10-01,12,Call,775.00,-1.75%,1.43,1.43,1.45,525,195,2.69,12.75%,10.16%,0.188516,2026-09-18
SPY,761.69,2026-09-22,3,Put,743.00,-2.45%,0.16,0.17,0.17,1253,466,2.69,12.75%,15.63%,-0.037959,2026-09-18
SPY,761.69,2026-09-28,9,Put,755.00,-0.88%,2.23,2.23,2.27,1408,525,2.68,12.75%,10.61%,-0.283452,2026-09-18
QQQ,721.45,2026-09-22,3,Call,736.00,-2.02%,0.12,0.13,0.15,2250,840,2.68,17.35%,12.46%,0.041037,2026-09-18
IBIT,46.02,2026-09-25,6,Call,48.00,-4.30%,0.29,0.3,0.33,38556,14519,2.66,37.78%,41.45%,0.225124,2026-09-18
USO,153.82,2026-10-09,20,Call,163.00,-5.97%,3.4,3.8,3.55,507,192,2.64,47.40%,47.64%,0.327676,2026-09-18
QQQ,721.45,2026-09-23,4,Call,723.00,-0.21%,3.58,3.64,3.64,1079,408,2.64,17.35%,14.01%,0.454326,2026-09-18
QQQ,721.45,2026-09-25,6,Call,733.00,-1.60%,1.26,1.33,1.3,2457,932,2.64,17.35%,13.44%,0.188857,2026-09-18
IBIT,46.02,2026-09-30,11,Put,44.50,-3.30%,0.54,0.53,0.6,784,298,2.63,37.78%,38.07%,-0.289234,2026-09-18
IBIT,46.02,2026-10-09,20,Put,45.00,-2.22%,1.1,1.09,1.15,763,291,2.62,37.78%,38.06%,-0.376584,2026-09-18
DRAM,59.61,2026-09-21,2,Call,62.00,-4.01%,0.1,0.1,0.13,1000,382,2.62,57.46%,44.49%,0.120586,2026-09-18
IWM,284.1,2026-09-23,4,Call,287.00,-1.02%,0.53,0.56,0.55,1220,465,2.62,17.36%,13.09%,0.237708,2026-09-18
QQQ,721.45,2026-09-23,4,Call,722.00,-0.08%,4.12,4.22,4.19,1582,607,2.61,17.35%,14.27%,0.492133,2026-09-18
QQQ,721.45,2026-09-22,3,Put,708.00,-1.86%,0.54,0.57,0.56,941,362,2.6,17.35%,16.81%,-0.104124,2026-09-18
IBIT,46.02,2026-09-25,6,Put,46.00,-0.04%,0.92,0.95,0.99,1391,535,2.6,37.78%,41.53%,-0.482574,2026-09-18
VXX,17.76,2026-09-25,6,Call,18.50,-4.17%,0.18,0.18,0.2,2401,922,2.6,55.97%,50.36%,0.27732,2026-09-18
QQQ,721.45,2026-09-25,6,Call,720.00,+0.20%,6.69,6.86,6.92,13092,5037,2.6,17.35%,15.85%,0.553856,2026-09-18
QQQ,721.45,2026-09-25,6,Call,717.00,+0.62%,8.72,9.07,8.87,3513,1361,2.58,17.35%,16.52%,0.628516,2026-09-18
USO,153.82,2026-09-23,4,Put,153.00,-0.53%,2.75,2.84,2.84,539,210,2.57,47.40%,50.17%,-0.446589,2026-09-18
NVDL,34.87,2026-09-25,6,Call,36.00,-3.24%,0.42,0.51,0.64,2178,850,2.56,62.70%,54.48%,0.339731,2026-09-18
SPY,761.69,2026-09-25,6,Put,758.00,-0.48%,2.42,2.39,2.46,4727,1850,2.56,12.75%,10.64%,-0.348078,2026-09-18
QQQ,721.45,2026-09-23,4,Put,701.00,-2.83%,0.45,0.45,0.48,713,280,2.55,17.35%,19.13%,-0.071844,2026-09-18
QQQ,721.45,2026-09-21,2,Call,710.00,+1.59%,10.86,12.1,13.81,2343,926,2.53,17.35%,20.18%,0.862242,2026-09-18
SPY,761.69,2026-10-30,41,Put,728.00,-4.42%,4.28,4.27,4.34,569,225,2.53,12.75%,16.43%,-0.184104,2026-09-18
USO,153.82,2026-09-23,4,Put,156.00,+1.42%,4.3,4.42,4.75,687,272,2.53,47.40%,51.88%,-0.589608,2026-09-18
QQQ,721.45,2026-09-25,6,Put,722.00,+0.08%,5.4,5.47,5.46,848,335,2.53,17.35%,14.42%,-0.504066,2026-09-18
SPY,761.69,2026-09-22,3,Call,771.00,-1.22%,0.2,0.2,0.21,1432,567,2.53,12.75%,9.05%,0.073667,2026-09-18
ETHA,19.92,2026-10-30,41,Call,25.00,-25.50%,0.23,0.27,0.32,593,235,2.52,51.82%,58.35%,0.148583,2026-09-18
HYG,78.53,2026-10-16,27,Call,75.00,+4.50%,3.45,3.63,3.8,547,219,2.5,5.86%,8.08%,0.983152,2026-09-18
SLV,59.93,2026-10-09,20,Call,60.00,-0.12%,2.08,2.05,2.14,2540,1015,2.5,37.70%,37.29%,0.521157,2026-09-18
ETHA,19.92,2027-03-19,181,Call,24.00,-20.48%,1.82,1.85,1.95,1464,590,2.48,51.82%,56.01%,0.410941,2026-09-18
FXI,34.32,2026-09-25,6,Call,35.00,-1.98%,0.09,0.14,0.15,2405,970,2.48,25.22%,20.23%,0.233657,2026-09-18
TLT,81.25,2026-09-25,6,Call,82.00,-0.92%,0.18,0.2,0.21,38056,15332,2.48,11.46%,11.27%,0.272593,2026-09-18
LQD,104.7,2027-01-15,118,Put,105.00,+0.29%,0,2.1,4.8,15000,6080,2.47,14.87%,10.89%,-0.47401,2026-09-18
SPY,761.69,2026-09-28,9,Call,780.00,-2.40%,0.19,0.19,0.2,38854,15717,2.47,12.75%,8.68%,0.045787,2026-09-18
SPY,761.69,2026-09-29,10,Put,730.00,-4.16%,0.49,0.51,0.5,654,266,2.46,12.75%,16.50%,-0.055411,2026-09-18
SPY,761.69,2026-09-25,6,Put,741.00,-2.72%,0.51,0.52,0.52,3011,1228,2.45,12.75%,15.33%,-0.076041,2026-09-18
SPY,761.69,2026-10-16,27,Call,761.00,+0.09%,12.33,12.34,12.74,3640,1488,2.45,12.75%,13.82%,0.53804,2026-09-18
QQQ,721.45,2026-09-21,2,Put,706.00,-2.14%,0.11,0.11,0.13,4994,2039,2.45,17.35%,16.29%,-0.034733,2026-09-18
BSOL,15.73,2026-10-16,27,Call,16.00,-1.72%,0.95,1.01,1.05,517,211,2.45,64.17%,64.65%,0.502543,2026-09-18
SNXX,17.94,2026-09-25,6,Put,16.00,-10.81%,0.4,0.5,0.5,615,252,2.44,147.09%,135.89%,-0.227505,2026-09-18
IBIT,46.02,2029-01-19,853,Put,15.00,-67.41%,0.94,1.16,1.37,1500,614,2.44,37.78%,63.59%,-0.042154,2026-09-18
SPY,761.69,2026-10-02,13,Call,785.00,-3.06%,0.37,0.37,0.39,5280,2162,2.44,12.75%,9.97%,0.061675,2026-09-18
HYG,78.53,2026-10-16,27,Put,82.00,+4.42%,3.5,3.77,3.95,547,225,2.43,5.86%,16.44%,-0.828667,2026-09-18
QQQ,721.45,2026-09-21,2,Put,725.00,+0.49%,4.3,4.3,4.36,1213,499,2.43,17.35%,10.25%,-0.736729,2026-09-18
GDX,95.48,2027-01-15,118,Call,103.00,-7.88%,6.4,6.73,6.9,500,207,2.42,42.34%,42.35%,0.443231,2026-09-18
IWM,284.1,2026-09-22,3,Call,285.00,-0.32%,0.97,1,1.02,966,400,2.42,17.36%,13.36%,0.406017,2026-09-18
SPY,761.69,2026-10-02,13,Put,730.00,-4.16%,0.91,0.91,0.93,12871,5329,2.42,12.75%,16.76%,-0.082677,2026-09-18
IBIT,46.02,2026-12-18,90,Call,53.00,-15.17%,1.47,1.52,1.52,2824,1170,2.41,37.78%,40.19%,0.287647,2026-09-18
SPY,761.69,2026-09-21,2,Call,755.00,+0.88%,8.17,8.25,8.25,2925,1212,2.41,12.75%,17.42%,0.758638,2026-09-18
QQQ,721.45,2026-09-22,3,Call,732.00,-1.46%,0.4,0.42,0.41,3685,1532,2.41,17.35%,12.46%,0.104508,2026-09-18
QQQ,721.45,2026-09-21,2,Put,710.00,-1.59%,0.26,0.26,0.27,21263,8841,2.41,17.35%,15.10%,-0.073336,2026-09-18
DIA,515.88,2026-10-16,27,Call,540.00,-4.68%,0.67,0.71,0.85,2042,848,2.41,12.82%,12.06%,0.096785,2026-09-18
QQQ,721.45,2026-09-25,6,Call,731.00,-1.32%,1.74,1.77,1.79,2421,1007,2.4,17.35%,13.70%,0.238909,2026-09-18
QQQ,721.45,2026-10-02,13,Call,720.00,+0.20%,10.21,10.38,10.44,4103,1712,2.4,17.35%,16.85%,0.545953,2026-09-18
IBIT,46.02,2026-09-21,2,Call,45.50,+1.13%,0.72,0.78,1.02,6278,2612,2.4,37.78%,41.94%,0.651009,2026-09-18
SPY,761.69,2026-09-22,3,Put,750.00,-1.53%,0.35,0.36,0.36,16550,6917,2.39,12.75%,12.77%,-0.087005,2026-09-18
IBIT,46.02,2026-10-02,13,Call,49.50,-7.56%,0.33,0.36,0.36,1078,451,2.39,37.78%,40.63%,0.185251,2026-09-18
QQQ,721.45,2026-09-25,6,Put,707.00,-2.00%,1.57,1.6,1.6,2974,1248,2.38,17.35%,17.69%,-0.177533,2026-09-18
SPY,761.69,2026-09-25,6,Call,762.00,-0.04%,4.93,5.05,5.1,4278,1799,2.38,12.75%,12.84%,0.504171,2026-09-18
TQQQ,72.64,2026-10-16,27,Put,62.00,-14.65%,1.1,1.1,1.14,4702,1977,2.38,50.03%,64.03%,-0.156154,2026-09-18
QQQ,721.45,2026-09-25,6,Call,728.00,-0.91%,2.7,2.8,2.76,3147,1328,2.37,17.35%,14.15%,0.322896,2026-09-18
SPY,761.69,2026-09-23,4,Put,765.00,+0.43%,4.12,4.06,4.13,550,232,2.37,12.75%,6.95%,-0.717657,2026-09-18
SOXS,41.49,2026-09-25,6,Call,47.00,-13.28%,0.08,0.48,0.41,625,265,2.36,111.06%,79.65%,0.122176,2026-09-18
TMF,29.64,2026-09-25,6,Call,30.00,-1.21%,0.21,0.23,0.23,913,387,2.36,32.31%,24.36%,0.356504,2026-09-18
QQQ,721.45,2026-09-23,4,Put,714.00,-1.03%,1.81,1.81,1.82,930,394,2.36,17.35%,15.64%,-0.254249,2026-09-18
SNXX,17.94,2026-09-25,6,Call,16.50,+8.03%,1.75,2.03,2.35,1332,565,2.36,147.09%,135.04%,0.716799,2026-09-18
IBIT,46.02,2026-10-23,34,Call,47.00,-2.13%,1.64,1.74,1.73,1596,677,2.36,37.78%,36.61%,0.459445,2026-09-18
QQQ,721.45,2026-09-25,6,Put,703.00,-2.56%,1.13,1.14,1.16,1896,806,2.35,17.35%,18.58%,-0.131377,2026-09-18
QQQ,721.45,2026-09-23,4,Put,710.00,-1.59%,1.16,1.19,1.19,3750,1593,2.35,17.35%,16.67%,-0.172644,2026-09-18
IBIT,46.02,2026-09-25,6,Put,44.00,-4.39%,0.25,0.26,0.28,7873,3361,2.34,37.78%,41.73%,-0.190568,2026-09-18
IWM,284.1,2026-10-16,27,Call,284.00,+0.04%,5.7,5.64,5.76,1009,432,2.34,17.36%,17.57%,0.527954,2026-09-18
IBIT,46.02,2026-09-30,11,Call,48.00,-4.30%,0.48,0.52,0.54,1143,488,2.34,37.78%,38.22%,0.279172,2026-09-18
XLI,169.75,2026-09-25,6,Call,174.00,-2.50%,0.05,0.28,0.68,1221,521,2.34,20.09%,19.22%,0.166106,2026-09-18
GLD,401.17,2026-09-21,2,Call,410.00,-2.20%,0.17,0.18,0.21,1678,718,2.34,21.72%,19.91%,0.072585,2026-09-18
XLE,64.31,2026-10-16,27,Call,54.00,+16.03%,8.15,10.25,12.35,1337,573,2.33,27.12%,26.20%,0.992797,2026-09-18
SPY,761.69,2026-10-02,13,Put,759.00,-0.35%,4.64,4.66,4.7,1395,598,2.33,12.75%,10.83%,-0.412575,2026-09-18
IBIT,46.02,2026-10-02,13,Call,48.00,-4.30%,0.6,0.63,0.63,8962,3847,2.33,37.78%,38.61%,0.300108,2026-09-18
ETHA,19.92,2026-10-02,13,Put,18.00,-9.64%,0.15,0.16,0.16,3754,1621,2.32,51.82%,53.57%,-0.143511,2026-09-18
QQQ,721.45,2026-09-23,4,Put,713.00,-1.17%,1.6,1.79,1.63,539,232,2.32,17.35%,15.84%,-0.230353,2026-09-18
SPY,761.69,2026-09-23,4,Put,749.00,-1.67%,0.52,0.53,0.53,896,386,2.32,12.75%,13.07%,-0.104805,2026-09-18
XLE,64.31,2026-10-16,27,Call,53.00,+17.59%,11.15,11.15,13.35,2186,943,2.32,27.12%,69.77%,0.868143,2026-09-18
SPY,761.69,2026-09-24,5,Call,764.00,-0.30%,3.22,3.24,3.26,787,341,2.31,12.75%,11.72%,0.425891,2026-09-18
FXI,34.32,2027-06-17,271,Put,27.00,-21.33%,0,0.53,4.8,2300,996,2.31,25.22%,53.05%,-0.212689,2026-09-18
FXI,34.32,2027-06-17,271,Put,35.00,+1.98%,2.11,2.84,3.35,2300,1000,2.3,25.22%,23.01%,-0.472932,2026-09-18
TQQQ,72.64,2026-09-21,2,Call,74.00,-1.87%,0.17,0.18,0.19,1661,726,2.29,50.03%,29.56%,0.203876,2026-09-18
SPY,761.69,2026-09-23,4,Put,741.00,-2.72%,0.24,0.25,0.25,660,289,2.28,12.75%,15.90%,-0.046494,2026-09-18
SLV,59.93,2026-11-20,62,Call,69.00,-15.13%,1.51,1.55,1.58,1385,608,2.28,37.70%,44.05%,0.257547,2026-09-18
QQQ,721.45,2026-09-24,5,Call,735.00,-1.88%,0.6,0.61,0.62,1538,675,2.28,17.35%,12.88%,0.115612,2026-09-18
XLU,41.1,2026-12-18,90,Put,36.50,-11.19%,0.1,0.17,0.24,1079,475,2.27,14.79%,18.36%,-0.093292,2026-09-18
QQQ,721.45,2026-10-02,13,Call,725.00,-0.49%,7.41,7.55,7.51,26098,11487,2.27,17.35%,16.08%,0.456777,2026-09-18
IBIT,46.02,2026-10-30,41,Call,50.00,-8.65%,0.96,1.01,1.01,5854,2593,2.26,37.78%,37.78%,0.288112,2026-09-18
SPY,761.69,2026-09-28,9,Call,779.00,-2.27%,0.25,0.19,0.26,751,333,2.26,12.75%,8.76%,0.057243,2026-09-18
SLV,59.93,2026-09-23,4,Call,63.00,-5.12%,0.12,0.12,0.14,839,373,2.25,37.70%,38.44%,0.112868,2026-09-18
SPY,761.69,2026-09-22,3,Put,752.00,-1.27%,0.45,0.45,0.47,1226,544,2.25,12.75%,11.96%,-0.114011,2026-09-18
EFA,104.97,2026-09-30,11,Call,105.00,-0.03%,0,0.94,4.8,2000,889,2.25,18.49%,33.55%,0.506482,2026-09-18
XLE,64.31,2026-10-02,13,Put,64.00,-0.48%,0,1.25,1.44,507,226,2.24,27.12%,18.33%,-0.430663,2026-09-18
SNXX,17.94,2026-09-25,6,Call,23.00,-28.21%,0.05,0.16,0.25,513,229,2.24,147.09%,142.70%,0.103236,2026-09-18
SPY,761.69,2026-09-24,5,Call,766.00,-0.57%,2.25,2.29,2.29,659,294,2.24,12.75%,11.11%,0.34496,2026-09-18
CONL,6.27,2026-10-16,27,Call,10.00,-59.49%,0.15,0.19,0.2,818,365,2.24,127.66%,143.55%,0.160192,2026-09-18
QQQ,721.45,2026-09-30,11,Call,724.00,-0.35%,6.6,5.81,6.69,1074,484,2.22,17.35%,15.05%,0.466304,2026-09-18
BITO,10.92,2026-12-18,90,Call,13.00,-19.05%,0.19,0.22,0.23,1265,569,2.22,38.58%,36.40%,0.205584,2026-09-18
QQQ,721.45,2026-10-16,27,Put,731.00,+1.32%,16.49,17.32,16.77,582,263,2.21,17.35%,15.42%,-0.602313,2026-09-18
SPY,761.69,2026-10-23,34,Put,759.00,-0.35%,8.9,8.87,8.99,752,341,2.21,12.75%,11.90%,-0.432778,2026-09-18
XLI,169.75,2027-01-15,118,Call,170.00,-0.15%,6.7,7.74,9.05,901,408,2.21,20.09%,18.33%,0.557692,2026-09-18
SPY,761.69,2026-09-25,6,Call,759.00,+0.35%,6.96,6.99,7.28,3085,1397,2.21,12.75%,14.08%,0.59079,2026-09-18
ETHA,19.92,2026-09-25,6,Call,20.50,-2.91%,0.33,0.36,0.35,9198,4183,2.2,51.82%,56.16%,0.361542,2026-09-18
GLD,401.17,2027-03-31,193,Call,430.00,-7.19%,19.6,19.8,20.65,519,236,2.2,21.72%,24.33%,0.426793,2026-09-18
SPY,761.69,2026-09-24,5,Call,767.00,-0.70%,1.85,1.89,1.89,805,366,2.2,12.75%,10.86%,0.304658,2026-09-18
MUU,33.72,2026-10-02,13,Call,35.00,-3.80%,2.7,2.77,3,1335,607,2.2,118.63%,133.13%,0.492997,2026-09-18
ETHA,19.92,2026-10-16,27,Put,20.00,+0.40%,1.08,1.1,1.14,2171,987,2.2,51.82%,50.58%,-0.478245,2026-09-18
USO,153.82,2026-09-23,4,Call,155.00,-0.77%,2.64,2.71,2.77,799,365,2.19,47.40%,50.16%,0.455519,2026-09-18
QQQ,721.45,2026-09-24,5,Call,717.00,+0.62%,8.01,7.23,8.24,613,281,2.18,17.35%,16.11%,0.641004,2026-09-18
QQQ,721.45,2026-09-22,3,Put,705.00,-2.28%,0.37,0.41,0.39,1691,777,2.18,17.35%,17.78%,-0.072885,2026-09-18
IWM,284.1,2026-09-25,6,Call,290.00,-2.08%,0.29,0.3,0.32,6985,3208,2.18,17.36%,13.56%,0.125211,2026-09-18
TQQQ,72.64,2026-09-25,6,Call,74.00,-1.87%,0.88,0.9,0.91,8567,3939,2.17,50.03%,38.94%,0.368918,2026-09-18
QQQ,721.45,2026-09-30,11,Call,737.00,-2.16%,1.79,1.46,1.84,861,399,2.16,17.35%,13.49%,0.195701,2026-09-18
QQQ,721.45,2026-09-30,11,Call,736.00,-2.02%,2.02,2.04,2.06,1032,478,2.16,17.35%,13.57%,0.213467,2026-09-18
KORU,20.04,2026-09-25,6,Call,22.00,-9.78%,0.3,0.6,0.85,1152,534,2.16,127.82%,123.73%,0.3067,2026-09-18
CRDU,7.53,2026-10-16,27,Call,7.00,+7.04%,0.95,1.2,1.6,1430,662,2.16,132.93%,125.09%,0.651955,2026-09-18
GLD,401.17,2026-09-23,4,Call,410.00,-2.20%,0.77,0.79,0.86,512,238,2.15,21.72%,21.30%,0.171727,2026-09-18
SLV,59.93,2026-09-23,4,Call,61.00,-1.79%,0.46,0.47,0.5,530,246,2.15,37.70%,36.00%,0.329873,2026-09-18
SPY,761.69,2026-09-30,11,Call,749.00,+1.67%,16.15,13.84,17.12,915,426,2.15,12.75%,15.98%,0.741614,2026-09-18
EWJ,97,2026-09-25,6,Put,94.00,-3.09%,0.1,0.24,0.45,2950,1371,2.15,21.73%,25.46%,-0.162061,2026-09-18
IBIT,46.02,2026-10-16,27,Call,46.00,+0.04%,1.88,1.94,1.96,31062,14522,2.14,37.78%,37.07%,0.532422,2026-09-18
SPY,761.69,2026-09-23,4,Put,752.00,-1.27%,0.73,0.73,0.75,776,363,2.14,12.75%,12.04%,-0.148416,2026-09-18
COPX,87.28,2028-01-21,489,Put,65.00,-25.53%,3.6,6.4,8.5,993,465,2.14,42.50%,46.02%,-0.184134,2026-09-18
QQQ,721.45,2026-09-22,3,Call,733.00,-1.60%,0.31,0.34,0.33,1205,565,2.13,17.35%,12.53%,0.085451,2026-09-18
SOXX,533.07,2027-06-17,271,Put,430.00,-19.34%,25.4,27.95,29.7,1650,774,2.13,36.07%,43.44%,-0.204783,2026-09-18
QQQ,721.45,2026-09-22,3,Call,725.00,-0.49%,1.88,1.97,1.93,4938,2317,2.13,17.35%,12.68%,0.345305,2026-09-18
QQQ,721.45,2026-09-25,6,Put,710.00,-1.59%,2.01,2.05,2.05,10080,4728,2.13,17.35%,17.03%,-0.221964,2026-09-18
SPY,761.69,2026-09-25,6,Call,776.00,-1.88%,0.32,0.32,0.33,2699,1272,2.12,12.75%,9.84%,0.075746,2026-09-18
GLD,401.17,2026-10-23,34,Put,375.00,-6.52%,2.01,2.02,2.16,536,253,2.12,21.72%,22.45%,-0.14373,2026-09-18
SOXL,123.67,2026-09-23,4,Call,130.00,-5.12%,1.56,2,2.5,563,266,2.12,109.70%,84.79%,0.30376,2026-09-18
QQQ,721.45,2026-09-21,2,Call,700.00,+2.97%,20.38,21.3,23.84,656,309,2.12,17.35%,28.92%,0.923508,2026-09-18
IWM,284.1,2026-09-25,6,Put,281.00,-1.09%,1.13,1.16,1.17,966,455,2.12,17.36%,16.77%,-0.295256,2026-09-18
IWM,284.1,2026-09-22,3,Put,283.00,-0.39%,0.94,1,0.98,1010,476,2.12,17.36%,14.29%,-0.374571,2026-09-18
QQQ,721.45,2026-10-09,20,Put,705.00,-2.28%,5.32,5.51,5.41,1195,565,2.12,17.35%,18.32%,-0.275976,2026-09-18
SPY,761.69,2026-09-23,4,Put,764.00,+0.30%,3.58,3.55,3.6,719,341,2.11,12.75%,7.47%,-0.641173,2026-09-18
SLV,59.93,2026-09-21,2,Call,60.00,-0.12%,0.5,0.54,0.52,2875,1361,2.11,37.70%,30.42%,0.487331,2026-09-18
SPY,761.69,2026-09-24,5,Put,734.00,-3.64%,0.22,0.24,0.24,620,295,2.1,12.75%,17.86%,-0.036053,2026-09-18
IWM,284.1,2026-09-25,6,Call,284.00,+0.04%,2.41,2.39,2.45,718,342,2.1,17.36%,15.96%,0.519106,2026-09-18
SPY,761.69,2026-09-24,5,Put,731.00,-4.03%,0.19,0.19,0.2,736,350,2.1,12.75%,18.90%,-0.029679,2026-09-18
SPY,761.69,2026-09-22,3,Put,764.00,+0.30%,3.04,3.03,3.06,759,364,2.09,12.75%,6.35%,-0.693089,2026-09-18
KORU,20.04,2026-09-25,6,Put,15.00,-25.15%,0.1,0.17,0.15,941,451,2.09,127.82%,159.77%,-0.064339,2026-09-18
QQQ,721.45,2026-10-09,20,Call,725.00,-0.49%,9.98,10.05,10.09,1787,853,2.09,17.35%,16.50%,0.475329,2026-09-18
QQQ,721.45,2026-09-25,6,Put,714.00,-1.03%,2.81,2.83,2.85,2224,1062,2.09,17.35%,16.16%,-0.29677,2026-09-18
IWM,284.1,2026-09-25,6,Put,283.00,-0.39%,1.71,1.74,1.75,3271,1567,2.09,17.36%,15.74%,-0.413098,2026-09-18
SPY,761.69,2026-10-16,27,Put,761.00,-0.09%,8.31,8.33,8.4,3301,1576,2.09,12.75%,11.29%,-0.463037,2026-09-18
USO,153.82,2026-09-25,6,Put,133.00,-13.54%,0.2,0.13,0.23,784,379,2.07,47.40%,66.42%,-0.039468,2026-09-18
SOXL,123.67,2026-09-25,6,Call,155.00,-25.33%,0.11,0.3,0.48,934,452,2.07,109.70%,100.84%,0.046745,2026-09-18
SOXL,123.67,2026-09-25,6,Put,115.00,-7.01%,2.24,2.68,2.97,1353,654,2.07,109.70%,98.19%,-0.259607,2026-09-18
TQQQ,72.64,2026-10-02,13,Put,61.00,-16.02%,0.31,0.4,0.4,3255,1572,2.07,50.03%,69.07%,-0.078664,2026-09-18
SOXS,41.49,2026-09-25,6,Put,38.00,-8.41%,0.6,0.75,0.84,686,333,2.06,111.06%,98.79%,-0.22324,2026-09-18
SPY,761.69,2026-10-02,13,Call,754.00,+1.01%,13.22,12.68,13.8,894,433,2.06,12.75%,15.19%,0.656002,2026-09-18
TQQQ,72.64,2026-09-23,4,Call,72.00,+0.88%,1.55,1.64,1.65,2197,1066,2.06,50.03%,40.97%,0.593706,2026-09-18
IWM,284.1,2026-09-24,5,Put,282.50,-0.56%,1.33,1.5,1.37,633,309,2.05,17.36%,15.78%,-0.37023,2026-09-18
SCHD,33.68,2026-10-30,41,Call,35.00,-3.92%,0.1,0.1,0.15,683,333,2.05,13.10%,11.16%,0.184742,2026-09-18
SPY,761.69,2026-09-25,6,Put,757.00,-0.62%,2.18,2.2,2.22,1973,962,2.05,12.75%,10.91%,-0.317139,2026-09-18
GDX,95.48,2026-09-25,6,Call,101.00,-5.78%,0.49,0.51,0.55,730,357,2.04,42.34%,45.47%,0.177513,2026-09-18
SPY,761.69,2026-10-01,12,Put,760.00,-0.22%,4.56,4.56,4.63,1464,719,2.04,12.75%,10.29%,-0.434285,2026-09-18
SPY,761.69,2026-09-28,9,Put,761.00,-0.09%,3.81,3.83,3.85,573,282,2.03,12.75%,9.17%,-0.457912,2026-09-18
QQQ,721.45,2026-09-21,2,Call,697.00,+3.39%,23.42,22.25,27.86,612,302,2.03,17.35%,38.19%,0.892519,2026-09-18
SPY,761.69,2026-10-30,41,Call,789.00,-3.59%,3.57,3.28,3.61,886,437,2.03,12.75%,11.78%,0.213719,2026-09-18
SPY,761.69,2026-09-23,4,Call,769.00,-0.96%,0.79,0.83,0.81,1366,673,2.03,12.75%,9.87%,0.186528,2026-09-18
QQQ,721.45,2026-09-25,6,Put,689.00,-4.50%,0.38,0.41,0.42,1657,818,2.03,17.35%,21.88%,-0.047226,2026-09-18
SPY,761.69,2026-09-23,4,Call,770.00,-1.09%,0.59,0.61,0.61,3265,1606,2.03,12.75%,9.70%,0.150384,2026-09-18
QQQ,721.45,2026-09-25,6,Put,717.00,-0.62%,3.6,3.62,3.65,4692,2314,2.03,17.35%,15.51%,-0.365571,2026-09-18
SPY,761.69,2026-09-25,6,Call,773.00,-1.48%,0.69,0.71,0.71,3576,1773,2.02,12.75%,10.21%,0.138828,2026-09-18
SPY,761.69,2026-09-25,6,Put,746.00,-2.06%,0.77,0.77,0.78,4511,2237,2.02,12.75%,13.94%,-0.115773,2026-09-18
QQQ,721.45,2026-09-25,6,Call,727.00,-0.77%,3.09,3.19,3.16,2032,1005,2.02,17.35%,14.34%,0.352514,2026-09-18
SPY,761.69,2026-09-23,4,Call,773.00,-1.48%,0.22,0.23,0.23,1432,711,2.01,12.75%,9.28%,0.069145,2026-09-18
SLV,59.93,2026-09-21,2,Call,61.50,-2.62%,0.11,0.12,0.12,2409,1199,2.01,37.70%,33.28%,0.151621,2026-09-18
SPY,761.69,2026-10-02,13,Call,760.00,+0.22%,8.79,9.17,9.15,4305,2149,2,12.75%,13.45%,0.55484,2026-09-18
QQQ,721.45,2026-09-25,6,Call,555.00,+23.07%,166.09,162,169.2,500,250,2,17.35%,106.78%,0.976546,2026-09-18
SPY,761.69,2026-09-29,10,Call,780.00,-2.40%,0.3,0.31,0.31,615,308,2,12.75%,9.01%,0.062289,2026-09-18
QQQ,721.45,2026-09-21,2,Call,689.00,+4.50%,32.16,27.82,35.42,1001,500,2,17.35%,48.86%,0.902422,2026-09-18
QQQ,721.45,2026-09-30,11,Put,713.00,-1.17%,4.31,4.6,4.36,1359,684,1.99,17.35%,16.26%,-0.32244,2026-09-18
SPY,761.69,2026-10-23,34,Put,755.00,-0.88%,7.72,7.75,7.82,603,305,1.98,12.75%,12.46%,-0.380292,2026-09-18
IBIT,46.02,2026-10-23,34,Call,55.00,-19.51%,0.25,0.26,0.28,757,382,1.98,37.78%,42.40%,0.099187,2026-09-18
SPY,761.69,2026-09-24,5,Call,762.00,-0.04%,4.26,4.45,4.49,1542,780,1.98,12.75%,12.34%,0.50186,2026-09-18
XLP,82.8,2026-10-16,27,Call,83.00,-0.24%,0.23,1.22,1.21,1062,540,1.97,15.95%,8.21%,0.496777,2026-09-18
GLD,401.17,2026-10-23,34,Call,450.00,-12.17%,1.09,1.09,1.13,1417,719,1.97,21.72%,25.40%,0.080984,2026-09-18
ASHR,33.77,2027-01-15,118,Call,36.00,-6.60%,0.53,0.61,0.66,1879,955,1.97,18.69%,16.50%,0.307813,2026-09-18
QQQ,721.45,2026-09-21,2,Put,715.00,-0.89%,0.69,0.71,0.71,40901,20775,1.97,17.35%,13.49%,-0.178706,2026-09-18
SPY,761.69,2026-09-23,4,Call,755.00,+0.88%,9.1,8.92,9.16,516,263,1.96,12.75%,15.54%,0.71522,2026-09-18
KRE,72.75,2026-10-02,13,Call,74.00,-1.72%,0.25,0.47,0.84,541,276,1.96,25.50%,18.56%,0.330965,2026-09-18
QQQ,721.45,2026-09-30,11,Call,733.00,-1.60%,2.82,2.6,2.88,1045,535,1.95,17.35%,13.84%,0.271488,2026-09-18
SPY,761.69,2026-09-23,4,Call,766.00,-0.57%,1.72,1.75,1.74,1270,650,1.95,12.75%,10.62%,0.317261,2026-09-18
QQQ,721.45,2026-09-25,6,Put,688.00,-4.64%,0.36,0.36,0.39,1757,899,1.95,17.35%,22.14%,-0.044197,2026-09-18
TSLL,9.63,2026-09-25,6,Call,9.50,+1.35%,0.37,0.41,0.42,5194,2666,1.95,80.98%,65.99%,0.583176,2026-09-18
IBIT,46.02,2026-09-25,6,Call,45.50,+1.13%,1.12,1.24,1.22,8206,4221,1.94,37.78%,37.15%,0.608326,2026-09-18
QQQ,721.45,2026-09-25,6,Put,715.00,-0.89%,3.05,3.05,3.1,10829,5580,1.94,17.35%,15.94%,-0.318506,2026-09-18
TQQQ,72.64,2026-10-02,13,Put,63.00,-13.27%,0.4,0.54,0.58,639,330,1.94,50.03%,64.86%,-0.108574,2026-09-18
GDX,95.48,2026-09-25,6,Put,95.00,-0.50%,1.74,1.81,1.87,1558,803,1.94,42.34%,42.29%,-0.448659,2026-09-18
SPY,761.69,2026-10-02,13,Call,759.00,+0.35%,9.48,9.4,9.89,582,301,1.93,12.75%,13.73%,0.573915,2026-09-18
USO,153.82,2026-10-16,27,Put,137.00,-10.93%,1.91,2.02,2,1000,517,1.93,47.40%,48.73%,-0.169005,2026-09-18
SNXX,17.94,2026-10-16,27,Call,18.00,-0.33%,2.6,2.72,2.9,1327,689,1.93,147.09%,142.42%,0.576122,2026-09-18
NVDL,34.87,2026-09-25,6,Call,38.00,-8.98%,0.1,0.17,0.21,5128,2677,1.92,62.70%,56.55%,0.126901,2026-09-18
USO,153.82,2026-09-23,4,Call,156.00,-1.42%,2.21,2.32,2.35,568,296,1.92,47.40%,49.93%,0.406896,2026-09-18
XLF,55.86,2026-09-25,6,Call,56.50,-1.15%,0,0.15,0.35,619,322,1.92,15.39%,14.35%,0.278142,2026-09-18
QQQ,721.45,2026-09-30,11,Call,717.00,+0.62%,10.78,10.23,11.04,1615,843,1.92,17.35%,16.22%,0.605853,2026-09-18
QQQ,721.45,2026-09-25,6,Put,711.00,-1.45%,2.18,2.2,2.23,1998,1041,1.92,17.35%,16.81%,-0.238888,2026-09-18
SPY,761.69,2026-09-24,5,Put,748.00,-1.80%,0.69,0.71,0.71,506,265,1.91,12.75%,13.43%,-0.118395,2026-09-18
QQQ,721.45,2027-12-17,454,Put,755.00,+4.65%,70.82,75.82,74.44,753,394,1.91,17.35%,21.29%,-0.499071,2026-09-18
TQQQ,72.64,2026-09-25,6,Put,67.50,-7.08%,0.37,0.38,0.41,1071,561,1.91,50.03%,55.74%,-0.142257,2026-09-18
ASHR,33.77,2026-09-25,6,Call,34.00,-0.68%,0.21,0.24,0.25,1417,743,1.91,18.69%,18.71%,0.402778,2026-09-18
IBIT,46.02,2026-12-18,90,Call,46.00,+0.04%,3.8,3.85,3.9,7733,4075,1.9,37.78%,39.95%,0.559318,2026-09-18
USO,153.82,2026-09-23,4,Call,161.00,-4.67%,0.93,0.98,0.98,591,311,1.9,47.40%,51.58%,0.208767,2026-09-18
IWM,284.1,2026-09-24,5,Call,291.00,-2.43%,0.11,0.11,0.13,600,315,1.9,17.36%,13.17%,0.063402,2026-09-18
QQQ,721.45,2026-09-21,2,Call,709.00,+1.73%,12.13,12.2,14.91,762,402,1.9,17.35%,22.93%,0.851889,2026-09-18
ETHA,19.92,2026-10-23,34,Call,24.00,-20.48%,0.24,0.28,0.32,1288,677,1.9,51.82%,56.60%,0.16545,2026-09-18
SPY,761.69,2026-09-25,6,Call,754.00,+1.01%,10.5,11,11.71,1880,990,1.9,12.75%,16.25%,0.698039,2026-09-18
USO,153.82,2026-11-20,62,Put,115.00,-25.24%,0.89,0.99,1.06,671,355,1.89,47.40%,50.78%,-0.063996,2026-09-18
QQQ,721.45,2026-09-30,11,Call,729.00,-1.05%,4.24,3.79,4.31,905,478,1.89,17.35%,14.31%,0.35665,2026-09-18
TQQQ,72.64,2026-09-21,2,Call,71.00,+2.26%,1.87,1.93,2,1224,649,1.89,50.03%,40.97%,0.780795,2026-09-18
QQQ,721.45,2026-09-22,3,Put,700.00,-2.97%,0.2,0.21,0.22,1655,877,1.89,17.35%,19.36%,-0.040703,2026-09-18
SPY,761.69,2026-09-24,5,Call,755.00,+0.88%,9.3,8.46,10,722,385,1.88,12.75%,15.46%,0.697381,2026-09-18
XOP,190.61,2026-09-25,6,Call,210.00,-10.17%,0,0.15,2.37,751,400,1.88,33.22%,68.00%,0.144313,2026-09-18
SLV,59.93,2026-09-23,4,Call,60.00,-0.12%,0.85,0.85,0.9,887,473,1.88,37.70%,35.86%,0.49931,2026-09-18
QQQ,721.45,2026-10-02,13,Call,726.00,-0.63%,6.9,6.56,6.99,1239,658,1.88,17.35%,15.93%,0.438135,2026-09-18
QQQ,721.45,2026-09-22,3,Put,698.00,-3.25%,0.16,0.16,0.18,652,349,1.87,17.35%,20.05%,-0.032829,2026-09-18
SOXL,123.67,2026-10-23,34,Put,96.50,-21.97%,5.25,6.05,6.8,506,272,1.86,109.70%,122.26%,-0.195022,2026-09-18
SOXX,533.07,2026-10-16,27,Put,525.00,-1.51%,13.7,16.5,18.3,1055,568,1.86,36.07%,35.43%,-0.409709,2026-09-18
QQQ,721.45,2026-09-25,6,Call,741.00,-2.71%,0.29,0.32,0.31,699,377,1.85,17.35%,12.98%,0.058609,2026-09-18
ETHA,19.92,2026-10-30,41,Call,22.00,-10.44%,0.66,0.67,0.76,1999,1082,1.85,51.82%,53.72%,0.330511,2026-09-18
IWM,284.1,2026-10-09,20,Put,280.00,-1.44%,2.68,2.72,2.74,6056,3286,1.84,17.36%,17.47%,-0.342724,2026-09-18
SOXS,41.49,2026-09-25,6,Put,42.00,+1.23%,2.29,2.41,2.5,714,388,1.84,111.06%,100.42%,-0.510726,2026-09-18
QQQ,721.45,2026-09-25,6,Put,687.00,-4.78%,0.33,0.32,0.37,869,473,1.84,17.35%,22.38%,-0.041237,2026-09-18
XBI,156.72,2027-01-15,118,Call,160.00,-2.09%,9.85,9.8,10.25,2173,1182,1.84,29.62%,30.01%,0.514342,2026-09-18
IGV,104.35,2026-09-25,6,Put,103.00,-1.29%,0.84,0.91,1.01,505,276,1.83,30.40%,28.77%,-0.35021,2026-09-18
QQQ,721.45,2026-09-23,4,Put,692.00,-4.08%,0.18,0.23,0.21,506,276,1.83,17.35%,21.56%,-0.03058,2026-09-18
IGV,104.35,2026-09-25,6,Call,107.00,-2.54%,0.5,0.67,0.75,610,333,1.83,30.40%,29.55%,0.265004,2026-09-18
SPY,761.69,2026-10-02,13,Call,758.00,+0.48%,10.19,10.55,10.64,1040,568,1.83,12.75%,14.02%,0.592104,2026-09-18
SPY,761.69,2026-09-30,11,Put,742.00,-2.59%,1.24,1.3,1.26,2214,1210,1.83,12.75%,14.06%,-0.132341,2026-09-18
SLV,59.93,2026-10-23,34,Call,61.00,-1.79%,2.39,2.43,2.46,621,341,1.82,37.70%,38.59%,0.475257,2026-09-18
ARKK,88.23,2026-10-02,13,Put,88.00,-0.26%,1.67,2.42,2.57,640,352,1.82,33.67%,34.41%,-0.46479,2026-09-18
UVXY,17.53,2026-09-25,6,Put,17.50,-0.17%,0.48,0.55,0.55,649,356,1.82,83.59%,59.68%,-0.473331,2026-09-18
SPY,761.69,2026-10-30,41,Put,716.00,-6.00%,3.2,3.21,3.23,742,408,1.82,12.75%,18.00%,-0.135062,2026-09-18
SPY,761.69,2026-10-02,13,Put,758.00,-0.48%,4.35,4.47,4.41,894,491,1.82,12.75%,11.04%,-0.38933,2026-09-18
IBIT,46.02,2026-10-09,20,Put,44.00,-4.39%,0.75,0.79,0.81,913,501,1.82,37.78%,38.53%,-0.287167,2026-09-18
BITO,10.92,2026-09-25,6,Call,10.50,+3.85%,0.45,0.49,0.51,588,325,1.81,38.58%,36.17%,0.811099,2026-09-18
QQQ,721.45,2026-10-02,13,Call,722.00,-0.08%,9.08,8.73,9.17,911,504,1.81,17.35%,16.54%,0.511236,2026-09-18
QQQ,721.45,2026-09-25,6,Put,701.00,-2.83%,0.96,0.98,0.99,1615,890,1.81,17.35%,19.03%,-0.112942,2026-09-18
DIA,515.88,2026-10-16,27,Put,480.00,-6.96%,0.81,0.92,0.97,3248,1800,1.8,12.82%,19.15%,-0.072882,2026-09-18
SLV,59.93,2026-10-02,13,Put,60.00,+0.12%,1.55,1.6,1.63,814,452,1.8,37.70%,35.22%,-0.487746,2026-09-18
IBIT,46.02,2026-10-30,41,Call,48.50,-5.39%,1.34,1.31,1.46,1767,989,1.79,37.78%,37.57%,0.374152,2026-09-18
IBIT,46.02,2026-09-25,6,Call,42.00,+8.74%,3.95,3.99,4.25,2065,1152,1.79,37.78%,44.23%,0.950611,2026-09-18
CONL,6.27,2026-10-16,27,Call,8.00,-27.59%,0.35,0.35,0.4,2208,1232,1.79,127.66%,131.60%,0.310515,2026-09-18
DRAM,59.61,2026-11-20,62,Call,100.00,-67.76%,0.21,0.23,0.44,10210,5737,1.78,57.46%,69.57%,0.050339,2026-09-18
QQQ,721.45,2026-10-16,27,Put,697.00,-3.39%,5.41,5.76,5.52,1223,687,1.78,17.35%,19.53%,-0.237325,2026-09-18
SPY,761.69,2026-09-28,9,Call,770.00,-1.09%,1.78,1.8,1.83,1517,851,1.78,12.75%,9.83%,0.257074,2026-09-18
QQQ,721.45,2026-09-25,6,Put,708.00,-1.86%,1.7,1.69,1.74,1749,985,1.78,17.35%,17.46%,-0.191277,2026-09-18
IBIT,46.02,2026-09-23,4,Put,44.00,-4.39%,0.13,0.17,0.18,1211,686,1.77,37.78%,41.93%,-0.146181,2026-09-18
SPY,761.69,2026-09-25,6,Call,740.00,+2.85%,22.15,23.5,25.81,525,300,1.75,12.75%,23.43%,0.839232,2026-09-18
SLV,59.93,2026-09-23,4,Call,62.00,-3.45%,0.23,0.25,0.26,743,424,1.75,37.70%,36.60%,0.195755,2026-09-18
USO,153.82,2027-09-17,363,Call,235.00,-52.78%,8.45,8.78,9,827,472,1.75,47.40%,44.52%,0.260032,2026-09-18
SPY,761.69,2026-09-28,9,Put,762.00,+0.04%,4.15,4.15,4.21,1397,799,1.75,12.75%,8.89%,-0.494981,2026-09-18
SPY,761.69,2026-09-30,11,Put,758.00,-0.48%,3.69,3.81,3.73,2181,1253,1.74,12.75%,10.60%,-0.378545,2026-09-18
GLD,401.17,2026-09-21,2,Put,400.00,-0.29%,1.19,1.26,1.23,837,485,1.73,21.72%,14.89%,-0.387599,2026-09-18
TQQQ,72.64,2026-09-21,2,Call,73.00,-0.50%,0.52,0.53,0.57,2661,1535,1.73,50.03%,32.76%,0.427168,2026-09-18
IBIT,46.02,2026-10-02,13,Call,47.00,-2.13%,0.88,0.95,0.94,4145,2408,1.72,37.78%,37.70%,0.404217,2026-09-18
SOXL,123.67,2026-09-21,2,Call,123.00,+0.54%,2.3,3.2,4.2,609,354,1.72,109.70%,79.36%,0.549837,2026-09-18
TQQQ,72.64,2026-09-25,6,Call,73.50,-1.18%,1.08,1.12,1.16,868,506,1.72,50.03%,39.96%,0.423669,2026-09-18
KRE,72.75,2026-10-16,27,Call,77.00,-5.84%,0.13,0.34,0.61,925,538,1.72,25.50%,20.65%,0.173029,2026-09-18
SPY,761.69,2026-09-23,4,Put,762.00,+0.04%,2.72,2.73,2.74,4222,2464,1.71,12.75%,8.40%,-0.506622,2026-09-18
QQQ,721.45,2026-10-02,13,Put,715.00,-0.89%,5.86,5.88,5.93,4824,2834,1.7,17.35%,16.72%,-0.370604,2026-09-18
SPY,761.69,2026-09-24,5,Put,755.00,-0.88%,1.45,1.51,1.46,674,396,1.7,12.75%,11.32%,-0.242764,2026-09-18
QQQ,721.45,2026-09-25,6,Call,736.00,-2.02%,0.75,0.78,0.79,1732,1017,1.7,17.35%,13.21%,0.127314,2026-09-18
SLV,59.93,2026-10-02,13,Call,61.00,-1.79%,1.21,1.22,1.26,914,542,1.69,37.70%,37.03%,0.42082,2026-09-18
SQQQ,37.87,2026-09-25,6,Call,38.00,-0.34%,0.66,0.68,0.68,1813,1075,1.69,53.48%,37.25%,0.485881,2026-09-18
QQQ,721.45,2026-09-25,6,Put,698.00,-3.25%,0.76,0.83,0.79,1948,1151,1.69,17.35%,19.74%,-0.090517,2026-09-18
IWM,284.1,2026-09-21,2,Call,287.00,-1.02%,0.12,0.12,0.13,2548,1510,1.69,17.36%,11.06%,0.111361,2026-09-18
QQQ,721.45,2026-09-25,6,Call,730.00,-1.19%,2.03,2.09,2.08,11368,6720,1.69,17.35%,13.84%,0.265999,2026-09-18
SLV,59.93,2026-10-16,27,Put,59.00,-1.55%,1.84,1.86,1.89,4414,2621,1.68,37.70%,36.65%,-0.409756,2026-09-18
IBIT,46.02,2026-12-18,90,Call,64.00,-39.07%,0.36,0.39,0.44,505,301,1.68,37.78%,44.76%,0.091721,2026-09-18
SPY,761.69,2026-09-22,3,Put,737.00,-3.24%,0.1,0.1,0.11,635,378,1.68,12.75%,18.27%,-0.022224,2026-09-18
SPY,761.69,2026-09-22,3,Put,742.00,-2.59%,0.14,0.16,0.15,738,439,1.68,12.75%,15.94%,-0.033331,2026-09-18
IWM,284.1,2026-09-23,4,Put,283.00,-0.39%,1.21,1.26,1.27,1046,621,1.68,17.36%,14.90%,-0.392923,2026-09-18
SPY,761.69,2026-10-02,13,Call,762.00,-0.04%,7.5,7.73,7.8,1728,1030,1.68,12.75%,12.97%,0.513854,2026-09-18
SPY,761.69,2026-09-23,4,Call,772.00,-1.35%,0.31,0.31,0.32,2122,1263,1.68,12.75%,9.38%,0.09101,2026-09-18
MSTZ,2.82,2026-12-18,90,Call,4.00,-41.84%,0,0.45,0.5,797,476,1.67,174.63%,102.46%,0.338127,2026-09-18
USO,153.82,2026-09-23,4,Put,154.00,+0.12%,3.2,3.28,3.35,797,476,1.67,47.40%,49.98%,-0.496067,2026-09-18
QQQ,721.45,2026-10-23,34,Call,720.00,+0.20%,17.47,17.74,17.78,1035,621,1.67,17.35%,17.95%,0.547907,2026-09-18
HYG,78.53,2026-12-18,90,Put,72.00,-8.32%,0.1,0.17,0.4,12103,7238,1.67,5.86%,14.29%,-0.093417,2026-09-18
GLD,401.17,2026-09-25,6,Call,415.00,-3.45%,0.68,0.72,0.76,2245,1352,1.66,21.72%,22.46%,0.126697,2026-09-18
IBIT,46.02,2026-10-23,34,Call,60.00,-30.38%,0.11,0.12,0.13,938,565,1.66,37.78%,48.52%,0.045145,2026-09-18
IWM,284.1,2026-09-23,4,Put,282.00,-0.74%,0.94,0.94,0.97,1077,649,1.66,17.36%,15.57%,-0.316241,2026-09-18
SPY,761.69,2026-09-29,10,Put,735.00,-3.50%,0.64,0.72,0.66,658,399,1.65,12.75%,15.35%,-0.074384,2026-09-18
IBIT,46.02,2026-10-30,41,Call,45.50,+1.13%,2.59,2.69,2.73,932,565,1.65,37.78%,37.50%,0.573949,2026-09-18
SPY,761.69,2026-09-25,6,Call,769.00,-0.96%,1.64,1.69,1.69,2255,1368,1.65,12.75%,10.93%,0.260052,2026-09-18
QQQ,721.45,2026-10-02,13,Put,719.00,-0.34%,7.17,7.5,7.25,599,365,1.64,17.35%,16.07%,-0.437481,2026-09-18
SOXL,123.67,2026-09-25,6,Put,93.00,-24.80%,0.18,0.39,0.42,614,375,1.64,109.70%,128.73%,-0.03494,2026-09-18
XLE,64.31,2026-09-21,2,Put,64.00,-0.48%,0,0.4,0.98,722,441,1.64,27.12%,33.56%,-0.416491,2026-09-18
SLV,59.93,2026-09-25,6,Call,60.50,-0.95%,0.85,0.88,0.91,772,475,1.63,37.70%,36.60%,0.434253,2026-09-18
QQQ,721.45,2026-09-30,11,Call,734.00,-1.74%,2.52,2.13,2.58,923,567,1.63,17.35%,13.73%,0.251171,2026-09-18
SMH,573,2026-11-20,62,Call,605.00,-5.58%,18.65,18,20.6,508,314,1.62,32.33%,32.93%,0.387353,2026-09-18
SPY,761.69,2026-09-23,4,Put,737.00,-3.24%,0.17,0.19,0.18,561,347,1.62,12.75%,17.26%,-0.032282,2026-09-18
QQQ,721.45,2026-10-23,34,Call,735.00,-1.88%,9.53,9.63,9.76,639,394,1.62,17.35%,16.49%,0.388503,2026-09-18
TQQQ,72.64,2026-09-23,4,Call,75.00,-3.25%,0.26,0.27,0.28,644,397,1.62,50.03%,34.00%,0.192288,2026-09-18
QQQ,721.45,2026-09-25,6,Put,691.00,-4.22%,0.45,0.46,0.48,1115,687,1.62,17.35%,21.44%,-0.054721,2026-09-18
SOXL,123.67,2026-09-25,6,Put,102.00,-17.52%,0.56,0.71,0.84,611,379,1.61,109.70%,113.49%,-0.080684,2026-09-18
SPY,761.69,2026-10-02,13,Put,751.00,-1.40%,2.81,2.91,2.84,1020,632,1.61,12.75%,12.48%,-0.258622,2026-09-18
QQQ,721.45,2027-09-17,363,Put,440.00,-39.01%,5.15,5.65,6.08,611,382,1.6,17.35%,35.25%,-0.04683,2026-09-18
XBI,156.72,2026-10-16,27,Call,160.00,-2.09%,3.5,3.72,3.85,675,421,1.6,29.62%,28.99%,0.424791,2026-09-18
MUU,33.72,2026-09-25,6,Call,34.00,-0.83%,1.3,1.5,1.65,1034,646,1.6,118.63%,92.56%,0.497872,2026-09-18
SLV,59.93,2026-09-25,6,Put,60.00,+0.12%,1.05,1.11,1.11,1660,1040,1.6,37.70%,34.59%,-0.497485,2026-09-18
IWM,284.1,2026-10-09,20,Call,288.00,-1.37%,2.66,2.68,2.73,668,420,1.59,17.36%,15.79%,0.377224,2026-09-18
ETHA,19.92,2026-10-23,34,Call,23.00,-15.46%,0.37,0.39,0.45,707,445,1.59,51.82%,55.34%,0.227729,2026-09-18
QQQ,721.45,2026-10-01,12,Put,715.00,-0.89%,5.3,5.3,5.37,1039,655,1.59,17.35%,16.22%,-0.363177,2026-09-18
SOXL,123.67,2026-09-25,6,Put,105.00,-15.10%,0.9,1.02,1.2,2629,1652,1.59,109.70%,112.74%,-0.113454,2026-09-18
KWEB,24.83,2026-10-16,27,Call,25.00,-0.68%,0.75,0.73,0.8,13419,8446,1.59,29.83%,30.59%,0.496744,2026-09-18
TLT,81.25,2026-10-02,13,Call,83.00,-2.15%,0.13,0.14,0.14,14371,9063,1.59,11.46%,10.74%,0.157654,2026-09-18
QQQ,721.45,2026-09-25,6,Call,724.00,-0.35%,4.48,4.62,4.56,2520,1594,1.58,17.35%,14.98%,0.441812,2026-09-18
SPY,761.69,2026-09-28,9,Call,761.00,+0.09%,6.12,5.99,6.46,668,423,1.58,12.75%,11.90%,0.537221,2026-09-18
IWM,284.1,2026-09-22,3,Call,287.00,-1.02%,0.32,0.34,0.34,697,441,1.58,17.36%,12.38%,0.189242,2026-09-18
IBIT,46.02,2026-10-09,20,Put,41.00,-10.91%,0.23,0.23,0.26,1133,716,1.58,37.78%,42.13%,-0.107688,2026-09-18
QQQ,721.45,2026-09-25,6,Call,744.00,-3.13%,0.14,0.12,0.17,589,374,1.57,17.35%,12.81%,0.033429,2026-09-18
SPY,761.69,2026-09-29,10,Call,775.00,-1.75%,0.88,0.62,0.9,780,497,1.57,12.75%,9.44%,0.146173,2026-09-18
SOXS,41.49,2026-09-25,6,Call,46.00,-10.87%,0.4,0.49,0.67,919,585,1.57,111.06%,91.27%,0.206591,2026-09-18
IBIT,46.02,2026-10-23,34,Call,47.50,-3.22%,1.47,1.5,1.56,1099,701,1.57,37.78%,37.11%,0.423737,2026-09-18
SPY,761.69,2026-09-23,4,Call,774.00,-1.62%,0.15,0.16,0.16,1808,1149,1.57,12.75%,9.16%,0.050831,2026-09-18
TLT,81.25,2026-09-25,6,Put,81.50,+0.31%,0.55,0.57,0.57,8512,5430,1.57,11.46%,10.52%,-0.580386,2026-09-18
QQQ,721.45,2026-09-25,6,Call,723.00,-0.21%,5.01,5.12,5.09,2412,1551,1.56,17.35%,15.20%,0.470896,2026-09-18
QQQ,721.45,2026-09-23,4,Call,725.00,-0.49%,2.62,2.71,2.67,3025,1937,1.56,17.35%,13.52%,0.376486,2026-09-18
SPY,761.69,2026-09-22,3,Call,757.00,+0.62%,6.91,6.67,6.96,740,474,1.56,12.75%,14.75%,0.686208,2026-09-18
SPY,761.69,2026-09-29,10,Call,771.00,-1.22%,1.81,1.29,1.86,807,518,1.56,12.75%,9.97%,0.247374,2026-09-18
SPY,761.69,2026-09-28,9,Call,760.00,+0.22%,6.82,6.95,7.15,1056,679,1.56,12.75%,12.22%,0.563557,2026-09-18
SLV,59.93,2026-09-21,2,Call,57.50,+4.05%,2.47,2.59,2.56,586,379,1.55,37.70%,41.56%,0.914243,2026-09-18
MSTX,18.73,2026-10-16,27,Put,10.00,-46.61%,0.05,0.12,0.41,615,397,1.55,140.95%,166.99%,-0.053235,2026-09-18
IBIT,46.02,2026-09-30,11,Call,47.00,-2.13%,0.75,0.82,0.98,758,488,1.55,37.78%,39.64%,0.399005,2026-09-18
QQQ,721.45,2026-09-22,3,Put,722.00,+0.08%,3.43,3.49,3.5,776,502,1.55,17.35%,12.53%,-0.517474,2026-09-18
QQQ,721.45,2026-09-21,2,Call,734.00,-1.74%,0.1,0.11,0.11,1703,1100,1.55,17.35%,12.96%,0.037987,2026-09-18
IBIT,46.02,2026-10-02,13,Call,46.00,+0.04%,1.3,1.33,1.38,4338,2802,1.55,37.78%,37.56%,0.523849,2026-09-18
TLT,81.25,2026-09-25,6,Call,81.00,+0.31%,0.62,0.62,0.72,7752,5004,1.55,11.46%,12.52%,0.587573,2026-09-18
QQQ,721.45,2026-09-25,6,Put,693.00,-3.94%,0.52,0.56,0.55,5248,3401,1.54,17.35%,20.94%,-0.062956,2026-09-18
SPCH,10.4,2026-09-25,6,Put,10.00,-3.85%,0.3,0.4,0.45,582,377,1.54,100.85%,106.36%,-0.359595,2026-09-18
SPY,761.69,2026-10-02,13,Call,761.00,+0.09%,8.14,8.12,8.48,871,565,1.54,12.75%,13.23%,0.534715,2026-09-18
USO,153.82,2026-09-23,4,Call,154.00,-0.12%,3.1,3.17,3.25,557,364,1.53,47.40%,50.33%,0.504665,2026-09-18
SPY,761.69,2026-09-25,6,Put,759.00,-0.35%,2.68,2.67,2.72,3312,2176,1.52,12.75%,10.34%,-0.381602,2026-09-18
SLV,59.93,2026-09-28,9,Call,61.00,-1.79%,0.79,0.82,0.84,504,331,1.52,37.70%,33.23%,0.383648,2026-09-18
SQQQ,37.87,2026-09-25,6,Put,38.50,+1.66%,1.43,1.52,1.74,686,450,1.52,53.48%,64.37%,-0.560874,2026-09-18
XLK,189.6,2026-10-16,27,Call,192.00,-1.27%,3.2,2.99,4,1675,1100,1.52,22.19%,21.72%,0.444262,2026-09-18
QQQ,721.45,2026-10-09,20,Call,719.00,+0.34%,13.44,13.65,13.74,533,353,1.51,17.35%,17.31%,0.55881,2026-09-18
SPY,761.69,2026-10-30,41,Put,665.00,-12.69%,1.21,1.25,1.23,549,364,1.51,12.75%,25.03%,-0.045025,2026-09-18
SPY,761.69,2026-09-24,5,Call,769.00,-0.96%,1.2,1.24,1.22,794,527,1.51,12.75%,10.39%,0.226934,2026-09-18
SPY,761.69,2026-09-24,5,Call,770.00,-1.09%,0.95,0.97,0.97,1829,1209,1.51,12.75%,10.22%,0.192008,2026-09-18
TSLL,9.63,2026-09-25,6,Call,10.00,-3.84%,0.21,0.21,0.22,10043,6632,1.51,80.98%,73.52%,0.364454,2026-09-18
ETHA,19.92,2026-12-18,90,Call,20.00,-0.40%,2.14,2.24,2.25,25982,17348,1.5,51.82%,54.55%,0.561859,2026-09-18
SPY,761.69,2026-10-02,13,Put,764.00,+0.30%,6.44,6.61,6.52,1020,678,1.5,12.75%,9.74%,-0.547746,2026-09-18
ARKG,51.64,2026-10-16,27,Put,50.00,-3.18%,1.8,2.05,2.1,1562,1040,1.5,50.00%,49.79%,-0.373649,2026-09-18
QQQ,721.45,2026-09-24,5,Call,730.00,-1.19%,1.51,1.56,1.55,1934,1291,1.5,17.35%,13.27%,0.235074,2026-09-18
QQQ,721.45,2026-09-25,6,Call,714.00,+1.03%,10.87,11.25,11.58,743,497,1.49,17.35%,17.93%,0.686571,2026-09-18
TLT,81.25,2026-09-28,9,Call,82.00,-0.92%,0.23,0.23,0.24,888,594,1.49,11.46%,10.04%,0.293733,2026-09-18
SPY,761.69,2026-09-25,6,Call,771.00,-1.22%,1.09,1.12,1.12,2301,1545,1.49,12.75%,10.54%,0.194965,2026-09-18
QQQ,721.45,2026-09-25,6,Call,719.00,+0.34%,7.32,7.6,7.57,3694,2481,1.49,17.35%,16.08%,0.579746,2026-09-18
SPY,761.69,2026-09-25,6,Put,762.00,+0.04%,3.65,3.65,3.71,5167,3463,1.49,12.75%,9.42%,-0.499948,2026-09-18
SOXL,123.67,2026-09-25,6,Call,120.00,+2.97%,7.1,8,9,2468,1664,1.48,109.70%,96.29%,0.621953,2026-09-18
IWM,284.1,2026-10-16,27,Call,283.00,+0.39%,6.29,6.08,6.39,542,366,1.48,17.36%,17.85%,0.556598,2026-09-18
SPY,761.69,2026-09-25,6,Call,779.00,-2.27%,0.13,0.14,0.14,1581,1071,1.48,12.75%,9.55%,0.036492,2026-09-18
GDX,95.48,2026-09-25,6,Call,95.00,+0.50%,2.35,2.37,2.59,541,367,1.47,42.34%,45.00%,0.550354,2026-09-18
SPY,761.69,2026-09-30,11,Call,754.00,+1.01%,12.26,10.2,12.86,738,503,1.47,12.75%,14.69%,0.670838,2026-09-18
SPY,761.69,2026-11-30,72,Put,600.00,-21.23%,1.24,1.28,1.26,755,514,1.47,12.75%,30.28%,-0.030028,2026-09-18
GLD,401.17,2026-09-25,6,Call,405.00,-0.95%,2.78,2.74,2.9,932,634,1.47,21.72%,21.37%,0.377738,2026-09-18
IBIT,46.02,2026-10-02,13,Put,45.00,-2.22%,0.85,0.88,0.89,1578,1076,1.47,37.78%,39.09%,-0.361141,2026-09-18
EWY,181.31,2026-10-02,13,Put,160.00,-11.75%,0.7,0.81,1.01,1852,1260,1.47,45.34%,52.92%,-0.096316,2026-09-18
XLE,64.31,2026-10-16,27,Call,55.00,+14.48%,7.2,9.25,11.35,2924,1991,1.47,27.12%,22.82%,0.993837,2026-09-18
SPY,761.69,2026-10-02,13,Put,755.00,-0.88%,3.59,3.63,3.65,3108,2111,1.47,12.75%,11.67%,-0.326954,2026-09-18
IBIT,46.02,2026-10-02,13,Call,46.50,-1.04%,1.08,1.09,1.1,2730,1871,1.46,37.78%,37.05%,0.462162,2026-09-18
CONL,6.27,2026-10-16,27,Call,7.00,-11.64%,0.55,0.55,0.6,2968,2030,1.46,127.66%,123.89%,0.440194,2026-09-18
SPY,761.69,2026-09-25,6,Call,770.00,-1.09%,1.35,1.37,1.38,9678,6621,1.46,12.75%,10.73%,0.226641,2026-09-18
SPY,761.69,2026-09-30,11,Call,752.00,+1.27%,13.86,12.13,14.52,885,608,1.46,12.75%,15.29%,0.700604,2026-09-18
SLV,59.93,2026-09-25,6,Put,59.50,-0.72%,0.83,0.87,0.86,993,682,1.46,37.70%,34.71%,-0.422671,2026-09-18
SPY,761.69,2026-10-09,20,Call,765.00,-0.43%,7.96,8.14,8.03,1127,773,1.46,12.75%,12.70%,0.467505,2026-09-18
TQQQ,72.64,2026-09-23,4,Put,70.00,-3.63%,0.51,0.51,0.54,1287,879,1.46,50.03%,50.20%,-0.230399,2026-09-18
SPY,761.69,2026-09-30,11,Call,756.00,+0.75%,10.67,10.58,11.26,1676,1149,1.46,12.75%,14.07%,0.637728,2026-09-18
SOXL,123.67,2026-10-09,20,Call,140.00,-13.20%,5.15,5.82,6.5,550,380,1.45,109.70%,99.62%,0.342079,2026-09-18
SLV,59.93,2026-09-25,6,Call,61.50,-2.62%,0.51,0.52,0.55,1387,956,1.45,37.70%,36.59%,0.303233,2026-09-18
IBIT,46.02,2026-10-09,20,Call,47.00,-2.13%,1.18,1.24,1.26,1614,1111,1.45,37.78%,37.47%,0.431019,2026-09-18
QQQ,721.45,2026-09-25,6,Call,716.00,+0.76%,9.39,9.61,9.65,2066,1423,1.45,17.35%,16.79%,0.650927,2026-09-18
TLT,81.25,2026-09-23,4,Call,81.50,-0.31%,0.24,0.25,0.25,2277,1566,1.45,11.46%,10.26%,0.397643,2026-09-18
IWM,284.1,2026-11-20,62,Put,245.00,-13.76%,1.11,1.18,1.15,3245,2236,1.45,17.36%,26.89%,-0.076408,2026-09-18
KWEB,24.83,2026-09-25,6,Call,25.00,-0.68%,0.26,0.35,0.37,5381,3703,1.45,29.83%,30.43%,0.444282,2026-09-18
IBIT,46.02,2026-09-25,6,Call,46.00,+0.04%,0.88,0.96,0.99,27704,19250,1.44,37.78%,38.73%,0.518186,2026-09-18
USO,153.82,2026-09-25,6,Call,158.00,-2.72%,2.11,2.13,2.2,756,524,1.44,47.40%,48.41%,0.347761,2026-09-18
BOIL,20.02,2026-09-25,6,Call,21.00,-4.90%,0.23,0.24,0.25,877,608,1.44,71.64%,57.67%,0.273787,2026-09-18
NVDL,34.87,2026-09-25,6,Call,31.50,+9.66%,2.66,3.4,5.35,569,398,1.43,62.70%,108.24%,0.789933,2026-09-18
QQQ,721.45,2026-09-22,3,Put,702.00,-2.70%,0.25,0.3,0.28,683,479,1.43,17.35%,18.73%,-0.051237,2026-09-18
IBIT,46.02,2026-10-09,20,Put,42.00,-8.74%,0.33,0.36,0.37,1751,1224,1.43,37.78%,40.19%,-0.149709,2026-09-18
SPY,761.69,2026-09-30,11,Put,759.00,-0.35%,3.97,4.02,4.02,1827,1280,1.43,12.75%,10.37%,-0.404481,2026-09-18
IWM,284.1,2026-09-25,6,Put,278.00,-2.15%,0.61,0.58,0.64,4052,2833,1.43,17.36%,18.43%,-0.171906,2026-09-18
SLV,59.93,2027-03-31,193,Put,45.00,-24.91%,1.2,1.26,1.29,845,597,1.42,37.70%,41.41%,-0.122318,2026-09-18
QQQ,721.45,2026-09-25,6,Call,737.00,-2.16%,0.63,0.68,0.66,1119,788,1.42,17.35%,13.16%,0.110424,2026-09-18
XOP,190.61,2026-10-16,27,Call,195.00,-2.30%,2.6,4.7,7,576,409,1.41,33.22%,31.41%,0.423278,2026-09-18
IWM,284.1,2026-10-02,13,Put,282.00,-0.74%,2.49,2.52,2.54,4930,3522,1.4,17.36%,16.71%,-0.391647,2026-09-18
QQQ,721.45,2026-09-24,5,Put,705.00,-2.28%,1.01,1,1.05,628,450,1.4,17.35%,18.16%,-0.13239,2026-09-18
XLI,169.75,2026-10-16,27,Call,170.00,-0.15%,1.97,3.25,6.9,663,474,1.4,20.09%,23.66%,0.518634,2026-09-18
JETS,28.22,2026-10-23,34,Call,29.00,-2.76%,0.87,1,0.99,780,559,1.4,36.74%,35.69%,0.434811,2026-09-18
QQQ,721.45,2026-09-25,6,Call,739.00,-2.43%,0.43,0.43,0.46,1509,1080,1.4,17.35%,13.06%,0.081495,2026-09-18
SNXX,17.94,2026-09-25,6,Call,18.00,-0.33%,1.1,1.3,1.3,1596,1137,1.4,147.09%,133.43%,0.527703,2026-09-18
IBIT,46.02,2026-09-25,6,Put,46.50,+1.04%,1.14,1.22,1.38,654,472,1.39,37.78%,42.95%,-0.560766,2026-09-18
QQQ,721.45,2026-10-02,13,Call,719.00,+0.34%,10.82,10.7,11.07,808,581,1.39,17.35%,17.00%,0.562789,2026-09-18
IBIT,46.02,2026-09-30,11,Put,44.00,-4.39%,0.41,0.46,0.66,1344,967,1.39,37.78%,42.31%,-0.254323,2026-09-18
ETHE,21.22,2026-09-25,6,Call,21.00,+1.04%,0.5,0.75,0.8,649,470,1.38,48.71%,48.70%,0.582274,2026-09-18
SPY,761.69,2026-09-23,4,Call,757.00,+0.62%,7.42,7.25,7.47,718,521,1.38,12.75%,14.43%,0.668628,2026-09-18
SOXL,123.67,2026-10-30,41,Put,75.00,-39.35%,2.31,2.5,2.8,867,626,1.38,109.70%,130.44%,-0.085149,2026-09-18
QQQ,721.45,2026-10-02,13,Put,713.00,-1.17%,5.29,5.25,5.36,913,661,1.38,17.35%,17.04%,-0.339975,2026-09-18
USO,153.82,2026-09-25,6,Put,149.00,-3.13%,1.9,2,2.01,554,404,1.37,47.40%,50.76%,-0.298123,2026-09-18
USO,153.82,2026-09-23,4,Put,146.00,-5.08%,0.83,0.82,0.87,864,635,1.36,47.40%,55.09%,-0.173627,2026-09-18
QQQ,721.45,2026-10-09,20,Call,745.00,-3.26%,2.57,2.64,2.63,1167,856,1.36,17.35%,14.66%,0.192994,2026-09-18
IBIT,46.02,2026-10-09,20,Call,47.50,-3.22%,1,1.08,1.06,1759,1295,1.36,37.78%,37.38%,0.383874,2026-09-18
SPY,761.69,2026-09-25,6,Put,770.00,+1.09%,7.59,7.95,8.43,2126,1568,1.36,12.75%,5.41%,-0.975838,2026-09-18
IBIT,46.02,2026-10-02,13,Put,43.00,-6.56%,0.32,0.33,0.37,2612,1922,1.36,37.78%,40.77%,-0.174711,2026-09-18
QQQ,721.45,2026-10-16,27,Call,742.00,-2.85%,5.03,5.13,5.12,1271,939,1.35,17.35%,15.44%,0.277265,2026-09-18
TQQQ,72.64,2026-09-25,6,Put,71.00,-2.26%,1.04,1.07,1.08,1573,1165,1.35,50.03%,48.32%,-0.341695,2026-09-18
SPY,761.69,2026-12-18,90,Put,345.00,-54.71%,0.14,0.15,0.15,2020,1494,1.35,12.75%,59.03%,-0.002041,2026-09-18
QQQ,721.45,2026-09-28,9,Put,705.00,-2.28%,1.83,1.86,1.87,622,465,1.34,17.35%,16.70%,-0.17869,2026-09-18
SPY,761.69,2026-09-24,5,Put,754.00,-1.01%,1.29,1.35,1.31,796,592,1.34,12.75%,11.61%,-0.21828,2026-09-18
IBIT,46.02,2026-10-09,20,Call,48.00,-4.30%,0.85,0.9,0.9,886,660,1.34,37.78%,37.61%,0.34021,2026-09-18
QQQ,721.45,2026-10-02,13,Call,760.00,-5.34%,0.22,0.2,0.25,1473,1097,1.34,17.35%,14.36%,0.031143,2026-09-18
XLE,64.31,2026-09-25,6,Put,64.00,-0.48%,0.4,0.85,0.95,3318,2479,1.34,27.12%,25.28%,-0.43086,2026-09-18
QQQ,721.45,2026-09-25,6,Call,715.00,+0.89%,10.12,10.44,10.35,5182,3864,1.34,17.35%,16.97%,0.672977,2026-09-18
IWM,284.1,2026-09-30,11,Put,260.00,-8.48%,0.13,0.11,0.15,9587,7180,1.34,17.36%,27.05%,-0.027024,2026-09-18
SPY,761.69,2026-10-16,27,Put,759.00,-0.35%,7.65,7.82,7.73,2865,2153,1.33,12.75%,11.60%,-0.430003,2026-09-18
QQQ,721.45,2026-10-16,27,Call,735.00,-1.88%,7.53,7.6,7.61,8093,6072,1.33,17.35%,15.96%,0.362518,2026-09-18
QQQ,721.45,2026-09-21,2,Put,724.00,+0.35%,3.63,3.68,3.7,728,546,1.33,17.35%,10.47%,-0.669243,2026-09-18
SNXX,17.94,2026-10-16,27,Call,20.00,-11.48%,1.7,1.93,2.4,798,601,1.33,147.09%,144.35%,0.470586,2026-09-18
QQQ,721.45,2026-10-30,41,Put,665.00,-7.82%,4.06,4.2,4.19,1243,933,1.33,17.35%,23.93%,-0.13612,2026-09-18
JEPQ,60.24,2026-10-16,27,Call,60.00,+0.40%,0.55,0.6,0.65,1727,1298,1.33,11.18%,5.60%,0.672116,2026-09-18
TLT,81.25,2026-09-28,9,Call,81.50,-0.31%,0.41,0.41,0.42,792,602,1.32,11.46%,10.05%,0.438721,2026-09-18
SLV,59.93,2026-09-25,6,Put,59.00,-1.55%,0.64,0.68,0.67,793,603,1.32,37.70%,35.11%,-0.351525,2026-09-18
QQQ,721.45,2026-10-16,27,Put,696.00,-3.53%,5.24,5.41,5.35,1182,898,1.32,17.35%,19.66%,-0.230382,2026-09-18
SPY,761.69,2026-09-24,5,Put,740.00,-2.85%,0.34,0.35,0.36,1297,979,1.32,12.75%,15.92%,-0.05729,2026-09-18
SOXL,123.67,2026-09-25,6,Put,110.00,-11.05%,1.55,1.55,1.8,1764,1339,1.32,109.70%,105.61%,-0.174416,2026-09-18
SPY,761.69,2026-10-09,20,Put,760.00,-0.22%,6.48,6.66,6.57,2269,1719,1.32,12.75%,10.97%,-0.443117,2026-09-18
SPY,761.69,2026-09-25,6,Put,725.00,-4.82%,0.19,0.21,0.2,3749,2850,1.32,12.75%,20.10%,-0.025919,2026-09-18
EFA,104.97,2026-12-18,90,Put,100.00,-4.73%,1.28,1.51,5.6,6016,4554,1.32,18.49%,27.06%,-0.338771,2026-09-18
SPY,761.69,2026-10-16,27,Put,685.00,-10.07%,0.83,0.86,0.85,6133,4663,1.32,12.75%,23.37%,-0.041723,2026-09-18
IWM,284.1,2026-10-02,13,Put,280.00,-1.44%,1.93,1.96,1.97,11359,8621,1.32,17.36%,17.54%,-0.31576,2026-09-18
ETHA,19.92,2026-12-18,90,Put,18.00,-9.64%,1.13,1.14,1.22,4917,3742,1.31,51.82%,54.91%,-0.295809,2026-09-18
GLD,401.17,2026-10-16,27,Put,403.00,+0.46%,9.2,9.05,9.65,573,439,1.31,21.72%,20.56%,-0.508117,2026-09-18
SOXL,123.67,2026-09-25,6,Put,98.00,-20.76%,0.27,0.5,0.69,704,539,1.31,109.70%,120.12%,-0.055775,2026-09-18
QQQ,721.45,2026-09-23,4,Put,700.00,-2.97%,0.41,0.43,0.43,1190,911,1.31,17.35%,19.39%,-0.065134,2026-09-18
SPY,761.69,2026-09-25,6,Put,756.00,-0.75%,1.97,1.95,2.01,1280,975,1.31,12.75%,11.20%,-0.289019,2026-09-18
SPY,761.69,2026-09-25,6,Put,736.00,-3.37%,0.36,0.38,0.37,1756,1344,1.31,12.75%,16.81%,-0.052384,2026-09-18
SPY,761.69,2026-09-25,6,Put,764.00,+0.30%,4.49,4.48,4.55,1306,1004,1.3,12.75%,8.75%,-0.594538,2026-09-18
TLT,81.25,2026-09-21,2,Put,81.50,+0.31%,0.34,0.35,0.36,1794,1383,1.3,11.46%,8.60%,-0.680186,2026-09-18
BITX,18.7,2028-01-21,489,Call,17.00,+9.09%,5.95,6.53,7.45,568,441,1.29,72.96%,67.77%,0.72008,2026-09-18
QQQ,721.45,2026-09-24,5,Put,690.00,-4.36%,0.29,0.3,0.32,580,449,1.29,17.35%,22.12%,-0.040045,2026-09-18
SPY,761.69,2026-09-25,6,Put,747.00,-1.93%,0.83,0.84,0.85,1899,1475,1.29,12.75%,13.64%,-0.125941,2026-09-18
SLV,59.93,2026-09-25,6,Call,61.00,-1.79%,0.67,0.67,0.71,2910,2263,1.29,37.70%,36.64%,0.366697,2026-09-18
QQQ,721.45,2026-09-25,6,Call,740.00,-2.57%,0.34,0.38,0.38,3967,3064,1.29,17.35%,12.97%,0.068532,2026-09-18
USO,153.82,2026-09-25,6,Call,185.00,-20.27%,0.11,0.12,0.15,5351,4160,1.29,47.40%,71.59%,0.025103,2026-09-18
SPY,761.69,2026-09-25,6,Call,780.00,-2.40%,0.1,0.11,0.11,14063,10934,1.29,12.75%,9.57%,0.029208,2026-09-18
QQQ,721.45,2026-09-25,6,Call,735.00,-1.88%,0.92,0.92,0.94,3647,2851,1.28,17.35%,13.34%,0.147248,2026-09-18
SPY,761.69,2026-09-22,3,Call,772.00,-1.35%,0.13,0.14,0.14,4256,3326,1.28,12.75%,8.95%,0.052061,2026-09-18
IBIT,46.02,2026-10-16,27,Call,52.00,-12.99%,0.35,0.38,0.39,11869,9276,1.28,37.78%,40.15%,0.149251,2026-09-18
IWM,284.1,2026-09-25,6,Call,291.00,-2.43%,0.19,0.2,0.21,991,776,1.28,17.36%,13.53%,0.088428,2026-09-18
SPY,761.69,2026-10-02,13,Put,762.00,+0.04%,5.64,5.62,5.72,1229,957,1.28,12.75%,10.19%,-0.489993,2026-09-18
BITX,18.7,2026-09-25,6,Call,21.00,-12.30%,0.15,0.15,0.17,1629,1272,1.28,72.96%,84.92%,0.157319,2026-09-18
TQQQ,72.64,2026-10-16,27,Put,71.00,-2.26%,3,3.26,3.5,519,410,1.27,50.03%,52.60%,-0.402753,2026-09-18
XLE,64.31,2026-09-25,6,Put,62.50,-2.81%,0.2,0.37,0.45,523,411,1.27,27.12%,30.22%,-0.222383,2026-09-18
SMH,573,2026-09-25,6,Put,550.00,-4.01%,1.53,1.93,2.2,814,639,1.27,32.33%,31.94%,-0.150547,2026-09-18
QQQ,721.45,2026-10-16,27,Call,733.00,-1.60%,8.34,8.14,8.46,1963,1548,1.27,17.35%,16.12%,0.387513,2026-09-18
DIA,515.88,2026-10-16,27,Call,545.00,-5.64%,0.34,0.4,0.48,2086,1639,1.27,12.82%,12.08%,0.057292,2026-09-18
XLE,64.31,2026-12-18,90,Call,52.50,+18.36%,10.1,12.3,14.3,2647,2092,1.27,27.12%,25.10%,0.955044,2026-09-18
SPY,761.69,2026-09-25,6,Put,735.00,-3.50%,0.33,0.34,0.35,4376,3484,1.26,12.75%,17.08%,-0.048594,2026-09-18
UPRO,147.19,2026-10-16,27,Put,140.00,-4.88%,2.95,3.5,3.8,606,482,1.26,35.57%,41.39%,-0.301854,2026-09-18
USO,153.82,2027-09-17,363,Put,140.00,-8.98%,16.9,17.25,17.6,766,609,1.26,47.40%,44.58%,-0.309699,2026-09-18
QQQ,721.45,2026-09-30,11,Put,712.00,-1.31%,4.06,4.42,4.11,874,693,1.26,17.35%,16.43%,-0.30648,2026-09-18
QQQ,721.45,2026-10-09,20,Call,720.00,+0.20%,12.81,13.02,13.1,1659,1315,1.26,17.35%,17.16%,0.545499,2026-09-18
DIA,515.88,2026-09-25,6,Put,517.00,+0.22%,2.97,3.2,3.2,503,402,1.25,12.82%,9.94%,-0.553445,2026-09-18
IBIT,46.02,2027-12-17,454,Call,46.00,+0.04%,10.15,10.25,10.65,515,411,1.25,37.78%,46.67%,0.63987,2026-09-18
SLV,59.93,2026-10-09,20,Call,61.00,-1.79%,1.63,1.66,1.71,539,430,1.25,37.70%,37.43%,0.446107,2026-09-18
SPY,761.69,2026-09-22,3,Put,739.00,-2.98%,0.11,0.13,0.12,582,465,1.25,12.75%,17.26%,-0.025345,2026-09-18
XLE,64.31,2027-06-17,271,Put,67.50,+4.96%,4.95,6.85,9.1,682,545,1.25,27.12%,26.29%,-0.520826,2026-09-18
SPY,761.69,2026-09-24,5,Call,777.00,-2.01%,0.12,0.1,0.13,726,583,1.25,12.75%,9.35%,0.037616,2026-09-18
KIE,61.95,2026-10-16,27,Put,63.00,+1.69%,1.45,2.1,2.55,1250,1002,1.25,21.31%,21.97%,-0.590163,2026-09-18
SOXL,123.67,2026-10-16,27,Put,105.00,-15.10%,6.2,6.4,7.1,1357,1086,1.25,109.70%,114.86%,-0.245875,2026-09-18
XLE,64.31,2026-12-18,90,Put,59.00,-8.26%,1.03,1.31,1.41,1655,1323,1.25,27.12%,27.10%,-0.227817,2026-09-18
SPY,761.69,2026-10-16,27,Call,798.00,-4.77%,0.6,0.58,0.61,2103,1679,1.25,12.75%,10.65%,0.063705,2026-09-18
SPY,761.69,2026-09-30,11,Call,762.00,-0.04%,6.52,6.61,6.67,2846,2283,1.25,12.75%,12.21%,0.511841,2026-09-18
XLF,55.86,2026-10-16,27,Call,50.00,+10.49%,4.35,5.99,7,12501,9990,1.25,15.39%,22.76%,0.967017,2026-09-18
GDXJ,124.44,2027-01-15,118,Call,150.00,-20.54%,5.35,5.6,6.05,3257,2630,1.24,45.63%,47.46%,0.304556,2026-09-18
SPY,761.69,2026-09-25,6,Call,765.00,-0.43%,3.31,3.36,3.34,9730,7859,1.24,12.75%,11.94%,0.402589,2026-09-18
SPY,761.69,2026-09-25,6,Put,750.00,-1.53%,1.1,1.1,1.12,20685,16650,1.24,12.75%,12.85%,-0.165582,2026-09-18
SOXL,123.67,2026-09-25,6,Call,160.00,-29.38%,0.15,0.23,0.4,1088,875,1.24,109.70%,110.54%,0.040742,2026-09-18
SPY,761.69,2026-09-28,9,Put,760.00,-0.22%,3.46,3.47,3.52,1698,1364,1.24,12.75%,9.40%,-0.4232,2026-09-18
"Downloaded from Barchart.com as of 09-19-2026 02:49am CDT"
