Symbol,Price~,"Exp Date",DTE,Type,Strike,Moneyness,Bid,Latest,Ask,Volume,"Open Int",Vol/OI,"Imp Vol",IV,Delta,Time
IWM,282.79,2026-09-23,0,Call,283.00,-0.20%,0.25,0.25,0.26,38217,155,246.56,18.48%,6.56%,0.380359,"13:47 ET"
SPY,768.38,2026-09-23,0,Call,771.00,-0.49%,0.14,0.14,0.15,414797,2000,207.4,12.81%,5.61%,0.129598,"13:47 ET"
FEZ,67.96,2026-10-16,23,Put,66.00,-2.54%,0.5,0.6,0.6,28679,141,203.4,17.94%,19.14%,-0.268697,"13:43 ET"
SPY,768.38,2026-09-23,0,Call,770.00,-0.36%,0.29,0.29,0.3,525623,2847,184.62,12.81%,5.34%,0.236509,"13:47 ET"
SPY,768.38,2026-09-23,0,Call,768.00,-0.10%,1.12,1.13,1.13,288394,1804,159.86,12.81%,5.48%,0.585038,"13:47 ET"
QQQ,740.59,2026-09-23,0,Call,742.00,-0.41%,0.48,0.48,0.49,314513,2027,155.16,18.59%,6.63%,0.299958,"13:47 ET"
QQQ,740.59,2026-09-23,0,Call,741.00,-0.27%,0.83,0.84,0.84,287629,1857,154.89,18.59%,6.50%,0.445864,"13:47 ET"
IWM,282.79,2026-10-30,37,Put,271.00,-4.05%,2.68,2.81,2.73,51160,388,131.86,18.48%,20.71%,-0.23915,"13:29 ET"
QQQ,740.59,2026-09-23,0,Call,743.00,-0.54%,0.27,0.27,0.28,276022,2132,129.47,18.59%,6.89%,0.189079,"13:47 ET"
SPY,768.38,2026-09-23,0,Call,769.00,-0.23%,0.61,0.61,0.62,388727,3282,118.44,12.81%,5.37%,0.402304,"13:47 ET"
QQQ,740.59,2026-09-23,0,Put,741.00,+0.27%,1.15,1.15,1.16,265603,2391,111.08,18.59%,6.30%,-0.558905,"13:47 ET"
IWM,282.79,2026-10-30,37,Put,278.00,-1.57%,4.4,4.55,4.46,51119,496,103.06,18.48%,19.04%,-0.366008,"13:29 ET"
SPY,768.38,2026-09-23,0,Put,768.00,+0.10%,0.61,0.61,0.62,577249,6174,93.5,12.81%,5.18%,-0.412156,"13:47 ET"
IWM,282.79,2026-09-23,0,Put,283.00,+0.20%,0.56,0.57,0.57,90245,978,92.28,18.48%,6.79%,-0.618153,"13:47 ET"
SPY,768.38,2026-09-23,0,Put,769.00,+0.23%,1.1,1.09,1.11,473835,5329,88.92,12.81%,5.05%,-0.607415,"13:47 ET"
IWM,282.79,2026-10-16,23,Put,269.00,-4.76%,1.36,1.38,1.39,40315,487,82.78,18.48%,21.54%,-0.165506,"13:47 ET"
QQQ,740.59,2026-09-24,1,Put,736.00,-0.40%,1.27,1.28,1.29,45607,561,81.3,18.59%,19.84%,-0.270469,"13:47 ET"
IWM,282.79,2027-04-16,205,Put,230.00,-18.57%,3.01,3.14,3.24,10254,130,78.88,18.48%,26.00%,-0.108603,"13:12 ET"
QQQ,740.59,2026-09-23,0,Call,739.00,0.00%,2.04,2.04,2.08,137512,1808,76.06,18.59%,6.70%,0.740375,"13:47 ET"
IBIT,47.72,2026-10-30,37,Put,48.00,+0.84%,2.32,2.42,2.34,21738,290,74.96,38.77%,37.50%,-0.485378,"13:37 ET"
QQQ,740.59,2026-09-24,1,Call,741.00,-0.27%,2.86,2.86,2.87,24927,336,74.19,18.59%,19.61%,0.484014,"13:47 ET"
IWM,282.79,2026-09-23,0,Put,282.50,+0.02%,0.29,0.3,0.3,40518,561,72.22,18.48%,6.62%,-0.417411,"13:47 ET"
IWM,282.79,2026-09-23,0,Call,282.00,+0.16%,0.82,0.92,0.85,11171,158,70.7,18.48%,6.57%,0.768242,"13:46 ET"
SPY,768.38,2026-09-23,0,Put,767.00,-0.03%,0.33,0.33,0.34,493424,6983,70.66,12.81%,5.52%,-0.253481,"13:47 ET"
HYG,78.15,2027-01-15,114,Put,72.00,-7.79%,0.16,0.2,0.37,12000,171,70.18,5.42%,12.53%,-0.099657,"10:26 ET"
SPY,768.38,2026-09-23,0,Put,766.00,-0.16%,0.16,0.16,0.17,406265,5867,69.25,12.81%,5.74%,-0.140937,"13:47 ET"
IGV,107.94,2026-11-20,58,Call,108.00,-0.05%,5.8,5.86,5.95,8632,127,67.97,31.59%,32.62%,0.542286,"13:43 ET"
IWM,282.79,2026-09-23,0,Call,282.50,-0.02%,0.48,0.48,0.49,14365,233,61.65,18.48%,6.38%,0.587051,"13:47 ET"
IWM,282.79,2026-10-30,37,Call,304.00,-7.63%,0.67,0.66,0.7,9168,152,60.32,18.48%,16.71%,0.098554,"13:08 ET"
TLT,80.38,2028-06-16,632,Call,87.00,-8.24%,2.5,2.57,2.62,20925,356,58.78,12.52%,9.08%,0.396857,"13:46 ET"
QQQ,740.59,2026-09-23,0,Call,740.00,-0.14%,1.36,1.36,1.37,372717,6563,56.79,18.59%,6.54%,0.603398,"13:47 ET"
QQQ,740.59,2026-09-23,0,Put,738.00,-0.13%,0.2,0.21,0.21,252334,4558,55.36,18.59%,6.73%,-0.152263,"13:47 ET"
QQQ,740.59,2026-09-23,0,Put,737.00,-0.27%,0.11,0.12,0.12,148596,2816,52.77,18.59%,7.11%,-0.09044,"13:47 ET"
QQQ,740.59,2026-09-23,0,Call,744.00,-0.68%,0.16,0.16,0.17,205752,4213,48.84,18.59%,7.34%,0.11911,"13:47 ET"
IWM,282.79,2026-09-23,0,Put,282.00,-0.16%,0.14,0.15,0.15,51325,1073,47.83,18.48%,6.88%,-0.242655,"13:47 ET"
QQQ,740.59,2026-09-23,0,Put,739.00,0.00%,0.37,0.38,0.38,374889,7880,47.57,18.59%,6.45%,-0.252581,"13:47 ET"
IWM,282.79,2026-10-30,37,Call,302.00,-6.93%,0.88,0.88,0.91,9112,192,47.46,18.48%,16.77%,0.122656,"13:35 ET"
QQQ,740.59,2026-09-23,0,Put,740.00,+0.14%,0.68,0.68,0.69,505790,10959,46.15,18.59%,6.35%,-0.395467,"13:47 ET"
QQQ,740.59,2026-09-23,0,Call,745.00,-0.81%,0.1,0.11,0.11,224932,5046,44.58,18.59%,7.88%,0.077007,"13:47 ET"
QQQ,740.59,2026-09-24,1,Put,739.00,0.00%,2.16,2.15,2.18,28660,663,43.23,18.59%,18.91%,-0.409149,"13:47 ET"
SPY,768.38,2026-09-24,1,Call,768.00,-0.10%,2.4,2.4,2.41,35763,839,42.63,12.81%,13.49%,0.535731,"13:47 ET"
SPY,768.38,2026-09-24,1,Put,768.00,+0.10%,1.77,1.78,1.78,50733,1223,41.48,12.81%,12.45%,-0.462334,"13:47 ET"
QQQ,740.59,2026-09-23,0,Put,742.00,+0.41%,1.79,1.8,1.8,206480,5069,40.73,18.59%,6.30%,-0.714375,"13:47 ET"
SPY,768.38,2026-09-24,1,Call,769.00,-0.23%,1.84,1.85,1.85,34081,859,39.68,12.81%,13.09%,0.461061,"13:47 ET"
GLD,393.23,2026-09-23,0,Call,394.00,-0.38%,0.25,0.21,0.29,5942,152,39.09,20.63%,6.63%,0.310774,"13:47 ET"
GDXJ,121.52,2027-01-15,114,Call,205.00,-69.13%,0.8,0.99,1.2,4312,112,38.5,46.85%,55.48%,0.06771,"11:29 ET"
SPY,768.38,2026-09-23,0,Call,767.00,+0.03%,1.81,1.82,1.82,147644,4022,36.71,12.81%,5.64%,0.743146,"13:47 ET"
IWM,282.79,2026-09-24,1,Call,284.00,-0.55%,0.6,0.6,0.61,5078,145,35.02,18.48%,19.22%,0.326583,"13:47 ET"
XLU,39.94,2026-10-02,9,Call,40.50,-1.45%,0.2,0.24,0.24,4327,126,34.34,16.88%,18.09%,0.307641,"13:43 ET"
GLD,393.23,2026-09-23,0,Put,392.00,-0.13%,0.15,0.15,0.17,5826,177,32.92,20.63%,7.44%,-0.190885,"13:47 ET"
IWM,282.79,2026-09-24,1,Call,285.00,-0.91%,0.34,0.33,0.35,5977,185,32.31,18.48%,19.31%,0.213342,"13:47 ET"
LQD,103.79,2027-01-15,114,Call,105.00,-1.20%,0.8,1.01,0.94,5000,159,31.45,7.59%,4.62%,0.441097,"11:14 ET"
SPY,768.38,2026-09-24,1,Call,770.00,-0.36%,1.37,1.37,1.39,56921,1826,31.17,12.81%,12.80%,0.384357,"13:47 ET"
SPY,768.38,2026-09-23,0,Call,766.00,+0.16%,2.65,2.66,2.66,40405,1308,30.89,12.81%,6.01%,0.84868,"13:47 ET"
SPY,768.38,2026-09-24,1,Put,766.00,-0.16%,1.11,1.12,1.13,25995,854,30.44,12.81%,13.29%,-0.321126,"13:47 ET"
EWZ,37.65,2026-10-09,16,Put,35.00,-6.67%,0.54,0.59,0.58,3145,106,29.67,46.32%,49.82%,-0.231872,"12:57 ET"
QQQ,740.59,2026-09-23,0,Call,738.00,+0.13%,2.9,2.9,2.97,40530,1377,29.43,18.59%,7.52%,0.821525,"13:47 ET"
SPY,768.38,2026-09-23,0,Put,771.00,+0.49%,2.66,2.66,2.67,209098,7166,29.18,12.81%,5.23%,-0.89665,"13:47 ET"
SPY,768.38,2026-09-23,0,Put,770.00,+0.36%,1.78,1.79,1.79,414955,14587,28.45,12.81%,4.89%,-0.790003,"13:47 ET"
SPY,768.38,2026-09-24,1,Call,772.00,-0.62%,0.7,0.7,0.71,36770,1307,28.13,12.81%,12.39%,0.240709,"13:47 ET"
SPY,768.38,2026-09-24,1,Put,769.00,+0.23%,2.23,2.25,2.25,41180,1477,27.88,12.81%,12.20%,-0.543036,"13:47 ET"
QQQ,740.59,2026-09-24,1,Put,738.00,-0.13%,1.82,1.82,1.84,23033,884,26.06,18.59%,19.23%,-0.359141,"13:47 ET"
QQQ,740.59,2026-09-23,0,Put,744.00,+0.68%,3.39,3.29,3.49,126558,4856,26.06,18.59%,5.83%,-0.943866,"13:46 ET"
QQQ,740.59,2026-09-23,0,Put,743.00,+0.54%,2.52,2.55,2.56,151343,6189,24.45,18.59%,5.90%,-0.856553,"13:47 ET"
QQQ,740.59,2026-09-25,2,Put,736.00,-0.40%,2.1,2.11,2.12,38358,1602,23.94,18.59%,18.51%,-0.318471,"13:47 ET"
QQQ,740.59,2026-09-24,1,Put,734.00,-0.68%,0.87,0.88,0.88,9974,425,23.47,18.59%,20.41%,-0.197774,"13:47 ET"
SOXL,144.76,2026-10-23,30,Put,112.00,-21.23%,5.65,5.8,5.9,2654,114,23.28,116.55%,120.78%,-0.17943,"13:44 ET"
GDX,93.86,2028-01-21,485,Call,94.00,-0.43%,20.05,20.75,21,6963,303,22.98,42.07%,43.31%,0.638627,"13:00 ET"
QQQ,740.59,2026-09-24,1,Put,741.00,+0.27%,3,3,3.02,21255,926,22.95,18.59%,18.30%,-0.518172,"13:47 ET"
SQQQ,34.22,2026-10-02,9,Put,33.00,-4.18%,0.5,0.56,0.65,6356,287,22.15,55.94%,51.72%,-0.308918,"13:43 ET"
QQQ,740.59,2026-09-24,1,Call,742.00,-0.41%,2.36,2.37,2.37,26150,1188,22.01,18.59%,19.31%,0.430809,"13:47 ET"
EWZ,37.65,2026-09-25,2,Put,37.00,-1.33%,0.15,0.23,0.17,33675,1547,21.77,46.32%,36.53%,-0.257336,"13:40 ET"
QQQ,740.59,2026-09-24,1,Call,745.00,-0.81%,1.21,1.22,1.22,24501,1134,21.61,18.59%,18.57%,0.275352,"13:47 ET"
SPY,768.38,2026-09-24,1,Call,767.00,+0.03%,3.01,3.02,3.03,18096,843,21.47,12.81%,13.78%,0.605856,"13:47 ET"
IWM,282.79,2026-09-23,0,Put,284.00,+0.55%,1.36,1.39,1.39,45424,2123,21.4,18.48%,7.81%,-0.873956,"13:47 ET"
ARKK,90.1,2026-12-18,86,Put,65.00,-27.79%,0.32,0.4,0.41,5035,244,20.64,34.23%,43.02%,-0.043799,"11:33 ET"
QQQ,740.59,2026-09-24,1,Put,733.00,-0.81%,0.71,0.72,0.73,10501,509,20.63,18.59%,20.71%,-0.167649,"13:47 ET"
SPY,768.38,2026-09-23,0,Put,772.00,+0.62%,3.6,3.56,3.61,153845,7551,20.37,12.81%,5.35%,-0.963606,"13:47 ET"
QQQ,740.59,2026-09-24,1,Call,743.00,-0.54%,1.93,1.94,1.94,23308,1147,20.32,18.59%,19.11%,0.377954,"13:47 ET"
TLT,80.38,2026-10-02,9,Call,80.50,-0.15%,0.59,0.6,0.6,2989,149,20.06,12.52%,12.29%,0.491213,"13:46 ET"
QQQ,740.59,2026-09-24,1,Call,740.00,-0.14%,3.42,3.44,3.45,28927,1487,19.45,18.59%,20.03%,0.535775,"13:47 ET"
QQQ,740.59,2026-09-24,1,Put,740.00,+0.14%,2.55,2.57,2.57,38186,1984,19.25,18.59%,18.58%,-0.462428,"13:47 ET"
SPY,768.38,2026-09-24,1,Put,770.00,+0.36%,2.76,2.76,2.78,42909,2230,19.24,12.81%,11.84%,-0.626301,"13:47 ET"
XLK,195,2026-10-16,23,Put,192.00,-1.32%,3.1,3.21,3.25,4830,252,19.17,24.25%,24.14%,-0.375957,"13:43 ET"
QQQ,740.59,2026-09-24,1,Put,743.00,+0.54%,4.05,4.01,4.08,15703,824,19.06,18.59%,17.62%,-0.633431,"13:47 ET"
TQQQ,78.47,2026-09-23,0,Call,78.00,-0.08%,0.6,0.65,0.65,7257,387,18.75,54.26%,21.06%,0.709502,"13:47 ET"
QQQ,740.59,2026-09-30,7,Put,666.00,-9.88%,0.12,0.13,0.14,4850,259,18.73,18.59%,33.88%,-0.010779,"12:51 ET"
SOXL,144.76,2026-09-23,0,Call,145.00,-1.98%,1.01,1.01,1.04,14424,778,18.54,116.55%,41.16%,0.446973,"13:47 ET"
SPY,768.38,2026-09-24,1,Put,767.00,-0.03%,1.42,1.42,1.43,34166,1844,18.53,12.81%,12.94%,-0.388233,"13:47 ET"
XLF,54.79,2026-10-23,30,Call,55.50,-1.24%,0.72,0.73,0.79,2299,125,18.39,16.95%,16.29%,0.417132,"11:30 ET"
SPY,768.38,2026-09-24,1,Put,765.00,-0.29%,0.88,0.88,0.89,27233,1543,17.65,12.81%,13.71%,-0.263538,"13:47 ET"
XLY,110.78,2027-01-15,114,Call,110.00,+0.55%,6.3,6.32,6.7,2000,117,17.09,20.01%,23.34%,0.566373,"11:49 ET"
QQQ,740.59,2026-09-28,5,Call,754.00,-2.03%,0.86,0.86,0.88,3243,193,16.8,18.59%,13.87%,0.1424,"13:47 ET"
IWM,282.79,2026-09-24,1,Call,283.00,-0.20%,1.01,1.05,1.02,2714,168,16.15,18.48%,19.58%,0.461484,"13:46 ET"
SOXL,144.76,2026-09-23,0,Call,146.00,-2.69%,0.62,0.65,0.67,5551,348,15.95,116.55%,41.04%,0.324142,"13:46 ET"
TQQQ,78.47,2026-09-23,0,Put,78.00,+0.08%,0.11,0.12,0.12,32275,2058,15.68,54.26%,17.93%,-0.259426,"13:47 ET"
IEF,90.11,2026-12-18,86,Call,92.00,-2.14%,0.5,0.56,0.54,5299,351,15.1,7.25%,6.06%,0.309946,"13:16 ET"
SPY,768.38,2026-10-06,13,Call,775.00,-1.01%,3.68,3.73,3.7,4025,272,14.8,12.81%,10.64%,0.356656,"13:46 ET"
QQQ,740.59,2026-09-24,1,Put,742.00,+0.41%,3.49,3.47,3.52,18664,1286,14.51,18.59%,17.94%,-0.575641,"13:47 ET"
SOXL,144.76,2026-09-23,0,Call,147.00,-3.39%,0.4,0.4,0.42,4394,303,14.5,116.55%,42.27%,0.225743,"13:47 ET"
QQQ,740.59,2026-09-24,1,Call,739.00,0.00%,4.03,4.03,4.06,11049,772,14.31,18.59%,20.38%,0.585203,"13:47 ET"
QQQ,740.59,2026-09-24,1,Call,744.00,-0.68%,1.52,1.52,1.54,16291,1139,14.3,18.59%,18.71%,0.324535,"13:47 ET"
IBIT,47.72,2026-10-30,37,Call,48.00,-0.84%,2.28,2.3,2.3,22630,1585,14.28,38.77%,38.44%,0.51874,"13:46 ET"
SPY,768.38,2026-09-23,0,Call,764.00,+0.42%,4.52,4.57,4.53,6255,446,14.02,12.81%,6.87%,0.94886,"13:47 ET"
SPY,768.38,2026-09-24,1,Call,766.00,+0.16%,3.72,3.73,3.73,9729,698,13.94,12.81%,14.25%,0.668198,"13:47 ET"
QQQ,740.59,2026-09-24,1,Put,737.00,-0.27%,1.53,1.53,1.54,14327,1035,13.84,18.59%,19.54%,-0.312847,"13:47 ET"
IWM,282.79,2026-09-24,1,Call,286.00,-1.26%,0.18,0.19,0.19,6070,445,13.64,18.48%,19.48%,0.128919,"13:46 ET"
MAGS,72.12,2026-11-20,58,Call,74.00,-2.88%,1.95,2.05,2.05,1503,111,13.54,21.24%,25.59%,0.403459,"13:42 ET"
SPY,768.38,2026-09-24,1,Put,762.00,-0.68%,0.43,0.43,0.44,14627,1090,13.42,12.81%,15.03%,-0.14062,"13:47 ET"
TLT,80.38,2028-06-16,632,Call,88.00,-9.48%,2.2,2.25,2.43,23135,1727,13.4,12.52%,9.27%,0.364612,"13:46 ET"
USO,147.76,2026-09-23,0,Call,147.00,+0.12%,0.86,1.03,1.11,3692,276,13.38,49.56%,17.69%,0.707801,"13:46 ET"
QQQ,740.59,2026-09-24,1,Call,748.00,-1.22%,0.57,0.57,0.58,14535,1086,13.38,18.59%,18.46%,0.154659,"13:47 ET"
QQQ,740.59,2026-09-24,1,Put,732.00,-0.95%,0.58,0.59,0.6,11662,876,13.31,18.59%,21.00%,-0.141283,"13:47 ET"
SNDQ,9.79,2026-10-16,23,Call,10.00,-1.52%,1.1,1.25,1.3,2215,168,13.18,141.67%,131.07%,0.542592,"13:43 ET"
SLV,58.33,2026-10-02,9,Call,58.50,-0.50%,1.27,1.28,1.3,2147,165,13.01,36.47%,36.72%,0.497559,"13:47 ET"
TQQQ,78.47,2026-09-30,7,Call,80.00,-2.64%,1.38,1.44,1.48,3974,312,12.74,54.26%,47.75%,0.401132,"13:47 ET"
DIA,515.22,2026-09-25,2,Put,504.00,-2.08%,0.11,0.13,0.15,1357,110,12.34,13.37%,17.77%,-0.046256,"13:21 ET"
IEF,90.11,2026-09-25,2,Call,90.50,-0.48%,0.11,0.12,0.13,4254,347,12.26,7.25%,9.91%,0.290358,"13:45 ET"
VXX,17.38,2026-10-02,9,Call,19.50,-11.24%,0.11,0.12,0.18,2561,209,12.25,54.79%,68.06%,0.156295,"12:39 ET"
QQQ,740.59,2026-09-25,2,Put,739.00,0.00%,3.06,3.03,3.08,10728,880,12.19,18.59%,17.69%,-0.4278,"13:46 ET"
SOXL,144.76,2026-09-23,0,Put,141.00,-0.83%,0.21,0.23,0.23,3810,320,11.91,116.55%,43.44%,-0.132664,"13:45 ET"
QQQ,740.59,2026-09-30,7,Put,664.00,-10.15%,0.12,0.11,0.13,2001,169,11.84,18.59%,34.54%,-0.010223,"11:40 ET"
SPY,768.38,2026-09-24,1,Call,774.00,-0.88%,0.33,0.34,0.34,20517,1735,11.83,12.81%,12.34%,0.134112,"13:47 ET"
SQQQ,34.22,2026-11-20,58,Call,34.00,+1.28%,3.3,3.4,3.65,2541,215,11.82,55.94%,60.39%,0.56838,"12:40 ET"
QQQ,740.59,2026-09-24,1,Put,731.00,-1.08%,0.48,0.48,0.49,8986,772,11.64,18.59%,21.33%,-0.118895,"13:47 ET"
IBIT,47.72,2026-09-28,5,Put,46.00,-3.36%,0.21,0.24,0.23,2254,194,11.62,38.77%,37.23%,-0.188692,"13:43 ET"
SPY,768.38,2026-09-29,6,Put,782.00,+1.93%,13.15,15.3,15.18,1211,106,11.42,12.81%,12.13%,-0.870725,"13:40 ET"
QQQ,740.59,2026-09-23,0,Put,745.00,+0.81%,4.29,4.31,4.43,76520,6789,11.27,18.59%,6.44%,-0.974275,"13:46 ET"
SPY,768.38,2026-09-23,0,Put,779.00,+1.54%,10.5,10.48,10.58,2490,223,11.17,12.81%,0.00%,0,"13:46 ET"
QQQ,740.59,2026-10-30,37,Put,735.00,-0.54%,14.07,14.91,14.18,5227,468,11.17,18.59%,18.95%,-0.421452,"13:30 ET"
SPY,768.38,2026-09-24,1,Put,760.00,-0.94%,0.26,0.27,0.27,23012,2071,11.11,12.81%,15.80%,-0.089674,"13:47 ET"
TQQQ,78.47,2026-09-30,7,Call,82.00,-5.21%,0.6,0.74,0.81,1771,160,11.07,54.26%,44.64%,0.250874,"13:43 ET"
QQQ,740.59,2026-09-24,1,Call,747.00,-1.08%,0.73,0.74,0.74,14243,1290,11.04,18.59%,18.37%,0.18875,"13:47 ET"
SOXL,144.76,2026-09-23,0,Put,142.00,-0.13%,0.35,0.36,0.37,7362,669,11,116.55%,41.76%,-0.202717,"13:47 ET"
TQQQ,78.47,2026-11-20,58,Put,60.00,-23.02%,1.84,1.91,1.94,6096,559,10.91,54.26%,73.66%,-0.140454,"13:37 ET"
IWM,282.79,2026-09-28,5,Call,291.00,-3.03%,0.11,0.12,0.12,5125,478,10.72,18.48%,15.18%,0.054402,"13:31 ET"
SOXL,144.76,2026-09-23,0,Put,144.00,+1.28%,0.9,0.95,0.98,2157,202,10.68,116.55%,40.00%,-0.422896,"13:47 ET"
QQQ,740.59,2026-09-25,2,Put,738.00,-0.13%,2.71,2.7,2.72,20438,1916,10.67,18.59%,17.96%,-0.389171,"13:47 ET"
IBIT,47.72,2026-09-28,5,Put,46.50,-2.31%,0.31,0.37,0.32,2597,247,10.51,38.77%,35.90%,-0.255856,"13:25 ET"
TLT,80.38,2026-10-07,14,Put,80.00,-0.47%,0.68,0.68,0.7,1066,102,10.45,12.52%,14.44%,-0.41362,"13:47 ET"
FTEC,299.65,2026-10-16,23,Call,315.00,-5.34%,1.15,1.55,2,1054,101,10.44,23.26%,20.82%,0.187785,"13:07 ET"
IEF,90.11,2026-11-20,58,Call,91.00,-1.03%,0.63,0.65,0.67,10041,965,10.41,7.25%,6.20%,0.410149,"13:31 ET"
SPY,768.38,2026-09-24,1,Put,764.00,-0.42%,0.69,0.7,0.7,12921,1259,10.26,12.81%,14.12%,-0.214289,"13:47 ET"
XLF,54.79,2026-10-02,9,Put,57.00,+3.98%,2.17,2.23,2.33,2022,198,10.21,16.95%,18.14%,-0.920687,"09:48 ET"
SPY,768.38,2026-09-23,0,Call,740.00,+3.55%,28.42,27.62,28.7,1333,131,10.18,12.81%,35.07%,0.981233,"13:18 ET"
QQQ,740.59,2026-09-24,1,Call,746.00,-0.95%,0.96,0.96,0.97,13678,1360,10.06,18.59%,18.57%,0.231249,"13:47 ET"
IEF,90.11,2026-10-02,9,Call,91.00,-1.03%,0.09,0.1,0.12,1606,160,10.04,7.25%,6.80%,0.197274,"13:26 ET"
SMH,599.51,2026-10-02,9,Call,612.50,-2.67%,6.7,6.05,7.1,1085,110,9.86,35.00%,32.14%,0.348852,"13:29 ET"
FEZ,67.96,2026-10-16,23,Put,65.00,-4.02%,0.35,0.41,0.45,1792,184,9.74,17.94%,21.00%,-0.195958,"13:36 ET"
SPY,768.38,2026-09-24,1,Put,771.00,+0.49%,3.38,3.39,3.41,22104,2269,9.74,12.81%,11.53%,-0.70798,"13:47 ET"
SOXS,33.97,2026-09-25,2,Call,34.50,+0.03%,0.83,0.86,0.92,5025,520,9.66,117.48%,109.21%,0.445222,"13:46 ET"
IWM,282.79,2026-10-02,9,Put,264.00,-6.53%,0.21,0.16,0.24,1005,105,9.57,18.48%,26.38%,-0.04589,"11:22 ET"
SOXL,144.76,2026-09-23,0,Put,143.00,+0.58%,0.59,0.56,0.61,3086,326,9.47,116.55%,41.03%,-0.302517,"13:46 ET"
SPY,768.38,2026-09-24,1,Put,772.00,+0.62%,4.09,4.06,4.12,14425,1539,9.37,12.81%,11.23%,-0.783804,"13:47 ET"
SPY,768.38,2026-09-29,6,Put,779.00,+1.54%,10.36,11.84,10.86,1006,108,9.31,12.81%,6.69%,-0.967338,"13:39 ET"
SPY,768.38,2026-09-24,1,Put,763.00,-0.55%,0.54,0.54,0.55,18160,1963,9.25,12.81%,14.53%,-0.173133,"13:47 ET"
QQQ,740.59,2026-09-24,1,Put,735.00,-0.54%,1.05,1.06,1.07,17600,1906,9.23,18.59%,20.12%,-0.231997,"13:47 ET"
QQQ,740.59,2026-09-23,0,Call,737.00,+0.27%,3.79,3.86,3.92,15486,1685,9.19,18.59%,8.31%,0.874403,"13:47 ET"
QQQ,740.59,2026-09-28,5,Put,744.00,+0.68%,6.44,6.51,6.49,3439,379,9.07,18.59%,13.67%,-0.602856,"13:43 ET"
QQQ,740.59,2026-09-24,1,Put,745.00,+0.81%,5.34,5.35,5.4,12474,1383,9.02,18.59%,17.02%,-0.744324,"13:47 ET"
IWM,282.79,2026-09-25,2,Call,284.00,-0.55%,1.01,1.02,1.03,5635,632,8.92,18.48%,18.84%,0.376067,"13:47 ET"
TLT,80.38,2026-10-05,12,Call,82.00,-2.02%,0.16,0.16,0.17,1440,162,8.89,12.52%,11.42%,0.183445,"13:33 ET"
IWM,282.79,2026-09-23,0,Put,285.00,+0.91%,2.3,2.33,2.36,25212,2855,8.83,18.48%,9.28%,-0.95899,"13:45 ET"
QQQ,740.59,2026-09-24,1,Put,744.00,+0.68%,4.66,4.7,4.71,10234,1174,8.72,18.59%,17.30%,-0.690311,"13:47 ET"
QQQ,740.59,2026-09-30,7,Put,741.00,+0.27%,6.57,6.57,6.62,1381,160,8.63,18.59%,16.11%,-0.496989,"13:47 ET"
SPY,768.38,2026-09-24,1,Call,771.00,-0.49%,0.99,1,1.01,50100,5837,8.58,12.81%,12.56%,0.309497,"13:47 ET"
SOXL,144.76,2026-09-23,0,Call,148.00,-4.09%,0.23,0.22,0.25,3649,429,8.51,116.55%,42.70%,0.14667,"13:46 ET"
COPX,86.66,2026-09-25,2,Put,84.00,-2.79%,0.35,0.46,0.5,2041,243,8.4,41.29%,53.98%,-0.212144,"12:10 ET"
USO,147.76,2026-10-30,37,Call,142.00,+3.52%,11.4,12.96,12.95,963,115,8.37,49.56%,47.39%,0.641385,"12:38 ET"
XLU,39.94,2029-01-19,849,Put,40.00,+0.20%,2.9,3.15,3.35,3008,360,8.36,16.88%,12.03%,-0.464768,"13:39 ET"
KORU,21.43,2027-03-19,177,Put,22.00,+4.76%,7.5,8.1,8.6,1100,132,8.33,131.09%,137.51%,-0.322033,"11:01 ET"
ETHA,20.12,2026-10-16,23,Put,20.00,-0.45%,0.88,0.92,0.9,23609,2896,8.15,50.65%,48.37%,-0.449539,"13:42 ET"
IWM,282.79,2026-10-09,16,Put,271.00,-4.05%,1.06,1.19,1.09,1024,126,8.13,18.48%,21.21%,-0.159657,"13:36 ET"
QQQ,740.59,2026-09-24,1,Put,726.00,-1.76%,0.18,0.18,0.19,3041,376,8.09,18.59%,23.18%,-0.049166,"13:47 ET"
SPY,768.38,2026-09-24,1,Call,773.00,-0.75%,0.48,0.48,0.49,20406,2522,8.09,12.81%,12.29%,0.181115,"13:47 ET"
RSP,212.03,2026-11-20,58,Put,200.00,-5.62%,1.3,1.4,1.65,866,108,8.02,12.35%,17.48%,-0.178941,"13:42 ET"
IGV,107.94,2026-12-18,86,Put,106.00,-1.81%,5.25,5.35,5.45,8202,1027,7.99,31.59%,32.14%,-0.406691,"13:47 ET"
IWM,282.79,2026-09-24,1,Put,282.00,-0.16%,0.84,0.86,0.86,3857,484,7.97,18.48%,19.81%,-0.403245,"13:47 ET"
QQQ,740.59,2026-09-24,1,Put,730.00,-1.22%,0.4,0.41,0.41,13413,1690,7.94,18.59%,21.76%,-0.100752,"13:47 ET"
NBIG,17.8,2026-10-16,23,Call,30.00,-69.68%,0.35,0.43,0.65,1322,170,7.78,164.47%,168.27%,0.152778,"12:55 ET"
HYG,78.15,2026-10-16,23,Put,77.50,-0.74%,0.27,0.27,0.35,28370,3658,7.76,5.42%,7.77%,-0.313508,"13:18 ET"
IWM,282.79,2026-10-23,30,Put,281.00,-0.51%,4.72,4.73,4.78,1226,159,7.71,18.48%,17.99%,-0.430516,"13:43 ET"
SPY,768.38,2026-09-29,6,Call,761.00,+0.81%,9.59,9.68,9.74,963,125,7.7,12.81%,12.36%,0.741262,"13:47 ET"
SOXL,144.76,2026-09-23,0,Call,142.00,+0.13%,2.9,3.05,3.1,2964,388,7.64,116.55%,45.72%,0.77708,"13:46 ET"
SOXL,144.76,2026-09-23,0,Put,140.00,-1.53%,0.13,0.13,0.14,8498,1113,7.64,116.55%,45.38%,-0.085461,"13:47 ET"
GLD,393.23,2026-09-24,1,Put,388.00,-1.15%,0.38,0.41,0.41,810,107,7.57,20.63%,25.04%,-0.147632,"13:47 ET"
XLE,62.48,2026-09-28,5,Put,62.00,-0.64%,0.44,0.48,0.53,1725,229,7.53,26.11%,23.86%,-0.389145,"13:45 ET"
TLT,80.38,2026-10-16,23,Call,81.50,-1.39%,0.51,0.5,0.52,4441,598,7.43,12.52%,11.42%,0.340763,"13:43 ET"
SPY,768.38,2026-10-05,12,Put,751.00,-2.11%,1.64,1.72,1.66,965,130,7.42,12.81%,13.53%,-0.16374,"13:43 ET"
IWM,282.79,2026-10-30,37,Call,305.00,-7.99%,0.59,0.6,0.62,3065,413,7.42,18.48%,16.74%,0.088686,"13:44 ET"
QQQ,740.59,2026-09-24,1,Call,738.00,+0.13%,4.68,4.7,4.72,5304,718,7.39,18.59%,20.72%,0.631851,"13:47 ET"
TQQQ,78.47,2026-09-23,0,Call,79.00,-1.36%,0.13,0.16,0.14,17586,2386,7.37,54.26%,20.60%,0.265571,"13:46 ET"
SOXL,144.76,2026-09-28,5,Call,150.00,-5.50%,3.8,3.8,3.9,2804,381,7.36,116.55%,89.84%,0.383852,"13:45 ET"
QQQ,740.59,2026-10-23,30,Call,790.00,-6.90%,1.45,1.34,1.49,4470,607,7.36,18.59%,16.09%,0.093781,"13:33 ET"
SOXL,144.76,2026-09-23,0,Call,144.00,-1.28%,1.51,1.62,1.61,4883,665,7.34,116.55%,42.26%,0.573751,"13:46 ET"
USO,147.76,2026-09-23,0,Call,149.00,-1.24%,0.11,0.11,0.14,7638,1040,7.34,49.56%,17.43%,0.17435,"13:47 ET"
USO,147.76,2027-09-17,359,Call,190.00,-29.09%,12.45,13.35,14,2748,378,7.27,49.56%,42.09%,0.381949,"12:49 ET"
IWM,282.79,2026-10-30,37,Call,303.00,-7.28%,0.77,0.78,0.8,3013,417,7.23,18.48%,16.74%,0.110201,"13:31 ET"
TLT,80.38,2026-10-23,30,Call,79.50,+1.09%,1.62,1.61,1.64,1065,151,7.05,12.52%,11.18%,0.664505,"13:44 ET"
QQQ,740.59,2026-09-28,5,Put,742.00,+0.41%,5.42,5.42,5.46,1446,205,7.05,18.59%,14.03%,-0.534927,"13:47 ET"
SOXL,144.76,2026-09-30,7,Call,160.00,-12.53%,2.78,2.82,2.84,2357,338,6.97,116.55%,99.22%,0.252735,"13:46 ET"
IEF,90.11,2026-10-16,23,Call,90.00,+0.08%,0.69,0.69,0.73,1002,144,6.96,7.25%,6.38%,0.57224,"13:29 ET"
IBIT,47.72,2026-10-16,23,Put,45.50,-4.41%,0.82,0.88,0.84,1069,155,6.9,38.77%,37.64%,-0.282324,"13:34 ET"
QQQ,740.59,2026-09-28,5,Put,743.00,+0.54%,5.9,6,5.94,1291,187,6.9,18.59%,13.81%,-0.568856,"13:44 ET"
SMH,599.51,2026-09-23,0,Call,600.00,-0.57%,1.07,1.28,1.34,1396,203,6.88,35.00%,12.06%,0.434547,"13:46 ET"
LQD,103.79,2026-11-20,58,Call,105.00,-1.20%,0.53,0.57,0.6,86013,12514,6.87,7.59%,5.55%,0.363919,"13:32 ET"
SPY,768.38,2026-09-23,0,Call,754.00,+1.72%,14.45,14.58,14.52,1797,262,6.86,12.81%,15.60%,0.990535,"13:47 ET"
SPY,768.38,2026-09-29,6,Put,778.00,+1.41%,9.71,9.83,9.99,1095,162,6.76,12.81%,8.08%,-0.891089,"13:47 ET"
KORU,21.43,2026-12-18,86,Call,22.00,-4.76%,4.5,5.1,5.3,736,109,6.75,131.09%,123.64%,0.606159,"11:54 ET"
DRAM,61.99,2026-09-25,2,Put,61.50,-0.18%,0.8,0.82,0.81,1936,287,6.75,58.18%,56.23%,-0.418626,"13:45 ET"
SQQQ,34.22,2026-11-20,58,Call,39.00,-13.24%,1.93,2.04,2.1,6087,904,6.73,55.94%,66.97%,0.369298,"13:10 ET"
SPY,768.38,2026-10-02,9,Call,785.00,-2.32%,0.65,0.66,0.66,53914,8129,6.63,12.81%,10.56%,0.107624,"13:47 ET"
SPY,768.38,2026-09-23,0,Put,773.00,+0.75%,4.57,4.51,4.58,62648,9453,6.63,12.81%,0.00%,0,"13:47 ET"
ETHA,20.12,2026-09-25,2,Put,19.50,-2.94%,0.09,0.1,0.1,7921,1203,6.58,50.65%,53.72%,-0.206714,"13:45 ET"
SOXL,144.76,2026-10-16,23,Call,143.00,-0.58%,17,15.95,17.15,669,102,6.56,116.55%,112.50%,0.574261,"13:35 ET"
TQQQ,78.47,2026-09-30,7,Put,80.00,+2.64%,2.69,3.2,3.15,653,100,6.53,54.26%,47.76%,-0.599998,"13:33 ET"
SPY,768.38,2026-09-23,0,Put,778.00,+1.41%,9.51,9.6,9.58,2938,451,6.51,12.81%,11.59%,-0.986081,"13:43 ET"
QQQ,740.59,2026-10-30,37,Put,702.00,-5.01%,6.14,6.48,6.2,1367,215,6.36,18.59%,22.30%,-0.202888,"13:37 ET"
SPY,768.38,2026-09-29,6,Call,749.00,+2.37%,19.48,19.69,20.89,962,152,6.33,12.81%,13.97%,0.928047,"13:38 ET"
TLT,80.38,2026-10-16,23,Call,80.50,-0.15%,0.91,0.89,0.92,3315,524,6.33,12.52%,11.28%,0.507992,"13:42 ET"
QQQ,740.59,2026-10-02,9,Call,753.00,-1.90%,3.39,3.4,3.41,1458,231,6.31,18.59%,16.99%,0.281161,"13:45 ET"
GDXJ,121.52,2026-10-16,23,Call,160.00,-32.00%,0.07,0.16,0.17,1200,191,6.28,46.85%,51.96%,0.021338,"11:38 ET"
SPY,768.38,2026-09-25,2,Call,771.00,-0.49%,1.71,1.74,1.72,18158,2916,6.23,12.81%,12.23%,0.362851,"13:47 ET"
QQQ,740.59,2026-10-09,16,Call,758.00,-2.57%,4.1,3.84,4.13,870,140,6.21,18.59%,16.44%,0.268814,"13:41 ET"
XLF,54.79,2026-09-24,1,Put,55.50,+1.24%,0.7,0.79,0.83,1452,234,6.21,16.95%,24.36%,-0.841902,"13:11 ET"
SMH,599.51,2026-10-09,16,Call,630.00,-5.60%,5.45,4.7,5.75,662,107,6.19,35.00%,31.84%,0.244458,"13:07 ET"
SPY,768.38,2026-09-29,6,Call,762.00,+0.68%,8.8,7.68,9.11,1286,208,6.18,12.81%,12.40%,0.713226,"13:05 ET"
QQQ,740.59,2026-09-25,2,Put,737.00,-0.27%,2.38,2.37,2.4,8639,1410,6.13,18.59%,18.21%,-0.352469,"13:47 ET"
SPY,768.38,2026-09-23,0,Call,765.00,+0.29%,3.55,3.57,3.56,20563,3357,6.13,12.81%,6.18%,0.920578,"13:47 ET"
SOXL,144.76,2026-09-23,0,Call,143.00,-0.58%,2.17,2.2,2.25,5770,943,6.12,116.55%,43.17%,0.68906,"13:46 ET"
VTI,378.73,2026-10-16,23,Call,385.00,-1.80%,1.65,1.75,1.95,4789,784,6.11,12.86%,10.46%,0.291848,"13:43 ET"
SPY,768.38,2026-09-28,5,Call,771.00,-0.49%,2.4,2.42,2.42,2167,355,6.1,12.81%,9.57%,0.396821,"13:46 ET"
SPY,768.38,2026-09-29,6,Put,769.00,+0.23%,3.95,3.93,3.97,2837,465,6.1,12.81%,9.70%,-0.51144,"13:47 ET"
IWM,282.79,2026-09-24,1,Call,287.00,-1.61%,0.1,0.1,0.11,6775,1111,6.1,18.48%,20.23%,0.078031,"13:45 ET"
QQQ,740.59,2026-09-28,5,Put,735.00,-0.54%,2.75,2.7,2.77,7864,1294,6.08,18.59%,15.04%,-0.322398,"13:46 ET"
IWM,282.79,2026-09-24,1,Put,282.50,+0.02%,1.05,1.06,1.06,3279,543,6.04,18.48%,19.55%,-0.470197,"13:47 ET"
QQQ,740.59,2026-09-29,6,Put,725.00,-1.89%,1.4,1.4,1.43,19506,3233,6.03,18.59%,17.35%,-0.161315,"13:47 ET"
SPY,768.38,2026-09-29,6,Call,759.00,+1.07%,11.25,10.64,11.63,759,126,6.02,12.81%,13.23%,0.776598,"13:18 ET"
IWM,282.79,2026-09-30,7,Put,282.00,-0.16%,2.17,2.14,2.19,5618,935,6.01,18.48%,16.44%,-0.446098,"13:44 ET"
SMH,599.51,2026-09-24,1,Call,607.50,-1.83%,1.17,1.28,1.36,907,152,5.97,35.00%,32.65%,0.217708,"13:46 ET"
XLU,39.94,2026-09-25,2,Call,40.00,-0.20%,0.18,0.23,0.25,1058,178,5.94,16.88%,21.37%,0.453943,"13:39 ET"
SPY,768.38,2026-09-29,6,Put,777.00,+1.27%,8.69,9.63,9.16,604,102,5.92,12.81%,7.86%,-0.869879,"13:42 ET"
SMH,599.51,2026-09-23,0,Put,595.00,-0.26%,0.22,0.23,0.29,1449,246,5.89,35.00%,12.53%,-0.130134,"13:46 ET"
SQQQ,34.22,2026-11-20,58,Call,40.00,-16.14%,1.77,1.87,1.9,2317,396,5.85,55.94%,68.52%,0.339874,"13:30 ET"
KORU,21.43,2027-03-19,177,Call,22.00,-4.76%,6.2,6.5,7,1128,193,5.84,131.09%,115.02%,0.651675,"13:39 ET"
SPY,768.38,2026-09-30,7,Put,777.00,+1.27%,9.01,10.12,9.48,2010,345,5.83,12.81%,8.68%,-0.82165,"13:40 ET"
QQQ,740.59,2026-09-24,1,Call,749.00,-1.35%,0.44,0.44,0.45,5796,999,5.8,18.59%,18.54%,0.125162,"13:46 ET"
SMH,599.51,2026-09-30,7,Call,600.00,-0.57%,8.9,9.8,10.9,1169,202,5.79,35.00%,30.31%,0.50405,"13:46 ET"
SQQQ,34.22,2026-10-02,9,Call,33.50,+2.73%,1.45,1.49,1.52,774,134,5.78,55.94%,50.25%,0.626337,"13:43 ET"
SPY,768.38,2026-09-29,6,Put,767.00,-0.03%,3.15,3.05,3.17,1080,187,5.78,12.81%,10.08%,-0.430129,"13:46 ET"
SPY,768.38,2026-09-24,1,Call,775.00,-1.01%,0.22,0.22,0.23,18732,3239,5.78,12.81%,12.38%,0.096355,"13:47 ET"
QQQ,740.59,2026-09-29,6,Call,755.00,-2.17%,1.11,1.15,1.13,889,155,5.74,18.59%,14.41%,0.157449,"13:43 ET"
QQQ,740.59,2026-09-28,5,Call,749.00,-1.35%,1.87,1.92,1.9,903,158,5.72,18.59%,14.09%,0.258082,"13:46 ET"
SPY,768.38,2026-09-29,6,Put,783.00,+2.06%,14.23,14.18,14.78,1239,217,5.71,12.81%,8.35%,-0.983656,"13:47 ET"
GLD,393.23,2026-09-24,1,Call,397.00,-1.14%,0.54,0.57,0.62,568,101,5.62,20.63%,22.66%,0.218437,"13:45 ET"
SPY,768.38,2026-09-30,7,Put,780.00,+1.67%,11.43,13.32,11.98,2142,381,5.62,12.81%,7.78%,-0.933542,"13:08 ET"
SPY,768.38,2026-09-29,6,Put,764.00,-0.42%,2.25,2.23,2.27,1270,227,5.59,12.81%,10.73%,-0.3253,"13:46 ET"
QQQ,740.59,2026-09-29,6,Call,741.00,-0.27%,5.89,5.9,5.94,795,143,5.56,18.59%,15.63%,0.503634,"13:47 ET"
SPY,768.38,2026-10-01,8,Call,770.00,-0.36%,4.57,4.6,4.6,2310,416,5.55,12.81%,11.30%,0.468217,"13:47 ET"
TLT,80.38,2026-10-23,30,Call,80.00,+0.47%,1.32,1.27,1.34,1947,354,5.5,12.52%,11.26%,0.590181,"13:40 ET"
QQQ,740.59,2026-09-24,1,Call,751.00,-1.63%,0.26,0.27,0.27,2960,541,5.47,18.59%,18.82%,0.080344,"13:47 ET"
SPY,768.38,2026-10-01,8,Call,768.00,-0.10%,5.7,5.75,5.76,869,160,5.43,12.81%,11.65%,0.529467,"13:47 ET"
QQQ,740.59,2026-09-30,7,Put,739.00,0.00%,5.72,5.7,5.76,634,117,5.42,18.59%,16.38%,-0.449126,"13:46 ET"
QQQ,740.59,2026-09-23,0,Put,746.00,+0.95%,5.26,5.35,5.39,27965,5159,5.42,18.59%,0.00%,0,"13:47 ET"
IWM,282.79,2026-09-23,0,Call,281.00,+0.51%,1.71,1.8,1.75,752,139,5.41,18.48%,7.32%,0.944226,"13:43 ET"
SPY,768.38,2026-11-30,68,Call,875.00,-14.05%,0.16,0.16,0.17,680,126,5.4,12.81%,12.58%,0.011656,"12:45 ET"
GDXJ,121.52,2026-11-20,58,Put,120.00,-1.00%,7.8,8.14,8.65,1511,280,5.4,46.85%,48.35%,-0.426869,"11:30 ET"
QQQ,740.59,2026-10-02,9,Call,757.00,-2.44%,2.33,1.99,2.34,1049,195,5.38,18.59%,16.69%,0.214023,"13:30 ET"
SPY,768.38,2026-09-23,0,Put,780.00,+1.67%,11.5,12.55,11.56,2321,438,5.3,12.81%,29.15%,-0.836318,"13:37 ET"
QQQ,740.59,2028-01-21,485,Put,535.00,-27.60%,13.57,14.96,17.5,936,177,5.29,18.59%,30.11%,-0.108741,"11:21 ET"
SPY,768.38,2026-09-25,2,Put,769.00,+0.23%,2.83,2.82,2.84,20826,3951,5.27,12.81%,11.38%,-0.529227,"13:47 ET"
QQQ,740.59,2026-09-25,2,Call,742.00,-0.41%,3.49,3.51,3.51,8707,1654,5.26,18.59%,18.76%,0.453368,"13:47 ET"
QQQ,740.59,2026-09-25,2,Call,741.00,-0.27%,4.01,4.02,4.04,9327,1773,5.26,18.59%,19.03%,0.49219,"13:47 ET"
FXI,34.36,2027-08-20,331,Put,29.00,-15.50%,0.8,0.93,1.15,2750,525,5.24,20.71%,26.32%,-0.185103,"13:40 ET"
SLV,58.33,2026-10-23,30,Call,67.00,-15.10%,0.48,0.47,0.51,4237,808,5.24,36.47%,42.14%,0.144232,"12:51 ET"
GLD,393.23,2026-09-28,5,Call,395.00,-0.63%,2.37,2.1,2.56,889,170,5.23,20.63%,17.20%,0.428269,"13:31 ET"
SPY,768.38,2026-09-25,2,Call,773.00,-0.75%,1.03,1.04,1.04,23538,4520,5.21,12.81%,11.88%,0.255913,"13:47 ET"
QQQ,740.59,2026-09-25,2,Call,743.00,-0.54%,3.03,3.03,3.05,11923,2291,5.2,18.59%,18.62%,0.414523,"13:47 ET"
SPY,768.38,2026-09-30,7,Put,779.00,+1.54%,10.57,12.16,11.11,895,173,5.17,12.81%,8.11%,-0.897836,"12:55 ET"
QQQ,740.59,2026-09-25,2,Call,746.00,-0.95%,1.88,1.88,1.89,13520,2627,5.15,18.59%,18.13%,0.300703,"13:47 ET"
SPY,768.38,2026-09-23,0,Call,751.00,+2.11%,17.42,17.61,17.6,565,110,5.14,12.81%,20.54%,0.984561,"13:45 ET"
GLD,393.23,2026-09-25,2,Call,393.00,-0.12%,2.74,2.74,2.85,539,105,5.13,20.63%,22.46%,0.525778,"13:47 ET"
SPY,768.38,2026-09-29,6,Call,752.00,+1.98%,17.64,17.68,17.7,746,146,5.11,12.81%,15.05%,0.875135,"13:43 ET"
IWM,282.79,2026-09-30,7,Call,286.00,-1.26%,1.21,1.23,1.25,2473,484,5.11,18.48%,15.94%,0.310322,"13:45 ET"
QQQ,740.59,2026-09-24,1,Put,729.00,-1.35%,0.32,0.32,0.33,5853,1155,5.07,18.59%,21.98%,-0.083151,"13:47 ET"
SLV,58.33,2026-10-23,30,Call,65.00,-11.66%,0.69,0.7,0.7,5231,1034,5.06,36.47%,40.22%,0.196269,"13:46 ET"
TLT,80.38,2026-10-23,30,Put,78.50,-2.34%,0.46,0.53,0.47,723,144,5.02,12.52%,13.48%,-0.247552,"13:40 ET"
SPY,768.38,2026-09-29,6,Call,720.00,+6.15%,47.77,49.11,49.51,536,107,5.01,12.81%,28.37%,0.965455,"13:44 ET"
XLK,195,2026-10-16,23,Put,194.00,-0.29%,3.9,4.1,4.25,1508,301,5.01,24.25%,24.32%,-0.443008,"12:40 ET"
SPY,768.38,2026-10-01,8,Call,767.00,+0.03%,6.3,6.08,6.5,787,159,4.95,12.81%,11.95%,0.558108,"13:42 ET"
QQQ,740.59,2026-09-25,2,Put,742.00,+0.41%,4.38,4.4,4.42,10446,2114,4.94,18.59%,16.98%,-0.553416,"13:47 ET"
SPY,768.38,2026-09-29,6,Put,766.00,-0.16%,2.81,2.85,2.84,3980,811,4.91,12.81%,10.29%,-0.392695,"13:43 ET"
IWM,282.79,2026-10-16,23,Call,294.00,-4.09%,1.17,1.18,1.19,16938,3479,4.87,18.48%,16.51%,0.18728,"13:42 ET"
SOXL,144.76,2026-09-28,5,Call,160.00,-12.53%,1.36,1.38,1.42,871,181,4.81,116.55%,88.92%,0.178869,"13:43 ET"
SOXL,144.76,2026-09-23,0,Call,141.00,+0.83%,3.7,3.71,3.9,1844,384,4.8,116.55%,45.04%,0.858931,"13:46 ET"
SPY,768.38,2026-10-02,9,Put,765.00,-0.29%,3.87,3.8,3.89,14046,2935,4.79,12.81%,11.67%,-0.389109,"13:46 ET"
QQQ,740.59,2026-10-02,9,Call,741.00,-0.27%,8.56,8.61,8.61,1423,299,4.76,18.59%,18.31%,0.50918,"13:46 ET"
XLU,39.94,2026-11-20,58,Put,39.00,-2.30%,0.57,0.6,0.61,5213,1097,4.75,16.88%,15.16%,-0.35002,"13:40 ET"
APPX,12.39,2026-10-16,23,Call,13.00,-4.84%,0.9,1.12,1.25,1275,269,4.74,117.92%,105.10%,0.487062,"13:02 ET"
QQQ,740.59,2026-09-25,2,Call,740.00,-0.14%,4.57,4.58,4.6,24148,5101,4.73,18.59%,19.28%,0.530093,"13:47 ET"
QQQ,740.59,2026-10-16,23,Put,741.00,+0.27%,12.34,12.34,12.42,1413,301,4.69,18.59%,17.30%,-0.482744,"13:46 ET"
TLT,80.38,2026-10-02,9,Call,81.50,-1.39%,0.23,0.23,0.25,6359,1365,4.66,12.52%,12.43%,0.256585,"13:44 ET"
QQQ,740.59,2026-10-23,30,Put,702.00,-5.01%,4.56,4.6,4.6,549,118,4.65,18.59%,21.86%,-0.177641,"13:45 ET"
XLE,62.48,2026-09-28,5,Call,63.00,-0.96%,0.43,0.49,0.47,638,138,4.62,26.11%,23.35%,0.383101,"13:45 ET"
SOXL,144.76,2026-09-25,2,Call,147.00,-3.39%,3.55,3.55,3.7,920,199,4.62,116.55%,110.20%,0.434982,"13:45 ET"
IBIT,47.72,2026-10-30,37,Put,42.50,-10.71%,0.53,0.55,0.54,2114,459,4.61,38.77%,40.03%,-0.15819,"13:43 ET"
IWM,282.79,2026-09-25,2,Call,283.00,-0.20%,1.47,1.48,1.48,2749,596,4.61,18.48%,19.26%,0.475613,"13:46 ET"
TLT,80.38,2026-10-07,14,Put,79.00,-1.72%,0.33,0.3,0.35,694,151,4.6,12.52%,14.26%,-0.250475,"13:02 ET"
IWM,282.79,2026-09-30,7,Put,271.00,-4.05%,0.3,0.29,0.32,505,110,4.59,18.48%,22.02%,-0.078617,"12:50 ET"
USO,147.76,2028-01-21,485,Call,160.00,-8.71%,23.45,23.36,27,1265,276,4.58,49.56%,39.75%,0.568504,"13:20 ET"
ETHA,20.12,2027-12-17,450,Put,12.00,-40.27%,1.18,1.2,1.25,4198,916,4.58,50.65%,62.73%,-0.125042,"11:48 ET"
GLD,393.23,2026-12-31,99,Call,405.00,-3.18%,14.6,14.74,14.9,1572,347,4.53,20.63%,22.15%,0.457705,"11:37 ET"
SPY,768.38,2026-09-28,5,Call,769.00,-0.23%,3.4,3.43,3.42,2839,627,4.53,12.81%,9.92%,0.48871,"13:47 ET"
SPY,768.38,2026-09-29,6,Put,770.00,+0.36%,4.41,4.39,4.43,2032,450,4.52,12.81%,9.50%,-0.554876,"13:47 ET"
QQQ,740.59,2026-10-02,9,Call,764.00,-3.38%,1.12,1.15,1.14,694,154,4.51,18.59%,16.37%,0.121611,"13:44 ET"
QQQ,740.59,2026-09-29,6,Call,750.00,-1.49%,2.2,2.21,2.22,1695,377,4.5,18.59%,14.69%,0.263516,"13:43 ET"
QQQ,740.59,2026-10-06,13,Call,765.00,-3.52%,1.55,1.54,1.57,548,123,4.46,18.59%,15.36%,0.143571,"13:43 ET"
IBIT,47.72,2026-09-30,7,Put,46.00,-3.36%,0.32,0.35,0.34,1172,263,4.46,38.77%,37.37%,-0.225433,"13:43 ET"
IWM,282.79,2026-09-24,1,Put,281.00,-0.51%,0.54,0.54,0.55,1980,447,4.43,18.48%,20.57%,-0.285561,"13:47 ET"
QQQ,740.59,2026-10-02,9,Put,744.00,+0.68%,9.3,10.06,9.36,699,159,4.4,18.59%,16.77%,-0.555527,"13:34 ET"
QQQ,740.59,2026-09-30,7,Put,742.00,+0.41%,7.03,7.8,7.08,765,174,4.4,18.59%,15.97%,-0.5215,"13:35 ET"
SPY,768.38,2026-10-30,37,Put,753.00,-1.85%,6.76,7.02,6.79,973,221,4.4,12.81%,14.23%,-0.300676,"13:42 ET"
QQQ,740.59,2026-09-25,2,Call,753.00,-1.90%,0.5,0.51,0.51,7755,1763,4.4,18.59%,17.85%,0.107886,"13:46 ET"
QQQ,740.59,2026-10-02,9,Call,748.00,-1.22%,5.16,5.17,5.2,1983,452,4.39,18.59%,17.46%,0.374381,"13:45 ET"
SPY,768.38,2026-09-29,6,Call,755.00,+1.59%,14.82,14.82,15.21,1224,281,4.36,12.81%,14.60%,0.834903,"13:46 ET"
GLD,393.23,2026-09-24,1,Put,389.00,-0.89%,0.51,0.67,0.63,584,135,4.33,20.63%,25.04%,-0.197576,"13:42 ET"
SPY,768.38,2026-10-01,8,Put,775.00,+1.01%,7.95,8.91,8.27,1969,457,4.31,12.81%,9.43%,-0.721928,"13:37 ET"
SPY,768.38,2026-09-23,0,Call,755.00,+1.59%,13.45,12.99,13.52,1326,311,4.26,12.81%,14.64%,0.990017,"13:42 ET"
IBIT,47.72,2026-09-25,2,Put,46.50,-2.31%,0.19,0.22,0.2,8946,2099,4.26,38.77%,45.41%,-0.210972,"13:42 ET"
VOO,708.09,2026-09-25,2,Put,710.00,+0.42%,3,3.7,4,902,212,4.25,12.63%,12.23%,-0.604175,"13:19 ET"
SPY,768.38,2026-09-29,6,Call,753.00,+1.85%,16.66,16.43,17.08,812,192,4.23,12.81%,15.34%,0.855964,"13:46 ET"
GLD,393.23,2026-09-23,0,Put,393.00,+0.12%,0.42,0.45,0.48,2371,560,4.23,20.63%,7.34%,-0.414362,"13:47 ET"
SLV,58.33,2026-10-02,9,Call,62.00,-6.51%,0.35,0.35,0.36,3894,927,4.2,36.47%,40.59%,0.180985,"13:44 ET"
IBIT,47.72,2026-10-30,37,Call,49.00,-2.94%,1.85,1.75,1.87,9748,2321,4.2,38.77%,38.52%,0.451848,"13:15 ET"
SPY,768.38,2026-09-23,0,Put,781.00,+1.80%,12.5,13.55,12.58,1120,267,4.19,12.81%,30.76%,-0.843187,"13:37 ET"
QQQ,740.59,2026-10-02,9,Put,731.00,-1.08%,4.44,4.38,4.47,810,194,4.18,18.59%,18.63%,-0.314312,"13:46 ET"
SPY,768.38,2026-10-01,8,Put,757.00,-1.33%,1.74,1.81,1.76,958,229,4.18,12.81%,13.01%,-0.20788,"13:44 ET"
QQQ,740.59,2026-10-23,30,Call,785.00,-6.23%,1.94,1.77,1.99,5152,1234,4.18,18.59%,16.11%,0.119224,"13:32 ET"
SPY,768.38,2026-10-01,8,Call,773.00,-0.75%,3.12,3.15,3.15,525,126,4.17,12.81%,10.83%,0.372027,"13:43 ET"
SPY,768.38,2026-10-09,16,Call,784.00,-2.19%,1.86,1.89,1.88,3224,777,4.15,12.81%,10.56%,0.199389,"13:46 ET"
SPY,768.38,2026-09-29,6,Call,768.00,-0.10%,4.54,4.57,4.58,542,131,4.14,12.81%,10.62%,0.531365,"13:47 ET"
SPY,768.38,2026-09-24,1,Put,757.00,-1.33%,0.13,0.14,0.14,1359,329,4.13,12.81%,17.19%,-0.047007,"13:45 ET"
SPY,768.38,2026-09-28,5,Call,768.00,-0.10%,3.98,4.07,4,2278,554,4.11,12.81%,10.13%,0.532795,"13:46 ET"
USO,147.76,2026-09-23,0,Call,148.00,-0.56%,0.4,0.44,0.43,5462,1332,4.1,49.56%,17.53%,0.423645,"13:47 ET"
SPY,768.38,2026-09-29,6,Call,718.00,+6.42%,49.64,49.71,51.46,1104,270,4.09,12.81%,17.63%,0.998637,"13:30 ET"
QQQ,740.59,2026-10-02,9,Call,751.00,-1.63%,4.03,4.07,4.06,1134,278,4.08,18.59%,17.16%,0.31742,"13:46 ET"
QQQ,740.59,2026-10-23,30,Call,775.00,-4.87%,3.43,3.42,3.49,3351,824,4.07,18.59%,16.29%,0.1866,"13:43 ET"
SPY,768.38,2026-10-01,8,Put,769.00,+0.23%,4.88,4.87,4.92,759,187,4.06,12.81%,10.58%,-0.505192,"13:47 ET"
SPY,768.38,2026-09-23,0,Call,753.00,+1.85%,15.42,15.48,15.6,790,195,4.05,12.81%,18.47%,0.983088,"13:43 ET"
SLV,58.33,2026-09-23,0,Call,58.00,+0.36%,0.33,0.37,0.35,2104,520,4.05,36.47%,6.77%,0.949762,"13:45 ET"
SPY,768.38,2026-09-25,2,Call,768.00,-0.10%,3.25,3.26,3.26,12015,2978,4.03,12.81%,13.16%,0.529862,"13:47 ET"
IWM,282.79,2026-09-24,1,Put,280.00,-0.86%,0.34,0.34,0.35,5228,1302,4.02,18.48%,21.48%,-0.194849,"13:46 ET"
IWM,282.79,2026-09-24,1,Put,283.00,+0.20%,1.28,1.3,1.3,6258,1556,4.02,18.48%,19.22%,-0.539894,"13:47 ET"
IWM,282.79,2026-09-25,2,Call,286.00,-1.26%,0.43,0.46,0.44,4555,1137,4.01,18.48%,18.50%,0.202027,"13:46 ET"
SPY,768.38,2026-09-28,5,Call,775.00,-1.01%,1.04,1.05,1.06,6821,1702,4.01,12.81%,9.11%,0.223444,"13:47 ET"
SPY,768.38,2026-10-30,37,Call,835.00,-8.83%,0.2,0.22,0.21,2511,627,4,12.81%,12.07%,0.019228,"11:24 ET"
QQQ,740.59,2026-10-02,9,Put,739.00,0.00%,7.03,7.51,7.07,1573,395,3.98,18.59%,17.40%,-0.45412,"13:42 ET"
VXX,17.38,2026-09-25,2,Call,17.50,+0.17%,0.14,0.2,0.3,3694,927,3.98,54.79%,52.41%,0.445101,"13:44 ET"
QQQ,740.59,2026-09-28,5,Call,755.00,-2.17%,0.73,0.74,0.74,3776,950,3.97,18.59%,13.85%,0.124331,"13:46 ET"
QQQ,740.59,2026-09-25,2,Call,744.00,-0.68%,2.6,2.62,2.61,9942,2515,3.95,18.59%,18.40%,0.375487,"13:47 ET"
IWM,282.79,2026-09-24,1,Put,284.00,+0.55%,1.87,1.82,1.9,3442,874,3.94,18.48%,18.90%,-0.677056,"13:45 ET"
SPY,768.38,2026-09-28,5,Put,764.00,-0.42%,1.8,1.79,1.82,2026,516,3.93,12.81%,10.30%,-0.304955,"13:47 ET"
SMH,599.51,2026-09-24,1,Put,580.00,-2.78%,0.29,0.34,0.35,506,129,3.92,35.00%,40.31%,-0.058522,"13:45 ET"
SOXL,144.76,2026-09-28,5,Put,130.00,-8.57%,1.53,1.57,1.57,697,178,3.92,116.55%,99.27%,-0.164892,"13:44 ET"
SOXL,144.76,2026-09-28,5,Put,135.00,-5.05%,2.54,2.63,2.59,516,132,3.91,116.55%,95.46%,-0.2511,"13:45 ET"
XLE,62.48,2026-09-30,7,Call,63.00,-0.96%,0.65,0.67,0.71,697,179,3.89,26.11%,26.53%,0.416812,"12:51 ET"
SPY,768.38,2026-09-29,6,Call,719.00,+6.29%,49.95,50.2,50.84,727,187,3.89,12.81%,32.11%,0.949941,"13:46 ET"
EWZ,37.65,2026-10-02,9,Put,35.50,-5.33%,0.13,0.16,0.16,2561,658,3.89,46.32%,34.41%,-0.137102,"13:02 ET"
IEF,90.11,2026-11-20,58,Put,91.00,+1.03%,1.52,1.57,1.57,866,223,3.88,7.25%,8.48%,-0.585099,"13:11 ET"
SPY,768.38,2026-09-29,6,Put,787.00,+2.58%,17.62,19.31,20.16,585,151,3.87,12.81%,13.38%,-0.92258,"12:42 ET"
SPY,768.38,2026-09-30,7,Put,778.00,+1.41%,9.76,10.21,10.26,1452,375,3.87,12.81%,8.36%,-0.862512,"13:47 ET"
QQQ,740.59,2026-09-28,5,Call,761.00,-2.98%,0.26,0.27,0.27,3095,799,3.87,18.59%,14.00%,0.052196,"13:46 ET"
SPY,768.38,2026-10-01,8,Put,771.00,+0.49%,5.77,5.64,5.88,867,225,3.85,12.81%,10.21%,-0.575063,"13:46 ET"
HYG,78.15,2026-09-25,2,Call,78.00,+0.10%,0.2,0.21,0.29,1721,447,3.85,5.42%,6.52%,0.667097,"13:13 ET"
USO,147.76,2026-11-20,58,Put,105.00,-28.66%,0.52,0.53,0.68,1133,296,3.83,49.56%,53.95%,-0.042707,"12:51 ET"
SPY,768.38,2026-09-29,6,Call,757.00,+1.33%,13.03,12.39,13.4,589,154,3.82,12.81%,13.95%,0.807945,"13:34 ET"
USO,147.76,2026-09-23,0,Put,149.00,+1.24%,1.04,0.86,1.68,908,238,3.82,49.56%,15.65%,-0.854735,"13:42 ET"
ARKK,90.1,2026-09-25,2,Put,89.00,-1.12%,0.52,0.57,0.67,543,143,3.8,34.23%,40.54%,-0.329505,"13:42 ET"
IBIT,47.72,2026-10-05,12,Put,44.00,-7.56%,0.2,0.22,0.22,658,173,3.8,38.77%,39.95%,-0.1197,"12:57 ET"
QQQ,740.59,2026-10-16,23,Call,771.00,-4.33%,2.82,2.84,2.85,665,176,3.78,18.59%,16.13%,0.178021,"13:44 ET"
QQQ,740.59,2026-09-28,5,Call,741.00,-0.27%,5.11,5.17,5.16,1417,375,3.78,18.59%,14.96%,0.501049,"13:46 ET"
SILJ,29.38,2026-11-20,58,Put,25.00,-14.73%,0.6,0.62,0.65,3142,833,3.77,50.30%,50.64%,-0.177347,"13:41 ET"
CIBR,103.44,2026-11-20,58,Call,95.00,+8.16%,10.3,10.9,11.4,637,171,3.73,31.82%,32.70%,0.777645,"13:37 ET"
XLF,54.79,2026-10-02,9,Put,54.00,-1.50%,0.23,0.27,0.27,3151,845,3.73,16.95%,16.68%,-0.278386,"13:40 ET"
SPY,768.38,2026-09-25,2,Call,769.00,-0.23%,2.66,2.69,2.67,15010,4021,3.73,12.81%,12.76%,0.475763,"13:47 ET"
EWY,186.23,2026-10-16,23,Put,135.00,-27.03%,0.09,0.15,0.2,7400,1994,3.71,44.36%,60.26%,-0.013921,"13:20 ET"
KORU,21.43,2026-10-09,16,Put,15.00,-28.57%,0.25,0.33,0.4,500,135,3.7,131.09%,146.03%,-0.093176,"13:36 ET"
EWY,186.23,2026-10-30,37,Put,160.00,-13.52%,1.85,2.1,2.25,848,229,3.7,44.36%,46.67%,-0.13669,"12:17 ET"
SPY,768.38,2026-09-25,2,Put,771.00,+0.49%,3.89,3.87,3.92,9471,2562,3.7,12.81%,10.82%,-0.657003,"13:45 ET"
USO,147.76,2026-09-25,2,Call,147.00,+0.12%,2.57,2.67,3.6,2771,752,3.68,49.56%,61.92%,0.553251,"13:42 ET"
SPY,768.38,2026-09-28,5,Call,772.00,-0.62%,1.98,2.01,2,3534,964,3.67,12.81%,9.42%,0.350709,"13:47 ET"
SPY,768.38,2026-09-23,0,Call,763.00,+0.55%,5.54,5.55,5.55,3290,898,3.66,12.81%,8.58%,0.94562,"13:47 ET"
XLF,54.79,2026-09-25,2,Call,55.00,-0.33%,0.18,0.2,0.21,5171,1413,3.66,16.95%,17.58%,0.390762,"13:38 ET"
IWM,282.79,2026-09-30,7,Call,283.00,-0.20%,2.5,2.58,2.54,588,161,3.65,18.48%,16.69%,0.493798,"13:46 ET"
SPY,768.38,2026-10-05,12,Call,800.00,-4.27%,0.11,0.11,0.12,2349,649,3.62,12.81%,10.64%,0.021099,"13:37 ET"
GLD,393.23,2026-09-25,2,Call,397.00,-1.14%,1.1,1.2,1.2,1443,400,3.61,20.63%,22.00%,0.289057,"13:47 ET"
IWM,282.79,2026-09-30,7,Call,284.00,-0.55%,1.99,1.91,2.04,1167,324,3.6,18.48%,16.36%,0.431715,"13:38 ET"
SPY,768.38,2026-09-25,2,Put,767.00,-0.03%,2.02,2.02,2.03,12406,3443,3.6,12.81%,11.97%,-0.41073,"13:47 ET"
GLD,393.23,2026-09-30,7,Call,406.00,-3.44%,0.55,0.65,0.7,1013,282,3.59,20.63%,19.12%,0.122708,"13:09 ET"
QQQ,740.59,2026-09-28,5,Put,739.00,0.00%,4.07,4,4.11,680,190,3.58,18.59%,14.40%,-0.43757,"13:46 ET"
SPXS,24.15,2026-09-25,2,Put,27.00,+11.29%,2.66,2.78,2.91,945,265,3.57,37.84%,70.54%,-0.984137,"13:06 ET"
TQQQ,78.47,2026-09-23,0,Put,79.00,+1.36%,0.59,0.59,0.66,12227,3421,3.57,54.26%,17.22%,-0.775537,"13:46 ET"
VXX,17.38,2026-10-02,9,Call,20.50,-16.94%,0.07,0.1,0.13,500,141,3.55,54.79%,78.55%,0.10292,"11:13 ET"
IWM,282.79,2026-09-25,2,Call,285.00,-0.91%,0.67,0.67,0.68,3897,1101,3.54,18.48%,18.55%,0.282,"13:47 ET"
DRAM,61.99,2026-09-23,0,Call,62.00,-0.63%,0.21,0.23,0.22,2900,821,3.53,58.18%,17.86%,0.481343,"13:47 ET"
SPY,768.38,2026-09-29,6,Call,787.00,-2.58%,0.11,0.12,0.12,563,160,3.52,12.81%,9.76%,0.030872,"13:44 ET"
XLK,195,2026-12-18,86,Put,167.50,-13.91%,1.95,2.02,2.2,1218,346,3.52,24.25%,31.37%,-0.130529,"13:43 ET"
TQQQ,78.47,2026-10-02,9,Put,73.00,-6.34%,0.89,1.03,0.93,2307,656,3.52,54.26%,60.41%,-0.207155,"13:40 ET"
SPY,768.38,2026-10-30,37,Put,754.00,-1.72%,6.97,7.41,7.01,2396,681,3.52,12.81%,14.11%,-0.309722,"13:41 ET"
QQQ,740.59,2026-09-25,2,Put,744.00,+0.68%,5.49,5.36,5.53,6386,1813,3.52,18.59%,16.54%,-0.640422,"13:46 ET"
USO,147.76,2026-09-23,0,Put,146.00,-0.80%,0.11,0.12,0.13,3456,986,3.51,49.56%,21.35%,-0.142441,"13:47 ET"
XLU,39.94,2026-10-16,23,Call,40.00,-0.20%,0.66,0.69,0.71,584,167,3.5,16.88%,18.51%,0.485112,"12:47 ET"
IWM,282.79,2026-09-30,7,Call,288.00,-1.97%,0.69,0.66,0.72,4258,1215,3.5,18.48%,15.73%,0.20559,"13:35 ET"
GLD,393.23,2026-09-24,1,Put,394.00,+0.38%,2.2,2.29,2.44,1163,333,3.49,20.63%,23.89%,-0.552433,"13:43 ET"
QQQ,740.59,2026-10-02,9,Call,747.00,-1.08%,5.58,5.6,5.62,1451,416,3.49,18.59%,17.56%,0.393706,"13:45 ET"
SOXS,33.97,2028-01-21,485,Put,40.00,+15.91%,23,23.65,23.75,2212,635,3.48,117.48%,140.96%,-0.236347,"11:16 ET"
SOXL,144.76,2026-09-23,0,Call,149.00,-4.80%,0.13,0.12,0.15,1386,399,3.47,116.55%,43.61%,0.092513,"13:45 ET"
XLE,62.48,2026-09-25,2,Put,61.50,-1.44%,0.21,0.21,0.24,3265,942,3.47,26.11%,31.83%,-0.252487,"13:40 ET"
SPY,768.38,2026-09-29,6,Put,771.00,+0.49%,4.83,5.73,4.96,1066,309,3.45,12.81%,9.22%,-0.600675,"13:29 ET"
QQQ,740.59,2026-09-30,7,Call,726.00,+1.76%,17.51,17.8,17.75,35018,10175,3.44,18.59%,19.62%,0.779061,"13:43 ET"
TQQQ,78.47,2026-12-18,86,Put,78.00,+0.08%,8.35,8.7,8.7,635,185,3.43,54.26%,60.09%,-0.425554,"13:22 ET"
SPY,768.38,2026-09-28,5,Put,755.00,-1.59%,0.59,0.59,0.61,5814,1696,3.43,12.81%,12.55%,-0.109531,"13:46 ET"
QQQ,740.59,2026-10-02,9,Put,741.00,+0.27%,7.88,7.91,7.93,1057,309,3.42,18.59%,17.16%,-0.493795,"13:47 ET"
TNA,60.93,2026-09-25,2,Call,62.00,-2.07%,0.44,0.63,0.64,1600,469,3.41,55.30%,53.71%,0.341665,"13:51 ET"
QQQ,740.59,2026-09-24,1,Put,725.00,-1.89%,0.15,0.15,0.16,2594,765,3.39,18.59%,23.62%,-0.041495,"13:46 ET"
SPY,768.38,2026-09-24,1,Call,777.00,-1.27%,0.11,0.11,0.12,8410,2482,3.39,12.81%,12.98%,0.052423,"13:46 ET"
QQQ,740.59,2026-09-24,1,Put,724.00,-2.03%,0.13,0.13,0.14,1316,392,3.36,18.59%,24.23%,-0.035986,"13:46 ET"
FXY,57.94,2026-10-16,23,Call,59.00,-1.92%,0.15,0.28,0.3,865,258,3.35,9.22%,9.74%,0.264651,"13:47 ET"
QQQ,740.59,2026-09-24,1,Put,746.00,+0.95%,6.06,6,6.13,3491,1041,3.35,18.59%,16.61%,-0.796392,"13:44 ET"
IBIT,47.72,2026-09-28,5,Call,48.00,-0.84%,0.68,0.7,0.69,1053,315,3.34,38.77%,35.76%,0.460733,"13:47 ET"
SPY,768.38,2026-09-25,2,Put,768.00,+0.10%,2.4,2.39,2.41,19558,5854,3.34,12.81%,11.69%,-0.468206,"13:47 ET"
QQQ,740.59,2026-10-23,30,Call,795.00,-7.58%,1.09,0.98,1.13,1546,464,3.33,18.59%,16.16%,0.073762,"13:30 ET"
QQQ,740.59,2026-09-24,1,Put,722.00,-2.30%,0.1,0.1,0.11,1620,487,3.33,18.59%,25.50%,-0.027597,"13:46 ET"
FXI,34.36,2026-10-09,16,Put,33.00,-3.85%,0.13,0.14,0.14,1703,511,3.33,20.71%,20.83%,-0.166339,"13:47 ET"
TQQQ,78.47,2026-10-02,9,Put,72.00,-7.62%,0.73,0.74,0.83,2878,864,3.33,54.26%,63.06%,-0.17737,"13:46 ET"
SPY,768.38,2026-10-01,8,Call,766.00,+0.16%,6.96,7.03,7.14,635,192,3.31,12.81%,12.14%,0.58579,"13:44 ET"
QQQ,740.59,2026-10-16,23,Call,762.00,-3.11%,4.92,4.67,4.94,1122,339,3.31,18.59%,16.51%,0.268488,"13:40 ET"
QQQ,740.59,2026-09-29,6,Call,745.00,-0.81%,3.95,3.99,3.98,1563,475,3.29,18.59%,15.14%,0.394095,"13:47 ET"
IBIT,47.72,2027-06-17,267,Put,32.00,-32.77%,1.12,1.12,1.15,2802,853,3.28,38.77%,47.01%,-0.103943,"11:40 ET"
QQQ,740.59,2026-09-23,0,Put,750.00,+1.49%,9.21,10.09,9.34,3961,1208,3.28,18.59%,23.65%,-0.846211,"13:41 ET"
IBIT,47.72,2026-09-23,0,Call,47.50,+0.21%,0.3,0.3,0.32,7300,2223,3.28,38.77%,16.35%,0.726192,"13:47 ET"
SPY,768.38,2026-09-28,5,Call,770.00,-0.36%,2.87,2.92,2.9,7994,2441,3.27,12.81%,9.74%,0.443142,"13:46 ET"
SPY,768.38,2026-09-23,0,Call,750.00,+2.24%,18.44,18.39,18.6,852,261,3.26,12.81%,22.19%,0.982754,"13:43 ET"
SPY,768.38,2026-09-24,1,Put,773.00,+0.75%,4.86,4.83,4.91,7344,2262,3.25,12.81%,10.85%,-0.852234,"13:45 ET"
SOXX,563.56,2026-10-02,9,Put,550.00,-1.84%,7.1,6.8,8.9,762,235,3.24,39.75%,39.59%,-0.334384,"11:33 ET"
QQQ,740.59,2026-09-30,7,Put,667.00,-9.74%,0.13,0.12,0.15,1002,309,3.24,18.59%,33.80%,-0.01155,"11:40 ET"
CRAK,63.6,2026-10-16,23,Put,60.00,-5.29%,1,1.15,1.2,1055,330,3.2,36.80%,41.19%,-0.262082,"13:18 ET"
QQQ,740.59,2026-09-24,1,Put,749.00,+1.35%,8.25,8.58,8.83,596,187,3.19,18.59%,14.50%,-0.933311,"13:43 ET"
GLD,393.23,2026-09-24,1,Call,395.00,-0.63%,1.1,1.12,1.19,1178,369,3.19,20.63%,22.63%,0.362416,"13:47 ET"
IBIT,47.72,2026-09-30,7,Put,45.50,-4.41%,0.23,0.26,0.25,1364,428,3.19,38.77%,38.27%,-0.172594,"13:43 ET"
SPY,768.38,2026-09-29,6,Call,766.00,+0.16%,5.83,5.97,5.98,675,212,3.18,12.81%,11.20%,0.601412,"13:46 ET"
SPY,768.38,2026-09-23,0,Put,777.00,+1.27%,8.51,9.43,8.58,3039,957,3.18,12.81%,23.00%,-0.82177,"13:22 ET"
QQQ,740.59,2026-09-25,2,Call,745.00,-0.81%,2.21,2.21,2.22,29188,9186,3.18,18.59%,18.21%,0.337076,"13:47 ET"
QQQ,740.59,2026-10-02,9,Put,732.00,-0.95%,4.7,4.62,4.73,1237,392,3.16,18.59%,18.45%,-0.329743,"13:46 ET"
SPY,768.38,2026-09-25,2,Put,772.00,+0.62%,4.53,4.47,4.56,21652,6860,3.16,12.81%,10.57%,-0.719748,"13:46 ET"
SMH,599.51,2026-09-25,2,Put,592.50,-0.68%,2.74,3.7,3.1,723,230,3.14,35.00%,32.54%,-0.310761,"13:40 ET"
QQQ,740.59,2026-09-24,1,Call,737.00,+0.27%,5.37,5.55,5.43,1761,560,3.14,18.59%,21.07%,0.675186,"13:46 ET"
QQQ,740.59,2026-09-24,1,Call,753.00,-1.90%,0.15,0.16,0.16,1908,607,3.14,18.59%,19.15%,0.050108,"13:47 ET"
DIA,515.22,2026-09-25,2,Put,518.00,+0.64%,3.4,4.41,3.65,1265,407,3.11,13.37%,11.82%,-0.731962,"13:04 ET"
SPY,768.38,2026-09-23,0,Call,752.00,+1.98%,16.42,16.48,16.6,1520,489,3.11,12.81%,19.51%,0.983863,"13:43 ET"
SPY,768.38,2028-01-21,485,Call,"1,080.00",-40.77%,1.93,1.9,1.96,950,307,3.09,12.81%,14.21%,0.040416,"13:10 ET"
SPY,768.38,2026-09-23,0,Put,774.00,+0.88%,5.55,5.52,5.57,23451,7593,3.09,12.81%,0.00%,0,"13:47 ET"
SPY,768.38,2026-10-23,30,Call,759.00,+1.07%,18.76,19.05,19,1157,376,3.08,12.81%,14.37%,0.645983,"13:46 ET"
QQQ,740.59,2026-10-02,9,Call,763.00,-3.25%,1.24,1.28,1.27,575,188,3.06,18.59%,16.38%,0.132418,"13:44 ET"
QQQ,740.59,2026-09-24,1,Call,750.00,-1.49%,0.34,0.34,0.35,13228,4324,3.06,18.59%,18.69%,0.100811,"13:47 ET"
TQQQ,78.47,2026-10-09,16,Put,72.00,-7.62%,1.28,1.43,1.47,6482,2122,3.05,54.26%,60.37%,-0.225375,"13:41 ET"
USO,147.76,2026-09-23,0,Put,148.00,+0.56%,0.69,0.74,0.75,3174,1043,3.04,49.56%,18.81%,-0.571991,"13:47 ET"
QQQ,740.59,2026-09-30,7,Put,740.00,+0.14%,6.16,6.18,6.2,3429,1132,3.03,18.59%,16.30%,-0.472913,"13:47 ET"
SLV,58.33,2026-09-25,2,Call,58.50,-0.50%,0.6,0.62,0.62,2635,872,3.02,36.47%,39.79%,0.469176,"13:43 ET"
XLU,39.94,2026-10-16,23,Call,41.00,-2.71%,0.27,0.29,0.31,7295,2432,3,16.88%,17.60%,0.273682,"13:27 ET"
IWM,282.79,2026-10-06,13,Call,288.00,-1.97%,1.45,1.53,1.5,757,254,2.98,18.48%,15.95%,0.283081,"12:45 ET"
QQQ,740.59,2026-09-25,2,Put,741.00,+0.27%,3.9,3.9,3.92,5922,1995,2.97,18.59%,17.19%,-0.510444,"13:47 ET"
SPY,768.38,2026-09-28,5,Put,772.00,+0.62%,5.06,5.62,5.09,2433,823,2.96,12.81%,8.66%,-0.668217,"13:41 ET"
SOXL,144.76,2026-09-25,2,Call,144.00,-1.28%,5,4.94,5.15,871,297,2.93,116.55%,112.37%,0.535454,"13:43 ET"
QQQ,740.59,2026-09-30,7,Call,761.00,-2.98%,0.81,0.81,0.84,1560,532,2.93,18.59%,15.44%,0.109034,"13:43 ET"
SOXL,144.76,2026-09-25,2,Put,130.00,-8.57%,0.75,0.77,0.76,4771,1629,2.93,116.55%,123.28%,-0.113233,"13:47 ET"
IBIT,47.72,2026-09-30,7,Put,45.00,-5.46%,0.17,0.22,0.19,5330,1819,2.93,38.77%,39.71%,-0.13294,"13:12 ET"
GLD,393.23,2026-10-02,9,Call,408.00,-3.95%,0.92,0.95,1.02,601,206,2.92,20.63%,21.28%,0.145609,"13:43 ET"
DIA,515.22,2026-09-25,2,Put,516.00,+0.25%,2.24,2.24,2.41,951,326,2.92,13.37%,12.56%,-0.563716,"13:46 ET"
SOXS,33.97,2026-09-25,2,Call,35.50,-2.87%,0.49,0.66,0.6,842,290,2.9,117.48%,111.08%,0.31504,"13:36 ET"
QQQ,740.59,2026-10-02,9,Call,754.00,-2.03%,3.08,3.06,3.12,927,320,2.9,18.59%,16.90%,0.263426,"13:43 ET"
IWM,282.79,2026-09-28,5,Put,283.00,+0.20%,2.02,2.3,2.06,739,256,2.89,18.48%,14.57%,-0.516393,"13:35 ET"
SPY,768.38,2026-09-25,2,Put,770.00,+0.36%,3.32,3.33,3.35,25257,8735,2.89,12.81%,11.09%,-0.592898,"13:47 ET"
SPY,768.38,2026-09-24,1,Put,780.00,+1.67%,11.5,11.45,11.58,512,178,2.88,12.81%,0.00%,0,"13:47 ET"
SPY,768.38,2026-09-29,6,Call,764.00,+0.42%,7.26,6.79,7.48,651,226,2.88,12.81%,11.77%,0.662211,"13:23 ET"
QQQ,740.59,2026-10-02,9,Call,746.00,-0.95%,6.02,6.1,6.06,1566,546,2.87,18.59%,17.67%,0.41309,"13:46 ET"
QQQ,740.59,2026-11-20,58,Call,880.00,-19.08%,0.3,0.32,0.34,2052,716,2.87,18.59%,19.24%,0.016131,"13:43 ET"
SPY,768.38,2026-09-28,5,Call,773.00,-0.75%,1.62,1.64,1.63,5071,1766,2.87,12.81%,9.30%,0.30583,"13:46 ET"
SPY,768.38,2026-09-25,2,Call,775.00,-1.01%,0.59,0.59,0.6,22977,7999,2.87,12.81%,11.73%,0.16801,"13:47 ET"
SPY,768.38,2026-09-23,0,Call,756.00,+1.46%,12.45,12.75,12.52,673,235,2.86,12.81%,13.67%,0.989427,"13:46 ET"
QQQ,740.59,2026-09-29,6,Put,740.00,+0.14%,5.19,5.17,5.22,1095,383,2.86,18.59%,14.95%,-0.471004,"13:47 ET"
QQQ,740.59,2026-09-24,1,Put,728.00,-1.49%,0.26,0.27,0.27,4791,1678,2.86,18.59%,22.29%,-0.069139,"13:47 ET"
QQQ,740.59,2026-09-25,2,Put,722.00,-2.30%,0.35,0.38,0.36,5929,2071,2.86,18.59%,22.89%,-0.064447,"13:45 ET"
QQQ,740.59,2026-10-02,9,Put,726.00,-1.76%,3.33,3.27,3.36,708,248,2.85,18.59%,19.48%,-0.245475,"13:46 ET"
IWM,282.79,2027-03-19,177,Put,185.00,-34.50%,0.8,0.76,0.84,2100,738,2.85,18.48%,35.16%,-0.028243,"12:04 ET"
SPY,768.38,2026-09-29,6,Call,756.00,+1.46%,13.96,14,14.02,596,210,2.84,12.81%,13.80%,0.830045,"13:47 ET"
IWM,282.79,2026-10-30,37,Put,260.00,-7.95%,1.27,1.4,1.31,1189,419,2.84,18.48%,23.70%,-0.119207,"13:11 ET"
TLT,80.38,2026-10-23,30,Call,80.50,-0.15%,1.06,1.04,1.07,1225,432,2.84,12.52%,11.31%,0.514047,"13:42 ET"
SPY,768.38,2026-09-25,2,Put,765.00,-0.29%,1.44,1.43,1.45,19324,6802,2.84,12.81%,12.66%,-0.310923,"13:47 ET"
QQQ,740.59,2026-09-28,5,Call,748.00,-1.22%,2.16,2.18,2.18,838,296,2.83,18.59%,14.16%,0.285836,"13:47 ET"
SPY,768.38,2026-11-30,68,Call,802.00,-4.53%,5.69,5.45,5.73,600,213,2.82,12.81%,12.16%,0.244908,"12:48 ET"
USO,147.76,2027-09-17,359,Call,295.00,-100.43%,2.45,3.15,3.4,1293,459,2.82,49.56%,45.21%,0.109163,"12:49 ET"
GLD,393.23,2026-09-23,0,Put,394.00,+0.38%,0.98,1.01,1.23,1395,495,2.82,20.63%,8.77%,-0.647973,"13:47 ET"
SMH,599.51,2026-09-23,0,Call,597.50,-0.16%,2.35,2.79,2.8,918,327,2.81,35.00%,11.72%,0.697033,"13:47 ET"
TQQQ,78.47,2027-01-15,114,Put,67.50,-13.39%,5.6,5.8,5.75,1234,439,2.81,54.26%,65.32%,-0.267118,"13:13 ET"
SPY,768.38,2026-09-23,0,Put,775.00,+1.01%,6.55,6.37,6.56,14760,5245,2.81,12.81%,0.00%,0,"13:46 ET"
TLT,80.38,2026-10-30,37,Call,81.00,-0.77%,0.99,1.01,1,4473,1596,2.8,12.52%,11.63%,0.45179,"13:46 ET"
SPY,768.38,2026-09-24,1,Put,761.00,-0.81%,0.33,0.33,0.34,7348,2636,2.79,12.81%,15.36%,-0.111594,"13:47 ET"
SPY,768.38,2026-09-29,6,Put,752.00,-1.98%,0.65,0.64,0.66,611,220,2.78,12.81%,13.61%,-0.102075,"13:46 ET"
QQQ,740.59,2026-09-28,5,Call,747.00,-1.08%,2.48,2.5,2.5,733,264,2.78,18.59%,14.24%,0.314948,"13:47 ET"
QQQ,740.59,2026-10-16,23,Put,743.00,+0.54%,13.21,13.3,13.3,1070,385,2.78,18.59%,17.10%,-0.508164,"13:44 ET"
QQQ,740.59,2026-10-02,9,Put,740.00,+0.14%,7.45,7.46,7.48,4926,1775,2.78,18.59%,17.27%,-0.473807,"13:46 ET"
QQQ,740.59,2026-09-25,2,Call,747.00,-1.08%,1.58,1.58,1.59,7223,2598,2.78,18.59%,18.01%,0.265555,"13:47 ET"
SPY,768.38,2026-09-25,2,Put,766.00,-0.16%,1.7,1.7,1.72,10789,3880,2.78,12.81%,12.31%,-0.358167,"13:47 ET"
SLV,58.33,2026-10-23,30,Put,53.00,-8.95%,0.49,0.51,0.51,810,292,2.77,36.47%,35.53%,-0.154198,"13:32 ET"
SPY,768.38,2026-09-29,6,Call,769.00,-0.23%,3.96,4.01,3.99,955,345,2.77,12.81%,10.42%,0.493052,"13:47 ET"
QQQ,740.59,2026-09-29,6,Call,748.00,-1.22%,2.81,2.84,2.84,547,198,2.76,18.59%,14.85%,0.313725,"13:47 ET"
SPY,768.38,2027-09-17,359,Put,645.00,-15.93%,14.6,14.87,14.66,1500,544,2.76,12.81%,22.16%,-0.152193,"13:24 ET"
IWM,282.79,2026-09-24,1,Put,285.00,+0.91%,2.6,2.56,2.64,4198,1528,2.75,18.48%,18.78%,-0.794473,"13:44 ET"
SQQQ,34.22,2026-09-25,2,Call,34.00,+1.28%,0.64,0.64,0.66,12919,4693,2.75,55.94%,52.23%,0.577348,"13:46 ET"
IWM,282.79,2026-09-30,7,Put,283.00,+0.20%,2.59,2.59,2.64,1798,656,2.74,18.48%,16.11%,-0.508718,"13:45 ET"
SOXS,33.97,2026-10-30,37,Call,35.00,-1.42%,4.55,5,5.15,510,187,2.73,117.48%,121.32%,0.550848,"13:23 ET"
TQQQ,78.47,2026-09-28,5,Put,77.00,-1.21%,0.95,1,1.13,964,353,2.73,54.26%,46.38%,-0.351598,"13:46 ET"
SOXL,144.76,2027-01-15,114,Put,115.00,-19.12%,20.65,21.75,21.4,1706,627,2.72,116.55%,121.71%,-0.245049,"13:25 ET"
QQQ,740.59,2026-09-25,2,Put,731.00,-1.08%,1.11,1.11,1.12,4019,1476,2.72,18.59%,20.03%,-0.184716,"13:47 ET"
SPY,768.38,2026-09-25,2,Call,770.00,-0.36%,2.16,2.17,2.18,28116,10356,2.71,12.81%,12.54%,0.41991,"13:47 ET"
USO,147.76,2026-11-20,58,Put,115.00,-21.86%,1.25,1.34,1.51,2051,761,2.7,49.56%,51.75%,-0.089662,"13:14 ET"
SLV,58.33,2026-09-25,2,Put,58.50,+0.50%,0.75,0.75,0.79,2610,971,2.69,36.47%,39.84%,-0.531348,"13:46 ET"
IWM,282.79,2026-09-29,6,Put,282.00,-0.16%,1.86,1.97,1.9,568,212,2.68,18.48%,15.61%,-0.441,"13:42 ET"
XLU,39.94,2026-11-20,58,Call,40.00,-0.20%,1.17,1.17,1.21,632,237,2.67,16.88%,20.07%,0.494283,"13:20 ET"
SOXL,144.76,2026-09-25,2,Call,148.00,-4.09%,3.15,3.17,3.3,749,281,2.67,116.55%,109.88%,0.402158,"13:46 ET"
SPY,768.38,2026-09-29,6,Put,763.00,-0.55%,2.01,2.09,2.03,907,340,2.67,12.81%,10.95%,-0.295327,"13:43 ET"
QQQ,740.59,2026-09-23,0,Put,752.00,+1.76%,11.2,12.01,11.34,525,197,2.66,18.59%,25.93%,-0.870383,"13:41 ET"
IWM,282.79,2027-12-17,450,Put,285.00,+0.91%,21.81,21.86,22.68,9625,3615,2.66,18.48%,20.42%,-0.431425,"12:48 ET"
IBIT,47.72,2026-09-23,0,Put,48.00,+0.84%,0.3,0.34,0.34,19374,7279,2.66,38.77%,15.87%,-0.744256,"13:45 ET"
QQQ,740.59,2026-09-25,2,Put,740.00,+0.14%,3.47,3.49,3.48,29560,11114,2.66,18.59%,17.47%,-0.468406,"13:47 ET"
SPY,768.38,2026-09-28,5,Put,768.00,+0.10%,3.04,2.97,3.07,3709,1399,2.65,12.81%,9.41%,-0.468038,"13:46 ET"
QQQ,740.59,2026-10-02,9,Call,740.00,-0.14%,9.13,9.15,9.17,5051,1906,2.65,18.59%,18.43%,0.527786,"13:47 ET"
XOP,182.94,2026-09-25,2,Put,180.00,-1.40%,0.74,0.57,1.19,521,197,2.64,33.34%,39.24%,-0.286667,"12:28 ET"
USO,147.76,2026-10-02,9,Call,148.00,-0.56%,4.75,4.85,4.85,550,208,2.64,49.56%,52.66%,0.511671,"13:47 ET"
QQQ,740.59,2026-09-25,2,Call,739.00,0.00%,5.14,5.16,5.18,6098,2313,2.64,18.59%,19.43%,0.567135,"13:47 ET"
IWM,282.79,2026-09-24,1,Put,286.00,+1.26%,3.44,3.68,3.49,1246,473,2.63,18.48%,18.85%,-0.880498,"13:42 ET"
ARKK,90.1,2026-10-16,23,Put,86.00,-4.46%,1.35,1.4,1.46,2333,887,2.63,34.23%,35.13%,-0.274789,"13:26 ET"
QQQ,740.59,2026-09-24,1,Put,750.00,+1.49%,9.15,10.75,9.82,503,192,2.62,18.59%,14.49%,-0.954947,"13:40 ET"
GLD,393.23,2026-09-24,1,Call,400.00,-1.91%,0.16,0.21,0.22,602,231,2.61,20.63%,23.43%,0.086095,"13:47 ET"
QQQ,740.59,2026-10-02,9,Put,746.00,+0.95%,10.35,10.48,10.46,553,213,2.6,18.59%,16.55%,-0.597328,"13:45 ET"
QQQ,740.59,2026-09-25,2,Call,758.00,-2.57%,0.18,0.19,0.19,4976,1913,2.6,18.59%,18.30%,0.045049,"13:46 ET"
SPY,768.38,2026-09-25,2,Put,763.00,-0.55%,1.03,1.02,1.04,6499,2499,2.6,12.81%,13.38%,-0.232203,"13:47 ET"
SPY,768.38,2026-09-25,2,Call,776.00,-1.14%,0.44,0.45,0.45,10163,3907,2.6,12.81%,11.72%,0.133079,"13:47 ET"
QQQ,740.59,2026-11-30,68,Put,741.00,+0.27%,22.57,23,22.72,740,286,2.59,18.59%,19.14%,-0.465266,"13:41 ET"
SPY,768.38,2026-09-29,6,Call,760.00,+0.94%,10.43,10.45,10.79,919,355,2.59,12.81%,13.01%,0.75644,"13:43 ET"
QQQ,740.59,2026-10-02,9,Put,688.00,-6.90%,0.55,0.64,0.57,545,211,2.58,18.59%,27.77%,-0.041964,"13:28 ET"
QQQ,740.59,2026-10-02,9,Put,702.00,-5.01%,0.97,1.04,0.98,1071,415,2.58,18.59%,24.39%,-0.075505,"13:43 ET"
TQQQ,78.47,2026-09-25,2,Put,77.50,-0.56%,0.83,0.84,0.88,1513,588,2.57,54.26%,55.75%,-0.373306,"13:46 ET"
SOXL,144.76,2026-09-23,0,Call,140.00,+1.53%,4.65,4.77,4.8,2177,847,2.57,116.55%,48.31%,0.901127,"13:43 ET"
QQQ,740.59,2026-09-25,2,Put,733.00,-0.81%,1.43,1.44,1.44,4015,1563,2.57,18.59%,19.37%,-0.230665,"13:47 ET"
QQQ,740.59,2026-09-28,5,Put,726.00,-1.76%,1.11,1.09,1.13,739,289,2.56,18.59%,16.76%,-0.148082,"13:46 ET"
XLE,62.48,2028-01-21,485,Put,47.00,-24.68%,1.18,1.2,1.32,814,318,2.56,26.11%,26.44%,-0.117554,"11:29 ET"
SPY,768.38,2026-09-29,6,Put,772.00,+0.62%,5.33,5.5,5.52,1116,436,2.56,12.81%,8.95%,-0.647301,"13:44 ET"
SLV,58.33,2026-09-23,0,Put,58.50,+0.50%,0.24,0.27,0.28,4500,1763,2.55,36.47%,13.58%,-0.655486,"13:47 ET"
QQQ,740.59,2026-09-29,6,Put,738.00,-0.13%,4.38,4.41,4.42,602,237,2.54,18.59%,15.21%,-0.41621,"13:47 ET"
SPY,768.38,2026-09-28,5,Put,767.00,-0.03%,2.67,2.57,2.69,1944,766,2.54,12.81%,9.62%,-0.422636,"13:46 ET"
SPY,768.38,2026-10-02,9,Put,772.00,+0.62%,6.75,6.81,6.82,2153,849,2.54,12.81%,10.47%,-0.598536,"13:44 ET"
IEF,90.11,2026-10-16,23,Call,91.00,-1.03%,0.29,0.29,0.3,71453,28273,2.53,7.25%,6.57%,0.311245,"13:47 ET"
XLU,39.94,2027-12-17,450,Put,37.50,-6.06%,1.52,1.58,1.84,22500,8945,2.52,16.88%,15.19%,-0.334303,"13:48 ET"
SPY,768.38,2026-09-23,0,Put,776.00,+1.14%,7.5,7.51,7.52,3044,1211,2.51,12.81%,0.00%,0,"13:47 ET"
QQQ,740.59,2026-09-24,1,Call,752.00,-1.76%,0.2,0.21,0.21,3889,1556,2.5,18.59%,19.02%,0.064056,"13:47 ET"
SQQQ,34.22,2026-10-02,9,Call,35.50,-3.08%,0.68,0.73,0.76,713,287,2.48,55.94%,57.02%,0.36173,"13:43 ET"
TLT,80.38,2026-09-25,2,Call,80.50,-0.15%,0.36,0.35,0.37,5557,2242,2.48,12.52%,17.01%,0.47069,"13:47 ET"
TLT,80.38,2026-09-23,0,Put,80.50,+0.15%,0.14,0.14,0.16,8183,3306,2.48,12.52%,6.06%,-0.633655,"13:45 ET"
IBIT,47.72,2026-09-28,5,Put,45.50,-4.41%,0.15,0.17,0.16,1581,639,2.47,38.77%,38.80%,-0.137993,"13:43 ET"
RSP,212.03,2026-11-20,58,Call,225.00,-6.18%,0.4,0.53,0.7,1803,731,2.47,12.35%,11.55%,0.117272,"12:22 ET"
SPY,768.38,2026-11-30,68,Put,720.00,-6.15%,5.47,5.49,5.51,2230,907,2.46,12.81%,17.64%,-0.170066,"13:45 ET"
TLT,80.38,2026-10-16,23,Put,82.50,+2.64%,2.5,2.54,2.55,738,301,2.45,12.52%,15.73%,-0.731466,"13:45 ET"
IWM,282.79,2026-10-02,9,Put,266.00,-5.82%,0.27,0.35,0.29,757,309,2.45,18.48%,25.16%,-0.057704,"13:13 ET"
SMH,599.51,2026-09-25,2,Put,587.50,-1.52%,1.72,2.26,2.27,957,391,2.45,35.00%,35.50%,-0.218477,"13:39 ET"
IBIT,47.72,2026-10-02,9,Put,48.00,+0.84%,1.23,1.27,1.25,1027,420,2.45,38.77%,37.48%,-0.520894,"13:43 ET"
QQQ,740.59,2026-09-28,5,Call,742.00,-0.41%,4.59,4.69,4.62,1429,586,2.44,18.59%,14.81%,0.469985,"13:44 ET"
TQQQ,78.47,2026-10-23,30,Put,60.00,-23.02%,0.7,0.72,0.74,4758,1947,2.44,54.26%,74.83%,-0.085232,"13:44 ET"
SMH,599.51,2026-09-23,0,Put,597.50,+0.16%,0.6,0.7,0.76,1329,547,2.43,35.00%,11.46%,-0.299705,"13:46 ET"
QQQ,740.59,2026-10-02,9,Put,728.00,-1.49%,3.73,3.71,3.76,880,363,2.42,18.59%,19.12%,-0.271122,"13:46 ET"
SPY,768.38,2026-09-29,6,Put,768.00,+0.10%,3.53,3.62,3.55,1028,427,2.41,12.81%,9.89%,-0.469827,"13:43 ET"
TLT,80.38,2026-10-16,23,Call,82.50,-2.64%,0.27,0.26,0.28,1284,533,2.41,12.52%,11.74%,0.208358,"13:43 ET"
SPY,768.38,2026-09-29,6,Put,753.00,-1.85%,0.71,0.88,0.73,1032,430,2.4,12.81%,13.36%,-0.112089,"13:37 ET"
SPY,768.38,2026-09-29,6,Call,770.00,-0.36%,3.42,3.53,3.45,1339,559,2.4,12.81%,10.24%,0.453447,"13:46 ET"
TQQQ,78.47,2026-11-20,58,Put,56.00,-28.15%,1.37,1.38,1.46,2365,988,2.39,54.26%,78.37%,-0.105152,"13:44 ET"
QQQ,740.59,2026-09-28,5,Put,740.00,+0.14%,4.48,4.34,4.51,5823,2442,2.38,18.59%,14.24%,-0.469369,"13:46 ET"
QQQ,740.59,2026-10-02,9,Put,737.00,-0.27%,6.28,6.28,6.31,1141,482,2.37,18.59%,17.70%,-0.416004,"13:45 ET"
XBI,155.34,2026-09-25,2,Call,156.00,-0.62%,1.25,1.65,1.78,640,271,2.36,31.44%,39.23%,0.452126,"12:05 ET"
IWM,282.79,2026-10-30,37,Put,268.00,-5.11%,2.18,2.38,2.22,2246,953,2.36,18.48%,21.50%,-0.197993,"13:15 ET"
QQQ,740.59,2026-10-16,23,Call,766.00,-3.65%,3.86,3.64,3.88,1306,556,2.35,18.59%,16.30%,0.225406,"13:21 ET"
TQQQ,78.47,2026-09-30,7,Put,75.00,-3.77%,0.91,1.06,1.1,539,230,2.34,54.26%,55.59%,-0.26358,"13:37 ET"
SPY,768.38,2026-09-29,6,Put,755.00,-1.59%,0.87,1.12,0.88,2013,863,2.33,12.81%,12.87%,-0.135608,"13:16 ET"
QQQ,740.59,2026-09-23,0,Put,748.00,+1.22%,7.23,7.04,7.36,4240,1817,2.33,18.59%,0.00%,0,"13:46 ET"
QQQ,740.59,2026-09-28,5,Put,730.00,-1.22%,1.66,1.68,1.68,6540,2805,2.33,18.59%,15.95%,-0.211279,"13:47 ET"
SMH,599.51,2026-09-23,0,Call,602.50,-0.99%,0.38,0.44,0.48,815,352,2.32,35.00%,12.08%,0.204147,"13:46 ET"
SQQQ,34.22,2026-10-16,23,Call,37.00,-7.43%,0.99,1.1,1.15,4901,2115,2.32,55.94%,60.53%,0.33647,"13:25 ET"
QQQ,740.59,2026-09-23,0,Put,747.00,+1.08%,6.24,6.21,6.38,11635,5021,2.32,18.59%,0.00%,0,"13:46 ET"
QQQ,740.59,2026-09-25,2,Call,750.00,-1.49%,0.9,0.9,0.91,26043,11217,2.32,18.59%,17.78%,0.173783,"13:47 ET"
QQQ,740.59,2027-12-17,450,Put,295.00,-60.08%,1.89,2.72,2.72,509,220,2.31,18.59%,45.05%,-0.014785,"13:21 ET"
TQQQ,78.47,2026-10-02,9,Put,77.00,-1.21%,1.9,1.95,2.05,875,380,2.3,54.26%,54.81%,-0.393599,"13:44 ET"
IWM,282.79,2026-09-25,2,Put,281.00,-0.51%,0.89,0.9,0.9,2254,978,2.3,18.48%,19.36%,-0.332547,"13:47 ET"
SPY,768.38,2026-09-29,6,Call,767.00,+0.03%,5.16,5.18,5.22,666,291,2.29,12.81%,10.84%,0.567926,"13:43 ET"
XLE,62.48,2026-09-23,0,Call,62.00,+0.64%,0.48,0.56,0.61,683,300,2.28,26.11%,19.94%,0.760632,"13:47 ET"
IWM,282.79,2026-09-29,6,Put,283.00,+0.20%,2.29,2.55,2.33,690,302,2.28,18.48%,15.23%,-0.512272,"13:41 ET"
QQQ,740.59,2026-09-28,5,Call,743.00,-0.54%,4.1,4.15,4.13,1167,511,2.28,18.59%,14.69%,0.438635,"13:46 ET"
QQQ,740.59,2026-10-09,16,Call,754.00,-2.03%,5.39,5.42,5.43,716,315,2.27,18.59%,16.74%,0.324929,"13:46 ET"
XLE,62.48,2026-10-02,9,Call,63.50,-1.76%,0.62,0.68,0.64,777,342,2.27,26.11%,26.95%,0.358859,"13:44 ET"
SPY,768.38,2026-09-29,6,Put,780.00,+1.67%,11.27,11.44,11.81,1776,781,2.27,12.81%,6.96%,-0.980753,"13:45 ET"
SOXL,144.76,2026-09-28,5,Call,140.00,+1.53%,8.7,8.78,8.8,528,234,2.26,116.55%,93.01%,0.637659,"13:47 ET"
TQQQ,78.47,2026-10-02,9,Put,78.00,+0.08%,2.23,2.36,2.45,952,422,2.26,54.26%,52.94%,-0.451833,"13:44 ET"
QQQ,740.59,2026-09-25,2,Put,743.00,+0.54%,4.91,4.83,4.95,5007,2230,2.25,18.59%,16.75%,-0.59694,"13:46 ET"
SMH,599.51,2026-09-25,2,Put,580.00,-2.78%,0.84,0.88,0.92,920,410,2.24,35.00%,36.75%,-0.110403,"13:44 ET"
QQQ,740.59,2026-09-24,1,Put,723.00,-2.16%,0.11,0.11,0.12,1449,647,2.24,18.59%,24.72%,-0.030722,"13:47 ET"
QQQ,740.59,2026-09-24,1,Call,755.00,-2.17%,0.09,0.1,0.1,9837,4395,2.24,18.59%,19.72%,0.031915,"13:47 ET"
SPY,768.38,2026-10-01,8,Put,770.00,+0.36%,5.33,5.2,5.37,1903,854,2.23,12.81%,10.41%,-0.539502,"13:46 ET"
GLD,393.23,2026-09-30,7,Call,395.00,-0.63%,3.3,3.3,3.4,2602,1165,2.23,20.63%,18.50%,0.448529,"13:47 ET"
QQQ,740.59,2026-09-28,5,Put,741.00,+0.27%,4.92,4.84,4.96,1359,612,2.22,18.59%,14.11%,-0.501941,"13:46 ET"
SPY,768.38,2026-10-09,16,Put,675.00,-12.02%,0.23,0.22,0.24,1641,739,2.22,12.81%,28.85%,-0.014094,"12:30 ET"
QQQ,740.59,2026-10-16,23,Call,773.00,-4.60%,2.48,2.46,2.5,504,228,2.21,18.59%,16.07%,0.16095,"13:43 ET"
QQQ,740.59,2026-10-01,8,Put,720.00,-2.57%,1.88,1.9,1.91,631,285,2.21,18.59%,20.02%,-0.16158,"13:46 ET"
IWM,282.79,2026-09-28,5,Put,281.00,-0.51%,1.24,1.28,1.28,853,387,2.2,18.48%,15.39%,-0.360317,"13:43 ET"
HYMB,23.83,2026-11-20,58,Put,24.00,+0.63%,0.45,0.45,0.65,10000,4541,2.2,9.54%,13.94%,-0.510267,"10:25 ET"
SPY,768.38,2026-09-29,6,Call,750.00,+2.24%,18.53,19.8,19.88,1034,472,2.19,12.81%,13.56%,0.923464,"13:46 ET"
IBIT,47.72,2026-09-30,7,Call,48.00,-0.84%,0.85,0.88,0.87,1645,750,2.19,38.77%,36.72%,0.472482,"13:47 ET"
SPY,768.38,2026-09-29,6,Call,763.00,+0.55%,8.02,7.71,8.28,622,285,2.18,12.81%,12.08%,0.688883,"13:42 ET"
SPY,768.38,2026-09-28,5,Put,769.00,+0.23%,3.46,3.48,3.48,3244,1496,2.17,12.81%,9.18%,-0.516059,"13:47 ET"
SOXL,144.76,2026-09-25,2,Put,145.00,+1.98%,4.85,4.99,5,785,363,2.16,116.55%,110.09%,-0.498516,"13:47 ET"
IWM,282.79,2026-09-28,5,Call,283.00,-0.20%,1.87,1.93,1.91,820,380,2.16,18.48%,15.12%,0.486291,"13:44 ET"
SMH,599.51,2026-09-23,0,Call,605.00,-1.41%,0.1,0.11,0.13,895,415,2.16,35.00%,12.12%,0.069183,"13:44 ET"
IWM,282.79,2026-09-25,2,Put,277.00,-1.93%,0.23,0.29,0.24,3556,1650,2.16,18.48%,22.19%,-0.105086,"13:30 ET"
SNXX,18.49,2026-09-25,2,Put,18.50,+0.76%,0.75,0.75,0.85,575,268,2.15,145.93%,145.12%,-0.481872,"13:44 ET"
GDX,93.86,2026-10-09,16,Call,100.00,-6.84%,1.13,1.22,1.31,691,322,2.15,42.07%,42.13%,0.256009,"13:22 ET"
SOXS,33.97,2026-09-25,2,Call,34.00,+1.48%,1.06,1.09,1.1,2346,1090,2.15,117.48%,107.27%,0.516833,"13:46 ET"
QQQ,740.59,2026-09-23,0,Call,736.00,+0.40%,4.75,4.84,4.89,3843,1802,2.13,18.59%,9.37%,0.902845,"13:47 ET"
TLT,80.38,2026-09-28,5,Call,81.00,-0.77%,0.23,0.23,0.24,7740,3634,2.13,12.52%,12.33%,0.31567,"13:45 ET"
GLD,393.23,2026-09-25,2,Put,391.00,-0.38%,1.5,1.9,1.67,742,350,2.12,20.63%,22.42%,-0.355526,"13:18 ET"
TQQQ,78.47,2026-09-25,2,Put,78.50,+0.72%,1.2,1.24,1.29,1267,598,2.12,54.26%,53.16%,-0.495679,"13:46 ET"
SPY,768.38,2026-09-29,6,Call,779.00,-1.54%,0.62,0.63,0.64,1671,790,2.12,12.81%,9.35%,0.135883,"13:47 ET"
SQQQ,34.22,2026-10-16,23,Call,35.00,-1.63%,1.51,1.59,1.59,6279,2967,2.12,55.94%,54.26%,0.468309,"13:45 ET"
SPY,768.38,2026-09-28,5,Put,737.00,-3.94%,0.11,0.14,0.12,595,282,2.11,12.81%,17.55%,-0.019733,"13:23 ET"
IBIT,47.72,2026-10-02,9,Put,50.00,+5.04%,2.59,2.76,2.62,939,447,2.1,38.77%,38.19%,-0.769451,"11:59 ET"
QQQ,740.59,2026-09-25,2,Call,751.00,-1.63%,0.74,0.74,0.75,3844,1830,2.1,18.59%,17.76%,0.148819,"13:47 ET"
SPY,768.38,2026-09-24,1,Call,776.00,-1.14%,0.16,0.16,0.17,8310,3953,2.1,12.81%,12.75%,0.072439,"13:47 ET"
QQQ,740.59,2026-09-29,6,Put,730.00,-1.22%,2.18,2.28,2.21,513,245,2.09,18.59%,16.46%,-0.23714,"13:44 ET"
QQQ,740.59,2026-10-02,9,Call,743.00,-0.54%,7.5,7.49,7.53,1364,654,2.09,18.59%,18.06%,0.471266,"13:47 ET"
SPY,768.38,2026-10-23,30,Call,800.00,-4.27%,1.24,1.26,1.26,5443,2605,2.09,12.81%,10.71%,0.110873,"13:43 ET"
QQQ,740.59,2026-10-02,9,Put,738.00,-0.13%,6.64,7.13,6.68,694,333,2.08,18.59%,17.54%,-0.434808,"13:42 ET"
KRE,70.97,2026-12-18,86,Put,64.00,-9.82%,0.8,0.83,0.9,1546,745,2.08,23.59%,25.49%,-0.171213,"13:03 ET"
QQQ,740.59,2026-09-28,5,Call,740.00,-0.14%,5.68,5.68,5.72,2404,1153,2.08,18.59%,15.13%,0.531515,"13:47 ET"
QQQ,740.59,2026-09-25,2,Put,730.00,-1.22%,0.97,0.98,0.98,22665,10903,2.08,18.59%,20.30%,-0.164302,"13:47 ET"
SPY,768.38,2026-10-23,30,Call,772.00,-0.62%,10.19,9.69,10.23,890,430,2.07,12.81%,12.62%,0.48088,"13:28 ET"
SPY,768.38,2026-09-28,5,Put,766.00,-0.16%,2.34,2.35,2.36,1624,784,2.07,12.81%,9.84%,-0.380065,"13:47 ET"
QQQ,740.59,2026-09-25,2,Call,749.00,-1.35%,1.09,1.09,1.1,3722,1802,2.07,18.59%,17.82%,0.201585,"13:47 ET"
TLT,80.38,2026-09-25,2,Call,81.00,-0.77%,0.17,0.18,0.18,21286,10285,2.07,12.52%,16.79%,0.283348,"13:46 ET"
QQQ,740.59,2026-10-02,9,Put,708.00,-4.19%,1.28,1.32,1.3,549,266,2.06,18.59%,23.06%,-0.100076,"13:45 ET"
IWM,282.79,2026-09-23,0,Put,286.00,+1.26%,3.3,3.18,3.35,5031,2447,2.06,18.48%,11.86%,-0.974607,"13:46 ET"
QQQ,740.59,2026-09-25,2,Put,735.00,-0.54%,1.85,1.84,1.86,17544,8556,2.05,18.59%,18.78%,-0.286638,"13:47 ET"
SOXL,144.76,2026-09-25,2,Call,152.00,-6.91%,1.89,1.54,2.01,659,323,2.04,116.55%,109.08%,0.280775,"13:21 ET"
SPY,768.38,2026-09-23,0,Call,762.00,+0.68%,6.49,6.68,6.51,5075,2482,2.04,12.81%,8.42%,0.9734,"13:46 ET"
DRAM,61.99,2026-09-30,7,Put,59.00,-4.24%,0.69,0.69,0.7,788,389,2.03,58.18%,54.31%,-0.242913,"13:45 ET"
SPY,768.38,2026-10-02,9,Put,769.00,+0.23%,5.33,5.3,5.36,1310,647,2.02,12.81%,10.95%,-0.502839,"13:47 ET"
QQQ,740.59,2026-09-24,1,Put,727.00,-1.62%,0.22,0.22,0.23,3284,1630,2.01,18.59%,22.82%,-0.058957,"13:46 ET"
QQQ,740.59,2026-10-16,23,Call,767.00,-3.79%,3.63,3.65,3.65,551,275,2,18.59%,16.26%,0.215355,"13:44 ET"
SPY,768.38,2026-09-24,1,Put,756.00,-1.46%,0.11,0.12,0.12,1061,530,2,12.81%,17.84%,-0.039603,"13:43 ET"
SPY,768.38,2026-09-24,1,Put,759.00,-1.07%,0.2,0.21,0.21,2979,1486,2,12.81%,16.16%,-0.070895,"13:47 ET"
IBIT,47.72,2026-09-28,5,Call,50.00,-5.04%,0.16,0.15,0.17,5314,2658,2,38.77%,37.57%,0.153795,"13:30 ET"
QQQ,740.59,2026-10-16,23,Call,753.00,-1.90%,8.07,7.92,8.1,1082,545,1.99,18.59%,17.12%,0.375415,"13:42 ET"
TLT,80.38,2026-09-28,5,Call,80.50,-0.15%,0.43,0.44,0.44,1532,769,1.99,12.52%,12.45%,0.480049,"13:46 ET"
SPY,768.38,2026-10-09,16,Put,768.00,+0.10%,6.59,6.6,6.62,1822,915,1.99,12.81%,11.21%,-0.47129,"13:44 ET"
QQQ,740.59,2026-09-23,0,Put,749.00,+1.35%,8.21,8.3,8.35,1047,528,1.98,18.59%,0.00%,0,"13:47 ET"
SPYM,90.43,2026-10-16,23,Put,83.00,-8.07%,0.05,0.1,0.15,1979,1001,1.98,13.10%,21.44%,-0.048445,"13:17 ET"
DRAM,61.99,2026-09-23,0,Put,62.00,+0.63%,0.23,0.26,0.25,2788,1410,1.98,58.18%,17.48%,-0.519928,"13:45 ET"
SPY,768.38,2026-10-02,9,Put,770.00,+0.36%,5.78,5.74,5.8,5379,2720,1.98,12.81%,10.79%,-0.534102,"13:47 ET"
IBIT,47.72,2026-11-20,58,Put,48.00,+0.84%,3,3,3.05,7248,3656,1.98,38.77%,39.73%,-0.471584,"13:47 ET"
GDX,93.86,2026-09-25,2,Call,95.00,-1.50%,0.7,0.74,0.81,2451,1247,1.97,42.07%,44.24%,0.365193,"13:38 ET"
QQQ,740.59,2026-10-02,9,Call,749.00,-1.35%,4.78,4.75,4.8,1286,656,1.96,18.59%,17.37%,0.355365,"13:45 ET"
SPY,768.38,2026-10-09,16,Call,788.00,-2.71%,1.14,1,1.15,1517,773,1.96,12.81%,10.36%,0.136783,"13:32 ET"
IBIT,47.72,2026-10-16,23,Put,46.50,-2.31%,1.16,1.25,1.18,1023,525,1.95,38.77%,37.27%,-0.364081,"13:03 ET"
SPY,768.38,2027-01-29,128,Call,885.00,-15.35%,0.81,0.79,0.82,1111,570,1.95,12.81%,12.19%,0.037637,"12:03 ET"
IWM,282.79,2026-10-16,23,Put,271.00,-4.05%,1.63,1.64,1.66,116468,59578,1.95,18.48%,20.90%,-0.195315,"13:45 ET"
SPY,768.38,2026-10-23,30,Put,769.00,+0.23%,9.88,10.21,9.92,596,308,1.94,12.81%,11.79%,-0.483322,"13:42 ET"
SPY,768.38,2026-09-29,6,Call,765.00,+0.29%,6.52,6.6,6.74,767,396,1.94,12.81%,11.50%,0.632779,"13:44 ET"
SPY,768.38,2026-09-30,7,Call,753.00,+1.85%,16.96,16.46,17.51,1006,521,1.93,12.81%,15.46%,0.836639,"13:23 ET"
ETHA,20.12,2026-10-02,9,Call,21.50,-7.02%,0.19,0.18,0.2,2757,1425,1.93,50.65%,50.99%,0.219348,"13:21 ET"
SQQQ,34.22,2026-09-25,2,Call,34.50,-0.17%,0.41,0.42,0.44,7188,3718,1.93,55.94%,54.08%,0.430556,"13:46 ET"
ETHA,20.12,2026-10-23,30,Put,19.00,-5.43%,0.6,0.68,0.68,541,282,1.92,50.65%,50.74%,-0.313526,"12:01 ET"
SMH,599.51,2026-09-25,2,Put,585.00,-1.94%,1.37,1.47,1.52,595,310,1.92,35.00%,35.12%,-0.171177,"13:45 ET"
QQQ,740.59,2026-10-16,23,Put,738.00,-0.13%,11.13,11.18,11.22,1168,608,1.92,18.59%,17.62%,-0.445561,"13:45 ET"
XBI,155.34,2026-09-25,2,Put,154.00,-0.67%,1.2,1.38,1.54,2330,1211,1.92,31.44%,43.51%,-0.384243,"13:43 ET"
QQQ,740.59,2026-09-25,2,Call,752.00,-1.76%,0.61,0.63,0.62,3930,2042,1.92,18.59%,17.80%,0.127125,"13:46 ET"
IBIT,47.72,2026-09-28,5,Call,47.50,+0.21%,0.92,0.93,0.94,523,274,1.91,38.77%,35.68%,0.560365,"13:46 ET"
SPY,768.38,2027-06-30,280,Call,835.00,-8.83%,21.36,21.54,21.42,612,320,1.91,12.81%,14.77%,0.344059,"11:37 ET"
QQQ,740.59,2026-09-29,6,Put,739.00,0.00%,4.77,4.8,4.81,1190,626,1.9,18.59%,15.09%,-0.443253,"13:45 ET"
QQQ,740.59,2026-10-16,23,Call,761.00,-2.98%,5.2,5.22,5.24,1217,639,1.9,18.59%,16.56%,0.279653,"13:44 ET"
HYG,78.15,2026-10-23,30,Put,77.50,-0.74%,0.32,0.36,0.38,11527,6062,1.9,5.42%,7.41%,-0.321908,"13:47 ET"
IWM,282.79,2026-10-30,37,Put,288.00,+1.97%,8.72,8.64,8.85,890,471,1.89,18.48%,17.03%,-0.613083,"10:49 ET"
QQQ,740.59,2026-09-30,7,Call,741.00,-0.27%,6.92,6.95,6.96,1062,562,1.89,18.59%,16.90%,0.505872,"13:47 ET"
QQQ,740.59,2026-10-16,23,Call,763.00,-3.25%,4.63,4.5,4.66,1087,576,1.89,18.59%,16.46%,0.257358,"13:42 ET"
QQQ,740.59,2026-09-30,7,Put,715.00,-3.25%,1.04,1.01,1.06,6187,3270,1.89,18.59%,20.64%,-0.102957,"13:46 ET"
IWM,282.79,2026-09-25,2,Call,282.00,+0.16%,2.03,2.07,2.05,584,310,1.88,18.48%,19.82%,0.572299,"13:46 ET"
SPY,768.38,2026-10-23,30,Call,771.00,-0.49%,10.77,10.26,10.8,863,459,1.88,12.81%,12.73%,0.495335,"13:24 ET"
QQQ,740.59,2026-09-24,1,Call,736.00,+0.40%,6.11,6.21,6.17,1964,1044,1.88,18.59%,21.43%,0.714961,"13:46 ET"
QQQ,740.59,2026-09-25,2,Put,728.00,-1.49%,0.75,0.76,0.76,2639,1404,1.88,18.59%,20.94%,-0.130367,"13:47 ET"
QQQ,740.59,2026-09-28,5,Put,736.00,-0.40%,3.05,3.02,3.06,503,269,1.87,18.59%,14.89%,-0.34936,"13:46 ET"
IWM,282.79,2026-09-28,5,Put,284.00,+0.55%,2.53,2.76,2.6,668,357,1.87,18.48%,14.26%,-0.600742,"13:41 ET"
QQQ,740.59,2026-09-28,5,Call,744.00,-0.68%,3.64,3.72,3.67,791,425,1.86,18.59%,14.56%,0.407147,"13:46 ET"
XLK,195,2026-09-25,2,Call,184.00,+5.43%,10.35,10.5,11.5,1136,610,1.86,24.25%,29.67%,0.996137,"12:50 ET"
SPY,768.38,2026-10-02,9,Call,777.00,-1.27%,2.22,2.23,2.23,1173,631,1.86,12.81%,10.98%,0.275122,"13:47 ET"
IWM,282.79,2026-10-02,9,Call,285.00,-0.91%,2.11,2,2.15,2908,1560,1.86,18.48%,17.33%,0.396249,"13:40 ET"
IBIT,47.72,2026-09-23,0,Put,48.50,+1.89%,0.75,0.86,0.8,10068,5408,1.86,38.77%,20.29%,-0.935149,"13:42 ET"
USO,147.76,2026-09-25,2,Call,149.00,-1.24%,1.87,2.11,1.97,850,459,1.85,49.56%,56.97%,0.429042,"13:44 ET"
SRLN,40.65,2027-02-19,149,Put,38.00,-6.47%,0.05,0.1,0.4,1481,800,1.85,19.38%,12.05%,-0.139209,"12:12 ET"
UNG,10.8,2026-11-20,58,Call,12.00,-11.01%,0.4,0.41,0.43,3023,1636,1.85,42.86%,47.87%,0.335946,"13:49 ET"
DRAM,61.99,2026-09-25,2,Put,63.00,+2.26%,1.62,1.61,1.65,506,275,1.84,58.18%,56.54%,-0.644991,"13:44 ET"
SPY,768.38,2026-09-28,5,Put,771.00,+0.49%,4.47,4.44,4.5,1726,940,1.84,12.81%,8.83%,-0.617344,"13:45 ET"
IBIT,47.72,2026-10-30,37,Put,40.00,-15.97%,0.27,0.28,0.28,3631,1974,1.84,38.77%,43.56%,-0.085482,"13:43 ET"
SPY,768.38,2026-09-25,2,Call,777.00,-1.27%,0.33,0.34,0.34,7846,4254,1.84,12.81%,11.78%,0.104942,"13:47 ET"
IWM,282.79,2026-09-30,7,Put,279.00,-1.22%,1.25,1.37,1.29,539,296,1.82,18.48%,17.84%,-0.287454,"13:42 ET"
IWM,282.79,2026-10-16,23,Put,261.00,-7.59%,0.69,0.79,0.72,547,300,1.82,18.48%,24.33%,-0.086584,"13:03 ET"
QQQ,740.59,2026-09-29,6,Call,765.00,-3.52%,0.23,0.24,0.24,574,315,1.82,18.59%,14.37%,0.042535,"13:44 ET"
SQQQ,34.22,2026-10-02,9,Call,34.50,-0.17%,1,1.11,1.14,719,394,1.82,55.94%,55.24%,0.484606,"13:41 ET"
SPY,768.38,2026-10-23,30,Call,777.00,-1.27%,7.58,7.69,7.61,1296,712,1.82,12.81%,12.07%,0.405919,"13:46 ET"
QQQ,740.59,2026-10-02,9,Call,750.00,-1.49%,4.4,4.39,4.41,3403,1868,1.82,18.59%,17.26%,0.336232,"13:47 ET"
QQQ,740.59,2026-10-30,37,Put,720.00,-2.57%,9.59,9.7,9.69,3984,2194,1.82,18.59%,20.39%,-0.304885,"13:45 ET"
DIA,515.22,2026-09-25,2,Call,517.00,-0.44%,1.2,1.28,1.34,758,418,1.81,13.37%,13.33%,0.366391,"13:47 ET"
SMH,599.51,2026-09-23,0,Put,600.00,+0.57%,1.5,1.67,1.87,572,317,1.8,35.00%,10.79%,-0.575268,"13:46 ET"
SOXL,144.76,2026-09-25,2,Call,150.00,-5.50%,2.51,2.5,2.55,5717,3182,1.8,116.55%,109.52%,0.339269,"13:47 ET"
TQQQ,78.47,2026-09-25,2,Call,78.50,-0.72%,1.25,1.31,1.34,1732,967,1.79,54.26%,56.41%,0.50536,"13:46 ET"
SOXS,33.97,2026-09-25,2,Put,32.00,-7.27%,0.34,0.35,0.39,1895,1060,1.79,117.48%,111.48%,-0.21824,"13:43 ET"
EWG,41.85,2026-10-16,23,Put,42.00,+0.62%,0.8,0.9,0.85,2073,1155,1.79,17.61%,16.85%,-0.540579,"13:30 ET"
SQQQ,34.22,2027-01-15,114,Call,50.00,-45.18%,1.71,1.76,1.91,4460,2496,1.79,55.94%,75.40%,0.254483,"11:37 ET"
SPY,768.38,2026-09-25,2,Call,778.00,-1.41%,0.25,0.26,0.26,7151,4002,1.79,12.81%,11.90%,0.082816,"13:47 ET"
QQQ,740.59,2026-09-25,2,Put,745.00,+0.81%,6.11,6.11,6.15,7686,4299,1.79,18.59%,16.31%,-0.683307,"13:47 ET"
TLT,80.38,2028-01-21,485,Call,82.00,-2.02%,3.75,3.79,3.9,22536,12683,1.78,12.52%,9.04%,0.562269,"13:31 ET"
KORU,21.43,2026-10-09,16,Put,16.00,-23.81%,0.4,0.45,0.5,555,313,1.77,131.09%,140.03%,-0.126089,"13:36 ET"
QQQ,740.59,2026-10-02,9,Put,729.00,-1.35%,3.95,3.9,3.98,636,359,1.77,18.59%,18.95%,-0.284845,"13:46 ET"
QQQ,740.59,2026-09-29,6,Put,729.00,-1.35%,2,1.99,2.02,694,391,1.77,18.59%,16.63%,-0.219847,"13:47 ET"
QQQ,740.59,2026-10-02,9,Put,735.00,-0.54%,5.6,5.59,5.63,3598,2038,1.77,18.59%,18.00%,-0.379889,"13:47 ET"
SPY,768.38,2026-09-28,5,Put,770.00,+0.36%,3.95,3.93,3.97,7004,3966,1.77,12.81%,9.03%,-0.565845,"13:47 ET"
METU,33.14,2026-09-25,2,Call,34.00,-4.07%,0.8,1.15,1.25,668,379,1.76,94.26%,139.33%,0.430638,"12:59 ET"
QQQ,740.59,2026-10-02,9,Put,742.00,+0.41%,8.33,8.33,8.39,695,396,1.76,18.59%,17.03%,-0.514191,"13:46 ET"
QQQ,740.59,2026-09-30,7,Put,688.00,-6.90%,0.27,0.24,0.29,766,435,1.76,18.59%,27.76%,-0.025588,"12:12 ET"
AAOX,9.69,2026-10-16,23,Put,8.00,-20.48%,0.6,0.75,0.8,1106,628,1.76,177.90%,160.49%,-0.242783,"13:46 ET"
USO,147.76,2026-10-02,9,Call,160.00,-8.71%,1.02,1.16,1.74,2941,1674,1.76,49.56%,56.29%,0.197869,"13:11 ET"
SPY,768.38,2026-09-25,2,Put,764.00,-0.42%,1.21,1.2,1.22,4637,2640,1.76,12.81%,12.98%,-0.268419,"13:47 ET"
SPY,768.38,2026-09-28,5,Put,758.00,-1.20%,0.85,0.86,0.86,839,480,1.75,12.81%,11.79%,-0.153885,"13:44 ET"
SOXL,144.76,2026-09-23,0,Put,146.00,+2.69%,2,2.05,2.08,1150,658,1.75,116.55%,39.09%,-0.684869,"13:47 ET"
QQQ,740.59,2026-09-25,2,Put,720.00,-2.57%,0.28,0.28,0.29,17333,9879,1.75,18.59%,23.68%,-0.051872,"13:47 ET"
QQQ,740.59,2026-09-28,5,Put,746.00,+0.95%,7.63,8.72,7.7,764,440,1.74,18.59%,13.41%,-0.670219,"13:31 ET"
IBIT,47.72,2026-09-28,5,Call,49.50,-3.99%,0.24,0.24,0.25,1297,745,1.74,38.77%,37.21%,0.211964,"12:44 ET"
TLT,80.38,2026-10-09,16,Call,80.00,+0.47%,1.01,0.99,1.02,2271,1306,1.74,12.52%,11.19%,0.605678,"13:42 ET"
IBIT,47.72,2026-09-28,5,Call,49.00,-2.94%,0.34,0.33,0.35,1438,831,1.73,38.77%,36.31%,0.280404,"13:42 ET"
IBIT,47.72,2027-06-17,267,Put,47.00,-1.26%,5.6,5.7,5.75,1500,869,1.73,38.77%,41.31%,-0.391861,"10:46 ET"
EWZ,37.65,2027-06-17,267,Call,45.00,-20.00%,1.81,1.95,1.92,6000,3462,1.73,46.32%,36.95%,0.291097,"10:41 ET"
SOXL,144.76,2026-09-23,0,Put,145.00,+1.98%,1.36,1.53,1.48,7062,4072,1.73,116.55%,39.42%,-0.556133,"13:47 ET"
SOXS,33.97,2026-09-25,2,Call,35.00,-1.42%,0.64,0.72,0.71,7398,4278,1.73,117.48%,108.12%,0.374577,"13:47 ET"
SOXS,33.97,2026-10-16,23,Call,35.00,-1.42%,3.35,3.5,3.5,781,454,1.72,117.48%,112.46%,0.518561,"13:47 ET"
IWM,282.79,2026-09-25,2,Put,279.00,-1.22%,0.46,0.5,0.47,1982,1154,1.72,18.48%,20.77%,-0.192343,"13:42 ET"
SPY,768.38,2026-09-30,7,Put,768.00,+0.10%,4.1,4,4.12,2486,1445,1.72,12.81%,10.56%,-0.471611,"13:46 ET"
SPY,768.38,2026-09-25,2,Call,772.00,-0.62%,1.34,1.34,1.35,50718,29517,1.72,12.81%,12.04%,0.307922,"13:47 ET"
SPY,768.38,2026-09-29,6,Call,773.00,-0.75%,2.09,2.11,2.11,538,314,1.71,12.81%,9.79%,0.332536,"13:43 ET"
SPY,768.38,2026-10-06,13,Call,800.00,-4.27%,0.13,0.12,0.14,701,410,1.71,12.81%,10.47%,0.023827,"13:32 ET"
IBIT,47.72,2026-09-25,2,Put,48.00,+0.84%,0.72,0.8,0.74,6321,3701,1.71,38.77%,42.02%,-0.562114,"13:41 ET"
SPY,768.38,2026-10-23,30,Call,774.00,-0.88%,9.09,9.2,9.13,557,328,1.7,12.81%,12.39%,0.451346,"13:46 ET"
IWM,282.79,2026-09-30,7,Put,278.00,-1.57%,1.04,1.06,1.07,941,554,1.7,18.48%,18.30%,-0.245324,"13:44 ET"
QQQ,740.59,2026-09-28,5,Call,760.00,-2.84%,0.31,0.31,0.32,2169,1277,1.7,18.59%,13.95%,0.060713,"13:45 ET"
DRAM,61.99,2026-10-02,9,Call,67.00,-8.75%,0.75,0.7,0.78,1317,777,1.69,58.18%,62.14%,0.228496,"13:30 ET"
SPY,768.38,2026-10-02,9,Call,769.00,-0.23%,5.77,5.81,5.8,1713,1012,1.69,12.81%,12.10%,0.50167,"13:47 ET"
SPY,768.38,2026-09-28,5,Put,765.00,-0.29%,2.05,2.05,2.07,2947,1748,1.69,12.81%,10.06%,-0.340709,"13:47 ET"
TQQQ,78.47,2026-10-09,16,Put,78.00,+0.08%,3.05,3.1,3.5,505,301,1.68,54.26%,54.43%,-0.452422,"12:19 ET"
TLT,80.38,2026-11-30,68,Call,80.00,+0.47%,1.89,1.86,1.92,1051,627,1.68,12.52%,11.00%,0.58415,"13:41 ET"
QQQ,740.59,2026-09-25,2,Put,746.00,+0.95%,6.78,6.77,6.84,2807,1674,1.68,18.59%,16.16%,-0.723911,"13:47 ET"
SPY,768.38,2028-12-15,814,Call,"1,190.00",-55.11%,4.68,4.68,4.71,553,331,1.67,12.81%,15.18%,0.066668,"13:20 ET"
SMH,599.51,2026-10-02,9,Call,635.00,-6.44%,1.85,1.76,2.05,554,332,1.67,35.00%,31.81%,0.132331,"12:32 ET"
XLU,39.94,2026-12-18,86,Call,42.50,-6.46%,0.47,0.47,0.55,861,515,1.67,16.88%,18.75%,0.246942,"12:18 ET"
GDX,93.86,2026-09-25,2,Put,91.00,-2.78%,0.27,0.33,0.39,1596,956,1.67,42.07%,47.27%,-0.181766,"13:43 ET"
QQQ,740.59,2026-10-02,9,Put,686.00,-7.17%,0.51,0.55,0.53,720,434,1.66,18.59%,28.25%,-0.038757,"12:53 ET"
SOXL,144.76,2026-09-30,7,Call,165.00,-16.05%,1.9,1.9,1.93,894,537,1.66,116.55%,99.33%,0.18709,"13:43 ET"
SPY,768.38,2026-10-09,16,Put,728.00,-5.11%,0.91,0.92,0.92,1234,744,1.66,12.81%,18.08%,-0.07007,"13:45 ET"
SPY,768.38,2026-10-16,23,Call,772.00,-0.62%,8.38,8.44,8.41,4946,2982,1.66,12.81%,12.31%,0.467935,"13:45 ET"
SPY,768.38,2026-10-30,37,Put,773.00,+0.75%,13.1,13.68,13.15,728,441,1.65,12.81%,11.95%,-0.536166,"13:38 ET"
XLE,62.48,2026-10-02,9,Put,62.00,-0.64%,0.75,0.76,0.8,815,496,1.64,26.11%,25.56%,-0.416462,"13:44 ET"
SPY,768.38,2026-09-30,7,Put,744.00,-3.03%,0.51,0.55,0.52,2864,1744,1.64,12.81%,16.00%,-0.068128,"13:44 ET"
SPY,768.38,2026-09-25,2,Call,779.00,-1.54%,0.19,0.19,0.2,4472,2732,1.64,12.81%,12.06%,0.065261,"13:46 ET"
TQQQ,78.47,2026-09-28,5,Put,78.00,+0.08%,1.28,1.45,1.45,702,431,1.63,54.26%,43.82%,-0.441075,"13:45 ET"
USO,147.76,2026-09-25,2,Call,150.00,-1.92%,1.49,1.52,1.55,7468,4571,1.63,49.56%,56.53%,0.366783,"13:47 ET"
EWZ,37.65,2027-01-15,114,Call,43.00,-14.67%,1.36,1.41,1.41,13014,7970,1.63,46.32%,40.58%,0.289802,"13:47 ET"
EWZ,37.65,2026-09-30,7,Call,39.00,-4.00%,0.18,0.18,0.22,14708,9020,1.63,46.32%,32.08%,0.214577,"13:43 ET"
TQQQ,78.47,2026-10-30,37,Put,60.00,-23.02%,0.98,1.06,1.09,4382,2702,1.62,54.26%,74.98%,-0.104308,"13:45 ET"
VXX,17.38,2026-09-25,2,Call,18.00,-2.68%,0.07,0.12,0.17,4936,3039,1.62,54.79%,65.23%,0.246411,"13:42 ET"
AMDL,80.11,2026-09-25,2,Call,65.00,+18.13%,14.8,15.05,15.4,1012,628,1.61,104.43%,106.40%,0.99643,"13:43 ET"
TLT,80.38,2027-03-19,177,Put,78.00,-2.96%,1.73,1.67,1.76,8802,5457,1.61,12.52%,14.07%,-0.326065,"12:33 ET"
GLD,393.23,2026-11-20,58,Call,450.00,-14.65%,1.73,1.75,1.76,11046,6841,1.61,20.63%,24.34%,0.100395,"13:46 ET"
GPIQ,57.99,2027-03-19,177,Call,58.00,-0.14%,1.7,1.95,2.2,574,358,1.6,13.80%,8.41%,0.636638,"13:09 ET"
QQQ,740.59,2026-10-16,23,Call,764.00,-3.38%,4.37,4.26,4.39,747,468,1.6,18.59%,16.41%,0.246612,"13:42 ET"
FEZ,67.96,2026-11-20,58,Put,62.00,-8.45%,0.4,0.41,0.5,969,605,1.6,17.94%,21.99%,-0.141777,"13:45 ET"
SPY,768.38,2026-10-23,30,Put,705.00,-8.11%,1.29,1.35,1.3,1096,685,1.6,12.81%,20.63%,-0.06399,"13:42 ET"
QQQ,740.59,2026-09-25,2,Put,712.00,-3.65%,0.12,0.12,0.13,2432,1519,1.6,18.59%,26.81%,-0.022636,"13:45 ET"
XLE,62.48,2026-10-09,16,Put,60.50,-3.04%,0.54,0.59,0.58,535,336,1.59,26.11%,25.86%,-0.265061,"13:40 ET"
SPY,768.38,2026-09-24,1,Put,778.00,+1.41%,9.5,10.75,9.59,555,350,1.59,12.81%,27.50%,-0.803008,"13:24 ET"
SPY,768.38,2026-10-01,8,Put,766.00,-0.16%,3.75,3.69,3.78,581,366,1.59,12.81%,11.14%,-0.409937,"13:46 ET"
USO,147.76,2027-06-17,267,Call,245.00,-66.46%,4.15,4.42,4.65,704,442,1.59,49.56%,47.34%,0.164769,"13:42 ET"
SMH,599.51,2026-09-25,2,Call,602.50,-0.99%,4.15,4.3,4.5,710,447,1.59,35.00%,32.29%,0.420022,"13:44 ET"
SPY,768.38,2026-09-25,2,Put,785.00,+2.32%,16.49,16.49,16.57,1181,744,1.59,12.81%,0.00%,0,"13:47 ET"
QQQ,740.59,2026-09-24,1,Put,747.00,+1.08%,6.85,6.87,6.92,1381,867,1.59,18.59%,16.30%,-0.842474,"13:47 ET"
QQQ,740.59,2026-10-05,12,Put,715.00,-3.25%,2.19,2.53,2.22,695,441,1.58,18.59%,19.98%,-0.154967,"13:27 ET"
IBIT,47.72,2026-10-02,9,Put,49.00,+2.94%,1.85,2.11,1.87,957,605,1.58,38.77%,37.76%,-0.656047,"12:01 ET"
IWM,282.79,2026-09-29,6,Call,293.00,-3.74%,0.1,0.12,0.11,1342,849,1.58,18.48%,16.11%,0.04418,"12:36 ET"
TQQQ,78.47,2026-09-25,2,Call,81.00,-3.93%,0.36,0.37,0.38,4157,2623,1.58,54.26%,52.93%,0.215157,"13:46 ET"
QQQ,740.59,2026-10-02,9,Put,719.00,-2.71%,2.25,2.21,2.28,846,538,1.57,18.59%,20.78%,-0.172294,"13:46 ET"
GLD,393.23,2026-12-18,86,Put,385.00,-1.91%,11,11.42,11.15,1938,1238,1.57,20.63%,21.38%,-0.374147,"13:06 ET"
IBIT,47.72,2026-12-18,86,Call,51.00,-7.14%,2.64,2.6,2.67,6369,4061,1.57,38.77%,41.10%,0.425464,"13:36 ET"
DRAM,61.99,2026-10-23,30,Put,56.00,-9.11%,1.55,1.64,1.66,878,563,1.56,58.18%,58.37%,-0.241039,"13:39 ET"
QQQ,740.59,2026-09-25,2,Put,719.00,-2.71%,0.24,0.27,0.26,5796,3726,1.56,18.59%,23.96%,-0.045857,"13:45 ET"
QQQ,740.59,2026-09-24,1,Call,734.00,+0.68%,7.71,7.85,7.77,563,363,1.55,18.59%,22.31%,0.782045,"13:43 ET"
SQQQ,34.22,2026-10-16,23,Call,34.00,+1.28%,1.89,1.93,1.95,943,607,1.55,55.94%,51.75%,0.553039,"13:47 ET"
GDX,93.86,2026-10-02,9,Call,95.00,-1.50%,1.91,1.95,2.15,1083,698,1.55,42.07%,42.63%,0.447204,"13:41 ET"
SOXL,144.76,2026-09-25,2,Put,140.00,-1.53%,2.79,2.82,2.85,2050,1326,1.55,116.55%,113.31%,-0.335587,"13:46 ET"
TQQQ,78.47,2026-09-25,2,Put,79.00,+1.36%,1.46,1.47,1.53,2305,1490,1.55,54.26%,52.21%,-0.561265,"13:47 ET"
QQQ,740.59,2026-10-02,9,Put,724.00,-2.03%,2.98,3.02,3,669,435,1.54,18.59%,19.85%,-0.222021,"13:45 ET"
GDX,93.86,2026-09-25,2,Call,96.00,-2.56%,0.44,0.42,0.53,3880,2518,1.54,42.07%,45.41%,0.259009,"13:47 ET"
SPY,768.38,2026-10-02,9,Call,775.00,-1.01%,2.9,2.95,2.92,6867,4462,1.54,12.81%,11.20%,0.330401,"13:46 ET"
SPY,768.38,2026-09-30,7,Call,748.00,+2.51%,21.48,22,22.18,582,380,1.53,12.81%,16.81%,0.882987,"13:44 ET"
SOXL,144.76,2026-09-25,2,Call,142.00,+0.13%,6.1,6.04,6.25,818,536,1.53,116.55%,113.07%,0.601059,"13:45 ET"
SPY,768.38,2026-10-16,23,Call,801.00,-4.40%,0.61,0.61,0.62,987,645,1.53,12.81%,10.60%,0.068891,"13:43 ET"
IWM,282.79,2026-10-09,16,Put,282.00,-0.16%,3.59,3.64,3.65,1075,703,1.53,18.48%,17.33%,-0.456463,"13:43 ET"
SMH,599.51,2026-09-25,2,Call,605.00,-1.41%,3.25,3.3,3.35,1705,1115,1.53,35.00%,31.80%,0.351498,"13:47 ET"
SQQQ,34.22,2026-10-09,16,Call,35.00,-1.63%,1.18,1.33,1.22,819,538,1.52,55.94%,53.10%,0.447666,"13:30 ET"
IWM,282.79,2026-09-25,2,Call,287.50,-1.79%,0.21,0.23,0.23,1212,800,1.52,18.48%,18.78%,0.115415,"13:46 ET"
IBIT,47.72,2026-09-28,5,Put,47.00,-1.26%,0.45,0.55,0.47,1536,1010,1.52,38.77%,35.33%,-0.341932,"13:17 ET"
SPY,768.38,2026-09-25,2,Put,775.00,+1.01%,6.84,6.88,6.88,4401,2896,1.52,12.81%,9.90%,-0.879409,"13:47 ET"
QQQ,740.59,2026-10-16,23,Put,744.00,+0.68%,13.67,14.46,13.76,981,648,1.51,18.59%,17.01%,-0.521213,"13:39 ET"
QQQ,740.59,2026-10-09,16,Put,740.00,+0.14%,9.84,9.9,9.89,1367,905,1.51,18.59%,17.16%,-0.471914,"13:45 ET"
QQQ,740.59,2026-09-29,6,Call,744.00,-0.68%,4.4,4.4,4.42,788,527,1.5,18.59%,15.26%,0.421641,"13:47 ET"
SOXS,33.97,2026-10-02,9,Call,36.00,-4.32%,1.39,1.54,1.59,984,658,1.5,117.48%,107.10%,0.401089,"13:43 ET"
SPY,768.38,2026-09-25,2,Call,767.00,+0.03%,3.87,3.89,3.88,6094,4066,1.5,12.81%,13.47%,0.580891,"13:47 ET"
SPY,768.38,2026-10-30,37,Put,767.00,-0.03%,10.68,10.69,10.73,711,477,1.49,12.81%,12.60%,-0.453058,"13:47 ET"
SPY,768.38,2026-09-28,5,Call,767.00,+0.03%,4.6,4.8,4.63,914,615,1.49,12.81%,10.34%,0.574757,"13:46 ET"
ARKK,90.1,2026-10-16,23,Put,90.00,-0.01%,2.68,2.7,3.05,677,458,1.48,34.23%,33.49%,-0.468221,"11:29 ET"
QQQ,740.59,2026-10-02,9,Put,733.00,-0.81%,4.98,4.94,5.01,690,466,1.48,18.59%,18.29%,-0.345843,"13:46 ET"
SPY,768.38,2026-09-24,1,Call,753.00,+1.85%,15.63,14.72,15.7,929,629,1.48,12.81%,23.68%,0.950162,"13:40 ET"
EWG,41.85,2026-10-16,23,Put,40.00,-4.17%,0.25,0.31,0.3,1173,792,1.48,17.61%,21.90%,-0.206366,"13:42 ET"
SLV,58.33,2026-09-25,2,Put,59.00,+1.36%,1.07,1.08,1.11,2263,1531,1.48,36.47%,41.10%,-0.638959,"13:47 ET"
XLF,54.79,2026-10-02,9,Put,53.00,-3.32%,0.08,0.1,0.13,2622,1767,1.48,16.95%,19.08%,-0.126774,"12:53 ET"
TLT,80.38,2026-09-23,0,Put,81.50,+1.39%,1.07,1.27,1.13,4513,3058,1.48,12.52%,15.50%,-0.954022,"13:40 ET"
QQQ,740.59,2026-10-16,23,Call,774.00,-4.74%,2.33,2.16,2.35,558,380,1.47,18.59%,16.07%,0.153152,"13:40 ET"
IWM,282.79,2026-09-24,1,Put,279.00,-1.22%,0.21,0.21,0.22,774,528,1.47,18.48%,22.40%,-0.129072,"13:45 ET"
USO,147.76,2026-09-25,2,Call,148.00,-0.56%,2.34,2.33,2.43,1622,1105,1.47,49.56%,57.46%,0.492584,"13:47 ET"
USO,147.76,2026-09-23,0,Put,147.00,-0.12%,0.28,0.33,0.31,2590,1764,1.47,49.56%,19.33%,-0.308564,"13:47 ET"
QQQ,740.59,2026-09-29,6,Put,734.00,-0.68%,3.11,3.51,3.14,622,426,1.46,18.59%,15.82%,-0.317988,"13:40 ET"
SPY,768.38,2026-10-01,8,Put,774.00,+0.88%,7.32,8.2,7.6,663,454,1.46,12.81%,9.58%,-0.685878,"13:32 ET"
SPY,768.38,2026-10-02,9,Put,766.00,-0.16%,4.19,4.1,4.22,2147,1470,1.46,12.81%,11.49%,-0.41571,"13:46 ET"
SMH,599.51,2026-10-16,23,Put,590.00,-1.10%,15.3,16.25,15.8,2937,2016,1.46,35.00%,34.25%,-0.402649,"13:38 ET"
TQQQ,78.47,2026-09-25,2,Put,78.00,+0.08%,1.01,1.05,1.05,4068,2793,1.46,54.26%,54.23%,-0.432225,"13:47 ET"
HYG,78.15,2027-01-15,114,Call,79.00,-1.18%,0.18,0.23,0.23,29544,20191,1.46,5.42%,2.11%,0.336608,"13:43 ET"
SPY,768.38,2026-09-28,5,Put,775.00,+1.01%,7.15,7.35,7.2,685,473,1.45,12.81%,8.19%,-0.812562,"13:43 ET"
SPY,768.38,2026-09-28,5,Put,761.00,-0.81%,1.22,1.28,1.24,727,500,1.45,12.81%,11.01%,-0.216501,"13:44 ET"
IBIT,47.72,2027-12-17,450,Call,68.00,-42.86%,4.55,4.71,4.7,1502,1037,1.45,38.77%,45.40%,0.362939,"11:07 ET"
IBIT,47.72,2026-10-09,16,Call,50.50,-6.09%,0.59,0.6,0.61,1513,1046,1.45,38.77%,38.94%,0.264325,"12:20 ET"
IGV,107.94,2026-09-25,2,Put,106.00,-1.81%,0.38,0.41,0.5,1878,1294,1.45,31.59%,37.24%,-0.245739,"13:43 ET"
SPY,768.38,2026-10-09,16,Call,777.00,-1.27%,3.99,4.07,4.01,1990,1376,1.45,12.81%,11.15%,0.33954,"13:46 ET"
IBIT,47.72,2026-09-25,2,Put,46.00,-3.36%,0.12,0.13,0.13,5168,3568,1.45,38.77%,47.82%,-0.142341,"13:45 ET"
SPY,768.38,2026-09-24,1,Call,765.00,+0.29%,4.47,4.54,4.5,2136,1484,1.44,12.81%,14.72%,0.722641,"13:47 ET"
QQQ,740.59,2026-10-30,37,Call,780.00,-5.55%,4.21,4.2,4.27,2597,1803,1.44,18.59%,17.13%,0.194417,"13:43 ET"
GDX,93.86,2026-10-16,23,Put,84.00,-10.26%,0.67,0.71,0.74,2688,1863,1.44,42.07%,42.58%,-0.133121,"13:02 ET"
TLT,80.38,2026-10-09,16,Call,81.00,-0.77%,0.52,0.5,0.54,3163,2189,1.44,12.52%,11.29%,0.397666,"13:42 ET"
SPY,768.38,2026-09-28,5,Put,756.00,-1.46%,0.67,0.67,0.68,610,428,1.43,12.81%,12.30%,-0.122697,"13:45 ET"
XLC,113.13,2026-10-16,23,Call,118.00,-4.51%,0.3,0.35,0.4,754,526,1.43,17.18%,15.29%,0.156536,"13:41 ET"
IWM,282.79,2026-10-05,12,Call,290.00,-2.68%,0.83,0.85,0.86,629,443,1.42,18.48%,15.54%,0.194112,"13:45 ET"
XLE,62.48,2026-09-25,2,Call,63.00,-0.96%,0.32,0.4,0.34,932,658,1.42,26.11%,30.24%,0.353588,"13:40 ET"
SLV,58.33,2026-09-25,2,Call,59.00,-1.36%,0.41,0.42,0.42,1772,1246,1.42,36.47%,40.13%,0.358311,"13:46 ET"
TLT,80.38,2026-10-16,23,Put,79.50,-1.09%,0.67,0.69,0.68,1235,878,1.41,12.52%,13.81%,-0.352964,"13:44 ET"
XLI,170.68,2026-10-02,9,Put,165.00,-3.28%,0.34,0.34,0.42,3070,2173,1.41,18.23%,20.17%,-0.13688,"13:22 ET"
SPY,768.38,2026-09-30,7,Put,758.00,-1.20%,1.59,1.68,1.61,3158,2242,1.41,12.81%,12.68%,-0.208447,"13:43 ET"
SPY,768.38,2026-09-25,2,Put,773.00,+0.75%,5.24,5.19,5.27,6996,4974,1.41,12.81%,10.33%,-0.77889,"13:46 ET"
QQQ,740.59,2026-09-29,6,Put,735.00,-0.54%,3.4,3.42,3.42,742,530,1.4,18.59%,15.67%,-0.341029,"13:45 ET"
GDX,93.86,2026-10-02,9,Call,97.00,-3.63%,1.23,1.25,1.39,904,644,1.4,42.07%,42.68%,0.32872,"13:04 ET"
SPY,768.38,2026-10-02,9,Put,749.00,-2.37%,1.17,1.21,1.19,1452,1036,1.4,12.81%,14.94%,-0.129557,"13:44 ET"
SPY,768.38,2026-10-02,9,Call,797.00,-3.88%,0.11,0.12,0.12,1578,1129,1.4,12.81%,11.35%,0.022625,"12:21 ET"
TLT,80.38,2026-10-23,30,Call,81.00,-0.77%,0.83,0.82,0.85,1661,1190,1.4,12.52%,11.37%,0.438596,"13:42 ET"
QQQ,740.59,2026-09-25,2,Call,755.00,-2.17%,0.33,0.34,0.34,22430,16015,1.4,18.59%,17.94%,0.076201,"13:47 ET"
TLT,80.38,2026-10-09,16,Call,80.50,-0.15%,0.74,0.73,0.75,1854,1337,1.39,12.52%,11.22%,0.500944,"13:44 ET"
QQQ,740.59,2026-09-24,1,Put,748.00,+1.22%,7.4,7.77,8.11,696,505,1.38,18.59%,16.39%,-0.876677,"13:45 ET"
SPY,768.38,2026-09-24,1,Put,775.00,+1.01%,6.62,7.3,6.68,2610,1897,1.38,12.81%,10.12%,-0.950277,"13:41 ET"
QQQ,740.59,2026-09-25,2,Call,760.00,-2.84%,0.12,0.13,0.13,13718,9973,1.38,18.59%,18.61%,0.031553,"13:47 ET"
IWM,282.79,2026-10-16,23,Call,285.00,-0.91%,4.2,4.11,4.24,6454,4714,1.37,18.48%,17.94%,0.450916,"13:34 ET"
SPY,768.38,2026-09-28,5,Put,739.00,-3.68%,0.13,0.17,0.14,681,502,1.36,12.81%,17.00%,-0.023395,"13:33 ET"
SOXS,33.97,2026-09-25,2,Call,37.50,-8.66%,0.14,0.21,0.22,1176,862,1.36,117.48%,113.30%,0.130492,"13:39 ET"
SPY,768.38,2026-09-24,1,Put,776.00,+1.14%,7.56,7.61,7.63,711,528,1.35,12.81%,9.11%,-0.988138,"13:47 ET"
XOP,182.94,2026-10-16,23,Put,172.00,-5.78%,1.7,1.62,2.27,751,557,1.35,33.34%,33.79%,-0.215548,"11:20 ET"
IBIT,47.72,2026-10-30,37,Put,40.50,-14.92%,0.31,0.33,0.32,709,529,1.34,38.77%,42.85%,-0.097081,"12:04 ET"
ETHA,20.12,2026-10-09,16,Call,22.00,-9.51%,0.23,0.25,0.26,1225,917,1.34,50.65%,49.75%,0.21535,"12:40 ET"
SPY,768.38,2026-09-23,0,Call,761.00,+0.81%,7.47,7.13,7.53,1234,918,1.34,12.81%,9.51%,0.976051,"13:42 ET"
QQQ,740.59,2026-09-28,5,Put,738.00,-0.13%,3.7,3.63,3.73,1457,1088,1.34,18.59%,14.56%,-0.406856,"13:46 ET"
QQQ,740.59,2026-10-09,16,Call,745.00,-0.81%,9.29,9.37,9.34,1907,1419,1.34,18.59%,17.59%,0.458544,"13:44 ET"
SPY,768.38,2026-09-30,7,Put,746.00,-2.77%,0.59,0.72,0.6,2655,1979,1.34,12.81%,15.51%,-0.079058,"13:37 ET"
IWM,282.79,2026-09-28,5,Put,280.00,-0.86%,0.96,0.97,1,687,517,1.33,18.48%,15.83%,-0.294288,"13:45 ET"
SPY,768.38,2026-09-29,6,Put,765.00,-0.29%,2.52,2.52,2.53,1001,750,1.33,12.81%,10.51%,-0.357682,"13:47 ET"
QQQ,740.59,2026-09-30,7,Call,752.00,-1.76%,2.44,2.5,2.47,1493,1119,1.33,18.59%,15.81%,0.254953,"13:46 ET"
SPY,768.38,2026-10-02,9,Put,764.00,-0.42%,3.57,3.6,3.59,1572,1184,1.33,12.81%,11.85%,-0.363685,"13:44 ET"
SPY,768.38,2026-09-30,7,Call,771.00,-0.49%,3.56,3.6,3.58,3358,2529,1.33,12.81%,10.78%,0.427319,"13:47 ET"
IBIT,47.72,2026-09-25,2,Put,47.50,-0.21%,0.47,0.47,0.48,3796,2858,1.33,38.77%,41.93%,-0.428134,"13:47 ET"
QQQ,740.59,2026-09-28,5,Call,746.00,-0.95%,2.83,2.57,2.86,680,516,1.32,18.59%,14.34%,0.345089,"13:41 ET"
SMH,599.51,2026-09-25,2,Put,595.00,-0.26%,3.6,4.15,3.9,944,717,1.32,35.00%,32.26%,-0.373967,"13:42 ET"
QQQ,740.59,2026-10-02,9,Call,742.00,-0.41%,8.01,8.05,8.05,1444,1094,1.32,18.59%,18.16%,0.490299,"13:44 ET"
SPY,768.38,2026-09-29,6,Call,780.00,-1.67%,0.5,0.5,0.51,1588,1202,1.32,12.81%,9.33%,0.113527,"13:45 ET"
SPY,768.38,2026-10-02,9,Call,780.00,-1.67%,1.43,1.44,1.45,5530,4187,1.32,12.81%,10.74%,0.200511,"13:47 ET"
QQQ,740.59,2026-09-25,2,Put,725.00,-1.89%,0.51,0.52,0.52,9564,7235,1.32,18.59%,21.90%,-0.091605,"13:47 ET"
IBIT,47.72,2026-09-28,5,Put,48.50,+1.89%,1.21,1.42,1.23,858,654,1.31,38.77%,35.35%,-0.638579,"13:12 ET"
XLF,54.79,2026-10-09,16,Put,53.00,-3.32%,0.2,0.2,0.23,1095,838,1.31,16.95%,18.46%,-0.183123,"13:34 ET"
CPER,40.48,2026-10-16,23,Put,40.00,-1.09%,0.7,0.76,0.85,1134,868,1.31,26.50%,25.61%,-0.402888,"13:45 ET"
SOXS,33.97,2026-09-25,2,Call,36.00,-4.32%,0.37,0.4,0.42,2561,1952,1.31,117.48%,108.50%,0.251696,"13:43 ET"
QQQ,740.59,2026-09-25,2,Put,732.00,-0.95%,1.27,1.27,1.28,3693,2820,1.31,18.59%,19.76%,-0.207308,"13:47 ET"
IBIT,47.72,2026-12-18,86,Call,68.00,-42.86%,0.35,0.36,0.37,4430,3371,1.31,38.77%,46.80%,0.079935,"11:25 ET"
TQQQ,78.47,2026-09-25,2,Call,80.00,-2.64%,0.63,0.65,0.65,8261,6292,1.31,54.26%,53.77%,0.321505,"13:47 ET"
SPY,768.38,2026-09-29,6,Put,775.00,+1.01%,7.21,8.26,7.56,765,589,1.3,12.81%,8.35%,-0.784946,"13:34 ET"
QQQ,740.59,2026-09-28,5,Call,751.00,-1.63%,1.39,1.42,1.41,817,628,1.3,18.59%,13.98%,0.206692,"13:46 ET"
QQQ,740.59,2026-09-28,5,Call,739.00,0.00%,6.22,6.28,6.3,912,703,1.3,18.59%,15.19%,0.56156,"13:47 ET"
QQQ,740.59,2026-10-30,37,Put,690.00,-6.63%,4.61,4.94,4.67,3416,2624,1.3,18.59%,23.65%,-0.154413,"13:32 ET"
SOXL,144.76,2026-09-23,0,Put,150.00,+5.50%,5.4,9.05,5.6,546,422,1.29,116.55%,40.54%,-0.961067,"13:05 ET"
QQQ,740.59,2026-10-09,16,Call,751.00,-1.63%,6.54,6.2,6.58,716,555,1.29,18.59%,17.00%,0.369033,"13:41 ET"
SPY,768.38,2026-10-23,30,Put,771.00,+0.49%,10.7,11.5,10.74,963,747,1.29,12.81%,11.55%,-0.515212,"13:30 ET"
DRAM,61.99,2026-10-30,37,Put,54.50,-11.54%,1.54,1.65,1.6,1112,860,1.29,58.18%,59.28%,-0.214635,"13:04 ET"
USO,147.76,2026-11-20,58,Put,125.00,-15.07%,2.75,2.85,3.05,1178,915,1.29,49.56%,50.11%,-0.168037,"13:33 ET"
XBI,155.34,2026-10-16,23,Put,135.00,-12.93%,0.3,0.32,0.42,2807,2171,1.29,31.44%,36.93%,-0.056571,"13:32 ET"
IWM,282.79,2027-09-17,359,Call,310.00,-9.76%,14.72,14.85,15.42,8011,6209,1.29,18.48%,20.23%,0.410305,"13:36 ET"
SPY,768.38,2026-09-28,5,Put,760.00,-0.94%,1.08,1.07,1.1,10030,7769,1.29,12.81%,11.28%,-0.193344,"13:45 ET"
SPY,768.38,2026-09-28,5,Call,766.00,+0.16%,5.28,5.44,5.3,575,449,1.28,12.81%,10.59%,0.613982,"13:46 ET"
XLK,195,2026-12-18,86,Put,172.50,-11.34%,2.49,2.61,2.89,744,581,1.28,24.25%,29.98%,-0.167007,"12:45 ET"
TSLL,10.35,2026-10-16,23,Put,12.00,+16.39%,1.94,1.98,2.01,1008,787,1.28,82.42%,82.87%,-0.730511,"12:53 ET"
SPCH,10.01,2026-09-25,2,Put,10.00,-0.40%,0.25,0.31,0.35,2064,1620,1.27,100.70%,104.36%,-0.476018,"13:37 ET"
TLT,80.38,2026-10-30,37,Call,80.00,+0.47%,1.49,1.5,1.51,2467,1942,1.27,12.52%,11.66%,0.584478,"13:47 ET"
QQQ,740.59,2026-10-02,9,Put,706.00,-4.46%,1.17,1.2,1.18,608,481,1.26,18.59%,23.51%,-0.091099,"13:45 ET"
SPY,768.38,2026-09-23,0,Call,747.00,+2.64%,21.42,20.32,21.71,930,740,1.26,12.81%,27.69%,0.975917,"12:51 ET"
TLT,80.38,2026-09-28,5,Call,81.50,-1.39%,0.12,0.13,0.13,1589,1257,1.26,12.52%,12.75%,0.19049,"13:46 ET"
QQQ,740.59,2026-10-09,16,Call,747.00,-1.08%,8.3,8.39,8.36,1605,1276,1.26,18.59%,17.39%,0.428796,"13:44 ET"
IBIT,47.72,2026-10-02,9,Call,50.50,-6.09%,0.32,0.28,0.33,1803,1427,1.26,38.77%,40.24%,0.199068,"13:09 ET"
TQQQ,78.47,2026-09-25,2,Put,77.00,-1.21%,0.66,0.68,0.71,2519,1994,1.26,54.26%,56.22%,-0.316898,"13:46 ET"
SOXL,144.76,2026-09-23,0,Put,148.00,+4.09%,3.5,5.85,3.75,1784,1430,1.25,116.55%,38.80%,-0.877637,"13:30 ET"
QQQ,740.59,2026-10-23,30,Call,780.00,-5.55%,2.59,2.6,2.64,2303,1848,1.25,18.59%,16.17%,0.150047,"13:47 ET"
SPY,768.38,2026-09-25,2,Put,757.00,-1.33%,0.39,0.39,0.4,5285,4224,1.25,12.81%,15.60%,-0.094606,"13:47 ET"
IBIT,47.72,2026-10-02,9,Put,47.00,-1.26%,0.76,0.84,0.78,5568,4457,1.25,38.77%,37.58%,-0.379907,"13:37 ET"
TNA,60.93,2026-10-16,23,Put,50.00,-17.68%,0.56,0.6,0.67,651,525,1.24,55.30%,69.93%,-0.110236,"13:48 ET"
SPY,768.38,2026-10-02,9,Call,787.00,-2.58%,0.47,0.47,0.48,975,784,1.24,12.81%,10.58%,0.082193,"13:45 ET"
SPY,768.38,2026-09-30,7,Call,758.00,+1.20%,12.62,12.11,13.03,1216,983,1.24,12.81%,14.05%,0.769593,"13:23 ET"
SLV,58.33,2026-09-25,2,Call,60.00,-3.08%,0.18,0.19,0.19,4802,3888,1.24,36.47%,42.07%,0.188201,"13:45 ET"
IWM,282.79,2026-09-25,2,Put,282.00,-0.16%,1.22,1.24,1.24,7463,6008,1.24,18.48%,18.76%,-0.424591,"13:47 ET"
"Downloaded from Barchart.com as of 09-23-2026 01:24pm CDT"
