Symbol,Price~,"Exp Date",DTE,Type,Strike,Moneyness,Bid,Latest,Ask,Volume,"Open Int",Vol/OI,"Imp Vol",IV,Delta,Time
GEO,31.76,2026-10-16,27,Call,30.00,+5.54%,2.45,2.59,2.95,20672,187,110.55,48.43%,49.99%,0.686608,2026-09-18
SMCI,39.09,2026-09-25,6,Call,39.50,-1.05%,1.21,1.23,1.23,38315,395,97,71.15%,69.94%,0.474132,2026-09-18
MSTR,153.92,2026-09-25,6,Call,152.50,+0.92%,6.65,6.69,6.8,22632,234,96.72,71.41%,75.84%,0.559652,2026-09-18
SPCX,152.71,2026-10-30,41,Put,115.00,-24.69%,0.66,0.68,0.76,9619,116,82.92,50.13%,56.64%,-0.053795,2026-09-18
PCG,13.2,2026-11-20,62,Put,11.00,-16.67%,0.25,0.27,0.27,18237,227,80.34,41.53%,50.99%,-0.161085,2026-09-18
RIOT,23.75,2026-09-25,6,Put,23.50,-1.05%,0.86,0.92,0.94,9141,114,80.18,82.44%,84.96%,-0.437964,2026-09-18
ABUS,5.01,2026-10-16,27,Put,7.00,+39.72%,2,2.1,2.7,11500,150,76.67,81.80%,170.45%,-0.687121,2026-09-18
META,665.75,2026-09-21,2,Call,672.50,-1.01%,3.4,3.5,4.1,9258,121,76.51,39.46%,33.08%,0.347405,2026-09-18
WULF,17.01,2026-10-16,27,Call,12.00,+29.45%,5.05,5.1,5.2,22464,305,73.65,81.83%,107.34%,0.914928,2026-09-18
MU,1015.8,2026-09-21,2,Put,980.00,-3.52%,2.13,2.14,2.29,15474,216,71.64,59.82%,44.07%,-0.131007,2026-09-18
MSTR,153.92,2026-09-25,6,Call,157.50,-2.33%,4.5,4.55,4.75,22187,346,64.12,71.41%,78.07%,0.431039,2026-09-18
MSTR,153.92,2026-09-25,6,Call,162.50,-5.57%,3.05,3.12,3.2,7790,126,61.83,71.41%,80.47%,0.31973,2026-09-18
LW,46.67,2026-10-16,27,Put,37.50,-19.65%,0.05,0.2,0.25,14135,240,58.9,47.71%,51.67%,-0.051555,2026-09-18
MU,1015.8,2026-09-21,2,Put,970.00,-4.51%,1.3,1.27,1.38,8056,140,57.54,59.82%,45.90%,-0.083743,2026-09-18
GOOGL,349.54,2026-09-21,2,Call,357.50,-2.28%,0.37,0.46,0.44,9085,158,57.5,31.26%,25.83%,0.123364,2026-09-18
TSLA,364.27,2026-09-21,2,Put,362.50,-0.49%,2.66,2.71,2.73,27547,497,55.43,41.14%,32.96%,-0.413451,2026-09-18
NFLX,71.79,2026-09-25,6,Call,73.00,-1.69%,0.68,0.68,0.7,12202,225,54.23,33.68%,31.96%,0.354594,2026-09-18
AI,10.48,2026-09-25,6,Call,11.00,-4.96%,0.14,0.16,0.18,46872,889,52.72,56.22%,65.58%,0.299132,2026-09-18
AMZN,253.71,2026-09-21,2,Call,240.00,+5.40%,13.4,14.41,14.2,7323,141,51.94,30.81%,35.84%,0.982753,2026-09-18
BMNR,25.99,2026-10-02,13,Call,20.00,+23.05%,5.9,6.19,6.5,10355,200,51.78,79.08%,103.96%,0.924986,2026-09-18
KR,60,2026-09-25,6,Call,62.00,-3.33%,0.15,0.24,0.3,9152,177,51.71,23.66%,28.39%,0.190259,2026-09-18
KOPN,4.74,2027-03-19,181,Put,4.00,-15.61%,0.6,0.75,1.05,5000,101,49.5,86.43%,99.59%,-0.269776,2026-09-18
MU,1015.8,2026-09-21,2,Call,"1,015.00",+0.08%,12.25,12.65,12.85,10018,213,47.03,59.82%,40.17%,0.519119,2026-09-18
GOOGL,349.54,2026-10-02,13,Call,420.00,-20.16%,0.04,0.14,0.26,6059,130,46.61,31.26%,43.73%,0.015038,2026-09-18
VZ,48.09,2026-11-20,62,Put,42.00,-12.66%,0.3,0.41,0.37,5008,110,45.53,23.24%,28.31%,-0.115927,2026-09-18
FIGR,35.49,2026-09-25,6,Call,40.00,-12.71%,0.25,0.5,0.5,5330,122,43.69,78.73%,93.00%,0.173922,2026-09-18
UTHR,494.63,2026-10-16,27,Call,540.00,-9.17%,1.95,5,6.9,8315,201,41.37,33.54%,33.47%,0.186975,2026-09-18
NYT,70.21,2026-10-16,27,Call,72.50,-3.26%,1,1,1.45,4704,115,40.9,31.56%,27.63%,0.356582,2026-09-18
NFLX,71.79,2026-09-25,6,Call,74.00,-3.08%,0.41,0.42,0.43,9466,232,40.8,33.68%,32.36%,0.243289,2026-09-18
MU,1015.8,2026-09-21,2,Call,995.00,+2.05%,22.35,25.3,26.05,7064,176,40.14,59.82%,35.50%,0.790429,2026-09-18
NEE,80.47,2026-10-16,27,Put,75.00,-6.80%,0.25,0.28,0.3,15872,401,39.58,20.69%,22.14%,-0.113693,2026-09-18
MSTR,153.92,2026-09-25,6,Put,150.00,-2.55%,3.95,4,4.05,7906,200,39.53,71.41%,74.43%,-0.373208,2026-09-18
META,665.75,2026-09-21,2,Call,670.00,-0.64%,4.2,4.3,4.55,10453,265,39.45,39.46%,31.55%,0.400118,2026-09-18
KVUE,17.81,2026-10-16,27,Call,18.00,-1.07%,0,0.24,2.39,4968,128,38.81,41.54%,66.80%,0.510367,2026-09-18
RIOT,23.75,2026-09-25,6,Put,22.50,-5.26%,0.46,0.49,0.52,10154,264,38.46,82.44%,84.33%,-0.288087,2026-09-18
CIFR,18.34,2026-10-23,34,Put,12.00,-34.57%,0.05,0.17,0.18,8611,231,37.28,95.95%,91.98%,-0.048189,2026-09-18
SMR,8.27,2026-10-23,34,Call,11.00,-33.01%,0.15,0.2,0.21,6175,169,36.54,78.30%,86.06%,0.173176,2026-09-18
COIN,194.25,2026-09-25,6,Call,212.50,-9.40%,1.96,1.99,2,10711,297,36.06,66.28%,76.72%,0.195512,2026-09-18
COIN,194.25,2026-09-25,6,Call,202.50,-4.25%,3.8,4,4.1,8339,240,34.75,66.28%,72.07%,0.345475,2026-09-18
T,25.4,2026-10-23,34,Call,27.50,-8.27%,0.15,0.19,0.23,7353,212,34.68,25.06%,26.93%,0.175251,2026-09-18
NVTS,11.43,2026-10-23,34,Call,15.00,-31.23%,0.2,0.21,0.37,5287,156,33.89,79.84%,87.34%,0.191183,2026-09-18
MSTR,153.92,2026-09-25,6,Call,155.00,-0.70%,5.55,5.6,5.6,35926,1080,33.26,71.41%,76.71%,0.493672,2026-09-18
CCL,21.84,2026-09-25,6,Put,21.50,-1.56%,0.26,0.27,0.29,7211,227,31.77,47.63%,38.33%,-0.364329,2026-09-18
GOOGL,349.54,2026-09-21,2,Call,352.50,-0.85%,1.05,1.29,1.43,10306,326,31.61,31.26%,23.32%,0.319423,2026-09-18
WULF,17.01,2027-01-15,118,Call,16.00,+5.94%,3.7,3.8,3.85,50509,1641,30.78,81.83%,101.36%,0.605937,2026-09-18
MU,1015.8,2026-09-21,2,Call,"1,005.00",+1.06%,17.65,18.5,18.8,5287,172,30.74,59.82%,39.99%,0.648986,2026-09-18
DOCN,130.14,2026-10-16,27,Call,155.00,-19.10%,1.8,2.95,3.6,3202,105,30.5,76.83%,70.16%,0.209887,2026-09-18
MU,1015.8,2026-09-21,2,Call,"1,010.00",+0.57%,14.65,15.02,15.5,8708,293,29.72,59.82%,39.57%,0.585828,2026-09-18
S,22.51,2026-09-25,6,Call,24.50,-8.84%,0.1,0.15,0.2,3158,110,28.71,51.79%,63.59%,0.160828,2026-09-18
TSLA,364.27,2026-09-21,2,Put,365.00,+0.20%,3.8,3.85,3.9,30765,1074,28.65,41.14%,32.57%,-0.525707,2026-09-18
PBF,77.19,2026-10-16,27,Put,75.00,-2.84%,4.8,5.08,5.3,6688,236,28.34,74.44%,74.50%,-0.400997,2026-09-18
IREN,46.68,2027-02-19,153,Put,50.00,+7.11%,11.95,12.27,12.4,6377,232,27.49,83.90%,88.27%,-0.427387,2026-09-18
MU,1015.8,2026-09-21,2,Call,"1,020.00",-0.41%,7.45,10,10.4,12024,443,27.14,59.82%,35.96%,0.446552,2026-09-18
KR,60,2026-09-25,6,Call,63.00,-5.00%,0.1,0.17,0.17,9075,337,26.93,23.66%,31.27%,0.116676,2026-09-18
NFLX,71.79,2026-09-25,6,Put,69.00,-3.89%,0.26,0.26,0.27,14630,547,26.75,33.68%,32.67%,-0.163469,2026-09-18
TOST,29.74,2026-10-02,13,Put,30.00,+0.87%,0.82,0.92,1.19,3015,113,26.68,43.80%,39.48%,-0.526524,2026-09-18
FCX,71.54,2026-10-02,13,Call,77.00,-7.63%,0.68,0.76,1.04,3027,117,25.87,46.12%,49.33%,0.231742,2026-09-18
DVA,183.86,2026-10-16,27,Call,185.00,-0.62%,4.8,5.3,7.5,2850,112,25.45,34.80%,32.37%,0.501717,2026-09-18
INTC,108.6,2026-09-21,2,Call,109.00,-0.37%,1.49,1.47,1.59,6603,265,24.92,63.94%,53.66%,0.472749,2026-09-18
NVDA,222.27,2026-09-21,2,Put,220.00,-1.02%,0.9,0.95,0.97,23759,954,24.9,32.11%,28.57%,-0.307379,2026-09-18
AKAM,104.52,2027-01-15,118,Call,125.00,-19.59%,6.3,6.8,8.5,3500,143,24.48,51.50%,58.44%,0.368798,2026-09-18
F,13.21,2026-09-25,6,Call,13.00,+1.59%,0.34,0.35,0.35,18910,774,24.43,34.22%,33.69%,0.651542,2026-09-18
MU,1015.8,2026-09-21,2,Call,990.00,+2.54%,28.45,29.4,30,6140,252,24.37,59.82%,40.56%,0.810169,2026-09-18
DOCN,130.14,2026-10-16,27,Call,120.00,+7.79%,15.5,16,17.6,3190,132,24.17,76.83%,77.67%,0.692308,2026-09-18
SYF,75.04,2026-10-16,27,Call,75.00,+0.05%,2.45,2.7,2.85,2538,106,23.94,30.65%,31.68%,0.526018,2026-09-18
KHC,24.43,2026-09-25,6,Call,24.50,-0.29%,0.31,0.35,0.35,20411,883,23.12,29.10%,29.46%,0.473132,2026-09-18
RIOT,23.75,2026-09-25,6,Call,24.50,-3.16%,0.69,0.77,0.8,2738,119,23.01,82.44%,87.02%,0.413883,2026-09-18
AMZN,253.71,2026-09-21,2,Call,245.00,+3.43%,7.5,9.15,9.1,7380,325,22.71,30.81%,39.04%,0.890713,2026-09-18
ORCL,147.61,2026-10-30,41,Put,115.00,-22.09%,0.8,0.87,0.95,11366,501,22.69,49.00%,54.02%,-0.068968,2026-09-18
AMZN,253.71,2026-09-21,2,Call,247.50,+2.45%,6.1,6.4,6.65,6331,280,22.61,30.81%,22.22%,0.936613,2026-09-18
OPRA,18.06,2026-10-16,27,Put,17.00,-5.87%,0.1,0.3,0.45,2959,131,22.59,33.99%,34.67%,-0.255552,2026-09-18
AG,19.84,2026-10-02,13,Call,19.00,+4.23%,1.09,1.11,1.63,6441,291,22.13,58.69%,58.98%,0.675325,2026-09-18
TSLA,364.27,2026-09-21,2,Call,365.00,-0.20%,3.15,3.18,3.25,45161,2043,22.11,41.14%,32.69%,0.475106,2026-09-18
COIN,194.25,2026-09-25,6,Call,197.50,-1.67%,5.5,5.52,5.65,4115,188,21.89,66.28%,70.22%,0.44722,2026-09-18
TSLA,364.27,2026-09-21,2,Put,355.00,-2.54%,0.76,0.77,0.78,30124,1378,21.86,41.14%,34.95%,-0.154733,2026-09-18
META,665.75,2026-09-21,2,Call,677.50,-1.76%,2.06,2.15,2.39,8289,383,21.64,39.46%,32.45%,0.23922,2026-09-18
AMZN,253.71,2026-09-21,2,Call,237.50,+6.39%,15.9,17.22,16.65,4079,189,21.58,30.81%,37.10%,0.992338,2026-09-18
MSTR,153.92,2026-09-25,6,Call,142.00,+7.74%,13.2,13.54,13.75,12025,558,21.55,71.41%,72.95%,0.819913,2026-09-18
MU,1015.8,2026-09-21,2,Call,"1,050.00",-3.37%,2.22,2.3,2.42,10596,494,21.45,59.82%,41.60%,0.146038,2026-09-18
HOOD,119.82,2026-09-25,6,Call,127.00,-5.99%,1.56,1.7,1.78,3216,150,21.44,63.33%,68.59%,0.270554,2026-09-18
WRBY,22.5,2026-09-25,6,Put,22.00,-2.22%,0.35,0.42,0.7,2546,119,21.39,66.84%,66.24%,-0.37712,2026-09-18
BIDU,89.93,2026-09-25,6,Put,91.00,+1.19%,1.09,2.43,3.75,2471,116,21.3,39.56%,40.30%,-0.577183,2026-09-18
KHC,24.43,2026-09-25,6,Call,25.00,-2.33%,0.12,0.15,0.17,21177,994,21.3,29.10%,28.79%,0.268363,2026-09-18
WBD,27.8,2026-10-02,13,Call,30.00,-7.91%,0.07,0.13,0.2,12506,591,21.16,30.64%,36.09%,0.143345,2026-09-18
AMZN,253.71,2026-09-21,2,Put,260.00,+2.48%,6.1,6.3,6.8,4250,202,21.04,30.81%,24.57%,-0.910609,2026-09-18
MARA,13.24,2026-09-25,6,Put,13.00,-1.81%,0.46,0.48,0.47,5964,284,21,85.36%,86.52%,-0.411035,2026-09-18
VKTX,28.99,2026-10-16,27,Put,20.00,-31.01%,0.27,0.38,0.49,4558,219,20.81,121.71%,111.51%,-0.083213,2026-09-18
QUBT,8.7,2027-01-15,118,Put,25.00,+187.36%,15.35,16.65,17.85,2495,120,20.79,73.17%,139.01%,-0.839445,2026-09-18
WYNN,81.68,2026-11-20,62,Call,97.50,-19.37%,0.64,0.83,1.32,2465,121,20.37,32.21%,38.42%,0.155354,2026-09-18
ON,69.98,2026-09-25,6,Call,72.00,-2.89%,0.95,0.95,1.28,3340,167,20,55.51%,53.62%,0.35534,2026-09-18
TSLA,364.27,2026-09-21,2,Call,367.50,-0.89%,2.13,2.16,2.18,26593,1332,19.96,41.14%,32.49%,0.364359,2026-09-18
TSLA,364.27,2026-09-21,2,Put,357.50,-1.86%,1.18,1.18,1.22,10522,543,19.38,41.14%,34.18%,-0.223248,2026-09-18
COIN,194.25,2026-09-25,6,Put,187.50,-3.47%,3.7,3.75,3.85,2769,143,19.36,66.28%,68.12%,-0.324721,2026-09-18
OPRA,18.06,2026-10-16,27,Call,19.00,-5.20%,0,0.43,0.55,2919,152,19.2,33.99%,32.74%,0.286766,2026-09-18
TSLA,364.27,2026-09-25,6,Call,367.50,-0.89%,5.95,6.05,6.1,27139,1417,19.15,41.14%,39.74%,0.445867,2026-09-18
XYZ,76.28,2026-09-25,6,Call,78.00,-2.25%,0.72,0.85,0.94,2381,125,19.05,39.93%,38.61%,0.339544,2026-09-18
NUAI,5.86,2026-10-09,20,Put,5.00,-14.68%,0.25,0.3,0.35,2551,134,19.04,132.82%,127.71%,-0.246296,2026-09-18
GOOGL,349.54,2026-09-21,2,Call,362.50,-3.71%,0.11,0.13,0.27,2262,120,18.85,31.26%,30.67%,0.056599,2026-09-18
TSLA,364.27,2026-09-21,2,Call,372.50,-2.26%,0.87,0.9,0.91,15881,847,18.75,41.14%,32.96%,0.185263,2026-09-18
MSTR,153.92,2026-09-25,6,Call,165.00,-7.20%,2.4,2.55,2.6,15720,846,18.58,71.41%,80.83%,0.269844,2026-09-18
AMCR,41.9,2026-10-16,27,Call,42.00,-0.24%,1.05,1.28,1.4,2191,118,18.57,25.35%,28.77%,0.494894,2026-09-18
CRM,237.92,2026-10-02,13,Put,220.00,-7.53%,1.25,1.38,1.46,8194,447,18.33,38.63%,40.49%,-0.141112,2026-09-18
TSLA,364.27,2026-09-21,2,Call,362.50,+0.49%,4.45,4.55,4.6,18557,1014,18.3,41.14%,32.88%,0.587263,2026-09-18
LCID,4.09,2027-03-19,181,Call,4.00,+2.20%,1.1,1.12,1.23,2771,152,18.23,85.22%,97.77%,0.657371,2026-09-18
MSTR,153.92,2026-09-25,6,Call,147.00,+4.50%,9.8,9.88,10.05,4614,255,18.09,71.41%,74.85%,0.703198,2026-09-18
MSFT,493.78,2026-09-25,6,Call,502.50,-1.77%,2.5,2.7,2.91,5734,317,18.09,25.44%,23.63%,0.292153,2026-09-18
BMNR,25.99,2026-10-02,13,Call,25.50,+1.89%,1.77,1.86,1.87,3276,183,17.9,79.08%,79.86%,0.583088,2026-09-18
CRCL,91.78,2026-09-25,6,Call,99.00,-7.87%,1.39,1.43,1.67,2051,116,17.68,75.86%,85.54%,0.264244,2026-09-18
AMZN,253.71,2026-09-21,2,Call,230.00,+9.35%,22.4,24.27,24.15,2747,156,17.61,30.81%,90.66%,0.93301,2026-09-18
GOOGL,349.54,2026-09-23,4,Call,352.50,-0.85%,2.68,2.91,2.97,2005,114,17.59,31.26%,27.87%,0.396736,2026-09-18
MARA,13.24,2026-09-25,6,Put,12.50,-5.59%,0.27,0.27,0.28,3871,221,17.52,85.36%,87.07%,-0.282398,2026-09-18
RUM,9.09,2026-10-16,27,Call,8.00,+11.99%,1.3,1.44,1.6,11699,671,17.44,87.90%,83.45%,0.754324,2026-09-18
AMZN,253.71,2026-09-21,2,Put,257.50,+1.49%,4.05,3.95,4.5,2322,134,17.33,30.81%,24.08%,-0.793692,2026-09-18
EXEL,58.36,2026-10-16,27,Call,65.00,-11.38%,0.45,0.5,0.55,2127,124,17.15,36.26%,37.68%,0.164995,2026-09-18
TSLA,364.27,2026-09-28,9,Call,405.00,-11.18%,0.51,0.55,0.55,1970,115,17.13,41.14%,40.97%,0.054625,2026-09-18
COIN,194.25,2026-09-25,6,Put,192.50,-0.90%,5.8,5.9,6,2159,126,17.13,66.28%,68.65%,-0.439434,2026-09-18
MRNA,154.04,2026-10-02,13,Call,170.00,-10.36%,2.6,2.77,3.2,3154,185,17.05,69.08%,70.38%,0.252649,2026-09-18
TSLA,364.27,2026-09-21,2,Call,377.50,-3.63%,0.33,0.34,0.35,13963,819,17.05,41.14%,34.12%,0.081952,2026-09-18
MARA,13.24,2026-10-23,34,Call,14.00,-5.74%,1.04,1.07,1.1,2396,141,16.99,85.36%,84.65%,0.4707,2026-09-18
AAPL,336.13,2026-09-21,2,Call,337.50,-0.41%,1.15,1.28,1.32,26171,1561,16.77,23.55%,18.25%,0.389355,2026-09-18
MAIR,24.01,2026-12-18,90,Call,50.00,-108.25%,0.15,0.2,0.2,4073,243,16.76,62.93%,79.44%,0.050686,2026-09-18
META,665.75,2026-09-25,6,Call,702.50,-5.52%,3.35,3.49,3.75,4600,278,16.55,39.46%,43.87%,0.179439,2026-09-18
AMZN,253.71,2026-09-21,2,Put,252.50,-0.48%,1.15,1.18,1.3,5833,354,16.48,30.81%,23.85%,-0.386234,2026-09-18
META,665.75,2026-09-21,2,Call,675.00,-1.39%,2.75,2.8,2.86,19226,1167,16.47,39.46%,32.10%,0.287273,2026-09-18
MSTR,153.92,2026-09-25,6,Put,140.00,-9.04%,1.11,1.12,1.15,14039,854,16.44,71.41%,73.59%,-0.145104,2026-09-18
COIN,194.25,2026-09-25,6,Put,185.00,-4.76%,2.87,3,3,6337,386,16.42,66.28%,67.90%,-0.27091,2026-09-18
CRMD,7.72,2026-11-20,62,Put,7.00,-9.33%,0.3,0.4,0.45,1880,115,16.35,49.01%,57.28%,-0.289441,2026-09-18
PBF,77.19,2026-10-16,27,Put,65.00,-15.79%,1.4,1.5,1.8,6319,390,16.2,74.44%,75.35%,-0.171309,2026-09-18
MU,1015.8,2026-09-21,2,Put,950.00,-6.48%,0.47,0.49,0.53,3741,233,16.06,59.82%,49.98%,-0.033375,2026-09-18
QBTS,17.11,2026-10-23,34,Call,21.00,-22.74%,0.15,0.43,0.53,3008,188,16,71.75%,67.66%,0.19155,2026-09-18
MS,202.58,2026-09-25,6,Put,197.50,-2.51%,1.08,1.19,1.34,2855,182,15.69,33.84%,30.59%,-0.250243,2026-09-18
AAPL,336.13,2026-09-23,4,Put,340.00,+1.15%,5.15,5.65,5.85,1670,107,15.61,23.55%,23.22%,-0.673577,2026-09-18
TSLA,364.27,2026-09-21,2,Put,367.50,+0.89%,5.25,5.35,5.4,13403,859,15.6,41.14%,32.55%,-0.636326,2026-09-18
MSTR,153.92,2026-09-25,6,Call,150.00,+2.55%,7.95,8.05,8.15,41624,2669,15.6,71.41%,75.03%,0.626473,2026-09-18
RF,28.5,2026-10-16,27,Call,31.00,-8.77%,0.05,0.15,0.35,2783,179,15.55,26.76%,30.53%,0.165252,2026-09-18
MSFT,493.78,2026-09-21,2,Call,497.50,-0.75%,1.18,1.4,1.47,2595,167,15.54,25.44%,18.95%,0.302657,2026-09-18
WFC,86.12,2026-10-09,20,Call,90.00,-4.51%,0.53,0.7,0.79,1896,122,15.54,29.77%,24.55%,0.234449,2026-09-18
ENPH,34.64,2026-10-23,34,Call,45.00,-29.91%,0.05,0.47,0.46,1580,102,15.49,64.08%,59.82%,0.092912,2026-09-18
AMKR,50.3,2026-10-16,27,Put,42.00,-16.50%,0.55,0.65,0.75,1672,108,15.48,62.36%,65.52%,-0.132947,2026-09-18
ASX,41.63,2026-10-16,27,Call,42.50,-2.09%,1.9,1.9,2.15,14212,931,15.27,54.18%,53.30%,0.472426,2026-09-18
MSTR,153.92,2026-10-02,13,Put,150.00,-2.55%,6.1,6.25,6.35,2224,146,15.23,71.41%,70.96%,-0.394509,2026-09-18
AMD,559.82,2026-09-21,2,Put,545.00,-2.65%,2.06,2.15,2.23,2993,198,15.12,52.39%,44.79%,-0.202935,2026-09-18
TSLA,364.27,2026-09-21,2,Put,360.00,-1.17%,1.82,1.82,1.84,30699,2034,15.09,41.14%,33.56%,-0.310624,2026-09-18
AMZN,253.71,2026-09-23,4,Put,252.50,-0.48%,2.32,2.44,2.64,1967,131,15.02,30.81%,29.20%,-0.427622,2026-09-18
EWTX,45.32,2026-10-16,27,Call,50.00,-10.33%,1.25,1.75,1.95,3407,227,15.01,64.78%,65.99%,0.328906,2026-09-18
SKHY,187.5,2026-10-09,20,Put,120.00,-36.00%,0.05,0.1,0.15,1648,110,14.98,59.97%,82.55%,-0.007855,2026-09-18
AAPL,336.13,2026-09-23,4,Call,337.50,-0.41%,2.25,2.36,2.6,6160,412,14.95,23.55%,21.39%,0.438671,2026-09-18
FRMI,4.98,2027-02-19,153,Call,17.00,-241.37%,0.1,0.15,0.2,1523,102,14.93,104.83%,116.56%,0.109683,2026-09-18
SBET,9.35,2026-09-25,6,Call,9.50,-1.60%,0.31,0.37,0.42,3384,228,14.84,84.37%,89.97%,0.470051,2026-09-18
MU,1015.8,2026-09-21,2,Call,"1,000.00",+1.56%,18.75,21.8,22.15,17860,1207,14.8,59.82%,35.57%,0.731081,2026-09-18
MSTR,153.92,2026-09-25,6,Call,167.50,-8.82%,2.08,2.12,2.17,6090,412,14.78,71.41%,83.55%,0.232609,2026-09-18
MU,1015.8,2026-09-21,2,Call,"1,040.00",-2.38%,3.7,3.85,4.05,3554,241,14.75,59.82%,40.64%,0.223269,2026-09-18
HOOD,119.82,2026-09-25,6,Call,132.00,-10.17%,0.8,0.84,0.87,1926,131,14.7,63.33%,70.48%,0.153943,2026-09-18
MU,1015.8,2026-09-23,4,Call,"1,010.00",+0.57%,22.8,24.15,24.15,1555,106,14.67,59.82%,47.83%,0.55852,2026-09-18
MSTR,153.92,2026-09-25,6,Put,145.00,-5.80%,2.2,2.21,2.25,8486,579,14.66,71.41%,73.51%,-0.246281,2026-09-18
CVX,209.51,2026-09-25,6,Call,230.00,-9.78%,0.02,0.12,0.12,13174,907,14.52,27.16%,35.18%,0.020411,2026-09-18
KEY,20.81,2026-10-16,27,Call,22.00,-5.72%,0.1,0.17,0.2,6466,456,14.18,27.47%,23.88%,0.203807,2026-09-18
AVGO,357.61,2026-09-21,2,Call,357.50,+0.03%,2.71,2.9,3.4,2890,204,14.17,35.69%,28.14%,0.513075,2026-09-18
TSLA,364.27,2026-09-21,2,Call,360.00,+1.17%,6.05,6.2,6.2,13393,953,14.05,41.14%,33.09%,0.692086,2026-09-18
META,665.75,2026-09-21,2,Put,662.50,-0.49%,4.85,4.85,5.9,2046,146,14.01,39.46%,35.31%,-0.418332,2026-09-18
VFC,12.79,2028-01-21,489,Put,12.00,-6.18%,1.9,2.1,2.11,6018,434,13.87,41.41%,44.76%,-0.334862,2026-09-18
MSTR,153.92,2026-10-09,20,Call,160.00,-3.95%,7.9,8,8.1,3573,260,13.74,71.41%,72.72%,0.447952,2026-09-18
RCAT,6.75,2027-04-16,209,Put,7.00,+3.70%,1.83,1.9,1.9,2348,172,13.65,80.62%,89.48%,-0.380185,2026-09-18
ACGL,96.89,2026-10-16,27,Call,105.00,-8.37%,0,0.34,0.45,1404,103,13.63,23.08%,20.88%,0.090174,2026-09-18
QBTS,17.11,2026-11-20,62,Call,14.00,+18.18%,3.3,3.85,4.2,2013,148,13.6,71.75%,66.77%,0.813152,2026-09-18
META,665.75,2026-09-21,2,Call,690.00,-3.64%,0.6,0.66,0.7,9674,716,13.51,39.46%,34.59%,0.08416,2026-09-18
HOOD,119.82,2026-09-25,6,Put,120.00,+0.15%,4.1,4.15,4.2,3188,238,13.39,63.33%,66.75%,-0.487723,2026-09-18
AMD,559.82,2026-09-21,2,Call,560.00,-0.03%,6.8,6.8,7,3681,275,13.39,52.39%,41.95%,0.504618,2026-09-18
CVNA,65.11,2026-11-20,62,Put,36.00,-44.71%,0.04,0.39,0.59,2002,150,13.35,59.61%,85.82%,-0.030843,2026-09-18
GOOG,344.41,2026-10-09,20,Call,355.00,-3.07%,5.65,5.72,6.5,4156,312,13.32,31.25%,31.55%,0.363784,2026-09-18
MU,1015.8,2026-09-21,2,Call,"1,060.00",-4.35%,1.38,1.39,1.46,1810,136,13.31,59.82%,43.12%,0.09471,2026-09-18
BKSY,21.67,2026-10-16,27,Call,22.50,-3.83%,1.25,1.35,1.75,2060,155,13.29,76.18%,77.86%,0.476494,2026-09-18
AVGO,357.61,2026-09-21,2,Call,375.00,-4.86%,0.11,0.12,0.14,1413,107,13.21,35.69%,34.92%,0.034527,2026-09-18
ENPH,34.64,2026-09-25,6,Call,36.00,-3.93%,0.44,0.6,0.61,3228,245,13.18,64.08%,58.87%,0.321106,2026-09-18
GXO,45.92,2027-01-15,118,Call,57.50,-25.22%,0.85,1.12,1.4,4002,305,13.12,38.51%,40.45%,0.209353,2026-09-18
CRCL,91.78,2026-09-25,6,Call,94.00,-2.42%,2.81,3,2.96,6534,502,13.02,75.86%,81.54%,0.432245,2026-09-18
RDDT,150.85,2026-09-25,6,Call,157.50,-4.41%,1.85,2.05,2.25,1523,117,13.02,58.66%,58.43%,0.297882,2026-09-18
MU,1015.8,2026-09-23,4,Call,"1,020.00",-0.41%,18.55,19.1,19.1,2742,211,13,59.82%,48.64%,0.480894,2026-09-18
MBLY,8.02,2026-10-30,41,Call,3.00,+62.59%,4.7,5.01,7.15,1518,117,12.97,61.88%,429.34%,0.920111,2026-09-18
CBRS,198.37,2026-09-25,6,Call,202.50,-2.08%,4.5,5.47,6.5,1532,119,12.87,72.44%,71.56%,0.431616,2026-09-18
SNOW,332.43,2026-09-25,6,Call,340.00,-2.28%,3.75,4.15,4.55,2692,210,12.82,44.49%,42.15%,0.352485,2026-09-18
GFL,42.53,2026-10-16,27,Put,37.50,-11.83%,0.75,1.27,1.3,1376,108,12.74,56.56%,66.86%,-0.213114,2026-09-18
AAPL,336.13,2026-09-25,6,Put,345.00,+2.64%,9.1,9.86,10.6,2049,161,12.73,23.55%,23.48%,-0.801297,2026-09-18
XYL,107.56,2026-10-16,27,Put,95.00,-11.68%,0.2,0.27,0.45,1384,109,12.7,28.57%,32.81%,-0.073238,2026-09-18
SKHY,187.5,2026-10-02,13,Call,220.00,-17.33%,1.22,1.26,1.29,5283,416,12.7,59.97%,66.55%,0.115124,2026-09-18
COIN,194.25,2026-09-25,6,Call,210.00,-8.11%,2.3,2.36,2.4,8162,643,12.69,66.28%,75.49%,0.226302,2026-09-18
CMCSA,22.74,2026-09-25,6,Call,23.00,-1.14%,0.22,0.27,0.56,1836,145,12.66,28.48%,43.83%,0.428566,2026-09-18
FORM,118.38,2026-10-16,27,Put,90.00,-23.97%,0.75,0.8,1.1,1378,109,12.64,73.18%,76.74%,-0.076438,2026-09-18
GME,22.64,2027-01-15,118,Call,16.00,+29.33%,6.25,7.15,8.3,6128,485,12.64,45.42%,70.51%,0.849066,2026-09-18
LKQ,23.3,2026-10-16,27,Call,25.00,-7.30%,0.6,0.6,0.65,1440,114,12.63,47.58%,50.13%,0.323556,2026-09-18
IBM,229.55,2026-09-25,6,Call,235.00,-2.37%,1.87,1.87,2.1,2247,178,12.62,34.96%,34.90%,0.308569,2026-09-18
TSLA,364.27,2026-09-21,2,Call,382.50,-5.00%,0.13,0.14,0.14,9804,778,12.6,41.14%,36.08%,0.035324,2026-09-18
INTC,108.6,2026-09-21,2,Call,108.00,+0.55%,2,2.07,2.1,9446,754,12.53,63.94%,53.89%,0.564812,2026-09-18
GOOGL,349.54,2026-09-25,6,Call,362.50,-3.71%,1.38,1.42,1.52,4744,379,12.52,31.26%,31.29%,0.191112,2026-09-18
AMD,559.82,2026-09-21,2,Call,542.50,+3.09%,17.55,17.45,19.35,2062,165,12.5,52.39%,38.10%,0.871937,2026-09-18
ARM,275.61,2026-09-25,6,Call,272.50,+1.13%,11.25,11.6,11.95,1871,150,12.47,69.53%,70.51%,0.570382,2026-09-18
SMR,8.27,2026-10-02,13,Put,9.50,+14.87%,1.18,1.33,1.4,2361,191,12.36,78.30%,64.36%,-0.860921,2026-09-18
XYZ,76.28,2026-09-25,6,Call,81.00,-6.19%,0.17,0.25,0.33,2381,196,12.15,39.93%,40.21%,0.129788,2026-09-18
RIOT,23.75,2026-09-25,6,Put,21.50,-9.47%,0.22,0.22,0.25,2075,172,12.06,82.44%,84.49%,-0.164032,2026-09-18
TSLA,364.27,2026-09-21,2,Call,370.00,-1.57%,1.4,1.42,1.42,39126,3270,11.97,41.14%,32.68%,0.26602,2026-09-18
ET,21.14,2026-10-02,13,Put,21.00,-0.66%,0.16,0.21,0.33,2254,189,11.93,17.65%,19.04%,-0.428624,2026-09-18
SKHY,187.5,2026-09-25,6,Put,182.50,-2.67%,3.25,3.35,3.35,1620,137,11.82,59.97%,57.90%,-0.341578,2026-09-18
AMZN,253.71,2026-09-25,6,Call,242.50,+4.42%,10.6,11.53,12.35,1500,127,11.81,30.81%,20.94%,0.957149,2026-09-18
SNDK,1791.82,2026-09-25,6,Put,"1,650.00",-7.91%,13.7,15.1,16,1824,155,11.77,72.25%,70.10%,-0.166414,2026-09-18
MSTR,153.92,2026-09-25,6,Call,175.00,-13.70%,1.19,1.21,1.24,6922,589,11.75,71.41%,88.56%,0.142658,2026-09-18
MSFT,493.78,2026-09-21,2,Call,495.00,-0.25%,2,2.28,2.5,4567,392,11.65,25.44%,19.07%,0.437782,2026-09-18
AMD,559.82,2026-09-21,2,Call,557.50,+0.41%,8.05,7.93,8.55,1629,140,11.64,52.39%,42.55%,0.561175,2026-09-18
MU,1015.8,2026-09-23,4,Call,990.00,+2.54%,35,36.15,37,1163,100,11.63,59.82%,48.42%,0.705634,2026-09-18
CRTO,16.7,2026-10-16,27,Call,20.00,-19.76%,0,0.15,0.4,1522,132,11.53,54.99%,59.21%,0.153211,2026-09-18
BKR,57.25,2026-10-16,27,Call,55.00,+3.93%,3.4,3.55,3.6,2587,225,11.5,33.75%,35.16%,0.684612,2026-09-18
AAPL,336.13,2026-09-25,6,Put,340.00,+1.15%,6,6.35,6.55,4629,404,11.46,23.55%,24.04%,-0.634804,2026-09-18
GLXY,24.69,2026-09-25,6,Call,27.00,-9.36%,0.23,0.27,0.45,1191,104,11.45,86.13%,86.17%,0.226932,2026-09-18
GOOGL,349.54,2026-09-21,2,Call,355.00,-1.56%,0.7,0.72,0.76,13526,1183,11.43,31.26%,24.78%,0.204451,2026-09-18
GOOGL,349.54,2026-09-21,2,Call,360.00,-2.99%,0.2,0.25,0.31,15334,1348,11.38,31.26%,27.83%,0.078942,2026-09-18
TSLA,364.27,2026-09-21,2,Call,375.00,-2.95%,0.54,0.55,0.55,29328,2594,11.31,41.14%,33.32%,0.123714,2026-09-18
MSFT,493.78,2026-10-09,20,Call,545.00,-10.37%,0.4,0.45,0.77,5175,459,11.27,25.44%,24.78%,0.049927,2026-09-18
SFIX,2.84,2028-01-21,489,Call,10.00,-252.11%,0.05,0.1,0.1,1814,161,11.27,101.13%,63.17%,0.099985,2026-09-18
ENVX,2.99,2026-09-25,6,Call,3.00,-0.33%,0.1,0.1,0.12,1599,142,11.26,86.97%,74.51%,0.5076,2026-09-18
JBLU,4.37,2026-11-20,62,Put,4.00,-8.47%,0.2,0.32,0.43,2523,225,11.21,66.79%,71.15%,-0.320671,2026-09-18
TSLA,364.27,2026-09-25,6,Call,382.50,-5.00%,1.85,1.89,1.91,10244,916,11.18,41.14%,40.79%,0.185013,2026-09-18
TSLA,364.27,2026-09-21,2,Put,370.00,+1.57%,6.95,7.09,7.15,8222,740,11.11,41.14%,32.39%,-0.737106,2026-09-18
GME,22.64,2026-09-25,6,Call,18.00,+20.49%,4.25,4.45,5,3077,280,10.99,45.42%,87.08%,0.98401,2026-09-18
HOOD,119.82,2026-09-25,6,Put,119.00,-0.68%,3.55,3.58,3.7,2218,202,10.98,63.33%,66.37%,-0.448682,2026-09-18
CMPS,15.19,2027-01-15,118,Call,12.00,+21.00%,4.2,4.5,4.8,10001,921,10.86,72.71%,82.08%,0.777929,2026-09-18
TSLA,364.27,2026-09-25,6,Put,377.50,+3.63%,15.45,15.3,15.95,1287,119,10.82,41.14%,39.14%,-0.751901,2026-09-18
TSLA,364.27,2026-10-23,34,Call,345.00,+5.29%,30.9,31.1,31.85,1078,100,10.78,41.14%,45.19%,0.687287,2026-09-18
META,665.75,2026-09-21,2,Call,687.50,-3.27%,0.76,0.78,0.97,1524,142,10.73,39.46%,34.44%,0.107226,2026-09-18
MARA,13.24,2026-09-25,6,Call,13.50,-1.96%,0.48,0.49,0.5,43746,4101,10.67,85.36%,88.94%,0.456871,2026-09-18
COIN,194.25,2026-09-25,6,Put,180.00,-7.34%,1.66,1.69,1.74,7386,695,10.63,66.28%,68.06%,-0.178003,2026-09-18
ASX,41.63,2026-10-16,27,Call,47.50,-14.10%,0.6,0.65,0.95,12965,1224,10.59,54.18%,57.50%,0.222515,2026-09-18
GOOGL,349.54,2026-09-21,2,Put,347.50,-0.58%,1.67,1.81,1.9,2726,260,10.48,31.26%,26.29%,-0.375003,2026-09-18
DAL,79.62,2026-10-02,13,Put,75.00,-5.80%,0.54,0.74,0.75,1058,102,10.37,45.05%,38.76%,-0.193442,2026-09-18
MSFT,493.78,2026-09-21,2,Put,492.50,-0.26%,2.21,2.54,2.84,1999,193,10.36,25.44%,21.66%,-0.429299,2026-09-18
INTC,108.6,2026-09-21,2,Call,107.00,+1.47%,2.6,2.65,2.71,4838,468,10.34,63.94%,54.24%,0.653239,2026-09-18
ANET,199.39,2026-09-25,6,Call,207.50,-4.07%,1.76,1.76,2.44,1126,109,10.33,49.63%,49.38%,0.278018,2026-09-18
HOOD,119.82,2026-09-25,6,Call,129.00,-7.66%,1.26,1.3,1.3,1147,111,10.33,63.33%,69.50%,0.218469,2026-09-18
FAST,49.01,2026-10-16,27,Call,50.00,-2.02%,1.3,1.46,1.6,2107,204,10.33,32.06%,35.03%,0.44007,2026-09-18
U,41.4,2026-09-25,6,Call,43.00,-3.86%,0.38,0.5,0.6,1039,101,10.29,53.68%,51.13%,0.295775,2026-09-18
FLUT,89.56,2026-10-16,27,Call,90.00,-0.49%,3.9,4.6,5.2,1049,102,10.28,48.20%,47.82%,0.519138,2026-09-18
CRCL,91.78,2026-09-25,6,Call,100.00,-8.96%,1.21,1.3,1.35,15743,1534,10.26,75.86%,84.59%,0.232313,2026-09-18
MARA,13.24,2026-10-30,41,Call,16.00,-20.85%,0.6,0.67,0.71,1030,101,10.2,85.36%,86.01%,0.309117,2026-09-18
NVDA,222.27,2026-09-21,2,Call,220.00,+1.02%,2.9,3,3.1,68536,6732,10.18,32.11%,24.29%,0.72231,2026-09-18
SNDK,1791.82,2026-09-25,6,Call,"1,950.00",-8.83%,17.3,18,18.8,2520,248,10.16,72.25%,73.65%,0.199759,2026-09-18
IREN,46.68,2026-10-23,34,Put,34.00,-27.16%,0.59,0.67,0.68,1562,154,10.14,83.90%,89.23%,-0.09483,2026-09-18
TSLA,364.27,2026-09-21,2,Call,350.00,+3.92%,13,14.8,15,1011,100,10.11,41.14%,40.79%,0.91072,2026-09-18
FUBO,10.04,2026-10-16,27,Call,10.00,+0.40%,0.75,0.85,1,1961,194,10.11,80.29%,77.62%,0.554558,2026-09-18
UAL,108.71,2026-09-25,6,Call,115.00,-5.79%,0.16,0.65,0.65,2109,210,10.04,50.87%,40.59%,0.142999,2026-09-18
AMD,559.82,2026-09-21,2,Call,552.50,+1.31%,11.1,11.25,11.65,1494,149,10.03,52.39%,42.91%,0.668805,2026-09-18
ZION,65.23,2026-10-16,27,Put,67.50,+3.48%,2.55,2.98,3.3,1002,100,10.02,26.60%,21.76%,-0.705336,2026-09-18
TSLA,364.27,2026-09-21,2,Call,357.50,+1.86%,7.95,8.16,8.1,5772,576,10.02,41.14%,33.99%,0.778191,2026-09-18
AMD,559.82,2026-09-21,2,Call,547.50,+2.20%,14.7,14.61,15.35,2263,226,10.01,52.39%,43.79%,0.760803,2026-09-18
META,665.75,2026-09-21,2,Call,682.50,-2.52%,1.24,1.4,1.5,2091,209,10,39.46%,33.20%,0.160692,2026-09-18
ERAS,14.77,2026-12-18,90,Call,20.00,-35.41%,1.25,1.55,1.8,1587,159,9.98,104.62%,103.46%,0.376454,2026-09-18
COIN,194.25,2026-09-25,6,Call,200.00,-2.96%,4.65,4.71,4.75,21978,2203,9.98,66.28%,71.13%,0.394427,2026-09-18
TSLA,364.27,2026-09-28,9,Call,385.00,-5.69%,2.13,2.2,2.21,1113,112,9.94,41.14%,37.86%,0.187728,2026-09-18
INTC,108.6,2026-09-21,2,Call,110.00,-1.29%,1.1,1.1,1.15,16258,1645,9.88,63.94%,53.56%,0.382489,2026-09-18
RCAT,6.75,2027-01-15,118,Put,9.00,+33.33%,2.64,2.88,3.15,6121,620,9.87,80.62%,90.70%,-0.615292,2026-09-18
SMCI,39.09,2026-10-02,13,Call,37.00,+5.35%,3.15,2.99,3.35,6031,612,9.85,71.15%,70.01%,0.688563,2026-09-18
FIGR,35.49,2026-09-25,6,Call,38.00,-7.07%,0.45,0.6,0.8,1399,142,9.85,78.73%,83.32%,0.280681,2026-09-18
BMY,63.06,2027-09-17,363,Put,45.00,-28.64%,1.18,1.51,1.63,2000,203,9.85,27.42%,33.64%,-0.116033,2026-09-18
MSTR,153.92,2026-09-25,6,Put,155.00,+0.70%,6.5,6.55,6.65,1735,177,9.8,71.41%,76.79%,-0.506806,2026-09-18
AAPL,336.13,2026-09-21,2,Call,335.00,+0.34%,2.27,2.5,2.56,21422,2190,9.78,23.55%,17.72%,0.609153,2026-09-18
SPCX,152.71,2026-10-30,41,Put,145.00,-5.05%,6.25,6.5,6.5,4913,505,9.73,50.13%,50.20%,-0.340004,2026-09-18
AVGO,357.61,2026-09-21,2,Put,360.00,+0.67%,4.5,4.95,5,1418,146,9.71,35.69%,32.61%,-0.602167,2026-09-18
TSLA,364.27,2026-09-21,2,Call,355.00,+2.54%,9.95,10.24,10.4,3655,377,9.69,41.14%,35.95%,0.838773,2026-09-18
LMND,47.09,2026-10-09,20,Put,46.00,-2.31%,1.5,1.55,2.25,1006,104,9.67,56.11%,55.66%,-0.398448,2026-09-18
SNY,42.48,2026-10-16,27,Call,45.00,-5.93%,0.25,0.25,0.4,2062,214,9.64,21.80%,26.98%,0.195869,2026-09-18
AVGO,357.61,2026-09-23,4,Put,347.50,-2.83%,1.35,1.72,2,991,103,9.62,35.69%,35.90%,-0.21486,2026-09-18
AMD,559.82,2026-09-21,2,Put,542.50,-3.09%,1.63,1.76,1.78,1211,126,9.61,52.39%,45.20%,-0.168179,2026-09-18
INTC,108.6,2026-10-09,20,Call,102.00,+6.08%,10.1,10.05,10.35,1240,129,9.61,63.94%,63.84%,0.693381,2026-09-18
TMO,651.45,2026-10-16,27,Put,600.00,-7.90%,2.8,4.21,4.9,2027,211,9.61,28.47%,29.72%,-0.138792,2026-09-18
GOOGL,349.54,2026-09-21,2,Put,342.50,-2.01%,0.35,0.58,0.59,3940,410,9.61,31.26%,25.68%,-0.138116,2026-09-18
ON,69.98,2026-09-25,6,Call,70.00,-0.03%,1.68,2,2.25,2673,279,9.58,55.51%,54.62%,0.515735,2026-09-18
IOT,39.55,2026-12-18,90,Put,34.00,-14.03%,1.75,2,2.2,1677,176,9.53,52.86%,59.24%,-0.245641,2026-09-18
HIMS,27.99,2026-09-25,6,Call,30.50,-8.97%,0.23,0.25,0.28,3347,352,9.51,68.73%,71.59%,0.188515,2026-09-18
QCOM,177.72,2026-09-25,6,Call,182.50,-2.69%,2.66,2.67,2.87,1186,125,9.49,47.44%,51.72%,0.358095,2026-09-18
AMD,559.82,2026-09-21,2,Put,547.50,-2.20%,2.58,2.57,2.77,1496,158,9.47,52.39%,44.39%,-0.242224,2026-09-18
UEC,9.81,2027-01-15,118,Put,9.00,-8.26%,0.89,1.1,1.14,3582,380,9.43,67.77%,67.50%,-0.329479,2026-09-18
AMD,559.82,2026-09-23,4,Call,545.00,+2.65%,20.3,20.4,21.1,1698,181,9.38,52.39%,50.62%,0.705536,2026-09-18
MSTR,153.92,2026-09-25,6,Put,142.00,-7.74%,1.46,1.5,1.52,1665,178,9.35,71.41%,73.30%,-0.181299,2026-09-18
SNDK,1791.82,2026-09-25,6,Call,"1,670.00",+6.80%,135.9,139.37,146.5,1082,116,9.33,72.25%,69.14%,0.801064,2026-09-18
MSTR,153.92,2026-09-25,6,Put,143.00,-7.09%,1.67,1.73,1.96,1020,110,9.27,71.41%,75.22%,-0.206997,2026-09-18
PATH,13.39,2026-10-16,27,Call,13.00,+2.91%,0.87,1.08,1.29,1020,110,9.27,57.65%,59.57%,0.61028,2026-09-18
NVDA,222.27,2026-09-21,2,Put,217.50,-2.15%,0.4,0.42,0.42,21762,2365,9.2,32.11%,29.77%,-0.157988,2026-09-18
CRWV,81.36,2026-09-25,6,Call,77.00,+5.36%,5.55,6,5.85,992,108,9.19,75.97%,74.04%,0.736981,2026-09-18
AMAT,444.57,2026-09-25,6,Call,445.00,-0.10%,10,10.8,12.2,1097,120,9.14,51.38%,49.25%,0.509723,2026-09-18
ORCL,147.61,2026-09-25,6,Call,147.00,+0.41%,3.95,4.15,4.15,2231,244,9.14,49.00%,49.24%,0.540945,2026-09-18
AMD,559.82,2026-09-21,2,Call,545.00,+2.65%,16.55,16.77,17.45,3544,389,9.11,52.39%,44.18%,0.800363,2026-09-18
COIN,194.25,2026-09-25,6,Call,192.50,+0.90%,7.7,7.8,8,3682,404,9.11,66.28%,69.58%,0.560704,2026-09-18
MPT,3.4,2028-01-21,489,Call,4.00,-17.65%,0.37,0.45,0.51,12922,1429,9.04,45.21%,49.11%,0.419103,2026-09-18
MU,1015.8,2026-09-25,6,Put,995.00,-2.05%,16.95,17.25,18,1331,148,8.99,59.82%,52.14%,-0.363014,2026-09-18
HOOD,119.82,2026-09-25,6,Call,124.00,-3.49%,2.46,2.5,2.8,3394,378,8.98,63.33%,70.30%,0.371145,2026-09-18
XP,20.01,2026-11-20,62,Put,21.00,+4.95%,2.35,2.25,2.55,2559,286,8.95,55.71%,57.20%,-0.532552,2026-09-18
CIFR,18.34,2026-10-02,13,Put,15.00,-18.21%,0.1,0.21,0.33,5155,576,8.95,95.95%,98.36%,-0.118556,2026-09-18
NRGV,4.49,2027-02-19,153,Call,4.00,+10.91%,1.15,1.34,1.6,2508,281,8.93,95.54%,100.72%,0.701262,2026-09-18
META,665.75,2026-09-21,2,Call,685.00,-2.89%,1.02,1.02,1.2,5178,580,8.93,39.46%,34.01%,0.132953,2026-09-18
TSLA,364.27,2026-09-23,4,Put,367.50,+0.89%,7.4,7.6,7.65,1928,217,8.88,41.14%,38.24%,-0.576605,2026-09-18
NFLX,71.79,2026-09-25,6,Put,70.00,-2.49%,0.45,0.49,0.48,10651,1200,8.88,33.68%,31.90%,-0.257639,2026-09-18
MGNI,25.15,2026-10-16,27,Call,28.00,-11.33%,0.3,0.45,0.55,1231,139,8.86,45.83%,48.52%,0.233551,2026-09-18
AMD,559.82,2026-09-21,2,Call,570.00,-1.82%,3,3.2,3.25,2067,234,8.83,52.39%,42.23%,0.289586,2026-09-18
LMND,47.09,2026-12-18,90,Call,50.00,-6.18%,4.8,5.1,5.2,935,106,8.82,56.11%,64.47%,0.500951,2026-09-18
IREN,46.68,2026-09-25,6,Call,54.00,-15.68%,0.28,0.28,0.3,1674,190,8.81,83.90%,90.14%,0.115555,2026-09-18
DQ,12.07,2026-10-16,27,Put,11.00,-8.86%,0.25,0.28,0.35,1389,158,8.79,58.08%,57.63%,-0.246505,2026-09-18
SMCI,39.09,2026-09-25,6,Call,42.00,-7.44%,0.45,0.47,0.49,37005,4223,8.76,71.15%,71.85%,0.233605,2026-09-18
MRVL,244.25,2026-09-25,6,Call,242.50,+0.72%,8.85,9.05,9.3,3799,434,8.75,66.35%,65.07%,0.553637,2026-09-18
HOOD,119.82,2026-09-25,6,Call,123.00,-2.65%,2.79,2.82,3,3530,404,8.74,63.33%,68.80%,0.4028,2026-09-18
MU,1015.8,2026-09-21,2,Put,965.00,-5.00%,0.98,1,1.08,1458,167,8.73,59.82%,46.72%,-0.066042,2026-09-18
NVDA,222.27,2026-09-21,2,Call,222.50,-0.10%,1.45,1.52,1.59,40809,4696,8.69,32.11%,24.58%,0.484761,2026-09-18
NVDA,222.27,2026-09-23,4,Put,217.50,-2.15%,1.16,1.21,1.23,6673,769,8.68,32.11%,32.86%,-0.255651,2026-09-18
HL,18.92,2026-10-30,41,Call,22.00,-16.28%,0.57,0.58,0.64,1609,186,8.65,60.50%,62.41%,0.275212,2026-09-18
SHOP,128.5,2026-09-25,6,Call,130.00,-1.17%,2.14,2.3,2.5,1795,209,8.59,47.00%,45.06%,0.435766,2026-09-18
MARA,13.24,2026-10-16,27,Call,19.00,-43.50%,0.13,0.14,0.16,1933,225,8.59,85.36%,93.70%,0.100363,2026-09-18
META,665.75,2026-09-21,2,Call,697.50,-4.77%,0.27,0.32,0.34,1275,149,8.56,39.46%,36.11%,0.042463,2026-09-18
MU,1015.8,2026-09-28,9,Call,"1,100.00",-8.29%,6,6.25,6.45,1782,209,8.53,59.82%,48.36%,0.158864,2026-09-18
PLTR,177.64,2026-10-09,20,Call,177.50,+0.08%,7.9,8.02,8.1,2953,348,8.49,49.12%,46.82%,0.531937,2026-09-18
AMD,559.82,2026-09-25,6,Put,502.50,-10.24%,1.12,1.16,1.26,1933,228,8.48,52.39%,57.19%,-0.064576,2026-09-18
AMD,559.82,2026-09-21,2,Call,555.00,+0.86%,9.5,9.7,10,3285,388,8.47,52.39%,42.60%,0.616519,2026-09-18
CSCO,109.51,2026-09-25,6,Call,111.00,-1.36%,0.98,1.15,1.11,2385,282,8.46,31.07%,29.65%,0.371585,2026-09-18
INTC,108.6,2026-09-23,4,Call,107.00,+1.47%,3.55,3.6,3.8,927,110,8.43,63.94%,61.78%,0.60533,2026-09-18
TIGR,4.73,2026-10-09,20,Call,5.00,-5.71%,0.08,0.11,0.12,1574,187,8.42,43.73%,45.03%,0.324508,2026-09-18
NVDA,222.27,2026-09-21,2,Put,222.50,+0.10%,1.85,1.96,2.01,2387,285,8.38,32.11%,27.88%,-0.513192,2026-09-18
O,56.66,2027-03-19,181,Call,57.50,-1.48%,2.35,2.55,2.85,1873,225,8.32,15.75%,17.22%,0.505182,2026-09-18
PLTR,177.64,2026-09-25,6,Call,177.50,+0.08%,4.2,4.43,4.4,9560,1153,8.29,49.12%,46.00%,0.521125,2026-09-18
PURR,14.09,2026-09-25,6,Put,12.50,-11.28%,0.05,0.2,0.35,919,111,8.28,100.34%,109.06%,-0.176146,2026-09-18
IREN,46.68,2027-02-19,153,Call,50.00,-7.11%,9.65,9.6,9.9,6399,775,8.26,83.90%,90.03%,0.579738,2026-09-18
MSTR,153.92,2026-09-25,6,Put,133.00,-13.59%,0.4,0.42,0.43,3318,402,8.25,71.41%,76.47%,-0.061224,2026-09-18
MSFT,493.78,2026-10-09,20,Call,540.00,-9.36%,0.48,0.67,1,5138,625,8.22,25.44%,24.06%,0.062649,2026-09-18
GOOGL,349.54,2026-09-21,2,Put,345.00,-1.30%,0.83,1.08,1.11,4678,570,8.21,31.26%,25.95%,-0.242311,2026-09-18
NFLX,71.79,2026-09-25,6,Put,71.00,-1.10%,0.77,0.8,0.8,7407,903,8.2,33.68%,31.55%,-0.379741,2026-09-18
MSTR,153.92,2026-09-25,6,Call,160.00,-3.95%,3.7,3.8,3.85,24084,2939,8.19,71.41%,78.81%,0.371823,2026-09-18
OPEN,2.56,2026-09-25,6,Call,2.50,+2.34%,0.1,0.11,0.12,7613,934,8.15,83.61%,58.22%,0.641735,2026-09-18
QCOM,177.72,2026-09-25,6,Put,175.00,-1.53%,2.91,3.1,3.25,10750,1324,8.12,47.44%,47.92%,-0.387581,2026-09-18
INTC,108.6,2026-09-21,2,Put,108.00,-0.55%,1.32,1.46,1.41,6002,740,8.11,63.94%,51.76%,-0.433452,2026-09-18
HOOD,119.82,2026-09-25,6,Call,119.00,+0.68%,4.4,4.5,4.5,4503,561,8.03,63.33%,65.35%,0.552108,2026-09-18
PEP,129.75,2026-09-25,6,Call,131.00,-0.96%,0.61,0.8,0.89,819,102,8.03,24.52%,19.28%,0.35162,2026-09-18
INTC,108.6,2026-09-21,2,Put,103.00,-5.16%,0.18,0.21,0.21,1211,151,8.02,63.94%,55.06%,-0.092851,2026-09-18
MSTR,153.92,2026-10-02,13,Call,146.00,+5.15%,12.55,12.3,12.9,1274,159,8.01,71.41%,71.22%,0.680793,2026-09-18
ASST,30.09,2026-09-25,6,Call,32.00,-6.35%,0.51,0.55,0.62,1930,241,8.01,79.68%,81.77%,0.298411,2026-09-18
META,665.75,2026-09-21,2,Call,695.00,-4.39%,0.36,0.4,0.4,2424,303,8,39.46%,35.35%,0.052298,2026-09-18
ZETA,30.23,2026-10-02,13,Call,30.00,+0.76%,1.07,1.41,1.7,1263,158,7.99,61.61%,55.02%,0.554854,2026-09-18
HOOD,119.82,2026-09-25,6,Call,126.00,-5.16%,1.88,1.89,2,1266,159,7.96,63.33%,68.84%,0.301885,2026-09-18
HOOD,119.82,2026-09-25,6,Put,118.00,-1.52%,3.05,3.13,3.35,3547,447,7.94,63.33%,67.00%,-0.410239,2026-09-18
MSTR,153.92,2026-09-25,6,Call,148.00,+3.85%,9.15,9.25,9.4,12734,1605,7.93,71.41%,74.93%,0.67816,2026-09-18
AMD,559.82,2026-09-21,2,Put,537.50,-3.99%,1.06,1.1,1.14,1125,142,7.92,52.39%,46.66%,-0.114967,2026-09-18
TLRY,3.99,2026-09-25,6,Call,4.00,-0.25%,0.1,0.11,0.12,891,113,7.88,66.98%,55.71%,0.503595,2026-09-18
BBWI,17.4,2026-10-16,27,Call,17.50,-0.57%,0.9,1,1.25,795,101,7.87,55.17%,59.84%,0.515814,2026-09-18
META,665.75,2026-10-02,13,Put,540.00,-18.89%,0.17,0.21,0.27,3718,473,7.86,39.46%,49.06%,-0.010197,2026-09-18
NBIS,223.54,2026-09-25,6,Put,220.00,-1.58%,7.2,7.35,7.6,4348,553,7.86,80.64%,80.39%,-0.416348,2026-09-18
LITE,930.91,2026-09-25,6,Call,"1,000.00",-7.42%,12.2,12.6,12.8,6308,803,7.86,72.85%,75.25%,0.245826,2026-09-18
TSLA,364.27,2026-09-21,2,Call,380.00,-4.32%,0.2,0.21,0.22,14431,1837,7.86,41.14%,34.94%,0.053279,2026-09-18
DAL,79.62,2026-09-25,6,Call,84.00,-5.50%,0.27,0.32,0.39,5902,754,7.83,45.05%,40.17%,0.157156,2026-09-18
SMCI,39.09,2026-10-30,41,Put,35.00,-10.46%,1.61,1.79,1.84,820,105,7.81,71.15%,69.61%,-0.272376,2026-09-18
CCJ,91.62,2026-09-25,6,Call,95.00,-3.69%,1.02,1.17,1.47,2095,269,7.79,44.79%,54.02%,0.314969,2026-09-18
NFLX,71.79,2026-09-25,6,Put,68.00,-5.28%,0.14,0.16,0.16,3017,390,7.74,33.68%,33.89%,-0.099795,2026-09-18
MU,1015.8,2026-09-23,4,Call,"1,025.00",-0.91%,15.75,16.6,17,1075,139,7.73,59.82%,48.06%,0.441842,2026-09-18
INTC,108.6,2027-02-19,153,Put,115.00,+5.89%,20.9,21,21.35,1831,237,7.73,63.94%,65.01%,-0.461521,2026-09-18
TSLA,364.27,2026-09-23,4,Call,365.00,-0.20%,5.5,5.55,5.65,7956,1031,7.72,41.14%,38.51%,0.492165,2026-09-18
AMZN,253.71,2026-09-21,2,Call,257.50,-1.49%,0.36,0.49,0.52,8245,1070,7.71,30.81%,22.41%,0.191123,2026-09-18
COIN,194.25,2026-09-25,6,Call,195.00,-0.39%,6.55,6.67,6.75,6765,879,7.7,66.28%,69.99%,0.503415,2026-09-18
CL,87.47,2026-10-16,27,Call,87.50,-0.03%,1.85,2.14,2.45,1061,138,7.69,21.23%,22.44%,0.514988,2026-09-18
MSFT,493.78,2026-09-21,2,Call,490.00,+0.77%,4.9,5.1,5.5,782,102,7.67,25.44%,19.75%,0.706741,2026-09-18
DELL,568.06,2026-10-16,27,Call,420.00,+26.06%,149.9,156,153.5,1208,158,7.65,60.12%,73.46%,0.947408,2026-09-18
MU,1015.8,2026-09-21,2,Put,960.00,-5.49%,0.79,0.79,0.83,1621,212,7.65,59.82%,47.82%,-0.052719,2026-09-18
DT,55.14,2026-10-16,27,Put,50.00,-9.32%,0.55,0.63,1.15,3655,478,7.65,42.11%,47.55%,-0.20054,2026-09-18
AMD,559.82,2026-09-21,2,Put,525.00,-6.22%,0.33,0.34,0.38,1774,233,7.61,52.39%,50.62%,-0.041154,2026-09-18
AMZN,253.71,2026-09-21,2,Call,255.00,-0.51%,0.93,1.15,1.19,21968,2891,7.6,30.81%,21.36%,0.381955,2026-09-18
ESI,32.73,2026-10-16,27,Call,34.00,-3.88%,1,1.05,1.3,773,102,7.58,44.92%,46.62%,0.412087,2026-09-18
NFLX,71.79,2026-10-09,20,Call,75.00,-4.47%,1.01,1.02,1.04,2696,356,7.57,33.68%,32.57%,0.305154,2026-09-18
META,665.75,2026-09-23,4,Call,672.50,-1.01%,7.4,7.85,8.35,995,132,7.54,39.46%,38.72%,0.413056,2026-09-18
SNDK,1791.82,2026-09-25,6,Put,"1,700.00",-5.12%,26,26.6,27.3,2957,392,7.54,72.25%,69.88%,-0.261799,2026-09-18
TOST,29.74,2026-10-16,27,Put,25.00,-15.94%,0.11,0.13,0.15,4059,538,7.54,43.80%,46.66%,-0.073377,2026-09-18
MU,1015.8,2026-09-23,4,Call,"1,050.00",-3.37%,8.3,8.3,8.6,1036,138,7.51,59.82%,49.16%,0.270862,2026-09-18
ALAB,303.25,2026-09-25,6,Call,315.00,-3.87%,5.95,7.25,7.75,1050,140,7.5,76.96%,74.29%,0.364932,2026-09-18
META,665.75,2026-09-21,2,Put,670.00,+0.64%,9,9.59,9.6,3342,447,7.48,39.46%,35.67%,-0.588076,2026-09-18
AMD,559.82,2026-09-21,2,Put,527.50,-5.77%,0.4,0.4,0.5,761,102,7.46,52.39%,49.89%,-0.051157,2026-09-18
AAPL,336.13,2026-09-21,2,Put,332.50,-1.08%,0.65,0.75,0.82,11609,1565,7.42,23.55%,21.05%,-0.237315,2026-09-18
GEMI,5.81,2026-10-23,34,Call,7.00,-20.48%,0.05,0.4,0.7,1052,142,7.41,113.15%,107.55%,0.347123,2026-09-18
GEO,31.76,2026-10-16,27,Call,35.00,-10.20%,0.4,0.51,0.85,20435,2763,7.4,48.43%,49.72%,0.257913,2026-09-18
AVGO,357.61,2026-09-25,6,Call,365.00,-2.07%,2.85,3.2,3.45,7641,1034,7.39,35.69%,32.97%,0.325758,2026-09-18
COIN,194.25,2026-10-02,13,Put,110.00,-43.37%,0.04,0.1,0.1,4016,544,7.38,66.28%,121.49%,-0.004665,2026-09-18
NFLX,71.79,2026-09-25,6,Call,75.00,-4.47%,0.25,0.26,0.26,11571,1570,7.37,33.68%,33.27%,0.161015,2026-09-18
AAPL,336.13,2026-09-21,2,Call,342.50,-1.90%,0.2,0.24,0.24,14908,2024,7.37,23.55%,19.30%,0.097759,2026-09-18
SPCX,152.71,2027-03-19,181,Call,160.00,-4.77%,20.15,21.1,21.85,15093,2047,7.37,50.13%,53.25%,0.546123,2026-09-18
TSLA,364.27,2026-09-23,4,Call,362.50,+0.49%,6,6.95,6.95,3106,424,7.33,41.14%,36.02%,0.56301,2026-09-18
KOD,32.71,2026-10-16,27,Call,33.00,-0.89%,6.6,7.9,9.7,1003,137,7.32,231.84%,235.73%,0.622091,2026-09-18
AMD,559.82,2026-09-21,2,Put,535.00,-4.43%,0.81,0.87,0.91,1404,192,7.31,52.39%,47.13%,-0.092996,2026-09-18
FIGR,35.49,2026-09-25,6,Call,36.50,-2.85%,0.75,1.26,1.6,1467,201,7.3,78.73%,88.15%,0.42601,2026-09-18
ANET,199.39,2026-09-25,6,Call,200.00,-0.31%,4.25,4.62,5,2147,294,7.3,49.63%,47.67%,0.496143,2026-09-18
MU,1015.8,2026-09-21,2,Put,975.00,-4.02%,1.62,1.65,1.77,1813,249,7.28,59.82%,44.77%,-0.104013,2026-09-18
HOOD,119.82,2026-09-25,6,Call,121.00,-0.98%,3.45,3.55,3.65,3911,539,7.26,63.33%,66.29%,0.473764,2026-09-18
AMZN,253.71,2026-09-23,4,Put,237.50,-6.39%,0.06,0.1,0.14,811,112,7.24,30.81%,33.68%,-0.028673,2026-09-18
ABVX,105.04,2026-10-16,27,Put,85.00,-19.08%,1.15,2.2,2.5,1382,191,7.24,78.92%,81.09%,-0.139819,2026-09-18
GOOGL,349.54,2026-09-23,4,Call,360.00,-2.99%,0.95,1.05,1.1,3139,436,7.2,31.26%,29.59%,0.177609,2026-09-18
AMD,559.82,2026-09-21,2,Put,540.00,-3.54%,1.3,1.34,1.42,4162,580,7.18,52.39%,45.80%,-0.138813,2026-09-18
SKM,35.9,2026-10-16,27,Call,35.00,+2.51%,2.7,3,3,2431,339,7.17,59.32%,61.55%,0.593648,2026-09-18
PEP,129.75,2026-10-16,27,Call,130.00,-0.19%,3.45,3.5,3.75,997,139,7.17,24.52%,26.74%,0.499986,2026-09-18
GOOG,344.41,2026-09-25,6,Call,347.50,-0.90%,4,4.05,4.95,2693,376,7.16,31.25%,32.84%,0.429373,2026-09-18
META,665.75,2026-09-21,2,Call,700.00,-5.14%,0.23,0.24,0.24,10576,1484,7.13,39.46%,36.58%,0.033446,2026-09-18
CIFR,18.34,2026-09-25,6,Put,17.50,-4.58%,0.5,0.54,0.58,3259,459,7.1,95.95%,98.50%,-0.330511,2026-09-18
UBER,70.5,2026-09-25,6,Put,73.00,+3.55%,2.66,2.79,2.91,5567,786,7.08,33.58%,31.54%,-0.798862,2026-09-18
MSTR,153.92,2026-09-25,6,Call,149.00,+3.20%,8.6,8.65,8.8,6947,981,7.08,71.41%,75.68%,0.65156,2026-09-18
MSTR,153.92,2026-09-25,6,Put,138.00,-10.34%,0.84,0.86,0.86,1608,228,7.05,71.41%,74.09%,-0.114544,2026-09-18
PYPL,52.41,2026-09-25,6,Call,53.00,-1.13%,0.54,0.54,0.75,2893,411,7.04,30.30%,33.42%,0.408961,2026-09-18
MU,1015.8,2026-09-21,2,Call,"1,080.00",-6.32%,0.47,0.52,0.58,939,134,7.01,59.82%,46.13%,0.038197,2026-09-18
NVDA,222.27,2026-09-25,6,Put,232.50,+4.60%,9.45,11.7,11,909,130,6.99,32.11%,44.00%,-0.778033,2026-09-18
MU,1015.8,2026-09-25,6,Call,995.00,+2.05%,37.5,39,39.35,1738,249,6.98,59.82%,51.30%,0.639236,2026-09-18
NOK,10.68,2026-10-02,13,Put,11.00,+3.00%,0.63,0.7,0.7,1233,177,6.97,59.80%,60.56%,-0.577411,2026-09-18
ORCL,147.61,2026-10-23,34,Call,180.00,-21.94%,1.23,1.15,1.39,3610,518,6.97,49.00%,51.66%,0.121745,2026-09-18
GOOGL,349.54,2026-09-23,4,Call,355.00,-1.56%,2,2.1,2.51,2646,380,6.96,31.26%,30.04%,0.320764,2026-09-18
MU,1015.8,2026-09-23,4,Call,"1,000.00",+1.56%,28.9,29.56,30.05,3032,437,6.94,59.82%,48.40%,0.634023,2026-09-18
BMNR,25.99,2026-09-25,6,Put,26.00,+0.04%,0.94,1.08,1.15,3145,453,6.94,79.08%,78.77%,-0.479563,2026-09-18
SB,9.18,2026-10-16,27,Call,10.00,-8.93%,0.1,0.15,0.15,10076,1452,6.94,35.36%,39.41%,0.229948,2026-09-18
BIRK,30.56,2028-01-21,489,Call,20.00,+34.55%,13.1,13.7,13.9,1421,205,6.93,47.07%,54.18%,0.859137,2026-09-18
IBM,229.55,2026-09-25,6,Call,230.00,-0.20%,3.75,4.1,4.3,823,119,6.92,34.96%,36.04%,0.493103,2026-09-18
MSTR,153.92,2026-09-25,6,Call,144.00,+6.44%,11.7,12,12.2,5568,807,6.9,71.41%,73.26%,0.77716,2026-09-18
AMZN,253.71,2026-09-21,2,Put,250.00,-1.46%,0.36,0.52,0.53,4814,699,6.89,30.81%,22.90%,-0.187277,2026-09-18
SPCX,152.71,2026-09-25,6,Put,147.00,-3.74%,1.63,1.66,1.69,8751,1271,6.89,50.13%,50.76%,-0.265578,2026-09-18
ASTS,58.52,2026-09-25,6,Call,59.00,-0.82%,1.8,1.87,1.93,744,108,6.89,72.24%,69.25%,0.483683,2026-09-18
CELH,28.02,2026-09-25,6,Put,28.50,+1.71%,0.72,0.91,1.21,733,107,6.85,51.28%,49.01%,-0.591779,2026-09-18
INTC,108.6,2026-10-02,13,Put,110.00,+1.29%,5.8,6,6,2923,429,6.81,63.94%,63.62%,-0.515683,2026-09-18
AMD,559.82,2026-09-21,2,Call,550.00,+1.75%,12.85,13,13.35,6174,907,6.81,52.39%,43.04%,0.718293,2026-09-18
TSLA,364.27,2026-09-25,6,Put,372.50,+2.26%,11.9,11.75,12.25,1621,238,6.81,41.14%,39.10%,-0.660175,2026-09-18
CYPH,3.6,2028-01-21,489,Call,7.50,-108.33%,1.75,1.91,2,1453,214,6.79,186.94%,160.59%,0.713516,2026-09-18
NFLX,71.79,2026-09-25,6,Call,70.00,+2.49%,2.26,2.28,2.34,2560,378,6.77,33.68%,32.05%,0.742061,2026-09-18
SECZ,10.86,2026-10-16,27,Call,12.50,-15.10%,0.9,1,1.1,3560,526,6.77,124.38%,133.91%,0.422017,2026-09-18
IREN,46.68,2026-09-25,6,Put,44.50,-4.67%,1,1.01,1.06,1527,226,6.76,83.90%,83.09%,-0.306032,2026-09-18
BTDR,12.97,2026-10-16,27,Put,12.00,-7.48%,0.8,0.92,1.15,4821,715,6.74,95.85%,105.27%,-0.336339,2026-09-18
TSLA,364.27,2026-09-23,4,Call,375.00,-2.95%,2.14,2.19,2.19,6586,977,6.74,41.14%,39.12%,0.24864,2026-09-18
MARA,13.24,2026-09-25,6,Call,13.00,+1.81%,0.71,0.72,0.72,61543,9144,6.73,85.36%,86.92%,0.58911,2026-09-18
BE,265.63,2026-09-25,6,Call,315.00,-18.59%,0.77,1.23,1.04,1587,236,6.72,78.94%,87.18%,0.071621,2026-09-18
META,665.75,2026-09-28,9,Put,675.00,+1.39%,20.25,21,21.5,924,138,6.7,39.46%,38.38%,-0.574929,2026-09-18
SPCX,152.71,2026-09-25,6,Call,152.50,+0.14%,4.05,4.1,4.15,16725,2497,6.7,50.13%,50.60%,0.525057,2026-09-18
GOOGL,349.54,2026-09-21,2,Put,350.00,+0.13%,2.88,3.05,3.3,3590,537,6.69,31.26%,27.92%,-0.518418,2026-09-18
CRWV,81.36,2028-01-21,489,Put,150.00,+84.37%,75.95,76.73,77.5,3052,460,6.63,75.97%,73.81%,-0.627529,2026-09-18
GOOGL,349.54,2026-10-09,20,Call,400.00,-14.44%,0.28,0.47,0.7,809,122,6.63,31.26%,32.87%,0.045492,2026-09-18
AVGO,357.61,2026-09-21,2,Put,350.00,-2.13%,0.51,0.74,0.77,1893,286,6.62,35.69%,29.28%,-0.156271,2026-09-18
BAM,46.06,2027-01-15,118,Put,42.50,-7.73%,1.7,1.75,1.8,4770,721,6.62,30.77%,32.16%,-0.296442,2026-09-18
NBIS,223.54,2026-09-25,6,Call,222.50,+0.47%,9.5,9.65,9.85,1499,227,6.6,80.64%,79.63%,0.54085,2026-09-18
BABA,113.24,2026-09-25,6,Put,106.00,-6.39%,0.57,0.63,0.74,2811,427,6.58,44.38%,53.06%,-0.157252,2026-09-18
SNDK,1791.82,2026-09-25,6,Call,"1,750.00",+2.33%,83.9,86.38,89,3130,476,6.58,72.25%,69.27%,0.624407,2026-09-18
META,665.75,2026-09-21,2,Call,667.50,-0.26%,5.1,5.52,5.95,835,127,6.57,39.46%,32.04%,0.463661,2026-09-18
TMUS,168.18,2026-10-16,27,Call,175.00,-4.06%,3.2,3.41,3.6,1858,284,6.54,34.53%,33.19%,0.349418,2026-09-18
ABVX,105.04,2026-10-16,27,Put,65.00,-38.12%,0.5,0.55,0.7,3930,602,6.53,78.92%,111.92%,-0.041182,2026-09-18
SCHW,105.25,2027-03-19,181,Put,100.00,-4.99%,4.6,4.95,5.2,4035,618,6.53,28.59%,26.97%,-0.336082,2026-09-18
AAPL,336.13,2026-09-23,4,Call,335.00,+0.34%,3.55,3.73,3.85,6492,1002,6.48,23.55%,21.65%,0.569808,2026-09-18
PLTR,177.64,2026-09-25,6,Call,180.00,-1.33%,3.2,3.27,3.3,28470,4391,6.48,49.12%,46.84%,0.428647,2026-09-18
BMNR,25.99,2026-09-25,6,Put,24.50,-5.73%,0.42,0.45,0.58,1055,163,6.47,79.08%,84.55%,-0.27308,2026-09-18
CHPT,10.32,2026-10-16,27,Call,12.00,-16.28%,0.4,0.4,0.55,1388,215,6.46,84.48%,92.19%,0.320761,2026-09-18
MU,1015.8,2026-09-23,4,Put,975.00,-4.02%,6.7,6.65,6.95,839,130,6.45,59.82%,51.48%,-0.213555,2026-09-18
HOOD,119.82,2026-09-25,6,Put,116.00,-3.19%,2.24,2.3,2.35,2070,321,6.45,63.33%,65.29%,-0.331754,2026-09-18
BAM,46.06,2027-01-15,118,Put,35.00,-24.01%,0.35,0.45,0.55,4502,700,6.43,30.77%,38.77%,-0.087377,2026-09-18
CBRS,198.37,2026-09-25,6,Call,210.00,-5.86%,2.55,3.07,3.3,1839,287,6.41,72.44%,69.73%,0.278945,2026-09-18
TSLA,364.27,2026-09-21,2,Put,375.00,+2.95%,10.9,10.85,12.85,2402,376,6.39,41.14%,43.53%,-0.811306,2026-09-18
GOOG,344.41,2026-09-25,6,Call,362.50,-5.25%,0.57,0.79,0.83,3358,526,6.38,31.25%,31.31%,0.107182,2026-09-18
INTC,108.6,2026-09-21,2,Put,106.00,-2.39%,0.65,0.67,0.7,3635,570,6.38,63.94%,52.61%,-0.259227,2026-09-18
GOOGL,349.54,2026-09-21,2,Call,350.00,-0.13%,2.15,2.18,2.35,10892,1709,6.37,31.26%,23.65%,0.477743,2026-09-18
BAM,46.06,2027-01-15,118,Call,55.00,-19.41%,0.65,0.68,0.9,4502,710,6.34,30.77%,31.94%,0.183857,2026-09-18
INTC,108.6,2026-09-30,11,Put,104.00,-4.24%,2.23,2.7,2.81,742,117,6.34,63.94%,60.92%,-0.319159,2026-09-18
META,665.75,2026-10-30,41,Call,650.00,+2.37%,48.45,48.6,50.5,631,100,6.31,39.46%,45.29%,0.601887,2026-09-18
HOOD,119.82,2026-09-25,6,Put,117.00,-2.35%,2.62,2.7,2.9,1307,207,6.31,63.33%,66.73%,-0.371787,2026-09-18
MARA,13.24,2026-09-25,6,Put,12.00,-9.37%,0.14,0.15,0.15,8630,1367,6.31,85.36%,87.10%,-0.173277,2026-09-18
HOOD,119.82,2026-09-25,6,Call,128.00,-6.83%,1.45,1.45,1.48,1312,209,6.28,63.33%,69.08%,0.243602,2026-09-18
BABA,113.24,2026-09-25,6,Call,128.00,-13.03%,0.26,0.26,0.29,1969,314,6.27,44.38%,63.05%,0.070035,2026-09-18
AAOI,105.17,2026-09-25,6,Call,115.00,-9.35%,1.6,1.75,1.85,2210,353,6.26,88.81%,92.78%,0.246109,2026-09-18
IOVA,10.25,2027-03-19,181,Call,5.00,+51.22%,5.2,5.7,6.4,1695,272,6.23,87.17%,107.79%,0.911718,2026-09-18
QUBT,8.7,2026-10-30,41,Call,10.00,-14.94%,0.36,0.44,0.45,678,109,6.22,73.17%,72.22%,0.330996,2026-09-18
AMD,559.82,2026-09-21,2,Put,530.00,-5.33%,0.51,0.55,0.58,2047,330,6.2,52.39%,48.69%,-0.061559,2026-09-18
SMR,8.27,2026-09-25,6,Put,8.00,-3.26%,0.19,0.19,0.2,7404,1197,6.19,78.30%,75.33%,-0.345579,2026-09-18
MSTR,153.92,2026-09-25,6,Put,136.00,-11.64%,0.61,0.64,0.65,709,115,6.17,71.41%,74.61%,-0.088903,2026-09-18
MU,1015.8,2026-09-25,6,Put,"1,005.00",-1.06%,20.9,21.35,22.3,839,136,6.17,59.82%,52.04%,-0.420395,2026-09-18
SHOO,42.11,2026-10-16,27,Put,35.00,-16.88%,0.05,0.34,0.65,3090,502,6.16,45.69%,57.86%,-0.103509,2026-09-18
MSFT,493.78,2026-09-21,2,Call,505.00,-2.27%,0.18,0.2,0.43,3136,509,6.16,25.44%,21.76%,0.084274,2026-09-18
ES,67.72,2026-10-16,27,Call,70.00,-3.37%,0.3,0.37,0.5,1341,218,6.15,20.98%,16.45%,0.231603,2026-09-18
INTC,108.6,2026-09-23,4,Call,108.00,+0.55%,3.05,3.2,3.3,1252,204,6.14,63.94%,62.93%,0.548652,2026-09-18
SPCX,152.71,2026-10-16,27,Put,200.00,+30.97%,44.4,47.3,48.95,1568,256,6.13,50.13%,48.52%,-0.991504,2026-09-18
TSLA,364.27,2026-09-23,4,Call,377.50,-3.63%,1.65,1.7,1.7,1961,320,6.13,41.14%,39.49%,0.202472,2026-09-18
NVDA,222.27,2026-09-23,4,Call,222.50,-0.10%,2.58,2.57,2.72,10485,1718,6.1,32.11%,29.36%,0.497203,2026-09-18
VRNS,47.56,2026-10-16,27,Put,40.00,-15.90%,0.75,1.29,1.7,1102,181,6.09,54.78%,83.01%,-0.186659,2026-09-18
JNJ,269.99,2026-09-25,6,Put,265.00,-1.85%,0.99,1.2,1.68,4379,719,6.09,26.24%,23.82%,-0.262934,2026-09-18
AG,19.84,2026-09-25,6,Put,20.00,+0.81%,0.45,0.65,0.82,1652,272,6.07,58.69%,54.65%,-0.529323,2026-09-18
DELL,568.06,2026-11-20,62,Put,240.00,-57.75%,0.2,0.21,0.25,1291,213,6.06,60.12%,83.00%,-0.00342,2026-09-18
INTC,108.6,2026-09-23,4,Call,109.00,-0.37%,2.61,2.65,2.73,1801,297,6.06,63.94%,62.69%,0.492827,2026-09-18
MSTR,153.92,2026-10-02,13,Call,190.00,-23.44%,1.21,1.33,1.37,1131,187,6.05,71.41%,86.03%,0.113513,2026-09-18
ASTS,58.52,2026-09-25,6,Call,66.00,-12.78%,0.31,0.36,0.39,5322,888,5.99,72.24%,77.96%,0.125577,2026-09-18
QCOM,177.72,2026-09-25,6,Call,187.50,-5.50%,1.35,1.47,1.56,1220,204,5.98,47.44%,51.89%,0.221104,2026-09-18
BIRK,30.56,2026-10-16,27,Put,30.00,-1.83%,0.9,1.1,1.25,3010,504,5.97,47.07%,41.69%,-0.405594,2026-09-18
AMD,559.82,2026-09-21,2,Put,550.00,-1.75%,3.2,3.25,3.4,1519,255,5.96,52.39%,43.94%,-0.28575,2026-09-18
SNDK,1791.82,2026-09-25,6,Put,"1,560.00",-12.94%,4.3,4.7,5,606,102,5.94,72.25%,72.72%,-0.061959,2026-09-18
COIN,194.25,2026-09-25,6,Call,220.00,-13.26%,1.18,1.18,1.2,7081,1194,5.93,66.28%,80.40%,0.125007,2026-09-18
LUV,40.98,2026-10-16,27,Call,47.50,-15.91%,0.18,0.21,0.25,753,127,5.93,40.31%,40.85%,0.103568,2026-09-18
MRVL,244.25,2026-09-25,6,Call,215.00,+11.98%,28.05,27.6,31.65,1349,228,5.92,66.35%,63.93%,0.945652,2026-09-18
NVDA,222.27,2026-09-23,4,Call,220.00,+1.02%,3.95,4.05,4.2,16417,2776,5.91,32.11%,29.72%,0.639348,2026-09-18
RGTI,15.76,2026-10-09,20,Call,17.00,-7.87%,0.47,0.55,0.81,753,128,5.88,71.93%,74.95%,0.369686,2026-09-18
AMC,2.7,2026-11-20,62,Call,3.00,-11.11%,0.28,0.29,0.29,776,132,5.88,77.77%,90.40%,0.457873,2026-09-18
META,665.75,2026-09-21,2,Put,677.50,+1.76%,13.45,14.86,15.65,1646,280,5.88,39.46%,36.78%,-0.734056,2026-09-18
META,665.75,2026-09-21,2,Call,680.00,-2.14%,1.69,1.69,2,7112,1210,5.88,39.46%,33.50%,0.201995,2026-09-18
PLTR,177.64,2026-09-25,6,Call,185.00,-4.14%,1.46,1.67,1.7,28885,4917,5.87,49.12%,45.95%,0.257965,2026-09-18
CSCO,109.51,2026-10-02,13,Call,110.00,-0.45%,1.93,2.2,2.44,699,119,5.87,31.07%,28.87%,0.483412,2026-09-18
BKKT,8.61,2026-10-16,27,Call,9.00,-4.53%,0.5,0.7,0.8,759,130,5.84,100.00%,86.16%,0.475895,2026-09-18
HOOD,119.82,2026-09-25,6,Put,125.00,+4.32%,7.25,7.35,7.4,933,160,5.83,63.33%,68.56%,-0.667565,2026-09-18
AMZN,253.71,2026-09-23,4,Call,260.00,-2.48%,0.78,0.88,0.91,3364,577,5.83,30.81%,27.67%,0.20685,2026-09-18
AMD,559.82,2026-09-23,4,Call,570.00,-1.82%,7.25,7.25,7.55,862,148,5.82,52.39%,49.65%,0.377096,2026-09-18
AVGO,357.61,2026-09-21,2,Put,355.00,-0.73%,1.95,2.2,2.2,1937,333,5.82,35.69%,30.73%,-0.367121,2026-09-18
RKT,12.29,2026-09-25,6,Call,12.50,-1.71%,0.24,0.25,0.28,2053,353,5.82,55.94%,55.56%,0.42313,2026-09-18
AFRM,71.21,2026-09-25,6,Put,68.00,-4.51%,0.5,0.72,0.83,668,115,5.81,52.91%,52.09%,-0.232079,2026-09-18
HRL,20.83,2026-10-16,27,Call,21.00,-0.82%,0.35,0.45,0.55,3804,655,5.81,26.97%,23.94%,0.45519,2026-09-18
SNDK,1791.82,2026-09-25,6,Call,"1,710.00",+4.57%,108.6,115,114.6,713,123,5.8,72.25%,68.74%,0.719463,2026-09-18
MP,47.26,2026-09-25,6,Call,52.00,-10.03%,0.27,0.28,0.4,1716,296,5.8,55.18%,70.28%,0.15643,2026-09-18
PATH,13.39,2026-09-25,6,Call,13.50,-0.82%,0.37,0.4,0.45,822,142,5.79,57.65%,66.81%,0.481763,2026-09-18
SNDK,1791.82,2026-09-25,6,Call,"1,900.00",-6.04%,26.1,27,29.4,2804,484,5.79,72.25%,72.46%,0.281561,2026-09-18
WRBY,22.5,2026-10-16,27,Put,22.50,0.00%,1.25,1.45,1.7,1073,186,5.77,66.84%,61.63%,-0.461698,2026-09-18
DPZ,294.2,2026-12-18,90,Call,480.00,-63.15%,0.1,0.1,1.1,1027,179,5.74,40.32%,47.19%,0.024873,2026-09-18
AMZN,253.71,2026-09-23,4,Put,240.00,-5.40%,0.14,0.17,0.33,1430,249,5.74,30.81%,34.54%,-0.058841,2026-09-18
NBIS,223.54,2026-09-25,6,Call,245.00,-9.60%,2.59,2.67,2.7,3151,550,5.73,80.64%,82.25%,0.208678,2026-09-18
COIN,194.25,2026-09-25,6,Call,207.50,-6.82%,2.7,3,3,1158,203,5.7,66.28%,75.00%,0.26368,2026-09-18
COIN,194.25,2026-09-25,6,Put,175.00,-9.91%,0.9,0.95,0.96,3881,682,5.69,66.28%,68.76%,-0.108582,2026-09-18
INTC,108.6,2026-10-02,13,Call,118.00,-8.66%,2.15,2.15,2.44,812,143,5.68,63.94%,67.96%,0.282797,2026-09-18
ORCL,147.61,2026-10-09,20,Call,148.00,-0.26%,6.5,7,6.95,724,128,5.66,49.00%,49.56%,0.517979,2026-09-18
AAPL,336.13,2026-09-28,9,Call,350.00,-4.13%,0.59,0.67,0.81,1186,210,5.65,23.55%,21.63%,0.125199,2026-09-18
MU,1015.8,2026-09-21,2,Call,"1,030.00",-1.40%,6.2,6.35,6.6,3702,660,5.61,59.82%,40.19%,0.328047,2026-09-18
MRVL,244.25,2026-09-25,6,Put,237.50,-2.76%,4.8,5.25,5.9,662,118,5.61,66.35%,67.74%,-0.354997,2026-09-18
AVGO,357.61,2026-09-21,2,Put,347.50,-2.83%,0.3,0.4,0.62,853,152,5.61,35.69%,32.15%,-0.110646,2026-09-18
AAPL,336.13,2026-09-25,6,Put,350.00,+4.13%,13.9,14.3,15.85,1118,200,5.59,23.55%,31.27%,-0.838374,2026-09-18
KEEL,4.01,2026-09-25,6,Put,4.00,-0.25%,0.18,0.2,0.22,575,103,5.58,97.05%,100.66%,-0.465087,2026-09-18
GOOG,344.41,2026-11-20,62,Call,345.00,-0.17%,20.15,20.67,21.5,3705,665,5.57,31.25%,35.62%,0.540277,2026-09-18
BE,265.63,2026-09-25,6,Call,245.00,+7.77%,23.3,24.08,24.85,2420,435,5.56,78.94%,81.30%,0.797746,2026-09-18
GOOGL,349.54,2026-10-30,41,Call,350.00,-0.13%,17,17.2,18.15,1828,329,5.56,31.26%,36.72%,0.532691,2026-09-18
ASX,41.63,2026-10-16,27,Put,40.00,-3.92%,1.5,1.65,1.9,5718,1032,5.54,54.18%,55.15%,-0.364717,2026-09-18
TSLA,364.27,2026-09-23,4,Call,380.00,-4.32%,1.27,1.3,1.31,6382,1151,5.54,41.14%,39.92%,0.163229,2026-09-18
NVO,43.24,2026-10-09,20,Call,44.00,-1.76%,1.19,1.34,1.31,652,118,5.53,37.30%,40.33%,0.436183,2026-09-18
BULL,8.25,2026-09-25,6,Call,8.50,-3.03%,0.16,0.18,0.19,8809,1593,5.53,63.10%,65.56%,0.379758,2026-09-18
NFLX,71.79,2026-10-02,13,Call,75.00,-4.47%,0.64,0.66,0.67,3053,553,5.52,33.68%,32.59%,0.254779,2026-09-18
INTC,108.6,2026-09-23,4,Call,111.00,-2.21%,1.8,1.88,1.94,3204,583,5.5,63.94%,63.25%,0.385187,2026-09-18
CLSK,14.47,2026-11-20,62,Call,16.00,-10.57%,1.29,1.4,1.69,1093,199,5.49,79.72%,85.78%,0.464231,2026-09-18
MSFT,493.78,2026-09-21,2,Call,502.50,-1.77%,0.35,0.4,0.46,1350,246,5.49,25.44%,19.54%,0.11663,2026-09-18
RBLX,47.82,2026-09-25,6,Put,48.00,+0.38%,1.33,1.41,1.69,570,104,5.48,59.56%,58.44%,-0.502554,2026-09-18
OCGN,1.06,2026-10-16,27,Call,1.0000,+5.66%,0.1,0.16,0.2,2538,463,5.48,121.11%,104.29%,0.639359,2026-09-18
BABA,113.24,2026-10-02,13,Call,100.00,+11.69%,13.3,13.75,14.3,579,106,5.46,44.38%,53.68%,0.898852,2026-09-18
SOUN,5.93,2026-11-20,62,Call,7.00,-18.04%,0.39,0.39,0.42,693,127,5.46,60.85%,77.68%,0.367501,2026-09-18
SPIR,11.4,2027-01-15,118,Call,22.00,-92.98%,0.25,0.39,0.5,917,168,5.46,73.60%,89.04%,0.153636,2026-09-18
AMZN,253.71,2026-09-25,6,Call,240.00,+5.40%,13.85,14.27,14.65,1369,251,5.45,30.81%,31.98%,0.91771,2026-09-18
META,665.75,2028-06-16,636,Put,50.00,-92.49%,0,0.22,2.42,544,100,5.44,39.46%,95.35%,-0.003117,2026-09-18
CRWD,237.65,2026-10-16,27,Call,242.50,-2.04%,11.1,11.9,11.75,1252,230,5.44,52.31%,51.64%,0.478253,2026-09-18
NFLX,71.79,2026-10-02,13,Put,71.00,-1.10%,1.26,1.3,1.34,955,176,5.43,33.68%,31.65%,-0.407989,2026-09-18
TSLA,364.27,2026-09-23,4,Put,352.50,-3.23%,1.72,1.74,1.78,1663,306,5.43,41.14%,39.31%,-0.20398,2026-09-18
GEMI,5.81,2026-10-02,13,Call,5.00,+13.94%,0.85,0.9,1.15,1054,195,5.41,113.15%,120.15%,0.782693,2026-09-18
META,665.75,2028-06-16,636,Put,60.00,-90.99%,0.04,0.21,0.42,544,101,5.39,39.46%,71.43%,-0.001002,2026-09-18
SPCX,152.71,2026-10-30,41,Put,150.00,-1.77%,8.45,8.7,8.65,1850,343,5.39,50.13%,50.03%,-0.416888,2026-09-18
TLRY,3.99,2026-10-02,13,Put,4.00,+0.25%,0.01,0.22,0.49,554,103,5.38,66.98%,82.34%,-0.472834,2026-09-18
GLW,150.13,2026-09-25,6,Put,142.00,-5.42%,1.32,1.42,1.54,581,108,5.38,58.19%,58.32%,-0.215411,2026-09-18
VZ,48.09,2026-10-09,20,Call,48.00,+0.19%,0.89,0.97,1.12,619,115,5.38,23.24%,21.97%,0.516953,2026-09-18
VSAT,76.38,2026-10-16,27,Put,65.00,-14.90%,1,1.2,1.45,731,136,5.38,70.05%,65.76%,-0.157457,2026-09-18
HPQ,34.4,2026-10-02,13,Put,32.00,-6.98%,0.29,0.46,0.4,770,143,5.38,49.72%,47.10%,-0.194989,2026-09-18
ETSY,72.6,2028-01-21,489,Call,85.00,-17.08%,13.7,14.15,14.6,950,177,5.37,45.37%,51.21%,0.548559,2026-09-18
NBIS,223.54,2026-10-09,20,Call,225.00,-0.65%,15.1,15.9,18.4,1346,251,5.36,80.64%,82.59%,0.529203,2026-09-18
IBKR,90.69,2027-03-19,181,Call,90.00,+0.76%,10.9,11.1,12.6,1021,191,5.35,36.09%,42.26%,0.591604,2026-09-18
AAPL,336.13,2026-09-23,4,Put,325.00,-3.31%,0.41,0.49,0.49,1730,324,5.34,23.55%,25.91%,-0.10254,2026-09-18
AAPL,336.13,2026-09-21,2,Put,335.00,-0.34%,1.29,1.65,1.7,12990,2433,5.34,23.55%,20.51%,-0.405405,2026-09-18
XOM,163.54,2026-09-25,6,Call,175.00,-7.01%,0.11,0.13,0.23,10462,1964,5.33,29.11%,33.09%,0.0581,2026-09-18
META,665.75,2026-09-25,6,Call,692.50,-4.02%,5.15,5.35,5.7,1649,310,5.32,39.46%,43.45%,0.25153,2026-09-18
O,56.66,2026-12-18,90,Put,65.00,+14.72%,8.1,8.73,8.8,817,154,5.31,15.75%,21.05%,-0.914971,2026-09-18
FLUT,89.56,2026-12-18,90,Put,90.00,+0.49%,8.4,8.6,9,1536,289,5.31,48.20%,50.04%,-0.447692,2026-09-18
AMZN,253.71,2026-09-21,2,Put,255.00,+0.51%,2.37,2.57,2.75,3284,618,5.31,30.81%,24.91%,-0.601807,2026-09-18
MSTR,153.92,2026-09-25,6,Call,210.00,-36.43%,0.14,0.15,0.16,2958,558,5.3,71.41%,112.94%,0.019287,2026-09-18
CRWV,81.36,2027-09-17,363,Call,115.00,-41.35%,16.25,16.2,16.9,620,117,5.3,75.97%,78.08%,0.498328,2026-09-18
U,41.4,2026-09-25,6,Call,42.00,-1.45%,0.69,0.85,0.98,587,111,5.29,53.68%,51.54%,0.430252,2026-09-18
LCID,4.09,2027-03-19,181,Put,4.00,-2.20%,0.85,1.09,1.37,1004,190,5.28,85.22%,107.80%,-0.335022,2026-09-18
APLD,28.12,2026-09-25,6,Call,26.50,+5.76%,1.94,1.91,2.2,2646,501,5.28,90.94%,75.73%,0.747269,2026-09-18
MARA,13.24,2026-09-25,6,Call,14.00,-5.74%,0.32,0.32,0.33,24381,4618,5.28,85.36%,90.66%,0.338342,2026-09-18
BMNR,25.99,2026-09-25,6,Put,25.50,-1.89%,0.8,0.8,0.87,3331,632,5.27,79.08%,81.14%,-0.405318,2026-09-18
NOK,10.68,2026-09-25,6,Put,10.50,-1.69%,0.23,0.25,0.25,7035,1336,5.27,59.80%,59.78%,-0.39562,2026-09-18
IBM,229.55,2026-11-20,62,Call,325.00,-41.58%,0.7,0.75,0.87,732,139,5.27,34.96%,47.14%,0.04574,2026-09-18
AVGO,357.61,2026-09-23,4,Call,355.00,+0.73%,4.85,6.2,6.85,754,143,5.27,35.69%,29.27%,0.604383,2026-09-18
MSTR,153.92,2026-09-25,6,Call,190.00,-23.44%,0.26,0.44,0.47,1644,312,5.27,71.41%,95.31%,0.048731,2026-09-18
AMD,559.82,2026-09-21,2,Call,590.00,-5.39%,0.41,0.4,0.45,547,104,5.26,52.39%,44.02%,0.056029,2026-09-18
SNDK,1791.82,2026-09-25,6,Put,"1,605.00",-10.43%,7.9,8.7,8.9,689,131,5.26,72.25%,71.05%,-0.103771,2026-09-18
LUNR,13.92,2026-10-02,13,Put,13.00,-6.61%,0.23,0.44,0.46,1788,340,5.26,85.30%,70.95%,-0.278917,2026-09-18
PLTR,177.64,2026-09-25,6,Call,182.50,-2.74%,2.3,2.36,2.39,10610,2017,5.26,49.12%,46.82%,0.341012,2026-09-18
AVGO,357.61,2026-09-21,2,Call,367.50,-2.77%,0.25,0.4,0.43,1586,302,5.25,35.69%,28.09%,0.097816,2026-09-18
SNDK,1791.82,2026-09-25,6,Put,"1,000.00",-44.19%,0.1,0.3,0.3,1700,324,5.25,72.25%,161.69%,-0.001756,2026-09-18
SDGR,29.02,2026-10-16,27,Call,35.00,-20.61%,0.9,1.1,1.1,2084,397,5.25,85.98%,89.63%,0.262445,2026-09-18
WFC,86.12,2027-06-17,271,Put,90.00,+4.51%,8.95,9.3,10.25,3001,573,5.24,29.77%,27.32%,-0.510139,2026-09-18
AVGO,357.61,2026-09-21,2,Call,362.50,-1.37%,0.65,1.15,1.2,3204,612,5.24,35.69%,25.16%,0.238408,2026-09-18
TSLA,364.27,2026-09-25,6,Call,372.50,-2.26%,4.15,4.21,4.25,4243,810,5.24,41.14%,40.02%,0.345232,2026-09-18
META,665.75,2026-09-21,2,Put,657.50,-1.24%,3.1,3.46,3.55,539,103,5.23,39.46%,34.25%,-0.304708,2026-09-18
AMD,559.82,2026-09-23,4,Put,547.50,-2.20%,6.4,6.55,6.7,816,156,5.23,52.39%,50.90%,-0.326063,2026-09-18
MSTR,153.92,2026-09-25,6,Call,200.00,-29.94%,0.24,0.25,0.26,3485,667,5.22,71.41%,106.12%,0.031997,2026-09-18
MSTR,153.92,2026-09-25,6,Call,170.00,-10.45%,1.73,1.73,1.79,7720,1483,5.21,71.41%,85.22%,0.197814,2026-09-18
BKNG,167.9,2026-09-25,6,Call,180.00,-7.21%,0,0.5,0.7,708,136,5.21,37.79%,39.56%,0.090386,2026-09-18
BE,265.63,2026-09-25,6,Call,272.50,-2.59%,7.65,7.95,8.2,728,140,5.2,78.94%,79.66%,0.423418,2026-09-18
TSM,434.67,2026-09-25,6,Call,437.50,-0.65%,4.9,4.95,6.15,1274,245,5.2,32.90%,30.29%,0.446149,2026-09-18
MSTR,153.92,2026-10-16,27,Call,155.00,-0.70%,11.5,11.7,11.7,11248,2162,5.2,71.41%,71.39%,0.52985,2026-09-18
SPCX,152.71,2026-09-25,6,Call,155.00,-1.50%,2.95,2.97,3,42181,8111,5.2,50.13%,50.57%,0.425445,2026-09-18
AMD,559.82,2026-09-21,2,Call,567.50,-1.37%,3.7,3.76,4,846,163,5.19,52.39%,42.01%,0.338611,2026-09-18
CSCO,109.51,2026-09-25,6,Put,107.00,-2.29%,0.66,0.66,0.82,913,176,5.19,31.07%,31.09%,-0.27112,2026-09-18
NBIS,223.54,2026-09-25,6,Put,217.50,-2.70%,6.15,6.35,6.65,617,119,5.18,80.64%,81.19%,-0.374455,2026-09-18
DKNG,21.75,2026-09-25,6,Put,22.50,+3.45%,1,1.09,1.09,4021,776,5.18,53.77%,53.51%,-0.675198,2026-09-18
TSLA,364.27,2026-09-25,6,Put,367.50,+0.89%,8.9,8.9,9.05,2564,496,5.17,41.14%,39.32%,-0.556122,2026-09-18
PCG,13.2,2027-09-17,363,Call,20.00,-51.52%,0.65,0.72,0.9,1001,194,5.16,41.53%,45.83%,0.261481,2026-09-18
UNH,376.9,2026-09-25,6,Call,375.00,+0.50%,6.25,6.65,7.1,633,123,5.15,39.86%,29.31%,0.562752,2026-09-18
TSLA,364.27,2026-09-25,6,Call,365.00,-0.20%,7.1,7.2,7.25,15105,2945,5.13,41.14%,39.85%,0.499214,2026-09-18
COIN,194.25,2026-09-25,6,Put,190.00,-2.19%,4.65,4.75,4.85,3391,662,5.12,66.28%,68.25%,-0.381186,2026-09-18
COIN,194.25,2026-09-25,6,Put,182.50,-6.05%,2.2,2.2,2.31,818,160,5.11,66.28%,67.96%,-0.221899,2026-09-18
NBIS,223.54,2026-09-25,6,Call,232.50,-4.01%,5.5,5.65,5.65,869,170,5.11,80.64%,80.07%,0.372303,2026-09-18
SGMT,11.09,2026-10-16,27,Call,15.00,-35.26%,0.05,0.1,3.9,920,180,5.11,74.01%,260.73%,0.473053,2026-09-18
RIOT,23.75,2026-09-25,6,Call,23.50,+1.05%,1.08,1.14,1.23,3616,710,5.09,82.44%,84.28%,0.562574,2026-09-18
PEP,129.75,2026-12-18,90,Call,130.00,-0.19%,5.9,6.3,6.15,600,118,5.08,24.52%,24.44%,0.509878,2026-09-18
TSLA,364.27,2026-09-23,4,Call,387.50,-6.38%,0.57,0.6,0.6,727,143,5.08,41.14%,41.58%,0.082345,2026-09-18
TGTX,56.87,2026-10-16,27,Call,75.00,-31.88%,0.25,0.35,0.4,2720,537,5.07,56.30%,66.13%,0.075845,2026-09-18
CIFR,18.34,2026-10-02,13,Put,16.50,-10.03%,0.51,0.51,0.57,2865,565,5.07,95.95%,96.11%,-0.248299,2026-09-18
TSLA,364.27,2026-09-25,6,Call,380.00,-4.32%,2.3,2.32,2.35,21057,4152,5.07,41.14%,40.61%,0.219282,2026-09-18
MSTR,153.92,2026-10-02,13,Put,106.00,-31.13%,0.19,0.22,0.25,678,134,5.06,71.41%,100.47%,-0.019309,2026-09-18
AVGO,357.61,2026-09-25,6,Call,372.50,-4.16%,1.34,1.6,1.73,704,139,5.06,35.69%,34.08%,0.183763,2026-09-18
IBM,229.55,2026-09-25,6,Call,242.50,-5.64%,0.59,0.65,0.75,911,180,5.06,34.96%,36.70%,0.126993,2026-09-18
TSLA,364.27,2026-09-30,11,Call,362.50,+0.49%,10.65,10.78,10.95,566,112,5.05,41.14%,38.49%,0.548827,2026-09-18
SKHY,187.5,2026-10-02,13,Put,152.50,-18.67%,0.19,0.42,0.62,859,170,5.05,59.97%,65.68%,-0.041052,2026-09-18
META,665.75,2028-12-15,818,Put,60.00,-90.99%,0.1,0.3,0.59,544,108,5.04,39.46%,66.52%,-0.001359,2026-09-18
NKE,35.51,2026-09-25,6,Call,35.50,+0.03%,0.65,0.67,0.68,1412,280,5.04,47.93%,36.49%,0.510424,2026-09-18
HAPN,16.18,2027-01-15,118,Call,17.00,-5.07%,1.3,1.6,2.35,589,117,5.03,50.56%,56.84%,0.518787,2026-09-18
A,156.47,2026-10-16,27,Put,150.00,-4.13%,1.8,2.31,2.5,614,122,5.03,28.29%,28.87%,-0.273735,2026-09-18
GOOGL,349.54,2028-12-15,818,Call,275.00,+21.33%,126.5,131.3,131,744,148,5.03,31.26%,39.87%,0.797547,2026-09-18
PLTR,177.64,2026-10-09,20,Put,175.00,-1.49%,6.3,6.35,6.5,1455,289,5.03,49.12%,47.35%,-0.418824,2026-09-18
BKNG,167.9,2027-04-16,209,Put,200.00,+19.12%,32.8,37.67,44.1,502,100,5.02,37.79%,37.25%,-0.680321,2026-09-18
CAT,808.99,2026-09-25,6,Put,760.00,-6.06%,1.1,1.68,2.38,652,130,5.02,35.94%,37.82%,-0.093139,2026-09-18
CRM,237.92,2026-09-25,6,Put,215.00,-9.63%,0.09,0.15,0.22,843,168,5.02,38.63%,42.82%,-0.030027,2026-09-18
BE,265.63,2026-09-25,6,Put,265.00,-0.24%,9.65,10.7,11.05,1465,292,5.02,78.94%,79.13%,-0.468563,2026-09-18
NVDA,222.27,2026-09-21,2,Call,225.00,-1.23%,0.6,0.66,0.67,35633,7110,5.01,32.11%,24.86%,0.259499,2026-09-18
CRM,237.92,2026-09-25,6,Call,247.50,-4.03%,1.25,1.41,1.43,826,165,5.01,38.63%,37.11%,0.213014,2026-09-18
PENN,16.45,2026-10-16,27,Call,16.00,+2.74%,0.6,1.1,1.4,1342,268,5.01,43.09%,41.38%,0.628017,2026-09-18
TSLA,364.27,2026-09-23,4,Put,340.00,-6.66%,0.42,0.43,0.45,2778,557,4.99,41.14%,43.25%,-0.060141,2026-09-18
F,13.21,2026-10-02,13,Call,13.50,-2.20%,0.2,0.22,0.23,5644,1134,4.98,34.22%,34.04%,0.377847,2026-09-18
HOOD,119.82,2026-09-25,6,Call,133.00,-11.00%,0.67,0.75,0.79,512,103,4.97,63.33%,71.07%,0.137127,2026-09-18
META,665.75,2026-09-21,2,Put,675.00,+1.39%,11.55,12.5,14.55,1561,315,4.96,39.46%,38.50%,-0.679347,2026-09-18
ASTS,58.52,2026-09-25,6,Call,60.00,-2.53%,1.43,1.43,1.5,2015,407,4.95,72.24%,69.63%,0.409623,2026-09-18
DIS,102.67,2026-09-25,6,Call,106.00,-3.24%,0.23,0.27,0.3,623,126,4.94,25.40%,24.45%,0.158896,2026-09-18
RIOT,23.75,2026-10-02,13,Put,22.00,-7.37%,0.5,0.7,0.78,572,116,4.93,82.44%,78.28%,-0.274382,2026-09-18
SKHY,187.5,2026-09-25,6,Put,190.00,+1.33%,6.75,6.85,6.9,926,188,4.93,59.97%,57.43%,-0.554449,2026-09-18
NVDA,222.27,2029-01-19,853,Call,310.00,-39.47%,34.45,34.8,35.8,942,191,4.93,32.11%,40.66%,0.462045,2026-09-18
SNDK,1791.82,2026-09-25,6,Call,"1,800.00",-0.46%,59.2,60.78,62,4385,890,4.93,72.25%,69.82%,0.500211,2026-09-18
O,56.66,2026-10-16,27,Call,57.50,-1.48%,0.55,0.64,0.65,2384,485,4.92,15.75%,15.10%,0.379029,2026-09-18
SKHY,187.5,2026-10-02,13,Put,180.00,-4.00%,4.5,5.1,5.8,668,136,4.91,59.97%,61.16%,-0.336906,2026-09-18
INTC,108.6,2026-09-23,4,Put,106.00,-2.39%,1.55,1.69,1.7,1143,233,4.91,63.94%,61.24%,-0.339134,2026-09-18
TSLA,364.27,2026-09-23,4,Call,360.00,+1.17%,8.2,8.3,8.4,1870,381,4.91,41.14%,38.56%,0.626354,2026-09-18
NUCL,6.28,2026-12-18,90,Call,6.00,+4.46%,0.6,0.7,1.15,706,144,4.9,128.38%,57.51%,0.631479,2026-09-18
SBUX,95.83,2026-09-25,6,Put,97.00,+1.22%,1.2,1.85,2.2,577,118,4.89,27.81%,20.70%,-0.669748,2026-09-18
GOOGL,349.54,2026-09-23,4,Call,357.50,-2.28%,1.42,1.74,1.74,827,169,4.89,31.26%,30.07%,0.245756,2026-09-18
AVGO,357.61,2026-09-23,4,Call,362.50,-1.37%,2.76,2.87,3.1,701,144,4.87,35.69%,32.97%,0.356737,2026-09-18
GOOGL,349.54,2026-09-21,2,Call,345.00,+1.30%,4.9,5.14,5.5,2256,463,4.87,31.26%,21.08%,0.804425,2026-09-18
MSFT,493.78,2026-09-21,2,Call,507.50,-2.78%,0.09,0.12,0.14,909,187,4.86,25.44%,20.68%,0.038148,2026-09-18
U,41.4,2026-09-25,6,Call,45.00,-8.70%,0.11,0.18,0.2,917,189,4.85,53.68%,52.68%,0.11661,2026-09-18
LULU,98.06,2026-09-25,6,Put,96.00,-2.10%,0.72,1.21,1.31,924,191,4.84,40.49%,38.01%,-0.318961,2026-09-18
APPS,10.66,2027-01-15,118,Put,11.00,+3.19%,2.1,2.18,2.3,585,121,4.83,78.88%,86.20%,-0.421483,2026-09-18
HOOD,119.82,2026-10-02,13,Put,119.00,-0.68%,5.1,4.55,5.3,657,136,4.83,63.33%,63.09%,-0.449883,2026-09-18
CVNA,65.11,2026-10-16,27,Call,65.00,+0.17%,4.1,4.38,4.3,710,147,4.83,59.61%,57.60%,0.542315,2026-09-18
ABCL,12.63,2026-11-20,62,Call,14.00,-10.85%,1.3,1.35,1.95,549,114,4.82,87.25%,101.97%,0.492042,2026-09-18
NVDA,222.27,2026-09-23,4,Call,217.50,+2.15%,5.65,5.86,5.95,4056,841,4.82,32.11%,29.60%,0.766346,2026-09-18
INTC,108.6,2026-09-25,6,Call,109.00,-0.37%,3.45,3.5,3.75,4096,852,4.81,63.94%,67.78%,0.502806,2026-09-18
MKSI,252.08,2026-10-16,27,Put,230.00,-8.76%,5.6,7.5,7.8,572,119,4.81,55.52%,59.18%,-0.253625,2026-09-18
HOOD,119.82,2026-10-09,20,Put,108.00,-9.86%,2.2,2.35,2.31,547,114,4.8,63.33%,62.15%,-0.212193,2026-09-18
DIS,102.67,2026-09-25,6,Put,102.00,-0.65%,0.85,1,1.08,763,159,4.8,25.40%,24.40%,-0.409569,2026-09-18
NVDA,222.27,2026-09-23,4,Put,220.00,-1.02%,1.9,1.94,2.05,3696,770,4.8,32.11%,32.50%,-0.371637,2026-09-18
AAPL,336.13,2026-09-25,6,Call,337.50,-0.41%,3.25,3.4,3.6,10788,2254,4.79,23.55%,23.17%,0.45865,2026-09-18
XE,15.77,2026-09-25,6,Put,15.00,-4.88%,0.2,0.29,0.45,907,190,4.77,81.43%,81.44%,-0.295746,2026-09-18
F,13.21,2026-10-02,13,Call,13.00,+1.59%,0.44,0.45,0.47,963,202,4.77,34.22%,34.70%,0.6073,2026-09-18
GFS,47.82,2027-01-15,118,Call,130.00,-171.85%,0,0.11,0.15,600,126,4.76,56.95%,71.37%,0.012558,2026-09-18
AMD,559.82,2026-09-21,2,Call,580.00,-3.60%,1.18,1.18,1.27,1275,268,4.76,52.39%,42.96%,0.137493,2026-09-18
AMD,559.82,2026-09-21,2,Call,565.00,-0.93%,4.6,4.55,4.8,2079,437,4.76,52.39%,41.80%,0.39135,2026-09-18
MSTR,153.92,2026-09-25,6,Put,137.00,-10.99%,0.65,0.74,0.75,2147,451,4.76,71.41%,73.39%,-0.098426,2026-09-18
AU,103.29,2026-10-16,27,Call,130.00,-25.86%,0,0.48,0.65,1956,412,4.75,51.63%,51.12%,0.055942,2026-09-18
PR,22.76,2027-01-15,118,Put,18.00,-20.91%,0.3,0.35,0.45,564,119,4.74,38.70%,41.07%,-0.127233,2026-09-18
LULU,98.06,2026-09-25,6,Call,102.00,-4.02%,0.57,0.77,0.99,1183,250,4.73,40.49%,42.94%,0.249114,2026-09-18
SPCX,152.71,2026-09-25,6,Put,143.00,-6.36%,0.8,0.87,0.85,5785,1225,4.72,50.13%,51.88%,-0.151725,2026-09-18
AMD,559.82,2026-09-25,6,Put,550.00,-1.75%,10.2,10.33,10.5,978,207,4.72,52.39%,52.39%,-0.380349,2026-09-18
ASTS,58.52,2026-10-23,34,Call,80.00,-36.71%,0.77,0.85,1,1346,285,4.72,72.24%,81.96%,0.133246,2026-09-18
TSLA,364.27,2026-09-30,11,Call,365.00,-0.20%,9.5,9.73,9.7,1979,420,4.71,41.14%,38.70%,0.508005,2026-09-18
INTC,108.6,2027-02-19,153,Put,95.00,-12.52%,10.25,10.2,10.5,5257,1119,4.7,63.94%,64.66%,-0.288841,2026-09-18
HOOD,119.82,2026-09-25,6,Call,118.00,+1.52%,4.9,5.04,5.1,6092,1295,4.7,63.33%,65.54%,0.591457,2026-09-18
DKS,121.15,2026-10-09,20,Call,125.00,-3.18%,2.6,3.2,3.4,675,144,4.69,41.81%,40.83%,0.388415,2026-09-18
TSLA,364.27,2026-09-28,9,Call,370.00,-1.57%,5.9,6,6.1,1521,326,4.67,41.14%,36.66%,0.410271,2026-09-18
GDS,32.79,2026-10-16,27,Call,34.00,-3.69%,1.2,1.53,1.7,2186,468,4.67,56.00%,54.19%,0.438803,2026-09-18
GOOG,344.41,2026-09-25,6,Call,367.50,-6.70%,0.44,0.46,0.49,820,176,4.66,31.25%,33.75%,0.071441,2026-09-18
CLX,83.1,2026-10-16,27,Call,85.00,-2.29%,2.05,2.3,2.4,1085,233,4.66,32.32%,34.43%,0.415919,2026-09-18
AMD,559.82,2026-09-21,2,Put,532.50,-4.88%,0.64,0.73,0.73,1319,284,4.64,52.39%,47.90%,-0.075793,2026-09-18
PURR,14.09,2026-09-25,6,Call,14.00,+0.64%,0.8,0.75,0.9,1941,418,4.64,100.34%,111.47%,0.547947,2026-09-18
AVGO,357.61,2026-09-21,2,Call,360.00,-0.67%,1.6,1.75,1.94,5481,1180,4.64,35.69%,26.26%,0.372651,2026-09-18
TSLA,364.27,2026-09-25,6,Put,375.00,+2.95%,13.65,13.65,14,2699,584,4.62,41.14%,39.08%,-0.708149,2026-09-18
GLW,150.13,2026-10-23,34,Put,125.00,-16.74%,1.33,1.73,2,734,159,4.62,58.19%,56.24%,-0.121411,2026-09-18
ASTS,58.52,2026-09-25,6,Call,62.00,-5.95%,0.85,0.96,1,945,205,4.61,72.24%,72.67%,0.285323,2026-09-18
MU,1015.8,2026-09-21,2,Call,985.00,+3.03%,32.15,33.55,34.45,1679,364,4.61,59.82%,40.30%,0.854012,2026-09-18
NFLX,71.79,2026-10-02,13,Call,73.00,-1.69%,1.23,1.25,1.26,1292,281,4.6,33.68%,32.07%,0.411148,2026-09-18
MSTR,153.92,2026-10-02,13,Call,150.00,+2.55%,10.25,10.4,10.5,7391,1606,4.6,71.41%,71.37%,0.605844,2026-09-18
INTC,108.6,2026-09-23,4,Put,107.00,-1.47%,1.94,2.01,2.08,1271,277,4.59,63.94%,61.10%,-0.394084,2026-09-18
MRVL,244.25,2026-09-25,6,Call,237.50,+2.76%,10.35,11.95,12.25,705,154,4.58,66.35%,59.68%,0.659875,2026-09-18
DELL,568.06,2026-09-25,6,Call,575.00,-1.22%,14.3,14.88,16.05,1246,272,4.58,60.12%,62.65%,0.458349,2026-09-18
SNDK,1791.82,2026-09-25,6,Call,"1,650.00",+7.91%,151.7,157.41,164.1,1918,419,4.58,72.25%,70.56%,0.832339,2026-09-18
C,131.77,2026-10-02,13,Call,141.00,-7.00%,0.31,0.44,0.45,630,138,4.57,32.19%,28.65%,0.112426,2026-09-18
MU,1015.8,2026-09-21,2,Call,"1,070.00",-5.34%,0.83,0.88,0.88,823,180,4.57,59.82%,44.53%,0.060016,2026-09-18
AMZN,253.71,2026-09-23,4,Call,255.00,-0.51%,2.21,2.35,2.48,7836,1715,4.57,30.81%,27.31%,0.440701,2026-09-18
DVA,183.86,2026-10-16,27,Call,195.00,-6.06%,1.3,2.1,2.75,2866,629,4.56,34.80%,28.60%,0.247357,2026-09-18
TSM,434.67,2026-10-02,13,Put,425.00,-2.22%,4.95,6.88,5.95,720,158,4.56,32.90%,29.88%,-0.328826,2026-09-18
VICI,23.72,2026-12-18,90,Put,22.50,-5.14%,0.45,0.46,0.5,1524,334,4.56,19.56%,19.72%,-0.302669,2026-09-18
AVGO,357.61,2026-09-21,2,Call,370.00,-3.46%,0.21,0.25,0.35,2541,559,4.55,35.69%,31.61%,0.075318,2026-09-18
ORCL,147.61,2026-09-25,6,Call,146.00,+1.09%,4.5,4.67,4.65,2953,652,4.53,49.00%,49.08%,0.583717,2026-09-18
GOOG,344.41,2026-09-25,6,Put,347.50,+0.90%,6.65,6.91,7.2,752,166,4.53,31.25%,30.16%,-0.579711,2026-09-18
MSTR,153.92,2026-09-25,6,Call,100.00,+35.03%,53.65,54.15,54.3,775,171,4.53,71.41%,161.22%,0.985826,2026-09-18
BKNG,167.9,2026-10-02,13,Put,155.00,-7.68%,0.2,0.85,1,1005,222,4.53,37.79%,35.53%,-0.107728,2026-09-18
GOOGL,349.54,2026-10-23,34,Call,380.00,-8.71%,3.7,3.8,4,2195,485,4.53,31.26%,31.20%,0.212914,2026-09-18
LITE,930.91,2026-09-25,6,Call,"1,020.00",-9.57%,8.6,9,10.2,800,177,4.52,72.85%,77.28%,0.192993,2026-09-18
TSLA,364.27,2026-09-23,4,Call,370.00,-1.57%,3.5,3.62,3.6,5075,1122,4.52,41.14%,38.67%,0.361107,2026-09-18
GOOG,344.41,2027-06-17,271,Put,350.00,+1.62%,36.85,38.22,39.55,4050,899,4.51,31.25%,33.44%,-0.441975,2026-09-18
SKHY,187.5,2026-09-25,6,Call,182.50,+2.67%,8.5,8.6,8.75,1343,298,4.51,59.97%,60.39%,0.653788,2026-09-18
PURR,14.09,2027-03-19,181,Call,14.00,+0.64%,3.5,3.75,4.4,2198,487,4.51,100.34%,98.30%,0.64949,2026-09-18
QCOM,177.72,2026-10-02,13,Put,165.00,-7.16%,1.6,1.72,1.76,531,118,4.5,47.44%,46.90%,-0.186876,2026-09-18
NBIS,223.54,2026-10-09,20,Call,220.00,+1.58%,18,19.13,18.75,1066,237,4.5,80.64%,78.95%,0.575171,2026-09-18
ICE,155.47,2026-09-25,6,Call,157.50,-1.31%,1.05,1.32,1.5,512,114,4.49,24.00%,26.45%,0.361385,2026-09-18
SMCI,39.09,2026-10-09,20,Put,39.00,-0.23%,2.36,2.42,2.54,638,142,4.49,71.15%,69.47%,-0.458179,2026-09-18
COIN,194.25,2026-09-25,6,Call,232.50,-19.69%,0.48,0.51,0.59,678,151,4.49,66.28%,86.74%,0.059947,2026-09-18
DOW,28.73,2026-09-25,6,Put,27.50,-4.28%,0.08,0.15,0.18,515,115,4.48,40.18%,37.07%,-0.173322,2026-09-18
NFLX,71.79,2026-10-30,41,Call,75.00,-4.47%,2.81,2.84,2.88,1110,248,4.48,33.68%,42.25%,0.417336,2026-09-18
LQDA,66.88,2026-10-16,27,Call,95.00,-42.05%,0.35,0.6,0.8,2009,448,4.48,82.59%,86.63%,0.086855,2026-09-18
LOGI,101.2,2027-03-19,181,Put,90.00,-11.07%,4.8,5.55,5.6,501,112,4.47,34.40%,37.05%,-0.27614,2026-09-18
DINO,115.9,2026-10-16,27,Call,130.00,-12.17%,2.45,2.62,2.8,842,189,4.46,56.51%,57.56%,0.258795,2026-09-18
NBIS,223.54,2026-10-09,20,Put,205.00,-8.29%,6,7.98,8.5,1093,245,4.46,80.64%,74.30%,-0.276024,2026-09-18
TEM,77.84,2026-11-20,62,Put,30.00,-61.46%,0,0.14,0.13,1299,291,4.46,73.67%,99.81%,-0.005581,2026-09-18
GM,82.2,2026-09-25,6,Put,81.00,-1.46%,0.79,0.88,1.09,1357,304,4.46,34.50%,35.36%,-0.361031,2026-09-18
AMZN,253.71,2026-09-23,4,Call,257.50,-1.49%,1.25,1.52,1.57,2655,595,4.46,30.81%,27.05%,0.310129,2026-09-18
HOOD,119.82,2026-10-02,13,Call,120.00,-0.15%,5.6,5.65,5.8,7511,1685,4.46,63.33%,63.36%,0.523141,2026-09-18
PURR,14.09,2026-10-16,27,Put,12.00,-14.83%,0.5,0.59,0.65,2212,497,4.45,100.34%,98.41%,-0.228889,2026-09-18
COIN,194.25,2026-10-02,13,Put,180.00,-7.34%,3.6,3.65,3.8,1422,320,4.44,66.28%,65.23%,-0.245173,2026-09-18
NOK,10.68,2026-10-23,34,Call,14.50,-35.77%,0.01,0.11,0.14,505,114,4.43,59.80%,66.61%,0.082039,2026-09-18
PDD,78.9,2026-09-25,6,Call,82.00,-3.93%,0.33,0.37,0.42,2072,468,4.43,32.33%,34.12%,0.19893,2026-09-18
TSLA,364.27,2026-09-23,4,Put,350.00,-3.92%,1.29,1.34,1.34,3080,696,4.43,41.14%,39.78%,-0.161303,2026-09-18
GEMI,5.81,2026-09-25,6,Call,6.00,-3.27%,0.2,0.33,0.35,1250,283,4.42,113.15%,119.55%,0.4485,2026-09-18
HOOD,119.82,2026-10-09,20,Call,127.00,-5.99%,4.25,4.31,4.5,926,210,4.41,63.33%,63.69%,0.38112,2026-09-18
AAOI,105.17,2026-09-25,6,Call,110.00,-4.59%,3,3.03,3.1,7490,1697,4.41,88.81%,92.43%,0.376503,2026-09-18
CRWD,237.65,2026-09-25,6,Call,240.00,-0.99%,5.3,5.45,5.55,4550,1033,4.4,52.31%,52.98%,0.459326,2026-09-18
MSFT,493.78,2026-09-23,4,Call,495.00,-0.25%,3.95,4.22,4.5,928,211,4.4,25.44%,22.95%,0.469075,2026-09-18
IREN,46.68,2026-09-25,6,Call,46.50,+0.39%,1.86,2.12,2.34,2499,571,4.38,83.90%,83.76%,0.537935,2026-09-18
JMKE,19.58,2026-10-16,27,Call,20.00,-2.15%,0.9,1.05,1.1,1148,262,4.38,56.09%,54.81%,0.480118,2026-09-18
SNDK,1791.82,2026-09-25,6,Call,"2,100.00",-17.20%,4.7,4.8,5.1,791,181,4.37,72.25%,78.66%,0.064585,2026-09-18
SGHC,12.68,2027-04-16,209,Call,18.00,-41.96%,0.35,0.39,0.45,1456,333,4.37,41.24%,43.97%,0.197306,2026-09-18
VLO,413.28,2026-09-25,6,Put,400.00,-3.21%,4.8,5.37,5.8,501,115,4.36,51.26%,51.47%,-0.296858,2026-09-18
SMCI,39.09,2026-09-25,6,Call,38.50,+1.51%,1.7,1.67,1.75,1433,329,4.36,71.15%,70.46%,0.587124,2026-09-18
GOOGL,349.54,2026-09-25,6,Call,352.50,-0.85%,3.95,4.1,4.3,2677,615,4.35,31.26%,30.06%,0.426537,2026-09-18
HOOD,119.82,2026-09-25,6,Put,102.00,-14.87%,0.19,0.2,0.23,4063,936,4.34,63.33%,75.44%,-0.042832,2026-09-18
DAL,79.62,2026-09-25,6,Call,82.00,-2.99%,0.7,0.67,0.73,7466,1721,4.34,45.05%,39.35%,0.290993,2026-09-18
MU,1015.8,2026-09-28,9,Call,"1,050.00",-3.37%,15.5,16.5,17.2,1116,258,4.33,59.82%,46.57%,0.342986,2026-09-18
NBIS,223.54,2026-10-02,13,Put,220.00,-1.58%,10.95,10.96,11.9,1525,352,4.33,80.64%,79.39%,-0.425259,2026-09-18
RKT,12.29,2026-10-23,34,Call,15.00,-22.05%,0.05,0.16,0.22,745,173,4.31,55.94%,54.84%,0.13865,2026-09-18
IREN,46.68,2026-09-25,6,Put,45.50,-2.53%,1.18,1.4,1.44,905,210,4.31,83.90%,78.54%,-0.378414,2026-09-18
SEI,69.66,2026-11-20,62,Call,95.00,-36.38%,2.45,2.6,4,800,186,4.3,72.51%,87.71%,0.25325,2026-09-18
BMNR,25.99,2026-09-25,6,Call,27.50,-5.81%,0.55,0.57,0.61,3587,836,4.29,79.08%,86.33%,0.326415,2026-09-18
CSCO,109.51,2026-09-25,6,Put,106.00,-3.21%,0.37,0.63,0.51,802,187,4.29,31.07%,29.70%,-0.188664,2026-09-18
AMD,559.82,2026-09-21,2,Put,522.50,-6.67%,0.26,0.3,0.31,1321,308,4.29,52.39%,51.54%,-0.033454,2026-09-18
RGTI,15.76,2026-11-20,62,Put,14.00,-11.17%,0.95,1.05,1.15,2634,616,4.28,71.93%,75.13%,-0.289756,2026-09-18
AMZN,253.71,2027-04-16,209,Call,270.00,-6.42%,22.65,22.5,23.3,819,192,4.27,30.81%,35.66%,0.495596,2026-09-18
AA,44.43,2027-06-17,271,Put,35.00,-21.22%,2.45,2.65,3.1,1500,352,4.26,53.83%,49.93%,-0.206947,2026-09-18
QUBT,8.7,2027-01-15,118,Call,19.00,-118.39%,0.1,0.21,0.47,2456,577,4.26,73.17%,99.76%,0.141932,2026-09-18
ORBS,1.04,2026-10-02,13,Call,1.0000,+3.85%,0.1,0.12,0.15,3562,837,4.26,138.22%,134.65%,0.612756,2026-09-18
NKE,35.51,2026-10-02,13,Call,42.50,-19.68%,0.14,0.15,0.17,544,128,4.25,47.93%,65.49%,0.081471,2026-09-18
AVGO,357.61,2026-09-25,6,Call,357.50,+0.03%,5.05,6.2,6.45,930,219,4.25,35.69%,30.68%,0.515746,2026-09-18
META,665.75,2026-09-21,2,Call,692.50,-4.02%,0.46,0.5,0.6,1344,316,4.25,39.46%,35.46%,0.069348,2026-09-18
CVNA,65.11,2026-09-25,6,Call,67.00,-2.90%,1.13,1.21,1.29,1133,267,4.24,59.61%,59.24%,0.370346,2026-09-18
SLB,51.12,2027-03-19,181,Put,42.50,-16.86%,1.43,1.65,1.78,1400,330,4.24,37.06%,37.09%,-0.191578,2026-09-18
BA,198.2,2028-12-15,818,Put,240.00,+21.09%,53,58.51,61.15,503,119,4.23,30.65%,28.00%,-0.577943,2026-09-18
TSLA,364.27,2026-09-23,4,Call,385.00,-5.69%,0.75,0.79,0.78,2030,480,4.23,41.14%,41.03%,0.104207,2026-09-18
COIN,194.25,2026-09-25,6,Call,225.00,-15.83%,0.84,0.98,0.9,1425,338,4.22,66.28%,83.24%,0.093724,2026-09-18
UROY,4.56,2026-10-16,27,Call,4.00,+12.28%,0.6,0.63,0.9,1714,406,4.22,79.80%,86.96%,0.752912,2026-09-18
TSM,434.67,2026-09-25,6,Put,422.50,-2.80%,1.98,2.36,2.44,733,174,4.21,32.90%,30.29%,-0.223072,2026-09-18
NKE,35.51,2026-09-25,6,Call,35.00,+1.44%,0.9,0.97,0.96,767,182,4.21,47.93%,35.86%,0.630981,2026-09-18
MU,1015.8,2026-12-18,90,Put,970.00,-4.51%,84.4,90.87,91.7,1049,249,4.21,59.82%,57.82%,-0.370975,2026-09-18
GOOG,344.41,2026-09-25,6,Call,352.50,-2.35%,2.18,2.38,2.53,2568,611,4.2,31.25%,30.37%,0.28683,2026-09-18
LRCX,288.11,2026-10-23,34,Call,320.00,-11.07%,8.3,9.15,10,793,189,4.2,56.59%,57.21%,0.309786,2026-09-18
SRE,81.31,2026-10-16,27,Call,85.00,-4.54%,0.05,0.7,0.8,925,220,4.2,24.21%,18.29%,0.194149,2026-09-18
FITB,52.91,2026-10-16,27,Put,55.00,+3.95%,2.35,2.82,3.2,1028,245,4.2,26.11%,26.12%,-0.692576,2026-09-18
CSCO,109.51,2026-09-25,6,Call,109.00,+0.47%,1.89,2.1,2.16,1524,363,4.2,31.07%,31.11%,0.557776,2026-09-18
INTC,108.6,2026-09-21,2,Call,112.00,-3.13%,0.54,0.58,0.59,3804,909,4.18,63.94%,54.15%,0.228175,2026-09-18
SNDK,1791.82,2026-09-25,6,Call,"1,700.00",+5.12%,115.2,118.7,121.8,4150,993,4.18,72.25%,68.60%,0.741808,2026-09-18
HOOD,119.82,2026-09-25,6,Call,120.00,-0.15%,3.95,4,4.05,22407,5362,4.18,63.33%,66.14%,0.512657,2026-09-18
ALL,249.83,2026-10-16,27,Put,240.00,-3.93%,2.35,2.7,2.9,886,212,4.18,24.89%,24.38%,-0.255266,2026-09-18
MARA,13.24,2026-10-09,20,Call,16.00,-20.85%,0.28,0.3,0.32,1045,250,4.18,85.36%,88.60%,0.211916,2026-09-18
META,665.75,2026-09-21,2,Put,645.00,-3.12%,0.73,0.95,0.94,1866,446,4.18,39.46%,34.30%,-0.102669,2026-09-18
ZS,197.31,2026-10-09,20,Put,145.00,-26.51%,0,0.11,2.22,693,166,4.17,55.41%,89.99%,-0.057471,2026-09-18
SMR,8.27,2026-10-30,41,Call,9.00,-8.83%,0.58,0.63,0.72,730,175,4.17,78.30%,83.36%,0.441081,2026-09-18
BABA,113.24,2026-10-02,13,Put,106.00,-6.39%,1.02,1.2,1.24,908,218,4.17,44.38%,44.50%,-0.203336,2026-09-18
CRWV,81.36,2026-09-25,6,Call,83.00,-2.02%,2.34,2.4,2.45,2237,537,4.17,75.97%,74.43%,0.438326,2026-09-18
META,665.75,2026-09-21,2,Put,660.00,-0.86%,3.85,4.5,4.5,2366,567,4.17,39.46%,34.23%,-0.35898,2026-09-18
MPLX,59.44,2027-01-15,118,Put,60.00,+0.94%,2.65,3.04,3.2,811,195,4.16,18.44%,17.33%,-0.546774,2026-09-18
AVGO,357.61,2026-09-25,6,Call,362.50,-1.37%,3.95,4.1,4.9,1181,284,4.16,35.69%,35.38%,0.394993,2026-09-18
GXO,45.92,2027-01-15,118,Call,47.50,-3.44%,3.6,3.95,4.3,2007,483,4.16,38.51%,42.17%,0.512232,2026-09-18
MU,1015.8,2026-09-21,2,Put,935.00,-7.95%,0.25,0.27,0.3,622,150,4.15,59.82%,54.21%,-0.018313,2026-09-18
SNDK,1791.82,2026-09-25,6,Call,"2,000.00",-11.62%,11.1,11.7,12.5,3127,754,4.15,72.25%,75.40%,0.139497,2026-09-18
AAPL,336.13,2026-09-21,2,Put,327.50,-2.57%,0.15,0.16,0.38,5760,1389,4.15,23.55%,26.24%,-0.087346,2026-09-18
PGEN,7.78,2026-10-16,27,Call,9.00,-15.68%,0.25,0.29,0.3,1171,283,4.14,79.56%,81.28%,0.285847,2026-09-18
MP,47.26,2026-09-25,6,Put,46.00,-2.67%,0.71,0.76,0.85,897,217,4.13,55.18%,55.56%,-0.336435,2026-09-18
MSTR,153.92,2026-10-09,20,Put,110.00,-28.53%,0.37,0.48,0.53,1267,307,4.13,71.41%,84.14%,-0.03488,2026-09-18
SMCI,39.09,2026-10-16,27,Put,31.00,-20.70%,0.37,0.4,0.45,2187,529,4.13,71.15%,73.43%,-0.101483,2026-09-18
INTC,108.6,2026-09-21,2,Put,104.00,-4.24%,0.28,0.32,0.32,2477,600,4.13,63.94%,54.05%,-0.134394,2026-09-18
CRCL,91.78,2026-09-25,6,Call,91.00,+0.85%,3.75,4.15,4.5,638,155,4.12,75.86%,79.06%,0.555979,2026-09-18
NVO,43.24,2026-09-25,6,Call,43.50,-0.60%,0.9,0.92,0.98,1247,303,4.12,37.30%,48.59%,0.470006,2026-09-18
MDB,383.56,2026-09-25,6,Put,350.00,-8.75%,1.05,1.3,1.3,695,169,4.11,55.74%,55.19%,-0.090571,2026-09-18
ORCL,147.61,2026-09-25,6,Put,144.00,-2.45%,2,1.98,2.11,2912,708,4.11,49.00%,48.19%,-0.33101,2026-09-18
PURR,14.09,2026-12-18,90,Put,13.00,-7.74%,1.7,2.06,2.25,985,240,4.1,100.34%,95.56%,-0.336377,2026-09-18
NBIS,223.54,2026-09-25,6,Put,225.00,+0.65%,9.65,9.75,10.1,1287,315,4.09,80.64%,80.16%,-0.502939,2026-09-18
INTC,108.6,2026-09-28,9,Put,105.00,-3.31%,2.13,2.37,2.49,763,187,4.08,63.94%,57.94%,-0.335955,2026-09-18
SMCI,39.09,2026-10-23,34,Call,46.00,-17.68%,1.07,1.25,1.47,1008,247,4.08,71.15%,72.02%,0.269269,2026-09-18
BMNR,25.99,2026-09-25,6,Call,28.50,-9.66%,0.32,0.35,0.4,1632,400,4.08,79.08%,87.91%,0.224633,2026-09-18
BA,198.2,2027-06-17,271,Put,155.00,-21.80%,2.52,5.45,5.8,651,160,4.07,30.65%,30.35%,-0.13898,2026-09-18
HOOD,119.82,2026-09-25,6,Put,113.00,-5.69%,1.33,1.37,1.42,1152,283,4.07,63.33%,65.29%,-0.227115,2026-09-18
JPM,349.67,2026-09-25,6,Call,357.50,-2.24%,0.97,1.08,1.37,1004,247,4.06,25.77%,21.36%,0.216667,2026-09-18
TSLA,364.27,2026-09-25,6,Put,332.50,-8.72%,0.42,0.43,0.45,1205,297,4.06,41.14%,44.16%,-0.049478,2026-09-18
CFG,67.04,2026-11-20,62,Call,70.00,-4.42%,1.8,1.75,2.2,531,131,4.05,28.98%,28.74%,0.383694,2026-09-18
MU,1015.8,2026-09-23,4,Put,950.00,-6.48%,3,3.06,4.2,762,188,4.05,59.82%,56.07%,-0.119695,2026-09-18
CORZ,17.99,2026-10-02,13,Call,18.00,-0.06%,0.86,0.97,0.98,5040,1245,4.05,71.85%,67.51%,0.527698,2026-09-18
TSLA,364.27,2026-09-21,2,Put,352.50,-3.23%,0.49,0.5,0.51,4067,1006,4.04,41.14%,36.13%,-0.105925,2026-09-18
PLTR,177.64,2027-01-15,118,Call,35.00,+80.30%,142.7,142.37,143.75,4271,1058,4.04,49.12%,121.30%,0.996715,2026-09-18
AAPL,336.13,2026-09-21,2,Put,330.00,-1.82%,0.32,0.4,0.4,10381,2570,4.04,23.55%,22.32%,-0.128766,2026-09-18
HOOD,119.82,2026-10-09,20,Put,112.00,-6.53%,3.3,3.5,3.5,545,135,4.04,63.33%,61.62%,-0.290495,2026-09-18
META,665.75,2028-12-15,818,Put,50.00,-92.49%,0.07,0.26,0.29,550,136,4.04,39.46%,66.68%,-0.000747,2026-09-18
WFC,86.12,2026-10-09,20,Call,89.00,-3.34%,0.78,1.02,1.07,791,196,4.04,29.77%,24.81%,0.30021,2026-09-18
TSLA,364.27,2026-10-02,13,Call,480.00,-31.77%,0.1,0.11,0.12,1207,302,4,41.14%,59.41%,0.008368,2026-09-18
BE,265.63,2026-09-25,6,Put,255.00,-4.00%,5.65,5.88,6.3,1375,344,4,78.94%,78.86%,-0.322895,2026-09-18
META,665.75,2026-09-23,4,Call,700.00,-5.14%,1.65,1.73,1.8,1826,456,4,39.46%,40.61%,0.124987,2026-09-18
COIN,194.25,2026-10-16,27,Put,105.00,-45.95%,0.05,0.16,0.16,3569,893,4,66.28%,95.27%,-0.005982,2026-09-18
MSTR,153.92,2026-09-25,6,Call,145.00,+5.80%,11.15,11.27,11.45,8510,2131,3.99,71.41%,74.64%,0.751116,2026-09-18
TSLA,364.27,2026-09-25,6,Call,370.00,-1.57%,5,5.05,5.1,22591,5655,3.99,41.14%,39.87%,0.394306,2026-09-18
CRCL,91.78,2026-09-25,6,Call,92.00,-0.24%,3.3,3.77,3.75,798,200,3.99,75.86%,76.80%,0.512355,2026-09-18
QCOM,177.72,2026-10-02,13,Call,220.00,-23.79%,0.15,0.2,0.76,1891,474,3.99,47.44%,66.43%,0.05098,2026-09-18
GOOG,344.41,2026-09-25,6,Put,350.00,+1.62%,8.3,8.3,9,1221,307,3.98,31.25%,31.08%,-0.646266,2026-09-18
ORCL,147.61,2026-09-25,6,Put,148.00,+0.26%,3.75,3.74,3.9,1805,453,3.98,49.00%,48.33%,-0.502612,2026-09-18
HIMX,14.02,2026-10-16,27,Call,15.00,-6.99%,0.4,0.45,0.55,516,130,3.97,56.83%,56.72%,0.352988,2026-09-18
GOOG,344.41,2026-10-02,13,Call,352.50,-2.35%,4.55,4.7,4.95,588,148,3.97,31.25%,30.54%,0.361945,2026-09-18
DELL,568.06,2026-09-25,6,Call,680.00,-19.71%,0.14,0.33,0.33,690,174,3.97,60.12%,63.12%,0.014802,2026-09-18
OKLO,38,2026-09-25,6,Call,38.00,0.00%,1.32,1.44,1.46,925,233,3.97,71.97%,70.98%,0.520759,2026-09-18
ARM,275.61,2026-09-25,6,Call,280.00,-1.59%,8.05,8.15,8.5,3379,852,3.97,69.53%,72.18%,0.453,2026-09-18
EXPD,190.94,2026-10-16,27,Call,190.00,+0.49%,3.9,3.85,5.1,546,138,3.96,21.62%,18.74%,0.559165,2026-09-18
MU,1015.8,2026-09-25,6,Call,"1,095.00",-7.80%,4.85,4.95,5.1,641,162,3.96,59.82%,53.08%,0.144419,2026-09-18
CVS,88.84,2026-10-16,27,Call,90.00,-1.31%,2.34,2.59,2.74,565,143,3.95,31.24%,31.67%,0.458484,2026-09-18
DELL,568.06,2026-09-25,6,Put,575.00,+1.22%,18.7,19.95,21.35,613,155,3.95,60.12%,56.38%,-0.550231,2026-09-18
HRL,20.83,2026-12-18,90,Put,21.00,+0.82%,1.1,1.11,1.25,1000,253,3.95,26.97%,25.54%,-0.505889,2026-09-18
MU,1015.8,2026-09-25,6,Put,990.00,-2.54%,15.3,15.62,16.1,1318,334,3.95,59.82%,52.34%,-0.33559,2026-09-18
PFE,27.66,2026-10-23,34,Call,27.50,+0.58%,0.66,0.81,0.88,540,137,3.94,22.30%,21.35%,0.536812,2026-09-18
AVGO,357.61,2026-10-09,20,Call,355.00,+0.73%,12.9,13.05,13.6,974,248,3.93,35.69%,34.90%,0.559404,2026-09-18
TJX,127.24,2026-09-25,6,Put,126.00,-0.97%,0.7,0.77,1.7,1127,287,3.93,25.14%,27.29%,-0.379755,2026-09-18
TSLA,364.27,2026-09-23,4,Put,360.00,-1.17%,3.85,3.9,3.95,2906,739,3.93,41.14%,38.61%,-0.374362,2026-09-18
SPCX,152.71,2026-09-25,6,Put,148.00,-3.08%,1.92,1.95,1.99,5959,1518,3.93,50.13%,50.61%,-0.300372,2026-09-18
MU,1015.8,2026-09-21,2,Call,960.00,+5.49%,52.25,56,57.85,2242,572,3.92,59.82%,26.81%,0.997918,2026-09-18
TSLA,364.27,2026-09-25,6,Call,362.50,+0.49%,8.4,8.5,8.55,3908,996,3.92,41.14%,40.05%,0.552579,2026-09-18
CLSK,14.47,2026-09-25,6,Call,14.50,-0.21%,0.55,0.55,0.64,7103,1812,3.92,79.72%,81.81%,0.515308,2026-09-18
NEE,80.47,2026-10-16,27,Call,80.00,+0.58%,2.09,2.28,2.3,1383,353,3.92,20.69%,22.26%,0.5521,2026-09-18
PDD,78.9,2026-09-25,6,Call,84.00,-6.46%,0,0.15,0.22,955,244,3.91,32.33%,33.07%,0.074669,2026-09-18
TJX,127.24,2026-09-25,6,Call,130.00,-2.17%,0.6,0.72,0.8,1318,337,3.91,25.14%,26.29%,0.271016,2026-09-18
SPCX,152.71,2026-09-25,6,Call,170.00,-11.32%,0.31,0.32,0.34,26222,6699,3.91,50.13%,55.06%,0.070013,2026-09-18
RIOT,23.75,2026-09-25,6,Put,23.00,-3.16%,0.59,0.71,0.72,919,236,3.89,82.44%,82.86%,-0.359424,2026-09-18
ORCL,147.61,2026-09-25,6,Put,139.00,-5.83%,0.77,0.76,0.83,1119,288,3.89,49.00%,48.89%,-0.159702,2026-09-18
HOOD,119.82,2026-09-25,6,Call,116.00,+3.19%,6.15,6.3,7,4333,1115,3.89,63.33%,72.30%,0.656294,2026-09-18
WPM,151.01,2026-10-16,27,Call,165.00,-9.26%,2.85,3.08,3.2,897,231,3.88,45.80%,47.19%,0.271421,2026-09-18
ASST,30.09,2026-09-25,6,Put,27.00,-10.27%,0.23,0.26,0.36,1366,352,3.88,79.68%,89.00%,-0.155906,2026-09-18
IREN,46.68,2026-09-25,6,Call,48.50,-3.90%,1.21,1.25,1.4,1469,379,3.88,83.90%,85.49%,0.386378,2026-09-18
NBIS,223.54,2026-10-23,34,Put,165.00,-26.19%,2.1,2.65,3.4,561,145,3.87,80.64%,83.90%,-0.092397,2026-09-18
OPEN,2.56,2029-01-19,853,Call,4.00,-56.25%,1.03,1.09,1.24,1212,313,3.87,83.61%,93.76%,0.682218,2026-09-18
QCOM,177.72,2026-09-25,6,Call,197.50,-11.13%,0.37,0.42,0.49,613,159,3.86,47.44%,56.14%,0.076827,2026-09-18
AA,44.43,2026-10-09,20,Put,40.00,-9.97%,0.26,0.32,0.42,1041,270,3.86,53.83%,44.05%,-0.139264,2026-09-18
TSLA,364.27,2026-09-25,6,Put,327.50,-10.09%,0.28,0.29,0.31,1375,356,3.86,41.14%,46.40%,-0.033813,2026-09-18
NVDA,222.27,2026-09-30,11,Call,210.00,+5.52%,11.95,13.3,13.6,704,183,3.85,32.11%,23.38%,0.925405,2026-09-18
BABA,113.24,2026-09-25,6,Call,127.00,-12.15%,0.22,0.29,0.36,1048,272,3.85,44.38%,60.68%,0.075612,2026-09-18
TSLA,364.27,2026-09-28,9,Put,360.00,-1.17%,6.05,6.15,6.35,842,219,3.84,41.14%,36.52%,-0.402374,2026-09-18
NFLX,71.79,2028-01-21,489,Put,56.00,-21.99%,3.9,4.3,4.9,502,131,3.83,33.68%,39.67%,-0.194025,2026-09-18
IMPP,5.66,2027-01-15,118,Put,6.00,+6.01%,0.75,0.84,1,663,173,3.83,54.38%,55.52%,-0.501247,2026-09-18
COIN,194.25,2026-09-25,6,Call,190.00,+2.19%,9.05,9.05,9.35,8144,2130,3.82,66.28%,69.21%,0.618075,2026-09-18
SHOE,13.07,2026-10-16,27,Put,17.50,+33.89%,4.3,4.5,5.1,21023,5504,3.82,52.23%,97.09%,-0.833354,2026-09-18
TSLA,364.27,2026-09-25,6,Put,370.00,+1.57%,10.4,10.45,10.6,4942,1296,3.81,41.14%,39.43%,-0.608413,2026-09-18
AMZN,253.71,2028-12-15,818,Put,390.00,+53.72%,137,138.8,141.5,648,170,3.81,30.81%,33.86%,-0.811269,2026-09-18
COIN,194.25,2026-09-25,6,Call,187.50,+3.47%,10.3,10.8,11.4,1044,274,3.81,66.28%,70.54%,0.671091,2026-09-18
MU,1015.8,2026-09-21,2,Call,"1,045.00",-2.87%,2.85,3.05,3.1,2183,573,3.81,59.82%,40.95%,0.180484,2026-09-18
BLSH,38.34,2026-09-25,6,Call,40.00,-4.33%,0.71,0.82,1,585,154,3.8,78.49%,76.76%,0.353645,2026-09-18
GOOGL,349.54,2026-09-21,2,Put,340.00,-2.73%,0.27,0.3,0.33,1379,363,3.8,31.26%,28.09%,-0.08856,2026-09-18
GOOGL,349.54,2026-09-25,6,Call,370.00,-5.85%,0.6,0.71,0.8,7651,2016,3.8,31.26%,33.68%,0.099736,2026-09-18
BMNR,25.99,2026-09-25,6,Call,26.50,-1.96%,0.86,0.89,0.97,2332,615,3.79,79.08%,85.40%,0.453206,2026-09-18
AMD,559.82,2026-09-25,6,Put,525.00,-6.22%,3.4,3.6,3.6,977,258,3.79,52.39%,53.84%,-0.165353,2026-09-18
GOOGL,349.54,2026-09-23,4,Put,340.00,-2.73%,1.05,1.26,1.27,605,160,3.78,31.26%,30.58%,-0.186515,2026-09-18
META,665.75,2026-09-23,4,Call,730.00,-9.65%,0.2,0.28,0.35,801,212,3.78,39.46%,43.91%,0.024236,2026-09-18
GOOG,344.41,2026-09-25,6,Call,357.50,-3.80%,1.37,1.37,1.45,1791,474,3.78,31.25%,31.61%,0.187641,2026-09-18
BX,124.96,2026-09-25,6,Put,124.00,-0.77%,1.9,2.1,2.17,2044,541,3.78,36.45%,39.06%,-0.428753,2026-09-18
MSTR,153.92,2026-10-02,13,Call,170.00,-10.45%,3.5,3.65,3.65,1527,405,3.77,71.41%,77.81%,0.276087,2026-09-18
PLTR,177.64,2026-10-30,41,Put,160.00,-9.93%,4.25,4.4,4.4,534,142,3.76,49.12%,49.60%,-0.231474,2026-09-18
SKHY,187.5,2026-09-25,6,Call,187.50,0.00%,5.6,5.85,5.95,1162,309,3.76,59.97%,59.67%,0.518365,2026-09-18
HOOD,119.82,2026-09-25,6,Call,131.00,-9.33%,0.92,0.99,1.05,525,140,3.75,63.33%,70.66%,0.175448,2026-09-18
GOOGL,349.54,2026-09-25,6,Put,350.00,+0.13%,5.6,5.81,6,1683,449,3.75,31.26%,31.61%,-0.500602,2026-09-18
MKC,48.72,2026-10-16,27,Call,50.00,-2.63%,1.3,1.4,1.5,1987,530,3.75,37.79%,37.01%,0.41632,2026-09-18
RIVN,14.99,2026-09-25,6,Call,15.00,-0.07%,0.39,0.41,0.42,2424,647,3.75,55.90%,52.90%,0.513113,2026-09-18
AAPL,336.13,2028-01-21,489,Call,230.00,+31.57%,124.6,124.85,127.45,2490,666,3.74,23.55%,36.62%,0.885988,2026-09-18
NBIS,223.54,2026-09-25,6,Call,230.00,-2.89%,6.3,6.42,6.5,8709,2326,3.74,80.64%,79.54%,0.411941,2026-09-18
AA,44.43,2028-01-21,489,Call,42.00,+5.47%,11.05,12.2,13.6,1000,268,3.73,53.83%,53.31%,0.67216,2026-09-18
PLTR,177.64,2026-09-25,6,Put,175.00,-1.49%,3.1,3.15,3.2,5180,1392,3.72,49.12%,48.61%,-0.389934,2026-09-18
PLTR,177.64,2026-09-25,6,Call,175.00,+1.49%,5.7,5.8,5.85,9205,2475,3.72,49.12%,47.29%,0.612996,2026-09-18
NVDA,222.27,2026-09-30,11,Call,212.50,+4.40%,9.85,11.1,11.5,536,144,3.72,32.11%,25.00%,0.859713,2026-09-18
SNDK,1791.82,2026-09-25,6,Put,"1,580.00",-11.82%,5.8,6.24,6.5,953,256,3.72,72.25%,72.17%,-0.078988,2026-09-18
ASTS,58.52,2026-09-25,6,Put,53.00,-9.43%,0.31,0.32,0.33,1120,301,3.72,72.24%,68.95%,-0.120776,2026-09-18
META,665.75,2026-09-21,2,Put,667.50,+0.26%,7.5,7.74,8.3,1230,331,3.72,39.46%,35.81%,-0.532045,2026-09-18
B,43.33,2026-09-25,6,Put,41.00,-5.38%,0.13,0.16,0.21,564,152,3.71,41.12%,41.39%,-0.14138,2026-09-18
JPM,349.67,2026-09-25,6,Put,325.00,-7.06%,0.05,0.11,0.15,950,256,3.71,25.77%,28.42%,-0.020971,2026-09-18
CCJ,91.62,2026-09-25,6,Call,100.00,-9.15%,0.29,0.37,0.42,2747,741,3.71,44.79%,55.11%,0.115692,2026-09-18
TSLA,364.27,2026-09-21,2,Call,385.00,-5.69%,0.09,0.1,0.1,5600,1509,3.71,41.14%,37.72%,0.024943,2026-09-18
ANGX,5.27,2026-10-16,27,Call,6.00,-13.85%,0.15,0.2,0.25,2686,725,3.7,78.86%,77.86%,0.310608,2026-09-18
ORCL,147.61,2026-09-25,6,Put,142.00,-3.80%,1.39,1.45,1.47,2789,754,3.7,49.00%,48.20%,-0.253515,2026-09-18
CSCO,109.51,2026-09-25,6,Put,108.00,-1.38%,0.88,0.95,1.05,1031,279,3.7,31.07%,29.16%,-0.345213,2026-09-18
PYPL,52.41,2026-09-25,6,Put,53.00,+1.13%,0.87,1.13,1.48,1218,330,3.69,30.30%,31.90%,-0.597025,2026-09-18
AMAT,444.57,2026-09-25,6,Call,450.00,-1.22%,8.3,9.07,9,1240,336,3.69,51.38%,48.35%,0.437772,2026-09-18
AVGO,357.61,2026-09-21,2,Call,365.00,-2.07%,0.5,0.65,0.77,4448,1207,3.69,35.69%,27.79%,0.16441,2026-09-18
NVDA,222.27,2026-09-21,2,Call,227.50,-2.35%,0.25,0.25,0.26,10469,2839,3.69,32.11%,26.36%,0.120364,2026-09-18
BMNR,25.99,2026-09-25,6,Put,25.00,-3.81%,0.57,0.6,0.65,3329,904,3.68,79.08%,79.44%,-0.331014,2026-09-18
CMG,33.43,2026-10-09,20,Put,31.00,-7.27%,0.15,0.25,0.28,548,149,3.68,36.63%,33.45%,-0.152517,2026-09-18
MSTR,153.92,2026-09-25,6,Put,124.00,-19.44%,0.12,0.16,0.16,945,257,3.68,71.41%,85.82%,-0.02147,2026-09-18
WFC,86.12,2027-09-17,363,Put,75.00,-12.91%,4.2,4.4,4.9,1082,294,3.68,29.77%,30.24%,-0.251136,2026-09-18
ASST,30.09,2026-10-16,27,Put,24.00,-20.24%,0.37,0.48,0.54,1246,339,3.68,79.68%,80.91%,-0.125331,2026-09-18
COIN,194.25,2026-09-25,6,Call,215.00,-10.68%,1.65,1.88,1.87,1335,363,3.68,66.28%,79.39%,0.173477,2026-09-18
F,13.21,2026-10-09,20,Call,13.50,-2.20%,0.29,0.3,0.3,1811,492,3.68,34.22%,34.25%,0.406123,2026-09-18
RBLX,47.82,2026-09-25,6,Call,47.50,+0.67%,1.46,1.42,1.85,877,239,3.67,59.56%,60.51%,0.552918,2026-09-18
COO,55.29,2026-10-16,27,Put,55.00,-0.52%,1.4,1.45,2.1,1161,316,3.67,30.24%,32.61%,-0.450037,2026-09-18
HOOD,119.82,2026-10-02,13,Put,114.00,-4.86%,3.05,3.25,3.15,618,169,3.66,63.33%,63.46%,-0.313873,2026-09-18
MSFT,493.78,2026-09-21,2,Put,482.50,-2.28%,0.31,0.33,0.41,1042,285,3.66,25.44%,23.55%,-0.08964,2026-09-18
AAPL,336.13,2026-10-02,13,Call,347.50,-3.38%,1.49,2,1.92,643,176,3.65,23.55%,21.57%,0.221167,2026-09-18
META,665.75,2026-09-21,2,Call,665.00,+0.11%,6.25,6.68,7,1026,281,3.65,39.46%,31.46%,0.527042,2026-09-18
TSM,434.67,2027-02-19,153,Call,500.00,-15.03%,18.95,18.1,20.5,1703,466,3.65,32.90%,35.93%,0.333086,2026-09-18
INTC,108.6,2026-09-21,2,Call,114.00,-4.97%,0.25,0.27,0.29,2040,559,3.65,63.94%,55.57%,0.124058,2026-09-18
AVGO,357.61,2026-09-21,2,Call,355.00,+0.73%,3.95,4.16,4.45,3534,968,3.65,35.69%,25.25%,0.658997,2026-09-18
GOOGL,349.54,2026-09-25,6,Call,365.00,-4.42%,1.01,1.07,1.14,6138,1681,3.65,31.26%,31.50%,0.149699,2026-09-18
HIMS,27.99,2026-09-25,6,Call,28.50,-1.82%,0.73,0.76,0.79,6008,1651,3.64,68.73%,68.36%,0.438248,2026-09-18
GOOGL,349.54,2026-09-25,6,Call,360.00,-2.99%,1.8,1.94,1.95,11933,3274,3.64,31.26%,30.67%,0.236972,2026-09-18
HOOD,119.82,2026-09-25,6,Call,125.00,-4.32%,2.17,2.18,2.22,14191,3901,3.64,63.33%,68.27%,0.3325,2026-09-18
JPM,349.67,2026-09-25,6,Call,352.50,-0.81%,2.45,2.75,3.15,960,264,3.64,25.77%,22.36%,0.39893,2026-09-18
STX,858.79,2026-09-25,6,Call,900.00,-4.80%,11.8,14.75,16.7,545,150,3.63,65.35%,67.57%,0.311491,2026-09-18
MSTR,153.92,2026-09-25,6,Call,185.00,-20.19%,0.59,0.62,0.63,1860,513,3.63,71.41%,95.55%,0.075609,2026-09-18
MSFT,493.78,2026-09-21,2,Call,500.00,-1.26%,0.69,0.73,0.79,3595,991,3.63,25.44%,19.11%,0.192976,2026-09-18
MSFT,493.78,2026-09-25,6,Call,500.00,-1.26%,3.35,3.55,4.15,4671,1292,3.62,25.44%,24.77%,0.358149,2026-09-18
PYPL,52.41,2026-10-02,13,Put,52.00,-0.78%,0.42,0.8,1.67,864,239,3.62,30.30%,32.04%,-0.431424,2026-09-18
QCOM,177.72,2026-09-25,6,Put,177.50,-0.12%,3.75,4.3,4.45,917,253,3.62,47.44%,46.58%,-0.478282,2026-09-18
GOOGL,349.54,2026-09-25,6,Put,360.00,+2.99%,11.1,10.77,13.15,1075,297,3.62,31.26%,30.37%,-0.767961,2026-09-18
CLSK,14.47,2026-09-25,6,Put,14.00,-3.25%,0.36,0.46,0.4,1439,397,3.62,79.72%,80.85%,-0.353705,2026-09-18
NEE,80.47,2026-11-20,62,Put,77.50,-3.69%,1.41,1.6,1.64,1189,329,3.61,20.69%,21.54%,-0.314759,2026-09-18
MSTR,153.92,2026-09-25,6,Call,180.00,-16.94%,0.84,0.86,0.89,4972,1377,3.61,71.41%,92.37%,0.10428,2026-09-18
BABA,113.24,2026-09-25,6,Put,109.00,-3.74%,1.25,1.31,1.35,2838,789,3.6,44.38%,51.90%,-0.271787,2026-09-18
NVDA,222.27,2026-10-02,13,Put,170.00,-23.52%,0.09,0.11,0.11,3146,873,3.6,32.11%,63.52%,-0.010584,2026-09-18
CRM,237.92,2026-09-25,6,Call,242.50,-1.93%,2.48,2.55,2.74,600,167,3.59,38.63%,36.59%,0.354578,2026-09-18
NVDA,222.27,2026-09-25,6,Put,222.50,+0.10%,3.55,3.62,3.65,2296,639,3.59,32.11%,31.09%,-0.498305,2026-09-18
TSLA,364.27,2026-09-23,4,Call,367.50,-0.89%,4.4,4.7,4.7,4134,1150,3.59,41.14%,39.05%,0.4263,2026-09-18
SKHY,187.5,2026-09-25,6,Call,200.00,-6.67%,1.8,1.83,1.88,5416,1507,3.59,59.97%,62.07%,0.222511,2026-09-18
RLMD,4.12,2026-11-20,62,Call,5.00,-21.36%,0.15,0.29,0.4,777,217,3.58,114.40%,81.91%,0.349713,2026-09-18
CSCO,109.51,2026-09-25,6,Call,110.00,-0.45%,1.35,1.48,1.63,1188,332,3.58,31.07%,30.41%,0.465563,2026-09-18
NVDA,222.27,2026-09-25,6,Call,207.50,+6.65%,13.25,12.9,15.25,603,169,3.57,32.11%,18.53%,0.998219,2026-09-18
COHR,317.36,2026-09-25,6,Put,270.00,-14.92%,0.6,0.85,1.55,1229,344,3.57,73.24%,87.27%,-0.066116,2026-09-18
RCAT,6.75,2027-01-15,118,Call,9.00,-33.33%,0.71,0.75,0.95,5182,1456,3.56,80.62%,97.00%,0.411622,2026-09-18
SNDK,1791.82,2026-09-25,6,Call,"1,740.00",+2.89%,90.1,91.73,95.1,939,264,3.56,72.25%,69.42%,0.648394,2026-09-18
AVGO,357.61,2026-09-21,2,Call,352.50,+1.43%,5.55,5.84,6,958,269,3.56,35.69%,22.31%,0.813149,2026-09-18
CLX,83.1,2028-01-21,489,Put,90.00,+8.30%,15.7,15.6,17.9,1094,307,3.56,32.32%,32.52%,-0.499557,2026-09-18
MU,1015.8,2026-09-23,4,Call,"1,080.00",-6.32%,3.35,3.5,3.6,639,180,3.55,59.82%,50.72%,0.131278,2026-09-18
ETOR,28.08,2028-01-21,489,Call,40.00,-42.45%,3.3,3.65,6,1500,423,3.55,48.08%,58.56%,0.459001,2026-09-18
GOOGL,349.54,2026-09-28,9,Call,355.00,-1.56%,3.75,3.85,4.7,885,250,3.54,31.26%,29.39%,0.384071,2026-09-18
INTC,108.6,2026-09-23,4,Call,114.00,-4.97%,0.97,1,1.1,1845,521,3.54,63.94%,64.13%,0.2469,2026-09-18
META,665.75,2026-09-21,2,Put,647.50,-2.74%,0.87,0.99,1.26,1176,333,3.53,39.46%,33.57%,-0.127643,2026-09-18
MSTR,153.92,2026-09-25,6,Call,146.00,+5.15%,10.45,10.6,10.75,4558,1293,3.53,71.41%,74.75%,0.727555,2026-09-18
UNH,376.9,2026-10-16,27,Put,260.00,-31.02%,0.06,0.2,0.24,700,199,3.52,39.86%,57.93%,-0.007323,2026-09-18
MSTR,153.92,2026-09-25,6,Put,126.00,-18.14%,0.15,0.18,0.19,782,223,3.51,71.41%,83.02%,-0.026265,2026-09-18
SNDK,1791.82,2026-09-25,6,Put,"1,600.00",-10.71%,7.7,7.99,8.3,1472,419,3.51,72.25%,71.52%,-0.099107,2026-09-18
MSTR,153.92,2026-10-02,13,Call,143.00,+7.09%,14.5,14.7,14.85,592,169,3.5,71.41%,70.94%,0.734464,2026-09-18
PPTA,23.24,2026-10-16,27,Put,22.50,-3.18%,1.1,1.05,1.35,1140,326,3.5,63.94%,64.25%,-0.3878,2026-09-18
DRTS,15.24,2028-01-21,489,Call,17.50,-14.83%,2.3,4.1,4.7,502,144,3.49,56.32%,57.33%,0.581355,2026-09-18
NBIS,223.54,2026-09-25,6,Put,192.50,-13.89%,0.81,0.82,0.86,502,144,3.49,80.64%,84.11%,-0.074177,2026-09-18
UUUU,11.7,2026-09-25,6,Call,12.00,-2.56%,0.25,0.3,0.31,573,164,3.49,67.98%,67.67%,0.404549,2026-09-18
CIFR,18.34,2026-10-09,20,Put,17.50,-4.58%,0.9,1.23,1.59,872,250,3.49,95.95%,98.56%,-0.372322,2026-09-18
TGT,158.19,2026-09-25,6,Call,162.50,-2.72%,0.66,0.82,0.87,1098,315,3.49,30.65%,28.07%,0.233968,2026-09-18
AMD,559.82,2026-09-25,6,Put,535.00,-4.43%,5.4,5.59,5.7,1155,331,3.49,52.39%,53.07%,-0.239356,2026-09-18
MSFT,493.78,2026-09-21,2,Put,495.00,+0.25%,3.55,3.9,3.9,1259,361,3.49,25.44%,21.34%,-0.555931,2026-09-18
LCID,4.09,2026-09-25,6,Put,4.50,+10.02%,0.29,0.45,0.56,1396,400,3.49,85.22%,59.78%,-0.8871,2026-09-18
MSFT,493.78,2026-09-25,6,Put,477.50,-3.30%,1.06,1.3,1.46,841,242,3.48,25.44%,25.73%,-0.147746,2026-09-18
APP,308.06,2026-09-25,6,Put,292.50,-5.05%,2.4,2.51,2.8,1397,402,3.48,57.02%,53.18%,-0.211249,2026-09-18
SKHY,187.5,2026-09-25,6,Put,185.00,-1.33%,4.25,4.35,4.35,1443,415,3.48,59.97%,57.78%,-0.411009,2026-09-18
BKNG,167.9,2026-10-16,27,Put,150.00,-10.66%,0.2,1.3,1.3,2366,679,3.48,37.79%,33.89%,-0.098736,2026-09-18
COIN,194.25,2026-09-25,6,Put,170.00,-12.48%,0.49,0.51,0.54,2464,710,3.47,66.28%,70.92%,-0.064501,2026-09-18
BX,124.96,2026-09-25,6,Put,120.00,-3.97%,0.64,0.81,0.82,8242,2375,3.47,36.45%,39.16%,-0.202654,2026-09-18
WMT,106.73,2026-10-09,20,Put,103.00,-3.49%,0.55,0.75,0.94,528,152,3.47,23.68%,21.95%,-0.22856,2026-09-18
MU,1015.8,2026-09-25,6,Call,"1,060.00",-4.35%,10.8,11.11,11.5,1543,445,3.47,59.82%,52.11%,0.275785,2026-09-18
NOK,10.68,2026-10-23,34,Put,9.00,-15.73%,0.19,0.22,0.22,2689,777,3.46,59.80%,65.13%,-0.165613,2026-09-18
MSTR,153.92,2026-09-25,6,Put,135.00,-12.29%,0.55,0.56,0.57,5204,1509,3.45,71.41%,75.60%,-0.079656,2026-09-18
MBI,4.39,2026-12-18,90,Put,4.00,-8.88%,0.2,0.24,0.35,800,232,3.45,83.96%,42.96%,-0.366313,2026-09-18
CAVA,51.64,2026-09-25,6,Put,50.00,-3.18%,0.62,0.82,0.91,805,233,3.45,55.79%,55.75%,-0.310471,2026-09-18
DIS,102.67,2026-09-25,6,Put,104.00,+1.30%,1.86,2.11,2.23,960,278,3.45,25.40%,24.21%,-0.653853,2026-09-18
INTC,108.6,2026-09-25,6,Call,117.00,-7.73%,1.06,1.1,1.13,1385,402,3.45,63.94%,68.31%,0.211538,2026-09-18
APP,308.06,2026-09-25,6,Put,300.00,-2.62%,4.4,4.7,5,1466,425,3.45,57.02%,52.50%,-0.331712,2026-09-18
CRCL,91.78,2026-10-09,20,Call,92.00,-0.24%,6.05,6.45,7,1777,515,3.45,75.86%,76.44%,0.534741,2026-09-18
AFRM,71.21,2026-10-16,27,Call,70.00,+1.70%,4.6,4.75,4.85,1951,566,3.45,52.91%,52.16%,0.583432,2026-09-18
HOOD,119.82,2026-10-09,20,Call,150.00,-25.19%,0.79,0.77,0.87,971,282,3.44,63.33%,69.00%,0.097187,2026-09-18
NBIS,223.54,2026-10-16,27,Call,170.00,+23.95%,54.35,55.92,58.45,903,263,3.43,80.64%,83.71%,0.90796,2026-09-18
TSLA,364.27,2026-09-28,9,Call,365.00,-0.20%,8.1,8.23,8.25,1324,386,3.43,41.14%,36.69%,0.503824,2026-09-18
RDDT,150.85,2026-09-25,6,Call,162.50,-7.72%,0.94,1.08,1.2,1669,486,3.43,58.66%,59.74%,0.177427,2026-09-18
ASST,30.09,2026-09-25,6,Call,33.00,-9.67%,0.26,0.33,0.38,875,256,3.42,79.68%,79.28%,0.197225,2026-09-18
MSFT,493.78,2026-09-23,4,Put,500.00,+1.26%,7.95,7.8,9.8,597,175,3.41,25.44%,25.47%,-0.673127,2026-09-18
COIN,194.25,2026-09-25,6,Put,177.50,-8.62%,1.25,1.26,1.31,852,250,3.41,66.28%,68.60%,-0.141085,2026-09-18
IBRX,8.48,2026-09-25,6,Put,8.00,-5.66%,0.1,0.15,0.2,988,290,3.41,97.14%,80.39%,-0.266956,2026-09-18
TSLA,364.27,2026-09-21,2,Put,372.50,+2.26%,8.8,9,9.15,2226,654,3.4,41.14%,31.77%,-0.825401,2026-09-18
GM,82.2,2026-09-25,6,Call,86.00,-4.62%,0.18,0.32,0.44,530,157,3.38,34.50%,34.77%,0.163173,2026-09-18
OKTA,182.37,2026-10-16,27,Call,180.00,+1.30%,10.7,11.25,12.45,1839,546,3.37,51.52%,51.41%,0.572477,2026-09-18
AAPL,336.13,2026-09-21,2,Put,337.50,+0.41%,2.49,3.3,3.3,3755,1113,3.37,23.55%,21.85%,-0.592982,2026-09-18
AAPL,336.13,2026-09-21,2,Call,340.00,-1.15%,0.49,0.55,0.6,27546,8184,3.37,23.55%,18.65%,0.209137,2026-09-18
VST,140.67,2026-09-25,6,Put,136.00,-3.32%,1.12,1.25,1.3,506,151,3.35,43.22%,42.43%,-0.255939,2026-09-18
YUMC,41.12,2026-10-16,27,Call,45.00,-9.44%,0,0.15,0.2,669,200,3.35,27.77%,23.48%,0.085119,2026-09-18
HNRG,15.12,2027-01-15,118,Call,15.00,+0.79%,2.1,2.38,2.55,1002,299,3.35,62.12%,65.16%,0.589393,2026-09-18
MU,1015.8,2026-09-25,6,Call,"1,005.00",+1.06%,31.45,32.57,33.55,1296,387,3.35,59.82%,51.14%,0.581125,2026-09-18
TSLA,364.27,2026-10-23,34,Call,365.00,-0.20%,19.9,20.17,20.2,2446,733,3.34,41.14%,44.68%,0.531419,2026-09-18
MSTR,153.92,2026-09-25,6,Call,195.00,-26.69%,0.32,0.33,0.33,649,195,3.33,71.41%,102.31%,0.041529,2026-09-18
PANW,363.58,2026-09-25,6,Call,360.00,+0.98%,10.35,11.12,11.25,872,262,3.33,49.37%,47.43%,0.580422,2026-09-18
COIN,194.25,2026-09-25,6,Call,250.00,-28.70%,0.17,0.21,0.22,1249,375,3.33,66.28%,95.36%,0.022881,2026-09-18
TAP,37.53,2026-10-16,27,Call,40.00,-6.58%,0.4,0.45,0.7,1870,561,3.33,30.38%,35.18%,0.264299,2026-09-18
AAOI,105.17,2026-09-25,6,Put,110.00,+4.59%,7.5,8,8.2,736,222,3.32,88.81%,93.00%,-0.623041,2026-09-18
AVGO,357.61,2026-09-30,11,Call,360.00,-0.67%,6.55,6.95,7.3,1146,345,3.32,35.69%,31.89%,0.46928,2026-09-18
TSLA,364.27,2026-09-25,6,Call,375.00,-2.95%,3.45,3.55,3.5,11154,3363,3.32,41.14%,40.22%,0.299564,2026-09-18
BULL,8.25,2026-10-02,13,Call,8.00,+3.03%,0.5,0.54,0.57,4175,1262,3.31,63.10%,64.03%,0.627722,2026-09-18
INTC,108.6,2026-09-21,2,Call,116.00,-6.81%,0.12,0.13,0.15,4946,1495,3.31,63.94%,58.34%,0.066704,2026-09-18
BA,198.2,2026-10-16,27,Call,210.00,-5.95%,2.5,2.55,2.55,5261,1588,3.31,30.65%,31.17%,0.25941,2026-09-18
AAPL,336.13,2026-09-25,6,Put,332.50,-1.08%,2.56,2.65,2.75,3424,1037,3.3,23.55%,25.08%,-0.356394,2026-09-18
GOOG,344.41,2026-09-25,6,Call,355.00,-3.07%,1.84,1.87,2.08,4610,1398,3.3,31.25%,31.97%,0.240392,2026-09-18
BULL,8.25,2029-01-19,853,Call,12.50,-51.52%,1.84,2.12,2.5,514,156,3.29,63.10%,61.20%,0.551247,2026-09-18
XYL,107.56,2026-10-16,27,Call,115.00,-6.92%,0.45,0.99,1.45,1401,426,3.29,28.57%,28.42%,0.20949,2026-09-18
NOK,10.68,2026-10-02,13,Put,10.50,-1.69%,0.35,0.4,0.4,603,184,3.28,59.80%,58.14%,-0.414226,2026-09-18
MU,1015.8,2026-09-25,6,Put,"1,000.00",-1.56%,19,19.15,20,2332,714,3.27,59.82%,52.16%,-0.391562,2026-09-18
META,665.75,2026-09-25,6,Call,685.00,-2.89%,6.95,7.1,7.6,3887,1190,3.27,39.46%,42.99%,0.315673,2026-09-18
C,131.77,2026-09-25,6,Call,137.00,-3.97%,0.35,0.44,0.47,896,274,3.27,32.19%,29.59%,0.158788,2026-09-18
AMC,2.7,2026-10-16,27,Call,2.00,+25.93%,0.68,0.74,0.76,1401,429,3.27,77.77%,82.83%,0.924978,2026-09-18
AIG,75.33,2026-11-20,62,Call,77.50,-2.88%,2,2.8,2.9,560,172,3.26,22.87%,26.93%,0.425199,2026-09-18
LULU,98.06,2026-09-25,6,Call,103.00,-5.04%,0.42,0.48,0.61,1123,345,3.26,40.49%,41.22%,0.186069,2026-09-18
C,131.77,2026-09-25,6,Put,132.00,+0.17%,1.91,1.98,2.13,500,154,3.25,32.19%,28.49%,-0.50905,2026-09-18
GOOGL,349.54,2026-10-02,13,Call,375.00,-7.28%,1.25,1.49,1.52,2314,713,3.25,31.26%,32.09%,0.133289,2026-09-18
NVDA,222.27,2026-09-25,6,Put,217.50,-2.15%,1.62,1.7,1.71,10566,3253,3.25,32.11%,31.91%,-0.287067,2026-09-18
JBHT,234.25,2027-01-15,118,Call,300.00,-28.07%,1.45,3.09,3.8,557,172,3.24,38.29%,33.78%,0.126829,2026-09-18
TSLA,364.27,2026-09-23,4,Call,382.50,-5.00%,0.97,1.01,1.01,1645,508,3.24,41.14%,40.41%,0.130494,2026-09-18
MSTR,153.92,2026-09-25,6,Put,128.00,-16.84%,0.2,0.23,0.22,1065,330,3.23,71.41%,80.44%,-0.032525,2026-09-18
HUT,98.74,2026-09-25,6,Call,95.00,+3.79%,6.3,6.89,7.4,753,234,3.22,94.56%,95.17%,0.648923,2026-09-18
TSLA,364.27,2026-09-25,6,Call,360.00,+1.17%,9.8,9.9,9.9,7515,2333,3.22,41.14%,39.93%,0.605509,2026-09-18
GOOG,344.41,2026-09-25,6,Put,322.50,-6.36%,0.36,0.4,0.4,523,163,3.21,31.25%,33.49%,-0.058871,2026-09-18
ARE,53.3,2027-01-15,118,Call,62.50,-17.26%,0.4,1.65,1.9,1173,365,3.21,41.89%,33.23%,0.217605,2026-09-18
META,665.75,2026-09-21,2,Put,672.50,+1.01%,10,11.3,11.55,1203,375,3.21,39.46%,35.19%,-0.64408,2026-09-18
SMCI,39.09,2026-09-25,6,Put,38.50,-1.51%,1.04,1.07,1.11,1580,492,3.21,71.15%,68.50%,-0.411871,2026-09-18
TSM,434.67,2026-09-25,6,Call,442.50,-1.80%,3.05,3.4,3.8,1775,553,3.21,32.90%,29.16%,0.327789,2026-09-18
MARA,13.24,2026-09-25,6,Put,13.50,+1.96%,0.72,0.74,0.75,1291,403,3.2,85.36%,87.82%,-0.544755,2026-09-18
SIDU,1.97,2027-02-19,153,Put,2.00,+1.52%,0.4,0.55,0.8,1900,593,3.2,103.66%,120.50%,-0.350554,2026-09-18
MU,1015.8,2026-09-21,2,Call,980.00,+3.52%,36.5,37.56,39.05,3074,961,3.2,59.82%,41.31%,0.883999,2026-09-18
WULF,17.01,2026-09-25,6,Put,17.50,+2.88%,0.97,1.06,1.03,523,164,3.19,81.83%,79.28%,-0.599287,2026-09-18
NVDA,222.27,2026-09-23,4,Put,222.50,+0.10%,2.93,3.07,3.1,845,266,3.18,32.11%,31.59%,-0.502542,2026-09-18
WYNN,81.68,2026-11-20,62,Call,90.00,-10.19%,1.81,2,2.22,1479,465,3.18,32.21%,35.72%,0.288294,2026-09-18
TSLA,364.27,2026-09-25,6,Put,365.00,+0.20%,7.55,7.55,7.7,5405,1701,3.18,41.14%,39.44%,-0.502016,2026-09-18
NFLX,71.79,2026-10-23,34,Put,60.00,-16.42%,0.33,0.36,0.36,822,259,3.17,33.68%,43.78%,-0.075913,2026-09-18
MU,1015.8,2026-09-25,6,Call,"1,035.00",-1.89%,18.05,18.56,19.25,964,304,3.17,59.82%,51.38%,0.404205,2026-09-18
META,665.75,2026-12-18,90,Put,670.00,+0.64%,53.7,54.75,54.6,1977,623,3.17,39.46%,41.44%,-0.459413,2026-09-18
AAPL,336.13,2027-09-17,363,Call,335.00,+0.34%,43.4,45,45.7,2163,682,3.17,23.55%,28.91%,0.609242,2026-09-18
GOOG,344.41,2026-11-20,62,Put,315.00,-8.54%,6.5,7.49,7.8,2334,738,3.16,31.25%,34.69%,-0.232273,2026-09-18
META,665.75,2026-09-25,6,Call,705.00,-5.90%,3.05,3.15,3.4,3563,1128,3.16,39.46%,44.20%,0.165259,2026-09-18
TTD,13.92,2026-09-25,6,Put,14.00,+0.57%,0.36,0.36,0.44,3705,1174,3.16,59.68%,50.79%,-0.519248,2026-09-18
AAPL,336.13,2026-09-23,4,Call,342.50,-1.90%,0.85,0.89,0.99,7297,2309,3.16,23.55%,21.80%,0.213221,2026-09-18
GDS,32.79,2026-10-16,27,Call,32.00,+2.41%,2,2.4,3.3,621,197,3.15,56.00%,62.30%,0.596585,2026-09-18
AUR,6.31,2026-09-25,6,Call,6.00,+4.91%,0.3,0.5,0.55,584,186,3.14,66.17%,74.96%,0.718535,2026-09-18
INTC,108.6,2026-09-21,2,Put,105.00,-3.31%,0.43,0.45,0.47,3849,1224,3.14,63.94%,53.01%,-0.188687,2026-09-18
MSTR,153.92,2026-09-25,6,Put,130.00,-15.54%,0.27,0.28,0.28,7227,2299,3.14,71.41%,78.74%,-0.041911,2026-09-18
SPCX,152.71,2026-09-25,6,Call,157.50,-3.14%,2.08,2.11,2.14,9703,3102,3.13,50.13%,50.83%,0.332785,2026-09-18
HOOD,119.82,2026-10-02,13,Call,117.00,+2.35%,7.15,7.29,7.4,558,178,3.13,63.33%,63.64%,0.606094,2026-09-18
META,665.75,2026-10-02,13,Call,675.00,-1.39%,15.45,15.75,16.35,773,248,3.12,39.46%,39.35%,0.44712,2026-09-18
MARA,13.24,2027-03-19,181,Call,13.00,+1.81%,3.3,3.45,3.45,2737,876,3.12,85.36%,86.87%,0.643601,2026-09-18
MRVL,244.25,2026-09-25,6,Call,250.00,-2.35%,4.7,5.77,6.05,7528,2414,3.12,66.35%,62.24%,0.40342,2026-09-18
CRWV,81.36,2028-01-21,489,Call,170.00,-108.95%,11.5,11.3,12.35,3199,1030,3.11,75.97%,75.97%,0.368211,2026-09-18
AMZN,253.71,2026-09-21,2,Call,260.00,-2.48%,0.17,0.2,0.21,7681,2468,3.11,30.81%,24.34%,0.090238,2026-09-18
F,13.21,2026-10-23,34,Call,14.00,-5.98%,0.21,0.25,0.29,843,271,3.11,34.22%,33.96%,0.302435,2026-09-18
IBM,229.55,2026-09-25,6,Call,240.00,-4.55%,0.8,0.94,1,1980,636,3.11,34.96%,35.07%,0.167184,2026-09-18
GOOGL,349.54,2026-09-23,4,Call,365.00,-4.42%,0.44,0.51,0.58,777,251,3.1,31.26%,31.11%,0.096554,2026-09-18
EQNR,44.09,2026-10-16,27,Put,41.00,-7.01%,0.55,0.65,0.75,1524,492,3.1,38.83%,38.90%,-0.227898,2026-09-18
BTDR,12.97,2026-10-02,13,Put,9.00,-30.61%,0,0.13,0.25,516,167,3.09,95.85%,145.67%,-0.070643,2026-09-18
MU,1015.8,2026-09-21,2,Call,"1,100.00",-8.29%,0.2,0.22,0.23,1854,600,3.09,59.82%,49.75%,0.016236,2026-09-18
FISV,47.19,2026-10-16,27,Call,50.00,-5.95%,0.9,1,1,711,231,3.08,38.68%,38.22%,0.316085,2026-09-18
HPE,60.76,2027-06-17,271,Call,80.00,-31.67%,7.6,7.85,8.6,1202,390,3.08,61.90%,65.36%,0.430829,2026-09-18
TSLA,364.27,2026-09-28,9,Call,390.00,-7.06%,1.48,1.63,1.53,1236,401,3.08,41.14%,38.39%,0.138428,2026-09-18
MRNA,154.04,2026-09-25,6,Call,165.00,-7.12%,1.84,1.9,1.98,9975,3239,3.08,69.08%,71.05%,0.241184,2026-09-18
AAPL,336.13,2028-01-21,489,Call,290.00,+13.72%,79.15,81.49,82.15,4480,1460,3.07,23.55%,31.78%,0.761429,2026-09-18
NFLX,71.79,2026-10-16,27,Call,72.50,-0.99%,2.28,2.3,2.31,7029,2288,3.07,33.68%,32.56%,0.485425,2026-09-18
TSLA,364.27,2026-09-28,9,Put,365.00,+0.20%,8.3,8.6,8.65,648,211,3.07,41.14%,36.14%,-0.497884,2026-09-18
CLX,83.1,2028-01-21,489,Call,90.00,-8.30%,9,9.8,10,1067,348,3.07,32.32%,34.96%,0.459919,2026-09-18
DKNG,21.75,2026-09-25,6,Call,22.00,-1.15%,0.46,0.53,0.62,533,174,3.06,53.77%,58.27%,0.457133,2026-09-18
AMD,559.82,2026-09-23,4,Call,550.00,+1.75%,17,17,17.5,573,187,3.06,52.39%,49.83%,0.645442,2026-09-18
SOFI,16.96,2029-01-19,853,Call,20.00,-17.92%,5.6,5.6,5.7,622,203,3.06,46.08%,60.18%,0.650861,2026-09-18
TGT,158.19,2026-09-25,6,Put,157.50,-0.44%,1.82,2.09,2.23,732,239,3.06,30.65%,29.27%,-0.444903,2026-09-18
ALAB,303.25,2026-09-25,6,Put,270.00,-10.96%,1.15,2,3.05,907,296,3.06,76.96%,82.98%,-0.125075,2026-09-18
UPST,25,2026-10-02,13,Call,27.00,-8.00%,0.36,0.41,0.41,2386,780,3.06,59.41%,56.25%,0.254677,2026-09-18
NBIS,223.54,2026-09-25,6,Call,220.00,+1.58%,10.8,10.94,10.95,4766,1558,3.06,80.64%,78.69%,0.584961,2026-09-18
AMC,2.7,2026-10-30,41,Call,3.00,-11.11%,0.13,0.19,0.23,3639,1192,3.05,77.77%,81.26%,0.398529,2026-09-18
SPCX,152.71,2026-10-02,13,Call,180.00,-17.87%,0.4,0.43,0.45,4034,1322,3.05,50.13%,54.94%,0.064081,2026-09-18
AMD,559.82,2026-09-21,2,Call,600.00,-7.18%,0.13,0.15,0.15,674,221,3.05,52.39%,45.30%,0.020464,2026-09-18
IONQ,39.13,2026-09-25,6,Put,37.00,-5.44%,0.5,0.55,0.58,834,273,3.05,68.05%,69.48%,-0.248627,2026-09-18
TSLA,364.27,2026-10-02,13,Put,362.50,-0.49%,10.2,10.3,10.35,855,280,3.05,41.14%,41.46%,-0.454438,2026-09-18
BABA,113.24,2026-09-25,6,Put,112.00,-1.10%,2.31,2.39,2.55,916,300,3.05,44.38%,52.28%,-0.421358,2026-09-18
CBRS,198.37,2026-09-25,6,Call,190.00,+4.22%,9,11.95,14.9,1114,365,3.05,72.44%,69.46%,0.703796,2026-09-18
INTC,108.6,2026-09-21,2,Call,113.00,-4.05%,0.37,0.39,0.42,1295,425,3.05,63.94%,54.92%,0.170414,2026-09-18
APP,308.06,2026-09-25,6,Put,305.00,-0.99%,6.3,6.48,7.1,1396,457,3.05,57.02%,52.39%,-0.424821,2026-09-18
LRCX,288.11,2026-09-25,6,Call,272.50,+5.42%,16.75,17,18.85,567,187,3.03,56.59%,51.68%,0.811084,2026-09-18
HOOD,119.82,2026-10-02,13,Call,119.00,+0.68%,6.15,6.15,6.35,819,270,3.03,63.33%,64.04%,0.550908,2026-09-18
BULL,8.25,2026-09-25,6,Call,7.50,+9.09%,0.68,0.8,0.86,1295,427,3.03,63.10%,50.47%,0.935069,2026-09-18
AGRO,11.46,2027-03-19,181,Put,10.00,-12.74%,0.75,0.9,1,763,253,3.02,53.19%,50.31%,-0.283087,2026-09-18
CRM,237.92,2026-10-02,13,Put,225.00,-5.43%,1.98,2.25,2.36,1240,411,3.02,38.63%,39.15%,-0.210363,2026-09-18
APP,308.06,2026-09-25,6,Put,290.00,-5.86%,1.9,1.85,2.2,1813,601,3.02,57.02%,53.01%,-0.175949,2026-09-18
ORCL,147.61,2026-10-30,41,Put,120.00,-18.70%,1.29,1.37,1.46,2177,720,3.02,49.00%,52.99%,-0.102186,2026-09-18
CRCL,91.78,2026-09-25,6,Call,95.00,-3.51%,2.37,2.5,2.63,2214,732,3.02,75.86%,81.26%,0.392344,2026-09-18
BABA,113.24,2026-09-25,6,Call,117.00,-3.32%,1.64,1.64,1.77,1885,627,3.01,44.38%,55.13%,0.334607,2026-09-18
AAPL,336.13,2026-09-25,6,Call,342.50,-1.90%,1.51,1.62,1.75,7439,2473,3.01,23.55%,22.95%,0.272576,2026-09-18
INTC,108.6,2026-09-25,6,Put,105.00,-3.31%,1.92,2.03,2.03,4268,1424,3,63.94%,64.14%,-0.323962,2026-09-18
ASTS,58.52,2026-10-30,41,Call,80.00,-36.71%,1.05,1.13,1.22,534,178,3,72.24%,80.13%,0.15516,2026-09-18
DELL,568.06,2026-09-25,6,Call,602.50,-6.06%,5.8,6.1,6.55,585,195,3,60.12%,61.60%,0.242174,2026-09-18
RGTI,15.76,2026-09-25,6,Call,15.00,+4.82%,1,1.25,1.25,957,319,3,71.93%,85.47%,0.695444,2026-09-18
COST,895.31,2026-09-25,6,Put,890.00,-0.59%,11.7,13.25,13,1089,363,3,24.00%,32.92%,-0.431848,2026-09-18
HBAN,15.88,2027-04-16,209,Put,10.00,-37.03%,0,0.11,0.4,2100,701,3,26.27%,47.20%,-0.068695,2026-09-18
GRAB,2.8,2027-04-16,209,Put,4.00,+42.86%,0.94,1.33,1.48,500,167,2.99,59.64%,36.14%,-0.927533,2026-09-18
HBAN,15.88,2027-04-16,209,Put,13.00,-18.14%,0.1,0.35,0.65,900,301,2.99,26.27%,31.58%,-0.165432,2026-09-18
JD,26.92,2026-09-25,6,Put,26.50,-1.56%,0.22,0.22,0.27,1332,445,2.99,30.67%,29.72%,-0.347952,2026-09-18
AAPL,336.13,2026-09-23,4,Put,330.00,-1.82%,1.14,1.12,1.26,2286,764,2.99,23.55%,24.89%,-0.232131,2026-09-18
SPCX,152.71,2026-09-25,6,Put,152.50,-0.14%,3.7,3.75,3.85,8932,2991,2.99,50.13%,50.22%,-0.475674,2026-09-18
ORCL,147.61,2026-09-25,6,Call,145.00,+1.77%,5.1,5.37,5.25,3102,1041,2.98,49.00%,49.36%,0.625202,2026-09-18
GOOGL,349.54,2026-10-30,41,Call,375.00,-7.28%,6.8,7.6,8.4,546,183,2.98,31.26%,35.14%,0.306653,2026-09-18
SMCI,39.09,2026-10-09,20,Call,39.00,+0.23%,2.58,2.63,2.7,667,224,2.98,71.15%,70.24%,0.54313,2026-09-18
BE,265.63,2026-09-25,6,Put,270.00,+1.65%,12.65,13,13.45,1053,353,2.98,78.94%,78.93%,-0.542277,2026-09-18
RGTI,15.76,2026-09-25,6,Call,15.50,+1.65%,0.67,0.72,0.74,2083,698,2.98,71.93%,70.11%,0.593546,2026-09-18
META,665.75,2026-09-25,6,Put,565.00,-15.13%,0.1,0.39,0.21,514,173,2.97,39.46%,55.55%,-0.009478,2026-09-18
CMCSA,22.74,2027-03-19,181,Put,21.00,-7.65%,1.23,1.39,1.63,618,208,2.97,28.48%,35.19%,-0.330944,2026-09-18
META,665.75,2026-09-21,2,Put,655.00,-1.61%,2.3,2.6,2.91,1535,517,2.97,39.46%,34.24%,-0.254176,2026-09-18
CCJ,91.62,2026-10-16,27,Call,100.00,-9.15%,1.75,1.95,2.16,5429,1825,2.97,44.79%,48.38%,0.279725,2026-09-18
BMNR,25.99,2026-09-25,6,Call,28.00,-7.73%,0.42,0.44,0.48,6342,2133,2.97,79.08%,86.35%,0.270114,2026-09-18
NVDA,222.27,2026-09-21,2,Put,215.00,-3.27%,0.18,0.2,0.2,10505,3545,2.96,32.11%,32.19%,-0.078629,2026-09-18
COIN,194.25,2026-09-25,6,Put,172.50,-11.20%,0.64,0.78,0.75,677,229,2.96,66.28%,69.82%,-0.084173,2026-09-18
META,665.75,2026-09-25,6,Call,677.50,-1.76%,9.3,9.62,10,1052,356,2.96,39.46%,42.64%,0.388668,2026-09-18
LUXE,10.08,2026-10-16,27,Call,10.00,+0.79%,0.55,0.56,0.7,1218,413,2.95,57.78%,52.44%,0.558046,2026-09-18
APH,77.55,2026-11-20,62,Call,80.00,-3.16%,4.9,4.9,5.3,4246,1437,2.95,41.99%,47.38%,0.482767,2026-09-18
SPCX,152.71,2026-09-25,6,Call,172.50,-12.96%,0.21,0.22,0.25,2988,1016,2.94,50.13%,56.55%,0.050893,2026-09-18
AVGO,357.61,2026-09-25,6,Call,375.00,-4.86%,1.19,1.25,1.32,3610,1227,2.94,35.69%,35.05%,0.153015,2026-09-18
WULF,17.01,2026-11-20,62,Put,15.00,-11.82%,1.25,1.32,1.38,7543,2565,2.94,81.83%,77.18%,-0.310879,2026-09-18
TSLA,364.27,2026-09-23,4,Call,357.50,+1.86%,9.8,10.2,10.1,676,230,2.94,41.14%,38.87%,0.688369,2026-09-18
RKLB,64.57,2026-09-25,6,Put,64.00,-0.88%,1.77,1.8,2,995,339,2.94,67.75%,66.14%,-0.439299,2026-09-18
AVGO,357.61,2026-09-28,9,Call,370.00,-3.46%,2.28,2.28,2.94,516,176,2.93,35.69%,31.09%,0.255036,2026-09-18
TSLA,364.27,2026-10-02,13,Call,382.50,-5.00%,5.1,5.77,5.25,761,260,2.93,41.14%,42.80%,0.291756,2026-09-18
FAST,49.01,2026-12-18,90,Put,47.50,-3.08%,1,1.9,2.85,1001,342,2.93,32.06%,28.33%,-0.373461,2026-09-18
NTNX,69.8,2026-10-16,27,Call,80.00,-14.61%,0.3,0.45,0.45,1202,410,2.93,37.71%,38.55%,0.110662,2026-09-18
APLD,28.12,2026-09-25,6,Call,28.50,-1.35%,0.86,0.89,1.05,1375,470,2.93,90.94%,77.90%,0.468717,2026-09-18
HOOD,119.82,2026-09-25,6,Call,122.00,-1.82%,2.9,3.19,3.25,5357,1826,2.93,63.33%,65.39%,0.434057,2026-09-18
TSLA,364.27,2026-09-21,2,Put,350.00,-3.92%,0.32,0.33,0.34,6400,2182,2.93,41.14%,37.55%,-0.072406,2026-09-18
NKE,35.51,2026-10-02,13,Call,36.00,-1.38%,1.4,1.42,1.51,742,254,2.92,47.93%,63.01%,0.476248,2026-09-18
MRVL,244.25,2026-09-25,6,Put,240.00,-1.74%,5.8,6.03,7.05,1113,383,2.91,66.35%,68.13%,-0.401201,2026-09-18
MSTR,153.92,2026-10-02,13,Call,200.00,-29.94%,0.81,0.82,0.86,1327,456,2.91,71.41%,90.73%,0.075455,2026-09-18
AA,44.43,2026-10-16,27,Call,50.00,-12.54%,0.75,0.83,0.85,10851,3732,2.91,53.83%,52.82%,0.23063,2026-09-18
GOOG,344.41,2026-09-25,6,Put,327.50,-4.91%,0.66,0.76,0.77,1310,451,2.9,31.25%,32.04%,-0.104074,2026-09-18
AAPL,336.13,2026-09-25,6,Put,317.50,-5.54%,0.26,0.28,0.31,1786,615,2.9,23.55%,28.30%,-0.054397,2026-09-18
TSLA,364.27,2026-09-23,4,Call,372.50,-2.26%,2.75,2.8,2.81,1968,678,2.9,41.14%,38.82%,0.301641,2026-09-18
AVGO,357.61,2026-09-23,4,Call,357.50,+0.03%,4.7,4.95,4.95,540,187,2.89,35.69%,31.57%,0.514107,2026-09-18
AAPL,336.13,2026-09-25,6,Put,337.50,+0.41%,4.6,4.75,5,1270,439,2.89,23.55%,24.19%,-0.54077,2026-09-18
ORCL,147.61,2026-09-25,6,Call,148.00,-0.26%,3.5,3.55,3.6,2943,1018,2.89,49.00%,49.17%,0.498139,2026-09-18
LRCX,288.11,2026-10-16,27,Call,300.00,-4.13%,12.15,12.65,12.65,2994,1036,2.89,56.59%,54.72%,0.428035,2026-09-18
INTC,108.6,2027-02-19,153,Put,45.00,-58.56%,0.33,0.34,0.52,2530,880,2.88,63.94%,75.06%,-0.018599,2026-09-18
IREN,46.68,2026-09-25,6,Put,45.00,-3.60%,1.17,1.2,1.25,3158,1097,2.88,83.90%,83.00%,-0.343665,2026-09-18
AMD,559.82,2026-10-23,34,Put,400.00,-28.55%,0.56,1.33,1.34,624,217,2.88,52.39%,58.73%,-0.023689,2026-09-18
META,665.75,2026-09-23,4,Call,690.00,-3.64%,2.85,3.1,3.2,1088,378,2.88,39.46%,39.40%,0.200952,2026-09-18
ONDS,7.39,2026-10-23,34,Put,7.00,-5.28%,0.36,0.43,0.45,1190,413,2.88,69.42%,67.35%,-0.351824,2026-09-18
NFLX,71.79,2026-10-02,13,Put,68.00,-5.28%,0.41,0.43,0.43,703,245,2.87,33.68%,32.29%,-0.17375,2026-09-18
SJM,122.95,2026-10-16,27,Call,120.00,+2.40%,4.7,5.31,5.5,845,294,2.87,25.24%,26.03%,0.646553,2026-09-18
NFLX,71.79,2028-06-16,636,Call,160.00,-122.87%,1.78,2.25,2.9,1254,437,2.87,33.68%,41.51%,0.144628,2026-09-18
HOOD,119.82,2026-09-25,6,Put,97.00,-19.05%,0.08,0.1,0.13,1754,611,2.87,63.33%,83.67%,-0.021266,2026-09-18
ABVX,105.04,2026-09-25,6,Put,85.00,-19.08%,0.3,0.35,0.45,521,182,2.86,78.92%,109.32%,-0.056549,2026-09-18
CSCO,109.51,2028-06-16,636,Put,90.00,-17.82%,7.65,9.23,9.45,673,235,2.86,31.07%,35.09%,-0.22957,2026-09-18
AAPL,336.13,2026-10-02,13,Call,337.50,-0.41%,5,5.4,5.4,868,303,2.86,23.55%,22.39%,0.4811,2026-09-18
CHD,94.75,2026-10-16,27,Call,95.00,-0.26%,2,2.37,2.8,997,348,2.86,23.07%,23.78%,0.506827,2026-09-18
AI,10.48,2026-09-25,6,Put,11.00,+4.96%,0.57,0.63,0.75,1168,408,2.86,56.22%,62.50%,-0.712249,2026-09-18
GOOG,344.41,2026-10-23,34,Call,400.00,-16.14%,1.02,1.25,1.27,739,259,2.85,31.25%,32.56%,0.077217,2026-09-18
HOOD,119.82,2026-10-02,13,Put,115.00,-4.02%,3.4,3.42,3.5,794,279,2.85,63.33%,63.21%,-0.339782,2026-09-18
BA,198.2,2026-09-25,6,Call,197.50,+0.35%,3.5,3.7,3.9,912,320,2.85,30.65%,33.08%,0.540851,2026-09-18
SPCX,152.71,2026-09-25,6,Put,157.50,+3.14%,6.75,6.75,6.9,1128,396,2.85,50.13%,50.95%,-0.667952,2026-09-18
BILI,14.9,2026-10-16,27,Call,16.00,-7.38%,0.16,0.32,0.38,1742,611,2.85,44.64%,40.06%,0.282755,2026-09-18
TEM,77.84,2026-09-25,6,Call,80.00,-2.77%,2.09,2.19,2.4,842,297,2.84,73.67%,79.10%,0.415534,2026-09-18
NBIS,223.54,2026-10-09,20,Put,210.00,-6.06%,9.15,10.13,10.45,1635,576,2.84,80.64%,78.21%,-0.329229,2026-09-18
SBET,9.35,2026-11-20,62,Call,15.00,-60.43%,0.3,0.33,0.42,2597,917,2.83,84.37%,104.92%,0.194247,2026-09-18
SOUN,5.93,2026-09-25,6,Call,6.00,-1.18%,0.14,0.14,0.15,3070,1084,2.83,60.85%,57.79%,0.454894,2026-09-18
SLS,11.49,2027-01-15,118,Call,12.00,-4.44%,4.6,4.75,5.1,7724,2729,2.83,172.26%,200.30%,0.706156,2026-09-18
AVGO,357.61,2026-09-23,4,Call,360.00,-0.67%,3.6,3.8,3.95,1201,425,2.83,35.69%,32.23%,0.432012,2026-09-18
TSLA,364.27,2026-09-30,11,Put,360.00,-1.17%,7.3,7.4,7.55,559,198,2.82,41.14%,38.13%,-0.411077,2026-09-18
IREN,46.68,2026-09-25,6,Put,46.00,-1.46%,1.5,1.64,1.8,691,245,2.82,83.90%,83.70%,-0.422685,2026-09-18
BA,198.2,2026-10-16,27,Call,195.00,+1.61%,8.35,8.75,8.85,902,320,2.82,30.65%,32.52%,0.587888,2026-09-18
COIN,194.25,2026-09-25,6,Put,155.00,-20.21%,0.13,0.15,0.16,2576,913,2.82,66.28%,86.36%,-0.017917,2026-09-18
UBER,70.5,2026-09-25,6,Call,71.00,-0.71%,0.93,0.96,1,3324,1183,2.81,33.58%,32.61%,0.446756,2026-09-18
MSTR,153.92,2026-09-25,6,Put,120.00,-22.04%,0.1,0.1,0.11,9125,3245,2.81,71.41%,92.74%,-0.015482,2026-09-18
META,665.75,2026-09-23,4,Call,680.00,-2.14%,5.05,5.2,5.75,926,329,2.81,39.46%,39.21%,0.313231,2026-09-18
GLW,150.13,2026-09-25,6,Call,180.00,-19.90%,0.1,0.11,0.13,977,348,2.81,58.19%,69.55%,0.023586,2026-09-18
BA,198.2,2026-09-25,6,Call,195.00,+1.61%,4.7,5.42,5.45,1198,427,2.81,30.65%,32.19%,0.660151,2026-09-18
SKHY,187.5,2026-10-02,13,Put,155.00,-17.33%,0.44,0.55,0.64,696,249,2.8,59.97%,65.24%,-0.052894,2026-09-18
TSLA,364.27,2026-09-23,4,Put,355.00,-2.54%,2.28,2.3,2.35,1680,599,2.8,41.14%,38.98%,-0.254373,2026-09-18
MU,1015.8,2026-09-25,6,Call,990.00,+2.54%,40.55,42,42.5,1962,703,2.79,59.82%,51.21%,0.667736,2026-09-18
VALE,14.21,2026-10-16,27,Put,16.00,+12.60%,1.55,1.84,1.9,666,240,2.78,34.07%,23.43%,-0.964369,2026-09-18
AAPL,336.13,2026-09-25,6,Put,347.50,+3.38%,11.05,11.85,12.7,1455,523,2.78,23.55%,22.65%,-0.873152,2026-09-18
COIN,194.25,2026-10-16,27,Call,240.00,-23.55%,3,3.08,3.2,5286,1902,2.78,66.28%,72.10%,0.166814,2026-09-18
CLSK,14.47,2026-10-16,27,Put,11.00,-23.98%,0.14,0.17,0.19,5551,1998,2.78,79.72%,85.18%,-0.095103,2026-09-18
TSLA,364.27,2026-09-25,6,Put,360.00,-1.17%,5.2,5.25,5.4,8719,3137,2.78,41.14%,39.51%,-0.394366,2026-09-18
CMG,33.43,2026-09-25,6,Put,32.00,-4.28%,0.06,0.12,0.17,1102,398,2.77,36.63%,33.97%,-0.149644,2026-09-18
NBIS,223.54,2026-09-25,6,Put,230.00,+2.89%,12.35,12.8,13.2,1181,427,2.77,80.64%,79.90%,-0.588077,2026-09-18
QGEN,43.33,2026-10-16,27,Put,40.00,-7.69%,0.65,0.7,1.1,1515,549,2.76,45.26%,47.55%,-0.246076,2026-09-18
SPCX,152.71,2026-10-09,20,Call,155.00,-1.50%,6,5.85,6.2,1941,702,2.76,50.13%,49.12%,0.478201,2026-09-18
BA,198.2,2026-09-25,6,Put,190.00,-4.14%,0.42,0.55,0.58,2439,884,2.76,30.65%,29.72%,-0.129951,2026-09-18
SPCX,152.71,2026-09-25,6,Call,162.50,-6.41%,0.98,1.02,1.03,7054,2566,2.75,50.13%,51.90%,0.186278,2026-09-18
AMZN,253.71,2026-09-25,6,Call,255.00,-0.51%,3.2,3.22,3.3,12699,4624,2.75,30.81%,29.16%,0.459761,2026-09-18
MSTR,153.92,2026-10-09,20,Put,150.00,-2.55%,7.85,8.05,8.1,522,190,2.75,71.41%,70.10%,-0.401608,2026-09-18
NBIS,223.54,2026-10-02,13,Call,210.00,+6.06%,20.3,21,22,851,309,2.75,80.64%,80.44%,0.690078,2026-09-18
TSLA,364.27,2026-10-02,13,Call,362.50,+0.49%,12.55,12.75,12.9,940,342,2.75,41.14%,42.34%,0.546612,2026-09-18
SBUX,95.83,2026-09-25,6,Put,94.00,-1.91%,0.56,0.6,0.64,1602,583,2.75,27.81%,27.26%,-0.282994,2026-09-18
XFOR,3.58,2027-03-19,181,Call,7.50,-109.50%,0,0.15,0.35,1842,671,2.75,560.94%,86.28%,0.189176,2026-09-18
CAPR,9.06,2026-12-18,90,Call,50.00,-451.88%,0.2,0.6,0.75,2134,775,2.75,164.76%,214.15%,0.143278,2026-09-18
COF,202.43,2026-10-16,27,Call,210.00,-3.74%,2.95,3.5,3.7,682,249,2.74,29.31%,28.20%,0.336635,2026-09-18
AAPL,336.13,2026-09-23,4,Call,340.00,-1.15%,1.4,1.58,1.6,8210,3001,2.74,23.55%,21.32%,0.31364,2026-09-18
MKC,48.72,2026-10-16,27,Put,45.00,-7.64%,0.6,0.65,0.85,736,270,2.73,37.79%,40.87%,-0.220481,2026-09-18
XOM,163.54,2026-10-02,13,Call,165.00,-0.89%,2.62,2.76,3.2,1137,416,2.73,29.11%,28.84%,0.448431,2026-09-18
SNDK,1791.82,2026-10-02,13,Call,"2,000.00",-11.62%,35,36.87,37.6,1212,444,2.73,72.25%,77.13%,0.250299,2026-09-18
COST,895.31,2026-09-25,6,Put,855.00,-4.50%,2.25,2.6,2.95,573,211,2.72,24.00%,33.24%,-0.13287,2026-09-18
MSTR,153.92,2026-09-25,6,Call,143.00,+7.09%,12.45,12.76,12.95,907,333,2.72,71.41%,73.10%,0.799136,2026-09-18
CLSK,14.47,2026-09-25,6,Put,13.50,-6.70%,0.2,0.49,0.27,1425,524,2.72,79.72%,84.19%,-0.241422,2026-09-18
NKE,35.51,2026-09-25,6,Call,36.00,-1.38%,0.43,0.44,0.45,9104,3346,2.72,47.93%,36.00%,0.390797,2026-09-18
QCOM,177.72,2026-09-25,6,Call,185.00,-4.10%,1.9,1.95,2.1,2314,855,2.71,47.44%,51.44%,0.283609,2026-09-18
AMD,559.82,2026-09-21,2,Call,540.00,+3.54%,20.25,21,22.65,731,270,2.71,52.39%,47.55%,0.852569,2026-09-18
RBLX,47.82,2026-09-25,6,Call,48.00,-0.38%,1.22,1.39,1.56,958,353,2.71,59.56%,59.79%,0.498843,2026-09-18
IREN,46.68,2027-03-19,181,Call,55.00,-17.82%,8.95,8.67,9.4,1232,454,2.71,83.90%,89.82%,0.535141,2026-09-18
XYZ,76.28,2026-09-25,6,Put,74.00,-2.99%,0.58,0.63,0.68,604,224,2.7,39.93%,39.46%,-0.26255,2026-09-18
RUM,9.09,2026-09-25,6,Call,9.50,-4.51%,0.2,0.27,0.3,1157,429,2.7,87.90%,88.79%,0.37242,2026-09-18
SMCI,39.09,2026-09-25,6,Call,39.00,+0.23%,1.42,1.47,1.49,3938,1459,2.7,71.15%,70.03%,0.530774,2026-09-18
SOFI,16.96,2026-10-09,20,Call,17.50,-3.18%,0.47,0.48,0.5,14605,5415,2.7,46.08%,44.14%,0.408089,2026-09-18
INTC,108.6,2026-09-25,6,Call,113.00,-4.05%,1.97,1.95,2.05,3631,1350,2.69,63.94%,66.96%,0.339517,2026-09-18
MU,1015.8,2026-09-21,2,Call,"1,035.00",-1.89%,4.8,5.15,5.25,4023,1495,2.69,59.82%,40.47%,0.273027,2026-09-18
AMD,559.82,2026-09-25,6,Put,542.50,-3.09%,7.45,7.7,7.85,522,194,2.69,52.39%,52.60%,-0.305927,2026-09-18
SPCX,152.71,2026-10-23,34,Call,155.00,-1.50%,8.2,8.3,8.4,1286,478,2.69,50.13%,48.98%,0.499315,2026-09-18
TSLA,364.27,2026-09-23,4,Put,362.50,-0.49%,4.8,4.9,5,1983,736,2.69,41.14%,38.23%,-0.440422,2026-09-18
MU,1015.8,2026-10-02,13,Put,720.00,-29.12%,0.7,1,1.22,589,220,2.68,59.82%,87.87%,-0.015175,2026-09-18
NU,13.65,2026-10-09,20,Call,14.50,-6.23%,0.06,0.28,0.28,1286,480,2.68,45.64%,35.90%,0.256766,2026-09-18
MSFT,493.78,2026-10-16,27,Call,555.00,-12.40%,0.5,0.55,0.7,5352,2000,2.68,25.44%,24.47%,0.045422,2026-09-18
SMR,8.27,2026-09-25,6,Call,9.00,-8.83%,0.11,0.12,0.14,3453,1295,2.67,78.30%,86.87%,0.24243,2026-09-18
HBAN,15.88,2026-10-16,27,Call,17.00,-7.05%,0.1,0.11,0.15,4644,1739,2.67,26.27%,27.91%,0.193954,2026-09-18
CLSK,14.47,2026-09-25,6,Call,15.00,-3.66%,0.36,0.4,0.42,7000,2621,2.67,79.72%,81.78%,0.387805,2026-09-18
QXO,11.38,2027-01-15,118,Put,11.00,-3.34%,1.25,1.3,1.35,505,189,2.67,64.16%,61.14%,-0.382866,2026-09-18
UNM,95.19,2026-10-16,27,Put,92.50,-2.83%,1.1,1.5,2.6,542,203,2.67,29.44%,29.96%,-0.342113,2026-09-18
META,665.75,2026-11-20,62,Call,450.00,+32.41%,217.3,225.05,223.3,551,206,2.67,39.46%,55.53%,0.96739,2026-09-18
SNDK,1791.82,2026-09-25,6,Put,"1,510.00",-15.73%,2.4,2.7,2.95,592,222,2.67,72.25%,76.88%,-0.036648,2026-09-18
WULF,17.01,2026-09-25,6,Put,17.00,-0.06%,0.69,0.72,0.77,1273,476,2.67,81.83%,81.89%,-0.486062,2026-09-18
SKHY,187.5,2026-09-25,6,Call,192.50,-2.67%,3.6,3.8,3.85,1482,556,2.67,59.97%,60.19%,0.384086,2026-09-18
TSM,434.67,2026-09-25,6,Call,445.00,-2.38%,2.41,2.5,2.8,1485,558,2.66,32.90%,28.63%,0.2714,2026-09-18
SPCX,152.71,2026-09-25,6,Call,160.00,-4.77%,1.43,1.47,1.49,27092,10187,2.66,50.13%,51.17%,0.251741,2026-09-18
UBS,50.69,2026-10-16,27,Call,52.50,-3.57%,0.7,0.68,0.8,500,189,2.65,27.03%,26.32%,0.327288,2026-09-18
MSTR,153.92,2026-10-02,13,Call,155.00,-0.70%,7.6,8.03,8.15,1119,422,2.65,71.41%,71.54%,0.510085,2026-09-18
DOCN,130.14,2026-09-25,6,Put,110.00,-15.48%,0.1,0.29,0.4,1338,505,2.65,76.83%,79.59%,-0.044191,2026-09-18
AMD,559.82,2026-09-23,4,Call,560.00,-0.03%,11.45,11.55,11.9,515,195,2.64,52.39%,49.85%,0.510992,2026-09-18
ON,69.98,2026-11-20,62,Put,70.00,+0.03%,5.55,6.85,7.2,708,268,2.64,55.51%,57.23%,-0.445773,2026-09-18
STZ,118.97,2027-01-15,118,Put,120.00,+0.87%,8.6,8.65,10.1,848,321,2.64,36.60%,33.22%,-0.47458,2026-09-18
ARM,275.61,2026-09-25,6,Call,275.00,+0.22%,10.25,10.39,10.5,1177,446,2.64,69.53%,70.94%,0.530451,2026-09-18
QBTS,17.11,2026-10-02,13,Call,19.00,-11.05%,0.23,0.29,0.48,2023,765,2.64,71.75%,75.96%,0.257733,2026-09-18
MU,1015.8,2026-09-25,6,Call,"1,000.00",+1.56%,34.4,35.85,36.3,9813,3719,2.64,59.82%,51.14%,0.610588,2026-09-18
NBIS,223.54,2026-09-25,6,Put,187.50,-16.12%,0.52,0.53,0.56,502,191,2.63,80.64%,86.52%,-0.049946,2026-09-18
HIMS,27.99,2026-09-25,6,Call,29.50,-5.39%,0.27,0.37,0.47,667,254,2.63,68.73%,63.46%,0.274973,2026-09-18
META,665.75,2026-09-21,2,Put,680.00,+2.14%,15.45,16.92,18.55,840,321,2.62,39.46%,40.35%,-0.755145,2026-09-18
PLTR,177.64,2027-01-15,118,Call,350.00,-97.03%,0.58,0.62,0.66,2589,989,2.62,49.12%,57.53%,0.030633,2026-09-18
SNDK,1791.82,2026-09-25,6,Call,"2,200.00",-22.78%,2,2.1,2.15,564,216,2.61,72.25%,82.21%,0.029469,2026-09-18
FLEX,108.51,2026-10-16,27,Call,120.00,-10.59%,1.1,2.95,4.6,1163,445,2.61,62.49%,57.26%,0.290735,2026-09-18
INTC,108.6,2026-09-25,6,Put,99.00,-8.84%,0.55,0.55,0.62,1791,687,2.61,63.94%,65.40%,-0.124766,2026-09-18
TSLA,364.27,2026-10-02,13,Call,377.50,-3.63%,6.5,6.64,6.65,531,204,2.6,41.14%,42.57%,0.349055,2026-09-18
COIN,194.25,2026-10-02,13,Call,205.00,-5.53%,5.5,5.85,6.05,723,278,2.6,66.28%,67.77%,0.364235,2026-09-18
META,665.75,2026-09-25,6,Call,672.50,-1.01%,11.15,11.35,11.7,743,286,2.6,39.46%,42.07%,0.440369,2026-09-18
NFLX,71.79,2026-10-23,34,Put,65.00,-9.46%,1.09,1.1,1.12,1682,646,2.6,33.68%,42.90%,-0.198327,2026-09-18
FPS,39.44,2026-10-16,27,Call,40.00,-1.42%,2.65,2.65,2.8,4685,1799,2.6,69.13%,68.55%,0.512757,2026-09-18
NVDA,222.27,2026-09-25,6,Call,222.50,-0.10%,3.2,3.25,3.4,57954,22326,2.6,32.11%,29.52%,0.502122,2026-09-18
TSLA,364.27,2026-09-21,2,Put,347.50,-4.60%,0.22,0.22,0.23,3479,1344,2.59,41.14%,39.26%,-0.050244,2026-09-18
META,665.75,2026-09-21,2,Put,600.00,-9.88%,0.01,0.1,0.1,574,222,2.59,39.46%,56.53%,-0.006048,2026-09-18
INTC,108.6,2026-09-23,4,Put,108.00,-0.55%,2.34,2.45,2.56,664,256,2.59,63.94%,60.94%,-0.450937,2026-09-18
ASTS,58.52,2026-09-25,6,Put,56.00,-4.31%,0.96,1,1.01,939,363,2.59,72.24%,68.60%,-0.29103,2026-09-18
NOK,10.68,2026-10-09,20,Call,11.00,-3.00%,0.45,0.46,0.49,965,373,2.59,59.80%,60.44%,0.448578,2026-09-18
IREN,46.68,2026-10-02,13,Call,53.00,-13.54%,0.89,1,1.04,1118,432,2.59,83.90%,84.28%,0.238601,2026-09-18
CCJ,91.62,2026-11-20,62,Call,100.00,-9.15%,4.5,4.78,4.7,1395,538,2.59,44.79%,50.59%,0.384882,2026-09-18
SCHW,105.25,2026-09-25,6,Put,104.00,-1.19%,0.56,0.69,0.89,534,207,2.58,28.59%,23.66%,-0.337087,2026-09-18
ASTS,58.52,2026-10-02,13,Call,60.00,-2.53%,2.3,2.47,2.54,575,223,2.58,72.24%,68.92%,0.453393,2026-09-18
HD,299.98,2026-10-02,13,Put,300.00,+0.01%,4.2,5.65,5.9,652,253,2.58,25.08%,22.46%,-0.490221,2026-09-18
RDW,10.74,2026-10-16,27,Call,10.00,+6.89%,1.25,1.34,1.4,939,364,2.58,83.40%,79.35%,0.674076,2026-09-18
META,665.75,2026-09-21,2,Put,665.00,-0.11%,5.95,6.7,7,1159,449,2.58,39.46%,35.10%,-0.475239,2026-09-18
BABA,113.24,2026-09-25,6,Call,116.00,-2.44%,1.93,2.03,2.02,2613,1012,2.58,44.38%,54.02%,0.376958,2026-09-18
RKT,12.29,2026-10-16,27,Call,13.00,-5.78%,0.38,0.44,0.51,10387,4027,2.58,55.94%,53.61%,0.384405,2026-09-18
BABA,113.24,2026-09-25,6,Call,115.00,-1.55%,2.28,2.33,2.4,8623,3357,2.57,44.38%,53.85%,0.424935,2026-09-18
ONON,27.26,2026-09-25,6,Call,28.50,-4.55%,0.36,0.48,0.54,693,270,2.57,46.28%,65.78%,0.316223,2026-09-18
PEP,129.75,2026-09-25,6,Call,130.00,-0.19%,1.05,1.23,1.28,847,330,2.57,24.52%,19.48%,0.472191,2026-09-18
AXTI,70.03,2026-10-16,27,Put,50.00,-28.60%,0.8,0.9,1.1,1756,682,2.57,100.76%,104.58%,-0.090882,2026-09-18
HRL,20.83,2026-10-16,27,Put,24.00,+15.22%,2.65,3.46,4.3,2000,778,2.57,26.97%,53.96%,-0.813008,2026-09-18
GME,22.64,2026-11-20,62,Call,24.00,-6.01%,1.22,1.35,1.37,528,206,2.56,45.42%,50.89%,0.420204,2026-09-18
CMCSA,22.74,2026-10-23,34,Call,24.00,-5.54%,0.35,0.46,1.1,761,297,2.56,28.48%,44.77%,0.366246,2026-09-18
NOW,135.47,2026-09-25,6,Put,133.00,-1.82%,2.49,2.46,2.59,764,298,2.56,52.14%,53.50%,-0.37831,2026-09-18
BMY,63.06,2027-06-17,271,Call,62.50,+0.89%,6.1,6.93,7.95,3500,1374,2.55,27.42%,32.03%,0.556858,2026-09-18
HOOD,119.82,2026-09-25,6,Call,117.00,+2.35%,5.25,5.6,5.7,3728,1463,2.55,63.33%,63.76%,0.632906,2026-09-18
ZS,197.31,2026-09-25,6,Call,205.00,-3.90%,2.63,3.16,3.5,862,338,2.55,55.41%,59.51%,0.324481,2026-09-18
RKLB,64.57,2026-09-25,6,Call,67.00,-3.76%,1.17,1.25,1.28,1462,574,2.55,67.75%,65.97%,0.349199,2026-09-18
AMD,559.82,2026-09-23,4,Put,540.00,-3.54%,4.25,4.37,4.5,526,207,2.54,52.39%,51.29%,-0.240459,2026-09-18
NBIS,223.54,2026-09-25,6,Call,225.00,-0.65%,8.35,8.5,8.65,2345,924,2.54,80.64%,79.81%,0.49735,2026-09-18
MU,1015.8,2026-09-21,2,Call,"1,025.00",-0.91%,7.65,7.95,8.25,5334,2097,2.54,59.82%,39.54%,0.387143,2026-09-18
CRWV,81.36,2027-06-17,271,Call,90.00,-10.62%,19.3,19.8,19.7,2655,1049,2.53,75.97%,78.68%,0.592418,2026-09-18
GRAB,2.8,2027-01-15,118,Put,2.50,-10.71%,0.16,0.19,0.2,18510,7304,2.53,59.64%,53.04%,-0.289838,2026-09-18
BAC,57.73,2026-09-25,6,Call,57.00,+1.26%,1.09,1.15,1.15,647,256,2.53,26.03%,23.30%,0.67356,2026-09-18
BMNR,25.99,2026-10-02,13,Call,31.00,-19.28%,0.17,0.34,0.35,714,282,2.53,79.08%,79.95%,0.139016,2026-09-18
VNET,6.52,2026-10-16,27,Call,7.00,-7.36%,0.3,0.3,0.4,975,386,2.53,79.96%,75.27%,0.408432,2026-09-18
VG,14.02,2026-10-02,13,Call,14.50,-3.42%,0.35,0.45,0.5,1149,454,2.53,58.75%,58.75%,0.405792,2026-09-18
TRIP,8.84,2026-10-16,27,Call,10.00,-13.12%,0.1,0.13,0.15,1236,489,2.53,45.43%,49.10%,0.201409,2026-09-18
RDDT,150.85,2026-10-16,27,Call,155.00,-2.75%,7.6,7.85,8.2,1571,623,2.52,58.66%,58.32%,0.470148,2026-09-18
NVDA,222.27,2026-09-21,2,Call,210.00,+5.52%,11.1,12,12.3,3046,1209,2.52,32.11%,0.00%,0,2026-09-18
PLTR,177.64,2026-09-25,6,Call,172.50,+2.89%,7.3,7.4,7.45,4551,1808,2.52,49.12%,47.48%,0.699406,2026-09-18
TEM,77.84,2027-01-15,118,Call,130.00,-67.01%,2.41,2.96,4.25,1025,408,2.51,73.67%,82.15%,0.201014,2026-09-18
RKLB,64.57,2026-10-23,34,Call,80.00,-23.90%,1.25,1.33,1.47,1168,466,2.51,67.75%,71.03%,0.193721,2026-09-18
CRWD,237.65,2026-10-02,13,Put,225.00,-5.32%,4,4,4.3,510,204,2.5,52.31%,52.90%,-0.271208,2026-09-18
MSFT,493.78,2028-12-15,818,Put,210.00,-57.47%,2.23,3.56,4,1196,478,2.5,25.44%,36.76%,-0.024848,2026-09-18
PLTR,177.64,2026-09-25,6,Put,172.50,-2.89%,2.24,2.28,2.31,4921,1972,2.5,49.12%,49.23%,-0.306776,2026-09-18
AMZN,253.71,2026-09-21,2,Call,252.50,+0.48%,2.25,2.45,2.54,6326,2529,2.5,30.81%,22.62%,0.620111,2026-09-18
NVDA,222.27,2026-09-25,6,Put,212.50,-4.40%,0.68,0.71,0.72,7960,3200,2.49,32.11%,33.57%,-0.140729,2026-09-18
SPCX,152.71,2026-09-25,6,Put,145.00,-5.05%,1.16,1.18,1.21,9918,3982,2.49,50.13%,51.31%,-0.203692,2026-09-18
BNS,94.07,2026-10-16,27,Call,92.50,+1.67%,2.5,2.72,3.2,703,282,2.49,19.93%,19.38%,0.635189,2026-09-18
ARM,275.61,2026-10-02,13,Call,290.00,-5.22%,8.8,9.05,9.5,853,342,2.49,69.53%,71.21%,0.381338,2026-09-18
SKHY,187.5,2026-09-25,6,Call,195.00,-4.00%,2.78,2.96,3.05,1411,567,2.49,59.97%,60.20%,0.322069,2026-09-18
TSLA,364.27,2026-10-02,13,Put,365.00,+0.20%,11.35,11.35,11.6,1630,655,2.49,41.14%,41.25%,-0.489602,2026-09-18
SNOW,332.43,2028-01-21,489,Call,450.00,-35.37%,55.15,58.61,60.8,540,218,2.48,44.49%,57.14%,0.482058,2026-09-18
HPQ,34.4,2027-02-19,153,Put,24.00,-30.23%,0.6,0.67,0.82,559,225,2.48,49.72%,52.66%,-0.10782,2026-09-18
BE,265.63,2026-09-25,6,Call,270.00,-1.65%,8.7,8.95,9.25,1582,638,2.48,78.94%,80.01%,0.45938,2026-09-18
TXN,266.64,2026-10-16,27,Call,270.00,-1.26%,9.4,9.6,9.75,2367,953,2.48,38.63%,38.00%,0.475884,2026-09-18
META,665.75,2026-09-25,6,Call,690.00,-3.64%,5.7,6.15,6.15,2753,1109,2.48,39.46%,43.06%,0.270692,2026-09-18
INTC,108.6,2026-09-21,2,Put,107.00,-1.47%,0.95,1.02,1,4728,1907,2.48,63.94%,52.14%,-0.341706,2026-09-18
RDDT,150.85,2026-10-02,13,Call,160.00,-6.07%,3,3.2,3.75,565,229,2.47,58.66%,59.49%,0.32384,2026-09-18
PSKY,10.21,2026-09-25,6,Put,10.00,-2.06%,0.2,0.21,0.24,779,315,2.47,55.16%,60.97%,-0.378932,2026-09-18
SKHY,187.5,2026-09-25,6,Put,180.00,-4.00%,2.49,2.54,2.57,1438,583,2.47,59.97%,58.73%,-0.278682,2026-09-18
UGI,37.66,2026-12-18,90,Call,45.00,-19.49%,0,0.3,0.45,500,203,2.46,26.26%,26.73%,0.100123,2026-09-18
UPST,25,2026-09-25,6,Call,26.50,-6.00%,0.21,0.23,0.29,509,207,2.46,59.41%,59.02%,0.234418,2026-09-18
RCAT,6.75,2027-04-16,209,Call,8.00,-18.52%,1.38,1.43,1.63,512,208,2.46,80.62%,92.72%,0.556122,2026-09-18
TSM,434.67,2026-09-25,6,Put,412.50,-5.10%,0.62,1.09,0.99,569,231,2.46,32.90%,31.92%,-0.094967,2026-09-18
INTC,108.6,2026-10-02,13,Call,109.00,-0.37%,5.1,5.12,5.3,584,237,2.46,63.94%,65.25%,0.516219,2026-09-18
SKHY,187.5,2026-09-25,6,Put,175.00,-6.67%,1.35,1.39,1.43,1230,499,2.46,59.97%,60.03%,-0.173097,2026-09-18
AMD,559.82,2026-10-16,27,Call,630.00,-12.54%,9.25,9.26,9.65,2230,905,2.46,52.39%,51.27%,0.224184,2026-09-18
TSLA,364.27,2026-09-28,9,Call,362.50,+0.49%,9.35,9.6,9.85,569,232,2.45,41.14%,37.42%,0.55074,2026-09-18
AAPL,336.13,2026-09-28,9,Call,335.00,+0.34%,3.9,4.95,5.25,1688,689,2.45,23.55%,18.24%,0.563668,2026-09-18
PRAX,298.95,2026-10-16,27,Call,500.00,-67.25%,0,0.7,3.9,506,207,2.44,66.93%,109.00%,0.057328,2026-09-18
DELL,568.06,2026-10-16,27,Call,430.00,+24.30%,140.3,145.01,144,603,247,2.44,60.12%,71.18%,0.938792,2026-09-18
UNH,376.9,2026-09-25,6,Call,385.00,-2.15%,2.2,2.4,2.74,1055,432,2.44,39.86%,28.70%,0.2896,2026-09-18
ORLY,84.71,2027-01-15,118,Put,85.00,+0.34%,4.8,5,5.6,1125,462,2.44,28.19%,28.69%,-0.45562,2026-09-18
SPCX,152.71,2026-10-02,13,Call,152.50,+0.14%,5.65,5.91,6.05,2422,993,2.44,50.13%,49.18%,0.529958,2026-09-18
TSLA,364.27,2026-09-23,4,Put,365.00,+0.20%,5.95,6.1,6.25,2933,1201,2.44,41.14%,38.06%,-0.508941,2026-09-18
SKHY,187.5,2026-09-25,6,Call,185.00,+1.33%,6.9,7.2,7.25,3886,1596,2.43,59.97%,59.60%,0.587728,2026-09-18
MSTR,153.92,2028-12-15,818,Put,120.00,-22.04%,36.7,39.58,39.65,907,374,2.43,71.41%,76.60%,-0.201912,2026-09-18
AMD,559.82,2026-09-21,2,Put,515.00,-8.01%,0.12,0.11,0.17,1368,564,2.43,52.39%,54.17%,-0.017619,2026-09-18
FIG,22.69,2026-09-25,6,Call,24.00,-5.77%,0.32,0.32,0.44,1472,607,2.43,69.81%,73.79%,0.294687,2026-09-18
ARM,275.61,2027-09-17,363,Call,350.00,-26.99%,55.5,54.56,60,500,207,2.42,69.53%,71.27%,0.529875,2026-09-18
ASTS,58.52,2026-09-25,6,Call,61.00,-4.24%,1.09,1.22,1.2,557,230,2.42,72.24%,70.38%,0.341517,2026-09-18
NVDA,222.27,2026-09-23,4,Call,207.50,+6.65%,13.2,14.6,15.05,615,254,2.42,32.11%,25.40%,0.995449,2026-09-18
NFLX,71.79,2026-10-09,20,Put,68.00,-5.28%,0.67,0.7,0.7,652,269,2.42,33.68%,31.95%,-0.215882,2026-09-18
CRWV,81.36,2026-10-23,34,Call,110.00,-35.20%,1.2,1.24,1.37,1150,476,2.42,75.97%,80.96%,0.139365,2026-09-18
SPCX,152.71,2026-09-25,6,Call,150.00,+1.77%,5.45,5.5,5.5,15713,6506,2.42,50.13%,50.63%,0.624588,2026-09-18
HIMS,27.99,2026-10-16,27,Call,28.00,-0.04%,2.02,2.05,2.08,3777,1567,2.41,68.73%,66.59%,0.541182,2026-09-18
INTC,108.6,2026-09-21,2,Put,109.00,+0.37%,1.81,1.86,1.91,5212,2163,2.41,63.94%,51.72%,-0.529201,2026-09-18
TFPM,33.14,2026-10-16,27,Put,30.00,-9.47%,0.25,0.25,0.4,1502,623,2.41,47.67%,40.08%,-0.162105,2026-09-18
TSLA,364.27,2026-09-25,6,Put,352.50,-3.23%,2.8,2.79,2.87,1512,627,2.41,41.14%,39.90%,-0.248914,2026-09-18
GME,22.64,2026-09-25,6,Put,23.00,+1.59%,0.76,0.8,0.84,557,232,2.4,45.42%,51.16%,-0.584461,2026-09-18
FIG,22.69,2026-10-30,41,Put,20.00,-11.86%,0.8,0.89,0.9,589,245,2.4,69.81%,67.80%,-0.246745,2026-09-18
MARA,13.24,2026-11-20,62,Put,11.00,-16.92%,0.81,0.9,0.87,3409,1423,2.4,85.36%,89.12%,-0.241069,2026-09-18
WMT,106.73,2026-09-25,6,Call,107.00,-0.25%,1.15,1.18,1.32,4933,2053,2.4,23.68%,24.59%,0.47987,2026-09-18
TSLA,364.27,2026-09-21,2,Put,345.00,-5.29%,0.16,0.17,0.17,3416,1429,2.39,41.14%,41.48%,-0.036603,2026-09-18
MSTR,153.92,2026-10-16,27,Put,105.00,-31.78%,0.53,0.57,0.58,4981,2081,2.39,71.41%,84.22%,-0.036315,2026-09-18
AMD,559.82,2026-09-25,6,Call,545.00,+2.65%,23,23.27,23.95,5110,2138,2.39,52.39%,51.97%,0.671835,2026-09-18
GOOG,344.41,2026-09-25,6,Call,350.00,-1.62%,3.1,3.2,3.3,8435,3526,2.39,31.25%,30.87%,0.354558,2026-09-18
APP,308.06,2026-09-25,6,Put,260.00,-15.60%,0.1,0.2,0.2,541,226,2.39,57.02%,63.30%,-0.016295,2026-09-18
AVGO,357.61,2026-09-23,4,Put,350.00,-2.13%,2.01,2.29,2.31,807,337,2.39,35.69%,34.65%,-0.267947,2026-09-18
ASTS,58.52,2026-09-25,6,Call,63.00,-7.66%,0.64,0.71,0.77,914,382,2.39,72.24%,73.01%,0.231195,2026-09-18
ANET,199.39,2027-03-19,181,Call,210.00,-5.32%,25.95,26.6,28.7,1034,432,2.39,49.63%,53.84%,0.541806,2026-09-18
TSLA,364.27,2026-09-25,6,Call,357.50,+1.86%,11.35,11.55,11.5,1041,435,2.39,41.14%,40.20%,0.655947,2026-09-18
GEMI,5.81,2026-09-25,6,Call,5.00,+13.94%,0.75,0.89,1,1127,471,2.39,113.15%,114.20%,0.864948,2026-09-18
SPCX,152.71,2026-10-09,20,Put,152.50,-0.14%,6.6,6.91,6.8,1466,617,2.38,50.13%,48.73%,-0.467055,2026-09-18
HOOD,119.82,2026-09-25,6,Put,110.00,-8.20%,0.79,0.81,0.81,3776,1585,2.38,63.33%,66.49%,-0.146362,2026-09-18
NVDA,222.27,2026-09-28,9,Call,225.00,-1.23%,2.6,2.63,2.7,10296,4334,2.38,32.11%,27.07%,0.402224,2026-09-18
MGM,37.81,2026-10-16,27,Call,42.00,-11.08%,0.5,0.6,1.65,2514,1062,2.37,43.32%,60.85%,0.295878,2026-09-18
SBUX,95.83,2026-09-25,6,Put,96.00,+0.18%,1.15,1.41,1.79,502,212,2.37,27.81%,28.37%,-0.510471,2026-09-18
MU,1015.8,2026-09-25,6,Call,"1,090.00",-7.30%,5.35,5.56,5.8,579,244,2.37,59.82%,52.82%,0.158963,2026-09-18
WEN,6.74,2026-09-25,6,Call,7.00,-3.86%,0.05,0.1,0.1,591,249,2.37,49.09%,50.30%,0.285896,2026-09-18
QCOM,177.72,2026-09-25,6,Put,165.00,-7.16%,0.56,0.59,0.76,749,316,2.37,47.44%,49.89%,-0.115676,2026-09-18
CRWV,81.36,2026-09-25,6,Call,87.00,-6.93%,1.22,1.23,1.29,1610,679,2.37,75.97%,77.41%,0.2677,2026-09-18
BABA,113.24,2026-10-02,13,Call,121.00,-6.85%,1.48,1.54,1.59,1748,739,2.37,44.38%,49.50%,0.253472,2026-09-18
TSLA,364.27,2026-09-25,6,Call,392.50,-7.75%,0.8,0.82,0.82,1926,812,2.37,41.14%,42.29%,0.090332,2026-09-18
MSFT,493.78,2026-09-21,2,Put,485.00,-1.78%,0.34,0.58,0.67,1074,456,2.36,25.44%,21.61%,-0.12737,2026-09-18
COHR,317.36,2026-09-25,6,Call,320.00,-0.83%,10.6,11.51,12,1334,566,2.36,73.24%,76.66%,0.488398,2026-09-18
ADM,85.18,2026-10-16,27,Call,85.00,+0.21%,2.85,2.79,3.2,1336,566,2.36,32.04%,31.44%,0.530151,2026-09-18
SMCI,39.09,2026-09-25,6,Put,39.00,-0.23%,1.27,1.29,1.53,1844,781,2.36,71.15%,72.88%,-0.469489,2026-09-18
BIRK,30.56,2028-01-21,489,Call,17.50,+42.74%,14.3,15.3,16.2,2061,875,2.36,47.07%,55.30%,0.899032,2026-09-18
MU,1015.8,2026-09-25,6,Call,"1,130.00",-11.24%,2.11,2.27,2.35,513,218,2.35,59.82%,55.17%,0.071772,2026-09-18
AVGO,357.61,2026-09-23,4,Put,360.00,+0.67%,5.35,7.9,8.3,638,272,2.35,35.69%,37.42%,-0.557307,2026-09-18
TROW,104.16,2026-10-16,27,Call,105.00,-0.81%,0.2,2.29,3.7,872,371,2.35,23.58%,21.06%,0.449167,2026-09-18
AMD,559.82,2026-09-25,6,Put,540.00,-3.54%,6.8,6.93,7.05,1325,564,2.35,52.39%,52.89%,-0.283235,2026-09-18
SPCX,152.71,2026-09-25,6,Put,137.00,-10.29%,0.27,0.3,0.31,1598,680,2.35,50.13%,55.96%,-0.059789,2026-09-18
BA,198.2,2026-09-25,6,Call,200.00,-0.91%,2.24,2.23,2.6,3335,1422,2.35,30.65%,31.89%,0.419662,2026-09-18
SKHY,187.5,2026-10-16,27,Put,190.00,+1.33%,12.75,13.1,13.2,3685,1567,2.35,59.97%,58.32%,-0.496617,2026-09-18
AAPL,336.13,2026-09-21,2,Call,332.50,+1.08%,3.85,4.2,4.75,2910,1246,2.34,23.55%,19.40%,0.78107,2026-09-18
PURR,14.09,2026-09-25,6,Call,15.00,-6.46%,0.45,0.5,0.55,2939,1255,2.34,100.34%,118.20%,0.369442,2026-09-18
WBD,27.8,2027-01-15,118,Put,26.00,-6.47%,0.65,0.83,0.95,4795,2053,2.34,30.64%,26.97%,-0.281505,2026-09-18
FIGR,35.49,2026-10-16,27,Put,32.50,-8.42%,1.3,1.6,1.65,531,227,2.34,78.73%,74.55%,-0.292278,2026-09-18
VFC,12.79,2026-09-25,6,Put,12.50,-2.27%,0.03,0.13,0.18,622,266,2.34,41.41%,34.16%,-0.291584,2026-09-18
HIVE,3.41,2026-10-02,13,Call,3.50,-2.64%,0.15,0.2,0.25,1654,707,2.34,98.25%,92.57%,0.478316,2026-09-18
MSTR,153.92,2026-10-09,20,Put,115.00,-25.29%,0.4,0.55,0.62,563,242,2.33,71.41%,76.68%,-0.042358,2026-09-18
INTC,108.6,2026-09-23,4,Put,109.00,+0.37%,2.83,3,3.15,835,358,2.33,63.94%,61.71%,-0.508091,2026-09-18
MRVL,244.25,2026-09-25,6,Call,245.00,-0.31%,7.6,7.9,8,2913,1254,2.32,66.35%,64.78%,0.504618,2026-09-18
NOK,10.68,2026-10-02,13,Call,11.00,-3.00%,0.35,0.39,0.39,4374,1886,2.32,59.80%,62.61%,0.427041,2026-09-18
AMD,559.82,2026-10-02,13,Call,620.00,-10.75%,4.4,4.58,4.75,505,218,2.32,52.39%,52.04%,0.164142,2026-09-18
AAOI,105.17,2026-09-25,6,Call,100.00,+4.92%,6.8,7.85,8.2,1148,494,2.32,88.81%,83.93%,0.701198,2026-09-18
UBER,70.5,2026-09-25,6,Call,70.00,+0.71%,1.43,1.5,1.72,1265,546,2.32,33.58%,35.81%,0.575746,2026-09-18
MU,1015.8,2026-09-25,6,Call,"1,030.00",-1.40%,19.75,21,21.4,1585,684,2.32,59.82%,51.30%,0.432782,2026-09-18
NUAI,5.86,2026-10-16,27,Call,10.00,-70.65%,0.1,0.2,0.2,550,238,2.31,132.82%,153.12%,0.142596,2026-09-18
MSTR,153.92,2026-10-02,13,Put,126.00,-18.14%,0.66,0.7,0.74,581,252,2.31,71.41%,75.36%,-0.068532,2026-09-18
AAPL,336.13,2026-09-28,9,Call,340.00,-1.15%,2.58,2.88,2.97,1103,477,2.31,23.55%,20.49%,0.376568,2026-09-18
CVNA,65.11,2026-09-25,6,Call,70.00,-7.51%,0.41,0.51,0.5,1287,556,2.31,59.61%,58.42%,0.178383,2026-09-18
INTC,108.6,2026-09-21,2,Call,115.00,-5.89%,0.19,0.19,0.2,5298,2292,2.31,63.94%,57.26%,0.092449,2026-09-18
AMD,559.82,2026-09-25,6,Call,555.00,+0.86%,17.1,17.46,17.95,6256,2705,2.31,52.39%,51.96%,0.568315,2026-09-18
MRNA,154.04,2026-09-25,6,Call,157.50,-2.25%,3.7,3.9,4.1,6821,2954,2.31,69.08%,68.04%,0.419094,2026-09-18
GOOG,344.41,2026-10-16,27,Call,390.00,-13.24%,1.21,1.24,1.24,8477,3670,2.31,31.25%,32.38%,0.090194,2026-09-18
AAPL,336.13,2026-09-25,6,Call,350.00,-4.13%,0.42,0.42,0.55,15914,6891,2.31,23.55%,24.01%,0.100187,2026-09-18
TSLA,364.27,2026-09-25,6,Put,362.50,-0.49%,6.3,6.4,6.45,2565,1116,2.3,41.14%,39.37%,-0.447726,2026-09-18
CRWV,81.36,2026-09-25,6,Call,82.00,-0.79%,2.78,2.85,2.85,3399,1475,2.3,75.97%,74.29%,0.488677,2026-09-18
HOOD,119.82,2026-09-25,6,Call,130.00,-8.50%,1.09,1.11,1.14,8065,3501,2.3,63.33%,69.88%,0.19524,2026-09-18
MU,1015.8,2026-10-09,20,Put,950.00,-6.48%,26.9,30.22,30.2,871,378,2.3,59.82%,61.07%,-0.290534,2026-09-18
SMCI,39.09,2026-09-25,6,Put,39.50,+1.05%,1.57,1.58,1.61,885,384,2.3,71.15%,69.03%,-0.527276,2026-09-18
GOOGL,349.54,2026-10-09,20,Call,355.00,-1.56%,7.45,7.7,8,2126,923,2.3,31.26%,30.26%,0.437453,2026-09-18
LUNR,13.92,2026-10-16,27,Put,17.00,+22.13%,3.3,3.4,3.45,647,282,2.29,85.30%,80.06%,-0.790521,2026-09-18
APLD,28.12,2026-09-25,6,Put,28.00,-0.43%,0.98,1,1.06,715,312,2.29,90.94%,75.72%,-0.461132,2026-09-18
DELL,568.06,2026-11-20,62,Put,250.00,-55.99%,0.1,0.1,0.23,762,333,2.29,60.12%,76.67%,-0.00279,2026-09-18
KHC,24.43,2026-09-25,6,Put,24.00,-1.76%,0.13,0.18,0.21,993,433,2.29,29.10%,27.40%,-0.304561,2026-09-18
CRWD,237.65,2026-10-02,13,Put,220.00,-7.43%,2.65,2.82,2.96,1113,485,2.29,52.31%,52.82%,-0.201703,2026-09-18
TLRY,3.99,2026-10-16,27,Call,5.00,-25.31%,0.07,0.11,0.11,1955,855,2.29,66.98%,84.50%,0.196174,2026-09-18
TSLA,364.27,2026-10-02,13,Put,357.50,-1.86%,7.95,7.75,8.1,500,219,2.28,41.14%,41.45%,-0.384899,2026-09-18
MSTR,153.92,2026-09-25,6,Put,134.00,-12.94%,0.46,0.48,0.49,626,275,2.28,71.41%,75.74%,-0.069236,2026-09-18
ASTS,58.52,2026-09-25,6,Put,58.00,-0.89%,1.76,1.76,1.86,1050,461,2.28,72.24%,69.63%,-0.44034,2026-09-18
MSTR,153.92,2026-09-25,6,Call,205.00,-33.19%,0.17,0.21,0.21,1088,477,2.28,71.41%,109.37%,0.024469,2026-09-18
CRDO,175.89,2026-09-25,6,Call,175.00,+0.51%,6.5,6.61,7,1108,486,2.28,68.39%,69.58%,0.543068,2026-09-18
META,665.75,2026-10-02,13,Call,750.00,-12.65%,1.71,1.71,1.8,1123,493,2.28,39.46%,42.40%,0.075725,2026-09-18
TSLA,364.27,2026-09-25,6,Put,380.00,+4.32%,17.4,17.61,17.9,1182,519,2.28,41.14%,39.01%,-0.792905,2026-09-18
AXP,311.56,2026-10-16,27,Call,310.00,+0.50%,8,9.71,9.8,524,231,2.27,24.49%,23.17%,0.554994,2026-09-18
DELL,568.06,2026-09-25,6,Put,585.00,+2.98%,25.35,23.8,27.3,680,299,2.27,60.12%,56.58%,-0.642032,2026-09-18
IONQ,39.13,2026-09-25,6,Put,38.00,-2.89%,0.81,0.87,0.9,715,315,2.27,68.05%,68.64%,-0.350932,2026-09-18
IREN,46.68,2026-09-25,6,Call,45.50,+2.53%,2.54,2.59,2.68,816,360,2.27,83.90%,82.67%,0.617999,2026-09-18
META,665.75,2026-09-25,6,Call,710.00,-6.65%,2.45,2.5,2.76,1788,786,2.27,39.46%,44.56%,0.138193,2026-09-18
GME,22.64,2026-10-30,41,Call,23.00,-1.59%,1.25,1.35,1.36,1914,843,2.27,45.42%,49.65%,0.486621,2026-09-18
CIFR,18.34,2026-09-25,6,Put,17.00,-7.31%,0.34,0.37,0.41,1983,874,2.27,95.95%,98.83%,-0.252596,2026-09-18
WULF,17.01,2026-09-25,6,Call,18.00,-5.82%,0.36,0.38,0.4,4013,1772,2.26,81.83%,88.65%,0.32086,2026-09-18
BKNG,167.9,2026-09-25,6,Call,175.00,-4.23%,0,1.13,1.75,657,291,2.26,37.79%,37.06%,0.20071,2026-09-18
META,665.75,2026-09-23,4,Call,675.00,-1.39%,6.75,6.85,7.05,896,396,2.26,39.46%,38.63%,0.377475,2026-09-18
ORCL,147.61,2026-09-25,6,Put,141.00,-4.48%,1.14,1.14,1.21,1432,633,2.26,49.00%,48.20%,-0.218325,2026-09-18
GNRC,207.44,2026-09-25,6,Call,210.00,-1.23%,4.1,4.97,5.2,640,284,2.25,49.27%,55.46%,0.440797,2026-09-18
NVDA,222.27,2026-10-09,20,Put,140.00,-37.01%,0.07,0.1,0.1,683,304,2.25,32.11%,81.73%,-0.005867,2026-09-18
AMD,559.82,2026-10-09,20,Call,560.00,-0.03%,26.8,27.3,28,788,351,2.25,52.39%,51.59%,0.529571,2026-09-18
INTC,108.6,2026-09-23,4,Put,103.00,-5.16%,0.73,0.82,0.85,877,389,2.25,63.94%,61.83%,-0.196227,2026-09-18
HOOD,119.82,2026-09-25,6,Put,109.00,-9.03%,0.62,0.68,0.68,1256,559,2.25,63.33%,66.61%,-0.12356,2026-09-18
META,665.75,2026-11-20,62,Call,5.00,+99.25%,657.9,666.95,664.3,3075,1364,2.25,39.46%,556.99%,0.999367,2026-09-18
PLTR,177.64,2026-09-25,6,Call,187.50,-5.55%,0.96,1.18,1.2,4337,1928,2.25,49.12%,46.18%,0.19138,2026-09-18
WIX,78.49,2026-10-16,27,Put,60.00,-23.56%,0.4,0.65,0.95,3441,1537,2.24,74.32%,77.51%,-0.082048,2026-09-18
CCL,21.84,2026-10-02,13,Call,23.50,-7.60%,0.34,0.37,0.4,622,278,2.24,47.63%,57.69%,0.268842,2026-09-18
META,665.75,2026-09-23,4,Call,685.00,-2.89%,3.75,4.13,4.4,626,279,2.24,39.46%,39.29%,0.25344,2026-09-18
CMCSA,22.74,2026-09-25,6,Put,23.50,+3.34%,0.46,0.89,0.98,1230,550,2.24,28.48%,33.26%,-0.774867,2026-09-18
AMZN,253.71,2026-09-23,4,Call,265.00,-4.45%,0.28,0.3,0.31,2233,998,2.24,30.81%,29.49%,0.083443,2026-09-18
SMR,8.27,2026-10-09,20,Call,8.00,+3.26%,0.67,0.75,0.87,720,323,2.23,78.30%,81.37%,0.610251,2026-09-18
AMZN,253.71,2026-09-23,4,Call,250.00,+1.46%,5,5.85,5.45,841,377,2.23,30.81%,27.92%,0.702768,2026-09-18
ASTS,58.52,2026-09-25,6,Put,52.00,-11.14%,0.15,0.21,0.26,866,389,2.23,72.24%,69.16%,-0.083378,2026-09-18
AMD,559.82,2026-09-25,6,Put,530.00,-5.33%,4.3,4.45,4.55,888,399,2.23,52.39%,53.42%,-0.200074,2026-09-18
AVGO,357.61,2026-10-09,20,Call,380.00,-6.26%,4.15,5.1,5.05,1618,726,2.23,35.69%,36.68%,0.259039,2026-09-18
AAPL,336.13,2026-09-23,4,Put,335.00,-0.34%,2.62,2.82,3,1874,842,2.23,23.55%,24.22%,-0.437527,2026-09-18
NVO,43.24,2026-09-25,6,Call,43.00,+0.56%,1.12,1.17,1.22,2145,961,2.23,37.30%,48.08%,0.544309,2026-09-18
AAPL,336.13,2026-09-25,6,Put,335.00,-0.34%,3.45,3.65,3.75,5229,2347,2.23,23.55%,24.56%,-0.445672,2026-09-18
LULU,98.06,2026-09-25,6,Call,101.00,-3.00%,0.81,1,1.24,538,242,2.22,40.49%,42.60%,0.307561,2026-09-18
BMNR,25.99,2029-01-19,853,Put,13.00,-49.98%,2.85,3.15,3.4,613,276,2.22,79.08%,80.14%,-0.108533,2026-09-18
EMR,149.92,2026-10-16,27,Call,150.00,-0.05%,4.5,4.76,4.9,676,305,2.22,28.35%,28.46%,0.520349,2026-09-18
TSLA,364.27,2026-09-25,6,Put,357.50,-1.86%,4.25,4.35,4.4,1288,580,2.22,41.14%,39.47%,-0.34232,2026-09-18
ECL,269.46,2026-10-16,27,Call,290.00,-7.62%,0.75,1.3,1.3,1600,722,2.22,22.35%,22.54%,0.127655,2026-09-18
NVDA,222.27,2026-09-23,4,Put,212.50,-4.40%,0.42,0.44,0.46,1991,898,2.22,32.11%,35.58%,-0.108606,2026-09-18
META,665.75,2026-09-25,6,Put,665.00,-0.11%,13.7,14.39,14.5,792,359,2.21,39.46%,43.00%,-0.477667,2026-09-18
VG,14.02,2026-09-25,6,Call,15.00,-6.99%,0.1,0.15,0.2,1311,592,2.21,58.75%,66.12%,0.226996,2026-09-18
IREN,46.68,2026-09-25,6,Call,46.00,+1.46%,2.16,2.38,2.5,4223,1915,2.21,83.90%,82.59%,0.578158,2026-09-18
MSFT,493.78,2026-10-02,13,Call,530.00,-7.34%,0.6,0.65,0.69,5237,2374,2.21,25.44%,24.22%,0.066353,2026-09-18
SNDK,1791.82,2026-09-25,6,Call,"1,850.00",-3.25%,39.6,42.1,42.1,2275,1035,2.2,72.25%,70.35%,0.381082,2026-09-18
META,665.75,2026-09-21,2,Put,650.00,-2.37%,1.35,1.43,1.53,2781,1263,2.2,39.46%,33.56%,-0.162853,2026-09-18
META,665.75,2028-12-15,818,Call,5.00,+99.25%,657.2,658,665,6304,2860,2.2,39.46%,188.66%,0.998529,2026-09-18
C,131.77,2026-09-25,6,Call,132.00,-0.17%,1.85,1.96,2.08,532,242,2.2,32.19%,30.54%,0.492947,2026-09-18
META,665.75,2026-09-23,4,Put,660.00,-0.86%,7.9,8.5,8.95,623,283,2.2,39.46%,40.30%,-0.407511,2026-09-18
HYMC,21.4,2026-10-16,27,Put,21.00,-1.87%,1.5,1.66,1.8,1045,475,2.2,85.79%,81.39%,-0.418577,2026-09-18
EBAY,111.84,2026-10-16,27,Call,120.00,-7.30%,0.88,1.08,1.32,1294,589,2.2,32.39%,30.50%,0.216051,2026-09-18
AMZN,253.71,2026-09-23,4,Call,262.50,-3.46%,0.47,0.5,0.52,1429,650,2.2,30.81%,28.42%,0.132094,2026-09-18
IBM,229.55,2026-09-25,6,Put,220.00,-4.16%,0.63,0.76,0.9,894,408,2.19,34.96%,32.76%,-0.150209,2026-09-18
GME,22.64,2026-09-25,6,Call,19.50,+13.87%,3,3.07,3.35,1012,462,2.19,45.42%,71.79%,0.953192,2026-09-18
CAI,29.98,2026-10-16,27,Put,25.00,-16.61%,0.25,0.45,0.55,711,326,2.18,58.65%,66.67%,-0.134376,2026-09-18
NVDA,222.27,2026-09-21,2,Put,225.00,+1.23%,2.92,3.6,3.75,2402,1104,2.18,32.11%,24.93%,-0.741259,2026-09-18
INTC,108.6,2026-10-02,13,Put,85.00,-21.73%,0.15,0.18,0.4,3144,1445,2.18,63.94%,77.92%,-0.040321,2026-09-18
RKT,12.29,2026-09-25,6,Call,13.00,-5.78%,0.1,0.1,0.15,4301,1970,2.18,55.94%,58.25%,0.239838,2026-09-18
TSLA,364.27,2026-10-09,20,Call,380.00,-4.32%,8,8.1,8.1,2401,1104,2.17,41.14%,41.24%,0.356003,2026-09-18
ORCL,147.61,2026-09-25,6,Put,140.00,-5.16%,0.95,0.95,0.98,5628,2595,2.17,49.00%,48.39%,-0.186784,2026-09-18
NVDA,222.27,2026-09-25,6,Call,230.00,-3.48%,0.82,0.88,0.88,57529,26515,2.17,32.11%,29.19%,0.189147,2026-09-18
KURA,11.73,2027-04-16,209,Put,12.00,+2.30%,1.8,2.46,3.5,634,292,2.17,86.71%,75.06%,-0.394096,2026-09-18
VZ,48.09,2026-09-25,6,Call,48.00,+0.19%,0.51,0.56,0.65,735,338,2.17,23.24%,22.05%,0.527945,2026-09-18
MU,1015.8,2026-09-25,6,Put,980.00,-3.52%,12.15,12.43,12.7,954,439,2.17,59.82%,52.45%,-0.282686,2026-09-18
TSLA,364.27,2026-09-21,2,Put,342.50,-5.98%,0.12,0.12,0.14,968,446,2.17,41.14%,44.11%,-0.028129,2026-09-18
PURR,14.09,2026-09-25,6,Call,13.50,+4.19%,0.8,0.99,1.25,1210,557,2.17,100.34%,97.17%,0.65928,2026-09-18
CORZ,17.99,2026-11-20,62,Call,24.00,-33.41%,0.52,0.65,0.75,1413,651,2.17,71.85%,75.48%,0.226371,2026-09-18
RDDT,150.85,2026-09-25,6,Call,155.00,-2.75%,2.57,2.97,3.15,1736,799,2.17,58.66%,58.94%,0.376944,2026-09-18
LNG,268.34,2028-01-21,489,Call,300.00,-11.80%,33.5,36.4,37.5,500,231,2.16,30.51%,35.12%,0.508515,2026-09-18
AMD,559.82,2026-12-18,90,Put,560.00,+0.03%,58,59.45,59.2,520,241,2.16,52.39%,55.16%,-0.436087,2026-09-18
AMT,173.98,2026-10-16,27,Put,170.00,-2.29%,2.9,3.26,3.3,521,241,2.16,25.19%,25.84%,-0.358278,2026-09-18
MARA,13.24,2026-10-09,20,Put,12.00,-9.37%,0.47,0.49,0.5,544,252,2.16,85.36%,84.33%,-0.272392,2026-09-18
MU,1015.8,2026-09-25,6,Call,"1,015.00",+0.08%,26.4,27.3,28.05,679,315,2.16,59.82%,51.09%,0.521425,2026-09-18
RKLB,64.57,2026-10-09,20,Call,63.00,+2.43%,4.45,4.4,5.3,688,319,2.16,67.75%,66.79%,0.598074,2026-09-18
PLTR,177.64,2026-10-02,13,Put,172.50,-2.89%,3.95,4.08,4.1,706,327,2.16,49.12%,48.15%,-0.351756,2026-09-18
ONON,27.26,2027-06-17,271,Call,40.00,-46.74%,1.11,1.51,2,1057,490,2.16,46.28%,49.42%,0.268215,2026-09-18
PLAY,6.73,2026-10-16,27,Call,8.00,-18.87%,0.15,0.17,0.2,1677,775,2.16,77.24%,77.93%,0.232366,2026-09-18
XPEV,10.62,2026-09-25,6,Put,12.00,+12.99%,1.32,1.35,1.48,503,234,2.15,46.61%,62.16%,-0.934072,2026-09-18
EQT,50,2026-10-16,27,Call,50.00,0.00%,1.51,1.75,1.78,627,292,2.15,29.85%,29.59%,0.524032,2026-09-18
INTC,108.6,2026-10-09,20,Put,100.00,-7.92%,2.57,2.94,2.75,1022,476,2.15,63.94%,62.35%,-0.258221,2026-09-18
ASTS,58.52,2026-09-25,6,Put,54.00,-7.72%,0.47,0.49,0.52,1107,515,2.15,72.24%,69.50%,-0.170338,2026-09-18
TSM,434.67,2026-09-25,6,Put,425.00,-2.22%,2.61,3,3.1,1114,519,2.15,32.90%,30.28%,-0.270933,2026-09-18
MARA,13.24,2026-11-20,62,Call,17.00,-28.40%,0.82,0.85,0.87,1568,731,2.15,85.36%,90.05%,0.318802,2026-09-18
PANW,363.58,2026-09-25,6,Call,400.00,-10.02%,0.91,1,1.12,1685,782,2.15,49.37%,53.76%,0.08982,2026-09-18
NVDA,222.27,2026-09-21,2,Call,217.50,+2.15%,4.85,5,5.1,11020,5119,2.15,32.11%,22.68%,0.905037,2026-09-18
V,368.29,2026-09-25,6,Put,360.00,-2.25%,1.05,1.18,1.31,510,238,2.14,20.28%,21.96%,-0.201005,2026-09-18
AMD,559.82,2026-09-21,2,Call,577.50,-3.16%,1.52,1.52,1.68,591,276,2.14,52.39%,43.06%,0.170175,2026-09-18
BMNR,25.99,2026-09-25,6,Call,29.50,-13.51%,0.12,0.22,0.25,724,339,2.14,79.08%,85.07%,0.135274,2026-09-18
ADBE,248.92,2026-10-02,13,Call,295.00,-18.51%,0.05,0.24,0.4,937,438,2.14,40.52%,45.73%,0.028087,2026-09-18
MSFT,493.78,2026-09-23,4,Put,475.00,-3.80%,0.42,0.47,0.54,826,388,2.13,25.44%,26.45%,-0.07711,2026-09-18
AVGO,357.61,2026-09-25,6,Call,347.50,+2.83%,11.45,12.26,13.15,1084,509,2.13,35.69%,31.98%,0.767745,2026-09-18
NOW,135.47,2026-09-25,6,Put,135.00,-0.35%,3.4,3.5,3.55,1150,539,2.13,52.14%,54.09%,-0.463451,2026-09-18
RKLB,64.57,2026-09-25,6,Call,65.00,-0.67%,1.92,1.96,2,2713,1275,2.13,67.75%,64.92%,0.487648,2026-09-18
BA,198.2,2026-09-25,6,Call,205.00,-3.43%,1,1.03,1.05,2975,1402,2.12,30.65%,32.98%,0.21808,2026-09-18
MARA,13.24,2026-09-25,6,Call,15.00,-13.29%,0.13,0.13,0.14,4414,2082,2.12,85.36%,94.41%,0.167092,2026-09-18
AMD,559.82,2026-09-23,4,Put,530.00,-5.33%,2.38,2.5,2.5,634,299,2.12,52.39%,52.20%,-0.150183,2026-09-18
META,665.75,2026-09-23,4,Call,670.00,-0.64%,8.4,8.9,9.3,739,348,2.12,39.46%,38.50%,0.448759,2026-09-18
MU,1015.8,2027-01-15,118,Call,"1,260.00",-24.04%,63.05,65.57,68.7,1016,480,2.12,59.82%,60.58%,0.338017,2026-09-18
AMD,559.82,2026-09-25,6,Put,505.00,-9.79%,1.28,1.35,1.39,1062,501,2.12,52.39%,56.65%,-0.071765,2026-09-18
ANET,199.39,2026-10-16,27,Put,150.00,-24.77%,0.26,0.5,0.7,1201,566,2.12,49.63%,60.88%,-0.034618,2026-09-18
RIOT,23.75,2026-10-16,27,Put,22.00,-7.37%,1.17,1.2,1.29,763,361,2.11,82.44%,81.03%,-0.319973,2026-09-18
MCD,248.24,2026-09-25,6,Call,257.50,-3.73%,0.53,0.7,0.81,967,458,2.11,21.90%,27.19%,0.151413,2026-09-18
TRIP,8.84,2027-03-19,181,Call,12.00,-35.75%,0.3,0.59,0.75,1001,474,2.11,45.43%,55.08%,0.293546,2026-09-18
CRWV,81.36,2026-09-25,6,Call,85.00,-4.47%,1.7,1.73,1.79,19452,9200,2.11,75.97%,75.92%,0.346445,2026-09-18
BMNR,25.99,2026-09-25,6,Call,29.00,-11.58%,0.25,0.27,0.29,2479,1183,2.1,79.08%,87.46%,0.179764,2026-09-18
BEN,33.01,2026-10-16,27,Call,33.00,+0.03%,0.8,0.86,1,2974,1419,2.1,27.72%,25.14%,0.513243,2026-09-18
PURR,14.09,2027-03-19,181,Call,12.00,+14.83%,4.5,4.7,5.5,3047,1450,2.1,100.34%,105.13%,0.730323,2026-09-18
BA,198.2,2026-12-18,90,Call,185.00,+6.66%,21.2,22.19,23.65,558,266,2.1,30.65%,39.98%,0.667223,2026-09-18
U,41.4,2026-10-16,27,Put,42.00,+1.45%,2.39,2.57,2.73,747,355,2.1,53.68%,50.93%,-0.508167,2026-09-18
MU,1015.8,2026-09-25,6,Call,985.00,+3.03%,44,45.5,45.6,919,438,2.1,59.82%,51.18%,0.695335,2026-09-18
MSFT,493.78,2026-09-21,2,Put,487.50,-1.27%,0.91,1,1.1,1022,487,2.1,25.44%,22.34%,-0.21448,2026-09-18
NBIS,223.54,2026-09-25,6,Put,215.00,-3.82%,5.15,5.24,5.35,1418,675,2.1,80.64%,79.58%,-0.33074,2026-09-18
F,13.21,2026-10-09,20,Call,13.00,+1.59%,0.5,0.53,0.56,578,277,2.09,34.22%,34.38%,0.591891,2026-09-18
SPCX,152.71,2026-10-02,13,Put,152.50,-0.14%,5.4,5.5,5.5,661,317,2.09,50.13%,49.13%,-0.471268,2026-09-18
VKTX,28.99,2026-11-20,62,Call,35.00,-20.73%,3,3.05,3.3,1197,574,2.09,121.71%,107.47%,0.424771,2026-09-18
GOOG,344.41,2026-09-25,6,Call,370.00,-7.43%,0.35,0.37,0.5,3333,1594,2.09,31.25%,35.73%,0.063082,2026-09-18
HOOD,119.82,2026-09-25,6,Call,140.00,-16.84%,0.29,0.31,0.31,2365,1135,2.08,63.33%,76.04%,0.061578,2026-09-18
AAPL,336.13,2026-09-23,4,Call,332.50,+1.08%,5.05,5.55,5.45,1032,496,2.08,23.55%,21.57%,0.694369,2026-09-18
AMZN,253.71,2026-09-25,6,Put,247.50,-2.45%,1.42,1.42,1.67,2099,1011,2.08,30.81%,30.66%,-0.253542,2026-09-18
MGM,37.81,2028-12-15,818,Call,50.00,-32.24%,2.2,3.7,4.6,509,246,2.07,43.32%,26.56%,0.394173,2026-09-18
GME,22.64,2026-10-02,13,Call,21.50,+5.04%,1.35,1.5,1.6,1161,562,2.07,45.42%,47.77%,0.728594,2026-09-18
KOS,2.73,2027-01-15,118,Put,2.50,-8.42%,0.2,0.26,0.3,10030,4837,2.07,64.98%,59.08%,-0.335638,2026-09-18
GME,22.64,2026-09-25,6,Call,22.50,+0.62%,0.58,0.62,0.62,8491,4130,2.06,45.42%,46.14%,0.550542,2026-09-18
TSLA,364.27,2026-10-02,13,Call,372.50,-2.26%,8.2,8.6,8.35,691,336,2.06,41.14%,42.39%,0.411702,2026-09-18
CCL,21.84,2026-09-25,6,Call,22.50,-3.02%,0.2,0.19,0.25,701,340,2.06,47.63%,42.71%,0.303641,2026-09-18
SCHW,105.25,2026-10-02,13,Put,102.00,-3.09%,0.53,0.82,0.92,757,367,2.06,28.59%,25.08%,-0.24112,2026-09-18
GME,22.64,2026-11-20,62,Call,23.00,-1.59%,1.42,1.67,1.77,1189,577,2.06,45.42%,48.70%,0.497257,2026-09-18
INTC,108.6,2026-09-25,6,Call,108.00,+0.55%,3.95,3.95,4.05,1743,848,2.06,63.94%,66.16%,0.545292,2026-09-18
KSS,16.55,2026-12-18,90,Call,19.00,-14.80%,1.02,1.17,1.2,544,266,2.05,52.99%,60.22%,0.377587,2026-09-18
NVDA,222.27,2026-10-02,13,Put,227.50,+2.35%,7.95,8.1,8.2,723,352,2.05,32.11%,30.66%,-0.640811,2026-09-18
AMD,559.82,2026-09-25,6,Put,495.00,-11.58%,0.79,0.83,0.87,736,359,2.05,52.39%,58.67%,-0.046387,2026-09-18
IREN,46.68,2026-09-25,6,Call,53.00,-13.54%,0.38,0.39,0.42,1791,872,2.05,83.90%,90.21%,0.150348,2026-09-18
UEC,9.81,2026-09-25,6,Put,9.50,-3.16%,0.27,0.26,0.3,4626,2261,2.05,67.77%,85.94%,-0.362737,2026-09-18
NVDA,222.27,2026-09-30,11,Put,212.50,-4.40%,1.35,1.43,1.44,3701,1816,2.04,32.11%,32.07%,-0.197468,2026-09-18
META,665.75,2027-02-19,153,Call,670.00,-0.64%,75.25,76.35,76.95,529,259,2.04,39.46%,42.99%,0.566561,2026-09-18
IBM,229.55,2026-10-02,13,Call,235.00,-2.37%,3.65,4.23,4.15,607,298,2.04,34.96%,35.65%,0.377372,2026-09-18
DELL,568.06,2026-09-25,6,Call,610.00,-7.38%,4.5,4.9,5.25,810,397,2.04,60.12%,62.44%,0.19949,2026-09-18
GOOGL,349.54,2026-09-23,4,Call,350.00,-0.13%,3.7,3.96,4.15,987,483,2.04,31.26%,27.99%,0.492967,2026-09-18
HOOD,119.82,2026-09-25,6,Put,111.00,-7.36%,0.91,0.95,0.99,1151,565,2.04,63.33%,65.71%,-0.169487,2026-09-18
CRWV,81.36,2026-10-09,20,Call,82.00,-0.79%,5.35,5.4,5.5,1325,651,2.04,75.97%,74.38%,0.521319,2026-09-18
META,665.75,2026-09-21,2,Call,705.00,-5.90%,0.13,0.15,0.16,597,294,2.03,39.46%,37.76%,0.021242,2026-09-18
AMZN,253.71,2026-09-28,9,Call,255.00,-0.51%,3.3,3.8,3.9,653,321,2.03,30.81%,25.80%,0.466989,2026-09-18
TSLA,364.27,2026-09-30,11,Call,370.00,-1.57%,7.3,7.5,7.55,839,413,2.03,41.14%,38.81%,0.427878,2026-09-18
GME,22.64,2026-11-20,62,Put,22.00,-2.83%,1.18,1.25,1.35,894,441,2.03,45.42%,41.70%,-0.406384,2026-09-18
PDD,78.9,2027-09-17,363,Put,75.00,-4.94%,8,8.45,9.35,932,460,2.03,32.33%,38.64%,-0.347736,2026-09-18
MARA,13.24,2026-10-02,13,Put,12.00,-9.37%,0.32,0.31,0.34,1458,719,2.03,85.36%,85.11%,-0.24207,2026-09-18
OPEN,2.56,2029-01-19,853,Call,5.00,-95.31%,0.93,0.95,0.97,1814,894,2.03,83.61%,90.44%,0.609561,2026-09-18
SKHY,187.5,2026-09-25,6,Call,190.00,-1.33%,4.55,4.7,4.8,3569,1757,2.03,59.97%,60.01%,0.449886,2026-09-18
META,665.75,2026-12-18,90,Call,5.00,+99.25%,657.4,666.85,664.1,7225,3555,2.03,39.46%,0.00%,1,2026-09-18
HOOD,119.82,2026-10-16,27,Put,60.00,-49.92%,0.1,0.1,0.11,7959,3919,2.03,63.33%,112.76%,-0.007837,2026-09-18
KEEL,4.01,2026-10-16,27,Call,4.00,+0.25%,0.41,0.43,0.45,13433,6609,2.03,97.05%,96.96%,0.560212,2026-09-18
SPCX,152.71,2026-09-25,6,Put,155.00,+1.50%,5.05,5.1,5.2,4681,2322,2.02,50.13%,49.85%,-0.576977,2026-09-18
CABA,2.55,2027-01-15,118,Put,2.50,-1.96%,0.15,0.45,0.65,582,288,2.02,101.98%,77.35%,-0.3878,2026-09-18
GFL,42.53,2026-10-16,27,Call,42.50,+0.07%,1.9,2.51,3.8,657,325,2.02,56.56%,60.42%,0.540589,2026-09-18
AMD,559.82,2028-12-15,818,Put,390.00,-30.33%,61.6,66.68,67,703,348,2.02,52.39%,54.10%,-0.175302,2026-09-18
BETA,20.9,2026-10-16,27,Call,17.50,+16.27%,3.3,3.6,4.5,850,420,2.02,69.62%,78.60%,0.828962,2026-09-18
INTC,108.6,2026-09-25,6,Put,107.00,-1.47%,2.53,2.82,3.05,1065,528,2.02,63.94%,64.50%,-0.410525,2026-09-18
IBM,229.55,2026-09-25,6,Call,247.50,-7.82%,0.28,0.35,0.41,524,261,2.01,34.96%,38.96%,0.069418,2026-09-18
CRM,237.92,2026-10-02,13,Call,265.00,-11.38%,0.51,0.62,0.72,598,298,2.01,38.63%,39.15%,0.079523,2026-09-18
INTC,108.6,2026-09-21,2,Call,111.00,-2.21%,0.78,0.8,0.83,2825,1404,2.01,63.94%,53.76%,0.299749,2026-09-18
MU,1015.8,2026-09-25,6,Call,"1,050.00",-3.37%,13.3,14,14.15,4508,2248,2.01,59.82%,51.69%,0.32357,2026-09-18
INTC,108.6,2026-09-25,6,Put,100.00,-7.92%,0.69,0.75,0.76,6217,3090,2.01,63.94%,64.88%,-0.149357,2026-09-18
AMZN,253.71,2026-09-23,4,Call,252.50,+0.48%,3.5,3.71,3.85,2259,1130,2,30.81%,28.14%,0.575554,2026-09-18
ALB,110.91,2026-12-18,90,Put,195.00,+75.82%,82.55,83.41,85.35,600,300,2,49.42%,58.34%,-0.987085,2026-09-18
JPM,349.67,2026-09-25,6,Call,350.00,-0.09%,3.55,4,4,783,391,2,25.77%,21.71%,0.496439,2026-09-18
NOW,135.47,2026-09-25,6,Put,125.00,-7.73%,0.51,0.57,0.57,803,401,2,52.14%,54.08%,-0.11455,2026-09-18
GLNG,51.79,2026-10-16,27,Put,45.00,-13.11%,0.05,0.15,0.4,831,416,2,31.98%,39.45%,-0.08456,2026-09-18
META,665.75,2026-09-25,6,Put,670.00,+0.64%,16.25,16.45,17.4,1128,563,2,39.46%,43.27%,-0.531628,2026-09-18
AVGO,357.61,2027-02-19,153,Call,390.00,-9.06%,26.7,27.25,28.45,704,353,1.99,35.69%,41.69%,0.443846,2026-09-18
INTC,108.6,2026-09-23,4,Call,112.00,-3.13%,1.5,1.51,1.58,817,411,1.99,63.94%,63.37%,0.334909,2026-09-18
NKE,35.51,2026-10-02,13,Call,35.00,+1.44%,1.91,1.9,2.01,866,435,1.99,47.93%,64.11%,0.569928,2026-09-18
IREN,46.68,2026-09-25,6,Call,44.50,+4.67%,2.93,3.25,3.3,1126,566,1.99,83.90%,77.29%,0.704799,2026-09-18
RIVN,14.99,2028-06-16,636,Call,17.00,-13.41%,4.15,4.91,5.65,1260,633,1.99,55.90%,67.66%,0.649834,2026-09-18
TSLA,364.27,2026-09-25,6,Call,377.50,-3.63%,2.8,2.88,2.87,2516,1262,1.99,41.14%,40.30%,0.256814,2026-09-18
MSFT,493.78,2026-09-25,6,Call,495.00,-0.25%,5.4,5.75,5.8,2520,1269,1.99,25.44%,24.05%,0.48033,2026-09-18
MSFT,493.78,2026-09-25,6,Put,485.00,-1.78%,2.56,2.83,3.05,2309,1169,1.98,25.44%,25.20%,-0.279486,2026-09-18
MU,1015.8,2026-09-25,6,Call,980.00,+3.52%,47.4,49,49.2,2663,1348,1.98,59.82%,51.35%,0.721362,2026-09-18
PFE,27.66,2026-09-25,6,Call,27.50,+0.58%,0.32,0.34,0.39,3387,1712,1.98,22.30%,19.38%,0.592265,2026-09-18
HIMS,27.99,2026-09-25,6,Call,28.00,-0.04%,0.95,0.97,0.98,6872,3469,1.98,68.73%,67.20%,0.518288,2026-09-18
ORCL,147.61,2026-09-25,6,Call,150.00,-1.62%,2.66,2.72,2.8,8438,4269,1.98,49.00%,49.73%,0.41511,2026-09-18
GEMI,5.81,2026-10-02,13,Call,7.00,-20.48%,0.05,0.15,0.25,514,260,1.98,113.15%,114.74%,0.227721,2026-09-18
ARM,275.61,2027-01-15,118,Call,340.00,-23.36%,22.55,21.69,25.45,844,426,1.98,69.53%,70.26%,0.384073,2026-09-18
META,665.75,2026-09-23,4,Put,670.00,+0.64%,12.6,13.4,14.25,886,448,1.98,39.46%,40.49%,-0.548664,2026-09-18
AAPL,336.13,2026-09-25,6,Put,327.50,-2.57%,1.23,1.33,1.46,1653,833,1.98,23.55%,26.04%,-0.208854,2026-09-18
SNDK,1791.82,2026-09-25,6,Put,"1,550.00",-13.50%,3.9,4.22,4.3,2121,1069,1.98,72.25%,73.29%,-0.055273,2026-09-18
PYPL,52.41,2026-09-25,6,Call,55.00,-4.94%,0.09,0.2,0.24,2156,1088,1.98,30.30%,34.23%,0.142816,2026-09-18
PURR,14.09,2027-01-15,118,Call,14.00,+0.64%,2.95,3.2,3.4,529,268,1.97,100.34%,97.30%,0.62198,2026-09-18
ORBS,1.04,2027-04-16,209,Put,1.0000,-3.85%,0.2,0.34,0.4,541,275,1.97,138.22%,110.93%,-0.314123,2026-09-18
ASST,30.09,2026-10-02,13,Call,36.00,-19.64%,0.25,0.26,0.32,631,321,1.97,79.68%,79.58%,0.133401,2026-09-18
SKHY,187.5,2026-10-30,41,Put,160.00,-14.67%,3.65,4.18,5.1,737,375,1.97,59.97%,61.58%,-0.186845,2026-09-18
SPCX,152.71,2026-10-02,13,Put,132.00,-13.56%,0.42,0.62,0.48,780,395,1.97,50.13%,53.11%,-0.064759,2026-09-18
GILT,9.82,2027-01-15,118,Call,15.00,-52.75%,0.15,0.3,0.3,2002,1015,1.97,66.22%,65.82%,0.139886,2026-09-18
AVGO,357.61,2026-09-25,6,Call,350.00,+2.13%,10.35,10.55,10.85,2667,1364,1.96,35.69%,32.71%,0.707147,2026-09-18
IONQ,39.13,2026-09-25,6,Call,38.00,+2.89%,1.95,2.03,2.11,503,257,1.96,68.05%,69.89%,0.647482,2026-09-18
ENPH,34.64,2026-09-25,6,Put,33.00,-4.73%,0.27,0.33,0.38,504,257,1.96,64.08%,53.66%,-0.227502,2026-09-18
CIFR,18.34,2027-03-19,181,Call,19.00,-3.60%,4.55,4.65,5.05,723,368,1.96,95.95%,97.04%,0.625094,2026-09-18
MU,1015.8,2026-09-23,4,Put,940.00,-7.46%,2.2,2.25,2.46,837,426,1.96,59.82%,55.28%,-0.084508,2026-09-18
AAOI,105.17,2026-09-25,6,Call,105.00,+0.16%,4.8,5.04,5.1,1014,517,1.96,88.81%,89.99%,0.530642,2026-09-18
PYPL,52.41,2026-09-25,6,Call,56.00,-6.85%,0.05,0.1,0.15,1169,597,1.96,30.30%,37.30%,0.088066,2026-09-18
AMD,559.82,2026-09-23,4,Put,520.00,-7.11%,1.26,1.35,1.4,540,277,1.95,52.39%,53.75%,-0.089142,2026-09-18
MU,1015.8,2026-09-25,6,Put,975.00,-4.02%,10.85,11.05,11.25,705,361,1.95,59.82%,52.66%,-0.258268,2026-09-18
DELL,568.06,2026-09-25,6,Put,580.00,+2.10%,22,23.1,24.05,904,464,1.95,60.12%,56.35%,-0.597356,2026-09-18
BRK.B,509.77,2026-10-16,27,Call,545.00,-6.91%,0.3,0.41,0.49,1034,529,1.95,14.50%,14.10%,0.049147,2026-09-18
HMY,19.92,2026-10-16,27,Call,20.00,-0.40%,0.95,0.97,1.05,1040,532,1.95,53.36%,48.55%,0.510295,2026-09-18
META,665.75,2026-09-23,4,Call,695.00,-4.39%,2.14,2.25,2.54,1150,590,1.95,39.46%,40.29%,0.161093,2026-09-18
RIOT,23.75,2026-10-16,27,Call,24.00,-1.05%,1.95,2.06,2.17,1813,932,1.95,82.44%,83.35%,0.531479,2026-09-18
NFLX,71.79,2026-09-25,6,Call,76.00,-5.86%,0.15,0.15,0.16,6431,3297,1.95,33.68%,34.39%,0.104379,2026-09-18
NKE,35.51,2026-10-16,27,Put,32.50,-8.48%,0.63,0.63,0.66,22931,11787,1.95,47.93%,47.49%,-0.227272,2026-09-18
ASTS,58.52,2026-10-02,13,Call,80.00,-36.71%,0.15,0.16,0.21,2897,1495,1.94,72.24%,92.77%,0.04543,2026-09-18
HOOD,119.82,2026-10-02,13,Put,108.00,-9.86%,1.47,1.48,1.51,548,283,1.94,63.33%,64.58%,-0.178097,2026-09-18
AMD,559.82,2026-10-02,13,Call,650.00,-16.11%,1.76,1.88,1.98,583,300,1.94,52.39%,53.15%,0.076935,2026-09-18
CVX,209.51,2026-09-25,6,Call,217.50,-3.81%,0.54,0.62,0.72,766,394,1.94,27.16%,28.63%,0.158551,2026-09-18
CRWV,81.36,2026-10-30,41,Put,80.00,-1.67%,6.95,7.14,7.2,813,419,1.94,75.97%,73.30%,-0.418931,2026-09-18
BMNR,25.99,2026-11-20,62,Call,39.00,-50.06%,0.74,0.78,0.84,817,422,1.94,79.08%,88.44%,0.180113,2026-09-18
PURR,14.09,2026-10-09,20,Call,15.00,-6.46%,0.75,1.03,1.75,1017,524,1.94,100.34%,122.28%,0.47264,2026-09-18
HOOD,119.82,2026-09-25,6,Put,114.00,-4.86%,1.52,1.65,1.71,1082,558,1.94,63.33%,64.68%,-0.258393,2026-09-18
SKHY,187.5,2026-09-25,6,Call,220.00,-17.33%,0.22,0.31,0.54,526,273,1.93,59.97%,74.35%,0.052298,2026-09-18
MU,1015.8,2026-09-25,6,Call,"1,040.00",-2.38%,16.5,16.87,17.05,783,406,1.93,59.82%,51.27%,0.375845,2026-09-18
ASTS,58.52,2026-09-25,6,Call,64.00,-9.36%,0.5,0.55,0.61,809,419,1.93,72.24%,74.55%,0.188722,2026-09-18
GME,22.64,2026-09-25,6,Put,22.00,-2.83%,0.21,0.25,0.24,1300,674,1.93,45.42%,41.62%,-0.289033,2026-09-18
NVDA,222.27,2026-10-02,13,Call,222.50,-0.10%,5.05,5.3,5.25,1465,760,1.93,32.11%,30.72%,0.51216,2026-09-18
BABA,113.24,2026-09-25,6,Call,114.00,-0.67%,2.69,2.75,2.82,1575,816,1.93,44.38%,53.72%,0.474826,2026-09-18
MSFT,493.78,2026-09-21,2,Put,490.00,-0.77%,1.13,1.62,1.94,1816,942,1.93,25.44%,21.24%,-0.306636,2026-09-18
COIN,194.25,2026-09-25,6,Call,230.00,-18.40%,0.59,0.59,0.63,2075,1076,1.93,66.28%,85.04%,0.068183,2026-09-18
BMNR,25.99,2026-10-16,27,Call,35.00,-34.67%,0.38,0.4,0.41,3261,1687,1.93,79.08%,89.23%,0.136831,2026-09-18
AAPL,336.13,2026-09-21,2,Call,345.00,-2.64%,0.09,0.1,0.11,14463,7526,1.92,23.55%,20.77%,0.047003,2026-09-18
CRWV,81.36,2026-09-25,6,Call,75.00,+7.82%,7.1,7.15,7.4,604,314,1.92,75.97%,75.86%,0.813731,2026-09-18
QCOM,177.72,2026-10-02,13,Call,180.00,-1.28%,5.3,5.5,5.7,630,328,1.92,47.44%,48.57%,0.464943,2026-09-18
KGC,28.08,2026-10-16,27,Call,28.00,+0.28%,1.2,1.54,1.59,701,366,1.92,44.66%,43.55%,0.540568,2026-09-18
CAG,15.13,2026-09-25,6,Call,15.50,-2.45%,0.1,0.14,0.15,721,376,1.92,34.86%,35.10%,0.297329,2026-09-18
CCL,21.84,2026-10-02,13,Call,24.50,-12.18%,0.01,0.2,0.21,809,421,1.92,47.63%,48.94%,0.115997,2026-09-18
CSCO,109.51,2026-09-25,6,Call,112.00,-2.27%,0.66,0.73,0.81,870,454,1.92,31.07%,29.75%,0.287182,2026-09-18
RKLB,64.57,2026-09-25,6,Put,62.00,-3.98%,0.93,1.01,1.1,946,493,1.92,67.75%,63.70%,-0.293015,2026-09-18
SPCX,152.71,2026-10-23,34,Call,162.50,-6.41%,5.4,5.65,5.6,503,263,1.91,50.13%,49.15%,0.375901,2026-09-18
ARM,275.61,2026-09-25,6,Call,350.00,-26.99%,0.3,0.35,0.75,539,282,1.91,69.53%,101.26%,0.038283,2026-09-18
ONON,27.26,2026-09-25,6,Call,27.50,-0.88%,0.76,0.77,0.98,1245,651,1.91,46.28%,69.86%,0.481484,2026-09-18
SKHY,187.5,2026-10-16,27,Put,145.00,-22.67%,0.7,0.74,0.8,2454,1283,1.91,59.97%,62.14%,-0.052611,2026-09-18
AAPL,336.13,2026-09-25,6,Call,347.50,-3.38%,0.63,0.7,0.89,3077,1609,1.91,23.55%,23.85%,0.145692,2026-09-18
RIVN,14.99,2026-09-25,6,Call,16.00,-6.74%,0.12,0.12,0.13,4863,2543,1.91,55.90%,58.49%,0.204926,2026-09-18
SKHY,187.5,2026-09-25,6,Call,202.50,-8.00%,1.4,1.42,1.52,541,285,1.9,59.97%,63.12%,0.183199,2026-09-18
NFLX,71.79,2029-01-19,853,Put,60.00,-16.42%,7.05,7.9,8,591,311,1.9,33.68%,37.50%,-0.238218,2026-09-18
SPCX,152.71,2026-10-23,34,Call,152.50,+0.14%,8.9,9,10,651,343,1.9,50.13%,48.98%,0.542635,2026-09-18
CRWV,81.36,2026-09-25,6,Call,79.00,+2.90%,4.3,4.36,4.5,775,408,1.9,75.97%,74.34%,0.641626,2026-09-18
BA,198.2,2026-09-25,6,Put,197.50,-0.35%,2.45,2.71,2.77,853,450,1.9,30.65%,29.07%,-0.455244,2026-09-18
CRSP,56.56,2026-10-16,27,Put,55.00,-2.76%,1.85,2.6,3.1,1005,530,1.9,57.22%,53.82%,-0.390093,2026-09-18
HOOD,119.82,2026-09-25,6,Put,112.00,-6.53%,1.1,1.15,1.2,2187,1150,1.9,63.33%,65.55%,-0.197254,2026-09-18
MU,1015.8,2027-06-17,271,Call,"2,480.00",-144.14%,21.2,21.8,27.6,562,297,1.89,59.82%,66.07%,0.108938,2026-09-18
AMD,559.82,2026-12-18,90,Put,570.00,+1.82%,62.9,70,67.15,675,357,1.89,52.39%,55.97%,-0.461125,2026-09-18
TRIP,8.84,2028-01-21,489,Put,3.00,-66.06%,0.05,0.16,0.3,700,370,1.89,45.43%,73.84%,-0.040235,2026-09-18
APLD,28.12,2026-09-25,6,Call,27.00,+3.98%,1.65,1.7,1.84,2385,1260,1.89,90.94%,76.93%,0.679931,2026-09-18
NBIS,223.54,2026-09-25,6,Call,240.00,-7.36%,3.5,3.6,3.65,2719,1437,1.89,80.64%,81.15%,0.265927,2026-09-18
JBLU,4.37,2027-03-19,181,Put,3.00,-31.35%,0.28,0.31,0.41,3278,1731,1.89,66.79%,88.02%,-0.172734,2026-09-18
AVGO,357.61,2026-09-25,6,Call,370.00,-3.46%,1.8,2.05,2.17,3502,1854,1.89,35.69%,33.84%,0.225894,2026-09-18
RUM,9.09,2026-10-16,27,Call,11.00,-21.01%,0.25,0.3,0.35,13616,7203,1.89,87.90%,88.83%,0.255403,2026-09-18
META,665.75,2027-12-17,454,Call,5.00,+99.25%,657.2,667.05,664.6,13900,7368,1.89,39.46%,218.81%,0.99907,2026-09-18
HPE,60.76,2027-01-15,118,Put,50.00,-17.71%,3.45,3.5,3.7,3010,1605,1.88,61.90%,64.14%,-0.229554,2026-09-18
WMT,106.73,2026-09-25,6,Call,108.00,-1.19%,0.75,0.77,0.82,3672,1955,1.88,23.68%,23.79%,0.360114,2026-09-18
NVDA,222.27,2026-09-23,4,Call,227.50,-2.35%,0.87,0.88,0.94,5856,3122,1.88,32.11%,29.24%,0.2317,2026-09-18
NOW,135.47,2026-10-09,20,Call,150.00,-10.73%,2.01,2.1,2.14,626,333,1.88,52.14%,52.72%,0.22726,2026-09-18
BE,265.63,2026-11-20,62,Call,510.00,-92.00%,2.15,2.7,2.97,870,464,1.88,78.94%,92.51%,0.066326,2026-09-18
MSTR,153.92,2026-12-18,90,Call,190.00,-23.44%,11.65,12,11.95,1163,620,1.88,71.41%,75.46%,0.363401,2026-09-18
TSLA,364.27,2026-10-09,20,Put,360.00,-1.17%,11.25,11.25,11.4,882,471,1.87,41.14%,40.37%,-0.42509,2026-09-18
NBIS,223.54,2026-09-25,6,Call,210.00,+6.06%,17,17.7,17.45,891,476,1.87,80.64%,78.97%,0.749764,2026-09-18
PYPL,52.41,2026-09-25,6,Put,52.00,-0.78%,0.42,0.61,0.7,1189,637,1.87,30.30%,28.30%,-0.403445,2026-09-18
MSTR,153.92,2026-10-02,13,Call,160.00,-3.95%,6,6.05,6.15,3015,1609,1.87,71.41%,73.72%,0.420881,2026-09-18
GOOGL,349.54,2026-09-25,6,Put,345.00,-1.30%,3.4,3.6,4.05,2965,1590,1.86,31.26%,32.54%,-0.364846,2026-09-18
AKAM,104.52,2027-01-15,118,Put,80.00,-23.46%,3.2,3.9,4.6,3500,1886,1.86,51.50%,62.11%,-0.167472,2026-09-18
AAPL,336.13,2026-09-25,6,Call,332.50,+1.08%,6,6.31,6.55,3782,2032,1.86,23.55%,23.93%,0.650598,2026-09-18
NFLX,71.79,2026-10-30,41,Put,70.00,-2.49%,2.95,3.05,3.05,688,370,1.86,33.68%,41.66%,-0.391942,2026-09-18
AMD,559.82,2026-09-25,6,Put,545.00,-2.65%,8.25,8.48,8.6,945,508,1.86,52.39%,52.29%,-0.329459,2026-09-18
BRK.B,509.77,2026-10-16,27,Put,480.00,-5.84%,0.82,1,1.17,1130,607,1.86,14.50%,17.33%,-0.088139,2026-09-18
TSLA,364.27,2026-10-02,13,Call,367.50,-0.89%,10.2,10.3,10.35,1145,615,1.86,41.14%,42.15%,0.478084,2026-09-18
AAPL,336.13,2026-10-09,20,Call,360.00,-7.10%,0.74,0.86,0.91,1851,997,1.86,23.55%,22.04%,0.102175,2026-09-18
COIN,194.25,2026-10-02,13,Call,240.00,-23.55%,0.97,1,1.14,587,317,1.85,66.28%,77.34%,0.085787,2026-09-18
INTC,108.6,2026-09-25,6,Put,101.00,-7.00%,0.87,0.93,0.94,853,462,1.85,63.94%,64.74%,-0.178429,2026-09-18
RGTI,15.76,2026-11-20,62,Call,15.00,+4.82%,2.26,2.34,2.52,928,502,1.85,71.93%,77.02%,0.630921,2026-09-18
NBIS,223.54,2026-10-16,27,Call,180.00,+19.48%,45.9,48.35,48.35,960,519,1.85,80.64%,76.37%,0.876951,2026-09-18
GME,22.64,2026-09-25,6,Put,22.50,-0.62%,0.44,0.47,0.5,1365,736,1.85,45.42%,46.14%,-0.449197,2026-09-18
SPCX,152.71,2026-10-02,13,Call,190.00,-24.42%,0.18,0.26,0.21,1377,743,1.85,50.13%,59.59%,0.030401,2026-09-18
RGTI,15.76,2026-09-25,6,Call,16.00,-1.52%,0.45,0.47,0.48,2003,1080,1.85,71.93%,70.58%,0.454139,2026-09-18
MSFT,493.78,2026-09-25,6,Call,510.00,-3.28%,1.01,1.23,1.29,3995,2160,1.85,25.44%,23.65%,0.150231,2026-09-18
VZ,48.09,2026-11-20,62,Call,55.00,-14.37%,0.15,0.17,0.21,5239,2838,1.85,23.24%,23.70%,0.086532,2026-09-18
SNOW,332.43,2026-09-25,6,Call,350.00,-5.29%,1.44,1.94,2.3,2852,1547,1.84,44.49%,43.54%,0.188318,2026-09-18
BMNR,25.99,2026-09-25,6,Call,31.00,-19.28%,0.02,0.1,0.14,704,382,1.84,79.08%,87.49%,0.065483,2026-09-18
AAPL,336.13,2026-09-23,4,Put,327.50,-2.57%,0.65,0.74,0.77,979,532,1.84,23.55%,24.95%,-0.153489,2026-09-18
CRM,237.92,2026-10-02,13,Put,230.00,-3.33%,3.35,3.6,3.75,1027,557,1.84,38.63%,39.00%,-0.305356,2026-09-18
ASX,41.63,2026-12-18,90,Put,35.00,-15.93%,1.5,1.85,1.75,1236,671,1.84,54.18%,55.09%,-0.216956,2026-09-18
AMZN,253.71,2027-12-17,454,Call,305.00,-20.22%,28,28.86,29.05,1445,785,1.84,30.81%,36.96%,0.452972,2026-09-18
INTC,108.6,2026-09-23,4,Call,115.00,-5.89%,0.82,0.84,0.89,1608,873,1.84,63.94%,64.96%,0.21096,2026-09-18
CNC,65.11,2026-10-16,27,Put,65.00,-0.17%,2.55,2.72,2.91,1854,1008,1.84,43.23%,40.57%,-0.464607,2026-09-18
NFLX,71.79,2026-10-02,13,Call,78.00,-8.65%,0.24,0.25,0.26,1912,1037,1.84,33.68%,34.73%,0.112506,2026-09-18
MSTR,153.92,2026-10-09,20,Call,155.00,-0.70%,9.8,9.95,10.1,562,307,1.83,71.41%,71.78%,0.521626,2026-09-18
COIN,194.25,2026-09-25,6,Put,167.50,-13.77%,0.38,0.38,0.44,795,435,1.83,66.28%,73.29%,-0.051583,2026-09-18
PURR,14.09,2026-09-25,6,Put,14.00,-0.64%,0.6,0.5,1.1,835,457,1.83,100.34%,125.15%,-0.450973,2026-09-18
GOOG,344.41,2026-09-25,6,Put,337.50,-2.01%,2.26,2.54,2.58,902,492,1.83,31.25%,29.90%,-0.287573,2026-09-18
MSTR,153.92,2026-10-02,13,Call,175.00,-13.70%,2.69,2.8,2.8,1439,786,1.83,71.41%,79.83%,0.221189,2026-09-18
BIDU,89.93,2026-09-25,6,Call,95.00,-5.64%,0.39,0.42,0.46,1621,888,1.83,39.56%,42.57%,0.166838,2026-09-18
FIG,22.69,2026-09-25,6,Call,24.50,-7.98%,0.07,0.26,0.26,2093,1145,1.83,69.81%,61.48%,0.177031,2026-09-18
ORCL,147.61,2026-09-25,6,Call,152.50,-3.31%,1.84,1.86,1.91,3601,1967,1.83,49.00%,49.73%,0.317853,2026-09-18
CLSK,14.47,2026-09-25,6,Call,14.00,+3.25%,0.82,0.85,0.93,3935,2149,1.83,79.72%,83.31%,0.643634,2026-09-18
SOFI,16.96,2026-10-02,13,Put,16.50,-2.71%,0.33,0.35,0.35,8465,4625,1.83,46.08%,43.42%,-0.348314,2026-09-18
CIFR,18.34,2026-10-02,13,Call,20.00,-9.05%,0.75,0.76,0.78,2944,1617,1.82,95.95%,99.82%,0.359801,2026-09-18
AVGO,357.61,2026-09-25,6,Call,360.00,-0.67%,4.8,5,5.25,7376,4050,1.82,35.69%,33.09%,0.450378,2026-09-18
PANW,363.58,2026-09-25,6,Call,405.00,-11.39%,0.36,0.36,0.95,532,293,1.82,49.37%,53.32%,0.062366,2026-09-18
OSCR,32.13,2026-09-25,6,Call,33.00,-2.71%,0.59,0.72,0.8,671,368,1.82,66.72%,64.08%,0.39093,2026-09-18
UGI,37.66,2026-12-18,90,Put,35.00,-7.06%,0.55,0.9,0.95,500,276,1.81,26.26%,24.72%,-0.253502,2026-09-18
GANX,1.76,2026-11-20,62,Call,2.0000,-13.64%,0.1,0.23,0.35,501,277,1.81,257.80%,106.87%,0.477766,2026-09-18
CORZ,17.99,2026-10-16,27,Put,17.00,-5.50%,0.7,0.97,1.03,518,286,1.81,71.85%,69.57%,-0.342503,2026-09-18
JBHT,234.25,2027-01-15,118,Call,250.00,-6.72%,13,14.17,15.7,569,315,1.81,38.29%,37.30%,0.437782,2026-09-18
NVDA,222.27,2026-09-28,9,Put,217.50,-2.15%,1.96,2.05,2.13,591,327,1.81,32.11%,29.33%,-0.305441,2026-09-18
BA,198.2,2026-09-25,6,Call,207.50,-4.69%,0.6,0.61,0.66,845,466,1.81,30.65%,33.42%,0.146692,2026-09-18
DELL,568.06,2026-09-25,6,Put,540.00,-4.94%,5.75,6.25,6.65,1020,565,1.81,60.12%,58.87%,-0.237258,2026-09-18
DIS,102.67,2026-09-25,6,Call,104.00,-1.30%,0.63,0.72,0.81,1161,642,1.81,25.40%,24.07%,0.345244,2026-09-18
COIN,194.25,2026-09-25,6,Call,205.00,-5.53%,3.25,3.16,3.45,1596,882,1.81,66.28%,73.48%,0.302092,2026-09-18
GFS,47.82,2026-10-16,27,Put,40.00,-16.35%,0.3,0.4,0.5,2099,1162,1.81,56.95%,56.65%,-0.106023,2026-09-18
TSLA,364.27,2026-10-02,13,Call,365.00,-0.20%,11.35,11.46,11.5,2511,1389,1.81,41.14%,42.13%,0.512296,2026-09-18
NBIS,223.54,2026-11-20,62,Call,250.00,-11.84%,22.35,23.28,23.75,2969,1643,1.81,80.64%,88.35%,0.457023,2026-09-18
JD,26.92,2026-10-16,27,Call,25.00,+7.13%,1.5,2.3,2.7,3076,1703,1.81,30.67%,34.02%,0.798823,2026-09-18
GOOG,344.41,2026-09-25,6,Call,360.00,-4.53%,1.02,1.08,1.07,5695,3149,1.81,31.25%,31.85%,0.14679,2026-09-18
RIOT,23.75,2026-09-25,6,Call,25.00,-5.26%,0.54,0.59,0.63,7763,4316,1.8,82.44%,87.79%,0.346718,2026-09-18
C,131.77,2026-09-25,6,Call,135.00,-2.45%,0.73,0.83,0.94,568,316,1.8,32.19%,30.01%,0.273344,2026-09-18
KO,88.25,2026-09-25,6,Put,88.00,-0.28%,0.62,0.68,0.73,743,413,1.8,18.24%,17.78%,-0.44289,2026-09-18
META,665.75,2028-06-16,636,Call,5.00,+99.25%,657,667.15,664.2,875,485,1.8,39.46%,177.15%,0.99943,2026-09-18
ENTG,142.25,2026-10-16,27,Call,150.00,-5.45%,5.4,6.05,6.9,2045,1134,1.8,62.05%,59.33%,0.40789,2026-09-18
FOUR,38.98,2026-10-16,27,Call,45.00,-15.44%,0.65,0.8,0.8,1048,586,1.79,62.95%,59.81%,0.216186,2026-09-18
INTC,108.6,2026-09-25,6,Put,108.00,-0.55%,3.15,3.32,3.3,1266,707,1.79,63.94%,63.95%,-0.454688,2026-09-18
RDDT,150.85,2026-09-25,6,Call,160.00,-6.07%,1.4,1.55,1.7,1345,751,1.79,58.66%,60.07%,0.236256,2026-09-18
COIN,194.25,2026-10-16,27,Call,195.00,-0.39%,13.45,13.79,14.05,2312,1293,1.79,66.28%,65.83%,0.533069,2026-09-18
INTC,108.6,2026-09-25,6,Call,107.00,+1.47%,4.45,4.4,4.6,2430,1357,1.79,63.94%,66.01%,0.588527,2026-09-18
FLL,1.9,2027-01-15,118,Call,2.5000,-31.58%,0.15,0.25,0.35,2795,1563,1.79,134.08%,99.13%,0.427379,2026-09-18
META,665.75,2027-09-17,363,Call,5.00,+99.25%,656.55,667.15,664.3,2975,1663,1.79,39.46%,215.40%,0.999642,2026-09-18
PLTR,177.64,2026-09-25,6,Call,200.00,-12.59%,0.21,0.22,0.23,5345,3006,1.78,49.12%,53.26%,0.045189,2026-09-18
NFLX,71.79,2026-10-02,13,Put,69.00,-3.89%,0.61,0.63,0.64,575,323,1.78,33.68%,31.83%,-0.23923,2026-09-18
META,665.75,2026-09-21,2,Put,630.00,-5.37%,0.16,0.21,0.21,577,324,1.78,39.46%,38.58%,-0.025425,2026-09-18
AGI,35.72,2026-10-16,27,Put,31.00,-13.21%,0.25,0.25,0.6,602,339,1.78,56.75%,54.14%,-0.146687,2026-09-18
DELL,568.06,2026-09-25,6,Put,570.00,+0.34%,17.05,17.43,18.65,1134,637,1.78,60.12%,58.43%,-0.500981,2026-09-18
CRM,237.92,2026-09-25,6,Call,245.00,-2.98%,1.79,1.96,2.01,1412,792,1.78,38.63%,36.95%,0.279108,2026-09-18
INTC,108.6,2026-09-23,4,Call,120.00,-10.50%,0.26,0.28,0.3,1839,1034,1.78,63.94%,66.89%,0.082928,2026-09-18
AVGO,357.61,2026-10-23,34,Put,335.00,-6.32%,5.9,6.15,6.35,500,283,1.77,35.69%,35.73%,-0.249511,2026-09-18
TSLA,364.27,2026-10-02,13,Put,367.50,+0.89%,12.5,13.2,12.95,559,316,1.77,41.14%,40.91%,-0.525187,2026-09-18
VST,140.67,2026-09-25,6,Put,140.00,-0.48%,2.61,2.56,2.8,618,350,1.77,43.22%,42.60%,-0.451399,2026-09-18
NVDA,222.27,2026-09-28,9,Put,220.00,-1.02%,2.71,2.85,3.1,690,390,1.77,32.11%,28.89%,-0.396129,2026-09-18
SKHY,187.5,2026-09-25,6,Put,172.50,-8.00%,0.98,0.99,1.04,784,443,1.77,59.97%,60.87%,-0.132535,2026-09-18
AGI,35.72,2026-10-16,27,Call,36.00,-0.78%,1.75,1.85,2.4,910,515,1.77,56.75%,55.94%,0.515872,2026-09-18
FTNT,169.84,2026-09-25,6,Call,177.50,-4.51%,1.31,1.42,1.52,1021,576,1.77,47.16%,46.65%,0.242668,2026-09-18
MU,1015.8,2026-09-21,2,Put,920.00,-9.43%,0.16,0.17,0.19,1047,592,1.77,59.82%,59.33%,-0.011259,2026-09-18
TSLA,364.27,2026-09-23,4,Put,357.50,-1.86%,2.98,3.01,3.1,1065,601,1.77,41.14%,38.85%,-0.312024,2026-09-18
META,665.75,2026-09-25,6,Put,660.00,-0.86%,11.35,11.94,12.15,1172,664,1.77,39.46%,43.03%,-0.423476,2026-09-18
HPE,60.76,2026-10-16,27,Put,55.00,-9.48%,1.55,1.6,1.65,2964,1675,1.77,61.90%,61.33%,-0.244645,2026-09-18
NVDA,222.27,2026-09-28,9,Call,230.00,-3.48%,1.06,1.17,1.22,3391,1921,1.77,32.11%,26.65%,0.218423,2026-09-18
SPCX,152.71,2026-10-02,13,Call,175.00,-14.60%,0.66,0.7,0.71,3995,2253,1.77,50.13%,53.32%,0.098379,2026-09-18
MSTR,153.92,2026-09-25,6,Call,140.00,+9.04%,15,15.17,15.35,4923,2781,1.77,71.41%,74.53%,0.852247,2026-09-18
AVGO,357.61,2026-09-25,6,Put,357.50,-0.03%,6.1,6.45,7.05,607,344,1.76,35.69%,36.67%,-0.484718,2026-09-18
MSTR,153.92,2026-09-25,6,Put,127.00,-17.49%,0.19,0.2,0.2,658,374,1.76,71.41%,82.19%,-0.029897,2026-09-18
SPCX,152.71,2026-10-09,20,Call,157.50,-3.14%,5,5.3,5.2,677,384,1.76,50.13%,49.21%,0.423356,2026-09-18
MSFT,493.78,2026-09-25,6,Put,492.50,-0.26%,5.15,5.65,6.45,583,333,1.75,25.44%,25.84%,-0.457551,2026-09-18
NKE,35.51,2026-10-23,34,Put,33.00,-7.07%,0.79,0.88,0.92,765,438,1.75,47.93%,44.16%,-0.271204,2026-09-18
LCID,4.09,2026-09-25,6,Put,4.00,-2.20%,0.1,0.13,0.15,1426,813,1.75,85.22%,80.80%,-0.393021,2026-09-18
SPCX,152.71,2026-09-25,6,Put,146.00,-4.39%,1.37,1.39,1.43,2039,1162,1.75,50.13%,50.92%,-0.232974,2026-09-18
NOMD,10.66,2026-11-20,62,Call,10.00,+6.19%,0.9,1,1.05,501,288,1.74,34.13%,36.50%,0.681636,2026-09-18
MU,1015.8,2026-10-02,13,Call,995.00,+2.05%,61.75,62.62,65.85,530,305,1.74,59.82%,68.83%,0.592511,2026-09-18
META,665.75,2026-09-21,2,Put,652.50,-1.99%,1.8,1.99,2.3,604,347,1.74,39.46%,34.53%,-0.210205,2026-09-18
PYPL,52.41,2026-10-02,13,Put,51.00,-2.69%,0.31,0.54,0.65,658,378,1.74,30.30%,27.00%,-0.28211,2026-09-18
LLY,1152.93,2026-10-16,27,Call,"1,160.00",-0.61%,37,38,39.3,795,458,1.74,32.14%,32.21%,0.499627,2026-09-18
CRWV,81.36,2026-10-23,34,Put,65.00,-20.11%,1.24,1.34,1.4,1015,585,1.74,75.97%,73.62%,-0.130213,2026-09-18
HOOD,119.82,2026-09-25,6,Call,114.00,+4.86%,7.45,7.25,7.7,1101,632,1.74,63.33%,66.16%,0.73779,2026-09-18
AMD,559.82,2027-12-17,454,Call,900.00,-60.77%,61.9,66,68.85,1413,813,1.74,52.39%,57.34%,0.36552,2026-09-18
GAP,20.54,2026-09-25,6,Call,20.50,+0.19%,0.32,0.48,0.5,543,314,1.73,37.83%,37.11%,0.52592,2026-09-18
NFLX,71.79,2026-10-23,34,Call,75.00,-4.47%,2.57,2.6,2.62,574,332,1.73,33.68%,43.69%,0.406909,2026-09-18
MSFT,493.78,2026-10-23,34,Call,540.00,-9.36%,2.17,2.49,2.72,595,344,1.73,25.44%,24.81%,0.133939,2026-09-18
JPM,349.67,2026-09-25,6,Call,365.00,-4.38%,0.13,0.28,0.45,1111,644,1.73,25.77%,22.02%,0.06753,2026-09-18
STT,182.87,2026-10-16,27,Call,165.00,+9.77%,17.4,18.45,20.1,1181,682,1.73,33.66%,30.09%,0.90435,2026-09-18
TTD,13.92,2026-09-25,6,Call,14.00,-0.57%,0.34,0.38,0.39,1252,724,1.73,59.68%,56.02%,0.48581,2026-09-18
TSLA,364.27,2026-09-25,6,Call,387.50,-6.38%,1.21,1.26,1.26,1319,764,1.73,41.14%,41.46%,0.130211,2026-09-18
META,665.75,2028-01-21,489,Call,5.00,+99.25%,657.25,667.1,664.65,2802,1624,1.73,39.46%,217.05%,0.998991,2026-09-18
NN,14.22,2026-10-09,20,Call,21.00,-47.68%,0.3,0.3,0.35,3125,1810,1.73,104.84%,139.96%,0.153808,2026-09-18
CIFR,18.34,2026-09-25,6,Call,21.00,-14.50%,0.22,0.22,0.25,4467,2580,1.73,95.95%,107.60%,0.181785,2026-09-18
HOOD,119.82,2026-09-25,6,Call,135.00,-12.67%,0.55,0.57,0.59,2956,1719,1.72,63.33%,72.68%,0.109878,2026-09-18
ARM,275.61,2026-09-25,6,Call,300.00,-8.85%,2.93,3,3,11491,6692,1.72,69.53%,75.64%,0.20617,2026-09-18
WDC,441.36,2026-09-25,6,Call,500.00,-13.29%,1.6,1.75,1.91,623,363,1.72,66.66%,71.63%,0.09573,2026-09-18
META,665.75,2026-09-21,2,Call,710.00,-6.65%,0.08,0.1,0.11,1131,656,1.72,39.46%,39.23%,0.014078,2026-09-18
PLTR,177.64,2026-09-25,6,Call,197.50,-11.18%,0.29,0.3,0.31,1334,776,1.72,49.12%,51.87%,0.060388,2026-09-18
META,665.75,2027-06-17,271,Call,5.00,+99.25%,656.95,667.05,664.15,2125,1237,1.72,39.46%,239.77%,0.999687,2026-09-18
STLA,4.82,2026-10-23,34,Call,1.50,+68.88%,3,3.4,5.5,562,328,1.71,51.83%,790.92%,0.954679,2026-09-18
GOOGL,349.54,2026-09-25,6,Put,332.50,-4.87%,0.73,0.74,0.84,605,353,1.71,31.26%,32.59%,-0.109473,2026-09-18
SNDK,1791.82,2026-10-16,27,Call,"2,500.00",-39.52%,11.7,11.6,12.1,1006,590,1.71,72.25%,78.62%,0.075198,2026-09-18
BAC,57.73,2026-09-25,6,Put,56.00,-3.00%,0.13,0.14,0.16,1279,750,1.71,26.03%,23.92%,-0.154781,2026-09-18
MU,1015.8,2026-09-25,6,Put,895.00,-11.89%,1.34,1.42,1.55,1672,980,1.71,59.82%,59.53%,-0.044183,2026-09-18
BE,265.63,2026-09-25,6,Put,260.00,-2.12%,7.65,8,8.2,3315,1953,1.7,78.94%,78.61%,-0.39437,2026-09-18
COO,55.29,2026-10-16,27,Call,60.00,-8.52%,0.35,0.39,0.45,512,301,1.7,30.24%,29.67%,0.173162,2026-09-18
FCX,71.54,2026-09-25,6,Call,80.00,-11.83%,0.04,0.17,0.25,537,316,1.7,46.12%,56.28%,0.065948,2026-09-18
UUUU,11.7,2026-10-02,13,Call,11.00,+5.98%,0.78,1.1,1.21,565,333,1.7,67.98%,66.56%,0.713721,2026-09-18
HOOD,119.82,2026-10-02,13,Call,122.00,-1.82%,4.75,4.5,5.1,572,336,1.7,63.33%,64.69%,0.469676,2026-09-18
AMZN,253.71,2026-09-23,4,Call,247.50,+2.45%,6.85,7.66,7.4,577,339,1.7,30.81%,28.30%,0.806406,2026-09-18
OKLO,38,2026-09-25,6,Put,37.00,-2.63%,0.77,0.85,0.92,724,427,1.7,71.97%,67.37%,-0.360224,2026-09-18
WM,211.1,2026-10-16,27,Put,200.00,-5.26%,0.65,0.78,0.9,941,555,1.7,19.48%,19.03%,-0.13688,2026-09-18
CRWV,81.36,2027-03-19,181,Call,90.00,-10.62%,15.3,15.4,15.4,1196,702,1.7,75.97%,79.08%,0.552773,2026-09-18
ORCL,147.61,2026-09-25,6,Put,143.00,-3.12%,1.69,1.74,1.75,1456,858,1.7,49.00%,48.16%,-0.291055,2026-09-18
AMD,559.82,2026-09-25,6,Call,590.00,-5.39%,4.65,4.75,4.95,1552,911,1.7,52.39%,52.10%,0.228477,2026-09-18
RKLB,64.57,2026-09-25,6,Call,64.00,+0.88%,2.39,2.42,2.5,1700,998,1.7,67.75%,64.73%,0.561803,2026-09-18
LUNR,13.92,2026-09-25,6,Call,14.00,-0.57%,0.48,0.49,0.65,687,406,1.69,85.30%,84.12%,0.502518,2026-09-18
TSLA,364.27,2026-09-23,4,Put,345.00,-5.29%,0.73,0.75,0.76,723,427,1.69,41.14%,41.22%,-0.098593,2026-09-18
PLTR,177.64,2026-09-25,6,Put,177.50,-0.08%,4.2,4.3,4.35,948,561,1.69,49.12%,48.36%,-0.479487,2026-09-18
META,665.75,2027-03-19,181,Call,5.00,+99.25%,657.3,667.05,664.05,2475,1463,1.69,39.46%,279.56%,0.999777,2026-09-18
ORCL,147.61,2026-09-25,6,Put,145.00,-1.77%,2.39,2.4,2.47,3460,2045,1.69,49.00%,48.19%,-0.372584,2026-09-18
CMCSA,22.74,2026-09-25,6,Put,22.50,-1.06%,0.21,0.25,0.3,8798,5195,1.69,28.48%,31.08%,-0.390172,2026-09-18
BAC,57.73,2026-09-25,6,Call,58.00,-0.47%,0.53,0.58,0.58,3105,1853,1.68,26.03%,22.79%,0.445977,2026-09-18
JD,26.92,2027-06-17,271,Put,23.00,-14.56%,1.48,1.58,1.83,3700,2196,1.68,30.67%,31.70%,-0.294465,2026-09-18
GOOGL,349.54,2026-10-16,27,Call,355.00,-1.56%,9.2,9.37,9.55,7042,4198,1.68,31.26%,30.19%,0.453215,2026-09-18
MSTR,153.92,2026-10-30,41,Call,170.00,-10.45%,9.05,9.25,9.45,526,314,1.68,71.41%,73.17%,0.395248,2026-09-18
SMR,8.27,2026-10-02,13,Call,8.50,-2.78%,0.36,0.4,0.42,595,354,1.68,78.30%,78.03%,0.458619,2026-09-18
AVGO,357.61,2026-09-25,6,Call,367.50,-2.77%,2.38,2.67,2.72,727,432,1.68,35.69%,33.67%,0.274432,2026-09-18
CVX,209.51,2026-09-25,6,Put,205.00,-2.15%,1.15,1.2,1.49,740,440,1.68,27.16%,28.91%,-0.27187,2026-09-18
AAOI,105.17,2026-09-25,6,Call,120.00,-14.10%,0.9,0.95,1.2,773,461,1.68,88.81%,97.19%,0.160687,2026-09-18
CRM,237.92,2026-09-25,6,Call,252.50,-6.13%,0.65,0.65,0.75,868,518,1.68,38.63%,38.74%,0.122387,2026-09-18
RGR,40.96,2026-10-16,27,Put,50.00,+22.07%,9.5,12.37,12.3,1000,596,1.68,38.47%,107.25%,-0.703339,2026-09-18
TSLA,364.27,2026-09-23,4,Call,390.00,-7.06%,0.45,0.47,0.47,1198,713,1.68,41.14%,42.42%,0.066047,2026-09-18
KGC,28.08,2027-05-21,244,Put,22.00,-21.65%,1.43,1.5,1.7,1200,714,1.68,44.66%,50.25%,-0.19835,2026-09-18
TSLA,364.27,2026-09-23,4,Put,370.00,+1.57%,8.85,8.9,9.2,1401,836,1.68,41.14%,37.81%,-0.643457,2026-09-18
AAPL,336.13,2026-09-23,4,Call,352.50,-4.87%,0.1,0.17,0.15,527,315,1.67,23.55%,24.91%,0.036175,2026-09-18
CRM,237.92,2026-09-25,6,Put,225.00,-5.43%,0.62,0.85,0.9,557,333,1.67,38.63%,39.09%,-0.125495,2026-09-18
WDC,441.36,2026-09-25,6,Call,450.00,-1.96%,9.85,11.62,12.25,563,337,1.67,66.66%,65.26%,0.42737,2026-09-18
ARM,275.61,2026-10-02,13,Call,300.00,-8.85%,6.15,6.15,6.55,640,383,1.67,69.53%,71.59%,0.290951,2026-09-18
GOOGL,349.54,2026-09-30,11,Call,360.00,-2.99%,3,3.25,3.5,640,384,1.67,31.26%,29.32%,0.29669,2026-09-18
UNH,376.9,2026-09-25,6,Call,390.00,-3.48%,1.21,1.27,1.46,713,426,1.67,39.86%,28.53%,0.181196,2026-09-18
FPS,39.44,2026-10-16,27,Call,45.00,-14.10%,1.05,1.1,1.25,715,427,1.67,69.13%,69.07%,0.276288,2026-09-18
KEYS,335,2026-10-16,27,Put,290.00,-13.43%,1.5,1.67,2.2,906,541,1.67,37.02%,43.18%,-0.09546,2026-09-18
ENTG,142.25,2026-10-16,27,Put,105.00,-26.19%,0.15,0.51,1.05,1867,1118,1.67,62.05%,71.87%,-0.048175,2026-09-18
AMD,559.82,2026-09-21,2,Put,520.00,-7.11%,0.2,0.22,0.25,2133,1281,1.67,52.39%,52.31%,-0.02683,2026-09-18
RIVN,14.99,2026-10-16,27,Call,15.00,-0.07%,0.88,0.9,0.93,3045,1823,1.67,55.90%,54.82%,0.535094,2026-09-18
NVDA,222.27,2026-09-23,4,Put,215.00,-3.27%,0.7,0.73,0.73,3642,2183,1.67,32.11%,33.90%,-0.167543,2026-09-18
TSLA,364.27,2026-09-25,6,Put,350.00,-3.92%,2.22,2.25,2.29,7049,4230,1.67,41.14%,40.11%,-0.208067,2026-09-18
ORCL,147.61,2026-09-25,6,Put,147.00,-0.41%,3.25,3.26,3.4,2384,1437,1.66,49.00%,48.40%,-0.459019,2026-09-18
TD,122.33,2026-10-16,27,Put,130.00,+6.27%,8.2,8.95,9.8,500,301,1.66,20.41%,30.46%,-0.753873,2026-09-18
EQT,50,2026-10-16,27,Call,52.50,-5.00%,0.72,0.75,0.8,672,405,1.66,29.85%,30.63%,0.300032,2026-09-18
NKE,35.51,2026-10-02,13,Call,37.00,-4.20%,1.02,1.01,1.07,712,430,1.66,47.93%,62.02%,0.383476,2026-09-18
UBER,70.5,2026-09-25,6,Put,69.00,-2.13%,0.48,0.52,0.58,1382,832,1.66,33.58%,31.89%,-0.287998,2026-09-18
TSLA,364.27,2026-09-21,2,Put,340.00,-6.66%,0.1,0.11,0.11,1878,1129,1.66,41.14%,46.81%,-0.022093,2026-09-18
AAPL,336.13,2026-10-02,13,Call,342.50,-1.90%,3,3.22,3.35,623,378,1.65,23.55%,22.19%,0.344836,2026-09-18
COIN,194.25,2026-09-25,6,Put,162.50,-16.34%,0.2,0.25,0.27,642,388,1.65,66.28%,76.60%,-0.030608,2026-09-18
BRK.B,509.77,2026-09-25,6,Call,510.00,-0.05%,3.45,3.84,4.1,647,391,1.65,14.50%,14.34%,0.506827,2026-09-18
AMD,559.82,2026-09-21,2,Call,572.50,-2.27%,2.44,2.52,2.61,691,418,1.65,52.39%,42.54%,0.245303,2026-09-18
BRK.B,509.77,2026-10-16,27,Put,475.00,-6.82%,0.63,0.73,0.91,1038,628,1.65,14.50%,18.31%,-0.067714,2026-09-18
NVTS,11.43,2026-12-18,90,Call,25.00,-118.72%,0.16,0.18,0.21,2212,1339,1.65,79.84%,97.31%,0.087162,2026-09-18
NFLX,71.79,2026-10-23,34,Call,83.00,-15.61%,0.83,0.83,0.86,516,314,1.64,33.68%,45.29%,0.169588,2026-09-18
PAGS,9.26,2026-11-20,62,Call,12.00,-29.59%,0.05,0.15,0.35,620,379,1.64,47.10%,62.19%,0.174954,2026-09-18
BA,198.2,2026-09-25,6,Put,192.50,-2.88%,0.95,0.95,1.02,686,418,1.64,30.65%,30.16%,-0.219826,2026-09-18
TSLA,364.27,2026-09-25,6,Put,342.50,-5.98%,1.09,1.11,1.13,957,584,1.64,41.14%,41.35%,-0.115212,2026-09-18
META,665.75,2027-01-15,118,Call,5.00,+99.25%,657.3,666.9,664.05,1260,769,1.64,39.46%,331.41%,0.999836,2026-09-18
MARA,13.24,2026-10-02,13,Call,12.50,+5.59%,1.21,1.22,1.27,1856,1133,1.64,85.36%,83.36%,0.674554,2026-09-18
MSTR,153.92,2026-09-25,6,Call,138.00,+10.34%,16.55,16.5,17.1,687,422,1.63,71.41%,73.39%,0.887594,2026-09-18
PYPL,52.41,2026-09-25,6,Put,51.00,-2.69%,0.21,0.33,0.31,850,521,1.63,30.30%,29.26%,-0.224876,2026-09-18
AMZN,253.71,2026-10-23,34,Call,285.00,-12.33%,1.19,1.31,1.45,993,610,1.63,30.81%,30.20%,0.119362,2026-09-18
ARM,275.61,2026-09-25,6,Call,310.00,-12.48%,1.74,1.8,1.89,1064,652,1.63,69.53%,78.96%,0.134552,2026-09-18
APLD,28.12,2026-09-25,6,Call,29.00,-3.13%,0.67,0.72,0.79,1589,973,1.63,90.94%,75.93%,0.396751,2026-09-18
ALB,110.91,2027-02-19,153,Put,110.00,-0.82%,12.6,12.5,13.75,2001,1226,1.63,49.42%,50.00%,-0.415336,2026-09-18
NFLX,71.79,2026-11-20,62,Call,72.50,-0.99%,4.55,4.6,4.65,2710,1662,1.63,33.68%,40.02%,0.524317,2026-09-18
AMZN,253.71,2026-09-25,6,Call,262.50,-3.46%,0.88,1.02,1.02,3584,2204,1.63,30.81%,28.85%,0.187721,2026-09-18
CIFR,18.34,2026-09-25,6,Call,18.00,+1.85%,1.07,1.15,1.15,5061,3108,1.63,95.95%,99.53%,0.585172,2026-09-18
STZ,118.97,2027-03-19,181,Call,190.00,-59.70%,0.25,0.3,0.3,5231,3221,1.62,36.60%,32.75%,0.028136,2026-09-18
IREN,46.68,2026-09-25,6,Put,39.50,-15.38%,0.15,0.17,0.18,599,369,1.62,83.90%,90.44%,-0.066408,2026-09-18
INTC,108.6,2026-09-23,4,Put,100.00,-7.92%,0.34,0.37,0.38,691,427,1.62,63.94%,63.83%,-0.101532,2026-09-18
MSTR,153.92,2026-09-25,6,Put,132.00,-14.24%,0.35,0.38,0.38,804,497,1.62,71.41%,77.35%,-0.054324,2026-09-18
GOOG,344.41,2026-10-02,13,Call,375.00,-8.88%,0.63,1.09,1.08,908,561,1.62,31.25%,32.39%,0.089797,2026-09-18
NUAI,5.86,2026-10-09,20,Put,6.00,+2.39%,0.5,0.8,0.95,1000,616,1.62,132.82%,119.35%,-0.475841,2026-09-18
ARRY,4.06,2026-10-16,27,Call,3.00,+26.11%,0.95,1.05,1.15,1016,626,1.62,66.67%,49.72%,0.989951,2026-09-18
GPK,9.31,2026-12-18,90,Put,10.00,+7.41%,1.2,1.2,1.55,602,375,1.61,57.49%,52.14%,-0.555955,2026-09-18
DDD,3.63,2026-10-16,27,Call,4.00,-10.19%,0.15,0.16,0.2,669,416,1.61,84.26%,78.44%,0.368524,2026-09-18
AVGO,357.61,2026-10-02,13,Call,365.00,-2.07%,6.1,6.2,6.5,2599,1618,1.61,35.69%,34.56%,0.395339,2026-09-18
TSLA,364.27,2026-09-25,6,Call,355.00,+2.54%,13,13.07,13.4,3298,2054,1.61,41.14%,40.95%,0.701498,2026-09-18
F,13.21,2026-09-25,6,Call,13.50,-2.20%,0.1,0.11,0.12,6432,4001,1.61,34.22%,33.18%,0.31119,2026-09-18
BMNR,25.99,2027-03-19,181,Call,27.00,-3.89%,5.55,5.5,5.9,502,313,1.6,79.08%,82.21%,0.600744,2026-09-18
VLO,413.28,2026-10-16,27,Put,380.00,-8.05%,8.4,9.13,9.8,552,344,1.6,51.26%,51.31%,-0.247182,2026-09-18
NFLX,71.79,2026-10-30,41,Call,80.00,-11.44%,1.47,1.5,1.55,594,372,1.6,33.68%,43.17%,0.258713,2026-09-18
TMUS,168.18,2026-09-25,6,Call,170.00,-1.08%,1.85,2.25,2.4,746,467,1.6,34.53%,33.91%,0.412314,2026-09-18
SOFI,16.96,2026-09-25,6,Call,16.00,+5.66%,1.05,1.04,1.08,765,477,1.6,46.08%,48.71%,0.834943,2026-09-18
NEM,123.41,2026-12-18,90,Put,130.00,+5.34%,13.55,14.19,14.55,851,533,1.6,40.96%,43.78%,-0.543204,2026-09-18
NBIS,223.54,2026-09-25,6,Call,217.50,+2.70%,12.15,12.35,12.45,1084,679,1.6,80.64%,78.76%,0.628434,2026-09-18
AAOI,105.17,2026-10-16,27,Put,75.00,-28.69%,0.7,0.85,0.95,1091,682,1.6,88.81%,90.48%,-0.065915,2026-09-18
CFG,67.04,2026-10-16,27,Call,72.50,-8.14%,0.4,0.5,0.6,1693,1060,1.6,28.98%,29.62%,0.177575,2026-09-18
NBIS,223.54,2026-09-25,6,Call,200.00,+10.53%,24.35,25.5,27.35,545,343,1.59,80.64%,90.59%,0.84646,2026-09-18
FTNT,169.84,2026-12-18,90,Put,170.00,+0.09%,16.4,17.85,18.8,566,357,1.59,47.16%,54.45%,-0.437727,2026-09-18
QBTS,17.11,2026-09-25,6,Call,17.00,+0.64%,0.65,0.65,0.68,817,513,1.59,71.75%,69.17%,0.549266,2026-09-18
SLS,11.49,2026-09-25,6,Call,17.00,-47.95%,0.05,0.13,0.2,1177,741,1.59,172.26%,211.24%,0.095289,2026-09-18
AMAT,444.57,2026-12-18,90,Put,350.00,-21.27%,9.6,10,10.7,1486,934,1.59,51.38%,54.04%,-0.146058,2026-09-18
CRWD,237.65,2026-10-16,27,Call,300.00,-26.24%,0.8,1.09,1.17,4393,2755,1.59,52.31%,54.06%,0.067758,2026-09-18
WFC,86.12,2027-06-17,271,Put,75.00,-12.91%,3.1,3.55,3.6,6002,3786,1.59,29.77%,29.27%,-0.232639,2026-09-18
RARE,14.51,2027-01-15,118,Call,15.00,-3.38%,2.3,2.3,2.35,11977,7544,1.59,61.98%,74.96%,0.565284,2026-09-18
INTC,108.6,2026-09-25,6,Call,112.00,-3.13%,2.27,2.35,2.54,2304,1462,1.58,63.94%,68.24%,0.381033,2026-09-18
ORCL,147.61,2026-09-25,6,Call,160.00,-8.39%,0.57,0.57,0.59,10413,6594,1.58,49.00%,52.25%,0.122139,2026-09-18
NU,13.65,2027-04-16,209,Call,15.00,-9.89%,1.4,1.42,1.5,14209,8965,1.58,45.64%,45.01%,0.484215,2026-09-18
SPCX,152.71,2026-09-25,6,Put,150.00,-1.77%,2.63,2.64,2.69,18842,11956,1.58,50.13%,50.37%,-0.375467,2026-09-18
BA,198.2,2026-10-02,13,Put,190.00,-4.14%,1.33,1.56,1.7,588,373,1.58,30.65%,30.54%,-0.223512,2026-09-18
XYZ,76.28,2027-06-17,271,Call,85.00,-11.43%,10,10.35,10.5,1333,846,1.58,39.93%,48.50%,0.508292,2026-09-18
NFLX,71.79,2026-10-02,13,Call,76.00,-5.86%,0.46,0.47,0.49,1428,902,1.58,33.68%,33.23%,0.195761,2026-09-18
COIN,194.25,2026-10-02,13,Call,200.00,-2.96%,7.4,7.5,7.55,1595,1009,1.58,66.28%,67.35%,0.438086,2026-09-18
DIS,102.67,2026-09-25,6,Put,103.00,+0.32%,1.27,1.38,1.66,521,331,1.57,25.40%,24.72%,-0.532613,2026-09-18
UPST,25,2026-09-25,6,Call,26.00,-4.00%,0.32,0.37,0.39,565,361,1.57,59.41%,57.25%,0.312214,2026-09-18
AZN,166.08,2027-01-15,118,Call,210.00,-26.45%,0.9,1.01,1.1,568,361,1.57,28.44%,28.96%,0.084917,2026-09-18
PBF,77.19,2026-10-16,27,Put,60.00,-22.27%,0.65,0.81,0.9,570,364,1.57,74.44%,76.89%,-0.093921,2026-09-18
DELL,568.06,2026-09-25,6,Call,590.00,-3.86%,8.6,9.3,10.45,595,379,1.57,60.12%,62.00%,0.33339,2026-09-18
SPCX,152.71,2026-10-23,34,Call,180.00,-17.87%,1.92,1.9,2.04,935,595,1.57,50.13%,50.77%,0.168182,2026-09-18
BABA,113.24,2026-09-25,6,Call,119.00,-5.09%,1.13,1.19,1.26,937,596,1.57,44.38%,55.72%,0.254888,2026-09-18
CIFR,18.34,2026-09-25,6,Put,18.00,-1.85%,0.76,0.79,0.79,1149,734,1.57,95.95%,101.19%,-0.415682,2026-09-18
BABA,113.24,2026-09-25,6,Put,108.00,-4.63%,0.94,1.03,1.1,1316,838,1.57,44.38%,51.69%,-0.227049,2026-09-18
AAPL,336.13,2026-10-02,13,Put,330.00,-1.82%,3.05,3.22,3.4,1590,1014,1.57,23.55%,23.58%,-0.32334,2026-09-18
NVDA,222.27,2026-09-30,11,Call,220.00,+1.02%,5.75,5.81,5.95,1838,1172,1.57,32.11%,29.42%,0.596834,2026-09-18
AMD,559.82,2026-09-25,6,Call,560.00,-0.03%,14.55,14.8,15,3770,2406,1.57,52.39%,51.35%,0.514796,2026-09-18
SPCX,152.71,2027-03-19,181,Put,110.00,-27.97%,4.85,5.07,5.25,15111,9628,1.57,50.13%,55.20%,-0.139552,2026-09-18
TSLA,364.27,2026-10-16,27,Call,365.00,-0.20%,16.1,16.25,16.5,4415,2826,1.56,41.14%,40.96%,0.524653,2026-09-18
RIOT,23.75,2026-10-16,27,Call,29.00,-22.11%,0.59,0.7,0.78,510,326,1.56,82.44%,86.22%,0.234815,2026-09-18
VRT,249.39,2026-09-25,6,Call,250.00,-0.24%,5.45,6.45,6.85,600,384,1.56,54.92%,49.98%,0.501173,2026-09-18
RXT,3.8,2026-10-02,13,Call,3.50,+7.89%,0.35,0.45,0.55,751,482,1.56,102.80%,98.86%,0.705768,2026-09-18
BULL,8.25,2026-10-02,13,Call,8.50,-3.03%,0.26,0.29,0.3,930,596,1.56,63.10%,61.59%,0.425582,2026-09-18
INTC,108.6,2026-09-21,2,Call,106.00,+2.39%,3.25,3.25,3.45,1096,704,1.56,63.94%,54.79%,0.733057,2026-09-18
PLUG,2.09,2026-10-16,27,Call,2.00,+4.31%,0.14,0.19,0.29,1731,1113,1.56,69.49%,73.65%,0.630561,2026-09-18
CRM,237.92,2026-10-02,13,Put,235.00,-1.23%,5.15,5.31,5.6,526,339,1.55,38.63%,38.39%,-0.413496,2026-09-18
AMD,559.82,2026-10-09,20,Call,605.00,-8.07%,10.95,10.9,11.4,685,441,1.55,52.39%,51.23%,0.284095,2026-09-18
TSLA,364.27,2026-09-25,6,Call,402.50,-10.49%,0.35,0.38,0.38,747,483,1.55,41.14%,44.54%,0.043755,2026-09-18
NVDA,222.27,2026-09-28,9,Call,227.50,-2.35%,1.72,1.8,1.89,794,511,1.55,32.11%,27.06%,0.305793,2026-09-18
META,665.75,2026-10-23,34,Call,700.00,-5.14%,17.9,18.5,18.5,977,631,1.55,39.46%,38.19%,0.364942,2026-09-18
MSTR,153.92,2026-09-25,6,Put,122.00,-20.74%,0.12,0.13,0.13,1051,678,1.55,71.41%,89.72%,-0.018642,2026-09-18
CRWV,81.36,2026-09-25,6,Call,80.00,+1.67%,3.75,3.75,3.9,4208,2707,1.55,75.97%,74.45%,0.591192,2026-09-18
NVDA,222.27,2026-09-25,6,Call,217.50,+2.15%,6.25,6.35,6.5,5681,3669,1.55,32.11%,30.14%,0.723807,2026-09-18
MARA,13.24,2026-09-25,6,Call,12.50,+5.59%,0.99,1,1.05,7588,4884,1.55,85.36%,86.69%,0.718538,2026-09-18
SNAP,5.53,2026-10-02,13,Call,5.50,+0.54%,0.23,0.24,0.27,2326,1507,1.54,58.06%,55.69%,0.546418,2026-09-18
AAPL,336.13,2027-01-15,118,Put,330.00,-1.82%,14.6,14.6,15,3111,2022,1.54,23.55%,25.44%,-0.398437,2026-09-18
BMNR,25.99,2026-09-25,6,Call,25.50,+1.89%,1.18,1.31,1.6,3332,2163,1.54,79.08%,85.10%,0.592594,2026-09-18
GME,22.64,2026-09-25,6,Call,20.00,+11.66%,2.48,2.69,2.76,4140,2680,1.54,45.42%,66.19%,0.933964,2026-09-18
TSLA,364.27,2026-10-02,13,Call,380.00,-4.32%,5.75,5.89,5.9,5631,3660,1.54,41.14%,42.62%,0.319393,2026-09-18
HOOD,119.82,2026-09-25,6,Call,115.00,+4.02%,6.65,6.87,7,7922,5136,1.54,63.33%,65.05%,0.705833,2026-09-18
GME,22.64,2026-11-20,62,Call,29.00,-28.09%,0.55,0.61,0.65,511,331,1.54,45.42%,63.81%,0.202417,2026-09-18
TSLA,364.27,2026-10-09,20,Put,365.00,+0.20%,13.65,13.66,13.85,587,381,1.54,41.14%,40.28%,-0.48332,2026-09-18
HPQ,34.4,2026-09-25,6,Call,35.00,-1.74%,0.51,0.46,0.7,614,398,1.54,49.72%,49.16%,0.404031,2026-09-18
IONQ,39.13,2026-09-25,6,Put,36.00,-8.00%,0.1,0.31,0.33,682,444,1.54,68.05%,61.25%,-0.133968,2026-09-18
MU,1015.8,2026-10-02,13,Put,"1,000.00",-1.56%,41.5,43.12,46.35,719,467,1.54,59.82%,68.55%,-0.423129,2026-09-18
AVGO,357.61,2026-10-02,13,Call,375.00,-4.86%,3.35,3.5,3.55,735,476,1.54,35.69%,35.08%,0.25179,2026-09-18
BMNR,25.99,2026-10-16,27,Put,21.00,-19.20%,0.34,0.37,0.4,915,596,1.54,79.08%,76.08%,-0.126078,2026-09-18
IONS,44.44,2026-10-16,27,Call,50.00,-12.51%,0.6,0.65,1.1,941,612,1.54,48.61%,53.92%,0.238154,2026-09-18
BABA,113.24,2026-10-02,13,Call,115.00,-1.55%,3.25,3.3,3.4,1286,834,1.54,44.38%,48.30%,0.450413,2026-09-18
ONON,27.26,2028-01-21,489,Call,40.00,-46.74%,3,3.05,3.35,1661,1078,1.54,46.28%,49.56%,0.387109,2026-09-18
CLSK,14.47,2026-09-25,6,Call,15.50,-7.12%,0.22,0.25,0.28,1922,1247,1.54,79.72%,82.80%,0.277893,2026-09-18
MU,1015.8,2026-09-23,4,Put,930.00,-8.45%,1.66,1.65,1.75,550,360,1.53,59.82%,56.60%,-0.063615,2026-09-18
META,665.75,2026-09-25,6,Put,680.00,+2.14%,22.7,20.07,23.8,636,416,1.53,39.46%,44.43%,-0.631872,2026-09-18
PFE,27.66,2026-10-02,13,Call,28.00,-1.23%,0.21,0.26,0.29,1266,827,1.53,22.30%,19.36%,0.367917,2026-09-18
CRWV,81.36,2026-09-25,6,Put,79.00,-2.90%,1.91,1.89,2.01,1679,1099,1.53,75.97%,73.44%,-0.357507,2026-09-18
CSCO,109.51,2027-06-17,271,Put,55.00,-49.78%,0.22,0.22,0.35,3484,2271,1.53,31.07%,42.53%,-0.017316,2026-09-18
QCOM,177.72,2026-09-25,6,Call,190.00,-6.91%,1.05,1.07,1.16,4044,2661,1.52,47.44%,53.41%,0.174136,2026-09-18
GOOGL,349.54,2026-10-02,13,Call,360.00,-2.99%,4,4.25,4.25,4664,3069,1.52,31.26%,30.65%,0.322691,2026-09-18
TSLA,364.27,2026-10-02,13,Call,370.00,-1.57%,9.15,9.3,9.3,5330,3515,1.52,41.14%,42.24%,0.444423,2026-09-18
TSLA,364.27,2026-09-28,9,Call,380.00,-4.32%,3.05,3.15,3.15,596,391,1.52,41.14%,37.43%,0.249887,2026-09-18
SPCX,152.71,2026-10-02,13,Put,137.00,-10.29%,0.84,0.9,0.91,597,393,1.52,50.13%,50.90%,-0.116944,2026-09-18
PS,49.83,2026-10-16,27,Call,45.00,+9.69%,3.9,5.1,7.4,615,404,1.52,62.54%,47.71%,0.80614,2026-09-18
DAL,79.62,2026-09-25,6,Call,80.00,-0.48%,1.4,1.45,1.51,671,441,1.52,45.05%,39.76%,0.476121,2026-09-18
INTC,108.6,2026-09-23,4,Put,105.00,-3.31%,1.24,1.3,1.35,675,445,1.52,63.94%,61.38%,-0.287188,2026-09-18
CVX,209.51,2026-09-25,6,Call,210.00,-0.23%,2.64,3.1,3.1,830,547,1.52,27.16%,28.95%,0.482542,2026-09-18
BP,44.58,2026-11-20,62,Put,42.00,-5.79%,1.33,1.3,1.43,1001,660,1.52,32.50%,34.47%,-0.312245,2026-09-18
LPTH,9.9,2026-10-16,27,Put,7.50,-24.24%,0.15,0.16,0.25,1046,687,1.52,96.39%,103.06%,-0.127275,2026-09-18
OKLO,38,2026-09-25,6,Call,40.00,-5.26%,0.65,0.71,0.84,1089,717,1.52,71.97%,77.02%,0.321291,2026-09-18
CRM,237.92,2026-09-25,6,Put,235.00,-1.23%,3.1,3.29,3.5,1260,830,1.52,38.63%,38.50%,-0.388561,2026-09-18
NVAX,10.11,2026-09-25,6,Call,10.00,+1.09%,0.35,0.42,0.42,515,340,1.51,71.31%,62.98%,0.572705,2026-09-18
CRWV,81.36,2026-10-02,13,Call,81.00,+0.44%,4.65,4.8,4.9,545,362,1.51,75.97%,74.37%,0.544188,2026-09-18
DKNG,21.75,2026-09-25,6,Call,22.50,-3.45%,0.31,0.3,0.39,546,361,1.51,53.77%,57.77%,0.339904,2026-09-18
MU,1015.8,2026-09-25,6,Call,970.00,+4.51%,54.55,55.87,56.6,554,368,1.51,59.82%,51.42%,0.770888,2026-09-18
INTC,108.6,2026-09-25,6,Put,102.00,-6.08%,1.07,1.09,1.15,883,583,1.51,63.94%,64.41%,-0.210048,2026-09-18
SMCI,39.09,2026-10-16,27,Put,38.00,-2.79%,2.27,2.42,2.4,1167,773,1.51,71.15%,69.21%,-0.399026,2026-09-18
NOW,135.47,2026-09-25,6,Call,140.00,-3.34%,1.8,1.83,1.88,1454,965,1.51,52.14%,51.69%,0.324819,2026-09-18
AMZN,253.71,2026-09-21,2,Call,250.00,+1.46%,3.95,4.1,4.45,3075,2032,1.51,30.81%,22.83%,0.813852,2026-09-18
SPCX,152.71,2026-09-25,6,Call,167.50,-9.69%,0.45,0.48,0.49,3418,2257,1.51,50.13%,53.82%,0.097386,2026-09-18
ORCL,147.61,2026-09-25,6,Call,155.00,-5.01%,1.25,1.28,1.3,7866,5248,1.5,49.00%,50.30%,0.235865,2026-09-18
NVDA,222.27,2026-09-25,6,Call,227.50,-2.35%,1.37,1.4,1.43,21915,14641,1.5,32.11%,29.17%,0.277836,2026-09-18
CMG,33.43,2026-10-30,41,Put,28.00,-16.24%,0.25,0.25,0.33,28587,19027,1.5,36.63%,46.60%,-0.108008,2026-09-18
MSFT,493.78,2026-09-25,6,Call,487.50,+1.27%,9.3,10.8,10.6,505,337,1.5,25.44%,24.53%,0.66917,2026-09-18
ECHO,93.46,2026-10-16,27,Put,125.00,+33.75%,29.8,32,33.6,572,381,1.5,42.49%,62.46%,-0.955469,2026-09-18
QBTS,17.11,2026-09-25,6,Call,17.50,-2.28%,0.43,0.43,0.45,711,474,1.5,71.75%,69.09%,0.419395,2026-09-18
CRCL,91.78,2026-09-25,6,Put,95.00,+3.51%,5.3,5.6,5.8,719,479,1.5,75.86%,78.63%,-0.613104,2026-09-18
STM,50.18,2026-10-16,27,Put,48.00,-4.34%,1.45,1.55,1.6,729,487,1.5,49.26%,47.03%,-0.334976,2026-09-18
NVDA,222.27,2026-09-23,4,Call,232.50,-4.60%,0.24,0.25,0.26,884,591,1.5,32.11%,30.01%,0.079947,2026-09-18
ELF,96.44,2026-09-25,6,Call,100.00,-3.69%,1.22,1.34,1.81,1007,671,1.5,53.98%,58.55%,0.330889,2026-09-18
GME,22.64,2026-09-25,6,Put,21.50,-5.04%,0.08,0.1,0.11,1202,801,1.5,45.42%,40.07%,-0.153183,2026-09-18
ECHO,93.46,2026-12-18,90,Put,150.00,+60.50%,55.9,57,57.6,1510,1007,1.5,42.49%,59.56%,-0.950743,2026-09-18
NVDA,222.27,2026-09-30,11,Call,217.50,+2.15%,7.25,7.45,7.6,1568,1045,1.5,32.11%,29.61%,0.679468,2026-09-18
IREN,46.68,2026-09-25,6,Put,43.00,-7.88%,0.58,0.6,0.6,1675,1115,1.5,83.90%,82.63%,-0.202365,2026-09-18
XOM,163.54,2026-09-25,6,Call,165.00,-0.89%,1.54,1.79,1.85,2099,1403,1.5,29.11%,27.87%,0.410562,2026-09-18
SKHY,187.5,2026-10-02,13,Call,177.50,+5.33%,13.65,16.5,15.5,510,343,1.49,59.97%,61.95%,0.704851,2026-09-18
GAP,20.54,2026-10-16,27,Put,19.00,-7.50%,0.21,0.26,0.25,514,344,1.49,37.83%,35.83%,-0.197105,2026-09-18
TSLA,364.27,2026-10-09,20,Call,350.00,+3.92%,22.35,22.2,23.1,523,350,1.49,41.14%,42.00%,0.682924,2026-09-18
AVGO,357.61,2026-09-23,4,Call,350.00,+2.13%,8.55,8.8,10.35,596,400,1.49,35.69%,31.10%,0.753836,2026-09-18
NMAD,3.61,2027-01-15,118,Call,4.00,-10.80%,0.7,0.91,1,684,459,1.49,242.45%,120.31%,0.583253,2026-09-18
ANET,199.39,2028-01-21,489,Call,250.00,-25.38%,35.5,36,38.45,777,521,1.49,49.63%,54.24%,0.516028,2026-09-18
DB,37.98,2026-10-16,27,Call,39.00,-2.69%,0.85,0.9,1,1048,705,1.49,32.86%,32.93%,0.400731,2026-09-18
SPCX,152.71,2026-10-02,13,Call,172.50,-12.96%,0.85,0.84,0.91,2035,1363,1.49,50.13%,52.67%,0.122334,2026-09-18
ECL,269.46,2026-10-16,27,Call,300.00,-11.33%,0.15,0.27,0.4,2435,1635,1.49,22.35%,22.13%,0.042501,2026-09-18
GME,22.64,2026-09-25,6,Call,23.50,-3.80%,0.31,0.33,0.32,4735,3180,1.49,45.42%,56.05%,0.31224,2026-09-18
NBIS,223.54,2026-09-25,6,Call,250.00,-11.84%,1.89,1.95,1.96,4956,3332,1.49,80.64%,83.10%,0.160797,2026-09-18
NBIS,223.54,2026-10-16,27,Call,320.00,-43.15%,1.96,2.03,2.05,2317,1569,1.48,80.64%,88.90%,0.08825,2026-09-18
TSLA,364.27,2026-10-02,13,Call,400.00,-9.81%,2.13,2.15,2.19,4791,3235,1.48,41.14%,44.23%,0.143684,2026-09-18
KEEL,4.01,2026-09-25,6,Call,4.00,+0.25%,0.2,0.21,0.22,4865,3292,1.48,97.05%,99.56%,0.535086,2026-09-18
AAPL,336.13,2026-09-25,6,Call,340.00,-1.15%,2.26,2.39,2.5,12891,8739,1.48,23.55%,22.87%,0.360399,2026-09-18
CVS,88.84,2026-09-25,6,Put,89.00,+0.18%,1.05,1.22,1.4,618,417,1.48,31.24%,25.25%,-0.514414,2026-09-18
ASTS,58.52,2026-09-25,6,Put,57.00,-2.60%,1.32,1.3,1.42,691,467,1.48,72.24%,69.53%,-0.364852,2026-09-18
GOOG,344.41,2026-10-23,34,Call,380.00,-10.33%,2.46,2.9,3.05,704,476,1.48,31.25%,30.77%,0.166978,2026-09-18
HOOD,119.82,2026-10-30,41,Put,85.00,-29.06%,0.75,0.8,0.91,711,479,1.48,63.33%,72.34%,-0.060194,2026-09-18
MU,1015.8,2026-09-25,6,Call,975.00,+4.02%,50.5,52.55,53.35,848,572,1.48,59.82%,51.51%,0.746255,2026-09-18
NVDA,222.27,2026-10-02,13,Put,217.50,-2.15%,3.05,3.15,3.2,877,592,1.48,32.11%,31.72%,-0.341468,2026-09-18
BE,265.63,2026-09-25,6,Call,285.00,-7.29%,4,4.45,4.5,892,603,1.48,78.94%,80.78%,0.266912,2026-09-18
SPCX,152.71,2026-10-23,34,Put,130.00,-14.87%,1.59,1.72,1.7,892,602,1.48,50.13%,51.06%,-0.129023,2026-09-18
MU,1015.8,2026-09-25,6,Call,"1,010.00",+0.57%,29.15,29.96,30.45,2186,1474,1.48,59.82%,51.14%,0.551349,2026-09-18
TSM,434.67,2026-09-25,6,Call,430.00,+1.07%,7.2,8.85,9.4,961,652,1.47,32.90%,24.98%,0.64363,2026-09-18
ONDS,7.39,2026-10-23,34,Put,9.50,+28.55%,2.08,2.24,2.39,998,677,1.47,69.42%,77.47%,-0.828403,2026-09-18
SLB,51.12,2026-10-16,27,Call,52.50,-2.70%,1.5,1.52,1.6,1160,790,1.47,37.06%,38.31%,0.422377,2026-09-18
DOCN,130.14,2026-10-16,27,Put,100.00,-23.16%,0.7,1.2,1.25,1584,1080,1.47,76.83%,73.62%,-0.07663,2026-09-18
GOOG,344.41,2026-09-25,6,Call,345.00,-0.17%,5.15,5.16,5.3,2112,1436,1.47,31.25%,30.77%,0.496145,2026-09-18
MU,1015.8,2026-09-25,6,Call,"1,100.00",-8.29%,4.3,4.45,4.5,4132,2814,1.47,59.82%,53.22%,0.130392,2026-09-18
TSLA,364.27,2026-09-25,6,Put,355.00,-2.54%,3.45,3.52,3.55,5177,3517,1.47,41.14%,39.55%,-0.293246,2026-09-18
GEMI,5.81,2026-10-16,27,Call,5.00,+13.94%,0.95,1.15,1.2,2869,1967,1.46,113.15%,98.03%,0.760088,2026-09-18
INTC,108.6,2026-09-25,6,Put,110.00,+1.29%,4.25,4.3,4.4,3953,2700,1.46,63.94%,64.61%,-0.543127,2026-09-18
INTC,108.6,2026-09-23,4,Put,102.00,-6.08%,0.54,0.56,0.67,544,373,1.46,63.94%,62.14%,-0.158353,2026-09-18
MG,20.75,2026-11-20,62,Put,17.50,-15.66%,0.05,0.1,0.1,576,394,1.46,39.21%,29.42%,-0.065127,2026-09-18
BMNR,25.99,2026-10-02,13,Put,25.00,-3.81%,1.03,1,1.08,647,442,1.46,79.08%,78.77%,-0.365944,2026-09-18
MSTR,153.92,2026-09-25,6,Call,139.00,+9.69%,15.8,16.04,16.25,651,446,1.46,71.41%,74.82%,0.868042,2026-09-18
PANW,363.58,2026-11-20,62,Call,380.00,-4.52%,24.3,25.4,27.8,662,453,1.46,49.37%,53.60%,0.475669,2026-09-18
INTC,108.6,2027-04-16,209,Call,80.00,+26.34%,37.25,35.8,37.65,850,582,1.46,63.94%,67.55%,0.811983,2026-09-18
ORCL,147.61,2026-09-25,6,Call,172.50,-16.86%,0.1,0.15,0.15,1774,1218,1.46,49.00%,62.31%,0.028333,2026-09-18
COIN,194.25,2026-10-16,27,Put,115.00,-40.80%,0.1,0.17,0.31,2061,1415,1.46,66.28%,90.08%,-0.011539,2026-09-18
HOOD,119.82,2027-09-17,363,Put,15.00,-87.48%,0.13,0.15,0.21,592,408,1.45,63.33%,95.75%,-0.003552,2026-09-18
AEP,120,2026-10-16,27,Put,120.00,0.00%,2.15,2.25,2.45,662,456,1.45,19.64%,17.86%,-0.486972,2026-09-18
CMG,33.43,2026-09-25,6,Call,34.00,-1.71%,0.34,0.4,0.43,681,470,1.45,36.63%,36.06%,0.370804,2026-09-18
COIN,194.25,2026-10-16,27,Put,190.00,-2.19%,11,11.2,11.4,1639,1131,1.45,66.28%,64.53%,-0.410622,2026-09-18
MSTR,153.92,2026-10-16,27,Put,140.00,-9.04%,5.3,5.4,5.5,3526,2431,1.45,71.41%,69.87%,-0.272246,2026-09-18
CIFR,18.34,2026-09-25,6,Call,19.00,-3.60%,0.65,0.68,0.73,8851,6092,1.45,95.95%,102.78%,0.421556,2026-09-18
RKLB,64.57,2026-09-25,6,Call,76.00,-17.70%,0.1,0.13,0.15,511,355,1.44,67.75%,74.82%,0.050002,2026-09-18
UNH,376.9,2026-10-02,13,Call,400.00,-6.13%,1.52,1.75,1.9,622,433,1.44,39.86%,30.15%,0.156244,2026-09-18
AUR,6.31,2026-10-23,34,Call,2.00,+68.30%,4,4.44,6.5,765,530,1.44,66.17%,642.83%,0.941611,2026-09-18
OWL,9.84,2026-09-25,6,Put,10.00,+1.63%,0.25,0.3,0.35,972,674,1.44,46.06%,40.42%,-0.617858,2026-09-18
HOOD,119.82,2026-09-25,6,Put,108.00,-9.86%,0.54,0.57,0.57,1278,888,1.44,63.33%,67.87%,-0.106855,2026-09-18
TSLA,364.27,2026-09-30,11,Call,400.00,-9.81%,1.21,1.25,1.31,598,419,1.43,41.14%,41.19%,0.104289,2026-09-18
LYFT,15.1,2026-09-25,6,Call,15.50,-2.65%,0.17,0.22,0.21,708,495,1.43,46.68%,44.92%,0.339115,2026-09-18
FPS,39.44,2026-11-20,62,Call,55.00,-39.45%,0.65,1,1.25,751,525,1.43,69.13%,72.25%,0.171851,2026-09-18
TSLA,364.27,2026-09-25,6,Put,347.50,-4.60%,1.76,1.8,1.82,1368,956,1.43,41.14%,40.47%,-0.172412,2026-09-18
SPCX,152.71,2026-10-02,13,Put,142.00,-7.01%,1.66,2,1.74,1390,970,1.43,50.13%,49.77%,-0.20231,2026-09-18
NVDA,222.27,2026-09-23,4,Put,210.00,-5.52%,0.26,0.28,0.29,1685,1177,1.43,32.11%,37.49%,-0.070132,2026-09-18
MSTR,153.92,2026-10-02,13,Put,140.00,-9.04%,2.64,2.65,2.69,1879,1313,1.43,71.41%,70.25%,-0.214769,2026-09-18
NOK,10.68,2026-10-02,13,Call,12.00,-12.36%,0.11,0.12,0.14,2289,1598,1.43,59.80%,64.34%,0.186124,2026-09-18
BAC,57.73,2027-01-15,118,Put,46.00,-20.32%,0.36,0.39,0.44,2248,1581,1.42,26.03%,31.19%,-0.080095,2026-09-18
AMD,559.82,2026-09-25,6,Put,450.00,-19.62%,0.1,0.18,0.3,2416,1698,1.42,52.39%,75.55%,-0.01049,2026-09-18
WU,6.18,2026-11-20,62,Call,7.00,-13.27%,0.2,0.23,0.25,4186,2958,1.42,37.98%,53.30%,0.294299,2026-09-18
MSTR,153.92,2026-10-23,34,Call,150.00,+2.55%,15.25,15.39,15.5,509,358,1.42,71.41%,70.72%,0.59618,2026-09-18
NLY,21.05,2026-10-16,27,Call,21.00,+0.24%,0.28,0.36,0.37,520,366,1.42,24.10%,15.80%,0.488816,2026-09-18
NOK,10.68,2026-10-23,34,Call,10.00,+6.37%,1,1.3,1.28,558,392,1.42,59.80%,58.69%,0.680068,2026-09-18
QCOM,177.72,2026-10-02,13,Call,200.00,-12.54%,0.97,1.05,1.2,848,598,1.42,47.44%,52.63%,0.128337,2026-09-18
MRNA,154.04,2026-09-25,6,Put,145.00,-5.87%,1.66,1.69,1.87,910,643,1.42,69.08%,66.40%,-0.223827,2026-09-18
SPCX,152.71,2026-09-25,6,Put,141.00,-7.67%,0.55,0.58,0.6,1152,814,1.42,50.13%,52.87%,-0.111428,2026-09-18
RKLB,64.57,2026-09-25,6,Call,68.00,-5.31%,0.89,0.82,0.97,1304,920,1.42,67.75%,65.72%,0.285984,2026-09-18
MARA,13.24,2026-10-02,13,Call,15.00,-13.29%,0.3,0.3,0.32,1586,1113,1.42,85.36%,88.06%,0.254559,2026-09-18
MSFT,493.78,2026-09-23,4,Call,500.00,-1.26%,2.08,2.3,2.46,561,398,1.41,25.44%,22.61%,0.307214,2026-09-18
AMZN,253.71,2026-10-02,13,Put,215.00,-15.26%,0.07,0.12,0.15,690,490,1.41,30.81%,41.55%,-0.015165,2026-09-18
INTC,108.6,2026-09-25,6,Put,103.00,-5.16%,1.32,1.39,1.59,1051,744,1.41,63.94%,66.49%,-0.251698,2026-09-18
CRWV,81.36,2026-10-02,13,Call,90.00,-10.62%,1.77,1.84,1.85,1366,969,1.41,75.97%,76.87%,0.269505,2026-09-18
COIN,194.25,2026-09-25,6,Put,165.00,-15.06%,0.29,0.31,0.32,1438,1018,1.41,66.28%,74.65%,-0.039314,2026-09-18
MU,1015.8,2026-09-25,6,Call,"1,020.00",-0.41%,24.5,25.17,25.4,1705,1213,1.41,59.82%,51.33%,0.491667,2026-09-18
WMT,106.73,2026-09-25,6,Call,109.00,-2.13%,0.46,0.48,0.63,1869,1327,1.41,23.68%,25.04%,0.265666,2026-09-18
INTC,108.6,2026-10-16,27,Put,115.00,+5.89%,11,11.3,11.2,1952,1388,1.41,63.94%,62.99%,-0.594662,2026-09-18
SNDK,1791.82,2026-09-25,6,Put,"1,500.00",-16.29%,2.15,2.3,2.7,2708,1925,1.41,72.25%,77.91%,-0.033245,2026-09-18
ZIM,30.1,2026-10-16,27,Call,30.00,+0.33%,1.3,1.43,1.75,4686,3328,1.41,38.67%,44.33%,0.541609,2026-09-18
GOOG,344.41,2026-12-18,90,Call,380.00,-10.33%,11,11.35,12,5210,3694,1.41,31.25%,34.09%,0.328295,2026-09-18
DFDV,6.06,2026-10-16,27,Call,7.50,-23.76%,0.35,0.38,0.45,7147,5086,1.41,131.35%,129.81%,0.337309,2026-09-18
F,13.21,2026-09-25,6,Put,13.00,-1.59%,0.12,0.15,0.14,9311,6591,1.41,34.22%,32.62%,-0.343973,2026-09-18
WRBY,22.5,2026-12-18,90,Call,22.50,0.00%,3.2,3.6,3.6,2259,1616,1.4,66.84%,74.65%,0.583537,2026-09-18
CIFR,18.34,2026-09-25,6,Call,17.50,+4.58%,1.3,1.35,1.47,2594,1857,1.4,95.95%,97.90%,0.670422,2026-09-18
MSFT,493.78,2026-09-25,6,Call,485.00,+1.78%,10.55,12.55,12.5,517,370,1.4,25.44%,23.86%,0.731444,2026-09-18
GOTU,2.16,2027-01-15,118,Call,3.50,-62.04%,0.05,0.1,0.15,604,432,1.4,75.30%,81.27%,0.215732,2026-09-18
JOBY,6.12,2027-01-15,118,Put,4.00,-34.64%,0.1,0.16,0.16,699,499,1.4,61.47%,69.43%,-0.096307,2026-09-18
QXO,11.38,2026-11-20,62,Put,9.00,-20.91%,0.15,0.3,0.35,800,570,1.4,64.16%,63.03%,-0.145785,2026-09-18
META,665.75,2026-09-23,4,Call,720.00,-8.15%,0.5,0.48,0.7,802,574,1.4,39.46%,44.09%,0.047836,2026-09-18
RGTI,15.76,2026-09-25,6,Put,15.00,-4.82%,0.2,0.27,0.26,1125,806,1.4,71.93%,67.10%,-0.266432,2026-09-18
INTC,108.6,2026-09-25,6,Put,106.00,-2.39%,2.08,2.38,2.41,1298,926,1.4,63.94%,62.12%,-0.363262,2026-09-18
SPCX,152.71,2026-09-25,6,Call,148.00,+3.08%,6.75,6.75,6.9,1314,938,1.4,50.13%,51.70%,0.696677,2026-09-18
BMNR,25.99,2026-10-02,13,Call,26.00,-0.04%,1.53,1.57,1.6,1467,1049,1.4,79.08%,79.53%,0.532141,2026-09-18
IOT,39.55,2026-12-18,90,Call,50.00,-26.42%,1.6,1.72,1.75,1684,1207,1.4,52.86%,59.56%,0.26999,2026-09-18
GOOG,344.41,2026-09-25,6,Put,340.00,-1.28%,3.2,3.45,3.45,1718,1226,1.4,31.25%,30.31%,-0.358215,2026-09-18
CRCL,91.78,2026-09-25,6,Call,90.00,+1.94%,4.65,4.9,4.95,1745,1250,1.4,75.86%,82.09%,0.59654,2026-09-18
AVGO,357.61,2026-09-25,6,Call,390.00,-9.06%,0.27,0.32,0.33,1839,1318,1.4,35.69%,38.49%,0.042464,2026-09-18
TSLA,364.27,2026-09-25,6,Put,315.00,-13.53%,0.13,0.16,0.16,1849,1324,1.4,41.14%,53.79%,-0.0158,2026-09-18
SKHY,187.5,2026-10-02,13,Call,195.00,-4.00%,5.6,5.78,8.65,572,412,1.39,59.97%,71.98%,0.416309,2026-09-18
CLX,83.1,2026-11-20,62,Call,90.00,-8.30%,2.25,2.35,2.35,595,429,1.39,32.32%,36.06%,0.31208,2026-09-18
AMZN,253.71,2026-10-02,13,Call,272.50,-7.41%,0.72,0.81,0.85,709,511,1.39,30.81%,30.16%,0.114303,2026-09-18
TSLA,364.27,2026-09-28,9,Call,375.00,-2.95%,4.3,4.3,4.45,733,527,1.39,41.14%,37.12%,0.325068,2026-09-18
DASH,192.94,2026-12-18,90,Put,200.00,+3.66%,19.6,22.15,22.05,861,619,1.39,44.37%,46.41%,-0.5058,2026-09-18
SPCX,152.71,2026-09-25,6,Call,182.50,-19.51%,0.06,0.1,0.09,1274,919,1.39,50.13%,64.11%,0.01703,2026-09-18
META,665.75,2028-12-15,818,Call,10.00,+98.50%,651,660.6,661,1350,974,1.39,39.46%,142.50%,0.998257,2026-09-18
NVDA,222.27,2026-09-30,11,Call,225.00,-1.23%,3.15,3.35,3.4,1357,973,1.39,32.11%,28.55%,0.419821,2026-09-18
CORZ,17.99,2026-10-16,27,Call,24.00,-33.41%,0.1,0.11,0.14,10000,7206,1.39,71.85%,70.61%,0.082138,2026-09-18
HIMS,27.99,2026-09-25,6,Call,30.00,-7.18%,0.34,0.34,0.35,3375,2452,1.38,68.73%,71.22%,0.239665,2026-09-18
SPCX,152.71,2026-09-25,6,Put,149.00,-2.43%,2.25,2.24,2.32,4482,3247,1.38,50.13%,50.44%,-0.337025,2026-09-18
INTC,108.6,2026-09-25,6,Put,104.00,-4.24%,1.4,1.68,1.69,576,418,1.38,63.94%,62.06%,-0.277741,2026-09-18
SIMO,272.11,2026-10-16,27,Call,260.00,+4.45%,26.1,27,32.3,638,463,1.38,77.05%,77.53%,0.629539,2026-09-18
ARM,275.61,2026-09-25,6,Call,270.00,+2.04%,12.75,13.09,13.3,682,496,1.38,69.53%,70.80%,0.609704,2026-09-18
AMZN,253.71,2026-09-23,4,Put,245.00,-3.43%,0.45,0.5,0.59,1302,944,1.38,30.81%,30.14%,-0.128303,2026-09-18
HOOD,119.82,2026-09-25,6,Call,100.00,+16.54%,20,20.09,21.2,1369,990,1.38,63.33%,109.92%,0.912736,2026-09-18
XOM,163.54,2026-09-25,6,Call,172.50,-5.48%,0.23,0.19,0.3,1430,1040,1.38,29.11%,30.55%,0.090515,2026-09-18
QCOM,177.72,2026-09-25,6,Call,180.00,-1.28%,3.55,3.6,3.8,1641,1187,1.38,47.44%,51.49%,0.437795,2026-09-18
CVNA,65.11,2026-09-25,6,Call,65.00,+0.17%,2,2,2.16,553,404,1.37,59.61%,60.28%,0.527205,2026-09-18
RKLB,64.57,2026-09-25,6,Put,61.00,-5.53%,0.7,0.74,0.85,557,406,1.37,67.75%,65.56%,-0.234223,2026-09-18
MSFT,493.78,2026-09-25,6,Put,497.50,+0.75%,7.7,8,8.75,571,416,1.37,25.44%,24.90%,-0.582436,2026-09-18
SBAC,178.59,2026-10-16,27,Call,185.00,-3.59%,2.4,3.25,3.5,763,555,1.37,27.50%,28.12%,0.338561,2026-09-18
TTD,13.92,2026-09-25,6,Put,13.50,-3.02%,0.18,0.2,0.21,1167,854,1.37,59.68%,52.80%,-0.310617,2026-09-18
NBIS,223.54,2026-09-25,6,Call,235.00,-5.13%,4.7,4.83,4.95,1787,1303,1.37,80.64%,80.43%,0.334495,2026-09-18
SOFI,16.96,2026-09-25,6,Call,16.50,+2.71%,0.65,0.65,0.68,1857,1352,1.37,46.08%,45.06%,0.696816,2026-09-18
SAN,14.31,2026-10-16,27,Call,15.00,-4.82%,0.15,0.23,0.25,2118,1548,1.37,30.66%,29.19%,0.291614,2026-09-18
NVDA,222.27,2026-09-30,11,Call,235.00,-5.73%,0.76,0.8,0.85,501,368,1.36,32.11%,28.95%,0.143658,2026-09-18
TGTX,56.87,2026-10-16,27,Call,65.00,-14.30%,0.9,1.23,1.5,582,427,1.36,56.30%,60.34%,0.237034,2026-09-18
DELL,568.06,2026-09-25,6,Put,490.00,-13.74%,0.35,0.54,0.66,594,438,1.36,60.12%,61.97%,-0.028302,2026-09-18
PLAY,6.73,2026-10-16,27,Call,7.00,-4.01%,0.4,0.42,0.5,805,590,1.36,77.24%,79.00%,0.461295,2026-09-18
IMMR,7.21,2027-02-19,153,Call,10.00,-38.70%,0,0.23,0.3,850,625,1.36,40.64%,44.30%,0.156297,2026-09-18
AMZN,253.71,2026-09-25,6,Call,267.50,-5.44%,0.4,0.44,0.44,2061,1519,1.36,30.81%,30.37%,0.092625,2026-09-18
KEEL,4.01,2026-10-16,27,Call,5.00,-24.69%,0.13,0.14,0.15,3123,2289,1.36,97.05%,98.55%,0.248473,2026-09-18
BMNR,25.99,2026-09-25,6,Call,27.00,-3.89%,0.7,0.72,0.75,3901,2874,1.36,79.08%,85.29%,0.386363,2026-09-18
AMD,559.82,2026-09-25,6,Call,570.00,-1.82%,10.3,10.4,10.7,5500,4057,1.36,52.39%,51.62%,0.408948,2026-09-18
KO,88.25,2026-10-02,13,Call,91.00,-3.12%,0.25,0.27,0.31,565,418,1.35,18.24%,17.31%,0.18137,2026-09-18
BIDU,89.93,2026-09-25,6,Call,96.00,-6.75%,0.12,0.34,0.6,568,420,1.35,39.56%,45.31%,0.138926,2026-09-18
MARA,13.24,2026-10-16,27,Put,13.00,-1.81%,1.05,1.06,1.09,739,547,1.35,85.36%,84.62%,-0.419252,2026-09-18
LULU,98.06,2026-11-20,62,Put,75.00,-23.52%,0.33,0.47,0.61,1008,748,1.35,40.49%,44.61%,-0.056866,2026-09-18
MSTR,153.92,2027-09-17,363,Put,100.00,-35.03%,14.85,15.05,15.25,1029,764,1.35,71.41%,77.10%,-0.161957,2026-09-18
AMZN,253.71,2026-09-25,6,Call,245.00,+3.43%,9.5,10.3,10.2,1048,776,1.35,30.81%,30.86%,0.820669,2026-09-18
HOOD,119.82,2026-10-02,13,Call,115.00,+4.02%,7.95,8.44,8.55,1098,816,1.35,63.33%,61.24%,0.664315,2026-09-18
DKNG,21.75,2026-09-25,6,Put,21.00,-3.45%,0.26,0.28,0.3,1322,976,1.35,53.77%,53.39%,-0.289596,2026-09-18
IBM,229.55,2026-09-25,6,Call,250.00,-8.91%,0.22,0.27,0.26,1433,1062,1.35,34.96%,39.79%,0.049958,2026-09-18
LITE,930.91,2026-09-25,6,Call,950.00,-2.05%,25.8,27.69,30,526,393,1.34,72.85%,75.76%,0.43868,2026-09-18
QS,5.03,2026-09-25,6,Call,5.00,+0.60%,0.16,0.18,0.2,680,506,1.34,65.14%,64.64%,0.54333,2026-09-18
CXW,35.23,2026-10-16,27,Call,40.00,-13.54%,0.25,0.32,0.35,707,526,1.34,44.15%,42.81%,0.148773,2026-09-18
DELL,568.06,2026-09-25,6,Put,550.00,-3.18%,8.55,9,9.8,814,607,1.34,60.12%,58.67%,-0.318025,2026-09-18
QCOM,177.72,2026-09-25,6,Put,180.00,+1.28%,5.4,5.64,5.9,852,635,1.34,47.44%,48.57%,-0.5675,2026-09-18
CRWD,237.65,2026-09-25,6,Call,237.50,+0.06%,6.45,6.6,6.85,917,684,1.34,52.31%,53.54%,0.520822,2026-09-18
BMNR,25.99,2026-09-25,6,Put,23.50,-9.58%,0.15,0.19,0.33,1049,785,1.34,79.08%,83.01%,-0.157583,2026-09-18
GLW,150.13,2026-09-25,6,Call,170.00,-13.24%,0.28,0.35,0.37,1069,800,1.34,58.19%,61.97%,0.064404,2026-09-18
ORCL,147.61,2026-09-25,6,Put,146.00,-1.09%,2.79,2.8,2.89,1087,809,1.34,49.00%,48.09%,-0.415266,2026-09-18
GM,82.2,2026-09-25,6,Put,82.00,-0.24%,1.22,1.34,1.46,1486,1113,1.34,34.50%,34.63%,-0.46594,2026-09-18
CNC,65.11,2026-10-16,27,Call,65.00,+0.17%,2.64,3.39,4,1655,1234,1.34,43.23%,45.08%,0.538637,2026-09-18
LULU,98.06,2026-10-16,27,Call,105.00,-7.08%,1.79,1.98,2.16,1784,1336,1.34,40.49%,41.40%,0.299007,2026-09-18
SPCX,152.71,2026-10-02,13,Put,150.00,-1.77%,4.2,4.46,4.35,2428,1815,1.34,50.13%,49.18%,-0.400988,2026-09-18
GME,22.64,2026-09-25,6,Call,21.50,+5.04%,1.16,1.24,1.24,3596,2684,1.34,45.42%,36.02%,0.873156,2026-09-18
BMNR,25.99,2026-09-25,6,Call,26.00,-0.04%,1,1.09,1.15,3882,2902,1.34,79.08%,80.73%,0.521342,2026-09-18
SPCX,152.71,2026-09-25,6,Call,165.00,-8.05%,0.67,0.69,0.7,8358,6226,1.34,50.13%,52.73%,0.135149,2026-09-18
ASTS,58.52,2026-11-20,62,Call,65.00,-11.07%,5.4,5.48,5.55,3886,2912,1.33,72.24%,81.00%,0.448751,2026-09-18
NVDA,222.27,2026-09-21,2,Call,230.00,-3.48%,0.1,0.1,0.11,8681,6540,1.33,32.11%,28.35%,0.053655,2026-09-18
INTC,108.6,2026-09-23,4,Call,106.00,+2.39%,4.15,4.15,4.4,510,384,1.33,63.94%,61.59%,0.660362,2026-09-18
CRWV,81.36,2026-10-30,41,Call,80.00,+1.67%,8.7,8.95,9.05,571,429,1.33,75.97%,74.51%,0.582801,2026-09-18
COIN,194.25,2026-09-25,6,Call,235.00,-20.98%,0.36,0.45,0.5,629,472,1.33,66.28%,86.87%,0.049587,2026-09-18
CRCL,91.78,2026-09-25,6,Call,110.00,-19.85%,0.3,0.33,0.38,644,483,1.33,75.86%,93.01%,0.072971,2026-09-18
LULU,98.06,2027-01-15,118,Call,110.00,-12.18%,6.25,6.66,7.15,706,530,1.33,40.49%,47.98%,0.405487,2026-09-18
SBAC,178.59,2026-10-16,27,Call,200.00,-11.99%,0.25,0.4,0.85,753,568,1.33,27.50%,29.49%,0.086176,2026-09-18
AVGO,357.61,2026-09-25,6,Put,355.00,-0.73%,5,5.2,5.35,787,590,1.33,35.69%,35.47%,-0.423636,2026-09-18
C,131.77,2026-09-25,6,Put,129.00,-2.10%,0.82,0.9,0.98,804,603,1.33,32.19%,29.96%,-0.281124,2026-09-18
SMCI,39.09,2026-10-02,13,Put,40.00,+2.33%,2.44,2.64,2.6,962,723,1.33,71.15%,69.23%,-0.541247,2026-09-18
BIDU,89.93,2026-10-30,41,Call,90.00,-0.08%,4.75,5,5.3,1074,806,1.33,39.56%,40.61%,0.537033,2026-09-18
IBM,229.55,2026-09-25,6,Call,255.00,-11.09%,0.1,0.14,0.18,1320,996,1.33,34.96%,42.72%,0.029366,2026-09-18
AMZN,253.71,2026-09-25,6,Put,242.50,-4.42%,0.53,0.62,0.75,1328,999,1.33,30.81%,31.44%,-0.124087,2026-09-18
BW,7.36,2026-11-20,62,Call,7.50,-1.90%,1.1,1.2,1.2,1555,1171,1.33,88.48%,98.89%,0.568671,2026-09-18
NFLX,71.79,2026-10-02,13,Put,70.00,-2.49%,0.89,0.91,0.9,1913,1443,1.33,33.68%,31.24%,-0.316866,2026-09-18
AMD,559.82,2026-09-21,2,Call,585.00,-4.50%,0.7,0.7,0.77,512,388,1.32,52.39%,43.47%,0.089279,2026-09-18
PAGS,9.26,2026-11-20,62,Put,8.00,-13.61%,0.2,0.25,0.35,518,391,1.32,47.10%,50.42%,-0.222227,2026-09-18
ORCL,147.61,2026-09-25,6,Put,132.00,-10.58%,0.15,0.16,0.2,533,405,1.32,49.00%,51.83%,-0.042677,2026-09-18
DIS,102.67,2026-09-25,6,Call,105.00,-2.27%,0.22,0.44,0.5,801,609,1.32,25.40%,22.07%,0.21916,2026-09-18
IREN,46.68,2026-09-25,6,Call,43.50,+6.81%,3.85,3.93,4,1130,858,1.32,83.90%,82.87%,0.765132,2026-09-18
NFLX,71.79,2026-10-23,34,Put,64.00,-10.85%,0.87,0.87,0.92,1188,901,1.32,33.68%,43.05%,-0.167697,2026-09-18
AMZN,253.71,2026-10-23,34,Call,290.00,-14.30%,0.87,0.96,1.05,1223,930,1.32,30.81%,30.77%,0.090173,2026-09-18
META,665.75,2026-10-16,27,Put,670.00,+0.64%,29,29.63,29.75,1223,930,1.32,39.46%,38.62%,-0.496309,2026-09-18
NVDA,222.27,2026-09-28,9,Call,222.50,-0.10%,3.65,3.78,3.9,1291,975,1.32,32.11%,27.31%,0.506174,2026-09-18
IREN,46.68,2026-09-25,6,Put,44.00,-5.74%,0.85,0.85,1,1385,1050,1.32,83.90%,85.98%,-0.275488,2026-09-18
SPCX,152.71,2026-09-25,6,Put,144.00,-5.70%,0.96,0.98,1.02,1402,1061,1.32,50.13%,51.56%,-0.176282,2026-09-18
AMD,559.82,2026-09-23,4,Call,580.00,-3.60%,4.4,4.5,4.65,1620,1223,1.32,52.39%,50.19%,0.261022,2026-09-18
DELL,568.06,2026-09-25,6,Call,600.00,-5.62%,6.5,6.5,7.05,1798,1364,1.32,60.12%,61.75%,0.259488,2026-09-18
DKNG,21.75,2026-10-09,20,Call,24.00,-10.34%,0.23,0.4,0.49,1854,1408,1.32,53.77%,53.40%,0.239084,2026-09-18
AAPL,336.13,2026-09-25,6,Put,330.00,-1.82%,1.78,1.89,1.95,5438,4154,1.31,23.55%,25.24%,-0.274352,2026-09-18
VICI,23.72,2027-03-19,181,Call,25.00,-5.40%,0.85,0.95,1,507,387,1.31,19.56%,23.87%,0.370597,2026-09-18
AAPL,336.13,2026-10-02,13,Put,322.50,-4.05%,1.44,1.48,1.59,576,441,1.31,23.55%,24.74%,-0.175481,2026-09-18
BP,44.58,2026-09-25,6,Call,46.00,-3.19%,0.23,0.26,0.31,626,477,1.31,32.50%,33.91%,0.241205,2026-09-18
GNRC,207.44,2026-10-16,27,Call,220.00,-6.05%,6,6.51,6.8,690,525,1.31,49.27%,51.50%,0.352032,2026-09-18
OPEN,2.56,2026-10-30,41,Call,3.00,-17.19%,0.01,0.14,0.2,737,561,1.31,83.61%,72.00%,0.301735,2026-09-18
UNH,376.9,2026-09-25,6,Put,370.00,-1.83%,2.37,2.57,2.73,760,582,1.31,39.86%,27.88%,-0.294623,2026-09-18
ADBE,248.92,2026-09-25,6,Call,260.00,-4.45%,1.4,1.52,1.62,806,614,1.31,40.52%,40.48%,0.211297,2026-09-18
MU,1015.8,2026-09-21,2,Put,930.00,-8.45%,0.22,0.24,0.26,858,654,1.31,59.82%,56.07%,-0.015733,2026-09-18
MSFT,493.78,2026-09-23,4,Put,487.50,-1.27%,2.18,2.5,2.87,873,664,1.31,25.44%,24.92%,-0.303526,2026-09-18
AMAT,444.57,2027-06-17,271,Call,"1,020.00",-129.44%,8.5,8.4,9.8,881,672,1.31,51.38%,60.80%,0.101077,2026-09-18
NBIS,223.54,2026-09-25,6,Call,260.00,-16.31%,1.01,1.05,1.05,1062,811,1.31,80.64%,85.56%,0.093886,2026-09-18
O,56.66,2027-03-19,181,Put,67.50,+19.13%,10.7,11.17,11.7,1221,930,1.31,15.75%,23.56%,-0.849789,2026-09-18
ONDS,7.39,2026-10-09,20,Put,7.00,-5.28%,0.22,0.26,0.29,1451,1111,1.31,69.42%,63.59%,-0.326352,2026-09-18
XOM,163.54,2026-09-25,6,Call,167.50,-2.42%,0.93,1.03,1.02,1562,1188,1.31,29.11%,29.01%,0.267649,2026-09-18
MRNA,154.04,2026-09-25,6,Put,155.00,+0.62%,5.5,5.76,5.85,509,392,1.3,69.08%,66.13%,-0.510119,2026-09-18
NKE,35.51,2026-10-23,34,Put,35.00,-1.44%,1.59,1.64,1.75,605,464,1.3,47.93%,44.49%,-0.431162,2026-09-18
BMNR,25.99,2026-10-02,13,Put,24.00,-7.66%,0.59,0.62,0.82,611,469,1.3,79.08%,80.04%,-0.27089,2026-09-18
AS,26.73,2026-10-16,27,Put,25.00,-6.47%,0.45,0.54,0.6,621,476,1.3,45.15%,43.43%,-0.259428,2026-09-18
CCL,21.84,2026-10-02,13,Call,22.00,-0.73%,0.84,0.87,0.93,754,581,1.3,47.63%,58.23%,0.496128,2026-09-18
ARM,275.61,2026-09-25,6,Call,290.00,-5.22%,4.9,5,5.1,878,674,1.3,69.53%,73.56%,0.313391,2026-09-18
AUR,6.31,2026-09-25,6,Put,6.00,-4.91%,0.1,0.12,0.15,952,733,1.3,66.17%,79.85%,-0.291718,2026-09-18
NKE,35.51,2028-06-16,636,Call,65.00,-83.05%,1.95,2.05,2.29,1956,1508,1.3,47.93%,45.54%,0.221778,2026-09-18
CRWV,81.36,2026-10-02,13,Call,84.00,-3.24%,3.4,3.45,3.55,535,414,1.29,75.97%,74.51%,0.441325,2026-09-18
WULF,17.01,2026-09-25,6,Put,16.50,-3.00%,0.45,0.56,0.5,554,428,1.29,81.83%,79.64%,-0.372786,2026-09-18
AVGO,357.61,2026-09-25,6,Put,347.50,-2.83%,2.34,2.57,2.68,749,581,1.29,35.69%,35.33%,-0.252959,2026-09-18
HOOD,119.82,2026-10-02,13,Put,120.00,+0.15%,5.6,6.1,5.85,828,643,1.29,63.33%,63.24%,-0.477837,2026-09-18
TMUS,168.18,2026-10-16,27,Call,170.00,-1.08%,5.1,5.29,5.7,864,670,1.29,34.53%,33.86%,0.474854,2026-09-18
GM,82.2,2026-09-25,6,Put,80.00,-2.68%,0.47,0.6,0.75,953,740,1.29,34.50%,35.29%,-0.263979,2026-09-18
SKHY,187.5,2026-12-18,90,Put,180.00,-4.00%,17,17.49,19.7,980,761,1.29,59.97%,62.47%,-0.378334,2026-09-18
MRVL,244.25,2026-09-25,6,Call,255.00,-4.40%,3.9,3.81,4.25,986,763,1.29,66.35%,65.24%,0.320528,2026-09-18
SPCX,152.71,2026-09-25,6,Put,160.00,+4.77%,8.55,8.6,8.8,1145,888,1.29,50.13%,51.28%,-0.749346,2026-09-18
GT,5.05,2027-01-15,118,Put,4.00,-20.79%,0.1,0.2,0.3,1500,1164,1.29,54.96%,54.07%,-0.196389,2026-09-18
SKHY,187.5,2026-10-16,27,Put,185.00,-1.33%,10.25,10.5,10.65,1545,1201,1.29,59.97%,58.82%,-0.429703,2026-09-18
BABA,113.24,2026-09-25,6,Call,112.00,+1.10%,3.6,3.75,3.95,1613,1246,1.29,44.38%,54.13%,0.57645,2026-09-18
TFC,48.56,2026-10-16,27,Call,52.50,-8.11%,0.25,0.3,0.45,2991,2313,1.29,27.74%,29.46%,0.173539,2026-09-18
MSTR,153.92,2026-09-25,6,Put,125.00,-18.79%,0.15,0.15,0.16,4153,3214,1.29,71.41%,84.49%,-0.023828,2026-09-18
IREN,46.68,2026-10-02,13,Call,50.00,-7.11%,1.68,1.68,1.72,4348,3372,1.29,83.90%,84.14%,0.364967,2026-09-18
NKE,35.51,2026-10-16,27,Call,37.50,-5.60%,1.11,1.15,1.17,9638,7460,1.29,47.93%,50.27%,0.367931,2026-09-18
SLS,11.49,2027-01-15,118,Put,6.00,-47.78%,1.8,1.89,1.9,12208,9444,1.29,172.26%,226.06%,-0.123885,2026-09-18
NVDA,222.27,2026-09-28,9,Call,220.00,+1.02%,5,5.2,5.25,3446,2698,1.28,32.11%,27.30%,0.609912,2026-09-18
GOOG,344.41,2026-10-16,27,Call,380.00,-10.33%,2,2.11,2.1,6412,4996,1.28,31.25%,31.52%,0.141128,2026-09-18
CRCL,91.78,2026-09-25,6,Call,98.00,-6.78%,1.6,1.75,1.84,638,499,1.28,75.86%,84.21%,0.291867,2026-09-18
ITGR,126.28,2026-12-18,90,Call,130.00,-2.95%,0.15,0.2,0.2,782,610,1.28,7.07%,3.72%,0.1469,2026-09-18
META,665.75,2026-09-23,4,Call,697.50,-4.77%,1.87,2,2.13,866,677,1.28,39.46%,40.37%,0.141684,2026-09-18
CBRS,198.37,2026-09-25,6,Call,200.00,-0.82%,5.5,6.2,7.6,982,766,1.28,72.44%,71.51%,0.485273,2026-09-18
INTC,108.6,2026-09-25,6,Call,111.00,-2.21%,2.43,2.7,2.8,988,769,1.28,63.94%,65.35%,0.415705,2026-09-18
NEE,80.47,2026-11-20,62,Put,82.50,+2.52%,3.6,3.8,4.05,1100,860,1.28,20.69%,20.58%,-0.593902,2026-09-18
LULU,98.06,2026-09-25,6,Call,100.00,-1.98%,1.07,1.3,1.5,1163,910,1.28,40.49%,41.32%,0.369916,2026-09-18
AMD,559.82,2026-09-25,6,Put,490.00,-12.47%,0.61,0.7,0.71,1529,1198,1.28,52.39%,59.83%,-0.037377,2026-09-18
MSTR,153.92,2026-11-20,62,Call,165.00,-7.20%,14.75,14.85,15.05,1871,1457,1.28,71.41%,74.99%,0.480045,2026-09-18
BMNR,25.99,2026-09-25,6,Put,24.00,-7.66%,0.29,0.3,0.33,2122,1663,1.28,79.08%,79.18%,-0.200309,2026-09-18
SOFI,16.96,2026-10-02,13,Call,16.00,+5.66%,1.14,1.15,1.22,521,411,1.27,46.08%,45.01%,0.771471,2026-09-18
MP,47.26,2027-03-19,181,Call,55.00,-16.38%,5.5,6,6.5,538,422,1.27,55.18%,63.51%,0.471579,2026-09-18
NBIS,223.54,2026-10-09,20,Call,230.00,-2.89%,13.45,13.55,14.45,553,435,1.27,80.64%,79.44%,0.480242,2026-09-18
COIN,194.25,2026-10-02,13,Put,150.00,-22.78%,0.31,0.32,0.58,660,520,1.27,66.28%,79.91%,-0.036128,2026-09-18
B,43.33,2026-09-25,6,Call,45.00,-3.85%,0.32,0.35,0.4,663,521,1.27,41.12%,43.02%,0.257117,2026-09-18
AVGO,357.61,2026-09-23,4,Call,370.00,-3.46%,1.12,1.18,1.33,1146,901,1.27,35.69%,34.37%,0.178763,2026-09-18
COIN,194.25,2026-09-25,6,Put,160.00,-17.63%,0.18,0.21,0.21,1225,967,1.27,66.28%,79.55%,-0.025107,2026-09-18
MARA,13.24,2026-11-20,62,Call,16.00,-20.85%,1.05,1.06,1.08,1466,1152,1.27,85.36%,89.95%,0.378871,2026-09-18
BE,265.63,2026-09-25,6,Put,250.00,-5.88%,3.8,4.4,4.55,2347,1841,1.27,78.94%,77.22%,-0.252258,2026-09-18
IREN,46.68,2026-09-25,6,Call,48.00,-2.83%,1.33,1.49,1.49,2634,2071,1.27,83.90%,82.23%,0.418329,2026-09-18
BB,7.99,2026-10-16,27,Call,10.00,-25.16%,0.2,0.21,0.24,2750,2157,1.27,78.01%,90.60%,0.218687,2026-09-18
AAPL,336.13,2026-09-25,6,Put,325.00,-3.31%,0.82,0.88,0.97,2954,2333,1.27,23.55%,26.20%,-0.150613,2026-09-18
SPCX,152.71,2027-01-15,118,Call,155.00,-1.50%,17.25,17.5,18,3934,3093,1.27,50.13%,51.54%,0.554959,2026-09-18
TSLA,364.27,2026-09-25,6,Put,340.00,-6.66%,0.86,0.88,0.9,4511,3572,1.26,41.14%,42.00%,-0.093843,2026-09-18
LUNR,13.92,2026-09-25,6,Call,15.00,-7.76%,0.19,0.24,0.25,532,422,1.26,85.30%,82.87%,0.259589,2026-09-18
APP,308.06,2026-09-25,6,Put,287.50,-6.67%,1.45,1.3,1.9,594,471,1.26,57.02%,53.75%,-0.148107,2026-09-18
C,131.77,2026-09-25,6,Call,134.00,-1.69%,1.05,1.3,1.23,739,587,1.26,32.19%,30.20%,0.342126,2026-09-18
PLTR,177.64,2026-09-25,6,Call,160.00,+9.93%,17.9,17.85,18.1,766,606,1.26,49.12%,51.56%,0.947819,2026-09-18
DELL,568.06,2026-09-25,6,Call,580.00,-2.10%,12.2,12.7,13.6,768,610,1.26,60.12%,61.78%,0.414291,2026-09-18
TSLA,364.27,2026-09-25,6,Put,337.50,-7.35%,0.67,0.67,0.71,771,611,1.26,41.14%,42.60%,-0.075634,2026-09-18
AMZN,253.71,2026-09-23,4,Call,267.50,-5.44%,0.17,0.17,0.19,784,621,1.26,30.81%,30.72%,0.052915,2026-09-18
INTC,108.6,2026-10-02,13,Put,100.00,-7.92%,1.6,1.83,1.86,975,775,1.26,63.94%,62.51%,-0.22156,2026-09-18
ONDS,7.39,2026-09-25,6,Call,7.00,+5.28%,0.38,0.5,0.51,1107,882,1.26,69.42%,50.24%,0.811466,2026-09-18
AMD,559.82,2026-10-16,27,Put,560.00,+0.03%,30,30.4,30.95,1169,926,1.26,52.39%,51.19%,-0.467265,2026-09-18
CRWV,81.36,2026-09-25,6,Put,78.00,-4.13%,1.53,1.6,1.62,1184,937,1.26,75.97%,72.96%,-0.307416,2026-09-18
HIMS,27.99,2026-09-25,6,Put,27.00,-3.54%,0.48,0.53,0.53,1335,1061,1.26,68.73%,65.57%,-0.316829,2026-09-18
TEM,77.84,2026-10-16,27,Put,70.00,-10.07%,2.57,2.73,2.93,1379,1096,1.26,73.67%,73.99%,-0.261171,2026-09-18
PURR,14.09,2026-10-16,27,Call,16.00,-13.56%,0.85,0.94,1,2188,1734,1.26,100.34%,104.64%,0.383985,2026-09-18
META,665.75,2026-09-25,6,Call,695.00,-4.39%,4.65,4.82,5.15,589,472,1.25,39.46%,43.59%,0.232115,2026-09-18
AGNC,9.87,2026-10-02,13,Call,10.00,-1.32%,0.01,0.11,0.14,689,551,1.25,23.46%,17.54%,0.348122,2026-09-18
SBAC,178.59,2026-10-16,27,Call,195.00,-9.19%,0.35,1.3,1.8,697,558,1.25,27.50%,29.72%,0.149071,2026-09-18
PINS,18.6,2026-09-25,6,Call,18.50,+0.54%,0.41,0.42,0.54,1023,818,1.25,46.08%,43.98%,0.553452,2026-09-18
AMZN,253.71,2027-02-19,153,Put,260.00,+2.48%,24.1,24.2,24.75,1055,846,1.25,30.81%,34.91%,-0.480459,2026-09-18
UBER,70.5,2026-09-25,6,Put,68.00,-3.55%,0.26,0.29,0.31,1060,851,1.25,33.58%,31.84%,-0.179333,2026-09-18
APLD,28.12,2026-09-25,6,Call,27.50,+2.20%,1.34,1.35,1.45,1148,916,1.25,90.94%,73.60%,0.61402,2026-09-18
IREN,46.68,2026-09-25,6,Call,49.00,-4.97%,1.11,1.13,1.14,1728,1381,1.25,83.90%,84.77%,0.349543,2026-09-18
NBIS,223.54,2026-10-16,27,Call,270.00,-20.78%,6.1,6.25,6.3,1933,1546,1.25,80.64%,82.20%,0.23548,2026-09-18
CRWD,237.65,2026-09-25,6,Call,260.00,-9.40%,0.75,0.93,0.93,2051,1638,1.25,52.31%,54.71%,0.107855,2026-09-18
PLTR,177.64,2026-09-25,6,Put,165.00,-7.12%,0.74,0.76,0.81,6498,5185,1.25,49.12%,52.33%,-0.126768,2026-09-18
APLD,28.12,2026-09-25,6,Call,30.00,-6.69%,0.42,0.43,0.45,2694,2180,1.24,90.94%,76.13%,0.271522,2026-09-18
AAL,12.96,2026-09-25,6,Call,13.50,-4.17%,0.09,0.11,0.11,3057,2457,1.24,47.37%,43.49%,0.24105,2026-09-18
TSLA,364.27,2026-09-25,6,Call,385.00,-5.69%,1.5,1.54,1.53,8598,6934,1.24,41.14%,41.01%,0.155035,2026-09-18
ENPH,34.64,2026-10-16,27,Call,35.00,-1.04%,2.15,2.25,2.24,693,561,1.24,64.08%,61.71%,0.515282,2026-09-18
AAPL,336.13,2026-10-30,41,Call,360.00,-7.10%,3.6,4,4.1,878,710,1.24,23.55%,25.55%,0.237495,2026-09-18
MRVL,244.25,2026-09-25,6,Put,230.00,-5.83%,2.55,2.93,3.3,1055,850,1.24,66.35%,67.50%,-0.22847,2026-09-18
PLTR,177.64,2026-09-25,6,Call,205.00,-15.40%,0.12,0.12,0.13,1149,929,1.24,49.12%,56.32%,0.026242,2026-09-18
JOBY,6.12,2027-01-15,118,Call,6.00,+1.96%,0.9,1.05,1.22,1382,1112,1.24,61.47%,70.73%,0.610753,2026-09-18
"Downloaded from Barchart.com as of 09-19-2026 02:49am CDT"
