Symbol,Price~,"Exp Date",DTE,Type,Strike,Moneyness,Bid,Latest,Ask,Volume,"Open Int",Vol/OI,"Imp Vol",IV,Delta,Time
LUV,42.1,2026-09-25,3,Call,44.00,-4.69%,0.12,0.15,0.15,26829,161,166.64,41.73%,45.54%,0.152069,"14:58 ET"
EXE,87.55,2026-11-20,59,Put,80.00,-8.65%,1.55,1.6,1.65,19583,195,100.43,31.59%,32.78%,-0.225016,"14:22 ET"
HD,305.23,2026-09-25,3,Call,317.50,-4.34%,0.22,0.26,0.3,9325,114,81.8,26.40%,30.16%,0.071045,"14:57 ET"
PSKY,9.95,2026-11-20,59,Call,11.00,-9.78%,0.57,0.57,0.59,12738,156,81.65,61.64%,60.45%,0.388535,"15:02 ET"
PSKY,9.95,2026-10-16,24,Call,10.50,-4.79%,0.37,0.4,0.41,11194,143,78.28,61.64%,59.68%,0.393814,"14:46 ET"
MU,1093.42,2026-09-23,1,Call,"1,085.00",+0.29%,15.85,16,16.05,13000,175,74.29,65.22%,60.44%,0.555517,"14:58 ET"
WFC,83.52,2026-10-16,24,Call,89.00,-6.31%,0.86,0.92,0.92,11217,180,62.32,31.75%,31.86%,0.232558,"14:56 ET"
NRG,102.83,2026-11-20,59,Call,120.00,-16.99%,2.9,3.2,3.2,10082,162,62.23,49.68%,51.00%,0.26309,"14:51 ET"
POR,47.73,2026-10-16,24,Call,50.00,-4.69%,0.2,0.22,0.25,7699,128,60.15,25.62%,19.20%,0.180257,"14:59 ET"
MU,1093.42,2026-09-23,1,Put,"1,060.00",-2.59%,3.25,3.35,3.35,10160,171,59.42,65.22%,58.02%,-0.181036,"14:58 ET"
TSLA,379.72,2026-09-23,1,Put,377.50,-0.42%,2.6,2.61,2.62,49011,849,57.73,41.88%,45.71%,-0.398479,"15:02 ET"
MSTR,169.24,2026-10-02,10,Put,162.50,-3.69%,4.7,5.05,4.9,6359,113,56.27,72.48%,70.51%,-0.341916,"14:34 ET"
MU,1093.42,2026-09-23,1,Put,"1,050.00",-3.51%,1.91,1.92,1.97,9621,173,55.61,65.22%,59.38%,-0.115797,"14:58 ET"
MTCH,41.96,2026-10-16,24,Put,40.00,-4.99%,0.55,0.7,0.7,5457,106,51.48,36.33%,33.83%,-0.268659,"14:41 ET"
AAPL,340.29,2026-09-23,1,Put,345.00,+1.17%,5.05,5.1,5.25,7045,147,47.93,23.81%,24.61%,-0.863686,"14:58 ET"
KVYO,15.97,2026-11-20,59,Call,17.50,-11.25%,1.4,1.4,1.5,7723,171,45.16,71.29%,79.12%,0.452786,"14:58 ET"
LOW,195.88,2026-12-18,87,Put,170.00,-13.00%,2.65,2.73,2.95,6020,135,44.59,28.55%,32.37%,-0.159711,"14:54 ET"
SKHY,194.85,2026-10-02,10,Call,230.00,-17.95%,0.93,0.99,1.01,5553,126,44.07,63.38%,72.51%,0.093279,"14:43 ET"
PFE,27.85,2026-10-16,24,Call,27.50,+1.33%,0.84,0.89,0.88,7116,163,43.66,22.98%,24.42%,0.584957,"14:05 ET"
META,738.68,2026-09-23,1,Call,755.00,-1.89%,3.1,3.19,3.25,17881,412,43.4,44.47%,57.46%,0.244653,"14:58 ET"
TSLA,379.72,2026-09-23,1,Put,380.00,+0.24%,3.7,3.78,3.8,27898,648,43.05,41.88%,45.52%,-0.507565,"15:02 ET"
SHOP,147.66,2026-09-25,3,Call,152.50,-3.83%,1.57,1.61,1.65,7302,176,41.49,54.55%,64.54%,0.302005,"15:02 ET"
NVDA,229.32,2026-09-23,1,Put,230.00,+0.25%,1.8,1.81,1.81,20114,491,40.97,33.07%,29.75%,-0.575068,"14:58 ET"
PAA,24.58,2026-11-20,59,Put,25.00,+2.04%,0.95,1.25,1.3,4097,103,39.78,19.63%,21.06%,-0.578824,"14:07 ET"
AMD,619.33,2026-09-23,1,Put,620.00,-0.03%,7,7.09,7.2,5723,145,39.47,55.09%,50.03%,-0.525002,"14:58 ET"
MU,1093.42,2026-09-23,1,Call,"1,090.00",-0.17%,13.25,13.37,13.45,14843,383,38.75,65.22%,60.30%,0.497672,"14:58 ET"
AMD,619.33,2026-09-23,1,Put,615.00,-0.83%,4.65,4.75,4.85,12330,332,37.14,55.09%,50.18%,-0.402818,"14:58 ET"
META,738.68,2026-10-09,17,Put,565.00,-23.75%,0.2,0.24,0.49,3617,100,36.17,44.47%,55.98%,-0.010862,"14:11 ET"
TSLA,379.72,2026-09-23,1,Put,372.50,-1.74%,1.08,1.08,1.1,50143,1394,35.97,41.88%,45.95%,-0.208789,"15:02 ET"
USAR,16.93,2026-11-20,59,Call,18.00,-7.40%,1.77,1.76,1.81,4279,129,33.17,76.10%,80.80%,0.495799,"14:57 ET"
NVDA,229.32,2026-09-23,1,Put,227.50,-0.84%,0.72,0.73,0.73,60457,1881,32.14,33.07%,30.41%,-0.307662,"14:58 ET"
TSLA,379.72,2026-09-23,1,Call,377.50,+0.42%,4.8,4.9,4.9,64356,2022,31.83,41.88%,45.90%,0.601405,"15:02 ET"
BABA,116.56,2026-10-30,38,Call,120.00,-3.15%,4.95,5,5.15,5877,187,31.43,43.42%,43.73%,0.444393,"14:50 ET"
META,738.68,2026-09-25,3,Put,747.50,+0.88%,20.5,21.15,21.15,3922,125,31.38,44.47%,60.90%,-0.569157,"14:57 ET"
APH,82.9,2026-11-20,59,Put,65.00,-21.18%,0.7,0.77,0.8,36418,1193,30.53,42.36%,49.26%,-0.090685,"14:56 ET"
GOOGL,352.03,2026-09-23,1,Call,367.50,-4.15%,0.1,0.11,0.11,21951,731,30.03,33.14%,43.32%,0.033632,"14:57 ET"
WULF,17.48,2029-01-19,850,Call,30.00,-71.23%,5.65,6.05,6.1,7502,257,29.19,82.14%,116.84%,0.512892,"14:42 ET"
TSLA,379.72,2026-09-23,1,Call,382.50,-0.90%,2.42,2.46,2.46,47207,1632,28.93,41.88%,46.00%,0.385862,"15:02 ET"
CIFR,19.3,2029-01-19,850,Call,35.00,-80.88%,7.3,7.6,8.1,7003,244,28.7,98.72%,92.34%,0.637519,"14:05 ET"
AVGO,364.57,2026-10-16,24,Call,362.50,+0.56%,14.9,14.9,15.1,3643,129,28.24,37.51%,37.59%,0.542561,"14:57 ET"
TSLA,379.72,2026-09-23,1,Put,375.00,-1.08%,1.72,1.73,1.73,76559,2739,27.95,41.88%,45.76%,-0.29646,"15:02 ET"
MU,1093.42,2026-09-25,3,Put,"1,080.00",-0.75%,18.9,18.9,19.1,3422,123,27.82,65.22%,59.71%,-0.425642,"14:58 ET"
USAR,16.93,2026-11-20,59,Put,14.00,-16.47%,0.78,0.85,0.81,4567,165,27.68,76.10%,78.75%,-0.220038,"13:20 ET"
AMD,619.33,2026-09-25,3,Put,612.50,-1.24%,9.05,9.39,9.35,5773,209,27.62,55.09%,54.48%,-0.407323,"14:49 ET"
MU,1093.42,2026-09-23,1,Call,"1,160.00",-6.60%,0.89,0.89,0.9,4466,167,26.74,65.22%,73.02%,0.051853,"14:58 ET"
VVV,28.51,2026-10-16,24,Call,30.00,-5.71%,0.4,0.5,0.65,3017,114,26.46,40.87%,37.03%,0.315346,"14:58 ET"
MSFT,498.48,2026-09-23,1,Call,497.50,-0.02%,3,3.1,3.15,17675,676,26.15,27.00%,27.27%,0.529182,"14:58 ET"
MU,1093.42,2026-09-23,1,Call,"1,075.00",+1.21%,21.8,22.2,22.1,15833,614,25.79,65.22%,60.44%,0.667249,"14:58 ET"
AAPL,340.29,2026-09-23,1,Call,345.00,-1.17%,0.32,0.33,0.34,169611,6625,25.6,23.81%,25.24%,0.143976,"14:58 ET"
PURR,13.91,2027-03-19,178,Call,19.00,-36.59%,2.2,2.39,2.7,3001,120,25.01,98.57%,100.48%,0.472327,"11:19 ET"
WFC,83.52,2026-10-30,38,Put,77.00,-8.03%,0.81,0.9,0.99,9917,398,24.92,31.75%,30.72%,-0.188848,"14:01 ET"
AAPL,340.29,2026-09-23,1,Call,347.50,-1.90%,0.12,0.13,0.13,93647,3760,24.91,23.81%,26.37%,0.061817,"14:58 ET"
MRK,151.81,2026-12-18,87,Call,175.00,-15.20%,2.42,2.56,2.69,10374,418,24.82,29.00%,31.99%,0.205838,"14:54 ET"
META,738.68,2026-09-23,1,Put,747.50,+0.88%,13.1,13.35,13.55,5486,223,24.6,44.47%,54.68%,-0.648027,"14:57 ET"
COSM,0.3698,2026-11-20,59,Call,0.5000,-35.21%,0.1,0.1,0.15,3459,147,23.53,195.15%,277.03%,0.614345,"14:52 ET"
CRWV,87.17,2026-10-16,24,Call,87.00,+0.43%,6.65,6.75,6.85,2467,105,23.5,76.28%,74.39%,0.544867,"14:48 ET"
PDSB,0.9163,2027-05-21,241,Call,0.5000,+47.34%,0.55,0.6,0.65,5621,241,23.32,200.63%,166.46%,0.874135,"15:02 ET"
DAR,62.51,2027-01-15,115,Put,55.00,-11.94%,2.3,2.6,3.2,3261,140,23.29,43.62%,45.75%,-0.251356,"12:58 ET"
AMD,619.33,2026-10-02,10,Put,600.00,-3.25%,12.55,12.67,12.75,6005,261,23.01,55.09%,51.94%,-0.340799,"14:58 ET"
MSFT,498.48,2026-09-23,1,Call,502.50,-1.02%,1.14,1.14,1.2,19252,854,22.54,27.00%,27.64%,0.268026,"14:58 ET"
MU,1093.42,2026-09-23,1,Put,"1,040.00",-4.43%,1.13,1.15,1.17,26945,1196,22.53,65.22%,61.41%,-0.072776,"14:58 ET"
META,738.68,2026-09-23,1,Call,780.00,-5.27%,0.55,0.56,0.58,25667,1164,22.05,44.47%,63.60%,0.054796,"14:57 ET"
MSFT,498.48,2026-09-23,1,Call,500.00,-0.52%,1.9,1.9,1.99,35410,1608,22.02,27.00%,27.31%,0.390687,"14:58 ET"
META,738.68,2026-09-23,1,Put,755.00,+1.89%,18.75,17.35,19.15,2245,103,21.8,44.47%,56.62%,-0.759076,"14:50 ET"
MU,1093.42,2026-09-23,1,Call,"1,080.00",+0.75%,18.75,18.75,18.9,24161,1114,21.69,65.22%,60.51%,0.612305,"14:58 ET"
RSKD,6.82,2026-10-16,24,Call,7.50,-11.61%,0.15,0.3,0.3,2202,102,21.59,86.70%,66.83%,0.322942,"15:02 ET"
TSLA,379.72,2026-09-23,1,Call,385.00,-1.56%,1.64,1.66,1.67,60290,2802,21.52,41.88%,46.48%,0.28954,"15:02 ET"
TSLA,379.72,2026-09-23,1,Call,380.00,-0.24%,3.45,3.49,3.5,116013,5409,21.45,41.88%,45.51%,0.492748,"15:02 ET"
JPM,340.8,2026-09-25,3,Call,342.50,-0.45%,2.57,2.69,2.75,3419,160,21.37,26.82%,27.39%,0.431762,"14:53 ET"
OSCR,30.59,2026-09-25,3,Put,29.50,-3.97%,0.41,0.45,0.57,4918,231,21.29,71.01%,85.31%,-0.309805,"14:58 ET"
META,738.68,2026-09-25,3,Put,735.00,-0.81%,13.8,13.54,14.35,4644,221,21.01,44.47%,60.44%,-0.447419,"14:55 ET"
SNDK,1889.46,2026-09-25,3,Put,"1,900.00",+0.59%,63.3,64.41,64.1,2214,108,20.5,78.61%,84.21%,-0.517187,"14:57 ET"
MU,1093.42,2026-09-23,1,Put,"1,025.00",-5.81%,0.55,0.58,0.59,3417,167,20.46,65.22%,65.86%,-0.037479,"14:58 ET"
SNDK,1889.46,2026-09-25,3,Put,"1,850.00",-2.06%,38.9,40.01,39.9,2327,114,20.41,78.61%,83.62%,-0.378996,"14:56 ET"
META,738.68,2026-11-20,59,Call,925.00,-24.83%,10.4,10.75,10.9,2296,113,20.32,44.47%,48.69%,0.153738,"14:54 ET"
NNE,17.35,2027-04-16,206,Call,26.00,-50.03%,1.95,2.05,2.2,2042,101,20.22,78.63%,82.46%,0.378884,"14:49 ET"
SNDK,1889.46,2026-09-25,3,Call,"1,890.00",-0.06%,57.4,57.5,58,2420,121,20,78.61%,85.69%,0.511044,"14:58 ET"
MSFT,498.48,2026-09-23,1,Call,505.00,-1.52%,0.67,0.67,0.7,39954,2002,19.96,27.00%,28.31%,0.173883,"14:58 ET"
CIFR,19.3,2026-10-16,24,Call,31.00,-60.21%,0.1,0.1,0.13,4656,235,19.81,98.72%,106.69%,0.056417,"13:47 ET"
META,738.68,2026-09-23,1,Call,785.00,-5.94%,0.36,0.39,0.41,9868,503,19.62,44.47%,64.56%,0.038805,"14:57 ET"
GOOGL,352.03,2026-09-23,1,Put,357.50,+1.32%,5.95,5.3,6.2,5504,283,19.45,33.14%,38.96%,-0.753756,"14:43 ET"
GRAB,3.15,2026-11-20,59,Put,3.00,-5.36%,0.21,0.22,0.23,3242,167,19.41,62.20%,59.85%,-0.368295,"14:58 ET"
BAC,56.44,2026-09-25,3,Call,57.00,-0.62%,0.38,0.37,0.4,18706,970,19.28,27.62%,29.26%,0.379342,"14:57 ET"
GOOGL,352.03,2026-09-23,1,Call,362.50,-2.74%,0.28,0.28,0.3,25578,1341,19.07,33.14%,39.23%,0.08758,"14:58 ET"
HL,19.14,2026-11-20,59,Put,20.00,+5.37%,2.32,2.37,2.42,2007,107,18.76,59.17%,61.62%,-0.521727,"14:13 ET"
LLY,1170.31,2026-09-25,3,Call,"1,220.00",-4.08%,1.8,2,2.2,6375,341,18.7,33.74%,36.51%,0.108664,"14:58 ET"
SHOP,147.66,2026-09-25,3,Call,160.00,-8.94%,0.43,0.46,0.5,12018,645,18.63,54.55%,69.34%,0.107065,"14:59 ET"
CVNA,66.29,2027-03-19,178,Call,95.00,-42.41%,3.7,4.3,4.05,2021,109,18.54,59.51%,60.38%,0.275017,"12:56 ET"
RSKD,6.82,2026-12-18,87,Call,7.50,-11.61%,0.65,0.65,0.7,4390,237,18.52,86.70%,69.03%,0.464323,"15:01 ET"
NVDA,229.32,2029-01-19,850,Call,200.00,+12.83%,77.8,77.95,78.65,5051,274,18.43,33.07%,42.99%,0.741125,"14:28 ET"
TSLA,379.72,2026-09-23,1,Call,387.50,-2.22%,1.1,1.12,1.12,26831,1460,18.38,41.88%,47.39%,0.21054,"15:02 ET"
GOOGL,352.03,2026-09-23,1,Call,365.00,-3.45%,0.16,0.17,0.17,30174,1681,17.95,33.14%,40.86%,0.05238,"14:58 ET"
GOOGL,352.03,2026-09-23,1,Put,355.00,+0.61%,4.15,4.23,4.35,9026,511,17.66,33.14%,37.97%,-0.637164,"14:57 ET"
META,738.68,2026-09-23,1,Call,795.00,-7.29%,0.18,0.22,0.22,7218,413,17.48,44.47%,67.79%,0.020888,"14:57 ET"
BMY,62.5,2026-10-02,10,Call,65.00,-3.80%,0.24,0.24,0.25,3184,184,17.3,27.72%,24.94%,0.178641,"14:47 ET"
AMZN,255.09,2026-09-23,1,Call,257.50,-0.81%,0.76,0.77,0.77,35841,2093,17.12,32.39%,32.86%,0.28314,"14:58 ET"
INTC,122.79,2026-10-09,17,Call,140.00,-13.91%,2.22,2.29,2.3,7119,420,16.95,69.17%,71.47%,0.222819,"14:55 ET"
INTC,122.79,2026-09-30,8,Put,122.00,-0.73%,4.2,4.12,4.3,2146,127,16.9,69.17%,64.78%,-0.451037,"14:55 ET"
MSFT,498.48,2026-09-23,1,Call,495.00,+0.49%,4.45,4.68,4.75,8856,529,16.74,27.00%,27.73%,0.662515,"14:58 ET"
PNC,228.41,2026-12-18,87,Put,210.00,-8.11%,4.1,4.3,5.2,2009,120,16.74,27.71%,27.64%,-0.239119,"12:19 ET"
MU,1093.42,2026-09-23,1,Call,"1,145.00",-5.22%,1.56,1.59,1.61,1925,118,16.31,65.22%,69.51%,0.087921,"14:58 ET"
TSM,451.52,2027-09-17,360,Call,540.00,-20.14%,43.6,43.4,44.5,2510,155,16.19,33.89%,38.96%,0.42389,"14:31 ET"
META,738.68,2026-09-23,1,Call,750.00,-1.22%,4.3,4.4,4.5,30842,1911,16.14,44.47%,56.52%,0.316047,"14:57 ET"
MU,1093.42,2026-09-28,6,Call,"1,090.00",-0.17%,28.9,29,29.1,2499,156,16.02,65.22%,52.25%,0.51221,"14:58 ET"
TSLA,379.72,2026-09-23,1,Put,385.00,+1.56%,6.85,6.93,7,3812,238,16.02,41.88%,46.39%,-0.711312,"15:02 ET"
SNOW,337.92,2026-10-02,10,Call,375.00,-11.30%,1.4,1.47,1.59,1639,103,15.91,47.80%,50.90%,0.112387,"14:58 ET"
MRNA,184.35,2026-10-30,38,Call,190.00,-4.08%,19.65,21.4,21.65,2218,140,15.84,82.98%,97.28%,0.525607,"14:34 ET"
USB,59.36,2026-11-20,59,Call,62.50,-5.02%,1.15,1.19,1.22,5949,376,15.82,27.85%,24.91%,0.321897,"14:59 ET"
MU,1093.42,2026-09-23,1,Call,"1,100.00",-1.08%,9.2,9.27,9.35,45066,2866,15.72,65.22%,61.24%,0.385825,"14:58 ET"
META,738.68,2026-09-23,1,Put,750.00,+1.22%,15,14.3,15.35,8772,562,15.61,44.47%,55.79%,-0.686663,"14:51 ET"
AMC,2.94,2027-01-15,115,Put,3.00,+2.39%,0.57,0.58,0.6,58546,3758,15.58,86.79%,84.63%,-0.42066,"12:46 ET"
EOSE,4.11,2026-09-25,3,Put,4.50,+8.96%,0.39,0.44,0.46,4123,265,15.56,104.75%,99.23%,-0.835333,"14:49 ET"
META,738.68,2026-09-23,1,Call,770.00,-3.92%,1.1,1.12,1.16,30058,1950,15.41,44.47%,60.85%,0.102245,"14:58 ET"
NVDA,229.32,2026-09-23,1,Call,232.50,-1.34%,0.41,0.41,0.42,146029,9537,15.31,33.07%,31.18%,0.200147,"14:58 ET"
VKTX,41.19,2027-02-19,150,Call,50.00,-27.55%,5,5,6,1589,104,15.28,81.44%,78.29%,0.459172,"13:21 ET"
ABSI,11.2,2027-01-15,115,Call,6.00,+46.52%,4.9,5.45,6,2601,171,15.21,99.93%,81.92%,0.947548,"14:43 ET"
AMD,619.33,2026-09-23,1,Put,600.00,-3.25%,1.15,1.17,1.19,14276,940,15.19,55.09%,53.51%,-0.132547,"14:57 ET"
SHOP,147.66,2026-09-25,3,Call,149.00,-1.45%,2.67,2.78,2.92,1728,114,15.16,54.55%,63.59%,0.450466,"14:55 ET"
MU,1093.42,2026-09-23,1,Call,"1,120.00",-2.92%,4.2,4.2,4.35,7582,505,15.01,65.22%,64.40%,0.209259,"14:58 ET"
BAC,56.44,2026-09-25,3,Put,57.00,+0.62%,0.82,0.84,0.87,36852,2457,15,27.62%,27.83%,-0.627571,"14:58 ET"
NBIS,236.2,2026-09-25,3,Put,237.50,+0.58%,8.1,8.15,8.25,1540,104,14.81,83.82%,87.04%,-0.514447,"14:55 ET"
AAPL,340.29,2026-09-23,1,Call,342.50,-0.43%,0.83,0.86,0.86,98533,6696,14.72,23.81%,24.90%,0.301764,"14:58 ET"
CSCO,105.76,2026-09-25,3,Call,105.00,+0.62%,1.86,1.95,2,1901,131,14.51,33.53%,34.82%,0.631639,"14:57 ET"
MRNA,184.35,2026-09-25,3,Call,210.00,-15.03%,0.62,0.61,0.65,5408,374,14.46,82.98%,102.76%,0.084056,"14:57 ET"
GSAT,82.42,2026-10-16,24,Put,82.50,-0.04%,0.55,1.34,3,2020,140,14.43,16.83%,21.64%,-0.482468,"11:57 ET"
TSLA,379.72,2026-09-23,1,Put,370.00,-2.40%,0.67,0.67,0.68,43067,2987,14.42,41.88%,46.63%,-0.141132,"15:02 ET"
AMD,619.33,2026-09-23,1,Call,615.00,+0.83%,8.6,8.7,8.9,8675,602,14.41,55.09%,51.94%,0.594523,"14:58 ET"
SNDK,1889.46,2026-09-25,3,Call,"2,200.00",-16.47%,4.4,4.3,4.5,7001,488,14.35,78.61%,104.96%,0.059658,"14:58 ET"
HON,211.31,2026-12-18,87,Call,240.00,-13.59%,3.6,3.7,4,2295,161,14.25,28.86%,31.33%,0.219901,"14:56 ET"
RGTI,16.46,2027-02-19,150,Call,30.00,-82.82%,0.68,0.8,0.9,1805,127,14.21,72.77%,82.76%,0.202743,"10:59 ET"
META,738.68,2026-09-23,1,Call,747.50,-0.88%,5,5.25,5.35,8810,621,14.19,44.47%,56.24%,0.356507,"14:57 ET"
MRNA,184.35,2026-09-25,3,Call,185.00,-1.34%,5.4,5.4,5.5,10227,722,14.16,82.98%,89.79%,0.48687,"14:58 ET"
META,738.68,2026-09-23,1,Call,775.00,-4.59%,0.77,0.79,0.81,13187,932,14.15,44.47%,62.04%,0.074497,"14:58 ET"
SNOW,337.92,2026-09-25,3,Call,337.50,-0.17%,6.05,6.35,6.45,2246,160,14.04,47.80%,52.83%,0.499937,"14:58 ET"
JPM,340.8,2026-09-25,3,Call,345.00,-1.18%,1.67,1.75,1.8,6709,480,13.98,26.82%,27.30%,0.320463,"14:58 ET"
MU,1093.42,2026-09-28,6,Call,"1,070.00",+1.67%,39.55,40,39.8,1636,119,13.75,65.22%,52.02%,0.621021,"14:58 ET"
SNDK,1889.46,2026-09-25,3,Call,"1,880.00",+0.47%,62.3,61.9,63,1898,138,13.75,78.61%,85.71%,0.538233,"14:56 ET"
UBER,69.69,2026-10-16,24,Call,76.00,-8.79%,0.54,0.6,0.62,1744,129,13.52,35.33%,34.67%,0.179899,"14:45 ET"
AAPL,340.29,2026-09-23,1,Put,337.50,-1.03%,0.8,0.81,0.83,27529,2043,13.47,23.81%,26.12%,-0.280775,"14:58 ET"
GOOGL,352.03,2026-09-23,1,Call,357.50,-1.32%,0.89,0.92,0.92,13170,997,13.21,33.14%,36.54%,0.232369,"14:58 ET"
CRM,232.8,2026-09-25,3,Call,235.00,-1.21%,2.52,2.49,2.73,4167,319,13.06,39.47%,44.56%,0.401088,"14:49 ET"
META,738.68,2027-03-19,178,Call,"1,100.00",-48.45%,15.9,16.28,16.65,3787,292,12.97,44.47%,45.83%,0.151668,"14:50 ET"
NKTR,60.65,2026-10-16,24,Put,65.00,+3.16%,6.1,7.97,7,2365,184,12.85,84.09%,74.92%,-0.563814,"14:56 ET"
NOK,10.77,2026-10-16,24,Put,9.50,-11.46%,0.14,0.15,0.17,4536,353,12.85,59.38%,57.55%,-0.169802,"14:17 ET"
XYZ,77.5,2026-11-20,59,Put,65.00,-16.07%,1.3,1.32,1.49,11310,885,12.78,41.61%,49.50%,-0.157555,"14:10 ET"
TSLA,379.72,2026-09-23,1,Call,390.00,-2.88%,0.72,0.72,0.74,49070,3856,12.73,41.88%,48.34%,0.148637,"15:02 ET"
SHOP,147.66,2026-09-25,3,Call,155.00,-5.54%,1.03,1.11,1.1,7260,572,12.69,54.55%,65.79%,0.217587,"14:58 ET"
AMZN,255.09,2026-09-23,1,Put,255.00,-0.16%,1.65,1.69,1.7,17888,1414,12.65,32.39%,30.83%,-0.503526,"14:58 ET"
NCLH,14.3,2026-11-20,59,Call,15.00,-5.19%,0.97,1,1,1525,121,12.6,50.91%,54.81%,0.464518,"14:54 ET"
NICE,115.62,2026-11-20,59,Call,100.00,+12.63%,18,19.5,20.1,10043,798,12.59,49.59%,52.80%,0.787707,"14:08 ET"
MRNA,184.35,2026-09-25,3,Put,180.00,-1.40%,4,4.01,4.2,3644,291,12.52,82.98%,88.79%,-0.379924,"14:58 ET"
SRAD,13.9,2026-10-16,24,Call,17.50,-27.64%,0.05,0.1,0.15,2551,204,12.5,66.92%,65.15%,0.097879,"14:51 ET"
GME,24.3,2026-09-25,3,Put,23.50,-3.09%,0.23,0.25,0.26,2260,181,12.49,54.57%,62.83%,-0.27832,"14:54 ET"
TSLA,379.72,2026-09-23,1,Put,367.50,-3.05%,0.41,0.42,0.42,20453,1640,12.47,41.88%,47.70%,-0.092869,"15:02 ET"
WIX,81.4,2026-12-18,87,Put,70.00,-13.82%,5.2,6.3,6.2,1507,121,12.45,70.22%,72.65%,-0.267557,"11:56 ET"
AMD,619.33,2026-09-25,3,Put,620.00,-0.03%,12.65,12.85,12.95,1629,132,12.34,55.09%,54.63%,-0.504828,"14:57 ET"
GOOGL,352.03,2026-09-23,1,Put,342.50,-2.93%,0.26,0.28,0.28,3614,296,12.21,33.14%,39.48%,-0.080914,"14:58 ET"
IBRX,9.31,2027-01-15,115,Call,11.00,-18.03%,1.85,1.9,1.9,11172,927,12.05,103.92%,115.67%,0.536365,"14:56 ET"
DASH,193.02,2026-09-25,3,Call,200.00,-2.95%,1.15,1.25,1.41,1263,105,12.03,46.84%,53.34%,0.238798,"14:39 ET"
SNDK,1889.46,2026-09-25,3,Call,"1,910.00",-1.12%,48.9,48.5,49.5,1599,134,11.93,78.61%,86.51%,0.457765,"14:50 ET"
META,738.68,2026-09-23,1,Call,760.00,-2.57%,2.23,2.23,2.35,24418,2051,11.91,44.47%,58.74%,0.186629,"14:58 ET"
MU,1093.42,2026-09-23,1,Put,"1,020.00",-6.27%,0.45,0.48,0.48,3791,319,11.88,65.22%,67.68%,-0.030622,"14:55 ET"
MU,1093.42,2026-09-23,1,Call,"1,170.00",-7.52%,0.62,0.65,0.65,1718,146,11.77,65.22%,75.78%,0.037295,"14:58 ET"
MU,1093.42,2026-09-23,1,Call,"1,140.00",-4.76%,1.85,1.87,1.91,3377,288,11.73,65.22%,67.93%,0.103325,"14:58 ET"
MU,1093.42,2026-09-23,1,Call,"1,125.00",-3.38%,3.45,3.6,3.55,3954,338,11.7,65.22%,65.31%,0.176834,"14:58 ET"
HIMS,31.1,2026-09-25,3,Call,34.00,-9.11%,0.21,0.21,0.22,27835,2384,11.68,74.02%,89.80%,0.16501,"14:58 ET"
META,738.68,2026-09-23,1,Put,722.50,-2.49%,2.36,2.5,2.47,3996,343,11.65,44.47%,53.58%,-0.204617,"14:57 ET"
LFTO,16.53,2026-10-16,24,Put,30.00,+82.93%,13.6,13.3,13.8,3525,305,11.56,78.31%,129.35%,-0.956561,"11:31 ET"
MRNA,184.35,2026-09-25,3,Call,215.00,-17.77%,0.42,0.43,0.45,1484,129,11.5,82.98%,106.92%,0.058941,"14:58 ET"
META,738.68,2026-09-25,3,Put,755.00,+1.89%,25.05,25.38,26.05,1614,141,11.45,44.47%,61.04%,-0.638457,"14:56 ET"
VZ,46.33,2026-09-25,3,Put,46.50,-0.02%,0.45,0.5,0.52,1690,148,11.42,24.11%,25.52%,-0.535454,"15:00 ET"
CPRI,15.39,2026-10-16,24,Call,15.00,+2.02%,1.2,1.25,1.25,15298,1346,11.37,65.55%,62.56%,0.6077,"14:58 ET"
TSLA,379.72,2026-09-23,1,Call,375.00,+1.08%,6.4,6.43,6.5,45317,3995,11.34,41.88%,45.74%,0.703788,"15:02 ET"
MU,1093.42,2026-09-23,1,Call,"1,095.00",-0.62%,11.1,11.3,11.3,6625,586,11.31,65.22%,60.89%,0.440734,"14:58 ET"
AMD,619.33,2026-09-23,1,Call,620.00,+0.03%,6.1,6.1,6.25,18600,1649,11.28,55.09%,52.32%,0.476845,"14:58 ET"
MSFT,498.48,2026-09-23,1,Put,490.00,-1.49%,0.49,0.51,0.53,7948,706,11.26,27.00%,28.24%,-0.136007,"14:58 ET"
META,738.68,2026-09-23,1,Put,745.00,+0.54%,11.5,11.83,12,7109,637,11.16,44.47%,54.80%,-0.603422,"14:58 ET"
MU,1093.42,2026-09-23,1,Call,"1,070.00",+1.67%,25.25,25,25.55,14362,1288,11.15,65.22%,60.65%,0.718323,"14:58 ET"
EHC,124.59,2026-10-16,24,Call,135.00,-8.37%,0.35,0.38,0.4,1740,156,11.15,25.33%,24.04%,0.104824,"14:54 ET"
TSLA,379.72,2026-09-23,1,Put,382.50,+0.90%,5.15,5.2,5.25,5668,509,11.14,41.88%,45.80%,-0.615072,"15:02 ET"
DOCU,65.94,2026-09-25,3,Call,69.00,-4.64%,0.25,0.28,0.39,1268,114,11.12,45.27%,54.39%,0.184457,"14:57 ET"
DAR,62.51,2027-01-15,115,Call,65.00,-4.07%,5.3,5.48,5.8,3267,297,11,43.62%,44.74%,0.509082,"12:57 ET"
META,738.68,2026-09-23,1,Call,742.50,-0.21%,6.85,7,7.15,5372,490,10.96,44.47%,55.47%,0.443475,"14:58 ET"
CCEP,102.54,2026-11-20,59,Call,110.00,-7.45%,0.95,1.03,1.2,1412,129,10.95,23.29%,22.01%,0.216481,"14:57 ET"
MU,1093.42,2026-09-23,1,Call,"1,200.00",-10.27%,0.24,0.25,0.26,6980,639,10.92,65.22%,84.26%,0.014886,"14:58 ET"
ZETA,30.07,2026-11-20,59,Call,35.00,-15.82%,1.8,1.83,1.88,1887,173,10.91,64.78%,72.59%,0.359613,"15:01 ET"
NKE,36.03,2026-10-16,24,Put,36.00,-0.19%,1.73,1.76,1.79,8766,810,10.82,47.90%,47.74%,-0.475594,"14:35 ET"
CVX,202.84,2026-09-25,3,Call,207.50,-1.95%,0.67,0.77,0.8,3458,320,10.81,27.96%,31.34%,0.223956,"14:48 ET"
MU,1093.42,2026-09-23,1,Put,"1,045.00",-3.97%,1.46,1.47,1.52,4985,466,10.7,65.22%,60.32%,-0.091861,"14:58 ET"
SNDK,1889.46,2026-09-25,3,Put,"1,870.00",-1.00%,47.8,49.4,48.7,1449,136,10.65,78.61%,83.81%,-0.434094,"14:55 ET"
AMD,619.33,2026-09-23,1,Put,610.00,-1.64%,3,2.98,3.1,7589,720,10.54,55.09%,50.83%,-0.291079,"14:58 ET"
TSLA,379.72,2026-09-25,3,Put,377.50,-0.42%,4.8,4.84,4.9,7299,695,10.5,41.88%,43.28%,-0.431178,"15:02 ET"
VKTX,41.19,2026-09-25,3,Put,35.00,-10.71%,0.24,0.28,0.32,2500,240,10.42,81.44%,148.96%,-0.100248,"15:00 ET"
VKTX,41.19,2026-09-25,3,Put,33.00,-15.82%,0.1,0.15,0.19,1166,112,10.41,81.44%,160.09%,-0.054113,"14:54 ET"
INTC,122.79,2026-09-23,1,Call,122.00,+0.73%,2.15,2.21,2.21,26211,2522,10.39,69.17%,68.04%,0.581647,"14:58 ET"
PONY,7.41,2026-09-25,3,Call,7.50,-2.04%,0.13,0.14,0.15,3479,336,10.35,68.18%,72.62%,0.413764,"14:55 ET"
WULF,17.48,2026-12-18,87,Call,23.00,-31.28%,1.27,1.3,1.32,4328,418,10.35,82.14%,93.54%,0.313888,"14:07 ET"
MU,1093.42,2026-09-23,1,Call,"1,130.00",-3.84%,2.84,2.87,2.89,4912,475,10.34,65.22%,66.28%,0.148883,"14:58 ET"
PGY,20.91,2026-11-20,59,Call,24.00,-15.11%,1.35,1.4,1.5,1671,162,10.31,66.42%,74.12%,0.383662,"13:51 ET"
ALAB,363.55,2026-09-25,3,Call,400.00,-10.24%,2.25,2.52,2.73,1860,182,10.22,84.56%,102.40%,0.149314,"14:58 ET"
HVT,28.65,2026-10-16,24,Call,30.00,-4.42%,0.35,0.45,0.5,1852,182,10.18,59.09%,32.18%,0.296817,"14:47 ET"
CBRS,211.5,2026-09-25,3,Call,217.50,-3.18%,3.3,3.2,3.7,2197,216,10.17,74.84%,78.61%,0.356433,"14:48 ET"
JBLU,4.59,2026-10-23,31,Put,4.50,-1.10%,0.26,0.29,0.29,1177,116,10.15,63.13%,58.99%,-0.429596,"14:45 ET"
PYPL,52.92,2026-09-25,3,Put,54.00,+1.91%,1.26,1.31,1.64,2190,218,10.05,36.01%,40.76%,-0.703639,"14:24 ET"
AVGO,364.57,2026-09-23,1,Put,362.50,-0.56%,1.92,1.89,1.97,2311,231,10,37.51%,34.12%,-0.410787,"14:57 ET"
QBTS,17.5,2026-10-09,17,Call,18.00,-3.27%,0.81,0.8,0.86,1851,186,9.95,71.68%,67.66%,0.463837,"14:22 ET"
MU,1093.42,2026-09-23,1,Call,"1,105.00",-1.54%,7.7,7.7,7.75,4469,449,9.95,65.22%,62.14%,0.335409,"14:58 ET"
JPM,340.8,2026-09-25,3,Call,340.00,+0.29%,3.75,3.97,4.05,2148,216,9.94,26.82%,27.71%,0.548563,"14:56 ET"
AVGO,364.57,2026-09-23,1,Call,362.50,+0.56%,3.45,3.55,3.55,7159,721,9.93,37.51%,36.11%,0.585012,"14:58 ET"
META,738.68,2026-09-23,1,Call,745.00,-0.54%,5.95,5.95,5.95,14032,1415,9.92,44.47%,55.29%,0.397867,"14:58 ET"
SNDK,1889.46,2026-09-25,3,Put,"1,830.00",-3.12%,31.2,31.8,31.6,1103,112,9.85,78.61%,82.99%,-0.324757,"14:40 ET"
META,738.68,2026-09-23,1,Put,742.50,+0.21%,10.2,10.4,10.45,4481,455,9.85,44.47%,55.15%,-0.557174,"14:57 ET"
NVDA,229.32,2026-09-23,1,Put,232.50,+1.34%,3.55,3.6,3.65,1187,121,9.81,33.07%,30.65%,-0.804872,"14:58 ET"
DELL,549.51,2026-09-25,3,Call,592.50,-6.89%,2.25,2.27,2.36,1692,174,9.72,61.84%,67.97%,0.137073,"14:58 ET"
VKTX,41.19,2026-09-25,3,Call,45.00,-14.80%,0.76,0.8,0.99,3296,340,9.69,81.44%,146.57%,0.27677,"15:02 ET"
STM,53.49,2026-09-25,3,Call,55.00,-2.96%,0.45,0.45,0.55,1719,178,9.66,53.20%,55.69%,0.299672,"14:39 ET"
MRNA,184.35,2026-09-25,3,Call,197.50,-8.18%,1.71,1.8,1.89,1019,106,9.61,82.98%,93.49%,0.211894,"14:58 ET"
META,738.68,2026-09-23,1,Call,805.00,-8.64%,0.08,0.12,0.14,4004,417,9.6,44.47%,71.34%,0.011689,"14:57 ET"
NNE,17.35,2028-01-21,486,Call,28.00,-61.57%,4.2,4.3,4.6,2218,232,9.56,78.63%,85.69%,0.525536,"14:06 ET"
MO,68.82,2026-10-16,24,Call,71.00,-3.48%,0.69,0.67,0.75,1097,115,9.54,22.66%,22.97%,0.291907,"14:42 ET"
SHOP,147.66,2026-09-25,3,Call,148.00,-0.77%,3,3.2,3.45,1493,157,9.51,54.55%,63.21%,0.496785,"14:55 ET"
BMNR,28.77,2026-10-23,31,Call,29.00,-1.54%,2.33,2.42,2.5,1321,139,9.5,78.28%,76.24%,0.527686,"14:43 ET"
META,738.68,2026-09-23,1,Put,740.00,-0.13%,8.75,8.83,9.05,11345,1199,9.46,44.47%,54.75%,-0.510884,"14:58 ET"
HIMS,31.1,2028-12-15,815,Call,37.00,-18.74%,12.9,13.57,14,1049,111,9.45,74.02%,80.00%,0.704106,"13:57 ET"
B,43.84,2028-12-15,815,Call,20.00,+54.44%,24.65,25.15,25.15,2049,217,9.44,41.29%,41.38%,0.929965,"14:58 ET"
MRNA,184.35,2026-09-25,3,Call,195.00,-6.81%,2.22,2.3,2.33,3865,410,9.43,82.98%,92.59%,0.255704,"14:58 ET"
AVGO,364.57,2026-09-23,1,Call,377.50,-3.56%,0.19,0.22,0.23,4411,468,9.43,37.51%,44.35%,0.058465,"14:50 ET"
GOOGL,352.03,2026-09-23,1,Call,352.50,+0.10%,2.58,2.6,2.64,12327,1313,9.39,33.14%,35.65%,0.502059,"14:58 ET"
WPC,67.14,2027-04-16,206,Call,75.00,-11.69%,0.8,0.85,0.95,975,104,9.38,19.36%,17.25%,0.192914,"14:57 ET"
MU,1093.42,2026-09-23,1,Put,"1,010.00",-7.19%,0.3,0.32,0.33,3076,329,9.35,65.22%,71.41%,-0.020702,"14:58 ET"
AMD,619.33,2026-09-23,1,Call,645.00,-4.01%,0.63,0.64,0.68,2746,297,9.25,55.09%,55.98%,0.080515,"14:53 ET"
NEE,79.46,2026-10-16,24,Call,83.00,-4.44%,0.43,0.48,0.5,1405,154,9.12,20.98%,20.16%,0.206003,"14:45 ET"
AMD,619.33,2026-09-23,1,Put,602.50,-2.85%,1.47,1.53,1.52,1905,209,9.11,55.09%,52.70%,-0.16347,"14:57 ET"
CBRS,211.5,2026-11-20,59,Call,290.00,-37.58%,7,7.6,8,1036,114,9.09,74.84%,82.04%,0.218499,"14:45 ET"
VZ,46.33,2026-09-25,3,Call,47.00,-1.05%,0.19,0.21,0.23,2751,303,9.08,24.11%,26.66%,0.299189,"14:58 ET"
QCOM,196.56,2026-10-02,10,Call,210.00,-7.38%,2.65,2.66,2.75,3398,375,9.06,52.35%,56.29%,0.256486,"15:02 ET"
VZ,46.33,2026-10-09,17,Put,45.00,-3.25%,0.49,0.54,0.56,1050,116,9.05,24.11%,27.17%,-0.295934,"14:58 ET"
AMD,619.33,2026-09-25,3,Put,565.00,-8.89%,0.66,0.74,0.71,1452,162,8.96,55.09%,61.11%,-0.047243,"14:42 ET"
META,738.68,2026-09-23,1,Put,725.00,-2.16%,3,3.01,3.15,7200,804,8.96,44.47%,54.26%,-0.243965,"14:58 ET"
IREN,48.53,2026-10-02,10,Put,48.00,-1.09%,2.18,2.33,2.27,1034,116,8.91,83.26%,78.97%,-0.436319,"14:22 ET"
GOOGL,352.03,2026-10-16,24,Put,347.50,-1.51%,8.2,8.3,8.75,970,109,8.9,33.14%,30.93%,-0.405081,"14:56 ET"
GOOGL,352.03,2026-09-23,1,Call,355.00,-0.61%,1.54,1.56,1.6,18081,2032,8.9,33.14%,35.80%,0.354932,"14:58 ET"
NU,14.1,2026-10-16,24,Put,13.50,-4.05%,0.34,0.36,0.36,2047,232,8.82,45.22%,43.19%,-0.323954,"14:39 ET"
GOOGL,352.03,2026-09-23,1,Put,347.50,-1.51%,0.94,0.98,0.98,4993,566,8.82,33.14%,37.80%,-0.233444,"14:57 ET"
GRAB,3.15,2026-11-20,59,Call,4.00,-26.18%,0.12,0.12,0.13,19121,2175,8.79,62.20%,73.20%,0.257924,"14:51 ET"
SNDK,1889.46,2026-09-25,3,Call,"1,845.00",+2.32%,81.3,79,82.3,884,101,8.75,78.61%,85.29%,0.632754,"14:40 ET"
SHOP,147.66,2026-09-25,3,Call,147.00,-0.09%,3.6,4.02,3.95,965,111,8.69,54.55%,64.20%,0.543583,"14:39 ET"
NVDA,229.32,2026-09-23,1,Put,225.00,-1.93%,0.26,0.26,0.27,42808,4978,8.6,33.07%,32.75%,-0.132924,"14:57 ET"
IOVA,10.69,2026-09-25,3,Call,0.50,+95.32%,10,10.17,10.5,2578,300,8.59,92.56%,0.00%,0,"14:22 ET"
PCOR,50.83,2026-10-16,24,Put,50.00,-1.09%,2,2.4,2.6,1021,120,8.51,53.46%,53.10%,-0.420715,"14:17 ET"
IBM,232.37,2026-12-18,87,Call,255.00,-10.05%,9.3,9.25,9.75,1677,197,8.51,36.70%,39.62%,0.348973,"14:08 ET"
PANW,374.38,2026-12-18,87,Call,440.00,-16.63%,19.05,19.39,21.55,2635,310,8.5,52.41%,56.59%,0.340062,"13:59 ET"
NVDA,229.32,2026-09-23,1,Call,227.50,+0.84%,2.52,2.53,2.57,59936,7076,8.47,33.07%,30.90%,0.689853,"14:58 ET"
DELL,549.51,2026-11-20,59,Call,570.00,-2.83%,49.4,51.25,50.7,1329,157,8.46,61.84%,63.61%,0.51075,"14:43 ET"
INTC,122.79,2027-04-16,206,Call,105.00,+14.56%,34,33.31,34.4,3469,412,8.42,69.17%,68.83%,0.724321,"13:47 ET"
ABVX,98.36,2027-02-19,150,Call,150.00,-51.30%,2.25,3.9,4.8,1058,126,8.4,63.69%,60.80%,0.196901,"14:53 ET"
MU,1093.42,2026-09-23,1,Call,"1,135.00",-4.30%,2.32,2.34,2.38,3989,476,8.38,65.22%,67.33%,0.125125,"14:58 ET"
AMD,619.33,2026-09-25,3,Call,617.50,+0.43%,13.15,13.3,13.45,2035,244,8.34,55.09%,56.31%,0.527935,"14:58 ET"
MU,1093.42,2026-09-28,6,Call,"1,080.00",+0.75%,34,34.25,34.2,1238,149,8.31,65.22%,52.20%,0.566826,"14:58 ET"
ARQT,27.97,2026-10-16,24,Call,27.50,+0.97%,1.6,1.45,4.9,3705,449,8.25,77.27%,104.56%,0.583494,"13:25 ET"
RKT,12.68,2026-10-16,24,Call,12.50,+1.19%,0.79,0.79,0.83,2510,307,8.18,57.86%,56.92%,0.56258,"14:48 ET"
AMD,619.33,2026-09-25,3,Put,615.00,-0.83%,10.2,10.4,10.5,3432,423,8.11,55.09%,54.67%,-0.439785,"14:55 ET"
FRO,48.3,2026-10-16,24,Put,50.00,+3.22%,2.85,3.65,4.1,6941,861,8.06,50.35%,46.80%,-0.60601,"13:44 ET"
VKTX,41.19,2026-09-25,3,Call,41.00,-4.59%,1.95,2.1,2.4,1769,220,8.04,81.44%,138.61%,0.542592,"15:01 ET"
ABVX,98.36,2026-09-25,3,Call,100.00,-0.87%,1.8,2.23,2.45,818,102,8.02,63.69%,82.25%,0.417157,"14:30 ET"
AMZN,255.09,2026-09-23,1,Call,255.00,+0.16%,1.66,1.66,1.69,25630,3194,8.02,32.39%,32.07%,0.497321,"14:58 ET"
SCHW,101.07,2026-09-25,3,Put,100.00,-1.13%,0.68,0.66,0.8,1912,239,8,30.64%,34.17%,-0.346446,"14:52 ET"
ARM,331.41,2027-06-17,268,Put,170.00,-48.94%,8.55,8.8,9.5,1502,189,7.95,75.78%,71.64%,-0.0757,"12:38 ET"
TSLA,379.72,2026-09-23,1,Put,390.00,+2.88%,10.95,10.9,11.1,1263,159,7.94,41.88%,48.71%,-0.850197,"15:02 ET"
NUAI,6.8,2026-10-16,24,Put,6.00,-14.41%,0.25,0.32,0.35,2517,317,7.94,124.10%,101.84%,-0.244113,"13:51 ET"
INTC,122.79,2026-09-23,1,Call,121.00,+1.55%,2.77,2.83,2.84,9938,1252,7.94,69.17%,68.59%,0.667867,"14:58 ET"
TER,396.58,2026-11-20,59,Put,390.00,-1.70%,42,42.42,43.3,849,107,7.93,68.35%,74.24%,-0.41487,"14:55 ET"
ARM,331.41,2026-09-25,3,Call,375.00,-12.63%,1.17,1.21,1.22,3125,394,7.93,75.78%,98.99%,0.089928,"14:58 ET"
CVX,202.84,2026-10-02,10,Call,207.50,-1.95%,1.94,1.98,2.23,832,105,7.92,27.96%,29.03%,0.332472,"14:49 ET"
AMZN,255.09,2026-09-23,1,Call,247.50,+3.10%,7.5,7.75,8.15,2865,363,7.89,32.39%,48.76%,0.879522,"14:45 ET"
MRNA,184.35,2027-03-19,178,Put,95.00,-47.96%,4.65,4.5,6.65,4000,508,7.87,82.98%,89.64%,-0.081625,"11:41 ET"
CTMX,2.87,2026-11-20,59,Put,4.00,+42.35%,1.15,1.35,1.75,4200,534,7.87,85.57%,141.33%,-0.62008,"14:29 ET"
DOW,28.17,2027-09-17,360,Call,40.00,-41.24%,1.33,1.5,1.63,1381,176,7.85,39.75%,42.39%,0.251508,"11:05 ET"
ASPI,3.15,2026-09-25,3,Call,1.00,+68.05%,2.1,2.17,2.25,2026,259,7.82,92.78%,768.76%,0.976995,"14:43 ET"
INOD,70.97,2026-10-16,24,Call,70.00,+0.68%,6.2,7.27,7.2,2715,347,7.82,87.87%,79.79%,0.589324,"14:50 ET"
META,738.68,2026-09-23,1,Call,765.00,-3.24%,1.56,1.61,1.65,9922,1281,7.75,44.47%,59.65%,0.138665,"14:58 ET"
INTC,122.79,2026-09-23,1,Put,121.00,-1.55%,0.92,0.95,0.97,12391,1598,7.75,69.17%,66.89%,-0.328562,"14:57 ET"
AVGO,364.57,2026-09-23,1,Put,357.50,-1.93%,0.55,0.56,0.59,1916,248,7.73,37.51%,34.72%,-0.161941,"14:57 ET"
MSFT,498.48,2026-09-23,1,Call,507.50,-2.03%,0.37,0.38,0.4,8952,1161,7.71,27.00%,28.96%,0.106906,"14:58 ET"
AVGO,364.57,2026-09-23,1,Call,365.00,-0.13%,2.23,2.26,2.27,11951,1553,7.7,37.51%,36.29%,0.441115,"14:57 ET"
META,738.68,2026-09-23,1,Put,730.00,-1.48%,4.4,4.59,4.7,9040,1176,7.69,44.47%,54.31%,-0.325943,"14:58 ET"
MU,1093.42,2026-10-02,10,Put,"1,070.00",-1.67%,45.15,47.26,47.55,2546,331,7.69,65.22%,78.39%,-0.417682,"14:14 ET"
INTC,122.79,2026-09-23,1,Call,124.00,-0.90%,1.25,1.24,1.27,10582,1377,7.68,69.17%,69.40%,0.403253,"14:58 ET"
MU,1093.42,2026-09-23,1,Call,"1,060.00",+2.59%,33,32.41,33.3,7449,974,7.65,65.22%,61.91%,0.804145,"14:57 ET"
SHOP,147.66,2026-09-25,3,Put,140.00,-4.68%,0.66,0.71,0.76,2657,348,7.64,54.55%,61.13%,-0.160595,"15:02 ET"
GOOGL,352.03,2026-09-23,1,Put,345.00,-2.22%,0.5,0.53,0.53,7408,975,7.6,33.14%,38.42%,-0.141088,"14:58 ET"
AVGO,364.57,2026-09-23,1,Put,365.00,+0.13%,3.1,3.05,3.3,965,127,7.6,37.51%,34.38%,-0.562887,"14:56 ET"
TSLA,379.72,2026-10-16,24,Call,387.50,-2.22%,12.85,12.98,13,1350,178,7.58,41.88%,41.19%,0.453271,"15:02 ET"
PLTR,184.35,2026-09-25,3,Put,182.50,-1.01%,2.48,2.52,2.51,8460,1116,7.58,50.22%,49.94%,-0.406202,"15:01 ET"
TSLA,379.72,2026-09-23,1,Call,372.50,+1.74%,8.25,8.48,8.4,9684,1281,7.56,41.88%,46.11%,0.790596,"15:02 ET"
AMZN,255.09,2026-09-23,1,Put,260.00,+1.79%,5.05,5.1,5.6,1258,167,7.53,32.39%,32.02%,-0.879438,"14:55 ET"
AVGO,364.57,2026-09-23,1,Call,367.50,-0.81%,1.37,1.39,1.39,6355,845,7.52,37.51%,36.92%,0.309051,"14:58 ET"
UBER,69.69,2026-10-16,24,Call,73.00,-4.49%,1.16,1.22,1.25,1757,235,7.48,35.33%,34.16%,0.318816,"14:47 ET"
MU,1093.42,2026-09-23,1,Call,"1,055.00",+3.05%,37.25,36.61,37.55,2823,378,7.47,65.22%,63.17%,0.837202,"14:55 ET"
CIFR,19.3,2027-12-17,451,Call,37.00,-91.21%,4.5,4.6,4.8,1529,205,7.46,98.72%,96.29%,0.489689,"14:49 ET"
AAPL,340.29,2026-09-23,1,Put,335.00,-1.77%,0.35,0.35,0.36,25118,3403,7.38,23.81%,27.39%,-0.141602,"14:58 ET"
BAC,56.44,2026-10-02,10,Call,57.00,-0.62%,0.71,0.77,0.77,1072,146,7.34,27.62%,25.48%,0.431154,"14:45 ET"
TSLA,379.72,2026-09-23,1,Put,365.00,-3.71%,0.25,0.25,0.26,17571,2393,7.34,41.88%,49.04%,-0.06012,"15:01 ET"
GOOGL,352.03,2026-09-28,6,Call,370.00,-4.86%,0.77,0.8,0.82,3850,525,7.33,33.14%,31.06%,0.117569,"14:58 ET"
BILI,15.28,2027-01-15,115,Call,15.00,+1.45%,1.76,1.86,1.94,3218,444,7.25,48.55%,48.35%,0.59581,"14:43 ET"
ORCL,150.04,2026-10-09,17,Call,155.00,-3.20%,4.55,4.68,4.75,4608,639,7.21,50.86%,51.07%,0.413267,"14:56 ET"
AMD,619.33,2026-09-28,6,Call,615.00,+0.83%,16.7,16.6,17.05,1315,183,7.19,55.09%,46.74%,0.555908,"14:53 ET"
MSFT,498.48,2026-09-23,1,Put,492.50,-0.99%,0.85,0.93,0.95,8345,1162,7.18,27.00%,27.40%,-0.218613,"14:58 ET"
AMD,619.33,2026-09-23,1,Put,590.00,-4.86%,0.46,0.47,0.5,3746,522,7.18,55.09%,58.57%,-0.058333,"14:57 ET"
INTC,122.79,2026-09-23,1,Call,123.00,-0.08%,1.67,1.68,1.7,22718,3172,7.16,69.17%,69.10%,0.491129,"14:58 ET"
MSFT,498.48,2026-09-23,1,Put,502.50,+1.02%,5.45,5.61,5.75,1645,231,7.12,27.00%,26.41%,-0.74241,"14:58 ET"
TSLA,379.72,2026-09-30,8,Put,375.00,-1.08%,6.25,6.3,6.35,2072,291,7.12,41.88%,38.38%,-0.397889,"15:02 ET"
CRML,8.7,2026-10-16,24,Call,9.00,-3.93%,0.75,0.79,0.8,2806,394,7.12,106.55%,100.37%,0.503365,"14:56 ET"
C,132.76,2026-09-25,3,Call,131.00,+1.44%,2.78,3,3.05,718,101,7.11,33.26%,37.14%,0.675603,"14:50 ET"
MU,1093.42,2026-09-23,1,Call,"1,110.00",-2.00%,6.3,6.3,6.4,6919,973,7.11,65.22%,62.76%,0.288444,"14:58 ET"
MU,1093.42,2026-09-23,1,Call,"1,150.00",-5.68%,1.27,1.29,1.31,12899,1816,7.1,65.22%,70.45%,0.073073,"14:58 ET"
MRNA,184.35,2026-09-25,3,Call,182.50,+0.03%,6.45,6.6,6.7,4684,660,7.1,82.98%,88.37%,0.553739,"14:58 ET"
IREN,48.53,2026-10-02,10,Put,47.00,-3.15%,1.75,1.76,1.82,2767,390,7.09,83.26%,79.49%,-0.374367,"14:55 ET"
AMD,619.33,2026-10-02,10,Put,592.50,-4.46%,10,10.4,10.2,931,132,7.05,55.09%,52.05%,-0.289193,"14:43 ET"
CNC,63.69,2026-09-25,3,Put,61.00,-4.49%,0.2,0.32,0.3,1276,181,7.05,44.49%,49.67%,-0.161821,"12:51 ET"
PANW,374.38,2026-09-25,3,Call,370.00,+1.92%,9.75,10.58,10.5,2167,308,7.04,52.41%,55.94%,0.608507,"14:51 ET"
CRH,87.87,2026-10-16,24,Call,95.00,-7.92%,0.7,0.9,0.95,1776,253,7.02,36.33%,34.36%,0.199314,"14:07 ET"
AMD,619.33,2026-10-23,31,Call,700.00,-12.87%,13.4,13.55,13.8,2325,331,7.02,55.09%,54.69%,0.249811,"14:46 ET"
PYPL,52.92,2026-09-25,3,Call,57.00,-7.57%,0.08,0.13,0.12,3946,563,7.01,36.01%,57.69%,0.081165,"14:53 ET"
UBER,69.69,2026-10-16,24,Call,78.00,-11.65%,0.33,0.38,0.4,1043,149,7,35.33%,35.69%,0.120811,"14:25 ET"
VERA,36.39,2026-10-16,24,Put,35.00,-3.82%,1.4,1.5,2,900,129,6.98,58.51%,65.05%,-0.369646,"12:12 ET"
SNDK,1889.46,2026-09-25,3,Call,"1,960.00",-3.77%,32,32.2,32.6,1200,172,6.98,78.61%,88.57%,0.335928,"14:41 ET"
WMT,109.79,2026-10-09,17,Call,116.00,-5.93%,0.38,0.39,0.45,1316,189,6.96,24.69%,23.19%,0.149149,"14:33 ET"
MRNA,184.35,2026-10-02,10,Call,190.00,-4.08%,6.75,7.5,7.5,1579,227,6.96,82.98%,79.69%,0.429988,"14:56 ET"
MRNA,184.35,2026-11-20,59,Call,220.00,-20.51%,15.7,15.9,16.7,2261,325,6.96,82.98%,95.33%,0.396936,"14:19 ET"
ON,73.39,2026-10-02,10,Call,75.00,-2.99%,1.88,1.88,2.13,4643,667,6.96,56.62%,57.64%,0.417614,"14:48 ET"
MU,1093.42,2026-09-25,3,Call,"1,120.00",-2.92%,12.95,13.1,13.15,5112,735,6.96,65.22%,63.74%,0.326538,"14:58 ET"
HOOD,124.35,2026-10-23,31,Call,150.00,-20.59%,2.09,2.12,2.17,2327,335,6.95,63.40%,64.15%,0.183209,"14:52 ET"
GOOG,347.73,2026-11-20,59,Call,415.00,-19.11%,3.45,3.65,3.6,729,105,6.94,32.87%,36.97%,0.142025,"14:42 ET"
AMZN,255.09,2026-09-23,1,Call,260.00,-1.79%,0.33,0.33,0.34,40432,5822,6.94,32.39%,34.81%,0.142157,"14:58 ET"
ABUS,5.03,2026-10-16,24,Put,10.00,+98.81%,4.9,5.05,5.4,20800,3000,6.93,56.96%,216.77%,-0.831535,"13:38 ET"
AAPL,340.29,2026-09-30,8,Call,355.00,-4.10%,0.55,0.58,0.71,846,122,6.93,23.81%,23.14%,0.112937,"14:56 ET"
META,738.68,2026-09-23,1,Put,735.00,-0.81%,6.3,6.56,6.65,4329,625,6.93,44.47%,54.43%,-0.416636,"14:57 ET"
PYPL,52.92,2026-10-02,10,Call,55.00,-3.79%,0.45,0.52,0.56,2679,387,6.92,36.01%,35.96%,0.270048,"14:47 ET"
ABUS,5.03,2026-10-16,24,Call,10.00,-98.81%,0,0.1,0.3,20750,3000,6.92,56.96%,199.77%,0.14035,"13:33 ET"
CVNA,66.29,2026-10-16,24,Put,66.00,-1.06%,3.5,3.3,3.65,1510,219,6.89,59.51%,56.11%,-0.453674,"13:54 ET"
FSLY,25.74,2026-09-25,3,Call,29.00,-11.32%,0.15,0.2,0.3,4100,595,6.89,91.57%,124.77%,0.155683,"14:51 ET"
AMD,619.33,2026-09-23,1,Put,625.00,+0.78%,9.95,10.29,10.35,783,114,6.87,55.09%,50.63%,-0.642482,"14:57 ET"
DELL,549.51,2026-09-25,3,Call,617.50,-11.40%,0.57,0.58,0.62,845,123,6.87,61.84%,69.66%,0.042746,"14:57 ET"
HOOD,124.35,2026-10-23,31,Call,145.00,-16.57%,2.78,2.85,2.93,2362,344,6.87,63.40%,63.54%,0.232524,"14:54 ET"
META,738.68,2026-09-23,1,Put,715.00,-3.51%,1.18,1.23,1.29,8561,1252,6.84,44.47%,54.26%,-0.118448,"14:58 ET"
WFC,83.52,2026-09-25,3,Put,85.00,+1.53%,1.63,1.73,1.95,5726,838,6.83,31.75%,27.34%,-0.760479,"14:59 ET"
MSFT,498.48,2026-09-23,1,Put,495.00,-0.49%,1.5,1.5,1.6,11044,1619,6.82,27.00%,26.87%,-0.333,"14:58 ET"
LLY,1170.31,2026-09-25,3,Call,"1,235.00",-5.36%,0.8,1.22,1.3,1542,226,6.82,33.74%,37.86%,0.061257,"14:31 ET"
META,738.68,2026-09-25,3,Put,750.00,+1.22%,22,22.67,22.7,4440,652,6.81,44.47%,60.97%,-0.592673,"14:58 ET"
MRNA,184.35,2026-09-25,3,Put,170.00,-6.88%,1.26,1.33,1.35,4292,633,6.78,82.98%,90.40%,-0.158801,"14:57 ET"
AAPL,340.29,2026-09-30,8,Put,320.00,-6.16%,0.3,0.31,0.42,2836,420,6.75,23.81%,27.17%,-0.060138,"14:42 ET"
NBIS,236.2,2027-09-17,360,Put,200.00,-15.30%,51.8,53.15,54,1023,152,6.73,83.82%,87.80%,-0.255961,"14:32 ET"
PANW,374.38,2026-12-18,87,Call,380.00,-0.73%,39.5,39.35,40.85,2545,378,6.73,52.41%,56.48%,0.547015,"13:59 ET"
AMD,619.33,2026-09-23,1,Call,625.00,-0.78%,4.05,4.15,4.25,9332,1388,6.72,55.09%,52.46%,0.363024,"14:57 ET"
INTU,290.27,2026-10-09,17,Put,265.00,-8.65%,2.35,2.83,3.1,825,123,6.71,47.80%,46.31%,-0.168336,"14:22 ET"
TSLA,379.72,2027-12-17,451,Call,780.00,-105.76%,15.55,15.5,16.25,1500,224,6.7,41.88%,49.95%,0.17648,"13:38 ET"
NVDA,229.32,2026-09-23,1,Call,235.00,-2.43%,0.15,0.15,0.16,100261,14986,6.69,33.07%,33.82%,0.084041,"14:58 ET"
AAL,13.61,2026-09-25,3,Put,13.50,-0.22%,0.19,0.22,0.22,8322,1246,6.68,48.56%,52.26%,-0.422806,"14:53 ET"
NVDA,229.32,2026-09-25,3,Put,227.50,-0.84%,1.76,1.78,1.78,15489,2318,6.68,33.07%,31.29%,-0.383293,"14:58 ET"
SNDK,1889.46,2026-09-25,3,Put,"1,800.00",-4.70%,21.8,22.4,22.2,2830,425,6.66,78.61%,82.95%,-0.250008,"14:56 ET"
UTI,20.56,2027-12-17,451,Put,20.00,-2.72%,4.7,4.8,4.9,752,113,6.65,60.02%,62.75%,-0.334093,"14:41 ET"
IONQ,40.65,2026-10-09,17,Call,42.00,-3.96%,1.79,1.85,1.95,948,143,6.63,71.78%,69.44%,0.446252,"14:52 ET"
INTC,122.79,2027-06-17,268,Put,125.00,+1.71%,26.8,26.95,27.1,5487,828,6.63,69.17%,65.92%,-0.389025,"14:56 ET"
SOUN,6.14,2026-10-16,24,Put,10.00,+63.13%,3.8,3.88,3.95,20002,3017,6.63,64.41%,94.09%,-0.9789,"14:18 ET"
DELL,549.51,2026-09-25,3,Call,562.50,-1.48%,8.85,9.8,9.5,774,117,6.62,61.84%,66.74%,0.398972,"14:43 ET"
RGTI,16.46,2026-10-09,17,Call,17.00,-3.60%,0.77,0.76,0.81,3747,566,6.62,72.77%,70.04%,0.455903,"14:54 ET"
MSTR,169.24,2026-10-02,10,Put,167.50,-0.72%,7.05,7.2,7.15,1437,218,6.59,72.48%,71.59%,-0.441658,"14:54 ET"
ORCL,150.04,2026-10-30,38,Call,180.00,-19.84%,2.39,2.4,2.55,2133,324,6.58,50.86%,55.56%,0.182522,"14:26 ET"
SPCX,153.23,2026-10-02,10,Call,187.50,-21.63%,0.17,0.18,0.19,1058,161,6.57,50.82%,62.63%,0.030243,"14:58 ET"
SKHY,194.85,2026-10-02,10,Call,190.00,+2.56%,10.6,10.9,11,6370,970,6.57,63.38%,64.12%,0.614763,"15:00 ET"
AMD,619.33,2026-09-23,1,Call,635.00,-2.39%,1.69,1.71,1.75,9209,1401,6.57,55.09%,53.89%,0.1832,"14:57 ET"
META,738.68,2026-09-23,1,Put,732.50,-1.14%,5.25,5.56,5.6,2379,364,6.54,44.47%,54.16%,-0.37008,"14:58 ET"
CSCO,105.76,2026-09-25,3,Put,101.00,-4.41%,0.11,0.13,0.15,758,116,6.53,33.53%,38.37%,-0.077156,"14:51 ET"
GME,24.3,2026-10-02,10,Call,25.50,-5.15%,0.59,0.61,0.65,698,107,6.52,54.57%,69.33%,0.351344,"14:44 ET"
DKNG,22.05,2026-10-02,10,Call,23.00,-4.78%,0.41,0.45,0.46,1260,195,6.46,59.36%,57.84%,0.331043,"14:27 ET"
WMT,109.79,2026-10-16,24,Call,111.00,-1.36%,2.14,2.16,2.26,838,130,6.45,24.69%,23.52%,0.454244,"14:57 ET"
ACMR,74.45,2026-11-20,59,Put,60.00,-19.67%,3.3,3.4,3.6,858,133,6.45,75.98%,83.88%,-0.206023,"14:39 ET"
BE,276.36,2027-06-17,268,Put,80.00,-71.20%,1.97,2,2.02,1716,266,6.45,80.17%,87.86%,-0.019723,"14:48 ET"
INTC,122.79,2026-10-23,31,Call,145.00,-17.98%,4.1,4.24,4.3,2418,375,6.45,69.17%,78.18%,0.273216,"14:48 ET"
BKNG,161.44,2026-11-20,59,Call,170.00,-5.37%,7.4,7.7,7.9,683,106,6.44,39.51%,42.55%,0.419345,"14:43 ET"
AAPL,340.29,2026-09-28,6,Call,352.50,-3.37%,0.41,0.46,0.5,870,135,6.44,23.81%,21.47%,0.103115,"14:50 ET"
INTC,122.79,2026-09-23,1,Call,125.00,-1.71%,0.9,0.93,0.93,16910,2634,6.42,69.17%,69.52%,0.32089,"14:58 ET"
MU,1093.42,2026-09-23,1,Call,"1,180.00",-8.44%,0.45,0.42,0.47,2623,410,6.4,65.22%,78.63%,0.027213,"14:58 ET"
RBLX,50.41,2026-09-25,3,Put,47.00,-6.30%,0.14,0.19,0.19,671,105,6.39,63.36%,65.60%,-0.110841,"14:51 ET"
MRNA,184.35,2026-09-25,3,Call,190.00,-4.08%,3.4,3.55,3.6,20518,3243,6.33,82.98%,89.83%,0.359285,"14:58 ET"
GILD,152.73,2026-09-25,3,Call,152.50,+0.26%,1.71,1.85,2,960,152,6.32,28.67%,30.63%,0.535412,"14:44 ET"
SE,103.69,2026-11-20,59,Call,140.00,-34.85%,1.12,1.31,1.44,966,153,6.31,48.57%,56.97%,0.120362,"14:42 ET"
MRNA,184.35,2026-10-02,10,Put,160.00,-12.36%,1.54,1.65,1.83,939,149,6.3,82.98%,79.82%,-0.130469,"14:54 ET"
INTC,122.79,2028-01-21,486,Call,130.00,-5.78%,37.5,37.3,37.9,23603,3752,6.29,69.17%,69.48%,0.648429,"14:43 ET"
TSLA,379.72,2026-09-23,1,Call,392.50,-3.54%,0.47,0.47,0.48,8418,1341,6.28,41.88%,49.41%,0.102686,"15:02 ET"
SNDK,1889.46,2026-09-25,3,Call,"1,920.00",-1.65%,45,45.3,45.6,1110,177,6.27,78.61%,86.87%,0.431861,"14:58 ET"
META,738.68,2026-10-02,10,Call,820.00,-10.66%,3.5,3.65,3.8,1188,190,6.25,44.47%,51.48%,0.121713,"14:55 ET"
AMD,619.33,2026-09-28,6,Put,570.00,-8.09%,1.56,1.64,1.64,1375,220,6.25,55.09%,48.63%,-0.08764,"14:54 ET"
MU,1093.42,2026-09-25,3,Call,"1,160.00",-6.60%,5.1,5.25,5.25,3780,607,6.23,65.22%,66.30%,0.155373,"14:58 ET"
FSLY,25.74,2026-09-25,3,Put,26.00,-0.19%,1.05,1.11,1.25,722,116,6.22,91.57%,106.08%,-0.529578,"14:32 ET"
FSLY,25.74,2026-09-25,3,Call,27.50,-5.57%,0.45,0.45,0.5,1822,295,6.18,91.57%,120.73%,0.286146,"14:58 ET"
GOOGL,352.03,2026-09-23,1,Put,352.50,-0.10%,2.7,2.71,2.75,9396,1521,6.18,33.14%,36.82%,-0.498116,"14:58 ET"
DUK,116.41,2026-11-20,59,Call,125.00,-7.34%,0.65,0.65,0.7,1098,178,6.17,17.14%,17.37%,0.16206,"14:33 ET"
SNDK,1889.46,2026-09-25,3,Call,"2,150.00",-13.83%,6.4,6.49,6.7,1727,280,6.17,78.61%,101.15%,0.085468,"14:57 ET"
COIN,202.24,2027-06-17,268,Put,170.00,-15.42%,26.7,28.6,27.75,5001,810,6.17,66.18%,69.48%,-0.266539,"12:41 ET"
CLS,355.45,2026-10-16,24,Call,440.00,-23.81%,2.75,2.55,3.6,696,113,6.16,65.44%,64.84%,0.117515,"12:21 ET"
TSLA,379.72,2026-10-02,10,Call,385.00,-1.56%,8.85,9.05,9,8779,1427,6.15,41.88%,44.46%,0.444949,"15:01 ET"
FSLY,25.74,2026-09-25,3,Call,28.00,-7.49%,0.25,0.3,0.5,1740,284,6.13,91.57%,122.46%,0.236556,"14:53 ET"
META,738.68,2026-09-23,1,Call,800.00,-7.97%,0.13,0.15,0.16,35348,5773,6.12,44.47%,69.38%,0.015358,"14:58 ET"
FIG,21.35,2026-10-30,38,Call,22.50,-5.49%,1.29,1.46,1.7,629,103,6.11,70.17%,70.60%,0.459962,"14:12 ET"
UNM,93.54,2026-10-16,24,Put,90.00,-3.92%,0.9,1.25,1.35,705,117,6.03,29.42%,27.34%,-0.270214,"12:32 ET"
MU,1093.42,2026-09-28,6,Put,"1,040.00",-4.43%,9.5,9.75,9.65,1828,305,5.99,65.22%,50.71%,-0.226371,"14:55 ET"
GME,24.3,2026-09-25,3,Put,24.00,-1.03%,0.45,0.46,0.46,933,156,5.98,54.57%,66.00%,-0.416581,"14:58 ET"
AMD,619.33,2026-09-23,1,Put,597.50,-3.65%,0.9,0.94,0.96,1041,174,5.98,55.09%,54.65%,-0.107917,"14:55 ET"
SNDK,1889.46,2026-10-02,10,Call,"2,500.00",-32.35%,5.7,6,6.2,794,133,5.97,78.61%,97.71%,0.049514,"14:57 ET"
DNA,9.65,2026-12-18,87,Call,10.00,-6.72%,1.25,1.35,1.8,1713,287,5.97,105.77%,91.63%,0.552161,"13:38 ET"
CRWV,87.17,2026-10-02,10,Call,97.00,-11.01%,1.42,1.42,1.46,2034,342,5.95,76.28%,79.96%,0.229176,"14:58 ET"
HIMS,31.1,2026-09-25,3,Call,32.50,-4.30%,0.5,0.54,0.53,2046,344,5.95,74.02%,86.83%,0.331104,"14:56 ET"
WFC,83.52,2026-09-25,3,Call,85.00,-1.53%,0.35,0.41,0.41,1085,183,5.93,31.75%,31.08%,0.268326,"14:23 ET"
AMD,619.33,2026-09-23,1,Call,630.00,-1.59%,2.65,2.64,2.74,7597,1281,5.93,55.09%,52.94%,0.262852,"14:57 ET"
TSLA,379.72,2026-09-25,3,Put,382.50,+0.90%,7.4,7.35,7.55,1327,224,5.92,41.88%,43.71%,-0.563766,"15:01 ET"
SNDK,1889.46,2026-09-25,3,Call,"1,860.00",+1.53%,72.7,73,73.7,845,143,5.91,78.61%,85.50%,0.592519,"14:51 ET"
ET,20.53,2026-10-16,24,Call,21.50,-3.97%,0.1,0.11,0.12,1094,185,5.91,19.50%,20.19%,0.191979,"14:53 ET"
FSLY,25.74,2026-10-02,10,Call,29.50,-13.24%,0.45,0.59,0.65,743,126,5.9,91.57%,102.43%,0.234191,"14:30 ET"
AMZN,255.09,2026-09-23,1,Put,257.50,+0.81%,3.15,3.12,3.35,5014,850,5.9,32.39%,31.01%,-0.729461,"14:57 ET"
TMC,4.39,2027-01-15,115,Call,6.00,-37.61%,0.38,0.38,0.46,831,141,5.89,81.26%,88.60%,0.362044,"14:39 ET"
MU,1093.42,2026-09-28,6,Call,"1,200.00",-10.27%,3.7,3.78,3.85,6092,1034,5.89,65.22%,57.48%,0.101957,"14:58 ET"
CSCO,105.76,2026-09-25,3,Put,104.00,-1.57%,0.48,0.52,0.55,1936,331,5.85,33.53%,34.07%,-0.257093,"14:57 ET"
ONON,29.73,2026-09-25,3,Call,31.00,-4.03%,0.16,0.18,0.23,7634,1306,5.85,45.35%,60.03%,0.216996,"14:49 ET"
AXP,306.31,2026-09-25,3,Put,295.00,-3.63%,0.31,0.47,0.49,776,133,5.83,26.25%,31.56%,-0.096093,"14:29 ET"
GOOG,347.73,2026-09-25,3,Put,355.00,+1.89%,8.8,8.15,8.95,1501,258,5.82,32.87%,36.91%,-0.714279,"13:59 ET"
GOOGL,352.03,2026-09-28,6,Call,365.00,-3.45%,1.38,1.45,1.5,1848,320,5.78,33.14%,30.36%,0.193271,"14:56 ET"
MSFT,498.48,2026-09-23,1,Call,510.00,-2.53%,0.21,0.22,0.23,40314,6998,5.76,27.00%,29.95%,0.064921,"14:58 ET"
TEM,77.4,2026-09-25,3,Put,73.00,-6.21%,0.66,0.72,0.77,1342,234,5.74,75.31%,83.54%,-0.208243,"14:56 ET"
TSLA,379.72,2026-10-02,10,Put,375.00,-1.08%,8.4,8.4,8.55,5804,1017,5.71,41.88%,43.37%,-0.412783,"15:01 ET"
MU,1093.42,2026-09-25,3,Call,"1,080.00",+0.75%,29.25,29.25,29.45,8240,1447,5.69,65.22%,62.03%,0.572752,"14:58 ET"
COIN,202.24,2026-10-02,10,Call,265.00,-31.84%,0.2,0.3,0.33,799,141,5.67,66.18%,81.82%,0.026612,"14:57 ET"
JPM,340.8,2026-09-25,3,Call,350.00,-2.65%,0.6,0.62,0.65,3654,649,5.63,26.82%,27.17%,0.146165,"14:55 ET"
TSLA,379.72,2026-09-23,1,Put,362.50,-4.37%,0.16,0.17,0.17,7570,1346,5.62,41.88%,51.02%,-0.039912,"15:02 ET"
META,738.68,2026-10-02,10,Put,740.00,-0.13%,23.05,23.65,23.55,1548,276,5.61,44.47%,47.40%,-0.487102,"14:58 ET"
MU,1093.42,2026-10-02,10,Call,"1,060.00",+2.59%,71.5,71.55,73.7,4026,719,5.6,65.22%,79.34%,0.610151,"14:55 ET"
SNDK,1889.46,2026-09-25,3,Call,"1,900.00",-0.59%,53,53,53.8,9803,1755,5.59,78.61%,86.22%,0.484237,"14:58 ET"
PLNT,41.97,2026-10-16,24,Call,50.00,-17.67%,0.15,0.1,0.3,1440,258,5.58,51.54%,49.46%,0.09504,"12:14 ET"
AAPL,340.29,2026-09-23,1,Call,340.00,+0.30%,1.88,1.89,1.91,39712,7166,5.54,23.81%,25.54%,0.516776,"14:58 ET"
SPRO,1.322,2026-10-16,24,Call,1.5000,-14.07%,0.1,0.13,0.15,554,100,5.54,202.62%,138.86%,0.434969,"13:39 ET"
ADBE,238.55,2028-12-15,815,Put,150.00,-37.28%,14.25,14.98,15.35,797,144,5.53,40.23%,46.10%,-0.130866,"14:43 ET"
NVTS,12.37,2026-10-16,24,Call,14.00,-15.04%,0.47,0.5,0.5,9155,1655,5.53,84.94%,83.80%,0.316211,"14:58 ET"
MRNA,184.35,2026-09-25,3,Call,200.00,-9.55%,1.41,1.46,1.47,20407,3696,5.52,82.98%,94.95%,0.175567,"14:58 ET"
MU,1093.42,2026-09-28,6,Put,975.00,-10.40%,1.9,1.94,1.98,600,109,5.5,65.22%,56.04%,-0.056543,"14:58 ET"
AVGO,364.57,2026-09-23,1,Put,360.00,-1.24%,1.06,1.09,1.11,2959,539,5.49,37.51%,34.16%,-0.270091,"14:58 ET"
SNDK,1889.46,2026-09-25,3,Put,"1,710.00",-9.47%,6.4,6.77,6.7,633,116,5.46,78.61%,85.27%,-0.093104,"14:48 ET"
AVGO,364.57,2026-09-23,1,Call,372.50,-2.19%,0.48,0.5,0.52,6394,1171,5.46,37.51%,39.66%,0.132692,"14:58 ET"
AMZN,255.09,2026-09-23,1,Put,252.50,-1.14%,0.67,0.69,0.69,11368,2081,5.46,32.39%,30.45%,-0.271061,"14:58 ET"
NEM,126.49,2027-06-17,268,Call,160.00,-26.60%,8.55,8.8,10.15,600,110,5.45,42.35%,43.91%,0.352204,"10:32 ET"
SPCX,153.23,2026-10-16,24,Call,152.50,+1.08%,8.3,8.35,8.35,1400,258,5.43,50.82%,49.30%,0.550364,"15:02 ET"
MU,1093.42,2026-09-23,1,Call,"1,045.00",+3.97%,46.2,45.45,46.6,2342,431,5.43,65.22%,66.76%,0.885818,"14:55 ET"
ONON,29.73,2027-01-15,115,Call,27.50,+7.72%,4.35,4.4,4.65,4351,801,5.43,45.35%,48.90%,0.675929,"14:43 ET"
MSTR,169.24,2026-10-09,17,Put,170.00,+0.76%,10.55,10.7,10.8,921,170,5.42,72.48%,71.04%,-0.479674,"14:55 ET"
GME,24.3,2026-09-25,3,Call,24.50,-1.03%,0.54,0.55,0.55,8584,1586,5.41,54.57%,74.63%,0.455566,"14:57 ET"
AMD,619.33,2026-10-02,10,Call,710.00,-14.49%,2.07,2.24,2.17,659,122,5.4,55.09%,57.39%,0.082172,"14:41 ET"
INTC,122.79,2026-09-28,6,Put,120.00,-2.36%,2.36,2.43,2.48,1931,358,5.39,69.17%,59.25%,-0.36365,"14:57 ET"
INTC,122.79,2027-09-17,360,Put,115.00,-6.43%,24.05,24.3,24.55,1936,359,5.39,69.17%,64.90%,-0.321878,"14:57 ET"
FN,404.61,2026-10-16,24,Call,680.00,-68.28%,0.05,0.1,0.15,683,127,5.38,61.50%,74.59%,0.004376,"14:36 ET"
AAPL,340.29,2026-09-23,1,Put,350.00,+2.63%,8.95,9.87,10.8,813,151,5.38,23.81%,24.04%,-0.992246,"14:53 ET"
BSX,44.79,2026-10-02,10,Put,42.50,-5.11%,0.25,0.3,0.35,1052,196,5.37,39.45%,37.89%,-0.188782,"14:10 ET"
MRNA,184.35,2026-10-02,10,Call,185.00,-1.34%,8.9,8.98,9.25,675,126,5.36,82.98%,78.56%,0.509687,"14:56 ET"
META,738.68,2026-09-28,6,Call,880.00,-18.76%,0.16,0.23,0.23,831,155,5.36,44.47%,57.98%,0.010636,"14:58 ET"
VFF,3.01,2027-03-19,178,Call,4.00,-32.01%,0.25,0.24,0.3,1284,240,5.35,50.40%,66.38%,0.365121,"10:17 ET"
AMZN,255.09,2028-12-15,815,Put,105.00,-58.89%,2.08,2.2,2.59,4550,853,5.33,32.39%,41.46%,-0.030304,"14:43 ET"
NBIS,236.2,2026-09-25,3,Put,240.00,+1.63%,9.6,9.55,9.7,2234,420,5.32,83.82%,87.58%,-0.566529,"14:54 ET"
MU,1093.42,2026-09-25,3,Call,"1,090.00",-0.17%,24.05,24.05,24.3,2694,508,5.3,65.22%,62.04%,0.507765,"14:58 ET"
BAC,56.44,2026-10-02,10,Put,54.00,-4.68%,0.17,0.17,0.19,3469,656,5.29,27.62%,26.27%,-0.140829,"14:51 ET"
NVDA,229.32,2026-09-30,8,Call,230.00,-0.25%,3.65,3.78,3.75,8363,1582,5.29,33.07%,29.31%,0.486221,"14:55 ET"
NUVB,6.11,2026-11-20,59,Call,7.50,-23.15%,0.3,0.34,0.35,575,109,5.28,85.20%,77.74%,0.310802,"14:27 ET"
ARM,331.41,2026-10-02,10,Call,340.00,-2.11%,13.1,13.32,13.75,574,109,5.27,75.78%,78.63%,0.447281,"14:57 ET"
AMD,619.33,2026-10-09,17,Call,630.00,-1.59%,23.5,23.49,23.75,1913,364,5.26,55.09%,52.99%,0.465714,"14:53 ET"
SNDK,1889.46,2026-09-25,3,Call,"2,250.00",-19.12%,2.8,2.99,3.1,2790,530,5.26,78.61%,107.96%,0.040816,"14:57 ET"
JANX,17.34,2027-02-19,150,Put,22.50,+30.28%,6.4,6.8,7.1,661,126,5.25,75.99%,76.32%,-0.611203,"13:53 ET"
GDDY,98.77,2026-10-02,10,Call,105.00,-5.93%,1.45,1.8,1.95,730,139,5.25,57.09%,58.56%,0.294927,"14:44 ET"
CHYM,28.84,2026-10-16,24,Put,27.50,-5.43%,0.7,0.75,0.8,830,158,5.25,48.29%,46.99%,-0.313383,"14:45 ET"
UBER,69.69,2026-09-25,3,Call,70.00,-0.20%,0.78,0.8,0.8,5112,973,5.25,35.33%,38.08%,0.446743,"15:02 ET"
NVDA,229.32,2026-10-30,38,Put,225.00,-1.93%,6.9,6.93,7.1,2270,433,5.24,33.07%,31.76%,-0.396778,"14:50 ET"
TSLA,379.72,2026-09-25,3,Put,385.00,+1.56%,9,9.05,9.1,2568,491,5.23,41.88%,44.07%,-0.626438,"15:02 ET"
MRNA,184.35,2026-11-20,59,Put,150.00,-17.84%,10.6,10.82,11.25,3190,611,5.22,82.98%,92.37%,-0.227446,"14:55 ET"
ARM,331.41,2026-09-25,3,Call,330.00,+0.89%,10.7,10.69,10.85,3409,653,5.22,75.78%,85.33%,0.533161,"14:54 ET"
GEO,29.61,2026-11-20,59,Put,31.00,+5.26%,3.3,3.4,3.6,962,185,5.2,51.81%,55.60%,-0.537471,"13:50 ET"
SNDK,1889.46,2026-09-25,3,Put,"1,840.00",-2.59%,34.9,35.6,35.4,1150,221,5.2,78.61%,83.13%,-0.351443,"14:41 ET"
AVGO,364.57,2027-04-16,206,Call,500.00,-37.16%,14.45,14.75,14.85,633,122,5.19,37.51%,45.11%,0.236759,"13:53 ET"
TSLA,379.72,2026-09-28,6,Call,377.50,+0.42%,8.3,8.4,8.4,2060,397,5.19,41.88%,36.56%,0.563398,"15:02 ET"
TSLA,379.72,2026-09-25,3,Put,380.00,+0.24%,6.05,6,6.15,4608,888,5.19,41.88%,43.64%,-0.497938,"15:01 ET"
HOOD,124.35,2026-09-25,3,Put,124.00,-0.31%,2.95,3.01,3.05,1465,284,5.16,63.40%,68.46%,-0.480364,"14:58 ET"
ONON,29.73,2026-09-25,3,Call,30.00,-0.67%,0.41,0.49,0.53,4932,956,5.16,45.35%,57.83%,0.425144,"14:57 ET"
AAOI,106.01,2026-09-25,3,Call,120.00,-11.59%,0.55,0.6,0.75,9063,1762,5.14,92.16%,112.11%,0.126271,"14:53 ET"
ARM,331.41,2027-06-17,268,Put,330.00,-0.89%,74.2,75.85,76.25,1511,294,5.14,75.78%,72.47%,-0.365075,"12:35 ET"
AVGO,364.57,2026-09-23,1,Call,370.00,-1.50%,0.82,0.83,0.85,14024,2733,5.13,37.51%,38.18%,0.205922,"14:58 ET"
SNDK,1889.46,2026-09-25,3,Call,"1,970.00",-4.30%,29.4,28.99,30,858,168,5.11,78.61%,89.17%,0.314475,"14:57 ET"
MU,1093.42,2026-10-02,10,Call,"1,070.00",+1.67%,65,67,67.75,1045,205,5.1,65.22%,78.23%,0.582895,"14:58 ET"
MU,1093.42,2026-09-23,1,Call,"1,050.00",+3.51%,41.65,41.03,42,7416,1453,5.1,65.22%,64.76%,0.864327,"14:57 ET"
TTD,13.2,2026-10-02,10,Call,13.50,-1.81%,0.35,0.37,0.37,570,112,5.09,60.79%,55.39%,0.426872,"14:46 ET"
SKHY,194.85,2026-09-25,3,Put,192.50,-1.28%,3.5,3.6,3.6,651,128,5.09,63.38%,65.43%,-0.411467,"14:52 ET"
CHYM,28.84,2026-10-16,24,Call,30.00,-3.16%,0.85,0.9,0.95,1146,226,5.07,48.29%,45.12%,0.402282,"14:52 ET"
JANX,17.34,2027-01-15,115,Put,20.00,+15.81%,4.4,4.5,4.6,719,143,5.03,75.99%,75.26%,-0.545804,"14:56 ET"
NVAX,10.93,2026-10-02,10,Call,11.50,-5.12%,0.05,0.35,0.36,532,106,5.02,73.68%,57.54%,0.318839,"12:02 ET"
MSFT,498.48,2026-10-16,24,Call,507.50,-2.03%,8.75,9.02,9.05,536,107,5.01,27.00%,24.82%,0.405969,"14:58 ET"
CVX,202.84,2026-10-02,10,Call,205.00,-0.72%,2.85,2.93,3.2,1017,203,5.01,27.96%,29.31%,0.429034,"14:49 ET"
IBRX,9.31,2026-09-25,3,Call,10.00,-7.30%,0.1,0.12,0.15,2559,512,5,103.92%,103.81%,0.249711,"14:47 ET"
GEO,29.61,2026-11-20,59,Call,35.00,-18.85%,1,1.15,1.2,13628,2729,4.99,51.81%,59.94%,0.280259,"13:58 ET"
ADBE,238.55,2026-09-25,3,Call,245.00,-2.45%,1.59,1.65,1.7,866,174,4.98,40.23%,47.83%,0.267061,"14:57 ET"
AMKR,54.49,2026-09-25,3,Call,57.00,-4.34%,0.55,0.57,0.6,635,128,4.96,67.56%,75.51%,0.263181,"14:57 ET"
CNR,94.64,2026-10-16,24,Call,95.00,-0.53%,3.4,3.6,4.2,794,160,4.96,42.27%,40.49%,0.510832,"13:39 ET"
AVGO,364.57,2026-09-28,6,Call,362.50,+0.56%,6.75,7.05,6.95,686,139,4.94,37.51%,32.54%,0.549063,"14:41 ET"
AAPL,340.29,2026-09-28,6,Call,345.00,-1.17%,1.77,1.8,1.87,2218,449,4.94,23.81%,21.12%,0.311543,"14:57 ET"
CIFR,19.3,2026-10-02,10,Call,23.00,-18.86%,0.28,0.32,0.32,2713,551,4.92,98.72%,104.63%,0.179038,"14:25 ET"
SOFI,17.21,2027-04-16,206,Call,19.00,-10.72%,2.25,2.27,2.35,1207,246,4.91,48.73%,55.65%,0.507398,"14:36 ET"
MSTR,169.24,2026-09-25,3,Put,170.00,+0.76%,5.35,5.4,5.5,5478,1121,4.89,72.48%,81.42%,-0.512358,"14:58 ET"
GOOGL,352.03,2026-09-23,1,Put,350.00,-0.80%,1.63,1.69,1.69,12904,2637,4.89,33.14%,37.06%,-0.354954,"14:58 ET"
NVDA,229.32,2026-09-30,8,Put,222.50,-3.02%,1.49,1.49,1.53,947,195,4.86,33.07%,30.51%,-0.241667,"14:53 ET"
MRNA,184.35,2026-09-25,3,Call,187.50,-2.71%,4.35,4.25,4.5,4561,939,4.86,82.98%,90.25%,0.422136,"14:56 ET"
UPS,95.74,2026-11-20,59,Put,90.00,-6.04%,2.73,2.8,2.85,5344,1099,4.86,28.02%,33.65%,-0.310299,"14:36 ET"
FSLY,25.74,2026-10-02,10,Call,26.00,+0.19%,1.35,1.4,1.65,524,108,4.85,91.57%,96.14%,0.50416,"14:53 ET"
SERV,4.51,2027-03-19,178,Put,5.00,+10.13%,1.43,1.53,1.57,2000,412,4.85,79.47%,99.60%,-0.415048,"11:01 ET"
BAC,56.44,2026-10-30,38,Call,63.00,-11.21%,0.2,0.22,0.24,2124,438,4.85,27.62%,25.40%,0.103045,"14:16 ET"
AAPL,340.29,2026-09-28,6,Call,355.00,-4.10%,0.27,0.28,0.28,532,110,4.84,23.81%,21.76%,0.066757,"14:57 ET"
ADBE,238.55,2026-09-25,3,Call,240.00,-0.36%,3.1,3.28,3.35,740,153,4.84,40.23%,46.67%,0.440076,"14:57 ET"
AMD,619.33,2026-09-23,1,Call,640.00,-3.20%,1.02,1.04,1.09,7303,1515,4.82,55.09%,54.65%,0.122131,"14:56 ET"
NVDA,229.32,2026-09-23,1,Call,230.00,-0.25%,1.11,1.12,1.12,276695,57576,4.81,33.07%,29.99%,0.426082,"14:58 ET"
WMB,71.07,2026-12-18,87,Put,65.00,-8.77%,1.6,1.6,1.75,1109,231,4.8,29.14%,30.84%,-0.244148,"12:57 ET"
SNDK,1889.46,2026-09-25,3,Call,"2,100.00",-11.18%,9.7,9.8,10,3430,716,4.79,78.61%,97.55%,0.123637,"14:58 ET"
TTMI,127.88,2026-10-16,24,Call,130.00,-2.01%,8.4,8.5,10.4,1019,213,4.78,82.07%,78.65%,0.510485,"13:29 ET"
AMZN,255.09,2026-10-02,10,Call,257.50,-0.81%,4,4.08,4.1,1877,393,4.78,32.39%,30.36%,0.437902,"14:57 ET"
AMZN,255.09,2026-09-23,1,Call,250.00,+2.12%,5,5.31,5.4,2563,536,4.78,32.39%,32.43%,0.877053,"14:58 ET"
BBWI,17.09,2026-11-20,59,Call,17.50,-1.86%,1.35,1.45,1.5,944,198,4.77,55.04%,59.15%,0.503378,"14:47 ET"
TSLA,379.72,2026-09-30,8,Call,377.50,+0.42%,9.85,10.1,10.2,1962,412,4.76,41.88%,39.04%,0.556767,"15:01 ET"
AVGO,364.57,2026-10-02,10,Call,362.50,+0.56%,9.65,9.95,9.8,1050,221,4.75,37.51%,37.00%,0.541998,"14:47 ET"
ARM,331.41,2026-09-25,3,Put,317.50,-4.64%,4.3,4.35,4.4,1429,301,4.75,75.78%,82.54%,-0.274553,"14:58 ET"
INTC,122.79,2026-09-23,1,Call,130.00,-5.78%,0.17,0.17,0.19,14721,3101,4.75,69.17%,76.70%,0.081518,"14:58 ET"
TSLA,379.72,2026-10-05,13,Call,380.00,-0.24%,11.65,11.73,11.95,645,136,4.74,41.88%,40.98%,0.517881,"14:55 ET"
KVYO,15.97,2026-10-16,24,Call,17.50,-11.25%,0.55,0.6,0.65,5502,1163,4.73,71.29%,71.36%,0.340564,"14:57 ET"
KOPN,4.89,2026-09-25,3,Call,1.00,+79.34%,3.7,3.8,4,3951,837,4.72,89.32%,748.62%,0.996281,"13:54 ET"
SG,7.57,2027-04-16,206,Call,10.00,-29.20%,1.15,1.3,1.4,527,112,4.71,84.50%,86.70%,0.473599,"11:30 ET"
GOOG,347.73,2027-02-19,150,Call,440.00,-26.28%,7.45,7.75,8,1013,215,4.71,32.87%,35.32%,0.195681,"14:57 ET"
XPEV,10.43,2026-11-20,59,Call,11.00,-5.36%,0.71,0.74,0.78,1143,243,4.7,51.81%,57.13%,0.46385,"14:28 ET"
AMD,619.33,2026-09-25,3,Put,625.00,+0.78%,15.5,15.77,15.8,582,124,4.69,55.09%,54.93%,-0.568795,"14:40 ET"
HIMS,31.1,2026-10-02,10,Put,27.50,-11.75%,0.22,0.26,0.26,600,128,4.69,74.02%,71.70%,-0.12379,"14:54 ET"
CAPR,9.39,2026-09-25,3,Call,10.00,-7.30%,0.1,0.13,0.15,959,205,4.68,169.11%,102.88%,0.251151,"14:30 ET"
AMGN,409.9,2026-09-25,3,Call,425.00,-3.70%,0.52,0.65,1.02,687,148,4.64,27.37%,33.60%,0.125574,"14:44 ET"
AMZN,255.09,2026-09-23,1,Put,265.00,+3.75%,9.8,9.6,10.2,961,207,4.64,32.39%,33.54%,-0.988835,"14:14 ET"
CYPH,3.65,2027-03-19,178,Put,2.50,-30.36%,0.55,0.59,1,1500,323,4.64,163.85%,159.82%,-0.183801,"11:07 ET"
TSLA,379.72,2026-09-25,3,Put,375.00,-1.08%,3.8,3.85,3.85,10053,2173,4.63,41.88%,43.34%,-0.365997,"15:02 ET"
NAK,1.4414,2029-01-19,850,Call,0.5000,+65.28%,0.7,1.15,1.45,554,120,4.62,110.06%,81.01%,0.940146,"13:50 ET"
DERM,7.29,2027-02-19,150,Call,7.50,-3.45%,0.9,1.1,1.35,800,173,4.62,175.37%,63.43%,0.565772,"12:50 ET"
AVGO,364.57,2026-09-23,1,Call,375.00,-2.87%,0.3,0.3,0.32,6773,1473,4.6,37.51%,41.63%,0.085827,"14:58 ET"
NOW,137.35,2026-10-02,10,Call,136.00,+0.54%,5.65,5.63,5.85,524,114,4.6,54.78%,55.14%,0.565438,"14:47 ET"
META,738.68,2026-09-25,3,Call,850.00,-14.71%,0.32,0.33,0.37,6215,1358,4.58,44.47%,73.44%,0.019558,"14:57 ET"
TSLA,379.72,2026-10-05,13,Call,395.00,-4.20%,6,6.15,6.2,738,161,4.58,41.88%,41.49%,0.3266,"14:55 ET"
TSLA,379.72,2026-09-30,8,Put,372.50,-1.74%,5.25,5.35,5.35,1384,302,4.58,41.88%,38.35%,-0.353072,"14:56 ET"
CSCO,105.76,2026-09-25,3,Call,108.00,-2.21%,0.53,0.57,0.6,1672,366,4.57,33.53%,33.87%,0.283397,"14:58 ET"
ZETA,30.07,2026-09-25,3,Call,30.00,+0.73%,0.74,1,0.85,779,171,4.56,64.78%,71.93%,0.518903,"13:52 ET"
CSCO,105.76,2026-09-25,3,Call,109.00,-3.16%,0.35,0.36,0.37,6635,1455,4.56,33.53%,34.67%,0.197112,"14:58 ET"
META,738.68,2026-09-23,1,Put,712.50,-3.84%,0.94,0.98,1.04,3041,668,4.55,44.47%,54.79%,-0.097885,"14:58 ET"
SNDK,1889.46,2026-09-25,3,Call,"1,875.00",+0.73%,64.8,64.55,65.6,922,203,4.54,78.61%,85.68%,0.551827,"14:56 ET"
TSLA,379.72,2026-10-30,38,Put,390.00,+2.88%,26.8,27.14,27,611,135,4.53,41.88%,44.70%,-0.537925,"14:41 ET"
BABA,116.56,2026-09-25,3,Put,116.00,-0.28%,2.01,2.02,2.1,1617,357,4.53,43.42%,54.87%,-0.454112,"14:58 ET"
META,738.68,2026-10-02,10,Call,870.00,-17.41%,0.98,1.04,1.15,532,118,4.51,44.47%,54.76%,0.040573,"14:44 ET"
AFRM,71.65,2026-12-18,87,Call,72.50,-1.13%,8,8.75,8.2,1229,273,4.5,57.01%,59.46%,0.55111,"14:07 ET"
RSKD,6.82,2027-03-19,178,Call,7.50,-11.61%,0.8,0.9,0.9,1828,406,4.5,86.70%,56.16%,0.499883,"15:00 ET"
MSFT,498.48,2026-09-23,1,Call,512.50,-3.03%,0.12,0.13,0.13,5997,1332,4.5,27.00%,30.98%,0.038737,"14:58 ET"
IBRX,9.31,2026-10-02,10,Call,8.00,+14.16%,1.3,1.43,1.6,503,112,4.49,103.92%,91.24%,0.866001,"13:50 ET"
AMD,619.33,2026-09-23,1,Put,595.00,-4.06%,0.72,0.76,0.76,1354,302,4.48,55.09%,55.84%,-0.087646,"14:52 ET"
TSLA,379.72,2026-09-30,8,Put,380.00,+0.24%,8.6,8.68,8.75,599,134,4.47,41.88%,38.59%,-0.489982,"15:02 ET"
INTC,122.79,2026-09-28,6,Call,122.00,+0.73%,4.15,4.05,4.3,670,150,4.47,69.17%,60.28%,0.55213,"14:54 ET"
SNDK,1889.46,2026-09-25,3,Put,"1,845.00",-2.32%,36.9,37.6,37.6,916,205,4.47,78.61%,83.39%,-0.365212,"14:57 ET"
META,738.68,2026-09-23,1,Call,740.00,+0.13%,8,8.05,8.2,6937,1552,4.47,44.47%,55.23%,0.489539,"14:58 ET"
MU,1093.42,2026-09-23,1,Call,"1,115.00",-2.46%,5.15,5.2,5.3,9491,2127,4.46,65.22%,63.60%,0.246613,"14:58 ET"
AMZN,255.09,2026-09-23,1,Put,250.00,-2.12%,0.23,0.24,0.24,11354,2547,4.46,32.39%,31.28%,-0.114736,"14:58 ET"
GOOG,347.73,2026-10-02,10,Put,345.00,-0.98%,5.6,5.6,5.75,1271,285,4.46,32.87%,31.64%,-0.416511,"14:56 ET"
AAPL,340.29,2026-10-16,24,Call,342.50,-0.43%,7.1,7.2,7.3,1087,244,4.45,23.81%,22.91%,0.479253,"14:58 ET"
META,738.68,2026-09-25,3,Put,725.00,-2.16%,9.6,9.87,10.05,4804,1080,4.45,44.47%,60.24%,-0.350689,"14:56 ET"
AA,45.17,2026-09-25,3,Call,47.50,-4.93%,0.17,0.21,0.27,559,126,4.44,50.60%,57.81%,0.176377,"14:40 ET"
META,738.68,2026-09-23,1,Call,810.00,-9.31%,0.07,0.11,0.11,4871,1099,4.43,44.47%,73.89%,0.009449,"14:55 ET"
MP,50.54,2027-06-17,268,Call,60.00,-20.12%,7.75,8.1,8.45,2002,454,4.41,58.61%,63.99%,0.500904,"14:49 ET"
BAC,56.44,2026-09-25,3,Put,56.00,-1.15%,0.34,0.37,0.37,6731,1530,4.4,27.62%,28.36%,-0.355631,"14:58 ET"
V,363.38,2026-09-25,3,Call,367.50,-1.41%,1.34,1.36,1.43,604,138,4.38,21.31%,23.20%,0.29174,"15:01 ET"
WMT,109.79,2026-10-02,10,Put,108.00,-1.38%,0.9,0.95,0.96,1323,302,4.38,24.69%,23.92%,-0.321783,"14:58 ET"
CRM,232.8,2026-09-25,3,Call,230.00,+0.94%,4.85,5.05,5.25,2394,546,4.38,39.47%,44.26%,0.611606,"14:40 ET"
MSFT,498.48,2026-09-23,1,Put,485.00,-2.50%,0.16,0.16,0.18,2897,662,4.38,27.00%,30.84%,-0.050245,"14:58 ET"
RXRX,4.12,2026-10-02,10,Call,4.50,-8.43%,0.1,0.13,0.15,2053,470,4.37,92.14%,95.34%,0.32052,"14:51 ET"
GOOGL,352.03,2026-09-23,1,Put,340.00,-3.64%,0.14,0.14,0.16,2174,498,4.37,33.14%,41.38%,-0.047073,"14:58 ET"
WFC,83.52,2026-09-25,3,Put,84.00,+0.33%,0.97,0.97,1.21,5246,1200,4.37,31.75%,26.92%,-0.592266,"14:04 ET"
CIFR,19.3,2027-01-15,115,Call,19.00,+1.81%,4.35,4.4,4.5,5032,1154,4.36,98.72%,98.66%,0.628375,"14:47 ET"
HOOD,124.35,2026-10-16,24,Call,126.00,-1.29%,7.05,7.1,7.2,552,127,4.35,63.40%,61.85%,0.499617,"14:57 ET"
FIS,34.9,2026-12-18,87,Put,32.50,-6.90%,1.65,1.7,1.8,570,131,4.35,38.54%,41.75%,-0.328171,"14:47 ET"
SN,168.94,2026-10-16,24,Call,170.00,-0.79%,6.8,7,7.3,1045,240,4.35,46.83%,43.35%,0.502863,"14:52 ET"
EQNR,41.92,2026-10-16,24,Put,39.00,-7.16%,0.55,0.59,0.65,1532,352,4.35,37.93%,40.76%,-0.224868,"14:52 ET"
MRNA,184.35,2026-09-25,3,Put,160.00,-12.36%,0.35,0.37,0.47,9534,2193,4.35,82.98%,99.46%,-0.056082,"14:58 ET"
MU,1093.42,2026-09-23,1,Put,"1,015.00",-6.73%,0.37,0.39,0.39,1925,444,4.34,65.22%,69.49%,-0.025046,"14:57 ET"
DKS,134.16,2026-09-25,3,Call,135.00,-0.79%,1.55,1.6,1.8,810,187,4.33,41.57%,47.00%,0.415599,"14:57 ET"
PLTR,184.35,2026-09-25,3,Put,185.00,+0.35%,3.65,3.7,3.75,4479,1038,4.32,50.22%,49.88%,-0.525409,"15:00 ET"
AMD,619.33,2026-09-25,3,Call,630.00,-1.59%,7.95,8.05,8.2,5366,1244,4.31,55.09%,57.00%,0.375228,"14:57 ET"
SNDK,1889.46,2026-09-25,3,Call,"2,400.00",-27.06%,0.85,0.94,1.05,829,193,4.3,78.61%,117.35%,0.013904,"14:48 ET"
META,738.68,2026-09-25,3,Put,760.00,+2.57%,28.85,28,29.45,1158,269,4.3,44.47%,61.87%,-0.679653,"14:27 ET"
NVDA,229.32,2026-09-28,6,Call,232.50,-1.34%,1.81,1.86,1.84,5212,1217,4.28,33.07%,26.54%,0.352901,"14:56 ET"
TMUS,161.45,2026-09-25,3,Call,167.50,-3.87%,0.3,0.45,0.55,738,173,4.27,33.11%,36.90%,0.153113,"14:49 ET"
KEEL,4.16,2029-01-19,850,Call,4.00,+3.61%,2.36,2.36,2.49,812,190,4.27,96.92%,100.01%,0.80274,"14:51 ET"
VSNT,33.71,2026-11-20,59,Put,30.00,-10.18%,0.65,0.8,0.95,673,158,4.26,38.40%,42.36%,-0.222031,"14:50 ET"
BB,8.61,2026-11-20,59,Call,9.00,-4.90%,0.84,0.86,0.88,1746,410,4.26,82.15%,73.76%,0.50292,"14:57 ET"
TSLA,379.72,2026-10-02,10,Call,485.00,-27.94%,0.12,0.12,0.13,556,131,4.24,41.88%,61.76%,0.009815,"13:00 ET"
AMD,619.33,2026-09-23,1,Put,587.50,-5.27%,0.37,0.4,0.41,789,186,4.24,55.09%,60.02%,-0.047775,"14:56 ET"
MU,1093.42,2026-09-23,1,Put,"1,005.00",-7.65%,0.25,0.26,0.28,1504,355,4.24,65.22%,73.45%,-0.017307,"14:58 ET"
NBIS,236.2,2026-09-25,3,Call,242.50,-2.69%,4.9,4.85,4.95,2036,483,4.22,83.82%,89.08%,0.385592,"14:56 ET"
XENE,38.75,2026-10-16,24,Put,37.50,-3.92%,1.1,1.1,1.35,771,183,4.21,47.95%,46.66%,-0.362247,"14:40 ET"
NVDA,229.32,2026-09-28,6,Put,227.50,-0.84%,2.22,2.26,2.26,1494,355,4.21,33.07%,26.48%,-0.397637,"14:57 ET"
PANW,374.38,2026-12-18,87,Put,310.00,-17.83%,12.35,12.96,12.9,2571,611,4.21,52.41%,55.83%,-0.195165,"13:59 ET"
SNDK,1889.46,2026-09-25,3,Call,"1,940.00",-2.71%,38,37.8,38.6,672,160,4.2,78.61%,87.66%,0.38217,"14:56 ET"
XEL,71.94,2027-06-17,268,Put,65.00,-9.68%,3.9,4.05,4.3,1000,238,4.2,25.12%,31.12%,-0.292579,"10:27 ET"
MRNA,184.35,2026-09-25,3,Put,172.50,-5.51%,1.7,1.8,1.82,1109,264,4.2,82.98%,89.23%,-0.203018,"14:57 ET"
AAPL,340.29,2026-09-23,1,Put,340.00,-0.30%,1.7,1.72,1.73,48351,11510,4.2,23.81%,25.25%,-0.483589,"14:58 ET"
ONON,29.73,2026-09-25,3,Put,30.00,+0.67%,0.66,0.76,0.87,3719,888,4.19,45.35%,53.86%,-0.582344,"14:43 ET"
AMD,619.33,2026-09-23,1,Put,605.00,-2.44%,1.88,1.9,1.93,4251,1015,4.19,55.09%,51.98%,-0.200093,"14:57 ET"
ARM,331.41,2026-09-25,3,Put,335.00,+0.61%,12.15,12.3,12.4,671,161,4.17,75.78%,84.91%,-0.544974,"14:54 ET"
INTC,122.79,2026-09-30,8,Put,119.00,-3.17%,2.85,2.85,2.91,1096,263,4.17,69.17%,63.94%,-0.349473,"14:55 ET"
META,738.68,2029-01-19,850,Call,560.00,+24.42%,307,314.5,314.8,1714,411,4.17,44.47%,47.80%,0.80266,"13:09 ET"
ASTS,64.76,2026-10-23,31,Call,75.00,-15.65%,2.6,2.56,2.69,1199,288,4.16,77.41%,78.81%,0.310046,"14:57 ET"
MSFT,498.48,2026-09-23,1,Call,490.00,+1.49%,8.35,9.38,9,1924,462,4.16,27.00%,31.49%,0.838189,"14:52 ET"
ORBS,1.175,2027-04-16,206,Call,1.5000,-27.76%,0.3,0.4,0.45,1178,284,4.15,150.82%,136.03%,0.612418,"14:52 ET"
WMT,109.79,2026-09-25,3,Call,111.00,-1.36%,0.62,0.63,0.64,9575,2309,4.15,24.69%,27.70%,0.345713,"15:02 ET"
IREN,48.53,2026-09-25,3,Put,48.50,-0.06%,1.43,1.47,1.47,677,164,4.13,83.26%,84.70%,-0.477008,"14:54 ET"
GOOGL,352.03,2027-09-17,360,Put,345.00,-2.22%,37.7,38.2,38.9,1614,391,4.13,33.14%,34.47%,-0.381254,"14:10 ET"
ORCL,150.04,2026-10-30,38,Call,200.00,-33.16%,0.91,0.9,0.98,2053,497,4.13,50.86%,58.46%,0.079244,"14:38 ET"
HAL,32.97,2026-11-20,59,Put,29.00,-12.12%,0.52,0.52,0.57,577,140,4.12,37.04%,38.83%,-0.181054,"14:30 ET"
OMER,21.13,2026-10-16,24,Call,22.00,-5.21%,0.8,0.96,1.15,1296,315,4.11,65.03%,60.68%,0.436386,"14:51 ET"
NBIS,236.2,2026-09-25,3,Call,262.50,-11.16%,1.09,1,1.12,1205,294,4.1,83.82%,94.45%,0.116007,"14:50 ET"
GOOGL,352.03,2026-09-23,1,Call,360.00,-2.03%,0.5,0.51,0.51,29904,7293,4.1,33.14%,37.56%,0.143425,"14:58 ET"
DOCU,65.94,2027-03-19,178,Put,30.00,-54.50%,0.07,0.24,0.41,720,176,4.09,45.27%,62.42%,-0.01954,"12:09 ET"
GOOG,347.73,2026-09-25,3,Put,332.50,-4.57%,0.49,0.49,0.5,3838,938,4.09,32.87%,38.05%,-0.088033,"14:58 ET"
TMUS,161.45,2026-09-25,3,Call,165.00,-2.32%,0.7,0.75,0.95,701,172,4.08,33.11%,34.63%,0.269831,"14:47 ET"
COGT,32.57,2026-10-16,24,Call,35.00,-6.74%,0.65,0.7,1,1038,255,4.07,52.67%,50.56%,0.321038,"14:22 ET"
MSTR,169.24,2026-10-02,10,Call,245.00,-45.21%,0.2,0.23,0.29,1205,296,4.07,72.48%,107.27%,0.02312,"13:59 ET"
TSLA,379.72,2026-10-16,24,Call,515.00,-35.86%,0.3,0.3,0.33,1749,430,4.07,41.88%,54.06%,0.017335,"14:40 ET"
JD,27.47,2026-10-02,10,Call,26.50,+3.21%,1.06,1.22,1.28,831,205,4.05,32.66%,35.60%,0.725491,"14:08 ET"
PAAI,1.2305,2026-10-16,24,Call,2.5000,-103.42%,0.1,0.2,0.2,1678,415,4.04,317.67%,322.49%,0.329436,"14:54 ET"
TSLA,379.72,2026-09-23,1,Call,395.00,-4.20%,0.3,0.32,0.32,13904,3442,4.04,41.88%,50.66%,0.070257,"15:02 ET"
ONDS,7.66,2027-06-17,268,Call,20.00,-163.16%,0.41,0.5,0.58,4307,1068,4.03,71.52%,89.92%,0.205688,"14:56 ET"
TSLA,379.72,2026-09-23,1,Put,387.50,+2.22%,8.8,8.85,9,845,210,4.02,41.88%,47.61%,-0.788928,"15:02 ET"
GRAL,110.8,2026-10-16,24,Put,90.00,-19.69%,4.2,4.17,5.2,1508,375,4.02,94.36%,122.45%,-0.205161,"14:41 ET"
NVDA,229.32,2026-09-23,1,Put,222.50,-3.02%,0.11,0.11,0.12,14277,3548,4.02,33.07%,37.13%,-0.059546,"14:58 ET"
INTC,122.79,2026-09-25,3,Call,122.00,+0.73%,3.6,3.68,3.75,5544,1382,4.01,69.17%,73.13%,0.554454,"14:58 ET"
MGM,38.58,2026-12-18,87,Put,34.00,-11.78%,0.7,1.2,1.4,538,134,4.01,59.19%,40.23%,-0.219872,"13:06 ET"
AMD,619.33,2026-10-09,17,Call,625.00,-0.78%,25.6,25.64,25.85,808,202,4,55.09%,52.86%,0.493351,"14:53 ET"
DAR,62.51,2027-01-15,115,Call,75.00,-20.08%,2.3,2.53,2.65,3328,833,4,43.62%,44.14%,0.288423,"14:36 ET"
META,738.68,2026-09-25,3,Put,730.00,-1.48%,11.6,11.95,12.05,3738,936,3.99,44.47%,60.34%,-0.398503,"14:57 ET"
RKLB,72.34,2026-11-20,59,Call,75.00,-4.09%,8.05,8.19,8.2,994,250,3.98,73.18%,78.12%,0.525181,"15:02 ET"
SRAD,13.9,2026-10-16,24,Call,15.00,-9.41%,0.45,0.48,0.5,8854,2222,3.98,66.92%,62.51%,0.346922,"14:55 ET"
OTIS,67.61,2026-10-16,24,Call,72.50,-6.98%,0.15,0.2,0.25,1219,307,3.97,24.06%,21.54%,0.112769,"12:57 ET"
NVO,39.38,2026-09-25,3,Call,39.50,-0.20%,0.42,0.42,0.43,2218,559,3.97,33.69%,35.43%,0.453355,"14:57 ET"
MU,1093.42,2026-09-25,3,Call,"1,075.00",+1.21%,32.05,32.15,32.3,3546,893,3.97,65.22%,62.01%,0.604876,"14:58 ET"
GOOGL,352.03,2026-10-02,10,Call,357.50,-1.32%,5.3,5.65,5.5,848,214,3.96,33.14%,32.14%,0.411369,"14:55 ET"
SKHY,194.85,2026-09-25,3,Call,202.50,-3.85%,1.97,2,2.01,2822,713,3.96,63.38%,68.65%,0.275256,"15:01 ET"
ACN,184.7,2026-12-18,87,Call,195.00,-5.74%,12.1,11.65,12.8,502,127,3.95,53.94%,46.74%,0.447029,"11:23 ET"
IREN,48.53,2026-09-25,3,Put,48.00,-1.09%,1.19,1.2,1.22,1916,485,3.95,83.26%,84.43%,-0.423446,"14:58 ET"
MU,1093.42,2026-09-23,1,Call,"1,065.00",+2.13%,29,28.4,29.3,4258,1079,3.95,65.22%,61.16%,0.764124,"14:57 ET"
GOOG,347.73,2026-09-25,3,Call,357.50,-2.60%,1.42,1.44,1.46,6373,1614,3.95,32.87%,36.84%,0.219524,"14:57 ET"
ZS,209.98,2026-12-18,87,Call,330.00,-56.93%,2.73,2.83,3.5,635,161,3.94,55.71%,65.76%,0.109269,"11:59 ET"
BAC,56.44,2027-02-19,150,Put,35.00,-38.22%,0.09,0.13,0.11,1231,313,3.93,27.62%,38.55%,-0.018118,"11:00 ET"
NEE,79.46,2026-12-18,87,Put,75.00,-5.62%,1.52,1.49,1.62,4821,1228,3.93,20.98%,22.44%,-0.276059,"13:01 ET"
MSTR,169.24,2026-09-25,3,Put,172.50,+2.24%,6.9,7,7.05,615,157,3.92,72.48%,83.07%,-0.588206,"14:43 ET"
LOW,195.88,2026-10-16,24,Call,205.00,-4.91%,2.1,2.15,2.35,1004,256,3.92,28.55%,27.39%,0.272805,"14:50 ET"
UAL,115.33,2026-09-25,3,Call,120.00,-4.38%,0.55,0.65,0.77,2057,525,3.92,52.49%,54.51%,0.209775,"14:59 ET"
ET,20.53,2026-10-23,31,Call,21.00,-1.55%,0.21,0.35,0.37,660,169,3.91,19.50%,20.48%,0.359609,"10:34 ET"
SOFI,17.21,2026-10-23,31,Put,19.00,+10.72%,2.07,2.09,2.18,1033,264,3.91,48.73%,46.37%,-0.752657,"13:52 ET"
MSTR,169.24,2026-10-23,31,Call,195.00,-15.58%,6.35,6.25,6.55,1723,441,3.91,72.48%,76.07%,0.302358,"14:28 ET"
FIG,21.35,2026-09-25,3,Call,22.00,-3.14%,0.31,0.33,0.34,1996,511,3.91,70.17%,75.78%,0.344095,"14:55 ET"
SKHY,194.85,2026-09-25,3,Put,195.00,0.00%,4.7,4.71,4.8,615,158,3.89,63.38%,65.50%,-0.497573,"15:02 ET"
DELL,549.51,2026-09-25,3,Call,555.00,-0.13%,12.15,12.35,12.45,652,168,3.88,61.84%,66.67%,0.486348,"14:58 ET"
MOD,197.45,2026-10-16,24,Call,210.00,-6.46%,7.5,8.1,8.7,1841,475,3.88,67.53%,64.34%,0.387862,"13:41 ET"
MSTR,169.24,2026-10-02,10,Put,165.00,-2.20%,5.8,6,5.95,1878,484,3.88,72.48%,70.96%,-0.391552,"14:55 ET"
SPCX,153.23,2029-01-19,850,Put,130.00,-15.67%,29.35,30.1,30.65,519,134,3.87,50.82%,55.52%,-0.246315,"14:29 ET"
FLNA,1.0453,2026-11-20,59,Call,1.5000,-36.99%,0.05,0.1,0.15,693,179,3.87,205.67%,172.43%,0.300578,"14:07 ET"
MU,1093.42,2026-09-25,3,Put,"1,050.00",-3.51%,8.45,8.5,8.6,3288,849,3.87,65.22%,59.68%,-0.239298,"14:58 ET"
IREN,48.53,2026-10-16,24,Call,52.00,-7.15%,2.72,2.74,2.82,653,169,3.86,83.26%,82.38%,0.417949,"14:58 ET"
CRWD,248.47,2027-06-17,268,Put,180.00,-28.07%,15.2,16.12,16.35,833,216,3.86,54.28%,60.29%,-0.176156,"12:43 ET"
SEDG,35.74,2027-03-19,178,Put,27.50,-23.72%,3.25,3.52,3.8,1194,309,3.86,80.58%,81.95%,-0.220908,"12:02 ET"
ASTS,64.76,2026-10-16,24,Call,105.00,-61.91%,0.14,0.19,0.22,2249,584,3.85,77.41%,94.26%,0.031843,"14:11 ET"
VLO,385.8,2027-01-15,115,Put,400.00,+2.59%,49.1,49.4,50.4,515,134,3.84,53.99%,50.09%,-0.487527,"14:59 ET"
ONDS,7.66,2026-10-16,24,Call,7.50,+1.32%,0.58,0.6,0.63,697,182,3.83,71.52%,65.70%,0.590021,"14:57 ET"
NVDA,229.32,2026-09-30,8,Put,225.00,-1.93%,2.14,2.18,2.2,908,237,3.83,33.07%,29.82%,-0.321797,"14:57 ET"
SKHY,194.85,2026-09-25,3,Call,195.00,0.00%,4.5,4.6,4.6,4709,1231,3.83,63.38%,66.43%,0.503108,"15:01 ET"
CRWV,87.17,2026-09-25,3,Put,87.00,-0.43%,2.39,2.44,2.46,1977,517,3.82,76.28%,78.69%,-0.479281,"14:56 ET"
ORCL,150.04,2026-09-25,3,Call,157.50,-4.86%,0.84,0.86,0.86,15587,4085,3.82,50.86%,58.79%,0.196015,"14:58 ET"
TTMI,127.88,2026-10-16,24,Call,210.00,-64.78%,0.1,0.15,0.15,743,195,3.81,82.07%,83.57%,0.01388,"14:38 ET"
JPM,340.8,2026-09-25,3,Call,347.50,-1.91%,1.01,1.1,1.1,1286,339,3.79,26.82%,27.05%,0.222001,"14:56 ET"
NUAI,6.8,2026-10-02,10,Call,8.50,-21.26%,0.05,0.17,0.3,505,134,3.77,124.10%,136.60%,0.216928,"11:27 ET"
BTU,27.02,2026-09-25,3,Put,25.50,-5.13%,0.1,0.17,0.17,520,138,3.77,54.39%,64.65%,-0.158284,"14:48 ET"
BABA,116.56,2026-10-02,10,Put,112.00,-3.72%,1.42,1.47,1.53,584,155,3.77,43.42%,43.09%,-0.277032,"14:45 ET"
KLAC,186.21,2028-01-21,486,Call,370.00,-98.65%,15.7,15.9,16.1,804,213,3.77,56.29%,59.58%,0.275683,"13:46 ET"
TMC,4.39,2026-10-23,31,Call,5.00,-14.68%,0.21,0.21,0.23,6002,1592,3.77,81.26%,83.82%,0.347146,"14:57 ET"
AMD,619.33,2026-09-25,3,Put,600.00,-3.25%,4.85,4.85,4.95,13597,3603,3.77,55.09%,54.75%,-0.25811,"14:58 ET"
AMZN,255.09,2026-09-23,1,Call,262.50,-2.77%,0.14,0.15,0.15,14994,3987,3.76,32.39%,37.08%,0.067209,"14:57 ET"
NFLX,71.86,2026-10-09,17,Call,71.00,+0.98%,2.46,2.52,2.54,700,186,3.76,35.29%,32.24%,0.590631,"14:51 ET"
MSTR,169.24,2026-09-25,3,Put,157.50,-6.65%,0.91,0.93,0.96,2553,681,3.75,72.48%,77.76%,-0.147303,"14:57 ET"
IBRX,9.31,2026-09-25,3,Put,9.50,+1.93%,0.35,0.45,0.55,565,151,3.74,103.92%,107.45%,-0.549068,"14:47 ET"
GOOGL,352.03,2026-09-25,3,Put,352.50,-0.10%,4.4,4.4,4.7,2197,588,3.74,33.14%,35.80%,-0.492874,"14:57 ET"
MU,1093.42,2026-09-25,3,Call,"1,085.00",+0.29%,26.65,26.8,26.85,2936,785,3.74,65.22%,62.21%,0.540266,"14:58 ET"
SCHW,101.07,2026-12-18,87,Put,92.50,-8.54%,1.87,2.02,2.03,3850,1033,3.73,30.64%,28.35%,-0.225387,"14:09 ET"
AVGO,364.57,2026-10-02,10,Call,380.00,-4.24%,3.6,3.6,3.65,9493,2543,3.73,37.51%,38.77%,0.263965,"14:58 ET"
INTC,122.79,2026-09-23,1,Call,126.00,-2.52%,0.65,0.68,0.71,5244,1410,3.72,69.17%,71.28%,0.252569,"14:57 ET"
ETSY,74,2026-09-25,3,Call,74.00,+0.01%,1.18,1.58,1.49,514,138,3.72,48.32%,51.93%,0.497018,"14:25 ET"
VRT,253.7,2026-10-30,38,Put,210.00,-17.22%,4.35,4.65,4.9,616,166,3.71,57.57%,64.46%,-0.153101,"12:30 ET"
AMD,619.33,2026-09-28,6,Put,610.00,-1.64%,10.25,10.4,10.5,761,205,3.71,55.09%,46.00%,-0.390237,"14:58 ET"
GFS,48.26,2027-01-15,115,Call,90.00,-85.87%,0.4,0.47,0.55,1699,459,3.7,57.91%,65.58%,0.069223,"14:49 ET"
JPM,340.8,2026-09-25,3,Put,340.00,-0.29%,2.73,2.8,2.92,3968,1073,3.7,26.82%,26.56%,-0.450086,"14:56 ET"
TMUS,161.45,2026-09-25,3,Put,162.50,+0.77%,2.15,2.45,2.55,683,185,3.69,33.11%,33.53%,-0.552642,"15:00 ET"
UBER,69.69,2026-09-25,3,Call,69.00,+1.23%,1.3,1.29,1.34,863,234,3.69,35.33%,38.68%,0.609939,"14:59 ET"
GOOGL,352.03,2026-09-23,1,Call,350.00,+0.80%,3.95,4,4.2,4390,1190,3.69,33.14%,36.24%,0.648256,"14:57 ET"
QCOM,196.56,2029-01-19,850,Put,280.00,+43.18%,107.55,108.55,109.5,622,169,3.68,52.35%,49.87%,-0.532226,"15:01 ET"
SMMT,17.11,2026-10-16,24,Put,9.00,-47.58%,0,0.1,0.35,2002,545,3.67,106.28%,172.69%,-0.046817,"12:54 ET"
GRAL,110.8,2026-10-16,24,Put,85.00,-24.15%,2.8,3.86,4.7,743,203,3.66,94.36%,128.50%,-0.16521,"13:10 ET"
GRAB,3.15,2029-01-19,850,Call,5.00,-57.73%,0.78,0.79,0.87,1631,446,3.66,62.20%,63.47%,0.542527,"14:17 ET"
BABA,116.56,2026-09-25,3,Put,117.00,+0.58%,2.49,2.58,2.61,792,217,3.65,43.42%,54.55%,-0.523088,"14:43 ET"
SNDK,1889.46,2026-09-25,3,Put,"1,750.00",-7.35%,11.3,11.6,11.6,1436,393,3.65,78.61%,83.75%,-0.149192,"14:56 ET"
EMR,154.87,2026-12-18,87,Call,180.00,-16.29%,1.9,2.15,2.35,648,178,3.64,30.21%,30.30%,0.182099,"14:18 ET"
AAPL,340.29,2026-09-30,8,Call,345.00,-1.17%,2.5,2.6,2.7,1052,289,3.64,23.81%,22.45%,0.348521,"14:52 ET"
INTC,122.79,2026-09-25,3,Call,123.00,-0.08%,3.1,3.25,3.25,4359,1197,3.64,69.17%,73.21%,0.505521,"14:58 ET"
MSFT,498.48,2026-10-02,10,Put,497.50,+0.02%,7.15,7.6,7.8,733,202,3.63,27.00%,23.92%,-0.477056,"14:58 ET"
TSLA,379.72,2026-09-30,8,Call,380.00,-0.24%,8.6,8.77,8.9,2133,587,3.63,41.88%,39.04%,0.511386,"15:01 ET"
MRNA,184.35,2026-09-25,3,Call,177.50,+2.77%,9.25,9.21,9.75,1681,465,3.62,82.98%,87.99%,0.685676,"14:47 ET"
LRCX,308.06,2028-01-21,486,Put,370.00,+19.71%,112.45,114.93,115.8,851,236,3.61,58.24%,58.68%,-0.464919,"13:44 ET"
U,43.05,2027-01-15,115,Put,31.00,-28.04%,0.78,0.99,1.24,1000,277,3.61,56.10%,60.21%,-0.121055,"13:54 ET"
AAPL,340.29,2026-09-25,3,Call,347.50,-1.90%,0.76,0.78,0.78,16825,4658,3.61,23.81%,25.43%,0.182313,"14:58 ET"
AMD,619.33,2026-10-02,10,Put,580.00,-6.48%,6.65,6.74,6.8,789,219,3.6,55.09%,52.34%,-0.211982,"14:56 ET"
MU,1093.42,2026-09-23,1,Call,"1,035.00",+4.89%,54.45,53,56.55,984,273,3.6,65.22%,67.59%,0.928128,"14:46 ET"
OSCR,30.59,2026-09-25,3,Put,29.00,-5.60%,0.28,0.29,0.4,1164,323,3.6,71.01%,85.23%,-0.236339,"14:57 ET"
NVDA,229.32,2026-09-28,6,Put,220.00,-4.11%,0.55,0.56,0.58,3110,865,3.6,33.07%,29.31%,-0.129019,"14:54 ET"
ADBE,238.55,2026-09-25,3,Put,237.50,-0.69%,3.2,3.4,3.65,669,187,3.58,40.23%,44.06%,-0.460689,"14:57 ET"
MU,1093.42,2026-09-23,1,Put,"1,000.00",-8.11%,0.22,0.24,0.24,6007,1677,3.58,65.22%,75.79%,-0.014826,"14:58 ET"
SNDK,1889.46,2026-09-25,3,Call,"2,000.00",-5.88%,22.7,22.46,23.2,13155,3675,3.58,78.61%,90.84%,0.255807,"14:57 ET"
SHOP,147.66,2026-09-25,3,Call,150.00,-2.13%,2.35,2.4,2.5,5394,1513,3.57,54.55%,64.27%,0.406176,"14:55 ET"
AAPL,340.29,2026-09-23,1,Put,332.50,-2.50%,0.14,0.13,0.15,6817,1907,3.57,23.81%,28.80%,-0.064471,"14:58 ET"
IMXI,12.09,2026-12-18,87,Put,10.00,-17.08%,0,1.05,1.55,500,140,3.57,92.72%,76.68%,-0.239338,"13:06 ET"
RXRX,4.12,2026-11-20,59,Call,1.00,+75.90%,3,3.19,3.75,822,230,3.57,92.14%,379.23%,0.955039,"14:42 ET"
ARM,331.41,2027-06-17,268,Put,250.00,-24.92%,33,33.5,33.95,3005,841,3.57,75.78%,71.34%,-0.211001,"12:48 ET"
MU,1093.42,2026-10-02,10,Call,"1,075.00",+1.21%,63.3,64.16,65,862,242,3.56,65.22%,78.78%,0.568669,"14:58 ET"
TEM,77.4,2026-09-25,3,Call,85.00,-9.21%,0.4,0.45,0.48,2465,693,3.56,75.31%,91.68%,0.13931,"14:59 ET"
ADBE,238.55,2026-10-02,10,Call,260.00,-8.72%,1,1.06,1.12,624,176,3.55,40.23%,44.27%,0.125963,"14:58 ET"
ALAB,363.55,2026-10-02,10,Call,485.00,-33.67%,0.68,0.81,1.05,878,247,3.55,84.56%,96.27%,0.039413,"14:26 ET"
AMD,619.33,2026-09-25,3,Put,602.50,-2.85%,5.55,5.75,5.65,643,182,3.53,55.09%,54.64%,-0.285552,"14:47 ET"
ECO,77.73,2026-10-16,24,Call,80.00,-2.24%,3.1,3.81,3.8,685,194,3.53,54.69%,57.01%,0.442128,"12:32 ET"
GOOGL,352.03,2026-09-30,8,Call,380.00,-7.70%,0.51,0.58,0.57,822,233,3.53,33.14%,33.67%,0.070692,"14:50 ET"
TSLA,379.72,2026-09-25,3,Call,392.50,-3.54%,1.95,2.05,1.99,5977,1695,3.53,41.88%,45.96%,0.221103,"15:02 ET"
META,738.68,2026-09-23,1,Call,790.00,-6.62%,0.26,0.27,0.27,13199,3753,3.52,44.47%,65.70%,0.027544,"14:58 ET"
LTH,37.62,2027-01-15,115,Put,30.00,-20.47%,0.15,0.8,1.95,714,203,3.52,48.91%,50.42%,-0.163187,"12:48 ET"
VKTX,41.19,2026-10-02,10,Call,45.00,-14.80%,1.13,1.3,1.5,1241,353,3.52,81.44%,98.45%,0.325783,"15:02 ET"
STLA,4.83,2026-10-23,31,Call,2.00,+58.51%,2.75,2.85,3.6,744,212,3.51,53.90%,364.72%,0.913538,"14:45 ET"
SRAD,13.9,2026-10-16,24,Call,12.50,+8.83%,1.55,1.45,1.85,856,244,3.51,66.92%,60.70%,0.776802,"14:26 ET"
INTC,122.79,2026-09-23,1,Put,122.00,-0.73%,1.32,1.34,1.36,8368,2396,3.49,69.17%,67.26%,-0.417714,"14:58 ET"
TSLA,379.72,2026-09-25,3,Call,377.50,+0.42%,7.2,7.28,7.35,11723,3372,3.48,41.88%,44.23%,0.568198,"15:02 ET"
SNDK,1889.46,2026-09-25,3,Call,"2,110.00",-11.71%,8.9,9.2,9.2,653,188,3.47,78.61%,98.21%,0.114676,"14:51 ET"
SOFI,17.21,2029-01-19,850,Put,15.00,-12.59%,3.6,3.62,3.7,1123,324,3.47,48.73%,56.14%,-0.258225,"14:57 ET"
CAPR,9.39,2026-12-18,87,Put,6.00,-35.62%,2.15,2.11,2.25,1334,384,3.47,169.11%,266.66%,-0.159436,"12:56 ET"
MSFT,498.48,2026-09-28,6,Call,500.00,-0.52%,4.95,5.2,5.15,1415,408,3.47,27.00%,23.21%,0.456732,"14:58 ET"
BTDR,13.13,2026-09-25,3,Call,1.00,+92.38%,11.9,12.03,12.3,623,180,3.46,94.90%,"1,091.00%",0.999023,"13:31 ET"
MS,200.36,2026-12-18,87,Call,190.00,+5.36%,18.45,18.92,19.95,1069,309,3.46,34.09%,33.76%,0.66581,"13:31 ET"
AMD,619.33,2026-10-02,10,Put,575.00,-7.28%,5.65,5.7,5.85,518,150,3.45,55.09%,52.85%,-0.186251,"14:56 ET"
NVO,39.38,2026-11-20,59,Call,37.50,+4.87%,3.5,3.65,3.6,690,200,3.45,33.69%,43.88%,0.625264,"14:48 ET"
IONQ,40.65,2026-10-02,10,Call,43.00,-6.44%,0.95,1,1.04,1251,363,3.45,71.78%,70.38%,0.337256,"14:53 ET"
SNDK,1889.46,2026-09-25,3,Call,"1,870.00",+1.00%,67.3,67.4,68.2,1457,422,3.45,78.61%,85.55%,0.565447,"14:58 ET"
XYZ,77.5,2026-11-20,59,Call,90.00,-16.20%,1.93,2.17,2.04,11337,3282,3.45,41.61%,46.82%,0.250035,"14:03 ET"
MSTR,169.24,2026-09-25,3,Put,160.00,-5.17%,1.39,1.44,1.46,14084,4098,3.44,72.48%,77.89%,-0.205137,"14:58 ET"
CSCO,105.76,2026-09-25,3,Put,105.00,-0.62%,0.77,0.8,0.86,2303,669,3.44,33.53%,33.49%,-0.363982,"14:57 ET"
GOOGL,352.03,2026-09-30,8,Call,365.00,-3.45%,2.21,2.34,2.33,535,156,3.43,33.14%,31.62%,0.239208,"14:57 ET"
KD,12.07,2026-10-16,24,Put,11.00,-8.49%,0.1,0.24,0.25,810,236,3.43,53.55%,47.23%,-0.202053,"14:18 ET"
PLTR,184.35,2026-09-25,3,Put,192.50,+4.42%,8.9,8.95,9.15,939,274,3.43,50.22%,51.01%,-0.822289,"14:03 ET"
AFRM,71.65,2026-12-18,87,Call,60.00,+16.31%,14.9,15.7,16.65,543,159,3.42,57.01%,66.47%,0.767477,"10:44 ET"
PAA,24.58,2026-11-20,59,Put,24.00,-2.04%,0.45,0.65,0.7,702,205,3.42,19.63%,20.28%,-0.387697,"14:46 ET"
GOOGL,352.03,2026-09-25,3,Put,355.00,+0.61%,5.9,5.67,6.2,1629,477,3.42,33.14%,36.82%,-0.576866,"14:55 ET"
SMMT,17.11,2026-10-16,24,Put,15.00,-12.64%,0.6,0.8,1,1669,489,3.41,106.28%,101.23%,-0.259892,"14:19 ET"
GOOG,347.73,2026-09-25,3,Put,347.50,-0.27%,4.15,4,4.3,2119,622,3.41,32.87%,36.22%,-0.470124,"14:55 ET"
META,738.68,2026-09-25,3,Put,742.50,+0.21%,17.65,17.1,18.25,799,235,3.4,44.47%,60.74%,-0.521035,"14:53 ET"
AMZN,255.09,2026-10-16,24,Call,257.50,-0.81%,6.85,6.95,6.9,844,248,3.4,32.39%,29.89%,0.47511,"14:56 ET"
NVDA,229.32,2026-09-28,6,Call,245.00,-6.79%,0.14,0.15,0.16,1390,410,3.39,33.07%,29.54%,0.042899,"14:54 ET"
VIAV,36.01,2026-10-16,24,Put,32.00,-11.80%,0.7,0.75,1,504,149,3.38,70.36%,67.62%,-0.21826,"14:42 ET"
CPRI,15.39,2026-10-16,24,Call,17.50,-14.30%,0.3,0.35,0.4,670,198,3.38,65.55%,63.82%,0.251107,"14:53 ET"
KGC,28.58,2026-11-20,59,Put,24.00,-16.05%,0.46,0.55,0.63,854,253,3.38,46.62%,50.33%,-0.162416,"10:08 ET"
HOOD,124.35,2026-09-25,3,Call,129.00,-3.71%,1.28,1.26,1.31,3229,954,3.38,63.40%,68.70%,0.279391,"14:56 ET"
INTC,122.79,2026-09-23,1,Put,119.00,-3.17%,0.44,0.42,0.47,6646,1968,3.38,69.17%,68.77%,-0.18516,"14:55 ET"
GRAB,3.15,2026-10-30,38,Put,3.00,-5.36%,0.14,0.15,0.16,6805,2015,3.38,62.20%,55.53%,-0.355456,"14:57 ET"
RMBS,105.19,2026-11-20,59,Call,150.00,-43.69%,2.4,3,3,557,166,3.36,72.24%,79.19%,0.17285,"15:00 ET"
SMCI,41.58,2026-10-30,38,Put,30.00,-27.57%,0.35,0.36,0.39,614,183,3.36,74.89%,76.48%,-0.073212,"14:37 ET"
SNDK,1889.46,2026-09-25,3,Call,"1,782.50",+5.63%,124.2,122.35,125.4,679,202,3.36,78.61%,85.79%,0.782538,"14:03 ET"
ORCL,150.04,2026-09-25,3,Put,149.00,-0.80%,2.3,2.4,2.39,2464,733,3.36,50.86%,54.20%,-0.42234,"14:50 ET"
AMZN,255.09,2026-09-28,6,Call,257.50,-0.81%,2.45,2.48,2.53,2002,597,3.35,32.39%,27.31%,0.399651,"14:58 ET"
RIVN,15.12,2026-10-02,10,Call,15.50,-2.38%,0.38,0.38,0.39,2434,727,3.35,56.09%,54.48%,0.41182,"14:39 ET"
SIMO,284.3,2026-10-16,24,Call,290.00,-3.03%,19.2,19.6,21.1,906,271,3.34,80.60%,78.22%,0.500268,"14:58 ET"
WMT,109.79,2026-09-25,3,Put,109.00,-0.47%,0.67,0.67,0.7,2096,627,3.34,24.69%,26.81%,-0.368448,"15:02 ET"
MSFT,498.48,2026-10-23,31,Put,470.00,-5.51%,4.45,4.46,4.7,736,221,3.33,27.00%,26.29%,-0.205725,"14:58 ET"
COIN,202.24,2027-06-17,268,Put,210.00,+4.48%,48.15,50.06,49.7,2501,751,3.33,66.18%,69.06%,-0.398279,"13:25 ET"
HIMS,31.1,2026-09-25,3,Call,35.00,-12.32%,0.12,0.13,0.14,3304,992,3.33,74.02%,94.83%,0.104712,"14:56 ET"
GOOGL,352.03,2026-09-25,3,Put,357.50,+1.32%,7.35,6.85,7.75,654,197,3.32,33.14%,36.18%,-0.660016,"14:43 ET"
NBIS,236.2,2026-10-02,10,Call,235.00,+0.48%,13,13.22,13.75,1326,399,3.32,83.82%,81.98%,0.542768,"14:54 ET"
SNDK,1889.46,2026-09-25,3,Call,"1,840.00",+2.59%,84.3,83.5,85.3,787,238,3.31,78.61%,85.21%,0.645993,"14:49 ET"
CIFR,19.3,2026-10-09,17,Call,20.00,-3.36%,1.35,1.37,1.42,2854,863,3.31,98.72%,100.48%,0.481292,"14:57 ET"
META,738.68,2026-09-25,3,Call,825.00,-11.34%,0.82,0.92,0.97,1407,426,3.3,44.47%,70.79%,0.046707,"14:54 ET"
GOOGL,352.03,2026-09-25,3,Call,367.50,-4.15%,0.68,0.69,0.73,2186,662,3.3,33.14%,38.30%,0.119015,"14:56 ET"
PYPL,52.92,2026-09-25,3,Call,55.00,-3.79%,0.21,0.23,0.24,11045,3356,3.29,36.01%,46.84%,0.186523,"15:01 ET"
SNDK,1889.46,2026-09-25,3,Call,"2,080.00",-10.12%,11.4,11.29,11.8,509,155,3.28,78.61%,96.05%,0.143081,"14:54 ET"
MSFT,498.48,2026-09-28,6,Call,495.00,+0.49%,7.45,8.4,7.9,531,162,3.28,27.00%,23.48%,0.589721,"14:54 ET"
VLO,385.8,2026-12-18,87,Call,500.00,-28.23%,9.3,10.1,11.5,985,300,3.28,53.99%,54.39%,0.204054,"14:00 ET"
MU,1093.42,2026-09-28,6,Call,"1,150.00",-5.68%,10.05,9.84,10.2,1607,492,3.27,65.22%,55.01%,0.233513,"14:58 ET"
TSLA,379.72,2026-09-28,6,Call,387.50,-2.22%,4.1,4.15,4.25,717,220,3.26,41.88%,37.48%,0.349276,"15:00 ET"
AAOI,106.01,2026-10-02,10,Call,105.00,+2.36%,6.7,7.5,7.8,1112,341,3.26,92.16%,94.11%,0.563541,"14:36 ET"
INTC,122.79,2026-09-23,1,Put,123.00,+0.08%,1.79,1.84,1.86,2749,842,3.26,69.17%,67.55%,-0.50958,"14:58 ET"
SNDK,1889.46,2026-09-25,3,Call,"1,950.00",-3.24%,34.9,35,35.5,4437,1365,3.25,78.61%,88.13%,0.358635,"14:58 ET"
STZ,117.45,2026-10-02,10,Put,115.00,-1.70%,1.05,1.25,1.35,531,164,3.24,35.28%,29.10%,-0.31839,"13:20 ET"
ASST,29.84,2026-10-02,10,Call,34.00,-14.67%,0.22,0.24,0.31,678,209,3.24,78.83%,73.01%,0.149999,"14:26 ET"
MSTR,169.24,2026-10-02,10,Put,150.00,-11.10%,1.39,1.42,1.47,7497,2316,3.24,72.48%,70.26%,-0.136308,"14:57 ET"
IREN,48.53,2026-09-25,3,Call,48.50,+0.06%,1.58,1.61,1.63,5261,1627,3.23,83.26%,89.35%,0.523703,"14:57 ET"
TTD,13.2,2026-09-25,3,Call,13.50,-1.81%,0.17,0.18,0.18,2321,719,3.23,60.79%,61.76%,0.358933,"15:02 ET"
AMZN,255.09,2026-09-23,1,Call,245.00,+4.08%,9.95,10.48,10.6,640,199,3.22,32.39%,58.09%,0.907019,"14:10 ET"
NVDA,229.32,2026-09-30,8,Put,227.50,-0.84%,3,3.02,3.15,660,205,3.22,33.07%,29.38%,-0.415182,"14:51 ET"
TSLA,379.72,2026-09-28,6,Put,370.00,-2.40%,3.1,3.1,3.2,1197,372,3.22,41.88%,36.60%,-0.279081,"15:01 ET"
WFC,83.52,2026-09-25,3,Put,86.00,+2.72%,2.31,2.6,2.71,1209,376,3.22,31.75%,25.83%,-0.895081,"15:00 ET"
MSFT,498.48,2026-09-28,6,Call,515.00,-3.53%,1.05,1.2,1.21,1231,382,3.22,27.00%,24.12%,0.144783,"14:57 ET"
NBIS,236.2,2026-09-25,3,Call,237.50,-0.58%,6.8,7,6.95,1844,573,3.22,83.82%,88.25%,0.486487,"14:57 ET"
MU,1093.42,2026-09-28,6,Put,"1,000.00",-8.11%,3.45,3.47,3.5,1085,338,3.21,65.22%,52.99%,-0.096995,"14:58 ET"
PANW,374.38,2026-09-25,3,Put,340.00,-9.88%,0.22,0.29,0.39,1337,416,3.21,52.41%,60.70%,-0.036409,"14:36 ET"
PCG,12.97,2026-09-25,3,Call,13.00,-0.08%,0.14,0.16,0.25,1345,419,3.21,42.32%,43.38%,0.493915,"14:40 ET"
MU,1093.42,2026-09-28,6,Call,"1,040.00",+4.43%,59.85,60,60.3,768,240,3.2,65.22%,52.49%,0.766892,"14:58 ET"
CRM,232.8,2026-09-25,3,Put,225.00,-3.09%,1.05,1.05,1.12,2109,660,3.2,39.47%,44.31%,-0.203298,"14:57 ET"
AMD,619.33,2026-09-23,1,Put,580.00,-6.48%,0.2,0.21,0.23,2238,699,3.2,55.09%,64.55%,-0.026655,"14:56 ET"
TSLA,379.72,2026-09-23,1,Call,400.00,-5.52%,0.13,0.13,0.14,18822,5888,3.2,41.88%,53.51%,0.032684,"15:02 ET"
BULL,8.15,2026-10-02,10,Put,8.50,+3.91%,0.51,0.52,0.55,512,161,3.18,62.27%,60.21%,-0.642646,"14:44 ET"
MRNA,184.35,2026-09-25,3,Call,205.00,-12.29%,0.91,0.93,0.97,3040,957,3.18,82.98%,98.52%,0.12064,"14:57 ET"
PYPL,52.92,2026-09-25,3,Call,56.00,-5.68%,0.12,0.15,0.17,6590,2077,3.17,36.01%,52.22%,0.120019,"14:46 ET"
JPM,340.8,2026-10-02,10,Call,350.00,-2.65%,1.86,2,2.11,570,180,3.17,26.82%,23.23%,0.256541,"14:58 ET"
ELF,101.33,2028-01-21,486,Put,125.00,+25.09%,40.6,41.25,41.95,783,247,3.17,55.36%,61.65%,-0.472139,"14:13 ET"
GOOG,347.73,2026-09-25,3,Put,350.00,+0.45%,5.45,5.4,5.65,2236,707,3.16,32.87%,36.28%,-0.557016,"14:56 ET"
PTON,5.03,2026-10-09,17,Call,5.50,-8.91%,0.07,0.1,0.1,585,186,3.15,56.29%,54.38%,0.253709,"13:30 ET"
META,738.68,2026-09-25,3,Call,835.00,-12.69%,0.56,0.57,0.7,611,194,3.15,44.47%,72.20%,0.033811,"14:41 ET"
MRVL,264.63,2026-09-25,3,Put,247.50,-6.23%,1.4,1.5,1.55,819,260,3.15,68.68%,72.57%,-0.157369,"14:49 ET"
MSTR,169.24,2026-10-30,38,Call,210.00,-24.47%,5.25,5.15,5.5,854,271,3.15,72.48%,78.88%,0.239304,"14:32 ET"
AMZN,255.09,2026-09-25,3,Call,257.50,-0.81%,1.91,1.95,1.95,16521,5243,3.15,32.39%,32.62%,0.375606,"14:58 ET"
MRNA,184.35,2026-09-25,3,Call,230.00,-25.99%,0.09,0.23,0.23,893,284,3.14,82.98%,119.65%,0.022325,"14:56 ET"
META,738.68,2026-09-25,3,Call,755.00,-1.89%,10,10.23,10.4,3782,1205,3.14,44.47%,62.62%,0.365937,"14:57 ET"
MU,1093.42,2026-09-23,1,Put,"1,030.00",-5.35%,0.69,0.7,0.73,4668,1487,3.14,65.22%,64.20%,-0.04637,"14:58 ET"
ABVX,98.36,2027-01-15,115,Put,100.00,+0.87%,13.3,13.7,13.8,651,208,3.13,63.69%,59.77%,-0.445588,"14:56 ET"
TSLA,379.72,2026-09-30,8,Call,382.50,-0.90%,7.5,7.7,7.75,751,240,3.13,41.88%,39.21%,0.466411,"15:01 ET"
META,738.68,2026-09-23,1,Put,727.50,-1.82%,3.6,3.6,3.95,2404,769,3.13,44.47%,54.40%,-0.284001,"14:58 ET"
INTC,122.79,2026-09-25,3,Put,122.00,-0.73%,2.72,2.78,2.8,2491,796,3.13,69.17%,71.44%,-0.445122,"14:57 ET"
PSX,260.27,2026-12-18,87,Call,230.00,+12.16%,39.9,41.8,42.8,865,277,3.12,44.34%,47.42%,0.744855,"12:57 ET"
SNDK,1889.46,2026-09-25,3,Call,"2,300.00",-21.77%,2,1.95,2.1,1343,431,3.12,78.61%,111.60%,0.028829,"14:55 ET"
BKR,56.87,2026-12-18,87,Call,55.00,+3.53%,5,5.4,5.7,1511,485,3.12,35.66%,38.70%,0.615513,"11:01 ET"
NG,7.68,2026-10-16,24,Call,7.00,+8.38%,0.8,0.85,1.2,811,261,3.11,78.40%,79.00%,0.714835,"13:54 ET"
BA,198.04,2026-09-25,3,Call,197.50,-0.03%,2.63,2.64,2.83,1699,546,3.11,31.45%,34.70%,0.537137,"14:57 ET"
CRWV,87.17,2026-10-02,10,Put,88.00,+0.71%,4.65,4.71,4.85,511,165,3.1,76.28%,74.73%,-0.506727,"14:21 ET"
CTAS,197.93,2026-09-25,3,Put,195.00,-0.53%,3.2,3.5,3.5,804,259,3.1,29.79%,63.07%,-0.402017,"14:58 ET"
AMZN,255.09,2026-10-30,38,Call,255.00,+0.16%,13.1,13.3,13.7,932,301,3.1,32.39%,39.56%,0.53638,"14:58 ET"
AMZN,255.09,2026-10-02,10,Put,237.50,-7.02%,0.49,0.51,0.53,1694,547,3.1,32.39%,31.70%,-0.081978,"14:24 ET"
WPC,67.14,2027-01-15,115,Call,70.00,-4.24%,1.25,1.4,1.45,883,286,3.09,19.36%,17.39%,0.330071,"14:24 ET"
WMT,109.79,2027-12-17,451,Call,110.00,-0.45%,15.75,16.07,16.2,1213,392,3.09,24.69%,29.49%,0.602995,"14:52 ET"
NVTS,12.37,2026-10-16,24,Call,12.00,+1.40%,1.13,1.2,1.24,3094,1002,3.09,84.94%,80.96%,0.594884,"14:58 ET"
NBIS,236.2,2026-09-25,3,Put,242.50,+2.69%,11.15,11.2,11.25,521,169,3.08,83.82%,87.50%,-0.617363,"14:55 ET"
MU,1093.42,2026-09-25,3,Call,"1,155.00",-6.14%,5.75,5.75,5.9,566,184,3.08,65.22%,65.91%,0.171635,"14:58 ET"
CRWD,248.47,2026-10-02,10,Put,242.50,-3.09%,5.9,5.44,6.3,582,189,3.08,54.28%,54.96%,-0.371536,"14:30 ET"
META,738.68,2026-12-18,87,Put,730.00,-1.48%,54.25,54.07,55.35,708,230,3.08,44.47%,43.33%,-0.423312,"14:49 ET"
IREN,48.53,2026-10-02,10,Put,48.50,-0.06%,2.5,2.5,2.58,3126,1016,3.08,83.26%,80.95%,-0.467276,"14:34 ET"
QXO,12.69,2027-01-15,115,Put,12.00,-5.51%,1.25,1.35,1.4,1114,363,3.07,61.28%,62.21%,-0.359007,"14:20 ET"
MRNA,184.35,2026-09-25,3,Put,165.00,-9.62%,0.62,0.65,0.7,1066,348,3.06,82.98%,91.94%,-0.089773,"14:57 ET"
OXY,56.57,2026-09-25,3,Put,56.00,-1.34%,0.47,0.51,0.54,1075,351,3.06,33.91%,37.87%,-0.370157,"15:00 ET"
META,738.68,2026-09-25,3,Put,745.00,+0.54%,19,19.37,19.7,1097,358,3.06,44.47%,60.79%,-0.545271,"14:56 ET"
TSLA,379.72,2026-09-23,1,Call,370.00,+2.40%,10.25,10.25,10.75,6065,1986,3.05,41.88%,48.79%,0.848273,"15:02 ET"
TSLA,379.72,2026-09-25,3,Put,370.00,-2.40%,2.24,2.2,2.28,10639,3489,3.05,41.88%,43.60%,-0.248084,"15:02 ET"
DBX,34.01,2026-10-02,10,Call,35.00,-3.64%,0.45,0.62,0.65,564,185,3.05,39.80%,37.67%,0.381974,"14:43 ET"
TSLA,379.72,2026-09-30,8,Call,375.00,+1.08%,11.25,11.48,11.6,707,232,3.05,41.88%,39.08%,0.601621,"15:02 ET"
SMCI,41.58,2026-10-30,38,Call,55.00,-32.79%,0.78,0.78,0.84,977,320,3.05,74.89%,77.92%,0.163632,"14:58 ET"
AVGO,364.57,2026-09-23,1,Put,355.00,-2.61%,0.28,0.29,0.31,1879,617,3.05,37.51%,35.89%,-0.091969,"14:57 ET"
KOD,33.86,2026-10-16,24,Put,25.00,-26.10%,3,3.12,3.3,2244,735,3.05,217.30%,228.18%,-0.205717,"14:51 ET"
META,738.68,2026-09-23,1,Put,737.50,-0.47%,7.45,7.85,7.8,2610,856,3.05,44.47%,54.57%,-0.463716,"14:58 ET"
SNDK,1889.46,2026-09-25,3,Call,"1,930.00",-2.18%,41.3,40.87,42,843,277,3.04,78.61%,87.22%,0.406586,"14:58 ET"
META,738.68,2026-09-25,3,Call,737.50,+0.47%,17,17.6,17.95,1124,370,3.04,44.47%,62.10%,0.528146,"14:55 ET"
EXC,41.81,2026-10-16,24,Call,44.00,-5.24%,0.15,0.19,0.2,2785,916,3.04,20.14%,19.78%,0.160283,"14:45 ET"
WULF,17.48,2026-09-25,3,Call,18.50,-5.59%,0.19,0.2,0.2,3890,1279,3.04,82.14%,89.36%,0.242834,"15:02 ET"
GOOG,347.73,2026-09-25,3,Call,360.00,-3.32%,1,1.03,1.03,17432,5740,3.04,32.87%,37.20%,0.165393,"14:58 ET"
NBIS,236.2,2026-09-25,3,Call,272.50,-15.40%,0.5,0.45,0.52,533,176,3.03,83.82%,98.13%,0.058537,"14:50 ET"
AMD,619.33,2026-10-02,10,Put,585.00,-5.67%,7.85,8.05,8.05,806,266,3.03,55.09%,52.21%,-0.241354,"14:54 ET"
ZS,209.98,2026-11-20,59,Call,260.00,-23.64%,5.3,5.39,6,670,222,3.02,55.71%,59.11%,0.220879,"13:51 ET"
MSFT,498.48,2026-10-02,10,Put,475.00,-4.51%,1.32,1.44,1.55,2370,786,3.02,27.00%,26.20%,-0.130172,"14:50 ET"
WMB,71.07,2026-10-16,24,Call,72.00,-1.05%,1.7,1.8,1.8,852,283,3.01,29.14%,29.07%,0.454566,"14:42 ET"
AMD,619.33,2026-09-23,1,Put,570.00,-8.09%,0.09,0.1,0.11,2118,704,3.01,55.09%,70.52%,-0.012454,"14:57 ET"
MU,1093.42,2026-09-25,3,Call,"1,150.00",-5.68%,6.5,6.6,6.65,5973,1984,3.01,65.22%,65.62%,0.189621,"14:58 ET"
BHVN,14.91,2026-10-16,24,Put,15.00,+1.83%,1.3,1.5,1.95,750,250,3,84.77%,102.29%,-0.462308,"13:20 ET"
NVDA,229.32,2026-10-02,10,Call,242.50,-5.70%,0.9,0.92,0.92,5019,1674,3,33.07%,31.45%,0.15049,"14:55 ET"
LEN,82.98,2026-12-18,87,Call,95.00,-14.85%,2.35,2.54,2.55,550,184,2.99,38.35%,39.37%,0.274325,"14:00 ET"
MRNA,184.35,2026-09-25,3,Call,240.00,-31.46%,0.06,0.13,0.22,628,210,2.99,82.98%,135.74%,0.017781,"14:20 ET"
VKTX,41.19,2026-09-25,3,Call,38.00,+3.06%,3.6,4,4.5,1681,564,2.98,81.44%,142.88%,0.756244,"15:02 ET"
MXL,85.49,2026-12-18,87,Put,75.00,-12.99%,10.4,11.5,11.1,2250,755,2.98,97.69%,102.23%,-0.297782,"10:15 ET"
HPE,61.12,2026-10-16,24,Put,56.00,-8.85%,1.52,1.58,1.71,2069,700,2.96,63.56%,61.84%,-0.255024,"14:28 ET"
MRNA,184.35,2026-09-25,3,Call,225.00,-23.25%,0.2,0.22,0.38,699,237,2.95,82.98%,121.12%,0.037353,"14:48 ET"
SKHY,194.85,2026-09-25,3,Call,197.50,-1.28%,3.45,3.55,3.55,1568,531,2.95,63.38%,67.05%,0.420221,"15:00 ET"
META,738.68,2026-09-23,1,Put,720.00,-2.83%,1.89,2.02,2,7820,2648,2.95,44.47%,53.77%,-0.172155,"14:57 ET"
SKHY,194.85,2026-09-25,3,Call,207.50,-6.41%,1.1,1.1,1.13,549,187,2.94,63.38%,71.20%,0.170744,"14:57 ET"
MSTR,169.24,2026-09-25,3,Call,180.00,-6.69%,1.85,1.85,1.89,15146,5162,2.93,72.48%,90.84%,0.237901,"14:58 ET"
META,738.68,2026-09-23,1,Call,737.50,+0.47%,9.1,9.27,9.4,1423,487,2.92,44.47%,54.56%,0.536501,"14:58 ET"
SNDK,1889.46,2026-09-25,3,Call,"1,600.00",+15.29%,283.5,288.45,293.4,1550,531,2.92,78.61%,70.76%,0.995533,"14:52 ET"
SNDK,1889.46,2026-09-25,3,Call,"1,850.00",+2.06%,78.4,77.86,79.3,3567,1220,2.92,78.61%,85.34%,0.619444,"14:56 ET"
SPCX,153.23,2026-10-30,38,Put,136.00,-11.78%,2.92,2.96,3.05,594,204,2.91,50.82%,50.18%,-0.199359,"14:09 ET"
MPC,395.2,2027-01-15,115,Put,250.00,-37.46%,1.75,2.25,4.2,674,232,2.91,50.01%,56.33%,-0.050122,"11:26 ET"
SNDK,1889.46,2026-10-02,10,Call,"2,400.00",-27.06%,8.8,9.2,9.7,608,210,2.9,78.61%,94.79%,0.074193,"14:53 ET"
SERV,4.51,2026-10-09,17,Call,5.00,-10.13%,0.12,0.13,0.13,1679,578,2.9,79.47%,75.48%,0.293525,"14:57 ET"
MSFT,498.48,2026-10-02,10,Put,482.50,-3.00%,2.43,2.51,2.75,509,176,2.89,27.00%,25.24%,-0.214391,"14:54 ET"
GOOG,347.73,2026-10-02,10,Call,357.50,-2.60%,3.7,3.75,3.85,739,256,2.89,32.87%,32.01%,0.322876,"14:56 ET"
SNDK,1889.46,2026-09-25,3,Call,"1,980.00",-4.83%,27,26.5,27.5,834,289,2.89,78.61%,89.69%,0.293842,"14:57 ET"
NUE,245.41,2026-10-16,24,Put,230.00,-6.60%,2.9,3,3.3,1034,358,2.89,36.41%,36.52%,-0.223517,"14:37 ET"
OSCR,30.59,2026-09-25,3,Put,30.00,-2.34%,0.59,0.6,0.7,1350,467,2.89,71.01%,82.09%,-0.387077,"15:00 ET"
META,738.68,2026-10-02,10,Put,750.00,+1.22%,28.7,28,29.3,552,192,2.88,44.47%,47.77%,-0.554744,"14:30 ET"
MARA,13.81,2026-09-25,3,Put,14.00,+1.08%,0.57,0.59,0.6,1370,475,2.88,83.87%,92.93%,-0.558273,"14:57 ET"
SCHW,101.07,2026-11-20,59,Call,105.00,-3.82%,2.98,3.1,3.15,1449,504,2.88,30.64%,27.77%,0.403583,"14:32 ET"
AMD,619.33,2026-09-25,3,Call,615.00,+0.83%,14.45,14.55,14.75,1878,652,2.88,55.09%,56.27%,0.559469,"14:56 ET"
GRAB,3.15,2026-10-09,17,Call,3.00,+5.36%,0.22,0.25,0.27,3041,1056,2.88,62.20%,60.14%,0.670629,"14:52 ET"
ELF,101.33,2028-01-21,486,Call,150.00,-50.11%,16.4,17.1,17.6,780,272,2.87,55.36%,62.30%,0.45222,"14:12 ET"
AAP,42.71,2026-09-25,3,Call,42.50,+1.14%,0.85,1.12,1.15,1649,574,2.87,49.87%,58.40%,0.544791,"14:27 ET"
BAC,56.44,2026-10-16,24,Call,58.00,-2.38%,1.01,1.07,1.08,905,316,2.86,27.62%,28.42%,0.379429,"14:23 ET"
MARA,13.81,2026-09-25,3,Put,13.50,-2.53%,0.32,0.34,0.33,8089,2832,2.86,83.87%,91.49%,-0.386462,"14:55 ET"
GME,24.3,2026-09-25,3,Call,24.00,+1.03%,0.72,0.79,0.78,24573,8588,2.86,54.57%,70.02%,0.579913,"14:58 ET"
MSTR,169.24,2026-09-25,3,Call,175.00,-3.72%,2.91,2.96,2.96,26192,9151,2.86,72.48%,86.11%,0.346127,"14:58 ET"
BMNR,28.77,2026-10-09,17,Call,33.00,-15.55%,0.62,0.66,0.69,572,201,2.85,78.28%,81.57%,0.239935,"14:31 ET"
MU,1093.42,2026-09-25,3,Call,"1,185.00",-8.90%,2.8,2.69,2.86,662,232,2.85,65.22%,68.30%,0.092322,"14:55 ET"
SCHW,101.07,2026-09-25,3,Put,95.00,-6.07%,0.07,0.11,0.14,1468,515,2.85,30.64%,44.95%,-0.058459,"15:02 ET"
AMZN,255.09,2026-09-25,3,Put,265.00,+3.75%,10.1,10.42,10.5,1593,558,2.85,32.39%,30.44%,-0.920453,"14:58 ET"
MU,1093.42,2026-09-23,1,Call,"1,040.00",+4.43%,50.85,50.35,51.25,2054,726,2.83,65.22%,68.77%,0.90383,"14:58 ET"
HPQ,32.04,2026-09-25,3,Put,33.00,+3.48%,1.2,1.33,1.49,2697,952,2.83,50.40%,67.28%,-0.670183,"13:10 ET"
VZLA,4.24,2027-04-16,206,Call,3.00,+28.91%,1.45,1.55,1.65,564,200,2.82,74.76%,67.41%,0.837258,"12:54 ET"
VICI,23.99,2026-11-20,59,Call,25.00,-3.95%,0.4,0.4,0.45,727,258,2.82,19.18%,22.30%,0.319517,"14:59 ET"
NOW,137.35,2026-10-02,10,Put,120.00,-12.24%,0.4,0.43,0.44,1387,492,2.82,54.78%,57.49%,-0.069937,"14:50 ET"
RKLB,72.34,2026-10-02,10,Call,75.00,-4.09%,2.37,2.39,2.4,6348,2257,2.81,73.18%,72.21%,0.409516,"15:01 ET"
INTC,122.79,2026-09-25,3,Put,120.00,-2.36%,1.88,1.97,1.93,7180,2554,2.81,69.17%,71.11%,-0.346456,"14:54 ET"
META,738.68,2026-09-25,3,Call,800.00,-7.97%,2.1,2.11,2.18,9802,3488,2.81,44.47%,67.11%,0.102516,"14:58 ET"
CRDO,190.05,2026-09-25,3,Call,192.50,-0.52%,4.3,4.6,4.8,529,188,2.81,73.24%,83.12%,0.443954,"14:58 ET"
MNKD,3.43,2026-10-23,31,Call,1.00,+70.59%,1.95,2.5,3.1,843,300,2.81,70.63%,362.41%,0.954872,"14:25 ET"
INTC,122.79,2026-09-23,1,Put,124.00,+0.90%,2.37,2.45,2.45,922,328,2.81,69.17%,68.19%,-0.598878,"14:57 ET"
NOW,137.35,2026-09-25,3,Call,138.00,-0.92%,2.65,2.66,2.69,1203,428,2.81,54.78%,59.55%,0.478093,"14:58 ET"
CRM,232.8,2026-10-02,10,Call,240.00,-3.37%,3.2,3.26,3.3,712,254,2.8,39.47%,40.26%,0.330475,"14:57 ET"
AMPL,13.21,2026-10-16,24,Call,15.00,-14.24%,0.2,0.35,0.35,600,215,2.79,69.13%,61.71%,0.240642,"13:23 ET"
INTC,122.79,2026-10-02,10,Put,108.00,-12.12%,0.76,0.81,0.81,704,252,2.79,69.17%,67.47%,-0.112409,"14:52 ET"
XOM,158.99,2026-09-25,3,Call,160.00,-0.46%,1.41,1.56,1.55,2243,803,2.79,29.26%,33.44%,0.425862,"14:58 ET"
NVDA,229.32,2026-09-30,8,Call,227.50,+0.84%,5,5.1,5.15,2247,806,2.79,33.07%,29.90%,0.584681,"14:56 ET"
GOOG,347.73,2026-09-25,3,Call,347.50,+0.27%,4.8,4.9,4.95,3060,1095,2.79,32.87%,35.97%,0.530617,"14:58 ET"
GOOGL,352.03,2026-09-28,6,Call,355.00,-0.61%,4.2,4.4,4.3,1338,482,2.78,33.14%,29.57%,0.437493,"14:57 ET"
MU,1093.42,2026-09-25,3,Call,"1,065.00",+2.13%,38,38.14,38.3,1397,503,2.78,65.22%,61.52%,0.6683,"14:58 ET"
SPCX,153.23,2026-09-25,3,Put,152.50,-1.08%,2.59,2.6,2.61,16339,5886,2.78,50.82%,54.78%,-0.443117,"15:02 ET"
AAPL,340.29,2026-09-25,3,Put,340.00,-0.30%,2.95,3,3.05,11353,4101,2.77,23.81%,25.25%,-0.484973,"14:57 ET"
PDD,80.1,2026-10-02,10,Call,84.00,-5.04%,0.45,0.52,0.55,577,208,2.77,32.75%,33.25%,0.206603,"14:53 ET"
MU,1093.42,2026-09-25,3,Call,"1,170.00",-7.52%,4,4.1,4.15,799,288,2.77,65.22%,67.10%,0.126726,"14:58 ET"
GEN,26.89,2026-12-18,87,Put,27.00,+0.37%,1.9,1.9,2.05,803,290,2.77,43.86%,37.46%,-0.467286,"14:25 ET"
SNDK,1889.46,2026-09-25,3,Call,"2,630.00",-39.24%,0.15,0.15,0.25,1167,421,2.77,78.61%,130.42%,0.003057,"14:57 ET"
ET,20.53,2026-10-09,17,Call,21.50,-3.97%,0.07,0.1,0.11,1344,485,2.77,19.50%,22.12%,0.174259,"14:34 ET"
JPM,340.8,2026-11-20,59,Put,310.00,-9.09%,3.65,3.8,3.95,1758,634,2.77,26.82%,27.81%,-0.175646,"14:40 ET"
GOOG,347.73,2026-09-25,3,Put,352.50,+1.17%,7.05,6.65,7.2,1931,696,2.77,32.87%,36.67%,-0.639213,"14:15 ET"
SKHY,194.85,2026-09-25,3,Call,210.00,-7.69%,0.82,0.85,0.85,2033,735,2.77,63.38%,72.67%,0.13299,"15:02 ET"
HIMS,31.1,2026-09-25,3,Call,33.00,-5.91%,0.36,0.41,0.41,4092,1476,2.77,74.02%,87.38%,0.26554,"14:56 ET"
MIST,0.9152,2027-03-19,178,Call,1.0000,-8.94%,0.2,0.23,0.85,500,181,2.76,368.81%,235.01%,0.781716,"12:58 ET"
HOOD,124.35,2026-10-09,17,Put,120.00,-3.53%,4.4,4.5,4.6,566,205,2.76,63.40%,61.18%,-0.370028,"14:28 ET"
AMZN,255.09,2026-09-28,6,Call,265.00,-3.75%,0.7,0.75,0.72,1710,620,2.76,32.39%,28.32%,0.150391,"14:56 ET"
META,738.68,2026-09-23,1,Put,717.50,-3.17%,1.5,1.62,1.61,3053,1108,2.76,44.47%,53.99%,-0.143446,"14:57 ET"
TSLA,379.72,2026-09-25,3,Put,372.50,-1.74%,2.94,2.9,2.98,3142,1141,2.75,41.88%,43.41%,-0.304267,"15:01 ET"
PSKY,9.95,2026-10-30,38,Call,12.00,-19.76%,0.17,0.24,0.27,10053,3659,2.75,61.64%,63.37%,0.209892,"14:39 ET"
MSFT,498.48,2026-10-02,10,Call,507.50,-2.03%,4.45,4.7,5.1,591,216,2.74,27.00%,25.90%,0.342971,"14:58 ET"
CVX,202.84,2026-10-02,10,Call,210.00,-3.18%,1.26,1.33,1.46,1259,460,2.74,27.96%,28.63%,0.244286,"14:51 ET"
UNH,374.11,2026-09-25,3,Call,382.50,-2.38%,1.3,1.28,1.47,1140,417,2.73,39.50%,31.63%,0.226233,"14:43 ET"
CAPR,9.39,2026-11-20,59,Call,20.00,-114.59%,1,1.35,1.5,1192,437,2.73,169.11%,220.42%,0.341545,"14:44 ET"
TSLA,379.72,2026-10-02,10,Call,377.50,+0.42%,12.3,12.5,12.55,2013,738,2.73,41.88%,44.42%,0.551315,"15:01 ET"
AMZN,255.09,2026-09-28,6,Call,260.00,-1.79%,1.64,1.66,1.69,2847,1042,2.73,32.39%,27.41%,0.298722,"14:58 ET"
META,738.68,2026-09-30,8,Call,850.00,-14.71%,1.04,1.25,1.24,858,315,2.72,44.47%,54.86%,0.047223,"14:15 ET"
CELH,29.63,2026-10-09,17,Call,30.00,-1.18%,1.1,1.31,1.22,513,189,2.71,55.39%,52.28%,0.478036,"13:56 ET"
ASTS,64.76,2026-10-02,10,Put,54.00,-16.73%,0.22,0.25,0.29,544,201,2.71,77.41%,77.96%,-0.065979,"14:42 ET"
NOW,137.35,2026-09-25,3,Call,136.00,+0.54%,3.6,3.65,3.75,939,347,2.71,54.78%,59.24%,0.585648,"14:51 ET"
LITE,941.68,2026-10-16,24,Put,850.00,-10.93%,28.8,29.6,30.4,974,360,2.71,75.12%,73.46%,-0.252168,"14:58 ET"
MU,1093.42,2026-09-25,3,Put,"1,045.00",-3.97%,7.3,7.5,7.4,1059,391,2.71,65.22%,59.81%,-0.213244,"14:58 ET"
ADBE,238.55,2026-09-25,3,Call,255.00,-6.63%,0.35,0.37,0.44,1358,502,2.71,40.23%,52.17%,0.078975,"14:56 ET"
HL,19.14,2026-09-25,3,Call,19.00,-0.11%,0.44,0.46,0.52,2710,1001,2.71,59.17%,64.89%,0.535047,"14:54 ET"
ARM,331.41,2026-09-25,3,Call,332.50,+0.14%,9.55,9.53,9.7,694,257,2.7,75.78%,85.80%,0.494473,"14:50 ET"
MU,1093.42,2026-09-25,3,Put,965.00,-11.32%,0.82,0.84,0.87,1525,564,2.7,65.22%,72.31%,-0.029856,"14:48 ET"
GOOGL,352.03,2026-09-25,3,Put,347.50,-1.51%,2.44,2.45,2.56,2443,905,2.7,33.14%,36.20%,-0.324959,"14:56 ET"
TSLA,379.72,2026-09-23,1,Call,365.00,+3.71%,14.8,14.95,15.15,4132,1532,2.7,41.88%,48.78%,0.940884,"15:01 ET"
BABA,116.56,2026-10-02,10,Call,124.00,-6.59%,1.15,1.19,1.23,1422,529,2.69,43.42%,48.14%,0.229262,"14:40 ET"
NOW,137.35,2026-10-02,10,Call,140.00,-2.38%,3.85,3.9,4,1647,613,2.69,54.78%,55.55%,0.439954,"14:56 ET"
AMD,619.33,2026-09-23,1,Put,585.00,-5.67%,0.29,0.32,0.33,2086,775,2.69,55.09%,61.20%,-0.038496,"14:46 ET"
AMD,619.33,2026-10-09,17,Put,530.00,-14.54%,2.93,3,3.1,727,271,2.68,55.09%,55.18%,-0.084977,"14:30 ET"
SCHW,101.07,2027-01-15,115,Put,110.00,+8.76%,10.4,10.95,11.15,1256,469,2.68,30.64%,24.76%,-0.697339,"14:33 ET"
TSM,451.52,2026-09-25,3,Call,457.50,-1.78%,2.7,2.6,2.76,1491,557,2.68,33.89%,31.45%,0.328182,"15:01 ET"
SYM,45.02,2027-01-15,115,Call,60.00,-32.01%,2.6,2.65,2.7,1559,581,2.68,61.34%,67.87%,0.295408,"14:58 ET"
MRNA,184.35,2026-09-25,3,Call,180.00,+1.40%,7.9,8,8.1,7151,2668,2.68,82.98%,88.93%,0.620155,"14:58 ET"
GOOGL,352.03,2026-09-25,3,Call,362.50,-2.74%,1.35,1.4,1.41,11484,4282,2.68,33.14%,37.17%,0.208907,"14:58 ET"
MSFT,498.48,2026-10-02,10,Call,497.50,-0.02%,8.85,8.85,9,821,308,2.67,27.00%,25.90%,0.523872,"14:58 ET"
IBM,232.37,2026-10-02,10,Call,240.00,-3.58%,2.31,2.47,2.47,1158,436,2.66,36.70%,35.13%,0.290778,"14:56 ET"
AMZN,255.09,2026-09-28,6,Call,262.50,-2.77%,1.07,1.1,1.14,1531,576,2.66,32.39%,27.90%,0.216011,"14:58 ET"
GOOG,347.73,2026-09-25,3,Put,342.50,-1.70%,2.22,2.22,2.25,1747,656,2.66,32.87%,36.18%,-0.302417,"14:57 ET"
MRNA,184.35,2026-10-09,17,Call,180.00,+1.40%,13.95,13.6,15.35,1795,676,2.66,82.98%,79.78%,0.586491,"14:18 ET"
MRNA,184.35,2027-03-19,178,Put,120.00,-34.27%,10.85,11.22,11.85,2010,755,2.66,82.98%,85.37%,-0.149101,"14:20 ET"
META,738.68,2026-09-23,1,Put,700.00,-5.53%,0.33,0.35,0.39,10651,4011,2.66,44.47%,59.32%,-0.038607,"14:58 ET"
SPCX,153.23,2026-10-16,24,Put,152.50,-1.08%,7.05,6.98,7.1,920,347,2.65,50.82%,48.98%,-0.451261,"14:41 ET"
FIGR,36.94,2026-10-02,10,Call,36.00,+2.28%,2.15,2.6,2.6,1164,439,2.65,77.79%,83.08%,0.584756,"14:45 ET"
GME,24.3,2026-09-25,3,Put,23.00,-5.15%,0.11,0.12,0.12,2745,1034,2.65,54.57%,60.75%,-0.159516,"14:56 ET"
PSX,260.27,2026-09-25,3,Put,250.00,-4.52%,1.05,1.05,1.7,3089,1165,2.65,44.34%,53.23%,-0.193389,"14:55 ET"
SNDK,1889.46,2026-09-25,3,Call,"1,815.00",+3.91%,100.5,99.88,101.6,549,208,2.64,78.61%,85.22%,0.709379,"14:15 ET"
SKHY,194.85,2026-10-09,17,Call,190.00,+2.56%,12.7,12.8,13.35,784,297,2.64,63.38%,62.50%,0.602725,"14:36 ET"
BRO,62.57,2027-03-19,178,Call,35.00,+43.80%,26.4,28,28.6,500,190,2.63,30.74%,48.39%,0.9677,"14:31 ET"
SHOP,147.66,2026-09-25,3,Call,170.00,-15.75%,0.12,0.13,0.16,508,193,2.63,54.55%,82.74%,0.033036,"15:01 ET"
AAPL,340.29,2026-09-30,8,Call,342.50,-0.43%,3.45,3.55,3.65,888,338,2.63,23.81%,22.49%,0.432436,"14:58 ET"
AAPL,340.29,2026-09-25,3,Put,342.50,+0.43%,4.25,4.35,4.4,3815,1448,2.63,23.81%,24.66%,-0.614394,"14:55 ET"
BAC,56.44,2026-09-25,3,Call,58.00,-2.38%,0.12,0.13,0.13,16734,6384,2.62,27.62%,28.68%,0.162822,"14:55 ET"
SNDK,1889.46,2026-10-02,10,Call,"2,200.00",-16.47%,23.1,24,24.5,524,200,2.62,78.61%,89.42%,0.170197,"14:58 ET"
SPCX,153.23,2026-10-30,38,Call,230.00,-49.20%,0.24,0.28,0.27,635,242,2.62,50.82%,60.11%,0.024275,"10:52 ET"
HIMS,31.1,2027-01-15,115,Call,31.00,+0.51%,5.55,5.57,5.75,698,266,2.62,74.02%,77.18%,0.605062,"14:28 ET"
BSX,44.79,2026-10-02,10,Put,43.00,-4.00%,0.35,0.41,0.45,743,284,2.62,39.45%,37.16%,-0.239411,"14:42 ET"
MU,1093.42,2026-09-25,3,Put,"1,060.00",-2.59%,11.25,11.3,11.4,1523,582,2.62,65.22%,59.51%,-0.296459,"14:58 ET"
AMD,619.33,2026-09-23,1,Call,650.00,-4.81%,0.39,0.4,0.41,4394,1678,2.62,55.09%,57.26%,0.051862,"14:58 ET"
AMZN,255.09,2026-10-30,38,Put,255.00,-0.16%,11.85,12.03,12.2,508,195,2.61,32.39%,37.87%,-0.46746,"14:56 ET"
MU,1093.42,2026-09-25,3,Call,"1,070.00",+1.67%,35,35.25,35.3,3908,1497,2.61,65.22%,61.95%,0.636526,"14:58 ET"
VKTX,41.19,2026-09-25,3,Call,40.00,-2.04%,2.7,2.75,2.8,11092,4242,2.61,81.44%,141.67%,0.617791,"15:02 ET"
BA,198.04,2026-09-25,3,Call,200.00,-1.30%,1.58,1.65,1.68,7528,2895,2.6,31.45%,34.89%,0.380249,"14:58 ET"
GRAB,3.15,2026-10-02,10,Call,3.00,+5.36%,0.19,0.2,0.21,8618,3319,2.6,62.20%,54.58%,0.718619,"14:54 ET"
MSFT,498.48,2026-09-25,3,Call,500.00,-0.52%,4.1,4.15,4.2,10943,4214,2.6,27.00%,28.08%,0.443944,"14:58 ET"
ADBE,238.55,2026-10-02,10,Call,265.00,-10.81%,0.5,0.69,0.81,505,194,2.6,40.23%,44.95%,0.083315,"14:43 ET"
SNDK,1889.46,2026-09-25,3,Call,"2,600.00",-37.65%,0.15,0.25,0.3,533,205,2.6,78.61%,127.87%,0.003468,"14:35 ET"
CELH,29.63,2026-10-02,10,Call,31.00,-4.55%,0.46,0.54,0.55,1055,406,2.6,55.39%,53.02%,0.315237,"14:45 ET"
GME,24.3,2026-10-23,31,Call,24.00,+1.03%,1.65,1.7,1.77,1479,569,2.6,54.57%,57.16%,0.553502,"14:31 ET"
BSX,44.79,2026-10-30,38,Put,40.00,-10.69%,0.6,0.82,0.9,902,348,2.59,39.45%,45.45%,-0.192736,"14:22 ET"
MSFT,498.48,2026-09-25,3,Call,507.50,-2.03%,1.59,1.74,1.92,8627,3337,2.59,27.00%,28.39%,0.236489,"14:58 ET"
GRAB,3.15,2026-09-25,3,Call,3.00,+5.36%,0.16,0.18,0.18,19117,7384,2.59,62.20%,68.18%,0.788003,"14:58 ET"
MU,1093.42,2026-09-25,3,Call,"1,125.00",-3.38%,11.6,11.75,11.8,895,347,2.58,65.22%,64.06%,0.30028,"14:58 ET"
AVGO,364.57,2026-09-28,6,Call,375.00,-2.87%,2.34,2.44,2.41,1009,391,2.58,37.51%,33.96%,0.255058,"14:56 ET"
FSLY,25.74,2026-09-25,3,Call,25.50,+2.11%,1.05,1.2,1.25,602,234,2.57,91.57%,113.31%,0.550349,"14:56 ET"
MU,1093.42,2026-10-02,10,Call,"1,095.00",-0.62%,54.2,54.05,56.25,631,246,2.57,65.22%,79.95%,0.513188,"14:50 ET"
Z,30.68,2026-10-16,24,Call,32.50,-6.21%,0.85,0.87,1,791,308,2.57,55.00%,51.39%,0.360739,"14:52 ET"
IREN,48.53,2026-09-25,3,Put,47.50,-2.12%,0.97,1.02,1.01,1638,637,2.57,83.26%,84.33%,-0.370592,"14:56 ET"
TSLA,379.72,2026-09-30,8,Call,400.00,-5.52%,2.52,2.55,2.59,1948,759,2.57,41.88%,40.59%,0.204953,"15:02 ET"
TSLA,379.72,2026-09-28,6,Call,380.00,-0.24%,7.05,7.3,7.2,2933,1140,2.57,41.88%,36.90%,0.507586,"15:01 ET"
META,738.68,2026-09-23,1,Put,710.00,-4.18%,0.76,0.8,0.86,5172,2012,2.57,44.47%,55.68%,-0.081651,"14:57 ET"
NFLX,71.86,2026-09-25,3,Put,72.00,+0.42%,0.93,0.93,0.96,17237,6724,2.56,35.29%,33.65%,-0.519011,"14:56 ET"
NBIS,236.2,2026-09-25,3,Put,232.50,-1.54%,5.6,5.75,5.75,726,284,2.56,83.82%,86.57%,-0.40731,"14:53 ET"
MU,1093.42,2026-09-25,3,Call,"1,110.00",-2.00%,16.1,15.74,16.3,1467,572,2.56,65.22%,63.24%,0.383225,"14:57 ET"
SNDK,1889.46,2026-09-25,3,Call,"2,050.00",-8.53%,14.8,14.6,15.1,2109,823,2.56,78.61%,94.00%,0.178471,"14:57 ET"
AVGO,364.57,2026-10-02,10,Call,382.50,-4.93%,3,3.05,3.15,587,230,2.55,37.51%,38.87%,0.23232,"14:14 ET"
MRK,151.81,2028-01-21,486,Call,170.00,-11.91%,16.35,17.03,17.5,758,297,2.55,29.00%,32.89%,0.467559,"14:51 ET"
MSFT,498.48,2026-09-23,1,Call,492.50,+0.99%,6.3,7.23,7.1,1022,401,2.55,27.00%,31.55%,0.750855,"14:56 ET"
BMY,62.5,2028-01-21,486,Put,60.00,-4.18%,7,7,7.45,2021,794,2.55,27.72%,31.29%,-0.36955,"14:12 ET"
GME,24.3,2026-09-25,3,Call,26.50,-9.28%,0.17,0.17,0.19,2056,806,2.55,54.57%,96.24%,0.166342,"14:53 ET"
CCL,22.33,2026-10-02,10,Call,23.00,-2.18%,0.55,0.65,0.65,2420,949,2.55,49.07%,60.17%,0.400454,"14:47 ET"
META,738.68,2026-10-02,10,Call,750.00,-1.22%,18.9,19,19.3,2742,1075,2.55,44.47%,48.61%,0.44785,"14:58 ET"
AAPL,340.29,2026-09-25,3,Call,345.00,-1.17%,1.31,1.33,1.35,25290,9900,2.55,23.81%,25.51%,0.277131,"14:58 ET"
META,738.68,2026-09-25,3,Call,840.00,-13.36%,0.46,0.54,0.56,505,199,2.54,44.47%,72.47%,0.027984,"14:44 ET"
JMKE,18.35,2026-11-20,59,Call,17.50,+4.99%,2.2,2.2,2.4,514,202,2.54,57.89%,60.51%,0.64026,"12:52 ET"
RIOT,24.77,2026-09-25,3,Put,24.50,-1.29%,0.62,0.6,0.65,1032,407,2.54,81.27%,84.71%,-0.432027,"14:41 ET"
DELL,549.51,2026-10-02,10,Call,600.00,-8.24%,7.25,7.3,7.45,1239,487,2.54,61.84%,62.54%,0.231705,"14:56 ET"
FSLY,25.74,2026-09-25,3,Call,25.00,+4.03%,1.25,1.45,1.6,8982,3556,2.53,91.57%,113.45%,0.625166,"14:52 ET"
MU,1093.42,2026-09-25,3,Call,"1,100.00",-1.08%,19.85,19.85,20,13784,5445,2.53,65.22%,62.75%,0.444067,"14:58 ET"
PCG,12.97,2027-01-15,115,Call,14.00,-7.78%,1.02,1.04,1.13,32502,12838,2.53,42.32%,49.85%,0.456227,"15:02 ET"
META,738.68,2026-09-25,3,Call,860.00,-16.06%,0.19,0.25,0.27,623,247,2.52,44.47%,74.28%,0.013468,"14:56 ET"
CCJ,94.65,2026-11-20,59,Call,105.00,-10.82%,3.9,4.05,4.2,635,252,2.52,46.92%,50.59%,0.348625,"13:07 ET"
RIG,5.49,2029-01-19,850,Call,10.00,-81.16%,0.8,0.91,1.05,800,317,2.52,50.98%,68.77%,0.36992,"14:25 ET"
AMD,619.33,2026-09-25,3,Put,590.00,-4.86%,2.73,2.72,2.81,1206,478,2.52,55.09%,55.42%,-0.164358,"14:57 ET"
ASTS,64.76,2026-10-02,10,Call,70.00,-7.94%,1.53,1.55,1.65,4599,1827,2.52,77.41%,79.23%,0.310662,"14:57 ET"
BTGO,8.2,2027-04-16,206,Call,7.50,+6.60%,2.3,2.3,2.45,500,199,2.51,90.41%,86.06%,0.684673,"14:18 ET"
SO,85.18,2026-10-16,24,Call,87.50,-2.60%,0.55,0.67,0.8,1979,789,2.51,17.88%,17.65%,0.286623,"13:41 ET"
CVX,202.84,2026-09-25,3,Call,210.00,-3.18%,0.31,0.39,0.39,3670,1460,2.51,27.96%,31.80%,0.122454,"14:55 ET"
AAPL,340.29,2026-09-25,3,Put,337.50,-1.03%,1.91,2.02,2.02,3926,1567,2.51,23.81%,25.60%,-0.360871,"14:58 ET"
MSFT,498.48,2026-09-25,3,Call,510.00,-2.53%,1.25,1.27,1.35,12903,5135,2.51,27.00%,28.79%,0.185217,"14:58 ET"
NFLX,71.86,2026-09-25,3,Put,71.00,-0.98%,0.49,0.51,0.5,8979,3594,2.5,35.29%,33.25%,-0.338676,"14:57 ET"
CG,40.5,2026-11-20,59,Call,45.00,-10.89%,1.3,1.33,1.45,694,278,2.5,44.55%,45.73%,0.314104,"14:49 ET"
IVZ,30.91,2027-01-15,115,Call,32.00,-3.56%,2.05,2,2.15,696,278,2.5,35.89%,36.49%,0.478275,"13:31 ET"
AVGO,364.57,2026-09-23,1,Call,360.00,+1.24%,5.05,5.2,5.25,2045,819,2.5,37.51%,36.62%,0.716687,"14:57 ET"
GME,24.3,2026-10-09,17,Call,24.00,+1.03%,1.31,1.34,1.35,2069,826,2.5,54.57%,58.19%,0.55578,"14:58 ET"
AMD,619.33,2026-09-25,3,Put,610.00,-1.64%,8.05,8.3,8.25,2901,1160,2.5,55.09%,54.36%,-0.375285,"14:55 ET"
MU,1093.42,2026-09-23,1,Put,990.00,-9.02%,0.16,0.18,0.19,2081,836,2.49,65.22%,80.41%,-0.010991,"14:53 ET"
NCLH,14.3,2026-10-16,24,Call,15.00,-5.19%,0.43,0.48,0.47,8083,3248,2.49,50.91%,49.96%,0.379477,"14:55 ET"
SPCX,153.23,2026-09-25,3,Call,155.00,-0.54%,2.37,2.37,2.39,45664,18349,2.49,50.82%,55.83%,0.428969,"15:02 ET"
GOOGL,352.03,2026-10-02,10,Call,370.00,-4.86%,2.02,2.04,2.08,8317,3360,2.48,33.14%,32.82%,0.197418,"14:58 ET"
AAPL,340.29,2026-09-28,6,Call,347.50,-1.90%,1.09,1.24,1.22,577,233,2.48,23.81%,20.96%,0.222395,"14:54 ET"
MSFT,498.48,2026-10-23,31,Put,475.00,-4.51%,5.3,5.8,5.8,605,244,2.48,27.00%,25.69%,-0.242945,"14:26 ET"
NVDA,229.32,2026-09-28,6,Call,240.00,-4.61%,0.4,0.41,0.41,1707,689,2.48,33.07%,27.75%,0.105281,"14:57 ET"
INTC,122.79,2026-09-25,3,Put,116.00,-5.61%,0.77,0.83,0.82,2216,894,2.48,69.17%,71.33%,-0.179228,"14:53 ET"
MGM,38.58,2026-12-18,87,Call,46.00,-19.36%,0.5,1.05,1.35,549,222,2.47,59.19%,40.86%,0.228035,"11:58 ET"
AAOI,106.01,2026-09-25,3,Put,108.00,+0.43%,4.5,4.81,5,675,273,2.47,92.16%,98.77%,-0.553942,"14:51 ET"
AG,20.18,2026-09-25,3,Call,20.50,-2.14%,0.29,0.32,0.32,1340,542,2.47,59.13%,63.54%,0.38703,"14:55 ET"
AAPL,340.29,2026-10-30,38,Call,370.00,-8.50%,2.28,2.59,2.5,1496,606,2.47,23.81%,25.04%,0.169003,"14:55 ET"
MU,1093.42,2026-09-28,6,Call,"1,100.00",-1.08%,24.65,24.87,24.85,5169,2095,2.47,65.22%,52.85%,0.458674,"14:58 ET"
GOOG,347.73,2026-09-25,3,Put,335.00,-3.85%,0.73,0.72,0.75,5315,2153,2.47,32.87%,37.45%,-0.124384,"14:58 ET"
MSTR,169.24,2026-09-25,3,Put,165.00,-2.20%,2.95,2.98,3.05,7084,2875,2.46,72.48%,79.37%,-0.351408,"14:58 ET"
V,363.38,2026-10-02,10,Put,345.00,-4.80%,0.49,0.62,0.65,632,257,2.46,21.31%,23.38%,-0.086753,"14:20 ET"
ZM,90.63,2028-01-21,486,Call,110.00,-21.21%,13.15,13.83,13.85,1000,407,2.46,39.10%,44.20%,0.491952,"14:00 ET"
AMZN,255.09,2026-09-30,8,Call,265.00,-3.75%,1.2,1.2,1.31,1132,461,2.46,32.39%,30.00%,0.202146,"14:58 ET"
MNOV,3,2026-10-16,24,Put,2.50,-17.49%,0.3,0.3,0.35,2631,1069,2.46,192.73%,196.92%,-0.264223,"14:58 ET"
BE,276.36,2026-10-02,10,Put,270.00,-2.78%,10.5,11,11.4,559,228,2.45,80.17%,78.13%,-0.398923,"14:52 ET"
AAOI,106.01,2028-01-21,486,Call,260.00,-141.77%,21.5,23.2,23.6,948,387,2.45,92.16%,98.84%,0.433654,"14:25 ET"
RKLB,72.34,2026-10-02,10,Call,72.00,+0.07%,3.5,3.68,3.7,1575,643,2.45,73.18%,70.70%,0.544859,"14:58 ET"
MRNA,184.35,2026-09-25,3,Put,175.00,-4.14%,2.36,2.39,2.47,1981,808,2.45,82.98%,89.58%,-0.2576,"14:55 ET"
UUUU,12.17,2026-09-25,3,Put,11.50,-5.04%,0.1,0.11,0.13,1992,814,2.45,66.71%,81.19%,-0.217131,"14:54 ET"
NFLX,71.86,2027-09-17,360,Call,80.00,-11.58%,9.3,9.42,9.45,3077,1254,2.45,35.29%,40.10%,0.51115,"14:57 ET"
TSLA,379.72,2026-09-25,3,Put,367.50,-3.05%,1.68,1.68,1.71,3398,1386,2.45,41.88%,43.81%,-0.19813,"15:01 ET"
WMT,109.79,2026-09-25,3,Call,109.00,+0.47%,1.58,1.6,1.63,7945,3241,2.45,24.69%,28.31%,0.625744,"15:02 ET"
ORCL,150.04,2026-09-25,3,Call,152.50,-1.53%,2.11,2.11,2.14,8193,3346,2.45,50.86%,56.94%,0.39722,"14:58 ET"
BAC,56.44,2026-10-02,10,Put,55.00,-2.91%,0.35,0.36,0.37,12568,5128,2.45,27.62%,25.35%,-0.249383,"14:57 ET"
COIN,202.24,2026-09-25,3,Call,210.00,-4.48%,2.57,2.64,2.65,17756,7277,2.44,66.18%,77.37%,0.300868,"14:58 ET"
NOW,137.35,2026-10-02,10,Call,135.00,+1.27%,6.2,6.2,6.4,536,220,2.44,54.78%,55.20%,0.596957,"14:44 ET"
DELL,549.51,2026-09-25,3,Put,555.00,+0.13%,13.55,13.83,14.15,732,300,2.44,61.84%,63.59%,-0.515774,"14:58 ET"
SNDK,1889.46,2026-09-25,3,Call,"1,810.00",+4.18%,104,107.02,105,752,308,2.44,78.61%,85.24%,0.721465,"13:57 ET"
OMER,21.13,2027-01-15,115,Call,26.00,-24.34%,1.35,1.45,1.75,1000,409,2.44,65.03%,64.23%,0.359863,"14:52 ET"
GOOGL,352.03,2026-10-02,10,Put,342.50,-2.93%,3.3,3.1,3.45,502,207,2.43,33.14%,32.23%,-0.281587,"14:44 ET"
AMD,619.33,2026-09-28,6,Put,600.00,-3.25%,6.7,6.75,6.85,555,228,2.43,55.09%,46.00%,-0.287955,"14:57 ET"
META,738.68,2026-10-02,10,Call,775.00,-4.59%,10.6,11.8,11.1,610,251,2.43,44.47%,49.15%,0.297434,"14:49 ET"
GOOGL,352.03,2026-09-28,6,Call,350.00,+0.80%,6.55,6.68,6.8,795,327,2.43,33.14%,29.25%,0.586585,"14:58 ET"
META,738.68,2026-09-28,6,Call,750.00,-1.22%,13.4,13.78,14,1245,512,2.43,44.47%,48.57%,0.422302,"14:56 ET"
MSFT,498.48,2026-09-23,1,Put,500.00,+0.52%,3.85,3.9,3.9,2393,986,2.43,27.00%,26.28%,-0.614271,"14:58 ET"
NVDA,229.32,2026-09-25,3,Put,230.00,+0.25%,2.9,2.91,2.92,7424,3058,2.43,33.07%,30.86%,-0.536178,"14:58 ET"
NVDA,229.32,2026-09-25,3,Put,225.00,-1.93%,1.01,1.03,1.03,15128,6232,2.43,33.07%,32.15%,-0.251673,"14:57 ET"
SPCX,153.23,2026-09-25,3,Call,152.50,+1.08%,3.55,3.57,3.6,15581,6405,2.43,50.82%,56.09%,0.556423,"15:02 ET"
BBIO,69.58,2026-10-16,24,Call,82.50,-19.01%,0.2,0.2,0.4,509,210,2.42,46.66%,46.13%,0.083707,"13:53 ET"
SNOW,337.92,2026-09-25,3,Put,340.00,+0.91%,7.55,7.1,8.15,543,224,2.42,47.80%,51.41%,-0.564081,"13:59 ET"
GOOG,347.73,2026-09-25,3,Call,372.50,-6.91%,0.17,0.18,0.2,1721,711,2.42,32.87%,41.05%,0.036336,"14:56 ET"
SOFI,17.21,2026-10-16,24,Call,18.50,-7.81%,0.35,0.35,0.36,2149,887,2.42,48.73%,46.83%,0.291599,"15:01 ET"
CELH,29.63,2026-09-25,3,Call,30.00,-1.18%,0.4,0.38,0.5,3289,1357,2.42,55.39%,59.10%,0.4075,"14:50 ET"
KBH,48.38,2026-10-16,24,Put,40.00,-17.63%,0.1,0.12,0.15,561,233,2.41,42.73%,46.85%,-0.049262,"14:58 ET"
MRK,151.81,2026-09-25,3,Call,152.50,-0.39%,1.2,1.3,1.45,1228,510,2.41,29.00%,31.24%,0.427011,"14:54 ET"
BA,198.04,2026-09-25,3,Call,207.50,-5.10%,0.28,0.29,0.31,2353,978,2.41,31.45%,38.59%,0.092626,"14:57 ET"
GOOG,347.73,2026-09-25,3,Call,355.00,-1.89%,1.99,2.06,2.03,7669,3187,2.41,32.87%,36.52%,0.284732,"14:57 ET"
UBER,69.69,2026-09-25,3,Call,71.00,-1.63%,0.43,0.44,0.46,10401,4338,2.4,35.33%,38.53%,0.295288,"15:01 ET"
TSLA,379.72,2026-09-28,6,Call,382.50,-0.90%,5.9,6.05,6.1,585,244,2.4,41.88%,37.04%,0.452651,"14:57 ET"
TSLA,379.72,2026-09-28,6,Put,365.00,-3.71%,1.91,1.95,1.95,993,414,2.4,41.88%,36.74%,-0.191425,"14:59 ET"
QCOM,196.56,2026-10-16,24,Call,225.00,-15.05%,2.62,2.63,2.82,1141,476,2.4,52.35%,54.98%,0.190041,"14:56 ET"
META,738.68,2026-10-16,24,Put,740.00,-0.13%,31.95,32.2,32.6,1164,484,2.4,44.47%,43.05%,-0.476383,"14:57 ET"
PSKY,9.95,2026-12-18,87,Call,15.00,-49.70%,0.14,0.21,0.25,2642,1100,2.4,61.64%,66.33%,0.136519,"14:13 ET"
AAPL,340.29,2029-01-19,850,Call,400.00,-17.30%,48.35,49.5,50.75,522,218,2.39,23.81%,28.98%,0.519857,"14:06 ET"
KOPN,4.89,2026-09-25,3,Call,0.50,+89.67%,4.2,4.3,4.5,3947,1650,2.39,89.32%,"1,084.88%",0.997517,"13:54 ET"
AAPL,340.29,2026-10-30,38,Put,340.00,-0.30%,10.25,10.55,10.8,529,222,2.38,23.81%,25.40%,-0.469096,"14:51 ET"
NBIS,236.2,2026-11-20,59,Call,310.00,-31.28%,13.35,13.71,13.85,882,370,2.38,83.82%,91.93%,0.295748,"14:57 ET"
PSKY,9.95,2026-09-25,3,Put,10.00,-0.20%,0.29,0.31,0.31,3500,1471,2.38,61.64%,76.23%,-0.514454,"15:02 ET"
HPE,61.12,2026-10-02,10,Call,54.00,+12.11%,7.05,8.1,8.5,500,211,2.37,63.56%,69.49%,0.877761,"13:53 ET"
NOK,10.77,2027-06-17,268,Call,14.00,-30.48%,1.26,1.31,1.6,831,350,2.37,59.38%,64.28%,0.433508,"13:25 ET"
RIOT,24.77,2026-09-25,3,Put,25.00,+0.73%,0.88,0.88,0.91,869,366,2.37,81.27%,85.00%,-0.53644,"14:51 ET"
HIMS,31.1,2026-09-25,3,Call,31.50,-1.09%,0.83,0.88,0.89,3757,1583,2.37,74.02%,84.10%,0.482606,"14:52 ET"
AMD,619.33,2026-09-25,3,Call,700.00,-12.87%,0.22,0.24,0.27,3770,1589,2.37,55.09%,64.49%,0.018919,"14:53 ET"
DELL,549.51,2026-09-25,3,Call,600.00,-8.24%,1.5,1.52,1.61,6204,2615,2.37,61.84%,68.37%,0.098586,"14:58 ET"
OXY,56.57,2026-09-25,3,Call,58.00,-2.18%,0.26,0.3,0.38,1029,436,2.36,33.91%,40.46%,0.259827,"14:58 ET"
MLYS,29.4,2026-10-16,24,Call,40.00,-36.24%,0.2,0.25,0.5,1552,658,2.36,68.33%,90.57%,0.115465,"11:48 ET"
NYT,65.24,2026-10-16,24,Call,75.00,-15.69%,0.1,0.1,1.25,2159,915,2.36,36.71%,49.68%,0.162021,"12:05 ET"
IREN,48.53,2026-09-25,3,Put,50.00,+3.03%,2.28,2.37,2.36,817,348,2.35,83.26%,84.18%,-0.633843,"14:52 ET"
NOW,137.35,2026-10-02,10,Call,137.00,-0.19%,5.15,5.15,5.35,1090,463,2.35,54.78%,55.28%,0.533674,"14:54 ET"
TSLA,379.72,2026-10-23,31,Put,310.00,-18.22%,1.68,1.72,1.73,1140,486,2.35,41.88%,49.48%,-0.066997,"14:46 ET"
BILI,15.28,2027-01-15,115,Put,15.00,-1.45%,1.39,1.5,1.54,2662,1132,2.35,48.55%,49.47%,-0.40858,"14:43 ET"
INTC,122.79,2026-09-23,1,Put,118.00,-3.99%,0.3,0.31,0.32,4113,1752,2.35,69.17%,70.21%,-0.133972,"14:57 ET"
AMD,619.33,2026-10-16,24,Put,620.00,-0.03%,32.7,32.9,33,501,214,2.34,55.09%,51.95%,-0.474149,"14:45 ET"
AMZN,255.09,2026-10-02,10,Call,277.50,-8.64%,0.36,0.41,0.41,687,293,2.34,32.39%,32.88%,0.064901,"14:24 ET"
QCOM,196.56,2026-09-25,3,Call,207.50,-6.11%,1.21,1.21,1.33,1123,480,2.34,52.35%,66.97%,0.196875,"15:00 ET"
QCOM,196.56,2026-09-25,3,Put,190.00,-2.84%,1.73,1.8,1.87,1416,606,2.34,52.35%,62.14%,-0.260958,"15:02 ET"
MRNA,184.35,2026-11-20,59,Put,115.00,-37.01%,2.44,2.64,2.8,4556,1951,2.34,82.98%,93.18%,-0.072942,"14:42 ET"
NFLX,71.86,2026-10-16,24,Put,68.00,-5.16%,0.83,0.89,0.85,593,254,2.33,35.29%,32.31%,-0.232528,"14:25 ET"
AMZN,255.09,2026-10-02,10,Put,247.50,-3.10%,1.92,1.94,2.08,777,334,2.33,32.39%,29.56%,-0.259371,"14:55 ET"
GME,24.3,2026-11-20,59,Call,27.00,-11.34%,1.28,1.4,1.45,836,359,2.33,54.57%,62.00%,0.372636,"14:55 ET"
TTD,13.2,2026-10-02,10,Put,13.00,-1.96%,0.34,0.35,0.37,1135,487,2.33,60.79%,52.64%,-0.408044,"15:02 ET"
RDW,11.86,2026-09-25,3,Put,12.00,+1.87%,0.4,0.5,0.5,586,253,2.32,85.37%,90.07%,-0.531636,"14:22 ET"
UBER,69.69,2026-10-30,38,Call,75.00,-7.36%,1.26,1.34,1.45,830,357,2.32,35.33%,35.51%,0.287926,"14:53 ET"
AMD,619.33,2026-09-23,1,Put,592.50,-4.46%,0.57,0.6,0.61,846,365,2.32,55.09%,57.07%,-0.071094,"14:55 ET"
AFRM,71.65,2026-09-25,3,Call,74.00,-3.22%,0.62,0.66,0.74,926,400,2.32,57.01%,61.69%,0.281794,"14:56 ET"
MU,1093.42,2026-09-25,3,Call,"1,095.00",-0.62%,21.8,21.86,22,1490,642,2.32,65.22%,62.21%,0.475447,"14:58 ET"
NOW,137.35,2026-09-25,3,Call,135.00,+1.27%,4.15,3.98,4.35,778,337,2.31,54.78%,58.89%,0.638922,"14:38 ET"
AAPL,340.29,2026-09-28,6,Put,340.00,-0.30%,3.35,3.48,3.6,857,371,2.31,23.81%,20.81%,-0.482568,"14:57 ET"
MRNA,184.35,2026-09-25,3,Call,220.00,-20.51%,0.22,0.2,0.38,1467,636,2.31,82.98%,110.82%,0.041463,"14:52 ET"
HIMS,31.1,2026-10-02,10,Call,31.00,+0.51%,1.67,1.75,1.76,1648,714,2.31,74.02%,75.29%,0.558159,"14:57 ET"
BE,276.36,2027-06-17,268,Put,85.00,-69.39%,2.26,2.43,2.43,587,255,2.3,80.17%,86.71%,-0.023012,"14:54 ET"
BAC,56.44,2029-01-19,850,Call,60.00,-5.91%,8.8,9,9.15,635,276,2.3,27.62%,28.03%,0.552356,"13:53 ET"
UNP,273.29,2026-12-18,87,Put,240.00,-12.15%,2,2.65,2.95,893,389,2.3,22.83%,26.27%,-0.132493,"11:40 ET"
NVDA,229.32,2026-09-30,8,Call,232.50,-1.34%,2.61,2.66,2.67,1304,566,2.3,33.07%,29.23%,0.387957,"14:57 ET"
AMD,619.33,2026-09-25,3,Put,605.00,-2.44%,6.25,6.7,6.45,1686,732,2.3,55.09%,54.42%,-0.314012,"14:47 ET"
P,109.4,2026-11-20,59,Put,80.00,-26.80%,1.3,1.6,1.8,3873,1681,2.3,67.68%,68.59%,-0.096794,"13:55 ET"
AMZN,255.09,2026-09-28,6,Put,245.00,-4.08%,0.53,0.56,0.58,576,251,2.29,32.39%,27.46%,-0.12313,"14:27 ET"
PURR,13.91,2026-09-25,3,Call,15.50,-11.43%,0.15,0.15,0.2,2631,1147,2.29,98.57%,133.23%,0.198169,"14:58 ET"
INTC,122.79,2028-01-21,486,Call,80.00,+34.91%,59.1,59.05,59.55,23556,10291,2.29,69.17%,70.67%,0.835151,"14:53 ET"
NTR,75.72,2026-09-25,3,Call,77.00,-1.46%,0.6,0.65,0.7,577,253,2.28,34.47%,38.30%,0.366037,"14:45 ET"
GME,24.3,2026-10-16,24,Call,23.50,+3.09%,1.68,1.75,1.8,671,294,2.28,54.57%,55.18%,0.611858,"14:45 ET"
INTC,122.79,2026-10-23,31,Call,150.00,-22.05%,3.3,3.45,3.5,2393,1049,2.28,69.17%,79.21%,0.229907,"14:55 ET"
SBUX,94.75,2026-09-25,3,Put,95.00,+0.23%,1.05,1.11,1.13,1091,480,2.27,29.69%,28.56%,-0.529386,"14:55 ET"
IREN,48.53,2027-04-16,206,Call,60.00,-23.63%,9.6,9.7,9.85,8600,3782,2.27,83.26%,90.41%,0.524404,"14:40 ET"
ASTS,64.76,2026-09-25,3,Call,70.00,-7.94%,0.52,0.55,0.55,11287,4980,2.27,77.41%,89.41%,0.191241,"14:58 ET"
FIG,21.35,2026-09-25,3,Put,20.50,-3.89%,0.2,0.22,0.23,695,308,2.26,70.17%,70.92%,-0.253156,"14:51 ET"
NOW,137.35,2026-09-25,3,Call,137.00,-0.19%,3.05,3.13,3.2,1124,498,2.26,54.78%,58.98%,0.531897,"14:57 ET"
C,132.76,2026-10-16,24,Call,139.00,-4.58%,2.28,2.27,2.44,1182,524,2.26,33.26%,34.12%,0.324961,"13:50 ET"
XEL,71.94,2027-01-15,115,Call,80.00,-11.16%,1.55,1.6,1.75,525,233,2.25,25.12%,26.95%,0.267182,"14:15 ET"
C,132.76,2026-09-25,3,Call,139.00,-4.58%,0.1,0.11,0.15,1964,872,2.25,33.26%,33.14%,0.071314,"14:01 ET"
AMD,619.33,2026-09-25,3,Call,620.00,+0.03%,11.95,12,12.2,5154,2293,2.25,55.09%,56.33%,0.496386,"14:57 ET"
AAPL,340.29,2026-09-28,6,Call,350.00,-2.63%,0.7,0.75,0.77,8414,3745,2.25,23.81%,21.21%,0.15422,"14:53 ET"
GOOGL,352.03,2026-10-02,10,Put,352.50,-0.10%,6.95,7.05,7.45,541,242,2.24,33.14%,31.43%,-0.485356,"14:55 ET"
FOUR,38.5,2028-01-21,486,Call,22.50,+41.08%,19.2,20.3,20.8,633,282,2.24,64.72%,70.58%,0.869687,"11:09 ET"
AMC,2.94,2026-11-20,59,Put,2.50,-14.68%,0.19,0.2,0.2,675,302,2.24,86.79%,86.32%,-0.261457,"14:28 ET"
NFLX,71.86,2026-10-16,24,Call,73.00,-1.81%,1.97,1.95,1.99,850,379,2.24,35.29%,32.97%,0.452978,"14:40 ET"
KLAR,13.84,2026-09-25,3,Call,14.00,-1.30%,0.15,0.16,0.2,1296,579,2.24,49.43%,52.00%,0.391507,"14:34 ET"
HD,305.23,2026-09-25,3,Call,315.00,-3.52%,0.42,0.47,0.54,615,276,2.23,26.40%,30.11%,0.118806,"14:56 ET"
MSFT,498.48,2026-09-28,6,Call,510.00,-2.53%,1.84,2,2.05,860,386,2.23,27.00%,23.78%,0.225114,"14:57 ET"
BE,276.36,2026-09-25,3,Call,277.50,+0.08%,7.7,7.65,8.25,954,427,2.23,80.17%,83.94%,0.498572,"14:54 ET"
AAPL,340.29,2026-10-02,10,Call,342.50,-0.43%,4.25,4.3,4.3,2154,968,2.23,23.81%,23.27%,0.445274,"14:57 ET"
NKE,36.03,2026-09-25,3,Put,35.50,-1.58%,0.24,0.25,0.25,7038,3154,2.23,47.90%,34.99%,-0.323179,"14:52 ET"
DELL,549.51,2026-10-02,10,Put,480.00,-13.40%,1.93,2.05,2.12,723,326,2.22,61.84%,62.09%,-0.076133,"14:56 ET"
INTC,122.79,2026-10-09,17,Call,125.00,-1.71%,6.2,6.35,6.3,3012,1359,2.22,69.17%,67.69%,0.484868,"14:56 ET"
ARM,331.41,2026-09-25,3,Call,350.00,-5.12%,4.05,4.1,4.15,3250,1466,2.22,75.78%,89.91%,0.26142,"14:55 ET"
META,738.68,2026-09-25,3,Put,740.00,-0.13%,16.2,16.85,16.85,3892,1752,2.22,44.47%,60.37%,-0.496686,"14:58 ET"
UBER,69.69,2026-10-30,38,Call,80.00,-14.51%,0.47,0.5,0.56,555,251,2.21,35.33%,35.86%,0.133338,"14:55 ET"
BN,38.1,2029-01-19,850,Call,40.00,-4.85%,6.8,7.4,9.5,649,294,2.21,27.12%,34.14%,0.614814,"12:52 ET"
META,738.68,2026-09-25,3,Call,795.00,-7.29%,2.5,2.74,2.64,737,333,2.21,44.47%,66.56%,0.1201,"14:54 ET"
AMGN,409.9,2026-12-18,87,Call,440.00,-7.36%,11.7,11.7,12.25,868,393,2.21,27.37%,28.59%,0.338439,"14:55 ET"
MU,1093.42,2026-09-28,6,Call,"1,060.00",+2.59%,45.75,46,46,1012,457,2.21,65.22%,51.98%,0.673376,"14:58 ET"
MRVL,264.63,2026-09-25,3,Put,260.00,-1.50%,4.85,4.9,5.05,1116,506,2.21,68.68%,70.75%,-0.397053,"14:58 ET"
DELL,549.51,2026-10-16,24,Put,490.00,-11.60%,9.75,10.17,10.2,1505,682,2.21,61.84%,60.76%,-0.194097,"14:58 ET"
SOFI,17.21,2026-09-25,3,Call,17.50,-1.98%,0.17,0.18,0.18,47982,21685,2.21,48.73%,50.48%,0.342475,"15:02 ET"
SNDK,1889.46,2026-09-25,3,Put,"1,790.00",-5.23%,19.2,20.18,19.7,538,244,2.2,78.61%,83.09%,-0.227402,"14:33 ET"
NVDA,229.32,2026-09-30,8,Call,235.00,-2.43%,1.8,1.86,1.85,2268,1029,2.2,33.07%,29.22%,0.297403,"14:57 ET"
CSCO,105.76,2026-09-25,3,Call,110.00,-4.11%,0.21,0.22,0.23,3329,1514,2.2,33.53%,35.29%,0.130977,"14:57 ET"
GOOGL,352.03,2026-10-09,17,Call,375.00,-6.28%,2.69,2.9,2.8,951,435,2.19,33.14%,32.52%,0.204225,"14:40 ET"
MSTR,169.24,2026-09-25,3,Put,162.50,-3.69%,2.06,2.07,2.13,1869,855,2.19,72.48%,78.25%,-0.273829,"14:48 ET"
MSTR,169.24,2026-12-18,87,Call,230.00,-36.32%,9.2,9.31,9.45,2485,1133,2.19,72.48%,78.67%,0.279007,"14:51 ET"
ARM,331.41,2026-09-25,3,Put,310.00,-6.90%,2.43,2.53,2.5,1000,459,2.18,75.78%,82.22%,-0.178279,"14:50 ET"
NVO,39.38,2026-10-02,10,Call,41.00,-4.01%,0.31,0.32,0.34,822,378,2.17,33.69%,35.53%,0.24422,"14:45 ET"
TSM,451.52,2026-09-25,3,Put,435.00,-3.22%,0.63,0.64,0.69,970,448,2.17,33.89%,32.81%,-0.102092,"15:00 ET"
MU,1093.42,2026-09-23,1,Put,985.00,-9.48%,0.15,0.17,0.17,1082,499,2.17,65.22%,83.16%,-0.009832,"14:47 ET"
META,738.68,2026-09-23,1,Put,707.50,-4.52%,0.61,0.67,0.71,1854,853,2.17,44.47%,56.54%,-0.067788,"14:57 ET"
FIG,21.35,2026-10-09,17,Call,23.00,-7.83%,0.64,0.67,0.67,643,297,2.16,70.17%,68.63%,0.33769,"14:56 ET"
BP,43.15,2026-09-25,3,Call,44.00,-1.64%,0.24,0.28,0.31,502,233,2.15,32.24%,38.31%,0.295821,"14:25 ET"
GS,950.85,2026-12-18,87,Put,925.00,-2.68%,45,46.22,47.5,616,286,2.15,34.13%,33.11%,-0.389282,"13:58 ET"
SNDK,1889.46,2026-09-25,3,Put,"1,660.00",-12.12%,3.1,3.39,3.3,638,297,2.15,78.61%,88.20%,-0.049305,"14:52 ET"
DASH,193.02,2026-09-25,3,Call,205.00,-5.53%,0.48,0.5,0.59,711,330,2.15,46.84%,54.63%,0.116832,"14:42 ET"
UNH,374.11,2026-09-25,3,Call,377.50,-1.04%,2.82,2.76,2.98,762,355,2.15,39.50%,32.04%,0.386535,"15:00 ET"
GOOG,347.73,2026-10-02,10,Put,350.00,+0.45%,8.1,8.12,8.2,955,445,2.15,32.87%,31.72%,-0.525747,"14:58 ET"
CF,121.67,2026-11-20,59,Put,105.00,-13.09%,2.2,2.39,2.55,972,452,2.15,44.57%,45.90%,-0.178531,"14:52 ET"
DELL,549.51,2026-09-25,3,Call,560.00,-1.03%,9.95,10,10.2,1256,583,2.15,61.84%,66.36%,0.4271,"14:58 ET"
JPM,340.8,2026-09-25,3,Put,330.00,-3.22%,0.41,0.44,0.49,1393,649,2.15,26.82%,28.90%,-0.104324,"14:51 ET"
SBET,10.23,2026-09-25,3,Call,10.50,-3.14%,0.24,0.24,0.26,1739,807,2.15,84.25%,98.82%,0.402007,"14:43 ET"
AMZN,255.09,2026-09-25,3,Call,245.00,+4.08%,10.3,10.3,10.65,2392,1113,2.15,32.39%,37.29%,0.884691,"14:58 ET"
CHWY,19.71,2026-11-20,59,Call,25.00,-26.20%,0.22,0.23,0.25,4616,2144,2.15,45.97%,47.60%,0.13378,"14:51 ET"
SKHY,194.85,2026-10-16,24,Call,250.00,-28.21%,1.47,1.5,1.51,7030,3272,2.15,63.38%,69.75%,0.09756,"15:02 ET"
TSLA,379.72,2026-09-25,3,Call,375.00,+1.08%,8.65,8.75,8.8,10958,5116,2.14,41.88%,44.14%,0.632371,"15:02 ET"
INTC,122.79,2026-09-30,8,Put,120.00,-2.36%,3.25,3.37,3.35,562,263,2.14,69.17%,64.20%,-0.383084,"14:38 ET"
AMD,619.33,2026-09-25,3,Put,585.00,-5.67%,2.04,2.09,2.12,871,407,2.14,55.09%,56.19%,-0.129036,"14:54 ET"
NBIS,236.2,2026-10-02,10,Call,270.00,-14.34%,3.15,3.3,3.45,1126,527,2.14,83.82%,85.44%,0.191282,"14:55 ET"
AMD,619.33,2026-10-02,10,Put,590.00,-4.86%,9.25,9.3,9.45,1181,551,2.14,55.09%,52.13%,-0.272869,"14:56 ET"
MU,1093.42,2026-09-25,3,Put,"1,030.00",-5.35%,4.6,4.75,4.75,1546,722,2.14,65.22%,60.70%,-0.147501,"14:57 ET"
AVGO,364.57,2026-10-02,10,Call,390.00,-6.99%,1.92,1.96,1.99,2046,956,2.14,37.51%,40.09%,0.158742,"14:57 ET"
ASTS,64.76,2026-10-09,17,Call,75.00,-15.65%,1.32,1.39,1.43,3399,1588,2.14,77.41%,79.58%,0.229926,"14:57 ET"
CRWD,248.47,2026-10-02,10,Call,252.50,-0.90%,7.2,7.6,7.5,553,260,2.13,54.28%,54.80%,0.45409,"14:53 ET"
CSCO,105.76,2026-10-02,10,Call,113.00,-6.95%,0.23,0.22,0.36,586,275,2.13,33.53%,30.90%,0.114132,"14:57 ET"
BYND,11.63,2026-09-25,3,Call,12.00,-3.45%,0.25,0.27,0.29,999,471,2.12,101.38%,102.24%,0.379442,"14:52 ET"
MSFT,498.48,2026-10-02,10,Call,525.00,-5.54%,1.03,1.2,1.29,1757,828,2.12,27.00%,25.72%,0.114367,"14:58 ET"
MSTR,169.24,2026-09-25,3,Put,167.50,-0.72%,4,4.1,4.15,2923,1382,2.12,72.48%,79.83%,-0.431789,"14:58 ET"
TSLA,379.72,2026-10-02,10,Call,380.00,-0.24%,11.05,11.19,11.2,7390,3491,2.12,41.88%,44.25%,0.515578,"15:02 ET"
INTC,122.79,2026-09-23,1,Put,120.00,-2.36%,0.64,0.68,0.68,9532,4487,2.12,69.17%,67.59%,-0.250076,"14:57 ET"
TSLA,379.72,2026-09-23,1,Put,360.00,-5.03%,0.11,0.12,0.12,5642,2673,2.11,41.88%,53.65%,-0.027842,"14:58 ET"
MSFT,498.48,2026-09-25,3,Call,505.00,-1.52%,2.32,2.41,2.5,7255,3439,2.11,27.00%,28.44%,0.299857,"14:58 ET"
GME,24.3,2026-10-30,38,Call,23.50,+3.09%,1.96,2.05,2.23,643,305,2.11,54.57%,56.12%,0.598996,"14:31 ET"
SMCI,41.58,2026-09-25,3,Put,40.50,-2.22%,0.7,0.69,0.76,1138,539,2.11,74.89%,78.57%,-0.351957,"14:58 ET"
TSLA,379.72,2026-09-28,6,Put,375.00,-1.08%,4.85,5.05,4.9,1738,825,2.11,41.88%,36.55%,-0.38233,"14:52 ET"
TSLA,379.72,2026-09-23,1,Call,397.50,-4.86%,0.2,0.21,0.21,3560,1689,2.11,41.88%,52.11%,0.048118,"15:02 ET"
SKHY,194.85,2027-01-15,115,Put,170.00,-12.82%,14.05,14.25,14.4,586,279,2.1,63.38%,62.69%,-0.277862,"14:57 ET"
META,738.68,2026-10-02,10,Call,760.00,-2.57%,15.1,15.2,15.5,626,298,2.1,44.47%,48.69%,0.383973,"14:57 ET"
CRM,232.8,2026-09-25,3,Put,232.50,+0.14%,3.35,3.65,3.95,727,346,2.1,39.47%,43.06%,-0.495078,"14:57 ET"
BCS,24.99,2026-10-16,24,Call,26.00,-4.00%,0.3,0.35,0.4,888,423,2.1,30.65%,28.92%,0.30673,"14:49 ET"
MU,1093.42,2026-10-02,10,Call,"1,080.00",+0.75%,60.9,61.77,62.7,1471,699,2.1,65.22%,79.06%,0.554632,"14:58 ET"
TSLA,379.72,2026-09-25,3,Call,357.50,+5.69%,22.7,22.74,23.3,1881,895,2.1,41.88%,49.96%,0.91289,"14:54 ET"
MSFT,498.48,2026-09-23,1,Put,487.50,-1.99%,0.27,0.24,0.3,3667,1743,2.1,27.00%,29.27%,-0.081598,"14:55 ET"
CSCO,105.76,2026-10-02,10,Put,100.00,-5.36%,0.35,0.47,0.46,555,265,2.09,33.53%,33.20%,-0.134378,"14:40 ET"
MRVL,264.63,2027-03-19,178,Call,340.00,-28.81%,29.5,28.9,30.35,632,303,2.09,68.68%,71.21%,0.410791,"13:40 ET"
SOFI,17.21,2026-10-30,38,Call,17.00,+0.93%,1.22,1.22,1.26,1140,546,2.09,48.73%,51.40%,0.563933,"14:57 ET"
COIN,202.24,2027-06-17,268,Put,130.00,-35.32%,11.8,12.48,12.6,2500,1194,2.09,66.18%,71.33%,-0.143166,"12:24 ET"
AAPL,340.29,2026-09-28,6,Call,342.50,-0.43%,2.64,2.7,2.78,3294,1574,2.09,23.81%,21.20%,0.412184,"14:58 ET"
BAC,56.44,2026-09-25,3,Put,55.00,-2.91%,0.12,0.12,0.13,4067,1947,2.09,27.62%,29.90%,-0.154483,"14:58 ET"
NVDA,229.32,2026-09-28,6,Call,230.00,-0.25%,2.83,2.84,2.87,14580,6974,2.09,33.07%,26.75%,0.476452,"14:57 ET"
AVGO,364.57,2026-09-28,6,Call,380.00,-4.24%,1.47,1.6,1.53,675,325,2.08,37.51%,34.90%,0.174681,"14:46 ET"
DK,74.46,2026-10-16,24,Put,65.00,-13.55%,0.95,1.4,1.95,701,337,2.08,70.37%,68.65%,-0.185062,"13:52 ET"
AVGO,364.57,2026-10-09,17,Call,365.00,-0.13%,11.3,11.6,11.65,966,464,2.08,37.51%,37.61%,0.507593,"14:53 ET"
BAC,56.44,2026-10-02,10,Put,57.00,+0.62%,1.11,1.09,1.17,1462,702,2.08,27.62%,23.68%,-0.575969,"13:57 ET"
NBIS,236.2,2026-09-25,3,Call,245.00,-3.75%,4.1,4.15,4.15,4080,1958,2.08,83.82%,89.46%,0.338794,"14:58 ET"
RBLX,50.41,2026-09-25,3,Call,51.00,-1.67%,0.85,0.91,0.96,529,256,2.07,63.36%,63.10%,0.436741,"14:45 ET"
MSTR,169.24,2026-10-02,10,Call,205.00,-21.50%,1.27,1.3,1.33,904,436,2.07,72.48%,90.00%,0.112972,"14:30 ET"
WDC,461.9,2026-09-25,3,Call,500.00,-8.68%,2.97,3.22,3.4,1329,641,2.07,71.35%,87.63%,0.168711,"15:02 ET"
SAP,210.2,2027-01-15,115,Call,240.00,-14.41%,8.6,8.28,9.1,501,243,2.06,38.17%,40.89%,0.317458,"12:32 ET"
AVGO,364.57,2026-09-23,1,Put,352.50,-3.30%,0.15,0.15,0.17,761,369,2.06,37.51%,37.75%,-0.052432,"14:58 ET"
UBER,69.69,2027-09-17,360,Put,55.00,-21.27%,3.35,3.35,3.7,1803,876,2.06,35.33%,39.97%,-0.191604,"14:59 ET"
NVDA,229.32,2026-10-16,24,Call,227.50,+0.84%,8.6,8.75,8.7,2527,1224,2.06,33.07%,32.01%,0.564025,"14:54 ET"
NKE,36.03,2026-12-18,87,Call,40.00,-10.90%,1.6,1.62,1.67,11614,5651,2.06,47.90%,44.53%,0.348016,"14:46 ET"
GS,950.85,2027-01-15,115,Put,925.00,-2.68%,51.85,53.12,54.75,618,301,2.05,34.13%,32.60%,-0.390756,"13:58 ET"
GME,24.3,2026-10-02,10,Put,23.00,-5.15%,0.31,0.35,0.37,735,358,2.05,54.57%,52.43%,-0.256543,"14:47 ET"
NVDA,229.32,2026-10-02,10,Put,222.50,-3.02%,2.03,2.06,2.06,1379,674,2.05,33.07%,31.74%,-0.270193,"14:55 ET"
CVX,202.84,2026-09-25,3,Put,195.00,-4.19%,0.22,0.22,0.28,1577,769,2.05,27.96%,33.09%,-0.087844,"14:55 ET"
DELL,549.51,2026-09-25,3,Put,517.50,-6.64%,1.94,1.91,2.18,528,259,2.04,61.84%,64.86%,-0.124522,"14:51 ET"
AMD,619.33,2026-09-23,1,Call,660.00,-6.42%,0.13,0.13,0.16,1247,612,2.04,55.09%,59.83%,0.020513,"14:58 ET"
META,738.68,2026-09-25,3,Call,790.00,-6.62%,3,3.06,3.2,1471,721,2.04,44.47%,66.14%,0.140724,"14:58 ET"
ARM,331.41,2026-09-25,3,Call,340.00,-2.11%,6.65,6.8,6.8,1474,724,2.04,75.78%,87.14%,0.384058,"14:55 ET"
GOOGL,352.03,2026-09-25,3,Call,352.50,+0.10%,4.55,4.64,4.7,2580,1263,2.04,33.14%,36.14%,0.507835,"14:58 ET"
UBER,69.69,2026-10-02,10,Put,69.00,-1.23%,1.14,1.18,1.21,1163,572,2.03,35.33%,32.54%,-0.418147,"15:01 ET"
META,738.68,2026-09-25,3,Call,747.50,-0.88%,12.6,12.97,13.2,1474,726,2.03,44.47%,62.12%,0.433065,"14:57 ET"
AMZN,255.09,2026-09-28,6,Call,270.00,-5.71%,0.29,0.3,0.32,1633,803,2.03,32.39%,29.90%,0.071358,"14:57 ET"
SERV,4.51,2027-03-19,178,Call,5.00,-10.13%,0.82,0.83,0.92,2004,989,2.03,79.47%,81.75%,0.554551,"11:00 ET"
GOOGL,352.03,2026-09-25,3,Put,360.00,+2.03%,9.2,9.1,9.6,2070,1018,2.03,33.14%,36.92%,-0.729982,"14:09 ET"
GME,24.3,2026-09-25,3,Call,25.50,-5.15%,0.29,0.3,0.32,2710,1336,2.03,54.57%,85.78%,0.273527,"14:57 ET"
AMZN,255.09,2026-09-23,1,Call,252.50,+1.14%,3.05,3.25,3.3,3046,1503,2.03,32.39%,31.81%,0.720714,"14:57 ET"
QCOM,196.56,2026-09-25,3,Put,195.00,-0.29%,3.5,3.75,3.75,518,257,2.02,52.35%,62.26%,-0.428994,"14:54 ET"
INTC,122.79,2026-10-02,10,Call,123.00,-0.08%,5.45,5.5,5.55,660,326,2.02,69.17%,68.35%,0.520161,"14:58 ET"
INTC,122.79,2026-09-28,6,Call,125.00,-1.71%,2.87,2.8,2.99,1702,841,2.02,69.17%,61.58%,0.429443,"14:54 ET"
ORCL,150.04,2026-09-25,3,Call,155.00,-3.20%,1.35,1.36,1.36,30359,15050,2.02,50.86%,57.58%,0.28481,"14:58 ET"
HOOD,124.35,2027-09-17,360,Put,15.00,-87.94%,0.14,0.15,0.19,842,418,2.01,63.40%,96.91%,-0.003318,"14:29 ET"
NBIS,236.2,2026-09-25,3,Call,247.50,-4.81%,3.4,3.45,3.5,1007,500,2.01,83.82%,90.06%,0.295718,"14:56 ET"
AMD,619.33,2026-10-02,10,Call,620.00,+0.03%,21.3,21.3,21.6,1147,570,2.01,55.09%,53.30%,0.512755,"14:54 ET"
HOOD,124.35,2026-09-25,3,Put,123.00,-1.12%,2.46,2.5,2.52,1437,714,2.01,63.40%,67.76%,-0.428168,"14:55 ET"
CSCO,105.76,2026-09-25,3,Put,106.00,+0.32%,1.19,1.46,1.39,1756,874,2.01,33.53%,34.50%,-0.48595,"14:42 ET"
INTC,122.79,2026-09-25,3,Call,128.00,-4.15%,1.44,1.49,1.51,2503,1244,2.01,69.17%,76.30%,0.287706,"14:56 ET"
TSLA,379.72,2026-09-25,3,Call,387.50,-2.22%,3.1,3.2,3.2,4672,2330,2.01,41.88%,45.13%,0.319183,"15:02 ET"
WULF,17.48,2026-10-30,38,Call,20.00,-14.16%,0.96,1.14,1.02,537,269,2,82.14%,88.63%,0.344,"10:21 ET"
BABA,116.56,2026-10-02,10,Put,113.00,-2.86%,1.75,1.79,1.9,561,280,2,43.42%,43.47%,-0.321471,"14:41 ET"
GOOG,347.73,2026-09-25,3,Put,337.50,-3.14%,1.07,1.08,1.1,1936,970,2,32.87%,36.87%,-0.171443,"14:57 ET"
SCHW,101.07,2026-10-16,24,Put,95.00,-6.07%,0.95,1,1.02,2350,1177,2,30.64%,31.89%,-0.204025,"15:02 ET"
MSTR,169.24,2026-10-02,10,Call,175.00,-3.72%,5.9,5.94,6.05,3257,1627,2,72.48%,75.18%,0.418793,"14:58 ET"
TSM,451.52,2026-10-02,10,Call,442.50,+1.55%,14.3,13.3,15.1,500,251,1.99,33.89%,31.61%,0.6641,"14:40 ET"
OSCR,30.59,2026-09-25,3,Call,30.00,+2.34%,1.06,1.18,1.48,526,264,1.99,71.01%,87.88%,0.607846,"14:59 ET"
EOSE,4.11,2026-10-30,38,Put,4.00,-3.15%,0.44,0.45,0.5,546,275,1.99,104.75%,101.68%,-0.400432,"13:46 ET"
GOOGL,352.03,2026-09-25,3,Call,377.50,-6.99%,0.17,0.23,0.21,569,286,1.99,33.14%,41.61%,0.036365,"14:00 ET"
SKHY,194.85,2026-09-25,3,Call,192.50,+1.28%,5.8,5.9,5.9,1874,944,1.99,63.38%,66.38%,0.587926,"15:01 ET"
TTE,89.85,2026-10-16,24,Call,92.50,-2.90%,0.9,1,1.1,2481,1246,1.99,25.47%,22.15%,0.313122,"12:14 ET"
SNDK,1889.46,2026-09-25,3,Put,"1,700.00",-10.00%,5.6,5.7,5.8,4060,2037,1.99,78.61%,85.84%,-0.08243,"14:58 ET"
ROL,32.76,2026-11-20,59,Call,32.50,+0.79%,1.85,1.85,1.95,500,253,1.98,30.40%,33.54%,0.552328,"14:36 ET"
TTD,13.2,2026-10-16,24,Call,14.00,-5.58%,0.42,0.46,0.46,526,265,1.98,60.79%,54.81%,0.371174,"14:58 ET"
OSCR,30.59,2026-09-25,3,Put,28.00,-8.85%,0.12,0.12,0.2,613,310,1.98,71.01%,87.88%,-0.127282,"14:43 ET"
AMD,619.33,2027-09-17,360,Put,600.00,-3.25%,112.75,113.55,114.05,710,359,1.98,55.09%,56.05%,-0.352786,"13:18 ET"
AVGO,364.57,2026-09-28,6,Call,370.00,-1.50%,3.6,3.75,3.8,1024,516,1.98,37.51%,33.18%,0.359552,"14:57 ET"
TSLA,379.72,2026-10-09,17,Call,377.50,+0.42%,15,15.15,15.15,781,397,1.97,41.88%,41.82%,0.550912,"15:01 ET"
MU,1093.42,2026-09-25,3,Call,"1,175.00",-7.98%,3.55,3.62,3.7,912,464,1.97,65.22%,67.57%,0.114443,"14:58 ET"
IREN,48.53,2026-12-18,87,Call,90.00,-85.45%,1.27,1.37,1.5,2991,1522,1.97,83.26%,95.99%,0.143789,"14:42 ET"
NBIS,236.2,2026-10-02,10,Call,245.00,-3.75%,9,9.16,9.3,740,377,1.96,83.82%,82.30%,0.421344,"14:58 ET"
LITE,941.68,2026-09-25,3,Put,900.00,-5.69%,9.9,10.6,11.3,955,487,1.96,75.12%,82.48%,-0.243998,"14:54 ET"
RIOT,24.77,2026-09-25,3,Put,24.00,-3.30%,0.42,0.42,0.44,1279,651,1.96,81.27%,84.71%,-0.330007,"14:53 ET"
CELH,29.63,2026-09-25,3,Call,31.00,-4.55%,0.16,0.18,0.19,1690,861,1.96,55.39%,59.61%,0.200918,"14:58 ET"
NVDA,229.32,2026-09-28,6,Put,222.50,-3.02%,0.88,0.91,0.91,2003,1020,1.96,33.07%,28.04%,-0.193183,"14:54 ET"
AUR,6.49,2026-10-02,10,Call,6.00,+7.83%,0.6,0.64,0.65,2063,1052,1.96,68.95%,75.94%,0.758516,"14:52 ET"
GRAB,3.15,2026-10-30,38,Call,3.50,-10.41%,0.12,0.14,0.14,3116,1593,1.96,62.20%,62.65%,0.341274,"14:52 ET"
AAPL,340.29,2026-09-30,8,Put,335.00,-1.77%,2.35,2.12,2.45,516,264,1.95,23.81%,23.02%,-0.315139,"14:46 ET"
MFA,8.57,2027-01-15,115,Call,9.00,-5.02%,0.15,0.15,0.2,530,272,1.95,31.47%,22.84%,0.284365,"14:22 ET"
NBIS,236.2,2026-09-25,3,Call,267.50,-13.28%,0.74,0.68,0.76,603,310,1.95,83.82%,96.24%,0.082638,"14:50 ET"
AXP,306.31,2026-10-16,24,Call,310.00,-1.27%,5.9,6,6.3,622,319,1.95,26.25%,24.52%,0.440714,"14:28 ET"
GOOG,347.73,2026-10-30,38,Call,360.00,-3.32%,11.8,11.95,12.15,737,377,1.95,32.87%,36.86%,0.42328,"14:58 ET"
SHOP,147.66,2027-12-17,451,Call,260.00,-77.03%,14.35,14.55,14.8,828,424,1.95,54.55%,58.36%,0.31892,"14:34 ET"
GOOGL,352.03,2026-10-02,10,Call,367.50,-4.15%,2.47,2.92,2.58,1041,533,1.95,33.14%,32.69%,0.232907,"13:57 ET"
AMD,619.33,2026-10-16,24,Call,660.00,-6.42%,18.55,18.7,18.8,1734,891,1.95,55.09%,53.65%,0.350692,"14:58 ET"
GME,24.3,2026-10-02,10,Call,23.50,+3.09%,1.24,1.33,1.37,2092,1074,1.95,54.57%,55.84%,0.650127,"14:47 ET"
CRWV,87.17,2026-09-25,3,Call,92.00,-5.29%,0.88,0.91,0.93,3602,1851,1.95,76.28%,82.42%,0.243745,"14:54 ET"
HOOD,124.35,2026-10-02,10,Call,138.00,-10.94%,1.21,1.27,1.47,618,319,1.94,63.40%,67.13%,0.186645,"14:58 ET"
AMD,619.33,2026-09-25,3,Call,622.50,-0.38%,10.85,10.95,11.1,745,385,1.94,55.09%,56.56%,0.46521,"14:58 ET"
AMD,619.33,2026-10-02,10,Put,550.00,-11.31%,2.43,2.5,2.54,1254,647,1.94,55.09%,55.52%,-0.090612,"14:58 ET"
NFLX,71.86,2026-10-02,10,Put,71.00,-0.98%,1.06,1.05,1.09,1524,786,1.94,35.29%,31.50%,-0.394117,"14:50 ET"
MSFT,498.48,2026-09-25,3,Call,497.50,-0.02%,5.25,5.37,5.5,2866,1475,1.94,27.00%,28.32%,0.522213,"14:58 ET"
PEP,130.98,2026-09-25,3,Put,127.00,-2.84%,0.07,0.1,0.14,531,275,1.93,24.51%,24.11%,-0.080154,"14:51 ET"
TSLA,379.72,2026-09-30,8,Call,385.00,-1.56%,6.5,6.54,6.6,681,353,1.93,41.88%,39.11%,0.421839,"15:02 ET"
TSLA,379.72,2026-10-23,31,Call,380.00,-0.24%,20.35,20.6,20.7,1901,983,1.93,41.88%,45.57%,0.533467,"15:01 ET"
AVGO,364.57,2026-09-23,1,Call,380.00,-4.24%,0.13,0.16,0.15,1947,1010,1.93,37.51%,46.70%,0.039399,"14:58 ET"
AMD,619.33,2026-09-25,3,Put,580.00,-6.48%,1.54,1.53,1.62,2479,1287,1.93,55.09%,57.34%,-0.101241,"14:57 ET"
INTC,122.79,2026-09-23,1,Put,115.00,-6.43%,0.1,0.1,0.11,5948,3094,1.92,69.17%,77.28%,-0.049819,"14:57 ET"
HPE,61.12,2026-10-16,24,Call,66.00,-7.42%,2.23,2.36,2.38,576,300,1.92,63.56%,64.83%,0.362345,"14:22 ET"
MU,1093.42,2026-09-25,3,Call,"1,180.00",-8.44%,3.15,3.2,3.25,1019,532,1.92,65.22%,67.91%,0.102779,"14:58 ET"
TSLA,379.72,2026-10-02,10,Call,387.50,-2.22%,7.85,8.05,8,1220,635,1.92,41.88%,44.45%,0.410409,"15:01 ET"
SPCX,153.23,2028-06-16,633,Call,300.00,-94.60%,16.55,16.56,17.35,1361,709,1.92,50.82%,55.67%,0.325358,"14:26 ET"
NBIS,236.2,2026-09-25,3,Put,235.00,-0.48%,6.8,6.85,6.9,1769,923,1.92,83.82%,86.71%,-0.460938,"14:57 ET"
ORCL,150.04,2026-09-25,3,Put,150.00,-0.13%,2.8,2.8,2.88,3398,1768,1.92,50.86%,54.69%,-0.476231,"14:56 ET"
SNDK,1889.46,2026-09-25,3,Put,"1,780.00",-5.76%,16.9,18.09,17.3,668,349,1.91,78.61%,83.18%,-0.205804,"14:54 ET"
MRNA,184.35,2026-10-16,24,Put,155.00,-15.10%,3.15,3.38,3.35,691,362,1.91,82.98%,74.95%,-0.159829,"14:41 ET"
VKTX,41.19,2026-09-25,3,Call,37.00,+5.61%,3.6,4.5,5.5,712,373,1.91,81.44%,115.98%,0.860316,"15:01 ET"
NOK,10.77,2026-10-30,38,Call,13.00,-21.16%,0.29,0.3,0.31,935,490,1.91,59.38%,68.60%,0.237316,"14:54 ET"
TSLA,379.72,2026-09-28,6,Call,385.00,-1.56%,4.95,5.05,5.1,1134,595,1.91,41.88%,37.27%,0.399622,"15:01 ET"
GME,24.3,2026-10-02,10,Call,24.50,-1.03%,0.86,0.88,0.92,1147,602,1.91,54.57%,62.81%,0.480998,"14:56 ET"
V,363.38,2026-09-25,3,Call,370.00,-2.10%,0.76,0.77,0.8,1177,616,1.91,21.31%,22.96%,0.189441,"15:01 ET"
CRM,232.8,2026-09-25,3,Call,250.00,-7.68%,0.15,0.16,0.19,2913,1526,1.91,39.47%,46.30%,0.043292,"14:55 ET"
QCOM,196.56,2026-12-18,87,Call,250.00,-27.84%,6.25,6.45,6.6,4341,2267,1.91,52.35%,55.93%,0.232716,"15:02 ET"
RKLB,72.34,2026-09-25,3,Call,72.00,+0.07%,2.2,2.28,2.28,4746,2486,1.91,73.18%,77.77%,0.545893,"15:02 ET"
AAPL,340.29,2026-10-02,10,Call,350.00,-2.63%,1.73,1.73,1.76,7307,3819,1.91,23.81%,22.74%,0.236666,"14:58 ET"
ITGR,126.39,2027-01-15,115,Call,130.00,-2.86%,0.1,0.1,0.15,952,500,1.9,7.57%,2.59%,0.135595,"14:12 ET"
AVGO,364.57,2026-10-09,17,Call,362.50,+0.56%,12.5,12.8,12.85,834,442,1.89,37.51%,37.52%,0.541318,"14:21 ET"
RKLB,72.34,2026-10-02,10,Call,71.00,+1.46%,4,4.15,4.2,884,467,1.89,73.18%,70.23%,0.592115,"14:57 ET"
MTDR,52.52,2026-10-16,24,Call,57.50,-8.96%,0.6,0.9,1.05,1775,937,1.89,44.19%,45.87%,0.239869,"10:53 ET"
HIMS,31.1,2027-01-15,115,Call,27.00,+13.35%,7.25,7.47,7.8,2291,1209,1.89,74.02%,75.76%,0.721849,"14:36 ET"
NFLX,71.86,2026-10-09,17,Put,70.00,-2.37%,1.09,1.11,1.11,3559,1879,1.89,35.29%,31.47%,-0.330727,"14:57 ET"
ARM,331.41,2026-09-25,3,Call,365.00,-9.62%,1.88,1.94,1.95,6252,3307,1.89,75.78%,94.74%,0.137694,"14:58 ET"
NKE,36.03,2026-10-02,10,Put,36.50,+1.19%,1.73,1.78,1.81,810,431,1.88,47.90%,62.97%,-0.531731,"14:43 ET"
RMBS,105.19,2026-10-16,24,Call,120.00,-14.95%,2.85,3,3.2,1006,535,1.88,72.24%,73.47%,0.273259,"14:57 ET"
VLO,385.8,2026-10-02,10,Put,360.00,-7.67%,3.7,4.34,5,1096,584,1.88,53.99%,54.77%,-0.210342,"14:11 ET"
JPM,340.8,2026-09-25,3,Call,352.50,-3.38%,0.32,0.34,0.39,1928,1025,1.88,26.82%,27.34%,0.091251,"14:43 ET"
AAPL,340.29,2026-10-02,10,Put,330.00,-3.23%,1.65,1.71,1.76,3313,1760,1.88,23.81%,24.33%,-0.214506,"14:55 ET"
CRWV,87.17,2026-10-02,10,Call,91.00,-4.14%,2.81,2.93,2.91,529,283,1.87,76.28%,76.96%,0.391965,"14:45 ET"
WBD,30.82,2027-04-16,206,Call,30.00,+2.63%,0.93,0.93,0.98,560,299,1.87,15.50%,0.00%,0,"15:01 ET"
RKLB,72.34,2026-09-25,3,Put,70.00,-2.85%,0.98,1.01,1.04,1541,824,1.87,73.18%,77.12%,-0.302199,"14:59 ET"
GME,24.3,2026-10-02,10,Call,24.00,+1.03%,1.06,1.09,1.1,9431,5053,1.87,54.57%,59.67%,0.560967,"14:58 ET"
HOOD,124.35,2026-09-25,3,Call,126.00,-1.29%,2.22,2.21,2.31,5329,2862,1.86,63.40%,68.65%,0.418011,"14:57 ET"
AMD,619.33,2026-09-25,3,Call,645.00,-4.01%,4.05,4.25,4.2,646,347,1.86,55.09%,58.18%,0.224606,"14:50 ET"
LITE,941.68,2026-09-25,3,Call,"1,050.00",-10.03%,3.2,3.5,3.9,671,360,1.86,75.12%,88.41%,0.101888,"14:56 ET"
RKLB,72.34,2026-10-02,10,Call,77.00,-6.87%,1.71,1.79,1.83,774,416,1.86,73.18%,72.94%,0.328755,"14:57 ET"
RKLB,72.34,2026-11-20,59,Call,80.00,-11.03%,6.25,6.4,6.5,890,479,1.86,73.18%,78.53%,0.444349,"15:01 ET"
BBY,95.09,2026-11-20,59,Call,95.00,+0.09%,5.8,5.87,6,958,514,1.86,35.31%,38.37%,0.532757,"14:51 ET"
TSLA,379.72,2026-10-16,24,Call,540.00,-42.45%,0.21,0.21,0.23,1079,581,1.86,41.88%,58.30%,0.011759,"14:20 ET"
MU,1093.42,2026-09-25,3,Call,"1,060.00",+2.59%,41.5,41.5,41.8,2739,1471,1.86,65.22%,62.06%,0.696935,"14:58 ET"
NOW,137.35,2026-09-25,3,Call,140.00,-2.38%,1.86,1.86,1.88,4681,2520,1.86,54.78%,59.74%,0.37436,"14:58 ET"
MSFT,498.48,2026-09-25,3,Call,515.00,-3.53%,0.65,0.69,0.67,5111,2748,1.86,27.00%,29.22%,0.105617,"14:58 ET"
ENVX,3.07,2026-10-30,38,Call,3.00,+1.96%,0.34,0.36,0.38,571,309,1.85,85.02%,81.68%,0.592492,"14:18 ET"
FIG,21.35,2026-09-25,3,Put,21.00,-1.55%,0.37,0.4,0.4,1052,570,1.85,70.17%,70.85%,-0.385995,"14:43 ET"
UPS,95.74,2026-11-20,59,Call,100.00,-4.40%,3.1,3.2,3.3,3903,2115,1.85,28.02%,33.48%,0.383039,"14:08 ET"
META,738.68,2026-09-25,3,Call,760.00,-2.57%,8.5,8.65,8.75,4821,2607,1.85,44.47%,62.80%,0.323678,"14:58 ET"
SPCX,153.23,2027-06-17,268,Call,160.00,-3.79%,27.5,27.95,27.95,5339,2883,1.85,50.82%,54.94%,0.582212,"14:44 ET"
GOOGL,352.03,2026-09-25,3,Call,360.00,-2.03%,1.87,1.92,1.95,11684,6320,1.85,33.14%,36.75%,0.270255,"14:58 ET"
META,738.68,2027-03-19,178,Call,900.00,-21.46%,43.7,44.17,44.9,5678,3087,1.84,44.47%,44.89%,0.338097,"14:58 ET"
SNDK,1889.46,2026-09-25,3,Put,"1,640.00",-13.18%,2.15,2.6,2.75,503,274,1.84,78.61%,89.99%,-0.038451,"14:38 ET"
MU,1093.42,2026-09-25,3,Call,"1,135.00",-4.30%,9.25,9.1,9.45,518,282,1.84,65.22%,64.71%,0.251871,"14:58 ET"
META,738.68,2026-09-25,3,Put,692.50,-6.54%,2.3,2.25,2.44,553,300,1.84,44.47%,61.50%,-0.115138,"14:50 ET"
AMD,619.33,2026-09-23,1,Put,582.50,-6.07%,0.24,0.28,0.27,606,330,1.84,55.09%,62.76%,-0.031749,"14:53 ET"
KMI,31.31,2026-09-25,3,Put,31.00,-1.15%,0.17,0.19,0.24,628,341,1.84,25.26%,30.46%,-0.347707,"14:43 ET"
AAPL,340.29,2026-10-02,10,Put,340.00,-0.30%,4.8,4.9,5,998,541,1.84,23.81%,22.71%,-0.481026,"14:56 ET"
MU,1093.42,2026-10-02,10,Call,"1,250.00",-14.87%,13.55,13.7,14.1,1689,918,1.84,65.22%,83.81%,0.179667,"14:58 ET"
AMD,619.33,2026-09-23,1,Call,610.00,+1.64%,11.85,11.9,12.2,2639,1436,1.84,55.09%,52.58%,0.703091,"14:55 ET"
PTON,5.03,2026-09-25,3,Call,5.00,+0.99%,0.13,0.13,0.15,3475,1891,1.84,56.29%,63.48%,0.57522,"14:47 ET"
PBR,20.81,2026-10-09,17,Put,20.00,-3.29%,0.52,0.59,0.59,578,315,1.83,48.91%,50.91%,-0.342767,"13:48 ET"
NBIS,236.2,2026-09-25,3,Put,217.50,-7.89%,1.42,1.49,1.45,877,479,1.83,83.82%,88.19%,-0.143194,"14:31 ET"
MSFT,498.48,2026-10-02,10,Put,480.00,-3.50%,2.02,2.1,2.26,1084,592,1.83,27.00%,25.57%,-0.182854,"14:55 ET"
MU,1093.42,2026-10-02,10,Call,"1,200.00",-10.27%,21.75,22.01,22.25,4953,2711,1.83,65.22%,82.22%,0.262033,"14:58 ET"
NVDA,229.32,2026-10-09,17,Put,227.50,-0.84%,4.95,5.01,5.05,521,287,1.82,33.07%,30.45%,-0.432583,"14:43 ET"
INTC,122.79,2026-09-25,3,Call,129.00,-4.96%,1.21,1.25,1.28,790,434,1.82,69.17%,76.76%,0.252032,"14:56 ET"
COMP,9.64,2026-11-20,59,Call,10.00,-3.73%,0.8,0.95,0.9,870,478,1.82,60.57%,63.25%,0.503412,"14:04 ET"
GOOGL,352.03,2027-09-17,360,Call,350.00,+0.80%,58,59,59.55,1308,718,1.82,33.14%,37.55%,0.617928,"14:43 ET"
ASPI,3.15,2026-09-25,3,Call,0.50,+84.03%,2.6,2.67,2.75,2049,1128,1.82,92.78%,"1,220.42%",0.986691,"14:43 ET"
MU,1093.42,2026-10-16,24,Call,"1,680.00",-54.38%,1.78,1.75,2.06,597,329,1.81,65.22%,80.89%,0.024181,"14:33 ET"
GOOG,347.73,2026-10-23,31,Put,325.00,-6.72%,3.75,3.83,3.95,790,437,1.81,32.87%,31.47%,-0.205405,"14:55 ET"
TGT,159.82,2026-09-25,3,Call,160.00,-0.24%,1.75,1.64,1.88,836,463,1.81,32.13%,31.63%,0.503061,"14:35 ET"
META,738.68,2026-09-28,6,Put,710.00,-4.18%,6.4,6.73,6.8,845,466,1.81,44.47%,47.30%,-0.241968,"14:58 ET"
PDSB,0.9163,2026-11-20,59,Call,1.0000,-5.33%,0.25,0.2,0.35,2313,1281,1.81,200.63%,226.68%,0.64432,"14:57 ET"
MGM,38.58,2026-10-16,24,Call,44.00,-14.17%,0.65,0.7,0.85,3618,2002,1.81,59.19%,61.80%,0.228315,"11:48 ET"
CRWD,248.47,2026-09-25,3,Call,242.50,+3.09%,8.8,9.2,9.25,689,382,1.8,54.28%,60.66%,0.686065,"14:54 ET"
IREN,48.53,2026-09-25,3,Put,46.50,-4.18%,0.64,0.65,0.66,832,463,1.8,83.26%,84.86%,-0.272451,"14:56 ET"
PANW,374.38,2026-10-02,10,Call,400.00,-6.03%,4.6,5,5,1079,600,1.8,52.41%,54.24%,0.249985,"14:57 ET"
IBRX,9.31,2026-09-25,3,Call,9.50,-1.93%,0.2,0.25,0.3,1291,716,1.8,103.92%,94.71%,0.43981,"14:48 ET"
AAPL,340.29,2026-09-25,3,Put,350.00,+2.63%,9.85,9.38,10.35,2157,1199,1.8,23.81%,23.17%,-0.914054,"13:59 ET"
VKTX,41.19,2026-09-25,3,Call,50.00,-27.55%,0.25,0.29,0.29,4761,2638,1.8,81.44%,158.39%,0.101751,"15:02 ET"
META,738.68,2026-09-25,3,Call,770.00,-3.92%,6.05,6.28,6.3,5134,2856,1.8,44.47%,63.74%,0.249496,"14:56 ET"
GOOGL,352.03,2026-09-25,3,Call,365.00,-3.45%,0.97,1,1.02,7822,4344,1.8,33.14%,37.77%,0.159252,"14:57 ET"
TSLA,379.72,2026-09-25,3,Call,380.00,-0.24%,5.9,5.96,6.05,22962,12756,1.8,41.88%,44.22%,0.502842,"15:02 ET"
CLF,12.6,2026-12-18,87,Call,13.00,-2.52%,1.43,1.45,1.46,13204,7375,1.79,62.74%,64.98%,0.52854,"14:51 ET"
LNG,272.1,2026-10-09,17,Call,290.00,-6.09%,3.2,3.2,3.4,511,285,1.79,36.02%,39.77%,0.247683,"14:58 ET"
GLND,2.55,2027-02-19,150,Call,3.00,-6.76%,0.5,0.65,1.05,594,331,1.79,164.36%,140.88%,0.615382,"13:52 ET"
UNH,374.11,2026-09-25,3,Call,375.00,-0.37%,3.7,3.85,4,734,410,1.79,39.50%,31.30%,0.475416,"14:58 ET"
EMBJ,76.96,2026-10-16,24,Put,75.00,-2.10%,2.15,2.3,2.3,826,461,1.79,40.98%,39.94%,-0.38234,"14:19 ET"
DVN,47.08,2026-09-25,3,Put,46.50,-1.38%,0.39,0.46,0.48,853,476,1.79,36.28%,41.21%,-0.356907,"14:10 ET"
KGC,28.58,2026-10-16,24,Call,32.00,-11.93%,0.3,0.35,0.4,1041,581,1.79,46.62%,47.08%,0.193846,"13:55 ET"
HOOD,124.35,2026-09-25,3,Put,122.00,-1.92%,2.04,2.11,2.09,1182,659,1.79,63.40%,67.79%,-0.376794,"14:52 ET"
AVGO,364.57,2026-10-02,10,Call,375.00,-2.87%,4.75,4.83,4.9,1770,990,1.79,37.51%,37.93%,0.331555,"14:57 ET"
AMD,619.33,2026-10-02,10,Call,680.00,-9.65%,4.75,4.96,4.9,2025,1134,1.79,55.09%,55.60%,0.166174,"14:46 ET"
NBIS,236.2,2026-10-30,38,Put,170.00,-28.01%,2.43,2.62,2.85,503,283,1.78,83.82%,82.00%,-0.082884,"14:39 ET"
STEX,0.8499,2027-01-15,115,Call,1.5000,-81.27%,0.15,0.1,0.2,600,337,1.78,163.32%,168.01%,0.457164,"11:38 ET"
JPM,340.8,2026-10-02,10,Call,355.00,-4.11%,1,1.12,1.11,671,376,1.78,26.82%,23.43%,0.155352,"14:47 ET"
BBAI,2.91,2026-11-20,59,Call,3.00,-3.09%,0.3,0.31,0.31,1824,1025,1.78,64.26%,71.05%,0.527574,"14:48 ET"
NBIS,236.2,2026-09-25,3,Call,255.00,-7.99%,1.95,1.95,2,1888,1058,1.78,83.82%,92.13%,0.189341,"14:52 ET"
GOOG,347.73,2026-09-25,3,Put,340.00,-2.42%,1.55,1.56,1.59,3187,1792,1.78,32.87%,36.43%,-0.230867,"14:57 ET"
SBET,10.23,2026-10-16,24,Call,12.00,-17.88%,0.36,0.37,0.38,4178,2342,1.78,84.25%,89.57%,0.283716,"14:45 ET"
BABA,116.56,2026-09-25,3,Call,130.00,-11.75%,0.1,0.12,0.12,6280,3531,1.78,43.42%,67.43%,0.039197,"14:57 ET"
MU,1093.42,2026-09-25,3,Put,"1,025.00",-5.81%,3.95,4.03,4.1,519,293,1.77,65.22%,61.18%,-0.129842,"14:56 ET"
GLW,159.4,2026-09-25,3,Call,172.50,-7.89%,0.51,0.61,0.64,592,335,1.77,60.68%,71.28%,0.117179,"14:33 ET"
ASTS,64.76,2026-10-02,10,Call,66.00,-1.77%,2.78,2.74,2.99,659,372,1.77,77.41%,77.30%,0.480225,"14:55 ET"
INTC,122.79,2026-10-02,10,Call,122.00,+0.73%,5.9,5.9,6.05,1395,789,1.77,69.17%,68.17%,0.548846,"14:57 ET"
VKTX,41.19,2026-10-02,10,Call,40.00,-2.04%,3.15,3.31,3.35,2528,1431,1.77,81.44%,96.14%,0.607953,"15:02 ET"
MARA,13.81,2026-10-09,17,Put,12.50,-9.75%,0.4,0.4,0.42,515,292,1.76,83.87%,81.17%,-0.257543,"14:50 ET"
TSM,451.52,2026-09-25,3,Call,465.00,-3.45%,1.05,1.07,1.11,588,335,1.76,33.89%,31.97%,0.159081,"15:02 ET"
BA,198.04,2026-10-09,17,Call,200.00,-1.30%,4.3,4.5,4.5,610,347,1.76,31.45%,31.34%,0.45232,"14:55 ET"
SNDK,1889.46,2026-09-25,3,Call,"2,500.00",-32.35%,0.45,0.5,0.55,687,390,1.76,78.61%,124.10%,0.007404,"14:51 ET"
RDDT,153.44,2026-10-02,10,Call,165.00,-8.15%,2.1,2.35,2.26,1147,653,1.76,61.29%,60.13%,0.250963,"14:59 ET"
WMT,109.79,2026-09-25,3,Put,108.00,-1.38%,0.38,0.39,0.41,1747,993,1.76,24.69%,27.43%,-0.241971,"15:02 ET"
GME,24.3,2026-09-25,3,Call,26.00,-7.22%,0.23,0.24,0.24,7374,4222,1.75,54.57%,91.46%,0.213578,"14:58 ET"
NFLX,71.86,2026-09-25,3,Put,70.00,-2.37%,0.23,0.23,0.24,11966,6851,1.75,35.29%,33.77%,-0.191083,"14:56 ET"
VKTX,41.19,2027-02-19,150,Call,40.00,-2.04%,8.6,8.95,9.65,552,316,1.75,81.44%,80.17%,0.635337,"15:00 ET"
RKLB,72.34,2026-09-25,3,Put,71.00,-1.46%,1.33,1.42,1.42,907,518,1.75,73.18%,77.14%,-0.376363,"15:01 ET"
RIOT,24.77,2026-10-02,10,Call,25.00,-0.73%,1.17,1.2,1.26,2035,1164,1.75,81.27%,80.90%,0.499119,"14:47 ET"
AVGO,364.57,2026-10-16,24,Call,365.00,-0.13%,13.65,13.85,13.85,2127,1213,1.75,37.51%,37.51%,0.514153,"14:55 ET"
INTC,122.79,2026-09-25,3,Put,121.00,-1.55%,2.28,2.3,2.34,2505,1435,1.75,69.17%,71.34%,-0.395335,"14:58 ET"
XOM,158.99,2026-09-25,3,Call,162.50,-2.03%,0.64,0.69,0.74,2559,1463,1.75,29.26%,33.65%,0.243896,"15:01 ET"
COIN,202.24,2026-09-25,3,Call,215.00,-6.97%,1.6,1.65,1.69,2566,1465,1.75,66.18%,80.44%,0.205543,"14:58 ET"
AMD,619.33,2026-11-20,59,Put,430.00,-30.66%,4,4.05,4.15,3601,2063,1.75,55.09%,62.66%,-0.055665,"14:16 ET"
FIS,34.9,2026-12-18,87,Put,35.00,+0.26%,2.75,2.8,2.8,592,340,1.74,38.54%,39.61%,-0.469134,"14:44 ET"
BB,8.61,2026-11-20,59,Call,10.00,-16.55%,0.53,0.57,0.6,602,346,1.74,82.15%,75.54%,0.369672,"14:53 ET"
MS,200.36,2028-01-21,486,Put,140.00,-30.26%,5.75,7.34,7.3,1101,631,1.74,34.09%,36.36%,-0.127863,"12:46 ET"
ARM,331.41,2026-11-20,59,Call,400.00,-20.13%,21.15,21.88,21.8,1461,839,1.74,75.78%,81.93%,0.347662,"14:37 ET"
LLY,1170.31,2026-09-25,3,Call,"1,200.00",-2.38%,4.2,4.6,5.65,1490,858,1.74,33.74%,35.85%,0.227114,"14:57 ET"
TSLA,379.72,2026-10-02,10,Put,370.00,-2.40%,6.4,6.4,6.55,2364,1359,1.74,41.88%,43.46%,-0.341965,"15:02 ET"
SNDK,1889.46,2026-09-25,3,Put,"1,650.00",-12.65%,2.65,2.9,3,2465,1420,1.74,78.61%,89.24%,-0.043824,"14:55 ET"
MU,1093.42,2026-10-02,10,Call,"1,300.00",-19.46%,8.55,8.6,8.8,1741,1009,1.73,65.22%,85.66%,0.120918,"14:58 ET"
AAL,13.61,2026-09-25,3,Put,14.00,+3.47%,0.49,0.53,0.6,1805,1043,1.73,48.56%,62.48%,-0.681079,"14:42 ET"
DGXX,4.4,2026-10-16,24,Call,5.00,-13.90%,0.15,0.19,0.2,2135,1232,1.73,94.46%,84.50%,0.317052,"14:40 ET"
KR,58.89,2027-01-15,115,Call,77.50,-31.29%,0.16,0.22,0.32,622,361,1.72,24.77%,29.31%,0.060797,"13:21 ET"
APLD,28.85,2026-10-16,24,Call,42.00,-45.18%,0.18,0.23,0.25,645,375,1.72,90.25%,93.86%,0.075709,"14:32 ET"
PURR,13.91,2026-09-25,3,Call,16.00,-15.03%,0.05,0.1,0.15,760,442,1.72,98.57%,130.63%,0.128073,"14:40 ET"
META,738.68,2026-09-23,1,Call,735.00,+0.81%,10.4,10.8,10.95,1853,1078,1.72,44.47%,54.91%,0.582924,"14:55 ET"
NVDA,229.32,2026-10-30,38,Call,225.00,+1.93%,12.3,12.53,12.5,2361,1374,1.72,33.07%,33.16%,0.602875,"14:50 ET"
YELP,18.95,2026-11-20,59,Put,20.00,+5.60%,2,1.95,2.2,3411,1986,1.72,47.45%,51.16%,-0.553929,"14:00 ET"
MU,1093.42,2026-09-25,3,Call,"1,200.00",-10.27%,1.95,2,1.99,8130,4734,1.72,65.22%,69.62%,0.066886,"14:58 ET"
GIS,35.49,2026-11-20,59,Call,40.00,-12.64%,0.45,0.46,0.5,515,301,1.71,35.95%,33.55%,0.191602,"14:54 ET"
ADT,6.59,2028-12-15,815,Put,5.00,-23.90%,0.4,0.5,0.55,576,336,1.71,31.06%,34.21%,-0.194352,"12:45 ET"
MRNA,184.35,2026-09-25,3,Put,177.50,-2.77%,3.05,3.17,3.25,734,430,1.71,82.98%,88.69%,-0.315624,"14:56 ET"
ASTS,64.76,2026-09-25,3,Put,62.00,-4.39%,0.72,0.74,0.78,906,531,1.71,77.41%,81.99%,-0.250462,"14:57 ET"
MSFT,498.48,2026-09-25,3,Put,497.50,+0.02%,4.5,4.53,4.65,1009,590,1.71,27.00%,26.88%,-0.477825,"14:58 ET"
BE,276.36,2026-09-25,3,Call,285.00,-2.62%,5,5.44,5.3,1856,1085,1.71,80.17%,85.76%,0.365069,"14:45 ET"
MRNA,184.35,2026-10-30,38,Call,200.00,-9.55%,15.85,16.7,18.7,586,345,1.7,82.98%,98.61%,0.462698,"14:20 ET"
MU,1093.42,2026-10-02,10,Call,"1,085.00",+0.29%,59.4,59.68,60.3,609,358,1.7,65.22%,79.80%,0.540757,"14:58 ET"
ALL,228.71,2026-10-16,24,Put,230.00,+0.57%,6.4,7.2,7.5,977,574,1.7,27.41%,24.58%,-0.550844,"14:46 ET"
AMZN,255.09,2026-10-23,31,Put,225.00,-11.91%,0.93,0.94,0.97,1167,686,1.7,32.39%,32.69%,-0.082572,"14:36 ET"
HD,305.23,2026-12-18,87,Call,340.00,-11.73%,5,4.99,5.3,1232,725,1.7,26.40%,27.50%,0.230224,"14:45 ET"
MU,1093.42,2026-09-25,3,Call,"1,300.00",-19.46%,0.2,0.19,0.23,2833,1662,1.7,65.22%,80.18%,0.008341,"14:43 ET"
AVGO,364.57,2026-09-25,3,Call,380.00,-4.24%,0.91,0.92,0.94,5181,3048,1.7,37.51%,42.19%,0.133942,"14:58 ET"
MSFT,498.48,2026-09-25,3,Call,525.00,-5.54%,0.18,0.21,0.2,7155,4212,1.7,27.00%,31.62%,0.034079,"14:51 ET"
SKHY,194.85,2026-09-25,3,Call,200.00,-2.56%,2.63,2.69,2.67,9373,5504,1.7,63.38%,67.72%,0.343236,"15:02 ET"
SPCX,153.23,2026-09-25,3,Call,157.50,-2.17%,1.52,1.52,1.53,15876,9352,1.7,50.82%,56.21%,0.311538,"15:02 ET"
BAC,56.44,2026-11-20,59,Put,50.00,-11.74%,0.46,0.47,0.48,13210,7824,1.69,27.62%,29.48%,-0.132379,"14:58 ET"
PLTR,184.35,2026-09-25,3,Call,190.00,-3.06%,1.29,1.31,1.32,14963,8853,1.69,50.22%,50.69%,0.260768,"15:02 ET"
TTD,13.2,2026-09-25,3,Call,13.00,+1.96%,0.39,0.4,0.43,506,300,1.69,60.79%,62.02%,0.622373,"15:02 ET"
ILMN,247,2026-10-16,24,Put,230.00,-6.91%,5.3,5.6,6.2,519,307,1.69,53.50%,51.91%,-0.267639,"12:42 ET"
NFLX,71.86,2026-10-09,17,Put,69.00,-3.77%,0.78,0.84,0.8,642,381,1.69,35.29%,31.61%,-0.258508,"14:28 ET"
AMD,619.33,2026-09-25,3,Call,612.50,+1.24%,15.8,15.78,16.1,749,442,1.69,55.09%,56.10%,0.590963,"14:53 ET"
VLO,385.8,2026-09-25,3,Put,380.00,-2.54%,5.4,6.05,6.7,797,472,1.69,53.99%,61.59%,-0.387582,"15:01 ET"
TSLA,379.72,2026-10-02,10,Put,380.00,+0.24%,10.85,10.9,10.95,1403,830,1.69,41.88%,43.53%,-0.48587,"15:02 ET"
CDE,20.35,2026-09-25,3,Call,20.50,-1.18%,0.35,0.38,0.45,547,326,1.68,62.67%,65.35%,0.454302,"14:30 ET"
DELL,549.51,2026-09-25,3,Put,525.00,-5.29%,3.1,3.2,3.35,640,381,1.68,61.84%,64.24%,-0.179789,"14:58 ET"
AAPL,340.29,2026-09-28,6,Put,335.00,-1.77%,1.65,1.71,1.75,717,426,1.68,23.81%,21.85%,-0.283133,"14:57 ET"
SNDK,1889.46,2026-09-25,3,Put,"1,600.00",-15.29%,1.35,1.5,1.55,2105,1253,1.68,78.61%,93.91%,-0.023373,"14:57 ET"
COIN,202.24,2026-10-02,10,Call,220.00,-9.45%,3.25,3.3,3.35,2460,1465,1.68,66.18%,70.04%,0.250062,"14:56 ET"
NVO,39.38,2026-10-16,24,Put,37.50,-4.87%,0.44,0.46,0.5,4179,2484,1.68,33.69%,28.77%,-0.258165,"14:16 ET"
DGXX,4.4,2026-11-20,59,Call,7.00,-59.45%,0.1,0.16,0.2,6900,4115,1.68,94.46%,102.56%,0.181881,"13:16 ET"
PAGP,26.83,2027-01-15,115,Put,27.00,+0.78%,1.3,1.4,1.4,504,301,1.67,20.23%,19.59%,-0.517364,"14:14 ET"
C,132.76,2026-09-25,3,Call,132.00,+0.68%,2.13,2.18,2.25,663,398,1.67,33.26%,34.92%,0.595689,"14:58 ET"
MSFT,498.48,2026-09-25,3,Put,487.50,-1.99%,1.24,1.24,1.39,1169,699,1.67,27.00%,27.37%,-0.190942,"14:57 ET"
BABA,116.56,2026-09-25,3,Call,126.00,-8.31%,0.25,0.27,0.28,1267,757,1.67,43.42%,62.63%,0.088628,"14:55 ET"
INTC,122.79,2026-09-23,1,Call,131.00,-6.59%,0.12,0.12,0.14,1280,768,1.67,69.17%,78.46%,0.060656,"14:49 ET"
META,738.68,2026-09-25,3,Call,745.00,-0.54%,13.65,13.9,14.1,2166,1300,1.67,44.47%,61.81%,0.456244,"14:57 ET"
MRNA,184.35,2026-10-16,24,Call,185.00,-1.34%,13.95,14.05,14.2,910,547,1.66,82.98%,76.71%,0.531288,"14:56 ET"
MRNA,184.35,2026-09-25,3,Put,155.00,-15.10%,0.18,0.21,0.25,1226,738,1.66,82.98%,103.58%,-0.030945,"14:57 ET"
SPCX,153.23,2026-10-02,10,Put,152.50,-1.08%,4.6,4.55,4.65,1390,836,1.66,50.82%,50.61%,-0.452816,"15:00 ET"
QCOM,196.56,2027-06-17,268,Put,120.00,-38.64%,4.2,5,4.65,2500,1510,1.66,52.35%,52.92%,-0.088028,"10:59 ET"
WMT,109.79,2026-09-25,3,Put,107.00,-2.29%,0.2,0.21,0.25,2509,1508,1.66,24.69%,28.55%,-0.150819,"14:57 ET"
TSLA,379.72,2026-10-09,17,Call,385.00,-1.56%,11.5,11.6,11.65,2731,1650,1.66,41.88%,41.91%,0.464282,"15:02 ET"
WFC,83.52,2027-06-17,268,Call,90.00,-7.50%,6,6.15,6.4,3056,1836,1.66,31.75%,29.60%,0.44696,"13:37 ET"
NBIS,236.2,2026-09-25,3,Call,250.00,-5.87%,2.85,2.88,2.89,11028,6644,1.66,83.82%,90.66%,0.256231,"14:56 ET"
EYPT,4.07,2026-11-20,59,Put,5.00,+24.38%,2.1,2.7,2.85,5230,3171,1.65,185.29%,288.69%,-0.345604,"13:52 ET"
MRVL,264.63,2026-09-25,3,Call,270.00,-2.29%,4.25,4.35,4.45,5494,3339,1.65,68.68%,72.51%,0.375496,"14:57 ET"
META,738.68,2026-09-25,3,Put,700.00,-5.53%,3.3,3.4,3.5,6880,4171,1.65,44.47%,61.01%,-0.155272,"14:56 ET"
HPE,61.12,2026-09-25,3,Put,59.00,-3.97%,0.54,0.58,0.63,528,320,1.65,63.56%,66.94%,-0.254241,"14:48 ET"
CGC,0.9737,2026-11-20,59,Call,1.0000,-2.62%,0.09,0.11,0.11,536,324,1.65,77.33%,70.16%,0.525716,"14:23 ET"
LLY,1170.31,2026-11-20,59,Call,"1,460.00",-24.56%,6.3,6.88,7.6,714,432,1.65,33.74%,37.87%,0.089443,"14:35 ET"
BA,198.04,2026-10-02,10,Call,202.50,-2.56%,2.3,2.5,2.55,727,440,1.65,31.45%,32.68%,0.347448,"14:51 ET"
GME,24.3,2026-11-20,59,Call,24.00,+1.03%,2.22,2.2,2.32,996,605,1.65,54.57%,56.71%,0.555475,"14:54 ET"
TSLA,379.72,2026-09-25,3,Call,372.50,+1.74%,10.3,10.35,10.45,2375,1439,1.65,41.88%,44.38%,0.692445,"15:02 ET"
GOOG,347.73,2026-09-25,3,Call,345.00,+0.98%,6.2,6.35,6.35,2440,1476,1.65,32.87%,35.94%,0.617321,"14:57 ET"
BE,276.36,2026-09-25,3,Put,242.50,-12.68%,0.41,0.45,0.49,531,324,1.64,80.17%,88.97%,-0.047237,"14:53 ET"
MU,1093.42,2026-10-16,24,Put,"1,080.00",-0.75%,66.9,67.02,67.1,563,344,1.64,65.22%,65.53%,-0.442288,"14:58 ET"
XEL,71.94,2026-11-20,59,Call,80.00,-11.16%,0.5,0.58,0.7,756,460,1.64,25.12%,25.35%,0.161979,"14:36 ET"
MU,1093.42,2026-09-25,3,Call,"1,190.00",-9.35%,2.48,2.51,2.54,845,515,1.64,65.22%,68.75%,0.083014,"14:58 ET"
INTC,122.79,2026-09-23,1,Call,129.00,-4.96%,0.23,0.26,0.27,1423,868,1.64,69.17%,75.02%,0.109254,"14:55 ET"
NBIS,236.2,2026-09-25,3,Call,235.00,+0.48%,8,8.05,8.1,3964,2421,1.64,83.82%,87.94%,0.53922,"14:56 ET"
AEO,15.96,2026-11-20,59,Put,12.00,-24.86%,0.06,0.1,0.1,501,308,1.63,43.83%,48.13%,-0.056211,"10:26 ET"
CRCL,95.64,2026-09-25,3,Put,94.00,-0.72%,2.1,2.54,2.26,582,357,1.63,77.06%,84.63%,-0.399426,"14:14 ET"
GME,24.3,2026-10-02,10,Call,32.00,-31.96%,0.17,0.19,0.19,591,362,1.63,54.57%,116.46%,0.089607,"14:49 ET"
AVGO,364.57,2026-10-16,24,Put,335.00,-8.10%,3.2,3.28,3.4,824,506,1.63,37.51%,36.66%,-0.172276,"14:51 ET"
NUAI,6.8,2026-10-02,10,Call,7.50,-6.99%,0.3,0.5,0.55,997,612,1.63,124.10%,140.42%,0.41428,"12:34 ET"
LYB,59.53,2026-10-16,24,Call,65.00,-8.35%,0.75,1,0.95,1153,708,1.63,42.89%,43.08%,0.232969,"13:50 ET"
MP,50.54,2027-06-17,268,Put,55.00,+10.11%,12.35,12.97,14.15,1501,922,1.63,58.61%,65.05%,-0.443135,"11:22 ET"
MCD,250.69,2026-12-18,87,Call,265.00,-5.63%,6.15,6.45,6.55,1583,973,1.63,22.41%,24.11%,0.342584,"14:34 ET"
DELL,549.51,2026-09-25,3,Put,550.00,-0.78%,10.9,11.27,11.4,1648,1012,1.63,61.84%,62.77%,-0.452898,"14:56 ET"
ONDS,7.66,2026-10-09,17,Call,8.00,-5.26%,0.29,0.28,0.31,2778,1709,1.63,71.52%,65.71%,0.413372,"14:55 ET"
MGM,38.58,2026-10-16,24,Call,46.00,-19.36%,0.3,0.45,0.8,505,311,1.62,59.19%,65.82%,0.170471,"14:09 ET"
ALAB,363.55,2026-09-25,3,Put,310.00,-14.56%,0.43,0.63,0.84,555,343,1.62,84.56%,102.68%,-0.044406,"14:55 ET"
MU,1093.42,2026-09-25,3,Call,"1,105.00",-1.54%,17.85,18.1,18.1,732,453,1.62,65.22%,62.96%,0.41314,"14:58 ET"
SNDK,1889.46,2026-09-25,3,Put,"1,720.00",-8.94%,7.4,7.85,7.7,807,497,1.62,78.61%,84.83%,-0.10519,"14:48 ET"
ALL,228.71,2026-10-16,24,Put,220.00,-3.80%,2.9,2.96,3.3,1481,914,1.62,27.41%,27.19%,-0.297786,"14:49 ET"
MARA,13.81,2026-10-09,17,Call,14.00,-1.08%,0.88,0.89,0.92,2169,1338,1.62,83.87%,83.57%,0.504029,"14:56 ET"
QCOM,196.56,2026-09-25,3,Call,220.00,-12.50%,0.26,0.27,0.31,2936,1816,1.62,52.35%,74.60%,0.052198,"14:55 ET"
GOOGL,352.03,2026-09-25,3,Put,350.00,-0.80%,3.35,3.41,3.5,3076,1893,1.62,33.14%,36.05%,-0.406677,"14:57 ET"
GOOG,347.73,2026-09-25,3,Call,352.50,-1.17%,2.72,2.82,2.78,3553,2198,1.62,32.87%,36.22%,0.359929,"14:57 ET"
HIMS,31.1,2026-09-25,3,Call,32.00,-2.70%,0.64,0.7,0.7,4076,2520,1.62,74.02%,85.54%,0.40335,"14:55 ET"
GOOGL,352.03,2026-10-30,38,Call,385.00,-9.11%,6.1,6.4,6.75,689,428,1.61,33.14%,37.72%,0.262441,"14:36 ET"
SNDK,1889.46,2026-09-25,3,Call,"1,825.00",+3.38%,93.8,92.2,94.9,709,440,1.61,78.61%,85.21%,0.684563,"14:55 ET"
AMD,619.33,2026-09-25,3,Put,595.00,-4.06%,3.65,3.69,3.85,842,524,1.61,55.09%,55.29%,-0.208861,"14:58 ET"
AGNC,10.07,2026-10-23,31,Call,10.00,+0.60%,0.23,0.26,0.28,886,551,1.61,21.99%,20.05%,0.539828,"14:14 ET"
NVDA,229.32,2026-09-30,8,Put,220.00,-4.11%,1.03,1.04,1.07,927,574,1.61,33.07%,31.48%,-0.177883,"14:49 ET"
BAC,56.44,2026-10-02,10,Call,58.00,-2.38%,0.37,0.39,0.39,1581,980,1.61,27.62%,24.75%,0.272876,"14:58 ET"
SHOP,147.66,2027-12-17,451,Call,250.00,-70.22%,14,15.8,16.85,504,315,1.6,54.55%,57.59%,0.335644,"10:48 ET"
GOOG,347.73,2026-10-09,17,Call,375.00,-7.63%,1.89,2.06,1.96,720,450,1.6,32.87%,32.33%,0.156243,"14:49 ET"
EAF,11.05,2027-04-16,206,Call,10.00,+8.84%,3.7,4.3,4.3,742,463,1.6,111.88%,111.02%,0.710136,"12:53 ET"
INTC,122.79,2026-09-23,1,Put,125.00,+1.71%,3,3,3.15,767,478,1.6,69.17%,68.65%,-0.681643,"14:55 ET"
OSCR,30.59,2026-09-25,3,Call,33.00,-7.42%,0.17,0.21,0.25,1486,929,1.6,71.01%,85.62%,0.171258,"14:26 ET"
LITE,941.68,2026-09-25,3,Call,"1,100.00",-15.27%,1.2,1.4,1.8,2089,1304,1.6,75.12%,96.43%,0.045501,"14:56 ET"
GOOG,347.73,2026-10-09,17,Call,355.00,-1.89%,6.65,6.72,6.8,2147,1340,1.6,32.87%,31.65%,0.408734,"14:57 ET"
ASTS,64.76,2026-09-25,3,Call,63.00,+2.85%,2.92,2.75,3.15,2214,1388,1.6,77.41%,80.64%,0.678925,"14:50 ET"
HPE,61.12,2026-10-09,17,Put,56.00,-8.85%,1.13,1.2,1.2,530,333,1.59,63.56%,62.38%,-0.227719,"14:42 ET"
MSFT,498.48,2026-09-28,6,Call,505.00,-1.52%,3.1,3.51,3.55,617,389,1.59,27.00%,23.97%,0.334295,"14:55 ET"
AVGO,364.57,2026-10-16,24,Call,375.00,-2.87%,9.5,9.72,9.7,680,427,1.59,37.51%,37.64%,0.403496,"14:55 ET"
CRWD,248.47,2026-09-25,3,Put,242.50,-3.09%,2.76,2.64,2.93,684,431,1.59,54.28%,60.54%,-0.313874,"14:51 ET"
TSLA,379.72,2026-09-28,6,Put,360.00,-5.03%,1.15,1.19,1.18,918,577,1.59,41.88%,37.41%,-0.125975,"14:57 ET"
INTC,122.79,2026-10-16,24,Call,121.00,+1.55%,9.35,9.25,9.5,1017,639,1.59,69.17%,67.15%,0.573095,"14:43 ET"
INTC,122.79,2026-09-30,8,Call,125.00,-1.71%,3.8,3.87,3.9,1130,710,1.59,69.17%,66.04%,0.450333,"14:56 ET"
VG,12.98,2026-10-16,24,Put,12.50,-4.07%,0.5,0.51,0.55,1346,847,1.59,61.50%,57.79%,-0.365933,"15:02 ET"
SPCX,153.23,2026-10-02,10,Put,148.00,-4.00%,2.77,2.75,2.8,2490,1565,1.59,50.82%,50.94%,-0.317668,"14:48 ET"
CRWV,87.17,2026-09-25,3,Call,87.00,+0.43%,2.53,2.54,2.59,2926,1837,1.59,76.28%,79.66%,0.521122,"14:54 ET"
META,738.68,2027-01-15,115,Put,740.00,-0.13%,65.75,66,66.85,533,338,1.58,44.47%,42.17%,-0.441752,"14:57 ET"
WDC,461.9,2026-10-02,10,Call,500.00,-8.68%,9.25,9.9,10.05,603,382,1.58,71.35%,75.56%,0.285473,"15:02 ET"
ADBE,238.55,2026-12-18,87,Call,240.00,-0.36%,20.55,21.1,21.1,918,582,1.58,40.23%,44.69%,0.545632,"14:52 ET"
NVDA,229.32,2026-09-28,6,Call,237.50,-3.52%,0.66,0.72,0.67,1042,661,1.58,33.07%,26.93%,0.16165,"14:44 ET"
NCLH,14.3,2026-11-20,59,Call,16.00,-12.20%,0.62,0.63,0.67,1543,979,1.58,50.91%,53.98%,0.347807,"14:49 ET"
CRWV,87.17,2026-10-02,10,Put,75.00,-14.17%,0.54,0.54,0.57,2126,1343,1.58,76.28%,75.19%,-0.10213,"14:54 ET"
MRNA,184.35,2026-12-18,87,Call,220.00,-20.51%,19.45,20.05,20.95,2215,1398,1.58,82.98%,89.47%,0.431524,"14:43 ET"
ASTS,64.76,2026-09-25,3,Call,67.00,-3.32%,1.13,1.1,1.26,3401,2149,1.58,77.41%,85.50%,0.36253,"14:58 ET"
TSLA,379.72,2026-09-25,3,Put,365.00,-3.71%,1.25,1.25,1.28,5148,3263,1.58,41.88%,44.23%,-0.156022,"15:02 ET"
INTC,122.79,2026-09-30,8,Call,130.00,-5.78%,2.25,2.23,2.32,602,384,1.57,69.17%,67.88%,0.305359,"14:57 ET"
KO,88.79,2026-09-25,3,Put,89.00,+0.54%,0.82,0.85,0.87,665,423,1.57,18.36%,19.13%,-0.603593,"14:55 ET"
GME,24.3,2026-10-16,24,Put,22.50,-7.22%,0.45,0.5,0.55,758,483,1.57,54.57%,48.87%,-0.256003,"14:28 ET"
EXK,10.47,2027-05-21,241,Call,15.00,-44.09%,1.3,1.31,1.45,801,511,1.57,72.50%,76.63%,0.40695,"13:13 ET"
GOOGL,352.03,2026-09-28,6,Call,360.00,-2.03%,2.47,2.47,2.59,990,632,1.57,33.14%,29.85%,0.30115,"14:57 ET"
TEM,77.4,2026-09-25,3,Call,80.00,-2.79%,1.35,1.4,1.44,1460,930,1.57,75.31%,87.05%,0.353033,"14:57 ET"
TSLA,379.72,2026-09-25,3,Put,357.50,-5.69%,0.51,0.53,0.53,1898,1212,1.57,41.88%,46.35%,-0.072061,"14:58 ET"
BA,198.04,2026-09-25,3,Call,202.50,-2.56%,0.91,0.9,1,2187,1395,1.57,31.45%,36.13%,0.250629,"14:56 ET"
PATH,13.31,2026-09-25,3,Put,13.00,-2.26%,0.26,0.25,0.27,2275,1447,1.57,58.45%,83.82%,-0.366319,"14:57 ET"
BABA,116.56,2026-09-25,3,Call,121.00,-4.01%,0.82,0.87,0.89,2329,1481,1.57,43.42%,57.67%,0.243372,"14:41 ET"
NFLX,71.86,2026-09-25,3,Call,73.00,-1.81%,0.45,0.45,0.46,11077,7041,1.57,35.29%,34.82%,0.315579,"14:58 ET"
RKLB,72.34,2026-09-25,3,Call,75.00,-4.09%,1.08,1.09,1.1,10294,6616,1.56,73.18%,80.37%,0.327626,"15:02 ET"
META,738.68,2026-09-25,3,Call,750.00,-1.22%,11.75,11.8,12.15,11730,7523,1.56,44.47%,62.31%,0.410203,"14:57 ET"
TSLA,379.72,2026-09-30,8,Put,370.00,-2.40%,4.35,4.48,4.5,948,608,1.56,41.88%,38.37%,-0.310083,"14:57 ET"
CRWV,87.17,2026-09-25,3,Call,94.00,-7.58%,0.55,0.6,0.6,2133,1363,1.56,76.28%,84.08%,0.168202,"14:46 ET"
MRNA,184.35,2026-09-25,3,Call,175.00,+4.14%,11.1,11.25,11.4,2305,1473,1.56,82.98%,88.53%,0.7447,"14:58 ET"
NVDA,229.32,2026-09-28,6,Call,227.50,+0.84%,4.15,4.3,4.25,2972,1900,1.56,33.07%,27.06%,0.601427,"14:54 ET"
BFLY,9.87,2026-11-20,59,Call,10.00,-1.94%,1.45,1.55,1.6,668,432,1.55,97.33%,98.91%,0.571606,"14:57 ET"
APP,326.94,2026-09-25,3,Call,370.00,-13.55%,0.1,0.15,0.25,734,474,1.55,60.22%,67.95%,0.023647,"14:41 ET"
NFLX,71.86,2026-10-02,10,Put,69.00,-3.77%,0.45,0.45,0.46,1019,658,1.55,35.29%,31.74%,-0.20831,"14:56 ET"
C,132.76,2026-09-25,3,Put,132.00,-0.68%,1.09,1.21,1.21,1365,881,1.55,33.26%,32.96%,-0.399623,"14:57 ET"
NBIS,236.2,2026-09-25,3,Put,225.00,-4.72%,2.97,3,3,1727,1113,1.55,83.82%,86.59%,-0.257089,"14:58 ET"
META,738.68,2026-09-25,3,Put,720.00,-2.83%,7.95,8.1,8.3,2041,1318,1.55,44.47%,60.40%,-0.305354,"14:58 ET"
BMNR,28.77,2026-10-16,24,Call,33.00,-15.55%,0.92,0.96,0.98,2106,1357,1.55,78.28%,80.78%,0.284854,"14:53 ET"
GLXY,27.43,2026-10-16,24,Call,35.00,-27.27%,0.45,0.5,0.5,2497,1608,1.55,85.17%,86.28%,0.16308,"14:41 ET"
C,132.76,2027-03-19,178,Put,115.00,-13.48%,3.85,4.25,4.25,3021,1953,1.55,33.26%,32.33%,-0.21254,"10:17 ET"
SOFI,17.21,2026-10-02,10,Call,17.00,+0.93%,0.6,0.62,0.62,5803,3752,1.55,48.73%,46.11%,0.56755,"15:00 ET"
GOOGL,352.03,2026-10-16,24,Call,390.00,-10.53%,1.84,1.95,1.95,7542,4879,1.55,33.14%,33.15%,0.130755,"14:56 ET"
IREN,48.53,2026-09-25,3,Call,50.00,-3.03%,0.96,1,0.99,18127,11668,1.55,83.26%,89.07%,0.375294,"14:58 ET"
INTC,122.79,2026-09-25,3,Put,115.00,-6.43%,0.6,0.63,0.65,5467,3542,1.54,69.17%,71.67%,-0.147436,"14:57 ET"
AFRM,71.65,2026-09-25,3,Call,77.00,-7.41%,0.17,0.19,0.25,568,370,1.54,57.01%,64.04%,0.107731,"14:51 ET"
MSTR,169.24,2026-10-09,17,Put,160.00,-5.17%,5.75,5.95,5.95,590,384,1.54,72.48%,69.49%,-0.324972,"14:54 ET"
GOOGL,352.03,2026-10-23,31,Call,370.00,-4.86%,6.65,7.15,7.05,596,388,1.54,33.14%,32.26%,0.330295,"14:43 ET"
MU,1093.42,2026-09-25,3,Put,995.00,-8.56%,1.68,1.7,1.71,861,559,1.54,65.22%,65.44%,-0.059583,"14:57 ET"
UBER,69.69,2026-10-02,10,Call,70.00,-0.20%,1.39,1.44,1.48,1035,671,1.54,35.33%,34.47%,0.479771,"15:01 ET"
AMZN,255.09,2026-10-23,31,Call,260.00,-1.79%,7,7.1,7.3,1328,860,1.54,32.39%,30.55%,0.443474,"14:56 ET"
PAA,24.58,2026-10-16,24,Put,25.00,+2.04%,0.5,0.75,0.75,1775,1154,1.54,19.63%,13.39%,-0.701818,"14:40 ET"
INTC,122.79,2026-10-16,24,Call,180.00,-46.46%,0.36,0.37,0.4,3452,2243,1.54,69.17%,80.05%,0.040099,"14:55 ET"
WDC,461.9,2026-09-25,3,Call,460.00,+0.02%,13.8,13.9,15.15,528,345,1.53,71.35%,81.18%,0.536475,"14:53 ET"
TSM,451.52,2026-09-25,3,Put,445.00,-1.00%,2.34,2.46,2.44,551,360,1.53,33.89%,30.81%,-0.295923,"15:01 ET"
META,738.68,2027-06-17,268,Put,760.00,+2.57%,109.45,109.54,110.9,578,378,1.53,44.47%,42.93%,-0.439352,"14:52 ET"
SNOW,337.92,2026-09-25,3,Put,335.00,-0.57%,4.95,5.04,5.4,624,408,1.53,47.80%,50.77%,-0.437084,"14:50 ET"
ADBE,238.55,2026-09-25,3,Call,250.00,-4.54%,0.75,0.8,0.84,647,422,1.53,40.23%,49.52%,0.147077,"14:57 ET"
BE,276.36,2026-09-25,3,Put,275.00,-0.98%,7.25,7.59,7.95,683,447,1.53,80.17%,84.07%,-0.454373,"14:58 ET"
MU,1093.42,2026-09-23,1,Call,"1,010.00",+7.19%,77.1,79.89,83.8,690,450,1.53,65.22%,91.02%,0.946256,"14:57 ET"
SNDK,1889.46,2026-09-25,3,Call,"2,020.00",-6.94%,19.1,18.7,19.5,879,574,1.53,78.61%,92.01%,0.221774,"14:54 ET"
DELL,549.51,2026-09-25,3,Call,550.00,+0.78%,14.3,14.5,15.1,1094,717,1.53,61.84%,66.37%,0.546084,"14:56 ET"
MSFT,498.48,2026-09-25,3,Put,477.50,-4.00%,0.33,0.35,0.39,1697,1108,1.53,27.00%,30.23%,-0.060511,"14:57 ET"
AAPL,340.29,2026-09-28,6,Call,340.00,+0.30%,3.8,3.85,3.95,1808,1178,1.53,23.81%,21.37%,0.51893,"14:58 ET"
CRML,8.7,2026-09-25,3,Call,8.50,+1.85%,0.45,0.55,0.6,1848,1209,1.53,106.55%,132.84%,0.602803,"14:42 ET"
WULF,17.48,2026-09-25,3,Put,18.00,+2.74%,0.85,0.8,0.88,2592,1694,1.53,82.14%,82.64%,-0.652646,"14:27 ET"
UBER,69.69,2026-09-25,3,Put,69.00,-1.23%,0.63,0.63,0.65,3160,2063,1.53,35.33%,36.80%,-0.385821,"15:01 ET"
ASTS,64.76,2026-10-16,24,Call,90.00,-38.78%,0.52,0.55,0.58,6333,4138,1.53,77.41%,86.71%,0.089648,"14:58 ET"
AAPL,340.29,2026-10-16,24,Put,335.00,-1.77%,5.2,5.3,5.4,6081,3990,1.52,23.81%,22.76%,-0.374582,"14:58 ET"
ORCL,150.04,2026-09-25,3,Call,150.00,+0.13%,3.15,3.2,3.2,13941,9197,1.52,50.86%,56.04%,0.523847,"14:58 ET"
META,738.68,2026-09-28,6,Call,760.00,-2.57%,10,10.9,10.4,541,357,1.52,44.47%,48.79%,0.342154,"14:51 ET"
POST,75.88,2026-12-18,87,Put,85.00,+11.59%,9.5,9.95,10.9,564,372,1.52,32.07%,31.21%,-0.741926,"13:21 ET"
CLSK,15.15,2027-01-15,115,Call,19.00,-25.33%,1.61,1.59,1.81,704,463,1.52,81.37%,86.39%,0.416656,"12:42 ET"
DAL,83.44,2026-11-20,59,Call,80.00,+3.57%,7.5,7.25,7.85,875,574,1.52,46.29%,42.92%,0.637302,"13:52 ET"
SMCI,41.58,2026-11-20,59,Put,36.00,-13.09%,2.56,2.79,2.68,965,635,1.52,74.89%,80.39%,-0.268706,"12:19 ET"
C,132.76,2026-09-25,3,Call,136.00,-2.32%,0.51,0.54,0.59,1072,706,1.52,33.26%,33.81%,0.234303,"14:30 ET"
COIN,202.24,2026-09-25,3,Put,195.00,-2.99%,2.23,2.26,2.36,1748,1149,1.52,66.18%,70.01%,-0.279817,"14:57 ET"
GENI,6.11,2026-10-16,24,Call,7.50,-23.56%,0.05,0.1,0.15,2656,1747,1.52,79.08%,75.21%,0.172143,"14:44 ET"
INTC,122.79,2026-10-02,10,Call,130.00,-5.78%,2.96,3,3,4751,3122,1.52,69.17%,70.18%,0.335666,"14:58 ET"
TSLA,379.72,2026-09-30,8,Call,387.50,-2.22%,5.6,5.33,5.7,509,338,1.51,41.88%,39.32%,0.379398,"14:46 ET"
BABA,116.56,2026-10-02,10,Call,123.00,-5.73%,1.35,1.38,1.43,537,356,1.51,43.42%,47.81%,0.259577,"14:57 ET"
MU,1093.42,2026-09-23,1,Put,995.00,-8.56%,0.19,0.21,0.21,733,484,1.51,65.22%,78.09%,-0.012729,"14:55 ET"
APO,125.15,2026-10-16,24,Call,135.00,-8.03%,1.05,1.52,1.45,975,647,1.51,35.88%,34.64%,0.207981,"13:31 ET"
VZLA,4.24,2026-12-18,87,Put,4.00,-5.21%,0.3,0.46,0.55,1018,676,1.51,74.76%,69.35%,-0.357549,"13:42 ET"
OKTA,197.29,2026-09-25,3,Call,210.00,-6.17%,1.25,1.27,1.46,1032,682,1.51,57.20%,75.87%,0.188006,"14:52 ET"
NFLX,71.86,2026-10-02,10,Put,72.00,+0.42%,1.54,1.52,1.57,1609,1063,1.51,35.29%,31.77%,-0.500045,"14:52 ET"
CRWV,87.17,2026-10-02,10,Put,85.00,-2.72%,3.15,3.24,3.3,1976,1308,1.51,76.28%,74.28%,-0.395559,"14:56 ET"
TSM,451.52,2026-09-25,3,Call,460.00,-2.34%,2,2.04,2.07,2026,1346,1.51,33.89%,31.58%,0.26325,"15:02 ET"
INTC,122.79,2026-09-25,3,Put,118.00,-3.99%,1.21,1.23,1.27,3405,2256,1.51,69.17%,70.57%,-0.254562,"14:56 ET"
HIMS,31.1,2026-10-02,10,Call,32.00,-2.70%,1.22,1.29,1.33,3922,2598,1.51,74.02%,76.13%,0.45782,"14:56 ET"
GRAB,3.15,2026-10-23,31,Put,3.00,-5.36%,0.13,0.12,0.14,10200,6743,1.51,62.20%,56.85%,-0.350696,"13:48 ET"
MSTR,169.24,2026-10-02,10,Call,180.00,-6.69%,4.45,4.6,4.6,7991,5325,1.5,72.48%,77.08%,0.338102,"14:57 ET"
SBET,10.23,2026-11-20,59,Call,12.00,-17.88%,0.81,0.86,0.93,507,337,1.5,84.25%,89.45%,0.401805,"15:00 ET"
CRM,232.8,2026-10-09,17,Put,210.00,-9.55%,1.17,1.3,1.37,545,363,1.5,39.47%,41.81%,-0.118671,"14:26 ET"
MSTR,169.24,2026-10-23,31,Call,165.00,+2.20%,15.85,15.6,16.25,688,459,1.5,72.48%,70.32%,0.594029,"14:33 ET"
SLS,11.94,2026-09-25,3,Call,12.50,-4.69%,0.25,0.27,0.3,840,560,1.5,166.54%,113.95%,0.350067,"14:54 ET"
AVGO,364.57,2026-09-25,3,Call,362.50,+0.56%,5.7,6,5.95,1368,915,1.5,37.51%,38.51%,0.552937,"14:52 ET"
MARA,13.81,2026-11-20,59,Put,10.00,-27.80%,0.38,0.39,0.4,1523,1016,1.5,83.87%,87.47%,-0.135243,"14:38 ET"
AMD,619.33,2026-10-02,10,Call,650.00,-4.81%,10.5,10.55,10.7,1728,1150,1.5,55.09%,54.26%,0.310926,"14:55 ET"
INTC,122.79,2026-09-25,3,Call,124.00,-0.90%,2.7,2.81,2.78,1746,1166,1.5,69.17%,73.66%,0.457348,"14:56 ET"
SCHW,101.07,2026-11-20,59,Call,110.00,-8.76%,1.51,1.57,1.65,2007,1334,1.5,30.64%,27.35%,0.250794,"14:33 ET"
TSLA,379.72,2026-09-28,6,Call,400.00,-5.52%,1.52,1.55,1.56,2034,1355,1.5,41.88%,39.07%,0.15784,"15:01 ET"
CRWV,87.17,2026-09-25,3,Put,88.00,+0.71%,2.94,2.99,3.05,2104,1403,1.5,76.28%,79.66%,-0.54228,"14:51 ET"
CRWD,248.47,2026-10-16,24,Call,247.50,+1.09%,14.35,14.5,14.8,512,343,1.49,54.28%,54.15%,0.547188,"13:20 ET"
LYFT,14.89,2026-11-20,59,Call,17.00,-14.17%,0.54,0.62,0.65,632,425,1.49,47.94%,54.13%,0.317126,"12:23 ET"
MRVL,264.63,2026-10-30,38,Call,350.00,-32.60%,3.7,3.75,3.95,658,441,1.49,68.68%,71.46%,0.136748,"14:33 ET"
TSM,451.52,2026-09-25,3,Call,452.50,-0.67%,4.6,4.67,4.75,749,504,1.49,33.89%,31.43%,0.476237,"15:02 ET"
MSTR,169.24,2026-10-02,10,Call,167.50,+0.72%,8.9,9,9.05,787,529,1.49,72.48%,72.57%,0.558825,"14:57 ET"
WFC,83.52,2026-09-25,3,Put,83.00,-0.86%,0.59,0.63,0.7,900,606,1.49,31.75%,28.97%,-0.404615,"14:55 ET"
MU,1093.42,2026-10-02,10,Call,"1,730.00",-58.98%,0.31,0.34,0.36,917,614,1.49,65.22%,106.57%,0.005724,"14:27 ET"
SKHY,194.85,2026-09-25,3,Put,187.50,-3.85%,1.79,1.84,1.84,1122,754,1.49,63.38%,65.78%,-0.253203,"14:59 ET"
PFE,27.85,2026-09-25,3,Put,28.00,+0.47%,0.27,0.28,0.3,2101,1408,1.49,22.98%,19.90%,-0.613617,"14:59 ET"
META,738.68,2026-09-25,3,Call,780.00,-5.27%,4.25,4.4,4.55,2175,1459,1.49,44.47%,64.95%,0.18902,"14:57 ET"
INTC,122.79,2026-09-25,3,Call,125.00,-1.71%,2.32,2.36,2.39,11245,7538,1.49,69.17%,74.17%,0.410848,"14:57 ET"
HOOD,124.35,2026-09-25,3,Call,136.00,-9.33%,0.3,0.33,0.33,567,382,1.48,63.40%,72.12%,0.086577,"14:57 ET"
KOPN,4.89,2026-12-18,87,Call,5.50,-13.64%,0.55,0.65,0.75,674,454,1.48,89.32%,90.76%,0.489561,"14:50 ET"
CRML,8.7,2026-09-25,3,Put,8.50,-1.85%,0.3,0.39,0.4,829,562,1.48,106.55%,143.48%,-0.401213,"14:47 ET"
SLS,11.94,2026-10-02,10,Call,13.00,-8.88%,0.5,0.6,0.6,929,629,1.48,166.54%,119.87%,0.373571,"14:33 ET"
AVGO,364.57,2026-09-25,3,Put,357.50,-1.93%,2.19,2.14,2.24,1004,678,1.48,37.51%,36.53%,-0.288698,"14:55 ET"
DAL,83.44,2026-10-02,10,Call,85.00,-2.46%,1.51,1.57,1.76,1156,780,1.48,46.29%,41.68%,0.410029,"14:53 ET"
GME,24.3,2028-06-16,633,Put,5.00,-79.38%,0.2,0.2,0.31,1585,1069,1.48,54.57%,76.64%,-0.018941,"13:49 ET"
CIFR,19.3,2026-11-20,59,Call,24.00,-24.03%,1.69,1.72,1.79,1815,1227,1.48,98.72%,104.07%,0.383301,"12:01 ET"
TSLA,379.72,2027-02-19,150,Call,520.00,-37.17%,10.75,10.95,11.05,3708,2505,1.48,41.88%,46.60%,0.197524,"15:02 ET"
BBAR,14.27,2027-04-16,206,Call,17.00,-19.89%,0.95,1.1,1.4,501,340,1.47,69.80%,48.65%,0.388423,"10:18 ET"
NOW,137.35,2026-09-25,3,Call,142.00,-3.85%,1.22,1.23,1.29,547,372,1.47,54.78%,59.71%,0.280093,"14:52 ET"
WFC,83.52,2026-10-09,17,Put,84.00,+0.33%,2,2.09,2.18,608,415,1.47,31.75%,25.71%,-0.528518,"12:49 ET"
NBIS,236.2,2026-10-09,17,Call,270.00,-14.34%,5.9,6,6.4,783,532,1.47,83.82%,83.90%,0.260146,"14:51 ET"
BB,8.61,2026-10-16,24,Put,9.00,+4.90%,0.92,0.89,1.02,1003,682,1.47,82.15%,83.91%,-0.542465,"10:33 ET"
NBIS,236.2,2026-09-25,3,Call,275.00,-16.46%,0.41,0.42,0.43,1438,975,1.47,83.82%,99.05%,0.049122,"14:53 ET"
NFLX,71.86,2026-10-02,10,Call,74.00,-3.21%,0.73,0.76,0.75,2081,1419,1.47,35.29%,32.53%,0.30731,"14:54 ET"
SMCI,41.58,2026-10-02,10,Call,41.00,+1.01%,2.23,2.32,2.3,2370,1610,1.47,74.89%,72.98%,0.566713,"15:00 ET"
MSTR,169.24,2026-09-25,3,Call,190.00,-12.61%,0.74,0.74,0.78,4796,3273,1.47,72.48%,99.68%,0.107407,"14:57 ET"
GRAB,3.15,2027-04-16,206,Call,5.00,-57.73%,0.18,0.2,0.2,7116,4846,1.47,62.20%,65.31%,0.256594,"14:44 ET"
MSTR,169.24,2026-09-25,3,Call,170.00,-0.76%,4.6,4.6,4.7,12515,8531,1.47,72.48%,82.52%,0.488521,"14:58 ET"
MSTR,169.24,2026-09-25,3,Call,172.50,-2.24%,3.65,3.7,3.75,9777,6689,1.46,72.48%,84.21%,0.413734,"14:57 ET"
CVX,202.84,2026-09-25,3,Call,205.00,-0.72%,1.38,1.5,1.57,575,394,1.46,27.96%,31.76%,0.37162,"14:57 ET"
TSLA,379.72,2026-10-09,17,Put,375.00,-1.08%,10.8,10.85,10.95,639,438,1.46,41.88%,41.09%,-0.420806,"15:01 ET"
META,738.68,2026-09-25,3,Call,830.00,-12.01%,0.7,0.71,0.78,731,502,1.46,44.47%,71.31%,0.039341,"14:57 ET"
RDDT,153.44,2026-10-16,24,Put,160.00,+4.87%,12.25,12.5,12.9,751,515,1.46,61.29%,56.92%,-0.580805,"15:02 ET"
VGZ,2.84,2027-03-19,178,Call,2.50,+11.66%,0.55,0.55,0.85,1297,888,1.46,89.38%,66.63%,0.706539,"11:45 ET"
MSFT,498.48,2026-09-25,3,Call,517.50,-4.04%,0.46,0.5,0.56,1878,1288,1.46,27.00%,30.19%,0.082873,"14:57 ET"
TRLV,12.41,2026-10-16,24,Call,12.50,-3.39%,0.9,1.08,1.15,1884,1292,1.46,92.20%,85.57%,0.526131,"14:45 ET"
MSTR,169.24,2026-09-25,3,Call,167.50,+0.72%,5.7,5.76,5.9,3582,2458,1.46,72.48%,80.95%,0.567938,"14:56 ET"
MRK,151.81,2026-09-25,3,Call,157.50,-3.68%,0.16,0.16,0.3,4969,3400,1.46,29.00%,33.15%,0.106524,"14:56 ET"
PYPL,52.92,2026-09-25,3,Call,52.00,+1.87%,1.16,1.32,1.51,504,348,1.45,36.01%,42.09%,0.68233,"15:00 ET"
XOM,158.99,2026-10-02,10,Call,167.50,-5.17%,0.59,0.65,0.67,902,624,1.45,29.26%,30.12%,0.15547,"14:55 ET"
UBER,69.69,2026-09-25,3,Put,67.00,-4.09%,0.16,0.15,0.17,1728,1191,1.45,35.33%,38.72%,-0.132216,"14:55 ET"
AMZN,255.09,2026-09-30,8,Call,255.00,+0.16%,4.35,4.42,4.5,1964,1355,1.45,32.39%,29.03%,0.512679,"14:58 ET"
NVDA,229.32,2026-10-05,13,Call,230.00,-0.25%,4.8,4.8,4.9,2786,1924,1.45,33.07%,29.38%,0.496612,"14:57 ET"
F,13.06,2026-10-02,10,Call,13.50,-3.29%,0.11,0.12,0.13,4485,3099,1.45,34.03%,32.82%,0.280448,"14:57 ET"
SPCX,153.23,2026-09-25,3,Put,150.00,-2.70%,1.61,1.6,1.62,23686,16314,1.45,50.82%,54.98%,-0.317523,"15:02 ET"
SPCX,153.23,2026-09-25,3,Put,155.00,+0.54%,3.85,3.9,3.95,6098,4225,1.44,50.82%,54.41%,-0.573942,"15:02 ET"
GOOGL,352.03,2026-09-25,3,Call,357.50,-1.32%,2.55,2.6,2.65,8952,6229,1.44,33.14%,36.36%,0.341776,"14:58 ET"
AAPL,340.29,2026-09-25,3,Call,342.50,-0.43%,2.15,2.15,2.21,18331,12744,1.44,23.81%,25.85%,0.392399,"14:57 ET"
NFLX,71.86,2026-10-02,10,Call,71.00,+0.98%,1.98,2,2.03,563,392,1.44,35.29%,31.89%,0.606192,"14:57 ET"
ABR,4.43,2027-01-15,115,Call,3.00,+31.51%,1.35,1.45,1.45,923,640,1.44,51.64%,68.60%,0.891238,"14:38 ET"
TSLA,379.72,2026-10-16,24,Call,570.00,-50.36%,0.14,0.14,0.16,1014,706,1.44,41.88%,62.98%,0.007769,"13:26 ET"
NBIS,236.2,2026-10-02,10,Call,240.00,-1.63%,10.8,11.1,11.4,1137,787,1.44,83.82%,82.06%,0.481019,"14:58 ET"
MRVL,264.63,2026-09-25,3,Call,277.50,-5.13%,2.29,2.37,2.43,722,506,1.43,68.68%,73.82%,0.235765,"14:56 ET"
FIG,21.35,2028-01-21,486,Call,80.00,-275.06%,1.2,1.29,1.63,755,529,1.43,70.17%,81.11%,0.187849,"12:08 ET"
MSTR,169.24,2026-10-02,10,Put,160.00,-5.17%,3.8,3.94,3.95,912,637,1.43,72.48%,70.27%,-0.293994,"14:54 ET"
HPE,61.12,2026-10-02,10,Call,63.00,-2.54%,1.94,1.95,2.06,1004,704,1.43,63.56%,67.14%,0.426346,"14:35 ET"
IOVA,10.69,2026-09-25,3,Call,8.50,+20.49%,2.1,1.98,2.35,1226,859,1.43,92.56%,172.19%,0.938164,"13:16 ET"
AMD,619.33,2026-09-28,6,Call,650.00,-4.81%,4.7,4.76,4.9,1282,896,1.43,55.09%,48.18%,0.224234,"14:56 ET"
META,738.68,2026-09-23,1,Put,697.50,-5.87%,0.27,0.32,0.34,1352,946,1.43,44.47%,60.65%,-0.03276,"14:58 ET"
SHOP,147.66,2026-09-25,3,Call,145.00,+1.27%,4.65,4.95,5.2,1408,983,1.43,54.55%,64.53%,0.634351,"14:51 ET"
RKLB,72.34,2026-09-25,3,Call,71.00,+1.46%,2.75,2.8,2.84,2964,2076,1.43,73.18%,77.70%,0.623211,"14:59 ET"
TSLA,379.72,2026-09-25,3,Call,390.00,-2.88%,2.48,2.5,2.5,11672,8211,1.42,41.88%,45.44%,0.266748,"15:02 ET"
TSLA,379.72,2026-09-25,3,Call,400.00,-5.52%,0.94,0.94,0.95,20996,14787,1.42,41.88%,47.64%,0.119383,"15:02 ET"
CRM,232.8,2026-10-02,10,Call,250.00,-7.68%,1.05,1.11,1.2,515,362,1.42,39.47%,40.14%,0.145796,"14:39 ET"
NOK,10.77,2026-10-16,24,Put,10.50,-2.14%,0.46,0.47,0.47,543,383,1.42,59.38%,56.18%,-0.39003,"14:41 ET"
SHOP,147.66,2026-09-25,3,Call,165.00,-12.34%,0.2,0.24,0.26,579,407,1.42,54.55%,75.02%,0.055286,"15:01 ET"
MRVL,264.63,2026-09-25,3,Put,245.00,-7.18%,1.07,1.11,1.15,1087,768,1.42,68.68%,73.02%,-0.12448,"14:57 ET"
AG,20.18,2026-09-25,3,Call,21.00,-4.63%,0.16,0.15,0.18,1133,796,1.42,59.13%,65.36%,0.246947,"14:42 ET"
NFLX,71.86,2026-10-02,10,Call,73.00,-1.81%,1.05,1.06,1.08,1688,1188,1.42,35.29%,32.36%,0.400332,"14:57 ET"
BAC,56.44,2026-10-02,10,Put,56.00,-1.15%,0.63,0.67,0.69,1793,1265,1.42,27.62%,24.28%,-0.399132,"14:55 ET"
ORCL,150.04,2026-09-25,3,Call,149.00,+0.80%,3.65,3.8,3.8,1843,1295,1.42,50.86%,56.42%,0.575553,"14:57 ET"
CRWV,87.17,2026-09-25,3,Call,88.00,-0.71%,2.08,2.1,2.14,3541,2502,1.42,76.28%,80.00%,0.458365,"14:57 ET"
KO,88.79,2026-10-02,10,Put,85.00,-3.98%,0.12,0.14,0.15,523,370,1.41,18.36%,19.65%,-0.098017,"14:09 ET"
MCD,250.69,2026-09-25,3,Call,265.00,-5.63%,0.16,0.18,0.2,669,476,1.41,22.41%,37.25%,0.051296,"14:58 ET"
DELL,549.51,2026-09-25,3,Put,530.00,-4.38%,4,4.11,4.4,1096,776,1.41,61.84%,63.44%,-0.222996,"14:56 ET"
RKLB,72.34,2026-09-25,3,Put,69.00,-4.23%,0.71,0.75,0.74,1280,909,1.41,73.18%,77.43%,-0.235331,"14:50 ET"
BAM,46.4,2028-01-21,486,Call,52.50,-13.24%,4,4.2,4.7,513,367,1.4,30.36%,32.14%,0.419504,"14:40 ET"
CSCO,105.76,2026-09-25,3,Put,102.00,-3.46%,0.18,0.22,0.24,523,374,1.4,33.53%,37.00%,-0.118548,"14:50 ET"
TSLA,379.72,2026-09-30,8,Call,395.00,-4.20%,3.5,3.54,3.6,562,401,1.4,41.88%,40.07%,0.266527,"14:59 ET"
AMAT,469.84,2026-09-25,3,Call,460.00,+2.28%,13.45,14.5,15.55,572,410,1.4,54.36%,56.74%,0.651752,"14:41 ET"
ABVX,98.36,2026-09-25,3,Call,110.00,-10.95%,0.25,0.3,0.45,604,432,1.4,63.69%,92.38%,0.094143,"14:40 ET"
META,738.68,2026-10-02,10,Put,710.00,-4.18%,10.5,10.45,11.1,715,509,1.4,44.47%,47.28%,-0.28703,"14:54 ET"
FIG,21.35,2026-09-25,3,Call,23.00,-7.83%,0.12,0.12,0.15,997,714,1.4,70.17%,81.58%,0.166329,"14:32 ET"
ALAB,363.55,2026-09-25,3,Call,370.00,-1.97%,8.75,9.62,10.1,1149,819,1.4,84.56%,99.69%,0.417823,"14:58 ET"
SCHW,101.07,2026-10-02,10,Put,102.00,+0.85%,2.04,2.01,2.19,1585,1129,1.4,30.64%,25.33%,-0.564882,"14:50 ET"
JPM,340.8,2026-09-25,3,Put,335.00,-1.75%,1.15,1.2,1.28,1831,1310,1.4,26.82%,27.71%,-0.238408,"14:54 ET"
ADBE,238.55,2026-10-16,24,Put,230.00,-3.82%,5.75,5.84,6.05,2167,1553,1.4,40.23%,40.25%,-0.340978,"14:56 ET"
ONDS,7.66,2026-10-23,31,Call,9.00,-18.42%,0.19,0.2,0.21,2209,1582,1.4,71.52%,68.15%,0.244038,"14:55 ET"
MRNA,184.35,2026-11-20,59,Call,175.00,+4.14%,31.4,31.36,32.2,2632,1879,1.4,82.98%,93.15%,0.631138,"13:41 ET"
QXO,12.69,2026-10-16,24,Call,14.00,-10.24%,0.25,0.3,0.35,7215,5140,1.4,61.28%,57.09%,0.280407,"14:56 ET"
GME,24.3,2026-10-02,10,Call,25.00,-3.09%,0.73,0.77,0.77,10237,7299,1.4,54.57%,66.73%,0.412319,"14:55 ET"
PLTR,184.35,2026-09-25,3,Put,180.00,-2.36%,1.59,1.62,1.62,5504,3957,1.39,50.22%,50.36%,-0.29527,"15:01 ET"
BABA,116.56,2026-09-25,3,Call,120.00,-3.15%,1.06,1.1,1.11,13199,9469,1.39,43.42%,57.06%,0.29355,"14:58 ET"
LMND,47.18,2026-09-25,3,Put,48.00,+2.65%,1.4,1.15,1.95,502,361,1.39,58.99%,62.98%,-0.63807,"09:40 ET"
AAPL,340.29,2026-09-28,6,Put,337.50,-1.03%,2.4,2.49,2.56,572,411,1.39,23.81%,21.42%,-0.377126,"14:57 ET"
TTAN,60.18,2026-10-16,24,Call,75.00,-23.09%,0.35,0.55,0.5,651,467,1.39,61.20%,62.53%,0.099439,"14:41 ET"
TSM,451.52,2026-09-25,3,Put,440.00,-2.11%,1.24,1.25,1.3,922,664,1.39,33.89%,31.57%,-0.179073,"15:00 ET"
ABR,4.43,2027-04-16,206,Put,5.00,+14.16%,1,1.02,1.15,953,687,1.39,51.64%,43.00%,-0.6072,"14:38 ET"
INTC,122.79,2026-09-23,1,Put,117.00,-4.80%,0.2,0.21,0.22,2197,1579,1.39,69.17%,71.92%,-0.095345,"14:57 ET"
PLTR,184.35,2026-10-02,10,Call,190.00,-3.06%,3.4,3.45,3.5,3324,2388,1.39,50.22%,47.12%,0.365696,"15:01 ET"
MU,1093.42,2026-09-23,1,Put,"1,035.00",-4.89%,0.89,0.91,0.93,4429,3188,1.39,65.22%,62.90%,-0.058425,"14:58 ET"
WMT,109.79,2026-09-25,3,Call,108.00,+1.38%,2.25,2.28,2.35,4879,3518,1.39,24.69%,28.75%,0.748508,"15:01 ET"
META,738.68,2026-10-02,10,Put,675.00,-8.90%,3.4,3.42,3.65,531,386,1.38,44.47%,48.23%,-0.117776,"14:31 ET"
MCD,250.69,2026-09-25,3,Put,252.50,+0.65%,4.05,4.02,4.65,541,393,1.38,22.41%,36.72%,-0.581241,"14:43 ET"
AVGO,364.57,2026-09-25,3,Put,352.50,-3.30%,1.07,1.05,1.13,626,452,1.38,37.51%,37.10%,-0.166501,"14:55 ET"
NFLX,71.86,2026-10-16,24,Put,69.00,-3.77%,1.12,1.11,1.13,766,554,1.38,35.29%,32.26%,-0.289692,"14:52 ET"
CAPR,9.39,2026-11-20,59,Put,9.00,-3.43%,2.75,3.22,3.7,855,621,1.38,169.11%,242.22%,-0.297908,"14:39 ET"
CRWV,87.17,2026-10-02,10,Call,89.00,-1.85%,3.45,3.5,3.65,881,638,1.38,76.28%,75.87%,0.458987,"14:49 ET"
TSLA,379.72,2026-09-28,6,Call,390.00,-2.88%,3.4,3.5,3.5,1219,885,1.38,41.88%,37.75%,0.302517,"15:02 ET"
TSLA,379.72,2026-10-02,10,Call,425.00,-12.11%,1.17,1.2,1.2,1318,958,1.38,41.88%,48.32%,0.087375,"15:01 ET"
ASTS,64.76,2026-09-25,3,Call,62.00,+4.39%,3.5,3.35,3.85,1331,967,1.38,77.41%,77.87%,0.759702,"14:48 ET"
NVO,39.38,2026-09-25,3,Call,40.00,-1.47%,0.24,0.25,0.26,2692,1947,1.38,33.69%,36.06%,0.308564,"14:58 ET"
SOFI,17.21,2026-09-25,3,Call,16.50,+3.85%,0.74,0.76,0.76,3598,2614,1.38,48.73%,52.01%,0.803898,"15:02 ET"
AMD,619.33,2026-09-25,3,Call,650.00,-4.81%,3.15,3.23,3.3,4686,3398,1.38,55.09%,58.47%,0.184511,"14:58 ET"
PLTR,184.35,2026-10-02,10,Call,200.00,-8.48%,1.22,1.24,1.26,5952,4309,1.38,50.22%,48.27%,0.164694,"15:01 ET"
MRVL,264.63,2026-10-16,24,Call,265.00,-0.40%,18.25,18.47,18.7,527,386,1.37,68.68%,69.60%,0.530423,"14:58 ET"
NBIS,236.2,2026-09-25,3,Put,227.50,-3.66%,3.7,3.7,3.8,646,470,1.37,83.82%,86.54%,-0.304407,"14:55 ET"
PLTR,184.35,2026-10-02,10,Call,182.50,+1.01%,6.65,6.74,6.8,1054,769,1.37,50.22%,47.24%,0.568642,"15:01 ET"
SNDK,1889.46,2026-10-02,10,Call,"2,000.00",-5.88%,61.5,62.4,63.9,1409,1026,1.37,78.61%,85.10%,0.369779,"14:58 ET"
INTC,122.79,2026-09-25,3,Put,108.00,-12.12%,0.11,0.13,0.14,1625,1185,1.37,69.17%,79.78%,-0.034664,"14:39 ET"
KO,88.79,2026-09-25,3,Call,90.00,-1.67%,0.17,0.17,0.19,2624,1913,1.37,18.36%,20.44%,0.19857,"14:58 ET"
JD,27.47,2027-06-17,268,Call,28.00,-2.26%,3.2,3.25,3.35,2802,2049,1.37,32.66%,46.52%,0.486814,"10:54 ET"
CAVA,53,2026-09-25,3,Call,55.00,-3.00%,0.39,0.43,0.55,529,390,1.36,57.39%,61.76%,0.267109,"14:48 ET"
COIN,202.24,2026-10-02,10,Put,190.00,-5.47%,3.55,3.66,3.8,636,469,1.36,66.18%,64.68%,-0.264712,"14:53 ET"
BAND,56.72,2026-10-16,24,Call,65.00,-14.48%,1.9,2.56,2.85,671,492,1.36,95.85%,86.16%,0.322983,"14:50 ET"
TSLA,379.72,2026-10-05,13,Put,375.00,-1.08%,8.95,9.1,9.15,724,532,1.36,41.88%,40.26%,-0.41475,"14:57 ET"
GOOGL,352.03,2026-09-30,8,Call,360.00,-2.03%,3.5,3.95,3.8,1052,774,1.36,33.14%,31.73%,0.339931,"14:43 ET"
NVDA,229.32,2026-10-02,10,Put,227.50,-0.84%,3.7,3.7,3.75,1503,1108,1.36,33.07%,30.77%,-0.423677,"14:54 ET"
AAOI,106.01,2026-09-25,3,Call,115.00,-6.94%,1.25,1.35,1.45,2694,1982,1.36,92.16%,110.17%,0.229665,"14:55 ET"
AVGO,364.57,2026-09-25,3,Call,390.00,-6.99%,0.35,0.37,0.37,2984,2188,1.36,37.51%,47.14%,0.055344,"14:56 ET"
AAPL,340.29,2026-09-23,1,Call,335.00,+1.77%,5.4,5.77,6.05,3080,2257,1.36,23.81%,32.21%,0.819951,"14:53 ET"
PAA,24.58,2026-11-20,59,Call,26.00,-6.12%,0.2,0.3,0.35,3945,2892,1.36,19.63%,20.38%,0.24129,"13:46 ET"
ORCL,150.04,2026-09-25,3,Call,160.00,-6.52%,0.52,0.53,0.53,19315,14155,1.36,50.86%,60.20%,0.130676,"14:58 ET"
GOOGL,352.03,2026-10-02,10,Call,365.00,-3.45%,3,3.1,3.15,10694,7943,1.35,33.14%,32.49%,0.271857,"14:57 ET"
TSLA,379.72,2026-10-30,38,Call,375.00,+1.08%,25.1,25.2,25.4,643,477,1.35,41.88%,45.52%,0.57314,"14:57 ET"
PLTR,184.35,2026-10-30,38,Put,170.00,-7.79%,4.9,4.95,5.15,725,537,1.35,50.22%,47.82%,-0.267682,"14:49 ET"
VKTX,41.19,2026-10-16,24,Put,37.50,-4.34%,1.19,2.2,2.75,754,559,1.35,81.44%,88.52%,-0.295037,"14:43 ET"
INTC,122.79,2026-10-09,17,Call,150.00,-22.05%,1.09,1.13,1.16,1197,886,1.35,69.17%,74.29%,0.123397,"14:33 ET"
INTC,122.79,2026-09-23,1,Put,116.00,-5.61%,0.13,0.15,0.16,1758,1300,1.35,69.17%,74.19%,-0.068016,"14:55 ET"
BB,8.61,2026-09-25,3,Call,9.50,-10.72%,0.25,0.27,0.28,3063,2264,1.35,82.15%,189.56%,0.306738,"14:57 ET"
SNDK,1889.46,2026-09-25,3,Call,"1,800.00",+4.70%,111.1,108.3,112.2,3556,2631,1.35,78.61%,85.38%,0.744708,"14:54 ET"
ORCL,150.04,2027-09-17,360,Put,180.00,+19.84%,48.35,49.05,49.45,526,392,1.34,50.86%,54.40%,-0.515887,"14:39 ET"
PLTR,184.35,2026-10-02,10,Put,177.50,-3.72%,2.83,2.85,2.91,695,519,1.34,50.22%,47.45%,-0.299963,"14:57 ET"
AAPL,340.29,2026-09-30,8,Call,350.00,-2.63%,1.2,1.23,1.34,872,649,1.34,23.81%,22.34%,0.204223,"14:52 ET"
ADBE,238.55,2026-09-25,3,Put,235.00,-1.73%,2.29,2.32,2.45,1038,772,1.34,40.23%,44.13%,-0.358155,"14:56 ET"
VKTX,41.19,2026-09-25,3,Call,35.00,+10.71%,6.2,5.99,6.95,1281,959,1.34,81.44%,158.98%,0.886561,"15:00 ET"
GT,5.51,2026-10-16,24,Call,6.00,-9.29%,0.1,0.11,0.15,1790,1332,1.34,54.64%,53.68%,0.28355,"14:52 ET"
SKHY,194.85,2026-09-25,3,Call,205.00,-5.13%,1.47,1.5,1.51,1851,1383,1.34,63.38%,69.83%,0.217812,"15:02 ET"
BMNR,28.77,2026-09-25,3,Put,26.50,-7.21%,0.18,0.18,0.19,2038,1518,1.34,78.28%,87.15%,-0.151775,"14:57 ET"
TSLA,379.72,2026-10-02,10,Call,450.00,-18.71%,0.37,0.37,0.39,2159,1607,1.34,41.88%,53.11%,0.030247,"14:48 ET"
GLAS,8.02,2027-02-19,150,Call,10.00,-24.53%,1.15,1.19,1.2,4301,3209,1.34,78.87%,87.58%,0.463803,"13:55 ET"
CRWV,87.17,2026-10-02,10,Call,90.00,-3.00%,3.1,3.2,3.25,4540,3387,1.34,76.28%,76.17%,0.424374,"14:58 ET"
WDC,461.9,2026-10-02,10,Call,480.00,-4.33%,14.8,15.3,16.75,504,378,1.33,71.35%,76.07%,0.406021,"14:54 ET"
PYPL,52.92,2026-10-02,10,Call,57.00,-7.57%,0.21,0.33,0.34,557,419,1.33,36.01%,41.70%,0.149876,"13:55 ET"
META,738.68,2026-10-02,10,Call,755.00,-1.89%,16.95,17.19,17.4,611,461,1.33,44.47%,48.76%,0.415759,"14:57 ET"
NVTS,12.37,2026-09-25,3,Put,12.00,-1.40%,0.22,0.28,0.26,801,601,1.33,84.94%,86.00%,-0.353962,"14:47 ET"
META,738.68,2026-09-23,1,Call,725.00,+2.16%,17,17.29,17.5,959,720,1.33,44.47%,54.65%,0.754655,"14:57 ET"
CBRS,211.5,2026-11-20,59,Call,350.00,-66.04%,2.6,3.03,3.5,1035,778,1.33,74.84%,85.70%,0.101082,"14:45 ET"
BKR,56.87,2026-10-16,24,Call,60.00,-5.24%,0.8,0.83,0.95,1931,1455,1.33,35.66%,34.22%,0.291689,"14:40 ET"
TMUS,161.45,2026-10-02,10,Call,170.00,-5.42%,0.85,0.85,0.95,2532,1905,1.33,33.11%,32.97%,0.189958,"14:57 ET"
COIN,202.24,2026-09-25,3,Call,205.00,-1.99%,4,4.11,4.15,3109,2333,1.33,66.18%,74.27%,0.425194,"14:58 ET"
PLTR,184.35,2026-09-25,3,Put,175.00,-5.08%,0.6,0.62,0.62,6342,4773,1.33,50.22%,52.71%,-0.134394,"15:02 ET"
GME,24.3,2026-09-25,3,Call,23.50,+3.09%,0.97,1.03,1.04,9325,6999,1.33,54.57%,62.76%,0.721875,"14:58 ET"
META,738.68,2026-09-28,6,Call,755.00,-1.89%,11.6,11.75,12.2,521,394,1.32,44.47%,48.81%,0.381743,"14:57 ET"
TMUS,161.45,2026-09-25,3,Put,165.00,+2.32%,3.8,4.2,4.3,548,415,1.32,33.11%,34.61%,-0.73049,"14:34 ET"
TSLA,379.72,2026-09-23,1,Call,362.50,+4.37%,17.05,17.28,18,638,482,1.32,41.88%,57.59%,0.940066,"14:56 ET"
CRWV,87.17,2026-10-02,10,Call,88.00,-0.71%,3.9,3.95,4.05,844,641,1.32,76.28%,75.84%,0.494794,"14:58 ET"
INTC,122.79,2026-09-25,3,Call,132.00,-7.40%,0.73,0.78,0.78,879,667,1.32,69.17%,79.04%,0.16662,"14:27 ET"
MCHP,75.4,2026-12-18,87,Call,72.50,+3.99%,9.1,9.6,9.4,929,705,1.32,49.44%,54.13%,0.607817,"12:06 ET"
ASTS,64.76,2026-09-25,3,Put,61.00,-5.94%,0.48,0.5,0.58,938,709,1.32,77.41%,83.25%,-0.18955,"14:58 ET"
NVDA,229.32,2026-10-16,24,Call,237.50,-3.52%,4.1,4.25,4.2,1138,861,1.32,33.07%,30.95%,0.352696,"14:46 ET"
IREN,48.53,2026-09-25,3,Call,49.50,-2.00%,1.14,1.17,1.19,1241,943,1.32,83.26%,89.42%,0.423738,"14:57 ET"
CRWV,87.17,2026-09-25,3,Call,89.00,-1.85%,1.67,1.71,1.76,2531,1914,1.32,76.28%,80.14%,0.397512,"14:57 ET"
GOOGL,352.03,2026-09-25,3,Call,375.00,-6.28%,0.24,0.25,0.3,3404,2587,1.32,33.14%,40.96%,0.05002,"14:55 ET"
GOOGL,352.03,2026-10-09,17,Call,365.00,-3.45%,4.95,5.2,5.2,553,422,1.31,33.14%,32.22%,0.327673,"14:50 ET"
AMD,619.33,2026-09-25,3,Call,705.00,-13.68%,0.16,0.2,0.21,561,427,1.31,55.09%,65.00%,0.014612,"14:22 ET"
TSLA,379.72,2026-09-25,3,Put,390.00,+2.88%,12.55,12.5,12.7,568,434,1.31,41.88%,44.78%,-0.737523,"15:01 ET"
CBRS,211.5,2026-09-25,3,Put,205.00,-2.75%,2.95,4.15,3.5,645,491,1.31,74.84%,77.77%,-0.320507,"14:03 ET"
XOM,158.99,2026-10-02,10,Put,152.50,-4.25%,0.8,0.96,0.9,728,554,1.31,29.26%,29.95%,-0.191082,"14:11 ET"
EBAY,109.78,2026-09-25,3,Call,112.00,-1.95%,0.56,0.65,0.78,853,650,1.31,33.45%,38.07%,0.287855,"14:02 ET"
VKTX,41.19,2026-11-20,59,Call,40.00,-2.04%,4.85,5.24,5.75,880,671,1.31,81.44%,70.08%,0.60582,"15:00 ET"
UBER,69.69,2026-10-02,10,Call,72.00,-3.06%,0.7,0.74,0.77,1090,829,1.31,35.33%,35.07%,0.296579,"15:01 ET"
BABA,116.56,2026-09-25,3,Call,122.00,-4.87%,0.64,0.69,0.7,1566,1191,1.31,43.42%,58.33%,0.199717,"14:46 ET"
NVDA,229.32,2029-01-19,850,Put,185.00,-19.37%,23.1,23.6,23.65,2009,1532,1.31,33.07%,39.09%,-0.222526,"14:37 ET"
TSLA,379.72,2026-10-16,24,Put,375.00,-1.08%,12.9,13.2,13.05,2494,1907,1.31,41.88%,40.37%,-0.424547,"14:50 ET"
QCOM,196.56,2027-06-17,268,Put,200.00,+2.27%,34.05,34.65,34.65,2505,1907,1.31,52.35%,51.37%,-0.415611,"14:24 ET"
SPCX,153.23,2026-12-18,87,Call,80.00,+48.11%,73.75,74.5,75.9,2506,1914,1.31,50.82%,79.24%,0.971177,"12:56 ET"
GOOG,347.73,2026-09-25,3,Put,345.00,-0.98%,3.05,3.1,3.15,3400,2588,1.31,32.87%,36.00%,-0.383323,"14:58 ET"
NVDA,229.32,2026-09-25,3,Put,222.50,-3.02%,0.57,0.58,0.59,6705,5107,1.31,33.07%,33.59%,-0.156538,"14:58 ET"
BB,8.61,2026-09-25,3,Call,10.00,-16.55%,0.18,0.18,0.19,7221,5512,1.31,82.15%,199.34%,0.224959,"14:55 ET"
GOOGL,352.03,2026-09-25,3,Call,370.00,-4.86%,0.48,0.49,0.53,7713,5892,1.31,33.14%,39.04%,0.088784,"14:57 ET"
NVDA,229.32,2026-09-23,1,Call,225.00,+1.93%,4.5,4.7,4.65,12179,9308,1.31,33.07%,33.15%,0.864256,"14:58 ET"
ETSY,74,2026-09-25,3,Put,71.00,-4.07%,0.39,0.51,0.52,534,410,1.3,48.32%,56.11%,-0.209034,"14:36 ET"
GOOGL,352.03,2026-10-09,17,Put,320.00,-9.31%,0.95,0.98,1.05,578,443,1.3,33.14%,33.68%,-0.083046,"14:12 ET"
NET,354.67,2026-09-25,3,Call,360.00,-1.42%,5.9,6.53,7.05,685,527,1.3,60.89%,67.70%,0.421758,"14:53 ET"
B,43.84,2028-12-15,815,Call,25.00,+43.05%,20.4,21.6,21.8,798,615,1.3,41.29%,40.70%,0.88136,"14:46 ET"
MU,1093.42,2026-09-25,3,Call,"1,045.00",+3.97%,52.5,51.9,52.85,1181,911,1.3,65.22%,62.81%,0.776493,"14:55 ET"
NBIS,236.2,2026-09-25,3,Call,265.00,-12.22%,0.9,0.9,0.93,1183,909,1.3,83.82%,95.45%,0.098321,"14:56 ET"
BB,8.61,2026-09-25,3,Put,8.50,-0.93%,0.5,0.51,0.52,1232,948,1.3,82.15%,178.34%,-0.444208,"14:57 ET"
CRM,232.8,2026-09-25,3,Put,227.50,-2.02%,1.56,1.69,1.83,1316,1016,1.3,39.47%,43.83%,-0.287611,"14:34 ET"
INTC,122.79,2026-09-25,3,Put,114.00,-7.24%,0.48,0.5,0.51,1398,1072,1.3,69.17%,72.44%,-0.120985,"14:57 ET"
MSTR,169.24,2027-01-15,115,Call,580.00,-243.76%,0.81,0.96,1.01,688,532,1.29,72.48%,100.29%,0.029639,"09:52 ET"
SHOP,147.66,2026-10-16,24,Call,185.00,-25.96%,0.55,0.65,0.72,825,641,1.29,54.55%,56.44%,0.070838,"14:36 ET"
JPM,340.8,2026-09-25,3,Put,337.50,-1.02%,1.8,1.88,1.97,886,688,1.29,26.82%,27.09%,-0.335705,"14:56 ET"
TSLA,379.72,2026-10-30,38,Call,380.00,-0.24%,22.6,22.8,23,907,703,1.29,41.88%,45.57%,0.53754,"15:02 ET"
LITE,941.68,2026-09-25,3,Put,800.00,-16.17%,0.35,0.55,0.75,916,710,1.29,75.12%,90.41%,-0.018926,"14:51 ET"
QCOM,196.56,2026-09-25,3,Call,197.50,-0.99%,3.95,4.1,4.15,1241,965,1.29,52.35%,62.50%,0.481535,"15:02 ET"
CRWV,87.17,2026-09-25,3,Put,85.00,-2.72%,1.49,1.51,1.57,1925,1491,1.29,76.28%,78.40%,-0.352212,"14:54 ET"
GOOG,347.73,2026-09-25,3,Call,350.00,-0.45%,3.65,3.74,3.75,5659,4383,1.29,32.87%,36.04%,0.443272,"14:58 ET"
SPCX,153.23,2026-09-25,3,Call,160.00,-3.79%,0.94,0.94,0.95,33863,26314,1.29,50.82%,56.92%,0.214802,"15:02 ET"
AAPL,340.29,2026-09-25,3,Put,335.00,-1.77%,1.23,1.27,1.28,7596,5936,1.28,23.81%,26.30%,-0.254806,"14:57 ET"
GME,24.3,2026-09-25,3,Call,25.00,-3.09%,0.39,0.4,0.41,21548,16890,1.28,54.57%,79.65%,0.351969,"14:58 ET"
SEDG,35.74,2026-09-25,3,Call,39.50,-9.57%,0.13,0.37,0.28,505,395,1.28,80.58%,96.63%,0.134723,"10:52 ET"
SNDK,1889.46,2026-09-25,3,Call,"1,990.00",-5.35%,24.7,24.35,25.3,539,421,1.28,78.61%,90.24%,0.274261,"14:53 ET"
INTC,122.79,2026-09-23,1,Call,119.00,+3.17%,4.2,4.1,4.45,556,436,1.28,69.17%,71.62%,0.805621,"14:54 ET"
AMD,619.33,2026-09-25,3,Put,577.50,-6.88%,1.32,1.41,1.37,672,526,1.28,55.09%,57.60%,-0.088218,"14:44 ET"
CRWV,87.17,2026-09-25,3,Put,86.00,-1.58%,1.93,1.94,1.97,947,742,1.28,76.28%,78.70%,-0.415224,"14:58 ET"
NVO,39.38,2027-06-17,268,Put,32.50,-17.55%,2,2.03,2.05,1201,937,1.28,33.69%,35.92%,-0.237089,"10:36 ET"
TSLA,379.72,2026-10-02,10,Call,382.50,-0.90%,9.9,10.1,10.1,1238,965,1.28,41.88%,44.43%,0.48007,"15:01 ET"
CAPR,9.39,2026-11-20,59,Call,9.00,+3.43%,3.2,3.42,3.7,1288,1007,1.28,169.11%,228.97%,0.694356,"14:40 ET"
MSFT,498.48,2026-09-23,1,Put,482.50,-3.00%,0.09,0.1,0.11,1381,1078,1.28,27.00%,32.30%,-0.030415,"14:56 ET"
CRWD,248.47,2026-09-25,3,Put,240.00,-4.09%,2.04,2.12,2.15,1723,1348,1.28,54.28%,60.55%,-0.250239,"14:57 ET"
SMCI,41.58,2026-09-25,3,Call,44.00,-6.23%,0.38,0.41,0.41,4812,3772,1.28,74.89%,82.25%,0.228163,"15:02 ET"
GOOGL,352.03,2026-10-02,10,Call,362.50,-2.74%,3.65,4.01,3.8,513,404,1.27,33.14%,32.31%,0.314764,"14:27 ET"
CLF,12.6,2026-10-16,24,Put,12.50,-1.42%,0.64,0.68,0.72,519,410,1.27,62.74%,57.90%,-0.443072,"14:18 ET"
CSCO,105.76,2026-09-25,3,Put,103.00,-2.52%,0.29,0.37,0.4,576,453,1.27,33.53%,36.07%,-0.180483,"14:51 ET"
AAPL,340.29,2026-10-09,17,Call,370.00,-8.50%,0.31,0.33,0.38,637,502,1.27,23.81%,22.93%,0.049946,"14:51 ET"
MU,1093.42,2026-09-25,3,Call,"1,115.00",-2.46%,14.5,14.15,14.65,637,501,1.27,65.22%,63.54%,0.354427,"14:58 ET"
GS,950.85,2026-09-25,3,Put,950.00,-0.05%,8.2,10.7,11.65,675,532,1.27,34.13%,31.42%,-0.467853,"14:11 ET"
DKNG,22.05,2026-09-25,3,Call,22.00,-0.23%,0.5,0.52,0.53,935,737,1.27,59.36%,68.46%,0.495275,"14:55 ET"
POET,8.22,2026-09-25,3,Put,8.00,-2.91%,0.15,0.19,0.18,1032,811,1.27,84.30%,85.87%,-0.362567,"14:51 ET"
ORCL,150.04,2026-09-25,3,Put,148.00,-1.46%,1.89,1.9,1.97,2686,2111,1.27,50.86%,54.20%,-0.369545,"14:57 ET"
ORCL,150.04,2026-10-02,10,Call,155.00,-3.20%,3.2,3.25,3.3,2830,2233,1.27,50.86%,52.22%,0.377843,"14:58 ET"
AMD,619.33,2026-09-25,3,Put,550.00,-11.31%,0.33,0.35,0.36,2868,2266,1.27,55.09%,66.83%,-0.023968,"14:53 ET"
UBER,69.69,2026-09-25,3,Call,73.00,-4.49%,0.12,0.14,0.14,3811,2991,1.27,35.33%,41.11%,0.106137,"15:01 ET"
PLTR,184.35,2026-09-25,3,Put,177.50,-3.72%,0.99,1,1.01,3817,3009,1.27,50.22%,51.33%,-0.203399,"15:01 ET"
NBIS,236.2,2026-09-25,3,Call,240.00,-1.63%,5.75,5.9,5.9,4150,3255,1.27,83.82%,88.51%,0.434843,"14:57 ET"
SOFI,17.21,2026-10-02,10,Call,17.50,-1.98%,0.38,0.38,0.39,7289,5738,1.27,48.73%,46.61%,0.418133,"14:57 ET"
ASTS,64.76,2026-09-25,3,Put,63.00,-2.85%,1.03,1.04,1.09,574,454,1.26,77.41%,81.90%,-0.32342,"14:58 ET"
NVO,39.38,2026-09-25,3,Put,38.50,-2.33%,0.15,0.15,0.16,579,458,1.26,33.69%,32.28%,-0.228598,"14:43 ET"
MRNA,184.35,2026-09-25,3,Put,167.50,-8.25%,0.92,0.94,0.96,618,492,1.26,82.98%,91.23%,-0.120966,"14:53 ET"
GLBE,41.9,2026-10-16,24,Call,45.00,-7.27%,0.55,0.7,0.8,754,598,1.26,45.79%,40.92%,0.266179,"14:24 ET"
CIFR,19.3,2027-12-17,451,Call,12.00,+37.98%,10.6,10.75,11.15,1000,793,1.26,98.72%,96.64%,0.847667,"13:14 ET"
JPM,340.8,2026-09-25,3,Put,325.00,-4.69%,0.14,0.17,0.21,1031,817,1.26,26.82%,31.18%,-0.043877,"14:51 ET"
AMD,619.33,2026-10-02,10,Call,715.00,-15.29%,1.8,1.86,1.89,1045,828,1.26,55.09%,57.71%,0.072709,"14:50 ET"
MSFT,498.48,2026-09-25,3,Put,492.50,-0.99%,2.47,2.47,2.66,1097,873,1.26,27.00%,27.01%,-0.319708,"14:58 ET"
MU,1093.42,2026-09-25,3,Call,"1,055.00",+3.05%,45,42.05,45.3,1447,1148,1.26,65.22%,62.18%,0.725263,"14:34 ET"
BMNR,28.77,2026-09-25,3,Call,29.50,-3.29%,0.56,0.56,0.58,1750,1391,1.26,78.28%,88.68%,0.37401,"14:57 ET"
SPCX,153.23,2026-10-02,10,Call,152.50,+1.08%,5.65,5.75,5.75,2016,1595,1.26,50.82%,51.32%,0.547913,"15:02 ET"
MSFT,498.48,2026-09-25,3,Call,520.00,-4.54%,0.34,0.37,0.39,4616,3669,1.26,27.00%,30.60%,0.061687,"14:57 ET"
INTC,122.79,2026-09-28,6,Put,110.00,-10.50%,0.32,0.36,0.39,562,451,1.25,69.17%,62.46%,-0.077534,"14:50 ET"
GRAB,3.15,2029-01-19,850,Call,4.00,-26.18%,1,1.03,1.05,587,468,1.25,62.20%,63.16%,0.630841,"14:53 ET"
C,132.76,2026-09-25,3,Put,133.00,+0.07%,1.51,1.66,1.64,771,617,1.25,33.26%,32.21%,-0.499645,"14:10 ET"
WMT,109.79,2026-09-25,3,Put,110.00,+0.45%,1.1,1.15,1.17,781,623,1.25,24.69%,26.78%,-0.516121,"15:00 ET"
DELL,549.51,2026-09-25,3,Call,570.00,-2.83%,6.45,7.1,7.05,973,776,1.25,61.84%,67.24%,0.318827,"14:53 ET"
AMZN,255.09,2026-10-02,10,Call,262.50,-2.77%,2.26,2.35,2.34,1415,1128,1.25,32.39%,30.21%,0.293923,"14:58 ET"
BABA,116.56,2026-09-25,3,Call,119.00,-2.30%,1.35,1.41,1.42,1445,1157,1.25,43.42%,56.97%,0.351218,"14:53 ET"
SOFI,17.21,2026-10-23,31,Call,17.50,-1.98%,0.77,0.8,0.81,1734,1389,1.25,48.73%,46.16%,0.47714,"14:57 ET"
SPCX,153.23,2026-10-09,17,Call,155.00,-0.54%,5.9,6.11,6,1754,1399,1.25,50.82%,49.91%,0.488347,"14:59 ET"
NOK,10.77,2026-10-02,10,Call,10.50,+2.14%,0.58,0.58,0.6,1823,1463,1.25,59.38%,59.35%,0.634902,"14:56 ET"
CRM,232.8,2026-09-25,3,Call,242.50,-4.44%,0.65,0.69,0.75,2039,1628,1.25,39.47%,43.99%,0.148691,"14:54 ET"
CRWV,87.17,2026-09-25,3,Call,90.00,-3.00%,1.38,1.4,1.43,13393,10699,1.25,76.28%,81.22%,0.341947,"14:56 ET"
AVGO,364.57,2026-09-25,3,Call,370.00,-1.50%,2.73,2.78,2.77,5684,4582,1.24,37.51%,39.35%,0.328844,"14:58 ET"
MRVL,264.63,2026-11-20,59,Call,310.00,-17.45%,14.05,14.3,14.6,5723,4629,1.24,68.68%,69.49%,0.338161,"14:55 ET"
CMG,32.96,2026-09-25,3,Call,33.50,-1.21%,0.22,0.25,0.3,533,429,1.24,38.27%,40.03%,0.335158,"14:55 ET"
INTC,122.79,2026-10-23,31,Put,120.00,-2.36%,8.7,9,8.9,535,432,1.24,69.17%,73.07%,-0.410616,"14:38 ET"
TSM,451.52,2026-09-25,3,Put,427.50,-4.89%,0.25,0.35,0.28,555,449,1.24,33.89%,35.67%,-0.043805,"14:43 ET"
AMD,619.33,2026-09-23,1,Call,600.00,+3.25%,19.65,19.55,20.65,595,481,1.24,55.09%,56.30%,0.855638,"14:53 ET"
CLS,355.45,2026-10-02,10,Put,360.00,+1.30%,16.1,17.95,19.5,623,501,1.24,65.44%,65.86%,-0.52295,"13:54 ET"
NBIS,236.2,2026-09-25,3,Put,230.00,-2.60%,4.6,4.7,4.7,1768,1424,1.24,83.82%,86.60%,-0.354871,"14:53 ET"
MSFT,498.48,2026-09-25,3,Put,495.00,-0.49%,3,3.65,3.55,1774,1426,1.24,27.00%,25.82%,-0.392622,"14:58 ET"
APLD,28.85,2026-09-25,3,Call,28.50,+1.49%,1.02,1.06,1.07,1986,1608,1.24,90.25%,84.06%,0.574782,"14:57 ET"
"Downloaded from Barchart.com as of 09-22-2026 02:34pm CDT"
