Symbol,Price~,"Exp Date",DTE,Type,Strike,Moneyness,Bid,Latest,Ask,Volume,"Open Int",Vol/OI,"Imp Vol",IV,Delta,Time
GOOGL,338.84,2026-09-23,0,Call,340.00,-0.52%,0.46,0.49,0.49,23629,167,141.49,33.48%,12.29%,0.333547,"13:47 ET"
EXPE,263.01,2027-03-19,177,Put,220.00,-15.72%,15,15.8,16.5,15020,129,116.43,51.33%,51.02%,-0.238935,"13:13 ET"
TSLA,379.59,2026-09-23,0,Put,380.00,+0.31%,1.16,1.16,1.2,156068,1522,102.54,41.36%,11.44%,-0.589674,"13:47 ET"
U,43.29,2026-10-16,23,Call,46.00,-5.99%,1.3,1.31,1.31,74420,731,101.81,61.00%,54.33%,0.352986,"13:51 ET"
TSLA,379.59,2026-09-23,0,Put,382.50,+0.97%,3.05,3.04,3.2,61224,616,99.39,41.36%,11.72%,-0.90716,"13:47 ET"
MCD,237,2026-09-25,2,Put,232.50,-1.70%,0.64,0.66,0.65,15721,163,96.45,23.27%,31.37%,-0.205993,"13:47 ET"
META,751.73,2026-09-23,0,Put,760.00,+1.86%,8.35,8.41,8.7,11797,154,76.6,47.28%,20.91%,-0.827477,"13:47 ET"
GOOGL,338.84,2026-10-30,37,Put,350.00,+3.48%,21,21.72,22,10069,139,72.44,33.48%,36.73%,-0.576966,"13:29 ET"
TSLA,379.59,2026-09-23,0,Put,385.00,+1.63%,5.35,5,5.55,28134,396,71.05,41.36%,13.60%,-0.986882,"13:45 ET"
META,751.73,2026-09-23,0,Put,755.00,+1.19%,4.7,4.8,4.85,20689,308,67.17,47.28%,20.53%,-0.632902,"13:47 ET"
AMZN,248.54,2026-09-23,0,Call,250.00,-0.81%,0.14,0.15,0.15,48963,729,67.16,32.77%,11.20%,0.184049,"13:47 ET"
VRT,250.27,2026-10-16,23,Put,205.00,-18.01%,0.93,1.08,1.33,5469,111,49.27,57.73%,56.72%,-0.068029,"13:03 ET"
AGNC,9.92,2026-11-20,58,Put,9.00,-9.09%,0.11,0.12,0.14,5479,114,48.06,23.36%,29.10%,-0.187112,"13:28 ET"
SG,7.51,2026-11-20,58,Call,10.00,-32.80%,0.3,0.37,0.45,13168,314,41.94,80.23%,89.38%,0.271224,"13:13 ET"
PLTR,191.12,2026-09-25,2,Put,190.00,-0.51%,2.45,2.46,2.5,15892,413,38.48,51.96%,54.70%,-0.425582,"13:47 ET"
XP,21.15,2026-10-16,23,Call,23.00,-9.26%,0.45,0.45,0.6,6700,176,38.07,57.42%,56.14%,0.29864,"13:28 ET"
META,751.73,2026-09-23,0,Call,755.00,-1.19%,2.11,2.13,2.13,71615,2113,33.89,47.28%,21.23%,0.372364,"13:47 ET"
TSLA,379.59,2026-09-23,0,Put,377.50,-0.35%,0.32,0.33,0.33,112755,3412,33.05,41.36%,13.10%,-0.21906,"13:47 ET"
META,751.73,2026-09-23,0,Put,750.00,+0.52%,2.1,2.12,2.19,46307,1469,31.52,47.28%,20.16%,-0.38605,"13:47 ET"
GOOGL,338.84,2026-10-30,37,Put,305.00,-9.82%,3.35,3.64,3.6,4207,134,31.4,33.48%,36.44%,-0.159432,"13:44 ET"
CRWV,87.71,2026-10-23,30,Call,105.00,-19.52%,2.47,2.5,2.57,48613,1552,31.32,76.01%,76.76%,0.244627,"13:47 ET"
TSLA,379.59,2026-09-23,0,Call,382.50,-0.97%,0.21,0.22,0.22,161931,5207,31.1,41.36%,14.43%,0.147048,"13:47 ET"
META,751.73,2026-09-23,0,Call,760.00,-1.86%,0.88,0.89,0.9,108045,3527,30.63,47.28%,22.16%,0.188172,"13:47 ET"
SHOP,142.61,2026-10-02,9,Put,130.00,-8.62%,0.82,1.03,1.05,4420,146,30.27,56.44%,56.55%,-0.139548,"12:31 ET"
DKNG,20.92,2027-12-17,450,Call,52.50,-150.84%,0.8,0.84,1.04,3000,100,30,58.25%,59.80%,0.163907,"11:16 ET"
AMZN,248.54,2026-09-23,0,Put,247.50,-0.19%,0.12,0.12,0.13,41937,1438,29.16,32.77%,10.01%,-0.178251,"13:47 ET"
CRWV,87.71,2026-10-23,30,Call,110.00,-25.21%,1.78,1.83,1.88,46381,1595,29.08,76.01%,77.97%,0.187964,"13:46 ET"
GOOGL,338.84,2026-09-23,0,Put,340.00,+0.52%,1.4,1.41,1.45,30347,1063,28.55,33.48%,12.40%,-0.666834,"13:47 ET"
TSM,446.78,2027-06-17,267,Call,490.00,-10.20%,45.5,45.45,46.05,5410,191,28.32,33.48%,38.45%,0.480937,"13:41 ET"
MU,1072.84,2026-09-23,0,Call,"1,085.00",-1.60%,0.53,0.57,0.58,19329,692,27.93,63.04%,18.86%,0.109839,"13:47 ET"
MSFT,499.31,2026-09-23,0,Put,505.00,+1.14%,5.2,5.8,5.7,4133,149,27.74,27.91%,13.39%,-0.939865,"13:32 ET"
LOW,193.12,2026-10-16,23,Call,215.00,-11.47%,0.25,0.4,0.55,3004,111,27.06,29.13%,27.94%,0.068764,"13:47 ET"
MU,1072.84,2026-09-23,0,Put,"1,065.00",-0.27%,1,1.06,1.09,21602,806,26.8,63.04%,15.67%,-0.210608,"13:47 ET"
META,751.73,2026-09-23,0,Call,765.00,-2.53%,0.37,0.39,0.39,67349,2669,25.23,47.28%,23.86%,0.088574,"13:47 ET"
GOOGL,338.84,2026-09-23,0,Put,337.50,-0.22%,0.25,0.27,0.28,21677,868,24.97,33.48%,11.68%,-0.223081,"13:47 ET"
AMD,614.57,2026-09-23,0,Call,612.50,-0.14%,2.98,3.09,3.2,6636,267,24.85,53.75%,15.24%,0.660079,"13:47 ET"
AVGO,354.69,2026-09-23,0,Call,357.50,-0.83%,0.14,0.15,0.16,13781,560,24.61,36.52%,11.80%,0.136395,"13:47 ET"
NVO,38.24,2026-10-16,23,Call,41.00,-7.16%,0.34,0.35,0.37,3089,126,24.52,32.61%,33.39%,0.205015,"13:44 ET"
MU,1072.84,2026-09-23,0,Put,"1,070.00",+0.20%,2.33,2.5,2.6,26628,1147,23.22,63.04%,15.11%,-0.406502,"13:47 ET"
AMD,614.57,2026-09-23,0,Call,615.00,-0.55%,1.58,1.55,1.63,17651,768,22.98,53.75%,14.53%,0.457332,"13:47 ET"
SIRI,26.15,2026-10-02,9,Call,26.50,-1.26%,0.36,0.4,0.45,17799,775,22.97,33.53%,34.34%,0.410729,"13:44 ET"
AXP,303.17,2026-10-02,9,Call,307.50,-1.39%,2.69,2.77,3.15,2400,106,22.64,25.85%,24.56%,0.370324,"13:40 ET"
PLTR,191.12,2026-09-25,2,Put,187.50,-1.82%,1.54,1.51,1.57,8246,370,22.29,51.96%,55.23%,-0.30489,"13:45 ET"
META,751.73,2026-09-23,0,Put,745.00,-0.15%,0.76,0.78,0.79,35753,1642,21.77,47.28%,20.37%,-0.178928,"13:47 ET"
AMZN,248.54,2026-09-23,0,Call,247.50,+0.19%,1.29,1.35,1.33,9765,452,21.6,32.77%,9.90%,0.825057,"13:47 ET"
LCID,4.11,2026-11-20,58,Put,4.50,+9.49%,0.83,0.9,0.99,6075,289,21.02,91.70%,105.71%,-0.495799,"11:22 ET"
INTC,120.62,2026-09-25,2,Call,132.00,-9.88%,0.17,0.18,0.19,20353,989,20.58,66.81%,77.28%,0.061598,"13:44 ET"
GOOGL,338.84,2026-09-28,5,Call,342.50,-1.26%,3.25,3.38,3.4,2405,117,20.56,33.48%,30.18%,0.398344,"13:46 ET"
MU,1072.84,2026-09-23,0,Call,"1,080.00",-1.13%,1.1,1.13,1.18,27377,1361,20.12,63.04%,17.54%,0.207753,"13:47 ET"
TSLA,379.59,2026-09-25,2,Put,382.50,+0.97%,6.35,6.38,6.5,7797,390,19.99,41.36%,42.57%,-0.592181,"13:46 ET"
CBRE,136.22,2026-10-16,23,Put,135.00,-0.91%,4.3,4.8,5,4563,229,19.93,39.30%,39.51%,-0.4373,"13:46 ET"
TSLA,379.59,2026-09-23,0,Put,387.50,+2.29%,7.75,8.03,8.05,5466,276,19.8,41.36%,18.58%,-0.990171,"13:45 ET"
SYF,71.14,2026-10-16,23,Call,72.50,-1.51%,1.65,2.17,1.8,2001,103,19.43,31.35%,32.01%,0.429083,"10:44 ET"
MU,1072.84,2026-09-23,0,Call,"1,075.00",-0.67%,2.3,2.36,2.44,24135,1262,19.12,63.04%,16.57%,0.373288,"13:47 ET"
INTC,120.62,2026-09-23,0,Call,121.00,-0.72%,0.3,0.31,0.33,20752,1109,18.71,66.81%,18.74%,0.385012,"13:47 ET"
MU,1072.84,2026-09-23,0,Call,"1,090.00",-2.07%,0.28,0.3,0.32,19998,1078,18.55,63.04%,20.65%,0.060686,"13:47 ET"
HAL,33.02,2026-11-20,58,Call,35.00,-5.74%,1.26,1.34,1.31,11142,605,18.42,37.06%,39.11%,0.387143,"13:37 ET"
TSLA,379.59,2026-09-23,0,Call,380.00,-0.31%,0.81,0.83,0.83,157365,8621,18.25,41.36%,13.40%,0.425189,"13:47 ET"
AMD,614.57,2026-09-23,0,Put,610.00,-0.27%,0.45,0.47,0.48,20546,1138,18.05,53.75%,15.23%,-0.176588,"13:47 ET"
NVDA,225.15,2026-09-23,0,Put,225.00,+0.28%,0.33,0.34,0.34,168253,9362,17.97,33.05%,9.23%,-0.423455,"13:47 ET"
META,751.73,2026-09-23,0,Put,742.50,-0.48%,0.42,0.44,0.46,13570,760,17.86,47.28%,20.70%,-0.111732,"13:47 ET"
AVGO,354.69,2026-09-23,0,Call,355.00,-0.12%,0.76,0.85,0.83,8883,498,17.84,36.52%,10.12%,0.521919,"13:47 ET"
MCD,237,2026-09-25,2,Call,235.00,+0.64%,3.25,3.35,3.5,2539,143,17.76,23.27%,32.97%,0.634239,"13:47 ET"
HOOD,125.24,2026-09-25,2,Put,126.00,+0.95%,2.95,3.05,3.05,1849,106,17.44,63.21%,70.49%,-0.5346,"13:46 ET"
FIRY,13.5,2026-10-16,23,Call,15.00,-8.62%,0.55,0.6,0.65,2674,155,17.25,85.94%,83.88%,0.350371,"13:45 ET"
KHC,23.59,2026-10-02,9,Call,24.50,-3.81%,0.11,0.12,0.14,20910,1215,17.21,27.15%,28.97%,0.210133,"13:42 ET"
META,751.73,2026-09-23,0,Call,750.00,-0.52%,4.45,4.49,4.55,61494,3636,16.91,47.28%,20.90%,0.610681,"13:47 ET"
MU,1072.84,2026-09-23,0,Put,"1,060.00",-0.74%,0.39,0.43,0.44,24454,1472,16.61,63.04%,16.57%,-0.095499,"13:47 ET"
META,751.73,2026-09-30,7,Put,740.00,-0.82%,15.65,16.65,15.85,1969,121,16.27,47.28%,52.11%,-0.393638,"13:40 ET"
TSLA,379.59,2026-09-25,2,Put,380.00,+0.31%,4.95,5.01,5.1,24303,1502,16.18,41.36%,42.65%,-0.509825,"13:46 ET"
AAPL,337.24,2026-09-23,0,Call,337.50,-0.16%,0.5,0.5,0.5,65417,4068,16.08,23.88%,8.31%,0.454429,"13:47 ET"
RDW,11.22,2026-10-02,9,Put,10.50,-6.75%,0.2,0.23,0.25,5195,326,15.94,84.78%,74.70%,-0.264776,"13:41 ET"
ACAD,25.12,2026-10-16,23,Call,29.00,-15.77%,1.8,2,2.35,2041,130,15.7,107.53%,136.36%,0.404903,"13:02 ET"
MCD,237,2026-09-25,2,Put,230.00,-2.75%,0.27,0.32,0.41,4224,273,15.47,23.27%,33.81%,-0.116095,"13:45 ET"
NVDA,225.15,2026-09-23,0,Call,225.00,-0.28%,0.55,0.57,0.57,124347,8217,15.13,33.05%,9.59%,0.574994,"13:47 ET"
META,751.73,2026-09-23,0,Put,747.50,+0.19%,1.29,1.3,1.34,19809,1348,14.7,47.28%,20.15%,-0.27121,"13:47 ET"
CLMT,52.54,2026-10-16,23,Put,50.00,-4.14%,1.75,1.95,2.15,3868,265,14.6,64.19%,59.65%,-0.341234,"13:45 ET"
META,751.73,2026-09-23,0,Put,740.00,-0.82%,0.25,0.25,0.26,27292,1949,14,47.28%,21.36%,-0.068922,"13:47 ET"
MU,1072.84,2026-09-23,0,Put,"1,085.00",+1.60%,12.4,12.65,13.75,6750,486,13.89,63.04%,11.50%,-0.987323,"13:45 ET"
MSFT,499.31,2026-09-23,0,Put,500.00,+0.14%,1.17,1.22,1.3,12519,906,13.82,27.91%,10.16%,-0.551744,"13:46 ET"
MU,1072.84,2026-09-23,0,Put,"1,055.00",-1.21%,0.15,0.17,0.18,11878,866,13.72,63.04%,17.71%,-0.041111,"13:47 ET"
AVGO,354.69,2026-09-23,0,Put,355.00,+0.12%,0.67,0.67,0.72,18220,1339,13.61,36.52%,10.07%,-0.4792,"13:47 ET"
TSLA,379.59,2026-09-23,0,Put,375.00,-1.01%,0.08,0.1,0.09,91516,6841,13.38,41.36%,15.16%,-0.064937,"13:47 ET"
META,751.73,2026-09-23,0,Call,747.50,-0.19%,6.05,5.93,6.3,15335,1147,13.37,47.28%,21.02%,0.720806,"13:47 ET"
META,751.73,2026-09-23,0,Call,770.00,-3.20%,0.15,0.18,0.18,77754,5994,12.97,47.28%,25.67%,0.040787,"13:47 ET"
DOCU,68.71,2026-09-25,2,Call,72.00,-4.77%,0.17,0.21,0.24,2386,185,12.9,45.34%,58.00%,0.139235,"13:42 ET"
SHOP,142.61,2026-10-30,37,Call,150.00,-5.43%,6.3,7,7.85,1886,149,12.66,56.44%,55.09%,0.426235,"13:03 ET"
IONQ,42.95,2026-10-23,30,Put,35.00,-18.01%,0.5,0.6,0.7,2264,179,12.65,74.98%,69.89%,-0.127718,"13:04 ET"
SNY,41.49,2026-11-20,58,Put,40.00,-3.52%,0.9,0.87,1.05,1315,104,12.64,23.47%,20.29%,-0.389393,"11:12 ET"
EOSE,3.7,2027-02-19,149,Put,2.50,-32.43%,0.28,0.35,0.35,1501,119,12.61,99.84%,102.87%,-0.171792,"13:39 ET"
AMZN,248.54,2028-01-21,485,Put,350.00,+41.14%,104.65,104,106.55,2016,163,12.37,32.77%,34.77%,-0.786364,"12:02 ET"
GOOGL,338.84,2026-09-23,0,Put,342.50,+1.26%,3.35,3.69,3.9,17448,1412,12.36,33.48%,16.70%,-0.879437,"13:44 ET"
MU,1072.84,2026-09-23,0,Put,"1,080.00",+1.13%,8.3,8.75,9,15548,1267,12.27,63.04%,13.85%,-0.852332,"13:47 ET"
S,23.93,2026-09-25,2,Call,25.50,-6.38%,0.05,0.15,0.15,2035,166,12.26,52.54%,78.22%,0.144212,"12:55 ET"
MGM,38.24,2026-10-16,23,Put,34.00,-11.25%,0.4,0.55,0.8,1890,155,12.19,58.97%,57.77%,-0.184867,"13:27 ET"
NBIS,231.89,2026-10-02,9,Call,205.00,+11.29%,27.9,28.3,30.5,1823,150,12.15,83.23%,79.41%,0.853565,"10:32 ET"
META,751.73,2026-09-30,7,Put,675.00,-9.53%,1.66,1.8,1.69,2237,187,11.96,47.28%,53.63%,-0.066427,"13:41 ET"
PEP,129.78,2026-12-18,86,Call,140.00,-8.03%,2.47,2.51,2.59,38939,3266,11.92,25.44%,24.79%,0.277994,"13:46 ET"
PLTR,191.12,2026-09-25,2,Call,207.50,-8.65%,0.14,0.14,0.15,2700,227,11.89,51.96%,62.38%,0.041154,"13:43 ET"
MSFT,499.31,2026-09-23,0,Call,502.50,-0.64%,0.25,0.26,0.28,32565,2829,11.51,27.91%,11.35%,0.168964,"13:47 ET"
ZVRA,11.23,2028-01-21,485,Put,10.00,-10.63%,2.05,1.85,2.7,2949,257,11.47,71.98%,67.44%,-0.280183,"11:00 ET"
QSR,71.98,2026-10-16,23,Call,75.00,-4.22%,0.6,0.61,0.8,4099,358,11.45,25.47%,24.97%,0.263705,"11:50 ET"
SMTC,168.77,2026-11-20,58,Call,230.00,-37.67%,5.9,6.15,6.6,5188,458,11.33,84.29%,82.97%,0.225569,"13:03 ET"
META,751.73,2026-09-28,5,Put,750.00,+0.52%,17.15,17.25,17.25,1664,148,11.24,47.28%,52.53%,-0.466502,"13:47 ET"
IONQ,42.95,2026-10-02,9,Put,42.00,-1.62%,1.47,1.55,1.62,1355,121,11.2,74.98%,75.41%,-0.398457,"13:16 ET"
MU,1072.84,2026-09-23,0,Call,"1,070.00",-0.20%,4.6,4.8,4.9,17655,1577,11.2,63.04%,16.58%,0.586391,"13:47 ET"
MSFT,499.31,2026-09-23,0,Call,500.00,-0.14%,0.91,0.91,1,41215,3729,11.05,27.91%,10.78%,0.452666,"13:47 ET"
AMZN,248.54,2026-09-28,5,Put,260.00,+4.85%,11.4,11.55,11.95,1109,101,10.98,32.77%,29.75%,-0.899084,"13:47 ET"
GLXY,26.37,2026-11-20,58,Call,30.00,-14.16%,2.17,2.35,2.59,1340,122,10.98,82.33%,87.02%,0.428014,"12:58 ET"
APP,310.27,2026-10-02,9,Put,287.50,-7.33%,2.4,2.3,2.8,1130,104,10.87,60.96%,54.82%,-0.173959,"12:34 ET"
SHOP,142.61,2026-10-02,9,Put,135.00,-5.11%,1.75,1.97,2.04,2063,190,10.86,56.44%,54.64%,-0.249188,"12:38 ET"
GOOGL,338.84,2026-09-23,0,Call,337.50,+0.22%,1.77,1.85,1.84,4972,458,10.86,33.48%,11.29%,0.785068,"13:47 ET"
MSFT,499.31,2026-09-23,0,Put,507.50,+1.64%,7.65,8.08,8.4,2235,206,10.85,27.91%,20.55%,-0.928833,"13:33 ET"
MLI,60.79,2026-10-16,23,Call,65.00,-6.77%,0.55,0.6,0.65,2543,236,10.78,31.79%,32.45%,0.219781,"13:30 ET"
AMZN,248.54,2026-09-23,0,Call,242.50,+2.21%,5.7,6.9,6.35,1713,160,10.71,32.77%,54.50%,0.817068,"12:33 ET"
AMD,614.57,2026-09-23,0,Call,617.50,-0.96%,0.71,0.77,0.77,7970,752,10.6,53.75%,14.68%,0.261758,"13:47 ET"
JD,27.14,2027-12-17,450,Call,30.00,-10.74%,3.6,3.65,3.7,5421,513,10.57,32.80%,50.47%,0.440318,"13:01 ET"
AMZN,248.54,2026-09-23,0,Put,250.00,+0.81%,1.4,1.46,1.52,41412,3941,10.51,32.77%,11.20%,-0.819835,"13:47 ET"
ASO,48.07,2029-01-19,849,Call,27.50,+42.68%,22.7,25.08,25.8,1135,109,10.41,40.95%,46.66%,0.86989,"13:42 ET"
AAPL,337.24,2026-09-23,0,Put,337.50,+0.16%,0.63,0.68,0.7,52471,5047,10.4,23.88%,8.20%,-0.548404,"13:47 ET"
AMZN,248.54,2026-09-25,2,Call,220.00,+11.28%,28.35,28.22,29,1327,128,10.37,32.77%,50.63%,0.999499,"13:08 ET"
UBER,69.5,2026-10-02,9,Call,65.00,+6.68%,4.6,4.87,4.95,1247,121,10.31,35.59%,35.30%,0.895575,"13:14 ET"
CBRS,205.75,2026-09-25,2,Call,225.00,-9.86%,0.55,0.67,0.9,6585,643,10.24,74.64%,95.90%,0.106684,"13:40 ET"
AMD,614.57,2026-09-23,0,Call,622.50,-1.78%,0.12,0.13,0.15,5819,570,10.21,53.75%,16.09%,0.061035,"13:47 ET"
TRIP,8.11,2028-01-21,485,Put,3.00,-62.96%,0.05,0.17,0.25,3738,370,10.1,53.13%,67.76%,-0.04221,"13:17 ET"
AMD,614.57,2026-09-23,0,Put,607.50,-0.68%,0.2,0.22,0.25,7829,784,9.99,53.75%,16.55%,-0.091278,"13:46 ET"
CMCSA,22.83,2026-10-16,23,Put,21.50,-5.62%,0.27,0.31,0.3,1095,110,9.95,33.35%,34.73%,-0.23409,"12:58 ET"
MCD,237,2026-11-20,58,Call,275.00,-16.27%,0.96,0.97,1,9425,948,9.94,23.27%,26.52%,0.088274,"13:44 ET"
PLTR,191.12,2026-10-02,9,Call,207.50,-8.65%,1.24,1.29,1.34,2811,283,9.93,51.96%,50.71%,0.165396,"13:47 ET"
PLTR,191.12,2026-10-02,9,Put,190.00,-0.51%,5,5.05,5.15,2615,264,9.91,51.96%,48.20%,-0.446387,"13:47 ET"
HOOD,125.24,2026-10-16,23,Put,126.00,+0.95%,7.8,7.9,8,1541,156,9.88,63.21%,60.87%,-0.480765,"12:15 ET"
ABNB,152.47,2026-10-16,23,Put,130.00,-14.68%,0.2,0.33,0.45,2194,223,9.84,38.18%,39.84%,-0.049292,"13:19 ET"
TSLA,379.59,2026-09-23,0,Put,390.00,+2.95%,10.25,10.11,10.6,2460,251,9.8,41.36%,23.35%,-0.992023,"13:45 ET"
MU,1072.84,2026-09-23,0,Put,"1,075.00",+0.67%,4.7,5.1,5.25,18355,1900,9.66,63.04%,14.51%,-0.64594,"13:47 ET"
U,43.29,2026-09-25,2,Call,43.50,-0.23%,0.6,0.75,0.85,1132,118,9.59,61.00%,67.78%,0.454808,"13:50 ET"
GOOGL,338.84,2027-01-15,114,Call,555.00,-64.09%,0.34,0.46,0.49,1506,157,9.59,33.48%,38.63%,0.016874,"13:16 ET"
PGY,18.43,2026-10-16,23,Put,16.00,-13.28%,0.25,0.3,0.35,2192,230,9.53,71.67%,66.25%,-0.16926,"13:27 ET"
PLTR,191.12,2026-09-25,2,Put,185.00,-3.13%,0.91,0.9,0.93,15114,1592,9.49,51.96%,55.87%,-0.203335,"13:47 ET"
AVGO,354.69,2026-09-23,0,Put,357.50,+0.83%,2.35,2.56,2.72,5891,630,9.35,36.52%,11.19%,-0.879746,"13:47 ET"
MCD,237,2026-09-25,2,Call,245.00,-3.59%,0.2,0.28,0.28,1448,155,9.34,23.27%,33.43%,0.089293,"13:47 ET"
HD,299.82,2026-09-25,2,Call,300.00,-0.20%,2.46,2.5,2.85,2503,268,9.34,26.52%,30.66%,0.497371,"13:45 ET"
MCD,237,2026-09-25,2,Put,235.00,-0.64%,1.2,1.34,1.39,4739,510,9.29,23.27%,30.33%,-0.35522,"13:46 ET"
GOOGL,338.84,2026-09-28,5,Put,332.50,-1.69%,1.94,2.3,2.14,916,100,9.16,33.48%,29.55%,-0.27711,"13:35 ET"
MU,1072.84,2026-09-23,0,Call,"1,095.00",-2.54%,0.16,0.19,0.18,14954,1639,9.12,63.04%,22.43%,0.034563,"13:47 ET"
GOOGL,338.84,2026-10-02,9,Call,405.00,-19.74%,0.08,0.12,0.13,2313,255,9.07,33.48%,49.03%,0.011918,"13:32 ET"
PLTR,191.12,2026-09-25,2,Put,192.50,+0.80%,3.65,3.66,3.8,8478,935,9.07,51.96%,54.44%,-0.554242,"13:46 ET"
RKLB,70.87,2026-10-16,23,Call,72.00,-1.49%,4.4,4.45,4.5,1820,201,9.05,71.44%,69.05%,0.502779,"13:46 ET"
QBTS,17.08,2026-11-20,58,Put,11.00,-35.41%,0.12,0.12,0.16,910,101,9.01,73.72%,77.47%,-0.055269,"11:02 ET"
AMZN,248.54,2026-09-23,0,Call,245.00,+1.20%,3.35,3.75,3.8,1235,137,9.01,32.77%,18.48%,0.940792,"13:46 ET"
META,751.73,2026-09-23,0,Put,737.50,-1.15%,0.13,0.16,0.16,8752,975,8.98,47.28%,22.02%,-0.041335,"13:47 ET"
MRVL,258.94,2026-10-16,23,Call,295.00,-14.63%,6.2,6.3,6.45,2617,292,8.96,66.50%,69.10%,0.255333,"13:46 ET"
RDDT,150.66,2026-10-09,16,Call,155.00,-2.69%,5.4,5.6,6.2,1138,128,8.89,61.40%,60.42%,0.439649,"13:23 ET"
NCLH,14.09,2026-10-23,30,Call,17.00,-21.00%,0.09,0.1,0.16,2010,229,8.78,52.50%,52.79%,0.125681,"13:06 ET"
TSLA,379.59,2026-09-30,7,Put,382.50,+0.97%,9.1,9.83,9.45,1113,127,8.76,41.36%,37.01%,-0.547818,"13:29 ET"
TSLA,379.59,2026-09-25,2,Put,387.50,+2.29%,9.75,9.55,9.95,1339,153,8.75,41.36%,42.84%,-0.739649,"13:45 ET"
PBR,21.18,2026-10-16,23,Call,22.50,-6.48%,0.56,0.57,0.6,1239,142,8.73,49.56%,51.07%,0.342718,"13:42 ET"
TSLA,379.59,2026-09-25,2,Put,385.00,+1.63%,7.95,8.2,8.1,6989,801,8.73,41.36%,42.49%,-0.670553,"13:45 ET"
TE,4.12,2026-10-23,30,Call,5.00,-21.07%,0.15,0.2,0.2,3666,421,8.71,101.17%,94.16%,0.287034,"13:16 ET"
DT,58.5,2026-10-16,23,Call,62.50,-6.66%,1,1.25,1.25,1745,207,8.43,45.06%,43.22%,0.296532,"13:21 ET"
NTSK,18.48,2026-11-20,58,Call,22.50,-21.56%,0.8,0.96,1.05,1017,121,8.4,71.92%,73.97%,0.307497,"11:12 ET"
TEM,76.42,2026-09-25,2,Call,79.00,-3.20%,0.93,1,1.07,3506,418,8.39,75.65%,90.21%,0.314719,"13:39 ET"
MCD,237,2026-10-16,23,Call,252.50,-6.76%,1.04,0.99,1.14,1139,136,8.38,23.27%,23.88%,0.151642,"13:35 ET"
SHEL,95.31,2026-09-25,2,Call,96.00,-1.08%,0.4,0.5,0.95,861,103,8.36,25.32%,35.38%,0.389831,"13:31 ET"
SCHW,100.4,2026-10-02,9,Put,97.00,-3.45%,0.52,0.58,0.57,1028,123,8.36,30.54%,28.39%,-0.210489,"13:42 ET"
GOOG,335.27,2026-09-25,2,Call,337.50,-0.84%,2.79,2.82,2.84,3019,361,8.36,33.02%,37.49%,0.421111,"13:47 ET"
MU,1072.84,2026-09-23,0,Put,"1,090.00",+2.07%,17.05,18.11,18.6,6162,741,8.32,63.04%,15.07%,-0.990164,"13:43 ET"
MCD,237,2026-09-25,2,Put,237.50,+0.42%,2.25,2.28,2.59,3174,382,8.31,23.27%,30.13%,-0.540243,"13:45 ET"
STWD,14.77,2027-03-19,177,Put,14.00,-5.21%,0.65,0.71,0.75,3555,428,8.31,24.89%,20.43%,-0.411454,"13:14 ET"
UNH,370.4,2026-10-02,9,Call,380.00,-2.55%,3.15,3.25,3.4,1587,192,8.27,39.35%,29.70%,0.304385,"13:23 ET"
META,751.73,2026-09-25,2,Call,875.00,-17.27%,0.19,0.21,0.27,2237,272,8.22,47.28%,90.65%,0.013298,"13:45 ET"
META,751.73,2026-09-30,7,Put,700.00,-6.18%,4.25,4.5,4.4,2996,365,8.21,47.28%,52.12%,-0.149089,"13:43 ET"
AMZN,248.54,2026-09-25,2,Put,270.00,+8.88%,21,21.82,21.8,1577,195,8.09,32.77%,55.91%,-0.977156,"13:19 ET"
INTC,120.62,2026-09-23,0,Call,120.00,+0.11%,0.84,0.85,0.89,22733,2818,8.07,66.81%,18.84%,0.711271,"13:47 ET"
TSLA,379.59,2026-09-28,5,Put,380.00,+0.31%,6.2,6.4,6.4,2961,372,7.96,41.36%,34.46%,-0.502307,"13:45 ET"
GOOGL,338.84,2026-10-23,30,Call,340.00,-0.52%,12.15,12.5,12.55,2046,258,7.93,33.48%,31.88%,0.518022,"13:46 ET"
AMD,614.57,2026-09-23,0,Call,620.00,-1.37%,0.29,0.31,0.31,16925,2173,7.79,53.75%,14.98%,0.126386,"13:47 ET"
TSLA,379.59,2026-09-25,2,Put,390.00,+2.95%,11.7,11.9,11.9,4374,564,7.76,41.36%,42.82%,-0.801343,"13:46 ET"
FSLY,26.52,2026-10-02,9,Put,24.00,-8.88%,0.35,1.05,0.75,1074,140,7.67,95.35%,94.02%,-0.225735,"12:51 ET"
NOW,140.15,2026-10-02,9,Call,146.00,-4.25%,2.68,2.7,2.79,1010,132,7.65,56.03%,56.70%,0.343975,"13:04 ET"
CBRS,205.75,2026-09-25,2,Call,235.00,-14.75%,0.15,0.25,0.3,4032,527,7.65,74.64%,100.10%,0.037881,"13:17 ET"
XP,21.15,2027-01-15,114,Call,23.00,-9.26%,1.6,1.75,1.85,1100,144,7.64,57.42%,52.24%,0.439953,"13:01 ET"
RIOT,24.96,2027-03-19,177,Call,25.00,+0.68%,5.9,6,6.1,2774,363,7.64,83.09%,85.26%,0.628024,"13:44 ET"
PSKY,9.89,2029-01-19,849,Call,10.00,+0.70%,3.1,3.36,3.85,5002,656,7.63,59.84%,59.73%,0.666398,"12:48 ET"
GOOGL,338.84,2026-09-28,5,Put,335.00,-0.95%,2.76,3.03,3.15,1757,233,7.54,33.48%,30.20%,-0.356766,"13:42 ET"
CMCSA,22.83,2026-11-20,58,Call,23.00,-0.97%,1.13,1.15,1.18,4307,572,7.53,33.35%,34.85%,0.497668,"13:44 ET"
RGTI,16.2,2026-10-02,9,Put,17.00,+5.20%,1.2,1.16,1.25,1012,135,7.5,74.38%,73.95%,-0.637569,"13:20 ET"
STWD,14.77,2026-12-18,86,Put,14.00,-5.21%,0.35,0.41,0.5,1019,136,7.49,24.89%,23.12%,-0.352336,"13:25 ET"
LRCX,306.91,2026-09-25,2,Put,272.50,-10.72%,0.11,0.15,0.18,798,107,7.46,59.67%,80.21%,-0.021085,"13:44 ET"
MU,1072.84,2026-09-25,2,Put,"1,085.00",+1.60%,24.4,24.28,25.1,1341,180,7.45,63.04%,55.03%,-0.608349,"13:45 ET"
CGC,0.9556,2029-01-19,849,Put,1.0000,+5.11%,0.39,0.43,0.45,825,111,7.43,83.90%,80.37%,-0.273953,"13:47 ET"
MU,1072.84,2026-09-25,2,Put,"1,070.00",+0.20%,16,16.21,16.45,5903,806,7.32,63.04%,54.50%,-0.473113,"13:47 ET"
CP,88.5,2026-10-16,23,Call,92.50,-4.72%,0.4,0.45,0.6,1000,138,7.25,21.13%,20.08%,0.204436,"12:21 ET"
MU,1072.84,2026-09-25,2,Put,"1,075.00",+0.67%,18.55,18.77,19.2,2736,378,7.24,63.04%,54.78%,-0.519058,"13:47 ET"
MSFT,499.31,2026-09-23,0,Call,497.50,+0.36%,2.43,2.53,2.63,11067,1531,7.23,27.91%,11.03%,0.775948,"13:46 ET"
SMR,8.72,2026-10-16,23,Put,8.50,-2.30%,0.51,0.51,0.53,2395,333,7.19,77.46%,73.66%,-0.403718,"13:46 ET"
CRWD,260.21,2028-12-15,814,Call,45.00,+82.76%,220.8,223.84,227,1398,195,7.17,56.00%,90.47%,0.979519,"13:28 ET"
GOOGL,338.84,2026-10-05,12,Call,350.00,-3.48%,3.1,3.15,3.5,1008,142,7.1,33.48%,29.81%,0.293959,"13:30 ET"
ON,74.06,2026-10-02,9,Put,70.00,-4.67%,0.95,1.13,1.19,823,116,7.09,57.15%,58.22%,-0.252257,"13:28 ET"
JELD,1.865,2027-01-15,114,Call,2.5000,-32.98%,0.25,0.29,0.3,9091,1284,7.08,122.92%,110.09%,0.442427,"13:47 ET"
NVDA,225.15,2026-09-23,0,Put,227.50,+1.40%,2.3,2.3,2.33,56472,8058,7.01,33.05%,10.38%,-0.977297,"13:47 ET"
GOOG,335.27,2026-09-25,2,Call,342.50,-2.34%,1.32,1.33,1.36,2473,356,6.95,33.02%,38.68%,0.240161,"13:43 ET"
XOM,161.21,2026-10-09,16,Put,157.50,-2.03%,2.15,2.35,2.33,726,106,6.85,29.68%,28.33%,-0.340874,"13:33 ET"
CHWY,18.64,2026-09-25,2,Put,18.50,-1.44%,0.24,0.25,0.25,842,123,6.85,45.60%,56.80%,-0.419043,"13:47 ET"
UBER,69.5,2026-09-25,2,Call,69.00,+0.93%,1.04,1.07,1.08,4170,609,6.85,35.59%,37.34%,0.615114,"13:51 ET"
TSLA,379.59,2026-09-23,0,Call,377.50,+0.35%,2.37,2.42,2.42,28712,4200,6.84,41.36%,14.41%,0.760109,"13:47 ET"
META,751.73,2026-11-20,58,Put,735.00,-1.49%,46.1,47.72,47.1,977,143,6.83,47.28%,47.84%,-0.405622,"13:39 ET"
GME,24.53,2026-09-25,2,Put,24.50,+0.16%,0.49,0.5,0.51,831,122,6.81,53.80%,72.25%,-0.474954,"13:47 ET"
BAC,55.92,2026-10-23,30,Call,57.00,-2.02%,1.28,1.3,1.32,1080,160,6.75,27.51%,27.40%,0.423218,"13:47 ET"
TSLA,379.59,2026-09-30,7,Call,385.00,-1.63%,5.7,5.86,5.8,4196,625,6.71,41.36%,38.46%,0.407984,"13:46 ET"
NAVN,19.91,2026-10-16,23,Put,20.00,-0.10%,1.15,1.15,1.3,2970,444,6.69,66.77%,61.58%,-0.468534,"13:35 ET"
GOOGL,338.84,2026-09-25,2,Call,342.50,-1.26%,2.33,2.4,2.41,4155,622,6.68,33.48%,38.12%,0.366806,"13:47 ET"
QCOM,197.29,2027-02-19,149,Put,180.00,-8.32%,15.5,16.45,16.15,1116,168,6.64,51.42%,50.64%,-0.318022,"11:02 ET"
QUBT,9.35,2026-11-20,58,Call,14.00,-50.38%,0.21,0.25,0.3,4827,735,6.57,72.13%,88.19%,0.169183,"12:48 ET"
MSFT,499.31,2026-09-23,0,Put,502.50,+0.64%,2.91,3.24,3.3,6410,980,6.54,27.91%,11.22%,-0.836715,"13:41 ET"
META,751.73,2026-10-09,16,Call,840.00,-12.58%,6.4,5.93,6.9,659,101,6.52,47.28%,50.64%,0.164846,"13:25 ET"
META,751.73,2026-09-28,5,Call,785.00,-5.21%,7.65,7.4,7.8,748,115,6.5,47.28%,55.43%,0.267984,"13:46 ET"
CRCL,93.18,2026-09-25,2,Call,104.00,-11.85%,0.2,0.21,0.25,1682,259,6.49,76.27%,100.08%,0.074887,"13:09 ET"
IONQ,42.95,2026-09-25,2,Put,40.50,-5.13%,0.25,0.32,0.34,1350,209,6.46,74.98%,91.28%,-0.181155,"13:40 ET"
IONQ,42.95,2026-09-25,2,Call,43.00,-0.73%,1.13,1.16,1.17,9917,1537,6.45,74.98%,91.67%,0.509915,"13:47 ET"
PLTR,191.12,2026-10-02,9,Put,187.50,-1.82%,3.9,3.9,4.05,930,145,6.41,51.96%,48.24%,-0.378309,"13:43 ET"
META,751.73,2026-09-25,2,Put,755.00,+1.19%,17.75,17.8,17.95,4305,672,6.41,47.28%,74.01%,-0.515243,"13:47 ET"
META,751.73,2026-09-25,2,Call,835.00,-11.91%,0.99,0.98,1.02,2772,433,6.4,47.28%,84.89%,0.051767,"13:47 ET"
PLTR,191.12,2026-09-25,2,Call,192.50,-0.80%,2.57,2.57,2.61,31482,4946,6.37,51.96%,55.68%,0.447738,"13:47 ET"
STRA,78.56,2026-10-16,23,Call,85.00,-8.11%,0.25,0.4,0.45,1073,170,6.31,31.48%,27.46%,0.132383,"13:22 ET"
SNDK,1822.99,2026-09-25,2,Put,"1,825.00",+0.47%,38.5,39.27,40.9,936,149,6.28,74.17%,71.74%,-0.498291,"13:45 ET"
MCD,237,2026-10-09,16,Call,250.00,-5.70%,0.82,0.9,0.95,888,142,6.25,23.27%,23.91%,0.14773,"13:44 ET"
LCID,4.11,2026-12-18,86,Put,4.50,+9.49%,0.94,1.1,1.16,2000,320,6.25,91.70%,105.27%,-0.462701,"12:06 ET"
MU,1072.84,2026-09-23,0,Call,"1,100.00",-3.01%,0.1,0.1,0.12,41715,6671,6.25,63.04%,24.53%,0.021773,"13:47 ET"
Z,29,2026-10-16,23,Call,32.50,-12.03%,0.45,0.55,0.55,4986,799,6.24,56.48%,54.46%,0.230898,"13:51 ET"
INTC,120.62,2026-09-23,0,Call,122.00,-1.56%,0.09,0.1,0.1,34660,5561,6.23,66.81%,20.23%,0.146174,"13:47 ET"
AMD,614.57,2026-09-23,0,Call,607.50,+0.68%,6.15,6.6,7.6,806,130,6.2,53.75%,8.75%,0.994044,"13:44 ET"
CP,88.5,2026-11-20,58,Call,95.00,-7.55%,0.6,0.95,1.2,1001,162,6.18,21.13%,20.78%,0.221986,"12:24 ET"
SOFI,16.73,2029-01-19,849,Put,10.00,-40.30%,1.5,1.53,1.53,2094,339,6.18,48.29%,57.42%,-0.133804,"13:35 ET"
MU,1072.84,2026-09-23,0,Put,"1,100.00",+3.01%,26.95,29,28.45,2275,368,6.18,63.04%,37.89%,-0.904527,"13:38 ET"
AAPL,337.24,2026-09-23,0,Call,335.00,+0.58%,2.29,2.34,2.5,11553,1877,6.16,23.88%,9.68%,0.916277,"13:47 ET"
META,751.73,2026-09-25,2,Put,760.00,+1.86%,20.6,21.05,20.85,3508,570,6.15,47.28%,74.33%,-0.562718,"13:47 ET"
CRWD,260.21,2026-10-02,9,Put,250.00,-4.24%,4.55,4.63,4.9,1176,193,6.09,56.00%,56.25%,-0.306686,"13:46 ET"
GOOG,335.27,2026-09-25,2,Call,347.50,-3.83%,0.61,0.65,0.65,8546,1406,6.08,33.02%,40.91%,0.126241,"13:46 ET"
RGC,5.94,2026-10-16,23,Put,5.00,-16.53%,0.2,0.3,0.5,768,127,6.05,211.85%,134.12%,-0.246377,"12:11 ET"
NKTR,56.97,2026-11-20,58,Call,70.00,-22.40%,2.35,3,3.4,615,102,6.03,77.08%,75.41%,0.304992,"13:36 ET"
AMZN,248.54,2026-09-30,7,Put,242.50,-2.21%,1.48,1.55,1.54,724,120,6.03,32.77%,28.59%,-0.251641,"13:45 ET"
COF,197.55,2026-09-25,2,Call,200.00,-0.85%,0.9,1.66,1.7,1017,169,6.02,30.87%,39.81%,0.340831,"12:23 ET"
SNAP,5.29,2026-10-02,9,Call,5.00,+5.30%,0.35,0.36,0.39,1672,279,5.99,63.34%,56.65%,0.757726,"13:24 ET"
CLS,362.93,2026-10-16,23,Call,450.00,-24.81%,2.4,2.4,3.5,698,117,5.97,65.25%,65.18%,0.110102,"13:47 ET"
META,751.73,2026-10-09,16,Call,755.00,-1.19%,29.4,26.95,30.4,764,128,5.97,47.28%,48.92%,0.511507,"13:33 ET"
MCD,237,2026-10-02,9,Put,230.00,-2.75%,1.01,1.09,1.19,707,119,5.94,23.27%,24.19%,-0.211579,"13:43 ET"
MU,1072.84,2026-09-28,5,Call,"1,080.00",-1.13%,19.2,19.75,19.9,2269,382,5.94,63.04%,46.10%,0.458581,"13:45 ET"
BB,8.39,2027-03-19,177,Call,7.00,+16.37%,2.27,2.35,2.38,2435,410,5.94,81.49%,69.18%,0.743183,"13:27 ET"
MU,1072.84,2026-09-25,2,Put,"1,090.00",+2.07%,27.6,27.37,28.4,2219,374,5.93,63.04%,55.11%,-0.650762,"13:45 ET"
MU,1072.84,2026-09-25,2,Put,"1,080.00",+1.13%,21.4,21.3,22,4388,744,5.9,63.04%,54.90%,-0.564311,"13:46 ET"
BABA,111.08,2026-10-02,9,Put,104.00,-6.24%,0.43,0.48,0.48,800,136,5.88,41.05%,38.34%,-0.131837,"13:47 ET"
CLMT,52.54,2026-10-16,23,Call,60.00,-15.03%,0.95,1.05,1.2,3947,673,5.86,64.19%,65.07%,0.231939,"13:43 ET"
W,98.84,2026-10-16,23,Call,110.00,-11.69%,1.72,1.85,2.34,770,132,5.83,62.35%,56.23%,0.257949,"13:07 ET"
PLTR,191.12,2026-10-09,16,Call,225.00,-17.81%,0.63,0.64,0.66,989,170,5.82,51.96%,51.12%,0.073567,"13:46 ET"
META,751.73,2026-09-25,2,Put,742.50,-0.48%,11.65,12,11.8,1280,220,5.82,47.28%,73.22%,-0.39396,"13:46 ET"
OKTA,202.99,2026-09-25,2,Call,215.00,-5.85%,0.99,1.13,1.21,843,145,5.81,58.64%,81.14%,0.172916,"13:37 ET"
HIMS,28.89,2026-10-02,9,Put,29.50,+1.79%,1.48,1.55,1.59,620,107,5.79,72.56%,66.71%,-0.555988,"13:10 ET"
HUT,104.36,2026-11-20,58,Call,120.00,-14.80%,10.2,10.4,10.95,1551,268,5.79,91.81%,96.38%,0.437981,"12:50 ET"
CMG,32.85,2029-01-19,849,Put,25.00,-23.80%,2.86,2.91,3.15,1012,175,5.78,39.12%,41.22%,-0.194936,"12:22 ET"
FIGR,35.15,2026-10-02,9,Put,33.00,-6.17%,0.65,0.85,0.95,1718,297,5.78,78.56%,77.76%,-0.281824,"13:02 ET"
META,751.73,2026-09-23,0,Call,745.00,+0.15%,8,8,8.3,16194,2804,5.78,47.28%,21.60%,0.807437,"13:47 ET"
META,751.73,2026-09-28,5,Call,747.50,-0.19%,21.1,20.45,21.4,751,131,5.73,47.28%,53.24%,0.555137,"13:44 ET"
WMB,71.93,2026-09-25,2,Call,72.00,-0.01%,0.6,0.75,0.85,1111,194,5.73,29.22%,37.45%,0.476538,"12:17 ET"
MMM,169.73,2026-10-16,23,Call,175.00,-3.28%,1.98,1.9,2.1,4021,703,5.72,26.75%,23.97%,0.318127,"13:02 ET"
MSTR,163.56,2026-10-02,9,Put,144.00,-11.72%,1,0.94,1.05,1475,261,5.65,69.95%,70.39%,-0.111556,"13:46 ET"
ASST,28.94,2026-11-20,58,Put,25.00,-13.70%,1.9,1.95,2.01,799,142,5.63,77.80%,85.78%,-0.268468,"13:20 ET"
GOOGL,338.84,2026-10-02,9,Call,347.50,-2.74%,3.5,3.55,3.8,1431,254,5.63,33.48%,32.54%,0.329508,"13:44 ET"
AMZN,248.54,2026-09-25,2,Call,237.50,+4.23%,11,10.85,11.6,1666,297,5.61,32.77%,34.54%,0.965408,"13:35 ET"
SNDK,1822.99,2026-09-25,2,Call,"1,830.00",-0.75%,36.4,36.28,37.4,937,168,5.58,74.17%,74.83%,0.483099,"13:45 ET"
GOOG,335.27,2026-10-02,9,Call,357.50,-6.82%,1.09,1.11,1.18,2119,381,5.56,33.02%,34.44%,0.128206,"13:42 ET"
AMD,614.57,2026-09-23,0,Put,617.50,+0.96%,3.7,3.78,3.9,2531,455,5.56,53.75%,15.04%,-0.735149,"13:46 ET"
AUR,6.16,2026-10-23,30,Call,6.00,+0.50%,0.5,0.5,0.55,638,115,5.55,72.39%,64.20%,0.590762,"13:38 ET"
MSFT,499.31,2026-10-05,12,Call,495.00,+0.86%,11.2,10.9,12.55,692,125,5.54,27.91%,25.33%,0.597045,"13:25 ET"
MSTR,163.56,2026-09-25,2,Put,162.50,-0.37%,3.15,3.12,3.3,4538,820,5.53,69.95%,78.35%,-0.440261,"13:46 ET"
META,751.73,2026-10-16,23,Put,755.00,+1.19%,35.2,37.3,35.45,662,120,5.52,47.28%,45.93%,-0.484301,"13:34 ET"
NOK,10.63,2026-10-23,30,Put,10.50,-1.22%,0.7,0.72,0.73,2845,516,5.51,58.72%,65.18%,-0.433952,"13:08 ET"
IONQ,42.95,2026-10-02,9,Call,46.00,-7.75%,0.99,1,1.05,1468,269,5.46,74.98%,79.09%,0.315473,"13:44 ET"
TSLA,379.59,2026-10-02,9,Call,397.50,-4.93%,4.3,4.5,4.4,1265,234,5.41,41.36%,45.27%,0.272404,"13:43 ET"
RIOT,24.96,2027-01-15,114,Call,25.00,+0.68%,4.7,4.85,4.85,36704,6801,5.4,83.09%,84.51%,0.602373,"13:36 ET"
REAX,16.19,2027-04-16,205,Call,22.50,-39.23%,1.8,2.02,2.2,550,102,5.39,98.07%,77.42%,0.403028,"12:04 ET"
JPM,338.28,2026-10-09,16,Call,355.00,-4.87%,0.89,0.98,1.21,1149,213,5.39,27.02%,20.81%,0.141983,"12:42 ET"
IONQ,42.95,2026-09-25,2,Call,42.50,+0.45%,1.34,1.38,1.45,4138,768,5.39,74.98%,90.58%,0.578793,"13:46 ET"
SHAK,57.86,2028-01-21,485,Call,75.00,-29.96%,9.4,10.1,10.4,1029,192,5.36,50.12%,53.73%,0.491149,"13:35 ET"
COST,901.01,2028-09-15,723,Call,"1,240.00",-37.70%,51.75,54.18,55.55,1056,197,5.36,24.54%,26.07%,0.3037,"12:52 ET"
AMZN,248.54,2026-09-25,2,Call,247.50,+0.19%,3.05,3.1,3.15,4445,829,5.36,32.77%,33.38%,0.583357,"13:47 ET"
CRWD,260.21,2026-09-25,2,Put,250.00,-4.24%,1.29,1.32,1.38,2245,420,5.35,56.00%,64.00%,-0.191901,"13:47 ET"
CMCSA,22.83,2026-10-23,30,Call,25.00,-9.75%,0.23,0.25,0.28,3690,690,5.35,33.35%,36.19%,0.201741,"13:12 ET"
BULL,7.74,2026-10-16,23,Put,8.00,+3.90%,0.58,0.58,0.61,892,167,5.34,60.29%,58.08%,-0.560343,"13:32 ET"
INTC,120.62,2026-09-28,5,Call,121.00,-0.72%,2.95,2.96,3.05,632,119,5.31,66.81%,55.88%,0.497528,"13:44 ET"
META,751.73,2026-09-28,5,Put,740.00,-0.82%,12.5,13,12.65,663,126,5.26,47.28%,52.09%,-0.380289,"13:44 ET"
TSLA,379.59,2026-09-30,7,Put,380.00,+0.31%,7.9,7.95,8.05,1758,336,5.23,41.36%,37.28%,-0.49662,"13:47 ET"
VLO,369.91,2026-09-25,2,Put,360.00,-2.38%,3.4,4.5,5.8,1749,337,5.19,52.67%,73.66%,-0.33614,"13:50 ET"
MU,1072.84,2026-09-23,0,Put,"1,095.00",+2.54%,22.3,26.75,23.55,2432,469,5.19,63.04%,52.66%,-0.777835,"13:27 ET"
INTC,120.62,2026-10-02,9,Put,103.00,-14.26%,0.37,0.4,0.4,1813,350,5.18,66.81%,69.12%,-0.064573,"13:25 ET"
HON,212.56,2026-10-16,23,Call,225.00,-6.13%,1.7,1.77,1.85,533,103,5.17,29.31%,27.95%,0.215705,"13:45 ET"
BRK.B,510.85,2026-09-25,2,Call,502.50,+1.62%,8.05,8.13,9.55,540,105,5.14,14.81%,15.56%,0.930988,"13:08 ET"
CIFR,18.88,2029-01-19,849,Call,15.00,+20.42%,11.1,11.3,11.55,2998,583,5.14,99.55%,93.37%,0.826948,"13:42 ET"
NKTR,56.97,2026-11-20,58,Put,55.00,-3.83%,5,5.4,7.1,636,124,5.13,77.08%,80.92%,-0.386094,"12:24 ET"
TSLA,379.59,2026-09-25,2,Put,372.50,-1.67%,2.1,2.12,2.14,7354,1433,5.13,41.36%,43.62%,-0.276085,"13:46 ET"
RUN,8.55,2026-10-02,9,Call,9.50,-11.11%,0.08,0.12,0.12,2588,505,5.12,74.35%,73.13%,0.194181,"12:00 ET"
AMD,614.57,2026-09-28,5,Put,612.50,+0.14%,11.15,12,11.45,730,143,5.1,53.75%,43.19%,-0.462022,"13:38 ET"
TSLA,379.59,2026-09-30,7,Call,382.50,-0.97%,6.7,6.8,6.8,1800,353,5.1,41.36%,38.33%,0.455829,"13:46 ET"
BMNR,27.57,2026-10-02,9,Call,27.50,-0.22%,1.28,1.27,1.36,1297,255,5.09,75.76%,74.32%,0.532991,"13:45 ET"
SNDK,1822.99,2026-09-25,2,Call,"1,840.00",-1.30%,31.9,33,33.6,1029,203,5.07,74.17%,75.32%,0.444533,"13:43 ET"
TSLA,379.59,2026-09-25,2,Call,387.50,-2.29%,2.08,2.12,2.12,15818,3125,5.06,41.36%,45.30%,0.273256,"13:47 ET"
SMCI,41.54,2026-09-25,2,Put,41.50,-0.02%,0.9,0.94,0.94,2543,506,5.03,74.76%,76.77%,-0.481608,"13:47 ET"
META,751.73,2026-09-28,5,Call,775.00,-3.87%,10.2,9.9,10.35,968,193,5.02,47.28%,54.67%,0.334311,"13:46 ET"
CCCC,2.95,2026-10-16,23,Put,3.00,+1.35%,0.25,0.25,0.3,1852,370,5.01,99.07%,84.13%,-0.489615,"13:39 ET"
COHR,301.33,2028-01-21,485,Call,460.00,-52.60%,65,68.95,73,500,100,5,76.73%,76.93%,0.511,"11:43 ET"
PSX,254.48,2027-06-17,267,Put,210.00,-17.07%,14.1,14.1,17.3,815,163,5,45.27%,44.15%,-0.230438,"13:11 ET"
PLTR,191.12,2026-09-25,2,Call,200.00,-4.72%,0.63,0.64,0.64,29303,5867,4.99,51.96%,57.47%,0.152814,"13:47 ET"
AMZN,248.54,2026-09-25,2,Call,225.00,+9.27%,23.35,23.15,24.2,972,195,4.98,32.77%,63.41%,0.984544,"13:06 ET"
BAC,55.92,2026-10-16,23,Put,54.00,-3.35%,0.79,0.84,0.82,1118,225,4.97,27.51%,28.98%,-0.300227,"13:46 ET"
AMD,614.57,2026-10-02,9,Put,575.00,-5.99%,5.35,5.4,5.55,2012,405,4.97,53.75%,51.42%,-0.191674,"13:47 ET"
MRNA,185.1,2026-10-30,37,Call,220.00,-19.31%,11.1,11.93,13,694,140,4.96,84.21%,101.70%,0.353616,"12:50 ET"
ABT,104.15,2027-03-19,177,Call,110.00,-5.77%,6,6,6.1,3512,710,4.95,29.38%,28.43%,0.438883,"13:35 ET"
JPM,338.28,2026-10-02,9,Call,345.00,-1.91%,2.21,2.32,2.51,929,188,4.94,27.02%,23.32%,0.304376,"13:00 ET"
IONQ,42.95,2026-09-25,2,Call,46.00,-7.75%,0.32,0.35,0.37,5929,1201,4.94,74.98%,103.02%,0.196424,"13:45 ET"
META,751.73,2026-09-25,2,Call,800.00,-7.22%,3.65,3.65,3.7,27042,5482,4.93,47.28%,80.86%,0.159423,"13:47 ET"
MU,1072.84,2026-09-25,2,Put,"1,065.00",-0.27%,13.6,13.8,14.1,1306,266,4.91,63.04%,54.36%,-0.426995,"13:47 ET"
TSLA,379.59,2026-09-28,5,Call,392.50,-3.61%,2.01,2.05,2.06,750,153,4.9,41.36%,36.36%,0.223222,"13:41 ET"
GOOG,335.27,2026-10-30,37,Put,350.00,+4.58%,23.05,23.35,25,1073,219,4.9,33.02%,37.70%,-0.608754,"13:28 ET"
CIFR,18.88,2026-10-09,16,Put,19.00,+0.80%,1.54,1.59,1.62,646,132,4.89,99.55%,96.98%,-0.470056,"13:35 ET"
SOUN,6.09,2026-11-20,58,Call,9.00,-47.78%,0.14,0.15,0.15,2271,464,4.89,64.72%,82.88%,0.15822,"13:45 ET"
APP,310.27,2026-09-25,2,Call,310.00,+0.07%,5.7,5.85,6,974,201,4.85,60.96%,61.95%,0.519006,"13:47 ET"
MARA,13.6,2026-10-23,30,Call,17.00,-24.72%,0.37,0.4,0.4,2132,440,4.85,83.91%,86.40%,0.222639,"13:43 ET"
AAPL,337.24,2026-09-30,7,Call,337.50,-0.16%,4.2,4.33,4.35,871,180,4.84,23.88%,22.91%,0.506825,"13:46 ET"
XIFR,10.66,2029-01-19,849,Call,12.00,-12.89%,2.6,2.7,3.2,1145,237,4.83,38.56%,93.87%,0.491298,"13:42 ET"
NVO,38.24,2026-10-16,23,Put,37.00,-3.29%,0.56,0.56,0.58,3799,787,4.83,32.61%,27.63%,-0.318334,"13:43 ET"
IONQ,42.95,2026-09-25,2,Put,43.00,+0.73%,1.09,1.33,1.25,1124,233,4.82,74.98%,91.12%,-0.490406,"13:39 ET"
MSTR,163.56,2026-10-02,9,Put,157.50,-3.44%,4.15,4.2,4.3,587,122,4.81,69.95%,68.70%,-0.339281,"13:45 ET"
VKTX,41.66,2026-09-25,2,Put,41.00,+1.99%,0.68,2.03,1.98,616,128,4.81,77.24%,139.40%,-0.404965,"13:13 ET"
NVDA,225.15,2026-09-30,7,Put,227.50,+1.40%,4.7,5.2,4.75,1897,395,4.8,33.05%,28.17%,-0.591293,"13:36 ET"
INTC,120.62,2026-09-23,0,Put,120.00,-0.11%,0.21,0.21,0.24,28707,6019,4.77,66.81%,19.31%,-0.293669,"13:47 ET"
GOOGL,338.84,2026-09-25,2,Call,347.50,-2.74%,1.12,1.13,1.16,3996,839,4.76,33.48%,39.66%,0.206227,"13:47 ET"
V,361.87,2026-12-18,86,Put,375.00,+3.49%,21.35,21.11,21.95,915,193,4.74,21.77%,21.82%,-0.598449,"13:32 ET"
BE,275.12,2026-10-02,9,Call,320.00,-17.22%,2.06,2.15,2.26,3863,815,4.74,79.01%,81.27%,0.129889,"13:43 ET"
SNDK,1822.99,2026-09-25,2,Call,"1,860.00",-2.40%,24.7,23.4,25.9,1027,217,4.73,74.17%,75.82%,0.370372,"13:36 ET"
AMZN,248.54,2027-04-16,205,Put,190.00,-23.38%,4.3,4.5,4.65,1011,214,4.72,32.77%,36.82%,-0.118136,"13:04 ET"
INOD,72.31,2026-09-25,2,Call,75.00,-6.17%,1.55,1.91,2.25,772,165,4.68,97.57%,142.89%,0.379176,"13:46 ET"
TSLA,379.59,2026-10-02,9,Put,385.00,+1.63%,13.05,13.05,13.3,1410,301,4.68,41.36%,43.21%,-0.567623,"13:43 ET"
TSLA,379.59,2026-09-25,2,Put,377.50,-0.35%,3.8,3.85,3.9,10723,2290,4.68,41.36%,42.89%,-0.427074,"13:46 ET"
CHYM,26.81,2026-10-16,23,Put,25.00,-7.51%,0.45,0.55,0.65,518,111,4.67,52.20%,48.56%,-0.261601,"13:07 ET"
IONQ,42.95,2026-09-25,2,Put,42.00,-1.62%,0.64,0.71,0.76,1318,282,4.67,74.98%,89.28%,-0.352194,"13:46 ET"
HD,299.82,2027-12-17,450,Put,300.00,+0.20%,32.15,32.55,34.4,2293,491,4.67,26.52%,27.09%,-0.420789,"13:10 ET"
NBIS,231.89,2026-10-02,9,Call,235.00,-1.69%,10.25,10.5,10.75,4376,937,4.67,83.23%,82.03%,0.484794,"13:45 ET"
PLTR,191.12,2026-12-18,86,Put,190.00,-0.51%,18.65,18.8,18.95,1399,301,4.65,51.96%,54.84%,-0.427824,"13:47 ET"
CRWD,260.21,2026-09-25,2,Call,272.50,-4.38%,1.14,1.18,1.24,1972,424,4.65,56.00%,65.64%,0.177958,"13:47 ET"
META,751.73,2026-09-25,2,Put,745.00,-0.15%,12.7,12.8,12.9,2058,444,4.64,47.28%,73.25%,-0.418047,"13:47 ET"
PLTR,191.12,2026-09-25,2,Call,202.50,-6.03%,0.37,0.39,0.39,7883,1698,4.64,51.96%,58.64%,0.098649,"13:45 ET"
META,751.73,2026-09-25,2,Call,737.50,+1.15%,24.8,23.55,25.05,1983,428,4.63,47.28%,74.89%,0.650471,"13:45 ET"
AMZN,248.54,2026-09-25,2,Call,210.00,+15.32%,38.35,38.05,39.2,522,113,4.62,32.77%,100.71%,0.989463,"13:04 ET"
HUT,104.36,2026-11-20,58,Put,90.00,-13.90%,7.85,7.9,8.55,1535,332,4.62,91.81%,94.26%,-0.275954,"12:21 ET"
LLY,1150.91,2026-11-20,58,Call,"1,240.00",-7.97%,37.35,37.75,38.85,573,126,4.55,34.04%,37.98%,0.351415,"13:26 ET"
AMZN,248.54,2026-09-23,0,Call,240.00,+3.22%,8.4,8.5,8.85,540,119,4.54,32.77%,23.39%,0.99831,"13:43 ET"
META,751.73,2026-09-28,5,Put,747.50,+0.19%,15.85,16.5,16,567,125,4.54,47.28%,52.32%,-0.444821,"13:44 ET"
SNDK,1822.99,2026-09-25,2,Put,"1,860.00",+2.40%,59.4,62,62.1,595,131,4.54,74.17%,72.54%,-0.636582,"13:38 ET"
GOOGL,338.84,2026-10-02,9,Call,352.50,-4.22%,2.35,2.33,2.49,2582,571,4.52,33.48%,33.08%,0.23943,"13:42 ET"
GME,24.53,2026-10-02,9,Put,24.00,-1.88%,0.49,0.56,0.61,1336,296,4.51,53.80%,51.96%,-0.377197,"13:34 ET"
DOCU,68.71,2026-10-02,9,Call,69.00,-0.41%,1.82,1.83,2.17,504,112,4.5,45.34%,49.58%,0.494053,"11:23 ET"
VKTX,41.66,2026-09-25,2,Put,39.00,-2.99%,0.27,0.73,0.81,1558,347,4.49,77.24%,130.66%,-0.22149,"13:39 ET"
AMD,614.57,2026-09-23,0,Call,610.00,+0.27%,4.8,5.15,5.1,6274,1396,4.49,53.75%,15.24%,0.823552,"13:46 ET"
GOOG,335.27,2026-10-09,16,Call,335.00,-0.10%,9.15,9.25,9.45,641,143,4.48,33.02%,31.53%,0.530115,"13:43 ET"
APP,310.27,2026-10-02,9,Put,285.00,-8.13%,1.9,2.09,2.35,1273,284,4.48,60.96%,54.67%,-0.148519,"13:44 ET"
IONQ,42.95,2026-09-25,2,Call,44.50,-4.24%,0.59,0.56,0.7,2022,452,4.47,74.98%,97.94%,0.328052,"13:43 ET"
TSLA,379.59,2026-09-28,5,Call,385.00,-1.63%,4,3.99,4.1,3161,707,4.47,41.36%,35.72%,0.376651,"13:46 ET"
TSLA,379.59,2026-09-23,0,Call,370.00,+2.33%,9.5,9.7,9.75,8629,1936,4.46,41.36%,30.27%,0.947195,"13:46 ET"
TSLA,379.59,2026-10-02,9,Put,382.50,+0.97%,11.65,12,11.85,633,143,4.43,41.36%,43.26%,-0.529401,"13:38 ET"
TSLA,379.59,2026-09-25,2,Call,392.50,-3.61%,1.13,1.14,1.15,12480,2815,4.43,41.36%,46.25%,0.167406,"13:47 ET"
GOOGL,338.84,2026-10-02,9,Call,360.00,-6.44%,1.3,1.32,1.33,14025,3167,4.43,33.48%,34.48%,0.143176,"13:46 ET"
MCD,237,2026-10-02,9,Put,235.00,-0.64%,2.49,2.58,2.63,586,133,4.41,23.27%,23.28%,-0.404264,"13:44 ET"
BABA,111.08,2026-10-30,37,Call,125.00,-12.69%,1.64,1.74,1.89,591,134,4.41,41.05%,43.45%,0.215004,"13:46 ET"
CIEN,357.84,2026-10-09,16,Put,350.00,-2.11%,14.2,16.6,18.1,1031,234,4.41,64.55%,67.60%,-0.408173,"09:50 ET"
BKNG,156.99,2027-03-19,177,Put,140.00,-10.56%,9,9.4,9.9,1214,275,4.41,42.67%,42.02%,-0.283357,"13:02 ET"
ONON,30.29,2026-10-16,23,Call,32.00,-5.54%,0.54,0.61,0.74,607,138,4.4,43.12%,41.62%,0.326343,"12:18 ET"
GOOGL,338.84,2027-04-16,205,Put,270.00,-20.17%,7.05,7.37,7.75,836,190,4.4,33.48%,35.20%,-0.143608,"12:53 ET"
MU,1072.84,2026-09-25,2,Call,"1,090.00",-2.07%,10.7,10.75,10.95,3427,779,4.4,63.04%,57.70%,0.356865,"13:47 ET"
IONQ,42.95,2026-10-02,9,Call,48.00,-12.44%,0.58,0.58,0.62,841,192,4.38,74.98%,80.07%,0.208537,"13:40 ET"
HOOD,125.24,2026-09-25,2,Put,124.00,-0.66%,1.96,2.04,2.01,3329,760,4.38,63.21%,69.76%,-0.412246,"13:46 ET"
NVDA,225.15,2026-09-30,7,Put,225.00,+0.28%,3.4,3.72,3.45,2509,574,4.37,33.05%,28.78%,-0.478767,"13:38 ET"
LQDA,67.81,2026-10-02,9,Put,50.00,-26.01%,0.05,0.2,0.15,969,223,4.35,86.40%,102.14%,-0.023195,"12:34 ET"
AMZN,248.54,2027-04-16,205,Call,320.00,-29.04%,7.65,7.68,7.95,633,146,4.34,32.77%,35.29%,0.230636,"13:36 ET"
PG,147.84,2026-12-18,86,Put,160.00,+8.41%,13.05,13.57,14.45,611,141,4.33,19.67%,20.37%,-0.770518,"10:37 ET"
TSLA,379.59,2026-09-28,5,Call,397.50,-4.93%,1.23,1.31,1.27,831,192,4.33,41.36%,37.05%,0.149569,"13:45 ET"
CBRS,205.75,2026-09-25,2,Call,240.00,-17.19%,0.1,0.11,0.2,2063,477,4.32,74.64%,105.34%,0.025378,"13:20 ET"
META,751.73,2026-09-25,2,Put,750.00,+0.52%,15.1,15.22,15.25,7682,1779,4.32,47.28%,73.51%,-0.466786,"13:47 ET"
IONQ,42.95,2026-09-25,2,Call,43.50,-1.90%,0.92,0.95,0.98,3233,750,4.31,74.98%,93.62%,0.443899,"13:47 ET"
AMD,614.57,2026-09-28,5,Put,590.00,-3.54%,3.65,4.1,3.9,1995,464,4.3,53.75%,44.13%,-0.206144,"13:27 ET"
PLTR,191.12,2026-09-25,2,Call,190.00,+0.51%,3.8,3.83,3.9,41141,9611,4.28,51.96%,56.12%,0.573262,"13:47 ET"
W,98.84,2026-11-20,58,Put,95.00,-3.54%,8.2,8.2,9.15,624,146,4.27,62.35%,70.60%,-0.378722,"12:18 ET"
LTH,37.91,2027-01-15,114,Put,35.00,-7.60%,2.05,2.15,2.35,2500,586,4.27,46.24%,44.58%,-0.315434,"13:31 ET"
MRK,148.03,2026-10-16,23,Call,165.00,-11.90%,0.21,0.25,0.29,14746,3486,4.23,29.31%,26.99%,0.059448,"13:46 ET"
MU,1072.84,2026-09-28,5,Put,"1,070.00",+0.20%,20.8,21.19,21.35,883,209,4.22,63.04%,44.46%,-0.473222,"13:45 ET"
MSTR,163.56,2026-10-02,9,Put,175.00,+7.29%,14.5,14.7,14.7,1166,277,4.21,69.95%,72.72%,-0.70104,"13:23 ET"
AXSM,191.51,2026-10-16,23,Call,210.00,-10.82%,2.25,3,4.4,642,153,4.2,45.71%,48.92%,0.251237,"13:33 ET"
MSFT,499.31,2026-09-25,2,Call,512.50,-2.64%,0.89,0.92,1,7019,1671,4.2,27.91%,32.80%,0.151592,"13:46 ET"
GOOGL,338.84,2026-09-28,5,Put,340.00,+0.52%,4.9,5.2,5.2,586,140,4.19,33.48%,29.16%,-0.522425,"13:47 ET"
KO,88.08,2026-10-09,16,Put,87.00,-1.01%,0.8,0.9,0.91,1161,277,4.19,19.04%,18.45%,-0.360962,"12:25 ET"
TSLA,379.59,2026-09-25,2,Put,375.00,-1.01%,2.87,2.91,2.91,16149,3858,4.19,41.36%,43.25%,-0.348158,"13:46 ET"
SNDK,1822.99,2026-09-25,2,Put,"1,880.00",+3.50%,73.7,74.87,75.6,827,198,4.18,74.17%,72.67%,-0.708061,"13:47 ET"
MRNA,185.1,2026-09-25,2,Put,185.00,+0.33%,4.5,5.3,5.6,821,197,4.17,84.21%,85.15%,-0.514873,"13:31 ET"
CENX,38.94,2026-10-16,23,Call,40.00,-2.77%,1.8,2.07,2.2,1042,250,4.17,64.92%,62.32%,0.467915,"11:33 ET"
CIFR,18.88,2026-11-20,58,Put,17.00,-9.81%,1.96,2.04,2.02,2111,506,4.17,99.55%,101.48%,-0.318214,"13:32 ET"
SNDK,1822.99,2026-09-25,2,Put,"1,850.00",+1.85%,53,54,54,2608,626,4.17,74.17%,70.87%,-0.600997,"13:47 ET"
THRM,34.96,2026-10-16,23,Put,35.00,+0.55%,1.6,1.9,2.05,1020,247,4.13,47.46%,53.95%,-0.462763,"13:29 ET"
SPCX,150.17,2027-02-19,149,Put,140.00,-6.92%,13.4,13.5,13.8,2736,663,4.13,49.63%,52.05%,-0.339804,"13:23 ET"
NVO,38.24,2029-01-19,849,Call,50.00,-30.68%,6.25,6.4,6.5,523,127,4.12,32.61%,51.80%,0.421943,"13:03 ET"
GOOGL,338.84,2026-10-30,37,Put,340.00,+0.52%,15.25,15.75,16.1,1247,303,4.12,33.48%,36.49%,-0.477707,"13:41 ET"
PTON,4.82,2027-04-16,205,Call,7.00,-45.23%,0.31,0.4,0.38,1660,403,4.12,54.63%,62.38%,0.301927,"11:31 ET"
META,751.73,2026-09-25,2,Call,780.00,-4.54%,7.1,7.04,7.25,7304,1772,4.12,47.28%,78.14%,0.275629,"13:47 ET"
DELL,549.03,2026-09-25,2,Call,565.00,-3.04%,4.95,5.44,5.25,1316,322,4.09,61.36%,67.68%,0.299718,"13:45 ET"
AMD,614.57,2026-09-23,0,Put,612.50,+0.14%,1.03,1.05,1.11,13202,3228,4.09,53.75%,14.92%,-0.337438,"13:47 ET"
NVO,38.24,2026-10-02,9,Put,38.50,+0.63%,0.82,0.85,0.87,583,143,4.08,32.61%,28.58%,-0.558654,"13:39 ET"
ARM,331.8,2026-09-25,2,Put,330.00,-0.03%,6.85,7.3,7.55,661,162,4.08,73.98%,82.64%,-0.452338,"13:45 ET"
META,751.73,2026-09-30,7,Call,760.00,-1.86%,18.65,17.98,18.85,1110,272,4.08,47.28%,53.24%,0.462239,"13:45 ET"
GME,24.53,2026-10-16,23,Call,25.50,-4.25%,1.02,1.05,1.08,622,153,4.07,53.80%,59.64%,0.424475,"13:46 ET"
VKTX,41.66,2026-09-25,2,Put,36.00,-10.45%,0.05,0.17,0.2,652,161,4.05,77.24%,137.77%,-0.064563,"13:48 ET"
PLTR,191.12,2026-10-02,9,Call,205.00,-7.34%,1.61,1.65,1.7,4182,1032,4.05,51.96%,50.17%,0.203252,"13:46 ET"
DVN,48.49,2026-10-09,16,Call,52.00,-7.39%,0.34,0.36,0.45,715,177,4.04,37.13%,37.12%,0.195777,"12:59 ET"
AMD,614.57,2026-10-02,9,Put,572.50,-6.40%,4.85,5.4,5.05,512,127,4.03,53.75%,51.48%,-0.177567,"13:30 ET"
ONDS,7.6,2026-10-09,16,Call,7.50,+1.70%,0.47,0.51,0.52,4348,1079,4.03,73.78%,69.38%,0.569375,"13:19 ET"
QS,4.97,2026-10-02,9,Call,5.00,-0.60%,0.18,0.18,0.22,849,211,4.02,69.01%,67.31%,0.505538,"13:33 ET"
SNAP,5.29,2027-04-16,205,Put,4.00,-24.24%,0.34,0.37,0.39,1737,432,4.02,63.34%,65.58%,-0.196619,"13:21 ET"
INTU,287.68,2026-09-25,2,Put,280.00,-2.74%,1.35,1.61,1.8,1910,475,4.02,47.59%,52.45%,-0.236052,"13:32 ET"
AMD,614.57,2026-09-23,0,Put,615.00,+0.55%,2.14,2.12,2.2,13583,3382,4.02,53.75%,14.89%,-0.54275,"13:47 ET"
AKAM,115.62,2026-11-20,58,Put,110.00,-4.68%,8.6,8.65,9,891,223,4,58.03%,65.44%,-0.365739,"11:29 ET"
INTC,120.62,2026-10-23,30,Call,155.00,-29.03%,1.94,2,2.08,932,233,4,66.81%,77.51%,0.157482,"13:26 ET"
AMD,614.57,2026-11-20,58,Call,690.00,-12.81%,31.05,31.3,31.55,1344,336,4,53.75%,58.66%,0.361636,"13:46 ET"
MU,1072.84,2026-09-28,5,Put,"1,050.00",-1.67%,12.2,12.25,12.85,926,234,3.96,63.04%,44.23%,-0.332775,"13:43 ET"
NEXA,12.61,2026-10-16,23,Put,12.50,-0.64%,0.5,0.7,0.7,1545,390,3.96,64.96%,52.23%,-0.445911,"11:54 ET"
ZVRA,11.23,2027-12-17,450,Put,10.00,-10.63%,1.9,2.22,2.6,3080,778,3.96,71.98%,66.64%,-0.284183,"11:08 ET"
GOOGL,338.84,2026-09-25,2,Call,340.00,-0.52%,3.3,3.35,3.4,5644,1426,3.96,33.48%,37.77%,0.46747,"13:47 ET"
TSLA,379.59,2026-09-25,2,Call,385.00,-1.63%,2.82,2.83,2.83,43232,10915,3.96,41.36%,45.19%,0.340497,"13:47 ET"
BAC,55.92,2026-10-02,9,Call,57.00,-2.02%,0.38,0.42,0.44,2227,564,3.95,27.51%,23.85%,0.31075,"13:46 ET"
Z,29,2026-10-16,23,Call,30.00,-3.41%,1.15,1.1,1.25,866,220,3.94,56.48%,54.30%,0.43992,"13:40 ET"
META,751.73,2026-09-25,2,Put,740.00,-0.82%,10.6,10.77,10.75,7113,1808,3.93,47.28%,73.02%,-0.369926,"13:47 ET"
PLTR,191.12,2026-10-02,9,Put,180.00,-5.75%,1.67,1.7,1.76,2643,675,3.92,51.96%,48.98%,-0.201049,"13:45 ET"
META,751.73,2026-09-25,2,Call,755.00,-1.19%,15.45,15.55,15.55,6570,1674,3.92,47.28%,75.54%,0.485758,"13:47 ET"
AMZN,248.54,2026-09-25,2,Put,265.00,+6.86%,16.15,16.92,16.8,2217,567,3.91,32.77%,50.35%,-0.955736,"13:20 ET"
PLTR,191.12,2027-12-17,450,Call,370.00,-93.74%,15.7,15.95,16.35,624,160,3.9,51.96%,59.60%,0.277358,"13:04 ET"
META,751.73,2026-10-02,9,Put,760.00,+1.86%,28.15,29.27,29.1,525,135,3.89,47.28%,52.44%,-0.530599,"13:42 ET"
AMZN,248.54,2026-09-28,5,Call,250.00,-0.81%,2.47,2.51,2.54,998,258,3.87,32.77%,26.40%,0.443631,"13:47 ET"
MSFT,499.31,2026-09-28,5,Call,510.00,-2.14%,2.03,2.1,2.2,2461,636,3.87,27.91%,24.82%,0.248307,"13:43 ET"
INTR,5.36,2027-04-16,205,Put,5.00,-6.37%,0.55,0.6,0.7,4680,1215,3.85,74.07%,49.30%,-0.362312,"11:34 ET"
RGTI,16.2,2026-09-25,2,Put,17.50,+8.29%,1.21,1.39,1.48,541,141,3.84,74.38%,81.08%,-0.895615,"12:25 ET"
MSFT,499.31,2026-09-25,2,Call,505.00,-1.14%,2.47,2.53,2.54,16990,4425,3.84,27.91%,31.59%,0.330119,"13:47 ET"
LOW,193.12,2027-09-17,359,Call,240.00,-24.43%,8.5,9.3,11.1,500,131,3.82,29.13%,31.04%,0.300212,"12:37 ET"
CVX,206.02,2026-09-25,2,Put,207.50,+0.87%,2.5,2.9,3.1,1193,312,3.82,27.40%,31.38%,-0.623534,"13:33 ET"
AAPL,337.24,2026-09-30,7,Call,340.00,-0.91%,3.05,3.11,3.25,2153,564,3.82,23.88%,22.87%,0.414529,"13:46 ET"
GOOGL,338.84,2026-10-02,9,Call,350.00,-3.48%,2.9,3,3.05,5724,1499,3.82,33.48%,32.77%,0.281945,"13:46 ET"
AMZN,248.54,2029-01-19,849,Call,380.00,-53.24%,28.5,28.82,29.2,1048,275,3.81,32.77%,37.40%,0.3872,"13:29 ET"
IONQ,42.95,2026-10-09,16,Call,43.00,-0.73%,2.54,2.73,2.79,1117,294,3.8,74.98%,73.90%,0.532828,"13:19 ET"
GOOGL,338.84,2026-09-23,0,Put,345.00,+2.00%,5.6,6.24,6.4,12140,3193,3.8,33.48%,18.64%,-0.966774,"13:45 ET"
IEP,7.09,2026-12-18,86,Call,6.00,+15.13%,1.05,1.1,1.15,546,144,3.79,32.91%,41.13%,0.899554,"13:37 ET"
TSLA,379.59,2026-10-09,16,Put,380.00,+0.31%,12.7,12.8,12.85,1218,324,3.76,41.36%,40.29%,-0.484157,"13:47 ET"
MRNA,185.1,2026-09-25,2,Put,165.00,-10.52%,0.22,0.27,0.32,2320,619,3.75,84.21%,92.34%,-0.049993,"13:45 ET"
GOOG,335.27,2026-09-25,2,Put,337.50,+0.84%,4.55,4.63,4.75,3743,1002,3.74,33.02%,35.87%,-0.58353,"13:47 ET"
AMD,614.57,2026-09-25,2,Put,602.50,-1.49%,4.8,5.02,4.95,1241,333,3.73,53.75%,54.17%,-0.303887,"13:43 ET"
INTC,120.62,2026-09-23,0,Put,121.00,+0.72%,0.65,0.65,0.7,14305,3832,3.73,66.81%,19.14%,-0.613506,"13:47 ET"
AMZN,248.54,2026-09-28,5,Put,247.50,-0.19%,2.37,2.38,2.44,1258,338,3.72,32.77%,25.90%,-0.427191,"13:46 ET"
PAYX,105.76,2026-10-16,23,Put,100.00,-5.75%,0.8,0.91,1,782,211,3.71,28.88%,28.33%,-0.205333,"13:46 ET"
META,751.73,2026-10-02,9,Call,760.00,-1.86%,21.2,20.66,21.95,1931,524,3.69,47.28%,52.84%,0.470778,"13:45 ET"
HUM,376.22,2027-01-15,114,Put,110.00,-70.80%,0,0.15,0.15,2300,623,3.69,65.37%,80.01%,-0.001384,"11:49 ET"
BE,275.12,2026-09-25,2,Put,282.50,+3.49%,11.9,12.65,12.1,500,136,3.68,79.01%,90.68%,-0.649662,"13:35 ET"
QMCO,28.57,2026-10-16,23,Call,30.00,-5.41%,2,2.24,2.5,825,224,3.68,106.34%,99.24%,0.472906,"13:44 ET"
UPS,96.83,2026-10-30,37,Put,90.00,-6.91%,1.4,1.48,1.63,598,163,3.67,28.73%,33.38%,-0.237291,"13:03 ET"
INTC,120.62,2026-09-30,7,Put,120.00,-0.11%,3.65,3.99,3.8,1824,498,3.66,66.81%,61.24%,-0.455756,"13:26 ET"
META,751.73,2026-09-30,7,Call,745.00,+0.15%,25.75,25.4,26.05,577,158,3.65,47.28%,52.89%,0.569972,"13:46 ET"
IONQ,42.95,2026-10-16,23,Call,46.00,-7.75%,1.96,2.05,2.1,542,149,3.64,74.98%,74.07%,0.396694,"13:46 ET"
ABSI,9.65,2027-01-15,114,Call,7.00,+27.69%,3.4,4.18,4.8,2385,655,3.64,90.54%,140.83%,0.792405,"11:49 ET"
CSCO,106.34,2026-10-02,9,Put,103.00,-3.10%,0.8,0.87,0.91,1176,324,3.63,33.84%,32.43%,-0.256024,"13:39 ET"
INOD,72.31,2026-10-02,9,Call,85.00,-20.33%,1.05,1.32,1.6,934,258,3.62,97.57%,112.20%,0.201885,"12:56 ET"
RGTI,16.2,2026-10-02,9,Put,16.00,-0.99%,0.6,0.64,0.67,1107,307,3.61,74.38%,73.09%,-0.431708,"13:43 ET"
PBR,21.18,2026-11-20,58,Put,22.00,+4.12%,2.04,2.13,2.13,4504,1247,3.61,49.56%,48.79%,-0.535242,"13:12 ET"
MU,1072.84,2026-09-28,5,Call,"1,075.00",-0.67%,21.5,21.81,22.1,662,184,3.6,63.04%,46.06%,0.492794,"13:47 ET"
MRK,148.03,2026-10-02,9,Put,144.00,-2.34%,0.85,1,1.02,532,148,3.59,29.31%,26.71%,-0.247926,"13:36 ET"
TSLA,379.59,2026-09-25,2,Call,390.00,-2.95%,1.54,1.54,1.57,34302,9568,3.59,41.36%,45.74%,0.215665,"13:47 ET"
CRWD,260.21,2026-09-25,2,Call,267.50,-2.46%,2.12,2.15,2.24,1521,425,3.58,56.00%,64.08%,0.28901,"13:39 ET"
AMD,614.57,2026-09-25,2,Call,615.00,-0.55%,9.65,9.8,9.9,2921,816,3.58,53.75%,55.10%,0.500931,"13:47 ET"
NKE,35.85,2027-09-17,359,Put,37.50,+4.60%,6.15,6.25,6.3,5004,1400,3.57,48.00%,38.03%,-0.462335,"13:45 ET"
NEE,77.68,2028-01-21,485,Call,65.00,+16.37%,16.6,16.66,17.15,675,190,3.55,21.08%,28.56%,0.74831,"11:33 ET"
NU,13.8,2026-10-16,23,Call,15.50,-12.16%,0.14,0.16,0.16,889,251,3.54,48.17%,46.55%,0.180584,"12:33 ET"
OKTA,202.99,2026-09-25,2,Call,207.50,-2.16%,2.59,3.17,3.35,914,258,3.54,58.64%,82.07%,0.364378,"12:41 ET"
MU,1072.84,2026-09-23,0,Call,"1,065.00",+0.27%,7.95,8.45,8.7,4161,1175,3.54,63.04%,17.53%,0.764566,"13:47 ET"
AMZN,248.54,2027-09-17,359,Put,180.00,-27.41%,6.3,6.5,6.6,1014,287,3.53,32.77%,36.75%,-0.122815,"13:07 ET"
GOOG,335.27,2026-09-25,2,Call,335.00,-0.10%,3.9,3.95,4,2613,740,3.53,33.02%,37.27%,0.527559,"13:47 ET"
META,751.73,2026-09-23,0,Call,742.50,+0.48%,10.1,10.1,10.5,3557,1010,3.52,47.28%,22.16%,0.872606,"13:47 ET"
TMUS,166.52,2026-09-25,2,Call,162.50,+2.29%,4.3,4.5,5.1,3559,1011,3.52,33.99%,44.66%,0.771807,"13:36 ET"
INTC,120.62,2026-09-25,2,Call,122.00,-1.56%,1.89,1.95,1.95,5790,1643,3.52,66.81%,70.73%,0.426754,"13:47 ET"
GOOGL,338.84,2026-10-02,9,Put,332.50,-1.69%,3.6,3.94,3.9,560,160,3.5,33.48%,31.36%,-0.332114,"13:43 ET"
ERO,36.19,2026-11-20,58,Put,25.00,-30.69%,0.25,0.25,0.35,1000,286,3.5,61.20%,67.63%,-0.063448,"12:11 ET"
WDC,469.54,2026-09-25,2,Put,450.00,-4.25%,3.1,3.76,4.05,1191,340,3.5,72.15%,77.74%,-0.223322,"13:43 ET"
META,751.73,2026-11-20,58,Put,705.00,-5.51%,33.05,34,33.95,524,150,3.49,47.28%,47.80%,-0.323054,"13:21 ET"
MCD,237,2026-10-02,9,Call,250.00,-5.70%,0.36,0.38,0.47,1167,334,3.49,23.27%,25.64%,0.094451,"13:36 ET"
META,751.73,2026-09-25,2,Call,760.00,-1.86%,13.35,13.35,13.5,11312,3240,3.49,47.28%,76.11%,0.439518,"13:47 ET"
INTC,120.62,2026-09-23,0,Call,119.00,+0.94%,1.67,1.75,1.79,1813,521,3.48,66.81%,22.30%,0.883895,"13:44 ET"
PLTR,191.12,2026-09-25,2,Call,195.00,-2.10%,1.65,1.67,1.69,47367,13624,3.48,51.96%,55.85%,0.328859,"13:47 ET"
TSLA,379.59,2026-09-28,5,Call,390.00,-2.95%,2.58,2.6,2.64,3864,1118,3.46,41.36%,36.31%,0.270216,"13:47 ET"
PLTR,191.12,2026-10-02,9,Call,202.50,-6.03%,2.07,2.11,2.14,2206,639,3.45,51.96%,49.56%,0.247155,"13:46 ET"
CRM,239.35,2026-10-02,9,Call,267.50,-11.58%,0.37,0.46,0.47,1008,293,3.44,39.90%,44.25%,0.060147,"13:00 ET"
META,751.73,2026-09-25,2,Call,840.00,-12.58%,0.74,0.83,0.87,1105,321,3.44,47.28%,85.00%,0.042663,"13:47 ET"
UNH,370.4,2026-10-02,9,Put,370.00,-0.15%,5.95,6.42,6.85,1203,352,3.42,39.35%,28.96%,-0.475891,"13:35 ET"
GS,937.92,2026-10-02,9,Put,930.00,-0.77%,13.75,14.33,16,548,161,3.4,34.48%,31.51%,-0.425163,"12:58 ET"
META,751.73,2026-09-28,5,Call,755.00,-1.19%,17.5,16.93,17.75,1330,391,3.4,47.28%,53.56%,0.491586,"13:43 ET"
TSLA,379.59,2026-10-02,9,Put,380.00,+0.31%,10.35,10.5,10.45,3685,1083,3.4,41.36%,43.22%,-0.490819,"13:45 ET"
NVO,38.24,2026-09-25,2,Call,39.00,-1.93%,0.14,0.15,0.16,1262,372,3.39,32.61%,37.39%,0.242979,"13:43 ET"
AVGO,354.69,2027-03-19,177,Call,700.00,-97.42%,1.86,1.96,2.04,1638,483,3.39,36.52%,50.45%,0.043204,"13:45 ET"
META,751.73,2026-09-25,2,Call,747.50,-0.19%,19.1,19.1,19.3,2986,881,3.39,47.28%,75.35%,0.556884,"13:47 ET"
IONQ,42.95,2026-09-25,2,Call,44.00,-3.07%,0.73,0.75,0.81,4156,1226,3.39,74.98%,94.64%,0.381336,"13:47 ET"
P,108.57,2027-01-15,114,Call,150.00,-38.38%,5.4,5.9,5.9,1206,357,3.38,66.50%,68.65%,0.267117,"11:38 ET"
PLTR,191.12,2026-10-02,9,Put,185.00,-3.13%,3,3.15,3.15,2725,806,3.38,51.96%,48.55%,-0.313911,"13:46 ET"
SNDK,1822.99,2026-09-25,2,Put,"1,800.00",-0.91%,27,26.8,28.4,2523,748,3.37,74.17%,71.15%,-0.395129,"13:47 ET"
META,751.73,2026-10-16,23,Call,860.00,-15.26%,7.15,6.6,7.25,4262,1263,3.37,47.28%,49.09%,0.156624,"13:39 ET"
GOOGL,338.84,2026-09-25,2,Put,337.50,-0.22%,2.82,2.87,2.95,4315,1279,3.37,33.48%,36.27%,-0.425566,"13:46 ET"
META,751.73,2026-10-02,9,Put,745.00,-0.15%,20.15,21.75,21.1,669,199,3.36,47.28%,51.84%,-0.433727,"13:40 ET"
META,751.73,2026-09-25,2,Put,730.00,-2.16%,7.15,7.25,7.25,5380,1600,3.36,47.28%,72.81%,-0.279135,"13:47 ET"
CRWV,87.71,2027-03-19,177,Call,145.00,-65.05%,6.25,6.4,6.5,3129,936,3.34,76.01%,79.51%,0.27541,"13:44 ET"
VKTX,41.66,2026-09-25,2,Call,40.50,-0.75%,1.55,2.03,2.76,609,183,3.33,77.24%,115.69%,0.660607,"13:46 ET"
SBET,9.82,2026-09-25,2,Put,10.00,+1.83%,0.33,0.35,0.41,739,222,3.33,83.98%,97.94%,-0.5703,"13:19 ET"
META,751.73,2026-09-25,2,Put,737.50,-1.15%,9.65,9.9,9.8,911,276,3.3,47.28%,73.00%,-0.346505,"13:46 ET"
CRWD,260.21,2026-10-02,9,Call,255.00,+2.33%,11.9,11.9,12.35,1179,358,3.29,56.00%,56.83%,0.610447,"13:40 ET"
AAPL,337.24,2026-09-28,5,Put,315.00,-6.51%,0.08,0.1,0.1,541,165,3.28,23.88%,29.14%,-0.02093,"13:13 ET"
ORCL,146.22,2026-10-02,9,Put,147.00,+0.34%,4.6,4.6,4.75,659,201,3.28,50.69%,48.75%,-0.498626,"13:45 ET"
BB,8.39,2026-11-20,58,Call,10.00,-19.47%,0.47,0.49,0.51,1347,411,3.28,81.49%,75.89%,0.339591,"13:47 ET"
TTD,12.63,2026-10-02,9,Call,12.50,+1.19%,0.49,0.52,0.53,567,174,3.26,62.94%,55.04%,0.57059,"13:47 ET"
CRWD,260.21,2026-09-25,2,Call,277.50,-6.29%,0.59,0.67,0.67,1192,366,3.26,56.00%,67.48%,0.103716,"13:44 ET"
HBAN,15.57,2026-11-20,58,Put,15.00,-3.91%,0.4,0.45,0.5,1026,316,3.25,28.34%,28.78%,-0.350143,"12:21 ET"
GOOGL,338.84,2026-09-25,2,Put,335.00,-0.95%,1.92,1.96,2.01,6631,2052,3.23,33.48%,36.68%,-0.322769,"13:47 ET"
CM,112.74,2026-10-16,23,Call,115.00,-2.06%,1.15,1.14,1.3,595,185,3.22,22.15%,18.85%,0.349971,"13:04 ET"
RIO,95.33,2026-12-18,86,Call,97.50,-2.44%,4.7,5.05,5.1,598,186,3.22,29.14%,35.00%,0.447159,"12:51 ET"
TTD,12.63,2026-10-16,23,Put,12.00,-5.14%,0.37,0.38,0.39,1006,312,3.22,62.94%,53.44%,-0.320652,"13:40 ET"
FISV,46.07,2028-01-21,485,Put,55.00,+19.25%,13.6,14.1,14,2002,621,3.22,42.61%,44.62%,-0.523702,"11:59 ET"
GOOGL,338.84,2026-09-30,7,Call,352.50,-4.22%,1.54,1.6,1.89,572,179,3.2,33.48%,32.57%,0.204074,"13:17 ET"
POET,7.95,2026-10-09,16,Call,9.00,-13.21%,0.2,0.22,0.23,1008,315,3.2,83.19%,85.06%,0.271157,"13:27 ET"
TSLA,379.59,2026-09-28,5,Call,400.00,-5.59%,0.96,0.99,0.99,5550,1737,3.2,41.36%,37.46%,0.121087,"13:47 ET"
ENTG,151.52,2026-10-16,23,Call,160.00,-6.70%,5.5,5.68,6.2,2216,694,3.19,65.73%,60.46%,0.392068,"13:42 ET"
SNDK,1822.99,2026-09-25,2,Call,"2,370.00",-30.47%,0.1,0.15,0.3,502,158,3.18,74.17%,130.37%,0.003787,"13:29 ET"
SNDK,1822.99,2026-09-25,2,Call,"1,820.00",-0.19%,41.1,41.73,42.3,705,222,3.18,74.17%,74.81%,0.522555,"13:47 ET"
FSLY,26.52,2026-10-02,9,Call,30.00,-13.90%,0.5,0.7,0.8,1356,426,3.18,95.35%,107.68%,0.260532,"13:47 ET"
GOOGL,338.84,2026-09-28,5,Call,350.00,-3.48%,1.31,1.35,1.45,1378,434,3.18,33.48%,31.38%,0.201534,"13:44 ET"
AMD,614.57,2026-10-02,9,Put,580.00,-5.17%,6.35,7,6.6,1458,458,3.18,53.75%,50.97%,-0.220539,"13:30 ET"
AXTI,74.9,2026-10-30,37,Call,72.00,+3.78%,12.3,14,13.8,2854,897,3.18,107.33%,123.12%,0.620424,"10:02 ET"
SHOP,142.61,2026-10-09,16,Call,145.00,-1.92%,4.8,4.7,5.8,570,180,3.17,56.44%,53.39%,0.464308,"12:23 ET"
META,751.73,2026-09-25,2,Call,830.00,-11.24%,1.21,1.17,1.22,2582,814,3.17,47.28%,84.29%,0.061311,"13:46 ET"
MU,1072.84,2026-09-25,2,Call,"1,080.00",-1.13%,14.3,14.5,14.85,6314,1990,3.17,63.04%,57.49%,0.439703,"13:46 ET"
SNDK,1822.99,2026-09-25,2,Put,"1,820.00",+0.19%,36.2,37.23,37.5,775,245,3.16,74.17%,71.17%,-0.477662,"13:46 ET"
JD,27.14,2026-09-25,2,Call,27.50,-1.51%,0.14,0.15,0.15,3428,1089,3.15,32.80%,36.55%,0.311597,"13:47 ET"
PTON,4.82,2028-01-21,485,Call,7.00,-45.23%,0.83,0.85,0.93,15812,5021,3.15,54.63%,63.87%,0.473336,"13:40 ET"
PEP,129.78,2026-10-16,23,Call,137.00,-5.72%,0.99,1.14,1.16,617,197,3.13,25.44%,26.99%,0.219999,"12:43 ET"
U,43.29,2026-10-16,23,Call,43.00,+0.92%,2.45,2.49,2.65,1023,327,3.13,61.00%,55.79%,0.546905,"13:51 ET"
INTC,120.62,2026-09-25,2,Call,124.00,-3.22%,1.21,1.18,1.27,4714,1504,3.13,66.81%,71.22%,0.311542,"13:40 ET"
DKNG,20.92,2026-10-02,9,Call,22.00,-5.11%,0.29,0.33,0.37,1783,571,3.12,58.25%,55.31%,0.299486,"13:32 ET"
AAPL,337.24,2026-09-25,2,Put,337.50,+0.16%,2.6,2.68,2.73,5937,1903,3.12,23.88%,26.01%,-0.505435,"13:47 ET"
WFC,82.4,2026-10-16,23,Put,75.00,-9.01%,0.44,0.43,0.5,11313,3630,3.12,31.04%,34.42%,-0.12746,"13:46 ET"
AMZN,248.54,2027-04-16,205,Call,380.00,-53.24%,2.39,2.42,2.49,1047,337,3.11,32.77%,35.96%,0.087629,"13:34 ET"
AAPL,337.24,2026-09-30,7,Call,347.50,-3.13%,0.89,1.02,1.14,602,194,3.1,23.88%,22.60%,0.179827,"13:47 ET"
MSFT,499.31,2026-10-16,23,Call,580.00,-16.16%,0.25,0.28,0.28,8535,2756,3.1,27.91%,28.29%,0.020715,"13:38 ET"
META,751.73,2026-09-28,5,Call,750.00,-0.52%,19.85,19.5,20.1,1994,645,3.09,47.28%,53.31%,0.533881,"13:47 ET"
MU,1072.84,2026-09-25,2,Call,"1,075.00",-0.67%,16.45,16.66,16.95,3365,1090,3.09,63.04%,57.18%,0.482806,"13:47 ET"
NCLH,14.09,2026-09-25,2,Call,14.00,+0.36%,0.27,0.3,0.33,957,311,3.08,52.50%,61.19%,0.563833,"13:46 ET"
HOOD,125.24,2026-09-25,2,Call,127.00,-1.75%,1.86,1.9,1.9,10856,3524,3.08,63.21%,71.38%,0.407502,"13:47 ET"
HOOD,125.24,2026-10-02,9,Call,126.00,-0.95%,4.65,4.7,4.75,1359,443,3.07,63.21%,63.81%,0.499459,"13:44 ET"
AMZN,248.54,2026-09-25,2,Call,250.00,-0.81%,1.86,1.89,1.89,12349,4029,3.07,32.77%,33.48%,0.422428,"13:47 ET"
GIS,35.39,2027-06-17,267,Put,35.00,-1.05%,3.4,3.6,3.8,1020,333,3.06,33.12%,30.03%,-0.439755,"13:36 ET"
MU,1072.84,2026-10-09,16,Call,"1,210.00",-13.31%,20.15,20.2,20.85,504,166,3.04,63.04%,71.54%,0.234535,"13:41 ET"
META,751.73,2026-09-25,2,Put,732.50,-1.82%,7.9,8.2,8.05,650,214,3.04,47.28%,72.82%,-0.300894,"13:46 ET"
META,751.73,2026-10-16,23,Call,900.00,-20.63%,3.75,3.75,3.85,13380,4415,3.03,47.28%,50.41%,0.090454,"13:47 ET"
GOOG,335.27,2026-09-25,2,Call,340.00,-1.59%,1.93,1.95,1.97,7120,2356,3.02,33.02%,37.88%,0.322768,"13:47 ET"
SNAP,5.29,2026-10-30,37,Put,5.00,-5.30%,0.24,0.25,0.28,686,228,3.01,63.34%,60.86%,-0.341395,"13:15 ET"
HOOD,125.24,2026-09-25,2,Put,123.00,-1.46%,1.57,1.6,1.61,2438,810,3.01,63.21%,69.97%,-0.352815,"13:46 ET"
FLNC,7.61,2027-01-15,114,Call,10.00,-32.45%,0.9,0.86,0.95,10263,3424,3,81.77%,96.15%,0.413981,"13:30 ET"
ROOT,47.08,2026-10-16,23,Call,55.00,-16.77%,0.45,0.58,0.7,503,168,2.99,65.19%,58.62%,0.166628,"13:47 ET"
CRM,239.35,2026-10-02,9,Call,250.00,-4.28%,2.35,2.55,2.57,1869,626,2.99,39.90%,41.55%,0.266983,"13:39 ET"
W,98.84,2026-10-16,23,Put,95.00,-3.54%,3.5,4.15,4.2,641,215,2.98,62.35%,59.37%,-0.354388,"13:14 ET"
AMZN,248.54,2026-09-28,5,Call,255.00,-2.83%,0.93,1.02,1.02,3381,1134,2.98,32.77%,26.83%,0.220732,"13:47 ET"
PLTR,191.12,2026-10-02,9,Put,172.50,-9.68%,0.66,0.69,0.71,3740,1254,2.98,51.96%,51.46%,-0.092044,"13:39 ET"
PTON,4.82,2027-04-16,205,Call,5.00,-3.73%,0.82,0.83,0.87,4729,1593,2.97,54.63%,61.31%,0.577868,"13:26 ET"
RIG,5.49,2026-10-02,9,Call,5.50,-0.18%,0.15,0.16,0.18,575,194,2.96,50.05%,52.03%,0.491084,"13:45 ET"
GOOG,335.27,2026-10-02,9,Put,342.50,+2.34%,10.45,11.29,10.65,636,215,2.96,33.02%,31.06%,-0.652323,"13:39 ET"
ENPH,33.62,2027-06-17,267,Put,25.00,-25.44%,3,3.1,3.3,2001,676,2.96,64.66%,70.17%,-0.20354,"12:12 ET"
MU,1072.84,2026-09-25,2,Call,"1,200.00",-12.37%,0.31,0.33,0.34,17142,5782,2.96,63.04%,70.52%,0.016462,"13:46 ET"
TSLA,379.59,2026-10-02,9,Put,377.50,-0.35%,9.1,9.3,9.2,1295,439,2.95,41.36%,43.20%,-0.451976,"13:39 ET"
O,55.58,2026-11-20,58,Put,52.50,-5.47%,0.5,0.6,0.6,546,186,2.94,16.84%,19.83%,-0.212334,"13:39 ET"
MTCH,40.42,2027-01-15,114,Put,37.50,-7.09%,1.9,2,2.1,646,220,2.94,38.09%,38.50%,-0.316118,"13:31 ET"
LLY,1150.91,2026-10-02,9,Call,"1,580.00",-37.58%,0,0.21,0.38,720,245,2.94,34.04%,75.41%,0.00459,"10:44 ET"
LQDA,67.81,2026-10-02,9,Call,75.00,-10.98%,1.2,1.33,2,1685,573,2.94,86.40%,94.51%,0.277105,"12:10 ET"
TSLA,379.59,2026-10-09,16,Call,382.50,-0.97%,11.95,12.05,12.05,560,191,2.93,41.36%,41.47%,0.487908,"13:42 ET"
CRWD,260.21,2026-09-25,2,Put,252.50,-3.28%,1.85,1.85,1.96,962,328,2.93,56.00%,63.65%,-0.253291,"13:46 ET"
UPST,24.74,2026-09-25,2,Put,26.00,+4.42%,1.15,1.4,1.43,2601,888,2.93,64.01%,60.45%,-0.851277,"13:04 ET"
GOOGL,338.84,2026-11-20,58,Put,290.00,-14.26%,3.1,3.3,3.25,9161,3123,2.93,33.48%,36.90%,-0.121158,"13:40 ET"
IBRX,8.68,2026-10-16,23,Put,9.00,+3.93%,0.9,1,1.1,508,174,2.92,90.92%,95.54%,-0.508672,"13:10 ET"
PAYX,105.76,2026-10-16,23,Put,95.00,-10.46%,0.25,0.3,0.35,868,297,2.92,28.88%,30.99%,-0.078185,"13:47 ET"
TTD,12.63,2026-10-02,9,Put,12.00,-5.14%,0.16,0.16,0.18,1150,394,2.92,62.94%,53.85%,-0.254167,"13:12 ET"
AMKR,53.52,2026-10-16,23,Call,58.00,-9.39%,1.75,1.8,1.9,527,181,2.91,66.91%,65.16%,0.341547,"13:24 ET"
CRM,239.35,2026-10-02,9,Call,252.50,-5.33%,1.85,2.05,2.03,664,230,2.89,39.90%,41.88%,0.221278,"13:18 ET"
AMZN,248.54,2027-04-16,205,Put,200.00,-19.35%,6.15,6.28,6.45,1016,352,2.89,32.77%,36.34%,-0.157086,"13:04 ET"
HOOD,125.24,2026-10-02,9,Call,136.00,-8.96%,1.64,1.54,1.72,1022,354,2.89,63.21%,66.29%,0.23232,"13:28 ET"
CRWV,87.71,2026-10-23,30,Call,120.00,-36.60%,0.94,0.94,0.98,1289,447,2.88,76.01%,80.12%,0.108523,"13:46 ET"
LYFT,14.76,2026-11-20,58,Call,17.00,-14.48%,0.57,0.58,0.64,2748,953,2.88,49.42%,56.74%,0.314694,"13:34 ET"
NCLH,14.09,2027-09-17,359,Put,13.00,-7.47%,2.01,2.09,2.09,3528,1223,2.88,52.50%,52.52%,-0.320965,"13:46 ET"
MSFT,499.31,2026-09-25,2,Call,520.00,-4.14%,0.33,0.34,0.35,10328,3580,2.88,27.91%,34.66%,0.061853,"13:46 ET"
TTD,12.63,2026-09-25,2,Call,12.50,+1.19%,0.31,0.31,0.32,552,193,2.86,62.94%,64.69%,0.599661,"13:50 ET"
CRWD,260.21,2026-11-20,58,Call,350.00,-34.06%,3.65,3.9,4.1,609,213,2.86,56.00%,59.91%,0.136182,"13:34 ET"
IONQ,42.95,2026-09-25,2,Put,44.00,+3.07%,1.7,1.7,1.88,658,230,2.86,74.98%,94.06%,-0.61981,"12:57 ET"
META,751.73,2026-09-23,0,Put,770.00,+3.20%,17.55,19.1,18,661,231,2.86,47.28%,43.38%,-0.847667,"13:44 ET"
TSLA,379.59,2026-10-30,37,Call,410.00,-8.23%,10.85,10.7,11,1094,382,2.86,41.36%,45.06%,0.329329,"13:20 ET"
AMD,614.57,2026-09-28,5,Put,615.00,+0.55%,12.4,12.74,12.8,507,178,2.85,53.75%,43.38%,-0.494104,"13:44 ET"
AM,21.61,2026-10-16,23,Call,23.00,-6.63%,0.05,0.12,0.15,673,236,2.85,25.36%,23.72%,0.153175,"11:52 ET"
MU,1072.84,2026-09-28,5,Call,"1,085.00",-1.60%,17.25,17.95,17.85,1021,360,2.84,63.04%,46.31%,0.425228,"13:46 ET"
CRWD,260.21,2026-09-25,2,Put,242.50,-7.11%,0.38,0.41,0.48,1538,542,2.84,56.00%,66.86%,-0.073367,"13:45 ET"
META,751.73,2026-09-25,2,Call,795.00,-6.55%,4.25,3.95,4.4,1572,554,2.84,47.28%,79.93%,0.183213,"13:45 ET"
META,751.73,2026-10-02,9,Call,765.00,-2.53%,19.2,19.25,19.95,670,237,2.83,47.28%,53.08%,0.439868,"13:46 ET"
APLD,28.03,2026-10-02,9,Call,26.50,+5.26%,2.12,2.18,2.35,911,322,2.83,91.80%,77.99%,0.698856,"13:38 ET"
GOOGL,338.84,2026-09-23,0,Call,335.00,+0.95%,3.5,4.25,4.4,1696,599,2.83,33.48%,19.31%,0.886023,"13:46 ET"
IOVA,10.28,2026-10-02,9,Call,11.00,-8.06%,0.2,0.25,0.35,985,349,2.82,91.26%,83.85%,0.330734,"13:46 ET"
CVNA,64.21,2026-10-16,23,Put,64.00,+0.13%,3.5,3.7,3.7,1078,382,2.82,61.88%,58.85%,-0.456545,"13:36 ET"
TSLA,379.59,2026-09-28,5,Put,357.50,-5.63%,0.62,0.66,0.65,599,213,2.81,41.36%,37.50%,-0.082205,"13:20 ET"
TTD,12.63,2026-10-09,16,Put,12.00,-5.14%,0.27,0.28,0.29,616,219,2.81,62.94%,53.07%,-0.297348,"13:36 ET"
BABA,111.08,2026-10-16,23,Call,127.00,-14.50%,0.79,0.82,0.87,846,301,2.81,41.05%,46.06%,0.134489,"13:03 ET"
SNDK,1822.99,2026-09-25,2,Put,"1,830.00",+0.75%,41.1,44.95,42.8,1055,376,2.81,74.17%,71.00%,-0.519272,"13:22 ET"
SNDK,1822.99,2026-09-25,2,Call,"1,855.00",-2.12%,26.3,27,28,558,200,2.79,74.17%,75.93%,0.388821,"13:47 ET"
ACN,185.32,2026-09-25,2,Put,180.00,-2.59%,0.7,0.77,1,567,203,2.79,53.53%,50.11%,-0.213579,"12:34 ET"
AMD,614.57,2026-09-25,2,Call,607.50,+0.68%,13.75,13.95,14,887,318,2.79,53.75%,55.20%,0.618951,"13:44 ET"
TSLA,379.59,2026-09-25,2,Call,382.50,-0.97%,3.65,3.7,3.75,26591,9542,2.79,41.36%,44.86%,0.413661,"13:47 ET"
NVDA,225.15,2026-09-25,2,Put,225.00,+0.28%,2.05,2.05,2.06,30167,10853,2.78,33.05%,32.58%,-0.478871,"13:47 ET"
AMZN,248.54,2026-09-28,5,Put,245.00,-1.20%,1.48,1.49,1.52,1815,652,2.78,32.77%,26.21%,-0.303808,"13:46 ET"
MRNA,185.1,2026-09-25,2,Put,182.50,-1.03%,3.45,3.75,4.45,679,245,2.77,84.21%,87.81%,-0.430451,"13:38 ET"
SKM,35.96,2026-11-20,58,Call,45.00,-25.70%,0.6,0.7,1.1,1693,611,2.77,53.36%,58.59%,0.201073,"13:00 ET"
NVDA,225.15,2026-09-28,5,Call,232.50,-3.62%,0.53,0.54,0.54,7436,2683,2.77,33.05%,25.89%,0.15272,"13:47 ET"
AMD,614.57,2026-09-23,0,Put,622.50,+1.78%,7.75,8.28,9.1,1125,408,2.76,53.75%,21.14%,-0.882012,"13:44 ET"
TSLA,379.59,2026-09-25,2,Call,377.50,+0.35%,6.1,6.2,6.2,7634,2765,2.76,41.36%,45.37%,0.570062,"13:46 ET"
AVGO,354.69,2026-09-28,5,Put,347.50,-1.99%,1.84,1.98,2.12,515,187,2.75,36.52%,29.86%,-0.259679,"13:24 ET"
GOOG,335.27,2026-09-25,2,Call,345.00,-3.08%,0.89,0.93,0.94,5029,1826,2.75,33.02%,39.67%,0.174863,"13:47 ET"
GOOG,335.27,2026-09-25,2,Put,322.50,-3.64%,0.35,0.39,0.38,1823,666,2.74,33.02%,38.81%,-0.082158,"13:42 ET"
DELL,549.03,2026-09-25,2,Call,560.00,-2.13%,6.45,6.5,6.75,2685,980,2.74,61.36%,67.24%,0.363038,"13:47 ET"
GOOGL,338.84,2026-09-25,2,Call,350.00,-3.48%,0.76,0.8,0.8,16534,6033,2.74,33.48%,40.63%,0.149702,"13:47 ET"
PEP,129.78,2026-10-02,9,Put,130.00,+0.32%,1.63,1.67,1.8,1174,430,2.73,25.44%,19.64%,-0.516338,"13:47 ET"
GOOGL,338.84,2026-09-28,5,Call,360.00,-6.44%,0.41,0.46,0.47,2089,764,2.73,33.48%,34.54%,0.073123,"13:47 ET"
META,751.73,2026-09-25,2,Call,815.00,-9.23%,2.1,2.11,2.13,2172,796,2.73,47.28%,82.36%,0.099875,"13:47 ET"
RKLB,70.87,2026-09-25,2,Put,72.00,+1.49%,2.17,2.32,2.26,1162,427,2.72,71.44%,75.00%,-0.602403,"13:40 ET"
PLTR,191.12,2026-10-02,9,Call,197.50,-3.41%,3.35,3.48,3.6,2263,831,2.72,51.96%,49.54%,0.358545,"13:45 ET"
HOOD,125.24,2026-09-25,2,Call,128.00,-2.55%,1.52,1.53,1.56,3475,1277,2.72,63.21%,71.93%,0.352312,"13:44 ET"
DELL,549.03,2026-09-25,2,Call,567.50,-3.49%,4.3,4.71,4.6,1004,370,2.71,61.36%,67.82%,0.270294,"13:42 ET"
MSTR,163.56,2026-10-30,37,Put,160.00,-1.91%,11.9,12.1,12.2,1280,472,2.71,69.95%,68.49%,-0.410911,"13:45 ET"
BAC,55.92,2026-10-16,23,Put,56.00,+0.23%,1.55,1.6,1.58,1832,677,2.71,27.51%,27.49%,-0.491993,"13:42 ET"
MU,1072.84,2026-09-25,2,Call,"1,110.00",-3.94%,5.6,5.8,5.8,2420,894,2.71,63.04%,58.72%,0.218251,"13:45 ET"
META,751.73,2026-09-23,0,Call,740.00,+0.82%,12.4,12.63,12.85,7562,2787,2.71,47.28%,23.51%,0.911438,"13:47 ET"
GOOGL,338.84,2026-09-28,5,Call,362.50,-7.18%,0.31,0.39,0.38,794,294,2.7,33.48%,35.64%,0.057877,"13:16 ET"
IONQ,42.95,2026-10-02,9,Put,40.00,-6.30%,0.75,0.82,0.88,1482,549,2.7,74.98%,75.53%,-0.251766,"13:47 ET"
MU,1072.84,2026-09-25,2,Call,"1,095.00",-2.54%,9.15,9.5,9.4,1893,701,2.7,63.04%,57.90%,0.318396,"13:46 ET"
VG,13.47,2027-02-19,149,Call,17.50,-29.44%,0.85,0.96,1.05,1024,380,2.69,61.50%,61.69%,0.331181,"12:30 ET"
COHR,301.33,2026-11-20,58,Call,300.00,+0.48%,39,38,40.7,1312,488,2.69,76.73%,80.51%,0.576854,"13:10 ET"
TSLA,379.59,2026-09-28,5,Call,382.50,-0.97%,4.95,5,5.1,1907,708,2.69,41.36%,35.71%,0.43705,"13:46 ET"
PURR,13.77,2026-12-18,86,Call,20.00,-46.20%,1.2,1.25,1.3,20231,7510,2.69,100.75%,109.29%,0.335797,"13:44 ET"
MSFT,499.31,2026-10-02,9,Call,532.50,-6.65%,0.72,0.8,0.85,573,215,2.67,27.91%,28.11%,0.0799,"13:06 ET"
AVGO,354.69,2026-09-28,5,Call,360.00,-1.53%,2.95,3.05,3.15,779,292,2.67,36.52%,30.50%,0.360361,"13:45 ET"
TMUS,166.52,2026-10-02,9,Call,162.50,+2.29%,5.7,6,6.3,2249,841,2.67,33.99%,35.56%,0.678077,"13:39 ET"
MCD,237,2026-10-16,23,Call,250.00,-5.70%,1.44,1.4,1.5,3528,1321,2.67,23.27%,23.80%,0.193048,"13:44 ET"
META,751.73,2026-09-25,2,Call,825.00,-10.57%,1.45,1.49,1.48,3592,1344,2.67,47.28%,83.66%,0.072374,"13:47 ET"
MSFT,499.31,2026-09-25,2,Call,510.00,-2.14%,1.3,1.3,1.39,19668,7395,2.66,27.91%,32.55%,0.201888,"13:47 ET"
CMCSA,22.83,2026-10-23,30,Put,23.00,+0.97%,1.18,1.32,1.24,567,214,2.65,33.35%,42.52%,-0.501347,"13:03 ET"
NVDA,225.15,2026-09-28,5,Put,227.50,+1.40%,3.9,4.02,4,2462,929,2.65,33.05%,25.48%,-0.62455,"13:44 ET"
PATH,13.06,2026-12-18,86,Put,10.00,-23.66%,0.37,0.39,0.4,1731,655,2.64,56.80%,65.57%,-0.153101,"12:44 ET"
MCD,237,2026-09-25,2,Put,240.00,+1.48%,3.8,4.09,4.25,2263,857,2.64,23.27%,30.26%,-0.715024,"13:45 ET"
ADBE,240.16,2027-02-19,149,Call,280.00,-16.56%,13.25,14.28,14.5,555,211,2.63,40.15%,42.98%,0.357811,"11:08 ET"
IBM,235.05,2026-10-02,9,Call,250.00,-6.37%,1,1.05,1.1,2153,819,2.63,37.45%,37.00%,0.151804,"13:42 ET"
DELL,549.03,2026-09-25,2,Call,570.00,-3.95%,3.75,4,4,2535,965,2.63,61.36%,68.02%,0.242811,"13:45 ET"
META,751.73,2026-09-25,2,Put,712.50,-4.50%,3.25,3.36,3.3,581,222,2.62,47.28%,73.14%,-0.151199,"13:46 ET"
INTC,120.62,2026-09-28,5,Call,127.00,-5.72%,1.01,1.06,1.1,1234,471,2.62,66.81%,56.94%,0.232364,"13:43 ET"
QUBT,9.35,2026-10-02,9,Call,10.50,-12.78%,0.09,0.11,0.11,946,362,2.61,72.13%,74.88%,0.177554,"13:44 ET"
NVDA,225.15,2026-09-28,5,Call,240.00,-6.97%,0.09,0.1,0.1,3004,1149,2.61,33.05%,28.96%,0.032187,"13:46 ET"
INTC,120.62,2026-10-16,23,Put,121.00,+0.72%,7.75,7.8,7.9,583,224,2.6,66.81%,64.21%,-0.471315,"13:43 ET"
COIN,199.26,2026-09-25,2,Put,197.50,-0.82%,3.1,3.2,3.4,950,366,2.6,65.23%,71.12%,-0.414435,"13:46 ET"
TSLA,379.59,2026-10-16,23,Call,382.50,-0.97%,14.3,14.29,14.5,1159,446,2.6,41.36%,40.59%,0.497982,"13:41 ET"
AMD,614.57,2026-09-23,0,Call,605.00,+1.09%,8.75,8,9.95,1141,441,2.59,53.75%,11.57%,0.995194,"13:42 ET"
NBIS,231.89,2027-04-16,205,Put,165.00,-28.60%,21.8,22.3,22.95,1330,514,2.59,83.23%,86.94%,-0.190839,"13:43 ET"
MU,1072.84,2026-09-28,5,Call,"1,070.00",-0.20%,23.85,24.47,24.45,1169,453,2.58,63.04%,45.88%,0.527298,"13:46 ET"
PEP,129.78,2026-10-02,9,Put,129.00,-0.46%,1.17,1.26,1.32,1177,456,2.58,25.44%,19.76%,-0.417546,"13:47 ET"
AVGO,354.69,2026-09-25,2,Put,352.50,-0.58%,2.58,2.45,2.64,1631,632,2.58,36.52%,36.15%,-0.38592,"13:46 ET"
META,751.73,2026-09-25,2,Put,735.00,-1.49%,8.75,9.05,8.9,4536,1759,2.58,47.28%,72.93%,-0.323477,"13:46 ET"
QCOM,197.29,2027-02-19,149,Call,220.00,-12.05%,17.65,17.9,19.25,929,362,2.57,51.42%,52.63%,0.445432,"12:59 ET"
BIDU,89.55,2026-09-25,2,Call,94.00,-5.07%,0.1,0.13,0.16,1468,571,2.57,40.47%,47.77%,0.089812,"13:43 ET"
LUV,41.19,2026-09-25,2,Call,42.50,-3.36%,0.06,0.14,0.2,1552,603,2.57,41.01%,45.02%,0.177852,"13:47 ET"
SHW,327.79,2026-10-16,23,Call,340.00,-3.95%,3,3.7,4.1,500,195,2.56,26.14%,24.22%,0.292299,"12:48 ET"
IONQ,42.95,2026-09-25,2,Call,45.00,-5.41%,0.5,0.5,0.51,16173,6329,2.56,74.98%,97.75%,0.274014,"13:47 ET"
MSTR,163.56,2026-09-25,2,Put,172.50,+5.76%,9.95,9.95,10.1,539,211,2.55,69.95%,84.55%,-0.791538,"13:45 ET"
SMCI,41.54,2026-10-09,16,Call,44.00,-6.00%,1.53,1.6,1.6,783,307,2.55,74.76%,72.60%,0.384811,"13:45 ET"
TSLA,379.59,2026-09-28,5,Call,395.00,-4.27%,1.58,1.6,1.62,1430,561,2.55,41.36%,36.70%,0.183596,"13:47 ET"
FDX,293.65,2026-12-18,86,Call,400.00,-36.05%,0.52,0.77,1.01,709,279,2.54,30.27%,34.40%,0.040838,"10:57 ET"
AMD,614.57,2026-09-25,2,Put,610.00,-0.27%,7.55,7.65,7.75,6081,2396,2.54,53.75%,53.94%,-0.4187,"13:47 ET"
RIOT,24.96,2026-12-18,86,Put,24.00,-4.65%,3.25,3.4,3.4,550,217,2.53,83.09%,82.60%,-0.375966,"13:39 ET"
INOD,72.31,2026-10-16,23,Call,80.00,-13.25%,3.1,3.1,4.2,556,220,2.53,97.57%,89.57%,0.36883,"13:38 ET"
IONQ,42.95,2026-09-25,2,Put,41.00,-3.96%,0.35,0.4,0.46,599,237,2.53,74.98%,90.96%,-0.232192,"13:44 ET"
AMZN,248.54,2026-10-02,9,Put,252.50,+1.82%,6.5,6.85,6.75,1024,404,2.53,32.77%,29.15%,-0.617437,"13:43 ET"
INTC,120.62,2026-09-25,2,Call,121.00,-0.72%,2.33,2.38,2.4,3415,1348,2.53,66.81%,70.95%,0.489167,"13:47 ET"
CRWD,260.21,2026-09-25,2,Call,260.00,+0.41%,4.9,5.19,5.2,6300,2489,2.53,56.00%,64.18%,0.517276,"13:46 ET"
AMZN,248.54,2026-09-25,2,Put,242.50,-2.21%,0.47,0.46,0.48,8477,3349,2.53,32.77%,33.19%,-0.148779,"13:47 ET"
TSLA,379.59,2026-09-25,2,Call,380.00,-0.31%,4.75,4.85,4.85,32509,12826,2.53,41.36%,44.88%,0.491776,"13:47 ET"
PCG,12.52,2026-10-02,9,Put,12.50,-0.24%,0.26,0.27,0.28,2379,944,2.52,42.22%,36.69%,-0.468979,"13:33 ET"
WMT,110.32,2026-09-25,2,Call,112.00,-1.41%,0.28,0.29,0.3,9917,3930,2.52,24.94%,27.24%,0.227285,"13:51 ET"
GOOG,335.27,2026-10-02,9,Call,342.50,-2.34%,3.9,4,4.05,543,216,2.51,33.02%,32.19%,0.355736,"13:46 ET"
DKNG,20.92,2026-09-25,2,Call,21.00,-0.33%,0.36,0.38,0.44,595,238,2.5,58.25%,70.60%,0.482805,"13:45 ET"
PLTR,191.12,2026-09-25,2,Put,182.50,-4.44%,0.5,0.5,0.52,8787,3519,2.5,51.96%,56.51%,-0.125864,"13:47 ET"
AMZN,248.54,2026-09-25,2,Put,247.50,-0.19%,1.75,1.79,1.8,9496,3800,2.5,32.77%,31.81%,-0.413583,"13:47 ET"
MSFT,499.31,2026-10-02,9,Put,505.00,+1.14%,10.4,11.3,11.1,505,203,2.49,27.91%,25.30%,-0.593745,"12:38 ET"
TSM,446.78,2026-09-25,2,Put,445.00,+0.08%,3.05,3.36,3.2,1175,471,2.49,33.48%,30.60%,-0.4188,"13:41 ET"
META,751.73,2026-09-25,2,Call,790.00,-5.88%,5.1,5.15,5.15,2911,1169,2.49,47.28%,79.26%,0.210748,"13:47 ET"
NVDA,225.15,2026-10-30,37,Call,275.00,-22.57%,0.28,0.3,0.31,968,391,2.48,33.05%,32.70%,0.033195,"13:42 ET"
CENX,38.94,2026-11-20,58,Call,45.00,-15.62%,1.75,1.95,2.05,1020,411,2.48,64.92%,63.15%,0.334005,"13:37 ET"
BAC,55.92,2026-10-16,23,Call,56.00,-0.23%,1.57,1.57,1.62,1071,432,2.48,27.51%,28.94%,0.509243,"13:39 ET"
AAPL,337.24,2026-09-30,7,Call,345.00,-2.39%,1.44,1.48,1.59,1514,611,2.48,23.88%,22.55%,0.246043,"13:41 ET"
AAPL,337.24,2026-09-28,5,Put,335.00,-0.58%,2.11,2.26,2.25,1397,566,2.47,23.88%,20.74%,-0.378372,"13:40 ET"
VKTX,41.66,2026-09-25,2,Put,38.00,-5.47%,0.07,0.33,0.6,1805,731,2.47,77.24%,131.53%,-0.151605,"13:51 ET"
LOW,193.12,2026-10-16,23,Call,205.00,-6.28%,1.4,1.52,1.75,3066,1241,2.47,29.13%,28.06%,0.211084,"13:45 ET"
NVDA,225.15,2026-09-25,2,Put,222.50,-0.83%,1.14,1.14,1.15,17853,7238,2.47,33.05%,34.04%,-0.31008,"13:47 ET"
SPCX,150.17,2026-10-02,9,Call,152.50,-1.39%,3.65,3.7,3.7,4105,1669,2.46,49.63%,49.51%,0.441314,"13:47 ET"
AAPL,337.24,2026-09-25,2,Put,335.00,-0.58%,1.55,1.63,1.66,14044,5704,2.46,23.88%,26.35%,-0.356237,"13:47 ET"
MU,1072.84,2026-09-25,2,Put,"1,050.00",-1.67%,8.1,8.2,8.4,3190,1302,2.45,63.04%,54.46%,-0.29602,"13:47 ET"
META,751.73,2026-09-28,5,Call,800.00,-7.22%,4.8,4.8,4.95,3243,1321,2.45,47.28%,56.33%,0.185352,"13:47 ET"
META,751.73,2026-10-09,16,Call,760.00,-1.86%,27.25,26.95,27.95,692,284,2.44,47.28%,48.89%,0.485773,"13:42 ET"
PLTR,191.12,2026-10-02,9,Put,182.50,-4.44%,2.28,2.29,2.34,2258,926,2.44,51.96%,48.63%,-0.253838,"13:44 ET"
IOT,38.69,2028-01-21,485,Call,55.00,-41.83%,6.7,6.91,7.5,501,206,2.43,53.82%,62.59%,0.479292,"13:01 ET"
FSLY,26.52,2026-09-25,2,Call,24.00,+8.88%,2.55,3.13,3.7,570,235,2.43,95.35%,208.86%,0.764866,"13:43 ET"
BKNG,156.99,2027-06-17,267,Put,140.00,-10.56%,11.9,12.36,12.8,1015,420,2.42,42.67%,41.45%,-0.292348,"13:05 ET"
META,751.73,2026-09-28,5,Call,760.00,-1.86%,15.35,14.85,15.6,1192,492,2.42,47.28%,53.78%,0.450015,"13:43 ET"
INTC,120.62,2026-09-23,0,Put,122.00,+1.56%,1.39,1.4,1.5,6676,2763,2.42,66.81%,20.12%,-0.856843,"13:47 ET"
IONQ,42.95,2026-10-02,9,Call,47.00,-10.10%,0.74,0.75,0.82,558,232,2.41,74.98%,79.30%,0.257371,"13:35 ET"
TTD,12.63,2026-10-02,9,Call,13.00,-2.77%,0.27,0.29,0.32,564,234,2.41,62.94%,56.06%,0.393828,"13:38 ET"
IBKR,92.71,2026-10-16,23,Put,91.00,-1.64%,2.9,3,3.1,1304,540,2.41,41.27%,41.97%,-0.404102,"13:22 ET"
OPEN,2.59,2026-10-02,9,Call,2.50,+3.10%,0.12,0.14,0.15,1538,638,2.41,80.14%,55.24%,0.66161,"13:30 ET"
TSLA,379.59,2026-09-28,5,Put,365.00,-3.65%,1.41,1.45,1.45,1877,778,2.41,41.36%,35.53%,-0.16713,"13:45 ET"
TSLA,379.59,2026-10-02,9,Call,387.50,-2.29%,7.25,7.35,7.35,3751,1558,2.41,41.36%,44.62%,0.400655,"13:47 ET"
MU,1072.84,2026-09-25,2,Put,"1,095.00",+2.54%,31.05,32.55,31.8,603,251,2.4,63.04%,55.10%,-0.691438,"13:20 ET"
AMD,614.57,2026-09-23,0,Put,625.00,+2.18%,9.55,10.58,13.2,846,353,2.4,53.75%,32.32%,-0.842904,"13:46 ET"
SNDK,1822.99,2026-09-25,2,Call,"1,900.00",-4.60%,14.4,14.97,15.1,3719,1547,2.4,74.17%,77.65%,0.244476,"13:47 ET"
SMCI,41.54,2026-09-25,2,Call,42.50,-2.38%,0.59,0.59,0.62,9286,3872,2.4,74.76%,81.60%,0.364369,"13:47 ET"
MCD,237,2027-01-15,114,Call,240.00,-1.48%,12.05,12.1,12.4,607,254,2.39,23.27%,25.58%,0.494167,"13:47 ET"
AGI,34.56,2026-10-16,23,Put,30.00,-13.07%,0.15,0.2,0.25,792,331,2.39,48.26%,46.59%,-0.099564,"10:26 ET"
HUT,104.36,2026-11-20,58,Put,85.00,-18.68%,6.05,6.32,6.6,903,378,2.39,91.81%,94.54%,-0.227743,"13:06 ET"
BE,275.12,2026-10-02,9,Call,280.00,-2.57%,10.6,11,11.5,1985,831,2.39,79.01%,77.49%,0.463959,"13:42 ET"
S,23.93,2026-11-20,58,Call,23.00,+4.05%,2.6,2.64,2.7,2286,956,2.39,52.54%,55.78%,0.62435,"13:25 ET"
AMZN,248.54,2026-09-28,5,Call,257.50,-3.84%,0.6,0.61,0.62,3040,1272,2.39,32.77%,27.75%,0.14832,"13:47 ET"
SECZ,14.47,2026-11-20,58,Call,15.00,-2.39%,2.5,2.65,2.9,508,213,2.38,128.57%,126.13%,0.57595,"13:29 ET"
CRWD,260.21,2026-10-02,9,Call,275.00,-5.34%,3.85,4.08,4.15,557,234,2.38,56.00%,57.15%,0.287028,"13:46 ET"
SNDK,1822.99,2026-09-25,2,Put,"1,845.00",+1.57%,49.8,51.88,51.8,575,242,2.38,74.17%,71.54%,-0.579987,"13:45 ET"
ABNB,152.47,2026-09-25,2,Put,155.00,+1.73%,3.45,4.29,4.65,756,317,2.38,38.18%,54.20%,-0.663147,"13:08 ET"
AMZN,248.54,2026-09-28,5,Put,242.50,-2.21%,0.87,0.93,0.92,929,391,2.38,32.77%,26.72%,-0.202514,"13:44 ET"
TSLA,379.59,2026-09-30,7,Call,390.00,-2.95%,4.05,4.3,4.15,1980,833,2.38,41.36%,38.78%,0.318932,"13:43 ET"
PLTR,191.12,2026-10-02,9,Call,195.00,-2.10%,4.25,4.35,4.5,3817,1604,2.38,51.96%,49.55%,0.421305,"13:44 ET"
U,43.29,2026-09-25,2,Call,44.00,-1.38%,0.5,0.56,0.62,836,353,2.37,61.00%,70.30%,0.371722,"13:51 ET"
CE,49.58,2026-10-16,23,Call,45.00,+8.54%,4.8,5,5.6,1012,427,2.37,49.73%,45.51%,0.819466,"13:26 ET"
IBM,235.05,2026-09-25,2,Call,237.50,-1.06%,1.71,1.82,2.01,1061,447,2.37,37.45%,41.79%,0.375552,"13:43 ET"
TSLA,379.59,2026-09-25,2,Put,367.50,-2.99%,1.06,1.07,1.09,3780,1597,2.37,41.36%,44.58%,-0.160559,"13:47 ET"
GOOGL,338.84,2026-09-25,2,Call,345.00,-2.00%,1.61,1.68,1.69,5664,2391,2.37,33.48%,38.77%,0.278394,"13:47 ET"
MU,1072.84,2026-09-28,5,Call,"1,110.00",-3.94%,9.55,9.95,9.85,531,225,2.36,63.04%,47.03%,0.274695,"13:45 ET"
MRVL,258.94,2026-10-02,9,Put,227.50,-11.60%,1.27,1.55,1.52,615,261,2.36,66.50%,67.66%,-0.102045,"13:03 ET"
AMZN,248.54,2026-10-02,9,Call,247.50,+0.19%,5.35,5.4,5.5,673,285,2.36,32.77%,30.26%,0.556246,"13:47 ET"
AAPL,337.24,2026-09-28,5,Call,337.50,-0.16%,3.2,3.45,3.5,955,405,2.36,23.88%,21.42%,0.502762,"13:45 ET"
P,108.57,2026-10-16,23,Put,105.00,-3.14%,5.2,5.55,5.6,630,268,2.35,66.50%,66.53%,-0.385831,"13:04 ET"
HOOD,125.24,2026-09-25,2,Put,121.00,-3.06%,0.94,1.07,0.99,2718,1156,2.35,63.21%,70.13%,-0.244189,"13:42 ET"
MSFT,499.31,2026-09-30,7,Call,500.00,-0.14%,6.8,7.06,7.25,653,279,2.34,27.91%,25.64%,0.504726,"13:47 ET"
BEKE,16.65,2026-10-16,23,Call,17.00,-2.22%,0.35,0.5,0.55,1012,432,2.34,41.29%,36.75%,0.422678,"12:55 ET"
META,751.73,2027-01-15,114,Put,750.00,+0.52%,67.15,68,68.2,2170,929,2.34,47.28%,43.45%,-0.433986,"13:43 ET"
PLTR,191.12,2026-10-16,23,Call,230.00,-20.43%,0.89,0.92,0.93,4929,2108,2.34,51.96%,50.68%,0.085627,"13:47 ET"
AUPH,16.34,2028-01-21,485,Put,20.00,+22.40%,5.2,5.3,5.5,516,221,2.33,46.73%,46.24%,-0.536139,"13:47 ET"
NVDA,225.15,2027-03-19,177,Put,60.00,-73.26%,0.07,0.1,0.13,842,361,2.33,33.05%,75.28%,-0.00244,"13:17 ET"
PLTR,191.12,2026-09-25,2,Call,187.50,+1.82%,5.35,5.6,5.6,12083,5176,2.33,51.96%,57.72%,0.688217,"13:44 ET"
APP,310.27,2026-10-02,9,Put,305.00,-1.69%,7.6,8,8.3,638,275,2.32,60.96%,54.45%,-0.4003,"13:03 ET"
INFQ,13.97,2026-09-25,2,Put,13.50,-3.50%,0.15,0.2,0.25,711,306,2.32,88.91%,95.78%,-0.304829,"12:52 ET"
ADBE,240.16,2026-09-25,2,Put,237.50,-1.13%,1.86,2.03,2.01,910,392,2.32,40.15%,44.19%,-0.356728,"13:38 ET"
OXY,57.65,2026-09-25,2,Put,56.00,-2.64%,0.15,0.17,0.22,2540,1094,2.32,34.48%,42.79%,-0.183316,"13:41 ET"
AMZN,248.54,2026-09-25,2,Call,252.50,-1.82%,1.03,1.05,1.06,12629,5457,2.31,32.77%,33.71%,0.27657,"13:47 ET"
MSFT,499.31,2026-10-02,9,Put,510.00,+2.14%,13.7,14.76,14.35,814,354,2.3,27.91%,25.30%,-0.687101,"12:24 ET"
AMZN,248.54,2026-09-23,0,Put,252.50,+1.82%,3.65,3.96,3.95,7212,3129,2.3,32.77%,22.96%,-0.900017,"13:45 ET"
MCD,237,2027-03-19,177,Call,330.00,-39.53%,0.9,0.95,1.19,1084,474,2.29,23.27%,28.11%,0.056631,"13:27 ET"
INTC,120.62,2026-09-25,2,Put,116.00,-3.44%,0.78,0.8,0.83,4890,2135,2.29,66.81%,70.58%,-0.217697,"13:44 ET"
AG,19.08,2028-01-21,485,Put,8.00,-58.05%,0.35,0.38,0.44,4439,1947,2.28,59.81%,62.15%,-0.051095,"12:02 ET"
UBER,69.5,2026-09-25,2,Call,70.00,-0.50%,0.54,0.54,0.58,9194,4033,2.28,35.59%,37.42%,0.410046,"13:43 ET"
FTNT,177.26,2026-09-25,2,Call,185.00,-4.42%,0.49,0.55,0.89,585,258,2.27,51.21%,58.48%,0.171193,"12:13 ET"
MARA,13.6,2026-10-09,16,Call,17.00,-24.72%,0.16,0.16,0.18,880,389,2.26,83.91%,90.16%,0.14064,"13:23 ET"
GOOGL,338.84,2026-10-09,16,Put,315.00,-6.87%,1.37,1.59,1.64,1297,574,2.26,33.48%,32.38%,-0.127514,"13:38 ET"
MGM,38.24,2026-10-16,23,Call,47.00,-22.68%,0.15,0.37,0.65,2577,1141,2.26,58.97%,67.58%,0.131822,"13:29 ET"
VLO,369.91,2026-09-25,2,Call,400.00,-8.47%,0.2,0.45,1.15,502,223,2.25,52.67%,76.71%,0.073943,"13:33 ET"
MSFT,499.31,2026-10-02,9,Put,507.50,+1.64%,12,12.48,12.7,510,227,2.25,27.91%,25.37%,-0.641097,"13:18 ET"
OKTA,202.99,2026-09-25,2,Put,187.50,-7.69%,0.42,0.5,0.56,566,252,2.25,58.64%,79.63%,-0.086894,"13:36 ET"
META,751.73,2026-09-25,2,Call,805.00,-7.89%,3,2.79,3.1,1505,668,2.25,47.28%,81.23%,0.136601,"13:45 ET"
CRWD,260.21,2026-09-25,2,Put,232.50,-10.94%,0.11,0.12,0.13,2088,929,2.25,56.00%,76.35%,-0.021576,"13:45 ET"
RDDT,150.66,2026-09-25,2,Call,152.50,-1.03%,1.99,2.05,2.15,588,262,2.24,61.40%,65.03%,0.40816,"13:45 ET"
INTU,287.68,2027-03-19,177,Put,250.00,-13.16%,20.1,20.6,21.3,803,359,2.24,47.59%,50.78%,-0.273293,"13:24 ET"
AMD,614.57,2026-10-16,23,Put,610.00,-0.27%,27.7,28,28.2,873,389,2.24,53.75%,50.14%,-0.446446,"13:43 ET"
RIOT,24.96,2026-12-18,86,Put,22.00,-12.59%,2.27,2.35,2.4,1056,472,2.24,83.09%,82.23%,-0.296304,"13:31 ET"
IONQ,42.95,2026-09-25,2,Call,48.00,-12.44%,0.12,0.15,0.19,1106,493,2.24,74.98%,111.23%,0.096383,"13:44 ET"
EOSE,3.7,2026-10-02,9,Put,3.50,-5.41%,0.11,0.13,0.13,1719,766,2.24,99.84%,92.12%,-0.318754,"13:40 ET"
MRNA,185.1,2026-09-25,2,Call,185.00,-0.33%,4.45,4.5,5.2,3050,1359,2.24,84.21%,95.65%,0.489904,"13:47 ET"
GOOG,335.27,2026-10-30,37,Call,355.00,-6.07%,8.6,8.8,8.8,907,407,2.23,33.02%,37.14%,0.348015,"13:47 ET"
SMCI,41.54,2026-10-02,9,Call,42.50,-2.38%,1.45,1.5,1.53,1067,478,2.23,74.76%,72.94%,0.446122,"13:47 ET"
INTC,120.62,2026-10-30,37,Put,120.00,-0.11%,10.4,10.55,10.55,3123,1399,2.23,66.81%,72.02%,-0.440626,"13:47 ET"
GME,24.53,2026-11-20,58,Put,20.00,-18.23%,0.23,0.25,0.28,744,335,2.22,53.80%,44.82%,-0.110892,"13:23 ET"
MU,1072.84,2026-09-25,2,Call,"1,085.00",-1.60%,12.35,13.2,12.9,1875,844,2.22,63.04%,57.68%,0.397714,"13:45 ET"
TSLA,379.59,2026-09-30,7,Call,380.00,-0.31%,7.8,7.95,8,2257,1017,2.22,41.36%,38.34%,0.505037,"13:47 ET"
MSTR,163.56,2026-09-25,2,Put,157.50,-3.44%,1.38,1.41,1.44,2423,1092,2.22,69.95%,78.06%,-0.24453,"13:46 ET"
GAP,21.55,2028-01-21,485,Put,15.00,-30.59%,1.46,1.52,1.55,515,233,2.21,41.00%,49.76%,-0.169234,"12:04 ET"
AVGO,354.69,2026-10-16,23,Put,325.00,-8.34%,2.4,2.46,2.52,521,236,2.21,36.52%,35.49%,-0.145374,"13:42 ET"
GLXY,26.37,2026-10-16,23,Call,28.50,-8.45%,1.31,1.36,1.51,901,408,2.21,82.33%,83.87%,0.400188,"13:46 ET"
SNDK,1822.99,2026-09-25,2,Call,"1,920.00",-5.70%,11.1,11.23,12,932,422,2.21,74.17%,79.83%,0.198032,"13:43 ET"
SNDK,1822.99,2026-09-25,2,Call,"1,850.00",-1.85%,28.3,28.81,29.3,2903,1312,2.21,74.17%,75.49%,0.406688,"13:47 ET"
SNDK,1822.99,2026-09-25,2,Put,"1,740.00",-4.21%,9.8,10.6,10.4,632,287,2.2,74.17%,72.26%,-0.184915,"13:42 ET"
VKTX,41.66,2026-09-25,2,Call,41.00,-1.99%,1.29,1.77,2.39,2316,1054,2.2,77.24%,114.48%,0.607494,"13:48 ET"
PLTR,191.12,2026-09-25,2,Call,205.00,-7.34%,0.23,0.23,0.24,5837,2653,2.2,51.96%,60.52%,0.064041,"13:44 ET"
AAPL,337.24,2026-09-25,2,Put,330.00,-2.06%,0.5,0.53,0.55,14600,6637,2.2,23.88%,28.28%,-0.14371,"13:47 ET"
AVGO,354.69,2026-10-02,9,Call,357.50,-0.83%,6.5,6.7,6.75,547,250,2.19,36.52%,34.36%,0.465567,"13:46 ET"
NVDA,225.15,2026-10-16,23,Call,217.50,+3.06%,12,12,12.05,722,329,2.19,33.05%,32.76%,0.687057,"13:45 ET"
AMD,614.57,2026-09-25,2,Put,597.50,-2.31%,3.5,3.6,3.65,784,358,2.19,53.75%,54.96%,-0.238435,"13:43 ET"
IONQ,42.95,2026-09-25,2,Call,45.50,-6.58%,0.37,0.41,0.47,1075,490,2.19,74.98%,100.70%,0.232941,"13:46 ET"
APP,310.27,2026-09-25,2,Put,300.00,-3.30%,1.4,1.62,1.8,1557,711,2.19,60.96%,57.96%,-0.208454,"13:39 ET"
AVGO,354.69,2026-09-23,0,Put,360.00,+1.53%,4.75,4.5,5.35,1755,801,2.19,36.52%,19.27%,-0.915799,"13:43 ET"
NVDA,225.15,2026-09-28,5,Put,222.50,-0.83%,1.63,1.64,1.65,4610,2101,2.19,33.05%,26.92%,-0.341259,"13:47 ET"
CRWD,260.21,2026-10-02,9,Call,270.00,-3.42%,5.25,5.4,5.55,1287,590,2.18,56.00%,56.78%,0.359234,"13:47 ET"
INTC,120.62,2026-09-25,2,Put,117.00,-2.61%,1.03,1.03,1.09,2743,1259,2.18,66.81%,70.42%,-0.268662,"13:46 ET"
IBRX,8.68,2026-11-20,58,Call,10.00,-15.47%,0.65,0.78,1,3467,1587,2.18,90.92%,92.62%,0.42805,"13:30 ET"
TSM,446.78,2026-09-25,2,Put,442.50,-0.48%,2.17,2.39,2.26,571,263,2.17,33.48%,30.93%,-0.326596,"13:42 ET"
MSTR,163.56,2026-10-02,9,Put,147.00,-9.88%,1.41,1.56,1.45,608,280,2.17,69.95%,69.37%,-0.147929,"13:40 ET"
CM,112.74,2026-10-16,23,Put,115.00,+2.06%,3.9,4,4.4,511,238,2.15,22.15%,25.64%,-0.605695,"13:43 ET"
MRNA,185.1,2026-10-02,9,Call,185.00,-0.33%,8.5,8.89,9.45,723,336,2.15,84.21%,80.55%,0.513865,"13:09 ET"
SECZ,14.47,2026-10-16,23,Put,12.50,-14.68%,0.75,0.8,0.95,829,386,2.15,128.57%,123.81%,-0.263474,"13:17 ET"
QBTS,17.08,2027-03-19,177,Put,13.00,-23.66%,1.34,1.42,1.52,1290,599,2.15,73.72%,76.54%,-0.20988,"13:01 ET"
AMD,614.57,2026-09-25,2,Put,615.00,+0.55%,9.9,10.1,10.1,2244,1042,2.15,53.75%,53.80%,-0.499809,"13:46 ET"
MSFT,499.31,2026-09-23,0,Put,497.50,-0.36%,0.29,0.31,0.34,22069,10284,2.15,27.91%,10.28%,-0.208494,"13:47 ET"
CRWD,260.21,2026-09-25,2,Call,257.50,+1.37%,6.2,6.27,6.6,1089,509,2.14,56.00%,64.22%,0.597387,"13:40 ET"
AMD,614.57,2026-09-25,2,Call,612.50,-0.14%,10.9,11.03,11.1,1165,544,2.14,53.75%,54.90%,0.5408,"13:47 ET"
MSFT,499.31,2026-09-30,7,Call,505.00,-1.14%,4.5,4.8,5.3,574,269,2.13,27.91%,25.82%,0.395022,"13:33 ET"
CRWD,260.21,2026-09-25,2,Put,247.50,-5.20%,0.87,0.9,0.93,659,309,2.13,56.00%,64.16%,-0.139954,"13:46 ET"
IONQ,42.95,2026-09-25,2,Call,47.00,-10.10%,0.16,0.2,0.28,1374,644,2.13,74.98%,105.61%,0.134226,"13:39 ET"
HOOD,125.24,2026-09-25,2,Call,126.00,-0.95%,2.24,2.29,2.33,10732,5039,2.13,63.21%,71.08%,0.466164,"13:47 ET"
IREN,48.03,2026-10-02,9,Call,54.00,-12.31%,0.62,0.62,0.68,1270,598,2.12,82.34%,81.81%,0.200214,"13:22 ET"
GOOGL,338.84,2026-09-28,5,Call,345.00,-2.00%,2.41,2.5,2.54,512,243,2.11,33.48%,30.29%,0.32212,"13:47 ET"
AMD,614.57,2026-09-25,2,Put,590.00,-3.54%,2.16,2.3,2.26,1881,890,2.11,53.75%,56.57%,-0.160099,"13:42 ET"
ABNB,152.47,2026-09-25,2,Put,150.00,-1.56%,1.02,1.1,1.31,3288,1557,2.11,38.18%,47.39%,-0.326788,"13:32 ET"
META,751.73,2026-09-25,2,Call,745.00,+0.15%,20.4,20.55,20.65,4213,1996,2.11,47.28%,75.16%,0.580635,"13:47 ET"
CRWD,260.21,2026-09-25,2,Call,265.00,-1.51%,2.85,2.9,3.05,4243,2008,2.11,56.00%,64.12%,0.360134,"13:47 ET"
GOOGL,338.84,2026-09-25,2,Call,355.00,-4.96%,0.37,0.39,0.4,11172,5283,2.11,33.48%,43.40%,0.079117,"13:47 ET"
KO,88.08,2026-10-02,9,Put,89.00,+1.26%,1.4,1.54,1.47,922,439,2.1,19.04%,16.75%,-0.64318,"12:12 ET"
INOD,72.31,2026-09-25,2,Put,70.00,-0.91%,1.65,2.74,2.85,1078,514,2.1,97.57%,153.90%,-0.371571,"12:46 ET"
TTD,12.63,2026-09-25,2,Call,13.00,-2.77%,0.1,0.11,0.12,1155,550,2.1,62.94%,66.23%,0.290339,"13:50 ET"
META,751.73,2026-10-02,9,Put,750.00,+0.52%,22.55,24.2,23.5,703,337,2.09,47.28%,51.82%,-0.466293,"13:45 ET"
CRWD,260.21,2026-10-02,9,Call,260.00,+0.41%,9.25,9.26,9.65,1264,604,2.09,56.00%,56.74%,0.525035,"13:39 ET"
SHOP,142.61,2026-09-25,2,Call,155.00,-8.95%,0.25,0.25,0.32,8611,4113,2.09,56.44%,78.67%,0.077916,"13:47 ET"
SMCI,41.54,2026-10-09,16,Call,38.00,+8.46%,4.55,4.6,4.7,521,250,2.08,74.76%,72.83%,0.748615,"12:15 ET"
ZLAB,26.54,2027-01-15,114,Call,25.00,+5.37%,3.9,4.56,6.7,527,253,2.08,68.70%,75.74%,0.649825,"13:40 ET"
NOW,140.15,2026-10-02,9,Put,129.00,-7.89%,1.06,1.1,1.16,625,300,2.08,56.03%,56.73%,-0.161698,"13:41 ET"
CVX,206.02,2026-10-02,9,Put,210.00,+2.09%,5.4,6.59,6.4,719,345,2.08,27.40%,26.92%,-0.669974,"12:52 ET"
DELL,549.03,2026-09-25,2,Call,555.00,-1.21%,8.3,8.55,8.55,737,354,2.08,61.36%,66.82%,0.431917,"13:47 ET"
MRNA,185.1,2026-09-25,2,Call,197.50,-7.11%,1.11,1.28,1.5,1272,612,2.08,84.21%,99.78%,0.182312,"13:45 ET"
AAPL,337.24,2026-09-28,5,Call,345.00,-2.39%,0.79,0.88,0.9,1831,882,2.08,23.88%,21.03%,0.187673,"13:46 ET"
META,751.73,2026-09-25,2,Call,820.00,-9.90%,1.73,1.76,1.78,3065,1477,2.08,47.28%,82.93%,0.084933,"13:47 ET"
NVDA,225.15,2026-09-28,5,Call,230.00,-2.51%,1,1,1.02,11806,5676,2.08,33.05%,25.85%,0.251689,"13:47 ET"
INTC,120.62,2026-10-02,9,Put,115.00,-4.27%,2.38,2.48,2.45,1714,829,2.07,66.81%,64.24%,-0.297351,"13:43 ET"
GOOG,335.27,2026-10-02,9,Call,350.00,-4.58%,2.1,2.14,2.16,3792,1835,2.07,33.02%,33.06%,0.218863,"13:47 ET"
INTU,287.68,2026-10-16,23,Call,290.00,-0.74%,11.2,12,12.6,609,295,2.06,47.59%,44.54%,0.49756,"11:54 ET"
META,751.73,2026-10-30,37,Call,900.00,-20.63%,10.45,10.08,11,660,320,2.06,47.28%,53.19%,0.169879,"13:39 ET"
META,751.73,2026-10-16,23,Put,760.00,+1.86%,37.9,38.95,38.15,660,320,2.06,47.28%,45.92%,-0.507231,"13:40 ET"
BB,8.39,2026-10-09,16,Call,8.00,+4.42%,0.84,0.86,0.9,1062,516,2.06,81.49%,96.01%,0.632818,"13:38 ET"
MRNA,185.1,2026-09-25,2,Call,205.00,-11.18%,0.45,0.53,0.64,2738,1328,2.06,84.21%,103.24%,0.086708,"13:47 ET"
UBS,47.88,2027-01-15,114,Put,47.50,-0.57%,2.55,2.65,2.7,4383,2124,2.06,29.37%,27.22%,-0.440203,"13:45 ET"
MDT,89.42,2026-10-02,9,Call,93.00,-3.83%,0.22,0.3,0.38,523,255,2.05,27.46%,25.13%,0.163549,"13:20 ET"
NVDA,225.15,2026-09-23,0,Put,232.50,+3.62%,7.25,7.4,7.3,694,338,2.05,33.05%,38.17%,-0.946092,"13:43 ET"
AVGO,354.69,2026-09-25,2,Call,335.00,+5.52%,20.3,20.65,20.65,1133,553,2.05,36.52%,51.28%,0.940106,"13:47 ET"
KOPN,4.84,2026-09-25,2,Call,1.00,+79.25%,3.7,3.8,3.9,2142,1043,2.05,87.59%,"1,007.76%",0.993458,"12:48 ET"
NBIS,231.89,2026-10-02,9,Put,210.00,-9.13%,3.05,3.36,3.35,2431,1186,2.05,83.23%,78.14%,-0.19221,"13:41 ET"
NNE,17.19,2026-09-25,2,Put,17.00,-0.93%,0.3,0.4,0.45,799,391,2.04,77.10%,92.17%,-0.420938,"13:13 ET"
AVGO,354.69,2026-09-25,2,Call,357.50,-0.83%,2.82,2.93,2.89,1121,549,2.04,36.52%,37.34%,0.410109,"13:46 ET"
AVGO,354.69,2026-10-16,23,Put,335.00,-5.52%,4.35,4.4,4.45,1204,589,2.04,36.52%,34.77%,-0.233034,"13:47 ET"
CRWD,260.21,2026-11-20,58,Put,235.00,-9.99%,11.3,11.4,11.75,530,261,2.03,56.00%,56.93%,-0.279622,"13:27 ET"
ABNB,152.47,2026-12-18,86,Put,140.00,-8.12%,5.6,6.1,6.1,936,462,2.03,38.18%,40.13%,-0.285984,"12:44 ET"
SPCX,150.17,2026-10-09,16,Put,155.00,+3.05%,8.6,8.45,8.7,940,464,2.03,49.63%,47.62%,-0.601483,"13:34 ET"
TSLA,379.59,2026-09-28,5,Put,370.00,-2.33%,2.43,2.4,2.49,1309,645,2.03,41.36%,34.89%,-0.258113,"13:44 ET"
NVDA,225.15,2026-09-30,7,Call,227.50,-1.40%,2.63,2.65,2.65,4068,2004,2.03,33.05%,28.98%,0.413281,"13:46 ET"
MU,1072.84,2026-09-25,2,Call,"1,150.00",-7.69%,1.43,1.47,1.47,9092,4475,2.03,63.04%,62.50%,0.06767,"13:47 ET"
GS,937.92,2026-09-25,2,Call,960.00,-2.43%,2.25,2.3,2.44,649,321,2.02,34.48%,34.89%,0.180558,"13:47 ET"
SOFI,16.73,2029-01-19,849,Put,13.00,-22.39%,2.66,2.7,2.7,823,408,2.02,48.29%,55.50%,-0.213558,"13:32 ET"
MRVL,258.94,2027-01-15,114,Call,450.00,-74.86%,5.5,5.65,5.8,909,450,2.02,66.50%,72.36%,0.127537,"11:04 ET"
QBTS,17.08,2026-10-16,23,Call,19.00,-11.57%,0.57,0.59,0.6,3056,1514,2.02,73.72%,73.20%,0.316639,"13:44 ET"
GOOGL,338.84,2026-09-25,2,Call,352.50,-4.22%,0.53,0.52,0.55,3684,1828,2.02,33.48%,41.85%,0.108191,"13:47 ET"
MU,1072.84,2026-09-25,2,Call,"1,100.00",-3.01%,7.8,7.9,8.05,11896,5889,2.02,63.04%,58.18%,0.282473,"13:46 ET"
TSLA,379.59,2026-09-28,5,Call,387.50,-2.29%,3.2,3.3,3.3,761,379,2.01,41.36%,35.91%,0.32047,"13:47 ET"
MU,1072.84,2026-09-25,2,Put,"1,060.00",-0.74%,11.5,11.5,11.95,1571,783,2.01,63.04%,54.27%,-0.381526,"13:46 ET"
GOOG,335.27,2026-09-25,2,Put,342.50,+2.34%,8.1,8.83,8.3,1589,789,2.01,33.02%,36.90%,-0.771734,"13:22 ET"
HOOD,125.24,2027-01-15,114,Call,195.00,-56.22%,3.35,3.55,3.6,615,308,2,63.21%,66.47%,0.165036,"12:47 ET"
INTC,120.62,2026-09-25,2,Call,119.00,+0.94%,3.3,3.22,3.5,901,450,2,66.81%,70.15%,0.615217,"13:38 ET"
TMUS,166.52,2026-10-02,9,Call,165.00,+0.79%,4.1,4.4,4.6,2104,1052,2,33.99%,34.23%,0.577043,"13:47 ET"
MCD,237,2026-10-02,9,Put,240.00,+1.48%,5.05,5.29,5.25,664,334,1.99,23.27%,22.75%,-0.634008,"13:43 ET"
AMAT,473.22,2026-09-25,2,Call,475.00,-0.98%,7,7.22,7.3,739,371,1.99,55.79%,58.41%,0.467122,"13:46 ET"
WMT,110.32,2026-10-16,23,Put,103.00,-6.74%,0.37,0.37,0.38,760,381,1.99,24.94%,23.73%,-0.114355,"13:51 ET"
NOW,140.15,2026-09-25,2,Call,146.00,-4.25%,0.72,0.75,0.79,988,497,1.99,56.03%,64.47%,0.205253,"13:40 ET"
BABA,111.08,2026-09-25,2,Call,112.00,-0.97%,1.26,1.26,1.3,3049,1533,1.99,41.05%,52.23%,0.418895,"13:47 ET"
FSLY,26.52,2026-09-25,2,Call,27.00,-2.51%,0.65,0.9,1.05,3973,1995,1.99,95.35%,136.14%,0.448514,"13:47 ET"
GOOG,335.27,2026-10-09,16,Put,300.00,-10.36%,0.56,0.64,0.64,1053,533,1.98,33.02%,34.79%,-0.056079,"13:13 ET"
NOW,140.15,2026-09-25,2,Call,142.00,-1.39%,1.79,1.81,1.9,1194,604,1.98,56.03%,63.39%,0.402951,"13:43 ET"
HOOD,125.24,2026-09-25,2,Call,131.00,-4.95%,0.78,0.78,0.81,1960,990,1.98,63.21%,73.15%,0.211936,"13:47 ET"
AMZN,248.54,2026-10-30,37,Call,300.00,-20.98%,1.15,1.16,1.2,2291,1160,1.98,32.77%,40.18%,0.084757,"13:37 ET"
BULL,7.74,2026-09-25,2,Put,8.00,+3.90%,0.32,0.33,0.35,4542,2290,1.98,60.29%,72.14%,-0.730393,"13:42 ET"
SPCX,150.17,2026-10-02,9,Call,146.00,+2.93%,7.05,7.2,7.15,527,268,1.97,49.63%,50.01%,0.658876,"13:39 ET"
WBD,30.7,2026-10-16,23,Put,30.00,-2.34%,0.1,0.17,0.2,676,344,1.97,14.26%,14.12%,-0.233174,"13:40 ET"
UPS,96.83,2026-10-09,16,Call,100.00,-3.43%,0.76,0.84,0.9,750,380,1.97,28.73%,25.40%,0.270667,"12:55 ET"
WMT,110.32,2026-09-25,2,Put,110.00,-0.40%,0.69,0.7,0.74,2772,1405,1.97,24.94%,26.34%,-0.440813,"13:48 ET"
TSLA,379.59,2026-09-28,5,Call,380.00,-0.31%,6.05,6.15,6.2,3492,1769,1.97,41.36%,35.55%,0.499306,"13:45 ET"
GOOGL,338.84,2026-09-25,2,Put,330.00,-2.43%,0.8,0.81,0.84,3505,1783,1.97,33.48%,37.74%,-0.161954,"13:47 ET"
ONON,30.29,2026-12-18,86,Call,37.50,-23.68%,0.69,0.8,0.75,5624,2850,1.97,43.12%,45.83%,0.20932,"12:20 ET"
NVDA,225.15,2026-09-23,0,Put,230.00,+2.51%,4.75,4.7,4.85,6423,3262,1.97,33.05%,20.19%,-0.980895,"13:46 ET"
NVDA,225.15,2026-09-25,2,Put,227.50,+1.40%,3.4,3.43,3.45,10876,5526,1.97,33.05%,31.32%,-0.664089,"13:47 ET"
SMCI,41.54,2026-09-25,2,Call,43.00,-3.59%,0.44,0.47,0.46,13603,6890,1.97,74.76%,81.47%,0.294111,"13:47 ET"
GOOGL,338.84,2026-10-23,30,Put,325.00,-3.91%,5.5,5.5,6,1318,672,1.96,33.48%,30.89%,-0.291559,"13:46 ET"
MRNA,185.1,2026-09-25,2,Put,180.00,-2.38%,2.43,2.8,3,2063,1054,1.96,84.21%,83.86%,-0.343551,"13:36 ET"
SHOP,142.61,2026-09-25,2,Call,152.50,-7.19%,0.37,0.45,0.51,7068,3598,1.96,56.44%,75.26%,0.116167,"13:31 ET"
MSFT,499.31,2026-09-25,2,Call,500.00,-0.14%,4.45,4.5,4.6,9788,5000,1.96,27.91%,31.67%,0.494425,"13:47 ET"
GOOG,335.27,2026-11-20,58,Put,345.00,+3.08%,23.05,22.6,23.3,539,276,1.95,33.02%,35.09%,-0.542025,"12:23 ET"
AMD,614.57,2026-09-25,2,Put,587.50,-3.95%,1.83,2.05,1.92,555,285,1.95,53.75%,57.17%,-0.139089,"13:39 ET"
NFLX,71.67,2026-10-16,23,Put,71.00,-0.89%,1.84,1.85,1.87,590,302,1.95,35.28%,31.69%,-0.42469,"13:45 ET"
AMD,614.57,2026-10-02,9,Put,620.00,+1.37%,21.8,22,22.2,765,393,1.95,53.75%,50.07%,-0.526705,"13:44 ET"
AFRM,68.31,2028-01-21,485,Put,70.00,+2.38%,17.05,17,17.75,1050,538,1.95,56.44%,58.90%,-0.366337,"12:59 ET"
MU,1072.84,2026-09-25,2,Put,"1,100.00",+3.01%,34.7,34,35.45,1135,581,1.95,63.04%,55.20%,-0.729329,"13:44 ET"
LQDA,67.81,2026-10-02,9,Call,85.00,-25.78%,0.15,0.33,0.5,1681,863,1.95,86.40%,94.64%,0.07598,"12:10 ET"
WMT,110.32,2026-09-25,2,Call,111.00,-0.51%,0.57,0.58,0.59,11494,5886,1.95,24.94%,27.11%,0.380338,"13:50 ET"
VKTX,41.66,2026-11-20,58,Put,35.00,-12.94%,1.3,2.1,2.5,546,281,1.94,77.24%,75.48%,-0.22439,"12:45 ET"
GEVO,1.465,2026-11-20,58,Call,1.5000,-2.74%,0.15,0.2,0.2,751,387,1.94,118.98%,80.24%,0.541627,"13:40 ET"
SMCI,41.54,2026-09-25,2,Put,42.00,+1.18%,1.17,1.12,1.22,900,464,1.94,74.76%,76.93%,-0.565266,"13:45 ET"
CRWV,87.71,2026-10-02,9,Put,88.00,+0.17%,3.95,4.09,4.15,1268,654,1.94,76.01%,72.03%,-0.48478,"13:44 ET"
BA,201.91,2026-11-20,58,Call,220.00,-9.18%,4.8,4.75,5.15,3397,1754,1.94,32.39%,35.64%,0.295019,"13:40 ET"
AGNC,9.92,2026-10-30,37,Put,9.50,-4.04%,0.22,0.24,0.24,7518,3874,1.94,23.36%,32.72%,-0.322088,"13:23 ET"
SPCX,150.17,2026-09-25,2,Call,152.50,-1.39%,1.48,1.48,1.49,11178,5749,1.94,49.63%,55.19%,0.362589,"13:47 ET"
THRM,34.96,2026-10-16,23,Put,30.00,-13.82%,0.25,0.3,0.4,550,285,1.93,47.46%,57.56%,-0.121943,"13:03 ET"
MRVL,258.94,2026-09-25,2,Put,270.00,+4.92%,12.5,13.5,13.25,1060,549,1.93,66.50%,70.49%,-0.785917,"12:28 ET"
SMCI,41.54,2026-09-25,2,Call,43.50,-4.79%,0.32,0.32,0.35,2559,1327,1.93,74.76%,82.16%,0.233775,"13:38 ET"
MSFT,499.31,2026-11-20,58,Call,570.00,-14.16%,5.15,5.25,5.6,3292,1703,1.93,27.91%,31.39%,0.170089,"13:30 ET"
BILI,15,2027-01-15,114,Call,15.00,-0.20%,1.69,1.74,1.78,4166,2154,1.93,47.79%,50.04%,0.570194,"13:33 ET"
GOOGL,338.84,2026-09-23,0,Put,347.50,+2.74%,8.1,8.05,8.9,4833,2509,1.93,33.48%,24.78%,-0.974229,"13:46 ET"
SNDK,1822.99,2026-09-25,2,Put,"1,750.00",-3.66%,11.8,12.2,12.4,1525,796,1.92,74.17%,71.88%,-0.213741,"13:46 ET"
INTC,120.62,2026-09-25,2,Put,118.00,-1.77%,1.32,1.34,1.37,4607,2397,1.92,66.81%,69.50%,-0.323158,"13:46 ET"
SPCX,150.17,2026-09-25,2,Put,152.50,+1.39%,3.7,3.72,3.75,19958,10377,1.92,49.63%,53.70%,-0.641999,"13:47 ET"
USAR,16.09,2026-10-02,9,Put,15.50,-3.31%,0.42,0.48,0.46,754,394,1.91,74.64%,70.69%,-0.345906,"13:30 ET"
SMR,8.72,2026-10-09,16,Put,9.00,+3.45%,0.68,0.68,0.71,1010,530,1.91,77.46%,74.95%,-0.544589,"12:42 ET"
CRWV,87.71,2026-10-02,9,Call,112.00,-27.49%,0.16,0.22,0.23,1192,623,1.91,76.01%,86.33%,0.042251,"12:38 ET"
ONDS,7.6,2026-10-09,16,Put,7.50,-1.70%,0.35,0.4,0.39,1771,925,1.91,73.78%,67.18%,-0.431065,"13:29 ET"
AMZN,248.54,2026-09-30,7,Call,255.00,-2.83%,1.63,1.66,1.68,3270,1708,1.91,32.77%,28.78%,0.276322,"13:47 ET"
HOOD,125.24,2026-09-25,2,Put,125.00,+0.14%,2.42,2.5,2.48,3452,1809,1.91,63.21%,69.81%,-0.473638,"13:43 ET"
NVDA,225.15,2026-09-28,5,Put,225.00,+0.28%,2.6,2.61,2.62,3630,1902,1.91,33.05%,26.13%,-0.478389,"13:47 ET"
PYPL,52.56,2026-11-20,58,Put,37.50,-28.71%,0.05,0.1,0.12,4560,2393,1.91,35.14%,44.84%,-0.022768,"11:34 ET"
CRWD,260.21,2026-09-25,2,Call,270.00,-3.42%,1.56,1.75,1.67,5139,2693,1.91,56.00%,64.76%,0.228417,"13:42 ET"
RDDT,150.66,2026-10-23,30,Put,130.00,-13.87%,2.14,2.24,2.34,532,280,1.9,61.40%,57.22%,-0.159777,"13:41 ET"
PANW,386.43,2026-09-25,2,Call,390.00,-1.04%,4.9,4.85,5.6,1021,538,1.9,53.84%,61.21%,0.42188,"13:43 ET"
BE,275.12,2026-09-25,2,Put,275.00,+0.74%,7.4,8,7.55,1333,703,1.9,79.01%,90.24%,-0.493386,"13:40 ET"
DELL,549.03,2026-09-25,2,Call,600.00,-9.42%,0.65,0.69,0.7,6594,3469,1.9,61.36%,72.80%,0.054808,"13:47 ET"
SPCX,150.17,2026-09-25,2,Call,155.00,-3.05%,0.81,0.82,0.82,34145,17939,1.9,49.63%,55.95%,0.229979,"13:47 ET"
BABA,111.08,2026-10-02,9,Call,132.00,-19.00%,0.09,0.11,0.14,567,300,1.89,41.05%,57.42%,0.030505,"13:41 ET"
U,43.29,2026-10-16,23,Call,44.00,-1.38%,2,2.06,2.17,978,518,1.89,61.00%,55.62%,0.481289,"13:51 ET"
RIVN,14.91,2026-10-02,9,Call,15.00,-0.74%,0.43,0.45,0.47,1182,624,1.89,55.32%,51.80%,0.492735,"13:46 ET"
CRWD,260.21,2026-09-25,2,Call,262.50,-0.55%,3.75,3.94,4,4536,2404,1.89,56.00%,63.79%,0.436673,"13:45 ET"
BB,8.39,2026-10-16,23,Put,8.00,-4.42%,0.47,0.52,0.56,7893,4173,1.89,81.49%,85.03%,-0.369578,"13:29 ET"
META,751.73,2026-10-02,9,Put,747.50,+0.19%,21.3,22.9,22.3,524,278,1.88,47.28%,51.82%,-0.449988,"13:40 ET"
TSLA,379.59,2026-09-30,7,Put,360.00,-4.97%,1.64,1.63,1.69,794,422,1.88,41.36%,38.67%,-0.153546,"13:45 ET"
AAPL,337.24,2026-09-28,5,Call,340.00,-0.91%,2.15,2.2,2.23,2348,1247,1.88,23.88%,20.93%,0.384065,"13:47 ET"
META,751.73,2026-09-25,2,Call,770.00,-3.20%,9.8,9.9,9.95,5550,2954,1.88,47.28%,76.98%,0.352238,"13:47 ET"
TSLA,379.59,2026-09-25,2,Put,370.00,-2.33%,1.5,1.5,1.53,9957,5297,1.88,41.36%,43.96%,-0.212648,"13:46 ET"
AMZN,248.54,2026-09-25,2,Call,255.00,-2.83%,0.55,0.55,0.57,19977,10599,1.88,32.77%,34.52%,0.167476,"13:47 ET"
GOOGL,338.84,2027-04-16,205,Put,290.00,-14.26%,11.6,12.05,12.15,806,431,1.87,33.48%,34.49%,-0.211409,"12:54 ET"
NVDA,225.15,2026-09-28,5,Put,217.50,-3.06%,0.6,0.6,0.61,1921,1026,1.87,33.05%,29.34%,-0.149012,"13:46 ET"
ORCL,146.22,2026-09-25,2,Call,147.00,-0.34%,2.2,2.33,2.31,2440,1303,1.87,50.69%,56.99%,0.479929,"13:45 ET"
AAPL,337.24,2026-09-25,2,Call,345.00,-2.39%,0.45,0.47,0.47,19231,10294,1.87,23.88%,27.20%,0.135183,"13:47 ET"
GOOGL,338.84,2026-10-30,37,Call,340.00,-0.52%,16.05,16.5,16.45,691,372,1.86,33.48%,37.53%,0.525817,"13:46 ET"
NOG,23.15,2026-10-16,23,Call,24.00,-3.63%,0.45,0.6,0.6,744,401,1.86,44.79%,38.76%,0.361072,"12:49 ET"
MSFT,499.31,2026-09-28,5,Call,520.00,-4.14%,0.63,0.69,0.73,864,464,1.86,27.91%,25.75%,0.0971,"13:46 ET"
MU,1072.84,2026-09-25,2,Call,"1,125.00",-5.35%,3.35,3.55,3.5,951,510,1.86,63.04%,59.87%,0.143422,"13:46 ET"
PGEN,7.47,2026-11-20,58,Call,8.00,-8.70%,0.5,0.7,0.9,1010,543,1.86,84.03%,79.44%,0.462889,"13:31 ET"
KC,9.7,2027-01-15,114,Put,10.00,+3.09%,1.55,1.65,1.75,1425,768,1.86,63.40%,71.44%,-0.442448,"11:21 ET"
TSLA,379.59,2026-09-28,5,Put,375.00,-1.01%,4,4.05,4.1,2236,1203,1.86,41.36%,34.55%,-0.373468,"13:46 ET"
ASND,223.43,2026-10-16,23,Call,250.00,-12.17%,0.7,1.85,2.5,539,291,1.85,41.45%,39.80%,0.145602,"13:42 ET"
IONQ,42.95,2026-10-02,9,Call,50.00,-17.12%,0.33,0.43,0.4,813,439,1.85,74.98%,82.69%,0.136523,"13:46 ET"
GOOGL,338.84,2026-09-28,5,Put,330.00,-2.43%,1.39,1.58,1.57,850,460,1.85,33.48%,30.18%,-0.213678,"13:09 ET"
MCD,237,2026-09-25,2,Call,250.00,-5.70%,0.07,0.1,0.1,3286,1776,1.85,23.27%,38.97%,0.032116,"13:46 ET"
MU,1072.84,2026-09-28,5,Call,"1,100.00",-3.01%,12.2,12.35,12.5,4552,2467,1.85,63.04%,46.62%,0.330473,"13:47 ET"
TSLA,379.59,2026-09-25,2,Call,400.00,-5.59%,0.44,0.46,0.46,34088,18394,1.85,41.36%,48.61%,0.074663,"13:47 ET"
NUAI,7.11,2026-10-02,9,Call,8.00,-12.52%,0.05,0.18,0.3,501,272,1.84,115.88%,105.77%,0.264829,"12:22 ET"
EOSE,3.7,2026-10-09,16,Call,4.00,-8.11%,0.21,0.22,0.22,1017,553,1.84,99.84%,106.02%,0.410197,"13:33 ET"
TSLA,379.59,2026-10-23,30,Put,380.00,+0.31%,18.65,18.6,18.85,1055,572,1.84,41.36%,43.78%,-0.472311,"13:43 ET"
AMZN,248.54,2026-09-28,5,Call,252.50,-1.82%,1.58,1.61,1.63,1584,860,1.84,32.77%,26.63%,0.322906,"13:46 ET"
AMD,614.57,2026-09-25,2,Put,605.00,-1.09%,5.6,5.76,5.8,2554,1390,1.84,53.75%,54.07%,-0.340679,"13:47 ET"
NBIS,231.89,2026-09-25,2,Put,232.50,+0.61%,6.3,6.24,6.6,712,390,1.83,83.23%,88.56%,-0.506663,"13:45 ET"
LITE,939.96,2026-09-25,2,Call,950.00,-1.05%,18.4,19.53,19.5,803,438,1.83,74.92%,83.53%,0.448903,"13:44 ET"
M,22.67,2027-01-15,114,Call,22.00,+3.25%,2.5,2.61,2.62,1938,1058,1.83,38.70%,44.52%,0.59461,"11:19 ET"
META,751.73,2026-09-25,2,Call,810.00,-8.56%,2.51,2.47,2.57,2805,1529,1.83,47.28%,81.77%,0.116945,"13:46 ET"
KO,88.08,2026-09-25,2,Call,88.00,-0.13%,0.55,0.65,0.73,3251,1776,1.83,19.04%,22.62%,0.530583,"13:45 ET"
DELL,549.03,2026-09-25,2,Put,522.50,-4.71%,2.24,2.2,2.43,502,276,1.82,61.36%,69.17%,-0.155203,"13:42 ET"
MRNA,185.1,2027-01-15,114,Call,185.00,-0.33%,35.3,36.26,37.8,525,289,1.82,84.21%,88.55%,0.603585,"13:29 ET"
ABNB,152.47,2026-11-20,58,Put,145.00,-4.84%,6.1,6.64,6.55,614,338,1.82,38.18%,41.69%,-0.342546,"13:02 ET"
INTC,120.62,2026-09-28,5,Put,114.00,-5.10%,0.79,0.91,0.86,720,395,1.82,66.81%,56.27%,-0.184403,"13:23 ET"
AVGO,354.69,2026-09-28,5,Call,365.00,-2.94%,1.66,1.7,1.71,799,440,1.82,36.52%,30.77%,0.230514,"13:45 ET"
MCD,237,2027-12-17,450,Call,250.00,-5.70%,24,24.25,25.2,861,474,1.82,23.27%,28.38%,0.492827,"13:25 ET"
JOBY,6.3,2026-10-02,9,Put,6.00,-4.76%,0.1,0.12,0.13,1737,955,1.82,65.29%,61.97%,-0.285611,"13:02 ET"
MU,1072.84,2026-09-25,2,Call,"1,120.00",-4.88%,4,4.1,4.15,3190,1752,1.82,63.04%,59.50%,0.165796,"13:47 ET"
MU,1072.84,2026-09-25,2,Put,"1,035.00",-3.08%,4.6,4.5,4.8,657,362,1.81,63.04%,55.49%,-0.190198,"13:45 ET"
BA,201.91,2026-09-25,2,Put,202.50,+0.50%,2.29,2.6,2.64,883,488,1.81,32.39%,36.46%,-0.534953,"13:46 ET"
META,751.73,2026-09-28,5,Call,770.00,-3.20%,11.75,11.5,11.85,1432,791,1.81,47.28%,54.30%,0.370888,"13:46 ET"
AMD,614.57,2026-09-25,2,Put,595.00,-2.72%,3,3.02,3.1,1455,805,1.81,53.75%,55.44%,-0.209623,"13:47 ET"
VKTX,41.66,2026-09-25,2,Call,45.00,-11.94%,0.26,0.4,0.65,2854,1579,1.81,77.24%,121.62%,0.219982,"13:50 ET"
AMD,614.57,2026-09-25,2,Call,620.00,-1.37%,7.45,7.45,7.65,3825,2118,1.81,53.75%,55.10%,0.422221,"13:46 ET"
META,751.73,2026-09-25,2,Put,725.00,-2.83%,5.75,6,5.9,5124,2835,1.81,47.28%,72.83%,-0.238005,"13:46 ET"
AMZN,248.54,2026-09-30,7,Call,250.00,-0.81%,3.25,3.4,3.45,555,308,1.8,32.77%,28.35%,0.460549,"13:46 ET"
SMCI,41.54,2026-09-25,2,Put,41.00,-1.23%,0.71,0.71,0.72,2726,1514,1.8,74.76%,78.95%,-0.39976,"13:47 ET"
APPS,11.72,2026-10-16,23,Call,12.00,-2.13%,0.85,0.87,0.95,2772,1540,1.8,91.62%,85.84%,0.505072,"13:47 ET"
MU,1072.84,2026-09-28,5,Call,"1,200.00",-12.37%,0.95,1.02,1.06,3104,1724,1.8,63.04%,53.30%,0.038294,"13:47 ET"
GME,24.53,2026-09-25,2,Call,24.50,-0.16%,0.54,0.55,0.56,8158,4538,1.8,53.80%,72.67%,0.52491,"13:47 ET"
PLTR,191.12,2026-10-02,9,Call,200.00,-4.72%,2.66,2.68,2.73,10657,5906,1.8,51.96%,49.28%,0.299005,"13:47 ET"
AMD,614.57,2026-10-09,16,Put,520.00,-14.98%,2.14,2.23,2.29,635,355,1.79,53.75%,55.84%,-0.067046,"13:46 ET"
LRCX,306.91,2026-10-09,16,Call,300.00,+1.71%,18.05,15.05,19.4,647,361,1.79,59.67%,58.49%,0.601477,"10:39 ET"
ONON,30.29,2026-11-20,58,Call,35.00,-15.44%,0.81,0.85,0.88,729,407,1.79,43.12%,47.87%,0.264215,"13:39 ET"
SHOP,142.61,2026-10-16,23,Call,180.00,-26.52%,0.42,0.55,0.75,1040,582,1.79,56.44%,58.75%,0.067072,"12:50 ET"
DELL,549.03,2026-09-25,2,Call,550.00,-0.30%,10.5,10.5,10.8,1761,982,1.79,61.36%,66.72%,0.504561,"13:47 ET"
MSFT,499.31,2026-10-02,9,Call,515.00,-3.14%,2.95,2.95,3.1,1880,1048,1.79,27.91%,26.78%,0.24724,"13:41 ET"
RKLB,70.87,2026-09-25,2,Call,75.00,-5.72%,0.37,0.39,0.39,13490,7551,1.79,71.44%,79.31%,0.174399,"13:46 ET"
SNDK,1822.99,2026-09-25,2,Call,"1,550.00",+14.67%,268.2,265.55,278.1,811,455,1.78,74.17%,90.63%,0.992865,"13:06 ET"
NOW,140.15,2026-09-25,2,Call,144.00,-2.82%,1.16,1.23,1.24,1039,583,1.78,56.03%,63.80%,0.294584,"13:43 ET"
NOW,140.15,2026-09-25,2,Call,138.00,+1.46%,3.75,3.87,3.95,1532,860,1.78,56.03%,63.11%,0.642331,"13:17 ET"
GOOG,335.27,2026-10-02,9,Put,340.00,+1.59%,8.85,8.82,9.1,1612,904,1.78,33.02%,31.20%,-0.594419,"13:46 ET"
INTC,120.62,2026-09-25,2,Put,109.00,-9.26%,0.11,0.12,0.13,1851,1039,1.78,66.81%,80.08%,-0.040567,"13:38 ET"
IONQ,42.95,2026-10-02,9,Call,45.00,-5.41%,1.27,1.28,1.34,3656,2058,1.78,74.98%,78.40%,0.379362,"13:44 ET"
AMD,614.57,2026-09-23,0,Put,620.00,+1.37%,5.35,5.7,6,4633,2606,1.78,53.75%,12.21%,-0.924732,"13:46 ET"
AMD,614.57,2026-09-25,2,Call,635.00,-3.82%,3.15,3.18,3.25,5016,2821,1.78,53.75%,56.24%,0.221908,"13:46 ET"
CDE,19.42,2026-10-16,23,Call,17.50,+9.61%,2.2,2.35,2.4,1002,566,1.77,60.87%,57.49%,0.788599,"13:02 ET"
GME,24.53,2026-09-25,2,Put,24.00,-1.88%,0.25,0.25,0.27,1546,874,1.77,53.80%,67.70%,-0.31742,"13:47 ET"
IONQ,42.95,2026-10-02,9,Call,43.00,-0.73%,2.02,2.09,2.1,2658,1500,1.77,74.98%,76.52%,0.524222,"13:45 ET"
CRWD,260.21,2026-09-25,2,Call,255.00,+2.33%,7.7,8.15,8.25,4060,2290,1.77,56.00%,64.65%,0.673346,"13:45 ET"
NVDA,225.15,2026-09-28,5,Call,227.50,-1.40%,1.79,1.8,1.8,4651,2626,1.77,33.05%,26.13%,0.380468,"13:47 ET"
AIG,75.81,2026-09-25,2,Call,77.00,-1.46%,0.15,0.7,0.5,501,285,1.76,24.10%,34.49%,0.275954,"10:18 ET"
PLTR,191.12,2026-10-23,30,Put,160.00,-16.22%,1.3,1.35,1.38,797,453,1.76,51.96%,51.24%,-0.095572,"13:43 ET"
XOM,161.21,2026-10-09,16,Call,165.00,-2.63%,2.31,2.47,2.42,651,371,1.75,29.68%,29.54%,0.360489,"13:43 ET"
MU,1072.84,2026-09-25,2,Call,"1,065.00",+0.27%,21.4,21.7,22,874,499,1.75,63.04%,56.87%,0.570823,"13:47 ET"
IREN,48.03,2026-09-25,2,Put,48.00,-0.17%,1.18,1.26,1.22,2197,1256,1.75,82.34%,86.01%,-0.482372,"13:43 ET"
GOOG,335.27,2026-09-25,2,Put,320.00,-4.39%,0.22,0.24,0.25,2843,1620,1.75,33.02%,40.31%,-0.054716,"13:45 ET"
TSLA,379.59,2026-09-23,0,Call,375.00,+1.01%,4.55,4.8,4.8,7428,4246,1.75,41.36%,18.37%,0.894736,"13:47 ET"
META,751.73,2026-10-02,9,Call,790.00,-5.88%,11.15,10.19,11.8,681,391,1.74,47.28%,53.74%,0.298209,"13:36 ET"
AMD,614.57,2026-12-18,86,Put,600.00,-1.90%,55.15,56.75,58,717,412,1.74,53.75%,56.18%,-0.402226,"13:22 ET"
AMZN,248.54,2026-10-02,9,Call,257.50,-3.84%,1.66,1.65,1.7,1220,701,1.74,32.77%,30.33%,0.244947,"13:45 ET"
NOG,23.15,2026-10-16,23,Call,26.00,-12.26%,0.1,0.2,0.2,747,431,1.73,44.79%,40.72%,0.131877,"11:29 ET"
MRNA,185.1,2026-09-25,2,Put,177.50,-3.74%,1.79,1.92,2.28,530,308,1.72,84.21%,86.84%,-0.271328,"13:45 ET"
RIVN,14.91,2026-10-30,37,Put,15.00,+0.74%,0.96,1.06,1.12,658,383,1.72,55.32%,53.93%,-0.472551,"13:46 ET"
ASTS,61.13,2026-10-02,9,Call,64.00,-4.66%,1.52,1.64,1.7,671,389,1.72,75.30%,71.78%,0.363676,"13:39 ET"
BAC,55.92,2027-12-17,450,Put,57.50,+2.92%,6.25,6.34,6.6,1043,608,1.72,27.51%,25.47%,-0.457674,"13:22 ET"
CRWV,87.71,2026-09-25,2,Put,86.00,-2.11%,1.26,1.39,1.37,1266,736,1.72,76.01%,81.16%,-0.355986,"13:42 ET"
MSFT,499.31,2026-09-28,5,Call,515.00,-3.14%,1.15,1.2,1.28,1357,791,1.72,27.91%,25.22%,0.15888,"13:41 ET"
NVDA,225.15,2026-09-30,7,Put,220.00,-1.95%,1.64,1.65,1.65,1591,925,1.72,33.05%,30.20%,-0.277144,"13:45 ET"
SMCI,41.54,2026-09-25,2,Put,42.50,+2.38%,1.47,1.49,1.54,570,334,1.71,74.76%,76.61%,-0.645879,"13:39 ET"
APP,310.27,2026-10-02,9,Put,300.00,-3.30%,5.6,6,6.1,927,543,1.71,60.96%,53.76%,-0.326052,"13:41 ET"
AVGO,354.69,2027-04-16,205,Call,540.00,-52.30%,8.3,8.65,8.85,513,301,1.7,36.52%,45.46%,0.156404,"13:19 ET"
PLTR,191.12,2027-06-17,267,Call,340.00,-78.03%,8.55,8.6,8.9,1064,627,1.7,51.96%,58.78%,0.201831,"13:01 ET"
META,751.73,2026-09-23,0,Call,737.50,+1.15%,14.8,14.8,15.3,1327,782,1.7,47.28%,25.70%,0.931788,"13:47 ET"
TSLA,379.59,2026-09-25,2,Call,372.50,+1.67%,9.3,9.4,9.45,2912,1715,1.7,41.36%,46.03%,0.71426,"13:47 ET"
META,751.73,2026-09-25,2,Put,700.00,-6.18%,1.76,1.8,1.8,7642,4508,1.7,47.28%,74.33%,-0.090556,"13:47 ET"
BMNR,27.57,2026-09-25,2,Put,28.50,+3.86%,1.25,1.33,1.3,566,335,1.69,75.76%,85.53%,-0.691116,"13:40 ET"
META,751.73,2026-09-28,5,Call,780.00,-4.54%,8.85,8.55,9,832,492,1.69,47.28%,55.06%,0.300009,"13:46 ET"
GOOGL,338.84,2026-10-09,16,Call,365.00,-7.91%,1.83,1.87,2,992,587,1.69,33.48%,33.39%,0.158686,"13:44 ET"
META,751.73,2026-10-02,9,Put,700.00,-6.18%,5.95,6.4,6.2,1951,1157,1.69,47.28%,52.06%,-0.176293,"13:40 ET"
DELL,549.03,2026-09-25,2,Put,550.00,+0.30%,10.9,10.75,11.35,1992,1179,1.69,61.36%,67.39%,-0.49552,"13:46 ET"
AAPL,337.24,2026-09-25,2,Call,340.00,-0.91%,1.57,1.58,1.6,27209,16055,1.69,23.88%,27.02%,0.352106,"13:47 ET"
GME,24.53,2026-11-20,58,Put,25.00,+2.21%,2.08,2.25,2.34,543,323,1.68,53.80%,49.45%,-0.500053,"12:42 ET"
DGX,233.84,2026-10-16,23,Put,240.00,+2.44%,8.8,8,10.5,561,333,1.68,26.42%,26.47%,-0.634972,"11:30 ET"
MU,1072.84,2026-10-02,9,Call,"1,075.00",-0.67%,51.1,51.73,52.65,610,364,1.68,63.04%,78.85%,0.518125,"13:46 ET"
AU,98.74,2026-10-16,23,Call,125.00,-26.97%,0.25,0.3,0.35,630,374,1.68,52.92%,56.29%,0.053615,"11:04 ET"
MU,1072.84,2026-09-25,2,Put,"1,025.00",-4.02%,3.15,3.16,3.3,662,395,1.68,63.04%,56.82%,-0.138203,"13:47 ET"
JD,27.14,2026-10-02,9,Call,28.00,-3.36%,0.19,0.22,0.24,667,397,1.68,32.80%,32.38%,0.26385,"12:55 ET"
MSTR,163.56,2026-10-23,30,Put,165.00,+1.16%,13,13.59,13.25,667,397,1.68,69.95%,67.49%,-0.473965,"13:39 ET"
VKTX,41.66,2026-09-25,2,Call,43.00,-6.97%,0.4,0.64,1.1,721,429,1.68,77.24%,100.43%,0.366568,"13:40 ET"
MU,1072.84,2026-09-25,2,Call,"1,170.00",-9.56%,0.74,0.8,0.78,856,511,1.68,63.04%,65.34%,0.037308,"13:43 ET"
MU,1072.84,2026-09-23,0,Call,"1,060.00",+0.74%,12.3,12.8,13.2,1722,1023,1.68,63.04%,19.91%,0.862416,"13:47 ET"
RIOT,24.96,2026-09-25,2,Put,24.00,-4.65%,0.25,0.25,0.32,2682,1595,1.68,83.09%,91.69%,-0.266529,"13:29 ET"
CRWV,87.71,2026-10-02,9,Call,95.00,-8.14%,1.68,1.72,1.76,2745,1636,1.68,76.01%,77.08%,0.278393,"13:45 ET"
AVGO,354.69,2026-10-30,37,Call,420.00,-18.45%,2.15,2.2,2.23,4081,2435,1.68,36.52%,39.69%,0.107032,"13:47 ET"
ARM,331.8,2026-10-02,9,Call,330.00,+0.03%,15.95,16.6,16.75,698,417,1.67,73.98%,73.92%,0.544319,"13:45 ET"
PLTR,191.12,2026-10-02,9,Call,192.50,-0.80%,5.3,5.5,5.55,1841,1100,1.67,51.96%,49.48%,0.486912,"13:44 ET"
MSTR,163.56,2026-09-25,2,Call,167.50,-2.69%,2.41,2.43,2.46,4375,2621,1.67,69.95%,83.33%,0.364686,"13:46 ET"
NVDA,225.15,2026-09-23,0,Call,222.50,+0.83%,2.73,2.76,2.76,8508,5101,1.67,33.05%,14.28%,0.948933,"13:47 ET"
TSLA,379.59,2026-10-02,9,Call,400.00,-5.59%,3.75,3.85,3.85,10926,6544,1.67,41.36%,45.47%,0.245,"13:47 ET"
AMZN,248.54,2026-09-25,2,Put,250.00,+0.81%,3,3.05,3.1,11815,7066,1.67,32.77%,31.89%,-0.582677,"13:47 ET"
ARM,331.8,2026-09-25,2,Call,332.50,-0.72%,7.55,7.87,8.2,500,302,1.66,73.98%,83.76%,0.499114,"13:45 ET"
MU,1072.84,2026-10-02,9,Call,"1,070.00",-0.20%,53.45,54,54.5,616,372,1.66,63.04%,78.43%,0.533032,"13:47 ET"
GOOG,335.27,2026-10-09,16,Call,400.00,-19.52%,0.23,0.23,0.3,754,455,1.66,33.02%,41.52%,0.024776,"12:54 ET"
NFLX,71.67,2026-09-25,2,Call,71.00,+0.89%,1.15,1.16,1.17,4044,2429,1.66,35.28%,34.73%,0.661226,"13:47 ET"
HOOD,125.24,2026-09-25,2,Call,125.00,-0.14%,2.75,2.77,2.79,13983,8399,1.66,63.21%,71.35%,0.526509,"13:47 ET"
MS,199.02,2026-09-25,2,Put,195.00,-1.86%,0.59,0.9,1,592,359,1.65,34.55%,38.28%,-0.237016,"13:03 ET"
PLTR,191.12,2026-10-02,9,Call,215.00,-12.58%,0.56,0.59,0.62,1320,802,1.65,51.96%,52.26%,0.084731,"13:42 ET"
SNDK,1822.99,2026-09-25,2,Call,"1,950.00",-7.35%,7.5,7.77,8,1850,1121,1.65,74.17%,82.20%,0.140664,"13:47 ET"
UBER,69.5,2026-09-25,2,Call,68.00,+2.37%,1.71,1.94,1.82,605,369,1.64,35.59%,37.74%,0.791756,"12:56 ET"
TSLA,379.59,2026-09-30,7,Call,387.50,-2.29%,4.8,5,4.9,675,411,1.64,41.36%,38.51%,0.361775,"13:45 ET"
AMZN,248.54,2026-09-25,2,Call,242.50,+2.21%,6.65,6.59,6.95,1697,1034,1.64,32.77%,35.72%,0.834041,"13:43 ET"
AMZN,248.54,2026-09-25,2,Put,257.50,+3.84%,8.55,9.28,9.5,2073,1263,1.64,32.77%,33.37%,-0.920391,"13:43 ET"
BRK.B,510.85,2026-09-25,2,Call,510.00,+0.15%,2.7,3.1,3.25,2175,1328,1.64,14.81%,15.74%,0.577083,"13:45 ET"
TSLA,379.59,2026-09-30,7,Call,400.00,-5.59%,1.95,2.08,2,2883,1759,1.64,41.36%,39.71%,0.179127,"13:44 ET"
BAC,55.92,2026-10-02,9,Call,56.00,-0.23%,0.8,0.81,0.86,533,326,1.63,27.51%,24.86%,0.492509,"13:41 ET"
BRK.B,510.85,2026-09-25,2,Call,507.50,+0.64%,4.25,4.55,5,1266,779,1.63,14.81%,15.90%,0.729107,"13:42 ET"
MSTR,163.56,2026-10-02,9,Put,160.00,-1.91%,5.15,5.2,5.3,2009,1230,1.63,69.95%,68.51%,-0.394078,"13:47 ET"
NFLX,71.67,2026-10-02,9,Call,73.00,-1.90%,0.92,0.92,0.94,2564,1577,1.63,35.28%,32.13%,0.379676,"13:43 ET"
BIDU,89.55,2026-09-25,2,Call,90.00,-0.60%,0.91,0.93,1.06,531,327,1.62,40.47%,44.50%,0.451088,"13:41 ET"
SNDK,1822.99,2026-09-25,2,Put,"1,840.00",+1.30%,46.9,50,49.2,889,549,1.62,74.17%,71.92%,-0.559405,"13:42 ET"
AAPL,337.24,2026-09-28,5,Put,337.50,+0.16%,3.2,3.25,3.35,936,577,1.62,23.88%,20.58%,-0.499156,"13:47 ET"
KC,9.7,2027-01-15,114,Call,10.00,-3.09%,1.35,1.4,1.6,1089,673,1.62,63.40%,71.99%,0.562225,"11:55 ET"
MSTR,163.56,2026-10-02,9,Put,165.00,+1.16%,7.7,7.76,7.85,1437,887,1.62,69.95%,69.35%,-0.506484,"13:47 ET"
FTNT,177.26,2026-10-16,23,Call,185.00,-4.42%,4.95,5.25,5.45,2138,1320,1.62,51.21%,45.94%,0.386372,"13:46 ET"
NFLX,71.67,2026-09-25,2,Put,71.00,-0.89%,0.39,0.4,0.4,9749,6029,1.62,35.28%,33.37%,-0.333362,"13:47 ET"
HIMS,28.89,2026-10-02,9,Put,30.00,+3.52%,1.81,1.67,1.9,504,314,1.61,72.56%,67.08%,-0.617718,"12:32 ET"
BRK.B,510.85,2026-10-02,9,Call,510.00,+0.15%,5.1,5.4,5.6,660,409,1.61,14.81%,14.31%,0.555673,"13:38 ET"
TSLA,379.59,2026-10-09,16,Put,370.00,-2.33%,8.2,8.4,8.3,676,421,1.61,41.36%,40.35%,-0.36067,"13:24 ET"
RIVN,14.91,2026-10-09,16,Call,15.00,-0.74%,0.61,0.62,0.63,704,437,1.61,55.32%,52.11%,0.506795,"13:47 ET"
INTC,120.62,2026-10-02,9,Put,112.00,-6.77%,1.55,1.7,1.61,881,547,1.61,66.81%,64.74%,-0.215076,"13:28 ET"
MSFT,499.31,2026-09-28,5,Call,505.00,-1.14%,3.3,3.5,3.6,966,599,1.61,27.91%,24.17%,0.36296,"13:46 ET"
GRAB,3.17,2027-04-16,205,Put,3.00,-5.66%,0.4,0.42,0.43,2109,1307,1.61,58.32%,57.81%,-0.349062,"13:26 ET"
NOW,140.15,2026-09-25,2,Call,140.00,+0.04%,2.66,2.7,2.7,4336,2692,1.61,56.03%,62.13%,0.522654,"13:47 ET"
MSTR,163.56,2026-09-25,2,Put,165.00,+1.16%,4.5,4.55,4.65,6243,3887,1.61,69.95%,79.61%,-0.543959,"13:47 ET"
SOFI,16.73,2026-10-02,9,Call,17.00,-1.49%,0.35,0.35,0.36,6322,3937,1.61,48.29%,45.16%,0.425466,"13:46 ET"
TSLA,379.59,2027-02-19,149,Call,455.00,-20.11%,20.4,20.32,20.85,710,445,1.6,41.36%,44.98%,0.332336,"13:34 ET"
KO,88.08,2026-09-25,2,Put,89.00,+1.26%,1.08,1.5,1.32,1634,1019,1.6,19.04%,25.02%,-0.705436,"13:20 ET"
TSLA,379.59,2026-10-02,9,Call,382.50,-0.97%,9.25,9.34,9.35,1672,1044,1.6,41.36%,44.43%,0.473345,"13:47 ET"
PINS,18.22,2027-12-17,450,Put,18.00,-1.32%,3.65,3.8,3.8,3001,1873,1.6,51.02%,53.92%,-0.356624,"12:25 ET"
BILI,15,2027-01-15,114,Put,15.00,+0.20%,1.56,1.6,1.66,3898,2438,1.6,47.79%,50.48%,-0.434652,"13:43 ET"
QUBT,9.35,2026-09-25,2,Call,9.50,-2.04%,0.14,0.13,0.16,4684,2930,1.6,72.13%,78.39%,0.400866,"13:40 ET"
UNH,370.4,2026-10-02,9,Put,350.00,-5.55%,1.09,1.18,1.22,576,362,1.59,39.35%,32.08%,-0.122459,"13:23 ET"
SUPV,7.68,2027-04-16,205,Call,10.00,-30.21%,0.55,0.6,0.85,600,377,1.59,61.01%,65.39%,0.350895,"10:20 ET"
BABA,111.08,2026-10-09,16,Call,115.00,-3.68%,2.33,2.33,2.41,725,457,1.59,41.05%,42.93%,0.364379,"13:39 ET"
SPCX,150.17,2026-10-30,37,Call,180.00,-19.67%,1.72,1.76,1.76,1121,703,1.59,49.63%,50.02%,0.150414,"13:41 ET"
CVX,206.02,2026-09-25,2,Put,202.50,-1.56%,0.59,0.65,0.82,1591,999,1.59,27.40%,32.53%,-0.238804,"13:43 ET"
MSFT,499.31,2026-11-20,58,Put,435.00,-12.88%,4.45,4.64,4.7,1754,1105,1.59,27.91%,33.65%,-0.128807,"13:07 ET"
HOOD,125.24,2026-09-25,2,Put,117.00,-6.27%,0.3,0.32,0.33,2111,1331,1.59,63.21%,72.56%,-0.097241,"13:44 ET"
NVDA,225.15,2026-09-25,2,Call,230.00,-2.51%,0.57,0.57,0.58,128638,80919,1.59,33.05%,32.41%,0.194363,"13:47 ET"
TSLA,379.59,2026-10-02,9,Put,372.50,-1.67%,6.9,6.87,7,573,363,1.58,41.36%,43.20%,-0.375342,"13:43 ET"
OXY,57.65,2026-10-02,9,Call,61.00,-6.05%,0.21,0.28,0.31,581,367,1.58,34.48%,35.37%,0.158627,"11:28 ET"
UNH,370.4,2026-09-25,2,Put,355.00,-4.20%,0.17,0.22,0.24,635,401,1.58,39.35%,35.50%,-0.049884,"13:09 ET"
AGNC,9.92,2027-01-15,114,Call,9.00,+9.09%,0.91,0.96,1.01,653,413,1.58,23.36%,16.19%,0.869932,"13:04 ET"
AMZN,248.54,2026-10-05,12,Call,255.00,-2.83%,2.59,2.43,2.76,813,513,1.58,32.77%,28.22%,0.328965,"13:24 ET"
NOW,140.15,2026-09-25,2,Call,141.00,-0.68%,2.19,2.17,2.31,1823,1152,1.58,56.03%,63.18%,0.461928,"13:36 ET"
GOOGL,338.84,2026-09-25,2,Put,342.50,+1.26%,5.45,5.7,5.75,2760,1749,1.58,33.48%,36.18%,-0.641354,"13:45 ET"
GOOGL,338.84,2026-10-02,9,Put,330.00,-2.43%,2.88,2.95,3,2976,1880,1.58,33.48%,31.33%,-0.278226,"13:47 ET"
AMC,2.91,2028-01-21,485,Put,3.50,+20.69%,1.36,1.44,1.51,4001,2525,1.58,83.36%,82.78%,-0.379376,"13:06 ET"
Z,29,2026-12-18,86,Put,20.00,-31.06%,0.25,0.25,0.35,504,321,1.57,56.48%,59.50%,-0.071527,"13:34 ET"
PBR,21.18,2026-10-09,16,Put,21.50,+1.75%,1.05,1.15,1.18,621,396,1.57,49.56%,53.28%,-0.530854,"11:17 ET"
AAPL,337.24,2026-09-23,0,Call,332.50,+1.32%,4.7,4.95,5,1178,748,1.57,23.88%,13.86%,0.977592,"13:45 ET"
QCOM,197.29,2026-09-25,2,Put,190.00,-3.23%,0.81,0.81,0.9,1528,974,1.57,51.42%,58.58%,-0.180274,"13:46 ET"
AMZN,248.54,2026-09-30,7,Call,260.00,-4.85%,0.69,0.7,0.78,2208,1403,1.57,32.77%,29.31%,0.144395,"13:36 ET"
ASST,28.94,2026-10-09,16,Call,31.00,-7.01%,0.94,1.29,1.28,642,411,1.56,77.80%,77.55%,0.372933,"12:43 ET"
CRML,7.91,2026-10-16,23,Put,7.00,-12.17%,0.35,0.4,0.5,890,569,1.56,102.79%,108.07%,-0.277227,"13:45 ET"
BE,275.12,2026-09-25,2,Put,280.00,+2.57%,10.25,10.6,10.5,1454,934,1.56,79.01%,90.67%,-0.599422,"13:45 ET"
GOOG,335.27,2026-10-02,9,Call,340.00,-1.59%,4.8,4.85,4.9,2063,1325,1.56,33.02%,32.02%,0.410455,"13:47 ET"
AMD,614.57,2026-09-25,2,Put,570.00,-6.81%,0.68,0.68,0.71,2089,1335,1.56,53.75%,64.50%,-0.054824,"13:43 ET"
META,751.73,2026-09-25,2,Put,675.00,-9.53%,0.52,0.54,0.61,2416,1547,1.56,47.28%,80.20%,-0.031718,"13:47 ET"
PLTR,191.12,2026-09-25,2,Put,180.00,-5.75%,0.27,0.28,0.29,7108,4555,1.56,51.96%,57.95%,-0.074897,"13:47 ET"
PTON,4.82,2028-01-21,485,Call,12.00,-148.96%,0.27,0.31,0.32,35029,22522,1.56,54.63%,62.77%,0.204477,"13:14 ET"
NVDA,225.15,2026-10-16,23,Call,260.00,-15.88%,0.27,0.27,0.28,44554,28774,1.55,33.05%,31.44%,0.039486,"13:45 ET"
ADBE,240.16,2026-10-02,9,Call,250.00,-4.08%,2.54,2.69,2.89,595,383,1.55,40.15%,41.68%,0.286134,"13:30 ET"
JPM,338.28,2026-09-25,2,Call,340.00,-0.43%,1.77,1.98,2.14,1758,1137,1.55,27.02%,27.38%,0.403367,"13:47 ET"
SPCX,150.17,2026-10-09,16,Call,155.00,-3.05%,4.05,4.1,4.1,2066,1332,1.55,49.63%,47.88%,0.401371,"13:46 ET"
INTC,120.62,2026-09-25,2,Put,121.00,+0.72%,2.59,2.63,2.69,2821,1820,1.55,66.81%,69.12%,-0.511912,"13:43 ET"
GOOG,335.27,2026-09-25,2,Put,340.00,+1.59%,6.2,6.28,6.4,3503,2257,1.55,33.02%,36.26%,-0.685875,"13:47 ET"
TSLA,379.59,2026-09-25,2,Call,397.50,-4.93%,0.6,0.63,0.62,4227,2731,1.55,41.36%,47.68%,0.097981,"13:47 ET"
TSLA,379.59,2026-10-02,9,Call,390.00,-2.95%,6.45,6.49,6.5,4957,3200,1.55,41.36%,44.92%,0.366649,"13:47 ET"
NCLH,14.09,2026-11-20,58,Put,14.00,-0.36%,1.11,1.17,1.18,515,334,1.54,52.50%,54.94%,-0.437565,"13:28 ET"
SPCX,150.17,2027-02-19,149,Put,145.00,-3.60%,15.65,15.89,16.15,599,388,1.54,49.63%,51.74%,-0.380109,"13:12 ET"
GIS,35.39,2027-03-19,177,Put,32.50,-8.11%,1.75,1.85,2,619,402,1.54,33.12%,31.73%,-0.321046,"12:16 ET"
INTC,120.62,2026-10-16,23,Put,118.00,-1.77%,6.2,6.25,6.3,619,403,1.54,66.81%,63.66%,-0.409502,"13:46 ET"
EOSE,3.7,2026-09-25,2,Call,3.50,+5.41%,0.21,0.24,0.25,755,489,1.54,99.84%,87.64%,0.819381,"13:43 ET"
DELL,549.03,2026-09-25,2,Call,580.00,-5.77%,2.12,2.2,2.27,1640,1068,1.54,61.36%,69.25%,0.153094,"13:47 ET"
MP,49.06,2027-03-19,177,Put,40.00,-18.42%,2.94,3.1,3.25,2543,1648,1.54,57.82%,56.68%,-0.225786,"13:28 ET"
SPCX,150.17,2026-09-25,2,Put,150.00,-0.27%,2.27,2.28,2.28,27592,17959,1.54,49.63%,53.53%,-0.47902,"13:47 ET"
MSTR,163.56,2026-10-02,9,Put,167.50,+2.69%,9.2,9.6,9.35,795,520,1.53,69.95%,69.93%,-0.560608,"13:40 ET"
TSLA,379.59,2026-09-28,5,Call,377.50,+0.35%,7.35,7.45,7.5,961,629,1.53,41.36%,35.64%,0.562234,"13:47 ET"
PLTR,191.12,2027-12-17,450,Call,230.00,-20.43%,39.55,39.65,40.7,2054,1343,1.53,51.96%,59.22%,0.549466,"13:14 ET"
UBER,69.5,2026-09-25,2,Put,69.00,-0.93%,0.47,0.5,0.52,4542,2965,1.53,35.59%,35.72%,-0.380716,"13:48 ET"
GME,24.53,2026-10-16,23,Call,22.50,+8.01%,2.44,2.51,2.59,517,340,1.52,53.80%,53.57%,0.75954,"13:44 ET"
NMM,87.84,2026-11-20,58,Put,85.00,-3.41%,2.6,3.2,4,625,410,1.52,34.10%,34.67%,-0.367452,"13:33 ET"
GOOG,335.27,2026-10-23,30,Call,390.00,-16.53%,1,1.09,1.14,748,491,1.52,33.02%,34.58%,0.074685,"13:47 ET"
CRWV,87.71,2026-10-23,30,Call,90.00,-2.45%,6.45,6.43,6.75,931,612,1.52,76.01%,74.48%,0.501087,"13:41 ET"
UNH,370.4,2026-09-25,2,Call,375.00,-1.20%,1.58,1.64,1.8,940,617,1.52,39.35%,31.49%,0.308847,"13:20 ET"
MU,1072.84,2026-09-28,5,Call,"1,150.00",-7.69%,3.35,3.55,3.55,1382,909,1.52,63.04%,49.04%,0.117304,"13:46 ET"
ABSI,9.65,2027-01-15,114,Call,9.00,+7.02%,2.4,2.75,3.3,1500,988,1.52,90.54%,121.51%,0.6764,"11:58 ET"
CYPH,3.6,2026-10-16,23,Put,2.50,-30.17%,0.1,0.11,0.15,1831,1208,1.52,166.42%,163.96%,-0.137109,"13:43 ET"
IBM,235.05,2026-09-25,2,Call,240.00,-2.12%,1.02,1.17,1.13,3177,2090,1.52,37.45%,41.30%,0.253423,"13:47 ET"
CRM,239.35,2026-09-25,2,Call,245.00,-2.20%,1.19,1.27,1.3,3480,2282,1.52,39.90%,46.35%,0.256349,"13:45 ET"
META,751.73,2026-09-25,2,Call,750.00,-0.52%,17.8,17.74,18,14790,9745,1.52,47.28%,75.38%,0.533151,"13:47 ET"
TTWO,208.71,2026-09-25,2,Call,207.50,+0.53%,3,3.1,3.6,525,347,1.51,41.66%,45.03%,0.564577,"13:30 ET"
FSLY,26.52,2026-09-25,2,Put,24.00,-8.88%,0.05,0.35,0.4,538,357,1.51,95.35%,138.07%,-0.152399,"13:35 ET"
PURR,13.77,2027-01-15,114,Call,28.00,-104.68%,0.75,0.8,0.85,539,358,1.51,100.75%,112.65%,0.213239,"11:37 ET"
GME,24.53,2026-10-02,9,Put,23.50,-3.92%,0.3,0.38,0.41,597,396,1.51,53.80%,50.81%,-0.280361,"13:09 ET"
FSLY,26.52,2026-09-25,2,Call,26.00,+1.29%,1.2,1.45,1.6,695,459,1.51,95.35%,145.02%,0.593482,"13:47 ET"
TSLA,379.59,2026-10-02,9,Put,280.00,-26.08%,0.09,0.1,0.11,1164,773,1.51,41.36%,79.72%,-0.006266,"12:36 ET"
AG,19.08,2026-09-25,2,Call,19.00,+0.37%,0.37,0.37,0.41,1173,777,1.51,59.81%,61.19%,0.549798,"13:42 ET"
INTC,120.62,2026-10-02,9,Call,121.00,-0.72%,4.75,4.8,4.85,1234,818,1.51,66.81%,65.21%,0.511851,"13:46 ET"
AMZN,248.54,2026-09-25,2,Call,240.00,+3.22%,8.65,8.91,9.3,1294,857,1.51,32.77%,35.63%,0.913954,"13:45 ET"
MSFT,499.31,2026-09-25,2,Call,517.50,-3.64%,0.45,0.49,0.49,2208,1462,1.51,27.91%,33.84%,0.083058,"13:44 ET"
IONQ,42.95,2026-09-25,2,Call,42.00,+1.62%,1.61,1.71,1.75,4183,2770,1.51,74.98%,89.87%,0.647199,"13:46 ET"
TSLA,379.59,2026-09-25,2,Put,365.00,-3.65%,0.75,0.76,0.77,6063,4004,1.51,41.36%,45.41%,-0.119458,"13:47 ET"
GOOG,335.27,2026-09-25,2,Put,335.00,+0.10%,3.2,3.3,3.3,8001,5295,1.51,33.02%,35.33%,-0.472018,"13:47 ET"
JPM,338.28,2026-10-02,9,Call,350.00,-3.39%,1.04,1.12,1.21,755,503,1.5,27.02%,22.69%,0.175943,"13:41 ET"
AAPL,337.24,2026-10-23,30,Put,315.00,-6.51%,1.8,1.94,2,1523,1012,1.5,23.88%,24.65%,-0.149446,"13:24 ET"
CRM,239.35,2026-09-25,2,Call,240.00,-0.11%,2.85,3.07,3.15,4338,2888,1.5,39.90%,46.39%,0.478627,"13:42 ET"
AMZN,248.54,2026-09-25,2,Call,257.50,-3.84%,0.3,0.3,0.31,13287,8880,1.5,32.77%,35.99%,0.098568,"13:47 ET"
F,13.05,2026-10-23,30,Put,13.00,-0.31%,0.42,0.44,0.46,516,346,1.49,34.09%,30.39%,-0.473314,"13:43 ET"
NFLX,71.67,2027-09-17,359,Put,60.00,-16.25%,4.25,4.35,4.45,548,368,1.49,35.28%,38.21%,-0.229247,"13:43 ET"
MMM,169.73,2026-10-02,9,Put,170.00,+0.32%,2.54,2.84,3.05,609,409,1.49,26.75%,24.70%,-0.512741,"11:53 ET"
RKLB,70.87,2026-10-02,9,Call,73.00,-2.90%,2.12,2.11,2.23,782,525,1.49,71.44%,69.02%,0.415505,"13:08 ET"
SMR,8.72,2026-10-16,23,Call,9.50,-9.20%,0.38,0.37,0.4,807,542,1.49,77.46%,77.34%,0.37087,"13:10 ET"
COIN,199.26,2026-09-25,2,Put,195.00,-2.08%,2.25,2.24,2.33,2313,1548,1.49,65.23%,71.32%,-0.323795,"13:46 ET"
HPE,62.71,2026-09-25,2,Call,63.00,-1.22%,1.16,1.26,1.37,2652,1783,1.49,64.31%,76.52%,0.47535,"13:47 ET"
SNDK,1822.99,2026-09-25,2,Call,"1,890.00",-4.05%,16.3,16.97,17.3,540,365,1.48,74.17%,76.85%,0.271926,"13:46 ET"
AAPL,337.24,2026-09-28,5,Put,332.50,-1.32%,1.36,1.56,1.48,583,395,1.48,23.88%,21.24%,-0.27261,"13:31 ET"
INTC,120.62,2026-10-02,9,Put,117.00,-2.61%,3.1,3.35,3.2,590,399,1.48,66.81%,64.32%,-0.359184,"13:24 ET"
AMZN,248.54,2026-09-28,5,Put,240.00,-3.22%,0.51,0.55,0.57,706,477,1.48,32.77%,27.79%,-0.131185,"13:44 ET"
PSKY,9.89,2026-09-25,2,Call,10.00,+0.70%,0.15,0.3,0.35,750,507,1.48,59.84%,98.62%,0.468649,"13:09 ET"
GOOGL,338.84,2026-10-16,23,Put,337.50,-0.22%,9.25,9.75,9.45,856,578,1.48,33.48%,30.72%,-0.452844,"13:39 ET"
BE,275.12,2026-09-25,2,Call,277.50,-1.66%,6,6,6.2,956,644,1.48,79.01%,90.98%,0.453488,"13:46 ET"
HOOD,125.24,2026-10-02,9,Put,125.00,+0.14%,4.7,4.8,4.9,959,648,1.48,63.21%,63.43%,-0.46961,"13:47 ET"
META,751.73,2026-09-30,7,Call,800.00,-7.22%,7,7,7.15,9565,6460,1.48,47.28%,54.96%,0.222605,"13:47 ET"
BABA,111.08,2026-10-02,9,Call,112.00,-0.97%,2.45,2.44,2.59,549,374,1.47,41.05%,42.66%,0.461531,"13:42 ET"
MITK,17.9,2026-11-20,58,Call,22.50,-25.42%,0.45,0.52,0.55,600,407,1.47,62.20%,62.34%,0.219885,"12:37 ET"
HPE,62.71,2026-10-16,23,Call,63.00,-1.22%,3.9,4.04,4.3,601,408,1.47,64.31%,67.08%,0.5249,"13:47 ET"
SHOP,142.61,2026-09-25,2,Put,142.00,-0.19%,2.67,2.97,3.15,791,539,1.47,56.44%,74.66%,-0.465751,"13:40 ET"
TEM,76.42,2026-09-25,2,Put,75.00,-2.02%,1.3,1.45,1.51,898,612,1.47,75.65%,89.43%,-0.383126,"13:42 ET"
META,751.73,2027-06-17,267,Put,760.00,+1.86%,105.45,105.55,107.25,983,667,1.47,47.28%,43.73%,-0.41846,"13:07 ET"
SNDK,1822.99,2026-09-25,2,Call,"2,100.00",-15.61%,1.5,1.7,1.7,1563,1065,1.47,74.17%,100.49%,0.031094,"13:46 ET"
NVDA,225.15,2026-09-30,7,Call,225.00,-0.28%,3.8,3.82,3.85,2337,1590,1.47,33.05%,29.44%,0.522319,"13:47 ET"
META,751.73,2026-09-25,2,Call,850.00,-13.92%,0.5,0.58,0.63,4001,2728,1.47,47.28%,86.72%,0.030768,"13:47 ET"
MRNA,185.1,2026-09-25,2,Call,200.00,-8.47%,0.84,0.9,1.05,12090,8199,1.47,84.21%,99.74%,0.140664,"13:47 ET"
HIMS,28.89,2026-09-25,2,Put,29.00,+0.07%,0.67,0.67,0.72,691,473,1.46,72.56%,75.03%,-0.515074,"13:45 ET"
AMD,614.57,2026-10-02,9,Call,615.00,-0.55%,19.35,19.5,19.55,1044,713,1.46,53.75%,50.58%,0.515636,"13:47 ET"
NVDA,225.15,2026-09-30,7,Put,222.50,-0.83%,2.39,2.4,2.41,1393,953,1.46,33.05%,29.40%,-0.371346,"13:47 ET"
NVO,38.24,2027-09-17,359,Put,30.00,-21.59%,1.97,1.95,2.13,2011,1374,1.46,32.61%,35.90%,-0.213767,"13:21 ET"
GOOGL,338.84,2026-09-25,2,Put,340.00,+0.52%,4,4.12,4.2,5652,3883,1.46,33.48%,36.15%,-0.535051,"13:47 ET"
SNDK,1822.99,2026-10-02,9,Call,"1,850.00",-1.85%,74.7,76,76.6,600,413,1.45,74.17%,76.54%,0.477326,"13:47 ET"
AMD,614.57,2026-09-25,2,Call,637.50,-4.23%,2.71,2.71,2.77,678,469,1.45,53.75%,56.48%,0.195941,"13:43 ET"
NFLX,71.67,2028-01-21,485,Put,73.00,+1.90%,11.1,11.25,11.4,946,653,1.45,35.28%,37.47%,-0.403861,"13:11 ET"
GOOG,335.27,2026-10-02,9,Call,345.00,-3.08%,3.15,3.21,3.3,1190,819,1.45,33.02%,32.34%,0.304625,"13:45 ET"
AMZN,248.54,2026-09-25,2,Put,260.00,+4.85%,11.1,11.52,11.75,3250,2243,1.45,32.77%,35.32%,-0.956463,"13:46 ET"
PLTR,191.12,2026-10-02,9,Call,190.00,+0.51%,6.5,6.75,6.7,5422,3728,1.45,51.96%,49.08%,0.554058,"13:44 ET"
AVGO,354.69,2026-09-28,5,Put,357.50,+0.83%,5.95,6.2,6.15,517,360,1.44,36.52%,28.91%,-0.569797,"13:41 ET"
QCOM,197.29,2026-09-25,2,Put,192.50,-1.96%,1.33,1.42,1.46,636,441,1.44,51.42%,57.51%,-0.266504,"13:43 ET"
GOOGL,338.84,2027-04-16,205,Put,280.00,-17.22%,9.25,9.54,9.5,800,554,1.44,33.48%,34.73%,-0.175029,"12:54 ET"
CVNA,64.21,2026-09-25,2,Put,63.00,-1.44%,0.73,1,0.87,956,664,1.44,61.88%,70.59%,-0.345859,"13:13 ET"
USAR,16.09,2026-10-02,9,Put,16.00,-0.19%,0.65,0.65,0.72,1412,980,1.44,74.64%,73.00%,-0.456194,"13:44 ET"
RIVN,14.91,2026-10-02,9,Call,15.50,-4.10%,0.27,0.27,0.29,1738,1211,1.44,55.32%,54.22%,0.344998,"13:38 ET"
META,751.73,2026-09-25,2,Call,785.00,-5.21%,6,5.78,6.15,2587,1795,1.44,47.28%,78.70%,0.241663,"13:46 ET"
HOOD,125.24,2026-09-25,2,Put,120.00,-3.86%,0.73,0.75,0.76,2960,2057,1.44,63.21%,70.74%,-0.198804,"13:44 ET"
NBIS,231.89,2026-09-25,2,Call,235.00,-1.69%,4.75,4.9,5.15,3157,2197,1.44,83.23%,93.52%,0.433992,"13:45 ET"
OKTA,202.99,2026-11-20,58,Call,200.00,+1.54%,20.95,21.15,21.65,506,355,1.43,58.64%,60.49%,0.579988,"13:43 ET"
META,751.73,2026-10-16,23,Put,735.00,-1.49%,25.5,26.55,25.7,622,436,1.43,47.28%,45.84%,-0.392283,"13:40 ET"
MSFT,499.31,2026-10-23,30,Call,530.00,-6.15%,4.6,4.7,5,739,515,1.43,27.91%,25.68%,0.231978,"13:40 ET"
META,751.73,2026-10-02,9,Call,755.00,-1.19%,23.3,23.46,24.4,837,587,1.43,47.28%,52.86%,0.502504,"13:47 ET"
MSFT,499.31,2026-09-25,2,Call,490.00,+1.86%,10.95,11.05,11.5,1352,945,1.43,27.91%,33.76%,0.787235,"13:24 ET"
INFQ,13.97,2026-09-25,2,Call,14.50,-3.65%,0.25,0.3,0.3,1913,1342,1.43,88.91%,118.62%,0.349695,"13:16 ET"
COIN,199.26,2026-09-25,2,Put,202.50,+1.69%,5.75,6,6.3,627,442,1.42,65.23%,73.35%,-0.598566,"13:20 ET"
AMD,614.57,2026-09-25,2,Call,617.50,-0.96%,8.5,8.6,8.75,759,536,1.42,53.75%,55.16%,0.461369,"13:46 ET"
SBLK,30.46,2026-10-16,23,Put,30.00,-1.77%,0.65,0.75,0.8,776,546,1.42,32.21%,30.30%,-0.413019,"13:22 ET"
PURR,13.77,2027-01-15,114,Call,14.00,-2.34%,2.8,2.99,3.1,1129,796,1.42,100.75%,98.41%,0.604395,"12:33 ET"
UBER,69.5,2026-10-02,9,Call,71.00,-1.94%,0.86,0.93,0.97,1287,908,1.42,35.59%,34.54%,0.365117,"13:22 ET"
TSLA,379.59,2026-09-28,5,Put,377.50,-0.35%,5,5.2,5.2,1409,991,1.42,41.36%,34.54%,-0.437186,"13:45 ET"
META,751.73,2026-09-25,2,Put,705.00,-5.51%,2.25,2.34,2.3,1626,1145,1.42,47.28%,73.73%,-0.111725,"13:44 ET"
SHOP,142.61,2026-09-25,2,Call,150.00,-5.43%,0.64,0.73,0.82,4096,2886,1.42,56.44%,73.45%,0.178518,"13:47 ET"
MSFT,499.31,2026-09-25,2,Call,515.00,-3.14%,0.64,0.65,0.72,7101,4985,1.42,27.91%,33.47%,0.114055,"13:47 ET"
NFLX,71.67,2026-09-25,2,Call,72.00,-0.50%,0.61,0.61,0.62,8521,6007,1.42,35.28%,34.78%,0.449054,"13:47 ET"
CRWD,260.21,2026-10-02,9,Put,240.00,-8.07%,2.08,2.16,2.29,503,357,1.41,56.00%,56.89%,-0.169032,"13:46 ET"
AUR,6.16,2027-03-19,177,Call,7.00,-16.09%,0.85,0.9,1,604,429,1.41,72.39%,70.45%,0.50577,"11:49 ET"
KO,88.08,2026-10-02,9,Put,88.00,+0.13%,0.87,1.15,0.92,606,431,1.41,19.04%,17.29%,-0.474899,"13:21 ET"
GOOG,335.27,2026-10-30,37,Put,300.00,-10.36%,3.1,3.25,3.3,742,528,1.41,33.02%,36.79%,-0.14937,"13:41 ET"
AMZN,248.54,2026-10-30,37,Call,250.00,-0.81%,12.1,12.3,12.4,1029,728,1.41,32.77%,39.41%,0.519949,"13:47 ET"
DIS,103.97,2026-09-25,2,Call,105.00,-0.91%,0.48,0.6,0.62,1557,1104,1.41,26.98%,31.47%,0.343994,"13:34 ET"
AMD,614.57,2026-09-25,2,Put,620.00,+1.37%,12.7,13.04,12.95,2502,1779,1.41,53.75%,54.06%,-0.580042,"13:44 ET"
KO,88.08,2026-10-02,9,Call,89.00,-1.26%,0.6,0.6,0.66,893,639,1.4,19.04%,18.19%,0.369462,"13:40 ET"
IONQ,42.95,2026-10-09,16,Call,45.00,-5.41%,1.76,1.92,1.94,1200,856,1.4,74.98%,74.18%,0.416793,"13:17 ET"
MSFT,499.31,2026-09-25,2,Put,492.50,-1.36%,1.67,1.85,1.82,1681,1205,1.4,27.91%,30.35%,-0.255774,"13:36 ET"
ARM,331.8,2026-09-25,2,Call,350.00,-6.03%,2.59,2.63,2.73,2180,1552,1.4,73.98%,89.13%,0.218929,"13:47 ET"
META,751.73,2027-01-15,114,Put,640.00,-14.22%,23.75,24.18,24.35,3084,2210,1.4,47.28%,43.85%,-0.20581,"13:43 ET"
AAPL,337.24,2026-09-25,2,Put,332.50,-1.32%,0.93,0.96,0.98,6228,4438,1.4,23.88%,27.51%,-0.235178,"13:47 ET"
MRNA,185.1,2027-01-15,114,Call,180.00,+2.38%,38,38.56,39.25,510,367,1.39,84.21%,88.56%,0.624773,"12:05 ET"
TE,4.12,2026-10-09,16,Call,4.50,-8.96%,0.15,0.22,0.25,514,371,1.39,101.17%,98.01%,0.379062,"13:17 ET"
HPE,62.71,2026-09-25,2,Call,64.00,-2.83%,0.83,0.9,1.05,945,681,1.39,64.31%,80.72%,0.374788,"13:45 ET"
RIVN,14.91,2026-11-20,58,Call,17.00,-14.17%,0.77,0.77,0.78,1136,819,1.39,55.32%,62.39%,0.352669,"13:47 ET"
DELL,549.03,2026-09-25,2,Put,552.50,+0.76%,12.2,12.55,12.75,526,381,1.38,61.36%,67.50%,-0.531707,"13:39 ET"
ASST,28.94,2026-09-25,2,Put,28.50,-1.62%,0.38,0.48,0.64,604,438,1.38,77.80%,85.68%,-0.382938,"13:28 ET"
META,751.73,2026-09-25,2,Call,860.00,-15.26%,0.3,0.39,0.43,637,462,1.38,47.28%,87.29%,0.020781,"13:47 ET"
TSLA,379.59,2026-10-02,9,Put,357.50,-5.63%,2.66,2.71,2.72,663,482,1.38,41.36%,44.09%,-0.182181,"13:45 ET"
PLTR,191.12,2026-10-09,16,Call,195.00,-2.10%,6.1,6.18,6.25,872,634,1.38,51.96%,48.23%,0.450035,"13:46 ET"
MGNI,24.02,2026-10-16,23,Call,25.00,-3.86%,0.8,0.85,0.95,1001,726,1.38,56.61%,52.42%,0.412633,"11:08 ET"
AVGO,354.69,2026-09-25,2,Call,362.50,-2.24%,1.34,1.41,1.4,1247,901,1.38,36.52%,38.02%,0.236914,"13:45 ET"
GME,24.53,2026-09-25,2,Put,23.50,-3.92%,0.12,0.12,0.14,1569,1141,1.38,53.80%,68.17%,-0.186948,"13:45 ET"
GOOG,335.27,2026-11-20,58,Put,290.00,-13.35%,3.4,3.59,3.6,2630,1900,1.38,33.02%,36.44%,-0.133712,"13:33 ET"
NFLX,71.67,2026-10-02,9,Call,72.00,-0.50%,1.3,1.31,1.35,6026,4370,1.38,35.28%,31.74%,0.486469,"13:44 ET"
RDDT,150.66,2026-12-18,86,Call,150.00,+0.62%,19.55,19.45,20.5,503,368,1.37,61.40%,66.05%,0.579266,"13:07 ET"
ACN,185.32,2026-09-25,2,Call,185.00,-0.12%,2.7,2.54,3.2,551,401,1.37,53.53%,51.64%,0.521714,"13:28 ET"
AVGO,354.69,2026-10-02,9,Call,355.00,-0.12%,7.65,7.6,7.9,767,559,1.37,36.52%,34.25%,0.517397,"13:39 ET"
MSFT,499.31,2026-09-28,5,Call,500.00,-0.14%,5.5,5.68,5.85,840,612,1.37,27.91%,24.71%,0.500719,"13:46 ET"
DKNG,20.92,2026-10-09,16,Call,22.00,-5.11%,0.55,0.6,0.59,1109,808,1.37,58.25%,56.30%,0.361409,"13:46 ET"
GME,24.53,2026-09-25,2,Call,25.50,-4.25%,0.24,0.26,0.25,3001,2191,1.37,53.80%,82.03%,0.275222,"13:47 ET"
NVDA,225.15,2026-10-23,30,Put,210.00,-6.40%,2.57,2.62,2.63,3607,2630,1.37,33.05%,32.85%,-0.207828,"13:44 ET"
SHOP,142.61,2026-09-25,2,Put,140.00,-1.60%,1.83,1.89,2.05,3684,2688,1.37,56.44%,72.23%,-0.362242,"13:46 ET"
TIGR,4.76,2026-10-16,23,Call,5.00,-5.49%,0.12,0.13,0.14,5932,4334,1.37,51.60%,46.77%,0.363244,"13:26 ET"
TSLA,379.59,2026-10-02,9,Call,380.00,-0.31%,10.4,10.51,10.55,6069,4420,1.37,41.36%,44.50%,0.51085,"13:47 ET"
SMCI,41.54,2026-09-25,2,Call,45.00,-8.41%,0.13,0.15,0.14,11742,8544,1.37,74.76%,85.55%,0.109249,"13:44 ET"
IREN,48.03,2026-09-25,2,Call,50.00,-3.99%,0.55,0.56,0.56,20592,15009,1.37,82.34%,90.41%,0.28627,"13:47 ET"
CRCL,93.18,2026-09-25,2,Call,101.00,-8.63%,0.39,0.41,0.49,507,372,1.36,76.27%,95.53%,0.135987,"13:40 ET"
TSLA,379.59,2026-09-28,5,Put,367.50,-2.99%,1.86,1.92,1.9,510,376,1.36,41.36%,35.14%,-0.209021,"13:42 ET"
NBIS,231.89,2026-11-20,58,Call,310.00,-34.14%,11.75,11.71,12.3,710,521,1.36,83.23%,91.65%,0.274919,"13:29 ET"
SPCX,150.17,2026-10-23,30,Put,150.00,-0.27%,7.7,7.74,7.8,753,555,1.36,49.63%,46.88%,-0.463018,"13:38 ET"
MSTR,163.56,2027-03-19,177,Put,160.00,-1.91%,28.2,28.65,28.8,840,616,1.36,69.95%,71.28%,-0.374781,"13:44 ET"
AVGO,354.69,2027-04-16,205,Put,260.00,-26.67%,7.25,7.51,7.75,1004,737,1.36,36.52%,42.59%,-0.117355,"10:32 ET"
NVDA,225.15,2026-10-09,16,Put,210.00,-6.40%,1.22,1.23,1.24,3213,2369,1.36,33.05%,33.45%,-0.146747,"13:45 ET"
SHOP,142.61,2026-09-25,2,Call,141.00,+0.89%,3.35,3.56,4,699,517,1.35,56.44%,68.95%,0.590121,"13:42 ET"
NUAI,7.11,2026-10-09,16,Call,8.00,-12.52%,0.25,0.4,0.45,835,617,1.35,115.88%,112.44%,0.351463,"12:10 ET"
BKNG,156.99,2026-11-20,58,Call,170.00,-8.61%,6,6.5,6.5,1292,955,1.35,42.67%,44.26%,0.36333,"12:26 ET"
GOOG,335.27,2026-09-25,2,Put,327.50,-2.15%,0.89,0.89,0.94,2066,1533,1.35,33.02%,36.59%,-0.182638,"13:47 ET"
AMD,614.57,2026-09-25,2,Call,630.00,-3.00%,4.25,4.29,4.4,2805,2071,1.35,53.75%,55.80%,0.280736,"13:46 ET"
NVDA,225.15,2026-10-02,9,Call,227.50,-1.40%,3.3,3.37,3.4,4933,3658,1.35,33.05%,30.57%,0.431578,"13:46 ET"
AAOI,101.44,2026-09-25,2,Call,110.00,-6.29%,0.6,0.6,0.75,5378,3971,1.35,90.11%,104.08%,0.167376,"13:47 ET"
AAPL,337.24,2026-09-25,2,Call,342.50,-1.65%,0.87,0.93,0.92,14990,11118,1.35,23.88%,27.18%,0.22925,"13:47 ET"
ABUS,4.91,2026-10-16,23,Put,7.00,+42.57%,1.75,2.2,2.5,15000,11152,1.35,121.47%,93.88%,-0.920841,"13:37 ET"
GOOG,335.27,2026-10-30,37,Put,315.00,-5.88%,6.35,6.47,6.5,663,496,1.34,33.02%,35.75%,-0.262363,"13:45 ET"
NVDA,225.15,2026-09-30,7,Put,217.50,-3.06%,1.1,1.13,1.12,775,578,1.34,33.05%,31.15%,-0.200486,"13:43 ET"
SHOP,142.61,2026-09-25,2,Call,142.00,+0.19%,3,3.15,3.4,862,641,1.34,56.44%,70.56%,0.535258,"13:39 ET"
AMZN,248.54,2026-10-23,30,Call,250.00,-0.81%,8.25,8.35,8.4,1094,815,1.34,32.77%,30.25%,0.506689,"13:46 ET"
COIN,199.26,2026-09-25,2,Put,192.50,-3.33%,1.44,1.5,1.57,1143,856,1.34,65.23%,70.55%,-0.239238,"13:46 ET"
QCOM,197.29,2026-09-25,2,Call,202.50,-3.14%,1.54,1.59,1.66,1676,1249,1.34,51.42%,60.20%,0.29495,"13:46 ET"
MSFT,499.31,2026-10-05,12,Call,500.00,-0.14%,8.65,9.08,9.45,535,401,1.33,27.91%,24.92%,0.510606,"13:14 ET"
MRNA,185.1,2026-09-25,2,Put,190.00,+3.04%,7.7,8.47,9,645,486,1.33,84.21%,89.03%,-0.669284,"13:47 ET"
PBR,21.18,2027-01-15,114,Call,24.00,-13.58%,0.97,0.99,1.05,678,511,1.33,49.56%,41.89%,0.343849,"12:58 ET"
MRNA,185.1,2026-10-16,23,Put,170.00,-7.80%,6.85,7,7.45,758,570,1.33,84.21%,74.40%,-0.297168,"13:37 ET"
AMZN,248.54,2026-10-09,16,Call,250.00,-0.81%,5.6,5.59,5.85,917,687,1.33,32.77%,29.72%,0.488278,"13:38 ET"
AVGO,354.69,2026-09-25,2,Put,347.50,-1.99%,1.13,1.12,1.18,1391,1044,1.33,36.52%,36.77%,-0.208771,"13:46 ET"
META,751.73,2026-10-02,9,Call,810.00,-8.56%,7.25,7.25,7.45,1567,1175,1.33,47.28%,54.76%,0.209289,"13:46 ET"
GOOG,335.27,2026-10-09,16,Call,350.00,-4.58%,3.7,3.7,3.9,2568,1928,1.33,33.02%,32.02%,0.281657,"13:42 ET"
INTC,120.62,2026-09-25,2,Put,119.00,-0.94%,1.67,1.71,1.75,2577,1931,1.33,66.81%,69.28%,-0.383787,"13:46 ET"
TSLA,379.59,2026-09-25,2,Call,395.00,-4.27%,0.82,0.86,0.84,11981,8997,1.33,41.36%,46.84%,0.128203,"13:46 ET"
PLTR,191.12,2026-09-25,2,Call,197.50,-3.41%,1.03,1.05,1.06,13834,10384,1.33,51.96%,56.56%,0.229276,"13:47 ET"
MSTR,163.56,2026-10-02,9,Put,128.00,-21.53%,0.22,0.3,0.28,702,530,1.32,69.95%,85.29%,-0.028299,"10:29 ET"
QMCO,28.57,2026-12-18,86,Call,35.00,-22.98%,3.6,3.8,4.4,741,563,1.32,106.34%,109.97%,0.460297,"13:05 ET"
OXY,57.65,2026-09-25,2,Call,58.00,-0.83%,0.49,0.57,0.57,857,648,1.32,34.48%,41.84%,0.416656,"13:47 ET"
QCOM,197.29,2026-10-02,9,Call,205.00,-4.41%,3.45,3.6,3.7,908,686,1.32,51.42%,52.71%,0.342625,"13:46 ET"
AMD,614.57,2026-09-25,2,Put,617.50,+0.96%,11.25,11.5,11.5,1008,764,1.32,53.75%,54.00%,-0.540228,"13:44 ET"
DELL,549.03,2026-10-02,9,Call,600.00,-9.42%,5.25,5.5,5.95,2017,1532,1.32,61.36%,61.72%,0.197662,"13:47 ET"
AMD,614.57,2026-09-25,2,Put,607.50,-0.68%,6.5,7.3,6.7,2286,1727,1.32,53.75%,53.85%,-0.378824,"13:40 ET"
COIN,199.26,2026-09-25,2,Call,205.00,-2.94%,2.27,2.32,2.36,3408,2573,1.32,65.23%,76.19%,0.324562,"13:46 ET"
MSTR,163.56,2026-10-02,9,Call,180.00,-10.35%,2.55,2.57,2.62,8714,6594,1.32,69.95%,77.17%,0.235909,"13:47 ET"
AAPL,337.24,2026-09-25,2,Call,347.50,-3.13%,0.24,0.26,0.27,9596,7280,1.32,23.88%,28.29%,0.080233,"13:46 ET"
MSTR,163.56,2028-01-21,485,Put,470.00,+188.15%,307.8,309.2,309.75,542,413,1.31,69.95%,75.11%,-0.865072,"13:43 ET"
RBLX,49.62,2028-01-21,485,Put,17.50,-64.30%,0.93,0.98,1.15,586,447,1.31,64.20%,72.95%,-0.043015,"09:30 ET"
SECZ,14.47,2026-10-16,23,Put,10.00,-31.74%,0.1,0.15,0.2,688,526,1.31,128.57%,112.83%,-0.07302,"13:44 ET"
MSTR,163.56,2026-10-02,9,Put,132.00,-19.07%,0.3,0.34,0.36,713,546,1.31,69.95%,80.27%,-0.038096,"12:58 ET"
STUB,5.36,2027-01-15,114,Put,5.00,-7.06%,0.5,0.5,0.6,1000,763,1.31,65.22%,64.43%,-0.346028,"11:38 ET"
GOOG,335.27,2026-10-02,9,Put,330.00,-1.40%,3.95,3.95,4.1,1289,983,1.31,33.02%,31.10%,-0.354106,"13:46 ET"
NUAI,7.11,2026-10-02,9,Put,7.00,-1.55%,0.4,0.5,0.55,2009,1530,1.31,115.88%,119.54%,-0.430611,"13:28 ET"
TSLA,379.59,2026-10-09,16,Call,385.00,-1.63%,10.85,10.91,11,2134,1631,1.31,41.36%,41.54%,0.458162,"13:42 ET"
MRNA,185.1,2026-09-25,2,Call,210.00,-13.89%,0.23,0.34,0.46,3249,2471,1.31,84.21%,108.79%,0.056251,"13:23 ET"
RIVN,14.91,2026-09-25,2,Call,15.00,-0.74%,0.2,0.21,0.22,3715,2830,1.31,55.32%,56.35%,0.455955,"13:44 ET"
SCHW,100.4,2027-01-15,114,Put,95.00,-5.44%,3.4,3.4,3.5,4059,3096,1.31,30.54%,27.73%,-0.316262,"13:23 ET"
UNH,370.4,2026-09-25,2,Call,377.50,-1.88%,0.99,1,1.12,568,438,1.3,39.35%,31.48%,0.216392,"13:49 ET"
QCOM,197.29,2026-09-25,2,Put,182.50,-7.05%,0.2,0.22,0.22,694,535,1.3,51.42%,66.18%,-0.050835,"13:41 ET"
CRWV,87.71,2026-10-02,9,Call,91.00,-3.59%,2.78,2.91,2.87,710,548,1.3,76.01%,75.45%,0.405266,"13:46 ET"
CRWV,87.71,2026-09-25,2,Call,99.00,-12.69%,0.09,0.13,0.14,877,674,1.3,76.01%,94.76%,0.04639,"13:20 ET"
MSFT,499.31,2026-09-25,2,Put,497.50,-0.36%,3.25,3.38,3.5,928,716,1.3,27.91%,29.78%,-0.416822,"13:43 ET"
RKLB,70.87,2026-10-02,9,Call,72.00,-1.49%,2.51,2.47,2.61,1062,818,1.3,71.44%,68.73%,0.465359,"13:40 ET"
AMZN,248.54,2027-09-17,359,Put,195.00,-21.36%,9.45,9.6,9.7,1092,837,1.3,32.77%,36.02%,-0.171144,"13:43 ET"
MSFT,499.31,2026-10-02,9,Put,500.00,+0.14%,7.75,7.75,8.4,1703,1315,1.3,27.91%,25.70%,-0.493884,"13:43 ET"
SNDK,1822.99,2026-09-25,2,Call,"2,000.00",-10.10%,4.3,4.32,4.5,4739,3653,1.3,74.17%,88.34%,0.082992,"13:47 ET"
CIFR,18.88,2026-10-09,16,Put,17.00,-9.81%,0.63,0.58,0.75,509,395,1.29,99.55%,96.80%,-0.266175,"11:37 ET"
APP,310.27,2026-09-25,2,Call,320.00,-3.15%,2.05,2.37,2.75,513,398,1.29,60.96%,64.88%,0.269764,"13:46 ET"
SHAK,57.86,2026-11-20,58,Call,70.00,-21.30%,1.6,1.65,1.8,527,409,1.29,50.12%,57.14%,0.2431,"13:08 ET"
NKE,35.85,2027-09-17,359,Call,45.00,-25.52%,3,3.08,3.15,737,573,1.29,48.00%,43.39%,0.361013,"13:46 ET"
VKTX,41.66,2026-09-25,2,Call,39.50,+1.74%,2.22,3.2,3.7,802,623,1.29,77.24%,128.26%,0.740781,"13:48 ET"
NOW,140.15,2026-09-25,2,Put,140.00,-0.04%,2.45,2.56,2.55,854,662,1.29,56.03%,63.00%,-0.477712,"13:40 ET"
SHOP,142.61,2026-11-20,58,Call,140.00,+1.60%,14.8,15.45,16.05,955,743,1.29,56.44%,61.50%,0.585884,"12:33 ET"
T,25.53,2026-10-02,9,Call,26.00,-1.88%,0.2,0.2,0.24,1179,912,1.29,26.82%,25.35%,0.334382,"13:13 ET"
HOOD,125.24,2026-09-25,2,Put,122.00,-2.26%,1.22,1.32,1.27,1332,1030,1.29,63.21%,69.90%,-0.296026,"13:42 ET"
WULF,16.8,2026-10-02,9,Call,20.00,-18.91%,0.1,0.12,0.14,2376,1849,1.29,82.11%,88.70%,0.112056,"12:56 ET"
META,751.73,2026-09-25,2,Put,710.00,-4.84%,2.87,2.96,2.92,3130,2421,1.29,47.28%,73.23%,-0.136767,"13:47 ET"
AMZN,248.54,2026-10-02,9,Call,250.00,-0.81%,4.1,4.15,4.2,3612,2796,1.29,32.77%,30.01%,0.471667,"13:47 ET"
MARA,13.6,2026-10-02,9,Put,13.00,-4.62%,0.42,0.42,0.43,6455,5003,1.29,83.91%,82.84%,-0.337011,"13:47 ET"
AMD,614.57,2026-09-28,5,Put,600.00,-1.90%,6.2,6.55,6.7,519,407,1.28,53.75%,43.90%,-0.309758,"13:45 ET"
MU,1072.84,2026-10-30,37,Call,"1,500.00",-40.47%,8.3,8.45,8.8,578,452,1.28,63.04%,70.29%,0.084825,"13:43 ET"
META,751.73,2026-10-16,23,Call,785.00,-5.21%,22.75,21.6,22.85,604,472,1.28,47.28%,47.22%,0.388404,"13:42 ET"
META,751.73,2027-06-17,267,Call,820.00,-9.90%,97.3,95.29,99.1,982,768,1.28,47.28%,45.65%,0.516346,"13:32 ET"
OKTA,202.99,2026-09-25,2,Call,210.00,-3.39%,2.01,2.07,2.23,991,776,1.28,58.64%,80.45%,0.289058,"13:40 ET"
CIFR,18.88,2026-09-25,2,Put,19.00,+0.80%,0.65,0.69,0.72,1869,1456,1.28,99.55%,111.32%,-0.51475,"13:46 ET"
MRVL,258.94,2026-10-23,30,Put,200.00,-22.28%,1.86,2,2.04,519,410,1.27,66.50%,68.76%,-0.078126,"13:40 ET"
TSLA,379.59,2026-09-28,5,Put,372.50,-1.67%,3.15,3.15,3.25,802,633,1.27,41.36%,34.83%,-0.313922,"13:46 ET"
CMG,32.85,2026-09-25,2,Call,33.00,-0.58%,0.32,0.34,0.37,931,735,1.27,39.12%,41.75%,0.455901,"13:32 ET"
AMD,614.57,2026-09-25,2,Put,585.00,-4.36%,1.6,1.6,1.65,974,766,1.27,53.75%,58.20%,-0.122003,"13:47 ET"
HAL,33.02,2026-11-20,58,Call,38.00,-14.80%,0.54,0.63,0.58,1335,1053,1.27,37.06%,39.05%,0.207586,"12:42 ET"
GME,24.53,2026-10-30,37,Call,32.00,-30.83%,0.49,0.53,0.53,2001,1574,1.27,53.80%,78.69%,0.172427,"13:47 ET"
MSFT,499.31,2026-10-02,9,Call,520.00,-4.14%,1.99,2.05,2.1,4062,3198,1.27,27.91%,26.89%,0.181703,"13:45 ET"
AAPL,337.24,2026-09-30,7,Call,342.50,-1.65%,2.1,2.29,2.33,770,613,1.26,23.88%,22.64%,0.325583,"13:41 ET"
DRI,215.67,2026-10-16,23,Call,220.00,-2.29%,5.8,6.06,6.1,836,665,1.26,36.17%,36.34%,0.43159,"13:45 ET"
NFLX,71.67,2026-10-09,16,Call,72.00,-0.50%,1.82,1.85,1.87,1982,1577,1.26,35.28%,32.09%,0.500125,"13:45 ET"
INTC,120.62,2026-09-23,0,Put,123.00,+2.39%,2.3,2.32,2.44,2189,1736,1.26,66.81%,20.08%,-0.970531,"13:46 ET"
SKHY,189.75,2026-09-25,2,Call,195.00,-3.36%,1.46,1.57,1.61,2208,1749,1.26,61.31%,63.97%,0.282174,"13:45 ET"
BA,201.91,2026-09-25,2,Call,205.00,-1.74%,0.96,0.96,1.07,9212,7303,1.26,32.39%,36.87%,0.295815,"13:46 ET"
DELL,549.03,2026-09-25,2,Put,565.00,+3.04%,20.15,21.15,20.95,541,433,1.25,61.36%,68.26%,-0.69894,"13:23 ET"
CRWD,260.21,2026-10-02,9,Call,280.00,-7.25%,2.83,3,3.05,589,470,1.25,56.00%,57.73%,0.225308,"13:46 ET"
STLA,4.7,2026-10-23,30,Call,2.00,+57.45%,2.65,2.75,2.95,707,567,1.25,51.91%,233.78%,0.946801,"13:45 ET"
RKLB,70.87,2026-10-30,37,Call,100.00,-40.96%,0.65,0.67,0.72,890,710,1.25,71.44%,74.89%,0.095054,"13:39 ET"
BMNR,27.57,2026-10-09,16,Call,33.00,-20.26%,0.38,0.38,0.4,897,720,1.25,75.76%,81.51%,0.167898,"13:43 ET"
DELL,549.03,2026-10-02,9,Call,550.00,-0.30%,20.15,21.12,21.4,1281,1028,1.25,61.36%,60.41%,0.518669,"13:46 ET"
NFLX,71.67,2026-10-16,23,Call,72.00,-0.50%,2.28,2.29,2.3,1325,1063,1.25,35.28%,32.63%,0.508839,"13:47 ET"
DELL,549.03,2026-09-25,2,Call,592.50,-8.05%,0.99,1.08,1.09,1377,1103,1.25,61.36%,71.13%,0.080789,"13:46 ET"
FIG,21.88,2026-09-25,2,Call,23.00,-4.78%,0.14,0.16,0.17,1440,1155,1.25,72.75%,81.78%,0.212221,"13:42 ET"
AMZN,248.54,2026-10-02,9,Call,262.50,-5.86%,0.85,0.87,0.89,1693,1355,1.25,32.77%,31.08%,0.143005,"13:45 ET"
DOW,28.73,2026-10-16,23,Call,30.00,-4.90%,0.6,0.65,0.64,2713,2165,1.25,39.95%,39.36%,0.344393,"12:34 ET"
CMCSA,22.83,2026-09-25,2,Call,23.00,-0.97%,0.2,0.23,0.26,2845,2280,1.25,33.35%,44.96%,0.422233,"13:47 ET"
UPS,96.83,2026-09-25,2,Call,97.00,-0.33%,0.66,0.72,0.82,523,421,1.24,28.73%,29.70%,0.46163,"13:50 ET"
MCD,237,2027-03-19,177,Call,270.00,-14.16%,6.15,6.43,6.65,694,560,1.24,23.27%,26.01%,0.266514,"13:47 ET"
DELL,549.03,2026-09-25,2,Call,562.50,-2.58%,5.65,5.6,6,718,577,1.24,61.36%,67.55%,0.330831,"13:47 ET"
COIN,199.26,2026-10-02,9,Call,210.00,-5.45%,4.3,4.5,4.5,810,653,1.24,65.23%,67.19%,0.334551,"13:46 ET"
RIVN,14.91,2026-10-23,30,Put,14.00,-5.98%,0.41,0.43,0.44,851,689,1.24,55.32%,49.38%,-0.29586,"13:13 ET"
TSLA,379.59,2026-10-09,16,Call,390.00,-2.95%,8.9,8.92,9.05,1153,931,1.24,41.36%,41.61%,0.400184,"13:41 ET"
NVDA,225.15,2026-10-02,9,Put,197.50,-11.98%,0.15,0.16,0.16,1275,1026,1.24,33.05%,43.90%,-0.02569,"13:24 ET"
TRIP,8.11,2027-03-19,177,Call,12.00,-48.15%,0.3,0.37,0.35,2125,1711,1.24,53.13%,55.01%,0.217401,"10:38 ET"
NVDA,225.15,2026-10-16,23,Call,227.50,-1.40%,6.1,6.15,6.15,2257,1813,1.24,33.05%,30.99%,0.473351,"13:46 ET"
STZ,115.95,2028-01-21,485,Call,170.00,-46.53%,4,4.1,4.5,2713,2192,1.24,35.99%,32.83%,0.202674,"11:00 ET"
GOOG,335.27,2026-09-25,2,Put,332.50,-0.65%,2.18,2.16,2.25,4839,3913,1.24,33.02%,35.65%,-0.361666,"13:46 ET"
SPCX,150.17,2026-09-25,2,Call,157.50,-4.71%,0.44,0.45,0.45,12600,10131,1.24,49.63%,57.87%,0.138621,"13:47 ET"
"Downloaded from Barchart.com as of 09-23-2026 01:24pm CDT"
