Symbol,Price~,"Exp Date",DTE,Type,Strike,Moneyness,Bid,Latest,Ask,Volume,"Open Int",Vol/OI,"Imp Vol",IV,Delta,Time
MU,999.71,2026-09-04,0,Put,975.00,-2.28%,0.27,0.28,0.3,12447,132,94.3,60.61%,31.15%,-0.042806,"12:12 ET"
NVDA,231.3,2026-09-09,5,Put,232.50,+0.67%,3.65,3.73,3.75,17921,226,79.3,33.81%,27.71%,-0.56352,"12:12 ET"
MU,999.71,2026-09-04,0,Put,980.00,-1.77%,0.48,0.5,0.52,24136,313,77.11,60.61%,29.87%,-0.071854,"12:12 ET"
SIRI,29.16,2026-09-11,7,Call,30.00,-2.67%,0.18,0.23,0.23,17287,241,71.73,31.47%,31.58%,0.268823,"11:26 ET"
MU,999.71,2026-09-04,0,Put,970.00,-2.78%,0.16,0.17,0.18,27667,394,70.22,60.61%,32.69%,-0.026106,"12:12 ET"
MU,999.71,2026-09-04,0,Put,"1,000.00",+0.23%,4.6,4.69,4.75,16727,239,69.99,60.61%,27.87%,-0.432329,"12:12 ET"
USAR,17.41,2026-10-16,42,Call,24.00,-38.49%,0.35,0.39,0.42,7165,113,63.41,79.55%,83.29%,0.166071,"12:09 ET"
INTC,95.44,2026-09-11,7,Call,107.00,-12.77%,0.31,0.31,0.34,18868,308,61.26,57.20%,60.22%,0.090962,"12:11 ET"
NVDA,231.3,2026-10-02,28,Put,235.00,+1.75%,10.3,10.32,10.45,6423,105,61.17,33.81%,33.31%,-0.546346,"12:09 ET"
SMCI,40.44,2026-09-11,7,Call,42.50,-6.70%,0.71,0.75,0.76,14752,284,51.94,71.04%,68.17%,0.313874,"12:11 ET"
PATH,15.25,2026-12-18,105,Put,15.00,-1.38%,1.94,2.03,2.04,15987,322,49.65,58.46%,69.15%,-0.394784,"12:08 ET"
SIRI,29.16,2026-09-11,7,Call,30.50,-4.38%,0.02,0.12,0.16,17255,420,41.08,31.47%,29.97%,0.146858,"11:34 ET"
NVDA,231.3,2026-09-11,7,Call,252.50,-9.33%,0.17,0.17,0.19,32263,898,35.93,33.81%,35.71%,0.039734,"12:11 ET"
DAL,79.91,2026-09-11,7,Call,82.00,-2.63%,0.47,0.49,0.56,5810,163,35.64,37.69%,28.61%,0.27085,"12:07 ET"
TSLA,352.16,2026-09-04,0,Call,355.00,-0.93%,1.04,1.05,1.05,121240,3467,34.97,39.93%,28.48%,0.313267,"12:12 ET"
NVDA,231.3,2026-09-04,0,Put,230.00,-0.42%,0.34,0.35,0.35,267183,7716,34.63,33.81%,16.32%,-0.282327,"12:12 ET"
NVDA,231.3,2026-09-04,0,Put,232.50,+0.67%,1.64,1.65,1.68,200324,6256,32.02,33.81%,16.25%,-0.759992,"12:12 ET"
PL,18.08,2026-11-20,77,Call,26.00,-41.54%,0.5,0.62,0.7,5873,184,31.92,70.21%,74.90%,0.200082,"12:03 ET"
PL,18.08,2026-10-16,42,Call,20.00,-8.87%,1.05,1.1,1.2,8548,319,26.8,70.21%,72.19%,0.403526,"12:06 ET"
CIFR,17.68,2026-09-11,7,Put,18.00,+1.52%,0.99,1.01,1.08,11544,434,26.6,90.10%,86.60%,-0.540512,"12:02 ET"
APLD,26.25,2026-09-11,7,Put,26.50,+1.22%,1.04,1.09,1.08,3271,124,26.38,82.67%,63.36%,-0.528326,"12:07 ET"
MSFT,500.85,2026-09-09,5,Call,505.00,-0.86%,2.62,2.69,2.81,3318,126,26.33,23.69%,18.44%,0.369265,"12:12 ET"
META,612.2,2026-09-04,0,Put,607.50,-0.66%,0.56,0.6,0.62,11435,436,26.23,34.15%,17.71%,-0.1896,"12:12 ET"
LULU,100.39,2026-09-11,7,Put,104.00,+3.91%,4,4.65,4.95,2516,101,24.91,40.96%,39.06%,-0.73689,"12:09 ET"
META,612.2,2026-09-04,0,Put,602.50,-1.48%,0.11,0.11,0.12,9475,384,24.67,34.15%,18.74%,-0.046492,"12:12 ET"
DOW,30.3,2026-09-11,7,Put,29.00,-4.35%,0.12,0.13,0.15,10148,412,24.63,38.97%,34.26%,-0.171427,"11:45 ET"
SNDK,1699.49,2026-09-04,0,Put,"1,650.00",-2.14%,1.15,1.2,1.25,4920,210,23.43,73.07%,40.18%,-0.074861,"12:12 ET"
MU,999.71,2026-09-04,0,Put,965.00,-3.28%,0.1,0.11,0.11,7286,321,22.7,60.61%,34.35%,-0.016281,"12:12 ET"
SNDK,1699.49,2026-09-04,0,Put,"1,600.00",-5.11%,0.15,0.17,0.2,10844,484,22.4,73.07%,51.35%,-0.011146,"12:12 ET"
AAPL,321.01,2026-09-04,0,Call,322.50,-0.47%,0.34,0.34,0.35,160954,7580,21.23,24.75%,12.79%,0.266328,"12:12 ET"
EQT,54.94,2026-10-16,42,Put,50.00,-8.93%,0.41,0.46,0.45,14062,666,21.11,29.65%,28.68%,-0.148995,"10:58 ET"
ARM,251.92,2026-09-11,7,Call,270.00,-7.24%,2.36,2.45,2.54,4996,239,20.9,60.49%,59.83%,0.214449,"12:11 ET"
KR,58.61,2026-09-11,7,Call,60.00,-2.49%,1.04,1.09,1.16,8805,439,20.06,35.00%,51.73%,0.387865,"12:12 ET"
AMD,472.16,2026-09-04,0,Put,467.50,-0.53%,0.45,0.48,0.48,7186,364,19.74,47.65%,24.66%,-0.147629,"12:12 ET"
POET,7.76,2026-09-25,21,Call,8.50,-9.82%,0.33,0.34,0.35,11766,600,19.61,81.65%,82.17%,0.362011,"12:12 ET"
KR,58.61,2026-09-11,7,Call,61.00,-4.20%,0.75,0.76,0.82,8799,452,19.47,35.00%,51.86%,0.303593,"11:57 ET"
LULU,100.39,2026-09-11,7,Put,99.00,-1.09%,1.75,1.76,1.81,2169,112,19.37,40.96%,43.72%,-0.398274,"12:10 ET"
MU,999.71,2026-09-09,5,Call,995.00,+0.27%,24.5,25,25,2788,144,19.36,60.61%,44.26%,0.569917,"12:12 ET"
META,612.2,2026-09-04,0,Put,605.00,-1.07%,0.26,0.27,0.29,16226,850,19.09,34.15%,18.30%,-0.099444,"12:12 ET"
TSLA,352.16,2026-09-04,0,Put,352.50,+0.22%,1.95,1.98,1.98,137062,7204,19.03,39.93%,26.28%,-0.504937,"12:12 ET"
MU,999.71,2026-09-04,0,Call,"1,020.00",-2.24%,1.03,1.03,1.08,45042,2387,18.87,60.61%,30.10%,0.134267,"12:12 ET"
CELH,31.03,2026-09-11,7,Put,30.50,-1.52%,0.71,0.75,0.8,4620,245,18.86,53.89%,60.40%,-0.392034,"12:09 ET"
TSLA,352.16,2026-09-09,5,Call,397.50,-13.02%,0.25,0.27,0.26,5285,282,18.74,39.93%,53.73%,0.030303,"11:56 ET"
TSLA,352.16,2026-09-04,0,Put,355.00,+0.93%,3.65,3.71,3.75,137296,7373,18.62,39.93%,29.50%,-0.681377,"12:12 ET"
DAL,79.91,2026-09-11,7,Call,81.00,-1.38%,0.77,0.81,0.87,5736,310,18.5,37.69%,28.47%,0.381263,"12:11 ET"
ADBE,267.83,2026-09-04,0,Call,270.00,-0.72%,0.36,0.35,0.45,3014,164,18.38,51.00%,19.72%,0.248773,"12:12 ET"
LULU,100.39,2026-09-04,0,Put,98.00,-2.09%,0.1,0.11,0.12,11758,648,18.15,40.96%,37.72%,-0.113992,"12:12 ET"
VST,148.4,2026-11-20,77,Call,195.00,-31.71%,2,2.04,2.37,2682,148,18.12,42.06%,48.99%,0.141067,"11:35 ET"
AMD,472.16,2026-09-09,5,Call,475.00,-1.06%,7.7,7.89,8.1,4644,257,18.07,47.65%,37.97%,0.489292,"12:12 ET"
DHT,20.71,2026-10-16,42,Call,23.00,-10.95%,0.3,0.4,0.45,10115,561,18.03,39.68%,42.09%,0.233073,"12:11 ET"
NVDA,231.3,2026-10-09,35,Put,230.00,-0.42%,8.65,8.7,8.75,2373,133,17.84,33.81%,33.56%,-0.451765,"12:11 ET"
TSLA,352.16,2026-09-09,5,Put,357.50,+1.64%,8.85,9,8.95,7943,452,17.57,39.93%,36.80%,-0.619971,"12:11 ET"
PURR,12.14,2026-09-11,7,Call,12.50,-3.91%,0.5,0.5,0.55,5312,307,17.3,95.45%,99.29%,0.45074,"11:59 ET"
BBY,89.93,2026-09-18,14,Put,85.00,-5.47%,0.65,0.8,0.9,4321,251,17.22,34.72%,36.79%,-0.205227,"11:47 ET"
NVDA,231.3,2026-09-09,5,Put,235.00,+1.75%,5.25,5.35,5.35,4525,263,17.21,33.81%,27.73%,-0.688472,"12:11 ET"
TSLA,352.16,2026-09-09,5,Call,352.50,-0.22%,5.75,5.78,5.85,9027,526,17.16,39.93%,35.09%,0.509714,"12:12 ET"
INTC,95.44,2026-09-04,0,Put,94.00,-0.93%,0.09,0.1,0.1,14019,822,17.05,57.20%,25.90%,-0.143578,"12:12 ET"
SKHY,171.38,2026-09-04,0,Put,170.00,-0.32%,0.43,0.5,0.54,1811,107,16.93,59.77%,30.67%,-0.283062,"12:10 ET"
SNDK,1699.49,2026-09-04,0,Call,"1,670.00",+0.96%,33,32.9,34.2,2690,159,16.92,73.07%,39.07%,0.812703,"12:10 ET"
XP,20.08,2026-11-20,77,Call,20.00,+0.35%,1.95,2.05,2.2,3140,197,15.94,44.02%,56.12%,0.553029,"12:05 ET"
APLD,26.25,2026-09-11,7,Put,25.50,-2.60%,0.57,0.61,0.63,3197,205,15.6,82.67%,64.55%,-0.358365,"12:06 ET"
TSLA,352.16,2026-09-04,0,Put,350.00,-0.49%,0.85,0.85,0.87,179253,11683,15.34,39.93%,24.96%,-0.296061,"12:12 ET"
AXP,327.64,2026-09-11,7,Call,330.00,-0.85%,2.25,2.2,2.67,2326,152,15.3,22.71%,18.68%,0.409073,"11:02 ET"
NVDA,231.3,2026-09-09,5,Put,230.00,-0.42%,2.43,2.46,2.47,22242,1454,15.3,33.81%,27.94%,-0.431224,"12:12 ET"
NVDA,231.3,2026-09-11,7,Put,232.50,+0.67%,4.8,4.8,4.85,6912,453,15.26,33.81%,32.46%,-0.540424,"12:11 ET"
TSLA,352.16,2026-09-04,0,Put,357.50,+1.64%,5.7,5.72,5.8,57779,3795,15.23,39.93%,32.47%,-0.800695,"12:12 ET"
TSLA,352.16,2026-09-04,0,Put,347.50,-1.20%,0.33,0.34,0.34,57571,3801,15.15,39.93%,25.27%,-0.141045,"12:12 ET"
BMNR,25.05,2026-10-16,42,Put,19.00,-24.51%,0.36,0.39,0.41,3826,253,15.12,75.42%,75.66%,-0.110521,"11:59 ET"
SMCI,40.44,2026-09-11,7,Call,40.50,-1.68%,1.4,1.44,1.48,6411,425,15.08,71.04%,66.31%,0.509522,"12:12 ET"
INTC,95.44,2026-09-09,5,Call,101.00,-6.45%,0.48,0.5,0.5,4899,331,14.8,57.20%,49.70%,0.169766,"12:11 ET"
TSLA,352.16,2026-09-09,5,Put,342.50,-2.62%,2.02,2.04,2.06,4038,275,14.68,39.93%,35.20%,-0.235266,"12:12 ET"
NVDA,231.3,2026-10-09,35,Put,235.00,+1.75%,11.25,11.19,11.4,2592,177,14.64,33.81%,33.41%,-0.535315,"12:10 ET"
TSLA,352.16,2026-09-04,0,Call,362.50,-3.06%,0.18,0.19,0.19,58911,4062,14.5,39.93%,35.69%,0.065236,"12:12 ET"
NVDA,231.3,2026-09-18,14,Put,232.50,+0.67%,6.6,6.65,6.7,4349,302,14.4,33.81%,33.47%,-0.517958,"12:11 ET"
TSLA,352.16,2026-09-09,5,Call,362.50,-3.06%,2.46,2.45,2.48,8524,608,14.02,39.93%,37.26%,0.268907,"12:12 ET"
POET,7.76,2026-10-02,28,Call,8.50,-9.82%,0.41,0.44,0.45,2358,170,13.87,81.65%,81.97%,0.391466,"12:05 ET"
SNDK,1699.49,2026-09-04,0,Call,"1,685.00",+0.07%,21.8,21.66,22.6,1501,109,13.77,73.07%,38.10%,0.676639,"12:12 ET"
MU,999.71,2026-09-04,0,Put,"1,010.00",+1.23%,10.6,10.6,10.95,1539,112,13.74,60.61%,29.87%,-0.685221,"12:12 ET"
AAPL,321.01,2026-09-04,0,Put,320.00,-0.31%,0.35,0.36,0.36,129567,9550,13.57,24.75%,12.10%,-0.28229,"12:12 ET"
MU,999.71,2026-09-04,0,Call,"1,015.00",-1.73%,1.65,1.75,1.75,14772,1104,13.38,60.61%,28.79%,0.203556,"12:12 ET"
T,25.92,2026-09-11,7,Call,25.00,+3.59%,0.95,0.97,1.03,4928,370,13.32,23.51%,24.54%,0.862051,"11:49 ET"
MRVL,220.93,2026-09-04,0,Put,217.50,-1.47%,0.23,0.23,0.24,7754,584,13.28,59.85%,28.26%,-0.141007,"12:12 ET"
LULU,100.39,2026-09-11,7,Put,90.00,-10.08%,0.09,0.1,0.12,4323,326,13.26,40.96%,45.83%,-0.039915,"12:11 ET"
TRIP,9.39,2028-01-21,504,Put,3.00,-67.91%,0.1,0.16,0.25,4900,371,13.21,46.17%,75.28%,-0.036663,"10:29 ET"
META,612.2,2026-09-04,0,Put,610.00,-0.25%,1.17,1.21,1.25,14565,1115,13.06,34.15%,17.43%,-0.330213,"12:12 ET"
CORZ,17.93,2026-09-11,7,Put,17.50,-2.29%,0.37,0.41,0.45,1892,146,12.96,68.32%,60.88%,-0.374282,"10:50 ET"
AVNT,43.46,2026-09-18,14,Call,45.00,-3.54%,0.45,0.53,0.55,2005,156,12.85,35.79%,31.46%,0.302573,"12:12 ET"
NKE,38.42,2026-09-11,7,Call,38.00,+0.86%,0.86,0.86,0.88,10941,855,12.8,40.21%,27.40%,0.644595,"12:12 ET"
TSLA,352.16,2026-09-09,5,Call,357.50,-1.64%,3.8,3.75,3.85,8245,649,12.7,39.93%,36.06%,0.378669,"12:11 ET"
MSFT,500.85,2026-09-04,0,Call,502.50,-0.36%,0.58,0.6,0.63,10435,825,12.65,23.69%,11.30%,0.318216,"12:12 ET"
META,612.2,2026-09-04,0,Call,612.50,-0.16%,1.97,2,2.06,22743,1843,12.34,34.15%,16.21%,0.495051,"12:12 ET"
AMZN,256.15,2026-09-09,5,Call,247.50,+3.38%,8.85,9.13,9.3,1544,127,12.16,29.20%,20.79%,0.927901,"12:12 ET"
TSLA,352.16,2026-09-09,5,Put,355.00,+0.93%,7.25,7.3,7.35,13977,1160,12.05,39.93%,36.26%,-0.557506,"12:12 ET"
SNDK,1699.49,2026-09-04,0,Put,"1,610.00",-4.52%,0.2,0.22,0.25,1623,135,12.02,73.07%,48.37%,-0.014746,"12:12 ET"
LULU,100.39,2026-09-18,14,Call,105.00,-4.91%,1.55,1.6,1.67,1763,147,11.99,40.96%,42.56%,0.312311,"12:12 ET"
FIG,24.43,2026-09-11,7,Put,23.00,-5.93%,0.26,0.28,0.29,2217,191,11.61,69.73%,60.72%,-0.223062,"12:01 ET"
ASML,1708.56,2026-09-04,0,Put,"1,700.00",-0.45%,1.9,2.67,4,1541,133,11.59,41.94%,17.99%,-0.292387,"11:58 ET"
FIGR,35.92,2026-09-11,7,Put,35.00,-2.64%,0.8,0.85,1.05,2689,234,11.49,75.35%,69.43%,-0.368559,"11:45 ET"
EYPT,4.6,2026-11-20,77,Put,2.50,-45.05%,0.65,0.8,0.9,5217,454,11.49,149.30%,274.53%,-0.131204,"11:41 ET"
TSLA,352.16,2026-09-09,5,Call,360.00,-2.35%,3.05,3.1,3.1,21839,1917,11.39,39.93%,36.61%,0.320462,"12:12 ET"
RARE,15.63,2028-01-21,504,Call,35.00,-123.93%,1,1.72,2.4,1901,167,11.38,60.82%,69.49%,0.303763,"10:45 ET"
INTC,95.44,2026-10-02,28,Put,95.00,+0.13%,5.6,5.6,5.7,5169,455,11.36,57.20%,56.38%,-0.454957,"12:09 ET"
DELL,521.24,2026-09-04,0,Put,522.50,+0.89%,4.1,4.23,4.4,2247,203,11.07,59.61%,36.57%,-0.519287,"12:12 ET"
SNDK,1699.49,2026-09-04,0,Put,"1,570.00",-6.89%,0.05,0.14,0.15,2323,210,11.06,73.07%,60.94%,-0.005739,"12:11 ET"
TSLA,352.16,2026-09-09,5,Put,352.50,+0.22%,5.8,5.85,5.95,10951,992,11.04,39.93%,35.81%,-0.491136,"12:12 ET"
TSLA,352.16,2026-09-04,0,Call,365.00,-3.78%,0.1,0.11,0.11,81410,7413,10.98,39.93%,37.86%,0.038048,"12:12 ET"
TSLA,352.16,2026-09-04,0,Put,345.00,-1.91%,0.15,0.15,0.16,46503,4311,10.79,39.93%,27.70%,-0.068883,"12:12 ET"
AAPL,321.01,2026-10-09,35,Call,345.00,-7.48%,2.31,2.37,2.44,3146,292,10.77,24.75%,23.97%,0.187897,"12:06 ET"
IOT,40.71,2026-09-04,0,Call,41.00,-1.74%,0.3,0.4,0.4,2228,207,10.76,56.35%,61.05%,0.391792,"12:11 ET"
MU,999.71,2026-09-04,0,Call,"1,030.00",-3.24%,0.36,0.37,0.39,20445,1912,10.69,60.61%,32.23%,0.053224,"12:12 ET"
TSLA,352.16,2026-09-09,5,Put,337.50,-4.04%,1.09,1.1,1.11,2197,206,10.67,39.93%,35.66%,-0.143316,"12:12 ET"
CIFR,17.68,2026-09-11,7,Call,19.00,-7.16%,0.38,0.4,0.41,11726,1100,10.66,90.10%,90.36%,0.300423,"12:09 ET"
TSLA,352.16,2026-09-09,5,Call,355.00,-0.93%,4.7,4.72,4.75,15765,1483,10.63,39.93%,35.53%,0.442198,"12:12 ET"
IREN,43.48,2026-09-04,0,Put,43.00,-0.60%,0.12,0.12,0.13,3820,360,10.61,79.38%,33.95%,-0.265546,"12:09 ET"
GLW,151.72,2026-09-04,0,Call,149.00,+2.76%,2.37,3.3,4.15,3073,290,10.6,55.39%,49.70%,0.760808,"12:04 ET"
TSLA,352.16,2026-09-04,0,Call,357.50,-1.64%,0.58,0.59,0.59,89279,8438,10.58,39.93%,30.99%,0.188971,"12:12 ET"
HOOD,123.09,2026-09-04,0,Call,123.00,+0.69%,0.75,0.79,0.79,12429,1180,10.53,62.03%,28.96%,0.516371,"12:12 ET"
LRCX,303.66,2026-09-11,7,Call,320.00,-5.70%,2.72,3,3.15,1569,150,10.46,56.70%,50.30%,0.242689,"12:09 ET"
HIMS,27.66,2026-09-11,7,Call,28.50,-2.78%,0.55,0.57,0.6,4459,428,10.42,65.94%,61.03%,0.373415,"12:10 ET"
AAPL,321.01,2026-09-04,0,Call,320.00,+0.31%,1.44,1.47,1.48,123694,11898,10.4,24.75%,11.15%,0.734492,"12:12 ET"
TSLA,352.16,2026-09-04,0,Call,352.50,-0.22%,1.82,1.85,1.85,47638,4592,10.37,39.93%,25.70%,0.495419,"12:12 ET"
ORCL,157.77,2026-09-11,7,Call,177.50,-12.66%,2.84,2.82,2.96,7376,717,10.29,66.57%,104.92%,0.232356,"12:06 ET"
AAPL,321.01,2026-10-09,35,Call,320.00,+0.31%,10.6,10.75,11.05,1680,166,10.12,24.75%,24.56%,0.550325,"12:00 ET"
MU,999.71,2026-09-09,5,Call,"1,030.00",-3.24%,10.55,10.75,10.75,2599,258,10.07,60.61%,45.51%,0.316898,"12:12 ET"
SOLS,64.67,2026-10-16,42,Put,60.00,-7.46%,1.65,2.07,2.25,1001,100,10.01,46.53%,46.69%,-0.282037,"11:35 ET"
CAMT,146.15,2027-01-15,133,Call,140.00,+4.11%,26.7,27.7,29.2,1051,105,10.01,70.79%,75.68%,0.609662,"11:34 ET"
SMCI,40.44,2026-09-11,7,Call,43.00,-7.96%,0.61,0.61,0.62,7390,761,9.71,71.04%,68.73%,0.273212,"12:11 ET"
LULU,100.39,2026-09-04,0,Put,101.00,+0.91%,1.12,1.22,1.33,5376,555,9.69,40.96%,40.45%,-0.621667,"12:11 ET"
NBIS,216.7,2026-10-16,42,Call,195.00,+9.44%,33.45,33.9,35.35,1390,144,9.65,77.88%,77.44%,0.707194,"11:41 ET"
TSLA,352.16,2026-09-11,7,Call,357.50,-1.64%,5.55,5.6,5.6,7650,793,9.65,39.93%,39.64%,0.411885,"12:12 ET"
SNDK,1699.49,2026-09-04,0,Call,"1,660.00",+1.55%,41.7,40.8,42.6,2372,247,9.6,73.07%,39.69%,0.87811,"12:11 ET"
AMD,472.16,2026-09-04,0,Put,465.00,-1.06%,0.24,0.26,0.28,6230,650,9.58,47.65%,26.50%,-0.086208,"12:11 ET"
AVGO,356.38,2026-09-04,0,Call,360.00,-1.09%,0.32,0.32,0.36,43956,4596,9.56,34.98%,21.07%,0.165172,"12:12 ET"
CCL,23.57,2026-10-09,35,Call,30.00,-27.66%,0.04,0.1,0.11,1010,106,9.53,42.95%,46.20%,0.055108,"12:03 ET"
SNDK,1699.49,2026-09-04,0,Call,"1,730.00",-2.60%,3.8,3.8,4.1,2754,295,9.34,73.07%,39.87%,0.202273,"12:11 ET"
DELL,521.24,2026-09-04,0,Put,525.00,+1.37%,5.7,5.8,6.05,2035,220,9.25,59.61%,38.34%,-0.612219,"12:12 ET"
TSLA,352.16,2026-09-04,0,Call,360.00,-2.35%,0.33,0.34,0.34,129261,13987,9.24,39.93%,33.60%,0.112926,"12:12 ET"
AVGO,356.38,2026-09-16,12,Call,400.00,-12.32%,0.61,0.62,0.74,1476,160,9.23,34.98%,40.28%,0.061649,"12:09 ET"
SNDK,1699.49,2026-09-04,0,Call,"1,680.00",+0.36%,25.4,25.19,26.2,2840,308,9.22,73.07%,38.51%,0.726471,"12:12 ET"
MSFT,500.85,2026-09-04,0,Put,502.50,+0.36%,1.89,2.06,2.24,13074,1418,9.22,23.69%,11.89%,-0.674975,"12:12 ET"
TSLA,352.16,2026-09-09,5,Call,367.50,-4.49%,1.59,1.58,1.6,2995,326,9.19,39.93%,38.77%,0.186107,"12:11 ET"
SNDK,1699.49,2026-09-11,7,Call,"1,850.00",-9.72%,18.7,18.6,19.3,2213,241,9.18,73.07%,70.96%,0.210359,"12:11 ET"
NVDA,231.3,2026-09-04,0,Call,232.50,-0.67%,0.27,0.27,0.28,311034,34372,9.05,33.81%,16.19%,0.240858,"12:12 ET"
CIFR,17.68,2026-09-11,7,Put,17.00,-4.12%,0.53,0.54,0.55,12090,1338,9.04,90.10%,86.48%,-0.353528,"12:10 ET"
TSLA,352.16,2026-09-09,5,Call,347.50,+1.20%,8.45,8.5,8.6,1153,128,9.01,39.93%,34.54%,0.647095,"12:12 ET"
META,612.2,2026-09-04,0,Put,612.50,+0.16%,2.22,2.19,2.3,5471,615,8.9,34.15%,17.44%,-0.505127,"12:12 ET"
MU,999.71,2026-09-04,0,Call,"1,005.00",-0.73%,4.4,4.35,4.5,23004,2587,8.89,60.61%,27.22%,0.429602,"12:12 ET"
MSFT,500.85,2026-09-04,0,Put,500.00,-0.14%,0.62,0.62,0.7,32641,3699,8.82,23.69%,10.83%,-0.347879,"12:12 ET"
AMZN,256.15,2026-09-04,0,Put,255.00,-0.46%,0.19,0.19,0.2,43846,4979,8.81,29.20%,12.08%,-0.212903,"12:12 ET"
LRCX,303.66,2026-09-11,7,Call,330.00,-9.00%,1.26,1.3,1.59,1485,169,8.79,56.70%,51.66%,0.134001,"11:55 ET"
VFC,13.35,2026-09-11,7,Put,13.00,-2.40%,0.12,0.15,0.17,1080,125,8.64,36.48%,38.80%,-0.307198,"11:33 ET"
LULU,100.39,2026-09-04,0,Put,99.00,-1.09%,0.28,0.28,0.33,7556,876,8.63,40.96%,38.65%,-0.25094,"12:11 ET"
AMD,472.16,2026-09-04,0,Call,472.50,-0.53%,3.05,3.05,3.15,16656,1931,8.63,47.65%,24.56%,0.586221,"12:12 ET"
U,41.66,2026-10-16,42,Call,49.00,-18.04%,0.71,0.82,0.92,1237,144,8.59,52.80%,52.40%,0.211012,"11:46 ET"
AVGO,356.38,2026-09-04,0,Call,357.50,-0.38%,0.88,0.88,0.91,10090,1187,8.5,34.98%,19.84%,0.360049,"12:12 ET"
BRK.B,505.61,2026-09-11,7,Put,500.00,-1.18%,1.13,1.25,1.28,2341,278,8.42,13.75%,12.24%,-0.237931,"12:09 ET"
TSLA,352.16,2026-09-09,5,Call,345.00,+1.91%,10.1,9.9,10.2,1517,182,8.34,39.93%,34.29%,0.71225,"12:10 ET"
AMZN,256.15,2026-09-09,5,Put,257.50,+0.52%,3.25,3.32,3.45,4319,520,8.31,29.20%,22.87%,-0.561575,"12:08 ET"
AAPL,321.01,2026-09-11,7,Call,322.50,-0.47%,4.2,4.2,4.3,5437,654,8.31,24.75%,27.07%,0.468892,"12:11 ET"
TSLA,352.16,2026-09-18,14,Call,362.50,-3.06%,7.05,6.95,7.15,4057,489,8.3,39.93%,40.36%,0.381672,"12:10 ET"
AMD,472.16,2026-09-04,0,Put,462.50,-1.60%,0.12,0.14,0.16,3101,377,8.23,47.65%,28.05%,-0.048483,"12:12 ET"
KHC,24.95,2026-09-11,7,Call,25.50,-2.00%,0.14,0.16,0.16,20356,2483,8.2,26.91%,25.28%,0.281464,"12:07 ET"
PEP,138.22,2026-09-11,7,Call,139.00,-0.38%,0.98,1.05,1.08,1112,136,8.18,22.34%,18.01%,0.417259,"12:09 ET"
U,41.66,2026-09-04,0,Put,41.00,-1.23%,0.06,0.15,0.21,1259,154,8.18,52.80%,43.37%,-0.24117,"11:06 ET"
MRVL,220.93,2028-06-16,651,Put,120.00,-45.64%,16.15,16.31,16.9,842,103,8.17,59.85%,65.39%,-0.115089,"12:07 ET"
DELL,521.24,2026-09-04,0,Put,515.00,-0.56%,1.08,1.18,1.19,4971,612,8.12,59.61%,33.35%,-0.217648,"12:11 ET"
PATH,15.25,2026-09-04,0,Call,15.00,+1.38%,0.36,0.34,0.39,8331,1027,8.11,58.46%,47.52%,0.819535,"12:12 ET"
META,612.2,2026-09-09,5,Call,612.50,-0.16%,7.45,7.56,7.55,1321,163,8.1,34.15%,26.00%,0.508953,"12:12 ET"
MCD,256.76,2026-09-04,0,Call,257.50,-0.37%,0.17,0.23,0.24,1383,171,8.09,20.06%,8.85%,0.280654,"12:05 ET"
CIFR,17.68,2026-09-11,7,Call,19.50,-9.98%,0.27,0.28,0.3,2541,314,8.09,90.10%,90.77%,0.233638,"12:07 ET"
SNDK,1699.49,2026-09-04,0,Put,"1,580.00",-6.30%,0.1,0.15,0.2,1460,181,8.07,73.07%,59.40%,-0.008493,"12:09 ET"
FRO,46.39,2026-09-18,14,Call,49.00,-5.44%,0.45,0.51,0.65,3416,425,8.04,48.45%,42.07%,0.251284,"11:09 ET"
AAOI,105.78,2026-09-11,7,Call,110.00,-4.25%,2.9,3.04,3.2,5057,633,7.99,85.78%,81.74%,0.386705,"12:12 ET"
AMAT,454.86,2026-09-11,7,Call,460.00,-1.17%,8.6,9.7,10.05,1117,142,7.87,50.48%,45.45%,0.448814,"12:10 ET"
DELL,521.24,2026-09-04,0,Put,520.00,+0.40%,2.8,2.94,3.05,3672,474,7.75,59.61%,35.31%,-0.416488,"12:12 ET"
NVDA,231.3,2026-09-16,12,Call,235.00,-1.75%,3.5,3.65,3.65,5056,658,7.68,33.81%,30.86%,0.400337,"12:10 ET"
DELL,521.24,2026-09-04,0,Put,512.50,-1.04%,0.62,0.68,0.68,1936,253,7.65,59.61%,32.94%,-0.141402,"12:12 ET"
COIN,185.35,2026-09-11,7,Call,192.50,-3.32%,3.45,3.65,3.75,3757,492,7.64,63.77%,61.93%,0.351601,"12:08 ET"
GOOGL,337.99,2026-09-09,5,Call,342.50,-1.33%,1.59,1.57,1.68,3127,412,7.59,27.45%,20.87%,0.311654,"12:08 ET"
LULU,100.39,2026-09-11,7,Put,95.00,-5.09%,0.55,0.59,0.6,2027,268,7.56,40.96%,43.50%,-0.172521,"12:10 ET"
GLW,151.72,2026-09-11,7,Call,167.50,-9.31%,0.49,0.59,0.65,1067,143,7.46,55.39%,55.29%,0.105736,"12:10 ET"
GOOGL,337.99,2026-09-11,7,Call,342.50,-1.33%,2.72,2.78,2.8,4426,596,7.43,27.45%,24.07%,0.364453,"12:12 ET"
AMD,472.16,2026-09-04,0,Call,467.50,+0.53%,6.5,7,7.1,8689,1173,7.41,47.65%,25.69%,0.842773,"12:12 ET"
SMCI,40.44,2026-09-11,7,Put,39.00,-2.08%,0.82,0.84,0.88,955,130,7.35,71.04%,66.11%,-0.331828,"12:10 ET"
BIDU,98.43,2026-09-11,7,Call,98.00,+0.57%,2.4,2.42,2.53,1036,142,7.3,41.40%,39.52%,0.556238,"12:06 ET"
AMD,472.16,2026-09-04,0,Put,470.00,0.00%,0.94,0.95,0.99,6078,834,7.29,47.65%,24.46%,-0.26269,"12:12 ET"
CELH,31.03,2027-03-19,196,Call,45.00,-45.30%,1.82,1.87,1.98,2003,275,7.28,53.89%,59.33%,0.279357,"11:28 ET"
SNDK,1699.49,2026-09-04,0,Call,"1,740.00",-3.19%,2.4,2.3,2.65,1656,228,7.26,73.07%,40.82%,0.138927,"12:11 ET"
TSLA,352.16,2026-09-09,5,Put,347.50,-1.20%,3.55,3.74,3.65,5406,752,7.19,39.93%,35.33%,-0.356371,"12:10 ET"
AMZN,256.15,2026-09-09,5,Call,255.00,+0.46%,3.25,3.25,3.4,3914,545,7.18,29.20%,21.61%,0.589279,"12:11 ET"
SNDK,1699.49,2026-09-04,0,Call,"1,735.00",-2.90%,3,3.08,3.2,1265,177,7.15,73.07%,40.05%,0.166428,"12:12 ET"
AAPL,321.01,2026-09-09,5,Put,307.50,-4.21%,0.47,0.49,0.48,2402,339,7.09,24.75%,28.67%,-0.093141,"12:10 ET"
TSLA,352.16,2026-09-09,5,Call,392.50,-11.59%,0.31,0.32,0.32,3660,517,7.08,39.93%,50.90%,0.038209,"12:09 ET"
INTC,95.44,2026-09-09,5,Put,92.00,-3.04%,0.73,0.75,0.78,1322,187,7.07,57.20%,45.92%,-0.242716,"12:11 ET"
NEM,128.27,2026-09-11,7,Call,134.00,-4.13%,0.76,0.92,0.88,949,135,7.03,41.00%,38.64%,0.215112,"11:51 ET"
AMD,472.16,2026-09-04,0,Put,472.50,+0.53%,1.75,1.9,1.9,2935,419,7,47.65%,24.55%,-0.41424,"12:12 ET"
MU,999.71,2026-09-09,5,Call,990.00,+0.77%,27.25,26.8,27.55,1991,286,6.96,60.61%,43.84%,0.608561,"12:11 ET"
MSTR,141.71,2026-09-04,0,Put,139.00,-2.22%,0.18,0.19,0.2,6482,933,6.95,73.09%,38.57%,-0.131636,"12:11 ET"
SNDK,1699.49,2026-09-04,0,Call,"1,690.00",-0.23%,18.8,18.55,19.4,2669,388,6.88,73.07%,38.43%,0.620281,"12:12 ET"
MU,999.71,2026-09-09,5,Call,"1,100.00",-10.25%,1.48,1.5,1.5,2970,432,6.88,60.61%,49.98%,0.060262,"12:12 ET"
M,22.88,2026-09-11,7,Put,21.50,-5.87%,0.34,0.42,0.37,993,145,6.85,50.05%,71.71%,-0.249148,"11:00 ET"
NBIS,216.7,2026-09-04,0,Put,212.50,-1.31%,0.33,0.3,0.42,968,144,6.72,77.88%,37.32%,-0.166572,"12:11 ET"
ROKU,155.7,2026-09-04,0,Put,155.00,-0.62%,0.08,0.12,0.19,678,101,6.71,16.55%,13.95%,-0.210299,"12:11 ET"
BE,244.37,2026-09-11,7,Call,350.00,-43.38%,0.18,0.19,0.24,833,125,6.66,84.38%,115.53%,0.015799,"12:06 ET"
BE,244.37,2026-09-11,7,Put,197.50,-19.09%,0.7,0.75,1.25,1264,190,6.65,84.38%,104.98%,-0.060055,"11:53 ET"
CBRS,212.5,2026-09-04,0,Call,215.00,-1.76%,0.9,1.12,1.35,1342,202,6.64,73.63%,50.90%,0.314775,"12:11 ET"
NVDA,231.3,2026-09-11,7,Put,230.00,-0.42%,3.55,3.6,3.6,14649,2231,6.57,33.81%,32.66%,-0.444654,"12:12 ET"
GOOGL,337.99,2026-09-11,7,Put,317.50,-6.07%,0.22,0.27,0.25,1864,284,6.56,27.45%,27.28%,-0.044241,"11:28 ET"
MU,999.71,2026-09-04,0,Call,"1,035.00",-3.74%,0.22,0.23,0.25,8618,1318,6.54,60.61%,33.65%,0.034182,"12:12 ET"
SNDK,1699.49,2026-09-04,0,Call,"1,765.00",-4.68%,0.6,0.7,0.9,827,127,6.51,73.07%,43.05%,0.047895,"12:11 ET"
BRK.B,505.61,2026-09-11,7,Call,510.00,-0.80%,1.66,1.73,1.85,2668,410,6.51,13.75%,12.00%,0.322989,"12:10 ET"
ZS,169.57,2026-09-04,0,Call,172.50,-2.25%,0.36,0.48,0.72,1101,170,6.48,50.41%,45.45%,0.233603,"12:08 ET"
SKHY,171.38,2026-09-18,14,Put,170.00,-0.32%,6.75,6.98,7.1,1380,213,6.48,59.77%,58.24%,-0.442307,"12:10 ET"
POET,7.76,2026-09-11,7,Call,8.00,-3.36%,0.21,0.22,0.22,3546,552,6.42,81.65%,73.25%,0.404096,"12:12 ET"
LYV,172.41,2027-01-15,133,Put,135.00,-21.92%,1.5,1.95,2.25,3902,608,6.42,26.62%,35.85%,-0.0975,"12:06 ET"
NVDA,231.3,2026-09-09,5,Call,235.00,-1.75%,1.43,1.42,1.44,58031,9213,6.3,33.81%,27.15%,0.309559,"12:12 ET"
MU,999.71,2026-09-11,7,Call,995.00,+0.27%,32.2,32.2,32.45,1043,168,6.21,60.61%,51.08%,0.5589,"12:12 ET"
SNOW,345.89,2026-09-04,0,Put,347.50,+0.28%,3.35,3.43,3.6,1727,279,6.19,41.43%,28.58%,-0.677891,"12:11 ET"
META,612.2,2026-09-09,5,Call,615.00,-0.56%,6.3,6.38,6.4,2122,344,6.17,34.15%,26.09%,0.455824,"12:12 ET"
AAPL,321.01,2026-09-09,5,Put,317.50,-1.09%,2.32,2.38,2.41,3451,561,6.15,24.75%,26.60%,-0.347089,"12:11 ET"
NVDA,231.3,2026-09-16,12,Put,230.00,-0.42%,4.75,4.85,4.9,717,117,6.13,33.81%,32.74%,-0.450545,"12:12 ET"
NVDA,231.3,2026-09-09,5,Call,242.50,-5.00%,0.29,0.3,0.3,10837,1767,6.13,33.81%,29.10%,0.083177,"12:12 ET"
AMZN,256.15,2026-09-09,5,Put,265.00,+3.45%,9,9.12,9.4,2820,464,6.08,29.20%,25.88%,-0.863561,"12:12 ET"
RIG,5.8,2026-10-16,42,Put,6.00,+3.09%,0.43,0.44,0.45,1013,167,6.07,45.46%,39.46%,-0.582052,"12:12 ET"
SNDK,1699.49,2026-09-04,0,Call,"1,665.00",+1.25%,36.9,36.8,38.7,1056,175,6.03,73.07%,39.40%,0.847827,"12:11 ET"
META,612.2,2026-09-04,0,Call,610.00,+0.25%,3.4,3.5,3.55,22290,3699,6.03,34.15%,16.14%,0.682645,"12:12 ET"
NIO,3.78,2027-04-16,224,Call,4.00,-6.10%,0.62,0.62,0.64,15052,2511,5.99,50.02%,57.96%,0.562122,"12:09 ET"
META,612.2,2026-09-11,7,Put,610.00,-0.25%,9.05,9,9.15,925,155,5.97,34.15%,30.80%,-0.450705,"12:11 ET"
TSLA,352.16,2026-09-11,7,Call,352.50,-0.22%,7.65,7.55,7.75,4247,712,5.96,39.93%,39.24%,0.513449,"12:11 ET"
GOOG,334.67,2026-09-04,0,Put,337.50,+0.82%,2.55,2.94,3.05,4158,700,5.94,27.60%,14.96%,-0.838775,"12:09 ET"
CBRS,212.5,2026-10-16,42,Put,210.00,-0.61%,18.9,19.62,19.8,1071,181,5.92,73.63%,73.12%,-0.428993,"11:59 ET"
ASTS,62.21,2026-09-11,7,Put,64.00,+2.42%,3.1,3.04,3.3,1248,212,5.89,72.92%,64.57%,-0.601494,"11:45 ET"
NFLX,79.18,2026-09-11,7,Put,77.00,-2.94%,0.41,0.43,0.43,1704,290,5.88,34.07%,29.17%,-0.223295,"12:11 ET"
META,612.2,2026-09-11,7,Call,642.50,-5.06%,1.98,1.96,2.02,605,103,5.87,34.15%,31.88%,0.146422,"11:54 ET"
SOFI,18.22,2026-10-09,35,Call,18.00,+0.83%,1.19,1.2,1.23,1595,272,5.86,48.04%,47.86%,0.570005,"12:02 ET"
TSLA,352.16,2026-09-09,5,Call,350.00,+0.49%,7,7.04,7.1,7295,1250,5.84,39.93%,34.66%,0.57911,"12:12 ET"
AAPL,321.01,2026-09-04,0,Put,322.50,+0.47%,1.71,1.74,1.77,92075,15759,5.84,24.75%,13.69%,-0.721777,"12:12 ET"
KMB,106.82,2026-09-11,7,Call,109.00,-1.99%,0.4,0.5,0.5,1026,176,5.83,22.42%,21.06%,0.246678,"12:03 ET"
AMD,472.16,2026-09-04,0,Call,470.00,0.00%,4.5,4.55,4.9,22980,3960,5.8,47.65%,23.96%,0.741832,"12:12 ET"
SNDK,1699.49,2026-09-04,0,Call,"1,760.00",-4.38%,0.9,0.92,1.05,1367,236,5.79,73.07%,42.71%,0.060427,"12:12 ET"
AVGO,356.38,2026-09-04,0,Call,362.50,-1.79%,0.14,0.15,0.15,7620,1315,5.79,34.98%,23.47%,0.074897,"12:12 ET"
TSLA,352.16,2026-09-16,12,Call,360.00,-2.35%,6.8,6.85,7,827,143,5.78,39.93%,39.20%,0.401781,"12:09 ET"
PATH,15.25,2026-09-11,7,Call,16.00,-5.19%,0.23,0.26,0.28,1152,200,5.76,58.46%,59.80%,0.322005,"12:11 ET"
MU,999.71,2026-09-04,0,Call,"1,040.00",-4.24%,0.15,0.15,0.17,7919,1376,5.76,60.61%,35.46%,0.023274,"12:12 ET"
MU,999.71,2026-09-11,7,Put,"1,000.00",+0.23%,27.3,27.45,27.45,1706,298,5.72,60.61%,52.09%,-0.469965,"12:12 ET"
BMY,66.94,2026-09-11,7,Put,66.00,-1.58%,0.31,0.38,0.41,1537,269,5.71,24.63%,19.78%,-0.303679,"12:11 ET"
HOOD,123.09,2026-09-11,7,Call,123.00,+0.69%,4.05,4.12,4.2,3062,537,5.7,62.03%,59.73%,0.521806,"12:11 ET"
SPCX,148.88,2026-09-04,0,Put,149.00,-0.13%,0.85,0.86,0.86,13756,2412,5.7,48.80%,22.75%,-0.562837,"12:12 ET"
CBRS,212.5,2026-09-11,7,Call,225.00,-6.49%,3.8,3.97,4.7,631,111,5.68,73.63%,76.54%,0.310662,"11:58 ET"
MU,999.71,2026-09-09,5,Call,"1,080.00",-8.25%,2.64,2.68,2.79,716,126,5.68,60.61%,48.82%,0.102058,"12:12 ET"
TSLA,352.16,2026-09-09,5,Put,362.50,+3.06%,12.45,12.7,12.6,4486,794,5.65,39.93%,37.93%,-0.729076,"12:08 ET"
NVDA,231.3,2026-09-11,7,Put,235.00,+1.75%,6.3,6.33,6.4,3818,677,5.64,33.81%,32.58%,-0.632755,"12:08 ET"
BE,244.37,2026-09-04,0,Put,247.50,+1.39%,9.05,9.5,9.5,704,125,5.63,84.38%,154.26%,-0.537961,"12:11 ET"
TSLA,352.16,2026-09-09,5,Call,370.00,-5.20%,1.28,1.3,1.3,7960,1424,5.59,39.93%,39.64%,0.154385,"12:12 ET"
TSLA,352.16,2026-09-11,7,Call,377.50,-7.33%,1.4,1.39,1.42,4715,847,5.57,39.93%,43.45%,0.135049,"12:11 ET"
TSLA,352.16,2026-09-09,5,Put,350.00,-0.49%,4.6,4.65,4.7,14792,2665,5.55,39.93%,35.56%,-0.423278,"12:12 ET"
AEHR,84.29,2026-09-04,0,Call,88.00,-3.59%,0,0.2,0.3,728,132,5.52,110.45%,65.66%,0.109574,"11:55 ET"
BE,244.37,2026-09-18,14,Put,235.00,-3.73%,11.95,12.85,12.05,876,159,5.51,84.38%,88.54%,-0.37098,"11:32 ET"
TSLA,352.16,2026-09-09,5,Put,335.00,-4.75%,0.8,0.81,0.82,1736,315,5.51,39.93%,36.22%,-0.110244,"12:12 ET"
DELL,521.24,2026-09-04,0,Put,510.00,-1.53%,0.31,0.37,0.37,5541,1005,5.51,59.61%,32.46%,-0.083864,"12:12 ET"
MU,999.71,2026-09-09,5,Call,"1,060.00",-6.24%,4.6,4.6,4.75,564,103,5.48,60.61%,47.11%,0.163784,"12:12 ET"
ARM,251.92,2026-09-11,7,Call,265.00,-5.25%,3.25,3.45,3.6,1827,334,5.47,60.49%,58.63%,0.281362,"11:57 ET"
META,612.2,2026-09-09,5,Put,600.00,-1.89%,2.9,3,2.97,1180,217,5.44,34.15%,27.00%,-0.250263,"12:10 ET"
AAPL,321.01,2026-09-14,10,Call,330.00,-2.80%,2.07,2.07,2.15,2929,541,5.41,24.75%,24.84%,0.267503,"12:12 ET"
PCG,14.06,2027-01-15,133,Call,16.00,-13.88%,1.3,1.36,1.37,36445,6755,5.4,60.10%,59.46%,0.434604,"11:59 ET"
EIX,56.3,2027-01-15,133,Call,62.50,-11.37%,3.3,3.6,3.9,2871,536,5.36,50.52%,45.21%,0.385938,"12:04 ET"
NVDA,231.3,2026-09-09,5,Call,237.50,-2.83%,0.83,0.83,0.85,21223,3977,5.34,33.81%,27.35%,0.205039,"12:12 ET"
MU,999.71,2026-09-09,5,Call,"1,010.00",-1.23%,17.35,17.15,17.65,1499,282,5.32,60.61%,44.53%,0.455528,"12:11 ET"
BRK.B,505.61,2026-09-11,7,Put,495.00,-2.17%,0.43,0.46,0.54,2250,424,5.31,13.75%,13.03%,-0.109463,"11:55 ET"
SNOW,345.89,2026-09-04,0,Put,342.50,-1.17%,0.82,0.9,0.98,2437,460,5.3,41.43%,27.03%,-0.293053,"12:12 ET"
ADBE,267.83,2026-09-04,0,Put,265.00,-1.15%,0.2,0.28,0.35,2327,440,5.29,51.00%,22.94%,-0.1621,"12:11 ET"
MU,999.71,2026-09-04,0,Call,"1,010.00",-1.23%,2.76,2.76,2.83,30299,5761,5.26,60.61%,27.95%,0.303575,"12:12 ET"
AAPL,321.01,2026-09-14,10,Call,320.00,+0.31%,5.85,6,6.1,838,160,5.24,24.75%,24.75%,0.551107,"12:12 ET"
META,612.2,2026-09-09,5,Put,610.00,-0.25%,6.35,6.27,6.45,1192,228,5.23,34.15%,26.75%,-0.440076,"12:11 ET"
TSLA,352.16,2026-09-09,5,Call,365.00,-3.78%,1.97,1.99,2,10756,2060,5.22,39.93%,38.00%,0.224266,"12:12 ET"
SNDK,1699.49,2026-09-04,0,Put,"1,585.00",-6.00%,0.1,0.11,0.15,613,118,5.19,73.07%,55.87%,-0.007613,"12:10 ET"
MU,999.71,2026-09-09,5,Call,985.00,+1.27%,30.3,29.25,30.55,761,147,5.18,60.61%,43.81%,0.645974,"12:08 ET"
GOOGL,337.99,2026-09-04,0,Put,337.50,-0.15%,0.51,0.54,0.57,17829,3472,5.14,27.45%,11.99%,-0.371007,"12:12 ET"
GOOGL,337.99,2026-09-11,7,Put,332.50,-1.63%,1.98,2.17,2.12,1167,228,5.12,27.45%,23.58%,-0.29102,"12:04 ET"
AAPL,321.01,2026-09-09,5,Call,327.50,-2.02%,1.56,1.58,1.59,6160,1203,5.12,24.75%,25.94%,0.268593,"12:12 ET"
META,612.2,2026-09-04,0,Call,622.50,-1.79%,0.11,0.14,0.13,5932,1160,5.11,34.15%,18.86%,0.048272,"12:12 ET"
MSTR,141.71,2026-09-04,0,Put,141.00,-0.81%,0.64,0.66,0.7,6910,1352,5.11,73.09%,39.02%,-0.344146,"12:12 ET"
MU,999.71,2026-09-09,5,Call,"1,075.00",-7.75%,3,2.95,3.1,544,107,5.08,60.61%,48.12%,0.113731,"12:11 ET"
BRK.B,505.61,2026-09-11,7,Call,515.00,-1.78%,0.51,0.66,0.72,2341,461,5.08,13.75%,11.87%,0.145,"11:57 ET"
DKNG,23.9,2026-09-11,7,Call,24.50,-3.51%,0.36,0.34,0.4,1121,221,5.07,51.22%,46.04%,0.37326,"12:07 ET"
ZS,169.57,2026-09-04,0,Call,175.00,-3.73%,0.13,0.16,0.23,3526,697,5.06,50.41%,46.33%,0.095031,"12:12 ET"
HIMS,27.66,2026-10-09,35,Put,25.00,-9.84%,0.97,1,1.07,556,110,5.05,65.94%,64.81%,-0.27052,"12:12 ET"
AMZN,256.15,2026-09-09,5,Put,262.50,+2.47%,6.8,6.95,7.15,1503,298,5.04,29.20%,24.19%,-0.797396,"12:12 ET"
MU,999.71,2026-09-09,5,Call,"1,020.00",-2.24%,13.85,14,14,2016,401,5.03,60.61%,45.44%,0.384481,"12:12 ET"
NBIS,216.7,2026-09-04,0,Call,217.50,-1.01%,1.08,1.26,1.24,3655,727,5.03,77.88%,35.94%,0.404833,"12:11 ET"
META,612.2,2026-09-09,5,Put,580.00,-5.16%,0.44,0.43,0.46,1336,266,5.02,34.15%,28.91%,-0.051124,"12:11 ET"
CRCL,101.86,2026-09-04,0,Put,101.00,-1.14%,0.41,0.44,0.47,1660,331,5.02,79.07%,42.43%,-0.30323,"12:12 ET"
SLS,14.02,2026-09-11,7,Call,16.00,-14.70%,0.25,0.32,0.35,866,173,5.01,198.93%,117.85%,0.240035,"12:12 ET"
SPCX,148.88,2026-09-25,21,Put,149.00,-0.13%,6.75,6.78,6.9,1067,213,5.01,48.80%,47.88%,-0.478526,"12:04 ET"
TSLA,352.16,2026-09-14,10,Put,345.00,-1.91%,5,5.13,5.15,1225,246,4.98,39.93%,36.34%,-0.346057,"12:06 ET"
AMD,472.16,2026-09-09,5,Call,470.00,0.00%,10.2,10.47,10.85,1848,374,4.94,47.65%,38.12%,0.583431,"12:11 ET"
NVDA,231.3,2026-09-09,5,Put,227.50,-1.50%,1.55,1.59,1.58,8768,1774,4.94,33.81%,28.62%,-0.309624,"12:12 ET"
ONDS,7.53,2026-10-02,28,Call,12.00,-59.57%,0.03,0.1,0.07,893,182,4.91,69.57%,99.83%,0.061542,"09:36 ET"
TSLA,352.16,2026-09-09,5,Put,340.00,-3.33%,1.49,1.51,1.53,5544,1128,4.91,39.93%,35.41%,-0.185508,"12:12 ET"
BTU,29.06,2026-10-16,42,Call,32.00,-10.23%,0.91,1.04,1.1,505,103,4.9,51.50%,51.71%,0.328777,"11:51 ET"
AMZN,256.15,2026-09-04,0,Call,257.50,-0.52%,0.19,0.19,0.2,31330,6391,4.9,29.20%,11.75%,0.218331,"12:12 ET"
MU,999.71,2026-09-11,7,Call,"1,065.00",-6.75%,8.95,8.57,9.1,737,151,4.88,60.61%,53.48%,0.219652,"12:08 ET"
SNDK,1699.49,2026-09-11,7,Put,"1,500.00",-11.04%,6.5,6.7,6.7,1781,365,4.88,73.07%,68.70%,-0.085486,"12:11 ET"
SMCI,40.44,2026-09-11,7,Call,40.00,-0.43%,1.67,1.67,1.69,20583,4216,4.88,71.04%,65.87%,0.563414,"12:12 ET"
SKHY,171.38,2026-09-11,7,Call,195.00,-14.34%,0.4,0.45,0.49,1042,214,4.87,59.77%,61.09%,0.071362,"12:08 ET"
CIFR,17.68,2026-09-11,7,Call,21.00,-18.44%,0.11,0.11,0.12,3739,767,4.87,90.10%,95.93%,0.107731,"11:47 ET"
CRCL,101.86,2027-06-17,286,Put,110.00,+7.67%,31.1,32.05,34.75,501,103,4.86,79.07%,83.83%,-0.384566,"11:48 ET"
DNUT,3.43,2026-11-20,77,Put,3.50,+2.64%,0.4,0.5,0.55,1000,206,4.85,58.95%,69.43%,-0.46127,"09:30 ET"
ARM,251.92,2026-09-04,0,Call,252.50,-0.29%,0.91,1.1,1.22,1546,319,4.85,60.49%,26.09%,0.427772,"12:12 ET"
NVDA,231.3,2026-09-04,0,Put,235.00,+1.75%,3.9,3.9,4,48210,9958,4.84,33.81%,20.55%,-0.942797,"12:12 ET"
COHR,282.73,2026-09-11,7,Call,300.00,-6.12%,3.8,3.6,4.2,502,104,4.83,68.73%,65.29%,0.268466,"12:07 ET"
SKHY,171.38,2026-09-11,7,Put,149.00,-12.64%,0.31,0.35,0.38,1494,310,4.82,59.77%,64.50%,-0.05177,"11:54 ET"
MU,999.71,2026-09-09,5,Put,920.00,-7.79%,1.57,1.63,1.62,1085,226,4.8,60.61%,48.91%,-0.062646,"12:11 ET"
NUAI,5.38,2026-10-09,35,Call,5.50,-2.04%,0.7,0.9,0.9,2051,427,4.8,137.45%,127.01%,0.560386,"10:51 ET"
SNDK,1699.49,2026-09-11,7,Call,"1,700.00",-0.82%,63.9,63.27,64.5,2384,499,4.78,73.07%,67.85%,0.521334,"12:12 ET"
TSLA,352.16,2026-09-11,7,Call,362.50,-3.06%,3.95,3.87,4.05,3243,678,4.78,39.93%,40.45%,0.320908,"12:10 ET"
IOT,40.71,2026-09-11,7,Call,42.00,-4.22%,0.8,0.65,1.15,538,113,4.76,56.35%,68.33%,0.382677,"11:39 ET"
MSFT,500.85,2026-09-09,5,Call,500.00,+0.14%,4.7,4.82,5.05,1180,248,4.76,23.69%,18.04%,0.551545,"12:12 ET"
TSLA,352.16,2027-02-19,168,Call,375.00,-6.62%,35.55,35.62,36.05,1204,253,4.76,39.93%,44.62%,0.501721,"11:55 ET"
PRMB,22.17,2026-09-18,14,Call,23.00,-3.37%,0.25,0.35,0.4,4280,900,4.76,35.36%,36.89%,0.323014,"12:10 ET"
SNDK,1699.49,2026-09-04,0,Call,"1,635.00",+3.03%,64.8,65.3,66.4,793,167,4.75,73.07%,42.62%,0.961792,"12:07 ET"
DELL,521.24,2026-09-04,0,Call,522.50,-0.89%,2.81,2.89,3.05,2572,541,4.75,59.61%,29.61%,0.474989,"12:12 ET"
MSTR,141.71,2026-09-11,7,Put,135.00,-5.03%,2.41,2.45,2.51,4069,859,4.74,73.09%,69.28%,-0.277821,"12:10 ET"
AMZN,256.15,2026-09-04,0,Put,257.50,+0.52%,1.42,1.49,1.55,21235,4481,4.74,29.20%,13.27%,-0.756858,"12:12 ET"
DELL,521.24,2026-09-04,0,Put,517.50,-0.08%,1.77,1.95,1.99,2008,425,4.72,59.61%,34.15%,-0.312344,"12:11 ET"
SMCI,40.44,2026-10-16,42,Call,42.00,-5.45%,3.2,3.25,3.4,4421,936,4.72,71.04%,71.64%,0.4913,"12:07 ET"
AAPL,321.01,2026-09-09,5,Call,322.50,-0.47%,3.25,3.3,3.3,8258,1748,4.72,24.75%,25.67%,0.455526,"12:12 ET"
LULU,100.39,2026-10-16,42,Call,110.00,-9.90%,2.37,2.43,2.53,754,160,4.71,40.96%,42.03%,0.292756,"12:11 ET"
ADM,84.61,2026-10-16,42,Put,80.00,-5.76%,1.55,1.57,1.65,1161,247,4.7,31.34%,31.44%,-0.27286,"12:11 ET"
PATH,15.25,2026-11-20,77,Put,14.00,-7.96%,0.99,1.05,1.04,1180,251,4.7,58.46%,61.18%,-0.312897,"12:05 ET"
INOD,54.91,2026-11-20,77,Call,90.00,-63.43%,1.35,1.65,1.7,1145,244,4.69,65.13%,87.46%,0.156396,"11:49 ET"
BE,244.37,2026-09-25,21,Call,270.00,-10.61%,10.9,11.3,11.7,570,122,4.67,84.38%,87.19%,0.361735,"12:10 ET"
DELL,521.24,2026-09-04,0,Put,507.50,-2.01%,0.15,0.2,0.26,1348,290,4.65,59.61%,33.57%,-0.053013,"12:11 ET"
SNOW,345.89,2026-09-04,0,Put,345.00,-0.44%,1.88,1.93,2,2936,631,4.65,41.43%,27.78%,-0.489714,"12:12 ET"
MRVL,220.93,2026-09-04,0,Call,222.50,-0.80%,0.57,0.58,0.62,6084,1307,4.65,59.85%,26.53%,0.307391,"12:12 ET"
HIMS,27.66,2026-09-11,7,Call,30.50,-9.99%,0.18,0.18,0.21,2425,523,4.64,65.94%,66.63%,0.153087,"12:05 ET"
NFLX,79.18,2026-09-04,0,Put,79.00,-0.42%,0.17,0.17,0.18,11787,2552,4.62,34.07%,18.31%,-0.345055,"12:12 ET"
GOOGL,337.99,2026-09-09,5,Put,335.00,-0.89%,1.8,1.91,1.91,1475,321,4.6,27.45%,20.63%,-0.338244,"12:10 ET"
MU,999.71,2026-09-09,5,Call,"1,050.00",-5.24%,6.3,6.3,6.45,4467,971,4.6,60.61%,47.06%,0.209535,"12:12 ET"
SNDK,1699.49,2026-09-11,7,Call,"1,900.00",-12.68%,12.2,12.28,12.5,2861,623,4.59,73.07%,72.54%,0.146649,"12:12 ET"
PANW,332.21,2026-09-04,0,Call,337.50,-1.86%,0.18,0.23,0.26,1585,346,4.58,45.12%,23.41%,0.112608,"12:10 ET"
AMZN,256.15,2026-09-09,5,Call,250.00,+2.41%,6.65,6.85,7.05,871,191,4.56,29.20%,20.74%,0.853187,"12:12 ET"
ALAB,317.56,2026-09-04,0,Put,300.00,-5.55%,0.51,0.51,0.84,501,110,4.55,79.59%,86.63%,-0.098203,"12:09 ET"
MU,999.71,2026-09-11,7,Call,990.00,+0.77%,34.9,33.78,35.15,1159,255,4.55,60.61%,51.03%,0.586885,"12:10 ET"
LULU,100.39,2026-09-11,7,Put,100.00,-0.09%,2.2,2.19,2.29,6497,1427,4.55,40.96%,43.91%,-0.463625,"12:11 ET"
AVGO,356.38,2026-09-09,5,Put,357.50,+0.38%,5.65,5.85,6,908,200,4.54,34.98%,31.11%,-0.531243,"12:11 ET"
CNH,14.27,2026-12-18,105,Call,15.00,-5.19%,0.9,0.93,1,3865,851,4.54,41.88%,40.56%,0.455418,"10:48 ET"
HONA,159.57,2026-10-16,42,Put,150.00,-6.02%,4.3,5.1,5.1,2013,444,4.53,42.48%,42.68%,-0.29775,"10:53 ET"
DELL,521.24,2026-09-04,0,Call,525.00,-1.37%,1.94,2,2.13,5419,1197,4.53,59.61%,30.85%,0.360381,"12:12 ET"
TSLA,352.16,2026-09-14,10,Call,360.00,-2.35%,5.45,5.51,5.6,1299,288,4.51,39.93%,36.92%,0.380817,"12:12 ET"
LULU,100.39,2026-09-18,14,Call,100.00,+0.09%,3.4,3.54,3.6,1478,328,4.51,40.96%,41.80%,0.538384,"12:11 ET"
TSLA,352.16,2026-09-04,0,Put,360.00,+2.35%,7.9,8.2,8.2,55826,12385,4.51,39.93%,36.89%,-0.865713,"12:11 ET"
SNDK,1699.49,2026-09-04,0,Call,"1,655.00",+1.85%,46.1,46.65,47.4,801,178,4.5,73.07%,40.74%,0.899494,"12:07 ET"
SNDK,1699.49,2026-09-11,7,Call,"2,000.00",-18.61%,5,5.1,5.1,2766,615,4.5,73.07%,75.50%,0.067299,"12:12 ET"
MSFT,500.85,2026-09-11,7,Call,507.50,-1.36%,3.2,3.34,3.45,1284,288,4.46,23.69%,21.19%,0.343904,"12:05 ET"
MU,999.71,2026-09-11,7,Call,"1,055.00",-5.74%,10.9,10.9,11.1,839,189,4.44,60.61%,53.05%,0.257284,"12:12 ET"
MU,999.71,2026-09-09,5,Call,"1,025.00",-2.74%,12,11.25,12.2,1014,229,4.43,60.61%,45.23%,0.349118,"12:09 ET"
AAPL,321.01,2026-09-09,5,Call,325.00,-1.25%,2.3,2.32,2.34,20765,4689,4.43,24.75%,25.88%,0.357344,"12:12 ET"
MU,999.71,2026-09-11,7,Call,"1,020.00",-2.24%,21.15,21.05,21.3,2729,618,4.42,60.61%,51.84%,0.421261,"12:12 ET"
TSLA,352.16,2026-09-04,0,Put,362.50,+3.06%,10.25,10.63,10.7,11390,2578,4.42,39.93%,42.67%,-0.897435,"12:08 ET"
DVN,48.27,2026-11-20,77,Call,50.00,-3.46%,2.38,2.4,2.44,10103,2303,4.39,32.85%,35.22%,0.448988,"12:12 ET"
TSLA,352.16,2026-09-09,5,Put,332.50,-5.46%,0.59,0.61,0.61,1033,236,4.38,39.93%,36.94%,-0.084491,"12:10 ET"
PYPL,54.77,2026-09-11,7,Call,58.00,-5.82%,0.24,0.26,0.27,4332,990,4.38,34.02%,40.31%,0.161943,"11:54 ET"
META,612.2,2026-09-04,0,Call,620.00,-1.38%,0.23,0.24,0.25,20610,4707,4.38,34.15%,17.75%,0.09167,"12:12 ET"
PLTR,175.52,2026-09-04,0,Call,177.50,-1.21%,0.16,0.17,0.17,17442,3989,4.37,45.43%,22.58%,0.154499,"12:12 ET"
SBUX,105.57,2026-09-25,21,Call,116.00,-10.14%,0.11,0.3,0.3,666,153,4.35,26.11%,26.15%,0.071427,"12:02 ET"
SNDK,1699.49,2026-09-04,0,Call,"1,780.00",-5.57%,0.15,0.36,0.5,779,179,4.35,73.07%,43.93%,0.022616,"12:10 ET"
VST,148.4,2026-11-20,77,Call,165.00,-11.45%,6.9,6.82,7.2,2089,480,4.35,42.06%,47.14%,0.36122,"11:47 ET"
GOOGL,337.99,2026-09-09,5,Put,337.50,-0.15%,2.81,3,2.93,1285,296,4.34,27.45%,20.63%,-0.456872,"12:09 ET"
LITE,875.76,2026-09-18,14,Call,860.00,+1.46%,52.7,53.12,53.7,584,135,4.33,68.73%,65.68%,0.584081,"12:11 ET"
SMCI,40.44,2026-09-04,0,Put,40.00,+0.43%,0.16,0.17,0.18,1650,381,4.33,71.04%,39.62%,-0.313565,"12:12 ET"
TSLA,352.16,2026-09-16,12,Put,340.00,-3.33%,4.6,4.78,4.75,570,132,4.32,39.93%,38.97%,-0.289081,"12:07 ET"
ABBV,256.72,2026-10-02,28,Call,280.00,-8.78%,0.8,1.21,1.19,575,133,4.32,25.70%,25.15%,0.116946,"11:29 ET"
PLTR,175.52,2026-09-04,0,Put,175.00,-0.21%,0.5,0.53,0.54,36906,8589,4.3,45.43%,19.10%,-0.411694,"12:12 ET"
AMZN,256.15,2026-09-09,5,Put,255.00,-0.46%,1.99,2.06,2.09,3084,721,4.28,29.20%,22.34%,-0.414651,"12:11 ET"
NVDA,231.3,2026-09-14,10,Put,230.00,-0.42%,4,4.05,4.1,1264,297,4.26,33.81%,30.63%,-0.446953,"12:12 ET"
CRM,259.96,2026-09-11,7,Call,262.50,-1.01%,3.65,3.84,4,1160,273,4.25,37.66%,33.94%,0.43433,"12:09 ET"
AAOI,105.78,2028-01-21,504,Put,40.00,-62.09%,6.5,6.5,6.6,602,142,4.24,85.78%,96.55%,-0.071571,"12:07 ET"
GOOGL,337.99,2026-09-04,0,Call,337.50,+0.15%,1.15,1.27,1.22,8450,2000,4.23,27.45%,11.31%,0.637124,"12:12 ET"
HIMS,27.66,2026-10-09,35,Put,24.00,-13.45%,0.65,0.67,0.7,549,130,4.22,65.94%,63.12%,-0.202804,"12:12 ET"
PURR,12.14,2026-10-16,42,Put,9.00,-25.19%,0.25,0.35,0.45,1701,403,4.22,95.45%,99.70%,-0.141992,"11:37 ET"
INTC,95.44,2026-09-09,5,Call,98.00,-3.29%,1.05,1.07,1.09,1758,417,4.22,57.20%,47.16%,0.321563,"12:12 ET"
MSFT,500.85,2026-09-04,0,Put,497.50,-0.64%,0.11,0.14,0.14,6994,1659,4.22,23.69%,10.64%,-0.0959,"12:12 ET"
WMT,107.57,2026-09-04,0,Put,108.00,+0.34%,0.47,0.49,0.52,5498,1305,4.21,21.48%,11.61%,-0.722456,"12:11 ET"
AMD,472.16,2026-09-04,0,Call,475.00,-1.06%,1.67,1.76,1.85,23628,5613,4.21,47.65%,23.60%,0.419091,"12:12 ET"
PL,18.08,2026-09-11,7,Call,20.50,-11.59%,0.1,0.15,0.2,916,218,4.2,70.21%,78.83%,0.152281,"12:07 ET"
ORCL,157.77,2026-09-04,0,Put,160.00,+1.55%,2.29,2.7,2.46,1121,267,4.2,66.57%,29.29%,-0.808117,"11:53 ET"
INTC,95.44,2026-09-11,7,Call,101.00,-6.45%,1.02,1.07,1.07,1940,462,4.2,57.20%,56.56%,0.245204,"12:10 ET"
SPCX,148.88,2026-09-04,0,Put,147.00,-1.47%,0.14,0.15,0.15,18697,4461,4.19,48.80%,22.42%,-0.158564,"12:12 ET"
GPRO,1.765,2027-01-15,133,Put,2.0000,+14.61%,0.65,0.68,0.75,543,130,4.18,182.51%,139.34%,-0.375205,"11:31 ET"
AMD,472.16,2026-09-11,7,Call,477.50,-1.60%,9.9,10.14,10.7,621,149,4.17,47.65%,45.47%,0.466777,"12:11 ET"
IREN,43.48,2026-09-04,0,Put,43.50,+0.55%,0.32,0.32,0.34,777,187,4.16,79.38%,34.98%,-0.511204,"12:12 ET"
MSFT,500.85,2026-09-09,5,Put,497.50,-0.64%,2.61,2.86,2.76,515,124,4.15,23.69%,18.44%,-0.36061,"12:07 ET"
MU,999.71,2026-09-04,0,Call,"1,025.00",-2.74%,0.6,0.61,0.61,20656,4978,4.15,60.61%,30.83%,0.083043,"12:12 ET"
MU,999.71,2026-09-04,0,Call,"1,000.00",-0.23%,6.7,6.85,6.9,86365,20793,4.15,60.61%,26.64%,0.570952,"12:12 ET"
META,612.2,2026-09-09,5,Put,605.00,-1.07%,4.35,4.29,4.45,726,176,4.13,34.15%,26.77%,-0.339439,"12:12 ET"
ULTA,563.86,2026-09-18,14,Call,670.00,-18.90%,0,0.1,1.5,535,130,4.12,30.87%,47.64%,0.036907,"11:44 ET"
MU,999.71,2028-06-16,651,Call,"2,390.00",-139.55%,127.75,131.5,134.6,518,126,4.11,60.61%,67.63%,0.332618,"11:38 ET"
GM,87.07,2026-09-04,0,Put,87.00,-0.33%,0.29,0.31,0.39,1125,274,4.11,30.46%,21.65%,-0.454884,"12:10 ET"
MSTR,141.71,2026-09-04,0,Put,142.00,-0.11%,1.06,1.12,1.12,3711,904,4.11,73.09%,39.06%,-0.479156,"12:12 ET"
INTC,95.44,2026-09-14,10,Call,100.00,-5.40%,1.5,1.5,1.7,640,156,4.1,57.20%,52.93%,0.311599,"12:08 ET"
SNDK,1699.49,2026-09-04,0,Call,"1,750.00",-3.79%,1.5,1.45,1.65,7348,1793,4.1,73.07%,41.72%,0.092478,"12:12 ET"
INTC,95.44,2026-10-02,28,Put,91.00,-4.09%,3.7,3.77,3.8,600,147,4.08,57.20%,55.83%,-0.347624,"12:11 ET"
INTC,95.44,2026-09-04,0,Call,96.00,-1.18%,0.25,0.25,0.26,27571,6780,4.07,57.20%,26.06%,0.309809,"12:12 ET"
TSLA,352.16,2026-09-14,10,Call,365.00,-3.78%,4,4.05,4.15,1089,269,4.05,39.93%,37.57%,0.301946,"12:10 ET"
VLO,370.21,2026-09-18,14,Put,345.00,-7.20%,2.9,3.2,3.5,630,156,4.04,45.14%,42.75%,-0.182198,"11:45 ET"
TSLA,352.16,2026-09-09,5,Put,345.00,-1.91%,2.7,2.72,2.75,6102,1509,4.04,39.93%,35.15%,-0.292656,"12:12 ET"
TSLA,352.16,2026-09-11,7,Call,365.00,-3.78%,3.3,3.35,3.4,7557,1872,4.04,39.93%,40.75%,0.279926,"12:12 ET"
MU,999.71,2026-09-04,0,Call,990.00,+0.77%,13.55,13.81,14.05,11196,2771,4.04,60.61%,26.85%,0.815365,"12:12 ET"
COST,914.9,2026-09-04,0,Call,925.00,-1.07%,0.06,0.11,0.29,870,216,4.03,22.37%,13.34%,0.063583,"12:07 ET"
CRWV,88.07,2026-09-04,0,Call,88.00,-0.20%,0.57,0.59,0.6,7640,1898,4.03,69.29%,34.54%,0.480488,"12:12 ET"
MU,999.71,2026-09-09,5,Put,915.00,-8.29%,1.32,1.38,1.38,813,202,4.02,60.61%,49.50%,-0.053763,"12:08 ET"
NVDA,231.3,2026-10-23,49,Call,240.00,-3.91%,8.05,8.12,8.35,1246,311,4.01,33.81%,34.12%,0.418693,"11:57 ET"
FIG,24.43,2026-09-04,0,Call,24.00,+1.84%,0.29,0.5,0.6,2421,603,4.01,69.73%,29.13%,0.877004,"11:20 ET"
BIDU,98.43,2026-09-11,7,Call,104.00,-5.52%,0.55,0.61,0.67,501,126,3.98,41.40%,42.93%,0.193517,"12:00 ET"
AEO,17.13,2026-09-11,7,Call,19.00,-11.11%,0.55,0.56,0.66,629,158,3.98,78.16%,133.30%,0.322457,"12:04 ET"
INTC,95.44,2026-09-09,5,Call,99.00,-4.34%,0.81,0.83,0.84,812,204,3.98,57.20%,47.88%,0.262133,"12:12 ET"
IOT,40.71,2026-09-04,0,Call,43.00,-6.70%,0,0.15,0.15,2005,504,3.98,56.35%,81.89%,0.094322,"12:10 ET"
MSTR,141.71,2026-09-11,7,Put,143.00,+0.60%,6,6.1,6.3,520,131,3.97,73.09%,72.93%,-0.502358,"12:09 ET"
MU,999.71,2026-09-18,14,Call,995.00,+0.27%,46.2,46.5,46.65,642,162,3.96,60.61%,53.84%,0.553643,"12:10 ET"
AMD,472.16,2026-09-04,0,Call,480.00,-2.13%,0.45,0.5,0.51,10999,2776,3.96,47.65%,24.47%,0.153786,"12:12 ET"
NBIS,216.7,2026-09-11,7,Put,182.50,-15.24%,0.44,0.46,0.53,1034,262,3.95,77.88%,77.02%,-0.048495,"12:11 ET"
META,612.2,2026-09-11,7,Call,627.50,-2.61%,4.8,4.81,4.9,1029,262,3.93,34.15%,31.07%,0.297501,"12:12 ET"
AVGO,356.38,2026-09-09,5,Call,357.50,-0.38%,4.55,4.9,4.85,973,248,3.92,34.98%,31.76%,0.470596,"12:04 ET"
VST,148.4,2026-09-25,21,Call,155.00,-4.69%,3.15,3.1,3.4,688,176,3.91,42.06%,40.99%,0.351342,"12:03 ET"
CBRS,212.5,2026-09-04,0,Call,220.00,-4.13%,0.2,0.3,0.4,2347,601,3.91,73.63%,54.80%,0.105027,"12:05 ET"
MU,999.71,2026-09-04,0,Call,995.00,+0.27%,10,10.15,10.4,14256,3642,3.91,60.61%,27.90%,0.697494,"12:12 ET"
GOOGL,337.99,2026-09-11,7,Call,352.50,-4.29%,0.72,0.76,0.8,1670,428,3.9,27.45%,25.65%,0.128546,"12:07 ET"
AVGO,356.38,2026-09-04,0,Put,355.00,-0.32%,0.87,0.91,0.93,9197,2356,3.9,34.98%,19.06%,-0.369129,"12:12 ET"
MSFT,500.85,2026-09-04,0,Call,505.00,-0.86%,0.18,0.18,0.2,15047,3858,3.9,23.69%,12.58%,0.118486,"12:12 ET"
AMD,472.16,2026-09-09,5,Call,465.00,+1.06%,13.25,13.42,13.95,782,201,3.89,47.65%,38.19%,0.673513,"12:11 ET"
MU,999.71,2026-09-04,0,Call,985.00,+1.27%,17.55,16.6,17.85,5926,1524,3.89,60.61%,22.15%,0.936487,"12:11 ET"
TSLA,352.16,2026-09-09,5,Call,407.50,-15.86%,0.17,0.15,0.18,1110,286,3.88,39.93%,59.22%,0.019955,"11:20 ET"
AI,10.56,2026-09-11,7,Call,11.00,-4.56%,0.12,0.13,0.14,5521,1423,3.88,58.19%,49.12%,0.296286,"12:12 ET"
LVS,44.66,2026-11-20,77,Call,45.00,-0.94%,2.53,2.7,2.75,503,130,3.87,29.53%,33.80%,0.51462,"10:48 ET"
PL,18.08,2026-09-04,0,Call,18.50,-0.71%,0.1,0.15,0.2,4480,1159,3.87,70.21%,71.46%,0.340249,"12:11 ET"
DOW,30.3,2026-09-11,7,Put,30.00,-1.06%,0.38,0.41,0.43,1092,283,3.86,38.97%,32.55%,-0.403566,"11:46 ET"
DELL,521.24,2026-09-11,7,Put,510.00,-1.53%,10.95,11.17,11.15,518,135,3.84,59.61%,57.65%,-0.368763,"12:11 ET"
AAPL,321.01,2026-09-09,5,Put,310.00,-3.43%,0.7,0.73,0.73,4734,1233,3.84,24.75%,27.88%,-0.133498,"12:10 ET"
RDDT,154.82,2026-09-11,7,Put,152.50,-1.34%,2.99,3.15,3.45,931,243,3.83,56.51%,51.35%,-0.395789,"12:08 ET"
BBY,89.93,2026-11-20,77,Put,75.00,-16.59%,0.85,1.05,1.15,586,154,3.81,34.72%,36.82%,-0.123,"11:25 ET"
LULU,100.39,2027-03-19,196,Call,115.00,-14.90%,9.05,9.47,9.8,1072,281,3.81,40.96%,47.69%,0.438421,"12:12 ET"
CBRS,212.5,2026-10-16,42,Call,250.00,-18.33%,9.4,9.78,10.2,2175,573,3.8,73.63%,76.65%,0.314017,"12:09 ET"
SNDK,1699.49,2026-09-11,7,Call,"1,650.00",+2.14%,90.5,90.29,91.6,1104,291,3.79,73.07%,67.33%,0.645583,"12:12 ET"
AVBP,30.73,2026-10-16,42,Call,20.00,+35.19%,11.7,12.7,14.9,2199,580,3.79,141.97%,196.13%,0.837802,"11:49 ET"
SNOW,345.89,2026-09-04,0,Put,352.50,+1.72%,5.65,6.24,9.45,661,175,3.78,41.43%,26.98%,-0.935914,"11:57 ET"
GOOGL,337.99,2026-09-09,5,Call,360.00,-6.51%,0.1,0.11,0.12,1138,301,3.78,27.45%,27.31%,0.026944,"11:58 ET"
TSLA,352.16,2026-09-11,7,Call,370.00,-5.20%,2.36,2.36,2.38,18200,4831,3.77,39.93%,41.75%,0.210959,"12:12 ET"
AEHR,84.29,2026-10-16,42,Put,100.00,+17.72%,22,22.27,23.2,560,149,3.76,110.45%,110.05%,-0.604051,"09:55 ET"
MU,999.71,2026-09-11,7,Call,"1,005.00",-0.73%,27.7,27.7,28,963,256,3.76,60.61%,52.07%,0.503195,"12:12 ET"
AMZN,256.15,2026-09-09,5,Call,252.50,+1.43%,4.8,4.88,5,1923,511,3.76,29.20%,21.04%,0.736036,"12:11 ET"
DELL,521.24,2026-09-04,0,Call,530.00,-2.33%,0.87,0.9,0.95,9035,2406,3.76,59.61%,32.93%,0.187329,"12:12 ET"
JPM,358.08,2026-09-11,7,Call,362.50,-1.46%,1.77,1.95,1.98,2169,580,3.74,22.99%,18.34%,0.321126,"12:09 ET"
HOOD,123.09,2026-09-04,0,Call,124.00,-0.12%,0.39,0.41,0.41,8927,2389,3.74,62.03%,30.50%,0.318748,"12:12 ET"
SBET,8.55,2026-12-18,105,Call,10.00,-16.69%,0.94,1.01,1.09,815,219,3.72,79.12%,81.39%,0.455467,"10:51 ET"
SNDK,1699.49,2026-09-04,0,Call,"1,675.00",+0.66%,29.1,28.66,29.9,1530,411,3.72,73.07%,38.44%,0.774145,"12:11 ET"
TSLA,352.16,2026-09-14,10,Put,335.00,-4.75%,2.26,2.31,2.34,512,138,3.71,39.93%,36.68%,-0.18992,"12:12 ET"
SNDK,1699.49,2026-09-04,0,Call,"1,700.00",-0.82%,13.5,13.51,13.8,14994,4045,3.71,73.07%,38.71%,0.504299,"12:12 ET"
META,612.2,2026-09-09,5,Put,612.50,+0.16%,7.55,7.5,7.65,526,142,3.7,34.15%,26.76%,-0.492161,"12:12 ET"
TSLA,352.16,2026-09-11,7,Call,360.00,-2.35%,4.7,4.73,4.8,12178,3288,3.7,39.93%,40.13%,0.365172,"12:12 ET"
HOOD,123.09,2026-09-11,7,Call,128.00,-3.35%,2.17,2.24,2.27,2496,676,3.69,62.03%,60.78%,0.337875,"12:11 ET"
INTC,95.44,2026-09-04,0,Put,96.00,+1.18%,0.87,0.87,0.93,2442,664,3.68,57.20%,25.62%,-0.694028,"12:11 ET"
COIN,185.35,2026-09-04,0,Put,182.50,-2.05%,0.2,0.21,0.27,4508,1226,3.68,63.77%,30.84%,-0.151233,"12:11 ET"
RNG,74.53,2028-01-21,504,Call,80.00,-7.56%,18,19.6,21.5,570,156,3.65,52.17%,59.78%,0.622257,"11:11 ET"
PLTR,175.52,2026-09-04,0,Put,177.50,+1.21%,2.18,2.5,2.36,11746,3227,3.64,45.43%,21.82%,-0.855626,"12:12 ET"
BE,244.37,2026-09-04,0,Put,245.00,+0.37%,7.6,7.84,7.9,554,153,3.62,84.38%,151.04%,-0.487883,"12:11 ET"
AMD,472.16,2026-09-11,7,Call,487.50,-3.72%,6.1,6.41,6.85,590,163,3.62,47.65%,45.28%,0.339225,"12:11 ET"
PL,18.08,2026-09-11,7,Call,19.00,-3.43%,0.4,0.41,0.5,1018,282,3.61,70.21%,75.90%,0.3641,"12:07 ET"
AAPL,321.01,2026-09-09,5,Call,317.50,+1.09%,5.95,6.05,6.15,1298,360,3.61,24.75%,26.00%,0.656761,"12:11 ET"
PPTA,25.11,2027-01-15,133,Call,35.00,-38.89%,1.65,1.67,1.7,7588,2112,3.59,62.69%,71.31%,0.300558,"12:12 ET"
SNOW,345.89,2026-09-04,0,Put,337.50,-2.61%,0.09,0.13,0.19,928,259,3.58,41.43%,28.18%,-0.063357,"12:12 ET"
NVDA,231.3,2026-09-25,21,Put,235.00,+1.75%,9.15,9.28,9.3,1163,326,3.57,33.81%,32.88%,-0.562169,"12:12 ET"
MSTR,141.71,2026-09-11,7,Put,133.00,-6.44%,1.82,1.91,1.94,1240,348,3.56,73.09%,69.08%,-0.227562,"12:04 ET"
CYPH,2.3,2026-09-18,14,Put,2.00,-13.04%,0.1,0.15,0.25,4132,1161,3.56,163.11%,184.07%,-0.278102,"11:45 ET"
NVTS,11.64,2026-09-04,0,Call,11.50,+1.12%,0.18,0.22,0.23,6021,1691,3.56,77.53%,35.65%,0.803202,"12:12 ET"
CBRS,212.5,2026-09-04,0,Call,210.00,+0.61%,2.7,3.26,3.4,1859,523,3.55,73.63%,39.58%,0.697511,"12:11 ET"
SNOW,345.89,2026-09-04,0,Call,347.50,-0.28%,1.03,1.06,1.12,1074,303,3.54,41.43%,28.65%,0.323331,"12:12 ET"
CRCL,101.86,2026-10-16,42,Put,105.00,+2.78%,12.2,12.6,12.6,1063,302,3.52,79.07%,79.65%,-0.482567,"12:04 ET"
NVDA,231.3,2026-10-16,42,Put,235.00,+1.75%,12.2,12.3,12.35,4529,1286,3.52,33.81%,33.78%,-0.526187,"12:11 ET"
HOOD,123.09,2026-09-04,0,Put,121.00,-2.30%,0.12,0.12,0.15,4615,1310,3.52,62.03%,30.01%,-0.137659,"12:10 ET"
SNDK,1699.49,2026-09-04,0,Call,"1,650.00",+2.14%,50.8,50.76,52,8167,2321,3.52,73.07%,41.59%,0.918195,"12:12 ET"
HOOD,123.09,2026-09-04,0,Call,125.00,-0.93%,0.18,0.18,0.19,19468,5533,3.52,62.03%,31.55%,0.172296,"12:12 ET"
HOOD,123.09,2026-09-04,0,Call,122.00,+1.49%,1.34,1.39,1.43,4747,1351,3.51,62.03%,28.95%,0.720326,"12:12 ET"
AAPL,321.01,2026-09-04,0,Call,317.50,+1.09%,3.6,3.7,3.8,18573,5290,3.51,24.75%,13.12%,0.953864,"12:12 ET"
MU,999.71,2026-09-09,5,Call,"1,070.00",-7.25%,3.45,3.4,3.6,536,153,3.5,60.61%,47.80%,0.128803,"12:10 ET"
SMCI,40.44,2026-09-11,7,Call,41.50,-4.19%,1,1.03,1.06,846,242,3.5,71.04%,66.78%,0.405378,"12:12 ET"
CRWV,88.07,2026-09-04,0,Put,87.00,-0.93%,0.25,0.25,0.27,1206,345,3.5,69.29%,33.61%,-0.273263,"12:12 ET"
CRWV,88.07,2026-09-11,7,Call,93.00,-5.90%,1.31,1.33,1.35,1749,500,3.5,69.29%,65.00%,0.283017,"12:12 ET"
AMD,472.16,2026-09-04,0,Call,465.00,+1.06%,8.45,9.3,9.6,6303,1799,3.5,47.65%,26.23%,0.916036,"12:12 ET"
MU,999.71,2026-09-09,5,Call,"1,000.00",-0.23%,22.35,22.49,22.6,9578,2734,3.5,60.61%,45.07%,0.531449,"12:12 ET"
BE,244.37,2026-09-11,7,Call,290.00,-18.80%,2.62,2.63,2.71,716,205,3.49,84.38%,109.07%,0.148828,"12:11 ET"
CSCO,109.48,2026-09-18,14,Call,111.00,-1.40%,1.6,1.69,1.7,1227,353,3.48,27.93%,26.67%,0.411736,"12:05 ET"
CI,283.68,2026-10-16,42,Put,260.00,-8.27%,2.15,2.54,2.9,2814,813,3.46,25.90%,28.42%,-0.16622,"11:02 ET"
AVGO,356.38,2026-09-04,0,Call,355.00,+0.32%,2,2.05,2.1,5337,1543,3.46,34.98%,18.89%,0.632378,"12:12 ET"
RBRK,94.03,2026-09-04,0,Call,95.00,-0.97%,0.1,0.25,0.35,734,213,3.45,56.30%,27.40%,0.274681,"11:58 ET"
SNDK,1699.49,2026-09-04,0,Call,"1,645.00",+2.44%,55.4,56,56.8,1136,329,3.45,73.07%,42.26%,0.934389,"12:06 ET"
ZS,169.57,2026-09-04,0,Put,170.00,+0.77%,1.41,1.75,1.98,2035,590,3.45,50.41%,40.91%,-0.549478,"12:11 ET"
RIOT,21.45,2026-09-04,0,Put,21.50,+0.28%,0.21,0.22,0.23,813,236,3.44,79.02%,41.34%,-0.554694,"12:12 ET"
SMCI,40.44,2026-09-11,7,Call,39.50,+0.83%,1.9,1.98,1.98,1716,499,3.44,71.04%,65.07%,0.617949,"12:11 ET"
ZS,169.57,2026-09-04,0,Call,170.00,-0.77%,1.05,1.25,1.4,882,258,3.42,50.41%,41.32%,0.451488,"12:12 ET"
GOOGL,337.99,2026-09-09,5,Call,337.50,+0.15%,3.4,3.61,3.75,1066,313,3.41,27.45%,19.98%,0.545759,"12:08 ET"
KYIV,14.23,2026-12-18,105,Call,15.00,-5.19%,0.95,0.95,1.05,1199,354,3.39,37.18%,41.17%,0.469495,"12:06 ET"
SNDK,1699.49,2026-09-04,0,Call,"1,725.00",-2.30%,4.8,4.7,5.2,1805,533,3.39,73.07%,39.75%,0.243236,"12:12 ET"
SNDK,1699.49,2026-09-04,0,Call,"1,720.00",-2.01%,6,6.19,6.4,3272,966,3.39,73.07%,39.43%,0.287736,"12:12 ET"
TSLA,352.16,2026-09-14,10,Call,355.00,-0.93%,7.35,7.35,7.5,1244,368,3.38,39.93%,36.47%,0.469672,"12:11 ET"
XOM,160.24,2026-09-11,7,Call,162.50,-1.18%,1.11,1.25,1.22,2573,761,3.38,26.95%,23.61%,0.340201,"12:01 ET"
INTC,95.44,2026-09-09,5,Call,95.00,-0.13%,2.2,2.24,2.27,5373,1591,3.38,57.20%,45.91%,0.540316,"12:12 ET"
DELL,521.24,2026-09-04,0,Put,502.50,-2.98%,0.03,0.14,0.16,786,233,3.37,59.61%,37.34%,-0.024691,"12:01 ET"
IONQ,39.44,2026-09-11,7,Call,42.00,-6.57%,0.7,0.72,0.73,3553,1054,3.37,72.13%,75.23%,0.292051,"12:11 ET"
META,612.2,2026-09-04,0,Call,615.00,-0.56%,1.01,1.04,1.06,26392,7821,3.37,34.15%,16.33%,0.31119,"12:12 ET"
HOOD,123.09,2026-10-16,42,Call,145.00,-17.08%,3.9,3.95,4.05,3696,1099,3.36,62.03%,64.75%,0.26823,"12:12 ET"
HOOD,123.09,2026-09-11,7,Put,122.00,-1.49%,3.3,3.41,3.55,1172,350,3.35,62.03%,58.57%,-0.439107,"12:10 ET"
AMD,472.16,2026-09-09,5,Call,480.00,-2.13%,5.7,5.77,5.95,1376,411,3.35,47.65%,38.20%,0.39718,"12:12 ET"
CBRS,212.5,2026-09-04,0,Call,205.00,+2.97%,5.8,7.35,8.4,1580,472,3.35,73.63%,44.94%,0.931916,"12:07 ET"
INTC,95.44,2026-09-04,0,Put,95.00,+0.13%,0.33,0.34,0.34,13347,3987,3.35,57.20%,24.80%,-0.386115,"12:12 ET"
BE,244.37,2026-09-04,0,Call,267.50,-9.59%,1.09,1.17,1.24,861,258,3.34,84.38%,146.03%,0.129442,"12:12 ET"
BMNR,25.05,2026-10-09,35,Put,25.00,-0.68%,2.17,2.2,2.37,542,163,3.33,75.42%,76.07%,-0.443663,"11:49 ET"
SNDK,1699.49,2026-09-04,0,Call,"1,775.00",-5.27%,0.3,0.5,0.55,675,203,3.33,73.07%,43.52%,0.028902,"12:10 ET"
CELH,31.03,2026-09-04,0,Call,31.00,-0.10%,0.14,0.25,0.25,647,195,3.32,53.89%,23.29%,0.589853,"11:28 ET"
SNDK,1699.49,2026-09-04,0,Call,"1,640.00",+2.74%,60.1,57.9,61.8,1414,426,3.32,73.07%,43.84%,0.944016,"12:09 ET"
TSLA,352.16,2026-09-11,7,Put,357.50,+1.64%,10.45,10.55,10.6,2840,855,3.32,39.93%,39.94%,-0.588687,"12:12 ET"
MSTR,141.71,2026-09-04,0,Put,140.00,-1.51%,0.35,0.38,0.38,11167,3360,3.32,73.09%,38.33%,-0.222004,"12:12 ET"
SKHY,171.38,2026-10-16,42,Call,210.00,-23.13%,3.3,3.55,3.7,825,249,3.31,59.77%,60.83%,0.195735,"12:05 ET"
MU,999.71,2026-09-11,7,Put,950.00,-4.78%,9.1,9.2,9.25,1609,486,3.31,60.61%,52.02%,-0.215263,"12:12 ET"
MSTR,141.71,2026-09-04,0,Put,143.00,+0.60%,1.67,1.67,1.73,2976,898,3.31,73.09%,40.98%,-0.609953,"12:12 ET"
TSLA,352.16,2026-09-11,7,Put,355.00,+0.93%,8.95,9.2,9.05,3446,1040,3.31,39.93%,39.62%,-0.539057,"12:11 ET"
SNDK,1699.49,2026-09-11,7,Call,"1,750.00",-3.79%,43.6,43.5,43.5,1011,306,3.3,73.07%,68.38%,0.400382,"12:12 ET"
GOOGL,337.99,2026-09-09,5,Call,340.00,-0.59%,2.4,2.54,2.5,1302,395,3.3,27.45%,20.36%,0.422091,"12:12 ET"
MRVL,220.93,2026-09-04,0,Call,217.50,+1.47%,3.4,3.58,3.9,4750,1440,3.3,59.85%,27.25%,0.867758,"12:10 ET"
CRCL,101.86,2026-09-04,0,Put,102.00,-0.16%,0.83,0.84,0.94,792,241,3.29,79.07%,44.82%,-0.47384,"12:12 ET"
NVDA,231.3,2026-09-14,10,Call,245.00,-6.08%,0.68,0.7,0.7,1005,306,3.28,33.81%,29.61%,0.125202,"12:10 ET"
META,612.2,2026-09-04,0,Put,615.00,+0.56%,3.7,3.5,3.85,3134,956,3.28,34.15%,17.64%,-0.676699,"12:11 ET"
MSTR,141.71,2026-09-04,0,Put,138.00,-2.92%,0.09,0.13,0.14,5217,1595,3.27,73.09%,41.10%,-0.082395,"12:08 ET"
GOOGL,337.99,2026-09-09,5,Call,347.50,-2.81%,0.6,0.65,0.67,971,298,3.26,27.45%,21.50%,0.14646,"12:12 ET"
SNDK,1699.49,2026-09-04,0,Call,"1,705.00",-1.12%,11.2,11.5,11.5,1334,409,3.26,73.07%,38.81%,0.446359,"12:12 ET"
COIN,185.35,2026-09-04,0,Call,187.50,-0.63%,0.41,0.44,0.5,7291,2239,3.26,63.77%,30.86%,0.256339,"12:10 ET"
BMNR,25.05,2026-09-11,7,Put,25.00,-0.68%,0.91,0.92,0.95,2330,718,3.25,75.42%,70.48%,-0.466114,"12:10 ET"
IREN,43.48,2026-09-11,7,Call,47.00,-8.65%,0.61,0.6,0.63,4014,1235,3.25,79.38%,75.02%,0.243952,"12:11 ET"
MSFT,500.85,2026-09-04,0,Put,505.00,+0.86%,3.9,4.2,4.7,6638,2049,3.24,23.69%,15.96%,-0.825981,"12:09 ET"
AMD,472.16,2026-09-09,5,Call,485.00,-3.19%,4.1,4.3,4.4,844,261,3.23,47.65%,38.76%,0.313933,"12:12 ET"
LUV,39.68,2027-03-19,196,Put,42.50,+7.21%,5.85,5.9,6.15,1502,467,3.22,37.35%,39.71%,-0.52485,"12:00 ET"
AVGO,356.38,2026-09-04,0,Put,357.50,+0.38%,2.11,2.2,2.3,2729,850,3.21,34.98%,19.42%,-0.643865,"12:08 ET"
SLS,14.02,2026-09-11,7,Call,14.50,-3.94%,0.55,0.61,0.65,665,208,3.2,198.93%,101.10%,0.442291,"11:40 ET"
DELL,521.24,2026-09-11,7,Call,540.00,-4.27%,9.1,9.15,9.3,1536,482,3.19,59.61%,56.63%,0.34892,"12:12 ET"
AMZN,256.15,2026-09-09,5,Put,250.00,-2.41%,0.61,0.62,0.64,2034,638,3.19,29.20%,22.77%,-0.169386,"12:12 ET"
AMZN,256.15,2026-09-11,7,Put,237.50,-7.29%,0.14,0.15,0.15,2043,646,3.16,29.20%,30.56%,-0.033475,"11:42 ET"
SNDK,1699.49,2026-09-11,7,Call,"1,800.00",-6.75%,28.9,28.7,29.4,3345,1058,3.16,73.07%,69.75%,0.295559,"12:12 ET"
NVDA,231.3,2026-09-09,5,Call,232.50,-0.67%,2.33,2.35,2.36,23882,7568,3.16,33.81%,27.25%,0.436537,"12:12 ET"
CHPT,10,2026-09-18,14,Put,10.00,+2.04%,0.9,1,1.05,612,194,3.15,101.34%,130.81%,-0.434291,"12:05 ET"
MSFT,500.85,2026-09-11,7,Put,500.00,-0.14%,5,5.39,5.35,4160,1327,3.13,23.69%,21.00%,-0.459074,"12:08 ET"
DELL,521.24,2026-09-04,0,Call,527.50,-1.85%,1.32,1.38,1.46,2749,881,3.12,59.61%,32.08%,0.264984,"12:12 ET"
MSTR,141.71,2026-09-11,7,Put,139.00,-2.22%,3.9,4.05,4.1,683,220,3.1,73.09%,70.23%,-0.388902,"12:09 ET"
COHR,282.73,2026-09-18,14,Call,270.00,+4.50%,21,21.2,22.8,1211,391,3.1,68.73%,68.05%,0.660192,"11:42 ET"
VST,148.4,2026-11-20,77,Put,135.00,-8.81%,5.8,6.16,6.3,1231,397,3.1,42.06%,45.67%,-0.280813,"11:52 ET"
MU,999.71,2026-09-11,7,Put,960.00,-3.78%,11.65,12.02,11.85,597,193,3.09,60.61%,51.96%,-0.259971,"12:10 ET"
AMD,472.16,2026-09-04,0,Call,482.50,-2.66%,0.22,0.29,0.29,3208,1042,3.08,47.65%,25.77%,0.087596,"12:12 ET"
GOOGL,337.99,2026-09-11,7,Call,347.50,-2.81%,1.35,1.47,1.52,3827,1243,3.08,27.45%,24.48%,0.221334,"12:01 ET"
BE,244.37,2026-09-11,7,Put,225.00,-7.82%,5,5.05,5.15,578,188,3.07,84.38%,97.41%,-0.242722,"12:12 ET"
NVDA,231.3,2026-10-23,49,Call,235.00,-1.75%,9.9,10.3,10.4,607,198,3.07,33.81%,33.96%,0.48498,"12:09 ET"
AEHR,84.29,2026-09-04,0,Call,85.00,-0.06%,0.4,0.6,0.9,792,258,3.07,110.45%,53.80%,0.395265,"12:07 ET"
OKLO,40.9,2026-09-18,14,Call,42.00,-2.97%,1.69,1.72,1.74,907,295,3.07,71.56%,67.93%,0.451238,"12:12 ET"
BE,244.37,2026-09-11,7,Call,260.00,-6.51%,8.1,8.2,8.3,3151,1026,3.07,84.38%,104.03%,0.366528,"12:12 ET"
LULU,100.39,2026-09-04,0,Put,100.00,-0.09%,0.6,0.64,0.67,15610,5078,3.07,40.96%,37.88%,-0.43099,"12:12 ET"
SNDK,1699.49,2026-09-04,0,Call,"1,790.00",-6.16%,0.1,0.25,0.25,651,213,3.06,73.07%,44.30%,0.012914,"12:08 ET"
SNDK,1699.49,2026-09-04,0,Call,"1,630.00",+3.33%,69.9,70,71.3,682,224,3.04,73.07%,45.36%,0.963794,"12:12 ET"
PLTR,175.52,2026-09-11,7,Call,180.00,-2.64%,2.21,2.2,2.24,5253,1728,3.04,45.43%,41.69%,0.340552,"12:11 ET"
META,612.2,2026-09-04,0,Call,607.50,+0.66%,5.25,5.65,5.45,6951,2288,3.04,34.15%,15.85%,0.837057,"12:11 ET"
LULU,100.39,2026-10-16,42,Call,120.00,-19.89%,0.85,0.91,0.95,681,225,3.03,40.96%,43.05%,0.130364,"12:12 ET"
ET,21.41,2026-09-18,14,Call,21.50,-0.56%,0.24,0.27,0.3,2974,981,3.03,17.88%,19.38%,0.451222,"12:09 ET"
SNDK,1699.49,2026-09-11,7,Put,"1,550.00",-8.07%,12.6,12.84,12.9,550,183,3.01,73.07%,67.46%,-0.148847,"12:12 ET"
ASST,26.91,2026-09-11,7,Put,25.00,-7.68%,0.38,0.39,0.49,834,277,3.01,86.38%,81.46%,-0.231884,"11:55 ET"
ARM,251.92,2026-09-11,7,Call,257.50,-2.28%,5.3,5.65,5.9,1683,560,3.01,60.49%,57.25%,0.408088,"11:48 ET"
NOW,141.47,2026-09-04,0,Call,142.00,-0.43%,0.42,0.45,0.48,1683,560,3.01,50.42%,22.63%,0.387525,"12:12 ET"
CPNG,15.19,2026-10-16,42,Call,16.00,-5.33%,0.59,0.62,0.62,1829,608,3.01,44.30%,43.26%,0.408489,"12:11 ET"
CIFR,17.68,2026-09-11,7,Call,18.50,-4.34%,0.51,0.54,0.55,2824,938,3.01,90.10%,89.07%,0.375869,"12:10 ET"
DELL,521.24,2026-09-04,0,Call,517.50,+0.08%,5.35,5.5,5.7,2016,673,3,59.61%,25.62%,0.741392,"12:10 ET"
DELL,521.24,2026-09-04,0,Call,520.00,-0.40%,4.1,4.1,4.2,6721,2246,2.99,59.61%,28.59%,0.601563,"12:12 ET"
COIN,185.35,2026-09-25,21,Call,185.00,+0.71%,11.35,11.85,12.2,1182,396,2.98,63.77%,64.03%,0.542988,"11:58 ET"
MSFT,500.85,2026-10-02,28,Call,510.00,-1.86%,9.5,9.8,9.95,1443,484,2.98,23.69%,23.79%,0.419847,"11:56 ET"
SPCX,148.88,2026-09-04,0,Put,148.00,-0.80%,0.39,0.4,0.4,14905,5010,2.98,48.80%,22.57%,-0.338901,"12:12 ET"
NVDA,231.3,2026-09-14,10,Call,250.00,-8.24%,0.35,0.36,0.36,2896,974,2.97,33.81%,31.12%,0.068944,"12:07 ET"
TSLA,352.16,2026-09-16,12,Call,355.00,-0.93%,8.8,8.7,8.95,503,170,2.96,39.93%,38.86%,0.478879,"12:10 ET"
AMAT,454.86,2026-09-11,7,Call,470.00,-3.37%,5.05,5.86,6,1262,427,2.96,50.48%,44.50%,0.314989,"12:06 ET"
AAOI,105.78,2026-09-11,7,Call,120.00,-13.72%,0.85,0.92,1,796,270,2.95,85.78%,83.91%,0.152365,"12:12 ET"
MSTR,141.71,2026-09-11,7,Put,138.00,-2.92%,3.5,3.55,3.7,935,318,2.94,73.09%,70.40%,-0.360961,"12:10 ET"
NOW,141.47,2026-09-04,0,Call,141.00,+0.28%,0.9,0.95,1,1432,487,2.94,50.42%,22.60%,0.6239,"12:12 ET"
AMZN,256.15,2026-09-09,5,Put,260.00,+1.50%,4.8,5.02,5.15,2765,941,2.94,29.20%,23.08%,-0.696424,"12:08 ET"
SNOW,345.89,2026-09-04,0,Call,352.50,-1.72%,0.25,0.26,0.31,3319,1130,2.94,41.43%,32.07%,0.102919,"12:12 ET"
AMD,472.16,2026-09-04,0,Call,477.50,-1.60%,0.9,0.95,0.95,8336,2834,2.94,47.65%,23.62%,0.263725,"12:12 ET"
AAPL,321.01,2026-09-14,10,Call,325.00,-1.25%,3.6,3.6,3.7,1134,388,2.92,24.75%,24.60%,0.400613,"12:09 ET"
NVDA,231.3,2026-09-09,5,Put,225.00,-2.58%,0.96,0.97,0.98,9306,3191,2.92,33.81%,29.51%,-0.21095,"12:12 ET"
BE,244.37,2026-09-11,7,Put,230.00,-5.78%,6.6,6.88,6.8,991,341,2.91,84.38%,97.83%,-0.297059,"12:08 ET"
SPCX,148.88,2026-09-11,7,Put,149.00,-0.13%,3.8,3.85,3.85,2321,801,2.9,48.80%,45.25%,-0.496853,"12:12 ET"
MU,999.71,2026-09-11,7,Call,"1,025.00",-2.74%,19.25,18.91,19.5,1073,371,2.89,60.61%,51.93%,0.395052,"12:10 ET"
AAPL,321.01,2026-09-09,5,Put,315.00,-1.87%,1.6,1.64,1.65,5206,1801,2.89,24.75%,26.94%,-0.261183,"12:11 ET"
MRVL,220.93,2026-09-04,0,Call,220.00,+0.34%,1.65,1.75,1.78,13040,4512,2.89,59.85%,25.95%,0.626794,"12:12 ET"
AAOI,105.78,2026-10-02,28,Put,85.00,-19.45%,1.85,2.1,2.2,513,178,2.88,85.78%,84.17%,-0.143881,"11:59 ET"
META,612.2,2026-09-11,7,Call,612.50,-0.16%,10.45,10.55,10.55,690,240,2.88,34.15%,30.68%,0.512214,"12:12 ET"
BMNR,25.05,2026-10-02,28,Put,25.00,-0.68%,1.95,1.95,2.06,1018,354,2.88,75.42%,75.09%,-0.448945,"11:57 ET"
STZ,128.72,2026-09-11,7,Put,129.00,+0.19%,1.55,1.95,2.15,1410,489,2.88,30.95%,23.95%,-0.519787,"11:35 ET"
NFLX,79.18,2026-09-11,7,Put,79.00,-0.42%,1.11,1.12,1.14,3983,1389,2.87,34.07%,29.45%,-0.450703,"12:12 ET"
SNOW,345.89,2026-09-11,7,Call,365.00,-5.33%,1.82,1.95,1.97,888,311,2.86,41.43%,42.15%,0.178496,"12:11 ET"
BABA,112.74,2026-09-04,0,Call,113.00,+0.07%,0.23,0.22,0.25,6977,2457,2.84,40.96%,11.28%,0.471114,"12:12 ET"
DELL,521.24,2026-10-16,42,Call,560.00,-8.13%,27.5,28,28.45,1303,461,2.83,59.61%,59.89%,0.409926,"12:07 ET"
TSLA,352.16,2026-09-09,5,Call,372.50,-5.91%,1.05,1.01,1.06,2061,728,2.83,39.93%,40.64%,0.128553,"12:10 ET"
WOLF,28.09,2026-10-16,42,Call,30.00,-7.91%,2.7,2.85,2.95,522,185,2.82,94.97%,93.60%,0.485364,"12:10 ET"
NBIS,216.7,2026-09-04,0,Put,210.00,-2.47%,0.1,0.15,0.2,2856,1014,2.82,77.88%,40.57%,-0.073094,"12:09 ET"
TSLA,352.16,2026-09-11,7,Put,352.50,+0.22%,7.6,7.85,7.7,3291,1166,2.82,39.93%,39.55%,-0.487572,"12:11 ET"
INTC,95.44,2026-09-09,5,Call,100.00,-5.40%,0.62,0.65,0.65,8526,3025,2.82,57.20%,48.72%,0.211561,"12:11 ET"
CPNG,15.19,2027-01-15,133,Put,16.00,+5.33%,2.09,2.06,2.19,613,218,2.81,44.30%,49.26%,-0.495016,"11:06 ET"
TSLA,352.16,2026-09-14,10,Call,375.00,-6.62%,2.11,2.15,2.17,1317,469,2.81,39.93%,38.91%,0.179205,"12:11 ET"
AXTI,61.47,2026-09-04,0,Put,58.00,-4.43%,0.05,0.15,0.2,502,179,2.8,103.67%,86.77%,-0.094532,"12:06 ET"
TSLA,352.16,2026-09-18,14,Put,357.50,+1.64%,13.5,13.8,13.65,1992,712,2.8,39.93%,39.95%,-0.552699,"12:11 ET"
TSLA,352.16,2026-09-09,5,Call,375.00,-6.62%,0.86,0.87,0.88,3455,1237,2.79,39.93%,41.70%,0.107418,"12:12 ET"
JPM,358.08,2026-09-11,7,Call,367.50,-2.86%,0.56,0.71,0.75,1499,540,2.78,22.99%,17.58%,0.147254,"12:11 ET"
NBIS,216.7,2026-09-11,7,Call,225.00,-4.50%,5.25,5.29,5.4,3781,1359,2.78,77.88%,73.00%,0.37252,"12:10 ET"
SPCX,148.88,2026-09-11,7,Put,152.50,+2.21%,5.85,5.78,5.95,950,343,2.77,48.80%,45.18%,-0.642288,"12:05 ET"
SKM,38.46,2026-10-16,42,Put,35.00,-9.07%,1.6,1.6,1.9,3114,1126,2.77,61.86%,64.21%,-0.294667,"11:34 ET"
INTC,95.44,2026-09-11,7,Call,105.00,-10.67%,0.47,0.46,0.49,6853,2472,2.77,57.20%,58.88%,0.128044,"12:08 ET"
AEHR,84.29,2026-09-04,0,Call,81.00,+4.65%,2.6,3.89,4.9,521,189,2.76,110.45%,89.78%,0.813042,"11:14 ET"
TTWO,214.99,2026-12-18,105,Put,190.00,-11.75%,8.7,9.35,9.4,620,225,2.76,36.70%,45.69%,-0.25319,"10:29 ET"
CIFR,17.68,2026-09-18,14,Call,20.50,-15.62%,0.37,0.4,0.42,2207,804,2.75,90.10%,92.18%,0.231819,"12:02 ET"
SPCX,148.88,2026-09-11,7,Put,147.00,-1.47%,2.84,2.84,2.87,1849,677,2.73,48.80%,45.09%,-0.411144,"12:09 ET"
AAPL,321.01,2026-09-09,5,Put,312.50,-2.65%,1.06,1.07,1.09,3133,1146,2.73,24.75%,27.23%,-0.188487,"12:11 ET"
RXT,3.26,2026-09-18,14,Put,3.50,+8.02%,0.35,0.4,0.45,602,221,2.72,109.70%,97.10%,-0.617144,"11:14 ET"
GOOGL,337.99,2026-09-11,7,Call,340.00,-0.59%,3.6,3.75,3.8,4679,1718,2.72,27.45%,23.84%,0.448924,"12:11 ET"
TSLA,352.16,2026-09-11,7,Call,355.00,-0.93%,6.55,6.6,6.6,5955,2186,2.72,39.93%,39.44%,0.461927,"12:12 ET"
SMCI,40.44,2026-09-04,0,Call,40.50,-1.68%,0.26,0.27,0.28,8072,2969,2.72,71.04%,38.20%,0.451376,"12:12 ET"
AMD,472.16,2026-09-09,5,Call,510.00,-8.51%,0.65,0.53,0.76,702,259,2.71,47.65%,41.76%,0.070111,"12:07 ET"
MU,999.71,2026-09-09,5,Call,"1,005.00",-0.73%,19.7,20,20,1084,400,2.71,60.61%,44.71%,0.493535,"12:12 ET"
NKE,38.42,2026-09-04,0,Call,37.50,+2.17%,0.78,1,1.06,1257,464,2.71,40.21%,26.66%,0.973617,"12:12 ET"
TSLA,352.16,2026-09-25,21,Put,350.00,-0.49%,11.7,11.95,11.85,2061,761,2.71,39.93%,39.42%,-0.445765,"12:10 ET"
HOOD,123.09,2026-09-04,0,Put,122.00,-1.49%,0.32,0.34,0.36,9758,3616,2.7,62.03%,29.72%,-0.284914,"12:12 ET"
FPS,31.52,2026-09-18,14,Call,32.50,-3.27%,2.15,2.25,2.35,2135,794,2.69,89.04%,107.51%,0.487822,"12:11 ET"
MU,999.71,2026-09-25,21,Call,"1,200.00",-20.28%,7.75,8.18,8.3,3545,1316,2.69,60.61%,59.67%,0.120562,"12:12 ET"
RZLV,2.2,2026-10-16,42,Call,2.50,-14.16%,0.1,0.15,0.2,1278,476,2.68,86.42%,84.27%,0.392221,"11:37 ET"
AAPL,321.01,2026-09-11,7,Call,327.50,-2.02%,2.33,2.36,2.39,4761,1776,2.68,24.75%,26.96%,0.311859,"12:12 ET"
MU,999.71,2026-09-11,7,Call,980.00,+1.77%,40.65,40.4,40.95,1098,412,2.67,60.61%,50.85%,0.642162,"12:12 ET"
MU,999.71,2026-09-11,7,Call,"1,100.00",-10.25%,4.35,4.38,4.45,4253,1593,2.67,60.61%,55.10%,0.120591,"12:12 ET"
GLW,151.72,2026-09-11,7,Call,170.00,-10.94%,0.39,0.44,0.47,658,247,2.66,55.39%,57.06%,0.081372,"12:09 ET"
IREN,43.48,2026-09-11,7,Call,45.50,-5.18%,0.96,0.99,1,667,251,2.66,79.38%,73.60%,0.34801,"12:11 ET"
SNDK,1699.49,2026-09-25,21,Put,"1,500.00",-11.04%,34.5,35.7,37.1,736,277,2.66,73.07%,70.97%,-0.203049,"12:03 ET"
MSTR,141.71,2026-09-25,21,Put,145.00,+2.00%,11.05,11.3,11.7,523,197,2.65,73.09%,73.00%,-0.507409,"12:02 ET"
ZS,169.57,2026-09-11,7,Call,190.00,-12.63%,0.4,0.46,0.55,858,324,2.65,50.41%,56.92%,0.08074,"12:08 ET"
MRVL,220.93,2026-10-16,42,Put,195.00,-11.66%,6.65,6.8,6.85,3139,1185,2.65,59.85%,60.07%,-0.232054,"12:02 ET"
TSLA,352.16,2026-10-09,35,Call,360.00,-2.35%,14.55,14.5,14.8,566,215,2.63,39.93%,40.25%,0.467788,"12:07 ET"
SPCX,148.88,2026-09-04,0,Call,149.00,+0.13%,0.59,0.59,0.6,11551,4400,2.63,48.80%,23.62%,0.440343,"12:12 ET"
NRG,116.76,2026-09-04,0,Call,115.00,+0.91%,1,0.8,2.25,586,225,2.6,44.30%,12.96%,0.986163,"10:13 ET"
BABA,112.74,2026-09-11,7,Call,117.00,-3.47%,0.81,0.85,0.89,744,286,2.6,40.96%,36.82%,0.252766,"12:06 ET"
TSLA,352.16,2026-09-09,5,Call,340.00,+3.33%,13.85,13.6,14,784,301,2.6,39.93%,34.20%,0.822785,"12:04 ET"
BE,244.37,2026-09-04,0,Put,230.00,-5.78%,1.54,1.62,1.67,1350,520,2.6,84.38%,132.13%,-0.172417,"12:12 ET"
TSLA,352.16,2026-09-09,5,Put,365.00,+3.78%,14.45,14.5,14.65,2921,1122,2.6,39.93%,38.79%,-0.772747,"12:12 ET"
AMZN,256.15,2026-09-11,7,Call,262.50,-2.47%,1.46,1.48,1.49,4600,1775,2.59,29.20%,26.21%,0.265454,"12:12 ET"
MDT,94.43,2026-09-11,7,Call,100.00,-6.07%,0.08,0.12,0.13,604,234,2.58,23.84%,27.29%,0.067837,"12:11 ET"
TSLA,352.16,2026-09-11,7,Put,337.50,-4.04%,2.19,2.3,2.22,2108,816,2.58,39.93%,39.06%,-0.201542,"12:10 ET"
NVDA,231.3,2026-10-02,28,Call,275.00,-19.07%,0.37,0.4,0.4,4107,1593,2.58,33.81%,35.14%,0.043355,"12:00 ET"
SMCI,40.44,2026-09-04,0,Call,40.00,-0.43%,0.54,0.54,0.55,25639,9972,2.57,71.04%,37.08%,0.697918,"12:12 ET"
BE,244.37,2026-09-04,0,Put,240.00,-1.68%,5,5.2,5.25,600,234,2.56,84.38%,145.07%,-0.381293,"12:12 ET"
TSLA,352.16,2026-09-25,21,Call,355.00,-0.93%,12.4,12.48,12.5,2314,904,2.56,39.93%,39.56%,0.496558,"12:12 ET"
MSFT,500.85,2026-09-09,5,Put,490.00,-2.14%,0.82,0.85,0.9,590,231,2.55,23.69%,18.83%,-0.14913,"12:12 ET"
SMCI,40.44,2026-09-11,7,Call,44.00,-10.47%,0.41,0.45,0.45,1122,440,2.55,71.04%,70.10%,0.204338,"12:12 ET"
PPG,112.32,2026-09-18,14,Call,115.00,-2.59%,1,1.13,1.3,2539,994,2.55,26.52%,24.71%,0.329873,"12:11 ET"
CRWV,88.07,2026-09-04,0,Call,89.00,-1.34%,0.24,0.25,0.25,5082,1993,2.55,69.29%,35.46%,0.254446,"12:12 ET"
AMAT,454.86,2026-09-11,7,Call,500.00,-9.97%,1.2,1.3,1.37,1106,435,2.54,50.48%,49.37%,0.091289,"12:11 ET"
NFLX,79.18,2026-09-11,7,Put,78.00,-1.68%,0.7,0.7,0.72,3859,1518,2.54,34.07%,29.21%,-0.329792,"12:12 ET"
GOOG,334.67,2026-09-04,0,Put,335.00,+0.07%,0.78,0.92,0.93,5883,2316,2.54,27.60%,11.78%,-0.513631,"12:11 ET"
DELL,521.24,2026-09-11,7,Call,530.00,-2.33%,12.55,13.25,12.8,1242,490,2.53,59.61%,56.05%,0.439505,"12:08 ET"
MU,999.71,2026-09-04,0,Call,"1,045.00",-4.74%,0.1,0.11,0.14,2249,889,2.53,60.61%,37.65%,0.017085,"12:12 ET"
GLW,151.72,2026-09-04,0,Call,150.00,+2.11%,1.8,2.01,2.12,2366,935,2.53,55.39%,27.26%,0.789224,"12:11 ET"
NOW,141.47,2026-09-11,7,Put,139.00,-1.69%,2.39,2.42,2.51,514,204,2.52,50.42%,46.44%,-0.375046,"12:11 ET"
AAPL,321.01,2026-09-16,12,Call,330.00,-2.80%,2.5,2.55,2.76,532,211,2.52,24.75%,25.25%,0.291573,"12:08 ET"
CVNA,73.61,2026-09-11,7,Put,69.00,-5.80%,0.43,0.51,0.57,545,217,2.51,54.50%,52.33%,-0.169508,"12:06 ET"
NVDA,231.3,2026-09-11,7,Put,240.00,+3.91%,10,10,10.2,749,298,2.51,33.81%,33.64%,-0.783256,"12:07 ET"
RELX,35.8,2026-10-16,42,Call,35.00,+1.93%,1.8,1.9,2,1000,398,2.51,31.61%,32.25%,0.590409,"11:36 ET"
AAPL,321.01,2026-09-11,7,Call,330.00,-2.80%,1.69,1.71,1.72,18992,7561,2.51,24.75%,27.01%,0.24415,"12:12 ET"
MSFT,500.85,2026-09-04,0,Call,500.00,+0.14%,1.61,1.69,1.75,5148,2056,2.5,23.69%,10.02%,0.664421,"12:12 ET"
APP,318.89,2026-09-04,0,Call,317.50,-0.42%,2.35,2.6,2.8,667,268,2.49,53.25%,24.07%,0.666793,"12:11 ET"
NVDA,231.3,2026-09-14,10,Call,240.00,-3.91%,1.4,1.44,1.43,1786,717,2.49,33.81%,28.84%,0.226739,"12:08 ET"
INTC,95.44,2026-09-09,5,Call,96.00,-1.18%,1.77,1.77,1.8,2240,900,2.49,57.20%,46.58%,0.463531,"12:12 ET"
AAPL,321.01,2026-09-09,5,Put,322.50,+0.47%,4.55,4.75,4.7,2474,994,2.49,24.75%,26.44%,-0.544203,"12:10 ET"
CLSK,12.6,2026-09-11,7,Call,13.50,-7.48%,0.19,0.19,0.22,8308,3339,2.49,78.32%,74.55%,0.270928,"12:12 ET"
PL,18.08,2026-09-11,7,Put,20.00,+8.87%,1.9,1.9,2.2,646,261,2.48,70.21%,84.19%,-0.772123,"12:11 ET"
CIFR,17.68,2026-09-11,7,Put,17.50,-1.30%,0.71,0.75,0.79,664,268,2.48,90.10%,85.11%,-0.446799,"12:06 ET"
TSLA,352.16,2026-09-04,0,Call,350.00,+0.49%,3.2,3.19,3.25,17014,6863,2.48,39.93%,24.19%,0.709987,"12:12 ET"
INTC,95.44,2026-09-04,0,Call,95.00,-0.13%,0.7,0.7,0.72,46707,18820,2.48,57.20%,26.23%,0.60845,"12:12 ET"
NU,15.47,2026-09-11,7,Call,16.00,-3.43%,0.07,0.1,0.12,2976,1207,2.47,40.24%,32.23%,0.238966,"12:02 ET"
AI,10.56,2026-09-18,14,Call,11.50,-9.32%,0.09,0.17,0.17,810,329,2.46,58.19%,51.59%,0.221935,"12:09 ET"
ZS,169.57,2026-09-04,0,Put,167.50,-0.71%,0.43,0.6,0.75,907,368,2.46,50.41%,39.16%,-0.274997,"12:11 ET"
LULU,100.39,2026-10-16,42,Put,90.00,-10.08%,1.53,1.62,1.61,1567,638,2.46,40.96%,41.10%,-0.190804,"12:08 ET"
SPCX,148.88,2026-09-04,0,Put,150.00,+0.54%,1.49,1.5,1.6,12892,5234,2.46,48.80%,23.47%,-0.759149,"12:12 ET"
TXN,258.77,2026-09-04,0,Call,260.00,-0.69%,0.32,0.5,0.63,518,211,2.45,35.98%,18.09%,0.306786,"12:11 ET"
AVGO,356.38,2026-09-09,5,Call,377.50,-6.00%,0.59,0.6,0.62,3912,1597,2.45,34.98%,36.07%,0.088545,"12:06 ET"
TSLA,352.16,2026-09-14,10,Call,370.00,-5.20%,2.91,2.9,2.99,1098,450,2.44,39.93%,38.14%,0.233988,"12:10 ET"
AAPL,321.01,2026-09-09,5,Call,335.00,-4.36%,0.47,0.48,0.48,3532,1449,2.44,24.75%,27.41%,0.09887,"12:12 ET"
AAPL,321.01,2026-09-04,0,Put,325.00,+1.25%,3.8,3.94,4.05,33186,13621,2.44,24.75%,15.22%,-0.936788,"12:12 ET"
C,137.18,2027-09-17,378,Put,115.00,-15.86%,6.35,6.64,6.65,701,289,2.43,28.48%,31.76%,-0.218209,"11:51 ET"
TSLA,352.16,2026-10-02,28,Call,365.00,-3.78%,10.8,10.8,11,1083,445,2.43,39.93%,40.55%,0.40812,"12:07 ET"
DELL,521.24,2026-09-04,0,Put,505.00,-2.49%,0.05,0.1,0.19,2111,874,2.42,59.61%,34.55%,-0.032475,"12:11 ET"
GPRO,1.765,2026-09-18,14,Put,2.0000,+14.61%,0.45,0.45,0.5,2500,1031,2.42,182.51%,257.43%,-0.47329,"12:11 ET"
LULU,100.39,2026-09-18,14,Call,110.00,-9.90%,0.65,0.69,0.71,1073,446,2.41,40.96%,44.01%,0.156184,"12:11 ET"
MSFT,500.85,2026-09-11,7,Call,517.50,-3.35%,1.1,1.15,1.2,1336,555,2.41,23.69%,21.73%,0.149331,"12:10 ET"
TSLA,352.16,2026-09-11,7,Call,367.50,-4.49%,2.82,2.82,2.83,1512,628,2.41,39.93%,41.27%,0.24372,"12:12 ET"
IREN,43.48,2026-09-04,0,Call,43.50,-0.55%,0.29,0.29,0.3,8644,3581,2.41,79.38%,34.29%,0.488858,"12:12 ET"
DVN,48.27,2026-11-20,77,Put,47.50,-1.72%,2.63,2.67,2.7,4228,1763,2.4,32.85%,35.32%,-0.422102,"11:51 ET"
TRIP,9.39,2028-01-21,504,Put,5.00,-46.52%,0.4,0.52,0.55,2686,1123,2.39,46.17%,63.86%,-0.100191,"10:35 ET"
TSLA,352.16,2026-10-23,49,Call,400.00,-13.73%,7.95,8.05,8.6,524,220,2.38,39.93%,45.07%,0.256274,"12:03 ET"
MSTR,141.71,2026-09-11,7,Put,131.00,-7.84%,1.37,1.42,1.48,654,275,2.38,73.09%,69.28%,-0.183256,"12:06 ET"
ACAD,27.86,2026-09-18,14,Put,26.00,-6.58%,0.6,1.03,1.35,1002,422,2.37,87.69%,84.40%,-0.303463,"10:00 ET"
GOOG,334.67,2026-09-04,0,Put,332.50,-0.68%,0.12,0.15,0.15,2046,863,2.37,27.60%,12.28%,-0.126531,"12:10 ET"
TSLA,352.16,2026-09-11,7,Call,375.00,-6.62%,1.66,1.67,1.68,6125,2580,2.37,39.93%,42.82%,0.156722,"12:11 ET"
NVDA,231.3,2026-09-09,5,Call,245.00,-6.08%,0.19,0.2,0.2,12232,5162,2.37,33.81%,30.78%,0.055784,"12:12 ET"
MSFT,500.85,2026-09-11,7,Call,502.50,-0.36%,5.2,5.28,5.5,551,233,2.36,23.69%,21.34%,0.474617,"12:12 ET"
META,612.2,2026-09-09,5,Call,630.00,-3.02%,1.98,2.02,2.03,671,284,2.36,34.15%,26.89%,0.191437,"12:12 ET"
TGT,163.99,2026-09-11,7,Call,167.50,-2.45%,0.8,0.81,0.9,835,354,2.36,28.59%,24.33%,0.259399,"11:57 ET"
MU,999.71,2026-09-09,5,Call,940.00,+5.78%,62.2,62,65.45,1654,702,2.36,60.61%,35.80%,0.941042,"12:03 ET"
DELL,521.24,2026-09-04,0,Call,515.00,+0.56%,7.1,7.45,7.5,2864,1211,2.36,59.61%,22.24%,0.877677,"12:10 ET"
TSLA,352.16,2026-09-11,7,Put,367.50,+4.49%,17.7,17.83,18,1317,560,2.35,39.93%,42.07%,-0.753876,"12:12 ET"
NFLX,79.18,2026-09-11,7,Call,79.00,+0.42%,1.42,1.43,1.44,1644,701,2.35,34.07%,28.60%,0.551683,"12:12 ET"
AVBP,30.73,2026-10-16,42,Call,25.00,+18.99%,8.1,9,11.1,2200,938,2.35,141.97%,168.72%,0.743797,"11:52 ET"
PL,18.08,2026-09-04,0,Put,18.00,-2.01%,0.15,0.16,0.2,4127,1753,2.35,70.21%,70.79%,-0.371231,"12:11 ET"
ZS,169.57,2026-09-11,7,Call,180.00,-6.70%,1.45,1.64,1.84,1014,434,2.34,50.41%,54.86%,0.2284,"12:08 ET"
TSLA,352.16,2026-10-02,28,Call,360.00,-2.35%,12.7,12.7,12.9,2606,1114,2.34,39.93%,40.46%,0.456172,"12:11 ET"
LION,11.06,2026-10-16,42,Call,12.00,-8.50%,0.35,0.4,0.4,842,361,2.33,51.78%,46.70%,0.346569,"11:29 ET"
BE,244.37,2026-09-04,0,Call,280.00,-14.71%,0.06,0.16,0.25,1124,485,2.32,84.38%,129.91%,0.025335,"12:12 ET"
TSLA,352.16,2026-09-11,7,Put,347.50,-1.20%,5.25,5.5,5.35,1315,566,2.32,39.93%,39.21%,-0.384095,"12:10 ET"
MU,999.71,2026-09-11,7,Call,"1,010.00",-1.23%,25.1,24.63,25.35,1418,611,2.32,60.61%,51.48%,0.475149,"12:11 ET"
PATH,15.25,2026-10-16,42,Call,16.00,-5.19%,0.91,0.92,1,712,309,2.3,58.46%,58.24%,0.462481,"12:05 ET"
META,612.2,2026-09-04,0,Call,617.50,-0.97%,0.48,0.51,0.52,11668,5081,2.3,34.15%,16.88%,0.173903,"12:12 ET"
GOOGL,337.99,2026-09-09,5,Put,340.00,+0.59%,4.1,4.2,4.4,853,372,2.29,27.45%,21.02%,-0.577325,"11:59 ET"
CRCL,101.86,2026-09-04,0,Call,101.00,+1.14%,1.51,1.51,1.53,1830,799,2.29,79.07%,39.73%,0.708594,"12:12 ET"
GOOGL,337.99,2026-09-09,5,Call,345.00,-2.07%,0.95,1.07,1.07,3364,1471,2.29,27.45%,20.95%,0.215991,"12:12 ET"
BE,244.37,2027-02-19,168,Call,510.00,-108.93%,13.05,13.45,13.85,562,246,2.28,84.38%,92.51%,0.203975,"11:03 ET"
AVGO,356.38,2026-09-04,0,Put,352.50,-1.02%,0.28,0.29,0.31,3709,1630,2.28,34.98%,19.66%,-0.154688,"12:11 ET"
NFLX,79.18,2026-09-11,7,Call,84.00,-5.89%,0.15,0.15,0.16,9180,4022,2.28,34.07%,31.25%,0.097559,"12:12 ET"
AMZN,256.15,2026-09-04,0,Call,255.00,+0.46%,1.37,1.37,1.45,12344,5418,2.28,29.20%,10.46%,0.821374,"12:12 ET"
IREN,43.48,2027-02-19,168,Call,80.00,-84.93%,3.1,3.15,3.25,1034,455,2.27,79.38%,91.25%,0.258712,"11:42 ET"
TYRA,28.52,2026-09-18,14,Call,30.00,-6.19%,6.2,6.53,7.1,2639,1164,2.27,255.97%,330.49%,0.595251,"12:02 ET"
MSTR,141.71,2026-09-11,7,Call,144.00,-1.30%,4.65,4.78,4.85,11674,5143,2.27,73.09%,70.91%,0.46876,"12:07 ET"
C,137.18,2026-09-11,7,Put,133.00,-2.69%,0.42,0.45,0.45,561,248,2.26,28.48%,24.54%,-0.171482,"12:09 ET"
MU,999.71,2026-09-18,14,Call,"1,230.00",-23.28%,2.48,2.48,2.55,973,431,2.26,60.61%,61.51%,0.051785,"11:39 ET"
AAOI,105.78,2026-09-04,0,Call,110.00,-4.25%,0.05,0.1,0.1,3352,1482,2.26,85.78%,49.60%,0.063846,"12:12 ET"
PANW,332.21,2026-09-04,0,Put,330.00,-0.41%,0.5,0.54,0.57,2483,1106,2.25,45.12%,21.34%,-0.243838,"12:12 ET"
SMCI,40.44,2026-12-18,105,Call,48.00,-20.51%,4.05,4.18,4.2,2564,1140,2.25,71.04%,76.36%,0.424747,"12:11 ET"
TSLA,352.16,2026-09-11,7,Put,345.00,-1.91%,4.25,4.34,4.35,4065,1803,2.25,39.93%,38.92%,-0.333313,"12:12 ET"
VLO,370.21,2026-10-16,42,Put,320.00,-13.92%,4.4,4.5,4.9,1049,468,2.24,45.14%,45.38%,-0.147341,"11:47 ET"
AMZN,256.15,2026-09-09,5,Call,265.00,-3.45%,0.39,0.4,0.4,5113,2278,2.24,29.20%,23.42%,0.116379,"12:12 ET"
ZS,169.57,2026-09-04,0,Put,172.50,+2.25%,2.6,4.63,3.75,654,293,2.23,50.41%,30.65%,-0.862874,"11:54 ET"
SNDK,1699.49,2026-09-11,7,Put,"1,600.00",-5.11%,23.1,23.4,23.5,1263,567,2.23,73.07%,66.88%,-0.239886,"12:12 ET"
CRWD,212.9,2026-09-04,0,Put,217.50,+2.25%,4.15,4.82,5,1884,845,2.23,49.41%,27.49%,-0.927799,"11:50 ET"
MSTR,141.71,2026-09-11,7,Call,146.00,-2.71%,3.9,4.07,4.15,765,345,2.22,73.09%,71.94%,0.415156,"12:09 ET"
ASTS,62.21,2026-09-04,0,Put,62.00,-0.78%,0.26,0.4,0.35,2501,1127,2.22,72.92%,33.13%,-0.396951,"12:07 ET"
DELL,521.24,2026-09-04,0,Put,530.00,+2.33%,9.45,10,10,1279,579,2.21,59.61%,42.26%,-0.754609,"12:10 ET"
MSFT,500.85,2026-09-09,5,Call,510.00,-1.86%,1.4,1.4,1.45,1507,681,2.21,23.69%,19.11%,0.223083,"12:12 ET"
ARM,251.92,2026-09-04,0,Call,255.00,-1.28%,0.28,0.38,0.4,1949,880,2.21,60.49%,26.23%,0.182981,"12:12 ET"
ORCL,157.77,2026-09-04,0,Call,160.00,-1.55%,0.2,0.21,0.21,31410,14224,2.21,66.57%,27.05%,0.173123,"12:12 ET"
CRCL,101.86,2026-09-04,0,Call,102.00,+0.16%,0.9,0.98,0.96,1844,840,2.2,79.07%,40.82%,0.528171,"12:12 ET"
AMD,472.16,2026-09-11,7,Call,500.00,-6.38%,3.5,3.55,3.65,6009,2733,2.2,47.65%,46.44%,0.212906,"12:12 ET"
COIN,185.35,2026-09-04,0,Call,190.00,-1.98%,0.12,0.16,0.16,11058,5037,2.2,63.77%,34.30%,0.091653,"12:12 ET"
CBRS,212.5,2026-09-04,0,Call,207.50,+1.79%,4.2,5,6,741,339,2.19,73.63%,43.42%,0.8424,"12:10 ET"
SNOW,345.89,2026-10-16,42,Put,310.00,-10.54%,5.8,6.1,6.2,782,357,2.19,41.43%,42.65%,-0.200752,"12:12 ET"
JNJ,276.41,2026-09-04,0,Call,277.50,-0.33%,0.21,0.3,0.42,906,414,2.19,24.21%,12.44%,0.284116,"12:10 ET"
CRWV,88.07,2026-09-11,7,Call,92.00,-4.76%,1.56,1.58,1.6,1033,472,2.19,69.29%,64.48%,0.323407,"12:12 ET"
MU,999.71,2026-09-09,5,Put,900.00,-9.79%,0.81,0.85,0.88,1047,478,2.19,60.61%,51.66%,-0.034521,"12:10 ET"
TSLA,352.16,2026-10-09,35,Put,330.00,-6.18%,7.55,7.65,7.75,812,373,2.18,39.93%,40.05%,-0.269049,"12:11 ET"
FRO,46.39,2026-10-16,42,Call,49.00,-5.44%,0.85,1,1.05,3714,1703,2.18,48.45%,33.38%,0.303001,"11:34 ET"
NFLX,79.18,2026-09-11,7,Call,81.00,-2.11%,0.63,0.64,0.65,4204,1929,2.18,34.07%,29.45%,0.313553,"12:12 ET"
ADBE,267.83,2026-09-04,0,Put,267.50,-0.22%,0.83,0.88,1.1,823,380,2.17,51.00%,22.48%,-0.420163,"12:05 ET"
SNOW,345.89,2026-09-11,7,Call,385.00,-11.10%,0.34,0.42,0.48,514,238,2.16,41.43%,45.87%,0.046346,"12:09 ET"
EIX,56.3,2028-01-21,504,Call,55.00,+2.00%,8.8,9.7,9.9,1304,605,2.16,50.52%,37.93%,0.563789,"10:58 ET"
AMD,472.16,2026-09-09,5,Call,500.00,-6.38%,1.44,1.46,1.46,1439,667,2.16,47.65%,40.11%,0.132278,"12:12 ET"
PCG,14.06,2027-01-15,133,Call,14.00,+0.36%,1.96,1.98,2.16,7588,3510,2.16,60.10%,59.37%,0.581298,"11:53 ET"
TSLA,352.16,2026-09-11,7,Call,372.50,-5.91%,1.97,1.95,2,2775,1290,2.15,39.93%,42.24%,0.181862,"12:10 ET"
TSLA,352.16,2026-09-14,10,Put,340.00,-3.33%,3.4,3.46,3.5,587,274,2.14,39.93%,36.31%,-0.26122,"12:09 ET"
GOOGL,337.99,2026-09-04,0,Put,340.00,+0.59%,1.95,2.14,2.25,17503,8188,2.14,27.45%,13.11%,-0.784725,"12:11 ET"
GTM,4.04,2026-10-16,42,Call,4.00,+0.74%,0.3,0.35,0.35,906,426,2.13,63.99%,54.53%,0.567247,"11:59 ET"
LULU,100.39,2026-10-16,42,Call,135.00,-34.88%,0.21,0.25,0.25,1263,592,2.13,40.96%,46.62%,0.038213,"12:11 ET"
NOK,10.04,2026-09-11,7,Put,10.00,-0.30%,0.25,0.25,0.26,1529,717,2.13,53.12%,49.55%,-0.463815,"12:11 ET"
SPCX,148.88,2026-09-11,7,Put,146.00,-2.14%,2.51,2.5,2.53,749,353,2.12,48.80%,46.11%,-0.371396,"12:12 ET"
MSFT,500.85,2026-09-09,5,Call,515.00,-2.85%,0.62,0.65,0.71,989,467,2.12,23.69%,19.45%,0.119672,"12:11 ET"
NVDA,231.3,2026-09-11,7,Put,237.50,+2.83%,8.05,8.05,8.2,508,241,2.11,33.81%,33.00%,-0.714832,"12:10 ET"
ASTS,62.21,2026-09-04,0,Put,64.00,+2.42%,1.58,1.62,2.08,676,320,2.11,72.92%,46.81%,-0.868101,"11:59 ET"
AMD,472.16,2026-09-09,5,Call,472.50,-0.53%,8.9,9.16,9.4,714,339,2.11,47.65%,38.03%,0.536592,"12:11 ET"
NVDA,231.3,2026-10-09,35,Put,225.00,-2.58%,6.5,6.6,6.65,2138,1019,2.1,33.81%,34.02%,-0.370279,"12:01 ET"
CIFR,17.68,2026-09-18,14,Call,19.50,-9.98%,0.57,0.62,0.64,562,269,2.09,90.10%,91.43%,0.322388,"11:56 ET"
USAR,17.41,2026-09-11,7,Call,18.50,-6.75%,0.3,0.3,0.32,649,311,2.09,79.55%,71.37%,0.298403,"12:02 ET"
NVDA,231.3,2026-09-16,12,Put,215.00,-6.91%,0.96,1.01,1,803,385,2.09,33.81%,36.27%,-0.125993,"11:57 ET"
INTC,95.44,2026-09-11,7,Call,96.00,-1.18%,2.52,2.6,2.61,2846,1359,2.09,57.20%,54.07%,0.481323,"12:09 ET"
SNOW,345.89,2026-09-04,0,Put,340.00,-1.89%,0.32,0.38,0.38,2893,1385,2.09,41.43%,26.84%,-0.14149,"12:12 ET"
TSLA,352.16,2026-09-09,5,Call,380.00,-8.04%,0.61,0.61,0.62,5493,2633,2.09,39.93%,44.08%,0.076732,"12:12 ET"
MU,999.71,2026-09-11,7,Call,"1,060.00",-6.24%,9.9,9.7,10.05,535,257,2.08,60.61%,53.28%,0.237994,"12:11 ET"
SPCX,148.88,2026-09-11,7,Put,150.00,+0.54%,4.3,4.35,4.35,6473,3107,2.08,48.80%,44.73%,-0.540278,"12:12 ET"
BTDR,12.27,2026-09-11,7,Call,12.00,+1.15%,0.65,0.65,0.75,876,423,2.07,92.57%,83.43%,0.597086,"12:09 ET"
B,44.9,2026-09-11,7,Call,46.00,-2.13%,0.51,0.56,0.56,1231,595,2.07,42.84%,39.30%,0.339225,"12:09 ET"
DB,41.46,2026-09-18,14,Call,43.00,-3.81%,0.25,0.32,0.4,700,340,2.06,28.20%,27.05%,0.253449,"10:08 ET"
INTC,95.44,2026-09-09,5,Put,89.00,-6.20%,0.26,0.28,0.28,816,397,2.06,57.20%,47.91%,-0.103438,"12:11 ET"
IONQ,39.44,2026-09-11,7,Call,41.00,-4.03%,0.94,0.97,1.01,969,470,2.06,72.13%,73.49%,0.37221,"12:01 ET"
MU,999.71,2026-09-11,7,Call,"1,200.00",-20.28%,0.6,0.65,0.65,1924,933,2.06,60.61%,61.95%,0.020309,"12:12 ET"
GPRO,1.765,2027-01-15,133,Call,4.0000,-129.23%,0.15,0.2,0.25,2217,1078,2.06,182.51%,137.58%,0.302868,"11:48 ET"
NFLX,79.18,2026-09-11,7,Put,80.00,+0.84%,1.66,1.67,1.69,3632,1765,2.06,34.07%,29.95%,-0.57223,"12:12 ET"
BE,244.37,2026-09-11,7,Call,245.00,-0.37%,13.55,13.65,13.7,819,399,2.05,84.38%,100.89%,0.52762,"12:12 ET"
OKLO,40.9,2026-12-18,105,Call,85.00,-108.38%,0.83,0.91,0.96,922,450,2.05,71.56%,91.68%,0.111348,"11:27 ET"
CBRS,212.5,2026-09-18,14,Call,210.00,+0.61%,12.3,13.05,14.2,1688,823,2.05,73.63%,72.71%,0.561003,"12:05 ET"
SMCI,40.44,2026-09-11,7,Put,36.00,-9.62%,0.18,0.18,0.19,1699,829,2.05,71.04%,67.52%,-0.099542,"12:11 ET"
PLTR,175.52,2026-09-11,7,Put,175.00,-0.21%,3.7,3.75,3.85,5995,2919,2.05,45.43%,41.42%,-0.470222,"12:12 ET"
NFLX,79.18,2026-09-25,21,Call,81.00,-2.11%,1.67,1.7,1.71,788,389,2.03,34.07%,31.10%,0.412618,"12:10 ET"
USAR,17.41,2026-09-11,7,Call,19.00,-9.64%,0.19,0.2,0.24,999,493,2.03,79.55%,73.71%,0.220558,"12:11 ET"
MSFT,500.85,2026-09-09,5,Put,495.00,-1.14%,1.81,1.87,1.93,625,309,2.02,23.69%,18.44%,-0.277307,"12:12 ET"
TSLA,352.16,2026-09-14,10,Call,380.00,-8.04%,1.53,1.57,1.59,1439,712,2.02,39.93%,39.83%,0.1364,"12:12 ET"
ACVA,7.11,2026-10-16,42,Call,10.00,-40.65%,0.15,0.17,0.25,3034,1505,2.02,81.49%,94.31%,0.185337,"10:32 ET"
MU,999.71,2026-09-11,7,Call,985.00,+1.27%,38,38,38.4,640,318,2.01,60.61%,51.62%,0.613593,"12:12 ET"
MRVL,220.93,2026-09-11,7,Call,227.50,-3.06%,3.95,4.05,4.1,1084,539,2.01,59.85%,54.59%,0.36634,"12:10 ET"
TSLA,352.16,2026-09-09,5,Put,367.50,+4.49%,16.55,16.8,16.8,1232,616,2,39.93%,39.75%,-0.809757,"12:11 ET"
MU,999.71,2026-09-04,0,Call,980.00,+1.77%,22.8,23,23,11628,5814,2,60.61%,30.16%,0.926273,"12:12 ET"
HPE,52.47,2026-09-11,7,Put,51.00,-2.50%,0.95,0.97,0.99,581,292,1.99,54.03%,55.50%,-0.344968,"12:10 ET"
INTC,95.44,2026-09-04,0,Put,98.00,+3.29%,2.56,2.68,2.79,970,490,1.98,57.20%,29.13%,-0.966323,"12:12 ET"
SMCI,40.44,2026-09-04,0,Call,39.50,+0.83%,0.9,0.92,0.97,6110,3079,1.98,71.04%,35.73%,0.887805,"12:11 ET"
HPQ,32.4,2027-01-15,133,Call,35.00,-8.56%,2.57,2.7,2.7,7851,3993,1.97,44.35%,47.32%,0.444683,"12:10 ET"
TSLA,352.16,2026-09-18,14,Call,360.00,-2.35%,7.95,7.95,8,10951,5546,1.97,39.93%,40.20%,0.414985,"12:12 ET"
NAVN,27.78,2026-10-16,42,Call,30.00,-8.03%,2.1,2.15,2.45,609,310,1.96,84.52%,82.56%,0.45303,"11:54 ET"
NVDA,231.3,2026-10-23,49,Call,250.00,-8.24%,4.9,4.85,5.15,774,394,1.96,33.81%,33.86%,0.295721,"12:09 ET"
TSLA,352.16,2026-09-11,7,Put,362.50,+3.06%,13.9,13.95,14,1813,924,1.96,39.93%,40.75%,-0.679521,"12:12 ET"
XP,20.08,2026-10-16,42,Put,19.00,-5.33%,0.65,0.75,0.9,561,287,1.95,44.02%,46.98%,-0.334617,"11:32 ET"
FIG,24.43,2026-09-11,7,Call,26.00,-6.34%,0.29,0.3,0.34,1284,658,1.95,69.73%,63.63%,0.254738,"12:04 ET"
MU,999.71,2026-09-09,5,Put,940.00,-5.78%,3.1,3.3,3.2,573,296,1.94,60.61%,46.98%,-0.11459,"12:06 ET"
MU,999.71,2026-09-09,5,Put,950.00,-4.78%,4.35,4.47,4.5,2171,1118,1.94,60.61%,46.28%,-0.15284,"12:12 ET"
AAPL,321.01,2026-09-09,5,Put,320.00,-0.31%,3.3,3.38,3.4,5275,2721,1.94,24.75%,26.38%,-0.44372,"12:11 ET"
CRWV,88.07,2026-09-04,0,Call,90.00,-2.48%,0.09,0.1,0.1,10808,5606,1.93,69.29%,37.40%,0.114999,"12:12 ET"
TSLA,352.16,2026-09-11,7,Put,350.00,-0.49%,6.35,6.4,6.45,11693,6066,1.93,39.93%,39.33%,-0.435626,"12:12 ET"
TSLA,352.16,2026-09-16,12,Call,370.00,-5.20%,4,4.1,4.15,579,302,1.92,39.93%,40.25%,0.269,"12:07 ET"
CRDO,169.09,2026-09-04,0,Call,177.50,-5.12%,0.15,0.3,0.4,660,343,1.92,70.92%,67.46%,0.099264,"12:06 ET"
AMZN,256.15,2026-09-09,5,Put,252.50,-1.43%,1.13,1.17,1.2,920,479,1.92,29.20%,22.43%,-0.27714,"12:11 ET"
SPCX,148.88,2028-01-21,504,Call,205.00,-37.40%,24.35,24.95,25.1,1000,522,1.92,48.80%,55.63%,0.46866,"11:53 ET"
AVGO,356.38,2026-09-09,5,Call,360.00,-1.09%,3.55,3.65,3.85,2159,1127,1.92,34.98%,32.05%,0.397992,"12:12 ET"
INTC,95.44,2026-09-04,0,Call,94.00,+0.93%,1.46,1.46,1.49,23618,12296,1.92,57.20%,28.61%,0.83284,"12:12 ET"
MSTR,141.71,2026-09-18,14,Put,118.00,-16.99%,0.76,0.95,0.9,703,368,1.91,73.09%,73.13%,-0.084004,"10:54 ET"
SPCX,148.88,2026-09-11,7,Put,126.00,-15.55%,0.1,0.1,0.11,1054,553,1.91,48.80%,60.84%,-0.021908,"12:08 ET"
CCL,23.57,2026-12-18,105,Call,24.00,-2.13%,2.1,2.13,2.16,1521,798,1.91,42.95%,45.23%,0.523678,"12:09 ET"
ASTS,62.21,2026-09-04,0,Put,63.00,+0.82%,0.85,0.98,0.96,1512,796,1.9,72.92%,34.57%,-0.73931,"12:09 ET"
META,612.2,2026-09-09,5,Call,610.00,+0.25%,8.75,8.86,8.85,3729,1961,1.9,34.15%,25.97%,0.562383,"12:12 ET"
MRNA,144.73,2026-10-16,42,Call,190.00,-31.54%,3.25,3.75,3.85,754,399,1.89,72.44%,78.08%,0.189565,"12:02 ET"
PL,18.08,2026-10-16,42,Call,22.00,-19.76%,0.6,0.65,0.7,1696,899,1.89,70.21%,73.07%,0.266673,"12:09 ET"
MRVL,220.93,2026-09-11,7,Call,225.00,-1.93%,4.8,4.86,5,2508,1325,1.89,59.85%,54.27%,0.421926,"12:12 ET"
LULU,100.39,2026-09-18,14,Put,95.00,-5.09%,1.15,1.2,1.25,2602,1375,1.89,40.96%,42.15%,-0.237113,"12:12 ET"
SPCX,148.88,2026-09-11,7,Call,152.50,-2.21%,2.25,2.21,2.26,3704,1962,1.89,48.80%,45.96%,0.361742,"12:12 ET"
GOOGL,337.99,2026-09-04,0,Put,342.50,+1.33%,4.1,4.42,4.6,4836,2554,1.89,27.45%,12.84%,-0.977605,"12:11 ET"
MU,999.71,2026-09-11,7,Call,"1,000.00",-0.23%,30,30.02,30.1,7704,4081,1.89,60.61%,51.63%,0.530783,"12:12 ET"
DIS,105.43,2026-09-04,0,Call,105.00,+0.46%,0.49,0.6,0.74,530,282,1.88,22.80%,10.71%,0.832021,"12:12 ET"
DELL,521.24,2026-09-11,7,Call,520.00,-0.40%,17,17.1,17.2,738,392,1.88,59.61%,55.54%,0.537191,"12:09 ET"
RUM,8.59,2026-09-04,0,Call,7.50,+12.18%,0.9,1.07,1.15,754,401,1.88,79.25%,146.01%,0.965034,"12:03 ET"
STZ,128.72,2026-09-04,0,Put,134.00,+4.08%,4,5.61,6.2,1076,571,1.88,30.95%,69.61%,-0.863537,"10:26 ET"
SKHY,171.38,2026-09-11,7,Put,160.00,-6.19%,1.35,1.37,1.4,1134,604,1.88,59.77%,57.59%,-0.178815,"12:11 ET"
MU,999.71,2026-09-09,5,Call,980.00,+1.77%,33.4,33.1,33.7,1997,1061,1.88,60.61%,43.57%,0.68298,"12:12 ET"
AMZN,256.15,2026-09-11,7,Put,252.50,-1.43%,2.05,2.1,2.08,2145,1143,1.88,29.20%,26.30%,-0.330242,"12:10 ET"
AAPL,321.01,2026-09-09,5,Put,325.00,+1.25%,6,6.18,6.25,2571,1367,1.88,24.75%,26.35%,-0.641891,"12:11 ET"
PLTR,175.52,2026-09-11,7,Put,165.00,-5.91%,0.83,0.86,0.85,3328,1770,1.88,45.43%,43.89%,-0.148432,"12:12 ET"
SNDK,1699.49,2026-09-04,0,Call,"1,800.00",-6.75%,0.1,0.2,0.25,3788,2010,1.88,73.07%,48.40%,0.011932,"12:11 ET"
TSLA,352.16,2026-09-11,7,Put,360.00,+2.35%,12.1,12.17,12.2,6119,3251,1.88,39.93%,40.16%,-0.636302,"12:12 ET"
MRVL,220.93,2026-09-11,7,Call,217.50,+1.47%,8.3,8.39,8.55,508,271,1.87,59.85%,53.59%,0.601191,"12:11 ET"
ORCL,157.77,2026-09-11,7,Call,182.50,-15.83%,2.13,2.16,2.18,885,473,1.87,66.57%,106.38%,0.182029,"12:09 ET"
MARA,11.31,2026-09-11,7,Call,11.50,-1.77%,0.38,0.39,0.4,4077,2184,1.87,80.37%,75.89%,0.458755,"12:10 ET"
BMNR,25.05,2026-09-11,7,Call,28.50,-13.23%,0.17,0.2,0.18,726,391,1.86,75.42%,78.83%,0.133012,"11:49 ET"
DELL,521.24,2026-09-04,0,Call,532.50,-2.82%,0.56,0.61,0.64,1335,716,1.86,59.61%,34.06%,0.130547,"12:11 ET"
CCL,23.57,2026-12-18,105,Put,24.00,+2.13%,2.33,2.42,2.49,1503,807,1.86,42.95%,44.60%,-0.473059,"12:09 ET"
PLTR,175.52,2026-09-11,7,Put,170.00,-3.06%,1.85,1.86,1.88,6666,3576,1.86,45.43%,42.19%,-0.283857,"12:12 ET"
MSTR,141.71,2026-09-04,0,Call,140.00,+1.51%,2.3,2.4,2.44,20281,10905,1.86,73.09%,32.67%,0.814749,"12:11 ET"
SNOW,345.89,2026-09-11,7,Call,350.00,-1.00%,5.4,5.78,5.9,1611,872,1.85,41.43%,40.50%,0.415745,"12:11 ET"
GOOGL,337.99,2026-09-04,0,Call,335.00,+0.89%,3.15,3.35,3.55,2650,1431,1.85,27.45%,15.50%,0.881155,"12:12 ET"
HOOD,123.09,2026-10-16,42,Put,120.00,-3.11%,8.4,8.5,8.5,3524,1902,1.85,62.03%,61.66%,-0.404887,"12:09 ET"
GOOG,334.67,2026-09-04,0,Call,335.00,-0.07%,0.75,0.8,0.82,6493,3508,1.85,27.60%,11.80%,0.487711,"12:12 ET"
PAGP,27.83,2026-09-18,14,Put,27.00,-2.95%,0.05,0.2,0.15,591,322,1.84,18.08%,17.46%,-0.188156,"09:43 ET"
MRNA,144.73,2026-10-16,42,Put,115.00,-20.38%,2.85,2.99,3.15,837,455,1.84,72.44%,73.56%,-0.144279,"12:00 ET"
LULU,100.39,2026-09-04,0,Put,105.00,+4.91%,4.45,4.88,4.95,4337,2351,1.84,40.96%,44.18%,-0.977393,"12:10 ET"
AMD,472.16,2026-09-09,5,Put,450.00,-4.26%,1.29,1.34,1.41,621,339,1.83,47.65%,39.03%,-0.123501,"12:12 ET"
MU,999.71,2026-09-09,5,Call,"1,040.00",-4.24%,8.05,7.8,8.25,1346,735,1.83,60.61%,45.97%,0.257653,"12:07 ET"
MRVL,220.93,2026-09-04,0,Put,220.00,-0.34%,0.79,0.8,0.86,3050,1665,1.83,59.85%,27.10%,-0.378567,"12:12 ET"
MU,999.71,2026-09-11,7,Call,"1,050.00",-5.24%,12.05,11.97,12.25,3470,1897,1.83,60.61%,52.90%,0.277944,"12:12 ET"
MSTR,141.71,2026-09-11,7,Put,130.00,-8.55%,1.19,1.2,1.24,3869,2118,1.83,73.09%,69.04%,-0.162067,"12:11 ET"
PRCH,18.06,2027-01-15,133,Call,30.00,-66.20%,0.35,0.4,0.55,563,310,1.82,55.64%,65.18%,0.145104,"11:31 ET"
PANW,332.21,2026-09-04,0,Put,332.50,+0.35%,1.05,1.4,1.7,633,348,1.82,45.12%,20.16%,-0.494909,"12:11 ET"
USAR,17.41,2026-09-04,0,Call,17.50,-0.98%,0.12,0.12,0.15,954,524,1.82,79.55%,42.33%,0.464704,"12:10 ET"
TSM,426.1,2026-09-04,0,Put,425.00,-0.22%,0.38,0.47,0.56,1103,605,1.82,32.87%,10.87%,-0.305063,"12:12 ET"
CRWD,212.9,2026-09-04,0,Put,212.50,-0.10%,0.74,0.78,0.83,2377,1307,1.82,49.41%,23.31%,-0.416517,"12:12 ET"
NFLX,79.18,2026-09-04,0,Put,80.00,+0.84%,0.79,0.81,0.85,12427,6814,1.82,34.07%,22.13%,-0.778154,"12:11 ET"
AMD,472.16,2026-09-09,5,Put,430.00,-8.51%,0.26,0.28,0.29,557,308,1.81,47.65%,44.31%,-0.028559,"12:08 ET"
IREN,43.48,2026-09-11,7,Put,39.00,-9.85%,0.3,0.3,0.32,819,452,1.81,79.38%,73.99%,-0.132247,"12:08 ET"
ASTS,62.21,2026-09-11,7,Call,63.00,-0.82%,1.86,1.82,1.95,828,457,1.81,72.92%,64.60%,0.468637,"12:06 ET"
DVN,48.27,2026-09-18,14,Put,47.00,-2.75%,0.66,0.76,0.73,1026,568,1.81,32.85%,33.21%,-0.326341,"11:33 ET"
APLD,26.25,2026-09-11,7,Call,27.50,-5.04%,0.44,0.45,0.46,1045,577,1.81,82.67%,64.10%,0.313905,"12:08 ET"
NVDA,231.3,2026-10-09,35,Call,250.00,-8.24%,3.2,3.25,3.3,6871,3795,1.81,33.81%,32.88%,0.244865,"12:07 ET"
TSLA,352.16,2026-09-09,5,Put,360.00,+2.35%,10.6,10.63,10.7,23862,13163,1.81,39.93%,37.37%,-0.677289,"12:12 ET"
AFRM,72.29,2026-09-11,7,Call,81.00,-12.31%,0.07,0.17,0.19,712,396,1.8,50.27%,50.84%,0.06068,"11:09 ET"
AMD,472.16,2026-09-09,5,Call,490.00,-4.26%,2.93,3,3.05,812,452,1.8,47.65%,39.00%,0.240041,"12:12 ET"
TSLA,352.16,2026-09-14,10,Put,350.00,-0.49%,7.1,7.38,7.25,874,486,1.8,39.93%,36.46%,-0.438146,"12:10 ET"
AVGO,356.38,2026-09-18,14,Call,395.00,-10.91%,1.17,1.28,1.31,947,525,1.8,34.98%,39.40%,0.098604,"12:09 ET"
AAPL,321.01,2026-09-11,7,Put,312.50,-2.65%,1.67,1.73,1.74,1502,835,1.8,24.75%,28.01%,-0.230839,"12:08 ET"
NBIS,216.7,2026-09-04,0,Put,215.00,-0.15%,0.82,0.95,0.98,1436,804,1.79,77.88%,34.19%,-0.346067,"12:10 ET"
BE,244.37,2026-09-04,0,Put,225.00,-7.82%,0.69,0.75,0.8,1923,1076,1.79,84.38%,127.45%,-0.095308,"12:11 ET"
GOOGL,337.99,2026-09-11,7,Call,345.00,-2.07%,1.99,1.99,2.1,3249,1818,1.79,27.45%,24.49%,0.289577,"12:11 ET"
HPE,52.47,2026-10-16,42,Call,55.00,-5.14%,2.8,2.83,2.85,5540,3102,1.79,54.03%,54.13%,0.438093,"12:10 ET"
NFLX,79.18,2026-09-04,0,Put,81.00,+2.11%,1.72,1.76,1.87,8650,4838,1.79,34.07%,35.47%,-0.874647,"12:11 ET"
AAPL,321.01,2026-09-11,7,Put,307.50,-4.21%,0.86,0.85,0.87,1604,903,1.78,24.75%,28.89%,-0.131702,"12:12 ET"
TSLA,352.16,2026-09-14,10,Put,355.00,+0.93%,9.75,10.25,10,682,385,1.77,39.93%,37.14%,-0.530931,"12:02 ET"
SNDK,1699.49,2026-09-11,7,Call,"2,100.00",-24.54%,1.65,1.85,2.15,1088,616,1.77,73.07%,77.51%,0.028122,"12:09 ET"
MDB,375.25,2026-09-04,0,Call,370.00,+1.55%,4.1,8.75,8,1171,660,1.77,50.26%,32.03%,0.809944,"11:20 ET"
COIN,185.35,2026-11-20,77,Put,165.00,-11.44%,12.45,12.93,12.9,1400,792,1.77,63.77%,68.51%,-0.291162,"11:29 ET"
SNOW,345.89,2026-09-18,14,Call,370.00,-6.77%,3.3,3.4,3.6,1784,1009,1.77,41.43%,42.56%,0.218076,"12:12 ET"
HOOD,123.09,2026-09-18,14,Call,122.00,+1.49%,6.2,6.47,6.6,589,335,1.76,62.03%,60.35%,0.557011,"12:11 ET"
CRCL,101.86,2026-09-11,7,Put,95.00,-7.01%,1.28,1.45,1.42,1405,797,1.76,79.07%,72.50%,-0.218794,"12:03 ET"
HD,319.84,2026-09-04,0,Call,320.00,-0.17%,0.53,0.67,0.64,666,381,1.75,24.22%,9.51%,0.477377,"12:11 ET"
KLAC,186.58,2026-09-18,14,Call,186.00,-0.02%,8,8.2,8.3,714,409,1.75,53.00%,52.81%,0.539598,"12:09 ET"
BABA,112.74,2026-09-11,7,Call,114.00,-0.81%,1.75,1.7,1.84,1306,747,1.75,40.96%,36.41%,0.436917,"12:06 ET"
AMZN,256.15,2026-09-09,5,Call,257.50,-0.52%,2.06,2.08,2.12,1831,1046,1.75,29.20%,21.79%,0.436999,"12:11 ET"
DELL,521.24,2026-09-04,0,Call,537.50,-3.78%,0.2,0.24,0.31,877,503,1.74,59.61%,36.26%,0.060535,"12:11 ET"
SPCX,148.88,2026-09-11,7,Put,134.00,-10.19%,0.3,0.3,0.32,941,541,1.74,48.80%,51.25%,-0.065356,"12:11 ET"
MRVL,220.93,2026-09-11,7,Call,235.00,-6.46%,2.11,2.15,2.18,1228,707,1.74,59.85%,55.75%,0.225731,"12:11 ET"
PL,18.08,2026-09-04,0,Put,18.50,+0.71%,0.35,0.48,0.65,1249,716,1.74,70.21%,87.52%,-0.628982,"12:11 ET"
OWL,11.88,2026-09-11,7,Call,12.00,-0.76%,0.15,0.25,0.25,1297,747,1.74,43.75%,38.27%,0.439593,"11:28 ET"
ABBV,256.72,2026-12-18,105,Put,240.00,-6.76%,7.8,7.89,8.25,1534,881,1.74,25.70%,28.89%,-0.294221,"11:57 ET"
SMCI,40.44,2026-09-11,7,Call,38.00,+4.59%,2.86,2.92,3,1789,1028,1.74,71.04%,64.86%,0.767875,"12:11 ET"
SPCX,148.88,2026-09-11,7,Call,140.00,+6.17%,9.7,9.9,10,2886,1660,1.74,48.80%,50.26%,0.818881,"12:04 ET"
BMEA,2,2027-01-15,133,Call,2.5000,-25.00%,0.35,0.35,0.45,10011,5763,1.74,128.52%,114.55%,0.518683,"11:26 ET"
AAPL,321.01,2026-09-09,5,Call,330.00,-2.80%,1.05,1.06,1.07,14746,8491,1.74,24.75%,26.28%,0.196065,"12:12 ET"
AMZN,256.15,2026-09-11,7,Put,262.50,+2.47%,7.5,7.77,7.7,865,501,1.73,29.20%,26.47%,-0.735963,"11:43 ET"
NIO,3.78,2026-10-09,35,Call,4.00,-6.10%,0.14,0.14,0.16,1588,918,1.73,50.02%,49.87%,0.39508,"11:26 ET"
NKE,38.42,2026-09-11,7,Call,38.50,-0.44%,0.55,0.59,0.61,2089,1205,1.73,40.21%,27.01%,0.510395,"12:12 ET"
CRWV,88.07,2026-09-04,0,Call,87.00,+0.93%,1.13,1.11,1.21,3391,1958,1.73,69.29%,33.73%,0.726317,"12:12 ET"
MU,999.71,2026-09-11,7,Call,930.00,+6.79%,74.9,75.8,78.85,650,378,1.72,60.61%,47.50%,0.881266,"12:09 ET"
GOOGL,337.99,2026-09-18,14,Put,327.50,-3.11%,2.53,2.63,2.66,1009,588,1.72,27.45%,25.87%,-0.248318,"12:03 ET"
NVDA,231.3,2026-10-09,35,Put,220.00,-4.75%,4.8,4.8,4.9,1508,878,1.72,33.81%,34.50%,-0.294837,"12:09 ET"
SNOW,345.89,2026-09-04,0,Put,350.00,+1.00%,5.1,5.35,5.85,2339,1361,1.72,41.43%,30.61%,-0.811249,"12:11 ET"
NVDA,231.3,2026-09-09,5,Put,200.00,-13.40%,0.09,0.11,0.1,2650,1543,1.72,33.81%,58.88%,-0.016272,"12:12 ET"
ASTS,62.21,2026-09-11,7,Put,58.00,-7.19%,0.57,0.65,0.64,640,374,1.71,72.92%,62.91%,-0.193447,"12:07 ET"
NFLX,79.18,2026-09-11,7,Call,82.00,-3.37%,0.4,0.41,0.42,5069,2970,1.71,34.07%,30.06%,0.220679,"12:11 ET"
AAPL,321.01,2026-09-11,7,Call,325.00,-1.25%,3.15,3.2,3.2,12149,7097,1.71,24.75%,26.83%,0.38706,"12:12 ET"
CBRS,212.5,2026-09-04,0,Call,202.50,+4.16%,7.9,9.73,10.9,640,377,1.7,73.63%,42.93%,0.982507,"12:08 ET"
WMT,107.57,2026-09-11,7,Put,105.00,-2.44%,0.26,0.27,0.28,2075,1222,1.7,21.48%,19.39%,-0.172228,"12:10 ET"
F,14.53,2026-11-20,77,Call,16.00,-10.12%,0.44,0.47,0.47,4925,2897,1.7,32.08%,36.84%,0.312514,"11:37 ET"
PYPL,54.77,2026-09-04,0,Put,55.00,+0.35%,0.33,0.37,0.42,593,350,1.69,34.02%,22.15%,-0.632336,"12:08 ET"
SMCI,40.44,2026-10-02,28,Put,30.00,-24.68%,0.21,0.24,0.3,630,373,1.69,71.04%,76.15%,-0.0633,"12:06 ET"
MU,999.71,2026-09-11,7,Call,"1,150.00",-15.27%,1.5,1.56,1.64,790,468,1.69,60.61%,58.04%,0.048278,"12:10 ET"
GOOGL,337.99,2026-09-18,14,Put,322.50,-4.59%,1.53,1.66,1.65,880,521,1.69,27.45%,26.39%,-0.167092,"11:49 ET"
INTC,95.44,2026-09-18,14,Call,99.00,-4.34%,2.74,2.69,2.84,906,536,1.69,57.20%,57.15%,0.393499,"12:07 ET"
TSLA,352.16,2026-09-09,5,Put,330.00,-6.18%,0.44,0.45,0.45,1149,679,1.69,39.93%,37.73%,-0.064459,"12:12 ET"
NVTS,11.64,2026-09-11,7,Call,12.00,-3.18%,0.31,0.32,0.35,1158,686,1.69,77.53%,71.83%,0.414873,"12:12 ET"
CRWV,88.07,2026-09-11,7,Call,87.00,+0.93%,3.5,3.63,3.65,1364,807,1.69,69.29%,63.61%,0.567024,"12:10 ET"
CIFR,17.68,2026-09-04,0,Call,16.00,+9.76%,1.61,1.65,1.71,13663,8105,1.69,90.10%,105.27%,0.965481,"12:12 ET"
IOT,40.71,2026-10-16,42,Call,48.00,-19.11%,0.7,0.82,0.85,508,303,1.68,56.35%,52.70%,0.205934,"12:04 ET"
INTC,95.44,2026-09-11,7,Put,86.00,-9.36%,0.29,0.33,0.32,2156,1284,1.68,57.20%,56.47%,-0.086165,"12:07 ET"
INTC,95.44,2026-09-11,7,Put,87.00,-8.31%,0.38,0.39,0.39,2218,1318,1.68,57.20%,55.14%,-0.106688,"12:11 ET"
PATH,15.25,2026-09-11,7,Call,15.00,+1.38%,0.62,0.62,0.7,3163,1881,1.68,58.46%,55.70%,0.631123,"12:09 ET"
CRWD,212.9,2026-09-04,0,Call,212.50,+0.10%,1.23,1.2,1.36,1481,889,1.67,49.41%,22.84%,0.585572,"12:10 ET"
AAL,13.19,2026-09-11,7,Call,13.00,+1.37%,0.35,0.36,0.36,1914,1144,1.67,43.76%,34.70%,0.625417,"12:11 ET"
CBRS,212.5,2026-09-11,7,Call,220.00,-4.13%,5.1,5.59,6,2079,1244,1.67,73.63%,74.29%,0.384515,"12:10 ET"
SPCX,148.88,2026-09-11,7,Call,160.00,-7.24%,0.71,0.71,0.72,11853,7113,1.67,48.80%,48.00%,0.144949,"12:12 ET"
MU,999.71,2026-09-11,7,Call,"1,030.00",-3.24%,17.65,17.57,17.8,827,498,1.66,60.61%,52.17%,0.369941,"12:12 ET"
ZS,169.57,2026-09-11,7,Call,175.00,-3.73%,2.54,2.75,2.9,915,550,1.66,50.41%,52.07%,0.345594,"12:11 ET"
MU,999.71,2027-01-15,133,Put,"1,100.00",+10.25%,200.45,201.35,205,1058,636,1.66,60.61%,62.54%,-0.514699,"11:54 ET"
RARE,15.63,2026-10-16,42,Call,15.00,+4.03%,1.5,1.68,1.7,1312,792,1.66,60.82%,60.43%,0.622308,"12:06 ET"
NU,15.47,2026-09-11,7,Call,15.50,-0.19%,0.28,0.29,0.3,2226,1344,1.66,40.24%,34.73%,0.501979,"12:01 ET"
MPT,4.06,2028-12-15,833,Call,4.00,+1.48%,0.88,0.92,0.96,3312,1991,1.66,35.84%,47.41%,0.559613,"10:37 ET"
GOOGL,337.99,2026-09-11,7,Call,350.00,-3.55%,1.03,1.05,1.1,3450,2094,1.65,27.45%,25.22%,0.171142,"12:12 ET"
MSTR,141.71,2026-09-04,0,Call,143.00,-0.60%,0.67,0.7,0.73,5129,3100,1.65,73.09%,36.62%,0.376954,"12:12 ET"
ACN,188.43,2026-09-11,7,Call,205.00,-8.64%,0.3,0.78,1,584,356,1.64,48.87%,47.42%,0.111268,"12:12 ET"
INTC,95.44,2026-09-14,10,Call,95.00,-0.13%,3.25,3.25,3.55,873,531,1.64,57.20%,50.73%,0.537646,"12:11 ET"
LULU,100.39,2026-10-16,42,Put,100.00,-0.09%,5.05,5.18,5.25,1728,1055,1.64,40.96%,40.57%,-0.454217,"12:10 ET"
MARA,11.31,2026-09-11,7,Put,11.00,-2.65%,0.31,0.31,0.32,1728,1055,1.64,80.37%,73.74%,-0.372714,"12:11 ET"
CHPT,10,2026-09-18,14,Call,10.00,-2.04%,0.85,0.85,1.1,2356,1435,1.64,101.34%,118.20%,0.5629,"12:05 ET"
LITE,875.76,2026-09-04,0,Call,900.00,-3.13%,0.4,0.5,0.6,2365,1445,1.64,68.73%,35.88%,0.069779,"12:11 ET"
HOOD,123.09,2026-09-04,0,Put,125.00,+0.93%,2.07,2.04,2.32,669,410,1.63,62.03%,35.64%,-0.798876,"12:11 ET"
LULU,100.39,2026-09-04,0,Put,102.00,+1.91%,1.84,1.95,2.12,1067,656,1.63,40.96%,43.17%,-0.767054,"12:08 ET"
BSP,39.59,2026-10-16,42,Put,30.00,-24.05%,0.35,0.46,0.6,3461,2120,1.63,73.08%,70.30%,-0.096564,"12:12 ET"
RARE,15.63,2027-01-15,133,Call,20.00,-27.96%,1.15,1.3,1.5,999,617,1.62,60.82%,70.00%,0.364978,"10:54 ET"
POET,7.76,2026-09-25,21,Call,7.50,+3.10%,0.64,0.7,0.8,1126,695,1.62,81.65%,78.50%,0.612659,"11:53 ET"
SKHY,171.38,2026-10-16,42,Call,160.00,+6.19%,20.1,20.27,20.55,1512,936,1.62,59.77%,59.73%,0.679286,"12:12 ET"
HOOD,123.09,2026-09-11,7,Put,115.00,-7.15%,1.03,1.08,1.11,1584,979,1.62,62.03%,58.45%,-0.188313,"12:12 ET"
SPCX,148.88,2026-09-11,7,Call,172.50,-15.62%,0.13,0.15,0.15,1663,1036,1.61,48.80%,56.32%,0.031754,"12:09 ET"
INTC,95.44,2026-09-09,5,Call,97.00,-2.23%,1.36,1.41,1.4,1766,1098,1.61,57.20%,46.57%,0.389085,"12:11 ET"
PINS,20.41,2026-09-11,7,Call,21.00,-3.70%,0.24,0.24,0.28,3128,1941,1.61,41.64%,43.66%,0.330787,"12:11 ET"
GOOG,334.67,2026-09-04,0,Call,337.50,-0.82%,0.15,0.18,0.18,4479,2784,1.61,27.60%,13.49%,0.138622,"12:12 ET"
SNDK,1699.49,2026-09-04,0,Call,"1,715.00",-1.71%,7.5,7.6,7.8,877,547,1.6,73.07%,39.19%,0.33704,"12:12 ET"
FIG,24.43,2026-09-11,7,Put,23.50,-3.89%,0.38,0.44,0.46,1283,802,1.6,69.73%,60.65%,-0.306268,"12:06 ET"
AMD,472.16,2026-09-11,7,Call,470.00,0.00%,13.5,13.77,14.1,1493,931,1.6,47.65%,44.75%,0.567416,"12:12 ET"
COIN,185.35,2026-09-04,0,Put,185.00,-0.71%,0.87,0.93,1.02,5829,3637,1.6,63.77%,30.87%,-0.428009,"12:11 ET"
NVDA,231.3,2026-09-04,0,Call,230.00,+0.42%,1.43,1.44,1.46,112140,70246,1.6,33.81%,15.84%,0.723865,"12:12 ET"
INTC,95.44,2026-09-14,10,Call,105.00,-10.67%,0.59,0.69,0.7,523,329,1.59,57.20%,53.87%,0.151864,"12:10 ET"
ZETA,31.48,2026-09-11,7,Call,33.00,-5.13%,0.33,0.37,0.4,720,452,1.59,57.58%,51.74%,0.273007,"11:58 ET"
HOOD,123.09,2026-09-11,7,Call,122.00,+1.49%,4.5,4.7,4.75,727,456,1.59,62.03%,59.61%,0.561014,"12:08 ET"
MSFT,500.85,2026-09-04,0,Call,497.50,+0.64%,3.45,3.65,3.9,746,468,1.59,23.69%,9.41%,0.930001,"12:09 ET"
MSFT,500.85,2026-09-11,7,Call,505.00,-0.86%,4.1,4.2,4.35,1006,631,1.59,23.69%,21.15%,0.407498,"12:11 ET"
GOOGL,337.99,2026-09-09,5,Put,330.00,-2.37%,0.7,0.7,0.74,1356,854,1.59,27.45%,21.53%,-0.159027,"12:12 ET"
CRDO,169.09,2026-09-04,0,Call,175.00,-3.64%,0.2,0.48,0.5,1956,1229,1.59,70.92%,55.69%,0.141413,"12:07 ET"
AMZN,256.15,2026-09-09,5,Call,260.00,-1.50%,1.19,1.22,1.26,4336,2735,1.59,29.20%,22.01%,0.29737,"12:12 ET"
USAR,17.41,2026-09-11,7,Call,18.00,-3.87%,0.44,0.45,0.51,595,376,1.58,79.55%,72.31%,0.402377,"12:10 ET"
IREN,43.48,2026-09-11,7,Call,40.50,+6.38%,3.5,3.58,3.65,720,457,1.58,79.38%,71.92%,0.778387,"12:11 ET"
NTSK,13.99,2026-09-18,14,Put,15.00,+7.07%,1.35,1.4,1.55,759,481,1.58,72.94%,72.19%,-0.67347,"10:36 ET"
AAOI,105.78,2026-09-04,0,Call,105.00,+0.49%,1.3,1.38,1.6,1789,1131,1.58,85.78%,47.83%,0.614623,"12:12 ET"
NVDA,231.3,2026-10-09,35,Call,230.00,+0.42%,10.35,10.46,10.5,3591,2268,1.58,33.81%,33.39%,0.550799,"12:12 ET"
PATH,15.25,2027-03-19,196,Call,15.00,+1.38%,3.15,3.4,3.5,9248,5856,1.58,58.46%,68.80%,0.632518,"11:30 ET"
DAL,79.91,2026-09-11,7,Call,80.00,-0.13%,1.19,1.2,1.32,597,380,1.57,37.69%,28.66%,0.505204,"12:06 ET"
TSLA,352.16,2026-09-14,10,Put,360.00,+2.35%,12.8,13.1,13,764,487,1.57,39.93%,37.26%,-0.62,"12:06 ET"
BE,244.37,2026-09-04,0,Call,272.50,-11.63%,0.55,0.62,0.67,1410,900,1.57,84.38%,141.25%,0.077514,"12:12 ET"
GLW,151.72,2026-09-11,7,Put,150.00,-2.11%,3.4,3.5,3.85,564,361,1.56,55.39%,53.45%,-0.422805,"12:09 ET"
NVDA,231.3,2026-09-16,12,Put,200.00,-13.40%,0.29,0.32,0.31,574,367,1.56,33.81%,46.18%,-0.037578,"12:12 ET"
MRVL,220.93,2026-09-11,7,Call,222.50,-0.80%,5.75,5.87,6.05,725,466,1.56,59.85%,53.84%,0.480344,"12:09 ET"
COIN,185.35,2026-09-11,7,Put,175.00,-6.08%,1.88,1.94,1.95,951,610,1.56,63.77%,57.51%,-0.217918,"12:09 ET"
AAPL,321.01,2026-09-11,7,Put,317.50,-1.09%,3.15,3.21,3.2,1544,988,1.56,24.75%,27.46%,-0.369978,"12:12 ET"
CRWV,88.07,2026-09-11,7,Call,88.00,-0.20%,3,3.05,3.1,2511,1613,1.56,69.29%,63.21%,0.515448,"12:12 ET"
NU,15.47,2026-12-18,105,Put,14.00,-9.50%,0.71,0.77,0.75,2752,1763,1.56,40.24%,44.42%,-0.281798,"10:55 ET"
GOOGL,337.99,2026-09-04,0,Call,340.00,-0.59%,0.26,0.28,0.28,25252,16173,1.56,27.45%,12.80%,0.21215,"12:12 ET"
HOOD,123.09,2026-09-11,7,Call,124.00,-0.12%,3.6,3.65,3.7,843,544,1.55,62.03%,59.64%,0.482687,"12:11 ET"
NBIS,216.7,2026-09-11,7,Call,235.00,-9.14%,2.8,2.85,2.92,1040,669,1.55,77.88%,74.66%,0.230769,"12:12 ET"
SKHY,171.38,2026-09-04,0,Call,175.00,-2.61%,0.14,0.15,0.18,2534,1637,1.55,59.77%,31.91%,0.115962,"12:10 ET"
CRM,259.96,2026-10-16,42,Put,230.00,-11.50%,3,3.11,3.15,2892,1865,1.55,37.66%,39.64%,-0.157738,"12:10 ET"
NBIS,216.7,2026-09-11,7,Call,230.00,-6.82%,3.8,3.9,4,3555,2296,1.55,77.88%,73.54%,0.295347,"12:12 ET"
TSLA,352.16,2026-09-25,21,Put,360.00,+2.35%,17.2,17.32,17.5,614,399,1.54,39.93%,39.88%,-0.563952,"12:12 ET"
AMZN,256.15,2026-09-11,7,Call,255.00,+0.46%,4.35,4.4,4.45,4773,3092,1.54,29.20%,25.80%,0.569163,"12:12 ET"
LVS,44.66,2027-03-19,196,Call,47.50,-6.55%,3.25,3.3,3.4,750,490,1.53,29.53%,33.70%,0.455074,"11:16 ET"
ZM,101.61,2026-12-18,105,Call,140.00,-37.42%,1.33,1.48,1.64,755,492,1.53,39.56%,45.94%,0.130725,"11:42 ET"
NKE,38.42,2026-09-18,14,Call,38.00,+0.86%,1.14,1.12,1.19,757,494,1.53,40.21%,29.76%,0.600876,"12:09 ET"
PANW,332.21,2026-09-04,0,Call,335.00,-1.10%,0.55,0.6,0.65,844,553,1.53,45.12%,22.07%,0.261429,"12:12 ET"
MSFT,500.85,2026-09-04,0,Put,507.50,+1.36%,6.2,6.82,6.75,2674,1749,1.53,23.69%,13.91%,-0.964649,"12:06 ET"
AMZN,256.15,2026-09-09,5,Call,262.50,-2.47%,0.66,0.7,0.71,2959,1928,1.53,29.20%,22.43%,0.187835,"12:09 ET"
NVDA,231.3,2026-09-18,14,Call,237.50,-2.83%,3.3,3.39,3.35,9490,6206,1.53,33.81%,32.16%,0.350874,"12:09 ET"
MU,999.71,2026-09-11,7,Call,"1,080.00",-8.25%,6.6,6.43,6.7,506,333,1.52,60.61%,54.12%,0.171069,"12:11 ET"
DELL,521.24,2026-09-11,7,Put,515.00,-0.56%,13.1,13.16,13.35,950,623,1.52,59.61%,57.86%,-0.415948,"12:10 ET"
COF,220.44,2026-10-16,42,Call,230.00,-4.42%,4.6,4.5,5,1014,669,1.52,27.97%,28.00%,0.35586,"11:36 ET"
SMCI,40.44,2026-09-11,7,Call,42.00,-5.45%,0.86,0.89,0.9,1529,1008,1.52,71.04%,67.87%,0.358849,"12:12 ET"
PLTR,175.52,2026-09-11,7,Put,177.50,+1.21%,5.05,5.1,5.15,2022,1332,1.52,45.43%,41.10%,-0.569537,"12:12 ET"
GFS,45.03,2026-09-18,14,Call,50.00,-11.48%,0.35,0.4,0.4,2033,1337,1.52,50.67%,51.40%,0.163486,"12:09 ET"
SNOW,345.89,2026-09-04,0,Call,345.00,+0.44%,1.9,2,2.09,2697,1778,1.52,41.43%,27.20%,0.510903,"12:12 ET"
AAPL,321.01,2026-09-11,7,Put,320.00,-0.31%,4.15,4.19,4.25,2950,1939,1.52,24.75%,27.26%,-0.449986,"12:12 ET"
AAPL,321.01,2026-09-11,7,Call,320.00,+0.31%,5.45,5.53,5.55,6231,4112,1.52,24.75%,27.14%,0.551444,"12:12 ET"
SNDK,1699.49,2026-09-04,0,Call,"1,625.00",+3.63%,75.1,75.4,76.1,673,445,1.51,73.07%,48.07%,0.965576,"12:12 ET"
NVDA,231.3,2026-09-11,7,Put,222.50,-3.66%,1.27,1.29,1.29,3808,2515,1.51,33.81%,34.40%,-0.202844,"12:11 ET"
MU,999.71,2026-09-09,5,Call,970.00,+2.78%,40.35,39.42,40.65,545,364,1.5,60.61%,43.45%,0.751436,"12:11 ET"
BE,244.37,2026-09-04,0,Put,232.50,-4.75%,2.25,2.3,2.33,562,374,1.5,84.38%,136.20%,-0.221915,"12:11 ET"
ASTS,62.21,2026-09-11,7,Call,73.00,-16.82%,0.2,0.21,0.24,567,378,1.5,72.92%,77.18%,0.076618,"12:06 ET"
SKHY,171.38,2026-09-11,7,Put,152.50,-10.58%,0.5,0.55,0.62,1154,770,1.5,59.77%,62.70%,-0.080048,"11:59 ET"
CRM,259.96,2026-09-11,7,Call,267.50,-2.93%,2.08,2.05,2.21,1345,898,1.5,37.66%,34.12%,0.286499,"12:07 ET"
COIN,185.35,2026-09-04,0,Put,187.50,+0.63%,2.39,2.5,2.66,1744,1165,1.5,63.77%,33.59%,-0.726542,"12:10 ET"
TSLA,352.16,2026-09-04,0,Call,347.50,+1.20%,5.1,5.2,5.3,2825,1879,1.5,39.93%,24.04%,0.870863,"12:12 ET"
CBRS,212.5,2026-10-16,42,Call,220.00,-4.13%,17.7,18,18.8,675,454,1.49,73.63%,73.94%,0.499244,"12:11 ET"
COST,914.9,2026-10-16,42,Put,760.00,-16.96%,0.54,0.65,0.65,559,377,1.48,22.37%,27.38%,-0.018637,"12:11 ET"
MSFT,500.85,2026-09-11,7,Put,495.00,-1.14%,3.05,3.2,3.35,764,515,1.48,23.69%,21.15%,-0.327667,"12:11 ET"
ARM,251.92,2026-09-11,7,Call,260.00,-3.27%,4.6,4.8,5,1117,753,1.48,60.49%,57.91%,0.363391,"12:06 ET"
NVDA,231.3,2026-09-16,12,Call,250.00,-8.24%,0.59,0.61,0.62,1280,862,1.48,33.81%,32.26%,0.097324,"12:08 ET"
NVDA,231.3,2026-09-14,10,Put,225.00,-2.58%,2.2,2.2,2.24,1447,980,1.48,33.81%,31.28%,-0.288675,"12:10 ET"
BABA,112.74,2026-09-11,7,Call,113.00,+0.07%,2.17,2.15,2.29,1779,1203,1.48,40.96%,36.15%,0.506241,"12:11 ET"
KO,88.23,2026-09-11,7,Call,90.00,-1.82%,0.18,0.19,0.21,2297,1554,1.48,17.76%,15.57%,0.188434,"12:01 ET"
SPCX,148.88,2026-09-11,7,Call,157.50,-5.56%,1.06,1.09,1.08,3471,2348,1.48,48.80%,47.33%,0.202177,"12:11 ET"
TGT,163.99,2026-09-11,7,Put,162.50,-0.61%,1.4,1.5,1.65,542,369,1.47,28.59%,23.46%,-0.396419,"12:09 ET"
NVDA,231.3,2026-09-09,5,Put,197.50,-14.49%,0.08,0.1,0.1,678,462,1.47,33.81%,62.78%,-0.014621,"12:08 ET"
PATH,15.25,2026-09-11,7,Call,16.50,-8.48%,0.15,0.15,0.18,696,472,1.47,58.46%,64.14%,0.220201,"12:11 ET"
PANW,332.21,2026-09-04,0,Put,327.50,-1.16%,0.1,0.13,0.22,737,501,1.47,45.12%,22.00%,-0.090296,"12:11 ET"
MU,999.71,2026-09-04,0,Call,975.00,+2.28%,26.85,26,27.2,3277,2231,1.47,60.61%,0.00%,0,"12:11 ET"
HPE,52.47,2026-10-16,42,Call,60.00,-14.70%,1.45,1.45,1.52,4108,2797,1.47,54.03%,55.34%,0.27039,"12:02 ET"
ORCL,157.77,2026-09-04,0,Call,157.50,+0.04%,0.98,1.05,1.07,7306,4984,1.47,66.57%,25.12%,0.575807,"12:11 ET"
MSTR,141.71,2026-09-04,0,Call,145.00,-2.00%,0.25,0.27,0.28,9871,6737,1.47,73.09%,39.94%,0.169767,"12:12 ET"
CRDO,169.09,2026-09-18,14,Call,175.00,-3.64%,7.2,7.5,7.7,691,473,1.46,70.92%,73.16%,0.444658,"11:38 ET"
AMZN,256.15,2026-09-09,5,Call,270.00,-5.40%,0.13,0.14,0.15,1728,1182,1.46,29.20%,25.79%,0.044568,"12:05 ET"
TSLA,352.16,2026-09-14,10,Call,400.00,-13.73%,0.53,0.55,0.56,1758,1204,1.46,39.93%,45.32%,0.050604,"12:09 ET"
TSLA,352.16,2026-09-11,7,Put,370.00,+5.20%,19.75,19.9,19.95,2728,1870,1.46,39.93%,42.27%,-0.788319,"12:12 ET"
NBIS,216.7,2026-09-04,0,Call,220.00,-2.17%,0.45,0.51,0.55,5555,3805,1.46,77.88%,37.88%,0.20945,"12:12 ET"
MSTR,141.71,2026-09-04,0,Call,142.00,+0.11%,1.05,1.1,1.14,9828,6728,1.46,73.09%,35.04%,0.522735,"12:12 ET"
NVDA,231.3,2026-09-11,7,Call,237.50,-2.83%,1.6,1.61,1.61,24277,16632,1.46,33.81%,30.71%,0.272012,"12:11 ET"
IBRX,8.13,2026-09-18,14,Call,8.50,-3.79%,0.25,0.28,0.3,541,372,1.45,72.42%,67.35%,0.391674,"11:51 ET"
MDB,375.25,2026-09-04,0,Call,390.00,-3.77%,0.04,0.13,0.25,1303,899,1.45,50.26%,42.55%,0.043115,"12:03 ET"
PSNL,16.76,2026-10-16,42,Call,17.50,-4.23%,0.6,0.6,0.7,2072,1430,1.45,42.52%,40.55%,0.418518,"12:06 ET"
AMD,472.16,2026-09-11,7,Put,470.00,0.00%,9.5,9.8,10.05,626,434,1.44,47.65%,44.81%,-0.433436,"12:12 ET"
AVGO,356.38,2026-09-09,5,Call,365.00,-2.49%,2.17,2.31,2.25,987,684,1.44,34.98%,32.72%,0.270027,"12:10 ET"
UNH,396.66,2026-09-04,0,Call,400.00,-0.86%,0.12,0.15,0.17,1312,913,1.44,30.73%,12.78%,0.113474,"12:07 ET"
MRVL,220.93,2026-09-04,0,Call,212.50,+3.73%,8.1,8.05,9,2712,1881,1.44,59.85%,45.80%,0.950411,"12:11 ET"
SPCX,148.88,2028-01-21,504,Put,50.00,-66.49%,1.6,1.65,1.71,832,581,1.43,48.80%,63.69%,-0.028863,"11:29 ET"
C,137.18,2026-09-04,0,Call,137.00,-0.24%,0.41,0.48,0.5,1236,867,1.43,28.48%,11.36%,0.616328,"12:12 ET"
AVGO,356.38,2026-09-11,7,Put,335.00,-5.93%,0.76,0.8,0.83,1260,882,1.43,34.98%,34.86%,-0.09643,"12:03 ET"
NVDA,231.3,2026-09-09,5,Put,222.50,-3.66%,0.6,0.6,0.61,3419,2396,1.43,33.81%,30.84%,-0.14009,"12:12 ET"
NVDA,231.3,2026-09-09,5,Put,220.00,-4.75%,0.38,0.38,0.39,8119,5659,1.43,33.81%,32.47%,-0.092577,"12:12 ET"
TSLA,352.16,2026-09-04,0,Put,365.00,+3.78%,12.7,12.9,13.05,15589,10903,1.43,39.93%,46.44%,-0.926369,"12:11 ET"
MU,999.71,2026-09-11,7,Call,970.00,+2.78%,46.8,47.28,47.65,602,424,1.42,60.61%,50.86%,0.694936,"12:12 ET"
AAPL,321.01,2026-09-09,5,Put,300.00,-6.54%,0.15,0.16,0.16,627,443,1.42,24.75%,32.02%,-0.032442,"12:11 ET"
PSKY,10.93,2026-12-18,105,Call,14.00,-27.04%,0.42,0.43,0.51,1000,702,1.42,49.24%,57.72%,0.2628,"11:50 ET"
AAPL,321.01,2026-09-18,14,Call,327.50,-2.02%,3.75,3.74,3.95,1013,713,1.42,24.75%,25.25%,0.364233,"12:08 ET"
HL,20.84,2026-09-11,7,Call,22.00,-5.36%,0.25,0.26,0.3,1214,856,1.42,62.78%,60.14%,0.270206,"11:39 ET"
SKHY,171.38,2026-09-04,0,Call,172.50,-1.14%,0.62,0.65,0.65,1574,1105,1.42,59.77%,29.31%,0.360088,"12:11 ET"
CPNG,15.19,2027-02-19,168,Call,17.00,-11.92%,1.31,1.42,1.53,500,355,1.41,44.30%,48.17%,0.453095,"09:45 ET"
META,612.2,2026-09-09,5,Call,640.00,-4.65%,0.83,0.86,0.86,529,374,1.41,34.15%,27.79%,0.092237,"12:12 ET"
NVDA,231.3,2026-09-11,7,Call,247.50,-7.16%,0.33,0.34,0.34,2051,1459,1.41,33.81%,33.11%,0.072302,"12:12 ET"
TSLA,352.16,2026-09-11,7,Put,365.00,+3.78%,15.75,15.8,15.85,3484,2477,1.41,39.93%,41.05%,-0.720453,"12:12 ET"
NVDA,231.3,2026-09-09,5,Call,247.50,-7.16%,0.13,0.13,0.14,5877,4180,1.41,33.81%,32.59%,0.038635,"12:09 ET"
NVDA,231.3,2026-10-16,42,Put,230.00,-0.42%,9.65,9.65,9.75,9377,6669,1.41,33.81%,34.06%,-0.450556,"12:11 ET"
WBD,28.27,2026-10-16,42,Put,26.00,-8.06%,0.3,0.31,0.43,24420,17325,1.41,27.82%,32.54%,-0.199323,"11:10 ET"
GOOGL,337.99,2026-09-09,5,Put,325.00,-3.85%,0.26,0.29,0.31,546,390,1.4,27.45%,23.34%,-0.069143,"12:11 ET"
LEU,171.97,2026-12-18,105,Call,240.00,-37.93%,9.8,10.99,13.3,609,435,1.4,68.65%,80.41%,0.300892,"11:56 ET"
META,612.2,2026-09-09,5,Call,625.00,-2.20%,2.99,3.12,3.05,655,467,1.4,34.15%,26.55%,0.265114,"12:11 ET"
SNOW,345.89,2026-09-11,7,Call,370.00,-6.77%,1.15,1.3,1.36,738,527,1.4,41.43%,42.61%,0.126873,"12:10 ET"
BA,211,2026-09-11,7,Call,212.50,-0.51%,2.23,2.31,2.46,771,550,1.4,29.07%,25.90%,0.429438,"12:07 ET"
DELL,521.24,2026-09-11,7,Call,525.00,-1.37%,14.7,14.69,14.85,997,714,1.4,59.61%,55.83%,0.487829,"12:12 ET"
MU,999.71,2026-10-16,42,Put,960.00,-3.78%,61,62.27,62.15,1149,821,1.4,60.61%,62.36%,-0.372371,"12:04 ET"
WMT,107.57,2026-09-04,0,Put,109.00,+1.27%,1.35,1.4,1.45,1192,849,1.4,21.48%,14.45%,-0.958716,"12:12 ET"
XYZ,83.09,2026-09-11,7,Call,85.00,-2.73%,0.81,0.83,0.94,1965,1400,1.4,38.48%,35.35%,0.334276,"12:06 ET"
ASTS,62.21,2026-09-04,0,Call,62.00,+0.78%,0.55,0.62,0.63,2458,1752,1.4,72.92%,34.26%,0.600252,"12:12 ET"
BHF,53.14,2026-09-18,14,Call,60.00,-13.12%,0.25,0.35,0.65,2925,2095,1.4,59.12%,56.86%,0.153332,"11:58 ET"
IREN,43.48,2026-09-11,7,Call,44.50,-2.87%,1.29,1.3,1.32,670,481,1.39,79.38%,72.52%,0.429868,"12:12 ET"
TSLA,352.16,2026-09-14,10,Call,385.00,-9.46%,1.12,1.14,1.18,820,588,1.39,39.93%,40.89%,0.103888,"12:07 ET"
CVNA,73.61,2026-09-11,7,Call,78.00,-6.48%,0.54,0.54,0.58,949,685,1.39,54.50%,47.89%,0.209107,"12:06 ET"
AAPL,321.01,2026-09-11,7,Call,317.50,+1.09%,6.85,6.97,7.05,1068,767,1.39,24.75%,27.18%,0.632139,"12:12 ET"
NVTS,11.64,2026-09-11,7,Call,12.50,-7.48%,0.17,0.19,0.2,1434,1035,1.39,77.53%,72.98%,0.269585,"12:12 ET"
LULU,100.39,2026-09-18,14,Call,115.00,-14.90%,0.22,0.21,0.4,1563,1125,1.39,40.96%,46.98%,0.077279,"12:03 ET"
XYZ,83.09,2026-09-11,7,Call,88.00,-6.36%,0.24,0.19,0.36,1908,1368,1.39,38.48%,37.19%,0.140558,"12:09 ET"
NFLX,79.18,2026-09-11,7,Call,83.00,-4.63%,0.25,0.26,0.26,4262,3068,1.39,34.07%,30.65%,0.149211,"12:12 ET"
NKE,38.42,2026-09-04,0,Call,38.50,-0.44%,0.11,0.11,0.13,4313,3103,1.39,40.21%,14.11%,0.521957,"12:12 ET"
MSTR,141.71,2026-09-04,0,Call,141.00,+0.81%,1.63,1.67,1.72,10899,7855,1.39,73.09%,34.62%,0.673804,"12:12 ET"
SPCX,148.88,2026-09-04,0,Call,150.00,-0.54%,0.24,0.24,0.26,41365,29773,1.39,48.80%,23.15%,0.238991,"12:12 ET"
AAPL,321.01,2026-09-11,7,Put,322.50,+0.47%,5.4,5.45,5.55,1082,786,1.38,24.75%,27.32%,-0.53225,"12:12 ET"
TSLA,352.16,2026-09-09,5,Put,375.00,+6.62%,23.35,23.61,23.8,3241,2355,1.38,39.93%,44.52%,-0.879339,"12:08 ET"
PCG,14.06,2028-01-21,504,Call,27.00,-92.17%,0.45,0.6,0.6,4196,3044,1.38,60.10%,43.66%,0.168673,"11:26 ET"
MRVL,220.93,2026-09-04,0,Call,225.00,-1.93%,0.16,0.17,0.17,8300,6026,1.38,59.85%,28.06%,0.107254,"12:12 ET"
AMZN,256.15,2026-09-11,7,Call,250.00,+2.41%,7.55,7.67,7.85,558,407,1.37,29.20%,25.87%,0.766293,"12:12 ET"
SOUN,6.66,2026-10-09,35,Call,7.00,-5.11%,0.35,0.39,0.46,629,459,1.37,63.09%,64.67%,0.450931,"11:52 ET"
AVGO,356.38,2026-09-11,7,Call,367.50,-3.19%,2.87,3.06,3,793,579,1.37,34.98%,35.92%,0.275722,"12:06 ET"
AMD,472.16,2026-09-04,0,Call,455.00,+3.19%,18.3,18,19.5,1159,847,1.37,47.65%,41.93%,0.969029,"12:10 ET"
MSTR,141.71,2026-09-11,7,Put,128.00,-9.95%,0.87,0.89,0.97,1242,907,1.37,73.09%,69.94%,-0.128247,"11:56 ET"
CRCL,101.86,2026-09-11,7,Call,100.00,+2.11%,5.1,5.05,5.3,1724,1260,1.37,79.07%,71.89%,0.605467,"12:07 ET"
HOOD,123.09,2026-09-04,0,Put,123.00,-0.69%,0.7,0.7,0.77,2613,1904,1.37,62.03%,30.00%,-0.484449,"12:12 ET"
SNOW,345.89,2026-09-04,0,Call,355.00,-2.44%,0.06,0.19,0.24,2826,2056,1.37,41.43%,34.32%,0.057385,"12:09 ET"
MSTR,141.71,2026-09-18,14,Put,123.00,-13.47%,1.36,1.42,1.47,630,463,1.36,73.09%,71.35%,-0.132963,"11:59 ET"
ZS,169.57,2026-09-11,7,Put,160.00,-5.16%,1.07,1.25,1.33,638,468,1.36,50.41%,48.88%,-0.185336,"12:11 ET"
TSLA,352.16,2026-09-18,14,Call,352.50,-0.22%,11.05,11.1,11.15,722,532,1.36,39.93%,39.67%,0.52089,"12:12 ET"
PANW,332.21,2027-12-17,469,Call,410.00,-23.74%,57.95,60,62.35,1359,1000,1.36,45.12%,53.31%,0.51665,"10:48 ET"
MEI,15.73,2026-10-16,42,Put,15.00,-5.78%,0.95,1.02,1.35,505,374,1.35,74.91%,72.06%,-0.374777,"09:56 ET"
MU,999.71,2026-09-09,5,Put,930.00,-6.79%,2.2,2.24,2.22,509,377,1.35,60.61%,47.71%,-0.084309,"12:12 ET"
INTC,95.44,2026-09-09,5,Put,91.00,-4.09%,0.53,0.53,0.55,753,558,1.35,57.20%,46.36%,-0.185954,"12:09 ET"
LITE,875.76,2026-09-04,0,Call,870.00,+0.31%,8,8.93,9.3,868,644,1.35,68.73%,30.62%,0.654154,"12:11 ET"
CHPT,10,2026-09-18,14,Call,12.00,-22.45%,0.35,0.38,0.45,869,644,1.35,101.34%,127.99%,0.286792,"12:03 ET"
COIN,185.35,2026-09-11,7,Put,185.00,-0.71%,5.5,5.7,5.95,875,650,1.35,63.77%,58.92%,-0.467826,"12:05 ET"
MU,999.71,2026-09-11,7,Put,900.00,-9.79%,2.42,2.51,2.48,1438,1066,1.35,60.61%,54.59%,-0.070775,"12:11 ET"
AMD,472.16,2027-03-19,196,Call,500.00,-6.38%,66.55,66.57,69.1,1542,1140,1.35,47.65%,53.91%,0.545835,"12:07 ET"
AVGO,356.38,2027-02-19,168,Call,400.00,-12.32%,24.65,25.05,25.5,562,420,1.34,34.98%,41.01%,0.408923,"12:10 ET"
GOOG,334.67,2026-09-11,7,Put,327.50,-2.17%,1.52,1.6,1.63,632,472,1.34,27.60%,23.83%,-0.238601,"12:10 ET"
TSLA,352.16,2026-09-11,7,Put,327.50,-6.89%,0.84,0.84,0.86,714,534,1.34,39.93%,40.67%,-0.090208,"12:09 ET"
CRCL,101.86,2026-09-04,0,Call,103.00,-0.82%,0.52,0.6,0.65,887,664,1.34,79.07%,45.05%,0.362914,"12:11 ET"
NIO,3.78,2026-09-11,7,Call,3.50,+7.16%,0.28,0.28,0.3,891,667,1.34,50.02%,40.28%,0.92223,"12:01 ET"
BMNR,25.05,2026-09-11,7,Call,25.00,+0.68%,1.01,1.02,1.04,2475,1853,1.34,75.42%,70.80%,0.534396,"12:10 ET"
DELL,521.24,2026-09-04,0,Call,535.00,-3.30%,0.34,0.35,0.4,3309,2461,1.34,59.61%,34.65%,0.086234,"12:12 ET"
APP,318.89,2026-09-04,0,Call,320.00,-1.21%,1.3,1.5,1.65,1160,872,1.33,53.25%,27.95%,0.433679,"12:12 ET"
TSLA,352.16,2026-09-25,21,Call,360.00,-2.35%,10.35,10.35,10.45,1255,947,1.33,39.93%,39.84%,0.438694,"12:12 ET"
TJX,132.8,2026-10-16,42,Call,140.00,-5.99%,1.4,1.49,1.5,1541,1161,1.33,21.07%,21.30%,0.259104,"12:10 ET"
COHR,282.73,2026-09-04,0,Call,285.00,-0.81%,0.6,1.15,1,516,390,1.32,68.73%,30.86%,0.285615,"12:09 ET"
AMZN,256.15,2026-09-09,5,Put,247.50,-3.38%,0.33,0.33,0.34,572,434,1.32,29.20%,23.61%,-0.098984,"12:10 ET"
SNDK,1699.49,2026-09-04,0,Call,"1,620.00",+3.92%,79.5,78.4,81.3,664,502,1.32,73.07%,47.29%,0.975833,"12:08 ET"
MU,999.71,2026-09-11,7,Call,975.00,+2.28%,43.75,42.75,44.05,704,532,1.32,60.61%,50.77%,0.669134,"12:07 ET"
AAPL,321.01,2026-10-02,28,Call,355.00,-10.59%,0.74,0.79,0.82,705,533,1.32,24.75%,24.60%,0.080644,"12:06 ET"
HOOD,123.09,2026-09-04,0,Call,121.00,+2.30%,2.06,2.15,2.46,1402,1059,1.32,62.03%,34.20%,0.831464,"12:08 ET"
IREN,43.48,2026-09-18,14,Call,42.00,+2.91%,3.3,3.4,3.45,3777,2867,1.32,79.38%,76.20%,0.62327,"12:09 ET"
PYPL,54.77,2026-09-04,0,Call,55.00,-0.35%,0.12,0.15,0.17,3780,2863,1.32,34.02%,20.88%,0.360347,"12:05 ET"
CRWV,88.07,2026-09-11,7,Call,98.00,-11.59%,0.52,0.55,0.55,593,454,1.31,69.29%,67.63%,0.134095,"12:10 ET"
AVGO,356.38,2026-09-11,7,Put,342.50,-3.83%,1.73,1.79,1.93,646,495,1.31,34.98%,33.92%,-0.193455,"12:01 ET"
AAOI,105.78,2026-09-11,7,Call,105.00,+0.49%,4.9,5.14,5.3,689,525,1.31,85.78%,80.69%,0.549052,"12:00 ET"
MU,999.71,2026-10-02,28,Call,"1,200.00",-20.28%,17.5,18.5,18.5,785,598,1.31,60.61%,66.51%,0.19203,"12:12 ET"
DELL,521.24,2026-09-11,7,Call,550.00,-6.20%,6.45,6.5,6.6,1121,855,1.31,59.61%,57.15%,0.268996,"12:12 ET"
CBRS,212.5,2026-09-11,7,Call,200.00,+5.34%,14.6,15.27,16,1960,1491,1.31,73.63%,66.87%,0.755638,"12:08 ET"
SNDK,1699.49,2026-09-04,0,Call,"1,600.00",+5.11%,98.2,100,102.5,2835,2160,1.31,73.07%,56.26%,0.981631,"12:12 ET"
NVDA,231.3,2026-10-02,28,Call,235.00,-1.75%,6.8,6.92,6.95,4993,3810,1.31,33.81%,32.81%,0.455363,"12:11 ET"
OKLO,40.9,2026-09-04,0,Call,40.50,+0.71%,0.49,0.6,0.57,506,390,1.3,71.56%,33.59%,0.718194,"12:08 ET"
MU,999.71,2026-09-11,7,Put,940.00,-5.78%,7.1,7.2,7.2,534,412,1.3,60.61%,52.36%,-0.176297,"12:11 ET"
F,14.53,2026-10-09,35,Call,15.00,-3.23%,0.36,0.41,0.43,537,412,1.3,32.08%,32.79%,0.397977,"11:44 ET"
AMD,472.16,2026-09-14,10,Call,500.00,-6.38%,4.3,4.6,4.6,562,431,1.3,47.65%,42.45%,0.23607,"12:12 ET"
PLTR,175.52,2026-09-11,7,Put,157.50,-10.19%,0.27,0.28,0.28,647,499,1.3,45.43%,49.33%,-0.053003,"12:05 ET"
ZS,169.57,2026-09-18,14,Put,155.00,-8.12%,1.31,1.5,1.6,674,520,1.3,50.41%,49.25%,-0.161455,"12:06 ET"
CVS,97.12,2026-09-11,7,Call,98.00,-0.95%,0.74,0.89,0.92,1387,1066,1.3,26.97%,22.67%,0.392368,"11:55 ET"
BE,244.37,2026-09-04,0,Call,260.00,-6.51%,2.54,2.64,2.67,1578,1217,1.3,84.38%,153.07%,0.236999,"12:12 ET"
TSM,426.1,2026-09-04,0,Call,427.50,-0.37%,0.37,0.45,0.5,2110,1628,1.3,32.87%,10.60%,0.29462,"12:11 ET"
EAT,232.32,2026-09-18,14,Call,270.00,-16.63%,0.25,0.44,0.5,573,443,1.29,44.48%,44.60%,0.046266,"12:06 ET"
XYZ,83.09,2026-09-11,7,Call,86.00,-3.94%,0.54,0.58,0.66,664,515,1.29,38.48%,35.36%,0.252457,"12:03 ET"
IREN,43.48,2026-09-11,7,Call,42.50,+1.76%,2.23,2.15,2.32,960,744,1.29,79.38%,72.96%,0.610321,"11:58 ET"
BAC,62.69,2026-09-11,7,Put,61.00,-2.37%,0.14,0.15,0.16,1173,907,1.29,23.34%,20.30%,-0.159807,"12:10 ET"
TSLA,352.16,2026-09-09,5,Call,382.50,-8.75%,0.52,0.52,0.54,1277,989,1.29,39.93%,45.43%,0.065939,"12:11 ET"
BA,211,2026-09-04,0,Call,212.50,-0.51%,0.13,0.18,0.21,3028,2354,1.29,29.07%,15.08%,0.187956,"12:11 ET"
AMZN,256.15,2026-09-11,7,Call,265.00,-3.45%,0.97,0.97,0.98,11720,9094,1.29,29.20%,26.58%,0.19081,"12:12 ET"
SKHY,171.38,2026-09-11,7,Call,190.00,-11.40%,0.7,0.7,0.8,506,395,1.28,59.77%,58.87%,0.114009,"12:09 ET"
NBIS,216.7,2026-09-11,7,Call,215.00,+0.15%,9.2,9.38,9.6,656,512,1.28,77.88%,71.95%,0.549727,"12:11 ET"
AMD,472.16,2027-09-17,378,Put,330.00,-29.79%,27.65,28.56,28.75,1502,1169,1.28,47.65%,53.69%,-0.159174,"11:35 ET"
RDDT,154.82,2026-09-04,0,Call,157.50,-1.90%,0.07,0.1,0.11,1723,1348,1.28,56.51%,24.39%,0.097758,"12:12 ET"
IREN,43.48,2026-09-04,0,Call,42.50,+1.76%,0.97,1.02,1.1,3278,2558,1.28,79.38%,40.16%,0.862933,"12:09 ET"
PLTR,175.52,2026-09-11,7,Put,162.50,-7.34%,0.56,0.58,0.58,3894,3031,1.28,45.43%,45.43%,-0.10516,"12:11 ET"
TSLA,352.16,2026-09-11,7,Put,340.00,-3.33%,2.77,2.78,2.8,4671,3639,1.28,39.93%,38.97%,-0.24161,"12:12 ET"
PLTR,175.52,2026-09-04,0,Call,175.00,+0.21%,0.91,0.94,0.98,4980,3904,1.28,45.43%,20.33%,0.583875,"12:12 ET"
CRML,7.43,2026-09-18,14,Call,9.00,-21.95%,0.15,0.1,0.2,526,413,1.27,97.79%,108.20%,0.21504,"11:17 ET"
AVGO,356.38,2026-09-04,0,Put,362.50,+1.79%,6.2,6.45,6.65,586,461,1.27,34.98%,20.52%,-0.952889,"12:11 ET"
GPRO,1.765,2026-10-16,42,Put,2.0000,+14.61%,0.5,0.55,0.6,645,508,1.27,182.51%,180.62%,-0.437576,"11:53 ET"
VRT,274.83,2026-10-16,42,Put,260.00,-5.36%,11.25,11.9,12.35,753,593,1.27,52.09%,51.80%,-0.335218,"12:01 ET"
NVO,46.66,2026-09-04,0,Call,46.50,+0.36%,0.21,0.24,0.27,1240,980,1.27,35.04%,15.81%,0.655772,"12:12 ET"
MSFT,500.85,2026-09-09,5,Put,500.00,-0.14%,3.65,3.85,3.95,1308,1030,1.27,23.69%,18.79%,-0.451488,"12:08 ET"
TSLA,352.16,2026-09-09,5,Put,370.00,+5.20%,18.75,19.1,18.95,2102,1659,1.27,39.93%,40.51%,-0.842382,"12:07 ET"
NBIS,216.7,2026-09-04,0,Call,215.00,+0.15%,2.36,2.55,2.61,7551,5934,1.27,77.88%,36.58%,0.645051,"12:11 ET"
NVDA,231.3,2026-09-11,7,Call,232.50,-0.67%,3.3,3.35,3.35,31762,25020,1.27,33.81%,30.64%,0.457476,"12:12 ET"
BIDU,98.43,2026-09-11,7,Call,105.00,-6.53%,0.43,0.5,0.51,694,551,1.26,41.40%,43.47%,0.155666,"12:00 ET"
MU,999.71,2026-09-11,7,Call,"1,040.00",-4.24%,14.6,14.2,14.8,777,619,1.26,60.61%,52.50%,0.321887,"12:11 ET"
TSLA,352.16,2026-09-09,5,Put,325.00,-7.60%,0.26,0.29,0.28,792,629,1.26,39.93%,40.16%,-0.039717,"12:11 ET"
ORCL,157.77,2026-09-11,7,Put,155.00,-1.62%,7.1,7.27,7.25,1194,949,1.26,66.57%,99.18%,-0.4187,"12:07 ET"
CBRS,212.5,2026-09-18,14,Call,220.00,-4.13%,8.3,9.01,9.5,1224,973,1.26,73.63%,72.94%,0.431622,"12:12 ET"
ASTS,62.21,2026-09-11,7,Call,75.00,-20.02%,0.15,0.17,0.17,1250,989,1.26,72.92%,81.31%,0.055899,"11:58 ET"
SNOW,345.89,2026-09-04,0,Call,350.00,-1.00%,0.48,0.54,0.6,1857,1469,1.26,41.43%,30.01%,0.184968,"12:12 ET"
HPE,52.47,2026-11-20,77,Put,50.00,-4.42%,3.8,3.85,3.9,2192,1736,1.26,54.03%,54.36%,-0.369665,"12:09 ET"
IREN,43.48,2026-09-11,7,Call,44.00,-1.71%,1.49,1.52,1.54,3265,2592,1.26,79.38%,72.68%,0.474558,"12:12 ET"
UBER,75.41,2026-09-11,7,Put,73.00,-3.08%,0.37,0.42,0.4,3586,2839,1.26,34.03%,31.91%,-0.201682,"12:08 ET"
NVDA,231.3,2026-09-11,7,Put,227.50,-1.50%,2.56,2.55,2.58,6460,5118,1.26,33.81%,32.94%,-0.352512,"12:11 ET"
AMAT,454.86,2027-03-19,196,Call,820.00,-80.35%,9.15,9.89,11,500,399,1.25,50.48%,57.33%,0.125506,"10:08 ET"
IONQ,39.44,2026-09-04,0,Call,39.50,-0.23%,0.18,0.24,0.27,513,410,1.25,72.13%,31.38%,0.462306,"11:55 ET"
LULU,100.39,2026-09-25,21,Put,100.00,-0.09%,3.5,3.8,3.8,518,416,1.25,40.96%,40.68%,-0.46107,"12:05 ET"
MSFT,500.85,2026-09-11,7,Put,505.00,+0.86%,7.75,7.9,8.15,545,437,1.25,23.69%,21.30%,-0.593935,"12:09 ET"
EPD,39.04,2026-09-04,0,Call,39.00,+0.10%,0.04,0.11,0.14,557,447,1.25,15.83%,10.61%,0.516693,"12:08 ET"
CHPT,10,2026-09-18,14,Put,9.00,-8.16%,0.5,0.5,0.55,1592,1270,1.25,101.34%,131.61%,-0.282586,"12:12 ET"
CIFR,17.68,2026-10-16,42,Put,17.00,-4.12%,1.74,1.77,1.81,2079,1667,1.25,90.10%,90.56%,-0.387565,"12:09 ET"
NKE,38.42,2026-09-04,0,Call,38.00,+0.86%,0.51,0.52,0.52,3488,2782,1.25,40.21%,15.16%,0.956814,"12:12 ET"
PL,18.08,2026-09-11,7,Put,18.00,-2.01%,0.55,0.65,0.65,534,432,1.24,70.21%,70.32%,-0.432164,"12:06 ET"
CLSK,12.6,2026-09-11,7,Put,12.00,-4.46%,0.23,0.25,0.27,621,501,1.24,78.32%,73.01%,-0.294894,"12:08 ET"
BAC,62.69,2026-09-25,21,Call,63.00,-0.83%,1.1,1.12,1.13,677,545,1.24,23.34%,20.57%,0.477476,"12:11 ET"
JPM,358.08,2026-09-04,0,Call,357.50,-0.06%,0.9,1.2,1.12,765,616,1.24,22.99%,9.72%,0.61395,"12:10 ET"
PATH,15.25,2026-09-11,7,Put,16.00,+5.19%,0.87,0.98,1,1350,1088,1.24,58.46%,63.18%,-0.668484,"12:11 ET"
NFLX,79.18,2026-09-11,7,Put,81.00,+2.11%,2.32,2.36,2.4,1874,1514,1.24,34.07%,30.97%,-0.679583,"12:10 ET"
PATH,15.25,2026-09-11,7,Put,15.00,-1.38%,0.28,0.37,0.36,2203,1778,1.24,58.46%,56.45%,-0.370693,"12:11 ET"
CRWD,212.9,2026-09-04,0,Put,210.00,-1.28%,0.16,0.17,0.2,2388,1930,1.24,49.41%,24.68%,-0.130667,"12:12 ET"
MU,999.71,2026-09-18,14,Call,"1,150.00",-15.27%,7,7,7.15,2857,2298,1.24,60.61%,58.54%,0.12922,"12:10 ET"
RKLB,64.14,2026-09-11,7,Call,70.00,-8.81%,0.44,0.45,0.47,3663,2944,1.24,66.19%,61.26%,0.163981,"12:11 ET"
MU,999.71,2026-09-18,14,Call,"1,040.00",-4.24%,27.85,27.6,28.15,4402,3551,1.24,60.61%,54.94%,0.390942,"12:10 ET"
INTC,95.44,2026-09-04,0,Call,93.00,+1.98%,2.34,2.47,2.53,13681,11055,1.24,57.20%,37.48%,0.901507,"12:11 ET"
"Downloaded from Barchart.com as of 09-04-2026 11:47am CDT"
